s_m,x_m,y_m,psi_rad,kappa_radpm,vx_mps,ax_mps2,speed_limit_mps,speed_zone,w_tr_right_m,w_tr_left_m
0.000000000,0.106211745,0.171355458,0.025378934,0.019148077,4.000000000,0.000000000,6.000000000,straight_acceleration,0.692500000,0.657500000
0.070063185,0.176251362,0.173174280,0.026459249,0.011690145,4.000000000,0.000000000,6.000000000,straight_acceleration,0.696679751,0.664616852
0.140126371,0.246289396,0.175050465,0.027017030,0.004232101,4.000000000,0.000000000,6.000000000,straight_acceleration,0.701156557,0.676557696
0.210189556,0.316326878,0.176947417,0.027052277,-0.003225954,4.000000000,0.000000000,6.000000000,straight_acceleration,0.703717208,0.689098853
0.280252742,0.386364839,0.178828543,0.026565684,-0.010452523,4.000000000,0.000000000,6.000000000,straight_acceleration,0.702148907,0.698017372
0.350315927,0.456404184,0.180660066,0.025666701,-0.015209525,4.000000000,0.000000000,6.000000000,straight_acceleration,0.695075228,0.700574327
0.420379113,0.526445433,0.182416953,0.024434424,-0.019966609,4.000000000,0.000000000,6.000000000,straight_acceleration,0.683711524,0.698629493
0.490442298,0.596489027,0.184075854,0.022868848,-0.024723730,4.000000000,0.000000000,6.000000000,straight_acceleration,0.669773664,0.694930744
0.560505484,0.666535409,0.185613437,0.020973719,-0.028857246,4.000000000,0.000000000,6.000000000,straight_acceleration,0.654976794,0.692221745
0.630568669,0.736584829,0.187011089,0.018912683,-0.029976279,4.000000000,0.000000000,6.000000000,straight_acceleration,0.640807567,0.691919890
0.700631855,0.806637077,0.188261619,0.016773233,-0.031095569,4.000000000,0.000000000,6.000000000,straight_acceleration,0.628199976,0.692234712
0.770695040,0.876691871,0.189359526,0.014555355,-0.032215079,4.000000000,0.000000000,6.000000000,straight_acceleration,0.618006112,0.690900332
0.840758226,0.946748930,0.190299345,0.012264988,-0.032673635,4.000000000,0.000000000,6.000000000,straight_acceleration,0.611073886,0.685662419
0.910821411,1.016807937,0.191079647,0.010026625,-0.031221768,4.000000000,0.000000000,6.000000000,straight_acceleration,0.607779778,0.675571122
0.980884597,1.086868509,0.191706694,0.007889980,-0.029770025,4.000000000,0.000000000,6.000000000,straight_acceleration,0.607602277,0.662161338
1.050947782,1.156930253,0.192187608,0.005855042,-0.028318467,4.000000000,0.000000000,6.000000000,straight_acceleration,0.609919121,0.647246757
1.121010968,1.226992777,0.192529516,0.003922321,-0.026823672,4.000000000,0.000000000,6.000000000,straight_acceleration,0.614096348,0.632622268
1.191074153,1.297055765,0.192739781,0.002098248,-0.025245609,4.000000000,0.000000000,6.000000000,straight_acceleration,0.618843648,0.619027774
1.261137338,1.367119008,0.192826118,0.000384739,-0.023667569,4.000000000,0.000000000,6.000000000,straight_acceleration,0.621878692,0.605608655
1.331200524,1.437182311,0.192796275,-0.001218210,-0.022089597,4.000000000,0.000000000,6.000000000,straight_acceleration,0.620836711,0.591377778
1.401263709,1.507245477,0.192657920,-0.002718211,-0.021018481,4.000000000,0.000000000,6.000000000,straight_acceleration,0.613430858,0.575408615
1.471326895,1.577308338,0.192416209,-0.004176993,-0.020623345,4.000000000,0.000000000,6.000000000,straight_acceleration,0.599949935,0.558777947
1.541390080,1.647370766,0.192073261,-0.005608090,-0.020228238,4.000000000,0.000000000,6.000000000,straight_acceleration,0.583787564,0.544977439
1.611453266,1.717432633,0.191631018,-0.007011506,-0.019833169,4.000000000,0.000000000,6.000000000,straight_acceleration,0.568522281,0.537642582
1.681516451,1.787493813,0.191091449,-0.008384673,-0.019295375,4.000000000,0.000000000,6.000000000,straight_acceleration,0.557641481,0.540212065
1.751579637,1.857554198,0.190457191,-0.009713005,-0.018622711,4.000000000,0.000000000,6.000000000,straight_acceleration,0.552669460,0.551885720
1.821642822,1.927613698,0.189731522,-0.010994209,-0.017950081,4.000000000,0.000000000,6.000000000,straight_acceleration,0.553238677,0.567778387
1.891706008,1.997672226,0.188917743,-0.012228288,-0.017277493,4.000000000,0.000000000,6.000000000,straight_acceleration,0.558904704,0.582838894
1.961769193,2.067729698,0.188019342,-0.013402115,-0.015980134,4.000000000,0.000000000,6.000000000,straight_acceleration,0.569138326,0.592289998
2.031832379,2.137786109,0.187042559,-0.014461686,-0.014266000,4.000000000,0.000000000,6.000000000,straight_acceleration,0.582140956,0.595455489
2.101895564,2.207841515,0.185995753,-0.015401159,-0.012551875,4.000000000,0.000000000,6.000000000,straight_acceleration,0.595136499,0.594817253
2.171958750,2.277895973,0.184887339,-0.016220536,-0.010837773,4.000000000,0.000000000,6.000000000,straight_acceleration,0.605323691,0.592938479
2.242021935,2.347949549,0.183725955,-0.016905820,-0.008540842,4.000000000,0.000000000,6.000000000,straight_acceleration,0.610166910,0.592207137
2.312085120,2.418002402,0.182522674,-0.017414388,-0.005976567,4.000000000,0.000000000,6.000000000,straight_acceleration,0.610016107,0.593107865
2.382148306,2.488054747,0.181290059,-0.017743295,-0.003412290,4.000000000,0.000000000,6.000000000,straight_acceleration,0.606991053,0.594957917
2.452211491,2.558106801,0.180040696,-0.017892540,-0.000848014,4.000000000,0.000000000,6.000000000,straight_acceleration,0.603237151,0.597057641
2.522274677,2.628158781,0.178787136,-0.017864073,0.001644129,4.000000000,0.000000000,6.000000000,straight_acceleration,0.600676269,0.598778880
2.592337862,2.698210900,0.177541644,-0.017662326,0.004114878,4.000000000,0.000000000,6.000000000,straight_acceleration,0.599416684,0.600073525
2.662401048,2.768263370,0.176316349,-0.017287470,0.006585627,4.000000000,0.000000000,6.000000000,straight_acceleration,0.598686013,0.601175131
2.732464233,2.838316403,0.175123377,-0.016739506,0.009056370,4.000000000,0.000000000,6.000000000,straight_acceleration,0.597706040,0.602319119
2.802527419,2.908370204,0.173975131,-0.016004576,0.011988720,4.000000000,0.000000000,6.000000000,straight_acceleration,0.595881636,0.603690835
2.872590604,2.978424952,0.172885731,-0.015059182,0.014998156,4.000000000,0.000000000,6.000000000,straight_acceleration,0.593748281,0.605166396
2.942653790,3.048480811,0.171869946,-0.013902938,0.018007588,4.000000000,0.000000000,6.000000000,straight_acceleration,0.592272584,0.606504001
3.012716975,3.118537946,0.170942548,-0.012535843,0.021016963,4.000000000,0.000000000,6.000000000,straight_acceleration,0.592422008,0.607461619
3.082780161,3.188596489,0.170119726,-0.010893581,0.025974153,4.000000000,0.000000000,6.000000000,straight_acceleration,0.594667213,0.607863457
3.152843346,3.258656417,0.169424401,-0.008895925,0.031050131,4.000000000,0.000000000,6.000000000,straight_acceleration,0.597117653,0.607848558
3.222906532,3.328717661,0.168881492,-0.006542625,0.036126184,4.000000000,0.000000000,6.000000000,straight_acceleration,0.597182017,0.607649405
3.292969717,3.398780150,0.168515917,-0.003833697,0.041188315,4.000000000,0.000000000,6.000000000,straight_acceleration,0.592268908,0.607498490
3.363032903,3.468843658,0.168352168,-0.000786963,0.045782245,4.000000000,0.000000000,6.000000000,straight_acceleration,0.580962549,0.607552155
3.433096088,3.538907377,0.168413160,0.002581680,0.050377238,4.000000000,0.000000000,6.000000000,straight_acceleration,0.566166851,0.607686917
3.503159273,3.608970367,0.168721450,0.006272288,0.054972896,4.000000000,0.000000000,6.000000000,straight_acceleration,0.551777630,0.607715044
3.573222459,3.679031686,0.169299588,0.010283078,0.059114147,4.000000000,0.000000000,6.000000000,straight_acceleration,0.541689123,0.607448853
3.643285644,3.749090272,0.170165633,0.014446272,0.059725913,4.000000000,0.000000000,6.000000000,straight_acceleration,0.538330994,0.606747915
3.713348830,3.819144720,0.171324842,0.018652395,0.060339394,4.000000000,0.000000000,6.000000000,straight_acceleration,0.539955910,0.605606571
3.783412015,3.889193562,0.172780203,0.022901555,0.060954505,4.000000000,0.000000000,6.000000000,straight_acceleration,0.544076760,0.604043033
3.853475201,3.959235331,0.174534660,0.027184491,0.060233491,4.000000000,0.000000000,6.000000000,straight_acceleration,0.548211134,0.602075639
3.923538386,4.029269000,0.176581878,0.031191720,0.054154760,4.000000000,0.000000000,6.000000000,straight_acceleration,0.550876039,0.599750045
3.993601572,4.099294513,0.178894813,0.034773062,0.048076353,4.000000000,0.000000000,6.000000000,straight_acceleration,0.552819698,0.597172888
4.063664757,4.169311946,0.181443613,0.037928566,0.041998969,4.000000000,0.000000000,6.000000000,straight_acceleration,0.555092442,0.594459064
4.133727943,4.239321384,0.184198369,0.040649429,0.035035551,4.000000000,0.000000000,6.000000000,straight_acceleration,0.558731941,0.591723109
4.203791128,4.309323536,0.187124028,0.042782399,0.025851309,4.000000000,0.000000000,6.000000000,straight_acceleration,0.563670624,0.589048261
4.273854314,4.379320214,0.190176470,0.044271876,0.016666747,4.000000000,0.000000000,6.000000000,straight_acceleration,0.567892527,0.586462578
4.343917499,4.449313344,0.193310649,0.045117852,0.007482206,4.000000000,0.000000000,6.000000000,straight_acceleration,0.569183209,0.583988499
4.413980685,4.519304844,0.196481671,0.045337617,-0.000373100,4.000000000,0.000000000,6.000000000,straight_acceleration,0.565375279,0.581646526
4.484043870,4.589296354,0.199651589,0.045115171,-0.005976750,4.000000000,0.000000000,6.000000000,straight_acceleration,0.556484944,0.579367329
4.554107056,4.659289124,0.202792195,0.044500115,-0.011580426,4.000000000,0.000000000,6.000000000,straight_acceleration,0.545588976,0.576955666
4.624170241,4.729284376,0.205876009,0.043492449,-0.017184094,4.000000000,0.000000000,6.000000000,straight_acceleration,0.535992885,0.574206882
4.694233426,4.799283308,0.208875951,0.042129754,-0.020439690,4.000000000,0.000000000,6.000000000,straight_acceleration,0.530917791,0.570924282
4.764296612,4.869286521,0.211776322,0.040681410,-0.020904188,4.000000000,0.000000000,6.000000000,straight_acceleration,0.531186125,0.567137342
4.834359797,4.939293940,0.214574164,0.039200519,-0.021368790,4.000000000,0.000000000,6.000000000,straight_acceleration,0.534935903,0.563128654
4.904422983,5.009305457,0.217267189,0.037687072,-0.021833491,4.000000000,0.000000000,6.000000000,straight_acceleration,0.540163380,0.559194177
4.974486168,5.079320953,0.219853497,0.036171525,-0.020695733,4.000000000,0.000000000,6.000000000,straight_acceleration,0.544923674,0.555622555
5.044549354,5.149340098,0.222338510,0.034808702,-0.018206927,4.000000000,0.000000000,6.000000000,straight_acceleration,0.548389238,0.552563628
5.114612539,5.219362377,0.224734202,0.033620252,-0.015718136,4.000000000,0.000000000,6.000000000,straight_acceleration,0.550732343,0.550043031
5.184675725,5.289387267,0.227052780,0.032606173,-0.013229390,4.000000000,0.000000000,6.000000000,straight_acceleration,0.552160530,0.548082017
5.254738910,5.359414265,0.229305988,0.031734881,-0.012175585,4.000000000,0.000000000,6.000000000,straight_acceleration,0.552900596,0.546685213
5.324802096,5.429443129,0.231499360,0.030888996,-0.011970768,4.000000000,0.000000000,6.000000000,straight_acceleration,0.553437477,0.545634349
5.394865281,5.499473802,0.233633998,0.030057461,-0.011765940,4.000000000,0.000000000,6.000000000,straight_acceleration,0.554440543,0.544551903
5.464928467,5.569506233,0.235710905,0.029240277,-0.011561103,4.000000000,0.000000000,6.000000000,straight_acceleration,0.556583153,0.543056906
5.534991652,5.639540403,0.237729697,0.028354095,-0.014688740,4.000000000,0.000000000,6.000000000,straight_acceleration,0.560382545,0.540821959
5.605054838,5.709576615,0.239676323,0.027168615,-0.019151554,4.000000000,0.000000000,6.000000000,straight_acceleration,0.564820493,0.538046509
5.675118023,5.779615357,0.241528971,0.025670454,-0.023614381,4.000000000,0.000000000,6.000000000,straight_acceleration,0.568006486,0.535229300
5.745181209,5.849657118,0.243265738,0.023859615,-0.028077090,4.000000000,0.000000000,6.000000000,straight_acceleration,0.568039972,0.532872521
5.815244394,5.919702336,0.244864819,0.021741295,-0.032354470,4.000000000,0.000000000,6.000000000,straight_acceleration,0.563261306,0.531382099
5.885307579,5.989751063,0.246305115,0.019326193,-0.036585932,4.000000000,0.000000000,6.000000000,straight_acceleration,0.553793273,0.530451724
5.955370765,6.059803179,0.247565847,0.016614608,-0.040817776,4.000000000,0.000000000,6.000000000,straight_acceleration,0.540558326,0.529455547
6.025433950,6.129858564,0.248626235,0.013606522,-0.045049710,4.000000000,0.000000000,6.000000000,straight_acceleration,0.524482707,0.527766209
6.095497136,6.199917015,0.249468573,0.010450515,-0.044491015,4.000000000,0.000000000,6.000000000,straight_acceleration,0.506755398,0.525061084
6.165560321,6.269977869,0.250092529,0.007374596,-0.043312639,4.000000000,0.000000000,6.000000000,straight_acceleration,0.490051595,0.522741324
6.235623507,6.340040300,0.250503872,0.004381213,-0.042135002,4.000000000,0.000000000,6.000000000,straight_acceleration,0.477568509,0.522813531
6.305686692,6.410103484,0.250708380,0.001470319,-0.040958174,4.000000000,0.000000000,6.000000000,straight_acceleration,0.472503917,0.527284967
6.375749878,6.480166712,0.250717612,-0.001103131,-0.032285599,4.000000000,-0.260052740,6.000000000,straight_acceleration,0.477077252,0.537414011
6.445813063,6.550229786,0.250568359,-0.003053516,-0.023389386,3.995442373,-3.000000000,6.000000000,straight_acceleration,0.489239565,0.551191774
6.515876249,6.620292647,0.250304290,-0.004380608,-0.014493295,3.942484069,-3.000000000,6.000000000,straight_acceleration,0.505778164,0.565718568
6.585939434,6.690355236,0.249969078,-0.005083783,-0.005278012,3.888804640,-3.000000000,6.000000000,straight_acceleration,0.523480416,0.578094762
6.656002620,6.760417583,0.249611819,-0.004944857,0.009243783,3.834373797,-3.000000000,6.000000000,straight_acceleration,0.539696167,0.585909584
6.726065805,6.830480014,0.249299937,-0.003788484,0.023765657,3.779159073,-3.000000000,6.000000000,straight_acceleration,0.553673953,0.588402443
6.796128991,6.900542915,0.249104716,-0.001614672,0.038287051,3.723125594,-3.000000000,6.000000000,straight_acceleration,0.565062526,0.585160586
6.866192176,6.970606675,0.249097440,0.001576561,0.052814148,3.666235818,-3.000000000,6.000000000,straight_acceleration,0.573510621,0.575773651
6.936255361,7.040670883,0.249349459,0.005787556,0.067389715,3.608449247,-3.000000000,6.000000000,straight_acceleration,0.578658774,0.561055263
7.006318547,7.110733041,0.249932293,0.011019951,0.081969982,3.549722081,-3.000000000,6.000000000,straight_acceleration,0.580125972,0.545034463
7.076381732,7.180790308,0.250917490,0.017273963,0.096551886,3.490006839,-3.000000000,5.711825043,straight_acceleration,0.577527709,0.532261960
7.146444918,7.250839838,0.252376540,0.024538437,0.109735769,3.429251904,-3.000000000,5.357734293,straight_acceleration,0.570486956,0.527271949
7.216508103,7.320877514,0.254371879,0.032524207,0.118215874,3.367401003,-3.000000000,5.161992607,straight_acceleration,0.559762325,0.532091107
7.286571289,7.390896606,0.256947281,0.041104700,0.126709800,3.304392591,-3.000000000,4.985975888,straight_acceleration,0.548454514,0.543574738
7.356634474,7.460890059,0.260144216,0.050280674,0.135212302,3.240159145,-3.000000000,4.826665173,straight_acceleration,0.539953394,0.557939643
7.426697660,7.530850792,0.264004179,0.060056593,0.144080597,3.174626304,-3.000000000,4.675763406,straight_acceleration,0.537609792,0.571425143
7.496760845,7.600769972,0.268570597,0.070491136,0.153762333,3.107711869,-3.000000000,4.526164109,straight_acceleration,0.542071486,0.581829411
7.566824031,7.670635899,0.273890047,0.081604896,0.163466080,3.039324587,-3.000000000,4.389766838,straight_acceleration,0.549575120,0.589494535
7.636887216,7.740436612,0.280009394,0.093399096,0.173180668,2.969362699,-3.000000000,4.264867780,straight_acceleration,0.555950775,0.594997068
7.706950402,7.810160005,0.286975897,0.105917519,0.185974372,2.897712153,-3.000000000,4.115558003,straight_acceleration,0.557124118,0.598923180
7.777013587,7.879788405,0.294851979,0.119560759,0.203437619,2.824244432,-3.000000000,3.934953867,straight_acceleration,0.552734499,0.602232595
7.847076773,7.949296908,0.303719762,0.134429632,0.220953776,2.748813834,-3.000000000,3.775761581,straight_acceleration,0.547244162,0.606370161
7.917139958,8.018660126,0.313662684,0.150526832,0.238485901,2.671254084,-3.000000000,3.634326344,straight_acceleration,0.545437536,0.612813137
7.987203144,8.087851822,0.324766463,0.168063380,0.268348373,2.591374012,-3.000000000,3.426145427,straight_acceleration,0.551921856,0.622982073
8.057266329,8.156824941,0.337172797,0.188377635,0.311416508,2.508952004,-3.000000000,3.180419895,straight_acceleration,0.566955122,0.636905684
8.127329514,8.225510849,0.351081392,0.211714579,0.354573524,2.423728749,-3.000000000,2.980589212,straight_acceleration,0.586288383,0.653170376
8.197392700,8.293839916,0.366694643,0.238075753,0.397549791,2.335397596,-3.000000000,2.814877580,straight_acceleration,0.605463934,0.670295748
8.267455885,8.361735934,0.384224409,0.268257636,0.480508803,2.243591501,-3.000000000,2.560381041,straight_acceleration,0.620417194,0.686861842
8.337519071,8.429013110,0.404040343,0.305963659,0.594939618,2.147864918,-3.000000000,2.301011726,straight_acceleration,0.633634985,0.702455974
8.407582256,8.495395176,0.426642372,0.351727636,0.710111482,2.047668087,-3.000000000,2.106163147,straight_acceleration,0.653013147,0.717497087
8.477645442,8.560603154,0.452534323,0.405546550,0.823150264,1.942309316,-3.000000000,1.956211088,straight_acceleration,0.686609532,0.732429038
8.547708627,8.624335520,0.482211774,0.467415127,0.939685224,1.830897695,-2.943069972,1.830897695,standard,0.741594993,0.747586149
8.617771813,8.686026090,0.516073398,0.538120467,1.071507056,1.714580022,-2.457280928,1.714580022,standard,0.814726679,0.762016813
8.687834998,8.744936685,0.554454904,0.618435418,1.213660128,1.611041525,-1.964741653,1.611041525,standard,0.895994316,0.773933746
8.757898184,8.800326203,0.597690925,0.708830029,1.357675125,1.523201456,-0.227297532,1.523201456,standard,0.975272622,0.781535466
8.827961369,8.851468646,0.646048140,0.806027250,1.376572392,1.512710249,-0.024097332,1.512710249,standard,1.042891128,0.783394234
8.898024555,8.897762997,0.699230952,0.903065698,1.378606704,1.511593737,-0.281194128,1.511593737,standard,1.092942487,0.781174685
8.968087740,8.938669935,0.756666180,1.001041348,1.402797545,1.498503558,-0.496092168,1.498503558,standard,1.121377119,0.778068086
9.038150926,8.973650577,0.817778681,1.101325653,1.447612079,1.475126204,1.357168608,1.475126204,standard,1.124158571,0.777276489
9.108214111,9.002278995,0.881980315,1.199813551,1.331263927,1.538236792,1.978844249,1.538236792,standard,1.098926122,0.781097939
9.178277297,9.024789071,0.948606998,1.288512682,1.191619761,1.625872287,2.276319051,1.625872287,standard,1.053107713,0.786549801
9.248340482,9.041653581,1.016967157,1.367830413,1.063315180,1.721171990,2.400000000,1.721171990,standard,0.997675356,0.788737518
9.318403667,9.053345631,1.086369176,1.438650845,0.951786323,1.816242359,2.400000000,1.819221361,standard,0.943605966,0.782763893
9.388466853,9.060380368,1.156209801,1.500455717,0.806441285,1.906577982,2.400000000,1.976372947,standard,0.899809321,0.765158578
9.458530038,9.063452749,1.226263677,1.551704327,0.654765931,1.992822844,2.400000000,2.193371721,standard,0.866354346,0.738553668
9.528593224,9.063305792,1.296406453,1.592304697,0.503078925,2.075486974,2.400000000,2.502287548,standard,0.840946907,0.707212368
9.598656409,9.060682479,1.366513791,1.622361636,0.362388314,2.154982475,2.400000000,2.948276324,standard,0.821292820,0.675397806
9.668719595,9.056194726,1.436484675,1.647108887,0.343433750,2.231647992,2.400000000,3.000000000,standard,0.804992406,0.646996447
9.738782780,9.050026954,1.506294170,1.670503974,0.324165033,2.305765827,2.400000000,3.000000000,standard,0.789301914,0.624666259
9.808845966,9.042276574,1.575932827,1.692537878,0.304728470,2.377574256,2.400000000,3.000000000,standard,0.771407561,0.610815157
9.878909151,9.033040946,1.645391183,1.713221080,0.287682186,2.447276574,2.400000000,3.000000000,standard,0.748501146,0.607846752
9.948972337,9.022398315,1.714655006,1.733250708,0.283985048,2.515047897,2.400000000,3.000000000,standard,0.720045839,0.616412925
10.019035522,9.010378529,1.783697983,1.753028585,0.280461073,2.581040335,2.400000000,3.000000000,standard,0.691253736,0.632731868
10.089098708,8.997003896,1.852491918,1.772566016,0.277120655,2.645387023,2.400000000,3.000000000,standard,0.668232664,0.652330964
10.159161893,8.982296973,1.921008720,1.791828165,0.268476831,2.708205271,2.400000000,3.000000000,standard,0.657059908,0.670749740
10.229225079,8.966312732,1.989233473,1.809737372,0.242675461,2.769599084,2.400000000,3.000000000,standard,0.659814061,0.685117502
10.299288264,8.949170465,2.057177421,1.825838695,0.216886039,2.829661176,2.400000000,3.000000000,standard,0.670639229,0.695718116
10.369351450,8.930997051,2.124854890,1.840135609,0.191172525,2.888474626,2.400000000,3.000000000,standard,0.682743940,0.703207409
10.439414635,8.911919289,2.192280302,1.852639814,0.166080743,2.946114213,2.286586361,3.000000000,standard,0.689405751,0.708238090
10.509477820,8.892059319,2.259473972,1.863434704,0.142042235,3.000000000,0.000000000,3.000000000,standard,0.688146671,0.711271086
10.579541006,8.871531984,2.326465433,1.872544419,0.117989768,3.000000000,0.000000000,3.000000000,standard,0.683127292,0.712467372
10.649604191,8.850451492,2.393285021,1.879969091,0.093945863,3.000000000,0.000000000,3.000000000,standard,0.679086299,0.711961800
10.719667377,8.828932512,2.459963321,1.885656955,0.066338844,3.000000000,0.000000000,3.000000000,standard,0.680654786,0.709902052
10.789730562,8.807105701,2.526539620,1.889164210,0.033777236,3.000000000,0.000000000,3.000000000,standard,0.688727056,0.706881406
10.859793748,8.785121441,2.593063943,1.890389961,0.001212890,3.000000000,0.000000000,3.000000000,standard,0.699586420,0.704042978
10.929856933,8.763131337,2.659586977,1.889334186,-0.031350091,3.000000000,0.000000000,3.000000000,standard,0.709231333,0.702563851
10.999920119,8.741287131,2.726159338,1.885987635,-0.064435373,3.000000000,0.000000000,3.000000000,standard,0.713789274,0.703574057
11.069983304,8.719743665,2.792830081,1.880295956,-0.098034362,3.000000000,0.000000000,3.000000000,standard,0.712235451,0.707165151
11.140046490,8.698658806,2.859646734,1.872250037,-0.131635436,3.000000000,0.000000000,3.000000000,standard,0.706327816,0.712413906
11.210109675,8.678190549,2.926656761,1.861850289,-0.165208317,3.000000000,0.000000000,3.000000000,standard,0.697940344,0.718354788
11.280172861,8.658497094,2.993906680,1.849103740,-0.198502983,3.000000000,0.000000000,3.000000000,standard,0.688869106,0.724092556
11.350236046,8.639739788,3.061428535,1.834028017,-0.231768634,3.000000000,0.000000000,3.000000000,standard,0.679717099,0.729808572
11.420299232,8.622082442,3.129243051,1.816617117,-0.265157962,3.000000000,0.000000000,3.000000000,standard,0.670154638,0.736525826
11.490362417,8.605688931,3.197370652,1.796865412,-0.298580216,3.000000000,0.000000000,3.000000000,standard,0.659827206,0.745289715
11.560425602,8.590716768,3.265829128,1.775202504,-0.313750598,3.000000000,0.000000000,3.000000000,standard,0.648365367,0.756963400
11.630488788,8.577251467,3.334606456,1.752984799,-0.320311929,3.000000000,0.000000000,3.000000000,standard,0.635230825,0.770347408
11.700551973,8.565333001,3.403671758,1.730298903,-0.327077755,3.000000000,0.000000000,3.000000000,standard,0.619778472,0.782937595
11.770615159,8.555000620,3.472993858,1.707131912,-0.334017715,3.000000000,0.000000000,3.000000000,standard,0.601361514,0.792209213
11.840678344,8.546294177,3.542541033,1.683442119,-0.342267885,3.000000000,-0.209490032,3.000000000,standard,0.579542343,0.796120405
11.910741530,8.539258669,3.612276877,1.659142343,-0.351145322,2.995103491,-1.616972025,2.995103491,standard,0.555677726,0.796771486
11.980804715,8.533941708,3.682162604,1.634213018,-0.360244369,2.957036439,-1.565196569,2.957036439,standard,0.532037301,0.798370070
12.050867901,8.530390927,3.752159405,1.608639969,-0.369512771,2.919715600,-0.336760367,2.919715600,standard,0.510897932,0.805140441
12.120931086,8.528649530,3.822227285,1.582633222,-0.371569608,2.911623289,-0.185362075,2.911623289,standard,0.493982523,0.820592521
12.190994272,8.528733493,3.892318933,1.556550294,-0.372711548,2.907159449,-0.232499265,2.907159449,standard,0.479610374,0.843847061
12.261057457,8.530648458,3.962384262,1.530376823,-0.374153843,2.901550755,-0.236500754,2.901550755,standard,0.464808961,0.872358925
12.331120643,8.534400050,4.032373180,1.504092904,-0.375632458,2.895834386,2.186650407,2.895834386,standard,0.446603290,0.903579781
12.401183828,8.539980937,4.102237811,1.478230113,-0.362391195,2.948264604,2.196130681,2.948264604,standard,0.423399440,0.934594350
12.471247014,8.547334517,4.171938710,1.453288706,-0.349349703,3.000000000,0.000000000,3.000000000,standard,0.398855891,0.961091796
12.541310199,8.556392478,4.241438435,1.429252353,-0.336579725,3.000000000,0.000000000,3.000000000,standard,0.377879567,0.978429574
12.611373385,8.567086315,4.310699644,1.406138374,-0.319829082,3.000000000,0.000000000,3.000000000,standard,0.365352740,0.981998610
12.681436570,8.579322328,4.379698001,1.384779521,-0.289752201,3.000000000,0.000000000,3.000000000,standard,0.362965665,0.971523781
12.751499755,8.592956976,4.448434902,1.365527971,-0.259700953,3.000000000,0.000000000,3.000000000,standard,0.366093392,0.955304400
12.821562941,8.607840861,4.516914766,1.348377612,-0.229780992,3.000000000,0.000000000,3.000000000,standard,0.369368967,0.942647235
12.891626126,8.623826284,4.585142163,1.333187226,-0.207161650,3.000000000,0.000000000,3.000000000,standard,0.367705293,0.942405841
12.961689312,8.640800213,4.653124708,1.319238145,-0.190981637,3.000000000,0.000000000,3.000000000,standard,0.361734167,0.954172289
13.031752497,8.658682031,4.720872867,1.306423263,-0.174800652,3.000000000,0.000000000,3.000000000,standard,0.357433827,0.968880344
13.101815683,8.677392362,4.788397216,1.294741340,-0.158645790,3.000000000,0.000000000,3.000000000,standard,0.360987771,0.977131358
13.171878868,8.696857327,4.855707218,1.283903081,-0.152361905,3.000000000,0.000000000,3.000000000,standard,0.377275020,0.971198727
13.241942054,8.717039605,4.922804933,1.273378165,-0.148061906,3.000000000,0.000000000,3.000000000,standard,0.402494334,0.954481940
13.312005239,8.737916802,4.989689398,1.263154072,-0.143777189,3.000000000,0.000000000,3.000000000,standard,0.429300438,0.934923123
13.382068425,8.759466561,5.056359645,1.253232157,-0.138938079,3.000000000,0.000000000,3.000000000,standard,0.450341767,0.920473704
13.452131610,8.781661739,5.122817069,1.243805848,-0.130131460,3.000000000,0.000000000,3.000000000,standard,0.461255121,0.916133859
13.522194796,8.804462006,5.189069573,1.234996403,-0.121330562,3.000000000,0.000000000,3.000000000,standard,0.465908435,0.918774849
13.592257981,8.827824786,5.255126172,1.226803178,-0.112541668,3.000000000,0.000000000,3.000000000,standard,0.469574631,0.923880401
13.662321167,8.851707475,5.320995927,1.219229636,-0.103438656,3.000000000,0.000000000,3.000000000,standard,0.477445958,0.926986164
13.732384352,8.876066419,5.386690008,1.212320105,-0.093793400,3.000000000,0.000000000,3.000000000,standard,0.491108833,0.925948700
13.802447538,8.900856516,5.452222499,1.206086374,-0.084149058,3.000000000,0.000000000,3.000000000,standard,0.507174141,0.921827098
13.872510723,8.926032553,5.517607691,1.200528233,-0.074509144,3.000000000,0.000000000,3.000000000,standard,0.521889223,0.915914444
13.942573908,8.951548998,5.582860105,1.195673905,-0.063451401,3.000000000,0.000000000,3.000000000,standard,0.531729769,0.909499085
14.012637094,8.977354938,5.647998010,1.191652873,-0.051330819,3.000000000,0.000000000,3.000000000,standard,0.536986159,0.903790208
14.082700279,9.003395012,5.713042778,1.188481068,-0.039209982,3.000000000,0.000000000,3.000000000,standard,0.541103145,0.899931539
14.152763465,9.029613723,5.778015874,1.186158460,-0.027090042,3.000000000,0.000000000,3.000000000,standard,0.547620268,0.899064839
14.222826650,9.055955078,5.842939046,1.184719235,-0.013594310,3.000000000,0.000000000,3.000000000,standard,0.559664884,0.902025688
14.292889836,9.082358110,5.907836842,1.184259253,0.000463857,3.000000000,0.000000000,3.000000000,standard,0.576255451,0.906597475
14.362953021,9.108759003,5.972735421,1.184784235,0.014522100,3.000000000,0.000000000,3.000000000,standard,0.594051381,0.908811229
14.433016207,9.135093904,6.037660961,1.186294173,0.028579938,3.000000000,0.000000000,3.000000000,standard,0.609684021,0.904677133
14.503079392,9.161299386,6.102639322,1.188761427,0.041645060,3.000000000,0.000000000,3.000000000,standard,0.620414043,0.891086098
14.573142578,9.187315219,6.167693990,1.192127975,0.054454613,3.000000000,0.000000000,3.000000000,standard,0.628238495,0.871557507
14.643205763,9.213082629,6.232847362,1.196392030,0.067264586,3.000000000,0.000000000,3.000000000,standard,0.637311115,0.852628995
14.713268949,9.238542850,6.298121836,1.201553569,0.080072028,3.000000000,0.000000000,3.000000000,standard,0.651796564,0.840853477
14.783332134,9.263636863,6.363539423,1.207617489,0.093050034,3.000000000,0.000000000,3.000000000,standard,0.674832305,0.841512011
14.853395320,9.288303994,6.429119629,1.214593281,0.106072127,3.000000000,0.000000000,3.000000000,standard,0.702824779,0.851551395
14.923458505,9.312482904,6.494880950,1.222481723,0.119101358,3.000000000,0.000000000,3.000000000,standard,0.729470215,0.864562682
14.993521690,9.336112252,6.560841877,1.231283112,0.132129457,3.000000000,0.000000000,3.000000000,standard,0.748457405,0.874127717
15.063584876,9.359132708,6.627019538,1.240880160,0.141258167,3.000000000,0.000000000,3.000000000,standard,0.754826375,0.874844777
15.133648061,9.381497323,6.693422639,1.251075879,0.149767264,3.000000000,0.000000000,3.000000000,standard,0.751930057,0.867565320
15.203711247,9.403163853,6.760056689,1.261868529,0.158295613,3.000000000,0.000000000,3.000000000,standard,0.746280272,0.855516996
15.273774432,9.424090061,6.826927191,1.273259205,0.166833887,3.000000000,0.000000000,3.000000000,standard,0.744394940,0.841932047
15.343837618,9.444236709,6.894038204,1.285087247,0.170096806,3.000000000,0.000000000,3.000000000,standard,0.751637053,0.829576377
15.413900803,9.463582256,6.961385258,1.297094156,0.172616848,3.000000000,0.000000000,3.000000000,standard,0.766547216,0.818461159
15.483963989,9.482111636,7.028960759,1.309278835,0.175173399,3.000000000,0.000000000,3.000000000,standard,0.785169837,0.807589651
15.554027174,9.499809796,7.096757110,1.321643572,0.177763350,3.000000000,0.000000000,3.000000000,standard,0.803545598,0.795963606
15.624090360,9.516669007,7.164765335,1.333829952,0.168738170,3.000000000,0.000000000,3.000000000,standard,0.818119505,0.782823912
15.694153545,9.532723127,7.232968629,1.345283567,0.158193756,3.000000000,0.000000000,3.000000000,standard,0.827631378,0.768768694
15.764216731,9.548020667,7.301347427,1.355999150,0.147666361,3.000000000,0.000000000,3.000000000,standard,0.831629630,0.754874311
15.834279916,9.562610156,7.369882165,1.365978179,0.137166268,3.000000000,0.000000000,3.000000000,standard,0.829663579,0.742217657
15.904343102,9.576528231,7.438555900,1.375808549,0.145504981,3.000000000,0.000000000,3.000000000,standard,0.821491453,0.731938237
15.974406287,9.589745099,7.507366370,1.386378552,0.156201469,3.000000000,0.000000000,3.000000000,standard,0.808038783,0.725525400
16.044469473,9.602207899,7.576316405,1.397698183,0.166903925,3.000000000,0.000000000,3.000000000,standard,0.790636354,0.724589954
16.114532658,9.613863751,7.645408842,1.409767726,0.177596727,3.000000000,0.000000000,3.000000000,standard,0.770615353,0.730742825
16.184595843,9.624655774,7.714645754,1.422776575,0.194543582,3.000000000,0.000000000,3.000000000,standard,0.749234300,0.745104013
16.254659029,9.634503086,7.784024626,1.437039137,0.212535018,3.000000000,0.000000000,3.000000000,standard,0.727315612,0.765847366
16.324722214,9.643315891,7.853541246,1.452564334,0.230581626,3.000000000,0.000000000,3.000000000,standard,0.705519773,0.790052749
16.394785400,9.651004381,7.923191393,1.469354946,0.248640846,3.000000000,0.000000000,3.000000000,standard,0.684506997,0.814798215
16.464848585,9.657481345,7.992969211,1.487266040,0.261530732,3.000000000,0.000000000,3.000000000,standard,0.664909299,0.837405272
16.534911771,9.662678586,8.062856852,1.506005997,0.273295800,3.000000000,0.000000000,3.000000000,standard,0.647152530,0.856975389
16.604974956,9.666536342,8.132831147,1.525574899,0.285180927,3.000000000,0.000000000,3.000000000,standard,0.631571007,0.873400307
16.675038142,9.668994893,8.202868903,1.545979878,0.297144500,3.000000000,0.000000000,3.000000000,standard,0.618498631,0.886575337
16.745101327,9.669994927,8.272946098,1.567201201,0.308181936,3.000000000,0.000000000,3.000000000,standard,0.608140335,0.896592187
16.815164513,9.669481138,8.343030640,1.589179813,0.319023923,3.000000000,0.000000000,3.000000000,standard,0.599443059,0.905458247
16.885227698,9.667400480,8.413085882,1.611924544,0.330037356,3.000000000,0.000000000,3.000000000,standard,0.590643733,0.916262122
16.955290884,9.663699932,8.483075125,1.635446000,0.341169271,3.000000000,-0.899446264,3.000000000,standard,0.579971277,0.932104609
17.025354069,9.658325691,8.552960794,1.659809546,0.354971020,2.978919915,-2.663909652,2.978919915,standard,0.565861610,0.955737589
17.095417255,9.651213825,8.622693910,1.685236284,0.370558597,2.915592541,-2.490711790,2.915592541,standard,0.549441670,0.985376933
17.165480440,9.642293309,8.692217523,1.711765526,0.386424101,2.855112163,-2.318386323,2.855112163,standard,0.533720029,1.016066807
17.235543626,9.631492978,8.761474518,1.739413911,0.402463413,2.797641578,-1.244851953,2.797641578,standard,0.521743855,1.042786318
17.305606811,9.618743827,8.830407241,1.768047559,0.411637619,2.766290262,-0.644841017,2.766290262,standard,0.516388400,1.060746675
17.375669996,9.604009980,8.898949783,1.797076792,0.416556324,2.749909559,-0.701247897,2.749909559,standard,0.517894355,1.068715929
17.445733182,9.587281476,8.967029779,1.826469611,0.422040467,2.731984491,-0.748261733,2.731984491,standard,0.524442061,1.068243752
17.515796367,9.568549042,9.034574690,1.856261136,0.428053801,2.712727052,2.400000000,2.712727052,standard,0.534156963,1.060953928
17.585859553,9.547811991,9.101516005,1.885810219,0.402269250,2.774020791,2.400000000,2.798316666,standard,0.545234259,1.048564683
17.655922738,9.525199402,9.167846062,1.912335172,0.354717578,2.833989174,2.400000000,2.979983925,standard,0.556923088,1.034221122
17.725985924,9.500940889,9.233604344,1.935535532,0.307333969,2.892714630,2.400000000,3.000000000,standard,0.569289174,1.022173892
17.796049109,9.475268691,9.298831564,1.955429033,0.260323038,2.950271381,2.111656611,3.000000000,standard,0.582419553,1.016702488
17.866112295,9.448410378,9.363568414,1.972340492,0.227720580,3.000000000,0.000000000,3.000000000,standard,0.596420042,1.021656543
17.936175480,9.420526940,9.427855281,1.987465872,0.203962716,3.000000000,0.000000000,3.000000000,standard,0.611664218,1.034757985
18.006238666,9.391729759,9.491732326,2.000923492,0.180161074,3.000000000,0.000000000,3.000000000,standard,0.628725180,1.049162579
18.076301851,9.362129031,9.555239704,2.012713176,0.156367069,3.000000000,0.000000000,3.000000000,standard,0.648180793,1.057917029
18.146365037,9.331831830,9.618416362,2.023073839,0.143851036,3.000000000,0.000000000,3.000000000,standard,0.670512819,1.054555140
18.216428222,9.300898910,9.681283312,2.032974723,0.138767168,3.000000000,0.000000000,3.000000000,standard,0.694776908,1.039838910
18.286491408,9.269355563,9.743847836,2.042519501,0.133681415,3.000000000,0.000000000,3.000000000,standard,0.718936934,1.020063961
18.356554593,9.237226178,9.806116868,2.051708422,0.128598982,3.000000000,-0.176354255,3.000000000,standard,0.740929035,1.001666495
18.426617779,9.204530238,9.868094439,2.060971381,0.145105024,2.995878522,-3.000000000,3.000000000,standard,0.758873369,0.990776488
18.496680964,9.171203584,9.929735155,2.072294178,0.178074230,2.924877606,-3.000000000,3.000000000,standard,0.774024786,0.988307454
18.566744149,9.137112039,9.990952242,2.085928288,0.211084094,2.852109728,-3.000000000,3.000000000,standard,0.790262373,0.990805891
18.636807335,9.102119267,10.051657652,2.101874892,0.244068187,2.777436009,-3.000000000,3.000000000,standard,0.811546139,0.994683639
18.706870520,9.066087454,10.111761242,2.120316917,0.286746413,2.700698367,-3.000000000,3.000000000,standard,0.841786954,0.996477423
18.776933706,9.028850614,10.171133058,2.142204844,0.337912400,2.621715575,-3.000000000,3.000000000,standard,0.883960815,0.995100033
18.846996891,8.990217526,10.229607469,2.167685104,0.389195960,2.540278222,-3.000000000,2.844926921,standard,0.940205971,0.991593474
18.917060077,8.949996071,10.287017581,2.196759167,0.440213671,2.456142164,-3.000000000,2.674998323,standard,1.012631031,0.987075084
18.987123262,8.907994329,10.343191416,2.229630208,0.502054186,2.369019886,-3.000000000,2.504839946,standard,1.102543901,0.982646337
19.057186448,8.864023801,10.397868358,2.267388938,0.574554948,2.278568872,-3.000000000,2.341474822,standard,1.197299795,0.979132269
19.127249633,8.817898890,10.450712526,2.310292823,0.648920256,2.184375653,-3.000000000,2.203228858,standard,1.272405870,0.977123176
19.197312819,8.769434091,10.501385649,2.358430337,0.723951887,2.085933335,-0.928917630,2.085933335,standard,1.302993043,0.977201901
19.267376004,8.718457164,10.549557801,2.410732796,0.746277139,2.054495564,0.445236712,2.054495564,standard,1.266135923,0.979911185
19.337439190,8.664998380,10.595026483,2.462713678,0.735407170,2.069623499,0.328579372,2.069623499,standard,1.168589828,0.985181432
19.407502375,8.609246014,10.637688615,2.514053837,0.727586177,2.080717199,0.197492041,2.080717199,standard,1.040267729,0.992465279
19.477565561,8.551392532,10.677443754,2.564951802,0.722964916,2.087356679,1.350871090,2.087356679,standard,0.911696445,1.001202702
19.547628746,8.491631397,10.714198304,2.615088300,0.692863419,2.132217289,2.400000000,2.132217289,standard,0.812349989,1.010788237
19.617691931,8.430176591,10.747999496,2.661732239,0.637104479,2.209672794,2.400000000,2.223565605,standard,0.750045566,1.019681729
19.687755117,8.367261355,10.779026727,2.704488401,0.581995179,2.284503698,2.400000000,2.326459966,standard,0.712275853,1.025465828
19.757818302,8.303119674,10.807464505,2.743435726,0.528441701,2.356959999,2.400000000,2.441500041,standard,0.685747519,1.025689264
19.827881488,8.237984541,10.833496990,2.778768675,0.483557496,2.427254360,2.400000000,2.552297041,standard,0.657301497,1.017941848
19.897944673,8.172036637,10.857289918,2.811540329,0.451221015,2.495569478,2.400000000,2.642169151,standard,0.620854659,1.001978497
19.968007859,8.105379471,10.878981847,2.842032213,0.418730340,2.562063682,2.400000000,2.742761610,standard,0.580762318,0.980748096
20.038071044,8.038110354,10.898709156,2.870252652,0.386420293,2.626875254,2.400000000,2.855126233,standard,0.542218588,0.957456189
20.108134230,7.970326517,10.916607961,2.896283372,0.363529796,2.690125813,2.400000000,2.943643895,standard,0.510408479,0.935305462
20.178197415,7.902107044,10.932752657,2.922321104,0.379337520,2.751922997,2.400000000,2.881657601,standard,0.488329231,0.916811675
20.248260601,7.833489410,10.947076161,2.949474732,0.395425014,2.812362614,-1.839827141,2.822430183,standard,0.473963626,0.902916136
20.318323786,7.764505289,10.959491649,2.977761057,0.411679939,2.766148075,-1.987594907,2.766148075,standard,0.464594814,0.894340479
20.388386972,7.695186360,10.969912306,3.007188310,0.427230986,2.715338047,-1.177348742,2.715338047,standard,0.457506634,0.891805577
20.458450157,7.625573611,10.978257783,3.037481492,0.437009390,2.684787348,-1.207678355,2.684787348,standard,0.450757099,0.895178322
20.528513343,7.555735179,10.984466609,3.068487437,0.447515934,2.653084152,-1.222008356,2.653084152,standard,0.444662374,0.901834678
20.598576528,7.485744121,10.988480731,3.100249918,0.458674189,2.620614417,-0.730060636,2.620614417,standard,0.439948118,0.908698899
20.668639714,7.415673495,10.990242136,3.132792799,0.465609962,2.601022717,2.400000000,2.601022717,standard,0.437339818,0.912696038
20.738702899,7.345590679,10.989746613,-3.119098769,0.427368684,2.664886951,2.400000000,2.714900573,standard,0.437306914,0.911953727
20.808766084,7.275545968,10.987151961,-3.090480278,0.389241674,2.727256084,2.400000000,2.844759857,standard,0.439547887,0.908220533
20.878829270,7.205586452,10.982646345,-3.064517028,0.351526749,2.788230450,2.400000000,2.993478120,standard,0.443616703,0.903923771
20.948892455,7.135759213,10.976417906,-3.041167881,0.317008722,2.847899635,2.400000000,3.000000000,standard,0.449067597,0.901489829
21.018955641,7.066103999,10.968627612,-3.019418271,0.303593170,2.906344031,2.400000000,3.000000000,standard,0.455725031,0.902424074
21.089018826,6.996639464,10.959358320,-2.998612884,0.290157158,2.963636096,1.547610810,3.000000000,standard,0.464190331,0.905584048
21.159082012,6.927380498,10.948678936,-2.978748752,0.276764474,3.000000000,0.000000000,3.000000000,standard,0.475203574,0.909354387
21.229145197,6.858341989,10.936658361,-2.959817390,0.264351061,3.000000000,0.000000000,3.000000000,standard,0.489504425,0.912119966
21.299208383,6.789539596,10.923355161,-2.941415052,0.260857878,3.000000000,0.000000000,3.000000000,standard,0.507129049,0.912683763
21.369271568,6.720991326,10.908796374,-2.923254974,0.257434851,3.000000000,0.000000000,3.000000000,standard,0.525967395,0.911124280
21.439334754,6.652715634,10.893003047,-2.905331697,0.254092417,3.000000000,0.000000000,3.000000000,standard,0.543501586,0.907762395
21.509397939,6.584730973,10.875996228,-2.887639145,0.251015739,3.000000000,0.000000000,3.000000000,standard,0.557213759,0.902918988
21.579461125,6.517057459,10.857790701,-2.869900538,0.255235556,3.000000000,-1.033265681,3.000000000,standard,0.565757379,0.897145805
21.649524310,6.449721402,10.838377934,-2.851863236,0.259545486,2.975770863,-3.000000000,3.000000000,standard,0.572148391,0.891854412
21.719587496,6.382750552,10.817743966,-2.833521364,0.263932939,2.904278416,-3.000000000,3.000000000,standard,0.580418140,0.888656506
21.789650681,6.316172661,10.795874834,-2.814869666,0.268383984,2.830981103,-3.000000000,3.000000000,standard,0.594597970,0.889163784
21.859713867,6.250021961,10.772741989,-2.795180938,0.294776260,2.755734909,-3.000000000,3.000000000,standard,0.617873785,0.894427886
21.929777052,6.184363438,10.748247668,-2.773548454,0.322599087,2.678375586,-3.000000000,3.000000000,standard,0.649420558,0.902843430
21.999840237,6.119271191,10.722273604,-2.749964184,0.350404059,2.598714426,-3.000000000,2.998269817,standard,0.687225033,0.912017897
22.069903423,6.054819316,10.694701528,-2.724430288,0.378001029,2.516532844,-3.000000000,2.886747417,standard,0.729273771,0.919558646
22.139966608,5.991102435,10.665394059,-2.695684339,0.447096299,2.431575301,-3.000000000,2.654328925,standard,0.773650844,0.923566574
22.210029794,5.928335044,10.634102188,-2.661655140,0.523450230,2.343539914,-3.000000000,2.453113144,standard,0.819009936,0.925025531
22.280092979,5.866775040,10.600536490,-2.622247638,0.600586882,2.252065767,-3.000000000,2.290168073,standard,0.864210964,0.925963169
22.350156165,5.806680380,10.564407484,-2.577436518,0.677212390,2.156715350,-1.827982635,2.156715350,standard,0.908114132,0.928408580
22.420219350,5.748311738,10.525451839,-2.528308264,0.716679109,2.096490527,-1.464035612,2.096490527,standard,0.949665349,0.934005353
22.490282536,5.691948663,10.483588087,-2.476774613,0.751767991,2.046978879,-1.452888899,2.046978879,standard,0.988406559,0.941716160
22.560345721,5.637878722,10.438812012,-2.422661026,0.790159978,1.996630783,-1.395471248,1.996630783,standard,1.024132884,0.949364880
22.630408907,5.586389513,10.391119677,-2.365777625,0.830917044,1.947047036,0.392216368,1.947047036,standard,1.056640371,0.954771240
22.700472092,5.537752013,10.340525188,-2.307392112,0.819042980,1.961109894,0.985195107,1.961109894,standard,1.085312971,0.956031233
22.770535278,5.492088853,10.287203662,-2.250898394,0.790661890,1.995996952,0.940005429,1.995996952,standard,1.105856583,0.953706576
22.840598463,5.449444694,10.231414843,-2.196279337,0.765357559,2.028724570,0.854220324,2.028724570,standard,1.112043909,0.949654988
22.910661649,5.409863503,10.173419230,-2.143315774,0.743727513,2.058014134,1.722601655,2.058014134,standard,1.097630461,0.945745711
22.980724834,5.373380703,10.113476259,-2.092241533,0.703626948,2.115845952,2.400000000,2.115845952,standard,1.057077097,0.943752897
23.050788020,5.339911859,10.051830483,-2.044764743,0.649930984,2.193879528,2.400000000,2.201515038,standard,0.994738595,0.944116910
23.120851205,5.309284194,9.988715481,-2.001032713,0.596921824,2.269231296,2.400000000,2.297188049,standard,0.922261976,0.946295051
23.190914390,5.281322874,9.924364580,-1.960962798,0.545516373,2.342160106,2.400000000,2.402986781,standard,0.851464041,0.949721733
23.260977576,5.255853547,9.859009102,-1.924332191,0.502684850,2.412885670,2.400000000,2.503268179,standard,0.793907885,0.953827040
23.331040761,5.232715258,9.792824442,-1.890309058,0.467763905,2.481596370,2.400000000,2.595027256,standard,0.754071106,0.957920187
23.401103947,5.211761914,9.725923963,-1.858739325,0.432878506,2.548455186,2.400000000,2.697567160,standard,0.728572578,0.961176324
23.471167132,5.192848196,9.658417802,-1.829603374,0.398379844,2.613604240,2.400000000,2.811943553,standard,0.713622308,0.962763626
23.541230318,5.175828976,9.590415807,-1.802833778,0.367542171,2.677168358,2.400000000,2.927532257,standard,0.705441449,0.961866874
23.611293503,5.160572101,9.522008630,-1.777918704,0.343400481,2.739257875,2.400000000,3.000000000,standard,0.700997254,0.958782208
23.681356689,5.146966335,9.453255968,-1.754695654,0.319306190,2.799970892,2.400000000,3.000000000,standard,0.698460153,0.955597976
23.751419874,5.134902341,9.384214707,-1.733155460,0.295386578,2.859395091,2.400000000,3.000000000,standard,0.696109738,0.954565125
23.821483060,5.124270819,9.314941682,-1.713274949,0.272891078,2.917609223,2.400000000,3.000000000,standard,0.692230778,0.957923856
23.891546245,5.114969023,9.245485220,-1.694792603,0.254586153,2.974684330,1.079405200,3.000000000,standard,0.685962700,0.966141157
23.961609431,5.106907999,9.175875737,-1.677593816,0.236283637,3.000000000,0.000000000,3.000000000,standard,0.678244186,0.975950977
24.031672616,5.100000537,9.106141381,-1.661675644,0.218038992,3.000000000,0.000000000,3.000000000,standard,0.670241522,0.983615038
24.101735802,5.094159488,9.036310287,-1.647019110,0.202024734,3.000000000,0.000000000,3.000000000,standard,0.663119340,0.985403007
24.171798987,5.089312899,8.966406440,-1.633093247,0.195447777,3.000000000,0.000000000,3.000000000,standard,0.657615247,0.979634838
24.241862172,5.085424173,8.896444183,-1.619628189,0.188882598,3.000000000,0.000000000,3.000000000,standard,0.653473645,0.969399180
24.311925358,5.082461729,8.826436491,-1.606622379,0.182341192,3.000000000,0.000000000,3.000000000,standard,0.650298048,0.958461139
24.381988543,5.080394042,8.756396336,-1.594061453,0.177513794,3.000000000,0.000000000,3.000000000,standard,0.647693629,0.950577011
24.452051729,5.079200971,8.686336100,-1.581567971,0.179086797,3.000000000,0.000000000,3.000000000,standard,0.645581553,0.947829140
24.522114914,5.078887151,8.616266893,-1.568963353,0.180687936,3.000000000,0.000000000,3.000000000,standard,0.644570872,0.948655744
24.592178100,5.079460475,8.546199652,-1.556245682,0.182314892,3.000000000,0.000000000,3.000000000,standard,0.645361120,0.951015717
24.662241285,5.080928886,8.476145323,-1.543405510,0.184767310,3.000000000,0.000000000,3.000000000,standard,0.648640664,0.952873855
24.732304471,5.083305079,8.406115558,-1.530296738,0.189397669,3.000000000,0.000000000,3.000000000,standard,0.654000744,0.952774668
24.802367656,5.086610437,8.336123301,-1.516862330,0.194059364,3.000000000,0.000000000,3.000000000,standard,0.659026363,0.950322749
24.872430842,5.090867274,8.266181630,-1.503100237,0.198744434,3.000000000,0.000000000,3.000000000,standard,0.661088501,0.945235779
24.942494027,5.096098024,8.196303691,-1.488993223,0.204710672,3.000000000,0.000000000,3.000000000,standard,0.657617729,0.937251155
25.012557213,5.102331613,8.126506097,-1.474355354,0.213074877,3.000000000,0.000000000,3.000000000,standard,0.649187204,0.927146053
25.082620398,5.109606545,8.056810572,-1.459128726,0.221519062,3.000000000,0.000000000,3.000000000,standard,0.641007373,0.917231975
25.152683584,5.117962092,7.987239251,-1.443308664,0.230027464,3.000000000,0.000000000,3.000000000,standard,0.638661466,0.909943764
25.222746769,5.127435820,7.917813981,-1.427064992,0.226957446,3.000000000,0.000000000,3.000000000,standard,0.647586634,0.907637494
25.292809955,5.138008295,7.848546947,-1.411816699,0.208277090,3.000000000,0.000000000,3.000000000,standard,0.668340474,0.910038064
25.362873140,5.149591021,7.779438625,-1.397875522,0.189638321,3.000000000,0.000000000,3.000000000,standard,0.695569043,0.913682727
25.432936325,5.162091359,7.710488790,-1.385237793,0.171070356,3.000000000,0.000000000,3.000000000,standard,0.723563540,0.914917385
25.502999511,5.175416491,7.641696898,-1.373920071,0.151305628,3.000000000,0.000000000,3.000000000,standard,0.746766252,0.910196271
25.573062696,5.189469015,7.573054200,-1.364060382,0.130128347,3.000000000,0.000000000,3.000000000,standard,0.763524932,0.898773732
25.643125882,5.204146646,7.504543202,-1.355685039,0.108942715,3.000000000,0.000000000,3.000000000,standard,0.776348022,0.882887223
25.713189067,5.219346860,7.436145984,-1.348793851,0.087764963,3.000000000,0.000000000,3.000000000,standard,0.787946160,0.864919169
25.783252253,5.234967452,7.367844581,-1.343360046,0.068108395,3.000000000,0.000000000,3.000000000,standard,0.800956262,0.847194039
25.853315438,5.250913802,7.299619893,-1.339222503,0.049999145,3.000000000,0.000000000,3.000000000,standard,0.816265108,0.830660489
25.923378624,5.267099010,7.231451667,-1.336353863,0.031887871,3.000000000,0.000000000,3.000000000,standard,0.832978494,0.814867117
25.993441809,5.283436518,7.163319599,-1.334754151,0.013776852,3.000000000,0.000000000,3.000000000,standard,0.850122327,0.799299712
26.063504995,5.299839992,7.095203426,-1.334403596,-0.003181207,3.000000000,0.000000000,3.000000000,standard,0.866754219,0.783458884
26.133568180,5.316228476,7.027083902,-1.335178378,-0.018935478,3.000000000,0.000000000,3.000000000,standard,0.882699647,0.767204063
26.203631366,5.332526541,6.958942828,-1.337056951,-0.034689626,3.000000000,0.000000000,3.000000000,standard,0.898574067,0.750763836
26.273694551,5.348659012,6.890762054,-1.340039281,-0.050442216,3.000000000,0.000000000,3.000000000,standard,0.915029063,0.734383674
26.343757737,5.364550412,6.822523446,-1.344151064,-0.067722371,3.000000000,0.000000000,3.000000000,standard,0.932663288,0.718305908
26.413820922,5.380117678,6.754209289,-1.349559325,-0.086656307,3.000000000,0.000000000,3.000000000,standard,0.950746108,0.702694023
26.483884108,5.395269784,6.685802308,-1.356294420,-0.105596768,3.000000000,0.000000000,3.000000000,standard,0.967152341,0.687628792
26.553947293,5.409915329,6.617285251,-1.364356572,-0.124535223,3.000000000,0.000000000,3.000000000,standard,0.979690806,0.673187074
26.624010478,5.423963811,6.548641228,-1.373662534,-0.138662361,3.000000000,0.000000000,3.000000000,standard,0.986279421,0.659444485
26.694073664,5.437346135,6.479861968,-1.383701421,-0.147885003,3.000000000,0.000000000,3.000000000,standard,0.987427328,0.646447161
26.764136849,5.450014991,6.410947977,-1.394387677,-0.157140205,3.000000000,0.000000000,3.000000000,standard,0.986281270,0.634211231
26.834200035,5.461924047,6.341900155,-1.405723116,-0.166419936,3.000000000,0.000000000,3.000000000,standard,0.986106367,0.622751478
26.904263220,5.473029501,6.272719776,-1.417506549,-0.165017595,3.000000000,0.000000000,3.000000000,standard,0.990018360,0.612073020
26.974326406,5.483335981,6.203415318,-1.428701442,-0.154532598,3.000000000,0.000000000,3.000000000,standard,0.998273267,0.601996020
27.044389591,5.492891672,6.134001733,-1.439162448,-0.144064668,3.000000000,0.000000000,3.000000000,standard,1.008554905,0.592174272
27.114452777,5.501746314,6.064494205,-1.448891007,-0.133623341,3.000000000,0.000000000,3.000000000,standard,1.018455419,0.582255645
27.184515962,5.509948143,5.994907558,-1.457995132,-0.128115704,3.000000000,0.000000000,3.000000000,standard,1.025765093,0.571968240
27.254579148,5.517524457,5.925251592,-1.466885215,-0.125644397,3.000000000,0.000000000,3.000000000,standard,1.031035490,0.562158321
27.324642333,5.524487189,5.855532423,-1.475602205,-0.123178129,3.000000000,0.000000000,3.000000000,standard,1.036844338,0.554492633
27.394705519,5.530847919,5.785756079,-1.484146584,-0.120718740,3.000000000,0.000000000,3.000000000,standard,1.045816047,0.550656826
27.464768704,5.536618185,5.715928552,-1.492521560,-0.118375060,3.000000000,0.000000000,3.000000000,standard,1.060232186,0.552142181
27.534831890,5.541809111,5.646055424,-1.500735291,-0.116083403,3.000000000,0.000000000,3.000000000,standard,1.078854471,0.558444463
27.604895075,5.546431579,5.576142034,-1.508788741,-0.113798999,3.000000000,0.000000000,3.000000000,standard,1.098376939,0.567887204
27.674958260,5.550496466,5.506193721,-1.516682455,-0.111523162,3.000000000,0.000000000,3.000000000,standard,1.115467241,0.578778976
27.745021446,5.554012619,5.436215704,-1.524530099,-0.113444649,3.000000000,0.000000000,3.000000000,standard,1.127096633,0.589580707
27.815084631,5.556972366,5.366212236,-1.532589956,-0.116620556,3.000000000,0.000000000,3.000000000,standard,1.132704712,0.599991984
27.885147817,5.559360004,5.296187099,-1.540872533,-0.119802278,3.000000000,0.000000000,3.000000000,standard,1.132931787,0.610314937
27.955211002,5.561159773,5.226144072,-1.549378222,-0.122987647,3.000000000,0.000000000,3.000000000,standard,1.128426178,0.620855712
28.025274188,5.562353621,5.156087162,-1.558228625,-0.130457538,3.000000000,0.000000000,3.000000000,standard,1.119878047,0.631904365
28.095337373,5.562907014,5.086022002,-1.567667052,-0.138954181,3.000000000,0.000000000,3.000000000,standard,1.108277915,0.643635428
28.165400559,5.562778221,5.015954940,-1.577701258,-0.147462665,3.000000000,-1.667412365,3.000000000,standard,1.094747524,0.656172964
28.235463744,5.561925478,4.945892324,-1.588331904,-0.155974409,2.960802519,-3.000000000,3.000000000,standard,1.080409168,0.669640825
28.305526930,5.560299549,4.875841402,-1.599961697,-0.178896823,2.888939674,-3.000000000,3.000000000,standard,1.066244258,0.683766427
28.375590115,5.557795504,4.805816101,-1.613429722,-0.205521371,2.815243032,-3.000000000,3.000000000,standard,1.052184475,0.695323235
28.445653301,5.554283273,4.735833369,-1.628763988,-0.232148236,2.739564603,-3.000000000,3.000000000,standard,1.037687640,0.699751272
28.515716486,5.549632663,4.665910166,-1.645963706,-0.258699824,2.661735356,-3.000000000,3.000000000,standard,1.022209265,0.692484067
28.585779672,5.543700613,4.596067777,-1.665820172,-0.317171072,2.581560766,-3.000000000,3.000000000,standard,1.005312548,0.669911670
28.655842857,5.536215817,4.526370579,-1.690573765,-0.389137880,2.498815095,-3.000000000,2.845139223,standard,0.987633960,0.637957682
28.725906043,5.526833348,4.456907688,-1.720380110,-0.461282468,2.413233881,-3.000000000,2.613194903,standard,0.970426088,0.608018465
28.795969228,5.515207407,4.387768513,-1.755237414,-0.532833845,2.324503959,-3.000000000,2.431416590,standard,0.954948845,0.591555462
28.866032413,5.500992630,4.319045516,-1.795120207,-0.604439401,2.232249884,-3.000000000,2.282857977,standard,0.942437880,0.599731455
28.936095599,5.483857367,4.250926362,-1.840236509,-0.680718101,2.136015081,-3.000000000,2.151154619,standard,0.933372308,0.634397902
29.006158784,5.463486037,4.183710279,-1.890836125,-0.760468883,2.035234954,-2.864429249,2.035234954,standard,0.927344652,0.686494223
29.076221970,5.439563974,4.117702852,-1.947095271,-0.842066039,1.934114588,-2.334020701,1.934114588,standard,0.923896957,0.746338514
29.146285155,5.411776511,4.053209662,-2.009087992,-0.922741251,1.847631292,-0.677298176,1.847631292,standard,0.922571265,0.804248869
29.216348341,5.379849325,3.990545745,-2.075178938,-0.949128503,1.821766740,-0.593385475,1.821766740,standard,0.922913099,0.851453551
29.286411526,5.343767350,3.930086874,-2.142829590,-0.973518714,1.798801018,-0.730835551,1.798801018,standard,0.924490345,0.885029992
29.356474712,5.303618076,3.872232851,-2.212479290,-1.005337619,1.770106146,-0.814596324,1.770106146,standard,0.926879735,0.904369355
29.426537897,5.259489245,3.817383537,-2.284574051,-1.043347152,1.737564198,-0.842659671,1.737564198,standard,0.929658020,0.908868529
29.496601083,5.211468602,3.765938792,-2.359490716,-1.085813570,1.703247046,0.610968478,1.703247046,standard,0.932401953,0.897924406
29.566664268,5.159690622,3.718258330,-2.434865383,-1.054688691,1.728196544,0.558746843,1.728196544,standard,0.934696075,0.871843364
29.636727454,5.104488183,3.674531421,-2.508169299,-1.027746392,1.750702277,0.433930763,1.750702277,standard,0.936157977,0.834792950
29.706790639,5.046246804,3.634902111,-2.579836770,-1.007753752,1.767982920,0.273778031,1.767982920,standard,0.936414023,0.791965194
29.776853825,4.985352005,3.599514447,-2.650350297,-0.995535221,1.778799350,0.211107361,1.778799350,standard,0.935090577,0.748552130
29.846917010,4.922189297,3.568512435,-2.720208030,-0.986314082,1.787095083,1.540358119,1.787095083,standard,0.931814166,0.709744965
29.916980196,4.857129390,3.541962933,-2.787344106,-0.923874601,1.846497666,1.768466702,1.846497666,standard,0.926530830,0.679125825
29.987043381,4.790497311,3.519694767,-2.850054278,-0.861276410,1.912423188,1.961053839,1.912423188,standard,0.920172433,0.655312144
30.057106566,4.722609309,3.501491000,-2.908463002,-0.801086873,1.982966920,2.110132357,1.982966920,standard,0.913860374,0.635966861
30.127169752,4.653781631,3.487134692,-2.962795496,-0.745060780,2.056171928,1.443802399,2.056171928,standard,0.908716049,0.618752915
30.197232937,4.584328712,3.476410853,-3.013577629,-0.711035622,2.104794001,0.288818837,2.104794001,standard,0.905839978,0.601377686
30.267296123,4.514491725,3.469183114,-3.063277758,-0.704598850,2.114386181,0.282901802,2.114386181,standard,0.905488669,0.583345255
30.337359308,4.444415015,3.465419028,-3.112510622,-0.698405939,2.123739844,0.268540596,2.123739844,standard,0.906803113,0.566534372
30.407422494,4.374236284,3.465093275,3.121861706,-0.692627284,2.132580724,0.246843287,2.132580724,standard,0.908847792,0.552986651
30.477485679,4.304093234,3.468180534,3.073414054,-0.687399239,2.140675080,-1.708677303,2.140675080,standard,0.910687188,0.544743709
30.547548865,4.234136197,3.474679540,3.024010570,-0.725295228,2.084000731,-1.943256545,2.084000731,standard,0.911561371,0.543862383
30.617612050,4.164593153,3.484736915,2.971356151,-0.773811742,2.017611846,-1.808355588,2.017611846,standard,0.911789962,0.552493107
30.687675236,4.095721567,3.498555445,2.915201861,-0.825177771,1.953806350,-1.635711163,1.953806350,standard,0.912102574,0.572821862
30.757738421,4.027778965,3.516338029,2.855391180,-0.877888989,1.894242061,-1.215614741,1.894242061,standard,0.913229610,0.607034695
30.827801607,3.961023076,3.538287136,2.791915282,-0.921641916,1.848732891,-0.465912491,1.848732891,standard,0.915898300,0.657295067
30.897864792,3.895746653,3.564533126,2.726472333,-0.939589839,1.830990627,-0.616144357,1.830990627,standard,0.920297528,0.721936770
30.967927978,3.832316656,3.595053549,2.659485256,-0.964426854,1.807259971,-0.721855786,1.807259971,standard,0.925475354,0.791178003
31.037991163,3.771109511,3.629806474,2.590537409,-0.995248849,1.779055247,-0.779143310,1.779055247,standard,0.930334412,0.854202410
31.108054349,3.712501640,3.668749968,2.519262217,-1.030806706,1.748101555,-0.251296777,1.748101555,standard,0.933777331,0.900193632
31.178117534,3.656867775,3.711839175,2.445727272,-1.042823380,1.738000501,0.535688025,1.738000501,standard,0.934732622,0.918520210
31.248180719,3.604512205,3.758907349,2.373219430,-1.017537252,1.759462918,0.415688529,1.759462918,standard,0.933206738,0.906252896
31.318243905,3.555644891,3.809624535,2.302242825,-0.998744852,1.775938818,0.263134192,1.775938818,standard,0.930649548,0.870776023
31.388307090,3.510469196,3.863649364,2.232343709,-0.987203733,1.786289653,0.087785365,1.786289653,standard,0.928611849,0.820195089
31.458370276,3.469188487,3.920640467,2.163039185,-0.983412555,1.789729524,1.059731394,1.789729524,standard,0.928644440,0.762615596
31.528433461,3.431994221,3.980255806,2.094694021,-0.939841750,1.830745226,2.400000000,1.830745226,standard,0.932214124,0.705932390
31.598496647,3.398833895,4.042139654,2.031742122,-0.852967624,1.920398754,2.400000000,1.921715103,standard,0.939066571,0.653723767
31.668559832,3.369426561,4.105923462,1.974865192,-0.766784629,2.006049517,2.400000000,2.026835852,standard,0.947335816,0.605526109
31.738623018,3.343482476,4.171238189,1.923907273,-0.683932828,2.088190115,2.400000000,2.146093070,standard,0.955093835,0.560720148
31.808686203,3.320711896,4.237714793,1.878619272,-0.605792592,2.167219704,2.400000000,2.280306881,standard,0.960412602,0.518686615
31.878749389,3.300824508,4.305013746,1.838362674,-0.542476923,2.243467080,2.400000000,2.409709240,standard,0.961734452,0.479003442
31.948812574,3.283526840,4.372959737,1.802537951,-0.479224422,2.317206902,2.400000000,2.563809814,standard,0.959562315,0.442345743
32.018875760,3.268524327,4.441434230,1.771175146,-0.415558814,2.388671413,2.400000000,2.753208030,standard,0.955111590,0.409767993
32.088938945,3.255522404,4.510318746,1.744267681,-0.352183394,2.458059073,2.400000000,2.990686153,standard,0.949598361,0.382325030
32.159002131,3.244233234,4.579497533,1.721268833,-0.314506068,2.525541070,2.400000000,3.000000000,standard,0.944174139,0.361019360
32.229065316,3.234475598,4.648898054,1.699922177,-0.294660752,2.591266290,2.400000000,3.000000000,standard,0.938967641,0.346024557
32.299128501,3.226153478,4.718482304,1.679966675,-0.274847502,2.655365187,2.400000000,3.000000000,standard,0.933290223,0.336851758
32.369191687,3.219173233,4.788213246,1.661396491,-0.255143328,2.717952827,2.400000000,3.000000000,standard,0.926430409,0.332993598
32.439254872,3.213441417,4.858054157,1.644183323,-0.236769405,2.779131313,2.400000000,3.000000000,standard,0.917711009,0.333941563
32.509318058,3.208869655,4.927976754,1.628188644,-0.219746935,2.838991749,2.400000000,3.000000000,standard,0.907368037,0.339156674
32.579381243,3.205375066,4.997961886,1.613386327,-0.202742443,2.897615819,2.400000000,3.000000000,standard,0.896625784,0.348066976
32.649444429,3.202875045,5.067990859,1.599773636,-0.185791326,2.955077110,1.909128675,3.000000000,standard,0.886757875,0.360098866
32.719507614,3.201288010,5.138045133,1.587248643,-0.175110379,3.000000000,0.000000000,3.000000000,standard,0.879026488,0.374653255
32.789570800,3.200562554,5.208110762,1.575087376,-0.172008922,3.000000000,0.000000000,3.000000000,standard,0.874357623,0.390382357
32.859633985,3.200681601,5.278179023,1.563143388,-0.168914484,3.000000000,0.000000000,3.000000000,standard,0.873294768,0.405086504
32.929697171,3.201629937,5.348241476,1.551415760,-0.165831647,3.000000000,0.000000000,3.000000000,standard,0.876360649,0.416519791
32.999760356,3.203393505,5.418289582,1.539802842,-0.168578550,3.000000000,0.000000000,3.000000000,standard,0.884005214,0.422562333
33.069823542,3.205985659,5.488312465,1.527684111,-0.177325448,3.000000000,0.000000000,3.000000000,standard,0.894953663,0.424080657
33.139886727,3.209447621,5.558296869,1.514951337,-0.186107166,3.000000000,0.000000000,3.000000000,standard,0.906177712,0.424977460
33.209949913,3.213821859,5.628229431,1.501602505,-0.194910754,3.000000000,0.000000000,3.000000000,standard,0.914570555,0.429291402
33.280013098,3.219149457,5.698096766,1.487743458,-0.198176466,3.000000000,0.000000000,3.000000000,standard,0.917164479,0.440839438
33.350076284,3.225446153,5.767885093,1.473899291,-0.196971396,3.000000000,0.000000000,3.000000000,standard,0.913533625,0.459387027
33.420139469,3.232705522,5.837580276,1.460137621,-0.195819878,3.000000000,0.000000000,3.000000000,standard,0.905474901,0.481156720
33.490202654,3.240920394,5.907168172,1.446454934,-0.194723654,3.000000000,0.000000000,3.000000000,standard,0.894860132,0.502251657
33.560265840,3.250080889,5.976635262,1.433048158,-0.183989144,3.000000000,0.000000000,3.000000000,standard,0.883500693,0.518986221
33.630329025,3.260135121,6.045977770,1.420767569,-0.166544741,3.000000000,0.000000000,3.000000000,standard,0.872269530,0.530954022
33.700392211,3.270998069,6.115199602,1.409708631,-0.149116720,3.000000000,0.000000000,3.000000000,standard,0.861299459,0.540334967
33.770455396,3.282583815,6.184304872,1.399869645,-0.131722856,3.000000000,0.000000000,3.000000000,standard,0.850703204,0.549379171
33.840518582,3.294806701,6.253298005,1.391233807,-0.115052143,3.000000000,0.000000000,3.000000000,standard,0.840523206,0.560223802
33.910581767,3.307584981,6.322188034,1.383740972,-0.098828063,3.000000000,0.000000000,3.000000000,standard,0.829762822,0.573336212
33.980644953,3.320839890,6.390987504,1.377385073,-0.082601403,3.000000000,0.000000000,3.000000000,standard,0.816631909,0.587908584
34.050708138,3.334492739,6.459709055,1.372165976,-0.066378908,3.000000000,0.000000000,3.000000000,standard,0.799320275,0.603100887
34.120771324,3.348463853,6.528365673,1.368156929,-0.046674341,3.000000000,0.000000000,3.000000000,standard,0.776206879,0.618110073
34.190834509,3.362658965,6.596975557,1.365657800,-0.024664829,3.000000000,0.000000000,3.000000000,standard,0.748475241,0.632681446
34.260897695,3.376972637,6.665560892,1.364700759,-0.002654661,3.000000000,0.000000000,3.000000000,standard,0.719454759,0.646979880
34.330960880,3.391299149,6.734143964,1.365285803,0.019354910,3.000000000,0.000000000,3.000000000,standard,0.692529282,0.661180893
34.401024066,3.405532623,6.802747014,1.367423201,0.041851558,3.000000000,0.000000000,3.000000000,standard,0.670891027,0.675441078
34.471087251,3.419564845,6.871391585,1.371154918,0.064671768,3.000000000,0.000000000,3.000000000,standard,0.654897047,0.689637019
34.541150437,3.433285816,6.940098691,1.376485544,0.087492658,3.000000000,0.000000000,3.000000000,standard,0.642738241,0.703431369
34.611213622,3.446585491,7.008889335,1.383414954,0.110305052,3.000000000,0.000000000,3.000000000,standard,0.632550724,0.716481365
34.681276807,3.459354400,7.077783950,1.391895825,0.130927673,3.000000000,0.000000000,3.000000000,standard,0.622554107,0.728466186
34.751339993,3.471491262,7.146794889,1.401745203,0.150207638,3.000000000,0.000000000,3.000000000,standard,0.612159592,0.739378052
34.821403178,3.482900900,7.215928478,1.412946679,0.169523498,3.000000000,0.000000000,3.000000000,standard,0.601666983,0.749442636
34.891466364,3.493488286,7.285190898,1.425501987,0.188854712,3.000000000,0.000000000,3.000000000,standard,0.591397342,0.758891191
34.961529549,3.503162958,7.354587419,1.439098463,0.194119295,3.000000000,0.000000000,3.000000000,standard,0.581659877,0.767943603
35.031592735,3.511893998,7.424111401,1.452603801,0.191366106,3.000000000,0.000000000,3.000000000,standard,0.572609321,0.776671610
35.101655920,3.519692180,7.493747869,1.465918139,0.188659317,3.000000000,0.000000000,3.000000000,standard,0.564292230,0.785043200
35.171719106,3.526569139,7.563481676,1.479044605,0.186002771,3.000000000,0.000000000,3.000000000,standard,0.556752931,0.793024223
35.241782291,3.532536924,7.633297858,1.491961461,0.182347887,3.000000000,0.000000000,3.000000000,standard,0.550036292,0.800547466
35.311845477,3.537612139,7.703183471,1.504594084,0.178226124,3.000000000,0.000000000,3.000000000,standard,0.544193136,0.807182663
35.381908662,3.541814208,7.773126817,1.516938589,0.174126323,3.000000000,0.000000000,3.000000000,standard,0.539277967,0.812275069
35.451971848,3.545162594,7.843116220,1.528996756,0.170054210,3.000000000,0.000000000,3.000000000,standard,0.535345344,0.815166613
35.522035033,3.547675970,7.913140160,1.540815729,0.167720043,3.000000000,0.000000000,3.000000000,standard,0.532462372,0.815402696
35.592098219,3.549366227,7.983188495,1.552506041,0.165962612,3.000000000,0.000000000,3.000000000,standard,0.530803907,0.814275970
35.662161404,3.550241798,8.053251781,1.564073924,0.164225787,3.000000000,0.000000000,3.000000000,standard,0.530599667,0.813968775
35.732224590,3.550311089,8.123320582,1.575520905,0.162511669,3.000000000,0.000000000,3.000000000,standard,0.532079808,0.816670517
35.802287775,3.549579931,8.193385457,1.586979613,0.165263003,3.000000000,0.000000000,3.000000000,standard,0.535253271,0.824146269
35.872350960,3.548037482,8.263436941,1.598685610,0.168868336,3.000000000,0.000000000,3.000000000,standard,0.538697621,0.835415472
35.942414146,3.545666264,8.333465562,1.610644854,0.172489212,3.000000000,0.000000000,3.000000000,standard,0.540420679,0.848404700
36.012477331,3.542448783,8.403461848,1.622858459,0.176120429,3.000000000,0.000000000,3.000000000,standard,0.538428805,0.861037718
36.082540517,3.538361111,8.473415035,1.635628843,0.189095462,3.000000000,0.000000000,3.000000000,standard,0.531477366,0.871530891
36.152603702,3.533346886,8.543307859,1.649362966,0.202907946,3.000000000,0.000000000,3.000000000,standard,0.522098863,0.879576117
36.222666888,3.527339546,8.613121010,1.664066266,0.216760590,3.000000000,0.000000000,3.000000000,standard,0.514013740,0.885329365
36.292730073,3.520272523,8.682835174,1.679740898,0.230623508,3.000000000,0.000000000,3.000000000,standard,0.510942875,0.888946770
36.362793259,3.512083696,8.752429869,1.696198685,0.238927376,3.000000000,0.000000000,3.000000000,standard,0.515619222,0.890784846
36.432856444,3.502730560,8.821879435,1.713229443,0.247143533,3.000000000,0.000000000,3.000000000,standard,0.526418226,0.892083918
36.502919630,3.492176014,8.891156790,1.730839000,0.255440830,3.000000000,0.000000000,3.000000000,standard,0.540514297,0.894327913
36.572982815,3.480382956,8.960234849,1.749032383,0.263795499,3.000000000,0.000000000,3.000000000,standard,0.555081807,0.899000765
36.643046001,3.467312121,9.029084830,1.767923551,0.275502029,3.000000000,-0.053785813,3.000000000,standard,0.568058924,0.907145958
36.713109186,3.452914316,9.097670177,1.787650611,0.287491614,2.998743602,-3.000000000,3.000000000,standard,0.580883686,0.917788732
36.783172372,3.437137506,9.165952106,1.808221428,0.299567743,2.927812165,-3.000000000,3.000000000,standard,0.595995993,0.929376595
36.853235557,3.419929658,9.233891832,1.829641435,0.311678727,2.855119080,-3.000000000,3.000000000,standard,0.615835827,0.940357007
36.923298742,3.401226816,9.301443882,1.852556126,0.344552320,2.780526183,-3.000000000,3.000000000,standard,0.642549823,0.949254334
36.993361928,3.380897773,9.368525041,1.877963599,0.380431256,2.703876243,-3.000000000,2.877512251,standard,0.676629677,0.955026802
37.063425113,3.358787761,9.435038874,1.905892865,0.416475096,2.624989072,-3.000000000,2.750177714,standard,0.717987283,0.956784640
37.133488299,3.334741988,9.500888930,1.936350535,0.452373919,2.543656524,-3.000000000,2.638800136,standard,0.766533916,0.953638241
37.203551484,3.308603183,9.565969422,1.969646398,0.499697269,2.459636030,-3.000000000,2.510740274,standard,0.821982529,0.945022203
37.273614670,3.280195065,9.630102826,2.006510167,0.551573612,2.372642047,-3.000000000,2.389755867,standard,0.882522329,0.932862110
37.343677855,3.249332535,9.693078369,2.047048884,0.604553389,2.282334589,-3.000000000,2.282642752,standard,0.945636180,0.920238256
37.413741041,3.215830447,9.754685090,2.091316644,0.657802406,2.188303466,-1.157524980,2.188303466,standard,1.008803081,0.910237254
37.483804226,3.179517830,9.814712822,2.138575550,0.680864340,2.150923589,-0.635632347,2.150923589,standard,1.069128610,0.905585408
37.553867412,3.140364709,9.872959226,2.186818041,0.694229651,2.130118173,-0.728962462,2.130118173,standard,1.120004309,0.905425409
37.623930597,3.098421913,9.929226457,2.236090380,0.710218215,2.106004883,-0.795475452,2.106004883,standard,1.152693174,0.906846147
37.693993783,3.053741227,9.983316720,2.286552790,0.728527607,2.079372376,1.170941404,2.079372376,standard,1.158433021,0.906912217
37.764056968,3.006386418,10.035047362,2.337192363,0.701892107,2.118459168,2.217186050,2.118459168,standard,1.129849605,0.903025293
37.834120154,2.956541821,10.084388061,2.384825787,0.656447552,2.190560541,2.400000000,2.190560541,standard,1.073534758,0.895978907
37.904183339,2.904461499,10.131396600,2.429325920,0.612302354,2.266022677,2.400000000,2.268152819,standard,1.004157492,0.888528251
37.974246525,2.850400366,10.176131833,2.470802865,0.570176685,2.339051531,1.728585659,2.350447470,standard,0.936485103,0.883452384
38.044309710,2.794602540,10.218648110,2.509957833,0.551337146,2.390268290,0.882272183,2.390268290,standard,0.883904126,0.883113888
38.114372895,2.737221089,10.258961790,2.548212304,0.539659666,2.415990914,0.884843941,2.415990914,standard,0.848153624,0.886362128
38.184436081,2.678363399,10.297070174,2.585657479,0.528434643,2.441516346,0.872403778,2.441516346,standard,0.825128867,0.890283807
38.254499266,2.618136513,10.332970416,2.622334473,0.517815411,2.466424303,0.858744817,2.466424303,standard,0.810681223,0.891952389
38.324562452,2.556646722,10.366660131,2.658287939,0.507771185,2.490699026,0.845804929,2.490699026,standard,0.800954535,0.888812870
38.394625637,2.493994454,10.398140510,2.693555711,0.498252068,2.514378892,0.818361866,2.514378892,standard,0.794379363,0.881215088
38.464688823,2.430277373,10.427414426,2.728179672,0.489375480,2.537080072,0.777239555,2.537080072,standard,0.790462285,0.870875764
38.534752008,2.365593131,10.454484763,2.762206454,0.481232906,2.558454035,0.767600143,2.558454035,standard,0.788716153,0.859519587
38.604815194,2.300038179,10.479355010,2.795677112,0.473452961,2.579389089,0.769524384,2.579389089,standard,0.788581660,0.848777173
38.674878379,2.233697633,10.502034363,2.828605600,0.465901985,2.600207440,0.752111635,2.600207440,standard,0.788816298,0.839388485
38.744941565,2.166650361,10.522535166,2.861018865,0.458751043,2.620394895,0.724287427,2.620394895,standard,0.787800952,0.831602523
38.815004750,2.098975162,10.540869795,2.892948301,0.452069109,2.639689598,-0.475699572,2.639689598,standard,0.783912573,0.825663153
38.885067936,2.030750210,10.557047634,2.924648055,0.456435538,2.627033140,-1.266019595,2.627033140,standard,0.775660021,0.821790461
38.955131121,1.962044105,10.571032510,2.957071678,0.468478088,2.593048474,-1.245492745,2.593048474,standard,0.763558088,0.819842872
39.025194307,1.892918001,10.582752811,2.990354881,0.480961997,2.559174478,-1.210893313,2.559174478,standard,0.749682330,0.819397411
39.095257492,1.823432855,10.592135987,3.024526690,0.493753940,2.525805995,-1.520750045,2.525805995,standard,0.736149422,0.820023690
39.165320678,1.753650162,10.599108859,3.059669155,0.510816438,2.483263727,-1.949885159,2.483263727,standard,0.725020137,0.821300698
39.235383863,1.683649928,10.603576319,3.096324668,0.534499081,2.427626085,-1.863012607,2.427626085,standard,0.716418573,0.823132263
39.305447048,1.613534985,10.605416234,3.134679536,0.559273073,2.373249084,-1.756162889,2.373249084,standard,0.708081839,0.825822581
39.375510234,1.543409570,10.604504806,-3.108387997,0.584825018,2.320824526,-1.348074841,2.320824526,standard,0.697599846,0.829700540
39.445573419,1.473377972,10.600718404,-3.066494427,0.606080938,2.279764384,-0.256894329,2.279764384,standard,0.682570386,0.835093470
39.515636605,1.403554443,10.593966268,-3.023835229,0.610308048,2.271855624,-0.336643773,2.271855624,standard,0.662131051,0.842024623
39.585699790,1.334075060,10.584229657,-2.980824218,0.615937493,2.261449824,-0.406642273,2.261449824,standard,0.638792712,0.849851097
39.655762976,1.265078790,10.571499368,-2.937369990,0.622877520,2.248816133,-0.465224376,2.248816133,standard,0.615513174,0.857841726
39.725826161,1.196704601,10.555766200,-2.893385992,0.631011664,2.234274781,-0.239375104,2.234274781,standard,0.595250245,0.865265348
39.795889347,1.129091633,10.537024877,-2.848958431,0.635280319,2.226755719,-0.291288055,2.226755719,standard,0.580564721,0.871585755
39.865952532,1.062379810,10.515288268,-2.804203188,0.640553257,2.217571621,-0.349039299,2.217571621,standard,0.572183497,0.877167307
39.936015718,0.996709285,10.490574479,-2.759034433,0.646988058,2.206516323,-0.396628094,2.206516323,standard,0.570304295,0.882634224
40.006078903,0.932220209,10.462901612,-2.713371118,0.654458933,2.193886102,-0.735529508,2.193886102,standard,0.575124785,0.888610749
40.076142089,0.869055060,10.432286939,-2.667013377,0.668779991,2.170269372,-0.977731698,2.170269372,standard,0.586773824,0.895647030
40.146205274,0.807389199,10.398735947,-2.619368144,0.688816204,2.138472154,-1.007852472,2.138472154,standard,0.604407001,0.903245234
40.216268460,0.747422362,10.362245387,-2.570250083,0.710766302,2.105192733,-1.007637297,2.105192733,standard,0.626458509,0.910130752
40.286331645,0.689354861,10.322811804,-2.519540856,0.734156229,2.071385982,-0.846422665,2.071385982,standard,0.651345519,0.915010648
40.356394830,0.633386997,10.280431825,-2.467165589,0.755027449,2.042555691,-0.183916468,2.042555691,standard,0.677485199,0.916594263
40.426458016,0.579715649,10.235134225,-2.413986041,0.759720405,2.036237266,-0.299013298,2.036237266,standard,0.703292672,0.914505001
40.496521201,0.528529047,10.187028991,-2.360359078,0.767476059,2.025922643,-0.400231742,2.025922643,standard,0.727177893,0.910675181
40.566584387,0.480014075,10.136238736,-2.306089353,0.778108323,2.012033681,-0.483767642,2.012033681,standard,0.747550014,0.907396088
40.636647572,0.434357618,10.082886074,-2.250991855,0.791359672,1.995116771,0.550416651,1.995116771,standard,0.762818189,0.906959006
40.706710758,0.391738269,10.027098429,-2.195555906,0.776317378,2.014353201,1.264374173,2.014353201,standard,0.771499562,0.911410956
40.776773943,0.352218711,9.969070480,-2.142196758,0.743838365,2.057860778,1.286509613,2.057860778,standard,0.773620657,0.919384954
40.846837129,0.315776410,9.909046351,-2.091039249,0.713466295,2.101205584,1.268092209,2.101205584,standard,0.770317747,0.927003922
40.916900314,0.282386859,9.847271314,-2.041920805,0.685862385,2.143072109,1.436477200,2.143072109,standard,0.762752794,0.930332675
40.986963500,0.252025489,9.783990624,-1.994670099,0.657064979,2.189531092,2.400000000,2.189531092,standard,0.752086680,0.925438601
41.057026685,0.224614178,9.719436326,-1.950752342,0.595045412,2.265027525,2.400000000,2.300807166,standard,0.738523282,0.910665912
41.127089871,0.199922945,9.653803015,-1.911215233,0.532538685,2.338087463,2.400000000,2.432090303,standard,0.719552959,0.890814606
41.197153056,0.177695084,9.587278692,-1.876038589,0.470620920,2.408932600,2.400000000,2.587138404,standard,0.692188436,0.871821028
41.267216242,0.157673886,9.520051361,-1.845162979,0.409905291,2.477752926,2.400000000,2.772129503,standard,0.653442437,0.859621527
41.337279427,0.139612289,9.452299713,-1.817846620,0.375547350,2.544712725,2.400000000,2.896162500,standard,0.601180466,0.859345130
41.407342613,0.123346972,9.384121652,-1.792438525,0.349400789,2.609955200,2.400000000,3.000000000,standard,0.540669877,0.869113603
41.477405798,0.108757629,9.315573578,-1.768869923,0.323171893,2.673606073,2.400000000,3.000000000,standard,0.480980514,0.883448925
41.547468983,0.095724308,9.246711549,-1.747137305,0.297022922,2.735776438,2.400000000,3.000000000,standard,0.431213390,0.896843570
41.617532169,0.084130126,9.177590951,-1.726975673,0.284885210,2.796565038,2.400000000,3.000000000,standard,0.400119998,0.903976698
41.687595354,0.073920756,9.108253446,-1.706994201,0.285333008,2.856060101,2.400000000,3.000000000,standard,0.389329493,0.903331634
41.757658540,0.065100256,9.038727890,-1.686977449,0.285910086,2.914340851,2.400000000,3.000000000,standard,0.393823513,0.896942261
41.827721725,0.057674917,8.969042648,-1.666916664,0.286614548,2.971478737,1.215432290,3.000000000,standard,0.408329286,0.886978345
41.897784911,0.051650302,8.899226066,-1.646885123,0.281276843,3.000000000,0.000000000,3.000000000,standard,0.427577621,0.875597905
41.967848096,0.046999836,8.829305709,-1.627713280,0.265902508,3.000000000,0.000000000,3.000000000,standard,0.446457069,0.864441476
42.037911282,0.043652871,8.759308068,-1.609616270,0.250589817,3.000000000,0.000000000,3.000000000,standard,0.460072504,0.854439918
42.107974467,0.041535565,8.689259559,-1.592588151,0.235384096,3.000000000,0.000000000,3.000000000,standard,0.463544470,0.846472702
42.178037653,0.040574544,8.619186542,-1.576555912,0.226421441,3.000000000,0.000000000,3.000000000,standard,0.452066135,0.841408182
42.248100838,0.040730973,8.549111579,-1.560513507,0.231441257,3.000000000,0.000000000,3.000000000,standard,0.426229408,0.839288639
42.318164024,0.042023781,8.479050867,-1.544119098,0.236481930,3.000000000,0.000000000,3.000000000,standard,0.395655013,0.838774826
42.388227209,0.044477396,8.409020001,-1.527370867,0.241528888,3.000000000,0.000000000,3.000000000,standard,0.370823067,0.838395996
42.458290395,0.048116611,8.339034697,-1.510217273,0.251131719,3.000000000,0.000000000,3.000000000,standard,0.362116140,0.836689993
42.528353580,0.052991189,8.269119156,-1.491929299,0.270775816,3.000000000,0.000000000,3.000000000,standard,0.373246446,0.832781933
42.598416766,0.059191465,8.199311361,-1.472257980,0.290619693,3.000000000,0.000000000,3.000000000,standard,0.397087349,0.826751204
42.668479951,0.066811493,8.129650560,-1.451192438,0.310603518,3.000000000,0.000000000,3.000000000,standard,0.425518876,0.818764653
42.738543136,0.075943671,8.060175781,-1.428920686,0.315378747,3.000000000,0.000000000,3.000000000,standard,0.450501141,0.808989577
42.808606322,0.086600747,7.990915505,-1.407579966,0.293704404,3.000000000,0.000000000,3.000000000,standard,0.467849165,0.797615056
42.878669507,0.098682139,7.921883211,-1.387752152,0.272165759,3.000000000,0.000000000,3.000000000,standard,0.478862589,0.784861157
42.948732693,0.112078611,7.853091229,-1.369426349,0.250829633,3.000000000,0.000000000,3.000000000,standard,0.485259835,0.770950316
43.018795878,0.126680448,7.784551402,-1.352647581,0.225772724,3.000000000,0.000000000,3.000000000,standard,0.488762791,0.756104317
43.088859064,0.142361471,7.716258856,-1.337894665,0.195305349,3.000000000,0.000000000,3.000000000,standard,0.491211624,0.740522765
43.158922249,0.158975341,7.648188239,-1.325278060,0.164814690,3.000000000,0.000000000,3.000000000,standard,0.494591370,0.724378103
43.228985435,0.176374487,7.580312951,-1.314796949,0.134353007,3.000000000,0.000000000,3.000000000,standard,0.500895911,0.707841110
43.299048620,0.194412244,7.512606433,-1.306365712,0.109152465,3.000000000,0.000000000,3.000000000,standard,0.512060213,0.691069853
43.369111806,0.212967896,7.445043332,-1.299381994,0.090194989,3.000000000,0.000000000,3.000000000,standard,0.528328966,0.673857581
43.439174991,0.231949908,7.377599647,-1.293726912,0.071230630,3.000000000,0.000000000,3.000000000,standard,0.548046218,0.655587320
43.509238177,0.251268298,7.310251453,-1.289400542,0.052267201,3.000000000,0.000000000,3.000000000,standard,0.569454855,0.635620263
43.579301362,0.270833257,7.242974829,-1.286387015,0.034298836,3.000000000,0.000000000,3.000000000,standard,0.590826773,0.613367086
43.649364548,0.290559946,7.175746070,-1.284571322,0.017531136,3.000000000,0.000000000,3.000000000,standard,0.611278226,0.589678689
43.719427733,0.310369160,7.108541711,-1.283930452,0.000762917,3.000000000,0.000000000,3.000000000,standard,0.630881783,0.567037146
43.789490919,0.330182000,7.041338302,-1.284464415,-0.016005177,3.000000000,0.000000000,3.000000000,standard,0.649761522,0.548012394
43.859554104,0.349919205,6.974112309,-1.286209336,-0.035154532,3.000000000,0.000000000,3.000000000,standard,0.668048372,0.535092712
43.929617289,0.369490019,6.906837553,-1.289452441,-0.057421700,3.000000000,0.000000000,3.000000000,standard,0.686093942,0.528135473
43.999680475,0.388789988,6.839484706,-1.294255679,-0.079688691,3.000000000,0.000000000,3.000000000,standard,0.704512611,0.523865299
44.069743660,0.407713860,6.772024254,-1.300618905,-0.101947753,3.000000000,0.000000000,3.000000000,standard,0.723934110,0.518823828
44.139806846,0.426156244,6.704426825,-1.308551293,-0.124845595,3.000000000,0.000000000,3.000000000,standard,0.744942579,0.509625420
44.209870031,0.444007109,6.636667698,-1.318133321,-0.148656341,3.000000000,0.000000000,3.000000000,standard,0.766609140,0.495297958
44.279933217,0.461150821,6.568727772,-1.329385215,-0.172511887,3.000000000,0.000000000,3.000000000,standard,0.786177574,0.477784246
44.349996402,0.477471412,6.500588282,-1.342309120,-0.196388721,3.000000000,0.000000000,3.000000000,standard,0.800782500,0.459201221
44.420059588,0.492854919,6.432231041,-1.356709270,-0.207911342,3.000000000,0.000000000,3.000000000,standard,0.807675703,0.441628441
44.490122773,0.507245164,6.363654573,-1.371162874,-0.204641238,3.000000000,0.000000000,3.000000000,standard,0.807484988,0.426068430
44.560185959,0.520651084,6.294876225,-1.385389792,-0.201426862,3.000000000,0.000000000,3.000000000,standard,0.804642549,0.412310022
44.630249144,0.533085095,6.225914353,-1.399393805,-0.198273439,3.000000000,0.000000000,3.000000000,standard,0.803783801,0.400077214
44.700312330,0.544559557,6.156787215,-1.413184956,-0.195525909,3.000000000,0.000000000,3.000000000,standard,0.809345610,0.389095021
44.770375515,0.555085547,6.087510867,-1.426802544,-0.193152669,3.000000000,0.000000000,3.000000000,standard,0.821223634,0.379111662
44.840438701,0.564672863,6.018099169,-1.440254657,-0.190807915,3.000000000,0.000000000,3.000000000,standard,0.834786447,0.369898491
44.910501886,0.573331246,5.948565884,-1.453543507,-0.188495586,3.000000000,0.000000000,3.000000000,standard,0.845206898,0.361227862
44.980565071,0.581070191,5.878924714,-1.466691294,-0.187256149,3.000000000,0.000000000,3.000000000,standard,0.847891311,0.352889433
45.050628257,0.587894555,5.809188163,-1.479800101,-0.186910156,3.000000000,0.000000000,3.000000000,standard,0.842635270,0.344998184
45.120691442,0.593805064,5.739367672,-1.492885619,-0.186588602,3.000000000,0.000000000,3.000000000,standard,0.833139363,0.337958526
45.190754628,0.598802303,5.669474647,-1.505949706,-0.186291999,3.000000000,0.000000000,3.000000000,standard,0.823240387,0.332184966
45.260817813,0.602885270,5.599520531,-1.519113208,-0.191990614,3.000000000,0.000000000,3.000000000,standard,0.816635437,0.328069832
45.330880999,0.606026069,5.529517479,-1.532926368,-0.202263645,3.000000000,0.000000000,3.000000000,standard,0.814652172,0.325629313
45.400944184,0.608174352,5.459478234,-1.547460941,-0.212584962,3.000000000,0.000000000,3.000000000,standard,0.816640089,0.324565567
45.471007370,0.609279082,5.389415556,-1.562719713,-0.222934286,3.000000000,0.000000000,3.000000000,standard,0.821888036,0.324571129
45.541070555,0.609290364,5.319342411,-1.578615069,-0.228622430,3.000000000,0.000000000,3.000000000,standard,0.829695648,0.325347531
45.611133741,0.608179651,5.249275586,-1.594701175,-0.230493904,3.000000000,0.000000000,3.000000000,standard,0.839564512,0.326764808
45.681196926,0.605937342,5.179235260,-1.610921519,-0.232449000,3.000000000,0.000000000,3.000000000,standard,0.851175414,0.328842511
45.751260112,0.602554495,5.109241726,-1.627281452,-0.234483484,3.000000000,0.000000000,3.000000000,standard,0.864215357,0.331605380
45.821323297,0.598021861,5.039315262,-1.643813769,-0.238279141,3.000000000,-0.722906217,3.000000000,standard,0.878389840,0.335091105
45.891386483,0.592321998,4.969475590,-1.660712251,-0.244037856,2.983069187,-3.000000000,3.000000000,standard,0.893902492,0.339686201
45.961449668,0.585428545,4.899741836,-1.678015392,-0.249813020,2.911755942,-3.000000000,3.000000000,standard,0.911499239,0.346156933
46.031512854,0.577314689,4.830133097,-1.695724878,-0.255585551,2.838651713,-3.000000000,3.000000000,standard,0.931953349,0.355288713
46.101576039,0.567951895,4.760668983,-1.714056301,-0.278641391,2.763614379,-3.000000000,3.000000000,standard,0.956020058,0.367848698
46.171639224,0.557222363,4.691395751,-1.735509392,-0.333493887,2.686481961,-3.000000000,3.000000000,standard,0.983520852,0.383658807
46.241702410,0.544877526,4.622398704,-1.760817877,-0.388662257,2.607068509,-3.000000000,2.846879551,standard,1.012909291,0.401156194
46.311765595,0.530658411,4.553766248,-1.789994204,-0.443799893,2.525158827,-3.000000000,2.664168447,standard,1.042530078,0.418667818
46.381828781,0.514306052,4.485586830,-1.823028993,-0.498393106,2.440501585,-3.000000000,2.514023099,standard,1.070728168,0.434523749
46.451891966,0.495568356,4.417978529,-1.859947363,-0.554339796,2.352800220,-3.000000000,2.383785909,standard,1.096030778,0.449282510
46.521955152,0.474212177,4.351141136,-1.900864007,-0.612107893,2.261700635,-3.000000000,2.268513077,standard,1.117467825,0.469648942
46.592018337,0.450007610,4.285288413,-1.945874017,-0.670939286,2.166774250,-2.693754818,2.166774250,standard,1.134155153,0.503378521
46.662081523,0.422724749,4.220634123,-1.995026108,-0.729598251,2.077846135,-1.725710408,2.077846135,standard,1.145208608,0.558226721
46.732144708,0.392142789,4.157398132,-2.047961171,-0.772887210,2.018818225,-1.445278949,2.018818225,standard,1.149897448,0.640724706
46.802207894,0.358146594,4.095871187,-2.103690060,-0.813300887,1.968020663,-1.442197300,1.968020663,standard,1.149271966,0.743190285
46.872271079,0.320689130,4.036389718,-2.162419117,-0.858073205,1.915989420,-1.383799913,1.915989420,standard,1.145530361,0.848780485
46.942334265,0.279724497,3.979290914,-2.224396806,-0.905925113,1.864700672,-1.276864299,1.864700672,standard,1.140889915,0.940500066
47.012397450,0.235206794,3.924911964,-2.289800153,-0.955070385,1.816090922,0.269255294,1.816090922,standard,1.137567909,1.001353789
47.082460636,0.187138586,3.873571572,-2.356632781,-0.944268380,1.826449015,0.168925183,1.826449015,standard,1.137295439,1.018827452
47.152523821,0.135733930,3.825507775,-2.422827110,-0.937615283,1.832917586,0.011369603,1.832917586,standard,1.139682020,0.999960890
47.222587007,0.081264557,3.780936613,-2.488777145,-0.937170859,1.833352137,-0.147605593,1.833352137,standard,1.143758618,0.957126294
47.292650192,0.024002198,3.740074125,-2.554884080,-0.942973562,1.827702553,0.075856971,1.827702553,standard,1.148556183,0.902695977
47.362713377,-0.035781359,3.703135973,-2.621458279,-0.939982510,1.830608146,2.054107768,1.830608146,standard,1.153105521,0.849029438
47.432776563,-0.097796331,3.670217364,-2.684863483,-0.865631735,1.907606053,2.400000000,1.907606053,standard,1.156390905,0.804404307
47.502839748,-0.161709326,3.641121594,-2.743047222,-0.791505856,1.993806445,2.400000000,1.994932523,standard,1.157283842,0.767205979
47.572902934,-0.227180479,3.615608602,-2.796139810,-0.720108320,2.076431418,2.400000000,2.091492745,standard,1.154639090,0.734350582
47.642966119,-0.293869920,3.593438326,-2.844364989,-0.652955289,2.155892094,2.400000000,2.196410721,standard,1.147311404,0.702754244
47.713029305,-0.361443614,3.574369728,-2.888039014,-0.592367584,2.232526375,2.400000000,2.306001761,standard,1.134254926,0.669493448
47.783092490,-0.429677855,3.558143288,-2.927516126,-0.533084971,2.306615985,2.400000000,2.430843825,standard,1.116303896,0.634678192
47.853155676,-0.498447470,3.544482986,-2.962797557,-0.473268376,2.378398746,2.400000000,2.579892048,standard,1.095971556,0.601127533
47.923218861,-0.567630745,3.533112220,-2.993890769,-0.413762047,2.448077589,2.400000000,2.759179476,standard,1.075830153,0.571755725
47.993282047,-0.637106087,3.523754505,-3.020861196,-0.358839729,2.515827334,2.400000000,2.962818290,standard,1.058447050,0.549469356
48.063345232,-0.706775492,3.516156845,-3.044608832,-0.318804480,2.581799850,2.400000000,3.000000000,standard,1.045421035,0.535654159
48.133408418,-0.776592803,3.510117867,-3.065543115,-0.278640042,2.646128069,2.400000000,3.000000000,standard,1.036221929,0.528352969
48.203471603,-0.846518764,3.505443065,-3.083665369,-0.238549525,2.708929133,2.400000000,3.000000000,standard,1.030036388,0.525163998
48.273534789,-0.916514116,3.501937938,-3.098988066,-0.200649085,2.770306903,2.400000000,3.000000000,standard,1.026051113,0.523685547
48.343597974,-0.986545441,3.499441750,-3.112885011,-0.195970696,2.830353975,2.400000000,3.000000000,standard,1.023717848,0.522085855
48.413661160,-1.056599007,3.497907578,-3.126452539,-0.191279404,2.889153322,2.400000000,3.000000000,standard,1.023381729,0.520454237
48.483724345,-1.126665227,3.497312454,-3.139690878,-0.186585321,2.946779633,2.258602667,3.000000000,standard,1.025575925,0.519284350
48.553787530,-1.196734510,3.497633410,3.130584600,-0.181897592,3.000000000,-2.526449923,3.000000000,standard,1.030833611,0.519069854
48.623850716,-1.266796026,3.498864483,3.117263467,-0.198599476,2.940404349,-3.000000000,3.000000000,standard,1.039336921,0.520239767
48.693913901,-1.336833777,3.501070442,3.102750211,-0.215639648,2.868030444,-3.000000000,3.000000000,standard,1.049808016,0.522954273
48.763977087,-1.406830425,3.504334441,3.087041728,-0.232704469,2.793782295,-3.000000000,3.000000000,standard,1.060589554,0.527303673
48.834040272,-1.476768628,3.508739632,3.070136882,-0.249747461,2.717506284,-3.000000000,3.000000000,standard,1.070024190,0.533378269
48.904103458,-1.546625600,3.514390443,3.050999617,-0.299900941,2.639026579,-3.000000000,3.000000000,standard,1.076893425,0.541239980
48.974166643,-1.616348580,3.521508391,3.028078155,-0.354213628,2.558140375,-3.000000000,2.982103028,standard,1.082394253,0.550794487
49.044229829,-1.685874544,3.530355065,3.001347455,-0.408518739,2.474611699,-3.000000000,2.776829953,standard,1.088550311,0.561894005
49.114293014,-1.755140464,3.541192089,2.970814624,-0.462319299,2.388163301,-3.000000000,2.610262987,standard,1.097385962,0.574390703
49.184356200,-1.824074038,3.554285923,2.936094388,-0.533285228,2.298465757,-3.000000000,2.430387373,standard,1.110674549,0.588345708
49.254419385,-1.892496948,3.569958325,2.895796575,-0.615217485,2.205122610,-3.000000000,2.262772760,standard,1.127318621,0.606209902
49.324482571,-1.960163298,3.588566302,2.849682234,-0.699091601,2.107649546,-3.000000000,2.122698118,standard,1.144390825,0.631957448
49.394545756,-2.026826101,3.610467430,2.797664935,-0.783229929,2.005444464,-2.461939104,2.005444464,standard,1.158934292,0.669587081
49.464608942,-2.092238249,3.636019033,2.739810004,-0.856717435,1.917504864,-1.035535291,1.917504864,standard,1.167996410,0.723085059
49.534672127,-2.156109608,3.665490435,2.678345264,-0.891916914,1.879286860,-1.152439616,1.879286860,standard,1.170103553,0.792103438
49.604735312,-2.218044116,3.698934283,2.614091447,-0.934653779,1.835819142,-1.197918526,1.835819142,standard,1.167423886,0.865621923
49.674798498,-2.277629694,3.736370469,2.546615561,-0.983645890,1.789517238,-1.176509826,1.789517238,standard,1.162676098,0.931006889
49.744861683,-2.334454263,3.777818885,2.475557546,-1.037032976,1.742845918,-0.466129680,1.742845918,standard,1.158578881,0.975624714
49.814924869,-2.388107571,3.823296370,2.401074420,-1.059822850,1.724005462,0.634698666,1.724005462,standard,1.157813395,0.987026040
49.884988054,-2.438270464,3.872667563,2.327583929,-1.029030803,1.749609343,0.521990900,1.749609343,standard,1.161188943,0.961952322
49.955051240,-2.484755278,3.925577421,2.255983347,-1.005016293,1.770389094,0.368568192,1.770389094,standard,1.166813026,0.910410826
50.025114425,-2.527384593,3.981653779,2.185796713,-0.988724254,1.784915591,0.183683102,1.784915591,standard,1.172582590,0.843442641
50.095177611,-2.565980993,4.040524474,2.116511132,-0.980800438,1.792111189,1.013101157,1.792111189,standard,1.176394583,0.772088860
50.165240796,-2.600376884,4.101817898,2.048315554,-0.939282204,1.831290447,2.357426074,1.831290447,standard,1.176198290,0.707129483
50.235303982,-2.630632763,4.165175374,1.985304988,-0.855057618,1.919365068,2.400000000,1.919365068,standard,1.171157865,0.653284216
50.305367167,-2.657038372,4.230251225,1.928206436,-0.771105213,2.005059987,2.400000000,2.021149588,standard,1.161658510,0.609181650
50.375430353,-2.679893511,4.296700342,1.876884162,-0.690109792,2.087239527,2.400000000,2.136466966,standard,1.148139002,0.573183124
50.445493538,-2.699497982,4.364177614,1.831105986,-0.613544421,2.166303795,2.400000000,2.265855818,standard,1.131038117,0.543649972
50.515556724,-2.716139615,4.432366594,1.789739380,-0.567795433,2.242582312,2.400000000,2.355371030,standard,1.110965935,0.519106718
50.585619909,-2.730040900,4.501107277,1.751434160,-0.524423909,2.316350300,2.400000000,2.450834783,standard,1.089467645,0.498968689
50.655683095,-2.741402141,4.570292778,1.716190151,-0.480915511,2.387840448,2.400000000,2.559298160,standard,1.068405936,0.482953668
50.725746280,-2.750423626,4.639816255,1.683987242,-0.437839879,2.457251573,2.400000000,2.682239905,standard,1.049643756,0.470779685
50.795809465,-2.757304218,4.709572855,1.654669505,-0.400926943,2.524755153,2.400000000,2.802997146,standard,1.034906283,0.462152445
50.865872651,-2.762221042,4.779488080,1.627730278,-0.367779210,2.590500314,2.400000000,2.926588685,standard,1.023815164,0.456589477
50.935935836,-2.765334269,4.849511120,1.603109671,-0.334763451,2.654617706,2.400000000,3.000000000,standard,1.014350959,0.453461506
51.005999022,-2.766803619,4.919591787,1.580792043,-0.302058089,2.717222563,2.400000000,3.000000000,standard,1.004450737,0.452135363
51.076062207,-2.766788042,4.989680465,1.560682612,-0.274357406,2.778417129,2.400000000,3.000000000,standard,0.992112448,0.451990430
51.146125393,-2.765423712,5.059744370,1.542226616,-0.252357926,2.838292627,2.400000000,3.000000000,standard,0.977140032,0.452778315
51.216188578,-2.762820750,5.129769970,1.525314272,-0.230339283,2.896930846,2.400000000,3.000000000,standard,0.961402488,0.454676247
51.286251764,-2.759087854,5.199744785,1.509943478,-0.208368450,2.954405459,1.937453901,3.000000000,standard,0.946881802,0.457884745
51.356314949,-2.754333018,5.269656386,1.496031561,-0.192291819,3.000000000,0.000000000,3.000000000,standard,0.935527251,0.462599286
51.426378135,-2.748633956,5.339494554,1.482792637,-0.185581592,3.000000000,0.000000000,3.000000000,standard,0.927882508,0.468798707
51.496441320,-2.742027297,5.409252066,1.470023721,-0.178882124,3.000000000,0.000000000,3.000000000,standard,0.922583795,0.476167858
51.566504506,-2.734546738,5.478921915,1.457723432,-0.172204346,3.000000000,0.000000000,3.000000000,standard,0.918131309,0.484370624
51.636567691,-2.726225483,5.548497029,1.445827226,-0.170795722,3.000000000,0.000000000,3.000000000,standard,0.913051747,0.493078791
51.706630877,-2.717068656,5.617966774,1.433553999,-0.179517457,3.000000000,0.000000000,3.000000000,standard,0.907370794,0.502410991
51.776694062,-2.707038818,5.687315113,1.420668809,-0.188264137,3.000000000,0.000000000,3.000000000,standard,0.903386812,0.513163344
51.846757248,-2.696094976,5.756525559,1.407170175,-0.197021346,3.000000000,0.000000000,3.000000000,standard,0.903587850,0.526188514
51.916820433,-2.684195994,5.825581547,1.393034621,-0.208037809,3.000000000,0.000000000,3.000000000,standard,0.910444364,0.542324352
51.986883618,-2.671288569,5.894459875,1.377870527,-0.224758638,3.000000000,0.000000000,3.000000000,standard,0.924908406,0.561130087
52.056946804,-2.657298018,5.963125678,1.361531220,-0.241576925,3.000000000,0.000000000,3.000000000,standard,0.945264815,0.579918942
52.127009989,-2.642147488,6.031542913,1.344011430,-0.258454899,3.000000000,0.000000000,3.000000000,standard,0.969527958,0.595776382
52.197073175,-2.625760180,6.099675528,1.325318528,-0.273797423,3.000000000,0.000000000,3.000000000,standard,0.995713998,0.605800987
52.267136360,-2.608070820,6.167486255,1.305814660,-0.282837251,3.000000000,0.000000000,3.000000000,standard,1.022247826,0.610078931
52.337199546,-2.589040256,6.234935073,1.285671421,-0.292021086,3.000000000,0.000000000,3.000000000,standard,1.048480559,0.615466641
52.407262731,-2.568632931,6.301981577,1.264880020,-0.301316221,3.000000000,0.000000000,3.000000000,standard,1.073890886,0.629753031
52.477325917,-2.546813294,6.368585366,1.243434149,-0.310276554,3.000000000,0.000000000,3.000000000,standard,1.097957692,0.660726334
52.547389102,-2.523553187,6.434705702,1.221603127,-0.312678456,3.000000000,0.000000000,3.000000000,standard,1.121410685,0.711889337
52.617452288,-2.498849398,6.500300721,1.199594193,-0.315347957,3.000000000,0.000000000,3.000000000,standard,1.149197240,0.772294599
52.687515473,-2.472703969,6.565328322,1.177390862,-0.318275700,3.000000000,0.000000000,3.000000000,standard,1.187152788,0.827952111
52.757578659,-2.445118938,6.629746405,1.154977110,-0.321451226,3.000000000,0.000000000,3.000000000,standard,1.241112757,0.864871864
52.827641844,-2.416126376,6.693530579,1.133997154,-0.271851306,3.000000000,0.000000000,3.000000000,standard,1.315266915,0.872298261
52.897705030,-2.385923064,6.756753604,1.116907104,-0.215964902,3.000000000,0.000000000,3.000000000,standard,1.404778797,0.857216017
52.967768215,-2.354761960,6.819521372,1.103729091,-0.160154749,3.000000000,0.000000000,3.000000000,standard,1.501733299,0.832660655
53.037831400,-2.322896072,6.881939806,1.094456893,-0.104473327,3.000000000,-2.918535859,3.000000000,standard,1.598212695,0.811672851
53.107894586,-2.290598966,6.944128000,1.090370191,-0.003546424,2.931046939,-3.000000000,3.000000000,standard,1.686052204,0.805335436
53.177957771,-2.258291369,7.006299330,1.094031723,0.108077515,2.858436119,-3.000000000,3.000000000,standard,1.755318727,0.810718010
53.248020957,-2.226458131,7.068708257,1.105513953,0.219688250,2.783932099,-3.000000000,3.000000000,standard,1.795308597,0.818783680
53.318084142,-2.195584370,7.131609412,1.124808482,0.330893712,2.707378589,-3.000000000,3.000000000,standard,1.795314956,0.820470291
53.388147328,-2.166128998,7.195224486,1.150233656,0.393313477,2.628596528,-3.000000000,2.829996269,standard,1.749429870,0.809493566
53.458210513,-2.138437226,7.259632241,1.179982868,0.455492643,2.547379162,-3.000000000,2.629750785,standard,1.672567586,0.791622246
53.528273699,-2.112823433,7.324872681,1.214113730,0.518493404,2.463485636,-0.953834762,2.464811200,standard,1.585288388,0.775893312
53.598336884,-2.089594501,7.390983185,1.251868733,0.528809980,2.436206904,2.400000000,2.440649726,standard,1.507867414,0.771124301
53.668400070,-2.068809653,7.457914355,1.286824575,0.468754489,2.504277814,2.400000000,2.592283867,standard,1.451159163,0.778883582
53.738463255,-2.050229694,7.525512234,1.317602568,0.409431572,2.570546763,2.400000000,2.773732738,standard,1.414666606,0.792004538
53.808526441,-2.033597666,7.593616644,1.344258989,0.351199478,2.635149702,2.400000000,2.994872557,standard,1.397217074,0.802800646
53.878589626,-2.018641450,7.662080604,1.366330173,0.278362998,2.698206300,2.400000000,3.000000000,standard,1.396610370,0.805285365
53.948652812,-2.005025503,7.730812344,1.383264095,0.204971929,2.759822554,2.400000000,3.000000000,standard,1.406348260,0.800582994
54.018715997,-1.992397699,7.799734529,1.395054422,0.131569667,2.820092874,2.400000000,3.000000000,standard,1.418808889,0.791676789
54.088779183,-1.980408836,7.868770531,1.402019305,0.080360024,2.879101789,2.400000000,3.000000000,standard,1.426445079,0.781546592
54.158842368,-1.968818751,7.937870149,1.406985611,0.061400354,2.936925331,2.400000000,3.000000000,standard,1.424497306,0.773044519
54.228905553,-1.957526377,8.007016884,1.410623001,0.042430943,2.993632190,0.272370650,3.000000000,standard,1.411761874,0.768859762
54.298968739,-1.946439684,8.076196431,1.412931182,0.023458225,3.000000000,0.000000000,3.000000000,standard,1.387266255,0.771670923
54.369031924,-1.935473849,8.145395590,1.414406974,0.027070298,3.000000000,0.000000000,3.000000000,standard,1.350487121,0.783905580
54.439095110,-1.924640720,8.214616008,1.416898724,0.044058487,3.000000000,0.000000000,3.000000000,standard,1.306929102,0.804622753
54.509158295,-1.914021254,8.283869942,1.420580713,0.061045488,3.000000000,-0.773260836,3.000000000,standard,1.266406280,0.830473244
54.579221481,-1.903697907,8.353169881,1.425452813,0.078027366,2.981886276,-3.000000000,3.000000000,standard,1.238826050,0.858055708
54.649284666,-1.893761514,8.422528856,1.431995340,0.113399925,2.910544048,-3.000000000,3.000000000,standard,1.232494084,0.884228368
54.719347852,-1.884376862,8.491964695,1.441400538,0.155065197,2.837408596,-3.000000000,3.000000000,standard,1.241580771,0.908140153
54.789411037,-1.875747252,8.561497722,1.453725272,0.196727719,2.762337494,-3.000000000,3.000000000,standard,1.252895129,0.930132942
54.859474223,-1.868076316,8.631148283,1.468967882,0.238297900,2.685168396,-3.000000000,3.000000000,standard,1.253182812,0.950558885
54.929537408,-1.861581913,8.700932730,1.487822702,0.303479989,2.605714912,-3.000000000,3.000000000,standard,1.232015286,0.969768520
54.999600594,-1.856573310,8.770841749,1.511541950,0.373393749,2.523761297,-3.000000000,2.904502505,standard,1.197118574,0.988102025
55.069663779,-1.853395919,8.840855879,1.540166300,0.443374637,2.439055550,-3.000000000,2.665445788,standard,1.163398014,1.005895484
55.139726965,-1.852395244,8.910955632,1.573688550,0.512697689,2.351300249,-3.000000000,2.478703597,standard,1.145776695,1.023484972
55.209790150,-1.853918690,8.981097614,1.612187255,0.585344757,2.260140206,-3.000000000,2.319793945,standard,1.155394422,1.041035455
55.279853336,-1.858322608,9.051126173,1.655898469,0.660876785,2.165145407,-3.000000000,2.183207570,standard,1.185626750,1.057908480
55.349916521,-1.865965966,9.120852738,1.704964142,0.738141316,2.065786902,-2.786037354,2.065786902,standard,1.224639890,1.073229990
55.419979706,-1.877207732,9.190088734,1.759455043,0.812467487,1.969029767,-0.345957838,1.969029767,standard,1.260599572,1.086125926
55.490042892,-1.892339265,9.258628895,1.816825131,0.822754966,1.956680967,-0.477464518,1.956680967,standard,1.284871403,1.096189800
55.560106077,-1.911412620,9.326208882,1.875096669,0.837388456,1.939508968,-0.582296913,1.939508968,standard,1.300147190,1.104670115
55.630169263,-1.934426933,9.392551290,1.934537878,0.855955028,1.918358643,-0.488315866,1.918358643,standard,1.311623505,1.113181376
55.700232448,-1.961381289,9.457378744,1.995372898,0.872171752,1.900440463,0.880278878,1.900440463,standard,1.324494233,1.123336851
55.770295634,-1.992222868,9.520442632,2.055585806,0.843368021,1.932621080,0.852324519,1.932621080,standard,1.341051149,1.135412865
55.840358819,-2.026748077,9.581577895,2.113871793,0.817235654,1.963277204,0.785357659,1.963277204,standard,1.355156580,1.145802478
55.910422005,-2.064726103,9.640634558,2.170442331,0.794550303,1.991106903,0.872312765,1.991106903,standard,1.359150987,1.150197659
55.980485190,-2.105926098,9.697462767,2.225513207,0.770785380,2.021568876,2.037404986,2.021568876,standard,1.345384369,1.144296861
56.050548376,-2.150103426,9.751962480,2.277829487,0.720455346,2.090988974,2.313007772,2.090988974,standard,1.310191069,1.126507773
56.120611561,-2.196978379,9.804160311,2.326627149,0.670733902,2.167105967,2.400000000,2.167105967,standard,1.260036168,1.102126678
56.190674747,-2.246265761,9.854102706,2.371998797,0.622756882,2.243357209,2.400000000,2.249033938,standard,1.202971101,1.077528537
56.260737932,-2.297680510,9.901836192,2.414087359,0.578131500,2.317100527,2.400000000,2.334220939,standard,1.147036332,1.059073376
56.330801118,-2.350965093,9.947423597,2.453215646,0.537724923,2.388568221,2.400000000,2.420333400,standard,1.098055815,1.050104844
56.400864303,-2.405922736,9.990963728,2.489505185,0.497433264,2.457958794,2.400000000,2.516447446,standard,1.056960924,1.047308428
56.470927489,-2.462364786,10.032560201,2.522988823,0.457782495,2.525443471,2.400000000,2.623165464,standard,1.024029130,1.046479746
56.540990674,-2.520102813,10.072316716,2.553728163,0.419985914,2.591171167,2.400000000,2.738658713,standard,0.999524913,1.043433197
56.611053859,-2.578970625,10.110345329,2.581928738,0.384722263,2.655272359,2.400000000,2.861420062,standard,0.982410418,1.035865761
56.681117045,-2.638842937,10.146773473,2.607652661,0.349359256,2.717862137,2.400000000,3.000000000,standard,0.969252088,1.024937515
56.751180230,-2.699598863,10.181730234,2.630906031,0.314154328,2.779042620,2.400000000,3.000000000,standard,0.956358888,1.012180730
56.821243416,-2.761118619,10.215342632,2.651990975,0.302618412,2.838904926,2.400000000,3.000000000,standard,0.940092721,0.999127101
56.891306601,-2.823341474,10.247627391,2.674332794,0.334853526,2.897530753,-0.707394286,3.000000000,standard,0.919645645,0.987277423
56.961369787,-2.886294289,10.278437603,2.698940526,0.367356661,2.880374953,-3.000000000,2.928271342,standard,0.898408162,0.978086661
57.031432972,-2.950011023,10.307613111,2.725827162,0.399940034,2.806453413,-2.556081349,2.806453413,standard,0.880110787,0.973006066
57.101496158,-3.014524323,10.334995480,2.754790166,0.418994059,2.741898312,-0.274226055,2.741898312,standard,0.868365366,0.973394478
57.171559343,-3.079825364,10.360480725,2.784233961,0.421146639,2.734882091,-0.342102510,2.734882091,standard,0.863029451,0.977687139
57.241622529,-3.145856373,10.384029133,2.813851240,0.423863233,2.726103899,-0.404963925,2.726103899,standard,0.859529450,0.980868614
57.311685714,-3.212556756,10.405604692,2.843677672,0.427124647,2.715676038,1.158811324,2.715676038,standard,0.853036560,0.977724725
57.381748900,-3.279865581,10.425174321,2.873509874,0.417922847,2.745410055,2.400000000,2.745410055,standard,0.838950453,0.963293153
57.451812085,-3.347714901,10.442765221,2.902075363,0.397159089,2.805989960,2.400000000,2.816261796,standard,0.817369365,0.937791071
57.521875271,-3.416030192,10.458461157,2.929194662,0.376657477,2.865289331,2.400000000,2.891891405,standard,0.792800388,0.906295783
57.591938456,-3.484736674,10.472348083,2.954890110,0.356548345,2.923386091,2.400000000,2.972323425,standard,0.769921071,0.874072494
57.662001641,-3.553760679,10.484512871,2.979138281,0.334488908,2.980350571,0.838603551,3.000000000,standard,0.753082842,0.846154090
57.732064827,-3.623044406,10.495055545,3.001755721,0.310965152,3.000000000,0.000000000,3.000000000,standard,0.741980491,0.824256160
57.802128012,-3.692541890,10.504085935,3.022726980,0.287527185,3.000000000,0.000000000,3.000000000,standard,0.732834897,0.807619548
57.872191198,-3.762207448,10.511714110,3.042061456,0.264267222,3.000000000,0.000000000,3.000000000,standard,0.721783747,0.795425836
57.942254383,-3.831996768,10.518049592,3.059812099,0.242840466,3.000000000,0.000000000,3.000000000,standard,0.705426683,0.786732981
58.012317569,-3.901879742,10.523196263,3.076102626,0.222118253,3.000000000,0.000000000,3.000000000,standard,0.685153738,0.779316985
58.082380754,-3.971834668,10.527254667,3.090941785,0.201423492,3.000000000,0.000000000,3.000000000,standard,0.665190765,0.770194959
58.152443940,-4.041839954,10.530325303,3.104332988,0.180796617,3.000000000,0.000000000,3.000000000,standard,0.649800652,0.756374103
58.222507125,-4.111875140,10.532507263,3.116359365,0.163086549,3.000000000,0.000000000,3.000000000,standard,0.642565449,0.735448040
58.292570311,-4.181928546,10.533888724,3.127193023,0.146148385,3.000000000,0.000000000,3.000000000,standard,0.641785550,0.709559659
58.362633496,-4.251992594,10.534552760,3.136840007,0.129216891,3.000000000,0.000000000,3.000000000,standard,0.643292659,0.682978209
58.432696682,-4.322059730,10.534582416,-3.137884014,0.112305839,3.000000000,0.000000000,3.000000000,standard,0.642904491,0.659984992
58.502759867,-4.392123130,10.534058672,-3.130505789,0.098731107,3.000000000,0.000000000,3.000000000,standard,0.637114973,0.644431332
58.572823053,-4.462180276,10.533050283,-3.124046719,0.085643435,3.000000000,0.000000000,3.000000000,standard,0.626416846,0.637625875
58.642886238,-4.532230234,10.531621529,-3.118504629,0.072556497,3.000000000,0.000000000,3.000000000,standard,0.612767423,0.639946011
58.712949424,-4.602272070,10.529836682,-3.113879330,0.059473814,3.000000000,0.000000000,3.000000000,standard,0.598126214,0.651767727
58.783012609,-4.672305083,10.527755702,-3.109977817,0.052144981,3.000000000,0.000000000,3.000000000,standard,0.584290272,0.672640784
58.853075794,-4.742329647,10.525418884,-3.106572010,0.045075417,3.000000000,0.000000000,3.000000000,standard,0.572316567,0.698351055
58.923138980,-4.812346439,10.522860932,-3.103661529,0.038005835,3.000000000,0.000000000,3.000000000,standard,0.563051439,0.723613205
58.993202165,-4.882356137,10.520116549,-3.101246242,0.031011471,3.000000000,0.000000000,3.000000000,standard,0.557341190,0.743141901
59.063265351,-4.952359484,10.517218800,-3.099259424,0.025703403,3.000000000,0.000000000,3.000000000,standard,0.555713320,0.752886576
59.133328536,-5.022357449,10.514194992,-3.097644515,0.020395178,3.000000000,0.000000000,3.000000000,standard,0.557572190,0.753146683
59.203391722,-5.092351052,10.511071161,-3.096401518,0.015086976,3.000000000,0.000000000,3.000000000,standard,0.562074960,0.745179115
59.273454907,-5.162341312,10.507873343,-3.095529095,0.010075700,3.000000000,0.000000000,3.000000000,standard,0.568378391,0.730241994
59.343518093,-5.232329175,10.504624864,-3.094927937,0.007084737,3.000000000,0.000000000,3.000000000,standard,0.575369474,0.710426700
59.413581278,-5.302315384,10.501341646,-3.094536337,0.004093751,3.000000000,0.000000000,3.000000000,standard,0.581196565,0.690106082
59.483644464,-5.372300645,10.498038356,-3.094354295,0.001102758,3.000000000,0.000000000,3.000000000,standard,0.583882737,0.674039950
59.553707649,-5.442285666,10.494729659,-3.094382233,-0.001944539,3.000000000,0.000000000,3.000000000,standard,0.581459576,0.666973375
59.623770835,-5.512271159,10.491430601,-3.094632479,-0.005198898,3.000000000,0.000000000,3.000000000,standard,0.573481966,0.671013307
59.693834020,-5.582257844,10.488157036,-3.095110736,-0.008453264,3.000000000,0.000000000,3.000000000,standard,0.562774896,0.682603372
59.763897206,-5.652246442,10.484924923,-3.095817005,-0.011707633,3.000000000,0.000000000,3.000000000,standard,0.552586559,0.697454275
59.833960391,-5.722237671,10.481750156,-3.096742179,-0.014094136,3.000000000,0.000000000,3.000000000,standard,0.546143838,0.711302157
59.904023577,-5.792231994,10.478643691,-3.097742151,-0.014450716,3.000000000,0.000000000,3.000000000,standard,0.545017972,0.721859496
59.974086762,-5.862229440,10.475608093,-3.098767108,-0.014807326,3.000000000,0.000000000,3.000000000,standard,0.547969886,0.730193437
60.044149947,-5.932229996,10.472645116,-3.099817050,-0.015163962,3.000000000,0.000000000,3.000000000,standard,0.553487793,0.737696658
60.114213133,-6.002233651,10.469756576,-3.100899001,-0.016040907,3.000000000,0.000000000,3.000000000,standard,0.560058087,0.745698254
60.184276318,-6.072240506,10.466946969,-3.102082693,-0.017748344,3.000000000,0.000000000,3.000000000,standard,0.566089753,0.752824524
60.254339504,-6.142250810,10.464224419,-3.103386013,-0.019455768,3.000000000,0.000000000,3.000000000,standard,0.569887223,0.754050917
60.324402689,-6.212264824,10.461597302,-3.104808961,-0.021163142,3.000000000,0.000000000,3.000000000,standard,0.569747522,0.744094296
60.394465875,-6.282282809,10.459074205,-3.106370520,-0.024021514,3.000000000,0.000000000,3.000000000,standard,0.564055104,0.718011192
60.464529060,-6.352305032,10.456669248,-3.108199006,-0.028173645,3.000000000,0.000000000,3.000000000,standard,0.553509520,0.679852489
60.534592246,-6.422331768,10.454402518,-3.110318415,-0.032326122,3.000000000,0.000000000,3.000000000,standard,0.541308246,0.643373714
60.604655431,-6.492363290,10.452294402,-3.112728763,-0.036478812,3.000000000,0.000000000,3.000000000,standard,0.530772815,0.622812368
60.674718617,-6.562399840,10.450363925,-3.115325624,-0.035275116,3.000000000,0.000000000,3.000000000,standard,0.525069575,0.631532726
60.744781802,-6.632441018,10.448605861,-3.117605446,-0.029803875,3.000000000,0.000000000,3.000000000,standard,0.524590965,0.667290295
60.814844988,-6.702485879,10.446994053,-3.119501946,-0.024332841,3.000000000,0.000000000,3.000000000,standard,0.527336437,0.714375248
60.884908173,-6.772533455,10.445501662,-3.121015139,-0.018862129,3.000000000,0.000000000,3.000000000,standard,0.531226964,0.756636155
60.954971359,-6.842582803,10.444101611,-3.122129351,-0.012694245,3.000000000,0.000000000,3.000000000,standard,0.534297074,0.779069763
61.025034544,-6.912633215,10.442763824,-3.122789069,-0.006137812,3.000000000,0.000000000,3.000000000,standard,0.536025500,0.781275209
61.095097730,-6.982684152,10.441456163,-3.122989419,0.000418672,3.000000000,0.000000000,3.000000000,standard,0.536885244,0.772904756
61.165160915,-7.052735078,10.440146446,-3.122730402,0.006975142,3.000000000,0.000000000,3.000000000,standard,0.537368931,0.763809065
61.235224100,-7.122785442,10.438802642,-3.122020764,0.013188637,3.000000000,0.000000000,3.000000000,standard,0.537944491,0.762675368
61.305287286,-7.192834563,10.437394117,-3.120883544,0.019274042,3.000000000,0.000000000,3.000000000,standard,0.538848345,0.767284279
61.375350471,-7.262881687,10.435890999,-3.119319958,0.025359494,3.000000000,0.000000000,3.000000000,standard,0.540190307,0.769451712
61.445413657,-7.332926062,10.434263425,-3.117330008,0.031444807,3.000000000,0.000000000,3.000000000,standard,0.542078901,0.760932861
61.515476842,-7.402966898,10.432482594,-3.114969470,0.035573512,3.000000000,0.000000000,3.000000000,standard,0.544574617,0.735356466
61.585540028,-7.473003171,10.430527207,-3.112348107,0.039254717,3.000000000,0.000000000,3.000000000,standard,0.547398109,0.699606664
61.655603213,-7.543033751,10.428379207,-3.109468809,0.042936386,3.000000000,0.000000000,3.000000000,standard,0.550123446,0.666284975
61.725666399,-7.613057507,10.426020548,-3.106331554,0.046618240,3.000000000,0.000000000,3.000000000,standard,0.552324124,0.648015424
61.795729584,-7.683073333,10.423434971,-3.103021459,0.047598251,3.000000000,0.000000000,3.000000000,tight_bend_1_standard,0.553758382,0.654468370
61.865792770,-7.753080234,10.420615911,-3.099662792,0.048276548,3.000000000,0.000000000,3.000000000,tight_bend_1_standard,0.555185665,0.679307280
61.935855955,-7.823077257,10.417560071,-3.096256578,0.048955431,3.000000000,0.000000000,3.000000000,tight_bend_1_standard,0.557702994,0.710798484
62.005919141,-7.893063448,10.414264157,-3.092802777,0.049634828,3.000000000,0.000000000,3.000000000,tight_bend_1_standard,0.562407652,0.737204176
62.075982326,-7.963037468,10.410718605,-3.089028387,0.058224913,3.000000000,0.000000000,3.000000000,tight_bend_1_standard,0.569750182,0.749264127
62.146045512,-8.032996363,10.406887632,-3.084643777,0.066935651,3.000000000,-2.581728690,3.000000000,tight_bend_1_standard,0.577475711,0.748082222
62.216108697,-8.102936757,10.402728597,-3.079648864,0.075645357,2.939086887,-3.000000000,3.000000000,tight_bend_1_standard,0.582622054,0.737471969
62.286171882,-8.172855276,10.398198856,-3.074041107,0.085412172,2.866679721,-3.000000000,3.000000000,tight_bend_1_standard,0.582227482,0.721246744
62.356235068,-8.242746314,10.393240846,-3.067226498,0.109108374,2.792395657,-3.000000000,3.000000000,tight_bend_1_standard,0.574906414,0.702744141
62.426298253,-8.312597055,10.387748701,-3.058751011,0.132820324,2.716080705,-3.000000000,3.000000000,tight_bend_1_standard,0.564376530,0.683761250
62.496361439,-8.382393223,10.381606793,-3.048614006,0.156532761,2.637558583,-3.000000000,3.000000000,tight_bend_1_standard,0.555386490,0.665783942
62.566424624,-8.452120515,10.374699380,-3.036783367,0.186146120,2.556625934,-3.000000000,3.000000000,tight_bend_1_standard,0.552679969,0.650296977
62.636487810,-8.521753668,10.366864155,-3.021582257,0.247739635,2.473046108,-3.000000000,3.000000000,tight_bend_1_standard,0.559015797,0.638341323
62.706550995,-8.591239770,10.357821387,-3.002061895,0.309396720,2.386541000,-3.000000000,3.000000000,tight_bend_1_standard,0.572147313,0.629838772
62.776614181,-8.660521619,10.347273121,-2.978223323,0.370833200,2.296780100,-3.000000000,2.914512837,tight_bend_1_standard,0.589051051,0.624537433
62.846677366,-8.729541443,10.334920603,-2.949929973,0.449923493,2.203365543,-3.000000000,2.645976251,tight_bend_1_standard,0.606724932,0.622186087
62.916740552,-8.798167446,10.320361971,-2.913557382,0.587385664,2.105811150,-3.000000000,2.315760305,tight_bend_1_standard,0.624931215,0.622620589
62.986803737,-8.866121459,10.302991478,-2.867474037,0.726701759,2.003512289,-3.000000000,2.081982963,tight_bend_1_standard,0.648898388,0.625848969
63.056866923,-8.933108130,10.282179434,-2.811626243,0.864809455,1.895701025,-3.000000000,1.908512735,tight_bend_1_standard,0.684496795,0.631899477
63.126930108,-8.998828790,10.257297921,-2.746219539,0.992656465,1.781376789,-2.633369064,1.781376789,tight_bend_1_standard,0.737492148,0.640788562
63.196993294,-9.062788246,10.227824175,-2.671802292,1.123275447,1.674604076,-2.307227095,1.674604076,tight_bend_1_standard,0.807443740,0.651832855
63.267056479,-9.124187990,10.193397724,-2.587630894,1.269651661,1.575117600,-1.912931887,1.575117600,tight_bend_1_standard,0.884331779,0.663268873
63.337119665,-9.182203567,10.153671977,-2.492922864,1.423443643,1.487596467,-0.761103589,1.487596467,tight_bend_1_standard,0.957317225,0.673240756
63.407182850,-9.236013228,10.108314521,-2.388624309,1.495518737,1.451307192,0.075576081,1.451307192,tight_bend_1_standard,1.015690835,0.679937276
63.477246035,-9.284879518,10.057435575,-2.283502164,1.488037055,1.454951122,-0.199993175,1.454951122,tight_bend_1_standard,1.052794945,0.682940343
63.547309221,-9.328163829,10.001664384,-2.177855490,1.508000697,1.445288362,-0.438708959,1.445288362,tight_bend_1_standard,1.066722764,0.683465459
63.617372406,-9.365233190,9.941659771,-2.069972739,1.553726566,1.423862267,0.350448344,1.423862267,tight_bend_1_standard,1.055838266,0.682821229
63.687435592,-9.395481180,9.878084131,-1.960266457,1.516982393,1.441003404,1.217966970,1.441003404,tight_bend_1_standard,1.018910004,0.682270435
63.757498777,-9.418784250,9.811664744,-1.857540178,1.401769282,1.499053068,1.270929851,1.499053068,tight_bend_1_standard,0.962063681,0.682242603
63.827561963,-9.435439845,9.743185464,-1.762440101,1.298834695,1.557321704,1.184110440,1.557321704,tight_bend_1_standard,0.897839329,0.682440784
63.897625148,-9.445759512,9.673432037,-1.673890230,1.215664245,1.609713014,0.691168106,1.609713014,tight_bend_1_standard,0.838991882,0.682543687
63.967688334,-9.450048586,9.603168821,-1.590115678,1.171863287,1.639520316,0.552376874,1.639520316,tight_bend_1_standard,0.797905613,0.682244589
64.037751519,-9.448538553,9.532905898,-1.508886082,1.139063599,1.662958037,0.570070166,1.662958037,tight_bend_1_standard,0.782558907,0.681409897
64.107814705,-9.441412469,9.462986603,-1.429945701,1.107084488,1.686805056,0.548965964,1.686805056,tight_bend_1_standard,0.798040914,0.680019549
64.177877890,-9.428852548,9.393751371,-1.353073607,1.077941721,1.709454856,-1.078734722,1.709454856,tight_bend_1_standard,0.849390480,0.678055462
64.247941076,-9.411008581,9.325568835,-1.275778295,1.136742254,1.664655136,-1.614234421,1.664655136,tight_bend_1_standard,0.939039626,0.675492369
64.318004261,-9.387758632,9.259043961,-1.192180916,1.237779427,1.595267975,-1.530912326,1.595267975,tight_bend_1_standard,1.047572299,0.672244820
64.388067447,-9.358845166,9.194899654,-1.101107478,1.351723222,1.526551251,-1.337685754,1.526551251,tight_bend_1_standard,1.144669807,0.668197329
64.458130632,-9.324009649,9.133859685,-1.001903146,1.469961221,1.463869418,0.383737808,1.463869418,tight_bend_1_standard,1.199933208,0.663234192
64.528193818,-9.283092035,9.076619936,-0.899053778,1.433978627,1.482121945,0.465594325,1.482121945,tight_bend_1_standard,1.188940937,0.657138206
64.598257003,-9.236521420,9.023709448,-0.799515949,1.392617578,1.503970579,0.230588175,1.503970579,tight_bend_1_standard,1.123028219,0.649085036
64.668320188,-9.184945014,8.975595492,-0.702075168,1.373004302,1.514674548,-0.042816201,1.514674548,tight_bend_1_standard,1.026768113,0.638025569
64.738383374,-9.129010381,8.932745242,-0.605305474,1.376604270,1.512692734,1.611457921,1.512692734,tight_bend_1_standard,0.924755144,0.622910329
64.808446559,-9.069368663,8.895498539,-0.512672622,1.252959841,1.585574677,2.026108973,1.585574677,tight_bend_1_standard,0.837414467,0.603051680
64.878509745,-9.006686358,8.863648886,-0.429052348,1.125820902,1.672709884,2.349967433,1.672709884,tight_bend_1_standard,0.767281755,0.579314529
64.948572930,-8.941634078,8.836843288,-0.354062207,1.007274517,1.768403450,2.400000000,1.768403450,tight_bend_1_standard,0.712095611,0.552980098
65.018636116,-8.874882404,8.814728726,-0.287007634,0.900355291,1.861062614,2.400000000,1.870459531,tight_bend_1_standard,0.669594655,0.525329909
65.088699301,-8.807011220,8.796902612,-0.228135525,0.776276100,1.949322278,2.400000000,2.014406756,tight_bend_1_standard,0.637706296,0.498424923
65.158762487,-8.738312796,8.782805155,-0.178149667,0.648964650,2.033755304,2.400000000,2.203153499,tight_bend_1_standard,0.614956645,0.476797889
65.228825672,-8.669022518,8.771845476,-0.137072885,0.522361638,2.114820069,2.400000000,2.455667935,tight_bend_1_standard,0.599990217,0.465470394
65.298888858,-8.599375616,8.763433012,-0.104715603,0.412271452,2.192890151,2.400000000,2.764162976,tight_bend_1_standard,0.591449839,0.469453715
65.368952043,-8.529555454,8.757081191,-0.077195790,0.372671500,2.268274786,2.400000000,2.907315649,tight_bend_1_standard,0.587424895,0.490378911
65.439015229,-8.459619026,8.752556812,-0.052476420,0.332714409,2.341233392,2.400000000,3.000000000,tight_bend_1_standard,0.584656324,0.521641195
65.509078414,-8.389604444,8.749664532,-0.030563245,0.292711449,2.411986129,2.400000000,3.000000000,tight_bend_1_standard,0.579683586,0.555405240
65.579141600,-8.319549743,8.748209028,-0.011446541,0.253265215,2.480721745,2.400000000,3.000000000,tight_bend_1_standard,0.569073059,0.583866766
65.649204785,-8.249484039,8.747997419,0.004959678,0.215026887,2.547603514,2.400000000,3.000000000,tight_bend_1_standard,0.552463200,0.602765172
65.719267970,-8.179419412,8.748841488,0.018686556,0.176783824,2.612773805,2.400000000,3.000000000,tight_bend_1_standard,0.535361979,0.614610399
65.789331156,-8.109366020,8.750553546,0.029736496,0.138606112,2.676357646,2.400000000,3.000000000,tight_bend_1_standard,0.523938400,0.622674898
65.859394341,-8.039333936,8.752946693,0.038212213,0.108715947,2.738465544,2.400000000,3.000000000,tight_bend_1_standard,0.524275577,0.630170912
65.929457527,-7.969328334,8.755878586,0.045335949,0.094620852,2.799195747,2.400000000,3.000000000,tight_bend_1_standard,0.537613133,0.636915377
65.999520712,-7.899346964,8.759274362,0.051471217,0.080511215,2.858636059,2.400000000,3.000000000,tight_bend_1_standard,0.557856379,0.637583847
66.069583898,-7.829386962,8.763064776,0.056617582,0.066395774,2.916865339,2.400000000,3.000000000,tight_bend_1_standard,0.578299520,0.626423486
66.139647083,-7.759445452,8.767180649,0.060781156,0.052694989,2.973954723,1.110378449,3.000000000,tight_bend_1_standard,0.592384950,0.597968538
66.209710269,-7.689519248,8.771554885,0.064012613,0.039549520,3.000000000,0.000000000,3.000000000,tight_bend_1_standard,0.598469877,0.556274476
66.279773454,-7.619604788,8.776122910,0.066323105,0.026404878,3.000000000,0.000000000,3.000000000,tight_bend_1_standard,0.600845683,0.516892754
66.349836640,-7.549698489,8.780820299,0.067712686,0.013261331,3.000000000,0.000000000,3.000000000,tight_bend_1_standard,0.604158077,0.496061248
66.419899825,-7.479796800,8.785583464,0.068251252,0.004001009,3.000000000,0.000000000,3.000000000,tight_bend_1_standard,0.612781401,0.509206960
66.489963011,-7.409896928,8.790366904,0.068336005,-0.001581720,3.000000000,0.000000000,3.000000000,tight_bend_1_standard,0.625228731,0.554242796
66.560026196,-7.339996807,8.795142579,0.068029610,-0.007164545,3.000000000,0.000000000,3.000000000,tight_bend_1_standard,0.634355629,0.612176398
66.630089382,-7.270094400,8.799883158,0.067332067,-0.012747332,3.000000000,0.000000000,3.000000000,tight_bend_1_standard,0.632787054,0.663326345
66.700152567,-7.200187741,8.804562143,0.066302903,-0.015494604,3.000000000,0.000000000,3.000000000,tight_bend_1_standard,0.613927143,0.689182149
66.770215753,-7.130275906,8.809165493,0.065187483,-0.016345784,3.000000000,0.000000000,3.000000000,tight_bend_1_standard,0.582873463,0.688806047
66.840278938,-7.060358776,8.813688779,0.064012423,-0.017197058,3.000000000,0.000000000,3.000000000,tight_bend_1_standard,0.553742968,0.674814481
66.910342123,-6.990436255,8.818127819,0.062777716,-0.018048424,3.000000000,0.000000000,3.000000000,tight_bend_1_standard,0.540885647,0.660174094
66.980405309,-6.920508316,8.822479739,0.061565234,-0.015487619,3.000000000,0.000000000,3.000000000,standard,0.557105865,0.656531738
67.050468494,-6.850575730,8.826755904,0.060624815,-0.011357239,3.000000000,0.000000000,3.000000000,standard,0.598381569,0.661166350
67.120531680,-6.780639754,8.830976420,0.059973784,-0.007226861,3.000000000,0.000000000,3.000000000,standard,0.650353484,0.662530012
67.190594865,-6.710701652,8.835161524,0.059612141,-0.003096496,3.000000000,0.000000000,3.000000000,standard,0.698511916,0.648946369
67.260658051,-6.640762621,8.839330447,0.059483858,-0.001041436,3.000000000,0.000000000,3.000000000,standard,0.729772143,0.611020386
67.330721236,-6.570823307,8.843494238,0.059461245,0.000395946,3.000000000,0.000000000,3.000000000,standard,0.742633730,0.557903040
67.400784422,-6.500884087,8.847659971,0.059539340,0.001833325,3.000000000,0.000000000,3.000000000,standard,0.741231005,0.507766347
67.470847607,-6.430945335,8.851834691,0.059718142,0.003270692,3.000000000,0.000000000,3.000000000,standard,0.729735868,0.478842476
67.540910793,-6.361007365,8.856024047,0.059927674,0.002375386,3.000000000,0.000000000,3.000000000,standard,0.712074478,0.485704277
67.610973978,-6.291070089,8.860225036,0.060049027,0.001088712,3.000000000,0.000000000,3.000000000,standard,0.690652586,0.520284216
67.681037164,-6.221133269,8.864431352,0.060080232,-0.000197967,3.000000000,0.000000000,3.000000000,standard,0.667295160,0.565866245
67.751100349,-6.151196669,8.868636680,0.060021287,-0.001484672,3.000000000,0.000000000,3.000000000,standard,0.643826001,0.605717032
67.821163535,-6.081259567,8.872828034,0.059568003,-0.011989266,3.000000000,0.000000000,3.000000000,tight_bend_2_standard,0.622377609,0.626086903
67.891226720,-6.011318941,8.876960639,0.058340144,-0.023060905,3.000000000,0.000000000,3.000000000,tight_bend_2_standard,0.606552378,0.627433403
67.961289906,-5.941371083,8.880980273,0.056336601,-0.034131104,3.000000000,0.000000000,3.000000000,tight_bend_2_standard,0.600389738,0.614438218
68.031353091,-5.871412288,8.884832708,0.053556664,-0.046037751,3.000000000,0.000000000,3.000000000,tight_bend_2_standard,0.607929148,0.591783726
68.101416276,-5.801438573,8.888436786,0.048881543,-0.087412551,3.000000000,0.000000000,3.000000000,tight_bend_2_standard,0.630945867,0.563848970
68.171479462,-5.731444944,8.891612188,0.041307006,-0.128801358,3.000000000,-0.474037380,3.000000000,tight_bend_2_standard,0.662880068,0.533896348
68.241542647,-5.661426176,8.894155789,0.030832664,-0.170180787,2.988908641,-3.000000000,3.000000000,tight_bend_2_standard,0.695254407,0.504931369
68.311605833,-5.591377050,8.895864471,0.017463983,-0.210553906,2.917738122,-3.000000000,3.000000000,tight_bend_2_standard,0.719594677,0.479959859
68.381669018,-5.521300318,8.896544154,0.001545778,-0.243763247,2.844787626,-3.000000000,3.000000000,tight_bend_2_standard,0.730367598,0.462286578
68.451732204,-5.451221493,8.896026573,-0.016707119,-0.277168243,2.769916519,-3.000000000,3.000000000,tight_bend_2_standard,0.730438553,0.456069969
68.521795389,-5.381170125,8.894148037,-0.037304662,-0.310689187,2.692964614,-3.000000000,3.000000000,tight_bend_2_standard,0.724162459,0.465619878
68.591858575,-5.311175805,8.890744865,-0.060250676,-0.344065165,2.613748131,-3.000000000,3.000000000,tight_bend_2_standard,0.715881125,0.495222687
68.661921760,-5.241277233,8.885654749,-0.085522106,-0.377148594,2.532054538,-3.000000000,2.890007904,tight_bend_2_standard,0.707165300,0.544203696
68.731984946,-5.171533415,8.878718445,-0.113123172,-0.410457597,2.447635812,-3.000000000,2.770263804,tight_bend_2_standard,0.693406906,0.600826148
68.802048131,-5.102006102,8.869777126,-0.143064723,-0.443729327,2.360199559,-3.000000000,2.664380279,tight_bend_2_standard,0.669162415,0.651857562
68.872111317,-5.032757800,8.858670729,-0.175542890,-0.496477903,2.269397022,-3.000000000,2.518867453,tight_bend_2_standard,0.629061158,0.684161914
68.942174502,-4.963915689,8.845133661,-0.213990239,-0.599845582,2.174806597,-3.000000000,2.291582751,tight_bend_2_standard,0.573970251,0.692861249
69.012237688,-4.895720257,8.828715423,-0.259753647,-0.705065698,2.075910551,-3.000000000,2.113686062,tight_bend_2_standard,0.515685753,0.687546200
69.082300873,-4.828423447,8.808946831,-0.312903977,-0.809971545,1.972061233,-2.984935167,1.972061233,tight_bend_2_standard,0.467108334,0.679269776
69.152364059,-4.762280394,8.785360436,-0.373320063,-0.907582888,1.862996879,-2.422196346,1.862996879,tight_bend_2_standard,0.440931182,0.678972805
69.222427244,-4.697687330,8.757565576,-0.440548217,-1.005957893,1.769560338,-2.160674706,1.769560338,tight_bend_2_standard,0.440681975,0.692640762
69.292490429,-4.635234217,8.725277012,-0.515032461,-1.113634451,1.681837176,-1.842518169,1.681837176,tight_bend_2_standard,0.457303746,0.719455200
69.362553615,-4.575525073,8.688217154,-0.597243421,-1.225494535,1.603243868,-0.977326775,1.603243868,tight_bend_2_standard,0.480826598,0.758104091
69.432616800,-4.519165089,8.646119326,-0.686652946,-1.294462929,1.559949245,-0.508611447,1.559949245,tight_bend_2_standard,0.501504138,0.807184155
69.502679986,-4.466789392,8.598994695,-0.779151868,-1.333518604,1.536935838,-0.684778743,1.536935838,tight_bend_2_standard,0.515279536,0.862969025
69.572743171,-4.419064744,8.547148036,-0.875056716,-1.389982114,1.505395699,-0.769791633,1.505395699,tight_bend_2_standard,0.524108379,0.919277430
69.642806357,-4.376659423,8.490898193,-0.975400979,-1.459449473,1.469131751,-0.233476379,1.469131751,tight_bend_2_standard,0.530234385,0.969810451
69.712869542,-4.340231272,8.430577803,-1.079821992,-1.481912269,1.457954699,-0.010877401,1.457954699,tight_bend_2_standard,0.535808223,1.008586406
69.782932728,-4.310274013,8.366736525,-1.184297095,-1.482975656,1.457431883,-0.203671766,1.457431883,tight_bend_2_standard,0.541516498,1.034615022
69.852995913,-4.287150771,8.300096692,-1.289555012,-1.503172476,1.447607650,-0.362289730,1.447607650,tight_bend_2_standard,0.546880909,1.050877523
69.923059099,-4.271221062,8.231385416,-1.396855607,-1.540491780,1.429965581,0.015925181,1.429965581,tight_bend_2_standard,0.551390917,1.060465040
69.993122284,-4.262823128,8.161337623,-1.505999938,-1.538812440,1.430745645,0.046005610,1.430745645,tight_bend_2_standard,0.554553103,1.066264862
70.063185470,-4.262075823,8.090768825,-1.614357094,-1.533981563,1.432996755,-0.151746054,1.432996755,tight_bend_2_standard,0.556050601,1.069061989
70.133248655,-4.268968675,8.020542043,-1.723100641,-1.550032024,1.425558163,-0.323891709,1.425558163,tight_bend_2_standard,0.555670624,1.068402126
70.203311841,-4.283489543,7.951520907,-1.833627094,-1.585439878,1.409549682,0.369793928,1.409549682,tight_bend_2_standard,0.553201724,1.063814999
70.273375026,-4.305578832,7.884551801,-1.944577409,-1.545141541,1.427812378,0.427655868,1.427812378,tight_bend_2_standard,0.548435524,1.054670940
70.343438211,-4.334842867,7.820359689,-2.051964683,-1.501019227,1.448645592,0.232511356,1.448645592,tight_bend_2_standard,0.541185225,1.039218154
70.413501397,-4.370744511,7.759617393,-2.156980572,-1.478071734,1.459847603,-0.004951956,1.459847603,tight_bend_2_standard,0.531273301,1.015222977
70.483564582,-4.412746075,7.702997535,-2.261104158,-1.478553148,1.459609922,1.107793162,1.459609922,tight_bend_2_standard,0.518522259,0.980449891
70.553627768,-4.460279012,7.651083806,-2.361976688,-1.378138340,1.511850575,1.345984604,1.511850575,tight_bend_2_standard,0.503174664,0.933542756
70.623690953,-4.512621798,7.604019062,-2.455267916,-1.273087287,1.572990813,1.382171171,1.572990813,tight_bend_2_standard,0.487555358,0.877504608
70.693754139,-4.569005600,7.561809811,-2.541614426,-1.180669083,1.633394848,1.318591592,1.633394848,tight_bend_2_standard,0.474633208,0.816686735
70.763817324,-4.628661571,7.524462520,-2.621992765,-1.104198407,1.689008047,2.400000000,1.689008047,tight_bend_2_standard,0.467377261,0.755440802
70.833880510,-4.690878721,7.491893170,-2.695226147,-0.979734923,1.785791554,2.400000000,1.793085434,tight_bend_2_standard,0.468478010,0.697615037
70.903943695,-4.755154891,7.463691121,-2.759522877,-0.852063817,1.877592811,2.400000000,1.922734041,tight_bend_2_standard,0.479620471,0.645240441
70.974006881,-4.821035031,7.439372069,-2.814950720,-0.727078908,1.965110189,2.400000000,2.081442911,tight_bend_2_standard,0.502262869,0.599938131
71.044070066,-4.888064202,7.418451768,-2.861809850,-0.614377708,2.048892712,2.400000000,2.264318694,tight_bend_2_standard,0.537860124,0.563328182
71.114133252,-4.955864956,7.400488384,-2.902625564,-0.549090116,2.129381280,2.400000000,2.395154119,tight_bend_2_standard,0.585653292,0.536331758
71.184196437,-5.024271583,7.385155965,-2.938800669,-0.482837581,2.206936321,2.400000000,2.554199080,tight_bend_2_standard,0.638833975,0.517960230
71.254259623,-5.093154212,7.372148172,-2.970327391,-0.416681697,2.281856967,2.400000000,2.749495827,tight_bend_2_standard,0.689569921,0.506901738
71.324322808,-5.162383112,7.361158895,-2.997284698,-0.357541859,2.354394722,2.400000000,2.968190905,tight_bend_2_standard,0.730043663,0.501843375
71.394385994,-5.231853113,7.351921006,-3.021075972,-0.321375650,2.424763452,2.400000000,3.000000000,tight_bend_2_standard,0.754973048,0.501292273
71.464449179,-5.301511219,7.344250216,-3.042329084,-0.285168775,2.493146824,2.400000000,3.000000000,tight_bend_2_standard,0.764462871,0.503373197
71.534512364,-5.371311110,7.337972824,-3.061049156,-0.249091109,2.559703962,2.400000000,3.000000000,tight_bend_2_standard,0.759306778,0.506162015
71.604575550,-5.441206614,7.332915335,-3.077277065,-0.216016776,2.624573807,2.400000000,3.000000000,tight_bend_2_standard,0.740316599,0.507745934
71.674638735,-5.511162870,7.328919390,-3.091479542,-0.189348246,2.687878523,2.400000000,3.000000000,tight_bend_2_standard,0.709664070,0.507060109
71.744701921,-5.581163963,7.325852001,-3.103811748,-0.162655513,2.749726213,2.400000000,3.000000000,tight_bend_2_standard,0.671799902,0.504460710
71.814765106,-5.651195791,7.323582601,-3.114274198,-0.135983425,2.810213077,2.400000000,3.000000000,tight_bend_2_standard,0.631392308,0.500439530
71.884828292,-5.721244366,7.321980759,-3.122884293,-0.110474967,2.869425174,2.400000000,3.000000000,tight_bend_2_standard,0.593123223,0.495502888
71.954891477,-5.791300527,7.320921743,-3.129792575,-0.086721017,2.927439857,2.400000000,3.000000000,tight_bend_2_standard,0.562240013,0.490755641
72.024954663,-5.861361545,7.320288407,-3.135036226,-0.062960767,2.984326961,0.669342894,3.000000000,tight_bend_2_standard,0.544743581,0.488100317
72.095017848,-5.931425136,7.319964135,-3.138615211,-0.039202573,3.000000000,2.400000000,3.000000000,tight_bend_2_standard,0.546687151,0.489494827
72.165081034,-6.001489067,7.319832591,-3.140555007,-0.016964961,3.055536498,2.400000000,4.000000000,round_arc_transition,0.573783628,0.496802165
72.235144219,-6.071552321,7.319784703,-3.141023116,0.003602698,3.110081443,2.400000000,4.000000000,round_arc_transition,0.622962422,0.509435575
72.305207405,-6.141615184,7.319719129,-3.140050169,0.024170804,3.163686121,2.400000000,4.000000000,round_arc_transition,0.681802915,0.524200540
72.375270590,-6.211678004,7.319534906,-3.137636184,0.044737614,3.216397544,2.400000000,4.000000000,round_arc_transition,0.737430731,0.537775986
72.445333776,-6.281741002,7.319131358,-3.133803360,0.064179693,3.268258933,2.400000000,4.000000000,dynamic_arc_transition,0.777379144,0.546948452
72.515396961,-6.351802212,7.318412889,-3.128656025,0.082751744,3.319310130,2.400000000,4.000000000,dynamic_arc_transition,0.796311105,0.550386534
72.585460147,-6.421857800,7.317288222,-3.122207277,0.101328228,3.369587962,2.400000000,4.000000000,dynamic_arc_transition,0.794957606,0.548360644
72.655523332,-6.491903873,7.315666220,-3.114457004,0.119900870,3.419126544,2.400000000,4.000000000,dynamic_arc_transition,0.774243239,0.541192297
72.725586517,-6.561936139,7.313456094,-3.105427637,0.137492153,3.467957556,2.400000000,4.000000000,dynamic_arc_transition,0.735488566,0.529506930
72.795649703,-6.631945314,7.310571381,-3.095195110,0.154583553,3.516110479,2.400000000,4.000000000,dynamic_arc_transition,0.684952374,0.517720239
72.865712888,-6.701918727,7.306928562,-3.083764139,0.171698510,3.563612801,2.400000000,4.000000000,dynamic_arc_transition,0.632246076,0.512821174
72.935776074,-6.771843641,7.302444171,-3.071133644,0.188815063,3.610490200,0.766717778,4.000000000,dynamic_arc_transition,0.587044951,0.521847705
73.005839259,-6.841706510,7.297035275,-3.057330778,0.204871819,3.625338172,-3.000000000,3.921156400,dynamic_arc_transition,0.558480084,0.550719651
73.075902445,-6.911486355,7.290623833,-3.042423062,0.220623348,3.566889085,-3.000000000,3.778588004,dynamic_arc_transition,0.550676490,0.595070932
73.145965630,-6.981158189,7.283134438,-3.026409336,0.236436128,3.507466128,-3.000000000,3.650046165,dynamic_arc_transition,0.565062697,0.644995028
73.216028816,-7.050696987,7.274491708,-3.009286319,0.252271237,3.447018933,-3.000000000,3.533632726,dynamic_arc_transition,0.603041144,0.690531819
73.286092001,-7.120076443,7.264621364,-2.991099626,0.266488483,3.385492639,-3.000000000,3.438080607,dynamic_arc_transition,0.664068163,0.723074726
73.356155187,-7.189261365,7.253456756,-2.971933841,0.280495701,3.322827305,-3.000000000,3.351136919,dynamic_arc_transition,0.734099051,0.743407322
73.426218372,-7.258212792,7.240934474,-2.951782155,0.294621220,3.258957224,-3.000000000,3.269815628,dynamic_arc_transition,0.793366556,0.756293293
73.496281558,-7.326891753,7.226991118,-2.930637670,0.308810721,3.193810118,-2.610058242,3.193810118,dynamic_arc_transition,0.822082772,0.766510685
73.566344743,-7.395257718,7.211565567,-2.908584139,0.320294953,3.136030147,-2.418580915,3.136030147,dynamic_arc_transition,0.806292392,0.778102421
73.636407929,-7.463261903,7.194608795,-2.885735998,0.331726370,3.081522045,-2.293618782,3.081522045,dynamic_arc_transition,0.762967988,0.791213349
73.706471114,-7.530852802,7.176075768,-2.862079887,0.343347391,3.028924172,-2.166421614,3.028924172,dynamic_arc_transition,0.719294287,0.804701202
73.776534300,-7.597978904,7.155921456,-2.837604076,0.355097270,2.978390310,-1.328489927,2.978390310,dynamic_arc_transition,0.702462411,0.817422905
73.846597485,-7.664587551,7.134104868,-2.812448649,0.362708819,2.946973425,-1.319407111,2.946973425,dynamic_arc_transition,0.731969918,0.828470260
73.916660670,-7.730621400,7.110601493,-2.786750152,0.370598323,2.915436269,-1.305372675,2.915436269,dynamic_arc_transition,0.795938744,0.837892915
73.986723856,-7.796021913,7.085391019,-2.760489400,0.378749098,2.883895196,-1.218128975,2.883895196,dynamic_arc_transition,0.874493652,0.845984666
74.056787041,-7.860730554,7.058453139,-2.733650662,0.386685284,2.854147773,-0.505150735,2.854147773,dynamic_arc_transition,0.947762153,0.853039276
74.126850227,-7.924689135,7.029773292,-2.706428575,0.390074785,2.841720354,-0.545565421,2.841720354,dynamic_arc_transition,1.002410352,0.859281969
74.196913412,-7.987840572,6.999354985,-2.678956477,0.393802845,2.828237343,-0.579942192,2.828237343,dynamic_arc_transition,1.045652698,0.864722573
74.266976598,-8.050127998,6.967205266,-2.651212020,0.397844754,2.813833910,-0.484127584,2.813833910,dynamic_arc_transition,1.088729744,0.869328711
74.337039783,-8.111494552,6.933331200,-2.623179343,0.401282973,2.801753421,0.090621754,2.801753421,dynamic_arc_transition,1.142863058,0.873067900
74.407102969,-8.171886079,6.897746161,-2.595074773,0.400634874,2.804018675,0.044505366,2.804018675,dynamic_arc_transition,1.213020265,0.875872933
74.477166154,-8.231255012,6.860478901,-2.567003818,0.400317351,2.805130497,-0.002138324,2.805130497,dynamic_arc_transition,1.288918793,0.877591918
74.547229340,-8.289554773,6.821560473,-2.538943502,0.400332595,2.805077088,0.111100636,2.805077088,dynamic_arc_transition,1.357995406,0.878060300
74.617292525,-8.346738826,6.781021974,-2.510881007,0.399542082,2.807850708,0.540407088,2.807850708,dynamic_arc_transition,1.407799084,0.877114515
74.687355711,-8.402765512,6.738899562,-2.483009121,0.395741028,2.821303047,0.507971308,2.821303047,dynamic_arc_transition,1.438661719,0.874704039
74.757418896,-8.457602482,6.695239055,-2.455393427,0.392233475,2.833889740,0.469951166,2.833889740,dynamic_arc_transition,1.475324765,0.870994205
74.827482082,-8.511218439,6.650087363,-2.428012586,0.389043372,2.845484776,0.588939535,2.845484776,dynamic_arc_transition,1.545276883,0.866174636
74.897545267,-8.563582188,6.603491438,-2.400857091,0.385118080,2.859949225,0.879310504,2.859949225,dynamic_arc_transition,1.675449530,0.860422872
74.967608452,-8.614668371,6.555500706,-2.374064165,0.379402690,2.881410099,0.866749355,2.881410099,dynamic_arc_transition,1.861720678,0.853242905
75.037671638,-8.664460427,6.506168327,-2.347663430,0.373932574,2.902409103,0.846228679,2.902409103,dynamic_arc_transition,2.053155411,0.843123359
75.107734823,-8.712942526,6.455547771,-2.321636471,0.368742028,2.922765395,0.949531828,2.922765395,dynamic_arc_transition,2.194942325,0.828468781
75.177798009,-8.760098998,6.403692497,-2.295974945,0.363086777,2.945439187,1.122324431,2.945439187,dynamic_arc_transition,2.233590247,0.807787764
75.247861194,-8.805919525,6.350655655,-2.270753596,0.356622106,2.972016025,1.127293509,2.972016025,dynamic_arc_transition,2.158605052,0.782977588
75.317924380,-8.850400191,6.296490031,-2.245978579,0.350356476,2.998473412,1.124014162,2.998473412,dynamic_arc_transition,2.010957438,0.759991579
75.387987565,-8.893537456,6.241248385,-2.221634700,0.344324506,3.024623419,1.189686242,3.024623419,dynamic_arc_transition,1.834649060,0.745021939
75.458050751,-8.935327965,6.184983367,-2.197712207,0.338162318,3.052057215,1.274369535,3.052057215,dynamic_arc_transition,1.672555280,0.744009249
75.528113936,-8.975772291,6.127745242,-2.174235208,0.331801568,3.081172832,1.290144183,3.081172832,dynamic_arc_transition,1.543755204,0.757577826
75.598177122,-9.014874748,6.069582006,-2.151198554,0.325601277,3.110371239,1.298386125,3.110371239,dynamic_arc_transition,1.444647241,0.781284948
75.668240307,-9.052639799,6.010541562,-2.128589959,0.319591009,3.139482024,1.310388913,3.139482024,dynamic_arc_transition,1.370726779,0.810486155
75.738303493,-9.089072061,5.950671578,-2.106396654,0.313746038,3.168590763,1.336762907,3.168590763,dynamic_arc_transition,1.317343051,0.840703826
75.808366678,-9.124178401,5.890016259,-2.084610241,0.307999686,3.198012376,1.355516134,3.198012376,dynamic_arc_transition,1.277704603,0.869903988
75.878429864,-9.157967394,5.828617185,-2.063222098,0.302383742,3.227572883,1.367678337,3.227572883,dynamic_arc_transition,1.243395423,0.897907137
75.948493049,-9.190447658,5.766515867,-2.042222308,0.296921223,3.257126727,1.318617298,3.257126727,dynamic_arc_transition,1.205959036,0.924579960
76.018556235,-9.221627883,5.703753472,-2.021594647,0.291838322,3.285368712,1.311669730,3.285368712,dynamic_arc_transition,1.157809474,0.949805961
76.088619420,-9.251517541,5.640367468,-2.001314125,0.286951964,3.313223067,1.326652300,3.313223067,dynamic_arc_transition,1.100595258,0.973647044
76.158682605,-9.280126573,5.576393095,-1.981372340,0.282173461,3.341159389,1.335906457,3.341159389,dynamic_arc_transition,1.041527622,0.996272575
76.228745791,-9.307464926,5.511865565,-1.961761186,0.277519792,3.369056513,1.226900504,3.369056513,dynamic_arc_transition,0.987894273,1.017853402
76.298808976,-9.333542511,5.446819661,-1.942461314,0.273379053,3.394475350,1.205051611,3.394475350,dynamic_arc_transition,0.945961675,1.038503605
76.368872162,-9.358368935,5.381286782,-1.923442048,0.269430599,3.419257582,1.211773956,3.419257582,dynamic_arc_transition,0.913916718,1.057888172
76.438935347,-9.381953661,5.315296719,-1.904696332,0.265573484,3.443998243,1.213561390,3.443998243,dynamic_arc_transition,0.886105853,1.075458624
76.508998533,-9.404306153,5.248879254,-1.886217397,0.261819795,3.468598543,1.052175822,3.468598543,dynamic_arc_transition,0.856852193,1.090665187
76.579061718,-9.425435707,5.182063705,-1.867983385,0.258650134,3.489787018,1.027665345,3.489787018,dynamic_arc_transition,0.821568598,1.103290780
76.649124904,-9.445350626,5.114876599,-1.849964199,0.255627530,3.510358450,1.024250931,3.510358450,dynamic_arc_transition,0.782220686,1.115118855
76.719188089,-9.464058839,5.047343431,-1.832154072,0.252684451,3.530742275,1.016740527,3.530742275,dynamic_arc_transition,0.743211781,1.128677086
76.789251275,-9.481568277,4.979489689,-1.814547190,0.249829220,3.550860906,0.814665016,3.550860906,dynamic_arc_transition,0.708949295,1.146494395
76.859314460,-9.497886574,4.911340413,-1.797119806,0.247587608,3.566899105,0.795025476,3.566899105,dynamic_arc_transition,0.682855496,1.170152173
76.929377646,-9.513019993,4.842918552,-1.779845474,0.245438482,3.582481439,0.781976379,3.582481439,dynamic_arc_transition,0.663800971,1.196853930
76.999440831,-9.526974401,4.774246453,-1.762719261,0.243360718,3.597742177,0.757963665,3.597742177,dynamic_arc_transition,0.649342644,1.222539670
77.069504017,-9.539755667,4.705346464,-1.745735990,0.241380060,3.612472764,0.544447183,3.612472764,dynamic_arc_transition,0.637037335,1.243149338
77.139567202,-9.551369233,4.636240540,-1.728870596,0.239977129,3.623016820,0.526115672,3.623016820,dynamic_arc_transition,0.624964982,1.255884411
77.209630388,-9.561819039,4.566949250,-1.712101380,0.238636842,3.633176786,0.505688381,3.633176786,dynamic_arc_transition,0.613070450,1.262443788
77.279693573,-9.571108685,4.497492853,-1.695423780,0.237362628,3.642915568,0.458930919,3.642915568,dynamic_arc_transition,0.601714020,1.265528171
77.349756758,-9.579241771,4.427891605,-1.678832814,0.236217954,3.651731392,0.265332895,3.651731392,dynamic_arc_transition,0.591256019,1.267837150
77.419819944,-9.586221365,4.358165494,-1.662303121,0.235561179,3.656818603,0.241704126,3.656818603,dynamic_arc_transition,0.582090083,1.271259413
77.489883129,-9.592049057,4.288333758,-1.645817322,0.234966062,3.661446629,0.217105456,3.661446629,dynamic_arc_transition,0.574701919,1.275442160
77.559946315,-9.596726186,4.218415506,-1.629371016,0.234434069,3.665598671,0.154059259,3.665598671,dynamic_arc_transition,0.569593011,1.279648543
77.630009500,-9.600254086,4.148429849,-1.612959062,0.234058022,3.668542133,-0.012036564,3.668542133,dynamic_arc_transition,0.567260342,1.283143259
77.700072686,-9.602633479,4.078395805,-1.596556728,0.234087359,3.668312247,-0.037614808,3.668312247,dynamic_arc_transition,0.567369678,1.285476093
77.770135871,-9.603863758,4.008332198,-1.580150160,0.234179086,3.667593750,-0.063041908,3.667593750,dynamic_arc_transition,0.567789372,1.286813310
77.840199057,-9.603944143,3.938257826,-1.563734983,0.234332979,3.666389243,-0.134318751,3.666389243,dynamic_arc_transition,0.566153187,1.287401634
77.910262242,-9.602873848,3.868191490,-1.547305656,0.234661544,3.663821568,-0.268474625,3.663821568,dynamic_arc_transition,0.560122658,1.287483408
77.980325428,-9.600651441,3.798152140,-1.530838932,0.235321045,3.658683931,-0.293119610,3.658683931,dynamic_arc_transition,0.549551157,1.286955396
78.050388613,-9.597274401,3.728158989,-1.514323719,0.236045331,3.653066427,-0.316584424,3.653066427,dynamic_arc_transition,0.538032045,1.285124687
78.120451799,-9.592740095,3.658231272,-1.497755532,0.236832623,3.646989511,-0.387145711,3.646989511,dynamic_arc_transition,0.529524068,1.281240757
78.190514984,-9.587045880,3.588388235,-1.481128344,0.237802556,3.639544363,-0.487564938,3.639544363,dynamic_arc_transition,0.527920734,1.274586149
78.260578170,-9.580188522,3.518649573,-1.464421352,0.239035436,3.630146342,-0.509369064,3.630146342,dynamic_arc_transition,0.534320676,1.265859889
78.330641355,-9.572163992,3.449035585,-1.447625538,0.240337178,3.620301980,-0.529112146,3.620301980,dynamic_arc_transition,0.546034732,1.257680704
78.400704540,-9.562968202,3.379566617,-1.430736185,0.241704475,3.610047626,-0.589235849,3.610047626,dynamic_arc_transition,0.560104143,1.252803961
78.470767726,-9.552597052,3.310263040,-1.413746912,0.243245565,3.598593667,-0.656595338,3.598593667,dynamic_arc_transition,0.573653885,1.253863300
78.540830911,-9.541046022,3.241146005,-1.396640586,0.244986144,3.585787230,-0.674897158,3.585787230,dynamic_arc_transition,0.586032377,1.260260087
78.610894097,-9.528310145,3.172237497,-1.379409650,0.246801392,3.572575985,-0.690422798,3.572575985,dynamic_arc_transition,0.598990566,1.267903073
78.680957282,-9.514384433,3.103559547,-1.362049027,0.248686447,3.559010077,-0.729465746,3.559010077,dynamic_arc_transition,0.614399021,1.272527116
78.751020468,-9.499263891,3.035134246,-1.344552485,0.250709641,3.544620620,-0.767131829,3.544620620,dynamic_arc_transition,0.633987592,1.270070097
78.821083653,-9.482943446,2.966984779,-1.326908111,0.252873121,3.529424874,-0.782530117,3.529424874,dynamic_arc_transition,0.656972686,1.260096268
78.891146839,-9.465417956,2.899135276,-1.309109222,0.255118841,3.513856405,-0.794594461,3.513856405,dynamic_arc_transition,0.680403381,1.245296878
78.961210024,-9.446682276,2.831609899,-1.291150250,0.257440370,3.497977015,-0.800756268,3.497977015,dynamic_arc_transition,0.701257742,1.228465633
79.031273210,-9.426731298,2.764432913,-1.273026205,0.259823040,3.481901223,-0.814941509,3.481901223,dynamic_arc_transition,0.716834641,1.212210054
79.101336395,-9.405560376,2.697629918,-1.254732205,0.262293633,3.465464086,-0.829071116,3.465464086,dynamic_arc_transition,0.728498485,1.196778122
79.171399581,-9.383165179,2.631227426,-1.236261837,0.264855746,3.448661567,-0.839456736,3.448661567,dynamic_arc_transition,0.740405578,1.180797472
79.241462766,-9.359541382,2.565251969,-1.217608921,0.267501462,3.431564742,-0.799842551,3.431564742,dynamic_arc_transition,0.756766972,1.162863963
79.311525952,-9.334684791,2.499730226,-1.198771653,0.270071973,3.415195096,-0.799595527,3.415195096,dynamic_arc_transition,0.781371359,1.141847239
79.381589137,-9.308592432,2.434690259,-1.179753938,0.272691548,3.398751701,-0.814702109,3.398751701,dynamic_arc_transition,0.814072132,1.119167901
79.451652323,-9.281261996,2.370160882,-1.160549034,0.275413403,3.381915415,-0.825821952,3.381915415,dynamic_arc_transition,0.852581031,1.097634822
79.521715508,-9.252691180,2.306170917,-1.141150030,0.278228428,3.364763356,-0.727010567,3.364763356,dynamic_arc_transition,0.894588349,1.080070775
79.591778693,-9.222877987,2.242749346,-1.121561334,0.280754691,3.349590884,-0.723755354,3.349590884,dynamic_arc_transition,0.938041235,1.068645341
79.661841879,-9.191822578,2.179926270,-1.101796739,0.283315627,3.334417772,-0.742129260,3.334417772,dynamic_arc_transition,0.982688516,1.060946357
79.731905064,-9.159526033,2.117732271,-1.081848652,0.285990549,3.318787429,-0.756508098,3.318787429,dynamic_arc_transition,1.029050214,1.052600488
79.801968250,-9.125989439,2.056197933,-1.061709347,0.288769791,3.302778113,-0.585811041,3.302778113,dynamic_arc_transition,1.077649274,1.039226965
79.872031435,-9.091214465,1.995353921,-1.041393519,0.290959321,3.290327596,-0.592302035,3.290327596,dynamic_arc_transition,1.129094122,1.017312352
79.942094621,-9.055205918,1.935231347,-1.020924451,0.293207129,3.277691040,-0.615646967,3.277691040,dynamic_arc_transition,1.184451285,0.987991174
80.012157806,-9.017969646,1.875861467,-1.000293426,0.295580642,3.264504584,-0.635335855,3.264504584,dynamic_arc_transition,1.244940092,0.953948356
80.082220992,-8.979511501,1.817275539,-0.979491878,0.298070692,3.250840333,-0.382716474,3.250840333,dynamic_arc_transition,1.311779978,0.917869895
80.152284177,-8.939838286,1.759504661,-0.958549392,0.299591010,3.242581410,-0.411377509,3.242581410,dynamic_arc_transition,1.385282330,0.881788372
80.222347363,-8.898960733,1.702579266,-0.937496033,0.301242572,3.233680467,-0.440214834,3.233680467,dynamic_arc_transition,1.462013249,0.845041315
80.292410548,-8.856890585,1.646529617,-0.916322146,0.303030196,3.224128356,-0.439900168,3.224128356,dynamic_arc_transition,1.537573370,0.806271521
80.362473734,-8.813639587,1.591385976,-0.895018685,0.304837863,3.214554719,-0.152870704,3.214554719,dynamic_arc_transition,1.607564508,0.764122015
80.432536919,-8.769220822,1.537177960,-0.873633199,0.305471109,3.211221080,-0.187387725,3.211221080,dynamic_arc_transition,1.670863605,0.717879314
80.502600105,-8.723651642,1.483933133,-0.852198120,0.306250936,3.207130004,-0.220610593,3.207130004,dynamic_arc_transition,1.736772735,0.668878235
80.572663290,-8.676950242,1.431678649,-0.830703362,0.307174140,3.202306903,-0.188135391,3.202306903,dynamic_arc_transition,1.816663667,0.618860247
80.642726476,-8.629134823,1.380441659,-0.809140557,0.307965851,3.198188045,0.108013719,3.198188045,dynamic_arc_transition,1.921881296,0.569571302
80.712789661,-8.580225190,1.330247931,-0.787573896,0.307510810,3.200553443,0.073845784,3.200553443,dynamic_arc_transition,2.054182962,0.524358166
80.782852846,-8.530245112,1.281119810,-0.766034025,0.307200484,3.202169590,0.039162939,3.202169590,dynamic_arc_transition,2.191605649,0.490528140
80.852916032,-8.479218962,1.233079120,-0.744510803,0.307036162,3.203026357,0.110071082,3.203026357,dynamic_arc_transition,2.308581723,0.475990380
80.922979217,-8.427171123,1.186147668,-0.722997927,0.306575260,3.205433154,0.397142941,3.205433154,dynamic_arc_transition,2.379651624,0.488601111
80.993042403,-8.374127552,1.140344990,-0.701570718,0.304923737,3.214102037,0.368085412,3.214102037,dynamic_arc_transition,2.392398277,0.529829067
81.063105588,-8.320117250,1.095686215,-0.680254479,0.303408860,3.222115823,0.336569259,3.222115823,dynamic_arc_transition,2.359716402,0.588746658
81.133168774,-8.265169569,1.052185968,-0.659039440,0.302036804,3.229426049,0.447901348,3.229426049,dynamic_arc_transition,2.297406285,0.653003304
81.203231959,-8.209313882,1.009858820,-0.637922433,0.300230022,3.239128802,0.711667675,3.239128802,dynamic_arc_transition,2.221182784,0.710355649
81.273295145,-8.152580699,0.968716254,-0.616981329,0.297403278,3.254485951,0.693412617,3.254485951,dynamic_arc_transition,2.141771238,0.754822947
81.343358330,-8.095002277,0.928765006,-0.596234058,0.294699777,3.269379788,0.671020526,3.269379788,dynamic_arc_transition,2.062240385,0.790034651
81.413421516,-8.036611024,0.890011413,-0.575671628,0.292129967,3.283728349,0.820146259,3.283728349,dynamic_arc_transition,1.985009264,0.820435683
81.483484701,-7.977439356,0.852461706,-0.555294260,0.289049272,3.301180999,1.052567093,3.301180999,dynamic_arc_transition,1.912460580,0.850396480
81.553547887,-7.917520040,0.816118508,-0.535173285,0.285189475,3.323445260,1.051264495,3.323445260,dynamic_arc_transition,1.845744761,0.881761719
81.623611072,-7.856886265,0.780980043,-0.515319144,0.281435992,3.345534079,1.044835376,3.345534079,dynamic_arc_transition,1.784508665,0.913294248
81.693674258,-7.795571249,0.747044269,-0.495723940,0.277802097,3.367344245,1.225198032,3.367344245,dynamic_arc_transition,1.728307878,0.943569832
81.763737443,-7.733608181,0.714308976,-0.476390566,0.273658664,3.392740753,1.425538040,3.392740753,dynamic_arc_transition,1.676660309,0.971223593
81.833800629,-7.671029624,0.682768285,-0.457376928,0.268990625,3.422052789,1.447586451,3.422052789,dynamic_arc_transition,1.628258701,0.996190660
81.903863814,-7.607867535,0.652412748,-0.438687403,0.264410580,3.451563461,1.464566911,3.451563461,dynamic_arc_transition,1.580992972,1.019670964
81.973926999,-7.544153845,0.623232768,-0.420315350,0.259932843,3.481165720,1.667468759,3.481165720,dynamic_arc_transition,1.532719834,1.042916749
82.043990185,-7.479920385,0.595218534,-0.402264957,0.255015897,3.514565566,1.842535404,3.514565566,dynamic_arc_transition,1.481478855,1.067044180
82.114053370,-7.415197433,0.568356944,-0.384577613,0.249794635,3.551106717,1.894854596,3.551106717,dynamic_arc_transition,1.428077461,1.091109532
82.184116556,-7.350014068,0.542632345,-0.367253759,0.244643511,3.588297370,1.943489363,3.588297370,dynamic_arc_transition,1.375470179,1.112571179
82.254179741,-7.284399336,0.518029018,-0.350288039,0.239576299,3.626046349,2.160636261,3.626046349,dynamic_arc_transition,1.326667720,1.128845681
82.324242927,-7.218382080,0.494531006,-0.333684393,0.234183781,3.667556986,2.324348257,3.667556986,dynamic_arc_transition,1.284499770,1.137704084
82.394306112,-7.151988900,0.472119744,-0.317468356,0.228647305,3.711694590,2.400000000,3.711694590,dynamic_arc_transition,1.249815314,1.140796063
82.464369298,-7.085245015,0.450775059,-0.301638440,0.223164849,3.756724640,2.400000000,3.757010267,dynamic_arc_transition,1.222241877,1.142163170
82.534432483,-7.018175622,0.430476755,-0.286190485,0.217748581,3.801221292,2.400000000,3.803449111,dynamic_arc_transition,1.201389015,1.145882141
82.604495669,-6.950805600,0.411204410,-0.271127035,0.212132276,3.845203064,2.400000000,3.853469278,dynamic_arc_transition,1.186709642,1.155475312
82.674558854,-6.883157209,0.392935778,-0.256461057,0.206468744,3.888687425,2.400000000,3.905962947,dynamic_arc_transition,1.176379955,1.169946405
82.744622040,-6.815251433,0.375647719,-0.242190561,0.200845476,3.931690881,2.400000000,3.960265022,dynamic_arc_transition,1.167953792,1.186096454
82.814685225,-6.747109249,0.359317089,-0.228312434,0.195272534,3.974229041,1.466558544,4.000000000,dynamic_arc_transition,1.158980805,1.200711682
82.884748411,-6.678751199,0.343920564,-0.214827255,0.189612047,4.000000000,0.000000000,4.000000000,dynamic_arc_transition,1.147286018,1.211256632
82.954811596,-6.610195138,0.329433709,-0.201739554,0.183950247,4.000000000,0.000000000,4.000000000,dynamic_arc_transition,1.132399598,1.219396152
83.024874781,-6.541457889,0.315831668,-0.189047587,0.178317511,4.000000000,0.000000000,4.000000000,dynamic_arc_transition,1.114503570,1.228400810
83.094937967,-6.472556277,0.303089579,-0.176749100,0.172721727,4.000000000,0.000000000,4.000000000,dynamic_arc_transition,1.093781266,1.241544399
83.165001152,-6.403506593,0.291182455,-0.164843417,0.167103302,4.000000000,0.000000000,4.000000000,dynamic_arc_transition,1.070490316,1.261103993
83.235064338,-6.334322599,0.280084679,-0.153331268,0.161494989,4.000000000,0.000000000,4.000000000,dynamic_arc_transition,1.045241963,1.284612694
83.305127523,-6.265017307,0.269770454,-0.142211398,0.155906836,4.000000000,0.000000000,4.000000000,dynamic_arc_transition,1.018752544,1.308193718
83.375190709,-6.195603726,0.260213979,-0.131482243,0.150345463,4.000000000,0.000000000,4.000000000,dynamic_arc_transition,0.991738417,1.327970074
83.445253894,-6.126094261,0.251389398,-0.121141340,0.144824320,4.000000000,0.000000000,4.000000000,dynamic_arc_transition,0.965140231,1.341079906
83.515317080,-6.056499089,0.243270639,-0.111187074,0.139311502,4.000000000,0.000000000,4.000000000,dynamic_arc_transition,0.940723164,1.348393201
83.585380265,-5.986827876,0.235831583,-0.101618619,0.133812192,4.000000000,0.000000000,4.000000000,dynamic_arc_transition,0.920441818,1.351637277
83.655443451,-5.917090287,0.229046109,-0.092434996,0.128314032,4.000000000,0.000000000,4.000000000,dynamic_arc_transition,0.906249314,1.352538400
83.725506636,-5.847295336,0.222887873,-0.083641312,0.122696607,4.000000000,0.000000000,4.000000000,dynamic_arc_transition,0.898724945,1.351845486
83.795569822,-5.777450172,0.217329890,-0.075241109,0.117083624,4.000000000,0.000000000,4.000000000,dynamic_arc_transition,0.894530343,1.347520398
83.865633007,-5.707561620,0.212345064,-0.067233905,0.111478864,4.000000000,0.000000000,4.000000000,dynamic_arc_transition,0.889633391,1.337031461
83.935696193,-5.637636497,0.207906298,-0.059618617,0.105947713,4.000000000,0.000000000,4.000000000,dynamic_arc_transition,0.880012898,1.317854232
84.005759378,-5.567680954,0.203986891,-0.052380185,0.100671776,4.000000000,0.000000000,4.000000000,dynamic_arc_transition,0.863965369,1.288998517
84.075822564,-5.497699647,0.200561024,-0.045511350,0.095398549,4.000000000,0.000000000,4.000000000,dynamic_arc_transition,0.844959092,1.252897681
84.145885749,-5.427697030,0.197602997,-0.039011825,0.090130352,4.000000000,0.000000000,4.000000000,dynamic_arc_transition,0.827162236,1.212448392
84.215948934,-5.357677549,0.195087073,-0.032886632,0.084328665,4.000000000,0.000000000,4.000000000,dynamic_arc_transition,0.814716511,1.170541694
84.286012120,-5.287645004,0.192984350,-0.027228703,0.077178167,4.000000000,0.000000000,4.000000000,dynamic_arc_transition,0.809459191,1.129578817
84.356075305,-5.217602057,0.191260351,-0.022071771,0.070027876,4.000000000,0.000000000,4.000000000,dynamic_arc_transition,0.809167954,1.091098117
84.426138491,-5.147551252,0.189880030,-0.017415739,0.062879680,4.000000000,0.000000000,4.000000000,dynamic_arc_transition,0.811207305,1.056550128
84.496201676,-5.077495121,0.188808496,-0.013242651,0.057101326,4.000000000,0.000000000,4.000000000,dynamic_arc_transition,0.812967442,1.027345673
84.566264862,-5.007435609,0.188017999,-0.009363299,0.053636057,4.000000000,0.000000000,4.000000000,dynamic_arc_transition,0.813028477,1.003056435
84.636328047,-4.937373834,0.187490789,-0.005726737,0.050171206,4.000000000,0.000000000,4.000000000,dynamic_arc_transition,0.811636919,0.980678498
84.706391233,-4.867310854,0.187209863,-0.002332920,0.046707183,4.000000000,0.000000000,4.000000000,dynamic_arc_transition,0.809163672,0.957015684
84.776454418,-4.797247708,0.187157577,0.000758226,0.039498862,4.000000000,0.000000000,6.000000000,round_arc_transition,0.806008015,0.929007673
84.846517604,-4.727184876,0.187298111,0.003117349,0.027843931,4.000000000,0.000000000,6.000000000,round_arc_transition,0.803374439,0.897448723
84.916580789,-4.657122216,0.187575328,0.004659886,0.016188830,4.000000000,0.000000000,6.000000000,round_arc_transition,0.803367745,0.867442922
84.986643975,-4.587059554,0.187932013,0.005385842,0.004534020,4.000000000,0.000000000,6.000000000,round_arc_transition,0.808140206,0.844321616
85.056707160,-4.516996750,0.188314989,0.005613175,0.009596028,4.000000000,0.000000000,6.000000000,round_arc_transition,0.819640560,0.833097257
85.126770346,-4.446934310,0.188747476,0.006955862,0.028731671,4.000000000,0.000000000,6.000000000,round_arc_transition,0.835960239,0.832738781
85.196833531,-4.376873320,0.189320996,0.009639279,0.047868157,4.000000000,0.000000000,6.000000000,round_arc_transition,0.851742207,0.836812171
85.266896717,-4.306814888,0.190129481,0.013663436,0.067003654,4.000000000,0.000000000,6.000000000,round_arc_transition,0.861507990,0.838693135
85.336959902,-4.236759979,0.191252950,0.018080861,0.043117863,4.000000000,0.000000000,6.000000000,round_arc_transition,0.860244225,0.832245235
85.407023087,-4.166707669,0.192585207,0.019374989,-0.006176538,4.000000000,0.000000000,6.000000000,round_arc_transition,0.849165221,0.817864118
85.477086273,-4.096655686,0.193887131,0.017215286,-0.055474717,4.000000000,0.000000000,6.000000000,round_arc_transition,0.833930623,0.800608063
85.547149458,-4.026601727,0.194916734,0.011601367,-0.104783350,4.000000000,0.000000000,5.482884998,round_arc_transition,0.820295975,0.785635937
85.617212644,-3.956543714,0.195457610,0.004066830,-0.092791002,4.000000000,0.000000000,5.826427479,round_arc_transition,0.813452277,0.777610581
85.687275829,-3.886481763,0.195544670,-0.001155280,-0.056281130,4.000000000,0.000000000,6.000000000,round_arc_transition,0.813045167,0.776322510
85.757339015,-3.816417231,0.195355449,-0.003819819,-0.019779883,4.000000000,0.000000000,6.000000000,round_arc_transition,0.815573124,0.778797048
85.827402200,-3.746351493,0.195069118,-0.003927162,0.016715531,4.000000000,0.000000000,6.000000000,round_arc_transition,0.817498516,0.782027790
85.897465386,-3.676285868,0.194854985,-0.002005313,0.034377233,4.000000000,0.000000000,6.000000000,straight_acceleration,0.815917916,0.783381372
85.967528571,-3.606221282,0.194809464,0.000857212,0.047334161,4.000000000,0.000000000,6.000000000,straight_acceleration,0.812614234,0.782980933
86.037591757,-3.536158483,0.194996302,0.004627541,0.060292724,4.000000000,0.000000000,6.000000000,straight_acceleration,0.811470474,0.782184887
86.107654942,-3.466098219,0.195479093,0.009305709,0.073250511,4.000000000,0.000000000,6.000000000,straight_acceleration,0.816379538,0.782357470
86.177718128,-3.396041074,0.196302867,0.013994213,0.057284532,4.000000000,0.000000000,6.000000000,straight_acceleration,0.830026860,0.784363108
86.247781313,-3.325986695,0.197407785,0.017317797,0.037589915,4.000000000,0.000000000,6.000000000,straight_acceleration,0.848276504,0.786242644
86.317844499,-3.255934405,0.198697222,0.019261637,0.017897940,4.000000000,0.000000000,6.000000000,straight_acceleration,0.864599560,0.785046388
86.387907684,-3.185883524,0.200074509,0.019825841,-0.001792642,4.000000000,0.000000000,6.000000000,straight_acceleration,0.872464524,0.777823581
86.457970870,-3.115833387,0.201455714,0.019571566,-0.004995614,4.000000000,0.000000000,6.000000000,straight_acceleration,0.867365848,0.762981594
86.528034055,-3.045783377,0.202812388,0.019126305,-0.007714667,4.000000000,0.000000000,6.000000000,straight_acceleration,0.853625884,0.744845735
86.598097240,-2.975732894,0.204131195,0.018490544,-0.010433609,4.000000000,0.000000000,6.000000000,straight_acceleration,0.837970868,0.729352799
86.668160426,-2.905681338,0.205398796,0.017663487,-0.013554172,4.000000000,0.000000000,6.000000000,straight_acceleration,0.827126711,0.722439250
86.738223611,-2.835628169,0.206595059,0.016372368,-0.023301601,4.000000000,0.000000000,6.000000000,straight_acceleration,0.825439374,0.727733737
86.808286797,-2.765573061,0.207676953,0.014398297,-0.033049423,4.000000000,0.000000000,6.000000000,straight_acceleration,0.829230879,0.741084176
86.878349982,-2.695515731,0.208596627,0.011741250,-0.042797502,4.000000000,0.000000000,6.000000000,straight_acceleration,0.833134000,0.756700435
86.948413168,-2.625455898,0.209306244,0.008406339,-0.051524280,4.000000000,0.000000000,6.000000000,straight_acceleration,0.831786178,0.768796519
87.018476353,-2.555393645,0.209766626,0.004705149,-0.054127980,4.000000000,0.000000000,6.000000000,straight_acceleration,0.822195943,0.773686540
87.088539539,-2.485330008,0.209961300,0.000821471,-0.056733184,4.000000000,0.000000000,6.000000000,straight_acceleration,0.807593247,0.773195027
87.158602724,-2.415266182,0.209877473,-0.003244780,-0.059339597,4.000000000,0.000000000,6.000000000,straight_acceleration,0.792216107,0.770039366
87.228665910,-2.345203358,0.209502394,-0.007485990,-0.060987067,4.000000000,0.000000000,6.000000000,straight_acceleration,0.780290954,0.766931376
87.298729095,-2.275142718,0.208829517,-0.011703264,-0.059396729,4.000000000,0.000000000,6.000000000,straight_acceleration,0.774292189,0.765741381
87.368792281,-2.205085420,0.207865083,-0.015809156,-0.057807537,4.000000000,0.000000000,6.000000000,straight_acceleration,0.773084679,0.766606051
87.438855466,-2.135032619,0.206616910,-0.019803748,-0.056219717,4.000000000,0.000000000,6.000000000,straight_acceleration,0.775088172,0.769448265
87.508918652,-2.064985463,0.205092916,-0.023673252,-0.053372678,4.000000000,0.000000000,6.000000000,straight_acceleration,0.778718076,0.774178831
87.578981837,-1.994944655,0.203308056,-0.027216663,-0.047775756,4.000000000,0.000000000,6.000000000,straight_acceleration,0.782089754,0.779874466
87.649045022,-1.924910167,0.201288754,-0.030367939,-0.042179006,4.000000000,0.000000000,6.000000000,straight_acceleration,0.782829218,0.784251553
87.719108208,-1.854881902,0.199062492,-0.033127109,-0.036582932,4.000000000,0.000000000,6.000000000,straight_acceleration,0.778517420,0.784901197
87.789171393,-1.784859753,0.196656884,-0.035480170,-0.029985003,4.000000000,0.000000000,6.000000000,straight_acceleration,0.766822518,0.779485134
87.859234579,-1.714843037,0.194104626,-0.037297197,-0.021883151,4.000000000,0.000000000,6.000000000,straight_acceleration,0.748802014,0.768410044
87.929297764,-1.644830332,0.191445022,-0.038546574,-0.013781128,4.000000000,0.000000000,6.000000000,straight_acceleration,0.729915745,0.755647946
87.999360950,-1.574820165,0.188717816,-0.039228299,-0.005679137,4.000000000,0.000000000,6.000000000,straight_acceleration,0.715917706,0.745409093
88.069424135,-1.504811065,0.185962726,-0.039344701,0.002286001,4.000000000,0.000000000,6.000000000,straight_acceleration,0.712345200,0.741738743
88.139487321,-1.434801564,0.183218819,-0.038910578,0.010106313,4.000000000,0.000000000,6.000000000,straight_acceleration,0.719401305,0.744620492
88.209550506,-1.364790200,0.180524488,-0.037928539,0.017926654,4.000000000,0.000000000,6.000000000,straight_acceleration,0.731752684,0.749822329
88.279613692,-1.294775511,0.177918093,-0.036398583,0.025746891,4.000000000,0.000000000,6.000000000,straight_acceleration,0.743808854,0.752916440
88.349676877,-1.224756076,0.175437522,-0.034356241,0.031792580,4.000000000,0.000000000,6.000000000,straight_acceleration,0.750249658,0.749705896
88.419740063,-1.154731140,0.173112721,-0.031963553,0.036508020,4.000000000,0.000000000,6.000000000,straight_acceleration,0.750295567,0.739871873
88.489803248,-1.084700506,0.170967044,-0.029240469,0.041223901,4.000000000,0.000000000,6.000000000,straight_acceleration,0.746934691,0.726313449
88.559866434,-1.014663992,0.169023644,-0.026186968,0.045939911,4.000000000,0.000000000,6.000000000,straight_acceleration,0.743269182,0.712027107
88.629929619,-0.944621461,0.167305035,-0.022845013,0.048832800,4.000000000,0.000000000,6.000000000,straight_acceleration,0.742121274,0.699770383
88.699992805,-0.874573328,0.165825985,-0.019355554,0.050775422,4.000000000,0.000000000,6.000000000,straight_acceleration,0.742943995,0.689424781
88.770055990,-0.804520370,0.164596142,-0.015729956,0.052718921,4.000000000,0.000000000,6.000000000,straight_acceleration,0.742960737,0.678968534
88.840119175,-0.734463371,0.163625061,-0.011968165,0.054663075,4.000000000,0.000000000,6.000000000,straight_acceleration,0.739355131,0.666345935
88.910182361,-0.664403137,0.162921500,-0.008116093,0.054841943,4.000000000,0.000000000,6.000000000,straight_acceleration,0.729753381,0.649964633
88.980245546,-0.594340661,0.162487114,-0.004288776,0.054410476,4.000000000,0.000000000,6.000000000,straight_acceleration,0.715726878,0.632362725
89.050308732,-0.524277033,0.162319822,-0.000491654,0.053980001,4.000000000,0.000000000,6.000000000,straight_acceleration,0.700918542,0.618247116
89.120371917,-0.454213347,0.162417516,0.003275340,0.053550569,4.000000000,0.000000000,6.000000000,straight_acceleration,0.688989649,0.612343928
89.190435103,-0.384150629,0.162776911,0.006951690,0.051034626,4.000000000,0.000000000,6.000000000,straight_acceleration,0.683033969,0.618329719
89.260498288,-0.314089629,0.163386815,0.010424100,0.048086989,4.000000000,0.000000000,6.000000000,straight_acceleration,0.682315608,0.632798353
89.330561474,-0.244031035,0.164232762,0.013690012,0.045140025,4.000000000,0.000000000,6.000000000,straight_acceleration,0.684515163,0.649415097
89.400624659,-0.173975536,0.165300276,0.016749476,0.042193974,4.000000000,0.000000000,6.000000000,straight_acceleration,0.687308206,0.661835927
89.470687845,-0.103923694,0.166573085,0.019518278,0.036617499,4.000000000,0.000000000,6.000000000,straight_acceleration,0.688810909,0.665180080
89.540751030,-0.033875410,0.168025608,0.021879823,0.030794183,4.000000000,0.000000000,6.000000000,straight_acceleration,0.689421018,0.662144070
89.610814216,0.036169632,0.169629260,0.023833370,0.024970992,4.000000000,0.000000000,6.000000000,straight_acceleration,0.690272580,0.657869705
