s_m,x_m,y_m,psi_rad,kappa_radpm,vx_mps,ax_mps2,speed_limit_mps,speed_zone,w_tr_right_m,w_tr_left_m
0.000000000,0.106211745,0.171355458,0.024766031,0.011406290,4.000000000,0.000000000,4.000000000,straight_acceleration,0.690098605,0.653619499
0.070198658,0.176388464,0.173115510,0.025292665,0.003597747,4.000000000,0.000000000,4.000000000,straight_acceleration,0.683365790,0.660639365
0.140397316,0.246564613,0.174893283,0.025271145,-0.004210878,4.000000000,0.000000000,4.000000000,straight_acceleration,0.676345924,0.667659230
0.210595974,0.316741214,0.176650309,0.024701469,-0.012019525,4.000000000,0.000000000,4.000000000,straight_acceleration,0.669326058,0.672512210
0.280794631,0.386919288,0.178348128,0.023585433,-0.019279943,4.000000000,0.000000000,4.000000000,straight_acceleration,0.662306192,0.665492345
0.350993289,0.457099632,0.179954566,0.022164277,-0.021209564,4.000000000,0.000000000,4.000000000,straight_acceleration,0.655286326,0.658472479
0.421191947,0.527282349,0.181456513,0.020607659,-0.023139320,4.000000000,0.000000000,4.000000000,straight_acceleration,0.648266461,0.651452613
0.491390605,0.597467413,0.182844456,0.018915570,-0.025069184,4.000000000,0.000000000,4.000000000,straight_acceleration,0.641246595,0.644432747
0.561589263,0.667654798,0.184108899,0.017091470,-0.026469893,4.000000000,0.000000000,4.000000000,straight_acceleration,0.634226729,0.637412882
0.631787921,0.737844403,0.185244175,0.015265153,-0.025562844,4.000000000,0.000000000,4.000000000,straight_acceleration,0.627206863,0.630393016
0.701986578,0.808035947,0.186253495,0.013502506,-0.024655893,4.000000000,0.000000000,4.000000000,straight_acceleration,0.620186998,0.623373150
0.772185236,0.878229126,0.187141325,0.011803521,-0.023749063,4.000000000,0.000000000,4.000000000,straight_acceleration,0.613167132,0.616353284
0.842383894,0.948423636,0.187912178,0.010175453,-0.022103574,4.000000000,0.000000000,4.000000000,straight_acceleration,0.606147266,0.609333418
0.912582552,1.018619198,0.188574922,0.008748245,-0.018558369,4.000000000,0.000000000,4.000000000,straight_acceleration,0.602815340,0.602313553
0.982781210,1.088815579,0.189146216,0.007569906,-0.015013150,4.000000000,0.000000000,4.000000000,straight_acceleration,0.602658759,0.595293687
1.052979868,1.159012549,0.189643530,0.006640436,-0.011467968,4.000000000,0.000000000,4.000000000,straight_acceleration,0.605061667,0.588273821
1.123178526,1.229209880,0.190084362,0.005963197,-0.007666130,4.000000000,0.000000000,4.000000000,straight_acceleration,0.609393011,0.581253955
1.193377183,1.299407395,0.190487556,0.005573598,-0.003433786,4.000000000,0.000000000,4.000000000,straight_acceleration,0.606648842,0.574234090
1.263575841,1.369604984,0.190873828,0.005481103,0.000798567,4.000000000,0.000000000,4.000000000,straight_acceleration,0.599628977,0.567214224
1.333774499,1.439802543,0.191264036,0.005685714,0.005030922,4.000000000,0.000000000,4.000000000,straight_acceleration,0.592609111,0.560194358
1.403973157,1.509999969,0.191678683,0.006155250,0.007299707,4.000000000,0.000000000,4.000000000,straight_acceleration,0.585589245,0.553174492
1.474171815,1.580197193,0.192128779,0.006668632,0.007326845,4.000000000,0.000000000,4.000000000,straight_acceleration,0.578569379,0.546154626
1.544370473,1.650394184,0.192614979,0.007183919,0.007353989,4.000000000,0.000000000,4.000000000,straight_acceleration,0.571549513,0.539134761
1.614569130,1.720590913,0.193137418,0.007701113,0.007381139,4.000000000,0.000000000,4.000000000,straight_acceleration,0.564529648,0.532114895
1.684767788,1.790787352,0.193695886,0.008194024,0.006075706,4.000000000,0.000000000,4.000000000,straight_acceleration,0.557509782,0.534076104
1.754966446,1.860983544,0.194284126,0.008537943,0.003722733,4.000000000,0.000000000,4.000000000,straight_acceleration,0.554031008,0.541095970
1.825165104,1.931179582,0.194890710,0.008716686,0.001369759,4.000000000,0.000000000,4.000000000,straight_acceleration,0.556201183,0.548115835
1.895363762,2.001375566,0.195504045,0.008730254,-0.000983213,4.000000000,0.000000000,4.000000000,straight_acceleration,0.563221049,0.555135701
1.965562420,2.071571589,0.196112905,0.008602940,-0.002274771,4.000000000,0.000000000,4.000000000,straight_acceleration,0.570240915,0.562155567
2.035761077,2.141767706,0.196710612,0.008417796,-0.003000096,4.000000000,0.000000000,4.000000000,straight_acceleration,0.577260780,0.569175433
2.105959735,2.211963945,0.197293536,0.008181735,-0.003725422,4.000000000,0.000000000,4.000000000,straight_acceleration,0.584280646,0.576195299
2.176158393,2.282160332,0.197858101,0.007894757,-0.004450748,4.000000000,0.000000000,4.000000000,straight_acceleration,0.591300512,0.575927020
2.246357051,2.352356892,0.198400973,0.007570543,-0.004652020,4.000000000,0.000000000,4.000000000,straight_acceleration,0.598320378,0.573593159
2.316555709,2.422553627,0.198920931,0.007243249,-0.004672772,4.000000000,0.000000000,4.000000000,straight_acceleration,0.605340243,0.572844559
2.386754367,2.492750532,0.199417863,0.006914498,-0.004693524,4.000000000,0.000000000,4.000000000,straight_acceleration,0.612360109,0.573000045
2.456953025,2.562947597,0.199891667,0.006584291,-0.004714277,4.000000000,0.000000000,4.000000000,straight_acceleration,0.619379975,0.573369252
2.527151682,2.633144816,0.200342198,0.006250534,-0.004806369,4.000000000,0.000000000,4.000000000,straight_acceleration,0.619802226,0.573353179
2.597350340,2.703342182,0.200769045,0.005909408,-0.004912505,4.000000000,0.000000000,4.000000000,straight_acceleration,0.620274362,0.572956061
2.667548998,2.773539689,0.201171684,0.005560832,-0.005018641,4.000000000,0.000000000,4.000000000,straight_acceleration,0.621178243,0.572426689
2.737747656,2.843737333,0.201549593,0.005204804,-0.005124778,4.000000000,0.000000000,4.000000000,straight_acceleration,0.621718374,0.572014548
2.807946314,2.913935106,0.201902666,0.004860620,-0.004638655,4.000000000,0.000000000,4.000000000,straight_acceleration,0.621333604,0.571905031
2.878144972,2.984132991,0.202232882,0.004553665,-0.004106677,4.000000000,0.000000000,4.000000000,straight_acceleration,0.620626395,0.571965260
2.948343629,3.054330969,0.202542860,0.004284054,-0.003574700,4.000000000,0.000000000,4.000000000,straight_acceleration,0.620559701,0.571963757
3.018542287,3.124529021,0.202835223,0.004051860,-0.002949763,4.000000000,0.000000000,4.000000000,straight_acceleration,0.622096579,0.571669015
3.088740945,3.194727113,0.203116232,0.004008986,0.001728250,4.000000000,0.000000000,4.000000000,straight_acceleration,0.624961682,0.570932892
3.158939603,3.264925168,0.203405757,0.004294502,0.006406263,4.000000000,0.000000000,4.000000000,straight_acceleration,0.617941817,0.569919029
3.229138261,3.335123093,0.203726850,0.004908408,0.011084264,4.000000000,0.000000000,4.000000000,straight_acceleration,0.610921951,0.568863940
3.299336919,3.405320797,0.204102565,0.005850418,0.015694415,4.000000000,0.000000000,4.000000000,straight_acceleration,0.603902085,0.568004018
3.369535577,3.475518127,0.204555300,0.007096422,0.019804900,4.000000000,0.000000000,4.000000000,straight_acceleration,0.596882219,0.567477052
3.439734234,3.545714754,0.205105628,0.008630981,0.023915512,4.000000000,0.000000000,4.000000000,straight_acceleration,0.589862354,0.567143996
3.509932892,3.615910317,0.205773805,0.010454102,0.028026179,4.000000000,0.000000000,4.000000000,straight_acceleration,0.582842488,0.566817589
3.580131550,3.686104457,0.206580048,0.012559039,0.031262229,4.000000000,0.000000000,4.000000000,straight_acceleration,0.575822622,0.566310933
3.650330208,3.756296788,0.207538785,0.014758235,0.031393972,4.000000000,0.000000000,4.000000000,straight_acceleration,0.573176008,0.565498620
3.720528866,3.826486875,0.208652212,0.016966692,0.031526033,4.000000000,0.000000000,4.000000000,straight_acceleration,0.575132356,0.564385045
3.790727524,3.896674274,0.209920972,0.019184428,0.031658406,4.000000000,0.000000000,4.000000000,straight_acceleration,0.579173501,0.562991084
3.860926181,3.966858550,0.211345527,0.021387175,0.029640391,4.000000000,0.000000000,4.000000000,straight_acceleration,0.582801130,0.561338151
3.931124839,4.037039663,0.212914398,0.023237939,0.023088912,4.000000000,0.000000000,4.000000000,straight_acceleration,0.584813663,0.559483099
4.001323497,4.107218210,0.214597019,0.024628797,0.016537396,4.000000000,0.000000000,4.000000000,straight_acceleration,0.586082635,0.557539431
4.071522155,4.177394847,0.216361112,0.025559750,0.009985976,4.000000000,0.000000000,4.000000000,straight_acceleration,0.587665513,0.555625733
4.141720813,4.247570234,0.218174200,0.026010709,0.002076926,4.000000000,0.000000000,4.000000000,straight_acceleration,0.590578663,0.553859421
4.211919471,4.317745287,0.219997006,0.025813557,-0.007693907,4.000000000,0.000000000,4.000000000,straight_acceleration,0.594428218,0.552317789
4.282118128,4.387921232,0.221781908,0.024930504,-0.017464779,4.000000000,0.000000000,4.000000000,straight_acceleration,0.589859776,0.551028908
4.352316786,4.458099315,0.223480773,0.023361552,-0.027235502,4.000000000,0.000000000,4.000000000,straight_acceleration,0.582839910,0.550017831
4.422515444,4.528280745,0.225045949,0.021146583,-0.034808027,4.000000000,0.000000000,4.000000000,straight_acceleration,0.575820044,0.549304301
4.492714102,4.598466010,0.226440031,0.018509409,-0.040326196,4.000000000,0.000000000,4.000000000,straight_acceleration,0.568800179,0.548794988
4.562912760,4.668654900,0.227635422,0.015484839,-0.045845094,4.000000000,0.000000000,4.000000000,straight_acceleration,0.561780313,0.548288332
4.633111418,4.738847179,0.228604918,0.012072838,-0.051364303,4.000000000,0.000000000,4.000000000,straight_acceleration,0.554760447,0.547578433
4.703310076,4.809042578,0.229322345,0.008345820,-0.053487807,4.000000000,0.000000000,4.000000000,straight_acceleration,0.548269976,0.546478092
4.773508733,4.879240356,0.229776476,0.004593397,-0.053420082,4.000000000,0.000000000,4.000000000,straight_acceleration,0.546758700,0.545071608
4.843707391,4.949439416,0.229967358,0.000845687,-0.053353464,4.000000000,0.000000000,4.000000000,straight_acceleration,0.545637601,0.543648092
4.913906049,5.019638652,0.229895318,-0.002897384,-0.053287961,4.000000000,0.000000000,4.000000000,straight_acceleration,0.538617736,0.542501689
4.984104707,5.089836985,0.229561475,-0.006587074,-0.051228071,4.000000000,0.000000000,4.000000000,straight_acceleration,0.531597870,0.541911022
5.054303365,5.160033617,0.228975256,-0.010080493,-0.048300837,4.000000000,0.000000000,4.000000000,straight_acceleration,0.524578004,0.541992770
5.124502023,5.230227921,0.228151025,-0.013368440,-0.045374072,4.000000000,-0.500050221,4.000000000,straight_acceleration,0.517558138,0.542767290
5.194700680,5.300419266,0.227103214,-0.016450956,-0.042448047,3.991214639,-1.800000000,3.991214639,straight_acceleration,0.510538273,0.544253666
5.264899338,5.370607045,0.225845366,-0.019376309,-0.041270888,3.959429141,-1.800000000,3.959429141,straight_acceleration,0.503518407,0.546438360
5.335097996,5.440790787,0.224384161,-0.022248892,-0.040570294,3.927386403,-1.800000000,3.927386403,straight_acceleration,0.496498541,0.549055498
5.405296654,5.510970088,0.222723079,-0.025072298,-0.039869823,3.895080074,-1.800000000,3.895080074,straight_acceleration,0.489478675,0.551721534
5.475495312,5.581144545,0.220865583,-0.027846541,-0.039169534,3.862503543,-1.800000000,3.862503543,straight_acceleration,0.482458809,0.554052260
5.545693970,5.651313644,0.218812459,-0.030702530,-0.042736891,3.829649912,-1.800000000,3.829649912,straight_acceleration,0.475438944,0.555762030
5.615892628,5.721476238,0.216548823,-0.033849468,-0.046920680,3.796511989,-1.800000000,3.796511989,straight_acceleration,0.468419078,0.557142719
5.686091285,5.791630945,0.214054101,-0.037290117,-0.051104771,3.763082262,-1.800000000,3.763082262,straight_acceleration,0.461399212,0.558695910
5.756289943,5.861776386,0.211307710,-0.041024487,-0.055288618,3.729352886,-1.800000000,3.729352886,straight_acceleration,0.454379346,0.560923480
5.826488601,5.931911040,0.208289684,-0.045025426,-0.058668631,3.695315653,-1.800000000,3.695315653,straight_acceleration,0.447359480,0.564158824
5.896687259,6.002032752,0.204982829,-0.049261533,-0.062019051,3.660961978,-1.800000000,3.660961978,straight_acceleration,0.440339615,0.567979667
5.966885917,6.072139191,0.201370726,-0.053732894,-0.065371354,3.626282868,-1.800000000,3.626282868,straight_acceleration,0.433319749,0.571751965
6.037084575,6.142228027,0.197436959,-0.058438607,-0.068174416,3.591268894,-1.800000000,3.591268894,straight_acceleration,0.426299883,0.574841724
6.107283232,6.212297596,0.193175168,-0.062972250,-0.060990825,3.555910165,-1.800000000,3.555910165,straight_acceleration,0.419280017,0.577123915
6.177481890,6.282348515,0.188613397,-0.067001639,-0.053807866,3.520196292,-1.800000000,3.520196292,straight_acceleration,0.412260152,0.580214787
6.247680548,6.352381889,0.183787044,-0.070526851,-0.046626545,3.484116354,-1.800000000,3.484116354,straight_acceleration,0.405240286,0.586102665
6.317879206,6.422398825,0.178731524,-0.073542496,-0.038368355,3.447658858,-1.800000000,3.447658858,straight_acceleration,0.398220420,0.593122531
6.388077864,6.492401573,0.173491282,-0.075723219,-0.023761447,3.410811697,-1.800000000,3.410811697,straight_acceleration,0.399141725,0.600142396
6.458276522,6.562395363,0.168134291,-0.076878519,-0.009153785,3.373562103,-1.800000000,3.373562103,straight_acceleration,0.406161591,0.607162262
6.528475180,6.632385902,0.162732308,-0.077008384,0.005453795,3.335896595,-1.800000000,3.335896595,straight_acceleration,0.413181457,0.614182128
6.598673837,6.702378901,0.157357149,-0.076102192,0.021348970,3.297800923,-1.800000000,3.297800923,straight_acceleration,0.420201322,0.621201994
6.668872495,6.772380288,0.152088881,-0.073898579,0.041432818,3.259260002,-1.800000000,3.259260002,straight_acceleration,0.427221188,0.628221860
6.739071153,6.842396433,0.147024257,-0.070285060,0.061517850,3.220257845,-1.800000000,3.220257845,straight_acceleration,0.434241054,0.635241725
6.809269811,6.912433760,0.142262046,-0.065261621,0.081600986,3.180777487,-1.800000000,3.180777487,straight_acceleration,0.441260920,0.642261591
6.879468469,6.982498655,0.137900988,-0.058832724,0.101288875,3.140800893,-1.800000000,3.140800893,straight_acceleration,0.448280785,0.649281457
6.949667127,7.052594656,0.134037811,-0.051060747,0.120130407,3.100308869,-1.800000000,3.100308869,straight_acceleration,0.445009002,0.656301323
7.019865784,7.122720617,0.130765929,-0.041965398,0.138989219,3.059280948,-1.800000000,3.059280948,straight_acceleration,0.437989136,0.657106906
7.090064442,7.192874954,0.128178447,-0.031545902,0.157851373,3.017695271,-1.800000000,3.017695271,straight_acceleration,0.430969270,0.650087040
7.160263100,7.263055983,0.126368293,-0.019823459,0.175034032,2.975528454,-1.800000000,2.975528454,straight_acceleration,0.423949404,0.649755896
7.230461758,7.333257092,0.125419671,-0.007033578,0.189319647,2.932755430,-1.800000000,2.932755430,straight_acceleration,0.416929539,0.656775762
7.300660416,7.403464577,0.125404225,0.006761427,0.203663512,2.889349277,-1.800000000,2.889349277,straight_acceleration,0.409909673,0.663795627
7.370859074,7.473664180,0.126392627,0.021564710,0.218042661,2.845281018,-1.800000000,2.845281018,straight_acceleration,0.402889807,0.670815493
7.441057731,7.543841573,0.128455120,0.037331700,0.229024524,2.800519400,-1.800000000,2.800519400,straight_acceleration,0.399206035,0.677835359
7.511256389,7.613979336,0.131644235,0.053610865,0.234711147,2.755030624,-1.800000000,2.755030624,straight_acceleration,0.402358628,0.684855225
7.581455047,7.684055908,0.135988782,0.070292419,0.240478331,2.708778059,-1.800000000,2.708778059,straight_acceleration,0.408707362,0.691875091
7.651653705,7.754049443,0.141515913,0.087381405,0.246312042,2.661721887,-1.800000000,2.661721887,straight_acceleration,0.414339077,0.698894956
7.721852363,7.823938023,0.148252867,0.104892486,0.252942378,2.613818707,-1.800000000,2.613818707,straight_acceleration,0.415425294,0.705914822
7.792051021,7.893696982,0.156230426,0.122928040,0.260801754,2.565021065,-1.800000000,2.565021065,straight_acceleration,0.411514466,0.712934688
7.862249679,7.963298041,0.165484030,0.141518819,0.268754039,2.515276902,-1.800000000,2.515276902,straight_acceleration,0.406591667,0.719954554
7.932448336,8.032712676,0.176049433,0.160670671,0.276773757,2.464528906,-1.800000000,2.464528906,straight_acceleration,0.404943550,0.726974419
8.002646994,8.101912040,0.187963340,0.180501517,0.293470314,2.412713734,-1.800000000,2.412713734,straight_acceleration,0.410785775,0.733994285
8.072845652,8.170852651,0.201305746,0.202207737,0.324788271,2.359761088,-1.800000000,2.359761088,straight_acceleration,0.417805641,0.741014151
8.143044310,8.239470671,0.216216851,0.226118798,0.356242420,2.305592597,-1.800000000,2.305592597,straight_acceleration,0.424825507,0.748034017
8.213242968,8.307700755,0.232841300,0.252240672,0.387641706,2.250120454,-1.800000000,2.250120454,straight_acceleration,0.431845372,0.755053883
8.283441626,8.375476854,0.251324682,0.280728379,0.434271438,2.193245742,-1.800000000,2.193245742,straight_acceleration,0.438865238,0.762073748
8.353640283,8.442675022,0.271889266,0.314224085,0.519216449,2.134856370,-1.800000000,2.134856370,straight_acceleration,0.445885104,0.769093614
8.423838941,8.509071407,0.294889655,0.353730784,0.605286474,2.074824463,-1.800000000,2.074824463,straight_acceleration,0.452904970,0.776113480
8.494037599,8.574432252,0.320693574,0.399292304,0.691156048,2.013003076,-1.800000000,2.013003076,straight_acceleration,0.459924835,0.783133346
8.564236257,8.638523783,0.349668735,0.450866239,0.774034578,1.949221951,-1.800000000,1.949221951,standard,0.466944701,0.790153212
8.634434915,8.701053063,0.382146361,0.508158129,0.853426512,1.883281988,-1.800000000,1.883281988,standard,0.473964567,0.797173077
8.704633573,8.761535016,0.418339168,0.571366141,0.941045960,1.814947899,-1.800000000,1.814947899,standard,0.480984433,0.804192943
8.774832231,8.819445631,0.458435860,0.640931988,1.034515072,1.743938275,-1.800000000,1.743938275,standard,0.488004299,0.811212809
8.845030888,8.874260895,0.502625140,0.717143869,1.129596837,1.669911837,-0.394334062,1.669911837,standard,0.495024164,0.818232675
8.915229546,8.925464434,0.551069010,0.798453780,1.152477491,1.653251977,0.091827351,1.653251977,standard,0.502044030,0.825252540
8.985428204,8.972635831,0.603594015,0.879574031,1.147066941,1.657146467,-0.117874241,1.657146467,standard,0.509063896,0.832272406
9.055626862,9.015420156,0.659797752,0.960793324,1.154021503,1.652145631,-0.314245048,1.652145631,standard,0.516083762,0.831073333
9.125825520,9.053463742,0.719273398,1.042893199,1.172980768,1.638739157,-0.243439933,1.638739157,standard,0.523103628,0.824053467
9.196024178,9.086413113,0.781614107,1.126564407,1.188101912,1.628277529,1.584324455,1.628277529,standard,0.530123493,0.817033601
9.266222835,9.114066200,0.846395094,1.207039168,1.096139200,1.695205772,1.830599956,1.695205772,standard,0.537143359,0.810013736
9.336421493,9.136645458,0.913141265,1.281093873,1.006153851,1.769388010,2.000000000,1.769388010,standard,0.544163225,0.802993870
9.406620151,9.154447182,0.981368779,1.349064603,0.922793023,1.847032366,2.000000000,1.847032366,standard,0.551183091,0.795974004
9.476818809,9.167767667,1.050593796,1.411459454,0.848814177,1.921541879,2.000000000,1.921541879,standard,0.558202956,0.788954138
9.547017467,9.176918608,1.120352535,1.468055705,0.749222227,1.993268127,2.000000000,1.993268127,standard,0.565222822,0.781934272
9.617216125,9.182378934,1.190399095,1.516559481,0.630902472,2.062501505,2.000000000,2.062501505,standard,0.572242688,0.774914407
9.687414782,9.184730126,1.260621187,1.556695882,0.511578814,2.129485169,2.000000000,2.129485169,standard,0.579262554,0.767894541
9.757613440,9.184555151,1.330908457,1.588490574,0.393360371,2.194425145,2.000000000,2.194425145,standard,0.581631308,0.760874675
9.827812098,9.182427762,1.401152266,1.612851022,0.325979769,2.257497807,2.000000000,2.257497807,standard,0.574611442,0.753854809
9.898010756,9.178682060,1.471288615,1.635304191,0.313333946,2.318855533,2.000000000,2.318855533,standard,0.567591576,0.746834943
9.968209414,9.173396004,1.541301213,1.656855697,0.300533947,2.378631038,2.000000000,2.378631038,standard,0.560571711,0.739815078
10.038408072,9.166635035,1.611176104,1.677502162,0.287656517,2.436940756,2.000000000,2.436940756,standard,0.553551845,0.732795212
10.108606730,9.158464812,1.680899365,1.697220118,0.273130350,2.493887503,2.000000000,2.493887503,standard,0.546531979,0.734282886
10.178805387,9.148959194,1.750458452,1.715803298,0.256266743,2.549562611,2.000000000,2.549562611,standard,0.539512113,0.741302752
10.249004045,9.138202467,1.819842568,1.733207308,0.239495631,2.604047645,2.000000000,2.604047645,standard,0.532492248,0.748322617
10.319202703,9.126279594,1.889041030,1.749439400,0.222857716,2.657415807,2.000000000,2.657415807,standard,0.525472382,0.755342483
10.389401361,9.113274920,1.958043157,1.764577413,0.211605139,2.709733087,2.000000000,2.709733087,standard,0.518452516,0.762362349
10.459600019,9.099244878,2.026838407,1.779346425,0.209095905,2.761059223,2.000000000,2.761059223,standard,0.520313368,0.769382215
10.529798677,9.084207264,2.095416426,1.793939158,0.206608151,2.811448500,2.000000000,2.811448500,standard,0.527333234,0.776402081
10.599997334,9.068177036,2.163766873,1.808357666,0.204147219,2.860950418,2.000000000,2.860950418,standard,0.534353099,0.783421946
10.670195992,9.051169572,2.231879542,1.822553758,0.197859740,2.909610270,2.000000000,2.909610270,standard,0.541372965,0.790441812
10.740394650,9.033219556,2.299750360,1.835996595,0.185103984,2.957469621,2.000000000,2.957469621,standard,0.538739185,0.797461678
10.810593308,9.014388611,2.367383809,1.848545183,0.172379311,3.004566722,2.000000000,3.004566722,standard,0.531998585,0.804481544
10.880791966,8.994740358,2.434785009,1.860202098,0.159702038,3.050936876,2.000000000,3.050936876,standard,0.526546064,0.811501409
10.950990624,8.974338847,2.501959335,1.870917607,0.143223671,3.096612739,2.000000000,3.096612739,standard,0.526836687,0.818521275
11.021189282,8.953265662,2.568922664,1.880182993,0.120740175,3.141624593,2.000000000,3.141624593,standard,0.533856553,0.825541141
11.091387939,8.931625700,2.635704836,1.887869656,0.098250781,3.186000583,0.636766347,3.186000583,standard,0.540876418,0.832561007
11.161586597,8.909525471,2.702336657,1.893977823,0.075769531,3.200000000,0.000000000,3.200000000,standard,0.547348935,0.839580873
11.231785255,8.887071554,2.768849050,1.898498251,0.052665638,3.200000000,0.000000000,3.200000000,standard,0.540329069,0.846600738
11.301983913,8.864372604,2.835276507,1.901356434,0.028764841,3.200000000,0.000000000,3.200000000,standard,0.533309203,0.853620604
11.372182571,8.841539685,2.901657653,1.902536702,0.004861759,3.200000000,0.000000000,3.200000000,standard,0.526289338,0.857142523
11.442381229,8.818683994,2.968031345,1.902039015,-0.019040893,3.200000000,0.000000000,3.200000000,standard,0.519269472,0.860640108
11.512579886,8.795917051,3.034436463,1.899838678,-0.044250646,3.200000000,0.000000000,3.200000000,standard,0.512249606,0.863251588
11.582778544,8.773356577,3.100912361,1.895808033,-0.070583416,3.200000000,0.000000000,3.200000000,standard,0.505229740,0.865059731
11.652977202,8.751125900,3.167498820,1.889928760,-0.096918062,3.200000000,0.000000000,3.200000000,standard,0.498209875,0.867091698
11.723175860,8.729348549,3.234235634,1.882200972,-0.123242360,3.200000000,0.000000000,3.200000000,standard,0.491190009,0.870408615
11.793374518,8.708148996,3.301162110,1.872578007,-0.151549551,3.200000000,0.000000000,3.200000000,standard,0.484170143,0.875880735
11.863573176,8.687662285,3.368312060,1.860909765,-0.180859065,3.200000000,0.000000000,3.200000000,standard,0.477150277,0.882240566
11.933771834,8.668030092,3.435715850,1.847182640,-0.210199374,3.200000000,-0.809502994,3.200000000,standard,0.470130411,0.886879013
12.003970491,8.649394198,3.503403794,1.831395778,-0.239509973,3.182192319,-1.800000000,3.182192319,standard,0.463110546,0.885229461
12.074169149,8.631895742,3.571402908,1.813622351,-0.266438604,3.142233725,-1.800000000,3.142233725,standard,0.456090680,0.878209595
12.144367807,8.615671941,3.639719923,1.793975570,-0.293186558,3.101760406,-1.800000000,3.101760406,standard,0.449070814,0.871189730
12.214566465,8.600858515,3.708353852,1.772445600,-0.320081746,3.060751942,-1.800000000,3.060751942,standard,0.442050948,0.864169864
12.284765123,8.587591178,3.777303690,1.749029217,-0.345565728,3.019186526,-1.636713884,3.019186526,standard,0.435031082,0.862429375
12.354963781,8.575988143,3.846560002,1.724450683,-0.354502296,2.980888633,-1.611155000,2.980888633,standard,0.428011217,0.869449241
12.425162438,8.566112358,3.916086719,1.699231841,-0.363762543,2.942702025,-1.575427835,2.942702025,standard,0.420991351,0.876469106
12.495361096,8.558015879,3.985842524,1.673352876,-0.373297525,2.904876825,-0.831337517,2.904876825,standard,0.413971485,0.880194330
12.565559754,8.551750358,4.055786045,1.646849137,-0.378533347,2.884716938,0.571126745,2.884716938,standard,0.406951619,0.873174465
12.635758412,8.547342835,4.125872437,1.620394383,-0.374920710,2.898581804,0.535666243,2.898581804,standard,0.399931754,0.866154599
12.705957070,8.544782064,4.196051458,1.594183084,-0.371594488,2.911525816,0.494730528,2.911525816,standard,0.392911888,0.859134733
12.776155728,8.544053489,4.266272399,1.568195119,-0.368574457,2.923429735,1.710261537,2.923429735,standard,0.385892022,0.852114867
12.846354385,8.545140416,4.336485047,1.542563507,-0.358502176,2.964212803,2.000000000,2.964212803,standard,0.387113215,0.845095001
12.916553043,8.547993730,4.406646758,1.517912941,-0.343603843,3.011204439,2.000000000,3.011204439,standard,0.394133081,0.838075136
12.986751701,8.552539136,4.476720764,1.494301745,-0.328899029,3.057473926,2.000000000,3.057473926,standard,0.401152947,0.831055270
13.056950359,8.558701674,4.546670452,1.471714530,-0.314457373,3.103053567,2.000000000,3.103053567,standard,0.408172812,0.824035404
13.127149017,8.566403613,4.616461710,1.450286715,-0.295111164,3.147973327,2.000000000,3.147973327,standard,0.415192678,0.817015538
13.197347675,8.575549673,4.686076273,1.430276181,-0.274887365,3.192261064,0.352352167,3.192261064,standard,0.422212544,0.809995672
13.267546333,8.586037727,4.755502054,1.411682259,-0.254766951,3.200000000,0.000000000,3.200000000,standard,0.429232410,0.802975807
13.337744990,8.597765631,4.824726985,1.394497091,-0.234489265,3.200000000,0.000000000,3.200000000,standard,0.436252275,0.795955941
13.407943648,8.610627525,4.893744139,1.378892936,-0.210025600,3.200000000,0.000000000,3.200000000,standard,0.443272141,0.788936075
13.478142306,8.624505465,4.962563316,1.365007585,-0.185541473,3.200000000,0.000000000,3.200000000,standard,0.450292007,0.781916209
13.548340964,8.639279055,5.031197708,1.352839988,-0.161088110,3.200000000,0.000000000,3.200000000,standard,0.457311873,0.774896344
13.618539622,8.654828121,5.099660480,1.342348110,-0.141264751,3.200000000,0.000000000,3.200000000,standard,0.464331739,0.767876478
13.688738280,8.671061188,5.167961284,1.332628630,-0.135628533,3.200000000,0.000000000,3.200000000,standard,0.471351604,0.760856612
13.758936937,8.687943443,5.236102842,1.323305107,-0.129991754,3.200000000,0.000000000,3.200000000,standard,0.478371470,0.753836746
13.829135595,8.705446709,5.304087058,1.314377222,-0.124359683,3.200000000,0.000000000,3.200000000,standard,0.485391336,0.746816880
13.899334253,8.723542911,5.371915823,1.305832804,-0.119644069,3.200000000,0.000000000,3.200000000,standard,0.492411202,0.739797015
13.969532911,8.742208699,5.439590129,1.297543458,-0.116515744,3.200000000,0.000000000,3.200000000,standard,0.499431068,0.732777149
14.039731569,8.761427466,5.507109694,1.289473435,-0.113395322,3.200000000,0.000000000,3.200000000,standard,0.506450933,0.725757283
14.109930227,8.781183117,5.574474139,1.281622142,-0.110284551,3.200000000,0.000000000,3.200000000,standard,0.513470799,0.718737417
14.180128885,8.801459332,5.641683187,1.274013120,-0.105610258,3.200000000,0.000000000,3.200000000,standard,0.520490665,0.711717551
14.250327542,8.822232628,5.708739760,1.266834009,-0.098921112,3.200000000,0.000000000,3.200000000,standard,0.527510531,0.704697686
14.320526200,8.843471110,5.775650545,1.260124380,-0.092235145,3.200000000,0.000000000,3.200000000,standard,0.534530396,0.697677820
14.390724858,8.865142403,5.842422441,1.253883918,-0.085555022,3.200000000,0.000000000,3.200000000,standard,0.541550262,0.690657954
14.460923516,8.887213946,5.909062462,1.248130738,-0.077795207,3.200000000,0.000000000,3.200000000,standard,0.548570128,0.683638088
14.531122174,8.909648664,5.975580464,1.242982252,-0.068886131,3.200000000,0.000000000,3.200000000,standard,0.555589994,0.676618223
14.601320832,8.932404800,6.041989244,1.238459187,-0.059977155,3.200000000,0.000000000,3.200000000,standard,0.562609860,0.669598357
14.671519489,8.955440380,6.108301737,1.234561465,-0.051070011,3.200000000,0.000000000,3.200000000,standard,0.569629725,0.662578491
14.741718147,8.978713456,6.174530915,1.231287829,-0.042224332,3.200000000,0.000000000,3.200000000,standard,0.576649591,0.655558625
14.811916805,9.002182618,6.240690448,1.228632440,-0.033428853,3.200000000,0.000000000,3.200000000,standard,0.583669457,0.648538759
14.882115463,9.025806940,6.306794642,1.226594497,-0.024633167,3.200000000,0.000000000,3.200000000,standard,0.590689323,0.641518894
14.952314121,9.049545512,6.372857820,1.225173998,-0.015837638,3.200000000,0.000000000,3.200000000,standard,0.597709189,0.634499028
15.022512779,9.073356569,6.438894653,1.224433264,-0.004232598,3.200000000,0.000000000,3.200000000,standard,0.604729054,0.631614913
15.092711436,9.097187021,6.504924323,1.224600878,0.009008035,3.200000000,0.000000000,3.200000000,standard,0.611748920,0.638634779
15.162910094,9.120975774,6.570969211,1.225697957,0.022248304,3.200000000,0.000000000,3.200000000,standard,0.618768786,0.635823698
15.233108752,9.144661560,6.637051763,1.227724464,0.035487259,3.200000000,0.000000000,3.200000000,standard,0.625788652,0.628803832
15.303307410,9.168178790,6.703195653,1.230923397,0.057505322,3.200000000,0.000000000,3.200000000,standard,0.632808517,0.621783966
15.373506068,9.191428728,6.769433966,1.235815818,0.081880258,3.200000000,0.000000000,3.200000000,standard,0.639828383,0.614764100
15.443704726,9.214297309,6.835804136,1.242419438,0.106257670,3.200000000,0.000000000,3.200000000,standard,0.646848249,0.607744235
15.513903384,9.236670384,6.902343623,1.250734111,0.130530126,3.200000000,0.000000000,3.200000000,standard,0.653868115,0.600724369
15.584102041,9.258440350,6.969085850,1.260443188,0.146075480,3.200000000,0.000000000,3.200000000,standard,0.660887981,0.593704503
15.654300699,9.279524970,7.036048595,1.271245019,0.161655879,3.200000000,0.000000000,3.200000000,standard,0.667907846,0.586684637
15.724499357,9.299848148,7.103245847,1.283141438,0.177257494,3.200000000,0.000000000,3.200000000,standard,0.674927712,0.579664772
15.794698015,9.319333916,7.170691532,1.296111303,0.190547742,3.200000000,0.000000000,3.200000000,standard,0.681947578,0.572644906
15.864896673,9.337918837,7.238393185,1.309740132,0.197710560,3.200000000,0.000000000,3.200000000,standard,0.688967444,0.565625040
15.935095331,9.355562334,7.306346684,1.323873912,0.204928007,3.200000000,0.000000000,3.200000000,standard,0.695987310,0.558605174
16.005293988,9.372226269,7.374546662,1.338515912,0.212187791,3.200000000,0.000000000,3.200000000,standard,0.703007175,0.551585308
16.075492646,9.387873564,7.442987438,1.353580755,0.214808496,3.200000000,0.000000000,3.200000000,standard,0.710027041,0.544565443
16.145691304,9.402487812,7.511657170,1.368614167,0.213453009,3.200000000,0.000000000,3.200000000,standard,0.717046907,0.537545577
16.215889962,9.416071381,7.580538422,1.383554513,0.212156415,3.200000000,0.000000000,3.200000000,standard,0.724066773,0.535746975
16.286088620,9.428627316,7.649613555,1.398405791,0.210921151,3.200000000,0.000000000,3.200000000,standard,0.731086638,0.541410177
16.356287278,9.440161361,7.718864873,1.413023068,0.204192598,3.200000000,0.000000000,3.200000000,standard,0.738106504,0.548430043
16.426485936,9.450701545,7.788274222,1.427063121,0.195780422,3.200000000,0.000000000,3.200000000,standard,0.739524538,0.555449908
16.496684593,9.460286902,7.857823218,1.440513808,0.187398343,3.200000000,0.000000000,3.200000000,standard,0.732504672,0.562469774
16.566883251,9.468956543,7.927493479,1.453377683,0.179059827,3.200000000,0.000000000,3.200000000,standard,0.725484806,0.569489640
16.637081909,9.476741091,7.997267841,1.466050977,0.182791224,3.200000000,0.000000000,3.200000000,standard,0.718464940,0.576509506
16.707280567,9.483629455,8.067135146,1.479047060,0.187437867,3.200000000,0.000000000,3.200000000,standard,0.711445075,0.583529372
16.777479225,9.489597753,8.137086075,1.492370121,0.192109853,3.200000000,0.000000000,3.200000000,standard,0.704425209,0.590549237
16.847677883,9.494622100,8.207111312,1.506021848,0.196768896,3.200000000,0.000000000,3.200000000,standard,0.697405343,0.597569103
16.917876540,9.498679547,8.277200702,1.519962934,0.200380641,3.200000000,0.000000000,3.200000000,standard,0.690385477,0.604588969
16.988075198,9.501750602,8.347341010,1.534159563,0.204043027,3.200000000,0.000000000,3.200000000,standard,0.683365611,0.611608835
17.058273856,9.503816569,8.417518288,1.548614956,0.207749681,3.200000000,0.000000000,3.200000000,standard,0.676345746,0.618628700
17.128472514,9.504858751,8.487718591,1.563331815,0.211407156,3.200000000,0.000000000,3.200000000,standard,0.669325880,0.625648566
17.198671172,9.504859753,8.557927422,1.578261347,0.213888111,3.200000000,0.000000000,3.200000000,standard,0.662306014,0.632668432
17.268869830,9.503806443,8.628128479,1.593367134,0.216426338,3.200000000,0.000000000,3.200000000,standard,0.655286148,0.639688298
17.339068488,9.501686567,8.698305094,1.608652925,0.219016776,3.200000000,-0.529783779,3.200000000,standard,0.648266282,0.646708164
17.409267145,9.498487869,8.768440593,1.624122433,0.221732332,3.188356909,-1.800000000,3.188356909,standard,0.641246417,0.653728029
17.479465803,9.494197087,8.838517931,1.639819103,0.225416401,3.148476554,-1.800000000,3.148476554,standard,0.634226551,0.660747895
17.549664461,9.488797777,8.908518873,1.655776375,0.229152475,3.108084530,-1.800000000,3.108084530,standard,0.628030669,0.667767761
17.619863119,9.482272864,8.978424946,1.671997774,0.232931605,3.067160621,-1.800000000,3.067160621,standard,0.625062457,0.674787627
17.690061777,9.474605263,9.048217679,1.688491686,0.238267809,3.025683246,-1.800000000,3.025683246,standard,0.623384466,0.681807493
17.760260435,9.465761581,9.117874137,1.705898186,0.257552814,2.983629323,-1.800000000,2.983629323,standard,0.621584191,0.688827358
17.830459092,9.455659840,9.187358106,1.724663384,0.276967867,2.940974119,-1.800000000,2.940974119,standard,0.619812918,0.695847224
17.900657750,9.444209059,9.256630906,1.744794268,0.296452435,2.897691081,-1.800000000,2.897691081,standard,0.618511829,0.702867090
17.970856408,9.431318270,9.325653850,1.766290122,0.315066164,2.853751642,-1.800000000,2.853751642,standard,0.618122256,0.709886956
18.041055066,9.416904912,9.394383372,1.788893833,0.328730647,2.809125000,-1.800000000,2.809125000,standard,0.619162456,0.716906821
18.111253724,9.400908437,9.462763142,1.812468788,0.342703908,2.763777867,-1.800000000,2.763777867,standard,0.622352179,0.723926687
18.181452382,9.383271858,9.530734759,1.837032971,0.356924704,2.717674176,-1.800000000,2.717674176,standard,0.628443768,0.730946553
18.251651039,9.363938290,9.598239852,1.862577709,0.367817040,2.670774749,-1.800000000,2.670774749,standard,0.635463634,0.737966419
18.321849697,9.342875105,9.665226349,1.888271532,0.364001495,2.623036903,-1.800000000,2.623036903,standard,0.642483499,0.744986285
18.392048355,9.320105248,9.731656614,1.913705409,0.360373755,2.574413996,-1.800000000,2.574413996,standard,0.649503365,0.752006150
18.462247013,9.295659414,9.797495023,1.938893907,0.356955317,2.524854898,-1.800000000,2.524854898,standard,0.656523231,0.759026016
18.532445671,9.269568088,9.862705845,1.963903777,0.361337136,2.474303354,-1.800000000,2.474303354,standard,0.663543097,0.766045882
18.602644329,9.241813753,9.927228487,1.990563419,0.397834083,2.422697240,-1.800000000,2.422697240,standard,0.670562963,0.773065748
18.672842987,9.212269565,9.990945734,2.019798412,0.434681053,2.369967668,-1.800000000,2.369967668,standard,0.677582828,0.780085614
18.743041644,9.180793543,10.053732533,2.051625687,0.471563874,2.316037906,-1.800000000,2.316037906,standard,0.684602694,0.787105479
18.813240302,9.147243694,10.115463791,2.086054999,0.510786207,2.260822066,-1.800000000,2.260822066,standard,0.691622560,0.794125345
18.883438960,9.111467392,10.175976589,2.124144348,0.573192296,2.204223502,-1.800000000,2.204223502,standard,0.689920658,0.801145211
18.953637618,9.073281342,10.234998926,2.166696691,0.637622692,2.146132819,-1.800000000,2.146132819,standard,0.682900792,0.808165077
19.023836276,9.032496756,10.292239258,2.213815682,0.703144549,2.086425390,-1.800000000,2.086425390,standard,0.675880927,0.815184942
19.094034934,8.988924847,10.347406040,2.265547117,0.768207292,2.024958207,-0.863793940,2.024958207,standard,0.668861061,0.822204808
19.164233591,8.942417791,10.400208320,2.320481549,0.791620108,1.994788558,-0.904267705,1.994788558,standard,0.661841195,0.829224674
19.234432249,8.893020320,10.450357924,2.377102877,0.817709324,1.962708494,-0.990467363,1.962708494,standard,0.654821329,0.836244540
19.304630907,8.840833686,10.497567495,2.435707855,0.848332737,1.926957621,-1.029178183,1.926957621,standard,0.647801464,0.843264406
19.374829565,8.785959152,10.541549675,2.496565175,0.882681333,1.889092856,1.455096716,1.889092856,standard,0.640781598,0.850284271
19.445028223,8.728517397,10.582054436,2.557597834,0.834887485,1.942411772,2.000000000,1.942411772,standard,0.633761732,0.857304137
19.515226881,8.668784069,10.619129663,2.613776156,0.763325431,2.013394677,2.000000000,2.013394677,standard,0.626741866,0.864324003
19.585425539,8.607109032,10.652965908,2.665030804,0.694271505,2.081958875,2.000000000,2.081958875,standard,0.619722000,0.871343869
19.655624196,8.543842612,10.683754618,2.711565745,0.629082891,2.148335957,2.000000000,2.148335957,standard,0.612702135,0.878363734
19.725822854,8.479325880,10.711690351,2.753671090,0.569402432,2.212722761,2.000000000,2.212722761,standard,0.605682269,0.885383600
19.796021512,8.413791729,10.737004030,2.791595713,0.510079031,2.275288256,2.000000000,2.275288256,standard,0.598662403,0.888792008
19.866220170,8.347403008,10.759950128,2.825335701,0.450591328,2.336178777,2.000000000,2.336178777,standard,0.591642537,0.881772142
19.936418828,8.280321381,10.780783515,2.854912264,0.391634376,2.395522054,2.000000000,2.395522054,standard,0.584622671,0.874752276
20.006617486,8.212705065,10.799756087,2.880638201,0.346109797,2.453430363,2.000000000,2.453430363,standard,0.577602806,0.867732410
20.076816143,8.144660782,10.817075427,2.903635889,0.308928998,2.510003022,2.000000000,2.510003022,standard,0.570582940,0.860712545
20.147014801,8.076255713,10.832915084,2.924021103,0.271724406,2.565328401,2.000000000,2.565328401,standard,0.563563074,0.853692679
20.217213459,8.007556025,10.847447736,2.941799177,0.234653848,2.619485529,2.000000000,2.619485529,standard,0.556543208,0.846672813
20.287412117,7.938626249,10.860840182,2.957441394,0.221035359,2.672545429,2.000000000,2.672545429,standard,0.549523343,0.839652947
20.357610775,7.869502547,10.873157375,2.973116215,0.225462109,2.724572205,2.000000000,2.724572205,standard,0.542503477,0.832633081
20.427809433,7.800197082,10.884378100,2.989101855,0.229916718,2.775623954,2.000000000,2.775623954,standard,0.535483611,0.825613216
20.498008091,7.730721258,10.894478429,3.005400484,0.234387370,2.825753521,2.000000000,2.825753521,standard,0.528886296,0.818593350
20.568206748,7.661086566,10.903432933,3.022126976,0.244660165,2.875009146,2.000000000,2.875009146,standard,0.522579891,0.818242559
20.638405406,7.591306028,10.911189489,3.039829375,0.259615469,2.923435004,-1.621956766,2.923435004,standard,0.515646666,0.823874816
20.708604064,7.521393980,10.917672988,3.058584824,0.274634847,2.884224999,-1.800000000,2.884224999,standard,0.508796275,0.830894682
20.778802722,7.451364802,10.922807573,3.078397019,0.289664062,2.840077231,-1.800000000,2.840077231,standard,0.502791513,0.837914547
20.849001380,7.381233897,10.926513331,3.099560942,0.319080291,2.795232282,-1.800000000,2.795232282,standard,0.498367938,0.844934413
20.919200038,7.311033118,10.928645129,3.123378626,0.359221212,2.749656040,-1.800000000,2.749656040,standard,0.495822960,0.846382888
20.989398695,7.240807595,10.929005193,-3.133159296,0.399692095,2.703311520,-1.800000000,2.703311520,standard,0.495100355,0.845986485
21.059597353,7.170602839,10.927394249,-3.103666922,0.440215771,2.656158506,-1.800000000,2.656158506,standard,0.496133807,0.846142309
21.129796011,7.100466492,10.923618853,-3.071716066,0.463067579,2.608153147,-1.350055325,2.608153147,standard,0.498896583,0.848794651
21.199994669,7.030474801,10.917563810,-3.038721739,0.476340349,2.571559584,-1.356816366,2.571559584,standard,0.503892806,0.853727605
21.270193327,6.960724457,10.909169838,-3.004763851,0.490468919,2.534250445,-1.344639309,2.534250445,standard,0.510912672,0.859181516
21.340391985,6.891312593,10.898378868,-2.969790878,0.505322606,2.496726170,0.846656481,2.496726170,standard,0.517932538,0.863363334
21.410590642,6.822334093,10.885141112,-2.934323165,0.495866999,2.520418589,2.000000000,2.520418589,standard,0.524952403,0.859304972
21.480789300,6.753855825,10.869510023,-2.900290677,0.473188346,2.575520238,2.000000000,2.575520238,standard,0.531972269,0.852285107
21.550987958,6.685925645,10.851609107,-2.867831054,0.450999108,2.629467461,2.000000000,2.629467461,standard,0.538992135,0.845265241
21.621186616,6.618591051,10.831563206,-2.836904605,0.429498075,2.682329913,0.596466658,2.682329913,standard,0.546012001,0.838245375
21.691385274,6.551899622,10.809493308,-2.807205790,0.420847463,2.697894749,-1.800000000,2.697894749,standard,0.553031866,0.831225509
21.761583932,6.485900213,10.785464451,-2.777666032,0.420294135,2.650645376,-1.800000000,2.650645376,standard,0.560051732,0.824205643
21.831782590,6.420642633,10.759499438,-2.748159828,0.419941775,2.602538326,-1.800000000,2.602538326,standard,0.567071598,0.817185778
21.901981247,6.356176717,10.731620030,-2.718670074,0.419793539,2.553525127,-1.800000000,2.553525127,standard,0.574091464,0.810165912
21.972179905,6.292555069,10.701844086,-2.688818973,0.438256833,2.503552557,-1.800000000,2.503552557,standard,0.581111330,0.806549886
22.042378563,6.229879253,10.670120463,-2.656855446,0.471844629,2.452561974,-1.800000000,2.452561974,standard,0.588131195,0.806408522
22.112577221,6.168292774,10.636338912,-2.622515039,0.505918050,2.400488506,-1.800000000,2.400488506,standard,0.595151061,0.807106561
22.182775879,6.107940491,10.600387275,-2.585772106,0.540071743,2.347260084,-1.800000000,2.347260084,standard,0.602170927,0.801276846
22.252974537,6.048971030,10.562155153,-2.546577737,0.576201308,2.292796269,-1.800000000,2.292796269,standard,0.609190793,0.794256980
22.323173194,5.991586631,10.521557226,-2.504696698,0.615704297,2.237006832,-1.800000000,2.237006832,standard,0.616210658,0.787237114
22.393371852,5.936029453,10.478526848,-2.459976237,0.657260503,2.179789989,-1.800000000,2.179789989,standard,0.623230524,0.780217249
22.463570510,5.882542607,10.432997815,-2.412303287,0.700191506,2.121030228,2.000000000,2.121030228,standard,0.630250390,0.773197383
22.533769168,5.831326019,10.384947520,-2.364479115,0.653675653,2.186221366,2.000000000,2.186221366,standard,0.637270256,0.769603774
22.603967826,5.782353895,10.334581191,-2.320482344,0.598999145,2.249524059,2.000000000,2.249524059,standard,0.644290122,0.768673464
22.674166484,5.735526945,10.282178247,-2.280261624,0.545882235,2.311093491,2.000000000,2.311093491,standard,0.651309987,0.767456390
22.744365142,5.690749010,10.228014110,-2.243254090,0.521596909,2.371064688,2.000000000,2.371064688,standard,0.658329853,0.761783245
22.814563799,5.648005809,10.172259986,-2.206395064,0.527759937,2.429556006,-0.063474638,2.429556006,standard,0.665349719,0.754763380
22.884762457,5.607370266,10.114976082,-2.169094382,0.534457156,2.427721301,-0.286545982,2.427721301,standard,0.672369585,0.747743514
22.954961115,5.568919527,10.056217226,-2.131322997,0.538130342,2.419421507,2.000000000,2.419421507,standard,0.679389451,0.742670565
23.025159773,5.532691520,9.996059985,-2.094793019,0.502249938,2.476771096,2.000000000,2.476771096,standard,0.686409316,0.742499236
23.095358431,5.498600660,9.934649415,-2.060760591,0.466876000,2.532822476,2.000000000,2.532822476,standard,0.693429182,0.746547278
23.165557089,5.466537106,9.872144015,-2.029179684,0.432358096,2.587660009,2.000000000,2.587660009,standard,0.700449048,0.753567144
23.235755746,5.436391182,9.808701020,-1.999929937,0.402505083,2.641359300,2.000000000,2.641359300,standard,0.707468914,0.760587009
23.305954404,5.408057515,9.744444635,-1.972563083,0.376861186,2.693988416,2.000000000,2.693988416,standard,0.714488779,0.767606875
23.376153062,5.381435332,9.679463746,-1.946996775,0.351294223,2.745608897,2.000000000,2.745608897,standard,0.721508645,0.774626741
23.446351720,5.356424083,9.613845515,-1.923218249,0.325966167,2.796276604,2.000000000,2.796276604,standard,0.728528511,0.781646607
23.516550378,5.332925471,9.547675256,-1.901024555,0.309212734,2.846042424,2.000000000,2.846042424,standard,0.735548377,0.788666473
23.586749036,5.310870765,9.481014044,-1.879731008,0.297308539,2.894952869,2.000000000,2.894952869,standard,0.742568243,0.795686338
23.656947693,5.290212073,9.413905868,-1.859270829,0.285475582,2.943050584,2.000000000,2.943050584,standard,0.749588108,0.802346577
23.727146351,5.270901942,9.346394356,-1.839636860,0.273760910,2.990374788,2.000000000,2.990374788,standard,0.756607974,0.809366443
23.797345009,5.252897261,9.278521917,-1.820526606,0.274916598,3.036961640,2.000000000,3.036961640,standard,0.763627840,0.816386308
23.867543667,5.236207228,9.210316216,-1.800944383,0.282849541,3.082844569,2.000000000,3.082844569,standard,0.770647706,0.823406174
23.937742325,5.220875677,9.141795160,-1.780801917,0.290890604,3.128054550,2.000000000,3.128054550,standard,0.765798228,0.830426040
24.007940983,5.206947057,9.072976484,-1.760092273,0.299008973,3.172620352,1.242759509,3.172620352,standard,0.758778362,0.837445906
24.078139641,5.194463892,9.003878660,-1.738943692,0.301303682,3.200000000,0.000000000,3.200000000,standard,0.751758496,0.844465772
24.148338298,5.183444630,8.934529420,-1.717813495,0.300550088,3.200000000,0.000000000,3.200000000,standard,0.744738630,0.851485637
24.218536956,5.173891353,8.864962786,-1.696729789,0.299977519,3.200000000,0.000000000,3.200000000,standard,0.737718765,0.858505503
24.288735614,5.165805827,8.795212902,-1.675680638,0.299588118,3.200000000,0.000000000,3.200000000,standard,0.730698899,0.865525369
24.358934272,5.159185059,8.725313684,-1.654954704,0.286606327,3.200000000,0.000000000,3.200000000,standard,0.723679033,0.865374420
24.429132930,5.153971679,8.655296471,-1.635505319,0.267419140,3.200000000,0.000000000,3.200000000,standard,0.717558058,0.868956741
24.499331588,5.150073691,8.585190958,-1.617400021,0.248311317,3.200000000,0.000000000,3.200000000,standard,0.713302746,0.874749365
24.569530245,5.147398546,8.515026812,-1.600631689,0.229335761,3.200000000,0.000000000,3.200000000,standard,0.711518899,0.880802631
24.639728903,5.145856401,8.444832586,-1.585033751,0.216567432,3.200000000,0.000000000,3.200000000,standard,0.712587294,0.885283460
24.709927561,5.145381856,8.374626750,-1.570201557,0.205955498,3.200000000,0.000000000,3.200000000,standard,0.714857420,0.881645156
24.780126219,5.145922477,8.304422430,-1.556113934,0.195367047,3.200000000,0.000000000,3.200000000,standard,0.708045428,0.874625290
24.850324877,5.147425950,8.234232700,-1.542768402,0.184821654,3.200000000,0.000000000,3.200000000,standard,0.701025562,0.867605425
24.920523535,5.149839986,8.164070005,-1.530161696,0.174322162,3.200000000,0.000000000,3.200000000,standard,0.694005696,0.860585559
24.990722193,5.153112467,8.093942548,-1.518291862,0.163831951,3.200000000,0.000000000,3.200000000,standard,0.686985831,0.853565693
25.060920850,5.157191343,8.023856770,-1.507157746,0.153362417,3.200000000,0.000000000,3.200000000,standard,0.679965965,0.846545827
25.131119508,5.162024568,7.953819111,-1.496757617,0.142924266,3.200000000,0.000000000,3.200000000,standard,0.678494809,0.839525961
25.201318166,5.167560777,7.883835263,-1.487060665,0.133400769,3.200000000,0.000000000,3.200000000,standard,0.685514675,0.832506096
25.271516824,5.173752064,7.813907141,-1.478027323,0.123953044,3.200000000,0.000000000,3.200000000,standard,0.692534541,0.825486230
25.341715482,5.180551615,7.744035470,-1.469657004,0.114512762,3.200000000,0.000000000,3.200000000,standard,0.699554406,0.818466364
25.411914140,5.187912618,7.674220973,-1.461949009,0.105089239,3.200000000,0.000000000,3.200000000,standard,0.706574272,0.811446498
25.482112797,5.195788699,7.604463765,-1.454886910,0.096107931,3.200000000,0.000000000,3.200000000,standard,0.713594138,0.804426633
25.552311455,5.204135199,7.534761585,-1.448455393,0.087125777,3.200000000,0.000000000,3.200000000,standard,0.720614004,0.797406767
25.622510113,5.212907879,7.465111598,-1.442654324,0.078146669,3.200000000,0.000000000,3.200000000,standard,0.727633869,0.790386901
25.692708771,5.222062498,7.395510964,-1.437483241,0.069235497,3.200000000,0.000000000,3.200000000,standard,0.734653735,0.783367035
25.762907429,5.231555652,7.325956422,-1.432911965,0.061000974,3.200000000,0.000000000,3.200000000,standard,0.741673601,0.776347169
25.833106087,5.241346536,7.256443388,-1.428918806,0.052765499,3.200000000,0.000000000,3.200000000,standard,0.748693467,0.769327304
25.903304745,5.251394846,7.186967020,-1.425503755,0.044530573,3.200000000,0.000000000,3.200000000,standard,0.755713333,0.762307438
25.973503402,5.261660285,7.117522481,-1.422665284,0.036574968,3.200000000,0.000000000,3.200000000,standard,0.762733198,0.755287572
26.043702060,5.272104865,7.048104983,-1.420321789,0.030192254,3.200000000,0.000000000,3.200000000,standard,0.769753064,0.748267706
26.113900718,5.282696533,6.978709884,-1.418426370,0.023809229,3.200000000,0.000000000,3.200000000,standard,0.776772930,0.741247840
26.184099376,5.293404176,6.909332562,-1.416979032,0.017426210,3.200000000,0.000000000,3.200000000,standard,0.783792796,0.734227975
26.254298034,5.304196683,6.839968394,-1.415978960,0.011154283,3.200000000,0.000000000,3.200000000,standard,0.790812662,0.727208109
26.324496692,5.315043704,6.770612801,-1.415401263,0.005304614,3.200000000,0.000000000,3.200000000,standard,0.797832527,0.720188243
26.394695349,5.325916544,6.701261289,-1.415234207,-0.000545081,3.200000000,0.000000000,3.200000000,standard,0.804852393,0.713168377
26.464894007,5.336786729,6.631909378,-1.415477791,-0.006394782,3.200000000,0.000000000,3.200000000,standard,0.811872259,0.706148512
26.535092665,5.347625767,6.562552587,-1.416134121,-0.012470341,3.200000000,0.000000000,3.200000000,standard,0.818892125,0.699128646
26.605291323,5.358403816,6.493186275,-1.417244709,-0.019170938,3.200000000,0.000000000,3.200000000,standard,0.825911990,0.692108780
26.675489981,5.369088505,6.423805507,-1.418825669,-0.025871503,3.200000000,0.000000000,3.200000000,standard,0.832931856,0.685088914
26.745688639,5.379647192,6.354405316,-1.420876997,-0.032571779,3.200000000,0.000000000,3.200000000,standard,0.839951722,0.678069048
26.815887296,5.390047061,6.284980720,-1.423420737,-0.041174915,3.200000000,0.000000000,3.200000000,standard,0.846971588,0.671049183
26.886085954,5.400244863,6.215525798,-1.426748664,-0.053638704,3.200000000,0.000000000,3.200000000,standard,0.853991454,0.664029317
26.956284612,5.410181037,6.146033167,-1.430951603,-0.066104300,3.200000000,0.000000000,3.200000000,standard,0.861011319,0.657009451
27.026483270,5.419794607,6.076495315,-1.436029619,-0.078569599,3.200000000,0.000000000,3.200000000,standard,0.868031185,0.649989585
27.096681928,5.429024868,6.006904808,-1.441953283,-0.088975480,3.200000000,-1.630251408,3.200000000,standard,0.875051051,0.642969719
27.166880586,5.437821259,5.937257141,-1.448459621,-0.096389002,3.164034936,-1.800000000,3.164034936,standard,0.882070917,0.635949854
27.237079244,5.446146170,5.867551545,-1.455486708,-0.103810983,3.123844092,-1.800000000,3.123844092,standard,0.889090783,0.628929988
27.307277901,5.453962833,5.797787494,-1.463035004,-0.111238469,3.083129375,-1.800000000,3.083129375,standard,0.896110648,0.622817957
27.377476559,5.461235130,5.727964559,-1.471047584,-0.115341372,3.041869750,-1.800000000,3.041869750,standard,0.903130514,0.621759815
27.447675217,5.467942610,5.658084642,-1.479167374,-0.115988805,3.000042734,-1.800000000,3.000042734,standard,0.910150380,0.625810617
27.517873875,5.474080902,5.588152032,-1.487332945,-0.116644305,2.957624256,-1.800000000,2.957624256,standard,0.917170246,0.632830483
27.588072533,5.479646367,5.518171129,-1.495544850,-0.117307479,2.914588490,-1.800000000,2.914588490,standard,0.924190111,0.639850348
27.658271191,5.484634365,5.448146305,-1.503878915,-0.121750939,2.870907679,-1.800000000,2.870907679,standard,0.931209977,0.646870214
27.728469848,5.489023226,5.378081429,-1.512682915,-0.129068547,2.826551916,-1.800000000,2.826551916,standard,0.938229843,0.653890080
27.798668506,5.492777045,5.307979948,-1.522000943,-0.136395167,2.781488912,-1.800000000,2.781488912,standard,0.945249709,0.660909946
27.868867164,5.495859479,5.237845301,-1.531833516,-0.143724389,2.735683717,-1.800000000,2.735683717,standard,0.952269575,0.667929812
27.939065822,5.498233091,5.167681162,-1.542254802,-0.154404376,2.689098404,-1.800000000,2.689098404,standard,0.959289440,0.674949677
28.009264480,5.499845784,5.097494392,-1.553540090,-0.167093829,2.641691704,-1.800000000,2.641691704,standard,0.953276220,0.681969543
28.079463138,5.500635013,5.027294126,-1.565717257,-0.179812164,2.593418572,-1.800000000,2.593418572,standard,0.946256355,0.688989409
28.149661796,5.500538008,4.957089546,-1.578787830,-0.192541504,2.544229691,-1.800000000,2.544229691,standard,0.939236489,0.696009275
28.219860453,5.499489868,4.886890390,-1.592892125,-0.211345925,2.494070880,-1.800000000,2.494070880,standard,0.932216623,0.697300233
28.290059111,5.497399862,4.816713128,-1.608504732,-0.233410396,2.442882393,-1.800000000,2.442882393,standard,0.925196757,0.690280368
28.360257769,5.494160095,4.746578700,-1.625668253,-0.255508974,2.390598088,-1.800000000,2.390598088,standard,0.918176891,0.683260502
28.430456427,5.489662360,4.676508132,-1.644384019,-0.277569494,2.337144422,-1.800000000,2.337144422,standard,0.911157026,0.676240636
28.500655085,5.483788474,4.606525426,-1.665342898,-0.330982273,2.282439239,-1.800000000,2.282439239,standard,0.904137160,0.669220770
28.570853743,5.476286790,4.536694459,-1.691129132,-0.403378499,2.226390288,-1.800000000,2.226390288,standard,0.897117294,0.662200904
28.641052400,5.466810429,4.467107556,-1.722008467,-0.475948617,2.168893392,-1.800000000,2.168893392,standard,0.890097428,0.655181039
28.711251058,5.455010464,4.397857658,-1.757978104,-0.547856054,2.109830178,-1.800000000,2.109830178,standard,0.883077563,0.648161173
28.781449716,5.440537563,4.329042148,-1.799108934,-0.625691066,2.049065204,-1.800000000,2.049065204,standard,0.876057697,0.655181039
28.851648374,5.423031949,4.260873643,-1.846266975,-0.715022722,1.986442308,-1.800000000,1.986442308,standard,0.869037831,0.662200904
28.921847032,5.402122704,4.193687678,-1.899845431,-0.808184740,1.921779871,-1.800000000,1.921779871,standard,0.862979969,0.669220770
28.992045690,5.377438365,4.127825776,-1.960030782,-0.902926224,1.854864605,-1.800000000,1.854864605,standard,0.859672743,0.676240636
29.062244347,5.348607549,4.063629480,-2.026840724,-0.988139956,1.785443233,-0.532229741,1.785443233,standard,0.858643632,0.683260502
29.132443005,5.315360703,4.001467156,-2.097288794,-1.011858367,1.764393355,-0.712874327,1.764393355,standard,0.859408875,0.685233923
29.202641663,5.277730725,3.941786846,-2.169825671,-1.045470233,1.735799029,-0.831328328,1.735799029,standard,0.861451328,0.678214057
29.272840321,5.235806402,3.885051311,-2.245036782,-1.087601275,1.701846645,-0.883822193,1.701846645,standard,0.864247677,0.671194191
29.343038979,5.189676525,3.831723316,-2.323429930,-1.136283400,1.664991213,-0.032140924,1.664991213,standard,0.867274607,0.664174326
29.413237637,5.139439380,3.782257458,-2.404427705,-1.138136025,1.663635549,0.630895956,1.663635549,standard,0.870011038,0.657154460
29.483436295,5.085373356,3.736953482,-2.483442864,-1.102841033,1.690047141,0.516710730,1.690047141,standard,0.871978237,0.650134594
29.553634952,5.027917903,3.695972656,-2.560277407,-1.075524294,1.711374926,0.356075884,1.711374926,standard,0.872735344,0.643114728
29.623833610,4.967518145,3.659471369,-2.635503263,-1.057474144,1.725918954,0.160108755,1.725918954,standard,0.871842832,0.636094863
29.694032268,4.904619206,3.627606008,-2.709742313,-1.049553914,1.732418851,1.528001135,1.732418851,standard,0.868861175,0.629074997
29.764230926,4.839652806,3.600470788,-2.781285236,-0.979537817,1.793265829,1.847608875,1.793265829,standard,0.863614148,0.622055131
29.834429584,4.772991117,3.577883751,-2.847661195,-0.906422219,1.864189277,2.000000000,1.864189277,standard,0.857095096,0.615035265
29.904628242,4.704989787,3.559586284,-2.908997809,-0.836003862,1.938039291,2.000000000,1.938039291,standard,0.850621993,0.608015399
29.974826899,4.636004459,3.545319771,-2.965558119,-0.770541871,2.009176677,1.640778291,2.009176677,standard,0.845512826,0.600995534
30.045025557,4.566385897,3.534831159,-3.018189169,-0.738197316,2.065708544,0.249342781,2.065708544,standard,0.843028714,0.593975668
30.115224215,4.496383000,3.527983447,-3.069905291,-0.732190538,2.074164614,0.241970027,2.074164614,standard,0.843244089,0.586955802
30.185422873,4.426148268,3.524749456,-3.121186824,-0.726454103,2.082337818,0.226869281,2.082337818,standard,0.845110402,0.579935936
30.255621531,4.355830415,3.525106323,3.111098896,-0.721156714,2.089971920,-0.759651694,2.089971920,standard,0.847534990,0.572916070
30.325820189,4.285578298,3.529031457,3.060456310,-0.726587584,2.064298808,-1.800000000,2.064298808,standard,0.849427194,0.565896205
30.396018847,4.215578914,3.536573819,3.007426991,-0.780445604,2.002152441,-1.800000000,2.002152441,standard,0.850226700,0.558876339
30.466217504,4.146108410,3.547949647,2.950456883,-0.838495572,1.938014250,-1.800000000,1.938014250,standard,0.850612972,0.551856473
30.536416162,4.077455656,3.563399042,2.889317173,-0.899181985,1.871679477,-1.585797869,1.871679477,standard,0.851442349,0.544836607
30.606614820,4.009909518,3.583162105,2.823868972,-0.960207097,1.811226739,-0.681605237,1.811226739,standard,0.853571168,0.537816742
30.676813478,3.943770031,3.607457634,2.754956103,-0.989058577,1.784613895,-0.612050045,1.784613895,standard,0.857690333,0.530796876
30.747012136,3.879427908,3.636331445,2.684271325,-1.016484287,1.760373986,-0.738511913,1.760373986,standard,0.863147459,0.523777010
30.817210794,3.817317918,3.669745301,2.611365869,-1.051671639,1.730673707,-0.807951886,1.730673707,standard,0.868637429,0.516757144
30.887409451,3.757875127,3.707660405,2.535771013,-1.093067893,1.697585699,-0.498664363,1.697585699,standard,0.872850792,0.509737278
30.957608109,3.701534213,3.750037286,2.457249983,-1.120284376,1.676838116,0.559305590,1.676838116,standard,0.874484062,0.502717413
31.027806767,3.648669136,3.796730265,2.379328648,-1.089848090,1.700091489,0.435478536,1.700091489,standard,0.873173839,0.495697547
31.098005425,3.599527462,3.847372585,2.303250527,-1.067271625,1.717978780,0.272846464,1.717978780,standard,0.870513590,0.488677681
31.168204083,3.554340979,3.901569889,2.228460082,-1.053596980,1.729091669,0.083223579,1.729091669,standard,0.868341057,0.481657815
31.238402741,3.513341476,3.958927821,2.154361987,-1.049495414,1.732467133,1.356946475,1.732467133,standard,0.868493980,0.474637949
31.308601399,3.476734290,4.019050818,2.081877562,-0.986856324,1.786604044,2.000000000,1.786604044,standard,0.872619144,0.467618084
31.378800056,3.444404025,4.081528662,2.015925930,-0.887767709,1.863531228,2.000000000,1.863531228,standard,0.879639010,0.460598218
31.448998714,3.416021893,4.145941391,1.956878266,-0.790347275,1.937406325,2.000000000,1.937406325,standard,0.886658875,0.453578352
31.519197372,3.391255247,4.211868865,1.904510878,-0.697576036,2.008566131,2.000000000,2.008566131,standard,0.893678741,0.446558486
31.589396030,3.369771367,4.278891651,1.858477135,-0.613316526,2.077289709,2.000000000,2.077289709,standard,0.899960194,0.439538621
31.659594688,3.351228528,4.346679810,1.818022599,-0.537495725,2.143811364,2.000000000,2.143811364,standard,0.899510475,0.432518755
31.729793346,3.335267293,4.415079401,1.782974150,-0.460356798,2.208330093,2.000000000,2.208330093,standard,0.893977130,0.425498889
31.799992003,3.321526156,4.483957009,1.753353487,-0.383145120,2.271016606,2.000000000,2.271016606,standard,0.886957264,0.418479023
31.870190661,3.309643625,4.553179225,1.729131376,-0.309582707,2.332018666,2.000000000,2.332018666,standard,0.879937398,0.411459157
31.940389319,3.299301865,4.622632339,1.708446337,-0.279536012,2.391465176,2.000000000,2.391465176,standard,0.872917532,0.404439292
32.010587977,3.290326202,4.692267231,1.689877565,-0.249394326,2.449469396,2.000000000,2.449469396,standard,0.865897667,0.397419426
32.080786635,3.282571265,4.762048004,1.673424911,-0.219279727,2.506131472,2.000000000,2.506131472,standard,0.858877801,0.390892905
32.150985293,3.275891682,4.831938759,1.659083602,-0.189428202,2.561540471,2.000000000,2.561540471,standard,0.851857935,0.389328222
32.221183950,3.270149059,4.901907565,1.646542796,-0.167829285,2.615776025,2.000000000,2.615776025,standard,0.844838069,0.392098306
32.291382608,3.265231315,4.971937463,1.635519634,-0.146208166,2.668909674,2.000000000,2.668909674,standard,0.837818204,0.398583259
32.361581266,3.261032575,5.042015021,1.626014055,-0.124595812,2.721005968,2.000000000,2.721005968,standard,0.830798338,0.405603125
32.431779924,3.257446962,5.112126807,1.618024073,-0.103612993,2.772123394,2.000000000,2.772123394,standard,0.823778472,0.412622990
32.501978582,3.254382633,5.182261308,1.610970978,-0.097324508,2.822315139,2.000000000,2.822315139,standard,0.819732392,0.419642856
32.572177240,3.251797595,5.252413831,1.604359611,-0.091032500,2.871629742,2.000000000,2.871629742,standard,0.819516031,0.426662722
32.642375898,3.249660923,5.322581195,1.598189994,-0.084740281,2.920111643,2.000000000,2.920111643,standard,0.823669864,0.433682588
32.712574555,3.247941703,5.392760220,1.592458274,-0.079466526,2.967801650,2.000000000,2.967801650,standard,0.830689730,0.440702454
32.782773213,3.246619726,5.462947952,1.586759617,-0.082888325,3.014737346,2.000000000,3.014737346,standard,0.837709595,0.447722319
32.852971871,3.245706179,5.533142099,1.580820641,-0.086313239,3.060953430,2.000000000,3.060953430,standard,0.844729461,0.454742185
32.923170529,3.245217968,5.603340492,1.574641158,-0.089740141,3.106482018,2.000000000,3.106482018,standard,0.839341603,0.456268989
32.993369187,3.245172029,5.673540955,1.568214135,-0.094225967,3.151352910,2.000000000,3.151352910,standard,0.832321738,0.459865793
33.063567845,3.245592977,5.743740694,1.561279005,-0.103354390,3.195593809,0.200717558,3.195593809,standard,0.825301872,0.466885659
33.133766502,3.246523252,5.813935463,1.553702776,-0.112490086,3.200000000,0.000000000,3.200000000,standard,0.818282006,0.473905524
33.203965160,3.248007819,5.884120814,1.545485076,-0.121628109,3.200000000,0.000000000,3.200000000,standard,0.811262140,0.480925390
33.274163818,3.250091657,5.954292280,1.536623534,-0.131007912,3.200000000,0.000000000,3.200000000,standard,0.804242275,0.487945256
33.344362476,3.252821161,6.024443336,1.527072481,-0.141089907,3.200000000,0.000000000,3.200000000,standard,0.797222409,0.494965122
33.414561134,3.256245372,6.094563625,1.516812654,-0.151199606,3.200000000,0.000000000,3.200000000,standard,0.790202543,0.501984988
33.484759792,3.260413618,6.164642368,1.505842535,-0.161328664,3.200000000,0.000000000,3.200000000,standard,0.783182677,0.509004853
33.554958450,3.265374675,6.234668819,1.494232281,-0.165383461,3.200000000,0.000000000,3.200000000,standard,0.776162811,0.516024719
33.625157107,3.271144073,6.304634219,1.482905836,-0.157295519,3.200000000,0.000000000,3.200000000,standard,0.769142946,0.523044585
33.695355765,3.277685839,6.374532882,1.472146241,-0.149230775,3.200000000,0.000000000,3.200000000,standard,0.762123080,0.530064451
33.765554423,3.284959574,6.444359388,1.461951763,-0.141196573,3.200000000,0.000000000,3.200000000,standard,0.755103214,0.537084316
33.835753081,3.292924310,6.514108468,1.452383510,-0.128621025,3.200000000,0.000000000,3.200000000,standard,0.748083348,0.544104182
33.905951739,3.301516126,6.583780987,1.444043564,-0.108980904,3.200000000,0.000000000,3.200000000,standard,0.741063482,0.551124048
33.976150397,3.310640741,6.653385927,1.437082526,-0.089338207,3.200000000,0.000000000,3.200000000,standard,0.734043617,0.558143914
34.046349054,3.320201787,6.722932824,1.431500161,-0.069702534,3.200000000,0.000000000,3.200000000,standard,0.727023751,0.565163780
34.116547712,3.330102970,6.792431282,1.427290288,-0.050437623,3.200000000,0.000000000,3.200000000,standard,0.720003885,0.572183645
34.186746370,3.340250072,6.861892860,1.424410116,-0.031619302,3.200000000,0.000000000,3.200000000,standard,0.712984019,0.579203511
34.256945028,3.350551273,6.931331367,1.422851060,-0.012799105,3.200000000,0.000000000,3.200000000,standard,0.705964154,0.586223377
34.327143686,3.360914879,7.000760735,1.422613162,0.006021185,3.200000000,0.000000000,3.200000000,standard,0.698944288,0.593243243
34.397342344,3.371249548,7.070194822,1.423665985,0.023099438,3.200000000,0.000000000,3.200000000,standard,0.691924422,0.600263109
34.467541001,3.381472001,7.139645716,1.425825318,0.038420901,3.200000000,0.000000000,3.200000000,standard,0.684904556,0.607282974
34.537739659,3.391507070,7.209123733,1.429060228,0.053743100,3.200000000,0.000000000,3.200000000,standard,0.677884690,0.614302840
34.607938317,3.401279948,7.278639106,1.433370721,0.069064164,3.200000000,0.000000000,3.200000000,standard,0.670864825,0.621322706
34.678136975,3.410716291,7.348201895,1.438718765,0.082410957,3.200000000,0.000000000,3.200000000,standard,0.663844959,0.628342572
34.748335633,3.419750409,7.417818889,1.444915679,0.094138512,3.200000000,0.000000000,3.200000000,standard,0.656825093,0.635362437
34.818534291,3.428324252,7.487493990,1.451936113,0.105872288,3.200000000,0.000000000,3.200000000,standard,0.649805227,0.642382303
34.888732949,3.436380026,7.557231001,1.459780351,0.117606773,3.200000000,0.000000000,3.200000000,standard,0.642785361,0.649402169
34.958931606,3.443860923,7.627033427,1.468377154,0.125979592,3.200000000,0.000000000,3.200000000,standard,0.635765496,0.656422035
35.029130264,3.450724574,7.696900357,1.477438550,0.132170682,3.200000000,0.000000000,3.200000000,standard,0.628745630,0.663441901
35.099328922,3.456939609,7.766827523,1.486935266,0.138382231,3.200000000,0.000000000,3.200000000,standard,0.621811217,0.670461766
35.169527580,3.462474933,7.836810571,1.496868476,0.144609797,3.200000000,0.000000000,3.200000000,standard,0.615676721,0.677481632
35.239726238,3.467303768,7.906844931,1.506966001,0.139335194,3.200000000,0.000000000,3.200000000,standard,0.610450426,0.684501498
35.309924896,3.471447844,7.976923614,1.516368725,0.128544600,3.200000000,0.000000000,3.200000000,standard,0.606291327,0.691521364
35.380123553,3.474959423,8.047038106,1.525014417,0.117764783,3.200000000,0.000000000,3.200000000,standard,0.603390341,0.698541229
35.450322211,3.477891243,8.117179869,1.532903982,0.107002140,3.200000000,-0.433505896,3.200000000,standard,0.601938877,0.705561095
35.520520869,3.480292712,8.187340771,1.540225234,0.103220093,3.190475973,-1.800000000,3.190475973,standard,0.595346585,0.712580961
35.590719527,3.482185591,8.257516036,1.547414276,0.101593302,3.150622441,-1.800000000,3.150622441,standard,0.588326720,0.719600827
35.660918185,3.483577932,8.327702552,1.554489108,0.099967811,3.110258285,-1.800000000,3.110258285,standard,0.581306854,0.726620693
35.731116843,3.484477689,8.397897221,1.561449911,0.098344472,3.069363359,-1.800000000,3.069363359,standard,0.574286988,0.733640558
35.801315501,3.484888916,8.468096854,1.568492367,0.103257213,3.027916158,-1.800000000,3.027916158,standard,0.567267122,0.740660424
35.871514158,3.484791253,8.538297709,1.575953461,0.109307258,2.985893685,-1.800000000,2.985893685,standard,0.560247257,0.747680290
35.941712816,3.484154910,8.608495830,1.583839456,0.115361588,2.943271297,-1.800000000,2.943271297,standard,0.553227391,0.754700156
36.011911474,3.482950076,8.678687259,1.592150604,0.121416281,2.900022544,-1.800000000,2.900022544,standard,0.546207525,0.761720022
36.082110132,3.481141363,8.748867235,1.601146904,0.135517092,2.856118973,-1.800000000,2.856118973,standard,0.544225466,0.768739887
36.152308790,3.478665047,8.819026906,1.611180667,0.150333402,2.811529907,-1.800000000,2.811529907,standard,0.548045759,0.775759753
36.222507448,3.475448438,8.889156129,1.622255030,0.165161122,2.766222198,-1.800000000,2.766222198,standard,0.554807335,0.782779619
36.292706105,3.471418837,8.959244757,1.634370451,0.179980368,2.720159938,-1.800000000,2.720159938,standard,0.561648574,0.789799485
36.362904763,3.466496027,9.029280153,1.647872819,0.205206937,2.673304120,-1.800000000,2.673304120,standard,0.566477608,0.796819350
36.433103421,3.460564642,9.099238033,1.663188164,0.231077910,2.625612262,-1.800000000,2.625612262,standard,0.570799215,0.803839216
36.503302079,3.453499061,9.169090717,1.680321297,0.256974032,2.577037947,-1.800000000,2.577037947,standard,0.577167800,0.810859082
36.573500737,3.445173661,9.238810522,1.699272709,0.282807449,2.527530299,-1.800000000,2.527530299,standard,0.584187666,0.817878948
36.643699395,3.435448436,9.308362133,1.720756267,0.331011494,2.477033355,-1.800000000,2.477033355,standard,0.591207532,0.824898814
36.713898053,3.424108644,9.377670560,1.745783315,0.381739888,2.425485327,-1.800000000,2.425485327,standard,0.598227397,0.831918679
36.784096710,3.410915335,9.446647966,1.774379781,0.432614870,2.372817715,-1.800000000,2.372817715,standard,0.605247263,0.838938545
36.854295368,3.395629548,9.515206507,1.806547801,0.483153904,2.318954234,-1.800000000,2.318954234,standard,0.612267129,0.845958411
36.924494026,3.378012172,9.583247693,1.842424988,0.539184729,2.263809526,-1.800000000,2.263809526,standard,0.619286995,0.852978277
36.994692684,3.357822922,9.650589481,1.882417700,0.598781041,2.207287567,-1.800000000,2.207287567,standard,0.626306860,0.859998143
37.064891342,3.334820956,9.717010388,1.926651651,0.659886936,2.149279701,-1.800000000,2.149279701,standard,0.633326726,0.867018008
37.135090000,3.308765430,9.782288696,1.975200277,0.721370511,2.089662189,-1.626095565,2.089662189,standard,0.640346592,0.874037874
37.205288657,3.279421289,9.846201341,2.027691511,0.761165829,2.034302980,-0.883309705,2.034302980,standard,0.647366458,0.881057740
37.275487315,3.246676597,9.908496598,2.082069547,0.784680193,2.003590353,-0.965863170,2.003590353,standard,0.654386324,0.888077606
37.345685973,3.210537220,9.968895324,2.138250980,0.812113180,1.969459242,-1.004944282,1.969459242,standard,0.661406189,0.895097471
37.415884631,3.171013745,10.027117275,2.196469509,0.842769176,1.933307587,-0.762494048,1.933307587,standard,0.668426055,0.902117337
37.486083289,3.128116870,10.082882286,2.256880628,0.867618947,1.905420192,0.678232085,1.905420192,standard,0.675445921,0.909137203
37.556281947,3.081914074,10.135950960,2.317142729,0.845445101,1.930245599,0.617477606,1.930245599,standard,0.682465787,0.916157069
37.626480604,3.032622358,10.186191253,2.375960445,0.826220781,1.952572731,0.526379364,1.952572731,standard,0.689485652,0.923176935
37.696679262,2.980483039,10.233488576,2.433555758,0.810509865,1.971406229,0.408020937,1.971406229,standard,0.696505518,0.930196800
37.766877920,2.925737438,10.277728346,2.490173711,0.798736715,1.985882062,0.975099995,1.985882062,standard,0.703525384,0.927705801
37.837076578,2.868626342,10.318806813,2.545583446,0.771939819,2.020056679,1.258619466,2.020056679,standard,0.710545250,0.920685935
37.907275236,2.809385948,10.356714493,2.598747490,0.739899356,2.063331234,1.303375208,2.063331234,standard,0.714193210,0.913666069
37.977473894,2.748250083,10.391490421,2.649709849,0.709407347,2.107208144,1.310988098,2.107208144,standard,0.707173344,0.906646204
38.047672552,2.685452559,10.423174028,2.698604779,0.681171604,2.150438414,1.334381644,2.150438414,standard,0.700153478,0.899626338
38.117871209,2.621226296,10.451805267,2.745581638,0.654650338,2.193565356,1.470188764,2.193565356,standard,0.695850710,0.892606472
38.188069867,2.555773379,10.477442110,2.790654671,0.627722681,2.240120427,1.556209832,2.240120427,standard,0.695463740,0.885586606
38.258268525,2.489257844,10.500164762,2.833854203,0.601532222,2.288367805,1.617122065,2.288367805,standard,0.698439335,0.878566740
38.328467183,2.421841375,10.520054805,2.875251864,0.576535889,2.337448782,1.713753572,2.337448782,standard,0.704309979,0.871546875
38.398665841,2.353685613,10.537193847,2.914933296,0.552217589,2.388362035,2.000000000,2.388362035,standard,0.711329845,0.864527009
38.468864499,2.284937136,10.551673872,2.952744530,0.524089087,2.446439830,2.000000000,2.446439830,standard,0.718349711,0.857507143
38.539063156,2.215705161,10.563612585,2.988582599,0.496169205,2.503170484,2.000000000,2.503170484,standard,0.712036334,0.850487277
38.609261814,2.146093212,10.573131612,3.022479745,0.468812589,2.558643606,2.000000000,2.558643606,standard,0.705016468,0.843467412
38.679460472,2.076204814,10.580352580,3.054482669,0.442283437,2.612939290,2.000000000,2.612939290,standard,0.697996603,0.836447546
38.749659130,2.006136738,10.585384655,3.085211498,0.433021761,2.666129473,2.000000000,2.666129473,standard,0.690976737,0.829427680
38.819857788,1.935956440,10.588282933,3.115324866,0.424426686,2.718279051,1.289726538,2.718279051,standard,0.683956871,0.822407814
38.890056446,1.865723428,10.589087850,-3.138342559,0.416109919,2.751384223,1.053010658,2.751384223,standard,0.676937005,0.815387948
38.960255104,1.795497212,10.587839840,-3.109397237,0.408139202,2.778120770,0.335368030,2.778120770,standard,0.669917139,0.808368083
39.030453761,1.725336873,10.584576433,-3.080850097,0.405664374,2.786582097,0.150498064,2.786582097,standard,0.662897274,0.801348217
39.100652419,1.655298605,10.579315430,-3.052397465,0.404563512,2.790370819,-0.129367052,2.790370819,standard,0.655877408,0.794792693
39.170851077,1.585437400,10.572066425,-3.024011335,0.403763985,2.787114372,-1.800000000,2.787114372,standard,0.648857542,0.790022798
39.241049735,1.515808246,10.562838988,-2.995669950,0.403271541,2.741403172,-1.800000000,2.741403172,standard,0.641837676,0.787535586
39.311248393,1.446466903,10.551640004,-2.967179835,0.410174730,2.694916730,-1.800000000,2.694916730,standard,0.634817810,0.787756869
39.381447051,1.377477371,10.538447769,-2.938003039,0.420637530,2.647614212,-1.800000000,2.647614212,standard,0.627797945,0.790352483
39.451645708,1.308908635,10.523223281,-2.908079640,0.431428417,2.599451067,-1.800000000,2.599451067,standard,0.620778079,0.794528506
39.521844366,1.240829750,10.505927298,-2.877388025,0.442454735,2.550378537,-1.800000000,2.550378537,standard,0.613758213,0.799484613
39.592043024,1.173311337,10.486518758,-2.845738241,0.462765799,2.500343079,-1.800000000,2.500343079,standard,0.606738347,0.804457036
39.662241682,1.106453821,10.464921987,-2.812217974,0.491512390,2.449285680,-1.800000000,2.449285680,standard,0.599718482,0.809377801
39.732440340,1.040384339,10.441030283,-2.776654171,0.520914871,2.397141042,-1.800000000,2.397141042,standard,0.592698616,0.814802592
39.802638998,0.975230976,10.414735850,-2.739009894,0.550618759,2.343836599,-1.800000000,2.343836599,standard,0.585678750,0.821309167
39.872837655,0.911122477,10.385930939,-2.699237738,0.582708661,2.289291340,-1.800000000,2.289291340,standard,0.578658884,0.828329033
39.943036313,0.848224770,10.354510633,-2.656929118,0.621063652,2.233414353,-1.800000000,2.233414353,standard,0.571639018,0.835348898
40.013234971,0.786760045,10.320374302,-2.611854581,0.661294503,2.176103054,-1.800000000,2.176103054,standard,0.564619153,0.842368764
40.083433629,0.726955175,10.283421668,-2.563909786,0.702700034,2.117240972,-1.729350549,2.117240972,standard,0.557599287,0.849388630
40.153632287,0.669037034,10.243552461,-2.513032012,0.742939745,2.059104941,-0.689103101,2.059104941,standard,0.550579421,0.850166581
40.223830945,0.613235935,10.200699923,-2.460166914,0.760288343,2.035476586,-0.791735345,2.035476586,standard,0.543559555,0.843146715
40.294029603,0.559793937,10.154911854,-2.405937566,0.781248563,2.007985910,-0.858682475,2.007985910,standard,0.536539689,0.836126849
40.364228260,0.508955609,10.106260509,-2.350125776,0.805327803,1.977738785,-0.889345214,1.977738785,standard,0.529519824,0.829106984
40.434426918,0.460965520,10.054818142,-2.292539834,0.831883255,1.945915985,0.229024817,1.945915985,standard,0.522499958,0.822087118
40.504625576,0.416058353,10.000666195,-2.233866614,0.824878657,1.954160559,0.722162393,1.954160559,standard,0.515480092,0.815067252
40.574824234,0.374358861,9.943988216,-2.176583051,0.803544134,1.979932613,0.650125076,1.979932613,standard,0.508460226,0.808047386
40.645022892,0.335923191,9.885031486,-2.120685995,0.785260248,2.002850211,0.547511253,2.002850211,standard,0.501440361,0.801027521
40.715221550,0.300806446,9.824044256,-2.065957850,0.770495534,2.021949079,0.900373680,2.021949079,standard,0.494420495,0.794007655
40.785420207,0.269062695,9.761274676,-2.012289067,0.747386261,2.052970561,2.000000000,2.052970561,standard,0.487400629,0.786987789
40.855618865,0.240665381,9.696963099,-1.961521043,0.696722778,2.120255352,2.000000000,2.120255352,standard,0.480380763,0.779967923
40.925817523,0.215450952,9.631336632,-1.914302363,0.646628244,2.185469604,2.000000000,2.185469604,standard,0.473360897,0.772948057
40.996016181,0.193242549,9.564621095,-1.870547043,0.598167986,2.248793459,2.000000000,2.248793459,standard,0.466341032,0.765928192
41.066214839,0.173863309,9.497042306,-1.830128116,0.552027971,2.310382361,2.000000000,2.310382361,standard,0.459321166,0.758908326
41.136413497,0.157130170,9.428805338,-1.792956196,0.505920588,2.370371550,2.000000000,2.370371550,standard,0.452301300,0.751888460
41.206612155,0.142835927,9.360034487,-1.759051535,0.459408734,2.428879560,2.000000000,2.428879560,standard,0.445281434,0.744868594
41.276810812,0.130767499,9.290834391,-1.728408252,0.413105676,2.486010970,2.000000000,2.486010970,standard,0.438261569,0.737848729
41.347009470,0.120711806,9.221309687,-1.700997051,0.367401846,2.541858607,2.000000000,2.541858607,standard,0.431241703,0.730828863
41.417208128,0.112469375,9.151558674,-1.676054660,0.346694663,2.596505307,2.000000000,2.596505307,standard,0.424221837,0.723808997
41.487406786,0.105928736,9.081638638,-1.652272551,0.330608998,2.650025366,2.000000000,2.650025366,standard,0.422374555,0.716789131
41.557605444,0.101013428,9.011590550,-1.629618393,0.314632936,2.702485721,2.000000000,2.702485721,standard,0.429394421,0.709769265
41.627804102,0.097647081,8.941455340,-1.608081380,0.298841816,2.753946932,2.000000000,2.753946932,standard,0.436414287,0.702749400
41.698002759,0.095748028,8.871272328,-1.587945853,0.271983418,2.804464001,2.000000000,2.804464001,standard,0.443434152,0.695729534
41.768201417,0.095189244,8.801067034,-1.569922405,0.241444669,2.854087063,2.000000000,2.854087063,standard,0.450454018,0.688709668
41.838400075,0.095820661,8.730857971,-1.554040708,0.210959746,2.902861966,2.000000000,2.902861966,standard,0.457473884,0.681689802
41.908598733,0.097492030,8.660663597,-1.540295169,0.180590326,2.950830769,2.000000000,2.950830769,standard,0.456425452,0.674669936
41.978797391,0.100059396,8.590501318,-1.528314573,0.164462178,2.998032165,2.000000000,2.998032165,standard,0.449405586,0.667650071
42.048996049,0.103436717,8.520378879,-1.517154784,0.153459279,3.044501846,2.000000000,3.044501846,standard,0.442385720,0.660630205
42.119194707,0.107569164,8.450298816,-1.506768106,0.142448441,3.090272824,2.000000000,3.090272824,standard,0.435365855,0.653610339
42.189393364,0.112402205,8.380263615,-1.497154301,0.131443049,3.135375696,2.000000000,3.135375696,standard,0.428345989,0.646590473
42.259592022,0.117885017,8.310275976,-1.488107944,0.127973708,3.179838893,0.916147255,3.179838893,standard,0.430479527,0.639570608
42.329790680,0.123996479,8.240340305,-1.479168683,0.126699225,3.200000000,0.000000000,3.200000000,standard,0.437499393,0.632550742
42.399989338,0.130729737,8.170461830,-1.470318487,0.125436745,3.200000000,0.000000000,3.200000000,standard,0.444519259,0.625530876
42.470187996,0.138078031,8.100645784,-1.461556528,0.124187099,3.200000000,0.000000000,3.200000000,standard,0.451539124,0.618511010
42.540386654,0.146033438,8.030897071,-1.452942364,0.120908686,3.200000000,0.000000000,3.200000000,standard,0.458558990,0.611491144
42.610585311,0.154580557,7.961218474,-1.444582700,0.117255358,3.200000000,0.000000000,3.200000000,standard,0.465578856,0.604471279
42.680783969,0.163701025,7.891611939,-1.436479280,0.113606672,3.200000000,0.000000000,3.200000000,standard,0.472598722,0.597451413
42.750982627,0.173376475,7.822079408,-1.428631668,0.109964922,3.200000000,0.000000000,3.200000000,standard,0.479618587,0.590431547
42.821181285,0.183594983,7.752623950,-1.420737531,0.115616475,3.200000000,0.000000000,3.200000000,standard,0.486638453,0.583411681
42.891379943,0.194376820,7.683254242,-1.412396133,0.122023046,3.200000000,0.000000000,3.200000000,standard,0.493658319,0.576391815
42.961578601,0.205752291,7.613980713,-1.403604691,0.128441631,3.200000000,0.000000000,3.200000000,standard,0.500678185,0.569371950
43.031777258,0.217751701,7.544813792,-1.394362553,0.134734259,3.200000000,0.000000000,3.200000000,standard,0.507698051,0.562352084
43.101975916,0.230389686,7.475760918,-1.385346256,0.122139897,3.200000000,0.000000000,3.200000000,standard,0.514717916,0.555332218
43.172174574,0.243619494,7.406817832,-1.377213863,0.109549869,3.200000000,0.000000000,3.200000000,standard,0.521737782,0.548312352
43.242373232,0.257379347,7.337977406,-1.369964805,0.096971715,3.200000000,0.000000000,3.200000000,standard,0.528757648,0.541292487
43.312571890,0.271607468,7.269232515,-1.363598383,0.084354513,3.200000000,0.000000000,3.200000000,standard,0.535777514,0.534272621
43.382770548,0.286241525,7.200574761,-1.358145755,0.070989576,3.200000000,0.000000000,3.200000000,standard,0.542797380,0.527252755
43.452969206,0.301217374,7.131991594,-1.353631579,0.057620482,3.200000000,0.000000000,3.200000000,standard,0.549817245,0.520232889
43.523167863,0.316470500,7.063469615,-1.350055935,0.044251045,3.200000000,0.000000000,3.200000000,standard,0.556837111,0.513213023
43.593366521,0.331936389,6.994995425,-1.347419768,0.030628869,3.200000000,0.000000000,3.200000000,standard,0.563856977,0.506193158
43.663565179,0.347548097,6.926554719,-1.345819229,0.014971242,3.200000000,0.000000000,3.200000000,standard,0.570876843,0.499173292
43.733763837,0.363231696,6.858130585,-1.345317854,-0.000686776,3.200000000,0.000000000,3.200000000,standard,0.577896708,0.492153426
43.803962495,0.378912008,6.789705644,-1.345915649,-0.016344729,3.200000000,0.000000000,3.200000000,standard,0.584916574,0.485133560
43.874161153,0.394513836,6.721262516,-1.347617929,-0.032996551,3.200000000,0.000000000,3.200000000,standard,0.591936440,0.478113694
43.944359810,0.409953968,6.652782450,-1.350712568,-0.055171201,3.200000000,0.000000000,3.200000000,standard,0.598956306,0.471093829
44.014558468,0.425128738,6.584243213,-1.355363889,-0.077346618,3.200000000,0.000000000,3.200000000,standard,0.605976172,0.464073963
44.084757126,0.439931265,6.515622020,-1.361571822,-0.099516329,3.200000000,0.000000000,3.200000000,standard,0.612996037,0.457054097
44.154955784,0.454254604,6.446896096,-1.369348477,-0.123427401,3.200000000,0.000000000,3.200000000,standard,0.620015903,0.450034231
44.225154442,0.467979135,6.378044238,-1.379093582,-0.154193813,3.200000000,0.000000000,3.200000000,standard,0.627035769,0.443014366
44.295353100,0.480957347,6.309048698,-1.391000414,-0.185009881,3.200000000,0.000000000,3.200000000,standard,0.634055635,0.435994500
44.365551758,0.493038015,6.239892191,-1.405071188,-0.215839542,3.200000000,0.000000000,3.200000000,standard,0.641075501,0.428974634
44.435750415,0.504070202,6.170557550,-1.421256883,-0.241413675,3.200000000,0.000000000,3.200000000,standard,0.648095366,0.421954768
44.505949073,0.513932842,6.101039790,-1.438605174,-0.252764007,3.200000000,0.000000000,3.200000000,standard,0.655115232,0.414934902
44.576147731,0.522560304,6.031356539,-1.456756541,-0.264273663,3.200000000,0.000000000,3.200000000,standard,0.662135098,0.407915037
44.646346389,0.529892978,5.961527884,-1.475720161,-0.275914564,3.200000000,-0.548088729,3.200000000,standard,0.669154964,0.400895171
44.716545047,0.535872025,5.891573945,-1.495404554,-0.279091049,3.187953860,-1.800000000,3.187953860,standard,0.676174829,0.394440005
44.786743705,0.540485626,5.821517065,-1.514502185,-0.264932384,3.148068399,-1.800000000,3.148068399,standard,0.683194695,0.388810810
44.856942362,0.543795493,5.751383056,-1.532608542,-0.250837090,3.107671070,-1.800000000,3.107671070,standard,0.690214561,0.384335952
44.927141020,0.545869742,5.681198033,-1.549729563,-0.236846979,3.066741644,-1.800000000,3.066741644,standard,0.697234427,0.381369563
44.997339678,0.546775758,5.610988035,-1.565954549,-0.229096404,3.025258525,-1.800000000,3.025258525,standard,0.704254293,0.380259300
45.067538336,0.546549164,5.540775748,-1.582118982,-0.231349560,2.983198614,-1.800000000,2.983198614,standard,0.711274158,0.381070000
45.137736994,0.545182192,5.470579279,-1.598442740,-0.233652706,2.940537163,-1.800000000,2.940537163,standard,0.718294024,0.383480163
45.207935652,0.542663948,5.400416408,-1.614929387,-0.236000032,2.897247597,-1.800000000,2.897247597,standard,0.725313890,0.387140467
45.278134309,0.538983951,5.330304905,-1.631538180,-0.235238016,2.853301328,-1.800000000,2.853301328,standard,0.732333756,0.391704988
45.348332967,0.534147838,5.260262212,-1.647862164,-0.229775835,2.808667531,-1.800000000,2.808667531,standard,0.739353621,0.396961138
45.418531625,0.528182282,5.190305351,-1.663805360,-0.224384708,2.763312891,-1.800000000,2.763312891,standard,0.746373487,0.402870280
45.488730283,0.521115368,5.120451311,-1.679372824,-0.219075948,2.717201311,-1.800000000,2.717201311,standard,0.753393353,0.409405479
45.558928941,0.512975404,5.050716962,-1.694544118,-0.211940040,2.670293578,-1.800000000,2.670293578,standard,0.760413219,0.416425345
45.629127599,0.503800041,4.981114034,-1.709066979,-0.201782651,2.622546973,-1.800000000,2.622546973,standard,0.767433085,0.423445210
45.699326257,0.493639501,4.911647342,-1.722877053,-0.191634277,2.573914812,-1.800000000,2.573914812,standard,0.774452950,0.430465076
45.769524914,0.482544893,4.842321214,-1.735975996,-0.181514567,2.524345914,-1.800000000,2.524345914,standard,0.781472816,0.437484942
45.839723572,0.470565169,4.773140410,-1.748621141,-0.191146966,2.473783969,-1.800000000,2.473783969,standard,0.788492682,0.444504808
45.909922230,0.457647461,4.704130087,-1.763568097,-0.234646586,2.422166789,-1.800000000,2.422166789,standard,0.795512548,0.451524674
45.980120888,0.443595126,4.635344201,-1.781569907,-0.278161007,2.369425413,-1.800000000,2.369425413,standard,0.802532414,0.458544539
46.050319546,0.428200659,4.566838884,-1.802624610,-0.321509431,2.315483020,-1.800000000,2.315483020,standard,0.809552279,0.465564405
46.120518204,0.411255654,4.498671044,-1.826868384,-0.378340040,2.260253625,-1.800000000,2.260253625,standard,0.816572145,0.472584271
46.190716861,0.392485074,4.430954858,-1.856579703,-0.467491214,2.203640461,-1.800000000,2.203640461,standard,0.823592011,0.479604137
46.260915519,0.371502690,4.363900075,-1.892594131,-0.557739625,2.145533993,-1.800000000,2.145533993,standard,0.830611877,0.486624002
46.331114177,0.347911720,4.297725513,-1.934956359,-0.648005151,2.085809422,-1.800000000,2.085809422,standard,0.837631742,0.493643868
46.401312835,0.321315463,4.232650067,-1.983622118,-0.732901683,2.024323536,-1.800000000,2.024323536,standard,0.844651608,0.500663734
46.471511493,0.291371607,4.168940784,-2.037465896,-0.797732433,1.960910658,-1.800000000,1.960910658,standard,0.851671474,0.507683600
46.541710151,0.257886087,4.106995970,-2.096106073,-0.868420353,1.895377387,-1.800000000,1.895377387,standard,0.858691340,0.514703466
46.611908809,0.220689862,4.047236084,-2.159859796,-0.943187118,1.827495628,-1.772639569,1.827495628,standard,0.865711206,0.521723331
46.682107466,0.179613887,3.990081588,-2.228935368,-1.019131711,1.758086015,-0.196598420,1.758086015,standard,0.872731071,0.528743197
46.752306124,0.134527777,3.935944018,-2.301520864,-1.028314712,1.750218428,-0.005216187,1.750218428,standard,0.879750937,0.535763063
46.822504782,0.085589918,3.885168233,-2.374011126,-1.028560612,1.750009202,-0.186466161,1.750009202,standard,0.886770803,0.542782929
46.892703440,0.033089339,3.838068934,-2.446835626,-1.037428833,1.742513374,-0.351820474,1.742513374,standard,0.893790669,0.549802795
46.962902098,-0.022684290,3.794960669,-2.520539356,-1.054584557,1.728281866,0.202336287,1.728281866,standard,0.900810535,0.556822660
47.033100756,-0.081440439,3.756154500,-2.595224016,-1.044649417,1.736480832,1.629720395,1.736480832,standard,0.907830400,0.563842526
47.103299413,-0.142841730,3.721771408,-2.666159868,-0.970971334,1.801159084,1.840495593,1.801159084,standard,0.914850266,0.570862392
47.173498071,-0.206480774,3.691648289,-2.731992463,-0.899338424,1.871516681,1.999753537,1.871516681,standard,0.921870132,0.577882258
47.243696729,-0.271944451,3.665598791,-2.792979611,-0.832598815,1.945079617,2.000000000,1.945079617,standard,0.928889998,0.584902123
47.313895387,-0.338819640,3.643436564,-2.849486639,-0.772527088,2.015968588,1.568030112,2.015968588,standard,0.935909863,0.591921989
47.384094045,-0.406727979,3.624980328,-2.902525518,-0.735246651,2.069849407,1.607897174,2.069849407,standard,0.942929729,0.598941855
47.454292703,-0.475446141,3.610071412,-2.952935508,-0.698444639,2.123681006,1.747165675,2.123681006,standard,0.949949595,0.605961721
47.524491361,-0.544794020,3.598557449,-3.000765383,-0.662416214,2.180669252,1.858994631,2.180669252,standard,0.956969461,0.612981587
47.594690018,-0.614591508,3.590286072,-3.046105547,-0.627950841,2.239713428,2.000000000,2.239713428,standard,0.960872812,0.609885173
47.664888676,-0.684664258,3.585101066,-3.088880976,-0.587903121,2.301545323,2.000000000,2.301545323,standard,0.953852947,0.602865307
47.735087334,-0.754885385,3.582814484,-3.128709894,-0.545879659,2.361758985,2.000000000,2.361758985,standard,0.946833081,0.597292635
47.805285992,-0.825151352,3.583222773,3.117572489,-0.504588901,2.420475188,2.000000000,2.420475188,standard,0.939813215,0.598340435
47.875484650,-0.895358785,3.586122268,3.083531455,-0.464491297,2.477800389,2.000000000,2.477800389,standard,0.932793349,0.603399658
47.945683308,-0.965409385,3.591308846,3.052326729,-0.423341690,2.533829000,2.000000000,2.533829000,standard,0.925773483,0.610028803
48.015881965,-1.035257055,3.598573652,3.024080070,-0.381075634,2.588645211,2.000000000,2.588645211,standard,0.918753618,0.617048669
48.086080623,-1.104886413,3.607705048,2.998802084,-0.338846028,2.642324480,1.932546123,2.642324480,standard,0.911733752,0.624068534
48.156279281,-1.174282471,3.618491359,2.976479449,-0.296910947,2.693177110,-1.800000000,2.693177110,standard,0.905337167,0.631088400
48.226477939,-1.243430540,3.630729245,2.956579582,-0.276672366,2.645843491,-1.800000000,2.645843491,standard,0.901934673,0.638108266
48.296676597,-1.312319196,3.644307277,2.937512183,-0.266441848,2.597647515,-1.800000000,2.597647515,standard,0.900704718,0.645128132
48.366875255,-1.380939045,3.659171031,2.919163340,-0.256233110,2.548540257,-1.800000000,2.548540257,standard,0.899905971,0.652147998
48.437073912,-1.449280723,3.675266935,2.901529398,-0.246081264,2.498467986,-1.800000000,2.498467986,standard,0.897783348,0.659167863
48.507272570,-1.517331741,3.692552656,2.883865851,-0.267265873,2.447371469,-1.800000000,2.447371469,standard,0.892824205,0.666187729
48.577471228,-1.585044267,3.711113082,2.863823333,-0.303661513,2.395185158,-1.800000000,2.395185158,standard,0.886260209,0.673207595
48.647669886,-1.652348108,3.731113572,2.841224863,-0.340013964,2.341836196,-1.800000000,2.341836196,standard,0.881058988,0.680227461
48.717868544,-1.719172716,3.752720759,2.816075490,-0.376081558,2.287243232,-1.800000000,2.287243232,standard,0.880215592,0.687247326
48.788067202,-1.785434592,3.776115131,2.787349286,-0.453491522,2.231314956,-1.800000000,2.231314956,standard,0.886245313,0.681069657
48.858265860,-1.850923022,3.801613264,2.752126277,-0.549144621,2.173948312,-1.800000000,2.173948312,standard,0.893265179,0.674049791
48.928464517,-1.915355112,3.829608949,2.710147142,-0.645968097,2.115026264,-1.800000000,2.115026264,standard,0.900285044,0.667029926
48.998663175,-1.978447139,3.860496861,2.661374895,-0.742151473,2.054414985,-1.800000000,2.054414985,standard,0.907304910,0.660010060
49.068861833,-2.039905981,3.894632952,2.607242334,-0.793869661,1.991960281,-1.716791786,1.991960281,standard,0.907570307,0.652990194
49.139060491,-2.099387284,3.932162172,2.549619947,-0.845212640,1.930511021,-1.616659792,1.930511021,standard,0.900550441,0.645970328
49.209259149,-2.156529337,3.973157960,2.488257079,-0.900026202,1.870801461,-1.019904534,1.870801461,standard,0.893530575,0.638950463
49.279457807,-2.210970829,4.017692659,2.423130575,-0.938419918,1.832131613,0.182621759,1.832131613,standard,0.892520210,0.631930597
49.349656464,-2.262393667,4.065731232,2.357367470,-0.931306300,1.839115508,0.025289348,1.839115508,standard,0.899540076,0.624910731
49.419855122,-2.310559980,4.117039312,2.291886621,-0.930329703,1.840080544,-0.134606415,1.840080544,standard,0.906559941,0.617890865
49.490053780,-2.355240615,4.171360864,2.226291588,-0.935551484,1.834938154,1.859008765,1.834938154,standard,0.913579807,0.610870999
49.560252438,-2.396232231,4.228432252,2.161915615,-0.868247478,1.904730393,2.000000000,1.904730393,standard,0.920599673,0.603851134
49.630451096,-2.433669886,4.287890154,2.104873471,-0.755240535,1.977066641,2.000000000,1.977066641,standard,0.927619539,0.596831268
49.700649754,-2.467926679,4.349301125,2.055691234,-0.643977711,2.046848097,2.000000000,2.046848097,standard,0.926164990,0.589811402
49.770848412,-2.499380665,4.412230260,2.014187608,-0.536528789,2.114327734,2.000000000,2.114327734,standard,0.919145124,0.582791536
49.841047069,-2.528387741,4.476270918,1.978433598,-0.492957453,2.179719338,2.000000000,2.179719338,standard,0.912125259,0.575771671
49.911245727,-2.555138159,4.541227726,1.944798123,-0.464532104,2.243205525,2.000000000,2.243205525,standard,0.905105393,0.568751805
49.981444385,-2.579747185,4.607000951,1.913179510,-0.435904311,2.304943743,2.000000000,2.304943743,standard,0.898085527,0.561731939
50.051643043,-2.602329716,4.673491335,1.883571300,-0.407398175,2.365070885,2.000000000,2.365070885,standard,0.893114882,0.554712073
50.121841701,-2.622992237,4.740603313,1.855466485,-0.396580580,2.423706856,2.000000000,2.423706856,standard,0.893051914,0.547692207
50.192040359,-2.641778827,4.808268731,1.827836089,-0.390340622,2.480957387,2.000000000,2.480957387,standard,0.896700147,0.540672342
50.262239016,-2.658705511,4.876431761,1.800632804,-0.384333183,2.536916274,2.000000000,2.536916274,standard,0.901618241,0.533652476
50.332437674,-2.673788179,4.945036632,1.773838307,-0.378598591,2.591667188,2.000000000,2.591667188,standard,0.905358896,0.526632610
50.402636332,-2.687030274,5.014028566,1.746729418,-0.399742387,2.645285135,-0.617699267,2.645285135,standard,0.905779145,0.519612744
50.472834990,-2.698328615,5.083361266,1.717584614,-0.430096717,2.628841974,-1.800000000,2.628841974,standard,0.903343013,0.512592878
50.543033648,-2.707525839,5.152992750,1.686295885,-0.460872742,2.580328459,-1.800000000,2.580328459,standard,0.899839327,0.505573013
50.613232306,-2.714464157,5.222881069,1.652840907,-0.491774119,2.530885179,-1.213402374,2.530885179,standard,0.897067347,0.498553147
50.683430963,-2.718993143,5.292980555,1.617656858,-0.505210780,2.497002474,-0.669673833,2.497002474,standard,0.896609300,0.494194194
50.753629621,-2.721032065,5.363210347,1.581893208,-0.512945695,2.478104305,-0.727871986,2.478104305,standard,0.897993274,0.492799724
50.823828279,-2.720538601,5.433470190,1.545551168,-0.521625978,2.457398965,-0.771798836,2.457398965,standard,0.899615373,0.494094179
50.894026937,-2.717470828,5.503659623,1.508571348,-0.531156888,2.435251771,0.550690320,2.435251771,standard,0.899859885,0.497799369
50.964225595,-2.711793858,5.573679490,1.471326434,-0.524321298,2.451074587,1.109342191,2.451074587,standard,0.897366716,0.503701186
51.034424253,-2.703542308,5.643443466,1.434959142,-0.511071985,2.482642805,1.114420376,2.482642805,standard,0.893300898,0.510721052
51.104622911,-2.692790411,5.712872547,1.399499464,-0.498419541,2.513956429,1.102504254,2.513956429,standard,0.890266948,0.517740917
51.174821568,-2.679612864,5.781887811,1.364901049,-0.486504101,2.544556064,0.105483149,2.544556064,standard,0.890886135,0.524760783
51.245020226,-2.664080536,5.850410085,1.330873573,-0.485393873,2.547464448,-0.399319797,2.547464448,standard,0.897544488,0.531780649
51.315218884,-2.646221577,5.918357362,1.296625113,-0.489623732,2.536436809,-0.440193465,2.536436809,standard,0.904564354,0.538800515
51.385417542,-2.626037402,5.985645864,1.262063128,-0.494372805,2.524224575,-0.473810457,2.524224575,standard,0.911584220,0.545820381
51.455616200,-2.603529018,6.052191785,1.227151289,-0.499588594,2.511013339,-0.200607763,2.511013339,standard,0.918604085,0.552840246
51.525814858,-2.578698576,6.117911220,1.191928534,-0.501830231,2.505398810,-0.064207556,2.505398810,standard,0.925623951,0.559860112
51.596013515,-2.551565078,6.182718753,1.156648025,-0.502551957,2.503599135,-0.130996186,2.503599135,standard,0.932643817,0.566879978
51.666212173,-2.522160327,6.246527831,1.121290148,-0.504030878,2.499923422,-0.195270805,2.499923422,standard,0.939663683,0.573899844
51.736410831,-2.490516447,6.309251867,1.085804322,-0.506251676,2.494434128,1.375812447,2.494434128,standard,0.946683548,0.580919709
51.806609489,-2.456668978,6.370806778,1.050479235,-0.491008925,2.532856489,2.000000000,2.532856489,standard,0.953703414,0.587939575
51.876808147,-2.420721674,6.431158434,1.017073925,-0.460112036,2.587693302,2.000000000,2.587693302,standard,0.960723280,0.594959441
51.947006805,-2.382841207,6.490318776,0.985819389,-0.429795793,2.641391917,2.000000000,2.641391917,standard,0.967743146,0.601979307
52.017205463,-2.343196608,6.548301473,0.956670973,-0.400285599,2.694020395,-0.720159185,2.694020395,standard,0.974763012,0.608999173
52.087404120,-2.301962544,6.605127235,0.930298370,-0.331696973,2.675189241,-1.800000000,2.675189241,standard,0.981782877,0.616019038
52.157602778,-2.259433965,6.660966927,0.910746903,-0.225323801,2.627531599,-1.800000000,2.627531599,standard,0.988802743,0.623038904
52.227801436,-2.216021062,6.716135284,0.898667155,-0.118839446,2.578993435,-1.800000000,2.578993435,standard,0.995822609,0.630058770
52.298000094,-2.172138659,6.770952823,0.894057192,-0.012491141,2.529524060,-1.800000000,2.529524060,standard,1.002842475,0.637078636
52.368198752,-2.128203638,6.825741057,0.897077471,0.102021171,2.479067728,-1.800000000,2.479067728,standard,1.009862341,0.644098502
52.438397410,-2.084667150,6.880838051,0.908481458,0.222823454,2.427562899,-1.800000000,2.427562899,standard,1.014795120,0.651118367
52.508596067,-2.042008640,6.936595539,0.928371155,0.343790200,2.374941360,-1.800000000,2.374941360,standard,1.007775254,0.658138233
52.578794725,-2.000708398,6.993365665,0.956741587,0.464203904,2.321127161,-1.800000000,2.321127161,standard,1.000755388,0.665158099
52.648993383,-1.961240705,7.051487100,0.992674115,0.543499182,2.266035332,-1.800000000,2.266035332,standard,0.993735523,0.672177965
52.719192041,-1.923995983,7.111110589,1.032867254,0.600314969,2.209570311,-1.800000000,2.209570311,standard,0.986715657,0.679197830
52.789390699,-1.889303086,7.172248892,1.077134773,0.659360022,2.151623989,-1.800000000,2.151623989,standard,0.979695791,0.686217696
52.859589357,-1.857489447,7.234911588,1.125593236,0.719708724,2.092073283,-0.589780725,2.092073283,standard,0.972675925,0.693237562
52.929788015,-1.828871812,7.299101394,1.177369073,0.733587381,2.072188937,0.834860943,2.072188937,standard,0.965656059,0.700257428
52.999986672,-1.803586955,7.364705466,1.228252916,0.714094767,2.100280749,0.766716105,2.100280749,standard,0.958636194,0.707277294
53.070185330,-1.781622034,7.431514894,1.277864750,0.697084003,2.125752598,0.669574644,2.125752598,standard,0.951616328,0.714297159
53.140383988,-1.762959661,7.499317850,1.326374799,0.682877885,2.147750123,1.645808103,2.147750123,standard,0.944596462,0.721317025
53.210582646,-1.747578195,7.567903704,1.373613006,0.650302761,2.200885647,2.000000000,2.200885647,standard,0.937576596,0.728336891
53.280781304,-1.735345751,7.637092873,1.417348051,0.594486754,2.263778316,2.000000000,2.263778316,standard,0.930556730,0.735356757
53.350979962,-1.726012830,7.706738894,1.457172508,0.539080315,2.324970300,2.000000000,2.324970300,standard,0.923536865,0.742376623
53.421178619,-1.719324202,7.776696922,1.493146470,0.484889255,2.384592528,2.000000000,2.384592528,standard,0.916516999,0.749396488
53.491377277,-1.715025254,7.846823436,1.525426752,0.436794485,2.442759946,2.000000000,2.442759946,standard,0.909497133,0.756416354
53.561575935,-1.712882167,7.917019939,1.554634918,0.394917693,2.499574121,2.000000000,2.499574121,standard,0.902477267,0.763436220
53.631774593,-1.712686496,7.987242862,1.580893420,0.352931318,2.555125324,2.000000000,2.555125324,standard,0.895457402,0.770456086
53.701973251,-1.714231337,8.057451973,1.604209876,0.311144956,2.609494214,2.000000000,2.609494214,standard,0.888437536,0.777475951
53.772171909,-1.717311931,8.127607373,1.624807582,0.282842650,2.662753215,2.000000000,2.662753215,standard,0.881417670,0.784495817
53.842370566,-1.721788890,8.197679487,1.644255803,0.271111866,2.714967645,2.000000000,2.714967645,standard,0.874397804,0.791515683
53.912569224,-1.727598615,8.267650698,1.662880321,0.259411606,2.766196657,2.000000000,2.766196657,standard,0.867377938,0.798535549
53.982767882,-1.734681747,8.337504061,1.680685477,0.247782325,2.816494022,2.000000000,2.816494022,standard,0.860358073,0.805555415
54.052966540,-1.742980214,8.407222580,1.697788799,0.242719605,2.865908793,2.000000000,2.865908793,standard,0.853338207,0.812575280
54.123165198,-1.752466785,8.476788051,1.714889630,0.244420156,2.914485862,-1.319765923,2.914485862,standard,0.846318341,0.819595146
54.193363856,-1.763145804,8.546181036,1.732111468,0.246161780,2.882522549,-1.800000000,2.882522549,standard,0.839298475,0.826615012
54.263562514,-1.775023048,8.615382039,1.749457619,0.247939239,2.838348301,-1.800000000,2.838348301,standard,0.832278609,0.833634878
54.333761171,-1.788108013,8.684370399,1.767238220,0.265981155,2.793475597,-1.800000000,2.793475597,standard,0.825258744,0.840654743
54.403959829,-1.802481823,8.753102984,1.787041011,0.298067814,2.747870219,-1.800000000,2.747870219,standard,0.818238878,0.847674609
54.474158487,-1.818290249,8.821516386,1.809101476,0.330290154,2.701495063,-1.800000000,2.701495063,standard,0.811219012,0.854694475
54.544357145,-1.835681380,8.889546466,1.833425470,0.362485517,2.654309779,-1.800000000,2.654309779,standard,0.804199146,0.861714341
54.614555803,-1.854804029,8.957126528,1.860109374,0.399211310,2.606270369,-1.800000000,2.606270369,standard,0.797179281,0.868734207
54.684754461,-1.875817482,9.024152894,1.889565912,0.439580962,2.557328698,-1.800000000,2.557328698,standard,0.790159415,0.875754072
54.754953118,-1.898888898,9.090494065,1.921878346,0.480525072,2.507431934,-1.800000000,2.507431934,standard,0.783139549,0.882773938
54.825151776,-1.924185631,9.156017866,1.957075425,0.521639392,2.456521877,-1.800000000,2.456521877,standard,0.776119683,0.889793804
54.895350434,-1.951865259,9.220590733,1.994690164,0.544814488,2.404534168,-1.362134805,2.404534168,standard,0.769099817,0.896813670
54.965549092,-1.982001156,9.284067141,2.033621625,0.563451378,2.364433229,-1.359293426,2.364433229,standard,0.762079952,0.903833536
55.035747750,-2.014623706,9.346295459,2.073905770,0.583365381,2.323726177,-1.287399881,2.323726177,standard,0.755060086,0.910853401
55.105946408,-2.049762948,9.407124005,2.115618886,0.603569006,2.284503416,1.923366445,2.284503416,standard,0.748040220,0.917873267
55.176145066,-2.087412592,9.466425843,2.156973260,0.573875928,2.342859651,2.000000000,2.342859651,standard,0.741020354,0.924893133
55.246343723,-2.127426994,9.524168942,2.196268212,0.544883423,2.402037879,2.000000000,2.402037879,standard,0.734000489,0.931912999
55.316542381,-2.169627102,9.580344023,2.233566629,0.516988441,2.459792797,2.000000000,2.459792797,standard,0.726980623,0.938932864
55.386741039,-2.213834124,9.634942241,2.268937840,0.489673161,2.516222414,2.000000000,2.516222414,standard,0.719960757,0.945952730
55.456939697,-2.259881904,9.687975991,2.302338525,0.461404406,2.571413982,2.000000000,2.571413982,standard,0.712940891,0.949782814
55.527138355,-2.307622355,9.739488039,2.333758683,0.433364706,2.625445581,2.000000000,2.625445581,standard,0.705921025,0.942762948
55.597337013,-2.356908781,9.789523485,2.363225361,0.405813678,2.678387413,2.000000000,2.678387413,standard,0.698901160,0.935743083
55.667535670,-2.407597474,9.838127403,2.390898879,0.383734732,2.730302870,2.000000000,2.730302870,standard,0.691881294,0.928723217
55.737734328,-2.459574018,9.885344608,2.417142896,0.363731091,2.781249430,2.000000000,2.781249430,standard,0.684861428,0.927268074
55.807932986,-2.512740606,9.931219766,2.441988515,0.343916589,2.831279397,2.000000000,2.831279397,standard,0.677841562,0.930938087
55.878131644,-2.566999616,9.975797544,2.465452516,0.324517049,2.880440532,2.000000000,2.880440532,standard,0.670821696,0.934463970
55.948330302,-2.622262889,10.019115884,2.488025377,0.318419085,2.928776586,2.000000000,2.928776586,standard,0.663801831,0.931008785
56.018528960,-2.678479090,10.061186557,2.510171683,0.312393052,2.976327758,2.000000000,2.976327758,standard,0.656781965,0.923988919
56.088727617,-2.735605847,10.102014966,2.531898731,0.306468467,3.023131084,2.000000000,3.023131084,standard,0.649762099,0.916969054
56.158926275,-2.793600915,10.141606288,2.553260549,0.306032648,3.069220777,-1.248228736,3.069220777,standard,0.642742233,0.909949188
56.229124933,-2.852438995,10.179936282,2.575333276,0.322650258,3.040537488,-1.800000000,3.040537488,standard,0.635722368,0.902929322
56.299323591,-2.912128484,10.216922192,2.598579584,0.339464415,2.998691889,-1.800000000,2.998691889,standard,0.628702502,0.895909456
56.369522249,-2.972681759,10.252474348,2.623010818,0.356390650,2.956254028,-1.800000000,2.956254028,standard,0.621682636,0.888889590
56.439720907,-3.034110724,10.286503231,2.648597660,0.370929616,2.913198021,-1.800000000,2.913198021,standard,0.614662770,0.881869725
56.509919565,-3.096411295,10.318924462,2.675055264,0.382559766,2.869496043,-1.789856017,2.869496043,standard,0.607642904,0.874849859
56.580118222,-3.159560002,10.349659890,2.702344426,0.394602511,2.825370164,-1.729674165,2.825370164,standard,0.600623039,0.867829993
56.650316880,-3.223532205,10.378631739,2.730490043,0.406983319,2.782063075,0.486453374,2.782063075,standard,0.593603173,0.860810127
56.720515538,-3.288301718,10.405766184,2.759192259,0.403423506,2.794310595,2.000000000,2.794310595,standard,0.586583307,0.853790261
56.790714196,-3.353815578,10.431057627,2.786966600,0.387590165,2.844110816,2.000000000,2.844110816,standard,0.579563441,0.846770396
56.860912854,-3.419998206,10.454558107,2.813641036,0.372065748,2.893053917,2.000000000,2.893053917,standard,0.572543575,0.839750530
56.931111512,-3.486773311,10.476321471,2.839239059,0.356941747,2.941182687,2.000000000,2.941182687,standard,0.565523710,0.832730664
57.001310169,-3.554065572,10.496402849,2.863724372,0.339439392,2.988536469,2.000000000,2.988536469,standard,0.558503844,0.825710798
57.071508827,-3.621811702,10.514873268,2.886894393,0.320492175,3.035151538,2.000000000,3.035151538,standard,0.551483978,0.818690933
57.141707485,-3.689956558,10.531814517,2.908737118,0.301650949,3.081061423,2.000000000,3.081061423,standard,0.544464112,0.811671067
57.211906143,-3.758445154,10.547308590,2.929262976,0.282996604,3.126297190,2.000000000,3.126297190,standard,0.537444247,0.804651201
57.282104801,-3.827223728,10.561436797,2.948541455,0.266851351,3.170887692,1.321045530,3.170887692,standard,0.530424381,0.797631335
57.352303459,-3.896251544,10.574273203,2.966747791,0.251762518,3.200000000,0.000000000,3.200000000,standard,0.523404515,0.790611469
57.422502117,-3.965495733,10.585887496,2.983896316,0.236726132,3.200000000,0.000000000,3.200000000,standard,0.516384649,0.783591604
57.492700774,-4.034923533,10.596349308,2.999992147,0.221781796,3.200000000,0.000000000,3.200000000,standard,0.509364783,0.776571738
57.562899432,-4.104503057,10.605727249,3.015108548,0.209580626,3.200000000,0.000000000,3.200000000,standard,0.502344918,0.769551872
57.633098090,-4.174210897,10.614080074,3.029431164,0.198432307,3.200000000,0.000000000,3.200000000,standard,0.495325052,0.762532006
57.703296748,-4.244028408,10.621460991,3.042971870,0.187309745,3.200000000,0.000000000,3.200000000,standard,0.488305186,0.755512140
57.773495406,-4.313937002,10.627923150,3.055733151,0.176231293,3.200000000,0.000000000,3.200000000,standard,0.481285320,0.748492275
57.843694064,-4.383918667,10.633518184,3.067807022,0.168582216,3.200000000,0.000000000,3.200000000,standard,0.474265454,0.741472409
57.913892721,-4.453960458,10.638284450,3.079413921,0.162080660,3.200000000,0.000000000,3.200000000,standard,0.467245589,0.739233248
57.984091379,-4.524052050,10.642253438,3.090564835,0.155593012,3.200000000,0.000000000,3.200000000,standard,0.460225723,0.745511463
58.054290037,-4.594183143,10.645456577,3.101261046,0.149126719,3.200000000,0.000000000,3.200000000,standard,0.453205857,0.752531329
58.124488695,-4.664343665,10.647923689,3.111591078,0.145799293,3.200000000,0.000000000,3.200000000,standard,0.446185991,0.759551194
58.194687353,-4.734525275,10.649672497,3.121738511,0.143288622,3.200000000,0.000000000,3.200000000,standard,0.439166126,0.766571060
58.264886011,-4.804720416,10.650715233,3.131710162,0.140794008,3.200000000,0.000000000,3.200000000,standard,0.432146260,0.773590926
58.335084669,-4.874921539,10.651064100,3.141507183,0.138317565,3.200000000,0.000000000,3.200000000,standard,0.425126394,0.780610792
58.405283326,-4.945121529,10.650736759,-3.132325494,0.126892160,3.200000000,0.000000000,3.200000000,standard,0.420232782,0.787630658
58.475481984,-5.015315943,10.649784123,-3.123869243,0.114023663,3.200000000,0.000000000,3.200000000,standard,0.419455724,0.794650523
58.545680642,-5.085501341,10.648269620,-3.116316042,0.101163396,3.200000000,0.000000000,3.200000000,standard,0.421927188,0.801670389
58.615879300,-5.155674287,10.646256706,-3.109665193,0.088316699,3.200000000,0.000000000,3.200000000,standard,0.426778366,0.808690255
58.686077958,-5.225831921,10.643806555,-3.103813686,0.078569055,3.200000000,0.000000000,3.200000000,standard,0.432979282,0.815710121
58.756276616,-5.295974131,10.640969520,-3.098633768,0.069007503,3.200000000,0.000000000,3.200000000,standard,0.438733399,0.816692443
58.826475273,-5.366101618,10.637792738,-3.094125089,0.059446096,3.200000000,0.000000000,3.200000000,standard,0.442016522,0.809672578
58.896673931,-5.436215086,10.634323343,-3.090287594,0.049860478,3.200000000,0.000000000,3.200000000,standard,0.435499250,0.802652712
58.966872589,-5.506315588,10.630609168,-3.087150647,0.039512458,3.200000000,0.000000000,3.200000000,standard,0.428479385,0.804499005
59.037071247,-5.576405454,10.626700572,-3.084740152,0.029163776,3.200000000,0.000000000,3.200000000,standard,0.421459519,0.811518871
59.107269905,-5.646487296,10.622648485,-3.083056117,0.018815245,3.200000000,0.000000000,3.200000000,standard,0.414439653,0.818538736
59.177468563,-5.716563732,10.618503830,-3.082096573,0.008894328,3.200000000,0.000000000,3.200000000,standard,0.408082475,0.823134006
59.247667220,-5.786637275,10.614313664,-3.081720271,0.001826700,3.200000000,0.000000000,3.200000000,standard,0.407191682,0.816114141
59.317865878,-5.856710168,10.610114519,-3.081840110,-0.005240998,3.200000000,0.000000000,3.200000000,standard,0.410735843,0.809094275
59.388064536,-5.926784608,10.605941154,-3.082456091,-0.012308653,3.200000000,0.000000000,3.200000000,standard,0.417157391,0.802074409
59.458263194,-5.996862790,10.601828356,-3.083573135,-0.019984487,3.200000000,0.000000000,3.200000000,standard,0.424177257,0.795054543
59.528461852,-6.066946918,10.597814847,-3.085316658,-0.029689366,3.200000000,0.000000000,3.200000000,standard,0.431197123,0.788034678
59.598660510,-6.137039210,10.593947417,-3.087741469,-0.039394650,3.200000000,0.000000000,3.200000000,standard,0.437718271,0.781014812
59.668859168,-6.207141883,10.590273841,-3.090847579,-0.049099806,3.200000000,0.000000000,3.200000000,standard,0.431675176,0.773994946
59.739057825,-6.277257139,10.586841736,-3.094614385,-0.057043225,3.200000000,0.000000000,3.200000000,standard,0.424655310,0.766975080
59.809256483,-6.347386038,10.583689118,-3.098773868,-0.061461451,3.200000000,0.000000000,3.200000000,standard,0.417635445,0.759955214
59.879455141,-6.417527870,10.580839107,-3.103243612,-0.065882522,3.200000000,0.000000000,3.200000000,standard,0.410615579,0.752935349
59.949653799,-6.487681774,10.578313540,-3.108023772,-0.070305834,3.200000000,0.000000000,3.200000000,standard,0.403595713,0.745915483
60.019852457,-6.557846868,10.576133327,-3.113024602,-0.068924935,3.200000000,0.000000000,3.200000000,standard,0.397411491,0.750629065
60.090051115,-6.628021680,10.574290740,-3.117556334,-0.060185988,3.200000000,0.000000000,3.200000000,standard,0.396505907,0.757648931
60.160249772,-6.698204044,10.572744650,-3.121474645,-0.051448006,3.200000000,0.000000000,3.200000000,standard,0.398940585,0.764668796
60.230448430,-6.768391758,10.571452039,-3.124779633,-0.042712015,3.200000000,0.000000000,3.200000000,standard,0.402617824,0.771688662
60.300647088,-6.838582664,10.570369858,-3.127469110,-0.033857942,3.200000000,0.000000000,3.200000000,standard,0.405511430,0.778708528
60.370845746,-6.908775470,10.569454499,-3.129531635,-0.024904331,3.200000000,0.000000000,3.200000000,standard,0.406921814,0.785728394
60.441044404,-6.978969645,10.568661857,-3.130965607,-0.015950344,3.200000000,0.000000000,3.200000000,standard,0.407320185,0.792748260
60.511243062,-7.049164685,10.567947811,-3.131771020,-0.006996325,3.200000000,0.000000000,3.200000000,standard,0.407217950,0.799768125
60.581441720,-7.119360090,10.567268334,-3.131954106,0.001681495,3.200000000,0.000000000,3.200000000,standard,0.407109023,0.806787991
60.651640377,-7.189555397,10.566580587,-3.131536863,0.010205996,3.200000000,-1.502956490,3.200000000,standard,0.407265509,0.813807857
60.721839035,-7.259750169,10.565842550,-3.130521212,0.018730493,3.166857897,-1.800000000,3.166857897,standard,0.407807105,0.813882567
60.792037693,-7.329943973,10.565012216,-3.128907155,0.027254804,3.126703340,-1.800000000,3.126703340,standard,0.408850511,0.806862701
60.862236351,-7.400136323,10.564048318,-3.126738049,0.034076980,3.086026346,-1.800000000,3.086026346,standard,0.410479307,0.799842835
60.932435009,-7.470326289,10.562916549,-3.124128995,0.040256109,3.044805977,-1.800000000,3.044805977,standard,0.412464013,0.792822969
61.002633667,-7.540512691,10.561586432,-3.121086153,0.046435781,3.003019858,-1.800000000,3.003019858,standard,0.414402818,0.785803104
61.072832324,-7.610694347,10.560027534,-3.117609503,0.052615438,2.960644035,-1.800000000,2.960644035,standard,0.415892120,0.778783238
61.143030982,-7.680870037,10.558210951,-3.113780961,0.055870336,2.917652812,-1.800000000,2.917652812,tight_bend_1_standard,0.416653262,0.783402463
61.213229640,-7.751038244,10.556119168,-3.109770597,0.058386221,2.874018574,-1.800000000,2.874018574,tight_bend_1_standard,0.417337040,0.790422329
61.283428298,-7.821197321,10.553739804,-3.105583572,0.060903327,2.829711575,-1.800000000,2.829711575,tight_bend_1_standard,0.419013209,0.797442194
61.353626956,-7.891345618,10.551060505,-3.101219813,0.063421255,2.784699701,-1.800000000,2.784699701,tight_bend_1_standard,0.422753552,0.804462060
61.423825614,-7.961481292,10.548066234,-3.096546666,0.070304882,2.738948203,-1.800000000,2.738948203,tight_bend_1_standard,0.429206248,0.811481926
61.494024272,-8.031601319,10.544725846,-3.091345813,0.077868542,2.692419375,-1.800000000,2.692419375,tight_bend_1_standard,0.436226114,0.818501792
61.564222929,-8.101702239,10.541002198,-3.085613964,0.085432111,2.645072196,-1.800000000,2.645072196,tight_bend_1_standard,0.441705323,0.816342875
61.634421587,-8.171780589,10.536858139,-3.079351150,0.092992544,2.596861905,-1.800000000,2.596861905,tight_bend_1_standard,0.436717467,0.809323010
61.704620245,-8.241831541,10.532247360,-3.072130165,0.113745796,2.547739505,-1.800000000,2.547739505,tight_bend_1_standard,0.429697602,0.802303144
61.774818903,-8.311843363,10.527077351,-3.063377188,0.135619781,2.497651180,-1.800000000,2.497651180,tight_bend_1_standard,0.422677736,0.795283278
61.845017561,-8.381802154,10.521241066,-3.053088361,0.157499418,2.446537604,-1.800000000,2.446537604,tight_bend_1_standard,0.415657870,0.788263412
61.915216219,-8.451694008,10.514631455,-3.041263771,0.179356646,2.394333118,-1.800000000,2.394333118,tight_bend_1_standard,0.410975684,0.781243546
61.985414876,-8.521499474,10.507118883,-3.026863205,0.232583358,2.340964740,-1.800000000,2.340964740,tight_bend_1_standard,0.414746086,0.774223681
62.055613534,-8.591172967,10.498467424,-3.008598826,0.287704383,2.286350967,-1.800000000,2.286350967,tight_bend_1_standard,0.421765952,0.767203815
62.125812192,-8.660661220,10.488409899,-2.986464706,0.342730597,2.230400318,-1.800000000,2.230400318,tight_bend_1_standard,0.428785818,0.761300074
62.196010850,-8.729910967,10.476679126,-2.960471821,0.397274418,2.173009528,-1.800000000,2.173009528,tight_bend_1_standard,0.435805683,0.758195796
62.266209508,-8.798847455,10.462984010,-2.929300005,0.495288919,2.114061314,-1.800000000,2.114061314,tight_bend_1_standard,0.442825549,0.757630463
62.336408166,-8.867271793,10.446895292,-2.890771153,0.601192890,2.053421552,-1.800000000,2.053421552,tight_bend_1_standard,0.449845415,0.759449974
62.406606823,-8.934940608,10.427934208,-2.844767681,0.707894541,1.990935686,-1.800000000,1.990935686,tight_bend_1_standard,0.456865281,0.763538357
62.476805481,-9.001610468,10.405621928,-2.791285175,0.812740152,1.926424080,-1.800000000,1.926424080,tight_bend_1_standard,0.463885146,0.769779692
62.547004139,-9.067025991,10.379490531,-2.730851134,0.896111421,1.859675931,-1.800000000,1.859675931,tight_bend_1_standard,0.470905012,0.776799558
62.617202797,-9.130756297,10.349232236,-2.664836962,0.976755830,1.790441119,-1.800000000,1.790441119,tight_bend_1_standard,0.477924878,0.783819423
62.687401455,-9.192237097,10.314661003,-2.592800297,1.066724740,1.718419108,-1.729419840,1.718419108,tight_bend_1_standard,0.484944744,0.790839289
62.757600113,-9.250900765,10.275593830,-2.514245787,1.162293719,1.646255851,-1.363740083,1.646255851,tight_bend_1_standard,0.491964610,0.797859155
62.827798771,-9.306179682,10.231847743,-2.428919769,1.250648710,1.587039029,0.226731807,1.587039029,tight_bend_1_standard,0.498984475,0.804879021
62.897997428,-9.357535263,10.183365824,-2.341203978,1.235039644,1.597036448,0.008321968,1.597036448,tight_bend_1_standard,0.506004341,0.810644211
62.968196086,-9.404526464,10.130514678,-2.253942166,1.234474137,1.597402203,-0.207999646,1.597402203,tight_bend_1_standard,0.513024207,0.803624346
63.038394744,-9.446732704,10.073749748,-2.166172397,1.248765503,1.588235249,-0.398904442,1.588235249,tight_bend_1_standard,0.520044073,0.796604480
63.108593402,-9.483733404,10.013526481,-2.076955326,1.277120519,1.570505044,0.025895444,1.570505044,tight_bend_1_standard,0.527063939,0.789584614
63.178792060,-9.515112817,9.950301024,-1.985953404,1.275240788,1.571662096,1.047209260,1.571662096,tight_bend_1_standard,0.534083804,0.782564748
63.248990718,-9.540686991,9.884563261,-1.898516300,1.203600663,1.617759906,1.088050062,1.617759906,tight_bend_1_standard,0.541103670,0.775544882
63.319189375,-9.560601222,9.816850996,-1.815930139,1.137222534,1.664303584,1.042677206,1.664303584,tight_bend_1_standard,0.548123536,0.768525017
63.389388033,-9.575025892,9.747705680,-1.737663691,1.080137455,1.707716458,0.905820397,1.707716458,tight_bend_1_standard,0.555143402,0.761505151
63.459586691,-9.584131379,9.677668767,-1.663030108,1.035002723,1.744554457,0.550668911,1.744554457,tight_bend_1_standard,0.562163267,0.754485285
63.529785349,-9.588084793,9.607262643,-1.591031517,1.009362173,1.766573715,0.496903110,1.766573715,tight_bend_1_standard,0.569183133,0.747465419
63.599984007,-9.587024439,9.536841890,-1.520707993,0.987291659,1.786210109,0.497367278,1.786210109,tight_bend_1_standard,0.576202999,0.740445554
63.670182665,-9.581073657,9.466673887,-1.451922736,0.966146359,1.805651014,0.470828299,1.805651014,tight_bend_1_standard,0.577714242,0.733425688
63.740381323,-9.570355658,9.397025272,-1.384517653,0.946947317,1.823863650,0.019698923,1.823863650,tight_bend_1_standard,0.570694376,0.726405822
63.810579980,-9.554992989,9.328163280,-1.318156537,0.946160668,1.824621684,-1.298732061,1.824621684,tight_bend_1_standard,0.563674511,0.719385956
63.880778638,-9.535025898,9.260429294,-1.249455858,1.000983253,1.773952027,-1.356193915,1.773952027,tight_bend_1_standard,0.556654645,0.712366090
63.950977296,-9.510333876,9.194309540,-1.176566225,1.065449080,1.719447530,-1.324725623,1.719447530,tight_bend_1_standard,0.549634779,0.705346225
64.021175954,-9.480777811,9.130306999,-1.098946179,1.136974007,1.664485472,-1.215357958,1.664485472,tight_bend_1_standard,0.542614913,0.698326359
64.091374612,-9.446218590,9.068924655,-1.016206741,1.211594898,1.612413995,0.058438171,1.612413995,tight_bend_1_standard,0.535595047,0.691306493
64.161573270,-9.406547908,9.010656472,-0.930056050,1.207783438,1.614956177,0.491869170,1.614956177,tight_bend_1_standard,0.528575182,0.684286627
64.231771927,-9.361995451,8.955897444,-0.845934772,1.176628543,1.636196982,0.319275242,1.636196982,tight_bend_1_standard,0.521555316,0.677266762
64.301970585,-9.312999783,8.904981405,-0.763526647,1.157251801,1.649838159,0.112603599,1.649838159,tight_bend_1_standard,0.514535450,0.670246896
64.372169243,-9.260002560,8.858241282,-0.682041148,1.150569267,1.654622372,-0.037352715,1.654622372,tight_bend_1_standard,0.507515584,0.663227030
64.442367901,-9.203445437,8.816009997,-0.600662796,1.152777418,1.653036894,1.488610345,1.653036894,tight_bend_1_standard,0.500495718,0.656207164
64.512566559,-9.143776338,8.778518267,-0.522277723,1.070872057,1.715088298,1.727712923,1.715088298,tight_bend_1_standard,0.493475853,0.649187298
64.582765217,-9.081465042,8.745640496,-0.449705938,0.989292363,1.784403017,1.911816340,1.784403017,tight_bend_1_standard,0.486455987,0.642167433
64.652963874,-9.016986086,8.717173485,-0.382712456,0.912380215,1.858092572,2.000000000,1.858092572,tight_bend_1_standard,0.479436121,0.635147567
64.723162532,-8.950814007,8.692914034,-0.320896693,0.842897318,1.932175623,2.000000000,1.932175623,tight_bend_1_standard,0.472416255,0.628127701
64.793361190,-8.883415894,8.672652893,-0.264064289,0.765289911,2.003521218,2.000000000,2.003521218,tight_bend_1_standard,0.465396390,0.621107835
64.863559848,-8.815117612,8.656066178,-0.213509430,0.672777860,2.072412098,2.000000000,2.072412098,tight_bend_1_standard,0.458376524,0.614087969
64.933758506,-8.746118774,8.642727512,-0.169507681,0.579436262,2.139085443,2.000000000,2.139085443,tight_bend_1_standard,0.451356658,0.607068104
65.003957164,-8.676614541,8.632206909,-0.132024936,0.487218803,2.203742536,2.000000000,2.203742536,tight_bend_1_standard,0.444336792,0.600048238
65.074155822,-8.606799514,8.624075422,-0.100796394,0.413766541,2.266555933,2.000000000,2.266555933,tight_bend_1_standard,0.437316926,0.606473664
65.144354479,-8.536816875,8.617998883,-0.072777633,0.383878868,2.327674897,2.000000000,2.327674897,tight_bend_1_standard,0.430297061,0.613493530
65.214553137,-8.466717937,8.613812475,-0.046875833,0.353778832,2.387229578,2.000000000,2.387229578,tight_bend_1_standard,0.423277195,0.620513395
65.284751795,-8.396544492,8.611368936,-0.023090895,0.323704451,2.445334270,2.000000000,2.445334270,tight_bend_1_standard,0.416257329,0.627533261
65.354950453,-8.326338301,8.610521003,-0.001412232,0.293974936,2.502089991,2.000000000,2.502089991,tight_bend_1_standard,0.409237463,0.626991404
65.425149111,-8.256134020,8.611122531,0.018208711,0.264954528,2.557586549,2.000000000,2.557586549,tight_bend_1_standard,0.402217597,0.619971538
65.495347769,-8.185950007,8.613029928,0.035792594,0.235944328,2.611904207,2.000000000,2.611904207,tight_bend_1_standard,0.395197732,0.612951672
65.565546426,-8.115802348,8.616099958,0.051343749,0.207032043,2.665115047,2.000000000,2.665115047,tight_bend_1_standard,0.388177866,0.605931807
65.635745084,-8.045707116,8.620189493,0.064893881,0.182034763,2.717284094,2.000000000,2.717284094,tight_bend_1_standard,0.388447229,0.598911941
65.705943742,-7.975677073,8.625183271,0.077387755,0.173870802,2.768470242,2.000000000,2.768470242,tight_bend_1_standard,0.395467095,0.591892075
65.776142400,-7.905717246,8.631031159,0.089307309,0.165696620,2.818727037,2.000000000,2.818727037,tight_bend_1_standard,0.402486961,0.584872209
65.846341058,-7.835831558,8.637692309,0.100652806,0.157525489,2.868103335,2.000000000,2.868103335,tight_bend_1_standard,0.409506826,0.577852344
65.916539716,-7.766023931,8.645125902,0.111429932,0.149967376,2.916643855,2.000000000,2.916643855,tight_bend_1_standard,0.416526692,0.570832478
65.986738374,-7.696298285,8.653295010,0.121763203,0.144417912,2.964389652,2.000000000,2.964389652,tight_bend_1_standard,0.423546558,0.563812612
66.056937031,-7.626658537,8.662170676,0.131707471,0.138883986,3.011378527,2.000000000,3.011378527,tight_bend_1_standard,0.430566424,0.556792746
66.127135689,-7.557108598,8.671724920,0.141263924,0.133370188,3.057645379,2.000000000,3.057645379,tight_bend_1_standard,0.437586289,0.549772880
66.197334347,-7.487652331,8.681929570,0.150406315,0.125268644,3.103222502,2.000000000,3.103222502,tight_bend_1_standard,0.444606155,0.542753015
66.267533005,-7.418289496,8.692742007,0.158703671,0.111119996,3.148139852,2.000000000,3.148139852,tight_bend_1_standard,0.451626021,0.535733149
66.337731663,-7.349012933,8.704095219,0.166007740,0.096971402,3.192425279,0.344884356,3.192425279,tight_bend_1_standard,0.458645887,0.528713283
66.407930321,-7.279814816,8.715919843,0.172318833,0.082830186,3.200000000,0.000000000,3.200000000,tight_bend_1_standard,0.465665753,0.521693417
66.478128978,-7.210687293,8.728146603,0.177646586,0.069382962,3.200000000,0.000000000,3.200000000,tight_bend_1_standard,0.472685618,0.514673552
66.548327636,-7.141621408,8.740710047,0.182084684,0.057059230,3.200000000,0.000000000,3.200000000,tight_bend_1_standard,0.479705484,0.507653686
66.618526294,-7.072606682,8.753549980,0.185657569,0.044733731,3.200000000,0.000000000,3.200000000,tight_bend_1_standard,0.486725350,0.500633820
66.688724952,-7.003632526,8.766606591,0.188365222,0.032408507,3.200000000,0.000000000,3.200000000,tight_bend_1_standard,0.488740480,0.493613954
66.758923610,-6.934688423,8.779820511,0.190250438,0.022804555,3.200000000,0.000000000,3.200000000,standard,0.495760346,0.486594088
66.829122268,-6.865765954,8.793145564,0.191631961,0.016555718,3.200000000,0.000000000,3.200000000,standard,0.502780212,0.479574223
66.899320926,-6.796859105,8.806550692,0.192574816,0.010306749,3.200000000,0.000000000,3.200000000,standard,0.509800077,0.472554357
66.969519583,-6.727961995,8.820005668,0.193079000,0.004057757,3.200000000,0.000000000,3.200000000,standard,0.516819943,0.465534491
67.039718241,-6.659068689,8.833479998,0.193121727,-0.003468172,3.200000000,0.000000000,3.200000000,standard,0.523839809,0.458514625
67.109916899,-6.590172081,8.846937310,0.192570774,-0.012228830,3.200000000,0.000000000,3.200000000,standard,0.530859675,0.451494759
67.180115557,-6.521263917,8.860335479,0.191404835,-0.020989400,3.200000000,-0.988952343,3.200000000,standard,0.537879540,0.444474894
67.250314215,-6.452335893,8.873632139,0.189623923,-0.029749578,3.178231229,-1.800000000,3.178231229,standard,0.544899406,0.437455028
67.320512873,-6.383379638,8.886784282,0.187179473,-0.040949285,3.138222200,-1.800000000,3.138222200,standard,0.551919272,0.430435162
67.390711530,-6.314385588,8.899737907,0.183846387,-0.054011344,3.097696469,-1.800000000,3.097696469,standard,0.558939138,0.423415296
67.460910188,-6.245343180,8.912429796,0.179596306,-0.067074861,3.056633482,-1.800000000,3.056633482,standard,0.565959004,0.416395431
67.531108846,-6.176241820,8.924796444,0.174429191,-0.080137309,3.015011289,-1.800000000,3.015011289,standard,0.572978869,0.409375565
67.601307504,-6.107070933,8.936773376,0.168280624,-0.096107806,2.972806402,-1.800000000,2.972806402,tight_bend_2_standard,0.579998735,0.402355699
67.671506162,-6.037820213,8.948283260,0.160913358,-0.113784535,2.929993641,-1.800000000,2.929993641,tight_bend_2_standard,0.587018601,0.395335833
67.741704820,-5.968479542,8.959239655,0.152304972,-0.131463952,2.886545958,-1.800000000,2.886545958,tight_bend_2_standard,0.594038467,0.388315967
67.811903477,-5.899038805,8.969555932,0.142455528,-0.149130334,2.842434239,-1.800000000,2.842434239,tight_bend_2_standard,0.601058332,0.381296102
67.882102135,-5.829488255,8.979140985,0.131097538,-0.177731245,2.797627072,-1.800000000,2.797627072,tight_bend_2_standard,0.608078198,0.374276236
67.952300793,-5.759821933,8.987857239,0.117446569,-0.211143371,2.752090490,-1.800000000,2.752090490,tight_bend_2_standard,0.615098064,0.367256370
68.022499451,-5.690036130,8.995539577,0.101447967,-0.244607148,2.705787666,-1.800000000,2.705787666,tight_bend_2_standard,0.622117930,0.360236504
68.092698109,-5.620127166,9.002022523,0.083100195,-0.278029441,2.658678568,-1.800000000,2.658678568,tight_bend_2_standard,0.629137796,0.353216638
68.162896767,-5.550094063,9.007143244,0.062571365,-0.304975315,2.610719548,-1.800000000,2.610719548,tight_bend_2_standard,0.636157661,0.346196773
68.233095425,-5.479960788,9.010763350,0.040280506,-0.329891032,2.561862875,-1.800000000,2.561862875,tight_bend_2_standard,0.643177527,0.339176907
68.303294082,-5.409764789,9.012757657,0.016230487,-0.355076810,2.512056175,-1.800000000,2.512056175,tight_bend_2_standard,0.643930591,0.337982327
68.373492740,-5.339543645,9.013001107,-0.009593150,-0.380402885,2.461241771,-1.800000000,2.461241771,tight_bend_2_standard,0.636910725,0.345002193
68.443691398,-5.269336540,9.011369025,-0.037178093,-0.404974247,2.409355907,-1.800000000,2.409355907,tight_bend_2_standard,0.629890859,0.352022058
68.513890056,-5.199199227,9.007740655,-0.066482350,-0.429560102,2.356327804,-1.800000000,2.356327804,tight_bend_2_standard,0.622870993,0.359041924
68.584088714,-5.129197246,9.001997557,-0.097525321,-0.454368647,2.302078528,-1.800000000,2.302078528,tight_bend_2_standard,0.615851128,0.366061790
68.654287372,-5.059396262,8.994021323,-0.130320008,-0.479144867,2.246519615,-1.800000000,2.246519615,tight_bend_2_standard,0.608831262,0.373081656
68.724486029,-4.989867152,8.983685674,-0.165483449,-0.533347837,2.189551373,-1.800000000,2.189551373,tight_bend_2_standard,0.601811396,0.380101522
68.794684687,-4.920760227,8.970744411,-0.205649610,-0.609492266,2.131060780,-1.800000000,2.131060780,tight_bend_2_standard,0.594791530,0.387121387
68.864883345,-4.852287698,8.954857882,-0.251219816,-0.687154698,2.070918849,-1.800000000,2.070918849,tight_bend_2_standard,0.587771665,0.394141253
68.935082003,-4.784663413,8.935683962,-0.302258843,-0.764727682,2.008977279,-1.800000000,2.008977279,tight_bend_2_standard,0.580751799,0.401161119
69.005280661,-4.718102797,8.912881916,-0.358643196,-0.832612057,1.945064148,-1.768287760,1.945064148,tight_bend_2_standard,0.573731933,0.408180985
69.075479319,-4.652907032,8.886186398,-0.419325569,-0.891086163,1.880162675,-1.716047709,1.880162675,tight_bend_2_standard,0.570649445,0.415200851
69.145677977,-4.589505337,8.855444622,-0.484386462,-0.956260002,1.814960934,-1.593280036,1.814960934,tight_bend_2_standard,0.577669311,0.422220716
69.215876634,-4.528337392,8.820512996,-0.554194873,-1.025927984,1.752253108,-1.412133646,1.752253108,tight_bend_2_standard,0.584689176,0.429240582
69.286075292,-4.469842875,8.781247931,-0.628990441,-1.096746562,1.694736316,-0.338816443,1.694736316,tight_bend_2_standard,0.591709042,0.436260448
69.356273950,-4.414462882,8.737552275,-0.707182997,-1.115217053,1.680643407,-0.400089525,1.680643407,tight_bend_2_standard,0.598728908,0.443280314
69.426472608,-4.362646444,8.689589127,-0.786682279,-1.137845148,1.663848180,-0.550015777,1.663848180,tight_bend_2_standard,0.605748774,0.450300179
69.496671266,-4.314845353,8.637612189,-0.868152731,-1.170494606,1.640478597,-0.645935105,1.640478597,tight_bend_2_standard,0.612768640,0.457320045
69.566869924,-4.271511406,8.581875257,-0.952214746,-1.211313683,1.612601151,-0.437582558,1.612601151,tight_bend_2_standard,0.619788505,0.464339911
69.637068581,-4.233095675,8.522632988,-1.039217527,-1.240622931,1.593438752,0.114695991,1.593438752,tight_bend_2_standard,0.626808371,0.471359777
69.707267239,-4.199978599,8.460224096,-1.126556223,-1.232804305,1.598483677,-0.047102450,1.598483677,tight_bend_2_standard,0.633828237,0.478379643
69.777465897,-4.172411674,8.395140748,-1.213767746,-1.236003241,1.596413796,-0.202419717,1.596413796,tight_bend_2_standard,0.640848103,0.485399508
69.847664555,-4.150632669,8.327891448,-1.301597979,-1.249941558,1.587487897,-0.334278243,1.587487897,tight_bend_2_standard,0.647867969,0.492419374
69.917863213,-4.134879355,8.258984696,-1.390763980,-1.273660747,1.572636657,-0.022891527,1.572636657,tight_bend_2_standard,0.654887834,0.499439240
69.988061871,-4.125380993,8.188931695,-1.481288498,-1.275318026,1.571614503,0.129320721,1.571614503,tight_bend_2_standard,0.661907700,0.506459106
70.058260528,-4.122232098,8.118286404,-1.571106636,-1.266011820,1.577380242,-0.032614838,1.577380242,tight_bend_2_standard,0.668927566,0.505233184
70.128459186,-4.125419510,8.047636946,-1.660684172,-1.268346025,1.575928105,-0.190789504,1.575928105,tight_bend_2_standard,0.675947432,0.498213318
70.198657844,-4.134927061,7.977572402,-1.750818165,-1.282174929,1.567406475,-0.326870026,1.567406475,tight_bend_2_standard,0.676292465,0.491193452
70.268856502,-4.150738585,7.908681850,-1.842280904,-1.306581521,1.552698098,0.392033292,1.552698098,tight_bend_2_standard,0.669272599,0.484173586
70.339055160,-4.172800654,7.841541019,-1.933855731,-1.277417948,1.570322198,0.406450573,1.570322198,tight_bend_2_standard,0.662252733,0.477153720
70.409253818,-4.200840294,7.776646964,-2.023105889,-1.248525366,1.588387980,0.255451990,1.588387980,tight_bend_2_standard,0.655232867,0.470133855
70.479452476,-4.234504382,7.714468022,-2.110723519,-1.231026006,1.599637818,0.073693773,1.599637818,tight_bend_2_standard,0.648213002,0.463113989
70.549651133,-4.273439681,7.655472488,-2.197515203,-1.226068526,1.602868540,0.096576934,1.602868540,tight_bend_2_standard,0.641193136,0.456094123
70.619849791,-4.317292793,7.600128269,-2.284235664,-1.219631798,1.607092623,1.096186985,1.607092623,tight_bend_2_standard,0.634173270,0.449074257
70.690048449,-4.365664537,7.548790104,-2.367862112,-1.151043002,1.654281841,1.164418882,1.654281841,tight_bend_2_standard,0.627153404,0.442054391
70.760247107,-4.418046636,7.501543109,-2.446756290,-1.086158321,1.702976716,1.152866392,1.702976716,tight_bend_2_standard,0.620133539,0.435034526
70.830445765,-4.473914916,7.458433102,-2.521342429,-1.028743068,1.749854006,1.053805717,1.749854006,tight_bend_2_standard,0.613113673,0.428014660
70.900644423,-4.532745202,7.419505903,-2.592191355,-0.981326590,1.791630692,1.724507259,1.791630692,tight_bend_2_standard,0.606093807,0.420994794
70.970843080,-4.594019569,7.384793599,-2.659309419,-0.912499490,1.857971131,2.000000000,1.857971131,tight_bend_2_standard,0.603454870,0.413974928
71.041041738,-4.657314520,7.354120720,-2.720295742,-0.821088259,1.932058839,2.000000000,1.932058839,tight_bend_2_standard,0.607844249,0.406955063
71.111240396,-4.722279745,7.327150945,-2.774835775,-0.729735800,2.003408592,2.000000000,2.003408592,tight_bend_2_standard,0.614864115,0.399935197
71.181439054,-4.788566843,7.303543751,-2.823049094,-0.641104802,2.072303216,2.000000000,2.072303216,tight_bend_2_standard,0.621883981,0.392915331
71.251637712,-4.855827899,7.282958796,-2.865203546,-0.563329093,2.138979956,2.000000000,2.138979956,tight_bend_2_standard,0.628903846,0.385895465
71.321836370,-4.923786319,7.265081988,-2.902890553,-0.509040164,2.203640144,2.000000000,2.203640144,tight_bend_2_standard,0.635923712,0.378875599
71.392035028,-4.992311396,7.249652929,-2.936719231,-0.454099319,2.266456378,2.000000000,2.266456378,tight_bend_2_standard,0.642943578,0.371855734
71.462233685,-5.061290258,7.236417785,-2.966686921,-0.399261273,2.327577957,2.000000000,2.327577957,tight_bend_2_standard,0.649963444,0.364835868
71.532432343,-5.130610036,7.225122726,-2.992821717,-0.346285372,2.387135056,2.000000000,2.387135056,tight_bend_2_standard,0.656983309,0.359209820
71.602631001,-5.200171829,7.215533818,-3.016023529,-0.314506941,2.445241994,2.000000000,2.445241994,tight_bend_2_standard,0.664003175,0.357995241
71.672829659,-5.269923597,7.207483873,-3.036988744,-0.282659570,2.501999808,2.000000000,2.501999808,tight_bend_2_standard,0.671023041,0.359588552
71.743028317,-5.339823116,7.200819687,-3.055720409,-0.250896544,2.557498323,2.000000000,2.557498323,tight_bend_2_standard,0.678042907,0.362264548
71.813226975,-5.409828162,7.195388056,-3.072227230,-0.219307398,2.611817816,2.000000000,2.611817816,tight_bend_2_standard,0.685062773,0.364298026
71.883425632,-5.479901156,7.191041112,-3.086761017,-0.194749301,2.665030381,2.000000000,2.665030381,tight_bend_2_standard,0.692082638,0.364314994
71.953624290,-5.550023496,7.187652785,-3.099571758,-0.170203342,2.717201053,2.000000000,2.717201053,tight_bend_2_standard,0.699102504,0.362376736
72.023822948,-5.620181429,7.185102578,-3.110659396,-0.145667367,2.768388736,2.000000000,2.768388736,tight_bend_2_standard,0.706122370,0.358911123
72.094021606,-5.690361203,7.183269989,-3.120025558,-0.121166594,2.818646985,2.000000000,2.818646985,tight_bend_2_standard,0.700672871,0.354346028
72.164220264,-5.760550927,7.182035987,-3.127736793,-0.098533818,2.868024662,2.000000000,2.868024662,tight_bend_2_standard,0.693653005,0.349359294
72.234418922,-5.830746333,7.181287526,-3.133859472,-0.075901954,2.916566490,2.000000000,2.916566490,tight_bend_2_standard,0.686633139,0.345650184
72.304617580,-5.900945096,7.180913094,-3.138393376,-0.053269978,2.964313533,2.000000000,2.964313533,tight_bend_2_standard,0.679636708,0.345178813
72.374816237,-5.971144891,7.180801177,-3.141338819,-0.030746130,3.011303597,2.000000000,3.011303597,round_arc_transition,0.686656574,0.349905206
72.445014895,-6.041343942,7.180842383,3.140403201,-0.010373347,3.057571583,2.000000000,3.057571583,round_arc_transition,0.693676439,0.356925072
72.515213553,-6.111542373,7.180934707,3.140390114,0.010000591,3.103149789,2.000000000,3.103149789,round_arc_transition,0.700696305,0.363944937
72.585412211,-6.181740724,7.180977750,-3.141378059,0.030374400,3.148068177,2.000000000,3.148068177,round_arc_transition,0.707716171,0.370964803
72.655610869,-6.251939533,7.180871123,-3.138533812,0.050153083,3.192354598,2.000000000,3.192354598,dynamic_arc_transition,0.714736037,0.377984669
72.725809527,-6.322138485,7.180519399,-3.134439674,0.066489969,3.236034999,2.000000000,3.236034999,dynamic_arc_transition,0.721755903,0.385004535
72.796008184,-6.392335058,7.179840019,-3.129198533,0.082830941,3.279133596,2.000000000,3.279133596,dynamic_arc_transition,0.728775768,0.392024401
72.866206842,-6.462526373,7.178752480,-3.122810217,0.099172202,3.321673038,2.000000000,3.321673038,dynamic_arc_transition,0.723683906,0.394068144
72.936405500,-6.532709527,7.177176309,-3.115278788,0.115116909,3.363674539,2.000000000,3.363674539,dynamic_arc_transition,0.716664040,0.387048278
73.006604158,-6.602879321,7.175033356,-3.106670923,0.130115768,3.405158005,2.000000000,3.405158005,dynamic_arc_transition,0.709644174,0.380028413
73.076802816,-6.673026547,7.172249531,-3.097009371,0.145133855,3.446142143,2.000000000,3.446142143,dynamic_arc_transition,0.702624308,0.373008547
73.147001474,-6.743141592,7.168751154,-3.086293194,0.160158718,3.486644562,2.000000000,3.486644562,dynamic_arc_transition,0.695604442,0.378168134
73.217200131,-6.813214689,7.164464663,-3.074532056,0.174574852,3.526681858,0.200123940,3.526681858,dynamic_arc_transition,0.688584577,0.385188000
73.287398789,-6.883231909,7.159319688,-3.061792641,0.188346821,3.530663081,-1.800000000,3.530663081,dynamic_arc_transition,0.681564711,0.392207865
73.357597447,-6.953174791,7.153249340,-3.048084716,0.202162530,3.494691206,-1.800000000,3.494691206,dynamic_arc_transition,0.688584577,0.399227731
73.427796105,-7.023024641,7.146186903,-3.033405929,0.215997947,3.458345190,-1.800000000,3.458345190,dynamic_arc_transition,0.695604443,0.406247597
73.497994763,-7.092762212,7.138066120,-3.017779509,0.228816590,3.421613112,-1.800000000,3.421613112,dynamic_arc_transition,0.702624308,0.413267463
73.568193421,-7.162362026,7.128825849,-3.001278452,0.241239376,3.384482400,-1.800000000,3.384482400,dynamic_arc_transition,0.709644174,0.420287329
73.638392079,-7.231794688,7.118408168,-2.983902260,0.253744199,3.346939788,-1.800000000,3.346939788,dynamic_arc_transition,0.716664040,0.427307194
73.708590736,-7.301030741,7.106755204,-2.965646190,0.266295981,3.308971257,-1.800000000,3.308971257,dynamic_arc_transition,0.723683906,0.434327060
73.778789394,-7.370039937,7.093812079,-2.946638358,0.274779108,3.270561972,-1.800000000,3.270561972,dynamic_arc_transition,0.730703771,0.441346926
73.848988052,-7.438787852,7.079539705,-2.927057458,0.282983846,3.231696218,-1.800000000,3.231696218,dynamic_arc_transition,0.737723637,0.448366792
73.919186710,-7.507238694,7.063904175,-2.906896321,0.291300500,3.192357323,-1.800000000,3.192357323,dynamic_arc_transition,0.744743503,0.455386657
73.989385368,-7.575356661,7.046871580,-2.886146008,0.300037616,3.152527574,-1.800000000,3.152527574,dynamic_arc_transition,0.751763369,0.462406523
74.059584026,-7.643102738,7.028405972,-2.864700084,0.310825999,3.112188127,-1.800000000,3.112188127,dynamic_arc_transition,0.758783235,0.469426389
74.129782683,-7.710429678,7.008466187,-2.842490041,0.321793128,3.071318898,-1.800000000,3.071318898,dynamic_arc_transition,0.765803100,0.476446255
74.199981341,-7.777288937,6.987010234,-2.819504971,0.332890244,3.029898448,-1.800000000,3.029898448,dynamic_arc_transition,0.772822966,0.483466121
74.270179999,-7.843631778,6.963996097,-2.795726453,0.344805392,2.987903853,-1.800000000,2.987903853,dynamic_arc_transition,0.779842832,0.490485986
74.340378657,-7.909401476,6.939380612,-2.771045472,0.358139822,2.945310555,-1.800000000,2.945310555,dynamic_arc_transition,0.786862698,0.497505852
74.410577315,-7.974530614,6.913119080,-2.745417843,0.371759367,2.902092193,-1.800000000,2.902092193,dynamic_arc_transition,0.793882564,0.504525718
74.480775973,-8.038951027,6.885166694,-2.718826379,0.385584103,2.858220413,-1.376769087,2.858220413,dynamic_arc_transition,0.800902429,0.511545584
74.550974631,-8.102594599,6.855480166,-2.691356115,0.394928405,2.824204179,-0.943646296,2.824204179,dynamic_arc_transition,0.807922295,0.518565450
74.621173288,-8.165393893,6.824038562,-2.663387192,0.401599061,2.800650610,-0.961582353,2.800650610,dynamic_arc_transition,0.814942161,0.525585315
74.691371946,-8.227281993,6.790837974,-2.634936466,0.408632378,2.776443815,-0.969494218,2.776443815,dynamic_arc_transition,0.821962027,0.532605181
74.761570604,-8.288191997,6.755874919,-2.605980382,0.415977450,2.751822282,-0.501713038,2.751822282,dynamic_arc_transition,0.828981892,0.539625047
74.831769262,-8.348057413,6.719147901,-2.576600944,0.419883177,2.738993740,-0.417437035,2.738993740,dynamic_arc_transition,0.836001758,0.546644913
74.901967920,-8.406814944,6.680670715,-2.546995700,0.423189172,2.728274119,-0.459603483,2.728274119,dynamic_arc_transition,0.843021624,0.553664778
74.972166578,-8.464402769,6.640464257,-2.517144286,0.426889856,2.716422753,-0.495842142,2.716422753,dynamic_arc_transition,0.841315203,0.560684644
75.042365235,-8.520759079,6.598549462,-2.487020019,0.430955600,2.703578678,-0.121172367,2.703578678,dynamic_arc_transition,0.834295337,0.567704510
75.112563893,-8.575823195,6.554949514,-2.456709916,0.431960977,2.700430594,-0.141414230,2.700430594,dynamic_arc_transition,0.827275471,0.574724376
75.182762551,-8.629539932,6.509698504,-2.426330346,0.433140250,2.696751975,-0.187992518,2.696751975,dynamic_arc_transition,0.820255605,0.581744242
75.252961209,-8.681855768,6.462833822,-2.395853557,0.434717952,2.691853928,-0.217976362,2.691853928,dynamic_arc_transition,0.813235740,0.588764107
75.323159867,-8.732717179,6.414392858,-2.365252051,0.436561740,2.686163486,-0.029652720,2.686163486,dynamic_arc_transition,0.806215874,0.595783973
75.393358525,-8.782071531,6.364415027,-2.334580707,0.436813771,2.685388447,-0.084282813,2.685388447,dynamic_arc_transition,0.799196008,0.602803839
75.463557182,-8.829869198,6.312946587,-2.303875327,0.437531719,2.683184308,-0.137709496,2.683184308,dynamic_arc_transition,0.792176142,0.609823705
75.533755840,-8.876061192,6.260035247,-2.273104262,0.438709865,2.679579069,0.095422092,2.679579069,dynamic_arc_transition,0.785156277,0.616843570
75.603954498,-8.920598565,6.205728742,-2.242249543,0.437892827,2.682077738,1.669180981,2.682077738,dynamic_arc_transition,0.778136411,0.623863436
75.674153156,-8.963449532,6.150084979,-2.211981182,0.424077390,2.725415477,1.741191157,2.725415477,dynamic_arc_transition,0.771116545,0.630883302
75.744351814,-9.004625762,6.093187641,-2.182672168,0.410565314,2.769900375,1.801729797,2.769900375,dynamic_arc_transition,0.764096679,0.637903168
75.814550472,-9.044145703,6.035124426,-2.154297413,0.397460988,2.815192021,1.864177235,2.815192021,dynamic_arc_transition,0.757076813,0.644923034
75.884749130,-9.082027836,5.975982990,-2.126828141,0.384754836,2.861298935,1.996612376,2.861298935,dynamic_arc_transition,0.750056948,0.651942899
75.954947787,-9.118294826,5.915845295,-2.100255132,0.372017192,2.909871236,2.000000000,2.909871236,dynamic_arc_transition,0.743037082,0.658962765
76.025146445,-9.152977602,5.854782078,-2.074572053,0.359443617,2.957726364,2.000000000,2.957726364,dynamic_arc_transition,0.736017216,0.665982631
76.095345103,-9.186108057,5.792862762,-2.049763913,0.347111639,3.004819441,2.000000000,3.004819441,dynamic_arc_transition,0.728997350,0.673002497
76.165543761,-9.217718130,5.730156682,-2.025812349,0.335082528,3.051185754,2.000000000,3.051185754,dynamic_arc_transition,0.721977484,0.680022363
76.235742419,-9.247842359,5.666727776,-2.002700213,0.323205008,3.096857946,2.000000000,3.096857946,dynamic_arc_transition,0.714957619,0.687042228
76.305941077,-9.276519363,5.602631539,-1.980418457,0.311442589,3.141866288,2.000000000,3.141866288,dynamic_arc_transition,0.707937753,0.694062094
76.376139734,-9.303788112,5.537922728,-1.958956795,0.299849051,3.186238911,2.000000000,3.186238911,dynamic_arc_transition,0.700917887,0.701081960
76.446338392,-9.329687577,5.472655939,-1.938296624,0.288872550,3.230002017,2.000000000,3.230002017,dynamic_arc_transition,0.693898021,0.708101826
76.516537050,-9.354256708,5.406880028,-1.918375288,0.278569082,3.273180053,2.000000000,3.273180053,dynamic_arc_transition,0.686878156,0.715121691
76.586735708,-9.377534424,5.340636697,-1.899174850,0.268350166,3.315795876,2.000000000,3.315795876,dynamic_arc_transition,0.679858290,0.722141557
76.656934366,-9.399559647,5.273967203,-1.880688165,0.258249591,3.357870892,2.000000000,3.357870892,dynamic_arc_transition,0.672838424,0.729161423
76.727133024,-9.420371563,5.206912592,-1.862923176,0.247351270,3.399425181,2.000000000,3.399425181,dynamic_arc_transition,0.665818558,0.736181289
76.797331682,-9.440015339,5.139509249,-1.845970849,0.235565717,3.440477611,2.000000000,3.440477611,dynamic_arc_transition,0.658798692,0.743201155
76.867530339,-9.458542051,5.071788957,-1.829844883,0.223808325,3.481045937,2.000000000,3.481045937,dynamic_arc_transition,0.651778827,0.750221020
76.937728997,-9.476003023,5.003783305,-1.814541956,0.212108620,3.521146894,2.000000000,3.521146894,dynamic_arc_transition,0.644758961,0.757240886
77.007927655,-9.492446005,4.935523009,-1.799794186,0.213048982,3.560796271,2.000000000,3.560796271,dynamic_arc_transition,0.637739095,0.764260752
77.078126313,-9.507864629,4.867025627,-1.784502844,0.222539083,3.600008988,2.000000000,3.600008988,dynamic_arc_transition,0.630719229,0.771280618
77.148324971,-9.522210560,4.798298508,-1.768543619,0.232088515,3.638799163,-1.472909781,3.638799163,dynamic_arc_transition,0.623699363,0.778300484
77.218523629,-9.535434369,4.729348735,-1.751912969,0.241674380,3.610272395,-0.478581065,3.610272395,dynamic_arc_transition,0.616679498,0.785320349
77.288722286,-9.547489804,4.660184232,-1.734811131,0.242926683,3.600954772,0.927441127,3.600954772,dynamic_arc_transition,0.609659632,0.792340215
77.358920944,-9.558364520,4.590821888,-1.717840372,0.240511524,3.618989571,0.914221945,3.618989571,dynamic_arc_transition,0.602639766,0.799360081
77.429119602,-9.568066660,4.521284010,-1.701035945,0.238177334,3.636679780,0.897432355,3.636679780,dynamic_arc_transition,0.595619900,0.806379947
77.499318260,-9.576604654,4.451592979,-1.684392254,0.235929662,3.653961811,0.314676922,3.653961811,dynamic_arc_transition,0.588600035,0.813399812
77.569516918,-9.583986257,4.381770881,-1.667865321,0.235151548,3.660002283,0.138084127,3.660002283,dynamic_arc_transition,0.581580169,0.817420966
77.639715576,-9.590213988,4.311837485,-1.651367374,0.234811719,3.662649772,0.114993264,3.662649772,dynamic_arc_transition,0.574560303,0.810401100
77.709914234,-9.595287920,4.241811481,-1.634891402,0.234529467,3.664853080,0.091442672,3.664853080,dynamic_arc_transition,0.568618023,0.803381235
77.780112891,-9.599208109,4.171711553,-1.618433234,0.234305503,3.666604206,0.031741613,3.666604206,dynamic_arc_transition,0.565298374,0.796361369
77.850311549,-9.601974557,4.101556425,-1.601986005,0.234227861,3.667211862,0.000677926,3.667211862,dynamic_arc_transition,0.564780803,0.789341503
77.920510207,-9.603586942,4.031365063,-1.585541144,0.234226203,3.667224839,-0.025585562,3.667224839,dynamic_arc_transition,0.564368468,0.782321637
77.990708865,-9.604044826,3.961156518,-1.569094107,0.234288783,3.666735043,-0.051743695,3.666735043,dynamic_arc_transition,0.557348602,0.775301772
78.060907523,-9.603347767,3.890949843,-1.552640402,0.234415444,3.665744290,-0.263144928,3.665744290,dynamic_arc_transition,0.550328736,0.768281906
78.131106181,-9.601494977,3.820764127,-1.536160001,0.235061710,3.660701621,-0.293110592,3.660701621,dynamic_arc_transition,0.543308870,0.761262040
78.201304838,-9.598484129,3.750618634,-1.519631068,0.235785778,3.655076527,-0.316695720,3.655076527,dynamic_arc_transition,0.536289005,0.754242174
78.271503496,-9.594312488,3.680532673,-1.503049083,0.236573138,3.648989064,-0.346769839,3.648989064,dynamic_arc_transition,0.529269139,0.747222308
78.341702154,-9.588977313,3.610525553,-1.486409576,0.237441321,3.642311853,-0.478174032,3.642311853,dynamic_arc_transition,0.525076856,0.740202443
78.411900812,-9.582475594,3.540616819,-1.469696551,0.238648996,3.633084266,-0.500759560,3.633084266,dynamic_arc_transition,0.529188651,0.733182577
78.482099470,-9.574803427,3.470826785,-1.452896232,0.239926953,3.623395643,-0.521302542,3.623395643,dynamic_arc_transition,0.536208517,0.726162711
78.552298128,-9.565956728,3.401175923,-1.436003819,0.241271958,3.613281958,-0.554473780,3.613281958,dynamic_arc_transition,0.543228383,0.719142845
78.622496785,-9.555931410,3.331684708,-1.419014448,0.242719197,3.602493564,-0.650916833,3.602493564,dynamic_arc_transition,0.550248248,0.712122980
78.692695443,-9.544723143,3.262374046,-1.401912701,0.244440475,3.589787306,-0.670069510,3.589787306,dynamic_arc_transition,0.557268114,0.705103114
78.762894101,-9.532326997,3.193265925,-1.384687383,0.246238089,3.576660026,-0.686445050,3.576660026,dynamic_arc_transition,0.564287980,0.698083248
78.833092759,-9.518737945,3.124382502,-1.367333322,0.248107259,3.563161784,-0.711567548,3.563161784,dynamic_arc_transition,0.571307846,0.691063382
78.903291417,-9.503950963,3.055745935,-1.349845293,0.250075028,3.549115344,-0.761723912,3.549115344,dynamic_arc_transition,0.578327711,0.684043516
78.973490075,-9.487960977,2.987379069,-1.332212164,0.252216387,3.534016940,-0.778160599,3.534016940,dynamic_arc_transition,0.585347577,0.677023651
79.043688733,-9.470762827,2.919306059,-1.314425676,0.254442155,3.518525838,-0.791253263,3.518525838,dynamic_arc_transition,0.592367443,0.670003785
79.113887390,-9.452351338,2.851551206,-1.296480140,0.256746017,3.502703847,-0.799004017,3.502703847,dynamic_arc_transition,0.599387309,0.662983919
79.184086048,-9.432721345,2.784138828,-1.278370264,0.259115174,3.486654015,-0.810122748,3.486654015,dynamic_arc_transition,0.606407175,0.655964053
79.254284706,-9.411867994,2.717094154,-1.260091443,0.261562361,3.470305053,-0.825373145,3.470305053,dynamic_arc_transition,0.613427040,0.648944187
79.324483364,-9.389786897,2.650443757,-1.241637445,0.264103615,3.453568732,-0.836863287,3.453568732,dynamic_arc_transition,0.620446906,0.641924322
79.394682022,-9.366473704,2.584214323,-1.223001948,0.266731165,3.436516205,-0.815490863,3.436516205,dynamic_arc_transition,0.627466772,0.634904456
79.464880680,-9.341924093,2.518432570,-1.204180504,0.269342399,3.419817378,-0.794548749,3.419817378,dynamic_arc_transition,0.634486638,0.627884590
79.535079337,-9.316134645,2.453126238,-1.185178176,0.271936223,3.403468582,-0.810820628,3.403468582,dynamic_arc_transition,0.641506503,0.620864724
79.605277995,-9.289102985,2.388324248,-1.165989984,0.274635182,3.386703611,-0.823089819,3.386703611,dynamic_arc_transition,0.648526369,0.613844859
79.675476653,-9.260826794,2.324055590,-1.146608857,0.277430335,3.369599642,-0.760253150,3.369599642,dynamic_arc_transition,0.655546235,0.606824993
79.745675311,-9.231303847,2.260349299,-1.127032917,0.280063126,3.353723937,-0.717954131,3.353723937,dynamic_arc_transition,0.662566101,0.599805127
79.815873969,-9.200533623,2.197235300,-1.107279686,0.282595726,3.338662219,-0.737465099,3.338662219,dynamic_arc_transition,0.669585967,0.592785261
79.886072627,-9.168517159,2.134744323,-1.087344474,0.285245286,3.323120114,-0.752972902,3.323120114,dynamic_arc_transition,0.676605832,0.585765395
79.956271285,-9.135255546,2.072907131,-1.067219389,0.288002319,3.307175822,-0.636173387,3.307175822,dynamic_arc_transition,0.683625698,0.578745530
80.026469942,-9.100750076,2.011754513,-1.046907808,0.290373566,3.293644620,-0.585388952,3.293644620,dynamic_arc_transition,0.690645564,0.571725664
80.096668600,-9.065004707,1.951317635,-1.026441407,0.292590281,3.281144289,-0.609749424,3.281144289,dynamic_arc_transition,0.697665430,0.564705798
80.166867258,-9.028025283,1.891627933,-1.005814804,0.294935517,3.268072928,-0.630461415,3.268072928,dynamic_arc_transition,0.704685296,0.557685932
80.237065916,-8.989817688,1.832716844,-0.985019270,0.297400280,3.254502354,-0.448808544,3.254502354,dynamic_arc_transition,0.711705161,0.550666066
80.307264574,-8.950388185,1.774615745,-0.964066900,0.299180131,3.244807245,-0.403370057,3.244807245,dynamic_arc_transition,0.718725027,0.543646201
80.377463232,-8.909746603,1.717355410,-0.943002883,0.300798061,3.236068909,-0.432982902,3.236068909,dynamic_arc_transition,0.725744893,0.536626335
80.447661889,-8.867904732,1.660966280,-0.921820373,0.302554356,3.226662726,-0.459775008,3.226662726,dynamic_arc_transition,0.732764759,0.529606469
80.517860547,-8.824874384,1.605478794,-0.900509890,0.304441919,3.216644396,-0.206035049,3.216644396,dynamic_arc_transition,0.739784624,0.522586603
80.588059205,-8.780667968,1.550923105,-0.879095765,0.305295440,3.212144829,-0.178724793,3.212144829,dynamic_arc_transition,0.746804490,0.515566738
80.658257863,-8.735302027,1.497327371,-0.857632836,0.306039711,3.208236575,-0.212361496,3.208236575,dynamic_arc_transition,0.753824356,0.508546872
80.728456521,-8.688794856,1.444718909,-0.836112547,0.306928788,3.203586574,-0.244533037,3.203586574,dynamic_arc_transition,0.760844222,0.501527006
80.798655179,-8.641164759,1.393125031,-0.814524876,0.307958975,3.198223750,0.082647609,3.198223750,dynamic_arc_transition,0.767864088,0.494507140
80.868853836,-8.592430828,1.342572368,-0.792908705,0.307610018,3.200037290,0.082326103,3.200037290,dynamic_arc_transition,0.774883953,0.487487274
80.939052494,-8.542616253,1.293084014,-0.771321507,0.307263204,3.201842754,0.047680938,3.201842754,dynamic_arc_transition,0.781903819,0.480467409
81.009251152,-8.491745549,1.244681920,-0.749753528,0.307062697,3.202887962,0.016309305,3.202887962,dynamic_arc_transition,0.788923685,0.473447543
81.079449810,-8.439843228,1.197388039,-0.728194535,0.306994173,3.203245398,0.403750916,3.203245398,dynamic_arc_transition,0.795943551,0.478795239
81.149648468,-8.386934660,1.151223084,-0.706697699,0.305307506,3.212081354,0.375253988,3.212081354,dynamic_arc_transition,0.802963417,0.485815105
81.219847126,-8.333048556,1.106202941,-0.685314570,0.303756417,3.220271926,0.344246414,3.220271926,dynamic_arc_transition,0.809983282,0.492834970
81.290045784,-8.278214436,1.062342318,-0.664035392,0.302347293,3.227767425,0.354956487,3.227767425,dynamic_arc_transition,0.817003148,0.499854836
81.360244441,-8.222461825,1.019655924,-0.642850769,0.300907954,3.235477938,0.715321054,3.235477938,dynamic_arc_transition,0.824023014,0.506874702
81.430443099,-8.165820931,0.978156609,-0.621822683,0.298048587,3.250960880,0.697999429,3.250960880,dynamic_arc_transition,0.831042880,0.513894568
81.500641757,-8.108323978,0.937851749,-0.600991201,0.295310362,3.265998146,0.676512895,3.265998146,dynamic_arc_transition,0.838062745,0.520914434
81.570840415,-8.050003562,0.898747716,-0.580347398,0.292704018,3.280506742,0.731865512,3.280506742,dynamic_arc_transition,0.845082611,0.527934299
81.641039073,-7.990892278,0.860850873,-0.559883962,0.289935739,3.296130525,1.052163051,3.296130525,dynamic_arc_transition,0.852102477,0.534954165
81.711237731,-7.931022952,0.824165215,-0.539662830,0.286046455,3.318463094,1.051995565,3.318463094,dynamic_arc_transition,0.859122343,0.541974031
81.781436388,-7.870428924,0.788689414,-0.519711256,0.282260729,3.340642851,1.046704805,3.340642851,dynamic_arc_transition,0.866142209,0.548993897
81.851635046,-7.809143602,0.754421415,-0.500021437,0.278592200,3.362565866,1.144423847,3.362565866,dynamic_arc_transition,0.873162074,0.556013762
81.921833704,-7.747200392,0.721359133,-0.480588673,0.274688783,3.386373169,1.420091263,3.386373169,dynamic_arc_transition,0.880181940,0.563033628
81.992032362,-7.684632256,0.689497879,-0.461466817,0.269994595,3.415684447,1.443253227,3.415684447,dynamic_arc_transition,0.887201806,0.570053494
82.062231020,-7.621471388,0.658828453,-0.442671681,0.265385423,3.445218298,1.461374581,3.445218298,dynamic_arc_transition,0.894221672,0.577073360
82.132429678,-7.557749903,0.629341203,-0.424196733,0.260875999,3.474867219,1.595721823,3.474867219,dynamic_arc_transition,0.901241538,0.584093226
82.202628336,-7.493499893,0.601026418,-0.406039565,0.256123855,3.506955553,1.831111033,3.506955553,dynamic_arc_transition,0.908261403,0.591113091
82.272826993,-7.428752271,0.573871894,-0.388240997,0.250879665,3.543419298,1.884275173,3.543419298,dynamic_arc_transition,0.915281269,0.598132957
82.343025651,-7.363536363,0.547862058,-0.370808365,0.245702785,3.580554077,1.933785518,3.580554077,dynamic_arc_transition,0.922301135,0.605152823
82.413224309,-7.297881387,0.522981098,-0.353736418,0.240607416,3.618268342,2.000000000,3.618268342,dynamic_arc_transition,0.929321001,0.612172689
82.483422967,-7.231816487,0.499213123,-0.337024143,0.235313212,3.656864836,2.000000000,3.656864836,dynamic_arc_transition,0.936340866,0.619192555
82.553621625,-7.165369001,0.476540139,-0.320698128,0.229756725,3.695058194,2.000000000,3.695058194,dynamic_arc_transition,0.943360732,0.626212420
82.623820283,-7.098564365,0.454941937,-0.304760496,0.224251811,3.732860792,2.000000000,3.732860792,dynamic_arc_transition,0.950380598,0.633232286
82.694018940,-7.031427925,0.434398205,-0.289207180,0.218811038,3.770284382,2.000000000,3.770284382,dynamic_arc_transition,0.957400464,0.640252152
82.764217598,-6.963984890,0.414888534,-0.274037560,0.213242049,3.807340141,2.000000000,3.807340141,dynamic_arc_transition,0.964420330,0.647272018
82.834416256,-6.896258251,0.396390966,-0.259265903,0.207561028,3.844038707,2.000000000,3.844038707,dynamic_arc_transition,0.968140010,0.654291883
82.904614914,-6.828269158,0.378882259,-0.244891807,0.201918297,3.880390214,2.000000000,3.880390214,dynamic_arc_transition,0.961120144,0.661311749
82.974813572,-6.760038712,0.362339135,-0.230912233,0.196324269,3.916404326,2.000000000,3.916404326,dynamic_arc_transition,0.954100279,0.668331615
83.045012230,-6.691587804,0.346738228,-0.217326171,0.190676465,3.952090267,2.000000000,3.952090267,dynamic_arc_transition,0.947080413,0.675351481
83.115210888,-6.622934926,0.332055185,-0.204138962,0.184999269,3.987456848,0.713602607,3.987456848,dynamic_arc_transition,0.940060547,0.682371347
83.185409545,-6.554097025,0.318265011,-0.191349396,0.179349631,4.000000000,0.000000000,4.000000000,dynamic_arc_transition,0.933040681,0.689391212
83.255608203,-6.485091021,0.305342704,-0.178955277,0.173735732,4.000000000,0.000000000,4.000000000,dynamic_arc_transition,0.926020816,0.696411078
83.325806861,-6.415933555,0.293263190,-0.166955275,0.168113414,4.000000000,0.000000000,4.000000000,dynamic_arc_transition,0.919000950,0.703430944
83.396005519,-6.346638903,0.282000814,-0.155350426,0.162491359,4.000000000,0.000000000,4.000000000,dynamic_arc_transition,0.911981084,0.710450810
83.466204177,-6.277220158,0.271529628,-0.144139624,0.156888364,4.000000000,0.000000000,4.000000000,dynamic_arc_transition,0.904961218,0.717470676
83.536402835,-6.207690408,0.261823683,-0.133321346,0.151310595,4.000000000,0.000000000,4.000000000,dynamic_arc_transition,0.897941352,0.724490541
83.606601492,-6.138062388,0.252856996,-0.122893325,0.145774009,4.000000000,0.000000000,4.000000000,dynamic_arc_transition,0.890921487,0.731510407
83.676800150,-6.068346658,0.244603376,-0.112853573,0.140248709,4.000000000,0.000000000,4.000000000,dynamic_arc_transition,0.883901621,0.738530273
83.746998808,-5.998552942,0.237036551,-0.103201284,0.134736153,4.000000000,0.000000000,4.000000000,dynamic_arc_transition,0.876881755,0.745550139
83.817197466,-5.928690961,0.230130250,-0.093935440,0.129240760,4.000000000,0.000000000,4.000000000,dynamic_arc_transition,0.869861889,0.752570004
83.887396124,-5.858770032,0.223858060,-0.085059556,0.123619660,4.000000000,0.000000000,4.000000000,dynamic_arc_transition,0.862842023,0.759589870
83.957594782,-5.788797572,0.218192919,-0.076578726,0.117994816,4.000000000,0.000000000,4.000000000,dynamic_arc_transition,0.855822158,0.766609736
84.027793439,-5.718780442,0.213107571,-0.068492505,0.112377667,4.000000000,0.000000000,4.000000000,dynamic_arc_transition,0.848802292,0.773629602
84.097992097,-5.648725504,0.208574760,-0.060800251,0.106784293,4.000000000,0.000000000,4.000000000,dynamic_arc_transition,0.841782426,0.780649468
84.168190755,-5.578639173,0.204567496,-0.053489449,0.101497979,4.000000000,0.000000000,4.000000000,dynamic_arc_transition,0.834762560,0.787669333
84.238389413,-5.508526277,0.201059724,-0.046549709,0.096213966,4.000000000,0.000000000,4.000000000,dynamic_arc_transition,0.827742695,0.794689199
84.308588071,-5.438391297,0.198025593,-0.039980759,0.090934681,4.000000000,0.000000000,4.000000000,dynamic_arc_transition,0.820722829,0.801709065
84.378786729,-5.368238712,0.195439250,-0.033783433,0.085406953,4.000000000,0.000000000,4.000000000,dynamic_arc_transition,0.813702963,0.808728931
84.448985387,-5.298072536,0.193272568,-0.028039341,0.078242814,4.000000000,0.000000000,4.000000000,dynamic_arc_transition,0.807461938,0.815748797
84.519184044,-5.227895537,0.191491315,-0.022798192,0.071078528,4.000000000,0.000000000,4.000000000,dynamic_arc_transition,0.806600124,0.822768662
84.589382702,-5.157710274,0.190060239,-0.018059901,0.063916118,4.000000000,0.000000000,4.000000000,dynamic_arc_transition,0.808466710,0.829788528
84.659581360,-5.087519304,0.188944129,-0.013817583,0.057597156,4.000000000,0.000000000,4.000000000,dynamic_arc_transition,0.810416855,0.836808394
84.729780018,-5.017324735,0.188113228,-0.009896156,0.054125169,4.000000000,0.000000000,4.000000000,dynamic_arc_transition,0.810715065,0.843828260
84.799978676,-4.947127745,0.187549043,-0.006218464,0.050653532,4.000000000,0.000000000,4.000000000,dynamic_arc_transition,0.809502505,0.850848125
84.870177334,-4.876929397,0.187234470,-0.002784463,0.047182677,4.000000000,0.000000000,4.000000000,dynamic_arc_transition,0.807152232,0.857867991
84.940375991,-4.806730749,0.187152186,0.000376178,0.041076287,4.000000000,0.000000000,4.000000000,round_arc_transition,0.804047203,0.857998867
85.010574649,-4.736532409,0.187270211,0.002849808,0.029398921,4.000000000,0.000000000,4.000000000,round_arc_transition,0.801219558,0.850979001
85.080773307,-4.666334265,0.187533109,0.004503693,0.017721265,4.000000000,0.000000000,4.000000000,round_arc_transition,0.800740701,0.843959135
85.150971965,-4.596136142,0.187883335,0.005337836,0.006043876,4.000000000,0.000000000,4.000000000,round_arc_transition,0.804775416,0.836939270
85.221170623,-4.525937879,0.188265152,0.005538292,0.007154066,4.000000000,0.000000000,4.000000000,round_arc_transition,0.811795282,0.829919404
85.291369281,-4.455739863,0.188687307,0.006713447,0.026326607,4.000000000,0.000000000,4.000000000,round_arc_transition,0.818815148,0.823380237
85.361567939,-4.385543164,0.189239192,0.009234517,0.045500027,4.000000000,0.000000000,4.000000000,round_arc_transition,0.825835013,0.816360372
85.431766596,-4.315348895,0.190015282,0.013101522,0.064672859,4.000000000,0.000000000,4.000000000,round_arc_transition,0.832854879,0.809340506
85.501965254,-4.245158094,0.191102679,0.017693874,0.049027713,4.000000000,0.000000000,4.000000000,round_arc_transition,0.839514362,0.802320640
85.572163912,-4.174970140,0.192424957,0.019402008,-0.000362430,4.000000000,0.000000000,4.000000000,round_arc_transition,0.832494496,0.795300774
85.642362570,-4.104782786,0.193745437,0.017642957,-0.049754840,4.000000000,0.000000000,4.000000000,round_arc_transition,0.825474631,0.788280908
85.712561228,-4.034593717,0.194820724,0.012416375,-0.099157985,4.000000000,0.000000000,4.000000000,round_arc_transition,0.818454765,0.781261043
85.782759886,-3.964400753,0.195422751,0.004811986,-0.096885645,4.000000000,0.000000000,4.000000000,round_arc_transition,0.811434899,0.774241177
85.852958543,-3.894203704,0.195551873,-0.000705146,-0.060304665,4.000000000,0.000000000,4.000000000,round_arc_transition,0.810480532,0.772344925
85.923157201,-3.824003913,0.195383821,-0.003654763,-0.023731825,4.000000000,0.000000000,4.000000000,round_arc_transition,0.812863998,0.774558476
85.993355859,-3.753802761,0.195098808,-0.004037255,0.012834384,4.000000000,0.000000000,4.000000000,round_arc_transition,0.815027104,0.777857952
86.063554517,-3.683601595,0.194870563,-0.002251860,0.033024495,4.000000000,0.000000000,4.000000000,straight_acceleration,0.813828555,0.779464696
86.133753175,-3.613401392,0.194804518,0.000522114,0.046006244,4.000000000,0.000000000,4.000000000,straight_acceleration,0.810517859,0.779182719
86.203951833,-3.543202905,0.194965188,0.004207399,0.058989773,4.000000000,0.000000000,4.000000000,straight_acceleration,0.808974958,0.778363256
86.274150490,-3.473006889,0.195416539,0.008804038,0.071972860,4.000000000,0.000000000,4.000000000,straight_acceleration,0.813115381,0.774821222
86.344349148,-3.402813977,0.196209408,0.013599745,0.059188685,4.000000000,0.000000000,4.000000000,straight_acceleration,0.820135247,0.767801356
86.414547806,-3.332623907,0.197293674,0.017062075,0.039455772,4.000000000,0.000000000,4.000000000,straight_acceleration,0.827155113,0.760781491
86.484746464,-3.262435998,0.198572366,0.019139308,0.019725488,4.000000000,0.000000000,4.000000000,straight_acceleration,0.834174978,0.753761625
86.554945122,-3.192249567,0.199948256,0.019831558,-0.000003191,4.000000000,0.000000000,4.000000000,straight_acceleration,0.841194844,0.746741759
86.625143780,-3.122063941,0.201333661,0.019601944,-0.004753768,4.000000000,0.000000000,4.000000000,straight_acceleration,0.846339687,0.739721893
86.695342438,-3.051878498,0.202695655,0.019172614,-0.007478081,4.000000000,0.000000000,4.000000000,straight_acceleration,0.839319821,0.732702027
86.765541095,-2.981692632,0.204020800,0.018552047,-0.010202294,4.000000000,0.000000000,4.000000000,straight_acceleration,0.832299956,0.725682162
86.835739753,-2.911505739,0.205295680,0.017740250,-0.012926264,4.000000000,0.000000000,4.000000000,straight_acceleration,0.825280090,0.718662296
86.905938411,-2.841317264,0.206501533,0.016502699,-0.022509999,4.000000000,0.000000000,4.000000000,straight_acceleration,0.822898439,0.723044869
86.976137069,-2.771126865,0.207596476,0.014579720,-0.032276639,4.000000000,0.000000000,4.000000000,straight_acceleration,0.820627165,0.730064735
87.046335727,-2.700934259,0.208532379,0.011971123,-0.042043571,4.000000000,0.000000000,4.000000000,straight_acceleration,0.813607299,0.737084600
87.116534385,-2.630739161,0.209261112,0.008678045,-0.051328017,4.000000000,0.000000000,4.000000000,straight_acceleration,0.806587433,0.744104466
87.186733042,-2.560541588,0.209741688,0.004983305,-0.053936612,4.000000000,0.000000000,4.000000000,straight_acceleration,0.799567567,0.751124332
87.256931700,-2.490342539,0.209956470,0.001105380,-0.056546736,4.000000000,0.000000000,4.000000000,straight_acceleration,0.792547702,0.758144198
87.327130358,-2.420143213,0.209892593,-0.002955819,-0.059158097,4.000000000,0.000000000,4.000000000,straight_acceleration,0.785527836,0.765164064
87.397329016,-2.349944811,0.209537203,-0.007196554,-0.061094684,4.000000000,0.000000000,4.000000000,straight_acceleration,0.778507970,0.763207558
87.467527674,-2.279748522,0.208882792,-0.011429430,-0.059501270,4.000000000,0.000000000,4.000000000,straight_acceleration,0.772120784,0.761875172
87.537726332,-2.209555511,0.207935180,-0.015550491,-0.057908991,4.000000000,0.000000000,4.000000000,straight_acceleration,0.770647689,0.762610494
87.607924990,-2.139366940,0.206702229,-0.019559820,-0.056318074,4.000000000,0.000000000,4.000000000,straight_acceleration,0.770133770,0.765335955
87.678123647,-2.069183969,0.205191855,-0.023448419,-0.053708294,4.000000000,0.000000000,4.000000000,straight_acceleration,0.763113904,0.768990809
87.748322305,-1.999007355,0.203418259,-0.027021854,-0.048100313,4.000000000,0.000000000,4.000000000,straight_acceleration,0.756094039,0.761970943
87.818520963,-1.928837091,0.201407714,-0.030201617,-0.042492466,4.000000000,0.000000000,4.000000000,straight_acceleration,0.749074173,0.754951078
87.888719621,-1.858673080,0.199187863,-0.032987737,-0.036885278,4.000000000,0.000000000,4.000000000,straight_acceleration,0.742054307,0.747931212
87.958918279,-1.788515219,0.196786435,-0.035369643,-0.030407516,4.000000000,0.000000000,4.000000000,straight_acceleration,0.735034441,0.740911346
88.029116937,-1.718362874,0.194235838,-0.037219327,-0.022290946,4.000000000,0.000000000,4.000000000,straight_acceleration,0.728014575,0.733891480
88.099315594,-1.648214631,0.191575471,-0.038499230,-0.014174186,4.000000000,0.000000000,4.000000000,straight_acceleration,0.720994710,0.726871614
88.169514252,-1.578069007,0.188845304,-0.039209347,-0.006057455,4.000000000,0.000000000,4.000000000,straight_acceleration,0.713974844,0.719851749
88.239712910,-1.507924522,0.186085290,-0.039351573,0.001936882,4.000000000,0.000000000,4.000000000,straight_acceleration,0.709841463,0.712831883
88.309911568,-1.437779699,0.183334774,-0.038940467,0.009775776,4.000000000,0.000000000,4.000000000,straight_acceleration,0.716552325,0.705812017
88.380110226,-1.367633069,0.180632398,-0.037979079,0.017614702,4.000000000,0.000000000,4.000000000,straight_acceleration,0.723572191,0.698792151
88.450308884,-1.297483162,0.178016763,-0.036467412,0.025453534,4.000000000,0.000000000,4.000000000,straight_acceleration,0.730592057,0.691772285
88.520507542,-1.227328540,0.175526080,-0.034436736,0.031623134,4.000000000,0.000000000,4.000000000,straight_acceleration,0.737611922,0.684752420
88.590706199,-1.157168409,0.173190875,-0.032051452,0.036334742,4.000000000,0.000000000,4.000000000,straight_acceleration,0.744631788,0.677732554
88.660904857,-1.087002563,0.171034632,-0.029335401,0.041046793,4.000000000,0.000000000,4.000000000,straight_acceleration,0.744665736,0.670712688
88.731103515,-1.016830817,0.169080577,-0.026288562,0.045758978,4.000000000,0.000000000,4.000000000,straight_acceleration,0.740955303,0.663692822
88.801302173,-0.946653026,0.167351387,-0.022948432,0.048766861,4.000000000,0.000000000,4.000000000,straight_acceleration,0.735871998,0.656672957
88.871500831,-0.876469588,0.165862335,-0.019455029,0.050761499,4.000000000,0.000000000,4.000000000,straight_acceleration,0.728852133,0.649653091
88.941699489,-0.806281291,0.164623384,-0.015821571,0.052757056,4.000000000,0.000000000,4.000000000,straight_acceleration,0.721832267,0.642633225
89.011898146,-0.736088930,0.163644386,-0.012048002,0.054753304,4.000000000,0.000000000,4.000000000,straight_acceleration,0.714812401,0.635613359
89.082096804,-0.665893317,0.162934387,-0.008181800,0.054870193,4.000000000,0.000000000,4.000000000,straight_acceleration,0.707792535,0.628593493
89.152295462,-0.595695433,0.162494728,-0.004351460,0.054257542,4.000000000,0.000000000,4.000000000,straight_acceleration,0.700772670,0.621573628
89.222494120,-0.525496350,0.162322446,-0.000564093,0.053645812,4.000000000,0.000000000,4.000000000,straight_acceleration,0.693752804,0.614553762
89.292692778,-0.455297143,0.162414527,0.003180363,0.053035077,4.000000000,0.000000000,4.000000000,straight_acceleration,0.686732938,0.608467870
89.362891436,-0.385098835,0.162767221,0.006843180,0.051066249,4.000000000,0.000000000,4.000000000,straight_acceleration,0.680669891,0.614300447
89.433090093,-0.314902241,0.163371552,0.010347956,0.048786124,4.000000000,0.000000000,4.000000000,straight_acceleration,0.679894517,0.621320313
89.503288751,-0.244708143,0.164216285,0.013692694,0.046506777,4.000000000,0.000000000,4.000000000,straight_acceleration,0.682078701,0.628340178
89.573487409,-0.174517324,0.165290176,0.016877450,0.044228399,4.000000000,0.000000000,4.000000000,straight_acceleration,0.684887824,0.635360044
89.643686067,-0.104330390,0.166578268,0.019727141,0.036447502,4.000000000,0.000000000,4.000000000,straight_acceleration,0.686417582,0.642379910
89.713884725,-0.034147000,0.168045930,0.021992727,0.028100257,4.000000000,0.000000000,4.000000000,straight_acceleration,0.687043785,0.649399776
89.784083383,0.036033494,0.169652036,0.023672353,0.019753143,4.000000000,0.000000000,4.000000000,straight_acceleration,0.687894586,0.653969337
