s_m,x_m,y_m,psi_rad,kappa_radpm,vx_mps,ax_mps2,speed_limit_mps,speed_zone,w_tr_right_m,w_tr_left_m
0.000000000,0.106211745,0.171355458,0.024766031,0.011406290,4.000000000,0.000000000,4.000000000,straight_acceleration,0.692500000,0.657500000
0.070198658,0.176388464,0.173115510,0.025292665,0.003597747,4.000000000,0.000000000,4.000000000,straight_acceleration,0.696626466,0.664699040
0.140397316,0.246564613,0.174893283,0.025271145,-0.004210878,4.000000000,0.000000000,4.000000000,straight_acceleration,0.701007036,0.676772349
0.210595974,0.316741214,0.176650309,0.024701469,-0.012019525,4.000000000,0.000000000,4.000000000,straight_acceleration,0.703413974,0.689473335
0.280794631,0.386919288,0.178348128,0.023585433,-0.019279943,4.000000000,0.000000000,4.000000000,straight_acceleration,0.701620080,0.698556353
0.350993289,0.457099632,0.179954566,0.022164277,-0.021209564,4.000000000,0.000000000,4.000000000,straight_acceleration,0.694260006,0.701295599
0.421191947,0.527282349,0.181456513,0.020607659,-0.023139320,4.000000000,0.000000000,4.000000000,straight_acceleration,0.682580529,0.699571652
0.491390605,0.597467413,0.182844456,0.018915570,-0.025069184,4.000000000,0.000000000,4.000000000,straight_acceleration,0.668321430,0.696134480
0.561589263,0.667654798,0.184108899,0.017091470,-0.026469893,4.000000000,0.000000000,4.000000000,straight_acceleration,0.653221544,0.693728600
0.631787921,0.737844403,0.185244175,0.015265153,-0.025562844,4.000000000,0.000000000,4.000000000,straight_acceleration,0.638780577,0.693717298
0.701986578,0.808035947,0.186253495,0.013502506,-0.024655893,4.000000000,0.000000000,4.000000000,straight_acceleration,0.625944127,0.694263291
0.772185236,0.878229126,0.187141325,0.011803521,-0.023749063,4.000000000,0.000000000,4.000000000,straight_acceleration,0.615579522,0.693077201
0.842383894,0.948423636,0.187912178,0.010175453,-0.022103574,4.000000000,0.000000000,4.000000000,straight_acceleration,0.608548661,0.687884661
0.912582552,1.018619198,0.188574922,0.008748245,-0.018558369,4.000000000,0.000000000,4.000000000,straight_acceleration,0.605216735,0.677785573
0.982781210,1.088815579,0.189146216,0.007569906,-0.015013150,4.000000000,0.000000000,4.000000000,straight_acceleration,0.605060154,0.664338871
1.052979868,1.159012549,0.189643530,0.006640436,-0.011467968,4.000000000,0.000000000,4.000000000,straight_acceleration,0.607463062,0.649358760
1.123178526,1.229209880,0.190084362,0.005963197,-0.007666130,4.000000000,0.000000000,4.000000000,straight_acceleration,0.611794406,0.634634949
1.193377183,1.299407395,0.190487556,0.005573598,-0.003433786,4.000000000,0.000000000,4.000000000,straight_acceleration,0.616728351,0.620837287
1.263575841,1.369604984,0.190873828,0.005481103,0.000798567,4.000000000,0.000000000,4.000000000,straight_acceleration,0.619971283,0.607075753
1.333774499,1.439802543,0.191264036,0.005685714,0.005030922,4.000000000,0.000000000,4.000000000,straight_acceleration,0.619157908,0.592344789
1.403973157,1.509999969,0.191678683,0.006155250,0.007299707,4.000000000,0.000000000,4.000000000,straight_acceleration,0.612024092,0.575717939
1.474171815,1.580197193,0.192128779,0.006668632,0.007326845,4.000000000,0.000000000,4.000000000,straight_acceleration,0.599037838,0.558405184
1.544370473,1.650394184,0.192614979,0.007183919,0.007353989,4.000000000,0.000000000,4.000000000,straight_acceleration,0.583645485,0.543945458
1.614569130,1.720590913,0.193137418,0.007701113,0.007381139,4.000000000,0.000000000,4.000000000,straight_acceleration,0.569443893,0.535995396
1.684767788,1.790787352,0.193695886,0.008194024,0.006075706,4.000000000,0.000000000,4.000000000,straight_acceleration,0.559911177,0.537956605
1.754966446,1.860983544,0.194284126,0.008537943,0.003722733,4.000000000,0.000000000,4.000000000,straight_acceleration,0.556432403,0.548735404
1.825165104,1.931179582,0.194890710,0.008716686,0.001369759,4.000000000,0.000000000,4.000000000,straight_acceleration,0.558602578,0.563393570
1.895363762,2.001375566,0.195504045,0.008730254,-0.000983213,4.000000000,0.000000000,4.000000000,straight_acceleration,0.565959030,0.576868995
1.965562420,2.071571589,0.196112905,0.008602940,-0.002274771,4.000000000,0.000000000,4.000000000,straight_acceleration,0.577929850,0.584453143
2.035761077,2.141767706,0.196710612,0.008417796,-0.003000096,4.000000000,0.000000000,4.000000000,straight_acceleration,0.592603809,0.585772615
2.105959735,2.211963945,0.197293536,0.008181735,-0.003725422,4.000000000,0.000000000,4.000000000,straight_acceleration,0.607171423,0.583361488
2.176158393,2.282160332,0.197858101,0.007894757,-0.004450748,4.000000000,0.000000000,4.000000000,straight_acceleration,0.618806627,0.579807521
2.246357051,2.352356892,0.198400973,0.007570543,-0.004652020,4.000000000,0.000000000,4.000000000,straight_acceleration,0.625024111,0.577473660
2.316555709,2.422553627,0.198920931,0.007243249,-0.004672772,4.000000000,0.000000000,4.000000000,straight_acceleration,0.626366721,0.576725060
2.386754367,2.492750532,0.199417863,0.006914498,-0.004693524,4.000000000,0.000000000,4.000000000,straight_acceleration,0.624963279,0.576880546
2.456953025,2.562947597,0.199891667,0.006584291,-0.004714277,4.000000000,0.000000000,4.000000000,straight_acceleration,0.622956540,0.577249753
2.527151682,2.633144816,0.200342198,0.006250534,-0.004806369,4.000000000,0.000000000,4.000000000,straight_acceleration,0.622203621,0.577233680
2.597350340,2.703342182,0.200769045,0.005909408,-0.004912505,4.000000000,0.000000000,4.000000000,straight_acceleration,0.622675757,0.576836562
2.667548998,2.773539689,0.201171684,0.005560832,-0.005018641,4.000000000,0.000000000,4.000000000,straight_acceleration,0.623579638,0.576307190
2.737747656,2.843737333,0.201549593,0.005204804,-0.005124778,4.000000000,0.000000000,4.000000000,straight_acceleration,0.624119769,0.575895049
2.807946314,2.913935106,0.201902666,0.004860620,-0.004638655,4.000000000,0.000000000,4.000000000,straight_acceleration,0.623734999,0.575785532
2.878144972,2.984132991,0.202232882,0.004553665,-0.004106677,4.000000000,0.000000000,4.000000000,straight_acceleration,0.623027790,0.575845761
2.948343629,3.054330969,0.202542860,0.004284054,-0.003574700,4.000000000,0.000000000,4.000000000,straight_acceleration,0.622961096,0.575844258
3.018542287,3.124529021,0.202835223,0.004051860,-0.002949763,4.000000000,0.000000000,4.000000000,straight_acceleration,0.624497974,0.575549516
3.088740945,3.194727113,0.203116232,0.004008986,0.001728250,4.000000000,0.000000000,4.000000000,straight_acceleration,0.627963467,0.574813393
3.158939603,3.264925168,0.203405757,0.004294502,0.006406263,4.000000000,0.000000000,4.000000000,straight_acceleration,0.631296486,0.573799530
3.229138261,3.335123093,0.203726850,0.004908408,0.011084264,4.000000000,0.000000000,4.000000000,straight_acceleration,0.631878224,0.572744441
3.299336919,3.405320797,0.204102565,0.005850418,0.015694415,4.000000000,0.000000000,4.000000000,straight_acceleration,0.627091739,0.571884519
3.369535577,3.475518127,0.204555300,0.007096422,0.019804900,4.000000000,0.000000000,4.000000000,straight_acceleration,0.615845369,0.571357553
3.439734234,3.545714754,0.205105628,0.008630981,0.023915512,4.000000000,0.000000000,4.000000000,straight_acceleration,0.601329608,0.571024497
3.509932892,3.615910317,0.205773805,0.010454102,0.028026179,4.000000000,0.000000000,4.000000000,straight_acceleration,0.587480838,0.570698090
3.580131550,3.686104457,0.206580048,0.012559039,0.031262229,4.000000000,0.000000000,4.000000000,straight_acceleration,0.578224017,0.570191434
3.650330208,3.756296788,0.207538785,0.014758235,0.031393972,4.000000000,0.000000000,4.000000000,straight_acceleration,0.575577403,0.569379121
3.720528866,3.826486875,0.208652212,0.016966692,0.031526033,4.000000000,0.000000000,4.000000000,straight_acceleration,0.577533751,0.568265546
3.790727524,3.896674274,0.209920972,0.019184428,0.031658406,4.000000000,0.000000000,4.000000000,straight_acceleration,0.581574896,0.566871585
3.860926181,3.966858550,0.211345527,0.021387175,0.029640391,4.000000000,0.000000000,4.000000000,straight_acceleration,0.585202525,0.565218652
3.931124839,4.037039663,0.212914398,0.023237939,0.023088912,4.000000000,0.000000000,4.000000000,straight_acceleration,0.587215058,0.563363600
4.001323497,4.107218210,0.214597019,0.024628797,0.016537396,4.000000000,0.000000000,4.000000000,straight_acceleration,0.588484030,0.561419932
4.071522155,4.177394847,0.216361112,0.025559750,0.009985976,4.000000000,0.000000000,4.000000000,straight_acceleration,0.590066908,0.559506234
4.141720813,4.247570234,0.218174200,0.026010709,0.002076926,4.000000000,0.000000000,4.000000000,straight_acceleration,0.592980058,0.557739922
4.211919471,4.317745287,0.219997006,0.025813557,-0.007693907,4.000000000,0.000000000,4.000000000,straight_acceleration,0.596829613,0.556198290
4.282118128,4.387921232,0.221781908,0.024930504,-0.017464779,4.000000000,0.000000000,4.000000000,straight_acceleration,0.599491349,0.554909409
4.352316786,4.458099315,0.223480773,0.023361552,-0.027235502,4.000000000,0.000000000,4.000000000,straight_acceleration,0.598735080,0.553898332
4.422515444,4.528280745,0.225045949,0.021146583,-0.034808027,4.000000000,0.000000000,4.000000000,straight_acceleration,0.592458295,0.553184802
4.492714102,4.598466010,0.226440031,0.018509409,-0.040326196,4.000000000,0.000000000,4.000000000,straight_acceleration,0.581275872,0.552675489
4.562912760,4.668654900,0.227635422,0.015484839,-0.045845094,4.000000000,0.000000000,4.000000000,straight_acceleration,0.568403649,0.552168833
4.633111418,4.738847179,0.228604918,0.012072838,-0.051364303,4.000000000,0.000000000,4.000000000,straight_acceleration,0.557161842,0.551458934
4.703310076,4.809042578,0.229322345,0.008345820,-0.053487807,4.000000000,0.000000000,4.000000000,straight_acceleration,0.550671371,0.550358593
4.773508733,4.879240356,0.229776476,0.004593397,-0.053420082,4.000000000,0.000000000,4.000000000,straight_acceleration,0.549160095,0.548952109
4.843707391,4.949439416,0.229967358,0.000845687,-0.053353464,4.000000000,0.000000000,4.000000000,straight_acceleration,0.550673402,0.547528593
4.913906049,5.019638652,0.229895318,-0.002897384,-0.053287961,4.000000000,0.000000000,4.000000000,straight_acceleration,0.553203058,0.546382190
4.984104707,5.089836985,0.229561475,-0.006587074,-0.051228071,4.000000000,0.000000000,4.000000000,straight_acceleration,0.554866036,0.545791523
5.054303365,5.160033617,0.228975256,-0.010080493,-0.048300837,4.000000000,0.000000000,4.000000000,straight_acceleration,0.555085722,0.545873271
5.124502023,5.230227921,0.228151025,-0.013368440,-0.045374072,4.000000000,-0.500050221,4.000000000,straight_acceleration,0.554062557,0.546647791
5.194700680,5.300419266,0.227103214,-0.016450956,-0.042448047,3.991214639,-1.800000000,3.991214639,straight_acceleration,0.552007268,0.548134167
5.264899338,5.370607045,0.225845366,-0.019376309,-0.041270888,3.959429141,-1.800000000,3.959429141,straight_acceleration,0.549168312,0.550318861
5.335097996,5.440790787,0.224384161,-0.022248892,-0.040570294,3.927386403,-1.800000000,3.927386403,straight_acceleration,0.546085994,0.552935999
5.405296654,5.510970088,0.222723079,-0.025072298,-0.039869823,3.895080074,-1.800000000,3.895080074,straight_acceleration,0.543436716,0.555602035
5.475495312,5.581144545,0.220865583,-0.027846541,-0.039169534,3.862503543,-1.800000000,3.862503543,straight_acceleration,0.541897644,0.557932761
5.545693970,5.651313644,0.218812459,-0.030702530,-0.042736891,3.829649912,-1.800000000,3.829649912,straight_acceleration,0.541858907,0.559642531
5.615892628,5.721476238,0.216548823,-0.033849468,-0.046920680,3.796511989,-1.800000000,3.796511989,straight_acceleration,0.542028717,0.561023220
5.686091285,5.791630945,0.214054101,-0.037290117,-0.051104771,3.763082262,-1.800000000,3.763082262,straight_acceleration,0.540504553,0.562576411
5.756289943,5.861776386,0.211307710,-0.041024487,-0.055288618,3.729352886,-1.800000000,3.729352886,straight_acceleration,0.535383032,0.564803981
5.826488601,5.931911040,0.208289684,-0.045025426,-0.058668631,3.695315653,-1.800000000,3.695315653,straight_acceleration,0.525181234,0.568039325
5.896687259,6.002032752,0.204982829,-0.049261533,-0.062019051,3.660961978,-1.800000000,3.660961978,straight_acceleration,0.510302073,0.571860168
5.966885917,6.072139191,0.201370726,-0.053732894,-0.065371354,3.626282868,-1.800000000,3.626282868,straight_acceleration,0.491676948,0.575632466
6.037084575,6.142228027,0.197436959,-0.058438607,-0.068174416,3.591268894,-1.800000000,3.591268894,straight_acceleration,0.470237341,0.578722225
6.107283232,6.212297596,0.193175168,-0.062972250,-0.060990825,3.555910165,-1.800000000,3.555910165,straight_acceleration,0.447363857,0.581004416
6.177481890,6.282348515,0.188613397,-0.067001639,-0.053807866,3.520196292,-1.800000000,3.520196292,straight_acceleration,0.425973660,0.584095288
6.247680548,6.352381889,0.183787044,-0.070526851,-0.046626545,3.484116354,-1.800000000,3.484116354,straight_acceleration,0.409312246,0.589983166
6.317879206,6.422398825,0.178731524,-0.073542496,-0.038368355,3.447658858,-1.800000000,3.447658858,straight_acceleration,0.400621815,0.600653853
6.388077864,6.492401573,0.173491282,-0.075723219,-0.023761447,3.410811697,-1.800000000,3.410811697,straight_acceleration,0.401543120,0.616868087
6.458276522,6.562395363,0.168134291,-0.076878519,-0.009153785,3.373562103,-1.800000000,3.373562103,straight_acceleration,0.409543591,0.636194122
6.528475180,6.632385902,0.162732308,-0.077008384,0.005453795,3.335896595,-1.800000000,3.335896595,straight_acceleration,0.421419440,0.655686745
6.598673837,6.702378901,0.157357149,-0.076102192,0.021348970,3.297800923,-1.800000000,3.297800923,straight_acceleration,0.433973147,0.672406271
6.668872495,6.772380288,0.152088881,-0.073898579,0.041432818,3.259260002,-1.800000000,3.259260002,straight_acceleration,0.444889740,0.684191152
6.739071153,6.842396433,0.147024257,-0.070285060,0.061517850,3.220257845,-1.800000000,3.220257845,straight_acceleration,0.453639576,0.690453949
6.809269811,6.912433760,0.142262046,-0.065261621,0.081600986,3.180777487,-1.800000000,3.180777487,straight_acceleration,0.459908445,0.690797172
6.879468469,6.982498655,0.137900988,-0.058832724,0.101288875,3.140800893,-1.800000000,3.140800893,straight_acceleration,0.463382114,0.684847206
6.949667127,7.052594656,0.134037811,-0.051060747,0.120130407,3.100308869,-1.800000000,3.100308869,straight_acceleration,0.463744597,0.673930335
7.019865784,7.122720617,0.130765929,-0.041965398,0.138989219,3.059280948,-1.800000000,3.059280948,straight_acceleration,0.460677015,0.662174093
7.090064442,7.192874954,0.128178447,-0.031545902,0.157851373,3.017695271,-1.800000000,3.017695271,straight_acceleration,0.453860223,0.653967541
7.160263100,7.263055983,0.126368293,-0.019823459,0.175034032,2.975528454,-1.800000000,2.975528454,straight_acceleration,0.443003081,0.653636397
7.230461758,7.333257092,0.125419671,-0.007033578,0.189319647,2.932755430,-1.800000000,2.932755430,straight_acceleration,0.429201629,0.662369205
7.300660416,7.403464577,0.125404225,0.006761427,0.203663512,2.889349277,-1.800000000,2.889349277,straight_acceleration,0.415548475,0.676839163
7.370859074,7.473664180,0.126392627,0.021564710,0.218042661,2.845281018,-1.800000000,2.845281018,straight_acceleration,0.405291202,0.693368982
7.441057731,7.543841573,0.128455120,0.037331700,0.229024524,2.800519400,-1.800000000,2.800519400,straight_acceleration,0.401607430,0.708323043
7.511256389,7.613979336,0.131644235,0.053610865,0.234711147,2.755030624,-1.800000000,2.755030624,straight_acceleration,0.404760023,0.719801587
7.581455047,7.684055908,0.135988782,0.070292419,0.240478331,2.708778059,-1.800000000,2.708778059,straight_acceleration,0.411108757,0.728229316
7.651653705,7.754049443,0.141515913,0.087381405,0.246312042,2.661721887,-1.800000000,2.661721887,straight_acceleration,0.416740472,0.734193475
7.721852363,7.823938023,0.148252867,0.104892486,0.252942378,2.613818707,-1.800000000,2.613818707,straight_acceleration,0.417826689,0.738289413
7.792051021,7.893696982,0.156230426,0.122928040,0.260801754,2.565021065,-1.800000000,2.565021065,straight_acceleration,0.413915861,0.741435728
7.862249679,7.963298041,0.165484030,0.141518819,0.268754039,2.515276902,-1.800000000,2.515276902,straight_acceleration,0.408993062,0.744975693
7.932448336,8.032712676,0.176049433,0.160670671,0.276773757,2.464528906,-1.800000000,2.464528906,straight_acceleration,0.407344945,0.750281453
8.002646994,8.101912040,0.187963340,0.180501517,0.293470314,2.412713734,-1.800000000,2.412713734,straight_acceleration,0.413187170,0.758701786
8.072845652,8.170852651,0.201305746,0.202207737,0.324788271,2.359761088,-1.800000000,2.359761088,straight_acceleration,0.427502412,0.770521413
8.143044310,8.239470671,0.216216851,0.226118798,0.356242420,2.305592597,-1.800000000,2.305592597,straight_acceleration,0.446777195,0.784545258
8.213242968,8.307700755,0.232841300,0.252240672,0.387641706,2.250120454,-1.800000000,2.250120454,straight_acceleration,0.467165777,0.799468888
8.283441626,8.375476854,0.251324682,0.280728379,0.434271438,2.193245742,-1.800000000,2.193245742,straight_acceleration,0.484863520,0.813994933
8.353640283,8.442675022,0.271889266,0.314224085,0.519216449,2.134856370,-1.800000000,2.134856370,straight_acceleration,0.499423901,0.827403263
8.423838941,8.509071407,0.294889655,0.353730784,0.605286474,2.074824463,-1.800000000,2.074824463,straight_acceleration,0.516195625,0.839969907
8.494037599,8.574432252,0.320693574,0.399292304,0.691156048,2.013003076,-1.800000000,2.013003076,straight_acceleration,0.541101895,0.852069646
8.564236257,8.638523783,0.349668735,0.450866239,0.774034578,1.949221951,-1.800000000,1.949221951,standard,0.580065180,0.864077175
8.634434915,8.701053063,0.382146361,0.508158129,0.853426512,1.883281988,-1.800000000,1.883281988,standard,0.636362427,0.876055130
8.704633573,8.761535016,0.418339168,0.571366141,0.941045960,1.814947899,-1.800000000,1.814947899,standard,0.704679214,0.887052728
8.774832231,8.819445631,0.458435860,0.640931988,1.034515072,1.743938275,-1.800000000,1.743938275,standard,0.777960128,0.895913826
8.845030888,8.874260895,0.502625140,0.717143869,1.129596837,1.669911837,-0.394334062,1.669911837,standard,0.849149756,0.901482279
8.915229546,8.925464434,0.551069010,0.798453780,1.152477491,1.653251977,0.091827351,1.653251977,standard,0.911398567,0.902750795
8.985428204,8.972635831,0.603594015,0.879574031,1.147066941,1.657146467,-0.117874241,1.657146467,standard,0.960443592,0.900582172
9.055626862,9.015420156,0.659797752,0.960793324,1.154021503,1.652145631,-0.314245048,1.652145631,standard,0.993787192,0.897115544
9.125825520,9.053463742,0.719273398,1.042893199,1.172980768,1.638739157,-0.243439933,1.638739157,standard,1.008965808,0.894514687
9.196024178,9.086413113,0.781614107,1.126564407,1.188101912,1.628277529,1.584324455,1.628277529,standard,1.003518647,0.894941740
9.266222835,9.114066200,0.846395094,1.207039168,1.096139200,1.695205772,1.830599956,1.695205772,standard,0.977227507,0.899233124
9.336421493,9.136645458,0.913141265,1.281093873,1.006153851,1.769388010,2.000000000,1.769388010,standard,0.936161864,0.904508263
9.406620151,9.154447182,0.981368779,1.349064603,0.922793023,1.847032366,2.000000000,1.847032366,standard,0.887484886,0.907240038
9.476818809,9.167767667,1.050593796,1.411459454,0.848814177,1.921541879,2.000000000,1.921541879,standard,0.838359741,0.903901331
9.547017467,9.176918608,1.120352535,1.468055705,0.749222227,1.993268127,2.000000000,1.993268127,standard,0.795493768,0.891324965
9.617216125,9.182378934,1.190399095,1.516559481,0.630902472,2.062501505,2.000000000,2.062501505,standard,0.760643742,0.870252901
9.687414782,9.184730126,1.260621187,1.556695882,0.511578814,2.129485169,2.000000000,2.129485169,standard,0.732530578,0.843824325
9.757613440,9.184555151,1.330908457,1.588490574,0.393360371,2.194425145,2.000000000,2.194425145,standard,0.709831242,0.815213126
9.827812098,9.182427762,1.401152266,1.612851022,0.325979769,2.257497807,2.000000000,2.257497807,standard,0.691200592,0.787578564
9.898010756,9.178682060,1.471288615,1.635304191,0.313333946,2.318855533,2.000000000,2.318855533,standard,0.674718566,0.763699402
9.968209414,9.173396004,1.541301213,1.656855697,0.300533947,2.378631038,2.000000000,2.378631038,standard,0.657850611,0.745947717
10.038408072,9.166635035,1.611176104,1.677502162,0.287656517,2.436940756,2.000000000,2.436940756,standard,0.638032145,0.736675713
10.108606730,9.158464812,1.680899365,1.697220118,0.273130350,2.493887503,2.000000000,2.493887503,standard,0.612790457,0.738163387
10.178805387,9.148959194,1.750458452,1.715803298,0.256266743,2.549562611,2.000000000,2.549562611,standard,0.583065705,0.750008397
10.249004045,9.138202467,1.819842568,1.733207308,0.239495631,2.604047645,2.000000000,2.604047645,standard,0.554141817,0.768394414
10.319202703,9.126279594,1.889041030,1.749439400,0.222857716,2.657415807,2.000000000,2.657415807,standard,0.531584178,0.789283903
10.389401361,9.113274920,1.958043157,1.764577413,0.211605139,2.709733087,2.000000000,2.709733087,standard,0.520853911,0.808679388
10.459600019,9.099244878,2.026838407,1.779346425,0.209095905,2.761059223,2.000000000,2.761059223,standard,0.522714763,0.824388346
10.529798677,9.084207264,2.095416426,1.793939158,0.206608151,2.811448500,2.000000000,2.811448500,standard,0.531427098,0.836717156
10.599997334,9.068177036,2.163766873,1.808357666,0.204147219,2.860950418,2.000000000,2.860950418,standard,0.540773795,0.846155669
10.670195992,9.051169572,2.231879542,1.822553758,0.197859740,2.909610270,2.000000000,2.909610270,standard,0.544630685,0.853190090
10.740394650,9.033219556,2.299750360,1.835996595,0.185103984,2.957469621,2.000000000,2.957469621,standard,0.541140580,0.858139281
10.810593308,9.014388611,2.367383809,1.848545183,0.172379311,3.004566722,2.000000000,3.004566722,standard,0.534399980,0.861088605
10.880791966,8.994740358,2.434785009,1.860202098,0.159702038,3.050936876,2.000000000,3.050936876,standard,0.528947459,0.862106089
10.950990624,8.974338847,2.501959335,1.870917607,0.143223671,3.096612739,2.000000000,3.096612739,standard,0.529238082,0.861270157
11.021189282,8.953265662,2.568922664,1.880182993,0.120740175,3.141624593,2.000000000,3.141624593,standard,0.536304701,0.859085297
11.091387939,8.931625700,2.635704836,1.887869656,0.098250781,3.186000583,0.636766347,3.186000583,standard,0.546630062,0.856622487
11.161586597,8.909525471,2.702336657,1.893977823,0.075769531,3.200000000,0.000000000,3.200000000,standard,0.556382072,0.854991901
11.231785255,8.887071554,2.768849050,1.898498251,0.052665638,3.200000000,0.000000000,3.200000000,standard,0.561811903,0.855272754
11.301983913,8.864372604,2.835276507,1.901356434,0.028764841,3.200000000,0.000000000,3.200000000,standard,0.561705979,0.857601597
11.372182571,8.841539685,2.901657653,1.902536702,0.004861759,3.200000000,0.000000000,3.200000000,standard,0.557787493,0.861023024
11.442381229,8.818683994,2.968031345,1.902039015,-0.019040893,3.200000000,0.000000000,3.200000000,standard,0.551943749,0.864520609
11.512579886,8.795917051,3.034436463,1.899838678,-0.044250646,3.200000000,0.000000000,3.200000000,standard,0.546004723,0.867132089
11.582778544,8.773356577,3.100912361,1.895808033,-0.070583416,3.200000000,0.000000000,3.200000000,standard,0.540694271,0.868940232
11.652977202,8.751125900,3.167498820,1.889928760,-0.096918062,3.200000000,0.000000000,3.200000000,standard,0.535736660,0.870972199
11.723175860,8.729348549,3.234235634,1.882200972,-0.123242360,3.200000000,0.000000000,3.200000000,standard,0.530820201,0.874289116
11.793374518,8.708148996,3.301162110,1.872578007,-0.151549551,3.200000000,0.000000000,3.200000000,standard,0.525607141,0.879761236
11.863573176,8.687662285,3.368312060,1.860909765,-0.180859065,3.200000000,0.000000000,3.200000000,standard,0.519467773,0.886121067
11.933771834,8.668030092,3.435715850,1.847182640,-0.210199374,3.200000000,-0.809502994,3.200000000,standard,0.511589171,0.890759514
12.003970491,8.649394198,3.503403794,1.831395778,-0.239509973,3.182192319,-1.800000000,3.182192319,standard,0.501155576,0.891046754
12.074169149,8.631895742,3.571402908,1.813622351,-0.266438604,3.142233725,-1.800000000,3.142233725,standard,0.487688417,0.885125117
12.144367807,8.615671941,3.639719923,1.793975570,-0.293186558,3.101760406,-1.800000000,3.101760406,standard,0.472785306,0.875891365
12.214566465,8.600858515,3.708353852,1.772445600,-0.320081746,3.060751942,-1.800000000,3.060751942,standard,0.458833426,0.868050365
12.284765123,8.587591178,3.777303690,1.749029217,-0.345565728,3.019186526,-1.636713884,3.019186526,standard,0.448221032,0.866309876
12.354963781,8.575988143,3.846560002,1.724450683,-0.354502296,2.980888633,-1.611155000,2.980888633,standard,0.442169642,0.873805494
12.425162438,8.566112358,3.916086719,1.699231841,-0.363762543,2.942702025,-1.575427835,2.942702025,standard,0.438214973,0.888706268
12.495361096,8.558015879,3.985842524,1.673352876,-0.373297525,2.904876825,-0.831337517,2.904876825,standard,0.433166686,0.908202894
12.565559754,8.551750358,4.055786045,1.646849137,-0.378533347,2.884716938,0.571126745,2.884716938,standard,0.423883953,0.929475648
12.635758412,8.547342835,4.125872437,1.620394383,-0.374920710,2.898581804,0.535666243,2.898581804,standard,0.410226017,0.949073501
12.705957070,8.544782064,4.196051458,1.594183084,-0.371594488,2.911525816,0.494730528,2.911525816,standard,0.396719231,0.962563316
12.776155728,8.544053489,4.266272399,1.568195119,-0.368574457,2.923429735,1.710261537,2.923429735,standard,0.388293417,0.965427055
12.846354385,8.545140416,4.336485047,1.542563507,-0.358502176,2.964212803,2.000000000,2.964212803,standard,0.389514610,0.953629956
12.916553043,8.547993730,4.406646758,1.517912941,-0.343603843,3.011204439,2.000000000,3.011204439,standard,0.399430554,0.930468158
12.986751701,8.552539136,4.476720764,1.494301745,-0.328899029,3.057473926,2.000000000,3.057473926,standard,0.412802306,0.904932542
13.056950359,8.558701674,4.546670452,1.471714530,-0.314457373,3.103053567,2.000000000,3.103053567,standard,0.424278396,0.886163480
13.127149017,8.566403613,4.616461710,1.450286715,-0.295111164,3.147973327,2.000000000,3.147973327,standard,0.429645049,0.881465976
13.197347675,8.575549673,4.686076273,1.430276181,-0.274887365,3.192261064,0.352352167,3.192261064,standard,0.431889722,0.886527743
13.267546333,8.586037727,4.755502054,1.411682259,-0.254766951,3.200000000,0.000000000,3.200000000,standard,0.436809095,0.892504558
13.337744990,8.597765631,4.824726985,1.394497091,-0.234489265,3.200000000,0.000000000,3.200000000,standard,0.450205554,0.890542769
13.407943648,8.610627525,4.893744139,1.378892936,-0.210025600,3.200000000,0.000000000,3.200000000,standard,0.475348633,0.875059050
13.478142306,8.624505465,4.962563316,1.365007585,-0.185541473,3.200000000,0.000000000,3.200000000,standard,0.507273800,0.851101591
13.548340964,8.639279055,5.031197708,1.352839988,-0.161088110,3.200000000,0.000000000,3.200000000,standard,0.539346162,0.825875289
13.618539622,8.654828121,5.099660480,1.342348110,-0.141264751,3.200000000,0.000000000,3.200000000,standard,0.564958493,0.806557683
13.688738280,8.671061188,5.167961284,1.332628630,-0.135628533,3.200000000,0.000000000,3.200000000,standard,0.581058047,0.796811186
13.758936937,8.687943443,5.236102842,1.323305107,-0.129991754,3.200000000,0.000000000,3.200000000,standard,0.591609833,0.793358171
13.829135595,8.705446709,5.304087058,1.314377222,-0.124359683,3.200000000,0.000000000,3.200000000,standard,0.601401351,0.792107620
13.899334253,8.723542911,5.371915823,1.305832804,-0.119644069,3.200000000,0.000000000,3.200000000,standard,0.615153217,0.789011258
13.969532911,8.742208699,5.439590129,1.297543458,-0.116515744,3.200000000,0.000000000,3.200000000,standard,0.634352851,0.782086830
14.039731569,8.761427466,5.507109694,1.289473435,-0.113395322,3.200000000,0.000000000,3.200000000,standard,0.655879625,0.772296639
14.109930227,8.781183117,5.574474139,1.281622142,-0.110284551,3.200000000,0.000000000,3.200000000,standard,0.676260186,0.760828375
14.180128885,8.801459332,5.641683187,1.274013120,-0.105610258,3.200000000,0.000000000,3.200000000,standard,0.692116439,0.748869366
14.250327542,8.822232628,5.708739760,1.266834009,-0.098921112,3.200000000,0.000000000,3.200000000,standard,0.703056134,0.737595399
14.320526200,8.843471110,5.775650545,1.260124380,-0.092235145,3.200000000,0.000000000,3.200000000,standard,0.712195377,0.728168707
14.390724858,8.865142403,5.842422441,1.253883918,-0.085555022,3.200000000,0.000000000,3.200000000,standard,0.722850882,0.721750750
14.460923516,8.887213946,5.909062462,1.248130738,-0.077795207,3.200000000,0.000000000,3.200000000,standard,0.738211806,0.719404416
14.531122174,8.909648664,5.975580464,1.242982252,-0.068886131,3.200000000,0.000000000,3.200000000,standard,0.758331847,0.719769724
14.601320832,8.932404800,6.041989244,1.238459187,-0.059977155,3.200000000,0.000000000,3.200000000,standard,0.780012976,0.718973974
14.671519489,8.955440380,6.108301737,1.234561465,-0.051070011,3.200000000,0.000000000,3.200000000,standard,0.799906340,0.713027921
14.741718147,8.978713456,6.174530915,1.231287829,-0.042224332,3.200000000,0.000000000,3.200000000,standard,0.814865428,0.698227071
14.811916805,9.002182618,6.240690448,1.228632440,-0.033428853,3.200000000,0.000000000,3.200000000,standard,0.825636511,0.676345235
14.882115463,9.025806940,6.306794642,1.226594497,-0.024633167,3.200000000,0.000000000,3.200000000,standard,0.836477654,0.654098354
14.952314121,9.049545512,6.372857820,1.225173998,-0.015837638,3.200000000,0.000000000,3.200000000,standard,0.851772804,0.638379529
15.022512779,9.073356569,6.438894653,1.224433264,-0.004232598,3.200000000,0.000000000,3.200000000,standard,0.875424468,0.635495414
15.092711436,9.097187021,6.504924323,1.224600878,0.009008035,3.200000000,0.000000000,3.200000000,standard,0.904972756,0.644002615
15.162910094,9.120975774,6.570969211,1.225697957,0.022248304,3.200000000,0.000000000,3.200000000,standard,0.933457527,0.656975972
15.233108752,9.144661560,6.637051763,1.227724464,0.035487259,3.200000000,0.000000000,3.200000000,standard,0.953823681,0.667374655
15.303307410,9.168178790,6.703195653,1.230923397,0.057505322,3.200000000,0.000000000,3.200000000,standard,0.960218170,0.669026426
15.373506068,9.191428728,6.769433966,1.235815818,0.081880258,3.200000000,0.000000000,3.200000000,standard,0.955999798,0.662415418
15.443704726,9.214297309,6.835804136,1.242419438,0.106257670,3.200000000,0.000000000,3.200000000,standard,0.948788057,0.651104490
15.513903384,9.236670384,6.902343623,1.250734111,0.130530126,3.200000000,0.000000000,3.200000000,standard,0.946225529,0.638673187
15.584102041,9.258440350,6.969085850,1.260443188,0.146075480,3.200000000,0.000000000,3.200000000,standard,0.953839260,0.627874967
15.654300699,9.279524970,7.036048595,1.271245019,0.161655879,3.200000000,0.000000000,3.200000000,standard,0.968958660,0.618262243
15.724499357,9.299848148,7.103245847,1.283141438,0.177257494,3.200000000,0.000000000,3.200000000,standard,0.986927800,0.608612182
15.794698015,9.319333916,7.170691532,1.296111303,0.190547742,3.200000000,0.000000000,3.200000000,standard,1.003104867,0.597710186
15.864896673,9.337918837,7.238393185,1.309740132,0.197710560,3.200000000,0.000000000,3.200000000,standard,1.014226203,0.585145468
15.935095331,9.355562334,7.306346684,1.323873912,0.204928007,3.200000000,0.000000000,3.200000000,standard,1.019543573,0.571974370
16.005293988,9.372226269,7.374546662,1.338515912,0.212187791,3.200000000,0.000000000,3.200000000,standard,1.018576456,0.559409379
16.075492646,9.387873564,7.442987438,1.353580755,0.214808496,3.200000000,0.000000000,3.200000000,standard,1.010897212,0.548683385
16.145691304,9.402487812,7.511657170,1.368614167,0.213453009,3.200000000,0.000000000,3.200000000,standard,0.997106774,0.541426078
16.215889962,9.416071381,7.580538422,1.383554513,0.212156415,3.200000000,0.000000000,3.200000000,standard,0.978740087,0.539627476
16.286088620,9.428627316,7.649613555,1.398405791,0.210921151,3.200000000,0.000000000,3.200000000,standard,0.957366005,0.545290678
16.356287278,9.440161361,7.718864873,1.413023068,0.204192598,3.200000000,0.000000000,3.200000000,standard,0.934484355,0.560017242
16.426485936,9.450701545,7.788274222,1.427063121,0.195780422,3.200000000,0.000000000,3.200000000,standard,0.911023824,0.582086404
16.496684593,9.460286902,7.857823218,1.440513808,0.187398343,3.200000000,0.000000000,3.200000000,standard,0.887631137,0.608137238
16.566883251,9.468956543,7.927493479,1.453377683,0.179059827,3.200000000,0.000000000,3.200000000,standard,0.864951029,0.634797230
16.637081909,9.476741091,7.997267841,1.466050977,0.182791224,3.200000000,0.000000000,3.200000000,standard,0.843581181,0.659148865
16.707280567,9.483629455,8.067135146,1.479047060,0.187437867,3.200000000,0.000000000,3.200000000,standard,0.823888058,0.680510278
16.777479225,9.489597753,8.137086075,1.492370121,0.192109853,3.200000000,0.000000000,3.200000000,standard,0.806167231,0.698885131
16.847677883,9.494622100,8.207111312,1.506021848,0.196768896,3.200000000,0.000000000,3.200000000,standard,0.790714244,0.714277274
16.917876540,9.498679547,8.277200702,1.519962934,0.200380641,3.200000000,0.000000000,3.200000000,standard,0.777420849,0.727293751
16.988075198,9.501750602,8.347341010,1.534159563,0.204043027,3.200000000,0.000000000,3.200000000,standard,0.764689770,0.740765952
17.058273856,9.503816569,8.417518288,1.548614956,0.207749681,3.200000000,0.000000000,3.200000000,standard,0.750580584,0.758037869
17.128472514,9.504858751,8.487718591,1.563331815,0.211407156,3.200000000,0.000000000,3.200000000,standard,0.733153106,0.782453090
17.198671172,9.504859753,8.557927422,1.578261347,0.213888111,3.200000000,0.000000000,3.200000000,standard,0.711484955,0.815637869
17.268869830,9.503806443,8.628128479,1.593367134,0.216426338,3.200000000,0.000000000,3.200000000,standard,0.687997247,0.853576997
17.339068488,9.501686567,8.698305094,1.608652925,0.219016776,3.200000000,-0.529783779,3.200000000,standard,0.665796629,0.891098576
17.409267145,9.498487869,8.768440593,1.624122433,0.221732332,3.188356909,-1.800000000,3.188356909,standard,0.647989337,0.923031264
17.479465803,9.494197087,8.838517931,1.639819103,0.225416401,3.148476554,-1.800000000,3.148476554,standard,0.636627946,0.945637957
17.549664461,9.488797777,8.908518873,1.655776375,0.229152475,3.108084530,-1.800000000,3.108084530,standard,0.630432064,0.959718367
17.619863119,9.482272864,8.978424946,1.671997774,0.232931605,3.067160621,-1.800000000,3.067160621,standard,0.627463852,0.966967114
17.690061777,9.474605263,9.048217679,1.688491686,0.238267809,3.025683246,-1.800000000,3.025683246,standard,0.625785861,0.969079203
17.760260435,9.465761581,9.117874137,1.705898186,0.257552814,2.983629323,-1.800000000,2.983629323,standard,0.623985586,0.968271487
17.830459092,9.455659840,9.187358106,1.724663384,0.276967867,2.940974119,-1.800000000,2.940974119,standard,0.622214313,0.968315396
17.900657750,9.444209059,9.256630906,1.744794268,0.296452435,2.897691081,-1.800000000,2.897691081,standard,0.620913224,0.973270542
17.970856408,9.431318270,9.325653850,1.766290122,0.315066164,2.853751642,-1.800000000,2.853751642,standard,0.620523651,0.987190907
18.041055066,9.416904912,9.394383372,1.788893833,0.328730647,2.809125000,-1.800000000,2.809125000,standard,0.621563851,1.011300264
18.111253724,9.400908437,9.462763142,1.812468788,0.342703908,2.763777867,-1.800000000,2.763777867,standard,0.624753574,1.039408542
18.181452382,9.383271858,9.530734759,1.837032971,0.356924704,2.717674176,-1.800000000,2.717674176,standard,0.630845163,1.064126542
18.251651039,9.363938290,9.598239852,1.862577709,0.367817040,2.670774749,-1.800000000,2.670774749,standard,0.640587756,1.078081162
18.321849697,9.342875105,9.665226349,1.888271532,0.364001495,2.623036903,-1.800000000,2.623036903,standard,0.653961804,1.077758155
18.392048355,9.320105248,9.731656614,1.913705409,0.360373755,2.574413996,-1.800000000,2.574413996,standard,0.669186885,1.068483027
18.462247013,9.295659414,9.797495023,1.938893907,0.356955317,2.524854898,-1.800000000,2.524854898,standard,0.684237044,1.056813863
18.532445671,9.269568088,9.862705845,1.963903777,0.361337136,2.474303354,-1.800000000,2.474303354,standard,0.697093075,1.049296692
18.602644329,9.241813753,9.927228487,1.990563419,0.397834083,2.422697240,-1.800000000,2.422697240,standard,0.707307855,1.049668144
18.672842987,9.212269565,9.990945734,2.019798412,0.434681053,2.369967668,-1.800000000,2.369967668,standard,0.718014148,1.055267402
18.743041644,9.180793543,10.053732533,2.051625687,0.471563874,2.316037906,-1.800000000,2.316037906,standard,0.732840514,1.062547635
18.813240302,9.147243694,10.115463791,2.086054999,0.510786207,2.260822066,-1.800000000,2.260822066,standard,0.755415177,1.067963018
18.883438960,9.111467392,10.175976589,2.124144348,0.573192296,2.204223502,-1.800000000,2.204223502,standard,0.789021911,1.068996021
18.953637618,9.073281342,10.234998926,2.166696691,0.637622692,2.146132819,-1.800000000,2.146132819,standard,0.835951252,1.066094244
19.023836276,9.032496756,10.292239258,2.213815682,0.703144549,2.086425390,-1.800000000,2.086425390,standard,0.898315779,1.060236549
19.094034934,8.988924847,10.347406040,2.265547117,0.768207292,2.024958207,-0.863793940,2.024958207,standard,0.978228073,1.052401797
19.164233591,8.942417791,10.400208320,2.320481549,0.791620108,1.994788558,-0.904267705,1.994788558,standard,1.074306707,1.043526667
19.234432249,8.893020320,10.450357924,2.377102877,0.817709324,1.962708494,-0.990467363,1.962708494,standard,1.168747286,1.034349563
19.304630907,8.840833686,10.497567495,2.435707855,0.848332737,1.926957621,-1.029178183,1.926957621,standard,1.238924476,1.025550687
19.374829565,8.785959152,10.541549675,2.496565175,0.882681333,1.889092856,1.455096716,1.889092856,standard,1.262212307,1.017810234
19.445028223,8.728517397,10.582054436,2.557597834,0.834887485,1.942411772,2.000000000,1.942411772,standard,1.219975610,1.011744723
19.515226881,8.668784069,10.619129663,2.613776156,0.763325431,2.013394677,2.000000000,2.013394677,standard,1.125429954,1.007462500
19.585425539,8.607109032,10.652965908,2.665030804,0.694271505,2.081958875,2.000000000,2.081958875,standard,1.007043618,1.004828552
19.655624196,8.543842612,10.683754618,2.711565745,0.629082891,2.148335957,2.000000000,2.148335957,standard,0.893380435,1.003706342
19.725822854,8.479325880,10.711690351,2.753671090,0.569402432,2.212722761,2.000000000,2.212722761,standard,0.810952307,1.003834853
19.796021512,8.413791729,10.737004030,2.791595713,0.510079031,2.275288256,2.000000000,2.275288256,standard,0.762296625,1.003498663
19.866220170,8.347403008,10.759950128,2.825335701,0.450591328,2.336178777,2.000000000,2.336178777,standard,0.734425778,1.000040528
19.936418828,8.280321381,10.780783515,2.854912264,0.391634376,2.395522054,2.000000000,2.395522054,standard,0.714090802,0.990787352
20.006617486,8.212705065,10.799756087,2.880638201,0.346109797,2.453430363,2.000000000,2.453430363,standard,0.688715038,0.973291518
20.076816143,8.144660782,10.817075427,2.903635889,0.308928998,2.510003022,2.000000000,2.510003022,standard,0.655746306,0.948467498
20.147014801,8.076255713,10.832915084,2.924021103,0.271724406,2.565328401,2.000000000,2.565328401,standard,0.620331360,0.919811891
20.217213459,8.007556025,10.847447736,2.941799177,0.234653848,2.619485529,2.000000000,2.619485529,standard,0.587813962,0.890887371
20.287412117,7.938626249,10.860840182,2.957441394,0.221035359,2.672545429,2.000000000,2.672545429,standard,0.563290942,0.865172278
20.357610775,7.869502547,10.873157375,2.973116215,0.225462109,2.724572205,2.000000000,2.724572205,standard,0.547581345,0.844683962
20.427809433,7.800197082,10.884378100,2.989101855,0.229916718,2.775623954,2.000000000,2.775623954,standard,0.537885006,0.830203710
20.498008091,7.730721258,10.894478429,3.005400484,0.234387370,2.825753521,2.000000000,2.825753521,standard,0.531287691,0.822473851
20.568206748,7.661086566,10.903432933,3.022126976,0.244660165,2.875009146,2.000000000,2.875009146,standard,0.524981286,0.822123060
20.638405406,7.591306028,10.911189489,3.039829375,0.259615469,2.923435004,-1.621956766,2.923435004,standard,0.518048061,0.827755317
20.708604064,7.521393980,10.917672988,3.058584824,0.274634847,2.884224999,-1.800000000,2.884224999,standard,0.511197670,0.836231601
20.778802722,7.451364802,10.922807573,3.078397019,0.289664062,2.840077231,-1.800000000,2.840077231,standard,0.505192908,0.844355971
20.849001380,7.381233897,10.926513331,3.099560942,0.319080291,2.795232282,-1.800000000,2.795232282,standard,0.500769333,0.849106659
20.919200038,7.311033118,10.928645129,3.123378626,0.359221212,2.749656040,-1.800000000,2.749656040,standard,0.498224355,0.850263389
20.989398695,7.240807595,10.929005193,-3.133159296,0.399692095,2.703311520,-1.800000000,2.703311520,standard,0.497501750,0.849866986
21.059597353,7.170602839,10.927394249,-3.103666922,0.440215771,2.656158506,-1.800000000,2.656158506,standard,0.498535202,0.850022810
21.129796011,7.100466492,10.923618853,-3.071716066,0.463067579,2.608153147,-1.350055325,2.608153147,standard,0.501297978,0.852675152
21.199994669,7.030474801,10.917563810,-3.038721739,0.476340349,2.571559584,-1.356816366,2.571559584,standard,0.506294201,0.857608106
21.270193327,6.960724457,10.909169838,-3.004763851,0.490468919,2.534250445,-1.344639309,2.534250445,standard,0.514407365,0.863062017
21.340391985,6.891312593,10.898378868,-2.969790878,0.505322606,2.496726170,0.846656481,2.496726170,standard,0.526529171,0.867243835
21.410590642,6.822334093,10.885141112,-2.934323165,0.495866999,2.520418589,2.000000000,2.520418589,standard,0.543389850,0.868459961
21.480789300,6.753855825,10.869510023,-2.900290677,0.473188346,2.575520238,2.000000000,2.575520238,standard,0.563707360,0.866256247
21.550987958,6.685925645,10.851609107,-2.867831054,0.450999108,2.629467461,2.000000000,2.629467461,standard,0.584834186,0.861019597
21.621186616,6.618591051,10.831563206,-2.836904605,0.429498075,2.682329913,0.596466658,2.682329913,standard,0.604096833,0.853152914
21.691385274,6.551899622,10.809493308,-2.807205790,0.420847463,2.697894749,-1.800000000,2.697894749,standard,0.619076352,0.843109722
21.761583932,6.485900213,10.785464451,-2.777666032,0.420294135,2.650645376,-1.800000000,2.650645376,standard,0.631052588,0.832079090
21.831782590,6.420642633,10.759499438,-2.748159828,0.419941775,2.602538326,-1.800000000,2.602538326,standard,0.644097522,0.821805328
21.901981247,6.356176717,10.731620030,-2.718670074,0.419793539,2.553525127,-1.800000000,2.553525127,standard,0.662351838,0.814046413
21.972179905,6.292555069,10.701844086,-2.688818973,0.438256833,2.503552557,-1.800000000,2.503552557,standard,0.689781241,0.810430387
22.042378563,6.229879253,10.670120463,-2.656855446,0.471844629,2.452561974,-1.800000000,2.452561974,standard,0.727259016,0.810289023
22.112577221,6.168292774,10.636338912,-2.622515039,0.505918050,2.400488506,-1.800000000,2.400488506,standard,0.773009420,0.810987062
22.182775879,6.107940491,10.600387275,-2.585772106,0.540071743,2.347260084,-1.800000000,2.347260084,standard,0.825171065,0.809825649
22.252974537,6.048971030,10.562155153,-2.546577737,0.576201308,2.292796269,-1.800000000,2.292796269,standard,0.881894268,0.804322806
22.323173194,5.991586631,10.521557226,-2.504696698,0.615704297,2.237006832,-1.800000000,2.237006832,standard,0.941495998,0.795084554
22.393371852,5.936029453,10.478526848,-2.459976237,0.657260503,2.179789989,-1.800000000,2.179789989,standard,1.002417311,0.785016204
22.463570510,5.882542607,10.432997815,-2.412303287,0.700191506,2.121030228,2.000000000,2.121030228,standard,1.063102221,0.777077884
22.533769168,5.831326019,10.384947520,-2.364479115,0.653675653,2.186221366,2.000000000,2.186221366,standard,1.121960554,0.773484275
22.603967826,5.782353895,10.334581191,-2.320482344,0.598999145,2.249524059,2.000000000,2.249524059,standard,1.177223438,0.772553965
22.674166484,5.735526945,10.282178247,-2.280261624,0.545882235,2.311093491,2.000000000,2.311093491,standard,1.227063815,0.771336891
22.744365142,5.690749010,10.228014110,-2.243254090,0.521596909,2.371064688,2.000000000,2.371064688,standard,1.269511040,0.766989984
22.814563799,5.648005809,10.172259986,-2.206395064,0.527759937,2.429556006,-0.063474638,2.429556006,standard,1.298885996,0.759451928
22.884762457,5.607370266,10.114976082,-2.169094382,0.534457156,2.427721301,-0.286545982,2.427721301,standard,1.305559993,0.751624015
22.954961115,5.568919527,10.056217226,-2.131322997,0.538130342,2.419421507,2.000000000,2.419421507,standard,1.279714957,0.746551066
23.025159773,5.532691520,9.996059985,-2.094793019,0.502249938,2.476771096,2.000000000,2.476771096,standard,1.217524379,0.746379737
23.095358431,5.498600660,9.934649415,-2.060760591,0.466876000,2.532822476,2.000000000,2.532822476,standard,1.134033054,0.750427779
23.165557089,5.466537106,9.872144015,-2.029179684,0.432358096,2.587660009,2.000000000,2.587660009,standard,1.047991801,0.757457394
23.235755746,5.436391182,9.808701020,-1.999929937,0.402505083,2.641359300,2.000000000,2.641359300,standard,0.977712589,0.766234661
23.305954404,5.408057515,9.744444635,-1.972563083,0.376861186,2.693988416,2.000000000,2.693988416,standard,0.930084061,0.775626600
23.376153062,5.381435332,9.679463746,-1.946996775,0.351294223,2.745608897,2.000000000,2.745608897,standard,0.899779900,0.784608169
23.446351720,5.356424083,9.613845515,-1.923218249,0.325966167,2.796276604,2.000000000,2.796276604,standard,0.880876399,0.792159604
23.516550378,5.332925471,9.547675256,-1.901024555,0.309212734,2.846042424,2.000000000,2.846042424,standard,0.867635089,0.797402970
23.586749036,5.310870765,9.481014044,-1.879731008,0.297308539,2.894952869,2.000000000,2.894952869,standard,0.856753058,0.801325091
23.656947693,5.290212073,9.413905868,-1.859270829,0.285475582,2.943050584,2.000000000,2.943050584,standard,0.846643979,0.806227078
23.727146351,5.270901942,9.346394356,-1.839636860,0.273760910,2.990374788,2.000000000,2.990374788,standard,0.835757430,0.814437536
23.797345009,5.252897261,9.278521917,-1.820526606,0.274916598,3.036961640,2.000000000,3.036961640,standard,0.822676996,0.827987323
23.867543667,5.236207228,9.210316216,-1.800944383,0.282849541,3.082844569,2.000000000,3.082844569,standard,0.807600235,0.845321284
23.937742325,5.220875677,9.141795160,-1.780801917,0.290890604,3.128054550,2.000000000,3.128054550,standard,0.791793278,0.862510049
24.007940983,5.206947057,9.072976484,-1.760092273,0.299008973,3.172620352,1.242759509,3.172620352,standard,0.776541331,0.875581860
24.078139641,5.194463892,9.003878660,-1.738943692,0.301303682,3.200000000,0.000000000,3.200000000,standard,0.763055216,0.880914159
24.148338298,5.183444630,8.934529420,-1.717813495,0.300550088,3.200000000,0.000000000,3.200000000,standard,0.751616374,0.879247360
24.218536956,5.173891353,8.864962786,-1.696729789,0.299977519,3.200000000,0.000000000,3.200000000,standard,0.741874441,0.874287884
24.288735614,5.165805827,8.795212902,-1.675680638,0.299588118,3.200000000,0.000000000,3.200000000,standard,0.733466978,0.869798840
24.358934272,5.159185059,8.725313684,-1.654954704,0.286606327,3.200000000,0.000000000,3.200000000,standard,0.726080428,0.869254921
24.429132930,5.153971679,8.655296471,-1.635505319,0.267419140,3.200000000,0.000000000,3.200000000,standard,0.719959453,0.872837242
24.499331588,5.150073691,8.585190958,-1.617400021,0.248311317,3.200000000,0.000000000,3.200000000,standard,0.715704141,0.878629866
24.569530245,5.147398546,8.515026812,-1.600631689,0.229335761,3.200000000,0.000000000,3.200000000,standard,0.713920294,0.884683132
24.639728903,5.145856401,8.444832586,-1.585033751,0.216567432,3.200000000,0.000000000,3.200000000,standard,0.714988689,0.889163961
24.709927561,5.145381856,8.374626750,-1.570201557,0.205955498,3.200000000,0.000000000,3.200000000,standard,0.717258815,0.891291634
24.780126219,5.145922477,8.304422430,-1.556113934,0.195367047,3.200000000,0.000000000,3.200000000,standard,0.718002611,0.890843687
24.850324877,5.147425950,8.234232700,-1.542768402,0.184821654,3.200000000,0.000000000,3.200000000,standard,0.714482122,0.887602780
24.920523535,5.149839986,8.164070005,-1.530161696,0.174322162,3.200000000,0.000000000,3.200000000,standard,0.704748575,0.881616614
24.990722193,5.153112467,8.093942548,-1.518291862,0.163831951,3.200000000,0.000000000,3.200000000,standard,0.692182072,0.874722547
25.060920850,5.157191343,8.023856770,-1.507157746,0.153362417,3.200000000,0.000000000,3.200000000,standard,0.682367360,0.869498345
25.131119508,5.162024568,7.953819111,-1.496757617,0.142924266,3.200000000,0.000000000,3.200000000,standard,0.680896204,0.868524134
25.201318166,5.167560777,7.883835263,-1.487060665,0.133400769,3.200000000,0.000000000,3.200000000,standard,0.691872378,0.873546441
25.271516824,5.173752064,7.813907141,-1.478027323,0.123953044,3.200000000,0.000000000,3.200000000,standard,0.711864056,0.882090228
25.341715482,5.180551615,7.744035470,-1.469657004,0.114512762,3.200000000,0.000000000,3.200000000,standard,0.735059596,0.890347249
25.411914140,5.187912618,7.674220973,-1.461949009,0.105089239,3.200000000,0.000000000,3.200000000,standard,0.755646444,0.894508741
25.482112797,5.195788699,7.604463765,-1.454886910,0.096107931,3.200000000,0.000000000,3.200000000,standard,0.769296173,0.891828718
25.552311455,5.204135199,7.534761585,-1.448455393,0.087125777,3.200000000,0.000000000,3.200000000,standard,0.777467426,0.883705268
25.622510113,5.212907879,7.465111598,-1.442654324,0.078146669,3.200000000,0.000000000,3.200000000,standard,0.783029192,0.872546414
25.692708771,5.222062498,7.395510964,-1.437483241,0.069235497,3.200000000,0.000000000,3.200000000,standard,0.788850069,0.860759877
25.762907429,5.231555652,7.325956422,-1.432911965,0.061000974,3.200000000,0.000000000,3.200000000,standard,0.796985178,0.850117847
25.833106087,5.241346536,7.256443388,-1.428918806,0.052765499,3.200000000,0.000000000,3.200000000,standard,0.806962195,0.840417949
25.903304745,5.251394846,7.186967020,-1.425503755,0.044530573,3.200000000,0.000000000,3.200000000,standard,0.817819370,0.831075449
25.973503402,5.261660285,7.117522481,-1.422665284,0.036574968,3.200000000,0.000000000,3.200000000,standard,0.828595905,0.821506057
26.043702060,5.272104865,7.048104983,-1.420321789,0.030192254,3.200000000,0.000000000,3.200000000,standard,0.838753549,0.811324826
26.113900718,5.282696533,6.978709884,-1.418426370,0.023809229,3.200000000,0.000000000,3.200000000,standard,0.848839573,0.800658909
26.184099376,5.293404176,6.909332562,-1.416979032,0.017426210,3.200000000,0.000000000,3.200000000,standard,0.859573148,0.789716558
26.254298034,5.304196683,6.839968394,-1.415978960,0.011154283,3.200000000,0.000000000,3.200000000,standard,0.871669092,0.778705727
26.324496692,5.315043704,6.770612801,-1.415401263,0.005304614,3.200000000,0.000000000,3.200000000,standard,0.885007770,0.767778179
26.394695349,5.325916544,6.701261289,-1.415234207,-0.000545081,3.200000000,0.000000000,3.200000000,standard,0.897649658,0.756963111
26.464894007,5.336786729,6.631909378,-1.415477791,-0.006394782,3.200000000,0.000000000,3.200000000,standard,0.907415348,0.746273566
26.535092665,5.347625767,6.562552587,-1.416134121,-0.012470341,3.200000000,0.000000000,3.200000000,standard,0.912142602,0.735722549
26.605291323,5.358403816,6.493186275,-1.417244709,-0.019170938,3.200000000,0.000000000,3.200000000,standard,0.911460145,0.725319079
26.675489981,5.369088505,6.423805507,-1.418825669,-0.025871503,3.200000000,0.000000000,3.200000000,standard,0.908330914,0.715064757
26.745688639,5.379647192,6.354405316,-1.420876997,-0.032571779,3.200000000,0.000000000,3.200000000,standard,0.906081549,0.704960376
26.815887296,5.390047061,6.284980720,-1.423420737,-0.041174915,3.200000000,0.000000000,3.200000000,standard,0.908003478,0.695005265
26.886085954,5.400244863,6.215525798,-1.426748664,-0.053638704,3.200000000,0.000000000,3.200000000,standard,0.915228676,0.685109141
26.956284612,5.410181037,6.146033167,-1.430951603,-0.066104300,3.200000000,0.000000000,3.200000000,standard,0.925514827,0.675041690
27.026483270,5.419794607,6.076495315,-1.436029619,-0.078569599,3.200000000,0.000000000,3.200000000,standard,0.936326159,0.664560422
27.096681928,5.429024868,6.006904808,-1.441953283,-0.088975480,3.200000000,-1.630251408,3.200000000,standard,0.945184366,0.653445057
27.166880586,5.437821259,5.937257141,-1.448459621,-0.096389002,3.164034936,-1.800000000,3.164034936,standard,0.951758759,0.642305372
27.237079244,5.446146170,5.867551545,-1.455486708,-0.103810983,3.123844092,-1.800000000,3.123844092,standard,0.958459518,0.632810489
27.307277901,5.453962833,5.797787494,-1.463035004,-0.111238469,3.083129375,-1.800000000,3.083129375,standard,0.967875153,0.626698458
27.377476559,5.461235130,5.727964559,-1.471047584,-0.115341372,3.041869750,-1.800000000,3.041869750,standard,0.982477351,0.625640316
27.447675217,5.467942610,5.658084642,-1.479167374,-0.115988805,3.000042734,-1.800000000,3.000042734,standard,1.001920548,0.629691118
27.517873875,5.474080902,5.588152032,-1.487332945,-0.116644305,2.957624256,-1.800000000,2.957624256,standard,1.022967590,0.637247286
27.588072533,5.479646367,5.518171129,-1.495544850,-0.117307479,2.914588490,-1.800000000,2.914588490,standard,1.042249624,0.646629704
27.658271191,5.484634365,5.448146305,-1.503878915,-0.121750939,2.870907679,-1.800000000,2.870907679,standard,1.056519977,0.656220346
27.728469848,5.489023226,5.378081429,-1.512682915,-0.129068547,2.826551916,-1.800000000,2.826551916,standard,1.064608055,0.665439283
27.798668506,5.492777045,5.307979948,-1.522000943,-0.136395167,2.781488912,-1.800000000,2.781488912,standard,1.067078573,0.674574283
27.868867164,5.495859479,5.237845301,-1.531833516,-0.143724389,2.735683717,-1.800000000,2.735683717,standard,1.064549581,0.683939786
27.939065822,5.498233091,5.167681162,-1.542254802,-0.154404376,2.689098404,-1.800000000,2.689098404,standard,1.057660669,0.693845674
28.009264480,5.499845784,5.097494392,-1.553540090,-0.167093829,2.641691704,-1.800000000,2.641691704,standard,1.047339338,0.704540972
28.079463138,5.500635013,5.027294126,-1.565717257,-0.179812164,2.593418572,-1.800000000,2.593418572,standard,1.034718352,0.716231309
28.149661796,5.500538008,4.957089546,-1.578787830,-0.192541504,2.544229691,-1.800000000,2.544229691,standard,1.020934890,0.729121383
28.219860453,5.499489868,4.886890390,-1.592892125,-0.211345925,2.494070880,-1.800000000,2.494070880,standard,1.007046229,0.743172132
28.290059111,5.497399862,4.816713128,-1.608504732,-0.233410396,2.442882393,-1.800000000,2.442882393,standard,0.993141911,0.755392227
28.360257769,5.494160095,4.746578700,-1.625668253,-0.255508974,2.390598088,-1.800000000,2.390598088,standard,0.978668167,0.760827801
28.430456427,5.489662360,4.676508132,-1.644384019,-0.277569494,2.337144422,-1.800000000,2.337144422,standard,0.963059624,0.754489580
28.500655085,5.483788474,4.606525426,-1.665342898,-0.330982273,2.282439239,-1.800000000,2.282439239,standard,0.945832498,0.732118922
28.570853743,5.476286790,4.536694459,-1.691129132,-0.403378499,2.226390288,-1.800000000,2.226390288,standard,0.927594746,0.699233618
28.641052400,5.466810429,4.467107556,-1.722008467,-0.475948617,2.168893392,-1.800000000,2.168893392,standard,0.909733261,0.668326741
28.711251058,5.455010464,4.397857658,-1.757978104,-0.547856054,2.109830178,-1.800000000,2.109830178,standard,0.893651719,0.652041674
28.781449716,5.440537563,4.329042148,-1.799108934,-0.625691066,2.049065204,-1.800000000,2.049065204,standard,0.880720236,0.662598894
28.851648374,5.423031949,4.260873643,-1.846266975,-0.715022722,1.986442308,-1.800000000,1.986442308,standard,0.871439226,0.701260272
28.921847032,5.402122704,4.193687678,-1.899845431,-0.808184740,1.921779871,-1.800000000,1.921779871,standard,0.865381364,0.757597736
28.992045690,5.377438365,4.127825776,-1.960030782,-0.902926224,1.854864605,-1.800000000,1.854864605,standard,0.862074138,0.820613844
29.062244347,5.348607549,4.063629480,-2.026840724,-0.988139956,1.785443233,-0.532229741,1.785443233,standard,0.861045027,0.879312837
29.132443005,5.315360703,4.001467156,-2.097288794,-1.011858367,1.764393355,-0.712874327,1.764393355,standard,0.861810270,0.924921613
29.202641663,5.277730725,3.941786846,-2.169825671,-1.045470233,1.735799029,-0.831328328,1.735799029,standard,0.863852723,0.955268510
29.272840321,5.235806402,3.885051311,-2.245036782,-1.087601275,1.701846645,-0.883822193,1.701846645,standard,0.866649072,0.969401815
29.343038979,5.189676525,3.831723316,-2.323429930,-1.136283400,1.664991213,-0.032140924,1.664991213,standard,0.869676002,0.966369812
29.413237637,5.139439380,3.782257458,-2.404427705,-1.138136025,1.663635549,0.630895956,1.663635549,standard,0.872412433,0.945416643
29.483436295,5.085373356,3.736953482,-2.483442864,-1.102841033,1.690047141,0.516710730,1.690047141,standard,0.874379632,0.909500064
29.553634952,5.027917903,3.695972656,-2.560277407,-1.075524294,1.711374926,0.356075884,1.711374926,standard,0.875136739,0.864898839
29.623833610,4.967518145,3.659471369,-2.635503263,-1.057474144,1.725918954,0.160108755,1.725918954,standard,0.874244227,0.818008755
29.694032268,4.904619206,3.627606008,-2.709742313,-1.049553914,1.732418851,1.528001135,1.732418851,standard,0.871262570,0.775225602
29.764230926,4.839652806,3.600470788,-2.781285236,-0.979537817,1.793265829,1.847608875,1.793265829,standard,0.866015543,0.741564456
29.834429584,4.772991117,3.577883751,-2.847661195,-0.906422219,1.864189277,2.000000000,1.864189277,standard,0.859496491,0.715907345
29.904628242,4.704989787,3.559586284,-2.908997809,-0.836003862,1.938039291,2.000000000,1.938039291,standard,0.853023388,0.695433991
29.974826899,4.636004459,3.545319771,-2.965558119,-0.770541871,2.009176677,1.640778291,2.009176677,standard,0.847914221,0.677324051
30.045025557,4.566385897,3.534831159,-3.018189169,-0.738197316,2.065708544,0.249342781,2.065708544,standard,0.845430109,0.658878570
30.115224215,4.496383000,3.527983447,-3.069905291,-0.732190538,2.074164614,0.241970027,2.074164614,standard,0.845645484,0.639931620
30.185422873,4.426148268,3.524749456,-3.121186824,-0.726454103,2.082337818,0.226869281,2.082337818,standard,0.847511797,0.622714323
30.255621531,4.355830415,3.525106323,3.111098896,-0.721156714,2.089971920,-0.759651694,2.089971920,standard,0.849936385,0.609551964
30.325820189,4.285578298,3.529031457,3.060456310,-0.726587584,2.064298808,-1.800000000,2.064298808,standard,0.851828589,0.602770204
30.396018847,4.215578914,3.536573819,3.007426991,-0.780445604,2.002152441,-1.800000000,2.002152441,standard,0.852628095,0.604794530
30.466217504,4.146108410,3.547949647,2.950456883,-0.838495572,1.938014250,-1.800000000,1.938014250,standard,0.853014367,0.618283779
30.536416162,4.077455656,3.563399042,2.889317173,-0.899181985,1.871679477,-1.585797869,1.871679477,standard,0.853843744,0.645930080
30.606614820,4.009909518,3.583162105,2.823868972,-0.960207097,1.811226739,-0.681605237,1.811226739,standard,0.855972563,0.690425564
30.676813478,3.943770031,3.607457634,2.754956103,-0.989058577,1.784613895,-0.612050045,1.784613895,standard,0.860091728,0.753263065
30.747012136,3.879427908,3.636331445,2.684271325,-1.016484287,1.760373986,-0.738511913,1.760373986,standard,0.865548854,0.826197477
30.817210794,3.817317918,3.669745301,2.611365869,-1.051671639,1.730673707,-0.807951886,1.730673707,standard,0.871038824,0.896251823
30.887409451,3.757875127,3.707660405,2.535771013,-1.093067893,1.697585699,-0.498664363,1.697585699,standard,0.875252187,0.950417704
30.957608109,3.701534213,3.750037286,2.457249983,-1.120284376,1.676838116,0.559305590,1.676838116,standard,0.876885457,0.975729940
31.027806767,3.648669136,3.796730265,2.379328648,-1.089848090,1.700091489,0.435478536,1.700091489,standard,0.875575234,0.966035025
31.098005425,3.599527462,3.847372585,2.303250527,-1.067271625,1.717978780,0.272846464,1.717978780,standard,0.872914985,0.929358492
31.168204083,3.554340979,3.901569889,2.228460082,-1.053596980,1.729091669,0.083223579,1.729091669,standard,0.870742452,0.875495832
31.238402741,3.513341476,3.958927821,2.154361987,-1.049495414,1.732467133,1.356946475,1.732467133,standard,0.870895375,0.814242537
31.308601399,3.476734290,4.019050818,2.081877562,-0.986856324,1.786604044,2.000000000,1.786604044,standard,0.875020539,0.754900848
31.378800056,3.444404025,4.081528662,2.015925930,-0.887767709,1.863531228,2.000000000,1.863531228,standard,0.882449242,0.700791990
31.448998714,3.416021893,4.145941391,1.956878266,-0.790347275,1.937406325,2.000000000,1.937406325,standard,0.890972227,0.651257860
31.519197372,3.391255247,4.211868865,1.904510878,-0.697576036,2.008566131,2.000000000,2.008566131,standard,0.898352380,0.605568400
31.589396030,3.369771367,4.278891651,1.858477135,-0.613316526,2.077289709,2.000000000,2.077289709,standard,0.902361589,0.562997900
31.659594688,3.351228528,4.346679810,1.818022599,-0.537495725,2.143811364,2.000000000,2.143811364,standard,0.901911870,0.523371700
31.729793346,3.335267293,4.415079401,1.782974150,-0.460356798,2.208330093,2.000000000,2.208330093,standard,0.898157331,0.487598795
31.799992003,3.321526156,4.483957009,1.753353487,-0.383145120,2.271016606,2.000000000,2.271016606,standard,0.892513602,0.456714576
31.870190661,3.309643625,4.553179225,1.729131376,-0.309582707,2.332018666,2.000000000,2.332018666,standard,0.886396212,0.431754358
31.940389319,3.299301865,4.622632339,1.708446337,-0.279536012,2.391465176,2.000000000,2.391465176,standard,0.880790588,0.413417254
32.010587977,3.290326202,4.692267231,1.689877565,-0.249394326,2.449469396,2.000000000,2.449469396,standard,0.875271780,0.401299927
32.080786635,3.282571265,4.762048004,1.673424911,-0.219279727,2.506131472,2.000000000,2.506131472,standard,0.869126183,0.394773406
32.150985293,3.275891682,4.831938759,1.659083602,-0.189428202,2.561540471,2.000000000,2.561540471,standard,0.861640196,0.393208723
32.221183950,3.270149059,4.901907565,1.646542796,-0.167829285,2.615776025,2.000000000,2.615776025,standard,0.852461867,0.395978807
32.291382608,3.265231315,4.971937463,1.635519634,-0.146208166,2.668909674,2.000000000,2.668909674,standard,0.842603286,0.402463760
32.361581266,3.261032575,5.042015021,1.626014055,-0.124595812,2.721005968,2.000000000,2.721005968,standard,0.833398080,0.412045376
32.431779924,3.257446962,5.112126807,1.618024073,-0.103612993,2.772123394,2.000000000,2.772123394,standard,0.826179867,0.424105428
32.501978582,3.254382633,5.182261308,1.610970978,-0.097324508,2.822315139,2.000000000,2.822315139,standard,0.822133787,0.437710953
32.572177240,3.251797595,5.252413831,1.604359611,-0.091032500,2.871629742,2.000000000,2.871629742,standard,0.821917426,0.450810725
32.642375898,3.249660923,5.322581195,1.598189994,-0.084740281,2.920111643,2.000000000,2.920111643,standard,0.826071259,0.461105269
32.712574555,3.247941703,5.392760220,1.592458274,-0.079466526,2.967801650,2.000000000,2.967801650,standard,0.835135056,0.466296335
32.782773213,3.246619726,5.462947952,1.586759617,-0.082888325,3.014737346,2.000000000,3.014737346,standard,0.848825146,0.465518088
32.852971871,3.245706179,5.533142099,1.580820641,-0.086313239,3.060953430,2.000000000,3.060953430,standard,0.864444300,0.462103178
32.923170529,3.245217968,5.603340492,1.574641158,-0.089740141,3.106482018,2.000000000,3.106482018,standard,0.878855387,0.460149490
32.993369187,3.245172029,5.673540955,1.568214135,-0.094225967,3.151352910,2.000000000,3.151352910,standard,0.888926620,0.463746294
33.063567845,3.245592977,5.743740694,1.561279005,-0.103354390,3.195593809,0.200717558,3.195593809,standard,0.892894310,0.474778079
33.133766502,3.246523252,5.813935463,1.553702776,-0.112490086,3.200000000,0.000000000,3.200000000,standard,0.892171335,0.490010089
33.203965160,3.248007819,5.884120814,1.545485076,-0.121628109,3.200000000,0.000000000,3.200000000,standard,0.888620308,0.505482788
33.274163818,3.250091657,5.954292280,1.536623534,-0.131007912,3.200000000,0.000000000,3.200000000,standard,0.884098053,0.517256465
33.344362476,3.252821161,6.024443336,1.527072481,-0.141089907,3.200000000,0.000000000,3.200000000,standard,0.879851547,0.523478838
33.414561134,3.256245372,6.094563625,1.516812654,-0.151199606,3.200000000,0.000000000,3.200000000,standard,0.875989390,0.526194174
33.484759792,3.260413618,6.164642368,1.505842535,-0.161328664,3.200000000,0.000000000,3.200000000,standard,0.872495591,0.527873202
33.554958450,3.265374675,6.234668819,1.494232281,-0.165383461,3.200000000,0.000000000,3.200000000,standard,0.869342318,0.530966227
33.625157107,3.271144073,6.304634219,1.482905836,-0.157295519,3.200000000,0.000000000,3.200000000,standard,0.865792187,0.536700076
33.695355765,3.277685839,6.374532882,1.472146241,-0.149230775,3.200000000,0.000000000,3.200000000,standard,0.860008564,0.544406135
33.765554423,3.284959574,6.444359388,1.461951763,-0.141196573,3.200000000,0.000000000,3.200000000,standard,0.850060319,0.553252854
33.835753081,3.292924310,6.514108468,1.452383510,-0.128621025,3.200000000,0.000000000,3.200000000,standard,0.834071413,0.562419081
33.905951739,3.301516126,6.583780987,1.444043564,-0.108980904,3.200000000,0.000000000,3.200000000,standard,0.812396499,0.571504760
33.976150397,3.310640741,6.653385927,1.437082526,-0.089338207,3.200000000,0.000000000,3.200000000,standard,0.788340619,0.580666784
34.046349054,3.320201787,6.722932824,1.431500161,-0.069702534,3.200000000,0.000000000,3.200000000,standard,0.765411377,0.590100287
34.116547712,3.330102970,6.792431282,1.427290288,-0.050437623,3.200000000,0.000000000,3.200000000,standard,0.747035183,0.599992589
34.186746370,3.340250072,6.861892860,1.424410116,-0.031619302,3.200000000,0.000000000,3.200000000,standard,0.734205828,0.610296897
34.256945028,3.350551273,6.931331367,1.422851060,-0.012799105,3.200000000,0.000000000,3.200000000,standard,0.725121737,0.620697402
34.327143686,3.360914879,7.000760735,1.422613162,0.006021185,3.200000000,0.000000000,3.200000000,standard,0.717827148,0.630863453
34.397342344,3.371249548,7.070194822,1.423665985,0.023099438,3.200000000,0.000000000,3.200000000,standard,0.710412901,0.640476502
34.467541001,3.381472001,7.139645716,1.425825318,0.038420901,3.200000000,0.000000000,3.200000000,standard,0.702053031,0.649499297
34.537739659,3.391507070,7.209123733,1.429060228,0.053743100,3.200000000,0.000000000,3.200000000,standard,0.693011148,0.658177541
34.607938317,3.401279948,7.278639106,1.433370721,0.069064164,3.200000000,0.000000000,3.200000000,standard,0.683598741,0.666769367
34.678136975,3.410716291,7.348201895,1.438718765,0.082410957,3.200000000,0.000000000,3.200000000,standard,0.674121868,0.675522929
34.748335633,3.419750409,7.417818889,1.444915679,0.094138512,3.200000000,0.000000000,3.200000000,standard,0.664785951,0.684501306
34.818534291,3.428324252,7.487493990,1.451936113,0.105872288,3.200000000,0.000000000,3.200000000,standard,0.655707609,0.693604275
34.888732949,3.436380026,7.557231001,1.459780351,0.117606773,3.200000000,0.000000000,3.200000000,standard,0.647000415,0.702726009
34.958931606,3.443860923,7.627033427,1.468377154,0.125979592,3.200000000,0.000000000,3.200000000,standard,0.638777584,0.711738511
35.029130264,3.450724574,7.696900357,1.477438550,0.132170682,3.200000000,0.000000000,3.200000000,standard,0.631147025,0.720187349
35.099328922,3.456939609,7.766827523,1.486935266,0.138382231,3.200000000,0.000000000,3.200000000,standard,0.624212612,0.727369486
35.169527580,3.462474933,7.836810571,1.496868476,0.144609797,3.200000000,0.000000000,3.200000000,standard,0.618078116,0.732575648
35.239726238,3.467303768,7.906844931,1.506966001,0.139335194,3.200000000,0.000000000,3.200000000,standard,0.612851821,0.735248244
35.309924896,3.471447844,7.976923614,1.516368725,0.128544600,3.200000000,0.000000000,3.200000000,standard,0.608692722,0.736534966
35.380123553,3.474959423,8.047038106,1.525014417,0.117764783,3.200000000,0.000000000,3.200000000,standard,0.605791736,0.738656715
35.450322211,3.477891243,8.117179869,1.532903982,0.107002140,3.200000000,-0.433505896,3.200000000,standard,0.604340272,0.743851105
35.520520869,3.480292712,8.187340771,1.540225234,0.103220093,3.190475973,-1.800000000,3.190475973,standard,0.604363554,0.754036995
35.590719527,3.482185591,8.257516036,1.547414276,0.101593302,3.150622441,-1.800000000,3.150622441,standard,0.604505059,0.768483018
35.660918185,3.483577932,8.327702552,1.554489108,0.099967811,3.110258285,-1.800000000,3.110258285,standard,0.602723347,0.785144115
35.731116843,3.484477689,8.397897221,1.561449911,0.098344472,3.069363359,-1.800000000,3.069363359,standard,0.596972064,0.801965802
35.801315501,3.484888916,8.468096854,1.568492367,0.103257213,3.027916158,-1.800000000,3.027916158,standard,0.585803680,0.817125055
35.871514158,3.484791253,8.538297709,1.575953461,0.109307258,2.985893685,-1.800000000,2.985893685,standard,0.571519971,0.830248074
35.941712816,3.484154910,8.608495830,1.583839456,0.115361588,2.943271297,-1.800000000,2.943271297,standard,0.557870747,0.841520768
36.011911474,3.482950076,8.678687259,1.592150604,0.121416281,2.900022544,-1.800000000,2.900022544,standard,0.548608920,0.851130243
36.082110132,3.481141363,8.748867235,1.601146904,0.135517092,2.856118973,-1.800000000,2.856118973,standard,0.546626861,0.859434709
36.152308790,3.478665047,8.819026906,1.611180667,0.150333402,2.811529907,-1.800000000,2.811529907,standard,0.550447154,0.867661227
36.222507448,3.475448438,8.889156129,1.622255030,0.165161122,2.766222198,-1.800000000,2.766222198,standard,0.557208730,0.877311971
36.292706105,3.471418837,8.959244757,1.634370451,0.179980368,2.720159938,-1.800000000,2.720159938,standard,0.564049969,0.889889225
36.362904763,3.466496027,9.029280153,1.647872819,0.205206937,2.673304120,-1.800000000,2.673304120,standard,0.568879003,0.906438569
36.433103421,3.460564642,9.099238033,1.663188164,0.231077910,2.625612262,-1.800000000,2.625612262,standard,0.573200610,0.925871638
36.503302079,3.453499061,9.169090717,1.680321297,0.256974032,2.577037947,-1.800000000,2.577037947,standard,0.579569195,0.946477312
36.573500737,3.445173661,9.238810522,1.699272709,0.282807449,2.527530299,-1.800000000,2.527530299,standard,0.590539285,0.966544394
36.643699395,3.435448436,9.308362133,1.720756267,0.331011494,2.477033355,-1.800000000,2.477033355,standard,0.608314845,0.984474984
36.713898053,3.424108644,9.377670560,1.745783315,0.381739888,2.425485327,-1.800000000,2.425485327,standard,0.633277945,0.999259980
36.784096710,3.410915335,9.446647966,1.774379781,0.432614870,2.372817715,-1.800000000,2.372817715,standard,0.665220639,1.010080958
36.854295368,3.395629548,9.515206507,1.806547801,0.483153904,2.318954234,-1.800000000,2.318954234,standard,0.703934684,1.016119595
36.924494026,3.378012172,9.583247693,1.842424988,0.539184729,2.263809526,-1.800000000,2.263809526,standard,0.749046597,1.016828234
36.994692684,3.357822922,9.650589481,1.882417700,0.598781041,2.207287567,-1.800000000,2.207287567,standard,0.798886141,1.013783427
37.064891342,3.334820956,9.717010388,1.926651651,0.659886936,2.149279701,-1.800000000,2.149279701,standard,0.851170921,1.009564490
37.135090000,3.308765430,9.782288696,1.975200277,0.721370511,2.089662189,-1.626095565,2.089662189,standard,0.903614927,1.006756662
37.205288657,3.279421289,9.846201341,2.027691511,0.761165829,2.034302980,-0.883309705,2.034302980,standard,0.953843258,1.007830213
37.275487315,3.246676597,9.908496598,2.082069547,0.784680193,2.003590353,-0.965863170,2.003590353,standard,0.997590452,1.012810107
37.345685973,3.210537220,9.968895324,2.138250980,0.812113180,1.969459242,-1.004944282,1.969459242,standard,1.028782224,1.019381732
37.415884631,3.171013745,10.027117275,2.196469509,0.842769176,1.933307587,-0.762494048,1.933307587,standard,1.041271754,1.025136661
37.486083289,3.128116870,10.082882286,2.256880628,0.867618947,1.905420192,0.678232085,1.905420192,standard,1.028920269,1.027668567
37.556281947,3.081914074,10.135950960,2.317142729,0.845445101,1.930245599,0.617477606,1.930245599,standard,0.989767418,1.025661718
37.626480604,3.032622358,10.186191253,2.375960445,0.826220781,1.952572731,0.526379364,1.952572731,standard,0.932855151,1.020672064
37.696679262,2.980483039,10.233488576,2.433555758,0.810509865,1.971406229,0.408020937,1.971406229,standard,0.869014916,1.014722623
37.766877920,2.925737438,10.277728346,2.490173711,0.798736715,1.985882062,0.975099995,1.985882062,standard,0.809078160,1.009836416
37.837076578,2.868626342,10.318806813,2.545583446,0.771939819,2.020056679,1.258619466,2.020056679,standard,0.762896299,1.007738703
37.907275236,2.809385948,10.356714493,2.598747490,0.739899356,2.063331234,1.303375208,2.063331234,standard,0.731795481,1.007564569
37.977473894,2.748250083,10.391490421,2.649709849,0.709407347,2.107208144,1.310988098,2.107208144,standard,0.712714231,1.007116034
38.047672552,2.685452559,10.423174028,2.698604779,0.681171604,2.150438414,1.334381644,2.150438414,standard,0.702554873,1.004184118
38.117871209,2.621226296,10.451805267,2.745581638,0.654650338,2.193565356,1.470188764,2.193565356,standard,0.698252105,0.996605445
38.188069867,2.555773379,10.477442110,2.790654671,0.627722681,2.240120427,1.556209832,2.240120427,standard,0.697865135,0.983800446
38.258268525,2.489257844,10.500164762,2.833854203,0.601532222,2.288367805,1.617122065,2.288367805,standard,0.700840730,0.967143858
38.328467183,2.421841375,10.520054805,2.875251864,0.576535889,2.337448782,1.713753572,2.337448782,standard,0.706711374,0.948131150
38.398665841,2.353685613,10.537193847,2.914933296,0.552217589,2.388362035,2.000000000,2.388362035,standard,0.715008659,0.928257022
38.468864499,2.284937136,10.551673872,2.952744530,0.524089087,2.446439830,2.000000000,2.446439830,standard,0.724940668,0.908739123
38.539063156,2.215705161,10.563612585,2.988582599,0.496169205,2.503170484,2.000000000,2.503170484,standard,0.734913242,0.890108062
38.609261814,2.146093212,10.573131612,3.022479745,0.468812589,2.558643606,2.000000000,2.558643606,standard,0.743210000,0.872789778
38.679460472,2.076204814,10.580352580,3.054482669,0.442283437,2.612939290,2.000000000,2.612939290,standard,0.748114563,0.857210207
38.749659130,2.006136738,10.585384655,3.085211498,0.433021761,2.666129473,2.000000000,2.666129473,standard,0.748485714,0.843681861
38.819857788,1.935956440,10.588282933,3.115324866,0.424426686,2.718279051,1.289726538,2.718279051,standard,0.745678050,0.832025064
38.890056446,1.865723428,10.589087850,-3.138342559,0.416109919,2.751384223,1.053010658,2.751384223,standard,0.741722977,0.821926669
38.960255104,1.795497212,10.587839840,-3.109397237,0.408139202,2.778120770,0.335368030,2.778120770,standard,0.738651914,0.813073524
39.030453761,1.725336873,10.584576433,-3.080850097,0.405664374,2.786582097,0.150498064,2.786582097,standard,0.738052632,0.805228718
39.100652419,1.655298605,10.579315430,-3.052397465,0.404563512,2.790370819,-0.129367052,2.790370819,standard,0.738499260,0.798673194
39.170851077,1.585437400,10.572066425,-3.024011335,0.403763985,2.787114372,-1.800000000,2.787114372,standard,0.737312415,0.793903299
39.241049735,1.515808246,10.562838988,-2.995669950,0.403271541,2.741403172,-1.800000000,2.741403172,standard,0.731808608,0.791416087
39.311248393,1.446466903,10.551640004,-2.967179835,0.410174730,2.694916730,-1.800000000,2.694916730,standard,0.719626636,0.791637370
39.381447051,1.377477371,10.538447769,-2.938003039,0.420637530,2.647614212,-1.800000000,2.647614212,standard,0.701843422,0.794232984
39.451645708,1.308908635,10.523223281,-2.908079640,0.431428417,2.599451067,-1.800000000,2.599451067,standard,0.681615845,0.798409007
39.521844366,1.240829750,10.505927298,-2.877388025,0.442454735,2.550378537,-1.800000000,2.550378537,standard,0.662129738,0.803365114
39.592043024,1.173311337,10.486518758,-2.845738241,0.462765799,2.500343079,-1.800000000,2.500343079,standard,0.646496517,0.808337537
39.662241682,1.106453821,10.464921987,-2.812217974,0.491512390,2.449285680,-1.800000000,2.449285680,standard,0.636411204,0.813258302
39.732440340,1.040384339,10.441030283,-2.776654171,0.520914871,2.397141042,-1.800000000,2.397141042,standard,0.632299271,0.818683093
39.802638998,0.975230976,10.414735850,-2.739009894,0.550618759,2.343836599,-1.800000000,2.343836599,standard,0.634541249,0.825189668
39.872837655,0.911122477,10.385930939,-2.699237738,0.582708661,2.289291340,-1.800000000,2.289291340,standard,0.643503724,0.833341746
39.943036313,0.848224770,10.354510633,-2.656929118,0.621063652,2.233414353,-1.800000000,2.233414353,standard,0.658768327,0.842912884
40.013234971,0.786760045,10.320374302,-2.611854581,0.661294503,2.176103054,-1.800000000,2.176103054,standard,0.678728957,0.852481026
40.083433629,0.726955175,10.283421668,-2.563909786,0.702700034,2.117240972,-1.729350549,2.117240972,standard,0.701680649,0.860524597
40.153632287,0.669037034,10.243552461,-2.513032012,0.742939745,2.059104941,-0.689103101,2.059104941,standard,0.725918440,0.865522119
40.223830945,0.613235935,10.200699923,-2.460166914,0.760288343,2.035476586,-0.791735345,2.035476586,standard,0.749739807,0.866724601
40.294029603,0.559793937,10.154911854,-2.405937566,0.781248563,2.007985910,-0.858682475,2.007985910,standard,0.771450567,0.866023499
40.364228260,0.508955609,10.106260509,-2.350125776,0.805327803,1.977738785,-0.889345214,1.977738785,standard,0.789358318,0.865873958
40.434426918,0.460965520,10.054818142,-2.292539834,0.831883255,1.945915985,0.229024817,1.945915985,standard,0.801770658,0.868731120
40.504625576,0.416058353,10.000666195,-2.233866614,0.824878657,1.954160559,0.722162393,1.954160559,standard,0.807155492,0.876696925
40.574824234,0.374358861,9.943988216,-2.176583051,0.803544134,1.979932613,0.650125076,1.979932613,standard,0.805762951,0.887946540
40.645022892,0.335923191,9.885031486,-2.120685995,0.785260248,2.002850211,0.547511253,2.002850211,standard,0.798955504,0.898204322
40.715221550,0.300806446,9.824044256,-2.065957850,0.770495534,2.021949079,0.900373680,2.021949079,standard,0.788112542,0.903157340
40.785420207,0.269062695,9.761274676,-2.012289067,0.747386261,2.052970561,2.000000000,2.052970561,standard,0.774593701,0.898539524
40.855618865,0.240665381,9.696963099,-1.961521043,0.696722778,2.120255352,2.000000000,2.120255352,standard,0.758218768,0.883736872
40.925817523,0.215450952,9.631336632,-1.914302363,0.646628244,2.185469604,2.000000000,2.185469604,standard,0.736191118,0.864340758
40.996016181,0.193242549,9.564621095,-1.870547043,0.598167986,2.248793459,2.000000000,2.248793459,standard,0.705459896,0.846545515
41.066214839,0.173863309,9.497042306,-1.830128116,0.552027971,2.310382361,2.000000000,2.310382361,standard,0.662974248,0.836545471
41.136413497,0.157130170,9.428805338,-1.792956196,0.505920588,2.370371550,2.000000000,2.370371550,standard,0.607813887,0.838503429
41.206612155,0.142835927,9.360034487,-1.759051535,0.459408734,2.428879560,2.000000000,2.428879560,standard,0.547353990,0.848672319
41.276810812,0.130767499,9.290834391,-1.728408252,0.413105676,2.486010970,2.000000000,2.486010970,standard,0.490988403,0.861380237
41.347009470,0.120711806,9.221309687,-1.700997051,0.367401846,2.541858607,2.000000000,2.541858607,standard,0.448110974,0.870955279
41.417208128,0.112469375,9.151558674,-1.676054660,0.346694663,2.596505307,2.000000000,2.596505307,standard,0.426623232,0.872524773
41.487406786,0.105928736,9.081638638,-1.652272551,0.330608998,2.650025366,2.000000000,2.650025366,standard,0.424775950,0.866384652
41.557605444,0.101013428,9.011590550,-1.629618393,0.314632936,2.702485721,2.000000000,2.702485721,standard,0.436980450,0.854887124
41.627804102,0.097647081,8.941455340,-1.608081380,0.298841816,2.753946932,2.000000000,2.753946932,standard,0.457638223,0.840389662
41.698002759,0.095748028,8.871272328,-1.587945853,0.271983418,2.804464001,2.000000000,2.804464001,standard,0.481186490,0.825151057
41.768201417,0.095189244,8.801067034,-1.569922405,0.241444669,2.854087063,2.000000000,2.854087063,standard,0.502368465,0.810585039
41.838400075,0.095820661,8.730857971,-1.554040708,0.210959746,2.902861966,2.000000000,2.902861966,standard,0.516082813,0.797676012
41.908598733,0.097492030,8.660663597,-1.540295169,0.180590326,2.950830769,2.000000000,2.950830769,standard,0.517229425,0.787405001
41.978797391,0.100059396,8.590501318,-1.528314573,0.164462178,2.998032165,2.000000000,2.998032165,standard,0.501743815,0.780594220
42.048996049,0.103436717,8.520378879,-1.517154784,0.153459279,3.044501846,2.000000000,3.044501846,standard,0.475092217,0.776604377
42.119194707,0.107569164,8.450298816,-1.506768106,0.142448441,3.090272824,2.000000000,3.090272824,standard,0.447876277,0.774008679
42.189393364,0.112402205,8.380263615,-1.497154301,0.131443049,3.135375696,2.000000000,3.135375696,standard,0.430747384,0.771372705
42.259592022,0.117885017,8.310275976,-1.488107944,0.127973708,3.179838893,0.916147255,3.179838893,standard,0.432880922,0.767394804
42.329790680,0.123996479,8.240340305,-1.479168683,0.126699225,3.200000000,0.000000000,3.200000000,standard,0.451625430,0.761837187
42.399989338,0.130729737,8.170461830,-1.470318487,0.125436745,3.200000000,0.000000000,3.200000000,standard,0.478646702,0.754973244
42.470187996,0.138078031,8.100645784,-1.461556528,0.124187099,3.200000000,0.000000000,3.200000000,standard,0.505574444,0.747079612
42.540386654,0.146033438,8.030897071,-1.452942364,0.120908686,3.200000000,0.000000000,3.200000000,standard,0.525059748,0.738418485
42.610585311,0.154580557,7.961218474,-1.444582700,0.117255358,3.200000000,0.000000000,3.200000000,standard,0.536323917,0.729159140
42.680783969,0.163701025,7.891611939,-1.436479280,0.113606672,3.200000000,0.000000000,3.200000000,standard,0.541189485,0.719434069
42.750982627,0.173376475,7.822079408,-1.428631668,0.109964922,3.200000000,0.000000000,3.200000000,standard,0.541485457,0.709375674
42.821181285,0.183594983,7.752623950,-1.420737531,0.115616475,3.200000000,0.000000000,3.200000000,standard,0.539097933,0.699098012
42.891379943,0.194376820,7.683254242,-1.412396133,0.122023046,3.200000000,0.000000000,3.200000000,standard,0.536198190,0.688623510
42.961578601,0.205752291,7.613980713,-1.403604691,0.128441631,3.200000000,0.000000000,3.200000000,standard,0.535046365,0.677946044
43.031777258,0.217751701,7.544813792,-1.394362553,0.134734259,3.200000000,0.000000000,3.200000000,standard,0.537902622,0.667059482
43.101975916,0.230389686,7.475760918,-1.385346256,0.122139897,3.200000000,0.000000000,3.200000000,standard,0.546335628,0.655839829
43.172174574,0.243619494,7.406817832,-1.377213863,0.109549869,3.200000000,0.000000000,3.200000000,standard,0.559205670,0.643701459
43.242373232,0.257379347,7.337977406,-1.369964805,0.096971715,3.200000000,0.000000000,3.200000000,standard,0.574710045,0.629945746
43.312571890,0.271607468,7.269232515,-1.363598383,0.084354513,3.200000000,0.000000000,3.200000000,standard,0.591046149,0.613874236
43.382770548,0.286241525,7.200574761,-1.358145755,0.070989576,3.200000000,0.000000000,3.200000000,standard,0.606807100,0.595469458
43.452969206,0.301217374,7.131991594,-1.353631579,0.057620482,3.200000000,0.000000000,3.200000000,standard,0.621878796,0.576938674
43.523167863,0.316470500,7.063469615,-1.350055935,0.044251045,3.200000000,0.000000000,3.200000000,standard,0.636410713,0.560942729
43.593366521,0.331936389,6.994995425,-1.347419768,0.030628869,3.200000000,0.000000000,3.200000000,standard,0.650552445,0.550141038
43.663565179,0.347548097,6.926554719,-1.345819229,0.014971242,3.200000000,0.000000000,3.200000000,standard,0.664573805,0.545764066
43.733763837,0.363231696,6.858130585,-1.345317854,-0.000686776,3.200000000,0.000000000,3.200000000,standard,0.679090602,0.544929525
43.803962495,0.378912008,6.789705644,-1.345915649,-0.016344729,3.200000000,0.000000000,3.200000000,standard,0.694780519,0.544019699
43.874161153,0.394513836,6.721262516,-1.347617929,-0.032996551,3.200000000,0.000000000,3.200000000,standard,0.712319115,0.539420299
43.944359810,0.409953968,6.652782450,-1.350712568,-0.055171201,3.200000000,0.000000000,3.200000000,standard,0.731476740,0.528979460
44.014558468,0.425128738,6.584243213,-1.355363889,-0.077346618,3.200000000,0.000000000,3.200000000,standard,0.749713876,0.514277040
44.084757126,0.439931265,6.515622020,-1.361571822,-0.099516329,3.200000000,0.000000000,3.200000000,standard,0.764127897,0.497479524
44.154955784,0.454254604,6.446896096,-1.369348477,-0.123427401,3.200000000,0.000000000,3.200000000,standard,0.771826842,0.480750114
44.225154442,0.467979135,6.378044238,-1.379093582,-0.154193813,3.200000000,0.000000000,3.200000000,standard,0.772044099,0.465597855
44.295353100,0.480957347,6.309048698,-1.391000414,-0.185009881,3.200000000,0.000000000,3.200000000,standard,0.768689596,0.452092401
44.365551758,0.493038015,6.239892191,-1.405071188,-0.215839542,3.200000000,0.000000000,3.200000000,standard,0.766296023,0.440111732
44.435750415,0.504070202,6.170557550,-1.421256883,-0.241413675,3.200000000,0.000000000,3.200000000,standard,0.769366057,0.429533704
44.505949073,0.513932842,6.101039790,-1.438605174,-0.252764007,3.200000000,0.000000000,3.200000000,standard,0.779303798,0.420223785
44.576147731,0.522560304,6.031356539,-1.456756541,-0.264273663,3.200000000,0.000000000,3.200000000,standard,0.791762416,0.412024450
44.646346389,0.529892978,5.961527884,-1.475720161,-0.275914564,3.200000000,-0.548088729,3.200000000,standard,0.801770133,0.404775672
44.716545047,0.535872025,5.891573945,-1.495404554,-0.279091049,3.187953860,-1.800000000,3.187953860,standard,0.804408787,0.398320506
44.786743705,0.540485626,5.821517065,-1.514502185,-0.264932384,3.148068399,-1.800000000,3.148068399,standard,0.798054420,0.392691311
44.856942362,0.543795493,5.751383056,-1.532608542,-0.250837090,3.107671070,-1.800000000,3.107671070,standard,0.786234132,0.388216453
44.927141020,0.545869742,5.681198033,-1.549729563,-0.236846979,3.066741644,-1.800000000,3.066741644,standard,0.772923428,0.385250064
44.997339678,0.546775758,5.610988035,-1.565954549,-0.229096404,3.025258525,-1.800000000,3.025258525,standard,0.762055035,0.384139801
45.067538336,0.546549164,5.540775748,-1.582118982,-0.231349560,2.983198614,-1.800000000,2.983198614,standard,0.755694498,0.384950501
45.137736994,0.545182192,5.470579279,-1.598442740,-0.233652706,2.940537163,-1.800000000,2.940537163,standard,0.753356676,0.387360664
45.207935652,0.542663948,5.400416408,-1.614929387,-0.236000032,2.897247597,-1.800000000,2.897247597,standard,0.754372763,0.391020968
45.278134309,0.538983951,5.330304905,-1.631538180,-0.235238016,2.853301328,-1.800000000,2.853301328,standard,0.758077879,0.395585489
45.348332967,0.534147838,5.260262212,-1.647862164,-0.229775835,2.808667531,-1.800000000,2.808667531,standard,0.763961292,0.400841639
45.418531625,0.528182282,5.190305351,-1.663805360,-0.224384708,2.763312891,-1.800000000,2.763312891,standard,0.771713373,0.406750781
45.488730283,0.521115368,5.120451311,-1.679372824,-0.219075948,2.717201311,-1.800000000,2.717201311,standard,0.781038020,0.413285980
45.558928941,0.512975404,5.050716962,-1.694544118,-0.211940040,2.670293578,-1.800000000,2.670293578,standard,0.791651233,0.420428564
45.629127599,0.503800041,4.981114034,-1.709066979,-0.201782651,2.622546973,-1.800000000,2.622546973,standard,0.803778753,0.428508042
45.699326257,0.493639501,4.911647342,-1.722877053,-0.191634277,2.573914812,-1.800000000,2.573914812,standard,0.818332179,0.438322391
45.769524914,0.482544893,4.842321214,-1.735975996,-0.181514567,2.524345914,-1.800000000,2.524345914,standard,0.836271404,0.450702577
45.839723572,0.470565169,4.773140410,-1.748621141,-0.191146966,2.473783969,-1.800000000,2.473783969,standard,0.858533898,0.466455577
45.909922230,0.457647461,4.704130087,-1.763568097,-0.234646586,2.422166789,-1.800000000,2.422166789,standard,0.884997497,0.485254845
45.980120888,0.443595126,4.635344201,-1.781569907,-0.278161007,2.369425413,-1.800000000,2.369425413,standard,0.914043802,0.505173256
46.050319546,0.428200659,4.566838884,-1.802624610,-0.321509431,2.315483020,-1.800000000,2.315483020,standard,0.943941394,0.524162789
46.120518204,0.411255654,4.498671044,-1.826868384,-0.378340040,2.260253625,-1.800000000,2.260253625,standard,0.972960870,0.540231766
46.190716861,0.392485074,4.430954858,-1.856579703,-0.467491214,2.203640461,-1.800000000,2.203640461,standard,0.999521674,0.555550232
46.260915519,0.371502690,4.363900075,-1.892594131,-0.557739625,2.145533993,-1.800000000,2.145533993,standard,1.022291643,0.579233210
46.331114177,0.347911720,4.297725513,-1.934956359,-0.648005151,2.085809422,-1.800000000,2.085809422,standard,1.039962189,0.621054893
46.401312835,0.321315463,4.232650067,-1.983622118,-0.732901683,2.024323536,-1.800000000,2.024323536,standard,1.051226189,0.690778122
46.471511493,0.291371607,4.168940784,-2.037465896,-0.797732433,1.960910658,-1.800000000,1.960910658,standard,1.055738736,0.790702779
46.541710151,0.257886087,4.106995970,-2.096106073,-0.868420353,1.895377387,-1.800000000,1.895377387,standard,1.055777608,0.902787146
46.611908809,0.220689862,4.047236084,-2.159859796,-0.943187118,1.827495628,-1.772639569,1.827495628,standard,1.054063279,1.005555959
46.682107466,0.179613887,3.990081588,-2.228935368,-1.019131711,1.758086015,-0.196598420,1.758086015,standard,1.053316223,1.077533952
46.752306124,0.134527777,3.935944018,-2.301520864,-1.028314712,1.750218428,-0.005216187,1.750218428,standard,1.055917669,1.100379785
46.822504782,0.085589918,3.885168233,-2.374011126,-1.028560612,1.750009202,-0.186466161,1.750009202,standard,1.061714628,1.079163121
46.892703440,0.033089339,3.838068934,-2.446835626,-1.037428833,1.742513374,-0.351820474,1.742513374,standard,1.069407616,1.029544882
46.962902098,-0.022684290,3.794960669,-2.520539356,-1.054584557,1.728281866,0.202336287,1.728281866,standard,1.077691510,0.967238094
47.033100756,-0.081440439,3.756154500,-2.595224016,-1.044649417,1.736480832,1.629720395,1.736480832,standard,1.085260968,0.907820745
47.103299413,-0.142841730,3.721771408,-2.666159868,-0.970971334,1.801159084,1.840495593,1.801159084,standard,1.090798898,0.859511987
47.173498071,-0.206480774,3.691648289,-2.731992463,-0.899338424,1.871516681,1.999753537,1.871516681,standard,1.092970633,0.819532840
47.243696729,-0.271944451,3.665598791,-2.792979611,-0.832598815,1.945079617,2.000000000,1.945079617,standard,1.090440071,0.784204384
47.313895387,-0.338819640,3.643436564,-2.849486639,-0.772527088,2.015968588,1.568030112,2.015968588,standard,1.081871111,0.749847702
47.384094045,-0.406727979,3.624980328,-2.902525518,-0.735246651,2.069849407,1.607897174,2.069849407,standard,1.066531924,0.713832619
47.454292703,-0.475446141,3.610071412,-2.952935508,-0.698444639,2.123681006,1.747165675,2.123681006,standard,1.046386306,0.678207345
47.524491361,-0.544794020,3.598557449,-3.000765383,-0.662416214,2.180669252,1.858994631,2.180669252,standard,1.024149436,0.646324149
47.594690018,-0.614591508,3.590286072,-3.046105547,-0.627950841,2.239713428,2.000000000,2.239713428,standard,1.002536524,0.621535354
47.664888676,-0.684664258,3.585101066,-3.088880976,-0.587903121,2.301545323,2.000000000,2.301545323,standard,0.983988998,0.606745808
47.735087334,-0.754885385,3.582814484,-3.128709894,-0.545879659,2.361758985,2.000000000,2.361758985,standard,0.968692292,0.601173136
47.805285992,-0.825151352,3.583222773,3.117572489,-0.504588901,2.420475188,2.000000000,2.420475188,standard,0.955721944,0.602220936
47.875484650,-0.895358785,3.586122268,3.083531455,-0.464491297,2.477800389,2.000000000,2.477800389,standard,0.944145756,0.607280159
47.945683308,-0.965409385,3.591308846,3.052326729,-0.423341690,2.533829000,2.000000000,2.533829000,standard,0.933130729,0.613909304
48.015881965,-1.035257055,3.598573652,3.024080070,-0.381075634,2.588645211,2.000000000,2.588645211,standard,0.922864481,0.621390663
48.086080623,-1.104886413,3.607705048,2.998802084,-0.338846028,2.642324480,1.932546123,2.642324480,standard,0.914135147,0.630020785
48.156279281,-1.174282471,3.618491359,2.976479449,-0.296910947,2.693177110,-1.800000000,2.693177110,standard,0.907738562,0.640109226
48.226477939,-1.243430540,3.630729245,2.956579582,-0.276672366,2.645843491,-1.800000000,2.645843491,standard,0.904336068,0.651955791
48.296676597,-1.312319196,3.644307277,2.937512183,-0.266441848,2.597647515,-1.800000000,2.597647515,standard,0.903106113,0.665752781
48.366875255,-1.380939045,3.659171031,2.919163340,-0.256233110,2.548540257,-1.800000000,2.548540257,standard,0.902307366,0.681625817
48.437073912,-1.449280723,3.675266935,2.901529398,-0.246081264,2.498467986,-1.800000000,2.498467986,standard,0.900184743,0.699699523
48.507272570,-1.517331741,3.692552656,2.883865851,-0.267265873,2.447371469,-1.800000000,2.447371469,standard,0.895225600,0.720055937
48.577471228,-1.585044267,3.711113082,2.863823333,-0.303661513,2.395185158,-1.800000000,2.395185158,standard,0.888661604,0.742295058
48.647669886,-1.652348108,3.731113572,2.841224863,-0.340013964,2.341836196,-1.800000000,2.341836196,standard,0.883460383,0.765711960
48.717868544,-1.719172716,3.752720759,2.816075490,-0.376081558,2.287243232,-1.800000000,2.287243232,standard,0.882616987,0.789596902
48.788067202,-1.785434592,3.776115131,2.787349286,-0.453491522,2.231314956,-1.800000000,2.231314956,standard,0.888646708,0.813812358
48.858265860,-1.850923022,3.801613264,2.752126277,-0.549144621,2.173948312,-1.800000000,2.173948312,standard,0.899353651,0.843839939
48.928464517,-1.915355112,3.829608949,2.710147142,-0.645968097,2.115026264,-1.800000000,2.115026264,standard,0.909868762,0.888349591
48.998663175,-1.978447139,3.860496861,2.661374895,-0.742151473,2.054414985,-1.800000000,2.054414985,standard,0.915292335,0.956047815
49.068861833,-2.039905981,3.894632952,2.607242334,-0.793869661,1.991960281,-1.716791786,1.991960281,standard,0.912030073,1.050959077
49.139060491,-2.099387284,3.932162172,2.549619947,-0.845212640,1.930511021,-1.616659792,1.930511021,standard,0.903600308,1.151597362
49.209259149,-2.156529337,3.973157960,2.488257079,-0.900026202,1.870801461,-1.019904534,1.870801461,standard,0.895931970,1.227830679
49.279457807,-2.210970829,4.017692659,2.423130575,-0.938419918,1.832131613,0.182621759,1.832131613,standard,0.894921605,1.249700756
49.349656464,-2.262393667,4.065731232,2.357367470,-0.931306300,1.839115508,0.025289348,1.839115508,standard,0.902919383,1.205916661
49.419855122,-2.310559980,4.117039312,2.291886621,-0.930329703,1.840080544,-0.134606415,1.840080544,standard,0.915692253,1.119840062
49.490053780,-2.355240615,4.171360864,2.226291588,-0.935551484,1.834938154,1.859008765,1.834938154,standard,0.928291613,1.018599145
49.560252438,-2.396232231,4.228432252,2.161915615,-0.868247478,1.904730393,2.000000000,1.904730393,standard,0.936032670,0.927983785
49.630451096,-2.433669886,4.287890154,2.104873471,-0.755240535,1.977066641,2.000000000,1.977066641,standard,0.937689605,0.856236618
49.700649754,-2.467926679,4.349301125,2.055691234,-0.643977711,2.046848097,2.000000000,2.046848097,standard,0.934469725,0.799257101
49.770848412,-2.499380665,4.412230260,2.014187608,-0.536528789,2.114327734,2.000000000,2.114327734,standard,0.927630989,0.752687751
49.841047069,-2.528387741,4.476270918,1.978433598,-0.492957453,2.179719338,2.000000000,2.179719338,standard,0.918489240,0.712507454
49.911245727,-2.555138159,4.541227726,1.944798123,-0.464532104,2.243205525,2.000000000,2.243205525,standard,0.908793058,0.677209733
49.981444385,-2.579747185,4.607000951,1.913179510,-0.435904311,2.304943743,2.000000000,2.304943743,standard,0.900486922,0.646426469
50.051643043,-2.602329716,4.673491335,1.883571300,-0.407398175,2.365070885,2.000000000,2.365070885,standard,0.895516277,0.619795162
50.121841701,-2.622992237,4.740603313,1.855466485,-0.396580580,2.423706856,2.000000000,2.423706856,standard,0.895453309,0.596931867
50.192040359,-2.641778827,4.808268731,1.827836089,-0.390340622,2.480957387,2.000000000,2.480957387,standard,0.899101542,0.577293580
50.262239016,-2.658705511,4.876431761,1.800632804,-0.384333183,2.536916274,2.000000000,2.536916274,standard,0.904019636,0.560265778
50.332437674,-2.673788179,4.945036632,1.773838307,-0.378598591,2.591667188,2.000000000,2.591667188,standard,0.907760291,0.545233598
50.402636332,-2.687030274,5.014028566,1.746729418,-0.399742387,2.645285135,-0.617699267,2.645285135,standard,0.908180540,0.531660722
50.472834990,-2.698328615,5.083361266,1.717584614,-0.430096717,2.628841974,-1.800000000,2.628841974,standard,0.905744408,0.519683684
50.543033648,-2.707525839,5.152992750,1.686295885,-0.460872742,2.580328459,-1.800000000,2.580328459,standard,0.902240722,0.509780942
50.613232306,-2.714464157,5.222881069,1.652840907,-0.491774119,2.530885179,-1.213402374,2.530885179,standard,0.899468742,0.502433648
50.683430963,-2.718993143,5.292980555,1.617656858,-0.505210780,2.497002474,-0.669673833,2.497002474,standard,0.899010695,0.498074695
50.753629621,-2.721032065,5.363210347,1.581893208,-0.512945695,2.478104305,-0.727871986,2.478104305,standard,0.900394669,0.496680225
50.823828279,-2.720538601,5.433470190,1.545551168,-0.521625978,2.457398965,-0.771798836,2.457398965,standard,0.902016768,0.497974680
50.894026937,-2.717470828,5.503659623,1.508571348,-0.531156888,2.435251771,0.550690320,2.435251771,standard,0.902261280,0.501679870
50.964225595,-2.711793858,5.573679490,1.471326434,-0.524321298,2.451074587,1.109342191,2.451074587,standard,0.899768111,0.507581687
51.034424253,-2.703542308,5.643443466,1.434959142,-0.511071985,2.482642805,1.114420376,2.482642805,standard,0.895702293,0.516099040
51.104622911,-2.692790411,5.712872547,1.399499464,-0.498419541,2.513956429,1.102504254,2.513956429,standard,0.892668343,0.528011695
51.174821568,-2.679612864,5.781887811,1.364901049,-0.486504101,2.544556064,0.105483149,2.544556064,standard,0.893287530,0.544103619
51.245020226,-2.664080536,5.850410085,1.330873573,-0.485393873,2.547464448,-0.399319797,2.547464448,standard,0.899945883,0.564956939
51.315218884,-2.646221577,5.918357362,1.296625113,-0.489623732,2.536436809,-0.440193465,2.536436809,standard,0.912404310,0.588901395
51.385417542,-2.626037402,5.985645864,1.262063128,-0.494372805,2.524224575,-0.473810457,2.524224575,standard,0.928780705,0.612856995
51.455616200,-2.603529018,6.052191785,1.227151289,-0.499588594,2.511013339,-0.200607763,2.511013339,standard,0.947167766,0.633722127
51.525814858,-2.578698576,6.117911220,1.191928534,-0.501830231,2.505398810,-0.064207556,2.505398810,standard,0.965707721,0.648816564
51.596013515,-2.551565078,6.182718753,1.156648025,-0.502551957,2.503599135,-0.130996186,2.503599135,standard,0.983269872,0.661645372
51.666212173,-2.522160327,6.246527831,1.121290148,-0.504030878,2.499923422,-0.195270805,2.499923422,standard,0.999276102,0.680414511
51.736410831,-2.490516447,6.309251867,1.085804322,-0.506251676,2.494434128,1.375812447,2.494434128,standard,1.013162104,0.713447417
51.806609489,-2.456668978,6.370806778,1.050479235,-0.491008925,2.532856489,2.000000000,2.532856489,standard,1.024549356,0.768471317
51.876808147,-2.420721674,6.431158434,1.017073925,-0.460112036,2.587693302,2.000000000,2.587693302,standard,1.036769846,0.841305975
51.947006805,-2.382841207,6.490318776,0.985819389,-0.429795793,2.641391917,2.000000000,2.641391917,standard,1.056578086,0.916787878
52.017205463,-2.343196608,6.548301473,0.956670973,-0.400285599,2.694020395,-0.720159185,2.694020395,standard,1.090856655,0.979342521
52.087404120,-2.301962544,6.605127235,0.930298370,-0.331696973,2.675189241,-1.800000000,2.675189241,standard,1.146108644,1.014069746
52.157602778,-2.259433965,6.660966927,0.910746903,-0.225323801,2.627531599,-1.800000000,2.627531599,standard,1.220745950,1.020447310
52.227801436,-2.216021062,6.716135284,0.898667155,-0.118839446,2.578993435,-1.800000000,2.578993435,standard,1.305428139,1.011728724
52.298000094,-2.172138659,6.770952823,0.894057192,-0.012491141,2.529524060,-1.800000000,2.529524060,standard,1.390503104,1.001721346
52.368198752,-2.128203638,6.825741057,0.897077471,0.102021171,2.479067728,-1.800000000,2.479067728,standard,1.466405706,1.003536806
52.438397410,-2.084667150,6.880838051,0.908481458,0.222823454,2.427562899,-1.800000000,2.427562899,standard,1.525019952,1.018694435
52.508596067,-2.042008640,6.936595539,0.928371155,0.343790200,2.374941360,-1.800000000,2.374941360,standard,1.559426172,1.039143692
52.578794725,-2.000708398,6.993365665,0.956741587,0.464203904,2.321127161,-1.800000000,2.321127161,standard,1.562740517,1.056547460
52.648993383,-1.961240705,7.051487100,0.992674115,0.543499182,2.266035332,-1.800000000,2.266035332,standard,1.528929759,1.063147548
52.719192041,-1.923995983,7.111110589,1.032867254,0.600314969,2.209570311,-1.800000000,2.209570311,standard,1.463826103,1.059261316
52.789390699,-1.889303086,7.172248892,1.077134773,0.659360022,2.151623989,-1.800000000,2.151623989,standard,1.381973915,1.051135575
52.859589357,-1.857489447,7.234911588,1.125593236,0.719708724,2.092073283,-0.589780725,2.092073283,standard,1.298118600,1.045153959
52.929788015,-1.828871812,7.299101394,1.177369073,0.733587381,2.072188937,0.834860943,2.072188937,standard,1.226511541,1.047347261
52.999986672,-1.803586955,7.364705466,1.228252916,0.714094767,2.100280749,0.766716105,2.100280749,standard,1.173081999,1.057802382
53.070185330,-1.781622034,7.431514894,1.277864750,0.697084003,2.125752598,0.669574644,2.125752598,standard,1.136841114,1.071665108
53.140383988,-1.762959661,7.499317850,1.326374799,0.682877885,2.147750123,1.645808103,2.147750123,standard,1.116589812,1.083931087
53.210582646,-1.747578195,7.567903704,1.373613006,0.650302761,2.200885647,2.000000000,2.200885647,standard,1.111064946,1.089717944
53.280781304,-1.735345751,7.637092873,1.417348051,0.594486754,2.263778316,2.000000000,2.263778316,standard,1.117342698,1.087304721
53.350979962,-1.726012830,7.706738894,1.457172508,0.539080315,2.324970300,2.000000000,2.324970300,standard,1.130727578,1.078343200
53.421178619,-1.719324202,7.776696922,1.493146470,0.484889255,2.384592528,2.000000000,2.384592528,standard,1.146437785,1.064649463
53.491377277,-1.715025254,7.846823436,1.525426752,0.436794485,2.442759946,2.000000000,2.442759946,standard,1.159731561,1.048050579
53.561575935,-1.712882167,7.917019939,1.554634918,0.394917693,2.499574121,2.000000000,2.499574121,standard,1.167224594,1.030746033
53.631774593,-1.712686496,7.987242862,1.580893420,0.352931318,2.555125324,2.000000000,2.555125324,standard,1.167188724,1.015389674
53.701973251,-1.714231337,8.057451973,1.604209876,0.311144956,2.609494214,2.000000000,2.609494214,standard,1.157996309,1.004662930
53.772171909,-1.717311931,8.127607373,1.624807582,0.282842650,2.662753215,2.000000000,2.662753215,standard,1.138180253,1.001164312
53.842370566,-1.721788890,8.197679487,1.644255803,0.271111866,2.714967645,2.000000000,2.714967645,standard,1.111169700,1.004963585
53.912569224,-1.727598615,8.267650698,1.662880321,0.259411606,2.766196657,2.000000000,2.766196657,standard,1.086069967,1.013198960
53.982767882,-1.734681747,8.337504061,1.680685477,0.247782325,2.816494022,2.000000000,2.816494022,standard,1.072303974,1.022844615
54.052966540,-1.742980214,8.407222580,1.697788799,0.242719605,2.865908793,2.000000000,2.865908793,standard,1.078851606,1.030944128
54.123165198,-1.752466785,8.476788051,1.714889630,0.244420156,2.914485862,-1.319765923,2.914485862,standard,1.104059774,1.036206655
54.193363856,-1.763145804,8.546181036,1.732111468,0.246161780,2.882522549,-1.800000000,2.882522549,standard,1.135390223,1.039046436
54.263562514,-1.775023048,8.615382039,1.749457619,0.247939239,2.838348301,-1.800000000,2.838348301,standard,1.159811213,1.039955012
54.333761171,-1.788108013,8.684370399,1.767238220,0.265981155,2.793475597,-1.800000000,2.793475597,standard,1.165012694,1.039425216
54.403959829,-1.802481823,8.753102984,1.787041011,0.298067814,2.747870219,-1.800000000,2.747870219,standard,1.152579213,1.037974778
54.474158487,-1.818290249,8.821516386,1.809101476,0.330290154,2.701495063,-1.800000000,2.701495063,standard,1.136635418,1.036143899
54.544357145,-1.835681380,8.889546466,1.833425470,0.362485517,2.654309779,-1.800000000,2.654309779,standard,1.131755851,1.034473585
54.614555803,-1.854804029,8.957126528,1.860109374,0.399211310,2.606270369,-1.800000000,2.606270369,standard,1.151503828,1.033456496
54.684754461,-1.875817482,9.024152894,1.889565912,0.439580962,2.557328698,-1.800000000,2.557328698,standard,1.194827169,1.032886530
54.754953118,-1.898888898,9.090494065,1.921878346,0.480525072,2.507431934,-1.800000000,2.507431934,standard,1.249680584,1.032032009
54.825151776,-1.924185631,9.156017866,1.957075425,0.521639392,2.456521877,-1.800000000,2.456521877,standard,1.303750509,1.030148427
54.895350434,-1.951865259,9.220590733,1.994690164,0.544814488,2.404534168,-1.362134805,2.404534168,standard,1.346003491,1.026681895
54.965549092,-1.982001156,9.284067141,2.033621625,0.563451378,2.364433229,-1.359293426,2.364433229,standard,1.376433899,1.022720610
55.035747750,-2.014623706,9.346295459,2.073905770,0.583365381,2.323726177,-1.287399881,2.323726177,standard,1.400666342,1.020191134
55.105946408,-2.049762948,9.407124005,2.115618886,0.603569006,2.284503416,1.923366445,2.284503416,standard,1.424370544,1.021026747
55.176145066,-2.087412592,9.466425843,2.156973260,0.573875928,2.342859651,2.000000000,2.342859651,standard,1.450552716,1.025881420
55.246343723,-2.127426994,9.524168942,2.196268212,0.544883423,2.402037879,2.000000000,2.402037879,standard,1.472002504,1.030502018
55.316542381,-2.169627102,9.580344023,2.233566629,0.516988441,2.459792797,2.000000000,2.459792797,standard,1.479060328,1.029459024
55.386741039,-2.213834124,9.634942241,2.268937840,0.489673161,2.516222414,2.000000000,2.516222414,standard,1.462228045,1.017429467
55.456939697,-2.259881904,9.687975991,2.302338525,0.461404406,2.571413982,2.000000000,2.571413982,standard,1.419876319,0.994283692
55.527138355,-2.307622355,9.739488039,2.333758683,0.433364706,2.625445581,2.000000000,2.625445581,standard,1.361628457,0.967318656
55.597337013,-2.356908781,9.789523485,2.363225361,0.405813678,2.678387413,2.000000000,2.678387413,standard,1.297973237,0.944402514
55.667535670,-2.407597474,9.838127403,2.390898879,0.383734732,2.730302870,2.000000000,2.730302870,standard,1.238774977,0.932603718
55.737734328,-2.459574018,9.885344608,2.417142896,0.363731091,2.781249430,2.000000000,2.781249430,standard,1.187774346,0.931148575
55.807932986,-2.512740606,9.931219766,2.441988515,0.343916589,2.831279397,2.000000000,2.831279397,standard,1.145241225,0.934818588
55.878131644,-2.566999616,9.975797544,2.465452516,0.324517049,2.880440532,2.000000000,2.880440532,standard,1.111405836,0.938344471
55.948330302,-2.622262889,10.019115884,2.488025377,0.318419085,2.928776586,2.000000000,2.928776586,standard,1.085776036,0.937643722
56.018528960,-2.678479090,10.061186557,2.510171683,0.312393052,2.976327758,2.000000000,2.976327758,standard,1.065047229,0.933254454
56.088727617,-2.735605847,10.102014966,2.531898731,0.306468467,3.023131084,2.000000000,3.023131084,standard,1.045230449,0.926839147
56.158926275,-2.793600915,10.141606288,2.553260549,0.306032648,3.069220777,-1.248228736,3.069220777,standard,1.022355256,0.920060013
56.229124933,-2.852438995,10.179936282,2.575333276,0.322650258,3.040537488,-1.800000000,3.040537488,standard,0.994896912,0.914544136
56.299323591,-2.912128484,10.216922192,2.598579584,0.339464415,2.998691889,-1.800000000,2.998691889,standard,0.966194248,0.911848746
56.369522249,-2.972681759,10.252474348,2.623010818,0.356390650,2.956254028,-1.800000000,2.956254028,standard,0.940161083,0.913522813
56.439720907,-3.034110724,10.286503231,2.648597660,0.370929616,2.913198021,-1.800000000,2.913198021,standard,0.920596941,0.921025718
56.509919565,-3.096411295,10.318924462,2.675055264,0.382559766,2.869496043,-1.789856017,2.869496043,standard,0.907473622,0.932816522
56.580118222,-3.159560002,10.349659890,2.702344426,0.394602511,2.825370164,-1.729674165,2.825370164,standard,0.896119985,0.943714975
56.650316880,-3.223532205,10.378631739,2.730490043,0.406983319,2.782063075,0.486453374,2.782063075,standard,0.881585643,0.948321939
56.720515538,-3.288301718,10.405766184,2.759192259,0.403423506,2.794310595,2.000000000,2.794310595,standard,0.859210392,0.941558575
56.790714196,-3.353815578,10.431057627,2.786966600,0.387590165,2.844110816,2.000000000,2.844110816,standard,0.829348493,0.923880928
56.860912854,-3.419998206,10.454558107,2.813641036,0.372065748,2.893053917,2.000000000,2.893053917,standard,0.796590069,0.900420509
56.931111512,-3.486773311,10.476321471,2.839239059,0.356941747,2.941182687,2.000000000,2.941182687,standard,0.765658315,0.876455713
57.001310169,-3.554065572,10.496402849,2.863724372,0.339439392,2.988536469,2.000000000,2.988536469,standard,0.740890703,0.856984643
57.071508827,-3.621811702,10.514873268,2.886894393,0.320492175,3.035151538,2.000000000,3.035151538,standard,0.721833944,0.843524106
57.141707485,-3.689956558,10.531814517,2.908737118,0.301650949,3.081061423,2.000000000,3.081061423,standard,0.704791744,0.835234319
57.211906143,-3.758445154,10.547308590,2.929262976,0.282996604,3.126297190,2.000000000,3.126297190,standard,0.686006491,0.831230944
57.282104801,-3.827223728,10.561436797,2.948541455,0.266851351,3.170887692,1.321045530,3.170887692,standard,0.662154643,0.830519775
57.352303459,-3.896251544,10.574273203,2.966747791,0.251762518,3.200000000,0.000000000,3.200000000,standard,0.634529331,0.830938096
57.422502117,-3.965495733,10.585887496,2.983896316,0.236726132,3.200000000,0.000000000,3.200000000,standard,0.607210225,0.829617898
57.492700774,-4.034923533,10.596349308,2.999992147,0.221781796,3.200000000,0.000000000,3.200000000,standard,0.584315527,0.823681419
57.562899432,-4.104503057,10.605727249,3.015108548,0.209580626,3.200000000,0.000000000,3.200000000,standard,0.569463314,0.810679267
57.633098090,-4.174210897,10.614080074,3.029431164,0.198432307,3.200000000,0.000000000,3.200000000,standard,0.561419391,0.792318128
57.703296748,-4.244028408,10.621460991,3.042971870,0.187309745,3.200000000,0.000000000,3.200000000,standard,0.556222439,0.772640539
57.773495406,-4.313937002,10.627923150,3.055733151,0.176231293,3.200000000,0.000000000,3.200000000,standard,0.549880798,0.755715021
57.843694064,-4.383918667,10.633518184,3.067807022,0.168582216,3.200000000,0.000000000,3.200000000,standard,0.538815344,0.745352910
57.913892721,-4.453960458,10.638284450,3.079413921,0.162080660,3.200000000,0.000000000,3.200000000,standard,0.523058949,0.743113749
57.984091379,-4.524052050,10.642253438,3.090564835,0.155593012,3.200000000,0.000000000,3.200000000,standard,0.504513390,0.749391964
58.054290037,-4.594183143,10.645456577,3.101261046,0.149126719,3.200000000,0.000000000,3.200000000,standard,0.485096164,0.764572181
58.124488695,-4.664343665,10.647923689,3.111591078,0.145799293,3.200000000,0.000000000,3.200000000,standard,0.466637074,0.788568195
58.194687353,-4.734525275,10.649672497,3.121738511,0.143288622,3.200000000,0.000000000,3.200000000,standard,0.450307771,0.817760158
58.264886011,-4.804720416,10.650715233,3.131710162,0.140794008,3.200000000,0.000000000,3.200000000,standard,0.436980945,0.846923083
58.335084669,-4.874921539,10.651064100,3.141507183,0.138317565,3.200000000,0.000000000,3.200000000,standard,0.427527789,0.870823947
58.405283326,-4.945121529,10.650736759,-3.132325494,0.126892160,3.200000000,0.000000000,3.200000000,standard,0.422634177,0.884920884
58.475481984,-5.015315943,10.649784123,-3.123869243,0.114023663,3.200000000,0.000000000,3.200000000,standard,0.421857119,0.888882223
58.545680642,-5.085501341,10.648269620,-3.116316042,0.101163396,3.200000000,0.000000000,3.200000000,standard,0.424328583,0.883961526
58.615879300,-5.155674287,10.646256706,-3.109665193,0.088316699,3.200000000,0.000000000,3.200000000,standard,0.429179761,0.871415240
58.686077958,-5.225831921,10.643806555,-3.103813686,0.078569055,3.200000000,0.000000000,3.200000000,standard,0.435380677,0.852997409
58.756276616,-5.295974131,10.640969520,-3.098633768,0.069007503,3.200000000,0.000000000,3.200000000,standard,0.441134794,0.832828736
58.826475273,-5.366101618,10.637792738,-3.094125089,0.059446096,3.200000000,0.000000000,3.200000000,standard,0.444417917,0.815732794
58.896673931,-5.436215086,10.634323343,-3.090287594,0.049860478,3.200000000,0.000000000,3.200000000,standard,0.443205847,0.806533213
58.966872589,-5.506315588,10.630609168,-3.087150647,0.039512458,3.200000000,0.000000000,3.200000000,standard,0.436441820,0.808379506
59.037071247,-5.576405454,10.626700572,-3.084740152,0.029163776,3.200000000,0.000000000,3.200000000,standard,0.426573331,0.818357191
59.107269905,-5.646487296,10.622648485,-3.083056117,0.018815245,3.200000000,0.000000000,3.200000000,standard,0.416841048,0.832179228
59.177468563,-5.716563732,10.618503830,-3.082096573,0.008894328,3.200000000,0.000000000,3.200000000,standard,0.410483870,0.845560683
59.247667220,-5.786637275,10.614313664,-3.081720271,0.001826700,3.200000000,0.000000000,3.200000000,standard,0.409593077,0.855586740
59.317865878,-5.856710168,10.610114519,-3.081840110,-0.005240998,3.200000000,0.000000000,3.200000000,standard,0.413137238,0.863070702
59.388064536,-5.926784608,10.605941154,-3.082456091,-0.012308653,3.200000000,0.000000000,3.200000000,standard,0.419558786,0.869454010
59.458263194,-5.996862790,10.601828356,-3.083573135,-0.019984487,3.200000000,0.000000000,3.200000000,standard,0.427299721,0.876164266
59.528461852,-6.066946918,10.597814847,-3.085316658,-0.029689366,3.200000000,0.000000000,3.200000000,standard,0.434737878,0.882582859
59.598660510,-6.137039210,10.593947417,-3.087741469,-0.039394650,3.200000000,0.000000000,3.200000000,standard,0.440119666,0.883899795
59.668859168,-6.207141883,10.590273841,-3.090847579,-0.049099806,3.200000000,0.000000000,3.200000000,standard,0.441675395,0.874791728
59.739057825,-6.277257139,10.586841736,-3.094614385,-0.057043225,3.200000000,0.000000000,3.200000000,standard,0.437667034,0.850057100
59.809256483,-6.347386038,10.583689118,-3.098773868,-0.061461451,3.200000000,0.000000000,3.200000000,standard,0.428261100,0.811821096
59.879455141,-6.417527870,10.580839107,-3.103243612,-0.065882522,3.200000000,0.000000000,3.200000000,standard,0.416579108,0.773576674
59.949653799,-6.487681774,10.578313540,-3.108023772,-0.070305834,3.200000000,0.000000000,3.200000000,standard,0.405997108,0.749795984
60.019852457,-6.557846868,10.576133327,-3.113024602,-0.068924935,3.200000000,0.000000000,3.200000000,standard,0.399812886,0.754509566
60.090051115,-6.628021680,10.574290740,-3.117556334,-0.060185988,3.200000000,0.000000000,3.200000000,standard,0.398907302,0.788110200
60.160249772,-6.698204044,10.572744650,-3.121474645,-0.051448006,3.200000000,0.000000000,3.200000000,standard,0.401341980,0.835082838
60.230448430,-6.768391758,10.571452039,-3.124779633,-0.042712015,3.200000000,0.000000000,3.200000000,standard,0.405019219,0.879013427
60.300647088,-6.838582664,10.570369858,-3.127469110,-0.033857942,3.200000000,0.000000000,3.200000000,standard,0.407912825,0.904209931
60.370845746,-6.908775470,10.569454499,-3.129531635,-0.024904331,3.200000000,0.000000000,3.200000000,standard,0.409323209,0.908375219
60.441044404,-6.978969645,10.568661857,-3.130965607,-0.015950344,3.200000000,0.000000000,3.200000000,standard,0.409721580,0.901033921
60.511243062,-7.049164685,10.567947811,-3.131771020,-0.006996325,3.200000000,0.000000000,3.200000000,standard,0.409619345,0.892116513
60.581441720,-7.119360090,10.567268334,-3.131954106,0.001681495,3.200000000,0.000000000,3.200000000,standard,0.409510418,0.890748637
60.651640377,-7.189555397,10.566580587,-3.131536863,0.010205996,3.200000000,-1.502956490,3.200000000,standard,0.409666904,0.895848253
60.721839035,-7.259750169,10.565842550,-3.130521212,0.018730493,3.166857897,-1.800000000,3.166857897,standard,0.410208500,0.899319472
60.792037693,-7.329943973,10.565012216,-3.128907155,0.027254804,3.126703340,-1.800000000,3.126703340,standard,0.411251906,0.892928671
60.862236351,-7.400136323,10.564048318,-3.126738049,0.034076980,3.086026346,-1.800000000,3.086026346,standard,0.412880702,0.869761419
60.932435009,-7.470326289,10.562916549,-3.124128995,0.040256109,3.044805977,-1.800000000,3.044805977,standard,0.414865408,0.835371506
61.002633667,-7.540512691,10.561586432,-3.121086153,0.046435781,3.003019858,-1.800000000,3.003019858,standard,0.416804213,0.802176096
61.072832324,-7.610694347,10.560027534,-3.117609503,0.052615438,2.960644035,-1.800000000,2.960644035,standard,0.418293515,0.782663739
61.143030982,-7.680870037,10.558210951,-3.113780961,0.055870336,2.917652812,-1.800000000,2.917652812,tight_bend_1_standard,0.419054657,0.787282964
61.213229640,-7.751038244,10.556119168,-3.109770597,0.058386221,2.874018574,-1.800000000,2.874018574,tight_bend_1_standard,0.419738435,0.811306732
61.283428298,-7.821197321,10.553739804,-3.105583572,0.060903327,2.829711575,-1.800000000,2.829711575,tight_bend_1_standard,0.421414604,0.843167519
61.353626956,-7.891345618,10.551060505,-3.101219813,0.063421255,2.784699701,-1.800000000,2.784699701,tight_bend_1_standard,0.425154947,0.871264697
61.423825614,-7.961481292,10.548066234,-3.096546666,0.070304882,2.738948203,-1.800000000,2.738948203,tight_bend_1_standard,0.431607643,0.885660249
61.494024272,-8.031601319,10.544725846,-3.091345813,0.077868542,2.692419375,-1.800000000,2.692419375,tight_bend_1_standard,0.438873738,0.886413539
61.564222929,-8.101702239,10.541002198,-3.085613964,0.085432111,2.645072196,-1.800000000,2.645072196,tight_bend_1_standard,0.444106718,0.877303051
61.634421587,-8.171780589,10.536858139,-3.079351150,0.092992544,2.596861905,-1.800000000,2.596861905,tight_bend_1_standard,0.444458481,0.862113508
61.704620245,-8.241831541,10.532247360,-3.072130165,0.113745796,2.547739505,-1.800000000,2.547739505,tight_bend_1_standard,0.438035192,0.844319031
61.774818903,-8.311843363,10.527077351,-3.063377188,0.135619781,2.497651180,-1.800000000,2.497651180,tight_bend_1_standard,0.427757138,0.825826825
61.845017561,-8.381802154,10.521241066,-3.053088361,0.157499418,2.446537604,-1.800000000,2.446537604,tight_bend_1_standard,0.418059265,0.808051099
61.915216219,-8.451694008,10.514631455,-3.041263771,0.179356646,2.394333118,-1.800000000,2.394333118,tight_bend_1_standard,0.413377079,0.792405877
61.985414876,-8.521499474,10.507118883,-3.026863205,0.232583358,2.340964740,-1.800000000,2.340964740,tight_bend_1_standard,0.417147481,0.780066454
62.055613534,-8.591172967,10.498467424,-3.008598826,0.287704383,2.286350967,-1.800000000,2.286350967,tight_bend_1_standard,0.428106587,0.771084316
62.125812192,-8.660661220,10.488409899,-2.986464706,0.342730597,2.230400318,-1.800000000,2.230400318,tight_bend_1_standard,0.443608570,0.765180575
62.196010850,-8.729910967,10.476679126,-2.960471821,0.397274418,2.173009528,-1.800000000,2.173009528,tight_bend_1_standard,0.461007416,0.762076297
62.266209508,-8.798847455,10.462984010,-2.929300005,0.495288919,2.114061314,-1.800000000,2.114061314,tight_bend_1_standard,0.478397199,0.761510964
62.336408166,-8.867271793,10.446895292,-2.890771153,0.601192890,2.053421552,-1.800000000,2.053421552,tight_bend_1_standard,0.498147912,0.763330475
62.406606823,-8.934940608,10.427934208,-2.844767681,0.707894541,1.990935686,-1.800000000,1.990935686,tight_bend_1_standard,0.524161752,0.767418858
62.476805481,-9.001610468,10.405621928,-2.791285175,0.812740152,1.926424080,-1.800000000,1.926424080,tight_bend_1_standard,0.560342878,0.773660193
62.547004139,-9.067025991,10.379490531,-2.730851134,0.896111421,1.859675931,-1.800000000,1.859675931,tight_bend_1_standard,0.610201570,0.781901220
62.617202797,-9.130756297,10.349232236,-2.664836962,0.976755830,1.790441119,-1.800000000,1.790441119,tight_bend_1_standard,0.671464690,0.791440427
62.687401455,-9.192237097,10.314661003,-2.592800297,1.066724740,1.718419108,-1.729419840,1.718419108,tight_bend_1_standard,0.737462676,0.801159540
62.757600113,-9.250900765,10.275593830,-2.514245787,1.162293719,1.646255851,-1.363740083,1.646255851,tight_bend_1_standard,0.801416045,0.809929860
62.827798771,-9.306179682,10.231847743,-2.428919769,1.250648710,1.587039029,0.226731807,1.587039029,tight_bend_1_standard,0.856545510,0.816622754
62.897997428,-9.357535263,10.183365824,-2.341203978,1.235039644,1.597036448,0.008321968,1.597036448,tight_bend_1_standard,0.897252360,0.820487753
62.968196086,-9.404526464,10.130514678,-2.253942166,1.234474137,1.597402203,-0.207999646,1.597402203,tight_bend_1_standard,0.921904129,0.822044858
63.038394744,-9.446732704,10.073749748,-2.166172397,1.248765503,1.588235249,-0.398904442,1.588235249,tight_bend_1_standard,0.929700361,0.822080582
63.108593402,-9.483733404,10.013526481,-2.076955326,1.277120519,1.570505044,0.025895444,1.570505044,tight_bend_1_standard,0.919840599,0.821381438
63.178792060,-9.515112817,9.950301024,-1.985953404,1.275240788,1.571662096,1.047209260,1.571662096,tight_bend_1_standard,0.891593172,0.820725845
63.248990718,-9.540686991,9.884563261,-1.898516300,1.203600663,1.617759906,1.088050062,1.617759906,tight_bend_1_standard,0.847524145,0.820504141
63.319189375,-9.560601222,9.816850996,-1.815930139,1.137222534,1.664303584,1.042677206,1.664303584,tight_bend_1_standard,0.794883865,0.820555418
63.389388033,-9.575025892,9.747705680,-1.737663691,1.080137455,1.707716458,0.905820397,1.707716458,tight_bend_1_standard,0.741279524,0.820676775
63.459586691,-9.584131379,9.677668767,-1.663030108,1.035002723,1.744554457,0.550668911,1.744554457,tight_bend_1_standard,0.694318317,0.820665309
63.529785349,-9.588084793,9.607262643,-1.591031517,1.009362173,1.766573715,0.496903110,1.766573715,tight_bend_1_standard,0.661303760,0.820331456
63.599984007,-9.587024439,9.536841890,-1.520707993,0.987291659,1.786210109,0.497367278,1.786210109,tight_bend_1_standard,0.646866583,0.819603030
63.670182665,-9.581073657,9.466673887,-1.451922736,0.966146359,1.805651014,0.470828299,1.805651014,tight_bend_1_standard,0.654248630,0.818468842
63.740381323,-9.570355658,9.397025272,-1.384517653,0.946947317,1.823863650,0.019698923,1.823863650,tight_bend_1_standard,0.686679882,0.816918223
63.810579980,-9.554992989,9.328163280,-1.318156537,0.946160668,1.824621684,-1.298732061,1.824621684,tight_bend_1_standard,0.747334655,0.814940392
63.880778638,-9.535025898,9.260429294,-1.249455858,1.000983253,1.773952027,-1.356193915,1.773952027,tight_bend_1_standard,0.832508486,0.812510548
63.950977296,-9.510333876,9.194309540,-1.176566225,1.065449080,1.719447530,-1.324725623,1.719447530,tight_bend_1_standard,0.925059585,0.809576509
64.021175954,-9.480777811,9.130306999,-1.098946179,1.136974007,1.664485472,-1.215357958,1.664485472,tight_bend_1_standard,1.006291393,0.806082923
64.091374612,-9.446218590,9.068924655,-1.016206741,1.211594898,1.612413995,0.058438171,1.612413995,tight_bend_1_standard,1.057507352,0.801974439
64.161573270,-9.406547908,9.010656472,-0.930056050,1.207783438,1.614956177,0.491869170,1.614956177,tight_bend_1_standard,1.061781932,0.797164426
64.231771927,-9.361995451,8.955897444,-0.845934772,1.176628543,1.636196982,0.319275242,1.636196982,tight_bend_1_standard,1.021621683,0.791223026
64.301970585,-9.312999783,8.904981405,-0.763526647,1.157251801,1.649838159,0.112603599,1.649838159,tight_bend_1_standard,0.951541977,0.783508275
64.372169243,-9.260002560,8.858241282,-0.682041148,1.150569267,1.654622372,-0.037352715,1.654622372,tight_bend_1_standard,0.866235897,0.773375070
64.442367901,-9.203445437,8.816009997,-0.600662796,1.152777418,1.653036894,1.488610345,1.653036894,tight_bend_1_standard,0.780396267,0.760178327
64.512566559,-9.143776338,8.778518267,-0.522277723,1.070872057,1.715088298,1.727712923,1.715088298,tight_bend_1_standard,0.705679236,0.743514541
64.582765217,-9.081465042,8.745640496,-0.449705938,0.989292363,1.784403017,1.911816340,1.784403017,tight_bend_1_standard,0.643153813,0.723822453
64.652963874,-9.016986086,8.717173485,-0.382712456,0.912380215,1.858092572,2.000000000,1.858092572,tight_bend_1_standard,0.591583169,0.701724240
64.723162532,-8.950814007,8.692914034,-0.320896693,0.842897318,1.932175623,2.000000000,1.932175623,tight_bend_1_standard,0.549730471,0.677842080
64.793361190,-8.883415894,8.672652893,-0.264064289,0.765289911,2.003521218,2.000000000,2.003521218,tight_bend_1_standard,0.516373616,0.652895343
64.863559848,-8.815117612,8.656066178,-0.213509430,0.672777860,2.072412098,2.000000000,2.072412098,tight_bend_1_standard,0.490569598,0.629445544
64.933758506,-8.746118774,8.642727512,-0.169507681,0.579436262,2.139085443,2.000000000,2.139085443,tight_bend_1_standard,0.471624940,0.611701176
65.003957164,-8.676614541,8.632206909,-0.132024936,0.487218803,2.203742536,2.000000000,2.203742536,tight_bend_1_standard,0.458854955,0.603928739
65.074155822,-8.606799514,8.624075422,-0.100796394,0.413766541,2.266555933,2.000000000,2.266555933,tight_bend_1_standard,0.451566119,0.610354165
65.144354479,-8.536816875,8.617998883,-0.072777633,0.383878868,2.327674897,2.000000000,2.327674897,tight_bend_1_standard,0.448259586,0.631506563
65.214553137,-8.466717937,8.613812475,-0.046875833,0.353778832,2.387229578,2.000000000,2.387229578,tight_bend_1_standard,0.445997513,0.661309338
65.284751795,-8.396544492,8.611368936,-0.023090895,0.323704451,2.445334270,2.000000000,2.445334270,tight_bend_1_standard,0.441692937,0.693001362
65.354950453,-8.326338301,8.610521003,-0.001412232,0.293974936,2.502089991,2.000000000,2.502089991,tight_bend_1_standard,0.432269141,0.719832580
65.425149111,-8.256134020,8.611122531,0.018208711,0.264954528,2.557586549,2.000000000,2.557586549,tight_bend_1_standard,0.417115372,0.737718368
65.495347769,-8.185950007,8.613029928,0.035792594,0.235944328,2.611904207,2.000000000,2.611904207,tight_bend_1_standard,0.401274689,0.748685232
65.565546426,-8.115802348,8.616099958,0.051343749,0.207032043,2.665115047,2.000000000,2.665115047,tight_bend_1_standard,0.390579261,0.755612618
65.635745084,-8.045707116,8.620189493,0.064893881,0.182034763,2.717284094,2.000000000,2.717284094,tight_bend_1_standard,0.390848624,0.761371188
65.705943742,-7.975677073,8.625183271,0.077387755,0.173870802,2.768470242,2.000000000,2.768470242,tight_bend_1_standard,0.404566400,0.766512052
65.776142400,-7.905717246,8.631031159,0.089307309,0.165696620,2.818727037,2.000000000,2.818727037,tight_bend_1_standard,0.426420847,0.766165992
65.846341058,-7.835831558,8.637692309,0.100652806,0.157525489,2.868103335,2.000000000,2.868103335,tight_bend_1_standard,0.449988578,0.754690830
65.916539716,-7.766023931,8.645125902,0.111429932,0.149967376,2.916643855,2.000000000,2.916643855,tight_bend_1_standard,0.468868816,0.726488893
65.986738374,-7.696298285,8.653295010,0.121763203,0.144417912,2.964389652,2.000000000,2.964389652,tight_bend_1_standard,0.479991094,0.682516514
66.056937031,-7.626658537,8.662170676,0.131707471,0.138883986,3.011378527,2.000000000,3.011378527,tight_bend_1_standard,0.487099906,0.637141797
66.127135689,-7.557108598,8.671724920,0.141263924,0.133370188,3.057645379,2.000000000,3.057645379,tight_bend_1_standard,0.494773451,0.606373567
66.197334347,-7.487652331,8.681929570,0.150406315,0.125268644,3.103222502,2.000000000,3.103222502,tight_bend_1_standard,0.507535548,0.606058624
66.267533005,-7.418289496,8.692742007,0.158703671,0.111119996,3.148139852,2.000000000,3.148139852,tight_bend_1_standard,0.525753154,0.639658107
66.337731663,-7.349012933,8.704095219,0.166007740,0.096971402,3.192425279,0.344884356,3.192425279,tight_bend_1_standard,0.542775390,0.689723053
66.407930321,-7.279814816,8.715919843,0.172318833,0.082830186,3.200000000,0.000000000,3.200000000,tight_bend_1_standard,0.551275142,0.736789603
66.478128978,-7.210687293,8.728146603,0.177646586,0.069382962,3.200000000,0.000000000,3.200000000,tight_bend_1_standard,0.544118573,0.761685718
66.548327636,-7.141621408,8.740710047,0.182084684,0.057059230,3.200000000,0.000000000,3.200000000,tight_bend_1_standard,0.522745727,0.758184688
66.618526294,-7.072606682,8.753549980,0.185657569,0.044733731,3.200000000,0.000000000,3.200000000,tight_bend_1_standard,0.500389841,0.737865830
66.688724952,-7.003632526,8.766606591,0.188365222,0.032408507,3.200000000,0.000000000,3.200000000,tight_bend_1_standard,0.491141875,0.713603494
66.758923610,-6.934688423,8.779820511,0.190250438,0.022804555,3.200000000,0.000000000,3.200000000,standard,0.508667926,0.697908485
66.829122268,-6.865765954,8.793145564,0.191631961,0.016555718,3.200000000,0.000000000,3.200000000,standard,0.553972378,0.692457155
66.899320926,-6.796859105,8.806550692,0.192574816,0.010306749,3.200000000,0.000000000,3.200000000,standard,0.613547993,0.686508468
66.969519583,-6.727961995,8.820005668,0.193079000,0.004057757,3.200000000,0.000000000,3.200000000,standard,0.673090524,0.668639398
67.039718241,-6.659068689,8.833479998,0.193121727,-0.003468172,3.200000000,0.000000000,3.200000000,standard,0.718697456,0.628069994
67.109916899,-6.590172081,8.846937310,0.192570774,-0.012228830,3.200000000,0.000000000,3.200000000,standard,0.745351429,0.568243385
67.180115557,-6.521263917,8.860335479,0.191404835,-0.020989400,3.200000000,-0.988952343,3.200000000,standard,0.756727616,0.506517442
67.250314215,-6.452335893,8.873632139,0.189623923,-0.029749578,3.178231229,-1.800000000,3.178231229,standard,0.756864390,0.460831428
67.320512873,-6.383379638,8.886784282,0.187179473,-0.040949285,3.138222200,-1.800000000,3.138222200,standard,0.749730603,0.448079585
67.390711530,-6.314385588,8.899737907,0.183846387,-0.054011344,3.097696469,-1.800000000,3.097696469,standard,0.738107531,0.467303962
67.460910188,-6.245343180,8.912429796,0.179596306,-0.067074861,3.056633482,-1.800000000,3.056633482,standard,0.723780470,0.502574597
67.531108846,-6.176241820,8.924796444,0.174429191,-0.080137309,3.015011289,-1.800000000,3.015011289,standard,0.708503888,0.537498138
67.601307504,-6.107070933,8.936773376,0.168280624,-0.096107806,2.972806402,-1.800000000,2.972806402,tight_bend_2_standard,0.694121039,0.556565187
67.671506162,-6.037820213,8.948283260,0.160913358,-0.113784535,2.929993641,-1.800000000,2.929993641,tight_bend_2_standard,0.683650502,0.555968351
67.741704820,-5.968479542,8.959239655,0.152304972,-0.131463952,2.886545958,-1.800000000,2.886545958,tight_bend_2_standard,0.680943201,0.540187344
67.811903477,-5.899038805,8.969555932,0.142455528,-0.149130334,2.842434239,-1.800000000,2.842434239,tight_bend_2_standard,0.689867671,0.513877253
67.882102135,-5.829488255,8.979140985,0.131097538,-0.177731245,2.797627072,-1.800000000,2.797627072,tight_bend_2_standard,0.713614512,0.481595484
67.952300793,-5.759821933,8.987857239,0.117446569,-0.211143371,2.752090490,-1.800000000,2.752090490,tight_bend_2_standard,0.748332988,0.446884856
68.022499451,-5.690036130,8.995539577,0.101447967,-0.244607148,2.705787666,-1.800000000,2.705787666,tight_bend_2_standard,0.785998912,0.412686835
68.092698109,-5.620127166,9.002022523,0.083100195,-0.278029441,2.658678568,-1.800000000,2.658678568,tight_bend_2_standard,0.818533399,0.381935008
68.162896767,-5.550094063,9.007143244,0.062571365,-0.304975315,2.610719548,-1.800000000,2.610719548,tight_bend_2_standard,0.838649735,0.357604756
68.233095425,-5.479960788,9.010763350,0.040280506,-0.329891032,2.561862875,-1.800000000,2.561862875,tight_bend_2_standard,0.846376344,0.343057408
68.303294082,-5.409764789,9.012757657,0.016230487,-0.355076810,2.512056175,-1.800000000,2.512056175,tight_bend_2_standard,0.845694073,0.341862828
68.373492740,-5.339543645,9.013001107,-0.009593150,-0.380402885,2.461241771,-1.800000000,2.461241771,tight_bend_2_standard,0.840622404,0.357592918
68.443691398,-5.269336540,9.011369025,-0.037178093,-0.404974247,2.409355907,-1.800000000,2.409355907,tight_bend_2_standard,0.834705878,0.392970338
68.513890056,-5.199199227,9.007740655,-0.066482350,-0.429560102,2.356327804,-1.800000000,2.356327804,tight_bend_2_standard,0.826580650,0.441941172
68.584088714,-5.129197246,9.001997557,-0.097525321,-0.454368647,2.302078528,-1.800000000,2.302078528,tight_bend_2_standard,0.811984820,0.493269542
68.654287372,-5.059396262,8.994021323,-0.130320008,-0.479144867,2.246519615,-1.800000000,2.246519615,tight_bend_2_standard,0.786618936,0.535652430
68.724486029,-4.989867152,8.983685674,-0.165483449,-0.533347837,2.189551373,-1.800000000,2.189551373,tight_bend_2_standard,0.746680405,0.558495063
68.794684687,-4.920760227,8.970744411,-0.205649610,-0.609492266,2.131060780,-1.800000000,2.131060780,tight_bend_2_standard,0.695939812,0.561997814
68.864883345,-4.852287698,8.954857882,-0.251219816,-0.687154698,2.070918849,-1.800000000,2.070918849,tight_bend_2_standard,0.644069362,0.554773487
68.935082003,-4.784663413,8.935683962,-0.302258843,-0.764727682,2.008977279,-1.800000000,2.008977279,tight_bend_2_standard,0.600897271,0.545657276
69.005280661,-4.718102797,8.912881916,-0.358643196,-0.832612057,1.945064148,-1.768287760,1.945064148,tight_bend_2_standard,0.576133328,0.543412872
69.075479319,-4.652907032,8.886186398,-0.419325569,-0.891086163,1.880162675,-1.716047709,1.880162675,tight_bend_2_standard,0.573050840,0.552917908
69.145677977,-4.589505337,8.855444622,-0.484386462,-0.956260002,1.814960934,-1.593280036,1.814960934,tight_bend_2_standard,0.585313481,0.573248148
69.215876634,-4.528337392,8.820512996,-0.554194873,-1.025927984,1.752253108,-1.412133646,1.752253108,tight_bend_2_standard,0.605799735,0.603005297
69.286075292,-4.469842875,8.781247931,-0.628990441,-1.096746562,1.694736316,-0.338816443,1.694736316,tight_bend_2_standard,0.627388087,0.640791055
69.356273950,-4.414462882,8.737552275,-0.707182997,-1.115217053,1.680643407,-0.400089525,1.680643407,tight_bend_2_standard,0.643974709,0.684946435
69.426472608,-4.362646444,8.689589127,-0.786682279,-1.137845148,1.663848180,-0.550015777,1.663848180,tight_bend_2_standard,0.655159087,0.732351487
69.496671266,-4.314845353,8.637612189,-0.868152731,-1.170494606,1.640478597,-0.645935105,1.640478597,tight_bend_2_standard,0.662526285,0.779377633
69.566869924,-4.271511406,8.581875257,-0.952214746,-1.211313683,1.612601151,-0.437582558,1.612601151,tight_bend_2_standard,0.667663385,0.822395781
69.637068581,-4.233095675,8.522632988,-1.039217527,-1.240622931,1.593438752,0.114695991,1.593438752,tight_bend_2_standard,0.672150922,0.857795228
69.707267239,-4.199978599,8.460224096,-1.126556223,-1.232804305,1.598483677,-0.047102450,1.598483677,tight_bend_2_standard,0.676929946,0.883761940
69.777465897,-4.172411674,8.395140748,-1.213767746,-1.236003241,1.596413796,-0.202419717,1.596413796,tight_bend_2_standard,0.681774116,0.901761715
69.847664555,-4.150632669,8.327891448,-1.301597979,-1.249941558,1.587487897,-0.334278243,1.587487897,tight_bend_2_standard,0.686332823,0.913609491
69.917863213,-4.134879355,8.258984696,-1.390763980,-1.273660747,1.572636657,-0.022891527,1.572636657,tight_bend_2_standard,0.690255456,0.921120208
69.988061871,-4.125380993,8.188931695,-1.481288498,-1.275318026,1.571614503,0.129320721,1.571614503,tight_bend_2_standard,0.693200172,0.926039516
70.058260528,-4.122232098,8.118286404,-1.571106636,-1.266011820,1.577380242,-0.032614838,1.577380242,tight_bend_2_standard,0.694963968,0.929015675
70.128459186,-4.125419510,8.047636946,-1.660684172,-1.268346025,1.575928105,-0.190789504,1.575928105,tight_bend_2_standard,0.695454786,0.929820030
70.198657844,-4.134927061,7.977572402,-1.750818165,-1.282174929,1.567406475,-0.326870026,1.567406475,tight_bend_2_standard,0.694583670,0.928199433
70.268856502,-4.150738585,7.908681850,-1.842280904,-1.306581521,1.552698098,0.392033292,1.552698098,tight_bend_2_standard,0.692261662,0.923900735
70.339055160,-4.172800654,7.841541019,-1.933855731,-1.277417948,1.570322198,0.406450573,1.570322198,tight_bend_2_standard,0.688393238,0.916547203
70.409253818,-4.200840294,7.776646964,-2.023105889,-1.248525366,1.588387980,0.255451990,1.588387980,tight_bend_2_standard,0.682844188,0.905033856
70.479452476,-4.234504382,7.714468022,-2.110723519,-1.231026006,1.599637818,0.073693773,1.599637818,tight_bend_2_standard,0.675466182,0.887989875
70.549651133,-4.273439681,7.655472488,-2.197515203,-1.226068526,1.602868540,0.096576934,1.602868540,tight_bend_2_standard,0.666110867,0.864044050
70.619849791,-4.317292793,7.600128269,-2.284235664,-1.219631798,1.607092623,1.096186985,1.607092623,tight_bend_2_standard,0.654631709,0.831828706
70.690048449,-4.365664537,7.548790104,-2.367862112,-1.151043002,1.654281841,1.164418882,1.654281841,tight_bend_2_standard,0.641411852,0.791005898
70.760247107,-4.418046636,7.501543109,-2.446756290,-1.086158321,1.702976716,1.152866392,1.702976716,tight_bend_2_standard,0.628096439,0.743691085
70.830445765,-4.473914916,7.458433102,-2.521342429,-1.028743068,1.749854006,1.053805717,1.749854006,tight_bend_2_standard,0.616514534,0.692357284
70.900644423,-4.532745202,7.419505903,-2.592191355,-0.981326590,1.791630692,1.724507259,1.791630692,tight_bend_2_standard,0.608495202,0.639477511
70.970843080,-4.594019569,7.384793599,-2.659309419,-0.912499490,1.857971131,2.000000000,1.857971131,tight_bend_2_standard,0.605856265,0.587487826
71.041041738,-4.657314520,7.354120720,-2.720295742,-0.821088259,1.932058839,2.000000000,1.932058839,tight_bend_2_standard,0.610245644,0.538265711
71.111240396,-4.722279745,7.327150945,-2.774835775,-0.729735800,2.003408592,2.000000000,2.003408592,tight_bend_2_standard,0.623179586,0.493255768
71.181439054,-4.788566843,7.303543751,-2.823049094,-0.641104802,2.072303216,2.000000000,2.072303216,tight_bend_2_standard,0.646170901,0.453891295
71.251637712,-4.855827899,7.282958796,-2.865203546,-0.563329093,2.138979956,2.000000000,2.138979956,tight_bend_2_standard,0.680715884,0.421600885
71.321836370,-4.923786319,7.265081988,-2.902890553,-0.509040164,2.203640144,2.000000000,2.203640144,tight_bend_2_standard,0.725882918,0.397121738
71.392035028,-4.992311396,7.249652929,-2.936719231,-0.454099319,2.266456378,2.000000000,2.266456378,tight_bend_2_standard,0.775774304,0.379776865
71.462233685,-5.061290258,7.236417785,-2.966686921,-0.399261273,2.327577957,2.000000000,2.327577957,tight_bend_2_standard,0.823885155,0.368716369
71.532432343,-5.130610036,7.225122726,-2.992821717,-0.346285372,2.387135056,2.000000000,2.387135056,tight_bend_2_standard,0.863710815,0.363090321
71.602631001,-5.200171829,7.215533818,-3.016023529,-0.314506941,2.445241994,2.000000000,2.445241994,tight_bend_2_standard,0.890110922,0.361875742
71.672829659,-5.269923597,7.207483873,-3.036988744,-0.282659570,2.501999808,2.000000000,2.501999808,tight_bend_2_standard,0.902522395,0.363469053
71.743028317,-5.339823116,7.200819687,-3.055720409,-0.250896544,2.557498323,2.000000000,2.557498323,tight_bend_2_standard,0.901341024,0.366145049
71.813226975,-5.409828162,7.195388056,-3.072227230,-0.219307398,2.611817816,2.000000000,2.611817816,tight_bend_2_standard,0.886962597,0.368178527
71.883425632,-5.479901156,7.191041112,-3.086761017,-0.194749301,2.665030381,2.000000000,2.665030381,tight_bend_2_standard,0.860423750,0.368195495
71.953624290,-5.550023496,7.187652785,-3.099571758,-0.170203342,2.717201053,2.000000000,2.717201053,tight_bend_2_standard,0.825379999,0.366257237
72.023822948,-5.620181429,7.185102578,-3.110659396,-0.145667367,2.768388736,2.000000000,2.768388736,tight_bend_2_standard,0.786155761,0.362791624
72.094021606,-5.690361203,7.183269989,-3.120025558,-0.121166594,2.818646985,2.000000000,2.818646985,tight_bend_2_standard,0.747075455,0.358226529
72.164220264,-5.760550927,7.182035987,-3.127736793,-0.098533818,2.868024662,2.000000000,2.868024662,tight_bend_2_standard,0.712759092,0.353239795
72.234418922,-5.830746333,7.181287526,-3.133859472,-0.075901954,2.916566490,2.000000000,2.916566490,tight_bend_2_standard,0.689034534,0.349530685
72.304617580,-5.900945096,7.180913094,-3.138393376,-0.053269978,2.964313533,2.000000000,2.964313533,tight_bend_2_standard,0.682038103,0.349059314
72.374816237,-5.971144891,7.180801177,-3.141338819,-0.030746130,3.011303597,2.000000000,3.011303597,round_arc_transition,0.697905805,0.353785707
72.445014895,-6.041343942,7.180842383,3.140403201,-0.010373347,3.057571583,2.000000000,3.057571583,round_arc_transition,0.739127680,0.364658877
72.515213553,-6.111542373,7.180934707,3.140390114,0.010000591,3.103149789,2.000000000,3.103149789,round_arc_transition,0.795499714,0.379107815
72.585412211,-6.181740724,7.180977750,-3.141378059,0.030374400,3.148068177,2.000000000,3.148068177,round_arc_transition,0.854056974,0.393795917
72.655610869,-6.251939533,7.180871123,-3.138533812,0.050153083,3.192354598,2.000000000,3.192354598,dynamic_arc_transition,0.901841744,0.405388479
72.725809527,-6.322138485,7.180519399,-3.134439674,0.066489969,3.236034999,2.000000000,3.236034999,dynamic_arc_transition,0.929300930,0.411446154
72.796008184,-6.392335058,7.179840019,-3.129198533,0.082830941,3.279133596,2.000000000,3.279133596,dynamic_arc_transition,0.935711898,0.411851863
72.866206842,-6.462526373,7.178752480,-3.122810217,0.099172202,3.321673038,2.000000000,3.321673038,dynamic_arc_transition,0.921764996,0.406860116
72.936405500,-6.532709527,7.177176309,-3.115278788,0.115116909,3.363674539,2.000000000,3.363674539,dynamic_arc_transition,0.888189510,0.396755226
73.006604158,-6.602879321,7.175033356,-3.106670923,0.130115768,3.405158005,2.000000000,3.405158005,dynamic_arc_transition,0.839021337,0.384352310
73.076802816,-6.673026547,7.172249531,-3.097009371,0.145133855,3.446142143,2.000000000,3.446142143,dynamic_arc_transition,0.784074659,0.376889048
73.147001474,-6.743141592,7.168751154,-3.086293194,0.160158718,3.486644562,2.000000000,3.486644562,dynamic_arc_transition,0.733745741,0.382048635
73.217200131,-6.813214689,7.164464663,-3.074532056,0.174574852,3.526681858,0.200123940,3.526681858,dynamic_arc_transition,0.698283679,0.407198393
73.287398789,-6.883231909,7.159319688,-3.061792641,0.188346821,3.530663081,-1.800000000,3.530663081,dynamic_arc_transition,0.683966106,0.451181622
73.357597447,-6.953174791,7.153249340,-3.048084716,0.202162530,3.494691206,-1.800000000,3.494691206,dynamic_arc_transition,0.692743089,0.503553296
73.427796105,-7.023024641,7.146186903,-3.033405929,0.215997947,3.458345190,-1.800000000,3.458345190,dynamic_arc_transition,0.726346143,0.553399304
73.497994763,-7.092762212,7.138066120,-3.017779509,0.228816590,3.421613112,-1.800000000,3.421613112,dynamic_arc_transition,0.785269929,0.590641746
73.568193421,-7.162362026,7.128825849,-3.001278452,0.241239376,3.384482400,-1.800000000,3.384482400,dynamic_arc_transition,0.856128129,0.614587369
73.638392079,-7.231794688,7.118408168,-2.983902260,0.253744199,3.346939788,-1.800000000,3.346939788,dynamic_arc_transition,0.916809632,0.630441576
73.708590736,-7.301030741,7.106755204,-2.965646190,0.266295981,3.308971257,-1.800000000,3.308971257,dynamic_arc_transition,0.945067937,0.643501305
73.778789394,-7.370039937,7.093812079,-2.946638358,0.274779108,3.270561972,-1.800000000,3.270561972,dynamic_arc_transition,0.925263624,0.658244791
73.848988052,-7.438787852,7.079539705,-2.927057458,0.282983846,3.231696218,-1.800000000,3.231696218,dynamic_arc_transition,0.876570639,0.674836442
73.919186710,-7.507238694,7.063904175,-2.906896321,0.291300500,3.192357323,-1.800000000,3.192357323,dynamic_arc_transition,0.829588017,0.692024952
73.989385368,-7.575356661,7.046871580,-2.886146008,0.300037616,3.152527574,-1.800000000,3.152527574,dynamic_arc_transition,0.814890875,0.708559084
74.059584026,-7.643102738,7.028405972,-2.864700084,0.310825999,3.112188127,-1.800000000,3.112188127,dynamic_arc_transition,0.849711561,0.723581989
74.129782683,-7.710429678,7.008466187,-2.842490041,0.321793128,3.071318898,-1.800000000,3.071318898,dynamic_arc_transition,0.917125167,0.737246443
74.199981341,-7.777288937,6.987010234,-2.819504971,0.332890244,3.029898448,-1.800000000,3.029898448,dynamic_arc_transition,0.994818323,0.749864494
74.270179999,-7.843631778,6.963996097,-2.795726453,0.344805392,2.987903853,-1.800000000,2.987903853,dynamic_arc_transition,1.060817670,0.761744329
74.340378657,-7.909401476,6.939380612,-2.771045472,0.358139822,2.945310555,-1.800000000,2.945310555,dynamic_arc_transition,1.107288355,0.773033662
74.410577315,-7.974530614,6.913119080,-2.745417843,0.371759367,2.902092193,-1.800000000,2.902092193,dynamic_arc_transition,1.145313021,0.783665484
74.480775973,-8.038951027,6.885166694,-2.718826379,0.385584103,2.858220413,-1.376769087,2.858220413,dynamic_arc_transition,1.187295594,0.793557791
74.550974631,-8.102594599,6.855480166,-2.691356115,0.394928405,2.824204179,-0.943646296,2.824204179,dynamic_arc_transition,1.244693420,0.802624033
74.621173288,-8.165393893,6.824038562,-2.663387192,0.401599061,2.800650610,-0.961582353,2.800650610,dynamic_arc_transition,1.315026894,0.810710736
74.691371946,-8.227281993,6.790837974,-2.634936466,0.408632378,2.776443815,-0.969494218,2.776443815,dynamic_arc_transition,1.385202496,0.817613457
74.761570604,-8.288191997,6.755874919,-2.605980382,0.415977450,2.751822282,-0.501713038,2.751822282,dynamic_arc_transition,1.441860229,0.823126474
74.831769262,-8.348057413,6.719147901,-2.576600944,0.419883177,2.738993740,-0.417437035,2.738993740,dynamic_arc_transition,1.475051756,0.827073914
74.901967920,-8.406814944,6.680670715,-2.546995700,0.423189172,2.728274119,-0.459603483,2.728274119,dynamic_arc_transition,1.501102364,0.829509761
74.972166578,-8.464402769,6.640464257,-2.517144286,0.426889856,2.716422753,-0.495842142,2.716422753,dynamic_arc_transition,1.548540930,0.830594769
75.042365235,-8.520759079,6.598549462,-2.487020019,0.430955600,2.703578678,-0.121172367,2.703578678,dynamic_arc_transition,1.645963679,0.830490276
75.112563893,-8.575823195,6.554949514,-2.456709916,0.431960977,2.700430594,-0.141414230,2.700430594,dynamic_arc_transition,1.810396279,0.829110515
75.182762551,-8.629539932,6.509698504,-2.426330346,0.433140250,2.696751975,-0.187992518,2.696751975,dynamic_arc_transition,2.002781653,0.825171974
75.252961209,-8.681855768,6.462833822,-2.395853557,0.434717952,2.691853928,-0.217976362,2.691853928,dynamic_arc_transition,2.167094249,0.817028749
75.323159867,-8.732717179,6.414392858,-2.365252051,0.436561740,2.686163486,-0.029652720,2.686163486,dynamic_arc_transition,2.247307745,0.803035084
75.393358525,-8.782071531,6.364415027,-2.334580707,0.436813771,2.685388447,-0.084282813,2.685388447,dynamic_arc_transition,2.207148595,0.783082570
75.463557182,-8.829869198,6.312946587,-2.303875327,0.437531719,2.683184308,-0.137709496,2.683184308,dynamic_arc_transition,2.077229953,0.762268538
75.533755840,-8.876061192,6.260035247,-2.273104262,0.438709865,2.679579069,0.095422092,2.679579069,dynamic_arc_transition,1.902308768,0.746791124
75.603954498,-8.920598565,6.205728742,-2.242249543,0.437892827,2.682077738,1.669180981,2.682077738,dynamic_arc_transition,1.727111149,0.742841708
75.674153156,-8.963449532,6.150084979,-2.211981182,0.424077390,2.725415477,1.741191157,2.725415477,dynamic_arc_transition,1.583775963,0.753854901
75.744351814,-9.004625762,6.093187641,-2.182672168,0.410565314,2.769900375,1.801729797,2.769900375,dynamic_arc_transition,1.472564390,0.776283690
75.814550472,-9.044145703,6.035124426,-2.154297413,0.397460988,2.815192021,1.864177235,2.815192021,dynamic_arc_transition,1.388767569,0.805492559
75.884749130,-9.082027836,5.975982990,-2.126828141,0.384754836,2.861298935,1.996612376,2.861298935,dynamic_arc_transition,1.327667536,0.836857043
75.954947787,-9.118294826,5.915845295,-2.100255132,0.372017192,2.909871236,2.000000000,2.909871236,dynamic_arc_transition,1.283380650,0.867167794
76.025146445,-9.152977602,5.854782078,-2.074572053,0.359443617,2.957726364,2.000000000,2.957726364,dynamic_arc_transition,1.247724006,0.896006736
76.095345103,-9.186108057,5.792862762,-2.049763913,0.347111639,3.004819441,2.000000000,3.004819441,dynamic_arc_transition,1.212245527,0.923282564
76.165543761,-9.217718130,5.730156682,-2.025812349,0.335082528,3.051185754,2.000000000,3.051185754,dynamic_arc_transition,1.168586985,0.948905741
76.235742419,-9.247842359,5.666727776,-2.002700213,0.323205008,3.096857946,2.000000000,3.096857946,dynamic_arc_transition,1.114166109,0.972895484
76.305941077,-9.276519363,5.602631539,-1.980418457,0.311442589,3.141866288,2.000000000,3.141866288,dynamic_arc_transition,1.055437825,0.995441169
76.376139734,-9.303788112,5.537922728,-1.958956795,0.299849051,3.186238911,2.000000000,3.186238911,dynamic_arc_transition,0.999644410,1.016747000
76.446338392,-9.329687577,5.472655939,-1.938296624,0.288872550,3.230002017,2.000000000,3.230002017,dynamic_arc_transition,0.953872739,1.037008482
76.516537050,-9.354256708,5.406880028,-1.918375288,0.278569082,3.273180053,2.000000000,3.273180053,dynamic_arc_transition,0.919701066,1.056112811
76.586735708,-9.377534424,5.340636697,-1.899174850,0.268350166,3.315795876,2.000000000,3.315795876,dynamic_arc_transition,0.891845463,1.073563121
76.656934366,-9.399559647,5.273967203,-1.880688165,0.258249591,3.357870892,2.000000000,3.357870892,dynamic_arc_transition,0.864591784,1.088838469
76.727133024,-9.420371563,5.206912592,-1.862923176,0.247351270,3.399425181,2.000000000,3.399425181,dynamic_arc_transition,0.832442574,1.101484546
76.797331682,-9.440015339,5.139509249,-1.845970849,0.235565717,3.440477611,2.000000000,3.440477611,dynamic_arc_transition,0.794769406,1.112544371
76.867530339,-9.458542051,5.071788957,-1.829844883,0.223808325,3.481045937,2.000000000,3.481045937,dynamic_arc_transition,0.755749938,1.124538934
76.937728997,-9.476003023,5.003783305,-1.814541956,0.212108620,3.521146894,2.000000000,3.521146894,dynamic_arc_transition,0.719765922,1.140051991
77.007927655,-9.492446005,4.935523009,-1.799794186,0.213048982,3.560796271,2.000000000,3.560796271,dynamic_arc_transition,0.690958505,1.161428606
77.078126313,-9.507864629,4.867025627,-1.784502844,0.222539083,3.600008988,2.000000000,3.600008988,dynamic_arc_transition,0.669828317,1.187402412
77.148324971,-9.522210560,4.798298508,-1.768543619,0.232088515,3.638799163,-1.472909781,3.638799163,dynamic_arc_transition,0.654052768,1.213906371
77.218523629,-9.535434369,4.729348735,-1.751912969,0.241674380,3.610272395,-0.478581065,3.610272395,dynamic_arc_transition,0.641235436,1.236800202
77.288722286,-9.547489804,4.660184232,-1.734811131,0.242926683,3.600954772,0.927441127,3.600954772,dynamic_arc_transition,0.629131272,1.252320922
77.358920944,-9.558364520,4.590821888,-1.717840372,0.240511524,3.618989571,0.914221945,3.618989571,dynamic_arc_transition,0.617108205,1.260725917
77.429119602,-9.568066660,4.521284010,-1.701035945,0.238177334,3.636679780,0.897432355,3.636679780,dynamic_arc_transition,0.605509117,1.264702660
77.499318260,-9.576604654,4.451592979,-1.684392254,0.235929662,3.653961811,0.314676922,3.653961811,dynamic_arc_transition,0.594690429,1.266972367
77.569516918,-9.583986257,4.381770881,-1.667865321,0.235151548,3.660002283,0.138084127,3.660002283,dynamic_arc_transition,0.585020617,1.269977081
77.639715576,-9.590213988,4.311837485,-1.651367374,0.234811719,3.662649772,0.114993264,3.662649772,dynamic_arc_transition,0.576961698,1.273992738
77.709914234,-9.595287920,4.241811481,-1.634891402,0.234529467,3.664853080,0.091442672,3.664853080,dynamic_arc_transition,0.571019418,1.278282661
77.780112891,-9.599208109,4.171711553,-1.618433234,0.234305503,3.666604206,0.031741613,3.666604206,dynamic_arc_transition,0.567699769,1.282104429
77.850311549,-9.601974557,4.101556425,-1.601986005,0.234227861,3.667211862,0.000677926,3.667211862,dynamic_arc_transition,0.567182198,1.284827729
77.920510207,-9.603586942,4.031365063,-1.585541144,0.234226203,3.667224839,-0.025585562,3.667224839,dynamic_arc_transition,0.567761675,1.286469196
77.990708865,-9.604044826,3.961156518,-1.569094107,0.234288783,3.666735043,-0.051743695,3.666735043,dynamic_arc_transition,0.567058639,1.287277043
78.060907523,-9.603347767,3.890949843,-1.552640402,0.234415444,3.665744290,-0.263144928,3.665744290,dynamic_arc_transition,0.562692675,1.287499770
78.131106181,-9.601494977,3.820764127,-1.536160001,0.235061710,3.660701621,-0.293110592,3.660701621,dynamic_arc_transition,0.553259434,1.287231933
78.201304838,-9.598484129,3.750618634,-1.519631068,0.235785778,3.655076527,-0.316695720,3.655076527,dynamic_arc_transition,0.541591437,1.285899834
78.271503496,-9.594312488,3.680532673,-1.503049083,0.236573138,3.648989064,-0.346769839,3.648989064,dynamic_arc_transition,0.531670534,1.282748499
78.341702154,-9.588977313,3.610525553,-1.486409576,0.237441321,3.642311853,-0.478174032,3.642311853,dynamic_arc_transition,0.527478251,1.277023127
78.411900812,-9.582475594,3.540616819,-1.469696551,0.238648996,3.633084266,-0.500759560,3.633084266,dynamic_arc_transition,0.531590046,1.268681539
78.482099470,-9.574803427,3.470826785,-1.452896232,0.239926953,3.623395643,-0.521302542,3.623395643,dynamic_arc_transition,0.541972716,1.260017318
78.552298128,-9.565956728,3.401175923,-1.436003819,0.241271958,3.613281958,-0.554473780,3.613281958,dynamic_arc_transition,0.555650276,1.253801868
78.622496785,-9.555931410,3.331684708,-1.419014448,0.242719197,3.602493564,-0.650916833,3.602493564,dynamic_arc_transition,0.569650097,1.252801714
78.692695443,-9.544723143,3.262374046,-1.401912701,0.244440475,3.589787306,-0.670069510,3.589787306,dynamic_arc_transition,0.582251846,1.257962897
78.762894101,-9.532326997,3.193265925,-1.384687383,0.246238089,3.576660026,-0.686445050,3.576660026,dynamic_arc_transition,0.594858211,1.265691458
78.833092759,-9.518737945,3.124382502,-1.367333322,0.248107259,3.563161784,-0.711567548,3.563161784,dynamic_arc_transition,0.609350640,1.271697461
78.903291417,-9.503950963,3.055745935,-1.349845293,0.250075028,3.549115344,-0.761723912,3.549115344,dynamic_arc_transition,0.627597040,1.271710500
78.973490075,-9.487960977,2.987379069,-1.332212164,0.252216387,3.534016940,-0.778160599,3.534016940,dynamic_arc_transition,0.649899805,1.263718880
79.043688733,-9.470762827,2.919306059,-1.314425676,0.254442155,3.518525838,-0.791253263,3.518525838,dynamic_arc_transition,0.673559092,1.250042490
79.113887390,-9.452351338,2.851551206,-1.296480140,0.256746017,3.502703847,-0.799004017,3.502703847,dynamic_arc_transition,0.695535400,1.233491275
79.184086048,-9.432721345,2.784138828,-1.278370264,0.259115174,3.486654015,-0.810122748,3.486654015,dynamic_arc_transition,0.712840613,1.216845361
79.254284706,-9.411867994,2.717094154,-1.260091443,0.261562361,3.470305053,-0.825373145,3.470305053,dynamic_arc_transition,0.725255303,1.201277991
79.324483364,-9.389786897,2.650443757,-1.241637445,0.264103615,3.453568732,-0.836863287,3.453568732,dynamic_arc_transition,0.736679924,1.185571333
79.394682022,-9.366473704,2.584214323,-1.223001948,0.266731165,3.436516205,-0.815490863,3.436516205,dynamic_arc_transition,0.751350002,1.168313085
79.464880680,-9.341924093,2.518432570,-1.204180504,0.269342399,3.419817378,-0.794548749,3.419817378,dynamic_arc_transition,0.773406204,1.148152438
79.535079337,-9.316134645,2.453126238,-1.185178176,0.271936223,3.403468582,-0.810820628,3.403468582,dynamic_arc_transition,0.804086018,1.125620491
79.605277995,-9.289102985,2.388324248,-1.165989984,0.274635182,3.386703611,-0.823089819,3.386703611,dynamic_arc_transition,0.841255483,1.103433800
79.675476653,-9.260826794,2.324055590,-1.146608857,0.277430335,3.369599642,-0.760253150,3.369599642,dynamic_arc_transition,0.882591467,1.084431547
79.745675311,-9.231303847,2.260349299,-1.127032917,0.280063126,3.353723937,-0.717954131,3.353723937,dynamic_arc_transition,0.925844327,1.071266031
79.815873969,-9.200533623,2.197235300,-1.107279686,0.282595726,3.338662219,-0.737465099,3.338662219,dynamic_arc_transition,0.970194266,1.062953392
79.886072627,-9.168517159,2.134744323,-1.087344474,0.285245286,3.323120114,-0.752972902,3.323120114,dynamic_arc_transition,1.016120104,1.055207341
79.956271285,-9.135255546,2.072907131,-1.067219389,0.288002319,3.307175822,-0.636173387,3.307175822,dynamic_arc_transition,1.064147824,1.043621647
80.026469942,-9.100750076,2.011754513,-1.046907808,0.290373566,3.293644620,-0.585388952,3.293644620,dynamic_arc_transition,1.114832761,1.024087874
80.096668600,-9.065004707,1.951317635,-1.026441407,0.292590281,3.281144289,-0.609749424,3.281144289,dynamic_arc_transition,1.169119530,0.996447336
80.166867258,-9.028025283,1.891627933,-1.005814804,0.294935517,3.268072928,-0.630461415,3.268072928,dynamic_arc_transition,1.228228795,0.963342179
80.237065916,-8.989817688,1.832716844,-0.985019270,0.297400280,3.254502354,-0.448808544,3.254502354,dynamic_arc_transition,1.293387079,0.927474012
80.307264574,-8.950388185,1.774615745,-0.964066900,0.299180131,3.244807245,-0.403370057,3.244807245,dynamic_arc_transition,1.365461350,0.891285715
80.377463232,-8.909746603,1.717355410,-0.943002883,0.300798061,3.236068909,-0.432982902,3.236068909,dynamic_arc_transition,1.441918548,0.854773557
80.447661889,-8.867904732,1.660966280,-0.921820373,0.302554356,3.226662726,-0.459775008,3.226662726,dynamic_arc_transition,1.518353239,0.816586478
80.517860547,-8.824874384,1.605478794,-0.900509890,0.304441919,3.216644396,-0.206035049,3.216644396,dynamic_arc_transition,1.590340489,0.775359385
80.588059205,-8.780667968,1.550923105,-0.879095765,0.305295440,3.212144829,-0.178724793,3.212144829,dynamic_arc_transition,1.654911820,0.730013344
80.658257863,-8.735302027,1.497327371,-0.857632836,0.306039711,3.208236575,-0.212361496,3.208236575,dynamic_arc_transition,1.719205096,0.681455092
80.728456521,-8.688794856,1.444718909,-0.836112547,0.306928788,3.203586574,-0.244533037,3.203586574,dynamic_arc_transition,1.794642695,0.631433175
80.798655179,-8.641164759,1.393125031,-0.814524876,0.307958975,3.198223750,0.082647609,3.198223750,dynamic_arc_transition,1.892662479,0.581699183
80.868853836,-8.592430828,1.342572368,-0.792908705,0.307610018,3.200037290,0.082326103,3.200037290,dynamic_arc_transition,2.019971702,0.534794560
80.939052494,-8.542616253,1.293084014,-0.771321507,0.307263204,3.201842754,0.047680938,3.201842754,dynamic_arc_transition,2.158770272,0.497352691
81.009251152,-8.491745549,1.244681920,-0.749753528,0.307062697,3.202887962,0.016309305,3.202887962,dynamic_arc_transition,2.283345875,0.477328044
81.079449810,-8.439843228,1.197388039,-0.728194535,0.306994173,3.203245398,0.403750916,3.203245398,dynamic_arc_transition,2.367982281,0.482675740
81.149648468,-8.386934660,1.151223084,-0.706697699,0.305307506,3.212081354,0.375253988,3.212081354,dynamic_arc_transition,2.394077474,0.517866751
81.219847126,-8.333048556,1.106202941,-0.685314570,0.303756417,3.220271926,0.344246414,3.220271926,dynamic_arc_transition,2.370765298,0.573788547
81.290045784,-8.278214436,1.062342318,-0.664035392,0.302347293,3.227767425,0.354956487,3.227767425,dynamic_arc_transition,2.313937871,0.638018770
81.360244441,-8.222461825,1.019655924,-0.642850769,0.300907954,3.235477938,0.715321054,3.235477938,dynamic_arc_transition,2.239484859,0.698138130
81.430443099,-8.165820931,0.978156609,-0.621822683,0.298048587,3.250960880,0.697999429,3.250960880,dynamic_arc_transition,2.160296155,0.745492519
81.500641757,-8.108323978,0.937851749,-0.600991201,0.295310362,3.265998146,0.676512895,3.265998146,dynamic_arc_transition,2.080424220,0.782520145
81.570840415,-8.050003562,0.898747716,-0.580347398,0.292704018,3.280506742,0.731865512,3.280506742,dynamic_arc_transition,2.002302156,0.813691763
81.641039073,-7.990892278,0.860850873,-0.559883962,0.289935739,3.296130525,1.052163051,3.296130525,dynamic_arc_transition,1.928359380,0.843470577
81.711237731,-7.931022952,0.824165215,-0.539662830,0.286046455,3.318463094,1.051995565,3.318463094,dynamic_arc_transition,1.860216283,0.874661549
81.781436388,-7.870428924,0.788689414,-0.519711256,0.282260729,3.340642851,1.046704805,3.340642851,dynamic_arc_transition,1.797674187,0.906341143
81.851635046,-7.809143602,0.754421415,-0.500021437,0.278592200,3.362565866,1.144423847,3.362565866,dynamic_arc_transition,1.740286094,0.937076846
81.921833704,-7.747200392,0.721359133,-0.480588673,0.274688783,3.386373169,1.420091263,3.386373169,dynamic_arc_transition,1.687597954,0.965447258
81.992032362,-7.684632256,0.689497879,-0.461466817,0.269994595,3.415684447,1.443253227,3.415684447,dynamic_arc_transition,1.638570481,0.990952985
82.062231020,-7.621471388,0.658828453,-0.442671681,0.265385423,3.445218298,1.461374581,3.445218298,dynamic_arc_transition,1.591149231,1.014693959
82.132429678,-7.557749903,0.629341203,-0.424196733,0.260875999,3.474867219,1.595721823,3.474867219,dynamic_arc_transition,1.543178460,1.037929700
82.202628336,-7.493499893,0.601026418,-0.406039565,0.256123855,3.506955553,1.831111033,3.506955553,dynamic_arc_transition,1.492551955,1.061882874
82.272826993,-7.428752271,0.573871894,-0.388240997,0.250879665,3.543419298,1.884275173,3.543419298,dynamic_arc_transition,1.439263678,1.086213155
82.343025651,-7.363536363,0.547862058,-0.370808365,0.245702785,3.580554077,1.933785518,3.580554077,dynamic_arc_transition,1.386141437,1.108471231
82.413224309,-7.297881387,0.522981098,-0.353736418,0.240607416,3.618268342,2.000000000,3.618268342,dynamic_arc_transition,1.336213444,1.126058646
82.483422967,-7.231816487,0.499213123,-0.337024143,0.235313212,3.656864836,2.000000000,3.656864836,dynamic_arc_transition,1.292445020,1.136500089
82.553621625,-7.165369001,0.476540139,-0.320698128,0.229756725,3.695058194,2.000000000,3.695058194,dynamic_arc_transition,1.256206308,1.140443953
82.623820283,-7.098564365,0.454941937,-0.304760496,0.224251811,3.732860792,2.000000000,3.732860792,dynamic_arc_transition,1.227184959,1.141833297
82.694018940,-7.031427925,0.434398205,-0.289207180,0.218811038,3.770284382,2.000000000,3.770284382,dynamic_arc_transition,1.204988262,1.144768551
82.764217598,-6.963984890,0.414888534,-0.274037560,0.213242049,3.807340141,2.000000000,3.807340141,dynamic_arc_transition,1.189158385,1.153119678
82.834416256,-6.896258251,0.396390966,-0.259265903,0.207561028,3.844038707,2.000000000,3.844038707,dynamic_arc_transition,1.178152817,1.166917682
82.904614914,-6.828269158,0.378882259,-0.244891807,0.201918297,3.880390214,2.000000000,3.880390214,dynamic_arc_transition,1.169533768,1.183024955
82.974813572,-6.760038712,0.362339135,-0.230912233,0.196324269,3.916404326,2.000000000,3.916404326,dynamic_arc_transition,1.160836650,1.198209040
83.045012230,-6.691587804,0.346738228,-0.217326171,0.190676465,3.952090267,2.000000000,3.952090267,dynamic_arc_transition,1.149728006,1.209560503
83.115210888,-6.622934926,0.332055185,-0.204138962,0.184999269,3.987456848,0.713602607,3.987456848,dynamic_arc_transition,1.135395815,1.217917671
83.185409545,-6.554097025,0.318265011,-0.191349396,0.179349631,4.000000000,0.000000000,4.000000000,dynamic_arc_transition,1.118008203,1.226533282
83.255608203,-6.485091021,0.305342704,-0.178955277,0.173735732,4.000000000,0.000000000,4.000000000,dynamic_arc_transition,1.097749569,1.238700156
83.325806861,-6.415933555,0.293263190,-0.166955275,0.168113414,4.000000000,0.000000000,4.000000000,dynamic_arc_transition,1.074843669,1.257183106
83.396005519,-6.346638903,0.282000814,-0.155350426,0.162491359,4.000000000,0.000000000,4.000000000,dynamic_arc_transition,1.049844679,1.280314161
83.466204177,-6.277220158,0.271529628,-0.144139624,0.156888364,4.000000000,0.000000000,4.000000000,dynamic_arc_transition,1.023471894,1.304210167
83.536402835,-6.207690408,0.261823683,-0.133321346,0.151310595,4.000000000,0.000000000,4.000000000,dynamic_arc_transition,0.996445832,1.324971576
83.606601492,-6.138062388,0.252856996,-0.122893325,0.145774009,4.000000000,0.000000000,4.000000000,dynamic_arc_transition,0.969616487,1.339284862
83.676800150,-6.068346658,0.244603376,-0.112853573,0.140248709,4.000000000,0.000000000,4.000000000,dynamic_arc_transition,0.944639678,1.347483668
83.746998808,-5.998552942,0.237036551,-0.103201284,0.134736153,4.000000000,0.000000000,4.000000000,dynamic_arc_transition,0.923480728,1.351302456
83.817197466,-5.928690961,0.230130250,-0.093935440,0.129240760,4.000000000,0.000000000,4.000000000,dynamic_arc_transition,0.908105599,1.352478583
83.887396124,-5.858770032,0.223858060,-0.085059556,0.123619660,4.000000000,0.000000000,4.000000000,dynamic_arc_transition,0.899625480,1.352141318
83.957594782,-5.788797572,0.218192919,-0.076578726,0.117994816,4.000000000,0.000000000,4.000000000,dynamic_arc_transition,0.895153135,1.348575420
84.027793439,-5.718780442,0.213107571,-0.068492505,0.112377667,4.000000000,0.000000000,4.000000000,dynamic_arc_transition,0.890633154,1.339234600
84.097992097,-5.648725504,0.208574760,-0.060800251,0.106784293,4.000000000,0.000000000,4.000000000,dynamic_arc_transition,0.882010081,1.321572533
84.168190755,-5.578639173,0.204567496,-0.053489449,0.101497979,4.000000000,0.000000000,4.000000000,dynamic_arc_transition,0.866780269,1.294070146
84.238389413,-5.508526277,0.201059724,-0.046549709,0.096213966,4.000000000,0.000000000,4.000000000,dynamic_arc_transition,0.847924913,1.258839163
84.308588071,-5.438391297,0.198025593,-0.039980759,0.090934681,4.000000000,0.000000000,4.000000000,dynamic_arc_transition,0.829636407,1.218793086
84.378786729,-5.368238712,0.195439250,-0.033783433,0.085406953,4.000000000,0.000000000,4.000000000,dynamic_arc_transition,0.816104358,1.176844826
84.448985387,-5.298072536,0.193272568,-0.028039341,0.078242814,4.000000000,0.000000000,4.000000000,dynamic_arc_transition,0.809863333,1.135555511
84.519184044,-5.227895537,0.191491315,-0.022798192,0.071078528,4.000000000,0.000000000,4.000000000,dynamic_arc_transition,0.809001519,1.096541183
84.589382702,-5.157710274,0.190060239,-0.018059901,0.063916118,4.000000000,0.000000000,4.000000000,dynamic_arc_transition,0.810868105,1.061260804
84.659581360,-5.087519304,0.188944129,-0.013817583,0.057597156,4.000000000,0.000000000,4.000000000,dynamic_arc_transition,0.812818250,1.031164110
84.729780018,-5.017324735,0.188113228,-0.009896156,0.054125169,4.000000000,0.000000000,4.000000000,dynamic_arc_transition,0.813116460,1.006295340
84.799978676,-4.947127745,0.187549043,-0.006218464,0.050653532,4.000000000,0.000000000,4.000000000,dynamic_arc_transition,0.811903900,0.983798159
84.870177334,-4.876929397,0.187234470,-0.002784463,0.047182677,4.000000000,0.000000000,4.000000000,dynamic_arc_transition,0.809553627,0.960457813
84.940375991,-4.806730749,0.187152186,0.000376178,0.041076287,4.000000000,0.000000000,4.000000000,round_arc_transition,0.806448598,0.933106949
85.010574649,-4.736532409,0.187270211,0.002849808,0.029398921,4.000000000,0.000000000,4.000000000,round_arc_transition,0.803620953,0.901685865
85.080773307,-4.666334265,0.187533109,0.004503693,0.017721265,4.000000000,0.000000000,4.000000000,round_arc_transition,0.803142096,0.871109899
85.150971965,-4.596136142,0.187883335,0.005337836,0.006043876,4.000000000,0.000000000,4.000000000,round_arc_transition,0.807176811,0.846741381
85.221170623,-4.525937879,0.188265152,0.005538292,0.007154066,4.000000000,0.000000000,4.000000000,round_arc_transition,0.817798777,0.833799905
85.291369281,-4.455739863,0.188687307,0.006713447,0.026326607,4.000000000,0.000000000,4.000000000,round_arc_transition,0.833825742,0.832403767
85.361567939,-4.385543164,0.189239192,0.009234517,0.045500027,4.000000000,0.000000000,4.000000000,round_arc_transition,0.850004129,0.836292429
85.431766596,-4.315348895,0.190015282,0.013101522,0.064672859,4.000000000,0.000000000,4.000000000,round_arc_transition,0.860823621,0.838803101
85.501965254,-4.245158094,0.191102679,0.017693874,0.049027713,4.000000000,0.000000000,4.000000000,round_arc_transition,0.861020437,0.833531579
85.572163912,-4.174970140,0.192424957,0.019402008,-0.000362430,4.000000000,0.000000000,4.000000000,round_arc_transition,0.850799703,0.819809893
85.642362570,-4.104782786,0.193745437,0.017642957,-0.049754840,4.000000000,0.000000000,4.000000000,round_arc_transition,0.835725805,0.802591308
85.712561228,-4.034593717,0.194820724,0.012416375,-0.099157985,4.000000000,0.000000000,4.000000000,round_arc_transition,0.821587740,0.787064674
85.782759886,-3.964400753,0.195422751,0.004811986,-0.096885645,4.000000000,0.000000000,4.000000000,round_arc_transition,0.813836294,0.778121678
85.852958543,-3.894203704,0.195551873,-0.000705146,-0.060304665,4.000000000,0.000000000,4.000000000,round_arc_transition,0.812881927,0.776225426
85.923157201,-3.824003913,0.195383821,-0.003654763,-0.023731825,4.000000000,0.000000000,4.000000000,round_arc_transition,0.815265393,0.778438977
85.993355859,-3.753802761,0.195098808,-0.004037255,0.012834384,4.000000000,0.000000000,4.000000000,round_arc_transition,0.817428499,0.781738453
86.063554517,-3.683601595,0.194870563,-0.002251860,0.033024495,4.000000000,0.000000000,4.000000000,straight_acceleration,0.816229950,0.783345197
86.133753175,-3.613401392,0.194804518,0.000522114,0.046006244,4.000000000,0.000000000,4.000000000,straight_acceleration,0.812919254,0.783063220
86.203951833,-3.543202905,0.194965188,0.004207399,0.058989773,4.000000000,0.000000000,4.000000000,straight_acceleration,0.811376353,0.782243757
86.274150490,-3.473006889,0.195416539,0.008804038,0.071972860,4.000000000,0.000000000,4.000000000,straight_acceleration,0.815516776,0.782258973
86.344349148,-3.402813977,0.196209408,0.013599745,0.059188685,4.000000000,0.000000000,4.000000000,straight_acceleration,0.828402367,0.784127668
86.414547806,-3.332623907,0.197293674,0.017062075,0.039455772,4.000000000,0.000000000,4.000000000,straight_acceleration,0.846527847,0.786150293
86.484746464,-3.262435998,0.198572366,0.019139308,0.019725488,4.000000000,0.000000000,4.000000000,straight_acceleration,0.863340504,0.785365874
86.554945122,-3.192249567,0.199948256,0.019831558,-0.000003191,4.000000000,0.000000000,4.000000000,straight_acceleration,0.872270874,0.778806500
86.625143780,-3.122063941,0.201333661,0.019601944,-0.004753768,4.000000000,0.000000000,4.000000000,straight_acceleration,0.868268383,0.764522472
86.695342438,-3.051878498,0.202695655,0.019172614,-0.007478081,4.000000000,0.000000000,4.000000000,straight_acceleration,0.854994280,0.746404217
86.765541095,-2.981692632,0.204020800,0.018552047,-0.010202294,4.000000000,0.000000000,4.000000000,straight_acceleration,0.839210188,0.730420548
86.835739753,-2.911505739,0.205295680,0.017740250,-0.012926264,4.000000000,0.000000000,4.000000000,straight_acceleration,0.827681485,0.722542797
86.905938411,-2.841317264,0.206501533,0.016502699,-0.022509999,4.000000000,0.000000000,4.000000000,straight_acceleration,0.825299834,0.726925370
86.976137069,-2.771126865,0.207596476,0.014579720,-0.032276639,4.000000000,0.000000000,4.000000000,straight_acceleration,0.828855758,0.739867083
87.046335727,-2.700934259,0.208532379,0.011971123,-0.042043571,4.000000000,0.000000000,4.000000000,straight_acceleration,0.832950872,0.755544185
87.116534385,-2.630739161,0.209261112,0.008678045,-0.051328017,4.000000000,0.000000000,4.000000000,straight_acceleration,0.832187245,0.768133329
87.186733042,-2.560541588,0.209741688,0.004983305,-0.053936612,4.000000000,0.000000000,4.000000000,straight_acceleration,0.823122828,0.773543519
87.256931700,-2.490342539,0.209956470,0.001105380,-0.056546736,4.000000000,0.000000000,4.000000000,straight_acceleration,0.808713952,0.773350909
87.327130358,-2.420143213,0.209892593,-0.002955819,-0.059158097,4.000000000,0.000000000,4.000000000,straight_acceleration,0.793223262,0.770288676
87.397329016,-2.349944811,0.209537203,-0.007196554,-0.061094684,4.000000000,0.000000000,4.000000000,straight_acceleration,0.780909365,0.767088059
87.467527674,-2.279748522,0.208882792,-0.011429430,-0.059501270,4.000000000,0.000000000,4.000000000,straight_acceleration,0.774522179,0.765755673
87.537726332,-2.209555511,0.207935180,-0.015550491,-0.057908991,4.000000000,0.000000000,4.000000000,straight_acceleration,0.773049084,0.766490995
87.607924990,-2.139366940,0.206702229,-0.019559820,-0.056318074,4.000000000,0.000000000,4.000000000,straight_acceleration,0.774900645,0.769216456
87.678123647,-2.069183969,0.205191855,-0.023448419,-0.053708294,4.000000000,0.000000000,4.000000000,straight_acceleration,0.778485124,0.773848088
87.748322305,-1.999007355,0.203418259,-0.027021854,-0.048100313,4.000000000,0.000000000,4.000000000,straight_acceleration,0.781942777,0.779556894
87.818520963,-1.928837091,0.201407714,-0.030201617,-0.042492466,4.000000000,0.000000000,4.000000000,straight_acceleration,0.782898895,0.784082320
87.888719621,-1.858673080,0.199187863,-0.032987737,-0.036885278,4.000000000,0.000000000,4.000000000,straight_acceleration,0.778920369,0.785001473
87.958918279,-1.788515219,0.196786435,-0.035369643,-0.030407516,4.000000000,0.000000000,4.000000000,straight_acceleration,0.767631418,0.779937884
88.029116937,-1.718362874,0.194235838,-0.037219327,-0.022290946,4.000000000,0.000000000,4.000000000,straight_acceleration,0.749776723,0.769042275
88.099315594,-1.648214631,0.191575471,-0.038499230,-0.014174186,4.000000000,0.000000000,4.000000000,straight_acceleration,0.730762519,0.756240650
88.169514252,-1.578069007,0.188845304,-0.039209347,-0.006057455,4.000000000,0.000000000,4.000000000,straight_acceleration,0.716376239,0.745767735
88.239712910,-1.507924522,0.186085290,-0.039351573,0.001936882,4.000000000,0.000000000,4.000000000,straight_acceleration,0.712242858,0.741734559
88.309911568,-1.437779699,0.183334774,-0.038940467,0.009775776,4.000000000,0.000000000,4.000000000,straight_acceleration,0.718953720,0.744419353
88.380110226,-1.367633069,0.180632398,-0.037979079,0.017614702,4.000000000,0.000000000,4.000000000,straight_acceleration,0.731219095,0.749622287
88.450308884,-1.297483162,0.178016763,-0.036467412,0.025453534,4.000000000,0.000000000,4.000000000,straight_acceleration,0.743416027,0.752889795
88.520507542,-1.227328540,0.175526080,-0.034436736,0.031623134,4.000000000,0.000000000,4.000000000,straight_acceleration,0.750143023,0.749957472
88.590706199,-1.157168409,0.173190875,-0.032051452,0.036334742,4.000000000,0.000000000,4.000000000,straight_acceleration,0.750369279,0.740293942
88.660904857,-1.087002563,0.171034632,-0.029335401,0.041046793,4.000000000,0.000000000,4.000000000,straight_acceleration,0.747067131,0.726786947
88.731103515,-1.016830817,0.169080577,-0.026288562,0.045758978,4.000000000,0.000000000,4.000000000,straight_acceleration,0.743356698,0.712450447
88.801302173,-0.946653026,0.167351387,-0.022948432,0.048766861,4.000000000,0.000000000,4.000000000,straight_acceleration,0.742113641,0.700089707
88.871500831,-0.876469588,0.165862335,-0.019455029,0.050761499,4.000000000,0.000000000,4.000000000,straight_acceleration,0.742919190,0.689697477
88.941699489,-0.806281291,0.164623384,-0.015821571,0.052757056,4.000000000,0.000000000,4.000000000,straight_acceleration,0.742992365,0.679249845
89.011898146,-0.736088930,0.163644386,-0.012048002,0.054753304,4.000000000,0.000000000,4.000000000,straight_acceleration,0.739500667,0.666678920
89.082096804,-0.665893317,0.162934387,-0.008181800,0.054870193,4.000000000,0.000000000,4.000000000,straight_acceleration,0.730017163,0.650341563
89.152295462,-0.595695433,0.162494728,-0.004351460,0.054257542,4.000000000,0.000000000,4.000000000,straight_acceleration,0.716019053,0.632683487
89.222494120,-0.525496350,0.162322446,-0.000564093,0.053645812,4.000000000,0.000000000,4.000000000,straight_acceleration,0.701164221,0.618434263
89.292692778,-0.455297143,0.162414527,0.003180363,0.053035077,4.000000000,0.000000000,4.000000000,straight_acceleration,0.689134333,0.612348371
89.362891436,-0.385098835,0.162767221,0.006843180,0.051066249,4.000000000,0.000000000,4.000000000,straight_acceleration,0.683071286,0.618180948
89.433090093,-0.314902241,0.163371552,0.010347956,0.048786124,4.000000000,0.000000000,4.000000000,straight_acceleration,0.682295912,0.632612725
89.503288751,-0.244708143,0.164216285,0.013692694,0.046506777,4.000000000,0.000000000,4.000000000,straight_acceleration,0.684480096,0.649271533
89.573487409,-0.174517324,0.165290176,0.016877450,0.044228399,4.000000000,0.000000000,4.000000000,straight_acceleration,0.687289219,0.661773159
89.643686067,-0.104330390,0.166578268,0.019727141,0.036447502,4.000000000,0.000000000,4.000000000,straight_acceleration,0.688818977,0.665170926
89.713884725,-0.034147000,0.168045930,0.021992727,0.028100257,4.000000000,0.000000000,4.000000000,straight_acceleration,0.689445180,0.662135243
89.784083383,0.036033494,0.169652036,0.023672353,0.019753143,4.000000000,0.000000000,4.000000000,straight_acceleration,0.690295981,0.657849838
