index,s_m,center_x_m,center_y_m,w_left_m,w_right_m,left_boundary_x_m,left_boundary_y_m,right_boundary_x_m,right_boundary_y_m
0,0.000000000,11.117523727,-3.536665000,0.600000000,0.600000000,11.114961837,-2.936670469,11.120085618,-4.136659531
1,0.023903132,11.141425988,-3.536460943,0.600000000,0.600000000,11.131182162,-2.936548396,11.151669814,-4.136373490
2,0.047806264,11.165321282,-3.535848831,0.600000000,0.600000000,11.144836615,-2.936198618,11.185805948,-4.135499045
3,0.071709396,11.189202641,-3.534828844,0.600000000,0.600000000,11.158483107,-2.935615768,11.219922176,-4.134041919
4,0.095612528,11.213063106,-3.533401277,0.600000000,0.600000000,11.172117658,-2.934800015,11.254008554,-4.132002538
5,0.119515660,11.236895720,-3.531566548,0.600000000,0.600000000,11.185736295,-2.933751599,11.288055145,-4.129381497
6,0.143418792,11.260693536,-3.529325190,0.600000000,0.600000000,11.199335046,-2.932470823,11.322052025,-4.126179558
7,0.167321924,11.284449616,-3.526677859,0.600000000,0.600000000,11.212909950,-2.930958062,11.355989283,-4.122397655
8,0.191225056,11.308157036,-3.523625324,0.600000000,0.600000000,11.226457047,-2.929213757,11.389857025,-4.118036892
9,0.215128188,11.331808884,-3.520168477,0.600000000,0.600000000,11.239972388,-2.927238416,11.423645380,-4.113098539
10,0.239031320,11.355398266,-3.516308325,0.600000000,0.600000000,11.253452035,-2.925032614,11.457344497,-4.107584035
11,0.262934452,11.378918306,-3.512045992,0.600000000,0.600000000,11.266892058,-2.922596996,11.490944553,-4.101494989
12,0.286837584,11.402362146,-3.507382723,0.600000000,0.600000000,11.280288538,-2.919932270,11.524435753,-4.094833175
13,0.310740716,11.425722952,-3.502319875,0.600000000,0.600000000,11.293637570,-2.917039214,11.557808334,-4.087600536
14,0.334643848,11.448993916,-3.496858925,0.600000000,0.600000000,11.306935264,-2.913918672,11.591052568,-4.079799179
15,0.358546980,11.472168253,-3.491001465,0.600000000,0.600000000,11.320177742,-2.910571551,11.624158764,-4.071431379
16,0.382450112,11.495239207,-3.484749202,0.600000000,0.600000000,11.333361144,-2.906998830,11.657117270,-4.062499575
17,0.406353244,11.518200053,-3.478103959,0.600000000,0.600000000,11.346481628,-2.903201548,11.689918479,-4.053006371
18,0.430256376,11.541044099,-3.471067674,0.600000000,0.600000000,11.359535368,-2.899180813,11.722552829,-4.042954534
19,0.454159508,11.563764683,-3.463642396,0.600000000,0.600000000,11.372518559,-2.894937798,11.755010807,-4.032346994
20,0.478062640,11.586355184,-3.455830291,0.600000000,0.600000000,11.385427417,-2.890473738,11.787282952,-4.021186844
21,0.501965772,11.608809016,-3.447633636,0.600000000,0.600000000,11.398258178,-2.885789935,11.819359854,-4.009477337
22,0.525868904,11.631119634,-3.439054821,0.600000000,0.600000000,11.411007102,-2.880887755,11.851232165,-3.997221887
23,0.549772036,11.653280533,-3.430096346,0.600000000,0.600000000,11.423670473,-2.875768626,11.882890592,-3.984424065
24,0.573675169,11.675285253,-3.420760822,0.600000000,0.600000000,11.436244599,-2.870434041,11.914325907,-3.971087603
25,0.597578301,11.697127380,-3.411050972,0.600000000,0.600000000,11.448725815,-2.864885555,11.945528946,-3.957216388
26,0.621481433,11.718800548,-3.400969625,0.600000000,0.600000000,11.461110482,-2.859124786,11.976490613,-3.942814465
27,0.645384565,11.740298436,-3.390519721,0.600000000,0.600000000,11.473394990,-2.853153412,12.007201883,-3.927886030
28,0.669287697,11.761614780,-3.379704306,0.600000000,0.600000000,11.485575757,-2.846973175,12.037653803,-3.912435437
29,0.693190829,11.782743365,-3.368526532,0.600000000,0.600000000,11.497649234,-2.840585875,12.067837495,-3.896467188
30,0.717093961,11.803678031,-3.356989658,0.600000000,0.600000000,11.509611901,-2.833993376,12.097744162,-3.879985940
31,0.740997093,11.824412677,-3.345097047,0.600000000,0.600000000,11.521460270,-2.827197598,12.127365084,-3.862996496
32,0.764900225,11.844941257,-3.332852166,0.600000000,0.600000000,11.533190887,-2.820200524,12.156691627,-3.845503809
33,0.788803357,11.865257788,-3.320258585,0.600000000,0.600000000,11.544800334,-2.813004191,12.185715243,-3.827512978
34,0.812706489,11.885356347,-3.307319974,0.600000000,0.600000000,11.556285224,-2.805610699,12.214427470,-3.809029249
35,0.836609621,11.905231075,-3.294040105,0.600000000,0.600000000,11.567642212,-2.798022203,12.242819938,-3.790058008
36,0.860512753,11.924876178,-3.280422850,0.600000000,0.600000000,11.578867985,-2.790240914,12.270884372,-3.770604786
37,0.884415885,11.944285930,-3.266472178,0.600000000,0.600000000,11.589959272,-2.782269102,12.298612589,-3.750675255
38,0.908319017,11.963454673,-3.252192156,0.600000000,0.600000000,11.600912839,-2.774109089,12.325996506,-3.730275223
39,0.932222149,11.982376818,-3.237586946,0.600000000,0.600000000,11.611725493,-2.765763255,12.353028142,-3.709410638
40,0.956125281,12.001046849,-3.222660807,0.600000000,0.600000000,11.622394083,-2.757234033,12.379699616,-3.688087581
41,0.980028413,12.019459325,-3.207418089,0.600000000,0.600000000,11.632915497,-2.748523908,12.406003153,-3.666312270
42,1.003931545,12.037608878,-3.191863235,0.600000000,0.600000000,11.643286670,-2.739635420,12.431931085,-3.644091051
43,1.027834677,12.055490216,-3.176000781,0.600000000,0.600000000,11.653504578,-2.730571161,12.457475854,-3.621430402
44,1.051737809,12.073098128,-3.159835350,0.600000000,0.600000000,11.663566242,-2.721333771,12.482630014,-3.598336929
45,1.075640941,12.090427480,-3.143371654,0.600000000,0.600000000,11.673468729,-2.711925945,12.507386231,-3.574817363
46,1.099544073,12.107473221,-3.126614494,0.600000000,0.600000000,11.683209152,-2.702350425,12.531737290,-3.550878562
47,1.123447205,12.124230382,-3.109568753,0.600000000,0.600000000,11.692784673,-2.692610002,12.555676091,-3.526527504
48,1.147350337,12.140694077,-3.092239401,0.600000000,0.600000000,11.702192499,-2.682707515,12.579195656,-3.501771286
49,1.171253469,12.156859508,-3.074631489,0.600000000,0.600000000,11.711429888,-2.672645851,12.602289129,-3.476617127
50,1.195156601,12.172721963,-3.056750150,0.600000000,0.600000000,11.720494148,-2.662427943,12.624949778,-3.451072358
51,1.219059733,12.188276816,-3.038600598,0.600000000,0.600000000,11.729382635,-2.652056770,12.647170997,-3.425144426
52,1.242962865,12.203519534,-3.020188122,0.600000000,0.600000000,11.738092760,-2.641535355,12.668946309,-3.398840889
53,1.266865997,12.218445674,-3.001518090,0.600000000,0.600000000,11.746621982,-2.630866766,12.690269365,-3.372169415
54,1.290769129,12.233050883,-2.982595945,0.600000000,0.600000000,11.754967816,-2.620054112,12.711133950,-3.345137779
55,1.314672261,12.247330905,-2.963427203,0.600000000,0.600000000,11.763127829,-2.609100545,12.731533982,-3.317753861
56,1.338575393,12.261281577,-2.944017451,0.600000000,0.600000000,11.771099642,-2.598009258,12.751463513,-3.290025644
57,1.362478525,12.274898833,-2.924372348,0.600000000,0.600000000,11.778880930,-2.586783484,12.770916735,-3.261961211
58,1.386381657,12.288178701,-2.904497620,0.600000000,0.600000000,11.786469427,-2.575426497,12.789887976,-3.233568742
59,1.410284789,12.301117312,-2.884399061,0.600000000,0.600000000,11.793862919,-2.563941606,12.808371706,-3.204856516
60,1.434187921,12.313710894,-2.864082530,0.600000000,0.600000000,11.801059251,-2.552332160,12.826362536,-3.175832900
61,1.458091053,12.325955775,-2.843553950,0.600000000,0.600000000,11.808056326,-2.540601543,12.843855223,-3.146506357
62,1.481994185,12.337848385,-2.822819304,0.600000000,0.600000000,11.814852103,-2.528753174,12.860844667,-3.116885434
63,1.505897317,12.349385259,-2.801884638,0.600000000,0.600000000,11.821444603,-2.516790507,12.877325916,-3.086978768
64,1.529800449,12.360563033,-2.780756053,0.600000000,0.600000000,11.827831902,-2.504717030,12.893294164,-3.056795075
65,1.553703581,12.371378448,-2.759439709,0.600000000,0.600000000,11.834012139,-2.492536262,12.908744757,-3.026343156
66,1.577606713,12.381828353,-2.737941820,0.600000000,0.600000000,11.839983513,-2.480251754,12.923673192,-2.995631886
67,1.601509845,12.391909699,-2.716268653,0.600000000,0.600000000,11.845744283,-2.467867088,12.938075116,-2.964670219
68,1.625412977,12.401619549,-2.694426526,0.600000000,0.600000000,11.851292768,-2.455385872,12.951946330,-2.933467180
69,1.649316109,12.410955073,-2.672421805,0.600000000,0.600000000,11.856627353,-2.442811746,12.965282792,-2.902031865
70,1.673219241,12.419913548,-2.650260906,0.600000000,0.600000000,11.861746482,-2.430148375,12.978080614,-2.870373438
71,1.697122374,12.428492363,-2.627950289,0.600000000,0.600000000,11.866648662,-2.417399451,12.990336065,-2.838501127
72,1.721025506,12.436689018,-2.605496457,0.600000000,0.600000000,11.871332465,-2.404568690,13.002045572,-2.806424224
73,1.744928638,12.444501123,-2.582905956,0.600000000,0.600000000,11.875796525,-2.391659832,13.013205721,-2.774152080
74,1.768831770,12.451926401,-2.560185371,0.600000000,0.600000000,11.880039541,-2.378676641,13.023813261,-2.741694102
75,1.792734902,12.458962687,-2.537341326,0.600000000,0.600000000,11.884060275,-2.365622901,13.033865098,-2.709059751
76,1.816638034,12.465607930,-2.514380480,0.600000000,0.600000000,11.887857557,-2.352502417,13.043358302,-2.676258542
77,1.840541166,12.471860192,-2.491309525,0.600000000,0.600000000,11.891430279,-2.339319014,13.052290106,-2.643300036
78,1.864444298,12.477717652,-2.468135189,0.600000000,0.600000000,11.894777399,-2.326076536,13.060657906,-2.610193841
79,1.888347430,12.483178602,-2.444864225,0.600000000,0.600000000,11.897897942,-2.312778843,13.068459263,-2.576949607
80,1.912250562,12.488241450,-2.421503418,0.600000000,0.600000000,11.900790997,-2.299429810,13.075691903,-2.543577026
81,1.936153694,12.492904720,-2.398059578,0.600000000,0.600000000,11.903455723,-2.286033330,13.082353717,-2.510085826
82,1.960056826,12.497167052,-2.374539539,0.600000000,0.600000000,11.905891341,-2.272593308,13.088442763,-2.476485770
83,1.983959958,12.501027204,-2.350950157,0.600000000,0.600000000,11.908097143,-2.259113661,13.093957266,-2.442786653
84,2.007863090,12.504484052,-2.327298309,0.600000000,0.600000000,11.910072484,-2.245598319,13.098895619,-2.408998298
85,2.031766222,12.507536586,-2.303590889,0.600000000,0.600000000,11.911816789,-2.232051222,13.103256383,-2.375130556
86,2.055669354,12.510183918,-2.279834809,0.600000000,0.600000000,11.913329550,-2.218476319,13.107038285,-2.341193298
87,2.079572486,12.512425275,-2.256036993,0.600000000,0.600000000,11.914610326,-2.204877567,13.110240224,-2.307196418
88,2.103475618,12.514260004,-2.232204379,0.600000000,0.600000000,11.915658743,-2.191258931,13.112861266,-2.273149827
89,2.127378750,12.515687571,-2.208343914,0.600000000,0.600000000,11.916474495,-2.177624379,13.114900647,-2.239063449
90,2.151281882,12.516707559,-2.184462554,0.600000000,0.600000000,11.917057345,-2.163977888,13.116357772,-2.204947220
91,2.175185014,12.517319670,-2.160567261,0.600000000,0.600000000,11.917407123,-2.150323435,13.117232217,-2.170811087
92,2.199088146,12.517523727,-2.136665000,0.600000000,0.600000000,11.917523727,-2.136665000,13.117523727,-2.136665000
93,2.222991278,12.517319670,-2.112762739,0.600000000,0.600000000,11.917407123,-2.123006565,13.117232217,-2.102518913
94,2.246894410,12.516707559,-2.088867446,0.600000000,0.600000000,11.917057345,-2.109352112,13.116357772,-2.068382780
95,2.270797542,12.515687571,-2.064986086,0.600000000,0.600000000,11.916474495,-2.095705621,13.114900647,-2.034266551
96,2.294700674,12.514260004,-2.041125621,0.600000000,0.600000000,11.915658743,-2.082071069,13.112861266,-2.000180173
97,2.318603806,12.512425275,-2.017293007,0.600000000,0.600000000,11.914610326,-2.068452433,13.110240224,-1.966133582
98,2.342506938,12.510183918,-1.993495191,0.600000000,0.600000000,11.913329550,-2.054853681,13.107038285,-1.932136702
99,2.366410070,12.507536586,-1.969739111,0.600000000,0.600000000,11.911816789,-2.041278778,13.103256383,-1.898199444
100,2.390313202,12.504484052,-1.946031691,0.600000000,0.600000000,11.910072484,-2.027731681,13.098895619,-1.864331702
101,2.414216334,12.501027204,-1.922379843,0.600000000,0.600000000,11.908097143,-2.014216339,13.093957266,-1.830543347
102,2.438119466,12.497167052,-1.898790461,0.600000000,0.600000000,11.905891341,-2.000736692,13.088442763,-1.796844230
103,2.462022598,12.492904720,-1.875270422,0.600000000,0.600000000,11.903455723,-1.987296670,13.082353717,-1.763244174
104,2.485925730,12.488241450,-1.851826582,0.600000000,0.600000000,11.900790997,-1.973900190,13.075691903,-1.729752974
105,2.509828862,12.483178602,-1.828465775,0.600000000,0.600000000,11.897897942,-1.960551157,13.068459263,-1.696380393
106,2.533731994,12.477717652,-1.805194811,0.600000000,0.600000000,11.894777399,-1.947253464,13.060657906,-1.663136159
107,2.557635126,12.471860192,-1.782020475,0.600000000,0.600000000,11.891430279,-1.934010986,13.052290106,-1.630029964
108,2.581538258,12.465607930,-1.758949520,0.600000000,0.600000000,11.887857557,-1.920827583,13.043358302,-1.597071458
109,2.605441390,12.458962687,-1.735988674,0.600000000,0.600000000,11.884060275,-1.907707099,13.033865098,-1.564270249
110,2.629344522,12.451926401,-1.713144629,0.600000000,0.600000000,11.880039541,-1.894653359,13.023813261,-1.531635898
111,2.653247654,12.444501123,-1.690424044,0.600000000,0.600000000,11.875796525,-1.881670168,13.013205721,-1.499177920
112,2.677150786,12.436689018,-1.667833543,0.600000000,0.600000000,11.871332465,-1.868761310,13.002045572,-1.466905776
113,2.701053918,12.428492363,-1.645379711,0.600000000,0.600000000,11.866648662,-1.855930549,12.990336065,-1.434828873
114,2.724957050,12.419913548,-1.623069094,0.600000000,0.600000000,11.861746482,-1.843181625,12.978080614,-1.402956562
115,2.748860182,12.410955073,-1.600908195,0.600000000,0.600000000,11.856627353,-1.830518254,12.965282792,-1.371298135
116,2.772763314,12.401619549,-1.578903474,0.600000000,0.600000000,11.851292768,-1.817944128,12.951946330,-1.339862820
117,2.796666446,12.391909699,-1.557061347,0.600000000,0.600000000,11.845744283,-1.805462912,12.938075116,-1.308659781
118,2.820569579,12.381828353,-1.535388180,0.600000000,0.600000000,11.839983513,-1.793078246,12.923673192,-1.277698114
119,2.844472711,12.371378448,-1.513890291,0.600000000,0.600000000,11.834012139,-1.780793738,12.908744757,-1.246986844
120,2.868375843,12.360563033,-1.492573947,0.600000000,0.600000000,11.827831902,-1.768612970,12.893294164,-1.216534925
121,2.892278975,12.349385259,-1.471445362,0.600000000,0.600000000,11.821444603,-1.756539493,12.877325916,-1.186351232
122,2.916182107,12.337848385,-1.450510696,0.600000000,0.600000000,11.814852103,-1.744576826,12.860844667,-1.156444566
123,2.940085239,12.325955775,-1.429776050,0.600000000,0.600000000,11.808056326,-1.732728457,12.843855223,-1.126823643
124,2.963988371,12.313710894,-1.409247470,0.600000000,0.600000000,11.801059251,-1.720997840,12.826362536,-1.097497100
125,2.987891503,12.301117312,-1.388930939,0.600000000,0.600000000,11.793862919,-1.709388394,12.808371706,-1.068473484
126,3.011794635,12.288178701,-1.368832380,0.600000000,0.600000000,11.786469427,-1.697903503,12.789887976,-1.039761258
127,3.035697767,12.274898833,-1.348957652,0.600000000,0.600000000,11.778880930,-1.686546516,12.770916735,-1.011368789
128,3.059600899,12.261281577,-1.329312549,0.600000000,0.600000000,11.771099642,-1.675320742,12.751463513,-0.983304356
129,3.083504031,12.247330905,-1.309902797,0.600000000,0.600000000,11.763127829,-1.664229455,12.731533982,-0.955576139
130,3.107407163,12.233050883,-1.290734055,0.600000000,0.600000000,11.754967816,-1.653275888,12.711133950,-0.928192221
131,3.131310295,12.218445674,-1.271811910,0.600000000,0.600000000,11.746621982,-1.642463234,12.690269365,-0.901160585
132,3.155213427,12.203519534,-1.253141878,0.600000000,0.600000000,11.738092760,-1.631794645,12.668946309,-0.874489111
133,3.179116559,12.188276816,-1.234729402,0.600000000,0.600000000,11.729382635,-1.621273230,12.647170997,-0.848185574
134,3.203019691,12.172721963,-1.216579850,0.600000000,0.600000000,11.720494148,-1.610902057,12.624949778,-0.822257642
135,3.226922823,12.156859508,-1.198698511,0.600000000,0.600000000,11.711429888,-1.600684149,12.602289129,-0.796712873
136,3.250825955,12.140694077,-1.181090599,0.600000000,0.600000000,11.702192499,-1.590622485,12.579195656,-0.771558714
137,3.274729087,12.124230382,-1.163761247,0.600000000,0.600000000,11.692784673,-1.580719998,12.555676091,-0.746802496
138,3.298632219,12.107473221,-1.146715506,0.600000000,0.600000000,11.683209152,-1.570979575,12.531737290,-0.722451438
139,3.322535351,12.090427480,-1.129958346,0.600000000,0.600000000,11.673468729,-1.561404055,12.507386231,-0.698512637
140,3.346438483,12.073098128,-1.113494650,0.600000000,0.600000000,11.663566242,-1.551996229,12.482630014,-0.674993071
141,3.370341615,12.055490216,-1.097329219,0.600000000,0.600000000,11.653504578,-1.542758839,12.457475854,-0.651899598
142,3.394244747,12.037608878,-1.081466765,0.600000000,0.600000000,11.643286670,-1.533694580,12.431931085,-0.629238949
143,3.418147879,12.019459325,-1.065911911,0.600000000,0.600000000,11.632915497,-1.524806092,12.406003153,-0.607017730
144,3.442051011,12.001046849,-1.050669193,0.600000000,0.600000000,11.622394083,-1.516095967,12.379699616,-0.585242419
145,3.465954143,11.982376818,-1.035743054,0.600000000,0.600000000,11.611725493,-1.507566745,12.353028142,-0.563919362
146,3.489857275,11.963454673,-1.021137844,0.600000000,0.600000000,11.600912839,-1.499220911,12.325996506,-0.543054777
147,3.513760407,11.944285930,-1.006857822,0.600000000,0.600000000,11.589959272,-1.491060898,12.298612589,-0.522654745
148,3.537663539,11.924876178,-0.992907150,0.600000000,0.600000000,11.578867985,-1.483089086,12.270884372,-0.502725214
149,3.561566671,11.905231075,-0.979289895,0.600000000,0.600000000,11.567642212,-1.475307797,12.242819938,-0.483271992
150,3.585469803,11.885356347,-0.966010026,0.600000000,0.600000000,11.556285224,-1.467719301,12.214427470,-0.464300751
151,3.609372935,11.865257788,-0.953071415,0.600000000,0.600000000,11.544800334,-1.460325809,12.185715243,-0.445817022
152,3.633276067,11.844941257,-0.940477834,0.600000000,0.600000000,11.533190887,-1.453129476,12.156691627,-0.427826191
153,3.657179199,11.824412677,-0.928232953,0.600000000,0.600000000,11.521460270,-1.446132402,12.127365084,-0.410333504
154,3.681082331,11.803678031,-0.916340342,0.600000000,0.600000000,11.509611901,-1.439336624,12.097744162,-0.393344060
155,3.704985463,11.782743365,-0.904803468,0.600000000,0.600000000,11.497649234,-1.432744125,12.067837495,-0.376862812
156,3.728888595,11.761614780,-0.893625694,0.600000000,0.600000000,11.485575757,-1.426356825,12.037653803,-0.360894563
157,3.752791727,11.740298436,-0.882810279,0.600000000,0.600000000,11.473394990,-1.420176588,12.007201883,-0.345443970
158,3.776694859,11.718800548,-0.872360375,0.600000000,0.600000000,11.461110482,-1.414205214,11.976490613,-0.330515535
159,3.800597991,11.697127380,-0.862279028,0.600000000,0.600000000,11.448725815,-1.408444445,11.945528946,-0.316113612
160,3.824501123,11.675285253,-0.852569178,0.600000000,0.600000000,11.436244599,-1.402895959,11.914325907,-0.302242397
161,3.848404255,11.653280533,-0.843233654,0.600000000,0.600000000,11.423670473,-1.397561374,11.882890592,-0.288905935
162,3.872307387,11.631119634,-0.834275179,0.600000000,0.600000000,11.411007102,-1.392442245,11.851232165,-0.276108113
163,3.896210519,11.608809016,-0.825696364,0.600000000,0.600000000,11.398258178,-1.387540065,11.819359854,-0.263852663
164,3.920113651,11.586355184,-0.817499709,0.600000000,0.600000000,11.385427417,-1.382856262,11.787282952,-0.252143156
165,3.944016784,11.563764683,-0.809687604,0.600000000,0.600000000,11.372518559,-1.378392202,11.755010807,-0.240983006
166,3.967919916,11.541044099,-0.802262326,0.600000000,0.600000000,11.359535368,-1.374149187,11.722552829,-0.230375466
167,3.991823048,11.518200053,-0.795226041,0.600000000,0.600000000,11.346481628,-1.370128452,11.689918479,-0.220323629
168,4.015726180,11.495239207,-0.788580798,0.600000000,0.600000000,11.333361144,-1.366331170,11.657117270,-0.210830425
169,4.039629312,11.472168253,-0.782328535,0.600000000,0.600000000,11.320177742,-1.362758449,11.624158764,-0.201898621
170,4.063532444,11.448993916,-0.776471075,0.600000000,0.600000000,11.306935264,-1.359411328,11.591052568,-0.193530821
171,4.087435576,11.425722952,-0.771010125,0.600000000,0.600000000,11.293637570,-1.356290786,11.557808334,-0.185729464
172,4.111338708,11.402362146,-0.765947277,0.600000000,0.600000000,11.280288538,-1.353397730,11.524435753,-0.178496825
173,4.135241840,11.378918306,-0.761284008,0.600000000,0.600000000,11.266892058,-1.350733004,11.490944553,-0.171835011
174,4.159144972,11.355398266,-0.757021675,0.600000000,0.600000000,11.253452035,-1.348297386,11.457344497,-0.165745965
175,4.183048104,11.331808884,-0.753161523,0.600000000,0.600000000,11.239972388,-1.346091584,11.423645380,-0.160231461
176,4.206951236,11.308157036,-0.749704676,0.600000000,0.600000000,11.226457047,-1.344116243,11.389857025,-0.155293108
177,4.230854368,11.284449616,-0.746652141,0.600000000,0.600000000,11.212909950,-1.342371938,11.355989283,-0.150932345
178,4.254757500,11.260693536,-0.744004810,0.600000000,0.600000000,11.199335046,-1.340859177,11.322052025,-0.147150442
179,4.278660632,11.236895720,-0.741763452,0.600000000,0.600000000,11.185736295,-1.339578401,11.288055145,-0.143948503
180,4.302563764,11.213063106,-0.739928723,0.600000000,0.600000000,11.172117658,-1.338529985,11.254008554,-0.141327462
181,4.326466896,11.189202641,-0.738501156,0.600000000,0.600000000,11.158483107,-1.337714232,11.219922176,-0.139288081
182,4.350370028,11.165321282,-0.737481169,0.600000000,0.600000000,11.144836615,-1.337131382,11.185805948,-0.137830955
183,4.374273160,11.141425988,-0.736869057,0.600000000,0.600000000,11.131182162,-1.336781604,11.151669814,-0.136956510
184,4.398176292,11.117523727,-0.736665000,0.600000000,0.600000000,11.114948967,-1.336659475,11.120098488,-0.136670525
185,4.421825292,11.093874727,-0.736665000,0.600000000,0.600000000,11.093874727,-1.336665000,11.093874727,-0.136665000
186,4.445474292,11.070225727,-0.736665000,0.600000000,0.600000000,11.070225727,-1.336665000,11.070225727,-0.136665000
187,4.469123292,11.046576727,-0.736665000,0.600000000,0.600000000,11.046576727,-1.336665000,11.046576727,-0.136665000
188,4.492772292,11.022927727,-0.736665000,0.600000000,0.600000000,11.022927727,-1.336665000,11.022927727,-0.136665000
189,4.516421292,10.999278727,-0.736665000,0.600000000,0.600000000,10.999278727,-1.336665000,10.999278727,-0.136665000
190,4.540070292,10.975629727,-0.736665000,0.600000000,0.600000000,10.975629727,-1.336665000,10.975629727,-0.136665000
191,4.563719292,10.951980727,-0.736665000,0.600000000,0.600000000,10.951980727,-1.336665000,10.951980727,-0.136665000
192,4.587368292,10.928331727,-0.736665000,0.600000000,0.600000000,10.928331727,-1.336665000,10.928331727,-0.136665000
193,4.611017292,10.904682727,-0.736665000,0.600000000,0.600000000,10.904682727,-1.336665000,10.904682727,-0.136665000
194,4.634666292,10.881033727,-0.736665000,0.600000000,0.600000000,10.881033727,-1.336665000,10.881033727,-0.136665000
195,4.658315292,10.857384727,-0.736665000,0.600000000,0.600000000,10.857384727,-1.336665000,10.857384727,-0.136665000
196,4.681964292,10.833735727,-0.736665000,0.600000000,0.600000000,10.833735727,-1.336665000,10.833735727,-0.136665000
197,4.705613292,10.810086727,-0.736665000,0.600000000,0.600000000,10.810086727,-1.336665000,10.810086727,-0.136665000
198,4.729262292,10.786437727,-0.736665000,0.600000000,0.600000000,10.786437727,-1.336665000,10.786437727,-0.136665000
199,4.752911292,10.762788727,-0.736665000,0.600000000,0.600000000,10.762788727,-1.336665000,10.762788727,-0.136665000
200,4.776560292,10.739139727,-0.736665000,0.600000000,0.600000000,10.739139727,-1.336665000,10.739139727,-0.136665000
201,4.800209292,10.715490727,-0.736665000,0.600000000,0.600000000,10.715490727,-1.336665000,10.715490727,-0.136665000
202,4.823858292,10.691841727,-0.736665000,0.600000000,0.600000000,10.691841727,-1.336665000,10.691841727,-0.136665000
203,4.847507292,10.668192727,-0.736665000,0.600000000,0.600000000,10.668192727,-1.336665000,10.668192727,-0.136665000
204,4.871156292,10.644543727,-0.736665000,0.600000000,0.600000000,10.644543727,-1.336665000,10.644543727,-0.136665000
205,4.894805292,10.620894727,-0.736665000,0.600000000,0.600000000,10.620894727,-1.336665000,10.620894727,-0.136665000
206,4.918454292,10.597245727,-0.736665000,0.600000000,0.600000000,10.597245727,-1.336665000,10.597245727,-0.136665000
207,4.942103292,10.573596727,-0.736665000,0.600000000,0.600000000,10.573596727,-1.336665000,10.573596727,-0.136665000
208,4.965752292,10.549947727,-0.736665000,0.600000000,0.600000000,10.549901578,-1.336664998,10.549993877,-0.136665002
209,4.989365297,10.526334723,-0.736661365,0.600000000,0.600000000,10.525965475,-1.336661251,10.526703970,-0.136661478
210,5.012978315,10.502721718,-0.736635937,0.600000000,0.600000000,10.501522976,-1.336634739,10.503920460,-0.136637134
211,5.036591420,10.479108714,-0.736567012,0.600000000,0.600000000,10.476531292,-1.336561476,10.481686135,-0.136572548
212,5.060204805,10.455495709,-0.736433066,0.600000000,0.600000000,10.450996163,-1.336416194,10.459995255,-0.136449938
213,5.083818836,10.431882704,-0.736212842,0.600000000,0.600000000,10.424925666,-1.336172507,10.438839743,-0.136253177
214,5.107434110,10.408269700,-0.735885440,0.600000000,0.600000000,10.398330256,-1.335803108,10.418209144,-0.135967773
215,5.131051499,10.384656695,-0.735430401,0.600000000,0.600000000,10.371222802,-1.335279991,10.398090588,-0.135580811
216,5.154672192,10.361043691,-0.734827793,0.600000000,0.600000000,10.343618634,-1.334574713,10.378468747,-0.135080874
217,5.178297731,10.337430686,-0.734058296,0.600000000,0.600000000,10.315535571,-1.333658666,10.359325801,-0.134457926
218,5.201930040,10.313817682,-0.733103280,0.600000000,0.600000000,10.286993947,-1.332503386,10.340641417,-0.133703174
219,5.225571442,10.290204677,-0.731944886,0.600000000,0.600000000,10.258016610,-1.331080871,10.322392744,-0.132808901
220,5.249224666,10.266591672,-0.730566103,0.600000000,0.600000000,10.228628906,-1.329363922,10.304554439,-0.131768284
221,5.272892853,10.242978668,-0.728950837,0.600000000,0.600000000,10.198858618,-1.327326490,10.287098718,-0.130575185
222,5.296579539,10.219365663,-0.727083986,0.600000000,0.600000000,10.168735886,-1.324944025,10.269995441,-0.129223948
223,5.320288640,10.195752659,-0.724951503,0.600000000,0.600000000,10.138293074,-1.322193829,10.253212244,-0.127709177
224,5.344024418,10.172139654,-0.722540459,0.600000000,0.600000000,10.107564604,-1.319055390,10.236714704,-0.126025528
225,5.367791439,10.148526650,-0.719839104,0.600000000,0.600000000,10.076586744,-1.315510700,10.220466555,-0.124167509
226,5.391594529,10.124913645,-0.716836922,0.600000000,0.600000000,10.045397354,-1.311544547,10.204429937,-0.122129297
227,5.415438709,10.101300641,-0.713524679,0.600000000,0.600000000,10.014035599,-1.307144770,10.188565682,-0.119904588
228,5.439329134,10.077687636,-0.709894469,0.600000000,0.600000000,9.982541630,-1.302302468,10.172833642,-0.117486470
229,5.463271016,10.054074631,-0.705939761,0.600000000,0.600000000,9.950956234,-1.297012173,10.157193029,-0.114867349
230,5.487269547,10.030461627,-0.701655427,0.600000000,0.600000000,9.919320479,-1.291271951,10.141602774,-0.112038903
231,5.511329818,10.006848622,-0.697037783,0.600000000,0.600000000,9.887675345,-1.285083470,10.126021900,-0.108992096
232,5.535456730,9.983235618,-0.692084609,0.600000000,0.600000000,9.856061362,-1.278451993,10.110409873,-0.105717226
233,5.559654915,9.959622613,-0.686795173,0.600000000,0.600000000,9.824518267,-1.271386326,10.094726959,-0.102204021
234,5.583928640,9.936009609,-0.681170248,0.600000000,0.600000000,9.793084685,-1.263898715,10.078934533,-0.098441781
235,5.608281736,9.912396604,-0.675212122,0.600000000,0.600000000,9.761797837,-1.256004694,10.062995371,-0.094419550
236,5.632717506,9.888783599,-0.668924605,0.600000000,0.600000000,9.730693305,-1.247722893,10.046873894,-0.090126316
237,5.657238659,9.865170595,-0.662313028,0.600000000,0.600000000,9.699804827,-1.239074818,10.030536363,-0.085551237
238,5.681847236,9.841557590,-0.655384239,0.600000000,0.600000000,9.669164157,-1.230084600,10.013951023,-0.080683879
239,5.706544553,9.817944586,-0.648146595,0.600000000,0.600000000,9.638800969,-1.220778732,9.997088202,-0.075514458
240,5.731331145,9.794331581,-0.640609941,0.600000000,0.600000000,9.608742816,-1.211185799,9.979920347,-0.070034083
241,5.756206724,9.770718577,-0.632785593,0.600000000,0.600000000,9.579015135,-1.201336198,9.962422018,-0.064234988
242,5.781170144,9.747105572,-0.624686313,0.600000000,0.600000000,9.549641307,-1.191261872,9.944569837,-0.058110754
243,5.806219380,9.723492567,-0.616326272,0.600000000,0.600000000,9.520642746,-1.180996043,9.926342388,-0.051656501
244,5.831351518,9.699879563,-0.607721021,0.600000000,0.600000000,9.492039036,-1.170572969,9.907720090,-0.044869073
245,5.856562747,9.676266558,-0.598887443,0.600000000,0.600000000,9.463848081,-1.160027702,9.888685036,-0.037747184
246,5.881848376,9.652653554,-0.589843713,0.600000000,0.600000000,9.436086294,-1.149395875,9.869220813,-0.030291551
247,5.907202852,9.629040549,-0.580609242,0.600000000,0.600000000,9.408768794,-1.138713491,9.849312305,-0.022504992
248,5.932619792,9.605427545,-0.571204622,0.600000000,0.600000000,9.381909609,-1.128016738,9.828945480,-0.014392506
249,5.958092027,9.581814540,-0.561651572,0.600000000,0.600000000,9.355521893,-1.117341808,9.808107187,-0.005961337
250,5.983611653,9.558201535,-0.551972867,0.600000000,0.600000000,9.329618133,-1.106724728,9.786784938,0.002778995
251,6.009170096,9.534588531,-0.542192274,0.600000000,0.600000000,9.304210353,-1.096201204,9.764966709,0.011816656
252,6.034758181,9.510975526,-0.532334480,0.600000000,0.600000000,9.279310309,-1.085806455,9.742640744,0.021137495
253,6.060366216,9.487362522,-0.522425015,0.600000000,0.600000000,9.254929668,-1.075575057,9.719795376,0.030725026
254,6.085984080,9.463749517,-0.512490178,0.600000000,0.600000000,9.231080164,-1.065540784,9.696418870,0.040560427
255,6.111601321,9.440136513,-0.502556951,0.600000000,0.600000000,9.207773740,-1.055736435,9.672499285,0.050622533
256,6.137207255,9.416523508,-0.492652916,0.600000000,0.600000000,9.185022656,-1.046193660,9.648024360,0.060887828
257,6.162791085,9.392910504,-0.482806171,0.600000000,0.600000000,9.162839573,-1.036942767,9.622981434,0.071330425
258,6.188342011,9.369297499,-0.473045238,0.600000000,0.600000000,9.141237598,-1.028012518,9.597357400,0.081922041
259,6.213849351,9.345684494,-0.463398975,0.600000000,0.600000000,9.120230298,-1.019429914,9.571138691,0.092631964
260,6.239302669,9.322071490,-0.453896480,0.600000000,0.600000000,9.099831663,-1.011219959,9.544311316,0.103426998
261,6.264691901,9.298458485,-0.444567003,0.600000000,0.600000000,9.080056028,-1.003405411,9.516860943,0.114271405
262,6.290007489,9.274845481,-0.435439845,0.600000000,0.600000000,9.060917937,-0.996006528,9.488773025,0.125126837
263,6.315240508,9.251232476,-0.426544269,0.600000000,0.600000000,9.042431952,-0.989040795,9.460033000,0.135952256
264,6.340382803,9.227619472,-0.417909399,0.600000000,0.600000000,9.024612398,-0.982522654,9.430626545,0.146703857
265,6.365427115,9.204006467,-0.409564126,0.600000000,0.600000000,9.007473035,-0.976463244,9.400539899,0.157334992
266,6.390367213,9.180393462,-0.401537015,0.600000000,0.600000000,8.991026662,-0.970870147,9.369760263,0.167796117
267,6.415198016,9.156780458,-0.393856208,0.600000000,0.600000000,8.975284641,-0.965747166,9.338276275,0.178034751
268,6.439915712,9.133167453,-0.386549328,0.600000000,0.600000000,8.960256348,-0.961094147,9.306078559,0.187995492
269,6.464517866,9.109554449,-0.379643389,0.600000000,0.600000000,8.945948551,-0.956906856,9.273160347,0.197620078
270,6.489003521,9.085941444,-0.373164705,0.600000000,0.600000000,8.932364723,-0.953176938,9.239518165,0.206847528
271,6.513373288,9.062328440,-0.367138798,0.600000000,0.600000000,8.919504302,-0.949891975,9.205152577,0.215614379
272,6.537629415,9.038715435,-0.361590312,0.600000000,0.600000000,8.907361918,-0.947035659,9.170068952,0.223855034
273,6.561775844,9.015102430,-0.356542929,0.600000000,0.600000000,8.895926616,-0.944588101,9.134278245,0.231502244
274,6.585818252,8.991489426,-0.352019282,0.600000000,0.600000000,8.885181102,-0.942526302,9.097797750,0.238487738
275,6.609764058,8.967876421,-0.348040883,0.600000000,0.600000000,8.875101062,-0.940824766,9.060651781,0.244743001
276,6.633622422,8.944263417,-0.344628039,0.600000000,0.600000000,8.865654585,-0.939456293,9.022872248,0.250200215
277,6.657404200,8.920650412,-0.341799785,0.600000000,0.600000000,8.856801757,-0.938392903,8.984499067,0.254793334
278,6.681121893,8.897037408,-0.339573812,0.600000000,0.600000000,8.848494458,-0.937606906,8.945580357,0.258459283
279,6.704789545,8.873424403,-0.337966402,0.600000000,0.600000000,8.840676414,-0.937072043,8.906172392,0.261139239
280,6.728422630,8.849811399,-0.336992369,0.600000000,0.600000000,8.833283539,-0.936764684,8.866339258,0.262779946
281,6.752037904,8.826198394,-0.336665000,0.600000000,0.600000000,8.826244578,-0.936664998,8.826152209,0.263334998
282,6.775653229,8.802585389,-0.336996004,0.600000000,0.600000000,8.819482067,-0.936758042,8.785688712,0.262766034
283,6.799287376,8.778972385,-0.337995465,0.600000000,0.600000000,8.812913569,-0.937034693,8.745031201,0.261043762
284,6.822959809,8.755359380,-0.339671800,0.600000000,0.600000000,8.806453162,-0.937492363,8.704265599,0.258148763
285,6.846690447,8.731746376,-0.342031719,0.600000000,0.600000000,8.800013108,-0.938135446,8.663479643,0.254072008
286,6.870499420,8.708133371,-0.345080196,0.600000000,0.600000000,8.793505620,-0.938975456,8.622761122,0.248815063
287,6.894406813,8.684520367,-0.348820442,0.600000000,0.600000000,8.786844646,-0.940030846,8.582196087,0.242389962
288,6.918432411,8.660907362,-0.353253881,0.600000000,0.600000000,8.779947570,-0.941326520,8.541867154,0.234818758
289,6.942595450,8.637294357,-0.358380135,0.600000000,0.600000000,8.772736759,-0.942893057,8.501851956,0.226132786
290,6.966914375,8.613681353,-0.364197017,0.600000000,0.600000000,8.765140872,-0.944765715,8.462221834,0.216371682
291,6.991406609,8.590068348,-0.370700518,0.600000000,0.600000000,8.757095890,-0.946983262,8.423040807,0.205582225
292,7.016088346,8.566455344,-0.377884819,0.600000000,0.600000000,8.748545831,-0.949586712,8.384364856,0.193817074
293,7.040974362,8.542842339,-0.385742286,0.600000000,0.600000000,8.739443152,-0.952618040,8.346241527,0.181133468
294,7.066077846,8.519229335,-0.394263490,0.600000000,0.600000000,8.729748836,-0.956118934,8.308709833,0.167591953
295,7.091410262,8.495616330,-0.403437222,0.600000000,0.600000000,8.719432222,-0.960129638,8.271800438,0.153255195
296,7.116981235,8.472003325,-0.413250513,0.600000000,0.600000000,8.708470586,-0.964687938,8.235536065,0.138186913
297,7.142798459,8.448390321,-0.423688667,0.600000000,0.600000000,8.696848555,-0.969828307,8.199932087,0.122450972
298,7.168867636,8.424777316,-0.434735294,0.600000000,0.600000000,8.684557382,-0.975581222,8.164997251,0.106110634
299,7.195192433,8.401164312,-0.446372347,0.600000000,0.600000000,8.671594139,-0.981972672,8.130734484,0.089227979
300,7.221774473,8.377551307,-0.458580167,0.600000000,0.600000000,8.657960880,-0.989023822,8.097141734,0.071863489
301,7.248613333,8.353938303,-0.471337534,0.600000000,0.600000000,8.643663789,-0.996750840,8.064212817,0.054075773
302,7.275706572,8.330325298,-0.484621720,0.600000000,0.600000000,8.628712367,-1.005164856,8.031938229,0.035921417
303,7.303049772,8.306712293,-0.498408547,0.600000000,0.600000000,8.613118664,-1.014272033,8.000305923,0.017454938
304,7.330636600,8.283099289,-0.512672455,0.600000000,0.600000000,8.596896575,-1.024073729,7.969302003,-0.001271181
305,7.358458874,8.259486284,-0.527386562,0.600000000,0.600000000,8.580061204,-1.034566728,7.938911365,-0.020206396
306,7.386506654,8.235873280,-0.542522743,0.600000000,0.600000000,8.562628311,-1.045743519,7.909118248,-0.039301967
307,7.414768334,8.212260275,-0.558051703,0.600000000,0.600000000,8.544613827,-1.057592609,7.879906724,-0.058510797
308,7.443230750,8.188647271,-0.573943056,0.600000000,0.600000000,8.526033438,-1.070098853,7.851261103,-0.077787260
309,7.471879288,8.165034266,-0.590165411,0.600000000,0.600000000,8.506902245,-1.083243787,7.823166287,-0.097087035
310,7.500698011,8.141421262,-0.606686452,0.600000000,0.600000000,8.487234472,-1.097005964,7.795608051,-0.116366940
311,7.529669779,8.117808257,-0.623473035,0.600000000,0.600000000,8.467043229,-1.111361274,7.768573284,-0.135584795
312,7.558776383,8.094195252,-0.640491272,0.600000000,0.600000000,8.446340328,-1.126283250,7.742050177,-0.154699294
313,7.587998679,8.070582248,-0.657706631,0.600000000,0.600000000,8.425136126,-1.141743352,7.716028370,-0.173669910
314,7.617316727,8.046969243,-0.675084029,0.600000000,0.600000000,8.403439409,-1.157711236,7.690499077,-0.192456822
315,7.646709932,8.023356239,-0.692587929,0.600000000,0.600000000,8.381257305,-1.174154982,7.665455172,-0.211020876
316,7.676157187,7.999743234,-0.710182441,0.600000000,0.600000000,8.358595212,-1.191041317,7.640891256,-0.229323566
317,7.705637020,7.976130230,-0.727831423,0.600000000,0.600000000,8.335456754,-1.208335792,7.616803706,-0.247327053
318,7.735127736,7.952517225,-0.745498577,0.600000000,0.600000000,8.311843749,-1.226002947,7.593190701,-0.264994208
319,7.764607568,7.928904220,-0.763147559,0.600000000,0.600000000,8.287756198,-1.244006434,7.570052242,-0.282288683
320,7.794054824,7.905291216,-0.780742071,0.600000000,0.600000000,8.263192282,-1.262309124,7.547390149,-0.299175018
321,7.823448029,7.881678211,-0.798245971,0.600000000,0.600000000,8.238148377,-1.280873178,7.525208045,-0.315618764
322,7.852766077,7.858065207,-0.815623369,0.600000000,0.600000000,8.212619085,-1.299660090,7.503511329,-0.331586648
323,7.881988373,7.834452202,-0.832838728,0.600000000,0.600000000,8.186597278,-1.318630706,7.482307126,-0.347046750
324,7.911094977,7.810839198,-0.849856965,0.600000000,0.600000000,8.160074170,-1.337745205,7.461604225,-0.361968726
325,7.940066744,7.787226193,-0.866643548,0.600000000,0.600000000,8.133039403,-1.356963060,7.441412983,-0.376324036
326,7.968885467,7.763613188,-0.883164589,0.600000000,0.600000000,8.105481168,-1.376242965,7.421745209,-0.390086213
327,7.997534006,7.740000184,-0.899386944,0.600000000,0.600000000,8.077386351,-1.395542740,7.402614016,-0.403231147
328,8.025996422,7.716387179,-0.915278297,0.600000000,0.600000000,8.048740731,-1.414819203,7.384033628,-0.415737391
329,8.054258102,7.692774175,-0.930807257,0.600000000,0.600000000,8.019529206,-1.434028033,7.366019143,-0.427586481
330,8.082305882,7.669161170,-0.945943438,0.600000000,0.600000000,7.989736090,-1.453123604,7.348586250,-0.438763272
331,8.110128156,7.645548166,-0.960657545,0.600000000,0.600000000,7.959345452,-1.472058819,7.331750880,-0.449256271
332,8.137714983,7.621935161,-0.974921453,0.600000000,0.600000000,7.928341532,-1.490784938,7.315528790,-0.459057967
333,8.165058184,7.598322156,-0.988708280,0.600000000,0.600000000,7.896709225,-1.509251417,7.299935088,-0.468165144
334,8.192151422,7.574709152,-1.001992466,0.600000000,0.600000000,7.864434638,-1.527405773,7.284983666,-0.476579160
335,8.218990282,7.551096147,-1.014749833,0.600000000,0.600000000,7.831505720,-1.545193489,7.270686575,-0.484306178
336,8.245572322,7.527483143,-1.026957653,0.600000000,0.600000000,7.797912970,-1.562557979,7.257053315,-0.491357328
337,8.271897120,7.503870138,-1.038594706,0.600000000,0.600000000,7.763650204,-1.579440634,7.244090073,-0.497748778
338,8.297966296,7.480257134,-1.049641333,0.600000000,0.600000000,7.728715368,-1.595780972,7.231798899,-0.503501693
339,8.323783520,7.456644129,-1.060079487,0.600000000,0.600000000,7.693111390,-1.611516913,7.220176868,-0.508642062
340,8.349354493,7.433031125,-1.069892778,0.600000000,0.600000000,7.656847016,-1.626585195,7.209215233,-0.513200362
341,8.374686910,7.409418120,-1.079066510,0.600000000,0.600000000,7.619937622,-1.640921953,7.198898618,-0.517211066
342,8.399790394,7.385805115,-1.087587714,0.600000000,0.600000000,7.582405928,-1.654463468,7.189204303,-0.520711960
343,8.424676410,7.362192111,-1.095445181,0.600000000,0.600000000,7.544282598,-1.667147074,7.180101623,-0.523743288
344,8.449358147,7.338579106,-1.102629482,0.600000000,0.600000000,7.505606648,-1.678912225,7.171551565,-0.526346738
345,8.473850381,7.314966102,-1.109132983,0.600000000,0.600000000,7.466425620,-1.689701682,7.163506583,-0.528564285
346,8.498169305,7.291353097,-1.114949865,0.600000000,0.600000000,7.426795498,-1.699462786,7.155910696,-0.530436943
347,8.522332345,7.267740093,-1.120076119,0.600000000,0.600000000,7.386780301,-1.708148758,7.148699885,-0.532003480
348,8.546357943,7.244127088,-1.124509558,0.600000000,0.600000000,7.346451368,-1.715719962,7.141802808,-0.533299154
349,8.570265335,7.220514083,-1.128249804,0.600000000,0.600000000,7.305886333,-1.722145063,7.135141834,-0.534354544
350,8.594074308,7.196901079,-1.131298281,0.600000000,0.600000000,7.265167811,-1.727402008,7.128634347,-0.535194554
351,8.617804947,7.173288074,-1.133658200,0.600000000,0.600000000,7.224381856,-1.731478763,7.122194293,-0.535837637
352,8.641477380,7.149675070,-1.135334535,0.600000000,0.600000000,7.183616253,-1.734373762,7.115733886,-0.536295307
353,8.665111527,7.126062065,-1.136333996,0.600000000,0.600000000,7.142958743,-1.736096034,7.109165387,-0.536571958
354,8.688726851,7.102449061,-1.136665000,0.600000000,0.600000000,7.102495245,-1.736664998,7.102402876,-0.536665002
355,8.712342125,7.078836056,-1.136337631,0.600000000,0.600000000,7.062308196,-1.736109946,7.095363916,-0.536565316
356,8.735975211,7.055223051,-1.135363598,0.600000000,0.600000000,7.022475063,-1.734469239,7.087971040,-0.536257957
357,8.759642863,7.031610047,-1.133756188,0.600000000,0.600000000,6.983067097,-1.731789283,7.080152996,-0.535723094
358,8.783360555,7.007997042,-1.131530215,0.600000000,0.600000000,6.944148387,-1.728123334,7.071845697,-0.534937097
359,8.807142334,6.984384038,-1.128701961,0.600000000,0.600000000,6.905775206,-1.723530215,7.062992869,-0.533873707
360,8.831000697,6.960771033,-1.125289117,0.600000000,0.600000000,6.867995674,-1.718073001,7.053546393,-0.532505234
361,8.854946503,6.937158029,-1.121310718,0.600000000,0.600000000,6.830849705,-1.711817738,7.043466352,-0.530803698
362,8.878988911,6.913545024,-1.116787071,0.600000000,0.600000000,6.794369209,-1.704832244,7.032720839,-0.528741899
363,8.903135341,6.889932020,-1.111739688,0.600000000,0.600000000,6.758578502,-1.697185034,7.021285537,-0.526294341
364,8.927391467,6.866319015,-1.106191202,0.600000000,0.600000000,6.723494877,-1.688944379,7.009143153,-0.523438025
365,8.951761234,6.842706010,-1.100165295,0.600000000,0.600000000,6.689129289,-1.680177528,6.996282732,-0.520153062
366,8.976246890,6.819093006,-1.093686611,0.600000000,0.600000000,6.655487108,-1.670950078,6.982698904,-0.516423144
367,9.000849044,6.795480001,-1.086780672,0.600000000,0.600000000,6.622568896,-1.661325492,6.968391107,-0.512235853
368,9.025566739,6.771866997,-1.079473792,0.600000000,0.600000000,6.590371180,-1.651364751,6.953362814,-0.507582834
369,9.050397543,6.748253992,-1.071792985,0.600000000,0.600000000,6.558887192,-1.641126117,6.937620792,-0.502459853
370,9.075337641,6.724640988,-1.063765874,0.600000000,0.600000000,6.528107556,-1.630664992,6.921174419,-0.496866756
371,9.100381953,6.701027983,-1.055420601,0.600000000,0.600000000,6.498020910,-1.620033857,6.904035056,-0.490807346
372,9.125524247,6.677414978,-1.046785731,0.600000000,0.600000000,6.468614454,-1.609282256,6.886215503,-0.484289205
373,9.150757266,6.653801974,-1.037890155,0.600000000,0.600000000,6.439874430,-1.598456837,6.867729518,-0.477323472
374,9.176072854,6.630188969,-1.028762997,0.600000000,0.600000000,6.411786512,-1.587601405,6.848591427,-0.469924589
375,9.201462087,6.606575965,-1.019433520,0.600000000,0.600000000,6.384336138,-1.576756998,6.828815791,-0.462110041
376,9.226915405,6.582962960,-1.009931025,0.600000000,0.600000000,6.357508764,-1.565961964,6.808417156,-0.453900086
377,9.252422745,6.559349956,-1.000284762,0.600000000,0.600000000,6.331290055,-1.555252041,6.787409856,-0.445317482
378,9.277973670,6.535736951,-0.990523829,0.600000000,0.600000000,6.305666020,-1.544660425,6.765807882,-0.436387233
379,9.303557500,6.512123946,-0.980677084,0.600000000,0.600000000,6.280623094,-1.534217828,6.743624798,-0.427136340
380,9.329163435,6.488510942,-0.970773049,0.600000000,0.600000000,6.256148169,-1.523952533,6.720873714,-0.417593565
381,9.354780675,6.464897937,-0.960839822,0.600000000,0.600000000,6.232228584,-1.513890427,6.697567290,-0.407789216
382,9.380398539,6.441284933,-0.950904985,0.600000000,0.600000000,6.208852079,-1.504055026,6.673717787,-0.397754943
383,9.406006575,6.417671928,-0.940995520,0.600000000,0.600000000,6.186006711,-1.494467495,6.649337145,-0.387523545
384,9.431594660,6.394058924,-0.931137726,0.600000000,0.600000000,6.163680745,-1.485146656,6.624437102,-0.377128796
385,9.457153102,6.370445919,-0.921357133,0.600000000,0.600000000,6.141862516,-1.476108995,6.599029322,-0.366605272
386,9.482672728,6.346832914,-0.911678428,0.600000000,0.600000000,6.120540267,-1.467368663,6.573125562,-0.355988192
387,9.508144963,6.323219910,-0.902125378,0.600000000,0.600000000,6.099701974,-1.458937494,6.546737846,-0.345313262
388,9.533561903,6.299606905,-0.892720758,0.600000000,0.600000000,6.079335150,-1.450825008,6.519878661,-0.334616509
389,9.558916379,6.275993901,-0.883486287,0.600000000,0.600000000,6.059426641,-1.443038449,6.492561160,-0.323934125
390,9.584202008,6.252380896,-0.874442557,0.600000000,0.600000000,6.039962418,-1.435582816,6.464799374,-0.313302298
391,9.609413238,6.228767892,-0.865608979,0.600000000,0.600000000,6.020927364,-1.428460927,6.436608419,-0.302757031
392,9.634545375,6.205154887,-0.857003728,0.600000000,0.600000000,6.002305066,-1.421673499,6.408004708,-0.292333957
393,9.659594612,6.181541883,-0.848643687,0.600000000,0.600000000,5.984077617,-1.415219246,6.379006148,-0.282068128
394,9.684558032,6.157928878,-0.840544407,0.600000000,0.600000000,5.966225436,-1.409095012,6.349632320,-0.271993802
395,9.709433610,6.134315873,-0.832720059,0.600000000,0.600000000,5.948727108,-1.403295917,6.319904639,-0.262144201
396,9.734220202,6.110702869,-0.825183405,0.600000000,0.600000000,5.931559253,-1.397815542,6.289846485,-0.252551268
397,9.758917519,6.087089864,-0.817945761,0.600000000,0.600000000,5.914696431,-1.392646121,6.259483297,-0.243245400
398,9.783526097,6.063476860,-0.811016972,0.600000000,0.600000000,5.898111092,-1.387778763,6.228842628,-0.234255182
399,9.808047250,6.039863855,-0.804405395,0.600000000,0.600000000,5.881773560,-1.383203684,6.197954150,-0.225607107
400,9.832483020,6.016250851,-0.798117878,0.600000000,0.600000000,5.865652084,-1.378910450,6.166849618,-0.217325306
401,9.856836115,5.992637846,-0.792159752,0.600000000,0.600000000,5.849712922,-1.374888219,6.135562770,-0.209431285
402,9.881109841,5.969024841,-0.786534827,0.600000000,0.600000000,5.833920496,-1.371125979,6.104129187,-0.201943674
403,9.905308025,5.945411837,-0.781245391,0.600000000,0.600000000,5.818237581,-1.367612774,6.072586093,-0.194878007
404,9.929434938,5.921798832,-0.776292217,0.600000000,0.600000000,5.802625555,-1.364337904,6.040972110,-0.188246530
405,9.953495208,5.898185828,-0.771674573,0.600000000,0.600000000,5.787044680,-1.361291097,6.009326975,-0.182058049
406,9.977493740,5.874572823,-0.767390239,0.600000000,0.600000000,5.771454426,-1.358462651,5.977691220,-0.176317827
407,10.001435621,5.850959819,-0.763435531,0.600000000,0.600000000,5.755813812,-1.355843530,5.946105825,-0.171027532
408,10.025326046,5.827346814,-0.759805321,0.600000000,0.600000000,5.740081772,-1.353425412,5.914611856,-0.166185230
409,10.049170227,5.803733809,-0.756493078,0.600000000,0.600000000,5.724217518,-1.351200703,5.883250101,-0.161785453
410,10.072973317,5.780120805,-0.753490896,0.600000000,0.600000000,5.708180899,-1.349162491,5.852060711,-0.157819300
411,10.096740338,5.756507800,-0.750789541,0.600000000,0.600000000,5.691932750,-1.347304472,5.821082850,-0.154274610
412,10.120476115,5.732894796,-0.748378497,0.600000000,0.600000000,5.675435211,-1.345620823,5.790354380,-0.151136171
413,10.144185216,5.709281791,-0.746246014,0.600000000,0.600000000,5.658652014,-1.344106052,5.759911569,-0.148385975
414,10.167871903,5.685668787,-0.744379163,0.600000000,0.600000000,5.641548737,-1.342754815,5.729788837,-0.146003510
415,10.191540089,5.662055782,-0.742763897,0.600000000,0.600000000,5.624093015,-1.341561716,5.700018549,-0.143966078
416,10.215193314,5.638442778,-0.741385114,0.600000000,0.600000000,5.606254711,-1.340521099,5.670630844,-0.142249129
417,10.238834715,5.614829773,-0.740226720,0.600000000,0.600000000,5.588006038,-1.339626826,5.641653508,-0.140826614
418,10.262467024,5.591216768,-0.739271704,0.600000000,0.600000000,5.569321653,-1.338872074,5.613111883,-0.139671334
419,10.286092564,5.567603764,-0.738502207,0.600000000,0.600000000,5.550178707,-1.338249126,5.585028821,-0.138755287
420,10.309713257,5.543990759,-0.737899599,0.600000000,0.600000000,5.530556866,-1.337749189,5.557424652,-0.138050009
421,10.333330645,5.520377755,-0.737444560,0.600000000,0.600000000,5.510438310,-1.337362227,5.530317199,-0.137526892
422,10.356945919,5.496764750,-0.737117158,0.600000000,0.600000000,5.489807712,-1.337076823,5.503721789,-0.137157493
423,10.380559951,5.473151746,-0.736896934,0.600000000,0.600000000,5.468652199,-1.336880062,5.477651292,-0.136913806
424,10.404173335,5.449538741,-0.736762988,0.600000000,0.600000000,5.446961319,-1.336757452,5.452116163,-0.136768524
425,10.427786440,5.425925736,-0.736694063,0.600000000,0.600000000,5.424726994,-1.336692866,5.427124479,-0.136695261
426,10.451399459,5.402312732,-0.736668635,0.600000000,0.600000000,5.401943484,-1.336668522,5.402681980,-0.136668749
427,10.475012464,5.378699727,-0.736665000,0.600000000,0.600000000,5.378653578,-1.336664998,5.378745877,-0.136665002
428,10.498661464,5.355050727,-0.736665000,0.600000000,0.600000000,5.355050727,-1.336665000,5.355050727,-0.136665000
429,10.522310464,5.331401727,-0.736665000,0.600000000,0.600000000,5.331401727,-1.336665000,5.331401727,-0.136665000
430,10.545959464,5.307752727,-0.736665000,0.600000000,0.600000000,5.307752727,-1.336665000,5.307752727,-0.136665000
431,10.569608464,5.284103727,-0.736665000,0.600000000,0.600000000,5.284103727,-1.336665000,5.284103727,-0.136665000
432,10.593257464,5.260454727,-0.736665000,0.600000000,0.600000000,5.260454727,-1.336665000,5.260454727,-0.136665000
433,10.616906464,5.236805727,-0.736665000,0.600000000,0.600000000,5.236805727,-1.336665000,5.236805727,-0.136665000
434,10.640555464,5.213156727,-0.736665000,0.600000000,0.600000000,5.213156727,-1.336665000,5.213156727,-0.136665000
435,10.664204464,5.189507727,-0.736665000,0.600000000,0.600000000,5.189507727,-1.336665000,5.189507727,-0.136665000
436,10.687853464,5.165858727,-0.736665000,0.600000000,0.600000000,5.165858727,-1.336665000,5.165858727,-0.136665000
437,10.711502464,5.142209727,-0.736665000,0.600000000,0.600000000,5.142209727,-1.336665000,5.142209727,-0.136665000
438,10.735151464,5.118560727,-0.736665000,0.600000000,0.600000000,5.118560727,-1.336665000,5.118560727,-0.136665000
439,10.758800464,5.094911727,-0.736665000,0.600000000,0.600000000,5.094911727,-1.336665000,5.094911727,-0.136665000
440,10.782449464,5.071262727,-0.736665000,0.600000000,0.600000000,5.071262727,-1.336665000,5.071262727,-0.136665000
441,10.806098464,5.047613727,-0.736665000,0.600000000,0.600000000,5.047613727,-1.336665000,5.047613727,-0.136665000
442,10.829747464,5.023964727,-0.736665000,0.600000000,0.600000000,5.023964727,-1.336665000,5.023964727,-0.136665000
443,10.853396464,5.000315727,-0.736665000,0.600000000,0.600000000,5.000315727,-1.336665000,5.000315727,-0.136665000
444,10.877045464,4.976666727,-0.736665000,0.600000000,0.600000000,4.976666727,-1.336665000,4.976666727,-0.136665000
445,10.900694464,4.953017727,-0.736665000,0.600000000,0.600000000,4.953017727,-1.336665000,4.953017727,-0.136665000
446,10.924343464,4.929368727,-0.736665000,0.600000000,0.600000000,4.929368727,-1.336665000,4.929368727,-0.136665000
447,10.947992464,4.905719727,-0.736665000,0.600000000,0.600000000,4.905719727,-1.336665000,4.905719727,-0.136665000
448,10.971641464,4.882070727,-0.736665000,0.600000000,0.600000000,4.882070727,-1.336665000,4.882070727,-0.136665000
449,10.995290464,4.858421727,-0.736665000,0.600000000,0.600000000,4.858421727,-1.336665000,4.858421727,-0.136665000
450,11.018939464,4.834772727,-0.736665000,0.600000000,0.600000000,4.834772727,-1.336665000,4.834772727,-0.136665000
451,11.042588464,4.811123727,-0.736665000,0.600000000,0.600000000,4.813698488,-1.336659475,4.808548967,-0.136670525
452,11.066491596,4.787221466,-0.736869057,0.600000000,0.600000000,4.797465292,-1.336781604,4.776977640,-0.136956510
453,11.090394728,4.763326173,-0.737481169,0.600000000,0.600000000,4.783810839,-1.337131382,4.742841507,-0.137830955
454,11.114297860,4.739444813,-0.738501156,0.600000000,0.600000000,4.770164348,-1.337714232,4.708725279,-0.139288081
455,11.138200992,4.715584349,-0.739928723,0.600000000,0.600000000,4.756529797,-1.338529985,4.674638901,-0.141327462
456,11.162104124,4.691751735,-0.741763452,0.600000000,0.600000000,4.742911160,-1.339578401,4.640592309,-0.143948503
457,11.186007256,4.667953919,-0.744004810,0.600000000,0.600000000,4.729312408,-1.340859177,4.606595429,-0.147150442
458,11.209910388,4.644197838,-0.746652141,0.600000000,0.600000000,4.715737505,-1.342371938,4.572658172,-0.150932345
459,11.233813520,4.620490419,-0.749704676,0.600000000,0.600000000,4.702190408,-1.344116243,4.538790429,-0.155293108
460,11.257716652,4.596838570,-0.753161523,0.600000000,0.600000000,4.688675066,-1.346091584,4.505002074,-0.160231461
461,11.281619784,4.573249188,-0.757021675,0.600000000,0.600000000,4.675195419,-1.348297386,4.471302957,-0.165745965
462,11.305522916,4.549729149,-0.761284008,0.600000000,0.600000000,4.661755397,-1.350733004,4.437702901,-0.171835011
463,11.329426048,4.526285309,-0.765947277,0.600000000,0.600000000,4.648358917,-1.353397730,4.404211701,-0.178496825
464,11.353329180,4.502924502,-0.771010125,0.600000000,0.600000000,4.635009884,-1.356290786,4.370839120,-0.185729464
465,11.377232312,4.479653539,-0.776471075,0.600000000,0.600000000,4.621712191,-1.359411328,4.337594886,-0.193530821
466,11.401135444,4.456479202,-0.782328535,0.600000000,0.600000000,4.608469713,-1.362758449,4.304488691,-0.201898621
467,11.425038576,4.433408248,-0.788580798,0.600000000,0.600000000,4.595286310,-1.366331170,4.271530185,-0.210830425
468,11.448941708,4.410447401,-0.795226041,0.600000000,0.600000000,4.582165827,-1.370128452,4.238728976,-0.220323629
469,11.472844840,4.387603356,-0.802262326,0.600000000,0.600000000,4.569112087,-1.374149187,4.206094626,-0.230375466
470,11.496747972,4.364882771,-0.809687604,0.600000000,0.600000000,4.556128895,-1.378392202,4.173636647,-0.240983006
471,11.520651104,4.342292270,-0.817499709,0.600000000,0.600000000,4.543220038,-1.382856262,4.141364503,-0.252143156
472,11.544554236,4.319838438,-0.825696364,0.600000000,0.600000000,4.530389276,-1.387540065,4.109287600,-0.263852663
473,11.568457368,4.297527821,-0.834275179,0.600000000,0.600000000,4.517640352,-1.392442245,4.077415290,-0.276108113
474,11.592360500,4.275366922,-0.843233654,0.600000000,0.600000000,4.504976981,-1.397561374,4.045756863,-0.288905935
475,11.616263632,4.253362201,-0.852569178,0.600000000,0.600000000,4.492402855,-1.402895959,4.014321548,-0.302242397
476,11.640166764,4.231520074,-0.862279028,0.600000000,0.600000000,4.479921640,-1.408444445,3.983118508,-0.316113612
477,11.664069896,4.209846907,-0.872360375,0.600000000,0.600000000,4.467536973,-1.414205214,3.952156841,-0.330515535
478,11.687973028,4.188349018,-0.882810279,0.600000000,0.600000000,4.455252465,-1.420176588,3.921445571,-0.345443970
479,11.711876160,4.167032674,-0.893625694,0.600000000,0.600000000,4.443071697,-1.426356825,3.890993652,-0.360894563
480,11.735779292,4.145904090,-0.904803468,0.600000000,0.600000000,4.430998220,-1.432744125,3.860809959,-0.376862812
481,11.759682424,4.124969423,-0.916340342,0.600000000,0.600000000,4.419035554,-1.439336624,3.830903293,-0.393344060
482,11.783585556,4.104234778,-0.928232953,0.600000000,0.600000000,4.407187185,-1.446132402,3.801282371,-0.410333504
483,11.807488688,4.083706197,-0.940477834,0.600000000,0.600000000,4.395456567,-1.453129476,3.771955827,-0.427826191
484,11.831391820,4.063389666,-0.953071415,0.600000000,0.600000000,4.383847121,-1.460325809,3.742932212,-0.445817022
485,11.855294952,4.043291108,-0.966010026,0.600000000,0.600000000,4.372362230,-1.467719301,3.714219985,-0.464300751
486,11.879198084,4.023416380,-0.979289895,0.600000000,0.600000000,4.361005243,-1.475307797,3.685827516,-0.483271992
487,11.903101216,4.003771276,-0.992907150,0.600000000,0.600000000,4.349779470,-1.483089086,3.657763083,-0.502725214
488,11.927004348,3.984361524,-1.006857822,0.600000000,0.600000000,4.338688183,-1.491060898,3.630034866,-0.522654745
489,11.950907480,3.965192782,-1.021137844,0.600000000,0.600000000,4.327734616,-1.499220911,3.602650948,-0.543054777
490,11.974810612,3.946270637,-1.035743054,0.600000000,0.600000000,4.316921961,-1.507566745,3.575619312,-0.563919362
491,11.998713744,3.927600605,-1.050669193,0.600000000,0.600000000,4.306253372,-1.516095967,3.548947839,-0.585242419
492,12.022616876,3.909188129,-1.065911911,0.600000000,0.600000000,4.295731957,-1.524806092,3.522644302,-0.607017730
493,12.046520008,3.891038577,-1.081466765,0.600000000,0.600000000,4.285360784,-1.533694580,3.496716370,-0.629238949
494,12.070423140,3.873157239,-1.097329219,0.600000000,0.600000000,4.275142877,-1.542758839,3.471171600,-0.651899598
495,12.094326273,3.855549327,-1.113494650,0.600000000,0.600000000,4.265081213,-1.551996229,3.446017441,-0.674993071
496,12.118229405,3.838219975,-1.129958346,0.600000000,0.600000000,4.255178726,-1.561404055,3.421261223,-0.698512637
497,12.142132537,3.821174234,-1.146715506,0.600000000,0.600000000,4.245438302,-1.570979575,3.396910165,-0.722451438
498,12.166035669,3.804417073,-1.163761247,0.600000000,0.600000000,4.235862782,-1.580719998,3.372971364,-0.746802496
499,12.189938801,3.787953377,-1.181090599,0.600000000,0.600000000,4.226454956,-1.590622485,3.349451799,-0.771558714
500,12.213841933,3.771787946,-1.198698511,0.600000000,0.600000000,4.217217567,-1.600684149,3.326358326,-0.796712873
501,12.237745065,3.755925492,-1.216579850,0.600000000,0.600000000,4.208153307,-1.610902057,3.303697677,-0.822257642
502,12.261648197,3.740370638,-1.234729402,0.600000000,0.600000000,4.199264819,-1.621273230,3.281476457,-0.848185574
503,12.285551329,3.725127920,-1.253141878,0.600000000,0.600000000,4.190554695,-1.631794645,3.259701146,-0.874489111
504,12.309454461,3.710201781,-1.271811910,0.600000000,0.600000000,4.182025472,-1.642463234,3.238378090,-0.901160585
505,12.333357593,3.695596571,-1.290734055,0.600000000,0.600000000,4.173679638,-1.653275888,3.217513504,-0.928192221
506,12.357260725,3.681316549,-1.309902797,0.600000000,0.600000000,4.165519625,-1.664229455,3.197113473,-0.955576139
507,12.381163857,3.667365877,-1.329312549,0.600000000,0.600000000,4.157547813,-1.675320742,3.177183941,-0.983304356
508,12.405066989,3.653748622,-1.348957652,0.600000000,0.600000000,4.149766524,-1.686546516,3.157730720,-1.011368789
509,12.428970121,3.640468753,-1.368832380,0.600000000,0.600000000,4.142178028,-1.697903503,3.138759479,-1.039761258
510,12.452873253,3.627530142,-1.388930939,0.600000000,0.600000000,4.134784536,-1.709388394,3.120275749,-1.068473484
511,12.476776385,3.614936561,-1.409247470,0.600000000,0.600000000,4.127588204,-1.720997840,3.102284918,-1.097497100
512,12.500679517,3.602691680,-1.429776050,0.600000000,0.600000000,4.120591129,-1.732728457,3.084792231,-1.126823643
513,12.524582649,3.590799069,-1.450510696,0.600000000,0.600000000,4.113795351,-1.744576826,3.067802787,-1.156444566
514,12.548485781,3.579262195,-1.471445362,0.600000000,0.600000000,4.107202852,-1.756539493,3.051321539,-1.186351232
515,12.572388913,3.568084422,-1.492573947,0.600000000,0.600000000,4.100815553,-1.768612970,3.035353290,-1.216534925
516,12.596292045,3.557269006,-1.513890291,0.600000000,0.600000000,4.094635315,-1.780793738,3.019902697,-1.246986844
517,12.620195177,3.546819102,-1.535388180,0.600000000,0.600000000,4.088663941,-1.793078246,3.004974263,-1.277698114
518,12.644098309,3.536737755,-1.557061347,0.600000000,0.600000000,4.082903172,-1.805462912,2.990572339,-1.308659781
519,12.668001441,3.527027905,-1.578903474,0.600000000,0.600000000,4.077354686,-1.817944128,2.976701124,-1.339862820
520,12.691904573,3.517692382,-1.600908195,0.600000000,0.600000000,4.072020101,-1.830518254,2.963364662,-1.371298135
521,12.715807705,3.508733907,-1.623069094,0.600000000,0.600000000,4.066900973,-1.843181625,2.950566841,-1.402956562
522,12.739710837,3.500155091,-1.645379711,0.600000000,0.600000000,4.061998792,-1.855930549,2.938311390,-1.434828873
523,12.763613969,3.491958436,-1.667833543,0.600000000,0.600000000,4.057314990,-1.868761310,2.926601883,-1.466905776
524,12.787517101,3.484146331,-1.690424044,0.600000000,0.600000000,4.052850930,-1.881670168,2.915441733,-1.499177920
525,12.811420233,3.476721054,-1.713144629,0.600000000,0.600000000,4.048607914,-1.894653359,2.904834194,-1.531635898
526,12.835323365,3.469684768,-1.735988674,0.600000000,0.600000000,4.044587179,-1.907707099,2.894782357,-1.564270249
527,12.859226497,3.463039525,-1.758949520,0.600000000,0.600000000,4.040789897,-1.920827583,2.885289153,-1.597071458
528,12.883129629,3.456787262,-1.782020475,0.600000000,0.600000000,4.037217176,-1.934010986,2.876357349,-1.630029964
529,12.907032761,3.450929802,-1.805194811,0.600000000,0.600000000,4.033870056,-1.947253464,2.867989548,-1.663136159
530,12.930935893,3.445468852,-1.828465775,0.600000000,0.600000000,4.030749513,-1.960551157,2.860188192,-1.696380393
531,12.954839025,3.440406005,-1.851826582,0.600000000,0.600000000,4.027856457,-1.973900190,2.852955552,-1.729752974
532,12.978742157,3.435742735,-1.875270422,0.600000000,0.600000000,4.025191732,-1.987296670,2.846293738,-1.763244174
533,13.002645289,3.431480402,-1.898790461,0.600000000,0.600000000,4.022756113,-2.000736692,2.840204692,-1.796844230
534,13.026548421,3.427620250,-1.922379843,0.600000000,0.600000000,4.020550312,-2.014216339,2.834690188,-1.830543347
535,13.050451553,3.424163403,-1.946031691,0.600000000,0.600000000,4.018574970,-2.027731681,2.829751835,-1.864331702
536,13.074354685,3.421110868,-1.969739111,0.600000000,0.600000000,4.016830665,-2.041278778,2.825391072,-1.898199444
537,13.098257817,3.418463537,-1.993495191,0.600000000,0.600000000,4.015317904,-2.054853681,2.821609170,-1.932136702
538,13.122160949,3.416222180,-2.017293007,0.600000000,0.600000000,4.014037129,-2.068452433,2.818407231,-1.966133582
539,13.146064081,3.414387450,-2.041125621,0.600000000,0.600000000,4.012988712,-2.082071069,2.815786189,-2.000180173
540,13.169967213,3.412959884,-2.064986086,0.600000000,0.600000000,4.012172960,-2.095705621,2.813746808,-2.034266551
541,13.193870345,3.411939896,-2.088867446,0.600000000,0.600000000,4.011590109,-2.109352112,2.812289683,-2.068382780
542,13.217773478,3.411327784,-2.112762739,0.600000000,0.600000000,4.011240331,-2.123006565,2.811415237,-2.102518913
543,13.241676610,3.411123727,-2.136665000,0.600000000,0.600000000,4.011123727,-2.136665000,2.811123727,-2.136665000
544,13.265579742,3.411327784,-2.160567261,0.600000000,0.600000000,4.011240331,-2.150323435,2.811415237,-2.170811087
545,13.289482874,3.411939896,-2.184462554,0.600000000,0.600000000,4.011590109,-2.163977888,2.812289683,-2.204947220
546,13.313386006,3.412959884,-2.208343914,0.600000000,0.600000000,4.012172960,-2.177624379,2.813746808,-2.239063449
547,13.337289138,3.414387450,-2.232204379,0.600000000,0.600000000,4.012988712,-2.191258931,2.815786189,-2.273149827
548,13.361192270,3.416222180,-2.256036993,0.600000000,0.600000000,4.014037129,-2.204877567,2.818407231,-2.307196418
549,13.385095402,3.418463537,-2.279834809,0.600000000,0.600000000,4.015317904,-2.218476319,2.821609170,-2.341193298
550,13.408998534,3.421110868,-2.303590889,0.600000000,0.600000000,4.016830665,-2.232051222,2.825391072,-2.375130556
551,13.432901666,3.424163403,-2.327298309,0.600000000,0.600000000,4.018574970,-2.245598319,2.829751835,-2.408998298
552,13.456804798,3.427620250,-2.350950157,0.600000000,0.600000000,4.020550312,-2.259113661,2.834690188,-2.442786653
553,13.480707930,3.431480402,-2.374539539,0.600000000,0.600000000,4.022756113,-2.272593308,2.840204692,-2.476485770
554,13.504611062,3.435742735,-2.398059578,0.600000000,0.600000000,4.025191732,-2.286033330,2.846293738,-2.510085826
555,13.528514194,3.440406005,-2.421503418,0.600000000,0.600000000,4.027856457,-2.299429810,2.852955552,-2.543577026
556,13.552417326,3.445468852,-2.444864225,0.600000000,0.600000000,4.030749513,-2.312778843,2.860188192,-2.576949607
557,13.576320458,3.450929802,-2.468135189,0.600000000,0.600000000,4.033870056,-2.326076536,2.867989548,-2.610193841
558,13.600223590,3.456787262,-2.491309525,0.600000000,0.600000000,4.037217176,-2.339319014,2.876357349,-2.643300036
559,13.624126722,3.463039525,-2.514380480,0.600000000,0.600000000,4.040789897,-2.352502417,2.885289153,-2.676258542
560,13.648029854,3.469684768,-2.537341326,0.600000000,0.600000000,4.044587179,-2.365622901,2.894782357,-2.709059751
561,13.671932986,3.476721054,-2.560185371,0.600000000,0.600000000,4.048607914,-2.378676641,2.904834194,-2.741694102
562,13.695836118,3.484146331,-2.582905956,0.600000000,0.600000000,4.052850930,-2.391659832,2.915441733,-2.774152080
563,13.719739250,3.491958436,-2.605496457,0.600000000,0.600000000,4.057314990,-2.404568690,2.926601883,-2.806424224
564,13.743642382,3.500155091,-2.627950289,0.600000000,0.600000000,4.061998792,-2.417399451,2.938311390,-2.838501127
565,13.767545514,3.508733907,-2.650260906,0.600000000,0.600000000,4.066900973,-2.430148375,2.950566841,-2.870373438
566,13.791448646,3.517692382,-2.672421805,0.600000000,0.600000000,4.072020101,-2.442811746,2.963364662,-2.902031865
567,13.815351778,3.527027905,-2.694426526,0.600000000,0.600000000,4.077354686,-2.455385872,2.976701124,-2.933467180
568,13.839254910,3.536737755,-2.716268653,0.600000000,0.600000000,4.082903172,-2.467867088,2.990572339,-2.964670219
569,13.863158042,3.546819102,-2.737941820,0.600000000,0.600000000,4.088663941,-2.480251754,3.004974263,-2.995631886
570,13.887061174,3.557269006,-2.759439709,0.600000000,0.600000000,4.094635315,-2.492536262,3.019902697,-3.026343156
571,13.910964306,3.568084422,-2.780756053,0.600000000,0.600000000,4.100815553,-2.504717030,3.035353290,-3.056795075
572,13.934867438,3.579262195,-2.801884638,0.600000000,0.600000000,4.107202852,-2.516790507,3.051321539,-3.086978768
573,13.958770570,3.590799069,-2.822819304,0.600000000,0.600000000,4.113795351,-2.528753174,3.067802787,-3.116885434
574,13.982673702,3.602691680,-2.843553950,0.600000000,0.600000000,4.120591129,-2.540601543,3.084792231,-3.146506357
575,14.006576834,3.614936561,-2.864082530,0.600000000,0.600000000,4.127588204,-2.552332160,3.102284918,-3.175832900
576,14.030479966,3.627530142,-2.884399061,0.600000000,0.600000000,4.134784536,-2.563941606,3.120275749,-3.204856516
577,14.054383098,3.640468753,-2.904497620,0.600000000,0.600000000,4.142178028,-2.575426497,3.138759479,-3.233568742
578,14.078286230,3.653748622,-2.924372348,0.600000000,0.600000000,4.149766524,-2.586783484,3.157730720,-3.261961211
579,14.102189362,3.667365877,-2.944017451,0.600000000,0.600000000,4.157547813,-2.598009258,3.177183941,-3.290025644
580,14.126092494,3.681316549,-2.963427203,0.600000000,0.600000000,4.165519625,-2.609100545,3.197113473,-3.317753861
581,14.149995626,3.695596571,-2.982595945,0.600000000,0.600000000,4.173679638,-2.620054112,3.217513504,-3.345137779
582,14.173898758,3.710201781,-3.001518090,0.600000000,0.600000000,4.182025472,-2.630866766,3.238378090,-3.372169415
583,14.197801890,3.725127920,-3.020188122,0.600000000,0.600000000,4.190554695,-2.641535355,3.259701146,-3.398840889
584,14.221705022,3.740370638,-3.038600598,0.600000000,0.600000000,4.199264819,-2.652056770,3.281476457,-3.425144426
585,14.245608154,3.755925492,-3.056750150,0.600000000,0.600000000,4.208153307,-2.662427943,3.303697677,-3.451072358
586,14.269511286,3.771787946,-3.074631489,0.600000000,0.600000000,4.217217567,-2.672645851,3.326358326,-3.476617127
587,14.293414418,3.787953377,-3.092239401,0.600000000,0.600000000,4.226454956,-2.682707515,3.349451799,-3.501771286
588,14.317317550,3.804417073,-3.109568753,0.600000000,0.600000000,4.235862782,-2.692610002,3.372971364,-3.526527504
589,14.341220683,3.821174234,-3.126614494,0.600000000,0.600000000,4.245438302,-2.702350425,3.396910165,-3.550878562
590,14.365123815,3.838219975,-3.143371654,0.600000000,0.600000000,4.255178726,-2.711925945,3.421261223,-3.574817363
591,14.389026947,3.855549327,-3.159835350,0.600000000,0.600000000,4.265081213,-2.721333771,3.446017441,-3.598336929
592,14.412930079,3.873157239,-3.176000781,0.600000000,0.600000000,4.275142877,-2.730571161,3.471171600,-3.621430402
593,14.436833211,3.891038577,-3.191863235,0.600000000,0.600000000,4.285360784,-2.739635420,3.496716370,-3.644091051
594,14.460736343,3.909188129,-3.207418089,0.600000000,0.600000000,4.295731957,-2.748523908,3.522644302,-3.666312270
595,14.484639475,3.927600605,-3.222660807,0.600000000,0.600000000,4.306253372,-2.757234033,3.548947839,-3.688087581
596,14.508542607,3.946270637,-3.237586946,0.600000000,0.600000000,4.316921961,-2.765763255,3.575619312,-3.709410638
597,14.532445739,3.965192782,-3.252192156,0.600000000,0.600000000,4.327734616,-2.774109089,3.602650948,-3.730275223
598,14.556348871,3.984361524,-3.266472178,0.600000000,0.600000000,4.338688183,-2.782269102,3.630034866,-3.750675255
599,14.580252003,4.003771276,-3.280422850,0.600000000,0.600000000,4.349779470,-2.790240914,3.657763083,-3.770604786
600,14.604155135,4.023416380,-3.294040105,0.600000000,0.600000000,4.361005243,-2.798022203,3.685827516,-3.790058008
601,14.628058267,4.043291108,-3.307319974,0.600000000,0.600000000,4.372362230,-2.805610699,3.714219985,-3.809029249
602,14.651961399,4.063389666,-3.320258585,0.600000000,0.600000000,4.383847121,-2.813004191,3.742932212,-3.827512978
603,14.675864531,4.083706197,-3.332852166,0.600000000,0.600000000,4.395456567,-2.820200524,3.771955827,-3.845503809
604,14.699767663,4.104234778,-3.345097047,0.600000000,0.600000000,4.407187185,-2.827197598,3.801282371,-3.862996496
605,14.723670795,4.124969423,-3.356989658,0.600000000,0.600000000,4.419035554,-2.833993376,3.830903293,-3.879985940
606,14.747573927,4.145904090,-3.368526532,0.600000000,0.600000000,4.430998220,-2.840585875,3.860809959,-3.896467188
607,14.771477059,4.167032674,-3.379704306,0.600000000,0.600000000,4.443071697,-2.846973175,3.890993652,-3.912435437
608,14.795380191,4.188349018,-3.390519721,0.600000000,0.600000000,4.455252465,-2.853153412,3.921445571,-3.927886030
609,14.819283323,4.209846907,-3.400969625,0.600000000,0.600000000,4.467536973,-2.859124786,3.952156841,-3.942814465
610,14.843186455,4.231520074,-3.411050972,0.600000000,0.600000000,4.479921640,-2.864885555,3.983118508,-3.957216388
611,14.867089587,4.253362201,-3.420760822,0.600000000,0.600000000,4.492402855,-2.870434041,4.014321548,-3.971087603
612,14.890992719,4.275366922,-3.430096346,0.600000000,0.600000000,4.504976981,-2.875768626,4.045756863,-3.984424065
613,14.914895851,4.297527821,-3.439054821,0.600000000,0.600000000,4.517640352,-2.880887755,4.077415290,-3.997221887
614,14.938798983,4.319838438,-3.447633636,0.600000000,0.600000000,4.530389276,-2.885789935,4.109287600,-4.009477337
615,14.962702115,4.342292270,-3.455830291,0.600000000,0.600000000,4.543220038,-2.890473738,4.141364503,-4.021186844
616,14.986605247,4.364882771,-3.463642396,0.600000000,0.600000000,4.556128895,-2.894937798,4.173636647,-4.032346994
617,15.010508379,4.387603356,-3.471067674,0.600000000,0.600000000,4.569112087,-2.899180813,4.206094626,-4.042954534
618,15.034411511,4.410447401,-3.478103959,0.600000000,0.600000000,4.582165827,-2.903201548,4.238728976,-4.053006371
619,15.058314643,4.433408248,-3.484749202,0.600000000,0.600000000,4.595286310,-2.906998830,4.271530185,-4.062499575
620,15.082217775,4.456479202,-3.491001465,0.600000000,0.600000000,4.608469713,-2.910571551,4.304488691,-4.071431379
621,15.106120907,4.479653539,-3.496858925,0.600000000,0.600000000,4.621712191,-2.913918672,4.337594886,-4.079799179
622,15.130024039,4.502924502,-3.502319875,0.600000000,0.600000000,4.635009884,-2.917039214,4.370839120,-4.087600536
623,15.153927171,4.526285309,-3.507382723,0.600000000,0.600000000,4.648358917,-2.919932270,4.404211701,-4.094833175
624,15.177830303,4.549729149,-3.512045992,0.600000000,0.600000000,4.661755397,-2.922596996,4.437702901,-4.101494989
625,15.201733435,4.573249188,-3.516308325,0.600000000,0.600000000,4.675195419,-2.925032614,4.471302957,-4.107584035
626,15.225636567,4.596838570,-3.520168477,0.600000000,0.600000000,4.688675066,-2.927238416,4.505002074,-4.113098539
627,15.249539699,4.620490419,-3.523625324,0.600000000,0.600000000,4.702190408,-2.929213757,4.538790429,-4.118036892
628,15.273442831,4.644197838,-3.526677859,0.600000000,0.600000000,4.715737505,-2.930958062,4.572658172,-4.122397655
629,15.297345963,4.667953919,-3.529325190,0.600000000,0.600000000,4.729312408,-2.932470823,4.606595429,-4.126179558
630,15.321249095,4.691751735,-3.531566548,0.600000000,0.600000000,4.742911160,-2.933751599,4.640592309,-4.129381497
631,15.345152227,4.715584349,-3.533401277,0.600000000,0.600000000,4.756529797,-2.934800015,4.674638901,-4.132002538
632,15.369055359,4.739444813,-3.534828844,0.600000000,0.600000000,4.770164348,-2.935615768,4.708725279,-4.134041919
633,15.392958491,4.763326173,-3.535848831,0.600000000,0.600000000,4.783810839,-2.936198618,4.742841507,-4.135499045
634,15.416861623,4.787221466,-3.536460943,0.600000000,0.600000000,4.797465292,-2.936548396,4.776977640,-4.136373490
635,15.440764755,4.811123727,-3.536665000,0.600000000,0.600000000,4.813685618,-2.936670469,4.808561837,-4.136659531
636,15.464652634,4.835011606,-3.536665000,0.600000000,0.600000000,4.835011606,-2.936665000,4.835011606,-4.136665000
637,15.488540513,4.858899485,-3.536665000,0.600000000,0.600000000,4.858899485,-2.936665000,4.858899485,-4.136665000
638,15.512428392,4.882787364,-3.536665000,0.600000000,0.600000000,4.882787364,-2.936665000,4.882787364,-4.136665000
639,15.536316271,4.906675242,-3.536665000,0.600000000,0.600000000,4.906675242,-2.936665000,4.906675242,-4.136665000
640,15.560204149,4.930563121,-3.536665000,0.600000000,0.600000000,4.930563121,-2.936665000,4.930563121,-4.136665000
641,15.584092028,4.954451000,-3.536665000,0.600000000,0.600000000,4.954451000,-2.936665000,4.954451000,-4.136665000
642,15.607979907,4.978338879,-3.536665000,0.600000000,0.600000000,4.978338879,-2.936665000,4.978338879,-4.136665000
643,15.631867786,5.002226758,-3.536665000,0.600000000,0.600000000,5.002226758,-2.936665000,5.002226758,-4.136665000
644,15.655755665,5.026114636,-3.536665000,0.600000000,0.600000000,5.026114636,-2.936665000,5.026114636,-4.136665000
645,15.679643543,5.050002515,-3.536665000,0.600000000,0.600000000,5.050002515,-2.936665000,5.050002515,-4.136665000
646,15.703531422,5.073890394,-3.536665000,0.600000000,0.600000000,5.073890394,-2.936665000,5.073890394,-4.136665000
647,15.727419301,5.097778273,-3.536665000,0.600000000,0.600000000,5.097778273,-2.936665000,5.097778273,-4.136665000
648,15.751307180,5.121666152,-3.536665000,0.600000000,0.600000000,5.121666152,-2.936665000,5.121666152,-4.136665000
649,15.775195059,5.145554030,-3.536665000,0.600000000,0.600000000,5.145554030,-2.936665000,5.145554030,-4.136665000
650,15.799082937,5.169441909,-3.536665000,0.600000000,0.600000000,5.169441909,-2.936665000,5.169441909,-4.136665000
651,15.822970816,5.193329788,-3.536665000,0.600000000,0.600000000,5.193329788,-2.936665000,5.193329788,-4.136665000
652,15.846858695,5.217217667,-3.536665000,0.600000000,0.600000000,5.217217667,-2.936665000,5.217217667,-4.136665000
653,15.870746574,5.241105545,-3.536665000,0.600000000,0.600000000,5.241105545,-2.936665000,5.241105545,-4.136665000
654,15.894634452,5.264993424,-3.536665000,0.600000000,0.600000000,5.264993424,-2.936665000,5.264993424,-4.136665000
655,15.918522331,5.288881303,-3.536665000,0.600000000,0.600000000,5.288881303,-2.936665000,5.288881303,-4.136665000
656,15.942410210,5.312769182,-3.536665000,0.600000000,0.600000000,5.312769182,-2.936665000,5.312769182,-4.136665000
657,15.966298089,5.336657061,-3.536665000,0.600000000,0.600000000,5.336657061,-2.936665000,5.336657061,-4.136665000
658,15.990185968,5.360544939,-3.536665000,0.600000000,0.600000000,5.360544939,-2.936665000,5.360544939,-4.136665000
659,16.014073846,5.384432818,-3.536665000,0.600000000,0.600000000,5.384432818,-2.936665000,5.384432818,-4.136665000
660,16.037961725,5.408320697,-3.536665000,0.600000000,0.600000000,5.408320697,-2.936665000,5.408320697,-4.136665000
661,16.061849604,5.432208576,-3.536665000,0.600000000,0.600000000,5.432208576,-2.936665000,5.432208576,-4.136665000
662,16.085737483,5.456096455,-3.536665000,0.600000000,0.600000000,5.456096455,-2.936665000,5.456096455,-4.136665000
663,16.109625362,5.479984333,-3.536665000,0.600000000,0.600000000,5.479984333,-2.936665000,5.479984333,-4.136665000
664,16.133513240,5.503872212,-3.536665000,0.600000000,0.600000000,5.503872212,-2.936665000,5.503872212,-4.136665000
665,16.157401119,5.527760091,-3.536665000,0.600000000,0.600000000,5.527760091,-2.936665000,5.527760091,-4.136665000
666,16.181288998,5.551647970,-3.536665000,0.600000000,0.600000000,5.551647970,-2.936665000,5.551647970,-4.136665000
667,16.205176877,5.575535848,-3.536665000,0.600000000,0.600000000,5.575535848,-2.936665000,5.575535848,-4.136665000
668,16.229064755,5.599423727,-3.536665000,0.600000000,0.600000000,5.599423727,-2.936665000,5.599423727,-4.136665000
669,16.252952634,5.623311606,-3.536665000,0.600000000,0.600000000,5.623311606,-2.936665000,5.623311606,-4.136665000
670,16.276840513,5.647199485,-3.536665000,0.600000000,0.600000000,5.647199485,-2.936665000,5.647199485,-4.136665000
671,16.300728392,5.671087364,-3.536665000,0.600000000,0.600000000,5.671087364,-2.936665000,5.671087364,-4.136665000
672,16.324616271,5.694975242,-3.536665000,0.600000000,0.600000000,5.694975242,-2.936665000,5.694975242,-4.136665000
673,16.348504149,5.718863121,-3.536665000,0.600000000,0.600000000,5.718863121,-2.936665000,5.718863121,-4.136665000
674,16.372392028,5.742751000,-3.536665000,0.600000000,0.600000000,5.742751000,-2.936665000,5.742751000,-4.136665000
675,16.396279907,5.766638879,-3.536665000,0.600000000,0.600000000,5.766638879,-2.936665000,5.766638879,-4.136665000
676,16.420167786,5.790526758,-3.536665000,0.600000000,0.600000000,5.790526758,-2.936665000,5.790526758,-4.136665000
677,16.444055665,5.814414636,-3.536665000,0.600000000,0.600000000,5.814414636,-2.936665000,5.814414636,-4.136665000
678,16.467943543,5.838302515,-3.536665000,0.600000000,0.600000000,5.838302515,-2.936665000,5.838302515,-4.136665000
679,16.491831422,5.862190394,-3.536665000,0.600000000,0.600000000,5.862190394,-2.936665000,5.862190394,-4.136665000
680,16.515719301,5.886078273,-3.536665000,0.600000000,0.600000000,5.886078273,-2.936665000,5.886078273,-4.136665000
681,16.539607180,5.909966152,-3.536665000,0.600000000,0.600000000,5.909966152,-2.936665000,5.909966152,-4.136665000
682,16.563495059,5.933854030,-3.536665000,0.600000000,0.600000000,5.933854030,-2.936665000,5.933854030,-4.136665000
683,16.587382937,5.957741909,-3.536665000,0.600000000,0.600000000,5.957741909,-2.936665000,5.957741909,-4.136665000
684,16.611270816,5.981629788,-3.536665000,0.600000000,0.600000000,5.981629788,-2.936665000,5.981629788,-4.136665000
685,16.635158695,6.005517667,-3.536665000,0.600000000,0.600000000,6.005517667,-2.936665000,6.005517667,-4.136665000
686,16.659046574,6.029405545,-3.536665000,0.600000000,0.600000000,6.029405545,-2.936665000,6.029405545,-4.136665000
687,16.682934452,6.053293424,-3.536665000,0.600000000,0.600000000,6.053293424,-2.936665000,6.053293424,-4.136665000
688,16.706822331,6.077181303,-3.536665000,0.600000000,0.600000000,6.077181303,-2.936665000,6.077181303,-4.136665000
689,16.730710210,6.101069182,-3.536665000,0.600000000,0.600000000,6.101069182,-2.936665000,6.101069182,-4.136665000
690,16.754598089,6.124957061,-3.536665000,0.600000000,0.600000000,6.124957061,-2.936665000,6.124957061,-4.136665000
691,16.778485968,6.148844939,-3.536665000,0.600000000,0.600000000,6.148844939,-2.936665000,6.148844939,-4.136665000
692,16.802373846,6.172732818,-3.536665000,0.600000000,0.600000000,6.172732818,-2.936665000,6.172732818,-4.136665000
693,16.826261725,6.196620697,-3.536665000,0.600000000,0.600000000,6.196620697,-2.936665000,6.196620697,-4.136665000
694,16.850149604,6.220508576,-3.536665000,0.600000000,0.600000000,6.220508576,-2.936665000,6.220508576,-4.136665000
695,16.874037483,6.244396455,-3.536665000,0.600000000,0.600000000,6.244396455,-2.936665000,6.244396455,-4.136665000
696,16.897925362,6.268284333,-3.536665000,0.600000000,0.600000000,6.268284333,-2.936665000,6.268284333,-4.136665000
697,16.921813240,6.292172212,-3.536665000,0.600000000,0.600000000,6.292172212,-2.936665000,6.292172212,-4.136665000
698,16.945701119,6.316060091,-3.536665000,0.600000000,0.600000000,6.316060091,-2.936665000,6.316060091,-4.136665000
699,16.969588998,6.339947970,-3.536665000,0.600000000,0.600000000,6.339947970,-2.936665000,6.339947970,-4.136665000
700,16.993476877,6.363835848,-3.536665000,0.600000000,0.600000000,6.363835848,-2.936665000,6.363835848,-4.136665000
701,17.017364755,6.387723727,-3.536665000,0.600000000,0.600000000,6.387723727,-2.936665000,6.387723727,-4.136665000
702,17.041252634,6.411611606,-3.536665000,0.600000000,0.600000000,6.411611606,-2.936665000,6.411611606,-4.136665000
703,17.065140513,6.435499485,-3.536665000,0.600000000,0.600000000,6.435499485,-2.936665000,6.435499485,-4.136665000
704,17.089028392,6.459387364,-3.536665000,0.600000000,0.600000000,6.459387364,-2.936665000,6.459387364,-4.136665000
705,17.112916271,6.483275242,-3.536665000,0.600000000,0.600000000,6.483275242,-2.936665000,6.483275242,-4.136665000
706,17.136804149,6.507163121,-3.536665000,0.600000000,0.600000000,6.507163121,-2.936665000,6.507163121,-4.136665000
707,17.160692028,6.531051000,-3.536665000,0.600000000,0.600000000,6.531051000,-2.936665000,6.531051000,-4.136665000
708,17.184579907,6.554938879,-3.536665000,0.600000000,0.600000000,6.554938879,-2.936665000,6.554938879,-4.136665000
709,17.208467786,6.578826758,-3.536665000,0.600000000,0.600000000,6.578826758,-2.936665000,6.578826758,-4.136665000
710,17.232355665,6.602714636,-3.536665000,0.600000000,0.600000000,6.602714636,-2.936665000,6.602714636,-4.136665000
711,17.256243543,6.626602515,-3.536665000,0.600000000,0.600000000,6.626602515,-2.936665000,6.626602515,-4.136665000
712,17.280131422,6.650490394,-3.536665000,0.600000000,0.600000000,6.650490394,-2.936665000,6.650490394,-4.136665000
713,17.304019301,6.674378273,-3.536665000,0.600000000,0.600000000,6.674378273,-2.936665000,6.674378273,-4.136665000
714,17.327907180,6.698266152,-3.536665000,0.600000000,0.600000000,6.698266152,-2.936665000,6.698266152,-4.136665000
715,17.351795059,6.722154030,-3.536665000,0.600000000,0.600000000,6.722154030,-2.936665000,6.722154030,-4.136665000
716,17.375682937,6.746041909,-3.536665000,0.600000000,0.600000000,6.746041909,-2.936665000,6.746041909,-4.136665000
717,17.399570816,6.769929788,-3.536665000,0.600000000,0.600000000,6.769929788,-2.936665000,6.769929788,-4.136665000
718,17.423458695,6.793817667,-3.536665000,0.600000000,0.600000000,6.793817667,-2.936665000,6.793817667,-4.136665000
719,17.447346574,6.817705545,-3.536665000,0.600000000,0.600000000,6.817705545,-2.936665000,6.817705545,-4.136665000
720,17.471234452,6.841593424,-3.536665000,0.600000000,0.600000000,6.841593424,-2.936665000,6.841593424,-4.136665000
721,17.495122331,6.865481303,-3.536665000,0.600000000,0.600000000,6.865481303,-2.936665000,6.865481303,-4.136665000
722,17.519010210,6.889369182,-3.536665000,0.600000000,0.600000000,6.889369182,-2.936665000,6.889369182,-4.136665000
723,17.542898089,6.913257061,-3.536665000,0.600000000,0.600000000,6.913257061,-2.936665000,6.913257061,-4.136665000
724,17.566785968,6.937144939,-3.536665000,0.600000000,0.600000000,6.937144939,-2.936665000,6.937144939,-4.136665000
725,17.590673846,6.961032818,-3.536665000,0.600000000,0.600000000,6.961032818,-2.936665000,6.961032818,-4.136665000
726,17.614561725,6.984920697,-3.536665000,0.600000000,0.600000000,6.984920697,-2.936665000,6.984920697,-4.136665000
727,17.638449604,7.008808576,-3.536665000,0.600000000,0.600000000,7.008808576,-2.936665000,7.008808576,-4.136665000
728,17.662337483,7.032696455,-3.536665000,0.600000000,0.600000000,7.032696455,-2.936665000,7.032696455,-4.136665000
729,17.686225362,7.056584333,-3.536665000,0.600000000,0.600000000,7.056584333,-2.936665000,7.056584333,-4.136665000
730,17.710113240,7.080472212,-3.536665000,0.600000000,0.600000000,7.080472212,-2.936665000,7.080472212,-4.136665000
731,17.734001119,7.104360091,-3.536665000,0.600000000,0.600000000,7.104360091,-2.936665000,7.104360091,-4.136665000
732,17.757888998,7.128247970,-3.536665000,0.600000000,0.600000000,7.128247970,-2.936665000,7.128247970,-4.136665000
733,17.781776877,7.152135848,-3.536665000,0.600000000,0.600000000,7.152135848,-2.936665000,7.152135848,-4.136665000
734,17.805664755,7.176023727,-3.536665000,0.600000000,0.600000000,7.176023727,-2.936665000,7.176023727,-4.136665000
735,17.829552634,7.199911606,-3.536665000,0.600000000,0.600000000,7.199911606,-2.936665000,7.199911606,-4.136665000
736,17.853440513,7.223799485,-3.536665000,0.600000000,0.600000000,7.223799485,-2.936665000,7.223799485,-4.136665000
737,17.877328392,7.247687364,-3.536665000,0.600000000,0.600000000,7.247687364,-2.936665000,7.247687364,-4.136665000
738,17.901216271,7.271575242,-3.536665000,0.600000000,0.600000000,7.271575242,-2.936665000,7.271575242,-4.136665000
739,17.925104149,7.295463121,-3.536665000,0.600000000,0.600000000,7.295463121,-2.936665000,7.295463121,-4.136665000
740,17.948992028,7.319351000,-3.536665000,0.600000000,0.600000000,7.319351000,-2.936665000,7.319351000,-4.136665000
741,17.972879907,7.343238879,-3.536665000,0.600000000,0.600000000,7.343238879,-2.936665000,7.343238879,-4.136665000
742,17.996767786,7.367126758,-3.536665000,0.600000000,0.600000000,7.367126758,-2.936665000,7.367126758,-4.136665000
743,18.020655665,7.391014636,-3.536665000,0.600000000,0.600000000,7.391014636,-2.936665000,7.391014636,-4.136665000
744,18.044543543,7.414902515,-3.536665000,0.600000000,0.600000000,7.414902515,-2.936665000,7.414902515,-4.136665000
745,18.068431422,7.438790394,-3.536665000,0.600000000,0.600000000,7.438790394,-2.936665000,7.438790394,-4.136665000
746,18.092319301,7.462678273,-3.536665000,0.600000000,0.600000000,7.462678273,-2.936665000,7.462678273,-4.136665000
747,18.116207180,7.486566152,-3.536665000,0.600000000,0.600000000,7.486566152,-2.936665000,7.486566152,-4.136665000
748,18.140095059,7.510454030,-3.536665000,0.600000000,0.600000000,7.510454030,-2.936665000,7.510454030,-4.136665000
749,18.163982937,7.534341909,-3.536665000,0.600000000,0.600000000,7.534341909,-2.936665000,7.534341909,-4.136665000
750,18.187870816,7.558229788,-3.536665000,0.600000000,0.600000000,7.558229788,-2.936665000,7.558229788,-4.136665000
751,18.211758695,7.582117667,-3.536665000,0.600000000,0.600000000,7.582117667,-2.936665000,7.582117667,-4.136665000
752,18.235646574,7.606005545,-3.536665000,0.600000000,0.600000000,7.606005545,-2.936665000,7.606005545,-4.136665000
753,18.259534452,7.629893424,-3.536665000,0.600000000,0.600000000,7.629893424,-2.936665000,7.629893424,-4.136665000
754,18.283422331,7.653781303,-3.536665000,0.600000000,0.600000000,7.653781303,-2.936665000,7.653781303,-4.136665000
755,18.307310210,7.677669182,-3.536665000,0.600000000,0.600000000,7.677669182,-2.936665000,7.677669182,-4.136665000
756,18.331198089,7.701557061,-3.536665000,0.600000000,0.600000000,7.701557061,-2.936665000,7.701557061,-4.136665000
757,18.355085968,7.725444939,-3.536665000,0.600000000,0.600000000,7.725444939,-2.936665000,7.725444939,-4.136665000
758,18.378973846,7.749332818,-3.536665000,0.600000000,0.600000000,7.749332818,-2.936665000,7.749332818,-4.136665000
759,18.402861725,7.773220697,-3.536665000,0.600000000,0.600000000,7.773220697,-2.936665000,7.773220697,-4.136665000
760,18.426749604,7.797108576,-3.536665000,0.600000000,0.600000000,7.797108576,-2.936665000,7.797108576,-4.136665000
761,18.450637483,7.820996455,-3.536665000,0.600000000,0.600000000,7.820996455,-2.936665000,7.820996455,-4.136665000
762,18.474525362,7.844884333,-3.536665000,0.600000000,0.600000000,7.844884333,-2.936665000,7.844884333,-4.136665000
763,18.498413240,7.868772212,-3.536665000,0.600000000,0.600000000,7.868772212,-2.936665000,7.868772212,-4.136665000
764,18.522301119,7.892660091,-3.536665000,0.600000000,0.600000000,7.892660091,-2.936665000,7.892660091,-4.136665000
765,18.546188998,7.916547970,-3.536665000,0.600000000,0.600000000,7.916547970,-2.936665000,7.916547970,-4.136665000
766,18.570076877,7.940435848,-3.536665000,0.600000000,0.600000000,7.940435848,-2.936665000,7.940435848,-4.136665000
767,18.593964755,7.964323727,-3.536665000,0.600000000,0.600000000,7.964323727,-2.936665000,7.964323727,-4.136665000
768,18.617852634,7.988211606,-3.536665000,0.600000000,0.600000000,7.988211606,-2.936665000,7.988211606,-4.136665000
769,18.641740513,8.012099485,-3.536665000,0.600000000,0.600000000,8.012099485,-2.936665000,8.012099485,-4.136665000
770,18.665628392,8.035987364,-3.536665000,0.600000000,0.600000000,8.035987364,-2.936665000,8.035987364,-4.136665000
771,18.689516271,8.059875242,-3.536665000,0.600000000,0.600000000,8.059875242,-2.936665000,8.059875242,-4.136665000
772,18.713404149,8.083763121,-3.536665000,0.600000000,0.600000000,8.083763121,-2.936665000,8.083763121,-4.136665000
773,18.737292028,8.107651000,-3.536665000,0.600000000,0.600000000,8.107651000,-2.936665000,8.107651000,-4.136665000
774,18.761179907,8.131538879,-3.536665000,0.600000000,0.600000000,8.131538879,-2.936665000,8.131538879,-4.136665000
775,18.785067786,8.155426758,-3.536665000,0.600000000,0.600000000,8.155426758,-2.936665000,8.155426758,-4.136665000
776,18.808955665,8.179314636,-3.536665000,0.600000000,0.600000000,8.179314636,-2.936665000,8.179314636,-4.136665000
777,18.832843543,8.203202515,-3.536665000,0.600000000,0.600000000,8.203202515,-2.936665000,8.203202515,-4.136665000
778,18.856731422,8.227090394,-3.536665000,0.600000000,0.600000000,8.227090394,-2.936665000,8.227090394,-4.136665000
779,18.880619301,8.250978273,-3.536665000,0.600000000,0.600000000,8.250978273,-2.936665000,8.250978273,-4.136665000
780,18.904507180,8.274866152,-3.536665000,0.600000000,0.600000000,8.274866152,-2.936665000,8.274866152,-4.136665000
781,18.928395059,8.298754030,-3.536665000,0.600000000,0.600000000,8.298754030,-2.936665000,8.298754030,-4.136665000
782,18.952282937,8.322641909,-3.536665000,0.600000000,0.600000000,8.322641909,-2.936665000,8.322641909,-4.136665000
783,18.976170816,8.346529788,-3.536665000,0.600000000,0.600000000,8.346529788,-2.936665000,8.346529788,-4.136665000
784,19.000058695,8.370417667,-3.536665000,0.600000000,0.600000000,8.370417667,-2.936665000,8.370417667,-4.136665000
785,19.023946574,8.394305545,-3.536665000,0.600000000,0.600000000,8.394305545,-2.936665000,8.394305545,-4.136665000
786,19.047834452,8.418193424,-3.536665000,0.600000000,0.600000000,8.418193424,-2.936665000,8.418193424,-4.136665000
787,19.071722331,8.442081303,-3.536665000,0.600000000,0.600000000,8.442081303,-2.936665000,8.442081303,-4.136665000
788,19.095610210,8.465969182,-3.536665000,0.600000000,0.600000000,8.465969182,-2.936665000,8.465969182,-4.136665000
789,19.119498089,8.489857061,-3.536665000,0.600000000,0.600000000,8.489857061,-2.936665000,8.489857061,-4.136665000
790,19.143385968,8.513744939,-3.536665000,0.600000000,0.600000000,8.513744939,-2.936665000,8.513744939,-4.136665000
791,19.167273846,8.537632818,-3.536665000,0.600000000,0.600000000,8.537632818,-2.936665000,8.537632818,-4.136665000
792,19.191161725,8.561520697,-3.536665000,0.600000000,0.600000000,8.561520697,-2.936665000,8.561520697,-4.136665000
793,19.215049604,8.585408576,-3.536665000,0.600000000,0.600000000,8.585408576,-2.936665000,8.585408576,-4.136665000
794,19.238937483,8.609296455,-3.536665000,0.600000000,0.600000000,8.609296455,-2.936665000,8.609296455,-4.136665000
795,19.262825362,8.633184333,-3.536665000,0.600000000,0.600000000,8.633184333,-2.936665000,8.633184333,-4.136665000
796,19.286713240,8.657072212,-3.536665000,0.600000000,0.600000000,8.657072212,-2.936665000,8.657072212,-4.136665000
797,19.310601119,8.680960091,-3.536665000,0.600000000,0.600000000,8.680960091,-2.936665000,8.680960091,-4.136665000
798,19.334488998,8.704847970,-3.536665000,0.600000000,0.600000000,8.704847970,-2.936665000,8.704847970,-4.136665000
799,19.358376877,8.728735848,-3.536665000,0.600000000,0.600000000,8.728735848,-2.936665000,8.728735848,-4.136665000
800,19.382264755,8.752623727,-3.536665000,0.600000000,0.600000000,8.752623727,-2.936665000,8.752623727,-4.136665000
801,19.406152634,8.776511606,-3.536665000,0.600000000,0.600000000,8.776511606,-2.936665000,8.776511606,-4.136665000
802,19.430040513,8.800399485,-3.536665000,0.600000000,0.600000000,8.800399485,-2.936665000,8.800399485,-4.136665000
803,19.453928392,8.824287364,-3.536665000,0.600000000,0.600000000,8.824287364,-2.936665000,8.824287364,-4.136665000
804,19.477816271,8.848175242,-3.536665000,0.600000000,0.600000000,8.848175242,-2.936665000,8.848175242,-4.136665000
805,19.501704149,8.872063121,-3.536665000,0.600000000,0.600000000,8.872063121,-2.936665000,8.872063121,-4.136665000
806,19.525592028,8.895951000,-3.536665000,0.600000000,0.600000000,8.895951000,-2.936665000,8.895951000,-4.136665000
807,19.549479907,8.919838879,-3.536665000,0.600000000,0.600000000,8.919838879,-2.936665000,8.919838879,-4.136665000
808,19.573367786,8.943726758,-3.536665000,0.600000000,0.600000000,8.943726758,-2.936665000,8.943726758,-4.136665000
809,19.597255665,8.967614636,-3.536665000,0.600000000,0.600000000,8.967614636,-2.936665000,8.967614636,-4.136665000
810,19.621143543,8.991502515,-3.536665000,0.600000000,0.600000000,8.991502515,-2.936665000,8.991502515,-4.136665000
811,19.645031422,9.015390394,-3.536665000,0.600000000,0.600000000,9.015390394,-2.936665000,9.015390394,-4.136665000
812,19.668919301,9.039278273,-3.536665000,0.600000000,0.600000000,9.039278273,-2.936665000,9.039278273,-4.136665000
813,19.692807180,9.063166152,-3.536665000,0.600000000,0.600000000,9.063166152,-2.936665000,9.063166152,-4.136665000
814,19.716695059,9.087054030,-3.536665000,0.600000000,0.600000000,9.087054030,-2.936665000,9.087054030,-4.136665000
815,19.740582937,9.110941909,-3.536665000,0.600000000,0.600000000,9.110941909,-2.936665000,9.110941909,-4.136665000
816,19.764470816,9.134829788,-3.536665000,0.600000000,0.600000000,9.134829788,-2.936665000,9.134829788,-4.136665000
817,19.788358695,9.158717667,-3.536665000,0.600000000,0.600000000,9.158717667,-2.936665000,9.158717667,-4.136665000
818,19.812246574,9.182605545,-3.536665000,0.600000000,0.600000000,9.182605545,-2.936665000,9.182605545,-4.136665000
819,19.836134452,9.206493424,-3.536665000,0.600000000,0.600000000,9.206493424,-2.936665000,9.206493424,-4.136665000
820,19.860022331,9.230381303,-3.536665000,0.600000000,0.600000000,9.230381303,-2.936665000,9.230381303,-4.136665000
821,19.883910210,9.254269182,-3.536665000,0.600000000,0.600000000,9.254269182,-2.936665000,9.254269182,-4.136665000
822,19.907798089,9.278157061,-3.536665000,0.600000000,0.600000000,9.278157061,-2.936665000,9.278157061,-4.136665000
823,19.931685968,9.302044939,-3.536665000,0.600000000,0.600000000,9.302044939,-2.936665000,9.302044939,-4.136665000
824,19.955573846,9.325932818,-3.536665000,0.600000000,0.600000000,9.325932818,-2.936665000,9.325932818,-4.136665000
825,19.979461725,9.349820697,-3.536665000,0.600000000,0.600000000,9.349820697,-2.936665000,9.349820697,-4.136665000
826,20.003349604,9.373708576,-3.536665000,0.600000000,0.600000000,9.373708576,-2.936665000,9.373708576,-4.136665000
827,20.027237483,9.397596455,-3.536665000,0.600000000,0.600000000,9.397596455,-2.936665000,9.397596455,-4.136665000
828,20.051125362,9.421484333,-3.536665000,0.600000000,0.600000000,9.421484333,-2.936665000,9.421484333,-4.136665000
829,20.075013240,9.445372212,-3.536665000,0.600000000,0.600000000,9.445372212,-2.936665000,9.445372212,-4.136665000
830,20.098901119,9.469260091,-3.536665000,0.600000000,0.600000000,9.469260091,-2.936665000,9.469260091,-4.136665000
831,20.122788998,9.493147970,-3.536665000,0.600000000,0.600000000,9.493147970,-2.936665000,9.493147970,-4.136665000
832,20.146676877,9.517035848,-3.536665000,0.600000000,0.600000000,9.517035848,-2.936665000,9.517035848,-4.136665000
833,20.170564755,9.540923727,-3.536665000,0.600000000,0.600000000,9.540923727,-2.936665000,9.540923727,-4.136665000
834,20.194452634,9.564811606,-3.536665000,0.600000000,0.600000000,9.564811606,-2.936665000,9.564811606,-4.136665000
835,20.218340513,9.588699485,-3.536665000,0.600000000,0.600000000,9.588699485,-2.936665000,9.588699485,-4.136665000
836,20.242228392,9.612587364,-3.536665000,0.600000000,0.600000000,9.612587364,-2.936665000,9.612587364,-4.136665000
837,20.266116271,9.636475242,-3.536665000,0.600000000,0.600000000,9.636475242,-2.936665000,9.636475242,-4.136665000
838,20.290004149,9.660363121,-3.536665000,0.600000000,0.600000000,9.660363121,-2.936665000,9.660363121,-4.136665000
839,20.313892028,9.684251000,-3.536665000,0.600000000,0.600000000,9.684251000,-2.936665000,9.684251000,-4.136665000
840,20.337779907,9.708138879,-3.536665000,0.600000000,0.600000000,9.708138879,-2.936665000,9.708138879,-4.136665000
841,20.361667786,9.732026758,-3.536665000,0.600000000,0.600000000,9.732026758,-2.936665000,9.732026758,-4.136665000
842,20.385555665,9.755914636,-3.536665000,0.600000000,0.600000000,9.755914636,-2.936665000,9.755914636,-4.136665000
843,20.409443543,9.779802515,-3.536665000,0.600000000,0.600000000,9.779802515,-2.936665000,9.779802515,-4.136665000
844,20.433331422,9.803690394,-3.536665000,0.600000000,0.600000000,9.803690394,-2.936665000,9.803690394,-4.136665000
845,20.457219301,9.827578273,-3.536665000,0.600000000,0.600000000,9.827578273,-2.936665000,9.827578273,-4.136665000
846,20.481107180,9.851466152,-3.536665000,0.600000000,0.600000000,9.851466152,-2.936665000,9.851466152,-4.136665000
847,20.504995059,9.875354030,-3.536665000,0.600000000,0.600000000,9.875354030,-2.936665000,9.875354030,-4.136665000
848,20.528882937,9.899241909,-3.536665000,0.600000000,0.600000000,9.899241909,-2.936665000,9.899241909,-4.136665000
849,20.552770816,9.923129788,-3.536665000,0.600000000,0.600000000,9.923129788,-2.936665000,9.923129788,-4.136665000
850,20.576658695,9.947017667,-3.536665000,0.600000000,0.600000000,9.947017667,-2.936665000,9.947017667,-4.136665000
851,20.600546574,9.970905545,-3.536665000,0.600000000,0.600000000,9.970905545,-2.936665000,9.970905545,-4.136665000
852,20.624434452,9.994793424,-3.536665000,0.600000000,0.600000000,9.994793424,-2.936665000,9.994793424,-4.136665000
853,20.648322331,10.018681303,-3.536665000,0.600000000,0.600000000,10.018681303,-2.936665000,10.018681303,-4.136665000
854,20.672210210,10.042569182,-3.536665000,0.600000000,0.600000000,10.042569182,-2.936665000,10.042569182,-4.136665000
855,20.696098089,10.066457061,-3.536665000,0.600000000,0.600000000,10.066457061,-2.936665000,10.066457061,-4.136665000
856,20.719985968,10.090344939,-3.536665000,0.600000000,0.600000000,10.090344939,-2.936665000,10.090344939,-4.136665000
857,20.743873846,10.114232818,-3.536665000,0.600000000,0.600000000,10.114232818,-2.936665000,10.114232818,-4.136665000
858,20.767761725,10.138120697,-3.536665000,0.600000000,0.600000000,10.138120697,-2.936665000,10.138120697,-4.136665000
859,20.791649604,10.162008576,-3.536665000,0.600000000,0.600000000,10.162008576,-2.936665000,10.162008576,-4.136665000
860,20.815537483,10.185896455,-3.536665000,0.600000000,0.600000000,10.185896455,-2.936665000,10.185896455,-4.136665000
861,20.839425362,10.209784333,-3.536665000,0.600000000,0.600000000,10.209784333,-2.936665000,10.209784333,-4.136665000
862,20.863313240,10.233672212,-3.536665000,0.600000000,0.600000000,10.233672212,-2.936665000,10.233672212,-4.136665000
863,20.887201119,10.257560091,-3.536665000,0.600000000,0.600000000,10.257560091,-2.936665000,10.257560091,-4.136665000
864,20.911088998,10.281447970,-3.536665000,0.600000000,0.600000000,10.281447970,-2.936665000,10.281447970,-4.136665000
865,20.934976877,10.305335848,-3.536665000,0.600000000,0.600000000,10.305335848,-2.936665000,10.305335848,-4.136665000
866,20.958864755,10.329223727,-3.536665000,0.600000000,0.600000000,10.329223727,-2.936665000,10.329223727,-4.136665000
867,20.982752634,10.353111606,-3.536665000,0.600000000,0.600000000,10.353111606,-2.936665000,10.353111606,-4.136665000
868,21.006640513,10.376999485,-3.536665000,0.600000000,0.600000000,10.376999485,-2.936665000,10.376999485,-4.136665000
869,21.030528392,10.400887364,-3.536665000,0.600000000,0.600000000,10.400887364,-2.936665000,10.400887364,-4.136665000
870,21.054416271,10.424775242,-3.536665000,0.600000000,0.600000000,10.424775242,-2.936665000,10.424775242,-4.136665000
871,21.078304149,10.448663121,-3.536665000,0.600000000,0.600000000,10.448663121,-2.936665000,10.448663121,-4.136665000
872,21.102192028,10.472551000,-3.536665000,0.600000000,0.600000000,10.472551000,-2.936665000,10.472551000,-4.136665000
873,21.126079907,10.496438879,-3.536665000,0.600000000,0.600000000,10.496438879,-2.936665000,10.496438879,-4.136665000
874,21.149967786,10.520326758,-3.536665000,0.600000000,0.600000000,10.520326758,-2.936665000,10.520326758,-4.136665000
875,21.173855665,10.544214636,-3.536665000,0.600000000,0.600000000,10.544214636,-2.936665000,10.544214636,-4.136665000
876,21.197743543,10.568102515,-3.536665000,0.600000000,0.600000000,10.568102515,-2.936665000,10.568102515,-4.136665000
877,21.221631422,10.591990394,-3.536665000,0.600000000,0.600000000,10.591990394,-2.936665000,10.591990394,-4.136665000
878,21.245519301,10.615878273,-3.536665000,0.600000000,0.600000000,10.615878273,-2.936665000,10.615878273,-4.136665000
879,21.269407180,10.639766152,-3.536665000,0.600000000,0.600000000,10.639766152,-2.936665000,10.639766152,-4.136665000
880,21.293295059,10.663654030,-3.536665000,0.600000000,0.600000000,10.663654030,-2.936665000,10.663654030,-4.136665000
881,21.317182937,10.687541909,-3.536665000,0.600000000,0.600000000,10.687541909,-2.936665000,10.687541909,-4.136665000
882,21.341070816,10.711429788,-3.536665000,0.600000000,0.600000000,10.711429788,-2.936665000,10.711429788,-4.136665000
883,21.364958695,10.735317667,-3.536665000,0.600000000,0.600000000,10.735317667,-2.936665000,10.735317667,-4.136665000
884,21.388846574,10.759205545,-3.536665000,0.600000000,0.600000000,10.759205545,-2.936665000,10.759205545,-4.136665000
885,21.412734452,10.783093424,-3.536665000,0.600000000,0.600000000,10.783093424,-2.936665000,10.783093424,-4.136665000
886,21.436622331,10.806981303,-3.536665000,0.600000000,0.600000000,10.806981303,-2.936665000,10.806981303,-4.136665000
887,21.460510210,10.830869182,-3.536665000,0.600000000,0.600000000,10.830869182,-2.936665000,10.830869182,-4.136665000
888,21.484398089,10.854757061,-3.536665000,0.600000000,0.600000000,10.854757061,-2.936665000,10.854757061,-4.136665000
889,21.508285968,10.878644939,-3.536665000,0.600000000,0.600000000,10.878644939,-2.936665000,10.878644939,-4.136665000
890,21.532173846,10.902532818,-3.536665000,0.600000000,0.600000000,10.902532818,-2.936665000,10.902532818,-4.136665000
891,21.556061725,10.926420697,-3.536665000,0.600000000,0.600000000,10.926420697,-2.936665000,10.926420697,-4.136665000
892,21.579949604,10.950308576,-3.536665000,0.600000000,0.600000000,10.950308576,-2.936665000,10.950308576,-4.136665000
893,21.603837483,10.974196455,-3.536665000,0.600000000,0.600000000,10.974196455,-2.936665000,10.974196455,-4.136665000
894,21.627725362,10.998084333,-3.536665000,0.600000000,0.600000000,10.998084333,-2.936665000,10.998084333,-4.136665000
895,21.651613240,11.021972212,-3.536665000,0.600000000,0.600000000,11.021972212,-2.936665000,11.021972212,-4.136665000
896,21.675501119,11.045860091,-3.536665000,0.600000000,0.600000000,11.045860091,-2.936665000,11.045860091,-4.136665000
897,21.699388998,11.069747970,-3.536665000,0.600000000,0.600000000,11.069747970,-2.936665000,11.069747970,-4.136665000
898,21.723276877,11.093635848,-3.536665000,0.600000000,0.600000000,11.093635848,-2.936665000,11.093635848,-4.136665000
