s_m,x_m,y_m,psi_rad,kappa_radpm,vx_mps,ax_mps2,speed_limit_mps,speed_zone,w_tr_right_m,w_tr_left_m
0.000000000,0.106211745,0.171355458,0.025378934,0.019148077,4.000000000,0.000000000,6.000000000,straight_acceleration,0.689906153,0.653209121
0.069433481,0.175621878,0.173157622,0.026451866,0.011757175,4.000000000,0.000000000,6.000000000,straight_acceleration,0.685424457,0.660152470
0.138866961,0.245030447,0.175016447,0.027011616,0.004366162,4.000000000,0.000000000,6.000000000,straight_acceleration,0.678481109,0.667095818
0.208300442,0.314438455,0.176896313,0.027058181,-0.003024863,4.000000000,0.000000000,6.000000000,straight_acceleration,0.671537761,0.673026584
0.277733922,0.383846906,0.178761603,0.026591797,-0.010281507,4.000000000,0.000000000,6.000000000,straight_acceleration,0.664594413,0.666083236
0.347167403,0.453256694,0.180579188,0.025714252,-0.014995752,4.000000000,0.000000000,6.000000000,straight_acceleration,0.657651064,0.659139888
0.416600884,0.522668331,0.182324501,0.024509378,-0.019710077,4.000000000,0.000000000,6.000000000,straight_acceleration,0.650707716,0.652196539
0.486034364,0.592082248,0.183974819,0.022977169,-0.024424443,4.000000000,0.000000000,6.000000000,straight_acceleration,0.643764368,0.645253191
0.555467845,0.661498876,0.185507420,0.021118889,-0.028776796,4.000000000,0.000000000,6.000000000,straight_acceleration,0.636821020,0.638309843
0.624901325,0.730918490,0.186903430,0.019082313,-0.029885751,4.000000000,0.000000000,6.000000000,straight_acceleration,0.629877672,0.631366495
0.694334806,0.800340903,0.188155386,0.016968728,-0.030994962,4.000000000,0.000000000,6.000000000,straight_acceleration,0.622934324,0.624423147
0.763768287,0.869765841,0.189257936,0.014778118,-0.032104391,4.000000000,0.000000000,6.000000000,straight_acceleration,0.615990976,0.617479799
0.833201767,0.939193032,0.190205733,0.012512477,-0.032830227,4.000000000,0.000000000,6.000000000,straight_acceleration,0.609047628,0.610536451
0.902635248,1.008622174,0.190996521,0.010282906,-0.031391398,4.000000000,0.000000000,6.000000000,straight_acceleration,0.605398063,0.603593103
0.972068728,1.078052897,0.191635978,0.008153234,-0.029952685,4.000000000,0.000000000,6.000000000,straight_acceleration,0.604880739,0.596649755
1.041502209,1.147484820,0.192131037,0.006123451,-0.028514146,4.000000000,0.000000000,6.000000000,straight_acceleration,0.606890022,0.589706407
1.110935690,1.216917560,0.192488632,0.004193721,-0.027050600,4.000000000,0.000000000,6.000000000,straight_acceleration,0.610817985,0.582763059
1.180369170,1.286350791,0.192715868,0.002369793,-0.025486722,4.000000000,0.000000000,6.000000000,straight_acceleration,0.605493140,0.575819711
1.249802651,1.355784302,0.192820231,0.000654450,-0.023922858,4.000000000,0.000000000,6.000000000,straight_acceleration,0.598549791,0.568876363
1.319236132,1.425217903,0.192809262,-0.000952309,-0.022359054,4.000000000,0.000000000,6.000000000,straight_acceleration,0.591606443,0.561933015
1.388669612,1.494651402,0.192690485,-0.002453055,-0.021089511,4.000000000,0.000000000,6.000000000,straight_acceleration,0.584663095,0.554989667
1.458103093,1.564084627,0.192469639,-0.003903780,-0.020697921,4.000000000,0.000000000,6.000000000,straight_acceleration,0.577719747,0.548046319
1.527536573,1.633517450,0.192149009,-0.005327317,-0.020306359,4.000000000,0.000000000,6.000000000,straight_acceleration,0.570776399,0.541102971
1.596970054,1.702949746,0.191730483,-0.006723667,-0.019914833,4.000000000,0.000000000,6.000000000,straight_acceleration,0.563833051,0.534159622
1.666403535,1.772381393,0.191215955,-0.008091967,-0.019440474,4.000000000,0.000000000,6.000000000,straight_acceleration,0.556889703,0.534445458
1.735837015,1.841812279,0.190607783,-0.009418645,-0.018773851,4.000000000,0.000000000,6.000000000,straight_acceleration,0.550694326,0.541388806
1.805270496,1.911242317,0.189909106,-0.010699038,-0.018107257,4.000000000,0.000000000,6.000000000,straight_acceleration,0.550039100,0.548332155
1.874703976,1.980671419,0.189123139,-0.011933148,-0.017440703,4.000000000,0.000000000,6.000000000,straight_acceleration,0.554491475,0.555275503
1.944137457,2.050099502,0.188253131,-0.013116554,-0.016411504,4.000000000,0.000000000,6.000000000,straight_acceleration,0.561434823,0.562218851
2.013570938,2.119526533,0.187304237,-0.014197088,-0.014712776,4.000000000,0.000000000,6.000000000,straight_acceleration,0.568378171,0.569162199
2.083004418,2.188952563,0.186284420,-0.015159674,-0.013014053,4.000000000,0.000000000,6.000000000,straight_acceleration,0.575321519,0.576105547
2.152437899,2.258377646,0.185201869,-0.016004312,-0.011315350,4.000000000,0.000000000,6.000000000,straight_acceleration,0.582264867,0.583048895
2.221871379,2.327801841,0.184064817,-0.016726287,-0.009278339,4.000000000,0.000000000,6.000000000,straight_acceleration,0.589208215,0.587931767
2.291304860,2.397225269,0.182883186,-0.017282291,-0.006737114,4.000000000,0.000000000,6.000000000,straight_acceleration,0.596151563,0.588419267
2.360738341,2.466648135,0.181669080,-0.017661850,-0.004195883,4.000000000,0.000000000,6.000000000,straight_acceleration,0.603094912,0.590042901
2.430171821,2.536070651,0.180434749,-0.017864961,-0.001654654,4.000000000,0.000000000,6.000000000,straight_acceleration,0.601772797,0.592121714
2.499605302,2.605493027,0.179192435,-0.017892283,0.000844703,4.000000000,0.000000000,6.000000000,straight_acceleration,0.598732281,0.593988734
2.569038782,2.674915472,0.177954181,-0.017748627,0.003293246,4.000000000,0.000000000,6.000000000,straight_acceleration,0.597144644,0.595385148
2.638472263,2.744338193,0.176731801,-0.017434960,0.005741789,4.000000000,0.000000000,6.000000000,straight_acceleration,0.596330615,0.596515091
2.707905744,2.813761394,0.175537098,-0.016951282,0.008190329,4.000000000,0.000000000,6.000000000,straight_acceleration,0.595532775,0.597607692
2.777339224,2.883185283,0.174381929,-0.016292925,0.010906812,4.000000000,0.000000000,6.000000000,straight_acceleration,0.594029512,0.598882288
2.846772705,2.952610042,0.173279388,-0.015432088,0.013889194,4.000000000,0.000000000,6.000000000,straight_acceleration,0.591915392,0.600334986
2.916206185,3.022035832,0.172243798,-0.014364173,0.016871584,4.000000000,0.000000000,6.000000000,straight_acceleration,0.590097037,0.601739789
2.985639666,3.091462814,0.171289538,-0.013089181,0.019853942,4.000000000,0.000000000,6.000000000,straight_acceleration,0.589516057,0.602861132
3.055073147,3.160891142,0.170431262,-0.011585442,0.023966881,4.000000000,0.000000000,6.000000000,straight_acceleration,0.591016892,0.603476406
3.124506627,3.230320854,0.169688671,-0.009746699,0.028997154,4.000000000,0.000000000,6.000000000,straight_acceleration,0.584597930,0.603599004
3.193940108,3.299751885,0.169085870,-0.007558680,0.034027585,4.000000000,0.000000000,6.000000000,straight_acceleration,0.577654582,0.603448295
3.263373589,3.369184168,0.168647112,-0.005021380,0.039057918,4.000000000,0.000000000,6.000000000,straight_acceleration,0.570711234,0.603250562
3.332807069,3.438617605,0.168396567,-0.002140826,0.043800240,4.000000000,0.000000000,6.000000000,straight_acceleration,0.563767886,0.603217192
3.402240550,3.508051638,0.168357161,0.001058473,0.048353511,4.000000000,0.000000000,6.000000000,straight_acceleration,0.556824538,0.603338722
3.471674030,3.577485362,0.168550872,0.004573954,0.052907635,4.000000000,0.000000000,6.000000000,straight_acceleration,0.549881190,0.603436723
3.541107511,3.646917861,0.168999652,0.008405659,0.057462101,4.000000000,0.000000000,6.000000000,straight_acceleration,0.542937842,0.603328477
3.610540992,3.716348194,0.169724572,0.012495230,0.059439781,4.000000000,0.000000000,6.000000000,straight_acceleration,0.536534959,0.602840550
3.679974472,3.785775134,0.170735904,0.016643462,0.060046956,4.000000000,0.000000000,6.000000000,straight_acceleration,0.536124096,0.601913141
3.749407953,3.855197253,0.172036691,0.020833911,0.060655773,4.000000000,0.000000000,6.000000000,straight_acceleration,0.539328030,0.600562573
3.818841433,3.924613125,0.173629840,0.025066678,0.061266146,4.000000000,0.000000000,6.000000000,straight_acceleration,0.543726108,0.598806570
3.888274914,3.994021408,0.175516411,0.029228078,0.057214263,4.000000000,0.000000000,6.000000000,straight_acceleration,0.547096860,0.596668300
3.957708395,4.063421649,0.177678558,0.032991552,0.051190210,4.000000000,0.000000000,6.000000000,straight_acceleration,0.549255153,0.594226588
4.027141875,4.132813917,0.180087368,0.036336779,0.045166862,4.000000000,0.000000000,6.000000000,straight_acceleration,0.551208190,0.591592847
4.096575356,4.202198286,0.182713789,0.039263820,0.039144709,4.000000000,0.000000000,6.000000000,straight_acceleration,0.553978235,0.588878902
4.166008836,4.271574960,0.185527715,0.041712113,0.030804085,4.000000000,0.000000000,6.000000000,straight_acceleration,0.558361437,0.586190175
4.235442317,4.340945243,0.188489974,0.043534962,0.021702174,4.000000000,0.000000000,6.000000000,straight_acceleration,0.563205498,0.583576908
4.304875798,4.410311004,0.191556762,0.044725827,0.012600150,4.000000000,0.000000000,6.000000000,straight_acceleration,0.565394229,0.581061166
4.374309278,4.479674117,0.194684237,0.045284709,0.003498187,4.000000000,0.000000000,6.000000000,straight_acceleration,0.558450881,0.578664788
4.443742759,4.549036396,0.197830036,0.045291090,-0.002753466,4.000000000,0.000000000,6.000000000,straight_acceleration,0.551507533,0.576390525
4.513176239,4.618399222,0.200962593,0.044907115,-0.008306764,4.000000000,0.000000000,6.000000000,straight_acceleration,0.544564185,0.574101497
4.582609720,4.687763784,0.204055140,0.044137554,-0.013860080,4.000000000,0.000000000,6.000000000,straight_acceleration,0.537620837,0.571598800
4.652043201,4.757131271,0.207080933,0.042982409,-0.019413354,4.000000000,0.000000000,6.000000000,straight_acceleration,0.530677489,0.568683249
4.721476681,4.826502736,0.210015763,0.041570449,-0.020620292,4.000000000,0.000000000,6.000000000,straight_acceleration,0.527886745,0.565206130
4.790910162,4.895878398,0.212851284,0.040122727,-0.021080655,4.000000000,0.000000000,6.000000000,straight_acceleration,0.529715133,0.561333845
4.860343642,4.965258151,0.215585258,0.038643035,-0.021541119,4.000000000,0.000000000,6.000000000,straight_acceleration,0.534215161,0.557354188
4.929777123,5.034641889,0.218215457,0.037131370,-0.022001678,4.000000000,0.000000000,6.000000000,straight_acceleration,0.539436626,0.553555210
4.999210604,5.104029457,0.220741391,0.035670691,-0.019817465,4.000000000,0.000000000,6.000000000,straight_acceleration,0.543693954,0.550192084
5.068644084,5.173420434,0.223171848,0.034380322,-0.017351028,4.000000000,0.000000000,6.000000000,straight_acceleration,0.546717328,0.547344109
5.138077565,5.242814312,0.225518706,0.033261204,-0.014884619,4.000000000,0.000000000,6.000000000,straight_acceleration,0.548708425,0.545032009
5.207511046,5.312210583,0.227793845,0.032313336,-0.012418258,4.000000000,0.000000000,6.000000000,straight_acceleration,0.549869242,0.543276467
5.276944526,5.381608804,0.230007567,0.031465235,-0.012110673,4.000000000,0.000000000,6.000000000,straight_acceleration,0.550467336,0.542041560
5.346378007,5.451008837,0.232162933,0.030631396,-0.011907693,4.000000000,0.000000000,6.000000000,straight_acceleration,0.551071565,0.541031196
5.415811487,5.520410632,0.234260918,0.029811650,-0.011704703,4.000000000,0.000000000,6.000000000,straight_acceleration,0.552337287,0.539874595
5.485244968,5.589814138,0.236302500,0.029005996,-0.011520062,4.000000000,0.000000000,6.000000000,straight_acceleration,0.549712064,0.538200969
5.554678449,5.659219393,0.238284898,0.028052577,-0.015942724,4.000000000,0.000000000,6.000000000,straight_acceleration,0.542768716,0.535784503
5.624111929,5.728626787,0.240190465,0.026792075,-0.020365439,4.000000000,0.000000000,6.000000000,straight_acceleration,0.535825368,0.532972406
5.693545410,5.798036796,0.241997884,0.025224488,-0.024788141,4.000000000,0.000000000,6.000000000,straight_acceleration,0.528882020,0.530253447
5.762978890,5.867449897,0.243685840,0.023349842,-0.029198240,4.000000000,0.000000000,6.000000000,straight_acceleration,0.521938672,0.528116369
5.832412371,5.936866450,0.245233228,0.021176931,-0.033391283,4.000000000,0.000000000,6.000000000,straight_acceleration,0.514995323,0.526835385
5.901845852,6.006286421,0.246619671,0.018712862,-0.037584824,4.000000000,0.000000000,6.000000000,straight_acceleration,0.508051975,0.525954938
5.971279332,6.075709692,0.247824945,0.015957610,-0.041778686,4.000000000,0.000000000,6.000000000,straight_acceleration,0.501108627,0.524864430
6.040712813,6.145136147,0.248828833,0.012913188,-0.045412880,4.000000000,0.000000000,6.000000000,straight_acceleration,0.494165279,0.522953750
6.110146293,6.214565513,0.249616898,0.009800560,-0.044244577,4.000000000,0.000000000,6.000000000,straight_acceleration,0.487221931,0.520186479
6.179579774,6.283997071,0.250191668,0.006769025,-0.043076935,4.000000000,0.000000000,6.000000000,straight_acceleration,0.480278583,0.518209206
6.249013255,6.353430015,0.250558765,0.003818539,-0.041910034,4.000000000,0.000000000,6.000000000,straight_acceleration,0.473335235,0.518975556
6.318446735,6.422863544,0.250723835,0.000955402,-0.039561407,4.000000000,0.000000000,6.000000000,straight_acceleration,0.470032802,0.524436215
6.387880216,6.492297043,0.250701893,-0.001485424,-0.030745365,4.000000000,0.000000000,6.000000000,straight_acceleration,0.476135828,0.531379564
6.457313696,6.561730382,0.250531727,-0.003314112,-0.021929109,4.000000000,0.000000000,6.000000000,straight_acceleration,0.483079176,0.538322912
6.526747177,6.631163502,0.250255840,-0.004530662,-0.013113005,4.000000000,0.000000000,6.000000000,straight_acceleration,0.490022524,0.545266260
6.596180658,6.700596347,0.249916774,-0.005126967,-0.003155354,4.000000000,0.000000000,6.000000000,straight_acceleration,0.496965872,0.552209608
6.665614138,6.770028985,0.249564749,-0.004846436,0.011235946,4.000000000,0.000000000,6.000000000,straight_acceleration,0.503909220,0.559152956
6.735047619,6.839461757,0.249266893,-0.003566665,0.025627289,4.000000000,0.000000000,6.000000000,straight_acceleration,0.510852568,0.561913399
6.804481099,6.908895040,0.249092585,-0.001287665,0.040018026,4.000000000,0.000000000,6.000000000,straight_acceleration,0.517795916,0.554970051
6.873914580,6.978329205,0.249111206,0.001990623,0.054420424,4.000000000,0.000000000,6.000000000,straight_acceleration,0.524739264,0.548026703
6.943348061,7.047763619,0.249392217,0.006270776,0.068865527,4.000000000,-3.298375270,6.000000000,straight_acceleration,0.531682613,0.541083355
7.012781541,7.117195737,0.250005236,0.011554079,0.083315100,3.942329851,-4.000000000,6.000000000,straight_acceleration,0.538625961,0.534140007
7.082215022,7.186622795,0.251019901,0.017840728,0.097765828,3.871239699,-4.000000000,5.676252885,straight_acceleration,0.545569309,0.527196658
7.151648503,7.256042011,0.252505708,0.025111114,0.110365025,3.798819416,-4.000000000,5.342438643,straight_acceleration,0.552512657,0.523026400
7.221081983,7.325449159,0.254521860,0.033066206,0.118770001,3.724991425,-4.000000000,5.149936769,straight_acceleration,0.550970918,0.528387557
7.290515464,7.394837603,0.257110354,0.041605434,0.127188275,3.649670296,-4.000000000,4.976588581,straight_acceleration,0.544027570,0.535330906
7.359948944,7.464200476,0.260311551,0.050729522,0.135614626,3.572761597,-4.000000000,4.819500294,straight_acceleration,0.537084222,0.542274254
7.429382425,7.533530876,0.264165850,0.060443941,0.144451081,3.494160497,-4.000000000,4.669763413,straight_acceleration,0.535080624,0.549217602
7.498815906,7.602820062,0.268715676,0.070807443,0.154046693,3.413750098,-4.000000000,4.521984683,straight_acceleration,0.539674795,0.556160950
7.568249386,7.672056605,0.274006408,0.081838051,0.163663649,3.331399390,-4.000000000,4.387116440,straight_acceleration,0.546618143,0.563104298
7.637682867,7.741228861,0.280083661,0.093536944,0.173291002,3.246960740,-4.000000000,4.263509853,straight_acceleration,0.553406799,0.570047646
7.707116347,7.810325043,0.286993446,0.105948389,0.186015652,3.160266793,-4.000000000,4.115101314,straight_acceleration,0.554524938,0.576990994
7.776549828,7.879327890,0.294796678,0.119466427,0.203321817,3.071126562,-4.000000000,3.936074282,straight_acceleration,0.550178605,0.583934342
7.845983309,7.948213151,0.303573322,0.134188145,0.220680159,2.979320478,-4.000000000,3.778101603,straight_acceleration,0.544720147,0.590877690
7.915416789,8.016956115,0.313404588,0.150116185,0.238054882,2.884594022,-4.000000000,3.637614985,straight_acceleration,0.542806149,0.597821038
7.984850270,8.085531390,0.324373522,0.167433528,0.266905584,2.786649390,-4.000000000,3.435393165,straight_acceleration,0.548950228,0.604764386
8.054283750,8.153894126,0.336615480,0.187451314,0.309579886,2.685134444,-4.000000000,3.189840069,straight_acceleration,0.555893576,0.611707734
8.123717231,8.221977702,0.350324356,0.210437401,0.352350012,2.579627712,-4.000000000,2.989978957,straight_acceleration,0.562836924,0.618651082
8.193150712,8.289714349,0.365697134,0.236393872,0.394959841,2.469617640,-4.000000000,2.824091782,straight_acceleration,0.569780272,0.625594430
8.262584192,8.357031832,0.382937225,0.265933431,0.472617761,2.354473072,-4.000000000,2.581667205,straight_acceleration,0.576723620,0.632537778
8.332017673,8.423759226,0.402390145,0.302712246,0.585902907,2.233400008,-4.000000000,2.318688727,straight_acceleration,0.583666968,0.639481126
8.401451153,8.489629041,0.424540451,0.347400295,0.700063086,2.105375918,-4.000000000,2.121224760,straight_acceleration,0.590610316,0.646424474
8.470884634,8.554369751,0.449878507,0.400005402,0.812454560,1.969045431,-3.438602620,1.969045431,straight_acceleration,0.597553664,0.653367823
8.540318115,8.617696419,0.478889768,0.460487807,0.926570983,1.843808995,-2.996212504,1.843808995,standard,0.604497013,0.660311171
8.609751595,8.679091239,0.511974431,0.529552154,1.055786878,1.727297510,-2.515387042,1.727297510,standard,0.611440361,0.667254519
8.679185076,8.737839149,0.549460473,0.607980020,1.195785127,1.623038056,-2.028214585,1.623038056,standard,0.618383709,0.674197867
8.748618556,8.793218850,0.591673590,0.696273669,1.338943841,1.533818939,-0.481514848,1.533818939,standard,0.625327057,0.681141215
8.818052037,8.844517227,0.638902664,0.792296852,1.378113094,1.511864423,0.014956298,1.511864423,standard,0.632270405,0.688084563
8.887485518,8.891130360,0.690945292,0.888443559,1.376862005,1.512551146,-0.243364081,1.512551146,standard,0.639213753,0.695027911
8.956918998,8.932532092,0.747249202,0.985303030,1.397505769,1.501337983,-0.465072591,1.501337983,standard,0.646157101,0.692579167
9.026352479,8.968197933,0.807254615,1.084220502,1.438728971,1.479673113,0.955603632,1.479673113,standard,0.653100449,0.685635819
9.095785959,8.997660636,0.870395167,1.183052909,1.356510694,1.523855076,1.916575527,1.523855076,standard,0.660043797,0.678692471
9.165219440,9.021036001,0.936037405,1.272714928,1.217022874,1.608814257,2.226258193,1.608814257,standard,0.666987145,0.671749123
9.234652921,9.038780244,1.003508706,1.353033734,1.087167718,1.702185955,2.400000000,1.702185955,standard,0.673930493,0.664805775
9.304086401,9.051353846,1.072135959,1.424819092,0.973068955,1.797419742,2.400000000,1.799216679,standard,0.678258717,0.657862427
9.373519882,9.059237371,1.141288263,1.488146805,0.838343281,1.887855513,2.400000000,1.938404159,standard,0.671315369,0.650919079
9.442953363,9.063074297,1.210677159,1.541230924,0.688634154,1.974152767,2.400000000,2.138754802,standard,0.664372021,0.643975731
9.512386843,9.063587198,1.280180446,1.583857691,0.538035202,2.056832480,2.400000000,2.419635408,standard,0.657428673,0.637032383
9.581820324,9.061499172,1.349677027,1.616083235,0.389293128,2.136314715,2.400000000,2.844571852,standard,0.650485325,0.630089035
9.651253804,9.057474221,1.419056356,1.641070656,0.348198414,2.212944026,2.400000000,3.000000000,standard,0.643541977,0.623145687
9.720687285,9.051774918,1.488279594,1.664594886,0.329109920,2.287007209,2.400000000,3.000000000,standard,0.636598629,0.616202339
9.790120766,9.044496858,1.557337722,1.686779900,0.309817687,2.358745998,2.400000000,3.000000000,standard,0.629655280,0.609258990
9.859554246,9.035735093,1.626221822,1.707621301,0.290445980,2.428366403,2.400000000,3.000000000,standard,0.622711932,0.603152216
9.928987727,9.025575369,1.694920600,1.727590117,0.286539666,2.496045692,2.400000000,3.000000000,standard,0.615768584,0.608693361
9.998421207,9.014049618,1.763409033,1.747434814,0.284950892,2.561937704,2.400000000,3.000000000,standard,0.608825236,0.615636709
10.067854688,9.001170472,1.831657171,1.767175936,0.283547680,2.626176976,2.400000000,3.000000000,standard,0.601881888,0.622580058
10.137288169,8.986950534,1.899635059,1.786825181,0.282334151,2.688881964,2.400000000,3.000000000,standard,0.594938540,0.629523406
10.206721649,8.971418300,1.967318790,1.805610558,0.256966118,2.750157617,2.400000000,3.000000000,standard,0.587995192,0.636466754
10.276155130,8.954680873,2.034714374,1.822509790,0.229742768,2.810097441,2.400000000,3.000000000,standard,0.581051844,0.643410102
10.345588610,8.936869618,2.101837056,1.837521009,0.202584636,2.868785167,2.400000000,3.000000000,standard,0.574108496,0.650353450
10.415022091,8.918115904,2.168702083,1.850649732,0.175535661,2.926296130,2.400000000,3.000000000,standard,0.567165148,0.657296798
10.484455572,8.898548701,2.235327288,1.861971417,0.150580833,2.982698401,0.745391487,3.000000000,standard,0.560221800,0.664240146
10.553889052,8.878286817,2.301741433,1.871561190,0.125634484,3.000000000,0.000000000,3.000000000,standard,0.553278452,0.671183494
10.623322533,8.857446383,2.367976165,1.879418635,0.100688336,3.000000000,0.000000000,3.000000000,standard,0.546335104,0.678126842
10.692756013,8.836143526,2.434063132,1.885543906,0.075444947,3.000000000,0.000000000,3.000000000,standard,0.539391756,0.685070190
10.762189494,8.814501243,2.500037657,1.889618959,0.041932851,3.000000000,0.000000000,3.000000000,standard,0.532448408,0.692013538
10.831622975,8.792667172,2.565948270,1.891366878,0.008415312,3.000000000,0.000000000,3.000000000,standard,0.525505060,0.698956886
10.901056455,8.770794479,2.631846457,1.890787566,-0.025101787,3.000000000,0.000000000,3.000000000,standard,0.518561712,0.697219126
10.970489936,8.749036330,2.697783707,1.887880838,-0.058703964,3.000000000,0.000000000,3.000000000,standard,0.511618363,0.697047557
11.039923416,8.727547280,2.763810574,1.882606833,-0.093208162,3.000000000,0.000000000,3.000000000,standard,0.504675015,0.699628591
11.109356897,8.706486124,2.829974761,1.874936655,-0.127721953,3.000000000,0.000000000,3.000000000,standard,0.497731667,0.704290040
11.178790378,8.686012465,2.896323428,1.864870139,-0.162223281,3.000000000,0.000000000,3.000000000,standard,0.490788319,0.710098049
11.248223858,8.666285910,2.962903724,1.852409282,-0.196574704,3.000000000,0.000000000,3.000000000,standard,0.483844971,0.716119659
11.317657339,8.647467416,3.029755567,1.837580862,-0.230476565,3.000000000,0.000000000,3.000000000,standard,0.476901623,0.721901210
11.387090820,8.629721517,3.096899760,1.820391799,-0.264549789,3.000000000,0.000000000,3.000000000,standard,0.469958275,0.728256930
11.456524300,8.613213333,3.164353981,1.800833545,-0.298723032,3.000000000,0.000000000,3.000000000,standard,0.463014927,0.735200278
11.525957781,8.598107847,3.232135852,1.778935971,-0.327584556,3.000000000,0.000000000,3.000000000,standard,0.456071579,0.742143627
11.595391261,8.584534468,3.300248667,1.755995681,-0.333051270,3.000000000,0.000000000,3.000000000,standard,0.449128231,0.749086975
11.664824742,8.572539422,3.368662208,1.732665371,-0.338762186,3.000000000,0.000000000,3.000000000,standard,0.442184883,0.756030323
11.734258223,8.562157066,3.437341480,1.708929802,-0.344690952,3.000000000,-0.223071541,3.000000000,standard,0.435241535,0.762973671
11.803691703,8.553421774,3.506251472,1.684771901,-0.351208832,2.994832672,-1.463053270,2.994832672,standard,0.428298187,0.769917019
11.873125184,8.546370714,3.575355232,1.660094352,-0.359348943,2.960718320,-1.442644348,2.960718320,standard,0.421354839,0.776860367
11.942558664,8.541046850,3.644611774,1.634842496,-0.367753619,2.926690509,-1.412934268,2.926690509,standard,0.414411491,0.783803715
12.011992145,8.537493870,3.713979607,1.608999748,-0.376375228,2.892975535,-0.985682632,2.892975535,standard,0.407468143,0.790747063
12.081425626,8.535755285,3.783417199,1.582577631,-0.382633135,2.869220921,-0.064400617,2.869220921,standard,0.400524794,0.797690411
12.150859106,8.535860331,3.852879548,1.555985651,-0.383049252,2.867662040,-0.114119113,2.867662040,standard,0.393581446,0.804633759
12.220292587,8.537813576,3.922315650,1.529353070,-0.383788847,2.864897590,-0.162572370,2.864897590,standard,0.386638098,0.811577107
12.289726067,8.541617136,3.991673906,1.502658421,-0.384847408,2.860954783,0.802641489,2.860954783,standard,0.379694750,0.818520455
12.359159548,8.547272221,4.060902902,1.475975543,-0.379677141,2.880368493,2.293229676,2.880368493,standard,0.372751402,0.825463803
12.428593029,8.554748364,4.129957643,1.450091670,-0.365642321,2.935128020,2.400000000,2.935128020,standard,0.365808054,0.832407151
12.498026509,8.563975945,4.198801064,1.425174569,-0.351846766,2.991363769,0.372607001,2.992116471,standard,0.358864706,0.839350499
12.567459990,8.574882919,4.267396594,1.401205943,-0.338362903,3.000000000,0.000000000,3.000000000,standard,0.351921358,0.846293847
12.636893470,8.587393984,4.335709459,1.378410851,-0.313770661,3.000000000,0.000000000,3.000000000,standard,0.344978010,0.853237195
12.706326951,8.601388921,4.403729654,1.357716898,-0.282201223,3.000000000,0.000000000,3.000000000,standard,0.343976223,0.860180544
12.775760432,8.616714795,4.471465223,1.339212880,-0.250702913,3.000000000,0.000000000,3.000000000,standard,0.346435192,0.867123892
12.845193912,8.633217928,4.538924613,1.322890950,-0.219365821,3.000000000,0.000000000,3.000000000,standard,0.347065565,0.874067240
12.914627393,8.650752680,4.606116973,1.308371437,-0.200142951,3.000000000,0.000000000,3.000000000,standard,0.341456381,0.881010588
12.984060873,8.669218518,4.673055353,1.295089303,-0.182409886,3.000000000,0.000000000,3.000000000,standard,0.334513033,0.887953936
13.053494354,8.688530633,4.739754170,1.283038517,-0.164684600,3.000000000,0.000000000,3.000000000,standard,0.331014177,0.894897284
13.122927835,8.708604297,4.806227825,1.272202506,-0.149303647,3.000000000,0.000000000,3.000000000,standard,0.337551836,0.901840632
13.192361315,8.729370810,4.872487244,1.262020413,-0.143970021,3.000000000,0.000000000,3.000000000,standard,0.344495184,0.908783980
13.261794796,8.750798526,4.938535318,1.252208450,-0.138645707,3.000000000,0.000000000,3.000000000,standard,0.351438532,0.915727328
13.331228277,8.772861020,5.004373804,1.242765766,-0.133335464,3.000000000,0.000000000,3.000000000,standard,0.358381880,0.922670676
13.400661757,8.795531528,5.070004642,1.233725570,-0.125973164,3.000000000,0.000000000,3.000000000,standard,0.365325228,0.929614024
13.470095238,8.818774617,5.135434407,1.225312763,-0.116346431,3.000000000,0.000000000,3.000000000,standard,0.372268576,0.936557372
13.539528718,8.842545646,5.200674598,1.217568199,-0.106725323,3.000000000,0.000000000,3.000000000,standard,0.379211924,0.943500720
13.608962199,8.866799533,5.265736952,1.210491333,-0.097114754,3.000000000,0.000000000,3.000000000,standard,0.386155272,0.950444068
13.678395680,8.891491091,5.330633500,1.204093396,-0.087039772,3.000000000,0.000000000,3.000000000,standard,0.393098621,0.956799418
13.747829160,8.916574168,5.395379061,1.198405911,-0.076782947,3.000000000,0.000000000,3.000000000,standard,0.400041969,0.955420524
13.817262641,8.942002077,5.459989991,1.193430587,-0.066527159,3.000000000,0.000000000,3.000000000,standard,0.406985317,0.951348509
13.886696121,8.967728128,5.524482663,1.189167274,-0.056274528,3.000000000,0.000000000,3.000000000,standard,0.413928665,0.945871868
13.956129602,8.993704388,5.588874272,1.185684857,-0.043840796,3.000000000,0.000000000,3.000000000,standard,0.420872013,0.940256219
14.025563083,9.019876451,5.653186301,1.183079903,-0.031193583,3.000000000,0.000000000,3.000000000,standard,0.427815361,0.935647678
14.094996563,9.046187799,5.717441629,1.181353092,-0.018546329,3.000000000,0.000000000,3.000000000,standard,0.434758709,0.928750010
14.164430044,9.072581917,5.781663136,1.180504469,-0.005847796,3.000000000,0.000000000,3.000000000,standard,0.441702057,0.921806662
14.233863524,9.099000936,5.845874311,1.180595986,0.008483908,3.000000000,0.000000000,3.000000000,standard,0.448645405,0.914863314
14.303297005,9.125382059,5.910100874,1.181682609,0.022815789,3.000000000,0.000000000,3.000000000,standard,0.455588753,0.907919966
14.372730486,9.151661363,5.974369052,1.183764342,0.037147519,3.000000000,0.000000000,3.000000000,standard,0.462532101,0.900976618
14.442163966,9.177774927,6.038705073,1.186840602,0.051288503,3.000000000,0.000000000,3.000000000,standard,0.469475449,0.894033270
14.511597447,9.203660778,6.103133805,1.190820463,0.063348535,3.000000000,0.000000000,3.000000000,standard,0.476418797,0.887089922
14.581030927,9.229263026,6.167675882,1.195637827,0.075411573,3.000000000,0.000000000,3.000000000,standard,0.483362145,0.880146574
14.650464408,9.254526965,6.232351115,1.201292827,0.087475281,3.000000000,0.000000000,3.000000000,standard,0.490305493,0.873203226
14.719897889,9.279397885,6.297179312,1.207785530,0.099569291,3.000000000,0.000000000,3.000000000,standard,0.497248841,0.866259878
14.789331369,9.303820293,6.362179436,1.215133108,0.112066629,3.000000000,0.000000000,3.000000000,standard,0.504192189,0.859316530
14.858764850,9.327736210,6.427367781,1.223349042,0.124579236,3.000000000,0.000000000,3.000000000,standard,0.511135538,0.852373181
14.928198330,9.351087169,6.492760114,1.232434110,0.137100510,3.000000000,0.000000000,3.000000000,standard,0.518078886,0.845429833
14.997631811,9.373814703,6.558372204,1.242388475,0.149455605,3.000000000,0.000000000,3.000000000,standard,0.525022234,0.838486485
15.067065292,9.395863705,6.624217436,1.253048565,0.157584137,3.000000000,0.000000000,3.000000000,standard,0.531965582,0.831543137
15.136498772,9.417191091,6.690300676,1.264274360,0.165744519,3.000000000,0.000000000,3.000000000,standard,0.538908930,0.824599789
15.205932253,9.437756467,6.756624886,1.276067669,0.173928366,3.000000000,0.000000000,3.000000000,standard,0.545852278,0.817656441
15.275365734,9.457519438,6.823193029,1.288429852,0.182124863,3.000000000,0.000000000,3.000000000,standard,0.552795626,0.810713093
15.344799214,9.476443701,6.890006110,1.301164280,0.184515710,3.000000000,0.000000000,3.000000000,standard,0.559738974,0.803769745
15.414232695,9.494510487,6.957056776,1.314057204,0.186818264,3.000000000,0.000000000,3.000000000,standard,0.566682322,0.796826397
15.483666175,9.511705715,7.024335431,1.327111431,0.189164939,3.000000000,0.000000000,3.000000000,standard,0.573625670,0.789883049
15.553099656,9.528015308,7.091832480,1.340329727,0.191552441,3.000000000,0.000000000,3.000000000,standard,0.580569018,0.782939701
15.622533137,9.543433193,7.159537034,1.353332063,0.181916372,3.000000000,0.000000000,3.000000000,standard,0.587512366,0.775996353
15.691966617,9.557994751,7.227431504,1.365590537,0.171158338,3.000000000,0.000000000,3.000000000,standard,0.594455714,0.769053005
15.761400098,9.571748734,7.295496135,1.377102957,0.160421701,3.000000000,0.000000000,3.000000000,standard,0.601399062,0.762109657
15.830833578,9.584743901,7.363711174,1.387871139,0.149718587,3.000000000,0.000000000,3.000000000,standard,0.608342410,0.755166309
15.900267059,9.597019007,7.432058890,1.398416156,0.156639231,3.000000000,0.000000000,3.000000000,standard,0.615285758,0.748222961
15.969700540,9.608549614,7.500534330,1.409642146,0.166693377,3.000000000,0.000000000,3.000000000,standard,0.622229107,0.741279612
16.039134020,9.619286678,7.569137516,1.421566498,0.176756454,3.000000000,0.000000000,3.000000000,standard,0.629172455,0.738236753
16.108567501,9.629181098,7.637868479,1.434189703,0.186812542,3.000000000,0.000000000,3.000000000,standard,0.636115803,0.741933988
16.178000981,9.638180795,7.706726650,1.447673244,0.202915438,3.000000000,0.000000000,3.000000000,standard,0.643059151,0.748877336
16.247434462,9.646209403,7.775706553,1.462389315,0.220910584,3.000000000,0.000000000,3.000000000,standard,0.637660409,0.755820685
16.316867943,9.653178721,7.844800317,1.478357323,0.238971556,3.000000000,0.000000000,3.000000000,standard,0.630717061,0.762764033
16.386301423,9.659000471,7.914000059,1.495580634,0.257054427,3.000000000,0.000000000,3.000000000,standard,0.623773713,0.769707381
16.455734904,9.663587731,7.983296973,1.513968913,0.271183584,3.000000000,0.000000000,3.000000000,standard,0.616830365,0.776650729
16.525168384,9.666869387,8.052671548,1.533229716,0.283483956,3.000000000,0.000000000,3.000000000,standard,0.609887017,0.783594077
16.594601865,9.668784532,8.122097357,1.553349957,0.295924201,3.000000000,0.000000000,3.000000000,standard,0.602943669,0.790537425
16.664035346,9.669272430,8.191547861,1.574337825,0.308459080,3.000000000,0.000000000,3.000000000,standard,0.596000320,0.797480773
16.733468826,9.668272535,8.260996116,1.596184868,0.320306235,3.000000000,0.000000000,3.000000000,standard,0.589056972,0.804424121
16.802902307,9.665727830,8.330407855,1.618829532,0.331753353,3.000000000,0.000000000,3.000000000,standard,0.582113624,0.811367469
16.872335787,9.661584376,8.399742404,1.642276622,0.343402285,3.000000000,-0.947800878,3.000000000,standard,0.575170276,0.818310817
16.941769268,9.655788340,8.468958873,1.666538397,0.355194452,2.977982836,-2.357632136,2.977982836,standard,0.568226928,0.825254165
17.011202749,9.648285644,8.538016028,1.691651234,0.368809940,2.922496289,-2.565208398,2.922496289,standard,0.561283580,0.832197513
17.080636229,9.639015097,8.606862516,1.717827711,0.384861533,2.860902282,-2.407623647,2.860902282,standard,0.554340232,0.839140861
17.150069710,9.627907432,8.675435499,1.745131287,0.401252290,2.801860540,-2.248349266,2.801860540,standard,0.547396884,0.846084209
17.219503190,9.614892943,8.743671515,1.773581939,0.417871582,2.745578456,-1.401564742,2.745578456,standard,0.540453536,0.853027557
17.288936671,9.599902654,8.811507007,1.803117561,0.428946683,2.709902216,-0.323719796,2.709902216,standard,0.536418138,0.859970905
17.358370152,9.582897963,8.878874448,1.833010190,0.431588672,2.701595091,-0.394782406,2.701595091,standard,0.539495198,0.866914254
17.427803632,9.563880962,8.945700986,1.863107905,0.434855006,2.691429695,-0.459971852,2.691429695,standard,0.546438546,0.873857602
17.497237113,9.542856593,9.011913400,1.893449487,0.438723618,2.679537070,1.978072141,2.679537070,standard,0.553381894,0.880800950
17.566670594,9.519831697,9.077439507,1.923815389,0.422557443,2.730312762,2.400000000,2.730312762,standard,0.560325242,0.887744298
17.636104074,9.494907983,9.142259131,1.951327571,0.369725409,2.790678857,2.400000000,2.918875881,standard,0.567268590,0.894687646
17.705537555,9.468324130,9.206427179,1.975174095,0.316958356,2.849766515,2.400000000,3.000000000,standard,0.574211938,0.901630994
17.774971035,9.440329500,9.270004413,1.995369382,0.264530614,2.907653675,2.400000000,3.000000000,standard,0.581155286,0.908574342
17.844404516,9.411172688,9.333051548,2.012030069,0.220814891,2.964410667,1.528580974,3.000000000,standard,0.588098634,0.915517690
17.913837997,9.381054037,9.395626335,2.026443831,0.194269356,3.000000000,0.000000000,3.000000000,standard,0.595041983,0.922461038
17.983271477,9.350097641,9.457781840,2.039009564,0.167649071,3.000000000,0.000000000,3.000000000,standard,0.601985331,0.929404386
18.052704958,9.318420866,9.519570714,2.049725615,0.141012265,3.000000000,0.000000000,3.000000000,standard,0.608928679,0.936347734
18.122138438,9.286140823,9.581045500,2.058637426,0.119259732,3.000000000,0.000000000,3.000000000,standard,0.615872027,0.943291082
18.191571919,9.253348225,9.642247202,2.066628741,0.110924501,3.000000000,0.000000000,3.000000000,standard,0.622815375,0.942611560
18.261005400,9.220084757,9.703195400,2.074041178,0.102583587,3.000000000,0.000000000,3.000000000,standard,0.629758723,0.935668212
18.330438880,9.186386771,9.763907342,2.080874690,0.094242791,3.000000000,0.000000000,3.000000000,standard,0.636702071,0.928724864
18.399872361,9.152290374,9.824400129,2.087187404,0.093791738,3.000000000,0.000000000,3.000000000,standard,0.632287084,0.921781515
18.469305841,9.117787245,9.884663540,2.094705254,0.122736804,3.000000000,0.000000000,3.000000000,standard,0.625343736,0.915102334
18.538739322,9.082773109,9.944628356,2.104234004,0.151717097,3.000000000,0.000000000,3.000000000,standard,0.618400388,0.914838975
18.608172803,9.047131186,10.004217666,2.115775231,0.180712938,3.000000000,-3.037653791,3.000000000,standard,0.611457040,0.917363319
18.677606283,9.010744628,10.063354474,2.129348118,0.212001736,2.928851354,-4.000000000,3.000000000,standard,0.604513692,0.919058085
18.747039764,8.973487055,10.121949725,2.145415158,0.250782329,2.832437538,-4.000000000,3.000000000,standard,0.597570344,0.917797958
18.816473244,8.935212925,10.179890120,2.164176960,0.289568366,2.732624117,-4.000000000,3.000000000,standard,0.590626996,0.914457798
18.885906725,8.895774402,10.237059454,2.185631665,0.328190311,2.629023909,-4.000000000,3.000000000,standard,0.583683648,0.910271928
18.955340206,8.855021854,10.293338502,2.210099578,0.389193304,2.521170139,-4.000000000,2.844936630,standard,0.576740299,0.906467990
19.024773686,8.812743890,10.348503945,2.240384583,0.482503393,2.408491442,-4.000000000,2.555083463,standard,0.569796951,0.904043440
19.094207167,8.768653164,10.402204467,2.277191692,0.577055100,2.290275787,-4.000000000,2.336396974,standard,0.562853603,0.903712681
19.163640647,8.722457670,10.454080884,2.320570219,0.671656779,2.165616619,-1.432504393,2.165616619,standard,0.555910255,0.906172722
19.233074128,8.673888031,10.503785302,2.368982239,0.701407833,2.119190366,-0.124515575,2.119190366,standard,0.548966907,0.912041284
19.302507609,8.622922516,10.551093326,2.417838742,0.704118828,2.115106784,-0.255327150,2.115106784,standard,0.542023559,0.918984633
19.371941089,8.569692114,10.595856723,2.466994308,0.709743964,2.106708381,-0.375538534,2.106708381,standard,0.535080211,0.925927981
19.441374570,8.514330060,10.637928380,2.516628187,0.718182742,2.094294704,2.045991213,2.094294704,standard,0.528136863,0.932871329
19.510808051,8.456978725,10.677187242,2.565435791,0.674490631,2.161062445,2.400000000,2.161062445,standard,0.521193515,0.939814677
19.580241531,8.397851646,10.713715262,2.610277080,0.615877437,2.236844115,2.400000000,2.261560082,standard,0.514250167,0.946758025
19.649675012,8.337195749,10.747689623,2.651087028,0.558298356,2.310141187,2.400000000,2.375319874,standard,0.507306819,0.947888021
19.719108492,8.275258150,10.779288056,2.687957781,0.502519869,2.381183111,2.400000000,2.503679065,standard,0.500363471,0.940944673
19.788541973,8.212279061,10.808685916,2.721336517,0.463059705,2.450166059,2.400000000,2.608175324,standard,0.493420123,0.934001325
19.857975454,8.148414891,10.836029686,2.752398583,0.431096101,2.517259308,2.400000000,2.703138071,standard,0.486476775,0.927057977
19.927408934,8.083766244,10.861446628,2.781232246,0.399044132,2.582610139,2.400000000,2.809602060,standard,0.479533427,0.920114629
19.996842415,8.018432713,10.885063653,2.807846828,0.367192069,2.646347641,2.400000000,2.928927560,standard,0.472590079,0.913171281
20.066275895,7.952512726,10.907004359,2.832605770,0.358036272,2.708585709,2.400000000,2.966140805,standard,0.465646731,0.906227933
20.135709376,7.886068993,10.927290730,2.858148747,0.377344967,2.769425437,1.921078289,2.889255816,standard,0.458703382,0.899284585
20.205142857,7.819122727,10.945826691,2.885039970,0.396900819,2.817177942,-2.697891767,2.817177942,standard,0.451760034,0.892341236
20.274576337,7.751692808,10.962509539,2.913293651,0.416565086,2.749880639,-2.313256854,2.749880639,standard,0.444816686,0.889980175
20.344009818,7.683798298,10.977236604,2.942905749,0.435046304,2.690837895,-1.860362063,2.690837895,standard,0.437873338,0.893526383
20.413443298,7.615474844,10.989908616,2.973691928,0.451142954,2.642397728,-1.817775647,2.642397728,standard,0.430929990,0.900469731
20.482876779,7.546787911,11.000432413,3.005626004,0.468064844,2.594192894,-1.757824846,2.594192894,standard,0.423986642,0.907413080
20.552310260,7.477806080,11.008715470,3.038755797,0.485681420,2.546710226,-0.699303503,2.546710226,standard,0.417043294,0.914356428
20.621743740,7.408597927,11.014665611,3.073047462,0.493064012,2.527572516,2.400000000,2.527572516,standard,0.410247312,0.921299776
20.691177221,7.339231713,11.018264155,3.106065276,0.457610915,2.592663405,2.400000000,2.623657192,standard,0.406137172,0.928243124
20.760610701,7.269774998,11.019656274,3.136631804,0.422410520,2.656159678,2.400000000,2.730787548,standard,0.404394228,0.935186472
20.830044182,7.200295244,11.019009289,-3.118409929,0.387761879,2.718173090,2.400000000,2.850182840,standard,0.404599884,0.936101042
20.899477663,7.130859878,11.016490436,-3.092629397,0.357276161,2.778802917,2.400000000,2.969294388,standard,0.406336473,0.937659936
20.968911143,7.061525265,11.012240798,-3.068283200,0.343665741,2.838137833,2.400000000,3.000000000,standard,0.409481077,0.942304369
21.038344624,6.992321005,11.006338173,-3.044885858,0.330062914,2.896257424,2.400000000,3.000000000,standard,0.414623860,0.948837724
21.107778104,6.923272728,10.998850979,-3.022431589,0.316546858,2.953233443,2.004884568,3.000000000,standard,0.421567208,0.955694471
21.177211585,6.854406065,10.989847627,-3.000907633,0.304159050,3.000000000,0.000000000,3.000000000,standard,0.428510556,0.961309468
21.246645066,6.785746547,10.979386504,-2.979926432,0.300039863,3.000000000,0.000000000,3.000000000,standard,0.435453904,0.964544645
21.316078546,6.717319411,10.967496845,-2.959227616,0.296025980,3.000000000,0.000000000,3.000000000,standard,0.442397252,0.965504636
21.385512027,6.649149840,10.954202606,-2.938803065,0.292133274,3.000000000,0.000000000,3.000000000,standard,0.449340600,0.964518854
21.454945508,6.581263018,10.939527747,-2.918643959,0.288376140,3.000000000,0.000000000,3.000000000,standard,0.456283948,0.961916717
21.524378988,6.513685215,10.923490907,-2.898499618,0.291914674,3.000000000,0.000000000,3.000000000,standard,0.463227296,0.958197855
21.593812469,6.446447439,10.906087527,-2.878090875,0.295789216,3.000000000,0.000000000,3.000000000,standard,0.470170645,0.954604409
21.663245949,6.379581990,10.887306725,-2.857409350,0.299772275,3.000000000,0.000000000,3.000000000,standard,0.477113993,0.952580927
21.732679430,6.313121168,10.867137615,-2.836447592,0.303847708,3.000000000,-1.948871594,3.000000000,standard,0.484057341,0.953571960
21.802112911,6.247100913,10.845561348,-2.814715234,0.325929344,2.954550071,-4.000000000,3.000000000,standard,0.491000689,0.958743155
21.871546391,6.181586045,10.822495858,-2.791126445,0.353319262,2.859003022,-4.000000000,2.985874977,standard,0.497944037,0.965686503
21.940979872,6.116655144,10.797828952,-2.765630881,0.380781530,2.760150437,-4.000000000,2.876188460,standard,0.504887385,0.972629852
22.010413352,6.052386879,10.771448255,-2.738225481,0.408113535,2.657623486,-4.000000000,2.778208129,standard,0.511830733,0.979573200
22.079846833,5.988863855,10.743238483,-2.708568535,0.454180298,2.550979174,-4.000000000,2.633547353,standard,0.518774081,0.986516548
22.149280314,5.926247702,10.713026041,-2.674769955,0.518314593,2.439677622,-4.000000000,2.465236327,standard,0.525717429,0.991774374
22.218713794,5.864773099,10.680583428,-2.636472325,0.583705277,2.323049517,-3.936328966,2.323049517,standard,0.532660777,0.992207236
22.288147275,5.804677470,10.645681118,-2.593616864,0.649493506,2.202256346,-2.754588453,2.202256346,standard,0.539604125,0.992828491
22.357580755,5.746198260,10.608090014,-2.546265941,0.705106271,2.113625248,-1.036741295,2.113625248,standard,0.546547473,0.995357778
22.427014236,5.689576734,10.567657143,-2.496407088,0.728586062,2.079288959,-1.111984326,2.079288959,standard,0.553490821,1.000493669
22.496447717,5.635062351,10.524392840,-2.444774436,0.755572402,2.041818966,-1.144414208,2.041818966,standard,0.560434169,1.003820381
22.565881197,5.582905627,10.478328555,-2.391164052,0.785515911,2.002524249,-1.136094054,2.002524249,standard,0.567377517,0.996877033
22.635314678,5.533357082,10.429495739,-2.335401528,0.817685380,1.962737231,0.654869789,1.962737231,standard,0.574320865,0.989933685
22.704748158,5.486645682,10.377946642,-2.278885222,0.798827936,1.985768671,0.986525979,1.985768671,standard,0.581264213,0.982990337
22.774181639,5.442860263,10.323868770,-2.224241940,0.772007152,2.019968584,0.946517237,2.019968584,standard,0.588207562,0.976046988
22.843615120,5.402033628,10.267503711,-2.171361856,0.747914200,2.052245856,0.868682346,2.052245856,standard,0.595150910,0.969103640
22.913048600,5.364198434,10.209093194,-2.120050955,0.727089022,2.081428435,1.458766920,2.081428435,standard,0.602094258,0.962160292
22.982482081,5.329384215,10.148878453,-2.070331105,0.694610002,2.129534893,2.400000000,2.129534893,standard,0.609037606,0.955216944
23.051915561,5.297530390,10.087086362,-2.023786102,0.644291022,2.206399684,2.400000000,2.211129797,standard,0.615980954,0.948273596
23.121349042,5.268474725,10.023927598,-1.980731740,0.594351036,2.280675398,2.400000000,2.302150782,standard,0.622924302,0.941330248
23.190782523,5.242049548,9.959611973,-1.941103844,0.545677484,2.352607273,2.400000000,2.402632015,standard,0.629867650,0.934386900
23.260216003,5.218087191,9.894349268,-1.904799798,0.500082866,2.422404113,2.400000000,2.509772114,standard,0.636810998,0.927443552
23.329649484,5.196423947,9.828323748,-1.871277181,0.464643792,2.490245449,2.400000000,2.603725566,standard,0.643754346,0.920500204
23.399082965,5.176907339,9.761647371,-1.840231995,0.429050174,2.556286976,2.400000000,2.709575367,standard,0.650697694,0.913556856
23.468516445,5.159386862,9.694419379,-1.811654280,0.393677193,2.620664764,2.400000000,2.828688660,standard,0.657641042,0.906613508
23.537949926,5.143712015,9.626739013,-1.785519519,0.358780097,2.683498559,2.400000000,2.963064503,standard,0.664584390,0.899670160
23.607383406,5.129736214,9.558700033,-1.761549089,0.332525906,2.744894392,2.400000000,3.000000000,standard,0.661989924,0.892726812
23.676816887,5.117336652,9.490362982,-1.739321362,0.307544808,2.804946689,2.400000000,3.000000000,standard,0.660622694,0.885783464
23.746250368,5.106399431,9.421775952,-1.718826461,0.282642369,2.863739974,2.400000000,3.000000000,standard,0.660208009,0.878840116
23.815683848,5.096810666,9.352987014,-1.700055537,0.257911943,2.921350260,2.400000000,3.000000000,standard,0.659055263,0.871896768
23.885117329,5.088458608,9.284042749,-1.682854096,0.239272746,2.977846210,0.953660605,3.000000000,standard,0.655631679,0.864953419
23.954550809,5.081253969,9.214974056,-1.666794878,0.223233902,3.000000000,0.000000000,3.000000000,standard,0.650067188,0.858010071
24.023984290,5.075120920,9.145802438,-1.651849194,0.207213119,3.000000000,0.000000000,3.000000000,standard,0.643488008,0.851066723
24.093417771,5.069983815,9.076549270,-1.638014327,0.191244580,3.000000000,0.000000000,3.000000000,standard,0.637033842,0.844123375
24.162851251,5.065768915,9.007235508,-1.625149382,0.181822755,3.000000000,0.000000000,3.000000000,standard,0.631787410,0.837180027
24.232284732,5.062430098,8.937876062,-1.612705354,0.176588671,3.000000000,0.000000000,3.000000000,standard,0.628006366,0.830236679
24.301718212,5.059942038,8.868481285,-1.600624429,0.171368228,3.000000000,0.000000000,3.000000000,standard,0.625327048,0.823293331
24.371151693,5.058279918,8.799061419,-1.588905258,0.166168821,3.000000000,0.000000000,3.000000000,standard,0.623370584,0.816349983
24.440585174,5.057420280,8.729626684,-1.577446851,0.165835486,3.000000000,0.000000000,3.000000000,standard,0.621794789,0.809406635
24.510018654,5.057360729,8.660186948,-1.565825807,0.168875411,3.000000000,0.000000000,3.000000000,standard,0.620826026,0.802463287
24.579452135,5.058115465,8.590751799,-1.553992937,0.171938255,3.000000000,0.000000000,3.000000000,standard,0.621138627,0.795519939
24.648885615,5.059699139,8.521330818,-1.541946736,0.175020040,3.000000000,0.000000000,3.000000000,standard,0.623419056,0.788576591
24.718319096,5.062126946,8.451933712,-1.529647422,0.179914802,3.000000000,0.000000000,3.000000000,standard,0.628227226,0.781633243
24.787752577,5.065421707,8.382571919,-1.516944475,0.185956214,3.000000000,0.000000000,3.000000000,standard,0.634351013,0.774689895
24.857186057,5.069611860,8.313258154,-1.503820969,0.192024218,3.000000000,0.000000000,3.000000000,standard,0.639273781,0.767746547
24.926619538,5.074725974,8.244005161,-1.490275209,0.198108636,3.000000000,0.000000000,3.000000000,standard,0.640448605,0.760803199
24.996053018,5.080793388,8.174826166,-1.476252716,0.206535170,3.000000000,0.000000000,3.000000000,standard,0.634385100,0.753859851
25.065486499,5.087852644,8.105740154,-1.461573024,0.216242498,3.000000000,0.000000000,3.000000000,standard,0.627441752,0.746916502
25.134919980,5.095948334,8.036769895,-1.446216851,0.226026650,3.000000000,0.000000000,3.000000000,standard,0.621018081,0.739973154
25.204353460,5.105125156,7.967938222,-1.430179792,0.235868273,3.000000000,0.000000000,3.000000000,standard,0.621865643,0.733029806
25.273786941,5.115420498,7.899266726,-1.413918643,0.226700550,3.000000000,0.000000000,3.000000000,standard,0.628808991,0.726086458
25.343220421,5.126795245,7.830763973,-1.398782669,0.209241243,3.000000000,0.000000000,3.000000000,standard,0.635752339,0.719143110
25.412653902,5.139164681,7.762430761,-1.384856793,0.191836579,3.000000000,0.000000000,3.000000000,standard,0.642695687,0.712199762
25.482087383,5.152443479,7.694267787,-1.372136810,0.174511599,3.000000000,0.000000000,3.000000000,standard,0.649639035,0.705256414
25.551520863,5.166545754,7.626274737,-1.360664064,0.155363202,3.000000000,0.000000000,3.000000000,standard,0.656582383,0.698313066
25.620954344,5.181379945,7.558441013,-1.350569027,0.135402444,3.000000000,0.000000000,3.000000000,standard,0.663525731,0.691369718
25.690387825,5.196851177,7.490750021,-1.341860247,0.115439472,3.000000000,0.000000000,3.000000000,standard,0.670469080,0.684426370
25.759821305,5.212864535,7.423185090,-1.334537242,0.095489067,3.000000000,0.000000000,3.000000000,standard,0.677412428,0.677483022
25.829254786,5.229325969,7.355729426,-1.328547286,0.077758218,3.000000000,0.000000000,3.000000000,standard,0.684355776,0.670539674
25.898688266,5.246151151,7.288364828,-1.323727293,0.061077753,3.000000000,0.000000000,3.000000000,standard,0.691299124,0.663596326
25.968121747,5.263261858,7.221072213,-1.320065571,0.044395797,3.000000000,0.000000000,3.000000000,standard,0.698242472,0.656652978
26.037555228,5.280579965,7.153832483,-1.317562107,0.027714886,3.000000000,0.000000000,3.000000000,standard,0.705185820,0.649709630
26.106988708,5.298027768,7.086626589,-1.316187703,0.012383549,3.000000000,0.000000000,3.000000000,standard,0.712129168,0.642766282
26.176422189,5.315533336,7.019436145,-1.315831702,-0.002129172,3.000000000,0.000000000,3.000000000,standard,0.719072516,0.635822933
26.245855669,5.333028937,6.952243245,-1.316483375,-0.016641996,3.000000000,0.000000000,3.000000000,standard,0.726015864,0.628879585
26.315289150,5.350446931,6.885029995,-1.318142711,-0.031154221,3.000000000,0.000000000,3.000000000,standard,0.732959212,0.621936237
26.384722631,5.367719471,6.817778519,-1.320824761,-0.046442559,3.000000000,0.000000000,3.000000000,standard,0.739902560,0.614992889
26.454156111,5.384775057,6.750471292,-1.324601549,-0.062344871,3.000000000,0.000000000,3.000000000,standard,0.746845908,0.608049541
26.523589592,5.401539064,6.683091084,-1.329482575,-0.078249148,3.000000000,0.000000000,3.000000000,standard,0.753789256,0.601106193
26.593023072,5.417936763,6.615620677,-1.335467878,-0.094151214,3.000000000,0.000000000,3.000000000,standard,0.760732604,0.594162845
26.662456553,5.433893736,6.548043069,-1.342527861,-0.108396351,3.000000000,0.000000000,3.000000000,standard,0.767675952,0.587219497
26.731890034,5.449342219,6.480345982,-1.350495153,-0.121087520,3.000000000,0.000000000,3.000000000,standard,0.774619300,0.580276149
26.801323514,5.464220890,6.412521707,-1.359344251,-0.133794894,3.000000000,0.000000000,3.000000000,standard,0.781562648,0.573332801
26.870756995,5.478468693,6.344562722,-1.369075968,-0.146509960,3.000000000,0.000000000,3.000000000,standard,0.788505997,0.566389453
26.940190475,5.492025254,6.276461750,-1.379628713,-0.155667860,3.000000000,0.000000000,3.000000000,standard,0.795449345,0.559446105
27.009623956,5.504845835,6.208217083,-1.390633987,-0.161314126,3.000000000,0.000000000,3.000000000,standard,0.802392693,0.552502757
27.079057437,5.516901268,6.139832560,-1.402032283,-0.166984111,3.000000000,0.000000000,3.000000000,standard,0.809336041,0.545559409
27.148490917,5.528163057,6.071312260,-1.413825038,-0.172671132,3.000000000,0.000000000,3.000000000,standard,0.816279389,0.538616061
27.217924398,5.538602028,6.002660298,-1.426067988,-0.181353492,3.000000000,0.000000000,3.000000000,standard,0.823222737,0.531672713
27.287357878,5.548175229,5.933881524,-1.439057057,-0.192751284,3.000000000,0.000000000,3.000000000,standard,0.830166085,0.524729365
27.356791359,5.556826891,5.864981472,-1.452838974,-0.204188951,3.000000000,0.000000000,3.000000000,standard,0.837109433,0.517786016
27.426224840,5.564500755,5.795965703,-1.467415958,-0.215645924,3.000000000,0.000000000,3.000000000,standard,0.844052781,0.512127137
27.495658320,5.571140578,5.726840112,-1.482785954,-0.226946029,3.000000000,0.000000000,3.000000000,standard,0.850996129,0.512013845
27.565091801,5.576690329,5.657616235,-1.498937161,-0.238209365,3.000000000,0.000000000,3.000000000,standard,0.857939477,0.517342884
27.634525282,5.581094162,5.588310319,-1.515873567,-0.249556261,3.000000000,0.000000000,3.000000000,standard,0.864882825,0.524286233
27.703958762,5.584296233,5.518938757,-1.533600001,-0.260957359,3.000000000,0.000000000,3.000000000,standard,0.869747657,0.531229581
27.773392243,5.586240304,5.449518326,-1.552147725,-0.273732339,3.000000000,0.000000000,3.000000000,standard,0.862804309,0.538172929
27.842825723,5.586864223,5.380071592,-1.571636790,-0.287523894,3.000000000,0.000000000,3.000000000,standard,0.855860961,0.545116277
27.912259204,5.586101290,5.310625567,-1.592087786,-0.301418310,3.000000000,0.000000000,3.000000000,standard,0.848917613,0.552059625
27.981692685,5.583884690,5.241207380,-1.613506797,-0.315358350,3.000000000,0.000000000,3.000000000,standard,0.841974265,0.559002973
28.051126165,5.580146669,5.171845192,-1.635969698,-0.332841858,3.000000000,-0.564548887,3.000000000,standard,0.835030917,0.565946321
28.120559646,5.574805162,5.102582944,-1.659792635,-0.353075570,2.986905223,-3.538120051,2.986905223,standard,0.828087569,0.572889669
28.189993126,5.567766925,5.033476903,-1.685032162,-0.373653299,2.903493557,-3.202768033,2.903493557,standard,0.821144221,0.579833017
28.259426607,5.558938420,4.964583661,-1.711707398,-0.394464169,2.825865561,-1.033817838,2.825865561,standard,0.814200872,0.586776365
28.328860088,5.548229124,4.895959548,-1.739582536,-0.401685650,2.800348733,0.718065213,2.800348733,standard,0.807257524,0.593719713
28.398293568,5.535610789,4.827655457,-1.767307847,-0.396642088,2.818096620,0.697310469,2.818096620,standard,0.800314176,0.600663061
28.467727049,5.521113725,4.759717172,-1.794694961,-0.391864059,2.835225202,-1.593430503,2.835225202,standard,0.793370828,0.607606409
28.537160529,5.504770520,4.692190276,-1.821763663,-0.387383329,2.795930453,-4.000000000,2.851575096,standard,0.786427480,0.614549757
28.606594010,5.486611659,4.625121125,-1.848793670,-0.403225814,2.694765156,-4.000000000,2.794995502,standard,0.779484132,0.621493105
28.676027491,5.466570960,4.558591601,-1.878549325,-0.453333743,2.589650826,-4.000000000,2.636005147,standard,0.772540784,0.628436453
28.745460971,5.444447180,4.492733222,-1.911798580,-0.503795042,2.480085394,-4.000000000,2.500508484,standard,0.765597436,0.622825186
28.814894452,5.420029023,4.427681199,-1.948554387,-0.554000764,2.365450425,-4.000000000,2.384515200,standard,0.758654088,0.615881838
28.884327932,5.393105155,4.363570865,-1.988822774,-0.608892473,2.244969459,-4.000000000,2.274494936,standard,0.751710740,0.608938490
28.953761413,5.363440178,4.300605904,-2.034434938,-0.702431972,2.117644924,-3.949101613,2.117644924,standard,0.744767392,0.601995142
29.023194894,5.330734538,4.239172238,-2.086712602,-0.800300755,1.983940594,-3.153058670,1.983940594,standard,0.737824044,0.595051794
29.092628374,5.294678107,4.179685834,-2.145870146,-0.900472205,1.870338100,-2.488101435,1.870338100,standard,0.730880696,0.588108446
29.162061855,5.254960756,4.122562658,-2.211988282,-0.999159589,1.775570196,-0.760509214,1.775570196,standard,0.723937348,0.581165098
29.231495335,5.211335017,4.068226325,-2.282948054,-1.033790198,1.745577245,-0.827950433,1.745577245,standard,0.716994000,0.574221750
29.300928816,5.163871836,4.017139314,-2.356402779,-1.074328176,1.712327351,-0.951316353,1.712327351,standard,0.710050652,0.567278402
29.370362297,5.112743053,3.969776421,-2.433009625,-1.125016657,1.673307666,-0.997497563,1.673307666,standard,0.703107303,0.560335054
29.439795777,5.058120545,3.926612446,-2.513353962,-1.183570200,1.631391765,1.544166612,1.631391765,standard,0.696163955,0.553391706
29.509229258,5.000224468,3.888031451,-2.593074942,-1.095319647,1.695839856,2.049646318,1.695839856,standard,0.689220607,0.546448358
29.578662739,4.939521786,3.853953612,-2.665873932,-0.996677434,1.777779788,2.289187464,1.777779788,standard,0.682277259,0.539505009
29.648096219,4.876558126,3.824151250,-2.732089236,-0.905590474,1.865045168,2.400000000,1.865045168,standard,0.675333911,0.532561661
29.717529700,4.811878959,3.798396424,-2.792230422,-0.818469900,1.952350939,2.400000000,1.961796343,standard,0.668390563,0.525618313
29.786963180,4.745953323,3.776382540,-2.845020981,-0.699696652,2.035916229,2.400000000,2.121780135,standard,0.661447215,0.518674965
29.856396661,4.679057527,3.757604679,-2.889442466,-0.578811247,2.116184208,2.400000000,2.332849900,standard,0.654503867,0.511731617
29.925830142,4.611437979,3.741527148,-2.925490724,-0.458695432,2.193516881,2.400000000,2.620553735,standard,0.648767109,0.504788269
29.995263622,4.543337673,3.727625004,-2.954342440,-0.411223487,2.268214499,2.400000000,2.767682842,standard,0.648557520,0.497844921
30.064697103,4.474895284,3.715701853,-2.984379685,-0.453471850,2.340529368,2.400000000,2.635603711,standard,0.654189341,0.490901573
30.134130583,4.406128402,3.705942641,-3.017340839,-0.495533452,2.410675927,-3.070596907,2.521266701,standard,0.661132689,0.483958225
30.203564064,4.337047829,3.698553692,-3.053210129,-0.536801447,2.320550358,-4.000000000,2.422414393,standard,0.668076037,0.477014877
30.272997545,4.267671843,3.693754839,-3.092853450,-0.619583921,2.197609181,-4.000000000,2.254785366,standard,0.675019385,0.470071529
30.342431025,4.198122551,3.691953607,-3.139849212,-0.731925523,2.067369893,-4.000000000,2.074540086,standard,0.681962733,0.463128181
30.411864506,4.128598100,3.693694962,3.088430426,-0.847104285,1.928354331,-3.188880378,1.928354331,standard,0.688906081,0.456184833
30.481297986,4.059298376,3.699527021,3.025507651,-0.961620563,1.809895108,-1.487824735,1.809895108,standard,0.695849429,0.449241485
30.550731467,3.990436879,3.709980017,2.955693485,-1.026355974,1.751887725,-0.992373293,1.751887725,standard,0.702792777,0.442298137
30.620164948,3.922403028,3.725353000,2.882472883,-1.074607533,1.712104768,-1.090600359,1.712104768,standard,0.709736126,0.435354789
30.689598428,3.855708750,3.745784032,2.805507371,-1.133152881,1.667289531,-1.102219565,1.667289531,standard,0.716679474,0.428411441
30.759031909,3.790868458,3.771407906,2.724213288,-1.199181131,1.620738257,-0.370776388,1.620738257,standard,0.723622822,0.421468092
30.828465389,3.728394702,3.802353845,2.638796836,-1.223156611,1.604775345,0.621220083,1.604775345,standard,0.730566170,0.414524744
30.897898870,3.668725336,3.838527880,2.554858009,-1.183511607,1.631432148,0.493634013,1.631432148,standard,0.737509518,0.407581396
30.967332351,3.612199895,3.879542247,2.473282305,-1.153795306,1.652307571,0.316576453,1.652307571,standard,0.744452866,0.400638048
31.036765831,3.559151208,3.924989153,2.393372206,-1.135510644,1.665557660,0.104366456,1.665557660,standard,0.751396214,0.393694700
31.106199312,3.509912104,3.974460806,2.314373846,-1.129609058,1.669902803,1.327481043,1.669902803,standard,0.758339562,0.386751352
31.175632792,3.464763254,4.027543473,2.237726383,-1.059564823,1.724215366,1.798537124,1.724215366,standard,0.765282910,0.379808004
31.245066273,3.423670653,4.083787593,2.166773864,-0.977448551,1.795181332,2.037461652,1.795181332,standard,0.772226258,0.372864656
31.314499754,3.386482875,4.142730234,2.101418449,-0.898559192,1.872327996,2.225213946,1.872327996,standard,0.779169606,0.365921308
31.383933234,3.353048294,4.203908442,2.041342044,-0.825770148,1.953105430,2.326657731,1.953105430,standard,0.786112954,0.358977960
31.453366715,3.323214921,4.266860212,1.986115121,-0.761289431,2.034137830,2.400000000,2.034137830,standard,0.793056302,0.352034612
31.522800196,3.296797980,4.331209306,1.935286726,-0.699642739,2.114473320,2.400000000,2.121861883,standard,0.799999650,0.345091264
31.592233676,3.273554275,4.396732316,1.888816075,-0.637054405,2.191866356,2.400000000,2.223652993,standard,0.806942998,0.338147916
31.661667157,3.253234575,4.463221618,1.846683796,-0.575057757,2.266618370,2.400000000,2.340450949,standard,0.813886346,0.331204568
31.731100637,3.235589651,4.530469587,1.808812506,-0.514631666,2.338982586,2.400000000,2.474041749,standard,0.820829694,0.324261220
31.800534118,3.220386442,4.598284226,1.774193078,-0.484037766,2.409174183,2.400000000,2.551030512,standard,0.827773043,0.317317872
31.869967599,3.207475743,4.666554569,1.741531358,-0.456110137,2.477377838,2.400000000,2.627970071,standard,0.831404549,0.310374523
31.939401079,3.196735447,4.735195837,1.710804595,-0.428443818,2.543753459,2.400000000,2.711492056,standard,0.824461201,0.303431175
32.008834560,3.188043461,4.804123267,1.681985280,-0.401277679,2.608440601,2.400000000,2.801771900,standard,0.817517852,0.298889683
32.078268040,3.181277078,4.873254746,1.655059402,-0.373761199,2.671561916,2.400000000,2.903074425,standard,0.810574504,0.299607822
32.147701521,3.176307940,4.942532623,1.630065407,-0.345936386,2.733225893,2.400000000,3.000000000,standard,0.803631156,0.305008302
32.217135002,3.173004638,5.011912455,1.606999760,-0.318239910,2.793529039,2.400000000,3.000000000,standard,0.796687808,0.311951651
32.286568482,3.171235732,5.081349923,1.585849136,-0.290801013,2.852557658,2.400000000,3.000000000,standard,0.789744460,0.318894999
32.356001963,3.170872217,5.150802065,1.566437018,-0.270551308,2.910389304,2.400000000,3.000000000,standard,0.782801112,0.325838347
32.425435443,3.171813918,5.220241976,1.548227841,-0.253851010,2.967093966,1.413967666,3.000000000,standard,0.775857764,0.332781695
32.494868924,3.173979544,5.289653267,1.531178254,-0.237175177,3.000000000,0.000000000,3.000000000,standard,0.768914416,0.339725043
32.564302405,3.177288130,5.359019730,1.515284452,-0.220570728,3.000000000,0.000000000,3.000000000,standard,0.761971068,0.346668391
32.633735885,3.181660766,5.428325467,1.500407239,-0.209916098,3.000000000,0.000000000,3.000000000,standard,0.755027720,0.353611739
32.703169366,3.187043348,5.497558296,1.486092957,-0.202351307,3.000000000,0.000000000,3.000000000,standard,0.748084372,0.360555087
32.772602846,3.193398204,5.566708499,1.472303105,-0.194815607,3.000000000,0.000000000,3.000000000,standard,0.741141024,0.367498435
32.842036327,3.200687959,5.635766402,1.459035161,-0.187322054,3.000000000,0.000000000,3.000000000,standard,0.734197676,0.374441783
32.911469808,3.208875245,5.704722568,1.446287470,-0.179814051,3.000000000,0.000000000,3.000000000,standard,0.727254328,0.381385131
32.980903288,3.217922786,5.773570368,1.434062409,-0.172292359,3.000000000,0.000000000,3.000000000,standard,0.720310980,0.388328479
33.050336769,3.227793367,5.842305011,1.422358917,-0.164793667,3.000000000,0.000000000,3.000000000,standard,0.713367632,0.395271827
33.119770249,3.238449774,5.910921742,1.411175157,-0.157326757,3.000000000,0.000000000,3.000000000,standard,0.706424284,0.402215175
33.189203730,3.249853368,5.979416338,1.400609684,-0.145361998,3.000000000,0.000000000,3.000000000,standard,0.699480935,0.409158523
33.258637211,3.261947289,6.047791426,1.391019937,-0.130853595,3.000000000,0.000000000,3.000000000,standard,0.692537587,0.416101871
33.328070691,3.274662071,6.116054370,1.382437388,-0.116351650,3.000000000,0.000000000,3.000000000,standard,0.685594239,0.423045219
33.397504172,3.287927997,6.184212628,1.374861283,-0.101865254,3.000000000,0.000000000,3.000000000,standard,0.678650891,0.429988568
33.466937652,3.301675211,6.252273907,1.368303969,-0.086746903,3.000000000,0.000000000,3.000000000,standard,0.671707543,0.436931916
33.536371133,3.315831770,6.320249740,1.362821065,-0.071182800,3.000000000,0.000000000,3.000000000,standard,0.664764195,0.443875264
33.605804614,3.330324098,6.388154639,1.358418950,-0.055616865,3.000000000,0.000000000,3.000000000,standard,0.657820847,0.450818612
33.675238094,3.345078577,6.456003200,1.355097596,-0.040052416,3.000000000,0.000000000,3.000000000,standard,0.650877499,0.457761960
33.744671575,3.360020915,6.523810219,1.352912712,-0.021520414,3.000000000,0.000000000,3.000000000,standard,0.643934151,0.464705308
33.814105056,3.375064025,6.591594403,1.352149154,-0.000473425,3.000000000,0.000000000,3.000000000,standard,0.636990803,0.471648656
33.883538536,3.390109335,6.659377963,1.352846972,0.020573777,3.000000000,0.000000000,3.000000000,standard,0.630047455,0.478592004
33.952972017,3.405057865,6.727183237,1.355006147,0.041619794,3.000000000,0.000000000,3.000000000,standard,0.623104107,0.485535352
34.022405497,3.419810520,6.795032495,1.358635042,0.063155275,3.000000000,0.000000000,3.000000000,standard,0.616160759,0.492478700
34.091838978,3.434265547,6.862946504,1.363785433,0.085196496,3.000000000,0.000000000,3.000000000,standard,0.609217411,0.499422048
34.161272459,3.448318499,6.930944506,1.370466424,0.107242103,3.000000000,0.000000000,3.000000000,standard,0.602274063,0.506365396
34.230705939,3.461864810,6.999045677,1.378678074,0.129280930,3.000000000,0.000000000,3.000000000,standard,0.595330715,0.513308744
34.300139420,3.474800151,7.067268925,1.388393580,0.149677099,3.000000000,0.000000000,3.000000000,standard,0.588387366,0.520252092
34.369572900,3.487026658,7.135625869,1.399431713,0.168241346,3.000000000,0.000000000,3.000000000,standard,0.581444018,0.527195440
34.439006381,3.498453573,7.204120123,1.411760683,0.186855871,3.000000000,0.000000000,3.000000000,standard,0.574500670,0.534138788
34.508439862,3.508990498,7.272754887,1.425383019,0.205497859,3.000000000,0.000000000,3.000000000,standard,0.567557322,0.541082137
34.577873342,3.518548520,7.341533053,1.440155079,0.214882240,3.000000000,0.000000000,3.000000000,standard,0.560613974,0.548025485
34.647306823,3.527082243,7.410448391,1.455012267,0.213027533,3.000000000,0.000000000,3.000000000,standard,0.553670626,0.554968833
34.716740303,3.534595761,7.479484296,1.469743120,0.211232824,3.000000000,0.000000000,3.000000000,standard,0.546727278,0.561912181
34.786173784,3.541095856,7.548623602,1.484351644,0.209501301,3.000000000,0.000000000,3.000000000,standard,0.539783930,0.568855529
34.855607265,3.546589440,7.617849192,1.498829743,0.207072148,3.000000000,0.000000000,3.000000000,standard,0.533560201,0.575798877
34.925040745,3.551087155,7.687145348,1.513095442,0.203796057,3.000000000,0.000000000,3.000000000,standard,0.528297749,0.582742225
34.994474226,3.554603738,7.756497889,1.527134666,0.200552541,3.000000000,0.000000000,3.000000000,standard,0.524054123,0.589685573
35.063907706,3.557154136,7.825892715,1.540949960,0.197347507,3.000000000,0.000000000,3.000000000,standard,0.520887123,0.596628921
35.133341187,3.558753099,7.895315760,1.554561481,0.195180642,3.000000000,0.000000000,3.000000000,standard,0.518858066,0.603572269
35.202774668,3.559410791,7.964753759,1.568075190,0.194035258,3.000000000,0.000000000,3.000000000,standard,0.518108384,0.610515617
35.272208148,3.559132823,8.034194245,1.581510486,0.192922981,3.000000000,0.000000000,3.000000000,standard,0.518859204,0.617458965
35.341641629,3.557924608,8.103624783,1.594869746,0.191845630,3.000000000,0.000000000,3.000000000,standard,0.521335083,0.624402313
35.411075109,3.555790931,8.173032924,1.608204268,0.193335172,3.000000000,0.000000000,3.000000000,standard,0.525698916,0.631345661
35.480508590,3.552725316,8.242405909,1.621752609,0.196880288,3.000000000,0.000000000,3.000000000,standard,0.531008041,0.638289009
35.549942071,3.548711552,8.311730718,1.635548168,0.200452947,3.000000000,0.000000000,3.000000000,standard,0.535364261,0.645232357
35.619375551,3.543733107,8.380994320,1.649592866,0.204046480,3.000000000,0.000000000,3.000000000,standard,0.536837923,0.652175705
35.688809032,3.537771647,8.450183217,1.664021100,0.214061142,3.000000000,0.000000000,3.000000000,standard,0.533696040,0.659119054
35.758242513,3.530781631,8.519276872,1.679386773,0.228468715,3.000000000,0.000000000,3.000000000,standard,0.527175540,0.666062402
35.827675993,3.522696442,8.588249293,1.695755407,0.242950859,3.000000000,0.000000000,3.000000000,standard,0.520813566,0.673005750
35.897109474,3.513448915,8.657074346,1.713131083,0.257471726,3.000000000,0.000000000,3.000000000,standard,0.518207243,0.679949098
35.966542954,3.502973559,8.725725753,1.731397753,0.266285023,3.000000000,0.000000000,3.000000000,standard,0.522730440,0.686892446
36.035976435,3.491230385,8.794175013,1.750065729,0.271328848,3.000000000,0.000000000,3.000000000,standard,0.529673788,0.693835794
36.105409916,3.478199262,8.862391898,1.769088607,0.276493982,3.000000000,0.000000000,3.000000000,standard,0.536617136,0.700779142
36.174843396,3.463860583,8.930346134,1.788474016,0.281764190,3.000000000,0.000000000,3.000000000,standard,0.543560484,0.707722490
36.244276877,3.448194571,8.998007298,1.808245166,0.288012845,3.000000000,0.000000000,3.000000000,standard,0.550503832,0.714665838
36.313710357,3.431178044,9.065341982,1.828496100,0.295164619,3.000000000,0.000000000,3.000000000,standard,0.557447180,0.721609186
36.383143838,3.412784687,9.132314038,1.849247813,0.302425224,3.000000000,0.000000000,3.000000000,standard,0.564390528,0.728552534
36.452577319,3.392988067,9.198887213,1.870507449,0.309764612,3.000000000,-1.033362274,3.000000000,standard,0.571333877,0.735495882
36.522010799,3.371760343,9.265024482,1.892441987,0.328125971,2.975987252,-4.000000000,3.000000000,standard,0.578277225,0.742439230
36.591444280,3.349025804,9.330662623,1.916399062,0.361684664,2.881151206,-4.000000000,2.951142833,standard,0.585220573,0.749382578
36.660877760,3.324650329,9.395706444,1.942696135,0.395490945,2.783085416,-4.000000000,2.822194911,standard,0.592163921,0.756325926
36.730311241,3.298496252,9.460058812,1.971344956,0.429309853,2.681435546,-4.000000000,2.708755766,standard,0.599107269,0.763269274
36.799744722,3.270425716,9.523621914,2.002403673,0.468036199,2.575777308,-4.000000000,2.594272280,standard,0.606050617,0.770212623
36.869178202,3.240289343,9.586256556,2.036670804,0.518163617,2.465595445,-3.952494386,2.465595445,standard,0.612993965,0.777155971
36.938611683,3.207919829,9.647759142,2.074466761,0.569590382,2.351656865,-3.338112278,2.351656865,standard,0.619937313,0.784099319
37.008045163,3.173148315,9.707920507,2.115857791,0.621701957,2.250941249,-1.897787297,2.250941249,standard,0.626880661,0.791042667
37.077478644,3.135807754,9.766531934,2.160657322,0.655813263,2.191619618,-0.122651384,2.191619618,standard,0.633824009,0.797986015
37.146912125,3.095828192,9.823408678,2.206322779,0.658147065,2.187730405,-0.238302867,2.187730405,standard,0.640767357,0.804929363
37.216345605,3.053283873,9.878401605,2.252233374,0.662729293,2.180154107,-0.345546633,2.180154107,standard,0.647710705,0.811872711
37.285779086,3.008260740,9.931364467,2.298528790,0.669488164,2.169121232,1.476619185,2.169121232,standard,0.654654053,0.818816059
37.355212566,2.960849421,9.982158306,2.344663892,0.641529500,2.215883692,2.400000000,2.215883692,standard,0.661597401,0.825759407
37.424646047,2.911232183,10.030786689,2.387163550,0.581868547,2.289851795,2.400000000,2.326713106,standard,0.668540749,0.821200427
37.494079528,2.859674761,10.077383008,2.425543571,0.522801352,2.361504172,2.400000000,2.454635019,standard,0.675484097,0.814257078
37.563513008,2.806445940,10.122085395,2.459869666,0.465077303,2.431045589,2.400000000,2.602511782,standard,0.682427445,0.809390934
37.632946489,2.751794709,10.165015945,2.491556469,0.455971567,2.498652310,2.400000000,2.628369361,standard,0.689370794,0.810277675
37.702379970,2.695827222,10.206181044,2.523321250,0.458437757,2.564477349,1.833494391,2.621290102,standard,0.696314142,0.815400486
37.771813450,2.638586948,10.245536293,2.555259706,0.461122548,2.613648000,-0.304950028,2.613648000,standard,0.703257490,0.821403257
37.841246931,2.580117087,10.283037076,2.587390674,0.463998955,2.605534184,0.328342227,2.605534184,standard,0.699855152,0.824922006
37.910680411,2.520465361,10.318641914,2.619516144,0.460903376,2.614269357,0.276372066,2.614269357,standard,0.692911804,0.823242802
37.980113892,2.459697787,10.352322013,2.651447020,0.458329602,2.621599363,0.217524616,2.621599363,standard,0.685968456,0.816299454
38.049547373,2.397885013,10.384051789,2.683220497,0.456323985,2.627354221,0.160898715,2.627354221,standard,0.679025108,0.809356105
38.118980853,2.335097684,10.413805657,2.714874626,0.454851727,2.631602880,0.404440091,2.631602880,standard,0.672081760,0.802412757
38.188414334,2.271405643,10.441560921,2.746348568,0.451192626,2.642252275,0.371923024,2.642252275,standard,0.665138412,0.795749818
38.257847814,2.206875692,10.467305777,2.777579695,0.447879298,2.652007712,0.334344930,2.652007712,standard,0.658195064,0.790785436
38.327281295,2.141573916,10.491030998,2.808594451,0.444942003,2.660746957,0.292203848,2.660746957,standard,0.651251716,0.787687696
38.396714776,2.075566397,10.512727354,2.839420570,0.442406296,2.668361263,-1.522455416,2.668361263,standard,0.644308367,0.786624683
38.466148256,2.008917325,10.532375679,2.870572787,0.455944667,2.628446894,-1.676183584,2.628446894,standard,0.637365019,0.787691061
38.535581737,1.941680489,10.549902348,2.902804414,0.471841789,2.583789185,-1.604620460,2.583789185,standard,0.630421671,0.790579027
38.605015217,1.873906134,10.565215166,2.936155035,0.488134626,2.540302696,-1.520136819,2.540302696,standard,0.623478323,0.794843585
38.674448698,1.805644502,10.578221926,2.970650027,0.504642631,2.498407694,-2.016754301,2.498407694,standard,0.616534975,0.800039622
38.743882179,1.736948385,10.588827461,3.006470464,0.528347924,2.441716704,-2.183296782,2.441716704,standard,0.609591627,0.805759726
38.813315659,1.667899111,10.596903502,3.044179805,0.556655842,2.378821699,-2.047585844,2.378821699,standard,0.602648279,0.812018345
38.882749140,1.598595907,10.602301020,3.083895296,0.586106414,2.318286145,-1.895341357,2.318286145,standard,0.595704931,0.818961694
38.952182620,1.529138272,10.604870665,3.125681805,0.616287558,2.260807457,-1.158078042,2.260807457,standard,0.588761583,0.825905042
39.021616101,1.459626246,10.604464436,-3.113747638,0.636308158,2.224956534,-0.308554554,2.224956534,standard,0.581818235,0.832848390
39.091049582,1.390180927,10.600987303,-3.069316657,0.641863755,2.215306648,-0.391697958,2.215306648,standard,0.574874887,0.839791738
39.160483062,1.320950883,10.594413313,-3.024435760,0.649057679,2.202995606,-0.462565160,2.202995606,standard,0.567931539,0.846735086
39.229916543,1.252086523,10.584721157,-2.979000012,0.657763593,2.188368027,-0.486263461,2.188368027,standard,0.560988191,0.853678434
39.299350023,1.183738261,10.571889528,-2.932912620,0.667170936,2.172884878,-0.091246047,2.172884878,standard,0.554044843,0.860621782
39.368783504,1.116055997,10.555906641,-2.886456701,0.668966263,2.169967196,-0.161579512,2.169967196,standard,0.547101495,0.867565130
39.438216985,1.049187968,10.536791823,-2.839824864,0.672169268,2.164790885,-0.226656127,2.164790885,standard,0.540158147,0.869603032
39.507650465,0.983282069,10.514570746,-2.792919885,0.676714331,2.157508871,-0.284383129,2.157508871,standard,0.533214799,0.862659684
39.577083946,0.918486197,10.489269079,-2.745648299,0.682504660,2.148337289,-0.553363187,2.148337289,standard,0.526271450,0.855716336
39.646517427,0.854950265,10.460911836,-2.697822619,0.694060502,2.130377723,-0.751375474,2.130377723,standard,0.519328102,0.848772988
39.715950907,0.792850738,10.429515405,-2.648966010,0.710392567,2.105746427,-0.804275464,2.105746427,standard,0.512384754,0.841829640
39.785384388,0.732382803,10.395090088,-2.598903227,0.728748189,2.079057653,-0.830186854,2.079057653,standard,0.505441406,0.834886292
39.854817868,0.673742040,10.357646058,-2.547507624,0.748717340,2.051144851,-0.799658302,2.051144851,standard,0.498498058,0.827942944
39.924251349,0.617124028,10.317193492,-2.494674861,0.769014980,2.023894533,-0.080742837,2.023894533,standard,0.491554710,0.820999596
39.993684830,0.562721586,10.273764103,-2.441080733,0.771125805,2.021122601,-0.195262214,2.021122601,standard,0.484611362,0.814056247
40.063118310,0.510717649,10.227466709,-2.387221332,0.776278679,2.014403410,-0.300459138,2.014403410,standard,0.477668014,0.807112899
40.132551791,0.461292940,10.178427380,-2.332901807,0.784343556,2.004020272,-0.392127463,2.004020272,standard,0.470724666,0.800169551
40.201985271,0.414628183,10.126772186,-2.277934830,0.795124508,1.990387827,0.025410337,1.990387827,standard,0.463781318,0.793226203
40.271418752,0.370903131,10.072627764,-2.222296530,0.794416917,1.991274054,1.094026800,1.991274054,standard,0.456837970,0.786282855
40.340852233,0.330231008,10.016159683,-2.168034738,0.765102293,2.029062970,1.101288393,2.029062970,standard,0.449894622,0.779339507
40.410285713,0.292616873,9.957596811,-2.115742987,0.737699889,2.066404875,1.071353774,2.066404875,standard,0.442951274,0.772396159
40.479719194,0.258055864,9.897173823,-2.065268060,0.712862454,2.102095324,1.002546139,2.102095324,standard,0.436007926,0.765452811
40.549152674,0.226543117,9.835125392,-2.016430164,0.691088750,2.134953228,2.118224709,2.134953228,standard,0.429064578,0.758509463
40.618586155,0.198065208,9.771684159,-1.969525130,0.649193173,2.202765697,2.400000000,2.202765697,standard,0.422121230,0.751566115
40.688019636,0.172489391,9.707054431,-1.926358987,0.592729146,2.277159947,2.400000000,2.305298329,standard,0.415177881,0.744622767
40.757453116,0.149595367,9.641419723,-1.887113903,0.536459010,2.349199465,2.400000000,2.423187416,standard,0.408234533,0.737679419
40.826886597,0.129160818,9.574963073,-1.851741551,0.481218211,2.419094632,2.400000000,2.558493097,standard,0.401291185,0.730736071
40.896320077,0.110963439,9.507867502,-1.820156581,0.429740601,2.487026245,2.400000000,2.707397874,standard,0.394347837,0.723792723
40.965753558,0.094801412,9.440289873,-1.791266000,0.401746491,2.553151043,2.400000000,2.800136681,standard,0.387404489,0.716849375
41.035187039,0.080535636,9.372306975,-1.764338382,0.373514117,2.617605959,2.400000000,2.904034468,standard,0.380461141,0.709906027
41.104620519,0.068038965,9.303980327,-1.739374330,0.345288529,2.680511456,2.400000000,3.000000000,standard,0.373517793,0.702962679
41.174054000,0.057184258,9.235371448,-1.716364631,0.317249273,2.741974174,2.400000000,3.000000000,standard,0.366574445,0.696019330
41.243487480,0.047852841,9.166539790,-1.694797128,0.308419754,2.802089056,2.400000000,3.000000000,standard,0.359631097,0.689075982
41.312920961,0.039998747,9.097527081,-1.673462462,0.305908016,2.860941066,2.400000000,3.000000000,standard,0.354546660,0.682132634
41.382354442,0.033613011,9.028366023,-1.652298321,0.303537548,2.918606601,2.400000000,3.000000000,standard,0.361490008,0.675189286
41.451787922,0.028686960,8.959089248,-1.631294715,0.301317904,2.975154651,1.069043352,3.000000000,standard,0.368433356,0.668245938
41.521221403,0.025209956,8.889729187,-1.610599980,0.290653386,3.000000000,0.000000000,3.000000000,standard,0.375376704,0.661302590
41.590654883,0.023132323,8.820314281,-1.591046560,0.272469706,3.000000000,0.000000000,3.000000000,standard,0.382320052,0.654359242
41.660088364,0.022368491,8.750869298,-1.572753109,0.254355104,3.000000000,0.000000000,3.000000000,standard,0.389263400,0.647415894
41.729521845,0.022831550,8.681418871,-1.555713059,0.236363175,3.000000000,0.000000000,3.000000000,standard,0.385931745,0.640472546
41.798955325,0.024435576,8.611987514,-1.539813620,0.225919122,3.000000000,0.000000000,3.000000000,standard,0.378988397,0.633529198
41.868388806,0.027131597,8.542595233,-1.524109161,0.226365484,3.000000000,0.000000000,3.000000000,standard,0.372045049,0.626585850
41.937822287,0.030917945,8.473256265,-1.508373820,0.226823754,3.000000000,0.000000000,3.000000000,standard,0.365101701,0.619642502
42.007255767,0.035796048,8.403984468,-1.492606032,0.227292717,3.000000000,0.000000000,3.000000000,standard,0.358158353,0.612699154
42.076689248,0.041767896,8.334793867,-1.476737484,0.232904193,3.000000000,0.000000000,3.000000000,standard,0.353069214,0.605755806
42.146122728,0.048861157,8.265705838,-1.460067167,0.247173792,3.000000000,0.000000000,3.000000000,standard,0.360012562,0.598812458
42.215556209,0.057139100,8.196751962,-1.442401418,0.261580216,3.000000000,0.000000000,3.000000000,standard,0.366955910,0.591869110
42.284989690,0.066667616,8.127964569,-1.423732648,0.276087830,3.000000000,0.000000000,3.000000000,standard,0.373899258,0.584925761
42.354423170,0.077510995,8.059375707,-1.404238710,0.276835243,3.000000000,0.000000000,3.000000000,standard,0.380842606,0.577982413
42.423856651,0.089664409,7.991005220,-1.385761676,0.255320556,3.000000000,0.000000000,3.000000000,standard,0.387785954,0.571039065
42.493290131,0.103029052,7.922856359,-1.368775157,0.233886002,3.000000000,0.000000000,3.000000000,standard,0.394729302,0.564095717
42.562723612,0.117499393,7.854931188,-1.353272415,0.212581033,3.000000000,0.000000000,3.000000000,standard,0.401672650,0.557152369
42.632157093,0.132969644,7.787231465,-1.339280252,0.188843525,3.000000000,0.000000000,3.000000000,standard,0.408615999,0.550209021
42.701590573,0.149323586,7.719746716,-1.327129152,0.161130346,3.000000000,0.000000000,3.000000000,standard,0.415559347,0.543265673
42.771024054,0.166431242,7.652450323,-1.316903617,0.133395996,3.000000000,0.000000000,3.000000000,standard,0.422502695,0.536322325
42.840457534,0.184161694,7.585314566,-1.308603502,0.105673838,3.000000000,0.000000000,3.000000000,standard,0.429446043,0.529378977
42.909891015,0.202384501,7.518311775,-1.302174059,0.082004686,3.000000000,0.000000000,3.000000000,standard,0.436389391,0.522435629
42.979324496,0.220989846,7.451416501,-1.297076333,0.064829543,3.000000000,0.000000000,3.000000000,standard,0.443332739,0.515492281
43.048757976,0.239895936,7.384606308,-1.293171383,0.047650010,3.000000000,0.000000000,3.000000000,standard,0.450276087,0.508548933
43.118191457,0.259022980,7.317858978,-1.290459297,0.030470157,3.000000000,0.000000000,3.000000000,standard,0.457219435,0.501605585
43.187624937,0.278291247,7.251152304,-1.288932374,0.013937683,3.000000000,0.000000000,3.000000000,standard,0.464162783,0.494662237
43.257058418,0.297624408,7.184464667,-1.288495359,-0.001349707,3.000000000,0.000000000,3.000000000,standard,0.471106131,0.487718889
43.326491899,0.316951283,7.117775345,-1.289119806,-0.016637227,3.000000000,0.000000000,3.000000000,standard,0.478049479,0.480775541
43.395925379,0.336201121,7.051063688,-1.290805711,-0.031924403,3.000000000,0.000000000,3.000000000,standard,0.484992827,0.473832193
43.465358860,0.355303062,6.984309027,-1.293570092,-0.048900219,3.000000000,0.000000000,3.000000000,standard,0.491936175,0.466888844
43.534792340,0.374176770,6.917488954,-1.297697987,-0.070000818,3.000000000,0.000000000,3.000000000,standard,0.498879523,0.459945496
43.604225821,0.392725448,6.850578042,-1.303291076,-0.091103344,3.000000000,0.000000000,3.000000000,standard,0.505822871,0.453002148
43.673659302,0.410850656,6.783550561,-1.310349334,-0.112199788,3.000000000,0.000000000,3.000000000,standard,0.512766219,0.446058800
43.743092782,0.428453928,6.716380816,-1.318874072,-0.133487753,3.000000000,0.000000000,3.000000000,standard,0.519709567,0.439115452
43.812526263,0.445434489,6.649046988,-1.328904811,-0.155416477,3.000000000,0.000000000,3.000000000,standard,0.526652916,0.432172104
43.881959744,0.461687164,6.581534630,-1.340460149,-0.177399353,3.000000000,0.000000000,3.000000000,standard,0.533596264,0.425228756
43.951393224,0.477106287,6.513830120,-1.353542805,-0.199416018,3.000000000,0.000000000,3.000000000,standard,0.540539612,0.418285408
44.020826705,0.491586579,6.445919935,-1.368087170,-0.213943966,3.000000000,0.000000000,3.000000000,standard,0.547482960,0.411342060
44.090260185,0.505066269,6.377801591,-1.382699541,-0.206927345,3.000000000,0.000000000,3.000000000,standard,0.554426308,0.404398712
44.159693666,0.517566313,6.309493602,-1.396826958,-0.199960865,3.000000000,0.000000000,3.000000000,standard,0.561369656,0.397455364
44.229127147,0.529116934,6.241016830,-1.410473029,-0.193055907,3.000000000,0.000000000,3.000000000,standard,0.568313004,0.390512016
44.298560627,0.539748338,6.172392113,-1.423644821,-0.186531516,3.000000000,0.000000000,3.000000000,standard,0.575256352,0.383568668
44.367994108,0.549489273,6.103637789,-1.436400631,-0.180853717,3.000000000,0.000000000,3.000000000,standard,0.582199700,0.376625320
44.437427588,0.558365853,6.034767672,-1.448762448,-0.175191423,3.000000000,0.000000000,3.000000000,standard,0.589143048,0.369681972
44.506861069,0.566403912,5.965795098,-1.460731776,-0.169552939,3.000000000,0.000000000,3.000000000,standard,0.596086396,0.362738624
44.576294550,0.573629249,5.896733386,-1.472315967,-0.164494602,3.000000000,0.000000000,3.000000000,standard,0.603029744,0.355795275
44.645728030,0.580064655,5.827594423,-1.483610324,-0.160813513,3.000000000,0.000000000,3.000000000,standard,0.609973092,0.348851927
44.715161511,0.585727650,5.758387579,-1.494649455,-0.157142761,3.000000000,0.000000000,3.000000000,standard,0.616916440,0.342043486
44.784594991,0.590635220,5.689121973,-1.505434348,-0.153486731,3.000000000,0.000000000,3.000000000,standard,0.623859788,0.336225126
44.854028472,0.594804149,5.619806717,-1.515997509,-0.153086439,3.000000000,0.000000000,3.000000000,standard,0.630803136,0.331782805
44.923461953,0.598232509,5.550450524,-1.526905808,-0.161092691,3.000000000,0.000000000,3.000000000,standard,0.637746485,0.328868491
44.992895433,0.600884773,5.481061379,-1.538370963,-0.169128178,3.000000000,0.000000000,3.000000000,standard,0.644689833,0.327213993
45.062328914,0.602721911,5.411647197,-1.550394636,-0.177183672,3.000000000,0.000000000,3.000000000,standard,0.651633181,0.326507313
45.131762394,0.603704987,5.342215897,-1.562959544,-0.182854472,3.000000000,0.000000000,3.000000000,standard,0.658576529,0.326437037
45.201195875,0.603810485,5.272776405,-1.575563432,-0.180165870,3.000000000,0.000000000,3.000000000,standard,0.665519877,0.326786615
45.270629356,0.603047225,5.203339768,-1.587981993,-0.177510913,3.000000000,0.000000000,3.000000000,standard,0.672463225,0.327538449
45.340062836,0.601428097,5.133917295,-1.600217548,-0.174893022,3.000000000,0.000000000,3.000000000,standard,0.679406573,0.328700003
45.409496317,0.598965975,5.064520299,-1.612280173,-0.174330468,3.000000000,0.000000000,3.000000000,standard,0.686349921,0.330278903
45.478929797,0.595653503,4.995160584,-1.624940790,-0.190325648,3.000000000,0.000000000,3.000000000,standard,0.693293269,0.332459446
45.548363278,0.591424730,4.925851381,-1.638712257,-0.206323469,3.000000000,-0.468877948,3.000000000,standard,0.700236617,0.335937720
45.617796759,0.586203150,4.856606178,-1.653594481,-0.222287464,2.989128359,-4.000000000,3.000000000,standard,0.707179965,0.341501960
45.687230239,0.579912261,4.787438465,-1.669585422,-0.238169752,2.894722872,-4.000000000,3.000000000,standard,0.714123313,0.348445308
45.756663720,0.572441557,4.718372124,-1.688266345,-0.301993640,2.797132935,-4.000000000,3.000000000,standard,0.721066661,0.355388657
45.826097201,0.563523615,4.649479015,-1.711558471,-0.368638364,2.696012761,-4.000000000,2.923176321,standard,0.728010009,0.362332005
45.895530681,0.552845771,4.580844830,-1.739485526,-0.435443346,2.590949048,-4.000000000,2.689610848,standard,0.734953357,0.369275353
45.964964162,0.540095358,4.512555261,-1.772046717,-0.501780728,2.481440936,-4.000000000,2.505522392,standard,0.741896705,0.376218701
46.034397642,0.524963090,4.444702711,-1.809091327,-0.562291021,2.366871623,-3.887780743,2.366871623,standard,0.748840053,0.383162049
46.103831123,0.507180109,4.377459785,-1.850276569,-0.622259468,2.249932661,-3.295546362,2.249932661,standard,0.755783402,0.390105397
46.173264604,0.486504176,4.311051898,-1.895702513,-0.684105275,2.145822562,-2.778766705,2.145822562,standard,0.762726750,0.397048745
46.242698084,0.462693522,4.245705395,-1.945462973,-0.746679838,2.053941475,-2.227216503,2.053941475,standard,0.769670098,0.403992093
46.312131565,0.435506402,4.181646638,-1.999576789,-0.805752553,1.977217437,-1.233345662,1.977217437,standard,0.776613446,0.410935441
46.381565045,0.404745690,4.119130847,-2.056974885,-0.842670066,1.933421276,-1.296685586,1.933421276,standard,0.783556794,0.417878789
46.450998526,0.370350020,4.058501058,-2.117179862,-0.885316136,1.886279683,-1.296680393,1.886279683,standard,0.790500142,0.424822137
46.520432007,0.332283750,4.000116949,-2.180517198,-0.932508588,1.837929535,-1.239249042,1.837929535,standard,0.797443490,0.431765485
46.589865487,0.290511240,3.944338196,-2.247246356,-0.982565168,1.790501111,-0.840728618,1.790501111,standard,0.804386838,0.438708833
46.659298968,0.244997557,3.891524320,-2.317421594,-1.019699692,1.757596313,0.032491585,1.757596313,standard,0.811330186,0.445652181
46.728732448,0.195804771,3.842013541,-2.388506725,-1.018212490,1.758879418,-0.142346779,1.758879418,standard,0.818273534,0.452595529
46.798165929,0.143189845,3.796101278,-2.459806343,-1.024760309,1.753251135,-0.304496770,1.753251135,standard,0.825216882,0.459538877
46.867599410,0.087433067,3.754077826,-2.531825494,-1.039053570,1.741150482,-0.442519714,1.741150482,standard,0.832160230,0.466482226
46.937032890,0.028814727,3.716233482,-2.605050082,-1.060551200,1.723413367,-0.062070005,1.723413367,standard,0.839103578,0.473425574
47.006466371,-0.032384497,3.682857014,-2.679694677,-1.063637909,1.720910852,1.243960266,1.720910852,standard,0.846046926,0.480368922
47.075899851,-0.095847617,3.654094920,-2.751769413,-1.005015781,1.770389545,1.321748903,1.770389545,standard,0.852990274,0.487312270
47.145333332,-0.161192359,3.629837895,-2.819870923,-0.949416764,1.821490158,1.335333297,1.821490158,standard,0.859933622,0.494255618
47.214766813,-0.228029630,3.609949912,-2.884299549,-0.899162475,1.871699782,1.277030952,1.871699782,standard,0.866876971,0.501198966
47.284200293,-0.295970339,3.594294948,-2.945445683,-0.855839308,1.918488332,1.910141465,1.918488332,standard,0.873820319,0.508142314
47.353633774,-0.364632158,3.582730546,-3.003343999,-0.798306471,1.986417132,2.400000000,1.986417132,standard,0.880763667,0.515085662
47.423067254,-0.433750361,3.575002495,-3.056281154,-0.723595403,2.068606711,2.400000000,2.086447097,standard,0.887707015,0.522029010
47.492500735,-0.503159900,3.570761854,-3.103995946,-0.648739448,2.147653239,2.400000000,2.203535865,standard,0.894650363,0.528972358
47.561934216,-0.572698884,3.569656683,3.136628620,-0.575458397,2.223891891,2.400000000,2.339636086,standard,0.901593711,0.535915706
47.631367696,-0.642205610,3.571335111,3.099079141,-0.506650021,2.297602195,2.400000000,2.493453334,standard,0.908537059,0.542859054
47.700801177,-0.711560290,3.575460998,3.065964938,-0.446387545,2.369020168,2.400000000,2.656435300,standard,0.915480407,0.549802402
47.770234658,-0.780737851,3.581733737,3.037066683,-0.385628730,2.438347241,2.400000000,2.858055025,standard,0.917367262,0.556745750
47.839668138,-0.849726217,3.589857598,3.012386454,-0.324987498,2.505756965,2.400000000,3.000000000,standard,0.910423914,0.563689098
47.909101619,-0.918513315,3.599536854,2.991904551,-0.265596443,2.571400140,2.400000000,3.000000000,standard,0.903480566,0.570632446
47.978535099,-0.987091420,3.610506402,2.974352288,-0.239836720,2.635408769,2.400000000,3.000000000,standard,0.896537218,0.577575794
48.047968580,-1.055469003,3.622615093,2.958595004,-0.213979443,2.697899200,2.400000000,3.000000000,standard,0.889593870,0.584519143
48.117402061,-1.123658299,3.635738275,2.944634390,-0.188108170,2.758974592,2.400000000,3.000000000,standard,0.882650522,0.591462491
48.186835541,-1.191671541,3.649751298,2.932469004,-0.162275387,2.818726930,2.400000000,3.000000000,standard,0.875707174,0.598405839
48.256269022,-1.259518109,3.664546574,2.921297899,-0.161051532,2.877238644,2.400000000,3.000000000,standard,0.870734475,0.605349187
48.325702502,-1.327193520,3.680099352,2.910097773,-0.161536058,2.934583943,-0.520552043,3.000000000,standard,0.868015533,0.612292535
48.395135983,-1.394689092,3.696409981,2.898863597,-0.162037537,2.922241509,-4.000000000,3.000000000,standard,0.865770889,0.619235883
48.464569464,-1.461996141,3.713478817,2.887594149,-0.162555382,2.825602164,-4.000000000,3.000000000,standard,0.862220977,0.626179231
48.534002944,-1.529098960,3.731330558,2.875067461,-0.202314496,2.725538433,-4.000000000,3.000000000,standard,0.856164922,0.633122579
48.603436425,-1.595943461,3.750122961,2.859481439,-0.246606418,2.621658235,-4.000000000,3.000000000,standard,0.849564902,0.640065927
48.672869905,-1.662462502,3.770059010,2.840821538,-0.290767590,2.513488424,-4.000000000,3.000000000,standard,0.845458365,0.647009275
48.742303386,-1.728588935,3.791341731,2.819098295,-0.334553689,2.400449169,-4.000000000,3.000000000,standard,0.846883648,0.653952623
48.811736867,-1.794215779,3.814231024,2.791285675,-0.470779515,2.281816900,-4.000000000,2.586702591,standard,0.853826996,0.660895971
48.881170347,-1.859050015,3.839252438,2.753608622,-0.613682544,2.156668849,-4.000000000,2.265600813,standard,0.860770344,0.667839319
48.950603828,-1.922744353,3.867009017,2.705993523,-0.756516716,2.023796599,-4.000000000,2.040544228,standard,0.867713692,0.674782667
49.020037308,-1.984951070,3.898103409,2.648552567,-0.889758917,1.881564465,-2.956271954,1.881564465,standard,0.873649421,0.681726015
49.089470789,-2.045221944,3.933042058,2.582567772,-1.006468129,1.769111735,-2.555123182,1.769111735,standard,0.866706073,0.688669363
49.158904270,-2.102879247,3.972111714,2.508029406,-1.135162078,1.665813356,-2.126675727,1.665813356,standard,0.859762725,0.695612712
49.228337750,-2.157213362,4.015568605,2.424337123,-1.270361503,1.574677473,0.002220269,1.574677473,standard,0.852819377,0.702556060
49.297771231,-2.207540687,4.063626597,2.334357259,-1.270203562,1.574775370,0.854702707,1.574775370,standard,0.845876029,0.709499408
49.367204711,-2.253481279,4.116005127,2.247932952,-1.212187713,1.612019675,0.692665172,1.612019675,standard,0.838932681,0.716442756
49.436638192,-2.294851691,4.172103688,2.165016379,-1.168919763,1.641583303,0.990905798,1.641583303,standard,0.831989333,0.723386104
49.506071673,-2.331473125,4.231316518,2.084856962,-1.112131127,1.682973505,2.400000000,1.682973505,standard,0.825045985,0.730329452
49.575505153,-2.363406637,4.293059629,2.013294748,-0.945429352,1.779235938,2.400000000,1.825327246,standard,0.818102637,0.737272800
49.644938634,-2.391227563,4.356795707,1.953389180,-0.777635828,1.870551050,2.400000000,2.012644849,standard,0.811159288,0.738814846
49.714372114,-2.415577695,4.421993475,1.904971016,-0.614660209,1.957611283,2.400000000,2.263798288,standard,0.804215940,0.731871498
49.783805595,-2.437084546,4.488137760,1.866413636,-0.518025599,2.040961206,2.400000000,2.465923879,standard,0.797272592,0.724928150
49.853239076,-2.456171520,4.554943609,1.832443780,-0.459596364,2.121038272,2.400000000,2.617983981,standard,0.790329244,0.717984802
49.922672556,-2.473109665,4.622297908,1.802571217,-0.400578561,2.198200186,2.400000000,2.804215759,standard,0.783385896,0.711041454
49.992106037,-2.488166376,4.690091664,1.776800984,-0.341616563,2.272743885,2.400000000,3.000000000,standard,0.776442548,0.704098106
50.061539518,-2.501599337,4.758221289,1.754564817,-0.302128961,2.344919076,2.400000000,3.000000000,standard,0.769499200,0.697154758
50.130972998,-2.513600316,4.826619876,1.734815626,-0.266655518,2.414938131,2.400000000,3.000000000,standard,0.766265263,0.690211410
50.200406479,-2.524333682,4.895235770,1.717525087,-0.231290554,2.482983465,2.400000000,3.000000000,standard,0.764959401,0.683268062
50.269839959,-2.533963716,4.964017360,1.702684148,-0.196108084,2.549213132,2.400000000,3.000000000,standard,0.762941416,0.676324714
50.339273440,-2.542638307,5.032918578,1.689507898,-0.184646533,2.613765158,2.400000000,3.000000000,standard,0.758245587,0.669381366
50.408706921,-2.550428074,5.101919454,1.677037435,-0.174524941,2.676760917,2.400000000,3.000000000,standard,0.752085613,0.662438017
50.478140401,-2.557380889,5.171007706,1.665270493,-0.164396518,2.738307819,2.400000000,3.000000000,standard,0.746611167,0.655494669
50.547573882,-2.563544621,5.240171052,1.654206519,-0.154463155,2.798501460,2.400000000,3.000000000,standard,0.743972047,0.649070443
50.617007362,-2.568953819,5.309398184,1.643274314,-0.160415362,2.857427361,2.400000000,3.000000000,standard,0.745654479,0.644037551
50.686440843,-2.573591587,5.378681565,1.631927985,-0.166388364,2.915162403,2.400000000,3.000000000,standard,0.750581246,0.640195201
50.755874324,-2.577428602,5.448014564,1.620166263,-0.172374949,2.971775991,1.213733322,3.000000000,standard,0.757056210,0.637249562
50.825307804,-2.580435544,5.517390554,1.607986878,-0.179174543,3.000000000,0.000000000,3.000000000,standard,0.763383312,0.634906826
50.894741285,-2.582567672,5.586801574,1.594759600,-0.201785891,3.000000000,0.000000000,3.000000000,standard,0.768681790,0.633110634
50.964174765,-2.583726939,5.656235061,1.579959625,-0.224465909,3.000000000,0.000000000,3.000000000,standard,0.774889408,0.632625518
51.033608246,-2.583803791,5.725677459,1.563583629,-0.247170106,3.000000000,0.000000000,3.000000000,standard,0.781832756,0.634393273
51.103041727,-2.582688669,5.795115210,1.545630262,-0.270168091,3.000000000,0.000000000,3.000000000,standard,0.788776104,0.639355583
51.172475207,-2.580266441,5.864528750,1.525865712,-0.298997995,3.000000000,0.000000000,3.000000000,standard,0.795719452,0.646298931
51.241908688,-2.576403108,5.933878189,1.504088776,-0.328088314,3.000000000,-2.106087419,3.000000000,standard,0.802662800,0.653242280
51.311342168,-2.570960686,6.003119343,1.480285968,-0.357327430,2.950853104,-4.000000000,2.969081364,standard,0.809606148,0.660185628
51.380775649,-2.563801191,6.072208028,1.454450430,-0.386405106,2.855182340,-2.847142918,2.855182340,standard,0.816549496,0.667020502
51.450209130,-2.554795611,6.141093872,1.426924712,-0.406100946,2.785083860,-2.655910797,2.785083860,standard,0.823492845,0.663701121
51.519642610,-2.543849331,6.209702777,1.398007910,-0.426374362,2.718064357,-2.465137202,2.718064357,standard,0.830436193,0.660649926
51.589076091,-2.530875980,6.277954958,1.367667193,-0.447090861,2.654345067,-2.274446242,2.654345067,standard,0.837379541,0.665750371
51.658509571,-2.515789190,6.345770631,1.335876910,-0.468074197,2.594166976,0.462842331,2.594166976,standard,0.844322889,0.672693719
51.727943052,-2.498519494,6.413071532,1.303421446,-0.463646043,2.606525620,0.708234670,2.606525620,standard,0.851266237,0.679637068
51.797376533,-2.479088736,6.479787619,1.271436080,-0.457030023,2.625324019,0.649252872,2.625324019,standard,0.858209585,0.686580416
51.866810013,-2.457549458,6.545851613,1.239886602,-0.451128725,2.642439399,0.579581497,2.642439399,standard,0.865152933,0.693523764
51.936243494,-2.433954222,6.611196235,1.208726655,-0.445987975,2.657625011,2.400000000,2.657625011,standard,0.872096281,0.700467112
52.005676975,-2.408371205,6.675764609,1.178999739,-0.398280409,2.719605010,2.400000000,2.812294547,standard,0.879039629,0.707410460
52.075110455,-2.381014817,6.739597252,1.153562884,-0.334238652,2.780203610,2.400000000,3.000000000,standard,0.885982977,0.714353808
52.144543936,-2.352179377,6.802787900,1.132567818,-0.270332076,2.839509257,2.400000000,3.000000000,standard,0.892926325,0.721297156
52.213977416,-2.322160013,6.865430831,1.115998950,-0.206769701,2.897601340,2.400000000,3.000000000,standard,0.899869673,0.728240504
52.283410897,-2.291259282,6.927626613,1.104507334,-0.111795198,2.954551444,1.948813185,3.000000000,standard,0.906813021,0.735183852
52.352844378,-2.259886704,6.989566414,1.100750972,0.003616095,3.000000000,-1.090355947,3.000000000,standard,0.913756369,0.742127200
52.422277858,-2.228532063,7.051509391,1.105010015,0.119068477,2.974657221,-4.000000000,3.000000000,standard,0.920699717,0.749070548
52.491711339,-2.197687092,7.113716349,1.117281386,0.234326578,2.879777376,-4.000000000,3.000000000,standard,0.927643065,0.756013896
52.561144819,-2.167833932,7.176436197,1.136737227,0.317384576,2.781663153,-4.000000000,3.000000000,standard,0.934586413,0.762957244
52.630578300,-2.139366277,7.239808185,1.161288804,0.389532261,2.679959337,-4.000000000,2.843698579,standard,0.941529762,0.769900592
52.700011781,-2.112630094,7.303912386,1.190870758,0.462329478,2.574240509,-4.000000000,2.610234253,standard,0.948473110,0.776843940
52.769445261,-2.087970637,7.368828189,1.225427667,0.518839100,2.463989927,2.400000000,2.463989927,standard,0.955416458,0.775275311
52.838878742,-2.065608142,7.434581728,1.260043899,0.478028095,2.530716711,2.400000000,2.567015943,standard,0.962359806,0.780996539
52.908312222,-2.045435713,7.501059775,1.291855339,0.437892748,2.595728756,2.400000000,2.682077979,standard,0.969303154,0.787939887
52.977745703,-2.027293605,7.568126589,1.320913312,0.398729630,2.659151835,2.400000000,2.810709893,standard,0.976246502,0.794883236
53.047179184,-2.011015007,7.635648801,1.346852930,0.341452180,2.721097056,2.400000000,3.000000000,standard,0.983189850,0.801826584
53.116612664,-1.996344094,7.703522901,1.368204521,0.273453789,2.781663153,2.400000000,3.000000000,standard,0.990133198,0.807437767
53.186046145,-1.982964164,7.771665802,1.384831680,0.205422433,2.840938332,2.400000000,3.000000000,standard,0.997076546,0.800494419
53.255479625,-1.970557333,7.839994814,1.396739358,0.137906430,2.899001778,2.400000000,3.000000000,standard,1.004019894,0.793551071
53.324913106,-1.958839528,7.908438102,1.405439987,0.112680952,2.955924900,1.890355920,3.000000000,standard,1.010963242,0.786607722
53.394346587,-1.947658371,7.976966119,1.412387040,0.087419541,3.000000000,0.000000000,3.000000000,standard,1.017906590,0.780263690
53.463780067,-1.936893546,8.045559613,1.417579462,0.062145767,3.000000000,0.000000000,3.000000000,standard,1.024849938,0.779472254
53.533213548,-1.926424932,8.114199359,1.421063351,0.044146014,3.000000000,0.000000000,3.000000000,standard,1.018860008,0.786415603
53.602647028,-1.916183849,8.182873814,1.424627202,0.058508765,3.000000000,0.000000000,3.000000000,standard,1.011916660,0.793358951
53.672080509,-1.906221829,8.251589385,1.429188358,0.072872187,3.000000000,0.000000000,3.000000000,standard,1.004973312,0.800302299
53.741513990,-1.896607546,8.320355035,1.434746799,0.087232653,3.000000000,0.000000000,3.000000000,standard,0.998029964,0.807245647
53.810947470,-1.887410028,8.389179746,1.441360045,0.107867843,3.000000000,0.000000000,3.000000000,standard,0.991086616,0.814188995
53.880380951,-1.878735566,8.458074174,1.450172719,0.145964319,3.000000000,0.000000000,3.000000000,standard,0.984143268,0.821132343
53.949814432,-1.870759928,8.527052101,1.461631586,0.184082913,3.000000000,-3.251134099,3.000000000,standard,0.977199920,0.828075691
54.019247912,-1.863666480,8.596127647,1.475736933,0.222166885,2.923786054,-4.000000000,3.000000000,standard,0.970256572,0.835019039
54.088681393,-1.857639405,8.665314702,1.492589593,0.269232703,2.827199505,-4.000000000,3.000000000,standard,0.963313224,0.841962387
54.158114873,-1.852913185,8.734612886,1.513573208,0.335021799,2.727194383,-4.000000000,3.000000000,standard,0.956369876,0.848905735
54.227548354,-1.849800936,8.803999511,1.539136943,0.401086674,2.623379758,-4.000000000,2.802438951,standard,0.949426527,0.855849083
54.296981835,-1.848622612,8.873449947,1.569289176,0.466976377,2.515283981,-4.000000000,2.597214514,standard,0.942483179,0.862792431
54.366415315,-1.849698295,8.942937940,1.604028051,0.533431243,2.402329217,-4.000000000,2.430054716,standard,0.935539831,0.869735779
54.435848796,-1.853352896,9.012373801,1.643546563,0.603612948,2.283794610,-4.000000000,2.284420260,standard,0.928596483,0.876679127
54.505282276,-1.859917615,9.081585303,1.688018724,0.675929406,2.158761214,-3.280610946,2.158761214,standard,0.921653135,0.883622475
54.574715757,-1.869724070,9.150394690,1.737548723,0.749164948,2.050532005,-1.692649742,2.050532005,standard,0.914709787,0.890565823
54.644149238,-1.883098656,9.218622866,1.791715765,0.793525162,1.992392626,-0.499426302,1.992392626,standard,0.907766439,0.897509172
54.713582718,-1.900221540,9.286053289,1.847396418,0.807635450,1.974911280,-0.610237971,1.974911280,standard,0.900823091,0.904452520
54.783016199,-1.921110543,9.352427840,1.904205684,0.825572803,1.953338852,-0.690637289,1.953338852,standard,0.893879743,0.911395868
54.852449679,-1.945775024,9.417486235,1.962377323,0.846859342,1.928633187,0.054887773,1.928633187,standard,0.886936395,0.918339216
54.921883160,-1.974219843,9.480970534,2.021677258,0.845127543,1.930608212,0.845568949,1.930608212,standard,0.879993047,0.917481159
54.991316641,-2.006343603,9.542678172,2.079567311,0.819316165,1.960782920,0.798539271,1.960782920,standard,0.873049699,0.910537811
55.060750121,-2.041937090,9.602462767,2.135763558,0.796347343,1.988859065,0.715533960,1.988859065,standard,0.866106351,0.903594463
55.130183602,-2.080786282,9.660180445,2.190475393,0.776833224,2.013684287,1.287669695,2.013684287,standard,0.859163003,0.896651115
55.199617082,-2.122675907,9.715691439,2.243637645,0.744023158,2.057605206,2.121226140,2.057605206,standard,0.852219655,0.889707767
55.269050563,-2.167363226,9.768946346,2.293682557,0.695624151,2.127982005,2.383694879,2.127982005,standard,0.845276307,0.882764419
55.338484044,-2.214578711,9.819983897,2.340395820,0.648238331,2.204387416,2.400000000,2.204387416,standard,0.838332958,0.875821070
55.407917524,-2.264051720,9.868846485,2.383881178,0.602789942,2.278728721,2.400000000,2.285979220,standard,0.831389610,0.868877722
55.477351005,-2.315513849,9.915577805,2.424317554,0.561831304,2.350720165,2.400000000,2.367839768,standard,0.824446262,0.861934374
55.546784485,-2.368741972,9.960247877,2.462015285,0.523114501,2.420571419,2.400000000,2.453900208,standard,0.817502914,0.854991026
55.616217966,-2.423555041,10.002951182,2.497027378,0.484697976,2.488462719,2.400000000,2.549292532,standard,0.810559566,0.848047678
55.685651447,-2.479773603,10.043783132,2.529392449,0.447019094,2.554550335,2.400000000,2.654558129,standard,0.803616218,0.841104330
55.755084927,-2.537220137,10.082839723,2.559209761,0.412500477,2.618970813,2.400000000,2.763395523,standard,0.796672870,0.834160982
55.824518408,-2.595750954,10.120227194,2.586721946,0.379708799,2.681844296,2.400000000,2.880248414,standard,0.789729522,0.827217634
55.893951889,-2.655251219,10.156060521,2.611956655,0.346919127,2.743277153,2.400000000,3.000000000,standard,0.782786174,0.820274286
55.963385369,-2.715607023,10.190454959,2.634923777,0.314345552,2.803364093,2.400000000,3.000000000,standard,0.775842826,0.813330938
56.032818850,-2.776709668,10.223516092,2.656423683,0.319270578,2.862189887,2.400000000,3.000000000,standard,0.768899478,0.806387590
56.102252330,-2.838526547,10.255208348,2.679622424,0.348668093,2.919830758,-1.790536084,3.000000000,standard,0.761956130,0.799444242
56.171685811,-2.901082659,10.285389279,2.704868243,0.378295114,2.876936799,-4.000000000,2.885625125,standard,0.755012782,0.792500894
56.241119292,-2.964404432,10.313913793,2.732172311,0.407962522,2.778722278,-1.503009865,2.778722278,standard,0.748069434,0.785557546
56.310552772,-3.028514263,10.340642008,2.761119253,0.419296751,2.740908442,-0.295978781,2.740908442,standard,0.741126086,0.778614198
56.379986253,-3.093386142,10.365496686,2.790325874,0.421603362,2.733400339,-0.361077572,2.733400339,standard,0.734182738,0.771670850
56.449419733,-3.158962066,10.388441979,2.819713427,0.424451897,2.724212853,-0.421058857,2.724212853,standard,0.727239390,0.764727502
56.518853214,-3.225183465,10.409442778,2.849315996,0.427822622,2.713459877,1.742218265,2.713459877,standard,0.720296041,0.757784153
56.588286695,-3.291990915,10.428471059,2.878736904,0.414212019,2.757680377,2.400000000,2.757680377,standard,0.713352693,0.750840805
56.657720175,-3.359316475,10.445569448,2.906795029,0.393657033,2.817460162,2.400000000,2.828761088,standard,0.706409345,0.743897457
56.727153656,-3.427087312,10.460821135,2.933435432,0.373386462,2.875997649,2.400000000,2.904530845,standard,0.699465997,0.736954109
56.796587136,-3.495230540,10.474309792,2.958680941,0.353520904,2.933367208,2.400000000,2.985023313,standard,0.692522649,0.730010761
56.866020617,-3.563675366,10.486120819,2.982481201,0.331112115,2.989636079,0.447018584,3.000000000,standard,0.685579301,0.723067413
56.935454098,-3.632368555,10.496354083,3.004668268,0.307807149,3.000000000,0.000000000,3.000000000,standard,0.678635953,0.716124065
57.004887578,-3.701265609,10.505116652,3.025239729,0.284600229,3.000000000,0.000000000,3.000000000,standard,0.671692605,0.709180717
57.074321059,-3.770322096,10.512515648,3.044205238,0.261576551,3.000000000,0.000000000,3.000000000,standard,0.664749257,0.702237369
57.143754539,-3.839495685,10.518657357,3.061630712,0.240616891,3.000000000,0.000000000,3.000000000,standard,0.657805909,0.695294021
57.213188020,-3.908758909,10.523642156,3.077626811,0.220080738,3.000000000,0.000000000,3.000000000,standard,0.650862561,0.688350673
57.282621501,-3.978090721,10.527567870,3.092197725,0.199576483,3.000000000,0.000000000,3.000000000,standard,0.643919213,0.681407325
57.352054981,-4.047470100,10.530532315,3.105346948,0.179141626,3.000000000,0.000000000,3.000000000,standard,0.636975865,0.674463977
57.421488462,-4.116877493,10.532631477,3.117172413,0.161876943,3.000000000,0.000000000,3.000000000,standard,0.630032517,0.667520629
57.490921942,-4.186302227,10.533950312,3.127829977,0.145090932,3.000000000,0.000000000,3.000000000,standard,0.623089169,0.660577281
57.560355423,-4.255736948,10.534569651,3.137322147,0.128312564,3.000000000,0.000000000,3.000000000,standard,0.616145821,0.653633933
57.629788904,-4.325174305,10.534570322,-3.137535400,0.111554755,3.000000000,0.000000000,3.000000000,standard,0.609202472,0.646690584
57.699222384,-4.394607768,10.534030820,-3.130261040,0.098267052,3.000000000,0.000000000,3.000000000,standard,0.602259124,0.639747236
57.768655865,-4.464035058,10.533017589,-3.123888165,0.085296923,3.000000000,0.000000000,3.000000000,standard,0.595315776,0.633277159
57.838089345,-4.533455265,10.531593186,-3.118415860,0.072327654,3.000000000,0.000000000,3.000000000,standard,0.588372428,0.635779152
57.907522826,-4.602867477,10.529820167,-3.113843938,0.059362604,3.000000000,0.000000000,3.000000000,standard,0.581429080,0.642722501
57.976956307,-4.672271022,10.527756779,-3.109979594,0.052148411,3.000000000,0.000000000,3.000000000,standard,0.574485732,0.649665849
58.046389787,-4.741666268,10.525442116,-3.106601952,0.045142392,3.000000000,0.000000000,3.000000000,standard,0.567542384,0.656609197
58.115823268,-4.811053874,10.522909953,-3.103710774,0.038136348,3.000000000,0.000000000,3.000000000,standard,0.560599036,0.663552545
58.185256749,-4.880434502,10.520194065,-3.101306023,0.031157172,3.000000000,0.000000000,3.000000000,standard,0.554849228,0.670495893
58.254690229,-4.949808868,10.517326756,-3.099325289,0.025896820,3.000000000,0.000000000,3.000000000,standard,0.553112467,0.677439241
58.324123710,-5.019177911,10.514334713,-3.097709809,0.020636304,3.000000000,0.000000000,3.000000000,standard,0.554830215,0.684382589
58.393557190,-5.088542626,10.511243275,-3.096459585,0.015375806,3.000000000,0.000000000,3.000000000,standard,0.559182152,0.691325937
58.462990671,-5.157904003,10.508077785,-3.095574273,0.010265325,3.000000000,0.000000000,3.000000000,standard,0.565347907,0.690630755
58.532424152,-5.227262975,10.504861356,-3.094964418,0.007301246,3.000000000,0.000000000,3.000000000,standard,0.572284912,0.683687407
58.601857632,-5.296620271,10.501609767,-3.094560371,0.004337143,3.000000000,0.000000000,3.000000000,standard,0.578219298,0.676744059
58.671291113,-5.365976580,10.498337293,-3.094362132,0.001373034,3.000000000,0.000000000,3.000000000,standard,0.578814896,0.669800710
58.740724593,-5.435332591,10.495058205,-3.094369823,-0.001621216,3.000000000,0.000000000,3.000000000,standard,0.571871548,0.662857362
58.810158074,-5.504688995,10.491787070,-3.094594355,-0.004846326,3.000000000,0.000000000,3.000000000,standard,0.564928200,0.665843532
58.879591555,-5.574046493,10.488539272,-3.095042818,-0.008071441,3.000000000,0.000000000,3.000000000,standard,0.557984852,0.672786881
58.949025035,-5.643405787,10.485330346,-3.095715212,-0.011296562,3.000000000,0.000000000,3.000000000,standard,0.551041504,0.679730229
59.018458516,-5.712767578,10.482175813,-3.096608800,-0.014045892,3.000000000,0.000000000,3.000000000,standard,0.544098156,0.686673577
59.087891996,-5.782132381,10.479087586,-3.097596324,-0.014399264,3.000000000,0.000000000,3.000000000,standard,0.542299235,0.690591047
59.157325477,-5.851500254,10.476068711,-3.098608384,-0.014752664,3.000000000,0.000000000,3.000000000,standard,0.544719355,0.683647699
59.226758958,-5.920871182,10.473120893,-3.099644984,-0.015106091,3.000000000,0.000000000,3.000000000,standard,0.549887126,0.676704351
59.296192438,-5.990245154,10.470245849,-3.100708289,-0.015748506,3.000000000,0.000000000,3.000000000,standard,0.556330847,0.669761003
59.365625919,-6.059622236,10.467447184,-3.101860507,-0.017440596,3.000000000,0.000000000,3.000000000,standard,0.562524319,0.662817655
59.435059399,-6.129002660,10.464732534,-3.103130212,-0.019132679,3.000000000,0.000000000,3.000000000,standard,0.564974423,0.655874307
59.504492880,-6.198386679,10.462110053,-3.104517405,-0.020824721,3.000000000,0.000000000,3.000000000,standard,0.558031075,0.648930959
59.573926361,-6.267774546,10.459587931,-3.106028036,-0.023161228,3.000000000,0.000000000,3.000000000,standard,0.551087727,0.641987611
59.643359841,-6.337166520,10.457178165,-3.107779057,-0.027275962,3.000000000,0.000000000,3.000000000,standard,0.544144379,0.635044263
59.712793322,-6.406562868,10.454899826,-3.109815791,-0.031391049,3.000000000,0.000000000,3.000000000,standard,0.537201031,0.628100914
59.782226802,-6.475963857,10.452772753,-3.112138254,-0.035506386,3.000000000,0.000000000,3.000000000,standard,0.530257683,0.621157566
59.851660283,-6.545369747,10.450816543,-3.114713341,-0.036605469,3.000000000,0.000000000,3.000000000,standard,0.523314335,0.622084531
59.921093764,-6.614780368,10.449034295,-3.117066750,-0.031183389,3.000000000,0.000000000,3.000000000,standard,0.521732005,0.629027880
59.990527244,-6.684194844,10.447402334,-3.119043694,-0.025761456,3.000000000,0.000000000,3.000000000,standard,0.523830892,0.635971228
60.059960725,-6.753612235,10.445894536,-3.120644185,-0.020339827,3.000000000,0.000000000,3.000000000,standard,0.527587522,0.642914576
60.129394206,-6.823031606,10.444484734,-3.121863224,-0.014524149,3.000000000,0.000000000,3.000000000,standard,0.530998952,0.649857924
60.198827686,-6.892452184,10.443144723,-3.122646116,-0.008026676,3.000000000,0.000000000,3.000000000,standard,0.533044479,0.656801272
60.268261167,-6.961873430,10.441843404,-3.122977863,-0.001529126,3.000000000,0.000000000,3.000000000,standard,0.534097488,0.663744620
60.337694647,-7.031294821,10.440549455,-3.122858461,0.004968427,3.000000000,0.000000000,3.000000000,standard,0.534637439,0.670687968
60.407128128,-7.100715832,10.439231583,-3.122290727,0.011271417,3.000000000,0.000000000,3.000000000,standard,0.535139288,0.677631316
60.476561609,-7.170135850,10.437859455,-3.121298747,0.017302103,3.000000000,0.000000000,3.000000000,standard,0.535918875,0.684574664
60.545995089,-7.239554147,10.436403931,-3.119888032,0.023332857,3.000000000,0.000000000,3.000000000,standard,0.537094192,0.682774792
60.615428570,-7.308969989,10.434835946,-3.118058581,0.029363556,3.000000000,0.000000000,3.000000000,standard,0.538770865,0.675831444
60.684862050,-7.378382637,10.433126629,-3.115828432,0.034281531,3.000000000,0.000000000,3.000000000,standard,0.541045686,0.668888096
60.754295531,-7.447791184,10.431252380,-3.113321492,0.037929444,3.000000000,0.000000000,3.000000000,standard,0.543776858,0.661944748
60.823729012,-7.517194539,10.429195344,-3.110561244,0.041577882,3.000000000,0.000000000,3.000000000,standard,0.546562423,0.655001399
60.893162492,-7.586591602,10.426937958,-3.107547662,0.045226616,3.000000000,0.000000000,3.000000000,standard,0.548987274,0.648058051
60.962595973,-7.655981278,10.424462988,-3.104308365,0.047335952,3.000000000,0.000000000,3.000000000,tight_bend_1_standard,0.550670469,0.644857171
61.032029453,-7.725362556,10.421760233,-3.100998320,0.048007907,3.000000000,0.000000000,3.000000000,tight_bend_1_standard,0.551957398,0.651800519
61.101462934,-7.794734503,10.418826216,-3.097641593,0.048680464,3.000000000,0.000000000,3.000000000,tight_bend_1_standard,0.553888180,0.658743868
61.170896415,-7.864096191,10.415657731,-3.094238146,0.049353555,3.000000000,0.000000000,3.000000000,tight_bend_1_standard,0.557530777,0.665687216
61.240329895,-7.933446621,10.412250405,-3.090699044,0.054541260,3.000000000,0.000000000,3.000000000,tight_bend_1_standard,0.563832946,0.672630564
61.309763376,-8.002783566,10.408579959,-3.086612340,0.063173524,3.000000000,0.000000000,3.000000000,tight_bend_1_standard,0.570776294,0.679573912
61.379196856,-8.072103774,10.404605407,-3.081926252,0.071805694,3.000000000,0.000000000,3.000000000,tight_bend_1_standard,0.577719642,0.678018970
61.448630337,-8.141403959,10.400285251,-3.076640814,0.080435354,3.000000000,0.000000000,3.000000000,tight_bend_1_standard,0.577416639,0.671075622
61.518063818,-8.210680420,10.395575201,-3.070559578,0.098232851,3.000000000,-0.261823616,3.000000000,tight_bend_1_standard,0.570473291,0.664132274
61.587497298,-8.279923639,10.390392017,-3.062923036,0.121725459,2.993934093,-4.000000000,3.000000000,tight_bend_1_standard,0.563529943,0.657188926
61.656930779,-8.349119821,10.384623825,-3.053654914,0.145227420,2.899685070,-4.000000000,3.000000000,tight_bend_1_standard,0.556586595,0.650245578
61.726364259,-8.418255072,10.378158089,-3.042755052,0.168715770,2.802267950,-4.000000000,3.000000000,tight_bend_1_standard,0.550318783,0.643302230
61.795797740,-8.487313423,10.370873460,-3.029643376,0.217245696,2.701340003,-4.000000000,3.000000000,tight_bend_1_standard,0.552249268,0.636358882
61.865231221,-8.556254898,10.362546606,-3.012436294,0.278338419,2.596491858,-4.000000000,3.000000000,tight_bend_1_standard,0.559192616,0.629415533
61.934664701,-8.625024078,10.352888615,-2.990986118,0.339384116,2.487227799,-4.000000000,3.000000000,tight_bend_1_standard,0.566135964,0.622580703
62.004098182,-8.693565289,10.341609495,-2.965301521,0.399988705,2.372937900,-4.000000000,2.806282661,tight_bend_1_standard,0.573079312,0.618769270
62.073531663,-8.761808492,10.328399237,-2.934063646,0.514109330,2.252857392,-4.000000000,2.475298246,tight_bend_1_standard,0.580022660,0.617752976
62.142965143,-8.829544833,10.312754476,-2.893560069,0.651395481,2.126005313,-4.000000000,2.199038872,tight_bend_1_standard,0.586966008,0.619466847
62.212398624,-8.896487704,10.294063539,-2.843477851,0.789465956,1.991087829,-4.000000000,1.997508213,tight_bend_1_standard,0.593909356,0.623937370
62.281832104,-8.962349644,10.271713564,-2.783841719,0.924034696,1.846337700,-2.883400508,1.846337700,tight_bend_1_standard,0.600852704,0.630880718
62.351265585,-9.026803211,10.245113077,-2.715109064,1.047014670,1.734518329,-2.503402156,1.734518329,tight_bend_1_standard,0.607796053,0.637824067
62.420699066,-9.089200758,10.213841936,-2.637333596,1.183803769,1.631230818,-2.148814228,1.631230818,tight_bend_1_standard,0.614739401,0.644767415
62.490132546,-9.148740839,10.177562288,-2.549606037,1.333325047,1.537047391,-1.735772431,1.537047391,tight_bend_1_standard,0.621682749,0.651710763
62.559566027,-9.204621033,10.135936804,-2.451349616,1.484817222,1.456527802,-0.045121033,1.456527802,tight_bend_1_standard,0.628626097,0.648121663
62.628999507,-9.256057588,10.088726189,-2.346805858,1.489215656,1.454375267,-0.034407715,1.454375267,tight_bend_1_standard,0.635569445,0.641178315
62.698432988,-9.302386813,10.036321550,-2.242632133,1.492587297,1.452731676,-0.298209967,1.452731676,tight_bend_1_standard,0.642512793,0.634234967
62.767866469,-9.342992529,9.979363488,-2.137281527,1.522461521,1.438408082,-0.511095342,1.438408082,tight_bend_1_standard,0.649456141,0.627291619
62.837299949,-9.377258677,9.918493222,-2.029123557,1.576542210,1.413521685,0.994836884,1.413521685,tight_bend_1_standard,0.656399489,0.620348271
62.906733430,-9.404689364,9.854368120,-1.922210920,1.474585498,1.461572280,1.251782943,1.461572280,tight_bend_1_standard,0.663342837,0.613404923
62.976166910,-9.425396203,9.787727187,-1.823204423,1.363621711,1.519876581,1.257590531,1.519876581,tight_bend_1_standard,0.670286185,0.606461575
63.045600391,-9.439682345,9.719335165,-1.731356140,1.267777767,1.576281256,1.120413261,1.576281256,tight_bend_1_standard,0.677229533,0.599518227
63.115033872,-9.447851013,9.649956805,-1.645509904,1.193068393,1.624884914,0.521029790,1.624884914,tight_bend_1_standard,0.684172881,0.592574879
63.184467352,-9.450184768,9.580285716,-1.563419764,1.161245454,1.646998727,0.562389592,1.646998727,tight_bend_1_standard,0.691116229,0.585631531
63.253900833,-9.446882254,9.510726572,-1.483666346,1.128748193,1.670539476,0.567598908,1.670539476,tight_bend_1_standard,0.694379882,0.578688182
63.323334313,-9.438120816,9.441610711,-1.406102838,1.097743471,1.693966610,0.411763187,1.693966610,tight_bend_1_standard,0.687436534,0.571744834
63.392767794,-9.424077782,9.373269482,-1.330473603,1.076296368,1.710760994,-1.593360785,1.710760994,tight_bend_1_standard,0.680493185,0.564801486
63.462201275,-9.404845298,9.306108326,-1.252294249,1.164321634,1.644821573,-1.603243083,1.644821573,tight_bend_1_standard,0.673549837,0.557858138
63.531634755,-9.380231047,9.240780091,-1.167424708,1.268728593,1.575690488,-1.487590844,1.575690488,tight_bend_1_standard,0.666606489,0.550914790
63.601068236,-9.349983404,9.177989208,-1.074993512,1.383871262,1.508715776,-1.031910100,1.508715776,tight_bend_1_standard,0.659663141,0.543971442
63.670501716,-9.313851074,9.118440015,-0.974585957,1.476845125,1.460453722,0.597345463,1.460453722,tight_bend_1_standard,0.652719793,0.537028094
63.739935197,-9.271794025,9.062777024,-0.873543358,1.421559291,1.488582085,0.412481993,1.488582085,tight_bend_1_standard,0.645776445,0.530084746
63.809368678,-9.224346031,9.011482246,-0.775546628,1.385738140,1.507699156,0.167182679,1.507699156,tight_bend_1_standard,0.638833097,0.523141398
63.878802158,-9.172137349,8.965010372,-0.679273662,1.371728436,1.515378796,0.244434087,1.515378796,tight_bend_1_standard,0.631889749,0.516198050
63.948235639,-9.115798272,8.923814944,-0.583526420,1.351747589,1.526537492,1.737191829,1.526537492,tight_bend_1_standard,0.624946401,0.509254702
64.017669120,-9.055965507,8.888121284,-0.493717362,1.224939647,1.603606955,2.100088945,1.603606955,tight_bend_1_standard,0.618003053,0.502311354
64.087102600,-8.993289869,8.857652666,-0.412716995,1.100172165,1.692095811,2.400000000,1.692095811,tight_bend_1_standard,0.611059705,0.495368006
64.156536081,-8.928424052,8.832065524,-0.340068714,0.985113727,1.787867149,2.400000000,1.788183534,tight_bend_1_standard,0.604116357,0.488424658
64.225969561,-8.862019348,8.811015523,-0.275107848,0.877220827,1.878762797,2.400000000,1.894963328,tight_bend_1_standard,0.597173009,0.481481310
64.295403042,-8.794587736,8.794082188,-0.218392657,0.753242577,1.965459324,2.400000000,2.044974264,tight_bend_1_standard,0.590229661,0.474537962
64.364836523,-8.726385675,8.780705384,-0.170423467,0.626984069,2.048489947,2.400000000,2.241439515,tight_bend_1_standard,0.583286313,0.467594613
64.434270003,-8.657642265,8.770310020,-0.131192244,0.501849384,2.128283761,2.400000000,2.505351000,tight_bend_1_standard,0.576342965,0.460651265
64.503703484,-8.588585488,8.762323236,-0.100276660,0.406185922,2.205192163,2.400000000,2.784792516,tight_bend_1_standard,0.569399616,0.467408530
64.573136964,-8.519373105,8.756312977,-0.073419978,0.366863808,2.279507223,2.400000000,2.930237637,tight_bend_1_standard,0.562456268,0.474351878
64.642570445,-8.450051988,8.752069510,-0.049315406,0.327243330,2.351474833,2.400000000,3.000000000,tight_bend_1_standard,0.555512920,0.481295227
64.712003926,-8.380659234,8.749402711,-0.027966584,0.287610486,2.421304318,2.400000000,3.000000000,tight_bend_1_standard,0.548569572,0.488238575
64.781437406,-8.311231690,8.748122522,-0.009358617,0.248729614,2.489175627,2.400000000,3.000000000,tight_bend_1_standard,0.541626224,0.495181923
64.850870887,-8.241795319,8.748041867,0.006596848,0.210828732,2.555244805,2.400000000,3.000000000,tight_bend_1_standard,0.534682876,0.502125271
64.920304367,-8.172361099,8.748977773,0.019920995,0.172933968,2.619648204,2.400000000,3.000000000,tight_bend_1_standard,0.527739528,0.509068619
64.989737848,-8.102938920,8.750747565,0.030616488,0.135107090,2.682505811,2.400000000,3.000000000,tight_bend_1_standard,0.520796180,0.516011967
65.059171329,-8.033538502,8.753170080,0.038839357,0.107550115,2.743923857,2.400000000,3.000000000,tight_bend_1_standard,0.522360876,0.522955315
65.128604809,-7.964164071,8.756114135,0.045822414,0.093580161,2.803996940,2.400000000,3.000000000,tight_bend_1_standard,0.529304224,0.529898663
65.198038290,-7.894813232,8.759508753,0.051834645,0.079596696,2.862809729,2.400000000,3.000000000,tight_bend_1_standard,0.536247572,0.526371990
65.267471770,-7.825483196,8.763286541,0.056875653,0.065607966,2.920438366,2.400000000,3.000000000,tight_bend_1_standard,0.543190920,0.519428642
65.336905251,-7.756171160,8.767380192,0.060953005,0.052079512,2.976951622,0.992021714,3.000000000,tight_bend_1_standard,0.550134268,0.512485294
65.406338732,-7.686873997,8.771724585,0.064116788,0.039052200,3.000000000,0.000000000,3.000000000,tight_bend_1_standard,0.557077616,0.505541946
65.475772212,-7.617588234,8.776256905,0.066376087,0.026025737,3.000000000,0.000000000,3.000000000,tight_bend_1_standard,0.564020964,0.498598598
65.545205693,-7.548310385,8.780914448,0.067730955,0.013000341,3.000000000,0.000000000,3.000000000,tight_bend_1_standard,0.570964312,0.491655249
65.614639173,-7.479036997,8.785635403,0.068254276,0.003940327,3.000000000,0.000000000,3.000000000,tight_bend_1_standard,0.577907660,0.498598597
65.684072654,-7.409765368,8.790375908,0.068335796,-0.001592227,3.000000000,0.000000000,3.000000000,tight_bend_1_standard,0.579989765,0.505541946
65.753506135,-7.340493491,8.795108737,0.068033167,-0.007124876,3.000000000,0.000000000,3.000000000,tight_bend_1_standard,0.573046417,0.512485294
65.822939615,-7.271219383,8.799807288,0.067346390,-0.012657489,3.000000000,0.000000000,3.000000000,tight_bend_1_standard,0.566103069,0.519428642
65.892373096,-7.201941124,8.804445694,0.066330112,-0.015473257,3.000000000,0.000000000,3.000000000,tight_bend_1_standard,0.559159721,0.526371990
65.961806576,-7.132657787,8.809009957,0.065226465,-0.016316784,3.000000000,0.000000000,3.000000000,tight_bend_1_standard,0.552216373,0.533315338
66.031240057,-7.063369254,8.813495729,0.064064245,-0.017160403,3.000000000,0.000000000,3.000000000,tight_bend_1_standard,0.545273025,0.538856029
66.100673538,-6.994075430,8.817898939,0.062843447,-0.018004113,3.000000000,0.000000000,3.000000000,tight_bend_1_standard,0.538329677,0.531912681
66.170107018,-6.924776274,8.822216507,0.061631999,-0.015739702,3.000000000,0.000000000,3.000000000,standard,0.545273025,0.524969333
66.239540499,-6.855472482,8.826458537,0.060681241,-0.011646445,3.000000000,0.000000000,3.000000000,standard,0.552216373,0.518025985
66.308973980,-6.786165273,8.830644523,0.060014692,-0.007553189,3.000000000,0.000000000,3.000000000,standard,0.559159721,0.511082637
66.378407460,-6.716855879,8.834794161,0.059632351,-0.003459945,3.000000000,0.000000000,3.000000000,standard,0.566103069,0.504139289
66.447840941,-6.647545485,8.838926474,0.059491408,-0.001180837,3.000000000,0.000000000,3.000000000,standard,0.573046417,0.497195941
66.517274421,-6.578234773,8.843053032,0.059458871,0.000243627,3.000000000,0.000000000,3.000000000,standard,0.579989765,0.490252593
66.586707902,-6.508924115,8.847180764,0.059525239,0.001668088,3.000000000,0.000000000,3.000000000,standard,0.586933113,0.483309245
66.656141383,-6.439613875,8.851316527,0.059690513,0.003092538,3.000000000,0.000000000,3.000000000,standard,0.593876462,0.476365896
66.725574863,-6.370304380,8.855466336,0.059904754,0.002546429,3.000000000,0.000000000,3.000000000,standard,0.600819810,0.478540935
66.795008344,-6.300995596,8.859628358,0.060037294,0.001271317,3.000000000,0.000000000,3.000000000,standard,0.595447509,0.485484284
66.864441824,-6.231687295,8.863796492,0.060081298,-0.000003795,3.000000000,0.000000000,3.000000000,standard,0.588504161,0.492427632
66.933875305,-6.162379244,8.867964592,0.060036767,-0.001278930,3.000000000,0.000000000,3.000000000,standard,0.581560813,0.499370980
67.003308786,-6.093070945,8.872122823,0.059698802,-0.010119387,3.000000000,0.000000000,3.000000000,tight_bend_2_standard,0.574617465,0.506314328
67.072742266,-6.023759793,8.876232271,0.058615262,-0.021091647,3.000000000,0.000000000,3.000000000,tight_bend_2_standard,0.567674117,0.507569620
67.142175747,-5.954442187,8.880240241,0.056769907,-0.032062713,3.000000000,0.000000000,3.000000000,tight_bend_2_standard,0.560730769,0.500626272
67.211609227,-5.885114519,8.884093956,0.054162826,-0.043031089,3.000000000,0.000000000,3.000000000,tight_bend_2_standard,0.553787421,0.493682924
67.281042708,-5.815773041,8.887726814,0.050075265,-0.078936365,3.000000000,0.000000000,3.000000000,tight_bend_2_standard,0.546844073,0.486739576
67.350476189,-5.746413056,8.890979413,0.043170345,-0.119950880,3.000000000,0.000000000,3.000000000,tight_bend_2_standard,0.539900725,0.479796228
67.419909669,-5.677029478,8.893654172,0.033417485,-0.160964661,3.000000000,0.000000000,3.000000000,tight_bend_2_standard,0.532957377,0.472852880
67.489343150,-5.607617221,8.895553392,0.020817757,-0.201919220,3.000000000,0.000000000,3.000000000,tight_bend_2_standard,0.526014029,0.465909532
67.558776630,-5.538175052,8.896483743,0.005591597,-0.235747374,3.000000000,0.000000000,3.000000000,tight_bend_2_standard,0.519070681,0.458966184
67.628210111,-5.468723849,8.896276973,-0.011928689,-0.268809506,3.000000000,-3.560731557,3.000000000,tight_bend_2_standard,0.512127333,0.452022835
67.697643592,-5.399292362,8.894773757,-0.031749596,-0.302011155,2.916424528,-4.000000000,3.000000000,tight_bend_2_standard,0.505183985,0.457105928
67.767077072,-5.329909352,8.891814778,-0.053877273,-0.335225598,2.819585818,-4.000000000,3.000000000,tight_bend_2_standard,0.498240637,0.464049276
67.836510553,-5.260607804,8.887241361,-0.078296200,-0.367961808,2.719300708,-4.000000000,2.925862448,tight_bend_2_standard,0.491297289,0.470992625
67.905944033,-5.191441460,8.880897960,-0.104998314,-0.400930897,2.615172747,-4.000000000,2.802983326,tight_bend_2_standard,0.484353941,0.477935973
67.975377514,-5.122470418,8.872629992,-0.133997270,-0.433947188,2.506723090,-4.000000000,2.694243461,tight_bend_2_standard,0.477410592,0.484879321
68.044810995,-5.053754780,8.862282871,-0.165293999,-0.466685139,2.393364327,-4.000000000,2.598024793,tight_bend_2_standard,0.470467244,0.491822669
68.114244475,-4.985384034,8.849654058,-0.201187863,-0.567265516,2.274362540,-4.000000000,2.356470922,tight_bend_2_standard,0.463523896,0.498766017
68.183677956,-4.917571027,8.834339716,-0.244228154,-0.671116499,2.148780378,-4.000000000,2.166488156,tight_bend_2_standard,0.456580548,0.505709365
68.253111437,-4.850560967,8.815883196,-0.294512273,-0.775520292,2.015388118,-3.378622814,2.015388118,tight_bend_2_standard,0.449637200,0.512652713
68.322544917,-4.784599069,8.793827853,-0.352025009,-0.876799829,1.895418209,-2.496066273,1.895418209,tight_bend_2_standard,0.442693852,0.519596061
68.391978398,-4.719994716,8.767751961,-0.416316586,-0.970428413,1.801662856,-2.260369303,1.801662856,tight_bend_2_standard,0.435750504,0.526539409
68.461411878,-4.657285206,8.737357824,-0.487526818,-1.074315911,1.712337126,-1.963358461,1.712337126,tight_bend_2_standard,0.442693852,0.533482757
68.530845359,-4.597058417,8.702375270,-0.566188317,-1.184454182,1.630782882,-1.497162472,1.630782882,tight_bend_2_standard,0.449637200,0.540426105
68.600278840,-4.539902236,8.662534236,-0.652548621,-1.284903274,1.565741487,-0.420526469,1.565741487,tight_bend_2_standard,0.456580548,0.547369453
68.669712320,-4.486418537,8.617694469,-0.743237489,-1.316257271,1.546980663,-0.626567856,1.546980663,tight_bend_2_standard,0.463523896,0.554312801
68.739145801,-4.437250246,8.568096743,-0.836833817,-1.365919048,1.518597905,-0.747428407,1.518597905,tight_bend_2_standard,0.470467244,0.561256149
68.808579281,-4.393047783,8.514051382,-0.934415506,-1.430292653,1.484030487,-0.606493548,1.484030487,tight_bend_2_standard,0.477410592,0.568199497
68.878012762,-4.354461288,8.455869081,-1.036745802,-1.487164657,1.455377810,0.072370862,1.455377810,tight_bend_2_standard,0.484353940,0.575142845
68.947446243,-4.322060256,8.393967169,-1.140341357,-1.480141789,1.458826409,-0.124257716,1.458826409,tight_bend_2_standard,0.491297289,0.582086194
69.016879723,-4.296222467,8.329016474,-1.244165102,-1.492240916,1.452900272,-0.299423601,1.452900272,tight_bend_2_standard,0.498240637,0.589029542
69.086313204,-4.277297828,8.261724678,-1.349475233,-1.522225099,1.438519779,-0.245206928,1.438519779,tight_bend_2_standard,0.505183985,0.595972890
69.155746684,-4.265635246,8.192799833,-1.457258090,-1.547692504,1.426635207,0.134890075,1.426635207,tight_bend_2_standard,0.512127333,0.602916238
69.225180165,-4.261468441,8.122992298,-1.564931378,-1.533578215,1.433185190,-0.061799326,1.433185190,tight_bend_2_standard,0.519070681,0.609859586
69.294613646,-4.264810518,8.053133475,-1.672344439,-1.540012529,1.430188066,-0.248208798,1.430188066,tight_bend_2_standard,0.526014029,0.616802934
69.364047126,-4.275649662,7.984063916,-1.780879062,-1.566408327,1.418086705,-0.059534452,1.418086705,tight_bend_2_standard,0.523414135,0.611137009
69.433480607,-4.293970857,7.916623014,-1.891407976,-1.572874627,1.415168730,0.498598576,1.415168730,tight_bend_2_standard,0.516470786,0.604193661
69.502914087,-4.319569152,7.851581128,-1.999466499,-1.520313265,1.439423983,0.336829277,1.439423983,tight_bend_2_standard,0.509527438,0.597250313
69.572347568,-4.351946320,7.789602026,-2.104529245,-1.486749620,1.455580936,0.118364608,1.455580936,tight_bend_2_standard,0.502584090,0.590306965
69.641781049,-4.390579040,7.731340357,-2.207974193,-1.475304254,1.461216204,0.431997804,1.461216204,tight_bend_2_standard,0.495640742,0.583363617
69.711214529,-4.434941350,7.677443156,-2.310544766,-1.434986229,1.481601504,1.280229983,1.481601504,tight_bend_2_standard,0.488697394,0.576420269
69.780648010,-4.484412066,7.628283054,-2.406890273,-1.327475772,1.540430026,1.378481533,1.540430026,tight_bend_2_standard,0.481754046,0.569476921
69.850081490,-4.538250467,7.583888203,-2.496023264,-1.228381363,1.601358862,1.355036144,1.601358862,tight_bend_2_standard,0.474810698,0.562533573
69.919514971,-4.595708251,7.544264897,-2.578750345,-1.144405872,1.659072017,1.786887148,1.659072017,tight_bend_2_standard,0.467867350,0.555590225
69.988948452,-4.656042858,7.509410448,-2.655650815,-1.049769210,1.732241192,2.400000000,1.732241192,tight_bend_2_standard,0.464126373,0.548646877
70.058381932,-4.718654858,7.479098316,-2.724338562,-0.924084003,1.825908062,2.400000000,1.846288441,tight_bend_2_standard,0.469418261,0.541703529
70.127815413,-4.783094333,7.452868118,-2.784244466,-0.798180516,1.914998945,2.400000000,1.986573856,tight_bend_2_standard,0.476361609,0.534760181
70.197248894,-4.848918391,7.430248489,-2.835536724,-0.676432993,2.000125413,2.400000000,2.157957494,tight_bend_2_standard,0.483304957,0.527816833
70.266682374,-4.915692555,7.410772669,-2.879049022,-0.587900754,2.081773852,2.400000000,2.314745606,tight_bend_2_standard,0.490248305,0.520873485
70.336115855,-4.983142226,7.394061399,-2.917643342,-0.522653540,2.160338650,2.400000000,2.454982093,tight_bend_2_standard,0.497191653,0.513930137
70.405549335,-5.051135946,7.379813759,-2.951671028,-0.456935241,2.236144849,2.400000000,2.625596288,tight_bend_2_standard,0.504135001,0.506986789
70.474982816,-5.119547314,7.367731596,-2.981141911,-0.391590805,2.309464114,2.400000000,2.836214248,tight_bend_2_standard,0.511078349,0.500043440
70.544416297,-5.188252791,7.357521304,-3.006449454,-0.344080378,2.380526245,2.400000000,3.000000000,tight_bend_2_standard,0.518021698,0.496917373
70.613849777,-5.257172440,7.348958493,-3.029100567,-0.308198993,2.449527691,2.400000000,3.000000000,tight_bend_2_standard,0.524965046,0.497554988
70.683283258,-5.326260280,7.341872684,-3.049259833,-0.272348568,2.516637959,2.400000000,3.000000000,tight_bend_2_standard,0.531908394,0.500090136
70.752716738,-5.395471228,7.336094820,-3.066934764,-0.236664260,2.582004516,2.400000000,3.000000000,tight_bend_2_standard,0.538851742,0.502650103
70.822150219,-5.464761613,7.331457735,-3.082269189,-0.207041625,2.645756608,2.400000000,3.000000000,tight_bend_2_standard,0.545795090,0.503468235
70.891583700,-5.534105452,7.327817943,-3.095728198,-0.180598098,2.708008260,2.400000000,3.000000000,tight_bend_2_standard,0.552738438,0.502103975
70.961017180,-5.603488786,7.325048055,-3.107350331,-0.154148306,2.768860676,2.400000000,3.000000000,tight_bend_2_standard,0.559681786,0.499018713
71.030450661,-5.672897887,7.323020993,-3.117136689,-0.127727383,2.828404170,2.400000000,3.000000000,tight_bend_2_standard,0.561295269,0.494691098
71.099884141,-5.742319680,7.321610446,-3.125137651,-0.103330303,2.886719740,2.400000000,3.000000000,tight_bend_2_standard,0.554351921,0.489680450
71.169317622,-5.811747863,7.320698100,-3.131494995,-0.079786542,2.943880358,2.400000000,3.000000000,tight_bend_2_standard,0.547408573,0.485386489
71.238751103,-5.881180162,7.320170392,-3.136217443,-0.056239972,2.999952045,0.002071968,3.000000000,tight_bend_2_standard,0.540465225,0.483708219
71.308184583,-5.950614354,7.319913819,-3.139305053,-0.032696227,3.000000000,2.400000000,3.000000000,tight_bend_2_standard,0.547408573,0.486551234
71.377618064,-6.020048397,7.319815942,-3.140819309,-0.011516840,3.055041851,2.400000000,4.000000000,round_arc_transition,0.554351921,0.493494583
71.447051544,-6.089481812,7.319773630,-3.140911335,0.008866194,3.109109424,2.400000000,4.000000000,round_arc_transition,0.561295269,0.500437931
71.516485025,-6.158914929,7.319688574,-3.139588091,0.029249337,3.162252697,2.400000000,4.000000000,round_arc_transition,0.568238617,0.507381279
71.585918506,-6.228348088,7.319462508,-3.136849614,0.049630520,3.214517511,2.400000000,4.000000000,round_arc_transition,0.575181965,0.514324627
71.655351986,-6.297781279,7.318997974,-3.132739768,0.068431041,3.265946040,2.400000000,4.000000000,dynamic_arc_transition,0.582125313,0.521267975
71.724785467,-6.367211889,7.318203539,-3.127349246,0.086837530,3.316577188,2.400000000,4.000000000,dynamic_arc_transition,0.589068661,0.528211323
71.794218947,-6.436636138,7.316990488,-3.120680546,0.105247175,3.366446932,2.400000000,4.000000000,dynamic_arc_transition,0.594909132,0.532632352
71.863652428,-6.506050235,7.315270119,-3.112733645,0.123650423,3.415588625,2.400000000,4.000000000,dynamic_arc_transition,0.587965784,0.525689004
71.933085909,-6.575449519,7.312954489,-3.103546090,0.140788126,3.464033251,2.400000000,4.000000000,dynamic_arc_transition,0.581022436,0.518745655
72.002519389,-6.644823769,7.309960474,-3.093181781,0.157731516,3.511809657,2.400000000,4.000000000,dynamic_arc_transition,0.574079088,0.511802307
72.071952870,-6.714160595,7.306206836,-3.081640206,0.174694859,3.558944756,2.400000000,4.000000000,dynamic_arc_transition,0.567135740,0.508905752
72.141386351,-6.783447600,7.301612339,-3.068920499,0.191654917,3.605463699,2.400000000,4.000000000,dynamic_arc_transition,0.560192392,0.515849101
72.210819831,-6.852670942,7.296096700,-3.055062680,0.207340180,3.651390035,0.406836822,3.897746063,dynamic_arc_transition,0.553249044,0.522792449
72.280253312,-6.921808921,7.289584805,-3.040122028,0.222961418,3.659118116,-4.000000000,3.758723833,dynamic_arc_transition,0.548779282,0.529735797
72.349686792,-6.990837184,7.282003286,-3.024094569,0.238637953,3.582412252,-4.000000000,3.633168323,dynamic_arc_transition,0.555722630,0.536679145
72.419120273,-7.059731373,7.273278776,-3.006977370,0.254330114,3.504027639,-4.000000000,3.519300767,dynamic_arc_transition,0.562665978,0.543622493
72.488553754,-7.128465197,7.263339571,-2.988831011,0.268176825,3.423848981,-4.000000000,3.427241081,dynamic_arc_transition,0.569609326,0.550565841
72.557987234,-7.197003345,7.252121713,-2.969723998,0.282074211,3.341747149,-3.804689595,3.341747149,dynamic_arc_transition,0.576552674,0.557509189
72.627420715,-7.265307887,7.239563495,-2.949647843,0.296082453,3.261737010,-3.473827994,3.261737010,dynamic_arc_transition,0.583496022,0.564452537
72.696854195,-7.333340891,7.225603211,-2.928596101,0.310145345,3.186930873,-2.530274494,3.186930873,dynamic_arc_transition,0.590439370,0.571395885
72.766287676,-7.401062388,7.210182141,-2.906669982,0.321259521,3.131318709,-2.408591329,3.131318709,dynamic_arc_transition,0.597382718,0.578339233
72.835721157,-7.468424274,7.193253483,-2.883963124,0.332605364,3.077447497,-2.284578379,3.077447497,dynamic_arc_transition,0.604326067,0.585282581
72.905154637,-7.535376417,7.174773408,-2.860461778,0.344133268,3.025463707,-2.117893301,3.025463707,dynamic_arc_transition,0.611269415,0.592225929
72.974588118,-7.601868682,7.154698091,-2.836155134,0.355557553,2.976461865,-1.323512018,2.976461865,dynamic_arc_transition,0.618212763,0.599169277
73.044021598,-7.667849610,7.132988372,-2.811197430,0.363090077,2.945425800,-1.318996901,2.945425800,dynamic_arc_transition,0.625156111,0.606112625
73.113455079,-7.733263198,7.109621068,-2.785705403,0.370921277,2.914166785,-1.304699937,2.914166785,dynamic_arc_transition,0.632099459,0.613055973
73.182888560,-7.798052472,7.084576413,-2.759660466,0.379007174,2.882913168,-1.199239349,2.882913168,dynamic_arc_transition,0.639042807,0.619999321
73.252322040,-7.862160459,7.057834641,-2.733048175,0.386756779,2.853883952,-0.505922463,2.853883952,dynamic_arc_transition,0.645986155,0.626942669
73.321755521,-7.925530550,7.029381944,-2.706066574,0.390121978,2.841548468,-0.545897147,2.841548468,dynamic_arc_transition,0.652929503,0.633886018
73.391189001,-7.988107202,6.999221987,-2.678839137,0.393819380,2.828177968,-0.579939253,2.828177968,dynamic_arc_transition,0.659872851,0.640829366
73.460622482,-8.049835066,6.967361631,-2.651344122,0.397824910,2.813904088,-0.492936608,2.813904088,dynamic_arc_transition,0.666816199,0.647772714
73.530055963,-8.110658801,6.933807747,-2.623565411,0.401294149,2.801714405,0.091454463,2.801714405,dynamic_arc_transition,0.673759547,0.654716062
73.599489443,-8.170525617,6.898573169,-2.595712634,0.400645937,2.803979959,0.045769860,2.803979959,dynamic_arc_transition,0.680702895,0.661659410
73.668922924,-8.229389178,6.861685780,-2.567893384,0.400322315,2.805113105,-0.000447106,2.805113105,dynamic_arc_transition,0.687646243,0.668602758
73.738356404,-8.287204149,6.823175804,-2.540085298,0.400325474,2.805102038,0.083262735,2.805102038,dynamic_arc_transition,0.694589591,0.675546106
73.807789885,-8.343925219,6.783073485,-2.512272597,0.399738082,2.807162248,0.542003542,2.807162248,dynamic_arc_transition,0.701532939,0.682489454
73.877223366,-8.399511359,6.741413516,-2.484636895,0.395956155,2.820536522,0.510192340,2.820536522,dynamic_arc_transition,0.708476287,0.689432802
73.946656846,-8.453930877,6.698240275,-2.457253996,0.392461004,2.833068148,0.472878298,2.833068148,dynamic_arc_transition,0.715419635,0.696376150
74.016090327,-8.507153310,6.653599415,-2.430103202,0.389276132,2.844633949,0.552837592,2.844633949,dynamic_arc_transition,0.722362984,0.703319498
74.085523807,-8.559148241,6.607536609,-2.403170046,0.385617653,2.858096076,0.880059683,2.858096076,dynamic_arc_transition,0.729306332,0.710262846
74.154957288,-8.609890097,6.560099588,-2.376582072,0.379933509,2.879396533,0.868354615,2.879396533,dynamic_arc_transition,0.736249680,0.717206194
74.224390769,-8.659362456,6.511339960,-2.350380900,0.374486857,2.900260361,0.848837761,2.900260361,dynamic_arc_transition,0.743193028,0.724149542
74.293824249,-8.707549909,6.461309765,-2.324548764,0.369311474,2.920511202,0.916042650,2.920511202,dynamic_arc_transition,0.750136376,0.731092890
74.363257730,-8.754437107,6.410061040,-2.299072374,0.363884467,2.942208990,1.121131920,2.942208990,dynamic_arc_transition,0.757079724,0.738036238
74.432691211,-8.800012968,6.357645577,-2.274020967,0.357455654,2.968548791,1.127104498,2.968548791,dynamic_arc_transition,0.764023072,0.744979587
74.502124691,-8.844273396,6.304114763,-2.249409736,0.351217574,2.994795402,1.125011110,2.994795402,dynamic_arc_transition,0.770966420,0.749149392
74.571558172,-8.887214949,6.249519952,-2.225224106,0.345204482,3.020765859,1.167773694,3.020765859,dynamic_arc_transition,0.777909768,0.742206043
74.640991652,-8.928834241,6.193912457,-2.201451356,0.339176809,3.047489386,1.271131546,3.047489386,dynamic_arc_transition,0.776306237,0.738809819
74.710425133,-8.969130937,6.137341745,-2.178113615,0.332850445,3.076314310,1.287977297,3.076314310,dynamic_arc_transition,0.769362889,0.745753168
74.779858614,-9.008109047,6.079854641,-2.155210214,0.326676488,3.105248336,1.297478407,3.105248336,dynamic_arc_transition,0.762419541,0.752696516
74.849292094,-9.045772913,6.021497769,-2.132729429,0.320684318,3.134125733,1.306001626,3.134125733,dynamic_arc_transition,0.755476193,0.759639864
74.918725575,-9.082126929,5.962317680,-2.110658593,0.314870758,3.162926586,1.332298243,3.162926586,dynamic_arc_transition,0.748532845,0.766583212
74.988159055,-9.117177205,5.902358278,-2.088988788,0.309153390,3.192039598,1.352171306,3.192039598,dynamic_arc_transition,0.741589497,0.773526560
75.057592536,-9.150931994,5.841660175,-2.067711968,0.303559196,3.221317854,1.365629286,3.221317854,dynamic_arc_transition,0.734646148,0.780469908
75.127026017,-9.183399683,5.780263776,-2.046818700,0.298111125,3.250619865,1.334563433,3.250619865,dynamic_arc_transition,0.727702800,0.787413256
75.196459497,-9.214588681,5.718209378,-2.026296136,0.292972666,3.279002329,1.307366034,3.279002329,dynamic_arc_transition,0.720759452,0.794356604
75.265892978,-9.244507991,5.655534472,-2.006118296,0.288107835,3.306570160,1.323535420,3.306570160,dynamic_arc_transition,0.713816104,0.801299952
75.335326458,-9.273167262,5.592273481,-1.986274912,0.283344687,3.334246776,1.334131553,3.334246776,dynamic_arc_transition,0.706872756,0.808243300
75.404759939,-9.300576175,5.528460676,-1.966758286,0.278700183,3.361914389,1.263269670,3.361914389,dynamic_arc_transition,0.699929408,0.815186648
75.474193420,-9.326744403,5.464130204,-1.947555365,0.274440571,3.387904187,1.202414212,3.387904187,dynamic_arc_transition,0.692986060,0.822129996
75.543626900,-9.351681384,5.399313621,-1.928632807,0.270505372,3.412458115,1.210393013,3.412458115,dynamic_arc_transition,0.686042712,0.829073344
75.613060381,-9.375396338,5.334040011,-1.909980630,0.266656418,3.436997816,1.213564733,3.436997816,dynamic_arc_transition,0.679099364,0.836016692
75.682493861,-9.397898474,5.268338359,-1.891592400,0.262905794,3.461427167,1.107061679,3.461427167,dynamic_arc_transition,0.672156016,0.842960040
75.751927342,-9.419196956,5.202237522,-1.873454923,0.259575186,3.483563165,1.027904968,3.483563165,dynamic_arc_transition,0.665212668,0.849903388
75.821360823,-9.439300172,5.135764181,-1.855533241,0.256557396,3.503991205,1.025767571,3.503991205,dynamic_arc_transition,0.658269320,0.856846737
75.890794303,-9.458215859,5.068943201,-1.837818571,0.253615029,3.524258729,1.019627667,3.524258729,dynamic_arc_transition,0.651325972,0.863790085
75.960227784,-9.475951736,5.001799390,-1.820305373,0.250756405,3.544290082,0.884784959,3.544290082,dynamic_arc_transition,0.644382624,0.870733433
76.029661264,-9.492515441,4.934357437,-1.802980378,0.248327542,3.561581051,0.798768950,3.561581051,dynamic_arc_transition,0.637439276,0.874370513
76.099094745,-9.507913509,4.866640347,-1.785810013,0.246174868,3.577119260,0.786912627,3.577119260,dynamic_arc_transition,0.630495928,0.867427165
76.168528226,-9.522151669,4.798669898,-1.768786809,0.244090334,3.592361113,0.771980096,3.592361113,dynamic_arc_transition,0.623552579,0.860483817
76.237961706,-9.535235631,4.730467838,-1.751905842,0.242079376,3.607251155,0.617858266,3.607251155,dynamic_arc_transition,0.616609231,0.853540469
76.307395187,-9.547170996,4.662055816,-1.735153804,0.240493612,3.619124341,0.533290937,3.619124341,dynamic_arc_transition,0.609665883,0.846597121
76.376828668,-9.557962091,4.593454308,-1.718499829,0.239141505,3.629341192,0.513834118,3.629341192,dynamic_arc_transition,0.602722535,0.839653773
76.446262148,-9.567612435,4.524683041,-1.701937560,0.237853033,3.639158154,0.492355629,3.639158154,dynamic_arc_transition,0.595779187,0.832710425
76.515695629,-9.576125534,4.455761734,-1.685462465,0.236631379,3.648539982,0.328781597,3.648539982,dynamic_arc_transition,0.588835839,0.825767077
76.585129109,-9.583504752,4.386710032,-1.669061224,0.235822556,3.654791499,0.251602522,3.654791499,dynamic_arc_transition,0.581892491,0.818823729
76.654562590,-9.589752137,4.317546911,-1.652706128,0.235207323,3.659568305,0.227615377,3.659568305,dynamic_arc_transition,0.574949143,0.811880380
76.723996071,-9.594868997,4.248290976,-1.636391633,0.234653504,3.663884337,0.202729354,3.663884337,dynamic_arc_transition,0.568870446,0.804937032
76.793429551,-9.598856636,4.178960824,-1.620113421,0.234162427,3.667724205,0.039664153,3.667724205,dynamic_arc_transition,0.565312349,0.797993684
76.862863032,-9.601716196,4.109575032,-1.603858208,0.234066588,3.668475008,-0.026126743,3.668475008,dynamic_arc_transition,0.564548070,0.791050336
76.932296512,-9.603447543,4.040151988,-1.587601525,0.234129708,3.667980472,-0.051406200,3.667980472,dynamic_arc_transition,0.565117595,0.784106988
77.001729993,-9.604049920,3.970709987,-1.571338336,0.234254001,3.667007243,-0.076482391,3.667007243,dynamic_arc_transition,0.558325628,0.777163640
77.071163474,-9.603522570,3.901267327,-1.555064388,0.234439170,3.665558790,-0.229095772,3.665558790,dynamic_arc_transition,0.551382280,0.770220292
77.140596954,-9.601864565,3.831842341,-1.538766576,0.234995580,3.661216657,-0.281295152,3.661216657,dynamic_arc_transition,0.544438932,0.763276944
77.210030435,-9.599073829,3.762453639,-1.522423693,0.235682392,3.655878117,-0.305133609,3.655878117,dynamic_arc_transition,0.537495584,0.756333596
77.279463915,-9.595147803,3.693119942,-1.506030933,0.236431961,3.650078332,-0.327768628,3.650078332,dynamic_arc_transition,0.530552236,0.749390248
77.348897396,-9.590083926,3.623859971,-1.489583971,0.237242464,3.643838031,-0.459934056,3.643838031,dynamic_arc_transition,0.525056510,0.742446900
77.418330877,-9.583879480,3.554692570,-1.473070225,0.238389198,3.635063404,-0.498252149,3.635063404,dynamic_arc_transition,0.527567541,0.735503552
77.487764357,-9.576530822,3.485637282,-1.456471870,0.239644045,3.625533780,-0.518900195,3.625533780,dynamic_arc_transition,0.534510889,0.728560204
77.557197838,-9.568033976,3.416713909,-1.439784067,0.240965015,3.615582539,-0.537495291,3.615582539,dynamic_arc_transition,0.541454237,0.721616856
77.626631318,-9.558384963,3.347942250,-1.423002297,0.242348766,3.605245728,-0.638790757,3.605245728,dynamic_arc_transition,0.548397585,0.714673508
77.696064799,-9.547579691,3.279342322,-1.406115195,0.244014105,3.592922185,-0.665036520,3.592922185,dynamic_arc_transition,0.555340933,0.707730160
77.765498280,-9.535613484,3.210935227,-1.389108606,0.245772360,3.580047238,-0.681972931,3.580047238,dynamic_arc_transition,0.562284281,0.700786811
77.834931760,-9.522481487,3.142742406,-1.371977426,0.247601903,3.566796142,-0.696169341,3.566796142,dynamic_arc_transition,0.569227629,0.693843463
77.904365241,-9.508178843,3.074785299,-1.354716810,0.249497840,3.553218231,-0.755549817,3.553218231,dynamic_arc_transition,0.576170977,0.686900115
77.973798721,-9.492700673,3.007085669,-1.337317846,0.251588625,3.538423221,-0.773796417,3.538423221,dynamic_arc_transition,0.583114325,0.679956767
78.043232202,-9.476041997,2.939666661,-1.319770486,0.253766537,3.523206513,-0.787728820,3.523206513,dynamic_arc_transition,0.590057674,0.673013419
78.112665683,-9.458197808,2.872551791,-1.302069141,0.256022739,3.507648019,-0.798167429,3.507648019,dynamic_arc_transition,0.597001022,0.666070071
78.182099163,-9.439163099,2.805764573,-1.284208513,0.258350132,3.491812644,-0.804295401,3.491812644,dynamic_arc_transition,0.603944370,0.659126723
78.251532644,-9.418933009,2.739328941,-1.266184139,0.260738592,3.475782715,-0.820618051,3.475782715,dynamic_arc_transition,0.610887718,0.652183375
78.320966125,-9.397503204,2.673270364,-1.247990524,0.263221474,3.459350914,-0.833261409,3.459350914,dynamic_arc_transition,0.617831066,0.645240027
78.390399605,-9.374869478,2.607614662,-1.229621431,0.265791467,3.442585695,-0.836829844,3.442585695,dynamic_arc_transition,0.624774414,0.638296679
78.459833086,-9.351027619,2.542387660,-1.211071026,0.268423474,3.425666103,-0.787517294,3.425666103,dynamic_arc_transition,0.631717762,0.631353331
78.529266566,-9.325973832,2.477615645,-1.192342080,0.270948441,3.409666863,-0.805098203,3.409666863,dynamic_arc_transition,0.638661110,0.624409983
78.598700047,-9.299705616,2.413326378,-1.173434000,0.273579358,3.393232467,-0.818764131,3.393232467,dynamic_arc_transition,0.645604458,0.617466635
78.668133528,-9.272220731,2.349547910,-1.154339793,0.276307857,3.376437070,-0.810825378,3.376437070,dynamic_arc_transition,0.652547806,0.610523287
78.737567008,-9.243516937,2.286308293,-1.135053143,0.279064070,3.359721779,-0.708714464,3.359721779,dynamic_arc_transition,0.659491154,0.603579939
78.807000489,-9.213592780,2.223635990,-1.115587370,0.281518614,3.345043110,-0.729663763,3.345043110,dynamic_arc_transition,0.666434502,0.596636591
78.876433969,-9.182448955,2.161560578,-1.095946927,0.284091237,3.329862943,-0.746710304,3.329862943,dynamic_arc_transition,0.673377850,0.589693243
78.945867450,-9.150086518,2.100111823,-1.076123996,0.286773101,3.314256150,-0.722225060,3.314256150,dynamic_arc_transition,0.680321198,0.582749894
79.015300931,-9.116506530,2.039319493,-1.056112063,0.289415639,3.299090879,-0.573052484,3.299090879,dynamic_arc_transition,0.687264546,0.575806546
79.084734411,-9.081711308,1.979213531,-1.035938281,0.291547279,3.287008149,-0.598788522,3.287008149,dynamic_arc_transition,0.694207894,0.568863198
79.154167892,-9.045706120,1.919824302,-1.015611860,0.293808459,3.274335143,-0.620995610,3.274335143,dynamic_arc_transition,0.701151243,0.561919850
79.223601372,-9.008496663,1.861182226,-0.995124166,0.296190849,3.261140116,-0.574950154,3.261140116,dynamic_arc_transition,0.708094591,0.554976502
79.293034853,-8.970088641,1.803317725,-0.974469023,0.298431295,3.248875694,-0.387518851,3.248875694,dynamic_arc_transition,0.715037939,0.548033154
79.362468334,-8.930489502,1.746260925,-0.953689734,0.299960585,3.240583236,-0.418162269,3.240583236,dynamic_arc_transition,0.721981287,0.541089806
79.431901814,-8.889710244,1.690041353,-0.932799339,0.301628484,3.231611175,-0.446125786,3.231611175,dynamic_arc_transition,0.728924635,0.534146458
79.501335295,-8.847762296,1.634688464,-0.911788505,0.303428492,3.222011585,-0.374265066,3.222011585,dynamic_arc_transition,0.735867983,0.527203110
79.570768775,-8.804657113,1.580231700,-0.890652142,0.304955214,3.213936154,-0.159862482,3.213936154,dynamic_arc_transition,0.742811331,0.520259762
79.640202256,-8.760408266,1.526699483,-0.869449853,0.305612027,3.210480647,-0.193836655,3.210480647,dynamic_arc_transition,0.749754679,0.513316414
79.709635737,-8.715033080,1.474118429,-0.848196911,0.306412231,3.206285776,-0.226497869,3.206285776,dynamic_arc_transition,0.756698027,0.506373066
79.779069217,-8.668549265,1.422514967,-0.826883530,0.307352594,3.201377111,-0.126226531,3.201377111,dynamic_arc_transition,0.763641375,0.499429718
79.848502698,-8.620974570,1.371915493,-0.805506484,0.307879164,3.198638259,0.102459217,3.198638259,dynamic_arc_transition,0.770584723,0.492486370
79.917936178,-8.572328976,1.322344479,-0.784138701,0.307451605,3.200861589,0.068500939,3.200861589,dynamic_arc_transition,0.777528071,0.485543022
79.987369659,-8.522635907,1.273823419,-0.762795646,0.307166414,3.202347175,0.034073157,3.202347175,dynamic_arc_transition,0.784471419,0.478599674
80.056803140,-8.471919084,1.226373556,-0.741467440,0.307024754,3.203085866,0.162992664,3.203085866,dynamic_arc_transition,0.791414767,0.471656325
80.126236620,-8.420202275,1.180016065,-0.720153250,0.306348910,3.206617121,0.393570202,3.206617121,dynamic_arc_transition,0.798358115,0.478599673
80.195670101,-8.367511214,1.134769276,-0.698933229,0.304729186,3.215127876,0.364463210,3.215127876,dynamic_arc_transition,0.805301463,0.485543022
80.265103582,-8.313874280,1.090647695,-0.677821025,0.303244451,3.222989165,0.332962725,3.222989165,dynamic_arc_transition,0.812244812,0.492486370
80.334537062,-8.259320041,1.047665554,-0.656807095,0.301900632,3.230154281,0.488071118,3.230154281,dynamic_arc_transition,0.819188160,0.499429718
80.403970543,-8.203877107,1.005836976,-0.635893015,0.299952189,3.240628586,0.710165430,3.240628586,dynamic_arc_transition,0.826131508,0.506373066
80.473404023,-8.147575392,0.965172537,-0.615158161,0.297161621,3.255808985,0.691713530,3.255808985,dynamic_arc_transition,0.833074856,0.513316414
80.542837504,-8.090446350,0.925678643,-0.594612918,0.294493028,3.270527221,0.669203079,3.270527221,dynamic_arc_transition,0.840018204,0.520259762
80.612270985,-8.032521521,0.887361461,-0.574248497,0.291956501,3.284703716,0.845698821,3.284703716,dynamic_arc_transition,0.846961552,0.527203110
80.681704465,-7.973832460,0.850227001,-0.554068306,0.288812818,3.302532078,1.052631663,3.302532078,dynamic_arc_transition,0.853904900,0.534146458
80.751137946,-7.914411097,0.814277418,-0.534143196,0.284993236,3.324589281,1.051081499,3.324589281,dynamic_arc_transition,0.860848248,0.541089806
80.820571426,-7.854289742,0.779510908,-0.514479761,0.281278771,3.346468942,1.044491843,3.346468942,dynamic_arc_transition,0.867791596,0.548033154
80.890004907,-7.793500726,0.745925481,-0.495070286,0.277682284,3.368070633,1.236150245,3.368070633,dynamic_arc_transition,0.874734944,0.554976502
80.959438388,-7.732076344,0.713518957,-0.475918999,0.273542923,3.393458445,1.426033316,3.393458445,dynamic_arc_transition,0.881678292,0.561919850
81.028871868,-7.670048263,0.682285452,-0.457082771,0.268918430,3.422512108,1.447807171,3.422512108,dynamic_arc_transition,0.888621640,0.568863198
81.098305349,-7.607447582,0.652215746,-0.438564759,0.264380589,3.451759220,1.464601408,3.451759220,dynamic_arc_transition,0.895564988,0.575806546
81.167738829,-7.544305379,0.623300500,-0.420358495,0.259943318,3.481095583,1.665310687,3.481095583,dynamic_arc_transition,0.902508336,0.582749894
81.237172310,-7.480652635,0.595530169,-0.402467924,0.255075536,3.514154677,1.841680177,3.514154677,dynamic_arc_transition,0.909451684,0.589693242
81.306605791,-7.416518834,0.568892029,-0.384933803,0.249900206,3.550356549,1.893601605,3.550356549,dynamic_arc_transition,0.916395032,0.596636591
81.376039271,-7.351932278,0.543370848,-0.367756769,0.244793470,3.587198116,1.941909697,3.587198116,dynamic_arc_transition,0.923338380,0.603579939
81.445472752,-7.286921238,0.518951327,-0.350931624,0.239768773,3.624590656,2.147568026,3.624590656,dynamic_arc_transition,0.930281729,0.610523287
81.514906232,-7.221513820,0.495617976,-0.334461151,0.234446805,3.665499102,2.319617935,3.665499102,dynamic_arc_transition,0.937225077,0.617466635
81.584339713,-7.155736025,0.473352856,-0.318370938,0.228957665,3.709178071,2.400000000,3.709178071,dynamic_arc_transition,0.944168425,0.624409983
81.653773194,-7.089612408,0.452136343,-0.302660150,0.223520860,3.753835728,2.400000000,3.754017103,dynamic_arc_transition,0.951111773,0.631353331
81.723206674,-7.023167492,0.431948782,-0.287324773,0.218148329,3.797968322,2.400000000,3.799962682,dynamic_arc_transition,0.958055121,0.638296679
81.792640155,-6.956425576,0.412770355,-0.272366009,0.212605272,3.841593951,2.400000000,3.849180369,dynamic_arc_transition,0.964998469,0.645240027
81.862073635,-6.889408546,0.394579565,-0.257797322,0.206989657,3.884729693,2.400000000,3.901044947,dynamic_arc_transition,0.967494100,0.652183375
81.931507116,-6.822136836,0.377353897,-0.243617300,0.201412602,3.927391691,2.400000000,3.954685544,dynamic_arc_transition,0.960550752,0.659126723
82.000940597,-6.754630864,0.361070827,-0.229822955,0.195884041,3.969595219,1.744934824,4.000000000,dynamic_arc_transition,0.953607404,0.666070071
82.070374077,-6.686910767,0.345707713,-0.216413908,0.190288498,4.000000000,0.000000000,4.000000000,dynamic_arc_transition,0.946664056,0.673013419
82.139807558,-6.618994223,0.331240898,-0.203395187,0.184674623,4.000000000,0.000000000,4.000000000,dynamic_arc_transition,0.939720708,0.679956767
82.209241038,-6.550897616,0.317646193,-0.190765375,0.179088206,4.000000000,0.000000000,4.000000000,dynamic_arc_transition,0.932777360,0.686900115
82.278674519,-6.482637320,0.304899402,-0.178522328,0.173537096,4.000000000,0.000000000,4.000000000,dynamic_arc_transition,0.925834012,0.693843463
82.348108000,-6.414229399,0.292976254,-0.166664870,0.167974849,4.000000000,0.000000000,4.000000000,dynamic_arc_transition,0.918890664,0.700786811
82.417541480,-6.345687584,0.281851902,-0.155193999,0.162414366,4.000000000,0.000000000,4.000000000,dynamic_arc_transition,0.911947316,0.707730159
82.486974961,-6.277024543,0.271501238,-0.144108614,0.156872621,4.000000000,0.000000000,4.000000000,dynamic_arc_transition,0.905003968,0.714673508
82.556408442,-6.208252940,0.261899152,-0.133407238,0.151355574,4.000000000,0.000000000,4.000000000,dynamic_arc_transition,0.898060620,0.721616856
82.625841922,-6.139385109,0.253020503,-0.123087681,0.145878995,4.000000000,0.000000000,4.000000000,dynamic_arc_transition,0.891117272,0.728560204
82.695275403,-6.070431288,0.244839948,-0.113147989,0.140413672,4.000000000,0.000000000,4.000000000,dynamic_arc_transition,0.884173924,0.735503552
82.764708883,-6.001400888,0.237332066,-0.103587387,0.134960675,4.000000000,0.000000000,4.000000000,dynamic_arc_transition,0.877230576,0.742446900
82.834142364,-5.932303316,0.230471434,-0.094404896,0.129524311,4.000000000,0.000000000,4.000000000,dynamic_arc_transition,0.870287228,0.749390248
82.903575845,-5.863147649,0.224232518,-0.085603465,0.123971864,4.000000000,0.000000000,4.000000000,dynamic_arc_transition,0.863343879,0.756333596
82.973009325,-5.793941146,0.218589156,-0.077188505,0.118407942,4.000000000,0.000000000,4.000000000,dynamic_arc_transition,0.856400531,0.763276944
83.042442806,-5.724690450,0.213514975,-0.069159637,0.112851295,4.000000000,0.000000000,4.000000000,dynamic_arc_transition,0.849457183,0.770220292
83.111876286,-5.655402199,0.208983603,-0.061516270,0.107304994,4.000000000,0.000000000,4.000000000,dynamic_arc_transition,0.842513835,0.777163640
83.181309767,-5.586082709,0.204968856,-0.054248143,0.102059251,4.000000000,0.000000000,4.000000000,dynamic_arc_transition,0.835570487,0.784106988
83.250743248,-5.516736765,0.201445456,-0.047343086,0.096832448,4.000000000,0.000000000,4.000000000,dynamic_arc_transition,0.828627139,0.791050336
83.320176728,-5.447368702,0.198388390,-0.040800817,0.091610025,4.000000000,0.000000000,4.000000000,dynamic_arc_transition,0.821683791,0.797993684
83.389610209,-5.377982856,0.195772643,-0.034620987,0.086393822,4.000000000,0.000000000,4.000000000,dynamic_arc_transition,0.814740443,0.804937032
83.459043689,-5.308583256,0.193571706,-0.028867704,0.079315977,4.000000000,0.000000000,4.000000000,dynamic_arc_transition,0.807797095,0.811880380
83.528477170,-5.239172691,0.191753005,-0.023606463,0.072229651,4.000000000,0.000000000,4.000000000,dynamic_arc_transition,0.806293011,0.818823728
83.597910651,-5.169753640,0.190282432,-0.018837197,0.065144900,4.000000000,0.000000000,4.000000000,dynamic_arc_transition,0.807874886,0.825767077
83.667344131,-5.100328578,0.189125877,-0.014559493,0.058230744,4.000000000,0.000000000,4.000000000,dynamic_arc_transition,0.809977697,0.832710425
83.736777612,-5.030899708,0.188252581,-0.010635500,0.054796597,4.000000000,0.000000000,4.000000000,dynamic_arc_transition,0.810594349,0.839653773
83.806211092,-4.961468268,0.187643453,-0.006949962,0.051362693,4.000000000,0.000000000,4.000000000,dynamic_arc_transition,0.809662406,0.846597121
83.875644573,-4.892035288,0.187281944,-0.003502843,0.047929479,4.000000000,0.000000000,4.000000000,dynamic_arc_transition,0.807542858,0.853540469
83.945078054,-4.822601796,0.187151500,-0.000296696,0.043716233,4.000000000,0.000000000,6.000000000,round_arc_transition,0.804596954,0.859398054
84.014511534,-4.753168560,0.187226997,0.002337701,0.032166381,4.000000000,0.000000000,6.000000000,round_arc_transition,0.801565567,0.852454706
84.083945015,-4.683735557,0.187457567,0.004170131,0.020616004,4.000000000,0.000000000,6.000000000,round_arc_transition,0.800330139,0.845511358
84.153378495,-4.614302617,0.187787528,0.005200589,0.009065817,4.000000000,0.000000000,6.000000000,round_arc_transition,0.802985432,0.838568010
84.222811976,-4.544869570,0.188161275,0.005451796,0.001983537,4.000000000,0.000000000,6.000000000,round_arc_transition,0.809928780,0.831624662
84.292245457,-4.475436558,0.188559832,0.006247871,0.020946920,4.000000000,0.000000000,6.000000000,round_arc_transition,0.816872128,0.824681314
84.361678937,-4.406004529,0.189059372,0.008360669,0.039911124,4.000000000,0.000000000,6.000000000,round_arc_transition,0.823815476,0.817737966
84.431112418,-4.336574560,0.189751314,0.011790222,0.058875484,4.000000000,0.000000000,6.000000000,round_arc_transition,0.830758824,0.810794618
84.500545899,-4.267147723,0.190726664,0.016445450,0.064502504,4.000000000,0.000000000,6.000000000,round_arc_transition,0.837702172,0.803851270
84.569979379,-4.197724161,0.191984717,0.019228061,0.015648919,4.000000000,0.000000000,6.000000000,round_arc_transition,0.833898142,0.796907922
84.639412860,-4.128301921,0.193318206,0.018618662,-0.033202879,4.000000000,0.000000000,6.000000000,round_arc_transition,0.826954794,0.789964574
84.708846340,-4.058878761,0.194491610,0.014617069,-0.082064072,4.000000000,0.000000000,6.000000000,round_arc_transition,0.820011446,0.783021226
84.778279821,-3.989452452,0.195270432,0.007402712,-0.109940657,4.000000000,0.000000000,5.352739558,round_arc_transition,0.813068098,0.776077877
84.847713302,-3.920021882,0.195548485,0.001025481,-0.073758215,4.000000000,0.000000000,6.000000000,round_arc_transition,0.810062422,0.771993878
84.917146782,-3.850588132,0.195470964,-0.002839792,-0.037580478,4.000000000,0.000000000,6.000000000,round_arc_transition,0.811602504,0.773018615
84.986580263,-3.781152539,0.195212251,-0.004193467,-0.001411191,4.000000000,0.000000000,6.000000000,round_arc_transition,0.814245243,0.776226017
85.056013743,-3.711716437,0.194946241,-0.003107264,0.027826084,4.000000000,0.000000000,6.000000000,straight_acceleration,0.814579128,0.778708601
85.125447224,-3.642280949,0.194807882,-0.000729404,0.040665393,4.000000000,0.000000000,6.000000000,straight_acceleration,0.811696395,0.779031579
85.194880705,-3.572846839,0.194865580,0.002539969,0.053506825,4.000000000,0.000000000,6.000000000,straight_acceleration,0.808967241,0.778276468
85.264314185,-3.503414835,0.195181230,0.006700931,0.066348982,4.000000000,0.000000000,6.000000000,straight_acceleration,0.810180546,0.776519150
85.333747666,-3.433985653,0.195815638,0.011617988,0.067952287,4.000000000,0.000000000,6.000000000,straight_acceleration,0.817123894,0.769575802
85.403181146,-3.364559486,0.196770389,0.015658486,0.048433800,4.000000000,0.000000000,6.000000000,straight_acceleration,0.824067242,0.762632454
85.472614627,-3.295135738,0.197958630,0.018343866,0.028917343,4.000000000,0.000000000,6.000000000,straight_acceleration,0.831010590,0.755689106
85.542048108,-3.225713747,0.199286277,0.019674245,0.009403237,4.000000000,0.000000000,6.000000000,straight_acceleration,0.837953938,0.748745758
85.611481588,-3.156292853,0.200660095,0.019741949,-0.003425145,4.000000000,0.000000000,6.000000000,straight_acceleration,0.844897286,0.741802410
85.680915069,-3.086872429,0.202020344,0.019410580,-0.006119765,4.000000000,0.000000000,6.000000000,straight_acceleration,0.843719019,0.734859062
85.750348549,-3.017451887,0.203351086,0.018892117,-0.008814351,4.000000000,0.000000000,6.000000000,straight_acceleration,0.836775671,0.727915714
85.819782030,-2.948030641,0.204639340,0.018186566,-0.011508773,4.000000000,0.000000000,6.000000000,straight_acceleration,0.829832323,0.720972365
85.889215511,-2.878608112,0.205871623,0.017245475,-0.017321227,4.000000000,0.000000000,6.000000000,straight_acceleration,0.822888975,0.718870250
85.958648991,-2.809183857,0.207019474,0.015707436,-0.026981178,4.000000000,0.000000000,6.000000000,straight_acceleration,0.823801276,0.725813598
86.028082472,-2.739757593,0.208037262,0.013498657,-0.036641533,4.000000000,0.000000000,6.000000000,straight_acceleration,0.816857927,0.732756947
86.097515952,-2.670329045,0.208878415,0.010619120,-0.046301932,4.000000000,0.000000000,6.000000000,straight_acceleration,0.809914579,0.739700295
86.166949433,-2.600897967,0.209497061,0.007129767,-0.052436740,4.000000000,0.000000000,6.000000000,straight_acceleration,0.802971231,0.746643643
86.236382914,-2.531464801,0.209863634,0.003399275,-0.055017583,4.000000000,0.000000000,6.000000000,straight_acceleration,0.796027883,0.753586991
86.305816394,-2.462030678,0.209964962,-0.000510470,-0.057599814,4.000000000,0.000000000,6.000000000,straight_acceleration,0.789084535,0.760530339
86.375249875,-2.392596757,0.209788596,-0.004599546,-0.060183116,4.000000000,0.000000000,6.000000000,straight_acceleration,0.782141187,0.764607655
86.444683356,-2.323164198,0.209322634,-0.008824624,-0.060486688,4.000000000,0.000000000,6.000000000,straight_acceleration,0.775197839,0.762039983
86.514116836,-2.253734144,0.208565378,-0.012969760,-0.058910970,4.000000000,0.000000000,6.000000000,straight_acceleration,0.770893962,0.761500289
86.583550317,-2.184307718,0.207524129,-0.017005530,-0.057336448,4.000000000,0.000000000,6.000000000,straight_acceleration,0.770821349,0.762955347
86.652983797,-2.114886046,0.206206495,-0.020932019,-0.055763333,4.000000000,0.000000000,6.000000000,straight_acceleration,0.767049342,0.766330097
86.722417278,-2.045470207,0.204620767,-0.024699918,-0.051813300,4.000000000,0.000000000,6.000000000,straight_acceleration,0.760105993,0.765863813
86.791850759,-1.976060629,0.202785530,-0.028104953,-0.046266660,4.000000000,0.000000000,6.000000000,straight_acceleration,0.753162645,0.758920465
86.861284239,-1.906657232,0.200727324,-0.031124875,-0.040720353,4.000000000,0.000000000,6.000000000,straight_acceleration,0.746219297,0.751977117
86.930717720,-1.837259923,0.198472897,-0.033759719,-0.035174790,4.000000000,0.000000000,6.000000000,straight_acceleration,0.739275949,0.745033769
87.000151200,-1.767868550,0.196049538,-0.035973264,-0.028018987,4.000000000,0.000000000,6.000000000,straight_acceleration,0.732332601,0.738090421
87.069584681,-1.698482202,0.193491279,-0.037639977,-0.019989878,4.000000000,0.000000000,6.000000000,straight_acceleration,0.725389253,0.731147072
87.139018162,-1.629099454,0.190836716,-0.038749196,-0.011960672,4.000000000,0.000000000,6.000000000,straight_acceleration,0.718445905,0.724203724
87.208451642,-1.559718875,0.188124532,-0.039300921,-0.003931511,4.000000000,0.000000000,6.000000000,straight_acceleration,0.711502557,0.717260376
87.277885123,-1.490339032,0.185393331,-0.039299886,0.003902585,4.000000000,0.000000000,6.000000000,straight_acceleration,0.710501794,0.710317028
87.347318603,-1.420958498,0.182680926,-0.038759860,0.011652619,4.000000000,0.000000000,6.000000000,straight_acceleration,0.717445142,0.703373680
87.416752084,-1.351575850,0.180024658,-0.037681721,0.019402670,4.000000000,0.000000000,6.000000000,straight_acceleration,0.724388490,0.696430332
87.486185565,-1.282189666,0.177461864,-0.036065473,0.027152570,4.000000000,0.000000000,6.000000000,straight_acceleration,0.731331838,0.689486984
87.555619045,-1.212798611,0.175028843,-0.033971043,0.032597777,4.000000000,0.000000000,6.000000000,straight_acceleration,0.738275186,0.682543636
87.625052526,-1.143402110,0.172752845,-0.031545421,0.037270922,4.000000000,0.000000000,6.000000000,straight_acceleration,0.745218534,0.675600288
87.694486006,-1.073999984,0.170656443,-0.028795309,0.041944464,4.000000000,0.000000000,6.000000000,straight_acceleration,0.743723354,0.668656940
87.763919487,-1.004592055,0.168762175,-0.025720692,0.046618069,4.000000000,0.000000000,6.000000000,straight_acceleration,0.740305484,0.661713592
87.833352968,-0.935178227,0.167091449,-0.022382519,0.049094637,4.000000000,0.000000000,6.000000000,straight_acceleration,0.734349937,0.654770244
87.902786448,-0.865758996,0.165657334,-0.018906843,0.051019923,4.000000000,0.000000000,6.000000000,straight_acceleration,0.727406589,0.647826896
87.972219929,-0.796335123,0.164469147,-0.015297457,0.052946046,4.000000000,0.000000000,6.000000000,straight_acceleration,0.720463241,0.640883548
88.041653409,-0.726907371,0.163536188,-0.011554310,0.054872785,4.000000000,0.000000000,6.000000000,straight_acceleration,0.713519893,0.633940200
88.111086890,-0.657476536,0.162866598,-0.007736361,0.054799244,4.000000000,0.000000000,6.000000000,straight_acceleration,0.706576545,0.626996852
88.180520371,-0.588043603,0.162461185,-0.003946269,0.054371745,4.000000000,0.000000000,6.000000000,straight_acceleration,0.699633197,0.620053503
88.249953851,-0.518609636,0.162317903,-0.000185826,0.053945225,4.000000000,0.000000000,6.000000000,straight_acceleration,0.692689849,0.613110155
88.319387332,-0.449175698,0.162434695,0.003545033,0.053519734,4.000000000,0.000000000,6.000000000,straight_acceleration,0.685746501,0.608070853
88.388820812,-0.379742775,0.162808049,0.007176241,0.050849165,4.000000000,0.000000000,6.000000000,straight_acceleration,0.680264671,0.614765044
88.458254293,-0.310311580,0.163426542,0.010605485,0.047928051,4.000000000,0.000000000,6.000000000,straight_acceleration,0.679786772,0.621708393
88.527687774,-0.240882784,0.164276088,0.013831929,0.045007614,4.000000000,0.000000000,6.000000000,straight_acceleration,0.682051469,0.628651741
88.597121254,-0.171457059,0.165342597,0.016855622,0.042088081,4.000000000,0.000000000,6.000000000,straight_acceleration,0.684796448,0.635595089
88.666554735,-0.102034936,0.166610020,0.019587305,0.036460486,4.000000000,0.000000000,6.000000000,straight_acceleration,0.686240132,0.642538437
88.735988216,-0.032616298,0.168053186,0.021918539,0.030689507,4.000000000,0.000000000,6.000000000,straight_acceleration,0.686836950,0.649481785
88.805421696,0.036799160,0.169644272,0.023849078,0.024918657,4.000000000,0.000000000,6.000000000,straight_acceleration,0.687690926,0.653550411
