s_m,x_m,y_m,psi_rad,kappa_radpm,vx_mps,ax_mps2,speed_limit_mps,speed_zone,w_tr_right_m,w_tr_left_m
0.000000000,0.106211745,0.171355458,0.025378934,0.019148077,4.000000000,0.000000000,6.000000000,straight_acceleration,0.689738705,0.653226776
0.070063185,0.176251362,0.173174280,0.026459249,0.011690145,4.000000000,0.000000000,6.000000000,straight_acceleration,0.685308002,0.660233094
0.140126371,0.246289396,0.175050465,0.027017030,0.004232101,4.000000000,0.000000000,6.000000000,straight_acceleration,0.678301684,0.667239413
0.210189556,0.316326878,0.176947417,0.027052277,-0.003225954,4.000000000,0.000000000,6.000000000,straight_acceleration,0.671295365,0.673495729
0.280252742,0.386364839,0.178828543,0.026565684,-0.010452523,4.000000000,0.000000000,6.000000000,straight_acceleration,0.664289046,0.666489410
0.350315927,0.456404184,0.180660066,0.025666701,-0.015209525,4.000000000,0.000000000,6.000000000,straight_acceleration,0.657282728,0.659483092
0.420379113,0.526445433,0.182416953,0.024434424,-0.019966609,4.000000000,0.000000000,6.000000000,straight_acceleration,0.650276409,0.652476773
0.490442298,0.596489027,0.184075854,0.022868848,-0.024723730,4.000000000,0.000000000,6.000000000,straight_acceleration,0.643270091,0.645470455
0.560505484,0.666535409,0.185613437,0.020973719,-0.028857246,4.000000000,0.000000000,6.000000000,straight_acceleration,0.636263772,0.638464136
0.630568669,0.736584829,0.187011089,0.018912683,-0.029976279,4.000000000,0.000000000,6.000000000,straight_acceleration,0.629257454,0.631457818
0.700631855,0.806637077,0.188261619,0.016773233,-0.031095569,4.000000000,0.000000000,6.000000000,straight_acceleration,0.622251135,0.624451499
0.770695040,0.876691871,0.189359526,0.014555355,-0.032215079,4.000000000,0.000000000,6.000000000,straight_acceleration,0.615244817,0.617445181
0.840758226,0.946748930,0.190299345,0.012264988,-0.032673635,4.000000000,0.000000000,6.000000000,straight_acceleration,0.608312591,0.610438862
0.910821411,1.016807937,0.191079647,0.010026625,-0.031221768,4.000000000,0.000000000,6.000000000,straight_acceleration,0.605018483,0.603432543
0.980884597,1.086868509,0.191706694,0.007889980,-0.029770025,4.000000000,0.000000000,6.000000000,straight_acceleration,0.604840982,0.596426225
1.050947782,1.156930253,0.192187608,0.005855042,-0.028318467,4.000000000,0.000000000,6.000000000,straight_acceleration,0.607157826,0.589419906
1.121010968,1.226992777,0.192529516,0.003922321,-0.026823672,4.000000000,0.000000000,6.000000000,straight_acceleration,0.610930734,0.582413588
1.191074153,1.297055765,0.192739781,0.002098248,-0.025245609,4.000000000,0.000000000,6.000000000,straight_acceleration,0.603924415,0.575407269
1.261137338,1.367119008,0.192826118,0.000384739,-0.023667569,4.000000000,0.000000000,6.000000000,straight_acceleration,0.596918097,0.568400951
1.331200524,1.437182311,0.192796275,-0.001218210,-0.022089597,4.000000000,0.000000000,6.000000000,straight_acceleration,0.589911778,0.561394632
1.401263709,1.507245477,0.192657920,-0.002718211,-0.021018481,4.000000000,0.000000000,6.000000000,straight_acceleration,0.582905460,0.554388314
1.471326895,1.577308338,0.192416209,-0.004176993,-0.020623345,4.000000000,0.000000000,6.000000000,straight_acceleration,0.575899141,0.547381995
1.541390080,1.647370766,0.192073261,-0.005608090,-0.020228238,4.000000000,0.000000000,6.000000000,straight_acceleration,0.568892823,0.540375677
1.611453266,1.717432633,0.191631018,-0.007011506,-0.019833169,4.000000000,0.000000000,6.000000000,straight_acceleration,0.561886504,0.533369358
1.681516451,1.787493813,0.191091449,-0.008384673,-0.019295375,4.000000000,0.000000000,6.000000000,straight_acceleration,0.554880186,0.535938841
1.751579637,1.857554198,0.190457191,-0.009713005,-0.018622711,4.000000000,0.000000000,6.000000000,straight_acceleration,0.549908165,0.542945160
1.821642822,1.927613698,0.189731522,-0.010994209,-0.017950081,4.000000000,0.000000000,6.000000000,straight_acceleration,0.550477382,0.549951478
1.891706008,1.997672226,0.188917743,-0.012228288,-0.017277493,4.000000000,0.000000000,6.000000000,straight_acceleration,0.556143409,0.556957797
1.961769193,2.067729698,0.188019342,-0.013402115,-0.015980134,4.000000000,0.000000000,6.000000000,straight_acceleration,0.563149727,0.563964115
2.031832379,2.137786109,0.187042559,-0.014461686,-0.014266000,4.000000000,0.000000000,6.000000000,straight_acceleration,0.570156046,0.570970434
2.101895564,2.207841515,0.185995753,-0.015401159,-0.012551875,4.000000000,0.000000000,6.000000000,straight_acceleration,0.577162364,0.577976752
2.171958750,2.277895973,0.184887339,-0.016220536,-0.010837773,4.000000000,0.000000000,6.000000000,straight_acceleration,0.584168683,0.584983071
2.242021935,2.347949549,0.183725955,-0.016905820,-0.008540842,4.000000000,0.000000000,6.000000000,straight_acceleration,0.591175001,0.587933913
2.312085120,2.418002402,0.182522674,-0.017414388,-0.005976567,4.000000000,0.000000000,6.000000000,straight_acceleration,0.598181320,0.588834641
2.382148306,2.488054747,0.181290059,-0.017743295,-0.003412290,4.000000000,0.000000000,6.000000000,straight_acceleration,0.604229758,0.590684693
2.452211491,2.558106801,0.180040696,-0.017892540,-0.000848014,4.000000000,0.000000000,6.000000000,straight_acceleration,0.600475856,0.592784417
2.522274677,2.628158781,0.178787136,-0.017864073,0.001644129,4.000000000,0.000000000,6.000000000,straight_acceleration,0.597914974,0.594505656
2.592337862,2.698210900,0.177541644,-0.017662326,0.004114878,4.000000000,0.000000000,6.000000000,straight_acceleration,0.596655389,0.595800301
2.662401048,2.768263370,0.176316349,-0.017287470,0.006585627,4.000000000,0.000000000,6.000000000,straight_acceleration,0.595924718,0.596901907
2.732464233,2.838316403,0.175123377,-0.016739506,0.009056370,4.000000000,0.000000000,6.000000000,straight_acceleration,0.594944745,0.598045895
2.802527419,2.908370204,0.173975131,-0.016004576,0.011988720,4.000000000,0.000000000,6.000000000,straight_acceleration,0.593120341,0.599417611
2.872590604,2.978424952,0.172885731,-0.015059182,0.014998156,4.000000000,0.000000000,6.000000000,straight_acceleration,0.590986986,0.600893172
2.942653790,3.048480811,0.171869946,-0.013902938,0.018007588,4.000000000,0.000000000,6.000000000,straight_acceleration,0.589511289,0.602230777
3.012716975,3.118537946,0.170942548,-0.012535843,0.021016963,4.000000000,0.000000000,6.000000000,straight_acceleration,0.589660713,0.603188395
3.082780161,3.188596489,0.170119726,-0.010893581,0.025974153,4.000000000,0.000000000,6.000000000,straight_acceleration,0.587972057,0.603590233
3.152843346,3.258656417,0.169424401,-0.008895925,0.031050131,4.000000000,0.000000000,6.000000000,straight_acceleration,0.580965739,0.603575334
3.222906532,3.328717661,0.168881492,-0.006542625,0.036126184,4.000000000,0.000000000,6.000000000,straight_acceleration,0.573959420,0.603376181
3.292969717,3.398780150,0.168515917,-0.003833697,0.041188315,4.000000000,0.000000000,6.000000000,straight_acceleration,0.566953102,0.603225266
3.363032903,3.468843658,0.168352168,-0.000786963,0.045782245,4.000000000,0.000000000,6.000000000,straight_acceleration,0.559946783,0.603278931
3.433096088,3.538907377,0.168413160,0.002581680,0.050377238,4.000000000,0.000000000,6.000000000,straight_acceleration,0.552940465,0.603413693
3.503159273,3.608970367,0.168721450,0.006272288,0.054972896,4.000000000,0.000000000,6.000000000,straight_acceleration,0.545934146,0.603441820
3.573222459,3.679031686,0.169299588,0.010283078,0.059114147,4.000000000,0.000000000,6.000000000,straight_acceleration,0.538927828,0.603175629
3.643285644,3.749090272,0.170165633,0.014446272,0.059725913,4.000000000,0.000000000,6.000000000,straight_acceleration,0.535569699,0.602474691
3.713348830,3.819144720,0.171324842,0.018652395,0.060339394,4.000000000,0.000000000,6.000000000,straight_acceleration,0.537194615,0.601333347
3.783412015,3.889193562,0.172780203,0.022901555,0.060954505,4.000000000,0.000000000,6.000000000,straight_acceleration,0.541315465,0.599769809
3.853475201,3.959235331,0.174534660,0.027184491,0.060233491,4.000000000,0.000000000,6.000000000,straight_acceleration,0.545449839,0.597802415
3.923538386,4.029269000,0.176581878,0.031191720,0.054154760,4.000000000,0.000000000,6.000000000,straight_acceleration,0.548114744,0.595476821
3.993601572,4.099294513,0.178894813,0.034773062,0.048076353,4.000000000,0.000000000,6.000000000,straight_acceleration,0.550058403,0.592899664
4.063664757,4.169311946,0.181443613,0.037928566,0.041998969,4.000000000,0.000000000,6.000000000,straight_acceleration,0.552331147,0.590185840
4.133727943,4.239321384,0.184198369,0.040649429,0.035035551,4.000000000,0.000000000,6.000000000,straight_acceleration,0.555970646,0.587449885
4.203791128,4.309323536,0.187124028,0.042782399,0.025851309,4.000000000,0.000000000,6.000000000,straight_acceleration,0.560909329,0.584775037
4.273854314,4.379320214,0.190176470,0.044271876,0.016666747,4.000000000,0.000000000,6.000000000,straight_acceleration,0.565131232,0.582189354
4.343917499,4.449313344,0.193310649,0.045117852,0.007482206,4.000000000,0.000000000,6.000000000,straight_acceleration,0.561256864,0.579715275
4.413980685,4.519304844,0.196481671,0.045337617,-0.000373100,4.000000000,0.000000000,6.000000000,straight_acceleration,0.554250545,0.577373302
4.484043870,4.589296354,0.199651589,0.045115171,-0.005976750,4.000000000,0.000000000,6.000000000,straight_acceleration,0.547244227,0.575094105
4.554107056,4.659289124,0.202792195,0.044500115,-0.011580426,4.000000000,0.000000000,6.000000000,straight_acceleration,0.540237908,0.572682442
4.624170241,4.729284376,0.205876009,0.043492449,-0.017184094,4.000000000,0.000000000,6.000000000,straight_acceleration,0.533231590,0.569933658
4.694233426,4.799283308,0.208875951,0.042129754,-0.020439690,4.000000000,0.000000000,6.000000000,straight_acceleration,0.528156496,0.566651058
4.764296612,4.869286521,0.211776322,0.040681410,-0.020904188,4.000000000,0.000000000,6.000000000,straight_acceleration,0.528424830,0.562864118
4.834359797,4.939293940,0.214574164,0.039200519,-0.021368790,4.000000000,0.000000000,6.000000000,straight_acceleration,0.532174608,0.558855430
4.904422983,5.009305457,0.217267189,0.037687072,-0.021833491,4.000000000,0.000000000,6.000000000,straight_acceleration,0.537402085,0.554920953
4.974486168,5.079320953,0.219853497,0.036171525,-0.020695733,4.000000000,0.000000000,6.000000000,straight_acceleration,0.542162379,0.551349331
5.044549354,5.149340098,0.222338510,0.034808702,-0.018206927,4.000000000,0.000000000,6.000000000,straight_acceleration,0.545627943,0.548290404
5.114612539,5.219362377,0.224734202,0.033620252,-0.015718136,4.000000000,0.000000000,6.000000000,straight_acceleration,0.547971048,0.545769807
5.184675725,5.289387267,0.227052780,0.032606173,-0.013229390,4.000000000,0.000000000,6.000000000,straight_acceleration,0.549399235,0.543808793
5.254738910,5.359414265,0.229305988,0.031734881,-0.012175585,4.000000000,0.000000000,6.000000000,straight_acceleration,0.550139301,0.542411989
5.324802096,5.429443129,0.231499360,0.030888996,-0.011970768,4.000000000,0.000000000,6.000000000,straight_acceleration,0.550676182,0.541361125
5.394865281,5.499473802,0.233633998,0.030057461,-0.011765940,4.000000000,0.000000000,6.000000000,straight_acceleration,0.551679248,0.540278679
5.464928467,5.569506233,0.235710905,0.029240277,-0.011561103,4.000000000,0.000000000,6.000000000,straight_acceleration,0.551876718,0.538783682
5.534991652,5.639540403,0.237729697,0.028354095,-0.014688740,4.000000000,0.000000000,6.000000000,straight_acceleration,0.544870399,0.536548735
5.605054838,5.709576615,0.239676323,0.027168615,-0.019151554,4.000000000,0.000000000,6.000000000,straight_acceleration,0.537864081,0.533773285
5.675118023,5.779615357,0.241528971,0.025670454,-0.023614381,4.000000000,0.000000000,6.000000000,straight_acceleration,0.530857762,0.530956076
5.745181209,5.849657118,0.243265738,0.023859615,-0.028077090,4.000000000,0.000000000,6.000000000,straight_acceleration,0.523851443,0.528599297
5.815244394,5.919702336,0.244864819,0.021741295,-0.032354470,4.000000000,0.000000000,6.000000000,straight_acceleration,0.516845125,0.527108875
5.885307579,5.989751063,0.246305115,0.019326193,-0.036585932,4.000000000,0.000000000,6.000000000,straight_acceleration,0.509838806,0.526178500
5.955370765,6.059803179,0.247565847,0.016614608,-0.040817776,4.000000000,0.000000000,6.000000000,straight_acceleration,0.502832488,0.525182323
6.025433950,6.129858564,0.248626235,0.013606522,-0.045049710,4.000000000,0.000000000,6.000000000,straight_acceleration,0.495826169,0.523492985
6.095497136,6.199917015,0.249468573,0.010450515,-0.044491015,4.000000000,0.000000000,6.000000000,straight_acceleration,0.488819851,0.520787860
6.165560321,6.269977869,0.250092529,0.007374596,-0.043312639,4.000000000,0.000000000,6.000000000,straight_acceleration,0.481813532,0.518468100
6.235623507,6.340040300,0.250503872,0.004381213,-0.042135002,4.000000000,0.000000000,6.000000000,straight_acceleration,0.474807214,0.518540307
6.305686692,6.410103484,0.250708380,0.001470319,-0.040958174,4.000000000,0.000000000,6.000000000,straight_acceleration,0.469742622,0.523011743
6.375749878,6.480166712,0.250717612,-0.001103131,-0.032285599,4.000000000,-0.260052740,6.000000000,straight_acceleration,0.474315957,0.530018062
6.445813063,6.550229786,0.250568359,-0.003053516,-0.023389386,3.995442373,-3.000000000,6.000000000,straight_acceleration,0.481322275,0.537024380
6.515876249,6.620292647,0.250304290,-0.004380608,-0.014493295,3.942484069,-3.000000000,6.000000000,straight_acceleration,0.488328594,0.544030699
6.585939434,6.690355236,0.249969078,-0.005083783,-0.005278012,3.888804640,-3.000000000,6.000000000,straight_acceleration,0.495334912,0.551037017
6.656002620,6.760417583,0.249611819,-0.004944857,0.009243783,3.834373797,-3.000000000,6.000000000,straight_acceleration,0.502341231,0.558043336
6.726065805,6.830480014,0.249299937,-0.003788484,0.023765657,3.779159073,-3.000000000,6.000000000,straight_acceleration,0.509347549,0.563020329
6.796128991,6.900542915,0.249104716,-0.001614672,0.038287051,3.723125594,-3.000000000,6.000000000,straight_acceleration,0.516353868,0.556014010
6.866192176,6.970606675,0.249097440,0.001576561,0.052814148,3.666235818,-3.000000000,6.000000000,straight_acceleration,0.523360186,0.549007692
6.936255361,7.040670883,0.249349459,0.005787556,0.067389715,3.608449247,-3.000000000,6.000000000,straight_acceleration,0.530366505,0.542001373
7.006318547,7.110733041,0.249932293,0.011019951,0.081969982,3.549722081,-3.000000000,6.000000000,straight_acceleration,0.537372824,0.534995054
7.076381732,7.180790308,0.250917490,0.017273963,0.096551886,3.490006839,-3.000000000,5.711825043,straight_acceleration,0.544379142,0.527988736
7.146444918,7.250839838,0.252376540,0.024538437,0.109735769,3.429251904,-3.000000000,5.357734293,straight_acceleration,0.551385461,0.522998725
7.216508103,7.320877514,0.254371879,0.032524207,0.118215874,3.367401003,-3.000000000,5.161992607,straight_acceleration,0.551204736,0.527817883
7.286571289,7.390896606,0.256947281,0.041104700,0.126709800,3.304392591,-3.000000000,4.985975888,straight_acceleration,0.544198417,0.534824202
7.356634474,7.460890059,0.260144216,0.050280674,0.135212302,3.240159145,-3.000000000,4.826665173,straight_acceleration,0.537192099,0.541830520
7.426697660,7.530850792,0.264004179,0.060056593,0.144080597,3.174626304,-3.000000000,4.675763406,straight_acceleration,0.534848497,0.548836839
7.496760845,7.600769972,0.268570597,0.070491136,0.153762333,3.107711869,-3.000000000,4.526164109,straight_acceleration,0.539310191,0.555843157
7.566824031,7.670635899,0.273890047,0.081604896,0.163466080,3.039324587,-3.000000000,4.389766838,straight_acceleration,0.546316509,0.562849476
7.636887216,7.740436612,0.280009394,0.093399096,0.173180668,2.969362699,-3.000000000,4.264867780,straight_acceleration,0.553189480,0.569855794
7.706950402,7.810160005,0.286975897,0.105917519,0.185974372,2.897712153,-3.000000000,4.115558003,straight_acceleration,0.554362823,0.576862113
7.777013587,7.879788405,0.294851979,0.119560759,0.203437619,2.824244432,-3.000000000,3.934953867,straight_acceleration,0.549973204,0.583868431
7.847076773,7.949296908,0.303719762,0.134429632,0.220953776,2.748813834,-3.000000000,3.775761581,straight_acceleration,0.544482867,0.590874750
7.917139958,8.018660126,0.313662684,0.150526832,0.238485901,2.671254084,-3.000000000,3.634326344,straight_acceleration,0.542676241,0.597881068
7.987203144,8.087851822,0.324766463,0.168063380,0.268348373,2.591374012,-3.000000000,3.426145427,straight_acceleration,0.549160561,0.604887387
8.057266329,8.156824941,0.337172797,0.188377635,0.311416508,2.508952004,-3.000000000,3.180419895,straight_acceleration,0.556166879,0.611893706
8.127329514,8.225510849,0.351081392,0.211714579,0.354573524,2.423728749,-3.000000000,2.980589212,straight_acceleration,0.563173198,0.618900024
8.197392700,8.293839916,0.366694643,0.238075753,0.397549791,2.335397596,-3.000000000,2.814877580,straight_acceleration,0.570179516,0.625906343
8.267455885,8.361735934,0.384224409,0.268257636,0.480508803,2.243591501,-3.000000000,2.560381041,straight_acceleration,0.577185835,0.632912661
8.337519071,8.429013110,0.404040343,0.305963659,0.594939618,2.147864918,-3.000000000,2.301011726,straight_acceleration,0.584192153,0.639918980
8.407582256,8.495395176,0.426642372,0.351727636,0.710111482,2.047668087,-3.000000000,2.106163147,straight_acceleration,0.591198472,0.646925298
8.477645442,8.560603154,0.452534323,0.405546550,0.823150264,1.942309316,-3.000000000,1.956211088,straight_acceleration,0.598204790,0.653931617
8.547708627,8.624335520,0.482211774,0.467415127,0.939685224,1.830897695,-2.943069972,1.830897695,standard,0.605211109,0.660937935
8.617771813,8.686026090,0.516073398,0.538120467,1.071507056,1.714580022,-2.457280928,1.714580022,standard,0.612217428,0.667944254
8.687834998,8.744936685,0.554454904,0.618435418,1.213660128,1.611041525,-1.964741653,1.611041525,standard,0.619223746,0.674950572
8.757898184,8.800326203,0.597690925,0.708830029,1.357675125,1.523201456,-0.227297532,1.523201456,standard,0.626230065,0.681956891
8.827961369,8.851468646,0.646048140,0.806027250,1.376572392,1.512710249,-0.024097332,1.512710249,standard,0.633236383,0.688963210
8.898024555,8.897762997,0.699230952,0.903065698,1.378606704,1.511593737,-0.281194128,1.511593737,standard,0.640242702,0.695969528
8.968087740,8.938669935,0.756666180,1.001041348,1.402797545,1.498503558,-0.496092168,1.498503558,standard,0.647249020,0.690617756
9.038150926,8.973650577,0.817778681,1.101325653,1.447612079,1.475126204,1.357168608,1.475126204,standard,0.654255339,0.683611437
9.108214111,9.002278995,0.881980315,1.199813551,1.331263927,1.538236792,1.978844249,1.538236792,standard,0.661261657,0.676605118
9.178277297,9.024789071,0.948606998,1.288512682,1.191619761,1.625872287,2.276319051,1.625872287,standard,0.668267976,0.669598800
9.248340482,9.041653581,1.016967157,1.367830413,1.063315180,1.721171990,2.400000000,1.721171990,standard,0.675274294,0.662592481
9.318403667,9.053345631,1.086369176,1.438650845,0.951786323,1.816242359,2.400000000,1.819221361,standard,0.682280613,0.655586163
9.388466853,9.060380368,1.156209801,1.500455717,0.806441285,1.906577982,2.400000000,1.976372947,standard,0.684882098,0.648579844
9.458530038,9.063452749,1.226263677,1.551704327,0.654765931,1.992822844,2.400000000,2.193371721,standard,0.677875779,0.641573526
9.528593224,9.063305792,1.296406453,1.592304697,0.503078925,2.075486974,2.400000000,2.502287548,standard,0.670869461,0.634567207
9.598656409,9.060682479,1.366513791,1.622361636,0.362388314,2.154982475,2.400000000,2.948276324,standard,0.663863142,0.627560889
9.668719595,9.056194726,1.436484675,1.647108887,0.343433750,2.231647992,2.400000000,3.000000000,standard,0.656856824,0.620554570
9.738782780,9.050026954,1.506294170,1.670503974,0.324165033,2.305765827,2.400000000,3.000000000,standard,0.649850505,0.613548252
9.808845966,9.042276574,1.575932827,1.692537878,0.304728470,2.377574256,2.400000000,3.000000000,standard,0.642844187,0.606541933
9.878909151,9.033040946,1.645391183,1.713221080,0.287682186,2.447276574,2.400000000,3.000000000,standard,0.635837868,0.603573528
9.948972337,9.022398315,1.714655006,1.733250708,0.283985048,2.515047897,2.400000000,3.000000000,standard,0.628831549,0.610579847
10.019035522,9.010378529,1.783697983,1.753028585,0.280461073,2.581040335,2.400000000,3.000000000,standard,0.621825231,0.617586165
10.089098708,8.997003896,1.852491918,1.772566016,0.277120655,2.645387023,2.400000000,3.000000000,standard,0.614818912,0.624592484
10.159161893,8.982296973,1.921008720,1.791828165,0.268476831,2.708205271,2.400000000,3.000000000,standard,0.607812594,0.631598802
10.229225079,8.966312732,1.989233473,1.809737372,0.242675461,2.769599084,2.400000000,3.000000000,standard,0.600806275,0.638605121
10.299288264,8.949170465,2.057177421,1.825838695,0.216886039,2.829661176,2.400000000,3.000000000,standard,0.593799957,0.645611439
10.369351450,8.930997051,2.124854890,1.840135609,0.191172525,2.888474626,2.400000000,3.000000000,standard,0.586793638,0.652617758
10.439414635,8.911919289,2.192280302,1.852639814,0.166080743,2.946114213,2.286586361,3.000000000,standard,0.579787320,0.659624076
10.509477820,8.892059319,2.259473972,1.863434704,0.142042235,3.000000000,0.000000000,3.000000000,standard,0.572781001,0.666630395
10.579541006,8.871531984,2.326465433,1.872544419,0.117989768,3.000000000,0.000000000,3.000000000,standard,0.565774683,0.673636713
10.649604191,8.850451492,2.393285021,1.879969091,0.093945863,3.000000000,0.000000000,3.000000000,standard,0.558768364,0.680643032
10.719667377,8.828932512,2.459963321,1.885656955,0.066338844,3.000000000,0.000000000,3.000000000,standard,0.551762045,0.687649351
10.789730562,8.807105701,2.526539620,1.889164210,0.033777236,3.000000000,0.000000000,3.000000000,standard,0.544755727,0.694655669
10.859793748,8.785121441,2.593063943,1.890389961,0.001212890,3.000000000,0.000000000,3.000000000,standard,0.537749408,0.699769754
10.929856933,8.763131337,2.659586977,1.889334186,-0.031350091,3.000000000,0.000000000,3.000000000,standard,0.530743090,0.698290627
10.999920119,8.741287131,2.726159338,1.885987635,-0.064435373,3.000000000,0.000000000,3.000000000,standard,0.523736771,0.699300833
11.069983304,8.719743665,2.792830081,1.880295956,-0.098034362,3.000000000,0.000000000,3.000000000,standard,0.516730453,0.702891927
11.140046490,8.698658806,2.859646734,1.872250037,-0.131635436,3.000000000,0.000000000,3.000000000,standard,0.509724134,0.708140682
11.210109675,8.678190549,2.926656761,1.861850289,-0.165208317,3.000000000,0.000000000,3.000000000,standard,0.502717816,0.714081564
11.280172861,8.658497094,2.993906680,1.849103740,-0.198502983,3.000000000,0.000000000,3.000000000,standard,0.495711497,0.719819332
11.350236046,8.639739788,3.061428535,1.834028017,-0.231768634,3.000000000,0.000000000,3.000000000,standard,0.488705179,0.725535348
11.420299232,8.622082442,3.129243051,1.816617117,-0.265157962,3.000000000,0.000000000,3.000000000,standard,0.481698860,0.732252602
11.490362417,8.605688931,3.197370652,1.796865412,-0.298580216,3.000000000,0.000000000,3.000000000,standard,0.474692541,0.739258920
11.560425602,8.590716768,3.265829128,1.775202504,-0.313750598,3.000000000,0.000000000,3.000000000,standard,0.467686223,0.746265239
11.630488788,8.577251467,3.334606456,1.752984799,-0.320311929,3.000000000,0.000000000,3.000000000,standard,0.460679904,0.753271558
11.700551973,8.565333001,3.403671758,1.730298903,-0.327077755,3.000000000,0.000000000,3.000000000,standard,0.453673586,0.760277876
11.770615159,8.555000620,3.472993858,1.707131912,-0.334017715,3.000000000,0.000000000,3.000000000,standard,0.446667267,0.767284195
11.840678344,8.546294177,3.542541033,1.683442119,-0.342267885,3.000000000,-0.209490032,3.000000000,standard,0.439660949,0.774290513
11.910741530,8.539258669,3.612276877,1.659142343,-0.351145322,2.995103491,-1.616972025,2.995103491,standard,0.432654630,0.781296832
11.980804715,8.533941708,3.682162604,1.634213018,-0.360244369,2.957036439,-1.565196569,2.957036439,standard,0.425648312,0.788303150
12.050867901,8.530390927,3.752159405,1.608639969,-0.369512771,2.919715600,-0.336760367,2.919715600,standard,0.418641993,0.795309469
12.120931086,8.528649530,3.822227285,1.582633222,-0.371569608,2.911623289,-0.185362075,2.911623289,standard,0.411635675,0.802315787
12.190994272,8.528733493,3.892318933,1.556550294,-0.372711548,2.907159449,-0.232499265,2.907159449,standard,0.404629356,0.809322106
12.261057457,8.530648458,3.962384262,1.530376823,-0.374153843,2.901550755,-0.236500754,2.901550755,standard,0.397623037,0.816328424
12.331120643,8.534400050,4.032373180,1.504092904,-0.375632458,2.895834386,2.186650407,2.895834386,standard,0.390616719,0.823334743
12.401183828,8.539980937,4.102237811,1.478230113,-0.362391195,2.948264604,2.196130681,2.948264604,standard,0.383610400,0.830341062
12.471247014,8.547334517,4.171938710,1.453288706,-0.349349703,3.000000000,0.000000000,3.000000000,standard,0.376604082,0.837347380
12.541310199,8.556392478,4.241438435,1.429252353,-0.336579725,3.000000000,0.000000000,3.000000000,standard,0.369597763,0.844353699
12.611373385,8.567086315,4.310699644,1.406138374,-0.319829082,3.000000000,0.000000000,3.000000000,standard,0.362591445,0.851360017
12.681436570,8.579322328,4.379698001,1.384779521,-0.289752201,3.000000000,0.000000000,3.000000000,standard,0.360204370,0.858366336
12.751499755,8.592956976,4.448434902,1.365527971,-0.259700953,3.000000000,0.000000000,3.000000000,standard,0.363332097,0.865372654
12.821562941,8.607840861,4.516914766,1.348377612,-0.229780992,3.000000000,0.000000000,3.000000000,standard,0.366607672,0.872378973
12.891626126,8.623826284,4.585142163,1.333187226,-0.207161650,3.000000000,0.000000000,3.000000000,standard,0.364943998,0.879385291
12.961689312,8.640800213,4.653124708,1.319238145,-0.190981637,3.000000000,0.000000000,3.000000000,standard,0.358972872,0.886391610
13.031752497,8.658682031,4.720872867,1.306423263,-0.174800652,3.000000000,0.000000000,3.000000000,standard,0.354672532,0.893397928
13.101815683,8.677392362,4.788397216,1.294741340,-0.158645790,3.000000000,0.000000000,3.000000000,standard,0.358226476,0.900404247
13.171878868,8.696857327,4.855707218,1.283903081,-0.152361905,3.000000000,0.000000000,3.000000000,standard,0.365232794,0.907410566
13.241942054,8.717039605,4.922804933,1.273378165,-0.148061906,3.000000000,0.000000000,3.000000000,standard,0.372239113,0.914416884
13.312005239,8.737916802,4.989689398,1.263154072,-0.143777189,3.000000000,0.000000000,3.000000000,standard,0.379245431,0.921423203
13.382068425,8.759466561,5.056359645,1.253232157,-0.138938079,3.000000000,0.000000000,3.000000000,standard,0.386251750,0.916200480
13.452131610,8.781661739,5.122817069,1.243805848,-0.130131460,3.000000000,0.000000000,3.000000000,standard,0.393258068,0.911860635
13.522194796,8.804462006,5.189069573,1.234996403,-0.121330562,3.000000000,0.000000000,3.000000000,standard,0.400264387,0.914501625
13.592257981,8.827824786,5.255126172,1.226803178,-0.112541668,3.000000000,0.000000000,3.000000000,standard,0.407270705,0.919607177
13.662321167,8.851707475,5.320995927,1.219229636,-0.103438656,3.000000000,0.000000000,3.000000000,standard,0.414277024,0.922712940
13.732384352,8.876066419,5.386690008,1.212320105,-0.093793400,3.000000000,0.000000000,3.000000000,standard,0.421283343,0.921675476
13.802447538,8.900856516,5.452222499,1.206086374,-0.084149058,3.000000000,0.000000000,3.000000000,standard,0.428289661,0.917553874
13.872510723,8.926032553,5.517607691,1.200528233,-0.074509144,3.000000000,0.000000000,3.000000000,standard,0.435295980,0.911641220
13.942573908,8.951548998,5.582860105,1.195673905,-0.063451401,3.000000000,0.000000000,3.000000000,standard,0.442302298,0.905225861
14.012637094,8.977354938,5.647998010,1.191652873,-0.051330819,3.000000000,0.000000000,3.000000000,standard,0.449308617,0.899516984
14.082700279,9.003395012,5.713042778,1.188481068,-0.039209982,3.000000000,0.000000000,3.000000000,standard,0.456314935,0.895658315
14.152763465,9.029613723,5.778015874,1.186158460,-0.027090042,3.000000000,0.000000000,3.000000000,standard,0.463321254,0.892630801
14.222826650,9.055955078,5.842939046,1.184719235,-0.013594310,3.000000000,0.000000000,3.000000000,standard,0.470327572,0.885624483
14.292889836,9.082358110,5.907836842,1.184259253,0.000463857,3.000000000,0.000000000,3.000000000,standard,0.477333891,0.878618164
14.362953021,9.108759003,5.972735421,1.184784235,0.014522100,3.000000000,0.000000000,3.000000000,standard,0.484340209,0.871611846
14.433016207,9.135093904,6.037660961,1.186294173,0.028579938,3.000000000,0.000000000,3.000000000,standard,0.491346528,0.864605527
14.503079392,9.161299386,6.102639322,1.188761427,0.041645060,3.000000000,0.000000000,3.000000000,standard,0.498352847,0.857599209
14.573142578,9.187315219,6.167693990,1.192127975,0.054454613,3.000000000,0.000000000,3.000000000,standard,0.505359165,0.850592890
14.643205763,9.213082629,6.232847362,1.196392030,0.067264586,3.000000000,0.000000000,3.000000000,standard,0.512365484,0.843586572
14.713268949,9.238542850,6.298121836,1.201553569,0.080072028,3.000000000,0.000000000,3.000000000,standard,0.519371802,0.836580253
14.783332134,9.263636863,6.363539423,1.207617489,0.093050034,3.000000000,0.000000000,3.000000000,standard,0.526378121,0.837238787
14.853395320,9.288303994,6.429119629,1.214593281,0.106072127,3.000000000,0.000000000,3.000000000,standard,0.533384439,0.832759791
14.923458505,9.312482904,6.494880950,1.222481723,0.119101358,3.000000000,0.000000000,3.000000000,standard,0.540390758,0.825753473
14.993521690,9.336112252,6.560841877,1.231283112,0.132129457,3.000000000,0.000000000,3.000000000,standard,0.547397076,0.818747154
15.063584876,9.359132708,6.627019538,1.240880160,0.141258167,3.000000000,0.000000000,3.000000000,standard,0.554403395,0.811740836
15.133648061,9.381497323,6.693422639,1.251075879,0.149767264,3.000000000,0.000000000,3.000000000,standard,0.561409713,0.804734517
15.203711247,9.403163853,6.760056689,1.261868529,0.158295613,3.000000000,0.000000000,3.000000000,standard,0.568416032,0.797728198
15.273774432,9.424090061,6.826927191,1.273259205,0.166833887,3.000000000,0.000000000,3.000000000,standard,0.575422351,0.790721880
15.343837618,9.444236709,6.894038204,1.285087247,0.170096806,3.000000000,0.000000000,3.000000000,standard,0.582428669,0.783715561
15.413900803,9.463582256,6.961385258,1.297094156,0.172616848,3.000000000,0.000000000,3.000000000,standard,0.589434988,0.776709243
15.483963989,9.482111636,7.028960759,1.309278835,0.175173399,3.000000000,0.000000000,3.000000000,standard,0.596441306,0.769702924
15.554027174,9.499809796,7.096757110,1.321643572,0.177763350,3.000000000,0.000000000,3.000000000,standard,0.603447625,0.762696606
15.624090360,9.516669007,7.164765335,1.333829952,0.168738170,3.000000000,0.000000000,3.000000000,standard,0.610453943,0.755690287
15.694153545,9.532723127,7.232968629,1.345283567,0.158193756,3.000000000,0.000000000,3.000000000,standard,0.617460262,0.748683969
15.764216731,9.548020667,7.301347427,1.355999150,0.147666361,3.000000000,0.000000000,3.000000000,standard,0.624466580,0.741677650
15.834279916,9.562610156,7.369882165,1.365978179,0.137166268,3.000000000,0.000000000,3.000000000,standard,0.631472899,0.734671332
15.904343102,9.576528231,7.438555900,1.375808549,0.145504981,3.000000000,0.000000000,3.000000000,standard,0.638479218,0.727665013
15.974406287,9.589745099,7.507366370,1.386378552,0.156201469,3.000000000,0.000000000,3.000000000,standard,0.645096294,0.721252176
16.044469473,9.602207899,7.576316405,1.397698183,0.166903925,3.000000000,0.000000000,3.000000000,standard,0.638089975,0.720316730
16.114532658,9.613863751,7.645408842,1.409767726,0.177596727,3.000000000,0.000000000,3.000000000,standard,0.631083656,0.726469601
16.184595843,9.624655774,7.714645754,1.422776575,0.194543582,3.000000000,0.000000000,3.000000000,standard,0.624077338,0.733475919
16.254659029,9.634503086,7.784024626,1.437039137,0.212535018,3.000000000,0.000000000,3.000000000,standard,0.617071019,0.740482238
16.324722214,9.643315891,7.853541246,1.452564334,0.230581626,3.000000000,0.000000000,3.000000000,standard,0.610064701,0.747488557
16.394785400,9.651004381,7.923191393,1.469354946,0.248640846,3.000000000,0.000000000,3.000000000,standard,0.603058382,0.754494875
16.464848585,9.657481345,7.992969211,1.487266040,0.261530732,3.000000000,0.000000000,3.000000000,standard,0.596052064,0.761501194
16.534911771,9.662678586,8.062856852,1.506005997,0.273295800,3.000000000,0.000000000,3.000000000,standard,0.589045745,0.768507512
16.604974956,9.666536342,8.132831147,1.525574899,0.285180927,3.000000000,0.000000000,3.000000000,standard,0.582039427,0.775513831
16.675038142,9.668994893,8.202868903,1.545979878,0.297144500,3.000000000,0.000000000,3.000000000,standard,0.575033108,0.782520149
16.745101327,9.669994927,8.272946098,1.567201201,0.308181936,3.000000000,0.000000000,3.000000000,standard,0.568026790,0.789526468
16.815164513,9.669481138,8.343030640,1.589179813,0.319023923,3.000000000,0.000000000,3.000000000,standard,0.561020471,0.796532786
16.885227698,9.667400480,8.413085882,1.611924544,0.330037356,3.000000000,0.000000000,3.000000000,standard,0.554014152,0.803539105
16.955290884,9.663699932,8.483075125,1.635446000,0.341169271,3.000000000,-0.899446264,3.000000000,standard,0.547007834,0.810545424
17.025354069,9.658325691,8.552960794,1.659809546,0.354971020,2.978919915,-2.663909652,2.978919915,standard,0.540001515,0.817551742
17.095417255,9.651213825,8.622693910,1.685236284,0.370558597,2.915592541,-2.490711790,2.915592541,standard,0.532995197,0.824558061
17.165480440,9.642293309,8.692217523,1.711765526,0.386424101,2.855112163,-2.318386323,2.855112163,standard,0.525988878,0.831564379
17.235543626,9.631492978,8.761474518,1.739413911,0.402463413,2.797641578,-1.244851953,2.797641578,standard,0.518982560,0.838570698
17.305606811,9.618743827,8.830407241,1.768047559,0.411637619,2.766290262,-0.644841017,2.766290262,standard,0.513627105,0.845577016
17.375669996,9.604009980,8.898949783,1.797076792,0.416556324,2.749909559,-0.701247897,2.749909559,standard,0.515133060,0.852583335
17.445733182,9.587281476,8.967029779,1.826469611,0.422040467,2.731984491,-0.748261733,2.731984491,standard,0.521680766,0.859589653
17.515796367,9.568549042,9.034574690,1.856261136,0.428053801,2.712727052,2.400000000,2.712727052,standard,0.528687084,0.866595972
17.585859553,9.547811991,9.101516005,1.885810219,0.402269250,2.774020791,2.400000000,2.798316666,standard,0.535693403,0.873602290
17.655922738,9.525199402,9.167846062,1.912335172,0.354717578,2.833989174,2.400000000,2.979983925,standard,0.542699721,0.880608609
17.725985924,9.500940889,9.233604344,1.935535532,0.307333969,2.892714630,2.400000000,3.000000000,standard,0.549706040,0.887614928
17.796049109,9.475268691,9.298831564,1.955429033,0.260323038,2.950271381,2.111656611,3.000000000,standard,0.556712358,0.894621246
17.866112295,9.448410378,9.363568414,1.972340492,0.227720580,3.000000000,0.000000000,3.000000000,standard,0.563718677,0.901627565
17.936175480,9.420526940,9.427855281,1.987465872,0.203962716,3.000000000,0.000000000,3.000000000,standard,0.570724995,0.908633883
18.006238666,9.391729759,9.491732326,2.000923492,0.180161074,3.000000000,0.000000000,3.000000000,standard,0.577731314,0.915640202
18.076301851,9.362129031,9.555239704,2.012713176,0.156367069,3.000000000,0.000000000,3.000000000,standard,0.584737633,0.922646520
18.146365037,9.331831830,9.618416362,2.023073839,0.143851036,3.000000000,0.000000000,3.000000000,standard,0.591743951,0.929652839
18.216428222,9.300898910,9.681283312,2.032974723,0.138767168,3.000000000,0.000000000,3.000000000,standard,0.598750270,0.936659157
18.286491408,9.269355563,9.743847836,2.042519501,0.133681415,3.000000000,0.000000000,3.000000000,standard,0.605756588,0.943665476
18.356554593,9.237226178,9.806116868,2.051708422,0.128598982,3.000000000,-0.176354255,3.000000000,standard,0.612762907,0.950671794
18.426617779,9.204530238,9.868094439,2.060971381,0.145105024,2.995878522,-3.000000000,3.000000000,standard,0.619769225,0.957678113
18.496680964,9.171203584,9.929735155,2.072294178,0.178074230,2.924877606,-3.000000000,3.000000000,standard,0.626775544,0.964684432
18.566744149,9.137112039,9.990952242,2.085928288,0.211084094,2.852109728,-3.000000000,3.000000000,standard,0.633781862,0.971690750
18.636807335,9.102119267,10.051657652,2.101874892,0.244068187,2.777436009,-3.000000000,3.000000000,standard,0.629903302,0.978697069
18.706870520,9.066087454,10.111761242,2.120316917,0.286746413,2.700698367,-3.000000000,3.000000000,standard,0.622896984,0.985703387
18.776933706,9.028850614,10.171133058,2.142204844,0.337912400,2.621715575,-3.000000000,3.000000000,standard,0.615890665,0.990826809
18.846996891,8.990217526,10.229607469,2.167685104,0.389195960,2.540278222,-3.000000000,2.844926921,standard,0.608884347,0.987320250
18.917060077,8.949996071,10.287017581,2.196759167,0.440213671,2.456142164,-3.000000000,2.674998323,standard,0.601878028,0.982801860
18.987123262,8.907994329,10.343191416,2.229630208,0.502054186,2.369019886,-3.000000000,2.504839946,standard,0.594871710,0.978373113
19.057186448,8.864023801,10.397868358,2.267388938,0.574554948,2.278568872,-3.000000000,2.341474822,standard,0.587865391,0.974859045
19.127249633,8.817898890,10.450712526,2.310292823,0.648920256,2.184375653,-3.000000000,2.203228858,standard,0.580859073,0.972849952
19.197312819,8.769434091,10.501385649,2.358430337,0.723951887,2.085933335,-0.928917630,2.085933335,standard,0.573852754,0.972928677
19.267376004,8.718457164,10.549557801,2.410732796,0.746277139,2.054495564,0.445236712,2.054495564,standard,0.566846435,0.975637961
19.337439190,8.664998380,10.595026483,2.462713678,0.735407170,2.069623499,0.328579372,2.069623499,standard,0.559840117,0.980908208
19.407502375,8.609246014,10.637688615,2.514053837,0.727586177,2.080717199,0.197492041,2.080717199,standard,0.552833798,0.981149396
19.477565561,8.551392532,10.677443754,2.564951802,0.722964916,2.087356679,1.350871090,2.087356679,standard,0.545827480,0.974143077
19.547628746,8.491631397,10.714198304,2.615088300,0.692863419,2.132217289,2.400000000,2.132217289,standard,0.538821161,0.967136759
19.617691931,8.430176591,10.747999496,2.661732239,0.637104479,2.209672794,2.400000000,2.223565605,standard,0.531814843,0.960130440
19.687755117,8.367261355,10.779026727,2.704488401,0.581995179,2.284503698,2.400000000,2.326459966,standard,0.524808524,0.953124122
19.757818302,8.303119674,10.807464505,2.743435726,0.528441701,2.356959999,2.400000000,2.441500041,standard,0.517802206,0.946117803
19.827881488,8.237984541,10.833496990,2.778768675,0.483557496,2.427254360,2.400000000,2.552297041,standard,0.510795887,0.939111485
19.897944673,8.172036637,10.857289918,2.811540329,0.451221015,2.495569478,2.400000000,2.642169151,standard,0.503789569,0.932105166
19.968007859,8.105379471,10.878981847,2.842032213,0.418730340,2.562063682,2.400000000,2.742761610,standard,0.496783250,0.925098848
20.038071044,8.038110354,10.898709156,2.870252652,0.386420293,2.626875254,2.400000000,2.855126233,standard,0.489776931,0.918092529
20.108134230,7.970326517,10.916607961,2.896283372,0.363529796,2.690125813,2.400000000,2.943643895,standard,0.482770613,0.911086211
20.178197415,7.902107044,10.932752657,2.922321104,0.379337520,2.751922997,2.400000000,2.881657601,standard,0.475764294,0.904079892
20.248260601,7.833489410,10.947076161,2.949474732,0.395425014,2.812362614,-1.839827141,2.822430183,standard,0.468757976,0.897073573
20.318323786,7.764505289,10.959491649,2.977761057,0.411679939,2.766148075,-1.987594907,2.766148075,standard,0.461751657,0.890067255
20.388386972,7.695186360,10.969912306,3.007188310,0.427230986,2.715338047,-1.177348742,2.715338047,standard,0.454745339,0.887532353
20.458450157,7.625573611,10.978257783,3.037481492,0.437009390,2.684787348,-1.207678355,2.684787348,standard,0.447995804,0.890905098
20.528513343,7.555735179,10.984466609,3.068487437,0.447515934,2.653084152,-1.222008356,2.653084152,standard,0.441901079,0.897561454
20.598576528,7.485744121,10.988480731,3.100249918,0.458674189,2.620614417,-0.730060636,2.620614417,standard,0.437186823,0.904425675
20.668639714,7.415673495,10.990242136,3.132792799,0.465609962,2.601022717,2.400000000,2.601022717,standard,0.434578523,0.908422814
20.738702899,7.345590679,10.989746613,-3.119098769,0.427368684,2.664886951,2.400000000,2.714900573,standard,0.434545619,0.907680503
20.808766084,7.275545968,10.987151961,-3.090480278,0.389241674,2.727256084,2.400000000,2.844759857,standard,0.436786592,0.903947309
20.878829270,7.205586452,10.982646345,-3.064517028,0.351526749,2.788230450,2.400000000,2.993478120,standard,0.440855408,0.899650547
20.948892455,7.135759213,10.976417906,-3.041167881,0.317008722,2.847899635,2.400000000,3.000000000,standard,0.446306302,0.897216605
21.018955641,7.066103999,10.968627612,-3.019418271,0.303593170,2.906344031,2.400000000,3.000000000,standard,0.452963736,0.898150850
21.089018826,6.996639464,10.959358320,-2.998612884,0.290157158,2.963636096,1.547610810,3.000000000,standard,0.459970054,0.901310824
21.159082012,6.927380498,10.948678936,-2.978748752,0.276764474,3.000000000,0.000000000,3.000000000,standard,0.466976373,0.905081163
21.229145197,6.858341989,10.936658361,-2.959817390,0.264351061,3.000000000,0.000000000,3.000000000,standard,0.473982691,0.907846742
21.299208383,6.789539596,10.923355161,-2.941415052,0.260857878,3.000000000,0.000000000,3.000000000,standard,0.480989010,0.908410539
21.369271568,6.720991326,10.908796374,-2.923254974,0.257434851,3.000000000,0.000000000,3.000000000,standard,0.487995328,0.906851056
21.439334754,6.652715634,10.893003047,-2.905331697,0.254092417,3.000000000,0.000000000,3.000000000,standard,0.495001647,0.903489171
21.509397939,6.584730973,10.875996228,-2.887639145,0.251015739,3.000000000,0.000000000,3.000000000,standard,0.502007965,0.898645764
21.579461125,6.517057459,10.857790701,-2.869900538,0.255235556,3.000000000,-1.033265681,3.000000000,standard,0.509014284,0.892872581
21.649524310,6.449721402,10.838377934,-2.851863236,0.259545486,2.975770863,-3.000000000,3.000000000,standard,0.516020603,0.887581188
21.719587496,6.382750552,10.817743966,-2.833521364,0.263932939,2.904278416,-3.000000000,3.000000000,standard,0.523026921,0.884383282
21.789650681,6.316172661,10.795874834,-2.814869666,0.268383984,2.830981103,-3.000000000,3.000000000,standard,0.530033240,0.884890560
21.859713867,6.250021961,10.772741989,-2.795180938,0.294776260,2.755734909,-3.000000000,3.000000000,standard,0.537039558,0.890154662
21.929777052,6.184363438,10.748247668,-2.773548454,0.322599087,2.678375586,-3.000000000,3.000000000,standard,0.544045877,0.897160980
21.999840237,6.119271191,10.722273604,-2.749964184,0.350404059,2.598714426,-3.000000000,2.998269817,standard,0.551052195,0.904167299
22.069903423,6.054819316,10.694701528,-2.724430288,0.378001029,2.516532844,-3.000000000,2.886747417,standard,0.558058514,0.911173618
22.139966608,5.991102435,10.665394059,-2.695684339,0.447096299,2.431575301,-3.000000000,2.654328925,standard,0.565064832,0.918179936
22.210029794,5.928335044,10.634102188,-2.661655140,0.523450230,2.343539914,-3.000000000,2.453113144,standard,0.572071151,0.920752307
22.280092979,5.866775040,10.600536490,-2.622247638,0.600586882,2.252065767,-3.000000000,2.290168073,standard,0.579077469,0.921689945
22.350156165,5.806680380,10.564407484,-2.577436518,0.677212390,2.156715350,-1.827982635,2.156715350,standard,0.586083788,0.924135356
22.420219350,5.748311738,10.525451839,-2.528308264,0.716679109,2.096490527,-1.464035612,2.096490527,standard,0.593090107,0.929732129
22.490282536,5.691948663,10.483588087,-2.476774613,0.751767991,2.046978879,-1.452888899,2.046978879,standard,0.600096425,0.936738448
22.560345721,5.637878722,10.438812012,-2.422661026,0.790159978,1.996630783,-1.395471248,1.996630783,standard,0.607102744,0.943744766
22.630408907,5.586389513,10.391119677,-2.365777625,0.830917044,1.947047036,0.392216368,1.947047036,standard,0.614109062,0.950498016
22.700472092,5.537752013,10.340525188,-2.307392112,0.819042980,1.961109894,0.985195107,1.961109894,standard,0.621115381,0.951758009
22.770535278,5.492088853,10.287203662,-2.250898394,0.790661890,1.995996952,0.940005429,1.995996952,standard,0.628121699,0.949433352
22.840598463,5.449444694,10.231414843,-2.196279337,0.765357559,2.028724570,0.854220324,2.028724570,standard,0.635128018,0.945381764
22.910661649,5.409863503,10.173419230,-2.143315774,0.743727513,2.058014134,1.722601655,2.058014134,standard,0.642134336,0.941472487
22.980724834,5.373380703,10.113476259,-2.092241533,0.703626948,2.115845952,2.400000000,2.115845952,standard,0.649140655,0.939479673
23.050788020,5.339911859,10.051830483,-2.044764743,0.649930984,2.193879528,2.400000000,2.201515038,standard,0.656146974,0.939843686
23.120851205,5.309284194,9.988715481,-2.001032713,0.596921824,2.269231296,2.400000000,2.297188049,standard,0.663153292,0.942021827
23.190914390,5.281322874,9.924364580,-1.960962798,0.545516373,2.342160106,2.400000000,2.402986781,standard,0.670159611,0.945448509
23.260977576,5.255853547,9.859009102,-1.924332191,0.502684850,2.412885670,2.400000000,2.503268179,standard,0.677165929,0.949553816
23.331040761,5.232715258,9.792824442,-1.890309058,0.467763905,2.481596370,2.400000000,2.595027256,standard,0.684172248,0.949579566
23.401103947,5.211761914,9.725923963,-1.858739325,0.432878506,2.548455186,2.400000000,2.697567160,standard,0.691178566,0.942573248
23.471167132,5.192848196,9.658417802,-1.829603374,0.398379844,2.613604240,2.400000000,2.811943553,standard,0.698184885,0.935566929
23.541230318,5.175828976,9.590415807,-1.802833778,0.367542171,2.677168358,2.400000000,2.927532257,standard,0.702680154,0.928560610
23.611293503,5.160572101,9.522008630,-1.777918704,0.343400481,2.739257875,2.400000000,3.000000000,standard,0.698235959,0.921554292
23.681356689,5.146966335,9.453255968,-1.754695654,0.319306190,2.799970892,2.400000000,3.000000000,standard,0.695698858,0.914547973
23.751419874,5.134902341,9.384214707,-1.733155460,0.295386578,2.859395091,2.400000000,3.000000000,standard,0.693348443,0.907541655
23.821483060,5.124270819,9.314941682,-1.713274949,0.272891078,2.917609223,2.400000000,3.000000000,standard,0.688383319,0.900535336
23.891546245,5.114969023,9.245485220,-1.694792603,0.254586153,2.974684330,1.079405200,3.000000000,standard,0.681377000,0.893529018
23.961609431,5.106907999,9.175875737,-1.677593816,0.236283637,3.000000000,0.000000000,3.000000000,standard,0.674370682,0.886522699
24.031672616,5.100000537,9.106141381,-1.661675644,0.218038992,3.000000000,0.000000000,3.000000000,standard,0.667364363,0.879516381
24.101735802,5.094159488,9.036310287,-1.647019110,0.202024734,3.000000000,0.000000000,3.000000000,standard,0.660358045,0.872510062
24.171798987,5.089312899,8.966406440,-1.633093247,0.195447777,3.000000000,0.000000000,3.000000000,standard,0.654853952,0.865503744
24.241862172,5.085424173,8.896444183,-1.619628189,0.188882598,3.000000000,0.000000000,3.000000000,standard,0.650712350,0.858497425
24.311925358,5.082461729,8.826436491,-1.606622379,0.182341192,3.000000000,0.000000000,3.000000000,standard,0.647536753,0.851491106
24.381988543,5.080394042,8.756396336,-1.594061453,0.177513794,3.000000000,0.000000000,3.000000000,standard,0.644932334,0.844484788
24.452051729,5.079200971,8.686336100,-1.581567971,0.179086797,3.000000000,0.000000000,3.000000000,standard,0.642820258,0.837478469
24.522114914,5.078887151,8.616266893,-1.568963353,0.180687936,3.000000000,0.000000000,3.000000000,standard,0.641809577,0.830472151
24.592178100,5.079460475,8.546199652,-1.556245682,0.182314892,3.000000000,0.000000000,3.000000000,standard,0.642599825,0.823465832
24.662241285,5.080928886,8.476145323,-1.543405510,0.184767310,3.000000000,0.000000000,3.000000000,standard,0.645879369,0.816459514
24.732304471,5.083305079,8.406115558,-1.530296738,0.189397669,3.000000000,0.000000000,3.000000000,standard,0.651239449,0.809453195
24.802367656,5.086610437,8.336123301,-1.516862330,0.194059364,3.000000000,0.000000000,3.000000000,standard,0.656265068,0.802446877
24.872430842,5.090867274,8.266181630,-1.503100237,0.198744434,3.000000000,0.000000000,3.000000000,standard,0.658327206,0.795440558
24.942494027,5.096098024,8.196303691,-1.488993223,0.204710672,3.000000000,0.000000000,3.000000000,standard,0.652258715,0.788434240
25.012557213,5.102331613,8.126506097,-1.474355354,0.213074877,3.000000000,0.000000000,3.000000000,standard,0.645252396,0.781427921
25.082620398,5.109606545,8.056810572,-1.459128726,0.221519062,3.000000000,0.000000000,3.000000000,standard,0.638246078,0.774421602
25.152683584,5.117962092,7.987239251,-1.443308664,0.230027464,3.000000000,0.000000000,3.000000000,standard,0.635900171,0.767415284
25.222746769,5.127435820,7.917813981,-1.427064992,0.226957446,3.000000000,0.000000000,3.000000000,standard,0.642906489,0.760408965
25.292809955,5.138008295,7.848546947,-1.411816699,0.208277090,3.000000000,0.000000000,3.000000000,standard,0.649912808,0.753402647
25.362873140,5.149591021,7.779438625,-1.397875522,0.189638321,3.000000000,0.000000000,3.000000000,standard,0.656919126,0.746396328
25.432936325,5.162091359,7.710488790,-1.385237793,0.171070356,3.000000000,0.000000000,3.000000000,standard,0.663925445,0.739390010
25.502999511,5.175416491,7.641696898,-1.373920071,0.151305628,3.000000000,0.000000000,3.000000000,standard,0.670931763,0.732383691
25.573062696,5.189469015,7.573054200,-1.364060382,0.130128347,3.000000000,0.000000000,3.000000000,standard,0.677938082,0.725377373
25.643125882,5.204146646,7.504543202,-1.355685039,0.108942715,3.000000000,0.000000000,3.000000000,standard,0.684944400,0.718371054
25.713189067,5.219346860,7.436145984,-1.348793851,0.087764963,3.000000000,0.000000000,3.000000000,standard,0.691950719,0.711364736
25.783252253,5.234967452,7.367844581,-1.343360046,0.068108395,3.000000000,0.000000000,3.000000000,standard,0.698957038,0.704358417
25.853315438,5.250913802,7.299619893,-1.339222503,0.049999145,3.000000000,0.000000000,3.000000000,standard,0.705963356,0.697352098
25.923378624,5.267099010,7.231451667,-1.336353863,0.031887871,3.000000000,0.000000000,3.000000000,standard,0.712969675,0.690345780
25.993441809,5.283436518,7.163319599,-1.334754151,0.013776852,3.000000000,0.000000000,3.000000000,standard,0.719975993,0.683339461
26.063504995,5.299839992,7.095203426,-1.334403596,-0.003181207,3.000000000,0.000000000,3.000000000,standard,0.726982312,0.676333143
26.133568180,5.316228476,7.027083902,-1.335178378,-0.018935478,3.000000000,0.000000000,3.000000000,standard,0.733988630,0.669326824
26.203631366,5.332526541,6.958942828,-1.337056951,-0.034689626,3.000000000,0.000000000,3.000000000,standard,0.740994949,0.662320506
26.273694551,5.348659012,6.890762054,-1.340039281,-0.050442216,3.000000000,0.000000000,3.000000000,standard,0.748001267,0.655314187
26.343757737,5.364550412,6.822523446,-1.344151064,-0.067722371,3.000000000,0.000000000,3.000000000,standard,0.755007586,0.648307869
26.413820922,5.380117678,6.754209289,-1.349559325,-0.086656307,3.000000000,0.000000000,3.000000000,standard,0.762013904,0.641301550
26.483884108,5.395269784,6.685802308,-1.356294420,-0.105596768,3.000000000,0.000000000,3.000000000,standard,0.769020223,0.634295231
26.553947293,5.409915329,6.617285251,-1.364356572,-0.124535223,3.000000000,0.000000000,3.000000000,standard,0.776026542,0.627288913
26.624010478,5.423963811,6.548641228,-1.373662534,-0.138662361,3.000000000,0.000000000,3.000000000,standard,0.783032860,0.620282594
26.694073664,5.437346135,6.479861968,-1.383701421,-0.147885003,3.000000000,0.000000000,3.000000000,standard,0.790039179,0.613276276
26.764136849,5.450014991,6.410947977,-1.394387677,-0.157140205,3.000000000,0.000000000,3.000000000,standard,0.797045497,0.606269957
26.834200035,5.461924047,6.341900155,-1.405723116,-0.166419936,3.000000000,0.000000000,3.000000000,standard,0.804051816,0.599263639
26.904263220,5.473029501,6.272719776,-1.417506549,-0.165017595,3.000000000,0.000000000,3.000000000,standard,0.811058134,0.592257320
26.974326406,5.483335981,6.203415318,-1.428701442,-0.154532598,3.000000000,0.000000000,3.000000000,standard,0.818064453,0.585251002
27.044389591,5.492891672,6.134001733,-1.439162448,-0.144064668,3.000000000,0.000000000,3.000000000,standard,0.825070771,0.578244683
27.114452777,5.501746314,6.064494205,-1.448891007,-0.133623341,3.000000000,0.000000000,3.000000000,standard,0.832077090,0.571238365
27.184515962,5.509948143,5.994907558,-1.457995132,-0.128115704,3.000000000,0.000000000,3.000000000,standard,0.839083408,0.564232046
27.254579148,5.517524457,5.925251592,-1.466885215,-0.125644397,3.000000000,0.000000000,3.000000000,standard,0.846089727,0.557225727
27.324642333,5.524487189,5.855532423,-1.475602205,-0.123178129,3.000000000,0.000000000,3.000000000,standard,0.853096046,0.550219409
27.394705519,5.530847919,5.785756079,-1.484146584,-0.120718740,3.000000000,0.000000000,3.000000000,standard,0.860102364,0.546383602
27.464768704,5.536618185,5.715928552,-1.492521560,-0.118375060,3.000000000,0.000000000,3.000000000,standard,0.867108683,0.547868957
27.534831890,5.541809111,5.646055424,-1.500735291,-0.116083403,3.000000000,0.000000000,3.000000000,standard,0.874115001,0.554171239
27.604895075,5.546431579,5.576142034,-1.508788741,-0.113798999,3.000000000,0.000000000,3.000000000,standard,0.881121320,0.561177557
27.674958260,5.550496466,5.506193721,-1.516682455,-0.111523162,3.000000000,0.000000000,3.000000000,standard,0.888127638,0.568183876
27.745021446,5.554012619,5.436215704,-1.524530099,-0.113444649,3.000000000,0.000000000,3.000000000,standard,0.895133957,0.575190195
27.815084631,5.556972366,5.366212236,-1.532589956,-0.116620556,3.000000000,0.000000000,3.000000000,standard,0.902140275,0.582196513
27.885147817,5.559360004,5.296187099,-1.540872533,-0.119802278,3.000000000,0.000000000,3.000000000,standard,0.909146594,0.589202832
27.955211002,5.561159773,5.226144072,-1.549378222,-0.122987647,3.000000000,0.000000000,3.000000000,standard,0.916152912,0.596209150
28.025274188,5.562353621,5.156087162,-1.558228625,-0.130457538,3.000000000,0.000000000,3.000000000,standard,0.923159231,0.603215469
28.095337373,5.562907014,5.086022002,-1.567667052,-0.138954181,3.000000000,0.000000000,3.000000000,standard,0.930165550,0.610221787
28.165400559,5.562778221,5.015954940,-1.577701258,-0.147462665,3.000000000,-1.667412365,3.000000000,standard,0.937171868,0.617228106
28.235463744,5.561925478,4.945892324,-1.588331904,-0.155974409,2.960802519,-3.000000000,3.000000000,standard,0.944178187,0.624234424
28.305526930,5.560299549,4.875841402,-1.599961697,-0.178896823,2.888939674,-3.000000000,3.000000000,standard,0.951184505,0.631240743
28.375590115,5.557795504,4.805816101,-1.613429722,-0.205521371,2.815243032,-3.000000000,3.000000000,standard,0.958190824,0.629320149
28.445653301,5.554283273,4.735833369,-1.628763988,-0.232148236,2.739564603,-3.000000000,3.000000000,standard,0.965197142,0.622313831
28.515716486,5.549632663,4.665910166,-1.645963706,-0.258699824,2.661735356,-3.000000000,3.000000000,standard,0.972203461,0.615307512
28.585779672,5.543700613,4.596067777,-1.665820172,-0.317171072,2.581560766,-3.000000000,3.000000000,standard,0.965642605,0.608301194
28.655842857,5.536215817,4.526370579,-1.690573765,-0.389137880,2.498815095,-3.000000000,2.845139223,standard,0.958636287,0.601294875
28.725906043,5.526833348,4.456907688,-1.720380110,-0.461282468,2.413233881,-3.000000000,2.613194903,standard,0.951629968,0.594288556
28.795969228,5.515207407,4.387768513,-1.755237414,-0.532833845,2.324503959,-3.000000000,2.431416590,standard,0.944623650,0.587282238
28.866032413,5.500992630,4.319045516,-1.795120207,-0.604439401,2.232249884,-3.000000000,2.282857977,standard,0.937617331,0.594288556
28.936095599,5.483857367,4.250926362,-1.840236509,-0.680718101,2.136015081,-3.000000000,2.151154619,standard,0.930611013,0.601294875
29.006158784,5.463486037,4.183710279,-1.890836125,-0.760468883,2.035234954,-2.864429249,2.035234954,standard,0.924583357,0.608301194
29.076221970,5.439563974,4.117702852,-1.947095271,-0.842066039,1.934114588,-2.334020701,1.934114588,standard,0.921135662,0.615307512
29.146285155,5.411776511,4.053209662,-2.009087992,-0.922741251,1.847631292,-0.677298176,1.847631292,standard,0.919809970,0.622313831
29.216348341,5.379849325,3.990545745,-2.075178938,-0.949128503,1.821766740,-0.593385475,1.821766740,standard,0.920151804,0.629320149
29.286411526,5.343767350,3.930086874,-2.142829590,-0.973518714,1.798801018,-0.730835551,1.798801018,standard,0.921729050,0.633850231
29.356474712,5.303618076,3.872232851,-2.212479290,-1.005337619,1.770106146,-0.814596324,1.770106146,standard,0.924118440,0.626843913
29.426537897,5.259489245,3.817383537,-2.284574051,-1.043347152,1.737564198,-0.842659671,1.737564198,standard,0.926896725,0.619837594
29.496601083,5.211468602,3.765938792,-2.359490716,-1.085813570,1.703247046,0.610968478,1.703247046,standard,0.929640658,0.612831276
29.566664268,5.159690622,3.718258330,-2.434865383,-1.054688691,1.728196544,0.558746843,1.728196544,standard,0.931934780,0.605824957
29.636727454,5.104488183,3.674531421,-2.508169299,-1.027746392,1.750702277,0.433930763,1.750702277,standard,0.933396682,0.598818639
29.706790639,5.046246804,3.634902111,-2.579836770,-1.007753752,1.767982920,0.273778031,1.767982920,standard,0.933652728,0.591812320
29.776853825,4.985352005,3.599514447,-2.650350297,-0.995535221,1.778799350,0.211107361,1.778799350,standard,0.932329282,0.584806002
29.846917010,4.922189297,3.568512435,-2.720208030,-0.986314082,1.787095083,1.540358119,1.787095083,standard,0.929052871,0.577799683
29.916980196,4.857129390,3.541962933,-2.787344106,-0.923874601,1.846497666,1.768466702,1.846497666,standard,0.923769535,0.570793364
29.987043381,4.790497311,3.519694767,-2.850054278,-0.861276410,1.912423188,1.961053839,1.912423188,standard,0.917411138,0.563787046
30.057106566,4.722609309,3.501491000,-2.908463002,-0.801086873,1.982966920,2.110132357,1.982966920,standard,0.911099079,0.556780727
30.127169752,4.653781631,3.487134692,-2.962795496,-0.745060780,2.056171928,1.443802399,2.056171928,standard,0.905954754,0.549774409
30.197232937,4.584328712,3.476410853,-3.013577629,-0.711035622,2.104794001,0.288818837,2.104794001,standard,0.903078683,0.542768090
30.267296123,4.514491725,3.469183114,-3.063277758,-0.704598850,2.114386181,0.282901802,2.114386181,standard,0.902727374,0.535761772
30.337359308,4.444415015,3.465419028,-3.112510622,-0.698405939,2.123739844,0.268540596,2.123739844,standard,0.904041818,0.528755453
30.407422494,4.374236284,3.465093275,3.121861706,-0.692627284,2.132580724,0.246843287,2.132580724,standard,0.906086497,0.521749135
30.477485679,4.304093234,3.468180534,3.073414054,-0.687399239,2.140675080,-1.708677303,2.140675080,standard,0.907925893,0.514742816
30.547548865,4.234136197,3.474679540,3.024010570,-0.725295228,2.084000731,-1.943256545,2.084000731,standard,0.908800076,0.507736498
30.617612050,4.164593153,3.484736915,2.971356151,-0.773811742,2.017611846,-1.808355588,2.017611846,standard,0.909028667,0.500730179
30.687675236,4.095721567,3.498555445,2.915201861,-0.825177771,1.953806350,-1.635711163,1.953806350,standard,0.909341279,0.493723860
30.757738421,4.027778965,3.516338029,2.855391180,-0.877888989,1.894242061,-1.215614741,1.894242061,standard,0.910468315,0.486717542
30.827801607,3.961023076,3.538287136,2.791915282,-0.921641916,1.848732891,-0.465912491,1.848732891,standard,0.913137005,0.479711223
30.897864792,3.895746653,3.564533126,2.726472333,-0.939589839,1.830990627,-0.616144357,1.830990627,standard,0.917536233,0.472704905
30.967927978,3.832316656,3.595053549,2.659485256,-0.964426854,1.807259971,-0.721855786,1.807259971,standard,0.922714059,0.465698586
31.037991163,3.771109511,3.629806474,2.590537409,-0.995248849,1.779055247,-0.779143310,1.779055247,standard,0.927573117,0.458692268
31.108054349,3.712501640,3.668749968,2.519262217,-1.030806706,1.748101555,-0.251296777,1.748101555,standard,0.931016036,0.451685949
31.178117534,3.656867775,3.711839175,2.445727272,-1.042823380,1.738000501,0.535688025,1.738000501,standard,0.931971327,0.444679631
31.248180719,3.604512205,3.758907349,2.373219430,-1.017537252,1.759462918,0.415688529,1.759462918,standard,0.930445443,0.437673312
31.318243905,3.555644891,3.809624535,2.302242825,-0.998744852,1.775938818,0.263134192,1.775938818,standard,0.927888253,0.430666994
31.388307090,3.510469196,3.863649364,2.232343709,-0.987203733,1.786289653,0.087785365,1.786289653,standard,0.925850554,0.423660675
31.458370276,3.469188487,3.920640467,2.163039185,-0.983412555,1.789729524,1.059731394,1.789729524,standard,0.925326519,0.416654356
31.528433461,3.431994221,3.980255806,2.094694021,-0.939841750,1.830745226,2.400000000,1.830745226,standard,0.918320200,0.409648038
31.598496647,3.398833895,4.042139654,2.031742122,-0.852967624,1.920398754,2.400000000,1.921715103,standard,0.911313882,0.402641719
31.668559832,3.369426561,4.105923462,1.974865192,-0.766784629,2.006049517,2.400000000,2.026835852,standard,0.904307563,0.395635401
31.738623018,3.343482476,4.171238189,1.923907273,-0.683932828,2.088190115,2.400000000,2.146093070,standard,0.897301244,0.388629082
31.808686203,3.320711896,4.237714793,1.878619272,-0.605792592,2.167219704,2.400000000,2.280306881,standard,0.890294926,0.381622764
31.878749389,3.300824508,4.305013746,1.838362674,-0.542476923,2.243467080,2.400000000,2.409709240,standard,0.883288607,0.374616445
31.948812574,3.283526840,4.372959737,1.802537951,-0.479224422,2.317206902,2.400000000,2.563809814,standard,0.876282289,0.367610127
32.018875760,3.268524327,4.441434230,1.771175146,-0.415558814,2.388671413,2.400000000,2.753208030,standard,0.869275970,0.360603808
32.088938945,3.255522404,4.510318746,1.744267681,-0.352183394,2.458059073,2.400000000,2.990686153,standard,0.862269652,0.353597490
32.159002131,3.244233234,4.579497533,1.721268833,-0.314506068,2.525541070,2.400000000,3.000000000,standard,0.855263333,0.346591171
32.229065316,3.234475598,4.648898054,1.699922177,-0.294660752,2.591266290,2.400000000,3.000000000,standard,0.848257015,0.339584852
32.299128501,3.226153478,4.718482304,1.679966675,-0.274847502,2.655365187,2.400000000,3.000000000,standard,0.841250696,0.332578534
32.369191687,3.219173233,4.788213246,1.661396491,-0.255143328,2.717952827,2.400000000,3.000000000,standard,0.834244378,0.328720374
32.439254872,3.213441417,4.858054157,1.644183323,-0.236769405,2.779131313,2.400000000,3.000000000,standard,0.827238059,0.329668339
32.509318058,3.208869655,4.927976754,1.628188644,-0.219746935,2.838991749,2.400000000,3.000000000,standard,0.820231740,0.334883450
32.579381243,3.205375066,4.997961886,1.613386327,-0.202742443,2.897615819,2.400000000,3.000000000,standard,0.813225422,0.341889768
32.649444429,3.202875045,5.067990859,1.599773636,-0.185791326,2.955077110,1.909128675,3.000000000,standard,0.806219103,0.348896087
32.719507614,3.201288010,5.138045133,1.587248643,-0.175110379,3.000000000,0.000000000,3.000000000,standard,0.799212785,0.355902406
32.789570800,3.200562554,5.208110762,1.575087376,-0.172008922,3.000000000,0.000000000,3.000000000,standard,0.792206466,0.362908724
32.859633985,3.200681601,5.278179023,1.563143388,-0.168914484,3.000000000,0.000000000,3.000000000,standard,0.785200148,0.369915043
32.929697171,3.201629937,5.348241476,1.551415760,-0.165831647,3.000000000,0.000000000,3.000000000,standard,0.778193829,0.376921361
32.999760356,3.203393505,5.418289582,1.539802842,-0.168578550,3.000000000,0.000000000,3.000000000,standard,0.771187511,0.383927680
33.069823542,3.205985659,5.488312465,1.527684111,-0.177325448,3.000000000,0.000000000,3.000000000,standard,0.764181192,0.390933998
33.139886727,3.209447621,5.558296869,1.514951337,-0.186107166,3.000000000,0.000000000,3.000000000,standard,0.757174874,0.397940317
33.209949913,3.213821859,5.628229431,1.501602505,-0.194910754,3.000000000,0.000000000,3.000000000,standard,0.750168555,0.404946635
33.280013098,3.219149457,5.698096766,1.487743458,-0.198176466,3.000000000,0.000000000,3.000000000,standard,0.743162236,0.411952954
33.350076284,3.225446153,5.767885093,1.473899291,-0.196971396,3.000000000,0.000000000,3.000000000,standard,0.736155918,0.418959273
33.420139469,3.232705522,5.837580276,1.460137621,-0.195819878,3.000000000,0.000000000,3.000000000,standard,0.729149599,0.425965591
33.490202654,3.240920394,5.907168172,1.446454934,-0.194723654,3.000000000,0.000000000,3.000000000,standard,0.722143281,0.432971910
33.560265840,3.250080889,5.976635262,1.433048158,-0.183989144,3.000000000,0.000000000,3.000000000,standard,0.715136962,0.439978228
33.630329025,3.260135121,6.045977770,1.420767569,-0.166544741,3.000000000,0.000000000,3.000000000,standard,0.708130644,0.446984547
33.700392211,3.270998069,6.115199602,1.409708631,-0.149116720,3.000000000,0.000000000,3.000000000,standard,0.701124325,0.453990865
33.770455396,3.282583815,6.184304872,1.399869645,-0.131722856,3.000000000,0.000000000,3.000000000,standard,0.694118007,0.460997184
33.840518582,3.294806701,6.253298005,1.391233807,-0.115052143,3.000000000,0.000000000,3.000000000,standard,0.687111688,0.468003502
33.910581767,3.307584981,6.322188034,1.383740972,-0.098828063,3.000000000,0.000000000,3.000000000,standard,0.680105370,0.475009821
33.980644953,3.320839890,6.390987504,1.377385073,-0.082601403,3.000000000,0.000000000,3.000000000,standard,0.673099051,0.482016139
34.050708138,3.334492739,6.459709055,1.372165976,-0.066378908,3.000000000,0.000000000,3.000000000,standard,0.666092732,0.489022458
34.120771324,3.348463853,6.528365673,1.368156929,-0.046674341,3.000000000,0.000000000,3.000000000,standard,0.659086414,0.496028777
34.190834509,3.362658965,6.596975557,1.365657800,-0.024664829,3.000000000,0.000000000,3.000000000,standard,0.652080095,0.503035095
34.260897695,3.376972637,6.665560892,1.364700759,-0.002654661,3.000000000,0.000000000,3.000000000,standard,0.645073777,0.510041414
34.330960880,3.391299149,6.734143964,1.365285803,0.019354910,3.000000000,0.000000000,3.000000000,standard,0.638067458,0.517047732
34.401024066,3.405532623,6.802747014,1.367423201,0.041851558,3.000000000,0.000000000,3.000000000,standard,0.631061140,0.524054051
34.471087251,3.419564845,6.871391585,1.371154918,0.064671768,3.000000000,0.000000000,3.000000000,standard,0.624054821,0.531060369
34.541150437,3.433285816,6.940098691,1.376485544,0.087492658,3.000000000,0.000000000,3.000000000,standard,0.617048503,0.538066688
34.611213622,3.446585491,7.008889335,1.383414954,0.110305052,3.000000000,0.000000000,3.000000000,standard,0.610042184,0.545073006
34.681276807,3.459354400,7.077783950,1.391895825,0.130927673,3.000000000,0.000000000,3.000000000,standard,0.603035866,0.552079325
34.751339993,3.471491262,7.146794889,1.401745203,0.150207638,3.000000000,0.000000000,3.000000000,standard,0.596029547,0.559085643
34.821403178,3.482900900,7.215928478,1.412946679,0.169523498,3.000000000,0.000000000,3.000000000,standard,0.589023228,0.566091962
34.891466364,3.493488286,7.285190898,1.425501987,0.188854712,3.000000000,0.000000000,3.000000000,standard,0.582016910,0.573098281
34.961529549,3.503162958,7.354587419,1.439098463,0.194119295,3.000000000,0.000000000,3.000000000,standard,0.575010591,0.580104599
35.031592735,3.511893998,7.424111401,1.452603801,0.191366106,3.000000000,0.000000000,3.000000000,standard,0.568004273,0.587110918
35.101655920,3.519692180,7.493747869,1.465918139,0.188659317,3.000000000,0.000000000,3.000000000,standard,0.560997954,0.594117236
35.171719106,3.526569139,7.563481676,1.479044605,0.186002771,3.000000000,0.000000000,3.000000000,standard,0.553991636,0.601123555
35.241782291,3.532536924,7.633297858,1.491961461,0.182347887,3.000000000,0.000000000,3.000000000,standard,0.547274997,0.608129873
35.311845477,3.537612139,7.703183471,1.504594084,0.178226124,3.000000000,0.000000000,3.000000000,standard,0.541431841,0.615136192
35.381908662,3.541814208,7.773126817,1.516938589,0.174126323,3.000000000,0.000000000,3.000000000,standard,0.536516672,0.622142510
35.451971848,3.545162594,7.843116220,1.528996756,0.170054210,3.000000000,0.000000000,3.000000000,standard,0.532584049,0.629148829
35.522035033,3.547675970,7.913140160,1.540815729,0.167720043,3.000000000,0.000000000,3.000000000,standard,0.529701077,0.636155147
35.592098219,3.549366227,7.983188495,1.552506041,0.165962612,3.000000000,0.000000000,3.000000000,standard,0.528042612,0.643161466
35.662161404,3.550241798,8.053251781,1.564073924,0.164225787,3.000000000,0.000000000,3.000000000,standard,0.527838372,0.650167785
35.732224590,3.550311089,8.123320582,1.575520905,0.162511669,3.000000000,0.000000000,3.000000000,standard,0.529318513,0.657174103
35.802287775,3.549579931,8.193385457,1.586979613,0.165263003,3.000000000,0.000000000,3.000000000,standard,0.532491976,0.664180422
35.872350960,3.548037482,8.263436941,1.598685610,0.168868336,3.000000000,0.000000000,3.000000000,standard,0.535936326,0.671186740
35.942414146,3.545666264,8.333465562,1.610644854,0.172489212,3.000000000,0.000000000,3.000000000,standard,0.537659384,0.678193059
36.012477331,3.542448783,8.403461848,1.622858459,0.176120429,3.000000000,0.000000000,3.000000000,standard,0.532271400,0.685199377
36.082540517,3.538361111,8.473415035,1.635628843,0.189095462,3.000000000,0.000000000,3.000000000,standard,0.525265082,0.692205696
36.152603702,3.533346886,8.543307859,1.649362966,0.202907946,3.000000000,0.000000000,3.000000000,standard,0.518258763,0.699212014
36.222666888,3.527339546,8.613121010,1.664066266,0.216760590,3.000000000,0.000000000,3.000000000,standard,0.511252445,0.706218333
36.292730073,3.520272523,8.682835174,1.679740898,0.230623508,3.000000000,0.000000000,3.000000000,standard,0.508181580,0.713224651
36.362793259,3.512083696,8.752429869,1.696198685,0.238927376,3.000000000,0.000000000,3.000000000,standard,0.512857927,0.720230970
36.432856444,3.502730560,8.821879435,1.713229443,0.247143533,3.000000000,0.000000000,3.000000000,standard,0.519864245,0.727237289
36.502919630,3.492176014,8.891156790,1.730839000,0.255440830,3.000000000,0.000000000,3.000000000,standard,0.526870564,0.734243607
36.572982815,3.480382956,8.960234849,1.749032383,0.263795499,3.000000000,0.000000000,3.000000000,standard,0.533876882,0.741249926
36.643046001,3.467312121,9.029084830,1.767923551,0.275502029,3.000000000,-0.053785813,3.000000000,standard,0.540883201,0.748256244
36.713109186,3.452914316,9.097670177,1.787650611,0.287491614,2.998743602,-3.000000000,3.000000000,standard,0.547889519,0.755262563
36.783172372,3.437137506,9.165952106,1.808221428,0.299567743,2.927812165,-3.000000000,3.000000000,standard,0.554895838,0.762268881
36.853235557,3.419929658,9.233891832,1.829641435,0.311678727,2.855119080,-3.000000000,3.000000000,standard,0.561902156,0.769275200
36.923298742,3.401226816,9.301443882,1.852556126,0.344552320,2.780526183,-3.000000000,3.000000000,standard,0.568908475,0.776281518
36.993361928,3.380897773,9.368525041,1.877963599,0.380431256,2.703876243,-3.000000000,2.877512251,standard,0.575914794,0.783287837
37.063425113,3.358787761,9.435038874,1.905892865,0.416475096,2.624989072,-3.000000000,2.750177714,standard,0.582921112,0.790294155
37.133488299,3.334741988,9.500888930,1.936350535,0.452373919,2.543656524,-3.000000000,2.638800136,standard,0.589927431,0.797300474
37.203551484,3.308603183,9.565969422,1.969646398,0.499697269,2.459636030,-3.000000000,2.510740274,standard,0.596933749,0.804306793
37.273614670,3.280195065,9.630102826,2.006510167,0.551573612,2.372642047,-3.000000000,2.389755867,standard,0.603940068,0.811313111
37.343677855,3.249332535,9.693078369,2.047048884,0.604553389,2.282334589,-3.000000000,2.282642752,standard,0.610946386,0.818319430
37.413741041,3.215830447,9.754685090,2.091316644,0.657802406,2.188303466,-1.157524980,2.188303466,standard,0.617952705,0.825325748
37.483804226,3.179517830,9.814712822,2.138575550,0.680864340,2.150923589,-0.635632347,2.150923589,standard,0.624959023,0.832332067
37.553867412,3.140364709,9.872959226,2.186818041,0.694229651,2.130118173,-0.728962462,2.130118173,standard,0.631965342,0.839338385
37.623930597,3.098421913,9.929226457,2.236090380,0.710218215,2.106004883,-0.795475452,2.106004883,standard,0.638971660,0.846344704
37.693993783,3.053741227,9.983316720,2.286552790,0.728527607,2.079372376,1.170941404,2.079372376,standard,0.645977979,0.853351022
37.764056968,3.006386418,10.035047362,2.337192363,0.701892107,2.118459168,2.217186050,2.118459168,standard,0.652984298,0.860357341
37.834120154,2.956541821,10.084388061,2.384825787,0.656447552,2.190560541,2.400000000,2.190560541,standard,0.659990616,0.867363660
37.904183339,2.904461499,10.131396600,2.429325920,0.612302354,2.266022677,2.400000000,2.268152819,standard,0.666996935,0.874369978
37.974246525,2.850400366,10.176131833,2.470802865,0.570176685,2.339051531,1.728585659,2.350447470,standard,0.674003253,0.879179160
38.044309710,2.794602540,10.218648110,2.509957833,0.551337146,2.390268290,0.882272183,2.390268290,standard,0.681009572,0.878840664
38.114372895,2.737221089,10.258961790,2.548212304,0.539659666,2.415990914,0.884843941,2.415990914,standard,0.688015890,0.882088904
38.184436081,2.678363399,10.297070174,2.585657479,0.528434643,2.441516346,0.872403778,2.441516346,standard,0.695022209,0.883379847
38.254499266,2.618136513,10.332970416,2.622334473,0.517815411,2.466424303,0.858744817,2.466424303,standard,0.702028527,0.876373529
38.324562452,2.556646722,10.366660131,2.658287939,0.507771185,2.490699026,0.845804929,2.490699026,standard,0.709034846,0.869367210
38.394625637,2.493994454,10.398140510,2.693555711,0.498252068,2.514378892,0.818361866,2.514378892,standard,0.715865169,0.862360892
38.464688823,2.430277373,10.427414426,2.728179672,0.489375480,2.537080072,0.777239555,2.537080072,standard,0.708858851,0.855354573
38.534752008,2.365593131,10.454484763,2.762206454,0.481232906,2.558454035,0.767600143,2.558454035,standard,0.701852532,0.848348255
38.604815194,2.300038179,10.479355010,2.795677112,0.473452961,2.579389089,0.769524384,2.579389089,standard,0.694846214,0.841341936
38.674878379,2.233697633,10.502034363,2.828605600,0.465901985,2.600207440,0.752111635,2.600207440,standard,0.687839895,0.834335618
38.744941565,2.166650361,10.522535166,2.861018865,0.458751043,2.620394895,0.724287427,2.620394895,standard,0.680833577,0.827329299
38.815004750,2.098975162,10.540869795,2.892948301,0.452069109,2.639689598,-0.475699572,2.639689598,standard,0.673827258,0.821389929
38.885067936,2.030750210,10.557047634,2.924648055,0.456435538,2.627033140,-1.266019595,2.627033140,standard,0.666820939,0.817517237
38.955131121,1.962044105,10.571032510,2.957071678,0.468478088,2.593048474,-1.245492745,2.593048474,standard,0.659814621,0.815569648
39.025194307,1.892918001,10.582752811,2.990354881,0.480961997,2.559174478,-1.210893313,2.559174478,standard,0.652808302,0.815124187
39.095257492,1.823432855,10.592135987,3.024526690,0.493753940,2.525805995,-1.520750045,2.525805995,standard,0.645801984,0.815750466
39.165320678,1.753650162,10.599108859,3.059669155,0.510816438,2.483263727,-1.949885159,2.483263727,standard,0.638795665,0.817027474
39.235383863,1.683649928,10.603576319,3.096324668,0.534499081,2.427626085,-1.863012607,2.427626085,standard,0.631789347,0.818859039
39.305447048,1.613534985,10.605416234,3.134679536,0.559273073,2.373249084,-1.756162889,2.373249084,standard,0.624783028,0.821549357
39.375510234,1.543409570,10.604504806,-3.108387997,0.584825018,2.320824526,-1.348074841,2.320824526,standard,0.617776710,0.825427316
39.445573419,1.473377972,10.600718404,-3.066494427,0.606080938,2.279764384,-0.256894329,2.279764384,standard,0.610770391,0.830820246
39.515636605,1.403554443,10.593966268,-3.023835229,0.610308048,2.271855624,-0.336643773,2.271855624,standard,0.603764073,0.837751399
39.585699790,1.334075060,10.584229657,-2.980824218,0.615937493,2.261449824,-0.406642273,2.261449824,standard,0.596757754,0.844757717
39.655762976,1.265078790,10.571499368,-2.937369990,0.622877520,2.248816133,-0.465224376,2.248816133,standard,0.589751435,0.851764036
39.725826161,1.196704601,10.555766200,-2.893385992,0.631011664,2.234274781,-0.239375104,2.234274781,standard,0.582745117,0.858770355
39.795889347,1.129091633,10.537024877,-2.848958431,0.635280319,2.226755719,-0.291288055,2.226755719,standard,0.575738798,0.865776673
39.865952532,1.062379810,10.515288268,-2.804203188,0.640553257,2.217571621,-0.349039299,2.217571621,standard,0.568732480,0.859159193
39.936015718,0.996709285,10.490574479,-2.759034433,0.646988058,2.206516323,-0.396628094,2.206516323,standard,0.561726161,0.852152874
40.006078903,0.932220209,10.462901612,-2.713371118,0.654458933,2.193886102,-0.735529508,2.193886102,standard,0.554719843,0.845146556
40.076142089,0.869055060,10.432286939,-2.667013377,0.668779991,2.170269372,-0.977731698,2.170269372,standard,0.547713524,0.838140237
40.146205274,0.807389199,10.398735947,-2.619368144,0.688816204,2.138472154,-1.007852472,2.138472154,standard,0.540707206,0.831133919
40.216268460,0.747422362,10.362245387,-2.570250083,0.710766302,2.105192733,-1.007637297,2.105192733,standard,0.533700887,0.824127600
40.286331645,0.689354861,10.322811804,-2.519540856,0.734156229,2.071385982,-0.846422665,2.071385982,standard,0.526694569,0.817121282
40.356394830,0.633386997,10.280431825,-2.467165589,0.755027449,2.042555691,-0.183916468,2.042555691,standard,0.519688250,0.810114963
40.426458016,0.579715649,10.235134225,-2.413986041,0.759720405,2.036237266,-0.299013298,2.036237266,standard,0.512681931,0.803108645
40.496521201,0.528529047,10.187028991,-2.360359078,0.767476059,2.025922643,-0.400231742,2.025922643,standard,0.505675613,0.796102326
40.566584387,0.480014075,10.136238736,-2.306089353,0.778108323,2.012033681,-0.483767642,2.012033681,standard,0.498669294,0.789096007
40.636647572,0.434357618,10.082886074,-2.250991855,0.791359672,1.995116771,0.550416651,1.995116771,standard,0.491662976,0.782089689
40.706710758,0.391738269,10.027098429,-2.195555906,0.776317378,2.014353201,1.264374173,2.014353201,standard,0.484656657,0.775083370
40.776773943,0.352218711,9.969070480,-2.142196758,0.743838365,2.057860778,1.286509613,2.057860778,standard,0.477650339,0.768077052
40.846837129,0.315776410,9.909046351,-2.091039249,0.713466295,2.101205584,1.268092209,2.101205584,standard,0.470644020,0.761070733
40.916900314,0.282386859,9.847271314,-2.041920805,0.685862385,2.143072109,1.436477200,2.143072109,standard,0.463637702,0.754064415
40.986963500,0.252025489,9.783990624,-1.994670099,0.657064979,2.189531092,2.400000000,2.189531092,standard,0.456631383,0.747058096
41.057026685,0.224614178,9.719436326,-1.950752342,0.595045412,2.265027525,2.400000000,2.300807166,standard,0.449625065,0.740051778
41.127089871,0.199922945,9.653803015,-1.911215233,0.532538685,2.338087463,2.400000000,2.432090303,standard,0.442618746,0.733045459
41.197153056,0.177695084,9.587278692,-1.876038589,0.470620920,2.408932600,2.400000000,2.587138404,standard,0.435612427,0.726039141
41.267216242,0.157673886,9.520051361,-1.845162979,0.409905291,2.477752926,2.400000000,2.772129503,standard,0.428606109,0.719032822
41.337279427,0.139612289,9.452299713,-1.817846620,0.375547350,2.544712725,2.400000000,2.896162500,standard,0.421599790,0.712026503
41.407342613,0.123346972,9.384121652,-1.792438525,0.349400789,2.609955200,2.400000000,3.000000000,standard,0.414593472,0.705020185
41.477405798,0.108757629,9.315573578,-1.768869923,0.323171893,2.673606073,2.400000000,3.000000000,standard,0.407587153,0.698013866
41.547468983,0.095724308,9.246711549,-1.747137305,0.297022922,2.735776438,2.400000000,3.000000000,standard,0.400580835,0.691007548
41.617532169,0.084130126,9.177590951,-1.726975673,0.284885210,2.796565038,2.400000000,3.000000000,standard,0.393574516,0.684001229
41.687595354,0.073920756,9.108253446,-1.706994201,0.285333008,2.856060101,2.400000000,3.000000000,standard,0.386568198,0.676994911
41.757658540,0.065100256,9.038727890,-1.686977449,0.285910086,2.914340851,2.400000000,3.000000000,standard,0.391062218,0.669988592
41.827721725,0.057674917,8.969042648,-1.666916664,0.286614548,2.971478737,1.215432290,3.000000000,standard,0.398068536,0.662982274
41.897784911,0.051650302,8.899226066,-1.646885123,0.281276843,3.000000000,0.000000000,3.000000000,standard,0.405074855,0.655975955
41.967848096,0.046999836,8.829305709,-1.627713280,0.265902508,3.000000000,0.000000000,3.000000000,standard,0.408399075,0.648969637
42.037911282,0.043652871,8.759308068,-1.609616270,0.250589817,3.000000000,0.000000000,3.000000000,standard,0.401392756,0.641963318
42.107974467,0.041535565,8.689259559,-1.592588151,0.235384096,3.000000000,0.000000000,3.000000000,standard,0.394386437,0.634956999
42.178037653,0.040574544,8.619186542,-1.576555912,0.226421441,3.000000000,0.000000000,3.000000000,standard,0.387380119,0.627950681
42.248100838,0.040730973,8.549111579,-1.560513507,0.231441257,3.000000000,0.000000000,3.000000000,standard,0.380373800,0.620944362
42.318164024,0.042023781,8.479050867,-1.544119098,0.236481930,3.000000000,0.000000000,3.000000000,standard,0.373367482,0.613938044
42.388227209,0.044477396,8.409020001,-1.527370867,0.241528888,3.000000000,0.000000000,3.000000000,standard,0.366361163,0.606931725
42.458290395,0.048116611,8.339034697,-1.510217273,0.251131719,3.000000000,0.000000000,3.000000000,standard,0.359354845,0.599925407
42.528353580,0.052991189,8.269119156,-1.491929299,0.270775816,3.000000000,0.000000000,3.000000000,standard,0.366361163,0.592919088
42.598416766,0.059191465,8.199311361,-1.472257980,0.290619693,3.000000000,0.000000000,3.000000000,standard,0.373367482,0.585912770
42.668479951,0.066811493,8.129650560,-1.451192438,0.310603518,3.000000000,0.000000000,3.000000000,standard,0.380373800,0.578906451
42.738543136,0.075943671,8.060175781,-1.428920686,0.315378747,3.000000000,0.000000000,3.000000000,standard,0.387380119,0.571900133
42.808606322,0.086600747,7.990915505,-1.407579966,0.293704404,3.000000000,0.000000000,3.000000000,standard,0.394386437,0.564893814
42.878669507,0.098682139,7.921883211,-1.387752152,0.272165759,3.000000000,0.000000000,3.000000000,standard,0.401392756,0.557887495
42.948732693,0.112078611,7.853091229,-1.369426349,0.250829633,3.000000000,0.000000000,3.000000000,standard,0.408399074,0.550881177
43.018795878,0.126680448,7.784551402,-1.352647581,0.225772724,3.000000000,0.000000000,3.000000000,standard,0.415405393,0.543874858
43.088859064,0.142361471,7.716258856,-1.337894665,0.195305349,3.000000000,0.000000000,3.000000000,standard,0.422411712,0.536868540
43.158922249,0.158975341,7.648188239,-1.325278060,0.164814690,3.000000000,0.000000000,3.000000000,standard,0.429418030,0.529862221
43.228985435,0.176374487,7.580312951,-1.314796949,0.134353007,3.000000000,0.000000000,3.000000000,standard,0.436424349,0.522855903
43.299048620,0.194412244,7.512606433,-1.306365712,0.109152465,3.000000000,0.000000000,3.000000000,standard,0.443430667,0.515849584
43.369111806,0.212967896,7.445043332,-1.299381994,0.090194989,3.000000000,0.000000000,3.000000000,standard,0.450436986,0.508843266
43.439174991,0.231949908,7.377599647,-1.293726912,0.071230630,3.000000000,0.000000000,3.000000000,standard,0.457443304,0.501836947
43.509238177,0.251268298,7.310251453,-1.289400542,0.052267201,3.000000000,0.000000000,3.000000000,standard,0.464449623,0.494830628
43.579301362,0.270833257,7.242974829,-1.286387015,0.034298836,3.000000000,0.000000000,3.000000000,standard,0.471455941,0.487824310
43.649364548,0.290559946,7.175746070,-1.284571322,0.017531136,3.000000000,0.000000000,3.000000000,standard,0.478462260,0.480817991
43.719427733,0.310369160,7.108541711,-1.283930452,0.000762917,3.000000000,0.000000000,3.000000000,standard,0.485468578,0.473811673
43.789490919,0.330182000,7.041338302,-1.284464415,-0.016005177,3.000000000,0.000000000,3.000000000,standard,0.492474897,0.466805354
43.859554104,0.349919205,6.974112309,-1.286209336,-0.035154532,3.000000000,0.000000000,3.000000000,standard,0.499481216,0.459799036
43.929617289,0.369490019,6.906837553,-1.289452441,-0.057421700,3.000000000,0.000000000,3.000000000,standard,0.506487534,0.452792717
43.999680475,0.388789988,6.839484706,-1.294255679,-0.079688691,3.000000000,0.000000000,3.000000000,standard,0.513493853,0.445786399
44.069743660,0.407713860,6.772024254,-1.300618905,-0.101947753,3.000000000,0.000000000,3.000000000,standard,0.520500171,0.438780080
44.139806846,0.426156244,6.704426825,-1.308551293,-0.124845595,3.000000000,0.000000000,3.000000000,standard,0.527506490,0.431773762
44.209870031,0.444007109,6.636667698,-1.318133321,-0.148656341,3.000000000,0.000000000,3.000000000,standard,0.534512808,0.424767443
44.279933217,0.461150821,6.568727772,-1.329385215,-0.172511887,3.000000000,0.000000000,3.000000000,standard,0.541519127,0.417761124
44.349996402,0.477471412,6.500588282,-1.342309120,-0.196388721,3.000000000,0.000000000,3.000000000,standard,0.548525445,0.410754806
44.420059588,0.492854919,6.432231041,-1.356709270,-0.207911342,3.000000000,0.000000000,3.000000000,standard,0.555531764,0.403748487
44.490122773,0.507245164,6.363654573,-1.371162874,-0.204641238,3.000000000,0.000000000,3.000000000,standard,0.562538082,0.396742169
44.560185959,0.520651084,6.294876225,-1.385389792,-0.201426862,3.000000000,0.000000000,3.000000000,standard,0.569544401,0.389735850
44.630249144,0.533085095,6.225914353,-1.399393805,-0.198273439,3.000000000,0.000000000,3.000000000,standard,0.576550720,0.382729532
44.700312330,0.544559557,6.156787215,-1.413184956,-0.195525909,3.000000000,0.000000000,3.000000000,standard,0.583557038,0.375723213
44.770375515,0.555085547,6.087510867,-1.426802544,-0.193152669,3.000000000,0.000000000,3.000000000,standard,0.590563357,0.368716895
44.840438701,0.564672863,6.018099169,-1.440254657,-0.190807915,3.000000000,0.000000000,3.000000000,standard,0.597569675,0.361710576
44.910501886,0.573331246,5.948565884,-1.453543507,-0.188495586,3.000000000,0.000000000,3.000000000,standard,0.604575994,0.354704258
44.980565071,0.581070191,5.878924714,-1.466691294,-0.187256149,3.000000000,0.000000000,3.000000000,standard,0.611582312,0.347697939
45.050628257,0.587894555,5.809188163,-1.479800101,-0.186910156,3.000000000,0.000000000,3.000000000,standard,0.618588631,0.340691620
45.120691442,0.593805064,5.739367672,-1.492885619,-0.186588602,3.000000000,0.000000000,3.000000000,standard,0.625594949,0.333685302
45.190754628,0.598802303,5.669474647,-1.505949706,-0.186291999,3.000000000,0.000000000,3.000000000,standard,0.632601268,0.327911742
45.260817813,0.602885270,5.599520531,-1.519113208,-0.191990614,3.000000000,0.000000000,3.000000000,standard,0.639607586,0.323796608
45.330880999,0.606026069,5.529517479,-1.532926368,-0.202263645,3.000000000,0.000000000,3.000000000,standard,0.646613905,0.321356089
45.400944184,0.608174352,5.459478234,-1.547460941,-0.212584962,3.000000000,0.000000000,3.000000000,standard,0.653620224,0.320292343
45.471007370,0.609279082,5.389415556,-1.562719713,-0.222934286,3.000000000,0.000000000,3.000000000,standard,0.660626542,0.320297905
45.541070555,0.609290364,5.319342411,-1.578615069,-0.228622430,3.000000000,0.000000000,3.000000000,standard,0.667632861,0.321074307
45.611133741,0.608179651,5.249275586,-1.594701175,-0.230493904,3.000000000,0.000000000,3.000000000,standard,0.674639179,0.322491584
45.681196926,0.605937342,5.179235260,-1.610921519,-0.232449000,3.000000000,0.000000000,3.000000000,standard,0.681645498,0.324569287
45.751260112,0.602554495,5.109241726,-1.627281452,-0.234483484,3.000000000,0.000000000,3.000000000,standard,0.688651816,0.327332156
45.821323297,0.598021861,5.039315262,-1.643813769,-0.238279141,3.000000000,-0.722906217,3.000000000,standard,0.695658135,0.330817881
45.891386483,0.592321998,4.969475590,-1.660712251,-0.244037856,2.983069187,-3.000000000,3.000000000,standard,0.702664453,0.335412977
45.961449668,0.585428545,4.899741836,-1.678015392,-0.249813020,2.911755942,-3.000000000,3.000000000,standard,0.709670772,0.341883709
46.031512854,0.577314689,4.830133097,-1.695724878,-0.255585551,2.838651713,-3.000000000,3.000000000,standard,0.716677091,0.348890028
46.101576039,0.567951895,4.760668983,-1.714056301,-0.278641391,2.763614379,-3.000000000,3.000000000,standard,0.723683409,0.355896346
46.171639224,0.557222363,4.691395751,-1.735509392,-0.333493887,2.686481961,-3.000000000,3.000000000,standard,0.730689728,0.362902665
46.241702410,0.544877526,4.622398704,-1.760817877,-0.388662257,2.607068509,-3.000000000,2.846879551,standard,0.737696046,0.369908983
46.311765595,0.530658411,4.553766248,-1.789994204,-0.443799893,2.525158827,-3.000000000,2.664168447,standard,0.744702365,0.376915302
46.381828781,0.514306052,4.485586830,-1.823028993,-0.498393106,2.440501585,-3.000000000,2.514023099,standard,0.751708683,0.383921620
46.451891966,0.495568356,4.417978529,-1.859947363,-0.554339796,2.352800220,-3.000000000,2.383785909,standard,0.758715002,0.390927939
46.521955152,0.474212177,4.351141136,-1.900864007,-0.612107893,2.261700635,-3.000000000,2.268513077,standard,0.765721320,0.397934257
46.592018337,0.450007610,4.285288413,-1.945874017,-0.670939286,2.166774250,-2.693754818,2.166774250,standard,0.772727639,0.404940576
46.662081523,0.422724749,4.220634123,-1.995026108,-0.729598251,2.077846135,-1.725710408,2.077846135,standard,0.779733957,0.411946894
46.732144708,0.392142789,4.157398132,-2.047961171,-0.772887210,2.018818225,-1.445278949,2.018818225,standard,0.786740276,0.418953213
46.802207894,0.358146594,4.095871187,-2.103690060,-0.813300887,1.968020663,-1.442197300,1.968020663,standard,0.793746595,0.425959532
46.872271079,0.320689130,4.036389718,-2.162419117,-0.858073205,1.915989420,-1.383799913,1.915989420,standard,0.800752913,0.432965850
46.942334265,0.279724497,3.979290914,-2.224396806,-0.905925113,1.864700672,-1.276864299,1.864700672,standard,0.807759232,0.439972169
47.012397450,0.235206794,3.924911964,-2.289800153,-0.955070385,1.816090922,0.269255294,1.816090922,standard,0.814765550,0.446978487
47.082460636,0.187138586,3.873571572,-2.356632781,-0.944268380,1.826449015,0.168925183,1.826449015,standard,0.821771869,0.453984806
47.152523821,0.135733930,3.825507775,-2.422827110,-0.937615283,1.832917586,0.011369603,1.832917586,standard,0.828778187,0.460991124
47.222587007,0.081264557,3.780936613,-2.488777145,-0.937170859,1.833352137,-0.147605593,1.833352137,standard,0.835784506,0.467997443
47.292650192,0.024002198,3.740074125,-2.554884080,-0.942973562,1.827702553,0.075856971,1.827702553,standard,0.842790824,0.475003761
47.362713377,-0.035781359,3.703135973,-2.621458279,-0.939982510,1.830608146,2.054107768,1.830608146,standard,0.849797143,0.482010080
47.432776563,-0.097796331,3.670217364,-2.684863483,-0.865631735,1.907606053,2.400000000,1.907606053,standard,0.856803461,0.489016398
47.502839748,-0.161709326,3.641121594,-2.743047222,-0.791505856,1.993806445,2.400000000,1.994932523,standard,0.863809780,0.496022717
47.572902934,-0.227180479,3.615608602,-2.796139810,-0.720108320,2.076431418,2.400000000,2.091492745,standard,0.870816099,0.503029036
47.642966119,-0.293869920,3.593438326,-2.844364989,-0.652955289,2.155892094,2.400000000,2.196410721,standard,0.877822417,0.510035354
47.713029305,-0.361443614,3.574369728,-2.888039014,-0.592367584,2.232526375,2.400000000,2.306001761,standard,0.884828736,0.517041673
47.783092490,-0.429677855,3.558143288,-2.927516126,-0.533084971,2.306615985,2.400000000,2.430843825,standard,0.891835054,0.524047991
47.853155676,-0.498447470,3.544482986,-2.962797557,-0.473268376,2.378398746,2.400000000,2.579892048,standard,0.898841373,0.531054310
47.923218861,-0.567630745,3.533112220,-2.993890769,-0.413762047,2.448077589,2.400000000,2.759179476,standard,0.905847691,0.538060628
47.993282047,-0.637106087,3.523754505,-3.020861196,-0.358839729,2.515827334,2.400000000,2.962818290,standard,0.912854010,0.538092382
48.063345232,-0.706775492,3.516156845,-3.044608832,-0.318804480,2.581799850,2.400000000,3.000000000,standard,0.919860328,0.531086064
48.133408418,-0.776592803,3.510117867,-3.065543115,-0.278640042,2.646128069,2.400000000,3.000000000,standard,0.926866647,0.524079745
48.203471603,-0.846518764,3.505443065,-3.083665369,-0.238549525,2.708929133,2.400000000,3.000000000,standard,0.933872965,0.520890774
48.273534789,-0.916514116,3.501937938,-3.098988066,-0.200649085,2.770306903,2.400000000,3.000000000,standard,0.940879284,0.519412323
48.343597974,-0.986545441,3.499441750,-3.112885011,-0.195970696,2.830353975,2.400000000,3.000000000,standard,0.947885603,0.517812631
48.413661160,-1.056599007,3.497907578,-3.126452539,-0.191279404,2.889153322,2.400000000,3.000000000,standard,0.954891921,0.516181013
48.483724345,-1.126665227,3.497312454,-3.139690878,-0.186585321,2.946779633,2.258602667,3.000000000,standard,0.961898240,0.515011126
48.553787530,-1.196734510,3.497633410,3.130584600,-0.181897592,3.000000000,-2.526449923,3.000000000,standard,0.968904558,0.514796630
48.623850716,-1.266796026,3.498864483,3.117263467,-0.198599476,2.940404349,-3.000000000,3.000000000,standard,0.975910877,0.515966543
48.693913901,-1.336833777,3.501070442,3.102750211,-0.215639648,2.868030444,-3.000000000,3.000000000,standard,0.982917195,0.518681049
48.763977087,-1.406830425,3.504334441,3.087041728,-0.232704469,2.793782295,-3.000000000,3.000000000,standard,0.989923514,0.523030449
48.834040272,-1.476768628,3.508739632,3.070136882,-0.249747461,2.717506284,-3.000000000,3.000000000,standard,0.996929832,0.529105045
48.904103458,-1.546625600,3.514390443,3.050999617,-0.299900941,2.639026579,-3.000000000,3.000000000,standard,1.003936151,0.536111364
48.974166643,-1.616348580,3.521508391,3.028078155,-0.354213628,2.558140375,-3.000000000,2.982103028,standard,1.010942469,0.543117682
49.044229829,-1.685874544,3.530355065,3.001347455,-0.408518739,2.474611699,-3.000000000,2.776829953,standard,1.017948788,0.550124001
49.114293014,-1.755140464,3.541192089,2.970814624,-0.462319299,2.388163301,-3.000000000,2.610262987,standard,1.024955107,0.557130319
49.184356200,-1.824074038,3.554285923,2.936094388,-0.533285228,2.298465757,-3.000000000,2.430387373,standard,1.031961425,0.564136638
49.254419385,-1.892496948,3.569958325,2.895796575,-0.615217485,2.205122610,-3.000000000,2.262772760,standard,1.038967744,0.571142956
49.324482571,-1.960163298,3.588566302,2.849682234,-0.699091601,2.107649546,-3.000000000,2.122698118,standard,1.045974062,0.578149275
49.394545756,-2.026826101,3.610467430,2.797664935,-0.783229929,2.005444464,-2.461939104,2.005444464,standard,1.052980381,0.585155593
49.464608942,-2.092238249,3.636019033,2.739810004,-0.856717435,1.917504864,-1.035535291,1.917504864,standard,1.059986699,0.590999273
49.534672127,-2.156109608,3.665490435,2.678345264,-0.891916914,1.879286860,-1.152439616,1.879286860,standard,1.066993018,0.583992955
49.604735312,-2.218044116,3.698934283,2.614091447,-0.934653779,1.835819142,-1.197918526,1.835819142,standard,1.073999336,0.576986636
49.674798498,-2.277629694,3.736370469,2.546615561,-0.983645890,1.789517238,-1.176509826,1.789517238,standard,1.081005655,0.569980318
49.744861683,-2.334454263,3.777818885,2.475557546,-1.037032976,1.742845918,-0.466129680,1.742845918,standard,1.088011973,0.562973999
49.814924869,-2.388107571,3.823296370,2.401074420,-1.059822850,1.724005462,0.634698666,1.724005462,standard,1.086266539,0.555967681
49.884988054,-2.438270464,3.872667563,2.327583929,-1.029030803,1.749609343,0.521990900,1.749609343,standard,1.079260221,0.548961362
49.955051240,-2.484755278,3.925577421,2.255983347,-1.005016293,1.770389094,0.368568192,1.770389094,standard,1.072253902,0.541955043
50.025114425,-2.527384593,3.981653779,2.185796713,-0.988724254,1.784915591,0.183683102,1.784915591,standard,1.065247584,0.534948725
50.095177611,-2.565980993,4.040524474,2.116511132,-0.980800438,1.792111189,1.013101157,1.792111189,standard,1.058241265,0.527942406
50.165240796,-2.600376884,4.101817898,2.048315554,-0.939282204,1.831290447,2.357426074,1.831290447,standard,1.051234947,0.520936088
50.235303982,-2.630632763,4.165175374,1.985304988,-0.855057618,1.919365068,2.400000000,1.919365068,standard,1.044228628,0.513929769
50.305367167,-2.657038372,4.230251225,1.928206436,-0.771105213,2.005059987,2.400000000,2.021149588,standard,1.037222309,0.506923451
50.375430353,-2.679893511,4.296700342,1.876884162,-0.690109792,2.087239527,2.400000000,2.136466966,standard,1.030215991,0.499917132
50.445493538,-2.699497982,4.364177614,1.831105986,-0.613544421,2.166303795,2.400000000,2.265855818,standard,1.023209672,0.492910814
50.515556724,-2.716139615,4.432366594,1.789739380,-0.567795433,2.242582312,2.400000000,2.355371030,standard,1.016203354,0.485904495
50.585619909,-2.730040900,4.501107277,1.751434160,-0.524423909,2.316350300,2.400000000,2.450834783,standard,1.009197035,0.478898177
50.655683095,-2.741402141,4.570292778,1.716190151,-0.480915511,2.387840448,2.400000000,2.559298160,standard,1.002190717,0.471891858
50.725746280,-2.750423626,4.639816255,1.683987242,-0.437839879,2.457251573,2.400000000,2.682239905,standard,0.995184398,0.464885539
50.795809465,-2.757304218,4.709572855,1.654669505,-0.400926943,2.524755153,2.400000000,2.802997146,standard,0.988178080,0.457879221
50.865872651,-2.762221042,4.779488080,1.627730278,-0.367779210,2.590500314,2.400000000,2.926588685,standard,0.981171761,0.452316253
50.935935836,-2.765334269,4.849511120,1.603109671,-0.334763451,2.654617706,2.400000000,3.000000000,standard,0.974165443,0.449188282
51.005999022,-2.766803619,4.919591787,1.580792043,-0.302058089,2.717222563,2.400000000,3.000000000,standard,0.967159124,0.447862139
51.076062207,-2.766788042,4.989680465,1.560682612,-0.274357406,2.778417129,2.400000000,3.000000000,standard,0.960152805,0.447717206
51.146125393,-2.765423712,5.059744370,1.542226616,-0.252357926,2.838292627,2.400000000,3.000000000,standard,0.953146487,0.448505091
51.216188578,-2.762820750,5.129769970,1.525314272,-0.230339283,2.896930846,2.400000000,3.000000000,standard,0.946140168,0.450403023
51.286251764,-2.759087854,5.199744785,1.509943478,-0.208368450,2.954405459,1.937453901,3.000000000,standard,0.939133850,0.453611521
51.356314949,-2.754333018,5.269656386,1.496031561,-0.192291819,3.000000000,0.000000000,3.000000000,standard,0.932127531,0.458326062
51.426378135,-2.748633956,5.339494554,1.482792637,-0.185581592,3.000000000,0.000000000,3.000000000,standard,0.925121213,0.464525483
51.496441320,-2.742027297,5.409252066,1.470023721,-0.178882124,3.000000000,0.000000000,3.000000000,standard,0.919822500,0.471531801
51.566504506,-2.734546738,5.478921915,1.457723432,-0.172204346,3.000000000,0.000000000,3.000000000,standard,0.915370014,0.478538120
51.636567691,-2.726225483,5.548497029,1.445827226,-0.170795722,3.000000000,0.000000000,3.000000000,standard,0.910290452,0.485544439
51.706630877,-2.717068656,5.617966774,1.433553999,-0.179517457,3.000000000,0.000000000,3.000000000,standard,0.904609499,0.492550757
51.776694062,-2.707038818,5.687315113,1.420668809,-0.188264137,3.000000000,0.000000000,3.000000000,standard,0.900625517,0.499557076
51.846757248,-2.696094976,5.756525559,1.407170175,-0.197021346,3.000000000,0.000000000,3.000000000,standard,0.900826555,0.506563394
51.916820433,-2.684195994,5.825581547,1.393034621,-0.208037809,3.000000000,0.000000000,3.000000000,standard,0.907683069,0.513569713
51.986883618,-2.671288569,5.894459875,1.377870527,-0.224758638,3.000000000,0.000000000,3.000000000,standard,0.914689387,0.520576031
52.056946804,-2.657298018,5.963125678,1.361531220,-0.241576925,3.000000000,0.000000000,3.000000000,standard,0.921695706,0.527582350
52.127009989,-2.642147488,6.031542913,1.344011430,-0.258454899,3.000000000,0.000000000,3.000000000,standard,0.928702024,0.534588668
52.197073175,-2.625760180,6.099675528,1.325318528,-0.273797423,3.000000000,0.000000000,3.000000000,standard,0.935708343,0.541594987
52.267136360,-2.608070820,6.167486255,1.305814660,-0.282837251,3.000000000,0.000000000,3.000000000,standard,0.942714661,0.548601305
52.337199546,-2.589040256,6.234935073,1.285671421,-0.292021086,3.000000000,0.000000000,3.000000000,standard,0.949720980,0.555607624
52.407262731,-2.568632931,6.301981577,1.264880020,-0.301316221,3.000000000,0.000000000,3.000000000,standard,0.956727298,0.562613943
52.477325917,-2.546813294,6.368585366,1.243434149,-0.310276554,3.000000000,0.000000000,3.000000000,standard,0.963733617,0.569620261
52.547389102,-2.523553187,6.434705702,1.221603127,-0.312678456,3.000000000,0.000000000,3.000000000,standard,0.970739936,0.576626580
52.617452288,-2.498849398,6.500300721,1.199594193,-0.315347957,3.000000000,0.000000000,3.000000000,standard,0.977746254,0.583632898
52.687515473,-2.472703969,6.565328322,1.177390862,-0.318275700,3.000000000,0.000000000,3.000000000,standard,0.984752573,0.590639217
52.757578659,-2.445118938,6.629746405,1.154977110,-0.321451226,3.000000000,0.000000000,3.000000000,standard,0.991758891,0.597645535
52.827641844,-2.416126376,6.693530579,1.133997154,-0.271851306,3.000000000,0.000000000,3.000000000,standard,0.998765210,0.604651854
52.897705030,-2.385923064,6.756753604,1.116907104,-0.215964902,3.000000000,0.000000000,3.000000000,standard,1.005771528,0.611658172
52.967768215,-2.354761960,6.819521372,1.103729091,-0.160154749,3.000000000,0.000000000,3.000000000,standard,1.012777847,0.618664491
53.037831400,-2.322896072,6.881939806,1.094456893,-0.104473327,3.000000000,-2.918535859,3.000000000,standard,1.019784165,0.625670809
53.107894586,-2.290598966,6.944128000,1.090370191,-0.003546424,2.931046939,-3.000000000,3.000000000,standard,1.026790484,0.632677128
53.177957771,-2.258291369,7.006299330,1.094031723,0.108077515,2.858436119,-3.000000000,3.000000000,standard,1.033796802,0.639683447
53.248020957,-2.226458131,7.068708257,1.105513953,0.219688250,2.783932099,-3.000000000,3.000000000,standard,1.040803121,0.646689765
53.318084142,-2.195584370,7.131609412,1.124808482,0.330893712,2.707378589,-3.000000000,3.000000000,standard,1.047809440,0.653696084
53.388147328,-2.166128998,7.195224486,1.150233656,0.393313477,2.628596528,-3.000000000,2.829996269,standard,1.054815758,0.660702402
53.458210513,-2.138437226,7.259632241,1.179982868,0.455492643,2.547379162,-3.000000000,2.629750785,standard,1.061822077,0.667708721
53.528273699,-2.112823433,7.324872681,1.214113730,0.518493404,2.463485636,-0.953834762,2.464811200,standard,1.068828395,0.674715039
53.598336884,-2.089594501,7.390983185,1.251868733,0.528809980,2.436206904,2.400000000,2.440649726,standard,1.075834714,0.681721358
53.668400070,-2.068809653,7.457914355,1.286824575,0.468754489,2.504277814,2.400000000,2.592283867,standard,1.082841032,0.688727676
53.738463255,-2.050229694,7.525512234,1.317602568,0.409431572,2.570546763,2.400000000,2.773732738,standard,1.078757716,0.695733995
53.808526441,-2.033597666,7.593616644,1.344258989,0.351199478,2.635149702,2.400000000,2.994872557,standard,1.071751398,0.702740314
53.878589626,-2.018641450,7.662080604,1.366330173,0.278362998,2.698206300,2.400000000,3.000000000,standard,1.064745079,0.709746632
53.948652812,-2.005025503,7.730812344,1.383264095,0.204971929,2.759822554,2.400000000,3.000000000,standard,1.057738760,0.716752951
54.018715997,-1.992397699,7.799734529,1.395054422,0.131569667,2.820092874,2.400000000,3.000000000,standard,1.050732442,0.723759269
54.088779183,-1.980408836,7.868770531,1.402019305,0.080360024,2.879101789,2.400000000,3.000000000,standard,1.043726123,0.730765588
54.158842368,-1.968818751,7.937870149,1.406985611,0.061400354,2.936925331,2.400000000,3.000000000,standard,1.036719805,0.737771906
54.228905553,-1.957526377,8.007016884,1.410623001,0.042430943,2.993632190,0.272370650,3.000000000,standard,1.029713486,0.744778225
54.298968739,-1.946439684,8.076196431,1.412931182,0.023458225,3.000000000,0.000000000,3.000000000,standard,1.022707168,0.751784543
54.369031924,-1.935473849,8.145395590,1.414406974,0.027070298,3.000000000,0.000000000,3.000000000,standard,1.015700849,0.758790862
54.439095110,-1.924640720,8.214616008,1.416898724,0.044058487,3.000000000,0.000000000,3.000000000,standard,1.008694531,0.765797180
54.509158295,-1.914021254,8.283869942,1.420580713,0.061045488,3.000000000,-0.773260836,3.000000000,standard,1.001688212,0.772803499
54.579221481,-1.903697907,8.353169881,1.425452813,0.078027366,2.981886276,-3.000000000,3.000000000,standard,0.994681894,0.779809818
54.649284666,-1.893761514,8.422528856,1.431995340,0.113399925,2.910544048,-3.000000000,3.000000000,standard,0.987675575,0.786816136
54.719347852,-1.884376862,8.491964695,1.441400538,0.155065197,2.837408596,-3.000000000,3.000000000,standard,0.980669256,0.793822455
54.789411037,-1.875747252,8.561497722,1.453725272,0.196727719,2.762337494,-3.000000000,3.000000000,standard,0.973662938,0.800828773
54.859474223,-1.868076316,8.631148283,1.468967882,0.238297900,2.685168396,-3.000000000,3.000000000,standard,0.966656619,0.807835092
54.929537408,-1.861581913,8.700932730,1.487822702,0.303479989,2.605714912,-3.000000000,3.000000000,standard,0.959650301,0.814841410
54.999600594,-1.856573310,8.770841749,1.511541950,0.373393749,2.523761297,-3.000000000,2.904502505,standard,0.952643982,0.821847729
55.069663779,-1.853395919,8.840855879,1.540166300,0.443374637,2.439055550,-3.000000000,2.665445788,standard,0.945637664,0.828854047
55.139726965,-1.852395244,8.910955632,1.573688550,0.512697689,2.351300249,-3.000000000,2.478703597,standard,0.938631345,0.835860366
55.209790150,-1.853918690,8.981097614,1.612187255,0.585344757,2.260140206,-3.000000000,2.319793945,standard,0.931625027,0.842866684
55.279853336,-1.858322608,9.051126173,1.655898469,0.660876785,2.165145407,-3.000000000,2.183207570,standard,0.924618708,0.849873003
55.349916521,-1.865965966,9.120852738,1.704964142,0.738141316,2.065786902,-2.786037354,2.065786902,standard,0.917612390,0.856879322
55.419979706,-1.877207732,9.190088734,1.759455043,0.812467487,1.969029767,-0.345957838,1.969029767,standard,0.910606071,0.863885640
55.490042892,-1.892339265,9.258628895,1.816825131,0.822754966,1.956680967,-0.477464518,1.956680967,standard,0.903599752,0.870891959
55.560106077,-1.911412620,9.326208882,1.875096669,0.837388456,1.939508968,-0.582296913,1.939508968,standard,0.896593434,0.877898277
55.630169263,-1.934426933,9.392551290,1.934537878,0.855955028,1.918358643,-0.488315866,1.918358643,standard,0.889587115,0.884904596
55.700232448,-1.961381289,9.457378744,1.995372898,0.872171752,1.900440463,0.880278878,1.900440463,standard,0.882580797,0.891910914
55.770295634,-1.992222868,9.520442632,2.055585806,0.843368021,1.932621080,0.852324519,1.932621080,standard,0.875574478,0.898917233
55.840358819,-2.026748077,9.581577895,2.113871793,0.817235654,1.963277204,0.785357659,1.963277204,standard,0.868568160,0.905923551
55.910422005,-2.064726103,9.640634558,2.170442331,0.794550303,1.991106903,0.872312765,1.991106903,standard,0.861561841,0.899391894
55.980485190,-2.105926098,9.697462767,2.225513207,0.770785380,2.021568876,2.037404986,2.021568876,standard,0.854555523,0.892385576
56.050548376,-2.150103426,9.751962480,2.277829487,0.720455346,2.090988974,2.313007772,2.090988974,standard,0.847549204,0.885379257
56.120611561,-2.196978379,9.804160311,2.326627149,0.670733902,2.167105967,2.400000000,2.167105967,standard,0.840542886,0.878372939
56.190674747,-2.246265761,9.854102706,2.371998797,0.622756882,2.243357209,2.400000000,2.249033938,standard,0.833536567,0.871366620
56.260737932,-2.297680510,9.901836192,2.414087359,0.578131500,2.317100527,2.400000000,2.334220939,standard,0.826530248,0.864360301
56.330801118,-2.350965093,9.947423597,2.453215646,0.537724923,2.388568221,2.400000000,2.420333400,standard,0.819523930,0.857353983
56.400864303,-2.405922736,9.990963728,2.489505185,0.497433264,2.457958794,2.400000000,2.516447446,standard,0.812517611,0.850347664
56.470927489,-2.462364786,10.032560201,2.522988823,0.457782495,2.525443471,2.400000000,2.623165464,standard,0.805511293,0.843341346
56.540990674,-2.520102813,10.072316716,2.553728163,0.419985914,2.591171167,2.400000000,2.738658713,standard,0.798504974,0.836335027
56.611053859,-2.578970625,10.110345329,2.581928738,0.384722263,2.655272359,2.400000000,2.861420062,standard,0.791498656,0.829328709
56.681117045,-2.638842937,10.146773473,2.607652661,0.349359256,2.717862137,2.400000000,3.000000000,standard,0.784492337,0.822322390
56.751180230,-2.699598863,10.181730234,2.630906031,0.314154328,2.779042620,2.400000000,3.000000000,standard,0.777486019,0.815316072
56.821243416,-2.761118619,10.215342632,2.651990975,0.302618412,2.838904926,2.400000000,3.000000000,standard,0.770479700,0.808309753
56.891306601,-2.823341474,10.247627391,2.674332794,0.334853526,2.897530753,-0.707394286,3.000000000,standard,0.763473382,0.801303435
56.961369787,-2.886294289,10.278437603,2.698940526,0.367356661,2.880374953,-3.000000000,2.928271342,standard,0.756467063,0.794297116
57.031432972,-2.950011023,10.307613111,2.725827162,0.399940034,2.806453413,-2.556081349,2.806453413,standard,0.749460744,0.787290797
57.101496158,-3.014524323,10.334995480,2.754790166,0.418994059,2.741898312,-0.274226055,2.741898312,standard,0.742454426,0.780284479
57.171559343,-3.079825364,10.360480725,2.784233961,0.421146639,2.734882091,-0.342102510,2.734882091,standard,0.735448107,0.773278160
57.241622529,-3.145856373,10.384029133,2.813851240,0.423863233,2.726103899,-0.404963925,2.726103899,standard,0.728441789,0.766271842
57.311685714,-3.212556756,10.405604692,2.843677672,0.427124647,2.715676038,1.158811324,2.715676038,standard,0.721435470,0.759265523
57.381748900,-3.279865581,10.425174321,2.873509874,0.417922847,2.745410055,2.400000000,2.745410055,standard,0.714429152,0.752259205
57.451812085,-3.347714901,10.442765221,2.902075363,0.397159089,2.805989960,2.400000000,2.816261796,standard,0.707422833,0.745252886
57.521875271,-3.416030192,10.458461157,2.929194662,0.376657477,2.865289331,2.400000000,2.891891405,standard,0.700416515,0.738246568
57.591938456,-3.484736674,10.472348083,2.954890110,0.356548345,2.923386091,2.400000000,2.972323425,standard,0.693410196,0.731240249
57.662001641,-3.553760679,10.484512871,2.979138281,0.334488908,2.980350571,0.838603551,3.000000000,standard,0.686403878,0.724233931
57.732064827,-3.623044406,10.495055545,3.001755721,0.310965152,3.000000000,0.000000000,3.000000000,standard,0.679397559,0.717227612
57.802128012,-3.692541890,10.504085935,3.022726980,0.287527185,3.000000000,0.000000000,3.000000000,standard,0.672391240,0.710221293
57.872191198,-3.762207448,10.511714110,3.042061456,0.264267222,3.000000000,0.000000000,3.000000000,standard,0.665384922,0.703214975
57.942254383,-3.831996768,10.518049592,3.059812099,0.242840466,3.000000000,0.000000000,3.000000000,standard,0.658378603,0.696208656
58.012317569,-3.901879742,10.523196263,3.076102626,0.222118253,3.000000000,0.000000000,3.000000000,standard,0.651372285,0.689202338
58.082380754,-3.971834668,10.527254667,3.090941785,0.201423492,3.000000000,0.000000000,3.000000000,standard,0.644365966,0.682196019
58.152443940,-4.041839954,10.530325303,3.104332988,0.180796617,3.000000000,0.000000000,3.000000000,standard,0.637359648,0.675189701
58.222507125,-4.111875140,10.532507263,3.116359365,0.163086549,3.000000000,0.000000000,3.000000000,standard,0.630353329,0.668183382
58.292570311,-4.181928546,10.533888724,3.127193023,0.146148385,3.000000000,0.000000000,3.000000000,standard,0.623347011,0.661177064
58.362633496,-4.251992594,10.534552760,3.136840007,0.129216891,3.000000000,0.000000000,3.000000000,standard,0.616340692,0.654170745
58.432696682,-4.322059730,10.534582416,-3.137884014,0.112305839,3.000000000,0.000000000,3.000000000,standard,0.609334373,0.647164426
58.502759867,-4.392123130,10.534058672,-3.130505789,0.098731107,3.000000000,0.000000000,3.000000000,standard,0.602328055,0.640158108
58.572823053,-4.462180276,10.533050283,-3.124046719,0.085643435,3.000000000,0.000000000,3.000000000,standard,0.595321736,0.633352651
58.642886238,-4.532230234,10.531621529,-3.118504629,0.072556497,3.000000000,0.000000000,3.000000000,standard,0.588315418,0.635672787
58.712949424,-4.602272070,10.529836682,-3.113879330,0.059473814,3.000000000,0.000000000,3.000000000,standard,0.581309099,0.642679106
58.783012609,-4.672305083,10.527755702,-3.109977817,0.052144981,3.000000000,0.000000000,3.000000000,standard,0.574302781,0.649685424
58.853075794,-4.742329647,10.525418884,-3.106572010,0.045075417,3.000000000,0.000000000,3.000000000,standard,0.567296462,0.656691743
58.923138980,-4.812346439,10.522860932,-3.103661529,0.038005835,3.000000000,0.000000000,3.000000000,standard,0.560290144,0.663698061
58.993202165,-4.882356137,10.520116549,-3.101246242,0.031011471,3.000000000,0.000000000,3.000000000,standard,0.554579895,0.670704380
59.063265351,-4.952359484,10.517218800,-3.099259424,0.025703403,3.000000000,0.000000000,3.000000000,standard,0.552952025,0.677710698
59.133328536,-5.022357449,10.514194992,-3.097644515,0.020395178,3.000000000,0.000000000,3.000000000,standard,0.554810895,0.684717017
59.203391722,-5.092351052,10.511071161,-3.096401518,0.015086976,3.000000000,0.000000000,3.000000000,standard,0.559313665,0.691723335
59.273454907,-5.162341312,10.507873343,-3.095529095,0.010075700,3.000000000,0.000000000,3.000000000,standard,0.565617096,0.690725425
59.343518093,-5.232329175,10.504624864,-3.094927937,0.007084737,3.000000000,0.000000000,3.000000000,standard,0.572608179,0.683719107
59.413581278,-5.302315384,10.501341646,-3.094536337,0.004093751,3.000000000,0.000000000,3.000000000,standard,0.578435270,0.676712788
59.483644464,-5.372300645,10.498038356,-3.094354295,0.001102758,3.000000000,0.000000000,3.000000000,standard,0.577850538,0.669706469
59.553707649,-5.442285666,10.494729659,-3.094382233,-0.001944539,3.000000000,0.000000000,3.000000000,standard,0.570844219,0.662700151
59.623770835,-5.512271159,10.491430601,-3.094632479,-0.005198898,3.000000000,0.000000000,3.000000000,standard,0.563837901,0.666740083
59.693834020,-5.582257844,10.488157036,-3.095110736,-0.008453264,3.000000000,0.000000000,3.000000000,standard,0.556831582,0.673746401
59.763897206,-5.652246442,10.484924923,-3.095817005,-0.011707633,3.000000000,0.000000000,3.000000000,standard,0.549825264,0.680752720
59.833960391,-5.722237671,10.481750156,-3.096742179,-0.014094136,3.000000000,0.000000000,3.000000000,standard,0.543382543,0.687759039
59.904023577,-5.792231994,10.478643691,-3.097742151,-0.014450716,3.000000000,0.000000000,3.000000000,standard,0.542256677,0.688602329
59.974086762,-5.862229440,10.475608093,-3.098767108,-0.014807326,3.000000000,0.000000000,3.000000000,standard,0.545208591,0.681596011
60.044149947,-5.932229996,10.472645116,-3.099817050,-0.015163962,3.000000000,0.000000000,3.000000000,standard,0.550726498,0.674589692
60.114213133,-6.002233651,10.469756576,-3.100899001,-0.016040907,3.000000000,0.000000000,3.000000000,standard,0.557296792,0.667583374
60.184276318,-6.072240506,10.466946969,-3.102082693,-0.017748344,3.000000000,0.000000000,3.000000000,standard,0.563328458,0.660577055
60.254339504,-6.142250810,10.464224419,-3.103386013,-0.019455768,3.000000000,0.000000000,3.000000000,standard,0.563043112,0.653570737
60.324402689,-6.212264824,10.461597302,-3.104808961,-0.021163142,3.000000000,0.000000000,3.000000000,standard,0.556036794,0.646564418
60.394465875,-6.282282809,10.459074205,-3.106370520,-0.024021514,3.000000000,0.000000000,3.000000000,standard,0.549030475,0.639558100
60.464529060,-6.352305032,10.456669248,-3.108199006,-0.028173645,3.000000000,0.000000000,3.000000000,standard,0.542024157,0.632551781
60.534592246,-6.422331768,10.454402518,-3.110318415,-0.032326122,3.000000000,0.000000000,3.000000000,standard,0.535017838,0.625545462
60.604655431,-6.492363290,10.452294402,-3.112728763,-0.036478812,3.000000000,0.000000000,3.000000000,standard,0.528011520,0.618539144
60.674718617,-6.562399840,10.450363925,-3.115325624,-0.035275116,3.000000000,0.000000000,3.000000000,standard,0.522308280,0.625545463
60.744781802,-6.632441018,10.448605861,-3.117605446,-0.029803875,3.000000000,0.000000000,3.000000000,standard,0.521829670,0.632551781
60.814844988,-6.702485879,10.446994053,-3.119501946,-0.024332841,3.000000000,0.000000000,3.000000000,standard,0.524575142,0.639558100
60.884908173,-6.772533455,10.445501662,-3.121015139,-0.018862129,3.000000000,0.000000000,3.000000000,standard,0.528465669,0.646564418
60.954971359,-6.842582803,10.444101611,-3.122129351,-0.012694245,3.000000000,0.000000000,3.000000000,standard,0.531535779,0.653570737
61.025034544,-6.912633215,10.442763824,-3.122789069,-0.006137812,3.000000000,0.000000000,3.000000000,standard,0.533264205,0.660577055
61.095097730,-6.982684152,10.441456163,-3.122989419,0.000418672,3.000000000,0.000000000,3.000000000,standard,0.534123949,0.667583374
61.165160915,-7.052735078,10.440146446,-3.122730402,0.006975142,3.000000000,0.000000000,3.000000000,standard,0.534607636,0.674589692
61.235224100,-7.122785442,10.438802642,-3.122020764,0.013188637,3.000000000,0.000000000,3.000000000,standard,0.535183196,0.681596011
61.305287286,-7.192834563,10.437394117,-3.120883544,0.019274042,3.000000000,0.000000000,3.000000000,standard,0.536087050,0.685780111
61.375350471,-7.262881687,10.435890999,-3.119319958,0.025359494,3.000000000,0.000000000,3.000000000,standard,0.537429012,0.678773793
61.445413657,-7.332926062,10.434263425,-3.117330008,0.031444807,3.000000000,0.000000000,3.000000000,standard,0.539317606,0.671767474
61.515476842,-7.402966898,10.432482594,-3.114969470,0.035573512,3.000000000,0.000000000,3.000000000,standard,0.541813322,0.664761156
61.585540028,-7.473003171,10.430527207,-3.112348107,0.039254717,3.000000000,0.000000000,3.000000000,standard,0.544636814,0.657754837
61.655603213,-7.543033751,10.428379207,-3.109468809,0.042936386,3.000000000,0.000000000,3.000000000,standard,0.547362151,0.650748519
61.725666399,-7.613057507,10.426020548,-3.106331554,0.046618240,3.000000000,0.000000000,3.000000000,standard,0.549562829,0.643742200
61.795729584,-7.683073333,10.423434971,-3.103021459,0.047598251,3.000000000,0.000000000,3.000000000,tight_bend_1_standard,0.550997087,0.650195146
61.865792770,-7.753080234,10.420615911,-3.099662792,0.048276548,3.000000000,0.000000000,3.000000000,tight_bend_1_standard,0.552424370,0.657201465
61.935855955,-7.823077257,10.417560071,-3.096256578,0.048955431,3.000000000,0.000000000,3.000000000,tight_bend_1_standard,0.554941699,0.664207783
62.005919141,-7.893063448,10.414264157,-3.092802777,0.049634828,3.000000000,0.000000000,3.000000000,tight_bend_1_standard,0.559646357,0.671214102
62.075982326,-7.963037468,10.410718605,-3.089028387,0.058224913,3.000000000,0.000000000,3.000000000,tight_bend_1_standard,0.566652675,0.678220420
62.146045512,-8.032996363,10.406887632,-3.084643777,0.066935651,3.000000000,-2.581728690,3.000000000,tight_bend_1_standard,0.573658994,0.681616096
62.216108697,-8.102936757,10.402728597,-3.079648864,0.075645357,2.939086887,-3.000000000,3.000000000,tight_bend_1_standard,0.579860759,0.674609778
62.286171882,-8.172855276,10.398198856,-3.074041107,0.085412172,2.866679721,-3.000000000,3.000000000,tight_bend_1_standard,0.573644150,0.667603459
62.356235068,-8.242746314,10.393240846,-3.067226498,0.109108374,2.792395657,-3.000000000,3.000000000,tight_bend_1_standard,0.566637832,0.660597141
62.426298253,-8.312597055,10.387748701,-3.058751011,0.132820324,2.716080705,-3.000000000,3.000000000,tight_bend_1_standard,0.559631513,0.653590822
62.496361439,-8.382393223,10.381606793,-3.048614006,0.156532761,2.637558583,-3.000000000,3.000000000,tight_bend_1_standard,0.552625195,0.646584504
62.566424624,-8.452120515,10.374699380,-3.036783367,0.186146120,2.556625934,-3.000000000,3.000000000,tight_bend_1_standard,0.549918674,0.639578185
62.636487810,-8.521753668,10.366864155,-3.021582257,0.247739635,2.473046108,-3.000000000,3.000000000,tight_bend_1_standard,0.556254502,0.632571866
62.706550995,-8.591239770,10.357821387,-3.002061895,0.309396720,2.386541000,-3.000000000,3.000000000,tight_bend_1_standard,0.563260820,0.625565548
62.776614181,-8.660521619,10.347273121,-2.978223323,0.370833200,2.296780100,-3.000000000,2.914512837,tight_bend_1_standard,0.570267139,0.620264209
62.846677366,-8.729541443,10.334920603,-2.949929973,0.449923493,2.203365543,-3.000000000,2.645976251,tight_bend_1_standard,0.577273457,0.617912863
62.916740552,-8.798167446,10.320361971,-2.913557382,0.587385664,2.105811150,-3.000000000,2.315760305,tight_bend_1_standard,0.584279776,0.618347365
62.986803737,-8.866121459,10.302991478,-2.867474037,0.726701759,2.003512289,-3.000000000,2.081982963,tight_bend_1_standard,0.591286094,0.621575745
63.056866923,-8.933108130,10.282179434,-2.811626243,0.864809455,1.895701025,-3.000000000,1.908512735,tight_bend_1_standard,0.598292413,0.627626253
63.126930108,-8.998828790,10.257297921,-2.746219539,0.992656465,1.781376789,-2.633369064,1.781376789,tight_bend_1_standard,0.605298731,0.634632571
63.196993294,-9.062788246,10.227824175,-2.671802292,1.123275447,1.674604076,-2.307227095,1.674604076,tight_bend_1_standard,0.612305050,0.641638890
63.267056479,-9.124187990,10.193397724,-2.587630894,1.269651661,1.575117600,-1.912931887,1.575117600,tight_bend_1_standard,0.619311369,0.648645209
63.337119665,-9.182203567,10.153671977,-2.492922864,1.423443643,1.487596467,-0.761103589,1.487596467,tight_bend_1_standard,0.626317687,0.650367771
63.407182850,-9.236013228,10.108314521,-2.388624309,1.495518737,1.451307192,0.075576081,1.451307192,tight_bend_1_standard,0.633324006,0.643361452
63.477246035,-9.284879518,10.057435575,-2.283502164,1.488037055,1.454951122,-0.199993175,1.454951122,tight_bend_1_standard,0.640330324,0.636355134
63.547309221,-9.328163829,10.001664384,-2.177855490,1.508000697,1.445288362,-0.438708959,1.445288362,tight_bend_1_standard,0.647336643,0.629348815
63.617372406,-9.365233190,9.941659771,-2.069972739,1.553726566,1.423862267,0.350448344,1.423862267,tight_bend_1_standard,0.654342961,0.622342497
63.687435592,-9.395481180,9.878084131,-1.960266457,1.516982393,1.441003404,1.217966970,1.441003404,tight_bend_1_standard,0.661349280,0.615336178
63.757498777,-9.418784250,9.811664744,-1.857540178,1.401769282,1.499053068,1.270929851,1.499053068,tight_bend_1_standard,0.668355598,0.608329859
63.827561963,-9.435439845,9.743185464,-1.762440101,1.298834695,1.557321704,1.184110440,1.557321704,tight_bend_1_standard,0.675361917,0.601323541
63.897625148,-9.445759512,9.673432037,-1.673890230,1.215664245,1.609713014,0.691168106,1.609713014,tight_bend_1_standard,0.682368235,0.594317222
63.967688334,-9.450048586,9.603168821,-1.590115678,1.171863287,1.639520316,0.552376874,1.639520316,tight_bend_1_standard,0.689374554,0.587310904
64.037751519,-9.448538553,9.532905898,-1.508886082,1.139063599,1.662958037,0.570070166,1.662958037,tight_bend_1_standard,0.696335068,0.580304585
64.107814705,-9.441412469,9.462986603,-1.429945701,1.107084488,1.686805056,0.548965964,1.686805056,tight_bend_1_standard,0.689328750,0.573298267
64.177877890,-9.428852548,9.393751371,-1.353073607,1.077941721,1.709454856,-1.078734722,1.709454856,tight_bend_1_standard,0.682322431,0.566291948
64.247941076,-9.411008581,9.325568835,-1.275778295,1.136742254,1.664655136,-1.614234421,1.664655136,tight_bend_1_standard,0.675316113,0.559285630
64.318004261,-9.387758632,9.259043961,-1.192180916,1.237779427,1.595267975,-1.530912326,1.595267975,tight_bend_1_standard,0.668309794,0.552279311
64.388067447,-9.358845166,9.194899654,-1.101107478,1.351723222,1.526551251,-1.337685754,1.526551251,tight_bend_1_standard,0.661303476,0.545272992
64.458130632,-9.324009649,9.133859685,-1.001903146,1.469961221,1.463869418,0.383737808,1.463869418,tight_bend_1_standard,0.654297157,0.538266674
64.528193818,-9.283092035,9.076619936,-0.899053778,1.433978627,1.482121945,0.465594325,1.482121945,tight_bend_1_standard,0.647290838,0.531260355
64.598257003,-9.236521420,9.023709448,-0.799515949,1.392617578,1.503970579,0.230588175,1.503970579,tight_bend_1_standard,0.640284520,0.524254037
64.668320188,-9.184945014,8.975595492,-0.702075168,1.373004302,1.514674548,-0.042816201,1.514674548,tight_bend_1_standard,0.633278201,0.517247718
64.738383374,-9.129010381,8.932745242,-0.605305474,1.376604270,1.512692734,1.611457921,1.512692734,tight_bend_1_standard,0.626271883,0.510241400
64.808446559,-9.069368663,8.895498539,-0.512672622,1.252959841,1.585574677,2.026108973,1.585574677,tight_bend_1_standard,0.619265564,0.503235081
64.878509745,-9.006686358,8.863648886,-0.429052348,1.125820902,1.672709884,2.349967433,1.672709884,tight_bend_1_standard,0.612259246,0.496228763
64.948572930,-8.941634078,8.836843288,-0.354062207,1.007274517,1.768403450,2.400000000,1.768403450,tight_bend_1_standard,0.605252927,0.489222444
65.018636116,-8.874882404,8.814728726,-0.287007634,0.900355291,1.861062614,2.400000000,1.870459531,tight_bend_1_standard,0.598246609,0.482216126
65.088699301,-8.807011220,8.796902612,-0.228135525,0.776276100,1.949322278,2.400000000,2.014406756,tight_bend_1_standard,0.591240290,0.475209807
65.158762487,-8.738312796,8.782805155,-0.178149667,0.648964650,2.033755304,2.400000000,2.203153499,tight_bend_1_standard,0.584233972,0.468203488
65.228825672,-8.669022518,8.771845476,-0.137072885,0.522361638,2.114820069,2.400000000,2.455667935,tight_bend_1_standard,0.577227653,0.461197170
65.298888858,-8.599375616,8.763433012,-0.104715603,0.412271452,2.192890151,2.400000000,2.764162976,tight_bend_1_standard,0.570221334,0.465180491
65.368952043,-8.529555454,8.757081191,-0.077195790,0.372671500,2.268274786,2.400000000,2.907315649,tight_bend_1_standard,0.563215016,0.472186809
65.439015229,-8.459619026,8.752556812,-0.052476420,0.332714409,2.341233392,2.400000000,3.000000000,tight_bend_1_standard,0.556208697,0.479193128
65.509078414,-8.389604444,8.749664532,-0.030563245,0.292711449,2.411986129,2.400000000,3.000000000,tight_bend_1_standard,0.549202379,0.486199447
65.579141600,-8.319549743,8.748209028,-0.011446541,0.253265215,2.480721745,2.400000000,3.000000000,tight_bend_1_standard,0.542196060,0.493205765
65.649204785,-8.249484039,8.747997419,0.004959678,0.215026887,2.547603514,2.400000000,3.000000000,tight_bend_1_standard,0.535189742,0.500212084
65.719267970,-8.179419412,8.748841488,0.018686556,0.176783824,2.612773805,2.400000000,3.000000000,tight_bend_1_standard,0.528183423,0.507218402
65.789331156,-8.109366020,8.750553546,0.029736496,0.138606112,2.676357646,2.400000000,3.000000000,tight_bend_1_standard,0.521177105,0.514224721
65.859394341,-8.039333936,8.752946693,0.038212213,0.108715947,2.738465544,2.400000000,3.000000000,tight_bend_1_standard,0.521514282,0.521231039
65.929457527,-7.969328334,8.755878586,0.045335949,0.094620852,2.799195747,2.400000000,3.000000000,tight_bend_1_standard,0.528520600,0.528237358
65.999520712,-7.899346964,8.759274362,0.051471217,0.080511215,2.858636059,2.400000000,3.000000000,tight_bend_1_standard,0.535526919,0.526819617
66.069583898,-7.829386962,8.763064776,0.056617582,0.066395774,2.916865339,2.400000000,3.000000000,tight_bend_1_standard,0.542533237,0.519813298
66.139647083,-7.759445452,8.767180649,0.060781156,0.052694989,2.973954723,1.110378449,3.000000000,tight_bend_1_standard,0.549539556,0.512806980
66.209710269,-7.689519248,8.771554885,0.064012613,0.039549520,3.000000000,0.000000000,3.000000000,tight_bend_1_standard,0.556545874,0.505800661
66.279773454,-7.619604788,8.776122910,0.066323105,0.026404878,3.000000000,0.000000000,3.000000000,tight_bend_1_standard,0.563552193,0.498794343
66.349836640,-7.549698489,8.780820299,0.067712686,0.013261331,3.000000000,0.000000000,3.000000000,tight_bend_1_standard,0.570558512,0.491788024
66.419899825,-7.479796800,8.785583464,0.068251252,0.004001009,3.000000000,0.000000000,3.000000000,tight_bend_1_standard,0.577564830,0.498794342
66.489963011,-7.409896928,8.790366904,0.068336005,-0.001581720,3.000000000,0.000000000,3.000000000,tight_bend_1_standard,0.580162263,0.505800661
66.560026196,-7.339996807,8.795142579,0.068029610,-0.007164545,3.000000000,0.000000000,3.000000000,tight_bend_1_standard,0.573155944,0.512806980
66.630089382,-7.270094400,8.799883158,0.067332067,-0.012747332,3.000000000,0.000000000,3.000000000,tight_bend_1_standard,0.566149626,0.519813298
66.700152567,-7.200187741,8.804562143,0.066302903,-0.015494604,3.000000000,0.000000000,3.000000000,tight_bend_1_standard,0.559143307,0.526819617
66.770215753,-7.130275906,8.809165493,0.065187483,-0.016345784,3.000000000,0.000000000,3.000000000,tight_bend_1_standard,0.552136989,0.533825935
66.840278938,-7.060358776,8.813688779,0.064012423,-0.017197058,3.000000000,0.000000000,3.000000000,tight_bend_1_standard,0.545130670,0.537626119
66.910342123,-6.990436255,8.818127819,0.062777716,-0.018048424,3.000000000,0.000000000,3.000000000,tight_bend_1_standard,0.538124352,0.530619800
66.980405309,-6.920508316,8.822479739,0.061565234,-0.015487619,3.000000000,0.000000000,3.000000000,standard,0.545130670,0.523613482
67.050468494,-6.850575730,8.826755904,0.060624815,-0.011357239,3.000000000,0.000000000,3.000000000,standard,0.552136989,0.516607163
67.120531680,-6.780639754,8.830976420,0.059973784,-0.007226861,3.000000000,0.000000000,3.000000000,standard,0.559143307,0.509600845
67.190594865,-6.710701652,8.835161524,0.059612141,-0.003096496,3.000000000,0.000000000,3.000000000,standard,0.566149626,0.502594526
67.260658051,-6.640762621,8.839330447,0.059483858,-0.001041436,3.000000000,0.000000000,3.000000000,standard,0.573155944,0.495588208
67.330721236,-6.570823307,8.843494238,0.059461245,0.000395946,3.000000000,0.000000000,3.000000000,standard,0.580162263,0.488581889
67.400784422,-6.500884087,8.847659971,0.059539340,0.001833325,3.000000000,0.000000000,3.000000000,standard,0.587168582,0.481575570
67.470847607,-6.430945335,8.851834691,0.059718142,0.003270692,3.000000000,0.000000000,3.000000000,standard,0.594174900,0.474569252
67.540910793,-6.361007365,8.856024047,0.059927674,0.002375386,3.000000000,0.000000000,3.000000000,standard,0.599315213,0.481431053
67.610973978,-6.291070089,8.860225036,0.060049027,0.001088712,3.000000000,0.000000000,3.000000000,standard,0.592308895,0.488437371
67.681037164,-6.221133269,8.864431352,0.060080232,-0.000197967,3.000000000,0.000000000,3.000000000,standard,0.585302576,0.495443690
67.751100349,-6.151196669,8.868636680,0.060021287,-0.001484672,3.000000000,0.000000000,3.000000000,standard,0.578296258,0.502450009
67.821163535,-6.081259567,8.872828034,0.059568003,-0.011989266,3.000000000,0.000000000,3.000000000,tight_bend_2_standard,0.571289939,0.509456327
67.891226720,-6.011318941,8.876960639,0.058340144,-0.023060905,3.000000000,0.000000000,3.000000000,tight_bend_2_standard,0.564283621,0.507057584
67.961289906,-5.941371083,8.880980273,0.056336601,-0.034131104,3.000000000,0.000000000,3.000000000,tight_bend_2_standard,0.557277302,0.500051265
68.031353091,-5.871412288,8.884832708,0.053556664,-0.046037751,3.000000000,0.000000000,3.000000000,tight_bend_2_standard,0.550270983,0.493044947
68.101416276,-5.801438573,8.888436786,0.048881543,-0.087412551,3.000000000,0.000000000,3.000000000,tight_bend_2_standard,0.543264665,0.486038628
68.171479462,-5.731444944,8.891612188,0.041307006,-0.128801358,3.000000000,-0.474037380,3.000000000,tight_bend_2_standard,0.536258346,0.479032310
68.241542647,-5.661426176,8.894155789,0.030832664,-0.170180787,2.988908641,-3.000000000,3.000000000,tight_bend_2_standard,0.529252028,0.472025991
68.311605833,-5.591377050,8.895864471,0.017463983,-0.210553906,2.917738122,-3.000000000,3.000000000,tight_bend_2_standard,0.522245709,0.465019672
68.381669018,-5.521300318,8.896544154,0.001545778,-0.243763247,2.844787626,-3.000000000,3.000000000,tight_bend_2_standard,0.515239391,0.458013354
68.451732204,-5.451221493,8.896026573,-0.016707119,-0.277168243,2.769916519,-3.000000000,3.000000000,tight_bend_2_standard,0.508233072,0.451796745
68.521795389,-5.381170125,8.894148037,-0.037304662,-0.310689187,2.692964614,-3.000000000,3.000000000,tight_bend_2_standard,0.501226754,0.458803063
68.591858575,-5.311175805,8.890744865,-0.060250676,-0.344065165,2.613748131,-3.000000000,3.000000000,tight_bend_2_standard,0.494220435,0.465809382
68.661921760,-5.241277233,8.885654749,-0.085522106,-0.377148594,2.532054538,-3.000000000,2.890007904,tight_bend_2_standard,0.487214117,0.472815701
68.731984946,-5.171533415,8.878718445,-0.113123172,-0.410457597,2.447635812,-3.000000000,2.770263804,tight_bend_2_standard,0.480207798,0.479822019
68.802048131,-5.102006102,8.869777126,-0.143064723,-0.443729327,2.360199559,-3.000000000,2.664380279,tight_bend_2_standard,0.473201479,0.486828338
68.872111317,-5.032757800,8.858670729,-0.175542890,-0.496477903,2.269397022,-3.000000000,2.518867453,tight_bend_2_standard,0.466195161,0.493834656
68.942174502,-4.963915689,8.845133661,-0.213990239,-0.599845582,2.174806597,-3.000000000,2.291582751,tight_bend_2_standard,0.459188842,0.500840975
69.012237688,-4.895720257,8.828715423,-0.259753647,-0.705065698,2.075910551,-3.000000000,2.113686062,tight_bend_2_standard,0.452182524,0.507847293
69.082300873,-4.828423447,8.808946831,-0.312903977,-0.809971545,1.972061233,-2.984935167,1.972061233,tight_bend_2_standard,0.445176205,0.514853612
69.152364059,-4.762280394,8.785360436,-0.373320063,-0.907582888,1.862996879,-2.422196346,1.862996879,tight_bend_2_standard,0.438169887,0.521859930
69.222427244,-4.697687330,8.757565576,-0.440548217,-1.005957893,1.769560338,-2.160674706,1.769560338,tight_bend_2_standard,0.437920680,0.528866249
69.292490429,-4.635234217,8.725277012,-0.515032461,-1.113634451,1.681837176,-1.842518169,1.681837176,tight_bend_2_standard,0.444926998,0.535872567
69.362553615,-4.575525073,8.688217154,-0.597243421,-1.225494535,1.603243868,-0.977326775,1.603243868,tight_bend_2_standard,0.451933317,0.542878886
69.432616800,-4.519165089,8.646119326,-0.686652946,-1.294462929,1.559949245,-0.508611447,1.559949245,tight_bend_2_standard,0.458939635,0.549885205
69.502679986,-4.466789392,8.598994695,-0.779151868,-1.333518604,1.536935838,-0.684778743,1.536935838,tight_bend_2_standard,0.465945954,0.556891523
69.572743171,-4.419064744,8.547148036,-0.875056716,-1.389982114,1.505395699,-0.769791633,1.505395699,tight_bend_2_standard,0.472952272,0.563897842
69.642806357,-4.376659423,8.490898193,-0.975400979,-1.459449473,1.469131751,-0.233476379,1.469131751,tight_bend_2_standard,0.479958591,0.570904160
69.712869542,-4.340231272,8.430577803,-1.079821992,-1.481912269,1.457954699,-0.010877401,1.457954699,tight_bend_2_standard,0.486964909,0.577910479
69.782932728,-4.310274013,8.366736525,-1.184297095,-1.482975656,1.457431883,-0.203671766,1.457431883,tight_bend_2_standard,0.493971228,0.584916797
69.852995913,-4.287150771,8.300096692,-1.289555012,-1.503172476,1.447607650,-0.362289730,1.447607650,tight_bend_2_standard,0.500977547,0.591923116
69.923059099,-4.271221062,8.231385416,-1.396855607,-1.540491780,1.429965581,0.015925181,1.429965581,tight_bend_2_standard,0.507983865,0.598929434
69.993122284,-4.262823128,8.161337623,-1.505999938,-1.538812440,1.430745645,0.046005610,1.430745645,tight_bend_2_standard,0.514990184,0.605935753
70.063185470,-4.262075823,8.090768825,-1.614357094,-1.533981563,1.432996755,-0.151746054,1.432996755,tight_bend_2_standard,0.521996502,0.612942072
70.133248655,-4.268968675,8.020542043,-1.723100641,-1.550032024,1.425558163,-0.323891709,1.425558163,tight_bend_2_standard,0.527672833,0.614729611
70.203311841,-4.283489543,7.951520907,-1.833627094,-1.585439878,1.409549682,0.369793928,1.409549682,tight_bend_2_standard,0.520666514,0.607723292
70.273375026,-4.305578832,7.884551801,-1.944577409,-1.545141541,1.427812378,0.427655868,1.427812378,tight_bend_2_standard,0.513660195,0.600716974
70.343438211,-4.334842867,7.820359689,-2.051964683,-1.501019227,1.448645592,0.232511356,1.448645592,tight_bend_2_standard,0.506653877,0.593710655
70.413501397,-4.370744511,7.759617393,-2.156980572,-1.478071734,1.459847603,-0.004951956,1.459847603,tight_bend_2_standard,0.499647558,0.586704337
70.483564582,-4.412746075,7.702997535,-2.261104158,-1.478553148,1.459609922,1.107793162,1.459609922,tight_bend_2_standard,0.492641240,0.579698018
70.553627768,-4.460279012,7.651083806,-2.361976688,-1.378138340,1.511850575,1.345984604,1.511850575,tight_bend_2_standard,0.485634921,0.572691699
70.623690953,-4.512621798,7.604019062,-2.455267916,-1.273087287,1.572990813,1.382171171,1.572990813,tight_bend_2_standard,0.478628603,0.565685381
70.693754139,-4.569005600,7.561809811,-2.541614426,-1.180669083,1.633394848,1.318591592,1.633394848,tight_bend_2_standard,0.471622284,0.558679062
70.763817324,-4.628661571,7.524462520,-2.621992765,-1.104198407,1.689008047,2.400000000,1.689008047,tight_bend_2_standard,0.464615966,0.551672744
70.833880510,-4.690878721,7.491893170,-2.695226147,-0.979734923,1.785791554,2.400000000,1.793085434,tight_bend_2_standard,0.465716715,0.544666425
70.903943695,-4.755154891,7.463691121,-2.759522877,-0.852063817,1.877592811,2.400000000,1.922734041,tight_bend_2_standard,0.472723033,0.537660107
70.974006881,-4.821035031,7.439372069,-2.814950720,-0.727078908,1.965110189,2.400000000,2.081442911,tight_bend_2_standard,0.479729352,0.530653788
71.044070066,-4.888064202,7.418451768,-2.861809850,-0.614377708,2.048892712,2.400000000,2.264318694,tight_bend_2_standard,0.486735670,0.523647470
71.114133252,-4.955864956,7.400488384,-2.902625564,-0.549090116,2.129381280,2.400000000,2.395154119,tight_bend_2_standard,0.493741989,0.516641151
71.184196437,-5.024271583,7.385155965,-2.938800669,-0.482837581,2.206936321,2.400000000,2.554199080,tight_bend_2_standard,0.500748307,0.509634833
71.254259623,-5.093154212,7.372148172,-2.970327391,-0.416681697,2.281856967,2.400000000,2.749495827,tight_bend_2_standard,0.507754626,0.502628514
71.324322808,-5.162383112,7.361158895,-2.997284698,-0.357541859,2.354394722,2.400000000,2.968190905,tight_bend_2_standard,0.514760944,0.497570151
71.394385994,-5.231853113,7.351921006,-3.021075972,-0.321375650,2.424763452,2.400000000,3.000000000,tight_bend_2_standard,0.521767263,0.497019049
71.464449179,-5.301511219,7.344250216,-3.042329084,-0.285168775,2.493146824,2.400000000,3.000000000,tight_bend_2_standard,0.528773582,0.499099973
71.534512364,-5.371311110,7.337972824,-3.061049156,-0.249091109,2.559703962,2.400000000,3.000000000,tight_bend_2_standard,0.535779900,0.501888791
71.604575550,-5.441206614,7.332915335,-3.077277065,-0.216016776,2.624573807,2.400000000,3.000000000,tight_bend_2_standard,0.542786219,0.503472710
71.674638735,-5.511162870,7.328919390,-3.091479542,-0.189348246,2.687878523,2.400000000,3.000000000,tight_bend_2_standard,0.549792537,0.502786885
71.744701921,-5.581163963,7.325852001,-3.103811748,-0.162655513,2.749726213,2.400000000,3.000000000,tight_bend_2_standard,0.556798856,0.500187486
71.814765106,-5.651195791,7.323582601,-3.114274198,-0.135983425,2.810213077,2.400000000,3.000000000,tight_bend_2_standard,0.563001241,0.496166306
71.884828292,-5.721244366,7.321980759,-3.122884293,-0.110474967,2.869425174,2.400000000,3.000000000,tight_bend_2_standard,0.555994923,0.491229664
71.954891477,-5.791300527,7.320921743,-3.129792575,-0.086721017,2.927439857,2.400000000,3.000000000,tight_bend_2_standard,0.548988604,0.486482417
72.024954663,-5.861361545,7.320288407,-3.135036226,-0.062960767,2.984326961,0.669342894,3.000000000,tight_bend_2_standard,0.541982286,0.483827093
72.095017848,-5.931425136,7.319964135,-3.138615211,-0.039202573,3.000000000,2.400000000,3.000000000,tight_bend_2_standard,0.543925856,0.485221603
72.165081034,-6.001489067,7.319832591,-3.140555007,-0.016964961,3.055536498,2.400000000,4.000000000,round_arc_transition,0.550932174,0.492227922
72.235144219,-6.071552321,7.319784703,-3.141023116,0.003602698,3.110081443,2.400000000,4.000000000,round_arc_transition,0.557938493,0.499234240
72.305207405,-6.141615184,7.319719129,-3.140050169,0.024170804,3.163686121,2.400000000,4.000000000,round_arc_transition,0.564944811,0.506240559
72.375270590,-6.211678004,7.319534906,-3.137636184,0.044737614,3.216397544,2.400000000,4.000000000,round_arc_transition,0.571951130,0.513246877
72.445333776,-6.281741002,7.319131358,-3.133803360,0.064179693,3.268258933,2.400000000,4.000000000,dynamic_arc_transition,0.578957448,0.520253196
72.515396961,-6.351802212,7.318412889,-3.128656025,0.082751744,3.319310130,2.400000000,4.000000000,dynamic_arc_transition,0.585963767,0.527259514
72.585460147,-6.421857800,7.317288222,-3.122207277,0.101328228,3.369587962,2.400000000,4.000000000,dynamic_arc_transition,0.592970086,0.534265833
72.655523332,-6.491903873,7.315666220,-3.114457004,0.119900870,3.419126544,2.400000000,4.000000000,dynamic_arc_transition,0.589953106,0.527459652
72.725586517,-6.561936139,7.313456094,-3.105427637,0.137492153,3.467957556,2.400000000,4.000000000,dynamic_arc_transition,0.582946787,0.520453334
72.795649703,-6.631945314,7.310571381,-3.095195110,0.154583553,3.516110479,2.400000000,4.000000000,dynamic_arc_transition,0.575940469,0.513447015
72.865712888,-6.701918727,7.306928562,-3.083764139,0.171698510,3.563612801,2.400000000,4.000000000,dynamic_arc_transition,0.568934150,0.508547950
72.935776074,-6.771843641,7.302444171,-3.071133644,0.188815063,3.610490200,0.766717778,4.000000000,dynamic_arc_transition,0.561927832,0.515554269
73.005839259,-6.841706510,7.297035275,-3.057330778,0.204871819,3.625338172,-3.000000000,3.921156400,dynamic_arc_transition,0.554921513,0.522560587
73.075902445,-6.911486355,7.290623833,-3.042423062,0.220623348,3.566889085,-3.000000000,3.778588004,dynamic_arc_transition,0.547915195,0.529566906
73.145965630,-6.981158189,7.283134438,-3.026409336,0.236436128,3.507466128,-3.000000000,3.650046165,dynamic_arc_transition,0.554921513,0.536573224
73.216028816,-7.050696987,7.274491708,-3.009286319,0.252271237,3.447018933,-3.000000000,3.533632726,dynamic_arc_transition,0.561927832,0.543579543
73.286092001,-7.120076443,7.264621364,-2.991099626,0.266488483,3.385492639,-3.000000000,3.438080607,dynamic_arc_transition,0.568934150,0.550585861
73.356155187,-7.189261365,7.253456756,-2.971933841,0.280495701,3.322827305,-3.000000000,3.351136919,dynamic_arc_transition,0.575940469,0.557592180
73.426218372,-7.258212792,7.240934474,-2.951782155,0.294621220,3.258957224,-3.000000000,3.269815628,dynamic_arc_transition,0.582946787,0.564598498
73.496281558,-7.326891753,7.226991118,-2.930637670,0.308810721,3.193810118,-2.610058242,3.193810118,dynamic_arc_transition,0.589953106,0.571604817
73.566344743,-7.395257718,7.211565567,-2.908584139,0.320294953,3.136030147,-2.418580915,3.136030147,dynamic_arc_transition,0.596959424,0.578611135
73.636407929,-7.463261903,7.194608795,-2.885735998,0.331726370,3.081522045,-2.293618782,3.081522045,dynamic_arc_transition,0.603965743,0.585617454
73.706471114,-7.530852802,7.176075768,-2.862079887,0.343347391,3.028924172,-2.166421614,3.028924172,dynamic_arc_transition,0.610972062,0.592623773
73.776534300,-7.597978904,7.155921456,-2.837604076,0.355097270,2.978390310,-1.328489927,2.978390310,dynamic_arc_transition,0.617978380,0.599630091
73.846597485,-7.664587551,7.134104868,-2.812448649,0.362708819,2.946973425,-1.319407111,2.946973425,dynamic_arc_transition,0.624984699,0.606636410
73.916660670,-7.730621400,7.110601493,-2.786750152,0.370598323,2.915436269,-1.305372675,2.915436269,dynamic_arc_transition,0.631991017,0.613642728
73.986723856,-7.796021913,7.085391019,-2.760489400,0.378749098,2.883895196,-1.218128975,2.883895196,dynamic_arc_transition,0.638997336,0.620649047
74.056787041,-7.860730554,7.058453139,-2.733650662,0.386685284,2.854147773,-0.505150735,2.854147773,dynamic_arc_transition,0.646003654,0.627655365
74.126850227,-7.924689135,7.029773292,-2.706428575,0.390074785,2.841720354,-0.545565421,2.841720354,dynamic_arc_transition,0.653009973,0.634661684
74.196913412,-7.987840572,6.999354985,-2.678956477,0.393802845,2.828237343,-0.579942192,2.828237343,dynamic_arc_transition,0.660016291,0.641668002
74.266976598,-8.050127998,6.967205266,-2.651212020,0.397844754,2.813833910,-0.484127584,2.813833910,dynamic_arc_transition,0.667022610,0.648674321
74.337039783,-8.111494552,6.933331200,-2.623179343,0.401282973,2.801753421,0.090621754,2.801753421,dynamic_arc_transition,0.674028928,0.655680639
74.407102969,-8.171886079,6.897746161,-2.595074773,0.400634874,2.804018675,0.044505366,2.804018675,dynamic_arc_transition,0.681035247,0.662686958
74.477166154,-8.231255012,6.860478901,-2.567003818,0.400317351,2.805130497,-0.002138324,2.805130497,dynamic_arc_transition,0.688041566,0.669693277
74.547229340,-8.289554773,6.821560473,-2.538943502,0.400332595,2.805077088,0.111100636,2.805077088,dynamic_arc_transition,0.695047884,0.676699595
74.617292525,-8.346738826,6.781021974,-2.510881007,0.399542082,2.807850708,0.540407088,2.807850708,dynamic_arc_transition,0.702054203,0.683705914
74.687355711,-8.402765512,6.738899562,-2.483009121,0.395741028,2.821303047,0.507971308,2.821303047,dynamic_arc_transition,0.709060521,0.690712232
74.757418896,-8.457602482,6.695239055,-2.455393427,0.392233475,2.833889740,0.469951166,2.833889740,dynamic_arc_transition,0.716066840,0.697718551
74.827482082,-8.511218439,6.650087363,-2.428012586,0.389043372,2.845484776,0.588939535,2.845484776,dynamic_arc_transition,0.723073158,0.704724869
74.897545267,-8.563582188,6.603491438,-2.400857091,0.385118080,2.859949225,0.879310504,2.859949225,dynamic_arc_transition,0.730079477,0.711731188
74.967608452,-8.614668371,6.555500706,-2.374064165,0.379402690,2.881410099,0.866749355,2.881410099,dynamic_arc_transition,0.737085795,0.718737506
75.037671638,-8.664460427,6.506168327,-2.347663430,0.373932574,2.902409103,0.846228679,2.902409103,dynamic_arc_transition,0.744092114,0.725743825
75.107734823,-8.712942526,6.455547771,-2.321636471,0.368742028,2.922765395,0.949531828,2.922765395,dynamic_arc_transition,0.751098432,0.732750143
75.177798009,-8.760098998,6.403692497,-2.295974945,0.363086777,2.945439187,1.122324431,2.945439187,dynamic_arc_transition,0.758104751,0.739756462
75.247861194,-8.805919525,6.350655655,-2.270753596,0.356622106,2.972016025,1.127293509,2.972016025,dynamic_arc_transition,0.765111070,0.746762781
75.317924380,-8.850400191,6.296490031,-2.245978579,0.350356476,2.998473412,1.124014162,2.998473412,dynamic_arc_transition,0.772117388,0.747755033
75.387987565,-8.893537456,6.241248385,-2.221634700,0.344324506,3.024623419,1.189686242,3.024623419,dynamic_arc_transition,0.779123707,0.740748715
75.458050751,-8.935327965,6.184983367,-2.197712207,0.338162318,3.052057215,1.274369535,3.052057215,dynamic_arc_transition,0.775123861,0.739736025
75.528113936,-8.975772291,6.127745242,-2.174235208,0.331801568,3.081172832,1.290144183,3.081172832,dynamic_arc_transition,0.768117543,0.746742343
75.598177122,-9.014874748,6.069582006,-2.151198554,0.325601277,3.110371239,1.298386125,3.110371239,dynamic_arc_transition,0.761111224,0.753748662
75.668240307,-9.052639799,6.010541562,-2.128589959,0.319591009,3.139482024,1.310388913,3.139482024,dynamic_arc_transition,0.754104906,0.760754981
75.738303493,-9.089072061,5.950671578,-2.106396654,0.313746038,3.168590763,1.336762907,3.168590763,dynamic_arc_transition,0.747098587,0.767761299
75.808366678,-9.124178401,5.890016259,-2.084610241,0.307999686,3.198012376,1.355516134,3.198012376,dynamic_arc_transition,0.740092269,0.774767618
75.878429864,-9.157967394,5.828617185,-2.063222098,0.302383742,3.227572883,1.367678337,3.227572883,dynamic_arc_transition,0.733085950,0.781773936
75.948493049,-9.190447658,5.766515867,-2.042222308,0.296921223,3.257126727,1.318617298,3.257126727,dynamic_arc_transition,0.726079632,0.788780255
76.018556235,-9.221627883,5.703753472,-2.021594647,0.291838322,3.285368712,1.311669730,3.285368712,dynamic_arc_transition,0.719073313,0.795786573
76.088619420,-9.251517541,5.640367468,-2.001314125,0.286951964,3.313223067,1.326652300,3.313223067,dynamic_arc_transition,0.712066995,0.802792892
76.158682605,-9.280126573,5.576393095,-1.981372340,0.282173461,3.341159389,1.335906457,3.341159389,dynamic_arc_transition,0.705060676,0.809799210
76.228745791,-9.307464926,5.511865565,-1.961761186,0.277519792,3.369056513,1.226900504,3.369056513,dynamic_arc_transition,0.698054357,0.816805529
76.298808976,-9.333542511,5.446819661,-1.942461314,0.273379053,3.394475350,1.205051611,3.394475350,dynamic_arc_transition,0.691048039,0.823811847
76.368872162,-9.358368935,5.381286782,-1.923442048,0.269430599,3.419257582,1.211773956,3.419257582,dynamic_arc_transition,0.684041720,0.830818166
76.438935347,-9.381953661,5.315296719,-1.904696332,0.265573484,3.443998243,1.213561390,3.443998243,dynamic_arc_transition,0.677035402,0.837824485
76.508998533,-9.404306153,5.248879254,-1.886217397,0.261819795,3.468598543,1.052175822,3.468598543,dynamic_arc_transition,0.670029083,0.844830803
76.579061718,-9.425435707,5.182063705,-1.867983385,0.258650134,3.489787018,1.027665345,3.489787018,dynamic_arc_transition,0.663022765,0.851837122
76.649124904,-9.445350626,5.114876599,-1.849964199,0.255627530,3.510358450,1.024250931,3.510358450,dynamic_arc_transition,0.656016446,0.858843440
76.719188089,-9.464058839,5.047343431,-1.832154072,0.252684451,3.530742275,1.016740527,3.530742275,dynamic_arc_transition,0.649010128,0.865849759
76.789251275,-9.481568277,4.979489689,-1.814547190,0.249829220,3.550860906,0.814665016,3.550860906,dynamic_arc_transition,0.642003809,0.872856077
76.859314460,-9.497886574,4.911340413,-1.797119806,0.247587608,3.566899105,0.795025476,3.566899105,dynamic_arc_transition,0.634997491,0.871077313
76.929377646,-9.513019993,4.842918552,-1.779845474,0.245438482,3.582481439,0.781976379,3.582481439,dynamic_arc_transition,0.627991172,0.864070995
76.999440831,-9.526974401,4.774246453,-1.762719261,0.243360718,3.597742177,0.757963665,3.597742177,dynamic_arc_transition,0.620984853,0.857064676
77.069504017,-9.539755667,4.705346464,-1.745735990,0.241380060,3.612472764,0.544447183,3.612472764,dynamic_arc_transition,0.613978535,0.850058357
77.139567202,-9.551369233,4.636240540,-1.728870596,0.239977129,3.623016820,0.526115672,3.623016820,dynamic_arc_transition,0.606972216,0.843052039
77.209630388,-9.561819039,4.566949250,-1.712101380,0.238636842,3.633176786,0.505688381,3.633176786,dynamic_arc_transition,0.599965898,0.836045720
77.279693573,-9.571108685,4.497492853,-1.695423780,0.237362628,3.642915568,0.458930919,3.642915568,dynamic_arc_transition,0.592959579,0.829039402
77.349756758,-9.579241771,4.427891605,-1.678832814,0.236217954,3.651731392,0.265332895,3.651731392,dynamic_arc_transition,0.585953261,0.822033083
77.419819944,-9.586221365,4.358165494,-1.662303121,0.235561179,3.656818603,0.241704126,3.656818603,dynamic_arc_transition,0.578946942,0.815026765
77.489883129,-9.592049057,4.288333758,-1.645817322,0.234966062,3.661446629,0.217105456,3.661446629,dynamic_arc_transition,0.571940624,0.808020446
77.559946315,-9.596726186,4.218415506,-1.629371016,0.234434069,3.665598671,0.154059259,3.665598671,dynamic_arc_transition,0.566831716,0.801014128
77.630009500,-9.600254086,4.148429849,-1.612959062,0.234058022,3.668542133,-0.012036564,3.668542133,dynamic_arc_transition,0.564499047,0.794007809
77.700072686,-9.602633479,4.078395805,-1.596556728,0.234087359,3.668312247,-0.037614808,3.668312247,dynamic_arc_transition,0.564608383,0.787001491
77.770135871,-9.603863758,4.008332198,-1.580150160,0.234179086,3.667593750,-0.063041908,3.667593750,dynamic_arc_transition,0.561794365,0.779995172
77.840199057,-9.603944143,3.938257826,-1.563734983,0.234332979,3.666389243,-0.134318751,3.666389243,dynamic_arc_transition,0.554788047,0.772988853
77.910262242,-9.602873848,3.868191490,-1.547305656,0.234661544,3.663821568,-0.268474625,3.663821568,dynamic_arc_transition,0.547781728,0.765982535
77.980325428,-9.600651441,3.798152140,-1.530838932,0.235321045,3.658683931,-0.293119610,3.658683931,dynamic_arc_transition,0.540775410,0.758976216
78.050388613,-9.597274401,3.728158989,-1.514323719,0.236045331,3.653066427,-0.316584424,3.653066427,dynamic_arc_transition,0.533769091,0.751969898
78.120451799,-9.592740095,3.658231272,-1.497755532,0.236832623,3.646989511,-0.387145711,3.646989511,dynamic_arc_transition,0.526762773,0.744963579
78.190514984,-9.587045880,3.588388235,-1.481128344,0.237802556,3.639544363,-0.487564938,3.639544363,dynamic_arc_transition,0.525159439,0.737957261
78.260578170,-9.580188522,3.518649573,-1.464421352,0.239035436,3.630146342,-0.509369064,3.630146342,dynamic_arc_transition,0.531559381,0.730950942
78.330641355,-9.572163992,3.449035585,-1.447625538,0.240337178,3.620301980,-0.529112146,3.620301980,dynamic_arc_transition,0.538565699,0.723944624
78.400704540,-9.562968202,3.379566617,-1.430736185,0.241704475,3.610047626,-0.589235849,3.610047626,dynamic_arc_transition,0.545572018,0.716938305
78.470767726,-9.552597052,3.310263040,-1.413746912,0.243245565,3.598593667,-0.656595338,3.598593667,dynamic_arc_transition,0.552578336,0.709931987
78.540830911,-9.541046022,3.241146005,-1.396640586,0.244986144,3.585787230,-0.674897158,3.585787230,dynamic_arc_transition,0.559584655,0.702925668
78.610894097,-9.528310145,3.172237497,-1.379409650,0.246801392,3.572575985,-0.690422798,3.572575985,dynamic_arc_transition,0.566590973,0.695919349
78.680957282,-9.514384433,3.103559547,-1.362049027,0.248686447,3.559010077,-0.729465746,3.559010077,dynamic_arc_transition,0.573597292,0.688913031
78.751020468,-9.499263891,3.035134246,-1.344552485,0.250709641,3.544620620,-0.767131829,3.544620620,dynamic_arc_transition,0.580603610,0.681906712
78.821083653,-9.482943446,2.966984779,-1.326908111,0.252873121,3.529424874,-0.782530117,3.529424874,dynamic_arc_transition,0.587609929,0.674900394
78.891146839,-9.465417956,2.899135276,-1.309109222,0.255118841,3.513856405,-0.794594461,3.513856405,dynamic_arc_transition,0.594616248,0.667894075
78.961210024,-9.446682276,2.831609899,-1.291150250,0.257440370,3.497977015,-0.800756268,3.497977015,dynamic_arc_transition,0.601622566,0.660887757
79.031273210,-9.426731298,2.764432913,-1.273026205,0.259823040,3.481901223,-0.814941509,3.481901223,dynamic_arc_transition,0.608628885,0.653881438
79.101336395,-9.405560376,2.697629918,-1.254732205,0.262293633,3.465464086,-0.829071116,3.465464086,dynamic_arc_transition,0.615635203,0.646875120
79.171399581,-9.383165179,2.631227426,-1.236261837,0.264855746,3.448661567,-0.839456736,3.448661567,dynamic_arc_transition,0.622641522,0.639868801
79.241462766,-9.359541382,2.565251969,-1.217608921,0.267501462,3.431564742,-0.799842551,3.431564742,dynamic_arc_transition,0.629647840,0.632862483
79.311525952,-9.334684791,2.499730226,-1.198771653,0.270071973,3.415195096,-0.799595527,3.415195096,dynamic_arc_transition,0.636654159,0.625856164
79.381589137,-9.308592432,2.434690259,-1.179753938,0.272691548,3.398751701,-0.814702109,3.398751701,dynamic_arc_transition,0.643660477,0.618849845
79.451652323,-9.281261996,2.370160882,-1.160549034,0.275413403,3.381915415,-0.825821952,3.381915415,dynamic_arc_transition,0.650666796,0.611843527
79.521715508,-9.252691180,2.306170917,-1.141150030,0.278228428,3.364763356,-0.727010567,3.364763356,dynamic_arc_transition,0.657673114,0.604837208
79.591778693,-9.222877987,2.242749346,-1.121561334,0.280754691,3.349590884,-0.723755354,3.349590884,dynamic_arc_transition,0.664679433,0.597830890
79.661841879,-9.191822578,2.179926270,-1.101796739,0.283315627,3.334417772,-0.742129260,3.334417772,dynamic_arc_transition,0.671685752,0.590824571
79.731905064,-9.159526033,2.117732271,-1.081848652,0.285990549,3.318787429,-0.756508098,3.318787429,dynamic_arc_transition,0.678692070,0.583818253
79.801968250,-9.125989439,2.056197933,-1.061709347,0.288769791,3.302778113,-0.585811041,3.302778113,dynamic_arc_transition,0.685698389,0.576811934
79.872031435,-9.091214465,1.995353921,-1.041393519,0.290959321,3.290327596,-0.592302035,3.290327596,dynamic_arc_transition,0.692704707,0.569805616
79.942094621,-9.055205918,1.935231347,-1.020924451,0.293207129,3.277691040,-0.615646967,3.277691040,dynamic_arc_transition,0.699711026,0.562799297
80.012157806,-9.017969646,1.875861467,-1.000293426,0.295580642,3.264504584,-0.635335855,3.264504584,dynamic_arc_transition,0.706717344,0.555792979
80.082220992,-8.979511501,1.817275539,-0.979491878,0.298070692,3.250840333,-0.382716474,3.250840333,dynamic_arc_transition,0.713723663,0.548786660
80.152284177,-8.939838286,1.759504661,-0.958549392,0.299591010,3.242581410,-0.411377509,3.242581410,dynamic_arc_transition,0.720729981,0.541780341
80.222347363,-8.898960733,1.702579266,-0.937496033,0.301242572,3.233680467,-0.440214834,3.233680467,dynamic_arc_transition,0.727736300,0.534774023
80.292410548,-8.856890585,1.646529617,-0.916322146,0.303030196,3.224128356,-0.439900168,3.224128356,dynamic_arc_transition,0.734742618,0.527767704
80.362473734,-8.813639587,1.591385976,-0.895018685,0.304837863,3.214554719,-0.152870704,3.214554719,dynamic_arc_transition,0.741748937,0.520761386
80.432536919,-8.769220822,1.537177960,-0.873633199,0.305471109,3.211221080,-0.187387725,3.211221080,dynamic_arc_transition,0.748755256,0.513755067
80.502600105,-8.723651642,1.483933133,-0.852198120,0.306250936,3.207130004,-0.220610593,3.207130004,dynamic_arc_transition,0.755761574,0.506748749
80.572663290,-8.676950242,1.431678649,-0.830703362,0.307174140,3.202306903,-0.188135391,3.202306903,dynamic_arc_transition,0.762767893,0.499742430
80.642726476,-8.629134823,1.380441659,-0.809140557,0.307965851,3.198188045,0.108013719,3.198188045,dynamic_arc_transition,0.769774211,0.492736112
80.712789661,-8.580225190,1.330247931,-0.787573896,0.307510810,3.200553443,0.073845784,3.200553443,dynamic_arc_transition,0.776780530,0.485729793
80.782852846,-8.530245112,1.281119810,-0.766034025,0.307200484,3.202169590,0.039162939,3.202169590,dynamic_arc_transition,0.783786848,0.478723475
80.852916032,-8.479218962,1.233079120,-0.744510803,0.307036162,3.203026357,0.110071082,3.203026357,dynamic_arc_transition,0.790793167,0.471717156
80.922979217,-8.427171123,1.186147668,-0.722997927,0.306575260,3.205433154,0.397142941,3.205433154,dynamic_arc_transition,0.797799485,0.478723474
80.993042403,-8.374127552,1.140344990,-0.701570718,0.304923737,3.214102037,0.368085412,3.214102037,dynamic_arc_transition,0.804805804,0.485729793
81.063105588,-8.320117250,1.095686215,-0.680254479,0.303408860,3.222115823,0.336569259,3.222115823,dynamic_arc_transition,0.811812122,0.492736112
81.133168774,-8.265169569,1.052185968,-0.659039440,0.302036804,3.229426049,0.447901348,3.229426049,dynamic_arc_transition,0.818818441,0.499742430
81.203231959,-8.209313882,1.009858820,-0.637922433,0.300230022,3.239128802,0.711667675,3.239128802,dynamic_arc_transition,0.825824760,0.506748749
81.273295145,-8.152580699,0.968716254,-0.616981329,0.297403278,3.254485951,0.693412617,3.254485951,dynamic_arc_transition,0.832831078,0.513755067
81.343358330,-8.095002277,0.928765006,-0.596234058,0.294699777,3.269379788,0.671020526,3.269379788,dynamic_arc_transition,0.839837397,0.520761386
81.413421516,-8.036611024,0.890011413,-0.575671628,0.292129967,3.283728349,0.820146259,3.283728349,dynamic_arc_transition,0.846843715,0.527767704
81.483484701,-7.977439356,0.852461706,-0.555294260,0.289049272,3.301180999,1.052567093,3.301180999,dynamic_arc_transition,0.853850034,0.534774023
81.553547887,-7.917520040,0.816118508,-0.535173285,0.285189475,3.323445260,1.051264495,3.323445260,dynamic_arc_transition,0.860856352,0.541780341
81.623611072,-7.856886265,0.780980043,-0.515319144,0.281435992,3.345534079,1.044835376,3.345534079,dynamic_arc_transition,0.867862671,0.548786660
81.693674258,-7.795571249,0.747044269,-0.495723940,0.277802097,3.367344245,1.225198032,3.367344245,dynamic_arc_transition,0.874868989,0.555792979
81.763737443,-7.733608181,0.714308976,-0.476390566,0.273658664,3.392740753,1.425538040,3.392740753,dynamic_arc_transition,0.881875308,0.562799297
81.833800629,-7.671029624,0.682768285,-0.457376928,0.268990625,3.422052789,1.447586451,3.422052789,dynamic_arc_transition,0.888881627,0.569805616
81.903863814,-7.607867535,0.652412748,-0.438687403,0.264410580,3.451563461,1.464566911,3.451563461,dynamic_arc_transition,0.895887945,0.576811934
81.973926999,-7.544153845,0.623232768,-0.420315350,0.259932843,3.481165720,1.667468759,3.481165720,dynamic_arc_transition,0.902894264,0.583818253
82.043990185,-7.479920385,0.595218534,-0.402264957,0.255015897,3.514565566,1.842535404,3.514565566,dynamic_arc_transition,0.909900582,0.590824571
82.114053370,-7.415197433,0.568356944,-0.384577613,0.249794635,3.551106717,1.894854596,3.551106717,dynamic_arc_transition,0.916906901,0.597830890
82.184116556,-7.350014068,0.542632345,-0.367253759,0.244643511,3.588297370,1.943489363,3.588297370,dynamic_arc_transition,0.923913219,0.604837208
82.254179741,-7.284399336,0.518029018,-0.350288039,0.239576299,3.626046349,2.160636261,3.626046349,dynamic_arc_transition,0.930919538,0.611843527
82.324242927,-7.218382080,0.494531006,-0.333684393,0.234183781,3.667556986,2.324348257,3.667556986,dynamic_arc_transition,0.937925856,0.618849845
82.394306112,-7.151988900,0.472119744,-0.317468356,0.228647305,3.711694590,2.400000000,3.711694590,dynamic_arc_transition,0.944932175,0.625856164
82.464369298,-7.085245015,0.450775059,-0.301638440,0.223164849,3.756724640,2.400000000,3.757010267,dynamic_arc_transition,0.951938493,0.632862483
82.534432483,-7.018175622,0.430476755,-0.286190485,0.217748581,3.801221292,2.400000000,3.803449111,dynamic_arc_transition,0.958944812,0.639868801
82.604495669,-6.950805600,0.411204410,-0.271127035,0.212132276,3.845203064,2.400000000,3.853469278,dynamic_arc_transition,0.965951131,0.646875120
82.674558854,-6.883157209,0.392935778,-0.256461057,0.206468744,3.888687425,2.400000000,3.905962947,dynamic_arc_transition,0.966094224,0.653881438
82.744622040,-6.815251433,0.375647719,-0.242190561,0.200845476,3.931690881,2.400000000,3.960265022,dynamic_arc_transition,0.959087905,0.660887757
82.814685225,-6.747109249,0.359317089,-0.228312434,0.195272534,3.974229041,1.466558544,4.000000000,dynamic_arc_transition,0.952081587,0.667894075
82.884748411,-6.678751199,0.343920564,-0.214827255,0.189612047,4.000000000,0.000000000,4.000000000,dynamic_arc_transition,0.945075268,0.674900394
82.954811596,-6.610195138,0.329433709,-0.201739554,0.183950247,4.000000000,0.000000000,4.000000000,dynamic_arc_transition,0.938068949,0.681906712
83.024874781,-6.541457889,0.315831668,-0.189047587,0.178317511,4.000000000,0.000000000,4.000000000,dynamic_arc_transition,0.931062631,0.688913031
83.094937967,-6.472556277,0.303089579,-0.176749100,0.172721727,4.000000000,0.000000000,4.000000000,dynamic_arc_transition,0.924056312,0.695919349
83.165001152,-6.403506593,0.291182455,-0.164843417,0.167103302,4.000000000,0.000000000,4.000000000,dynamic_arc_transition,0.917049994,0.702925668
83.235064338,-6.334322599,0.280084679,-0.153331268,0.161494989,4.000000000,0.000000000,4.000000000,dynamic_arc_transition,0.910043675,0.709931987
83.305127523,-6.265017307,0.269770454,-0.142211398,0.155906836,4.000000000,0.000000000,4.000000000,dynamic_arc_transition,0.903037357,0.716938305
83.375190709,-6.195603726,0.260213979,-0.131482243,0.150345463,4.000000000,0.000000000,4.000000000,dynamic_arc_transition,0.896031038,0.723944624
83.445253894,-6.126094261,0.251389398,-0.121141340,0.144824320,4.000000000,0.000000000,4.000000000,dynamic_arc_transition,0.889024720,0.730950942
83.515317080,-6.056499089,0.243270639,-0.111187074,0.139311502,4.000000000,0.000000000,4.000000000,dynamic_arc_transition,0.882018401,0.737957261
83.585380265,-5.986827876,0.235831583,-0.101618619,0.133812192,4.000000000,0.000000000,4.000000000,dynamic_arc_transition,0.875012083,0.744963579
83.655443451,-5.917090287,0.229046109,-0.092434996,0.128314032,4.000000000,0.000000000,4.000000000,dynamic_arc_transition,0.868005764,0.751969898
83.725506636,-5.847295336,0.222887873,-0.083641312,0.122696607,4.000000000,0.000000000,4.000000000,dynamic_arc_transition,0.860999445,0.758976216
83.795569822,-5.777450172,0.217329890,-0.075241109,0.117083624,4.000000000,0.000000000,4.000000000,dynamic_arc_transition,0.853993127,0.765982535
83.865633007,-5.707561620,0.212345064,-0.067233905,0.111478864,4.000000000,0.000000000,4.000000000,dynamic_arc_transition,0.846986808,0.772988853
83.935696193,-5.637636497,0.207906298,-0.059618617,0.105947713,4.000000000,0.000000000,4.000000000,dynamic_arc_transition,0.839980490,0.779995172
84.005759378,-5.567680954,0.203986891,-0.052380185,0.100671776,4.000000000,0.000000000,4.000000000,dynamic_arc_transition,0.832974171,0.787001491
84.075822564,-5.497699647,0.200561024,-0.045511350,0.095398549,4.000000000,0.000000000,4.000000000,dynamic_arc_transition,0.825967853,0.794007809
84.145885749,-5.427697030,0.197602997,-0.039011825,0.090130352,4.000000000,0.000000000,4.000000000,dynamic_arc_transition,0.818961534,0.801014128
84.215948934,-5.357677549,0.195087073,-0.032886632,0.084328665,4.000000000,0.000000000,4.000000000,dynamic_arc_transition,0.811955216,0.808020446
84.286012120,-5.287645004,0.192984350,-0.027228703,0.077178167,4.000000000,0.000000000,4.000000000,dynamic_arc_transition,0.806697896,0.815026765
84.356075305,-5.217602057,0.191260351,-0.022071771,0.070027876,4.000000000,0.000000000,4.000000000,dynamic_arc_transition,0.806406659,0.822033083
84.426138491,-5.147551252,0.189880030,-0.017415739,0.062879680,4.000000000,0.000000000,4.000000000,dynamic_arc_transition,0.808446010,0.829039402
84.496201676,-5.077495121,0.188808496,-0.013242651,0.057101326,4.000000000,0.000000000,4.000000000,dynamic_arc_transition,0.810206147,0.836045720
84.566264862,-5.007435609,0.188017999,-0.009363299,0.053636057,4.000000000,0.000000000,4.000000000,dynamic_arc_transition,0.810267182,0.843052039
84.636328047,-4.937373834,0.187490789,-0.005726737,0.050171206,4.000000000,0.000000000,4.000000000,dynamic_arc_transition,0.808875624,0.850058357
84.706391233,-4.867310854,0.187209863,-0.002332920,0.046707183,4.000000000,0.000000000,4.000000000,dynamic_arc_transition,0.806402377,0.857064676
84.776454418,-4.797247708,0.187157577,0.000758226,0.039498862,4.000000000,0.000000000,6.000000000,round_arc_transition,0.803246720,0.856849307
84.846517604,-4.727184876,0.187298111,0.003117349,0.027843931,4.000000000,0.000000000,6.000000000,round_arc_transition,0.800613144,0.849842989
84.916580789,-4.657122216,0.187575328,0.004659886,0.016188830,4.000000000,0.000000000,6.000000000,round_arc_transition,0.800606450,0.842836670
84.986643975,-4.587059554,0.187932013,0.005385842,0.004534020,4.000000000,0.000000000,6.000000000,round_arc_transition,0.805378911,0.835830351
85.056707160,-4.516996750,0.188314989,0.005613175,0.009596028,4.000000000,0.000000000,6.000000000,round_arc_transition,0.812385229,0.828824033
85.126770346,-4.446934310,0.188747476,0.006955862,0.028731671,4.000000000,0.000000000,6.000000000,round_arc_transition,0.819391548,0.822381587
85.196833531,-4.376873320,0.189320996,0.009639279,0.047868157,4.000000000,0.000000000,6.000000000,round_arc_transition,0.826397866,0.815375268
85.266896717,-4.306814888,0.190129481,0.013663436,0.067003654,4.000000000,0.000000000,6.000000000,round_arc_transition,0.833404185,0.808368950
85.336959902,-4.236759979,0.191252950,0.018080861,0.043117863,4.000000000,0.000000000,6.000000000,round_arc_transition,0.838553635,0.801362631
85.407023087,-4.166707669,0.192585207,0.019374989,-0.006176538,4.000000000,0.000000000,6.000000000,round_arc_transition,0.831547317,0.794356313
85.477086273,-4.096655686,0.193887131,0.017215286,-0.055474717,4.000000000,0.000000000,6.000000000,round_arc_transition,0.824540998,0.787349994
85.547149458,-4.026601727,0.194916734,0.011601367,-0.104783350,4.000000000,0.000000000,5.482884998,round_arc_transition,0.817534680,0.780343676
85.617212644,-3.956543714,0.195457610,0.004066830,-0.092791002,4.000000000,0.000000000,5.826427479,round_arc_transition,0.810690982,0.773337357
85.687275829,-3.886481763,0.195544670,-0.001155280,-0.056281130,4.000000000,0.000000000,6.000000000,round_arc_transition,0.810283872,0.772049286
85.757339015,-3.816417231,0.195355449,-0.003819819,-0.019779883,4.000000000,0.000000000,6.000000000,round_arc_transition,0.812811829,0.774523824
85.827402200,-3.746351493,0.195069118,-0.003927162,0.016715531,4.000000000,0.000000000,6.000000000,round_arc_transition,0.814737221,0.777754566
85.897465386,-3.676285868,0.194854985,-0.002005313,0.034377233,4.000000000,0.000000000,6.000000000,straight_acceleration,0.813156621,0.779108148
85.967528571,-3.606221282,0.194809464,0.000857212,0.047334161,4.000000000,0.000000000,6.000000000,straight_acceleration,0.809852939,0.778707709
86.037591757,-3.536158483,0.194996302,0.004627541,0.060292724,4.000000000,0.000000000,6.000000000,straight_acceleration,0.808709179,0.777911663
86.107654942,-3.466098219,0.195479093,0.009305709,0.073250511,4.000000000,0.000000000,6.000000000,straight_acceleration,0.813618243,0.774123805
86.177718128,-3.396041074,0.196302867,0.013994213,0.057284532,4.000000000,0.000000000,6.000000000,straight_acceleration,0.820624561,0.767117486
86.247781313,-3.325986695,0.197407785,0.017317797,0.037589915,4.000000000,0.000000000,6.000000000,straight_acceleration,0.827630880,0.760111168
86.317844499,-3.255934405,0.198697222,0.019261637,0.017897940,4.000000000,0.000000000,6.000000000,straight_acceleration,0.834637198,0.753104849
86.387907684,-3.185883524,0.200074509,0.019825841,-0.001792642,4.000000000,0.000000000,6.000000000,straight_acceleration,0.841643517,0.746098531
86.457970870,-3.115833387,0.201455714,0.019571566,-0.004995614,4.000000000,0.000000000,6.000000000,straight_acceleration,0.845384371,0.739092212
86.528034055,-3.045783377,0.202812388,0.019126305,-0.007714667,4.000000000,0.000000000,6.000000000,straight_acceleration,0.838378053,0.732085893
86.598097240,-2.975732894,0.204131195,0.018490544,-0.010433609,4.000000000,0.000000000,6.000000000,straight_acceleration,0.831371734,0.725079575
86.668160426,-2.905681338,0.205398796,0.017663487,-0.013554172,4.000000000,0.000000000,6.000000000,straight_acceleration,0.824365416,0.718166026
86.738223611,-2.835628169,0.206595059,0.016372368,-0.023301601,4.000000000,0.000000000,6.000000000,straight_acceleration,0.822678079,0.723460513
86.808286797,-2.765573061,0.207676953,0.014398297,-0.033049423,4.000000000,0.000000000,6.000000000,straight_acceleration,0.819567570,0.730466832
86.878349982,-2.695515731,0.208596627,0.011741250,-0.042797502,4.000000000,0.000000000,6.000000000,straight_acceleration,0.812561251,0.737473150
86.948413168,-2.625455898,0.209306244,0.008406339,-0.051524280,4.000000000,0.000000000,6.000000000,straight_acceleration,0.805554933,0.744479469
87.018476353,-2.555393645,0.209766626,0.004705149,-0.054127980,4.000000000,0.000000000,6.000000000,straight_acceleration,0.798548614,0.751485787
87.088539539,-2.485330008,0.209961300,0.000821471,-0.056733184,4.000000000,0.000000000,6.000000000,straight_acceleration,0.791542296,0.758492106
87.158602724,-2.415266182,0.209877473,-0.003244780,-0.059339597,4.000000000,0.000000000,6.000000000,straight_acceleration,0.784535977,0.765498424
87.228665910,-2.345203358,0.209502394,-0.007485990,-0.060987067,4.000000000,0.000000000,6.000000000,straight_acceleration,0.777529659,0.762658152
87.298729095,-2.275142718,0.208829517,-0.011703264,-0.059396729,4.000000000,0.000000000,6.000000000,straight_acceleration,0.771530894,0.761468157
87.368792281,-2.205085420,0.207865083,-0.015809156,-0.057807537,4.000000000,0.000000000,6.000000000,straight_acceleration,0.770323384,0.762332827
87.438855466,-2.135032619,0.206616910,-0.019803748,-0.056219717,4.000000000,0.000000000,6.000000000,straight_acceleration,0.769206959,0.765175041
87.508918652,-2.064985463,0.205092916,-0.023673252,-0.053372678,4.000000000,0.000000000,6.000000000,straight_acceleration,0.762200640,0.768112900
87.578981837,-1.994944655,0.203308056,-0.027216663,-0.047775756,4.000000000,0.000000000,6.000000000,straight_acceleration,0.755194322,0.761106581
87.649045022,-1.924910167,0.201288754,-0.030367939,-0.042179006,4.000000000,0.000000000,6.000000000,straight_acceleration,0.748188003,0.754100263
87.719108208,-1.854881902,0.199062492,-0.033127109,-0.036582932,4.000000000,0.000000000,6.000000000,straight_acceleration,0.741181685,0.747093944
87.789171393,-1.784859753,0.196656884,-0.035480170,-0.029985003,4.000000000,0.000000000,6.000000000,straight_acceleration,0.734175366,0.740087626
87.859234579,-1.714843037,0.194104626,-0.037297197,-0.021883151,4.000000000,0.000000000,6.000000000,straight_acceleration,0.727169048,0.733081307
87.929297764,-1.644830332,0.191445022,-0.038546574,-0.013781128,4.000000000,0.000000000,6.000000000,straight_acceleration,0.720162729,0.726074989
87.999360950,-1.574820165,0.188717816,-0.039228299,-0.005679137,4.000000000,0.000000000,6.000000000,straight_acceleration,0.713156411,0.719068670
88.069424135,-1.504811065,0.185962726,-0.039344701,0.002286001,4.000000000,0.000000000,6.000000000,straight_acceleration,0.709583905,0.712062352
88.139487321,-1.434801564,0.183218819,-0.038910578,0.010106313,4.000000000,0.000000000,6.000000000,straight_acceleration,0.716590223,0.705056033
88.209550506,-1.364790200,0.180524488,-0.037928539,0.017926654,4.000000000,0.000000000,6.000000000,straight_acceleration,0.723596542,0.698049715
88.279613692,-1.294775511,0.177918093,-0.036398583,0.025746891,4.000000000,0.000000000,6.000000000,straight_acceleration,0.730602860,0.691043396
88.349676877,-1.224756076,0.175437522,-0.034356241,0.031792580,4.000000000,0.000000000,6.000000000,straight_acceleration,0.737609179,0.684037077
88.419740063,-1.154731140,0.173112721,-0.031963553,0.036508020,4.000000000,0.000000000,6.000000000,straight_acceleration,0.744615497,0.677030759
88.489803248,-1.084700506,0.170967044,-0.029240469,0.041223901,4.000000000,0.000000000,6.000000000,straight_acceleration,0.744173396,0.670024440
88.559866434,-1.014663992,0.169023644,-0.026186968,0.045939911,4.000000000,0.000000000,6.000000000,straight_acceleration,0.740507887,0.663018122
88.629929619,-0.944621461,0.167305035,-0.022845013,0.048832800,4.000000000,0.000000000,6.000000000,straight_acceleration,0.735272583,0.656011803
88.699992805,-0.874573328,0.165825985,-0.019355554,0.050775422,4.000000000,0.000000000,6.000000000,straight_acceleration,0.728266265,0.649005485
88.770055990,-0.804520370,0.164596142,-0.015729956,0.052718921,4.000000000,0.000000000,6.000000000,straight_acceleration,0.721259946,0.641999166
88.840119175,-0.734463371,0.163625061,-0.011968165,0.054663075,4.000000000,0.000000000,6.000000000,straight_acceleration,0.714253628,0.634992848
88.910182361,-0.664403137,0.162921500,-0.008116093,0.054841943,4.000000000,0.000000000,6.000000000,straight_acceleration,0.707247309,0.627986529
88.980245546,-0.594340661,0.162487114,-0.004288776,0.054410476,4.000000000,0.000000000,6.000000000,straight_acceleration,0.700240991,0.620980211
89.050308732,-0.524277033,0.162319822,-0.000491654,0.053980001,4.000000000,0.000000000,6.000000000,straight_acceleration,0.693234672,0.613973892
89.120371917,-0.454213347,0.162417516,0.003275340,0.053550569,4.000000000,0.000000000,6.000000000,straight_acceleration,0.686228354,0.608070704
89.190435103,-0.384150629,0.162776911,0.006951690,0.051034626,4.000000000,0.000000000,6.000000000,straight_acceleration,0.680272674,0.614056495
89.260498288,-0.314089629,0.163386815,0.010424100,0.048086989,4.000000000,0.000000000,6.000000000,straight_acceleration,0.679554313,0.621062813
89.330561474,-0.244031035,0.164232762,0.013690012,0.045140025,4.000000000,0.000000000,6.000000000,straight_acceleration,0.681753868,0.628069132
89.400624659,-0.173975536,0.165300276,0.016749476,0.042193974,4.000000000,0.000000000,6.000000000,straight_acceleration,0.684546911,0.635075451
89.470687845,-0.103923694,0.166573085,0.019518278,0.036617499,4.000000000,0.000000000,6.000000000,straight_acceleration,0.686049614,0.642081769
89.540751030,-0.033875410,0.168025608,0.021879823,0.030794183,4.000000000,0.000000000,6.000000000,straight_acceleration,0.686659723,0.649088088
89.610814216,0.036169632,0.169629260,0.023833370,0.024970992,4.000000000,0.000000000,6.000000000,straight_acceleration,0.687511285,0.653596481
