s_m,x_m,y_m,psi_rad,kappa_radpm,vx_mps,ax_mps2,speed_limit_mps,speed_zone,w_tr_right_m,w_tr_left_m
0.000000000,0.106211745,0.171355458,0.022727093,0.015376627,4.000000000,0.000000000,6.000000000,straight_acceleration,0.692500000,0.657500000
0.070466986,0.176659816,0.172989218,0.023564524,0.008391388,4.000000000,0.000000000,6.000000000,straight_acceleration,0.696511016,0.664871575
0.140933973,0.247106859,0.174664634,0.023909724,0.001406086,4.000000000,0.000000000,6.000000000,straight_acceleration,0.700793486,0.677114566
0.211400959,0.317553741,0.176347030,0.023762690,-0.005579218,4.000000000,0.000000000,6.000000000,straight_acceleration,0.703098246,0.689929217
0.281867945,0.388001329,0.178001733,0.023124541,-0.012270864,4.000000000,0.000000000,6.000000000,straight_acceleration,0.701176972,0.699017262
0.352334932,0.458450361,0.179597117,0.022109431,-0.016540041,4.000000000,0.000000000,6.000000000,straight_acceleration,0.693684472,0.701682955
0.422801918,0.528901198,0.181110389,0.020793482,-0.020809312,4.000000000,0.000000000,6.000000000,straight_acceleration,0.681896314,0.699880820
0.493268904,0.599354137,0.182520351,0.019176688,-0.025078627,4.000000000,0.000000000,6.000000000,straight_acceleration,0.667560755,0.696404116
0.563735891,0.669809472,0.183805837,0.017265082,-0.028556359,4.000000000,0.000000000,6.000000000,straight_acceleration,0.652424569,0.694037500
0.634202877,0.740267318,0.184951003,0.015231299,-0.029166516,4.000000000,0.000000000,6.000000000,straight_acceleration,0.637976996,0.694070085
0.704669863,0.810727410,0.185951356,0.013154512,-0.029776897,4.000000000,0.000000000,6.000000000,straight_acceleration,0.625158272,0.694602832
0.775136850,0.881189437,0.186803861,0.011034705,-0.030387481,4.000000000,0.000000000,6.000000000,straight_acceleration,0.614838160,0.693327452
0.845603836,0.951653085,0.187505555,0.008881479,-0.030158119,4.000000000,0.000000000,6.000000000,straight_acceleration,0.607877864,0.687959338
0.916070822,1.022118036,0.188058160,0.006825967,-0.028181486,4.000000000,0.000000000,6.000000000,straight_acceleration,0.604591510,0.677727527
0.986537808,1.092583969,0.188470831,0.004909739,-0.026204930,4.000000000,0.000000000,6.000000000,straight_acceleration,0.604425440,0.664262052
1.057004795,1.163050559,0.188753379,0.003132789,-0.024228517,4.000000000,0.000000000,6.000000000,straight_acceleration,0.606748976,0.649406029
1.127471781,1.233517486,0.188915627,0.001495939,-0.022197678,4.000000000,0.000000000,6.000000000,straight_acceleration,0.610907421,0.634963962
1.197938767,1.303984524,0.188967669,0.000005805,-0.020095405,4.000000000,0.000000000,6.000000000,straight_acceleration,0.615472144,0.621496434
1.268405754,1.374451561,0.188919925,-0.001336189,-0.017993130,4.000000000,0.000000000,6.000000000,straight_acceleration,0.618092994,0.608082884
1.338872740,1.444918489,0.188782834,-0.002530042,-0.015890891,4.000000000,0.000000000,6.000000000,straight_acceleration,0.616365996,0.593716240
1.409339726,1.515385206,0.188566680,-0.003588009,-0.014430596,4.000000000,0.000000000,6.000000000,straight_acceleration,0.608047371,0.577514024
1.479806713,1.585851643,0.188278775,-0.004572577,-0.013513470,4.000000000,0.000000000,6.000000000,straight_acceleration,0.593946089,0.560968021
1.550273699,1.656317767,0.187923768,-0.005492517,-0.012596347,4.000000000,0.000000000,6.000000000,straight_acceleration,0.577609379,0.547699686
1.620740685,1.726783546,0.187506214,-0.006347831,-0.011679235,4.000000000,0.000000000,6.000000000,straight_acceleration,0.562681529,0.541405966
1.691207672,1.797248949,0.187030726,-0.007134634,-0.010592506,4.000000000,0.000000000,6.000000000,straight_acceleration,0.552619346,0.545379025
1.761674658,1.867713974,0.186502651,-0.007839550,-0.009414479,4.000000000,0.000000000,6.000000000,straight_acceleration,0.548563700,0.557910932
1.832141644,1.938178635,0.185927828,-0.008461454,-0.008236456,4.000000000,0.000000000,6.000000000,straight_acceleration,0.550093868,0.573922280
1.902608631,2.008642947,0.185312108,-0.009000347,-0.007058440,4.000000000,0.000000000,6.000000000,straight_acceleration,0.556759896,0.588270548
1.973075617,2.079106932,0.184661743,-0.009433630,-0.005034807,4.000000000,0.000000000,6.000000000,straight_acceleration,0.567937484,0.596376676
2.043542603,2.149570675,0.183986391,-0.009707630,-0.002741900,4.000000000,0.000000000,6.000000000,straight_acceleration,0.581527061,0.598429438
2.114009590,2.220034292,0.183297425,-0.009820057,-0.000448994,4.000000000,0.000000000,6.000000000,straight_acceleration,0.594686963,0.597015931
2.184476576,2.290497900,0.182606229,-0.009770909,0.001843911,4.000000000,0.000000000,6.000000000,straight_acceleration,0.604569900,0.594741442
2.254943562,2.360961614,0.181924511,-0.009544335,0.004655915,4.000000000,0.000000000,6.000000000,straight_acceleration,0.608874532,0.593851163
2.325410549,2.431425545,0.181265913,-0.009114357,0.007547765,4.000000000,0.000000000,6.000000000,straight_acceleration,0.608570453,0.594432856
2.395877535,2.501889799,0.180644793,-0.008480598,0.010439621,4.000000000,0.000000000,6.000000000,straight_acceleration,0.605839953,0.595774418
2.466344521,2.572354485,0.180075509,-0.007643060,0.013331469,4.000000000,0.000000000,6.000000000,straight_acceleration,0.602867311,0.597162435
2.536811508,2.642819685,0.179570529,-0.006684449,0.013814967,4.000000000,0.000000000,6.000000000,straight_acceleration,0.601375896,0.598032149
2.607278494,2.713285361,0.179134147,-0.005696116,0.014235986,4.000000000,0.000000000,6.000000000,straight_acceleration,0.601100029,0.598460327
2.677745480,2.783751449,0.178768454,-0.004678113,0.014657024,4.000000000,0.000000000,6.000000000,straight_acceleration,0.601237595,0.598696751
2.748212467,2.854217880,0.178475541,-0.003630268,0.015137637,4.000000000,0.000000000,6.000000000,straight_acceleration,0.600986637,0.598991161
2.818679453,2.924684586,0.178258256,-0.002523321,0.016279786,4.000000000,0.000000000,6.000000000,straight_acceleration,0.599920450,0.599490552
2.889146439,2.995151490,0.178121810,-0.001335890,0.017421955,4.000000000,0.000000000,6.000000000,straight_acceleration,0.598785800,0.600020626
2.959613425,3.065618516,0.178071874,-0.000067974,0.018564129,4.000000000,0.000000000,6.000000000,straight_acceleration,0.598558213,0.600344451
3.030080412,3.136085586,0.178114132,0.001283033,0.020093944,4.000000000,0.000000000,6.000000000,straight_acceleration,0.600209022,0.600225653
3.100547398,3.206552568,0.178257061,0.002810862,0.023268938,4.000000000,0.000000000,6.000000000,straight_acceleration,0.603706541,0.599561579
3.171014384,3.277019207,0.178515534,0.004562427,0.026444044,4.000000000,0.000000000,6.000000000,straight_acceleration,0.606722013,0.598555815
3.241481371,3.347485233,0.178905316,0.006537733,0.029619173,4.000000000,0.000000000,6.000000000,straight_acceleration,0.606606487,0.597454635
3.311948357,3.417950371,0.179442162,0.008735281,0.032652036,4.000000000,0.000000000,6.000000000,straight_acceleration,0.600740644,0.596502393
3.382415343,3.488414204,0.180141007,0.011131340,0.035352874,4.000000000,0.000000000,6.000000000,straight_acceleration,0.588804687,0.595794532
3.452882330,3.558876074,0.181015390,0.013717735,0.038054124,4.000000000,0.000000000,6.000000000,straight_acceleration,0.574380640,0.595173817
3.523349316,3.629335295,0.182078718,0.016494488,0.040755637,4.000000000,0.000000000,6.000000000,straight_acceleration,0.561428978,0.594458506
3.593816302,3.699791187,0.183344167,0.019437854,0.041812302,4.000000000,0.000000000,6.000000000,straight_acceleration,0.553835480,0.593469267
3.664283289,3.770243143,0.184816522,0.022338077,0.040501705,4.000000000,0.000000000,6.000000000,straight_acceleration,0.552745703,0.592115169
3.734750275,3.840690647,0.186489944,0.025145965,0.039191625,4.000000000,0.000000000,6.000000000,straight_acceleration,0.555837473,0.590417151
3.805217261,3.911133192,0.188357916,0.027861552,0.037882134,4.000000000,0.000000000,6.000000000,straight_acceleration,0.560565877,0.588403340
3.875684248,3.981570309,0.190413125,0.030420163,0.033050674,4.000000000,0.000000000,6.000000000,straight_acceleration,0.564471178,0.586104195
3.946151234,4.052002360,0.192631760,0.032464994,0.024985828,4.000000000,0.000000000,6.000000000,straight_acceleration,0.566868864,0.583598833
4.016618220,4.122430490,0.194974402,0.033941517,0.016920956,4.000000000,0.000000000,6.000000000,straight_acceleration,0.568753167,0.581012382
4.087085207,4.192855875,0.197401022,0.034849739,0.008856229,4.000000000,0.000000000,6.000000000,straight_acceleration,0.571184175,0.578471778
4.157552193,4.263279724,0.199870958,0.035147004,-0.001122872,4.000000000,0.000000000,6.000000000,straight_acceleration,0.575081895,0.576099946
4.228019179,4.333703660,0.202335193,0.034677081,-0.012214536,4.000000000,0.000000000,6.000000000,straight_acceleration,0.579517822,0.573966935
4.298486166,4.404129604,0.204738809,0.033425561,-0.023306210,4.000000000,0.000000000,6.000000000,straight_acceleration,0.582257329,0.572105426
4.368953152,4.474559479,0.207026763,0.031392452,-0.034397479,4.000000000,0.000000000,6.000000000,straight_acceleration,0.581038303,0.570547317
4.439420138,4.544995077,0.209145124,0.028641892,-0.043034400,4.000000000,0.000000000,6.000000000,straight_acceleration,0.573979937,0.569308931
4.509887125,4.615436980,0.211049931,0.025335148,-0.050817192,4.000000000,0.000000000,6.000000000,straight_acceleration,0.562616140,0.568267117
4.580354111,4.685885132,0.212702472,0.021479933,-0.058601050,4.000000000,0.000000000,6.000000000,straight_acceleration,0.550280555,0.567225216
4.650821097,4.756339474,0.214064085,0.017076203,-0.066384839,4.000000000,0.000000000,6.000000000,straight_acceleration,0.540322985,0.565985906
4.721288083,4.826799754,0.215099306,0.012284541,-0.068797339,4.000000000,0.000000000,6.000000000,straight_acceleration,0.535544371,0.564403067
4.791755070,4.897264502,0.215792944,0.007385216,-0.070253776,4.000000000,0.000000000,6.000000000,straight_acceleration,0.535266150,0.562655143
4.862222056,4.967731771,0.216137726,0.002383160,-0.071713027,4.000000000,0.000000000,6.000000000,straight_acceleration,0.537450459,0.561047373
4.932689042,5.038199615,0.216126399,-0.002721799,-0.073174804,4.000000000,0.000000000,6.000000000,straight_acceleration,0.540056310,0.559885290
5.003156029,5.108666221,0.215757067,-0.007690797,-0.067529653,4.000000000,0.000000000,6.000000000,straight_acceleration,0.541371455,0.559430757
5.073623015,5.179130379,0.215052414,-0.012238575,-0.061544543,4.000000000,0.000000000,6.000000000,straight_acceleration,0.541191972,0.559745277
5.144090001,5.249591058,0.214042167,-0.016364655,-0.055560910,4.000000000,0.000000000,6.000000000,straight_acceleration,0.539746275,0.560832923
5.214556988,5.320047224,0.212756056,-0.020069509,-0.049750428,4.000000000,0.000000000,6.000000000,straight_acceleration,0.537262827,0.562697752
5.285023974,5.390498021,0.211220950,-0.023467018,-0.046677097,4.000000000,0.000000000,6.000000000,straight_acceleration,0.534062736,0.565263835
5.355490960,5.460943188,0.209454130,-0.026647936,-0.043603511,4.000000000,0.000000000,6.000000000,straight_acceleration,0.530777949,0.568186883
5.425957947,5.531382590,0.207470868,-0.029612267,-0.040530027,4.000000000,0.000000000,6.000000000,straight_acceleration,0.528105530,0.571066384
5.496424933,5.601816089,0.205286418,-0.032364267,-0.038200126,4.000000000,0.000000000,6.000000000,straight_acceleration,0.526740708,0.573502461
5.566891919,5.672243373,0.202910138,-0.035109815,-0.039723896,4.000000000,0.000000000,6.000000000,straight_acceleration,0.526703961,0.575326616
5.637358906,5.742663684,0.200336728,-0.037962751,-0.041247994,4.000000000,0.000000000,6.000000000,straight_acceleration,0.526338155,0.576945643
5.707825892,5.813076200,0.197558642,-0.040923093,-0.042772303,4.000000000,0.000000000,6.000000000,straight_acceleration,0.523729835,0.578854233
5.778292878,5.883480097,0.194568344,-0.043990241,-0.044230950,4.000000000,0.000000000,6.000000000,straight_acceleration,0.516974438,0.581543515
5.848759865,5.953874449,0.191358698,-0.047152071,-0.045507830,4.000000000,0.000000000,6.000000000,straight_acceleration,0.505098801,0.585131685
5.919226851,6.024258142,0.187923327,-0.050403906,-0.046785466,4.000000000,0.000000000,6.000000000,straight_acceleration,0.488865708,0.589041866
5.989693837,6.094630043,0.184255935,-0.053745793,-0.048063749,4.000000000,0.000000000,6.000000000,straight_acceleration,0.469227574,0.592621252
6.060160824,6.164989031,0.180350465,-0.057150228,-0.047244388,4.000000000,0.000000000,6.000000000,straight_acceleration,0.447156867,0.595240171
6.130627810,6.235334696,0.176211928,-0.060326062,-0.042892004,4.000000000,0.000000000,6.000000000,straight_acceleration,0.424548515,0.597333082
6.201094796,6.305667619,0.171860787,-0.063195211,-0.038540046,4.000000000,0.000000000,6.000000000,straight_acceleration,0.404585625,0.600820463
6.271561783,6.375988450,0.167318651,-0.065757712,-0.034188781,4.000000000,0.000000000,6.000000000,straight_acceleration,0.390547073,0.607733266
6.342028769,6.446297912,0.162607869,-0.067948414,-0.026017408,4.000000000,0.000000000,6.000000000,straight_acceleration,0.385587905,0.620007677
6.412495755,6.516598453,0.157769102,-0.069350507,-0.013776901,4.000000000,0.000000000,6.000000000,straight_acceleration,0.389793375,0.637230531
6.482962742,6.586894318,0.152862085,-0.069890043,-0.001536282,4.000000000,0.000000000,6.000000000,straight_acceleration,0.400050483,0.656541005
6.553429728,6.657189836,0.147947445,-0.069567023,0.010704187,4.000000000,0.000000000,6.000000000,straight_acceleration,0.413096690,0.674963828
6.623896714,6.727489365,0.143086696,-0.068317727,0.025998414,4.000000000,0.000000000,6.000000000,straight_acceleration,0.425770996,0.689613500
6.694363700,6.797797709,0.138355035,-0.065872725,0.043395577,4.000000000,0.000000000,6.000000000,straight_acceleration,0.436479131,0.698989631
6.764830687,6.868120019,0.133838407,-0.062201784,0.060792841,4.000000000,0.000000000,6.000000000,straight_acceleration,0.444857623,0.702679953
6.835297673,6.938461459,0.129623049,-0.057304961,0.078186685,4.000000000,0.000000000,6.000000000,straight_acceleration,0.450576126,0.700301479
6.905764659,7.008826848,0.125795150,-0.051186440,0.095412807,4.000000000,0.000000000,6.000000000,straight_acceleration,0.453304499,0.691727390
6.976231646,7.079217265,0.122440411,-0.043857948,0.112577238,4.000000000,0.000000000,6.000000000,straight_acceleration,0.452714886,0.679637319
7.046698632,7.149631479,0.119644231,-0.035319501,0.129752671,4.000000000,-2.327847731,6.000000000,straight_acceleration,0.448480838,0.668443296
7.117165618,7.220068224,0.117492006,-0.025570657,0.146926643,3.958778495,-4.000000000,6.000000000,straight_acceleration,0.440275926,0.662582905
7.187632605,7.290525594,0.116066358,-0.014770284,0.158062538,3.886925685,-4.000000000,6.000000000,straight_acceleration,0.428021023,0.665930817
7.258099591,7.360996055,0.115425510,-0.003309773,0.167185390,3.813719364,-4.000000000,6.000000000,straight_acceleration,0.413815041,0.677403948
7.328566577,7.431469141,0.115614995,0.008794819,0.176339388,3.739080034,-4.000000000,6.000000000,straight_acceleration,0.400889309,0.693341555
7.399033564,7.501934366,0.116680241,0.021545278,0.185512487,3.662920093,-4.000000000,6.000000000,straight_acceleration,0.392484848,0.710060839
7.469500550,7.572380855,0.118665538,0.034881853,0.192492959,3.585142636,-4.000000000,6.000000000,straight_acceleration,0.391268383,0.724221780
7.539967536,7.642794745,0.121606331,0.048673784,0.198908845,3.505640003,-4.000000000,6.000000000,straight_acceleration,0.395431396,0.735155502
7.610434523,7.713160766,0.125533917,0.062919334,0.205362298,3.424292034,-4.000000000,6.000000000,straight_acceleration,0.401065523,0.743446474
7.680901509,7.783463643,0.130479567,0.077620894,0.211840864,3.340963939,-4.000000000,6.000000000,straight_acceleration,0.404250305,0.749686380
7.751368495,7.853687119,0.136477524,0.092942923,0.224136010,3.255503672,-4.000000000,6.000000000,straight_acceleration,0.401759600,0.754529793
7.821835482,7.923807635,0.143584161,0.109227841,0.237988542,3.167738667,-4.000000000,6.000000000,straight_acceleration,0.395541249,0.759099916
7.892302468,7.993798336,0.151865845,0.126491332,0.251903257,3.077471750,-4.000000000,6.000000000,straight_acceleration,0.389878841,0.764731512
7.962769454,8.063632350,0.161388989,0.144736935,0.265838982,2.984475915,-4.000000000,6.000000000,straight_acceleration,0.389067344,0.772760374
8.033236441,8.133279807,0.172227986,0.164424073,0.296529134,2.888487595,-4.000000000,6.000000000,straight_acceleration,0.396774196,0.784314687
8.103703427,8.202686921,0.184520807,0.186583386,0.332230731,2.789197860,-4.000000000,6.000000000,straight_acceleration,0.411664847,0.798867822
8.174170413,8.271788466,0.198435836,0.211263318,0.367996185,2.686240647,-4.000000000,6.000000000,straight_acceleration,0.430011983,0.815101547
8.244637400,8.340519145,0.214141649,0.238464963,0.403572239,2.579176791,-4.000000000,6.000000000,straight_acceleration,0.448073364,0.831692693
8.315104386,8.408804958,0.231817509,0.268962144,0.471649078,2.467471789,-4.000000000,6.000000000,straight_acceleration,0.462597166,0.847405611
8.385571372,8.476475927,0.251760522,0.305219496,0.556396495,2.350464027,-4.000000000,6.000000000,straight_acceleration,0.475738811,0.861969628
8.456038358,8.543302547,0.274340885,0.347487531,0.641985553,2.227317951,-4.000000000,6.000000000,straight_acceleration,0.493007645,0.875712614
8.526505345,8.609054422,0.299929891,0.395789857,0.726734601,2.096952397,-2.987874972,6.000000000,straight_acceleration,0.519963163,0.888971389
8.596972331,8.673498248,0.328896689,0.449976129,0.803529740,1.994020128,-2.346673746,3.000000000,standard,0.562037781,0.902068173
8.667439317,8.736286976,0.361526591,0.509436006,0.878197389,1.909290501,-2.237060370,3.000000000,standard,0.619689302,0.914753735
8.737906304,8.796925337,0.397995662,0.574458955,0.960410120,1.824859559,-1.917560877,3.000000000,standard,0.686893329,0.926034211
8.808373290,8.854908108,0.438472630,0.645449684,1.047534708,1.749246392,-1.818925687,3.000000000,standard,0.757190233,0.934865737
8.878840276,8.909730067,0.483126226,0.722649839,1.135226377,1.674369886,0.026400172,3.000000000,standard,0.824120383,0.940204452
8.949307263,8.960900837,0.532069890,0.803570358,1.137207103,1.675480587,0.116667739,3.000000000,standard,0.881648643,0.941297011
9.019774249,9.008027866,0.585052681,0.884039650,1.133828119,1.680380209,-0.153522770,3.000000000,standard,0.926537587,0.939304782
9.090241235,9.050758200,0.641676168,0.964726740,1.142411458,1.673929829,-0.386790964,3.000000000,standard,0.956682179,0.936164130
9.160708222,9.088738993,0.701541504,1.046390406,1.162543758,1.657567219,-0.330361957,3.000000000,standard,0.969980585,0.933813608
9.231175208,9.121617579,0.764249821,1.129699813,1.179120431,1.643462765,1.640079529,3.000000000,standard,0.964333310,0.934190336
9.301642194,9.149186570,0.829384113,1.210077240,1.092971730,1.712341316,1.686817234,3.000000000,standard,0.939599209,0.938034363
9.372109181,9.171647592,0.896476310,1.284421001,1.008844321,1.780405190,1.923591830,3.000000000,standard,0.901150373,0.942715677
9.442576167,9.189273723,0.965049424,1.353064226,0.931133615,1.854977649,1.777291769,3.000000000,standard,0.855322038,0.945015529
9.513043153,9.202338040,1.034626466,1.416505609,0.862535587,1.921307593,2.400000000,3.000000000,standard,0.808449437,0.941715171
9.583510140,9.211121231,1.104739550,1.474799358,0.774155684,2.007402402,2.400000000,3.000000000,standard,0.766685757,0.929746791
9.653977126,9.216058797,1.175106000,1.525307724,0.657161822,2.089953573,2.400000000,3.000000000,standard,0.732479716,0.909114006
9.724444112,9.217730622,1.245615864,1.567478173,0.538574935,2.169365683,2.400000000,3.000000000,standard,0.704825370,0.882684733
9.794911099,9.216722104,1.316165789,1.601318368,0.420872252,2.245971729,2.400000000,3.000000000,standard,0.682584765,0.853436344
9.865378085,9.213617430,1.386652659,1.627118925,0.328810255,2.320049685,2.400000000,3.000000000,standard,0.664616400,0.824344838
9.935845071,9.208847022,1.457003285,1.649673540,0.310862827,2.391834457,2.400000000,3.300000000,standard_control_clear_3p3,0.649328585,0.798212294
10.006312058,9.202538816,1.527203353,1.670944971,0.292688088,2.461526683,2.400000000,3.300000000,standard_control_clear_3p3,0.634244007,0.777498647
10.076779044,9.194785446,1.597245419,1.690926960,0.274398337,2.529299338,2.400000000,3.300000000,standard_control_clear_3p3,0.616782005,0.764623906
10.147246030,9.185679547,1.667122040,1.709618473,0.256164891,2.595302810,2.400000000,3.300000000,standard_control_clear_3p3,0.594367348,0.762003778
10.217713017,9.175313008,1.736826393,1.727044057,0.238381459,2.659668816,2.400000000,3.300000000,standard_control_clear_3p3,0.566511087,0.770401916
10.288180003,9.163775864,1.806353206,1.743219771,0.220659547,2.722513498,2.400000000,3.300000000,standard_control_clear_3p3,0.537953216,0.786441353
10.358646989,9.151157860,1.875697444,1.758150947,0.203038143,2.783939884,2.400000000,3.300000000,standard_control_clear_3p3,0.514239738,0.806106868
10.429113975,9.137548726,1.944854074,1.771850412,0.186957347,2.844039875,2.400000000,3.300000000,standard_control_clear_3p3,0.500913211,0.825384562
10.499580962,9.123024177,2.013818633,1.784825807,0.181253263,2.902895856,2.400000000,3.300000000,standard_control_clear_3p3,0.500767095,0.841314699
10.570047948,9.107620732,2.082588246,1.797398454,0.175549842,2.960582017,2.400000000,3.300000000,standard_control_clear_3p3,0.508903887,0.853886705
10.640514934,9.091368104,2.151160313,1.809569157,0.169856764,3.017165460,2.400000000,3.300000000,standard_control_clear_3p3,0.519091397,0.863601802
10.710981921,9.074296013,2.219532238,1.821337475,0.163783073,3.072707105,2.400000000,3.300000000,standard_control_clear_3p3,0.525100466,0.870961085
10.781448907,9.056437787,2.287702941,1.832561671,0.154764799,3.127262459,2.400000000,3.300000000,standard_control_clear_3p3,0.523211991,0.876360607
10.851915893,9.037836910,2.355675607,1.843150910,0.145761177,3.180882270,2.400000000,3.300000000,standard_control_clear_3p3,0.516764999,0.879901048
10.922382880,9.018538637,2.423454163,1.853106502,0.136781016,3.233613081,2.400000000,3.300000000,standard_control_clear_3p3,0.510330016,0.881631550
10.992849866,8.998588238,2.491042547,1.862425036,0.126813835,3.285497693,0.677657138,3.300000000,standard_control_clear_3p3,0.508473582,0.881601750
11.063316852,8.978038865,2.558448926,1.870793672,0.110695771,3.300000000,0.000000000,3.300000000,standard_control_clear_3p3,0.513695689,0.880116909
11.133783839,8.956964423,2.625692605,1.878026210,0.094573403,3.300000000,0.000000000,3.300000000,standard_control_clear_3p3,0.523056050,0.878155237
11.204250825,8.935442189,2.692794698,1.884122787,0.078455921,3.300000000,0.000000000,3.300000000,standard_control_clear_3p3,0.532729738,0.876804371
11.274717811,8.913549452,2.759776331,1.889081444,0.062012563,3.300000000,0.000000000,3.300000000,standard_control_clear_3p3,0.538899889,0.877148943
11.345184798,8.891365294,2.826660611,1.892825791,0.044258477,3.300000000,0.000000000,3.300000000,standard_control_clear_3p3,0.539389724,0.879662389
11.415651784,8.868972767,2.893475024,1.895318933,0.026501983,3.300000000,0.000000000,3.300000000,standard_control_clear_3p3,0.535648114,0.883467007
11.486118770,8.846455455,2.960247644,1.896560820,0.008745344,3.300000000,0.000000000,3.300000000,standard_control_clear_3p3,0.529609338,0.887504203
11.556585757,8.823896990,3.027006560,1.896544331,-0.009655134,3.300000000,0.000000000,3.300000000,standard_control_clear_3p3,0.523196234,0.890726245
11.627052743,8.801384485,3.093780942,1.895166068,-0.029462799,3.300000000,0.000000000,3.300000000,standard_control_clear_3p3,0.517539162,0.892837821
11.697519729,8.779010726,3.160601730,1.892392009,-0.049270631,3.300000000,-1.410535177,3.300000000,standard_control_clear_3p3,0.512474946,0.894771765
11.767986716,8.756869024,3.227500026,1.888222192,-0.069076022,3.269741224,-4.000000000,3.300000000,standard_control_clear_3p3,0.507721156,0.897574140
11.838453702,8.735052924,3.294506877,1.882638345,-0.089980528,3.182368895,-4.000000000,3.300000000,standard_control_clear_3p3,0.502986265,0.902223586
11.908920688,8.713662048,3.361651949,1.875517494,-0.112117508,3.092529045,-4.000000000,3.300000000,standard_control_clear_3p3,0.497743002,0.907951757
11.979387675,8.692802504,3.428963426,1.866836232,-0.134266047,3.000000000,0.000000000,3.000000000,standard,0.491212629,0.912126739
12.049854661,8.672580713,3.496469425,1.856594182,-0.156408962,3.000000000,0.000000000,3.000000000,standard,0.482604156,0.912025855
12.120321647,8.653102997,3.564197262,1.844811504,-0.177726678,3.000000000,0.000000000,3.000000000,standard,0.471299958,0.905326915
12.190788634,8.634474589,3.632165568,1.831546399,-0.198729639,3.000000000,0.000000000,3.000000000,standard,0.458573057,0.894075336
12.261255620,8.616800047,3.700387628,1.816799466,-0.219775200,3.000000000,0.000000000,3.000000000,standard,0.446859525,0.883003315
12.331722606,8.600183925,3.768876649,1.800568780,-0.240816840,3.000000000,0.000000000,3.000000000,standard,0.438612423,0.876882295
12.402189592,8.584731013,3.837643075,1.782870924,-0.261370223,3.000000000,0.000000000,3.000000000,standard,0.435517770,0.879460249
12.472656579,8.570547288,3.906683758,1.763720596,-0.282051290,3.000000000,0.000000000,3.000000000,standard,0.435489915,0.889452561
12.543123565,8.557739090,3.975991383,1.743108734,-0.302839541,3.000000000,0.000000000,3.000000000,standard,0.435285855,0.904030349
12.613590551,8.546412709,4.045558596,1.721042184,-0.321803655,3.000000000,0.000000000,3.000000000,standard,0.431671675,0.920362648
12.684057538,8.536662217,4.115370130,1.697959066,-0.333171430,3.000000000,0.000000000,3.000000000,standard,0.423626142,0.935223419
12.754524524,8.528553804,4.185392646,1.674064404,-0.344807792,3.000000000,-0.368789040,3.000000000,standard,0.415178092,0.944484945
12.824991510,8.522149790,4.255590298,1.649342018,-0.356656635,2.991324973,-1.100921351,3.000000000,standard,0.411057577,0.943894309
12.895458497,8.517511595,4.325927083,1.623867856,-0.362801785,2.965277032,0.468206578,3.000000000,standard,0.415860848,0.929374376
12.965925483,8.514671522,4.396361948,1.598340606,-0.361480778,2.976382719,0.153726441,3.000000000,standard,0.429851370,0.902540245
13.036392469,8.513627121,4.466847813,1.572896609,-0.360425607,2.980020028,0.015615384,3.000000000,standard,0.448120765,0.871801562
13.106859456,8.514373904,4.537337241,1.547517533,-0.359642131,2.980389254,0.832162004,3.000000000,standard,0.465457392,0.845966389
13.177326442,8.516905881,4.607783146,1.522287630,-0.354471569,3.000000000,0.000000000,3.000000000,standard,0.477088159,0.833137435
13.247793428,8.521196875,4.678143100,1.497574409,-0.346717949,3.000000000,2.400000000,3.000000000,standard,0.484138709,0.831929978
13.318260415,8.527206249,4.748378014,1.473400576,-0.339167539,3.055853651,2.113413828,3.300000000,standard_control_clear_3p3,0.491958573,0.834165670
13.388727401,8.534893055,4.818448872,1.449750810,-0.331858925,3.104205751,2.045620492,3.300000000,standard_control_clear_3p3,0.505989099,0.831518482
13.459194387,8.544215268,4.888317734,1.426675452,-0.322314304,3.150300107,2.328995545,3.300000000,standard_control_clear_3p3,0.530771215,0.816824186
13.529661374,8.555122119,4.957955395,1.404315268,-0.312144512,3.201972105,2.400000000,3.300000000,standard_control_clear_3p3,0.563533768,0.792353217
13.600128360,8.567558591,5.027336899,1.382666952,-0.302118389,3.254361211,2.122505322,3.300000000,standard_control_clear_3p3,0.597952145,0.764960986
13.670595346,8.581469641,5.096437318,1.361719260,-0.292276704,3.300000000,0.000000000,3.300000000,standard_control_clear_3p3,0.627678127,0.741533362
13.741062333,8.596799735,5.165233260,1.341499463,-0.281302933,3.300000000,0.000000000,3.300000000,standard_control_clear_3p3,0.647571949,0.727764773
13.811529319,8.613490463,5.233710425,1.322064277,-0.270194963,3.300000000,0.000000000,3.300000000,standard_control_clear_3p3,0.659642850,0.722301283
13.881996305,8.631482356,5.301857845,1.303408819,-0.259180343,3.300000000,0.000000000,3.300000000,standard_control_clear_3p3,0.668519367,0.721206532
13.952463292,8.650715945,5.369664559,1.285525630,-0.248291862,3.300000000,0.000000000,3.300000000,standard_control_clear_3p3,0.678833983,0.720540270
14.022930278,8.671131367,5.437121421,1.268447322,-0.236272678,3.300000000,0.000000000,3.300000000,standard_control_clear_3p3,0.694099749,0.717065458
14.093397264,8.692666885,5.504227933,1.252220785,-0.224204102,3.300000000,0.000000000,3.300000000,standard_control_clear_3p3,0.712507516,0.710888398
14.163864250,8.715260207,5.570986163,1.236842962,-0.212190726,3.300000000,0.000000000,3.300000000,standard_control_clear_3p3,0.730668110,0.703107942
14.234331237,8.738849040,5.637398177,1.222309372,-0.200246820,3.300000000,0.000000000,3.300000000,standard_control_clear_3p3,0.745192103,0.694823101
14.304798223,8.763370068,5.703468359,1.208689930,-0.186259275,3.300000000,2.400000000,3.300000000,standard_control_clear_3p3,0.753835177,0.687144358
14.375265209,8.788755931,5.769210225,1.196056481,-0.172274203,3.350856836,2.400000000,3.500000000,standard_control_clear_3p5,0.758872757,0.681227465
14.445732196,8.814938272,5.834639545,1.184407759,-0.158314151,3.400953259,2.400000000,3.500000000,standard_control_clear_3p5,0.763695233,0.678239339
14.516199182,8.841848733,5.899772091,1.173741794,-0.144326994,3.450322391,2.400000000,3.500000000,standard_control_clear_3p5,0.771692512,0.679346523
14.586666168,8.869418788,5.964625600,1.164092321,-0.129528776,3.498995018,0.049908931,3.500000000,standard_control_clear_3p5,0.784849127,0.684617939
14.657133155,8.897579377,6.029224092,1.155485977,-0.114727533,3.500000000,0.000000000,3.500000000,standard_control_clear_3p5,0.800658482,0.690614861
14.727600141,8.926261329,6.093592839,1.147922433,-0.099934625,3.500000000,0.000000000,3.500000000,standard_control_clear_3p5,0.815718756,0.693199383
14.798067127,8.955395440,6.157757137,1.141411311,-0.083444632,3.500000000,0.000000000,3.500000000,standard_control_clear_3p5,0.826634837,0.688242990
14.868534114,8.984901329,6.221749332,1.136402974,-0.058700631,3.500000000,0.000000000,3.500000000,standard_control_clear_3p5,0.832115588,0.674563886
14.939001100,9.014671607,6.285618810,1.133138493,-0.033952165,3.500000000,0.000000000,3.500000000,standard_control_clear_3p5,0.835953741,0.658100476
15.009468086,9.044594889,6.349417477,1.131617936,-0.009204347,3.500000000,0.000000000,3.500000000,standard_control_clear_3p5,0.842694652,0.645845245
15.079935073,9.074559689,6.413197285,1.131856540,0.016964526,3.500000000,0.000000000,3.500000000,standard_control_clear_3p5,0.856829020,0.644723487
15.150402059,9.104447019,6.477013355,1.134088206,0.046374326,3.500000000,0.000000000,3.500000000,standard_control_clear_3p5,0.878786855,0.656668137
15.220869045,9.134125348,6.540926114,1.138392363,0.075785964,3.500000000,0.000000000,3.500000000,standard_control_clear_3p5,0.902208079,0.675264155
15.291336032,9.163461952,6.604996491,1.144768958,0.105191356,3.500000000,-1.649908909,3.500000000,standard_control_clear_3p5,0.920086436,0.693302073
15.361803018,9.192324356,6.669285044,1.153183210,0.132543801,3.466622533,-4.000000000,3.500000000,standard_control_clear_3p5,0.925676685,0.703765932
15.432270004,9.220586533,6.733842623,1.163409751,0.157688341,3.384336847,-4.000000000,3.500000000,standard_control_clear_3p5,0.918978026,0.704640063
15.502736991,9.248129323,6.798709744,1.175409549,0.182866622,3.300000000,0.000000000,3.300000000,standard_control_clear_3p3,0.907173505,0.699234854
15.573203977,9.274833900,6.863926420,1.189184003,0.208043871,3.300000000,0.000000000,3.300000000,standard_control_clear_3p3,0.897795172,0.691119442
15.643670963,9.300582865,6.929531076,1.204611960,0.228114144,3.300000000,0.000000000,3.300000000,standard_control_clear_3p3,0.897764696,0.683620533
15.714137950,9.325275050,6.995544073,1.221313076,0.245825545,3.300000000,0.000000000,3.300000000,standard_control_clear_3p3,0.907066738,0.677309576
15.784604936,9.348819580,7.061974311,1.239266050,0.263634356,3.300000000,0.000000000,3.300000000,standard_control_clear_3p3,0.921284672,0.671009904
15.855071922,9.371125746,7.128830508,1.258476148,0.281487342,3.300000000,0.000000000,3.300000000,standard_control_clear_3p3,0.935931777,0.663517015
15.925538909,9.392107789,7.196118074,1.278669310,0.290415563,3.300000000,-1.122077036,3.300000000,standard_control_clear_3p3,0.946978303,0.653888570
15.996005895,9.411708714,7.263823179,1.299415047,0.298256387,3.275951957,-2.033578323,3.300000000,standard_control_clear_3p3,0.953051030,0.642706308
16.066472881,9.429881900,7.331925061,1.320719002,0.306251798,3.231912894,-1.807274875,3.300000000,standard_control_clear_3p3,0.953734222,0.631101284
16.136939867,9.446580739,7.400402947,1.342589499,0.313746716,3.192264796,0.384152394,3.300000000,standard_control_clear_3p3,0.948613506,0.620205323
16.207406854,9.461767769,7.469233117,1.364656695,0.312414040,3.200733455,0.268657050,3.300000000,standard_control_clear_3p3,0.937651237,0.611309278
16.277873840,9.475435658,7.538382137,1.386636072,0.311245868,3.206642724,0.175163841,3.300000000,standard_control_clear_3p3,0.922050851,0.606227912
16.348340826,9.487583272,7.607814575,1.408539113,0.310247101,3.210489697,0.456408518,3.300000000,standard_control_clear_3p3,0.903270990,0.606883718
16.418807813,9.498209530,7.677495002,1.430367235,0.308113484,3.220491820,1.729752026,3.300000000,standard_control_clear_3p3,0.882768765,0.615189641
16.489274799,9.507322138,7.747388266,1.451853131,0.301552793,3.258120376,1.621543253,3.300000000,standard_control_clear_3p3,0.861755217,0.631524107
16.559741785,9.514947185,7.817459796,1.472880744,0.295111851,3.293004542,0.327253135,3.300000000,standard_control_clear_3p3,0.840926663,0.653055689
16.630208772,9.521113067,7.887675094,1.493459417,0.288816235,3.300000000,0.000000000,3.300000000,standard_control_clear_3p3,0.820914802,0.676549967
16.700675758,9.525848284,7.957999719,1.513587331,0.281676193,3.300000000,0.000000000,3.300000000,standard_control_clear_3p3,0.802348714,0.698795002
16.771142744,9.529187005,8.028402334,1.533124594,0.272717697,3.300000000,0.000000000,3.300000000,standard_control_clear_3p3,0.785714047,0.717811986
16.841609731,9.531171889,8.098856256,1.552033054,0.263838176,3.300000000,0.000000000,3.300000000,standard_control_clear_3p3,0.771281529,0.733469747
16.912076717,9.531846294,8.169335181,1.570319356,0.255066362,3.300000000,0.000000000,3.300000000,standard_control_clear_3p3,0.759304244,0.745788825
16.982543703,9.531253706,8.239812947,1.587978687,0.245597480,3.300000000,0.000000000,3.300000000,standard_control_clear_3p3,0.750002770,0.754838865
17.053010690,9.529441635,8.310267751,1.604918839,0.235123482,3.300000000,0.000000000,3.300000000,standard_control_clear_3p3,0.742578131,0.762229545
17.123477676,9.526462319,8.380682914,1.621122336,0.224697880,3.300000000,0.000000000,3.300000000,standard_control_clear_3p3,0.735033029,0.771380619
17.193944662,9.522368267,8.451042050,1.636593474,0.214345225,3.300000000,0.000000000,3.300000000,standard_control_clear_3p3,0.725301612,0.785815394
17.264411649,9.517212329,8.521329026,1.651307489,0.202400855,3.300000000,0.000000000,3.300000000,standard_control_clear_3p3,0.711432704,0.808863071
17.334878635,9.511054857,8.591533274,1.665094280,0.188857624,3.300000000,2.400000000,3.300000000,standard_control_clear_3p3,0.694000555,0.839578309
17.405345621,9.503963526,8.661649656,1.677927242,0.175334845,3.350856836,2.400000000,3.500000000,standard_control_clear_3p5,0.676044059,0.872844103
17.475812608,9.496006314,8.731673261,1.689808544,0.161852414,3.400953259,2.400000000,3.500000000,standard_control_clear_3p5,0.660704630,0.903369920
17.546279594,9.487251128,8.801599453,1.700743936,0.148556660,3.450322391,2.400000000,3.500000000,standard_control_clear_3p5,0.650960011,0.926088690
17.616746580,9.477764624,8.871428236,1.710748020,0.135365219,3.498995018,0.049908931,3.500000000,standard_control_clear_3p5,0.647049771,0.939671817
17.687213567,9.467612432,8.941163452,1.719822532,0.122176777,3.500000000,0.000000000,3.500000000,standard_control_clear_3p5,0.646947177,0.945884920
17.757680553,9.456860145,9.010809057,1.727968109,0.109001623,3.500000000,0.000000000,3.500000000,standard_control_clear_3p5,0.648557258,0.946586783
17.828147539,9.445571170,9.080368833,1.735331692,0.102323089,3.500000000,0.000000000,3.500000000,standard_control_clear_3p5,0.649891073,0.943739799
17.898614525,9.433780710,9.149844293,1.742435944,0.099304682,3.500000000,0.000000000,3.500000000,standard_control_clear_3p5,0.650323983,0.940639569
17.969081512,9.421504390,9.219235374,1.749327484,0.096286821,3.500000000,0.000000000,3.500000000,standard_control_clear_3p5,0.650178428,0.941507185
18.039548498,9.408757443,9.288541983,1.756006463,0.093271030,3.500000000,0.000000000,3.500000000,standard_control_clear_3p5,0.649795928,0.950582387
18.110015484,9.395550427,9.357763025,1.762758679,0.101635745,3.500000000,-3.258187731,3.500000000,standard_control_clear_3p5,0.649543111,0.971398632
18.180482471,9.381847686,9.426887519,1.770377713,0.114601165,3.433774986,-4.000000000,3.500000000,standard_control_clear_3p5,0.650034795,1.000506875
18.250949457,9.367587208,9.495898842,1.778910568,0.127570146,3.350682731,-4.000000000,3.500000000,standard_control_clear_3p5,0.652027373,1.030475154
18.321416443,9.352706668,9.564780308,1.788357325,0.140531811,3.265476823,-4.000000000,3.500000000,standard_control_clear_3p5,0.656278886,1.053825072
18.391883430,9.337137087,9.633512740,1.799104012,0.167617641,3.177987253,-4.000000000,3.300000000,standard_control_clear_3p3,0.663341159,1.064164055
18.462350416,9.320756339,9.702057094,1.812016362,0.198827478,3.088019931,-4.000000000,3.300000000,standard_control_clear_3p3,0.672120347,1.063764579
18.532817402,9.303416851,9.770364818,1.827129100,0.230052708,2.995351600,-4.000000000,3.300000000,standard_control_clear_3p3,0.680734597,1.059048278
18.603284389,9.284970892,9.838387296,1.844441890,0.261207118,2.899723316,-4.000000000,3.300000000,standard_control_clear_3p3,0.687297121,1.056462771
18.673751375,9.265260308,9.906068621,1.864596228,0.315372187,2.800831916,-4.000000000,3.300000000,standard_control_clear_3p3,0.690395138,1.061609562
18.744218361,9.244048629,9.973298067,1.888959895,0.375869076,2.698318650,-4.000000000,3.000000000,standard,0.692177633,1.073732333
18.814685348,9.221063775,10.039939985,1.917595095,0.436496765,2.591753777,-4.000000000,3.000000000,standard,0.696413189,1.089183744
18.885152334,9.196033488,10.105858600,1.950500734,0.496661020,2.480615196,-4.000000000,3.000000000,standard,0.706878542,1.104301906
18.955619320,9.168686444,10.170908340,1.987828256,0.563670917,2.364257994,-4.000000000,3.000000000,standard,0.727207238,1.115687067
19.026086307,9.138760953,10.234842759,2.030168959,0.636258599,2.241869748,-3.672910804,3.000000000,standard,0.759558437,1.122638637
19.096553293,9.106000998,10.297356021,2.077702303,0.710834781,2.123285675,-3.224522773,3.000000000,standard,0.805223223,1.126045213
19.167020279,9.070150634,10.358141525,2.130521745,0.785813906,2.013429228,-1.830754037,3.000000000,standard,0.865481530,1.126815807
19.237487266,9.030957718,10.416892226,2.188328906,0.838598791,1.948302290,-0.667530230,3.000000000,standard,0.941400196,1.125854107
19.307954252,8.988311628,10.473284565,2.248546611,0.865611856,1.924007310,-1.009608680,3.000000000,standard,1.026112088,1.123865467
19.378421238,8.942282051,10.526973933,2.310904082,0.898525798,1.886667953,-0.987223340,3.000000000,standard,1.102641600,1.121302552
19.448888225,8.892950373,10.577614360,2.375750232,0.936355439,1.849427657,-1.110583644,3.000000000,standard,1.153357119,1.118601629
19.519355211,8.840397983,10.624859871,2.443379074,0.977738172,1.806616643,0.837559683,3.000000000,standard,1.160627033,1.116198964
19.589822197,8.784741752,10.668405725,2.511525158,0.945366031,1.838995461,0.942218883,3.000000000,standard,1.112095783,1.114449495
19.660289184,8.726275865,10.708153219,2.577113166,0.910476387,1.874751972,0.874690914,3.000000000,standard,1.021774036,1.113301732
19.730756170,8.665349786,10.744067879,2.640422424,0.880448654,1.907345963,0.596115910,3.000000000,standard,0.911891899,1.112577484
19.801223156,8.602312998,10.776115255,2.701800460,0.856224714,1.929243791,1.266333760,3.000000000,standard,0.804682171,1.112098518
19.871690142,8.537513789,10.804264950,2.761303179,0.816242910,1.974955962,2.400000000,3.000000000,standard,0.721946423,1.111659053
19.942157129,8.471260947,10.828620873,2.816499597,0.747334954,2.058808537,2.400000000,3.000000000,standard,0.671199338,1.110140619
20.012624115,8.403815587,10.849449018,2.866830063,0.678769851,2.139377041,2.400000000,3.000000000,standard,0.642714386,1.105323327
20.083091101,8.335435980,10.867025045,2.912392359,0.612231253,2.217019543,2.400000000,3.000000000,standard,0.625736393,1.094921573
20.153558088,8.266380373,10.881624621,2.953345631,0.548554760,2.292033419,2.400000000,3.000000000,standard,0.609512224,1.076650503
20.224025074,8.196870377,10.893531747,2.989775953,0.484327874,2.364668841,2.400000000,3.000000000,standard,0.586634634,1.049454012
20.294492060,8.127016325,10.903055725,3.021635025,0.419395716,2.435138653,2.400000000,3.000000000,standard,0.559857567,1.016007610
20.364959047,8.056907510,10.910510644,3.048917455,0.354569901,2.503625730,2.400000000,3.000000000,standard,0.533856738,0.979692561
20.435426033,7.986633220,10.916210594,3.071646462,0.290266117,2.570288569,2.400000000,3.300000000,standard_control_clear_3p3,0.513307861,0.943890127
20.505893019,7.916272419,10.920445662,3.090947354,0.258747086,2.635265615,2.400000000,3.300000000,standard_control_clear_3p3,0.501782411,0.911642821
20.576360006,7.845856972,10.923396482,3.108120959,0.228588388,2.698678640,2.400000000,3.300000000,standard_control_clear_3p3,0.497816456,0.884448434
20.646826992,7.775405330,10.925212507,3.123167581,0.198418294,2.760635422,2.400000000,3.300000000,standard_control_clear_3p3,0.498511545,0.863364684
20.717293978,7.704935938,10.926043186,3.136089484,0.168304276,2.821231906,2.400000000,3.500000000,standard_control_clear_3p5,0.500969125,0.849449258
20.787760965,7.634465160,10.926030967,-3.135978641,0.147738478,2.880553940,2.400000000,3.500000000,standard_control_clear_3p5,0.502773003,0.843180421
20.858227951,7.563999464,10.925285092,-3.126272623,0.127726669,2.938678706,2.400000000,3.500000000,standard_control_clear_3p5,0.503793439,0.842289889
20.928694937,7.493542392,10.923904977,-3.117976609,0.107721127,2.995675895,2.400000000,3.500000000,standard_control_clear_3p5,0.504577483,0.843696405
20.999161924,7.423097485,10.921990036,-3.111089797,0.087732822,3.051608691,2.400000000,3.500000000,standard_control_clear_3p5,0.505672288,0.844318585
21.069628910,7.352667835,10.919626538,-3.105044121,0.084092895,3.106534587,2.400000000,3.500000000,standard_control_clear_3p5,0.507494489,0.841942653
21.140095896,7.282254651,10.916845774,-3.099237882,0.080697166,3.160506078,2.400000000,3.500000000,standard_control_clear_3p5,0.509914801,0.837983819
21.210562883,7.211858654,10.913664657,-3.093671008,0.077300111,3.213571255,2.400000000,3.500000000,standard_control_clear_3p5,0.512661223,0.834805973
21.281029869,7.141480563,10.910100104,-3.088342115,0.074724998,3.265774294,2.400000000,3.500000000,standard_control_clear_3p5,0.515461777,0.834772935
21.351496855,7.071122347,10.906152625,-3.082586527,0.088627237,3.317155901,2.400000000,3.500000000,standard_control_clear_3p5,0.518271369,0.839443448
21.421963842,7.000790310,10.901765813,-3.075851055,0.102534996,3.367753675,2.400000000,3.500000000,standard_control_clear_3p5,0.521832128,0.847582938
21.492430828,6.930491698,10.896870926,-3.068135476,0.116442091,3.417602426,2.400000000,3.500000000,standard_control_clear_3p5,0.527056800,0.857351411
21.562897814,6.860233756,10.891399215,-3.059437001,0.131201106,3.466734469,-0.364732703,3.500000000,standard_control_clear_3p5,0.534857606,0.866909190
21.633364800,6.790026854,10.885272484,-3.049388112,0.153986843,3.459312742,-4.000000000,3.500000000,standard_control_clear_3p5,0.545393995,0.874868926
21.703831787,6.719890712,10.878384234,-3.037731873,0.176814085,3.376848938,-4.000000000,3.500000000,standard_control_clear_3p5,0.556570881,0.881197987
21.774298773,6.649846793,10.870622693,-3.024466297,0.199657119,3.292320286,-4.000000000,3.300000000,standard_control_clear_3p3,0.565872900,0.886116280
21.844765759,6.579916567,10.861876083,-3.009588902,0.223013742,3.205563441,-4.000000000,3.300000000,standard_control_clear_3p3,0.570786347,0.889844023
21.915232746,6.510127120,10.852027884,-2.992896709,0.250672667,3.116392318,-4.000000000,3.300000000,standard_control_clear_3p3,0.570352848,0.892893680
21.985699732,6.440521574,10.840948036,-2.974249867,0.278459572,3.024593393,-4.000000000,3.300000000,standard_control_clear_3p3,0.568054247,0.896612019
22.056166718,6.371145893,10.828504079,-2.953642071,0.306287119,2.929919676,-4.000000000,3.300000000,standard_control_clear_3p3,0.568159594,0.902493724
22.126633705,6.302046051,10.814563539,-2.931065295,0.336290816,2.832082875,-4.000000000,3.300000000,standard_control_clear_3p3,0.574937261,0.912033047
22.197100691,6.233285319,10.798969267,-2.905447421,0.390478028,2.730743035,-4.000000000,3.000000000,standard,0.591314822,0.925878055
22.267567677,6.164980391,10.781487889,-2.875987881,0.445211053,2.625494550,-4.000000000,3.000000000,standard,0.616078479,0.942063155
22.338034664,6.097258244,10.761871358,-2.842661527,0.500060257,2.515846922,-4.000000000,3.000000000,standard,0.647217339,0.958119703
22.408501650,6.030245857,10.739871631,-2.805470345,0.554294868,2.401197586,-4.000000000,3.000000000,standard,0.682720507,0.971579052
22.478968636,5.964095857,10.715244692,-2.764212716,0.615243547,2.280792398,-3.495305592,3.000000000,standard,0.720739492,0.980664390
22.549435623,5.899068031,10.687763364,-2.718533138,0.679173742,2.170116737,-2.893325657,3.000000000,standard,0.760104278,0.986489212
22.619902609,5.835450147,10.657204866,-2.668277126,0.745044596,2.074039242,-2.674511872,3.000000000,standard,0.799822002,0.990921692
22.690369595,5.773529973,10.623346417,-2.613350535,0.811230725,1.981087882,-0.720348833,3.000000000,standard,0.838899803,0.995830004
22.760836582,5.713594996,10.585989672,-2.554885908,0.834916152,1.955297310,-0.421844681,3.000000000,standard,0.876414497,1.002804381
22.831303568,5.655930403,10.545136603,-2.495353430,0.850455210,1.940034877,-0.592589231,3.000000000,standard,0.912014087,1.011156603
22.901770554,5.600820255,10.500887308,-2.434551161,0.870586733,1.918389786,-0.863278992,3.000000000,standard,0.945626363,1.019082366
22.972237541,5.548548604,10.453342556,-2.372194752,0.894703954,1.886413007,-0.001481380,3.000000000,standard,0.977181038,1.024769717
23.042704527,5.499395932,10.402606080,-2.308472892,0.894131903,1.886357669,1.148313049,3.000000000,standard,1.006523798,1.026458146
23.113171513,5.453536117,10.348870011,-2.246464544,0.861527823,1.928777223,0.882441715,3.000000000,standard,1.030991811,1.023923111
23.183638500,5.411020743,10.292427893,-2.186638375,0.832114045,1.960751793,0.848970893,3.000000000,standard,1.045044636,1.018702016
23.254105486,5.371894671,10.233578847,-2.128747277,0.806778520,1.991028988,0.832240409,3.000000000,standard,1.042983562,1.012429177
23.324572472,5.336202718,10.172621984,-2.072521046,0.782549018,2.020269135,2.230206862,3.000000000,standard,1.019112882,1.006738531
23.395039459,5.303938915,10.109844899,-2.019187767,0.728371932,2.096616153,2.400000000,3.000000000,standard,0.971399319,1.002799839
23.465506445,5.274947781,10.045501285,-1.969692761,0.674284018,2.175785106,2.400000000,3.000000000,standard,0.908591553,1.000416370
23.535973431,5.249046458,9.979838625,-1.923963162,0.621633836,2.252172809,2.400000000,3.000000000,standard,0.841412465,0.999141185
23.606440417,5.226052088,9.913104405,-1.881873692,0.571311167,2.326053287,2.400000000,3.000000000,standard,0.780584941,0.998527342
23.676907404,5.205782089,9.845533752,-1.843082034,0.529506711,2.397658322,2.400000000,3.000000000,standard,0.735491088,0.998093883
23.747374390,5.188055757,9.777278250,-1.807173284,0.488832917,2.467186042,2.400000000,3.000000000,standard,0.706447929,0.997129835
23.817841376,5.172693161,9.708454880,-1.774129734,0.448378761,2.534807388,2.400000000,3.000000000,standard,0.690017768,0.994828957
23.888308363,5.159514374,9.639180511,-1.743919048,0.408554913,2.600671074,2.400000000,3.000000000,standard,0.682750890,0.990384702
23.958775349,5.148341147,9.569568954,-1.716357887,0.375302929,2.664907422,2.400000000,3.000000000,standard,0.681274249,0.983141267
24.029242335,5.139015203,9.499697628,-1.690968069,0.345044644,2.727631408,2.400000000,3.000000000,standard,0.683126800,0.974235856
24.099709322,5.131391365,9.429620078,-1.667709762,0.314861971,2.788945076,2.400000000,3.000000000,standard,0.686445844,0.965982047
24.170176308,5.125324685,9.359389432,-1.646571528,0.284906379,2.848939482,2.400000000,3.000000000,standard,0.689379116,0.960713924
24.240643294,5.120671668,9.289057704,-1.627426709,0.260518226,2.907696288,2.400000000,3.000000000,standard,0.690177925,0.960556621
24.311110281,5.117311642,9.218659429,-1.609794092,0.239841063,2.965289065,1.469204030,3.000000000,standard,0.688719500,0.964355250
24.381577267,5.115142063,9.148215252,-1.593618929,0.219177049,3.000000000,0.000000000,3.000000000,standard,0.686172806,0.968349056
24.452044253,5.114060891,9.077745437,-1.578897981,0.198578578,3.000000000,0.000000000,3.000000000,standard,0.683742438,0.968705404
24.522511240,5.113967890,9.007269822,-1.565496671,0.184246070,3.000000000,0.000000000,3.000000000,standard,0.682575920,0.961861429
24.592978226,5.114790518,8.936801718,-1.552868151,0.174145394,3.000000000,0.000000000,3.000000000,standard,0.682946561,0.948386563
24.663445212,5.116477885,8.866349338,-1.540951279,0.164054266,3.000000000,0.000000000,3.000000000,standard,0.684444180,0.932080990
24.733912199,5.118979675,8.795920756,-1.529744746,0.153986551,3.000000000,0.000000000,3.000000000,standard,0.686640399,0.916830926
24.804379185,5.122247172,8.725523969,-1.519143170,0.148435517,3.000000000,0.000000000,3.000000000,standard,0.689159100,0.906244119
24.874846171,5.126251066,8.655165996,-1.508794424,0.145264292,3.000000000,0.000000000,3.000000000,standard,0.692258649,0.900547640
24.945313158,5.130974967,8.584853211,-1.498668733,0.142107856,3.000000000,0.000000000,3.000000000,standard,0.696619917,0.897717340
25.015780144,5.136402720,8.514591974,-1.488764978,0.138969044,3.000000000,0.000000000,3.000000000,standard,0.702931437,0.895688270
25.086247130,5.142515437,8.444388154,-1.479240518,0.129784540,3.000000000,0.000000000,3.000000000,standard,0.711647609,0.892522307
25.156714117,5.149269841,8.374243244,-1.470492308,0.118499452,3.000000000,0.000000000,3.000000000,standard,0.721133535,0.887413094
25.227181103,5.156609840,8.304156436,-1.462539037,0.107222268,3.000000000,0.000000000,3.000000000,standard,0.728656312,0.880149060
25.297648089,5.164479227,8.234126900,-1.455380002,0.095958619,3.000000000,0.000000000,3.000000000,standard,0.731473275,0.870523920
25.368115075,5.172823339,8.164153564,-1.448937746,0.087307425,3.000000000,0.000000000,3.000000000,standard,0.727651988,0.858600275
25.438582062,5.181597700,8.094233748,-1.443072203,0.079165621,3.000000000,0.000000000,3.000000000,standard,0.720605433,0.846214688
25.509049048,5.190761962,8.024364117,-1.437780404,0.071024488,3.000000000,0.000000000,3.000000000,standard,0.715912197,0.835922410
25.579516034,5.200275790,7.954541336,-1.433062216,0.062886126,3.000000000,0.000000000,3.000000000,standard,0.719157015,0.830280732
25.649983021,5.210099278,7.884761898,-1.428898830,0.055321723,3.000000000,0.000000000,3.000000000,standard,0.734430007,0.831010601
25.720450007,5.220194699,7.815021415,-1.425265338,0.047803701,3.000000000,0.000000000,3.000000000,standard,0.758308016,0.835628757
25.790916993,5.230525007,7.745315227,-1.422161607,0.040286135,3.000000000,0.000000000,3.000000000,standard,0.785012180,0.840333749
25.861383980,5.241053156,7.675638672,-1.419587587,0.032772463,3.000000000,0.000000000,3.000000000,standard,0.808762809,0.841323667
25.931850966,5.251742636,7.605986995,-1.417521383,0.025870457,3.000000000,0.000000000,3.000000000,standard,0.825242795,0.835843468
26.002317952,5.262559053,7.536355060,-1.415941562,0.018968113,3.000000000,0.000000000,3.000000000,standard,0.835902802,0.825266486
26.072784939,5.273468533,7.466737638,-1.414848131,0.012065721,3.000000000,0.000000000,3.000000000,standard,0.843615082,0.811983581
26.143251925,5.284437203,7.397129501,-1.414240830,0.005256683,3.000000000,0.000000000,3.000000000,standard,0.851251574,0.798385368
26.213718911,5.295432406,7.327525584,-1.414071979,-0.000464338,3.000000000,0.000000000,3.000000000,standard,0.860884871,0.786237866
26.284185898,5.306425326,7.257921338,-1.414306271,-0.006185371,3.000000000,0.000000000,3.000000000,standard,0.872061170,0.775333013
26.354652884,5.317387906,7.188312317,-1.414943707,-0.011906395,3.000000000,0.000000000,3.000000000,standard,0.883828759,0.765073688
26.425119870,5.328292092,7.118694073,-1.415983044,-0.017392591,3.000000000,0.000000000,3.000000000,standard,0.895236878,0.754863217
26.495586857,5.339111746,7.049062547,-1.417355096,-0.021549047,3.000000000,0.000000000,3.000000000,standard,0.905759856,0.744304757
26.566053843,5.349825652,6.979414664,-1.419020046,-0.025705642,3.000000000,0.000000000,3.000000000,standard,0.915964694,0.733515121
26.636520829,5.360413377,6.909747510,-1.420977902,-0.029862287,3.000000000,0.000000000,3.000000000,standard,0.926591532,0.722692510
26.706987816,5.370854493,6.840058170,-1.423227537,-0.033875424,3.000000000,0.000000000,3.000000000,standard,0.938375045,0.712034767
26.777454802,5.381129488,6.770344015,-1.425738457,-0.037389485,3.000000000,0.000000000,3.000000000,standard,0.951171409,0.701681490
26.847921788,5.391220772,6.700603012,-1.428497020,-0.040903966,3.000000000,0.000000000,3.000000000,standard,0.962999002,0.691650439
26.918388775,5.401110995,6.630833203,-1.431503248,-0.044418631,3.000000000,0.000000000,3.000000000,standard,0.971645446,0.681944076
26.988855761,5.410782754,6.561032626,-1.434764339,-0.048602544,3.000000000,0.000000000,3.000000000,standard,0.974924897,0.672564826
27.059322747,5.420214814,6.491199082,-1.438390466,-0.054313714,3.000000000,0.000000000,3.000000000,standard,0.972626381,0.663512457
27.129789734,5.429379524,6.421329975,-1.442419085,-0.060025933,3.000000000,0.000000000,3.000000000,standard,0.967842926,0.654782292
27.200256720,5.438248622,6.351422669,-1.446850248,-0.065738303,3.000000000,0.000000000,3.000000000,standard,0.963982198,0.646369229
27.270723706,5.446793802,6.281474546,-1.451688266,-0.071755750,3.000000000,0.000000000,3.000000000,standard,0.964388033,0.638265270
27.341190692,5.454985098,6.211483629,-1.456973066,-0.078235059,3.000000000,0.000000000,3.000000000,standard,0.969927460,0.630350085
27.411657679,5.462790384,6.141448770,-1.462714603,-0.084718715,3.000000000,0.000000000,3.000000000,standard,0.978252737,0.622357536
27.482124665,5.470177392,6.071368875,-1.468913111,-0.091204923,3.000000000,0.000000000,3.000000000,standard,0.986801544,0.614011754
27.552591651,5.477114527,6.001242947,-1.475511650,-0.094502556,3.000000000,0.000000000,3.000000000,standard,0.993125781,0.605080683
27.623058638,5.483585163,5.931072035,-1.482178551,-0.094714094,3.000000000,0.000000000,3.000000000,standard,0.997309524,0.596303581
27.693525624,5.489587333,5.860859201,-1.488860558,-0.094930451,3.000000000,0.000000000,3.000000000,standard,1.001917394,0.589371209
27.763992610,5.495119685,5.790607588,-1.495557998,-0.095151541,3.000000000,0.000000000,3.000000000,standard,1.009617907,0.586014182
27.834459597,5.500180333,5.720320314,-1.502308179,-0.097081296,3.000000000,0.000000000,3.000000000,standard,1.022842064,0.587829671
27.904926583,5.504759876,5.650000145,-1.509255001,-0.100078469,3.000000000,0.000000000,3.000000000,standard,1.040683554,0.594539761
27.975393569,5.508843368,5.579649581,-1.516413184,-0.103080147,3.000000000,0.000000000,3.000000000,standard,1.059773433,0.604482908
28.045860556,5.512415737,5.509271120,-1.523783019,-0.106084851,3.000000000,0.000000000,3.000000000,standard,1.076685265,0.615965260
28.116327542,5.515460556,5.438867322,-1.531445300,-0.112307031,3.000000000,0.000000000,3.000000000,standard,1.088236113,0.627413846
28.186794528,5.517948005,5.368441412,-1.539625063,-0.119843218,3.000000000,0.000000000,3.000000000,standard,1.093659132,0.638455100
28.257261515,5.519840597,5.297996989,-1.548336173,-0.127386134,3.000000000,0.000000000,3.000000000,standard,1.093569597,0.649401569
28.327728501,5.521100759,5.227537661,-1.557579007,-0.134929910,3.000000000,0.000000000,3.000000000,standard,1.088599037,0.660573874
28.398195487,5.521688559,5.157067524,-1.567481633,-0.147119819,3.000000000,0.000000000,3.000000000,standard,1.079419253,0.672283639
28.468662474,5.521545641,5.086594538,-1.578325761,-0.160635876,3.000000000,0.000000000,3.000000000,standard,1.067017379,0.684772060
28.539129460,5.520604959,5.016128481,-1.590123197,-0.174175147,3.000000000,0.000000000,3.000000000,standard,1.052529136,0.698247150
28.609596446,5.518799420,4.945679140,-1.602875114,-0.187719025,3.000000000,0.000000000,3.000000000,standard,1.037091113,0.712916725
28.680063433,5.516058005,4.875257461,-1.616789561,-0.208514494,3.000000000,-0.261117656,3.000000000,standard,1.021686933,0.728522105
28.750530419,5.512281919,4.804882572,-1.632278280,-0.231034464,2.993860326,-4.000000000,3.000000000,standard,1.006217705,0.741503281
28.820997405,5.507360382,4.734577135,-1.649355573,-0.253574247,2.898182838,-4.000000000,3.000000000,standard,0.990117517,0.746875982
28.891464392,5.501182569,4.664363822,-1.668021921,-0.276057989,2.799237015,-4.000000000,3.000000000,standard,0.972818617,0.739650324
28.961931378,5.493618328,4.594271607,-1.689348757,-0.337176294,2.696663119,-4.000000000,3.000000000,standard,0.953914312,0.716279073
29.032398364,5.484389413,4.524377720,-1.715653850,-0.409103497,2.590030133,-4.000000000,3.000000000,standard,0.934232078,0.684269735
29.102865350,5.473149089,4.454781715,-1.747036102,-0.481118887,2.478814274,-4.000000000,3.000000000,standard,0.915170182,0.656242509
29.173332337,5.459550246,4.385583265,-1.783487255,-0.552332239,2.362368368,-4.000000000,3.000000000,standard,0.898129983,0.644845297
29.243799323,5.443245401,4.316892281,-1.825141294,-0.630906677,2.239876876,-4.000000000,3.000000000,standard,0.884433989,0.661718992
29.314266309,5.423882139,4.248952850,-1.872770518,-0.718068788,2.110287310,-3.485978573,3.000000000,standard,0.874371521,0.705309306
29.384733296,5.401104577,4.182103394,-1.926672931,-0.808645603,1.990482283,-2.982095313,3.000000000,standard,0.867505446,0.764784192
29.455200282,5.374556760,4.116684300,-1.987011465,-0.900289903,1.881951429,-1.883579523,3.000000000,standard,0.863383524,0.829118673
29.525667268,5.343884105,4.053036277,-2.053631397,-0.971042790,1.810049954,-0.403895296,3.000000000,standard,0.861553322,0.887318320
29.596134255,5.308877447,3.991534320,-2.123173240,-0.995545306,1.794257024,-0.799884304,3.000000000,standard,0.861541903,0.931625069
29.666601241,5.269599563,3.932617543,-2.194822678,-1.029178724,1.762562735,-0.794176366,3.000000000,standard,0.862837985,0.960333144
29.737068227,5.226143061,3.876732092,-2.269123464,-1.070600198,1.730520432,-1.069866861,3.000000000,standard,0.864926078,0.972400655
29.807535214,5.178600547,3.824324114,-2.346543287,-1.117893623,1.686392712,0.345829050,3.000000000,standard,0.867290694,0.966785713
29.878002200,5.127086660,3.775819589,-2.425717615,-1.102044655,1.700782008,0.775372133,3.000000000,standard,0.869421283,0.942936407
29.948469186,5.071921627,3.731456300,-2.502469678,-1.066984943,1.732609510,0.547206271,3.000000000,standard,0.870853362,0.904873391
30.018936173,5.013537706,3.691369478,-2.577028651,-1.039456024,1.754723815,0.358827122,3.000000000,standard,0.871147557,0.859108947
30.089403159,4.952368281,3.655693326,-2.649932597,-1.020679042,1.769075069,0.417026314,3.000000000,standard,0.869864744,0.812180419
30.159870145,4.888846634,3.624561629,-2.721690585,-0.999653737,1.785609077,1.838418362,3.000000000,standard,0.866567688,0.770615070
30.230337132,4.823380210,3.598002214,-2.789852084,-0.929261295,1.856743219,1.973334764,3.000000000,standard,0.861301532,0.738366789
30.300804118,4.756316483,3.575797004,-2.853014765,-0.858915056,1.930182708,2.214609747,3.000000000,standard,0.855230905,0.713417193
30.371271104,4.687994446,3.557693124,-2.911324130,-0.791480078,2.009407633,2.400000000,3.000000000,standard,0.849678851,0.692902798
30.441738091,4.618753089,3.543437701,-2.965036221,-0.728813200,2.091879674,0.877680954,3.000000000,standard,0.845968416,0.673960122
30.512205077,4.548916502,3.532796826,-3.015619829,-0.713281230,2.121239174,-0.012396807,3.000000000,standard,0.845237935,0.654121684
30.582672063,4.478686648,3.525692054,-3.065897168,-0.711137593,2.120827316,0.056907963,3.000000000,standard,0.847111840,0.634165780
30.653139050,4.408205674,3.522121085,-3.116021691,-0.709304556,2.122717308,0.281737625,3.000000000,standard,0.850473078,0.616460423
30.723606036,4.337615314,3.522082136,3.117142538,-0.707831249,2.132049524,-0.992086514,3.000000000,standard,0.854199515,0.603384517
30.794073022,4.267059367,3.525577131,3.066803471,-0.730773742,2.099003687,-2.486111340,3.000000000,standard,0.857196778,0.597319690
30.864540009,4.196745440,3.532722628,3.013159187,-0.787833828,2.013812039,-2.013160249,3.000000000,standard,0.859229915,0.600731819
30.935006995,4.126955660,3.543769064,2.955349309,-0.848781301,1.942090692,-1.866500477,3.000000000,standard,0.861067668,0.616185179
31.005473981,4.057976377,3.558974462,2.893163947,-0.911844065,1.873142528,-1.586086922,3.000000000,standard,0.863535618,0.646249620
31.075940967,3.990093939,3.578596839,2.826495911,-0.973722633,1.812492594,-0.465111208,3.000000000,standard,0.867459341,0.693494979
31.146407954,3.923621503,3.602843524,2.756917329,-0.994110024,1.794318654,-0.662792625,3.000000000,standard,0.873296498,0.757852871
31.216874940,3.858974581,3.631728306,2.685531367,-1.023190929,1.768097688,-0.726090554,3.000000000,standard,0.880100048,0.829182289
31.287341926,3.796593107,3.665218793,2.611814685,-1.059771230,1.738918804,-0.958445095,3.000000000,standard,0.886587766,0.894938718
31.357808913,3.736917016,3.703282591,2.535311187,-1.102164688,1.699635588,-0.255989498,3.000000000,standard,0.891477427,0.942577644
31.428275899,3.680383882,3.745882838,2.456156415,-1.115033929,1.688988903,0.653561479,3.000000000,standard,0.893524945,0.959830503
31.498742885,3.627350580,3.792829856,2.378145262,-1.088538567,1.716039781,0.301462314,3.000000000,standard,0.892789888,0.943860988
31.569209872,3.578075152,3.843746812,2.301694740,-1.070301638,1.728374616,0.238240596,3.000000000,standard,0.890928464,0.903384920
31.639676858,3.532809603,3.898245443,2.226229809,-1.061173075,1.738060702,-0.184922395,3.000000000,standard,0.889694378,0.847823505
31.710143844,3.491805937,3.955937487,2.151143899,-1.061656670,1.730547069,1.514401212,3.000000000,standard,0.890841332,0.786597955
31.780610831,3.455273577,4.016431924,2.077909992,-0.993960818,1.791151512,2.374285653,3.000000000,standard,0.895808884,0.728322908
31.851077817,3.423088311,4.079316123,2.010854633,-0.904243670,1.882243674,2.400000000,3.000000000,standard,0.903575372,0.675293823
31.921544803,3.394968661,4.144167268,1.950035923,-0.817027651,1.970046390,2.400000000,3.000000000,standard,0.911958954,0.626827403
31.992011790,3.370632221,4.210562482,1.895188045,-0.735039017,2.054099393,2.400000000,3.000000000,standard,0.918770978,0.582222862
32.062478776,3.349796375,4.278080364,1.845924523,-0.661688119,2.134845627,2.400000000,3.000000000,standard,0.921841508,0.540788912
32.132945762,3.332163813,4.346399689,1.801627736,-0.593485383,2.212647144,2.400000000,3.000000000,standard,0.920271072,0.502478981
32.203412749,3.317413424,4.415361585,1.762213416,-0.524174279,2.287804389,2.400000000,3.000000000,standard,0.915219251,0.468291399
32.273879735,3.305221921,4.484822008,1.727686869,-0.455055159,2.360569942,2.400000000,3.000000000,standard,0.908033679,0.439319924
32.344346721,3.295266075,4.554636944,1.697983844,-0.392094554,2.431158569,2.400000000,3.000000000,standard,0.900061403,0.416657843
32.414813708,3.287271028,4.624684791,1.671179429,-0.368244080,2.499754693,2.400000000,3.000000000,standard,0.892164457,0.401008655
32.485280694,3.281097837,4.694906939,1.646061748,-0.344378386,2.566518080,2.400000000,3.300000000,standard_control_clear_3p3,0.883841976,0.391980528
32.555747680,3.276631259,4.765255760,1.622623150,-0.320655438,2.631588226,2.400000000,3.300000000,standard_control_clear_3p3,0.874355460,0.388990658
32.626214667,3.273756049,4.835683626,1.600850508,-0.296854491,2.695087777,2.400000000,3.300000000,standard_control_clear_3p3,0.862966563,0.391456232
32.696681653,3.272352233,4.906148641,1.580908000,-0.269037480,2.757125253,2.400000000,3.300000000,standard_control_clear_3p3,0.849373661,0.398778331
32.767148639,3.272284725,4.976627213,1.562927265,-0.241209629,2.817797223,2.400000000,3.300000000,standard_control_clear_3p3,0.834670774,0.410306551
32.837615625,3.273415426,5.047099400,1.546904815,-0.213463006,2.877190075,2.400000000,3.300000000,standard_control_clear_3p3,0.820230117,0.425380229
32.908082612,3.275606242,5.117545266,1.532831654,-0.186446177,2.935381451,2.400000000,3.300000000,standard_control_clear_3p3,0.807423766,0.443338388
32.978549598,3.278725683,5.187949447,1.520459676,-0.164654815,2.992441444,2.400000000,3.500000000,standard_control_clear_3p5,0.797452726,0.463138909
33.049016584,3.282661680,5.258310047,1.509624995,-0.142837448,3.048433586,2.400000000,3.500000000,standard_control_clear_3p5,0.791014617,0.482618152
33.119483571,3.287305722,5.328627632,1.500327753,-0.121025136,3.103415677,2.400000000,3.500000000,standard_control_clear_3p5,0.788714938,0.499407227
33.189950557,3.292549343,5.398902770,1.492555516,-0.101163082,3.157440482,2.400000000,3.500000000,standard_control_clear_3p5,0.791156252,0.511142361
33.260417543,3.298299083,5.469136585,1.485791753,-0.090800384,3.210556327,2.400000000,3.500000000,standard_control_clear_3p5,0.797980909,0.517136419
33.330884530,3.304498044,5.539331554,1.479758431,-0.080434687,3.262807605,2.400000000,3.500000000,standard_control_clear_3p5,0.806492387,0.520786186
33.401351516,3.311094784,5.609490356,1.474455528,-0.070070356,3.314235206,2.400000000,3.500000000,standard_control_clear_3p5,0.813644813,0.526098447
33.471818502,3.318037940,5.679615666,1.469869484,-0.061286933,3.364876897,2.400000000,3.500000000,standard_control_clear_3p5,0.816403844,0.537061372
33.542285489,3.325286201,5.749709665,1.465684906,-0.057478685,3.414767645,2.400000000,3.500000000,standard_control_clear_3p5,0.813266975,0.555189418
33.612752475,3.332818291,5.819773547,1.461768698,-0.053670517,3.463939896,1.781830112,3.500000000,standard_control_clear_3p5,0.805783460,0.577068869
33.683219461,3.340615305,5.889808393,1.458120825,-0.049863020,3.500000000,0.000000000,3.500000000,standard_control_clear_3p5,0.795864128,0.598702114
33.753686448,3.348658306,5.959815288,1.454745938,-0.045623804,3.500000000,0.000000000,3.500000000,standard_control_clear_3p5,0.785410737,0.616122947
33.824153434,3.356925938,6.029795859,1.451714409,-0.040416944,3.500000000,0.000000000,3.500000000,standard_control_clear_3p5,0.775671713,0.627627079
33.894620420,3.365392850,6.099752629,1.449049791,-0.035210171,3.500000000,0.000000000,3.500000000,standard_control_clear_3p5,0.766814561,0.635252475
33.965087407,3.374033314,6.169688204,1.446752066,-0.030003819,3.500000000,0.000000000,3.500000000,standard_control_clear_3p5,0.758905348,0.641388305
34.035554393,3.382821469,6.239605212,1.444836397,-0.023656300,3.500000000,0.000000000,3.500000000,standard_control_clear_3p5,0.751991882,0.648394790
34.106021379,3.391725538,6.309507346,1.443459339,-0.015427450,3.500000000,0.000000000,3.500000000,standard_control_clear_3p5,0.745308952,0.657342658
34.176488366,3.400705594,6.379399758,1.442662149,-0.007198468,3.500000000,0.000000000,3.500000000,standard_control_clear_3p5,0.736971196,0.667526021
34.246955352,3.409721115,6.449287705,1.442444830,0.001030483,3.500000000,0.000000000,3.500000000,standard_control_clear_3p5,0.725011586,0.678109469
34.317422338,3.418731200,6.519176490,1.442843302,0.011509099,3.500000000,0.000000000,3.500000000,standard_control_clear_3p5,0.707548710,0.688274115
34.387889325,3.427683937,6.589072666,1.444119156,0.024702226,3.500000000,0.000000000,3.500000000,standard_control_clear_3p5,0.685181286,0.697679825
34.458356311,3.436514976,6.658984195,1.446324696,0.037895518,3.500000000,0.000000000,3.500000000,standard_control_clear_3p5,0.661310431,0.706527426
34.528823297,3.445159302,6.728919116,1.449459916,0.051088051,3.500000000,0.000000000,3.500000000,standard_control_clear_3p5,0.639487632,0.715046768
34.599290284,3.453551883,6.798885395,1.453524938,0.064289150,3.500000000,0.000000000,3.500000000,standard_control_clear_3p5,0.623121156,0.723453851
34.669757270,3.461627466,6.868889501,1.458520849,0.077503040,3.500000000,0.000000000,3.500000000,standard_control_clear_3p5,0.612820939,0.731693999
34.740224256,3.469320588,6.938936551,1.464448042,0.090720036,3.500000000,0.000000000,3.500000000,standard_control_clear_3p5,0.606649037,0.739466088
34.810691242,3.476565778,7.009031610,1.471306622,0.103935284,3.500000000,0.000000000,3.500000000,standard_control_clear_3p5,0.602574521,0.746459998
34.881158229,3.483297905,7.079179466,1.479071704,0.116016991,3.500000000,0.000000000,3.500000000,standard_control_clear_3p5,0.598659552,0.752389417
34.951625215,3.489456462,7.149381076,1.487649574,0.127428859,3.500000000,0.000000000,3.500000000,standard_control_clear_3p5,0.594248342,0.757295866
35.022092201,3.494984314,7.219634615,1.497032236,0.138858004,3.500000000,-1.649908942,3.500000000,standard_control_clear_3p5,0.589618239,0.761459482
35.092559188,3.499824402,7.289938191,1.507220588,0.150295561,3.466622532,-4.000000000,3.500000000,standard_control_clear_3p5,0.585067686,0.765165795
35.163026174,3.503923590,7.360289482,1.517978119,0.152239341,3.384336846,-4.000000000,3.500000000,standard_control_clear_3p5,0.580880346,0.768680961
35.233493160,3.507268111,7.430681850,1.528637942,0.150290557,3.300000000,0.000000000,3.300000000,standard_control_clear_3p3,0.577191623,0.772076726
35.303960147,3.509866917,7.501106159,1.539161343,0.148366034,3.300000000,0.000000000,3.300000000,standard_control_clear_3p3,0.574051360,0.775312651
35.374427133,3.511729235,7.571553247,1.549549941,0.146467442,3.300000000,0.000000000,3.300000000,standard_control_clear_3p3,0.571508371,0.778346942
35.444894119,3.512868131,7.642014262,1.559601761,0.137384947,3.300000000,0.000000000,3.300000000,standard_control_clear_3p3,0.569609067,0.781086596
35.515361106,3.513324867,7.712482650,1.568900676,0.126526712,3.300000000,0.000000000,3.300000000,standard_control_clear_3p3,0.568382257,0.783062770
35.585828092,3.513153265,7.782952879,1.577434744,0.115677482,3.300000000,0.000000000,3.300000000,standard_control_clear_3p3,0.567848906,0.783639179
35.656295078,3.512407203,7.853419422,1.585204778,0.104843673,3.300000000,-1.410535177,3.300000000,standard_control_clear_3p3,0.568029943,0.782178773
35.726762065,3.511138137,7.923877248,1.592325194,0.097572635,3.269741224,-4.000000000,3.300000000,standard_control_clear_3p3,0.568969974,0.778403396
35.797229051,3.509384663,7.994323950,1.598957643,0.090665697,3.182368895,-4.000000000,3.300000000,standard_control_clear_3p3,0.570839074,0.773936760
35.867696037,3.507181137,8.064757987,1.605103410,0.083760480,3.092529045,-4.000000000,3.300000000,standard_control_clear_3p3,0.573848727,0.771030186
35.938163024,3.504561914,8.135177822,1.610762777,0.076970628,3.000000000,0.000000000,3.000000000,standard,0.578210435,0.771935382
36.008630010,3.501555628,8.205581885,1.616175023,0.076637490,3.000000000,0.000000000,3.000000000,standard,0.583737699,0.778143708
36.079096996,3.498169179,8.275968504,1.621563815,0.076305366,3.000000000,0.000000000,3.000000000,standard,0.588730871,0.788255845
36.149563983,3.494404300,8.346335980,1.626929247,0.075974354,3.000000000,0.000000000,3.000000000,standard,0.591130773,0.800185630
36.220030969,3.490262713,8.416682612,1.632275792,0.076687655,3.000000000,0.000000000,3.000000000,standard,0.588879869,0.811847532
36.290497955,3.485736056,8.487005800,1.637977335,0.085130698,3.000000000,0.000000000,3.000000000,standard,0.581281869,0.821682263
36.360964942,3.480787620,8.557300408,1.644273999,0.093577940,3.000000000,0.000000000,3.000000000,standard,0.571467820,0.829610132
36.431431928,3.475375749,8.627560857,1.651165991,0.102026184,3.000000000,0.000000000,3.000000000,standard,0.563236484,0.835809582
36.501898914,3.469458736,8.697781557,1.658664953,0.112147816,3.000000000,0.000000000,3.000000000,standard,0.560378138,0.840460754
36.572365901,3.462983179,8.767954322,1.667166314,0.129127974,3.000000000,0.000000000,3.000000000,standard,0.564806374,0.844119917
36.642832887,3.455869348,8.838065124,1.676864936,0.146125083,3.000000000,0.000000000,3.000000000,standard,0.574209093,0.848190261
36.713299873,3.448033912,8.908099134,1.687761583,0.163124000,3.000000000,0.000000000,3.000000000,standard,0.585696409,0.854190773
36.783766859,3.439393402,8.978041468,1.699881835,0.183134723,3.000000000,0.000000000,3.000000000,standard,0.596391377,0.863632845
36.854233846,3.429845834,9.047869718,1.713832110,0.212754790,3.000000000,0.000000000,3.000000000,standard,0.605133667,0.877019861
36.924700832,3.419252370,9.117546500,1.729872880,0.242451096,3.000000000,-0.108896505,3.000000000,standard,0.614180972,0.892848133
36.995167818,3.407469802,9.187032658,1.748007480,0.272150595,2.997441039,-4.000000000,3.000000000,standard,0.626195697,0.909376324
37.065634805,3.394354703,9.256288866,1.768277859,0.306675766,2.901881611,-4.000000000,3.000000000,standard,0.643833231,0.924865075
37.136101791,3.379736174,9.325255124,1.791648699,0.356403521,2.803066357,-4.000000000,3.000000000,standard,0.668885462,0.937818590
37.206568777,3.363389710,9.393831081,1.818539358,0.406497671,2.700637908,-4.000000000,3.000000000,standard,0.701459167,0.947216381
37.277035764,3.345084611,9.461911727,1.848965945,0.456614062,2.594168309,-4.000000000,3.000000000,standard,0.741466386,0.952092888
37.347502750,3.324590150,9.529391808,1.882942275,0.508714346,2.483137799,-4.000000000,3.000000000,standard,0.788814851,0.951489510
37.417969736,3.301671191,9.596125244,1.921020123,0.570895183,2.366904611,-3.971914121,3.000000000,standard,0.842679682,0.945631200
37.488436723,3.276083243,9.661879361,1.963555164,0.634951747,2.245542206,-3.384712449,3.000000000,standard,0.900682190,0.937253127
37.558903709,3.247580624,9.726410437,2.010642632,0.699920178,2.136688753,-2.542461601,3.000000000,standard,0.960245420,0.929410768
37.629370695,3.215917819,9.789474700,2.062284956,0.758407820,2.051126426,-1.045592256,3.000000000,standard,1.018788524,0.925155372
37.699837682,3.180911923,9.850810659,2.116893947,0.788705995,2.014884648,-1.226644420,3.000000000,standard,1.072294029,0.925978030
37.770304668,3.142535870,9.910112711,2.173816045,0.823454972,1.971518266,-1.266959839,3.000000000,standard,1.113168605,0.929486487
37.840771654,3.100786434,9.967068506,2.233311203,0.861777940,1.925701584,-1.027904833,3.000000000,standard,1.133271901,0.932694426
37.911238641,3.055660451,10.021365742,2.295560991,0.894896876,1.887712870,0.851606602,3.000000000,standard,1.124468641,0.932616802
37.981705627,3.007217100,10.072738603,2.357848158,0.869546198,1.919239479,0.649277607,3.000000000,standard,1.083693905,0.927538781
38.052172613,2.955694946,10.121055041,2.418477908,0.847573119,1.942932179,0.570028517,3.000000000,standard,1.022472245,0.919400438
38.122639600,2.901364619,10.166206918,2.477703488,0.829654100,1.963497348,0.517204256,3.000000000,standard,0.954936332,0.910795225
38.193106586,2.844496750,10.208086126,2.535796162,0.813439291,1.981972120,1.531148582,3.000000000,standard,0.895216154,0.904315799
38.263573572,2.785359620,10.246625490,2.591776025,0.772535016,2.035682769,1.585214363,3.000000000,standard,0.853460377,0.901372697
38.334040559,2.724214442,10.281880885,2.644889832,0.732595166,2.089836093,1.697340038,3.000000000,standard,0.827849447,0.899822908
38.404507545,2.661321106,10.313931214,2.695256200,0.694702842,2.146305610,1.732346671,3.000000000,standard,0.814324136,0.896858422
38.474974531,2.596939480,10.342855388,2.743038082,0.659755216,2.202447336,1.791653682,3.000000000,standard,0.808826120,0.889672473
38.545441517,2.531308002,10.368740044,2.788433896,0.627040905,2.259043855,1.963235906,3.000000000,standard,0.808090455,0.876546702
38.615908504,2.464604428,10.391693699,2.831528553,0.594805362,2.319475323,2.108121868,3.000000000,standard,0.811099105,0.858845213
38.686375490,2.396995844,10.411828715,2.872383583,0.563629324,2.382660648,2.260184639,3.000000000,standard,0.817229046,0.838474006
38.756842476,2.328649295,10.429257472,2.911082423,0.533606603,2.448593180,2.400000000,3.000000000,standard,0.825856347,0.817338142
38.827309463,2.259714894,10.444099008,2.947611391,0.502402511,2.516714147,2.400000000,3.000000000,standard,0.836002144,0.796973960
38.897776449,2.190300177,10.456489104,2.981941738,0.471357185,2.583039224,2.400000000,3.000000000,standard,0.845794749,0.777990293
38.968243435,2.120506086,10.466566135,3.014101991,0.440832127,2.647703376,2.400000000,3.000000000,standard,0.853224301,0.760852434
39.038710422,2.050433494,10.474468321,3.044167391,0.415470881,2.710825465,2.400000000,3.000000000,standard,0.856287506,0.746024403
39.109177408,1.980169898,10.480304803,3.073170792,0.407251544,2.772510818,2.335577546,3.000000000,standard,0.854241721,0.733725537
39.179644394,1.909773597,10.484121261,3.101598361,0.399217174,2.831250334,1.174403550,3.000000000,standard,0.849095088,0.723641277
39.250111381,1.839299043,10.485955002,3.129467363,0.391431381,2.860330718,0.877012714,3.000000000,standard,0.843218544,0.715386647
39.320578367,1.768800679,10.485843232,-3.126369852,0.385885609,2.881855774,-0.155438955,3.000000000,standard,0.838967599,0.708579334
39.391045353,1.698331965,10.483811174,-3.099154995,0.386209622,2.878052479,-0.090088964,3.000000000,standard,0.836964705,0.703135983
39.461512340,1.627944499,10.479861271,-3.071907828,0.386799424,2.875845871,-0.021634124,3.000000000,standard,0.834536196,0.699541838
39.531979326,1.557689666,10.473993413,-3.044609338,0.387650915,2.875315721,-0.638181042,3.000000000,standard,0.828639254,0.698345819
39.602446312,1.487618924,10.466207244,-3.017204199,0.392266770,2.859632687,-2.067918277,3.000000000,standard,0.816259779,0.700090530
39.672913299,1.417789332,10.456482612,-2.989079783,0.405588293,2.808212806,-1.822904491,3.000000000,standard,0.796681591,0.704812879
39.743380285,1.348267547,10.444765433,-2.960003931,0.419251454,2.762091597,-1.594226806,3.000000000,standard,0.773127194,0.711683002
39.813847271,1.279121170,10.430998290,-2.929955205,0.433147869,2.721115447,-2.247649348,3.000000000,standard,0.749206144,0.719785858
39.884314258,1.210418124,10.415123359,-2.898853535,0.453033650,2.662273300,-3.667998429,3.000000000,standard,0.728512192,0.728214177
39.954781244,1.142249044,10.397054118,-2.865724055,0.486605697,2.563348110,-3.032176726,3.000000000,standard,0.713516818,0.736612550
40.025248230,1.074741967,10.376656784,-2.830199849,0.520908100,2.478591702,-2.693967720,3.000000000,standard,0.704843606,0.745534243
40.095715217,1.008028418,10.353793167,-2.792241142,0.555536747,2.400780133,-2.521976425,3.000000000,standard,0.702943803,0.755617263
40.166182203,0.942240334,10.328325087,-2.751807701,0.592332607,2.325578013,-2.729581199,3.000000000,standard,0.708260028,0.767491101
40.236649189,0.877547821,10.300115059,-2.708447385,0.636737039,2.241343876,-2.399370713,3.000000000,standard,0.720437001,0.780997458
40.307116176,0.814189491,10.269026858,-2.661874655,0.683253590,2.164594540,-2.221954139,3.000000000,standard,0.737687211,0.794563960
40.377583162,0.752411100,10.234924389,-2.611973933,0.731017847,2.091009493,-1.751406306,3.000000000,standard,0.758073878,0.806470855
40.448050148,0.692458421,10.197671706,-2.558708480,0.773742705,2.031129748,-0.622760514,3.000000000,standard,0.779660286,0.815001682
40.518517134,0.634583956,10.157185364,-2.503395727,0.793040316,2.009407858,-0.844542099,3.000000000,standard,0.800531658,0.819588900
40.588984121,0.579056787,10.113511301,-2.446561603,0.816382258,1.979569465,-0.864004965,3.000000000,standard,0.818827298,0.822496410
40.659451107,0.526148505,10.066715032,-2.387961173,0.843161490,1.948570659,-0.958114045,3.000000000,standard,0.832694687,0.826416539
40.729918093,0.476130701,10.016862073,-2.327382463,0.872576757,1.913608318,0.743401053,3.000000000,standard,0.840281311,0.834041612
40.800385080,0.429245722,9.964047262,-2.266495880,0.849217200,1.940790370,0.758655019,3.000000000,standard,0.840222380,0.847013233
40.870852066,0.385600871,9.908500850,-2.207336491,0.825995597,1.968143167,0.701646311,3.000000000,standard,0.833405304,0.862121050
40.941319052,0.345264497,9.850492150,-2.149684701,0.806365069,1.993106452,0.404484803,3.000000000,standard,0.821367150,0.874755143
41.011786039,0.308304946,9.790290475,-2.093287651,0.790852157,2.007356216,1.533266826,3.000000000,standard,0.805645045,0.880305464
41.082253025,0.274777962,9.728163973,-2.038537528,0.751578420,2.060477702,2.346432595,3.000000000,standard,0.787529381,0.874750575
41.152720011,0.244601538,9.664368020,-1.987318109,0.699881096,2.139219584,2.400000000,3.000000000,standard,0.765613627,0.860502922
41.223186998,0.217608785,9.599150120,-1.939707644,0.649342653,2.216867602,2.400000000,3.000000000,standard,0.736829352,0.843939626
41.293653984,0.193631570,9.532757664,-1.895589669,0.600966452,2.291886450,2.400000000,3.000000000,standard,0.698083732,0.831496007
41.364120970,0.172501377,9.465436136,-1.854793544,0.556197284,2.364526386,2.400000000,3.000000000,standard,0.646471964,0.829424774
41.434587957,0.154038358,9.397374080,-1.817094787,0.512811413,2.435000322,2.400000000,3.000000000,standard,0.584706988,0.838522535
41.505054943,0.138049656,9.328694692,-1.782464472,0.469382176,2.503491183,2.400000000,3.000000000,standard,0.521948518,0.853324630
41.575521929,0.124341697,9.259517574,-1.750879361,0.426446483,2.570157512,2.400000000,3.000000000,standard,0.467711075,0.868021800
41.645988916,0.112721462,9.189962034,-1.722211414,0.392344737,2.635137790,2.400000000,3.000000000,standard,0.431442250,0.876840969
41.716455902,0.103039389,9.120124306,-1.695073500,0.377452637,2.698553817,2.400000000,3.000000000,standard,0.417331403,0.876851757
41.786922888,0.095219949,9.050061310,-1.668984357,0.362695977,2.760513401,2.400000000,3.000000000,standard,0.420609482,0.869966859
41.857389875,0.089194834,8.979826135,-1.643929681,0.348171094,2.821112507,2.400000000,3.300000000,standard_control_clear_3p3,0.435633954,0.858571194
41.927856861,0.084895572,8.909471827,-1.619922863,0.329764976,2.880437000,2.400000000,3.300000000,standard_control_clear_3p3,0.456763137,0.845047355
41.998323847,0.082225075,8.839044061,-1.597864717,0.296164149,2.938564078,2.400000000,3.300000000,standard_control_clear_3p3,0.478504630,0.831370466
42.068790834,0.081025112,8.768572762,-1.578174633,0.262571998,2.995563449,2.400000000,3.300000000,standard_control_clear_3p3,0.495684953,0.818645129
42.139257820,0.081129589,8.698085830,-1.560846657,0.229116240,3.051498306,2.400000000,3.300000000,standard_control_clear_3p3,0.503171668,0.807863918
42.209724806,0.082372533,8.627611130,-1.545843514,0.199711995,3.106426153,2.400000000,3.300000000,standard_control_clear_3p3,0.495852838,0.800016277
42.280191792,0.084615370,8.557169954,-1.532252354,0.185969335,3.160399496,2.400000000,3.300000000,standard_control_clear_3p3,0.473073995,0.795411036
42.350658779,0.087780989,8.486768827,-1.519631653,0.172201433,3.213466433,2.400000000,3.500000000,standard_control_clear_3p5,0.444181197,0.792830040
42.421125765,0.091800646,8.416412266,-1.507981485,0.158434484,3.265671148,2.400000000,3.500000000,standard_control_clear_3p5,0.419882253,0.790847206
42.491592751,0.096605720,8.346104791,-1.497280009,0.147067215,3.317054353,2.400000000,3.500000000,standard_control_clear_3p5,0.410835822,0.788040856
42.562059738,0.102142545,8.275851222,-1.487062644,0.142905636,3.367653652,2.400000000,3.500000000,standard_control_clear_3p5,0.421678634,0.783529154
42.632526724,0.108386594,8.205656968,-1.477138043,0.138759159,3.417503863,2.400000000,3.500000000,standard_control_clear_3p5,0.445311558,0.777482328
42.702993710,0.115316704,8.135527504,-1.467505070,0.134631258,3.466637302,1.649182309,3.500000000,standard_control_clear_3p5,0.473281432,0.770191992
42.773460697,0.122911401,8.065468241,-1.458202963,0.127035105,3.500000000,0.000000000,3.500000000,standard_control_clear_3p5,0.497196246,0.761949143
42.843927683,0.131130209,7.995480585,-1.449768491,0.112345910,3.500000000,0.000000000,3.500000000,standard_control_clear_3p5,0.512430906,0.753006877
42.914394669,0.139902904,7.925559675,-1.442369129,0.097657610,3.500000000,0.000000000,3.500000000,standard_control_clear_3p5,0.520256115,0.743558978
42.984861656,0.149156671,7.855700105,-1.436004511,0.082977823,3.500000000,0.000000000,3.500000000,standard_control_clear_3p5,0.522456473,0.733794054
43.055328642,0.158819158,7.785896476,-1.430627961,0.071371083,3.500000000,0.000000000,3.500000000,standard_control_clear_3p5,0.520822397,0.723899090
43.125795628,0.168833519,7.716143732,-1.425862681,0.063875087,3.500000000,0.000000000,3.500000000,standard_control_clear_3p5,0.517338305,0.714006837
43.196262615,0.179161676,7.646437231,-1.421625720,0.056377691,3.500000000,0.000000000,3.500000000,standard_control_clear_3p5,0.514223424,0.704184405
43.266729601,0.189766674,7.576772353,-1.417917084,0.048880515,3.500000000,0.000000000,3.500000000,standard_control_clear_3p5,0.513711058,0.694494968
43.337196587,0.200612224,7.507144567,-1.414682701,0.044286594,3.500000000,0.000000000,3.500000000,standard_control_clear_3p5,0.517935725,0.684981211
43.407663574,0.211675470,7.437551129,-1.411632489,0.042284371,3.500000000,-1.649908909,3.500000000,standard_control_clear_3p5,0.527035390,0.675271719
43.478130560,0.222946035,7.367990949,-1.408723361,0.040282359,3.466622533,-4.000000000,3.500000000,standard_control_clear_3p5,0.539293528,0.664610436
43.548597546,0.234414013,7.298463001,-1.405955296,0.038280717,3.384336847,-4.000000000,3.500000000,standard_control_clear_3p5,0.552923287,0.652226723
43.619064533,0.246069861,7.228966315,-1.403303289,0.037422111,3.300000000,0.000000000,3.300000000,standard_control_clear_3p3,0.566217618,0.637486951
43.689531519,0.257909008,7.159500669,-1.400671868,0.037262777,3.300000000,0.000000000,3.300000000,standard_control_clear_3p3,0.578572064,0.621650425
43.759998505,0.269930511,7.090066390,-1.398051668,0.037103684,3.300000000,0.000000000,3.300000000,standard_control_clear_3p3,0.590186431,0.607357221
43.830465492,0.282133509,7.020663814,-1.395442671,0.036944843,3.300000000,0.000000000,3.300000000,standard_control_clear_3p3,0.601278800,0.597278785
43.900932478,0.294516356,6.951293132,-1.392893284,0.034829380,3.300000000,0.000000000,3.300000000,standard_control_clear_3p3,0.612098242,0.593714016
43.971399464,0.307069367,6.881953024,-1.390542707,0.031884706,3.300000000,0.000000000,3.300000000,standard_control_clear_3p3,0.623211196,0.595147059
44.041866451,0.319778145,6.812641279,-1.388399624,0.028940287,3.300000000,0.000000000,3.300000000,standard_control_clear_3p3,0.635370149,0.597825719
44.112333437,0.332628232,6.743355678,-1.386464016,0.025996208,3.300000000,0.000000000,3.300000000,standard_control_clear_3p3,0.649329949,0.597969437
44.182800423,0.345602560,6.674093460,-1.384881248,0.017764033,3.300000000,0.000000000,3.300000000,standard_control_clear_3p3,0.665556762,0.592267785
44.253267409,0.358663507,6.604847595,-1.383971999,0.008042375,3.300000000,0.000000000,3.300000000,standard_control_clear_3p3,0.682242659,0.581113788
44.323734396,0.371763716,6.535609031,-1.383747805,-0.001679269,3.300000000,0.000000000,3.300000000,standard_control_clear_3p3,0.696502739,0.566654369
44.394201382,0.384855772,6.466368705,-1.384208663,-0.011400752,3.300000000,0.000000000,3.300000000,standard_control_clear_3p3,0.705445652,0.551046948
44.464668368,0.397889754,6.397117168,-1.385479988,-0.025262223,3.300000000,0.000000000,3.300000000,standard_control_clear_3p3,0.706981887,0.536198123
44.535135355,0.410800413,6.327842608,-1.387772338,-0.039799211,3.300000000,0.000000000,3.300000000,standard_control_clear_3p3,0.703929179,0.522479453
44.605602341,0.423516699,6.258532321,-1.391089076,-0.054336348,3.300000000,0.000000000,3.300000000,standard_control_clear_3p3,0.700960981,0.509682009
44.676069327,0.435967554,6.189173601,-1.395430166,-0.068871280,3.300000000,-1.410535177,3.300000000,standard_control_clear_3p3,0.702754219,0.497595776
44.746536314,0.448083290,6.119754505,-1.400728289,-0.081375050,3.269741224,-4.000000000,3.300000000,standard_control_clear_3p3,0.712645984,0.486017846
44.817003300,0.459800803,6.050266756,-1.406898834,-0.093754062,3.182368895,-4.000000000,3.300000000,standard_control_clear_3p3,0.727540498,0.474779444
44.887470286,0.471058964,5.980703179,-1.413941846,-0.106136048,3.092529045,-4.000000000,3.300000000,standard_control_clear_3p3,0.742413713,0.463722026
44.957937273,0.481796643,5.911056595,-1.421857426,-0.118556572,3.000000000,0.000000000,3.000000000,standard,0.752241219,0.452687047
45.028404259,0.491949830,5.841320562,-1.430760704,-0.134125389,3.000000000,0.000000000,3.000000000,standard,0.753540648,0.441631134
45.098871245,0.501443447,5.771491450,-1.440762069,-0.149717887,3.000000000,0.000000000,3.000000000,standard,0.748755924,0.430953513
45.169338232,0.510199755,5.701566308,-1.451862708,-0.165320922,3.000000000,0.000000000,3.000000000,standard,0.741754429,0.421159725
45.239805218,0.518141016,5.631542186,-1.464063421,-0.181067788,3.000000000,0.000000000,3.000000000,standard,0.736403205,0.412755251
45.310272204,0.525187127,5.561418570,-1.477446342,-0.198726194,3.000000000,0.000000000,3.000000000,standard,0.735610576,0.406082853
45.380739191,0.531250454,5.491202719,-1.492076640,-0.216458788,3.000000000,0.000000000,3.000000000,standard,0.739228656,0.400966570
45.451206177,0.536241860,5.420903437,-1.507958256,-0.234234327,3.000000000,0.000000000,3.000000000,standard,0.746501892,0.397127308
45.521673163,0.540072221,5.350529534,-1.525089577,-0.251039304,3.000000000,0.000000000,3.000000000,standard,0.756674816,0.394286042
45.592140150,0.542662193,5.280093904,-1.543100550,-0.260051908,3.000000000,0.000000000,3.000000000,standard,0.769078746,0.392239256
45.662607136,0.543960698,5.209621265,-1.561752613,-0.269215882,3.000000000,0.000000000,3.000000000,standard,0.783295848,0.391001678
45.733074122,0.543921736,5.139138452,-1.581054752,-0.278506203,3.000000000,0.000000000,3.000000000,standard,0.798953340,0.390627233
45.803541109,0.542499311,5.068672302,-1.601013131,-0.287471347,3.000000000,0.000000000,3.000000000,standard,0.815678656,0.391169991
45.874008095,0.539651989,4.998249950,-1.621462517,-0.292822176,3.000000000,0.000000000,3.000000000,standard,0.833367675,0.392862237
45.944475081,0.535351799,4.927899395,-1.642292263,-0.298243850,3.000000000,-1.164578600,3.000000000,standard,0.852708575,0.396462252
46.014942067,0.529573243,4.857648801,-1.663507762,-0.303712230,2.972519354,-4.000000000,3.000000000,standard,0.874534999,0.402824890
46.085409054,0.522290812,4.787526332,-1.685120164,-0.312284037,2.876132023,-4.000000000,3.000000000,standard,0.899680476,0.412804885
46.155876040,0.513432177,4.717573838,-1.709042528,-0.366343109,2.776400463,-4.000000000,3.000000000,standard,0.928463000,0.426713061
46.226343026,0.502770283,4.647878395,-1.736794465,-0.420914799,2.672950362,-4.000000000,3.000000000,standard,0.959496933,0.443062839
46.296810013,0.490046160,4.578536411,-1.768399618,-0.475629869,2.565331897,-4.000000000,3.000000000,standard,0.991045215,0.459996876
46.367276999,0.475000839,4.509644290,-1.803857774,-0.529836421,2.452996506,-4.000000000,3.000000000,standard,1.021370783,0.475657826
46.437743985,0.457378146,4.441317255,-1.843238757,-0.586859251,2.335263576,-3.576095089,3.000000000,standard,1.048834163,0.489609064
46.508210972,0.436935665,4.373763036,-1.886750396,-0.646356073,2.224738788,-2.991329482,3.000000000,standard,1.072275652,0.508398839
46.578677958,0.413435199,4.307217747,-1.934516197,-0.707318468,2.127882217,-2.652506450,3.000000000,standard,1.090682744,0.540718423
46.649144944,0.386638552,4.241917509,-1.986606822,-0.768350650,2.038149764,-1.659875962,3.000000000,standard,1.103042974,0.595259655
46.719611931,0.356315077,4.178103806,-2.042717403,-0.814793605,1.979929682,-1.331719626,3.000000000,standard,1.108480540,0.679630197
46.790078917,0.322340630,4.116093795,-2.101818510,-0.857627467,1.931951606,-1.403433537,3.000000000,standard,1.108047805,0.786141022
46.860545903,0.284669882,4.056260628,-2.164135056,-0.905566443,1.880065304,-1.385051996,3.000000000,standard,1.104223932,0.895783919
46.931012890,0.243259352,3.998978774,-2.229959338,-0.957059796,1.827414749,-1.113015190,3.000000000,standard,1.099521615,0.989284682
47.001479876,0.198065637,3.944622671,-2.299466453,-1.002213337,1.783979544,0.432794692,3.000000000,standard,1.096452777,1.047376198
47.071946862,0.149124960,3.893534865,-2.369825611,-0.987538798,1.800993750,0.140794805,3.000000000,standard,1.096711493,1.058334214
47.142413849,0.096704376,3.845965448,-2.439429324,-0.979827084,1.806494190,0.078299898,3.000000000,standard,1.099621022,1.032300150
47.212880835,0.041112530,3.802147854,-2.508739381,-0.979338118,1.809545903,-0.390310481,3.000000000,standard,1.104077477,0.983354913
47.283347821,-0.017341935,3.762315518,-2.578225224,-0.986140318,1.794282132,0.905936396,3.000000000,standard,1.108976969,0.925579410
47.353814808,-0.078348796,3.726689769,-2.647422644,-0.948608278,1.829515123,2.400000000,3.000000000,standard,1.113212569,0.872644018
47.424281794,-0.141564713,3.695237844,-2.711422033,-0.863844864,1.919731001,2.400000000,3.000000000,standard,1.115613517,0.829602163
47.494748780,-0.206614898,3.667685715,-2.769494259,-0.780490303,2.005893479,2.400000000,3.000000000,standard,1.114948441,0.793325282
47.565215767,-0.273123317,3.643749815,-2.821833846,-0.701080033,2.088504294,2.400000000,3.000000000,standard,1.109983571,0.760361346
47.635682753,-0.340713954,3.623146578,-2.868726631,-0.627515641,2.167969492,2.400000000,3.000000000,standard,1.099485354,0.727258677
47.706149739,-0.409061433,3.605587255,-2.910753743,-0.563177926,2.244623187,2.400000000,3.000000000,standard,1.083040283,0.691898961
47.776616726,-0.478005567,3.590766201,-2.948161803,-0.497594878,2.318744227,2.400000000,3.000000000,standard,1.062909532,0.656512816
47.847083712,-0.547419788,3.578374336,-2.980932583,-0.431936088,2.390568201,2.400000000,3.000000000,standard,1.041898686,0.624216054
47.917550698,-0.617177529,3.568102575,-3.009091343,-0.366889933,2.460296294,2.400000000,3.000000000,standard,1.022813332,0.598124486
47.988017684,-0.687161026,3.559654086,-3.033348155,-0.324782318,2.528101934,2.400000000,3.000000000,standard,1.008086787,0.580786130
48.058484671,-0.757309142,3.552810845,-3.054896245,-0.286649297,2.594135873,2.400000000,3.000000000,standard,0.997757520,0.571096302
48.128951657,-0.827583162,3.547386030,-3.073756450,-0.248528032,2.658530131,2.400000000,3.000000000,standard,0.990915783,0.566504068
48.199418643,-0.897944426,3.543192897,-3.089934768,-0.210546305,2.721401108,2.400000000,3.000000000,standard,0.986649466,0.564454891
48.269885630,-0.968356382,3.540058349,-3.104201942,-0.200845274,2.782852050,2.400000000,3.000000000,standard,0.984156636,0.562627280
48.340352616,-1.038799769,3.537921353,-3.118315483,-0.199672995,2.842975037,2.400000000,3.000000000,standard,0.983540131,0.560613536
48.410819602,-1.109263816,3.536775855,-3.132345941,-0.198501794,2.901852614,2.400000000,3.000000000,standard,0.985346651,0.558944817
48.481286589,-1.179737807,3.536616177,3.136891174,-0.197334241,2.959559111,1.710090644,3.000000000,standard,0.990125954,0.558158755
48.551753575,-1.250210277,3.537444342,3.122587708,-0.212668256,3.000000000,0.000000000,3.000000000,standard,0.998263893,0.558764403
48.622220561,-1.320663287,3.539328991,3.106864464,-0.233526092,3.000000000,-1.785474877,3.000000000,standard,1.008727780,0.561023472
48.692687548,-1.391075576,3.542372907,3.089669328,-0.254427440,2.957763670,-4.000000000,3.000000000,standard,1.019757948,0.565070916
48.763154534,-1.461425857,3.546679150,3.071000354,-0.275305679,2.860879243,-4.000000000,3.000000000,standard,1.029588820,0.571040657
48.833621520,-1.531689370,3.552362113,3.050171175,-0.323364496,2.760596703,-4.000000000,3.000000000,standard,1.036698438,0.579045753
48.904088507,-1.601807615,3.559646328,3.025292551,-0.382489129,2.656531245,-4.000000000,3.000000000,standard,1.041932196,0.588996509
48.974555493,-1.671703106,3.568818299,2.996239645,-0.441715207,2.548219451,-4.000000000,3.000000000,standard,1.047467696,0.600689130
49.045022479,-1.741298146,3.580165227,2.963015105,-0.500437331,2.435094758,-4.000000000,3.000000000,standard,1.055497417,0.613918548
49.115489466,-1.810508055,3.593977578,2.925315094,-0.574923469,2.316452155,-4.000000000,3.000000000,standard,1.068033654,0.628641120
49.185956452,-1.879135432,3.610598625,2.881586339,-0.664077187,2.191395605,-4.000000000,3.000000000,standard,1.084178004,0.647420816
49.256423438,-1.946891637,3.630414377,2.831476146,-0.755721584,2.058756617,-3.353475644,3.000000000,standard,1.100676314,0.674932056
49.326890425,-2.013485413,3.653812070,2.774873062,-0.847698423,1.940582428,-2.281444450,3.000000000,standard,1.114206800,0.715909855
49.397357411,-2.078625072,3.681178175,2.711894898,-0.925179590,1.855889849,-0.998278550,3.000000000,standard,1.121461154,0.775048040
49.467824397,-2.141956120,3.712787853,2.644880530,-0.969741489,1.817590650,-1.283924009,3.000000000,standard,1.121098392,0.851030447
49.538291384,-2.202995844,3.748689001,2.574328341,-1.023885278,1.767112690,-1.194874945,3.000000000,standard,1.115793972,0.930271019
49.608758370,-2.261245886,3.788901795,2.499690610,-1.085620454,1.718804464,-1.401080871,3.000000000,standard,1.108713338,0.997686825
49.679225356,-2.316207891,3.833446410,2.420536053,-1.151947485,1.660370108,0.113696447,3.000000000,standard,1.103021937,1.038194936
49.749692342,-2.367398026,3.882317815,2.338335157,-1.148369070,1.665188454,0.632340413,3.000000000,standard,1.101579785,1.038231315
49.820159329,-2.414491117,3.935235645,2.258044905,-1.119458902,1.691736041,0.327116872,3.000000000,standard,1.103910558,1.000823442
49.890626315,-2.457259706,3.991749952,2.179416550,-1.100573242,1.705307220,0.105543111,3.000000000,standard,1.107483021,0.939217790
49.961093301,-2.495477771,4.051408305,2.101769664,-1.092613262,1.709662927,0.149999521,3.000000000,standard,1.109735822,0.866810617
50.031560288,-2.528919575,4.113758291,2.024464150,-1.081488108,1.715834302,2.196190849,3.000000000,standard,1.108109140,0.796990683
50.102027274,-2.557503852,4.178357961,1.951437112,-0.985007733,1.803775277,2.400000000,3.000000000,standard,1.100816984,0.739356739
50.172494260,-2.581528122,4.244792803,1.885280704,-0.887902257,1.895216817,2.400000000,3.000000000,standard,1.088102214,0.693570822
50.242961247,-2.601351224,4.312652745,1.825832521,-0.794536879,1.982445036,2.400000000,3.000000000,standard,1.070536147,0.657686269
50.313428233,-2.617332000,4.381527716,1.772770931,-0.707367901,2.065993672,2.400000000,3.000000000,standard,1.048690103,0.629756420
50.383895219,-2.629819343,4.451034404,1.724975936,-0.650487617,2.146292475,2.400000000,3.000000000,standard,1.023281856,0.607977082
50.454362206,-2.639094206,4.520972269,1.680926593,-0.598041385,2.223693532,2.400000000,3.000000000,standard,0.996029483,0.591517109
50.524829192,-2.645409147,4.591217162,1.640599377,-0.545530130,2.298489604,2.400000000,3.000000000,standard,0.969069166,0.579952069
50.595296178,-2.649016626,4.661645193,1.603956098,-0.493823689,2.370927243,2.400000000,3.000000000,standard,0.944538489,0.572858897
50.665763165,-2.650167498,4.732137449,1.570830905,-0.446934128,2.441216403,2.400000000,3.000000000,standard,0.924301713,0.569793801
50.736230151,-2.649097130,4.802623058,1.540927545,-0.401432803,2.509537619,2.400000000,3.000000000,standard,0.907585501,0.570112999
50.806697137,-2.646032219,4.873058034,1.514224270,-0.356129010,2.576047475,2.400000000,3.000000000,standard,0.892140411,0.573060779
50.877164124,-2.641199366,4.943398684,1.490698057,-0.311296728,2.640882832,2.400000000,3.000000000,standard,0.875700804,0.577880206
50.947631110,-2.634817729,5.013603626,1.469889431,-0.283931533,2.704164134,2.400000000,3.000000000,standard,0.856269621,0.583874713
51.018098096,-2.627033351,5.083654149,1.450603047,-0.263324686,2.765998047,2.400000000,3.000000000,standard,0.834487709,0.590940686
51.088565083,-2.617950783,5.153544410,1.432770856,-0.242709602,2.826479566,2.400000000,3.000000000,standard,0.812492872,0.599310997
51.159032069,-2.607674100,5.223268712,1.416389936,-0.222154373,2.885693724,2.400000000,3.000000000,standard,0.792440083,0.609222377
51.229499055,-2.596301868,5.292821130,1.401147541,-0.213189145,2.943717004,2.373666123,3.000000000,standard,0.776206108,0.620866859
51.299966042,-2.583885952,5.362193782,1.386308614,-0.207923137,3.000000000,0.000000000,3.000000000,standard,0.763309427,0.634057568
51.370433028,-2.570454688,5.431377807,1.371839664,-0.202687256,3.000000000,0.000000000,3.000000000,standard,0.752080521,0.648416752
51.440900014,-2.556036235,5.500364331,1.357738068,-0.197491808,3.000000000,0.000000000,3.000000000,standard,0.740840810,0.663565204
51.511367001,-2.540650510,5.569142434,1.343565239,-0.207239322,3.000000000,0.000000000,3.000000000,standard,0.728347629,0.679265302
51.581833987,-2.524262059,5.637687402,1.328506689,-0.220097929,3.000000000,0.000000000,3.000000000,standard,0.716287136,0.696230712
51.652300973,-2.506812622,5.705968848,1.312540696,-0.232992052,3.000000000,0.000000000,3.000000000,standard,0.707551768,0.715566900
51.722767959,-2.488243867,5.773956362,1.295665235,-0.245887198,3.000000000,0.000000000,3.000000000,standard,0.705037706,0.738380551
51.793234946,-2.468492400,5.841615367,1.277606405,-0.267050904,3.000000000,0.000000000,3.000000000,standard,0.710921585,0.765105599
51.863701932,-2.447470657,5.908891363,1.258014132,-0.288901072,3.000000000,0.000000000,3.000000000,standard,0.723945120,0.792964462
51.934168918,-2.425083869,5.975723914,1.236877933,-0.310856872,3.000000000,0.000000000,3.000000000,standard,0.741826198,0.818222322
52.004635905,-2.401237281,6.042052581,1.214196465,-0.331870870,3.000000000,0.000000000,3.000000000,standard,0.762283002,0.837148665
52.075102891,-2.375846849,6.107813991,1.190294912,-0.346303905,3.000000000,-0.847997703,3.000000000,standard,0.783390859,0.849417971
52.145569877,-2.348858326,6.172936615,1.165362858,-0.361088141,2.980014818,-3.107755999,3.000000000,standard,0.804218398,0.864174732
52.216036864,-2.320222603,6.237347517,1.139379744,-0.376149853,2.905598030,0.180230262,3.000000000,standard,0.824005552,0.892196631
52.286503850,-2.289892580,6.300974756,1.112568126,-0.374383257,2.909965718,2.400000000,3.000000000,standard,0.842089348,0.943936005
52.356970836,-2.257899787,6.363785267,1.087138765,-0.347149383,2.967514450,1.375523464,3.000000000,standard,0.861605209,1.017117484
52.427437823,-2.224378182,6.425796633,1.063618368,-0.320217778,3.000000000,0.000000000,3.000000000,standard,0.890636671,1.092885528
52.497904809,-2.189468598,6.487029834,1.041984718,-0.293690605,3.000000000,0.000000000,3.000000000,standard,0.937599355,1.151271831
52.568371795,-2.153330331,6.547522231,1.023611361,-0.213752049,3.000000000,0.000000000,3.000000000,standard,1.009527502,1.174778758
52.638838782,-2.116289276,6.607458961,1.012042093,-0.114628719,3.000000000,-0.158739990,3.000000000,standard,1.100991224,1.168201396
52.709305768,-2.078759671,6.667103528,1.007457114,-0.015515137,2.996269037,-4.000000000,3.000000000,standard,1.199951072,1.148156357
52.779772754,-2.041156566,6.726720155,1.009853710,0.083582309,2.900671001,-4.000000000,3.000000000,standard,1.294306983,1.131368668
52.850239741,-2.003906140,6.786571895,1.019600377,0.192964575,2.801813048,-4.000000000,3.000000000,standard,1.373109120,1.130213864
52.920706727,-1.967477969,6.846917235,1.037065494,0.302627812,2.699337043,-4.000000000,3.000000000,standard,1.429891165,1.140113395
52.991173713,-1.932352198,6.908013552,1.062260768,0.412324974,2.592814028,-4.000000000,3.000000000,standard,1.459279080,1.152358343
53.061640700,-1.899008970,6.970118219,1.095164332,0.518264214,2.481722927,-3.244932345,3.000000000,standard,1.455899053,1.158239969
53.132107686,-1.867888928,7.033431139,1.133245211,0.561652783,2.387808092,-3.091711330,3.000000000,standard,1.417896440,1.151844007
53.202574672,-1.839293257,7.097949327,1.174484136,0.607327446,2.294754960,-2.633286577,3.000000000,standard,1.355840668,1.137121811
53.273041659,-1.813492386,7.163625049,1.219007555,0.654774359,2.212415147,-2.609141589,3.000000000,standard,1.283041542,1.120200791
53.343508645,-1.790756742,7.230410567,1.266910663,0.703169280,2.127689849,0.540903940,3.000000000,standard,1.212808867,1.107208357
53.413975631,-1.771323822,7.298242934,1.316478095,0.693720815,2.145529267,0.898534056,3.000000000,standard,1.156937946,1.103123343
53.484442617,-1.755229788,7.366966191,1.364832488,0.676644536,2.174840180,0.801482143,3.000000000,standard,1.117964105,1.105901939
53.554909604,-1.742434732,7.436389236,1.412064937,0.661802258,2.200655782,0.366252341,3.000000000,standard,1.094923992,1.110846984
53.625376590,-1.732898603,7.506320903,1.458327148,0.649450172,2.212352429,2.400000000,3.000000000,standard,1.086847746,1.113256382
53.695843576,-1.726568471,7.576574433,1.502973749,0.604708605,2.287519356,2.400000000,3.000000000,standard,1.092588127,1.108739263
53.766310563,-1.723238642,7.647015342,1.543409409,0.541998620,2.360293698,2.400000000,3.000000000,standard,1.108894222,1.096595897
53.836777549,-1.722603411,7.717543370,1.579438045,0.479735156,2.430890346,2.400000000,3.000000000,standard,1.131137870,1.078543097
53.907244535,-1.724355338,7.788058850,1.611114829,0.418607926,2.499493830,2.400000000,3.000000000,standard,1.154667033,1.056339566
53.977711522,-1.728187886,7.858465567,1.638566482,0.361125506,2.566264005,2.400000000,3.000000000,standard,1.174921491,1.031776349
54.048178508,-1.733809331,7.928724076,1.662050303,0.305167783,2.631340433,2.400000000,3.000000000,standard,1.188851054,1.007176430
54.118645494,-1.740940081,7.998841412,1.681581033,0.249052372,2.694845823,2.400000000,3.000000000,standard,1.194641801,0.985298297
54.189112481,-1.749300900,8.068825977,1.697159628,0.193026519,2.756888744,2.400000000,3.000000000,standard,1.190516189,0.968913249
54.259579467,-1.758620093,8.138686030,1.709333575,0.163028450,2.817565807,2.400000000,3.000000000,standard,1.175087728,0.960592917
54.330046453,-1.768742828,8.208427631,1.720396335,0.150926177,2.876963436,2.400000000,3.000000000,standard,1.153030895,0.959814202
54.400513440,-1.779606350,8.278055106,1.730605272,0.138810869,2.935159306,2.400000000,3.000000000,standard,1.133795506,0.963615716
54.470980426,-1.791150396,8.347572732,1.739960394,0.126697473,2.992223535,0.330639354,3.000000000,standard,1.126960720,0.968970031
54.541447412,-1.803319519,8.416983950,1.748784835,0.128790686,3.000000000,0.000000000,3.000000000,standard,1.141075743,0.973005046
54.611914399,-1.816118892,8.486281628,1.758210244,0.138711602,3.000000000,0.000000000,3.000000000,standard,1.171717921,0.974804960
54.682381385,-1.829595134,8.555451408,1.768335003,0.148634767,3.000000000,0.000000000,3.000000000,standard,1.205595667,0.974791505
54.752848371,-1.843795670,8.624478792,1.779159206,0.158548381,3.000000000,0.000000000,3.000000000,standard,1.229245398,0.973412352
54.823315358,-1.858777037,8.693346159,1.791241436,0.190225406,3.000000000,0.000000000,3.000000000,standard,1.231084519,0.971122485
54.893782344,-1.874680932,8.762006724,1.806052773,0.230094512,3.000000000,0.000000000,3.000000000,standard,1.217107470,0.968445253
54.964249330,-1.891695506,8.830397794,1.823675634,0.270008326,3.000000000,-1.858304331,3.000000000,standard,1.202896734,0.965941294
55.034716317,-1.910009377,8.898456514,1.844110314,0.309820904,2.956028042,-4.000000000,3.000000000,standard,1.204131565,0.964171622
55.105183303,-1.929812754,8.966112745,1.867523371,0.355123789,2.859084801,-4.000000000,3.000000000,standard,1.233098571,0.963534256
55.175650289,-1.951304830,9.033255191,1.894197466,0.401658362,2.758737032,-4.000000000,3.000000000,standard,1.282918159,0.963506412
55.246117276,-1.974687949,9.099758121,1.924162835,0.448479876,2.654598673,-4.000000000,3.000000000,standard,1.339987093,0.963242277
55.316584262,-2.000164371,9.165495739,1.957415589,0.492784688,2.546204671,-2.907678793,3.000000000,standard,1.390713616,0.961898486
55.387051248,-2.027911678,9.230328850,1.993362521,0.526858272,2.464420318,-2.640285578,3.000000000,standard,1.426882518,0.959432435
55.457518234,-2.058048840,9.294086426,2.031758693,0.562172425,2.387731469,-2.723631754,3.000000000,standard,1.453048396,0.957703418
55.527985221,-2.090686314,9.356592816,2.072673014,0.598292313,2.305950850,-0.613737215,3.000000000,standard,1.475620386,0.958846937
55.598452207,-2.125926529,9.417675078,2.115584783,0.609016672,2.287118908,0.451462102,3.000000000,standard,1.500315585,0.964657711
55.668919193,-2.163761777,9.477197430,2.158403667,0.605345001,2.300986581,0.008995649,3.000000000,standard,1.523357017,0.972255248
55.739386180,-2.204104396,9.535051064,2.201016186,0.603154665,2.301262054,0.337388398,3.000000000,standard,1.534075854,0.975365272
55.809853166,-2.246864869,9.591127860,2.243491546,0.596728170,2.311570143,2.400000000,3.000000000,standard,1.521660177,0.967645145
55.880320152,-2.291923469,9.645359953,2.284175988,0.557258579,2.383610299,2.400000000,3.000000000,standard,1.480938463,0.946542859
55.950787139,-2.339081852,9.697784222,2.322094210,0.518290949,2.453536141,2.400000000,3.000000000,standard,1.421417029,0.919370639
56.021254125,-2.388129054,9.748454371,2.357300450,0.480330724,2.521523573,2.400000000,3.000000000,standard,1.354959276,0.895024792
56.091721111,-2.438857591,9.797424423,2.390011684,0.449928271,2.587725384,2.400000000,3.000000000,standard,1.292923904,0.881769467
56.162188098,-2.491105262,9.844752593,2.420793820,0.423350100,2.652275287,2.400000000,3.000000000,standard,1.240106793,0.879648614
56.232655084,-2.544741539,9.890500024,2.449708753,0.397008362,2.715291096,2.400000000,3.000000000,standard,1.196714131,0.882957421
56.303122070,-2.599636542,9.934727919,2.476781563,0.371721988,2.776877251,2.400000000,3.000000000,standard,1.162857859,0.885873216
56.373589057,-2.655672520,9.977490345,2.502569503,0.359957352,2.837126857,2.400000000,3.000000000,standard,1.137797515,0.884032096
56.444056043,-2.712774145,10.018816404,2.527530535,0.348290362,2.896123329,2.400000000,3.000000000,standard,1.117810603,0.878173513
56.514523029,-2.770875363,10.058729741,2.551675656,0.336792789,2.953941751,1.945791514,3.000000000,standard,1.098522892,0.870152273
56.584990016,-2.829910722,10.097253044,2.575144391,0.334816205,3.000000000,0.000000000,3.000000000,standard,1.075641080,0.861822028
56.655457002,-2.889840600,10.134367799,2.599212352,0.348066234,3.000000000,-1.007149682,3.000000000,standard,1.048357864,0.854986672
56.725923988,-2.950660468,10.169999518,2.624221089,0.361523804,2.976249048,-2.400352344,3.000000000,standard,1.020601541,0.851382509
56.796390975,-3.012368306,10.204069715,2.650183415,0.375108643,2.918864026,-1.542719623,3.000000000,standard,0.996638627,0.852741014
56.866857961,-3.074960368,10.236500604,2.677020926,0.385163359,2.881379114,-1.267860427,3.000000000,standard,0.980219529,0.860386789
56.937324947,-3.138413939,10.267222055,2.704482384,0.393940029,2.850203675,-1.296680299,3.000000000,standard,0.969421182,0.871171738
57.007791934,-3.202694571,10.296168685,2.732576641,0.403124734,2.817962860,-1.404355045,3.000000000,standard,0.958809437,0.879179797
57.078258920,-3.267767636,10.323275178,2.761329209,0.412655788,2.782623465,2.400000000,3.000000000,standard,0.942897981,0.878453777
57.148725906,-3.333592115,10.348495459,2.789856334,0.395431143,2.842751287,2.400000000,3.000000000,standard,0.917737955,0.864735924
57.219192892,-3.400097420,10.371872392,2.817083593,0.377060429,2.901633404,2.400000000,3.000000000,standard,0.886486946,0.841623636
57.289659879,-3.467204429,10.393474518,2.843028570,0.359030492,2.959344176,1.719117438,3.000000000,standard,0.854354376,0.814982323
57.360126865,-3.534834036,10.413370398,2.867713322,0.340935080,3.000000000,0.000000000,3.000000000,standard,0.826542640,0.790672271
57.430593851,-3.602913648,10.431634434,2.891026130,0.320527468,3.000000000,0.000000000,3.000000000,standard,0.805819384,0.772754028
57.501060838,-3.671386613,10.448355322,2.912900909,0.300170606,3.000000000,0.000000000,3.000000000,standard,0.788991148,0.760881763
57.571527824,-3.740198672,10.463623910,2.933345603,0.279959095,3.000000000,0.000000000,3.000000000,standard,0.771969001,0.754047719
57.641994810,-3.809295687,10.477531043,2.952374789,0.260203994,3.000000000,0.000000000,3.000000000,standard,0.750710940,0.751232929
57.712461797,-3.878631221,10.490167603,2.970037881,0.241027560,3.000000000,0.000000000,3.000000000,standard,0.724244003,0.750684955
57.782928783,-3.948171158,10.501624527,2.986349794,0.221873394,3.000000000,0.000000000,3.000000000,standard,0.696503965,0.749478229
57.853395769,-4.017882488,10.511992760,3.001314154,0.202789905,3.000000000,0.000000000,3.000000000,standard,0.671867105,0.744581905
57.923862756,-4.087732417,10.521363117,3.014951373,0.184776421,3.000000000,0.000000000,3.000000000,standard,0.654592039,0.733065360
57.994329742,-4.157695048,10.529822374,3.027383394,0.168040103,3.000000000,0.000000000,3.000000000,standard,0.645175504,0.715202295
58.064796728,-4.227752668,10.537452515,3.038635850,0.151306616,3.000000000,0.000000000,3.000000000,standard,0.639651369,0.695067822
58.135263715,-4.297888035,10.544335242,3.048709836,0.134596501,3.000000000,0.000000000,3.000000000,standard,0.633794358,0.676957789
58.205730701,-4.368084145,10.550551726,3.057651783,0.120324423,3.000000000,0.000000000,3.000000000,standard,0.623529406,0.665072742
58.276197687,-4.438328744,10.556172243,3.065704568,0.108222170,3.000000000,0.000000000,3.000000000,standard,0.607850244,0.661666185
58.346664674,-4.508614019,10.561256882,3.072904441,0.096119677,3.000000000,0.000000000,3.000000000,standard,0.588619145,0.667171635
58.417131660,-4.578932332,10.565865344,3.079251662,0.084023163,3.000000000,0.000000000,3.000000000,standard,0.567808476,0.681952760
58.487598646,-4.649276218,10.570056212,3.084825179,0.075585254,3.000000000,0.000000000,3.000000000,standard,0.547348084,0.706159437
58.558065633,-4.719640784,10.573872017,3.089936444,0.069480850,3.000000000,0.000000000,3.000000000,standard,0.528556228,0.736866785
58.628532619,-4.790023059,10.577343253,3.094617534,0.063376718,3.000000000,0.000000000,3.000000000,standard,0.512292685,0.768844895
58.698999605,-4.860420121,10.580500125,3.098868527,0.057274156,3.000000000,0.000000000,3.000000000,standard,0.499406127,0.796808035
58.769466592,-4.930829128,10.583372334,3.102720578,0.052439632,3.000000000,0.000000000,3.000000000,standard,0.490650818,0.815836530
58.839933578,-5.001248099,10.585984294,3.106265046,0.048159122,3.000000000,0.000000000,3.000000000,standard,0.485791260,0.824848308
58.910400564,-5.071675569,10.588357262,3.109507886,0.043878886,3.000000000,0.000000000,3.000000000,standard,0.484001108,0.825052198
58.980867551,-5.142110077,10.590512457,3.112449131,0.039599329,3.000000000,0.000000000,3.000000000,standard,0.484446108,0.817687700
59.051334537,-5.212550232,10.592470174,3.115138685,0.037120447,3.000000000,0.000000000,3.000000000,standard,0.486197932,0.804283039
59.121801523,-5.282995160,10.594243608,3.117684381,0.035131441,3.000000000,0.000000000,3.000000000,standard,0.487601070,0.788598294
59.192268509,-5.353444230,10.595842642,3.120089920,0.033142569,3.000000000,0.000000000,3.000000000,standard,0.486661160,0.775433538
59.262735496,-5.423896812,10.597277139,3.122355315,0.031153933,3.000000000,0.000000000,3.000000000,standard,0.481381947,0.769594663
59.333202482,-5.494352304,10.598557077,3.124475154,0.028990960,3.000000000,0.000000000,3.000000000,standard,0.470374573,0.774837320
59.403669468,-5.564810251,10.599693079,3.126441039,0.026804839,3.000000000,0.000000000,3.000000000,standard,0.455711639,0.788932038
59.474136455,-5.635270258,10.600695994,3.128252876,0.024618791,3.000000000,0.000000000,3.000000000,standard,0.440690124,0.807532305
59.544603441,-5.705731924,10.601576673,3.129910675,0.022432877,3.000000000,0.000000000,3.000000000,standard,0.428608423,0.826289159
59.615070427,-5.776194893,10.602343732,3.131510788,0.023017561,3.000000000,0.000000000,3.000000000,standard,0.421991557,0.841777355
59.685537414,-5.846658972,10.602996500,3.133154656,0.023638751,3.000000000,0.000000000,3.000000000,standard,0.420148140,0.854413319
59.756004400,-5.917124015,10.603531892,3.134842297,0.024259977,3.000000000,0.000000000,3.000000000,standard,0.421550745,0.865612043
59.826471386,-5.987589875,10.603946821,3.136573363,0.024778036,3.000000000,0.000000000,3.000000000,standard,0.424671910,0.876787474
59.896938373,-6.058056383,10.604239361,3.138303872,0.024337350,3.000000000,0.000000000,3.000000000,standard,0.427936420,0.887850715
59.967405359,-6.128523305,10.604411051,3.140003332,0.023896780,3.000000000,0.000000000,3.000000000,standard,0.429625985,0.894210101
60.037872345,-6.198990394,10.604464080,-3.141513557,0.023456334,3.000000000,0.000000000,3.000000000,standard,0.427995635,0.890434239
60.108339332,-6.269457407,10.604400670,-3.139883636,0.022018012,3.000000000,0.000000000,3.000000000,standard,0.421308615,0.871123734
60.178806318,-6.339924179,10.604229831,-3.138513299,0.016874990,3.000000000,0.000000000,3.000000000,standard,0.409326975,0.836714994
60.249273304,-6.410390727,10.603975198,-3.137505377,0.011731940,3.000000000,0.000000000,3.000000000,standard,0.395044458,0.800227480
60.319740291,-6.480857088,10.603662309,-3.136859868,0.006588922,3.000000000,0.000000000,3.000000000,standard,0.381875179,0.776317434
60.390207277,-6.551323300,10.603316434,-3.136542834,0.004310829,3.000000000,0.000000000,3.000000000,standard,0.373197997,0.779443105
60.460674263,-6.621789353,10.602947091,-3.136120047,0.007688753,3.000000000,0.000000000,3.000000000,standard,0.370319747,0.812426292
60.531141250,-6.692255159,10.602539570,-3.135459227,0.011066678,3.000000000,0.000000000,3.000000000,standard,0.371360285,0.860190780
60.601608236,-6.762720626,10.602077098,-3.134560376,0.014444574,3.000000000,0.000000000,3.000000000,standard,0.374168177,0.906136810
60.672075222,-6.833185657,10.601542802,-3.133414389,0.018383934,3.000000000,0.000000000,3.000000000,standard,0.376635029,0.934098228
60.742542209,-6.903649996,10.600917063,-3.131956931,0.022981715,3.000000000,0.000000000,3.000000000,standard,0.377854330,0.940018079
60.813009195,-6.974113214,10.600177210,-3.130175476,0.027579599,3.000000000,0.000000000,3.000000000,standard,0.378252582,0.933269705
60.883476181,-7.044574873,10.599300417,-3.128070022,0.032177437,3.000000000,0.000000000,3.000000000,standard,0.378325636,0.923925162
60.953943168,-7.115034515,10.598263941,-3.125646924,0.036459364,3.000000000,0.000000000,3.000000000,standard,0.378556921,0.921487303
61.024410154,-7.185491379,10.597046478,-3.122935209,0.040504411,3.000000000,0.000000000,3.000000000,standard,0.379220683,0.925873106
61.094877140,-7.255944449,10.595627920,-3.119938432,0.044549958,3.000000000,0.000000000,3.000000000,standard,0.380417304,0.929032285
61.165344126,-7.326392704,10.593988195,-3.116656568,0.048595669,3.000000000,0.000000000,3.000000000,standard,0.382241887,0.922672550
61.235811113,-7.396835102,10.592107805,-3.113126257,0.051079842,3.000000000,0.000000000,3.000000000,standard,0.384763727,0.899531653
61.306278099,-7.467270416,10.589973939,-3.109466801,0.052782322,3.000000000,0.000000000,3.000000000,standard,0.387751522,0.864346298
61.376745085,-7.537697293,10.587578109,-3.105687338,0.054485855,3.000000000,0.000000000,3.000000000,standard,0.390779737,0.829606204
61.447212072,-7.608114380,10.584911896,-3.101787804,0.056190236,3.000000000,0.000000000,3.000000000,standard,0.393419587,0.807930834
61.517679058,-7.678520364,10.581967916,-3.097826842,0.055672800,3.000000000,0.000000000,3.000000000,tight_bend_1_standard,0.395346822,0.810233845
61.588146044,-7.748914308,10.578747784,-3.093948084,0.054413612,3.000000000,0.000000000,3.000000000,tight_bend_1_standard,0.397148261,0.832562070
61.658613031,-7.819295466,10.575257753,-3.090158025,0.053155251,3.000000000,0.000000000,3.000000000,tight_bend_1_standard,0.399880345,0.863299046
61.729080017,-7.889663093,10.571504116,-3.086456605,0.051897874,3.000000000,0.000000000,3.000000000,tight_bend_1_standard,0.404603412,0.890764723
61.799547003,-7.960016234,10.567489485,-3.082654183,0.057139448,3.000000000,0.000000000,3.000000000,tight_bend_1_standard,0.412005875,0.904745922
61.870013990,-8.030352511,10.563191586,-3.078395455,0.063731226,3.000000000,0.000000000,3.000000000,tight_bend_1_standard,0.420261901,0.904945711
61.940480976,-8.100668953,10.558577841,-3.073672224,0.070322302,3.000000000,0.000000000,3.000000000,tight_bend_1_standard,0.426504396,0.895173906
62.010947962,-8.170962590,10.553615639,-3.068484544,0.076910719,3.000000000,0.000000000,3.000000000,tight_bend_1_standard,0.427862936,0.879253462
62.081414949,-8.241229222,10.548264034,-3.062433210,0.096153116,3.000000000,0.000000000,3.000000000,tight_bend_1_standard,0.422343341,0.860720407
62.151881935,-8.311457928,10.542436419,-3.054926923,0.116883077,3.000000000,0.000000000,3.000000000,tight_bend_1_standard,0.412754015,0.841538138
62.222348921,-8.381635493,10.536030620,-3.045959609,0.137618316,3.000000000,-3.136305579,3.000000000,tight_bend_1_standard,0.403540264,0.823134045
62.292815908,-8.451748700,10.528944450,-3.035531280,0.158338847,2.925403902,-4.000000000,3.000000000,tight_bend_1_standard,0.399148777,0.806935063
62.363282894,-8.521779542,10.521054361,-3.022642108,0.209730142,2.827410848,-4.000000000,3.000000000,tight_bend_1_standard,0.403088156,0.794142361
62.433749880,-8.591686068,10.512130037,-3.005961949,0.263637597,2.725897323,-4.000000000,3.000000000,tight_bend_1_standard,0.414177869,0.784828601
62.504216867,-8.661418863,10.501907864,-2.985483403,0.317444248,2.620454220,-4.000000000,3.000000000,tight_bend_1_standard,0.429775223,0.778714554
62.574683853,-8.730928508,10.490124221,-2.961217162,0.370813243,2.510586472,-4.000000000,3.000000000,tight_bend_1_standard,0.447237047,0.775520875
62.645150839,-8.800145989,10.476491799,-2.931845542,0.468354030,2.395685402,-4.000000000,3.000000000,tight_bend_1_standard,0.464598838,0.774982523
62.715617826,-8.868881754,10.460577593,-2.895049776,0.574891436,2.274988494,-4.000000000,3.000000000,tight_bend_1_standard,0.484070985,0.776922436
62.786084812,-8.936900453,10.441893236,-2.850709488,0.682170756,2.147518745,-4.000000000,3.000000000,tight_bend_1_standard,0.509450195,0.781196985
62.856551798,-9.003966643,10.419950255,-2.798821737,0.787704576,2.011989282,-2.746533094,3.000000000,tight_bend_1_standard,0.544536239,0.787662603
62.927018784,-9.069835450,10.394269179,-2.739885697,0.871632110,1.913379485,-2.058162835,3.000000000,tight_bend_1_standard,0.592821144,0.796147394
62.997485771,-9.134098160,10.364526863,-2.675441703,0.949882299,1.836016336,-2.031668778,3.000000000,tight_bend_1_standard,0.652453245,0.805987497
63.067952757,-9.196207243,10.330532615,-2.605129094,1.037124486,1.756310005,-1.782671999,3.000000000,tight_bend_1_standard,0.717053245,0.816102222
63.138419743,-9.255610779,10.292099930,-2.528466239,1.129990031,1.683266405,-1.569547816,3.000000000,tight_bend_1_standard,0.780098725,0.825397702
63.208886730,-9.311756850,10.249042302,-2.445178959,1.222975950,1.616224978,0.206055130,3.000000000,tight_bend_1_standard,0.835067264,0.832780069
63.279353716,-9.364114229,10.201265484,-2.358823447,1.210988440,1.625184096,0.043282469,3.000000000,tight_bend_1_standard,0.876296794,0.837427069
63.349820702,-9.412244895,10.149090750,-2.273000948,1.208715851,1.627059715,-0.169155681,3.000000000,tight_bend_1_standard,0.902000286,0.839739794
63.420287689,-9.455737053,10.092956311,-2.186803923,1.220533930,1.619717115,-0.435142462,3.000000000,tight_bend_1_standard,0.911481201,0.840463604
63.490754675,-9.494178910,10.033300383,-2.099336534,1.245779410,1.600673976,-0.304892550,3.000000000,tight_bend_1_standard,0.904043058,0.840343876
63.561221661,-9.527159225,9.970561271,-2.009875657,1.263397973,1.587194840,1.130058919,3.000000000,tight_bend_1_standard,0.878997163,0.840125050
63.631688648,-9.554418039,9.905201434,-1.922755416,1.196577470,1.636597432,1.010314811,3.000000000,tight_bend_1_standard,0.837787364,0.840294957
63.702155634,-9.576051475,9.837740185,-1.840215458,1.134002756,1.679535303,1.012942881,3.000000000,tight_bend_1_standard,0.786876983,0.840737424
63.772622620,-9.592206846,9.768705012,-1.761780276,1.079599858,1.721510063,0.905913889,3.000000000,tight_bend_1_standard,0.733450982,0.841249442
63.843089607,-9.603031466,9.698623400,-1.686820739,1.036009413,1.758201053,0.593046843,3.000000000,tight_bend_1_standard,0.684694322,0.841628002
63.913556593,-9.608671965,9.628018365,-1.614526216,1.008923723,1.781811266,0.410558529,3.000000000,tight_bend_1_standard,0.647719974,0.841673313
63.984023579,-9.609257009,9.557295438,-1.543838193,0.989652341,1.797974703,0.445071162,3.000000000,tight_bend_1_standard,0.627749954,0.841270040
64.054490566,-9.604895960,9.486733928,-1.474518977,0.971227967,1.815334317,0.387495458,3.000000000,tight_bend_1_standard,0.627974631,0.840393590
64.124957552,-9.595697230,9.416606919,-1.406414511,0.954584659,1.830314168,0.435790527,3.000000000,tight_bend_1_standard,0.651484201,0.839023845
64.195424538,-9.581769230,9.347187496,-1.339332312,0.940424720,1.847015876,-1.086017661,3.000000000,tight_bend_1_standard,0.701368860,0.837140688
64.265891525,-9.563192066,9.278776728,-1.271390076,0.983065839,1.805106883,-1.336736860,3.000000000,tight_bend_1_standard,0.778208073,0.834719798
64.336358511,-9.539891665,9.211828115,-1.199663963,1.041740351,1.752147033,-1.276868111,3.000000000,tight_bend_1_standard,0.868905342,0.831713960
64.406825497,-9.511741713,9.146846802,-1.123546349,1.108594777,1.700019156,-1.346035316,3.000000000,tight_bend_1_standard,0.955730412,0.828068205
64.477292484,-9.478615855,9.084337979,-1.042577523,1.180322210,1.643278133,-0.753956037,3.000000000,tight_bend_1_standard,1.020949315,0.823727554
64.547759470,-9.440389202,9.024806440,-0.956730298,1.225014634,1.610622552,0.650997985,3.000000000,tight_bend_1_standard,1.046910513,0.818635501
64.618226456,-9.397114523,8.968709430,-0.871085553,1.193757914,1.638857143,0.262982790,3.000000000,tight_bend_1_standard,1.025944359,0.812550323
64.688693443,-9.349189698,8.916411824,-0.787149085,1.174146934,1.650126040,0.169534712,3.000000000,tight_bend_1_standard,0.969771650,0.804870503
64.759160429,-9.297052266,8.868267884,-0.704127109,1.167094093,1.657350038,-0.259812527,3.000000000,tight_bend_1_standard,0.892341601,0.794953175
64.829627415,-9.241139768,8.824631868,-0.621195285,1.172994239,1.646266302,0.577061323,3.000000000,tight_bend_1_standard,0.807603427,0.782155472
64.900094401,-9.181891038,8.785844329,-0.538500240,1.139328394,1.670784331,1.587127150,3.000000000,tight_bend_1_standard,0.729114924,0.765865952
64.970561388,-9.119769907,8.751981058,-0.460571040,1.063239984,1.736433246,1.512168504,3.000000000,tight_bend_1_standard,0.662874307,0.746080077
65.041028374,-9.055262809,8.722878450,-0.387911114,0.990700199,1.796751605,1.639097028,3.000000000,tight_bend_1_standard,0.608044354,0.723342079
65.111495360,-8.988856989,8.698364280,-0.320139327,0.925141210,1.859924941,1.595005244,3.000000000,tight_bend_1_standard,0.563541713,0.698215949
65.181962347,-8.921039696,8.678266321,-0.256744001,0.868440796,1.919403869,2.400000000,3.000000000,tight_bend_1_standard,0.528283033,0.671265677
65.252429333,-8.852249886,8.662366118,-0.198646393,0.776312295,2.005580401,2.400000000,3.000000000,tight_bend_1_standard,0.501254913,0.643703504
65.322896319,-8.782737755,8.650264513,-0.147198242,0.681744618,2.088203601,2.400000000,3.000000000,tight_bend_1_standard,0.481717375,0.619275550
65.393363306,-8.712707388,8.641518204,-0.102407226,0.587753399,2.167679823,2.400000000,3.000000000,tight_bend_1_standard,0.468997240,0.602346960
65.463830292,-8.642362867,8.635683887,-0.064172153,0.495980992,2.244343411,2.400000000,3.000000000,tight_bend_1_standard,0.462421327,0.597282878
65.534297278,-8.571896318,8.632336240,-0.031315116,0.444745571,2.318473394,2.400000000,3.000000000,tight_bend_1_standard,0.461132078,0.607627381
65.604764265,-8.501399216,8.631201261,-0.001344945,0.405310879,2.390305507,2.400000000,3.000000000,tight_bend_1_standard,0.462720241,0.630014626
65.675231251,-8.430912639,8.632080718,0.025832853,0.365764244,2.460041047,2.400000000,3.000000000,tight_bend_1_standard,0.463999573,0.657618685
65.745698237,-8.360477289,8.634776948,0.050226477,0.326415873,2.527853533,2.400000000,3.000000000,tight_bend_1_standard,0.461778033,0.683587829
65.816165224,-8.290131595,8.639092290,0.071845955,0.286975429,2.593893795,2.400000000,3.000000000,tight_bend_1_standard,0.453380441,0.701630041
65.886632210,-8.219890437,8.644829129,0.090673289,0.247311195,2.658293918,2.400000000,3.000000000,tight_bend_1_standard,0.441486290,0.711251936
65.957099196,-8.149754765,8.651789878,0.106707230,0.207692402,2.721170353,2.400000000,3.000000000,tight_bend_1_standard,0.431942611,0.715390296
66.027566183,-8.079725347,8.659776950,0.119953619,0.168201344,2.782626390,2.400000000,3.000000000,tight_bend_1_standard,0.430637711,0.717026600
66.098033169,-8.009802261,8.668599349,0.130801836,0.143872713,2.842754150,2.400000000,3.000000000,tight_bend_1_standard,0.442686952,0.718606907
66.168500155,-7.939978922,8.678129715,0.140289654,0.125391423,2.901636209,2.400000000,3.000000000,tight_bend_1_standard,0.465743418,0.717408149
66.238967142,-7.870245015,8.688276313,0.148474112,0.106894753,2.959346926,1.719001944,3.000000000,tight_bend_1_standard,0.493282487,0.707813364
66.309434128,-7.800590181,8.698947799,0.155355007,0.088398313,3.000000000,0.000000000,3.000000000,tight_bend_1_standard,0.518733637,0.684173791
66.379901114,-7.731003850,8.710053401,0.160961480,0.070949552,3.000000000,0.000000000,3.000000000,tight_bend_1_standard,0.536422832,0.642598288
66.450368101,-7.661473765,8.721506802,0.165356345,0.053785603,3.000000000,0.000000000,3.000000000,tight_bend_1_standard,0.547645718,0.592860217
66.520835087,-7.591986883,8.733223769,0.168541781,0.036623012,3.000000000,0.000000000,3.000000000,tight_bend_1_standard,0.556961689,0.551131731
66.591302073,-7.522530158,8.745120078,0.170517895,0.019462552,3.000000000,0.000000000,3.000000000,tight_bend_1_standard,0.568948783,0.533621532
66.661769059,-7.453091021,8.757115416,0.171477994,0.008636411,3.000000000,0.000000000,3.000000000,tight_bend_1_standard,0.586889705,0.552657353
66.732236046,-7.383659771,8.769152926,0.171739694,-0.001208895,3.000000000,0.000000000,3.000000000,tight_bend_1_standard,0.606285987,0.597253667
66.802703032,-7.314227776,8.781184472,0.171307617,-0.011054379,3.000000000,0.000000000,3.000000000,tight_bend_1_standard,0.619747170,0.647760216
66.873170018,-7.244786405,8.793161934,0.170181767,-0.020899620,3.000000000,0.000000000,3.000000000,tight_bend_1_standard,0.619877978,0.684512306
66.943637005,-7.175327760,8.805040703,0.168522276,-0.025977376,3.000000000,0.000000000,3.000000000,tight_bend_1_standard,0.602422871,0.692561972
67.014103991,-7.105847321,8.816792332,0.166521037,-0.030821787,3.000000000,0.000000000,3.000000000,tight_bend_1_standard,0.577578185,0.678671860
67.084570977,-7.036341537,8.828393024,0.164178415,-0.035666531,3.000000000,0.000000000,3.000000000,tight_bend_1_standard,0.559695688,0.655847193
67.155037964,-6.966806855,8.839818984,0.161494683,-0.040308641,3.000000000,0.000000000,3.000000000,standard,0.563127191,0.637093470
67.225504950,-6.897240521,8.851050979,0.158658575,-0.040185755,3.000000000,0.000000000,3.000000000,standard,0.596792444,0.630773635
67.295971936,-6.827642590,8.862085945,0.155831111,-0.040063246,3.000000000,0.000000000,3.000000000,standard,0.650382510,0.628816674
67.366438923,-6.758013737,8.872924387,0.153012264,-0.039941120,3.000000000,0.000000000,3.000000000,standard,0.709335731,0.619516951
67.436905909,-6.688354641,8.883566811,0.150200319,-0.040188510,3.000000000,0.000000000,3.000000000,standard,0.759097292,0.591179831
67.507372895,-6.618665482,8.894010383,0.147272530,-0.042907847,3.000000000,0.000000000,3.000000000,standard,0.789583783,0.539300841
67.577839882,-6.548945097,8.904243191,0.144153107,-0.045627465,3.000000000,0.000000000,3.000000000,standard,0.802889776,0.478958092
67.648306868,-6.479192097,8.914251788,0.140842034,-0.048347089,3.000000000,0.000000000,3.000000000,standard,0.803163689,0.428532344
67.718773854,-6.409405090,8.924022704,0.137334450,-0.051681786,3.000000000,0.000000000,3.000000000,standard,0.794549641,0.406338208
67.789240841,-6.339582478,8.933538393,0.133499944,-0.057148204,3.000000000,0.000000000,3.000000000,standard,0.780508391,0.420178658
67.859707827,-6.269722233,8.942772803,0.129280154,-0.062616876,3.000000000,0.000000000,3.000000000,standard,0.763075276,0.455930303
67.930174813,-6.199822272,8.951698823,0.124674961,-0.068087085,3.000000000,0.000000000,3.000000000,standard,0.744107261,0.496725991
68.000641800,-6.129880504,8.960289221,0.119668695,-0.074928367,3.000000000,0.000000000,3.000000000,tight_bend_2_standard,0.725473140,0.525819860
68.071108786,-6.059894222,8.968509125,0.114046344,-0.084644781,3.000000000,0.000000000,3.000000000,tight_bend_2_standard,0.709807912,0.534321736
68.141575772,-5.989859735,8.976311483,0.107739279,-0.094360045,3.000000000,0.000000000,3.000000000,tight_bend_2_standard,0.700967801,0.525862426
68.212042759,-5.919773266,8.983648158,0.100747613,-0.104069134,3.000000000,0.000000000,3.000000000,tight_bend_2_standard,0.702918115,0.505191125
68.282509745,-5.849631030,8.990469322,0.092900079,-0.125454126,3.000000000,0.000000000,3.000000000,tight_bend_2_standard,0.719476962,0.477035620
68.352976731,-5.779428893,8.996665647,0.082728075,-0.163223402,3.000000000,0.000000000,3.000000000,tight_bend_2_standard,0.749272121,0.445368768
68.423443718,-5.709162289,9.002053857,0.069893034,-0.201031784,3.000000000,0.000000000,3.000000000,tight_bend_2_standard,0.784481569,0.413225311
68.493910704,-5.638826630,9.006446061,0.054393883,-0.238813031,3.000000000,0.000000000,3.000000000,tight_bend_2_standard,0.816880453,0.383581397
68.564377690,-5.568418029,9.009655204,0.036312279,-0.271748364,3.000000000,0.000000000,3.000000000,tight_bend_2_standard,0.838456333,0.359425209
68.634844676,-5.497951413,9.011516549,0.016177920,-0.299549433,3.000000000,0.000000000,3.000000000,tight_bend_2_standard,0.846857869,0.344065604
68.705311663,-5.427462076,9.011889516,-0.005925419,-0.327603533,3.000000000,-2.257600977,3.000000000,tight_bend_2_standard,0.845862534,0.341158607
68.775778649,-5.356986328,9.010634733,-0.030010995,-0.355796152,2.946494074,-4.000000000,3.000000000,tight_bend_2_standard,0.839553934,0.354377587
68.846245635,-5.286560968,9.007612942,-0.056077230,-0.383485458,2.849226463,-4.000000000,3.000000000,tight_bend_2_standard,0.831880616,0.387155570
68.916712622,-5.216236739,9.002688153,-0.084075925,-0.410877492,2.748518791,-4.000000000,3.000000000,tight_bend_2_standard,0.822930391,0.436055441
68.987179608,-5.146080037,8.995728037,-0.114018125,-0.438524366,2.643977998,-4.000000000,3.000000000,tight_bend_2_standard,0.808457996,0.489929426
69.057646594,-5.076158088,8.986600465,-0.145917734,-0.466168341,2.535129931,-4.000000000,3.000000000,tight_bend_2_standard,0.783988243,0.537220606
69.128113581,-5.006539595,8.975171186,-0.180037474,-0.513186203,2.421393787,-4.000000000,3.000000000,tight_bend_2_standard,0.745180629,0.566561346
69.198580567,-4.937358149,8.961212950,-0.219091191,-0.593836882,2.302045174,-4.000000000,3.000000000,tight_bend_2_standard,0.693606680,0.574892870
69.269047553,-4.868836197,8.944371154,-0.263897186,-0.676239124,2.176160862,-3.708177347,3.000000000,tight_bend_2_standard,0.638933745,0.570534402
69.339514540,-4.801202607,8.924281994,-0.314533024,-0.758828529,2.052575924,-2.765424229,3.000000000,tight_bend_2_standard,0.591414191,0.562627357
69.409981526,-4.734686513,8.900581878,-0.370955302,-0.835579002,1.955332633,-1.908404224,3.000000000,tight_bend_2_standard,0.561281527,0.560302041
69.480448512,-4.669586121,8.872962105,-0.432307266,-0.900695276,1.885302818,-1.904943337,3.000000000,tight_bend_2_standard,0.553906323,0.569824148
69.550915499,-4.606360263,8.841241635,-0.498566145,-0.973464586,1.812703915,-1.695523967,3.000000000,tight_bend_2_standard,0.563349972,0.590797463
69.621382485,-4.545490556,8.805257532,-0.570150878,-1.051423529,1.745548210,-1.610826065,3.000000000,tight_bend_2_standard,0.582069845,0.621880891
69.691849471,-4.487458616,8.764846860,-0.647331917,-1.130681294,1.679261278,-0.413428973,3.000000000,tight_bend_2_standard,0.602523314,0.661733337
69.762316458,-4.432747949,8.719888795,-0.728618988,-1.156967152,1.661821967,-0.425445493,3.000000000,tight_bend_2_standard,0.618043865,0.708752727
69.832783444,-4.381854820,8.670546645,-0.811559498,-1.184563568,1.643682612,-0.597947426,3.000000000,tight_bend_2_standard,0.627876308,0.759576100
69.903250430,-4.335280765,8.617101187,-0.896885595,-1.223699908,1.617844684,-0.782998606,3.000000000,tight_bend_2_standard,0.633709367,0.810112497
69.973717417,-4.293527341,8.559833572,-0.985306107,-1.271943564,1.583373082,-0.405403425,3.000000000,tight_bend_2_standard,0.637239515,0.856268646
70.044184403,-4.257093991,8.499027572,-1.077041545,-1.300164807,1.565226885,0.153079682,3.000000000,tight_bend_2_standard,0.640144550,0.894006207
70.114651389,-4.226386117,8.435083895,-1.169086903,-1.296337516,1.572103473,-0.154142065,3.000000000,tight_bend_2_standard,0.643270210,0.921734089
70.185118376,-4.201679531,8.368564381,-1.261362283,-1.305688559,1.565179056,-0.269465561,3.000000000,tight_bend_2_standard,0.646315663,0.941233491
70.255585362,-4.183240598,8.300042621,-1.354750308,-1.327475157,1.552999879,-0.443485405,3.000000000,tight_bend_2_standard,0.648896467,0.954531530
70.326052348,-4.171335679,8.230092205,-1.450076507,-1.359998207,1.532744749,0.147219288,3.000000000,tight_bend_2_standard,0.650628176,0.963655323
70.396519334,-4.166194276,8.159300298,-1.546349500,-1.349590797,1.539498186,0.015699148,3.000000000,tight_bend_2_standard,0.651159507,0.970329984
70.466986321,-4.167857228,8.088323552,-1.642082402,-1.348640199,1.540216610,-0.140930526,3.000000000,tight_bend_2_standard,0.650308880,0.974734965
70.537453307,-4.176305183,8.017840786,-1.738247606,-1.362021959,1.533755296,-0.418891292,3.000000000,tight_bend_2_standard,0.647948864,0.976556551
70.607920293,-4.191518760,7.948530829,-1.835809405,-1.388736727,1.514387432,0.038497071,3.000000000,tight_bend_2_standard,0.643952052,0.975480813
70.678387280,-4.213470524,7.881069868,-1.934932817,-1.385380733,1.516177707,0.512921850,3.000000000,tight_bend_2_standard,0.638189676,0.971164793
70.748854266,-4.241942661,7.816071611,-2.031990239,-1.351240410,1.539832119,0.232657201,3.000000000,tight_bend_2_standard,0.630500787,0.962579327
70.819321252,-4.276524061,7.754086334,-2.127137548,-1.331262674,1.550442600,0.027606889,3.000000000,tight_bend_2_standard,0.620691767,0.947998554
70.889788239,-4.316794981,7.695661481,-2.221390751,-1.326990782,1.551696815,-0.015500726,3.000000000,tight_bend_2_standard,0.608567538,0.925665494
70.960255225,-4.362335586,7.641344262,-2.315745920,-1.324960392,1.550992723,1.218917702,3.000000000,tight_bend_2_standard,0.593934148,0.893825374
71.030722211,-4.412675360,7.591555416,-2.406679325,-1.243091708,1.605417497,1.171169895,3.000000000,tight_bend_2_standard,0.577214634,0.851935004
71.101189198,-4.467209262,7.546379957,-2.491968029,-1.166295884,1.656026258,1.202213234,3.000000000,tight_bend_2_standard,0.560469830,0.802667347
71.171656184,-4.525310178,7.505847817,-2.572181282,-1.099687206,1.706416026,0.980463455,3.000000000,tight_bend_2_standard,0.546029292,0.749223050
71.242123170,-4.586350991,7.469988925,-2.648084306,-1.046559107,1.746435302,2.326745645,3.000000000,tight_bend_2_standard,0.536222574,0.694802761
71.312590157,-4.649732820,7.438777737,-2.718721506,-0.946324719,1.837921046,2.400000000,3.000000000,tight_bend_2_standard,0.533292386,0.642419095
71.383057143,-4.715009602,7.411888399,-2.781682178,-0.836951492,1.927743579,2.400000000,3.000000000,tight_bend_2_standard,0.539011310,0.594066780
71.453524129,-4.781786752,7.388893907,-2.836975256,-0.729241206,2.013563219,2.400000000,3.000000000,tight_bend_2_standard,0.554993578,0.551397693
71.523991116,-4.849669723,7.369367177,-2.884811556,-0.625932794,2.095871746,2.400000000,3.000000000,tight_bend_2_standard,0.582853303,0.516063454
71.594458102,-4.918288009,7.352892060,-2.926325274,-0.556439957,2.175067794,2.400000000,3.000000000,tight_bend_2_standard,0.623429887,0.489478811
71.664925088,-4.987447707,7.339132711,-2.963346780,-0.493413983,2.251479834,2.400000000,3.000000000,tight_bend_2_standard,0.671871867,0.471318524
71.735392075,-5.057033648,7.327789084,-2.995906145,-0.430194131,2.325382330,2.400000000,3.000000000,tight_bend_2_standard,0.720790647,0.460481619
71.805859061,-5.126931028,7.318561300,-3.024022088,-0.367468903,2.397007408,2.400000000,3.000000000,tight_bend_2_standard,0.762785952,0.455863552
71.876326047,-5.197031782,7.311160410,-3.048342146,-0.326604357,2.466553475,2.400000000,3.000000000,tight_bend_2_standard,0.791165127,0.456289889
71.946793034,-5.267276257,7.305375939,-3.070096474,-0.290678585,2.534191702,2.400000000,3.000000000,tight_bend_2_standard,0.804315765,0.460084438
72.017260020,-5.337625954,7.301031703,-3.089320024,-0.254809603,2.600070983,2.400000000,3.000000000,tight_bend_2_standard,0.802845235,0.465351768
72.087727006,-5.408042460,7.297951660,-3.106020916,-0.219111310,2.664321799,2.400000000,3.000000000,tight_bend_2_standard,0.787370205,0.470195528
72.158193993,-5.478490605,7.295964135,-3.120428591,-0.190693252,2.727059256,2.400000000,3.000000000,tight_bend_2_standard,0.758947845,0.472977131
72.228660979,-5.548954610,7.294923577,-3.132902968,-0.163326287,2.788385504,2.400000000,3.000000000,tight_bend_2_standard,0.721270437,0.473599960
72.299127965,-5.619425877,7.294694108,3.139736768,-0.135961210,2.848391696,2.400000000,3.000000000,tight_bend_2_standard,0.679005853,0.472538272
72.369594951,-5.689895816,7.295139866,3.131118784,-0.108624868,2.907159573,2.400000000,3.000000000,tight_bend_2_standard,0.636823545,0.470267253
72.440061938,-5.760357380,7.296126876,3.124343121,-0.083795572,2.964762777,1.491348576,3.000000000,tight_bend_2_standard,0.599608640,0.467478850
72.510528924,-5.830810646,7.297529907,3.119309007,-0.059081654,3.000000000,0.000000000,3.000000000,tight_bend_2_standard,0.573243949,0.465867751
72.580995910,-5.901257749,7.299226252,3.116016479,-0.034366656,3.000000000,2.400000000,3.000000000,tight_bend_2_standard,0.563900574,0.467418392
72.651462897,-5.971700824,7.301093205,3.114465220,-0.009805226,3.055853651,2.400000000,6.000000000,round_arc_transition,0.577749218,0.474115118
72.721929883,-6.042142166,7.303010923,3.114540170,0.011932625,3.110704594,2.400000000,6.000000000,round_arc_transition,0.617236290,0.486904275
72.792396869,-6.112584621,7.304869397,3.116146945,0.033671073,3.164604968,2.400000000,6.000000000,round_arc_transition,0.672022366,0.503168660
72.862863856,-6.183031152,7.306560725,3.119285541,0.055408515,3.217602545,2.400000000,6.000000000,round_arc_transition,0.729026378,0.519526947
72.933330842,-6.253484718,7.307977012,3.123953668,0.076757283,3.269741224,2.400000000,4.000000000,dynamic_arc_transition,0.775176555,0.532600266
73.003797828,-6.323946607,7.309013411,3.130043385,0.096077314,3.321061458,2.400000000,4.000000000,dynamic_arc_transition,0.800995516,0.539959830
73.074264815,-6.394413921,7.309572720,3.137495020,0.115408976,3.371600620,2.400000000,4.000000000,dynamic_arc_transition,0.806025560,0.541560964
73.144731801,-6.464883111,7.309558918,-3.136876214,0.134743395,3.421393324,2.400000000,4.000000000,dynamic_arc_transition,0.791201158,0.537726979
73.215198787,-6.535350595,7.308876033,-3.126707715,0.153229755,3.470471698,2.400000000,4.000000000,dynamic_arc_transition,0.757485642,0.528803332
73.285665774,-6.605809354,7.307433193,-3.115336942,0.169472955,3.518865634,2.400000000,4.000000000,dynamic_arc_transition,0.708764132,0.517377453
73.356132760,-6.676246019,7.305148933,-3.102819845,0.185757597,3.566602989,2.400000000,4.000000000,dynamic_arc_transition,0.654312773,0.510173463
73.426599746,-6.746646538,7.301942804,-3.089154286,0.202061424,3.613709785,2.400000000,4.000000000,dynamic_arc_transition,0.603989285,0.514361743
73.497066733,-6.816996740,7.297734422,-3.074346209,0.217849179,3.660210370,-1.230049492,4.000000000,dynamic_arc_transition,0.567574739,0.536955763
73.567533719,-6.887277200,7.292446437,-3.058463157,0.232880009,3.636452143,-4.000000000,4.000000000,dynamic_arc_transition,0.551463259,0.578035654
73.638000705,-6.957461276,7.286005652,-3.041517416,0.247999766,3.558096163,-4.000000000,4.000000000,dynamic_arc_transition,0.557398081,0.628160810
73.708467692,-7.027521805,7.278339175,-3.023504042,0.263169573,3.477975331,-4.000000000,4.000000000,dynamic_arc_transition,0.586784997,0.677199859
73.778934678,-7.097431347,7.269374361,-3.004438248,0.277303565,3.395964740,-3.657658046,4.000000000,dynamic_arc_transition,0.640614285,0.715311229
73.849401664,-7.167155712,7.259044579,-2.984428593,0.290483754,3.319199940,-3.422330031,4.000000000,dynamic_arc_transition,0.709741702,0.739721628
73.919868651,-7.236653746,7.247289416,-2.963484236,0.303818176,3.245730375,-3.240623196,4.000000000,dynamic_arc_transition,0.774556816,0.754957367
73.990335637,-7.305883972,7.234048743,-2.941596068,0.317254032,3.174594741,-2.514671047,4.000000000,dynamic_arc_transition,0.814967317,0.765880839
74.060802623,-7.374804483,7.219263092,-2.918796919,0.328883962,3.118276638,-2.103473027,4.000000000,dynamic_arc_transition,0.812550919,0.777143565
74.131269609,-7.443366756,7.202883069,-2.895241006,0.339473639,3.070374307,-2.055974842,4.000000000,dynamic_arc_transition,0.774419813,0.790172849
74.201736596,-7.511517106,7.184867149,-2.870930332,0.350291065,3.022820153,-2.049288950,4.000000000,dynamic_arc_transition,0.727625727,0.803878243
74.272203582,-7.579201712,7.165174014,-2.845850749,0.361278411,2.974664224,-1.344401611,4.000000000,dynamic_arc_transition,0.699749921,0.817102439
74.342670568,-7.646366389,7.143763787,-2.820066925,0.369329890,2.942644285,-1.108256230,4.000000000,dynamic_arc_transition,0.715642892,0.828771630
74.413137555,-7.712953209,7.120611407,-2.793783080,0.376373313,2.915984299,-1.146700167,4.000000000,dynamic_arc_transition,0.771977371,0.838673638
74.483604541,-7.778902037,7.095700556,-2.766992109,0.383711383,2.888140479,-1.211758142,4.000000000,dynamic_arc_transition,0.848808923,0.847104415
74.554071527,-7.844152710,7.069015029,-2.739674853,0.391296656,2.858422211,-0.496987238,4.000000000,dynamic_arc_transition,0.925978573,0.854366471
74.624538514,-7.908645307,7.040541014,-2.711934879,0.394868322,2.846143909,-0.389127800,4.000000000,dynamic_arc_transition,0.986073968,0.860733448
74.695005500,-7.972321671,7.010282098,-2.683995800,0.397759077,2.836493226,-0.457765432,4.000000000,dynamic_arc_transition,1.031641951,0.866269211
74.765472486,-8.035124422,6.978249550,-2.655840977,0.400985483,2.825098073,-0.528856433,4.000000000,dynamic_arc_transition,1.074043801,0.870944984
74.835939473,-8.096996185,6.944454674,-2.627447672,0.404524690,2.811875759,0.153790623,4.000000000,dynamic_arc_transition,1.124679639,0.874731582
74.906406459,-8.157881035,6.908911764,-2.598949021,0.403543702,2.815727190,0.169875850,4.000000000,dynamic_arc_transition,1.191905949,0.877582875
74.976873445,-8.217730644,6.871650775,-2.570539393,0.402423731,2.819975334,0.103840584,4.000000000,dynamic_arc_transition,1.268155173,0.879364079
75.047340432,-8.276499159,6.832706761,-2.542196686,0.401645152,2.822568963,0.069469705,4.000000000,dynamic_arc_transition,1.340669388,0.879911513
75.117807418,-8.334140726,6.792114780,-2.513897047,0.401132746,2.824302780,0.673687262,4.000000000,dynamic_arc_transition,1.396687864,0.879061481
75.188274404,-8.390612459,6.749912648,-2.485783161,0.396456381,2.841061705,0.642592899,4.000000000,dynamic_arc_transition,1.430601018,0.876713617
75.258741391,-8.445882717,6.706148632,-2.457989155,0.392063236,2.856955510,0.598980375,4.000000000,dynamic_arc_transition,1.463920103,0.873007739
75.329208377,-8.499922521,6.660873481,-2.430493857,0.387983974,2.871691395,0.610337863,4.000000000,dynamic_arc_transition,1.524584688,0.868140593
75.399675363,-8.552702900,6.614137942,-2.403276290,0.383896445,2.886629316,1.003746124,4.000000000,dynamic_arc_transition,1.640506390,0.862308320
75.470142350,-8.604198517,6.565993853,-2.376433598,0.377655952,2.911029155,0.967212078,4.000000000,dynamic_arc_transition,1.819789224,0.855276718
75.540609336,-8.654394041,6.516496049,-2.350023133,0.371643971,2.934348953,0.952773090,4.000000000,dynamic_arc_transition,2.015982981,0.845626345
75.611076322,-8.703275850,6.465699880,-2.324027178,0.365898717,2.957140828,0.973634593,4.000000000,dynamic_arc_transition,2.173326190,0.831735460
75.681543309,-8.750830343,6.413660685,-2.298428332,0.360209392,2.980251678,1.131239339,4.000000000,dynamic_arc_transition,2.236276631,0.811999605
75.752010295,-8.797046891,6.360432818,-2.273257354,0.353947570,3.006880463,1.118184691,4.000000000,dynamic_arc_transition,2.180027807,0.787236958
75.822477281,-8.841920866,6.306068629,-2.248521496,0.347873737,3.032972194,1.106336663,4.000000000,dynamic_arc_transition,2.041874485,0.763160606
75.892944268,-8.885448367,6.250620229,-2.224206123,0.342021714,3.058568416,1.159965361,4.000000000,dynamic_arc_transition,1.866594421,0.746073461
75.963411254,-8.927625548,6.194139700,-2.200298680,0.336123368,3.085177350,1.306197636,4.000000000,dynamic_arc_transition,1.698624650,0.742202272
76.033878240,-8.968451715,6.136677505,-2.176827619,0.329835203,3.114868681,1.299006330,4.000000000,dynamic_arc_transition,1.563705505,0.753594622
76.104345226,-9.007930899,6.078281683,-2.153794606,0.323700713,3.144118481,1.315505692,4.000000000,dynamic_arc_transition,1.459559593,0.776035456
76.174812213,-9.046067518,6.019000074,-2.131187665,0.317749381,3.173465057,1.318004113,4.000000000,dynamic_arc_transition,1.381608439,0.804795367
76.245279199,-9.082866055,5.958880414,-2.108993641,0.311992748,3.202597699,1.339888650,4.000000000,dynamic_arc_transition,1.325209530,0.835217840
76.315746185,-9.118332767,5.897967539,-2.087201450,0.306355494,3.231944902,1.355198960,4.000000000,dynamic_arc_transition,1.283898021,0.864720525
76.386213172,-9.152475902,5.836303026,-2.065802347,0.300843788,3.261358831,1.379277783,4.000000000,dynamic_arc_transition,1.249168466,0.893043673
76.456680158,-9.185303815,5.773928285,-2.044786631,0.295480422,3.291025451,1.327328349,4.000000000,dynamic_arc_transition,1.212407549,0.920050311
76.527147144,-9.216824897,5.710884536,-2.024139953,0.290459470,3.319324356,1.300821042,4.000000000,dynamic_arc_transition,1.165489915,0.945612907
76.597614131,-9.247048189,5.647209776,-2.003836021,0.285679662,3.346825968,1.319977962,4.000000000,dynamic_arc_transition,1.108628178,0.969765233
76.668081117,-9.275983274,5.582939299,-1.983865377,0.281005102,3.374503488,1.346238293,4.000000000,dynamic_arc_transition,1.049028827,0.992676369
76.738548103,-9.303639753,5.518108317,-1.964220014,0.276452541,3.402499743,1.226439192,4.000000000,dynamic_arc_transition,0.994114885,1.014519582
76.809015090,-9.330027195,5.452751763,-1.944882980,0.272371937,3.427805632,1.179620779,4.000000000,dynamic_arc_transition,0.950624422,1.035430078
76.879482076,-9.355154825,5.386901459,-1.925821019,0.268539601,3.451970466,1.193507505,4.000000000,dynamic_arc_transition,0.917643908,1.055117880
76.949949062,-9.379031649,5.320587278,-1.907026054,0.264797359,3.476248818,1.211324068,4.000000000,dynamic_arc_transition,0.889467061,1.073026689
77.020416049,-9.401666671,5.253839065,-1.888491343,0.261157050,3.500717435,1.035124806,4.000000000,dynamic_arc_transition,0.860313938,1.088596112
77.090883035,-9.423068761,5.186686320,-1.870197276,0.258065837,3.521492129,0.990845082,4.000000000,dynamic_arc_transition,0.825241322,1.101521144
77.161350021,-9.443245767,5.119155907,-1.852111033,0.255168248,3.541263976,0.993533186,4.000000000,dynamic_arc_transition,0.785737875,1.113459918
77.231817008,-9.462205061,5.051273465,-1.834226251,0.252350012,3.560979237,0.994252097,4.000000000,dynamic_arc_transition,0.746275000,1.126980963
77.302283994,-9.479954015,4.983064627,-1.816537089,0.249619186,3.580600093,0.784015613,4.000000000,dynamic_arc_transition,0.711340453,1.144657797
77.372750980,-9.496499742,4.914554660,-1.799021636,0.247472779,3.595996588,0.751701964,4.000000000,dynamic_arc_transition,0.684581550,1.168255749
77.443217967,-9.511847972,4.845766823,-1.781651380,0.245450326,3.610696858,0.742386615,4.000000000,dynamic_arc_transition,0.665065615,1.195135895
77.513684953,-9.526003963,4.776723697,-1.764421152,0.243499743,3.625156451,0.721818681,4.000000000,dynamic_arc_transition,0.650307468,1.221166374
77.584151939,-9.538972972,4.707447864,-1.747325734,0.241630044,3.639160353,0.486858885,4.000000000,dynamic_arc_transition,0.637820678,1.242214126
77.654618926,-9.550759841,4.637961565,-1.730340050,0.240382176,3.648575479,0.467200669,4.000000000,dynamic_arc_transition,0.625604420,1.255316842
77.725085912,-9.561367782,4.568285710,-1.713440115,0.239198466,3.657587658,0.448355887,4.000000000,dynamic_arc_transition,0.613560402,1.262099048
77.795552898,-9.570799612,4.498440888,-1.696621248,0.238081987,3.666215494,0.407394377,4.000000000,dynamic_arc_transition,0.602056196,1.265308424
77.866019884,-9.579058144,4.428447682,-1.679878448,0.237079929,3.674037528,0.233443748,4.000000000,dynamic_arc_transition,0.591459412,1.267691740
77.936486871,-9.586145775,4.358326452,-1.663190632,0.236482536,3.678512188,0.217720290,4.000000000,dynamic_arc_transition,0.582170587,1.271189168
78.006953857,-9.592063725,4.288096905,-1.646542709,0.235948661,3.682680559,0.197569571,4.000000000,dynamic_arc_transition,0.574683653,1.275453335
78.077420843,-9.596813003,4.217778637,-1.629930130,0.235479640,3.686459055,0.140923331,4.000000000,dynamic_arc_transition,0.569508981,1.279734119
78.147887830,-9.600394619,4.147391241,-1.613347749,0.235144937,3.689151833,0.003971740,4.000000000,dynamic_arc_transition,0.567151420,1.283283295
78.218354816,-9.602809130,4.076954221,-1.596776504,0.235110675,3.689227697,-0.012690226,4.000000000,dynamic_arc_transition,0.567244447,1.285651724
78.288821802,-9.604056167,4.006486895,-1.580205432,0.235140268,3.688985296,-0.026976536,4.000000000,dynamic_arc_transition,0.567607243,1.287013006
78.359288789,-9.604135240,3.936008558,-1.563630021,0.235233641,3.688469955,-0.115162400,4.000000000,dynamic_arc_transition,0.565832449,1.287618496
78.429755775,-9.603045849,3.865538506,-1.547044179,0.235525706,3.686269159,-0.273546129,4.000000000,dynamic_arc_transition,0.559552453,1.287713282
78.500222761,-9.600786752,3.795096181,-1.530422735,0.236153886,3.681036317,-0.279728238,4.000000000,dynamic_arc_transition,0.548783049,1.287166606
78.570689748,-9.597355556,3.724701250,-1.513754690,0.236848080,3.675677510,-0.296312188,4.000000000,dynamic_arc_transition,0.537233307,1.285265306
78.641156734,-9.592749772,3.654373399,-1.497035440,0.237606550,3.669992467,-0.381930636,4.000000000,dynamic_arc_transition,0.528929887,1.281246138
78.711623720,-9.586966886,3.584132330,-1.480258344,0.238564532,3.662651731,-0.489205671,4.000000000,dynamic_arc_transition,0.527798188,1.274397178
78.782090707,-9.580003751,3.513998228,-1.463402491,0.239765019,3.653227614,-0.498039805,4.000000000,dynamic_arc_transition,0.534652322,1.265583319
78.852557693,-9.571856475,3.443991839,-1.446459550,0.241035457,3.643608277,-0.511004963,4.000000000,dynamic_arc_transition,0.546686244,1.257504165
78.923024679,-9.562521126,3.374133940,-1.429424694,0.242372553,3.633712057,-0.589551538,4.000000000,dynamic_arc_transition,0.560890144,1.252962592
78.993491666,-9.551993746,3.304445356,-1.412290720,0.243905029,3.622261100,-0.658295290,4.000000000,dynamic_arc_transition,0.574390810,1.254562901
79.063958652,-9.540269903,3.234947766,-1.395040189,0.245620807,3.609431992,-0.668184101,4.000000000,dynamic_arc_transition,0.586820510,1.261267189
79.134425638,-9.527344753,3.165663598,-1.377666052,0.247412066,3.596363367,-0.681518803,4.000000000,dynamic_arc_transition,0.600007410,1.268845385
79.204892625,-9.513213437,3.096615305,-1.360163137,0.249273920,3.582984833,-0.730948167,4.000000000,dynamic_arc_transition,0.615854026,1.272959338
79.275359611,-9.497871087,3.027825442,-1.342524544,0.251288776,3.568580234,-0.768432441,4.000000000,dynamic_arc_transition,0.636025407,1.269613498
79.345826597,-9.481312748,2.959317779,-1.324738339,0.253432789,3.553373981,-0.778553716,4.000000000,dynamic_arc_transition,0.659348681,1.258906755
79.416293584,-9.463533400,2.891116886,-1.306798086,0.255659556,3.537900787,-0.794323792,4.000000000,dynamic_arc_transition,0.682782616,1.243633585
79.486760570,-9.444528028,2.823247347,-1.288698135,0.257962580,3.522044118,-0.798843376,4.000000000,dynamic_arc_transition,0.703253119,1.226635877
79.557227556,-9.424291674,2.755733925,-1.270433526,0.260326612,3.506024900,-0.815093375,4.000000000,dynamic_arc_transition,0.718240954,1.210433500
79.627694543,-9.402819894,2.688602850,-1.251999097,0.262782908,3.489604025,-0.828686648,4.000000000,dynamic_arc_transition,0.729781019,1.194903256
79.698161529,-9.380108496,2.621881069,-1.233388290,0.265330864,3.472829704,-0.844837622,4.000000000,dynamic_arc_transition,0.742141348,1.178625910
79.768628515,-9.356153288,2.555595538,-1.214594857,0.267962455,3.455644633,-0.790056594,4.000000000,dynamic_arc_transition,0.759605343,1.160173307
79.839095501,-9.330950306,2.489773468,-1.195618675,0.270491955,3.439496186,-0.801629917,4.000000000,dynamic_arc_transition,0.785712063,1.138599818
79.909562488,-9.304496915,2.424443566,-1.176462003,0.273104339,3.423033322,-0.818046273,4.000000000,dynamic_arc_transition,0.819673470,1.115764884
79.980029474,-9.276790956,2.359635081,-1.157117583,0.275818783,3.406151291,-0.830790342,4.000000000,dynamic_arc_transition,0.859141951,1.094538949
80.050496460,-9.247830272,2.295377260,-1.137578448,0.278626029,3.388920187,-0.705602078,4.000000000,dynamic_arc_transition,0.901767806,1.077793810
80.120963447,-9.217613255,2.231699629,-1.117854283,0.281061613,3.374216461,-0.725290548,4.000000000,dynamic_arc_transition,0.945660791,1.067232762
80.191430433,-9.186140603,2.168632865,-1.097954504,0.283612430,3.359035375,-0.748749037,4.000000000,dynamic_arc_transition,0.990851013,1.059675131
80.261897419,-9.153413615,2.106207947,-1.077870912,0.286276620,3.343290965,-0.745607294,4.000000000,dynamic_arc_transition,1.037870229,1.050664426
80.332364406,-9.119433592,2.044455852,-1.057595978,0.288974202,3.327538591,-0.569208792,4.000000000,dynamic_arc_transition,1.087250296,1.035745160
80.402831392,-9.084202849,1.983407724,-1.037152628,0.291118492,3.315462595,-0.604829111,4.000000000,dynamic_arc_transition,1.139677538,1.012028326
80.473298378,-9.047726773,1.923095190,-1.016553322,0.293396276,3.302582512,-0.640252821,4.000000000,dynamic_arc_transition,1.196304865,0.981356677
80.543765365,-9.010011329,1.863549973,-0.995789043,0.295798944,3.288893108,-0.601100238,4.000000000,dynamic_arc_transition,1.258372942,0.946462893
80.614232351,-8.971062489,1.804803794,-0.974852777,0.298097038,3.275988772,-0.376493936,4.000000000,dynamic_arc_transition,1.327114395,0.910073869
80.684699337,-8.930887899,1.746888110,-0.953786376,0.299666416,3.267880299,-0.429930528,4.000000000,dynamic_arc_transition,1.402132920,0.873744350
80.755166324,-8.889498904,1.689833798,-0.932604249,0.301378299,3.258596297,-0.481896316,4.000000000,dynamic_arc_transition,1.479433870,0.836439776
80.825633310,-8.846907346,1.633671657,-0.911296664,0.303225827,3.248158596,-0.385174207,4.000000000,dynamic_arc_transition,1.554541251,0.796779218
80.896100296,-8.803125097,1.578432471,-0.889859170,0.304753847,3.239791681,-0.132980669,4.000000000,dynamic_arc_transition,1.623060949,0.753397835
80.966567283,-8.758166385,1.524145893,-0.868354498,0.305439407,3.236897997,-0.202219859,4.000000000,dynamic_arc_transition,1.686322636,0.706055384
81.037034269,-8.712049293,1.470839731,-0.846796259,0.306272268,3.232492690,-0.269060796,4.000000000,dynamic_arc_transition,1.755028770,0.656353163
81.107501255,-8.664792260,1.418541620,-0.825174247,0.307248969,3.226621947,-0.104763108,4.000000000,dynamic_arc_transition,1.840749595,0.606062975
81.177968242,-8.616413804,1.367279127,-0.803488901,0.307662617,3.224333188,0.137177224,4.000000000,dynamic_arc_transition,1.954584041,0.557035314
81.248435228,-8.566935141,1.317077501,-0.781817567,0.307257364,3.227329769,0.062482267,4.000000000,dynamic_arc_transition,2.091498312,0.513814321
81.318902214,-8.516380794,1.267959147,-0.760169611,0.306998719,3.228693747,-0.014590887,4.000000000,dynamic_arc_transition,2.226687089,0.484245345
81.389369201,-8.464775486,1.219946297,-0.738534715,0.306887766,3.228375282,0.222298390,4.000000000,dynamic_arc_transition,2.334136528,0.476375522
81.459836187,-8.412144069,1.173060997,-0.716920262,0.305976856,3.233223833,0.431182176,4.000000000,dynamic_arc_transition,2.388886184,0.497736087
81.530303173,-8.358513927,1.127321651,-0.695410262,0.304367904,3.242607681,0.362591844,4.000000000,dynamic_arc_transition,2.386961888,0.545580381
81.600770159,-8.303914779,1.082743301,-0.674008745,0.302898958,3.250477823,0.285348675,4.000000000,dynamic_arc_transition,2.343718541,0.607695450
81.671237146,-8.248376428,1.039340864,-0.652705696,0.301576029,3.256658011,0.585822941,4.000000000,dynamic_arc_transition,2.275232308,0.671515106
81.741704132,-8.191928816,0.997128889,-0.631516003,0.299285789,3.269309370,0.746479998,4.000000000,dynamic_arc_transition,2.196982148,0.725222735
81.812171118,-8.134603635,0.956117202,-0.610519599,0.296493167,3.285359668,0.695183852,4.000000000,dynamic_arc_transition,2.116811267,0.766585656
81.882638105,-8.076433785,0.916312362,-0.589715548,0.293828583,3.300236836,0.633087640,4.000000000,dynamic_arc_transition,2.037286060,0.799994317
81.953105091,-8.017452192,0.877720868,-0.569094555,0.291302307,3.313727014,0.974765795,4.000000000,dynamic_arc_transition,1.960867797,0.829971116
82.023572077,-7.957691840,0.840348615,-0.548677603,0.287752261,3.334391150,1.087314689,4.000000000,dynamic_arc_transition,1.889812827,0.860618423
82.094039064,-7.897186225,0.804196292,-0.528531242,0.283917608,3.357291158,1.062468878,4.000000000,dynamic_arc_transition,1.824594458,0.892383949
82.164506050,-7.835969107,0.769261901,-0.508651245,0.280195180,3.379517995,1.030328120,4.000000000,dynamic_arc_transition,1.764768152,0.923834108
82.234973036,-7.774074250,0.735543425,-0.489029364,0.276598000,3.400933712,1.386123528,4.000000000,dynamic_arc_transition,1.709881791,0.953519779
82.305440023,-7.711535281,0.703038034,-0.469689584,0.272041004,3.429533789,1.463315609,4.000000000,dynamic_arc_transition,1.659300525,0.980279737
82.375907009,-7.648384985,0.671737917,-0.450679885,0.267388321,3.459470031,1.470865666,4.000000000,dynamic_arc_transition,1.611269070,1.004717998
82.446373995,-7.584655835,0.641633377,-0.431994830,0.262830089,3.489301912,1.482901305,4.000000000,dynamic_arc_transition,1.563607701,1.028107282
82.516840982,-7.520380299,0.612714714,-0.413627417,0.258380284,3.519121909,1.822793042,4.000000000,dynamic_arc_transition,1.514135889,1.051721577
82.587307968,-7.455590403,0.584971288,-0.395600624,0.253137401,3.555434217,1.887901516,4.000000000,dynamic_arc_transition,1.461466382,1.076244499
82.657774954,-7.390316226,0.558388327,-0.377943387,0.247927263,3.592656668,1.932299213,4.000000000,dynamic_arc_transition,1.407702508,1.099761911
82.728241941,-7.324587310,0.532949921,-0.360650703,0.242793718,3.630359285,1.997707052,4.000000000,dynamic_arc_transition,1.355907395,1.119645379
82.798708927,-7.258433195,0.508640161,-0.343716999,0.237702264,3.668930815,2.315045419,4.000000000,dynamic_arc_transition,1.309143933,1.133266963
82.869175913,-7.191882618,0.485442171,-0.327161617,0.232102802,3.713128314,2.395700964,4.000000000,dynamic_arc_transition,1.269755370,1.139407913
82.939642900,-7.124961751,0.463335995,-0.310999396,0.226549901,3.758318445,2.400000000,4.000000000,dynamic_arc_transition,1.237797792,1.141328158
83.010109886,-7.057696262,0.442301073,-0.295226457,0.221056967,3.803051283,2.400000000,4.000000000,dynamic_arc_transition,1.212873935,1.143175365
83.080576872,-6.990111811,0.422316836,-0.279838759,0.215569827,3.847264040,2.400000000,4.000000000,dynamic_arc_transition,1.194584292,1.149089263
83.151043859,-6.922232885,0.403361884,-0.264848211,0.209840669,3.890974445,2.400000000,4.000000000,dynamic_arc_transition,1.181955838,1.161179799
83.221510845,-6.854081243,0.385412877,-0.250260343,0.204145693,3.934199241,2.400000000,4.000000000,dynamic_arc_transition,1.172684026,1.176844476
83.291977831,-6.785678255,0.368446199,-0.236072273,0.198496061,3.976954262,1.304403718,4.000000000,dynamic_arc_transition,1.164275817,1.192813684
83.362444818,-6.717045276,0.352438227,-0.222281093,0.192855342,4.000000000,0.000000000,4.000000000,dynamic_arc_transition,1.154249578,1.205845913
83.432911804,-6.648202200,0.337364741,-0.208891350,0.187136287,4.000000000,0.000000000,4.000000000,dynamic_arc_transition,1.141046780,1.214973545
83.503378790,-6.579166407,0.323200493,-0.195903872,0.181441629,4.000000000,0.000000000,4.000000000,dynamic_arc_transition,1.124697056,1.223141105
83.573845776,-6.509955027,0.309920130,-0.183316585,0.175780164,4.000000000,0.000000000,4.000000000,dynamic_arc_transition,1.105386861,1.233679415
83.644312763,-6.440585152,0.297498291,-0.171127360,0.170134611,4.000000000,0.000000000,4.000000000,dynamic_arc_transition,1.083308565,1.249839912
83.714779749,-6.371072250,0.285909214,-0.159337076,0.164473035,4.000000000,0.000000000,4.000000000,dynamic_arc_transition,1.058880503,1.271842659
83.785246735,-6.301429703,0.275126621,-0.147945240,0.158828187,4.000000000,0.000000000,4.000000000,dynamic_arc_transition,1.032812204,1.296001179
83.855713722,-6.231670757,0.265124199,-0.136950414,0.153206725,4.000000000,0.000000000,4.000000000,dynamic_arc_transition,1.005832427,1.318371040
83.926180708,-6.161808578,0.255875629,-0.126350683,0.147623203,4.000000000,0.000000000,4.000000000,dynamic_arc_transition,0.978698028,1.335134982
83.996647694,-6.091854677,0.247354431,-0.116143532,0.142060767,4.000000000,0.000000000,4.000000000,dynamic_arc_transition,0.952778532,1.345248662
84.067114681,-6.021818954,0.239533974,-0.106328012,0.136509432,4.000000000,0.000000000,4.000000000,dynamic_arc_transition,0.930038033,1.350358743
84.137581667,-5.951711244,0.232387618,-0.096903171,0.130973997,4.000000000,0.000000000,4.000000000,dynamic_arc_transition,0.912465103,1.352222674
84.208048653,-5.881541265,0.225888686,-0.087869858,0.125364356,4.000000000,0.000000000,4.000000000,dynamic_arc_transition,0.901806517,1.352425890
84.278515640,-5.811317143,0.220009952,-0.079234922,0.119703483,4.000000000,0.000000000,4.000000000,dynamic_arc_transition,0.896461249,1.350172180
84.348982626,-5.741045843,0.214723792,-0.070998692,0.114049157,4.000000000,0.000000000,4.000000000,dynamic_arc_transition,0.892382679,1.342925525
84.419449612,-5.670734299,0.210002573,-0.063160588,0.108404787,4.000000000,0.000000000,4.000000000,dynamic_arc_transition,0.885468427,1.328110241
84.489916599,-5.600389293,0.205818753,-0.055714051,0.102998758,4.000000000,0.000000000,4.000000000,dynamic_arc_transition,0.872153038,1.303506070
84.560383585,-5.530016152,0.202145646,-0.048643233,0.097680293,4.000000000,0.000000000,4.000000000,dynamic_arc_transition,0.853900467,1.270222082
84.630850571,-5.459619407,0.198957034,-0.041947077,0.092365883,4.000000000,0.000000000,4.000000000,dynamic_arc_transition,0.834923454,1.231186964
84.701317558,-5.389203583,0.196226702,-0.035625235,0.087057561,4.000000000,0.000000000,4.000000000,dynamic_arc_transition,0.819462660,1.189347884
84.771784544,-5.318773013,0.193927513,-0.029724131,0.080165243,4.000000000,0.000000000,4.000000000,dynamic_arc_transition,0.811083596,1.147508505
84.842251530,-5.248330786,0.192026224,-0.024328862,0.072961680,4.000000000,0.000000000,4.000000000,dynamic_arc_transition,0.808907068,1.107527726
84.912718517,-5.177879487,0.190487132,-0.019441161,0.065759488,4.000000000,0.000000000,4.000000000,dynamic_arc_transition,0.810256701,1.070882444
84.983185503,-5.107421697,0.189274522,-0.015060886,0.058560117,4.000000000,0.000000000,4.000000000,dynamic_arc_transition,0.812451072,1.039048479
85.053652489,-5.036959787,0.188355256,-0.011071703,0.054852842,4.000000000,0.000000000,4.000000000,dynamic_arc_transition,0.813238487,1.012837468
85.124119476,-4.966495122,0.187708361,-0.007329762,0.051350281,4.000000000,0.000000000,4.000000000,dynamic_arc_transition,0.812397268,0.989923457
85.194586462,-4.896028770,0.187316449,-0.003834627,0.047848388,4.000000000,0.000000000,4.000000000,dynamic_arc_transition,0.810304604,0.967054894
85.265053448,-4.825561799,0.187162134,-0.000587047,0.043914935,4.000000000,0.000000000,6.000000000,round_arc_transition,0.807337811,0.940980305
85.335520435,-4.755095038,0.187220121,0.002095507,0.032221514,4.000000000,0.000000000,6.000000000,round_arc_transition,0.804226548,0.910134650
85.405987421,-4.684628491,0.187438106,0.003954037,0.020527525,4.000000000,0.000000000,6.000000000,round_arc_transition,0.802903926,0.878713070
85.476454407,-4.614161990,0.187758023,0.004988538,0.008833722,4.000000000,0.000000000,6.000000000,round_arc_transition,0.805559780,0.852139480
85.546921393,-4.543695366,0.188121913,0.005227289,0.002125653,4.000000000,0.000000000,6.000000000,round_arc_transition,0.814378555,0.835829344
85.617388380,-4.473228778,0.188511505,0.006056591,0.021411533,4.000000000,0.000000000,6.000000000,round_arc_transition,0.829541774,0.832059970
85.687855366,-4.402763206,0.189007415,0.008244940,0.040698262,4.000000000,0.000000000,6.000000000,round_arc_transition,0.846240265,0.835289268
85.758322352,-4.332299753,0.189705406,0.011792370,0.059985050,4.000000000,0.000000000,6.000000000,round_arc_transition,0.858900497,0.838777562
85.828789339,-4.261839511,0.190700132,0.016523258,0.060749779,4.000000000,0.000000000,6.000000000,round_arc_transition,0.861986040,0.835824087
85.899256325,-4.191382464,0.191974263,0.019058532,0.011206176,4.000000000,0.000000000,6.000000000,round_arc_transition,0.853705246,0.823655931
85.969723311,-4.120926553,0.193304032,0.018102650,-0.038336696,4.000000000,0.000000000,6.000000000,round_arc_transition,0.839170029,0.806741229
86.040190298,-4.050469502,0.194443421,0.013655371,-0.087889811,4.000000000,0.000000000,6.000000000,round_arc_transition,0.824236250,0.790328432
86.110657284,-3.980009062,0.195150249,0.006148922,-0.104890820,4.000000000,0.000000000,6.000000000,round_arc_transition,0.814675206,0.779591690
86.181124270,-3.909544436,0.195353545,0.000052939,-0.068130960,4.000000000,0.000000000,6.000000000,round_arc_transition,0.812480344,0.776385801
86.251591257,-3.839076825,0.195218537,-0.003453067,-0.031377583,4.000000000,0.000000000,6.000000000,round_arc_transition,0.814433348,0.777986327
86.322058243,-3.768607576,0.194927704,-0.004369487,0.005367846,4.000000000,0.000000000,6.000000000,round_arc_transition,0.816935212,0.781334344
86.392525229,-3.698138024,0.194661286,-0.002893094,0.030619145,4.000000000,0.000000000,6.000000000,straight_acceleration,0.816531020,0.783455682
86.462992216,-3.627669234,0.194544254,-0.000274964,0.043687248,4.000000000,0.000000000,6.000000000,straight_acceleration,0.813318785,0.783466036
86.533459202,-3.557201986,0.194644162,0.003264060,0.056757408,4.000000000,0.000000000,6.000000000,straight_acceleration,0.811087490,0.782652166
86.603926188,-3.486737052,0.195025895,0.007724044,0.069827751,4.000000000,0.000000000,6.000000000,straight_acceleration,0.813797824,0.782401830
86.674393175,-3.416275148,0.195748658,0.012697409,0.063406482,4.000000000,0.000000000,6.000000000,straight_acceleration,0.825040971,0.783949836
86.744860161,-3.345816225,0.196784424,0.016468854,0.043635960,4.000000000,0.000000000,6.000000000,straight_acceleration,0.842734149,0.786182322
86.815327147,-3.275359628,0.198036861,0.018847261,0.023867969,4.000000000,0.000000000,6.000000000,straight_acceleration,0.860351335,0.786146201
86.885794134,-3.204904688,0.199407811,0.019832753,0.004102011,4.000000000,0.000000000,6.000000000,straight_acceleration,0.871247774,0.780839240
86.956261120,-3.134450737,0.200803995,0.019721425,-0.003687990,4.000000000,0.000000000,6.000000000,straight_acceleration,0.869555045,0.767779641
87.026728106,-3.063997142,0.202182230,0.019366544,-0.006384276,4.000000000,0.000000000,6.000000000,straight_acceleration,0.857374958,0.749828652
87.097195093,-2.993543288,0.203528763,0.018821667,-0.009080496,4.000000000,0.000000000,6.000000000,straight_acceleration,0.841491215,0.732986147
87.167662079,-2.923088561,0.204830214,0.018086803,-0.011776512,4.000000000,0.000000000,6.000000000,straight_acceleration,0.828747253,0.723292047
87.238129065,-2.852632374,0.206070097,0.016998577,-0.020199311,4.000000000,0.000000000,6.000000000,straight_acceleration,0.824897854,0.725730608
87.308596051,-2.782174329,0.207209655,0.015230994,-0.029968254,4.000000000,0.000000000,6.000000000,straight_acceleration,0.827898317,0.737722977
87.379063038,-2.711714112,0.208200417,0.012775009,-0.039737529,4.000000000,0.000000000,6.000000000,straight_acceleration,0.832302321,0.753391770
87.449530024,-2.641251407,0.208993873,0.009630615,-0.049506510,4.000000000,0.000000000,6.000000000,straight_acceleration,0.832649414,0.766845905
87.519997010,-2.570786091,0.209546119,0.006011508,-0.052668148,4.000000000,0.000000000,6.000000000,straight_acceleration,0.824738656,0.773309852
87.590463997,-2.500319016,0.209836839,0.002209492,-0.055240081,4.000000000,0.000000000,6.000000000,straight_acceleration,0.810820867,0.773722452
87.660930983,-2.429851347,0.209853255,-0.001773806,-0.057813237,4.000000000,0.000000000,6.000000000,straight_acceleration,0.795207148,0.770847345
87.731397969,-2.359384248,0.209582588,-0.005938362,-0.060281734,4.000000000,0.000000000,6.000000000,straight_acceleration,0.782209487,0.767448965
87.801864956,-2.288918882,0.209015684,-0.010134265,-0.058805685,4.000000000,0.000000000,6.000000000,straight_acceleration,0.775074068,0.765780065
87.872331942,-2.218456403,0.208156782,-0.014226194,-0.057330712,4.000000000,0.000000000,6.000000000,straight_acceleration,0.773104140,0.766200436
87.942798928,-2.147997968,0.207013221,-0.018214229,-0.055857026,4.000000000,0.000000000,6.000000000,straight_acceleration,0.774691352,0.768632215
88.013265915,-2.077544729,0.205592347,-0.022095912,-0.053846036,4.000000000,0.000000000,6.000000000,straight_acceleration,0.778227008,0.772996590
88.083732901,-2.007097547,0.203906318,-0.025696984,-0.048359247,4.000000000,0.000000000,6.000000000,straight_acceleration,0.781896268,0.778641734
88.154199887,-1.936656497,0.201980233,-0.028911414,-0.042872526,4.000000000,0.000000000,6.000000000,straight_acceleration,0.783329693,0.783374245
88.224666874,-1.866221522,0.199841343,-0.031739232,-0.037386417,4.000000000,0.000000000,6.000000000,straight_acceleration,0.780065533,0.784744120
88.295133860,-1.795792561,0.197516932,-0.034175259,-0.031289273,4.000000000,0.000000000,6.000000000,straight_acceleration,0.769661742,0.780317316
88.365600846,-1.725369130,0.195038159,-0.036097873,-0.023278383,4.000000000,0.000000000,6.000000000,straight_acceleration,0.752254308,0.769747657
88.436067833,-1.654949901,0.192443871,-0.037455972,-0.015267272,4.000000000,0.000000000,6.000000000,straight_acceleration,0.733093624,0.756830964
88.506534819,-1.584533444,0.189773822,-0.038249552,-0.007256180,4.000000000,0.000000000,6.000000000,straight_acceleration,0.718032984,0.745851324
88.577001805,-1.514118333,0.187067758,-0.038479845,0.000655346,4.000000000,0.000000000,6.000000000,straight_acceleration,0.712842945,0.741029832
88.647468792,-1.443703136,0.184364882,-0.038161415,0.008382354,4.000000000,0.000000000,6.000000000,straight_acceleration,0.718888322,0.743232880
88.717935778,-1.373286415,0.181703601,-0.037298485,0.016109391,4.000000000,0.000000000,6.000000000,straight_acceleration,0.731007980,0.748357764
88.788402764,-1.302866733,0.179122258,-0.035891056,0.023836353,4.000000000,0.000000000,6.000000000,straight_acceleration,0.743513391,0.751900200
88.858869751,-1.232442670,0.176658947,-0.033962266,0.030131391,4.000000000,0.000000000,6.000000000,straight_acceleration,0.750858129,0.749477274
88.929336737,-1.162013380,0.174344756,-0.031676747,0.034736172,4.000000000,0.000000000,6.000000000,straight_acceleration,0.751500885,0.740126837
88.999803723,-1.091578648,0.172202966,-0.029066726,0.039341396,4.000000000,0.000000000,6.000000000,straight_acceleration,0.748363312,0.726698544
89.070270710,-1.021138294,0.170256451,-0.026132180,0.043946797,4.000000000,0.000000000,6.000000000,straight_acceleration,0.744601069,0.712241917
89.140737696,-0.950692166,0.168527662,-0.022904688,0.046970631,4.000000000,0.000000000,6.000000000,straight_acceleration,0.743187040,0.699650458
89.211204682,-0.880240574,0.167031862,-0.019530808,0.048786536,4.000000000,0.000000000,6.000000000,straight_acceleration,0.743964655,0.689146332
89.281671668,-0.809784220,0.165778273,-0.016028938,0.050603168,4.000000000,0.000000000,6.000000000,straight_acceleration,0.744149062,0.678708175
89.352138655,-0.739323817,0.164775931,-0.012399033,0.052420327,4.000000000,0.000000000,6.000000000,straight_acceleration,0.740873821,0.666244979
89.422605641,-0.668860099,0.164033260,-0.008679471,0.052623177,4.000000000,0.000000000,6.000000000,straight_acceleration,0.731610622,0.650019735
89.493072627,-0.598394045,0.163551823,-0.004991428,0.052050266,4.000000000,0.000000000,6.000000000,straight_acceleration,0.717642857,0.632286055
89.563539614,-0.527926785,0.163328848,-0.001343719,0.051478557,4.000000000,0.000000000,6.000000000,straight_acceleration,0.702657706,0.617814168
89.634006600,-0.457459454,0.163361500,0.002263734,0.050908105,4.000000000,0.000000000,6.000000000,straight_acceleration,0.690380001,0.611413722
89.704473586,-0.386992918,0.163645935,0.005776279,0.048354088,4.000000000,0.000000000,6.000000000,straight_acceleration,0.684046242,0.616991268
89.774940573,-0.316527514,0.164170455,0.009074295,0.045250076,4.000000000,0.000000000,6.000000000,straight_acceleration,0.683086955,0.631414652
89.845407559,-0.246063950,0.164919664,0.012153617,0.042146940,4.000000000,0.000000000,6.000000000,straight_acceleration,0.685146584,0.648248548
89.915874545,-0.175602950,0.165878147,0.015014304,0.039044858,4.000000000,0.000000000,6.000000000,straight_acceleration,0.687859282,0.661038589
89.986341532,-0.105145109,0.167028788,0.017575323,0.033362727,4.000000000,0.000000000,6.000000000,straight_acceleration,0.689275275,0.664712192
90.056808518,-0.034690299,0.168345065,0.019715059,0.027367300,4.000000000,0.000000000,6.000000000,straight_acceleration,0.689752087,0.661859268
90.127275504,0.035761860,0.169797211,0.021432313,0.021371886,4.000000000,0.000000000,6.000000000,straight_acceleration,0.690442491,0.657710741
