# .PCD v0.7 - Point Cloud Data file format
VERSION 0.7
FIELDS x y z intensity
SIZE 4 4 4 4
TYPE F F F F
COUNT 1 1 1 1
WIDTH 16473
HEIGHT 1
VIEWPOINT 0 0 0 1 0 0 0
POINTS 16473
DATA ascii
-1.1136903 -0.57329541 -0.0027913298 0
-1.0691417 -0.55604821 -0.0016066163 1
-1.064733 -0.53783029 0.013317399 0
-0.90748352 -0.53758025 -0.0036777647 9
-0.91955912 -0.53686136 0.0052426951 3
-0.914047 -0.55471575 0.0053828023 8
-0.91840267 -0.54377913 0.014293124 6
-0.92763942 -0.53698528 0.022196459 3
-0.88008106 -0.55082089 -0.0024235838 10
-0.89021295 -0.54804736 0.0064973072 8
-0.91729504 -0.54870349 0.022331728 9
-0.88427353 -0.5468356 0.014531037 8
-0.89636421 -0.54512858 0.021445639 9
-0.84405452 -0.55080599 0.00080867083 9
-0.8542015 -0.5470444 0.0077236984 8
-0.85114413 -0.54992002 0.014762726 8
-0.85461926 -0.53397501 0.020649597 9
-0.81099302 -0.55187976 0.0030283639 9
-0.81921744 -0.54506975 0.0089379214 7
-0.81618118 -0.54695153 0.014971016 8
-0.82253838 -0.53509384 0.019863212 9
-0.77143258 -0.53476703 0.0051841163 9
-0.78720444 -0.54417801 0.010139551 7
-0.78135699 -0.53898537 0.015149527 8
-0.78581923 -0.52307957 0.019030286 8
-0.74139744 -0.53492481 0.0073792683 9
-0.75244206 -0.53420693 0.011306091 6
-0.75042015 -0.53512853 0.015327128 7
-0.7596252 -0.52836347 0.018230639 8
-0.71280164 -0.53309989 0.0095007103 8
-0.72383976 -0.53238827 0.012427453 6
-0.72086781 -0.53128868 0.015442803 7
-0.73378175 -0.5346424 0.016381053 7
-0.67932206 -0.51315397 0.011602038 7
-0.69673544 -0.53463912 0.012616292 5
-0.69192392 -0.5274924 0.014608379 6
-0.70769829 -0.53592724 0.015557828 8
-0.65786129 -0.52856046 0.012830965 7
-0.66974831 -0.53288603 0.013781305 6
-0.6677354 -0.53282547 0.014796478 7
-0.67794871 -0.52510613 0.01468796 7
-0.63279015 -0.52986187 0.014001402 7
-0.64287174 -0.52713472 0.014922526 5
-0.64179677 -0.52910691 0.014943419 6
-0.65103197 -0.52036601 0.013835163 6
-0.60596943 -0.52211154 0.015130671 7
-0.61690545 -0.52441585 0.015075364 5
-0.61410797 -0.51633668 0.015049184 6
-0.62778133 -0.52773207 0.013028923 6
-0.58101493 -0.51940906 0.017277228 6
-0.59374386 -0.52877754 0.01525125 5
-0.59177363 -0.52672946 0.01425456 6
-0.60275245 -0.52704602 0.012187473 7
-0.55780452 -0.52576429 0.018464889 7
-0.56964481 -0.53110659 0.016421337 5
-0.56766808 -0.52906442 0.014424668 6
-0.5778628 -0.52136225 0.01131626 6
-0.53409314 -0.51409918 0.019551767 6
-0.54470587 -0.52741635 0.016561933 5
-0.54297197 -0.51638353 0.013511815 5
-0.55552238 -0.53176111 0.0095216045 6
-0.50980002 -0.52342582 0.020763325 7
-0.52060032 -0.52975148 0.016731964 5
-0.51952732 -0.53074747 0.012747005 6
-0.53057694 -0.52807671 0.0086621847 6
-0.48778293 -0.52281207 0.021903133 7
-0.49758348 -0.52911001 0.017877944 5
-0.4966985 -0.52311456 0.012851401 6
-0.50760287 -0.52544755 0.0077963425 7
-0.46390513 -0.51714498 0.023025502 6
-0.47358853 -0.5274471 0.01802412 5
-0.47244811 -0.53045386 0.012051079 6
-0.48334643 -0.53279257 0.0059960596 7
-0.43857858 -0.52744967 0.023249077 7
-0.44834542 -0.53475302 0.018229881 5
-0.44733676 -0.53276759 0.011227152 6
-0.45940071 -0.52913648 0.0051303366 6
-0.41319954 -0.53176433 0.02446745 7
-0.42534602 -0.52513415 0.018352855 5
-0.42430967 -0.52414846 0.011356039 6
-0.43408555 -0.53046924 0.0033311308 7
-0.38937658 -0.52409905 0.025577581 8
-0.39693826 -0.53835553 0.018612523 6
-0.39586824 -0.53837526 0.010621677 7
-0.4068304 -0.5377323 0.0015490376 7
-0.36103019 -0.53531557 0.026825266 8
-0.3697173 -0.54461324 0.017824402 6
-0.36658645 -0.54658276 0.0088577587 6
-0.38190657 -0.53305566 -0.00031679092 7
-0.33070642 -0.54548317 0.027079277 8
-0.34489459 -0.53692061 0.018940581 6
-0.34281272 -0.53692436 0.0089559173 6
-0.3536517 -0.54029137 -0.0020928346 8
-0.30591136 -0.53679109 0.028189451 8
-0.31681216 -0.53815305 0.018128753 6
-0.31472981 -0.53815687 0.0081440769 7
-0.32345361 -0.54547274 -0.0038685449 8
-0.27367762 -0.54389912 0.029437751 9
-0.28243464 -0.55020958 0.018419145 7
-0.27931279 -0.55119699 0.0064466023 7
-0.28908464 -0.55654699 -0.0065840101 8
-0.2394444 -0.55095208 0.030698286 9
-0.24710663 -0.56024522 0.017703751 7
-0.24403358 -0.55923927 0.0047193258 8
-0.2611616 -0.55178809 -0.0084316321 7
-0.20106842 -0.56289834 0.031013113 10
-0.21189529 -0.56627685 0.017964464 6
-0.20675488 -0.56722647 0.0030042757 8
-0.22701384 -0.55486596 -0.011194816 7
-0.15453613 -0.58061546 0.032412674 11
-0.16743235 -0.58106202 0.017333962 8
-0.16120368 -0.58498871 0.0013977869 9
-0.17511474 -0.58447486 -0.015692921 10
-0.10086886 -0.60313743 0.033884883 12
-0.12202549 -0.59382069 0.01669763 9
-0.061150771 -0.62805015 0.034281034 14
-0.10442353 -0.61045551 -0.0020935652 10
-0.12351934 -0.60308844 -0.020256588 11
-0.0069963424 -0.66856962 0.034858342 16
-0.045658417 -0.640742 0.015453728 11
-0.083714731 -0.63002944 -0.024848361 13
2.0492375 -3.1486292 0.06215224 7
0.045798078 -0.727265 0.013531871 10
0.003012338 -0.69456148 -0.00792698 12
-0.021132931 -0.68436283 -0.031138351 13
2.0556164 -3.0173981 0.063435234 13
1.1905569 -2.0693784 -0.016497033 0
0.66327375 -1.4799135 -0.052227132 0
0.38790977 -1.1755463 -0.077721745 0
2.045567 -2.8706217 0.06352476 91
1.2467748 -2.0398176 -0.01631224 7
0.6840986 -1.4363308 -0.053346284 6
0.39669999 -1.1312839 -0.076920487 5
2.041683 -2.7405555 0.064709485 145
1.2903234 -1.997515 -0.017323159 8
0.70257491 -1.3927346 -0.053523738 6
0.41864109 -1.1046134 -0.077978909 0
2.0300441 -2.6088285 0.064876907 122
1.3186882 -1.9377062 -0.016487965 7
0.73580855 -1.3638134 -0.054479428 5
0.43060058 -1.0662712 -0.078123115 5
2.0247626 -2.4899304 0.065158434 111
1.3440329 -1.8769866 -0.016677173 7
0.7598182 -1.3271388 -0.054538086 6
0.43952763 -1.0270065 -0.077291764 0
2.0411916 -2.3964407 0.065723568 83
1.3745418 -1.8221264 -0.016800031 7
0.77869236 -1.2856045 -0.054657247 6
0.4505432 -0.99069113 -0.077430293 5
2.0320785 -2.2836511 0.066016071 84
1.3804739 -1.7469331 -0.016195366 5
0.80173653 -1.249963 -0.055716161 5
0.46572962 -0.96026856 -0.078508534 0
2.0333269 -2.1835849 0.065447278 69
1.4100111 -1.6931002 -0.016318565 7
0.81858361 -1.2074846 -0.055853665 5
0.46652198 -0.91622734 -0.077756181 4
2.041815 -2.0923162 0.065974928 83
1.4344951 -1.6374067 -0.016484434 5
0.83957392 -1.1698995 -0.056936853 5
0.48789945 -0.89263606 -0.078756019 0
2.0412312 -1.9983029 0.065429434 76
1.4620887 -1.5856286 -0.016608153 5
0.8472805 -1.1226664 -0.056159504 6
0.50208664 -0.86224115 -0.079840526 5
2.0488861 -1.9130592 0.065986499 73
1.5101228 -1.5492969 -0.017513862 6
0.88060409 -1.0967503 -0.058097661 5
0.49992952 -0.8202765 -0.078094825 0
2.0536041 -1.8299035 0.065537006 80
1.5581295 -1.5119655 -0.018425612 6
0.8914265 -1.0534385 -0.058278143 6
0.5152266 -0.79385245 -0.079149455 5
2.0440798 -1.7381387 0.064947948 78
1.5796155 -1.4563552 -0.018610172 6
0.90735728 -1.0139868 -0.058404163 5
0.5335505 -0.76834512 -0.080179758 0
2.0519631 -1.6608976 0.064552471 76
1.5929112 -1.3939692 -0.018885575 6
0.91723573 -0.97270203 -0.058578961 6
0.53759748 -0.7332232 -0.080355592 5
2.0507395 -1.5799071 0.064077862 82
1.6144315 -1.3393645 -0.020064255 8
0.92503232 -0.92847377 -0.058783922 5
0.54063863 -0.69812328 -0.079537608 0
2.0475447 -1.4999714 0.063596874 72
1.6491891 -1.293391 -0.020109683 6
0.93085724 -0.8853004 -0.058995273 6
0.54882836 -0.6678946 -0.080659159 0
2.0423789 -1.4210907 0.063109517 75
1.6910669 -1.2512339 -0.02208833 5
0.93770963 -0.84309906 -0.059194554 6
0.55906636 -0.63960403 -0.080756575 0
2.0423768 -1.3480694 0.0626885 81
1.7298294 -1.2051557 -0.023109306 5
0.95681202 -0.80956793 -0.06026661 6
0.56725007 -0.6093697 -0.08087822 0
2.0312412 -1.270354 0.06217017 71
1.7452914 -1.1487124 -0.023337021 5
0.96371996 -0.76936585 -0.060454059 5
0.56938148 -0.57730198 -0.081048608 0
2.032356 -1.2013092 0.060779043 74
1.759726 -1.0912971 -0.023576884 5
0.97162735 -0.72913605 -0.060635418 5
0.57356673 -0.54717821 -0.081194848 0
2.0294108 -1.1303699 0.060351375 90
1.8015215 -1.0461416 -0.025573665 6
0.98056865 -0.68988413 -0.061804678 5
0.5706386 -0.51324385 -0.080407903 0
2.0447414 -1.0689348 0.059093677 81
1.8089043 -0.98692083 -0.025868505 5
0.98347855 -0.64979261 -0.062016774 6
2.0358267 -0.99916095 0.058635049 75
1.8071525 -0.9229508 -0.026248386 5
0.98030156 -0.60686243 -0.061283622 6
2.047159 -0.93783653 0.057352703 76
1.8893809 -0.89268935 -0.028904682 6
0.99032557 -0.57058167 -0.062429003 5
2.0504611 -0.87572777 0.057015233 78
1.909903 -0.83811307 -0.030090146 6
1.009429 -0.5370509 -0.063501343 5
2.0497158 -0.81173629 0.055641308 71
1.8365331 -0.75310326 -0.029042687 5
1.031565 -0.50444275 -0.065549321 5
2.0564506 -0.75166273 0.054359548 74
1.8332944 -0.69429213 -0.029377734 5
1.0268263 -0.46364316 -0.064782053 5
2.0547299 -0.68869257 0.053984784 82
1.8367159 -0.63618743 -0.030691968 4
1.0408844 -0.42825788 -0.066897526 5
2.0600955 -0.62853378 0.052670747 75
1.827081 -0.57643658 -0.031097759 4
1.0539091 -0.39189488 -0.068025157 5
2.0654891 -0.56937468 0.051362623 68
1.8265322 -0.5194419 -0.032430582 6
1.0447923 -0.35112941 -0.067317359 6
2.0678835 -0.51029837 0.050036091 78
1.8642223 -0.47040087 -0.034477185 6
1.061877 -0.31666106 -0.069408618 5
2.0501759 -0.44777551 0.048563279 76
1.8425866 -0.41097528 -0.033956576 6
1.0457356 -0.27508914 -0.068749666 5
2.0555975 -0.38961601 0.047260985 63
1.8440924 -0.3559247 -0.035265341 6
1.0175928 -0.23384251 -0.06716416 6
2.063046 -0.33240092 0.045976847 64
1.8285226 -0.29834428 -0.036696069 5
1.0065389 -0.19513711 -0.067456707 7
2.0644419 -0.27335224 0.04464402 73
1.8280569 -0.24434842 -0.03801119 6
1.0045363 -0.15818259 -0.067682296 6
2.0588408 -0.21449661 0.04326833 70
1.84464 -0.19188277 -0.039210442 6
1.0045607 -0.12217251 -0.067889698 6
2.0543005 -0.15761843 0.040910698 69
1.8331239 -0.13619119 -0.04060486 7
1.0236453 -0.087649085 -0.069968916 8
0.65296739 -0.063968614 -0.089433618 0
2.0517263 -0.099679634 0.039559253 68
1.8356851 -0.083112173 -0.041895803 6
1.0366775 -0.051292032 -0.072096802 6
0.65124053 -0.037009582 -0.089599423 0
2.039156 -0.042016707 0.038146615 73
1.8221917 -0.028469518 -0.042296585 7
1.0477041 -0.014984372 -0.073237002 6
0.6684705 -0.0075446484 -0.092660896 0
2.0426407 0.014082592 0.035843752 71
1.7897336 0.024649542 -0.042807586 6
1.064707 0.022482535 -0.075346492 6
2.0400732 0.072015613 0.033492215 79
1.7493336 0.075548865 -0.043355584 7
1.0667374 0.058541872 -0.076541804 6
0.66996062 0.04851051 -0.092973985 0
2.0435247 0.12912029 0.03218326 80
1.7359295 0.12718712 -0.044738483 8
1.0567114 0.096275285 -0.07682246 6
0.66318125 0.077330843 -0.093182385 0
2.0409849 0.18605368 0.029837614 75
1.7395189 0.17929424 -0.046017483 7
1.0627131 0.13344456 -0.077999346 7
2.0414166 0.24406941 0.027504295 68
1.7161466 0.22965717 -0.047455583 8
1.062717 0.17044838 -0.079212926 6
2.0408764 0.30105799 0.025170792 64
1.7117944 0.27954453 -0.04877162 9
1.0626938 0.20845175 -0.080432504 6
2.0413084 0.35907376 0.022837386 68
1.6765038 0.32658368 -0.04926521 9
1.0785875 0.24988933 -0.082572222 8
2.0486827 0.41928166 0.020534763 67
1.6711035 0.37843698 -0.051599309 10
1.071561 0.28770554 -0.082834676 6
2.0381196 0.47699416 0.018134056 64
1.6647251 0.42926884 -0.052933611 10
1.079486 0.32792285 -0.085017383 4
2.0295558 0.53476179 0.015745526 63
1.6314889 0.47436422 -0.05340308 10
1.058548 0.36235431 -0.085347489 5
2.0279405 0.59471571 0.012387823 63
1.5963151 0.51739955 -0.054872781 9
1.0425802 0.39792326 -0.085653059 6
2.0171757 0.65148944 0.0099856546 58
1.5867659 0.56620204 -0.05622391 9
1.0254372 0.43151256 -0.084967293 6
1.9996423 0.70800906 0.0075481785 2
1.5823926 0.61708343 -0.058545835 9
1.0154178 0.46924022 -0.086248025 5
1.9196577 0.74379879 0.0048389174 75
1.5859334 0.67118418 -0.060836796 9
0.99256277 0.50061756 -0.086572461 7
1.8059837 0.76766104 0.0029874912 106
1.6686966 0.75545692 -0.06680575 11
0.98353696 0.53837866 -0.086847149 8
1.6855601 0.78233427 0.0011470995 108
1.5701351 0.77475291 -0.065535568 29
0.96362585 0.57183796 -0.087165192 6
1.5553547 0.78874111 0.00029340954 102
1.5597588 0.82547462 -0.066894338 72
0.96552575 0.61288971 -0.089390516 7
1.3916584 0.77621782 -0.00066048611 83
1.4840571 0.85039753 -0.0665133 69
0.96642011 0.65391964 -0.090622 9
1.298411 0.78464538 -0.0012937426 84
1.3383498 0.83740044 -0.062351279 59
0.96429437 0.69586068 -0.092877805 11
1.1696732 0.77408767 -0.00203942 84
1.2095809 0.82687169 -0.058097154 92
0.96314096 0.73882884 -0.095133483 16
1.0608174 0.76808029 -0.0026866456 72
1.06812 0.8049894 -0.053856634 81
0.9550668 0.77861112 -0.096414082 20
0.96790034 0.76451337 -0.0032479339 82
0.96234816 0.79508984 -0.050461672 67
0.93710035 0.81412494 -0.096731961 21
0.87017769 0.7538119 -0.0037978664 74
0.86660606 0.78446072 -0.04799949 73
0.90635979 0.84128368 -0.097081475 30
0.56411648 0.66574275 -0.1052093 16
0.79619783 0.7527687 -0.0042548412 75
0.78572011 0.77924365 -0.045475457 75
0.82542753 0.83708352 -0.09156356 47
0.74266773 0.82682496 -0.087021872 59
0.56316143 0.73871881 -0.10863667 15
0.54636538 0.80526811 -0.11012612 17
0.48933178 0.84272182 -0.10769879 31
-1.9189407 0.71594864 -0.028840091 95
-1.9429659 0.78933686 -0.19242366 54
-1.917948 0.7393657 -0.1319733 52
-2.0441344 0.79749542 -0.20509899 41
-1.9968892 0.73816609 -0.13845539 52
-2.0256829 0.71868873 -0.085518278 71
-2.0950146 0.71811301 -0.031943768 79
-2.1269395 0.7921648 -0.2155811 28
-2.0807395 0.73382527 -0.14594966 49
-2.1075318 0.71342653 -0.088994525 69
-2.1717682 0.70900118 -0.033365704 76
-2.2076147 0.78189707 -0.22502097 10
-2.1645417 0.7274912 -0.15243186 40
-2.1902919 0.70513242 -0.09345869 52
-2.2838368 0.71092576 -0.035071768 89
-2.2922544 0.77051443 -0.23547897 4
-2.2845995 0.73113734 -0.16419804 35
-2.3083272 0.7068634 -0.10020087 48
-2.4018147 0.70968157 -0.037795998 79
-2.2938795 0.72046542 -0.23319404 2
-2.4176524 0.73442751 -0.17604285 29
-2.4343317 0.707376 -0.10698539 42
-2.5257351 0.70627403 -0.040544435 78
-2.2783318 0.6638968 -0.2287641 1
-2.5606403 0.73543912 -0.18893607 23
-2.5611441 0.70086432 -0.11373375 44
-2.6636229 0.70148367 -0.043371547 82
-2.2870851 0.61864817 -0.22755153 1
-2.7286816 0.73874736 -0.20499848 29
-2.7009182 0.69299138 -0.1215547 50
-2.8336079 0.69981545 -0.046416402 107
-2.2696481 0.56613266 -0.22313346 2
-2.9166543 0.73950315 -0.22216985 61
-2.8778565 0.69109058 -0.1316416 76
-2.9973423 0.68930984 -0.050370604 114
-2.271383 0.52008212 -0.22087246 2
-3.1175063 0.73589903 -0.24039565 86
-3.0464759 0.6774202 -0.14060777 81
-3.2153022 0.68632174 -0.05470578 134
-2.2640393 0.47127926 -0.21853887 2
-3.3603439 0.73212111 -0.26288146 73
-3.2582245 0.66855234 -0.15287015 8
-3.4903636 0.68675911 -0.061415903 19
-2.2215223 0.41546765 -0.21094538 2
-6.0291514 0.18503793 -0.30701989 31
-5.9606462 0.056900512 -0.30083919 65
-2.4072139 -0.66554064 -0.14855447 86
-2.3254714 -0.63387007 -0.077231757 77
-2.3348808 -0.63274544 -0.014293481 83
-2.3439589 -0.6962111 -0.21198325 2
-2.2316594 -0.64965338 -0.13255884 10
-2.1707287 -0.623595 -0.068332143 23
-2.1920145 -0.62583184 -0.01144777 59
-2.2911558 -0.72574323 -0.20548005 0
-2.1324592 -0.65690005 -0.12389973 54
-2.0627043 -0.62361658 -0.062661089 62
-2.0710852 -0.62151802 -0.0087225288 63
-1.9988149 -0.64417619 -0.111145 39
-1.9429086 -0.61530846 -0.055966299 67
-1.9562631 -0.61336976 -0.006057696 71
-1.8781805 -0.6308195 -0.1004746 24
-1.6729119 -0.60410112 -0.081356749 1
1.1952479 -1.9331712 -0.018798098 8
0.49156663 -1.2103307 -0.066394351 5
0.30427104 -1.0154393 -0.080696926 5
1.2495173 -1.9056734 -0.016623119 7
0.78192443 -1.4434052 -0.047229208 6
0.5178932 -1.1846125 -0.067381568 5
1.2966055 -1.8713752 -0.015532555 5
0.81929541 -1.4193808 -0.047138285 6
0.53083217 -1.1452422 -0.06653171 6
0.34093183 -0.96443844 -0.082767628 5
1.3477399 -1.8389614 -0.013406006 5
0.85250437 -1.3894678 -0.047107749 6
0.55510587 -1.1175793 -0.067543149 5
1.409122 -1.8152777 -0.012164907 5
0.8857134 -1.359555 -0.047077253 6
0.5773741 -1.089965 -0.067566678 5
1.4550954 -1.7770028 -0.010104781 5
0.9137823 -1.3247746 -0.046107136 6
0.5842064 -1.04676 -0.066777192 5
1.5102623 -1.7454858 -0.0089482404 5
0.94901818 -1.2958071 -0.04605864 6
0.60647458 -1.0191458 -0.066800788 5
1.5787232 -1.7246107 -0.007647099 6
0.96993291 -1.2552258 -0.046166904 7
1.6225618 -1.6813926 -0.0056293788 6
1.0041691 -1.2262856 -0.046124507 7
0.63671774 -0.95330334 -0.066998705 5
1.6725402 -1.6430149 -0.004545378 6
1.0332443 -1.1914842 -0.046148475 6
1.7428648 -1.6170877 -0.0032626053 6
1.0510995 -1.1489795 -0.045287021 6
0.66596162 -0.88748825 -0.067202747 5
1.7947884 -1.5766567 -0.0021787842 6
1.0751225 -1.1123151 -0.045353204 7
1.870138 -1.5515932 -0.0008600374 6
1.1103314 -1.0823485 -0.045310978 6
0.68815398 -0.81986487 -0.067461066 6
1.9240339 -1.5101084 0.00022963343 7
1.1414666 -1.0494978 -0.046310939 6
2.0500567 -1.5086855 -1.4045534e-08 16
1.1654626 -1.0118341 -0.046383284 6
0.71854001 -0.75902677 -0.068629026 5
2.0499609 -1.4316531 0.0015472446 18
1.1843452 -0.97030216 -0.045509949 6
2.0722916 -1.3700151 0.0033234169 22
1.2114009 -0.93456185 -0.0465522 6
0.73978794 -0.69343001 -0.06888146 7
2.0854692 -1.3026308 0.0040092226 31
1.2435026 -0.90067881 -0.046552382 6
2.090589 -1.233459 0.0056347651 31
1.2633916 -0.85912567 -0.046673108 6
0.76311684 -0.63077766 -0.069103822 6
2.0894794 -1.161406 0.0061916811 33
1.2790924 -0.81664377 -0.046840139 7
2.103792 -1.0989922 0.0069139022 32
1.3030609 -0.77798021 -0.046918504 6
0.78425926 -0.56715626 -0.070361435 6
2.1019475 -1.0310167 0.0075036329 30
1.326009 -0.73835039 -0.04800893 6
2.1020963 -0.96298069 0.0091053173 42
1.3428988 -0.69687885 -0.048147585 6
0.80862063 -0.50548202 -0.071571574 6
2.1013062 -0.89697707 0.0097130705 42
1.3557087 -0.65251756 -0.048328467 6
2.1086557 -0.83575952 0.0093991505 40
1.3786299 -0.61188817 -0.049425043 6
2.104867 -0.76983762 0.009988809 33
1.3944933 -0.56944442 -0.049575858 5
2.1071851 -0.70775074 0.010638686 40
1.4043046 -0.5251649 -0.049774859 4
0.87445927 -0.38568121 -0.075865731 2
2.1074831 -0.64472461 0.010270481 43
1.4141163 -0.48088545 -0.049973879 5
2.1118281 -0.58358288 0.010938338 29
1.4339846 -0.43833876 -0.051100727 5
2.0930729 -0.51906914 0.011443793 51
1.4487944 -0.39392319 -0.051269788 5
2.0924537 -0.45906901 0.011087636 34
1.447556 -0.34794411 -0.051547099 6
2.0978591 -0.3999052 0.010773537 28
1.4533424 -0.30277404 -0.05177632 6
2.1022651 -0.34076861 0.010453397 49
1.4309975 -0.25336248 -0.051204067 7
2.1026728 -0.28174093 0.010109193 48
1.4488399 -0.20987077 -0.052349132 6
2.0960562 -0.22190423 0.0097168507 47
1.4586586 -0.16559732 -0.053548343 6
2.097491 -0.16384892 0.0093846349 47
1.4534224 -0.11972716 -0.053849809 6
2.0848768 -0.10417557 0.0089562023 54
1.4602149 -0.074535817 -0.055073146 7
2.0843129 -0.046174712 0.0086119203 55
1.469007 -0.029290037 -0.05628451 7
0.87259793 -0.017638139 -0.079031952 7
2.0827556 0.011793057 0.0072616297 60
1.4597729 0.016471257 -0.056610066 7
2.0761938 0.069630593 0.0068812408 52
1.4505932 0.060233317 -0.056923538 6
0.88786894 0.047776982 -0.08232107 10
2.0756636 0.12662596 0.0055429316 48
1.4373878 0.10488617 -0.057267301 8
2.070081 0.1854845 0.0041615986 51
1.4451808 0.15010476 -0.058485538 7
0.88907969 0.11482204 -0.083707541 10
2.0675185 0.24343099 0.0038042574 48
1.4320028 0.19375804 -0.058823865 7
2.0688088 0.30120575 0.0026037192 53
1.4395851 0.2407492 -0.059916679 7
2.066231 0.36014518 0.0012485578 48
1.413465 0.28205666 -0.059313405 9
2.0696514 0.41924745 -7.0578972e-05 55
1.3933218 0.32452065 -0.059680227 8
0.92916822 0.2567313 -0.090140298 2
2.0650744 0.47813264 -0.001437738 56
1.3821813 0.36722305 -0.060993031 8
2.0535243 0.53582716 -0.0028508883 51
1.3620604 0.40868038 -0.061359286 9
2.0469475 0.59465021 -0.0052469419 49
1.3429646 0.44916353 -0.061714001 9
2.0353928 0.65234357 -0.0066666044 54
1.3427315 0.49515444 -0.062985197 8
0.84591532 0.376477 -0.088326231 10
2.0079246 0.70660347 -0.008162966 35
1.3653378 0.54775602 -0.066155903 8
1.9408176 0.74678695 -0.0088171922 32
1.3849114 0.60128194 -0.068351157 8
1.8529081 0.7794013 -0.0095514329 111
1.3261231 0.6296913 -0.067872629 9
0.8173297 0.47268742 -0.09003859 12
1.7106508 0.78754985 -0.0094504803 127
1.3298178 0.67880988 -0.069124252 9
1.5824162 0.79508036 -0.0092593981 112
1.3324915 0.72889501 -0.071388021 12
1.4038737 0.77624017 -0.0082189515 105
1.3341658 0.77895302 -0.073657885 18
1.3115705 0.78674811 -0.0078271916 107
0.79174727 0.60804874 -0.09393134 13
0.77193499 0.71454263 -0.098636828 21
0.75010407 0.78296161 -0.10016655 22
0.69581711 0.83050352 -0.099770494 40
-1.8996603 0.76963246 -0.16915523 55
-1.9000216 0.7358976 -0.12195496 55
-2.0011468 0.72067314 -0.036476895 74
-1.9877137 0.77318364 -0.17971158 55
-1.9759204 0.73280704 -0.12739764 55
-2.019897 0.72187853 -0.083598718 69
-2.0922 0.72219747 -0.038039122 70
-2.0857573 0.77645802 -0.19132718 56
-2.0679367 0.73426872 -0.13496558 49
-2.1047776 0.7175563 -0.087088652 69
-2.163887 0.71024901 -0.038403239 69
-2.1786404 0.77387041 -0.20287645 34
-2.1466656 0.72509336 -0.1413893 42
-2.1743932 0.70364505 -0.090428576 53
-2.2729335 0.71128541 -0.040072106 83
-2.3179359 0.78699875 -0.21980202 19
-2.2455375 0.72136152 -0.14996809 29
-2.2965183 0.70830357 -0.096198753 44
-2.3919487 0.71105117 -0.041794099 72
-2.4479425 0.78938186 -0.23560706 7
-2.3887265 0.72941333 -0.16188695 28
-2.4245265 0.70879519 -0.10298 41
-2.5169075 0.70865518 -0.043539401 70
-2.5161548 0.76147997 -0.24285533 3
-2.5287209 0.73054355 -0.17474519 22
-2.5473473 0.70242542 -0.10968882 46
-2.6548009 0.70390171 -0.046349451 76
-2.5247283 0.70923042 -0.24259529 2
-2.6856813 0.73021334 -0.18769802 27
-2.6901875 0.696513 -0.11652224 56
-2.8187654 0.701442 -0.049331885 96
-2.5363607 0.65890473 -0.24136525 3
-2.8606229 0.72938335 -0.20275742 60
-2.8630848 0.69277412 -0.12555164 80
-2.9845459 0.69193715 -0.051283389 105
-2.4885108 0.59022284 -0.23366354 3
-3.0483909 0.72219747 -0.21885712 98
-3.0257215 0.67931676 -0.13346069 85
-3.1984851 0.68811607 -0.05556199 128
-2.4911199 0.53914154 -0.23237401 3
-3.2963703 0.72334498 -0.2413732 135
-3.2274127 0.66778874 -0.14361903 12
-3.4645133 0.68688351 -0.060173139 18
-2.4242899 0.47098675 -0.22255972 2
-6.0083303 0.19565791 -0.280635 24
-5.9619031 0.06890706 -0.27459478 68
-2.3836274 -0.65372574 -0.13245365 82
-2.3246779 -0.62968099 -0.060235001 74
-2.3559003 -0.63612336 0.0056195315 76
-2.4174893 -0.72116679 -0.2113357 7
-2.2309773 -0.64653438 -0.11964262 9
-2.1809626 -0.62376845 -0.053471234 34
-2.2171004 -0.63237631 0.0073631285 46
-2.279573 -0.71933335 -0.19450547 2
-2.1110177 -0.64522415 -0.10891871 53
-2.0620322 -0.62050992 -0.046765361 62
-2.0912292 -0.62595332 0.010092206 64
-1.97936 -0.63259363 -0.098191194 48
-1.9422585 -0.61123288 -0.041090325 69
-1.9704316 -0.61667299 0.011773312 82
-1.8656352 -0.62245578 -0.088557936 30
-1.8586844 -0.60563743 0.013388882 73
-1.6830417 -0.60741526 -0.07253316 3
-0.91068393 -0.54226345 -0.031203723 6
-0.91312528 -0.53020298 -0.01128859 3
-0.94413048 -0.53783041 0.023572659 2
-0.90224278 -0.55804098 -0.031054217 10
-0.90762341 -0.54806691 -0.01214448 6
-0.91586131 -0.54317796 0.0057782722 6
-0.92607147 -0.5393427 0.023695389 3
-0.88325095 -0.5575152 -0.028938115 10
-0.89343399 -0.55467957 -0.011014876 7
-0.91573304 -0.55107361 0.022832213 10
-0.85656482 -0.5457713 -0.025842542 9
-0.87732613 -0.5582394 -0.009891998 7
-0.88555801 -0.55335635 0.0070308135 8
-0.89283836 -0.54645306 0.022947297 10
-0.84431446 -0.55444348 -0.025712717 10
-0.87775093 -0.54904622 0.023058107 10
-0.83174378 -0.54198337 -0.0067054513 7
-0.85341173 -0.55748916 0.0072578778 8
-0.85304606 -0.53737438 0.023141654 9
-0.81032276 -0.55350637 -0.022505103 9
-0.83985031 -0.54402024 0.023264932 9
-0.79969066 -0.5431056 -0.0044975691 7
-0.81554383 -0.55145776 0.0084582344 8
-0.77544504 -0.54853803 -0.018316757 9
-0.80777854 -0.54516047 0.022472799 8
-0.76963091 -0.54428816 -0.0033019034 7
-0.78164774 -0.54653436 0.0096406313 7
-0.73972368 -0.53755116 -0.015159936 8
-0.77298439 -0.53621757 0.022636291 8
-0.73865855 -0.54243904 -0.0011193414 7
-0.74972349 -0.54266495 0.010816881 7
-0.7107563 -0.53575021 -0.011989464 8
-0.74302638 -0.53340787 0.022806767 8
-0.70690191 -0.53256613 0.0010194491 7
-0.71887946 -0.53582376 0.011968337 6
-0.6790601 -0.52387226 -0.0088633401 7
-0.71219742 -0.52557909 0.021951905 8
-0.67797679 -0.52877814 0.0021770215 6
-0.68900245 -0.53001547 0.012119575 6
-0.6548357 -0.53121537 -0.0076677357 7
-0.68240094 -0.51677203 0.022084488 7
-0.65011084 -0.52301216 0.0043159472 5
-0.66571784 -0.5393908 0.01232162 6
-0.62964475 -0.53752601 -0.0054728799 8
-0.66105545 -0.52820671 0.021287031 7
-0.62688017 -0.53038853 0.0045052106 6
-0.63875854 -0.53666282 0.01247287 6
-0.6029135 -0.52678925 -0.0033711961 7
-0.63506263 -0.52651137 0.020438444 7
-0.60095328 -0.52668214 0.0056439256 6
-0.61110246 -0.52290618 0.01356185 5
-0.57713407 -0.5180729 -0.00026357741 6
-0.60915685 -0.52181137 0.020570936 7
-0.57611322 -0.51999807 0.0077579143 5
-0.58792561 -0.52828348 0.013738101 5
-0.5538044 -0.53144377 -5.3903139e-05 7
-0.58517319 -0.52216637 0.019706095 7
-0.55289173 -0.52937055 0.0079429289 5
-0.56470418 -0.53765613 0.01392289 5
-0.52996361 -0.52478689 0.002054194 7
-0.56188208 -0.53154814 0.018906927 7
-0.52904534 -0.52271962 0.009050902 6
-0.53901434 -0.52495933 0.014005737 5
-0.50604224 -0.52112889 0.0041802656 6
-0.53816456 -0.51990515 0.018984141 7
-0.50495589 -0.52506536 0.010213732 6
-0.51481104 -0.53130955 0.014193237 5
-0.4827098 -0.53249836 0.0053923209 7
-0.51384145 -0.53026575 0.017196147 7
-0.48169795 -0.53344196 0.010407274 6
-0.49182296 -0.52968991 0.014325406 5
-0.4600575 -0.51887149 0.0074503534 6
-0.49090722 -0.52664703 0.017315889 7
-0.4577705 -0.52979034 0.011532427 6
-0.46778172 -0.53004271 0.014475235 6
-0.43364528 -0.53315896 0.0086973915 7
-0.46796742 -0.52303433 0.016435254 7
-0.43386418 -0.52514517 0.011651038 6
-0.44246489 -0.54037076 0.013691932 6
-0.40752959 -0.53645092 0.0098763993 7
-0.44269887 -0.53136921 0.014639547 7
-0.40758035 -0.53444082 0.011866834 6
-0.41758552 -0.53469908 0.013809798 5
-0.3836827 -0.52980077 0.01098196 7
-0.41770571 -0.52970213 0.013781898 6
-0.38373393 -0.52779073 0.012972253 6
-0.39140433 -0.54000235 0.013000654 6
-0.35751313 -0.53509218 0.0121724 8
-0.39268586 -0.52903473 0.012929957 7
-0.3533439 -0.54097712 0.013234762 7
-0.36312148 -0.54924428 0.013227138 6
-0.32721016 -0.5452739 0.013416104 9
-0.36336496 -0.53926128 0.011168238 8
-0.3273575 -0.53927743 0.013381548 7
-0.33831757 -0.54058033 0.012325223 5
-0.30026284 -0.54253566 0.015562088 8
-0.33413067 -0.54648322 0.010387553 7
-0.29504949 -0.54941136 0.013636081 6
-0.31130427 -0.53985339 0.01248351 6
-0.27233642 -0.53877711 0.016707208 9
-0.30938014 -0.53582019 0.0094727073 8
-0.26817667 -0.54368055 0.014762987 7
-0.27482408 -0.55588919 0.010797476 7
-0.2367004 -0.54985356 0.018023934 9
-0.27680725 -0.54399544 0.0077585406 9
-0.23261565 -0.55176455 0.015060668 7
-0.24031207 -0.56200677 0.010078332 7
-0.19732012 -0.56279349 0.019331323 10
-0.23940368 -0.55701327 0.0050551137 9
-0.19319752 -0.56571621 0.014374067 8
-0.20197423 -0.57298648 0.0093676532 7
-0.15074921 -0.58254838 0.01972042 11
-0.19894749 -0.57194978 0.0023801741 9
-0.14673387 -0.58147269 0.014738179 9
-0.15752561 -0.58780938 0.007714543 8
-0.095025569 -0.60805279 0.021195987 12
-0.15352024 -0.58575219 -0.00027376763 10
-0.056328591 -0.63302046 0.021569209 13
-0.083705828 -0.61779654 0.014320495 9
-0.11011051 -0.60154605 0.0070711942 9
0.0060860133 -0.68435836 0.022237062 16
-0.045084313 -0.63977152 0.01367496 10
-0.093662523 -0.61517775 -0.0037516269 12
1.4437462 -2.4294538 0.004993252 1
0.043252882 -0.72444123 0.011691848 9
-0.015156828 -0.67104632 0.0030353828 11
-0.051869042 -0.64308178 -0.0063434672 13
1.5264912 -2.4192071 0.0084004048 7
1.0986284 -1.9787303 -0.02070584 1
0.8012715 -1.6687274 -0.039277658 0
0.044794578 -0.73856831 -0.014214343 9
1.6122622 -2.4098792 0.011829619 7
1.146753 -1.9454201 -0.019635106 9
0.81982094 -1.6142122 -0.039502949 1
0.63506603 -1.4362332 -0.058633398 0
1.7061377 -2.4043343 0.015327187 7
1.197957 -1.915028 -0.018529674 8
0.85700971 -1.583203 -0.039480187 5
0.63010216 -1.3633324 -0.057103436 6
1.807124 -2.402606 0.017887501 8
1.2408953 -1.874855 -0.017530952 8
0.88179922 -1.5375228 -0.039617121 6
0.65003449 -1.3227906 -0.05823629 6
1.9110765 -2.3997915 0.021457305 9
1.2828071 -1.8337098 -0.016544396 7
0.92002046 -1.5074924 -0.040583324 6
0.67102033 -1.2842212 -0.059351496 5
2.0395312 -2.4153235 0.025276568 23
1.330905 -1.7994003 -0.015481768 7
0.93564689 -1.456051 -0.03980783 6
0.68276179 -1.2368915 -0.059571996 5
2.05709 -2.3247991 0.028825365 29
1.3769239 -1.7621454 -0.014446693 6
0.9677102 -1.420184 -0.040842481 7
0.69766456 -1.1954783 -0.059737436 6
2.075784 -2.2392454 0.03241292 42
1.4065137 -1.7093211 -0.012598494 6
0.99979466 -1.3853108 -0.040871121 6
0.7115469 -1.1530983 -0.060914636 5
2.0853472 -2.1489358 0.035919685 52
1.4515123 -1.6710994 -0.012574611 7
1.0185615 -1.3387921 -0.041045997 6
0.73161501 -1.1175544 -0.062015418 5
2.0857255 -2.0518713 0.03933331 59
1.5066898 -1.6395998 -0.011452382 6
1.0301641 -1.2864581 -0.040296819 7
0.73327535 -1.0674887 -0.061308637 5
2.0791123 -1.955001 0.041708261 59
1.5557141 -1.6022701 -0.011400605 7
1.0622813 -1.2525908 -0.041319549 6
0.76053506 -1.0387597 -0.063327551 5
2.0837858 -1.8688246 0.045211989 65
1.6057326 -1.5649077 -0.010343521 7
1.0770231 -1.2051802 -0.041522976 5
0.76330841 -0.99267155 -0.063590541 5
2.0803871 -1.7798707 0.04765296 70
1.6435136 -1.5188718 -0.0094085773 7
1.0968977 -1.1626333 -0.041667923 5
0.76504976 -0.94560468 -0.062865309 4
2.0709372 -1.6890792 0.050048418 77
1.6904311 -1.477598 -0.0093931658 7
1.1208513 -1.1229775 -0.041772339 6
0.77809393 -0.90924966 -0.064011276 5
2.0672309 -1.6053184 0.052412186 76
1.7531453 -1.4450697 -0.009318688 5
1.1443874 -1.0834763 -0.042917024 6
0.78663981 -0.87012744 -0.064212009 5
2.0620644 -1.5244269 0.052890792 74
1.8040851 -1.4046844 -0.0082803126 7
1.178506 -1.0495571 -0.043932684 6
0.79560137 -0.83087569 -0.064400114 6
2.0569406 -1.4455228 0.055381723 68
1.8996637 -1.3871202 -0.0088542746 7
1.1984099 -1.008011 -0.04407414 6
0.80767494 -0.79554784 -0.065547131 5
2.0528486 -1.3675975 0.056884274 73
1.9637119 -1.3503907 -0.0087209688 8
1.2162609 -0.96451944 -0.04423897 6
0.81566948 -0.75732869 -0.066734523 5
2.0407603 -1.289887 0.058343429 73
2.0124435 -1.3020687 -0.0087437565 11
1.2371968 -0.92395216 -0.045368955 6
0.81660783 -0.71729225 -0.066972367 5
2.0337451 -1.2150347 0.060848266 75
2.0439613 -1.2462006 -0.0079086004 16
1.2581006 -0.88237941 -0.045505274 6
0.82159805 -0.6791476 -0.067176141 5
2.0278747 -1.145166 0.061389621 78
2.0683482 -1.1855222 -0.0071425745 17
1.2780048 -0.84083343 -0.045647115 6
0.83575171 -0.64676505 -0.068293892 5
2.0401745 -1.0817991 0.064071879 74
2.0684757 -1.1154925 -0.0065688002 18
1.287784 -0.79456413 -0.046874236 6
0.83974266 -0.60864735 -0.068503186 5
2.0353577 -1.0139028 0.064631 74
2.0888369 -1.0539221 -0.0058308588 22
1.3026365 -0.75115329 -0.04705574 5
0.85187012 -0.57531893 -0.069638111 0
2.0376406 -0.94981086 0.066252805 78
2.1031475 -0.99051356 -0.0051379316 26
1.3195152 -0.70868844 -0.04722029 5
0.84983641 -0.53636265 -0.06988617 5
2.0409493 -0.88669175 0.067886181 71
2.1063819 -0.92440176 -0.0045232498 25
1.3333471 -0.66431099 -0.048413549 5
0.8629908 -0.50400704 -0.071009576 0
2.0402391 -0.82268643 0.068491682 76
2.1035914 -0.85745138 -0.0039473055 27
1.3522521 -0.62279212 -0.04856123 6
0.86403686 -0.46796918 -0.071222827 4
2.0516796 -0.76435053 0.070199303 86
2.1099105 -0.7942639 -0.0042978451 24
1.366084 -0.57841468 -0.049754642 5
0.88224846 -0.43748462 -0.073306836 0
2.0429726 -0.70056009 0.07076145 75
2.1141987 -0.73012447 -0.0036654812 23
1.3759121 -0.53413874 -0.049969792 5
0.87924266 -0.39955494 -0.073554218 3
2.0483887 -0.64138567 0.072430305 79
2.1124618 -0.66514647 -0.0030718402 25
1.3877451 -0.48981509 -0.051174149 5
0.96091431 -0.38440272 -0.080192089 1
2.0487587 -0.58035243 0.073059686 72
2.121834 -0.60387766 -0.0033938971 20
1.3904954 -0.44272825 -0.05144589 5
2.0471833 -0.52137208 0.073690645 69
2.1060762 -0.53827602 -0.0028821682 26
1.4053487 -0.39931765 -0.051628001 4
0.87641013 -0.29260206 -0.07422059 5
2.0355315 -0.45966142 0.074248932 70
2.1084189 -0.47618952 -0.002248378 23
1.4151828 -0.35504779 -0.052843355 5
0.87348491 -0.25767121 -0.07444939 1
2.037009 -0.40259975 0.074908473 83
2.1208441 -0.41683948 -0.0025419665 22
1.4209592 -0.30888006 -0.05309283 5
0.87658995 -0.22358495 -0.075639598 7
2.0464783 -0.3453173 0.076611117 89
2.1232138 -0.35575262 -0.0019020761 33
1.3976337 -0.25948632 -0.052523743 6
0.8796894 -0.18949264 -0.075829856 0
2.0399108 -0.28647724 0.076214999 77
2.1155663 -0.29394066 -0.0023223667 30
1.4154917 -0.21600133 -0.05368986 6
0.86273694 -0.15393192 -0.075140499 5
2.0403891 -0.22944242 0.076869026 79
2.1139379 -0.23296118 -0.0017041238 36
1.4182963 -0.17091376 -0.053949431 5
0.87389839 -0.12163623 -0.07727515 0
2.0368419 -0.17151541 0.077495217 85
2.107317 -0.17212196 -0.0021128296 33
1.4271045 -0.12567119 -0.055176642 6
0.87502551 -0.088597223 -0.077470049 7
2.0183275 -0.1149906 0.078046754 84
2.0977244 -0.11236289 -0.0025315119 36
1.4309088 -0.080556788 -0.055430897 6
0.87713122 -0.054537818 -0.078665756 0
2.0225234 -0.058768421 0.078787901 92
2.0938187 -0.052354656 -0.0018556035 40
1.4283911 -0.034544159 -0.056687705 6
0.89695996 -0.020948455 -0.08074329 7
2.0170083 -0.0019008723 0.078409731 81
2.0882232 0.0075116744 -0.0022525322 36
1.4281694 0.011462494 -0.056969456 7
0.90006453 0.01313783 -0.081933327 0
2.0094888 0.054919042 0.079020649 88
2.0886524 0.066539586 -0.0026107118 40
1.432978 0.056597751 -0.058217861 6
0.89719826 0.046063308 -0.083149724 7
2.0100253 0.10994858 0.0786874 96
2.0790586 0.12629846 -0.0030293791 32
1.4367818 0.10171226 -0.058471777 7
0.91427636 0.081519231 -0.085270077 0
2.0125289 0.1660375 0.079358727 98
2.0824869 0.18540697 -0.0033713642 39
1.4215658 0.14731595 -0.058834948 7
0.90538013 0.11528921 -0.085525319 7
2.0080411 0.22193238 0.078992091 87
2.0849156 0.24448857 -0.0037188185 49
1.4283472 0.19350457 -0.060078826 7
0.9034813 0.14924724 -0.085742593 0
2.0075195 0.27894035 0.079640865 79
2.0823197 0.30443552 -0.0040996196 51
1.4241542 0.23840414 -0.060376186 6
0.90456015 0.1842794 -0.08694984 4
2.0080028 0.33596912 0.079295054 79
2.0757251 0.36427507 -0.0045021209 54
1.4089653 0.28300831 -0.06073314 8
2.0094535 0.39403042 0.079948381 81
2.0701306 0.42414147 -0.0048992289 50
1.3947763 0.32763934 -0.061084654 8
2.005939 0.45095178 0.079580836 95
2.0684807 0.4861145 -0.0052871159 59
1.3796145 0.37124398 -0.061435349 8
0.91471964 0.29255667 -0.091552384 0
2.0003984 0.50881904 0.07919623 86
2.0638916 0.54600173 -0.0066788141 54
1.377421 0.41619733 -0.06172188 8
0.95056087 0.3375071 -0.095626175 1
1.9968569 0.56674004 0.078822426 71
2.0523264 0.60470736 -0.0071022273 51
1.3632592 0.45982882 -0.062067144 9
1.9903436 0.62358081 0.078438587 61
2.0377624 0.66333252 -0.0075418628 49
1.3490973 0.50346035 -0.062412381 8
0.85524249 0.38500193 -0.089447029 8
1.9520303 0.67256498 0.077925198 70
2.0063124 0.71750271 -0.0080485567 14
1.3736693 0.55811715 -0.065608799 7
0.87316549 0.42647618 -0.092599668 0
1.8968632 0.71608853 0.076351121 50
1.9232785 0.75528842 -0.0077430648 71
1.4021273 0.61688584 -0.067808598 8
0.8483777 0.45582429 -0.091916546 8
1.783233 0.73902923 0.07357648 98
1.8066541 0.77717316 -0.0065278425 121
1.366129 0.65393507 -0.067235544 9
0.84048194 0.48962128 -0.092166334 0
1.6608478 0.75273198 0.070809506 92
1.6871915 0.79297984 -0.0052911732 113
1.4410766 0.7329402 -0.072299615 9
0.81869286 0.51905 -0.091466919 6
1.5306803 0.75822312 0.068049453 82
1.5371432 0.79296023 -0.0041282913 112
1.3891866 0.76556754 -0.07078813 11
0.8335371 0.56344253 -0.094654545 0
1.3907577 0.75444949 0.065291777 87
1.3774418 0.77968347 -0.0019381313 88
1.3937612 0.81969327 -0.073092982 28
0.81772488 0.59402597 -0.094928883 5
1.300441 0.76601321 0.062717408 92
1.2742739 0.78491867 -0.0015454204 92
1.3350347 0.8461349 -0.071581766 43
0.81769764 0.63302988 -0.096166529 0
1.1805916 0.75977808 0.060087141 109
1.1356504 0.76920122 -0.00022230517 86
1.2032734 0.83463424 -0.065245986 79
0.80478251 0.66768628 -0.097449467 7
1.0667932 0.75170523 0.057502061 82
1.037663 0.76757985 0.0012415986 72
1.0667341 0.8149966 -0.059886962 84
0.81754208 0.71502995 -0.099666744 0
0.97781903 0.75030738 0.05601484 84
0.93881541 0.76092762 0.0017315586 83
0.95407844 0.80000192 -0.054422945 85
0.79967701 0.74755901 -0.099964239 15
0.88895792 0.74490517 0.053552814 97
0.84701335 0.75247037 0.0032719697 73
0.84942508 0.78521627 -0.049915403 71
0.8054927 0.79271567 -0.10220691 1
0.80873197 0.74080002 0.052150745 80
0.77469462 0.75159049 0.003893123 65
0.7800687 0.78542912 -0.047283892 13
0.77646273 0.81900781 -0.10150965 21
0.74963897 0.74420494 0.050798804 19
0.70672816 0.74976778 0.0045234025 12
0.69338793 0.77211827 -0.04368848 12
0.76352042 0.85466355 -0.10279898 4
0.68663406 0.74449754 0.048444033 19
0.64573783 0.74912655 0.0041857101 11
0.63729852 0.77462864 -0.041017734 11
0.66608399 0.83109146 -0.094201118 51
0.6266762 0.74287778 0.047118124 19
0.58971345 0.74962568 0.0048690964 11
0.5704546 0.76784688 -0.03835056 10
0.59920228 0.82532156 -0.089540251 10
0.57366168 0.74344528 0.045817949 19
0.54063243 0.75231218 0.0055781961 14
0.52136803 0.77053952 -0.036641452 10
0.53539979 0.81663346 -0.084844276 10
0.52264619 0.74406683 0.044528782 20
0.48869264 0.74991387 0.0053023011 14
0.45862985 0.75986707 -0.03392734 12
0.46872699 0.8028729 -0.079133309 10
0.47662941 0.74482262 0.043266889 27
0.4387463 0.74757564 0.0060373722 14
0.41654095 0.76274788 -0.032179937 12
0.414846 0.79744649 -0.075401321 9
0.43261161 0.74563229 0.042015985 21
0.39574936 0.74741864 0.0057981382 13
0.37353843 0.76259696 -0.031419154 12
0.36493635 0.79312736 -0.071653701 9
0.3837567 0.74031001 0.040775422 20
0.35666478 0.75037414 0.0065620323 13
0.32861143 0.75939953 -0.029650453 12
0.3210035 0.78996289 -0.068879575 9
0.35257298 0.7474668 0.039557915 20
0.31472096 0.74824488 0.0063409233 13
0.28862879 0.75833583 -0.027866963 11
0.27903739 0.78785801 -0.065100752 8
0.3223567 0.755656 0.039339684 26
0.27672225 0.74822247 0.0061291722 12
0.24578133 0.75219357 -0.026068512 10
0.24108092 0.78584856 -0.063300073 9
0.27366245 0.74433631 0.038136821 26
0.2417167 0.74828672 0.0069337403 11
0.20783091 0.7501781 -0.025267676 10
0.19727646 0.77769226 -0.059494495 9
0.23866804 0.74438846 0.03694151 24
0.21258026 0.75350416 0.0067398455 12
0.17581853 0.75032908 -0.023446729 10
0.16812888 0.78292191 -0.057688385 9
0.21248253 0.75167978 0.035751488 25
0.16111732 0.73311973 0.0075769923 10
0.13700184 0.7432887 -0.022619994 10
0.13127382 0.77694702 -0.054857079 8
0.17564976 0.74568063 0.034582861 23
0.13692571 0.74047077 0.0073979306 10
0.11085904 0.74859303 -0.021797422 10
0.099288136 0.77609867 -0.053029697 8
0.14851281 0.75095195 0.034400016 22
0.11178774 0.74579591 0.0072259679 10
0.076035731 0.74166632 -0.019948859 10
0.0586758 0.76101995 -0.050163839 7
0.11854332 0.750139 0.03323837 22
0.072138481 0.73272508 0.0070849238 9
0.047081053 0.73989278 -0.019098809 9
0.035472784 0.76841015 -0.048337307 7
0.076980703 0.73400968 0.032105237 19
0.042216804 0.72991908 0.0069358684 10
0.021018818 0.74219841 -0.018257318 9
-0.006005343 0.74830675 -0.045445524 9
0.048037644 0.73222417 0.030955426 18
0.022969553 0.73940402 0.006771714 12
-0.00593638 0.74047875 -0.017396288 9
-0.032965638 0.74659312 -0.043584473 8
0.025925599 0.73663026 0.030806175 18
-0.0049526435 0.73665178 0.0066336286 11
-0.033837453 0.73673308 -0.016528131 8
-0.062743388 0.73780781 -0.040696047 9
0.0018468146 0.73997718 0.029652452 18
-0.028929746 0.7360062 0.0065048006 10
-0.058819868 0.73606676 -0.015662335 8
-0.086752757 0.738168 -0.039831009 9
-0.022151886 0.74032521 0.028517449 17
-0.053939331 0.73633963 0.0073643969 10
-0.083721727 0.73240173 -0.014777811 8
-0.11168735 0.73550868 -0.037952676 9
-0.046123415 0.73967367 0.027388746 17
-0.07980866 0.73164213 0.007249801 9
-0.10672626 0.73278272 -0.014907245 8
-0.12899457 0.74705273 -0.037118137 10
-0.068208769 0.74308056 0.027245998 16
-0.10375907 0.7299971 0.0071274261 8
-0.12970968 0.7321704 -0.014030426 9
-0.15100542 0.7474668 -0.036242098 12
-0.092132516 0.74143344 0.027125156 16
-0.12668307 0.72837692 0.0070121735 8
-0.14695796 0.7427066 -0.014187851 10
-0.17109691 0.75193101 -0.035378296 12
-0.11413731 0.74184144 0.027001282 15
-0.14963423 0.7267589 0.006895415 8
-0.16702272 0.74517375 -0.013313313 11
-0.19403203 0.74932563 -0.03348881 11
-0.13989381 0.73313946 0.025911951 14
-0.16872036 0.73024642 0.0067691915 8
-0.18621612 0.7526598 -0.013464385 11
-0.21690819 0.74471486 -0.032586779 8
-0.16089331 0.73356849 0.024793647 14
-0.18872616 0.73070818 0.0066562924 9
-0.21001145 0.74502343 -0.012549064 9
-0.23881735 0.74113679 -0.030685542 8
-0.17995322 0.73605639 0.024673698 14
-0.20500137 0.74127364 0.0065027867 9
-0.2309687 0.7434653 -0.01165483 7
-0.25698432 0.74765009 -0.030824831 8
-0.20187189 0.73345965 0.023568813 12
-0.22221689 0.749807 0.005356424 10
-0.25284511 0.73888159 -0.01074725 7
-0.27694738 0.7461251 -0.028925138 7
-0.21811484 0.74301946 0.022421625 13
-0.24316855 0.74824297 0.0052507701 9
-0.26995942 0.74342257 -0.01086866 8
-0.29787794 0.74356753 -0.028024495 7
-0.23622283 0.7475276 0.021294832 13
-0.26493216 0.73965466 0.0051833498 8
-0.28901887 0.74591076 -0.010988315 8
-0.31597039 0.74708802 -0.027144974 7
-0.25714734 0.74496394 0.021195488 13
-0.28031489 0.75424558 0.0050105643 9
-0.30808389 0.74840498 -0.010107943 7
-0.33582065 0.74155855 -0.026220173 8
-0.2779595 0.73839569 0.020121127 12
-0.29837507 0.75676054 0.00489634 9
-0.32703656 0.74689466 -0.010202605 8
-0.3539131 0.74507934 -0.025340535 8
-0.29691216 0.73688543 0.020026436 11
-0.32103115 0.74414724 0.0048486385 8
-0.3442038 0.75343502 -0.010336209 10
-0.37281749 0.74157602 -0.024422668 10
-0.3140471 0.74242008 0.018899046 12
-0.33998334 0.74263692 0.0047540669 8
-0.36586618 0.74085456 -0.0093784612 8
-0.3918291 0.74207109 -0.02352961 10
-0.33120924 0.74895447 0.017765479 13
-0.35715103 0.7491774 0.0046205181 9
-0.38479725 0.73835081 -0.0084667318 7
-0.41071236 0.73757422 -0.021605425 9
-0.35102722 0.74241936 0.017696718 12
-0.37423819 0.75271899 0.0045056851 10
-0.40272859 0.73587406 -0.0075495751 6
-0.42779949 0.74111587 -0.021720147 9
-0.37175882 0.73285252 0.016641356 12
-0.39231902 0.75622779 0.003385589 10
-0.41981572 0.73941565 -0.0076642889 7
-0.44507957 0.75166106 -0.020878401 11
-0.3888137 0.7353884 0.01553286 12
-0.41113773 0.74971956 0.0033223589 9
-0.43876842 0.73790562 -0.0077585634 6
-0.4629842 0.74818468 -0.019954855 10
-0.40671277 0.73190594 0.015456357 9
-0.42992929 0.74221176 0.0032654225 9
-0.45575386 0.73745501 -0.0068483124 6
-0.4809427 0.74670762 -0.019043697 10
-0.42460674 0.72841746 0.014379939 10
-0.44715038 0.75075167 0.0031197204 10
-0.47276044 0.73799795 -0.0069441875 6
-0.49879396 0.74123204 -0.018107587 7
-0.44166163 0.73095351 0.013271614 10
-0.46429092 0.75629264 0.0029927373 10
-0.49079394 0.73951364 -0.0070515941 6
-0.51680589 0.74175429 -0.017208751 10
-0.45961407 0.72947043 0.013182851 10
-0.48318973 0.75278354 0.0029110978 9
-0.50880587 0.74003595 -0.0061527435 7
-0.53373796 0.7393046 -0.016285837 7
-0.47666895 0.73200649 0.012074645 10
-0.50076753 0.73730576 0.0029095458 6
-0.52565181 0.73458123 -0.0062111132 6
-0.55056274 0.73285627 -0.015337961 6
-0.49293861 0.74256653 0.010922047 12
-0.51906335 0.74881178 0.001740076 8
-0.54258388 0.73213148 -0.0052881241 6
-0.5687086 0.73837674 -0.014470058 6
-0.51083213 0.73907816 0.009845946 11
-0.53467393 0.73439342 0.002743094 6
-0.55979937 0.7406655 -0.0064334692 6
-0.58561349 0.73492742 -0.013540737 7
-0.52786589 0.74062079 0.0097440863 12
-0.55143976 0.72593987 0.0027035205 6
-0.57767737 0.73618984 -0.0055032684 6
-0.60359317 0.7344442 -0.013635341 8
-0.54472512 0.73216605 0.0086933887 9
-0.56953996 0.72645468 0.0015911963 6
-0.59464943 0.73173922 -0.0055793999 6
-0.62170398 0.73497099 -0.012748248 8
-0.56285983 0.7376743 0.0075612343 10
-0.58792144 0.74096566 0.0014030645 7
-0.61274141 0.73526049 -0.0046990737 7
-0.63971591 0.73549324 -0.011849204 9
-0.57980746 0.73621207 0.0064780489 10
-0.60584724 0.73848313 0.0013207681 8
-0.63066763 0.73277789 -0.0047813337 7
-0.65764773 0.73301673 -0.010931444 8
-0.5966 0.7287581 0.0064322199 10
-0.62276816 0.73602128 0.00024390532 8
-0.64756697 0.72932249 -0.0048519433 7
-0.67576689 0.73753774 -0.010057177 10
-0.6146546 0.73126763 0.0053189038 12
-0.64074779 0.73553801 0.00014927941 7
-0.6656056 0.73084468 -0.0039589978 7
-0.69374651 0.73705447 -0.010151699 9
-0.63270879 0.73377717 0.0042056553 12
-0.65980726 0.7380268 3.0693693e-05 7
-0.68690014 0.74227041 -0.0051442054 8
-0.7138108 0.73952264 -0.009275551 10
-0.65062946 0.73128867 0.003123574 12
-0.67894173 0.74350846 -0.0011064666 9
-0.70598632 0.74575877 -0.0052688904 9
-0.73282248 0.74001837 -0.0083815577 10
-0.66863579 0.73180503 0.0030228561 12
-0.69681406 0.73902678 -0.0011760095 8
-0.72278446 0.73831123 -0.0043144133 9
-0.75401539 0.74745184 -0.0085417265 13
-0.68879664 0.73825949 0.0018742026 12
-0.71689999 0.7424885 -0.0013059729 8
-0.74284363 0.7407735 -0.0044381097 9
-0.77299982 0.74694812 -0.0076413681 12
-0.70787776 0.74174196 0.00074962049 13
-0.74035424 0.75985855 -0.0025390028 10
-0.76290286 0.74323559 -0.0045617279 10
-0.79193139 0.74444515 -0.006728515 12
-0.72574455 0.73725438 -0.00031975892 13
-0.75814652 0.75237805 -0.0025896896 11
-0.78504163 0.74864304 -0.0047146366 10
-0.81299543 0.74688661 -0.0058573843 12
-0.74690467 0.74368215 -0.0014735634 13
-0.77599221 0.74689698 -0.002652768 10
-0.80397272 0.74614006 -0.0038017004 10
-0.83192652 0.74438369 -0.0049443883 12
-0.76795805 0.74611157 -0.0026024047 14
-0.79599243 0.74735397 -0.0037637637 10
-0.8250317 0.74857563 -0.0039304593 10
-0.85503834 0.74876481 -0.0050962153 12
-0.78906482 0.75054014 -0.0037436234 14
-0.81805068 0.74976271 -0.0038978411 9
-0.84498364 0.74703956 -0.0040289201 10
-0.87707543 0.75018001 -0.0042239884 11
-0.81113905 0.75393641 -0.0058838469 14
-0.8380509 0.75021964 -0.0050087026 10
-0.86698842 0.7474491 -0.004150419 9
-0.90011227 0.75156868 -0.0033570281 11
-0.83001119 0.74942815 -0.0059582694 14
-0.85897589 0.74765718 -0.0051061902 8
-0.88904715 0.74985784 -0.0042843111 8
-0.91788298 0.74309498 -0.0024010777 10
-0.85093063 0.74685961 -0.0070557012 14
-0.87990093 0.74509472 -0.0052035954 8
-0.91099858 0.74826825 -0.0043932204 9
-0.94091982 0.74448347 -0.001533965 12
-0.87189835 0.74628425 -0.0091654928 14
-0.90405983 0.75144243 -0.0063729137 8
-0.93192869 0.7457121 -0.0034905237 10
-0.96703601 0.74879056 -0.00070143229 15
-0.8959772 0.74963307 -0.010316116 14
-0.92493147 0.74688089 -0.0064577293 7
-0.95906568 0.75098586 -0.0036695034 12
-0.98577976 0.73929071 0.00025562602 12
-0.91579008 0.74309289 -0.011383101 12
-0.95103645 0.7511757 -0.0076250974 9
-0.97680414 0.74150664 -0.0037070666 8
-1.0129485 0.7455703 0.0010705412 11
-0.93878907 0.74346977 -0.012509582 15
-0.97814119 0.75544399 -0.0087977098 10
-1.0038878 0.74478126 -0.0038734232 8
-1.0399839 0.74685186 0.0019166825 15
-0.97010082 0.75562167 -0.014753238 17
-0.99479979 0.7429927 -0.0088111795 9
-1.0340769 0.75197411 -0.0040805587 11
-1.0659661 0.7461611 0.0027806733 13
-0.98775917 0.74314362 -0.014772019 16
-1.0291425 0.75606996 -0.010076907 10
-1.0559267 0.74639243 -0.0031641275 9
-1.0929692 0.74643701 0.0026332522 15
-1.0158581 0.74737918 -0.016949736 17
-1.0520132 0.75145507 -0.010171967 10
-1.0891094 0.75349897 -0.0043870057 10
-1.1230567 0.7496376 0.0034512526 12
-1.0410013 0.7437067 -0.018105257 18
-1.0781833 0.74875474 -0.01134008 10
-1.1111578 0.74591917 -0.0035037387 10
-1.1492168 0.74595451 0.0052871904 10
-1.0679932 0.74396998 -0.020253379 18
-1.1051269 0.74702495 -0.012475727 10
-1.1453192 0.75200486 -0.003726563 10
-1.1802238 0.74612898 0.0061177965 11
-1.0970168 0.74518555 -0.021418378 14
-1.1320498 0.7443018 -0.012605096 9
-1.1752672 0.75020075 -0.0038780887 10
-1.2225424 0.75799799 0.0058150822 12
-1.1270075 0.74536854 -0.023582341 15
-1.1754376 0.75913048 -0.014931795 11
-1.2000839 0.74353284 -0.0039717108 10
-1.2524481 0.75420702 0.0076761101 12
-1.1549246 0.74261236 -0.024716904 12
-1.2053593 0.75632703 -0.015076984 11
-1.2454278 0.75632107 -0.0042965119 11
-1.2854543 0.75432801 0.0084963683 12
-1.1961734 0.75249082 -0.028001616 16
-1.2331954 0.75057214 -0.016192669 11
-1.278375 0.75443679 -0.0044637499 12
-1.3173271 0.74947792 0.0093531841 12
-1.2322693 0.75651157 -0.030222194 15
-1.2733221 0.75549144 -0.017440781 12
-1.3071953 0.74766773 -0.0035784349 12
-1.3512257 0.74557382 0.010193221 13
-1.2630991 0.75067037 -0.032353736 15
-1.3031577 0.7496832 -0.018566942 13
-1.3492999 0.75154018 -0.0038308278 12
-1.3912885 0.7475127 0.01196398 12
-1.3011405 0.7526384 -0.034572303 19
-1.3359981 0.74380064 -0.018709028 12
-1.3811139 0.74468476 -0.0039612632 12
-1.4342911 0.74736589 0.012731355 13
-1.330896 0.74383134 -0.035679646 15
-1.3719116 0.74083042 -0.019885633 13
-1.4220847 0.74358594 -0.0041769231 12
-1.4834574 0.75306225 0.014429501 10
-1.3698517 0.74276793 -0.038884599 14
-1.411851 0.73875272 -0.021089671 13
-1.4620024 0.74051481 -0.0043746666 13
-1.5284324 0.75186253 0.015192743 10
-1.4046588 0.73582613 -0.040030811 14
-1.4578896 0.74050671 -0.023350416 15
-1.5069722 0.73930901 -0.0046113734 13
-1.5743592 0.74864292 0.016963219 11
-1.4516915 0.73754722 -0.043296807 16
-1.503853 0.73926806 -0.024592357 14
-1.5620986 0.74383295 -0.0049385424 10
-1.621253 0.7443909 0.017734792 11
-1.494565 0.73337793 -0.046503972 14
-1.5487639 0.73605698 -0.02581637 15
-1.610019 0.74055374 -0.0041784849 11
-1.6721988 0.74203098 0.018472778 12
-1.5465692 0.73396569 -0.049790047 14
-1.5966196 0.73076642 -0.027043743 15
-1.663985 0.73910707 -0.0044626207 11
-1.7312009 0.74146211 0.020155858 12
-1.5985196 0.73255426 -0.053063493 11
-1.6485488 0.72836149 -0.029310891 18
-1.717871 0.73466158 -0.0047278926 12
-1.8013327 0.74559677 0.021749467 13
-1.6514162 0.72911686 -0.056329641 12
-1.7126075 0.73063326 -0.031672854 16
-1.7757821 0.73110855 -0.0050204904 12
-1.8703308 0.74476016 0.023379773 14
-1.7123632 0.72746444 -0.059650604 13
-1.76946 0.72510177 -0.032947566 12
-1.8488215 0.73215193 -0.005423801 12
-1.9514372 0.74760664 0.025921546 87
-1.7773304 0.72669858 -0.063998833 13
-1.8414621 0.72516018 -0.035339192 13
-1.9228339 0.73216897 -0.0058259559 13
-2.0405617 0.75123268 0.027414864 76
-1.8482684 0.72477245 -0.068372503 14
-1.9144102 0.72319269 -0.037723426 12
-2.0058424 0.7319451 -0.0062756957 73
-2.1326373 0.75278521 0.029904962 74
-1.9181266 0.71987426 -0.072721943 15
-1.9933296 0.72006488 -0.04013307 73
-2.0948491 0.73156053 -0.0067570368 72
-2.2377346 0.75498933 0.032320067 86
-2.0020809 0.7185936 -0.078170396 70
-2.0822928 0.71866262 -0.04360798 71
-2.1806753 0.72426534 -0.0061785812 74
-2.3528335 0.75693178 0.035682384 89
-2.0930007 0.71611989 -0.084649488 60
-2.1590259 0.7085914 -0.045962851 76
-2.2907007 0.72431821 -0.0067770677 84
-2.4910576 0.76325637 0.038891826 102
-2.175715 0.70586973 -0.090035982 47
-2.267982 0.70665359 -0.049543366 65
-2.413748 0.72502261 -0.0074504158 72
-2.637172 0.76536846 0.042084176 121
-2.2987235 0.70853549 -0.097703613 44
-2.3888736 0.70439357 -0.054168504 67
-2.5436583 0.72254676 -0.0081221489 84
-2.8224621 0.77544588 0.046035465 90
-2.4256458 0.70608586 -0.10637804 30
-2.5248411 0.70272708 -0.05889678 68
-2.6855381 0.71674562 -0.0088571114 83
-3.0035477 0.77563447 0.051050577 16
-2.5645101 0.70131594 -0.11510316 36
-2.6656728 0.69592881 -0.063619934 66
-2.8666172 0.71789718 -0.0098479986 115
-8.2792435 2.2484181 0.10728304 33
-2.7173367 0.69516551 -0.12489565 49
-2.8355687 0.69134694 -0.069514826 90
-3.0595584 0.71372962 -0.010870662 150
-8.2873459 2.0641956 0.11637458 34
-2.8961699 0.68930662 -0.13683146 75
-3.015327 0.68149948 -0.075430907 107
-3.3096924 0.71603298 -0.012244228 150
-8.2964258 1.878953 0.12646717 28
-3.0838339 0.6772033 -0.14977686 96
-3.2200434 0.66997719 -0.082472414 97
-3.573607 0.70996493 -0.013641184 18
-0.8829639 0.013781788 0.0052956729 3
-6.077764 0.22777745 -0.34528676 1
-6.0210977 0.091271624 -0.34113589 42
-0.86898714 -0.020852122 0.0065917531 3
-0.8894611 -0.03942024 0.0045980895 4
-0.82737356 -0.047556538 0.037989963 3
-0.89192653 -0.058493964 0.0047055129 4
-0.85386777 -0.066260837 0.039964601 3
-0.87151307 -0.072947554 0.0059090182 3
-8.0325031 -2.1270149 0.31299368 0
-2.4620233 -0.60501385 0.10466956 44
-2.393152 -0.63541937 -0.092780136 12
-2.3935676 -0.63300472 -0.024794061 11
-2.4662943 -0.65655661 0.038961463 16
-2.4587665 -0.65192878 0.10697677 37
-2.2580712 -0.63775831 -0.084035933 14
-2.2664092 -0.63758111 -0.020078968 4
-2.326226 -0.65681142 0.039719515 81
-2.4594548 -0.70094997 0.10927567 34
-2.1192114 -0.63198757 -0.074321143 57
-2.1067438 -0.62328261 -0.015304564 54
-2.1675382 -0.642564 0.040488873 57
-2.4264653 -0.73707908 0.1096769 22
-1.9894226 -0.62346494 -0.065672204 60
-1.9918209 -0.61918384 -0.010708719 63
-2.0426776 -0.63522345 0.041118249 74
-2.2331269 -0.70794433 0.10354133 45
-1.8726771 -0.61329687 -0.058103725 47
-1.8711087 -0.60693407 -0.0071317866 56
-1.9189452 -0.62291789 0.040710967 73
-2.0776246 -0.68581116 0.099244833 78
-1.7698939 -0.604509 -0.051602107 10
-1.7762265 -0.60137713 -0.0036530329 10
-1.8240469 -0.61737931 0.041189849 12
-1.9371383 -0.6630857 0.093863688 115
-1.6978222 -0.6065582 -0.047199611 5
-1.6972799 -0.59825343 -0.0012452612 9
-1.7361726 -0.61102831 0.041625854 11
-1.8314149 -0.65027422 0.091356128 13
-1.6179985 -0.59939116 -0.041811846 0
-1.6332208 -0.59952921 0.0011092586 7
-1.6632128 -0.60807723 0.042002328 10
-1.7376547 -0.63878936 0.08779218 11
-1.5682421 -0.59777951 0.003450112 2
-1.6041412 -0.60949892 0.042330775 7
-1.6617651 -0.63277155 0.086165518 10
-1.5082881 -0.595164 0.0057585761 0
-1.5441495 -0.6078952 0.042645581 1
-1.6037089 -0.63323259 0.084482528 6
-1.5329193 -0.6233564 0.081804603 2
-1.2454028 -0.59672284 0.074197829 0
-0.97384351 -0.54054958 0.064446345 4
-0.91062546 -0.53624147 0.0047531603 9
-0.92761576 -0.5405699 0.024691071 4
-0.94070828 -0.54079938 0.04362442 5
-0.96641284 -0.55635095 0.065585226 5
-0.89735699 -0.54588544 0.005885045 10
-0.91340047 -0.54818797 0.025815545 8
-0.92748761 -0.54845023 0.043743812 7
-0.94640243 -0.55582452 0.064690314 10
-0.89050269 -0.54357702 0.025910778 9
-0.9171378 -0.5611729 0.044879161 8
-0.9234724 -0.55221933 0.063791893 10
-0.85454416 -0.53773093 0.0080662649 10
-0.8811264 -0.55732608 0.027047224 8
-0.88845509 -0.54840523 0.044954862 8
-0.91025174 -0.55987018 0.063911229 10
-0.88837481 -0.55429244 0.062995017 10
-0.80808347 -0.51646882 0.011186067 9
-0.83552182 -0.54110092 0.02819344 7
-0.85436237 -0.55049896 0.045152709 8
-0.8504377 -0.55028814 0.062175639 9
-0.78653967 -0.53589642 0.012423826 9
-0.80343366 -0.54324192 0.029380808 6
-0.82034922 -0.54959404 0.045331545 8
-0.81644613 -0.54838967 0.061348155 9
-0.75364327 -0.53100741 0.014572108 8
-0.77521098 -0.5504877 0.030578967 6
-0.78354484 -0.54061842 0.044475336 7
-0.78155559 -0.54247242 0.05950053 9
-0.72177279 -0.52514559 0.01670883 7
-0.74141604 -0.54157984 0.031707145 6
-0.75063777 -0.53574181 0.044623569 7
-0.74777663 -0.53257728 0.058622435 8
-0.69560808 -0.5304395 0.018883815 7
-0.71053511 -0.53575701 0.031838689 6
-0.72075611 -0.52994561 0.04475002 6
-0.71883625 -0.52881312 0.057756312 8
-0.66762471 -0.52868909 0.020024944 7
-0.67887211 -0.52190459 0.032924876 6
-0.69087446 -0.52414954 0.044876307 5
-0.68900239 -0.52102393 0.056870013 7
-0.64161921 -0.52798539 0.022161976 7
-0.65280259 -0.52321249 0.033074565 5
-0.66941023 -0.54057872 0.046094712 6
-0.61418355 -0.51722473 0.024196459 7
-0.63069487 -0.53760868 0.034234948 5
-0.64101243 -0.52781135 0.04512101 6
-0.64010835 -0.52571827 0.056115884 7
-0.59185213 -0.52862883 0.025388852 7
-0.60392433 -0.52788746 0.035321184 5
-0.61334288 -0.51407105 0.045187306 5
-0.61419338 -0.52103412 0.055228412 7
-0.56603301 -0.52092749 0.027482312 6
-0.57901931 -0.52321774 0.036428422 5
-0.59095293 -0.52748066 0.045392219 5
-0.59101123 -0.5264262 0.054388229 7
-0.54123479 -0.51225936 0.028564267 6
-0.55574149 -0.53259623 0.037613187 5
-0.56688845 -0.52883542 0.046531893 6
-0.56791425 -0.52881336 0.054529056 7
-0.51877594 -0.52865583 0.030787682 7
-0.53093815 -0.5239343 0.037695073 5
-0.54313219 -0.51820707 0.045596149 5
-0.54315871 -0.51815838 0.053598393 7
-0.49589708 -0.52304006 0.031877995 6
-0.50687367 -0.52528924 0.038834479 5
-0.51974809 -0.53158414 0.04680584 6
-0.51976949 -0.53154165 0.053808071 7
-0.4718855 -0.52239591 0.033004697 7
-0.48386186 -0.52467173 0.039956093 6
-0.49699715 -0.52097636 0.046864688 5
-0.4969863 -0.52193975 0.052873209 7
-0.44652861 -0.53472042 0.034218073 8
-0.4597173 -0.52902579 0.041114118 5
-0.47290042 -0.5233373 0.047010206 6
-0.4738842 -0.52433342 0.052013598 7
-0.42381454 -0.52310103 0.036270283 7
-0.43562612 -0.53138071 0.042259451 6
-0.44756511 -0.53466839 0.047217257 6
-0.44849551 -0.53766376 0.052233186 7
-0.39761806 -0.52940136 0.037450828 8
-0.40948254 -0.53568172 0.04342746 6
-0.42481369 -0.52406096 0.047275744 5
-0.42587197 -0.52206445 0.051260252 7
-0.37042692 -0.53566903 0.039636329 8
-0.38560396 -0.53003985 0.044522293 6
-0.3963522 -0.54030442 0.04852926 6
-0.39964324 -0.52937061 0.051447004 7
-0.34765947 -0.5260492 0.041700728 7
-0.35846063 -0.53431451 0.045695156 6
-0.3691504 -0.54658449 0.048714753 6
-0.37269336 -0.5376361 0.05160211 7
-0.31876862 -0.53225476 0.042854961 9
-0.33054283 -0.54154664 0.046850167 6
-0.34678391 -0.53296399 0.0487119 6
-0.35004362 -0.52303612 0.050635856 7
-0.28747779 -0.54240787 0.046086442 9
-0.30140051 -0.54576755 0.048033804 6
-0.31758821 -0.53918409 0.049908124 7
-0.3197096 -0.53423393 0.050868604 8
-0.2531831 -0.55248749 0.048333194 9
-0.27241737 -0.54399085 0.049179628 8
-0.28425542 -0.55030215 0.050156161 7
-0.28739816 -0.54438514 0.050105207 9
-0.21899424 -0.55856866 0.050554682 9
-0.23709625 -0.55504346 0.051437669 7
-0.24890251 -0.56236058 0.051420528 7
-0.25209308 -0.55445045 0.050357003 8
-0.17862706 -0.57148147 0.053850666 10
-0.19979724 -0.56504959 0.052699529 8
-0.2157879 -0.56547576 0.052617971 7
-0.21684089 -0.56251669 0.050596081 8
-0.1321556 -0.58823323 0.057202313 11
-0.15429325 -0.58283371 0.055052422 8
-0.1744637 -0.57637507 0.053906459 8
-0.10794984 -0.59557992 0.059376873 12
-0.17340581 -0.57736748 0.050919905 10
-0.07442797 -0.6146825 0.061672829 13
-0.10482351 -0.59950578 0.058419243 9
-0.12385055 -0.59803092 0.05530991 9
-0.022333318 -0.65529168 0.06519898 15
-0.13115636 -0.58524776 0.051194444 11
0.070007324 -0.74282646 0.072225988 12
-0.015069935 -0.66411543 0.063293144 11
-0.065133639 -0.62347251 0.056779187 10
-0.09554521 -0.60730833 0.051519461 12
1.9771256 -3.0020714 0.2151822 23
0.092743538 -0.76924437 0.070509821 6
-0.057907883 -0.63031548 0.051860925 13
1.9776201 -2.8700111 0.21537295 113
1.978079 -2.9961677 0.19614978 25
0.099894784 -0.77309477 0.06457255 5
-0.0017244614 -0.67382956 0.053426225 15
1.9679909 -2.7332249 0.21448112 112
1.974373 -2.8562291 0.19426984 112
1.9776922 -2.9763327 0.17102449 22
0.11947181 -0.79262608 0.057797149 1
1.9708786 -2.6160996 0.21577616 118
1.9657488 -2.7194226 0.19238311 95
1.9791276 -2.8412714 0.16720152 119
1.9906192 -2.9662092 0.13602877 19
1.9697732 -2.4990871 0.2160507 89
1.9624153 -2.5934787 0.19059096 106
1.972487 -2.7034242 0.16331874 139
1.9900078 -2.8292081 0.13118297 113
1.9791431 -2.3998017 0.21648934 86
1.9736619 -2.4891543 0.18900852 88
1.9640601 -2.5736272 0.15947594 115
1.9854301 -2.6933193 0.12532297 116
1.9814304 -2.2976975 0.21787328 77
1.9789057 -2.3849831 0.18839531 79
1.9753118 -2.4693091 0.15689345 91
1.9759607 -2.5615621 0.1194625 117
1.9858557 -2.2005441 0.21829881 91
1.9801031 -2.2789254 0.18674904 80
1.9805181 -2.363157 0.1532677 89
1.9881381 -2.4542243 0.11586621 92
1.9880922 -2.1063695 0.21874884 91
1.9801891 -2.178812 0.1861504 93
1.9814312 -2.2560318 0.15062968 83
2.0012467 -2.3537889 0.11133336 93
1.9978008 -2.0200725 0.2202698 76
1.9826498 -2.0827241 0.18457277 81
1.9909426 -2.1617565 0.14910056 89
2.0014048 -2.2457769 0.10667024 85
2.0024848 -1.9329096 0.22175874 81
1.9994941 -2.0012453 0.18516104 86
1.9974606 -2.0675673 0.14655599 85
2.0098209 -2.147542 0.10311085 90
2.0093062 -1.8506974 0.22228931 89
2.002115 -1.911155 0.18362093 87
2.0010333 -1.9754573 0.1440085 97
2.0132389 -2.0494404 0.099525735 82
2.0141504 -1.7695321 0.22381578 86
2.001785 -1.8231376 0.18307789 92
2.0077062 -1.8872598 0.14250143 94
2.0198424 -1.9582565 0.095999882 78
2.0129807 -1.6875392 0.22330521 88
2.0035613 -1.7390656 0.18257017 88
2.0083861 -1.7992282 0.13996354 91
2.0254729 -1.8680985 0.092475101 77
2.0219829 -1.6122651 0.22488977 84
2.0033698 -1.6560527 0.18105848 97
2.0101197 -1.7131692 0.13744327 91
2.0291843 -1.7809929 0.088958845 77
2.0219145 -1.534238 0.22540928 77
2.0083046 -1.5778985 0.1806037 82
2.0119545 -1.6311026 0.13594803 86
2.0288384 -1.6919882 0.08640942 91
2.0198734 -1.4572637 0.2259248 73
2.0062153 -1.4989312 0.18010671 88
2.009743 -1.5471493 0.13341972 94
2.0316038 -1.6069086 0.082900465 95
2.0209324 -1.384202 0.22748072 79
2.0051529 -1.4209367 0.17962107 86
2.010658 -1.4681082 0.13193808 94
2.041574 -1.5296332 0.080477513 82
2.0210238 -1.3121727 0.22803779 77
2.0011499 -1.3450276 0.17813262 88
2.0146787 -1.3929858 0.13049689 86
2.0373952 -1.4467391 0.076945141 75
2.0160959 -1.2392828 0.22756296 75
2.0022728 -1.2739774 0.1777011 85
2.0055766 -1.3132175 0.1279577 82
2.0342908 -1.366811 0.07443665 85
2.0142682 -1.1703056 0.22812855 87
1.9973451 -1.2010876 0.17722626 85
2.0026264 -1.2392811 0.12648685 91
2.0291872 -1.2869362 0.071917892 77
2.0306892 -1.1108332 0.23084895 77
2.0055988 -1.1348492 0.17686188 86
2.0017292 -1.1672904 0.12503876 99
2.0302145 -1.2118999 0.069461189 79
2.0329666 -1.0457479 0.23146003 71
2.0088494 -1.0687377 0.17747183 87
2.0079358 -1.0991123 0.12365156 92
2.0272701 -1.1379696 0.066990271 81
2.0382645 -0.98157626 0.23309267 72
2.0110788 -1.0016593 0.17707036 75
2.0151637 -1.0319009 0.12327568 86
2.0324295 -1.0678248 0.06458535 78
2.0436208 -0.91941005 0.23373784 78
2.0184398 -0.93944603 0.17672583 80
2.0143731 -0.96390891 0.12185256 94
2.0366156 -0.99870628 0.06218154 77
2.0479724 -0.8572644 0.2353778 64
2.0197177 -0.87438738 0.17733166 89
2.0156617 -0.89886254 0.12045848 89
2.0428493 -0.93152773 0.060800429 74
2.0574024 -0.79798448 0.23706213 63
2.021081 -0.81233388 0.17695634 90
2.0169237 -0.83281666 0.11905808 86
2.048115 -0.86538154 0.058420472 74
2.0598133 -0.7378974 0.23770435 66
2.0324888 -0.75200731 0.17764463 90
2.0243118 -0.77160305 0.11871967 85
2.0453043 -0.79644936 0.05598072 78
2.0591989 -0.67689061 0.23832494 58
2.0338523 -0.68995374 0.17726921 95
2.028626 -0.70747656 0.11734705 93
2.0526175 -0.73224312 0.054623406 85
2.0636044 -0.61674416 0.23997729 68
2.0312443 -0.62900621 0.1768796 84
2.0289636 -0.64445001 0.11696021 85
2.0589101 -0.66707003 0.052254673 83
2.0630167 -0.55673695 0.24060407 55
2.0376539 -0.56881273 0.17754216 85
2.0333314 -0.58232278 0.11560006 86
2.0612257 -0.60299677 0.050871711 66
2.0815449 -0.50120997 0.24335916 66
2.044096 -0.50962502 0.177211 91
2.0407465 -0.52210885 0.11526771 78
2.0675662 -0.5398168 0.049515408 68
2.0840259 -0.44312608 0.24401213 55
2.0355062 -0.44884104 0.17678912 79
2.0240581 -0.45754537 0.11377992 81
2.0528028 -0.47220743 0.047018934 85
2.0925097 -0.38587219 0.2457035 77
2.0419431 -0.38964719 0.17745779 83
2.0305002 -0.39835769 0.11344864 85
2.056145 -0.4091073 0.045647204 67
2.0869248 -0.32599801 0.24630457 56
2.0333645 -0.32985896 0.17704366 88
2.0208473 -0.33560336 0.1120106 92
2.0625072 -0.34692079 0.045296974 80
2.082366 -0.26709685 0.24691701 51
2.0348299 -0.27179778 0.17769304 85
2.0283163 -0.27738869 0.11169061 91
2.0638771 -0.28487346 0.043921228 71
2.0828271 -0.20905615 0.24856114 45
2.0312762 -0.21287611 0.17731063 73
2.0267084 -0.2164146 0.11130583 87
2.0632262 -0.22188587 0.041528992 70
2.08634 -0.15293492 0.25023311 48
2.0277176 -0.15394831 0.17792816 85
2.024133 -0.15647289 0.10992224 96
2.0495434 -0.15823218 0.041064125 68
2.079809 -0.095086589 0.25084156 44
2.0261898 -0.095973074 0.17756218 76
2.0175807 -0.097631052 0.1095245 90
2.0499456 -0.097217232 0.038689494 73
2.0693114 -0.038350403 0.25043592 53
2.0116935 -0.039343268 0.17713623 115
2.0140271 -0.038709406 0.10914201 117
2.047312 -0.035270166 0.038293194 79
2.0697994 0.018690659 0.25208622 34
2.0061622 0.01853174 0.17774978 81
2.0044816 0.020046512 0.10772897 83
2.0347142 0.025405142 0.036852263 79
2.081305 0.075030863 0.25479874 31
2.0136795 0.074753255 0.17844208 89
2.003927 0.079047978 0.1073617 80
2.0371108 0.08647947 0.035487682 75
2.0797994 0.13201258 0.2554388 26
2.011153 0.13270193 0.17807089 92
2.0023735 0.13802285 0.10698931 91
2.0404809 0.14857998 0.034121845 73
2.0852273 0.19119205 0.25810179 22
2.0126197 0.19076313 0.17871995 94
1.9988207 0.19694452 0.10660671 90
2.0378528 0.21052094 0.032725446 79
2.0887148 0.24831289 0.25976717 19
2.0120871 0.24877113 0.17935883 98
2.0032647 0.25607893 0.10626476 91
2.041223 0.27262142 0.031359527 92
2.0971475 0.30756596 0.2614454 17
2.0125542 0.30680573 0.18000275 82
1.999707 0.31500679 0.10688206 100
2.0306199 0.3333562 0.030928619 68
2.0906441 0.36441469 0.26205987 15
2.0120223 0.36481372 0.18064156 77
2.0000997 0.37603411 0.10650712 86
2.026993 0.39527053 0.029527036 77
2.1030169 0.42577958 0.26474571 12
2.0124896 0.42284831 0.1812854 77
1.9965473 0.43495581 0.10612438 95
2.0303102 0.45937032 0.028148415 72
2.0974553 0.4846603 0.26635256 9
2.0059333 0.4816964 0.18188734 79
1.991969 0.49485055 0.10573024 96
2.0226531 0.52218407 0.027720109 70
2.094866 0.54462051 0.26796839 6
2.0123141 0.54289562 0.1835427 79
1.9913307 0.55685705 0.10634378 77
2.0160012 0.58501834 0.026296899 62
2.0972748 0.60471362 0.26960954 4
2.0067575 0.60177028 0.18414965 61
1.9837537 0.6166721 0.10593434 69
2.0063715 0.64677936 0.025864674 63
1.9872912 0.65726781 0.18370439 53
1.9473519 0.66971225 0.1044154 79
1.9510511 0.69632155 0.025268057 18
2.0642767 0.71787953 0.27073663 3
1.9429986 0.70609671 0.18217 6
1.8941423 0.71530306 0.10285424 46
1.8967836 0.74389112 0.02468922 93
7.2873945 2.3842933 0.76487291 23
1.8759643 0.7453053 0.17857563 86
1.7705536 0.73700231 0.099071309 102
1.7543187 0.76010573 0.023841236 112
1.9569328 0.80701077 0.26362178 13
1.7445537 0.76077592 0.17179008 104
1.6421791 0.75057203 0.095313624 110
1.6150068 0.77040869 0.024046531 91
1.8394213 0.82683963 0.25488216 18
1.6182526 0.77237499 0.16405541 85
1.4802415 0.74724412 0.09148445 79
1.4382398 0.75970942 0.024185255 90
1.7169393 0.83856934 0.24518459 41
1.4493743 0.76086026 0.15425347 76
1.3787242 0.75956511 0.087887831 83
1.3406527 0.77415425 0.02359576 88
1.5265063 0.81839412 0.22830641 99
1.3540461 0.77330112 0.14967504 74
1.270576 0.7646752 0.085287355 99
1.2206526 0.77296591 0.023971954 99
1.4015661 0.81700498 0.21765731 86
1.2469666 0.7764203 0.14409246 81
1.1378407 0.75412005 0.081654377 102
1.0870082 0.75840431 0.023359045 71
1.3113264 0.82656783 0.21112351 81
1.1361061 0.77142996 0.13754015 80
1.0398799 0.75249302 0.078149378 87
0.98702705 0.75674874 0.023843843 72
1.217258 0.83001441 0.20260738 99
1.038156 0.76979071 0.1320353 73
0.94496614 0.74895293 0.075672425 99
0.89709574 0.75336003 0.024392303 80
1.104547 0.81995469 0.19307671 107
0.94431067 0.76425958 0.1265762 81
0.85510325 0.74354661 0.073233694 92
0.80724889 0.74696648 0.023959884 84
1.0097126 0.81438464 0.18561259 78
0.8574844 0.75792122 0.12215916 77
0.7968787 0.75199258 0.071875982 17
0.73723024 0.74710882 0.024591545 13
0.91598928 0.80483675 0.17717896 87
0.77960098 0.75382155 0.11777547 65
0.72692364 0.7501235 0.070520364 18
0.67121571 0.74735159 0.024243722 12
0.82237226 0.79129046 0.16877076 75
0.72049314 0.75823045 0.11443812 13
0.6589998 0.747302 0.068181396 12
0.61022049 0.74673378 0.02492772 16
0.75346452 0.78842384 0.16342671 13
0.65362757 0.75343013 0.11111692 11
0.59117675 0.74048811 0.066867732 15
0.55322886 0.74621642 0.024632202 16
0.68366373 0.78153217 0.15810296 13
0.60253835 0.75705844 0.10882674 11
0.54013532 0.74212337 0.065590203 15
0.50023067 0.74581164 0.025357099 15
0.62472576 0.77993125 0.15280373 12
0.55152863 0.75768805 0.10655556 10
0.4881475 0.74173301 0.064320311 15
0.45023629 0.74548066 0.025097383 16
0.56980789 0.77744335 0.14853121 12
0.49565884 0.75318044 0.10329064 13
0.44504967 0.74558043 0.063071035 15
0.40716004 0.74833465 0.024854429 15
0.52083457 0.77711421 0.14427668 11
0.45259279 0.75602221 0.10104771 13
0.4000591 0.74537629 0.061836898 14
0.35829332 0.74303836 0.025631461 16
0.47094116 0.7737599 0.14003608 15
0.40568793 0.75275987 0.09882237 13
0.36003503 0.74631089 0.061621901 13
0.32018861 0.74702513 0.025407793 18
0.4298746 0.77665478 0.13780342 14
0.363675 0.75362909 0.096597329 12
0.31707016 0.74516052 0.060404409 13
0.283131 0.74904537 0.026201829 16
0.38400635 0.77240729 0.13358963 14
0.32760161 0.75666332 0.095390178 13
0.28493679 0.75030643 0.060204983 14
0.24515931 0.74803412 0.026009811 20
0.34010583 0.7692188 0.13037977 14
0.28672093 0.75256109 0.093201868 12
0.24894248 0.75034195 0.059016861 12
0.21110094 0.75013429 0.02681924 22
0.3080093 0.7733528 0.12818672 15
0.25559238 0.7577275 0.092007644 12
0.21978162 0.7565673 0.05882651 14
0.17223579 0.74509817 0.026647517 19
0.27205238 0.77237636 0.12500499 15
0.2225762 0.75883627 0.089828581 12
0.18094826 0.75052536 0.057661138 16
0.12957868 0.73196489 0.02750596 17
0.23806316 0.77245891 0.12282716 16
0.19250029 0.7620303 0.088652156 12
0.13924818 0.73940569 0.056512147 14
0.10344326 0.73727065 0.02733732 17
0.20699307 0.7756201 0.12064572 16
0.16053119 0.76117253 0.087490872 11
0.10922009 0.74060667 0.056348443 14
0.067650899 0.72932166 0.028199922 14
0.17114243 0.77064538 0.11748944 16
0.11600222 0.74396318 0.084364653 10
0.078299023 0.73778254 0.056204941 13
0.044461332 0.73670644 0.028034013 15
0.14212476 0.77186054 0.11533087 16
0.089893505 0.74826932 0.084202401 10
0.053216264 0.74111581 0.056054097 13
0.018431738 0.73801392 0.027890747 15
0.10064591 0.75672239 0.11221309 18
0.063973762 0.74956292 0.083065212 10
0.022457004 0.73627907 0.054929856 13
-0.013253241 0.73015815 0.0277807 13
0.073653936 0.75699145 0.11007135 19
0.036003161 0.74881202 0.081924736 9
0.00029339461 0.74269116 0.054775614 12
-0.038288191 0.73149848 0.028642833 13
0.045715597 0.7552349 0.10793721 19
0.010005829 0.74911392 0.080788128 12
-0.023736713 0.74405199 0.054642826 13
-0.066130899 0.72575581 0.02853401 12
0.021664368 0.75758916 0.10679812 18
-0.019805059 0.74231231 0.079675496 11
-0.046793774 0.7464391 0.054508843 12
-0.086273901 0.73122776 0.029396299 11
-0.0052747061 0.75585914 0.10466917 18
-0.044749741 0.74064159 0.078556664 11
-0.071744025 0.74477458 0.054390021 12
-0.1102511 0.73058945 0.029276287 12
-0.02638009 0.76029253 0.10353272 18
-0.063967504 0.74913281 0.078405134 11
-0.098608591 0.74005204 0.053280111 10
-0.13042033 0.73706096 0.030132379 12
-0.049405362 0.76167387 0.10240514 17
-0.09077359 0.74240476 0.076307878 11
-0.12064479 0.7414723 0.054157618 10
-0.14953226 0.74155372 0.030006181 13
-0.07339859 0.76202297 0.1002789 17
-0.10799187 0.7509492 0.076166525 10
-0.14356376 0.7388553 0.053055402 9
-0.17059493 0.74400038 0.030882528 13
-0.098263666 0.75735354 0.099179156 16
-0.13283072 0.74528021 0.075073138 10
-0.1664883 0.73624456 0.052953206 9
-0.19163138 0.7454474 0.031765219 13
-0.12023119 0.75675619 0.09706942 14
-0.14912885 0.75685012 0.074918009 11
-0.18649323 0.73671234 0.052847289 9
-0.21450302 0.74083745 0.031675722 11
-0.144097 0.75211346 0.095974833 13
-0.16918717 0.75931716 0.074799478 11
-0.20563139 0.74220484 0.052714955 9
-0.23735307 0.73523402 0.032592561 10
-0.16603784 0.75051659 0.093871512 12
-0.19302629 0.75367481 0.073711298 10
-0.22190793 0.75278139 0.053566236 10
-0.25638494 0.73672807 0.032485519 9
-0.18509592 0.75301033 0.093758091 13
-0.2130312 0.75414276 0.07360547 9
-0.24094027 0.75427556 0.053459179 11
-0.2736083 0.74527895 0.033344455 11
-0.20325546 0.75952291 0.09262456 13
-0.23397787 0.75257874 0.072507299 8
-0.26562503 0.74261522 0.05340391 9
-0.29451224 0.74172795 0.034258917 10
-0.22328198 0.7609843 0.091512524 14
-0.25489783 0.75001514 0.071415484 7
-0.28187028 0.75218612 0.053261645 10
-0.31349123 0.74122298 0.034164619 9
-0.23952721 0.77055514 0.091370203 14
-0.26928118 0.76464331 0.072251745 9
-0.29812059 0.7617631 0.054119382 10
-0.32976776 0.7517997 0.035016108 12
-0.26128215 0.7619611 0.089311264 12
-0.29017445 0.76108021 0.071166329 9
-0.32077456 0.74915022 0.053080678 9
-0.34969863 0.74927515 0.035929441 11
-0.28030893 0.76344925 0.088204399 13
-0.30918011 0.76157486 0.071065776 8
-0.34070033 0.74661946 0.05299405 9
-0.37046498 0.74072009 0.035875648 11
-0.30028716 0.7629177 0.088105135 13
-0.32815859 0.76106983 0.070971578 10
-0.35779122 0.75017232 0.053884711 9
-0.38931653 0.73522323 0.036813024 10
-0.31834087 0.76543206 0.086997084 13
-0.34532398 0.76761544 0.070843354 10
-0.3750357 0.75971687 0.053737625 11
-0.40738043 0.73775005 0.037705053 8
-0.3363412 0.76594716 0.085901693 13
-0.36611143 0.76005393 0.069783352 9
-0.39398798 0.75821239 0.053649869 11
-0.42543927 0.74027067 0.037597157 8
-0.35623524 0.76241076 0.084821507 13
-0.38330302 0.76759928 0.069648914 9
-0.4128662 0.75371528 0.054581031 10
-0.44245052 0.74082482 0.038506906 9
-0.37329429 0.76495796 0.084718585 13
-0.40122932 0.76512176 0.069572531 9
-0.42995152 0.75726205 0.054471903 8
-0.46043485 0.74035281 0.039417978 8
-0.393024 0.75541764 0.082676359 12
-0.42101705 0.75758696 0.068517707 8
-0.4479312 0.75678402 0.054382991 8
-0.47841963 0.7398808 0.040329088 9
-0.41031212 0.75997061 0.082543306 11
-0.44001243 0.75109071 0.0684435 6
-0.4671171 0.7572909 0.055264268 8
-0.49665868 0.74241322 0.041202303 9
-0.42836535 0.76248485 0.081435271 12
-0.45709819 0.75463736 0.068334199 7
-0.4850167 0.7538138 0.055194084 7
-0.51469082 0.74393427 0.041100662 9
-0.44728631 0.7599746 0.080353729 13
-0.47493979 0.74915475 0.067276649 6
-0.50283718 0.74733776 0.055142842 6
-0.53107923 0.75851583 0.042927131 12
-0.46526551 0.75949627 0.08026465 11
-0.49321583 0.75967848 0.068118267 8
-0.52103364 0.75486255 0.056003403 7
-0.5485279 0.7380451 0.042964213 7
-0.4823195 0.76203728 0.079161771 12
-0.51014239 0.75722754 0.068046905 8
-0.53680122 0.74644053 0.055974927 7
-0.5666185 0.74157161 0.043850064 6
-0.50021911 0.75856018 0.079091683 10
-0.52828079 0.76274711 0.067920133 7
-0.55496639 0.75295967 0.055841897 6
-0.58470917 0.74509811 0.044735957 7
-0.51821947 0.7590754 0.07799647 12
-0.54493678 0.75029379 0.066911921 6
-0.57276523 0.74549031 0.056797121 7
-0.60153496 0.73865491 0.045689948 6
-0.53533143 0.76362193 0.077881083 12
-0.56286311 0.74781638 0.066835664 6
-0.59085029 0.74901068 0.056683097 6
-0.62062484 0.74215502 0.046570908 7
-0.55196118 0.75016904 0.076879218 8
-0.58097482 0.7523365 0.066715337 6
-0.60994065 0.75251079 0.05756405 6
-0.63863587 0.74268275 0.047475848 8
-0.57009453 0.75568253 0.075752616 9
-0.59898072 0.75285804 0.06662026 6
-0.62670803 0.7440623 0.057530776 6
-0.65772623 0.74618298 0.048356891 8
-0.58815336 0.75820333 0.07564494 10
-0.61693329 0.75138038 0.06653785 7
-0.64482486 0.74858868 0.058410548 9
-0.67800128 0.75665396 0.049188845 9
-0.6059683 0.75172144 0.07459408 10
-0.63385987 0.7489298 0.066466801 7
-0.66391522 0.75208879 0.059291638 9
-0.69474751 0.74721217 0.05016198 8
-0.62408 0.75624162 0.07447388 12
-0.65297645 0.75342959 0.067341596 7
-0.6829471 0.75358373 0.059185419 9
-0.71597451 0.75566375 0.052001577 8
-0.64192164 0.75075942 0.073416807 12
-0.67433083 0.766873 0.068149656 9
-0.7042219 0.76402831 0.060012441 10
-0.73390591 0.75319278 0.052925657 9
-0.66105932 0.75625265 0.073285379 12
-0.69211954 0.75939167 0.067105278 9
-0.72531122 0.76747555 0.060883645 11
-0.75612754 0.7616117 0.053760361 10
-0.68114388 0.75972027 0.073161587 13
-0.71331471 0.76683742 0.067951269 10
-0.74534798 0.76895016 0.061772522 11
-0.77501088 0.75712126 0.055692103 10
-0.7013393 0.76719272 0.0740126 13
-0.7301088 0.75938869 0.067911975 8
-0.76643735 0.77239752 0.062643826 11
-0.79612648 0.76156825 0.056557152 9
-0.72136587 0.76865494 0.07290154 14
-0.75119305 0.76283002 0.067783311 10
-0.78321028 0.76395559 0.063610896 11
-0.81711513 0.76102334 0.058453742 9
-0.74469304 0.78104585 0.073706076 15
-0.77228242 0.76627737 0.068654671 11
-0.80529892 0.76737648 0.064477295 11
-0.84242022 0.77236795 0.060254667 9
-0.76353395 0.77553731 0.072644286 15
-0.794366 0.76969212 0.068521105 10
-0.82949334 0.77474284 0.065308489 11
-0.86232442 0.76884466 0.061175328 8
-0.78132772 0.76806241 0.072600126 15
-0.81645513 0.77311313 0.069387548 11
-0.85047644 0.77419192 0.066205233 11
-0.88641763 0.77221876 0.063031837 11
-0.80454355 0.77644873 0.072430082 15
-0.84064907 0.78047961 0.070218809 11
-0.87032771 0.76866937 0.06713856 10
-0.90629566 0.76769596 0.063958906 12
-0.82438976 0.77092004 0.072363392 15
-0.86057436 0.77794975 0.070133261 11
-0.89444256 0.77303708 0.06798885 10
-0.92404163 0.758228 0.064927585 9
-0.84747303 0.77430832 0.072224982 15
-0.88355696 0.77734578 0.071020104 10
-0.9163987 0.77146006 0.068887055 10
-0.95227098 0.76650059 0.067732669 15
-0.87005442 0.77769583 0.072157085 15
-0.90395391 0.7737903 0.071007967 10
-0.93995875 0.77383029 0.069823675 11
-0.9789145 0.77179784 0.069637142 16
-0.89200592 0.77611357 0.072056323 15
-0.92169529 0.76431692 0.070977636 8
-0.96080983 0.76828218 0.070753217 12
-1.0029019 0.77117461 0.071520239 11
-0.91287303 0.77155274 0.070979565 14
-0.95409793 0.77946973 0.071719959 13
-0.98581809 0.76862597 0.071625076 9
-1.0330985 0.77838969 0.073323123 13
-0.93579763 0.76894438 0.070880279 15
-0.97913241 0.78081328 0.072585516 13
-1.0181251 0.77979285 0.074392743 8
-1.0632478 0.78361177 0.076138668 13
-0.9587484 0.76733571 0.070774734 17
-0.99887282 0.77128702 0.072545446 9
-1.0441331 0.78011036 0.075259775 9
-1.0933123 0.78582883 0.077973284 13
-0.9805941 0.76175499 0.070699476 14
-1.0332271 0.78439409 0.07429067 9
-1.0783811 0.78921884 0.077030353 10
-1.12546 0.79099804 0.080779083 10
-1.0087548 0.76801121 0.070518732 11
-1.0612342 0.78465867 0.075147882 9
-1.1084456 0.79143602 0.078865051 10
-1.1544458 0.79024279 0.082637765 10
-1.0419984 0.77714008 0.0712943 17
-1.0892413 0.78492332 0.076005161 9
-1.1374047 0.78968114 0.080730051 10
-1.1895928 0.79533279 0.085428864 10
-1.0741627 0.78329659 0.072093874 17
-1.1234312 0.79202658 0.076788582 10
-1.1756774 0.79968369 0.082474753 10
-1.218504 0.79158503 0.088306621 10
-1.106269 0.78744775 0.071906194 18
-1.1503065 0.7873196 0.077682562 10
-1.1994531 0.7910639 0.084408894 10
-1.2587073 0.79854816 0.092060484 10
-1.1290087 0.77784234 0.071851596 19
-1.1781815 0.78258634 0.078571655 10
-1.2375944 0.79606837 0.086185358 10
-1.3153591 0.82208776 0.096627809 9
-1.1600094 0.77802163 0.071694292 12
-1.2256682 0.80035394 0.081221417 11
-1.2726314 0.79715329 0.088001847 10
-1.3544064 0.82307845 0.1004243 9
-1.2054157 0.79283524 0.073372327 14
-1.2575728 0.79651171 0.082083702 11
-1.3353652 0.82352996 0.092519693 9
-1.4005861 0.82888007 0.10415408 9
-1.2383945 0.79195905 0.073210701 14
-1.2956603 0.79950786 0.082872078 11
-1.3743839 0.82351297 0.095322065 9
-1.4549264 0.84047371 0.10880642 10
-1.2754297 0.7929824 0.074016668 13
-1.3347001 0.8004843 0.084668167 11
-1.4133441 0.82149035 0.097137161 9
-1.5133235 0.85396671 0.11442635 5
-1.3052244 0.78518796 0.07391423 13
-1.3839476 0.80919284 0.086364292 9
-1.4604704 0.82526588 0.10087477 9
-1.3462844 0.78710485 0.074694201 13
-1.4239076 0.80714357 0.088174514 9
-1.5156994 0.83282799 0.10454762 10
-11.003769 8.21875 0.92038924 91
-1.3872869 0.78701603 0.074486904 14
-1.4709975 0.80990708 0.089918569 9
-1.5790585 0.8451761 0.10814936 7
-11.275419 8.0456495 0.94707823 68
-1.4333451 0.7888 0.075242274 15
-1.5200385 0.81062412 0.092665434 10
-1.633129 0.84676641 0.11186523 0
-11.601033 7.9071684 0.97927797 97
-1.4824606 0.79250985 0.076970197 15
-1.5792609 0.81807375 0.095318675 10
-11.569554 8.0281658 0.84268808 97
-11.575749 7.5186892 0.98181713 91
-1.5334904 0.79316151 0.07770732 11
-1.6384043 0.82252419 0.097990975 10
-11.577556 7.6507835 0.84098846 95
-8.6710243 5.2741337 0.7355426 12
-1.5834681 0.79184026 0.078462102 11
-1.7127323 0.83358073 0.10154494 8
-8.6657448 5.3596001 0.62603951 2
-8.7282457 5.0535793 0.74462074 60
-1.6435481 0.7942524 0.07914225 12
-1.7767948 0.83489937 0.10421167 1
-8.6575823 5.0896926 0.62475669 54
-8.8586712 4.8761506 0.76105869 48
-1.7015541 0.79372448 0.080851309 13
-8.6667976 5.1577063 0.50528735 55
-8.7614908 4.894897 0.6314373 80
-8.7788887 4.5841212 0.75827897 57
-1.7886393 0.80825496 0.083227798 14
-8.6974154 4.9108996 0.50161004 76
-8.7659531 4.6417756 0.63088852 76
-8.8355255 4.3726673 0.76716083 81
-1.8718865 0.81604189 0.084727727 14
-8.2280836 4.3829007 0.47023422 1
-8.7867203 4.4050732 0.63313186 73
-11.533234 5.4778628 1.0140058 92
-1.9560027 0.81997252 0.087081119 41
-8.2454262 4.1567955 0.46705949 5
-11.537072 5.5547776 0.83144218 2
-11.525695 5.1741037 1.0157492 92
-2.0450106 0.82320213 0.087973252 8
-8.6614103 4.1388364 0.48502585 35
-11.507824 5.2259035 0.82910657 89
-11.520744 4.8756099 1.0221072 90
-8.1632223 3.9077671 0.31727859 140
-11.500892 5.2635794 0.64003062 89
-11.510144 4.9209881 0.83111441 86
-11.50528 4.5738077 1.0293068 88
-8.5144682 3.8462055 0.31838024 46
-11.496107 4.9426208 0.62930298 87
-11.499405 4.6131935 0.82474869 85
-11.494844 4.2860212 1.0262455 87
-11.674644 5.0402923 0.42380095 89
-11.472763 4.6272311 0.623115 85
-11.476696 4.3125911 0.82370681 114
-11.488997 4.0012894 1.0336404 87
-11.667945 4.7176809 0.41501692 91
-11.474988 4.3236852 0.62180674 111
-11.478563 4.0245843 0.82772505 114
-11.481095 3.7224901 1.0417107 86
-11.65897 4.3987012 0.40838695 92
-11.468539 4.0256128 0.61907142 112
-11.464267 3.7326899 0.83104801 112
-11.468199 3.4465997 1.0499316 86
-11.654057 4.0834737 0.40379882 89
-7.2835803 2.3044972 0.39322689 2
-11.463251 3.4534571 0.8352164 119
-11.477571 3.1821461 1.0609479 86
-7.250216 2.2819417 0.25273627 16
-7.2707367 2.1215038 0.39333722 26
-11.449759 3.1759932 0.83732182 113
-11.453109 2.9117064 1.066543 110
-11.640691 3.4799786 0.39122468 88
-7.283823 1.9530964 0.39217791 28
-11.445083 2.9046538 0.84130174 117
-10.861551 2.5103405 1.0182731 108
-11.633217 3.1836469 0.38634777 87
-7.2780352 1.7803015 0.39193195 29
-10.83671 2.4890218 0.80155408 99
-10.861304 2.2628615 1.0305811 104
-8.2831802 2.0163016 0.27818584 8
-7.2535281 1.6021705 0.39250061 39
-10.846416 2.2420974 0.80830133 110
-10.937509 2.0372207 1.0480684 68
-8.2868481 1.8161253 0.27647468 18
-7.2561231 1.4360598 0.39457354 43
-10.938378 2.0106735 0.82122993 67
-11.421938 1.8827395 1.1059802 69
-10.830155 2.1514676 0.35498518 19
-7.2466564 1.2682549 0.39473489 38
-11.399343 1.8427031 0.86337984 73
-11.438453 1.6353115 1.1194975 108
-11.417713 1.5911839 0.87091202 91
-11.428932 1.3875535 1.1301841 104
-0.8142876 0.032706141 0.04601685 1
-11.436049 1.3374336 0.88022095 71
-11.416466 1.1415341 1.1395556 112
-11.422393 1.0823302 0.88627511 70
-11.4263 0.89567244 1.1526719 114
-0.8511402 0.026592767 0.039704818 3
-0.87007546 0.02313225 0.048625972 3
-11.413874 0.83026099 0.89283293 69
-11.410752 0.65073758 1.1644446 106
-6.8103185 0.32846609 0.53401506 1
-6.7014279 0.2271402 0.68261886 89
-0.85941333 0.01024105 0.039930936 3
-0.86932427 0.0060050134 0.048903756 3
-6.6550632 0.1784115 0.5276013 76
-6.684567 0.08734218 0.68912458 92
-6.6891899 0.037196063 0.53673136 58
-6.8979192 -0.051606756 0.72013718 58
-0.87273836 -0.0063417745 0.03999931 4
-0.86367536 -0.012041717 0.049075153 3
-11.387689 -0.17682654 0.93244463 69
-6.8106155 -0.19140048 0.71946067 24
-11.367013 -0.41624394 0.95234138 89
-11.394835 -0.55520159 1.2470217 77
-11.378744 -0.66511714 0.96168101 70
-11.388159 -0.79355019 1.2570336 103
-11.369958 -0.90986538 0.96811861 92
-11.379423 -1.0333347 1.2688046 106
-0.86268139 -0.043426257 0.050948981 2
-11.358458 -1.1587609 0.97871089 93
-11.381056 -1.275921 1.2853862 105
-11.371966 -1.4144619 0.9874925 101
-11.380171 -1.5192152 1.2956651 109
-0.85797405 -0.056365617 0.040460009 3
-0.87086678 -0.061606269 0.051372178 3
-11.356743 -1.6618989 0.9974001 101
-11.374217 -1.7608303 1.3104903 110
-11.344303 -1.9125537 1.0087134 100
-11.37379 -2.0095222 1.3282031 102
-0.82359231 -0.067547791 0.039690349 1
-0.83352762 -0.071754478 0.0496573 1
-11.341466 -2.1685476 1.0237544 109
-11.305349 -2.2448928 1.3386096 63
-11.226924 -2.4037738 1.0284896 20
-11.331349 -2.5026975 1.3615844 52
-11.201081 -2.654887 1.0414845 16
-11.341648 -2.7570064 1.3828745 54
-7.1462817 -1.7765244 0.47124353 29
-11.24929 -2.9285152 1.0614586 60
-11.375237 -3.0191936 1.4048599 77
-7.1539669 -1.9457353 0.47834569 28
-11.33697 -3.2178071 1.0858947 117
-11.374086 -3.2805517 1.4269954 78
-2.4651039 -0.62360591 0.10351723 31
-7.1515079 -2.1187346 0.48836443 28
-10.761825 -3.3051202 1.0491327 66
-10.756769 -3.3448436 1.37044 110
-2.4565902 -0.67463142 0.10513149 30
-7.1410046 -2.2875991 0.49666962 25
-10.729263 -3.5552421 1.0639842 113
-10.748337 -3.5915704 1.3901149 111
-2.4482629 -0.72441924 0.10651292 22
-7.1394114 -2.4625547 0.50582916 23
-10.724447 -3.8160827 1.0817283 111
-10.729804 -3.8420303 1.409879 110
-2.3171411 -0.72596943 0.10336574 15
-7.1386929 -2.6425285 0.51601607 21
-11.247512 -4.2905989 1.1554892 71
-11.499887 -4.4077487 1.5386556 76
-2.1198719 -0.69377542 0.097421579 68
-7.1448517 -2.8267059 0.52615827 19
-11.31723 -4.6084733 1.1849771 110
-11.51629 -4.6973062 1.5661868 81
-1.9623404 -0.66965902 0.092201799 100
-7.1181502 -3.0002022 0.53418773 8
-10.402451 -4.4870386 1.1056532 74
-10.394607 -4.4817128 1.4335831 10
-1.8308003 -0.64927948 0.087713718 76
-7.1468706 -3.2043848 0.54691619 2
-10.262822 -4.6942472 1.110397 102
-10.269889 -4.6865654 1.4387687 17
-1.7378548 -0.64101797 0.085332386 12
-1.8753766 -0.70840526 0.13795125 1
-11.306517 -5.5047283 1.2527992 88
-11.521577 -5.5881877 1.6514947 93
-1.6517869 -0.63290048 0.083090119 10
-1.7684959 -0.69175857 0.13280575 14
-11.297284 -5.8130288 1.2785827 84
-11.510282 -5.894649 1.681986 95
-1.5993217 -0.63974178 0.082587712 4
-1.6922619 -0.6880303 0.1283468 4
-11.295367 -6.13519 1.3064536 87
-11.494675 -6.2034631 1.711869 96
-1.5233113 -0.62895066 0.081065901 0
-1.6250116 -0.68550277 0.12583023 3
-11.269797 -6.453259 1.3309033 76
-11.49638 -6.5277796 1.7436424 99
-1.5614574 -0.68164045 0.12236379 0
-11.258715 -6.7886662 1.3602842 58
-11.491116 -6.8653731 1.7793976 97
-11.244207 -7.1076937 1.3952725 44
-11.494249 -7.1907134 1.8204356 91
-1.4229184 -0.6522854 0.11596684 0
-11.250546 -7.4669046 1.4239562 41
-11.487236 -7.5295115 1.8502407 82
-1.290473 -0.5957135 0.074811682 0
-1.3586695 -0.63723874 0.1115756 1
-11.258374 -7.8355031 1.4536552 45
-11.484525 -7.887816 1.8856684 87
-1.2671901 -0.60805255 0.075934529 1
-1.3215806 -0.63928062 0.1098049 4
-11.487331 -8.2625217 1.9270644 93
-1.2637614 -0.62389636 0.1060706 4
-1.350359 -0.68391019 0.14626767 3
-11.474417 -8.6357985 1.9628805 97
-1.2158545 -0.6134764 0.10356414 6
-1.2995694 -0.67239177 0.14134952 6
-11.461141 -9.0222063 2.0033574 94
-1.1828455 -0.61264151 0.1017377 5
-1.2625827 -0.67154437 0.13960369 6
-11.33574 -9.3257761 2.0273516 84
-1.1400512 -0.60165304 0.099998586 4
-1.1981584 -0.64299715 0.13289405 7
-10.830784 -9.2999945 1.9821146 77
-1.1011105 -0.59271628 0.097236395 4
-1.156233 -0.63299268 0.12914717 7
-10.642168 -9.5451584 1.9955122 97
-1.0652033 -0.58284456 0.095445186 4
-1.1114496 -0.61785054 0.12533493 7
-10.634441 -9.9665413 2.0450425 7
-1.0055093 -0.5603385 0.069583304 3
-1.0429739 -0.58613288 0.095469952 6
-1.0736085 -0.60573602 0.12236012 7
-0.97942472 -0.5575425 0.068604313 6
-1.0119957 -0.57920837 0.093494073 7
-1.0425371 -0.59889871 0.11948583 9
-1.1110889 -0.65854847 0.15550268 3
-0.95021683 -0.54991019 0.068916015 10
-0.98849124 -0.57981783 0.092920825 9
-1.0200872 -0.60148835 0.11886155 10
-1.081902 -0.65491682 0.15281662 6
-0.93779677 -0.56162918 0.069127187 11
-0.95869511 -0.57103217 0.092056133 9
-0.98735851 -0.58963728 0.11599554 9
-1.0374501 -0.63177127 0.14695179 9
-0.91679162 -0.56107265 0.069259986 11
-0.93573737 -0.56842983 0.091188036 8
-0.96242148 -0.58598888 0.11413325 9
-1.0027355 -0.61888075 0.14209163 10
-0.89194727 -0.55441231 0.069377445 11
-0.94238335 -0.58646506 0.11326657 10
-0.98169762 -0.61933035 0.14123121 11
-0.87483478 -0.55796045 0.069512114 10
-0.89375758 -0.56532377 0.090428971 8
-0.94900751 -0.60349435 0.1362991 11
-0.89737576 -0.58029175 0.1104396 9
-0.92505991 -0.59889477 0.13434416 11
-0.83108139 -0.54586589 0.068544671 9
-0.86150652 -0.57357031 0.090502605 8
-0.90598708 -0.59950906 0.13344605 11
-0.85825044 -0.57643753 0.10870156 8
-0.88771045 -0.60009533 0.13170135 11
-0.794734 -0.54401964 0.068952471 9
-0.8212266 -0.56562304 0.088946924 7
-0.85979456 -0.58645558 0.12885718 10
-0.8217994 -0.57365537 0.1070303 8
-0.84829021 -0.59526193 0.12901564 10
-0.75846553 -0.53522712 0.069181167 8
-0.78581911 -0.56287003 0.088190705 7
-0.78892744 -0.5773772 0.10635614 8
-0.80686218 -0.58375114 0.12528658 9
-0.72880942 -0.53693908 0.070455767 8
-0.75226617 -0.56047827 0.088463686 7
-0.75127238 -0.56235254 0.10446641 8
-0.77389473 -0.57986748 0.12244042 8
-0.70160478 -0.54219103 0.071627893 8
-0.71941036 -0.55258334 0.08758495 6
-0.72032654 -0.55751818 0.10259531 7
-0.74564874 -0.58610636 0.12162399 8
-0.67075539 -0.53434277 0.071736231 8
-0.68663788 -0.54168808 0.086685337 6
-0.6894365 -0.5506832 0.10070984 6
-0.71375746 -0.57924479 0.11974396 8
-0.6418497 -0.52854776 0.071844965 7
-0.65962064 -0.53994769 0.086808689 5
-0.66141856 -0.54891515 0.10083834 6
-0.6829161 -0.57041651 0.11684399 8
-0.61502689 -0.51980823 0.071921565 7
-0.63524735 -0.55127776 0.087997794 6
-0.63720554 -0.55425423 0.10098778 7
-0.65121418 -0.55656099 0.1139164 7
-0.59161055 -0.53315079 0.075116374 7
-0.60839635 -0.54353756 0.088079445 5
-0.61029226 -0.54851967 0.10008202 6
-0.62332278 -0.54980594 0.11201019 7
-0.56659824 -0.53145564 0.076224193 7
-0.58156693 -0.53480297 0.08715383 5
-0.58340704 -0.54178417 0.09916883 6
-0.60086405 -0.56418914 0.11320303 7
-0.5418306 -0.52076936 0.076273322 6
-0.55731016 -0.54212528 0.089312412 6
-0.55922157 -0.54612035 0.099307656 6
-0.57413357 -0.55146807 0.11025043 7
-0.51763004 -0.52609092 0.078417838 7
-0.53229177 -0.54043502 0.089417793 5
-0.53434187 -0.53943217 0.099380918 6
-0.54919255 -0.54678589 0.10933654 7
-0.49340084 -0.53241122 0.080567069 7
-0.50822335 -0.54076445 0.090528943 5
-0.51021165 -0.54176706 0.099504389 6
-0.52476138 -0.56011075 0.11052927 7
-0.47049946 -0.52676946 0.081633545 7
-0.48391023 -0.55008328 0.092695333 6
-0.48681435 -0.55411249 0.10168341 6
-0.50003731 -0.54743564 0.10856275 6
-0.44394258 -0.54502118 0.08486601 7
-0.46000302 -0.54441941 0.092766128 5
-0.46193504 -0.54742116 0.10175321 6
-0.47701734 -0.54579854 0.10865308 7
-0.41938478 -0.54030281 0.087163828 7
-0.43522447 -0.54769439 0.095112942 6
-0.43831238 -0.54473674 0.10205567 6
-0.45206919 -0.55507207 0.1100356 7
-0.39539975 -0.53763229 0.088254482 7
-0.40794075 -0.55593032 0.097291194 6
-0.4108955 -0.55796438 0.10526536 7
-0.42823842 -0.54641742 0.10908794 7
-0.3681778 -0.54386127 0.091418363 8
-0.38409439 -0.54826134 0.098348558 5
-0.38712046 -0.5473091 0.10430354 6
-0.40089235 -0.55665821 0.11027705 7
-0.33785108 -0.55399799 0.095622674 7
-0.35805961 -0.54752678 0.1004608 6
-0.35775882 -0.55847985 0.10750811 7
-0.37263596 -0.56386501 0.1124507 8
-0.31084511 -0.55223441 0.097732238 8
-0.32558814 -0.56261134 0.10370623 6
-0.32853028 -0.56465769 0.10967901 7
-0.34775007 -0.55717844 0.1115178 7
-0.28068417 -0.55637151 0.10189486 8
-0.29434404 -0.56971979 0.10789318 6
-0.29832962 -0.56980693 0.11184732 7
-0.31857121 -0.5613625 0.11267495 8
-0.24528028 -0.56935835 0.10713959 9
-0.26530993 -0.56889844 0.11001707 5
-0.27040121 -0.56502104 0.11294047 7
-0.28520954 -0.57241875 0.11589588 8
-0.21009289 -0.57435334 0.11133198 10
-0.23422705 -0.57001317 0.11316293 7
-0.23717867 -0.57107782 0.11612803 8
-0.25089824 -0.58145267 0.11810753 9
-0.16445181 -0.59604269 0.11868221 11
-0.18961217 -0.59077877 0.11946204 7
-0.19675842 -0.58634007 0.12001135 8
-0.21256563 -0.59384614 0.12089332 10
-0.11075967 -0.62310117 0.12749924 12
-0.14209288 -0.61100304 0.12523592 9
-0.074108712 -0.6471085 0.13377829 14
-0.14500271 -0.61407477 0.12723888 10
-0.17435652 -0.60089201 0.12401824 10
-0.0250639 -0.68572932 0.1432375 11
-0.081121653 -0.64629698 0.13473932 10
-0.031570811 -0.68658024 0.14413595 8
-0.091847606 -0.63620877 0.13357833 10
-0.13148879 -0.6102767 0.12725076 11
-0.039542906 -0.68175888 0.1430988 9
11.457098 -14.621339 2.7133503 76
-0.050710708 -0.66903561 0.13900407 14
11.676754 -14.189367 2.7357743 96
11.449812 -14.733791 2.7516844 113
0.0076837088 -0.71610522 0.14948316 0
7.8180184 -9.2683325 1.8503047 3
11.590319 -14.234771 2.7230511 106
11.435495 -14.815287 2.7255859 109
8.0743246 -9.1328936 1.8796824 2
12.101529 -14.167053 2.7801654 108
11.535432 -14.256504 2.6753647 91
14.068848 -14.822225 3.1290658 89
7.9729981 -9.1088657 1.8426189 10
12.046558 -14.182875 2.7174358 109
11.490499 -14.267245 2.5806682 102
14.707269 -14.802728 3.2221446 89
13.945634 -14.828955 3.0618472 109
7.9727616 -9.1570854 1.7995696 38
7.9244642 -9.5687895 1.7667021 6
15.383827 -14.781432 3.3231843 75
14.602886 -14.821545 3.1397376 108
13.885188 -14.834755 2.9575875 108
8.0000982 -9.2196236 1.7255734 51
16.095562 -14.777416 3.4225755 76
15.276184 -14.79951 3.2149887 102
14.550048 -14.831855 3.017055 114
12.845513 -13.805629 2.6085298 16
16.842945 -14.770396 3.5321703 58
16.027063 -14.818994 3.3102498 67
15.221384 -14.800332 3.0800204 87
14.554713 -14.854835 2.8598952 88
17.636267 -14.756973 3.6581433 60
16.745487 -14.767793 3.4026368 78
8.0199614 -7.6637383 1.6498542 3
7.829545 -7.8525586 1.55389 2
7.9468346 -6.5760183 1.7046413 22
17.547544 -14.767957 3.5084212 76
16.725302 -14.78624 3.2400658 92
8.0148458 -7.670207 1.5469604 12
7.9710245 -6.3082051 1.694331 61
7.9006057 -6.5815272 1.6264404 36
17.541754 -14.791847 3.3284032 24
16.756615 -14.817266 3.0286784 84
11.873707 -8.7876244 2.4428997 73
7.9497652 -6.3171563 1.6154404 68
7.8908949 -6.5712247 1.5365022 44
17.510778 -14.744906 3.0863228 12
7.9662738 -5.7401962 1.6696211 2
11.894395 -8.8256645 2.3284416 73
7.9165311 -6.2855234 1.5152764 67
6.3346963 -5.3408813 1.1634462 1
21.130404 -13.954805 4.1898618 47
7.9247093 -5.7221589 1.5745401 25
11.926061 -8.8283091 2.1879747 80
6.270627 -5.050127 1.1292322 27
21.339922 -13.43798 4.2100816 5
21.118484 -13.979469 3.9560621 49
7.9760308 -5.7499981 1.4799603 33
6.2548389 -4.7917104 1.1032233 44
21.276909 -12.741601 4.1763577 5
21.252132 -13.375474 3.9421692 5
21.200678 -13.966623 3.6899669 40
6.2353034 -4.5420928 1.0792075 39
6.2295494 -4.3102193 1.0570852 25
6.2149296 -4.0835862 1.0329666 5
8.009202 -4.2559662 1.6255732 1
6.2630334 -3.8966913 1.0228707 0
21.264338 -10.281308 4.1001096 5
7.9443588 -4.2041225 1.5020844 6
6.2007575 -3.496855 1.1054096 11
7.314425 -4.2592096 1.1628215 47
21.065714 -9.6078615 4.0654058 93
6.2048974 -3.3047602 1.0933874 25
8.0366106 -4.3912559 1.2476054 61
20.587379 -8.8404684 3.9645314 109
6.1757116 -3.0995398 1.0771061 35
8.0453691 -4.1440601 1.2293087 58
21.06712 -8.4906187 4.0443258 138
20.584812 -8.747386 3.6329865 132
6.1790004 -2.915554 1.0669199 61
7.2682047 -3.5417387 1.1031823 43
21.054989 -7.9448514 4.0323973 106
21.071079 -8.3858166 3.6922204 150
6.1540003 -2.7245157 1.0522588 78
7.2574406 -3.3202949 1.0857319 9
21.219921 -7.470036 4.0592284 6
21.067963 -7.8350539 3.6753664 133
6.1475148 -2.5444343 1.043218 79
7.246944 -3.0982609 1.0705746 2
6.4368997 -2.2263484 1.3153411 31
6.1449704 -2.368413 1.0346338 4
7.2959666 -2.9048979 1.0632528 40
6.4576221 -2.0636609 1.3189719 92
6.512835 -2.2029099 1.2051445 4
6.1454706 -2.1963482 1.0272443 96
7.3469515 -2.7145698 1.0573338 1
6.5386577 -1.9214865 1.3345652 96
6.3640976 -1.9868854 1.1781582 48
6.1528873 -2.0272124 1.022386 108
7.3957529 -2.5213835 1.0527626 43
6.6638474 -1.7872051 1.358503 34
6.364645 -1.8209647 1.1750184 68
6.1655707 -1.8640144 1.0171766 144
6.3892493 -2.0209723 0.91350341 105
6.7167277 -1.6339329 1.3684936 150
6.9153156 -1.7875448 1.2636676 34
6.1219969 -1.6883112 1.0054228 102
6.5205078 -1.8797064 0.92102033 103
6.7695775 -1.4796529 1.3804872 150
6.8644452 -1.6010388 1.2528621 34
6.1147232 -1.524653 0.99895388 118
7.1645918 -1.8570212 0.99337441 23
21.159031 -3.8960643 4.0554004 10
6.9983945 -1.4539088 1.2733297 7
6.118382 -1.3641592 0.9954195 124
6.8759189 -1.6035221 0.9484756 115
20.855673 -3.3614368 4.0061636 140
21.040541 -3.6580381 3.5960639 10
6.1131139 -1.2050438 0.98959547 77
7.0208216 -1.4482383 0.95850688 98
20.415409 -2.8262522 3.9301393 127
20.461346 -3.0714445 3.4975817 142
6.1012425 -1.0453387 0.98322535 77
7.1838875 -1.2882267 0.97090864 37
20.903961 -2.4143879 4.0272675 136
20.748329 -2.6285915 3.5396545 105
6.1004591 -0.88796037 0.97929353 77
7.178309 -1.0990754 0.96161079 25
21.010605 -1.9554993 4.0528798 22
20.979637 -2.163759 3.5767856 133
6.0975266 -0.73230249 0.97413033 69
21.007322 -2.5292401 2.6155851 146
6.0846224 -0.57612985 0.96928525 59
21.058287 -2.0147491 2.605391 65
21.032646 -1.0105416 4.0726061 4
6.0868049 -0.42086297 0.96731454 2
13.010324 -0.34017825 2.5748963 20
21.087801 -0.70622039 3.59461 10
11.934441 -0.043341815 2.3823614 101
11.939282 -0.12891139 2.0903692 130
11.943904 -0.20546843 1.8003254 132
7.1823711 -0.16975465 0.93638462 38
12.103936 0.23058079 2.4263134 68
12.128155 0.15319182 2.1283224 83
12.045661 0.087327078 1.8172196 68
7.570931 0.016133178 0.98023552 65
12.090194 0.50708818 2.4363401 64
7.6767159 0.28024557 1.3925327 8
7.3163452 0.23062055 1.1436187 134
7.2952337 0.20289794 0.94543737 98
12.104115 0.78243148 2.448411 57
12.093554 0.72227967 2.1333504 68
7.3066578 0.41417331 1.1427727 100
7.2275562 0.38690731 0.93424159 42
12.079229 1.0555425 2.4545119 31
12.098294 1.007232 2.1397066 63
12.118014 0.97096711 1.8298396 77
7.1927652 0.57094771 0.928505 39
15.278733 1.6759986 3.0874419 75
7.7491522 0.84199762 1.416276 1
7.1985054 0.76829934 1.1294397 56
7.2437716 0.76336497 0.93477309 78
15.276654 2.0242229 3.1038716 68
7.6964107 1.0257349 1.4141387 2
7.1749005 0.9467904 1.129493 53
7.2439771 0.95129544 0.93381858 83
15.314568 2.3778563 3.129106 18
12.693411 1.9597363 2.2676549 2
12.711417 1.953252 1.9279537 2
7.4054155 1.1658723 0.95359105 49
11.904097 2.1427686 2.477124 58
11.916325 2.1312106 2.1462526 73
11.929154 2.1337121 1.8223083 90
7.1784749 1.3229754 0.92838418 18
11.920067 2.4250124 2.4960597 53
11.923082 2.423197 2.1600754 87
11.930878 2.4325066 1.8285618 92
7.1492267 1.5079857 0.92549604 86
11.113183 2.5316496 2.35131 42
11.0999 2.5345597 2.0292914 70
11.107203 2.5520525 1.716314 81
7.1332192 1.6968324 0.92658472 86
11.085311 2.7883742 2.3620758 53
11.095645 2.8088295 2.0420127 71
11.1057 2.8393033 1.725893 80
11.134342 2.8882074 1.4007813 41
11.08547 3.059047 2.3799424 48
11.084904 3.0826659 2.0521572 69
6.0817595 1.7684654 0.99691564 4
7.4878659 2.1838496 0.9732753 29
11.837172 3.5441921 2.5499394 49
11.875887 3.5949547 2.2035637 49
6.0757403 1.93062 1.0001234 8
7.1204958 2.2828565 0.9351126 1
11.855471 3.8417661 2.5743406 44
11.81744 3.8807776 2.2109823 46
11.727526 3.9144778 1.848359 8
3.6997721 1.3656268 0.53198445 12
11.855592 4.1411662 2.5980208 52
11.852008 4.203053 2.2366819 54
11.707519 4.2242436 1.8597175 7
11.878572 4.3776922 1.5188231 90
11.851813 4.4413567 2.6203921 44
11.843025 4.5120964 2.2539773 65
11.863577 4.606658 1.8995978 84
7.1641297 2.9165256 0.95821655 66
11.830034 4.7391424 2.6407745 54
11.830845 4.8261266 2.2733245 67
11.851205 4.9296536 1.9128948 84
7.1441474 3.1217031 0.96045464 64
11.822783 5.0488305 2.6630757 56
11.841074 5.1532044 2.2936256 73
11.846095 5.2672696 1.9280474 76
1.4960639 0.86398101 0.27556497 1
11.820512 5.363225 2.6895027 55
11.82156 5.478138 2.3148987 74
10.194021 4.8590674 1.6905435 16
1.4285442 0.89128405 0.2689707 3
11.812193 5.680542 2.7155998 63
11.815981 5.8093729 2.336832 71
11.827402 5.9523993 1.9640059 89
1.3384205 0.90495509 0.26029888 1
11.746618 5.9812427 2.7317462 57
11.808239 6.1527672 2.361825 75
11.806435 6.3034759 1.9828938 90
6.0378046 3.4410784 0.85960132 22
11.780836 6.3321962 2.770643 59
11.782853 6.4900136 2.3857479 81
11.800262 6.6702814 2.0078044 94
1.0596397 0.8628087 0.22993134 1
11.761142 6.667089 2.8006945 75
11.776648 6.8452587 2.4147501 85
11.792677 7.0424423 2.0326722 96
0.96900976 0.85936916 0.22109216 5
11.772009 7.016222 2.8313026 82
11.780351 7.2097154 2.4401593 90
11.793272 7.4193702 2.0539463 99
0.86092836 0.83947426 0.20939653 17
11.756634 7.3683519 2.8660975 91
11.767332 7.5792322 2.471853 90
11.784405 7.8143096 2.0824935 99
0.77521449 0.83027685 0.20001608 33
11.748815 7.7342162 2.9040425 90
11.753059 7.9630127 2.5056295 92
11.044243 7.7281218 1.9894009 31
0.70917469 0.82975292 0.19468534 9
11.69505 8.0765476 2.9315736 66
11.755657 8.3688469 2.5460556 103
11.03025 8.1194525 2.0198314 15
0.64137948 0.82514381 0.18835488 12
11.732444 8.4950304 2.9937706 109
11.42271 8.5415707 2.5248053 75
11.017554 8.5227356 2.0606875 79
0.58075625 0.8216635 0.18299676 11
11.255307 8.5536404 2.9248607 61
10.946593 8.5972681 2.4659181 97
10.950131 8.8933353 2.0863483 101
0.51992297 0.81512153 0.17772128 11
10.92937 8.7045527 2.8905146 93
10.945711 9.0089331 2.5089717 88
11.893674 10.095993 2.296885 38
0.47078794 0.81493288 0.17325902 10
10.918586 9.0991278 2.9334009 83
11.715327 10.072939 2.7256746 11
11.861938 10.565435 2.3399398 20
0.42388457 0.81362391 0.16958676 10
11.687647 10.155509 3.1873946 88
11.672507 10.511539 2.768739 57
11.942015 11.150515 2.3986802 5
0.38032475 0.81556362 0.16682777 10
11.679167 10.614769 3.2407782 81
11.656344 10.991998 2.8170264 78
11.791513 11.544261 2.4235501 2
0.32615823 0.80280119 0.16141862 12
11.679397 11.096272 3.3014681 71
11.64745 11.499213 2.8745053 80
11.781432 12.092803 2.4778919 22
0.28520739 0.80180901 0.15809612 12
11.625775 11.543861 3.3492393 86
11.645874 12.030845 2.9365551 87
0.24246274 0.7957198 0.15392168 12
11.617759 12.057932 3.4183967 89
11.645535 12.587351 3.0024722 89
0.28892839 0.84815919 0.19587304 0
0.19577213 0.78351116 0.14974903 10
11.604017 12.584235 3.4873316 92
11.532135 13.040726 3.0371492 55
0.16625465 0.78677803 0.1481712 10
11.530375 13.06076 3.5353086 42
0.8101415 1.4813956 0.36623433 29
0.75628364 1.4866936 0.30792654 23
0.12945455 0.78184545 0.14502816 10
11.571095 13.697542 3.6286299 87
0.75490338 1.4860318 0.36093244 77
0.70879102 1.501574 0.30559477 22
0.098416395 0.78112251 0.14286551 10
0.74209929 1.4701159 0.41094923 74
0.70959789 1.5010144 0.35758701 84
0.14583655 0.83965331 0.18174167 1
0.068483979 0.78148079 0.14169797 9
0.68916667 1.4708786 0.4036518 70
0.65955842 1.5078504 0.35376143 80
0.12283579 0.8512221 0.18231614 4
0.03983061 0.77988613 0.14026543 9
0.64120811 1.4776407 0.39962524 81
0.61825848 1.5258179 0.35322833 82
0.089042023 0.84537488 0.17917179 6
0.01091224 0.7781719 0.1391256 9
0.61626339 1.5150499 0.40129977 83
0.60382533 1.5805172 0.35887209 32
0.059015147 0.8446086 0.17703302 6
-0.016190702 0.77846032 0.13798885 9
0.58249027 1.5392855 0.40071669 81
11.476938 18.054623 3.7059536 68
0.028048385 0.84094214 0.17377675 6
-0.04220394 0.77879232 0.13703796 9
0.58342111 1.6173182 0.41388842 11
0.53230214 1.6327014 0.35964379 77
0.001145901 0.84107834 0.1720767 6
-0.067285754 0.77809507 0.13588959 11
0.54336029 1.6353856 0.41092017 80
0.49211156 1.6528744 0.35842636 96
-0.028362624 0.83627212 0.16945656 6
-0.092728309 0.77840775 0.134452 10
0.49615514 1.6412779 0.40650204 84
0.44942918 1.6663036 0.35318843 90
-0.053745646 0.83756691 0.16662408 6
-0.11414108 0.78065771 0.13279983 10
0.45739982 1.6584779 0.40212026 72
0.41899732 1.6992346 0.35438719 67
-0.079051554 0.83608627 0.16402119 6
-0.13754597 0.77936423 0.13125595 8
0.44248652 1.7180725 0.40841678 70
11.208261 22.899652 4.3223691 26
-0.10320149 0.83623761 0.16329411 5
-0.16082034 0.78053242 0.13148588 8
11.226487 22.584627 4.9147639 26
11.159274 24.182335 4.5219207 26
-0.125471 0.83976984 0.16315387 5
-0.18100791 0.78612703 0.13129847 8
11.276345 23.978626 5.1446557 29
11.112968 25.560673 4.720727 27
-0.14861757 0.84110022 0.16206795 5
-0.2040749 0.78445566 0.13023221 8
11.307405 25.45944 5.3918304 23
10.848034 26.573755 4.8549767 123
-0.17731416 0.82960165 0.158953 5
-0.22413643 0.7872237 0.13105176 8
11.115719 26.587389 5.5573626 88
10.341843 27.10022 4.9028759 9
-0.19555134 0.83917421 0.15978122 5
-0.24147817 0.79972088 0.13181685 7
10.473674 26.720358 5.5143476 52
11.171603 31.286114 5.6104088 20
-0.21524411 0.84958899 0.16078244 5
-0.25840098 0.81619841 0.13387398 6
11.221301 30.563524 6.2514753 20
10.815966 32.605595 5.8012371 66
-0.24031402 0.84304261 0.15872595 4
-0.27859211 0.82092559 0.13463123 6
11.148879 32.516968 6.567553 36
11.111866 36.108559 6.3600349 15
-0.26218522 0.84270751 0.15841442 5
-0.30135414 0.81551987 0.13338923 6
10.396653 32.635311 6.5892787 51
10.979808 38.605186 6.8195777 48
-0.2802771 0.85315305 0.1610145 5
-0.3204065 0.82278216 0.13627669 6
10.052839 38.739853 6.8129473 22
-0.30208206 0.8494224 0.16033556 2
-0.34071666 0.8272109 0.13705806 6
10.508158 38.671436 7.6478848 60
10.56939 44.669079 7.777317 44
-0.32461908 0.844706 0.15879731 4
-0.36202723 0.8256166 0.13670789 5
10.995953 44.120945 8.6389275 21
10.771654 50.418407 8.621006 29
-0.34506074 0.84808594 0.15699896 4
-0.38060504 0.83393925 0.13697903 6
10.097478 44.777203 8.611455 35
9.7229433 50.881844 8.6313858 15
-0.36277923 0.86314964 0.15949026 1
-0.40171152 0.82298046 0.13567986 5
10.363728 50.751762 9.6527185 62
9.5029755 56.477715 9.5586481 44
-0.38467598 0.85228997 0.15782727 0
-0.42196617 0.82214546 0.13590041 5
10.165455 56.114273 10.615451 70
8.1488895 56.476036 9.5175171 53
-0.40749991 0.83874637 0.15577327 0
-0.44291696 0.81870568 0.13575488 4
8.9380465 56.556263 10.616783 73
6.8121409 56.465851 9.4871235 63
-0.46312675 0.82210934 0.13765934 4
7.6162949 56.492607 10.53249 63
4.8744011 50.615448 8.4762449 27
-0.48232147 0.82988918 0.13942273 2
6.3067536 56.485424 10.464228 59
4.1859698 56.403259 9.4128647 52
2.0151961 55.982403 8.3493795 44
4.952877 56.142601 10.347954 34
2.8470471 56.430981 9.4100933 55
0.68483591 55.943249 8.3664379 52
3.6819768 56.432198 10.360005 72
1.5328435 56.358452 9.3876305 54
-0.64315063 55.88195 8.3841219 36
-0.54206133 0.83422261 0.14203824 4
2.3937583 56.413418 10.293099 47
0.24503785 56.338936 9.364316 54
-1.9363917 55.892914 8.4017439 56
-0.56336075 0.84891444 0.14465377 2
1.1175768 56.38942 10.234396 61
-0.99929452 50.493904 8.382616 20
-3.2451677 55.878139 8.4228544 61
-0.58334833 0.85056949 0.14629883 1
-0.16959397 56.390972 10.187754 70
-2.3443267 56.289185 9.3369675 47
-4.5539598 55.95961 8.4796257 62
-0.60434449 0.84898359 0.14733467 1
-1.3533558 50.510609 9.104455 25
-3.6536515 56.271393 9.3514824 47
-5.8811541 56.166996 8.5965929 49
-0.6266253 0.86387968 0.15092766 0
-2.7254262 56.317619 10.153296 56
-4.9377575 56.263947 9.3976336 44
-7.1662569 55.877441 8.6146555 45
-0.64870661 0.86748821 0.15300629 0
-3.9999015 56.295666 10.129717 71
-6.2361517 56.200001 9.4088955 51
-8.5175352 56.143341 8.7086649 53
-5.3002248 56.272789 10.114565 68
-6.8180223 50.392391 8.4593239 21
-9.8575249 56.120232 8.7647018 53
-6.5890684 56.220284 10.090432 58
-8.8694096 56.162346 9.4582014 62
-11.213416 56.109699 8.8391809 67
-12.371395 50.288094 7.3714418 41
-7.1346931 50.381031 9.0409927 25
-10.193039 56.142231 9.4920378 57
-12.491398 55.738026 8.8578548 52
-12.063444 44.265038 6.5904312 44
-9.2125511 56.178913 10.078027 67
-11.547929 56.143177 9.5380783 64
-12.549289 50.290829 8.0681496 39
-10.525857 56.130669 10.071952 72
-12.800674 55.708954 9.5055428 58
-12.223378 44.312935 7.1859212 38
-12.390566 38.163704 5.8565068 66
-11.859957 56.124069 10.08042 74
-12.823212 50.245468 8.6216955 45
-11.603963 38.355328 6.2809348 13
-11.512831 32.590809 5.0853038 12
-13.126379 55.663784 10.013126 34
-12.453755 44.241753 7.6414547 65
-12.534799 38.178833 6.324501 51
-12.20703 32.149208 5.1014085 72
-11.797856 38.282383 6.6575947 21
-11.514374 32.304516 5.4189014 20
-12.321835 30.256943 4.8864379 20
-12.699646 44.208939 7.9954796 37
-12.719786 38.111584 6.6790867 29
-12.299854 32.153381 5.456954 60
-11.49894 26.292801 4.3318772 30
-12.028962 38.247536 6.9489579 45
-11.689759 32.276775 5.7075644 30
-12.435254 30.28315 5.2106194 8
-12.128834 26.079533 4.3713179 61
-12.889219 37.904678 6.9061809 24
-12.471397 32.112858 5.7247424 37
-11.554987 26.249266 4.5823531 33
-12.120516 24.504156 4.1931138 20
-11.861923 32.224178 5.9031944 55
-12.416956 29.824003 5.3694177 11
-12.197451 26.071842 4.6174731 31
-12.123227 23.123348 4.0383067 23
-12.645733 32.075436 5.9149899 32
-11.673241 26.19352 4.7757902 55
-12.057881 24.237894 4.3685927 19
-11.331635 20.356031 3.6383417 31
-12.395216 29.322577 5.4442029 18
-12.336674 26.060266 4.8013363 36
-12.009122 22.761993 4.1690407 23
-11.806831 20.103678 3.6726415 106
-11.832278 26.173876 4.8919077 82
-12.118877 24.065756 4.4892488 20
-11.336213 20.250532 3.7738373 73
-12.163877 19.662067 3.671762 64
-12.351756 25.703609 4.8401766 25
-12.037865 22.547455 4.2567086 25
-11.84386 20.06044 3.8050971 126
-12.133275 18.617657 3.557786 48
-12.066649 23.623854 4.4859519 23
-11.42924 20.189703 3.8632147 72
-12.050504 19.36842 3.7388976 37
-12.101291 17.64146 3.4547672 50
-11.281896 20.77965 3.9828629 8
-11.952999 20.0233 3.8858407 96
-12.112952 18.486832 3.6368263 54
-12.060976 16.730547 3.3554065 60
-11.547905 20.14295 3.8939538 98
-12.0122 19.09556 3.7560201 37
-12.101112 17.555037 3.5224082 46
-11.141541 14.672267 3.0184116 19
-11.96971 19.79174 3.8673472 44
-12.105399 18.277142 3.6513228 55
-12.044233 16.622362 3.4032574 64
-11.268755 14.147613 2.9894843 83
-12.051905 18.901379 3.7342103 31
-12.07371 17.315695 3.5172496 58
-11.155966 14.609227 3.0588078 46
-11.728171 14.072158 3.0507605 92
-12.095123 18.012032 3.6022592 53
-12.057596 16.449999 3.3994274 58
-11.300688 14.105053 3.0206497 94
-11.975229 13.724717 3.058996 72
-12.059629 17.05858 3.4561446 57
-11.189656 14.486279 3.0495224 66
-11.83757 14.119673 3.0929027 109
-11.966425 13.088316 3.0025182 70
-12.039631 16.196869 3.3273046 70
-11.444232 14.124432 3.0308206 90
-11.966582 13.625906 3.0557568 79
-11.937008 12.468477 2.9460492 73
-11.193029 14.285656 2.9799497 72
-11.93725 14.074018 3.0787766 98
-11.95457 12.985529 2.9873536 82
-11.942424 11.916855 2.9019368 81
-11.572874 14.083811 2.9845283 94
-11.95961 13.448712 3.0040975 91
-11.930277 12.372495 2.9208188 91
-11.911464 11.35213 2.8520961 34
-11.9776 13.91438 2.9957588 81
-11.948688 12.813245 2.9266541 89
-11.944859 11.828581 2.868607 75
-11.918274 10.852547 2.8156118 84
-11.948346 13.231238 2.8997407 68
-11.965632 12.247162 2.8605864 76
-11.902486 11.250062 2.8069196 43
-11.904164 10.356499 2.7782061 76
-11.945762 12.609522 2.8171599 88
-11.946163 11.668028 2.7918541 33
-11.928608 10.769033 2.7654021 83
-11.918996 9.903924 2.7496736 78
-11.924355 12.004448 2.7358723 78
-11.884089 11.072036 2.7186375 65
-11.910203 10.26607 2.7181888 90
-11.036008 8.725667 2.5123045 25
-11.884665 11.411207 2.6560237 47
-11.901334 10.584576 2.6687715 90
-11.908974 9.7961683 2.6782939 82
-11.07476 8.3629236 2.4984217 91
-11.896892 10.891277 2.5936527 79
-11.907682 10.105896 2.618139 81
-11.064077 8.6559525 2.4474289 109
-11.245316 8.1095657 2.5154097 66
-11.913946 10.402267 2.5360408 65
-11.891886 9.6217871 2.567652 90
-11.073833 8.2663622 2.4171522 95
-11.742423 8.0914059 2.6091671 96
-11.913084 9.9167213 2.4784913 58
-11.062659 8.5062094 2.3415351 90
-11.384039 8.1095943 2.4567866 68
-11.857703 7.7913866 2.6157525 99
-11.019272 8.704668 2.2373645 49
-11.089709 8.1281595 2.3090937 81
-11.825728 8.0416746 2.5261633 109
-11.842646 7.4075117 2.5955572 88
-11.054131 8.320365 2.1979287 97
-11.585476 8.1008692 2.3799231 80
-11.836829 7.6641045 2.5027974 103
-11.830038 7.0405936 2.5772312 98
-11.311915 8.1147156 2.2071612 67
-11.839092 7.8873844 2.3972323 103
-11.829841 7.2839723 2.4755366 104
-11.824857 6.6895099 2.5617576 96
-11.814311 8.0751657 2.2660468 98
-11.824655 7.4913826 2.362119 87
-11.818128 6.9139867 2.4512274 97
-11.821996 6.3503847 2.5481889 101
-11.816796 7.6766977 2.2268691 73
-11.818597 7.1091971 2.3308682 93
-11.813866 6.5608354 2.4297643 98
-11.812167 6.0124459 2.5356457 97
-11.802332 7.280653 2.185756 91
-11.800723 6.7343197 2.2996233 85
-11.797558 6.2059956 2.408371 97
-11.799606 5.6845889 2.5240448 95
-11.793173 6.8955112 2.1495409 88
-11.789278 6.3753014 2.2712355 95
-11.788725 5.8689814 2.3888159 94
-11.786183 5.3617692 2.5144124 90
-11.798661 6.5340405 2.1190889 96
-11.787139 6.0270844 2.2477129 97
-11.750733 5.5267015 2.3664081 91
-11.785209 5.0556531 2.506556 89
-11.787117 6.1719956 2.0856602 92
-11.767076 5.682322 2.2222016 95
-11.783834 5.2227211 2.3603539 84
-11.788464 4.7574601 2.502605 91
-11.772749 5.8160548 2.0561998 96
-11.759388 5.3512664 2.1995342 94
-11.77868 4.9106703 2.3465407 89
-11.772585 4.4547467 2.4967782 92
-11.73535 5.4596868 2.0238535 90
-11.758952 5.0290613 2.1817696 69
-11.776747 4.6065598 2.3356566 90
-11.770103 4.1667128 2.4937835 93
-11.767137 5.1456513 2.0058763 94
-11.761787 4.7167888 2.1659198 92
-11.760738 4.2998052 2.3238587 90
-11.767755 3.8836775 2.4907532 93
-11.747339 4.8108926 1.9812937 93
-11.755703 4.4077487 2.15009 118
-11.761135 4.0076671 2.316879 89
-11.75744 3.6018548 2.4887528 93
-11.750101 4.4965863 1.9604579 93
-11.740623 4.0989408 2.1343024 120
-11.746499 3.7148952 2.3069763 90
-11.757298 3.3257999 2.4906628 91
-11.745847 4.1814747 1.9416623 95
-11.73384 3.8009427 2.1213984 123
-11.73801 3.426995 2.3010099 115
-11.745221 3.0530326 2.4896073 89
-11.740838 3.8754003 1.9248067 93
-11.727198 3.5079575 2.1104589 122
-11.730733 3.1470728 2.2959819 115
-10.924909 2.5808051 2.3148625 106
-11.724849 3.5705955 1.9059952 93
-11.731696 3.2197075 2.102432 117
-10.923231 2.6655817 2.1312423 109
-10.915546 2.334996 2.3166065 109
-11.720088 3.2735386 1.8920752 90
-10.920871 2.7243533 1.9458083 46
-10.918673 2.4126196 2.1290033 115
-10.940513 2.0993724 2.3270934 69
-11.712402 2.9785728 1.879123 99
-10.902016 2.4607141 1.9366845 119
-10.915167 2.1606524 2.1287231 115
-11.713042 1.9997159 2.503974 88
-10.89998 2.4953744 1.7353747 117
-10.902352 2.2026443 1.9334046 109
-11.697598 2.0596387 2.2875302 78
-11.715481 1.7426952 2.5126541 86
-10.901258 2.2298527 1.7276931 122
-11.572987 2.07479 2.0535688 60
-11.684813 1.7924927 2.2890346 113
-11.703021 1.4885672 2.5190978 85
-11.352176 2.0546472 1.7947657 42
-11.685586 1.8229532 2.072793 125
-11.696122 1.5331743 2.2947826 115
-11.696488 1.2347418 2.5288825 85
-11.664822 1.8358442 1.8397678 120
-11.68263 1.5549446 2.0706601 118
-11.679394 1.273546 2.2956572 112
-11.686058 0.98501116 2.5376575 83
-11.671624 1.5585734 1.8366531 87
-11.670681 1.2871687 2.0685689 117
-11.674688 1.0136427 2.3014758 109
-11.694746 0.73882306 2.5513151 82
-11.657448 1.2828239 1.8306288 115
-11.663822 1.0222836 2.069433 117
-11.669092 0.75777084 2.3082705 106
-11.683375 0.49112463 2.5610805 80
-11.653387 1.0108354 1.8275292 112
-11.661945 0.75628376 2.0722811 113
-11.662522 0.50292432 2.315063 102
-11.681025 0.24322869 2.5758038 79
-11.651364 0.7398091 1.8264134 120
-11.655149 0.49341193 2.0751309 109
-11.723132 0.25145021 2.3365076 3
-11.668722 -0.0024236455 2.5885592 79
-6.7384439 0.25479063 1.0355122 82
-6.8208365 0.12474311 1.1920303 39
-11.675451 -0.0063704578 2.3385193 72
-11.671412 -0.24942805 2.6062522 75
-6.84971 0.10601396 1.0540017 62
-11.642612 -0.031322725 2.0858188 106
-11.663953 -0.25906733 2.3483207 58
-11.669204 -0.49231178 2.6229396 76
-11.63726 -0.076005906 1.8311243 84
-11.626915 -0.29094201 2.0916893 103
-11.653415 -0.51377529 2.360132 79
-11.662952 -0.73708433 2.64066 33
-11.584342 -0.3417443 1.8262178 78
-11.632153 -0.55407465 2.1014833 102
-11.655912 -0.7677983 2.3748751 79
-11.662683 -0.98299748 2.6603601 78
-11.636387 -0.614052 1.8408449 85
-11.637412 -0.81718969 2.1132612 101
-11.641445 -1.0203979 2.3866637 79
-11.64741 -1.2295289 2.6780987 79
-11.630456 -0.88391644 1.8466964 85
-11.628716 -1.0789444 2.1240695 104
-11.642972 -1.2753559 2.4043643 80
-11.656157 -1.4776196 2.7017062 80
-11.619483 -1.1566118 1.8545631 112
-11.61503 -1.3415364 2.1348681 109
-11.626465 -1.5318441 2.4191339 107
-11.642889 -1.726146 2.722404 81
-11.613521 -1.4294277 1.8623964 116
-11.607279 -1.6072681 2.1476605 112
-11.616001 -1.7874668 2.4368682 105
-11.63664 -1.9748297 2.7460644 84
-11.607503 -1.7052147 1.8732361 123
-11.598573 -1.8719488 2.1624253 109
-11.624387 -2.0505259 2.4595282 110
-11.633358 -2.2255669 2.770689 85
-11.602506 -1.9810015 1.8860456 88
-11.604759 -2.1419795 2.1811397 114
-11.613875 -2.3091147 2.4792433 111
-11.628014 -2.4792368 2.7973442 85
-11.588509 -2.2565632 1.8978975 87
-11.596825 -2.413729 2.1989772 115
-11.611122 -2.572031 2.5030365 112
-11.623398 -2.7341614 2.8241329 84
-11.57516 -2.5354187 1.9099973 116
-11.596691 -2.6868303 2.2200296 111
-11.606161 -2.8399456 2.5281329 113
-11.624749 -2.9931335 2.8551152 86
-11.585759 -2.8246539 1.9309806 87
-11.596666 -2.9637313 2.2408121 114
-11.596487 -3.1065099 2.5527239 114
-11.611004 -3.2506297 2.888011 88
-11.578558 -3.1104202 1.9530669 88
-11.589526 -3.2444339 2.2689095 128
-11.274592 -3.2805417 2.5105503 41
-10.816671 -3.2662604 2.7144506 70
-11.169724 -3.280257 1.9027389 38
-10.814454 -3.2824693 2.1352489 69
-10.781006 -3.3885434 2.4251287 108
-10.811267 -3.5120511 2.7448401 78
-10.760434 -3.4291122 1.8514128 113
-10.763062 -3.5350351 2.1511166 112
-10.789481 -3.6505318 2.4567776 105
-10.813937 -3.7678456 2.7804422 79
-10.747551 -3.70263 1.8701937 106
-10.766272 -3.8069069 2.1777918 113
-10.783832 -3.9132032 2.4865451 43
-11.590762 -4.3263049 3.0258102 86
-11.553087 -4.2988091 2.0382099 94
-11.553145 -4.3954592 2.3698828 116
-11.558087 -4.4972157 2.7045684 52
-11.598886 -4.6097145 3.065156 92
-11.554124 -4.6136961 2.0683451 69
-11.552536 -4.6972775 2.4029338 116
-11.570625 -4.7953129 2.7445197 92
-11.593832 -4.8923445 3.1050744 90
-11.537291 -4.9241147 2.0955069 97
-11.554728 -5.0091152 2.4390039 91
-11.575104 -5.0971704 2.7855084 91
-11.588639 -5.1819339 3.1480234 92
-11.544981 -5.255115 2.1296847 97
-11.55288 -5.3228412 2.4761066 91
-11.566509 -5.4016986 2.8255794 93
-11.578403 -5.4733915 3.1910052 93
-11.523905 -5.5763903 2.1599195 96
-11.547827 -5.6454616 2.5152626 92
-11.547961 -5.7049599 2.8646543 93
-11.584815 -5.7812028 3.242985 94
-11.5096 -5.9078107 2.1931667 98
-11.535782 -5.9679012 2.5534356 97
-11.551035 -6.0247312 2.9107347 96
-11.579244 -6.0877323 3.2910142 97
-11.524642 -6.2669249 2.2364659 101
-11.542183 -6.3098445 2.5996945 54
-11.554588 -6.3576422 2.9619827 98
-11.581087 -6.4056602 3.3442059 96
-11.519385 -6.622808 2.278059 102
-11.533354 -6.6505852 2.6432605 88
-11.55298 -6.6924767 3.0135341 97
-11.560049 -6.7209268 3.3956902 97
-11.510183 -6.9854031 2.3206487 99
-11.527434 -7.0071502 2.6936224 101
-11.541656 -7.0298333 3.0646176 42
-11.524758 -7.0317311 3.4481773 45
-11.501518 -7.3639331 2.3735301 100
-11.527966 -7.3748555 2.7514336 103
-11.541311 -7.3894472 3.1284225 96
-11.561825 -7.3971548 3.5212822 71
-11.499601 -7.7546206 2.4238966 98
-11.514338 -7.7483006 2.8056366 99
-11.535019 -7.7500758 3.1865301 95
-11.550955 -7.7446184 3.5823951 90
-11.494423 -8.156229 2.4774828 97
-11.515623 -8.1399441 2.8662348 92
-11.529736 -8.1265059 3.2510393 88
-11.538288 -8.0978441 3.6457415 90
-11.476286 -8.564393 2.532223 92
-11.505834 -8.536273 2.926831 98
-11.511343 -8.5016584 3.312655 98
-11.549589 -8.4817209 3.72243 92
-11.477064 -9.0011349 2.5954216 95
-11.499012 -8.9538145 2.9930186 96
-11.519816 -8.9114895 3.3876565 98
-11.538812 -8.8640156 3.7962668 85
-11.307969 -9.3086538 2.6224594 73
-11.386188 -9.2926903 3.0350177 92
-11.461559 -9.2806816 3.4449723 98
-11.516599 -9.2460613 3.8668566 110
-10.752821 -9.2747793 2.5560226 73
-10.858833 -9.2686701 2.9594831 75
-10.950799 -9.2642002 3.3630219 75
-11.049075 -9.2507677 3.7834682 77
-10.65932 -9.6472969 2.6040454 85
-10.673781 -9.5428991 2.9842255 96
-10.70849 -9.4680338 3.3645175 87
-10.73949 -9.3839827 3.7567627 90
-11.459121 -10.920286 2.8890796 65
-11.47648 -10.787696 3.3050466 80
-10.673538 -9.8736334 3.4393435 39
-10.733593 -9.7941961 3.8413997 69
-11.421845 -11.425679 2.9684296 79
-11.485611 -11.310331 3.3995397 78
-11.497068 -11.163754 3.8126822 88
-11.535292 -11.030729 4.2407608 73
-11.418015 -11.988542 3.0631657 79
-11.471675 -11.841824 3.4980433 79
-11.48789 -11.669273 3.9129157 82
-11.495367 -11.483493 4.3335891 80
-11.412496 -12.579208 3.1646407 31
-11.442451 -12.376925 3.5960898 35
-11.469253 -12.188527 4.0166364 79
-11.499102 -12.000138 4.4471688 86
-11.408046 -13.210886 3.2738905 77
-11.43687 -12.968729 3.7089062 87
-11.465828 -12.758663 4.1351509 79
-11.464033 -12.498852 4.5531983 78
-11.400114 -13.869913 3.3904958 67
-11.424927 -13.591364 3.8305452 90
-11.450009 -13.3369 4.2587547 86
-11.322492 -12.898829 4.6263409 64
-11.392057 -14.569176 3.5218627 92
-11.411415 -14.243361 3.9635744 74
-11.450251 -13.968236 4.3965149 79
-11.275728 -13.426036 4.7422214 73
-10.904439 -14.646724 3.4964058 98
-11.206295 -14.668863 4.0229411 101
-11.448477 -14.637531 4.5363755 122
-11.284975 -14.053705 4.8841715 63
-10.574083 -14.928041 3.5263553 65
-10.693941 -14.679863 3.9812586 88
-10.930922 -14.62248 4.4770002 97
-11.213619 -14.615986 5.012969 111
-10.350015 -15.382033 3.6017206 94
-10.600828 -15.291994 4.1032939 101
-10.617302 -14.886353 4.5021868 67
-10.726255 -14.606946 4.9410443 96
-9.8424931 -15.397949 3.575644 82
-10.152983 -15.380384 4.0834608 101
-10.444386 -15.365308 4.59339 111
-10.639104 -15.176908 5.0675259 103
-9.3114586 -15.340989 3.5357683 104
-9.6509743 -15.368261 4.0424557 88
-9.9487543 -15.344526 4.5359621 102
-10.170955 -15.184937 5.0068383 94
-8.8226728 -15.328474 3.5086079 91
-9.1653433 -15.351745 4.0033054 103
-9.4874191 -15.358505 4.4929733 80
-9.7052689 -15.174736 4.9467521 81
-8.700983 -15.35086 3.9709156 88
-9.0047712 -15.322376 4.4404249 98
-9.2633667 -15.182796 4.8933454 84
-0.7921046 -0.61310017 0.16506255 1
-8.2240391 -15.300655 3.9285829 52
-8.5652399 -15.334137 4.4043751 102
-8.8469753 -15.227192 4.8564343 88
-0.78831589 -0.64395565 0.17129603 3
-7.7835889 -15.30839 3.9045382 101
-8.1280355 -15.330058 4.3652334 94
-8.4301271 -15.247671 4.8143773 90
-0.75421536 -0.60713291 0.16218823 3
-7.349544 -15.300297 3.8783536 99
-7.6864014 -15.302893 4.3229332 80
-8.0184193 -15.261323 4.7722154 92
-0.75044459 -0.63703567 0.16841246 3
-6.9244499 -15.291503 3.8550501 97
-7.2577019 -15.276126 4.2835116 88
-7.6021924 -15.254908 4.725884 89
-0.72215921 -0.60731912 0.16130996 3
-6.5055232 -15.283637 3.8357313 98
-6.8544021 -15.283665 4.2562375 90
-7.1972251 -15.247501 4.6835179 81
-0.71637154 -0.63805866 0.16853321 3
-5.7913308 -14.440338 3.6098309 115
-6.4551439 -15.285449 4.2309308 88
-6.802011 -15.24549 4.6441665 89
-0.68643469 -0.59553242 0.15845864 3
-5.4159808 -14.438922 3.5957501 88
-5.7536731 -14.448216 3.97774 93
-6.4018021 -15.215172 4.5986414 77
-0.67973447 -0.62663966 0.16557139 3
-5.298172 -15.251182 3.7847075 91
-5.3953795 -14.467118 3.9608178 70
-5.7368636 -14.438263 4.335144 70
-0.65282971 -0.58164293 0.15570258 3
-4.9144812 -15.253677 3.7775564 97
-5.2791109 -15.255407 4.1590371 91
-5.3856797 -14.450799 4.3099008 52
-4.5304704 -15.247749 3.7701542 97
-4.9002194 -15.24271 4.1375656 95
-5.277986 -15.238802 4.5159512 83
-0.62290967 -0.57690066 0.1548177 2
-4.1517382 -15.230968 3.760654 98
-4.5261965 -15.236102 4.1211181 100
-4.9017329 -15.199273 4.478281 83
-0.61242312 -0.59560013 0.15899605 3
-3.7834108 -15.238409 3.7582819 97
-4.164125 -15.232738 4.1056771 102
-4.5507503 -15.231204 4.4630432 76
-0.60004205 -0.61020428 0.16315317 3
-3.416533 -15.229822 3.7558243 94
-3.7981272 -15.226298 4.0931973 102
-4.1917505 -15.223031 4.4385214 77
-0.5808115 -0.57873172 0.15601186 3
-3.0522647 -15.236319 3.7594287 106
-3.4392154 -15.218929 4.0827298 93
-3.8356962 -15.219765 4.4170871 82
-0.57030582 -0.59825873 0.16119036 5
-2.6896796 -15.218652 3.7579517 82
-3.0842886 -15.211571 4.0732598 97
-3.4864745 -15.222611 4.3996654 84
-1.9130664 -15.263513 3.4586077 7
-2.324923 -15.167016 3.7502141 57
-2.7267139 -15.19118 4.0636983 97
-3.1354389 -15.218494 4.3831744 74
-1.9741912 -15.192818 3.7628944 98
-2.3752453 -15.164131 4.0520043 69
-2.788554 -15.206612 4.3655686 81
-0.52857614 -0.61197907 0.1665065 2
-1.6203357 -15.181586 3.7685187 98
-2.0253403 -15.153054 4.0486259 58
-2.4395716 -15.155713 4.336916 60
-0.51324725 -0.5846101 0.16137818 3
-1.2695581 -15.169436 3.7759147 105
-1.6833749 -15.18713 4.0583134 99
-2.0974076 -15.15591 4.3273635 75
-0.50033861 -0.62022984 0.16968749 2
-0.91732156 -15.176194 3.7914505 92
-1.3385351 -15.176192 4.0576921 107
-1.760649 -15.180206 4.3249588 94
-0.48663244 -0.60788614 0.1676591 3
-0.56941426 -15.168092 3.8028531 105
-0.99237323 -15.175186 4.0621319 100
-1.4232939 -15.183504 4.3193884 102
-0.47400236 -0.59155411 0.16558668 3
-0.22139563 -15.159957 3.8172259 103
-0.65045053 -15.161304 4.0634418 99
-1.0814691 -15.16372 4.3076596 100
-0.45687237 -0.63502997 0.17695794 0
0.12899248 -15.165677 3.8377626 135
-0.30503091 -15.165194 4.0730133 115
-0.74416751 -15.159864 4.3052135 99
-0.44439542 -0.61160666 0.17287768 3
0.42594197 -14.349847 3.6524007 118
0.0087549984 -14.379046 3.872937 3
-0.40502998 -15.15097 4.3007345 109
1.3084929 -15.1262 3.6506414 22
0.82552809 -15.129136 3.8716691 138
0.33192039 -14.34264 3.8740237 116
-0.068805233 -15.155237 4.302166 111
1.6640968 -15.11075 3.6810112 45
1.1786171 -15.131785 3.8981578 108
0.72192162 -15.142162 4.1023479 120
0.22797638 -14.337893 4.0735736 124
2.0283279 -15.121002 3.7226005 84
1.527289 -15.117572 3.9195106 110
1.0677112 -15.131083 4.1147137 125
0.54802561 -14.335553 4.0758967 129
1.8812709 -15.116161 3.9479811 112
1.4124219 -15.117021 4.1280541 119
0.94884336 -15.127768 4.3052192 114
2.754092 -15.113566 3.8015776 20
2.2392933 -15.116634 3.979476 110
1.76464 -15.123712 4.150569 130
1.2898203 -15.122861 4.3116055 122
3.1228058 -15.103681 3.8440416 98
2.5972342 -15.114102 4.0119481 113
2.1146095 -15.120461 4.1710119 119
1.6339704 -15.124802 4.3220901 132
3.4848809 -15.067906 3.8823617 67
2.9600642 -15.106318 4.0455003 104
2.4654286 -15.110075 4.1905079 120
1.9807327 -15.110625 4.3305178 121
3.8676217 -15.098482 3.9402347 87
3.3139706 -15.061872 4.0716929 72
2.822576 -15.113569 4.2180405 116
2.3309884 -15.116395 4.3450379 115
4.2432342 -15.084338 3.9887154 101
3.6940529 -15.104615 4.1225991 87
3.1814446 -15.106028 4.2435002 74
2.6819811 -15.112136 4.3594909 116
4.6268997 -15.072947 4.0412531 99
4.0594254 -15.079807 4.158967 105
3.5352714 -15.057641 4.2616529 54
3.0346141 -15.098929 4.3727951 99
5.0111933 -15.059798 4.0956059 109
4.4356189 -15.066058 4.2002583 107
3.9116442 -15.087906 4.3032346 111
3.3876505 -15.060834 4.3828721 51
5.4103627 -15.057932 4.1571527 102
4.8190479 -15.063578 4.2477574 103
4.2838345 -15.075845 4.3346572 112
3.7625971 -15.085804 4.4135971 119
5.8134012 -15.060982 4.2228441 97
5.2088413 -15.059123 4.2983575 108
4.6585274 -15.065929 4.3701482 111
4.1305189 -15.084265 4.4371018 115
6.1541886 -14.900105 4.245091 87
5.6025987 -15.054702 4.3509326 107
5.0477829 -15.078645 4.4138274 107
4.5023556 -15.076453 4.4605751 108
6.2474189 -14.234338 4.1227198 90
6.003428 -15.050916 4.4055524 112
5.4342899 -15.060334 4.4532852 110
4.8811746 -15.068431 4.4880743 103
6.6231046 -14.174202 4.1767635 64
6.0965447 -14.356447 4.259583 71
5.8294635 -15.048944 4.4938087 113
5.2684636 -15.065347 4.5190167 101
7.4797411 -15.010994 4.5017471 94
6.4327397 -14.222589 4.282311 107
6.1323838 -14.822335 4.473453 85
5.6550899 -15.041423 4.5461731 109
7.9189854 -15.00589 4.583221 92
7.2450109 -15.016345 4.5875053 106
6.2643757 -14.23721 4.3508868 105
6.0518661 -15.025346 4.5806303 109
8.364275 -14.984724 4.665915 91
7.678544 -15.002587 4.6562037 106
6.6285553 -14.166503 4.3818922 56
6.1131349 -14.273812 4.3915482 88
8.7988577 -14.934806 4.7414198 84
8.1149654 -14.983644 4.7249708 102
7.4780431 -14.990335 4.6964149 108
6.4858556 -14.221803 4.4168262 113
9.2684402 -14.924838 4.8333778 49
8.5645008 -14.969356 4.7987852 92
7.9159784 -14.989485 4.756248 112
7.3036208 -15.014712 4.7088971 103
9.7507877 -14.906559 4.931262 88
9.0021105 -14.918453 4.8652515 95
8.3656349 -14.978304 4.8200483 108
7.7300577 -14.99228 4.751524 106
10.247311 -14.895861 5.0352654 94
9.5045395 -14.94166 4.9625249 101
8.8231916 -14.963885 4.8858709 100
8.187149 -14.996953 4.8074813 93
10.752347 -14.876239 5.1410651 98
10.000966 -14.940501 5.0554128 97
9.2777147 -14.929143 4.9493327 93
8.6485968 -14.98897 4.8640924 109
11.264311 -14.839188 5.2477455 104
10.479931 -14.88721 5.1377749 110
9.7833061 -14.934048 5.0352516 94
9.0863867 -14.927073 4.9053435 77
11.36345 -14.285819 5.1761394 73
10.998361 -14.874081 5.2358475 114
10.262129 -14.894135 5.1059704 107
9.5742197 -14.926093 4.9703531 103
11.784298 -14.133554 5.2477741 99
11.350929 -14.627876 5.261519 97
10.782939 -14.895194 5.1940899 110
10.06872 -14.910867 5.0362625 111
12.226552 -13.995461 5.3285985 52
11.508125 -14.162066 5.2028317 105
11.312168 -14.87182 5.2840905 110
10.583364 -14.901006 5.1083007 112
13.009343 -14.202651 5.5492868 50
12.025546 -14.112998 5.2983141 90
11.351999 -14.242344 5.1544905 90
11.123576 -14.893291 5.1867361 118
13.686764 -14.258581 5.7218866 68
12.305304 -13.781363 5.301487 15
11.840637 -14.161369 5.2280145 108
11.333292 -14.466583 5.119936 85
14.282179 -14.204103 5.8599982 82
13.272892 -14.164271 5.5796199 61
12.437924 -14.179618 5.3443308 79
11.646232 -14.165868 5.1040187 100
14.756925 -14.013352 5.9515162 19
13.988029 -14.243104 5.7516966 74
13.077538 -14.210635 5.47193 93
12.214918 -14.158977 5.1892481 89
14.973922 -13.589671 5.9337788 18
14.627934 -14.208195 5.8831987 78
13.710846 -14.209196 5.5897589 57
12.932681 -14.271461 5.3227825 81
12.629576 -11.019951 4.9626069 13
12.653056 -11.810149 5.0203023 3
14.394542 -14.224817 5.7241826 82
13.564118 -14.266476 5.4311113 74
11.198302 -9.3856878 4.3661489 35
12.622471 -11.255423 4.9257412 8
12.637561 -11.987965 4.9498849 10
12.676879 -12.764937 4.9663286 9
11.263745 -9.011487 4.3380804 72
12.633729 -10.760415 4.8511696 9
12.68034 -11.481345 4.8698196 3
12.740106 -12.245046 4.874814 2
11.45889 -8.7468128 4.3586307 86
11.250605 -9.194973 4.2795386 84
12.881942 -11.131127 4.8532815 4
12.004068 -8.7275743 4.5056529 66
11.326274 -8.8301153 4.2443123 78
11.242211 -9.320899 4.1855435 72
12.869004 -8.8942575 4.7656059 11
11.80237 -8.760911 4.3533936 81
11.271847 -8.9143991 4.1240096 85
11.209839 -9.4047289 4.0433125 47
13.17404 -8.667697 4.8262324 9
12.318548 -8.6974449 4.4748082 6
11.671465 -8.786335 4.1934195 74
11.264514 -9.007493 3.9833498 92
13.177042 -8.2516794 4.7862401 11
13.309646 -8.9226465 4.7624092 5
12.173267 -8.7154722 4.2992606 34
11.58247 -8.8129616 4.0120368 63
13.264703 -7.897233 4.7903337 6
14.166318 -9.0206661 5.0110512 33
15.801869 -10.667696 5.4523506 3
12.099263 -8.751442 4.1171675 55
13.267595 -7.4990492 4.7503295 3
14.625449 -8.839673 5.1078544 53
17.342079 -11.100301 5.8825331 14
14.440429 -9.863471 4.7902613 11
15.3038 -8.1621943 5.4063878 13
15.392676 -8.812335 5.3089113 58
14.867614 -9.0792646 5.0005927 17
14.442245 -9.3744822 4.7108722 7
15.271976 -7.7096839 5.3590941 9
16.22143 -8.7875814 5.5289693 55
14.446609 -8.3769636 4.8017564 5
18.169825 -11.107459 5.7793956 106
16.718998 -7.9534516 5.7989054 15
17.111992 -8.7538843 5.7558093 62
14.407443 -7.9118934 4.7212024 12
15.824963 -9.2050924 4.9712124 7
16.76264 -7.5135255 5.7708507 22
16.08153 -7.7802672 5.3647022 3
14.381701 -7.4643116 4.6497011 14
16.203875 -8.9070053 5.0049782 37
16.825947 -7.0928364 5.7620254 27
17.518854 -7.9670377 5.7801094 15
18.041473 -8.7681522 5.7262659 70
16.985737 -8.8053341 5.1662426 53
16.85055 -6.6637526 5.7446518 28
14.419496 -6.1984081 4.7575564 2
18.133007 -8.2933464 5.6960273 110
18.036575 -8.7901373 5.4048209 74
16.897924 -6.2495031 5.7360463 27
14.387062 -5.7979784 4.7167392 7
18.112143 -7.7782097 5.6366529 121
18.176174 -8.3255787 5.3787422 44
16.92173 -5.8288426 5.724299 27
14.353873 -5.4060006 4.6754208 11
18.099169 -7.2727242 5.583178 129
18.225273 -7.8224492 5.3294759 8
16.899731 -5.4024329 5.6973457 27
14.313833 -5.0151563 4.6376472 30
18.130964 -6.7979755 5.5450563 116
19.258144 -7.7138467 5.5592823 4
11.156587 -3.3435264 3.8163073 91
14.3033 -4.6463909 4.6083026 58
18.102209 -6.3037367 5.4928374 102
20.174429 -7.5154123 5.7550325 21
11.152286 -3.0695097 3.8070188 95
11.156871 -3.3768494 3.6191981 88
18.090563 -5.8281145 5.4519506 112
20.430416 -7.0563869 5.768187 16
11.171443 -2.8059537 3.8052027 71
11.162566 -3.0947323 3.6062117 92
11.176407 -3.37288 3.4122193 88
20.786953 -6.6177487 5.8122354 27
12.064983 -2.732729 4.086576 8
11.204627 -2.8276324 3.6034596 66
11.167818 -3.0792339 3.3891149 91
11.184196 -3.3374453 3.1759884 94
14.547487 -2.9275746 4.8829856 42
12.088989 -2.7448208 3.8607352 8
11.262012 -2.8177068 3.3965707 60
11.18648 -3.0385215 3.1518824 94
15.768397 -2.8000603 5.2730346 22
14.322258 -2.8818109 4.5279684 5
12.176122 -2.7257555 3.6399431 3
11.46428 -2.8104353 3.2029662 42
13.663525 -2.1209359 4.5962396 4
14.287556 -2.5334475 4.5091481 9
16.370979 -3.2212324 4.8171463 4
20.831438 -4.4755487 5.6507659 128
13.104443 -1.7375597 4.4176745 8
14.25237 -2.1902814 4.4910703 51
16.721828 -2.8802853 4.8978243 17
20.83765 -3.9482925 5.6191239 138
15.312306 -1.6719719 5.1342468 2
14.241775 -1.8505838 4.4858947 44
18.082567 -2.6693525 5.2684112 56
18.06809 -2.9847341 4.871017 21
16.862019 -1.4530689 5.6417022 24
14.237964 -1.5176922 4.4792337 52
18.051041 -2.2272229 5.2455812 32
19.449585 -2.7222905 5.2043066 12
16.845217 -1.0753591 5.6419168 23
14.285423 -1.1892463 4.4910464 7
18.049881 -1.7951883 5.2314663 22
20.805256 -2.3895252 5.5329928 150
13.509408 -0.56479925 4.5722313 3
14.283332 -0.85551035 4.4917574 5
18.031897 -1.3612038 5.2203817 29
19.159288 -1.7361743 5.0900993 6
11.885549 -0.23405829 4.0551052 22
14.254323 -0.52452689 4.4864035 6
18.01656 -0.93274701 5.2089772 49
20.778715 -1.3651019 5.4917984 138
11.875699 0.032761734 4.0610714 105
11.882841 -0.16216755 3.7744551 103
15.778564 -0.44529757 4.5806365 6
20.786694 -0.85790557 5.4800549 133
11.875729 0.29992819 4.072175 101
11.874678 0.11371724 3.7754629 133
11.902139 -0.055632859 3.4947441 101
11.917203 -0.20837864 3.2028599 101
11.867737 0.56788641 4.0832367 100
11.884501 0.38913393 3.785542 101
11.904651 0.2325477 3.4977047 100
11.915571 0.086631984 3.1967561 103
11.867789 0.83406043 4.0953422 97
11.87824 0.66810489 3.7915328 97
11.89626 0.5174222 3.4976456 99
11.912847 0.38464358 3.1946268 102
11.853823 1.10087 4.107389 85
11.878015 0.94526076 3.8015597 94
11.891751 0.80642033 3.5005724 95
11.926067 0.68411314 3.198549 100
11.853749 1.3710849 4.1254654 77
11.868742 1.2241819 3.8115389 86
11.887205 1.0964392 3.5064921 92
11.89445 0.97833645 3.1913333 60
11.852617 1.6432869 4.1455231 68
11.864464 1.5032401 3.8225365 70
11.886699 1.384584 3.51544 84
11.882667 1.2781343 3.1921554 23
11.859502 1.9147116 4.1676173 49
11.856184 1.7822012 3.8345184 60
11.875179 1.6734282 3.5223403 67
11.905832 1.5789127 3.2031062 68
11.805659 2.1774261 4.1715369 40
11.866759 2.0657184 3.8555419 49
11.887516 1.9669513 3.5372999 51
11.891044 1.8786466 3.2059169 54
11.828345 2.4553349 4.2036467 37
11.827454 2.3458447 3.863395 44
11.833125 2.251615 3.5350623 47
11.899 2.1870463 3.2187545 41
11.078129 2.5642312 3.9729409 13
11.649118 2.5930388 3.8279395 5
11.833325 2.5498457 3.5529416 40
11.856255 2.4850385 3.2194686 43
11.003659 2.8124051 3.9768836 28
11.022958 2.7315843 3.6555099 27
11.021933 2.6622741 3.3389766 36
11.049367 2.6137316 3.0254083 38
10.995803 3.0734584 4.0009942 29
11.003951 2.9992993 3.6725304 26
11.019547 2.9444401 3.35796 34
11.031779 2.9044547 3.0372722 35
11.278418 3.4208329 4.1296253 5
11.781251 3.4986107 3.9460108 28
11.800787 3.4496768 3.6064129 31
11.833755 3.4230852 3.2647095 28
11.161222 3.6598003 4.1204662 3
11.776474 3.7947752 3.9728844 32
11.778894 3.7513337 3.6241813 35
11.794685 3.7322481 3.2753587 34
11.16285 3.9391911 4.1564841 2
11.754709 4.0904846 3.9976995 41
11.771675 4.0644345 3.6499345 41
11.787276 4.0533109 3.2960591 42
11.75566 4.3958535 4.0315471 41
11.782211 4.3860502 3.6827047 45
11.782584 4.3844843 3.3217032 47
11.727698 4.6984267 4.0593019 41
11.766794 4.7059693 3.7123864 50
11.778751 4.7207026 3.3503149 52
11.707505 5.0092411 4.09203 32
11.753244 5.0309463 3.7430398 52
11.805454 5.073791 3.388926 50
11.694192 5.3242636 4.1287541 12
11.776134 5.3759766 3.7876928 49
11.760741 5.4058957 3.4104087 51
11.750819 5.6773014 4.1914816 50
11.741625 5.6993933 3.8162761 55
11.753524 5.7560735 3.4449091 55
11.725295 6.0000229 4.2301044 65
11.74331 6.0518823 3.8617947 61
11.772685 6.1290226 3.4903512 49
11.708063 6.2937846 4.6659784 80
11.704434 6.3349128 4.2746601 69
11.73301 6.4040437 3.9052689 75
11.758953 6.4980845 3.5316911 58
11.685512 6.6166444 4.7136073 84
11.710101 6.6875567 4.3281865 75
11.736296 6.7716155 3.9566801 76
11.749015 6.8752584 3.5749831 62
11.638248 6.933341 4.7555914 82
11.699801 7.0423079 4.3820438 81
11.713699 7.1379976 4.0034084 87
11.73882 7.2639813 3.6236026 71
11.545443 7.2302194 4.7821398 69
11.681388 7.3983283 4.4354596 90
11.708596 7.5203929 4.0596895 97
11.719386 7.6599588 3.6727335 74
11.471286 7.5396504 4.8176718 92
11.680305 7.7788906 4.4997959 92
11.689451 7.9044285 4.1139846 99
11.700862 8.0590076 3.7239783 81
11.473613 7.9033575 4.8862953 81
11.6703 8.1562395 4.5613055 93
11.690623 8.3131161 4.1803188 91
11.700504 8.4886436 3.7871611 104
11.405929 8.2310781 4.9319329 42
11.67362 8.5580263 4.6347003 129
11.509048 8.6025753 4.1857395 68
11.230972 8.591032 3.7088377 57
11.407623 8.6159449 5.0094776 94
11.167692 8.6012897 4.5187407 72
10.912766 8.5834017 4.0499663 79
10.882421 8.7650261 3.6676583 91
10.879883 8.6155024 4.8678293 70
10.856276 8.7701559 4.4746604 85
10.867215 8.9769449 4.1122603 95
10.865767 9.2003241 3.736696 33
10.827427 8.9677038 4.9272122 92
10.852118 9.1838465 4.5557685 99
11.620454 10.037538 4.4677324 96
11.63935 10.325408 4.0747609 91
11.413999 9.8559637 5.2712083 82
11.413309 10.090194 4.8706274 90
11.605581 10.509097 4.5535021 103
11.601292 10.805247 4.1514759 83
11.424553 10.308187 5.3753924 78
11.403878 10.543801 4.9607258 89
11.581593 10.985302 4.6383724 90
11.606736 11.342328 4.2479739 79
11.512018 10.840704 5.5151768 85
11.378358 11.006027 5.0535002 85
11.388366 11.328691 4.6692834 87
11.610562 11.90644 4.3521104 82
11.544703 11.349879 5.6403322 89
11.371305 11.50804 5.1615438 92
11.374722 11.854517 4.774138 90
11.548862 12.435931 4.4447637 95
11.524741 11.829322 5.7459679 84
11.342641 12.005399 5.2639565 89
11.372571 12.418066 4.8917098 79
11.515989 13.016718 4.5533676 82
11.517609 12.354218 5.8734231 65
11.439877 12.671279 5.4389343 99
11.325636 12.969365 5.00243 88
11.332204 13.464925 4.6170478 68
11.498257 12.878763 5.9959126 87
11.504102 13.325307 5.6038117 98
11.312188 13.58007 5.1342449 88
0.72618067 1.4575645 0.51981819 41
11.479197 13.432169 6.1296849 77
11.485188 13.918902 5.7386265 97
0.7140913 1.4566457 0.56965601 27
0.66436893 1.4549073 0.50943077 96
11.472118 14.010501 6.266923 70
0.70495075 1.4557544 0.61958754 0
0.65820825 1.4551522 0.55946821 103
0.63164645 1.4842244 0.51135737 92
11.434131 14.598136 6.4134402 102
0.65176755 1.458358 0.60974741 91
0.61849791 1.4741255 0.55849797 108
0.59170634 1.5070801 0.51115447 95
0.64939547 1.4616349 0.66171587 65
0.61225641 1.4752868 0.60646772 96
0.58090401 1.4961971 0.55723733 104
0.55320573 1.5303184 0.51099354 84
0.60810095 1.4747163 0.65559667 84
0.5718897 1.4903985 0.6033265 97
0.54425287 1.5213583 0.55798864 87
0.54142869 1.5960758 0.52546048 69
0.56389111 1.4834777 0.64932483 105
0.53628641 1.5134465 0.6030038 99
0.51820445 1.5607182 0.56360531 76
0.51713657 1.6445093 0.53302985 106
0.53131562 1.5056307 0.64903796 101
0.50745714 1.5447279 0.60667074 82
0.51798588 1.6428827 0.58404648 93
0.47077915 1.6582918 0.53174222 97
0.49777067 1.5267509 0.64775413 94
0.50059789 1.6136867 0.62317395 74
0.4822723 1.6699688 0.58571315 83
0.45595598 1.7260295 0.54523814 77
0.47569132 1.5662667 0.65446663 86
0.48884955 1.6765851 0.63782012 90
0.47022849 1.7419788 0.60230273 71
10.490355 21.117886 6.24897 33
0.45228773 1.6045117 0.66064817 75
0.47573504 1.7421232 0.65377837 61
10.498287 20.937399 6.800251 43
11.211448 23.870317 6.9825783 35
0.43288761 1.6530925 0.6712079 80
0.4967708 1.8780065 0.69389081 95
11.226636 23.657618 7.6009421 25
11.179675 25.332539 7.3445983 34
0.42056361 1.7209154 0.68870342 67
0.4168216 1.8277208 0.66894132 30
11.024622 26.690323 7.6778121 114
0.40193972 1.779526 0.70323044 50
10.323986 26.815598 7.6575212 38
10.482981 26.70903 8.3443785 56
10.670469 26.706888 9.0390787 78
10.977844 29.847813 9.2493124 18
10.852408 26.65943 9.7305288 51
10.198597 27.303627 9.1613894 8
10.777418 31.503464 9.6950817 16
10.083187 32.846199 9.2155609 31
10.245057 26.860634 9.7071667 39
10.951704 31.286579 10.405845 23
10.366996 32.74699 10.011557 51
9.6228609 33.05088 10.043845 9
9.9411793 45.120571 13.512157 17
10.335296 39.02599 13.494409 29
9.4304447 39.133713 13.436399 24
8.5298738 39.180622 13.362479 15
6.6645417 45.121845 13.401878 20
5.5692577 45.061424 13.369377 22
4.505744 45.015015 13.338368 24
3.4397354 44.9744 13.321336 17
2.402411 45.010193 13.329616 21
1.3550113 44.977486 13.329727 21
0.31073934 44.960884 13.342988 25
-0.73571426 44.933777 13.361718 16
-1.7839206 44.917168 13.393179 22
-2.8220088 44.865135 13.415466 20
-4.7454319 44.861012 12.804633 23
-3.8727777 44.918827 13.478215 17
-5.8155818 44.82666 12.891448 19
-6.8957124 44.857918 12.995833 27
-5.581223 38.8587 12.702773 16
-6.4722209 38.808311 12.709332 16
-7.3616424 38.784996 12.722795 25
-12.621426 38.311901 11.890876 48
-8.2633953 38.776543 12.743539 26
-13.054171 36.646816 11.52042 14
-9.1757956 38.750103 12.781989 31
-10.928803 38.711678 12.588576 25
-12.418357 32.294373 10.294111 84
-10.105789 38.737831 12.827744 18
-11.877645 38.69416 12.669301 20
-11.756057 32.813965 10.661867 11
-12.515682 30.310968 9.8041477 15
-11.057269 38.718441 12.888556 16
-12.756301 38.318115 12.659334 20
-12.431518 32.299698 10.617003 55
-11.691968 26.380758 8.6668367 26
-11.774336 32.631203 10.873872 11
-12.545512 30.384438 10.099944 19
-12.34402 26.176659 8.7234335 55
-12.8397 38.215172 12.849108 22
-12.498277 32.279926 10.839988 64
-11.703098 26.456575 8.9043436 19
-12.46526 24.886061 8.4247837 25
-11.817738 32.505783 10.99938 12
-12.505434 30.1492 10.22248 9
-12.30318 26.175703 8.9184389 42
-12.582485 32.299923 11.001411 64
-11.720765 26.39702 9.0352268 28
-12.279691 24.578249 8.4836111 19
-11.516177 20.411242 7.1432714 24
-12.351473 26.184786 9.0604362 41
-12.659773 23.93891 8.3799534 14
-12.014278 20.190006 7.1942701 95
-12.330163 24.622221 8.6172352 20
-11.527107 20.528616 7.2973146 23
-12.396906 19.787062 7.1837277 54
-12.395334 26.179113 9.1301737 37
-12.567918 23.71558 8.3991003 18
-11.949075 20.177443 7.2869234 97
-12.361769 18.734495 6.934864 36
-12.278416 24.423607 8.5973225 18
-11.522354 20.475275 7.3485937 21
-12.383944 19.865364 7.2870455 47
-12.31187 17.72645 6.6958799 45
-12.562924 23.615692 8.3949537 17
-11.96295 20.17037 7.3361912 113
-12.26882 18.68302 6.9717751 28
-12.27777 16.822809 6.4863667 43
-11.532099 20.41935 7.3397684 29
-12.392852 19.851704 7.323422 54
-12.2723 17.762234 6.750145 54
-11.310427 14.706588 5.7974963 15
-12.016877 20.195253 7.3420272 93
-12.292432 18.689865 6.9998755 17
-12.253983 16.878023 6.5343256 30
-11.431254 14.169647 5.7146478 89
-12.39449 19.777376 7.2876434 37
-12.279999 17.751093 6.7603517 46
-11.283195 14.741952 5.8285198 15
-11.906792 14.097729 5.8266578 97
-12.293627 18.625477 6.9523354 47
-12.261521 16.861898 6.53087 47
-11.404261 14.210991 5.7318964 94
-12.158572 13.750982 5.8186727 64
-12.289495 17.693996 6.6976171 47
-11.299737 14.746074 5.8119946 17
-11.869238 14.126784 5.8171458 111
-12.138789 13.105401 5.6801538 75
-12.243657 16.773123 6.4350486 43
-11.404058 14.183896 5.6915298 97
-12.143572 13.805335 5.8083873 83
-12.112155 12.481948 5.5554061 71
-11.309218 14.702017 5.7315202 22
-11.879564 14.118573 5.7716269 110
-12.116488 13.148026 5.6579814 74
-12.086682 11.898175 5.4399257 88
-11.437757 14.174165 5.619473 87
-12.149767 13.793775 5.7540026 86
-12.086661 12.521646 5.5218563 82
-12.069114 11.35129 5.3352833 70
-11.930902 14.126796 5.6976023 104
-12.110824 13.118007 5.5904646 82
-12.07128 11.943501 5.3988185 91
-12.053441 10.826642 5.2397389 68
-12.132742 13.713361 5.6288147 61
-12.08981 12.500821 5.4442596 92
-12.059979 11.397149 5.2859044 82
-12.031041 10.3226 5.1473489 76
-12.120033 13.065521 5.4694328 71
-12.076091 11.923298 5.3144393 94
-12.043701 10.866865 5.1797647 84
-12.042094 9.8698454 5.0775385 77
-12.076441 12.422525 5.3071561 68
-12.080692 11.384292 5.1991801 80
-12.041734 10.376213 5.0872116 88
-11.137123 8.680872 4.6181006 50
-12.061768 11.840862 5.1682777 76
-12.055334 10.847078 5.0810556 82
-12.037211 9.9006691 4.9995699 100
-11.174836 8.3155203 4.574502 92
-12.022086 11.258871 5.0285244 80
-12.027455 10.330018 4.9689584 91
-11.136071 8.711627 4.5383778 60
-11.400875 8.1027975 4.6133838 67
-12.01375 10.737344 4.9108176 86
-12.026617 9.855444 4.8757262 90
-11.158068 8.3306704 4.4802079 95
-11.800587 8.0058956 4.7283363 89
-11.925296 10.166639 4.7672434 88
-11.148244 8.6857405 4.4261017 103
-11.421984 8.1408043 4.525609 72
-11.77633 7.61309 4.6693578 79
-11.816837 9.6015596 4.6255956 67
-11.166908 8.2978716 4.3583927 87
-11.790726 8.018671 4.6143055 103
-11.756471 7.2353086 4.6147728 80
-11.158156 8.6216717 4.2712498 110
-11.482772 8.138648 4.4176817 73
-11.743872 7.6031985 4.5400834 93
-11.749195 6.872993 4.5729718 76
-11.158687 8.2149277 4.1936874 81
-11.774115 7.9570065 4.4655957 86
-11.738419 7.2288256 4.4856606 79
-11.737445 6.5228744 4.5294156 77
-11.619718 8.1581011 4.294982 67
-11.740639 7.5492177 4.3875256 87
-11.707838 6.8510838 4.4243746 79
-11.710678 6.172153 4.4849305 81
-11.737092 7.8445954 4.2665806 87
-11.716711 7.1592379 4.3192868 87
-11.699045 6.4998288 4.3738065 93
-11.698525 5.8420825 4.4482436 86
-11.706752 7.4365187 4.1856222 92
-11.700569 6.7877598 4.2581363 90
-11.70096 6.1598568 4.3344769 94
-11.704276 5.5279498 4.4218268 91
-11.700509 7.0544848 4.1207266 93
-11.695046 6.4328542 4.2050414 101
-11.695024 5.8271065 4.2932215 98
-11.679587 5.2069287 4.3863831 89
-11.782014 6.738729 4.0885916 53
-11.695642 6.0893111 4.1582723 100
-11.688042 5.5030179 4.2551699 94
-11.6903 4.9085646 4.3680792 93
-11.893781 6.4456921 4.0717754 106
-11.719478 5.7695737 4.1220412 72
-11.683966 5.1860552 4.2210536 95
-11.667643 4.6040673 4.3390589 93
-11.881532 6.0856233 4.0151591 105
-11.84115 5.5032344 4.1252775 75
-11.674269 4.8749394 4.188282 94
-11.656423 4.3090672 4.3161869 85
-11.880416 5.7421679 3.9614398 96
-11.868044 5.1912274 4.0932608 100
-11.671407 4.5738068 4.1555552 78
-11.646976 4.0222692 4.2935748 89
-11.862456 5.3974056 3.9113982 100
-11.853694 4.8694873 4.0541844 99
-11.722538 4.2975283 4.1527123 66
-11.646053 3.7442985 4.2808428 88
-11.849942 5.0654593 3.86394 96
-11.849872 4.5583525 4.0204673 97
-11.813431 4.0401268 4.164279 80
-11.643356 3.470228 4.2690749 87
-11.845775 4.7442713 3.8243873 95
-11.847054 4.2512794 3.9906034 95
-11.83129 3.7577078 4.150908 90
-11.639519 3.1974378 4.2596259 87
-11.822495 4.4216847 3.7814591 92
-11.826387 3.9456213 3.9576733 90
-11.839149 3.4734409 4.1399426 91
-11.627712 2.9285443 4.2509918 90
-11.818568 4.1084151 3.7511835 94
-11.830035 3.6532044 3.9382031 91
-11.83635 3.1921382 4.1262865 91
-10.999066 2.5127604 4.0087194 81
-11.816151 3.8051476 3.7202721 91
-11.818872 3.3582251 3.9142776 90
-11.002281 2.7014101 3.8134615 81
-10.998384 2.2686634 4.0064001 81
-11.805747 3.5021007 3.6903934 91
-11.808916 3.070224 3.8922942 89
-10.979095 2.4408176 3.7973516 109
-11.417858 2.1083109 4.1655827 48
-11.800591 3.2069445 3.6654341 92
-10.977062 2.5813768 3.5945401 110
-10.969311 2.1885834 3.7863302 99
-11.619578 1.8917897 4.244462 71
-10.994812 2.7080483 3.386941 85
-10.964157 2.3209279 3.5777872 102
-11.762349 2.0893865 4.0668082 80
-11.615872 1.6393032 4.2466035 71
-10.971448 2.4360952 3.3611348 83
-11.031788 2.0788877 3.5901966 45
-11.790397 1.8274882 4.0743585 86
-11.625208 1.3911135 4.2559867 68
-10.952977 2.1675048 3.3407857 79
-11.780665 1.9563799 3.8343642 88
-11.774965 1.564039 4.0669708 85
-11.614193 1.1406221 4.2594991 68
-11.75306 2.0545743 3.5807323 84
-11.765982 1.6817311 3.8242068 85
-11.76668 1.3012038 4.0657892 84
-11.611433 0.89462548 4.2672591 63
-11.762391 1.777123 3.5726531 86
-11.751504 1.4119229 3.8151858 83
-11.776661 1.0448548 4.0735531 84
-11.598659 0.64690316 4.2750449 69
-11.7588 1.5010228 3.5625632 86
-11.743178 1.1440002 3.811039 83
-11.758605 0.78622216 4.0723786 83
-11.590029 0.40209439 4.2847352 58
-11.754272 1.2259691 3.5544369 85
-11.749991 0.8797102 3.8127892 83
-11.753601 0.5282827 4.0781403 81
-11.585469 0.15920301 4.2983937 53
-11.733685 0.94933766 3.5443947 84
-11.742799 0.61578733 3.8126009 82
-11.745658 0.2724309 4.0849013 78
-11.564917 -0.082288571 4.3071213 64
-11.719219 0.67656595 3.5383086 83
-11.731606 0.3519831 3.8144448 81
-11.737763 0.018586995 4.093668 76
-11.542334 -0.32471523 4.3178787 67
-11.732885 0.40709636 3.5420818 82
-11.726423 0.088041477 3.8202672 78
-11.72187 -0.23503934 4.1024709 78
-11.553859 -0.56596619 4.343473 68
-11.713428 0.13448517 3.5400271 77
-11.718247 -0.17581181 3.8271027 76
-11.705957 -0.48965177 4.1132803 78
-11.541283 -0.80960947 4.3621883 68
-11.71409 -0.13561475 3.5458541 77
-11.713197 -0.43671259 3.8368578 39
-11.720154 -0.74398357 4.1358986 77
-11.532837 -1.0503279 4.3838186 68
-11.66371 -0.40540099 3.5388706 33
-11.709109 -0.69863707 3.8486419 70
-11.711231 -1.0007339 4.1536708 77
-11.535333 -1.2933221 4.4104462 70
-11.714423 -0.67772329 3.5644743 53
-11.696949 -0.96333623 3.8614814 74
-11.709379 -1.2556485 4.1753974 76
-11.530805 -1.537119 4.4381113 70
-11.697067 -0.94833106 3.5703771 74
-11.696836 -1.2273217 3.8802612 76
-11.720444 -1.5148681 4.2040944 81
-11.526235 -1.7829019 4.4677896 78
-11.688089 -1.2208601 3.5818934 75
-11.691061 -1.4929143 3.8976953 80
-11.70989 -1.7723222 4.2254739 83
-11.523985 -2.0305111 4.5000453 80
-11.687625 -1.4968692 3.5997062 78
-11.688886 -1.7588471 3.9194477 81
-11.6979 -2.0319593 4.2512279 86
-11.522305 -2.2803643 4.5346856 69
-11.675229 -1.7715305 3.615479 79
-11.691673 -2.0308065 3.9470501 81
-11.689006 -2.2945518 4.2807374 85
-11.51788 -2.5290051 4.570003 71
-11.674862 -2.0513716 3.6379874 82
-11.678486 -2.299356 3.9706266 84
-11.662952 -2.5528152 4.304389 83
-11.523026 -2.7849684 4.6123672 81
-11.668474 -2.3300481 3.659236 81
-11.672626 -2.572835 3.9984303 83
-11.653584 -2.8160794 4.3360291 80
-11.512019 -3.03616 4.6480503 79
-11.66424 -2.6145499 3.6854079 85
-11.673476 -2.8495138 4.0298176 86
-11.600004 -3.0693715 4.3515096 79
-11.335537 -3.2404079 4.6167836 32
-11.663851 -2.900187 3.7138331 87
-11.666359 -3.1269245 4.0632105 86
-11.279018 -3.2450173 4.2677126 35
-10.883006 -3.3508954 4.468163 82
-11.655455 -3.1885519 3.7442214 90
-11.136477 -3.2483318 3.9069643 27
-10.870232 -3.3782964 4.1470237 79
-10.890115 -3.6041756 4.5183396 82
-10.910654 -3.2515104 3.5292375 38
-10.860449 -3.4309433 3.8443692 80
-10.872625 -3.6388958 4.1904607 80
-10.872853 -3.8493819 4.5586257 85
-10.849345 -3.5082729 3.5442569 79
-10.856894 -3.7011664 3.8842945 80
-11.492319 -4.1354032 4.4880018 92
-11.466575 -4.3422236 4.872498 48
-10.849039 -3.7900093 3.5829072 82
-11.64223 -4.2772717 4.2242393 91
-11.471964 -4.413681 4.532989 67
-11.50207 -4.6318164 4.9462833 80
-11.622629 -4.3840971 3.8951657 87
-11.643 -4.5789938 4.2772527 94
-11.461144 -4.6990709 4.58495 85
-11.487512 -4.9070511 5.0022106 78
-11.612301 -4.6934834 3.9411516 94
-11.630077 -4.8804474 4.325314 93
-11.439657 -4.9832945 4.634028 93
-11.473941 -5.1879401 5.0637674 71
-11.626815 -5.0222335 4.0025978 93
-11.585424 -5.1765962 4.3705463 87
-11.450859 -5.2887173 4.7049508 87
-11.568527 -5.5297604 5.1760335 70
-11.603561 -5.3393507 4.05055 91
-11.530464 -5.468224 4.4112229 75
-11.448646 -5.5971708 4.7717452 86
-11.661488 -5.8783851 5.2916737 75
-11.601629 -5.6757722 4.1115499 95
-11.457979 -5.7564368 4.4486847 79
-11.444503 -5.9085112 4.8409233 84
-11.67205 -6.1971664 5.3749642 72
-11.602539 -6.0203948 4.1769385 84
-11.43386 -6.0740027 4.5077124 81
-11.440581 -6.2282119 4.9137931 74
-11.661572 -6.5074463 5.4506936 71
-11.589025 -6.3667917 4.2437901 83
-11.41072 -6.3976798 4.5706129 82
-11.448354 -6.5617661 4.9943323 73
-11.663374 -6.8323288 5.5330634 64
-11.604277 -6.7381124 4.3216677 89
-11.402607 -6.7414432 4.6456766 82
-11.442214 -6.8952866 5.0711908 70
-11.671518 -7.1726885 5.6259041 66
-11.596478 -7.1061044 4.3958125 86
-11.401227 -7.0965266 4.7257528 75
-11.533986 -7.3028231 5.2015557 76
-11.665858 -7.5118241 5.7163787 72
-11.519825 -7.439642 4.4493647 69
-11.41735 -7.475522 4.8202825 75
-11.632905 -7.7357788 5.3450127 69
-11.685338 -7.8789153 5.8257465 55
-11.421939 -7.7689781 4.5002451 66
-11.410596 -7.8538518 4.9128928 75
-11.64209 -8.1184635 5.4485755 71
-11.64558 -8.2174549 5.911284 67
-11.390797 -8.1521158 4.5840368 72
-11.420137 -8.2548885 5.0175476 75
-11.64082 -8.5102606 5.5562773 76
-11.646681 -8.5943117 6.020885 65
-11.394772 -8.5788069 4.6891832 71
-11.439185 -8.677949 5.1338897 70
-11.632595 -8.9055262 5.665761 74
-11.637902 -8.978159 6.1354966 70
-11.390841 -9.019599 4.7992229 69
-11.551991 -9.2076387 5.3047414 78
-11.530818 -9.2461624 5.7360973 74
-11.409848 -9.1971607 6.1343255 62
-11.144155 -9.2609777 4.8049116 57
-11.071575 -9.2333689 5.1930604 80
-11.041103 -9.2457504 5.602191 66
-10.948197 -9.1975136 5.9962053 61
-10.753002 -9.3697033 4.7481036 84
-10.773024 -9.4033957 5.1681461 78
-10.791844 -9.4460068 5.5962534 75
-10.818674 -9.4837313 6.0483732 71
-10.742926 -9.8268194 4.8689408 85
-10.761482 -9.8434353 5.2917376 69
-10.767436 -9.8566418 5.7143478 33
-11.612494 -10.663464 6.6572895 59
-11.457622 -11.032159 5.3482871 80
-11.587096 -11.143194 5.863306 79
-11.582668 -11.128942 6.3191247 81
-11.607142 -11.124264 6.8068705 58
-11.5202 -11.64959 5.5365748 78
-11.557663 -11.643377 6.0062389 84
-11.580197 -11.634751 6.4769568 83
-11.605292 -11.609063 6.9665504 73
-11.52273 -12.231484 5.7038598 73
-11.549073 -12.194942 6.174334 85
-11.570451 -12.157271 6.6438236 74
-11.599066 -12.115632 7.1382537 67
-11.514275 -12.832799 5.8791685 70
-11.548509 -12.777254 6.3544807 83
-11.573627 -12.719949 6.8303289 83
-11.601356 -12.646214 7.3203554 63
-11.510374 -13.475291 6.0719256 68
-11.539525 -13.379744 6.5428958 63
-11.557535 -13.288915 7.0139632 75
-11.602462 -13.206623 7.5159655 64
-11.509879 -14.157747 6.2816133 55
-11.529708 -14.025091 6.7516618 67
-11.554215 -13.90456 7.2227664 56
-11.609138 -13.81059 7.7349648 42
-11.302114 -14.606638 6.3876615 90
-11.441916 -14.599811 6.9249411 111
-11.54368 -14.554045 7.4471531 86
-11.651436 -14.490119 7.9929194 51
-10.751199 -14.592217 6.2978911 68
-10.904941 -14.584804 6.8251066 100
-11.046973 -14.566084 7.3503041 86
-11.215766 -14.563815 7.916481 78
-10.675233 -15.255062 6.5016537 73
-10.710689 -15.043198 6.9508705 50
-10.736731 -14.827802 7.3849683 43
-10.775764 -14.616632 7.8380361 51
-10.156435 -15.272758 6.4393291 80
-10.346301 -15.257287 6.9633446 72
-10.54345 -15.271887 7.5075297 69
-10.72753 -15.233315 8.0579014 64
-9.638052 -15.257071 6.3636756 73
-9.8428555 -15.24398 6.8796768 77
-10.048152 -15.251818 7.4088178 64
-10.277613 -15.264942 7.9747825 58
-9.1398668 -15.246874 6.2980719 64
-9.3552246 -15.238267 6.8031359 77
-9.5670404 -15.230376 7.3150144 62
-9.8011866 -15.231243 7.8619499 53
-8.6514912 -15.235323 6.2394547 63
-8.8735313 -15.208829 6.7243109 78
-9.1067247 -15.223546 7.2340899 60
-9.3496141 -15.216388 7.7626667 50
-8.1819115 -15.2279 6.1839638 54
-8.4206429 -15.21579 6.665935 62
-8.659173 -15.213543 7.1546926 55
-8.9079113 -15.203645 7.6704526 52
-7.7218761 -15.221431 6.1342325 62
-7.9776497 -15.213847 6.6056252 60
-8.2230768 -15.212064 7.0854878 54
-8.4954557 -15.217788 7.5962729 48
-7.265574 -15.191214 6.0801377 60
-7.53583 -15.193205 6.5439062 70
-7.8007684 -15.213013 7.0225654 53
-8.066678 -15.192824 7.509079 55
-6.8367844 -15.200021 6.0472436 58
-7.1063352 -15.187157 6.4948516 57
-7.3793578 -15.196301 6.9555931 39
-7.6589599 -15.187479 7.4361811 45
-6.4067826 -15.18673 6.0102634 59
-6.6918979 -15.188371 6.4518552 55
-6.956274 -15.164645 6.8885422 51
-7.2593231 -15.179454 7.3651433 33
-5.6970963 -14.385051 5.6682725 53
-5.9761882 -14.378798 6.0739026 10
-6.559773 -15.16644 6.8407364 53
-6.8695197 -15.18551 7.3066497 40
-5.388824 -14.621434 5.7391596 13
-5.6024914 -14.397715 6.049952 74
-5.8646498 -14.349094 6.4293518 80
-6.4891658 -15.18646 7.2501073 41
-5.1656551 -15.162545 5.9329267 58
-5.435092 -15.024303 6.2816911 13
-5.526803 -14.429532 6.4261799 157
-5.8047261 -14.354479 6.8010654 55
-4.7686501 -15.157215 5.9142652 62
-5.0859699 -15.144079 6.305512 72
-5.3951974 -15.133659 6.6989555 56
-5.4730296 -14.411907 6.780664 40
-4.3767276 -15.145857 5.895956 60
-4.7058015 -15.140959 6.2794485 72
-5.0255804 -15.146848 6.6709404 52
-5.3607388 -15.141059 7.0752792 58
-3.9932399 -15.158509 5.8949828 67
-4.3324118 -15.146075 6.2632551 66
-4.6574011 -15.141221 6.6376481 49
-5.0051303 -15.150801 7.0350556 48
-3.6105068 -15.141267 5.8837595 57
-3.9567959 -15.122116 6.2379494 68
-4.2933064 -15.134604 6.6084037 49
-4.6423125 -15.130359 6.9876838 50
-3.2335734 -15.131204 5.8774762 54
-3.5903785 -15.13033 6.229774 69
-3.9388041 -15.145155 6.5892544 51
-4.2938576 -15.137149 6.9535055 47
-2.8577516 -15.120034 5.8772964 61
-3.2264497 -15.120605 6.2164979 66
-3.5762143 -15.11866 6.5567746 46
-3.9438438 -15.125074 6.9150214 51
-2.4896889 -15.117163 5.8829646 66
-2.8656001 -15.107035 6.2050724 75
-3.2258818 -15.122396 6.5404434 66
-3.6003399 -15.134065 6.8886905 49
-2.1222312 -15.092325 5.8824902 62
-2.5073388 -15.112472 6.2067122 73
-2.8776982 -15.12225 6.5269346 62
-3.256465 -15.118202 6.854022 45
-1.7571859 -15.089563 5.8950167 63
-2.1534269 -15.102119 6.2021499 70
-2.5260785 -15.09904 6.5073094 63
-2.9164371 -15.109352 6.8254743 53
-1.3972235 -15.085874 5.9096093 72
-1.800794 -15.084765 6.1996236 69
-2.1831522 -15.09101 6.4948215 64
-2.5783658 -15.104517 6.8020043 52
-1.0383791 -15.079154 5.9272847 78
-1.4487251 -15.083253 6.2073293 74
-1.8410558 -15.087857 6.4884644 73
-2.2441671 -15.102706 6.7835608 62
-0.67854536 -15.109335 5.9621258 85
-1.1017497 -15.116874 6.2321019 79
-1.4997731 -15.091785 6.4900074 77
-1.9101434 -15.093927 6.7640386 67
-0.32055414 -15.107547 5.9888268 88
-0.75416172 -15.099429 6.2399783 85
-1.1613251 -15.111488 6.5006919 71
-1.5747732 -15.068899 6.7434421 59
0.0070146793 -14.299356 5.6988611 25
-0.40445861 -15.090903 6.25422 95
-0.82319766 -15.106315 6.5034719 78
-1.2452716 -15.068924 6.7343483 68
0.34858823 -14.304603 5.7350202 101
-0.079590738 -14.338429 5.9643259 3
-0.48214683 -15.090878 6.5044212 87
-0.91589046 -15.076047 6.7301083 76
0.6900019 -14.327189 5.7797747 4
0.24732932 -14.304738 5.9734702 95
-0.14430285 -15.08581 6.5129318 93
-0.58617306 -15.09814 6.735878 65
1.1071346 -15.050925 6.1098018 112
0.57762009 -14.274726 5.9859109 59
0.15736544 -14.30664 6.1900625 101
-0.25336227 -15.088271 6.732327 87
1.4658015 -15.050161 6.1532526 99
0.98374474 -15.056914 6.3427758 103
0.47946116 -14.291268 6.1999145 126
0.045909423 -14.309645 6.3869061 110
1.8281395 -15.041352 6.1995711 94
1.3311435 -15.041563 6.3700986 101
0.87283039 -15.069671 6.5549707 106
0.35948634 -14.291415 6.3830857 100
2.1887436 -15.03358 6.2459664 99
1.6827158 -15.031141 6.4043984 100
1.2112485 -15.049697 6.570188 103
0.73936218 -15.053313 6.7308512 106
2.5521996 -15.024683 6.298418 89
2.0355124 -15.03562 6.4448996 100
1.5527586 -15.043637 6.5915241 100
1.0732318 -15.061516 6.7462296 100
2.9193287 -15.011743 6.3538356 89
2.3888843 -15.026109 6.4852972 103
1.8960115 -15.023479 6.6138272 102
1.4079384 -15.052657 6.7545896 100
3.2868345 -14.999599 6.4114151 93
2.7464755 -15.014284 6.5298738 104
2.2429299 -15.020998 6.6454592 104
1.7467936 -15.044457 6.7701941 92
3.6691701 -15.020334 6.4882407 84
3.108228 -15.009729 6.5805063 101
2.5969062 -15.023712 6.686173 100
2.0865726 -15.035745 6.7877584 94
4.0389619 -14.980934 6.5458279 86
3.468787 -14.996698 6.6301484 100
2.9465477 -15.010144 6.7186847 99
2.4326038 -15.035336 6.8123422 104
4.4238291 -14.983106 6.6236243 91
3.8373604 -14.98444 6.6857924 101
3.3013823 -15.005348 6.7593331 105
2.7774467 -15.028951 6.8358984 92
4.8115363 -14.981205 6.7033892 78
4.2091193 -14.981136 6.7464108 90
3.6609471 -14.991528 6.8017678 105
3.1230886 -15.01364 6.858253 92
5.1911302 -14.933656 6.7696977 95
4.582634 -14.967774 6.8089561 98
4.021565 -14.979624 6.8462934 94
3.4767613 -15.002005 6.888782 88
5.5823035 -14.912697 6.851337 91
4.9630461 -14.954207 6.8766294 104
4.387084 -14.966569 6.8949156 105
3.8313816 -14.989347 6.9193711 104
5.9720821 -14.875687 6.9290013 98
5.3518066 -14.952228 6.952508 101
4.7638822 -14.963045 6.9546919 101
4.1922755 -14.98544 6.9580088 97
6.0770936 -14.204165 6.7168112 59
5.7476311 -14.952126 7.0332894 100
5.140521 -14.952593 7.0123429 97
4.5548186 -14.968468 6.9946041 103
6.4302936 -14.104247 6.7709222 83
6.0504503 -14.71895 7.0119448 69
5.5303631 -14.960492 7.0833979 98
4.934742 -14.976755 7.0495877 79
7.2388849 -14.874376 7.2541208 87
6.1871524 -14.153226 6.8321099 99
5.9189053 -14.939351 7.1483378 111
5.302217 -14.942185 7.0865088 94
7.6715746 -14.853246 7.3656058 92
6.5516396 -14.085449 6.89185 37
6.0299897 -14.301543 6.918694 52
5.6816239 -14.925669 7.1362591 97
8.1094198 -14.832911 7.4814734 88
7.399817 -14.917589 7.4015913 90
6.3426828 -14.137113 6.9160748 102
6.0201941 -14.792493 7.136013 74
8.5647936 -14.824713 7.6116686 74
7.8029013 -14.853153 7.4791369 100
7.1251383 -14.890208 7.3700376 92
6.1179318 -14.150539 6.8888922 91
9.0305157 -14.80769 7.7464738 86
8.2416697 -14.840204 7.5876861 102
7.5646615 -14.906309 7.4727492 90
6.4852543 -14.105758 6.933989 60
9.5106001 -14.801141 7.888514 96
8.6937475 -14.823488 7.7015738 102
7.9803243 -14.866803 7.5512843 103
7.2995005 -14.894254 7.3980484 102
9.9902353 -14.772657 8.0302868 80
9.1621084 -14.819391 7.8284769 105
8.4194899 -14.849646 7.6460176 102
7.7186031 -14.873803 7.4696927 104
10.505301 -14.769053 8.1975603 68
9.6338501 -14.800251 7.9554505 98
8.873312 -14.8332 7.7508903 104
8.1568031 -14.867908 7.5535545 100
11.029097 -14.760301 8.3678598 75
10.126759 -14.787433 8.0955772 101
9.3353033 -14.815363 7.8598208 94
8.5999241 -14.846623 7.6374254 97
11.244456 -14.352845 8.3160629 72
10.625671 -14.765134 8.2378111 85
9.8197699 -14.809514 7.9831572 104
9.0541811 -14.8278 7.7285256 101
11.540461 -14.052683 8.3304911 70
11.131338 -14.732574 8.3800707 100
10.297486 -14.77391 8.0952597 97
9.5286942 -14.820354 7.8318009 103
12.008028 -13.941167 8.4650335 68
11.243847 -14.204266 8.2460594 62
10.823066 -14.7758 8.2418489 87
10.013979 -14.804603 7.9370747 83
12.003156 -13.318267 8.2878084 65
11.658284 -14.042504 8.3300009 89
11.228526 -14.610455 8.2997227 92
10.520327 -14.793196 8.05548 88
11.997011 -12.724342 8.1207724 61
11.998622 -13.795031 8.3650017 90
11.341104 -14.083207 8.1567173 91
11.040645 -14.781379 8.1789513 105
11.989399 -12.152378 7.9668751 59
12.000185 -13.187005 8.1829004 60
11.855511 -14.039446 8.2949343 102
11.220176 -14.330175 8.0657721 67
11.976198 -11.60568 7.8189836 76
11.969296 -12.570047 7.9924474 83
11.99621 -13.567399 8.1832991 68
11.551011 -14.065389 8.0594721 82
11.978104 -11.095324 7.6895576 85
11.972262 -12.01984 7.8347583 80
11.988849 -12.961691 7.9901843 81
12.00858 -13.945498 8.1419086 91
11.95903 -10.585551 7.5570345 67
11.952303 -11.472263 7.6749749 93
11.992254 -12.387581 7.8153362 82
11.988336 -13.302308 7.9214778 82
11.097229 -9.415535 6.9299307 8
11.94827 -10.962156 7.5325232 96
11.973916 -11.823083 7.6374497 97
11.990255 -12.70737 7.727488 71
11.128922 -9.0180826 6.8514223 82
11.961972 -10.483458 7.4103799 98
11.976592 -11.300879 7.4839587 89
11.985791 -12.137547 7.5436401 88
11.246437 -8.6969805 6.8278503 67
11.103473 -9.3263254 6.7893887 29
11.963384 -10.783102 7.33042 88
11.970686 -11.58198 7.3648372 73
11.775882 -8.6702852 7.0452838 80
11.157646 -8.9472504 6.7151151 88
11.968114 -10.303711 7.1982288 86
11.971501 -11.063868 7.2053642 79
11.917666 -8.3624001 7.0419221 82
11.363625 -8.6865187 6.7323852 85
11.162971 -9.2029028 6.6158767 82
11.969625 -10.558771 7.0549674 76
11.922444 -7.9686837 6.9653058 86
11.89403 -8.6549673 6.9317813 92
11.198762 -8.8064995 6.5243812 82
11.128922 -9.3961277 6.4510016 16
11.939758 -7.5966182 6.9018826 85
11.957451 -8.2876158 6.8756146 94
11.61237 -8.6956396 6.6446595 85
11.188998 -9.0100889 6.3606901 81
11.933941 -7.2182331 6.8293066 79
11.936932 -7.8787932 6.7767587 90
11.961428 -8.5217276 6.7301974 95
11.364368 -8.719533 6.3375893 78
11.919356 -6.8500705 6.7577896 73
11.944036 -7.4990759 6.6993022 92
11.950768 -8.1106462 6.6264744 91
11.925009 -8.6983128 6.5193253 96
11.924014 -6.4972601 6.7025681 79
11.917877 -7.1103134 6.6096859 89
11.945286 -7.7083721 6.5298691 98
11.950566 -8.2972059 6.4228797 100
11.919916 -6.1516767 6.6463113 78
11.919345 -6.7446456 6.5402808 93
11.936238 -7.3181124 6.4382052 98
11.952067 -7.8867016 6.3220911 99
11.909056 -5.8102255 6.5899282 74
11.919087 -6.3900952 6.4749393 93
11.93831 -6.9417806 6.3598452 93
11.938357 -7.4831462 6.2195783 95
11.899879 -5.4764242 6.5400753 83
11.923539 -6.0430555 6.4160976 90
11.935332 -6.5760531 6.2828279 91
11.944929 -7.0992122 6.1334739 93
11.894949 -5.1535501 6.4953818 90
11.898008 -5.6938896 6.3461127 89
11.929495 -6.2143455 6.2098293 92
11.940851 -6.7213364 6.0472517 85
11.88736 -4.8332872 6.454443 88
11.894279 -5.3614039 6.2919841 90
11.914446 -5.862124 6.134409 99
11.93638 -6.3518739 5.9647689 102
11.876213 -4.520751 6.4123073 91
11.898885 -5.0384774 6.2448578 98
11.916585 -5.5193443 6.0741372 105
11.862375 -5.9584465 5.8547778 102
11.879269 -4.2177567 6.3823071 91
11.878354 -4.7092752 6.1895638 88
11.914901 -5.1836562 6.0158949 106
11.749146 -5.5551405 5.7335234 104
11.86334 -3.9143181 6.3452077 93
11.891323 -4.4020481 6.1545844 98
11.896168 -4.8454566 5.9525499 101
11.740307 -5.2117152 5.6641932 104
11.064997 -3.3853729 5.9136724 17
11.875087 -4.0856671 6.1093979 102
11.871635 -4.5153952 5.89223 108
11.725529 -4.8714228 5.5988536 107
11.065862 -3.114387 5.8928742 96
11.862102 -3.7791822 6.0672932 99
11.791839 -4.1719627 5.8085437 112
11.733132 -4.5474491 5.5467358 110
11.073792 -2.8471594 5.880137 92
11.086739 -3.2625821 5.6592946 100
11.721852 -3.8383994 5.7345514 108
11.727364 -4.2240458 5.4921141 103
11.563519 -2.6890736 6.1089163 45
11.080487 -2.9824553 5.6275172 93
11.106517 -3.3544004 5.4091449 58
11.713285 -3.9001534 5.4347892 109
11.840184 -2.4717159 6.2348289 101
11.18165 -2.7314734 5.6543412 57
11.092968 -3.0669346 5.3701601 97
11.707011 -3.5845239 5.3896513 108
11.825779 -2.1931398 6.2159023 101
11.859963 -2.6011457 5.9588108 93
11.117602 -2.789309 5.351429 87
11.106633 -3.1165416 5.0875726 100
11.831406 -1.9179306 6.2110968 89
11.850372 -2.3144786 5.9338531 99
11.664454 -2.6290665 5.5730524 105
11.10698 -2.8256736 5.0526333 95
11.815139 -1.6453723 6.1972013 94
11.841779 -2.028744 5.9149065 102
11.6578 -2.3393488 5.5450869 101
11.670809 -2.6620808 5.2633152 104
11.803866 -1.3727 6.1883283 98
11.847356 -1.7496525 5.9040704 102
11.656163 -2.0505278 5.5241485 99
11.660975 -2.3635719 5.2282705 106
11.807743 -1.1065904 6.1895733 97
11.833928 -1.4691324 5.8861322 96
11.64563 -1.7649676 5.5001893 104
11.666219 -2.0695844 5.2043309 105
11.801608 -0.83976328 6.188765 93
11.820562 -1.1915841 5.8722157 105
11.642165 -1.4831808 5.4813037 103
11.668475 -1.7776593 5.1814332 105
11.791457 -0.57502383 6.1880207 90
11.818077 -0.91465342 5.867455 105
11.639602 -1.2023064 5.4675303 102
11.667625 -1.4847829 5.1605873 106
11.79025 -0.31098288 6.1943698 95
11.813655 -0.64076412 5.8637218 105
11.633019 -0.92051923 5.4557152 103
11.668882 -1.1948001 5.1437154 104
11.789085 -0.045885917 6.2026148 96
11.794316 -0.36525089 5.8547654 105
11.631639 -0.64251298 5.4468069 102
11.650192 -0.90335047 5.1216378 104
11.774002 0.2156283 6.2069263 93
11.792871 -0.092575163 5.857235 104
11.630971 -0.36303866 5.4433908 103
11.648289 -0.61613774 5.1103139 104
11.768621 0.47886667 6.2197876 96
11.785329 0.17855591 5.8610263 102
11.631321 -0.08670339 5.4431734 100
11.649436 -0.33080986 5.1040363 109
11.763304 0.74011856 6.2346773 96
11.780854 0.44888917 5.866765 103
11.621795 0.18965186 5.4406767 102
11.653708 -0.043898363 5.0993781 105
11.748255 1.0007998 6.2459459 93
11.778481 0.72300649 5.8779321 106
11.611408 0.46646762 5.4387851 101
11.648005 0.24504007 5.0964293 101
11.746129 1.2639809 6.2661872 98
11.759228 0.99362355 5.8820376 100
11.602938 0.74537605 5.4428892 100
11.639382 0.53089941 5.0934863 102
11.736953 1.5289742 6.2863812 90
11.75387 1.2666743 5.8951964 94
11.598473 1.0234184 5.4510198 101
11.626707 0.81865096 5.0905108 101
11.722836 1.7918277 6.3055644 74
11.759353 1.5440842 5.9183817 83
11.603919 1.3037674 5.4651847 95
11.610955 1.1083546 5.0925064 97
11.727571 2.0582681 6.3368192 68
11.737018 1.8166603 5.9284592 81
11.586373 1.5844675 5.4742317 90
11.604201 1.3973328 5.0995526 88
11.723231 2.3274665 6.3680105 60
11.73848 2.0939898 5.9556251 73
11.584754 1.8666484 5.4913502 78
11.610305 1.6897101 5.1156654 81
11.67088 2.5860252 6.3766799 57
11.729576 2.3718216 5.9793839 61
11.579742 2.1505632 5.5120516 72
11.601082 1.9844697 5.1292233 70
10.913937 2.6793764 6.0161419 51
11.670372 2.6423423 5.9832115 32
11.568103 2.4344707 5.5310569 56
11.566346 2.273675 5.1340971 53
10.887256 2.9279187 6.0392742 46
10.912195 2.7418318 5.6426015 44
11.045385 2.6081576 5.3201594 14
11.560382 2.5707762 5.1540122 54
10.881141 3.1871295 6.0785322 34
10.902856 3.0099046 5.6738133 41
10.9248 2.8568702 5.2949362 35
10.954039 2.7290862 4.9229279 36
11.657228 3.6892896 6.5358553 14
10.897794 3.2809131 5.7080154 4
10.929308 3.1419184 5.3282638 29
10.951371 3.0196879 4.9493523 25
10.450787 3.4149976 5.5255909 1
10.860119 3.4044476 5.3328629 2
11.356375 3.4323483 5.1573215 2
9.9399662 3.3905377 4.939939 1
9.9179077 3.6492453 4.969111 1
9.8460684 5.0263062 5.1836128 1
9.9111023 5.0146627 4.833005 1
9.8190346 5.433537 6.0388012 2
9.8750925 5.3375392 5.2592854 1
9.8737831 5.3078871 4.8754406 3
11.583276 6.6934681 7.1509523 69
11.596361 6.6304984 6.6653938 82
11.617576 6.5929995 6.2147326 91
11.648806 6.5898743 5.7778955 75
11.555297 7.0173187 7.2226353 83
11.584828 6.9758568 6.743957 93
11.607605 6.9554095 6.2931671 102
11.629652 6.95999 5.8482428 81
11.550817 7.3589497 7.3122582 85
11.564079 7.3259854 6.8235373 94
11.592283 7.325695 6.3736768 100
11.60512 7.3389988 5.9236484 91
11.54882 7.7137146 7.4119391 69
11.562646 7.6977553 6.9210987 96
11.568949 7.6967692 6.4551215 96
11.598946 7.7405944 6.0129681 92
11.530977 8.0649986 7.5045247 79
11.548291 8.0681448 7.014575 88
11.567917 8.0915651 6.5545034 101
11.57879 8.1418056 6.1012106 90
11.514844 8.4263649 7.6020517 89
11.535584 8.4506254 7.1139798 96
11.552767 8.4910078 6.6537418 103
11.575925 8.5676489 6.2052832 107
11.322303 8.6713648 7.596312 64
11.262395 8.6521893 7.0650678 76
11.214398 8.6656446 6.5786691 75
11.070776 8.6332693 6.0540915 67
10.798585 8.6589966 7.375546 62
10.752697 8.6664095 6.8743443 77
10.761781 8.7387638 6.4389896 91
10.764168 8.8359947 6.0104361 88
10.725017 8.9857883 7.4483886 69
10.721712 9.0475178 6.9789004 92
10.740257 9.1451159 6.5492854 87
10.727515 9.2538452 6.1144385 67
11.458419 9.9969044 8.0712156 70
11.489646 10.115515 7.593524 85
11.507553 10.240913 7.1327586 98
11.49802 10.382576 6.6707463 90
11.43084 10.410136 8.1972713 88
11.483808 10.572468 7.7354069 87
11.489238 10.716517 7.2724361 88
11.483027 10.883281 6.8102794 87
11.428082 10.86225 8.3511953 13
11.436573 11.008204 7.8602509 88
11.451961 11.18861 7.4071126 92
11.460533 11.398864 6.9567423 91
11.517291 11.417541 8.5770378 3
11.422002 11.49423 8.0189838 90
11.440575 11.706757 7.5706153 93
11.438671 11.937708 7.1170197 82
11.407743 12.003101 8.186388 67
11.41099 12.228176 7.729877 86
11.420584 12.510585 7.2930403 78
11.477566 12.619105 8.4250355 7
11.388201 12.781235 7.9093723 83
11.411456 13.109851 7.4826756 66
0.83477789 1.4587523 0.9874047 12
0.8341921 1.490401 0.93714756 33
0.88274878 1.5865974 0.92067462 20
0.77779746 1.4600042 0.97013181 34
0.79068691 1.5099231 0.93197852 35
0.83133972 1.603819 0.91350317 37
11.486777 14.080426 9.5478477 4
0.73043889 1.4692839 0.95894915 53
0.75386196 1.5386612 0.93185902 60
0.78274256 1.6233082 0.90836525 62
0.70339745 1.4638016 1.0087563 13
0.71092123 1.5140836 0.97034287 49
0.66182381 1.495151 0.89129972 141
0.60301697 1.4660953 0.81036645 71
0.64542371 1.4554073 0.98656875 34
0.64061099 1.4930079 0.94131339 56
0.60014331 1.4854512 0.87119395 74
0.54989773 1.4686567 0.7991215 65
0.596416 1.4560614 0.97064435 37
0.59060013 1.4946716 0.92849493 61
0.55296874 1.4922508 0.8633306 65
0.50850654 1.4836349 0.79617226 80
0.55028099 1.4589385 0.95756489 42
0.5414632 1.4974434 0.91527367 74
0.49710098 1.4858083 0.84612018 81
0.48230371 1.5241863 0.80590963 78
0.5197069 1.4821556 0.95745194 46
0.49452174 1.4991151 0.90319782 76
0.47784796 1.5323923 0.86089426 81
0.45809808 1.568601 0.81756258 83
0.49572572 1.5155251 0.96504778 77
0.47037584 1.5364876 0.91173637 58
0.45278692 1.5725985 0.87143302 74
0.44623837 1.636255 0.84100777 47
0.45857808 1.5273021 0.95877224 52
0.45030633 1.5808762 0.92540282 58
0.44758055 1.6506847 0.90103328 62
0.44463733 1.7285058 0.87760264 55
0.44987109 1.5882579 0.98250431 59
0.4442625 1.653949 0.95504928 69
0.45085874 1.7492157 0.9415881 65
0.41751167 1.7809737 0.89303052 53
0.44438487 1.659333 1.0109062 68
0.45183888 1.7575053 1.0003639 74
0.42024601 1.7892435 0.95195889 7
0.45156389 1.758732 1.0573759 72
10.881406 24.895735 13.975464 19
10.671341 30.313866 14.021964 20
10.458457 25.396297 14.106258 10
10.391444 27.092339 14.127526 12
10.142689 26.178837 14.39296 10
9.725069 27.145237 14.032801 16
9.5987206 26.440756 14.393846 11
9.0473328 27.168175 13.931308 22
8.9958868 29.567545 14.287741 10
8.5723543 31.38319 14.27487 14
9.0399828 26.675598 14.391033 12
8.3672562 27.144262 13.812715 17
7.813529 31.564919 14.29634 13
8.4653444 26.885849 14.380501 13
7.69168 27.112051 13.6984 21
7.6055932 29.930754 14.296834 12
7.0002632 31.54311 14.235811 14
7.8953819 27.09796 14.375147 21
7.0348787 27.115788 13.611503 16
6.8851581 29.994719 14.259354 15
6.2208338 31.612566 14.227918 10
7.2609348 27.109825 14.270689 19
6.390202 27.134401 13.542153 10
6.1888237 30.173143 14.285703 13
5.4710827 31.794966 14.276628 5
6.608171 27.076401 14.143404 15
5.7487102 27.174541 13.475451 9
5.4656467 30.246914 14.254469 14
4.6741347 31.772415 14.231151 12
5.9939342 27.098909 14.065558 22
5.1125288 27.162584 13.410002 9
4.7597575 30.326488 14.255511 12
3.892905 31.806339 14.24166 15
5.3741312 27.066246 13.963816 22
4.8426013 29.146166 14.334596 11
4.0601726 30.444822 14.27648 14
3.1390047 31.910059 14.278678 12
4.7590733 27.084799 13.886156 21
4.1845846 29.23119 14.310035 10
3.3508022 30.548021 14.298703 13
2.3522785 31.708376 14.195769 13
4.1495676 27.050339 13.79746 25
3.5318449 29.331766 14.309233 10
2.6332121 30.504498 14.26017 10
1.590239 31.752762 14.24149 12
3.5459197 27.023214 13.724196 26
2.8704979 29.414999 14.318651 17
1.9315891 30.6001 14.298125 11
0.83208102 31.772196 14.270308 15
2.9413691 27.00729 13.654738 19
2.2050712 29.415806 14.284496 9
1.2159591 30.557804 14.283861 16
0.077195987 31.773331 14.305058 13
2.351187 27.03623 13.618893 20
1.5557489 29.584793 14.341671 11
0.51124144 30.578218 14.29903 10
-0.68511707 31.638317 14.287965 12
1.7520458 26.994406 13.550248 22
0.89034116 29.589016 14.329688 11
-0.19055694 30.555544 14.301351 12
-1.4281802 31.568983 14.307365 12
1.1647905 26.961729 13.497016 19
0.22578639 29.564308 14.309798 13
-2.1577404 31.194101 14.196839 13
0.57220328 26.95521 13.461499 22
-0.43397978 29.622355 14.334166 18
-1.5938027 30.359011 14.265198 12
-2.880708 30.929153 14.145411 14
-0.012532147 26.95166 13.43128 21
-1.1015482 29.713804 14.380943 6
-2.2755604 30.112749 14.189916 13
-3.5823638 30.567993 14.058325 18
-0.60061735 26.946022 13.410079 18
-1.7577155 29.510235 14.296293 12
-2.9665477 29.982445 14.176477 15
-4.2878785 30.347807 14.037498 14
-1.1954815 26.931065 13.391478 24
-2.4126902 29.346008 14.237097 10
-3.6382492 29.743252 14.118464 11
-4.9682345 30.006432 13.970204 11
-1.78342 26.902714 13.366318 26
-2.8666763 26.926088 13.092338 7
-4.2935843 29.438622 14.036358 11
-5.6458025 29.683451 13.924032 11
-2.3752353 26.870815 13.350973 24
-3.4726565 26.866634 13.093701 11
-4.9573956 29.215405 14.000675 18
-6.296771 29.302158 13.854667 21
-2.9752247 26.874279 13.360201 22
-4.0757103 26.822515 13.110291 15
-5.5962715 28.950474 13.949105 8
-6.9508953 29.025339 13.833751 21
-3.5638659 26.859102 13.362546 23
-4.6956105 26.838278 13.163343 21
-5.8577108 26.823927 13.003961 10
-7.1104717 26.74382 12.865223 8
-4.1594396 26.83429 13.364197 23
-5.3084998 26.800926 13.196332 22
-6.4939022 26.794333 13.07565 20
-7.775063 26.723591 12.979021 19
-4.7688656 26.845057 13.395909 28
-5.9342017 26.80756 13.255323 20
-7.1419387 26.773413 13.158815 17
-8.46241 26.745714 13.121329 23
-5.3733959 26.805756 13.406933 24
-6.5654864 26.787107 13.313384 24
-7.8030958 26.787415 13.267678 19
-9.1539974 26.741972 13.261836 20
-5.9880571 26.812349 13.447432 20
-7.2002978 26.766159 13.377767 24
-8.4598789 26.73274 13.356274 18
-9.8372097 26.688679 13.389107 19
-6.6086593 26.775402 13.475908 19
-7.8479452 26.776791 13.465132 25
-9.1410007 26.758926 13.489271 14
-10.552727 26.709112 13.5611 15
-7.2449899 26.80724 13.544279 24
-8.5011997 26.760134 13.547972 11
-9.8216295 26.74873 13.611154 14
-11.120372 26.316868 13.538087 10
-7.8855877 26.788767 13.577601 23
-9.1844454 26.796293 13.645178 13
-10.384201 26.376875 13.53957 11
-11.662748 25.877995 13.470611 14
-8.568429 26.896595 13.707962 11
-9.7509737 26.490711 13.602371 15
-10.949365 26.021147 13.510999 10
-9.1387634 26.624355 13.648098 15
-10.316066 26.17531 13.557144 9
-11.494634 25.673569 13.48535 11
-12.53335 24.647287 13.205132 10
-9.718049 26.384497 13.600466 14
-10.889868 25.906412 13.536234 12
-12.054233 25.353588 13.473769 10
-12.385066 22.969023 12.502912 11
-10.292828 26.128275 13.564149 11
-11.419771 25.53998 13.478066 11
-12.419028 24.626764 13.266973 6
-11.725324 20.508295 11.352327 41
-10.846539 25.828518 13.513205 15
-11.973622 25.226952 13.460766 8
-12.310534 23.037434 12.582358 8
-12.218139 20.265162 11.41264 67
-11.414878 25.570057 13.485663 10
-12.240273 24.331854 13.125703 5
-11.682425 20.632988 11.434797 15
-12.585867 19.823292 11.363314 37
-11.985358 25.304855 13.46668 11
-12.605415 23.700401 12.93769 17
-12.11035 20.288092 11.41203 85
-12.514929 18.71236 10.922452 27
-12.23145 24.380411 13.101599 8
-11.68119 20.71208 11.458311 15
-12.594339 20.059557 11.466119 36
-12.491023 17.75457 10.573198 30
-12.651258 23.861473 12.950988 15
-12.045217 20.270908 11.363795 83
-12.540368 18.973162 11.026451 22
-12.432199 16.814163 10.216248 35
-11.673394 20.763765 11.39771 17
-12.56105 20.10446 11.421959 59
-12.455203 17.917793 10.594322 22
-11.471044 14.731044 9.1392984 26
-12.01763 20.297251 11.267131 69
-12.527658 19.051594 10.987393 20
-12.411846 16.996675 10.230561 31
-11.612396 14.217473 9.0166063 74
-12.540724 20.14386 11.320338 57
-12.459928 18.023264 10.558446 34
-11.433825 14.864115 9.1220417 11
-12.061814 14.107821 9.1491833 81
-12.501352 19.080694 10.861746 28
-12.413231 17.09425 10.179397 23
-11.531509 14.29988 8.948452 74
-12.064697 13.467556 8.9398909 47
-12.453672 18.07416 10.43374 25
-11.390919 14.890646 9.0208292 4
-11.962276 14.169201 9.0508881 84
-12.068809 12.858644 8.7484035 56
-12.436548 17.184156 10.069329 31
-11.515809 14.356225 8.858119 66
-12.061152 13.639503 8.9023676 48
-12.288797 12.507565 8.7268276 65
-11.413874 14.973993 8.9127312 3
-11.906174 14.188953 8.9187479 109
-12.095722 13.067323 8.7186527 53
-12.458098 12.124779 8.6804895 5
-11.46821 14.350142 8.6802282 59
-12.046999 13.713618 8.7864399 50
-12.32721 12.729962 8.693573 44
-11.880131 14.207574 8.7400684 82
-12.242445 13.31459 8.7091026 65
-12.385963 12.221692 8.5470848 3
-12.17387 13.910239 8.7109728 51
-12.398685 13.533137 8.6380939 15
-11.257299 8.6589308 7.1838284 57
-11.30852 8.3019772 7.1178303 65
-11.238503 8.7704983 7.040195 53
-11.587214 8.1221199 7.2037425 63
-11.283929 8.3995094 6.9504633 78
-12.091417 8.0866566 7.4306378 74
-11.217224 8.7951612 6.8445153 29
-11.455416 8.1382332 6.9585819 71
-12.077511 7.6918187 7.336761 58
-11.265027 8.4289923 6.7560377 85
-11.968954 8.1201019 7.181663 81
-12.081849 7.3242869 7.2608647 31
-11.229045 8.8165646 6.6299653 34
-11.441811 8.1732426 6.7542968 71
-12.068034 7.8031249 7.1475811 42
-12.070799 6.9559822 7.1808724 36
-11.26542 8.4364662 6.5287814 82
-11.960044 8.154129 6.965344 83
-12.059109 7.4199228 7.0552764 68
-12.040227 6.587388 7.0966978 53
-11.404894 8.1413193 6.4944057 72
-12.09843 7.8577576 6.9453201 59
-12.087786 7.0689769 6.991302 59
-12.058372 6.2559237 7.0475969 58
-11.904596 8.1084566 6.6757421 74
-12.083429 7.46562 6.8397322 65
-12.059384 6.6953197 6.8955479 81
-12.040186 5.911654 6.9804749 73
-12.067421 7.8251777 6.6610756 41
-12.066106 7.0801172 6.740149 78
-12.037806 6.3351555 6.8143034 80
-12.036431 5.585115 6.9274092 73
-12.040606 7.4177265 6.5453053 33
-12.053087 6.7112374 6.6501379 57
-12.034299 5.9939547 6.7487521 86
-12.017241 5.2629223 6.8709459 74
-12.044658 7.0492744 6.4527493 73
-12.027449 6.3485098 6.5578065 80
-12.016567 5.6608472 6.6781802 84
-12.00132 4.9461427 6.8196568 78
-12.022698 6.6736674 6.3509297 69
-12.014163 5.9998827 6.4796381 83
-11.98606 5.3261285 6.6056352 83
-11.988784 4.6398563 6.7738037 75
-12.005322 6.3070374 6.2594204 83
-11.98348 5.6528897 6.3956208 83
-11.988374 5.0124736 6.5565276 86
-11.981547 4.3423314 6.735631 81
-11.991349 5.955112 6.1737452 81
-11.972775 5.3233576 6.328258 91
-11.98518 4.7039251 6.5082488 82
-11.977717 4.0493464 6.7035227 65
-11.973749 5.6091681 6.0932403 87
-11.975575 5.0039792 6.2732139 90
-11.971482 4.3969889 6.4579897 86
-11.962251 3.7575061 6.6680336 74
-11.962264 5.2707787 6.0206566 85
-11.969679 4.6885262 6.2175074 87
-11.963835 4.0957055 6.4164143 89
-11.948256 3.4733219 6.6376038 82
-11.957194 4.9462233 5.9572153 84
-11.955084 4.3773375 6.161705 85
-11.950775 3.8006146 6.3753777 85
-11.952896 3.1969182 6.6211925 77
-11.95153 4.6278186 5.8961425 93
-11.940706 4.0692797 6.1107302 82
-11.939993 3.5125642 6.3392601 81
-11.090342 2.7031894 6.1101632 91
-11.935878 4.3107333 5.8362303 90
-11.932649 3.7721035 6.066658 87
-11.944426 3.2302048 6.317039 84
-11.083684 2.4541845 6.0957799 77
-11.928478 4.0014973 5.786231 86
-11.918652 3.4770908 6.0235987 90
-11.080723 2.7285933 5.8200631 87
-11.074003 2.2042592 6.0814161 66
-11.911153 3.6955116 5.7342558 88
-11.909795 3.1859958 5.9884915 79
-11.079915 2.4744065 5.8016858 82
-11.926152 2.1208701 6.56317 58
-11.903016 3.3953369 5.6902027 86
-11.070369 2.6889632 5.5253768 87
-11.055973 2.2167778 5.775434 79
-11.923275 1.861827 6.5588341 76
-11.893064 3.101244 5.6511192 87
-11.05026 2.4261801 5.4911394 82
-11.896778 2.1264489 6.2202826 74
-11.906306 1.6001289 6.5505776 84
-11.052755 2.6053631 5.2079992 85
-11.055411 2.1698551 5.47575 77
-11.904787 1.8631107 6.2149253 88
-11.899524 1.344209 6.5492392 82
-11.028478 2.336669 5.1708179 86
-11.890788 2.0684676 5.8896933 95
-11.899714 1.597104 6.207643 90
-11.892808 1.0903072 6.5508871 80
-11.140847 2.0969288 5.2041688 30
-11.889074 1.7974236 5.8757653 89
-11.87919 1.3335556 6.1937461 91
-11.888671 0.83747423 6.5598459 85
-11.884049 1.9644959 5.5447354 95
-11.879824 1.5254815 5.8615289 93
-11.884358 1.0743476 6.1963606 92
-11.885094 0.58655196 6.5704403 85
-11.867562 1.6846815 5.5205626 92
-11.87371 1.2574872 5.8512354 90
-11.883491 0.81330687 6.1999998 91
-11.872534 0.33684254 6.5770607 78
-11.855129 1.4058055 5.5033665 90
-11.865634 0.99056304 5.8439503 93
-11.859634 0.55481333 6.1947365 86
-11.87702 0.086776517 6.5986247 79
-11.852836 1.1316979 5.4921165 91
-11.858541 0.72264177 5.8416824 92
-11.861912 0.29873207 6.2053528 88
-11.867534 -0.16096 6.6142402 87
-11.84558 0.85873431 5.4828806 89
-11.854558 0.45865241 5.8413758 92
-11.855135 0.040882438 6.2150202 86
-11.869136 -0.40692568 6.6398015 80
-11.851359 0.58549464 5.4846005 87
-11.83155 0.19512817 5.8361669 90
-11.852439 -0.21404788 6.2296729 86
-11.859648 -0.6546427 6.6594386 74
-11.839127 0.31367582 5.4784012 81
-11.824561 -0.069736958 5.8439007 88
-11.855794 -0.46809891 6.2502933 85
-11.85016 -0.90332162 6.6850815 75
-11.845003 0.043469992 5.4861121 80
-11.827698 -0.33083189 5.8575759 85
-11.847031 -0.72584349 6.27001 85
-11.855718 -1.1513408 6.7206836 77
-11.824751 -0.22911622 5.4849916 84
-11.822771 -0.5937165 5.8723269 83
-11.844319 -0.9817332 6.292707 79
-11.847182 -1.4020114 6.7533736 71
-11.828639 -0.49923533 5.4997492 80
-11.809791 -0.85839576 5.8861241 83
-11.840601 -1.238571 6.3194141 87
-11.850706 -1.6519532 6.7929974 73
-11.809475 -0.76980811 5.5045924 77
-11.823864 -1.1246754 5.9167852 82
-11.831837 -1.4982579 6.3481255 79
-11.836227 -1.9014543 6.8266687 82
-11.806266 -1.0447166 5.5223746 77
-11.823925 -1.3906161 5.9424968 80
-11.828117 -1.7570454 6.3818088 86
-11.83872 -2.1543207 6.8732877 75
-11.792133 -1.3163488 5.5381837 81
-11.816936 -1.6593459 5.9712424 84
-11.819396 -2.0166943 6.4144897 85
-11.826215 -2.4077969 6.9159327 81
-11.788954 -1.5931808 5.5639195 77
-11.809987 -1.9280502 6.0009432 83
-11.825603 -2.2826295 6.4621162 82
-11.831687 -2.6646714 6.9695044 77
-11.784779 -1.8699801 5.5906596 84
-11.804979 -2.1997721 6.0366635 83
-11.808833 -2.5450363 6.4988375 88
-11.840017 -2.9275775 7.0321279 91
-11.784291 -2.1500146 5.6247835 78
-11.791433 -2.4716268 6.0711398 94
-11.810149 -2.8133407 6.5505738 82
-11.810312 -3.1812928 7.0742555 70
-11.78324 -2.4343059 5.6636105 88
-11.797817 -2.7498419 6.120532 92
-11.817921 -3.0883329 6.6085758 97
-11.019705 -3.2050936 6.6397209 50
-11.784951 -2.7200334 5.7063403 95
-11.795788 -3.0282135 6.1681905 89
-11.286853 -3.2041311 6.3543835 33
-10.984838 -3.4412093 6.6771874 80
-11.778705 -3.0068638 5.7490129 90
-11.453359 -3.2125483 6.0357194 36
-10.967936 -3.3656306 6.2247801 86
-10.970544 -3.6885507 6.7348185 80
-11.522521 -3.2247322 5.6664982 32
-10.946141 -3.3296967 5.8106518 84
-10.945382 -3.6208224 6.2735085 88
-11.805389 -4.255816 7.3438449 80
-10.930502 -3.3288169 5.4157224 80
-10.940303 -3.5982785 5.8643575 79
-10.918971 -3.8738718 6.3211651 13
-11.798476 -4.5332041 7.4185576 73
-10.930462 -3.607512 5.4714174 84
-11.819148 -4.198998 6.4223399 103
-11.806499 -4.4935131 6.931263 82
-11.760671 -4.7999353 7.4754047 62
-11.784966 -4.2119188 5.9815598 113
-11.78279 -4.4858112 6.4733071 84
-11.793097 -4.7857919 7.0041661 81
-11.79813 -5.1043067 7.5871668 66
-11.7641 -4.5170274 6.0396147 78
-11.773027 -4.7891359 6.543303 86
-11.770682 -5.0757813 7.074132 78
-11.745244 -5.3715787 7.6431189 51
-11.76304 -4.8346391 6.1126237 91
-11.770113 -5.1026406 6.6252942 77
-11.787834 -5.3897047 7.1730394 83
-11.75764 -5.67733 7.7489953 29
-11.748801 -5.1539855 6.1858602 80
-11.754954 -5.4140105 6.7036452 80
-11.7796 -5.6992679 7.2625122 80
-11.782122 -5.9956465 7.8685446 2
-11.756836 -5.4929805 6.2774601 81
-11.755374 -5.7427039 6.7990651 81
-11.77637 -6.0197577 7.3627481 79
-11.743339 -5.8262396 6.360671 77
-11.749948 -6.0750976 6.8942366 83
-11.76923 -6.3420653 7.4638634 77
-11.734522 -6.173543 6.4569502 77
-11.753277 -6.4186497 7.001441 82
-11.779588 -6.6867137 7.5850453 71
-11.734447 -6.5320287 6.5612626 72
-11.748413 -6.7699633 7.1127291 74
-11.725639 -6.9979072 7.6672873 53
-11.741053 -6.9046125 6.6786356 66
-11.748383 -7.1283741 7.2290406 74
-11.723825 -7.3492184 7.7915626 9
-11.72761 -7.27672 6.7901206 62
-11.741998 -7.4995909 7.3535061 76
-11.695131 -7.6483521 6.8997135 67
-11.725568 -7.8715501 7.4780335 75
-11.700821 -8.056797 7.0413771 70
-11.736352 -8.2780514 7.6316643 70
-11.810993 -8.5429554 8.2840643 61
-11.697209 -8.4760008 7.1871476 70
-11.736961 -8.6893282 7.785368 76
-11.728251 -8.8813782 8.3826571 73
-11.726555 -9.0812578 9.0359688 79
-11.684464 -8.9009485 7.3359656 70
-11.740173 -9.1205444 7.9541326 82
-11.58183 -9.1723709 8.4409275 68
-11.220181 -9.0555086 8.79776 66
-11.488151 -9.1857738 7.3724518 65
-11.173266 -9.076273 7.7160974 80
-11.089639 -9.1692982 8.2346411 73
-10.913266 -9.1805372 8.7144499 63
-10.962997 -9.1855536 7.1872058 66
-10.898853 -9.2696028 7.691999 73
-10.894455 -9.4118509 8.2579079 75
-10.909128 -9.5756731 8.8889494 66
-10.842327 -9.5345249 7.2839808 76
-10.862087 -9.6753502 7.8447962 76
-11.878622 -10.773213 9.2423782 8
-11.512791 -10.566011 9.6015692 51
-11.69917 -11.08865 9.3151007 61
-11.50913 -11.023039 9.8138342 48
-11.515635 -11.404912 9.3897686 52
-11.541731 -11.536612 10.074449 38
-11.834354 -12.174471 9.2709751 7
-11.475686 -11.878198 9.5921316 62
-11.758421 -12.270651 10.517488 41
-11.629748 -12.521587 9.3589869 66
-11.493871 -12.443666 9.8671637 47
-11.744922 -12.78608 10.761663 46
-11.471999 -12.934772 9.4977427 48
-11.646987 -13.18931 10.276419 45
-11.76559 -13.367012 11.058663 28
-11.68786 -13.809964 9.3697805 40
-11.472101 -13.559542 9.7881956 40
-11.72361 -13.894876 10.647984 38
-11.773166 -13.962522 11.362074 29
-11.468094 -14.226716 9.5010891 40
-11.529125 -14.298069 10.160289 29
-11.694194 -14.505391 10.938882 78
-11.703671 -14.498086 11.615481 69
-11.158739 -14.545246 9.5719128 59
-11.190277 -14.544574 10.18376 47
-11.197437 -14.522786 10.791658 32
-11.230616 -14.50937 11.450447 29
-10.849991 -14.886237 9.6570282 22
-10.886947 -14.863407 10.254772 17
-10.917867 -14.844309 10.869566 20
-10.930167 -14.772692 11.486107 19
-10.518123 -15.180304 9.7203655 30
-10.58764 -15.179204 10.335087 36
-10.682315 -15.216524 10.989947 37
-10.736457 -15.168798 11.634414 43
-10.004494 -15.192554 9.6145611 39
-10.063137 -15.139456 10.182019 31
-10.192348 -15.201273 10.83945 30
-10.283575 -15.179514 11.486948 28
-9.5068254 -15.199709 9.511281 37
-9.5730286 -15.126886 10.053543 23
-9.7227774 -15.204572 10.711402 28
-9.8235054 -15.162177 11.32971 29
-9.0191221 -15.201806 9.4123278 36
-9.0974426 -15.118917 9.9376678 31
-9.2585945 -15.18493 10.575428 30
-9.3869877 -15.162165 11.194771 26
-8.5348635 -15.181767 9.3104763 31
-8.6398191 -15.118046 9.8356638 21
-8.7897663 -15.143072 10.432219 25
-8.9629631 -15.165439 11.069656 27
-8.0618391 -15.17218 9.2227583 33
-8.188201 -15.110267 9.7369118 24
-8.3330088 -15.097239 10.293396 21
-8.5386457 -15.155488 10.941101 25
-7.6150613 -15.186802 9.1589031 32
-7.7587099 -15.13001 9.6661682 25
-7.8999963 -15.070879 10.177948 20
-8.1243973 -15.142118 10.818123 37
-7.1664004 -15.164268 9.0774508 31
-7.3521581 -15.165591 9.6093903 29
-7.4850578 -15.063943 10.082052 24
-7.7296543 -15.147218 10.714572 24
-6.7283154 -15.149817 9.0105371 28
-6.9201632 -15.131333 9.5137568 32
-7.086237 -15.065452 9.9984989 17
-7.3344469 -15.131943 10.602735 28
-6.0047779 -14.36253 8.4935064 27
-6.50635 -15.121657 9.4431219 28
-6.6919551 -15.064369 9.9159737 22
-6.9219131 -15.063327 10.46196 25
-5.6102905 -14.352133 8.4442253 40
-5.8147044 -14.335493 8.896224 35
-6.0199623 -14.329768 9.3662777 28
-6.5276446 -15.01287 10.337365 23
-5.4763546 -15.12907 8.8591633 32
-5.5552444 -14.675755 9.0567694 8
-5.6628442 -14.343267 9.3120842 32
-5.8917575 -14.311142 9.7798767 31
-5.0706239 -15.112433 8.8175974 41
-5.3168135 -15.106835 9.2754774 40
-5.5468717 -15.060665 9.7157211 21
-5.5922408 -14.436831 9.7931471 10
-4.6696501 -15.09379 8.7814045 43
-4.9306293 -15.093665 9.225256 24
-5.1865563 -15.098298 9.6861629 38
-5.4389973 -15.013008 10.109497 33
-4.2817454 -15.094873 8.7591534 48
-4.5499511 -15.083026 9.1839046 43
-4.8181596 -15.081889 9.6227541 28
-5.087822 -15.013082 10.043134 34
-3.9024994 -15.108872 8.7509832 35
-4.1819968 -15.083423 9.1516094 39
-4.4588995 -15.083788 9.5783958 37
-4.7347803 -15.002303 9.9736643 27
-3.5198579 -15.087112 8.7275534 44
-3.8127167 -15.085056 9.1282539 34
-4.1007786 -15.073832 9.5309429 36
-4.3922977 -15.006764 9.9192429 31
-3.1426508 -15.090302 8.7232981 41
-3.4451582 -15.059648 9.0907888 35
-3.7457292 -15.071706 9.4955587 30
-4.0556631 -15.02713 9.881918 32
-2.7682254 -15.065586 8.7078419 37
-3.0840049 -15.062298 9.0784359 41
-3.3966238 -15.066866 9.459094 41
-3.7237506 -15.05373 9.8505764 32
-2.3981135 -15.066949 8.7145081 36
-2.7280438 -15.060268 9.0659447 34
-3.04689 -15.056058 9.4274912 26
-3.3924162 -15.067407 9.8140297 46
-2.0325143 -15.058502 8.7199688 46
-2.3712208 -15.053039 9.0574312 41
-2.7021363 -15.03937 9.3948774 44
-3.0554569 -15.055018 9.7674398 39
-1.6687951 -15.045053 8.7245197 46
-2.0203617 -15.043941 9.0509863 50
-2.3620682 -15.037567 9.3764687 37
-2.7243426 -15.052574 9.7309666 29
-1.3079572 -15.040547 8.7431173 45
-1.6697474 -15.02593 9.0423956 50
-2.0248952 -15.040002 9.3648863 36
-2.3936336 -15.031425 9.6861725 46
-0.9445805 -15.025729 8.7575235 57
-1.3219023 -15.027609 9.0478439 56
-1.6842114 -15.032049 9.34725 49
-2.0663106 -15.031796 9.6546955 46
-0.58615065 -15.022143 8.7862539 63
-0.97222281 -14.997179 9.0457916 58
-1.3479872 -15.018833 9.3365717 51
-1.7397144 -15.046971 9.6450176 41
-0.22652525 -15.013212 8.8175058 75
-0.62785006 -15.006838 9.0679474 79
-1.0111477 -15.000788 9.3287497 53
-1.4129754 -15.019218 9.6093283 41
0.097594701 -14.243773 8.4059849 79
-0.28279769 -15.003434 9.091177 82
-0.67829549 -15.004144 9.3354502 77
-1.0874012 -15.008979 9.5897379 52
0.43593866 -14.232815 8.4424925 55
0.033581302 -14.226731 8.6477308 79
-0.34455594 -14.99924 9.3400307 82
-0.7646606 -15.00251 9.5762148 57
0.84323645 -14.991095 8.9412775 87
0.35929543 -14.220053 8.6741838 78
-0.037250433 -14.237956 8.8795471 65
-0.44141698 -15.009149 9.5717182 59
1.202736 -14.97451 8.9897604 87
0.75377637 -15.013728 9.1930637 77
0.28340214 -14.263428 8.9141512 76
-0.13792793 -14.247138 9.0852079 26
1.5612354 -14.9608 9.0413332 89
1.1025581 -15.013347 9.2346621 73
0.65697831 -14.984805 9.3855247 90
0.17049147 -14.224104 9.0744829 77
1.9206866 -14.949031 9.1018982 81
1.4441574 -14.959355 9.2488604 92
0.99258876 -14.968989 9.4029284 87
0.48158959 -14.268834 9.1081667 8
2.2863531 -14.949199 9.1755037 70
1.7927786 -14.956147 9.297328 87
1.3291776 -14.964174 9.4303246 78
0.85560381 -14.970529 9.5632563 74
2.6496837 -14.936361 9.2459831 76
2.1431432 -14.938788 9.3447437 92
1.6635549 -14.940437 9.4516373 85
1.1844345 -14.962962 9.5746784 64
3.0161583 -14.925369 9.3215837 76
2.4925475 -14.922329 9.3962774 81
2.0076523 -14.951122 9.4993382 81
1.5133852 -14.963274 9.5931902 65
3.3895912 -14.916154 9.4081793 79
2.8516102 -14.934646 9.4698763 89
2.3481605 -14.935225 9.5346117 88
1.8450459 -14.950727 9.610445 64
3.764081 -14.909039 9.4996548 84
3.2088492 -14.913176 9.5301828 86
2.6906993 -14.922256 9.5749207 89
2.1777897 -14.94213 9.6297636 75
4.1349969 -14.878036 9.5820227 81
3.5693848 -14.904491 9.6026735 90
3.0395749 -14.923976 9.6304388 82
2.5125153 -14.933397 9.6561508 70
4.5193901 -14.868531 9.685626 73
3.9349678 -14.898627 9.6822157 88
3.3889084 -14.903725 9.6798143 89
2.8513525 -14.930529 9.690587 81
4.907835 -14.862899 9.7982569 88
4.3012881 -14.882797 9.7596779 94
3.7468402 -14.910186 9.7473793 93
3.1939209 -14.917591 9.7249603 73
5.2959018 -14.842313 9.9077816 87
4.6766748 -14.871662 9.8502073 92
4.1009917 -14.885845 9.8017273 86
3.5363297 -14.902694 9.7613153 75
5.6960526 -14.830359 10.031427 92
5.0582299 -14.8713 9.9518557 98
4.4644618 -14.875088 9.8732424 89
3.8893495 -14.90728 9.8138952 83
5.9242363 -14.422284 9.8888073 32
5.4371977 -14.840962 10.042325 93
4.8309255 -14.861194 9.9457626 92
4.2417097 -14.884928 9.8582973 85
6.1542482 -14.050991 9.7744303 90
5.8223085 -14.817419 10.140865 104
5.2086015 -14.857919 10.0334 98
4.5993123 -14.873386 9.9117928 85
6.544148 -14.02413 9.9029703 7
5.922668 -14.152799 9.8050337 57
5.5881233 -14.848594 10.121004 101
4.9682941 -14.879442 9.9834499 88
7.3232965 -14.709133 10.550796 61
6.2587118 -14.04083 9.8507881 87
5.9113588 -14.697263 10.117449 62
5.3346443 -14.85865 10.040922 95
7.764688 -14.707684 10.721724 58
7.0006752 -14.713029 10.461365 97
6.0188212 -14.077394 9.7939358 77
5.7163601 -14.855332 10.119573 97
8.2107525 -14.695359 10.892549 63
7.4209833 -14.705554 10.601117 87
6.3854771 -14.035643 9.8762436 37
5.8837118 -14.360719 9.8661041 39
8.6863832 -14.708817 11.098731 68
7.8594613 -14.705289 10.757048 93
7.1306782 -14.715861 10.474885 87
6.1296825 -14.066051 9.7532921 81
9.1833143 -14.737625 11.325096 70
8.3070021 -14.709752 10.923035 85
7.555274 -14.717133 10.606751 75
6.4892616 -14.016449 9.8115444 10
9.6754189 -14.732625 11.540219 53
8.7654018 -14.709886 11.097041 86
7.9682035 -14.689808 10.72138 87
7.2584314 -14.736033 10.418531 77
10.166234 -14.715686 11.751259 50
9.2605972 -14.74684 11.309446 67
8.4147377 -14.691391 10.872348 83
7.6675758 -14.713906 10.516185 80
10.687193 -14.707775 11.989504 58
9.735611 -14.73245 11.493451 76
8.8567791 -14.671129 11.012169 77
8.0992441 -14.715039 10.637099 76
11.102783 -14.551217 12.116348 57
10.238868 -14.73015 11.700688 62
9.3656893 -14.733645 11.225864 91
8.5354681 -14.696988 10.756972 81
11.201715 -14.007663 11.922379 64
10.741648 -14.707814 11.90584 74
9.8531246 -14.732878 11.406085 77
8.9920187 -14.694283 10.896043 69
11.708511 -13.951053 12.15133 52
11.104055 -14.492975 11.96314 53
10.338014 -14.709229 11.576149 55
9.4512472 -14.678522 11.032043 73
11.888911 -13.519766 12.061438 53
11.241338 -14.006269 11.7977 60
10.849246 -14.702741 11.771441 81
9.9770966 -14.735648 11.232804 73
11.867971 -12.900825 11.790602 40
11.746038 -13.959953 12.008015 84
11.109419 -14.369427 11.709966 51
10.486979 -14.746526 11.41076 71
11.869442 -12.328232 11.562618 52
11.86342 -13.471993 11.844092 53
11.327188 -13.984459 11.616131 80
10.983904 -14.717859 11.570448 89
11.850212 -11.765203 11.330597 54
11.844414 -12.856102 11.567541 59
11.819056 -13.922574 11.792245 94
11.09893 -14.19396 11.349714 52
11.644153 -11.056527 10.944109 44
11.853442 -12.301064 11.334125 60
11.868743 -13.364629 11.554103 51
11.496151 -14.026365 11.412745 74
11.638897 -10.558796 10.755188 52
11.639791 -11.555066 10.917586 54
11.849177 -12.755816 11.270246 47
11.889232 -13.842842 11.474404 82
11.626316 -10.07716 10.573027 58
11.634553 -11.042441 10.703259 61
11.656721 -12.003239 10.848419 58
11.668763 -12.996367 10.984739 51
11.011667 -9.1348028 9.8878412 48
11.630979 -10.551237 10.504647 57
11.658335 -11.48015 10.618769 55
11.67837 -12.434318 10.72402 69
11.06086 -8.758831 9.7876711 58
11.628042 -10.081032 10.321755 67
11.647687 -10.962163 10.395558 76
11.663088 -11.870464 10.461523 68
11.411976 -8.6111841 9.9475813 42
11.004515 -9.1359596 9.632309 64
11.782232 -10.594067 10.307384 67
11.779051 -11.45238 10.324087 60
11.78694 -8.4724436 10.129095 85
11.037247 -8.7469225 9.5096369 75
11.018406 -9.4958305 9.4905539 2
11.990613 -11.134236 10.27642 9
11.811327 -8.087389 10.027824 59
11.422649 -8.6238508 9.6783895 59
11.028087 -9.0735569 9.3283958 85
11.784774 -8.4756126 9.8299513 95
11.086107 -8.7056961 9.2162838 82
11.808401 -8.0926399 9.7165871 76
11.554605 -8.6392202 9.4339657 64
11.040774 -8.9587774 8.9427071 77
12.054193 -7.859827 9.7831945 2
11.823775 -8.4198484 9.4947624 95
11.210595 -8.6725512 8.9096251 65
11.849483 -8.0385332 9.3741379 70
11.748924 -8.6487951 9.1557512 90
11.829106 -8.2891665 9.0620966 91
11.959166 -7.969008 9.0118074 15
11.935489 -6.944943 9.0672855 2
11.879492 -7.5262184 8.8177538 12
11.98017 -6.6072011 8.9903097 2
11.852926 -7.1267066 8.6719713 75
11.843008 -6.1824698 8.7874861 12
11.845719 -6.754209 8.5461874 78
11.901446 -5.2972536 8.9891481 3
11.824626 -5.8292546 8.6792364 85
11.835237 -6.3856564 8.4248772 89
11.936137 -4.988996 8.9415255 2
11.816388 -5.4906316 8.585392 93
11.844341 -6.0338373 8.3271885 88
11.816727 -4.6260772 8.7933645 5
11.805534 -5.1575379 8.4969091 94
11.826025 -5.679069 8.217535 89
11.725122 -3.7148995 8.9893618 73
11.767525 -4.297914 8.697176 44
11.799506 -4.8280959 8.4176025 97
11.82802 -5.3384309 8.1268835 93
10.955138 -3.2105284 8.390233 55
11.769556 -3.996206 8.6429605 82
11.80012 -4.5115604 8.3454132 90
11.824084 -5.0021362 8.0386744 90
10.97048 -2.9482017 8.3696136 75
11.764047 -3.6956224 8.5889997 81
11.797338 -4.1979947 8.27738 92
11.829029 -4.6764269 7.9615979 81
10.962806 -2.6835458 8.336875 61
10.98526 -3.188355 8.0012207 99
11.789734 -3.8915489 8.2103701 90
11.827112 -4.3559027 7.883523 86
11.68515 -2.5766871 8.8354435 60
10.988467 -2.918437 7.965497 78
11.789105 -3.5858517 8.154398 113
11.821222 -4.0374417 7.8114448 86
11.735334 -2.3132176 8.8489723 79
11.038898 -2.6620314 7.9650693 61
11.013262 -3.0802515 7.5946388 84
11.808356 -3.7190568 7.7403278 91
11.70339 -2.0361395 8.8080368 59
11.746024 -2.5398257 8.4184685 84
11.008268 -2.8026457 7.5478334 88
11.024854 -3.1947153 7.1954312 86
11.745781 -2.2581096 8.3906727 82
11.289065 -2.5865932 7.6917257 6
11.030579 -2.9089494 7.1496334 97
11.731625 -1.9778521 8.3568354 90
11.778273 -2.4054103 7.9728022 89
11.202016 -2.6643891 7.2088737 36
11.734638 -1.7022042 8.3376637 92
11.762075 -2.1164567 7.9271493 101
11.798744 -2.5033813 7.5284948 97
11.726662 -1.4299352 8.3133125 87
11.75877 -1.8319905 7.8960261 90
11.79415 -2.2069016 7.4865794 97
11.832088 -0.71838403 8.8682232 3
11.723709 -1.1560404 8.2995367 88
11.75265 -1.549266 7.8681779 105
11.782729 -1.9103937 7.4456191 100
11.802416 -0.45519772 8.8513966 3
11.718826 -0.88518304 8.2877712 94
11.746511 -1.2665156 7.8443303 102
11.78239 -1.6185375 7.4147382 100
11.78867 -0.19149821 8.8506374 4
11.705987 -0.61554974 8.2729769 89
11.753365 -0.98534775 7.83355 107
11.776043 -1.3268225 7.3858314 104
11.78889 0.071653731 8.8619595 4
11.707019 -0.34341964 8.2742634 88
11.727331 -0.70607954 7.8056879 95
11.75071 -1.0345592 7.3509083 103
11.818783 0.33227438 8.8979931 2
11.697873 -0.076085828 8.2690449 86
11.735869 -0.42730722 7.8014331 96
11.755073 -0.74799359 7.3345423 93
11.808084 0.59411502 8.9091711 2
11.69313 0.18885028 8.2712297 92
11.732906 -0.15238109 7.7945604 98
11.749895 -0.46318617 7.3175964 102
11.833316 0.85503852 8.9455137 2
11.678355 0.45551047 8.2703581 91
11.716915 0.12418598 7.7836204 101
11.738609 -0.17452084 7.302599 99
11.753961 1.1098386 8.9134359 2
11.682448 0.7247656 8.2865553 88
11.708905 0.40002245 7.7827206 107
11.73237 0.11131865 7.2946415 98
11.76318 1.371346 8.9487047 2
11.672601 0.99262428 8.2967005 88
11.699798 0.67886454 7.7867975 110
11.731125 0.3963314 7.2937131 100
11.663702 1.2615466 8.3128433 91
11.69667 0.95789224 7.7959003 99
11.713773 0.68591386 7.2896843 101
11.645818 1.530226 8.3269482 80
11.687566 1.2357733 7.805984 94
11.721371 0.9752391 7.3017683 100
11.632498 2.1432312 8.9649019 46
11.604076 1.7952092 8.3279734 61
11.693291 1.518133 7.8311052 102
11.702073 1.2618101 7.3037515 100
11.583093 2.3950202 8.96698 60
11.63982 2.072531 8.3832598 70
11.677206 1.7948549 7.8441668 88
11.695674 1.5507835 7.3167768 91
11.561351 2.6557095 8.9981222 58
11.639708 2.3468168 8.4204073 75
11.670887 2.0789068 7.869225 81
11.691198 1.8418462 7.3357978 88
10.815121 2.7403116 8.4902325 63
11.657338 2.6286697 8.4745855 64
11.662563 2.3629205 7.8962755 82
11.697492 2.1402645 7.3668194 68
10.817513 2.9927483 8.5415382 67
10.88876 2.7238114 7.9825373 49
11.648154 2.6497996 7.9262815 73
11.690824 2.4373357 7.3948045 63
10.804883 3.2457829 8.5878153 66
10.851129 2.9800479 8.0027122 68
10.883142 2.754288 7.4672923 59
11.432057 2.6790092 7.2731581 15
11.506433 3.7227421 9.1828423 44
10.825361 3.2386897 8.0359697 75
10.876925 3.0294869 7.5085292 65
10.878059 2.8380237 6.9747138 52
9.890584 3.458921 8.0073824 4
10.691696 3.4673038 7.9947934 4
10.815264 3.2902687 7.516449 22
10.85879 3.1189792 7.0057206 51
9.7468872 3.6499655 7.9565234 3
9.9122124 3.476089 7.4954453 1
10.504945 3.4733326 7.3621392 3
11.61931 3.6378946 7.5230827 45
9.7410603 3.890451 8.0172596 2
9.7717123 3.6816552 7.4536967 1
9.8329 3.5209465 6.9669766 1
9.7177734 4.1273046 8.0656109 3
9.8131962 3.777669 7.0112438 1
9.7646341 4.0286465 7.0415363 1
9.8530579 3.9289515 6.5915875 1
9.7896185 4.4685664 7.6669593 1
9.7780218 4.3076367 7.1179433 1
9.8218403 4.1995616 6.6348124 2
9.7598267 4.7242446 7.7212548 1
9.7687216 4.5819182 7.1833229 1
9.7955427 4.4753299 6.6862416 2
9.7670708 5.0021906 7.8079515 2
9.748415 4.8556724 7.2458014 1
9.791729 4.7665911 6.7555842 2
9.749794 5.2731485 7.8812838 2
9.7683811 5.1539884 7.341608 2
9.7641516 5.0544257 6.8181839 1
11.321269 6.5929217 9.9072599 70
9.7846365 5.3728652 6.9194646 2
11.249481 6.8753967 9.961503 79
11.552268 6.6665773 8.2080698 77
11.230842 7.1967144 10.070335 77
11.513782 7.0222955 8.2976522 51
11.217819 7.5292797 10.191176 68
11.484857 7.3935132 8.3990564 21
11.210526 7.8722906 10.320806 66
11.470549 7.9195914 9.8076096 60
11.613649 7.8764782 8.622467 2
11.220531 8.2366285 10.47258 58
11.326025 8.2011003 9.8323698 93
11.457744 8.2218218 9.277915 95
11.471822 8.195323 8.6641855 89
11.311846 8.6719999 10.708467 79
11.235892 8.525816 9.9120455 89
11.455364 8.6292744 9.4303207 96
11.48777 8.6351366 8.8294048 78
10.925422 8.7577505 10.514222 41
10.981942 8.7298412 9.8556271 59
11.001177 8.7062216 9.2298737 65
11.000673 8.7072678 8.6288786 57
10.586997 8.8730993 10.371098 62
10.612645 8.8403673 9.7034302 85
10.666395 8.8650122 9.1295271 82
10.662387 8.8811026 8.5424309 84
10.558043 9.2314405 10.513828 56
10.596708 9.2322092 9.8650084 86
10.644185 9.2706537 9.2859497 85
10.641756 9.3057785 8.700695 71
10.445051 9.52913 10.586456 4
11.282603 10.246319 10.666664 90
11.194986 10.192323 9.9397478 84
11.600793 10.60394 9.6480246 3
11.317139 10.733637 10.90312 71
11.171561 10.646842 10.124028 77
11.418234 10.959682 9.7211542 56
11.302809 11.205002 11.115188 91
11.150563 11.124887 10.327359 72
11.210556 11.294875 9.7765446 74
11.246699 11.648185 11.295544 11
11.268181 11.771749 10.680301 69
11.149653 11.789037 9.9739666 70
10.173991 11.059933 10.501425 3
11.285092 12.342765 10.958922 73
11.130951 12.350595 10.223207 68
10.452617 12.008199 10.445021 3
11.254199 13.0892 10.613416 51
11.263556 13.742084 10.928912 54
9.2612877 11.374144 10.884553 8
11.236819 14.391524 11.233662 26
9.1527634 11.730321 11.020759 35
0.71561295 1.530109 1.4479736 12
0.61956817 1.5038576 1.1707623 2
0.66566056 1.5316617 1.425822 27
0.66795099 1.5683783 1.3676065 49
0.53845036 1.4258801 1.1701636 59
0.50695032 1.4205705 1.0920376 63
0.63008851 1.5518094 1.4218748 65
0.52762926 1.445021 1.2440836 71
0.49335179 1.4325829 1.1580467 60
0.46555695 1.4353426 1.086596 58
0.60032141 1.579049 1.4234568 65
0.4835743 1.4477868 1.2276585 62
0.45878807 1.4527025 1.1564736 54
0.43379912 1.4627531 1.092308 50
0.57151246 1.6085069 1.4271104 20
0.46151105 1.4854693 1.2403313 47
0.44524199 1.5066915 1.1821187 78
0.43641436 1.547204 1.1378244 70
0.46238104 1.560816 1.2838782 18
0.44593576 1.5882797 1.2278982 31
0.46740016 1.6888056 1.2243865 42
10.272379 18.512842 14.583137 12
9.654664 17.663052 14.627978 13
9.8420954 18.71567 14.559271 14
10.02648 19.845909 14.520725 13
10.160381 21.048264 14.472353 20
9.2726307 17.867098 14.609342 18
9.5956659 20.146133 14.582856 14
9.5545616 21.084949 14.355468 11
8.8924074 18.058035 14.581808 15
9.1220598 20.340675 14.571563 11
9.0000229 21.207687 14.313925 15
8.5663319 19.301798 14.515989 11
8.6035862 20.432795 14.503505 15
8.3702631 21.134829 14.148988 22
8.1432076 19.49785 14.517262 17
8.1391039 20.645151 14.521996 16
7.792181 21.155514 14.056144 18
7.768333 18.661301 14.56477 13
7.7269483 19.715666 14.537481 16
7.6390924 20.789532 14.505899 16
7.2103333 21.147932 13.958084 18
7.3772283 18.847923 14.562712 17
7.2850671 19.878389 14.526332 17
7.1473846 20.930017 14.491147 15
6.6267824 21.104725 13.844536 23
6.8345799 20.023849 14.51059 5
6.6531363 21.064342 14.482325 17
6.0684958 21.098881 13.766277 20
6.5830684 19.176889 14.531063 15
6.3942032 20.188066 14.515338 19
6.1439128 21.144403 14.445441 16
5.5107737 21.075445 13.686251 15
6.1979942 19.389833 14.561193 18
5.9601612 20.370981 14.53277 18
5.6113973 21.14031 14.358105 15
4.9696307 21.063921 13.621073 11
5.7885475 19.538179 14.547604 18
5.5024753 20.48296 14.51033 14
5.0580564 21.020815 14.198802 19
4.443017 21.086285 13.587341 10
5.2670074 19.291941 14.247541 9
5.0618382 20.648027 14.534089 19
4.5700016 21.105677 14.187243 26
3.9156525 21.079758 13.543224 12
4.9858608 19.879196 14.571001 20
4.5955658 20.720051 14.498852 18
4.0513148 21.069767 14.105989 15
3.3959215 21.087572 13.517586 8
4.5651464 19.996 14.547848 14
4.1537943 20.90082 14.543132 15
3.550348 21.076416 14.059001 15
2.8732357 21.060453 13.480698 6
4.1517 20.14868 14.559922 18
3.6854081 20.978588 14.527675 17
3.0472312 21.040682 13.99235 16
2.3592367 21.055599 13.468072 8
3.7339027 20.297371 14.579854 15
3.2153609 21.032717 14.504965 15
2.5444942 21.010841 13.943 14
1.845661 21.005497 13.430792 7
3.2970066 20.367487 14.547943 17
2.747571 21.086357 14.486774 20
2.055253 21.006954 13.91486 18
1.3456481 21.034849 13.453207 8
2.8727505 20.497614 14.560166 19
2.2630703 21.021101 14.394967 14
1.5746058 21.011311 13.897657 20
0.84219718 20.97533 13.428479 12
2.4412091 20.590069 14.553793 9
1.7950985 21.01351 14.344954 14
1.0860647 20.981268 13.869668 25
0.34302115 20.941416 13.427249 12
2.0076573 20.687895 14.558065 14
1.3227906 20.995897 14.300778 20
0.60499692 20.981834 13.865299 16
-0.15672198 20.922716 13.442878 14
1.5718672 20.789845 14.570272 20
0.83279008 20.619448 14.018644 46
0.12440504 20.942358 13.843159 19
-0.65140551 20.914415 13.474369 16
1.1256588 20.847952 14.557254 19
0.38990971 20.999666 14.257406 20
-0.35978666 20.968208 13.874782 18
-1.1482581 20.922911 13.525095 24
0.67809176 20.897953 14.547339 17
-0.075465918 20.970703 14.223146 18
-0.83799207 20.93 13.869609 20
-1.6406161 20.885511 13.553899 25
0.23495027 20.952841 14.549493 19
-0.53959763 20.984144 14.231514 15
-1.3126664 20.922318 13.892108 19
-2.1367667 20.887627 13.621291 24
-0.20964505 20.996962 14.547655 14
-0.99781209 20.918253 14.187741 13
-1.7870866 20.927637 13.929793 18
-2.6165595 20.760525 13.604716 48
-0.66298294 20.990099 14.518665 15
-1.4603678 20.934931 14.208063 16
-2.2689295 20.912819 13.964302 18
-3.1261001 20.868643 13.753464 17
-1.1153469 21.037638 14.530234 9
-1.9282514 20.92387 14.216095 19
-2.7476397 20.889563 13.99945 19
-3.6309972 20.880054 13.850351 23
-1.5660096 20.988605 14.484643 14
-2.3888803 20.868855 14.202447 17
-3.232167 20.895494 14.059236 19
-4.1336861 20.849707 13.929184 20
-2.021594 20.971886 14.469612 25
-2.8696499 20.95619 14.293633 18
-3.7148659 20.834352 14.089309 19
-4.6366172 20.826408 14.014933 19
-2.4235423 20.373919 14.062301 18
-3.3397491 20.949408 14.327437 14
-4.2236934 20.951368 14.243182 20
-5.1651769 20.891954 14.177023 26
-2.9200275 20.802254 14.363323 17
-3.8025863 20.848515 14.306522 15
-4.6873202 20.794262 14.218749 15
-5.5776944 20.477819 14.016008 22
-3.368685 20.755932 14.346577 21
-4.2514157 20.706486 14.260275 19
-5.1431475 20.614874 14.19021 14
-6.0818315 20.443245 14.126086 13
-3.8128557 20.635283 14.289845 14
-4.6977978 20.558115 14.219279 17
-5.5753875 20.356857 14.110497 11
-6.5187149 20.170362 14.075332 23
-4.2536659 20.522333 14.243103 19
-5.1491871 20.424028 14.197646 18
-6.0205607 20.174921 14.091205 16
-6.9668512 19.945414 14.070311 10
-4.7037292 20.452351 14.229092 18
-5.5776844 20.221336 14.132348 11
-6.4699168 19.991188 14.082405 18
-7.3896179 19.662287 14.029906 17
-5.1433716 20.308552 14.178078 18
-6.0230374 20.062096 14.108164 17
-6.9073992 19.799013 14.070882 12
-7.7936821 19.344614 13.972399 21
-5.5802188 20.18169 14.142726 8
-6.4580641 19.89982 14.084189 17
-7.3174701 19.526283 14.007264 14
-8.2038975 19.072136 13.947676 18
-6.0257034 20.075369 14.127951 18
-6.8814068 19.706131 14.043426 12
-7.7306209 19.286823 13.972884 17
-8.6006174 18.779011 13.911763 9
-6.4592381 19.931307 14.092093 24
-7.3064146 19.512005 14.01356 18
-8.1416368 19.061138 13.952334 18
-8.9821625 18.477049 13.874949 17
-6.8865008 19.780207 14.055173 13
-7.7150784 19.29833 13.969113 16
-8.5309696 18.7859 13.905293 9
-9.1558971 17.747267 13.52544 11
-7.3091979 19.607071 14.01313 20
-8.1266956 19.08857 13.938339 16
-8.9237747 18.518654 13.869991 17
-9.5092106 17.434109 13.488655 6
-7.7260532 19.411276 13.964439 14
-8.5138235 18.83947 13.885051 9
-9.0923367 17.816183 13.512447 9
-10.098699 17.570284 13.807353 11
-8.1386757 19.226353 13.928588 19
-8.9224281 18.626883 13.869542 15
-9.6990891 18.016771 13.84258 7
-10.476859 17.292608 13.818279 15
-8.5678244 19.067289 13.916555 8
-9.111167 17.961712 13.517547 9
-10.077281 17.741909 13.823438 11
-10.818651 16.964603 13.791608 12
-8.764926 18.382704 13.531637 5
-9.7097092 18.154295 13.81367 16
-10.441168 17.456367 13.798418 16
-11.142913 16.617971 13.754121 13
-9.3800678 18.63595 13.838328 23
-10.097219 17.906054 13.791099 8
-10.810032 17.182648 13.786062 14
-11.484756 16.303989 13.753108 15
-9.7959824 18.443096 13.825317 13
-10.488406 17.671968 13.782651 15
-11.134295 16.842941 13.729534 13
-11.802031 15.964776 13.729563 14
-10.181096 18.173595 13.764982 16
-10.874142 17.42169 13.769026 9
-11.503448 16.57016 13.73595 14
-11.565237 14.879852 13.063648 5
-10.597692 17.977482 13.764419 17
-11.235996 17.135168 13.73635 14
-11.878452 16.317646 13.765118 8
-11.734521 14.401659 12.915931 39
-10.967312 17.694252 13.708158 6
-11.600295 16.862885 13.717946 16
-12.359223 14.503248 13.292949 38
-11.366728 17.468117 13.699248 17
-12.257395 13.718384 12.866218 36
-11.773557 17.250015 13.704782 13
-12.062963 15.951318 13.397034 8
-12.003736 14.309671 12.779087 42
-12.221346 13.059378 12.541581 33
-11.650561 14.675508 12.539766 22
-12.221107 13.919556 12.692536 36
-12.218097 12.468611 12.274008 54
-12.351028 16.467695 13.461858 10
-11.870028 14.285153 12.426965 54
-12.206939 13.279978 12.373353 46
-12.397631 12.090845 12.213506 77
-11.63572 14.76362 12.26044 28
-12.230825 14.079029 12.482038 40
-12.321606 12.818672 12.213047 87
-12.36968 11.528482 11.959421 54
-11.808852 14.31342 12.084661 48
-12.287342 13.51581 12.222162 60
-12.372472 12.298883 11.998894 68
-12.336742 10.982607 11.710753 61
-12.247639 14.197843 12.194306 73
-12.396427 13.034691 12.033433 41
-12.338626 11.720809 11.717379 63
-12.318924 10.47255 11.496768 55
-12.411745 13.752467 12.027118 59
-12.364519 12.420363 11.720121 56
-12.322049 11.186523 11.471529 50
-12.29255 9.979743 11.28672 56
-12.382871 13.104885 11.685986 49
-12.352619 11.858617 11.446133 58
-12.298258 10.664314 11.232368 53
-11.40454 8.8097286 10.282306 31
-12.370957 12.509988 11.382199 48
-12.313106 11.296755 11.166559 57
-12.276729 10.170412 11.013303 60
-11.403523 8.4048796 10.133589 60
-12.337131 11.920195 11.077829 54
-12.297254 10.778334 10.925372 66
-11.364178 8.9593248 9.9900064 6
-11.669147 8.2118721 10.240118 48
-12.314052 11.365963 10.801854 58
-12.274771 10.277975 10.692388 68
-11.3872 8.5720139 9.853446 76
-12.1236 8.1481504 10.521523 71
-12.264467 10.81251 10.522292 57
-12.243138 9.7903833 10.466392 62
-11.465205 8.2385111 9.7710714 70
-12.181262 7.7991996 10.449367 57
-12.250642 10.316365 10.291354 66
-11.376618 8.6564989 9.5281115 79
-11.975205 8.2234221 10.077924 60
-12.172838 7.4186106 10.324755 63
-12.233197 9.8354044 10.070382 50
-11.397185 8.2760477 9.3863201 82
-12.177019 7.9734588 10.11649 87
-12.153718 7.0432367 10.201021 62
-11.368779 8.6935072 9.1519642 57
-11.824433 8.2024088 9.5977259 53
-12.162463 7.5828404 9.9737778 82
-12.143054 6.681735 10.093133 67
-11.364747 8.2894526 8.9823093 64
-11.944501 7.8969674 9.5519371 71
-12.090106 7.1694465 9.7925215 77
-12.134767 6.3342299 9.9952002 79
-11.793845 8.2146444 9.1737719 81
-11.958573 7.5287266 9.4270239 74
-11.94878 6.7275071 9.5627546 75
-12.120669 5.9938874 9.8992538 69
-11.935205 7.9196973 9.1338425 56
-11.944451 7.1519976 9.2862902 71
-11.92638 6.3720064 9.4419336 79
-11.947371 5.5804863 9.6764641 78
-11.911741 7.5207477 8.9712868 73
-11.923765 6.7802649 9.1514301 79
-11.905433 6.0265341 9.3287926 74
-11.87324 5.2323699 9.5444574 71
-11.935462 7.1643319 8.8527451 66
-11.905381 6.4218626 9.023098 76
-11.882734 5.6886148 9.2232523 79
-11.861526 4.9236035 9.4705944 70
-12.093286 6.8961949 8.8496408 71
-11.90495 6.0861254 8.9222383 75
-11.873992 5.3687687 9.1363125 78
-11.844058 4.6178656 9.4028473 68
-12.190832 6.5941396 8.8036442 36
-11.985821 5.7955856 8.888257 75
-11.871785 5.0582604 9.0600977 69
-11.83735 4.3235912 9.3455572 58
-12.245301 6.2713542 8.732193 5
-12.125327 5.5373225 8.9049969 69
-11.860776 4.74792 8.9847269 73
-11.825413 4.0318375 9.288743 66
-12.146726 5.2243829 8.8364468 42
-11.892677 4.4632969 8.9471083 73
-11.812703 3.7478693 9.2396631 65
-12.192742 4.9250116 8.7929926 7
-11.945529 4.1898885 8.9314623 68
-11.805268 3.4678197 9.1993637 62
-12.036903 3.9296391 8.9496584 63
-11.796997 3.1937697 9.1611061 59
-12.102079 3.6639748 8.9540024 60
-11.199713 2.7708259 8.6543674 56
-12.067288 3.3693414 8.885828 73
-11.187134 2.5168822 8.6258612 55
-11.18264 2.8514271 8.1769075 26
-11.15549 2.2633486 8.5854807 53
-12.046161 3.3738759 8.3848629 63
-11.163789 2.5905359 8.1315165 67
-11.767583 2.1355743 9.0634041 52
-11.151414 2.8483598 7.7000537 28
-11.160296 2.3382916 8.1050005 64
-11.791318 1.8827499 9.0747595 53
-12.009584 3.31738 7.8663354 68
-11.152896 2.5886364 7.6655531 71
-11.338675 2.1240211 8.2193251 3
-11.79517 1.6303202 9.0739841 53
-11.132338 2.7935987 7.2261124 50
-11.140365 2.3286173 7.6256809 69
-12.021033 1.9895754 8.7164459 73
-11.78615 1.3786139 9.0669279 48
-11.134873 2.5306039 7.1880035 71
-11.935006 2.2280753 8.1628733 29
-12.00666 1.7232468 8.6914196 51
-11.789255 1.1278703 9.0748625 50
-11.121152 2.2657435 7.1442566 72
-11.989651 1.9667456 8.1788225 68
-11.783178 0.88001794 9.0780659 41
-11.957438 2.16366 7.672637 62
-11.983818 1.6957253 8.1552076 64
-11.78324 0.63313717 9.0882082 48
-11.982727 1.8900465 7.6627402 65
-11.759398 0.38588065 9.0862598 47
-11.946674 1.6078056 7.6150193 55
-11.748337 0.14118601 9.0975208 40
-11.931579 1.3329476 7.5875974 9
-11.76245 -0.10195585 9.1338053 39
-11.91255 1.057279 7.5642304 26
-12.057585 0.16536418 8.7417126 4
-11.728434 -0.34510103 9.1342573 46
-11.908781 0.78628391 7.5536475 26
-11.714834 -0.58727902 9.1566048 43
-11.911285 0.5145756 7.553268 25
-11.70883 -0.82893932 9.1880922 51
-11.910511 0.24454141 7.5557418 43
-11.696804 -1.0725478 9.2205486 56
-11.885554 -0.025047055 7.5454955 31
-11.693588 -1.3154731 9.2602015 65
-11.872056 -0.29517141 7.5510559 21
-12.062926 -1.129584 8.8830338 11
-11.681808 -1.5595279 9.3022013 70
-11.866431 -0.56623596 7.5633726 23
-12.135841 -1.3989527 8.9777632 4
-11.680139 -1.8061929 9.3541431 62
-11.86908 -0.83697557 7.5853395 16
-12.107028 -1.6576264 8.9997578 6
-11.685798 -2.0525744 9.4129934 70
-11.898632 -1.1132817 7.6303616 29
-12.064723 -1.9174944 9.0151453 15
-11.724968 -2.3090413 9.507019 60
-11.856973 -1.3822409 7.6328712 13
-12.017472 -2.1732109 9.0316696 36
-11.720134 -2.5605245 9.5682735 66
-11.845477 -1.6547117 7.6601906 6
-11.966505 -2.4286771 9.0489635 56
-11.670599 -2.8009923 9.5944834 71
-11.854121 -1.9324985 7.7041988 3
-11.901467 -2.6799207 9.0592947 87
-11.663804 -3.0523922 9.6626301 72
-11.93329 -2.5772889 8.4464712 79
-11.877123 -2.9440069 9.1098919 86
-11.143394 -3.1553643 9.2896967 55
-11.904716 -2.8483298 8.4871292 79
-11.700223 -3.1659396 9.0379848 35
-11.121703 -3.3974514 9.3521166 69
-11.880501 -2.7882791 7.8787355 80
-11.886032 -3.1255119 8.5408154 81
-11.083825 -3.2486134 8.6177731 74
-11.10245 -3.6412902 9.4193211 64
-11.888893 -3.0797119 7.9485011 89
-11.125463 -3.1838171 8.0437717 57
-11.074361 -3.503767 8.6878872 83
-11.861662 -4.1739621 10.188029 65
-11.185547 -3.1664364 7.5232797 29
-11.055391 -3.4289858 8.0634375 80
-11.031399 -3.7504575 8.7354317 61
-11.884094 -4.457901 10.309508 78
-11.036383 -3.3999729 7.4903698 88
-11.047769 -3.6985404 8.1351337 80
-11.684319 -4.2645283 9.3684673 72
-11.895124 -4.7427397 10.427337 77
-11.026488 -3.6745713 7.5562253 85
-11.887221 -4.2897849 8.8707781 66
-11.675252 -4.5490017 9.4613857 77
-11.883172 -5.0230966 10.528249 63
-11.870422 -4.2781973 8.24893 67
-12.014009 -4.6429577 9.0675659 13
-11.675208 -4.8403206 9.5685225 76
-11.879287 -5.3120818 10.646514 67
-11.923184 -4.9173002 9.1039381 59
-11.674157 -5.1385932 9.6814423 79
-11.874391 -5.6062965 10.770265 67
-11.834324 -5.1938748 9.1449833 71
-11.66016 -5.4336734 9.7892408 79
-11.876337 -5.908628 10.904028 63
-11.759358 -5.4777083 9.2020044 73
-11.725295 -5.7783093 9.9749537 78
-11.861325 -6.2075825 11.028853 59
-11.662552 -5.7530513 9.2480803 74
-11.82492 -6.1506014 10.198664 82
-11.881848 -6.5331898 11.196666 54
-11.63903 -6.0698662 9.3610506 74
-11.857935 -6.4974952 10.372541 70
-11.883389 -6.8553977 11.350549 58
-11.632165 -6.4039845 9.4960518 73
-11.862037 -6.8367653 10.529528 79
-11.882706 -7.1874957 11.51652 52
-11.930917 -6.664856 9.1261568 37
-11.599364 -6.732523 9.6191559 78
-11.848129 -7.1746254 10.679596 70
-11.883837 -7.5285897 11.691536 47
-11.80654 -6.9634566 9.1835203 59
-11.599998 -7.0906911 9.7802734 76
-11.85078 -7.5347629 10.854717 63
-11.871967 -7.8683896 11.860606 50
-11.660396 -7.2505736 9.228919 61
-11.675527 -7.5073228 10.01738 68
-11.844345 -7.8986526 11.032902 64
-11.889514 -8.2387114 12.068713 47
-11.583734 -7.5852795 9.3375387 60
-11.819036 -7.9914889 10.333844 68
-11.855674 -8.286171 11.239438 59
-11.889956 -8.6121712 12.275219 51
-11.576134 -7.9785099 9.5139618 61
-11.823162 -8.3930216 10.534253 66
-11.848014 -8.6715593 11.437795 52
-11.906225 -9.0040112 12.503495 60
-11.573087 -8.3888807 9.7083759 59
-11.832149 -8.8134613 10.750607 63
-11.845639 -9.0745983 11.651038 78
-11.434649 -9.011899 12.206577 35
-11.615653 -8.8487329 9.9556808 60
-11.701526 -9.1337709 10.846909 54
-11.332487 -9.0634661 11.346209 47
-11.082607 -9.1011124 12.033579 48
-11.321347 -9.0506611 9.9140663 59
-11.152751 -9.1066923 10.543187 56
-11.035064 -9.2224808 11.268435 45
-11.072777 -9.4857378 12.257878 40
-10.971841 -9.1994543 9.8247051 58
-10.998219 -9.4025145 10.625849 59
-11.027205 -9.634201 11.503148 53
-10.418485 -9.283083 11.737476 50
-10.975609 -9.6571836 10.070991 64
-11.843475 -10.643596 11.751689 43
-11.865739 -10.868876 12.692965 52
-11.685878 -10.915713 13.509146 28
-11.816155 -10.951064 11.162727 50
-11.841161 -11.145645 12.038765 46
-11.758163 -11.255647 12.868753 51
-11.888207 -11.587057 14.051041 30
-11.813143 -11.486346 11.460682 39
-11.841537 -11.671862 12.348591 33
-11.66213 -11.65905 13.064318 39
-11.760152 -11.944886 14.203488 16
-11.820496 -12.056641 11.789729 42
-11.860968 -12.244321 12.701592 55
-11.668431 -12.195247 13.404176 20
-11.466452 -12.130598 14.158212 7
-11.830449 -12.669017 12.153711 37
-11.722391 -12.669056 12.899378 49
-11.87503 -12.984651 14.013666 18
-11.819567 -13.290125 12.524641 24
-11.629412 -13.172423 13.174857 20
-11.763305 -13.448524 14.259858 15
-11.146976 -12.820295 14.448256 10
-11.791262 -13.922135 12.899634 51
-11.685741 -13.874758 13.647461 20
-11.405762 -13.620382 14.208111 6
-10.900924 -13.068566 14.486281 13
-11.639688 -14.431619 13.16477 30
-11.797897 -14.691434 14.223562 18
-10.664464 -13.333228 14.54693 18
-11.139424 -14.492673 13.024488 32
-11.189061 -14.587594 13.914861 15
-10.449052 -13.629895 14.645735 10
-11.017098 -15.070594 13.356002 35
-11.02192 -15.072011 14.169521 18
-10.677796 -14.585943 14.539307 13
-10.114557 -13.765206 14.575159 13
-10.493114 -15.079466 13.190007 24
-10.547931 -15.127572 14.034988 28
-10.300015 -14.726541 14.478807 7
-9.8488617 -14.001083 14.61867 17
-9.9878159 -15.092427 13.043636 26
-10.044319 -15.1162 13.849087 21
-9.835516 -14.728254 14.294348 11
-9.5711784 -14.226993 14.658837 12
-9.4977903 -15.120535 12.924912 27
-9.5186672 -15.045253 13.627061 20
-9.5323486 -14.973083 14.356927 16
-9.2660942 -14.404178 14.648906 6
-9.0126705 -15.122021 12.790375 24
-9.0460033 -15.032611 13.464839 20
-9.1554155 -15.088181 14.299794 17
-8.9902468 -14.632227 14.698474 16
-8.5387859 -15.114226 12.660697 21
-8.580431 -15.008339 13.301912 18
-8.7175255 -15.07779 14.130717 19
-8.6193867 -14.689425 14.581927 10
-8.0704956 -15.102934 12.539909 25
-8.1485662 -15.019965 13.1841 19
-8.2873173 -15.069034 13.975332 18
-8.2201757 -14.681362 14.411479 12
-7.6244469 -15.099431 12.435698 24
-7.7278457 -15.044075 13.0879 25
-7.8448501 -15.012792 13.786182 17
-7.9433832 -14.904235 14.469559 15
-7.1884661 -15.104951 12.348316 22
-7.3174438 -15.067212 12.999544 28
-7.4206343 -14.976929 13.626594 17
-7.6171484 -15.028824 14.441098 18
-6.7467804 -15.094502 12.25256 22
-6.8973303 -15.070523 12.896738 20
-7.0175619 -14.975767 13.502834 20
-7.2412744 -15.056627 14.321284 20
-6.0176072 -14.301599 11.542765 22
-6.1716886 -14.264723 12.122559 15
-6.6226497 -14.954551 13.376082 20
-6.8535838 -15.023602 14.158502 20
-5.658689 -14.381809 11.548137 10
-5.7968278 -14.271226 12.051888 18
-5.9767432 -14.268087 12.664077 21
-6.1771216 -14.254217 13.317107 18
-5.5033841 -15.076952 12.050037 25
-5.6826406 -15.010138 12.600855 18
-5.7066603 -14.513238 12.791194 7
-5.8323865 -14.249028 13.198666 27
-5.1050596 -15.070205 11.996429 23
-5.306778 -15.02808 12.548027 20
-5.5245862 -15.02898 13.155025 38
-5.7308664 -14.92286 13.710449 15
-4.7053623 -15.053272 11.942939 30
-4.9313784 -15.036685 12.496791 19
-5.1573277 -15.026973 13.075662 18
-5.3899732 -14.945565 13.628082 24
-4.3158927 -15.03877 11.901022 31
-4.5512648 -15.022596 12.434249 16
-4.7925401 -15.013432 12.991503 24
-5.0347843 -14.925972 13.517156 17
-3.9306307 -15.030706 11.873944 25
-4.1856127 -15.030834 12.401144 21
-4.4343939 -15.012374 12.927461 18
-4.6873856 -14.907661 13.412826 21
-3.5540767 -15.031231 11.857814 31
-3.8186398 -15.023793 12.356693 17
-4.0852408 -15.018286 12.87257 26
-4.3631911 -14.948413 13.363584 22
-3.1835864 -15.024823 11.843272 23
-3.459125 -15.014887 12.317957 24
-3.7365811 -15.011874 12.813673 16
-4.0276084 -14.940381 13.27693 19
-2.8117621 -15.016332 11.836073 32
-3.1004033 -14.99592 12.27864 26
-3.3955653 -15.021681 12.777111 15
-3.7031336 -14.965691 13.228345 26
-2.4453037 -15.008422 11.833463 29
-2.7478592 -14.987487 12.256927 37
-3.0489461 -14.990345 12.70954 23
-3.3743064 -14.972683 13.169477 33
-2.0821311 -15.000137 11.839664 32
-2.3945251 -14.982549 12.241146 24
-2.7106111 -14.983743 12.669843 17
-3.0498784 -14.979646 13.116184 26
-1.7204942 -14.987862 11.848319 31
-2.0449917 -14.96087 12.219527 36
-2.3706701 -14.973607 12.633052 21
-2.7217882 -14.969922 13.051401 23
-1.3607099 -14.980724 11.869825 36
-1.6988032 -14.96707 12.228175 31
-2.0358474 -14.959135 12.599748 23
-2.3994617 -14.971662 13.004309 24
-1.00205 -14.967162 11.890821 41
-1.3542807 -14.942054 12.217032 44
-1.7034104 -14.969579 12.593572 22
-2.0773392 -14.962816 12.953793 22
-0.64383298 -14.954884 11.92348 43
-1.0106183 -14.945223 12.232748 32
-1.371182 -14.94745 12.563939 26
-1.7555069 -14.964084 12.917169 23
-0.29926497 -14.248254 11.404687 3
-0.66757709 -14.947613 12.257151 31
-1.0409861 -14.951191 12.561439 25
-1.4345855 -14.948267 12.869578 31
0.035242945 -14.184797 11.404871 37
-0.32723072 -14.918024 12.26054 40
-0.71182579 -14.936665 12.55109 18
-1.1182895 -14.940205 12.836203 24
0.37233162 -14.183813 11.462731 7
-0.015213253 -14.171286 11.679837 40
-0.3829096 -14.950442 12.569759 22
-0.80142415 -14.945503 12.817759 30
0.77140635 -14.916059 12.120142 36
0.31137386 -14.186646 11.731718 10
-0.075988792 -14.174168 11.930802 22
-0.4827311 -14.946343 12.804486 24
1.1299073 -14.919483 12.199993 26
0.69259876 -14.904439 12.369823 23
0.23587532 -14.167266 11.942244 16
-0.18090674 -14.177531 12.138345 21
1.4854585 -14.911079 12.274657 24
1.0375562 -14.909403 12.428514 24
0.60379738 -14.917315 12.597453 17
0.12172211 -14.157138 12.113584 31
1.8425244 -14.885749 12.345132 28
1.3799953 -14.899668 12.479906 17
0.93544763 -14.904 12.617807 23
0.47425538 -14.911557 12.757841 24
2.2052557 -14.880451 12.435558 36
1.7259586 -14.893913 12.540387 18
1.2700553 -14.913579 12.6609 17
0.79639226 -14.911903 12.761692 25
2.5659482 -14.870594 12.532789 28
2.0747707 -14.88539 12.605727 19
1.6013885 -14.89193 12.685455 22
1.1205323 -14.92256 12.784258 22
2.9259 -14.84606 12.624149 23
2.4200583 -14.867537 12.669911 21
1.9361324 -14.887395 12.726767 23
1.4445328 -14.923347 12.800683 31
3.2974346 -14.846861 12.746997 37
2.7716067 -14.861757 12.752938 30
2.2747102 -14.876155 12.774695 17
1.7690611 -14.901733 12.803478 16
3.6677465 -14.836436 12.868018 38
3.1239316 -14.844362 12.832516 19
2.6133888 -14.868263 12.828265 21
2.0973775 -14.891212 12.823966 22
4.0404706 -14.820165 12.989627 50
3.4798591 -14.831882 12.9229 44
2.9501297 -14.84059 12.871444 35
2.4316123 -14.905707 12.869408 22
4.4238424 -14.817785 13.136224 52
3.841429 -14.829146 13.027561 45
3.2977889 -14.835388 12.943042 36
2.7610819 -14.884274 12.89081 23
4.8028994 -14.800265 13.277314 57
4.2050834 -14.818338 13.137668 55
3.6456723 -14.832195 13.020122 29
3.0925002 -14.857813 12.915671 38
5.1878667 -14.784042 13.4272 44
4.5719261 -14.806672 13.251433 50
4.0008478 -14.828922 13.10691 47
3.4316409 -14.850038 12.960471 48
5.5811024 -14.766134 13.58934 66
4.9435744 -14.793479 13.373456 50
4.3514843 -14.801553 13.177675 50
3.7762225 -14.848997 13.01821 42
5.756372 -14.242414 13.286043 23
5.3226867 -14.777187 13.501164 59
4.7119184 -14.791912 13.271358 49
4.1248016 -14.838866 13.076831 53
6.0289588 -13.972874 13.221739 64
5.6910801 -14.730321 13.608602 63
5.0803566 -14.787124 13.376 53
4.4751511 -14.822803 13.135327 49
6.7598648 -14.640035 14.058947 44
5.7886248 -14.064549 13.145951 33
5.4541597 -14.775952 13.485651 71
4.8354049 -14.8192 13.209873 49
7.1816115 -14.627769 14.265775 52
6.1295333 -13.967344 13.219741 62
5.7844524 -14.653554 13.500146 38
5.1980224 -14.803659 13.28426 58
7.6209416 -14.632338 14.499721 42
6.8622527 -14.651187 14.043233 60
5.8752441 -14.002922 13.030685 60
5.5654774 -14.7908 13.367994 65
8.0989103 -14.681443 14.797359 45
7.2647519 -14.622018 14.205043 66
6.2335715 -13.959266 13.129188 32
5.7525067 -14.348839 13.068238 25
8.5379801 -14.64707 15.021276 48
7.6846862 -14.61128 14.39502 45
6.9686236 -14.647056 13.92533 64
5.9722109 -14.010298 12.866734 60
8.8997393 -14.47721 15.117309 22
8.1666431 -14.682421 14.680994 61
7.367609 -14.622276 14.06483 49
6.3278017 -13.965032 12.93899 11
9.223711 -14.250923 15.162418 12
8.6112719 -14.67309 14.898019 32
7.787672 -14.613731 14.233788 58
7.0797143 -14.678481 13.726886 65
9.6761341 -14.197691 15.405373 16
9.0381165 -14.615782 15.07887 47
8.2259912 -14.623166 14.429073 40
7.4770465 -14.647607 13.838677 50
9.9817848 -13.940666 15.435302 19
9.330493 -14.346532 15.052644 16
8.6925278 -14.653177 14.656505 50
7.8905711 -14.63463 13.974614 66
10.232024 -13.613931 15.396662 12
9.7396059 -14.250663 15.214083 14
9.1553965 -14.661574 14.87565 38
8.3144598 -14.621411 14.12033 54
10.514371 -13.335114 15.413461 15
10.110615 -14.089128 15.317066 9
9.5958052 -14.614964 15.051734 40
8.7581043 -14.617681 14.285769 54
10.78197 -13.044354 15.420039 18
10.487178 -13.930913 15.432965 14
9.930687 -14.407193 15.071206 19
9.2484856 -14.662743 14.515535 42
11.020174 -12.724813 15.396179 6
10.769188 -13.648263 15.424481 17
10.285913 -14.226459 15.128569 13
9.7133818 -14.652647 14.701314 47
11.066511 -13.386888 15.439196 5
10.801979 -14.23617 15.402843 16
10.214338 -14.670595 14.92767 42
11.12054 -13.984629 15.407559 5
10.656071 -14.580602 15.061773 41
11.638943 -11.700652 15.274302 12
11.2019 -13.464205 15.11571 5
10.982028 -14.333467 15.043834 22
11.679943 -11.222844 15.051643 28
11.681925 -12.321164 15.193268 29
11.625124 -13.342478 15.277089 14
11.369411 -14.166223 15.113786 21
11.499389 -10.569041 14.573016 21
11.604186 -11.711456 14.787332 28
11.713929 -12.855606 15.024681 29
11.706564 -13.928458 15.120551 50
11.475393 -10.078869 14.31049 41
11.46439 -11.072323 14.333239 48
11.50351 -12.084109 14.428343 29
11.519983 -13.111707 14.501481 35
10.845558 -9.1233139 13.352633 11
11.485624 -10.605283 14.093465 48
11.483109 -11.54071 14.092003 49
11.529165 -12.548592 14.148199 53
10.88579 -8.7440052 13.205606 43
11.491586 -10.14515 13.850808 51
11.5426 -11.089884 13.868675 62
11.587927 -12.056032 13.875625 67
11.135455 -8.5276861 13.307527 30
10.874968 -9.1958179 12.920256 16
11.700323 -10.74243 13.77035 59
11.734867 -11.669204 13.720026 68
11.603864 -8.4619713 13.664531 51
10.885213 -8.7940111 12.723075 48
11.707936 -10.27718 13.51584 59
11.735821 -11.159273 13.419069 47
11.656244 -8.104598 13.555528 36
11.104243 -8.5600729 12.767686 38
10.915767 -9.1867561 12.409659 16
11.737908 -10.668371 13.134357 44
11.700955 -7.7494349 13.44785 11
11.589666 -8.5115538 13.107845 60
10.91323 -8.7721577 12.190201 67
11.744372 -10.200515 12.873682 51
11.659373 -8.1621361 13.001262 69
11.189863 -8.5785656 12.277576 38
10.938993 -9.1010666 11.79456 55
11.6811 -7.7917457 12.850499 39
11.643188 -8.5018625 12.547618 71
10.952206 -8.6991968 11.587543 65
11.728667 -7.4463143 12.740719 3
11.681436 -8.1288347 12.395477 84
11.378094 -8.6052351 11.799779 53
9.8064709 -5.3359714 10.917789 2
11.683704 -7.7447882 12.216955 94
11.70838 -8.4312248 11.917075 87
11.682094 -7.3667855 12.046453 71
11.71643 -8.0360794 11.728512 69
10.796683 -6.4939446 11.024809 2
11.716629 -7.6470976 11.543951 66
11.67961 -6.6435714 11.734653 64
11.715008 -7.2671099 11.368438 79
10.654551 -5.2072124 11.014117 2
11.687604 -6.2991076 11.600514 89
11.69214 -6.8827138 11.184023 68
11.663374 -5.3556285 11.900967 5
11.682378 -5.9539967 11.464631 87
11.541156 -6.4411678 10.892874 80
11.635542 -5.0280371 11.774077 47
11.672341 -5.6169858 11.332771 80
11.520704 -6.0825758 10.733835 73
11.641028 -4.7193842 11.685458 78
11.671509 -5.2906504 11.217017 84
11.52072 -5.7432413 10.600922 77
11.640898 -4.415771 11.599543 81
11.594584 -4.9395084 11.038452 84
11.522965 -5.4118543 10.478936 73
11.641629 -4.1171374 11.521918 77
11.527731 -4.5999737 10.879176 81
11.52436 -5.0852847 10.360979 77
10.482202 -2.9272552 10.927226 5
11.632663 -3.8184927 11.440945 83
11.484432 -4.2794857 10.748911 76
11.523946 -4.7635865 10.252911 73
10.614443 -2.707082 11.016398 4
10.92448 -3.3232706 10.712472 8
11.481436 -3.9787366 10.660953 78
11.565888 -4.4635797 10.186172 76
10.636431 -2.4602766 11.004885 3
10.834851 -3.0290482 10.569143 56
11.490493 -3.6835835 10.590086 76
11.649894 -4.181344 10.16193 71
10.627078 -2.2105711 10.965557 2
10.875078 -2.7740045 10.557206 72
10.906902 -3.2276914 10.008175 51
11.718131 -3.8928549 10.131198 69
11.540441 -2.1255016 11.836104 5
11.039177 -2.5484257 10.662353 14
10.907479 -2.9542727 9.9482841 75
10.972119 -3.3689497 9.4392271 4
11.555226 -1.8652613 11.827257 6
11.651881 -2.4068267 11.182969 67
10.882596 -2.6771154 9.8698368 67
10.945142 -3.0777709 9.3465548 83
10.645434 -1.4821272 10.921692 2
11.57899 -2.1188419 11.078086 90
11.464916 -2.5323665 10.320016 72
10.932294 -2.7942176 9.271944 82
11.531081 -1.3405259 11.773275 11
11.546353 -1.8430414 11.01529 92
11.462207 -2.2529573 10.267265 79
11.16911 -2.567678 9.4036846 9
11.516768 -1.0822213 11.749617 13
11.520807 -1.572065 10.96353 78
11.474438 -1.9777935 10.235697 71
11.705122 -2.3929298 9.7772808 80
11.514332 -0.82527524 11.744087 12
11.506269 -1.305602 10.927883 82
11.469724 -1.7031165 10.194049 70
11.688986 -2.0976617 9.7144537 76
11.490027 -0.57000089 11.71846 13
11.482725 -1.0383834 10.889188 74
11.475016 -1.4311039 10.166467 77
10.627754 -0.29367486 10.88361 2
11.455273 -0.77432555 10.850551 82
11.489285 -1.1599063 10.153031 69
11.476339 -0.064495899 11.719581 12
11.448806 -0.5137136 10.836107 77
11.485595 -0.8882364 10.12651 73
11.479945 0.18672241 11.736166 13
11.443321 -0.25184053 10.828512 90
11.491009 -0.61908472 10.114848 69
11.444054 0.43484688 11.718276 10
11.445056 0.0073555182 10.830737 82
11.50645 -0.34854066 10.117072 77
11.780114 -0.67378187 9.6202621 2
11.438828 0.68693382 11.733591 6
11.43565 0.26621914 10.828074 81
11.49475 -0.07882157 10.101417 82
11.457214 0.9387576 11.778275 3
11.42902 0.52617335 10.832587 81
11.474995 0.19065952 10.081807 79
11.450233 0.78700966 10.867229 77
11.4841 0.46006018 10.094339 68
11.456494 1.0474156 10.892801 74
11.479268 0.72806776 10.099812 81
11.456728 1.3086762 10.919338 94
11.45741 0.99859345 10.096186 66
11.795976 0.75403768 9.606307 2
11.470796 1.5753682 10.961872 82
11.436632 1.2671601 10.098515 82
11.489855 1.8422312 11.014388 77
11.414834 1.5367123 10.103813 76
11.497808 2.1088681 11.062358 86
11.389889 1.8063271 10.115595 72
11.521603 2.383945 11.130855 85
11.366042 2.0768824 10.129882 80
11.528494 2.6575191 11.186277 84
11.364904 2.3541703 10.171237 71
11.592396 2.1741228 9.5644016 75
10.667833 3.0294175 11.408812 2
10.779025 2.7476702 10.545089 44
11.353719 2.6307595 10.207699 78
11.590733 2.4677844 9.6049032 65
10.725653 2.9936395 10.55471 78
10.792922 2.7723627 9.7764091 76
11.47606 2.7359078 9.5611 46
10.691114 3.2432089 10.585418 76
10.761045 3.0360248 9.807044 72
10.797013 2.8592575 9.0693207 76
11.432056 3.7405879 11.358603 74
10.750006 3.3055234 9.8586531 97
10.793696 3.1421654 9.1227789 66
9.9861412 3.5367079 10.053419 3
10.570051 3.5245245 9.7673798 4
11.515267 3.6490974 9.7703543 72
9.5638561 3.8747354 10.634289 2
9.6362648 3.6634357 9.7908373 1
9.7580481 3.5244167 9.1202145 2
10.194005 3.5221272 8.7633696 2
9.6247196 4.139163 10.780963 2
9.7001305 3.7631166 9.1404314 2
9.7878971 3.6584401 8.5004339 2
9.5742064 4.3601222 10.815319 3
9.6687899 4.0136585 9.1907101 3
9.7158155 3.9047515 8.514533 2
9.5295162 4.5862932 10.860676 2
9.6658945 4.2811217 9.2739592 2
9.5516481 4.8486137 10.984945 2
9.6206264 4.5332599 9.3208914 2
9.6431799 4.8205147 9.4379539 1
9.5385704 5.6232162 11.302503 3
9.6196899 5.5020614 10.443569 3
9.6641636 5.3271551 8.9447613 2
9.511734 5.8811712 11.396852 3
9.6455107 5.8036718 10.593938 2
11.339253 6.6468382 11.405306 46
11.221408 6.5001383 10.446563 78
9.2534809 6.0007815 11.2309 35
11.283598 6.9719977 11.502385 10
11.286252 6.9038835 10.651965 68
9.2154512 6.2541652 11.324785 39
11.363225 7.3319182 10.88165 79
9.2045546 6.5314331 11.453797 40
9.5815115 6.6670179 10.943005 2
11.360905 7.7215948 11.048968 84
9.2186728 6.8344154 11.621235 43
9.4907093 6.9225106 10.998851 3
9.9727497 7.1946917 10.681441 3
11.350162 8.1176825 11.22032 73
9.4598551 7.3126798 12.072081 2
11.31504 8.5134611 11.383875 32
11.16797 8.9416122 14.339665 19
10.386468 8.2419958 10.682784 3
10.528032 8.816803 13.755983 32
10.41815 9.0975504 13.829874 40
10.359536 9.4290257 13.97631 10
10.672111 10.107752 14.618489 8
10.545609 10.409136 14.705688 5
11.144329 11.00658 14.438006 48
9.446887 9.4616976 11.552649 3
9.4709492 9.5892868 10.874989 3
10.403048 10.704091 14.780125 14
11.028463 11.376678 14.586227 22
10.216522 10.960684 14.808699 19
10.722081 11.565625 14.506626 8
9.9844265 11.169765 14.776358 18
10.595976 11.941524 14.663834 4
11.0986 12.643814 14.446414 56
9.3019524 10.864239 11.544133 5
9.7895918 11.422818 14.807577 13
10.381116 12.227098 14.716024 11
10.920784 13.030912 14.594241 15
9.1191111 11.18307 11.655208 25
9.4941406 11.561374 14.695168 7
10.137725 12.487149 14.741124 16
10.520923 13.1645 14.467226 5
9.0694914 11.671176 11.938696 15
9.3284483 11.853511 14.781799 20
9.8694429 12.720979 14.737233 17
10.378987 13.607624 14.685382 11
0.69678563 1.5192099 1.5652717 0
9.0827293 12.050699 14.754636 18
9.6277342 12.991011 14.783324 8
10.082227 13.871214 14.710469 17
0.63984305 1.518659 1.539951 5
8.8454447 12.261268 14.748705 20
9.3227262 13.179512 14.744649 16
9.752224 14.095356 14.705358 17
0.60116673 1.5415521 1.5393596 3
8.6496172 12.53151 14.816895 6
9.0305004 13.381609 14.726316 16
9.3971462 14.275533 14.66246 9
0.56066662 1.5616323 1.5359794 2
8.3621054 12.675213 14.742284 17
8.7337446 13.57463 14.713068 15
9.0987873 14.533916 14.713796 20
0.54613483 1.6230226 1.5738565 0
8.1225033 12.881658 14.750804 15
8.4452543 13.780698 14.713658 7
8.7482033 14.714364 14.692022 17
8.6819334 15.147698 14.144381 19
7.8588266 13.059802 14.728055 16
8.1497488 13.977422 14.713608 16
8.3942099 14.887655 14.667837 9
8.1866016 15.125568 13.953499 12
7.6100259 13.266638 14.744081 19
7.846817 14.162121 14.706705 17
8.0330086 15.048538 14.642931 17
7.7598677 15.200463 13.866752 7
7.3424964 13.443209 14.727293 22
7.542027 14.347244 14.70254 20
7.6200252 15.10434 14.524944 16
7.8472638 16.269688 14.683436 18
7.0968895 13.664554 14.765766 8
7.2366371 14.533013 14.709651 23
7.1783824 15.098819 14.356615 12
7.4330397 16.403215 14.661145 22
6.8185501 13.82769 14.745933 18
6.9044309 14.67294 14.676688 10
6.7481275 15.089368 14.197925 16
7.0420575 16.590755 14.693613 7
6.5462403 14.004639 14.747264 17
6.5999441 14.862947 14.700014 16
6.3267336 15.07631 14.048815 16
6.6193552 16.691519 14.661655 17
6.2573686 14.157929 14.72549 23
6.2778268 15.011398 14.692415 16
5.9133792 15.056125 13.90433 12
6.2051096 16.801037 14.649662 23
5.9728866 14.312829 14.716557 24
5.9173179 15.077262 14.6073 18
5.5396342 15.120347 13.847672 12
5.7988434 16.931065 14.665349 17
5.6935825 14.484086 14.729325 20
5.5336008 15.080102 14.472443 14
5.1512885 15.138007 13.753136 8
5.2622275 16.691042 14.367446 11
5.3993926 14.63387 14.700683 10
5.1560354 15.079779 14.322762 17
5.1759896 16.331038 14.704471 13
4.9707274 17.149994 14.658557 20
5.108768 14.794339 14.705877 18
4.7845273 15.079148 14.200037 13
4.7896481 16.406355 14.671777 19
4.5472593 17.212265 14.641194 19
4.8141699 14.946214 14.71381 20
4.4154325 15.067304 14.077261 14
4.4113736 16.503265 14.674358 20
4.1338081 17.289211 14.648729 16
4.4993343 15.046548 14.679943 20
4.0329852 14.984678 13.899714 15
4.0184798 16.53882 14.624304 10
3.7170784 17.348654 14.648387 23
4.0983987 14.863736 14.374228 19
3.6887059 15.023886 13.84221 14
3.6529846 16.676861 14.675627 16
3.293133 17.388994 14.641937 10
3.8137712 15.050051 14.433331 17
3.3375726 15.019844 13.750472 17
3.2735338 16.758505 14.6831 16
2.8749514 17.425522 14.639517 21
3.4731293 15.04788 14.31636 16
2.9961853 15.039427 13.688109 12
2.8913908 16.83502 14.693829 16
2.4577138 17.466829 14.651711 12
3.1269817 15.00152 14.163915 15
2.6630414 15.095194 13.662033 7
2.5045996 16.879486 14.681548 17
2.0421927 17.498184 14.660793 20
2.8050895 15.046074 14.104345 19
2.3267238 15.133655 13.629337 3
2.1163692 16.925859 14.681587 21
1.6244857 17.510466 14.663256 21
2.4674339 15.017686 13.984253 15
2.1949544 16.401218 14.703554 17
1.7308654 16.961508 14.681426 18
1.2078042 17.518373 14.67406 12
2.1371448 14.998455 13.880211 20
1.8351972 16.462769 14.700029 14
1.3452321 16.973694 14.670339 19
0.7982533 17.519329 14.686715 11
1.8147919 15.002215 13.806001 17
1.4774512 16.515518 14.700188 19
0.95938998 16.995188 14.672621 10
0.38261926 17.481361 14.679767 18
1.4856143 14.957568 13.694563 16
1.1178036 16.573204 14.709496 16
0.57149899 17.0107 14.679386 15
-0.030503443 17.430279 14.663831 14
1.1647536 14.966035 13.636433 12
0.75377893 16.587736 14.686131 15
0.18617755 17.005592 14.675136 18
-0.43888965 17.399059 14.675971 19
0.84630579 14.988811 13.594743 11
0.36675695 16.181864 14.300265 2
-0.19809307 17.010906 14.686256 18
-0.84452701 17.375912 14.702133 11
0.52695382 15.007513 13.558112 8
0.027357593 16.673529 14.709141 16
-0.58347148 17.019329 14.709282 11
-1.2440585 17.24752 14.646767 14
0.21123932 15.074617 13.569157 4
-0.33715445 16.700062 14.717603 15
-0.96719122 16.978277 14.695995 10
-1.6425188 17.155228 14.632509 15
-0.075103991 16.398851 14.710968 11
-0.70354062 16.701473 14.710936 7
-1.343967 16.895473 14.652392 15
-2.0303485 17.004812 14.572574 18
-0.426112 16.465527 14.730429 16
-1.0666432 16.68541 14.696086 14
-1.722984 16.823708 14.630079 14
-2.4137735 16.865942 14.531388 9
-0.77634019 16.471508 14.702819 9
-1.4333906 16.62978 14.653855 14
-2.0927947 16.690731 14.561376 9
-2.7995381 16.755823 14.52659 18
-1.1282582 16.493357 14.69742 16
-1.7915996 16.557255 14.602813 12
-2.46613 16.620094 14.551158 12
-3.1737986 16.609058 14.494711 15
-1.480662 16.474157 14.660994 14
-2.1540725 16.499836 14.574531 15
-2.8326635 16.524597 14.529052 18
-3.5438724 16.457417 14.464873 19
-1.8338807 16.448961 14.628589 10
-2.5149548 16.456562 14.565185 9
-3.1967239 16.412128 14.501041 14
-3.9045188 16.289978 14.429161 11
-2.186645 16.407719 14.585271 13
-2.8707263 16.37328 14.527035 13
-3.5532389 16.277809 14.458104 17
-4.2598019 16.104692 14.386445 19
-2.5394268 16.378473 14.563439 10
-3.2245274 16.271849 14.482634 18
-3.9099314 16.168449 14.447819 10
-4.3332739 14.863105 13.402211 15
-2.8917589 16.324291 14.526224 13
-3.5759704 16.180716 14.452617 16
-3.9946201 14.889442 13.394955 12
-4.6737952 14.763571 13.440326 17
-3.2414832 16.260944 14.487298 19
-3.6845474 14.948974 13.411638 7
-4.3224726 14.784822 13.393421 16
-5.0635009 14.815413 13.625759 17
-3.5962489 16.22378 14.478175 17
-4.0079298 14.855574 13.387836 11
-4.6877103 14.813226 13.520733 13
-5.4162788 14.750937 13.71049 17
-3.9439552 16.138809 14.43193 9
-4.3393617 14.78929 13.395577 16
-5.0558629 14.83265 13.646876 13
-5.8121438 14.785999 13.901423 16
-4.0314026 14.953098 13.410312 7
-4.6932549 14.804865 13.483811 13
-5.3959703 14.746276 13.684677 18
-6.1935472 14.769174 14.051683 20
-4.3564329 14.875781 13.384141 15
-5.0531459 14.818313 13.579029 15
-5.788341 14.802348 13.86453 13
-6.5884995 14.769135 14.227804 19
-4.6849575 14.808411 13.373913 16
-5.3868279 14.738854 13.596839 17
-6.1592984 14.781336 13.981887 17
-6.8886328 14.533879 14.190563 12
-5.0287876 14.779613 13.40341 17
-5.7810683 14.813583 13.767426 16
-6.5457287 14.783352 14.128509 19
-7.2032471 14.345019 14.199446 22
-5.383914 14.773212 13.463254 21
-6.1411462 14.780069 13.842525 17
-6.8945427 14.680815 14.187334 8
-7.4858599 14.097629 14.158294 18
-5.7485776 14.783435 13.545458 15
-6.5176902 14.77704 13.956793 14
-7.1994982 14.481685 14.158967 16
-7.7614288 13.842002 14.117404 22
-6.120656 14.797201 13.639773 18
-6.8841586 14.73099 14.041359 16
-7.505827 14.292736 14.14545 14
-8.0499878 13.622678 14.114047 17
-6.4971142 14.794183 13.72694 16
-7.2535305 14.684155 14.13177 18
-7.7962384 14.0732 14.111085 14
-8.3199053 13.380713 14.093892 11
-6.8754134 14.783111 13.817136 17
-7.5701804 14.510013 14.11006 17
-8.0847979 13.856731 14.085717 15
-8.5762177 13.119977 14.061968 17
-7.252018 14.755934 13.899617 16
-7.8844595 14.334828 14.09566 14
-8.3932381 13.681861 14.106359 7
-8.8378096 12.875129 14.051118 22
-7.6357708 14.72865 13.991994 15
-8.185565 14.139971 14.066169 17
-8.6516476 13.421892 14.049377 16
-9.0802231 12.607653 14.018233 23
-8.0045776 14.652489 14.047564 19
-8.479598 13.935223 14.032728 9
-8.9156609 13.180911 14.015265 20
-9.3312044 12.363183 14.015209 20
-8.3622017 14.547602 14.082355 9
-8.7831488 13.744388 14.023088 17
-9.1789017 12.942907 13.988178 17
-9.5667305 12.099835 13.998574 17
-8.6574831 14.326447 14.015447 18
-9.0755424 13.53651 14.001437 17
-9.4447489 12.714755 13.97982 14
-9.8164501 11.862208 14.015337 11
-8.9775324 14.146904 13.998607 18
-9.3566208 13.315972 13.97375 13
-9.7045784 12.476912 13.967084 14
-10.027224 11.581584 13.983812 15
-9.2812071 13.941916 13.961287 18
-9.6408386 13.099358 13.959065 16
-9.9360971 12.209248 13.925375 5
-10.242599 11.309272 13.97152 25
-9.5977955 13.755025 13.951246 18
-9.9321613 12.895197 13.964069 4
-10.19694 11.980908 13.937472 18
-10.453261 11.039081 13.964035 29
-9.8675003 13.496044 13.878493 5
-10.193596 12.649637 13.930053 17
-10.43081 11.722943 13.919107 17
-10.651468 10.760949 13.950182 26
-10.208418 13.343578 13.920971 18
-10.464013 12.417794 13.922236 16
-10.682681 11.489017 13.933586 17
-10.843261 10.479643 13.937574 3
-10.492572 13.109617 13.88747 18
-10.726465 12.180564 13.911565 16
-10.853926 11.170763 13.851506 3
-11.032035 10.201344 13.930037 19
-10.80981 12.913653 13.901912 13
-10.97089 11.921194 13.88062 9
-11.117726 10.952274 13.897288 20
-11.219159 9.9255352 13.927423 24
-11.084413 12.662495 13.862793 16
-11.221508 11.666741 13.864623 14
-11.341306 10.693576 13.898432 18
-11.384762 9.6321821 13.907983 21
-11.361205 12.416347 13.83764 18
-11.482564 11.426125 13.868515 17
-11.540234 10.413379 13.875781 19
-10.980143 8.8647213 13.183265 3
-11.651375 12.180974 13.835375 20
-11.724085 11.166922 13.857576 13
-11.754663 10.147928 13.880994 10
-11.171303 8.6230078 13.220474 12
-11.811458 11.811125 13.682302 5
-11.767765 10.718553 13.615386 3
-11.616929 8.5784626 13.579638 14
-12.027493 11.50426 13.608692 5
-11.970452 10.431199 13.578747 6
-11.249298 8.856204 12.807076 3
-11.882797 8.3853683 13.720285 15
-12.281817 11.238697 13.58872 12
-12.245154 10.207467 13.630492 13
-11.52028 8.6728554 12.918656 46
-11.94279 8.0432796 13.620539 16
-12.395092 10.840927 13.416995 53
-12.387364 9.872365 13.540367 25
-11.572792 8.3197775 12.782031 42
-12.12569 7.7898469 13.675884 10
-12.142848 10.138436 12.858338 43
-11.518224 8.7392073 12.332447 59
-12.202138 8.3924513 13.312883 34
-12.314768 7.5413156 13.74318 40
-10.917282 8.6603842 11.27658 54
-11.512162 8.3382292 12.118313 57
-12.144163 7.9616117 13.066122 49
-12.329285 7.1872387 13.617743 48
-11.4856 8.7189178 11.661774 62
-11.95391 8.274416 12.399632 63
-12.080611 7.5459585 12.828314 64
-12.272602 6.7986169 13.422782 51
-11.48557 8.3187962 11.448607 59
-12.107723 7.9923368 12.374237 72
-12.074634 7.1792164 12.664022 54
-12.103195 6.3632717 13.11154 55
-11.895359 8.2284842 11.666191 47
-12.260674 7.714314 12.355827 105
-12.062861 6.8196511 12.505725 68
-12.06367 6.013412 12.955323 48
-12.26786 8.0939207 11.846142 74
-12.265643 7.3453007 12.191496 77
-12.095243 6.4952559 12.405066 83
-12.042789 5.6832423 12.831933 46
-12.257947 7.6961088 11.646005 63
-12.258586 6.9755802 12.025219 69
-12.195099 6.2145481 12.383906 97
-12.013992 5.356277 12.70956 53
-12.241298 7.3075066 11.453856 61
-12.234549 6.6082501 11.851009 78
-12.248183 5.9108195 12.32206 91
-12.008866 5.0498762 12.619987 57
-12.222905 6.9270024 11.272677 64
-12.217983 6.2558341 11.697694 68
-12.232231 5.5785065 12.193652 76
-11.997828 4.746634 12.532427 55
-12.185537 6.5489426 11.084573 68
-12.205538 5.9124303 11.557455 85
-12.204041 5.2506032 12.064551 73
-12.032136 4.4676704 12.499953 59
-12.182476 6.1994352 10.93867 72
-12.184895 5.5753922 11.418488 74
-12.194251 4.9374609 11.962337 74
-12.064748 4.1928158 12.473285 67
-12.16466 5.8482575 10.788538 65
-12.17594 5.2501035 11.299152 81
-12.181901 4.6293211 11.864888 74
-12.105852 3.9236977 12.461368 79
-12.160702 5.5146961 10.662063 70
-12.15931 4.9278989 11.181678 79
-12.186113 4.3327956 11.790202 70
-12.125827 3.6489933 12.433511 88
-12.150843 5.1842971 10.538594 66
-12.158154 4.6204128 11.086065 74
-12.164131 4.0318418 11.697653 73
-12.15605 3.3811078 12.421576 78
-12.140174 4.8599577 10.4231 79
-12.147026 4.3141732 10.98949 75
-12.17578 3.74824 11.645871 80
-11.355065 2.8951559 11.537856 16
-12.132179 4.5422411 10.31435 76
-12.128387 4.0087895 10.890764 76
-12.150558 3.4571006 11.559141 78
-11.291935 2.6267653 11.438783 53
-12.120914 4.2319531 10.214827 70
-12.120588 3.7135091 10.811155 70
-11.375337 2.9666147 10.745904 5
-11.275468 2.3778908 11.398001 61
-12.109756 3.9246972 10.122285 68
-12.112946 3.423259 10.738522 77
-11.275545 2.6833682 10.606655 68
-11.274214 2.1337283 11.377128 5
-12.096779 3.6235158 10.035724 66
-11.31259 2.9235048 9.9474344 6
-11.260884 2.4284041 10.555892 67
-12.125098 2.0424023 12.258689 56
-12.05254 3.3160203 9.9283314 72
-11.266262 2.6491528 9.8579016 68
-11.259459 2.1791975 10.524039 10
-12.105409 1.7826545 12.228969 51
-11.246376 2.8156209 9.1822681 54
-11.257473 2.3890383 9.8061314 66
-12.084674 2.0800388 11.301753 74
-12.106993 1.5285031 12.227123 57
-11.204039 2.540185 9.0957203 61
-11.248819 2.1329539 9.7613411 6
-12.088984 1.817747 11.283932 65
-12.099506 1.2725556 12.220327 57
-11.190106 2.2751782 9.0389919 63
-12.062422 2.0227475 10.465158 71
-12.081106 1.5547918 11.261306 66
-12.08782 1.0208263 12.214801 64
-11.810434 2.1319506 9.5212364 65
-12.046884 1.7510604 10.424951 65
-12.068992 1.2941034 11.240946 53
-12.081187 0.77211809 12.221276 55
-11.797076 1.8581614 9.4757605 57
-12.036723 1.4822561 10.393416 65
-12.059222 1.0353346 11.227309 74
-12.087901 0.5230701 12.245465 54
-11.788052 1.5871984 9.4400635 57
-12.024917 1.2153739 10.368656 65
-12.061786 0.77821374 11.229439 72
-12.080753 0.27524325 12.259594 67
-11.780198 1.319198 9.4102898 57
-12.028266 0.95119542 10.361813 65
-12.051336 0.5213955 11.226623 73
-12.084698 0.02820714 12.288668 57
-11.774386 1.0511876 9.3895025 51
-12.023638 0.68820775 10.352998 59
-12.038956 0.26663971 11.226803 68
-12.068596 -0.21838707 12.304826 65
-11.77007 0.7843585 9.3752842 50
-12.007812 0.42488 10.343392 67
-12.032409 0.013204014 11.239143 72
-12.063266 -0.46275106 12.337134 64
-11.756839 0.51871973 9.3600941 47
-12.004257 0.16189721 10.3466 69
-12.036148 -0.24186926 11.266262 76
-12.039239 -0.70618045 12.353322 62
-11.739151 0.25399718 9.3463488 49
-11.994748 -0.098949112 10.350801 74
-12.023883 -0.49460146 11.280438 75
-12.053307 -0.95434958 12.416361 73
-11.74562 -0.0092145465 9.3574905 52
-12.002332 -0.36012262 10.376926 70
-12.023675 -0.74854898 11.313567 62
-12.032303 -1.1988052 12.443538 85
-11.753112 -0.27242482 9.3746252 54
-12.020874 -0.62351596 10.418066 75
-12.01831 -1.0043875 11.348831 71
-12.026178 -1.4445726 12.493815 67
-11.751336 -0.53845656 9.392025 50
-11.988106 -0.88485962 10.417585 75
-12.015868 -1.259305 11.389187 78
-11.997937 -1.6888839 12.526235 81
-11.742581 -0.80331433 9.4094486 62
-11.995446 -1.1500024 10.461943 76
-12.016596 -1.5171887 11.439395 82
-11.97917 -1.9342268 12.572328 79
-11.732349 -1.0689217 9.4314528 62
-12.006375 -1.4159379 10.511905 69
-12.005356 -1.7735753 11.484856 73
-11.951784 -2.1782117 12.612219 85
-11.71335 -1.333281 9.45156 67
-12.004383 -1.6826 10.559962 75
-12.00878 -2.0333073 11.549618 79
-11.908654 -2.4209428 12.643891 76
-11.717671 -1.6031721 9.4961357 67
-11.996756 -1.9501729 10.607576 79
-12.009408 -2.2950213 11.618071 87
-11.874665 -2.6639326 12.688312 80
-11.747051 -1.8796608 9.5703287 66
-11.997206 -2.2220345 10.667788 79
-12.005069 -2.5597262 11.686272 84
-11.844744 -2.9090586 12.742535 67
-11.715362 -2.1474741 9.5928793 71
-11.963806 -2.4877818 10.698277 83
-11.998062 -2.8239744 11.752623 81
-11.666518 -3.1158364 12.627419 18
-11.752711 -2.4310489 9.6869488 69
-11.998217 -2.7712328 10.804358 71
-11.953827 -3.0807574 11.792936 68
-11.185708 -3.2238925 12.179035 60
-11.734582 -2.7062635 9.7387533 82
-12.000378 -3.0515966 10.886783 79
-11.227007 -3.1401868 11.136641 63
-11.187712 -3.4691339 12.281289 62
-11.78212 -3.0017931 9.8565502 80
-11.298668 -3.1317332 10.309269 28
-11.163183 -3.3765776 11.161965 78
-11.146077 -3.7039313 12.339511 21
-11.281864 -3.1439929 9.5003805 20
-11.160805 -3.3565917 10.263869 76
-11.153164 -3.6320412 11.248138 85
-11.78479 -4.1911755 13.193853 44
-11.124847 -3.373409 9.4470863 80
-11.157482 -3.6252017 10.355069 77
-11.996467 -4.2037497 12.248953 66
-11.771612 -4.4564772 13.30008 43
-11.123295 -3.6510687 9.5373173 71
-11.933458 -4.1828694 11.216161 84
-11.979774 -4.4840117 12.351357 85
-11.937303 -4.7993073 13.628012 39
-11.928364 -4.2326679 10.363542 80
-11.939223 -4.4836349 11.33867 81
-11.978764 -4.7755871 12.478857 85
-11.986259 -5.1038237 13.825347 35
-11.912957 -4.5369978 10.465159 79
-11.940899 -4.7882824 11.465214 79
-11.95692 -5.0656452 12.592318 94
-11.948109 -5.373456 13.925651 28
-11.913935 -4.8534393 10.590359 75
-11.950156 -5.1007781 11.607368 81
-11.90043 -5.3407354 12.674037 92
-11.901275 -5.6446743 14.024776 28
-11.918885 -5.1788588 10.728685 72
-11.94526 -5.4159412 11.748747 66
-11.829494 -5.612566 12.746248 86
-11.769319 -5.873323 14.023797 19
-11.906191 -5.5039301 10.861617 77
-11.922831 -5.728776 11.877671 80
-11.771707 -5.8946857 12.84408 62
-11.651357 -6.1093202 14.043574 12
-11.903401 -5.8392835 11.01223 59
-11.923262 -6.058198 12.039135 65
-11.752598 -6.2026873 12.989531 52
-11.501775 -6.3277578 14.031189 6
-11.910396 -6.1878328 11.18275 57
-11.924508 -6.3975754 12.215638 76
-11.731426 -6.5145979 13.14401 56
-11.455267 -6.6071782 14.152632 4
-11.915177 -6.5462899 11.362321 61
-11.93154 -6.748033 12.407165 65
-11.765588 -6.8665624 13.373425 51
-11.363149 -6.8616838 14.223158 8
-11.915803 -6.912601 11.551946 59
-11.926464 -7.1021996 12.596758 86
-11.903374 -7.298502 13.74275 37
-11.243284 -7.1006279 14.263736 11
-11.918228 -7.2889061 11.753604 54
-11.845074 -7.4157767 12.7145 85
-11.928045 -7.6731482 13.990303 29
-11.125335 -7.3455548 14.31532 19
-11.915495 -7.6749916 11.966314 48
-11.751759 -7.7280097 12.830266 55
-11.845879 -7.9816113 14.116999 17
-11.01043 -7.5914969 14.374877 16
-11.913548 -8.07302 12.19206 51
-11.708742 -8.0811939 13.014989 53
-11.596722 -8.1737871 14.042892 10
-10.829319 -7.7911491 14.352509 22
-11.913307 -8.486021 12.43486 43
-11.705969 -8.4751406 13.256712 47
-11.478951 -8.4614954 14.140639 4
-10.682817 -8.0154533 14.379098 21
-11.905853 -8.9097958 12.689732 75
-11.864651 -9.009201 13.710358 38
-11.344284 -8.7428417 14.225425 4
-10.551114 -8.2530041 14.434676 13
-11.631233 -9.1281557 12.656837 26
-11.335221 -8.9996576 13.343548 11
-11.205654 -9.0240641 14.317222 16
-10.312922 -8.4035549 14.340321 7
-11.128451 -9.1459475 12.364031 37
-11.116409 -9.2342186 13.356479 36
-10.967578 -9.2203636 14.281064 7
-10.185362 -8.6478033 14.41504 15
-11.096639 -9.5644188 12.62128 56
-10.985868 -9.550354 13.490871 9
-10.661778 -9.3508558 14.155556 12
-10.026799 -8.8660889 14.451067 25
-10.349094 -9.3224277 12.025898 3
-11.363571 -10.355677 14.301999 3
-10.226111 -9.3512287 13.841633 11
-9.8506689 -9.0670614 14.459074 25
-11.83506 -11.249066 14.197874 12
-11.173546 -10.649584 14.397189 13
-9.8882227 -9.4296179 13.667522 8
-9.6469955 -9.2451324 14.435807 16
-11.48796 -11.437714 14.144294 4
-10.927581 -10.888391 14.425382 14
-10.182463 -10.156691 14.426478 12
-9.3383827 -9.3103075 14.248504 16
-11.312615 -11.799687 14.314678 6
-10.673844 -11.121061 14.450486 17
-9.9975729 -10.40688 14.500306 16
-8.9684467 -9.296504 13.953943 14
-11.058914 -12.087156 14.401882 13
-10.436932 -11.372062 14.509464 6
-9.7637119 -10.60618 14.506053 15
-8.654727 -9.3307266 13.746333 13
-10.791519 -12.360332 14.478086 14
-10.137454 -11.549775 14.484458 13
-9.5357876 -10.811337 14.527929 13
-8.4302654 -9.4652433 13.6949 3
-10.515993 -12.629162 14.558561 10
-9.8735456 -11.772316 14.522713 15
-9.2915201 -10.999629 14.534908 7
-8.7340879 -10.250414 14.57309 25
-10.145587 -12.776506 14.506885 18
-9.5944948 -11.972455 14.539797 16
-9.0585499 -11.20182 14.56579 16
-8.5413485 -10.443605 14.602757 23
-9.8391571 -12.998818 14.552172 16
-9.269784 -12.108713 14.489791 5
-8.8109875 -11.383739 14.575645 16
-8.3455858 -10.638697 14.638444 17
-9.5162334 -13.197787 14.58143 12
-9.0308723 -12.360473 14.587913 13
-8.5848722 -11.595997 14.63054 22
-8.1429968 -10.82467 14.662121 13
-9.1691284 -13.3573 14.57562 13
-8.7608242 -12.568663 14.637977 13
-8.3363886 -11.776838 14.652392 17
-7.9539995 -11.033818 14.723837 9
-8.8618145 -13.579476 14.646907 16
-8.4654102 -12.746336 14.661019 13
-8.0810871 -11.949527 14.670239 12
-7.7065468 -11.161956 14.681456 13
-8.5207367 -13.74204 14.664082 12
-8.1585159 -12.899797 14.666006 13
-7.8111668 -12.10392 14.672069 4
-7.4960871 -11.344682 14.717149 15
-8.1680326 -13.888337 14.675235 13
-7.8932185 -13.125913 14.761126 4
-7.5607681 -12.284563 14.713039 13
-7.2700052 -11.507973 14.731048 16
-7.5730863 -13.252894 14.75228 11
-7.3083839 -12.466903 14.762406 13
-7.0536604 -11.687318 14.771115 13
-7.4968619 -14.226107 14.772238 10
-7.2652187 -13.402109 14.774652 15
-7.0376015 -12.617215 14.779226 13
-6.8236494 -11.846657 14.788779 12
-7.158989 -14.385728 14.824144 10
-6.9624343 -13.557766 14.812181 10
-6.7784967 -12.790028 14.82444 10
-6.5976014 -12.017312 14.82388 13
-6.8059816 -14.509175 14.845747 11
-6.6510682 -13.696117 14.838898 9
-6.5086713 -12.948256 14.862277 10
-6.4493003 -14.623135 14.870868 10
-6.0956869 -12.775846 14.532315 7
-6.0624185 -14.656334 14.822561 12
-5.9473605 -13.213716 14.900798 9
-5.874824 -12.461792 14.879852 11
-5.6679912 -14.653967 14.749258 9
-5.721046 -14.127073 14.984736 10
-5.6698065 -13.360744 14.945638 10
-5.6368823 -12.62579 14.926595 10
-5.2855372 -14.657797 14.69194 7
-5.3898444 -14.212925 14.987552 8
-5.3865204 -13.496668 14.981429 7
-5.386282 -12.771573 14.954285 9
-4.9144936 -14.687816 14.667646 7
-5.0622964 -14.310843 15.011358 8
-5.1030908 -13.632596 15.025235 7
-5.1280293 -12.894284 14.960922 9
-4.564218 -14.776074 14.711533 8
-4.7526727 -14.460954 15.094335 4
-4.2058873 -14.827019 14.726023 8
-4.4121757 -14.51646 15.086799 11
-4.609427 -13.158259 15.008184 10
-3.8680239 -14.957318 14.830023 12
-4.0676799 -14.537131 15.053073 7
-4.2155285 -13.955385 15.097673 6
-4.3582225 -13.328741 15.085116 8
-3.5015841 -14.972241 14.8285 19
-3.7338843 -14.59731 15.066556 8
-3.9191933 -14.071412 15.142569 6
-4.0875549 -13.440573 15.097227 7
-3.1309128 -14.937798 14.784619 17
-3.381907 -14.571977 15.000998 5
-3.617692 -14.16596 15.172281 6
-3.8163545 -13.564858 15.131929 8
-2.7775357 -14.965617 14.81414 18
-3.0420249 -14.571353 14.971324 10
-3.303762 -14.212905 15.158669 4
-3.5393579 -13.661615 15.142331 6
-2.4194729 -14.966786 14.827697 14
-2.7092648 -14.60018 14.978882 5
-2.9996598 -14.30232 15.19835 8
-3.2625396 -13.779724 15.179011 4
-2.0636847 -14.955051 14.831191 13
-2.3810194 -14.653996 15.017525 7
-2.6944835 -14.395679 15.246055 8
-2.9847927 -13.904752 15.229871 6
-1.7092414 -14.936294 14.840845 13
-2.0383732 -14.585843 14.939958 6
-2.3817437 -14.467843 15.279943 6
-2.6963615 -13.987638 15.240557 5
-1.3594369 -14.955494 14.895497 13
-1.7015724 -14.543883 14.897994 6
-2.0643122 -14.499346 15.277803 6
-2.4051282 -14.070668 15.25461 6
-1.0089266 -14.94688 14.931511 11
-1.375816 -14.595703 14.958421 8
-1.7537489 -14.5904 15.343708 4
-2.1140294 -14.169354 15.295362 7
-0.65959316 -14.920215 14.955914 13
-1.0444777 -14.561663 14.939712 8
-1.4322944 -14.553776 15.283938 7
-1.8165561 -14.225108 15.293862 4
-0.32083827 -14.175584 14.269302 7
-0.71680301 -14.594432 14.994246 8
-1.1125424 -14.573136 15.289204 7
-1.5196153 -14.334062 15.353199 5
0.0057658153 -14.144827 14.302186 12
-0.39096531 -14.220233 14.638721 3
-0.79550648 -14.556722 15.261287 4
-1.2176846 -14.387559 15.360578 6
0.38026196 -14.88603 15.125361 12
-0.073134936 -14.146123 14.599138 11
-0.47531596 -14.551378 15.254805 5
-0.91368788 -14.453539 15.388253 6
0.72435373 -14.853064 15.178915 14
0.2628957 -14.483129 14.989362 6
-0.16021156 -14.527566 15.235662 5
-0.60628241 -14.52378 15.428662 4
1.0459838 -14.603775 15.019298 9
0.59312958 -14.501741 15.063868 4
0.15849558 -14.510789 15.229971 4
-0.29620707 -14.466556 15.337768 4
1.3720645 -14.472893 14.9862 9
0.92407221 -14.546215 15.170552 6
0.47577599 -14.506969 15.24545 5
0.0091592316 -14.40147 15.246002 5
1.7151865 -14.470036 15.092847 5
1.2530584 -14.529943 15.220073 6
0.79516798 -14.508993 15.275981 6
0.32412872 -14.528247 15.363993 5
2.0579457 -14.472029 15.213417 5
1.5718449 -14.429097 15.190108 6
1.1101819 -14.460262 15.258146 5
0.63525152 -14.525675 15.351249 6
2.399153 -14.453285 15.320645 9
1.9120167 -14.498285 15.34361 5
1.4283698 -14.434472 15.269113 6
0.94848794 -14.500093 15.322174 5
2.74143 -14.423175 15.425544 7
2.2522252 -14.510126 15.449888 5
1.7643613 -14.51831 15.40491 4
1.2544268 -14.423486 15.244411 7
3.0632436 -14.311679 15.451931 4
2.568538 -14.413893 15.447302 7
2.0850646 -14.481894 15.424576 8
1.5677562 -14.408466 15.240993 5
3.3774924 -14.174689 15.459905 10
2.8891907 -14.336819 15.473385 5
2.4069226 -14.454902 15.457709 7
1.8981711 -14.493917 15.349722 4
3.6793206 -14.001293 15.433535 10
3.1923411 -14.1895 15.428014 5
2.7210529 -14.375109 15.443604 9
2.2260544 -14.523519 15.405949 6
3.9712596 -13.829247 15.413742 10
3.4930363 -14.064228 15.414411 10
3.0338657 -14.313472 15.453369 5
2.546808 -14.516637 15.433014 6
4.266531 -13.6691 15.414208 8
3.8021944 -13.957294 15.428009 8
3.3411143 -14.208439 15.424615 7
2.8683269 -14.476148 15.427433 8
4.5818119 -13.561326 15.478113 5
4.1033607 -13.833399 15.427924 9
3.6490705 -14.11672 15.415914 9
3.1865768 -14.428208 15.423117 6
4.8387527 -13.315252 15.393933 12
4.3998981 -13.696102 15.420519 10
3.958838 -14.022129 15.412872 9
3.4988775 -14.350665 15.39515 10
5.1154003 -13.134466 15.388394 11
4.6871686 -13.537138 15.396113 7
4.2698359 -13.935437 15.424883 10
3.8260925 -14.308546 15.413448 9
5.3902693 -12.948647 15.383888 13
4.9867063 -13.418578 15.424022 12
4.5758815 -13.830831 15.426893 6
4.1481795 -14.249541 15.42071 11
5.6612086 -12.768824 15.391398 10
5.2732787 -13.266428 15.417712 10
4.8782802 -13.717277 15.423803 12
4.4748778 -14.194297 15.440965 8
5.911119 -12.552711 15.360567 10
5.5440445 -13.084891 15.387017 13
5.1689525 -13.572341 15.392254 11
4.7824335 -14.082037 15.404522 9
6.1702991 -12.359202 15.36141 6
5.8270755 -12.933522 15.396996 9
5.4755678 -13.464185 15.409513 12
5.0982618 -13.981685 15.389096 13
6.4328318 -12.175975 15.384696 15
6.0419631 -12.652253 15.255052 5
5.7668033 -13.323585 15.399707 12
5.4135509 -13.884473 15.386573 13
6.6629663 -11.947949 15.354267 13
6.3644233 -12.583499 15.379514 11
5.9319444 -12.928556 15.096984 5
5.7317843 -13.78661 15.391563 12
6.9056711 -11.748077 15.363378 13
6.6278276 -12.406048 15.375942 11
6.3423052 -13.025283 15.378161 13
5.920444 -13.413049 15.093699 8
7.1383023 -11.530055 15.357207 15
6.8834887 -12.215443 15.362736 11
6.6372542 -12.890532 15.394307 11
6.352375 -13.539887 15.367748 17
7.3602829 -11.304263 15.34206 14
7.1483889 -12.042603 15.379149 11
6.9152384 -12.724602 15.380919 13
6.6632614 -13.411155 15.362622 18
7.5623693 -11.060355 15.306977 4
7.3841295 -11.82688 15.345325 12
7.1951065 -12.561668 15.379501 12
6.9790049 -13.292113 15.376671 19
7.7919884 -10.857355 15.334298 17
7.6074934 -11.599312 15.301505 4
7.4797244 -12.403367 15.391403 10
7.2799053 -13.137709 15.358573 19
8.0133305 -10.648756 15.356651 19
7.871727 -11.431587 15.344223 13
7.7481451 -12.223763 15.38191 14
8.2013025 -10.399197 15.325439 16
8.1139259 -11.234519 15.352439 13
8.0045004 -12.024476 15.35616 14
8.3854265 -10.153695 15.301201 16
8.334549 -11.011108 15.329476 13
8.2688084 -11.833884 15.349583 13
8.1834869 -12.670236 15.348659 19
8.5827026 -9.925539 15.311238 15
8.5595493 -10.795386 15.323529 17
8.5257158 -11.635513 15.338606 14
8.4687986 -12.480288 15.321756 20
8.7869873 -9.7084522 15.339877 12
8.7724276 -10.566241 15.306288 18
8.7737446 -11.427427 15.322782 13
8.7840796 -12.332335 15.355492 19
8.4404469 -8.9404316 14.484206 8
8.9992743 -10.358538 15.322401 6
9.0144596 -11.208505 15.300961 4
8.7059898 -8.8108292 14.645006 14
9.20788 -10.128503 15.314416 16
9.2863398 -11.027761 15.334249 14
9.3448448 -11.935664 15.32417 20
9.1663189 -8.8540201 15.11099 14
9.4083166 -9.8945847 15.303246 14
9.5278463 -10.810757 15.327524 18
9.6343651 -11.74426 15.331108 18
9.4294968 -8.7029657 15.270061 18
9.0126486 -9.0920839 14.400799 3
9.7752266 -10.599702 15.339377 18
9.9117804 -11.534639 15.324652 22
9.5970945 -8.4625826 15.282573 27
9.2671919 -8.9320107 14.499866 9
10.001679 -10.36167 15.320696 5
10.192813 -11.326089 15.32834 15
9.7455645 -8.2123938 15.275805 16
9.6024437 -8.8404408 14.721746 9
10.221978 -10.121058 15.302646 14
10.460272 -11.09939 15.319659 22
9.8863573 -7.9608593 15.269446 14
10.025271 -8.8095379 15.069501 10
10.451143 -9.8883553 15.30574 13
10.734614 -10.877527 15.324054 17
9.8486233 -7.5796247 15.012921 4
10.353148 -8.6873436 15.280631 9
10.698444 -9.6718407 15.34114 14
10.970886 -10.617636 15.288441 6
10.169317 -7.4635787 15.280113 11
10.505325 -8.422699 15.249499 15
10.304726 -8.9218922 14.52265 8
10.270727 -7.1932116 15.24147 20
10.707587 -8.1964922 15.290452 15
10.676495 -8.8237257 14.748839 12
10.39457 -6.9400945 15.239934 16
10.860212 -7.9327374 15.273005 12
11.086291 -8.7364378 15.019281 13
10.834206 -9.1553516 14.166917 25
10.520208 -6.6888094 15.248566 16
10.932837 -7.6181431 15.158157 6
11.287362 -8.4842386 15.024028 12
10.842868 -8.746109 13.898909 63
10.631603 -6.4320154 15.246608 17
11.568489 -8.2888489 15.135214 17
11.164333 -8.580617 14.023613 38
10.74431 -6.1781683 15.254047 15
9.4852066 -6.5357108 12.333961 3
11.434856 -8.3685875 14.089964 60
10.817719 -5.906424 15.214344 8
11.154685 -6.7096119 14.875223 8
9.4757013 -6.2197533 12.143766 35
11.43873 -7.9766407 13.853315 53
10.866756 -5.6257267 15.150389 8
11.489159 -6.5597463 15.125872 10
9.457819 -5.905952 11.952334 48
9.5235329 -6.3765411 11.444575 42
10.914612 -5.3505979 15.091775 4
11.528853 -6.2469563 15.013346 26
9.456378 -5.6114125 11.791557 43
9.5874939 -6.1002221 11.337094 6
10.966871 -5.0802417 15.04702 3
11.523548 -5.9155207 14.852853 34
9.5680027 -5.3835163 11.77303 4
9.762435 -5.8925581 11.36094 4
11.009521 -4.8090997 14.997016 5
11.539475 -5.6023316 14.728559 16
11.034101 -4.5324769 14.928909 8
9.7476263 -4.5007257 12.427087 1
11.136047 -4.2895355 14.970289 8
9.7084017 -4.2201657 12.271714 2
11.265991 -4.0569506 15.052896 10
9.7254486 -3.9696293 12.190349 2
11.355946 -3.809772 15.085479 13
9.7260218 -4.0843549 11.319368 2
11.361526 -3.5381935 15.016336 17
10.717665 -3.0915403 14.140993 39
10.693745 -2.8344641 14.053788 34
10.301214 -3.8043103 10.851787 2
10.673229 -2.5808294 13.978354 31
10.902485 -2.3813822 14.218307 3
9.7762241 -2.8291614 10.926231 4
11.411085 -2.2305634 14.81022 25
9.6812096 -2.2665644 11.623621 2
10.683854 -3.09484 10.951335 35
11.420061 -1.9764541 14.783113 35
10.760924 -2.8389027 10.946944 29
11.42125 -1.7232714 14.753343 27
9.6427364 -1.8038901 11.485779 2
10.859735 -2.5871804 10.967264 31
11.414268 -1.4703383 14.719172 27
9.6684341 -1.5840558 11.474904 2
11.580242 -2.4605303 11.589824 69
11.437154 -1.220451 14.725153 15
11.588458 -2.173265 11.533589 77
11.419186 -0.96975374 14.687949 18
10.044511 -1.4318665 10.869729 1
11.588633 -1.8853005 11.475348 78
11.421144 -0.7226097 14.679906 17
11.586547 -1.6000127 11.421611 81
11.442919 -0.47464791 14.698361 11
10.105745 -0.96244496 10.864426 2
11.580955 -1.3191682 11.372149 78
9.3014688 -0.19048586 12.064744 23
10.152932 -0.72747916 10.886602 2
11.554183 -1.0351449 11.310907 54
9.2963133 0.011620045 12.0621 27
10.152928 -0.48942259 10.867846 2
11.567183 -0.75581563 11.294007 80
9.2783899 0.21314828 12.047215 32
9.5522356 -0.038714401 11.206398 68
11.573489 -0.47678009 11.275805 71
9.2736473 0.41385677 12.052266 31
9.5770798 0.17869461 11.233454 70
11.561131 -0.19674355 11.247305 76
9.2711716 0.61332613 12.063232 30
9.5632734 0.39380637 11.222296 78
11.555752 0.082524478 11.232848 82
9.2259474 0.81054199 12.026035 8
9.5453596 0.60895133 11.211185 91
11.549068 0.3602156 11.221628 82
11.348336 1.2328467 14.672316 16
9.6275015 0.83043981 11.315644 3
11.542235 0.63808393 11.218485 80
11.340234 1.4767696 14.694306 23
11.532313 0.91889369 11.219316 78
11.326124 1.7215323 14.713268 31
11.522411 1.1987454 11.226137 81
11.283371 1.9626029 14.704011 16
11.523485 1.4831372 11.250835 82
11.280166 2.2108026 14.747944 32
11.513412 1.7670251 11.272652 86
11.258048 2.4553859 14.772869 27
11.495375 2.0497079 11.292439 81
10.99145 2.6446841 14.495989 36
9.9274416 2.1129637 10.783591 4
11.501172 2.3380747 11.340236 88
10.629354 2.7990882 14.097736 7
11.469343 2.6213715 11.362768 80
10.529606 3.0133405 14.035279 38
10.720313 2.7324388 10.707906 50
10.494652 3.2442653 14.054694 29
10.668669 2.992847 10.71485 65
11.025659 3.6568832 14.810508 14
9.7100973 3.0386884 10.777705 2
10.649787 3.2706008 10.767506 49
10.950026 3.891046 14.799213 10
9.6082439 3.3235259 11.783104 3
9.6949282 3.284651 10.832583 2
10.54374 3.5201194 10.740012 2
10.883054 4.128788 14.799933 10
9.5267439 3.5372791 11.765929 2
9.6196642 3.5127075 10.830666 2
9.7543459 3.5317202 10.052094 4
10.79685 4.3583531 14.783959 8
9.5449476 3.7873123 11.870175 3
9.5955715 3.7584014 10.888456 2
10.787314 4.6195283 14.871733 6
9.528904 4.0292649 11.943016 4
9.6206684 4.0285535 11.005346 3
10.730388 4.8643041 14.903382 6
9.4881716 4.2625022 11.989792 6
9.5731373 4.2741952 11.051129 2
9.6808519 4.3244939 10.253441 2
10.641409 5.098053 14.896999 7
9.4812508 4.5155869 12.083687 3
9.5574589 4.5374975 11.140781 4
10.564605 5.3382726 14.915642 11
9.4410543 4.7577763 12.149664 2
9.5424147 4.804318 11.238949 3
9.6239338 4.8707814 10.421076 3
10.490377 5.5782256 14.941758 12
11.249465 5.9388914 14.49438 26
9.5961733 5.1512799 10.517354 3
10.396378 5.8107347 14.946843 18
11.210588 6.2362437 14.593276 52
9.5786734 5.4413795 10.631095 3
10.302609 6.0455027 14.957512 16
11.170783 6.5397606 14.701876 17
9.5159578 5.6469617 11.59902 2
9.5275831 5.7185388 10.718758 4
10.17054 6.2591367 14.920102 15
11.051304 6.8029437 14.717309 14
9.4120274 5.8855796 11.626619 4
9.5921392 6.0721431 10.943545 3
10.067846 6.4906936 14.929749 23
10.863115 7.0241036 14.654665 10
9.2207241 6.0706325 11.557133 37
9.5376024 6.3633046 11.048185 3
9.9669952 6.7243309 14.948471 17
10.721876 7.2746925 14.657188 7
9.2048473 6.3679156 11.703945 43
9.3661871 6.5830936 11.034707 9
9.843441 6.9483075 14.943167 15
10.686365 7.5964999 14.806828 5
9.1975327 6.6794949 11.872717 36
9.2848091 6.8623805 11.126566 28
9.7080154 7.1617374 14.925087 14
10.533041 7.8445735 14.807556 8
11.192529 8.448698 14.537692 44
9.5161982 7.3346157 14.827638 11
10.412133 8.1158876 14.861042 16
11.059489 8.7548904 14.612085 14
9.4281073 7.5849643 14.890611 14
10.244429 8.3560629 14.860801 18
10.824224 8.9832363 14.565647 15
9.5105057 8.1252937 12.03396 2
9.2938356 7.8060412 14.893438 16
10.059199 8.581625 14.841463 17
10.413555 9.0640001 14.298046 19
10.459449 9.3285666 13.442164 36
9.136776 8.0077868 14.866226 21
9.918437 8.8462505 14.89092 11
10.047754 9.1691494 14.087078 10
11.140372 10.388289 14.585467 49
8.996726 8.2243004 14.87164 24
9.6476574 8.9978504 14.762038 11
10.385795 9.9002895 14.829254 13
10.847926 10.611432 14.540134 19
8.8620377 8.4456577 14.888995 14
9.3467503 9.1167831 14.589971 12
10.154306 10.133773 14.819001 17
10.668372 10.943867 14.649698 5
8.7291269 8.6760054 14.919232 11
8.867919 9.0553017 14.15119 13
9.9226561 10.367243 14.816993 19
10.458649 11.249246 14.731475 12
8.515583 8.8281431 14.823012 13
8.5844927 9.1664391 13.999878 7
9.7031679 10.61774 14.841296 10
10.208632 11.517041 14.769572 20
8.3400431 9.0177612 14.797542 16
8.9064341 9.9088736 14.80209 18
9.4161434 10.791459 14.773451 13
9.9093399 11.734688 14.751497 19
8.0462017 9.0846291 14.576124 13
8.7408781 10.166136 14.866407 10
9.1687489 11.00943 14.771636 19
9.6807261 12.028522 14.840475 8
7.6102924 8.9829292 14.107915 14
8.4667959 10.302004 14.764881 12
8.9145174 11.218218 14.767894 18
9.3223972 12.171389 14.751602 18
7.3750072 9.0906382 13.982646 9
8.2653179 10.518171 14.783297 15
8.6978865 11.47422 14.833077 10
9.0259352 12.38199 14.756956 25
7.6743798 9.8385153 14.83007 15
8.0510817 10.721807 14.790939 16
8.3866844 11.609088 14.750628 13
8.7229662 12.583627 14.76196 14
7.4906936 10.032021 14.826572 18
7.8127241 10.895913 14.76438 22
8.1311712 11.81401 14.76596 17
8.3895512 12.740463 14.724274 18
7.302206 10.220576 14.822366 16
7.5908341 11.096741 14.778006 18
7.8577127 11.998499 14.760461 18
8.0951576 12.950737 14.757524 30
7.1049323 10.400887 14.811092 7
7.3470492 11.263703 14.754648 24
7.5769601 12.168462 14.74998 18
7.7642355 13.10326 14.734896 18
6.9082747 10.585869 14.808713 19
7.1422377 11.489884 14.813943 8
7.3025513 12.34782 14.756065 18
7.4528646 13.284704 14.753815 23
6.70153 10.756638 14.794082 24
6.8737407 11.624867 14.760193 23
7.0156441 12.503428 14.743142 8
7.1299653 13.442459 14.756733 14
5.4194403 9.2463074 12.515753 2
6.6346469 11.803198 14.770146 17
6.7384272 12.676958 14.756953 17
6.7973719 13.583654 14.748443 27
6.293272 11.116831 14.799511 24
6.3809295 11.959067 14.75738 17
6.4469228 12.822924 14.74907 17
6.463357 13.709564 14.737467 19
6.083066 11.290833 14.801849 18
6.1252513 12.111973 14.747583 17
6.1514897 12.963838 14.740201 20
6.1320329 13.842605 14.740542 19
5.8592734 11.44737 14.784314 26
5.8817749 12.289105 14.773973 21
5.8588672 13.108658 14.747547 27
5.7913599 13.951158 14.727853 26
5.6391602 11.613963 14.786831 15
5.6211653 12.435698 14.770397 12
5.5540376 13.225122 14.729903 4
5.4195266 11.78515 14.799127 16
5.3583717 12.582699 14.774695 17
5.2614169 13.369419 14.752158 24
5.1860986 11.935158 14.789768 17
5.0853629 12.710026 14.760056 24
4.9547195 13.479205 14.743235 23
4.7766137 14.269092 14.740297 29
4.9503951 12.087814 14.787887 19
4.8179135 12.848697 14.767318 16
4.6569576 13.609793 14.766375 19
4.4396644 14.364751 14.753455 21
4.7118645 12.233803 14.7822 20
4.5383873 12.960693 14.748583 19
4.3463402 13.706281 14.758833 18
4.0708914 14.359429 14.671112 19
4.472043 12.38694 14.791764 18
4.2704043 13.107694 14.775869 17
4.0308399 13.793221 14.745969 5
3.7476006 14.499802 14.743801 23
4.2216282 12.518892 14.778705 23
3.9947977 13.238894 14.79178 4
3.7217581 13.892555 14.755904 18
3.399801 14.550894 14.736874 28
3.9790289 12.682677 14.806837 8
3.7054782 13.328102 14.768056 17
3.4067738 13.975036 14.757165 18
3.0562963 14.61172 14.748102 25
3.7127669 12.783186 14.77023 19
3.4187543 13.435267 14.770366 17
3.092272 14.064562 14.772468 16
2.7091229 14.648372 14.745484 23
3.454596 12.911938 14.768937 20
3.1265333 13.52711 14.762084 17
2.773772 14.127727 14.767191 17
2.3675561 14.706016 14.768176 12
3.1907794 13.029588 14.764299 18
2.8345187 13.612051 14.754466 17
2.4571497 14.194121 14.773552 5
2.0203619 14.716569 14.755644 22
2.9258945 13.149236 14.76465 21
2.5423691 13.699073 14.755828 11
2.1344476 14.224233 14.751078 17
1.6777422 14.737269 14.763186 25
2.6569626 13.265704 14.768143 18
2.2471356 13.786821 14.764404 19
1.811422 14.264235 14.746743 17
1.3344576 14.745803 14.764893 18
2.3850896 13.38006 14.77667 16
1.9510542 13.868596 14.772952 18
1.4940017 14.317533 14.763304 17
0.97168869 14.558086 14.580248 10
2.1041753 13.45799 14.751008 16
1.6480589 13.915061 14.755328 18
1.1734251 14.347684 14.767708 16
0.65024906 14.723036 14.760122 18
1.8245767 13.568213 14.76749 21
1.3472258 13.987011 14.766623 21
0.84933966 14.352057 14.750064 13
0.31086418 14.698151 14.753478 17
1.5414295 13.656666 14.764715 16
1.0443269 14.041193 14.768554 12
0.52905732 14.382669 14.767212 16
-0.027143108 14.672346 14.757738 20
1.2562352 13.752062 14.776762 23
0.73917127 14.082617 14.764335 25
0.20709223 14.372784 14.750014 14
-0.3618882 14.652212 14.772588 18
0.9661445 13.835917 14.781431 12
0.43205267 14.112377 14.753932 17
-0.11383402 14.385432 14.764517 16
-0.69568443 14.543264 14.706439 13
0.67027223 13.889255 14.758743 15
0.12141678 14.15429 14.762262 16
-0.43445712 14.384052 14.769955 12
-1.0259005 14.524667 14.740943 12
0.37554035 13.981676 14.785842 17
-0.18722878 14.177011 14.758723 14
-0.75563043 14.318135 14.717803 9
-1.3526365 14.436711 14.71286 13
0.075602666 14.024444 14.767332 24
-0.498173 14.203606 14.767227 11
-1.0750484 14.319553 14.744405 15
-1.6756539 14.346769 14.688851 14
-0.22819358 14.085144 14.774814 17
-0.80813056 14.203031 14.753977 8
-1.3908266 14.270798 14.726341 14
-1.9960459 14.249906 14.667846 20
-0.53278291 14.142269 14.785838 7
-1.1225042 14.219556 14.768399 12
-1.7049286 14.208919 14.702268 16
-2.3081257 14.137915 14.63917 14
-0.83866394 14.159307 14.762878 9
-1.4306622 14.160638 14.709534 13
-2.0180838 14.136137 14.674324 12
-2.6196041 14.036195 14.625381 15
-1.1472678 14.18472 14.754584 15
-1.7398238 14.12891 14.687528 15
-2.3247545 14.045331 14.63462 10
-2.9244509 13.909437 14.593852 15
-1.4559296 14.174872 14.71557 20
-2.0466473 14.084167 14.657627 13
-2.6331944 13.981687 14.630752 22
-3.226501 13.790914 14.579203 16
-1.7673932 14.193229 14.715318 14
-2.3565214 14.040459 14.63663 9
-2.9322221 13.867099 14.57908 14
-3.5187638 13.643527 14.538688 15
-2.0750976 14.148425 14.657327 16
-2.6606569 13.969806 14.595757 15
-3.2326596 13.767577 14.552356 16
-3.8059299 13.495275 14.505242 12
-2.3866484 14.137694 14.640224 12
-2.9662259 13.920216 14.583866 13
-3.5300803 13.672139 14.535703 14
-4.0931621 13.35104 14.481828 24
-2.6989067 14.113918 14.618175 17
-3.2680943 13.839618 14.547078 19
-3.8211505 13.555824 14.504084 10
-4.3735433 13.204029 14.461364 17
-3.0075412 14.06215 14.57522 14
-3.5668428 13.751099 14.508309 14
-4.1112709 13.439567 14.479459 15
-4.6454663 13.04017 14.429001 20
-3.3208287 14.032399 14.56216 15
-3.8715303 13.694613 14.510389 8
-4.3993545 13.321402 14.458833 16
-4.9198222 12.893571 14.422438 21
-3.629982 13.98093 14.53416 16
-4.1664319 13.59344 14.474675 15
-4.6795592 13.190582 14.431341 18
-5.1885519 12.737906 14.411225 24
-3.9368432 13.899165 14.483348 10
-4.4632549 13.505059 14.457929 13
-4.959239 13.056583 14.408844 18
-5.4450245 12.556418 14.378007 9
-4.2552085 13.869389 14.494285 17
-4.7553673 13.390703 14.421305 17
-5.2370853 12.927678 14.397332 15
-5.7062893 12.401964 14.379661 25
-4.5499954 13.747802 14.417679 21
-5.0413671 13.271506 14.386723 20
-5.5073547 12.777882 14.368935 16
-5.9516344 12.214763 14.350508 21
-4.8647385 13.694069 14.418726 15
-5.3328481 13.16828 14.376059 9
-5.7703958 12.619248 14.337599 20
-6.1961169 12.031627 14.331341 16
-5.170403 13.601411 14.386965 17
-5.6166258 13.040168 14.346517 16
-6.0367932 12.47466 14.327184 16
-6.4301944 11.837771 14.304242 16
-5.4716063 13.496928 14.35223 13
-5.8971305 12.907223 14.317977 17
-6.29245 12.307313 14.297884 17
-6.6707802 11.662917 14.305037 21
-5.7738714 13.394473 14.326487 24
-6.1820631 12.788153 14.312457 15
-6.5525718 12.15379 14.291618 18
-6.8831644 11.44133 14.254209 6
-6.0752807 13.28583 14.302861 16
-6.4587626 12.647206 14.29096 16
-6.8120723 12.001373 14.292213 11
-7.118083 11.266545 14.266017 23
-6.380672 13.179188 14.290246 18
-6.7289085 12.495289 14.262749 23
-7.0480967 11.809146 14.253389 17
-7.3339005 11.066814 14.25139 26
-6.6804495 13.062375 14.274037 19
-6.9987307 12.342169 14.241789 20
-7.2810183 11.617953 14.219611 21
-7.5415335 10.857393 14.230659 23
-6.9602652 12.901164 14.217739 11
-7.2701287 12.194435 14.233386 24
-7.5142026 11.428099 14.193543 26
-7.7452087 10.649312 14.2128 26
-7.2642598 12.784709 14.219156 19
-7.5234575 12.01602 14.196255 15
-7.7496576 11.246181 14.18448 23
-7.9439778 10.437203 14.195975 24
-7.5484085 12.630466 14.1858 20
-7.7759886 11.83655 14.16511 15
-7.9749002 11.053423 14.165483 19
-8.1398258 10.2272 14.187151 23
-7.8314242 12.470261 14.155469 16
-8.0348053 11.666002 14.151904 16
-8.2033453 10.86665 14.161448 24
-8.2911787 9.9669847 14.108686 3
-8.1123238 12.305115 14.127165 24
-8.2874498 11.488599 14.137747 8
-8.4203215 10.66311 14.142511 11
-8.518508 9.8055782 14.176525 29
-8.5276079 11.293529 14.109644 27
-8.6323185 10.459781 14.127539 28
-8.6939726 9.58113 14.159774 31
-8.7678461 11.100495 14.088533 20
-8.8423395 10.25653 14.117581 26
-8.3666649 8.8014393 13.308087 4
-8.937315 11.778418 14.056255 20
-9.0039148 10.900564 14.067467 28
-9.0430374 10.041467 14.098705 19
-8.5803843 8.653492 13.391896 13
-9.2109509 11.599621 14.045967 25
-9.2432623 10.70962 14.062352 19
-9.2531681 9.8402767 14.10474 17
-8.9499111 8.6618261 13.735525 13
-9.4844904 11.417815 14.040758 20
-9.4803772 10.511686 14.05939 21
-9.4405642 9.6174564 14.084105 25
-9.2797012 8.614748 14.008693 15
-9.7339191 11.19939 14.000926 18
-9.6947603 10.29016 14.030693 19
-9.1078482 8.8599949 13.273528 3
-9.4897709 8.4448071 14.095795 36
-10.00098 11.007806 14.000972 22
-9.9438591 10.10323 14.058838 12
-9.3264523 8.6950369 13.333742 10
-9.6509352 8.2301779 14.115403 22
-10.240916 10.783028 13.967175 34
-10.141681 9.8664503 14.021122 23
-9.660821 8.6350422 13.566716 10
-9.7512236 7.9656334 14.048011 6
-10.501094 10.579748 13.971773 22
-10.344005 9.6364527 14.002165 20
-10.069038 8.6335163 13.912204 13
-9.9210682 7.762835 14.097193 20
-10.717724 10.323299 13.915985 11
-10.032765 8.9190922 13.269964 2
-10.319343 8.4711266 14.018383 27
-10.053821 7.5277534 14.093348 22
-10.994685 10.12979 13.951727 26
-10.220618 8.6945515 13.255264 9
-10.484533 8.23909 14.014802 26
-10.161978 7.2809372 14.064785 30
-11.218961 9.8831301 13.924639 36
-10.538669 8.5837708 13.423146 11
-10.647426 8.0043325 14.01311 14
-10.288003 7.0511222 14.070218 22
-11.437383 9.6349506 13.901821 27
-10.759846 8.3844576 13.465238 9
-10.820908 7.7801046 14.035469 6
-10.403045 6.8132215 14.066836 33
-11.656089 9.3844423 13.884132 11
-11.300562 8.4300661 13.923241 25
-10.938071 7.5160027 13.990242 25
-10.504811 6.5716572 14.054608 29
-11.2565 8.6330185 13.12176 11
-11.506676 8.2001276 13.948669 23
-11.083904 7.2744136 13.991863 21
-10.592491 6.324357 14.029395 13
-11.638718 8.530447 13.329891 19
-11.646713 7.923389 13.899305 10
-11.223868 7.0288777 13.989374 21
-10.705907 6.0945654 14.047935 8
-11.996252 8.3931799 13.507141 33
-11.739292 7.6142468 13.800073 4
-11.347094 6.7753525 13.974818 26
-10.840194 5.8760533 14.098207 12
-12.19419 8.1339808 13.502411 48
-11.855036 7.3280458 13.739837 4
-11.483059 6.528945 13.98335 18
-10.91093 5.6261048 14.070981 20
-12.272252 7.7903862 13.367537 41
-11.913778 7.0100036 13.621926 11
-11.601914 6.2758341 13.978921 13
-10.998197 5.3867831 14.074586 20
-12.093739 7.2958751 12.960102 55
-12.18877 6.8197007 13.765702 18
-11.692183 6.0074339 13.943727 4
-11.076172 5.1458879 14.071368 25
-12.07455 6.916461 12.745771 51
-12.267009 6.5174441 13.685701 44
-11.149434 4.9025126 14.068015 22
-12.04416 6.541028 12.533237 67
-12.254703 6.1679363 13.510902 57
-11.21723 4.6579413 14.063405 21
-12.104636 6.2250128 12.427998 71
-12.11197 5.7638698 13.199732 59
-11.816579 5.1472144 13.710856 8
-11.284842 4.4187546 14.066262 28
-12.198815 5.9330435 12.369471 93
-12.018052 5.3980393 12.957189 64
-11.885745 4.8801026 13.681717 14
-11.363848 4.1854486 14.090344 21
-12.227952 5.6110787 12.254509 77
-12.000679 5.0788012 12.811434 67
-12.037422 4.6506228 13.760011 14
-11.393491 3.9325013 14.057204 14
-12.204976 5.2708178 12.092894 72
-11.983654 4.7652431 12.67544 63
-12.116218 4.3902497 13.756456 32
-11.461011 3.6975462 14.078573 17
-12.197662 4.9461331 11.95891 62
-11.986852 4.4656763 12.570602 69
-12.17555 4.1236472 13.738319 40
-11.482752 3.4488299 14.048519 12
-12.181131 4.6230173 11.825258 65
-12.027533 4.1867342 12.515497 86
-12.205252 3.8490436 13.691309 47
-11.523376 3.2091498 14.049399 11
-12.167546 4.3090539 11.704662 62
-12.079478 3.9132638 12.48156 92
-12.188815 3.5640018 13.599566 55
-11.54834 2.9643874 14.03326 8
-12.154539 4.0012646 11.59273 68
-12.141864 3.6462617 12.464056 78
-12.152387 3.2781124 13.49051 47
-11.083093 2.6029444 13.406086 25
-12.159877 3.7008922 11.506739 76
-12.175944 3.3701699 12.42402 84
-11.340774 2.7959137 12.499349 74
-11.543978 2.4727907 13.953935 19
-12.141136 3.4008482 11.406989 69
-11.32877 2.8619535 11.461098 41
-11.331337 2.5428226 12.439384 66
-11.593414 2.2406468 13.988673 13
-11.332776 2.8943899 10.550292 18
-11.274982 2.5900006 11.349751 80
-11.308121 2.2912891 12.372872 57
-11.598516 2.000607 13.974062 8
-11.253096 2.6057878 10.412841 67
-11.287586 2.3385539 11.312831 71
-11.920345 2.1629665 13.034346 65
-11.622781 1.7660486 13.985971 8
-11.242409 2.339479 10.34689 70
-12.141858 2.2489738 12.157921 44
-11.924431 1.9059534 13.005879 65
-11.649678 1.5289236 14.007166 7
-12.109615 2.2463284 11.127639 31
-12.105139 1.9702392 12.078715 80
-11.908221 1.647633 12.961667 62
-11.611859 1.2889811 13.95293 10
-12.075665 1.9631978 11.050173 69
-12.090819 1.7009209 12.028807 79
-11.908016 1.3954366 12.941543 64
-11.635207 1.0573059 13.979862 9
-12.060457 1.6848669 10.999768 67
-12.075731 1.4344413 11.987702 75
-11.908829 1.1453116 12.928446 57
-11.626452 0.82344931 13.973735 11
-12.051497 1.4088526 10.960844 71
-12.072074 1.1693441 11.964751 75
-11.905788 0.89593518 12.918096 63
-11.62188 0.59116536 13.976341 11
-12.048802 1.1364433 10.934581 64
-12.074688 0.90587938 11.95341 83
-11.886489 0.6452812 12.895142 62
-11.615122 0.35930383 13.981312 25
-12.036943 0.86355603 10.908749 71
-12.058127 0.64412069 11.929569 82
-11.886266 0.39759439 12.900068 68
-11.610246 0.12779915 13.995245 79
-12.031932 0.59494138 10.894911 74
-12.053293 0.3825444 11.925706 80
-11.879952 0.15072668 12.903259 61
-11.594478 -0.10185218 13.998302 55
-12.026262 0.32496864 10.886995 63
-12.066939 0.12353364 11.945689 83
-11.875967 -0.095491432 12.915095 66
-11.597032 -0.32908624 14.031057 10
-12.016618 0.055715021 10.881942 62
-12.053579 -0.13788696 11.9436 80
-11.868938 -0.34233525 12.929103 66
-11.587461 -0.55882567 14.053005 13
-12.013037 -0.21225466 10.88902 72
-12.050276 -0.3958289 11.957638 80
-11.864973 -0.58821303 12.953095 62
-11.546794 -0.78694075 14.040061 8
-12.005498 -0.4791097 10.90011 66
-12.0379 -0.65654755 11.971722 82
-11.860997 -0.83507013 12.982094 68
-11.51053 -1.0129995 14.037873 10
-12.004169 -0.74992567 10.922948 62
-12.045866 -0.91852754 12.010494 85
-11.855333 -1.0817382 13.015864 59
-11.510033 -1.2428652 14.085791 10
-11.994587 -1.0187036 10.944077 74
-12.040504 -1.1803689 12.043577 76
-11.838325 -1.3283267 13.041926 55
-11.48551 -1.4692881 14.107796 11
-11.989038 -1.2885602 10.977188 70
-12.0191 -1.4418646 12.06673 82
-11.855282 -1.5815542 13.113926 55
-11.452896 -1.6954961 14.125883 12
-11.985381 -1.5603842 11.018378 76
-12.039668 -1.709167 12.139804 79
-11.875243 -1.8360312 13.194776 51
-11.431354 -1.9253844 14.16161 9
-11.981777 -1.8356649 11.067107 81
-12.038257 -1.9764731 12.196502 85
-11.85909 -2.0868716 13.240622 51
-11.368591 -2.1462061 14.150646 13
-11.974025 -2.110069 11.119307 75
-12.032693 -2.2440367 12.256639 80
-11.914829 -2.3547616 13.377506 54
-11.325012 -2.3701909 14.167686 13
-11.977414 -2.387949 11.188384 70
-12.047258 -2.5181401 12.345654 83
-11.948689 -2.6212246 13.495422 45
-11.281536 -2.5951211 14.190717 19
-11.980812 -2.6707101 11.26644 69
-12.042148 -2.7894123 12.418618 99
-11.981095 -2.8898916 13.617169 50
-11.227268 -2.8151345 14.201256 14
-11.986986 -2.9561069 11.352872 71
-12.064806 -3.0713925 12.531836 96
-12.033834 -3.1676657 13.773335 23
-11.186327 -3.0400784 14.23888 27
-11.587035 -3.1296639 11.04671 24
-11.248662 -3.1176412 11.739867 34
-11.227777 -3.1985283 12.907248 67
-11.105025 -3.2533357 14.225894 24
-11.152352 -3.2807097 10.709504 75
-11.17011 -3.3578846 11.750766 79
-11.220169 -3.4530051 12.999985 66
-10.560414 -3.3172233 13.595831 15
-11.145975 -3.5522599 10.80162 77
-11.17389 -3.6256161 11.858829 84
-11.201289 -3.7032712 13.083061 45
-10.406672 -3.4929166 13.489094 6
-11.983331 -4.1311455 11.763936 62
-11.853401 -4.1429605 12.729467 88
-11.846395 -4.2016048 13.990747 16
-10.877824 -3.8994532 14.238801 14
-11.986537 -4.4386516 11.891903 60
-11.798293 -4.4132872 12.793501 90
-11.737839 -4.4398937 13.985847 11
-10.827411 -4.1240988 14.286896 13
-11.985351 -4.7481904 12.02516 65
-11.780542 -4.7024951 12.908734 66
-11.593098 -4.6636176 13.941276 9
-10.756083 -4.3423476 14.313035 14
-11.977079 -5.0615745 12.160454 53
-11.757763 -4.992569 13.028006 69
-11.533908 -4.9209828 14.009565 5
-10.676703 -4.5583963 14.331246 13
-11.977506 -5.3870373 12.317843 63
-11.789431 -5.3137174 13.219208 55
-11.46472 -5.1783876 14.073646 4
-10.585529 -4.7687221 14.339007 17
-11.965095 -5.7117639 12.469569 67
-11.83204 -5.6495457 13.433747 49
-11.406622 -5.4411092 14.158403 6
-10.490385 -4.9787388 14.346823 11
-11.934942 -6.0324078 12.612631 86
-11.985573 -6.0529885 13.79453 34
-11.308702 -5.6886888 14.198547 11
-10.376421 -5.1771536 14.330907 10
-11.844013 -6.3259301 12.700074 82
-11.939466 -6.360435 13.929883 45
-11.217701 -5.9393311 14.254842 15
-10.2644 -5.3785191 14.323084 13
-11.763016 -6.6314454 12.810534 51
-11.854098 -6.650569 14.02628 17
-11.092763 -6.1714787 14.274152 20
-10.185505 -5.5958996 14.366724 20
-11.752225 -6.9820409 13.008349 52
-11.673604 -6.8860588 14.013211 10
-10.964235 -6.4024277 14.29587 15
-10.080001 -5.8003249 14.381662 24
-11.752653 -7.3482733 13.235599 41
-11.522527 -7.1403842 14.045576 6
-10.823766 -6.6281514 14.307054 16
-9.9552374 -5.9935365 14.36967 21
-11.874818 -7.8129544 13.622717 41
-11.437868 -7.4400735 14.169704 3
-10.682649 -6.8529525 14.322021 15
-9.8502064 -6.2022748 14.393697 22
-11.946244 -8.2598152 13.969918 45
-11.306478 -7.7120886 14.244978 8
-10.5549 -7.0862193 14.363249 12
-9.7313833 -6.4017982 14.402645 17
-11.825703 -8.5817308 14.099476 16
-11.163004 -7.9765286 14.311563 16
-10.387618 -7.2932391 14.356722 10
-9.6322927 -6.6142631 14.446827 14
-11.532729 -8.7709808 14.02222 9
-10.993085 -8.2243605 14.354059 15
-10.222483 -7.5033326 14.359059 15
-9.5272598 -6.8266678 14.488962 11
-11.425095 -9.1078672 14.190829 4
-10.791658 -8.4455557 14.35758 17
-10.080796 -7.72861 14.400705 20
-9.1297007 -6.8124437 14.06659 6
-11.202133 -9.3511677 14.219775 14
-10.365862 -8.475193 14.052312 5
-9.9093857 -7.9315877 14.404786 25
-9.2264786 -7.1856346 14.447419 14
-10.776099 -9.4117699 13.982304 12
-10.367415 -8.8672476 14.358784 7
-9.7509556 -8.145771 14.436316 20
-9.112215 -7.3948078 14.493768 22
-10.294967 -9.3983612 13.661074 8
-10.176767 -9.0995512 14.40238 15
-9.5927753 -8.3618612 14.475686 14
-8.9607601 -7.5742369 14.484978 21
-10.014718 -9.562789 13.616684 4
-9.9254122 -9.2686853 14.357903 15
-9.4040432 -8.55336 14.474074 6
-8.8230858 -7.7668972 14.504188 22
-10.287451 -10.302682 14.384522 7
-9.5887222 -9.3471222 14.186477 12
-9.2143068 -8.738698 14.473578 15
-8.6772995 -7.9552321 14.517555 22
-10.066493 -10.550021 14.461347 20
-9.1758289 -9.3321896 13.890949 11
-9.0270863 -8.9287729 14.487064 24
-8.5393763 -8.150238 14.549892 19
-9.8065348 -10.754637 14.489118 15
-8.8369055 -9.3826685 13.710348 7
-8.8449469 -9.1275501 14.519396 22
-8.3823557 -8.3298578 14.559023 18
-9.5468464 -10.956981 14.521002 19
-8.6188669 -9.5589676 13.724989 2
-8.6089277 -9.2602816 14.455972 18
-8.2432394 -8.5312004 14.60553 27
-9.2477865 -11.105726 14.495909 10
-8.8623304 -10.300943 14.546177 17
-8.3120317 -9.3193407 14.288345 12
-8.0780458 -8.7042942 14.607291 18
-9.0144873 -11.341802 14.587045 17
-8.6378508 -10.49447 14.584134 17
-7.9106541 -9.2381392 13.918922 11
-7.9166551 -8.8863678 14.627568 8
-8.7080727 -11.474513 14.559688 25
-8.3907671 -10.660452 14.592716 15
-7.6590028 -9.3291836 13.8255 9
-7.7405701 -9.0508976 14.62615 14
-8.4407206 -11.658665 14.605793 22
-8.1525698 -10.837384 14.623704 15
-7.4201741 -9.4366913 13.761906 5
-7.5420232 -9.191308 14.585526 14
-8.1675577 -11.834952 14.650501 15
-7.942544 -11.05504 14.717282 7
-7.6537147 -10.208052 14.659039 15
-7.2985811 -9.2690067 14.455675 14
-7.6677022 -11.178871 14.693981 15
-7.4390802 -10.372189 14.679624 14
-7.0031223 -9.2652082 14.211821 8
-7.588891 -12.13425 14.701799 21
-7.4056082 -11.319509 14.699261 14
-7.2244272 -10.538897 14.707864 12
-6.6970468 -9.2338829 13.93567 9
-7.3024826 -12.283221 14.740333 12
-7.1549349 -11.476409 14.733723 14
-7.0094972 -10.70649 14.743212 15
-6.4714408 -9.3146133 13.839162 7
-7.0109134 -12.421811 14.776375 10
-6.9067559 -11.641029 14.786695 11
-5.8813615 -9.303134 12.652223 11
-6.6827574 -10.104181 14.785493 10
-6.709033 -12.539509 14.794914 12
-6.6425619 -11.771635 14.80316 11
-6.477181 -10.244197 14.774868 10
-6.4263082 -12.69234 14.863689 11
-6.3771377 -11.905055 14.830793 4
-6.1526952 -10.177191 14.475493 6
-6.1101089 -12.77445 14.860897 11
-6.1032858 -12.022191 14.845856 9
-6.0917368 -11.300734 14.84201 12
-6.0881701 -10.580404 14.844185 11
-5.8074884 -12.882082 14.894327 9
-5.8323092 -12.142536 14.871325 9
-5.8504815 -11.430805 14.856454 10
-5.8824549 -10.732891 14.863026 12
-5.490869 -12.946645 14.888436 7
-5.567421 -12.269441 14.911563 12
-5.6115971 -11.560437 14.872226 11
-5.6692486 -10.87265 14.864352 12
-5.2079959 -13.089736 14.975581 11
-5.3036294 -12.403072 14.965355 12
-5.3691745 -11.692368 14.901703 9
-5.4670806 -11.043831 14.918466 8
-4.904633 -13.184534 15.023856 5
-5.0165081 -12.482423 14.964587 8
-5.1245213 -11.818124 14.930509 10
-5.2401705 -11.164829 14.907565 11
-4.5848603 -13.219262 15.008875 8
-4.7420878 -12.586899 15.001859 4
-4.874527 -11.937162 14.953818 4
-5.0227594 -11.316154 14.941379 10
-4.2867141 -13.323374 15.080815 6
-4.4591818 -12.674424 15.023887 6
-4.6266942 -12.070232 15.002135 6
-4.8041029 -11.472323 14.987249 3
-3.9642582 -13.337341 15.062428 9
-4.1743455 -12.753242 15.046454 7
-4.3787065 -12.202916 15.055626 7
-4.5844507 -11.633698 15.044717 4
-3.6538484 -13.393702 15.098792 6
-3.8905568 -12.838367 15.081819 7
-4.1164999 -12.302044 15.073585 6
-4.3447633 -11.748843 15.044312 7
-3.3457239 -13.452262 15.142927 4
-3.6037831 -12.907087 15.101281 5
-3.8506734 -12.392873 15.085542 7
-4.1031542 -11.869747 15.055841 6
-3.03685 -13.499856 15.185864 4
-3.5938404 -12.511261 15.142006 5
-3.8613379 -11.987771 15.07509 7
-2.7230937 -13.498116 15.187036 8
-3.316843 -12.55039 15.111237 3
-3.6334453 -12.159642 15.167609 6
-2.4125595 -13.51046 15.20829 6
-2.7416804 -13.088064 15.193714 6
-3.0542467 -12.662811 15.175591 5
-3.3668213 -12.209819 15.111405 4
-2.1072047 -13.5661 15.286174 5
-2.4477923 -13.122592 15.209133 5
-2.7774017 -12.724564 15.177402 6
-3.1204762 -12.352755 15.17373 5
-1.7929037 -13.528572 15.268106 3
-2.1575484 -13.172359 15.247416 5
-2.504421 -12.804912 15.211596 6
-2.8629282 -12.458798 15.195671 6
-1.4881009 -13.573836 15.349357 4
-1.8698812 -13.218945 15.286506 4
-2.2356608 -12.900759 15.267915 4
-2.6122124 -12.592814 15.254324 8
-1.18348 -13.530286 15.335229 5
-1.5772674 -13.236846 15.302554 5
-1.95549 -12.941465 15.269581 6
-2.3389454 -12.624702 15.201178 4
-0.87851471 -13.527339 15.378852 4
-1.2865486 -13.285446 15.36222 4
-1.6763866 -13.000203 15.296554 4
-2.0739143 -12.72091 15.229055 6
-0.57625306 -13.502444 15.404499 5
-0.99257106 -13.281563 15.367115 7
-1.3935601 -13.053654 15.324339 5
-1.8039403 -12.809891 15.252688 4
-0.69888663 -13.272721 15.372746 4
-1.108023 -13.053695 15.297557 5
-1.530002 -12.891831 15.278446 5
-0.40722463 -13.310232 15.442128 4
-0.82427675 -13.138434 15.375996 7
-1.251426 -12.958021 15.28875 4
0.32236847 -13.338606 15.426868 6
-0.11630041 -13.117071 15.250148 4
-0.53753102 -13.174995 15.404471 5
-0.97306079 -13.067005 15.356117 5
0.62127483 -13.329496 15.499383 5
0.17867301 -13.237765 15.42592 4
-0.24931018 -13.147121 15.363194 5
-0.68877435 -13.130486 15.376708 4
0.90723658 -13.198607 15.44073 7
0.46638179 -13.174754 15.400764 7
0.041336387 -13.223601 15.456592 3
-0.40074363 -13.176523 15.384847 4
1.191875 -13.109918 15.439222 4
0.75350803 -13.140591 15.414788 4
0.32853648 -13.192801 15.427482 5
-0.11572228 -13.145386 15.311138 5
1.475678 -13.009967 15.43051 4
1.0404786 -13.08754 15.414305 4
0.61866164 -13.187579 15.438272 6
0.17996751 -13.29016 15.448123 9
1.7532567 -12.907138 15.424149 5
1.327315 -13.038539 15.425084 4
0.90492386 -13.149888 15.415956 5
0.47233844 -13.298391 15.432935 4
2.0266201 -12.791039 15.407269 5
1.6064321 -12.954479 15.399265 3
1.1992286 -13.159425 15.455306 4
0.76785707 -13.312196 15.430208 5
2.3025608 -12.7051 15.433161 5
1.8869004 -12.891282 15.404434 5
1.4846932 -13.104831 15.425939 4
1.0632406 -13.302988 15.408314 5
2.5594394 -12.551579 15.383848 5
2.1666205 -12.82388 15.414611 5
1.7779009 -13.103981 15.470415 5
1.3641851 -13.331001 15.440924 5
2.8232365 -12.432728 15.38364 7
2.4383752 -12.728063 15.396343 5
2.0618024 -13.040071 15.444139 5
1.6613706 -13.309881 15.420742 5
3.0849793 -12.323161 15.400106 3
2.7137158 -12.64719 15.40304 6
2.3451576 -12.962977 15.412236 5
1.9623332 -13.304272 15.428173 5
3.3369386 -12.185886 15.387736 7
2.9794135 -12.535671 15.378794 3
2.6302075 -12.904109 15.40796 5
2.2626643 -13.276449 15.41497 7
3.5929325 -12.069016 15.408067 4
3.2490625 -12.449479 15.389338 5
2.9185655 -12.85243 15.420744 5
2.5651479 -13.254067 15.418062 6
3.8352919 -11.914146 15.385432 5
3.5103185 -12.33215 15.370915 6
3.1923056 -12.75189 15.380431 4
2.869432 -13.222644 15.419121 6
4.0721755 -11.757629 15.367729 5
3.774415 -12.223918 15.372512 9
3.4775259 -12.68712 15.392292 6
3.1615143 -13.142926 15.372983 4
4.3117604 -11.617478 15.374309 7
4.0346789 -12.112267 15.37325 6
3.7516031 -12.579509 15.357585 7
3.4788764 -13.142253 15.423646 8
4.5475936 -11.471777 15.379255 4
4.2855539 -11.981644 15.35406 7
4.0406351 -12.521652 15.391218 7
3.77368 -13.061266 15.39036 7
4.7703362 -11.30461 15.359153 8
4.5331001 -11.84153 15.331502 4
4.3168116 -12.426581 15.387134 6
4.0714259 -12.986785 15.3734 8
4.9984007 -11.156886 15.370527 8
4.7850389 -11.717365 15.335944 7
4.3874698 -12.949021 15.408416 9
5.2060795 -10.973846 15.339698 7
5.0433259 -11.608877 15.36659 11
4.6739922 -12.837223 15.364039 5
5.4253135 -10.816545 15.348787 13
5.2808256 -11.458304 15.347705 10
5.1277156 -12.079047 15.341721 10
4.9832439 -12.769637 15.379884 10
5.6269531 -10.63466 15.326833 10
5.5174026 -11.310452 15.338039 9
5.3952723 -11.960589 15.337103 9
5.2689939 -12.645837 15.336292 11
5.8345528 -10.462544 15.324609 11
5.7492685 -11.148862 15.31789 11
5.6691022 -11.845776 15.345352 11
5.5752406 -12.563428 15.352745 13
5.9487572 -10.152661 15.119677 5
5.851316 -10.775507 15.006871 9
5.9258337 -11.703563 15.324888 8
5.8709755 -12.449903 15.340741 10
6.226419 -10.104426 15.31006 15
6.2123537 -10.843628 15.318188 8
6.1940131 -11.575932 15.335321 9
6.1698065 -12.341612 15.346254 6
6.4186587 -9.9206858 15.307095 13
6.4442 -10.692144 15.329403 12
6.461401 -11.44989 15.353546 11
6.4733582 -12.236887 15.363708 14
6.1563044 -9.1228018 14.339117 3
5.6231189 -8.995121 13.099814 8
6.7112093 -11.293354 15.336969 12
6.750299 -12.084038 15.327909 17
6.3658419 -9.0040588 14.422263 9
6.8637338 -10.329888 15.28018 7
6.9660645 -11.141415 15.333865 14
7.0552301 -11.971506 15.352393 16
6.5852413 -8.8893356 14.522482 11
7.0834942 -10.162541 15.287373 12
7.2069254 -10.969686 15.312061 12
7.3311911 -11.809869 15.324888 14
6.920485 -8.9148045 14.862935 10
7.2970786 -9.9911261 15.292686 14
7.4566765 -10.80368 15.310294 13
7.2137332 -8.874547 15.112114 14
7.5027862 -9.8061152 15.285914 6
7.7049499 -10.643399 15.317972 13
7.8937082 -11.489581 15.304326 17
7.4557514 -8.7695131 15.261749 10
7.2175894 -9.047698 14.375173 5
7.9253726 -10.441168 15.276498 17
8.1727495 -11.323277 15.299086 18
7.6464906 -8.6063643 15.317977 11
7.439074 -8.9102726 14.435307 11
8.1773338 -10.279356 15.300484 17
8.4442139 -11.142124 15.28418 23
7.7660737 -8.3709278 15.248386 20
7.7593169 -8.8765869 14.676479 10
8.4073849 -10.09127 15.291787 17
8.7281866 -10.980594 15.301555 18
7.9202399 -8.1754055 15.252286 22
8.1383696 -8.8915005 15.01524 14
8.6405478 -9.9073219 15.297794 15
8.9858036 -10.781743 15.277182 10
8.0704584 -7.9836283 15.260666 22
8.4197035 -8.7994194 15.183169 17
8.2979879 -9.1269598 14.371065 3
9.277626 -10.619704 15.316922 20
8.2020311 -7.7698522 15.23982 24
8.6541481 -8.6481419 15.27099 15
8.5489759 -8.9763165 14.433854 8
9.527441 -10.405799 15.293188 21
8.3502541 -7.5754175 15.254596 18
8.8232269 -8.4333801 15.252209 16
8.8633652 -8.8851452 14.602456 10
9.7875462 -10.195268 15.286941 18
8.4865723 -7.3650618 15.249233 15
8.9668913 -8.1938343 15.194433 6
9.2833548 -8.874424 14.921436 15
9.9849586 -9.923789 15.198118 7
8.6050854 -7.1482596 15.227072 15
9.1841116 -8.0225677 15.268788 12
9.6494694 -8.8061991 15.162692 15
10.314523 -9.778388 15.309543 13
8.728713 -6.9390249 15.221624 22
9.3502703 -7.8089733 15.26716 15
9.8963118 -8.6230745 15.223445 13
9.9456186 -9.0191526 14.456162 8
8.8400087 -6.7213092 15.201015 13
9.4826612 -7.5709124 15.221735 15
10.150601 -8.4406843 15.299636 8
10.269655 -8.8768463 14.582829 12
8.9466143 -6.5047297 15.183676 6
9.675581 -7.3778868 15.27586 9
10.144539 -8.0565643 15.012666 7
10.690899 -8.799448 14.840387 16
9.1191006 -6.3309717 15.27576 9
9.8049698 -7.1367636 15.238483 13
10.504878 -7.9510202 15.249292 16
11.06832 -8.675828 15.038525 11
9.1934671 -6.0937867 15.217274 18
9.9201469 -6.8893361 15.19114 8
10.692026 -7.7122874 15.251531 18
11.259843 -8.4037075 14.997516 10
9.3061686 -5.8843689 15.22723 20
10.10305 -6.6865292 15.247059 12
10.836797 -7.4473176 15.202765 13
11.580984 -8.2239027 15.128682 14
9.4029217 -5.6674738 15.216516 15
10.222133 -6.4438944 15.216594 12
10.985415 -7.1837811 15.166489 5
9.4937048 -6.4721017 12.301129 6
9.4976959 -5.4505649 15.211059 15
10.349004 -6.2074924 15.207274 16
11.03767 -6.8688493 15.016644 3
9.5027504 -6.1585245 12.109931 45
9.6043987 -5.2437773 15.229404 12
10.473701 -5.9729409 15.199547 15
11.095538 -6.5622363 14.882225 6
9.4964552 -5.8438354 11.91172 41
9.6966486 -5.0281873 15.233563 14
10.590955 -5.731113 15.190699 12
11.36301 -6.3655672 15.022087 13
9.4764271 -5.5280795 11.709637 41
9.7351246 -4.7867017 15.159712 13
10.704309 -5.4881878 15.180234 16
11.50091 -6.1004453 15.005091 17
9.7411976 -5.370997 11.845408 2
9.7809772 -4.5525227 15.102299 8
10.803805 -5.237762 15.155642 9
11.528744 -5.7799678 14.854634 36
9.8836851 -4.3442054 15.13425 10
10.874715 -4.978302 15.103183 6
11.593245 -5.4839802 14.765697 12
9.9812851 -4.1357136 15.170608 9
10.938333 -4.7173228 15.050328 4
11.631165 -5.1797104 14.652721 7
10.05525 -3.9149532 15.170925 9
10.983324 -4.4519949 14.978335 4
9.7005968 -4.0907822 12.198939 3
10.14852 -3.7036896 15.205061 9
11.046502 -4.1923456 14.934362 4
10.197282 -3.4763288 15.178132 14
11.177364 -3.9571602 14.983951 8
10.26423 -3.2551579 15.186003 13
11.302216 -3.7202399 15.034674 10
9.7710371 -2.8781526 14.415577 13
11.208868 -3.4163797 14.816118 15
10.221755 -2.7702503 14.970618 17
10.692844 -3.0077732 14.073316 46
9.6978455 -2.8212473 11.680815 2
9.8424082 -2.9223087 10.829744 5
10.427689 -2.5864837 15.18665 14
10.697151 -2.7529068 13.994277 50
9.7122869 -2.5814278 11.616002 2
10.447004 -2.3564007 15.147 15
10.890117 -2.5429909 14.158436 10
10.479947 -2.1273844 15.128622 14
11.458759 -2.3990464 14.786606 18
10.525206 -1.9029741 15.136267 12
11.479518 -2.1357541 14.742755 16
10.547479 -1.6748059 15.113252 15
11.521732 -1.8785601 14.73096 11
10.589543 -1.4500865 15.122978 13
11.514194 -1.6151167 14.66531 12
10.611229 -1.2228632 15.113953 11
11.517994 -1.3531456 14.625203 12
10.648669 -0.99810243 15.128288 12
11.506113 -1.0917928 14.567981 10
10.627904 -0.76887429 15.06918 8
11.533614 -0.83629984 14.565846 10
10.403228 -0.72724259 10.875068 2
10.640578 -0.54051507 15.059246 10
11.515299 -0.57455379 14.51072 6
10.66969 -0.3139815 15.073573 9
9.3273211 -0.26021028 11.853547 20
9.7176428 -0.24484767 11.155901 55
10.652091 -0.086377531 15.033143 9
9.3308992 -0.051131837 11.844464 47
9.6908283 -0.018731045 11.114781 23
10.675222 0.14003831 15.052738 8
9.3191032 0.15920696 11.821428 51
9.6905422 0.21116796 11.106669 29
10.667788 0.36750051 15.035769 13
9.3240852 0.36933926 11.822679 63
9.6783199 0.43685791 11.090674 49
10.68012 0.59502923 15.048049 13
9.3128777 0.57986337 11.809985 69
9.6914587 0.66599768 11.10809 98
10.657307 0.82409441 15.020217 10
9.3939552 0.79776961 11.913443 6
9.6140604 0.88948089 11.033866 2
10.655518 1.0520319 15.024213 9
9.5871572 1.0330945 12.158233 2
10.653007 1.2841256 15.033115 10
11.486495 1.4894687 14.460469 5
10.627353 1.5096437 15.015466 11
11.461984 1.7475117 14.457638 7
10.595793 1.7391434 14.994419 10
11.454038 2.0096028 14.479093 8
10.599649 1.9726741 15.023956 12
11.450585 2.27581 14.512956 11
10.571575 2.2020297 15.016759 11
11.43257 2.5384743 14.536688 8
10.541314 2.4324744 15.011655 10
11.326119 2.7838478 14.457315 17
10.51575 2.6659102 15.019506 14
10.62828 2.8721876 13.658694 29
9.9622107 3.0238941 10.727184 4
10.481799 2.8969247 15.018785 14
10.588233 3.1199274 13.671369 38
9.996109 3.2971289 10.835513 2
10.008936 3.0051413 14.420416 5
10.556884 3.3692632 13.69793 43
9.8281689 3.5104666 10.739421 2
9.8231916 3.1818826 14.223241 9
11.281605 3.8696527 14.67277 35
9.552577 3.4887352 11.457994 3
9.5929232 3.6951787 10.582119 3
10.369734 3.5973866 15.037292 15
11.23224 4.1354709 14.698325 43
9.5434246 3.7397661 11.530757 4
9.5744705 3.953876 10.654971 2
10.316038 3.8286173 15.034245 20
11.191532 4.4064188 14.741115 50
9.5498018 4.0002441 11.630734 4
9.5893278 4.2338243 10.772817 2
10.251597 4.0584249 15.020915 20
11.132071 4.6745338 14.769611 20
9.5324545 4.2575221 11.710413 4
9.5647621 4.4998722 10.854533 6
10.196022 4.2914586 15.024776 14
11.088253 4.949204 14.822369 12
9.4902458 4.5063205 11.769248 3
9.5723143 4.7891989 10.982356 3
10.112787 4.5137148 14.995505 20
10.954774 5.1860986 14.768839 10
9.4864798 4.7748737 11.879091 6
9.547452 5.063108 11.082123 2
10.039418 4.7409968 14.988283 20
10.808497 5.4153819 14.704361 6
9.4943943 5.0567107 12.012769 3
9.5264292 5.3470864 11.194697 2
9.9779634 4.9775124 15.001908 15
10.750079 5.6900845 14.761823 4
9.4737406 5.3284965 12.120604 2
9.5544281 5.6634045 11.372522 2
9.8877935 5.201211 14.981669 15
10.709933 5.9775338 14.851513 3
9.4220839 5.5917168 12.201393 2
9.4129133 5.8901348 11.369122 4
9.8219471 5.4388227 15.002483 11
10.600732 6.2320709 14.859087 8
11.219687 6.9579277 14.586293 23
9.2157106 6.0821853 11.306464 40
9.7203827 5.6590004 14.976802 10
10.514774 6.4988303 14.902316 11
9.1423388 6.0175867 12.162378 5
9.2195959 6.400722 11.486112 41
9.6109533 5.8781743 14.947709 10
10.407182 6.7593279 14.928056 16
10.986753 7.5303617 14.686067 17
9.2043715 6.7160449 11.653852 43
9.5027676 6.0954738 14.926457 13
10.277395 7.0042276 14.92854 24
10.791178 7.7695451 14.647357 12
11.184242 8.4937029 14.267786 23
9.4141846 6.3286748 14.939961 21
10.106151 7.2231984 14.879895 16
10.691265 8.0768757 14.74264 5
11.168603 8.9014282 14.5061 41
9.3045788 6.5497794 14.930106 22
9.9716911 7.4687958 14.89003 16
10.551989 8.3564911 14.795623 6
10.462547 8.7696972 13.888542 26
9.2033052 6.7789907 14.938935 23
9.8616905 7.7339401 14.941482 13
10.422134 8.6483107 14.871415 14
10.396428 9.1355724 14.079383 43
9.0798321 6.9961004 14.923093 19
9.676507 7.9454741 14.896532 10
10.226355 8.8908062 14.867634 14
10.594009 9.7438211 14.632605 4
8.9633341 7.2195907 14.922688 21
9.4972715 8.1573896 14.86097 11
9.9121084 9.0300617 14.702971 11
10.478352 10.099113 14.798015 15
8.8489475 7.4491458 14.935302 18
9.3502111 8.3975058 14.882464 18
9.4932098 9.0620937 14.387381 16
10.232392 10.336702 14.797202 19
8.7445126 7.6884751 14.969914 9
9.1771402 8.622674 14.876893 16
9.1073141 9.1110706 14.117638 11
9.9726934 10.559804 14.784061 26
8.5326853 7.8402152 14.839514 9
8.9910803 8.8322973 14.855803 25
8.8301229 9.2531624 14.009522 4
9.7685032 10.842368 14.86276 17
8.4305267 8.0862007 14.89545 21
8.768321 9.0080624 14.782954 16
9.1544466 10.012699 14.821375 18
9.4424982 10.990598 14.768545 16
8.2819138 8.2980013 14.883761 21
8.4261942 9.0602036 14.520186 12
8.9230986 10.219656 14.808054 24
9.1893406 11.219297 14.789984 20
8.1301765 8.5077887 14.872936 21
8.0099125 9.0229445 14.135262 14
8.7127457 10.451014 14.83803 12
8.910799 11.411764 14.775612 33
7.9780827 8.7208891 14.868098 22
7.7354412 9.1234426 13.976567 9
8.4537058 10.629557 14.794921 13
8.6738625 11.663334 14.838427 10
7.8191152 8.9291544 14.861641 21
8.0364885 9.8824902 14.821466 18
8.2217999 10.835165 14.804165 28
8.3489876 11.795366 14.766613 29
7.5535617 9.0231266 14.673231 14
7.8386292 10.087951 14.827806 17
7.9686637 11.013185 14.784406 24
8.072401 11.985969 14.779718 26
7.1034741 8.8921719 14.142098 11
7.6212797 10.271832 14.808193 21
7.7192197 11.197367 14.78068 19
7.7755532 12.145956 14.763924 17
6.889761 9.0237532 14.044625 11
7.4087167 10.466841 14.807469 17
7.4737787 11.385587 14.788886 17
7.4799438 12.304865 14.755054 18
6.6879215 9.1684971 13.974082 4
7.2042365 10.66885 14.825696 17
7.2117739 11.551793 14.77844 26
7.1821699 12.457236 14.749589 19
6.955061 9.9405298 14.846163 20
6.9678526 10.832871 14.797535 13
6.9536433 11.720694 14.778834 11
6.8861876 12.614287 14.756915 18
6.7624645 10.12894 14.833733 16
6.7442698 11.016621 14.80202 18
6.7038808 11.906927 14.80722 16
6.5828223 12.750907 14.751478 26
6.5572643 10.305799 14.80748 21
6.5121641 11.186919 14.795687 20
6.4247174 12.041002 14.779857 19
6.2814369 12.888718 14.756856 28
5.3615441 8.9636431 12.651763 27
6.2753129 11.35122 14.786151 18
6.1608534 12.202752 14.792231 15
5.9868455 13.036757 14.781195 24
5.1782751 9.1041346 12.626541 5
6.0374136 11.52049 14.788417 27
5.8828263 12.337048 14.781451 17
5.6762118 13.152312 14.777385 19
5.9577494 10.87454 14.816766 27
5.8021464 11.694036 14.803815 17
5.6056719 12.474538 14.780802 8
5.3652177 13.257174 14.772502 23
5.7497611 11.060978 14.823919 15
5.5407124 11.819923 14.765063 3
5.3268714 12.603091 14.779071 19
5.0461154 13.345495 14.756012 26
5.5296679 11.23068 14.815472 3
5.3014145 11.99435 14.793507 18
5.0494437 12.740524 14.792577 31
4.7327428 13.440005 14.757572 24
5.3054461 11.40433 14.813009 21
5.0458665 12.139246 14.792057 17
4.7522821 12.833303 14.763157 20
4.4194889 13.531589 14.763047 23
5.0774508 11.570982 14.809423 22
4.7827873 12.269006 14.777478 22
4.469348 12.953641 14.774572 21
4.1071725 13.625173 14.780541 20
4.8370061 11.718084 14.786989 21
4.520668 12.399653 14.772063 18
4.1806874 13.062749 14.780131 17
3.7887053 13.686578 14.771097 26
4.60675 11.893785 14.804333 19
4.2583432 12.537564 14.781417 18
3.8940897 13.170102 14.791491 16
3.470268 13.743995 14.766658 19
4.3658981 12.050038 14.803831 23
4.0041089 12.700657 14.827888 4
3.594043 13.248802 14.77718 18
3.1537416 13.800406 14.76935 18
4.1071005 12.168714 14.763433 10
3.7201676 12.783797 14.786494 18
3.2980802 13.32969 14.774846 17
2.8346717 13.84952 14.773228 25
3.8699319 12.346968 14.802964 21
3.4439132 12.89193 14.782125 20
3.0008862 13.403586 14.772295 21
2.5127237 13.869987 14.752639 11
3.6128449 12.492052 14.802195 18
3.1648042 12.995396 14.777535 18
2.7021699 13.477481 14.775921 18
2.2030909 13.933751 14.789287 25
3.3497839 12.617594 14.789968 23
2.8803825 13.090464 14.772351 27
2.4086914 13.568486 14.806722 11
1.8835698 13.947917 14.781363 22
3.0874281 12.753335 14.794559 26
2.5981417 13.181652 14.770106 14
2.1003463 13.587861 14.768699 16
1.56838 13.970256 14.788324 23
2.8159821 12.873733 14.788542 20
2.3115354 13.273888 14.774978 14
1.7977593 13.638658 14.770665 18
1.2528517 13.975154 14.787089 18
2.5410528 12.980573 14.771738 8
2.0228364 13.358299 14.777368 18
1.4958351 13.686789 14.777163 24
0.93843549 13.986637 14.79897 12
2.2696211 13.118202 14.797232 22
1.7354137 13.452501 14.798027 18
1.1926231 13.731556 14.787973 15
0.62355995 13.977058 14.797966 17
1.987915 13.227453 14.795848 21
1.4375836 13.490236 14.764834 18
0.88966817 13.768373 14.79774 12
0.31113738 13.952593 14.787896 20
1.7003877 13.331706 14.795276 16
1.1406351 13.568275 14.781371 17
0.58179772 13.76588 14.772634 17
-0.00042289132 13.933081 14.790908 18
1.4111962 13.423675 14.788954 21
0.84402233 13.63318 14.791106 13
0.27645531 13.77858 14.772511 19
-0.30982456 13.906769 14.794828 16
1.1207316 13.524905 14.80038 15
0.54476506 13.685179 14.795675 16
-0.028046081 13.796444 14.784219 17
-0.61766392 13.855283 14.779947 10
0.82282048 13.598645 14.788065 16
0.24352844 13.727866 14.796504 12
-0.33178118 13.816181 14.806121 15
-0.92134249 13.833081 14.80298 9
0.52298146 13.672529 14.784672 21
-0.059574682 13.768744 14.803208 16
-0.63488716 13.748493 14.742463 9
-1.2215549 13.732494 14.750441 16
0.22191291 13.7673 14.810263 16
-0.36309171 13.774353 14.779038 20
-0.93738812 13.783783 14.794927 11
-1.5183294 13.659606 14.733416 17
-0.084859848 13.818128 14.79477 19
-0.66903496 13.744864 14.726037 9
-1.2387679 13.723366 14.75314 12
-1.8113348 13.578493 14.715744 14
-0.39329138 13.871607 14.792682 16
-0.97504634 13.812669 14.782862 11
-1.538685 13.672915 14.729508 16
-2.1055551 13.497187 14.704308 20
-0.70268637 13.816643 14.679943 14
-1.2805456 13.793148 14.755026 13
-1.83348 13.595557 14.684971 14
-2.3880701 13.375109 14.654994 8
-1.0183917 13.935394 14.761464 13
-1.5842836 13.762671 14.724219 15
-2.131186 13.549362 14.679202 16
-2.6719496 13.286263 14.6494 18
-1.3332385 13.969851 14.76026 15
-1.889378 13.727216 14.693345 15
-2.4199104 13.458337 14.633443 10
-2.9479024 13.161603 14.609794 18
-1.6483147 13.973394 14.734957 16
-2.1945703 13.693065 14.672177 15
-2.7159255 13.412469 14.642486 16
-3.2234168 13.056116 14.597157 18
-1.9625937 13.946839 14.686857 20
-2.4976633 13.65488 14.655175 12
-3.0026135 13.31856 14.60778 15
-3.4956636 12.941602 14.581599 20
-2.2826762 13.950227 14.676642 12
-2.7944694 13.577188 14.600642 12
-3.2896414 13.243303 14.597288 15
-3.7616146 12.821813 14.564384 15
-2.5989451 13.929197 14.648814 15
-3.0949471 13.514948 14.572796 15
-3.5712123 13.143492 14.569669 13
-4.0221972 12.681469 14.53301 23
-2.9159458 13.890513 14.611814 16
-3.3980417 13.474763 14.574851 16
-3.8518832 13.046737 14.551041 7
-4.2767663 12.540277 14.503661 27
-3.2338977 13.847797 14.579898 15
-3.6941757 13.397596 14.546127 14
-4.1261063 12.932097 14.519523 17
-4.5326629 12.409188 14.49325 26
-3.5474811 13.790587 14.539492 14
-3.9911897 13.314818 14.517894 14
-4.3950758 12.80693 14.482575 16
-4.7813563 12.269576 14.476447 28
-3.8653963 13.745056 14.519353 6
-4.2840228 13.224859 14.490006 16
-4.6640339 12.680536 14.4519 17
-5.0259271 12.123866 14.458926 24
-4.1808586 13.679622 14.487255 17
-4.5759468 13.135988 14.470162 15
-4.927937 12.551237 14.422399 23
-5.2683387 11.974085 14.445631 14
-4.4992094 13.612128 14.467358 17
-4.8652444 13.027078 14.441544 16
-5.2004662 12.447835 14.433825 18
-5.491653 11.788487 14.394586 22
-4.8165436 13.54235 14.448699 26
-5.1524272 12.92102 14.418172 18
-5.454381 12.29854 14.395748 15
-5.7257566 11.641855 14.392519 22
-5.1192999 13.431855 14.395253 16
-5.4332438 12.799133 14.385782 12
-5.7088733 12.154325 14.370468 25
-5.9486842 11.473411 14.368433 20
-5.4322462 13.346294 14.377538 10
-5.7153888 12.680395 14.363131 22
-5.965817 12.024287 14.365937 15
-6.1707525 11.308186 14.354155 32
-5.7451491 13.256988 14.36355 18
-5.9954767 12.557778 14.34454 25
-6.2121029 11.869435 14.339605 17
-6.393033 11.149997 14.352934 23
-6.0534043 13.143609 14.332835 17
-6.2734456 12.431151 14.328002 18
-6.4574504 11.717554 14.323302 16
-6.608923 10.984179 14.346434 22
-6.3573761 13.026903 14.304424 16
-6.5469213 12.292196 14.304825 18
-6.6975679 11.562412 14.305344 23
-6.6603608 12.901599 14.278833 16
-6.8196087 12.153643 14.289401 3
-6.9303246 11.387723 14.273215 22
-6.965498 12.781285 14.266219 17
-7.0944648 12.0201 14.28895 19
-7.1749363 11.242968 14.283896 23
-6.1819301 8.8375483 12.108535 60
-7.2504544 12.616258 14.213909 16
-7.3524241 11.852824 14.255716 15
-7.4017901 11.069492 14.263797 25
-6.3755074 8.727499 12.159897 6
-7.5471177 12.475499 14.195918 24
-7.6073194 11.681989 14.225019 18
-7.622407 10.886487 14.238291 26
-7.5919719 10.067143 14.265794 25
-7.8426061 12.327513 14.178254 22
-7.8581252 11.507037 14.196601 17
-7.8431849 10.70735 14.22299 16
-7.7713475 9.8719625 14.244761 30
-8.1245527 12.157798 14.144785 19
-8.1026859 11.322162 14.163414 20
-8.0504761 10.513316 14.193027 23
-7.9579544 9.6875324 14.246847 29
-8.4397831 12.03546 14.176124 9
-8.3598337 11.159076 14.164114 5
-8.2630091 10.326222 14.17898 6
-8.128149 9.4896412 14.228809 21
-8.7006731 11.828231 14.117762 15
-8.6023474 10.972445 14.143756 24
-8.4756451 10.142363 14.174743 18
-7.8455963 8.7525053 13.393949 7
-8.9729214 11.639499 14.090742 23
-8.8436804 10.785495 14.129843 17
-8.6746397 9.94238 14.15504 26
-8.0631409 8.6376839 13.496755 13
-9.2464247 11.451861 14.071592 23
-9.0779877 10.589798 14.112866 17
-8.859417 9.7277679 14.118318 41
-8.372612 8.6174669 13.759768 13
-9.5250454 11.267166 14.066413 14
-9.3030357 10.384287 14.088964 22
-9.0774202 9.5546713 14.148303 28
-8.7189894 8.6256227 14.084528 23
-9.7881203 11.060698 14.044377 6
-9.5353718 10.18661 14.081985 24
-8.7680225 8.8182163 13.335503 4
-8.9318285 8.486124 14.180265 27
-10.040638 10.843744 14.015307 25
-9.7395344 9.9567547 14.041157 5
-8.9894934 8.6694155 13.399286 12
-9.0830317 8.2844696 14.179613 33
-10.300629 10.632412 14.004314 18
-9.9906836 9.7786922 14.077932 28
-9.3322802 8.6328325 13.651496 15
-9.2215958 8.0705414 14.164241 31
-10.553092 10.411844 13.990663 19
-10.19358 9.5474501 14.050554 26
-9.6740389 8.5878916 13.903474 11
-9.362565 7.8641682 14.161689 32
-10.838612 10.221136 14.02864 4
-9.8396711 8.7961092 13.246214 3
-9.9690123 8.4855051 14.08117 24
-9.4870234 7.645977 14.141431 33
-11.037628 9.9469433 13.958335 25
-10.102174 8.6441364 13.333103 12
-10.125401 8.2565622 14.058679 41
-9.5994692 7.4200392 14.109056 15
-11.274785 9.7103043 13.949347 21
-10.537057 8.635396 13.657222 10
-10.299299 8.0436401 14.068563 22
-9.7776461 7.2503099 14.183746 11
-11.510085 9.4677067 13.941334 26
-10.928543 8.5742321 13.920151 15
-10.45892 7.8198462 14.065992 21
-9.8872108 7.0266218 14.162339 19
-11.12956 8.721364 13.182821 8
-11.162984 8.3728504 13.973179 26
-10.584945 7.5725675 14.023589 13
-9.9846048 6.7962298 14.128044 29
-11.456412 8.5713015 13.318405 18
-11.35426 8.1364346 13.977627 23
-10.752806 7.3578019 14.047017 10
-10.10865 6.589303 14.141539 23
-11.486505 8.1906004 13.102022 9
-11.521135 7.8813968 13.957073 14
-10.912592 7.1361012 14.063364 15
-10.203176 6.3629675 14.117128 30
-12.125983 8.2546616 13.613378 31
-11.643092 7.5951328 13.888867 6
-11.023412 6.8822298 14.023062 26
-10.305967 6.144464 14.112681 26
-12.298173 7.9723783 13.577921 39
-11.745867 7.3023162 13.807669 3
-11.170065 6.6538167 14.03741 20
-10.414927 5.9299307 14.122102 25
-12.125726 7.4665642 13.16054 43
-11.839643 7.0066252 13.724509 7
-11.292321 6.4097633 14.025967 24
-10.497537 5.7027783 14.10176 13
-12.041533 7.039124 12.863644 68
-11.970106 6.7343125 13.693196 13
-11.419691 6.1706791 14.028526 24
-10.592359 5.4834514 14.103347 10
-12.017828 6.6626048 12.648313 56
-12.182102 6.5114398 13.767389 26
-11.516513 5.9140863 13.998239 14
-10.7046 5.2758222 14.136751 12
-12.044336 6.3243551 12.50139 66
-12.215058 6.1891851 13.639385 56
-11.610396 5.6588597 13.972779 6
-10.785229 5.0509958 14.131278 16
-12.128874 6.0240431 12.427402 82
-12.175894 5.8372502 13.43805 49
-11.667689 5.3882685 13.908745 4
-10.860894 4.8263102 14.123933 19
-12.188221 5.7133436 12.336431 97
-12.030508 5.4444499 13.128123 67
-11.711989 5.113977 13.834668 4
-10.932556 4.6015711 14.118612 26
-12.18877 5.379653 12.192808 55
-11.974794 5.1058688 12.931634 54
-11.766582 4.8474422 13.783378 9
-11.001347 4.3759251 14.113007 22
-12.172443 5.0463428 12.041942 67
-11.968066 4.7973924 12.801841 66
-11.843489 4.5944324 13.766316 8
-11.066975 4.1503019 14.1099 33
-12.139041 4.7144728 11.885579 76
-11.94629 4.4893517 12.663266 64
-11.946907 4.3511925 13.786853 15
-11.13082 3.9258652 14.110387 22
-12.143268 4.4018378 11.774711 72
-11.973389 4.2052994 12.588181 87
-12.051394 4.1086974 13.815345 34
-11.187432 3.6992977 14.106196 21
-12.128416 4.089438 11.657132 62
-12.006486 3.9250591 12.52729 90
-12.086846 3.842509 13.768383 45
-11.226811 3.4691939 14.085062 26
-12.118888 3.785265 11.551329 67
-12.05407 3.654834 12.489114 91
-12.111443 3.5727584 13.71326 48
-11.296947 3.2497149 14.109555 19
-12.121603 3.4877937 11.467517 75
-12.117836 3.3902311 12.475945 88
-12.143179 3.3108096 13.675194 56
-11.322366 3.0158916 14.081386 21
-12.107229 3.1916575 11.374765 76
-11.290038 2.886658 11.521198 9
-11.311358 2.8239207 12.639503 68
-10.836816 2.6533921 13.398939 19
-11.227325 2.6814539 10.45238 69
-11.25224 2.6200199 11.420568 80
-11.307206 2.5746846 12.577587 65
-11.330441 2.5461867 13.986655 20
-11.218762 2.4152708 10.384562 72
-11.24391 2.3628385 11.356716 82
-11.2921 2.3276432 12.50972 72
-11.429718 2.33409 14.069233 14
-11.566372 2.2252641 10.668126 10
-12.007369 2.2610745 12.108413 21
-11.931895 2.2085536 13.200924 65
-11.448269 2.1056495 14.052106 9
-12.044883 2.0450284 11.08026 74
-12.068643 2.0070367 12.128358 84
-11.906773 1.951232 13.132196 59
-11.481233 1.8813242 14.061042 11
-12.032054 1.7650392 11.027521 70
-12.05714 1.7390634 12.079595 84
-11.913791 1.7009472 13.105323 58
-11.501887 1.6538442 14.056049 9
-12.023526 1.4910785 10.986864 66
-12.061824 1.4737478 12.051847 71
-11.869482 1.4454699 13.026699 66
-11.531581 1.4279299 14.069027 11
-12.026982 1.2185379 10.963133 65
-12.0585 1.2113551 12.025097 84
-11.897637 1.1985315 13.035765 70
-11.53205 1.1995909 14.0501 9
-12.005346 0.94668895 10.924465 69
-12.059168 0.95012778 12.006295 79
-11.858393 0.94808894 12.975055 57
-11.561697 0.9738915 14.074039 12
-12.005873 0.67851752 10.91169 59
-12.045799 0.68824154 11.981528 79
-11.858485 0.70297241 12.965142 66
-11.538052 0.74422461 14.033115 22
-12.001442 0.4095386 10.901846 79
-12.046641 0.42916551 11.976614 77
-11.841578 0.45722091 12.939237 64
-11.568835 0.51963508 14.06598 18
-11.992015 0.14074309 10.894068 61
-12.03645 0.16941351 11.966795 76
-11.858905 0.21398564 12.960255 54
-11.553439 0.29302743 14.044965 29
-11.988774 -0.12505792 10.898098 67
-12.034348 -0.089368194 11.971742 85
-11.85612 -0.030747226 12.963087 66
-11.559126 0.066133134 14.056695 125
-11.981527 -0.38975006 10.9051 65
-12.047355 -0.34653556 11.998717 76
-11.838296 -0.27342588 12.95419 72
-11.537616 -0.15958063 14.037817 48
-11.972083 -0.65864182 10.916379 65
-12.024076 -0.60416663 11.994001 81
-11.824392 -0.51724797 12.95638 63
-11.531203 -0.38454345 14.043899 13
-11.981789 -0.92679465 10.953593 67
-12.018959 -0.86400008 12.015209 75
-11.832699 -0.76131141 12.98945 52
-11.54795 -0.61076796 14.08384 13
-11.973549 -1.1935509 10.979775 72
-12.01889 -1.1239386 12.048332 80
-11.823915 -1.0071065 13.009545 59
-11.535573 -0.8375349 14.089867 10
-11.973291 -1.4634597 11.020948 65
-12.016865 -1.383817 12.085471 76
-11.823215 -1.2530206 13.04462 63
-11.516191 -1.0651263 14.094929 8
-11.974031 -1.7353442 11.069098 64
-12.005836 -1.6445047 12.119541 75
-11.84454 -1.5023736 13.110547 74
-11.491857 -1.290663 14.095906 9
-11.978753 -2.0093024 11.1292 66
-12.014719 -1.9095869 12.180707 83
-11.841752 -1.7512251 13.153681 52
-11.461452 -1.5160658 14.095046 10
-11.964396 -2.281903 11.176493 72
-12.007561 -2.1752949 12.232913 75
-11.829931 -1.9998994 13.19384 49
-11.464076 -1.7460666 14.141085 7
-11.965981 -2.5597863 11.247746 73
-11.998417 -2.4399624 12.289142 80
-11.863081 -2.26033 13.291875 61
-11.423678 -1.9721756 14.137224 11
-11.972612 -2.8406405 11.330956 66
-12.01923 -2.7150931 12.385275 84
-11.853271 -2.5129147 13.346022 62
-11.391334 -2.1984096 14.148335 11
-11.972184 -3.1243198 11.416203 40
-12.04298 -2.9942548 12.490417 82
-11.79752 -2.7556169 13.353287 12
-11.354987 -2.4245534 14.158461 13
-11.170321 -3.173486 10.707281 61
-11.396403 -3.0896769 11.878143 12
-11.955334 -3.0572474 13.61905 51
-11.328632 -2.6538553 14.186564 13
-11.135374 -3.4324629 10.765542 76
-11.165161 -3.2839704 11.714822 78
-11.211109 -3.1091709 12.819932 43
-11.293262 -2.8829665 14.209699 12
-11.134261 -3.7050591 10.865743 76
-11.154322 -3.542371 11.798987 84
-11.209544 -3.3594973 12.904906 85
-11.247211 -3.109457 14.2236 15
-11.960384 -4.2900753 11.822972 62
-11.869949 -4.0609756 12.697225 88
-11.206383 -3.6128521 12.994662 63
-11.074549 -3.2978845 14.074779 18
-11.975541 -4.6002836 11.966372 75
-11.816617 -4.3299832 12.7568 87
-11.853852 -4.1048522 13.886724 27
-10.585341 -3.3773711 13.506122 11
-11.955815 -4.9003887 12.080746 66
-11.771329 -4.6046734 12.832148 85
-11.810822 -4.3666601 13.949008 21
-10.525306 -3.5890074 13.512252 2
-11.95883 -5.2169113 12.231107 61
-11.757892 -4.8939271 12.952454 61
-11.747843 -4.6250587 13.995358 12
-11.026998 -4.0166078 14.283326 15
-11.94983 -5.5341525 12.376495 69
-11.76525 -5.1985383 13.105643 66
-11.613276 -4.85218 13.95774 8
-10.948706 -4.2388825 14.281481 14
-11.962561 -5.8677969 12.556814 79
-11.769424 -5.5080972 13.264015 53
-11.546328 -5.1094742 14.01114 6
-10.885336 -4.4664073 14.303748 23
-11.904622 -6.1750746 12.673413 85
-11.833978 -5.8566928 13.506328 53
-11.470356 -5.3645873 14.061552 3
-10.80795 -4.6896701 14.31404 23
-11.804006 -6.459528 12.749062 67
-11.956818 -6.2463474 13.829628 58
-11.443029 -5.6475019 14.181903 4
-10.719728 -4.9086308 14.314319 21
-11.732194 -6.7633858 12.86665 60
-11.923867 -6.5609913 13.978124 43
-11.326387 -5.8857431 14.194366 8
-10.66024 -5.1460705 14.361574 21
-11.728577 -7.1154757 13.074203 53
-11.842232 -6.8546891 14.078704 17
-11.257339 -6.1518192 14.274781 15
-10.570009 -5.3669415 14.371868 13
-11.739523 -7.4907751 13.313805 39
-11.588344 -7.0421948 13.972436 8
-11.139647 -6.3939848 14.299265 15
-10.454935 -5.5763583 14.3512 9
-11.921269 -7.9931898 13.771348 47
-11.512606 -7.3439302 14.097029 4
-11.006144 -6.6258411 14.30876 15
-10.336893 -5.7846966 14.332538 11
-11.918838 -8.3871002 14.029078 36
-11.365635 -7.6003299 14.139678 3
-10.865774 -6.8562155 14.31817 17
-10.246874 -6.0110927 14.36065 14
-11.765716 -8.6747017 14.113581 13
-11.277568 -7.8992114 14.265907 10
-10.748612 -7.101047 14.36235 21
-10.154945 -6.2376328 14.391745 21
-11.510676 -8.8857479 14.079285 8
-11.136497 -8.1625643 14.332551 16
-10.594311 -7.3213553 14.364888 16
-10.027886 -6.4446526 14.378154 24
-11.349165 -9.1705065 14.171182 5
-10.940042 -8.389883 14.3363 17
-10.476529 -7.5723066 14.427438 8
-9.9147406 -6.6619382 14.392525 29
-11.019324 -9.309309 14.048974 14
-10.763559 -8.6277075 14.370873 21
-10.260221 -7.7464628 14.353057 11
-9.802681 -6.8831158 14.415993 19
-10.630859 -9.3848677 13.849836 13
-10.578126 -8.8600464 14.400773 11
-10.095082 -7.9595723 14.358614 11
-9.6933765 -7.1074514 14.448375 25
-10.236619 -9.4405088 13.637501 9
-10.322754 -9.0303354 14.338434 4
-9.9693727 -8.2083597 14.429148 16
-9.563344 -7.3193946 14.457759 6
-10.546681 -10.192554 14.427656 14
-10.139347 -9.2638559 14.386099 14
-9.7905197 -8.4111948 14.427663 14
-9.4115963 -7.5150042 14.439081 4
-10.278094 -10.379449 14.415281 6
-9.8065691 -9.3509855 14.214411 12
-9.6361933 -8.6406269 14.473955 16
-9.2756281 -7.7249527 14.451303 14
-10.030241 -10.584648 14.437943 21
-9.3642197 -9.3080578 13.869817 9
-9.4838209 -8.8728466 14.531528 7
-9.1474066 -7.9478364 14.486745 23
-9.795166 -10.803117 14.487675 23
-9.0526896 -9.3895769 13.722208 10
-9.2685785 -9.0441904 14.491957 14
-9.0054646 -8.1586609 14.505079 20
-9.5336294 -10.994891 14.507463 20
-8.7943916 -9.5187082 13.660755 2
-9.0496798 -9.2102442 14.452381 15
-8.8636913 -8.3722458 14.533445 16
-9.2608089 -11.164506 14.510044 8
-9.0929432 -10.314144 14.541991 15
-8.7855406 -9.3234959 14.340809 10
-8.7098303 -8.5786438 14.547808 14
-9.0066395 -11.358941 14.553171 17
-8.8687468 -10.509273 14.573013 15
-8.4328671 -9.3305702 14.077433 13
-8.5536375 -8.7850122 14.567604 16
-8.7536182 -11.552272 14.602735 17
-8.6379604 -10.693244 14.596407 15
-8.0815067 -9.3191719 13.803453 11
-8.3999252 -9.0000668 14.602933 22
-8.4856339 -11.726708 14.636379 17
-8.4027109 -10.872554 14.620017 15
-7.8453212 -9.4398336 13.738842 4
-8.2096415 -9.1726532 14.577414 20
-8.2079401 -11.881038 14.654105 16
-8.1596146 -11.044703 14.639688 15
-8.1088581 -10.228292 14.634353 14
-7.9498711 -9.2631798 14.42476 13
-7.9292989 -12.032409 14.677771 12
-7.9195766 -11.218037 14.669217 9
-7.6191039 -9.2535191 14.133032 9
-7.6412325 -12.166437 14.687543 14
-7.6728024 -11.379939 14.691033 15
-7.6911383 -10.603129 14.694613 15
-7.312778 -9.2663641 13.888179 9
-7.3724008 -12.329899 14.741206 15
-7.4317355 -11.553102 14.734641 11
-7.4661498 -10.768829 14.702131 15
-7.112083 -9.414814 13.854534 4
-7.089149 -12.469101 14.774817 11
-7.1732626 -11.698981 14.74819 13
-7.2451086 -10.94056 14.725655 12
-7.3279705 -10.183369 14.722034 14
-6.799161 -12.592311 14.796266 12
-6.9176803 -11.850051 14.777524 12
-7.0200319 -11.112367 14.751981 12
-7.1266766 -10.362767 14.729371 13
-6.5180039 -12.728581 14.842756 9
-6.662137 -11.999908 14.812101 11
-5.8083272 -9.5212994 12.478429 24
-6.9310956 -10.55706 14.761925 15
-6.1036687 -12.567231 14.552451 6
-6.3844395 -12.108636 14.800471 7
-6.5630698 -11.451582 14.817998 9
-5.8363428 -9.2121515 12.681915 6
-5.9300075 -12.938713 14.886732 9
-6.1348205 -12.272449 14.867114 10
-6.5311828 -10.953583 14.847895 4
-5.6472964 -13.07187 14.953173 8
-5.867075 -12.39712 14.891487 9
-6.1915097 -10.892899 14.552745 5
-5.341619 -13.139809 14.953373 6
-5.5980506 -12.526807 14.927824 7
-5.8250551 -11.883284 14.861246 11
-6.0794053 -11.276172 14.850729 12
-5.0502133 -13.240816 14.998855 8
-5.3195486 -12.628249 14.939256 7
-5.5910754 -12.059489 14.927822 7
-5.8515286 -11.443682 14.869242 13
-4.7571635 -13.336599 15.04634 4
-5.0460877 -12.740561 14.969755 6
-5.339817 -12.205347 14.962414 8
-5.6361275 -11.642283 14.93294 8
-4.4510336 -13.386257 15.049787 8
-4.7744393 -12.860833 15.017418 4
-5.0762157 -12.318001 14.963071 7
-5.3996558 -11.803555 14.950776 10
-4.1536803 -13.461047 15.090425 9
-4.4981546 -12.976171 15.065056 5
-4.8155289 -12.444884 14.985581 3
-5.1532307 -11.949866 14.95619 6
-3.8570423 -13.536954 15.138728 6
-4.2048264 -13.02944 15.048246 7
-4.567668 -12.621798 15.074142 6
-4.9114232 -12.117146 14.993685 5
-3.5514328 -13.561846 15.13785 5
-3.9303117 -13.14482 15.109645 4
-4.28689 -12.69242 15.044367 5
-4.6609597 -12.267285 15.015142 5
-3.2593796 -13.661674 15.228254 3
-3.6408391 -13.208056 15.118878 6
-4.0200028 -12.821062 15.087798 5
-4.4122033 -12.433359 15.060665 5
-2.9494541 -13.654532 15.207268 5
-3.3512554 -13.278221 15.143148 3
-3.7521367 -12.94965 15.137239 6
-4.1405721 -12.541171 15.038027 8
-2.6443284 -13.659358 15.206375 5
-3.0671923 -13.375208 15.203648 6
-3.4636014 -13.012751 15.116694 5
-3.8746104 -12.670543 15.051771 7
-2.3466074 -13.699758 15.253909 5
-2.77598 -13.432838 15.227244 5
-3.1880372 -13.131643 15.167493 4
-3.6148231 -12.844716 15.125749 5
-2.0477035 -13.751373 15.321133 6
-2.4867311 -13.507874 15.277691 6
-2.9016476 -13.205059 15.172858 5
-3.3430183 -12.981495 15.158273 4
-2.1854789 -13.51494 15.25773 5
-2.622978 -13.328297 15.243318 4
-3.0642037 -13.103938 15.181725 6
-1.4465153 -13.73027 15.33729 5
-1.8927078 -13.550033 15.27787 4
-2.3375013 -13.442391 15.307768 5
-2.7822702 -13.233249 15.218224 6
-1.148728 -13.724209 15.361281 5
-1.5986793 -13.599007 15.318081 7
-2.0388429 -13.464578 15.273876 6
-2.4998858 -13.386409 15.286834 6
-0.85236591 -13.748994 15.428409 5
-1.3007538 -13.593106 15.304077 7
-1.7475263 -13.572501 15.343333 4
-2.19944 -13.441568 15.251093 9
-0.55454403 -13.696084 15.412213 4
-1.0038617 -13.637953 15.355296 5
-1.4495547 -13.613514 15.34556 6
-1.9039825 -13.550468 15.283648 6
-0.26082063 -13.692806 15.46138 4
-0.70762485 -13.653615 15.380633 4
-1.1497868 -13.649101 15.350056 7
-1.6047854 -13.650909 15.314459 4
0.028802743 -13.585853 15.39925 5
-0.41090012 -13.696972 15.445185 4
-0.84907937 -13.734358 15.416805 4
-1.3016585 -13.749245 15.350277 5
0.31807369 -13.564475 15.442486 8
-0.54636413 -13.76985 15.43529 4
-0.99376678 -13.886433 15.436155 6
0.60463738 -13.505579 15.447359 5
0.18142116 -13.675508 15.470547 5
-0.24112758 -13.830441 15.487669 4
-0.68105239 -13.962976 15.460629 5
0.88864714 -13.418946 15.429023 6
0.47421175 -13.620711 15.44438 6
0.065073036 -13.839231 15.487828 4
-0.36218357 -13.997542 15.444945 4
1.1722094 -13.361176 15.446814 5
0.77129489 -13.581719 15.4413 6
0.37181342 -13.826073 15.471895 6
1.4481455 -13.260568 15.423511 6
1.0647048 -13.547829 15.451092 6
0.67940879 -13.794329 15.442437 8
1.7343936 -13.241648 15.49933 4
1.3553685 -13.495933 15.446004 5
0.98597515 -13.784771 15.444858 4
0.60370445 -14.1258 15.472881 8
1.9980721 -13.106771 15.44766 7
1.6434325 -13.417343 15.419674 4
1.2959595 -13.789418 15.47098 5
0.92798865 -14.131237 15.460083 9
2.2670555 -13.012403 15.448231 6
1.9313085 -13.361517 15.425483 6
1.6068263 -13.777014 15.487064 3
1.250828 -14.111738 15.427204 6
2.5252156 -12.882373 15.412669 5
2.2188499 -13.298598 15.429362 7
1.9071085 -13.697 15.433955 7
2.7931874 -12.802762 15.443439 7
2.4988244 -13.205983 15.405073 7
2.2177072 -13.674537 15.452039 4
1.9186254 -14.141681 15.458947 5
2.7861757 -13.143033 15.421966 7
2.5309811 -13.650043 15.47512 5
2.247272 -14.117136 15.445928 8
2.8285847 -13.554226 15.426702 6
2.5756834 -14.068379 15.412986 5
3.5469515 -12.413083 15.384479 7
3.3381789 -12.93996 15.386145 6
3.1395602 -13.514365 15.450001 3
2.9243429 -14.099327 15.479837 7
3.8025343 -12.310141 15.409548 7
3.6226742 -12.869533 15.416298 7
3.4408538 -13.431936 15.431052 7
3.2541494 -14.043414 15.458002 7
4.0368266 -12.153687 15.373816 6
3.8919055 -12.755183 15.39888 7
3.7419419 -13.351814 15.422875 6
3.5731101 -13.947099 15.399794 10
4.284214 -12.040765 15.396194 9
4.1688027 -12.65866 15.409384 7
4.0357308 -13.245083 15.392388 8
3.9133353 -13.909076 15.414792 9
4.4357967 -12.533464 15.3965 7
4.3501067 -13.184585 15.427069 7
4.2454791 -13.829426 15.397532 12
4.743969 -11.735193 15.357008 8
4.6988645 -12.41036 15.386831 8
4.6330814 -13.047173 15.372416 5
4.974802 -11.59171 15.356152 7
4.9487934 -12.256699 15.345875 8
4.9334054 -12.954245 15.379771 8
4.9127326 -13.680965 15.392828 13
5.195611 -11.435811 15.340925 9
5.2204885 -12.149287 15.370191 9
5.2259116 -12.839356 15.369282 9
5.2363458 -13.571334 15.364576 15
5.4285665 -11.308074 15.36925 9
5.4743199 -12.010227 15.359545 10
5.5150995 -12.714472 15.355831 9
5.5735726 -13.494185 15.381518 17
5.6366434 -11.135169 15.341281 10
5.7239938 -11.864273 15.34685 12
5.8167353 -12.613128 15.377538 12
5.9084826 -13.401072 15.391411 13
5.8552337 -10.986773 15.3505 11
5.8618383 -11.515973 15.075902 8
6.2379508 -13.284062 15.385231 13
5.9788342 -10.679513 15.14368 3
6.2275658 -11.579984 15.349604 10
6.3866358 -12.340458 15.358558 13
6.5506358 -13.137894 15.35269 19
6.2654095 -10.647137 15.325523 18
6.4666858 -11.415619 15.332664 11
6.6630116 -12.186225 15.338794 13
6.88694 -13.028077 15.371337 16
6.454083 -10.462028 15.294317 8
6.7078905 -11.256164 15.325759 13
6.9455204 -12.040753 15.341095 14
7.2065463 -12.884783 15.361777 20
5.6767917 -8.8847456 13.20435 3
6.9488144 -11.09703 15.327899 13
7.2295341 -11.893915 15.3475 12
7.5026269 -12.695233 15.308108 11
6.8629832 -10.135125 15.31632 16
7.1928606 -10.935802 15.337125 13
7.4860311 -11.696586 15.30063 10
7.8446755 -12.572495 15.346905 16
7.0536814 -9.9538803 15.30719 19
7.4117913 -10.745512 15.309066 12
7.7803979 -11.561769 15.33909 13
8.158884 -12.410913 15.344299 17
7.2404389 -9.7743721 15.300048 14
7.6724138 -10.609961 15.363387 7
8.0431128 -11.378473 15.324202 16
8.4666834 -12.23054 15.328586 20
6.9616513 -9.0339794 14.405684 7
7.8623376 -10.386611 15.297067 15
8.3048019 -11.193106 15.313334 14
8.7827368 -12.061725 15.339015 21
7.175601 -8.9122705 14.483953 9
8.074894 -10.19233 15.280011 19
8.5667076 -11.008699 15.312342 17
9.0426283 -11.817819 15.263563 5
7.4766912 -8.8840942 14.727555 11
8.3013067 -10.013101 15.291467 17
8.8227997 -10.812825 15.303799 18
9.378397 -11.661679 15.311577 15
7.7703395 -8.8390961 14.954136 9
8.502821 -9.8083954 15.269034 18
9.060955 -10.599415 15.277385 5
9.6736689 -11.459054 15.307213 20
8.0623035 -8.7807732 15.173363 19
8.1755514 -9.05299 14.377805 3
9.3337603 -10.420377 15.307898 18
9.9484863 -11.230008 15.277654 14
8.2809763 -8.6442957 15.26527 24
8.4355097 -8.9292583 14.480065 11
9.5716639 -10.201683 15.291718 19
10.280219 -11.05575 15.335997 13
8.4383507 -8.4455013 15.253897 16
8.7797089 -8.8818827 14.72202 13
9.8116245 -9.9868898 15.288552 15
10.526154 -10.79106 15.278625 20
8.6150465 -8.266058 15.282692 17
9.1673241 -8.861165 15.025295 12
10.02902 -9.7467012 15.257283 9
10.808699 -10.562124 15.283672 21
8.7509985 -8.0508108 15.249284 16
9.4650993 -8.7471762 15.186911 20
9.6707296 -8.9978285 14.418762 5
11.031054 -10.273952 15.213254 5
8.8788328 -7.8297896 15.208821 10
9.6823473 -8.5536442 15.227888 16
9.9902048 -8.8683987 14.562387 12
11.181229 -9.9258699 15.060314 4
9.0858583 -7.6783943 15.309319 8
9.8474579 -8.322197 15.201884 14
10.447736 -8.8406858 14.897293 14
10.902844 -9.2395496 14.384633 7
9.2114019 -7.4544992 15.273516 15
10.033432 -8.102273 15.206388 8
10.866643 -8.7616463 15.168353 12
10.866879 -8.7758703 14.039402 41
9.3261337 -7.2278767 15.229901 20
10.24347 -7.899961 15.251226 13
11.053473 -8.4982319 15.13583 7
11.146659 -8.5638218 14.097445 32
9.5117292 -7.0530305 15.302777 11
10.405901 -7.664031 15.237741 17
11.170414 -8.184804 15.018833 5
11.473965 -8.3792562 14.215791 43
9.5921812 -6.8052411 15.218946 16
10.571356 -7.4258227 15.231259 13
11.411131 -7.9596386 15.069538 10
11.462172 -7.959702 13.941553 48
9.7216263 -6.5932388 15.216082 22
10.723243 -7.1824412 15.214157 15
9.4531479 -6.3307772 12.391663 8
9.5486965 -6.3505497 11.507056 43
9.8347712 -6.3696661 15.192189 10
10.83835 -6.914937 15.15213 12
9.4675913 -6.0283327 12.217131 35
9.5768929 -6.0419025 11.347424 20
9.9627714 -6.1572399 15.198211 10
10.968459 -6.66185 15.120832 6
9.4822283 -5.7342672 12.053362 41
9.7255774 -5.8107495 11.332522 4
10.117138 -5.9595399 15.245595 9
11.049184 -6.3772979 15.030679 3
9.4918585 -5.4436984 11.896029 11
10.227964 -5.7368798 15.235913 14
11.116765 -6.0910816 14.931552 6
10.316584 -5.5028548 15.200121 18
11.238798 -5.8361659 14.91082 8
10.434264 -5.2828403 15.210626 17
11.425218 -5.6122408 14.97855 15
10.529799 -5.0534678 15.19601 17
11.501713 -5.3325453 14.912646 26
10.630348 -4.8259354 15.190418 16
11.548208 -5.0438261 14.816504 24
10.71594 -4.5939312 15.171289 12
11.590644 -4.7590866 14.725034 14
10.782734 -4.3548656 15.132131 11
11.648591 -4.4835215 14.658107 7
10.845766 -4.1194248 15.10152 8
11.642632 -4.1870961 14.530713 4
10.466114 -3.4639976 10.878201 2
10.887149 -3.8716443 15.040579 5
10.603313 -3.2224987 10.917641 4
10.943574 -3.629406 15.003721 4
9.758708 -2.8781726 10.975057 4
10.664181 -2.958132 10.885711 13
10.978952 -3.3827713 14.942778 8
9.8122263 -2.6429403 10.949238 2
10.795185 -2.710748 10.929126 38
10.776807 -3.0730543 14.583699 15
9.815094 -2.3970869 10.875895 2
10.78922 -2.4311786 10.847709 3
10.651526 -2.7940676 14.330839 33
11.602099 -2.3118329 11.554178 58
10.734996 -2.5713072 14.352262 6
11.604897 -2.0189753 11.491164 67
11.272324 -2.4398484 14.955896 15
11.599092 -1.7288145 11.427951 79
11.319304 -2.1890202 14.92873 21
9.6966457 -1.6301051 11.571575 3
10.046007 -1.4598866 10.87002 2
11.600159 -1.4343193 11.373302 77
11.343472 -1.9414783 14.886776 19
11.591385 -1.1456264 11.319044 80
11.367651 -1.6949226 14.847823 26
11.596791 -0.86143714 11.287564 87
11.393981 -1.4473842 14.817542 32
10.13804 -0.7433427 10.841996 2
11.591149 -0.57761902 11.253254 74
11.400426 -1.1991208 14.768341 24
10.140263 -0.50481504 10.817075 2
11.574978 -0.29975739 11.218641 80
11.415217 -0.95760459 14.742813 21
11.576505 -0.016226728 11.205237 85
11.42849 -0.71035165 14.712776 17
11.557938 0.26530203 11.178934 83
9.5247879 -0.38895857 12.331381 2
9.6092215 -0.070817515 11.217284 61
11.56224 0.54847121 11.178715 73
9.3226557 -0.17494148 12.050709 28
9.6080494 0.15012966 11.197324 71
11.544581 0.83009571 11.16644 74
9.2939816 0.030179452 11.989723 27
9.6049194 0.37007299 11.183332 75
11.544227 1.1132367 11.174939 81
9.3304558 0.2351864 12.011813 34
9.5911341 0.59069192 11.16017 88
11.537471 1.3932298 11.188798 82
9.3226318 0.43773922 11.98798 40
9.5619278 0.80649614 11.128285 4
11.5285 1.6771647 11.20578 80
9.3056316 0.6424104 11.953234 36
11.521596 1.9624994 11.229651 76
11.476483 1.0401138 14.586505 6
11.506505 2.2483757 11.254606 83
11.442415 1.2900996 14.540565 10
11.502469 2.5395136 11.29531 79
11.465096 1.5497861 14.563576 11
10.003347 2.1375525 10.739701 2
10.981611 2.7103407 10.857892 4
11.431963 1.8009318 14.530616 9
10.749589 2.9332602 10.69433 73
11.390533 2.0539854 14.493793 14
10.622441 3.1752996 10.637327 46
11.418674 2.3172431 14.548063 14
10.60385 3.4504614 10.688884 3
11.404678 2.5783207 14.551686 15
10.166809 3.5889161 10.343464 3
11.279697 2.8141935 14.427003 15
9.7615499 3.3252449 10.749974 3
9.656106 3.6802695 9.9259863 2
10.606373 2.9060609 13.634896 19
9.6228132 3.5378258 10.673441 3
10.600298 3.1581206 13.663772 31
9.5555706 3.3420613 11.448678 2
10.614417 3.4210505 13.723372 12
9.5635338 3.5903249 11.516536 2
9.5778198 4.039042 10.780482 2
11.292731 3.9063547 14.616987 39
9.5762444 3.8441534 11.606062 3
9.5809193 4.3039522 10.877122 3
11.26903 4.1791339 14.648984 33
9.5315342 4.0814214 11.632079 3
9.5496769 4.5607066 10.940104 3
9.6229801 5.0559278 10.390265 4
11.248314 4.4570694 14.68989 45
9.5154181 4.3329635 11.697997 5
9.5497942 4.83705 11.045958 2
9.5900173 5.3326244 10.480039 4
11.250797 4.7485499 14.767913 36
9.5056639 4.5931101 11.777117 4
9.5474663 5.1195245 11.156966 2
9.5882092 5.6372395 10.611849 5
11.203193 5.0265985 14.788461 23
9.4920959 4.857204 11.85792 5
9.5274487 5.3965387 11.256759 3
9.5852528 5.9448361 10.752645 2
11.136363 5.3001299 14.795283 20
9.5057325 5.1391516 11.980969 4
9.5287428 5.6932402 11.388676 4
11.035099 5.5567136 14.765002 12
9.4983702 5.4166188 12.090033 3
9.2574768 5.8292456 11.218497 11
9.5212498 6.5427713 11.001557 3
10.891762 5.7923131 14.691087 9
11.238693 6.7012825 14.3364 16
9.2211742 6.1091633 11.322276 54
9.4167662 6.8038898 11.058954 4
10.831061 6.0744119 14.724447 8
9.2143621 5.8300943 11.995351 9
9.2114744 6.4139261 11.467759 43
9.1982107 6.1165752 12.112888 10
9.206502 6.72786 11.62622 45
11.152311 7.721209 14.728075 17
11.106295 8.4476633 14.112704 12
10.63614 6.9443822 14.861494 4
10.878436 7.9070969 14.566213 14
11.115902 8.8604708 14.350453 31
10.540472 7.2282434 14.884628 9
10.78491 8.2191477 14.640919 10
10.498426 8.7847176 13.813189 26
10.460168 9.5400562 13.384563 6
10.459588 7.5144153 14.932472 18
10.689372 8.5272598 14.725864 4
10.414909 9.1195354 13.950293 45
11.161509 10.622262 14.539377 46
10.334998 7.78268 14.933888 21
10.556141 8.818449 14.768164 6
10.804224 9.8843966 14.716358 6
10.919089 10.889687 14.554338 17
10.167511 8.0225935 14.884208 16
10.35364 9.0586157 14.731307 14
10.590122 10.14447 14.719364 4
10.031391 8.2885427 14.884405 19
9.9025459 9.0783672 14.356454 12
10.444077 10.476655 14.82523 17
9.872406 8.5438004 14.863701 17
9.5149012 9.1439734 14.067763 6
10.202452 10.71498 14.809301 14
10.288984 11.799216 14.781825 20
9.7505054 8.8292198 14.904998 10
9.8744087 9.903183 14.843699 13
9.961688 10.95738 14.805356 16
10.000759 12.019455 14.769806 18
9.4919748 8.998517 14.753313 12
9.6395273 10.117512 14.791861 4
9.7280331 11.199045 14.815331 18
9.7147322 12.236851 14.767658 21
9.1685171 9.0989532 14.512559 11
9.460124 10.385669 14.828901 17
9.460166 11.4068 14.783368 14
9.4182186 12.440805 14.755551 20
8.7251673 9.0752745 14.088839 10
9.228199 10.607534 14.798738 18
9.2149382 11.641836 14.794729 18
9.1264067 12.651809 14.757884 21
9.0517321 9.8226624 14.853179 14
9.0089159 10.841676 14.79451 17
8.937542 11.837137 14.76285 18
8.8150606 12.833444 14.738022 20
8.8580017 10.062108 14.834483 23
8.7919636 11.08372 14.802738 15
8.6751156 12.055082 14.76304 11
8.612711 10.251444 14.74569 4
8.5200758 11.257501 14.732909 4
8.4179697 12.274608 14.780046 18
8.2050724 13.209682 14.737148 23
8.4605989 10.543277 14.814839 18
8.3117971 11.516891 14.777 18
8.1356001 12.460957 14.762196 18
7.9014955 13.392295 14.74622 27
8.26157 10.783311 14.817051 17
8.0657225 11.720742 14.763198 22
7.8646097 12.660331 14.771316 17
7.5886788 13.553988 14.74337 25
8.0472059 11.013291 14.805251 18
7.8255076 11.941204 14.771347 17
7.5793099 12.843653 14.763469 17
7.2690597 13.707513 14.738532 19
7.8229499 11.239025 14.790436 26
7.5687809 12.143198 14.762519 16
7.2892509 13.016858 14.75465 18
6.9780426 13.911997 14.794572 10
7.6054144 11.474006 14.794602 22
7.3148694 12.351314 14.765676 16
7.0058331 13.202316 14.766802 7
6.6289592 14.00659 14.741901 27
7.3722305 11.695512 14.782805 19
7.052218 12.548135 14.761909 7
6.7040849 13.361142 14.753091 18
6.3047037 14.141926 14.741233 28
7.1389284 11.919008 14.783059 9
6.7913337 12.752025 14.772157 17
6.4195995 13.545542 14.778344 18
5.9804635 14.275303 14.749574 28
6.9055004 12.146544 14.792298 16
6.5151119 12.930459 14.762463 16
6.1132917 13.685243 14.764718 18
5.6554585 14.394666 14.754948 19
6.6619439 12.367911 14.80147 24
6.2450047 13.12326 14.777621 17
5.8129363 13.840321 14.772888 17
5.3251619 14.508996 14.757182 19
6.4048839 12.569926 14.790617 19
5.9580612 13.285522 14.762852 17
5.5149136 14.005494 14.799081 7
4.9963951 14.622371 14.769495 22
6.1402922 12.765715 14.776794 17
5.6815147 13.47418 14.783019 19
5.1886353 14.105769 14.762403 16
4.6566563 14.697513 14.750779 23
5.8764558 12.970882 14.780706 22
5.3915348 13.644763 14.785933 15
4.8747673 14.231717 14.760442 16
4.3235149 14.79297 14.758938 27
5.6030936 13.164597 14.773727 9
5.0922179 13.794883 14.776999 16
4.558023 14.355577 14.765441 17
3.9768479 14.834049 14.723044 9
5.3316708 13.367127 14.784996 17
4.7863393 13.927854 14.75622 20
4.2378201 14.460347 14.755654 18
3.6492257 14.932584 14.749131 24
5.049633 13.555025 14.787431 18
4.4861531 14.080778 14.763065 17
3.9175351 14.566484 14.758863 10
3.3130124 14.996837 14.751415 19
4.7554665 13.726745 14.776326 17
4.1797829 14.220317 14.768018 17
3.5943832 14.659631 14.755922 17
2.9682212 15.007817 14.712098 19
4.4650745 13.901052 14.780558 17
3.8671546 14.349242 14.76434 13
3.2689352 14.749873 14.759439 20
2.6228917 15.013413 14.67589 20
4.1615152 14.054615 14.766848 17
3.5507541 14.464372 14.755754 16
2.9437125 14.841441 14.768721 17
2.2714763 14.956994 14.585638 22
3.8575432 14.227028 14.776447 17
3.2326553 14.578622 14.750991 16
2.6164367 14.919386 14.77119 16
1.934327 14.949381 14.549587 17
3.5465088 14.373984 14.767068 19
2.9144158 14.711311 14.773225 17
2.2840743 14.976572 14.761725 14
1.599321 14.950413 14.529392 17
3.2328904 14.526665 14.773257 17
2.5891664 14.810665 14.769611 14
1.9456221 15.006493 14.733376 14
1.2693338 14.957675 14.523155 17
2.9125218 14.673275 14.776382 21
2.2622378 14.900085 14.765639 17
1.6017532 14.953735 14.63425 15
0.93856233 14.93269 14.496914 15
2.5899484 14.809587 14.780282 12
1.92992 14.978079 14.754205 16
1.263656 14.923576 14.564156 15
0.61135137 14.938059 14.50379 18
2.2558739 14.933287 14.783418 18
1.5814829 14.957916 14.660901 15
0.92647648 14.918934 14.528677 16
0.2831265 14.9217 14.502307 13
1.910784 14.998903 14.72976 18
1.2339467 14.924237 14.559657 14
0.59736598 14.946171 14.529274 13
-0.043525804 14.896955 14.49319 13
1.5489525 14.929602 14.553763 16
0.89316529 14.921942 14.493442 14
0.2648499 14.928199 14.49316 14
-0.36522397 14.917608 14.536946 12
1.1974701 14.920899 14.445506 15
0.55533808 14.920911 14.438102 15
-0.066085324 14.926622 14.477747 11
-0.68788511 14.864273 14.516725 16
0.84863818 14.928688 14.363911 13
0.21645498 14.927052 14.396612 11
-0.39381048 14.923123 14.470405 9
-1.0076301 14.857124 14.546434 16
0.50213397 14.927444 14.281393 12
-0.11999537 14.918276 14.349068 12
-0.72325373 14.907951 14.457651 7
-1.3290086 14.872118 14.603056 15
0.15494259 14.915219 14.192984 15
-0.45471728 14.897491 14.296685 10
-1.0505038 14.904224 14.461493 13
-1.6525265 14.903051 14.686374 17
-0.19098923 14.893454 14.108659 14
-0.79170227 14.888999 14.266556 11
-1.3784508 14.889872 14.463867 13
-1.9698062 14.825914 14.668057 18
-0.53832632 14.912683 14.071842 13
-1.1283092 14.880608 14.24189 11
-1.7056328 14.848085 14.448912 12
-2.2822781 14.74056 14.650234 13
-0.88387489 14.889082 14.00172 12
-1.4647551 14.886544 14.23964 12
-2.0386212 14.877348 14.508603 14
-2.5875757 14.637902 14.621727 17
-1.2305583 14.881815 13.957413 12
-1.8001381 14.861789 14.215331 10
-2.3510842 14.73889 14.411788 13
-2.8939004 14.549495 14.609043 15
-1.5743736 14.862174 13.905328 12
-2.141907 14.872432 14.232239 12
-2.6979358 14.859022 14.574301 13
-3.190999 14.429359 14.574511 23
-1.9209493 14.84689 13.869144 11
-2.4746199 14.820446 14.197293 14
-3.0282135 14.823326 14.593311 14
-3.4885275 14.327292 14.56495 18
-2.269371 14.831574 13.839997 10
-2.8167453 14.828604 14.228046 13
-3.3400691 14.70278 14.535736 15
-3.7763801 14.181974 14.516987 17
-2.6222036 14.84541 13.84977 13
-3.1614778 14.833826 14.263839 13
-3.6565812 14.623524 14.527972 16
-4.0657926 14.073735 14.513048 17
-2.9739258 14.833265 13.840508 16
-3.5039351 14.805891 14.277797 13
-3.966866 14.509983 14.48951 13
-4.346549 13.933897 14.480775 17
-3.3321812 14.830869 13.848242 16
-3.8522782 14.796854 14.316528 16
-4.2778277 14.402465 14.466786 17
-4.6237087 13.791104 14.452314 18
-3.6904879 14.821474 13.858896 12
-4.2112436 14.812776 14.38606 16
-4.5799122 14.275228 14.428173 19
-4.900425 13.651606 14.432851 17
-4.0512705 14.807199 13.873555 16
-4.5642405 14.795895 14.432611 14
-4.8866096 14.16316 14.411183 17
-5.1704726 13.506416 14.411013 27
-4.4208612 14.803949 13.905724 15
-4.8971796 14.695127 14.406525 16
-5.18471 14.03412 14.385534 17
-5.4218831 13.318196 14.347976 17
-4.7853527 14.776519 13.925543 17
-5.2232971 14.575291 14.368917 18
-5.477262 13.890073 14.351162 18
-5.6939402 13.189826 14.354607 25
-5.1691823 14.797899 14.001086 18
-5.5267038 14.390717 14.276681 19
-5.7687621 13.743081 14.320793 17
-5.9468827 13.020707 14.324518 23
-5.5412474 14.75426 14.025039 17
-5.8692188 14.323799 14.306845 17
-6.0616679 13.613198 14.313339 16
-6.2042761 12.867737 14.316181 19
-5.9307423 14.756636 14.101452 18
-6.2020416 14.219111 14.30691 17
-6.3432164 13.456566 14.282788 17
-6.4579225 12.709868 14.306697 30
-6.3241715 14.746007 14.175973 18
-6.516459 14.068965 14.271181 17
-6.6286154 13.307101 14.266304 16
-6.7070384 12.551213 14.300519 24
-6.7016087 14.681508 14.206677 18
-6.8257751 13.914533 14.23778 5
-6.9047446 13.143485 14.244071 6
-6.9448237 12.373466 14.27851 24
-7.0694699 14.587914 14.220832 15
-7.1327782 13.753134 14.203478 17
-7.1808043 12.984947 14.231874 17
-7.1730418 12.18097 14.245609 24
-7.4117441 14.434747 14.1863 18
-7.4416552 13.601069 14.190381 17
-7.4492631 12.811863 14.211884 16
-7.4096732 12.012813 14.245609 21
-7.7564611 14.281013 14.162989 16
-7.74579 13.438011 14.169936 17
-7.7078662 12.626675 14.181833 18
-7.6248808 11.81151 14.208848 17
-8.0873089 14.104957 14.122734 19
-8.046855 13.263721 14.147671 16
-7.9667497 12.440354 14.158668 17
-7.8437271 11.619066 14.18581 17
-8.4332857 13.950561 14.114022 6
-8.3379002 13.077557 14.118312 5
-8.2279234 12.263072 14.150395 15
-8.0645475 11.432807 14.177745 26
-8.7639723 13.765716 14.084561 19
-8.6295614 12.892703 14.099003 14
-8.4711142 12.057282 14.113265 17
-8.2803631 11.243828 14.168502 4
-9.0835953 13.564192 14.045785 19
-8.9133482 12.695069 14.071321 15
-8.7210245 11.867476 14.101817 16
-8.4910364 11.050886 14.1574 25
-9.391427 13.345744 13.998613 18
-9.1811018 12.475557 14.028371 16
-8.9549417 11.653801 14.068968 27
-8.6860247 10.840133 14.128685 24
-9.7147942 13.148048 13.98138 11
-9.4686956 12.285771 14.026229 20
-9.2035122 11.462945 14.069966 18
-8.8914833 10.645278 14.126846 25
-10.036099 12.947432 13.971184 18
-9.741642 12.073208 14.005306 12
-9.4375601 11.255303 14.056201 18
-9.0969381 10.452457 14.130038 29
-10.352119 12.736039 13.959956 20
-10.030347 11.883593 14.018998 15
-9.6667347 11.042912 14.041164 16
-9.2738657 10.230211 14.097194 24
-10.655002 12.505884 13.93459 14
-10.28306 11.647668 13.986751 16
-9.922945 10.862355 14.072545 8
-9.4725742 10.032874 14.101883 26
-10.991017 12.316456 13.96466 12
-10.547213 11.424572 13.975356 19
-10.115285 10.608589 14.017665 22
-9.6375637 9.8017168 14.0661 17
-11.26525 12.051586 13.918667 17
-10.806328 11.197342 13.967236 6
-10.321974 10.37356 13.990827 21
-9.8486605 9.6229734 14.106039 11
-11.543098 11.788892 13.886804 16
-11.05065 10.955477 13.94847 18
-10.537778 10.151446 13.987087 17
-10.003981 9.3871222 14.068597 22
-11.783855 11.490886 13.819356 5
-11.292729 10.706696 13.930791 18
-10.708327 9.8861408 13.92873 9
-9.6740789 8.6962166 13.33801 11
-11.923049 11.098718 13.643675 8
-11.517555 10.446261 13.903187 18
-10.9684 9.7063684 13.999625 16
-10.000708 8.6427002 13.573079 15
-12.232913 10.872593 13.676606 12
-11.693242 10.143353 13.822334 7
-11.164955 9.4681072 13.987687 18
-10.369433 8.6147537 13.86465 16
-12.354352 10.47705 13.503555 46
-11.84575 9.8216829 13.720531 4
-10.737336 8.698597 13.183908 8
-10.634283 8.4827881 14.006325 12
-10.806181 8.6856661 11.492697 46
-11.450387 9.0527487 12.985626 4
-11.082162 8.60322 13.388105 13
-10.823021 8.2874317 14.050558 9
-11.466974 8.8085651 11.973689 52
-11.478472 8.6661634 12.776333 59
-11.558373 8.5990467 13.756375 15
-10.96542 8.0551968 14.038132 17
-11.440684 8.3709049 11.709857 54
-11.488481 8.2758608 12.560154 47
-11.767332 8.3773642 13.792626 10
-11.096775 7.8140359 14.015704 30
-11.814399 8.242959 11.882087 34
-12.001611 8.2616825 12.920251 43
-11.859891 8.0706635 13.693661 9
-11.237456 7.5826206 14.012239 22
-12.253204 8.1438169 12.119779 76
-12.050936 7.9065909 12.766628 53
-12.059886 7.8409986 13.730892 10
-11.374229 7.3502469 14.009721 23
-12.227699 7.7240872 11.888731 59
-12.031163 7.5157971 12.548426 69
-12.203762 7.5733533 13.709503 37
-11.497743 7.1091175 13.994288 15
-12.209657 7.3212852 11.677576 67
-12.10035 7.1914563 12.437578 88
-12.257982 7.251317 13.589699 52
-11.571362 6.8388839 13.924173 11
-12.198106 6.9364429 11.488309 64
-12.186007 6.8828683 12.354591 98
-12.155572 6.8451233 13.302868 45
-11.680742 6.5930634 13.904807 5
-12.17262 6.5549293 11.299078 66
-12.200581 6.5396156 12.205029 93
-12.029248 6.4392705 13.002112 55
-11.74367 6.3237514 13.833698 3
-12.146746 6.1820474 11.117756 74
-12.176132 6.1816573 12.027642 85
-12.00004 6.0985651 12.821706 56
-11.79225 6.0498877 13.753729 6
-12.132949 5.8284492 10.961432 73
-12.160559 5.8401566 11.870286 87
-11.987959 5.7780199 12.671256 69
-11.91384 5.8170233 13.768386 10
-12.11422 5.4820514 10.81217 66
-12.151173 5.5085716 11.726937 81
-12.009499 5.4799023 12.565635 86
-12.055707 5.5938172 13.810962 23
-12.11291 5.1503701 10.688793 72
-12.136112 5.1830087 11.588494 82
-12.055999 5.1980081 12.492618 87
-12.103908 5.3267055 13.74673 29
-12.096303 4.8184366 10.558034 73
-12.132798 4.8670335 11.469664 82
-12.106606 4.921371 12.434505 94
-12.149476 5.0604887 13.684689 40
-12.093325 4.501164 10.449535 60
-12.123944 4.5578423 11.355199 83
-12.143672 4.6432738 12.36774 95
-12.16454 4.7857418 13.598011 46
-12.072385 4.182034 10.334104 69
-12.117464 4.256525 11.251588 80
-12.160597 4.3596845 12.285959 87
-12.069182 4.4733329 13.387792 50
-12.080672 3.8809767 10.253494 71
-12.107714 3.9588618 11.153044 83
-12.158158 4.0748816 12.191327 91
-12.035645 4.1919551 13.25726 48
-12.06575 3.577147 10.161003 79
-12.096023 3.6637676 11.059464 83
-12.135826 3.7877581 12.083636 87
-11.945013 3.8939443 13.06577 51
-12.051679 3.2778225 10.075115 65
-12.082351 3.3733931 10.969455 80
-12.1254 3.5063038 11.992573 81
-11.9229 3.6267025 12.96069 42
-11.223885 2.7721145 9.293457 57
-11.169299 2.8469644 10.044438 34
-12.118506 3.2318127 11.915049 73
-11.92061 3.3684354 12.882943 54
-11.208376 2.5004768 9.226676 63
-11.236943 2.6068134 10.050077 66
-11.245436 2.7390473 10.960436 73
-11.232894 2.9276266 12.044613 7
-11.181728 2.230828 9.1540241 61
-11.23066 2.3497756 9.9942875 63
-11.234331 2.4910877 10.895621 74
-11.273533 2.7027082 12.030492 62
-11.803299 2.0866756 9.6403093 69
-11.941427 2.2361333 10.603088 23
-11.27978 2.2560997 10.892533 46
-11.23942 2.4591575 11.936746 62
-11.782604 1.8119732 9.5846634 59
-12.025639 1.9844172 10.637934 77
-12.061529 2.1614542 11.630943 81
-11.462124 2.2751415 12.132486 14
-11.782479 1.5410769 9.550457 46
-12.009408 1.7160453 10.584863 71
-12.060439 1.9040353 11.586885 72
-11.939418 2.1322248 12.610367 93
-11.780706 1.2735759 9.5250673 40
-11.998743 1.4515278 10.546394 72
-12.051023 1.6462409 11.540276 78
-11.956635 1.8916532 12.583476 72
-11.758218 1.0048373 9.4844561 41
-12.012509 1.1890715 10.532615 76
-12.046883 1.3911058 11.505525 73
-11.966912 1.6522316 12.556582 80
-11.760882 0.7416718 9.4745874 33
-11.995013 0.92636055 10.498835 73
-12.023453 1.1365824 11.459729 74
-11.983849 1.4120331 12.542562 77
-11.734437 0.47619146 9.4450483 45
-11.992749 0.66638374 10.483179 70
-12.025378 0.88548863 11.440016 77
-11.998129 1.174679 12.528722 79
-11.729236 0.21330322 9.4373064 53
-11.990734 0.40740421 10.474302 72
-12.020648 0.63550878 11.420001 61
-12.009829 0.93634325 12.515498 78
-11.719307 -0.047528498 9.4323111 46
-11.980837 0.1484403 10.462317 69
-12.021989 0.38519245 11.411954 53
-12.013385 0.69581646 12.497419 80
-11.729462 -0.30712584 9.4493074 48
-11.970939 -0.11082238 10.455379 67
-12.016339 0.13581659 11.40195 73
-12.011974 0.45630932 12.48035 78
-11.710572 -0.56925398 9.4462938 61
-11.96732 -0.3683418 10.458171 69
-12.005803 -0.11441848 11.389809 74
-12.002611 0.21719398 12.456225 70
-11.701585 -0.82984912 9.4604721 65
-11.981279 -0.62714452 10.48643 73
-11.990852 -0.36270836 11.379122 71
-12.01196 -0.020569908 12.459388 59
-11.700454 -1.0923444 9.4848232 59
-11.97422 -0.88452482 10.499776 73
-11.997987 -0.61248624 11.398373 68
-12.023333 -0.25859141 12.471563 68
-11.69834 -1.354118 9.5151815 68
-11.95909 -1.1432037 10.51017 73
-11.999108 -0.86151809 11.415657 75
-12.017551 -0.49957314 12.465835 71
-11.691175 -1.617884 9.5475712 69
-11.954995 -1.4030659 10.537528 77
-11.981176 -1.1101761 11.418013 73
-12.01686 -0.73861408 12.472075 65
-11.727017 -1.8884548 9.621829 57
-11.985919 -1.6685597 10.603782 65
-11.99024 -1.3643112 11.452292 75
-12.021132 -0.98072761 12.487314 66
-11.694815 -2.1516855 9.6433115 68
-11.970781 -1.9301568 10.632192 67
-11.98932 -1.6172205 11.484606 78
-12.00434 -1.2224253 12.484629 77
-11.685647 -2.4182861 9.6917105 72
-11.973647 -2.1960011 10.682531 72
-11.983376 -1.8719255 11.514914 77
-12.020643 -1.4685893 12.524801 73
-11.69041 -2.6920819 9.7570591 69
-11.956552 -2.4594326 10.720908 71
-11.98547 -2.1287971 11.55918 79
-12.007923 -1.7122918 12.535055 79
-11.750039 -2.9819412 9.8792667 74
-11.978336 -2.735606 10.801191 77
-11.980566 -2.3855267 11.601469 81
-11.996186 -1.9579775 12.553314 79
-11.242366 -3.1148787 9.5068645 23
-11.976162 -3.0072939 10.865545 81
-11.973562 -2.6471832 11.64879 74
-11.985382 -2.2056665 12.578621 74
-11.117643 -3.3462005 9.4735823 69
-11.312668 -3.0945356 10.309669 16
-11.985283 -2.9132545 11.720291 81
-11.971315 -2.4533648 12.604151 80
-11.104395 -3.6116731 9.5481825 73
-11.135101 -3.3019679 10.215606 78
-11.754512 -3.1158164 11.55042 14
-11.950178 -2.7029221 12.624719 79
-11.90201 -4.1766338 10.361211 72
-11.121947 -3.5614758 10.283176 78
-11.137048 -3.1972101 10.98539 72
-11.930046 -2.9534576 12.654286 81
-11.896063 -4.4741669 10.460962 78
-11.163477 -3.8439777 10.410658 5
-11.15205 -3.456373 11.073708 71
-11.205626 -3.0114379 11.907237 21
-11.890267 -4.7759514 10.568242 72
-11.919511 -4.4052644 11.244219 81
-11.155679 -3.7167144 11.156151 44
-11.155724 -3.2427554 11.912749 63
-11.894 -5.0878 10.692949 76
-11.920656 -4.7009711 11.353868 70
-11.975389 -4.2823696 12.10053 78
-11.165645 -3.4943478 11.986245 54
-11.897203 -5.4061589 10.825851 76
-11.923828 -5.0035501 11.473041 74
-11.967493 -4.5669842 12.191005 76
-11.223624 -3.7695773 12.122126 10
-11.872285 -5.7163067 10.943357 66
-11.917231 -5.3090558 11.591241 81
-11.95147 -4.8533292 12.280931 74
-11.763041 -4.2300768 12.810623 63
-11.877501 -6.0438213 11.092837 61
-11.91788 -5.6175027 11.719604 77
-11.957414 -5.1499057 12.395171 66
-11.77541 -4.5068617 12.906719 52
-11.885962 -6.3863025 11.259563 67
-11.921737 -5.9399648 11.864243 79
-11.947727 -5.448184 12.505731 81
-11.769083 -4.7863216 12.990161 61
-11.892385 -6.7345996 11.433288 57
-11.912661 -6.2620454 12.00589 72
-11.946893 -5.7575512 12.632277 91
-11.771676 -5.0738997 13.093582 48
-11.888731 -7.0867052 11.609051 57
-11.917338 -6.5984082 12.170541 69
-11.9162 -6.0573716 12.736883 86
-11.775113 -5.369494 13.204035 47
-11.891838 -7.4518929 11.802852 56
-11.909938 -6.9375024 12.332252 60
-11.797167 -6.3135605 12.749609 80
-11.766518 -5.6658187 13.311537 48
-11.898684 -7.8310819 12.014709 49
-11.911217 -7.2907186 12.51505 72
-11.728498 -6.6006732 12.82541 53
-11.81413 -5.9971862 13.491175 42
-11.891175 -8.2100534 12.221861 52
-11.906105 -7.6488428 12.703104 88
-11.715952 -6.9287982 12.976336 61
-11.942714 -6.3849611 13.779864 50
-11.897176 -8.6132107 12.458098 43
-11.788146 -7.9378738 12.774242 80
-11.720042 -7.2761841 13.154299 55
-11.970831 -6.7309146 13.957734 35
-11.887102 -9.0180035 12.691406 67
-11.697716 -8.253355 12.886405 46
-11.711114 -7.6232772 13.329309 44
-11.937389 -7.0477495 14.071658 38
-11.398127 -9.0391579 12.39938 31
-11.687291 -8.6354713 13.100183 42
-11.876176 -8.1037874 13.722736 34
-11.859591 -7.3462348 14.137957 17
-11.089329 -9.1939735 12.307357 52
-11.677181 -9.0316553 13.331285 57
-11.925794 -8.5250053 13.998776 41
-11.606387 -7.5281625 13.993978 9
-10.557746 -9.1380615 11.950699 9
-11.221854 -9.0642595 13.035047 36
-11.868241 -8.8760262 14.152939 30
-11.511399 -7.820838 14.057383 8
-11.895242 -10.826918 13.8468 15
-11.1034 -9.3742151 13.152051 49
-11.575418 -9.0449753 14.024738 17
-11.87831 -11.308145 14.1647 34
-11.102087 -9.8010159 13.425236 3
-11.37643 -9.2864351 14.017749 12
-11.555582 -11.489889 14.109826 8
-10.984657 -9.3604641 13.76852 14
-11.286685 -8.7794504 14.374568 8
-11.237177 -10.844711 14.211773 5
-10.699503 -9.5163631 13.655268 4
-11.106729 -9.0283566 14.364382 16
-11.147602 -11.239674 14.428959 17
-11.059941 -10.29481 14.424037 16
-10.89137 -9.2435045 14.309862 14
-10.941797 -12.417312 14.455756 17
-10.904016 -11.478072 14.453282 17
-10.844435 -10.537478 14.432772 14
-10.371801 -9.1849508 13.839739 10
-10.674685 -12.667196 14.508006 16
-10.659328 -11.725997 14.482945 14
-10.625911 -10.785494 14.450231 17
-10.146908 -9.3809881 13.778092 11
-10.347156 -12.834275 14.480213 4
-10.377831 -11.922777 14.467673 5
-10.419691 -11.042686 14.488094 5
-10.426913 -10.089363 14.453145 4
-10.075473 -13.075066 14.538415 19
-10.145636 -12.181628 14.528885 14
-10.196272 -11.288023 14.509589 14
-10.241274 -10.35409 14.479028 9
-9.7833958 -13.284528 14.573677 14
-9.8853312 -12.408745 14.559134 12
-9.9541712 -11.506724 14.510705 18
-10.041836 -10.597884 14.48762 18
-9.4796133 -13.471807 14.596637 17
-9.6217947 -12.624967 14.590006 13
-9.7294512 -11.752481 14.546371 16
-9.8565073 -10.867314 14.530604 16
-9.195487 -13.692764 14.657748 10
-9.3216963 -12.792778 14.567007 3
-9.4949884 -11.988427 14.579557 13
-9.6496372 -11.120808 14.552848 16
-8.8866243 -13.86145 14.674165 11
-9.0713434 -13.026737 14.623523 13
-9.2736721 -12.238325 14.629109 7
-9.4202099 -11.341057 14.535382 10
-8.5782681 -14.042143 14.707861 12
-8.7966652 -13.238257 14.665459 13
-9.0132208 -12.451284 14.640841 15
-9.2384796 -11.635493 14.620051 12
-8.2712526 -14.226708 14.753283 11
-8.5090036 -13.425444 14.686516 13
-8.7481356 -12.655071 14.649898 15
-8.9959717 -11.855898 14.613094 16
-7.9360213 -14.35189 14.746161 7
-8.2184973 -13.612548 14.710495 10
-8.4958172 -12.882013 14.689892 13
-8.7671795 -12.103452 14.643078 15
-7.6423497 -14.559628 14.830185 10
-7.9291725 -13.797647 14.741393 9
-8.2289114 -13.090688 14.712826 10
-8.5218363 -12.328712 14.652014 17
-7.2930617 -14.649559 14.80484 13
-7.6369023 -13.981637 14.780299 9
-7.9523392 -13.284598 14.727195 9
-8.2899666 -12.582957 14.69895 13
-6.9211559 -14.676506 14.725812 7
-7.3379173 -14.156733 14.814706 10
-7.7026753 -13.535197 14.812021 9
-8.0396967 -12.822179 14.729842 10
-6.3493004 -14.220509 14.167198 3
-7.0346513 -14.329841 14.847681 8
-7.4113388 -13.721997 14.825984 8
-7.7938066 -13.071112 14.781457 5
-5.9980984 -14.241076 14.102538 12
-6.7365708 -14.51474 14.905261 8
-7.125535 -13.915358 14.854725 8
-7.5287323 -13.298567 14.806888 10
-5.8432798 -14.793546 14.564606 8
-6.4063449 -14.627381 14.893845 6
-6.827395 -14.093634 14.871888 8
-7.2549496 -13.516956 14.828657 10
-5.5515156 -15.001337 14.692741 11
-6.0036249 -14.542992 14.691965 8
-6.5338402 -14.274918 14.904301 8
-6.9873257 -13.745222 14.87278 7
-5.1950054 -15.004141 14.631254 10
-5.6705265 -14.614195 14.659676 7
-6.1335578 -14.201 14.677026 4
-6.713758 -13.983497 14.926922 8
-4.8369713 -14.99192 14.561494 14
-5.324409 -14.651096 14.595222 6
-5.9144354 -14.581307 14.925917 11
-6.4030232 -14.141749 14.903148 6
-4.4832859 -14.976246 14.494131 15
-5.0519481 -14.91227 14.763909 9
-5.5715337 -14.656035 14.864819 8
-6.1302366 -14.398615 14.988585 9
-4.1428428 -14.988186 14.462498 14
-4.7105184 -14.962347 14.726373 12
-5.196774 -14.616941 14.697959 5
-5.8064814 -14.54906 14.96748 10
-3.7980762 -14.965271 14.403613 18
-4.3638992 -14.974426 14.661668 14
-4.8524022 -14.659138 14.622394 8
-5.450737 -14.601184 14.853003 8
-3.4562724 -14.945377 14.354733 16
-4.0147505 -14.964516 14.581862 13
-4.5845942 -14.969872 14.818885 10
-5.0914378 -14.633257 14.729445 5
-3.1277544 -14.961594 14.346996 19
-3.6722887 -14.971623 14.528133 13
-4.2261796 -14.966866 14.710166 10
-4.7594318 -14.75053 14.697227 11
-2.7977107 -14.955829 14.325165 16
-3.3292251 -14.95978 14.459319 13
-3.8681521 -14.94689 14.596363 14
-4.4504528 -14.965862 14.768414 9
-2.4697924 -14.945101 14.305303 15
-2.9892938 -14.942991 14.394468 14
-3.5205925 -14.954009 14.514657 13
-4.0774646 -14.937749 14.610622 13
-2.145469 -14.955331 14.312531 15
-2.6533158 -14.930228 14.343623 15
-3.1713984 -14.944143 14.421872 13
-3.7195408 -14.956742 14.506011 18
-1.8234321 -14.952647 14.313682 14
-2.3220618 -14.931513 14.309814 13
-2.8270609 -14.943319 14.350088 16
-3.3599598 -14.959785 14.391287 17
-1.5017402 -14.934055 14.305712 16
-1.990948 -14.92683 14.275947 13
-2.4866369 -14.947558 14.288297 16
-3.0015502 -14.956807 14.284534 18
-1.1829066 -14.923432 14.310804 17
-1.6637667 -14.927121 14.255145 17
-2.1462631 -14.950692 14.231577 13
-2.6472738 -14.948837 14.179818 16
-0.86385214 -14.924853 14.333825 15
-1.3373469 -14.940557 14.255177 17
-1.8055503 -14.923233 14.154385 13
-2.2871878 -14.884343 14.029439 16
-0.54714948 -14.913976 14.353135 16
-1.0098953 -14.911546 14.218584 15
-1.4638309 -14.852243 14.044627 13
-1.9369243 -14.88106 13.943041 13
-0.24411173 -14.183993 13.683518 12
-0.68493879 -14.902112 14.206458 14
-1.1284674 -14.857059 14.009302 15
-1.5876007 -14.878886 13.868607 19
0.052770313 -14.130691 13.668731 16
-0.36623105 -14.199176 13.540705 3
-0.7954039 -14.842191 13.965597 13
-1.2410489 -14.876364 13.801439 16
0.39866433 -14.890855 14.452549 16
-0.060236271 -14.151263 13.507307 15
-0.46348751 -14.849669 13.951503 13
-0.89535111 -14.843054 13.713965 16
0.71130836 -14.881066 14.494913 12
0.24814078 -14.146755 13.519583 4
-0.14820316 -14.143391 13.274137 11
-0.54899085 -14.84712 13.666197 20
1.0269824 -14.870379 14.541962 15
0.6060248 -14.829186 14.195159 16
0.17160615 -14.136174 13.256995 10
-0.21482946 -14.164149 12.99826 15
1.3426275 -14.863564 14.598213 14
0.93178046 -14.820286 14.213445 12
0.53657806 -14.812356 13.885908 16
0.11608864 -14.15583 12.955096 20
1.6567556 -14.835251 14.642878 14
1.2578455 -14.831679 14.260347 13
0.87273788 -14.822669 13.89884 16
0.49346524 -14.853288 13.564649 21
1.9787804 -14.850323 14.733983 16
1.5844073 -14.817806 14.291439 14
1.2104948 -14.817456 13.907189 17
0.84212917 -14.84192 13.536079 17
2.2915506 -14.820285 14.7893 13
1.914022 -14.82829 14.352077 14
1.545361 -14.785173 13.894629 15
1.1918064 -14.840311 13.523702 21
2.6149163 -14.814809 14.875799 14
2.2480552 -14.842763 14.422604 16
1.8874986 -14.792758 13.927046 15
1.54387 -14.83499 13.513947 22
2.9365256 -14.802876 14.960711 16
2.5828981 -14.833716 14.477455 16
2.2295694 -14.786729 13.952823 17
1.901149 -14.835703 13.51586 26
3.2612133 -14.79488 15.055562 19
2.9153478 -14.811716 14.526378 18
2.5752008 -14.771497 13.977934 17
2.2599995 -14.830647 13.522668 25
3.5832765 -14.762918 15.130461 18
3.2476487 -14.78211 14.570691 18
2.9242821 -14.771911 14.020833 19
2.6211851 -14.830533 13.53793 37
3.8849123 -14.658031 15.139527 15
3.5978715 -14.806215 14.675106 20
3.2682598 -14.739919 14.044728 18
2.9811974 -14.798087 13.533091 43
4.1317587 -14.389705 14.98439 14
3.9418154 -14.789321 14.753733 18
3.621434 -14.725065 14.09428 20
3.3509815 -14.803053 13.57263 40
4.4641848 -14.389276 15.113618 10
4.29356 -14.791496 14.856036 20
3.9802589 -14.721085 14.159686 28
3.7217505 -14.788753 13.603192 58
4.7956643 -14.372324 15.231089 11
4.6441646 -14.77336 14.945478 33
4.3419061 -14.697983 14.216041 29
4.0902605 -14.751762 13.622428 59
5.1334143 -14.362406 15.366383 14
4.9983945 -14.752634 15.040588 30
4.7149415 -14.705595 14.309424 41
4.4731455 -14.742154 13.672812 43
5.4506812 -14.292194 15.445233 14
5.3548236 -14.716063 15.127968 22
5.1024389 -14.725386 14.428146 41
4.8534484 -14.71355 13.717493 60
5.7329278 -14.134939 15.434196 19
5.6305451 -14.487257 15.025836 19
5.4898448 -14.729861 14.536812 36
5.2436953 -14.692389 13.779703 64
5.8786569 -13.69044 15.112118 13
5.7668543 -13.957605 14.611983 19
5.7194514 -14.357148 14.28052 14
5.6468434 -14.693995 13.866881 63
6.2826595 -13.809108 15.416949 27
6.1083646 -13.902788 14.697755 5
5.9280162 -13.961793 14.004157 56
5.7734466 -14.052638 13.356013 38
6.5620122 -13.651848 15.420552 20
6.708931 -14.348007 15.326451 15
6.690361 -14.718449 14.897301 30
6.1543646 -13.994602 13.406863 151
6.8248529 -13.463189 15.394715 15
7.0558734 -14.255916 15.395355 15
7.0997081 -14.694853 15.019601 28
6.8975463 -14.645945 14.149593 64
7.1044626 -13.313353 15.419891 21
7.3836579 -14.121891 15.425948 16
7.488698 -14.627104 15.105913 23
7.327456 -14.628089 14.264467 63
7.3544607 -13.11939 15.394381 18
7.6062722 -13.809208 15.26778 5
7.8116136 -14.426504 15.062668 18
7.7972541 -14.661987 14.440899 56
7.6684403 -13.023319 15.49552 6
7.9906492 -13.773237 15.422349 15
8.1908236 -14.323085 15.130755 15
8.2710161 -14.672888 14.605747 58
7.8756347 -12.762773 15.402001 19
8.286377 -13.581985 15.414556 16
8.6440973 -14.322364 15.322742 15
8.7711706 -14.705181 14.808795 46
8.1179085 -12.559422 15.382681 18
8.5725622 -13.373958 15.390038 19
9.0243502 -14.196544 15.386547 10
9.2452421 -14.67163 14.959517 34
8.3799238 -12.383477 15.401174 18
8.8671675 -13.182239 15.392678 18
9.3814163 -14.027226 15.413493 17
9.7146091 -14.614114 15.098392 36
8.5916061 -12.145012 15.344315 20
9.2161846 -13.061809 15.484857 8
9.7167168 -13.823445 15.415318 16
10.056877 -14.360323 15.047103 16
8.8401709 -11.956086 15.356133 22
9.4366655 -12.770017 15.381163 14
9.9965239 -13.546207 15.340754 8
10.532855 -14.285472 15.194063 14
9.0970564 -11.776084 15.383749 9
9.7118177 -12.551826 15.372516 17
10.367725 -13.382091 15.402999 17
11.007428 -14.189208 15.334332 14
9.3210621 -11.556227 15.369813 17
9.9386444 -12.274844 15.30164 11
10.683382 -13.146667 15.394682 15
11.253111 -13.808231 15.177998 6
9.5440302 -11.33849 15.359825 15
10.265739 -12.116522 15.381046 12
10.952791 -12.857717 15.332952 9
11.685866 -13.645286 15.268126 24
9.7615824 -11.119431 15.352708 18
10.51293 -11.86707 15.351524 16
11.200979 -12.553488 15.25509 4
11.663094 -12.983911 14.808577 29
9.944562 -10.858876 15.288961 8
10.790481 -11.647709 15.368559 13
11.384375 -12.177172 15.09598 13
11.50538 -12.216646 14.215539 49
10.216778 -10.692262 15.367631 18
10.968451 -11.32617 15.257297 7
11.658038 -11.903921 15.068468 22
11.554099 -11.697055 13.902043 51
10.397873 -10.434324 15.317893 17
11.157481 -11.022226 15.174401 4
11.488263 -11.210736 14.509465 39
11.700784 -11.287619 13.721576 66
10.63077 -10.227782 15.349699 17
11.29683 -10.678591 15.038177 7
11.460106 -10.684004 14.152741 36
11.723975 -10.779345 13.41712 59
10.833361 -9.9908981 15.345228 13
11.617359 -10.49844 15.138432 16
11.512618 -10.248829 13.909846 70
11.718954 -10.270834 13.10867 63
10.957615 -9.6903782 15.242233 4
11.565709 -9.9992676 14.782859 23
10.886703 -9.2742596 12.914954 2
10.930945 -9.1506557 11.993505 57
10.644346 -9.0388918 14.573998 4
10.849577 -8.9965019 13.649509 50
10.870457 -8.8342409 12.641945 55
10.924488 -8.7053528 11.736497 63
10.783512 -8.7691298 14.511357 29
10.842013 -8.5920153 13.394684 54
11.095606 -8.5906286 12.644499 47
11.362272 -8.5987129 11.939402 43
10.997658 -8.5626822 14.551976 22
11.333593 -8.5656557 13.736089 28
11.615004 -8.5546761 12.970947 70
11.714866 -8.4187012 12.058579 61
11.548162 -8.5903425 15.014835 36
11.550126 -8.3283329 13.759522 72
11.655712 -8.1725149 12.786077 73
11.703588 -7.9899931 11.827306 68
11.535979 -8.2136154 14.785265 25
11.609514 -7.9833422 13.612534 75
11.657095 -7.7750211 12.579818 70
11.703763 -7.5813518 11.626168 71
9.3889523 -6.4532976 11.979609 5
9.7519646 -6.4428196 11.354755 5
10.225427 -6.5197735 10.923717 2
11.696906 -7.1804967 11.427051 68
9.461235 -6.2114367 11.904661 43
9.8143358 -6.1738286 11.261003 3
11.671868 -6.7813358 11.224965 71
9.4501934 -5.9244499 11.73664 42
11.569099 -6.3532 10.961722 69
9.4657764 -5.6579003 11.605825 38
11.615337 -6.2730827 11.809366 27
11.516575 -5.9635077 10.75648 75
9.5940561 -5.4579196 11.612209 3
9.965209 -5.3662243 10.973049 3
11.636803 -5.9373322 11.67574 53
11.512616 -5.6104431 10.609727 73
11.625094 -5.5904212 11.515991 55
11.511028 -5.2670913 10.470984 67
11.648911 -5.268311 11.401495 86
11.513467 -4.9305511 10.348383 71
11.643599 -4.9410014 11.269911 87
11.533179 -4.6084976 10.247913 82
11.615228 -4.6093116 11.123224 73
11.588598 -4.3014684 10.182609 77
9.7202377 -4.2226872 11.134636 2
11.526754 -4.5868406 11.926773 3
11.518867 -4.2573938 10.921524 87
11.659735 -4.0030169 10.139465 61
11.577286 -4.3057179 11.858568 9
11.482161 -3.9401093 10.784429 80
11.711889 -3.7009702 10.086017 67
11.554673 -4.0028167 11.729858 30
11.449307 -3.6284304 10.659641 81
10.943624 -3.1736207 9.3706675 66
11.574311 -3.7166791 11.649373 55
10.893472 -3.1773744 10.081396 85
10.941104 -2.8829958 9.2930927 70
10.805983 -3.2118847 10.822124 61
10.894308 -2.8996818 10.003855 68
11.106197 -2.6337099 9.3582287 34
9.9537897 -3.0917785 10.902493 2
10.79106 -2.9406562 10.727537 64
10.994476 -2.6461961 10.016741 31
11.66719 -2.4604659 9.7430496 77
10.000807 -2.8687825 10.869393 3
10.844333 -2.6894686 10.700366 76
11.456295 -2.4645414 10.349338 76
11.687304 -2.1631315 9.6966562 74
11.521915 -2.5715661 11.262082 58
11.451811 -2.180742 10.282887 81
11.610072 -2.3132086 11.2738 87
11.461609 -1.8997099 10.232215 75
11.584959 -2.0341771 11.188113 89
11.46633 -1.6217779 10.185698 75
11.548745 -1.7564381 11.096553 85
11.495019 -1.349143 10.166379 74
11.529054 -1.4862635 11.024409 84
11.481035 -1.0707175 10.113239 74
11.49083 -1.2134701 10.94199 75
11.505606 -0.79807889 10.099048 73
10.479167 -1.3167751 10.891198 2
11.462689 -0.94540513 10.874613 75
11.5431 -0.5231204 10.101849 72
11.467664 -1.1775523 11.825338 3
11.429106 -0.67525989 10.811738 78
11.520445 -0.24659659 10.064943 75
11.459927 -0.92095822 11.768899 8
11.397181 -0.41125563 10.752182 78
11.56501 0.028608069 10.082594 75
11.471128 -0.66480082 11.735529 10
11.398202 -0.1493011 10.726748 85
11.568656 0.30370572 10.073104 68
10.605237 -0.38166985 10.851023 2
11.384232 0.11325727 10.693259 82
11.551366 0.57824165 10.051526 74
11.468674 -0.15513487 11.659657 27
11.37029 0.37682059 10.663696 82
11.559004 0.85449153 10.056972 66
11.481919 0.10013325 11.642224 32
11.366348 0.63868988 10.648175 82
11.550604 1.1313206 10.052422 67
11.469989 0.35772339 11.60288 50
11.356134 0.90244383 10.631869 78
11.509171 1.4052848 10.025962 78
11.479005 0.6141057 11.591558 39
11.341071 1.1652261 10.617345 73
11.502758 1.6823832 10.035302 77
11.550312 2.1666248 9.4150333 75
11.466333 0.87171614 11.564912 38
11.338096 1.4311944 10.616693 78
11.499346 1.961426 10.051646 71
11.573298 2.4634821 9.4684439 74
11.465383 1.1316659 11.550488 44
11.32591 1.6959512 10.617276 77
11.451971 2.2352829 10.039066 82
11.555427 2.7532356 9.4948845 41
11.471344 1.3908536 11.551157 47
11.332131 1.9632761 10.635364 81
11.422122 2.5096369 10.043957 81
10.80318 2.8576648 8.9462128 68
11.477819 1.6530198 11.555223 42
11.361546 2.2411883 10.680033 80
10.755592 2.6372845 9.5181665 21
10.784389 3.1375232 8.9818764 76
11.460521 1.9186442 11.539951 42
11.343077 2.5118821 10.687716 83
10.767859 2.9148962 9.5678978 83
10.825071 3.4359779 9.069582 2
11.46419 2.1848435 11.551687 47
10.729391 2.6448066 10.163093 14
10.763195 3.1890922 9.6086044 80
10.174479 3.5123553 8.6061411 3
11.447797 2.4515889 11.551412 40
10.736847 2.9113536 10.203909 70
10.539415 3.3993323 9.4709654 2
11.455676 2.7279651 11.577374 15
10.679399 3.1658723 10.193707 70
9.9732504 3.4894226 9.0397587 2
9.7196436 3.8991427 8.3708935 2
10.670601 2.8021595 10.840976 38
10.750735 3.4566467 10.302089 3
9.6922827 3.6525164 8.8557014 1
10.644535 3.0566578 10.841662 13
9.8237467 3.4237413 9.5012255 4
10.620893 3.3123567 10.848811 4
9.6722507 3.6256387 9.4109583 2
9.6557255 4.1701937 8.9532995 1
10.35479 3.4947522 10.62678 3
9.6987257 4.4606056 9.0669813 1
9.6958961 4.7400045 9.1466208 2
9.6554966 5.0043755 9.1982126 3
9.6462317 5.2897406 9.2861042 2
11.212389 6.8123951 10.346802 65
11.391029 6.5510821 11.002071 72
11.205759 7.1763706 10.483472 63
11.373484 6.8999696 11.115832 79
11.293787 7.6113658 10.718193 69
11.391684 6.4896884 11.612887 5
11.369466 7.26262 11.25111 85
11.358766 8.0481062 10.94432 78
11.354261 7.6300559 11.384349 55
11.34185 8.4406595 11.105444 84
11.344501 8.0088644 11.533633 5
11.207148 8.7598352 11.167674 63
10.597352 8.7058325 10.775474 10
10.434366 8.9912815 10.816569 6
10.010669 9.0495481 10.598766 4
9.8180771 9.3027 10.621204 3
9.5487919 6.8776546 10.828994 2
9.5519562 7.7460427 10.700802 2
9.566679 8.6123009 10.630692 1
9.5414867 9.4746094 10.559477 3
9.4961071 9.3652601 10.969939 3
9.4184151 10.735199 11.192353 3
9.1732588 10.959818 11.201865 17
9.4242783 9.6139107 11.5131 3
9.4494772 10.683538 11.658059 3
9.1247272 11.415055 11.448474 29
9.1878672 10.885304 11.625104 13
0.75826472 1.5328313 1.5457716 6
9.4818459 9.4642057 11.8988 2
9.4108505 10.509221 11.97752 3
9.1221628 11.313946 11.837692 19
0.68879384 1.5159708 1.5036018 21
9.4072771 9.8314981 12.025874 5
9.1885424 10.752323 11.97274 5
11.03886 14.214912 14.576089 9
0.6424731 1.5268435 1.4904106 17
11.142143 12.098633 14.401299 36
11.048194 13.420748 14.604664 20
0.6841653 1.4960068 1.5426277 5
0.61379623 1.5601438 1.4990848 28
11.093403 12.611607 14.633763 32
10.674427 13.598202 14.482684 10
0.64870828 1.5211517 1.5403616 3
0.57643288 1.5812484 1.497831 3
10.702247 12.761797 14.44977 14
0.6017161 1.5280051 1.521306 2
0.58448118 1.5777156 1.5449147 2
0.61847222 1.5326525 1.5762167 0
8.9673243 16.537548 14.688926 21
10.148501 13.958075 14.756088 17
0.58773077 1.5639316 1.5779332 0
8.6809425 15.081012 13.990834 9
8.5644588 16.687206 14.65295 12
9.8468819 14.232242 14.72563 16
9.2429991 15.0455 14.573674 10
8.2995348 15.21708 13.915861 5
8.193615 16.8918 14.671376 21
9.5661964 14.54011 14.744108 5
8.7960157 15.096386 14.3858 13
8.4462032 16.312157 14.717691 6
7.8034444 17.064041 14.671836 23
9.2742424 14.840578 14.753229 17
8.3325644 15.105524 14.163878 16
8.0729408 16.497414 14.697313 20
7.4191918 17.243116 14.682583 20
8.9254217 15.05412 14.685921 13
7.8638849 15.08033 13.924315 11
7.704288 16.694838 14.696972 16
7.0238547 17.388941 14.676238 8
8.4622726 15.080364 14.443167 17
7.9974308 16.177095 14.71728 15
7.3277197 16.87739 14.686703 17
6.6308312 17.539116 14.681276 19
7.9834347 15.057841 14.173635 15
7.6287403 16.370392 14.689123 17
6.9495478 17.048506 14.681664 5
5.2500253 15.085184 12.53881 8
7.5311751 15.055148 13.938952 15
7.2754798 16.594458 14.69337 14
6.5704441 17.226093 14.682781 15
5.8393321 17.81522 14.69631 11
7.6419735 16.165575 14.723575 15
6.9137659 16.810499 14.698569 8
5.2135344 14.85505 12.549067 4
5.3956747 17.809378 14.598972 10
7.2929955 16.412767 14.720531 20
6.5414581 17.012072 14.695206 12
5.8040342 17.560812 14.696171 16
5.0212622 18.007383 14.672306 20
6.9360361 16.64979 14.713772 9
6.1575422 17.177387 14.668442 16
5.3820529 17.619972 14.620625 9
4.6210113 18.114452 14.679598 18
6.5670958 16.87141 14.697774 15
5.7821493 17.371922 14.676641 9
5.0083551 17.81665 14.670037 16
4.2131743 18.191893 14.672712 22
6.200408 17.104816 14.701466 15
5.3808022 17.506155 14.637932 9
4.6137962 17.954617 14.679832 13
3.8033116 18.263443 14.667683 13
5.8203621 17.315145 14.69175 14
5.0085087 17.723961 14.678097 19
4.2102466 18.065115 14.670823 17
3.3986983 18.332968 14.670877 20
5.4083872 17.449089 14.625707 12
4.6090994 17.86635 14.66628 16
3.8003817 18.141029 14.644534 13
2.9939268 18.399143 14.677701 23
5.0425773 17.721556 14.683558 18
4.2074652 18.014748 14.661415 17
3.3995497 18.256737 14.659507 15
2.5801861 18.431402 14.661994 16
4.6364675 17.897003 14.661153 16
3.8058004 18.167423 14.668177 11
2.9901955 18.353094 14.65967 18
2.0978649 17.94574 14.248868 5
4.2329798 18.082506 14.662939 16
3.3976586 18.296774 14.665227 16
2.5822339 18.432447 14.658971 15
1.7669697 18.516228 14.675975 19
3.8220735 18.248762 14.654793 15
2.985831 18.426292 14.670026 17
2.0985274 17.987312 14.250106 4
1.3636853 18.549271 14.684994 20
3.4056079 18.413424 14.648097 17
2.5720592 18.548901 14.675732 13
1.7617954 18.591761 14.675902 16
0.95680708 18.539677 14.668567 13
2.9909108 18.600962 14.671583 16
2.0691259 18.049606 14.202382 7
1.3467895 18.628057 14.665154 17
0.55129611 18.553259 14.676 22
2.5641317 18.753038 14.674293 13
1.7267586 18.71909 14.651801 15
0.93564624 18.708576 14.694337 12
0.1480899 18.554836 14.684605 21
2.1299167 18.882849 14.669155 11
1.3033415 18.813267 14.658781 15
0.51631999 18.717735 14.672664 14
-0.25314191 18.517487 14.667136 17
1.6890709 18.997683 14.656711 12
0.8753795 18.890461 14.662584 11
0.10029227 18.718058 14.652911 17
-0.65542668 18.524353 14.690413 9
1.24877 19.132627 14.669202 15
0.44454801 18.964499 14.665524 15
-0.31445685 18.745434 14.663246 16
-1.052888 18.490955 14.690252 16
0.80076164 19.268898 14.686905 15
0.0094183283 19.014923 14.662716 18
-0.73440331 18.777294 14.681588 10
-1.4459448 18.37903 14.63339 23
0.34698832 19.314768 14.647092 11
-0.42364475 19.067484 14.668026 12
-1.1481539 18.736067 14.653538 16
-1.8375794 18.281195 14.594795 19
-0.10869239 19.428003 14.671241 18
-0.86374718 19.086908 14.657628 8
-1.5594888 18.654993 14.600631 15
-2.2220399 18.170191 14.552572 17
-0.56901699 19.50631 14.673917 8
-1.2993826 19.091612 14.642715 15
-1.972129 18.588078 14.566239 17
-2.6006911 18.033642 14.499173 21
-1.0312515 19.500982 14.62148 13
-1.7318836 19.018805 14.578076 15
-2.3826809 18.547058 14.560716 11
-2.9834569 17.950359 14.491776 23
-1.4939045 19.491758 14.579229 16
-2.1674702 18.968456 14.536732 17
-2.7824116 18.423487 14.496636 16
-3.3529153 17.812531 14.445954 12
-1.9612242 19.493711 14.549262 21
-2.5999429 18.913227 14.500011 18
-3.188925 18.342028 14.472429 19
-3.7258277 17.706879 14.435023 17
-2.4270282 19.48477 14.524909 11
-3.0317383 18.842888 14.465322 18
-3.5840185 18.221365 14.426805 17
-4.0927863 17.573938 14.404576 20
-2.813215 18.82774 14.025136 5
-3.3736458 18.208073 13.999599 4
-3.8954196 17.677752 14.050719 6
-4.4515471 17.424078 14.370339 18
-3.3499227 19.376152 14.431809 20
-3.8910005 18.69837 14.407764 10
-4.3675723 17.972565 14.34697 13
-4.7078433 16.888531 14.022397 8
-3.8156614 19.323545 14.401515 17
-4.3041849 18.549448 14.331767 12
-4.7523894 17.840574 14.308822 19
-5.1563821 17.12077 14.311273 22
-4.2667942 19.206629 14.330327 18
-4.7377543 18.485285 14.329462 19
-5.1417804 17.728256 14.295126 16
-5.5027556 16.966389 14.286947 13
-4.7273307 19.11837 14.288078 16
-5.1542668 18.358829 14.287942 16
-5.511632 17.541618 14.228308 13
-5.8431482 16.799713 14.259012 23
-5.1828737 19.024078 14.251606 21
-5.5691514 18.233698 14.253407 16
-5.9001932 17.435562 14.235363 16
-6.1822543 16.636791 14.241374 18
-5.6412406 18.931139 14.224998 19
-5.979342 18.079571 14.203302 16
-6.2758083 17.28812 14.21356 15
-6.5173044 16.459942 14.21412 21
-6.0908699 18.799589 14.18254 22
-6.3872294 17.934141 14.169149 15
-6.6429567 17.122828 14.184607 17
-6.7045426 15.924504 13.882394 14
-6.5471501 18.683504 14.155724 17
-6.7850242 17.754662 14.12024 16
-7.0073266 16.939779 14.149005 9
-7.152215 16.065201 14.145016 20
-7.2211652 17.69021 14.165388 8
-7.3544235 16.740486 14.104703 20
-7.0476427 14.913284 13.270023 4
-7.6169896 17.513176 14.129868 4
-7.712276 16.563444 14.082314 16
-7.3549404 14.763288 13.279524 16
-7.8684273 18.205278 14.036801 21
-7.9820981 17.266405 14.046277 17
-8.0438194 16.334614 14.023888 14
-7.7017131 14.689061 13.359948 14
-8.3046761 18.036432 14.00692 15
-8.3793716 17.093483 14.027543 8
-8.3982096 16.160717 14.020287 4
-8.0994148 14.713348 13.539127 16
-8.7162828 17.81172 13.942303 16
-8.7565746 16.883665 13.986974 17
-8.738574 15.955345 13.994961 19
-8.3903503 14.515622 13.526363 12
-9.1361341 17.593582 13.891179 15
-9.1313257 16.665615 13.948986 17
-8.5708456 14.818141 13.150249 6
-8.8877792 14.687363 13.864877 22
-9.573494 17.421423 13.888429 18
-9.5129852 16.468092 13.935115 16
-8.9345064 14.709906 13.212928 12
-9.2581425 14.614087 13.979093 20
-9.805975 16.872631 13.588585 4
-9.8437653 16.175858 13.846512 6
-9.3409767 14.656672 13.337959 13
-9.5522337 14.413955 13.982565 20
-10.436953 17.034487 13.872375 10
-10.239283 16.002836 13.870378 16
-9.8058691 14.688123 13.548429 15
-9.8185902 14.164773 13.94604 9
-10.801447 16.729383 13.787705 10
-10.606905 15.778216 13.852 15
-10.252337 14.670575 13.722566 16
-10.116926 13.973667 13.966266 19
-11.213997 16.502031 13.774042 16
-10.414621 14.721801 13.109619 8
-10.670817 14.591456 13.855643 16
-10.36802 13.715739 13.928199 19
-11.633108 16.2815 13.777135 17
-10.841504 14.619916 13.212193 14
-11.01957 14.405226 13.893569 7
-10.629799 13.475833 13.913795 18
-11.851871 15.772419 13.543632 5
-11.369399 14.638859 13.437009 15
-11.290092 14.116485 13.842174 16
-10.905815 13.257834 13.924614 7
-11.653404 14.745044 12.863654 28
-11.833676 14.556922 13.58094 12
-11.575912 13.848951 13.812944 16
-11.129302 12.978866 13.875399 21
-11.858243 14.29084 12.673265 48
-12.081247 14.191667 13.471076 15
-11.821427 13.535172 13.744964 5
-11.380733 12.734241 13.865021 20
-12.236057 14.063333 12.68961 45
-12.423548 13.942924 13.475684 38
-11.975065 13.125406 13.579865 9
-11.635629 12.496993 13.870205 18
-12.224366 13.388101 12.305778 42
-12.232328 13.100952 12.906241 28
-12.33004 12.949048 13.660234 10
-12.38949 12.93947 12.129094 65
-12.172918 12.447745 12.513272 51
-12.402337 12.462859 13.419424 37
-12.370999 12.310747 11.782261 43
-12.243063 11.960299 12.281443 87
-12.169887 11.696507 12.870069 35
-12.08055 11.46936 13.542141 14
-12.335804 11.703715 11.448877 42
-12.349686 11.52684 12.099524 61
-12.131537 11.159175 12.554925 56
-12.330312 11.236815 13.568141 33
-12.303209 11.126637 11.13894 56
-12.30751 10.971889 11.788738 61
-12.168985 10.712976 12.337523 64
-12.302911 10.754796 13.289899 38
-12.272305 10.575615 10.849876 55
-12.291645 10.461621 11.519412 66
-12.2842 10.353414 12.216999 98
-12.107013 10.141809 12.837657 47
-12.257502 10.065392 10.59653 50
-12.270273 9.9695597 11.26599 73
-12.288981 9.9058933 11.992266 73
-10.886857 8.7032719 11.300894 44
-11.380974 8.8756495 9.6034079 25
-11.399375 8.8125172 10.232681 86
-11.424753 8.7825499 10.922762 67
-11.450443 8.794157 11.720629 64
-11.358807 8.4339838 9.391736 76
-11.372588 8.3869619 10.019941 74
-11.400393 8.3749437 10.709922 83
-11.425787 8.408576 11.513524 64
-11.607596 8.2071867 9.4200182 57
-11.655523 8.2056313 10.096949 43
-11.704117 8.2253551 10.828769 39
-11.692942 8.2487965 11.616758 48
-11.949809 8.0456829 9.5330324 64
-12.195939 8.1944857 10.40457 92
-12.19206 8.1973848 11.123644 91
-12.178311 8.2383919 11.946946 71
-11.915763 7.6197786 9.3389101 78
-12.15 7.7719049 10.198323 89
-12.193428 7.8199511 10.958897 86
-12.217044 7.9049511 11.82238 65
-11.898795 7.2224226 9.1718559 76
-12.151446 7.3910241 10.041226 86
-12.173876 7.4423943 10.784918 77
-12.20501 7.5492296 11.656299 63
-11.876982 6.8340268 9.0129614 79
-12.041291 6.9562745 9.801836 87
-12.16273 7.0797334 10.627839 74
-12.187176 7.1996989 11.493164 64
-11.926737 6.4992638 8.9185305 73
-11.91028 6.5259986 9.5584574 86
-12.140762 6.7233415 10.470742 83
-12.188908 6.8698611 11.356857 54
-12.050765 6.2090821 8.88764 77
-11.916876 6.1881304 9.4391766 79
-12.136322 6.385673 10.339496 84
-12.160392 6.53263 11.199682 66
-12.147031 5.9072976 8.8428831 51
-11.887726 5.8380256 9.2957573 79
-12.162136 6.0718956 10.240619 74
-12.146048 6.2085958 11.061715 71
-12.250191 5.6119647 8.8103199 5
-11.867415 5.5029702 9.1703596 81
-12.11958 5.7288713 10.088501 82
-12.128038 5.893127 10.929633 63
-11.872574 5.1861887 9.0730629 80
-12.151335 5.4315481 10.010926 88
-12.114386 5.5846395 10.807254 70
-11.89021 4.8841705 8.9925423 74
-11.984575 5.0510507 9.7713852 87
-12.105017 5.2861009 10.696795 70
-11.960581 4.6071939 8.9597263 76
-11.884955 4.7113776 9.59443 85
-12.103868 4.9975619 10.600268 68
-12.059318 4.3437881 8.9537621 60
-11.85748 4.4114308 9.4870501 76
-12.092719 4.7102642 10.498772 73
-12.079245 4.0499344 8.8920574 51
-11.852486 4.1270671 9.4034433 77
-12.07351 4.4231429 10.395289 70
-12.153489 3.7801113 8.8784723 23
-11.843151 3.8428714 9.3231888 78
-12.06938 4.1488118 10.311974 72
-12.013366 3.3000269 8.0756321 68
-12.031734 3.4515502 8.7231007 59
-11.844051 3.5688536 9.2570858 76
-12.059301 3.873095 10.227745 69
-11.146689 2.7797971 7.4221425 98
-12.043948 3.1691449 8.672348 66
-11.832408 3.294909 9.1853476 71
-12.054787 3.6067965 10.155047 65
-11.147179 2.5115159 7.3754497 72
-11.168687 2.6681662 7.9695668 68
-11.154719 2.8447592 8.5836992 13
-12.045263 3.3415692 10.081396 72
-11.122583 2.2417591 7.3188782 67
-11.149296 2.4072654 7.9119577 63
-11.198038 2.6076019 8.5707912 63
-11.14356 2.8404617 9.2417784 32
-11.980069 2.1412458 7.8687372 58
-11.264939 2.1756883 7.9557953 24
-11.184908 2.357558 8.5151234 59
-11.211312 2.6188278 9.2477131 53
-11.98638 1.8638788 7.8411517 59
-12.005774 2.0547128 8.4621248 79
-11.751144 2.2262015 8.9210472 9
-11.172252 2.3752718 9.1670942 61
-11.975577 1.5829446 7.8056188 45
-11.985127 1.782094 8.4145412 71
-11.926134 2.0018489 9.0185709 63
-11.630048 2.2346497 9.5122747 27
-12.123473 1.5336958 8.4862375 6
-11.944039 1.7478249 8.9996738 60
-11.778222 2.0198598 9.594799 49
-11.985996 1.4969919 9.0019875 50
-11.774227 1.7749614 9.5541916 44
-12.002236 1.2423248 8.9868393 38
-11.761732 1.5317947 9.5080042 50
-12.017393 0.98976415 8.9758501 34
-11.744902 1.2888544 9.4621935 43
-11.96835 0.22226065 7.7369237 8
-12.045661 0.73827088 8.9816284 23
-11.75266 1.0526683 9.441781 43
-11.936554 -0.047239468 7.7165594 2
-12.058555 0.20227605 8.3667583 5
-12.06927 0.4853175 8.9851456 19
-11.728339 0.81162155 9.399395 48
-11.92945 -0.31329048 7.717639 1
-12.044949 0.23056428 8.9587402 36
-11.745211 0.57401234 9.3930483 42
-11.876641 -0.57934332 7.6946669 2
-12.071725 -0.022138759 8.9742632 32
-11.720256 0.33629209 9.3575525 53
-11.89622 -0.84978092 7.7231112 1
-12.097643 -0.27676895 8.9936066 9
-11.715495 0.1002086 9.3408937 55
-11.932304 -1.1220477 7.7662363 5
-12.068258 -0.52989012 8.9735394 10
-11.723591 -0.13971035 9.3385782 53
-12.044706 -1.1115178 8.3965302 2
-12.113326 -0.78682798 9.0156603 7
-11.709963 -0.37450978 9.3227959 56
-12.059887 -1.0387081 8.9854565 15
-11.699031 -0.61051118 9.3121386 55
-12.056199 -1.2948712 8.9992495 11
-11.699473 -0.85066807 9.3142262 59
-12.055687 -1.5519347 9.0200739 13
-11.699361 -1.090789 9.3229008 63
-11.919131 -2.4846907 7.9313955 9
-12.029441 -1.8084253 9.0226412 21
-11.696575 -1.330795 9.3302574 62
-11.865671 -2.7534783 7.9440627 85
-11.961925 -2.4328177 8.491147 5
-12.003284 -2.0638773 9.0311546 34
-11.7227 -1.5783428 9.3655634 54
-11.874032 -3.0364859 8.004611 84
-11.901659 -2.6915033 8.491785 82
-11.9801 -2.3213642 9.04667 48
-11.715855 -1.8212273 9.3779478 66
-11.368623 -3.1741366 7.7070022 20
-11.903198 -2.9653981 8.5423069 83
-11.934923 -2.5763958 9.0492411 81
-11.68401 -2.0616064 9.3733997 67
-11.029902 -3.3421216 7.529026 85
-11.682574 -3.18085 8.4312153 34
-11.91171 -2.8358397 9.0727663 97
-11.694011 -2.3137729 9.4087801 52
-11.023625 -3.6097641 7.5915341 86
-11.049151 -3.2600837 8.0106859 79
-11.889465 -3.0972755 9.1022997 89
-11.703999 -2.5669236 9.4471693 58
-11.050064 -3.8930459 7.6810236 11
-11.044779 -3.520957 8.0693846 79
-11.086017 -3.133687 8.5115271 38
-11.696164 -2.8202345 9.4763489 68
-11.905532 -4.51162 8.3847113 8
-11.048907 -3.7892087 8.1394224 96
-11.063787 -3.3813052 8.5472813 79
-11.66112 -3.067508 9.4858923 67
-11.866152 -4.3742061 8.8410654 42
-11.065644 -3.6422002 8.6056995 81
-11.077438 -3.1551259 9.0331812 52
-11.077383 -3.9082928 8.6771345 3
-11.082447 -3.4071703 9.0825644 69
-11.662152 -4.4046082 9.2250671 74
-11.079396 -3.6610389 9.1289806 76
-11.918447 -5.3044753 9.1470261 62
-11.654377 -4.6912484 9.2966709 78
-11.655764 -4.1321287 9.6818123 72
-11.846718 -5.5847373 9.1907883 77
-11.64959 -4.9789228 9.3752728 81
-11.645267 -4.404789 9.7363529 71
-11.697695 -5.8274422 9.1775827 74
-11.643597 -5.2755499 9.4579229 75
-11.65652 -4.6908464 9.8148985 68
-11.890657 -6.786581 9.14604 39
-11.628846 -6.113708 9.2333632 76
-11.636519 -5.5761218 9.5465965 73
-11.698323 -4.9994769 9.9244709 75
-11.781682 -7.0769076 9.1989594 67
-11.6153 -6.4360161 9.3441677 76
-11.644124 -5.8919539 9.653306 72
-11.800489 -5.3422403 10.095046 75
-11.612475 -7.3290086 9.2088556 67
-11.625288 -6.7807617 9.4800196 70
-11.643661 -6.2105789 9.7630539 71
-11.867641 -5.6822896 10.242708 67
-11.571522 -7.6686091 9.3308277 67
-11.585734 -7.1014895 9.5828905 71
-11.61132 -6.5205607 9.8498487 73
-11.863281 -5.9939208 10.333433 71
-11.558907 -8.0397215 9.4858799 70
-11.589429 -7.4590263 9.7308254 76
-11.779494 -6.9583974 10.122724 79
-11.859791 -6.3134909 10.431173 68
-11.555715 -8.4266424 9.6580391 66
-11.586806 -7.8220267 9.8828335 70
-11.825677 -7.3354163 10.29662 69
-11.859943 -6.6417627 10.537946 60
-11.558591 -8.8308268 9.8481312 56
-11.812874 -8.3676538 10.249992 77
-11.819526 -7.6926389 10.435496 65
-11.842319 -6.9719119 10.636715 56
-11.390096 -9.1056366 9.8940659 58
-11.812903 -8.7638359 10.427052 55
-11.825943 -8.0700779 10.59144 69
-11.843289 -7.3223758 10.761536 58
-11.003384 -9.1961985 9.745697 58
-11.727927 -9.1093235 10.537105 70
-11.81729 -8.4501677 10.745443 68
-11.855912 -7.6900167 10.906411 55
-10.96937 -9.5945368 9.9288712 56
-11.201455 -9.0863066 10.237564 67
-11.829121 -8.8555965 10.929516 62
-11.856437 -8.0613813 11.049341 47
-11.799047 -10.829313 10.957803 49
-10.99766 -9.326478 10.242424 61
-11.656636 -9.1264601 10.946443 53
-11.862571 -8.4508114 11.206348 49
-11.794002 -11.32198 11.21538 53
-10.976526 -9.7310781 10.434592 26
-11.146926 -9.1119184 10.632895 49
-11.843896 -8.8307028 11.352381 56
-11.808105 -11.854927 11.509109 36
-11.814806 -10.987833 11.507616 48
-11.003189 -9.4002666 10.684791 60
-11.649774 -9.0861998 11.32922 51
-11.813045 -12.404519 11.813838 37
-11.813628 -11.487707 11.769119 52
-10.966108 -9.7929621 10.852895 7
-11.176011 -9.1040678 11.025717 43
-11.810421 -12.980762 12.132919 30
-11.824989 -12.026248 12.059972 50
-11.837036 -11.094649 11.993149 46
-11.02579 -9.3936768 11.054786 56
-11.820402 -13.593492 12.487217 32
-11.837085 -12.59121 12.37197 33
-11.83849 -11.599598 12.250825 36
-10.971971 -9.77384 11.196936 8
-11.836827 -14.246115 12.874523 66
-11.838093 -13.169789 12.692939 22
-11.829722 -12.120225 12.514525 36
-11.851305 -11.076242 12.362052 43
-11.515687 -14.499432 12.899759 41
-11.729287 -13.643254 12.909687 61
-11.833182 -12.67699 12.810372 60
-11.866672 -11.594305 12.624734 46
-11.085336 -14.589308 12.793748 27
-11.63119 -14.151999 13.16103 31
-11.653207 -13.043171 12.917353 33
-11.84278 -12.101421 12.859024 64
-10.928337 -15.063258 13.027425 33
-11.383095 -14.485463 13.249221 39
-11.641723 -13.631125 13.239128 16
-11.652293 -12.445403 12.923001 35
-10.498382 -15.151622 12.931747 47
-11.022779 -14.67151 13.207655 21
-11.642535 -14.275088 13.597722 27
-11.644483 -13.019612 13.214201 32
-10.031569 -15.16989 12.787517 33
-10.817509 -15.088271 13.37288 30
-11.277173 -14.459017 13.526302 22
-11.666647 -13.654657 13.562992 21
-9.5577345 -15.152761 12.622372 30
-10.327413 -15.077912 13.174798 21
-11.039129 -14.820181 13.622419 21
-11.844886 -14.527314 14.133569 24
-9.1154175 -15.161296 12.492184 20
-9.8629026 -15.089117 13.002688 29
-10.733011 -15.092138 13.645233 23
-11.211422 -14.377793 13.709045 11
-8.6677895 -15.13985 12.34778 19
-9.4366455 -15.139087 12.87757 43
-10.235236 -15.065978 13.409879 22
-11.203599 -15.062141 14.093042 24
-8.2377577 -15.130936 12.223277 23
-8.9883537 -15.131041 12.714092 25
-9.7605495 -15.063655 13.201479 21
-10.746136 -15.134212 13.900977 25
-7.8222828 -15.129554 12.111691 24
-8.5450544 -15.116248 12.555515 19
-9.3008423 -15.061665 13.008018 33
-10.191091 -15.044674 13.571328 20
-7.4091511 -15.113244 11.996017 29
-8.1135654 -15.110689 12.405953 18
-8.8866367 -15.131402 12.882814 30
-9.7024546 -15.036054 13.326098 22
-7.0034461 -15.101903 11.891397 25
-7.6947651 -15.105695 12.271832 20
-8.4439163 -15.116992 12.70373 19
-9.2468758 -15.051597 13.126042 26
-6.2705874 -14.274859 11.149239 3
-7.2856703 -15.111216 12.144548 19
-8.0077734 -15.119504 12.530435 17
-8.8068619 -15.090497 12.940901 28
-5.9292054 -14.321944 11.111465 32
-6.8852935 -15.106287 12.028677 18
-7.5863032 -15.113285 12.373621 17
-8.3659534 -15.102835 12.75434 28
-5.6082821 -14.40799 11.111122 11
-6.171062 -14.284316 11.278986 9
-7.1775594 -15.107368 12.232473 17
-7.9465613 -15.1256 12.592469 24
-5.4877887 -15.097975 11.577846 29
-5.8216238 -14.319441 11.211946 25
-6.7701669 -15.090421 12.087367 25
-7.5044389 -15.090075 12.390367 22
-5.1251907 -15.091996 11.514484 23
-5.679378 -14.933694 11.602997 9
-6.0696096 -14.311193 11.344547 11
-7.0876436 -15.102808 12.232827 19
-4.7565222 -15.072313 11.440749 22
-5.3589597 -15.088499 11.635166 23
-5.7070441 -14.333514 11.247238 14
-6.6792622 -15.111264 12.082609 25
-4.4029212 -15.060638 11.388251 29
-4.9883313 -15.073604 11.546684 23
-5.5876646 -15.046923 11.696867 23
-5.9673672 -14.306741 11.302879 31
-4.0606451 -15.08118 11.360819 21
-4.6247559 -15.057903 11.465123 30
-5.2181959 -15.068102 11.610519 21
-5.6489172 -14.46277 11.295055 11
-3.7151618 -15.066793 11.315149 35
-4.2727633 -15.063449 11.405548 22
-4.8485899 -15.052455 11.508852 22
-5.4787874 -15.069616 11.644126 31
-3.3746924 -15.044668 11.270311 33
-3.9227877 -15.055253 11.342778 32
-4.4839854 -15.063085 11.427193 21
-5.0933604 -15.065016 11.519431 24
-3.0403297 -15.050699 11.251521 28
-3.5743566 -15.060127 11.292024 24
-4.1244745 -15.067849 11.34847 23
-4.7127981 -15.067472 11.405759 29
-2.7073019 -15.041797 11.225646 30
-3.2233722 -15.044989 11.231168 22
-3.7602615 -15.05952 11.265691 23
-4.3315516 -15.059723 11.290237 26
-2.3693166 -15.015555 11.18911 27
-2.8820443 -15.031687 11.182746 31
-3.4019058 -15.04296 11.184318 35
-3.9643428 -15.07513 11.206879 28
-2.0439095 -15.024658 11.186379 34
-2.5409186 -15.023655 11.13995 42
-3.0486937 -15.033714 11.114655 27
-3.5899246 -15.054988 11.100065 27
-1.7175705 -15.01587 11.178688 33
-2.2053883 -15.020835 11.109273 34
-2.6993349 -15.021876 11.05182 23
-3.2265749 -15.055597 11.01545 29
-1.3958384 -14.99826 11.167592 45
-1.8723478 -15.014055 11.081272 40
-2.3577302 -15.03484 11.012126 35
-2.8652468 -15.042933 10.931226 26
-1.0716034 -14.993788 11.169486 34
-1.5392425 -15.000562 11.053137 41
-2.0078282 -15.011279 10.950808 24
-2.5025661 -15.014638 10.839392 32
-0.75168288 -14.98605 11.174529 42
-1.2083254 -14.988668 11.029263 39
-1.6651199 -14.995567 10.898567 38
-2.140965 -15.034466 10.783477 33
-0.42791846 -14.979404 11.182377 40
-0.87330472 -14.990855 11.016218 39
-1.3189998 -14.990265 10.857992 41
-1.783173 -15.013064 10.709843 33
-0.12583029 -14.242758 10.650475 25
-0.54345524 -14.979751 11.005562 44
-0.97771579 -15.002452 10.835409 39
-1.4239883 -14.939368 10.603818 36
0.17704684 -14.212792 10.6505 45
-0.22745284 -14.261342 10.478658 6
-0.63629836 -14.981306 10.799697 49
-1.0699972 -14.926984 10.547182 31
0.5316608 -14.956185 11.236973 48
0.086899489 -14.210184 10.445381 56
-0.29603273 -14.96661 10.774672 45
-0.72039896 -14.924217 10.511257 44
0.84844637 -14.941346 11.260966 52
0.39590099 -14.201621 10.451559 9
0.014676952 -14.207135 10.218395 58
-0.36800453 -14.924032 10.474361 50
1.1663369 -14.932701 11.293943 48
0.77013904 -14.931668 11.003158 56
0.33973742 -14.192266 10.199963 33
-0.039152391 -14.209675 9.9482183 57
1.4848324 -14.923666 11.320545 44
1.1040198 -14.941331 11.019544 43
0.72324806 -14.917057 10.705314 51
0.30028453 -14.208713 9.9128761 52
1.8123617 -14.931331 11.374166 34
1.436357 -14.937047 11.043127 44
1.0621693 -14.890804 10.694806 55
0.69147378 -14.912277 10.386871 55
2.1353335 -14.928185 11.424338 34
1.7680687 -14.918881 11.060243 47
1.406492 -14.87878 10.695774 41
1.0469567 -14.908804 10.376296 60
2.4625225 -14.920925 11.478613 44
2.1068838 -14.938447 11.112657 47
1.7492194 -14.865251 10.701181 55
1.4070896 -14.908259 10.370408 47
2.7853217 -14.914873 11.540583 46
2.4361057 -14.902498 11.128475 62
2.091192 -14.848511 10.712751 54
1.7566924 -14.8743 10.351212 60
3.1140194 -14.893909 11.593398 50
2.7761536 -14.89535 11.173397 65
2.4378638 -14.833915 10.729045 60
2.121875 -14.877505 10.358423 64
3.4458263 -14.88848 11.661532 56
3.1188293 -14.882913 11.213439 75
2.7884979 -14.822587 10.753906 61
2.4835041 -14.864015 10.362332 60
3.7841995 -14.872207 11.724385 57
3.4696181 -14.881228 11.267596 68
3.1526845 -14.831388 10.794465 60
2.8561785 -14.846827 10.366768 64
4.1239552 -14.86831 11.807801 57
3.8181148 -14.866442 11.318863 81
3.5118871 -14.824846 10.831712 85
3.2253871 -14.831151 10.379983 64
4.4608302 -14.845133 11.877829 72
4.1725817 -14.861679 11.386207 70
3.8800616 -14.825455 10.882209 73
3.6012053 -14.824362 10.408674 69
4.8131466 -14.84168 11.971703 74
4.5285316 -14.842519 11.447886 87
4.2484879 -14.826077 10.944033 99
3.9731197 -14.794594 10.428108 81
5.1631389 -14.843497 12.077926 69
4.8883829 -14.837565 11.526271 98
4.6320739 -14.844616 11.019513 83
4.3591185 -14.791444 10.473271 83
5.5062037 -14.803076 12.151116 80
5.2584939 -14.833905 11.612966 77
5.0131335 -14.838632 11.086667 100
4.7534547 -14.787057 10.521695 71
5.824985 -14.694564 12.179431 42
5.6350465 -14.824244 11.702117 97
5.4078417 -14.838892 11.161531 99
5.1495733 -14.760615 10.560309 81
5.894989 -14.028536 11.742215 69
5.841908 -14.412517 11.474312 26
5.7900167 -14.806388 11.221466 96
5.5565925 -14.759402 10.626554 86
6.2508106 -14.021145 11.857322 74
6.0457215 -14.03142 11.275828 97
5.8798952 -14.103251 10.776855 44
5.8929162 -14.578225 10.57077 34
6.9951634 -14.771605 12.626188 67
6.4121208 -14.003868 11.362932 8
6.2434916 -14.042124 10.824664 100
6.064024 -14.039882 10.259997 79
7.3858681 -14.768573 12.768139 63
7.1947722 -14.77815 12.115545 72
7.0175486 -14.787136 11.504992 79
6.8295803 -14.763452 10.879213 59
7.7674723 -14.740462 12.894489 64
7.6026688 -14.759407 12.232054 83
7.4520955 -14.794662 11.628756 98
7.2774568 -14.766337 10.978739 63
8.1740971 -14.741916 13.053259 62
8.0147829 -14.738956 12.354728 101
7.8831878 -14.774879 11.734506 78
7.7398992 -14.777202 11.096946 68
8.5899916 -14.725739 13.20303 59
8.4562006 -14.740085 12.503678 84
8.3240585 -14.744163 11.842274 78
8.2145319 -14.777518 11.213104 68
9.0081615 -14.707861 13.366203 63
8.9000893 -14.732109 12.654889 81
8.7969637 -14.759896 11.997608 76
8.6989403 -14.778275 11.341358 66
9.4391546 -14.698787 13.54214 66
9.3505535 -14.719357 12.815804 66
9.2628555 -14.741619 12.136482 61
9.1862135 -14.762306 11.468377 78
9.8760366 -14.672832 13.713939 73
9.8138294 -14.704558 12.982932 61
9.7421188 -14.719303 12.286799 76
9.6918287 -14.754406 11.614849 60
10.306711 -14.630593 13.882999 66
10.296295 -14.696958 13.168392 76
10.244625 -14.711267 12.457362 72
10.209059 -14.73113 11.758411 68
10.757537 -14.594536 14.067335 64
10.790183 -14.686117 13.363055 67
10.776272 -14.717752 12.654819 47
10.757943 -14.7317 11.93893 60
11.017273 -14.304581 14.01438 32
11.025082 -14.330857 13.253544 36
11.065543 -14.396952 12.577007 40
11.118062 -14.466697 11.911529 44
11.236458 -13.967062 13.919011 51
11.251734 -13.971315 13.14304 70
11.271002 -13.979089 12.420135 79
11.312686 -14.009201 11.730388 74
11.587155 -13.792481 13.988974 32
11.784078 -13.966531 13.373527 101
11.815256 -13.964632 12.632083 87
11.86507 -13.969955 11.907373 99
11.749546 -13.408339 13.851924 68
11.817436 -13.404466 13.076177 51
11.834548 -13.353758 12.310665 57
11.878966 -13.327026 11.580652 56
11.780469 -12.888535 13.570861 48
11.810145 -12.819707 12.752573 61
11.833649 -12.754718 11.991358 54
11.804321 -12.625274 11.192966 46
11.783069 -12.366357 13.285345 46
11.803288 -12.262722 12.450693 59
11.83666 -12.181381 11.693245 57
11.660562 -11.891882 10.769928 62
11.777401 -11.855884 13.001918 46
11.793934 -11.723314 12.159146 59
11.82889 -11.624778 11.407643 58
11.668807 -11.337693 10.500437 54
11.769772 -11.360144 12.728908 42
11.806098 -11.22602 11.905119 70
11.656626 -10.941559 10.986719 66
11.752048 -10.874227 10.31461 57
11.754826 -10.879519 12.469699 50
11.795736 -10.730322 11.648946 79
11.618892 -10.409908 10.709525 63
11.93871 -10.517355 10.229204 25
11.760182 -10.434574 12.237994 60
11.783347 -10.252856 11.404996 70
11.610361 -9.9282866 10.476566 71
11.043677 -9.2934828 9.2841454 55
11.757471 -9.9988241 12.017515 58
10.991131 -9.1678038 10.465323 86
11.015412 -9.0052958 9.7614145 84
11.03961 -8.842639 9.0835056 69
10.962618 -8.9589653 11.044957 67
10.981061 -8.7540255 10.264834 77
11.115661 -8.6603642 9.6577168 54
11.391273 -8.6647196 9.1676044 58
11.043388 -8.6405106 10.937455 49
11.354843 -8.6332312 10.410386 60
11.666528 -8.6407099 9.9244051 68
11.828908 -8.5383844 9.3213377 81
11.524983 -8.6124849 11.208911 56
11.601492 -8.4120903 10.447006 91
11.781763 -8.3043613 9.8409634 85
11.820999 -8.1004782 9.1419249 87
11.690783 -8.3496151 11.184052 64
11.63106 -8.0400944 10.301107 93
11.952791 -8.0053749 9.8059483 9
11.556777 -7.8932061 10.897202 65
11.733844 -7.7249126 10.223815 79
11.543652 -7.5304112 10.729103 61
11.861058 -7.4301348 10.175467 29
11.827682 -6.8864675 8.692112 52
11.548097 -7.1850138 10.580996 76
11.999572 -7.1429195 10.141112 4
11.857047 -6.516727 8.5792809 74
11.556212 -6.8518405 10.45034 69
11.946448 -6.7514925 9.9579954 2
11.844471 -6.1366539 8.4470644 74
11.561833 -6.5223455 10.318479 67
11.848252 -5.7740817 8.335001 91
11.616133 -6.2274117 10.236975 67
11.832988 -5.4090233 8.2158289 88
11.725017 -5.9629316 10.205777 55
11.769543 -5.3313699 8.7421894 32
11.820951 -5.054841 8.1067181 83
11.808254 -5.683846 10.156259 35
11.751424 -4.989121 8.6259317 69
11.841928 -4.7214813 8.0266151 82
11.893994 -5.4109721 10.114889 7
11.791328 -4.6784735 8.5591927 96
11.83018 -4.3802223 7.930532 78
11.788969 -4.3539724 8.4672375 90
11.82463 -4.0487475 7.8465257 76
11.781734 -4.035552 8.3813019 97
11.8121 -3.7184327 7.7635031 85
11.786693 -3.7267747 8.3074617 89
11.036016 -3.1879027 7.2128954 87
11.745884 -3.7623968 8.8665342 88
10.999854 -3.2007809 7.7098479 90
11.02517 -2.8884673 7.1450601 92
10.97943 -3.2490857 8.2420588 115
10.998366 -2.9170918 7.6481352 93
11.262412 -2.6522291 7.2373776 34
10.884894 -3.3361285 8.7782698 7
10.976133 -2.9754634 8.1744823 87
11.157385 -2.6719422 7.6953192 46
11.794164 -2.4649103 7.5121675 91
10.958999 -3.0943284 8.7633686 63
11.019838 -2.7144747 8.1433735 68
11.775576 -2.5151203 8.0456562 100
11.790864 -2.1591237 7.4636636 90
10.945757 -2.8309603 8.6860638 66
11.72275 -2.5961769 8.579133 81
11.764673 -2.2206299 7.9880223 89
11.789789 -1.8563459 7.4199266 93
11.204753 -2.6330283 8.8196926 24
11.736255 -2.3151002 8.5334845 83
11.762946 -1.9299119 7.9422688 92
11.775826 -1.5559095 7.3750753 105
11.722246 -2.4778392 9.147398 64
11.726822 -2.0356269 8.4777727 88
11.740238 -1.638756 7.8854442 93
11.749968 -1.2597617 7.3292112 99
11.713035 -2.2064159 9.0827332 71
11.725371 -1.7559289 8.4280834 90
11.745614 -1.353794 7.852746 100
11.757079 -0.96470273 7.3054581 95
11.831091 -1.9574022 9.1166077 8
11.713976 -1.4784726 8.3773756 89
11.742957 -1.0670396 7.8170104 89
11.753249 -0.67191511 7.2796836 96
11.71161 -1.2037256 8.3397121 89
11.747384 -0.78505301 7.792326 106
11.740403 -0.37832654 7.2528791 97
11.712234 -0.92880523 8.30408 88
11.716754 -0.49887645 7.749537 101
11.732541 -0.0854785 7.2331486 92
11.70182 -0.65420979 8.2655258 94
11.723106 -0.2177806 7.7340364 94
11.730661 0.20445323 7.2245893 96
11.787234 -0.88149571 8.9012785 2
11.702407 -0.38233045 8.240078 94
11.70545 0.064666368 7.7074709 97
11.722834 0.49224383 7.2160254 99
11.762069 -0.61738551 8.8497944 4
11.70103 -0.112474 8.2186394 95
11.714834 0.34288332 7.7030187 104
11.706989 0.78083932 7.2064338 94
11.725899 -0.35255873 8.7942734 5
11.681595 0.16090295 8.1881227 92
11.701192 0.62349093 7.6874814 89
11.701044 1.0727235 7.2058568 98
11.741662 -0.089271255 8.7779312 6
11.680176 0.43180096 8.1736822 93
11.695514 0.90435266 7.6829705 94
11.698098 1.3637263 7.2132974 93
11.704484 0.1755566 8.7264099 5
11.671679 0.70650893 8.1551981 95
11.685726 1.1901067 7.6764197 93
11.680081 1.658338 7.2146702 94
11.656372 0.43810233 8.6708679 12
11.66421 0.97928268 8.1437302 92
11.676969 1.4739205 7.6758862 93
11.687018 1.9526583 7.2361283 84
11.630167 0.70228601 8.6353893 13
11.660717 1.2521923 8.1392775 97
11.673182 1.7579055 7.6843705 85
11.668976 2.247323 7.2465057 83
11.620394 0.96559161 8.6146784 16
11.656648 1.5237583 8.1404696 88
11.657855 2.0382223 7.6894093 80
11.674219 2.5412755 7.2774653 77
11.618276 1.2265151 8.6060963 24
11.641191 1.7983932 8.1357641 89
11.664968 2.3275743 7.7146878 81
10.879615 2.6578145 6.8322167 45
11.644892 1.4962522 8.6195526 10
11.639576 2.078429 8.1430693 84
11.654119 2.6164412 7.7299113 68
10.882814 2.9421408 6.8685131 67
11.625643 1.7637241 8.6028776 10
11.634953 2.3584175 8.1543646 77
10.874804 2.7241952 7.2597651 62
10.85508 3.2256336 6.8877158 44
11.6202 2.0376379 8.5992146 34
11.632119 2.6465268 8.1666346 67
10.855235 2.9999614 7.2760611 65
10.602293 3.4391348 6.7756462 2
11.615742 2.3096845 8.6026306 71
10.856071 2.7442465 7.6676712 60
10.84949 3.2800632 7.3055091 29
9.8762608 3.4815514 6.376245 1
11.616081 2.5877624 8.6111584 62
10.841668 3.0110145 7.6822114 66
10.650415 3.5018449 7.2177272 2
10.81348 2.6724517 8.0572586 52
10.83221 3.2789593 7.7067623 27
9.8227081 3.4992883 6.7242517 2
10.833986 2.9411454 8.0889006 55
10.522331 3.4605675 7.5278587 2
9.7915783 3.7537181 6.7478046 3
10.791855 3.1991103 8.0794067 53
9.8384447 3.5017977 7.0965695 1
9.7919865 4.0250411 6.7953615 2
9.7989845 4.5648813 6.5492301 1
10.66452 3.4297209 8.0137987 3
9.8007231 4.8623567 6.6156421 1
9.9300909 3.4603398 7.512394 2
9.8081989 4.5902047 6.9153996 1
9.7955198 5.1566901 6.6860528 3
9.7825041 4.8658986 6.9608526 2
9.7605896 5.4412231 6.7404265 2
9.7889462 4.5546069 7.2438354 1
9.8041754 5.1639433 7.044332 2
11.510687 6.7312808 7.9867492 77
11.538767 6.3867517 8.3150196 23
11.525237 7.1153722 8.1006794 72
9.7604933 5.1096139 7.3406706 2
11.512453 6.7296724 8.3879032 65
11.492414 7.4772573 8.1924276 51
11.601251 7.1512413 8.550478 3
11.493955 7.8715115 8.3148689 38
11.496819 8.2854528 8.4444008 69
9.7388124 5.281456 7.6781726 1
11.439561 8.661068 8.5408354 82
11.473693 8.2412939 8.7994194 78
10.896869 8.6757698 8.2939215 57
11.432512 8.616045 8.9010601 88
10.654563 8.9019413 8.2647638 75
10.934976 8.6609592 8.6641884 56
10.6126 9.2969646 8.3914194 30
11.447687 8.547699 9.2337427 82
10.674653 8.8748598 8.6062088 76
11.496342 8.0141821 9.4293528 23
11.062571 8.6779423 9.0630798 51
10.613916 9.2543707 8.7101583 47
11.419655 8.3616619 9.473361 70
10.65752 8.7751894 8.8724852 76
11.295018 8.6788473 9.490283 59
10.60327 9.1515303 8.9682827 72
10.750842 8.6770439 9.1727066 53
11.438576 10.306495 9.8024178 67
11.28406 11.26096 9.7763433 63
11.151777 12.283294 9.8049431 68
10.621433 8.984148 9.1946659 71
11.223724 10.59241 9.7972355 67
11.158247 11.659652 9.8777733 64
11.108464 12.817639 10.014792 72
10.580834 9.3759079 9.2992973 11
11.166866 11.034002 9.9324694 74
11.143025 12.192698 10.085568 54
11.106429 13.420348 10.27822 55
11.191237 10.363714 9.9657803 66
11.138087 11.519753 10.103106 74
11.113551 12.731777 10.29809 58
11.247803 14.234748 10.693701 49
11.174996 10.836599 10.120402 65
11.131435 12.06203 10.305046 56
11.264983 13.511897 10.688963 56
11.091699 14.726172 10.859237 76
11.162715 11.340371 10.290308 53
11.264818 12.770396 10.649158 50
11.23677 14.121108 10.940059 40
0.61492664 1.447513 1.0831306 122
11.152505 11.865783 10.474024 51
11.248118 13.350894 10.877592 57
11.153558 14.688729 11.157391 62
0.53598469 1.4083713 1.0390965 69
11.290023 12.562247 10.809364 49
11.244646 13.970571 11.13991 33
0.62095028 1.4438211 1.1111711 48
0.49867079 1.4224628 1.0338877 70
11.27765 13.141432 11.025889 45
11.106345 14.467374 11.288526 4
0.54683656 1.4108087 1.0681237 62
0.46897423 1.4498011 1.0376375 61
11.237655 13.72517 11.23755 20
0.6425094 1.4565417 1.1481909 4
0.50751776 1.4247818 1.0609291 64
0.4738774 1.5331275 1.0811971 87
10.214096 13.126733 10.502087 3
0.55098438 1.4019769 1.08627 58
0.47401172 1.4460033 1.0587497 58
0.47668734 1.6195146 1.1247381 61
0.5145871 1.4200858 1.0790364 57
0.46741745 1.5100465 1.0873469 102
0.49847439 1.7464985 1.1950606 29
0.57178265 1.4086437 1.1122942 8
0.47915518 1.4392345 1.0748004 59
0.48079985 1.6137315 1.1427795 62
8.9355974 17.899403 11.765579 13
0.52670538 1.4144657 1.0940975 55
0.46682721 1.4930681 1.0944237 87
0.50069213 1.7366314 1.2100939 25
10.059626 21.191097 13.767593 10
0.49320182 1.4366375 1.0898184 55
0.47737312 1.5906343 1.1448473 59
8.8875952 17.657558 11.798203 5
10.137259 22.591055 14.531154 15
0.46545997 1.4679905 1.0925045 57
0.50016695 1.7176138 1.2141351 33
10.11762 21.105595 13.923546 15
9.6041794 22.771465 14.506854 17
0.47407269 1.5614619 1.1378924 62
8.8615227 17.436916 11.797684 5
9.551713 21.173044 13.797687 7
9.076725 22.965021 14.496402 19
0.50049376 1.6926897 1.2091001 63
10.219859 21.137312 14.084016 17
9.6101694 22.609209 14.564002 9
8.5428238 23.140682 14.483582 15
8.9352207 17.332245 11.821973 5
9.6072311 21.113155 13.872725 12
9.0715857 22.770842 14.508924 14
8.0181828 23.322794 14.483144 17
10.351462 21.111574 14.155355 18
9.6134806 22.434835 14.546926 6
8.5568199 22.999613 14.505054 10
7.4805932 23.462927 14.466681 18
9.7225924 21.08515 13.916504 16
9.092001 22.663315 14.510776 14
8.0284605 23.182032 14.484058 16
6.9570484 23.649712 14.483627 15
9.7193556 22.400517 14.561304 7
8.5803108 22.903168 14.491436 14
7.5139375 23.410999 14.493776 15
6.4327741 23.824509 14.505645 19
9.2051783 22.672426 14.518619 12
8.0820084 23.182859 14.499488 16
6.9846435 23.585951 14.476801 13
5.8923531 23.930748 14.484383 14
8.706666 22.979456 14.512178 14
7.5506482 23.392981 14.472771 14
6.4611506 23.779373 14.480744 13
5.355124 24.061348 14.489325 12
8.1858025 23.26635 14.494189 16
7.0339599 23.668182 14.488866 13
5.9190531 23.947805 14.47543 14
4.7986279 24.123243 14.458641 18
7.6657505 23.559349 14.490158 18
6.4934683 23.855545 14.465435 14
5.3772907 24.102232 14.469206 11
4.2584624 24.209721 14.457853 24
7.1334658 23.820993 14.477278 12
5.9638419 24.086395 14.476759 12
4.835041 24.238705 14.463942 13
3.7254632 24.347105 14.488573 11
6.5947847 24.078051 14.469054 18
5.4185209 24.287371 14.474776 9
4.2967038 24.394922 14.475326 12
3.1816597 24.394663 14.476418 19
4.8637075 24.435673 14.450626 12
3.7404611 24.479202 14.452591 13
2.6409261 24.448406 14.47412 20
5.5028901 24.609356 14.479814 11
4.3127966 24.642162 14.464752 14
3.1985571 24.635954 14.48118 15
2.09828 24.506935 14.481456 15
4.9298077 24.790075 14.44885 17
3.7533226 24.796371 14.460001 13
2.6423135 24.700129 14.462034 14
1.5539542 24.493332 14.45587 18
4.3592706 25.021965 14.451906 16
3.1872399 24.926306 14.44861 16
2.0893059 24.829754 14.486373 13
1.017289 24.565393 14.488652 16
3.7790143 25.208704 14.438743 12
2.6194267 25.091454 14.461776 12
1.528897 24.855042 14.461819 12
0.47466797 24.567047 14.488305 16
3.2006204 25.432005 14.459265 13
2.0409026 25.154837 14.432456 14
0.97309977 24.915346 14.465492 14
-0.063002937 24.56159 14.488194 16
2.5990562 25.571466 14.436776 16
1.4647701 25.271881 14.436672 17
0.40667087 24.923063 14.442084 17
-0.60357928 24.574711 14.50561 16
2.0019727 25.775316 14.455382 15
0.88122052 25.413574 14.460435 10
-0.15279195 24.980803 14.456231 14
-1.1399547 24.473484 14.46012 10
1.3939764 25.902159 14.44202 10
0.29606462 25.463881 14.442718 15
-0.67962158 20.928467 12.10828 6
-1.6673392 24.319662 14.397288 17
0.77580094 26.022636 14.434271 12
-0.29195303 25.537352 14.446899 13
-1.2768277 24.974739 14.439574 11
-2.1946559 24.257118 14.389225 21
0.1593883 26.135616 14.429377 13
-0.88685781 25.558365 14.428426 7
-1.832773 24.877466 14.387919 14
-2.710155 24.053879 14.306597 16
-0.46428016 26.261583 14.442266 11
-1.4759119 25.565136 14.411754 15
-2.3939154 24.814085 14.365352 14
-3.2294142 23.948967 14.289437 15
-1.0972135 26.246799 14.382421 9
-2.0649428 25.461868 14.341185 15
-2.9411991 24.676983 14.305725 15
-3.7406054 23.798103 14.248537 18
-1.7271674 26.29808 14.370266 13
-2.6572587 25.42794 14.311735 9
-3.484272 24.540602 14.251875 14
-4.2393141 23.613001 14.197526 19
-2.3492329 26.272741 14.322299 14
-3.230849 25.293663 14.238776 14
-4.0269513 24.436516 14.222854 13
-4.72644 23.425394 14.147878 20
-2.9768393 26.165701 14.240989 16
-3.8112314 25.189978 14.190421 11
-4.5582523 24.25985 14.162219 13
-5.2271271 23.282555 14.132606 16
-3.6040065 26.106533 14.199213 15
-4.3914409 25.075039 14.145004 14
-5.0688896 24.006731 14.064802 14
-5.6994233 23.049051 14.07143 18
-4.2400708 25.99703 14.139296 15
-4.9704838 24.895735 14.076539 13
-5.6118569 23.836756 14.023507 12
-6.1944213 22.86245 14.044078 17
-4.8550334 25.839712 14.057477 18
-5.5677171 24.892916 14.1095 10
-6.1414738 23.710125 14.011845 14
-6.6696973 22.6591 14.004459 17
-5.502562 25.873297 14.085553 12
-6.1157236 24.629282 14.000381 15
-6.6632013 23.552444 13.989286 18
-7.1274352 22.427496 13.959816 11
-6.1000209 25.637583 13.980516 14
-6.6932254 24.537899 14.002306 13
-7.1587524 23.302546 13.918468 12
-7.1483746 20.844057 13.076376 7
-6.7144685 25.50412 13.940819 19
-7.2310448 24.291052 13.922372 9
-7.6706119 23.129015 13.900664 16
-7.6100559 20.738642 13.11224 13
-7.3323274 25.37948 13.916191 14
-7.7506475 23.988558 13.815916 13
-8.161541 22.900455 13.858081 14
-8.099102 20.704592 13.204569 16
-7.9108925 25.099632 13.814424 12
-8.3098698 23.83288 13.806174 14
-8.6373558 22.624352 13.790625 14
-8.5912504 20.668447 13.300167 22
-8.5174131 24.93495 13.784224 12
-8.8662329 23.657099 13.787988 14
-9.1244373 22.399273 13.764915 15
-9.1312351 20.734415 13.474576 23
-9.1089401 24.741251 13.75126 13
-9.3856459 23.403456 13.738863 15
-9.6291571 22.221821 13.775479 13
-9.634757 20.68417 13.578069 17
-9.6841536 24.464771 13.677499 16
-9.8950815 23.116961 13.673765 15
-9.5523071 20.713512 12.9597 8
-10.15691 20.655746 13.701971 20
-10.248968 24.178843 13.606625 14
-10.447585 22.926271 13.672236 14
-10.092456 20.681063 13.063961 15
-10.617727 20.481842 13.735701 17
-10.861904 24.020094 13.615924 9
-10.955685 22.647367 13.627002 12
-10.654856 20.666046 13.190558 16
-11.410114 23.694605 13.539342 13
-11.460734 22.368465 13.588848 14
-11.227565 20.660126 13.332188 17
-11.81003 20.655323 13.482938 18
-11.812028 19.637865 13.660633 17
-12.149132 20.187529 13.336672 13
-11.74275 20.407295 12.00528 31
-12.259407 20.303585 12.748876 33
-12.553501 19.855627 13.288309 20
-12.306486 20.25544 12.051151 77
-12.33635 19.373728 12.31748 22
-12.333979 18.546349 12.585066 26
-12.470185 18.005117 13.061319 28
-12.522818 19.529922 11.760858 25
-12.506757 18.672436 12.029717 29
-12.327976 17.655733 12.151649 31
-12.290621 16.945662 12.479564 30
-12.475372 18.43527 11.248921 27
-12.471633 17.701159 11.565834 33
-12.489905 17.064638 11.921813 40
-12.354283 16.282156 12.181241 51
-12.43867 17.442335 10.791722 25
-12.452785 16.81452 11.152196 34
-12.446659 16.224907 11.517137 24
-11.565045 14.542532 11.062575 43
-12.399869 16.514341 10.369871 45
-11.519588 14.770403 9.9556379 72
-11.534166 14.309506 10.329885 52
-11.821502 14.24631 11.024547 64
-11.495211 14.511992 9.2618132 54
-11.63807 14.228429 9.7524309 81
-11.991267 14.235624 10.454388 79
-12.320498 14.237811 11.216451 89
-11.82136 14.216119 9.2262297 77
-12.171326 14.214012 9.9124737 76
-12.354012 14.032701 10.493558 72
-12.351684 13.675491 10.975684 60
-12.057735 13.809127 9.1245909 56
-12.282952 13.690481 9.7255831 49
-12.316847 13.372787 10.191342 53
-12.324128 13.074132 10.697141 55
-12.026948 13.116714 8.8315573 53
-12.034537 12.786597 9.2620955 51
-12.28322 12.752612 9.9123793 64
-12.303723 12.504614 10.436963 59
-12.218116 12.706307 8.7247849 55
-12.003727 12.177299 9.0013285 59
-12.086823 11.994759 9.5193148 66
-12.266266 11.951675 10.183811 58
-12.327774 12.216252 8.5670643 15
-12.036635 11.65878 8.8059902 66
-11.998508 11.387354 9.2359362 68
-12.259522 11.452015 9.97577 56
-12.241158 11.327692 8.7509489 60
-11.976987 10.877448 9.0251713 60
-12.115332 10.843776 9.6613951 61
-12.298571 10.870305 8.6013889 8
-11.996527 10.421725 8.8532171 78
-11.974296 10.268682 9.3662844 56
-12.158246 10.106168 8.8025827 76
-11.948131 9.8145876 9.1732817 62
-12.32131 9.7926016 8.7556019 9
-11.29541 8.8650131 8.5046034 8
-11.246685 8.7070656 6.9244676 75
-11.274866 8.6204844 7.3839788 72
-11.295267 8.5452557 7.8544474 85
-11.290771 8.4873171 8.3629227 78
-11.251602 8.2906132 6.7892165 71
-11.267493 8.2119474 7.23945 74
-11.327325 8.187933 7.7424536 68
-11.391107 8.1972017 8.3032322 54
-11.601051 8.1411324 6.8747816 67
-11.713129 8.147727 7.4031601 72
-11.811809 8.1650457 7.9510961 76
-11.863512 8.1819887 8.5270872 65
-12.103732 8.0831852 7.0511241 72
-12.104823 8.0293283 7.5315948 90
-12.116354 7.998455 8.0350838 97
-12.108428 7.9905343 8.5823956 83
-12.041643 7.6356392 6.8943534 64
-12.077653 7.6191506 7.3923759 83
-12.112056 7.6229749 7.9143634 86
-12.093915 7.6254902 8.4525585 77
-12.033854 7.2373061 6.777349 62
-12.027465 7.2096601 7.248589 48
-12.005767 6.8364663 6.6567221 64
-12.022963 6.8416405 7.1419258 63
-12.017229 6.4730387 6.564878 59
-12.03832 6.4910879 7.0503473 69
-12.029268 6.5136862 7.5381794 2
-11.994636 6.0991645 6.4582372 81
-12.022156 6.135613 6.9467678 78
-12.019506 6.1730309 7.4364958 43
-11.971807 5.7377176 6.3615098 89
-12.00347 5.7893009 6.8500843 88
-12.043695 5.8608589 7.3644977 60
-11.966177 5.3952065 6.2808604 87
-12.007155 5.4595737 6.7703199 85
-12.031448 5.5354476 7.2737527 66
-11.963741 5.0596743 6.2081556 83
-11.985783 5.128417 6.6846428 82
-12.007273 5.213315 7.1810226 85
-11.955485 4.7312994 6.1374211 83
-11.973653 4.8060985 6.6078792 85
-12.006625 4.90977 7.1110978 95
-11.942371 4.4080553 6.0686526 83
-11.95878 4.4928713 6.5350385 83
-11.98788 4.6015658 7.0302072 83
-12.024288 4.7565112 7.5860415 14
-11.920362 4.0859694 5.9998274 86
-11.946166 4.1855636 6.4690657 92
-11.983612 4.3080649 6.9651151 91
-11.954475 4.4472742 7.4732623 32
-11.921807 3.7804191 5.9508371 87
-11.934629 3.8832319 6.4071202 86
-11.969263 4.0147662 6.8991437 88
-11.958533 4.1705589 7.4121418 59
-11.914243 3.4770536 5.9009337 92
-11.927274 3.5888436 6.354156 87
-11.957026 3.7264376 6.8371525 82
-11.990016 3.9083347 7.3738422 73
-11.900695 3.1748276 5.8500419 93
-11.910959 3.2966611 6.2992039 89
-11.958066 3.4478762 6.7880569 87
-11.975085 3.6330554 7.3087711 79
-11.043383 2.668051 5.3799071 86
-11.058602 2.7879059 5.7941699 21
-11.935719 3.1690865 6.7320762 89
-11.967973 3.366936 7.2566843 80
-11.039852 2.4000614 5.3469644 85
-11.055041 2.5282991 5.7582316 86
-11.081941 2.6784449 6.1924586 79
-11.064475 2.8603084 6.6465201 2
-11.056605 2.1379058 5.3290777 53
-11.044945 2.2698298 5.7221632 84
-11.069122 2.428004 6.1498828 85
-11.073485 2.621388 6.6082315 78
-11.881655 2.0234184 5.7148566 96
-11.741873 2.1493912 6.0650406 53
-11.073912 2.1829889 6.119431 72
-11.075251 2.3849297 6.5699558 79
-11.869271 1.7413155 5.6848321 95
-11.885555 1.9059037 6.1146441 95
-11.907377 2.091511 6.5653429 92
-11.145954 2.1642087 6.5801725 34
-11.850382 1.4625084 5.6577559 91
-11.884877 1.636681 6.0904937 88
-11.916968 1.8330555 6.5430889 78
-11.925125 2.07021 7.0224819 78
-11.847612 1.188396 5.6426458 88
-11.872225 1.3687441 6.0653715 93
-11.886417 1.5714419 6.5009775 88
-11.921884 1.8199955 6.9892111 80
-11.848854 0.91421306 5.631525 90
-11.857629 1.1028688 6.0422421 92
-11.891018 1.3131214 6.4807391 90
-11.909662 1.5709866 6.9539595 73
-11.838165 0.64330846 5.6184206 88
-11.86012 0.8386575 6.031044 90
-11.885712 1.0580474 6.461493 96
-11.90148 1.3219069 6.9236693 81
-11.837572 0.37319973 5.6152229 88
-11.857715 0.57652247 6.0197768 90
-11.872463 0.80307919 6.43819 94
-11.896462 1.0757102 6.8982644 78
-11.825987 0.10228472 5.6090078 87
-11.846352 0.31556606 6.0085063 93
-11.874247 0.54879338 6.4268618 90
-11.893436 0.83146584 6.8769097 83
-11.825418 -0.16587423 5.6118369 88
-11.836859 0.052545834 6.0003414 86
-11.858972 0.29584923 6.4086461 90
-11.885319 0.5853219 6.8546257 84
-11.81285 -0.43276605 5.6117091 82
-11.836488 -0.20663448 6.0011244 87
-11.857723 0.042644426 6.4023905 89
-11.888297 0.3419759 6.8422904 83
-11.822239 -0.70309955 5.6255388 86
-11.837121 -0.46581212 6.0059052 89
-11.855505 -0.20951593 6.3991318 85
-11.882271 0.09884318 6.8289809 76
-11.804653 -0.97083473 5.6304331 81
-11.826668 -0.7277469 6.0067382 88
-11.840322 -0.45939285 6.3908968 91
-11.869183 -0.14614482 6.811707 79
-11.796088 -1.2387288 5.6443024 83
-11.833272 -0.98900294 6.0215163 84
-11.846067 -0.71369392 6.3956304 93
-11.874202 -0.38847238 6.8093605 77
-11.795435 -1.5107762 5.6641769 78
-11.81988 -1.2488241 6.0283456 81
-11.848849 -0.96688807 6.4053659 87
-11.867132 -0.63353926 6.8020701 77
-11.790806 -1.7817192 5.6850567 77
-11.822387 -1.5139606 6.046164 81
-11.836611 -1.2197626 6.408145 83
-11.862098 -0.87762135 6.7997675 71
-11.776121 -2.0544302 5.703979 82
-11.811933 -1.7767997 6.0610065 79
-11.83231 -1.475791 6.4169226 83
-11.853039 -1.1225984 6.7984843 75
-11.796345 -2.3338339 5.7468429 81
-11.805439 -2.041702 6.0808525 79
-11.824012 -1.7317078 6.4277124 86
-11.853891 -1.3717784 6.8031998 82
-11.779646 -2.6074479 5.7727795 85
-11.80484 -2.3116949 6.1087151 81
-11.827684 -1.98985 6.4484811 83
-11.842784 -1.6186851 6.8049364 74
-11.787766 -2.8905561 5.8157067 85
-11.804244 -2.5816748 6.1385798 87
-11.822282 -2.2507777 6.468298 86
-11.837645 -1.8676838 6.8146706 77
-11.769933 -3.1700952 5.8486891 80
-11.793641 -2.8514159 6.1674728 84
-11.816854 -2.512691 6.4901218 85
-11.835415 -2.1207213 6.8274264 86
-10.96555 -3.212008 5.4784145 49
-11.791899 -3.128264 6.2033987 87
-11.805448 -2.7743678 6.5119767 89
-11.820219 -2.3723779 6.836225 74
-10.943925 -3.4753759 5.5135431 86
-11.031096 -3.1792502 5.8292904 44
-11.808622 -3.0453489 6.5460939 89
-11.824705 -2.6294515 6.8602381 79
-10.925453 -3.7417369 5.5544567 86
-10.944199 -3.4162433 5.8231969 87
-11.380283 -3.191349 6.3343863 32
-11.825318 -2.8913922 6.8830385 77
-11.767404 -4.3411055 6.0590544 83
-10.938831 -3.679898 5.8660202 84
-10.964322 -3.3235881 6.1305299 85
-11.814011 -3.150043 6.9048443 66
-11.770069 -4.646811 6.1251421 90
-10.949272 -3.9528613 5.9208603 2
-10.950117 -3.5791056 6.161324 84
-11.006855 -3.1744242 6.4434114 55
-11.757692 -4.9531875 6.1862903 78
-11.783016 -4.5618887 6.4485807 85
-10.947772 -3.8398681 6.2031622 89
-10.962932 -3.4124324 6.4472332 86
-11.755097 -5.2667804 6.257525 90
-11.769772 -4.8593249 6.5037355 83
-11.798803 -4.4381695 6.7568102 92
-10.962731 -3.6653097 6.4820371 91
-11.749339 -5.5872765 6.3318176 83
-11.771307 -5.1670437 6.5709186 80
-11.789681 -4.7297463 6.8059134 79
-10.960442 -3.922116 6.5198755 5
-11.735544 -5.9085841 6.408102 84
-11.754829 -5.4734068 6.6320686 79
-11.771575 -5.0191827 6.8529119 78
-11.798468 -4.5201159 7.0824294 78
-11.73147 -6.2430682 6.4963646 77
-11.75808 -5.7950945 6.7112422 87
-11.764322 -5.3197021 6.912993 81
-11.788571 -4.804666 7.1254196 79
-11.725288 -6.585402 6.5867434 78
-11.757265 -6.1216106 6.7934957 84
-11.764829 -5.63135 6.9801397 83
-11.79344 -5.1004915 7.1814442 71
-11.740691 -6.947134 6.6971917 70
-11.750304 -6.4539776 6.8758092 80
-11.77115 -5.9520602 7.0593333 83
-11.803033 -5.408381 7.2455392 79
-11.725263 -7.3001885 6.7956734 78
-11.750128 -6.7964373 6.9691725 75
-11.767336 -6.2775564 7.1335902 82
-11.792729 -5.7108426 7.3006568 85
-11.73323 -7.6806731 6.9162745 63
-11.742808 -7.1447153 7.0635962 78
-11.759494 -6.6059036 7.212851 77
-11.791244 -6.024416 7.3667688 71
-11.698708 -8.0411987 7.0167809 71
-11.738123 -7.5070276 7.168138 77
-11.756154 -6.9454627 7.2993684 76
-11.784133 -6.3461103 7.43331 67
-11.700694 -8.4387922 7.1479659 73
-11.725855 -7.8714409 7.2731342 79
-11.762104 -7.3013411 7.4012508 79
-11.755013 -6.6594167 7.4909983 66
-11.680628 -8.8358812 7.2732182 71
-11.735925 -8.2642517 7.4012675 71
-11.737159 -7.6495657 7.487175 78
-11.75533 -7.000227 7.5767503 68
-11.589851 -9.1833553 7.3601794 67
-11.706638 -8.6420164 7.5091453 77
-11.736169 -8.0219412 7.5948205 66
-11.739105 -7.3413858 7.6521564 69
-11.062632 -9.1637001 7.1615763 68
-11.736367 -9.0757742 7.6660604 82
-11.745765 -8.4164333 7.7165222 79
-11.741446 -7.7028623 7.7486501 48
-10.845744 -9.4003468 7.1698451 76
-11.279726 -9.1176834 7.4956775 73
-11.713823 -8.79 7.8202057 79
-10.832675 -9.8269873 7.3238597 25
-10.936337 -9.242774 7.4015722 66
-11.646317 -9.1457109 7.9038982 84
-10.850965 -9.5910892 7.4932613 78
-11.136744 -9.1366959 7.6773405 73
-11.724163 -8.844389 8.0626726 76
-10.874898 -9.3236151 7.6284213 76
-11.569114 -9.1285524 8.0741177 63
-10.844377 -9.7220964 7.7532983 44
-11.072439 -9.1229181 7.8385439 69
-10.883111 -9.3753595 7.8308687 74
-10.846549 -9.7675142 7.9411678 23
-11.820452 -13.141793 9.2063694 4
-11.541653 -14.463708 9.4411659 61
-11.729466 -13.644531 9.3821335 77
-11.099055 -14.558725 9.3586178 55
-11.479633 -13.970433 9.4356098 50
-11.710503 -13.192279 9.3857403 72
-10.843802 -14.903257 9.4432173 32
-11.378171 -14.500084 9.6270456 87
-11.478492 -13.524666 9.4312 50
-10.567361 -15.225204 9.5185614 59
-10.922622 -14.569766 9.51406 59
-11.474451 -14.156046 9.6836567 45
-11.541621 -13.065257 9.4059906 41
-10.075162 -15.212927 9.3899231 49
-10.793228 -15.091398 9.7040472 55
-11.258981 -14.546259 9.7659855 60
-11.481779 -13.604686 9.584897 44
-9.6017218 -15.212034 9.2733088 45
-10.35008 -15.162147 9.6058388 58
-10.845653 -14.666684 9.6760378 32
-11.476607 -14.247996 9.8283815 49
-9.1347733 -15.194217 9.1575909 53
-9.8918505 -15.197524 9.4904728 63
-10.686166 -15.151689 9.8289118 55
-11.170866 -14.519478 9.8191996 62
-8.6883717 -15.195813 9.0589542 36
-9.4235497 -15.189824 9.3598289 47
-10.199414 -15.157749 9.67241 24
-10.902745 -14.847729 9.8502865 31
-8.2569265 -15.19776 8.9712629 25
-8.9720478 -15.190485 9.2421875 37
-9.7547045 -15.207589 9.5550871 41
-10.606319 -15.145405 9.8622446 45
-7.8240223 -15.176727 8.8744164 36
-8.5181475 -15.166121 9.1183777 43
-9.2863493 -15.199024 9.4094286 36
-10.102005 -15.130236 9.6756449 48
-7.4069018 -15.166003 8.7895947 50
-8.0837688 -15.163132 9.0106592 31
-8.8329268 -15.194746 9.2757559 29
-9.6600895 -15.187223 9.5473604 43
-6.9986792 -15.160445 8.7127819 31
-7.6596184 -15.151374 8.9058485 38
-8.3769522 -15.171452 9.1349554 33
-9.1935091 -15.186777 9.3927441 34
-6.5986114 -15.149067 8.640893 29
-7.2501802 -15.152899 8.8160715 39
-7.9388595 -15.154526 9.0081282 40
-8.736845 -15.190545 9.2451115 42
-5.9172158 -14.370494 8.1405087 30
-6.8438468 -15.150482 8.7292519 30
-7.5241098 -15.167024 8.9044361 31
-8.2721987 -15.151209 9.0822048 42
-5.5708022 -14.419158 8.1128683 38
-6.1329494 -14.347425 8.1927805 4
-7.1020269 -15.151396 8.7915697 40
-7.846303 -15.167559 8.9605703 37
-5.4426746 -15.106888 8.4480133 33
-5.7712598 -14.362932 8.1319542 45
-6.69766 -15.14911 8.6927462 25
-7.4236836 -15.172972 8.8408508 29
-5.0790935 -15.1202 8.4081793 44
-5.4641728 -14.526237 8.156992 9
-5.9974117 -14.360335 8.154336 13
-6.9965353 -15.158322 8.7130041 32
-4.7132506 -15.102512 8.3591366 34
-5.2969999 -15.127401 8.4306536 48
-5.6316633 -14.376826 8.0815287 35
-6.5851793 -15.153962 8.6001835 44
-4.3576899 -15.115967 8.3272791 40
-4.9221339 -15.108616 8.3636284 46
-5.505899 -15.088722 8.4018364 23
-5.881216 -14.352189 8.0476904 30
-4.0054927 -15.114514 8.2933092 44
-4.5570455 -15.10001 8.3056459 44
-5.1369629 -15.114054 8.3410997 37
-5.5302615 -14.419928 7.9941926 14
-3.6519084 -15.087088 8.2491636 44
-4.193037 -15.088416 8.2486429 43
-4.7627697 -15.108315 8.2681684 33
-5.3836813 -15.121483 8.2865009 40
-3.3113391 -15.103765 8.2352982 46
-3.8378489 -15.08595 8.2026863 47
-4.3916168 -15.101622 8.1982269 53
-4.9984293 -15.116573 8.1976137 41
-2.9647143 -15.091034 8.2070932 44
-3.4859643 -15.082198 8.1625624 44
-4.0284395 -15.10772 8.1432085 45
-4.6200452 -15.128462 8.1226845 36
-2.6248515 -15.076836 8.1819735 49
-3.1357255 -15.081834 8.1255665 50
-3.6637127 -15.083202 8.076086 42
-4.2391925 -15.106688 8.0356264 47
-2.2889087 -15.066686 8.1638689 51
-2.7905676 -15.07857 8.0915365 50
-3.305434 -15.082745 8.0241127 43
-3.8715427 -15.120073 7.9737759 43
-1.954651 -15.070503 8.1568584 50
-2.4467065 -15.063338 8.0574169 53
-2.9513566 -15.074384 7.9730673 48
-3.4979043 -15.090445 7.891634 44
-1.6236612 -15.063428 8.1467514 47
-2.1066718 -15.056158 8.0303345 53
-2.600209 -15.070038 7.9310355 48
-3.1333976 -15.09889 7.833724 42
-1.2938067 -15.051389 8.1375942 47
-1.7666081 -15.050994 8.0052462 51
-2.2528751 -15.074782 7.8950281 53
-2.7685351 -15.081397 7.7696071 49
-0.9638564 -15.044339 8.1334553 50
-1.4303892 -15.051928 7.9901414 51
-1.9028089 -15.066525 7.8559103 46
-2.4092815 -15.078993 7.7175679 41
-0.63707751 -15.028351 8.1322441 58
-1.0953598 -15.045771 7.974072 62
-1.5568036 -15.057232 7.8208489 46
-2.0482986 -15.066469 7.6625271 44
-0.31210458 -15.022296 8.137146 73
-0.75841349 -15.036559 7.95998 75
-1.2127504 -15.05096 7.7927847 52
-1.6928763 -15.074015 7.6235762 41
-0.0094316853 -14.273409 7.7417665 44
-0.42453948 -15.025458 7.9488192 81
-0.86760193 -15.049661 7.7707238 64
-1.3370121 -15.058592 7.5794539 51
0.29990771 -14.284667 7.7627153 68
-0.11125776 -14.302188 7.5666766 6
-0.52468264 -15.038355 7.7476387 70
-0.98064446 -15.064028 7.5455308 54
0.66470033 -15.00301 8.172781 84
0.2073644 -14.280385 7.5554547 87
-0.18096353 -15.061913 7.7457838 79
-0.62645602 -15.045482 7.5075345 56
0.99118471 -15.002689 8.1948175 89
0.52287352 -14.237588 7.5411644 22
0.13149261 -14.285695 7.3374014 91
-0.27212369 -15.047918 7.4825807 75
1.3192073 -14.988487 8.2116756 91
0.91352016 -15.017024 7.9619141 98
0.45667943 -14.233684 7.3071718 69
0.052994978 -14.267311 7.0762901 73
1.6460741 -14.976941 8.2346935 88
1.2527113 -15.020514 7.9759078 94
0.85323077 -15.036145 7.7159395 95
0.39296502 -14.276914 7.0653143 75
1.975655 -14.976517 8.2676153 88
1.5903109 -15.018979 7.9928322 97
1.2009758 -15.022626 7.7097425 110
0.79751045 -15.061543 7.4388752 90
2.3130522 -14.996901 8.3156338 83
1.9264019 -14.996786 8.0014591 99
1.5465688 -15.021747 7.7139497 94
1.1528405 -15.047682 7.4218631 82
2.6344442 -14.947876 8.3273849 94
2.2641859 -14.990124 8.0226316 99
1.8964969 -15.015276 7.7217655 100
1.5144484 -15.038953 7.4118013 89
2.9690108 -14.94449 8.369298 91
2.6107979 -14.990568 8.0505896 95
2.2461944 -15.002979 7.729568 106
1.8783352 -15.046423 7.4157138 77
3.3071439 -14.94066 8.412982 91
2.9535513 -14.977872 8.0751085 103
2.6007092 -14.991837 7.7391901 102
2.2392552 -15.024002 7.4083657 84
3.6595094 -14.97578 8.4861574 83
3.3085668 -14.984989 8.1141987 105
2.9594889 -14.991023 7.7612257 94
2.6075575 -15.006188 7.4063201 88
3.9863467 -14.913024 8.5056562 97
3.660686 -14.977537 8.1521158 100
3.3193574 -14.968513 7.7750511 106
2.9788573 -15.002411 7.4172726 79
4.3354282 -14.907514 8.5605955 96
4.0143576 -14.963105 8.1890135 105
3.6863668 -14.97086 7.8080392 100
3.3543596 -14.999786 7.4341936 91
4.6865826 -14.906384 8.6234875 99
4.3727236 -14.953746 8.2318649 105
4.053896 -14.964257 7.838964 109
3.7334402 -14.990766 7.452167 86
5.0447731 -14.884327 8.6833534 92
4.7463231 -14.948524 8.2859364 96
4.4368896 -14.954833 7.8771634 102
4.1284761 -14.97928 7.4744616 92
5.4069748 -14.876687 8.752389 96
5.1173391 -14.930781 8.3349457 96
4.8189139 -14.952085 7.9202385 103
4.5184593 -14.969493 7.5014815 75
5.7802963 -14.876393 8.8284321 101
5.4933724 -14.917586 8.3909187 99
5.2058077 -14.933733 7.9612303 106
4.9045811 -14.921344 7.5123038 91
5.9694543 -14.457727 8.6610537 42
5.8840032 -14.921456 8.4600954 117
5.6013603 -14.933635 8.0153666 99
5.3282604 -14.967464 7.5778279 78
6.1830854 -14.121228 8.5423117 83
5.968986 -14.239347 8.1445255 44
5.970304 -14.848406 8.0287457 98
5.7198749 -14.911692 7.5974674 94
6.5264373 -14.06251 8.5947971 11
6.2916918 -14.120656 8.1501398 96
6.0397363 -14.118276 7.69523 89
6.0054097 -14.611682 7.4945493 31
7.3069625 -14.838068 9.1638422 98
7.0556717 -14.855793 8.6572475 101
6.4373736 -14.118201 7.7633805 102
6.2101836 -14.145974 7.3099208 102
7.6999125 -14.815014 9.2528296 89
7.4631319 -14.838834 8.7363434 103
7.2302217 -14.85936 8.2448378 100
6.5730209 -14.039029 7.316133 26
8.1104746 -14.807736 9.355834 100
7.8853793 -14.828934 8.8243265 107
7.6809425 -14.883334 8.3401079 101
7.4470248 -14.875722 7.820374 100
8.5288801 -14.796844 9.4660063 104
8.3177862 -14.819858 8.9215488 106
8.1104994 -14.840647 8.4041328 102
7.9030232 -14.863597 7.8906689 93
8.9576178 -14.782221 9.5781975 78
8.7566204 -14.806032 9.0227671 89
8.5643835 -14.828521 8.4953661 99
8.3636999 -14.840389 7.9608865 93
9.3899622 -14.763586 9.6954536 85
9.2131233 -14.795986 9.1311026 104
9.0294819 -14.817615 8.5917282 106
8.8549986 -14.848001 8.0574417 84
9.8514214 -14.770499 9.8349142 83
9.6753016 -14.785902 9.2494745 115
9.5081558 -14.803881 8.6940794 100
9.3440676 -14.82475 8.1437111 84
10.30068 -14.740375 9.9611082 87
10.148857 -14.762179 9.3637924 102
9.9979544 -14.78472 8.8014841 109
9.8529797 -14.804125 8.2381725 80
10.781286 -14.733665 10.108519 85
10.658593 -14.76997 9.5113745 85
10.510169 -14.767653 8.9189024 102
10.386358 -14.792608 8.3466921 92
11.157412 -14.574244 10.158856 67
11.149342 -14.726185 9.6310625 122
11.054049 -14.770488 9.0569124 96
10.93294 -14.779536 8.4634447 76
11.229959 -14.03791 9.947154 67
11.176284 -14.108173 9.3783054 67
11.195413 -14.261161 8.8872375 71
11.210474 -14.410187 8.3843784 64
11.746957 -14.04298 10.122596 84
11.669422 -14.052859 9.5032959 108
11.579577 -14.053872 8.9089031 106
11.513749 -14.07047 8.3266144 90
11.988877 -13.721761 10.072454 75
11.953573 -13.757735 9.473382 97
11.972678 -13.853307 8.9396315 75
12.009418 -13.958267 8.4084988 83
11.968966 -13.223491 8.6985607 16
11.985549 -13.277965 8.1523008 75
12.00105 -12.639415 9.0466843 9
11.951744 -12.605732 8.4603138 90
11.998618 -12.668304 7.9388895 74
11.927186 -12.017205 8.7813044 58
11.949951 -12.032403 8.2465401 91
11.977743 -12.048473 7.7127972 82
11.919481 -11.489841 8.5809927 59
11.937623 -11.478167 8.0430326 85
11.966899 -11.469158 7.5090823 68
11.952982 -11.070081 9.0003557 5
11.913582 -10.981201 8.3906145 96
11.937536 -10.957278 7.8595128 87
11.965302 -10.925274 7.3263683 75
11.898101 -10.556803 8.7837954 23
11.919016 -10.506366 8.2217865 83
11.939414 -10.455508 7.6874442 90
11.965842 -10.40648 7.1571326 85
11.889531 -10.111121 8.6168795 32
11.910524 -10.03637 8.0523643 91
11.110744 -9.3125362 7.0269437 75
11.137596 -9.2482777 6.5355654 78
11.07569 -9.0452566 7.9080205 82
11.115423 -8.9749289 7.3935108 84
11.144103 -8.9025955 6.9030933 95
11.155396 -8.8137188 6.4065089 78
11.137645 -8.701437 7.8087306 70
11.306058 -8.7125912 7.3773236 76
11.446115 -8.7032118 6.9436822 76
11.609428 -8.7052193 6.518189 72
11.636494 -8.6783285 8.0031366 73
11.867457 -8.7076426 7.588037 89
11.947082 -8.6330757 7.0997648 98
11.967732 -8.5151291 6.5810156 82
11.860851 -8.4505415 8.0189266 74
11.909534 -8.3300161 7.4812226 98
11.925953 -8.2011433 6.9613647 97
11.944168 -8.0642042 6.4444571 99
11.867341 -8.0780249 7.8993435 81
11.899398 -7.9309497 7.3534069 94
11.929655 -7.7966666 6.8445535 101
11.95365 -7.6515388 6.3346066 88
11.893199 -7.7229586 7.7939463 71
11.899614 -7.5495615 7.2397695 93
11.914323 -7.3927073 6.7237315 96
11.954179 -7.2441125 6.2278256 74
11.890923 -7.3646555 7.6814966 82
11.897975 -7.1762228 7.1292143 90
11.915446 -7.010242 6.6211162 97
11.951957 -6.8477044 6.1281023 87
11.898872 -7.0160551 7.576128 78
11.888476 -6.809062 7.020668 90
11.912656 -6.6318803 6.5185165 93
11.940866 -6.4575124 6.0293965 87
11.8767 -6.662241 7.4626369 81
11.890227 -6.4535689 6.9222374 93
11.918166 -6.2672462 6.4270349 94
11.907682 -6.0629005 5.923593 98
11.867808 -6.3210487 7.3582711 96
11.887049 -6.1071978 6.8290229 89
11.898545 -5.9022918 6.3306489 95
11.84029 -5.664216 5.8088365 88
11.862023 -5.9917703 7.2631798 84
11.881047 -5.7638631 6.7376709 93
11.904455 -5.5565877 6.2513165 92
11.754157 -5.271965 5.6929059 96
11.863585 -5.6722322 7.176012 93
11.873245 -5.4295416 6.6513753 89
11.900389 -5.2121272 6.1719642 100
11.729809 -4.9159985 5.6124148 97
11.867286 -5.3596005 7.0959029 89
11.878711 -5.1078243 6.577209 94
11.892478 -4.8747349 6.0966501 104
11.727843 -4.577395 5.5471101 95
11.854914 -5.0433965 7.0097203 94
11.879249 -4.7892203 6.5040483 94
11.888741 -4.5452042 6.0274014 106
11.734001 -4.244556 5.4878688 100
11.847761 -4.7370214 6.9306197 93
11.870789 -4.4708328 6.4308615 109
11.887156 -4.222589 5.9632063 108
11.720157 -3.9112341 5.423563 102
11.85075 -4.4373498 6.8595953 86
11.877529 -4.1620169 6.367794 93
11.850364 -3.8909109 5.8868628 107
11.704464 -3.5859308 5.3653388 109
11.848747 -4.1398101 6.7896156 93
11.864257 -3.8537281 6.3007116 101
11.084419 -3.356065 5.4709373 103
11.103662 -3.1093791 5.0583138 95
11.845894 -3.8492541 6.7256861 93
11.066531 -3.3228934 5.840735 105
11.083579 -3.0672355 5.4230666 97
11.111608 -2.8122244 5.018436 92
11.0486 -3.332437 6.2368717 105
11.075037 -3.0486982 5.797039 100
11.108922 -2.7875519 5.3913832 83
11.671072 -2.6420975 5.2211409 103
11.050367 -3.0684609 6.1852236 90
11.080563 -2.7755756 5.7533383 85
11.657499 -2.6236196 5.6031017 103
11.663741 -2.3342359 5.182168 101
11.052142 -2.8054645 6.13658 87
11.840227 -2.668751 6.0831037 103
11.650439 -2.3267808 5.5602036 101
11.667568 -2.0340521 5.1512794 102
11.785928 -2.7052014 6.4743166 63
11.846373 -2.3806252 6.0432706 106
11.652486 -2.0347817 5.524292 101
11.668388 -1.7330933 5.1212659 101
11.81882 -2.4363277 6.4426036 93
11.846931 -2.0975749 6.0023623 101
11.646794 -1.7468451 5.4895139 100
11.669494 -1.4379252 5.0944653 100
11.829316 -2.1652884 6.4029484 94
11.827049 -1.8103158 5.9555092 104
11.641988 -1.4600921 5.4575472 102
11.65941 -1.1402624 5.0674076 99
11.810881 -1.8919898 6.3530321 97
11.824419 -1.5305322 5.9205961 100
11.634172 -1.1733912 5.4285712 102
11.665402 -0.8471325 5.0524311 103
11.807507 -1.6222706 6.3121886 99
11.825793 -1.2516221 5.8907056 100
11.63645 -0.89140457 5.406662 99
11.660429 -0.5552907 5.0344324 99
11.808115 -1.3524228 6.2763577 94
11.810187 -0.97315615 5.8557663 102
11.635722 -0.60947645 5.386744 100
11.657468 -0.26437315 5.0204458 102
11.801773 -1.0847431 6.24052 95
11.808575 -0.69529146 5.8298726 105
11.62999 -0.32765517 5.3688107 101
11.646465 0.028344307 5.0054221 99
11.796405 -0.81603295 6.2056775 107
11.806001 -0.41942978 5.8069897 104
11.628251 -0.045724574 5.35289 101
11.646521 0.31738332 4.9994707 104
11.782088 -0.55053633 6.1728573 98
11.785379 -0.14206001 5.7780814 104
11.628493 0.2352681 5.342031 100
11.641462 0.61028558 4.9935136 104
11.788743 -0.28546891 6.1511269 98
11.777794 0.13268045 5.7582417 103
11.617765 0.51500964 5.3291559 101
11.622497 0.89892465 4.9855733 101
11.78232 -0.017600503 6.1243911 97
11.751189 0.40714458 5.7344193 107
11.608914 0.79802948 5.3193374 100
11.624404 1.1903011 4.9897289 98
11.786919 0.24768879 6.1067381 101
11.739526 0.68304265 5.7166409 102
11.602085 1.0791388 5.315536 99
11.617242 1.4844462 4.9918351 97
11.770538 0.51242375 6.0820222 96
11.737823 0.95924997 5.7088895 104
11.602162 1.363443 5.315731 97
11.602117 1.7764125 4.9959297 93
11.762035 0.78139102 6.0632992 101
11.721157 1.2340614 5.6960993 103
11.588277 1.646372 5.3138747 94
11.599867 2.0736616 5.0069766 79
11.763598 1.0485154 6.0515332 93
11.715429 1.5130064 5.691195 100
11.582338 1.9333466 5.3178959 91
11.595681 2.3697498 5.0209403 65
11.749138 1.3181355 6.0346475 95
11.704735 1.7908092 5.687264 101
11.575417 2.2193182 5.3249202 84
11.390622 2.6264277 4.9545512 25
11.746649 1.5880997 6.0257955 95
11.713857 2.0751677 5.6943493 96
11.570407 2.5083714 5.3369288 72
10.952394 2.8158114 4.7939005 37
11.740083 1.8609803 6.0189104 89
11.708018 2.3581371 5.6973968 84
10.973223 2.663295 5.0870214 51
10.96518 3.1114125 4.8229184 23
11.737482 2.134989 6.016026 90
11.65637 2.6348913 5.6833377 47
10.941631 2.9356666 5.092051 41
11.548268 3.5795193 5.0955071 3
11.735757 2.4140475 6.0150995 72
10.964179 2.7551081 5.3723598 51
10.985332 3.2341082 5.1321316 8
11.48862 2.6383669 5.8977866 31
10.92581 3.0192561 5.3684211 46
10.957671 2.7848814 5.6451283 43
10.93197 3.3006494 5.3885007 3
9.9856901 3.9431117 4.5321455 1
10.920465 3.0430145 5.6352329 37
9.9618225 3.7450125 4.75243 1
9.9965801 4.2327757 4.5741854 1
10.941668 3.3217959 5.6563902 3
9.9185009 4.0031829 4.7635455 1
9.9458847 4.5048356 4.5931888 1
9.9130735 3.7864852 4.9730425 1
9.9683218 4.8108835 4.64817 1
9.8870087 5.3795424 4.7134709 2
9.8961601 5.1430707 4.9111214 2
11.507122 6.5855327 5.5110855 57
11.637764 6.3615627 5.789032 41
11.633989 7.0336409 5.6393661 70
11.650684 6.7304759 5.8565106 69
11.620665 7.411952 5.7106981 80
11.632699 7.0965605 5.9119129 83
11.611957 7.8054209 5.7879386 84
11.631431 6.7546868 6.0912695 67
11.618539 7.4688005 5.9762831 86
11.583263 8.1983862 5.8621202 86
11.638492 6.3598814 6.2540193 32
11.616694 7.110826 6.1437497 82
11.60994 7.858243 6.0495501 85
11.566195 8.6057129 5.947237 93
11.595613 6.6831517 6.2806396 64
11.606716 7.476131 6.2031794 83
11.592394 8.2454624 6.1218047 84
11.012223 8.6191521 5.7714305 65
11.616452 7.0562162 6.3421106 58
11.588518 7.8502545 6.2645221 90
11.534209 8.6186132 6.1820302 93
10.785205 8.8676863 5.7590008 85
11.620329 7.4278512 6.400538 62
11.595537 8.2551136 6.3427281 89
10.964685 8.6164846 5.9792838 75
10.720711 9.2517939 5.8341298 37
11.595441 7.7907133 6.4479365 75
11.524745 8.6138382 6.3860135 90
10.791707 8.9034519 5.9837527 86
11.509892 10.3929 6.3646359 91
11.580936 8.1779089 6.5061979 76
10.948381 8.6074018 6.1632762 72
10.726355 9.2824869 6.0519133 25
11.494799 10.87957 6.4882026 80
11.558361 8.5679102 6.5644135 84
10.768781 8.8801155 6.1548223 84
11.529387 10.428044 6.5984278 87
11.48608 11.390497 6.6256208 92
11.037166 8.5949106 6.3556132 57
10.705627 9.2521324 6.213037 32
11.504644 10.901395 6.7100554 91
11.452529 11.894792 6.7580066 84
10.762616 8.7888784 6.2854128 75
11.504058 10.380604 6.7636523 85
11.481488 11.390851 6.8305759 88
11.441764 12.449765 6.9130855 74
10.708403 9.1621408 6.3386264 50
11.486025 10.857279 6.8703399 92
11.477665 11.924278 6.9711781 95
11.432088 13.038462 7.081583 64
11.499184 10.275985 6.8841767 83
11.455853 11.340095 6.9789348 93
11.452968 12.46248 7.1134267 85
11.407796 13.634901 7.254447 63
11.489906 10.753696 6.9834929 69
11.459705 11.877947 7.1144524 83
11.447773 13.054165 7.2753072 39
11.382996 14.264142 7.4397626 77
11.488725 11.258354 7.0958734 70
11.441328 12.415526 7.2486982 97
0.94322735 1.6131989 0.91312557 5
0.68934023 1.4560312 0.77939963 51
11.477109 11.772681 7.2111702 70
11.434996 12.995362 7.3985891 72
0.88602263 1.6226739 0.89986801 27
0.63827777 1.4597217 0.76821274 80
1.0377014 1.5477095 0.95586759 2
0.92483205 1.586723 0.91624445 27
0.70971829 1.4777336 0.80731964 150
0.58818936 1.46245 0.75804257 82
11.446384 12.86843 7.4676647 60
0.87347966 1.6004158 0.90399754 29
0.64212215 1.4619551 0.78423864 75
0.55265695 1.4846475 0.75684953 79
0.92427492 1.568831 0.92151713 21
0.72537577 1.492346 0.82740504 150
0.58831155 1.4595959 0.7691825 80
0.52583361 1.5210657 0.7635662 86
0.87689656 1.5876852 0.90998852 28
0.64041877 1.453112 0.79119432 73
0.54987311 1.4777596 0.7657457 86
0.500871 1.5596412 0.7710284 81
0.78390342 1.5501451 0.86896139 150
0.59423506 1.4619232 0.77999014 67
0.52780461 1.5212945 0.77337515 83
0.48733234 1.621464 0.78955734 57
0.65335667 1.4554877 0.80021465 66
0.55481702 1.4799352 0.77374303 80
0.50575727 1.5638371 0.78201139 74
0.48520184 1.7066454 0.81895936 65
0.60330713 1.4591763 0.78503406 60
0.52895147 1.5153555 0.77841687 75
0.49029738 1.6225985 0.79855537 57
0.46189505 1.7592019 0.83352208 73
0.56101942 1.4720964 0.77581334 74
0.50109529 1.5507203 0.78208447 77
0.48627079 1.7037127 0.82497638 59
10.86128 22.709198 10.194232 4
0.53507566 1.5085067 0.77849352 78
0.48848388 1.6115501 0.79765463 68
0.46664262 1.7633786 0.84155476 61
10.933013 24.215912 10.757218 12
0.50994784 1.5489516 0.7832092 79
0.48812592 1.6997724 0.82611716 57
11.124527 23.172598 10.464929 13
9.7897234 23.1416 10.183454 7
0.4907943 1.5995543 0.79281515 60
0.46493652 1.7533032 0.83867478 69
10.971805 24.231884 10.806694 11
0.48962533 1.6856356 0.81920135 55
10.21221 21.264887 9.609683 7
9.8093834 23.125837 10.194567 9
0.4739331 1.753317 0.8356694 74
10.42183 22.985888 10.237432 5
0.44287777 1.7946233 0.84128928 5
11.056338 24.114985 10.66083 23
9.9512024 33.287853 14.060382 19
9.0942154 33.16209 13.921755 16
9.9277315 33.186989 13.915983 22
8.2781668 33.149677 13.836765 16
10.600212 32.688793 13.669108 17
9.0886717 33.165596 13.79489 15
7.4657683 33.104626 13.752208 19
9.9233036 33.185787 13.738421 15
8.2685432 33.161144 13.690575 19
6.6814818 33.107685 13.694407 23
9.06036 33.108276 13.571902 14
7.4544368 33.133709 13.585395 20
5.8965702 33.078213 13.628992 28
9.9073343 32.992577 13.398117 33
8.2352982 33.135201 13.454914 16
6.6439419 33.080406 13.48609 16
5.1177225 33.07613 13.585711 22
5.8484454 33.057392 13.397728 20
4.3549109 33.064274 13.542213 20
8.8935375 35.572334 14.121845 17
7.0959468 35.404766 14.151531 6
5.0658031 33.035217 13.328453 14
3.5945966 33.037048 13.508451 26
6.2801275 35.629532 14.129693 14
4.3017912 33.067963 13.279134 13
2.8421702 33.042717 13.48311 35
5.472744 35.896423 14.136368 12
3.5263786 33.046242 13.211498 13
2.0927095 32.997208 13.446047 24
4.6447358 36.068966 14.11618 13
2.7611704 33.01263 13.154324 9
1.3490734 32.964977 13.428435 18
3.8003786 36.195362 14.084328 12
0.60530806 32.948673 13.416923 28
4.7323608 37.083096 14.032609 14
2.9813936 36.336269 14.052021 16
-0.11386731 32.960827 13.409211 28
2.1571333 36.663593 14.11379 12
-0.8477698 32.933125 13.409234 18
-1.5837828 32.915409 13.415969 27
0.44718608 36.800148 14.06015 13
-0.99717146 32.935722 12.989532 9
-2.3143337 32.91922 13.446238 25
-1.7465816 32.977577 13.006662 9
-3.0495088 32.907856 13.474175 28
0.30255267 38.292896 14.040939 15
-2.4943383 32.902939 12.97842 12
-3.7859626 32.854473 13.484356 17
-0.61416465 38.39761 14.022594 17
-3.2473288 32.896175 12.991058 14
-4.5281496 32.870068 13.541021 27
-4.0074935 32.909653 13.01698 14
-5.2617259 32.819382 13.579008 17
-3.8457289 36.667492 13.899019 13
-4.7525082 32.823643 13.007266 21
-6.0070372 32.805965 13.627091 16
-5.5118403 32.833008 13.043081 17
-6.7609191 32.843246 13.706786 14
-6.2852964 32.847023 13.082424 24
-7.4796314 32.677891 13.707314 18
-6.3308682 35.910843 13.637279 14
-7.0450401 32.786064 13.107283 24
-8.1599274 32.328056 13.642337 12
-7.817481 32.749378 13.145805 22
-8.6056776 32.778534 13.217864 18
-9.3954487 32.75235 13.277232 20
-10.186093 32.723244 13.340688 12
-10.797931 31.005987 13.451136 14
-9.6641064 36.939999 13.361649 18
-9.8274603 32.733433 12.618351 9
-10.923473 32.484798 13.327672 16
-11.39475 30.557423 13.370675 11
-10.65581 32.715126 12.67645 12
-12.070664 30.334089 13.390491 13
-11.483182 32.680653 12.735801 15
-12.3954 29.268261 13.043544 11
-12.296793 32.591064 12.781116 22
-12.806875 31.006111 13.012621 17
-11.908618 26.421066 11.893259 38
-12.497982 30.904125 12.200986 19
-11.792151 26.695374 11.306191 11
-12.501209 26.212887 11.920263 52
-12.650543 31.979078 11.809529 28
-12.751587 29.494823 11.729327 24
-12.328555 26.301805 11.241241 49
-12.627136 25.020029 11.504144 19
-12.726364 29.982069 11.145086 18
-12.133331 26.263409 10.538227 45
-12.618149 25.375305 10.953913 17
-12.594495 23.633102 10.993173 25
-11.965212 26.271364 9.8404331 53
-12.618965 25.715467 10.414742 21
-12.563513 23.866114 10.420197 21
-11.645182 20.652531 9.7321739 29
-12.598306 25.991184 9.8057423 29
-12.548039 24.090816 9.8455515 21
-11.588366 20.770683 9.1684179 14
-11.993105 20.240801 9.6514816 80
-12.3081 23.860823 9.0855398 25
-11.555745 20.887194 8.6279316 9
-11.89509 20.228943 9.0329285 87
-12.464138 20.048779 9.6841192 60
-12.249934 22.351442 8.5894508 27
-11.809237 20.201988 8.4401569 107
-12.214707 19.743189 8.9288216 24
-12.201527 18.674561 9.1505375 39
-11.758409 20.216858 7.8518753 113
-12.39159 20.117128 8.5027781 115
-12.214458 18.763847 8.6038542 26
-12.147993 17.713034 8.8088207 29
-12.363808 20.14114 7.915771 78
-12.46202 18.231487 8.4799423 10
-12.30224 17.12842 8.6497726 52
-12.258695 17.002762 6.9516387 51
-11.388511 14.375203 7.008297 75
-11.67837 14.163607 7.5177784 85
-11.301737 14.839758 6.1596098 3
-11.365075 14.280192 6.4947801 76
-11.731647 14.157577 7.0183887 103
-12.167142 14.142935 7.6401291 107
-11.357277 14.180259 5.9801941 66
-11.793077 14.145163 6.5411735 100
-12.198244 14.083828 7.1064029 111
-12.211454 13.583701 7.4738936 77
-11.877562 14.137443 6.0619988 89
-12.172859 13.937615 6.5599537 92
-12.18055 13.43852 6.9071374 66
-12.215156 13.013067 7.2977862 20
-12.142609 13.767083 6.0084138 54
-12.141109 13.260261 6.3596673 94
-12.134687 12.791443 6.7056084 76
-12.143928 12.387511 7.0891142 69
-12.116127 13.080476 5.8189044 66
-12.116061 12.625594 6.1767526 85
-12.128267 12.222466 6.5402446 83
-12.131212 11.847695 6.9235883 72
-12.090709 12.43292 5.6441059 71
-12.119201 12.048607 6.0185056 90
-12.132541 11.690511 6.390707 78
-12.126217 11.344984 6.7768874 79
-12.060852 11.8106 5.4781842 79
-12.085504 11.467313 5.8562918 87
-12.105793 11.148092 6.2332425 81
-12.100448 10.84259 6.6251836 77
-12.047431 11.238926 5.3328824 75
-12.078176 10.937509 5.7176938 79
-12.097144 10.650401 6.0965052 82
-12.073109 10.361371 6.4844356 77
-12.023338 10.684613 5.1925788 78
-12.069134 10.425896 5.5850844 82
-12.078828 10.164969 5.9647074 88
-12.063686 9.9097214 6.3563676 77
-12.031593 10.184755 5.0778275 67
-12.056662 9.9374647 5.4602966 85
-12.061866 9.6966248 5.8377838 93
-11.196204 8.775856 5.7779589 59
-12.003799 9.6704826 4.9520998 81
-11.183602 8.7619829 4.9500718 115
-11.201044 8.5747318 5.3061934 90
-11.20401 8.4049578 5.6842103 82
-11.150644 8.5228148 4.491643 82
-11.171263 8.3404722 4.8478384 89
-11.184264 8.174324 5.2049565 81
-11.367224 8.1578093 5.6726694 70
-11.211784 8.1537628 4.4272265 59
-11.450121 8.1538305 4.8816838 75
-11.659175 8.1446419 5.3401752 77
-11.85056 8.1460867 5.8316631 68
-11.758039 8.1423826 4.5619431 118
-11.961912 8.1263018 5.0185041 113
-11.988789 7.9960384 5.407269 58
-11.995092 7.8814082 5.8169956 60
-11.745626 7.7261152 4.4754591 77
-11.937514 7.7155185 4.9246292 107
-11.984235 7.6178398 5.3211131 102
-12.003153 7.5269351 5.7336345 80
-11.715251 7.3124008 4.387754 87
-11.789491 7.2360573 4.7830272 82
-11.972993 7.2454743 5.2374601 103
-11.984214 7.1677275 5.6449223 84
-11.695905 6.9193096 4.3096724 89
-11.739009 6.8396273 4.6910543 82
-11.957262 6.8792739 5.1552091 106
-11.96488 6.8186083 5.5615749 91
-11.696742 6.54776 4.2429757 96
-11.723023 6.4764414 4.6173544 82
-11.941516 6.5260792 5.0804462 101
-11.952487 6.4803238 5.4847107 90
-11.684731 6.1825275 4.1772771 85
-11.710276 6.1222034 4.547574 95
-11.936179 6.187676 5.0125179 94
-11.936378 6.1511431 5.4107251 90
-11.744036 5.864778 4.1429811 95
-11.688801 5.7761884 4.4806657 95
-11.851933 5.813962 4.9129548 103
-11.926602 5.833847 5.3426042 88
-11.825708 5.5605536 4.1185226 91
-11.685783 5.4488096 4.4256368 97
-11.757904 5.451509 4.8164458 99
-11.932025 5.5272546 5.2845168 95
-11.867925 5.2432218 4.084446 103
-11.677759 5.1245561 4.3707433 96
-11.697541 5.1163793 4.7397671 95
-11.91033 5.218267 5.2185693 97
-11.8506 4.9062085 4.0326591 95
-11.667915 4.8073745 4.3198118 96
-11.685885 4.8082066 4.683825 94
-11.904969 4.9229527 5.1645737 100
-11.846522 4.5799055 3.9878907 96
-11.649149 4.4953933 4.2700338 94
-11.683549 4.5138526 4.6368933 96
-11.892654 4.6307893 5.1096601 95
-11.822468 4.2550788 3.9432118 95
-11.652698 4.1949453 4.231123 88
-11.666187 4.218842 4.587007 93
-11.891525 4.3454027 5.0616741 97
-11.821781 3.9448092 3.9073267 95
-11.678639 3.9101496 4.2029548 86
-11.66409 3.9347084 4.5468626 92
-11.85015 4.0531406 4.9996386 95
-11.81412 3.6368954 3.8722956 91
-11.743018 3.64167 4.1934814 87
-11.658019 3.651731 4.5066719 88
-11.754428 3.7490537 4.9168258 95
-11.808674 3.3359101 3.8411689 91
-11.792303 3.3674271 4.1779904 90
-11.645165 3.3737895 4.4673285 89
-11.68018 3.4573498 4.8466883 92
-11.804465 3.0407877 3.8138578 94
-11.815543 3.0896907 4.1574965 92
-11.638424 3.0986819 4.4319024 87
-11.664665 3.1924117 4.8042231 88
-10.982536 2.5476239 3.5180366 86
-10.984681 2.6025553 3.8316643 113
-11.014241 2.6729109 4.1581206 82
-11.012336 2.763181 4.4944544 80
-10.970006 2.2788141 3.4945354 83
-10.97432 2.3406699 3.8051436 107
-10.98399 2.4164445 4.1226511 105
-11.012424 2.5209305 4.4649296 85
-11.39711 2.0982602 3.6184366 27
-11.042553 2.0999908 3.8094182 39
-10.980029 2.1703126 4.0968637 79
-11.000617 2.2809479 4.4329948 84
-11.766515 1.8899765 3.7242086 92
-11.784499 1.976645 4.0566239 88
-11.600627 2.0386951 4.3137636 87
-11.488837 2.1402755 4.6114554 47
-11.754686 1.6090845 3.7079477 89
-11.772898 1.705725 4.0363011 88
-11.605417 1.783403 4.296298 85
-11.628624 1.9190581 4.6443977 85
-11.755016 1.3339446 3.698617 88
-11.766357 1.4367085 4.0199518 87
-11.606256 1.5302064 4.278831 80
-11.619586 1.672045 4.6179199 84
-11.746295 1.0570036 3.6863227 87
-11.755893 1.1707935 4.0045948 87
-11.62414 1.2776556 4.2703104 79
-11.609605 1.4270736 4.5944324 82
-11.742712 0.78498387 3.6809833 87
-11.75549 0.90667421 3.9951973 85
-11.654138 1.0288578 4.2687325 77
-11.596598 1.1811687 4.5699587 83
-11.736158 0.51404214 3.6766448 81
-11.760096 0.6424529 3.988786 85
-11.66808 0.77842134 4.2632103 80
-11.603738 0.9398486 4.5563989 85
-11.728632 0.24413043 3.6733029 84
-11.730716 0.380007 3.9754598 84
-11.701017 0.52657706 4.2656417 77
-11.581763 0.69804633 4.5339899 83
-11.724944 -0.027104568 3.6740892 80
-11.741267 0.12035327 3.9771779 83
-11.720783 0.27570602 4.2672772 77
-11.580836 0.45871553 4.5205441 78
-11.714713 -0.29401028 3.6758919 74
-11.730138 -0.14245567 3.9728985 81
-11.708907 0.024896774 4.2578912 78
-11.570168 0.21786393 4.50705 79
-11.712202 -0.56394541 3.6814308 55
-11.71688 -0.40119416 3.9703805 73
-11.717797 -0.22836229 4.2572789 80
-11.558365 -0.02097467 4.4934072 81
-11.711729 -0.83292556 3.68994 74
-11.72262 -0.66133481 3.9768181 77
-11.719764 -0.47844738 4.2576647 79
-11.558557 -0.26106513 4.4857383 80
-11.710239 -1.102869 3.7004566 73
-11.712362 -0.92303246 3.9782379 80
-11.718751 -0.73037177 4.2590313 81
-11.558843 -0.50006241 4.4810562 79
-11.699798 -1.3735337 3.7100306 75
-11.7091 -1.1839751 3.9858346 74
-11.719694 -0.98243839 4.2625618 80
-11.555115 -0.73905933 4.4773035 75
-11.685378 -1.6431913 3.7202327 76
-11.712854 -1.4470584 3.9979448 73
-11.712617 -1.2373291 4.2636514 80
-11.546349 -0.97894883 4.4715285 79
-11.683845 -1.9161049 3.7398922 81
-11.694554 -1.7086463 4.0045819 78
-11.721465 -1.4935448 4.2741785 81
-11.545457 -1.2229955 4.4710083 77
-11.681236 -2.1919997 3.7585728 78
-11.701108 -1.9777663 4.0221949 80
-11.706276 -1.7502251 4.2777767 82
-11.535637 -1.4638323 4.4694934 68
-11.680618 -2.4689116 3.7822537 82
-11.688752 -2.2424607 4.0348334 83
-11.695123 -2.0059774 4.285356 80
-11.53471 -1.7098535 4.4729853 70
-11.675955 -2.7477264 3.8059578 84
-11.691246 -2.5144651 4.0554752 82
-11.694886 -2.2659564 4.2989316 82
-11.533792 -1.9558563 4.4794765 74
-11.667276 -3.0274262 3.8326781 84
-11.693698 -2.7884567 4.0781288 82
-11.694558 -2.5299282 4.3135314 81
-11.52985 -2.2027867 4.4859819 79
-11.491425 -3.2644439 3.8026106 47
-11.686182 -3.0612016 4.1018028 85
-11.691237 -2.7938156 4.3301392 82
-11.524866 -2.4516861 4.4935021 74
-10.868642 -3.3486843 3.6209109 83
-11.362247 -3.2442269 4.0109243 34
-11.671643 -3.0566716 4.3439536 79
-11.526445 -2.7080443 4.5072122 75
-10.859004 -3.6185694 3.6516833 82
-10.873718 -3.3635426 3.8600669 79
-11.388835 -3.243432 4.2578664 44
-11.518362 -2.9618418 4.5177617 78
-10.853437 -3.8952787 3.6873679 33
-10.869445 -3.6273234 3.8886683 80
-10.877671 -3.3492279 4.0819283 79
-11.501229 -3.2174344 4.5263472 62
-11.624302 -4.4850564 4.0007796 75
-10.875943 -3.9013298 3.9233017 31
-10.876534 -3.6071017 4.1074839 80
-10.907649 -3.2925417 4.3014545 78
-11.618013 -4.7927122 4.0436535 91
-11.635107 -4.4797645 4.2456737 75
-10.875235 -3.8719614 4.1350827 77
-10.892733 -3.5391645 4.3150005 80
-11.622528 -5.1076169 4.0936079 92
-11.645816 -4.7848673 4.290596 97
-11.480831 -4.3790679 4.4056034 76
-10.881637 -3.7899146 4.3337069 83
-11.627784 -5.4305615 4.1487255 96
-11.645454 -5.090734 4.3356233 98
-11.466022 -4.6606627 4.4354925 89
-11.495436 -4.2901549 4.6121125 64
-11.620104 -5.7531567 4.2027373 96
-11.631127 -5.3982282 4.3765044 94
-11.458124 -4.9503365 4.4702187 94
-11.481865 -4.5647688 4.6337614 89
-11.612419 -6.0825996 4.259624 98
-11.584245 -5.6957588 4.4092255 70
-11.444437 -5.2445498 4.5047503 94
-11.480474 -4.8502064 4.6621242 87
-11.61273 -6.427875 4.3223424 91
-11.462463 -5.9534373 4.4137578 66
-11.447617 -5.5510039 4.5492282 93
-11.468159 -5.1333804 4.6905031 89
-11.618822 -6.784256 4.3911104 97
-11.432521 -6.2651134 4.4583793 86
-11.447495 -5.8655009 4.5948892 90
-11.461385 -5.4269018 4.7231617 84
-11.520807 -7.0826898 4.4251728 57
-11.423626 -6.599648 4.5154958 89
-11.434115 -6.1770024 4.6388764 92
-11.458148 -5.731689 4.760078 91
-11.417003 -7.3828187 4.4612031 63
-11.419965 -6.9410086 4.5804677 83
-11.429756 -6.5044298 4.6927547 88
-11.465034 -6.043551 4.8068686 80
-11.407963 -7.7525067 4.5376019 75
-11.413191 -7.2958698 4.6467962 86
-11.426504 -6.8384018 4.7499332 75
-11.457307 -6.3603749 4.8488946 75
-11.409744 -8.1421757 4.6239862 78
-11.417522 -7.6646056 4.721015 77
-11.43324 -7.1892533 4.8140354 85
-11.457503 -6.6901622 4.8968854 71
-11.417149 -8.5518665 4.7194476 72
-11.428374 -8.0544491 4.8043451 79
-11.423827 -7.545742 4.874217 76
-11.443727 -7.0186257 4.9429064 69
-11.409459 -8.9652061 4.8129735 72
-11.42919 -8.4460382 4.8897128 80
-11.433017 -7.9205971 4.9484582 80
-11.449473 -7.3684912 5.0010037 65
-11.219033 -9.2325706 4.8311181 76
-11.425673 -8.8515205 4.9761777 81
-11.443872 -8.3084784 5.0288219 80
-11.457794 -7.7334299 5.06428 74
-10.812778 -9.3083286 4.7538347 73
-11.363838 -9.2187901 5.0427637 82
-11.427732 -8.6898088 5.1023636 76
-11.459899 -8.1042404 5.1307049 68
-10.76042 -9.6996984 4.841536 78
-10.912461 -9.2536554 4.9323406 75
-11.4624 -9.1271715 5.2039905 79
-11.508009 -8.523963 5.2231255 66
-11.454295 -10.841958 5.2915263 70
-10.780044 -9.5643034 4.9725409 84
-11.116087 -9.2552757 5.1286292 65
-11.609075 -9.0016146 5.3445706 65
-11.53286 -11.437674 5.4646792 75
-10.71853 -9.9480867 5.0507331 4
-10.801958 -9.3996992 5.0700245 83
-11.370255 -9.2197189 5.308188 75
-11.539732 -11.987646 5.6116309 73
-11.573728 -11.286251 5.5931134 68
-10.731904 -9.7663202 5.133101 64
-10.886341 -9.2176228 5.154181 68
-11.542124 -12.555534 5.7677784 70
-11.559253 -11.795015 5.7190585 86
-11.553411 -11.031049 5.6533842 81
-10.806147 -9.5644875 5.1995463 76
-11.539206 -13.15361 5.934504 81
-11.555509 -12.341213 5.860466 93
-11.558308 -11.548558 5.7765894 82
-10.720718 -9.9192457 5.2480102 7
-11.525012 -13.763395 6.1053343 71
-11.548239 -12.910276 6.0110259 88
-11.575552 -12.095267 5.9169388 84
-11.605174 -11.265421 5.8047543 62
-11.526536 -14.429428 6.2994657 77
-11.536391 -13.504196 6.1687431 74
-11.568549 -12.651437 6.0514026 88
-11.582644 -11.756395 5.9078536 78
-11.136241 -14.600259 6.2776566 85
-11.533488 -14.144236 6.3446956 80
-11.551226 -13.221336 6.1909642 72
-11.576026 -12.294672 6.0261898 72
-10.71797 -14.726491 6.2416534 68
-11.365473 -14.610781 6.4370589 115
-11.544654 -13.845403 6.3478279 81
-11.570763 -12.860929 6.1546941 70
-10.59003 -15.279698 6.3864326 91
-10.845446 -14.591997 6.3254585 95
-11.514233 -14.462893 6.5047197 95
-11.564927 -13.452122 6.2923522 60
-10.095696 -15.277349 6.3048577 73
-10.715843 -15.129259 6.454144 84
-11.09306 -14.581253 6.4366755 102
-11.558218 -14.081223 6.4432459 66
-9.6096048 -15.265187 6.2251997 89
-10.313287 -15.266891 6.4161677 99
-10.722346 -14.767648 6.4019108 68
-11.423675 -14.568628 6.5296521 87
-9.1365776 -15.250316 6.1504955 71
-9.8231316 -15.254741 6.3205314 103
-10.567663 -15.262466 6.5054197 108
-10.922849 -14.580435 6.4011941 80
-8.6832819 -15.247865 6.0848083 67
-9.3547421 -15.254035 6.2378993 90
-10.071321 -15.256263 6.3948355 103
-10.742082 -15.032825 6.4705172 62
-8.2303381 -15.230436 6.016027 73
-8.8878193 -15.233388 6.1501393 92
-9.5957651 -15.260489 6.2952547 95
-10.381873 -15.239489 6.4348474 85
-7.7970815 -15.227422 5.9572754 66
-8.4327183 -15.220989 6.0683937 74
-9.1314344 -15.25596 6.199585 94
-9.9022131 -15.246693 6.3232951 90
-7.3701053 -15.211561 5.8994308 67
-7.9982505 -15.224036 5.9976892 82
-8.6665897 -15.229445 6.1007881 91
-9.4305897 -15.251099 6.2127104 74
-6.9636726 -15.218092 5.8566561 61
-7.5711131 -15.215215 5.9308805 89
-8.2280254 -15.236452 6.0181108 83
-8.9615059 -15.234543 6.1019773 70
-6.5499063 -15.195505 5.802722 73
-7.1482582 -15.194504 5.8619852 86
-7.7862401 -15.210404 5.9302382 77
-8.5140429 -15.235434 6.0032878 75
-5.8588424 -14.399806 5.4618325 50
-6.7448368 -15.199181 5.807188 84
-7.3630705 -15.201745 5.852417 87
-8.0678244 -15.226338 5.9065309 73
-5.4972949 -14.413326 5.4329667 56
-6.0206857 -14.361854 5.4371367 6
-6.9498444 -15.196287 5.7805848 79
-7.6317539 -15.211474 5.811708 78
-5.3648071 -15.122934 5.665719 41
-5.6785312 -14.44379 5.4196348 71
-6.5425744 -15.193932 5.7127595 81
-7.2027507 -15.196704 5.7208815 65
-4.988965 -15.11007 5.6307645 58
-5.4042568 -14.711847 5.4771266 22
-5.8495936 -14.399161 5.3569274 69
-6.7896504 -15.191178 5.6400981 77
-4.6212444 -15.113167 5.6037841 61
-5.1638465 -15.111115 5.5830717 70
-5.4881043 -14.423177 5.3097596 69
-6.0868006 -14.41645 5.284812 3
-4.2561846 -15.09002 5.5713544 72
-4.7889547 -15.101966 5.5388303 77
-5.3375058 -15.080337 5.4970527 67
-5.7000961 -14.398588 5.2097688 73
-3.9018691 -15.095691 5.5534239 72
-4.4310727 -15.130595 5.5150518 79
-4.969646 -15.105836 5.455287 78
-5.4000444 -14.606435 5.2199278 35
-3.5460472 -15.080339 5.5303798 72
-4.0588522 -15.086995 5.4668875 78
-4.5974927 -15.101252 5.4063644 69
-5.1843719 -15.104728 5.3346314 71
-3.193115 -15.07004 5.5093637 72
-3.7026317 -15.087676 5.4369488 78
-4.2236476 -15.083631 5.3563666 76
-4.7993722 -15.091921 5.271697 72
-2.8441932 -15.059817 5.4913387 63
-3.3518243 -15.114423 5.4181571 76
-3.8657553 -15.112288 5.3246078 64
-4.4251552 -15.089329 5.2157955 72
-2.5021038 -15.057709 5.4813433 70
-2.9978037 -15.107139 5.3901653 70
-3.5029478 -15.093895 5.2805762 75
-4.0600967 -15.1229 5.1730938 70
-2.1613553 -15.039673 5.4672523 64
-2.6488039 -15.097975 5.3671575 74
-3.1473436 -15.108641 5.2487373 77
-3.6838381 -15.077334 5.1089468 74
-1.8212101 -15.038621 5.4612665 75
-2.3028624 -15.086882 5.3451281 75
-2.7918427 -15.07742 5.2096143 82
-3.3268776 -15.108072 5.0742097 55
-1.4854747 -15.021693 5.4521713 74
-1.9597678 -15.083838 5.3271408 72
-2.4396191 -15.078236 5.1786761 74
-2.984288 -15.210985 5.0668645 80
-1.1544157 -15.063709 5.4674115 69
-1.6142778 -15.055716 5.3029876 82
-2.0904837 -15.077035 5.1526942 72
-2.6183407 -15.199497 5.0218687 68
-0.82074833 -15.045739 5.4632826 70
-1.2751369 -15.056664 5.2919898 88
-1.7476028 -15.151849 5.152163 75
-2.2580032 -15.205101 4.9849682 66
-0.4856649 -15.045693 5.467278 91
-0.93485415 -15.063557 5.2860484 86
-1.4021015 -15.166677 5.1372886 84
-1.8991069 -15.191742 4.9469609 77
-0.15469685 -15.040739 5.4722385 92
-0.59696615 -15.053523 5.276998 93
-1.0518694 -15.169405 5.1183538 91
-1.543102 -15.183408 4.9149761 61
0.14849091 -14.34677 5.2288799 112
-0.26028574 -15.03451 5.26689 94
-0.70588923 -15.162229 5.1003466 96
-1.1867394 -15.191043 4.8880906 82
0.46296436 -14.321213 5.2316661 104
0.050002262 -14.34536 5.0265827 53
-0.36002997 -15.150051 5.0833063 101
-0.831303 -15.158752 4.8519526 79
0.84000617 -15.018748 5.4990778 104
0.37364915 -14.325654 5.0204229 102
-0.038576689 -14.380781 4.8175316 2
-0.4772293 -15.154434 4.8279786 92
1.1752958 -15.01657 5.5131149 114
0.75462091 -15.049095 5.2760744 89
0.29084304 -14.337943 4.7943316 107
-0.12041438 -15.170897 4.8132443 107
1.5070313 -15.002541 5.5270281 113
1.0966198 -15.044901 5.2790704 102
0.68290246 -15.118248 5.0472937 123
0.1968448 -14.350791 4.5381298 110
1.8450196 -15.000357 5.5470076 111
1.4376365 -15.042706 5.2890582 120
1.0310272 -15.118964 5.0443201 118
0.53450048 -14.329863 4.5169926 128
2.180985 -14.997187 5.5699811 102
1.7814916 -15.032436 5.2950168 108
1.3788238 -15.104648 5.0402713 117
0.94924277 -15.135666 4.7571936 109
2.5166056 -14.978006 5.5888596 104
2.123167 -15.014191 5.301909 109
1.7310069 -15.107185 5.0433121 126
1.3071582 -15.125167 4.7441597 113
2.859503 -14.970611 5.6128149 102
2.4725385 -15.02564 5.3230171 101
2.085829 -15.091639 5.0412669 122
1.667353 -15.123518 4.738215 122
3.200386 -14.959222 5.6407228 113
2.8224778 -15.01415 5.3359318 105
2.4419765 -15.088047 5.0472507 121
2.0311189 -15.101852 4.7261119 108
3.5474567 -14.955666 5.6726894 103
3.1712308 -14.995645 5.350831 107
2.8051484 -15.08422 5.0553436 119
2.4014807 -15.102898 4.724318 117
3.8973844 -14.939953 5.7027564 96
3.5283756 -14.985807 5.3719983 105
3.1685548 -15.084298 5.067595 114
2.7706592 -15.091931 4.7225208 119
4.2556992 -14.941997 5.740953 103
3.8852375 -14.970026 5.3930459 105
3.5353031 -15.065383 5.0776153 119
3.1459053 -15.09688 4.7296672 113
4.6103973 -14.928257 5.7779145 97
4.2416811 -14.944356 5.4139314 113
3.9073365 -15.064378 5.0956907 116
3.5247407 -15.085802 4.7327008 109
4.9733067 -14.925302 5.8229518 108
4.6106296 -14.941343 5.4449863 105
4.2839842 -15.062438 5.1156492 127
3.9031172 -15.07593 4.740603 112
5.3364625 -14.908609 5.8637862 96
4.9819384 -14.927484 5.4748535 110
4.6670918 -15.064113 5.1397648 110
4.2942839 -15.071424 4.750711 108
5.7116208 -14.908222 5.9138603 84
5.3563919 -14.911077 5.5086799 109
5.0477014 -15.03969 5.161129 107
4.6925817 -15.068547 4.7653632 107
6.0663762 -14.838125 5.9401073 89
5.7429037 -14.898428 5.543757 113
5.4510131 -15.038667 5.1889272 117
5.095624 -15.069693 4.7862315 106
6.1627655 -14.206811 5.7431364 102
6.1003814 -14.81452 5.5578508 94
5.8487854 -15.024504 5.2176833 120
5.5077972 -15.061283 4.8049865 98
6.5293274 -14.182259 5.7914381 129
6.2085271 -14.18761 5.3705349 104
6.0975661 -14.662947 5.1301756 60
5.9173989 -15.042349 4.8250442 108
7.2680693 -14.863152 6.1327491 105
6.5771022 -14.147236 5.404583 52
6.2855558 -14.202685 5.0090337 107
6.0921044 -14.490541 4.6783481 50
7.7070136 -14.913439 6.2219291 91
7.3600655 -14.879886 5.7388706 115
6.6748958 -14.172434 5.0404301 4
6.3811836 -14.221077 4.6228313 98
8.1451054 -14.932467 6.3025765 90
7.7827811 -14.868368 5.7939506 105
7.5182395 -14.970468 5.3688035 114
7.2126532 -15.020601 4.9181705 90
8.5496397 -14.881924 6.3579655 106
8.222085 -14.859642 5.8545518 104
7.976222 -14.975125 5.4215131 119
7.6701427 -15.010431 4.9540348 101
8.9928722 -14.873407 6.4344292 104
8.6707048 -14.856362 5.921577 102
8.4255066 -14.956011 5.4734106 113
8.1369972 -15.006958 4.9988685 83
9.4393482 -14.858308 6.5138583 96
9.1290712 -14.84527 5.9889517 95
8.8759747 -14.922327 5.5220151 103
8.6075935 -14.982837 5.0397964 84
9.8970556 -14.844245 6.5996771 96
9.5926447 -14.827815 6.0598936 106
9.3451805 -14.891883 5.5760775 94
9.0705032 -14.931615 5.0764737 94
10.375425 -14.839636 6.6911693 99
10.056382 -14.792099 6.1268554 113
9.8241959 -14.860846 5.6316223 107
9.5750751 -14.923909 5.1292558 100
10.864511 -14.823719 6.7844305 78
10.565419 -14.797358 6.2163658 114
10.325901 -14.842269 5.7009158 92
10.096036 -14.914933 5.1896663 105
11.2814 -14.703078 6.836833 78
11.102446 -14.810638 6.3161855 116
10.808511 -14.776001 5.757503 108
10.631887 -14.894233 5.2528024 92
11.334023 -14.127088 6.6768899 93
11.293009 -14.37396 6.2265067 104
11.311008 -14.7082 5.8158345 110
11.200591 -14.891975 5.3248615 111
11.832156 -14.091236 6.7757959 93
11.624918 -14.123391 6.2204461 111
11.414144 -14.146557 5.6851578 104
11.323762 -14.325811 5.201982 71
12.053749 -13.737497 6.7254143 74
11.891708 -13.800791 6.1863112 94
11.890669 -14.042754 5.739852 95
11.776446 -14.165211 5.2263536 97
12.051693 -13.159565 6.5635462 75
11.863562 -13.164404 6.0098276 89
11.875097 -13.390996 5.5723629 69
12.240685 -14.016569 5.2636018 69
12.033886 -12.590137 6.4034696 83
11.852078 -12.584993 5.8580174 90
12.039069 -12.955894 5.4938388 82
13.001252 -14.151711 5.4120965 74
11.880186 -11.913963 6.1847696 77
11.840986 -12.02102 5.7083435 93
12.079224 -12.40967 5.3684897 98
13.786406 -14.273581 5.5646958 62
11.8225 -11.357219 6.0222077 87
11.823875 -11.478858 5.5678663 92
12.075603 -11.838943 5.229836 73
12.681087 -12.543221 4.9944439 5
11.810809 -10.865056 5.8899593 84
11.878951 -11.021017 5.4660172 90
12.18012 -11.395783 5.148119 7
12.661828 -11.936424 4.861012 6
11.822149 -10.410658 5.775156 86
12.043447 -10.677738 5.4198318 97
14.301053 -12.694498 5.8655391 16
13.089612 -11.743374 4.8958626 5
11.263829 -9.5162268 5.4096012 2
12.059789 -10.214089 5.3139997 98
12.69235 -10.794415 5.1157923 6
12.901127 -11.026031 4.7128639 33
11.195745 -9.0536861 5.2783914 87
11.207987 -9.096055 4.8576818 86
11.23662 -9.1569118 4.4571376 88
11.263119 -9.210887 4.0455437 83
11.330762 -8.760911 5.2428255 76
11.349715 -8.7901154 4.8209624 73
11.341241 -8.8029375 4.4039917 72
11.326694 -8.8119526 3.9790239 61
11.807385 -8.7087612 5.3559113 104
11.90025 -8.7781076 4.9506269 72
11.901587 -8.7817831 4.5206418 75
11.883638 -8.7719793 4.0794687 76
11.795194 -8.3115273 5.2602911 88
12.705028 -8.9094868 5.1747403 66
12.733384 -8.914649 4.7290044 9
14.467166 -10.068967 4.8266401 5
11.808456 -7.9396691 5.1791487 83
13.28259 -8.8589325 5.3062387 83
13.231441 -8.7952089 4.816678 6
14.463977 -9.5526981 4.732307 6
11.829916 -7.5848775 5.1054168 61
13.970518 -8.8499908 5.4779773 60
13.215389 -8.3445654 4.7285333 4
14.458774 -9.0466347 4.6426549 4
11.982426 -7.3164248 5.0904236 29
12.563869 -7.5940185 4.8689032 5
14.812186 -8.8376818 5.1905127 58
18.178686 -10.693151 5.693265 85
12.074308 -7.0125046 5.0525331 6
12.563026 -7.2094245 4.7943406 7
15.62246 -8.8102312 5.3747191 66
16.099779 -8.9783707 4.9792252 23
12.156073 -6.7046642 5.0125432 2
12.62548 -6.8673754 4.7481689 4
16.513865 -8.7930098 5.5870833 51
16.756624 -8.8003178 5.0949397 41
14.278035 -7.43083 5.7726393 35
12.80869 -6.5870519 4.7463346 4
17.399584 -8.7266865 5.7894611 32
17.77924 -8.7706461 5.3129678 53
14.477692 -7.1300225 5.7717638 34
13.054393 -6.333065 4.7659578 4
14.416087 -6.8488283 4.7623982 5
18.171692 -8.412055 5.348073 36
14.580259 -6.7791882 5.7284217 48
13.086296 -5.979445 4.7102118 5
14.386024 -6.4148808 4.6829424 5
18.236971 -7.9012861 5.2900786 9
14.810838 -6.4941373 5.7464719 32
13.126747 -5.6352267 4.6639743 5
14.397988 -6.0150723 4.6274662 6
19.195202 -7.748498 5.4887142 9
12.500876 -5.1891055 4.826314 4
13.190551 -5.3108511 4.6341763 3
14.423628 -5.6267686 4.5819111 3
20.765348 -7.7796555 5.8527193 21
12.492302 -4.8655944 4.7672739 9
15.245741 -5.7038298 5.2639151 4
14.405232 -5.2298169 4.5242014 8
20.851379 -7.2341647 5.8111839 48
12.508005 -4.5557361 4.7211676 11
15.297835 -5.3270864 5.2225027 2
14.427259 -4.8474212 4.4798884 6
20.85601 -6.6672263 5.7508197 72
12.542924 -4.2540345 4.6834607 8
16.847269 -5.4212146 5.6727548 25
14.482703 -4.4841614 4.4506202 2
11.197236 -3.3427286 3.1275685 80
12.628243 -3.973063 4.666028 7
11.150592 -3.3558083 3.7797394 92
11.1689 -3.2004588 3.4374692 89
11.178931 -3.0363274 3.0937943 91
11.138132 -3.2491441 4.0960922 94
11.150908 -3.0761597 3.7432561 91
11.160754 -2.9071651 3.4034374 91
11.489236 -2.8109968 3.1479621 43
11.13055 -2.9799225 4.0559402 95
11.229651 -2.8185196 3.7352326 55
11.948764 -2.7981868 3.6012852 46
20.84848 -4.4640265 5.5451779 127
11.495996 -2.8006802 4.1457243 34
14.276945 -3.2024195 4.6605234 3
18.041656 -3.7173135 5.3115854 89
20.828915 -3.9266512 5.5004826 115
13.029569 -2.8539634 4.6347532 8
14.740797 -2.9443364 4.765842 42
16.56741 -3.0113807 4.856102 25
18.497957 -3.0244277 4.8706698 26
13.089147 -2.5628715 4.619349 7
14.255337 -2.5102704 4.583827 13
17.77808 -2.7857788 5.1641769 13
19.754095 -2.7216749 5.1592202 12
12.983436 -2.2408135 4.5466843 9
14.194904 -2.1600139 4.5320888 45
18.095459 -2.3938179 5.2211132 13
18.728071 -2.1148915 4.8732066 3
13.127766 -1.9613018 4.5598354 4
14.229099 -1.8292582 4.512394 43
18.097143 -1.9527971 5.1906095 11
18.717152 -1.6470382 4.8476338 4
12.999665 -1.6466037 4.4851403 41
14.245337 -1.4960569 4.4898624 49
18.116009 -1.5184389 5.1693773 6
18.739294 -1.1804618 4.8340244 4
15.171347 -1.5696255 5.1705713 4
14.28155 -1.1630964 4.475131 5
18.090635 -1.0821319 5.139123 6
20.819918 -0.79377329 5.3372879 43
12.826522 -1.0458481 4.373291 4
14.296584 -0.83223814 4.457839 3
18.117266 -0.65199268 5.1284041 4
11.922327 -0.16798846 3.1128154 104
16.796009 -0.97638518 5.6340609 23
14.551748 -0.50771183 4.5126929 6
11.902868 -0.14657691 3.4116454 100
11.921249 0.13003287 3.1069927 101
13.692924 -0.49559146 4.6037922 12
11.873764 -0.13848025 3.6975255 101
11.900045 0.14136882 3.4008794 99
11.919125 0.43002975 3.1011546 100
11.875464 -0.16557722 3.9967263 110
11.889191 0.13891019 3.6888855 101
11.896176 0.43129018 3.3900976 98
11.915039 0.72799814 3.0983224 101
11.869111 0.1042044 3.9740605 105
11.883644 0.41576305 3.6741791 99
11.897332 0.7193684 3.385344 98
11.898915 1.0276676 3.0934396 96
11.870778 0.37222058 3.9584327 104
11.876996 0.69660324 3.6614439 99
11.884503 1.0070945 3.3775461 96
11.892773 1.3276066 3.0935886 83
11.872423 0.64123648 3.9427981 99
11.881352 0.97673684 3.6537499 96
11.887579 1.2982379 3.3757799 95
11.894592 1.6287603 3.0977561 91
11.866023 0.91206121 3.9271262 99
11.866744 1.2554057 3.6440022 98
11.882613 1.5911841 3.3729756 90
11.892385 1.9308248 3.1029048 75
11.860664 1.1818893 3.9125731 95
11.867072 1.5374287 3.6383927 95
11.877617 1.8861212 3.3732688 80
11.892057 2.2389202 3.1101325 60
11.861155 1.4569043 3.9008977 93
11.868275 1.8235136 3.6346514 85
11.876583 2.1811993 3.3764646 64
11.851927 2.538049 3.1101725 43
11.854692 1.7297595 3.8902128 84
11.856488 2.1092768 3.6288691 68
11.883462 2.4794917 3.383667 58
11.037399 2.6604848 2.9177094 35
11.85517 2.0047991 3.8825376 66
11.86857 2.3996661 3.6321375 58
11.042232 2.593101 3.1611674 38
11.021518 2.948245 2.9268992 36
11.847556 2.2836473 3.8748114 57
11.157884 2.5315032 3.4279616 12
11.031597 2.870965 3.1674361 39
11.809717 3.466507 3.1423612 29
11.802223 2.5515311 3.8570266 41
11.058858 2.7870548 3.4020715 36
11.025805 3.1549711 3.1776826 8
11.792204 3.7802629 3.1563799 33
11.018397 2.6523492 3.6107814 40
10.997667 3.0485821 3.3892529 34
11.805771 3.6820884 3.4030399 29
11.801374 4.1067114 3.1803904 35
11.004105 2.9180291 3.6040888 36
11.793917 3.5621705 3.6287487 30
11.794366 3.9919729 3.4160838 31
11.783573 4.4324794 3.1983144 39
11.010608 3.1912692 3.607419 4
11.791712 3.8642471 3.6378717 21
11.782818 4.3078561 3.42909 32
11.769711 4.7603669 3.2202392 41
11.785946 3.7003815 3.8508725 25
11.79131 4.1743813 3.6489508 31
11.761291 4.6225133 3.4440703 38
11.764549 5.1004896 3.2461169 45
11.793818 3.9996848 3.8580465 21
11.763102 4.47682 3.6549845 34
11.765374 4.9528356 3.4670401 49
11.74941 5.4393811 3.2729695 45
11.783756 4.296535 3.8611753 25
11.764498 4.7950244 3.6700199 40
11.749545 5.2796626 3.4869647 44
11.740041 5.7874436 3.3047848 45
11.765558 4.5991874 3.8632414 31
11.754871 5.1139727 3.6860142 45
11.754231 5.6260343 3.5148375 48
11.731474 6.1435399 3.338553 50
11.759196 4.9081607 3.8713078 32
11.737204 5.4347239 3.7009699 50
11.736103 5.9648418 3.5396805 51
11.730536 6.5148463 3.3762529 59
11.75264 5.2251372 3.8803244 35
11.731159 5.7707868 3.7208707 49
11.75621 6.3346434 3.5764604 59
11.718619 6.8849039 3.4159243 60
11.735116 5.5408463 3.8883121 36
11.732839 6.118062 3.7447281 54
11.715971 6.6779242 3.600203 60
11.703407 7.2669029 3.4565125 60
11.730265 5.868926 3.9042695 44
11.718604 6.4609776 3.7685628 60
11.738655 7.0638609 3.644896 61
11.739253 7.6862559 3.5160432 56
11.712334 6.2006745 3.9161611 46
11.748541 6.8370528 3.8083413 58
11.735429 7.4461617 3.6865249 72
11.678301 8.0571413 3.5515492 63
11.714124 6.5429587 3.9380538 53
11.731864 7.1979399 3.8360572 70
11.711295 7.8249326 3.7231054 72
11.700711 8.4941988 3.6139255 90
11.70369 6.8949356 3.9568458 56
11.706096 7.5626111 3.8637195 76
11.714329 8.2374334 3.7715688 71
11.192377 8.5565615 3.5238383 65
11.722676 7.2697062 3.9895954 58
11.696774 7.9497237 3.898298 77
11.613893 8.588273 3.7910657 84
10.886669 8.7551537 3.492588 88
11.677317 7.6188192 4.0032878 66
11.700947 8.3572121 3.9407957 77
11.022462 8.5753736 3.6591644 67
10.835004 9.1543503 3.5409501 43
11.721348 8.0322781 4.0488825 63
11.417994 8.5682631 3.8955448 75
10.890674 8.8994226 3.6727219 87
11.656835 10.30332 3.8716075 77
11.69711 8.4169779 4.0744257 74
10.934937 8.6220932 3.7845936 77
10.837264 9.2885427 3.7161403 3
11.635101 10.786407 3.9445517 72
11.323331 8.550602 3.9884853 57
10.876252 8.9920063 3.8142481 81
11.646474 10.430237 4.0489454 90
11.58182 11.259723 4.0125957 87
10.919943 8.6594286 3.8914587 70
11.645023 10.060595 4.1292338 90
11.629229 10.919725 4.1169868 87
11.561411 11.782566 4.0964274 76
10.883102 9.0404186 3.9200895 74
11.631237 10.526201 4.18543 85
11.625729 11.434307 4.1957989 77
11.551229 12.343687 4.1919289 78
11.623765 10.084057 4.2219992 84
11.61653 11.013458 4.2460809 87
11.569776 11.922853 4.2601385 82
11.534827 12.921664 4.291667 84
11.615289 10.548881 4.2725325 88
11.611812 11.526506 4.3152938 83
11.562722 12.487979 4.3479872 90
11.520626 13.530753 4.3981814 87
11.589586 11.022276 4.3189259 80
11.562557 12.019435 4.3754511 96
11.544413 13.061863 4.4387069 91
0.7685436 1.4555643 0.49564803 61
11.591842 11.536444 4.3801265 82
11.551673 12.577413 4.4532976 101
0.82038379 1.4589849 0.5167498 0
0.71052879 1.4551841 0.48639554 89
11.574929 12.056155 4.4401946 81
11.536307 13.153325 4.5359797 97
0.75745171 1.4554677 0.50450069 68
0.67487967 1.480399 0.48605636 90
11.563146 12.610046 4.5070305 80
0.80935335 1.4568677 0.5216136 4
0.70628804 1.4612557 0.49623346 85
0.63822937 1.5055875 0.48571378 94
11.52548 13.157313 4.5727901 82
0.74839735 1.4543935 0.50936687 61
0.67061687 1.4874617 0.4948875 83
0.61027437 1.5430112 0.48932093 82
0.81215221 1.4620836 0.52647609 5
0.70305979 1.4673259 0.50207418 87
0.6320439 1.5095881 0.49255809 81
0.60063374 1.6079394 0.5018087 90
0.74150598 1.44733 0.5082792 68
0.66064227 1.4833391 0.4967719 89
0.61090207 1.5551491 0.49814868 81
0.5659287 1.6380627 0.50348443 75
0.70309949 1.4672769 0.50302666 82
0.62605554 1.5093892 0.49451825 89
0.6013 1.6209279 0.50972825 84
0.53020906 1.6662021 0.50521046 78
0.66257781 1.4872663 0.4967885 82
0.61073035 1.5631264 0.501252 75
0.56167203 1.6431229 0.50740474 77
0.51164412 1.7260313 0.51570493 91
0.62500262 1.5085754 0.49247286 81
0.59906048 1.6271366 0.51062292 84
0.52688247 1.6724161 0.50810361 82
10.597031 20.709177 5.7324157 64
0.61141366 1.5644079 0.49808598 73
0.5544436 1.6411231 0.50541168 76
0.51382881 1.7432908 0.52062553 94
11.217354 23.162878 6.3329954 26
0.60079587 1.6282611 0.50659966 83
0.520702 1.6723336 0.5060569 70
10.546259 20.755014 5.7344899 52
11.219411 24.565376 6.6486015 34
0.55551267 1.6420249 0.50059283 68
0.50421244 1.7349123 0.51486194 81
11.302801 23.476791 6.3987412 25
11.117361 25.878046 6.9349928 27
0.52177799 1.6712346 0.49837694 72
10.51799 20.810486 5.6952753 31
11.221098 24.738331 6.6506577 22
10.72333 26.637573 7.0729747 81
0.49937281 1.7248487 0.50397366 50
11.268472 23.533897 6.3327661 21
11.252567 26.361637 7.0019107 33
10.203935 27.151093 7.1464252 9
10.558844 20.868385 5.5939407 33
11.210661 24.845497 6.5782909 28
10.648535 26.638832 6.9940906 78
11.314249 32.134331 8.3942862 10
11.297463 23.577778 6.1978726 26
11.235703 26.484337 6.9078178 36
11.100308 29.659809 7.6962914 11
10.664513 32.684261 8.4747362 79
11.293639 25.019716 6.4554157 23
10.580218 26.652449 6.8552222 61
11.208178 32.112732 8.2453146 16
11.243992 26.501621 6.7179737 53
11.050699 29.720989 7.5385871 14
10.57029 32.676762 8.3105154 70
10.597468 26.669754 6.635601 48
11.138718 32.096653 8.024106 19
10.851921 36.219337 9.1142845 14
9.8343143 38.798092 9.8680058 20
11.080688 29.768875 7.2810826 22
10.509035 32.698471 8.0745878 41
10.653403 38.692295 9.6537132 31
11.126338 32.083004 7.724771 26
10.992913 36.981583 9.0235424 14
9.7911854 39.06905 9.6701326 26
10.475425 32.673046 7.7414937 49
10.540777 38.678947 9.3277655 50
9.3631086 50.980938 12.795628 32
8.1444063 50.994789 12.756736 25
9.2091799 51.036732 12.369672 47
6.972333 51.100166 12.762958 28
10.211304 50.759804 11.875921 38
7.9736462 50.957466 12.288684 46
5.7681813 50.952232 12.704664 24
6.7736664 50.971268 12.23189 40
4.5703483 50.860409 12.661333 27
10.128476 50.766521 11.238149 44
5.5846701 50.973679 12.18396 38
3.4132664 50.967148 12.679649 21
9.8868685 56.217297 12.293095 33
7.3564291 56.519455 12.905602 31
4.3771605 50.812126 12.096907 51
2.2578235 50.975685 12.68526 17
8.5682182 56.491585 12.226478 61
5.9959154 56.49028 12.808668 35
3.198925 50.892616 12.079427 40
1.0775504 50.908466 12.6682 13
7.2023807 56.491375 12.100904 55
4.6641994 56.453701 12.729333 18
2.0207071 50.832947 12.034148 43
5.8380651 56.509819 11.982456 52
3.3479729 56.511627 12.667219 43
0.84635764 50.836018 12.004751 46
4.4797192 56.35762 11.835298 48
2.017858 56.468975 12.580489 42
-0.32090911 50.803543 11.976435 45
-2.395076 50.875488 12.705469 24
3.1407411 56.426147 11.754853 45
0.69828016 56.436153 12.523917 55
-1.4990573 50.714504 11.950399 57
-3.5421576 50.810642 12.725708 25
1.7914709 56.439472 11.663734 56
-0.61753678 56.37241 12.461218 37
-2.6637113 50.757202 11.954268 44
-4.6971197 50.84333 12.77041 25
0.44229034 56.372684 11.578179 71
-1.9525502 56.398827 12.433636 34
-3.8443542 50.711964 11.953161 53
-5.876235 50.810688 12.810047 25
-0.85948497 50.575989 10.32342 19
-3.2758155 56.335258 12.38767 42
-5.0239472 50.686321 11.956472 45
-7.0320063 50.749992 12.84345 24
-2.2555015 56.332027 11.418831 65
-4.593102 56.299347 12.351794 44
-6.1974044 50.675457 11.966163 41
-3.590992 56.309143 11.355174 49
-5.9201264 56.242825 12.313499 43
-7.3500128 50.501221 11.945301 53
-4.932786 56.265533 11.292633 47
-7.2439709 56.233017 12.30411 34
-8.5493383 50.557293 11.980656 29
-6.2970781 56.278625 11.242986 57
-8.5754862 56.210297 12.29173 26
-9.7357502 50.542282 12.014091 26
-7.6136904 55.959839 11.138067 34
-9.9193068 56.157936 12.27507 26
-10.943962 50.589298 12.06414 26
-9.013732 56.231392 11.161057 39
-11.26384 56.119083 12.276337 27
-12.174848 50.643631 12.118466 25
-10.360987 56.142605 11.117721 46
-12.575326 55.990849 12.264902 27
-11.743587 56.108086 11.092811 49
-12.59855 50.34742 11.052058 48
-13.050099 55.692123 10.995896 35
-12.248637 44.317024 9.7554493 45
-12.128506 38.295132 9.3129101 47
-13.094642 50.199345 9.9186926 26
-12.322142 32.221081 8.7156162 74
-12.732512 44.242916 8.7539711 41
-11.930023 32.276855 7.9638181 47
-12.41273 30.332165 8.2915211 22
-12.079264 38.266418 7.597455 46
-11.636041 32.539238 7.2720804 11
-12.689573 32.026344 7.9663563 38
-11.612399 26.534559 7.332418 16
-12.901856 37.64809 7.4906373 35
-12.371227 32.202808 7.2395535 76
-12.179455 26.220709 7.3188581 94
-11.982958 32.237259 6.4374146 52
-12.562457 25.545401 7.2102733 25
-12.564594 31.460606 6.3039565 19
-12.481255 25.973207 6.6379538 31
-12.409438 23.839394 6.8102512 22
-11.494622 26.727444 5.385365 12
-12.284323 26.145342 6.0008106 98
-12.418695 24.366703 6.2906861 26
-11.42771 20.721304 5.9943023 14
-11.991901 26.130453 5.2921472 84
-12.398488 24.821825 5.7449265 23
-12.346929 22.887173 5.9720879 22
-11.705937 20.147202 5.9017358 100
-12.329316 25.231621 5.1410751 20
-12.34164 23.292818 5.4396615 25
-11.531019 20.16931 5.3269296 78
-12.272546 20.105928 5.9679418 88
-12.246984 23.553335 4.8336387 24
-11.434555 20.324871 4.7966571 43
-12.118677 20.143229 5.3818321 108
-12.254786 19.093204 5.7451715 57
-11.391054 20.588516 4.2604632 23
-11.946475 20.121977 4.7944527 126
-12.247578 19.337029 5.2323465 24
-12.227993 18.139002 5.5400319 40
-11.782714 20.128061 4.2012024 89
-12.220744 19.527153 4.7084804 34
-12.201427 18.303202 5.0212293 33
-12.177484 17.216469 5.3401675 64
-11.97056 19.351067 4.0795436 33
-11.994912 18.171188 4.4372849 35
-12.162651 17.36043 4.8322291 46
-12.159762 16.395336 5.168335 57
-11.9258 18.257578 3.8912673 47
-11.94433 17.181038 4.2508812 44
-12.082653 16.421926 4.641202 61
-11.275736 14.471419 4.6413794 68
-12.078608 17.543745 3.7843699 37
-11.917834 16.29999 4.0909882 57
-11.252855 14.529476 4.1744413 80
-11.495892 14.107031 4.6042142 92
-12.073932 16.640293 3.6361351 60
-11.229508 14.574113 3.7140946 78
-11.448441 14.112209 4.1222086 102
-11.975299 14.065647 4.6726375 98
-11.213485 14.637665 3.2456858 51
-11.393359 14.093596 3.6504915 99
-11.87159 13.987902 4.1574812 90
-11.880691 13.340755 4.5165396 75
-11.348619 14.087615 3.1706443 96
-11.963865 14.13382 3.721159 104
-11.844673 13.320494 4.0336852 78
-11.838858 12.715698 4.3904963 74
-11.90111 14.08505 3.2196457 103
-12.015919 13.536608 3.6286364 81
-11.841595 12.720572 3.9273381 69
-11.826633 12.150013 4.2829294 77
-11.994051 13.515837 3.1428645 67
-11.987264 12.872175 3.5159523 89
-11.985398 12.307337 3.8765259 88
-11.813071 11.613348 4.1815171 82
-11.965671 12.839761 3.0422351 71
-11.989997 12.28452 3.4245896 81
-12.005469 11.777402 3.7886729 84
-11.807996 11.1119 4.0908208 74
-11.950426 12.209487 2.9504013 82
-11.985435 11.716928 3.3354018 88
-11.980403 11.231279 3.6955364 93
-11.801489 10.624818 4.001389 77
-11.953631 11.634151 2.8684402 26
-11.967036 11.158127 3.246424 86
-11.977556 10.726055 3.6101117 104
-11.962566 10.314675 3.9787791 81
-11.909269 11.03661 2.7823987 75
-11.958665 10.638761 3.1677632 88
-11.951605 10.22613 3.5263946 95
-11.971101 9.8729849 3.9045544 99
-11.928273 10.53069 2.718514 73
-11.938558 10.128711 3.0920289 84
-11.945724 9.7637501 3.4543209 95
-11.118419 8.7436008 3.5517845 29
-11.922362 10.024303 2.653753 71
-11.927314 9.6494341 3.0241284 87
-11.123772 8.6558771 3.1493239 79
-11.133914 8.3727589 3.4950747 91
-11.902568 9.5232477 2.5879698 78
-11.088031 8.5252028 2.7482319 94
-11.116473 8.2536154 3.087785 95
-11.309015 8.1354322 3.4937711 70
-11.073678 8.4060793 2.3528197 82
-11.097049 8.1306562 2.6984162 86
-11.452494 8.12362 3.1280994 79
-11.805243 8.1238708 3.5917439 87
-11.23342 8.1139278 2.339957 59
-11.599844 8.1054935 2.7717643 76
-11.891076 8.0519457 3.1970775 116
-11.87819 7.8055243 3.5596926 94
-11.762113 8.088109 2.4052982 74
-11.854523 7.8891764 2.7842276 104
-11.877105 7.6608281 3.1415977 102
-11.884072 7.4469304 3.5079339 97
-11.840218 7.7328644 2.3782399 89
-11.851589 7.4957995 2.7366912 99
-11.865591 7.2846513 3.0909688 101
-11.877105 7.0926347 3.4551353 101
-11.825858 7.3227854 2.3328509 84
-11.841902 7.1136179 2.691139 102
-11.857367 6.9214225 3.043303 100
-11.870345 6.7483659 3.4063549 100
-11.809914 6.9287739 2.2924008 87
-11.834568 6.7433844 2.649488 101
-11.841263 6.5613723 2.9956195 102
-11.846625 6.4044995 3.3566031 101
-11.802442 6.5525947 2.2578006 90
-11.82231 6.3772855 2.6078477 98
-11.838673 6.2220569 2.9557812 99
-11.843316 6.0771809 3.3126931 100
-11.798251 6.1883569 2.2251289 99
-11.820587 6.0319858 2.5740488 98
-11.825151 5.8860154 2.9159675 98
-11.840306 5.7618856 3.2727196 100
-11.791171 5.8291969 2.192457 94
-11.806786 5.6849728 2.537334 97
-11.821844 5.5587459 2.8790863 98
-11.833325 5.4476819 3.2317493 99
-11.757101 5.4697008 2.1598532 95
-11.803473 5.3547297 2.5064132 91
-11.78946 5.2271538 2.8372734 55
-11.82058 5.1416349 3.1937196 91
-11.772818 5.1400366 2.1368856 81
-11.785184 5.0268617 2.4755754 92
-11.810938 4.9293451 2.8121104 93
-11.809961 4.8415537 3.1576791 97
-11.770557 4.8118219 2.1139836 94
-11.784266 4.7125983 2.4495704 92
-11.799182 4.6223207 2.7810965 93
-11.80462 4.5513682 3.125535 94
-11.761405 4.4877796 2.0910678 96
-11.772372 4.399601 2.422595 91
-11.788631 4.3232813 2.7520268 92
-11.804384 4.2650633 3.0943449 93
-11.758497 4.172616 2.0730681 95
-11.768673 4.0934281 2.3995385 89
-11.773166 4.0273714 2.7239466 120
-11.795258 3.9829874 3.0641534 94
-11.754663 3.8604701 2.0540481 94
-11.755099 3.7925017 2.3764832 115
-11.765828 3.7362745 2.6978064 116
-11.783154 3.7019856 3.0339668 93
-11.746986 3.5544341 2.037004 92
-11.751687 3.4973502 2.3573544 119
-11.757647 3.4512124 2.673631 115
-11.77729 3.4298568 3.0077012 94
-11.730333 3.2496219 2.019985 92
-11.735347 3.2055147 2.3372521 117
-11.75568 3.1740301 2.6543837 123
-11.774474 3.1596591 2.9824121 93
-11.713863 2.9518199 2.0049212 91
-10.93319 2.7121208 2.1582971 54
-10.928595 2.6880662 2.4454718 113
-10.946618 2.6865518 2.7474217 111
-10.910821 2.4709988 1.854581 120
-10.92431 2.4495101 2.1436732 116
-10.931012 2.4371738 2.4297323 117
-10.9341 2.4389899 2.7247157 109
-10.900094 2.2030962 1.8443106 116
-10.908769 2.1897039 2.1293693 117
-10.937768 2.1888218 2.4162738 120
-10.924037 2.1990209 2.7052655 115
-11.504846 2.0515921 1.9420323 39
-11.596303 2.0643358 2.2566202 50
-11.634639 2.0743394 2.5614212 57
-11.540742 2.079504 2.845741 36
-11.694921 1.8079387 1.9698671 89
-11.708098 1.8125355 2.2697954 128
-11.711437 1.8243543 2.5657141 122
-11.733454 1.8608176 2.877408 89
-11.675883 1.5262873 1.9606456 125
-11.690281 1.5398388 2.2575064 123
-11.704972 1.5653802 2.5532901 122
-11.721099 1.6069545 2.8589673 89
-11.661968 1.2495047 1.9564196 118
-11.695655 1.2745721 2.2521358 122
-11.702467 1.3052938 2.5418918 128
-11.705812 1.3561652 2.8415399 116
-11.65619 0.97658217 1.9540812 117
-11.688075 1.0096918 2.2467358 118
-11.696118 1.0503532 2.5324309 122
-11.708678 1.1099743 2.8289914 87
-11.674491 0.70608294 1.956648 87
-11.668467 0.74506104 2.2394259 114
-11.691771 0.79633039 2.525017 120
-11.703502 0.86393809 2.8175478 86
-6.8544588 0.24265945 1.129483 1
-11.665919 0.48300391 2.2360766 113
-11.680365 0.53950214 2.515594 112
-11.699373 0.61793423 2.806004 86
-6.8466578 0.088837512 1.1304197 51
-6.8369846 0.12008204 1.2852603 16
-11.660009 0.28586718 2.5062375 109
-11.693168 0.37091959 2.7945793 84
-11.643217 -0.10836874 1.9587743 86
-6.903317 -0.029543091 1.297951 1
-11.662636 0.030688528 2.5028241 110
-11.691999 0.1247995 2.7851229 82
-11.625566 -0.37501636 1.9605134 71
-11.651345 -0.30288672 2.2329645 105
-11.668344 -0.22348982 2.5013201 73
-11.684936 -0.11910264 2.7766018 83
-11.644859 -0.64746869 1.9700766 85
-11.655896 -0.56400698 2.2365115 77
-11.645083 -0.47304991 2.4949803 101
-11.693851 -0.3624436 2.773102 43
-11.637222 -0.91433328 1.9777883 85
-11.640412 -0.82371253 2.2382073 99
-11.655897 -0.72431022 2.4984071 57
-11.667809 -0.6048854 2.7616212 64
-11.634521 -1.1862367 1.9864075 87
-11.628968 -1.0844333 2.2407882 100
-11.657494 -0.9804529 2.499027 78
-11.661676 -0.84985805 2.7571883 78
-11.627866 -1.4570246 1.9960042 87
-11.627543 -1.3492643 2.2471664 106
-11.640357 -1.2329314 2.4963627 78
-11.670662 -1.097981 2.7554002 79
-11.619214 -1.7287343 2.0055711 86
-11.612032 -1.6109389 2.2518589 108
-11.643877 -1.4930946 2.5009964 80
-11.663426 -1.3469297 2.7510009 81
-11.611316 -2.006577 2.0163555 87
-11.624353 -1.8802814 2.2625103 114
-11.637499 -1.7490191 2.5036335 79
-11.654284 -1.592808 2.7495847 81
-11.607483 -2.2824936 2.03111 87
-11.620678 -2.1492314 2.2722187 116
-11.623126 -2.0047421 2.506295 104
-11.643015 -1.8436437 2.7461998 81
-11.594662 -2.5581808 2.0458863 88
-11.611121 -2.4140117 2.2839119 115
-11.617674 -2.2646425 2.512943 114
-11.641847 -2.09166 2.7487578 83
-11.58875 -2.8379862 2.0626667 89
-11.603415 -2.684792 2.2956433 112
-11.608227 -2.5244124 2.5196126 111
-11.630594 -2.3434703 2.7483988 83
-11.593749 -3.1241202 2.0834808 87
-11.590697 -2.9585226 2.3074243 116
-11.60375 -2.7883329 2.528271 114
-11.623282 -2.5992866 2.7509732 85
-11.237041 -3.3034604 2.0378544 43
-11.590796 -3.2364428 2.3231375 119
-11.597995 -3.0581591 2.5379581 113
-11.629754 -2.8584492 2.7575498 88
-10.761278 -3.4330792 1.9694436 114
-10.849713 -3.2868156 2.1861596 68
-11.540491 -3.3147335 2.5366921 71
-11.621157 -3.1202106 2.7611306 87
-10.766159 -3.7095494 1.9942862 80
-10.775315 -3.5304632 2.1901212 113
-10.783621 -3.344399 2.3789148 109
-11.209804 -3.2631297 2.6688321 34
-10.773203 -3.9916682 2.0200429 2
-10.761781 -3.7941213 2.2068367 109
-10.784175 -3.6044202 2.3935549 108
-10.803284 -3.3856416 2.5781014 79
-11.544011 -4.5949497 2.1970177 84
-11.555159 -4.3768702 2.397598 118
-10.769823 -3.8600812 2.4062228 104
-10.813923 -3.641932 2.5896804 82
-11.555254 -4.9101386 2.2299681 95
-11.561624 -4.6819878 2.4225023 121
-11.570201 -4.446888 2.6089187 87
-10.803611 -3.8976855 2.5972676 82
-11.537655 -5.2205949 2.2579184 98
-11.547312 -4.980547 2.4463584 122
-11.576894 -4.7430291 2.6297407 91
-11.582295 -4.4709625 2.8029933 80
-11.528724 -5.5432792 2.2899625 97
-11.556593 -5.2956777 2.4762647 92
-11.559681 -5.0365553 2.6475904 92
-11.579226 -4.7588577 2.8157372 92
-11.521676 -5.8739433 2.3239801 98
-11.540856 -5.6121831 2.5012295 93
-11.56413 -5.3455744 2.671438 92
-11.579028 -5.0518208 2.8315184 92
-11.524345 -6.2148576 2.363076 101
-11.535925 -5.9349756 2.5312591 98
-11.544593 -5.6500773 2.6904209 95
-11.569746 -5.3456035 2.8463972 95
-11.518814 -6.5625887 2.4022717 101
-11.535811 -6.267818 2.5662637 89
-11.535984 -5.9617572 2.7153091 98
-11.548644 -5.6350427 2.8591921 95
-11.515238 -6.915298 2.4454165 102
-11.530516 -6.605577 2.601398 99
-11.535975 -6.2866917 2.7443571 99
-11.557784 -5.9532452 2.8811598 100
-11.514252 -7.282105 2.4917276 93
-11.518068 -6.9491606 2.6366036 100
-11.529829 -6.6174617 2.7744584 83
-11.553977 -6.269124 2.9031615 99
-11.501108 -7.6556063 2.5371146 103
-11.515353 -7.3078961 2.676796 88
-11.535309 -6.9674435 2.8075655 94
-11.544112 -6.5907927 2.9241467 99
-11.495711 -8.0422297 2.588516 101
-11.511118 -7.6836581 2.7191877 100
-11.525661 -7.3181276 2.8398182 91
-11.515089 -6.9140825 2.9412978 52
-11.472158 -8.431469 2.6380661 94
-11.502997 -8.0602198 2.7644804 107
-11.511956 -7.6756277 2.8730197 104
-11.541298 -7.2755713 2.9753754 72
-11.481784 -8.8603973 2.6986337 97
-11.487542 -8.4446907 2.809979 99
-11.501909 -8.0432682 2.9113817 99
-11.52097 -7.6189275 3.0004551 98
-11.456146 -9.2683353 2.7549751 116
-11.493825 -8.8554382 2.8642199 105
-11.492958 -8.4207182 2.951472 108
-11.526166 -7.9828711 3.034575 102
-10.965369 -9.2835178 2.6979291 82
-11.45704 -9.2533808 2.9098811 117
-11.501949 -8.8287821 3.0000219 108
-11.509067 -8.3513947 3.0639703 100
-10.666965 -9.4542265 2.6881337 92
-10.988944 -9.2811699 2.8458209 90
-11.479076 -9.230094 3.0416455 113
-11.50549 -8.740221 3.0994413 113
-10.608175 -9.8535633 2.7418802 60
-10.676016 -9.4306059 2.820941 96
-11.039539 -9.2756281 2.9725814 88
-11.509447 -9.1491976 3.1409998 106
-11.449384 -11.184977 3.0471208 78
-10.653474 -9.8618126 2.8777475 120
-10.683455 -9.3880911 2.9246325 98
-11.166885 -9.2800407 3.0851192 83
-11.444414 -11.718443 3.1315219 75
-11.463887 -11.144446 3.1768155 88
-10.661366 -9.8013754 2.9733551 118
-10.729687 -9.3127556 3.0030148 88
-11.404931 -12.234134 3.2129495 72
-11.45534 -11.66291 3.2521074 84
-11.458565 -11.054661 3.2662089 85
-10.6875 -9.6894703 3.0364482 100
-11.40473 -12.817617 3.3116035 63
-11.423959 -12.167757 3.3273814 84
-11.468844 -11.571577 3.3394024 86
-11.481924 -10.922777 3.3222103 77
-11.417233 -13.453343 3.421468 77
-11.425703 -12.750336 3.4159501 53
-11.456966 -12.095926 3.4086576 81
-11.476827 -11.414394 3.3782599 80
-11.397367 -14.083775 3.5292964 73
-11.402074 -13.329799 3.5054977 92
-11.435148 -12.641556 3.4810095 43
-11.442452 -11.899822 3.4302776 84
-11.301557 -14.654929 3.6211858 103
-11.398698 -13.966211 3.6074553 96
-11.408421 -13.207535 3.556608 98
-11.413693 -12.423866 3.4856181 43
-10.774251 -14.652134 3.5711358 94
-11.386269 -14.639451 3.714767 110
-11.402164 -13.831035 3.6445804 95
-11.42135 -13.008799 3.5582933 74
-10.573499 -15.096807 3.634584 67
-10.89998 -14.683614 3.6647494 100
-11.397313 -14.486444 3.7416368 104
-11.431226 -13.632668 3.6390946 71
-10.249599 -15.370702 3.6585457 105
-10.581616 -14.934732 3.6735356 77
-11.034432 -14.678568 3.7211273 100
-11.415501 -14.247843 3.7157896 77
-9.7532244 -15.352434 3.6179891 101
-10.381815 -15.392384 3.7278674 119
-10.600206 -14.768954 3.6750906 94
-11.206693 -14.644636 3.7330101 111
-9.2912626 -15.379153 3.5889087 86
-9.886632 -15.384407 3.6766901 110
-10.503479 -15.369253 3.7542603 112
-10.716916 -14.656971 3.6549356 99
-8.8143358 -15.363533 3.5516107 102
-9.4026041 -15.370701 3.6254301 104
-10.026579 -15.389775 3.6971896 108
-10.606939 -15.224064 3.7129416 94
-8.3313131 -15.310787 3.5080984 48
-8.9225836 -15.357091 3.574151 111
-9.5382662 -15.386051 3.6320004 108
-10.223428 -15.394814 3.6774578 93
-8.4531631 -15.320708 3.523695 88
-9.0615101 -15.361553 3.5696521 113
-9.7093964 -15.337519 3.5910473 102
-0.75900602 -0.6479255 0.17478068 3
-8.0146875 -15.330031 3.4864376 70
-8.6101675 -15.363698 3.516413 108
-9.2653742 -15.366907 3.5309463 98
-0.72688383 -0.61320764 0.16670229 5
-7.5961618 -15.345794 3.4550977 22
-8.7993851 -15.35563 3.4605429 87
-0.72116852 -0.63998312 0.17187312 3
-7.172956 -15.339442 3.4196215 8
-0.75756055 -0.62187397 0.16760056 5
-8.3548832 -15.352947 3.3981652 4
-0.68995655 -0.60218096 0.16271324 7
-0.73568314 -0.61229235 0.16359054 5
-0.68333119 -0.62597442 0.16687706 3
-0.69111663 -0.59321076 0.15863979 4
-0.71871758 -0.6098842 0.16164072 4
-0.74077451 -0.60744619 0.15954147 5
-0.65428883 -0.58529937 0.15773055 6
-0.69699156 -0.59737378 0.15664494 6
-0.64762563 -0.61211103 0.16292699 6
-0.65736002 -0.58139658 0.15469527 4
-0.70398289 -0.59657604 0.15261433 8
-0.66698891 -0.59564948 0.15375012 7
-0.61311442 -0.59028137 0.15792197 6
-0.62831169 -0.58169007 0.15280971 4
-0.67202705 -0.5928089 0.14871401 8
-0.63508314 -0.58988297 0.14983702 4
-0.58238232 -0.57754189 0.1539603 6
-0.60397381 -0.59408504 0.15398312 4
-0.6401419 -0.58604896 0.14379452 7
-0.60793787 -0.59421843 0.14897001 6
-0.55355752 -0.56883812 0.15201712 4
-0.57680792 -0.59941375 0.15412259 5
-0.61113536 -0.58435565 0.13989633 8
-0.57630152 -0.57746154 0.14398642 6
-0.53198898 -0.60336411 0.15935807 7
-0.5448364 -0.56776154 0.14608696 4
-0.57985431 -0.5677653 0.13497722 7
-0.54802865 -0.56089133 0.1390426 6
-0.50425977 -0.59167886 0.15639457 7
-0.51961654 -0.57509655 0.14722158 4
-0.5520348 -0.55397129 0.12994529 7
-0.52257776 -0.5701341 0.13913356 5
-0.47756425 -0.57192463 0.15331718 6
-0.49492583 -0.59737766 0.15141265 5
-0.52752966 -0.57031125 0.131117 7
-0.4972406 -0.58250403 0.14031069 6
-0.45294362 -0.59628999 0.15856782 8
-0.46753314 -0.57072997 0.14535019 4
-0.50072134 -0.56067032 0.12716012 7
-0.47072697 -0.56087327 0.13527673 5
-0.42451903 -0.61256462 0.16278175 8
-0.44332013 -0.57812625 0.14649168 5
-0.47496644 -0.54904848 0.12418677 7
-0.44653508 -0.56727618 0.13541184 6
-0.4012498 -0.58101797 0.15667273 5
-0.41589531 -0.59442574 0.15070203 5
-0.45062539 -0.56144935 0.12436048 7
-0.4191525 -0.58158892 0.13760941 6
-0.37175891 -0.60025376 0.16290976 8
-0.38875785 -0.59874803 0.1518354 5
-0.42457947 -0.56181067 0.12346446 7
-0.39561749 -0.56102592 0.13357116 6
-0.34243053 -0.61251074 0.16610196 8
-0.3641983 -0.57915962 0.14780731 5
-0.39989918 -0.54721439 0.12046844 7
-0.36728472 -0.57331407 0.13575973 7
-0.30998996 -0.62967217 0.17233737 9
-0.33374944 -0.59638357 0.1520354 6
-0.37146315 -0.56350756 0.12168279 7
-0.33795267 -0.58557731 0.13795207 7
-0.2777867 -0.63685572 0.17550865 10
-0.30359158 -0.60162401 0.15418647 5
-0.34110609 -0.57674545 0.12388526 8
-0.30884048 -0.5888496 0.13908666 7
-0.24782854 -0.63409859 0.17760842 10
-0.26914784 -0.61874169 0.15942943 6
-0.316351 -0.56514782 0.12090884 7
-0.28204408 -0.5791887 0.13813047 7
-0.21258011 -0.6432001 0.18180376 10
-0.23918554 -0.61599082 0.1605293 6
-0.28730997 -0.5654273 0.12102429 8
-0.19343562 -0.64870679 0.1849134 11
-0.24981239 -0.58737797 0.14030841 8
-0.17046094 -0.66118866 0.18915755 6
-0.20224971 -0.62613422 0.1638115 7
-0.25337064 -0.5756554 0.12329254 9
-0.14927104 -0.66863692 0.19328853 1
-0.21389788 -0.5965538 0.14257976 8
-0.16083613 -0.64206821 0.17007625 7
-0.22020575 -0.58083117 0.12345674 9
-0.17559651 -0.60758352 0.14580126 9
8.0113354 -15.009375 3.8070855 104
-0.10700835 -0.67466903 0.17949142 7
-0.17976578 -0.59678423 0.12670697 10
8.4502506 -14.999046 3.848628 95
-0.077554248 -0.69187349 0.18470101 1
-0.12690964 -0.63328218 0.15313396 9
8.891942 -14.985697 3.8952315 91
-0.13848485 -0.60676432 0.12993333 11
9.3278275 -14.944607 3.9367163 55
8.9899092 -15.000148 3.4557509 115
-0.055561014 -0.68748146 0.16576901 8
-0.10793681 -0.62796879 0.13318618 11
9.7936287 -14.93253 3.9874256 98
9.4649258 -14.9939 3.4955213 101
10.27675 -14.919454 4.0414968 105
9.943821 -14.970052 3.5325086 109
-0.0243263 -0.69491076 0.14596483 12
10.773394 -14.90566 4.0983586 111
10.447794 -14.967132 3.5794599 106
10.0878 -14.973441 3.0610776 115
0.056786053 -0.77980429 0.16081886 0
11.329533 -14.951223 4.1747966 104
10.96956 -14.957798 3.6264114 102
10.612738 -14.973146 3.0980194 95
11.369596 -14.347845 4.0728545 76
11.437251 -14.870967 3.6583273 99
11.154694 -14.969258 3.1357899 104
11.751354 -14.16895 4.0900822 91
11.4692 -14.24344 3.559176 101
11.404469 -14.58231 3.0952835 91
11.252809 -14.84873 2.5848942 90
12.292138 -14.161594 4.1596522 76
12.007464 -14.218259 3.6078353 93
11.666384 -14.220277 3.0614629 103
11.413083 -14.336116 2.525209 75
13.500148 -14.832062 4.4343295 88
13.202611 -14.88728 3.8405294 12
12.225509 -14.186132 3.1003809 107
11.90429 -14.218745 2.5363507 95
14.104839 -14.80715 4.5113916 94
13.787735 -14.840059 3.8964312 116
13.462248 -14.860064 3.2983563 114
7.9690833 -9.2446337 1.6831204 63
14.745315 -14.798787 4.5979929 79
14.425749 -14.818077 3.9629977 89
14.11366 -14.850773 3.3530519 116
13.866521 -14.960865 2.7448399 11
15.397388 -14.775932 4.6889186 86
15.086783 -14.79625 4.036118 118
14.781648 -14.822916 3.4071255 91
14.49261 -14.893198 2.7774689 74
16.09252 -14.765409 4.7868834 78
15.794559 -14.795179 4.1209688 100
15.486241 -14.813079 3.4729364 82
15.188621 -14.857756 2.8191125 73
16.820566 -14.751896 4.8909431 78
16.533894 -14.777422 4.2046871 67
16.243055 -14.809918 3.5427618 76
6.3388667 -6.1596975 1.2089516 1
17.579216 -14.733256 4.9994583 70
17.3167 -14.770247 4.2985983 78
17.040686 -14.793443 3.613687 76
6.2915816 -5.8238974 1.1656228 10
11.303492 -9.186985 3.2052093 98
11.287286 -9.3190708 2.7879763 50
11.299025 -9.4864159 2.382174 14
6.2591724 -5.5207119 1.1305957 17
11.369985 -8.8313513 3.1621385 76
11.310503 -8.9146805 2.735429 95
7.9309568 -6.4549689 1.668901 64
6.2698407 -5.264596 1.1039847 25
11.884455 -8.7994156 3.2359145 70
11.740486 -8.8159981 2.7783706 80
11.601536 -8.8353691 2.3338652 73
6.2678032 -5.0053177 1.0767393 18
18.959139 -13.20829 4.9800777 11
12.269315 -8.7733402 2.8418145 61
7.8900557 -5.8306422 1.592165 25
6.2424474 -4.7458959 1.0498968 11
18.959621 -12.606319 4.8941636 12
20.872196 -13.996604 4.6481671 52
20.710993 -14.043003 3.9005091 78
6.2741065 -4.5285273 1.0298734 1
21.181389 -13.390962 5.3573976 16
21.181465 -12.743485 5.2671928 8
7.2814384 -4.1801009 1.0846708 23
7.9524841 -4.2682886 1.4301351 37
8.0289402 -4.3271031 1.1668081 65
6.2042389 -3.1945615 1.1227127 2
7.2188802 -3.6841063 1.0398788 43
21.068666 -9.7063951 4.8568282 104
21.087854 -9.6985378 4.1710606 144
6.1712322 -2.9915233 1.1002676 27
7.1608601 -3.4325686 1.0148579 18
20.547533 -8.9235058 4.672112 110
20.587633 -8.9095898 4.0160918 140
6.1675763 -2.8045464 1.0820458 32
7.1986203 -3.2244549 1.0016598 24
21.032707 -8.5736399 4.7127609 82
21.06311 -8.529129 4.0426574 146
6.1488581 -2.6139405 1.0627954 31
7.1963501 -3.0084302 0.98725599 32
21.032839 -8.0376253 4.6510873 109
21.051397 -7.9706478 3.9878683 144
6.1353383 -2.4313836 1.0455369 46
7.2293973 -2.8096883 0.97712708 43
6.1432295 -2.2612154 1.0335181 54
7.2746696 -2.6155536 0.96914887 40
6.4474869 -2.2220955 1.2715776 6
6.153193 -2.0969806 1.0236881 69
6.4383445 -2.1549525 0.85919464 62
6.4727044 -2.0991549 1.4700353 104
6.4372053 -2.0474074 1.2546089 58
6.2920475 -1.9694325 1.0315906 108
6.4892049 -1.9866647 0.85450357 51
6.5421371 -1.9543971 1.4675665 89
6.4844122 -1.8932205 1.2489932 79
6.3995285 -1.8266883 1.0352798 117
7.0734749 -1.9577281 0.91277939 22
6.6608276 -1.8203553 1.4743254 25
6.6169014 -1.7518204 1.2556995 30
6.1234632 -1.5856713 0.98261714 52
6.9023795 -1.7179508 0.88149941 58
6.7931843 -1.6817869 1.4838789 61
6.8035398 -1.6248524 1.27457 20
6.1113582 -1.4209793 0.97158903 36
6.9761057 -1.5470446 0.88177383 109
6.7297626 -1.502486 1.4545633 150
6.8093452 -1.4557184 1.2625747 35
6.1164212 -1.2618551 0.96163523 48
7.2647867 -1.4136395 0.90607899 38
6.7759709 -1.3483047 1.4497733 150
6.1094885 -1.1020247 0.9526009 39
7.2982602 -1.2307996 0.90445185 36
20.927675 -3.4959109 4.1816907 114
6.1026664 -0.94728732 0.94497585 24
20.472786 -2.7867303 2.3634536 98
20.420471 -2.948257 4.0443044 135
20.426924 -2.7166929 3.4688356 130
6.109973 -0.79207575 0.9379831 17
13.187229 -1.4840319 1.5412068 4
20.915512 -2.5453024 4.1013846 135
20.967518 -2.296608 3.5259519 131
6.0881381 -0.63460517 0.92779839 6
20.920715 -2.0577126 4.0570455 135
6.1170459 -0.47797173 0.92212814 1
6.0705514 -0.39319474 0.74440092 5
21.097286 -1.6008879 4.0550017 4
21.203371 -0.75479895 2.3797402 6
21.069641 -1.1277477 4.0156364 4
7.3229938 -0.089131393 0.87227088 39
20.993015 -0.6517989 3.9683466 6
11.946112 -0.19878663 1.9907997 15
7.2696252 -0.021232935 1.06074 51
7.336442 0.095258877 0.87230253 71
11.937983 -0.1180305 2.2924781 99
11.9683 0.075802095 1.9834307 77
7.3410678 0.16263025 1.0650436 130
7.3507757 0.28366652 0.8713578 42
12.099122 0.15714671 2.3046443 82
7.7026162 0.23020644 1.3061695 41
7.3335948 0.34346637 1.0600621 131
7.3201151 0.47192618 0.86623895 39
12.105342 0.43128592 2.2892187 76
12.101919 0.65527189 1.9778501 82
7.3199615 0.5311386 1.0529925 1
7.2804213 0.66195637 0.86001587 36
12.10024 0.717161 2.269444 74
12.100667 0.94045579 1.9679232 81
7.7680712 0.75689465 1.1072192 65
7.3463068 0.85787612 0.8669492 42
12.088279 0.99200428 2.2526422 70
15.345707 1.5466779 2.4558704 89
7.2278433 0.8890115 1.0333492 103
7.3713722 1.054589 0.86886638 45
15.325076 1.598461 2.8085287 122
7.6499248 0.97609097 1.2704645 34
7.2103853 1.068619 1.0291573 82
7.250082 1.2275592 0.85730267 34
15.292698 1.9376571 2.788264 76
15.281006 2.2591069 2.4275489 46
11.926823 2.0213377 1.6421542 42
7.235466 1.4131813 0.85848391 36
13.05582 1.9631543 2.3840439 2
11.914867 2.060719 1.9089261 60
7.3914933 1.4683183 1.0517862 30
7.1999888 1.5973444 0.85720408 28
11.919525 2.0785875 2.1737912 52
11.927716 2.3531771 1.9049977 95
7.1660538 1.6115949 1.0218685 35
7.1453967 1.7840556 0.85266858 11
11.905545 2.3632927 2.1587372 86
11.218225 2.5038474 1.7901033 28
11.111249 2.7416034 1.53114 79
7.1267056 1.9745814 0.85350275 20
11.285111 2.5128071 2.0438726 19
11.100153 2.752342 1.7699373 82
11.103215 3.0288103 1.5325245 53
7.1587195 2.1800449 0.86220914 30
11.08863 2.7399726 2.00193 76
11.091407 3.0284562 1.7664518 64
6.1088219 1.8817092 0.88641107 1
7.1122499 2.3645952 0.8625626 24
11.075125 3.0052612 1.9919126 66
11.879566 3.5387044 1.8829019 76
11.824231 3.8328538 1.6338397 3
7.0746436 2.5497367 0.86426526 15
11.886497 3.5033951 2.1241689 57
11.724382 3.7897956 1.8597149 4
3.699281 1.3998036 0.57653099 6
7.0666151 2.7516432 0.86998546 15
11.763168 3.7612543 2.0970707 3
11.69307 4.0850835 1.853763 7
6.0656171 2.3738029 0.8882246 26
7.136754 2.9865572 0.88482225 66
11.747894 4.0559149 2.0871887 3
11.854672 4.4623632 1.876096 66
6.0642219 2.5508473 0.89114302 31
7.1135716 3.195076 0.88847893 23
11.810701 4.3866024 2.0904968 46
11.841866 4.7771482 1.8761925 69
6.0479403 2.7235131 0.89304477 44
1.4613131 0.86006057 0.25270143 38
11.852615 4.7127633 2.0926549 57
11.839843 5.1002173 1.8781885 70
6.0425186 2.9014554 0.89592355 51
1.3808832 0.87802351 0.24526086 90
11.841898 5.0245695 2.0876851 58
10.309778 4.757709 1.6510131 4
6.0439339 3.0855885 0.90179229 52
1.3094178 0.89722198 0.23984952 50
11.83322 5.3344383 2.0847356 63
11.842255 5.7675543 1.8870759 70
6.0324531 3.2653997 0.90763468 53
1.175923 0.87781829 0.22642189 10
10.185695 4.9069028 1.8050578 8
11.816129 6.1024513 1.8859488 74
6.0269713 3.4580722 0.91079289 50
1.0499258 0.85771304 0.2135746 28
11.822175 5.9948373 2.0765963 64
11.812441 6.4535799 1.8915688 76
6.0172324 3.6499677 0.91743296 21
0.96209103 0.85347557 0.20521024 54
11.808642 6.3396335 2.0711677 66
11.795446 6.8153391 1.8950654 80
6.0190606 3.8581471 0.9240399 13
0.85268724 0.83267099 0.19493902 66
11.794299 6.6810036 2.0706577 68
11.780578 7.1805482 1.901841 81
11.784641 7.6895552 1.7350498 87
0.77306694 0.82359463 0.1878964 63
11.784748 7.0370855 2.0709398 67
11.780457 7.5599489 1.9130472 80
7.6842046 5.3837695 1.1781231 4
0.70038474 0.8157106 0.18080811 12
11.791683 7.4080157 2.0764503 70
11.767889 7.9476266 1.9219925 78
0.77733147 0.85481608 0.20988408 4
0.63653672 0.81009144 0.17558287 11
11.762859 7.7634139 2.0751355 72
11.018946 7.8313727 1.8206475 9
0.70165265 0.84287596 0.20064941 27
0.57961214 0.80764508 0.17036621 11
11.13384 7.7321696 1.9747542 31
11.069295 8.2578964 1.8412155 16
0.64762771 0.84450281 0.19541936 10
0.52275723 0.80220592 0.16616836 10
10.994829 8.0157089 1.9574319 36
10.980753 8.6008205 1.8417366 87
0.58289301 0.83484936 0.18822052 11
0.47968206 0.80612105 0.16297822 10
11.117652 8.5040789 1.9830077 59
0.63034654 0.85515636 0.20730074 0
0.52508599 0.82836968 0.18103306 10
0.4317801 0.80290574 0.15880652 9
10.95274 8.7839499 1.9626 91
0.58327025 0.85895598 0.20208521 6
0.48694912 0.83440471 0.17784043 10
0.39468843 0.80697244 0.15663037 9
10.904391 9.1598835 1.9640759 20
0.5294528 0.85257262 0.19490507 7
0.42832753 0.81990606 0.17169088 9
0.35467649 0.80795932 0.15346125 9
11.879777 10.417604 2.1392958 36
0.47665942 0.84521443 0.18773513 10
0.3824493 0.81573308 0.16652958 8
0.30793938 0.79777604 0.15033378 11
0.51338041 0.85521102 0.2008267 3
0.4239161 0.83585685 0.18057771 9
0.34543613 0.81679451 0.16337229 8
0.26123124 0.78658688 0.14621255 10
0.47332671 0.85818475 0.19564502 5
0.37906238 0.8307091 0.1754266 8
0.2938371 0.80147004 0.15725654 10
0.22336704 0.78162527 0.14308904 10
0.4245117 0.85191941 0.18748447 9
0.33718315 0.82663554 0.17028105 8
0.25202808 0.79440355 0.15312982 10
0.19134848 0.78281707 0.14095135 10
0.37087187 0.83853209 0.17934817 9
0.29632846 0.82158709 0.1651457 8
0.21708877 0.79251558 0.14999919 10
0.16034985 0.78304023 0.13982385 10
0.32709643 0.83040392 0.17321989 9
0.24967863 0.80838603 0.15903699 9
0.183174 0.78965276 0.14687879 9
0.1274596 0.77920264 0.1367137 10
0.28821644 0.82640475 0.16808607 8
0.20892307 0.79933882 0.15392675 9
0.15220477 0.78887004 0.1447576 9
0.10138537 0.78254896 0.13558701 10
0.23482497 0.80302066 0.16001269 11
0.17603283 0.79550111 0.15081659 9
0.12418475 0.79016107 0.14263564 9
0.072460592 0.77982271 0.13448626 9
0.19704755 0.79504144 0.15390801 11
0.14412123 0.79268181 0.14670403 9
0.092343353 0.78434891 0.13954195 9
0.041590028 0.77504122 0.13239016 9
0.16218722 0.79014814 0.14979617 11
0.11223073 0.78886884 0.14359772 9
0.060477655 0.77953637 0.1364419 9
0.015614932 0.77438885 0.1312886 9
0.13225032 0.78837818 0.1456852 11
0.081368931 0.78407496 0.13950168 9
0.036402922 0.78293222 0.13532303 9
-0.0084597999 0.77778476 0.13016966 9
0.10133847 0.78558344 0.14157648 10
0.059218865 0.7905196 0.13837181 9
0.012356641 0.78532237 0.13321044 9
-0.031510472 0.78020579 0.12906098 10
0.071403667 0.78081679 0.13747266 15
0.029279441 0.78575909 0.13526815 9
-0.017487789 0.77656949 0.13113227 8
-0.055534516 0.77860594 0.12796263 9
0.041565914 0.77504808 0.13338697 16
-0.0014584425 0.77596694 0.13120371 8
-0.040484276 0.77698493 0.12903635 8
-0.079489462 0.77700979 0.12787527 12
0.017549032 0.77643222 0.13028082 15
-0.022583971 0.78143668 0.13008411 8
-0.063510165 0.77840656 0.12793404 8
-0.099619858 0.78251058 0.12775953 11
-0.0064476826 0.77682298 0.12818092 15
-0.04750194 0.77879739 0.12699917 8
-0.085536301 0.77985275 0.12683566 8
-0.12257092 0.78093302 0.1266761 9
-0.031414744 0.77618295 0.12508334 16
-0.074298672 0.77111614 0.1249378 8
-0.11230873 0.77117199 0.12478054 7
-0.14454748 0.78038001 0.12559026 9
-0.053411957 0.77662331 0.1229913 16
-0.094445571 0.77760428 0.12281576 8
-0.13338467 0.77464235 0.12367341 7
-0.16557801 0.78185725 0.12549572 9
-0.075479381 0.7800566 0.11988029 15
-0.11734291 0.77402115 0.12074493 7
-0.1543615 0.77411407 0.12259152 7
-0.18657961 0.78232867 0.12440746 8
-0.10219809 0.76937014 0.11683778 13
-0.1364942 0.78054023 0.11962677 8
-0.17251256 0.78065807 0.1214773 7
-0.20753577 0.78080702 0.12433177 7
-0.12421961 0.77081013 0.1147393 13
-0.1574958 0.78101164 0.11853851 7
-0.19256859 0.78315985 0.12138031 8
-0.22759134 0.78330874 0.12423476 7
-0.14616725 0.76925117 0.11265971 12
-0.17852218 0.78248268 0.11744389 9
-0.21259522 0.78465575 0.12028965 8
-0.24575116 0.78986514 0.12512037 8
-0.16614017 0.76874149 0.11058175 12
-0.20037021 0.77692497 0.11538951 8
-0.23072563 0.79020625 0.12018161 8
-0.26298556 0.79944533 0.12599097 7
-0.1880341 0.76517701 0.10751474 12
-0.2213181 0.77539086 0.11331379 7
-0.24985628 0.79573196 0.12006955 8
-0.28388804 0.79591805 0.1249278 7
-0.20808552 0.76767248 0.1064177 10
-0.24034497 0.77691162 0.11222702 7
-0.27350551 0.78212726 0.11805762 7
-0.30207261 0.80347413 0.12580699 7
-0.22618286 0.77221096 0.104316 11
-0.26032203 0.7764082 0.11114887 7
-0.29073578 0.7917012 0.11792818 7
-0.32115322 0.80700034 0.12570745 7
-0.24430962 0.77775526 0.10320791 13
-0.27844879 0.78195238 0.11004074 7
-0.30979159 0.79422778 0.11783496 7
-0.34108484 0.8045038 0.12564179 8
-0.26613286 0.77119786 0.10115966 10
-0.29655489 0.78650326 0.10993887 7
-0.33051595 0.78369647 0.11581591 7
-0.36096692 0.80000782 0.12558873 7
-0.28421003 0.77474272 0.10006414 10
-0.31735358 0.77897096 0.10790087 7
-0.34952265 0.78422379 0.11573523 7
-0.37984508 0.7955305 0.12453966 7
-0.30413339 0.77223372 0.097998515 11
-0.33550927 0.78552115 0.10778628 8
-0.36850411 0.78375137 0.11566085 7
-0.39798009 0.80108714 0.1254313 5
-0.32313547 0.77275473 0.096917883 12
-0.35451135 0.78604209 0.10670561 8
-0.38486269 0.7983548 0.11650362 7
-0.41698635 0.80161434 0.12535052 5
-0.34205908 0.77027047 0.09485618 11
-0.37341431 0.78256452 0.10565015 7
-0.40384048 0.79787612 0.11542918 7
-0.43529898 0.81417501 0.12719783 5
-0.36096203 0.76679277 0.093800724 11
-0.39236683 0.78108609 0.10458203 7
-0.42287564 0.79940915 0.11634202 7
-0.45423087 0.81170315 0.12713595 5
-0.37991041 0.76530832 0.091732629 11
-0.41126978 0.77760851 0.10352651 6
-0.44182816 0.7979309 0.11527383 6
-0.47321692 0.8112368 0.12806134 5
-0.3987633 0.75983131 0.090689734 9
-0.42954937 0.78915691 0.10338017 4
-0.46080962 0.79745835 0.11519926 6
-0.49119863 0.81078923 0.12799074 5
-0.41689005 0.76537555 0.089581311 9
-0.44827881 0.77868146 0.10236878 4
-0.47891569 0.80200911 0.11509706 5
-0.51000661 0.8033191 0.12796031 5
-0.43374336 0.77193856 0.089506246 12
-0.46590418 0.77621633 0.10134578 6
-0.49667421 0.80455446 0.1160418 7
-0.52901733 0.81584227 0.12983707 5
-0.45272064 0.77145988 0.088431172 12
-0.48493519 0.7777431 0.10125802 6
-0.51575482 0.80808067 0.11594139 5
-0.54777104 0.80636638 0.12881871 5
-0.47069821 0.77100593 0.087360092 11
-0.50193828 0.7783137 0.10018462 6
-0.53468668 0.80560869 0.11587881 5
-0.56678188 0.80689973 0.12973711 5
-0.48839849 0.75954944 0.085358426 9
-0.52112257 0.78584474 0.10105889 7
-0.55108976 0.78218091 0.11395683 4
-0.58584183 0.80943233 0.13064288 5
-0.50672764 0.7730971 0.085198894 11
-0.54014945 0.7873652 0.099971049 7
-0.57124496 0.78868121 0.11383333 4
-0.60595155 0.81393945 0.13153194 5
-0.5255025 0.76461476 0.083174169 10
-0.55787867 0.7769146 0.098962933 6
-0.59035444 0.79321313 0.11472642 5
-0.62491232 0.81247336 0.13246286 5
-0.54345942 0.76316738 0.083109222 9
-0.57583559 0.77546722 0.098897949 4
-0.60928631 0.79074121 0.11466368 6
-0.64830267 0.82791477 0.13527027 6
-0.56136262 0.75971437 0.08205688 7
-0.59366441 0.76901519 0.097864501 6
-0.62829715 0.79127449 0.11558194 7
-0.6705147 0.83637708 0.13712586 6
-0.57921624 0.75426197 0.081017122 9
-0.61269587 0.77054197 0.097776465 6
-0.64830309 0.79177666 0.11549614 7
-0.6905005 0.83588588 0.13804631 6
-0.59934199 0.75975639 0.079899848 10
-0.63272661 0.77204382 0.097684361 7
-0.6683628 0.79428446 0.11639767 7
-0.71476161 0.84629768 0.13988115 6
-0.61832339 0.75928384 0.079824388 11
-0.65175766 0.77357048 0.097596258 7
-0.68842292 0.79679209 0.11729915 8
-0.73464781 0.84180772 0.14082676 5
-0.63622659 0.75583076 0.078771897 11
-0.6717636 0.77407265 0.097510383 7
-0.7094534 0.79826915 0.11720289 7
-0.7567364 0.84527165 0.14271373 3
-0.65522867 0.75635159 0.077690087 12
-0.69072807 0.77162588 0.09746819 8
-0.73168206 0.80478269 0.11911479 7
-0.78419936 0.85968912 0.14558037 1
-0.67869496 0.76988596 0.078594968 13
-0.71193588 0.77519423 0.097421385 8
-0.75383306 0.80631232 0.11905114 7
-0.69548374 0.75850636 0.077545516 13
-0.73410952 0.77968895 0.098211892 7
-0.77593833 0.80880088 0.11981258 8
-0.71868116 0.76690573 0.077311158 13
-0.75509566 0.78011662 0.098073259 8
-0.801175 0.81713229 0.12166601 8
-12.114616 26.058615 3.5360911 59
-0.74183464 0.77234125 0.077214919 15
-0.77608621 0.77961856 0.098003715 8
-0.82735151 0.82651561 0.12347139 7
-12.278381 24.906464 3.4243209 29
-0.76380885 0.77579606 0.077036574 15
-0.80115712 0.78803933 0.098820023 8
-0.85333616 0.83296001 0.12533975 7
-12.249172 23.46578 3.2749536 28
-0.78349 0.77039182 0.076040767 15
-0.82514507 0.79352474 0.099715069 8
-0.88457823 0.84726101 0.1281237 6
-11.358549 20.52916 2.9096425 35
-0.80747414 0.77482557 0.075888447 16
-0.85010517 0.79593885 0.10057823 8
-0.90848631 0.84669769 0.1290174 6
-11.707048 20.082544 2.8889768 107
-0.83150125 0.77825361 0.075765833 16
-0.87298125 0.79541594 0.10048445 7
-0.92701453 0.83429784 0.12802425 6
-12.15087 19.812967 2.8942769 49
-0.85642493 0.78170645 0.075650588 16
-0.89897084 0.79983693 0.10135657 7
-0.96131396 0.84951639 0.13078514 5
-12.094786 18.74353 2.7830594 52
-0.87620562 0.77423179 0.075607993 14
-0.91976136 0.79233527 0.10131315 8
-0.98311466 0.84199446 0.13173942 4
-12.081566 17.817064 2.6908445 57
-0.90014356 0.77366453 0.075507939 16
-0.94676936 0.79470384 0.10218176 8
-1.0318877 0.87487537 0.13732724 0
-12.040292 16.907593 2.5996723 39
-0.92051804 0.76475006 0.074523777 14
-0.97026229 0.78969771 0.10216118 9
-12.031823 16.094408 2.5208163 62
-0.95280617 0.77498215 0.075350702 18
-1.0098385 0.809789 0.10492325 8
-11.181478 14.228187 2.2759683 68
-0.98203695 0.77934498 0.07527262 19
-1.0431149 0.81604171 0.10578714 9
-11.154094 14.351757 1.8050712 84
-11.548604 14.043894 2.2887979 101
-1.0069795 0.77475458 0.075088628 14
-1.0804169 0.82615423 0.10740878 9
-11.453428 14.068128 1.79792 80
-11.978467 13.936244 2.3154988 98
-1.0380653 0.77893293 0.075876534 16
-1.123854 0.84202451 0.11014122 7
-11.953807 14.024844 1.8234355 112
-11.956707 13.292681 2.2550862 79
-1.074279 0.78705764 0.076689981 17
-1.1588705 0.84518832 0.11094256 7
-11.938121 13.370636 1.771753 95
-11.933289 12.678488 2.1971955 84
-1.1113148 0.79420727 0.076464757 20
-1.1875741 0.84060639 0.11187875 7
-11.916493 12.742876 1.7238617 87
-11.91669 12.111279 2.1487896 84
-1.1472752 0.79843777 0.077325009 19
-1.2296401 0.84766936 0.11466425 8
-11.923474 12.179047 1.6821491 86
-11.915535 11.584706 2.1028855 60
-1.1770577 0.7937429 0.07721106 20
-1.2655461 0.84682369 0.11550887 7
-11.899256 11.610199 1.6397774 79
-11.926752 11.086304 2.0619724 77
-1.2181273 0.80079836 0.077995054 22
-1.3074702 0.84990543 0.11732653 6
-11.903908 11.097101 1.6043296 91
-11.894762 10.576824 2.0175788 83
-1.2508714 0.79508018 0.078906342 14
-1.3535467 0.85585195 0.12009676 4
-11.871492 10.566705 1.5646861 90
-11.890986 10.110719 1.9794412 83
-1.2908804 0.796121 0.079728864 14
-1.3954917 0.85384846 0.12193187 2
-11.865494 10.086587 1.5316764 84
-11.88346 9.6567764 1.9422898 84
-1.3298115 0.79520649 0.080568053 15
-1.4455632 0.85867679 0.12368864 0
-11.852601 9.6209221 1.5006469 92
-11.060758 8.5644751 1.7749052 83
-1.3728762 0.79412174 0.081514962 14
-1.4855425 0.85163558 0.12575579 1
-11.042435 8.5239449 1.3700807 93
-11.045169 8.1671038 1.7432815 87
-1.4322383 0.80564964 0.083279431 11
-11.018639 8.4750109 0.97146511 11
-11.033565 8.1258755 1.3445678 90
-11.417062 8.0723381 1.7751373 66
-1.4772377 0.80267835 0.084053002 11
-11.022744 8.0781441 0.95233351 85
-11.450891 8.0512972 1.3707272 73
-11.82227 7.9899678 1.8115708 106
-1.5302975 0.80344892 0.084797807 12
-11.520403 8.054122 0.97739971 72
-11.806899 7.9206676 1.3920337 99
-11.78955 7.5974135 1.7801054 85
-1.5863403 0.80408293 0.086557582 12
-11.586975 7.7092571 0.96521515 88
-11.759776 7.5104661 1.3647255 93
-11.782546 7.2322564 1.754352 90
-1.651456 0.80749428 0.088261537 12
-11.584462 7.3220344 0.94758052 86
-11.744381 7.1336064 1.3433157 93
-11.770666 6.8773041 1.7297951 98
-1.7256238 0.81469673 0.090940483 13
-8.6728172 5.1300025 0.6974234 55
-8.710537 4.9497709 0.97638381 24
-11.767261 6.5371127 1.7068859 98
-1.8068292 0.82172579 0.093558118 8
-8.7940836 4.9349508 0.69610679 58
-11.745687 6.4303074 1.3067354 85
-11.766669 6.2051039 1.6860431 96
-1.8817207 0.82093769 0.095447898 18
-8.7811937 4.6663055 0.6866532 74
-8.7637272 4.4813757 0.95786774 43
-11.771797 5.8867817 1.6669625 101
-1.984018 0.83146685 0.098965257 6
-8.8002014 4.4227343 0.67906183 76
-11.690467 5.7342415 1.2682077 72
-11.754827 5.5649867 1.6459934 95
-7.2516222 3.535074 0.32482663 38
-8.672451 4.1106634 0.66149056 1
-11.65517 5.3989034 1.2493968 80
-11.736958 5.2472153 1.6250029 94
-7.2505507 3.3269451 0.3207902 26
-11.508087 5.2099409 0.86762369 113
-11.603987 5.0638156 1.2301162 79
-11.751876 4.9545426 1.6101673 97
-7.2435293 3.1220131 0.31702644 11
-11.508382 4.8957558 0.85847014 117
-11.557942 4.7377043 1.2122267 81
-11.757688 4.66219 1.5948542 94
-7.2588267 2.9295514 0.31509364 6
-11.496704 4.5828638 0.84935814 115
-11.529369 4.4301896 1.1971512 81
-11.738321 4.3634334 1.5766851 95
-7.2479806 2.7317216 0.31230202 1
-11.494245 4.2787547 0.84115404 108
-11.51207 4.1334143 1.1839632 83
-11.735303 4.0782995 1.5613644 93
-11.580162 4.1683831 0.48640144 83
-11.485909 3.9797909 0.83294272 113
-11.502968 3.8444533 1.1726933 109
-11.73141 3.7981949 1.5470163 93
-7.2759924 2.3638721 0.30934119 6
-11.479727 3.6867893 0.82668597 117
-11.488965 3.5596139 1.1614184 111
-11.720596 3.5212665 1.5336777 91
-7.2875857 2.1835105 0.30834857 22
-11.468567 3.3949027 0.81944299 117
-11.475113 3.2807784 1.1511062 117
-11.714826 3.2462089 1.5193065 90
-7.2760625 1.9987131 0.30747968 22
-11.451556 3.1091676 0.81318694 115
-11.469334 3.0047524 1.1417432 118
-11.70521 2.9772596 1.5069141 89
-7.2766623 1.8186269 0.30753124 18
-11.198009 2.7660985 0.79127425 107
-10.878762 2.5906162 1.0746793 114
-10.903236 2.5170021 1.3909341 69
-7.2873945 1.6453456 0.30737895 26
-10.827016 2.4099402 0.76068646 68
-10.875553 2.3396871 1.0688175 114
-10.89824 2.2750864 1.3800222 66
-7.2749739 1.4676741 0.30623001 6
-10.84281 2.1585727 0.75874591 110
-10.86934 2.0888193 1.0609647 117
-10.979788 2.0521405 1.3816216 20
-7.2887793 1.2983823 0.30791584 1
-10.928997 1.9215199 0.76141089 66
-11.019035 1.8702546 1.0692408 70
-11.672382 1.932791 1.4609455 120
-11.439062 1.7503368 0.795829 65
-11.448906 1.6910473 1.107047 121
-11.668055 1.6768599 1.4500798 118
-11.423451 1.4827243 0.79209054 13
-11.448615 1.436056 1.1021634 119
-11.662861 1.425964 1.4411836 83
-11.428046 1.2226391 0.79121459 10
-11.440278 1.1792549 1.0963222 115
-11.641644 1.1744531 1.4313589 83
-0.82327789 0.023464253 0.047143292 4
-11.459749 0.96591151 0.79319364 6
-11.432072 0.92745817 1.0914471 118
-11.628429 0.92274696 1.4214975 81
-11.443287 0.70329481 0.79156375 3
-11.4279 0.67650926 1.0877725 117
-11.601317 0.67530042 1.4119823 81
-0.81375122 0.0057383371 0.047215756 3
-6.7293415 0.25013399 0.46627507 0
-6.7167645 0.238474 0.63238734 92
-6.6854172 0.23628107 0.7995258 73
-6.689672 0.10205409 0.46327692 1
-6.6702123 0.095550992 0.62738866 93
-6.7110624 0.09962789 0.79916543 85
-0.82326967 -0.011481263 0.047239535 4
-6.9068656 -0.047118913 0.64811659 71
-6.9157839 -0.040260214 0.82103556 58
-0.82811463 -0.018535977 0.057250094 3
-6.8662791 -0.19220102 0.64416879 12
-6.6583886 -0.17407051 0.78662664 2
-11.388435 -0.57063967 1.0744914 114
-11.380433 -0.53967476 1.3573308 26
-0.82874012 -0.036501441 0.058272187 3
-11.391362 -0.81976122 1.0749294 113
-11.427425 -0.78686476 1.3585564 77
-0.77059644 -0.039163608 0.045550004 3
-11.380212 -1.0715526 1.0734471 117
-11.40753 -1.0274649 1.3530453 77
-0.81773496 -0.052546419 0.057922825 3
-11.367176 -1.3202614 1.0775452 111
-11.413442 -1.2746285 1.3529578 78
-0.82140326 -0.062661707 0.048917126 4
-11.367003 -1.5722172 1.0786264 115
-11.396506 -1.5162044 1.3490456 74
-0.8321439 -0.071808636 0.05884026 2
-11.360806 -1.8250321 1.0787354 110
-11.393477 -1.7621151 1.3460975 78
-11.353546 -2.0808158 1.0798639 113
-11.38145 -2.007812 1.3421838 81
-0.78679854 -0.079632431 0.055948969 1
-11.258695 -2.3175044 1.0732599 38
-11.321563 -2.2463691 1.3334364 70
-8.1908751 -1.9013823 0.60202599 3
-11.221583 -2.5665915 1.0725629 16
-11.327395 -2.498528 1.3326498 51
-7.185257 -1.8732381 0.37526411 1
-11.198245 -2.9056084 0.83163375 42
-11.23611 -2.8319774 1.0769893 34
-11.305315 -2.7460649 1.3291295 47
-7.1671119 -2.0427926 0.38129362 4
-11.314888 -3.2104239 0.84784329 115
-11.338075 -3.1234372 1.0921824 119
-11.358689 -3.0183949 1.3344225 84
-7.1518974 -2.2154138 0.38832876 6
-10.772972 -3.3164208 0.81479013 67
-11.120013 -3.3242626 1.0752555 50
-11.341451 -3.2730334 1.3339227 116
-7.1356397 -2.3900044 0.39638418 10
-10.719891 -3.5651531 0.82045144 112
-10.743249 -3.4673111 1.0427488 119
-10.756168 -3.3462138 1.2639512 113
-8.1732426 -2.9698608 0.46174628 48
-10.706575 -3.8326011 0.82850581 113
-10.728199 -3.7237339 1.0467336 116
-10.743255 -3.596714 1.2628808 113
-7.1259942 -2.7525818 0.41316399 10
-11.311422 -4.3491197 0.88583213 80
-11.213532 -4.1773386 1.1012201 84
-10.719214 -3.8441913 1.2614304 113
-7.101645 -2.9319844 0.4203229 21
-11.305308 -4.642971 0.89657825 110
-11.312685 -4.5037293 1.1176851 122
-11.336416 -4.3498893 1.3376285 115
-1.9124287 -0.68872416 0.11929368 15
-10.357834 -4.5162258 0.83205807 106
-11.29678 -4.7883644 1.1244189 81
-11.335515 -4.6339149 1.34029 89
-1.8096085 -0.67923504 0.11569411 72
-10.245302 -4.7425156 0.83488357 70
-10.313992 -4.6279254 1.0318613 113
-10.394119 -4.495604 1.2296786 81
-1.704881 -0.66570491 0.11107985 12
-11.268348 -5.551053 0.93305779 92
-11.32091 -5.4029741 1.143904 97
-10.278893 -4.7069116 1.218425 75
-1.6121792 -0.65146214 0.10740744 10
-1.7351952 -0.69926924 0.14013304 0
-11.286792 -5.6961737 1.1497705 87
-11.314381 -5.5035481 1.3484598 93
-1.5294248 -0.63946289 0.10370416 9
-1.6642143 -0.69656551 0.13543159 9
-11.289024 -6.0172424 1.1596394 89
-11.311027 -5.8065124 1.352244 93
-1.4773542 -0.64120334 0.10194456 4
-1.5725756 -0.67936081 0.12973766 5
-11.263479 -6.3286371 1.1685758 82
-11.303527 -6.1153784 1.3560822 94
-1.4997897 -0.66861165 0.12499741 4
-11.247677 -6.6512613 1.1795352 61
-11.269152 -6.4185996 1.3580087 89
-1.4438329 -0.66526872 0.12122554 1
-11.26725 -6.7445941 1.3639237 81
-1.3741673 -0.64959484 0.1164426 0
-11.294659 -7.1002803 1.3748826 54
-1.2460467 -0.60760164 0.093771927 0
-1.3163812 -0.63920599 0.11263779 0
-1.4064896 -0.68126392 0.13647573 1
-11.251825 -7.4223013 1.3769599 41
-1.2050937 -0.60461295 0.091935389 1
-1.254742 -0.62272185 0.10881449 2
-1.3408123 -0.66570091 0.12967743 2
-11.252122 -7.7813563 1.3850952 29
-1.1560866 -0.59344906 0.090019606 5
-1.2096062 -0.61666048 0.10591254 3
-1.2769359 -0.64819825 0.12379204 4
-1.1142741 -0.58444178 0.088155016 5
-1.1608645 -0.6044898 0.10306078 4
-1.2212602 -0.63287008 0.11895315 5
-1.297524 -0.66761392 0.13881081 6
-1.0764167 -0.57752532 0.087284811 1
-1.1151218 -0.59239221 0.10019564 5
-1.1784151 -0.62485021 0.11509915 5
-1.2369329 -0.64818341 0.13096975 7
-1.0474111 -0.57682604 0.086411223 1
-1.0821856 -0.58860248 0.09832152 4
-1.1356231 -0.61482501 0.11223285 6
-1.174469 -0.62369984 0.12410693 8
-1.0252614 -0.58228928 0.086543128 1
-1.0453429 -0.58072281 0.095440738 4
-1.0821118 -0.59255397 0.10634215 5
-1.1287415 -0.61061466 0.11923569 8
-0.98166418 -0.5642423 0.083632283 3
-1.0134546 -0.57495815 0.093549877 4
-1.0462689 -0.58469862 0.1034569 4
-1.1046033 -0.61504763 0.1163704 6
-0.94500095 -0.54935288 0.08270856 4
-0.98161525 -0.56719422 0.091646753 4
-1.0094993 -0.57381994 0.10055772 4
-1.0462594 -0.58566314 0.10945918 5
-0.92394364 -0.55084789 0.081811488 8
-0.95370609 -0.56252068 0.09074413 5
-0.98546296 -0.57424819 0.098667897 6
-1.0231742 -0.5881151 0.10757715 5
-0.91167438 -0.56154704 0.082929276 11
-0.93459964 -0.56606376 0.089850344 8
-0.95464307 -0.56551504 0.095754206 7
-0.97864097 -0.56705695 0.10265247 7
-0.88676447 -0.55694658 0.082013249 11
-0.91646856 -0.57063085 0.088958174 9
-0.93067914 -0.56294423 0.093846001 9
-0.95464814 -0.56549191 0.099750414 9
-0.86576039 -0.5564363 0.082103819 11
-0.89058322 -0.56500643 0.088040464 9
-0.91838098 -0.57464921 0.093969852 10
-0.93846792 -0.57210708 0.098861545 12
-0.85155994 -0.56409389 0.082212083 11
-0.86376643 -0.5563646 0.086108886 8
-0.91257334 -0.56649464 0.095943898 11
-0.82384527 -0.55142295 0.081260465 10
-0.86764938 -0.56143737 0.090117775 9
-0.89060938 -0.56397271 0.094026722 11
-0.82672799 -0.55647147 0.085273795 8
-0.86576313 -0.55638528 0.091092378 10
-0.78878206 -0.55257827 0.080422543 9
-0.82867515 -0.55850857 0.087273292 9
-0.85350847 -0.5660969 0.090203904 10
-0.78780752 -0.55153733 0.083417028 8
-0.74998724 -0.54263973 0.079535201 10
-0.78879899 -0.55155677 0.084408775 8
-0.80779988 -0.55200732 0.086323403 9
-0.7528612 -0.54770029 0.081548505 8
-0.71800077 -0.54086316 0.079665445 9
-0.7528969 -0.54570198 0.081532523 8
-0.76994234 -0.54411048 0.0824439 8
-0.71610993 -0.53581721 0.079640061 7
-0.68515581 -0.53307021 0.07876353 8
-0.71807218 -0.53686666 0.079633467 8
-0.7417708 -0.549447 0.079599068 8
-0.68516719 -0.53207159 0.078753635 6
-0.6523838 -0.52227825 0.077843331 8
-0.68805158 -0.53615046 0.077760875 7
-0.71170163 -0.55073017 0.077738635 8
-0.65432173 -0.5243274 0.077842809 6
-0.62924153 -0.53269887 0.079046391 7
-0.65828675 -0.53042406 0.075897448 6
-0.67807859 -0.5389145 0.074856542 8
-0.63207728 -0.53877717 0.078065872 6
-0.60222894 -0.53204364 0.079160452 8
-0.63312316 -0.53582162 0.07503932 6
-0.64629704 -0.52815872 0.071931906 7
-0.60510874 -0.53612858 0.077167712 7
-0.57541132 -0.52339113 0.079225622 7
-0.60705709 -0.5371961 0.074161135 6
-0.61934406 -0.52452248 0.069027744 7
-0.57635993 -0.52443433 0.076223493 6
-0.55125207 -0.52880716 0.079362847 7
-0.57827938 -0.5265075 0.072223037 7
-0.59422904 -0.52792066 0.068157285 7
-0.55229795 -0.52585161 0.076336294 6
-0.5271461 -0.53221798 0.080487758 7
-0.55328596 -0.52490741 0.071322009 6
-0.5691824 -0.52832603 0.066268481 7
-0.52901691 -0.53629059 0.076499432 6
-0.50227886 -0.52561355 0.080556132 7
-0.53014618 -0.52935421 0.070448585 6
-0.54425776 -0.52373284 0.064349145 7
-0.50421798 -0.52669311 0.075549543 6
-0.47912398 -0.53104824 0.081688643 7
-0.50439155 -0.51773906 0.068491027 6
-0.52004528 -0.53115439 0.063498378 7
-0.48022893 -0.52511156 0.07564389 6
-0.45499367 -0.53545886 0.08281941 7
-0.48194465 -0.53519428 0.069692075 6
-0.49609563 -0.52758539 0.061580598 7
-0.45590413 -0.53751975 0.076823324 6
-0.43319857 -0.52592868 0.082856096 7
-0.45821378 -0.52262819 0.067719497 6
-0.47212166 -0.52501607 0.059668873 7
-0.43426999 -0.52100366 0.074817508 6
-0.40797129 -0.53431392 0.084015496 8
-0.43500614 -0.53006828 0.067863986 6
-0.4490791 -0.52546436 0.058770861 7
-0.40896976 -0.53238791 0.075995117 6
-0.38393822 -0.53472608 0.085121736 7
-0.4097499 -0.53945911 0.068029396 7
-0.42512941 -0.52189547 0.05685297 6
-0.38493207 -0.53280604 0.076101378 6
-0.3588568 -0.53711331 0.086244501 8
-0.38597503 -0.52888662 0.067068882 6
-0.40103897 -0.52431887 0.055971429 7
-0.36208865 -0.52525103 0.076154597 6
-0.32960138 -0.55237263 0.089505643 8
-0.35989946 -0.53623998 0.067267679 7
-0.3738375 -0.53665257 0.055204954 7
-0.33168346 -0.54649043 0.078456409 7
-0.30361333 -0.55074275 0.089608565 8
-0.33261946 -0.54658186 0.067448184 7
-0.35003832 -0.5270797 0.054250445 7
-0.30674329 -0.54288542 0.078542739 6
-0.27765372 -0.54810733 0.090705343 9
-0.30672354 -0.54095918 0.066526808 6
-0.32175395 -0.53740323 0.053435359 8
-0.27975503 -0.54123127 0.078650087 7
-0.24745715 -0.55536538 0.092880599 9
-0.28075519 -0.5383355 0.065623648 7
-0.29359159 -0.54272836 0.052589729 8
-0.24848114 -0.5514701 0.079848044 7
-0.21102363 -0.57246864 0.096143119 9
-0.24843293 -0.55054945 0.066838153 7
-0.26555082 -0.54305518 0.051713631 7
-0.21735314 -0.55571091 0.081009403 8
-0.17583299 -0.5795995 0.09934026 10
-0.21313165 -0.56169677 0.06705977 8
-0.23546195 -0.54533279 0.050858483 9
-0.17475197 -0.57966614 0.084340818 8
-0.13130988 -0.60050118 0.10366213 11
-0.17476285 -0.57576424 0.068312705 8
-0.19805931 -0.56043619 0.050113183 9
-0.13026777 -0.59858036 0.086650543 9
-0.079671666 -0.62622523 0.10904512 13
-0.12924583 -0.59566575 0.068632931 9
-0.15880308 -0.56949288 0.049340185 9
-0.039890364 -0.65824401 0.11341456 14
-0.084881566 -0.61347169 0.088940211 9
0.028754026 -0.72653466 0.12413213 17
-0.044095423 -0.64547205 0.09231405 9
-0.078690745 -0.61743319 0.070987135 10
-0.10709362 -0.59724593 0.049735345 10
0.015254218 -0.70100939 0.098912865 10
-0.079747051 -0.61059213 0.04893646 12
0.11995634 -0.81243527 0.11005165 5
0.01415391 -0.69217503 0.075849853 12
-0.040044036 -0.63863593 0.049281511 12
6.3167996 -8.6148319 1.188853 15
2.0326288 -3.2872622 0.35549906 2
0.11673533 -0.7986635 0.081922546 6
0.025462426 -0.70102835 0.050911009 15
6.2855954 -8.1906919 1.1509193 21
2.0577695 -3.1696384 0.3477909 34
1.9773766 -3.1752765 0.23342368 21
0.12590536 -0.80158228 0.052923925 6
6.2972169 -7.8414807 1.1217715 9
2.0572667 -3.0236661 0.33689454 50
1.9798722 -3.0292189 0.22557212 140
1.9944557 -3.1555936 0.1113843 17
6.2888494 -7.4917536 1.0926665 4
2.0560157 -2.8877151 0.32708594 55
1.979495 -2.8882391 0.21673767 126
1.9958724 -3.0085618 0.10551947 143
6.2857857 -7.1609702 1.0656917 2
2.0517001 -2.7548702 0.31827471 77
1.9657942 -2.7416222 0.20879933 117
1.9973265 -2.8685663 0.099689171 111
7.4889026 -8.0715551 1.21956 2
2.0310698 -2.6103787 0.307459 100
1.9638295 -2.6165378 0.20232819 111
2.000473 -2.7392347 0.094371937 139
7.3852305 -7.6200962 1.177925 3
2.0215459 -2.4852874 0.29909945 81
1.9745364 -2.5070653 0.19600193 96
1.9923745 -2.6033087 0.089652739 131
6.2572989 -6.2452188 0.99137312 15
2.0270791 -2.3811626 0.29148138 72
1.9707508 -2.3901575 0.18926415 80
2.0037451 -2.4930212 0.085025117 101
7.3899713 -6.9800496 1.1280075 69
2.0213833 -2.2693288 0.28375497 72
1.9792663 -2.2889898 0.18366058 81
2.0181541 -2.3897297 0.080428891 89
7.4250236 -6.7004976 1.1081393 34
2.0208399 -2.1674066 0.27707565 74
1.9848011 -2.1898906 0.17902955 90
2.0173905 -2.277755 0.076690368 80
7.288291 -6.2959743 1.0669183 12
2.0266407 -2.0752716 0.27155936 72
1.9926182 -2.0967097 0.17358823 83
2.0250981 -2.1785679 0.073287152 86
7.3346386 -6.0537786 1.0522648 18
2.0306122 -1.9851952 0.26526213 69
1.9974878 -2.0026009 0.1692691 90
2.0318599 -2.0814042 0.069900624 85
7.3199859 -5.7731361 1.0307616 28
2.0264099 -1.8923032 0.25972745 68
2.0013669 -1.9145052 0.16474105 85
2.040659 -1.9901816 0.066375948 74
7.4803724 -5.6221905 1.0305263 39
2.0334101 -1.8091331 0.25524378 84
1.9991503 -1.8225566 0.16016182 93
2.0413632 -1.8951548 0.062791139 78
7.9355435 -5.670918 1.0668586 62
2.0252538 -1.7193421 0.24865036 82
2.0051455 -1.7394047 0.15667415 94
2.0441597 -1.8040719 0.060240246 77
6.2420959 -4.3170228 0.84279454 7
2.0262845 -1.6373237 0.24314678 85
2.0040741 -1.6534299 0.15213712 96
2.0480576 -1.7169696 0.056718852 84
2.1379747 -1.5999901 0.3414278 0
2.0263591 -1.5573229 0.23865137 79
2.0122385 -1.5772269 0.14870203 97
2.055095 -1.6357862 0.054248001 88
2.1289694 -1.5162278 0.33386725 4
2.0224595 -1.4784189 0.23414472 83
2.0041933 -1.492422 0.14414077 87
2.0560572 -1.5517436 0.052732296 78
2.1261232 -1.4393051 0.32837686 8
2.0236552 -1.4033921 0.22968523 79
2.0063591 -1.416365 0.14067966 87
2.0581205 -1.4716817 0.050246 73
2.1132114 -1.3596327 0.32182413 14
2.0188525 -1.3285114 0.22519952 80
2.0025024 -1.3394543 0.13718615 92
2.0530889 -1.3877912 0.047704451 75
2.1094382 -1.2857335 0.31634855 15
2.0130501 -1.2536548 0.22070977 81
1.9996938 -1.2645185 0.13370974 103
2.0481539 -1.3078994 0.045187954 78
2.1047134 -1.2138579 0.31088126 16
2.0083201 -1.1817729 0.21624328 84
1.9999769 -1.1935024 0.13127147 96
2.0412438 -1.229056 0.042669214 86
2.1010323 -1.1439512 0.306431 15
2.0177755 -1.1175419 0.21288787 85
1.9962168 -1.1205904 0.12780361 82
2.0444965 -1.1569611 0.041237842 73
2.1034465 -1.0778973 0.30203199 15
2.0272794 -1.0553104 0.20954488 77
2.0036478 -1.0554082 0.12443356 96
2.0488014 -1.0868472 0.038823422 69
2.1018419 -1.0109471 0.29660958 15
2.0196185 -0.98649454 0.2060845 79
2.0110941 -0.99121356 0.12306976 93
2.055126 -1.0176784 0.037424099 67
2.0992818 -0.94601458 0.29219538 18
2.0261233 -0.92433584 0.20272875 84
2.0165496 -0.92707962 0.11969741 86
2.0514336 -0.94775897 0.034975145 62
2.0987647 -0.88302666 0.28880244 21
2.0245817 -0.86037242 0.19932595 79
2.0129306 -0.86015964 0.11726751 85
2.0628777 -0.88346684 0.033628788 73
2.1012514 -0.81997174 0.28442287 20
2.0270872 -0.798311 0.19595313 78
2.0214536 -0.79894578 0.11492704 80
2.0642276 -0.8154192 0.032214388 66
2.1017826 -0.75895882 0.28104705 20
2.0346599 -0.7391209 0.19362065 73
2.0219324 -0.73592764 0.11254114 85
2.0716782 -0.75122583 0.030855283 59
2.1066825 -0.69889635 0.27776343 23
2.0335171 -0.67720395 0.19030091 71
2.0237625 -0.67293125 0.11022949 77
2.073456 -0.68622363 0.029531967 57
2.0982134 -0.63711768 0.27235517 24
2.0290618 -0.61631566 0.18691613 76
2.0313189 -0.61273861 0.10890313 87
2.0778921 -0.62110555 0.02816188 64
2.0967813 -0.57715619 0.26898965 30
2.0366714 -0.55812848 0.1846021 80
2.0248353 -0.55089319 0.10650352 82
2.0843756 -0.55793822 0.026812835 50
2.1003964 -0.51907235 0.26565829 29
2.0402818 -0.50003856 0.18227069 76
2.0303967 -0.49075523 0.10416854 90
2.0647705 -0.49140444 0.025325881 61
2.1180754 -0.46364111 0.26340643 22
2.0308282 -0.43927184 0.17886421 84
2.0319552 -0.43070859 0.10281616 102
2.0712543 -0.42823708 0.023976926 52
2.1086464 -0.40387407 0.26000616 32
2.0404615 -0.3820357 0.17656519 89
2.0335424 -0.37166759 0.10046997 83
2.0737638 -0.36616671 0.022616716 71
2.1012449 -0.34506413 0.25562081 41
2.028033 -0.32234156 0.17315184 94
2.0321062 -0.31169993 0.098104604 78
2.0772929 -0.30506569 0.022267016 64
2.0858223 -0.28544903 0.25119445 42
2.0306931 -0.26627538 0.17082849 88
2.0296659 -0.2517505 0.096734881 80
2.080802 -0.242971 0.020911252 67
2.0884864 -0.22938891 0.24787121 47
2.0242827 -0.20742896 0.16844751 84
2.0322726 -0.19367892 0.095399298 82
2.0743146 -0.18111947 0.019511888 67
2.082129 -0.17254795 0.24450254 53
2.0229437 -0.15146004 0.16610678 79
2.0328603 -0.13466226 0.093048915 80
2.0658231 -0.11931057 0.019103797 70
2.0707779 -0.11583459 0.24011213 51
2.0165622 -0.093619347 0.16273201 81
2.0274451 -0.075785503 0.091672353 84
2.0573361 -0.057507675 0.017695772 64
2.0574517 -0.060169537 0.23571914 58
2.0182226 -0.037577458 0.16040446 101
2.0180557 -0.018005664 0.090284489 80
2.0508683 0.0033502134 0.017302616 60
2.0551176 -0.0042309887 0.23237421 73
2.0138845 0.018318525 0.15805075 80
2.0126455 0.040865093 0.08790803 80
2.0484483 0.062305961 0.01693924 56
2.051784 0.051683277 0.22902495 61
2.0095711 0.073214829 0.1557032 88
2.0082788 0.097766832 0.086548209 97
2.0469837 0.12327939 0.015568044 61
2.0395017 0.10537931 0.22564863 59
2.0142016 0.13033538 0.15438272 93
2.01091 0.15483876 0.085219003 90
2.0415156 0.18416157 0.015179362 61
2.0431859 0.1604701 0.22333613 70
2.0048654 0.18610981 0.15200727 74
2.0114937 0.21386145 0.083868846 85
2.0500433 0.24538419 0.01485192 71
2.0418515 0.21643299 0.21999571 68
2.0005279 0.2420058 0.14965369 79
2.0120771 0.2728841 0.082518734 82
2.0445561 0.30726007 0.013457245 69
2.0445116 0.27249917 0.21767277 85
2.0001402 0.29999849 0.14730538 74
2.0146599 0.33195543 0.081177413 85
2.0410879 0.36819088 0.013077445 75
2.0421782 0.32843775 0.21432807 79
2.0027761 0.3570644 0.14497636 87
2.0042713 0.38971099 0.079785429 80
2.0405943 0.43019435 0.01270468 65
2.0368454 0.38430339 0.21097027 78
1.9924403 0.4128145 0.14259668 82
1.9998564 0.44861215 0.078413576 79
2.0371261 0.49112523 0.01232496 72
2.033483 0.44122338 0.20861511 67
1.9930484 0.47083744 0.14125285 100
1.9954413 0.50751323 0.077041768 84
2.029635 0.55295843 0.011921662 68
2.0281503 0.49708903 0.2052574 61
1.9896619 0.52875715 0.13889158 90
1.986028 0.56629276 0.075648122 77
2.0171695 0.61367047 0.011502663 62
2.0188186 0.5528574 0.20188221 68
1.9823015 0.58557999 0.13651899 81
1.9815892 0.62619364 0.074270263 71
1.9987545 0.67223734 0.011069687 55
2.0084879 0.60860157 0.19850269 57
1.9699421 0.64228123 0.13412455 77
1.9453541 0.67731899 0.072801448 63
1.9366155 0.71874398 0.011511586 40
1.9960147 0.66331661 0.19508269 55
1.931622 0.69036543 0.13062792 0
1.8960567 0.72414172 0.070262887 53
1.8704308 0.76017249 0.011929221 99
1.9529214 0.70924896 0.18961412 4
1.8706509 0.7308678 0.1261113 96
1.7745811 0.7431792 0.067602344 107
1.7280893 0.77272528 0.013213587 104
1.8919834 0.74873954 0.1831037 76
1.7532119 0.74898475 0.12047439 105
1.6452534 0.756024 0.064943492 101
1.5908719 0.78039545 0.013550313 84
1.7656667 0.76260889 0.17245209 99
1.6229756 0.75878233 0.11382961 90
1.5071959 0.75765371 0.062312596 94
1.421146 0.76727557 0.014865237 71
1.6463922 0.77465522 0.16284315 75
1.4661649 0.75092268 0.10617091 78
1.3910344 0.76381713 0.059753161 85
1.3288137 0.78004473 0.016373746 88
1.498524 0.76998937 0.15120548 79
1.3797846 0.76680064 0.10168741 76
1.2859181 0.76824868 0.057253931 89
1.2009583 0.77293867 0.016841264 80
1.389436 0.77428752 0.14268896 88
1.2737309 0.76919055 0.0961961 92
1.1601485 0.75817406 0.054748576 93
1.087118 0.7651794 0.018375926 58
1.2863705 0.77773196 0.13420469 81
1.1519735 0.75919515 0.090708256 88
1.0621712 0.75678396 0.053316422 78
0.99117988 0.7618506 0.018964659 76
1.1824466 0.77516001 0.12675264 77
1.0580132 0.75787818 0.085293658 72
0.97026968 0.75253469 0.050928805 78
0.89341241 0.75147545 0.019587433 80
1.0855447 0.77175874 0.11933722 65
0.96711582 0.75364721 0.081910387 82
0.88533741 0.74946135 0.049565528 89
0.81939006 0.75168669 0.021253733 13
0.9857654 0.76328617 0.1119392 71
0.87929493 0.74648422 0.077558547 87
0.82025266 0.75287253 0.048252851 17
0.74546951 0.74789333 0.021944478 12
0.89995277 0.75615972 0.10559613 79
0.81719428 0.75095594 0.074252889 13
0.74736536 0.7480917 0.046954129 12
0.68150139 0.7463364 0.021666655 12
0.8270101 0.75435388 0.10027916 71
0.75024086 0.74930805 0.070962049 17
0.68340188 0.7465288 0.045676302 16
0.63037944 0.75109971 0.022408847 11
0.76009017 0.75169432 0.094994478 13
0.68730605 0.74676377 0.068694726 15
0.62543684 0.74511176 0.044424657 15
0.57440507 0.7497434 0.023165859 14
0.69913977 0.75018632 0.090729825 12
0.63032103 0.74636477 0.066441342 14
0.57439244 0.74687016 0.044185173 15
0.52340418 0.74950856 0.023938553 15
0.64316326 0.74979961 0.086480848 12
0.576388 0.7440334 0.063213289 14
0.52932626 0.74976808 0.042965788 15
0.47247672 0.74627441 0.024729569 14
0.60003293 0.75573307 0.083251938 16
0.52935135 0.74587697 0.060991291 13
0.47938299 0.74754596 0.041755091 15
0.42649883 0.74516141 0.025530154 14
0.53927654 0.74622774 0.079036064 15
0.48925957 0.74989617 0.059787598 14
0.43048346 0.74335498 0.041560926 13
0.38547564 0.74616325 0.025340356 13
0.49326801 0.74708998 0.075824521 15
0.43939334 0.74466908 0.057595216 13
0.39829189 0.75156736 0.040367682 13
0.34742275 0.74824375 0.026157498 13
0.4502835 0.74702543 0.072632186 15
0.39837939 0.74565881 0.055405457 13
0.35439104 0.74749798 0.040195309 12
0.31234428 0.75139707 0.026981598 17
0.40834641 0.744986 0.069456421 16
0.36233473 0.74777603 0.054231379 12
0.31739524 0.74759138 0.039029077 14
0.2753925 0.74949718 0.026827553 15
0.37228668 0.74809068 0.066276282 16
0.33022025 0.75298351 0.052056443 13
0.28334546 0.74976325 0.038863659 13
0.23941202 0.74862736 0.027671695 12
0.33434442 0.74615455 0.064117916 16
0.29032299 0.74900538 0.050901514 12
0.25422141 0.75505567 0.038701747 13
0.20935656 0.75090235 0.028523713 20
0.3071557 0.75448263 0.061946467 17
0.25830111 0.75022006 0.049750958 12
0.20174035 0.73376691 0.037593849 11
0.16762491 0.73988396 0.028402723 16
0.27203318 0.75362241 0.058771651 17
0.23002627 0.75553393 0.047570325 12
0.18811153 0.75345278 0.037393458 13
0.13553125 0.73712063 0.029254172 14
0.2361147 0.75073498 0.056628332 22
0.19417563 0.74965358 0.046445318 16
0.14837934 0.74248278 0.037281528 14
0.10655309 0.73641497 0.029129066 15
0.20999864 0.75608838 0.054479711 22
0.15832546 0.74377316 0.045320272 13
0.11745446 0.73972303 0.036159944 12
0.078569561 0.73573953 0.030008269 14
0.17320149 0.74817824 0.052362558 21
0.1274249 0.74001384 0.044204801 13
0.087549485 0.73599398 0.036048796 12
0.055443961 0.74117792 0.029872604 14
0.13547754 0.73724484 0.050259348 19
0.10235257 0.74339807 0.043072682 12
0.066349953 0.74448001 0.035903502 13
0.023655968 0.73240781 0.030783232 13
0.1084833 0.73757535 0.048136871 18
0.070525199 0.7366153 0.041971136 11
0.040394843 0.74284756 0.035797544 12
-0.0022748336 0.72977579 0.030683365 12
0.085390769 0.74200201 0.046007372 18
0.04259954 0.73392868 0.040862568 11
0.014391106 0.74321455 0.035679307 12
-0.025327973 0.73221511 0.030565983 12
0.059415963 0.74136323 0.04489531 18
0.021501873 0.73840994 0.039741743 11
-0.010564269 0.74160653 0.035577666 11
-0.050263654 0.72961342 0.031470403 12
0.033445776 0.74071854 0.042783245 17
0.00035558455 0.74489045 0.038608655 11
-0.037441567 0.73694474 0.034485638 11
-0.071341626 0.73310101 0.031355605 12
0.0094704498 0.74012846 0.041679882 17
-0.02359543 0.7433008 0.03751139 11
-0.058470916 0.73843306 0.034383085 11
-0.09430214 0.73154765 0.032262608 12
-0.014476423 0.73853272 0.039582632 16
-0.047526751 0.74071741 0.037420191 11
-0.079524577 0.74092102 0.034274388 10
-0.11433175 0.73306018 0.032164387 11
-0.040378295 0.73489493 0.038488816 15
-0.066674039 0.74724674 0.036295779 11
-0.10055392 0.74240929 0.034171786 10
-0.13536571 0.73455465 0.033061728 11
-0.060447764 0.73839492 0.036378417 15
-0.090552114 0.7426579 0.035216801 10
-0.12348598 0.73985034 0.034084879 9
-0.15254198 0.74213827 0.032939877 11
-0.086276703 0.73175824 0.035302904 14
-0.11255227 0.74311626 0.034115944 10
-0.14541782 0.73731548 0.034002338 8
-0.17262483 0.74565631 0.033829313 11
-0.10439532 0.73730618 0.03318898 14
-0.13163124 0.74665266 0.034009807 10
-0.16542313 0.73782855 0.033910166 8
-0.19263059 0.74616939 0.033737119 11
-0.12534711 0.73578942 0.032104723 14
-0.15165623 0.74815923 0.032911547 10
-0.1845264 0.74236465 0.03379786 8
-0.21264051 0.74668837 0.034644879 11
-0.146348 0.73627204 0.031008182 13
-0.17263281 0.74764228 0.031821113 10
-0.20543419 0.73885447 0.03372575 7
-0.23076789 0.75224835 0.034530815 12
-0.16539755 0.73880279 0.029908152 12
-0.19171131 0.75117868 0.03171492 10
-0.22441591 0.73839211 0.033644006 7
-0.24975374 0.75179201 0.035449035 11
-0.18252519 0.74438709 0.029798483 12
-0.21071224 0.75170994 0.030627104 9
-0.24154355 0.74397653 0.033534296 8
-0.27154019 0.74325925 0.035403062 10
-0.20435102 0.73784167 0.027740363 11
-0.22971827 0.75224733 0.03053922 9
-0.25967091 0.74953663 0.033420186 8
-0.28681883 0.7548964 0.036265343 12
-0.22244994 0.74239606 0.02663241 10
-0.24964648 0.74975532 0.02946532 9
-0.27865216 0.74907434 0.033338387 9
-0.30489758 0.75845718 0.036163434 12
-0.24047594 0.74395138 0.025542796 11
-0.26957884 0.74726927 0.029391373 8
-0.29756093 0.74561298 0.033274919 7
-0.32649416 0.74193299 0.037166309 10
-0.25942823 0.74248338 0.02446714 12
-0.28765759 0.75082999 0.029289462 9
-0.31744054 0.74112159 0.032213185 7
-0.34452477 0.74349445 0.037076585 10
-0.27840534 0.74201506 0.023385335 12
-0.30478108 0.75640839 0.028179703 9
-0.33284074 0.75775731 0.033044823 10
-0.36260813 0.74706125 0.037974581 10
-0.29736441 0.74254471 0.022302417 12
-0.3245014 0.74692297 0.028153488 7
-0.35170716 0.75429428 0.032986227 9
-0.37894139 0.76267123 0.038812816 12
-0.31531745 0.74110109 0.021231038 9
-0.34335741 0.74145633 0.027102159 8
-0.37051409 0.74682826 0.031947125 9
-0.39772862 0.75421154 0.03877978 12
-0.33075657 0.75972414 0.020050494 13
-0.3605575 0.75003994 0.02697395 8
-0.3893013 0.73836851 0.031914074 7
-0.41558903 0.74877512 0.038732763 10
-0.34956396 0.75225812 0.019011375 13
-0.37780207 0.76061684 0.025833512 10
-0.40648219 0.74595845 0.032791905 8
-0.43362379 0.75034273 0.039642882 10
-0.36934629 0.7437681 0.01797395 12
-0.39573541 0.75817955 0.02576814 10
-0.42368275 0.75454199 0.032663636 9
-0.45075604 0.75593323 0.040532917 12
-0.3871778 0.73732615 0.016933061 10
-0.41449419 0.74871421 0.024741182 8
-0.44227597 0.73808485 0.032679435 7
-0.46859261 0.74949729 0.040491931 10
-0.40430081 0.74290466 0.015823171 12
-0.43242708 0.74627692 0.024675768 8
-0.45950082 0.74766815 0.032545011 8
-0.4856033 0.75008947 0.041412499 10
-0.42230245 0.74346042 0.01473942 12
-0.44972026 0.75885332 0.023523033 9
-0.47748232 0.74723035 0.032467324 9
-0.50353664 0.74765217 0.041347023 8
-0.4402312 0.74101722 0.013674007 11
-0.46750775 0.75041795 0.023494259 8
-0.49351344 0.74884045 0.032386176 8
-0.52166867 0.75321847 0.04223258 11
-0.45718449 0.7395981 0.012606844 12
-0.48460692 0.7549969 0.022390395 9
-0.51166511 0.75540048 0.032265648 9
-0.53977633 0.75778514 0.043124236 11
-0.47513756 0.73815447 0.011535269 12
-0.50239438 0.74656153 0.022361575 6
-0.52967095 0.75596231 0.032181788 8
-0.55539459 0.74240071 0.043146957 7
-0.49213946 0.73873478 0.010455836 12
-0.52049285 0.75111622 0.021253284 8
-0.54636192 0.74355263 0.032181766 6
-0.57450205 0.74694306 0.044034168 9
-0.5092625 0.7443133 0.0093458258 12
-0.53849912 0.75167817 0.021169387 8
-0.56434387 0.74311489 0.032103963 6
-0.5925808 0.75050402 0.043931909 8
-0.52721554 0.74286991 0.0082741836 9
-0.55526257 0.74226749 0.021151002 6
-0.58237398 0.74467641 0.032013923 7
-0.60937315 0.74209899 0.044907343 7
-0.5450713 0.73742765 0.0072269724 8
-0.57219154 0.73984867 0.020089831 6
-0.59918654 0.73726517 0.031983256 8
-0.62733078 0.74066168 0.04483559 11
-0.5619517 0.73300952 0.0061780191 9
-0.59124619 0.74238569 0.019989248 8
-0.61719233 0.73782712 0.031899288 9
-0.64751089 0.74817872 0.045699984 9
-0.58000147 0.73556471 0.0050818729 9
-0.60922307 0.74194199 0.018911416 7
-0.63731915 0.743339 0.031775933 9
-0.66552126 0.74874675 0.046615943 8
-0.59907585 0.73909551 0.0039751823 10
-0.62720501 0.74150419 0.018833525 7
-0.6531558 0.73695177 0.031743493 9
-0.68555087 0.75025988 0.046516996 9
-0.61695594 0.73465306 0.0029217573 12
-0.6450851 0.7370618 0.017780084 8
-0.67540365 0.7474134 0.031580739 9
-0.70675504 0.75875252 0.047370818 9
-0.6360541 0.73918343 0.0018089205 11
-0.66523629 0.74357337 0.017650574 8
-0.69553465 0.7529313 0.0324573 10
-0.72681355 0.7612713 0.048265688 13
-0.65500689 0.73771578 0.00073271757 11
-0.68533421 0.7480796 0.016533297 9
-0.7144677 0.75046998 0.032387145 10
-0.7510407 0.77069074 0.049100157 11
-0.6751048 0.74222201 -0.00038456472 12
-0.70536375 0.7495926 0.016434301 9
-0.73549706 0.75195879 0.032283723 10
-0.77100199 0.76921088 0.050019421 14
-0.69303352 0.739779 -0.0014502906 13
-0.72536951 0.7501061 0.016341379 9
-0.75447875 0.75149691 0.032201298 11
-0.78566915 0.75585014 0.05003402 9
-0.71410686 0.74326122 -0.0025659166 13
-0.74853909 0.75753856 0.015192498 11
-0.77655643 0.75496089 0.032081202 11
-0.80877554 0.76029551 0.050903361 13
-0.73547697 0.74969745 -0.0036275003 14
-0.76764786 0.7530331 0.015205783 11
-0.79673833 0.75343043 0.032070693 11
-0.83213145 0.76569647 0.051835813 14
-0.75964165 0.75710022 -0.0057814936 15
-0.7876004 0.75154173 0.014124279 10
-0.8198396 0.75787044 0.031939298 11
-0.85518914 0.768143 0.052716542 10
-0.77638125 0.74669045 -0.00579492 14
-0.8075332 0.74905658 0.014048816 10
-0.84287298 0.75931722 0.032826107 11
-0.87402958 0.76168942 0.053669795 8
-0.797333 0.74517483 -0.0068808878 14
-0.83372581 0.75741655 0.012879746 10
-0.86380553 0.75680792 0.032746151 11
-0.90220708 0.76901305 0.054497823 9
-0.82037681 0.74760342 -0.0090000862 14
-0.85568237 0.75588256 0.012789252 11
-0.88993031 0.76217484 0.032595258 10
-0.91999453 0.76057839 0.054467671 8
-0.84340101 0.7490384 -0.010113263 14
-0.87553763 0.75039262 0.011731992 9
-0.91393453 0.76259178 0.03248366 11
-0.9481523 0.76690841 0.056301694 10
-0.86640084 0.74947363 -0.01122037 13
-0.90475374 0.75967938 0.010543424 10
-0.93272221 0.75413281 0.032449022 11
-0.97108436 0.76435071 0.056212734 11
-0.88830423 0.74593437 -0.01229873 11
-0.92144519 0.74727041 0.010542007 8
-0.96291834 0.76240182 0.032262009 14
-0.99916917 0.7676816 0.05806496 9
-0.91332322 0.74731499 -0.014420848 12
-0.9485454 0.75161332 0.010392664 12
-0.98580641 0.75785059 0.033185158 13
-1.0261767 0.7680319 0.058939885 9
-0.93932229 0.74767739 -0.015541386 15
-0.98178476 0.76180285 0.0091801323 13
-1.0118101 0.75821918 0.033064544 9
-1.0583289 0.77425879 0.059756029 10
-0.9653452 0.74903965 -0.016668033 17
-1.0025668 0.75328958 0.008136536 10
-1.0387892 0.75756365 0.032945532 13
-1.08836 0.77553606 0.060611453 10
-0.99029177 0.74742115 -0.018771991 15
-1.0295459 0.75263417 0.0080175148 10
-1.0719116 0.76276088 0.032763302 12
-1.1266115 0.78562212 0.062376481 11
-1.0193138 0.74871069 -0.019912049 16
-1.0606161 0.75587451 0.0068563656 10
-1.1050143 0.76696438 0.033587094 13
-1.1627377 0.79075247 0.063180804 12
-1.0472834 0.74801904 -0.022035498 19
-1.0916377 0.75711548 0.0057073492 10
-1.1318724 0.76131052 0.033498395 14
-1.192672 0.78803104 0.06406045 12
-1.0793291 0.7502355 -0.023195062 19
-1.1195685 0.75443655 0.0055959369 10
-1.1731381 0.77231175 0.033243954 15
-1.2266823 0.78821743 0.065903984 12
-1.1123699 0.75242174 -0.025359085 18
-1.1628529 0.76638287 0.0043265382 11
-1.2061152 0.77151084 0.033098064 15
-1.2637359 0.79032463 0.066721976 13
-1.1433382 0.75165737 -0.027495988 18
-1.1917329 0.7616744 0.0032225493 11
-1.2401032 0.77069175 0.03394717 15
-1.2986826 0.78748786 0.068578511 13
-1.1834867 0.75767267 -0.029716572 19
-1.2277417 0.76179469 0.002056228 12
-1.2781157 0.77076948 0.033771921 12
-1.3397717 0.79049778 0.069371633 13
-1.2194909 0.75778699 -0.031882867 14
-1.2606344 0.7569952 0.0019336483 12
-1.3110088 0.76597005 0.033649337 13
-1.3787451 0.78856379 0.071204029 13
-1.2544271 0.7549324 -0.033026487 16
-1.294547 0.75316519 0.00080055831 12
-1.3510253 0.76600504 0.03446516 13
-1.4329799 0.79726237 0.072902769 10
-1.2852386 0.74717045 -0.035121866 13
-1.3325067 0.75123757 -0.00036250614 12
-1.3909649 0.76303524 0.034299243 13
-1.4718802 0.79232925 0.074753419 11
-1.328289 0.74911433 -0.037331484 17
-1.3734651 0.749237 -0.0015389144 12
-1.4329281 0.76101637 0.034118347 13
-1.5198992 0.79217625 0.076533593 11
-1.3630995 0.74125534 -0.039444674 14
-1.4113568 0.74431634 -0.0016837607 12
-1.4778947 0.75893086 0.034924068 13
-1.5729651 0.79390121 0.078279346 12
-1.4060775 0.74020004 -0.041636046 15
-1.4603856 0.74512076 -0.0029140285 13
-1.5340229 0.76357019 0.034638282 11
-1.6269822 0.79360265 0.080032811 12
-1.4552755 0.73999965 -0.04387306 16
-1.5085366 0.74295127 -0.0041337889 12
-1.5821311 0.759413 0.0354314 11
-1.7004278 0.80284601 0.082630433 13
-1.5082812 0.74069488 -0.047119804 11
-1.5635463 0.74360389 -0.0063894801 11
-1.6370772 0.75707853 0.035193864 12
-1.7746243 0.81006533 0.085247464 13
-1.5591905 0.73743975 -0.050333366 12
-1.6205357 0.74321425 -0.0076480624 11
-1.6970751 0.75662804 0.035921842 12
-1.8426533 0.81043237 0.087933674 64
-1.6151229 0.7350632 -0.053575311 12
-1.6733813 0.73692352 -0.0088524343 12
-1.7640905 0.75700146 0.035612576 13
-1.9379696 0.82214642 0.091426745 37
-1.6750538 0.73258948 -0.056835093 13
-1.7251543 0.72765821 -0.010034165 12
-1.8401805 0.76016164 0.03624494 13
-2.0291414 0.82795966 0.094973996 8
-1.7278461 0.72429359 -0.059027366 13
-1.8083249 0.73462927 -0.012457187 12
-1.913126 0.7573964 0.036927063 77
-7.243464 3.4176123 0.29856202 24
-1.8099308 0.72827196 -0.064427644 14
-1.8812612 0.73185217 -0.013775033 72
-2.0042112 0.76019263 0.037492562 77
-7.264071 3.2370517 0.29754439 16
-1.8858523 0.7254042 -0.068758778 69
-1.965238 0.73080164 -0.016154023 69
-2.1032941 0.76279473 0.038022369 102
-7.256516 3.050173 0.2966938 6
-1.9728186 0.72426891 -0.073151082 64
-2.0562124 0.7295813 -0.018564241 70
-2.2204688 0.76895899 0.038447667 103
-7.2753181 2.8776586 0.29563615 1
-2.0617073 0.7200802 -0.078534134 68
-2.1440187 0.72143602 -0.020918649 73
-2.3274038 0.765369 0.038978152 110
-11.622907 4.4247732 0.461422 89
-2.1545222 0.71279538 -0.083916821 52
-2.2428694 0.71502316 -0.023334261 72
-2.4604762 0.76714641 0.039356343 117
-11.622964 4.1396723 0.45912069 90
-2.2573581 0.70626765 -0.089350201 41
-2.3719008 0.71587408 -0.026932117 66
-2.603497 0.76668185 0.039702047 120
-11.63927 3.8641915 0.45868716 83
-2.3943441 0.70590091 -0.096977517 38
-2.5118556 0.71345907 -0.03056081 65
-2.7786343 0.77044529 0.040874738 122
-7.2823949 2.1832476 0.29074317 6
-2.5392749 0.70333475 -0.1056284 38
-2.6657822 0.70970476 -0.034245901 100
-2.9515493 0.76525432 0.041110888 58
-7.2743025 2.0153871 0.28978068 6
-2.6930811 0.69555199 -0.11428913 43
-2.8356509 0.70355695 -0.038990207 97
-3.1665773 0.7640487 0.042129442 11
-7.2974706 1.8577769 0.28961313 3
-2.8738949 0.68810183 -0.12507626 73
-3.0304878 0.69580317 -0.043839939 134
-3.5122488 0.78768629 0.043398708 22
-7.2874022 1.6909583 0.2876538 2
-3.0776832 0.6790939 -0.13595982 83
-3.2613671 0.68916881 -0.049862105 133
-8.2964468 1.8451792 0.062086917 1
-7.3016109 1.5345644 0.28752235 1
-10.861878 2.0952439 0.417808 29
-0.81807184 0.030758256 0.045306429 3
-0.79585874 0.028101886 0.013423518 1
-0.81668454 0.014787513 0.045408174 3
-0.8397367 0.015030848 0.011286389 4
-6.0465665 0.20598046 -0.29875919 21
-0.83046186 -0.0015427721 0.0454305 4
-5.9712133 0.067815118 -0.29058951 65
-0.81782544 -0.020443561 0.012602483 3
-0.8353588 -0.038875371 0.012633831 4
-0.81324834 -0.048147753 0.044793196 3
-0.83387381 -0.057845786 0.01275569 4
-0.81283551 -0.064143404 0.044892367 3
-0.79757792 -0.068957157 0.014990595 3
-2.469281 -0.60914296 0.09753681 4
-2.3099871 -0.631257 -0.061603233 67
-2.3470941 -0.63684267 -0.0097390134 15
-2.4368453 -0.65770996 0.041974384 12
-2.4611635 -0.65496475 0.096847735 73
-2.1551194 -0.62544894 -0.052925579 53
-2.187258 -0.62893784 -0.0050511686 64
-2.2947869 -0.65826923 0.041630894 63
-2.4559965 -0.70285869 0.096157476 75
-2.02424 -0.6202293 -0.045354769 64
-2.0464118 -0.62150007 -0.0014478738 61
-2.1201701 -0.64003944 0.040324882 68
-2.3526461 -0.71537876 0.092707343 110
-1.8934821 -0.61001116 -0.037814356 65
-1.9156789 -0.60931236 0.0010805259 60
-1.9913257 -0.631917 0.039868794 79
-2.1354995 -0.67614764 0.085471302 112
-1.7827083 -0.60029024 -0.032362897 13
-1.805847 -0.60162705 0.0045397431 60
-1.8616517 -0.61677247 0.039374579 67
-1.9809554 -0.6544283 0.080052041 96
-1.6957576 -0.59814948 -0.026975732 11
-1.7129574 -0.59635955 0.0069354568 10
-1.7637981 -0.60940218 0.038780481 12
-1.8582605 -0.63947749 0.075526781 88
-1.6138738 -0.59313691 -0.022629045 10
-1.6399359 -0.5965817 0.0082725687 10
-1.6838422 -0.60646737 0.03813057 11
-1.7436169 -0.62271547 0.071953714 12
-1.5468885 -0.59248704 -0.018324807 9
-1.5739363 -0.59597403 0.0095724436 8
-1.6108596 -0.60470212 0.037455581 10
-1.6636709 -0.61879885 0.068297811 11
-1.4879016 -0.59303683 -0.015050845 2
-1.5139418 -0.59650552 0.011851 6
-1.538027 -0.59793234 0.037749603 8
-1.5927725 -0.61409497 0.065595306 10
-1.4549524 -0.59506804 0.013113883 3
-1.4908545 -0.60379571 0.037001695 6
-1.5248682 -0.60845822 0.063873991 9
-1.4319339 -0.59936517 0.037246402 1
-1.4777441 -0.61232829 0.062113881 5
-1.4267259 -0.61210245 0.060347069 1
-1.0164762 -0.56936741 0.023977159 0
-0.85049337 -0.52436399 0.018471444 8
-0.85716426 -0.53948146 0.026531277 7
-0.8663438 -0.53365386 0.034454495 3
-0.82414669 -0.53871655 0.02067836 10
-0.85558814 -0.52435994 0.0394486 8
-0.81627834 -0.53448188 0.027689448 8
-0.83220416 -0.53883308 0.033642374 8
-0.85500193 -0.54835844 0.03859457 10
-0.78716242 -0.53781289 0.02184305 9
-0.8243944 -0.53161722 0.037635315 9
-0.782269 -0.53465068 0.028846869 7
-0.79526389 -0.53593594 0.033794932 8
-0.75223088 -0.53495228 0.023986641 9
-0.78844929 -0.52875036 0.036783438 9
-0.74827933 -0.5338257 0.02899823 8
-0.76129395 -0.53411728 0.032940239 8
-0.71454233 -0.52202213 0.026082784 9
-0.75354791 -0.52391434 0.034914982 9
-0.71443969 -0.52699667 0.030113073 7
-0.72644997 -0.5272699 0.033059563 7
-0.68645847 -0.52533549 0.027231731 9
-0.72260565 -0.52116275 0.035040829 8
-0.68164384 -0.51819843 0.030211331 7
-0.69745392 -0.52657223 0.032188702 5
-0.65469122 -0.51555586 0.028319428 7
-0.69643492 -0.5275417 0.033199199 7
-0.65365672 -0.5175131 0.031335957 6
-0.67321897 -0.53598678 0.032356355 6
-0.62860686 -0.5189178 0.029459471 7
-0.66651207 -0.52382064 0.032314543 7
-0.63134837 -0.5299753 0.03151295 6
-0.64424723 -0.53428942 0.031479407 6
-0.60357499 -0.52029872 0.03158287 8
-0.64236933 -0.52924246 0.031457901 8
-0.60433209 -0.53031981 0.03163923 6
-0.61354756 -0.521541 0.031544436 6
-0.57575762 -0.5126155 0.032664929 7
-0.61266017 -0.51653022 0.029518537 7
-0.57480651 -0.51059186 0.032657221 6
-0.5875994 -0.51891679 0.030648049 5
-0.55345386 -0.52507168 0.033841893 7
-0.58854175 -0.52095234 0.028655812 6
-0.55247384 -0.52405369 0.032840297 6
-0.56529099 -0.53137887 0.030825049 6
-0.5284903 -0.52345943 0.034947079 7
-0.56527716 -0.53139681 0.027825134 7
-0.52757859 -0.51944834 0.032927264 6
-0.53946388 -0.52375621 0.029898256 6
-0.50374508 -0.51285005 0.035997532 7
-0.53869289 -0.513753 0.026841974 7
-0.50361013 -0.51786637 0.033028025 5
-0.51544726 -0.52417356 0.030011173 5
-0.48136377 -0.52831119 0.036192771 7
-0.51537555 -0.52620274 0.025023481 7
-0.48044744 -0.52430612 0.033172984 6
-0.49230424 -0.52961957 0.02915008 5
-0.45746827 -0.5237301 0.03627529 7
-0.49147543 -0.52162772 0.024106024 7
-0.45662439 -0.51672602 0.03323726 6
-0.46757823 -0.51801646 0.029194489 5
-0.43457666 -0.5191673 0.037353333 7
-0.46752205 -0.51905793 0.022200763 7
