# .PCD v0.7 - Point Cloud Data file format
VERSION 0.7
FIELDS x y z intensity
SIZE 4 4 4 4
TYPE F F F F
COUNT 1 1 1 1
WIDTH 17272
HEIGHT 1
VIEWPOINT 0 0 0 1 0 0 0
POINTS 17272
DATA ascii
-1.9808319 -2.6245372 -0.11954994 5
-2.1835432 -2.9713161 -0.11732908 6
-2.4089236 -3.3251634 -0.11364793 8
-1.7613237 -2.3625314 -0.12039696 7
-1.9069961 -2.6189022 -0.11810513 5
-2.0917175 -2.9431498 -0.11719682 6
-2.2833934 -3.2437093 -0.11506571 7
-1.7015392 -2.3687277 -0.11768976 4
-1.8374252 -2.6159072 -0.11757806 5
-1.9935523 -2.8884337 -0.1161154 6
-2.1558537 -3.1393447 -0.11545349 7
-1.6437225 -2.3857927 -0.11597522 4
-1.7634404 -2.5972373 -0.11509497 5
-1.8956919 -2.8256612 -0.11500188 6
-2.0380564 -3.0431685 -0.11565944 6
-1.5934806 -2.4202657 -0.11615492 9
-1.6903868 -2.5774817 -0.1135888 5
-1.7974231 -2.7468646 -0.11284603 5
-1.9222752 -2.9357774 -0.11478652 6
-1.5108695 -2.3381104 -0.10865337 46
-1.5868253 -2.4389255 -0.10635518 36
-1.7085271 -2.6833141 -0.11153886 5
-1.8096137 -2.8180778 -0.11381432 5
-1.4048545 -2.1265011 -0.095239215 94
-1.4767585 -2.2377012 -0.096060865 146
-1.5635509 -2.392776 -0.098704845 119
-1.6889734 -2.6438608 -0.10983226 6
-1.3246995 -1.9919385 -0.086518794 66
-1.3835963 -2.0691366 -0.086509675 83
-1.4551731 -2.1873877 -0.090361446 111
-1.550684 -2.3718097 -0.099914536 130
-1.2588284 -1.894277 -0.079611175 75
-1.312269 -1.9659234 -0.081701159 71
-1.3722017 -2.0540679 -0.08570566 84
-1.4451188 -2.1752083 -0.093539178 110
-1.2007699 -1.8170152 -0.073601775 63
-1.2495562 -1.8810338 -0.076766998 75
-1.3026695 -1.959731 -0.081887081 77
-1.3649389 -2.050679 -0.089851812 87
-1.1481452 -1.7442995 -0.068491109 64
-1.1925365 -1.8036795 -0.072735503 67
-1.2411684 -1.8767415 -0.078933448 73
-1.2983271 -1.9661225 -0.089002542 71
-1.0995672 -1.6832768 -0.064331375 57
-1.1401273 -1.73295 -0.069626868 66
-1.1853602 -1.8012867 -0.076882511 74
-1.2366743 -1.8811371 -0.087045915 74
-1.055859 -1.6318674 -0.061098527 65
-1.0929987 -1.6768191 -0.066451885 58
-1.1343141 -1.7344528 -0.074757315 65
-1.1830283 -1.8185413 -0.086990044 72
-1.0135167 -1.5733148 -0.056813564 72
-1.0497894 -1.6193428 -0.064189315 64
-1.0876603 -1.6832967 -0.073588371 64
-1.1309211 -1.7507939 -0.085884698 67
-0.97504812 -1.5244627 -0.053476997 73
-1.0085268 -1.5727389 -0.061919618 62
-1.0448833 -1.6308017 -0.071332306 65
-1.0845481 -1.7026231 -0.085719414 62
-0.97016597 -1.5248795 -0.059584048 62
-1.003836 -1.5861834 -0.071064733 66
-1.0419863 -1.6521143 -0.085465468 62
-0.96450061 -1.5384078 -0.069750339 64
-0.99985689 -1.6065867 -0.08521799 65
-0.89922392 -1.437692 -0.055816818 57
-0.96114767 -1.5657812 -0.084912591 59
-0.92445177 -1.5247993 -0.085563876 65
-0.8557387 -1.4394218 -0.084755227 56
0.44956562 -0.80186594 -0.082475759 62
0.54178905 -0.81387132 -0.088477567 53
0.50909758 -0.74185485 -0.032535408 77
0.61922091 -0.8115465 -0.093117952 38
0.60662448 -0.75131273 -0.035641048 78
0.65078634 -0.78316557 -0.094697326 24
0.71419787 -0.76063788 -0.038960099 79
0.65261942 -0.73915952 -0.094593003 14
0.83562958 -0.77216822 -0.042581223 96
0.66796488 -0.70134401 -0.094796166 9
0.97297651 -0.78507668 -0.047545761 104
0.67542827 -0.66184115 -0.094826072 8
1.1012483 -0.7871623 -0.051281851 116
0.67418641 -0.61857218 -0.09465836 7
1.2600305 -0.79590595 -0.056689035 149
0.68654364 -0.58049703 -0.094796814 7
1.4165151 -0.79642093 -0.062020652 108
0.69201505 -0.54082155 -0.094783425 7
1.5921845 -0.79558718 -0.067756101 80
0.71205974 -0.50642306 -0.096097447 7
1.8282529 -0.80600584 -0.075807281 16
0.72548479 -0.46944317 -0.097253069 7
1.7555268 -0.71940213 -0.072976194 7
0.73875135 -0.43245083 -0.097413607 7
1.6981969 -0.64015412 -0.071496792 6
0.74513179 -0.39385772 -0.097422279 7
1.7034687 -0.57938027 -0.072409898 6
0.75547528 -0.35560659 -0.098516546 7
1.7135692 -0.52103418 -0.072433285 6
0.76283056 -0.31709629 -0.099546276 7
1.7306206 -0.46328923 -0.073606633 5
0.79002005 -0.28130949 -0.10100686 8
1.7289201 -0.40191096 -0.074368916 5
0.78154618 -0.24042508 -0.10069156 6
1.7450614 -0.3430835 -0.075519077 5
0.79288536 -0.20226045 -0.10180689 7
1.7531487 -0.28456104 -0.076498643 5
0.79138374 -0.16197999 -0.10164173 7
1.7793366 -0.22560081 -0.077861853 5
0.80967367 -0.12441649 -0.103907 6
1.784435 -0.16681957 -0.078776687 5
0.80908167 -0.085218914 -0.1037645 6
1.8006418 -0.10699207 -0.080924548 5
0.80955076 -0.04510827 -0.10464174 7
1.7588615 -0.045152668 -0.079831265 5
0.82396412 -0.0062059453 -0.1058196 6
1.7670131 0.014369025 -0.081808411 5
0.81341153 0.033854768 -0.10546201 7
1.7873762 0.075843588 -0.084038891 5
0.8319605 0.074407347 -0.1077225 6
1.763417 0.13513631 -0.084332913 5
0.82638818 0.11403674 -0.10747212 7
1.7756599 0.19530544 -0.085394323 6
0.82785296 0.15406087 -0.1083703 7
1.7839838 0.2568199 -0.087367989 6
0.82931757 0.19408552 -0.1092684 7
1.818702 0.32207069 -0.090891123 7
0.82887679 0.23527862 -0.110122 7
1.8747686 0.39048955 -0.094857931 8
0.82735336 0.27556196 -0.11095547 7
1.8072017 0.44452819 -0.094240546 79
0.82175928 0.31519467 -0.11170434 8
1.5713143 0.46597329 -0.08614748 127
0.83567333 0.36016402 -0.11385093 7
1.3497627 0.47914997 -0.078386687 150
0.83728915 0.40218419 -0.11574539 7
1.1366571 0.48557198 -0.070827797 90
0.84507567 0.44567588 -0.11676597 8
0.95313871 0.48942861 -0.063938476 99
0.86300427 0.49431306 -0.12001727 15
0.7937113 0.49019629 -0.058540497 90
0.84935552 0.53363991 -0.12059588 24
0.66366583 0.4944407 -0.054756638 81
0.76583695 0.55291915 -0.11475208 47
0.54126459 0.49400643 -0.050150551 67
0.6127106 0.54409945 -0.10451842 84
0.50035453 0.54278815 -0.096127994 72
-0.60404283 2.513665 -0.19298778 5
-0.65183067 2.6121678 -0.19863938 6
-0.72931004 2.6690776 -0.20280132 5
-0.63150793 2.6264668 -0.19901346 6
-0.70537555 2.7021368 -0.20418505 5
-0.78463978 2.7963402 -0.2081795 5
-0.68971944 2.6736777 -0.20259501 5
-0.76433015 2.7755089 -0.20766285 5
-0.84763283 2.9162381 -0.21341567 6
-0.74838197 2.7038617 -0.20522311 5
-0.82547909 2.8821993 -0.21398233 7
-0.91516417 2.994364 -0.21469288 6
-0.740291 2.528496 -0.19696251 5
-0.81018394 2.7323089 -0.20678949 5
-0.89149278 2.9551785 -0.21730942 8
-0.98481202 3.0475783 -0.2140072 8
-0.79892844 2.5476387 -0.20062852 4
-0.87365419 2.7649164 -0.20930621 5
-0.96011966 2.9972639 -0.21768296 8
-1.0553968 3.0306017 -0.20753501 12
-0.85736358 2.5336349 -0.20140903 4
-0.93768865 2.802592 -0.21179341 5
-1.0304525 3.0194201 -0.21708632 8
-1.1246425 3.0295713 -0.20303813 18
-0.91679484 2.5197167 -0.20216824 4
-1.0031722 2.8353744 -0.21527274 5
-1.1024526 3.0457366 -0.21745381 9
-1.19382 3.0174892 -0.19759986 24
-0.97512358 2.5187511 -0.20393199 4
-1.0734706 2.9057136 -0.22054271 7
-1.1728221 3.0437992 -0.21496311 12
-1.2628242 3.0073996 -0.19216478 30
-1.0332122 2.5087287 -0.20473081 4
-1.1432804 2.9228051 -0.22200088 7
-1.242865 3.0338025 -0.21150601 18
-1.3325002 3.0013845 -0.18770169 31
-1.0900184 2.4785185 -0.2046244 4
-1.2149122 2.9541099 -0.2253727 8
-1.3132558 3.031868 -0.21001463 21
-1.4015044 2.9912939 -0.18226613 32
-1.1467843 2.4603491 -0.20447816 4
-1.2846546 2.9601526 -0.22586875 8
-1.3861164 3.0361712 -0.20844945 22
-1.4730673 2.9984927 -0.17871822 45
-1.2019248 2.438026 -0.20538056 4
-1.3587966 2.9856524 -0.22920616 8
-1.455595 3.0211058 -0.2050207 26
-1.544584 2.9946454 -0.17520817 48
-1.2581939 2.4258385 -0.20622467 4
-1.4340861 3.0092425 -0.23152508 9
-1.5262446 3.0161827 -0.20353313 26
-1.6152562 2.9887152 -0.17072262 45
-1.3156991 2.4227927 -0.20801176 4
-1.5086573 3.0177126 -0.23290959 9
-1.6002741 3.0185788 -0.20194875 30
-1.6860147 2.9817891 -0.16623837 53
-1.3705804 2.4034572 -0.20890906 4
-1.584246 3.0262721 -0.23527214 10
-1.6721789 3.0107524 -0.20044371 33
-1.7617344 2.9873393 -0.16260648 52
-1.4244658 2.3840361 -0.20982769 4
-1.6627829 3.0471311 -0.23753029 12
-1.7487648 3.0183878 -0.19878675 34
-1.8349841 2.9866529 -0.15904792 51
-1.4784373 2.3636191 -0.21074766 4
-1.74045 3.0548658 -0.2398508 15
-1.8234848 3.0128129 -0.19721369 40
-1.9126096 2.9933712 -0.15537098 53
-1.5314991 2.3421187 -0.21169046 4
-1.8155583 3.0453122 -0.24028321 16
-1.9029286 3.022706 -0.19748819 39
-1.9914038 2.9981835 -0.1516753 59
-1.5822421 2.3123858 -0.21170996 4
-1.8936357 3.0480628 -0.24161102 16
-1.984257 3.0337644 -0.19671813 40
-2.0736854 3.0093217 -0.14888401 54
-1.6352175 2.2918813 -0.21265091 4
-1.9786884 3.0634649 -0.24474783 17
-2.0660384 3.039845 -0.19695511 44
-2.158869 3.0217137 -0.14602637 63
-1.6852252 2.2679784 -0.21340097 4
-2.0619988 3.073539 -0.24759367 19
-2.1502526 3.0499833 -0.19576974 45
-2.2456768 3.0360801 -0.14275903 63
-1.7324135 2.2329159 -0.2135032 4
-2.148459 3.0840373 -0.24969824 17
-2.2410674 3.0678825 -0.19675535 47
-2.3366861 3.0509806 -0.14074974 66
-1.7837406 2.2082517 -0.21448141 4
-2.2438226 3.1083589 -0.25456521 18
-2.3314691 3.0787187 -0.19677323 49
-2.4243586 3.0575593 -0.1368394 61
-1.8271821 2.1698518 -0.21367481 4
-2.3362806 3.1193771 -0.25753891 15
-2.4247723 3.0908091 -0.19672421 43
-2.5230775 3.0761378 -0.13465153 76
-1.8706232 2.1314526 -0.21286812 4
-2.4264405 3.1221669 -0.26058951 14
-2.5201752 3.1020796 -0.19763285 50
-2.6124578 3.0748348 -0.13173093 72
-1.9139996 2.0940521 -0.21305951 4
-2.5195887 3.1252141 -0.26357478 12
-2.6116121 3.1009591 -0.19766809 45
-2.6968539 3.0610523 -0.12695891 78
-1.9538015 2.0513222 -0.21234539 4
-2.573962 3.0526395 -0.25964057 8
-2.6954372 3.0831468 -0.19590952 48
-2.7798202 3.0411699 -0.12321871 53
-2.0004175 2.0232961 -0.21241228 4
-2.6340797 2.9956658 -0.25751096 8
-2.7856677 3.0729468 -0.1949745 41
-2.8424087 2.9894223 -0.117017 31
-2.0400138 1.9836209 -0.21266954 4
-2.7170749 2.9768136 -0.25876155 8
-2.8450835 3.011879 -0.19088089 24
-2.8844664 2.9077613 -0.11037319 73
-2.089184 1.9607899 -0.21368437 5
-2.86871 3.0602193 -0.2702238 15
-2.8953562 2.9399364 -0.18604359 60
-2.9019873 2.7958388 -0.10237405 71
-2.1241777 1.9156364 -0.2130857 5
-2.9211044 2.9874585 -0.26734418 18
-2.9204359 2.8336885 -0.17886318 57
-2.9235611 2.6953094 -0.095249288 60
-2.1689632 1.8853859 -0.21422644 5
-2.9581409 2.8942931 -0.26186302 22
-2.9333434 2.7173536 -0.17197505 49
-2.9375117 2.5901072 -0.088296108 81
-2.2100887 1.8508029 -0.21444894 5
-2.9652417 2.7634025 -0.25313494 18
-2.954659 2.6198151 -0.16482714 49
-2.9684243 2.5094607 -0.08188466 72
-2.2312856 1.7904004 -0.21118094 4
-2.9959786 2.6737101 -0.24875855 37
-2.9730074 2.5220215 -0.15874527 51
-2.9815331 2.4142249 -0.075910993 79
-2.2605619 1.7417409 -0.21070939 4
-3.02652 2.5860057 -0.24339442 28
-2.9974861 2.4347954 -0.15351284 56
-3.0017686 2.3296421 -0.070760578 76
-2.2905533 1.6961527 -0.20921864 4
-3.0458851 2.4882991 -0.23830751 32
-3.0069554 2.3352277 -0.14764456 55
-3.0171745 2.2426338 -0.064721934 82
-2.3333468 1.665729 -0.21039869 4
-3.0610726 2.3922386 -0.23229793 35
-3.0233798 2.2483099 -0.1425737 65
-3.0312622 2.1595285 -0.059684273 83
-2.3596144 1.6168083 -0.2089842 4
-3.0788393 2.3014212 -0.22720727 33
-3.0359073 2.1600502 -0.13758647 58
-3.0414517 2.0750821 -0.054733865 75
-2.4005032 1.5852169 -0.21019681 4
-3.0936174 2.210345 -0.22218107 39
-3.0461831 2.0746078 -0.13263743 67
-3.0570998 1.9971311 -0.049643587 68
-2.4015164 1.5140291 -0.20539884 3
-3.1089818 2.1243405 -0.2181247 36
-3.0638449 1.996832 -0.12850335 62
-3.0686769 1.9198309 -0.044638 81
-2.4257269 1.4659357 -0.20502466 3
-3.1118705 2.0312307 -0.21236493 41
-3.0699613 1.9130377 -0.12365013 57
-3.0744689 1.8400246 -0.040785957 75
-2.4553039 1.4253329 -0.2045334 3
-3.1220748 1.9467887 -0.20844397 42
-3.0664375 1.8243927 -0.11803767 78
-3.080065 1.7622069 -0.035941117 83
-2.4783394 1.3791456 -0.20420392 3
-3.1310894 1.8642482 -0.20354214 43
-3.0852444 1.7567554 -0.11487509 74
-3.0948877 1.6942253 -0.032865427 87
-2.5003574 1.3328689 -0.20289674 3
-3.1379607 1.783532 -0.19968066 49
-3.0936768 1.6811928 -0.11096235 76
-3.1057053 1.6258957 -0.028876979 84
-2.529479 1.2921557 -0.20364378 3
-3.1488953 1.70813 -0.19595781 47
-3.0947437 1.6039323 -0.10744953 74
-3.1046984 1.5494596 -0.025400482 87
-2.5447676 1.2422817 -0.20147841 3
-3.1507063 1.6279781 -0.19218214 49
-3.1045916 1.5355178 -0.10446212 66
-3.1132913 1.4839481 -0.022430135 70
-2.5562658 1.1900744 -0.20040248 3
-3.1569803 1.5542333 -0.18828914 49
-3.1124258 1.4669274 -0.10051835 62
-3.1218839 1.4184357 -0.01945989 69
-2.5942507 1.1572272 -0.20169376 3
-3.1631889 1.4814891 -0.18539453 48
-3.1172931 1.398082 -0.097639382 59
-3.1322095 1.3560849 -0.016441828 71
-2.6179423 1.1151098 -0.20132244 3
-3.1633997 1.4082246 -0.1816301 43
-3.1228971 1.3323119 -0.094734266 56
-3.1377273 1.2913107 -0.013535183 71
-2.6398144 1.0708276 -0.20099747 2
-3.170259 1.3395514 -0.17870794 26
-3.1313171 1.2687922 -0.091761224 40
-3.1401727 1.2272786 -0.010690601 69
-2.6597047 1.0263929 -0.20070927 1
-3.168237 1.2691387 -0.17497039 18
-3.1358006 1.2049828 -0.089857392 31
-3.152178 1.1691478 -0.0076024155 61
-2.7074668 0.99746627 -0.20375834 0
-3.1796994 1.2059448 -0.17291129 15
-3.1314559 1.1384094 -0.086148627 26
-3.1641183 1.1120167 -0.0055128769 53
-2.7024512 0.93886304 -0.2010404 0
-3.190069 1.1436403 -0.17088069 15
-3.1414716 1.0800749 -0.084118314 30
-3.1739533 1.0556582 -0.0034856375 70
-2.7165055 0.89189464 -0.19989605 1
-3.2051582 1.0847164 -0.16975412 18
-3.1427674 1.017948 -0.082298316 45
-3.171243 0.99318331 -0.00075245107 73
-2.7469528 0.85337633 -0.20137201 2
-3.2007799 1.0180807 -0.16607068 30
-3.1526823 0.96058226 -0.080277309 64
-3.1654584 0.93144608 0.0019172409 80
-2.7659223 0.80783892 -0.2011176 3
-3.2011662 0.95487154 -0.16426893 43
-3.1663229 0.90655106 -0.078155063 50
-3.179034 0.87841499 0.0030463082 46
-2.769258 0.75693214 -0.19919769 3
-3.2052569 0.89499462 -0.16136111 14
-3.3444743 -0.4703787 0.024004702 63
-2.743253 -0.39865589 -0.17668498 2
-3.4043295 -0.54923445 -0.15301618 33
-3.3396072 -0.53189546 -0.062322453 61
-3.3423047 -0.52677929 0.023774276 68
-3.4077444 -0.6121788 -0.15315443 33
-3.3406847 -0.59102648 -0.062497914 62
-3.3391392 -0.58326691 0.023516839 72
-3.4081709 -0.67538136 -0.15335779 25
-3.3417623 -0.65015793 -0.062670328 67
-3.3423166 -0.6432178 0.022392245 79
-3.4087064 -0.73957562 -0.15454158 17
-3.3461092 -0.71201426 -0.063761868 78
-3.343395 -0.70234746 0.022240175 80
-3.4112988 -0.80459696 -0.1546808 4
-3.3547637 -0.77751458 -0.063772857 70
-3.3539765 -0.76667559 0.021274349 90
-3.3592827 -0.84136367 -0.064866848 45
-3.3520663 -0.82606351 0.021057839 78
-3.3577392 -0.90473384 -0.066089049 24
-3.3596587 -0.89065045 0.020023271 68
-3.3677526 -0.97412974 -0.067120872 14
-3.3621821 -0.95467168 0.018842435 42
-3.3559642 -1.0353762 -0.067599356 3
-3.3670428 -1.0225062 0.017698491 20
-3.3520081 -1.0810223 0.017159624 5
-3.4763079 -1.9744176 -0.093405053 0
-3.476742 -2.0717421 -0.096726328 0
-3.4344103 -1.9882246 -0.0063253925 3
-2.1103668 -1.2745754 -0.13724881 2
-2.7051737 -1.870487 -0.14153343 0
-3.6273444 -2.7743454 -0.12384595 9
-3.5429921 -2.6131742 -0.026079014 8
-2.0952957 -1.3210502 -0.13773003 6
-2.6417181 -1.8920463 -0.13996591 4
-3.6433694 -2.9235134 -0.13000393 21
-3.5612941 -2.7541163 -0.031152522 30
-2.068126 -1.3555239 -0.13741253 6
-2.5890865 -1.9227046 -0.13817221 4
-3.6567307 -3.0769277 -0.13521019 33
-3.5803726 -2.9040244 -0.036224645 57
-2.0318241 -1.3777423 -0.13524294 7
-2.5307848 -1.9458236 -0.13647464 5
-3.6858642 -3.2610919 -0.14318304 28
-3.6014166 -3.0648017 -0.042291183 87
-2.0036585 -1.412302 -0.13494159 6
-2.487113 -1.9867438 -0.13652472 6
-3.6753669 -3.4055297 -0.14886905 13
-3.6267638 -3.2402613 -0.049314886 93
-1.9787397 -1.4495918 -0.13457991 6
-2.4332478 -2.0144956 -0.13574857 6
-3.2496467 -3.0158267 -0.12963675 9
-3.6645932 -3.4437475 -0.057177715 106
-1.9404435 -1.4719822 -0.13246876 7
-2.3837953 -2.0468843 -0.134921 6
-3.1311805 -3.0050077 -0.12815812 8
-3.7127388 -3.67344 -0.065953232 103
-1.9099365 -1.5027291 -0.13223602 7
-2.3158607 -2.0517666 -0.13240591 6
-3.014189 -2.9880385 -0.12662703 8
-3.7480211 -3.9052489 -0.07501328 87
-1.8795805 -1.5354719 -0.13100635 7
-2.2665148 -2.0851476 -0.13258936 7
-2.9196622 -2.9982305 -0.12670584 8
-3.7581518 -4.1131377 -0.084532075 103
-1.843468 -1.5596793 -0.12987062 7
-2.2075186 -2.1002955 -0.1309164 7
-2.7908387 -2.949163 -0.12431545 7
-3.7791178 -4.35321 -0.094929621 99
-1.8003166 -1.5724525 -0.12784743 7
-2.1542077 -2.1229804 -0.13014886 8
-2.6741729 -2.913096 -0.12171008 8
-3.8088341 -4.6246443 -0.10625309 63
-1.7725775 -1.6119932 -0.1275841 7
-2.0937843 -2.1332331 -0.12848826 8
-2.5908828 -2.9253247 -0.12255112 7
-3.8341753 -4.9145203 -0.11973031 39
-1.7402507 -1.644905 -0.12739612 7
-2.0368881 -2.1492016 -0.12777117 8
-2.4859776 -2.8972712 -0.1207155 7
-3.3720512 -4.357317 -0.10874084 0
-1.7105197 -1.6846178 -0.12717554 7
-1.9797118 -2.1621847 -0.12604891 8
-2.3945339 -2.8851137 -0.12064506 7
-3.1094255 -4.1080432 -0.10552974 1
-1.6699916 -1.7041883 -0.12611657 7
-1.927511 -2.1857746 -0.12625626 8
-2.2902412 -2.8409474 -0.11873831 6
-2.9086921 -3.9467554 -0.10529216 2
-1.6305459 -1.7246684 -0.12503709 7
-1.8661391 -2.1850681 -0.12457552 8
-2.1951454 -2.8100355 -0.11767893 6
-2.7530565 -3.8538303 -0.10632136 3
-1.5935234 -1.7499577 -0.12392182 7
-1.8108685 -2.1968822 -0.12280639 7
-2.1154559 -2.8058922 -0.11838096 6
-2.6069245 -3.7661037 -0.10816307 3
-1.553254 -1.772517 -0.12286624 7
-1.7489792 -2.1901979 -0.12111466 6
-2.0262504 -2.7734671 -0.11718792 5
-2.4514966 -3.6410427 -0.10807279 7
-1.5127261 -1.7920872 -0.12180547 8
-1.6934713 -2.1990194 -0.12033916 8
-1.9386921 -2.7368839 -0.11594412 5
-2.3091424 -3.5278988 -0.10774152 7
-1.4722841 -1.8126533 -0.12074582 8
-1.6320608 -2.1862707 -0.11861479 6
-1.8542082 -2.7010386 -0.11463591 5
-2.1725061 -3.4112487 -0.10727385 8
-1.4293975 -1.8284138 -0.11872123 8
-1.5775489 -2.1950059 -0.11781626 6
-1.7725402 -2.6629419 -0.11325861 5
-2.0515606 -3.3133142 -0.10753334 7
-1.3908354 -1.8588535 -0.11865468 8
-1.5252879 -2.2065575 -0.11697865 7
-1.6914583 -2.6197746 -0.1128504 5
-1.9287829 -3.1944606 -0.10675795 6
-1.3479701 -1.8746102 -0.11762889 8
-1.4735656 -2.2240829 -0.11714967 10
-1.5669246 -2.4017174 -0.102765 73
-1.6245536 -2.4238672 -0.079606652 90
-1.3067908 -1.8982515 -0.11659372 8
-1.4044462 -2.1578043 -0.11240194 18
-1.4564821 -2.195488 -0.093417428 104
-1.5185122 -2.2553897 -0.07629668 125
-1.2650679 -1.9269565 -0.11658739 9
-1.3285671 -2.0489545 -0.10465015 60
-1.3721474 -2.05826 -0.086748891 76
-1.424355 -2.0969262 -0.07176543 86
-1.2169299 -1.9170756 -0.11358389 13
-1.2599406 -1.9424872 -0.097750731 63
-1.3020241 -1.9569354 -0.082899988 70
-1.3479146 -1.9800854 -0.069998592 88
-1.1624243 -1.8575641 -0.10754386 49
-1.1992565 -1.8463714 -0.091716588 60
-1.2406192 -1.8749303 -0.079930723 71
-1.2870224 -1.9150962 -0.06907773 82
-1.1085364 -1.7709011 -0.09939573 54
-1.1451864 -1.7797925 -0.08764264 61
-1.1839747 -1.8015461 -0.076888643 72
-1.2268288 -1.83499 -0.068088874 75
-1.0609647 -1.6987444 -0.093162462 50
-1.0959891 -1.7117897 -0.082458757 62
-1.1326556 -1.7317166 -0.073744349 68
-1.1739913 -1.7703072 -0.06699539 67
-1.016614 -1.6403596 -0.087907486 55
-1.0520259 -1.6573834 -0.079209864 57
-1.0857258 -1.6775653 -0.071559988 63
-1.1232537 -1.7064443 -0.066859365 66
-0.97536409 -1.571671 -0.081549875 57
-1.0090591 -1.6028911 -0.075938724 60
-1.0434914 -1.631036 -0.070301361 65
-1.0778799 -1.6581776 -0.066662066 61
-0.93809354 -1.5136758 -0.077144153 50
-0.97002882 -1.5590987 -0.072619967 59
-1.0019943 -1.5814315 -0.069015741 59
-1.0367492 -1.6125548 -0.066382796 66
-0.93260723 -1.4991075 -0.069210351 58
-0.96240324 -1.5306584 -0.067684807 57
-0.99581212 -1.5689211 -0.067105867 65
-0.9579283 -1.5260288 -0.066765606 67
0.25447115 -0.77370399 -0.10207414 21
0.28377384 -0.71400654 -0.10249777 17
0.51663125 -0.80244023 -0.077764899 84
0.50391883 -0.741198 -0.029271241 79
0.6197325 -0.81636488 -0.084015779 54
0.31678081 -0.65763831 -0.10401199 16
0.60238355 -0.75171715 -0.031410411 67
0.70888346 -0.81804574 -0.087926127 33
0.69638479 -0.75582802 -0.033432119 70
0.76953119 -0.80120265 -0.091164246 28
0.32206443 -0.58582884 -0.1028806 11
0.82132006 -0.76964271 -0.036086056 80
0.76930904 -0.75401324 -0.089937828 12
0.93931264 -0.77482486 -0.038621884 81
0.77514166 -0.71035486 -0.088913731 8
0.34884757 -0.52791715 -0.10420331 11
1.0674384 -0.77887547 -0.041369691 98
0.78766656 -0.67028427 -0.089044899 8
1.2077755 -0.78097034 -0.04437086 103
0.81766826 -0.63674217 -0.090571232 8
1.3768041 -0.78755075 -0.048999272 129
0.88273138 -0.61526251 -0.093886785 7
1.5571555 -0.79109669 -0.052858178 142
0.86138451 -0.56122613 -0.091246843 7
0.38088223 -0.40220848 -0.10546186 8
1.8203785 -0.81083834 -0.059539463 85
0.86321104 -0.5172196 -0.091135956 7
2.1696548 -0.84504491 -0.068104826 16
0.88552392 -0.48000297 -0.091485105 7
0.40609246 -0.34315878 -0.10679995 10
2.1966527 -0.77711773 -0.06744694 10
0.90989363 -0.44195837 -0.092875317 7
2.0799491 -0.67669326 -0.063613772 7
0.91462183 -0.3992064 -0.0928303 7
0.42549834 -0.28159985 -0.10800532 9
2.1105859 -0.61309588 -0.063048169 6
0.92922449 -0.35831153 -0.093002051 7
2.1215389 -0.54478359 -0.063046731 6
0.94681501 -0.31767532 -0.093238272 7
0.43604696 -0.21827358 -0.10801522 9
2.2086918 -0.48908287 -0.06371256 6
0.97434491 -0.27789614 -0.094689339 7
2.2365775 -0.42223433 -0.064076714 6
0.98015505 -0.2342338 -0.094663754 6
0.44466823 -0.15377502 -0.10897984 7
2.2427218 -0.35149884 -0.06396389 1
0.99083799 -0.19199495 -0.095747083 6
2.2299414 -0.27912754 -0.06344188 1
1.0175437 -0.15013732 -0.097173013 6
0.46413827 -0.091216341 -0.11118232 10
2.3415806 -0.21851493 -0.065611891 5
1.0232674 -0.10747134 -0.097148746 7
2.2919455 -0.1429579 -0.064293124 1
1.0491492 -0.063534357 -0.098549627 6
0.46671769 -0.027200416 -0.11101902 8
2.3352022 -0.072419383 -0.064970896 1
1.0600042 -0.019302702 -0.099629171 6
2.3104677 0.00098546478 -0.064189799 1
1.0639076 0.02552779 -0.099558152 6
0.48237538 0.037695393 -0.11313135 9
2.3728857 0.072880678 -0.066271007 1
1.0869733 0.071715318 -0.10089076 6
2.3693271 0.14746615 -0.065936491 1
1.0849866 0.11805913 -0.10068865 6
2.8334732 0.24687408 -0.078481026 14
1.0999975 0.16393934 -0.10185023 6
2.8943884 0.33596197 -0.079468317 16
1.1212219 0.21229558 -0.10413416 8
2.4534125 0.3760888 -0.068940051 55
1.1032032 0.25801787 -0.10259483 7
0.50907737 0.20602846 -0.11712227 5
2.066474 0.40350902 -0.059598807 150
1.1265912 0.30819434 -0.10491836 7
1.7329128 0.42129472 -0.050428335 150
1.1734703 0.36336863 -0.10872517 7
0.5110684 0.27511546 -0.11792332 14
1.4775181 0.43834966 -0.044926394 133
1.2063394 0.41874835 -0.1112324 9
1.2589128 0.45121929 -0.039222732 105
1.2199602 0.47177511 -0.11233737 9
0.51611197 0.34494445 -0.1197869 12
1.0742379 0.46216166 -0.035248999 81
1.1538852 0.50759435 -0.10880345 9
0.91132545 0.46921387 -0.030752348 79
1.0158244 0.52252936 -0.10080784 66
0.53576791 0.42154184 -0.12293813 18
0.77853179 0.47667539 -0.027896279 75
0.84120053 0.52054775 -0.091091983 104
0.64846778 0.48089001 -0.025109632 76
0.69065428 0.51849216 -0.081889391 83
0.53725713 0.49669623 -0.12470678 20
0.53841114 0.48437858 -0.022751871 73
0.55286318 0.51332814 -0.073969699 82
0.5181573 0.56559867 -0.12505811 30
0.046306103 0.55311877 -0.082036436 10
0.11623348 0.61942601 -0.13130429 4
0.031197319 0.52318895 -0.011804301 23
0.013669361 0.53780991 -0.045386627 11
-0.0068902033 0.55168575 -0.076906443 10
0.042167887 0.60774523 -0.12176453 7
-0.0020607051 0.53309041 -0.012060571 23
-0.030088315 0.54158711 -0.042439885 11
-0.047659758 0.55520475 -0.07402432 9
-0.01639696 0.60175413 -0.11453561 9
-0.056682803 0.52777237 -0.010914746 20
-0.07737226 0.53964847 -0.040438354 10
-0.099122502 0.55061042 -0.068942316 11
-0.071973518 0.59550434 -0.10737122 8
-0.096671343 0.52921951 -0.010057015 20
-0.12056451 0.53835762 -0.037521467 11
-0.13491163 0.55369908 -0.066167794 11
-0.13319778 0.58171147 -0.099112749 9
-0.12510008 0.53669411 -0.0094244368 19
-0.15440424 0.5412811 -0.036789555 13
-0.16762675 0.5575254 -0.063456178 12
-0.17019884 0.58188951 -0.094322123 9
-0.15677546 0.54143775 -0.0087322025 18
-0.18398017 0.54684526 -0.035138931 13
-0.1972888 0.56209368 -0.061807223 11
-0.22124694 0.57023162 -0.088273473 11
-0.18764855 0.5441063 -0.0090646381 18
-0.21372838 0.55041713 -0.033491652 13
-0.2356517 0.55837643 -0.058001474 10
-0.25311688 0.57197589 -0.084586866 10
-0.21460822 0.54842389 -0.0084859394 17
-0.24400024 0.55100328 -0.031854276 12
-0.26590312 0.55895901 -0.055363473 9
-0.28352043 0.57056206 -0.080951706 10
-0.2413895 0.55173981 -0.0079020848 16
-0.27078146 0.55431968 -0.031270381 12
-0.29274938 0.56127483 -0.053781494 9
-0.31456637 0.57022643 -0.077288926 9
-0.27477112 0.54860163 -0.0082003763 16
-0.29979184 0.55481529 -0.029648622 10
-0.31526697 0.56723237 -0.052278981 10
-0.34253803 0.570629 -0.073689155 8
-0.3005566 0.55183154 -0.0076380041 15
-0.32464594 0.55695945 -0.028109761 10
-0.34884274 0.56109428 -0.049582984 10
-0.37401429 0.56531191 -0.070034839 7
-0.32976025 0.55033809 -0.0070193461 14
-0.34411055 0.563658 -0.027669994 10
-0.37045029 0.56596893 -0.048103664 9
-0.38365361 0.58119929 -0.069772221 6
-0.34822902 0.55695105 -0.0066011772 13
-0.37024018 0.56290275 -0.027114339 10
-0.39887366 0.56139368 -0.045512121 9
-0.40980554 0.5794369 -0.066218913 7
-0.37005126 0.55984038 -0.0071247858 13
-0.39976704 0.55742049 -0.025502654 9
-0.4229686 0.56045884 -0.043000031 7
-0.44054392 0.5710445 -0.062591173 8
-0.39959964 0.5543614 -0.0065128426 13
-0.41948986 0.56113034 -0.025067894 8
-0.43271539 0.57535356 -0.043738786 8
-0.4625605 0.57093436 -0.060120516 9
-0.42382312 0.5524376 -0.0060019726 12
-0.44269615 0.5591172 -0.023578843 6
-0.45914665 0.57060575 -0.041190285 8
-0.48117995 0.57555079 -0.058705751 7
-0.4426575 0.55506873 -0.0065902481 10
-0.45692229 0.56837457 -0.023241684 8
-0.48466787 0.56477588 -0.038665056 7
-0.49438873 0.58471835 -0.057390373 9
-0.45913392 0.56150949 -0.0062150289 11
-0.48255095 0.56155163 -0.021717925 8
-0.49341869 0.57958412 -0.039425287 8
-0.51666361 0.58161902 -0.054924719 9
-0.48145148 0.5584172 -0.005748956 11
-0.49686325 0.5698126 -0.021382399 7
-0.50887775 0.58593506 -0.038071804 8
-0.53794247 0.57843363 -0.052480623 8
-0.49137053 0.5713191 -0.006491005 11
-0.51468015 0.5723539 -0.020992344 8
-0.55813909 0.57615852 -0.050056379 8
-0.51260585 0.5691371 -0.0060447226 10
-0.53041881 0.57571948 -0.020643739 7
-0.54805958 0.58429456 -0.035239298 7
-0.57493854 0.57861 -0.048688058 8
-0.5330174 0.56487626 -0.0056234552 10
-0.56514269 0.57971954 -0.01988676 7
-0.58401638 0.5853883 -0.033466056 7
-0.61236501 0.57380491 -0.04490396 6
-0.57793987 0.57879287 -0.0066132373 10
-0.59796035 0.5825516 -0.019174563 6
-0.62286913 0.57568777 -0.029668864 6
-0.63940644 0.58516943 -0.043284416 8
-0.62878609 0.58521104 -0.018505447 6
-0.64768171 0.5898726 -0.029087061 6
-0.66768098 0.59362763 -0.040648539 8
-0.64188433 0.58130217 -0.0072364761 9
-0.66093081 0.58396769 -0.01682175 6
-0.67974055 0.58962524 -0.027401585 5
-0.70404094 0.57768679 -0.035926517 6
-0.67171443 0.58387506 -0.0065888437 8
-0.68942064 0.59043968 -0.016188767 5
-0.70604479 0.5979141 -0.025808554 6
-0.72193712 0.61436272 -0.037412308 8
-0.69834507 0.59321851 -0.0079878606 8
-0.71077573 0.61438328 -0.017648621 6
-0.72828811 0.6229369 -0.026245574 6
-0.75390738 0.60709614 -0.03375617 5
-0.71809709 0.6200183 -0.0094696349 9
-0.7377525 0.62674755 -0.017026998 6
-0.75986713 0.61662644 -0.024592057 4
-0.7731064 0.65191483 -0.035185128 8
-0.74677992 0.62450165 -0.0098398738 8
-0.76634926 0.6322273 -0.017395454 4
-0.77697265 0.67431456 -0.027019845 6
-0.80097198 0.66535783 -0.033540122 3
-0.8112694 0.69736439 -0.035205375 3
-0.77068853 0.64965302 -0.011238344 8
-0.78613555 0.68211734 -0.019793695 5
-0.80527461 0.69482446 -0.027340557 3
-0.56154436 2.9234331 -0.20861687 0
-0.79895693 0.69627297 -0.020468609 4
-0.53192002 2.9328632 -0.17720824 2
-0.6248852 2.980092 -0.20805758 6
-0.79492629 0.68286347 -0.013600956 5
-0.51228911 2.8849418 -0.1467915 2
-0.60262614 2.9148731 -0.17275779 25
-0.69206274 3.00295 -0.20353615 9
-0.8044706 0.72384042 -0.016250322 1
-0.57902253 2.8907049 -0.14634186 4
-0.6692304 2.9216247 -0.17030674 28
-0.7618854 2.9949188 -0.19806826 14
-0.55600458 2.8726184 -0.12489279 9
-0.64657855 2.8985465 -0.14586692 40
-0.73624873 2.9354398 -0.16882148 30
-0.83256227 2.9648755 -0.19066031 20
-0.62111616 2.8862765 -0.12744997 52
-0.71274495 2.8992414 -0.14544712 49
-0.80386335 2.9302325 -0.165391 30
-0.90102881 2.9727886 -0.18616422 27
-0.68763292 2.8950348 -0.12899423 52
-0.78086668 2.9121499 -0.14494157 41
-0.87202859 2.9421368 -0.16288748 36
-0.96999049 2.9747195 -0.18067853 30
-0.75432181 2.9018004 -0.1305418 51
-0.84792781 2.9259715 -0.14545546 46
-0.93988597 2.945986 -0.16041929 40
-1.0384724 2.9705873 -0.17522474 33
-0.82233566 2.916712 -0.13303185 48
-0.91491818 2.928745 -0.14501013 46
-1.0091699 2.9449394 -0.15793794 41
-1.1071972 2.9755106 -0.17073332 39
-0.88928258 2.9204895 -0.13458429 49
-0.98299068 2.930608 -0.14454475 47
-1.0776793 2.9528589 -0.15544087 51
-1.1757652 2.9703815 -0.16528094 39
-0.95716119 2.9253516 -0.13711298 48
-1.0515641 2.9385388 -0.14504693 47
-1.145709 2.9547145 -0.15297565 51
-1.2451783 2.9673357 -0.16080306 44
-1.0264291 2.9373612 -0.13958611 53
-1.1202022 2.9454699 -0.14455093 47
-1.2156661 2.9577429 -0.15146504 48
-1.3139892 2.9712629 -0.15631294 49
-1.0950454 2.9452984 -0.14208761 50
-1.19003 2.9504976 -0.14503637 50
-1.2859093 2.9688234 -0.148919 44
-1.3841403 2.9712913 -0.15180793 49
-1.1648947 2.95033 -0.14357278 47
-1.2605958 2.9585996 -0.14549477 46
-1.3560386 2.9698589 -0.14741154 51
-1.4536182 2.9672449 -0.14633158 56
-1.2355891 2.9574435 -0.14603244 46
-1.3311614 2.9667015 -0.14595303 48
-1.4257528 2.9638298 -0.1449379 52
-1.5246146 2.9693544 -0.14280091 62
-1.3071291 2.9666383 -0.14946659 54
-1.4002666 2.9566097 -0.1455075 46
-1.4975945 2.9680223 -0.14238188 50
-1.5950024 2.9663904 -0.13730086 65
-1.3769289 2.9606242 -0.15099196 45
-1.4743001 2.9710336 -0.14586847 49
-1.5680466 2.9650686 -0.1398811 56
-1.66658 2.9615228 -0.13278227 66
-1.4478667 2.9726374 -0.15418142 48
-1.5433034 2.9698241 -0.14613618 58
-1.6371783 2.9618568 -0.13814332 53
-1.7397876 2.9686947 -0.12890808 58
-1.52107 2.9739439 -0.1565998 54
-1.6157043 2.968045 -0.14558226 55
-1.7135913 2.9714639 -0.13646105 59
-1.8130124 2.9679828 -0.1243313 62
-1.5950114 2.9783249 -0.15899085 46
-1.6913581 2.9755828 -0.14692454 50
-1.7876832 2.9728372 -0.13385841 54
-1.8874053 2.9653649 -0.11973621 59
-1.6700561 2.9818001 -0.16236155 53
-1.7649485 2.9719012 -0.14735189 53
-1.8612306 2.9691479 -0.13228612 61
-1.9691495 2.9824531 -0.11591083 67
-1.7445997 2.9792075 -0.16476484 52
-1.840187 2.9723763 -0.1477284 50
-1.942452 2.9811766 -0.13049094 63
-2.0495896 2.9914 -0.11214312 71
-1.8232846 2.9870117 -0.16804099 53
-1.9232068 2.9875762 -0.14888357 54
-2.0247769 2.9922988 -0.12967539 64
-2.1338422 3.0026829 -0.10828462 74
-1.905459 3.0011404 -0.17221893 52
-2.0055747 2.9987061 -0.15006746 59
-2.1106558 3.0087459 -0.12876362 61
-2.2224724 3.0213702 -0.10430454 69
-1.9882358 3.0082958 -0.17640924 47
-2.0882869 3.0058501 -0.15125836 51
-2.1962056 3.0171332 -0.12688801 68
-2.3149149 3.0423937 -0.10023362 74
-2.0726604 3.0196078 -0.18054865 51
-2.1789527 3.025727 -0.15323141 55
-2.2895582 3.0402501 -0.12679073 72
-2.4070499 3.0553601 -0.096198626 71
-2.1669447 3.044821 -0.18542489 52
-2.2725203 3.0468585 -0.1551372 61
-2.3800237 3.0500672 -0.12580387 62
-2.4995291 3.064342 -0.092170581 76
-2.2616808 3.0650573 -0.19130966 56
-2.3631365 3.0556901 -0.15715133 58
-2.4726319 3.0580597 -0.1237771 70
-2.5914423 3.0682559 -0.088173077 75
-2.3558295 3.0802217 -0.19622517 50
-2.4602087 3.0711019 -0.15900216 58
-2.5655196 3.0630672 -0.12275527 60
-2.6802192 3.0618529 -0.083282314 76
-2.4530823 3.0946279 -0.20108286 56
-2.5524735 3.0730097 -0.16101642 57
-2.6632001 3.0714412 -0.12163248 66
-2.7639308 3.044909 -0.077553622 60
-2.5528116 3.1041846 -0.20591615 50
-2.6450946 3.0709 -0.16204302 61
-2.7490594 3.0536785 -0.11885881 64
-2.8451767 3.021718 -0.071896359 6
-2.647522 3.1022539 -0.21089305 58
-2.7382329 3.0628071 -0.1630729 62
-2.8189375 3.0114565 -0.11551224 44
-2.882149 2.9294667 -0.064441018 72
-2.7424989 3.0973299 -0.21487778 43
-2.8190851 3.0345697 -0.16344602 30
-2.8746901 2.9469287 -0.11155318 60
-2.9033539 2.8218315 -0.057375882 69
-2.8361585 3.0833111 -0.21891163 28
-2.8695495 2.9606164 -0.16061445 74
-2.8934786 2.8320856 -0.10553454 73
-2.9240022 2.7201793 -0.050255377 57
-2.8880355 3.0054345 -0.21800417 40
-2.906713 2.8664062 -0.1570873 71
-2.9163048 2.7286217 -0.099424586 54
-2.9434502 2.6204677 -0.043342225 68
-2.9287925 2.9156277 -0.21673657 70
-2.9169641 2.7448785 -0.15171525 50
-2.9331515 2.6237335 -0.093912885 70
-2.9670758 2.5302179 -0.037631806 64
-2.9531746 2.8053637 -0.2140643 52
-2.9413249 2.646641 -0.14787194 64
-2.9596677 2.5357037 -0.089867637 73
-2.9903235 2.4448981 -0.031529021 69
-2.9644344 2.6848733 -0.20925584 51
-2.9608486 2.5469398 -0.14381322 59
-2.9794829 2.4440429 -0.084747285 80
-3.009779 2.3572021 -0.02536986 67
-2.9915545 2.5908084 -0.20691966 43
-2.986527 2.4577501 -0.14045957 57
-2.9944208 2.3509078 -0.079632886 67
-3.028924 2.2734623 -0.020135516 63
-3.0130265 2.4922225 -0.20368354 49
-2.9988196 2.3603752 -0.13541889 58
-3.0101175 2.2608516 -0.07549756 75
-3.0393612 2.1859591 -0.01510574 71
-3.0358241 2.4017818 -0.20139609 45
-3.0147948 2.2673359 -0.13229087 64
-3.025363 2.1757731 -0.070359185 75
-3.0534155 2.1027877 -0.0090001803 66
-3.0504415 2.3061395 -0.19815539 48
-3.0286999 2.1796737 -0.12806803 60
-3.0324602 2.0855362 -0.06631583 71
-3.0685008 2.024298 -0.0037487077 70
-3.0654125 2.2130756 -0.19516911 49
-3.0411623 2.0924151 -0.12511458 60
-3.054739 2.012172 -0.06210015 72
-3.0848031 1.9504174 0.00033648699 60
-3.0744071 2.1194954 -0.19231337 52
-3.0542767 2.0092278 -0.12213231 64
-3.0581291 1.9251323 -0.058341037 69
-3.0879138 1.8663627 0.0051007192 64
-3.0895998 2.0354831 -0.18928938 50
-3.0615652 1.9235282 -0.11828444 59
-3.0705335 1.8499113 -0.054344792 77
-3.102962 1.7953851 0.0091693876 72
-3.1009154 1.9501356 -0.18735401 52
-3.0723431 1.8441542 -0.11533868 64
-3.0810533 1.7735261 -0.051393684 75
-3.11303 1.7239777 0.013129228 85
-3.1082256 1.8644398 -0.184506 52
-3.077317 1.7622712 -0.11252709 73
-3.0855751 1.6966207 -0.047573406 79
-3.1164479 1.6479788 0.017929293 66
-3.1181149 1.7839873 -0.1825836 50
-3.0895705 1.6890467 -0.10952722 76
-3.0936723 1.6250448 -0.044656992 86
-3.1339035 1.5842371 0.021075824 63
-3.1211827 1.700936 -0.17981744 66
-3.1005917 1.6187284 -0.10754354 69
-3.1065779 1.5558916 -0.041628297 86
-3.138819 1.5143915 0.024930259 62
-3.1334581 1.6277155 -0.17781737 55
-3.1050489 1.5428236 -0.10472146 70
-3.113421 1.487219 -0.038728405 76
-3.1426523 1.4454573 0.028764628 58
-3.141835 1.5531536 -0.17590621 53
-3.1110895 1.4720762 -0.10284672 56
-3.120178 1.4195422 -0.035826799 65
-3.1559513 1.3833631 0.031827547 54
-3.1529636 1.4818431 -0.17492422 48
-3.1151166 1.401152 -0.10001583 59
-3.1249428 1.3516933 -0.032968786 74
-3.164356 1.319844 0.034779787 56
-3.1524408 1.4055085 -0.17221113 41
-3.1238012 1.3346471 -0.098068796 47
-3.1343687 1.2882477 -0.030993948 65
-3.1716647 1.2571959 0.038713481 56
-3.164149 1.3392092 -0.17119648 29
-3.1295142 1.2678106 -0.096183695 38
-3.1378946 1.223224 -0.028148253 58
-3.1837232 1.197926 0.041764576 66
-3.1701205 1.2693753 -0.16931687 18
-3.1350532 1.202957 -0.09429577 25
-3.1471586 1.1617005 -0.026168717 54
-3.1966267 1.1407274 0.043837313 56
-3.1758497 1.2025429 -0.16843447 14
-3.1279573 1.133009 -0.09169466 22
-3.15715 1.1032567 -0.024150286 48
-3.2134795 1.0838679 0.047017355 43
-3.1795564 1.1355143 -0.16657424 15
-3.1429443 1.0750105 -0.090563245 27
-3.1642077 1.0435975 -0.021201968 45
-3.2088397 1.0202183 0.049692106 51
-3.2034619 1.0793468 -0.16726536 20
-3.1452184 1.0129459 -0.088749073 45
-3.1635833 0.98026228 -0.019463746 66
-3.2138312 0.96136081 0.052558031 58
-3.2011671 1.011851 -0.16458143 36
-3.1591179 0.95590591 -0.087754704 67
-3.1704834 0.92264885 -0.017720396 87
-3.2149055 0.90127128 0.055065118 71
-3.2045815 0.94796646 -0.16414328 48
-3.1583672 0.89367354 -0.08641281 35
-3.1471579 0.85445762 -0.01587973 7
-3.1982031 0.88120544 -0.16277306 4
-1.2101285 0.11011289 -0.0045803231 2
-1.2410783 0.10591993 0.0049229898 1
-1.2545453 0.10409365 -0.0077967108 3
-1.2879423 0.09792313 0.0029022743 3
-1.2639464 0.087840766 -0.0086533185 3
-3.2093878 0.38646793 -0.075719595 21
-3.221977 0.33335218 -0.075640336 34
-1.2624338 0.069638066 -0.0077514714 3
-1.2739602 0.06057233 0.0044667698 3
-1.2787211 0.054983616 -0.0084540313 4
-1.2844434 0.043409117 0.0036300931 4
-1.2872982 0.03665185 -0.0093360124 4
-1.2909206 0.025898291 0.0037061486 4
-1.2717545 0.018241925 -0.0087371096 3
-1.2853944 0.0073403092 0.0045325765 3
-1.23674 0.0031515553 -0.0055251555 2
-1.2077307 -0.0023759215 0.0078526679 1
-3.3463342 -0.46422151 -0.071355291 6
-3.3003807 -0.45326146 0.013633468 1
-3.3851447 -0.46818784 0.099401683 1
-3.4205952 -0.54495704 -0.16718301 2
-3.3321717 -0.52163738 -0.070956081 63
-3.3340847 -0.51861268 0.014115439 69
-3.410687 -0.53223664 0.10071506 76
-3.4201767 -0.61024576 -0.1674221 22
-3.3343158 -0.58170193 -0.071113482 59
-3.335129 -0.5777874 0.014946432 72
-3.4045911 -0.59003818 0.1014069 88
-3.4156141 -0.67393452 -0.16771843 19
-3.3366189 -0.64380032 -0.07025709 68
-3.3311124 -0.63641834 0.015680775 75
-3.4067013 -0.65015316 0.10326514 116
-3.4255323 -0.74239564 -0.16872889 9
-3.3442018 -0.70845068 -0.071302474 60
-3.3374853 -0.69917226 0.016616879 76
-3.4047625 -0.70961189 0.10403556 62
-3.3538408 -0.77392781 -0.071312137 58
-3.3501093 -0.76437867 0.016664663 71
-3.4101315 -0.77241993 0.10493076 68
-3.3562677 -0.83844197 -0.071047992 28
-3.3440053 -0.82360142 0.017764183 70
-3.4143963 -0.83574891 0.10625563 63
-3.3548408 -0.9038102 -0.07031557 16
-3.3589671 -0.89257216 0.017835824 58
-3.4293149 -0.90472716 0.10832685 48
-3.3690865 -0.97585195 -0.071270891 4
-3.3574541 -0.95694447 0.018569948 25
-3.4194891 -0.96580201 0.10889421 27
-3.3560271 -1.0223128 0.019302171 14
-3.4389298 -1.0404102 0.11004176 19
-3.3651845 -1.0937922 0.019239487 0
-3.441745 -1.1084238 0.11085558 7
-3.445024 -1.8828716 -0.078874029 0
-3.4504821 -1.9828538 -0.080070801 3
-3.5768826 -2.6454344 -0.09140823 8
-3.5399928 -2.5363958 0.019226052 8
-3.6040611 -2.5260432 0.12565003 6
-3.5934258 -2.79058 -0.093599901 30
-3.5414858 -2.6587713 0.01879026 31
-3.6129375 -2.652822 0.12634665 18
-2.6995163 -2.0054235 -0.14077888 5
-3.6161768 -2.9492714 -0.09673664 66
-3.5589869 -2.8038723 0.01859558 50
-3.6278243 -2.7911277 0.1271203 40
-2.6587551 -2.0571775 -0.13984619 5
-3.6401296 -3.1219108 -0.099909879 114
-3.5771956 -2.9569397 0.017376589 107
-3.6434834 -2.9384005 0.12786795 63
-2.6169116 -2.108021 -0.13893627 5
-3.6671023 -3.3063252 -0.10306587 126
-3.5930774 -3.1182141 0.017087653 106
-3.6532447 -3.0871413 0.1285072 79
-2.5639384 -2.1453524 -0.13588898 5
-3.7089162 -3.5189807 -0.10627625 124
-3.6131365 -3.2895918 0.016531929 118
-3.676043 -3.2562597 0.13003436 92
-2.5106497 -2.1800714 -0.13416171 6
-3.7501357 -3.7512889 -0.11124008 98
-3.6478763 -3.4943626 0.01553043 100
-3.7090337 -3.4531567 0.13202482 86
-2.4795129 -2.2500117 -0.13408731 6
-3.7663376 -3.9616709 -0.11466178 67
-3.6929076 -3.7253449 0.014654232 117
-3.7442467 -3.6639128 0.13301194 90
-2.4289911 -2.2935257 -0.13233304 6
-3.7667379 -4.1633801 -0.11839203 57
-3.7089806 -3.9347384 0.01323365 107
-3.7671626 -3.8717151 0.133745 89
-2.3806331 -2.3388593 -0.13053903 6
-3.7826407 -4.4049015 -0.12293498 49
-3.7115018 -4.1382756 0.011542594 110
-3.7677844 -4.065383 0.13404974 115
-2.3312147 -2.3832798 -0.12976491 6
-3.8122036 -4.6884036 -0.12733799 39
-3.7163963 -4.357667 0.0098442528 122
-3.7635336 -4.2604728 0.13324392 95
-2.2857955 -2.4394007 -0.12794751 6
-3.8193221 -4.9557743 -0.13316558 24
-3.7432141 -4.6333818 0.0084111504 135
-3.7852335 -4.5125456 0.13478807 90
-2.2393157 -2.4946084 -0.12715003 6
-3.8321609 -5.2547727 -0.13798606 7
-3.7590966 -4.9100389 0.0057386351 140
-3.7974458 -4.770453 0.13410585 103
-2.183125 -2.530581 -0.12549102 6
-3.0331655 -4.0340657 -0.098699741 0
-3.7798972 -5.2203979 0.0030481117 120
-3.8208749 -5.0655346 0.1345287 103
-2.1311269 -2.5802445 -0.12379212 6
-2.9609189 -4.1276293 -0.099598281 0
-3.8458846 -5.6473017 0.00090273237 150
-3.8458033 -5.3895946 0.13487723 116
-2.0791504 -2.6299038 -0.12309317 5
-2.8315964 -4.1076913 -0.096308537 1
-3.9041705 -6.100966 -0.002507275 108
-3.9017935 -5.8063278 0.13655455 113
-2.0122311 -2.6467321 -0.11959503 5
-2.7597995 -4.2072525 -0.096204348 1
-3.9719219 -6.6190948 -0.0069052023 104
-3.9457643 -6.2372103 0.13798575 116
-1.9656839 -2.7140141 -0.11980127 5
-2.6442728 -4.209249 -0.094637953 1
-4.0376992 -7.1976604 -0.011512808 104
-3.9893699 -6.7113061 0.13826817 108
-1.9066049 -2.7532716 -0.11718476 5
-2.5187895 -4.1779766 -0.091189086 2
-4.0464339 -7.6978517 -0.016106611 82
-4.0379038 -7.2542205 0.13936417 118
-1.8452753 -2.78969 -0.11559776 5
-2.4149289 -4.2000098 -0.089420341 2
-4.0837193 -8.3340902 -0.022427939 55
-4.0257497 -7.7020159 0.13765496 98
-1.7798048 -2.8133955 -0.11303334 5
-2.306694 -4.2043314 -0.087727934 1
-4.2595816 -9.4410658 -0.031661198 56
-4.0620127 -8.3332548 0.13700919 93
-1.5930198 -2.4110036 -0.091682121 92
-1.6485535 -2.4043086 -0.041495979 109
-4.3289366 -10.397695 -0.040296189 11
-4.2283916 -9.416029 0.13919714 73
-1.4765496 -2.1932337 -0.078466497 84
-1.5369678 -2.2292485 -0.036284864 107
-1.6190169 -2.3296406 0.0051205084 119
-1.7184514 -2.4686816 0.046752404 18
-1.3860813 -2.0424397 -0.069813408 79
-1.4394989 -2.0660002 -0.031743392 82
-1.5060177 -2.1366117 0.0054262727 103
-1.6030248 -2.2929218 0.04193376 150
-1.3138644 -1.9402722 -0.062967397 70
-1.3654293 -1.9649963 -0.027952302 73
-1.4226022 -2.019345 0.0050748377 91
-1.4961609 -2.1124349 0.038309909 115
-1.2499216 -1.8524714 -0.057009734 62
-1.2989298 -1.8814386 -0.026066028 77
-1.3528161 -1.9320674 0.0049021835 90
-1.415693 -2.0050035 0.033978965 96
-1.193187 -1.7781368 -0.051944401 60
-1.2403316 -1.808266 -0.023045469 71
-1.2885282 -1.8503472 0.0048312154 93
-1.3466902 -1.9146538 0.031837106 96
-1.1412317 -1.7124224 -0.047804125 68
-1.1847435 -1.7348319 -0.020954978 72
-1.2310976 -1.7780709 0.0038766726 89
-1.2838922 -1.8378189 0.028783245 101
-1.0941199 -1.6563268 -0.043591946 64
-1.1360229 -1.6828736 -0.018794522 70
-1.1790848 -1.7223642 0.0039789258 84
-1.2263238 -1.7635001 0.025834789 102
-1.0494695 -1.6037923 -0.0404341 69
-1.0893431 -1.6294992 -0.017651789 67
-1.1307516 -1.6610935 0.0041389503 80
-1.1753138 -1.70546 0.023947516 90
-1.0088034 -1.5520868 -0.037047744 72
-1.0463774 -1.5739771 -0.016323164 77
-1.0856907 -1.6157898 0.0033663944 84
-1.1278629 -1.6553447 0.021124402 90
-0.96973383 -1.4962455 -0.032676581 62
-1.006956 -1.5251902 -0.01398505 71
-1.0430689 -1.5642784 0.003648161 86
-1.0831227 -1.6020203 0.019368866 103
-0.9339115 -1.4542168 -0.030276025 13
-0.96844822 -1.4864137 -0.01365189 12
-1.0038093 -1.5165323 0.0029967409 86
-1.0406384 -1.5515393 0.017657699 106
-0.89934582 -1.4151034 -0.02785372 13
-0.9327873 -1.434345 -0.012206395 12
-0.96680003 -1.4716032 0.0023862096 13
-1.0023106 -1.5027078 0.016032426 103
-0.86694437 -1.3778111 -0.025389317 13
-0.89875847 -1.4012064 -0.010792606 12
-0.93145281 -1.4345616 0.0027851856 13
-0.96475399 -1.4628325 0.014391377 14
-0.83741903 -1.3392445 -0.021863705 12
-0.86688548 -1.3698505 -0.009348494 11
-0.89728338 -1.3993709 0.0021903042 12
-0.92986643 -1.4307082 0.01276855 14
-0.8082726 -1.3046235 -0.020354543 12
-0.83659238 -1.3333195 -0.0088568395 11
-0.86501932 -1.3630074 0.0016392145 12
-0.89679921 -1.3964199 0.01119246 13
-0.77970606 -1.2769808 -0.017858725 11
-0.80687934 -1.3037664 -0.0073785274 11
-0.83500516 -1.3294619 0.0011254941 11
-0.86512315 -1.3549858 0.0096724825 12
-0.75409347 -1.237039 -0.015254439 15
-0.77917963 -1.2740372 -0.0068570087 13
-0.80588001 -1.2948372 0.0016349017 14
-0.83439189 -1.3245106 0.0081318822 12
-0.72901738 -1.2030716 -0.013661158 15
-0.75352371 -1.2330915 -0.006250374 13
-0.77876836 -1.2600375 0.0011875479 14
-0.80539519 -1.2908753 0.0066399002 15
-0.70397592 -1.181145 -0.01211188 15
-0.72742152 -1.2102513 -0.0057204729 14
-0.75208622 -1.2302191 0.00073080958 14
-0.77691376 -1.2632172 0.0051366594 15
-0.68097806 -1.1480018 -0.01047748 15
-0.7033416 -1.1761978 -0.0041056764 13
-0.72591943 -1.2063787 0.00026282281 14
-0.75162274 -1.2262535 0.0047360524 14
-0.65847415 -1.12084 -0.0078545557 14
-0.6807943 -1.1480321 -0.0034804193 13
-0.70344484 -1.1671644 -6.9544083e-05 13
-0.72612977 -1.198338 0.0032973085 15
-0.63644224 -1.0986522 -0.0072405473 16
-0.65981001 -1.1147134 -0.0028027841 12
-0.6791631 -1.1421591 0.00050710893 13
-0.7014612 -1.1683441 0.0018838126 15
-0.6136508 -1.0795431 -0.0056538959 14
-0.63547689 -1.1007535 -0.0022682666 12
-0.65624237 -1.1210502 9.7980141e-05 13
-0.67878473 -1.1381786 0.00051331345 14
-0.59350413 -1.0561911 -0.003995256 15
-0.61418378 -1.075491 -0.0016271379 11
-0.63249731 -1.1020193 -0.00033639316 13
-0.65415072 -1.1202259 -0.00094420376 14
-0.57105625 -1.0410668 -0.0024161218 14
-0.59240955 -1.0562921 -0.0010187515 12
-0.6118778 -1.0726817 -0.00066600979 12
-0.63272822 -1.0929635 -0.002298834 13
-0.55264425 -1.0145543 -0.00070884515 13
-0.57074267 -1.0380858 -0.0014120166 11
-0.58782387 -1.0617073 -0.0011369082 12
-0.61228055 -1.0656188 -0.002632193 13
-0.53385848 -0.99509758 -3.5982081e-05 15
-0.54996479 -1.0188013 -0.00078213768 11
-0.56763393 -1.0373513 -0.0014759118 11
-0.58816189 -1.0536442 -0.0041009737 13
-0.51422703 -0.9777236 0.0016114155 17
-0.53265589 -0.99319494 -5.499836e-05 12
-0.54622453 -1.0221339 -0.0018748021 12
-0.56725472 -1.0323589 -0.0054668761 12
-0.4954415 -0.95826691 0.0022842814 0
-0.51378423 -0.97274238 0.00061976694 12
-0.52720243 -0.99968475 -0.0021960633 12
-0.545609 -1.014149 -0.0068598907 12
-0.47763059 -0.93872839 0.0039784284 0
-0.50661772 -0.98238838 -0.0025697134 12
-0.52331114 -1.0000098 -0.0082819415 12
-0.4658691 -0.90762579 0.0048439628 11
-0.4772304 -0.93373972 0.00098725373 0
-0.50767225 -0.97024328 -0.0085040275 12
-0.43526393 -0.91330546 0.0051576709 14
-0.46106845 -0.90906835 0.0017213105 10
-0.46971932 -0.93842518 -0.0032056675 0
-0.41426325 -0.90307242 0.005749057 14
-0.43139443 -0.91463774 0.0020691711 11
-0.45360067 -0.91472173 -0.0034603353 10
-0.46331137 -0.94398129 -0.011365127 0
-0.38960043 -0.8971712 0.0072465828 15
-0.41718224 -0.8897661 0.0018594149 10
-0.43179694 -0.9065634 -0.0038940201 10
-0.44638968 -0.92235255 -0.012644866 11
-0.372069 -0.88061672 0.0079353787 13
-0.38668394 -0.89741397 0.0021819316 11
-0.41231599 -0.89017308 -0.0052477615 10
-0.41832131 -0.92276108 -0.014244081 12
-0.35618666 -0.85990578 0.0086747902 11
-0.36371249 -0.88734835 0.0017305098 11
-0.38951638 -0.88210034 -0.005702978 10
-0.40649652 -0.89065814 -0.014376003 9
-0.32549554 -0.86556447 0.010000831 13
-0.34071982 -0.87728649 0.0022788525 11
-0.36572036 -0.87411273 -0.0061796918 10
-0.37662899 -0.89322704 -0.017021826 7
-0.3052336 -0.85225606 0.010619393 14
-0.3187232 -0.86713856 0.0028486946 11
-0.34448364 -0.86088711 -0.0065823901 10
-0.35094798 -0.8864038 -0.018543242 7
-0.28130934 -0.8432799 0.012144095 15
-0.29484156 -0.85815495 0.0023738486 12
-0.32068786 -0.85289949 -0.0070591308 9
-0.33235627 -0.86893517 -0.018873829 7
-0.25848854 -0.83521092 0.012688621 15
-0.27451494 -0.84384686 0.0019945472 12
-0.30408838 -0.83525968 -0.0073466869 10
-0.30849582 -0.85994786 -0.020348439 7
-0.23547468 -0.82515275 0.014236705 12
-0.25160822 -0.83478141 0.0025409702 12
-0.28196278 -0.82311136 -0.0087725809 10
-0.27919525 -0.857449 -0.022963302 7
-0.20884101 -0.81941849 0.014691358 13
-0.22946149 -0.82263732 0.0021148308 12
-0.25717095 -0.81520981 -0.0092708431 10
-0.25706947 -0.84530121 -0.024389202 8
-0.18474521 -0.80844998 0.016219834 18
-0.19918668 -0.82123166 0.0024758314 12
-0.22782782 -0.81271887 -0.0098861754 10
-0.22766179 -0.84180963 -0.026002426 8
-0.15902194 -0.80163372 0.016697884 18
-0.18059516 -0.80376256 0.0021452268 11
-0.20295025 -0.80382037 -0.010382572 9
-0.20263393 -0.83091545 -0.027494779 11
-0.13393027 -0.79075074 0.018204819 19
-0.15734498 -0.79071134 0.0026992492 11
-0.17337079 -0.79833645 -0.011991981 10
-0.17843026 -0.81794244 -0.028961824 12
-0.10612895 -0.78310972 0.018641733 19
-0.13238154 -0.78081691 0.0022047467 11
-0.13176531 -0.80493015 -0.01290226 12
-0.14967552 -0.81037998 -0.030545959 11
-0.079130754 -0.77339441 0.02010373 18
-0.1044946 -0.7721799 0.002643558 12
-0.10392074 -0.79628569 -0.014462984 13
-0.12267666 -0.79965329 -0.033081133 12
-0.055880804 -0.76034319 0.020657711 15
-0.061785962 -0.77786702 0.0027133976 12
-0.077789664 -0.78448445 -0.014975219 13
-0.078125313 -0.80649686 -0.036055535 9
-0.021428857 -0.75729132 0.021936163 15
-0.030107412 -0.7715615 0.0020625545 13
-0.04884189 -0.77493286 -0.015555809 12
-0.049198963 -0.79694152 -0.037635904 12
0.019823834 -0.75683236 0.023060173 18
0.0017639394 -0.76326692 0.0024152659 13
-0.0068284585 -0.77654076 -0.017456427 13
-0.012668273 -0.79205352 -0.040395778 9
0.052712418 -0.74862748 0.024391126 18
0.031814869 -0.75280869 0.0028148228 13
0.02983024 -0.77066416 -0.018214876 13
0.034304116 -0.79408652 -0.043403774 10
0.087593444 -0.74059391 0.025679039 17
0.077919699 -0.75376719 0.0018297769 14
0.061916675 -0.75937325 -0.019856002 13
0.072023883 -0.7872954 -0.045181621 10
0.13192031 -0.7393958 0.026740348 16
0.11858394 -0.74823719 0.0019850039 14
0.11564674 -0.7650032 -0.02102083 13
0.10707713 -0.77625805 -0.047887091 10
0.17260598 -0.73386955 0.027895322 18
0.15933439 -0.74171031 0.002142098 14
0.15735061 -0.75855494 -0.022884775 10
0.15538901 -0.77439141 -0.050909054 11
0.21918227 -0.72985375 0.028919265 12
0.21342929 -0.74335879 0.0019846286 15
0.2076759 -0.75686324 -0.024950027 11
0.21139063 -0.77619606 -0.05510867 11
0.27413204 -0.72956938 0.030758886 13
0.26170701 -0.73848152 0.0019829425 11
0.25881353 -0.75323224 -0.027017627 11
0.2682046 -0.77606142 -0.059310455 12
0.32295811 -0.72273701 0.031745646 13
0.30195487 -0.72588766 0.0011732678 12
0.30668682 -0.74531031 -0.028006991 12
0.33425337 -0.7777276 -0.06372308 12
0.37769622 -0.71741879 0.033601172 13
0.35565427 -0.72047639 0.0010507881 12
0.36523834 -0.7413165 -0.030238498 12
0.41290751 -0.7844941 -0.06842304 12
0.43832499 -0.71361113 0.035325691 14
0.42969194 -0.72384381 0.0014629525 12
0.44211459 -0.74592596 -0.032892101 12
0.5108403 -0.79994202 -0.075566135 85
0.51554364 -0.71524709 0.036676839 15
0.49625453 -0.72054321 0.0010588155 70
0.52505326 -0.75005347 -0.035672922 74
0.62744111 -0.82000846 -0.083123788 63
0.59876025 -0.71740097 0.038898643 68
0.59582603 -0.73012149 -9.583465e-05 64
0.62845933 -0.76095986 -0.039914869 74
0.72532165 -0.82441097 -0.090224601 25
0.69395113 -0.72058707 0.041861981 75
0.69285929 -0.73446453 -0.00017674926 66
0.73428661 -0.76705623 -0.044190392 80
0.74868226 -0.78627217 -0.091579787 12
0.80971646 -0.72955984 0.044365849 80
0.81053156 -0.74359351 -0.0017149787 70
0.86939579 -0.78269887 -0.049124744 89
0.74412191 -0.73469073 -0.091290332 8
0.92110211 -0.73112905 0.046990555 74
0.92774427 -0.74666208 -0.0022205976 76
1.0051054 -0.79136741 -0.054045845 94
0.74898583 -0.68994051 -0.092227168 7
1.0319208 -0.72763056 0.049646225 84
1.0434796 -0.7435813 -0.0026718106 86
1.1588305 -0.80058265 -0.059352417 109
0.77804399 -0.65530133 -0.094716877 7
1.1578736 -0.72342974 0.052982673 79
1.1741562 -0.7417869 -0.0034458225 86
1.3257412 -0.80791956 -0.06593284 96
0.78002673 -0.60930163 -0.094587423 7
1.2859904 -0.71740723 0.056279834 83
1.3219377 -0.73945707 -0.0045818551 96
1.4835699 -0.80443978 -0.071279362 76
0.78679687 -0.56571949 -0.095569089 7
1.4617041 -0.7184968 0.060538001 90
1.4976312 -0.73953158 -0.0053206626 92
1.600026 -0.78033477 -0.075668409 13
0.78180653 -0.51911962 -0.095288932 7
1.6595249 -0.71948421 0.065326288 101
1.7444416 -0.75275451 -0.0076220832 134
1.5780847 -0.70918924 -0.074935935 7
0.79537743 -0.47812998 -0.096424967 7
1.9837701 -0.74541801 0.073332258 96
2.1806118 -0.80537075 -0.01009959 150
1.5647638 -0.64280111 -0.074404694 5
0.79619229 -0.43403706 -0.096277647 7
2.380141 -0.77355081 0.082795732 95
2.5555646 -0.82260108 -0.013142647 150
1.5749204 -0.5834524 -0.074399278 5
0.80478251 -0.39261895 -0.097306028 6
2.7562926 -0.77986658 0.091770716 123
2.9959917 -0.83744168 -0.015569793 150
1.5860724 -0.52418971 -0.074415341 5
0.8153649 -0.35137251 -0.098377414 6
3.0972843 -0.76307905 0.10058002 104
3.3345332 -0.81138843 -0.017676337 31
1.6217624 -0.47105181 -0.075976722 5
0.82196271 -0.30978319 -0.099362679 6
5.3045545 -1.0596619 0.14851955 127
5.3225393 -1.0618653 -0.032914292 30
1.6368988 -0.41213197 -0.076078765 5
0.82758588 -0.26811153 -0.099326603 6
5.3453102 -0.92566651 0.15215334 111
5.3390126 -0.91775215 -0.031709921 31
1.6687737 -0.35666507 -0.07753434 5
0.84212816 -0.22721128 -0.1014659 6
8.4384384 -1.188218 0.22247216 78
1.6790106 -0.29633376 -0.077495113 5
0.84384894 -0.18421015 -0.10131805 6
6.8224854 -0.80310482 0.19135042 147
1.7121375 -0.23797096 -0.078949928 5
0.84645945 -0.1422874 -0.10219341 6
6.8404012 -0.63104594 0.19469279 140
6.8641567 -0.61167216 -0.037769221 2
1.728318 -0.17824611 -0.079048045 5
0.85401404 -0.10086209 -0.10319556 6
8.5023861 -0.56600749 0.23671508 79
1.7755479 -0.11914498 -0.080828957 5
0.87960845 -0.059946842 -0.10458745 6
5.3982544 -0.22971484 0.16666009 122
5.3964939 -0.20209487 -0.025244329 6
1.7706138 -0.056294888 -0.08058352 5
0.88099062 -0.01675819 -0.10551774 6
5.4092774 -0.091151133 0.16994332 122
5.4138794 -0.059056457 -0.024080137 75
1.7970289 0.0056710029 -0.081914432 5
0.88171905 0.02633838 -0.10537221 6
8.5704584 0.06098976 0.25028518 57
6.9833407 0.097862668 -0.031881895 0
1.8296783 0.070111126 -0.083368637 5
0.89643598 0.069238588 -0.10752548 6
6.9104333 0.22713304 0.21320865 150
6.9477553 0.27858636 -0.030449923 0
1.8342863 0.13495621 -0.083224416 5
0.90030283 0.11407452 -0.10844041 6
3.1552911 0.22152925 0.12104589 11
3.1157014 0.2482686 -0.0060416632 78
1.8630371 0.20073564 -0.084590524 6
0.91014612 0.15839592 -0.10948435 7
2.7317312 0.28312355 0.11128377 125
2.7366097 0.31002256 -0.0027460554 150
1.8939725 0.2683326 -0.084996089 6
0.90896779 0.20266017 -0.10929374 7
2.3145299 0.32509768 0.10231331 103
2.244817 0.34534851 0.00084838964 123
1.9686407 0.34320953 -0.088305317 7
0.92088896 0.24780636 -0.11037873 7
1.9697638 0.3568148 0.094764143 99
1.8706694 0.37154809 0.0029058876 117
2.022326 0.41888776 -0.090164877 25
0.92782974 0.29338148 -0.11135612 7
1.6827272 0.38255388 0.08796484 93
1.6058447 0.39635941 0.0056328429 100
1.7508497 0.44626588 -0.080285095 150
0.93990076 0.34052384 -0.113437 7
1.476063 0.40839201 0.08345677 90
1.3940704 0.41961476 0.0072252923 101
1.4844058 0.46216732 -0.070550621 150
0.95831281 0.39112946 -0.11462961 8
1.277761 0.42647651 0.07875976 83
1.2007909 0.43624911 0.0084235901 52
1.2587146 0.4735474 -0.061678082 112
0.98384738 0.44312456 -0.11695418 8
1.1062886 0.44124264 0.074486375 74
1.0383902 0.4502247 0.0089544514 77
1.0546587 0.4800573 -0.054288082 91
0.98398668 0.49128196 -0.11775258 8
0.95668662 0.45311934 0.071734644 78
0.87856966 0.45895949 0.010408088 75
0.87126201 0.48177329 -0.047358911 77
0.96877187 0.53569329 -0.11723842 15
0.82091063 0.46273586 0.06767258 76
0.74372435 0.46647641 0.011313048 75
0.73234761 0.4876264 -0.042377654 70
0.8198387 0.54042399 -0.10705066 64
0.70835429 0.47340682 0.065103874 69
0.63714421 0.47562432 0.012612386 68
0.59898865 0.48803604 -0.037541904 76
0.66716701 0.53646708 -0.095819294 90
0.59735996 0.47893757 0.062482119 77
0.53227556 0.48163065 0.012862687 66
0.5105716 0.49764103 -0.033626504 13
0.52417475 0.52868485 -0.085809372 63
0.50033069 0.48327461 0.060558647 14
0.44137233 0.48643887 0.0138112 12
0.41347721 0.49996844 -0.030555619 12
0.41677549 0.52687496 -0.078534372 12
0.42267767 0.49095988 0.059235927 13
0.37398073 0.49624851 0.014278886 15
0.34296837 0.50803643 -0.028028058 14
0.34217489 0.5332827 -0.072925419 11
0.35714975 0.49960938 0.057658907 17
0.30524963 0.50215995 0.014759568 10
0.28151017 0.51632905 -0.02569228 13
0.26521695 0.53588301 -0.068281971 10
0.29036808 0.50535762 0.056096818 16
0.24565494 0.50929296 0.015050456 14
0.20951122 0.5185042 -0.022156626 13
0.1878504 0.533499 -0.062649496 13
0.22848099 0.5096814 0.054424848 16
0.17441612 0.50940186 0.015560817 13
0.14645541 0.51991183 -0.01981456 12
0.12068153 0.53325099 -0.058226164 12
0.17057818 0.51366335 0.052666474 16
0.12478247 0.51567882 0.015636057 13
0.090523124 0.52271628 -0.018619023 12
0.072043367 0.53843147 -0.054175489 12
0.11767724 0.51721305 0.051800102 17
0.073916122 0.51904988 0.016726036 12
0.047990832 0.52938211 -0.016692914 11
0.022216184 0.54171085 -0.051107634 16
0.071920663 0.52215493 0.050787184 17
0.035411704 0.52637666 0.016568633 13
0.0042044916 0.53314614 -0.014751811 13
-0.04165674 0.53315258 -0.046788212 16
0.03021499 0.5277651 0.049692169 19
-0.003198751 0.53272128 0.016411047 12
-0.048172504 0.5306372 -0.012651479 10
-0.075158417 0.54005623 -0.045051467 16
-0.0011452137 0.53648317 0.049388509 22
-0.046182174 0.53441113 0.017326498 17
-0.091241874 0.53133208 -0.0117384 14
-0.11610688 0.54156834 -0.042179793 14
-0.046249241 0.5373562 0.048345126 22
-0.082866475 0.53957534 0.01712133 16
-0.12805548 0.5344969 -0.0099484157 14
-0.1572275 0.54108864 -0.039312616 15
-0.093796715 0.53342545 0.046334088 19
-0.12511191 0.53819281 0.018008377 15
-0.15865588 0.54013973 -0.0092809396 14
-0.18570699 0.54754871 -0.036686517 16
-0.12757884 0.53733647 0.04606206 19
-0.15906574 0.5401119 0.017732074 14
-0.18616053 0.54651749 -0.0076761027 14
-0.21654397 0.55019999 -0.035025813 15
-0.15837245 0.54099071 0.045725502 18
-0.18243434 0.54814321 0.018257629 14
-0.21809816 0.54826474 -0.0069907764 13
-0.24205199 0.55641037 -0.033455972 15
-0.18710317 0.54547942 0.044359494 17
-0.21547134 0.54898775 0.017969575 13
-0.24910076 0.54892921 -0.005322386 13
-0.2719512 0.55798143 -0.030807331 14
-0.21490207 0.54888237 0.043970447 17
-0.24541341 0.55056632 0.018618735 13
-0.27588218 0.55224234 -0.0047335299 12
-0.30528989 0.55483288 -0.029104982 13
-0.24179102 0.55120331 0.043557592 16
-0.27444506 0.55106282 0.01924408 12
-0.30497879 0.55173874 -0.0031107229 12
-0.33652964 0.5525049 -0.026444005 12
-0.27510756 0.54906285 0.042262632 15
-0.30349803 0.55156356 0.018869281 12
-0.33634698 0.54842228 -0.0024514929 12
-0.36471608 0.55091876 -0.024845248 11
-0.29883608 0.55311841 0.041789073 15
-0.33278811 0.54907089 0.019487694 11
-0.36128712 0.54956716 -0.00091079122 10
-0.37766674 0.56307369 -0.023515072 11
-0.33031181 0.54880977 0.041446198 14
-0.35342109 0.55386138 0.019951304 10
-0.37975571 0.55617827 -0.00048598857 10
-0.40052864 0.56504285 -0.02201549 11
-0.34996992 0.55351788 0.0408886 13
-0.37632552 0.55583847 0.019451423 10
-0.39939266 0.56088263 -4.4196877e-05 10
-0.42572704 0.56319952 -0.020481762 11
-0.36746377 0.56004614 0.040292185 13
-0.39496642 0.56045675 0.01987179 10
-0.42028359 0.56268388 0.00041252005 9
-0.44992936 0.56126964 -0.018969692 10
-0.39378691 0.55730039 0.039845657 13
-0.42245767 0.55580431 0.019442273 10
-0.46422029 0.56952548 -0.017627282 10
-0.41586754 0.55719912 0.039319634 12
-0.44352093 0.55561322 0.019894453 8
-0.4610486 0.56619698 0.0023035796 8
-0.48742661 0.56751001 -0.016137103 10
-0.43794814 0.55709785 0.038793344 11
-0.45666504 0.56577909 0.020219816 9
-0.5085547 0.56631875 -0.01468782 9
-0.455614 0.56163424 0.038191807 11
-0.47889656 0.56368172 0.020688713 9
-0.50332618 0.56381828 0.0042025098 7
-0.52760452 0.56595176 -0.013279382 7
-0.47343105 0.56417412 0.038585663 11
-0.49671349 0.56622159 0.021082405 7
-0.51547408 0.57389849 0.0045059985 7
-0.53633374 0.58075529 -0.013029648 9
-0.48568639 0.57326174 0.03788745 11
-0.51013672 0.57340288 0.0204012 8
-0.53220862 0.57734919 0.0048800819 8
-0.55421543 0.58229554 -0.011638782 9
-0.51152974 0.56445247 0.037405424 10
-0.53037626 0.57113343 0.020826716 7
-0.57694215 0.57421654 -0.010183676 9
-0.52962607 0.56400734 0.036792599 9
-0.54611492 0.57449758 0.021179218 7
-0.5730105 0.56882131 0.0067219799 6
-0.59499609 0.57376397 -0.0087974537 8
-0.54194635 0.5720948 0.037091512 10
-0.5606854 0.57976842 0.021514386 7
-0.60098308 0.58126974 0.0073746271 8
-0.62203735 0.58512616 -0.0071687223 8
-0.56970239 0.58040345 0.036950238 9
-0.59302539 0.58144855 0.021437695 6
-0.62886405 0.58758163 0.0092076361 8
-0.64874738 0.5933463 -0.0053578373 8
-0.60749334 0.57262903 0.03570883 9
-0.62627375 0.57929939 0.022124145 6
-0.65659213 0.59484982 0.0098731788 8
-0.67898649 0.59768265 -0.0035982165 8
-0.65477914 0.58628005 0.022941215 6
-0.6895259 0.5932737 0.011696338 7
-0.71054286 0.59710461 -0.00084758608 7
-0.66336143 0.58796471 0.03512381 9
-0.6768505 0.60921621 0.023498742 7
-0.71276271 0.61431193 0.012274875 7
-0.72943097 0.63383275 -0.00028942098 9
-0.70278102 0.62246329 0.023103796 7
-0.73464268 0.63925534 0.013849099 7
-0.76081324 0.6294747 0.0023546938 5
-0.7299419 0.63280505 0.023724005 6
-0.76228976 0.65566009 0.014506689 6
-0.77990937 0.68730271 0.0030168907 5
-0.73757565 0.63344169 0.034902159 7
-0.7515946 0.66984576 0.02438784 7
-0.76570565 0.67326653 0.024819046 4
-0.78727311 0.68117517 0.01631324 1
-0.52313894 2.8516695 -0.040600173 10
-0.48086745 2.8619564 0.0075411848 8
-0.58857679 2.8573179 -0.036194567 62
-0.44471791 2.8727763 0.049833152 6
-0.54890913 2.8627565 0.010125089 57
-0.65484291 2.8679461 -0.031473469 68
-0.40327841 2.9141114 0.091503039 2
-0.5109185 2.8873274 0.051786523 40
-0.61482948 2.8793323 0.013962997 58
-0.72019535 2.8784969 -0.026796853 69
-0.46925586 2.9298036 0.090084091 15
-0.57716078 2.8990638 0.052245371 42
-0.68133742 2.8880646 0.016422547 59
-0.78833854 2.8913615 -0.021274447 64
-0.5376687 2.9417083 0.089616723 13
-0.64503926 2.9169273 0.053797923 49
-0.74780244 2.8987689 0.018910779 64
-0.8555851 2.9041271 -0.01676039 64
-0.6067096 2.9466283 0.089133985 13
-0.7101894 2.9315348 0.055276085 44
-0.81555361 2.9176016 0.022463668 57
-0.92283368 2.9168823 -0.012247213 73
-0.67309475 2.9593422 0.087629333 16
-0.7781145 2.9373424 0.055766072 42
-0.88267273 2.9313629 0.024936663 60
-0.99123639 2.9257302 -0.0068065934 65
-0.74078006 2.9771881 0.087061815 14
-0.84520996 2.9491143 0.057126213 41
-0.94958586 2.9330778 0.028244596 56
-1.0582666 2.9374905 -0.0024520508 68
-0.8080703 2.9849451 0.086789951 15
-0.91301572 2.9599128 0.058308288 39
-1.0168555 2.9488537 0.031650316 59
-1.1251402 2.9341738 0.003907504 66
-0.87582338 2.9987717 0.085866846 12
-0.98184907 2.974859 0.060031068 38
-1.0861706 2.9588265 0.035196986 59
-1.1950006 2.9492092 0.0084907636 63
-0.94653088 3.0057664 0.082396805 15
-1.0506839 2.9796891 0.058462474 35
-1.1557096 2.9667346 0.034598175 53
-1.2665024 2.9683309 0.010911706 59
-1.0160148 3.0147822 0.081884123 18
-1.1228559 2.9919441 0.06001915 37
-1.2275164 2.9829705 0.037163191 50
-1.3384559 2.9705205 0.016425025 53
-1.0882285 3.0270455 0.081441276 17
-1.1939665 3.0051129 0.060557101 32
-1.298995 2.9911458 0.040689796 44
-1.4096553 2.9816809 0.020957828 62
-1.1609199 3.0401587 0.081203654 15
-1.2673357 3.0209074 0.062686831 30
-1.374063 2.9976087 0.045168802 44
-1.4854798 2.9897079 0.027824515 62
-1.2358774 3.0473983 0.080979489 11
-1.3422986 3.0274098 0.065155677 29
-1.448316 3.0124099 0.048343848 39
-1.5609248 3.0019825 0.033690672 47
-1.3093721 3.0556836 0.080649748 9
-1.4157513 3.0356903 0.066822968 31
-1.522723 3.0207698 0.052029777 46
-1.6339772 3.002197 0.039310094 54
-1.3839475 3.0630612 0.080337264 14
-1.4894799 3.0409894 0.067481071 29
-1.598057 3.0302112 0.055721436 35
-1.7123364 3.0229275 0.045096386 41
-1.4612843 3.0857198 0.080092631 7
-1.5665612 3.0545847 0.069171369 23
-1.6760087 3.0448792 0.05943387 27
-1.7891037 3.0274522 0.050739083 33
-1.530448 3.0635204 0.078454144 10
-1.6460375 3.0754087 0.07094299 22
-1.7552968 3.0556448 0.063157149 24
-1.8731365 3.0526681 0.056627374 34
-1.6111327 3.0824454 0.078242347 6
-1.7220633 3.0778728 0.072560012 13
-1.8377194 3.0767143 0.066992559 24
-1.9592465 3.0770569 0.062555864 33
-1.6897001 3.0911555 0.076940142 4
-1.7987689 3.072366 0.074155807 8
-1.9194859 3.0937128 0.070796043 10
-2.0463316 3.1015267 0.06950558 13
-1.7642857 3.087481 0.076498963 5
-1.8844533 3.102751 0.076101214 5
-2.0086908 3.1173642 0.075786375 4
-2.1395297 3.1317894 0.075698465 0
-1.8433344 3.0906928 0.075356491 5
-1.9630287 3.1042347 0.078056328 0
-3.6318536 7.1290216 0.15973003 4
-4.3016505 8.0163279 0.18521383 47
-1.9262446 3.1078129 0.07553795 4
-3.540894 7.1251845 0.16005637 90
-4.1909881 8.0303755 0.18899359 93
-3.7808425 6.3871813 0.16485149 1
-2.0106966 3.1152098 0.075360455 3
-4.0864739 8.0165749 0.18266512 87
-4.2040482 7.5580392 0.18911295 22
-3.8795445 6.2242923 0.17520006 64
-2.1005323 3.1310475 0.074430726 3
-4.3003039 8.0028458 0.18775822 45
-3.8171191 6.2778273 0.16891296 52
-4.0624409 6.2345552 0.19129077 32
-2.1885426 3.1373343 0.07491079 0
-3.7692375 6.3377733 0.15662263 5
-3.9777906 6.2422819 0.17764908 7
-5.2754645 8.1475973 0.2632952 51
-4.2235904 7.533175 0.15288167 23
-3.8970399 6.2312188 0.15786192 59
-4.128859 6.1797857 0.18560287 53
-4.5055413 6.3666263 0.2255542 46
-3.8326426 6.2435994 0.12954526 68
-4.0721674 6.217896 0.16257031 56
-4.4231377 6.3774137 0.20084271 10
-4.5208817 6.0634747 0.2304894 2
-4.0380459 6.2880945 0.12916899 4
-5.3047166 8.1392136 0.21292534 76
-4.491262 6.1611171 0.20431046 39
-4.571135 5.843617 0.23755459 1
-4.1807108 6.1977453 0.12677363 17
-4.4816875 6.2696896 0.17248549 48
-4.5186129 5.8893743 0.20644443 43
-4.5703325 5.5585051 0.24195448 1
-4.4565568 6.3500013 0.12707599 31
-4.509532 5.9911175 0.16948669 49
-3.2677712 3.6722336 0.14141713 21
-4.5981359 5.3322401 0.24853601 0
-4.4969463 6.0808129 0.12486687 46
-3.2325425 3.6854761 0.11600363 15
-4.5659509 5.3969483 0.21106553 46
-4.6446323 5.1476436 0.25656644 1
-4.5274134 5.809433 0.12021518 45
-4.5662179 5.4864283 0.16749971 53
-4.5914297 5.1702881 0.21252379 55
-4.9467235 5.3060818 0.27885914 27
-4.5411363 5.5396495 0.1064181 39
-4.5807319 5.2428446 0.15808553 58
-4.6104784 4.9562364 0.20658687 57
-4.7304115 4.7978554 0.26147786 23
-2.9778972 3.0167525 0.065830871 0
-4.6030064 5.0199327 0.15667367 62
-4.6500773 4.7759666 0.2087055 59
-4.7173252 4.5648527 0.26428887 32
-2.995564 2.8938186 0.063715883 25
-4.6278005 4.8143015 0.15538241 65
-4.6500301 4.5551348 0.20983623 69
-3.592721 3.0846643 0.19396248 1
-3.0254567 2.7901378 0.062356208 40
-4.6328425 4.5891171 0.15502323 34
-4.6757903 4.3694444 0.21371669 67
-8.2815342 8.0097361 0.51250744 51
-3.04477 2.6757727 0.061549388 37
-4.6705852 4.4119525 0.15651378 72
-4.6914768 4.1867852 0.21600078 36
-5.1817327 4.4531927 0.30856031 4
-3.0636983 2.5710659 0.059528317 31
-3.623096 3.0482011 0.11646198 46
-4.7181153 4.0255618 0.21792577 71
-5.2626171 4.3367343 0.3178314 34
-3.0811901 2.4712536 0.058490209 26
-4.7104111 4.0602665 0.15495072 72
-4.7311878 3.8591316 0.21950786 69
-5.3842964 4.259809 0.33009014 25
-3.0920336 2.3678119 0.056264684 34
-4.7297373 3.8922946 0.15461326 75
-4.7475448 3.7019408 0.22115615 66
-5.4139652 4.0987258 0.3350029 23
-3.104347 2.2705035 0.055092558 39
-4.7484045 3.7322979 0.15329701 69
-4.7626495 3.5476532 0.22279079 66
-5.6420031 4.1151085 0.35489273 23
-3.1174221 2.1762748 0.052949872 44
-4.7582541 3.5695393 0.15278247 70
-4.7752519 3.3991747 0.2243983 63
-5.7905765 4.0524654 0.36875334 21
-3.117866 2.0769517 0.051518153 41
-4.7665982 3.4126737 0.15226226 69
-4.7902474 3.2579255 0.22608835 64
-3.1321468 1.9918548 0.050441585 48
-4.7903461 3.2751865 0.15215312 72
-4.8124056 3.1254809 0.22802158 64
-4.8468041 2.9904754 0.30741298 7
-3.1359813 1.9028949 0.049474299 54
-4.8054085 3.1374245 0.15265572 72
-4.8225565 2.9939256 0.23064432 64
-13.405914 8.9880733 0.94721615 59
-3.1392214 1.8183118 0.048635919 51
-4.811316 2.9970965 0.15264902 62
-8.8996811 5.794035 0.45355439 54
-9.0285959 5.5810151 0.6283924 14
-3.1470325 1.7378719 0.04744437 54
-8.8374214 5.7624454 0.28904083 53
-8.911418 5.5246353 0.45659518 80
-14.923518 9.1547222 1.0803828 55
-3.1482134 1.6536978 0.046221595 64
-8.8979816 5.5255747 0.29104808 82
-14.860295 9.1407967 0.7878316 52
-5.3483868 2.7807379 0.35905313 1
-3.1530426 1.5755066 0.04534911 72
-3.2294831 1.548831 0.097873874 0
-5.3564134 2.7927225 0.26526237 1
-5.3756027 2.6615808 0.364086 2
-3.1614006 1.501886 0.045173042 65
-3.2396007 1.478318 0.097747885 3
-5.4158025 2.6861002 0.27001834 3
-4.7391491 2.1728897 0.31814432 26
-3.1687593 1.4290472 0.043973811 63
-3.2506626 1.4087996 0.09764263 3
-4.7345223 2.1674652 0.23298006 11
-4.8740954 2.1309466 0.33081722 2
-3.1682248 1.3545253 0.04259624 52
-3.2567122 1.3388472 0.098426811 3
-4.8734498 2.1268733 0.24174252 60
-18.216108 8.6971636 1.3922821 13
-3.1751595 1.28572 0.042377368 48
-3.2646036 1.2701787 0.098200962 3
-4.8887424 2.017736 0.24441631 79
-3.185811 1.2194144 0.041170862 55
-3.2741539 1.2047827 0.09797439 3
-4.8949003 1.9079971 0.24633732 76
-3.1959596 1.1552111 0.041936249 56
-3.2803905 1.1392254 0.099693559 3
-4.9066029 1.8027936 0.24900232 86
-5.3931804 1.9115446 0.38605297 3
-3.2055182 1.0907931 0.040832281 49
-3.2821305 1.0721235 0.099408247 4
-4.917623 1.6973393 0.25073305 83
-3.8285072 1.179932 0.25974965 3
-3.2028096 1.0232255 0.039790999 53
-3.2881525 1.0082697 0.098557279 6
-3.8248513 1.1655399 0.18779585 40
-5.4460874 1.6978711 0.39498991 16
-3.2014904 0.95678186 0.038381848 57
-3.2819502 0.93945134 0.099008128 7
-4.9416208 1.4933256 0.25407851 76
-5.5031376 1.6034691 0.40258846 15
-3.2009983 0.89152324 0.037952174 66
-4.9646015 1.3961791 0.25798586 5
-5.0341401 1.3406817 0.36753955 3
-5.0444951 1.2421869 0.37229005 0
-1.2180191 0.10556542 0.04621511 1
-1.1918139 0.097313114 0.036608215 1
-1.2458465 0.095906034 0.048769902 3
-1.2344109 0.090932518 0.039497379 2
-1.2510432 0.081290871 0.049812369 3
-1.2674121 0.079713933 0.041155912 3
-1.2533375 0.065421976 0.050786112 3
-1.253877 0.034342937 0.051649041 3
-1.2545017 0.029406803 0.041636448 3
-1.2511048 0.01904197 0.052516095 3
-1.2568815 0.012541909 0.042606991 2
-1.2412958 0.0041420446 0.052232999 2
-5.191021 -0.47019446 0.44689015 3
-5.2134695 -0.56964958 0.45288491 66
-5.1780849 -0.64957827 0.31870031 42
-5.2188349 -0.66856217 0.45751598 76
-5.1886916 -0.75185752 0.32202771 79
-5.2395325 -0.77195013 0.46405303 71
-3.3391414 -0.46662718 0.038791366 52
-3.4070702 -0.48307732 0.11918405 13
-5.2066126 -0.8567161 0.32692948 86
-5.2531905 -0.87416589 0.46987602 75
-3.3444834 -0.5292694 0.03842609 58
-3.408282 -0.54501539 0.1205769 14
-5.2104921 -0.96160412 0.32978284 86
-5.2568016 -0.97612476 0.47359046 65
-3.3458393 -0.59194684 0.039018624 72
-3.4250352 -0.61127621 0.12275945 15
-5.2298675 -1.069458 0.33510345 94
-5.2760286 -1.0829068 0.48212668 42
-3.3504035 -0.65648419 0.039997604 77
-3.4161916 -0.67202359 0.12323893 16
-5.2381277 -1.1778743 0.33959621 44
-5.2973723 -1.192255 0.48882166 26
-3.3477983 -0.71981132 0.040537886 73
-3.4238789 -0.73858392 0.1250851 17
-5.2764444 -1.2980179 0.34583497 34
-5.3157887 -1.3031312 0.4956696 70
-3.359827 -0.79009038 0.041440256 71
-3.4337213 -0.80706114 0.12694666 21
-9.897459 -2.9229045 0.70030409 45
-9.9180651 -2.9119859 1.0028653 47
-3.3625498 -0.85711801 0.042173989 56
-3.4448004 -0.87838483 0.1298406 20
-9.4027367 -2.9765551 0.6705243 72
-9.4305048 -2.9639764 0.96024263 52
-3.3571322 -0.92283219 0.042743668 35
-3.4518304 -0.94905078 0.13165131 15
-9.4189148 -3.2020378 0.68078762 95
-9.4212303 -3.1735873 0.97004104 126
-3.3654163 -0.99640137 0.044567131 17
-3.4496379 -1.0175012 0.13327658 7
-9.428463 -3.432107 0.69088793 75
-9.4506159 -3.4019582 0.98457193 104
-3.3748093 -1.0708532 0.045412824 0
-3.468498 -1.0970535 0.13631542 2
-14.143811 -5.6981487 1.0764594 24
-14.217061 -5.6628122 1.5404626 48
-6.1754155 -2.3993993 0.44455457 3
-6.1392035 -2.3499317 0.62288356 62
-6.0837455 -2.4642904 0.62336421 22
-5.4870915 -2.3059535 0.55998164 1
-5.2728524 -2.3203769 0.54141808 1
-5.197916 -2.402853 0.53981602 2
-10.950636 -6.0643439 0.89238453 1
-5.2377653 -2.5552125 0.55263257 7
-10.619743 -6.1749392 0.87948829 1
-5.2340512 -2.6860659 0.56066769 10
-5.2283235 -2.8143809 0.57126701 14
-5.3530531 -3.039165 0.59580833 18
-5.3907371 -3.2128625 0.60943055 20
-5.3586063 -3.3421805 0.61581165 19
-5.5845885 -4.1509027 0.49719369 12
-5.6588383 -4.1048274 0.68747884 4
-3.5478752 -2.5884547 0.07586357 20
-5.5821977 -4.4636149 0.31987959 14
-5.6187968 -4.3767285 0.50875741 14
-5.6515508 -4.2877522 0.69731021 23
-3.5733743 -2.7413011 0.079948239 41
-5.6017275 -4.6959305 0.33109251 22
-5.6341791 -4.5962658 0.52339357 18
-10.292252 -8.8872032 1.3879371 72
-3.5941734 -2.9008722 0.08437711 70
-5.6450305 -4.9659462 0.34317234 29
-5.6697016 -4.8469396 0.53831291 20
-10.060863 -9.0614376 1.3787305 70
-3.6099029 -3.0610943 0.088953793 86
-5.6708145 -5.2327147 0.35445562 40
-5.7063799 -5.1138415 0.5547837 19
-10.070576 -9.4853849 1.4067682 33
-3.6290157 -3.238184 0.093446903 85
-5.7146301 -5.5362129 0.3688263 32
-5.6680331 -5.3129706 0.564951 10
-11.042149 -10.97194 1.5852909 68
-3.6704242 -3.4524391 0.09930063 82
-10.691192 -11.827843 0.75453389 1
-5.7952895 -5.7136049 0.59374052 37
-11.101784 -11.547085 1.6298079 64
-3.7156086 -3.6874487 0.10613526 79
-6.4123969 -6.9778156 0.44876218 77
-5.5760431 -5.7184443 0.58305305 8
-11.154474 -12.146924 1.6760591 75
-3.7385857 -3.909318 0.11256066 82
-4.4556098 -4.7172422 0.30597246 12
-6.3169684 -6.9456229 0.69194198 53
-6.5683627 -7.0170584 0.95700359 1
-3.7483108 -4.127203 0.11974081 83
-4.6941552 -5.2866526 0.33736214 95
-4.76335 -5.1903553 0.51326883 25
-6.3670835 -7.0837679 0.9429332 43
-3.7617934 -4.3662548 0.1252027 85
-4.6389604 -5.4766393 0.34302005 95
-4.6680117 -5.3090858 0.5133298 91
-4.7545757 -5.2269154 0.68641979 93
-3.7911263 -4.6519175 0.13383082 96
-5.9994445 -7.8650627 0.47886601 9
-4.6434689 -5.5412245 0.5259726 38
-4.6762328 -5.3683224 0.69038451 84
-3.8132343 -4.9472404 0.14324112 83
-6.0847759 -8.4210234 0.50596285 58
-5.9670591 -7.8909287 0.72800052 47
-4.5228801 -5.4047174 0.68045598 7
-3.8463686 -5.2887511 0.15387829 72
-6.105927 -8.9181852 0.53159261 6
-6.0681663 -8.4685287 0.76810479 7
-4.5703273 -5.7530351 0.70965368 18
-3.9249265 -5.7497616 0.16815659 69
-4.6124606 -6.7120643 0.40164173 29
-11.849147 -18.916698 1.668942 17
-4.6297688 -6.1446743 0.74360055 14
-3.990917 -6.2243633 0.18480286 48
-6.2514563 -10.230539 0.60012102 51
-12.020815 -20.278099 1.7651784 20
-4.6678581 -6.5397992 0.77644217 13
-4.0472546 -6.7451735 0.20336135 35
-6.4027181 -11.153322 0.65031922 71
-7.1460629 -12.022578 1.0420746 5
-12.053064 -20.436266 2.3417985 37
-4.110157 -7.319026 0.22323656 38
-6.1858373 -11.358385 0.66487461 2
-6.8896041 -12.186733 1.0536078 26
-11.671976 -20.799263 2.3588614 110
-4.1294575 -7.8529053 0.24944864 28
-6.5196767 -12.832502 0.75121129 33
-7.1696401 -13.527449 1.1515906 59
-11.348477 -21.324081 2.3761129 15
-4.188055 -8.5622511 0.2755371 15
-6.5295539 -13.715476 0.79839742 11
-4.9736414 -9.3287144 0.79225415 6
-7.2270846 -13.675721 1.5070317 1
-4.443162 -9.9181948 0.32378921 3
-5.0416126 -10.790105 0.63322753 2
-5.0889626 -10.232222 0.85848594 2
-12.51941 -26.696226 2.8754878 82
-1.7282403 -2.4916513 0.096670024 4
-6.9958897 -17.07267 0.98903096 31
-13.390433 -32.651817 2.6676221 31
-11.918827 -26.929127 2.8494346 9
-1.6151707 -2.331022 0.093321249 150
-13.73404 -38.691059 2.2001984 49
-6.9971094 -17.079273 1.3825992 87
-13.384272 -32.609138 3.3780799 43
-1.5014958 -2.1399329 0.087963529 109
-1.6590995 -2.4666116 0.15786259 47
-13.715991 -38.664497 3.0624096 49
-6.9856 -17.026762 1.7523463 4
-1.4137211 -2.0205598 0.084732503 98
-1.5383204 -2.2709632 0.14627974 151
-14.487878 -44.627705 3.4945297 34
-13.677294 -38.658669 3.863199 65
-1.3397456 -1.9193643 0.083064675 94
-1.4359081 -2.0938966 0.13614608 127
-15.054276 -50.59647 3.8988585 44
-14.528826 -44.595215 4.3881612 41
-1.277166 -1.842254 0.081357725 77
-1.3580781 -1.977933 0.13048473 113
-1.4789799 -2.2547328 0.19281404 5
-15.123899 -50.580452 4.8960295 56
-1.2186111 -1.7678993 0.080297247 75
-1.2901775 -1.8873175 0.12526082 86
-1.3861603 -2.0939829 0.17832917 52
-15.42494 -56.564072 5.3941402 40
-1.1661063 -1.7061751 0.079480626 75
-1.2302253 -1.8081657 0.12035801 79
-1.3141687 -1.9907795 0.16926482 104
-14.151663 -56.8969 5.3433475 67
-1.1172464 -1.6521994 0.078663029 77
-1.1747322 -1.734675 0.11649854 74
-1.2485635 -1.8920434 0.16132438 106
-3.5231388 -12.528916 1.1769596 18
-1.0721314 -1.5948651 0.077978484 80
-1.1273592 -1.685559 0.11372612 76
-1.1885495 -1.7998397 0.15348843 89
-3.250701 -12.651781 1.1715761 15
-1.0304995 -1.5432553 0.078340843 83
-1.0795212 -1.6194202 0.11102543 74
-1.1367909 -1.7340297 0.14770207 72
-1.2095969 -1.9025248 0.19145241 10
-0.98997086 -1.4925513 0.077722132 69
-1.0360466 -1.568964 0.10834241 78
-1.0881064 -1.6689588 0.14197758 73
-1.1522505 -1.8171014 0.18164323 47
-0.95344299 -1.4525267 0.077144243 14
-0.99749708 -1.5160453 0.10578781 72
-1.0432345 -1.602715 0.13601805 77
-1.0999658 -1.7315713 0.17132761 76
-0.91887152 -1.4126776 0.076031916 14
-0.95958632 -1.4724928 0.10255148 12
-1.0025461 -1.5471765 0.1310416 77
-1.0523523 -1.6554067 0.16250531 73
-0.88480991 -1.37953 0.076310091 17
-0.92462254 -1.4283768 0.10086028 12
-0.96480983 -1.5053021 0.12727554 13
-1.0111402 -1.5957571 0.15574832 74
-0.85341471 -1.3421324 0.075673983 18
-0.89100015 -1.3881588 0.09918727 12
-0.92888248 -1.4492117 0.12264258 12
-0.97044051 -1.5300217 0.14810182 79
-0.82429153 -1.3075269 0.0751682 18
-0.85917658 -1.3567839 0.097646773 11
-0.89468408 -1.4130104 0.11910289 12
-0.93416995 -1.4809445 0.14258297 64
-0.79545796 -1.2759442 0.075711243 18
-0.82973367 -1.3244835 0.096225433 11
-0.86360282 -1.3819652 0.11668289 12
-0.89996099 -1.4370867 0.13816106 13
-0.76932925 -1.2464526 0.075371839 16
-0.80021125 -1.2969615 0.094843902 11
-0.83201724 -1.3483567 0.11433958 11
-0.8665812 -1.3935955 0.13282479 13
-0.74208683 -1.2164727 0.076069847 16
-0.77296805 -1.2631778 0.09357693 14
-0.80312955 -1.3130009 0.11209326 11
-0.83554941 -1.3554164 0.12857136 12
-0.71803284 -1.1878512 0.076060548 17
-0.7472834 -1.2318025 0.093048885 14
-0.77721417 -1.2644711 0.10882556 14
-0.80803031 -1.3230472 0.12625563 12
-0.69468033 -1.1621635 0.077486008 16
-0.72303504 -1.2029202 0.09289141 14
-0.750238 -1.2408106 0.10729849 14
-0.78024858 -1.2884597 0.12175442 15
-0.67319632 -1.1320707 0.077107683 16
-0.69931602 -1.1690112 0.091609247 13
-0.72587413 -1.2109213 0.10508887 14
-0.75351441 -1.2556844 0.11862168 14
-0.65034902 -1.110996 0.078076296 17
-0.67608601 -1.1439316 0.090503387 12
-0.70180887 -1.1768861 0.10290847 13
-0.7291159 -1.2167081 0.11432672 15
-0.62837952 -1.0888923 0.07870014 17
-0.65374655 -1.1178041 0.090161741 13
-0.67825824 -1.1561854 0.10139807 13
-0.70439374 -1.1903481 0.11168474 14
-0.60702437 -1.068326 0.079112396 15
-0.63142186 -1.0981977 0.089432605 13
-0.65575665 -1.1279683 0.098677211 12
-0.680444 -1.1608564 0.1079871 14
-0.58490783 -1.0486863 0.078462191 15
-0.61014831 -1.0756118 0.087877393 12
-0.63273847 -1.1060095 0.097402163 13
-0.65881604 -1.1300349 0.10500955 14
-0.56425542 -1.0318458 0.079442531 17
-0.58899015 -1.0527886 0.087883614 12
-0.61225551 -1.0798825 0.096268579 12
-0.63556337 -1.106968 0.10265396 14
-0.54748899 -1.0011897 0.079220518 13
-0.56820232 -1.0335259 0.087530211 12
-0.58975869 -1.0637785 0.094865903 12
-0.61282599 -1.0878716 0.10025813 13
-0.52709496 -0.98691624 0.080855742 16
-0.54758912 -1.0162559 0.087172501 11
-0.56717443 -1.0466788 0.093465641 12
-0.59246659 -1.0615406 0.097942092 12
-0.50581336 -0.9737224 0.081467755 6
-0.52935362 -0.99175131 0.086894579 12
-0.54869878 -1.0191813 0.092194535 11
-0.57172132 -1.0422701 0.095589302 13
-0.4953424 -0.93448281 0.080413602 10
-0.50982362 -0.97538996 0.086556293 7
-0.5274592 -1.0059789 0.090807073 12
-0.55168927 -1.0199275 0.094264425 12
-0.4684414 -0.93784517 0.082840376 7
-0.49258417 -0.95079792 0.086299941 7
-0.51666105 -0.96275061 0.088761903 10
-0.53267449 -0.99749404 0.091961272 14
-0.45667607 -0.90674973 0.081725895 12
-0.46892491 -0.9448384 0.086832747 7
-0.49384442 -0.95470744 0.08832065 7
-0.513834 -0.97705323 0.089653812 11
-0.42620572 -0.91544521 0.085056357 18
-0.44866028 -0.93155283 0.086466894 7
-0.46838835 -0.95090985 0.087806679 7
-0.49499363 -0.95661181 0.087346457 7
-0.41461477 -0.88634175 0.083937645 11
-0.42828768 -0.91727513 0.087103166 12
-0.45225331 -0.92722285 0.086570002 7
-0.47457579 -0.94133002 0.085985251 7
-0.38314858 -0.89512467 0.087247238 7
-0.41769266 -0.88808471 0.086005807 10
-0.42850697 -0.92026705 0.087105498 12
-0.45258087 -0.93120724 0.085570239 7
-0.37171087 -0.86801749 0.087124072 10
-0.38436377 -0.89802957 0.087271154 7
-0.41511953 -0.89332598 0.084939912 10
-0.43225029 -0.9169212 0.08420714 14
-0.33743119 -0.87905401 0.09036573 8
-0.37283897 -0.8699261 0.087150194 9
-0.39585108 -0.87995332 0.084595896 9
-0.41367146 -0.8994686 0.08189369 11
-0.31532803 -0.86793864 0.090953439 8
-0.35181904 -0.85971999 0.08775688 9
-0.3730135 -0.87191379 0.085155427 10
-0.39680198 -0.8788569 0.080629401 10
-0.3076129 -0.83749455 0.09092252 10
-0.32798558 -0.85176748 0.088295318 9
-0.34837919 -0.86603665 0.084668316 10
-0.3730765 -0.87189651 0.080165751 10
-0.27216288 -0.84662509 0.094148047 8
-0.30962595 -0.83731157 0.087975375 9
-0.32811481 -0.85275054 0.084303446 10
-0.35192448 -0.85968995 0.078777499 10
-0.2600781 -0.82358992 0.093995258 10
-0.27417594 -0.84644204 0.091201119 7
-0.30966809 -0.83729839 0.083985776 10
-0.33085933 -0.84847969 0.077387214 10
-0.24150226 -0.80714935 0.095679626 11
-0.26202521 -0.82240641 0.090050757 9
-0.28492585 -0.83042914 0.084501192 9
-0.31232578 -0.83203125 0.077071778 10
-0.21773496 -0.80019671 0.097216465 11
-0.23172158 -0.82104433 0.091427378 10
-0.26193503 -0.82039285 0.084066272 10
-0.28835994 -0.82207781 0.075615659 9
-0.18823217 -0.79675925 0.09961883 11
-0.21872802 -0.79909241 0.091251306 10
-0.23883602 -0.8093645 0.084633492 10
-0.26454741 -0.81412113 0.075155132 10
-0.15782058 -0.79440504 0.10199796 13
-0.18476821 -0.8020671 0.093534157 10
-0.21493664 -0.80041152 0.08417543 10
-0.24056077 -0.80417234 0.074699186 10
-0.12641309 -0.7921378 0.10435607 14
-0.15236482 -0.79988688 0.095870875 11
-0.1891112 -0.792633 0.08467257 10
-0.21566503 -0.79530638 0.07421995 10
-0.093901441 -0.78896511 0.10769515 15
-0.12736112 -0.79002887 0.096394077 11
-0.15400228 -0.79369849 0.085939236 12
-0.1733724 -0.80603391 0.075296499 8
-0.063228622 -0.78362203 0.11008171 18
-0.092965707 -0.7880227 0.098688781 12
-0.12527594 -0.78717685 0.086370818 12
-0.15204628 -0.79183483 0.073914103 12
-0.037099864 -0.77286261 0.11258592 15
-0.059412934 -0.78393286 0.1000097 14
-0.08908388 -0.78733355 0.087619029 13
-0.11851438 -0.78774083 0.074235052 13
-0.0029934461 -0.76883394 0.11476182 15
-0.034678247 -0.77205533 0.10141592 13
-0.060561381 -0.77779186 0.087937467 14
-0.092914671 -0.77693743 0.073621809 14
0.03361021 -0.76501817 0.11901655 14
-0.0047607156 -0.76363283 0.10282946 13
-0.034387324 -0.76602829 0.088443115 13
-0.065852687 -0.76625299 0.073104024 14
0.07590735 -0.76470912 0.1221372 15
0.036540527 -0.76323676 0.10597131 13
0.0040580649 -0.76337075 0.08965376 13
-0.031150537 -0.76025444 0.073406734 14
0.11749103 -0.76132798 0.12628596 15
0.077085927 -0.75976121 0.10814171 14
0.036963526 -0.75520933 0.091003753 14
0.0082698539 -0.75767976 0.0735965 14
0.15916172 -0.75695103 0.13043728 11
0.11773989 -0.75529259 0.11131448 13
0.080301851 -0.75398272 0.092106231 15
0.047777317 -0.75410885 0.073788829 15
0.20756382 -0.75617623 0.13543293 12
0.16601259 -0.75550616 0.11430821 10
0.12102164 -0.74851459 0.094281651 15
0.082807131 -0.74412107 0.073101558 15
0.2533057 -0.75115067 0.13950197 12
0.21082447 -0.74939358 0.11740086 11
0.16561733 -0.7443862 0.095370196 15
0.12538961 -0.73981488 0.073232822 15
0.30878755 -0.74999285 0.14535125 13
0.26236778 -0.74688309 0.12133791 11
0.21512651 -0.74169379 0.097350158 14
0.16825499 -0.73252368 0.074370839 16
0.36825347 -0.74918318 0.1511158 13
0.30352324 -0.73643321 0.12352566 11
0.26773185 -0.7382704 0.10026862 12
0.22726725 -0.73567909 0.075127281 15
0.43943051 -0.75241071 0.15761843 14
0.36112943 -0.73344904 0.12733798 12
0.31665987 -0.73050547 0.10128204 12
0.27900904 -0.73016781 0.076072253 12
0.51853037 -0.757339 0.16594872 76
0.43137676 -0.73558909 0.1328647 13
0.37532842 -0.7266075 0.10407586 13
0.32891208 -0.72248578 0.0760649 13
0.62198251 -0.77142918 0.17673133 84
0.50859576 -0.73833877 0.13824303 72
0.44280696 -0.7254898 0.10767397 14
0.38671651 -0.71650076 0.076885231 13
0.74314272 -0.79008341 0.1891247 97
0.60062212 -0.74439466 0.14529794 67
0.51816648 -0.72606504 0.11110023 14
0.46493509 -0.71832502 0.078245707 14
0.88510716 -0.8125701 0.20406722 78
0.70646 -0.75366968 0.15405092 73
0.61030424 -0.73011631 0.11516078 69
0.54334849 -0.71816087 0.080611072 78
1.0121396 -0.82170039 0.21737836 29
0.82334059 -0.76290619 0.16257302 82
0.71343958 -0.73513317 0.12098768 71
0.63761055 -0.72038579 0.082634561 77
1.1493268 -0.82971352 0.23148213 0
0.95130587 -0.77211148 0.17286398 91
0.83434945 -0.74371314 0.12742807 83
0.74665904 -0.72591275 0.085335255 79
12.463659 -5.2208276 1.4104686 66
1.0875216 -0.77902883 0.18399234 103
0.95569468 -0.74731225 0.13388054 86
0.87164295 -0.73283255 0.087696709 89
13.193965 -5.1553617 1.4874927 116
1.2505829 -0.78930074 0.19654521 150
1.0823685 -0.74736136 0.14023657 107
0.99717075 -0.73377889 0.091072261 81
12.095204 -4.431612 1.3755243 56
1.4455998 -0.8023746 0.21241842 111
1.2125525 -0.74169445 0.14654313 101
1.1281139 -0.73017949 0.094353609 89
12.385449 -4.2091079 1.407409 57
1.65783 -0.81394356 0.22893846 39
1.3901049 -0.74619931 0.15581669 127
1.2653817 -0.72311717 0.097517386 96
11.071924 -3.501663 1.2728575 50
3.3836522 -1.2753706 0.37092444 6
1.5848918 -0.7492035 0.1667368 150
1.4442607 -0.72270781 0.10178301 106
11.062769 -3.2167721 1.2752621 58
11.022861 -3.3070312 0.99769002 91
1.8854575 -0.77251267 0.1833598 150
1.6610495 -0.72561866 0.10824241 127
13.227245 -3.4718137 1.5079629 111
10.19037 -2.8065343 0.93081343 33
2.3767052 -0.83164847 0.21258238 162
2.0178664 -0.75591838 0.12102736 147
13.262964 -3.1550901 1.5253439 119
10.210533 -2.5475075 0.93765616 30
2.7911882 -0.84992015 0.23696661 150
2.4542809 -0.78609902 0.13404544 150
13.276542 -2.8349979 1.5320896 120
9.2154913 -2.0757747 0.85626912 2
3.122231 -0.8297388 0.25556394 55
2.8603497 -0.79053915 0.14600699 150
13.31325 -2.5210185 1.5415871 119
9.2041702 -1.8378788 0.85543728 6
10.268454 -2.0821929 0.6748718 74
3.2349496 -0.76912844 0.15649998 150
13.355056 -2.2064896 1.5529747 124
9.2145033 -1.6047484 0.85813993 18
10.293374 -1.8190459 0.6755957 75
5.3181009 -1.016461 0.22324784 125
13.386272 -1.8922232 1.5680634 116
9.2784405 -1.3778732 0.86973548 10
10.319415 -1.5536728 0.67948365 76
8.4788857 -1.3136357 0.32759768 41
13.423556 -1.5774848 1.5850008 116
9.2794666 -1.1454839 0.87558043 34
10.406656 -1.2989614 0.69088906 138
8.4964828 -1.0871438 0.33021387 45
13.451457 -1.2646741 1.6018281 113
9.3135071 -0.91467607 0.88428974 40
10.43464 -1.0363884 0.69133294 2
6.8282065 -0.70230025 0.27159551 134
13.492984 -0.95311236 1.6142 114
9.3314419 -0.68736905 0.88779652 36
10.483578 -0.77565026 0.69336855 79
8.5489759 -0.6349749 0.32486871 38
13.518576 -0.64018548 1.6258109 98
9.34587 -0.45476931 0.89231312 39
10.520767 -0.5119226 0.69552702 75
5.3908634 -0.26240057 0.22168046 132
13.543559 -0.32322082 1.638378 105
9.3721218 -0.22522408 0.89856732 41
10.496147 -0.24278881 0.69589055 53
5.405026 -0.11208388 0.22091603 112
13.565259 -0.0089915106 1.6500447 41
9.3964291 0.0054822951 0.90391219 44
10.678187 0.022292886 0.70735103 93
8.5986671 0.04819908 0.32125512 38
13.016535 0.29498196 1.5976499 93
9.4161196 0.24060085 0.91037869 41
10.618382 0.29147291 0.70646352 73
6.9128838 0.23177037 0.26623759 129
13.028581 0.60204363 1.6105305 93
9.4478054 0.47470143 0.91862077 40
10.584499 0.55843765 0.70608312 46
3.1232359 0.22900173 0.14589228 32
13.690991 0.9475047 1.6970971 88
9.4664183 0.7089572 0.92511624 39
3.0241332 0.29969153 0.25507069 6
2.646369 0.2898846 0.13133135 134
13.719348 1.2698436 1.7132015 83
9.4993773 0.94765466 0.93387574 31
2.682636 0.36009359 0.23613136 150
2.2071626 0.33367643 0.11817084 103
11.598427 1.3653399 1.4789277 48
9.5001936 1.1873832 0.94141197 31
2.2188497 0.38997599 0.20936465 150
1.8492684 0.36520106 0.10730013 112
11.509052 1.6306454 1.4809793 64
9.5091505 1.426722 0.94926512 21
1.8590755 0.41338086 0.1883001 150
1.5865299 0.3931624 0.099405132 113
11.574686 1.917992 1.500754 41
11.219445 1.9389663 1.1118132 18
1.5915556 0.43590182 0.17361422 150
1.3623818 0.41696075 0.092951894 85
13.850632 2.5986128 1.7882367 73
10.923114 2.1667738 1.0953696 10
1.366693 0.45381278 0.16120355 96
1.189339 0.43927875 0.087503031 47
13.892466 2.9398746 1.809438 69
13.958772 3.0683224 1.3846078 83
1.1821419 0.46888572 0.15078594 89
1.0014609 0.4496164 0.082129672 80
13.920481 3.2795613 1.828281 69
13.979671 3.4197178 1.3985704 87
0.99894679 0.47682887 0.14028634 95
0.84353024 0.45836416 0.077145837 73
13.970963 3.6344712 1.8525693 62
1.1074219 0.53149509 0.20744048 2
0.83851075 0.48078471 0.13132915 71
0.71895611 0.46922153 0.074536309 74
14.001209 3.9881392 1.8742353 77
0.95615399 0.53766841 0.19531724 13
0.7136007 0.48866683 0.12471489 66
0.60315406 0.47730854 0.070751183 80
13.99065 4.3353329 1.8916483 29
0.81151122 0.53925043 0.18305278 44
0.609887 0.49771208 0.11870437 71
0.5002327 0.48326761 0.067715511 70
14.062621 4.7164655 1.9226228 13
0.69951212 0.54601109 0.17419028 64
0.50982898 0.50242209 0.11360987 13
0.42069218 0.49220598 0.066248819 12
14.072744 5.0784993 1.9406339 54
0.58599943 0.54511827 0.16468973 82
0.43020907 0.50965667 0.1085401 12
0.34509662 0.49911258 0.064126566 11
13.996188 5.4174294 1.9523354 37
0.48443305 0.54498482 0.15564162 70
0.34393674 0.51124573 0.10424076 15
0.2721571 0.50360179 0.061615366 14
13.579567 5.6254954 1.9206704 80
0.40018541 0.54757416 0.1494105 11
0.28753367 0.52142203 0.10149656 10
0.20938459 0.50930363 0.060972139 14
13.616377 6.0129061 1.9511082 104
0.33226112 0.55273211 0.14486286 11
0.21630111 0.52278638 0.097958587 13
0.14742047 0.51280761 0.059228927 13
13.010163 6.1213927 1.8932054 55
0.26199704 0.55385411 0.13920607 10
0.16049252 0.5276584 0.096040152 12
0.092532039 0.51659882 0.058292903 13
0.33604574 0.59854776 0.18800327 1
0.19449969 0.55382222 0.13456327 14
0.10634877 0.53151387 0.093184397 12
0.049758703 0.52450818 0.057257626 12
0.28204611 0.60545993 0.1831952 6
0.13601416 0.55508167 0.12980446 13
0.061477102 0.53755158 0.091153093 12
0.0017604938 0.52775639 0.057248622 14
0.2196998 0.60591608 0.17642988 4
0.08393459 0.55660361 0.1258228 11
0.0018367723 0.53270501 0.088291183 10
-0.050636478 0.52529019 0.055252012 16
0.16558982 0.60761988 0.17147459 8
0.036823791 0.5576967 0.1227252 10
-0.041195132 0.53444678 0.086111665 10
-0.08523038 0.5313127 0.054926712 17
0.10275479 0.60206211 0.16464163 8
-0.00079592352 0.56398666 0.12045767 10
-0.075807795 0.54047322 0.084786542 10
-0.1242426 0.53270137 0.054668814 17
0.054510146 0.60225636 0.15955323 8
-0.055624772 0.55772787 0.11547123 10
-0.11159036 0.54459316 0.083476849 11
-0.15476561 0.53937316 0.054268725 17
-0.010943575 0.58990234 0.15174587 11
-0.099006332 0.55548573 0.11328293 10
-0.14438486 0.54845351 0.082109779 11
-0.1907896 0.54050171 0.053953353 16
-0.051095415 0.59039193 0.14850582 11
-0.12857094 0.56207734 0.1108641 9
-0.17733406 0.55031782 0.081738859 10
-0.21524939 0.54764873 0.053440314 16
-0.09243568 0.58897889 0.1442814 11
-0.1594602 0.56476784 0.10945694 10
-0.20921917 0.55309486 0.080350764 11
-0.24402176 0.55115515 0.053996269 15
-0.1242718 0.59275901 0.14089553 12
-0.19145101 0.56655198 0.10706722 10
-0.23712026 0.55552483 0.078886181 12
-0.27298668 0.55267239 0.053548772 14
-0.15953039 0.59181875 0.13755792 12
-0.21809568 0.57188386 0.10558891 10
-0.27476698 0.5497697 0.077577338 12
-0.30420434 0.55137432 0.053134039 13
-0.19604522 0.58797604 0.134234 17
-0.24608333 0.573318 0.10412247 10
-0.29740831 0.55475104 0.077022329 11
-0.33234677 0.55081195 0.052663751 13
-0.22822852 0.58777148 0.13084075 16
-0.27190542 0.57657069 0.10262138 9
-0.32004991 0.55973244 0.076467246 11
-0.35949332 0.55016303 0.052174285 12
-0.2574051 0.58730298 0.12838995 16
-0.29998022 0.57700807 0.10115303 11
-0.34829792 0.55817765 0.074995279 10
-0.3812066 0.55405819 0.052598048 12
-0.2854985 0.5877437 0.1259218 15
-0.32723248 0.57536632 0.099661961 11
-0.36901519 0.56198573 0.07539995 10
-0.40084094 0.5587756 0.05298537 11
-0.30941549 0.58982712 0.12438058 14
-0.35567307 0.57182235 0.097186536 10
-0.38966465 0.56679362 0.074806534 10
-0.42283362 0.55968571 0.052403852 11
-0.33452067 0.59000778 0.12185503 14
-0.38192946 0.57009405 0.095676228 10
-0.41951659 0.55835176 0.07334096 10
-0.44589025 0.55968213 0.052839421 11
-0.35971296 0.58919221 0.11932763 13
-0.40502369 0.5700978 0.094112203 9
-0.44051322 0.55917484 0.072740294 8
-0.46461549 0.56331676 0.053205717 10
-0.38389039 0.58828622 0.11778089 13
-0.41924384 0.57936263 0.094412908 9
-0.45029622 0.57307023 0.073973358 9
-0.48126173 0.56777412 0.053535588 10
-0.40910086 0.58544004 0.1152501 13
-0.44361308 0.57443345 0.092859 9
-0.50561172 0.56284189 0.052980993 9
-0.43137297 0.58336467 0.11366314 12
-0.4877837 0.57831222 0.073702224 9
-0.51431179 0.57764655 0.054196611 10
-0.44905308 0.58791542 0.11201234 12
-0.48244452 0.57781172 0.091603495 9
-0.47701862 0.57830757 0.10950656 11
-0.52830571 0.57380706 0.072451338 8
-0.55364525 0.5750441 0.053929958 9
-0.51495242 0.58465415 0.090240516 8
-0.50736094 0.5869686 0.10810899 11
-0.56549227 0.5730266 0.071150199 8
-0.59096783 0.57226425 0.054624803 8
-0.54382676 0.59820276 0.09083233 8
-0.54231381 0.5890069 0.10577524 11
-0.59480071 0.58159423 0.071732901 8
-0.61674833 0.58654523 0.056160785 9
-0.57902133 0.59724879 0.089492887 8
-0.57047158 0.59948307 0.10534264 10
-0.62058121 0.59587526 0.073268823 7
-0.64621145 0.59311682 0.057739545 8
-0.60709226 0.60872126 0.089061953 8
-0.60234958 0.60225713 0.10295318 10
-0.64772385 0.60626191 0.073816717 7
-0.66802996 0.61809272 0.060237583 8
-0.63774395 0.61339068 0.089656323 8
-0.62823582 0.61554575 0.10348736 9
-0.67079896 0.62833589 0.076328404 8
-0.69452721 0.63544571 0.062797472 9
-0.66237366 0.62958115 0.090176709 8
-0.64879793 0.6434235 0.10597167 10
-0.69595289 0.64958709 0.078876331 8
-0.72552621 0.63613039 0.063384354 5
-0.6865505 0.65074879 0.091705754 6
-0.73533142 0.66106772 0.065655433 7
-0.67695564 0.65390015 0.10553858 10
-0.71932948 0.67971754 0.081421204 5
-0.74171782 0.70176405 0.069916643 3
-0.68611205 0.67476571 0.10778347 8
-0.71016872 0.67788738 0.095245063 4
0.92378825 7.516726 0.73010367 32
0.61846566 7.5365744 0.5808956 14
-0.69070208 0.71233797 0.11175527 1
1.0227286 7.4787922 0.87374568 129
0.74057496 7.5206976 0.73317778 134
0.43688145 7.5464158 0.58995968 136
1.1302652 7.4721875 1.0137234 14
0.84764761 7.5081053 0.87614399 135
0.56045663 7.5373921 0.73962826 134
0.2569254 7.5640926 0.60041064 129
0.95498419 7.500525 1.010121 146
0.67237389 7.535428 0.87753862 137
0.3823128 7.5539079 0.74505222 132
0.077337779 7.5857339 0.6118927 128
0.7782321 7.5118985 1.0065225 144
0.49236277 7.5430546 0.87800193 136
0.20590132 7.5782733 0.75250739 133
-0.10159858 7.6032863 0.62337404 124
0.60191542 7.5282426 1.0029454 145
0.31921175 7.5711575 0.88140786 135
0.028146548 7.5987401 0.75997579 132
-0.28008187 7.6258163 0.63586539 134
0.42789313 7.5524631 1.0016041 146
0.14058454 7.5877485 0.88411808 137
-0.14982599 7.6102538 0.76764667 132
-0.45943242 7.6434703 0.64857304 135
0.25492683 7.572556 0.9989332 149
-0.034694817 7.6030135 0.88747495 138
-0.32596114 7.63763 0.77606183 133
-0.63716388 7.6629467 0.66199166 135
0.07955312 7.5878382 0.99729097 141
-0.208997 7.6181951 0.88981259 133
-0.50305158 7.6540465 0.78445697 133
-0.8166272 7.6855836 0.67545342 132
-0.09177193 7.6148105 0.99661243 144
-0.38319689 7.6454077 0.89518976 138
-0.68087745 7.6735401 0.79287606 135
-0.99654675 7.7142825 0.68994433 132
-0.26792693 7.6211271 0.99495333 141
-0.5592798 7.6627483 0.89956796 138
-0.85885823 7.6910367 0.8022911 135
-1.178659 7.7291174 0.70542878 131
-0.44150433 7.6452842 0.99430686 144
-0.73672843 7.687232 0.90499622 138
-1.0371897 7.7155867 0.81373698 139
-1.3613111 7.7379775 0.71990222 124
-0.61686265 7.6716013 0.99570131 150
-0.915241 7.710803 0.91144121 140
-1.2188754 7.7364159 0.82423264 135
-1.5450904 7.7680125 0.73646969 135
-0.79354203 7.6829777 0.99606866 145
-1.0939238 7.721344 0.91584378 139
-1.4026434 7.7674603 0.83680254 137
-1.7296512 7.7890811 0.75302058 135
-0.97186953 7.7095518 0.9985193 150
-1.2730664 7.7489834 0.92331398 137
-1.584375 7.776248 0.84725684 137
-1.9174128 7.8074369 0.77048415 132
-1.1487495 7.7290397 0.99952734 149
-1.4555275 7.7609196 0.92940122 139
-1.7660292 7.7961359 0.85935652 137
-2.1051934 7.836863 0.78787005 124
-1.3273399 7.7526345 1.0019692 150
-1.6361893 7.7826786 0.93687636 139
-1.9543726 7.82056 0.87298602 140
-2.2944846 7.8493147 0.80647677 65
-1.5098923 7.7655339 1.0034485 135
-1.8207294 7.8057733 0.94543391 139
-2.143254 7.8389983 0.88562489 137
-2.4885333 7.8762145 0.82525867 69
-1.6932461 7.7915173 1.0080366 126
-2.0087726 7.8231177 0.95409203 141
-1.5389981 3.5380979 0.41448092 1
-2.6846852 7.8902307 0.84506279 126
-1.8759658 7.8023872 1.0095711 114
-2.1969893 7.8384695 0.96274793 144
-2.5290976 7.8855557 0.91617197 128
-2.885715 7.9167109 0.86800355 127
-2.0638661 7.7996531 1.0121576 90
-1.5676028 3.5585465 0.45014244 5
-2.7261472 7.9016633 0.93200082 135
-3.0091131 7.6544189 0.85848349 37
-2.2487783 7.7966595 1.0146879 79
-2.5835226 7.8790784 0.98428851 144
-2.9242792 7.9168615 0.9478482 136
-3.0542574 7.1665268 0.82370365 57
-2.438802 7.8151855 1.0193902 37
-2.7822053 7.9003549 0.99616647 137
-3.0153165 7.5463872 0.91833884 36
-3.2183344 7.112515 0.8356663 114
-2.6232355 7.7950888 1.0198543 122
-2.9669569 7.8642173 1.0005833 81
-3.0761194 7.1210938 0.88206422 97
-3.4094899 7.1371303 0.85841352 117
-2.8205442 7.8102326 1.0266765 126
-3.0284977 7.3988633 0.95115632 37
-3.2568347 7.1177182 0.89647424 124
-3.6044147 7.1530471 0.88214177 39
-3.0022297 7.7648163 1.0249332 59
-3.1255891 7.1082211 0.92496347 126
-3.4507468 7.1466079 0.91421849 125
-4.1113515 7.9347701 0.99940753 97
-3.0359931 7.2187848 0.95865524 38
-3.3162005 7.1298041 0.93861943 122
-3.9416621 7.9279389 1.0311807 121
-4.3323832 7.9499407 1.0266123 104
-3.1933153 7.1310997 0.95330209 128
-3.5098002 7.1516457 0.95233077 120
-4.1583672 7.9367223 1.0512806 110
-3.8522036 6.4348278 0.85426944 8
-3.38129 7.1384101 0.95985556 123
-4.0089011 7.9316812 1.0674393 118
-4.386508 7.9635611 1.0736566 105
-3.9706926 6.3065963 0.85903955 96
-3.5748749 7.1502218 0.9675287 123
-4.2290773 7.9478016 1.0826267 117
-3.89186 6.4331636 0.88698637 89
-4.1022649 6.2116179 0.86817032 97
-4.0842981 7.9380665 1.0789156 122
-4.4593806 7.972743 1.0988424 99
-3.9889424 6.262866 0.87922889 99
-2.9142251 3.7135727 0.53767312 2
-4.3136473 7.9641399 1.0908564 112
-3.9235773 6.3756495 0.89417732 98
-2.8360357 3.7228553 0.54011726 7
-3.0201318 3.7047672 0.5503701 58
-3.8513944 6.4657764 0.89592659 28
-4.0398455 6.2403245 0.88751817 101
-2.9368229 3.7045717 0.54870987 52
-3.1378107 3.7100143 0.56639391 64
-3.9632058 6.3139644 0.88331991 97
-2.8645897 3.705313 0.54139221 33
-3.0517125 3.7085388 0.55980444 61
-3.2533333 3.7059963 0.58146 12
-4.0990572 6.2194004 0.87841678 100
-2.9751763 3.701875 0.55034941 79
-3.1714926 3.7139242 0.57295555 56
-6.3950171 8.1843805 1.3001919 65
-2.9177892 3.7219241 0.53634685 8
-3.0998049 3.7156222 0.55995136 67
-3.2833357 3.6995463 0.58226568 6
-6.6974111 8.2218571 1.3420111 65
-3.0292964 3.7147601 0.54187298 43
-3.2180872 3.7171812 0.56932366 51
-6.4754772 8.1868286 1.3012979 86
-5.017539 5.5799341 0.94271415 28
-3.1525695 3.72258 0.54918534 62
-6.3025174 8.1758347 1.258136 85
-6.7934885 8.2385769 1.3411806 88
-5.0316882 5.3392715 0.93019432 93
-3.2590516 3.6977248 0.55301875 8
-6.6069841 8.2123642 1.2877249 89
-5.0344038 5.5161815 0.92579937 60
-5.093452 5.1720018 0.92876434 92
-6.433753 8.1862955 1.2214545 88
-4.9848108 5.6062007 0.90109837 22
-5.0502529 5.2796192 0.90920359 101
-8.0871439 8.4402714 1.553936 73
-6.7536998 8.2301903 1.2462462 67
-5.0140986 5.3769326 0.88285166 91
-5.1238155 5.1264911 0.90702957 78
-8.2724981 8.2667427 1.5724444 29
-5.0305171 5.5379505 0.8560636 78
-5.0701613 5.1940122 0.87129897 96
-8.1644917 8.386817 1.5130403 71
-3.6779931 2.9990826 0.5969891 16
-5.0489535 5.2934813 0.83241504 107
-5.1746016 5.0764966 0.8700316 25
-3.6522992 3.0560572 0.57574189 10
-3.6922593 2.8818259 0.59295064 20
-5.1206203 5.1300159 0.8202976 28
-8.2651339 8.3151808 1.4511983 49
-3.6835186 2.9513054 0.5730592 39
-3.6969936 2.7587068 0.58874047 37
-8.1632538 8.3875465 1.3564653 79
-3.6792831 3.0161703 0.54808652 16
-3.6904755 2.8264194 0.56469858 38
-3.7086117 2.6483085 0.58547038 39
-3.6427109 3.0400305 0.51149374 8
-3.6941798 2.8935294 0.54004985 0
-3.6990986 2.706851 0.55864483 38
-3.7173841 2.5383933 0.58152872 44
-5.140564 4.4601393 0.75936669 3
-5.2756958 4.3009501 0.81899232 1
-3.7071533 2.5923162 0.55314028 34
-3.721905 2.4289424 0.5788126 47
-5.1840339 4.2971611 0.74900818 25
-5.6566505 4.4594669 0.87191492 6
-3.713167 2.4794395 0.54762304 19
-3.7327106 2.3295181 0.57548726 49
-9.1753426 7.8788614 1.3918862 74
-5.6185498 4.2213116 0.84935421 80
-3.7213762 2.3747494 0.5424037 6
-3.7412572 2.2318778 0.57329667 64
-5.6118464 4.2909327 0.78339851 86
-5.6443214 4.0473485 0.83915496 78
-12.09015 8.8910484 2.0664785 71
-3.7454298 2.1321447 0.57117397 70
-4.7123303 3.3128622 0.62451911 48
-5.7349086 3.93014 0.84222615 68
-12.74929 8.9747429 2.1638381 65
-3.7574525 2.0420353 0.56966799 70
-4.7208209 3.1611118 0.61202794 16
-12.496578 8.9316664 1.9612571 70
-13.397758 9.0079212 2.2585595 71
-3.7708123 1.9532704 0.56957781 76
-12.260587 8.8768177 1.7483069 68
-13.180534 8.9934778 2.0505805 63
-5.3520322 3.0717344 0.81170261 1
-3.7873883 1.868795 0.57108694 51
-12.964054 8.9673996 1.8205328 65
-13.896917 9.0563068 2.1401315 72
-5.364922 2.932533 0.80666125 27
-3.7936492 1.7831674 0.57011896 31
-13.682169 9.052969 1.8981946 67
-5.3641434 2.987124 0.74126852 1
-5.3160563 2.7670453 0.79455137 59
-3.8088138 1.7116271 0.57219893 30
-14.514726 9.1577396 1.9847691 47
-5.3557696 2.8319256 0.73021346 42
-5.3456721 2.6462567 0.79331636 59
-3.8208034 1.6314312 0.57290089 27
-5.3639112 2.8699853 0.6532011 5
-5.3212357 2.6664116 0.71668017 69
-5.451519 2.5691967 0.80673921 61
-3.8173349 1.5448339 0.5704385 22
-5.3173418 2.6933172 0.63668203 73
-5.4207191 2.5827136 0.72518575 63
-4.9271245 2.1552527 0.71171987 13
-3.8317814 1.4707935 0.57240725 12
-5.3829679 2.5855896 0.63642436 65
-4.9311156 2.1818099 0.64280981 2
-4.9197011 2.0351176 0.70582688 17
-3.8523431 1.3982054 0.5736419 7
-17.536629 8.9872637 2.266535 102
-4.9482679 2.0697868 0.63784665 13
-4.9246531 1.9221969 0.70210403 20
-3.8547924 1.32033 0.57307315 5
-4.9813967 2.1011949 0.56487262 14
-4.9382601 1.9468172 0.63168663 16
-4.921948 1.8087707 0.69896388 11
-4.9780841 1.9775094 0.55748373 14
-4.9365335 1.8292298 0.6262747 23
-3.8383698 1.1594166 0.56937528 1
-4.8966436 1.8208694 0.54051161 72
-3.8238635 1.1652727 0.51011986 8
-3.8757212 1.0973922 0.57681417 1
-4.965301 1.7344519 0.54338717 39
-3.8417394 1.1778982 0.45637107 1
-5.491446 1.6935896 0.78771597 32
-3.8896513 1.0283194 0.57977682 4
-3.8223608 1.1713271 0.39299032 14
-5.5401001 1.717082 0.70364654 39
-4.9656873 1.3969845 0.69822061 31
-3.8948476 0.95543349 0.58035153 6
-5.5437284 1.7164088 0.6060068 40
-5.0037265 1.411266 0.621131 11
-4.9682612 1.2945673 0.6968894 18
-3.9046023 0.8857947 0.58264279 9
-4.8867469 1.3679936 0.51863015 15
-4.9356179 1.2837682 0.60828841 11
-4.9309583 1.1818383 0.68993706 19
-3.917536 0.81657976 0.58575106 14
-4.9231763 1.2717091 0.51909411 87
-4.9004989 1.1692132 0.60041916 1
-5.0186558 1.1050599 0.70337975 19
-3.9176214 0.74520844 0.58648425 23
-4.9478259 1.1723861 0.51811934 45
-5.058001 1.1075772 0.62188387 1
-18.346447 4.1676383 2.9123166 112
-3.9284675 0.67683631 0.58942574 26
-4.8577514 1.0435594 0.50415766 17
-18.359098 4.1233864 2.539377 128
-4.9360952 0.88655412 0.69024086 71
-3.9438884 0.60846114 0.59473759 29
-4.8594232 0.93988127 0.50161588 17
-4.9681597 0.87988287 0.60634661 75
-4.9354439 0.78858268 0.69037044 63
-3.9351373 0.53626984 0.59448695 25
-4.9371638 0.85430008 0.50836557 150
-4.9848504 0.78199744 0.60692465 79
-4.9358201 0.6932798 0.69076365 82
-3.9470265 0.46903947 0.59832186 26
-4.9468875 0.75476587 0.50710672 150
-4.9864769 0.68275201 0.60658771 88
-4.9508891 0.60021299 0.69468808 51
-3.9608586 0.40187624 0.60330445 41
-4.9459653 0.65186441 0.50563693 150
-5.5889182 0.66592205 0.69329286 84
-5.1078424 0.52355748 0.7223559 9
-3.9689558 0.33256757 0.60743475 48
-4.8952079 0.54355448 0.49890444 150
-5.0512199 0.4913024 0.616108 50
-6.3670182 0.54511207 0.93326157 1
-3.9712381 0.26287887 0.61007565 54
-4.9163814 0.44474015 0.4994137 48
-6.3473592 0.50511932 0.80205393 68
-6.2960663 0.41162896 0.92532605 81
-3.9906123 0.19396764 0.61735654 60
-4.9402723 0.34700704 0.50322419 63
-6.196435 0.36411861 0.78332829 96
-6.2739282 0.28421706 0.92550939 90
-3.9944119 0.12508018 0.6202181 63
-4.9506798 0.24770686 0.50419581 77
-5.1613703 0.19734015 0.63602322 19
-6.2772861 0.16126674 0.93056691 88
-4.0061369 0.05701229 0.62705898 73
-4.9624867 0.15704897 0.5059765 65
-6.3941159 0.12569359 0.81604254 99
-6.3301997 0.048650183 0.9435333 24
-4.0185518 -0.0056977901 0.63297963 92
-4.9811783 0.057373103 0.50867647 83
-19.1215 -0.073002487 2.6642697 3
-19.223591 -0.32194594 3.1473629 3
-4.0264454 -0.074246705 0.63777244 83
-4.9898291 -0.042234428 0.50941682 73
-19.199224 -0.50895315 2.686141 3
-4.032516 -0.14500624 0.64260459 86
-4.9954901 -0.14214055 0.51111221 46
-19.226723 -0.94229484 2.6998332 4
-19.308229 -1.1639537 3.1915643 3
-4.0406079 -0.21464962 0.64793551 82
-4.9923244 -0.24200726 0.51031202 42
-19.270359 -1.3797939 2.7110307 5
-19.205786 -1.5804111 3.1880414 94
-4.0535202 -0.2856358 0.65452307 82
-5.005682 -0.34388119 0.51449424 39
-19.214537 -1.8088828 2.7189798 139
-5.205934 -0.45122322 0.77090102 150
-4.0501599 -0.35605824 0.65838736 36
-5.0214233 -0.44682541 0.51754993 42
-5.2030249 -0.50951612 0.65764004 61
-5.1710682 -0.54661274 0.76996452 150
-4.0694351 -0.42967957 0.66749752 27
-5.0517421 -0.55461347 0.5247485 39
-5.1714067 -0.60763371 0.65675342 51
-5.1543374 -0.64343756 0.77235043 150
-4.0776205 -0.50226796 0.6733886 26
-5.0485506 -0.65732247 0.52629286 37
-5.1509838 -0.70885944 0.65895015 48
-5.1284289 -0.73911035 0.77345872 150
-4.074748 -0.57482684 0.67802614 23
-5.074964 -0.76644301 0.53236973 39
-5.8995638 -0.95993972 0.77661496 58
-5.8512683 -0.98643142 0.9086839 23
-4.0972562 -0.65221304 0.68901867 15
-5.1322012 -0.88605148 0.54263443 48
-5.1751437 -0.92272288 0.67111838 20
-4.1595864 -0.72013652 0.60940778 0
-4.1106052 -0.72958273 0.6964491 6
-5.1507316 -0.99906355 0.54918212 46
-5.1751294 -1.0292659 0.6765756 20
-4.1151948 -0.7873227 0.60640818 4
-4.0864234 -0.79901677 0.69789773 4
-4.0775309 -0.82349229 0.41864252 6
-5.1803966 -1.1383146 0.6834566 2
-4.1117291 -0.86499786 0.61220646 22
-17.439098 -4.6366005 3.567842 4
-5.1897097 -1.2327696 0.56216395 30
-10.45963 -2.8155637 1.5154557 1
-4.1227789 -0.94837564 0.61997908 28
-10.286848 -2.8453856 2.0542922 49
-5.1244793 -1.3281847 0.55967796 12
-9.9377451 -2.8947258 1.4470453 48
-4.1344013 -1.034837 0.62792957 41
-9.7545109 -2.9031351 1.9600433 44
-9.4809055 -2.9559436 1.12932 49
-9.4241772 -2.9573495 1.3824019 83
-4.1402574 -1.11927 0.63597327 53
-9.4361324 -3.0073171 1.910077 109
-9.4359083 -3.1766639 1.1361656 118
-9.4435196 -3.1914697 1.4000635 121
-4.1478934 -1.2069407 0.64453363 80
-9.4590864 -3.2281563 1.9352587 110
-9.4520607 -3.4221885 1.1503508 112
-9.4722729 -3.4339364 1.4206922 113
-4.1502485 -1.2930887 0.65226018 95
-9.483366 -3.4549625 1.9618582 97
-14.086359 -5.664537 1.7847416 62
-14.126784 -5.6784997 2.208513 66
-4.1537175 -1.3818083 0.66104287 83
-14.036983 -5.6436138 3.0297923 61
-6.1423397 -2.3931372 0.73163873 65
-13.459817 -5.7465291 2.1267505 59
-4.1707826 -1.479372 0.6716091 58
-13.454072 -5.7269855 2.9321518 60
-6.1247258 -2.544692 0.73938167 49
-6.0931573 -2.5159752 0.9027155 21
-4.1789217 -1.5775133 0.68308461 33
-12.876788 -5.7931304 2.8379309 65
-6.1769238 -2.7348876 0.75986123 21
-6.0295334 -2.6404071 0.90749454 12
-4.1942043 -1.6796204 0.69598454 14
-12.369291 -5.8626986 2.7553833 68
-11.592534 -5.8949289 1.5450791 11
-11.614932 -5.8594632 1.9039626 40
-4.2163329 -1.7889968 0.71132696 5
-11.69623 -5.8185072 2.6303079 1
-5.4383545 -2.6382613 0.68063581 6
-5.39394 -2.5850768 0.82398242 14
-11.313835 -5.9665985 2.2258127 5
-5.3453159 -2.7298265 0.67725635 5
-4.2404308 -2.023968 0.62719363 1
-10.879328 -6.0192599 2.1645665 72
-10.96498 -6.0074053 2.5251963 12
-10.580487 -6.2938108 1.4780301 69
-4.2501526 -2.1395597 0.63996804 9
-10.582588 -6.1475 2.133765 80
-10.58384 -6.0720477 2.4642153 80
-5.5545158 -3.1830685 0.73325747 21
-4.2640004 -2.2623053 0.65251285 19
-13.972768 -8.7315025 2.9178269 10
-10.628965 -6.4050984 2.5104165 80
-5.489069 -3.3057649 0.73687148 6
-4.2720871 -2.386416 0.6642186 29
-13.683609 -8.9649801 2.9003518 9
-10.675846 -6.7516899 2.563062 81
-11.66065 -8.1769571 1.7365928 7
-4.2862597 -2.5186496 0.67997891 38
-10.75474 -7.2460489 2.2816253 3
-10.705678 -7.0952778 2.6142926 85
-4.2997565 -2.6549654 0.6967116 26
-10.766161 -7.6083179 2.3274574 10
-10.718403 -7.4383936 2.662214 21
-4.314888 -2.7991941 0.7144416 11
-10.765507 -7.9706688 2.373069 41
-10.79235 -7.8445764 2.7310252 74
-5.7398357 -4.2577066 0.84885609 28
-4.3511124 -2.9687481 0.73848587 0
-10.852221 -8.4220257 2.4430373 77
-10.838575 -8.244216 2.7944622 78
-10.494024 -8.8759832 1.7069392 78
-10.682384 -8.8505116 2.1034529 90
-10.864305 -8.8316135 2.4988289 101
-10.87865 -8.6544266 2.8597529 78
-4.3509026 -3.3439744 0.64415908 2
-10.281214 -8.8939838 2.0661149 89
-10.455415 -8.864687 2.4503868 91
-10.637836 -8.8286877 2.8478305 87
-4.372653 -3.5318482 0.66589588 15
-10.085346 -9.1286516 2.0767856 71
-10.091647 -8.921978 2.4106514 85
-10.266457 -8.8765593 2.796977 80
-4.3854709 -3.7204723 0.68745351 17
-11.047544 -10.569983 2.3529563 67
-10.112963 -9.3578291 2.4744692 79
-10.111764 -9.1226988 2.8103001 72
-4.4095407 -3.9341617 0.7140466 13
-11.097898 -11.131618 2.4296098 73
-11.07876 -10.823833 2.8013577 68
-10.109013 -9.5292273 2.8724511 5
-4.4369879 -4.1636138 0.74161446 3
-11.1651 -11.7468 2.5172243 69
-11.132725 -11.386773 2.8888187 70
-11.127729 -11.065547 3.2627695 61
-11.238448 -12.800172 2.2003551 58
-11.214365 -12.373517 2.6035414 78
-11.190712 -11.990809 2.9834425 76
-11.167302 -11.60907 3.3543451 70
-4.8610139 -5.1478209 0.88645506 40
-11.2801 -13.058326 2.702014 83
-11.246875 -12.623256 3.0839393 72
-11.230861 -12.211783 3.4590878 75
-4.7333856 -5.2380319 0.88976258 43
-4.7845845 -5.1204739 1.0570807 98
-11.321535 -13.316097 3.1975391 74
-11.297036 -12.850925 3.5733399 58
-4.5865436 -5.2975354 0.88939077 8
-4.5943332 -5.1153779 1.0424278 57
-4.8555946 -5.2908597 1.2647574 28
-11.370886 -13.54538 3.7008431 58
-4.5807137 -5.5688467 0.92380595 3
-4.4902892 -5.221549 1.0493686 36
-4.7872934 -5.4542637 1.2838556 1
-11.452504 -14.291084 3.8364329 5
-11.750592 -17.328779 2.8002272 26
-4.5324059 -5.5562191 1.1009231 2
-10.978035 -14.856222 3.4040155 100
-11.304714 -14.76669 3.8981895 101
-11.835763 -18.427694 2.9507833 34
-11.763596 -17.52038 3.3826063 36
-10.710971 -15.200511 3.4337234 55
-10.857878 -14.815245 3.8486807 97
-11.991038 -19.759516 3.1367292 23
-11.889536 -18.677769 3.5633717 25
-11.796099 -17.74509 3.9504106 40
-10.734985 -15.347617 3.9243803 23
-11.920526 -20.767345 3.2677622 97
-12.067641 -20.020824 3.7759831 18
-11.941241 -18.936354 4.1605682 32
-11.838907 -17.945997 4.5139856 50
-11.343875 -20.879063 3.257237 76
-11.847392 -20.75181 3.8664243 75
-12.07268 -20.196371 4.3724194 21
-11.746247 -18.700422 4.632165 33
-12.466721 -24.558722 3.8023028 20
-11.333155 -20.948172 3.8676713 40
-11.776229 -20.754459 4.4391708 68
-11.859939 -19.902929 4.859796 23
-12.683985 -26.644629 4.1079531 39
-12.531981 -24.782869 4.546607 22
-11.371529 -21.127905 4.4762163 20
-11.729663 -20.734297 5.002892 84
-12.020958 -26.853329 4.1249256 51
-12.609018 -26.531733 4.8245039 25
-12.285987 -24.344002 5.1046839 15
-11.374324 -21.183903 5.0482464 16
-12.010783 -26.825638 4.8435822 37
-12.630441 -26.653891 5.5340815 62
-12.672668 -25.203741 5.9268255 15
-12.681929 -32.769382 4.9976702 48
-13.503836 -32.547092 5.8316517 28
-12.003124 -26.863928 5.5210133 31
-12.639845 -26.658491 6.1939292 95
-13.769471 -38.639172 5.8746805 70
-12.723399 -32.758957 5.8340125 38
-13.496101 -32.551086 6.6434684 26
-11.995527 -26.79648 6.1652198 34
-14.571505 -44.544949 6.7728724 45
-13.82811 -38.607773 6.8469577 55
-12.720889 -32.728001 6.6218295 39
-13.526398 -32.528809 7.4013414 35
-15.107222 -50.491165 7.6625638 44
-14.64986 -44.478836 7.8489804 32
-13.8585 -38.592613 7.7403131 62
-12.773434 -32.726765 7.3651962 55
-15.364002 -56.535332 8.5762882 59
-15.231847 -50.476788 8.8624496 37
-14.712041 -44.494278 8.8517723 50
-13.914876 -38.564423 8.5838099 54
-15.19082 -61.960667 9.3811207 70
-15.574718 -56.479763 9.8375559 59
-15.351974 -50.458767 9.9317398 41
-14.801159 -44.301994 9.7454109 42
-15.473294 -61.924721 10.76072 39
-15.694016 -56.450226 11.050337 37
-14.005073 -62.063988 10.759151 58
-15.729259 -62.169136 12.087945 46
-15.895067 -56.383087 12.162507 39
-9.9661417 -57.12965 8.6708879 25
-12.56935 -62.219257 10.754204 46
-14.300426 -62.447304 12.075548 61
-15.926596 -62.013844 13.249398 45
-10.251558 -57.085571 9.8432627 27
-12.845225 -62.538418 12.01885 46
-14.530464 -62.353924 13.21782 50
-9.6603937 -62.542912 10.773894 64
-10.44676 -56.95554 10.899662 27
-13.112585 -62.522469 13.153362 50
-8.1999149 -62.67646 10.786193 47
-9.970212 -62.895805 11.982958 68
-11.68922 -62.69371 13.087001 47
-6.7585011 -62.863842 10.810953 42
-8.5233727 -63.059799 11.96729 54
-10.272859 -62.854847 13.032703 58
-5.3236041 -62.983898 10.838791 60
-7.0954738 -63.196636 11.953814 62
-8.8423615 -62.985611 12.97755 49
-3.8792892 -63.165195 10.879004 36
-5.6776628 -63.311199 11.938972 62
-7.4488816 -63.152966 12.926978 55
-2.4329228 -63.247147 10.910016 38
-3.9322634 -57.746738 10.87453 25
-6.0328894 -63.278629 12.887971 74
-0.98614341 -63.467831 10.969697 45
-2.7994039 -63.658802 11.963659 47
-4.2703171 -57.649891 11.680121 38
-1.3626002 -63.767071 11.969175 73
-3.1772199 -63.584496 12.824167 59
1.7108485 -58.306801 10.132969 31
0.094232835 -63.945728 11.983294 71
-1.7544757 -63.75082 12.793748 67
3.4286392 -63.927876 11.157599 51
1.3411092 -58.28434 10.931815 25
-0.32229221 -63.888199 12.772364 51
4.9674015 -64.06102 11.335235 48
3.0546732 -64.213623 12.141755 52
1.1551472 -63.906666 12.830759 66
6.4501162 -64.215599 11.415257 42
4.547327 -64.399185 12.193239 47
2.6109264 -64.187889 12.876366 74
8.1154013 -52.862518 8.8583279 39
7.2062092 -58.831375 10.536095 36
6.0211143 -64.330589 12.215801 65
4.095294 -64.32711 12.873491 74
8.2189341 -46.952278 7.9530401 50
7.6229696 -52.850708 9.5217695 55
6.7778244 -58.804844 11.18504 35
5.5752134 -64.506599 12.875427 72
7.7878656 -46.996922 8.5185785 19
7.2505174 -52.903172 10.08511 26
9.0464993 -40.958748 7.0857015 63
8.8884268 -46.884048 8.5356522 28
8.4516697 -52.925915 10.07131 24
8.6152382 -41.031281 7.5176535 32
8.4944973 -46.91206 8.964262 53
9.5660839 -40.934944 7.5613694 23
8.1127357 -46.928005 9.3022652 54
9.9832993 -34.500668 6.1807141 31
8.9916763 -35.324234 6.5783501 12
8.7451572 -44.740494 8.8690386 15
10.161752 -32.467785 5.8972859 26
9.7544241 -34.966328 6.5656919 41
8.927433 -41.007641 8.1304188 59
9.8167019 -29.255913 5.3884816 34
10.032982 -33.136078 6.2877531 19
9.4865017 -35.04591 6.8184295 61
10.511642 -29.074902 5.4371314 85
9.615097 -29.571062 5.6713052 8
9.9240999 -33.660854 6.5893674 16
9.2362528 -35.121929 6.9878144 56
10.857906 -28.057947 5.3252301 30
10.190663 -29.085222 5.6281071 81
10.103199 -31.699862 6.2387924 22
10.060428 -34.965591 6.9631524 40
10.979155 -26.629738 5.1333961 36
10.629163 -28.26774 5.5374532 22
9.9609241 -29.141539 5.7789493 41
10.058709 -32.359093 6.4647293 28
10.311299 -23.68664 4.6418786 9
10.869513 -27.095541 5.3682961 28
10.532085 -28.68026 5.7270579 32
9.7745867 -29.304077 5.874177 36
10.691434 -23.112642 4.6114588 99
11.004536 -25.792179 5.1760273 27
10.724755 -27.323225 5.504993 26
10.430634 -29.029099 5.8448119 60
11.31916 -23.057262 4.6828227 62
10.492383 -23.281174 4.7364631 45
10.947112 -26.177631 5.3235164 27
10.613716 -27.599232 5.582695 31
11.45023 -22.088264 4.5701513 53
11.085829 -23.143253 4.7747326 121
10.419127 -23.55891 4.8373117 24
10.910323 -26.573074 5.4077048 37
11.555592 -21.136688 4.4609599 62
11.375449 -22.433847 4.692522 34
10.870793 -23.12661 4.7894249 97
10.304926 -23.73052 4.8489914 12
11.629509 -20.204247 4.3420105 46
11.472282 -21.445065 4.5580177 36
11.360079 -22.78718 4.7785645 45
10.675311 -23.127668 4.7620468 95
11.727014 -19.374519 4.2568245 63
11.580683 -20.546797 4.4380956 22
11.436263 -21.72928 4.61027 56
11.300457 -23.042006 4.7796531 74
11.108064 -17.55265 3.9405627 67
11.66757 -19.674835 4.3217521 42
11.573624 -20.851624 4.4799619 46
11.403946 -21.990538 4.6007996 42
11.405034 -17.152069 3.9358816 76
11.014282 -17.74633 3.9695575 14
11.64571 -19.92795 4.3390656 59
11.527518 -21.060291 4.4449434 61
11.928092 -17.064623 4.0053592 100
11.216993 -17.196768 3.9173734 86
11.742437 -19.093828 4.2162709 48
11.621711 -20.14555 4.2935781 56
12.016048 -16.401724 3.9616342 80
11.81111 -17.197905 4.0122705 124
11.137462 -17.29981 3.8952625 86
11.721484 -19.291395 4.1695552 61
12.090798 -15.755857 3.895386 79
11.979388 -16.629766 3.9474812 90
11.658527 -17.200758 3.9240279 107
11.105453 -17.445549 3.8079307 73
12.157885 -15.135764 3.8306656 80
12.042881 -15.947148 3.8650267 92
11.959187 -16.795229 3.8956218 87
11.517692 -17.190659 3.794481 88
12.224869 -14.546094 3.7758179 75
12.105007 -15.310635 3.7873554 109
12.034694 -16.117636 3.7997 108
11.948389 -16.941257 3.7882395 91
12.261834 -13.952 3.7191722 94
12.188521 -14.719776 3.7249699 108
12.101096 -15.464752 3.7126169 110
12.023252 -16.245859 3.6813848 96
12.329 -13.415565 3.6761982 88
12.232225 -14.115749 3.6567667 96
12.171408 -14.840143 3.6335597 104
12.094934 -15.580588 3.5810063 68
12.384499 -12.884662 3.6322746 100
12.336971 -13.603454 3.6075935 103
12.223092 -14.226782 3.5516958 90
12.14509 -14.919471 3.4847803 75
2.3320267 -2.9736021 0.88233596 3
12.362402 -13.026148 3.5391717 109
12.298873 -13.671015 3.4743652 108
12.227222 -14.33094 3.3918729 91
2.3375347 -2.8487935 0.86921561 83
11.672835 -11.797762 3.2952111 35
12.364361 -13.123668 3.4174263 107
12.297974 -13.744978 3.3186319 108
2.3805799 -2.7595508 0.87048566 89
2.3402119 -2.882406 0.84567797 68
11.670234 -11.878559 3.1667578 11
12.35236 -13.174334 3.241492 110
2.4694533 -2.7101784 0.8830573 79
2.3598032 -2.7707002 0.83587253 96
2.3352656 -2.8959577 0.80974388 51
11.70126 -11.956169 3.0029151 3
2.6076181 -2.6972833 0.90850008 40
2.4430959 -2.7157905 0.84456265 86
2.3785691 -2.8013561 0.80338842 137
2.3896799 -2.9548259 0.77543932 71
12.710305 -10.082472 3.4417286 90
2.5709691 -2.692925 0.86324596 57
2.4677827 -2.7469537 0.80896205 94
2.3771956 -2.8061008 0.75441146 132
12.748225 -9.6550703 3.4161329 98
12.679997 -10.140558 3.2831085 104
2.5723979 -2.7009397 0.81820172 69
2.4919615 -2.7700071 0.76240838 108
12.790415 -9.237092 3.3944111 96
12.737656 -9.7158747 3.2521205 108
12.691662 -10.173144 3.1028018 102
2.580646 -2.7095263 0.76502246 96
12.839012 -8.8387613 3.3774738 79
12.78338 -9.2901497 3.222367 103
12.742471 -9.7327728 3.0620189 106
12.685396 -10.159841 2.8780556 84
12.874478 -8.4412537 3.3598027 88
12.821387 -8.8727312 3.1937516 106
12.796234 -9.305645 3.0251567 111
12.761643 -9.7266178 2.8337946 110
12.913006 -8.0550041 3.3430526 109
12.862293 -8.4685888 3.1670382 84
12.836234 -8.8752928 2.9885836 106
12.806659 -9.2826185 2.7871876 112
12.953986 -7.6760092 3.330225 110
12.91876 -8.0828943 3.1459432 107
12.880712 -8.4634132 2.9558401 108
12.819271 -8.8297491 2.7382469 72
12.990285 -7.3046341 3.3174541 108
12.952806 -7.6892052 3.1233194 106
12.930137 -8.0640154 2.9239464 115
12.898155 -8.4258976 2.703809 103
13.018157 -6.9375372 3.3038273 117
12.996448 -7.3124242 3.1024349 104
12.963577 -7.664228 2.8943646 110
12.942646 -8.0130014 2.6670763 117
13.051662 -6.5759678 3.2950697 109
13.028067 -6.9355974 3.0827837 109
13.005406 -7.2722073 2.8665888 126
12.973994 -7.6009579 2.6295946 113
13.113562 -6.2359862 3.2946706 130
13.058116 -6.5656652 3.0651333 114
13.024154 -6.8801732 2.8392582 114
13.023264 -7.2035556 2.5987051 117
12.367824 -5.5606246 3.1062903 104
12.315533 -5.8554616 2.8818591 62
13.069327 -6.5085506 2.8173234 124
13.055221 -6.808681 2.567121 116
12.444149 -5.2522888 3.1130466 75
12.387623 -5.5356793 2.8777528 113
12.357403 -5.8063321 2.6470175 120
13.078828 -6.4172788 2.5352943 116
13.204642 -5.2039328 3.2789197 125
12.516976 -5.2417955 2.8878436 70
12.395165 -5.4631777 2.6300907 120
12.371322 -5.7132344 2.376327 119
13.231919 -4.8689399 3.2761662 100
13.223962 -5.1555247 3.0229244 127
12.798342 -5.2627168 2.6854992 57
12.401927 -5.3584304 2.3525698 115
13.274785 -4.5404139 3.2790475 124
13.255759 -4.8129597 3.0130692 128
13.22703 -5.0585537 2.7464058 122
13.199869 -5.2941966 2.463758 106
13.299464 -4.2123132 3.278259 112
13.281722 -4.4688916 3.0063322 118
13.271293 -4.7110591 2.7353144 127
13.257847 -4.937849 2.446425 86
13.344593 -3.8930585 3.2829762 125
13.317024 -4.1336908 3.0012913 125
13.297773 -4.3600001 2.7215166 129
13.288267 -4.5750728 2.4276075 125
13.361925 -3.5693498 3.2832243 117
13.347172 -3.800046 2.9963412 125
13.333032 -4.0127335 2.711534 123
13.324265 -4.2178111 2.4106576 124
13.407073 -3.2511199 3.292917 112
13.381031 -3.4707544 2.995301 124
13.375704 -3.6731527 2.7043736 125
13.361946 -3.864718 2.3956563 118
13.440945 -2.9349039 3.2998152 71
13.419995 -3.1409123 2.9961665 125
13.401407 -3.3320794 2.6955442 124
13.400766 -3.5107303 2.3836384 123
13.47185 -2.6184323 3.3077717 104
13.460554 -2.8162353 2.9989769 113
13.450086 -2.9940474 2.6942639 122
13.437179 -3.1615536 2.3726437 124
13.502618 -2.3039618 3.3177216 119
13.487432 -2.4873486 3.0020695 118
13.476601 -2.656069 2.6894057 121
13.473823 -2.8104 2.364655 123
13.537129 -1.9928341 3.3285847 90
13.532767 -2.1661112 3.0077734 125
13.523761 -2.3239274 2.6881261 121
13.521953 -2.466284 2.3594141 123
13.575768 -1.6810738 3.3423727 114
13.565226 -1.8427385 3.0127342 122
13.551455 -1.985064 2.688251 121
13.554173 -2.1197584 2.3514993 125
13.611622 -1.3670613 3.3582475 115
13.594715 -1.5191025 3.0197861 120
13.598691 -1.6529312 2.6920166 123
13.601647 -1.7725762 2.3513324 126
13.628096 -1.0553445 3.369503 101
13.623419 -1.193393 3.0288756 119
13.626963 -1.3191309 2.6941519 121
13.630825 -1.4268296 2.3477077 123
13.668611 -0.7448284 3.3876958 96
13.659752 -0.87148577 3.0404027 111
13.662499 -0.98212063 2.7009676 114
13.668223 -1.0789212 2.3485408 121
13.712542 -0.42968348 3.4102483 88
13.691418 -0.54519331 3.0522399 90
13.692777 -0.64765745 2.7068706 107
13.698544 -0.73233503 2.3503034 119
13.745317 -0.11642624 3.4296074 80
13.738216 -0.22104439 3.0691874 86
13.729658 -0.30949575 2.7158742 98
13.730102 -0.3846499 2.3524525 112
12.98706 0.19158424 3.2665083 50
12.992825 0.10062806 2.9204297 53
13.603491 0.02776669 2.6955876 80
13.773975 -0.036264326 2.3571303 100
12.975288 0.48861983 3.2781327 55
12.990975 0.41308802 2.9305482 60
13.000684 0.34809908 2.5891299 75
12.99972 0.30109531 2.2358172 76
13.083733 0.79221988 3.317759 2
13.002132 0.72323793 2.9438643 38
13.04008 0.67077708 2.6027899 60
13.038959 0.63484639 2.2435315 68
13.862334 1.1559252 3.5206251 32
13.844328 1.0944952 3.1326568 53
13.858316 1.0524713 2.7637446 62
13.840602 1.0271289 2.3778963 67
13.890721 1.4788156 3.5463524 26
13.884066 1.4314339 3.1571879 40
13.8859 1.3983321 2.7789333 55
13.88929 1.3852021 2.3907435 65
13.939263 1.8077236 3.5800662 18
13.905819 1.766744 3.1784372 41
13.911963 1.7493383 2.7961757 56
13.925291 1.747396 2.4038508 65
13.972313 2.1355906 3.612669 24
13.955431 2.1112425 3.2098033 39
13.942986 2.1005206 2.8189223 51
13.962508 2.1121113 2.4225483 59
13.999863 2.4663477 3.6427925 23
13.999998 2.4535685 3.2366629 36
14.001059 2.4597361 2.8446097 62
13.997488 2.4844167 2.4407303 63
14.037957 2.8022833 3.6778355 26
14.028205 2.8044958 3.2660728 51
14.033969 2.8203447 2.8680959 58
14.041774 2.861135 2.4621994 61
14.087974 3.1492674 3.7180855 14
14.065547 3.157619 3.2975957 40
14.059487 3.188576 2.8939118 61
14.055727 3.2364261 2.4792144 62
14.126898 3.4951859 3.757396 34
14.09977 3.5190001 3.331955 60
14.112965 3.5632977 2.9258499 62
14.131336 3.6342752 2.5107749 68
14.149892 3.841388 3.7936671 44
14.143547 3.8844466 3.3689182 60
14.158084 3.9468355 2.9602642 64
14.171082 4.0284743 2.5386963 62
14.19407 4.2030535 3.839376 38
14.182308 4.2546749 3.4067914 65
14.201444 4.3336401 2.9947667 69
14.217995 4.4319477 2.5688808 74
14.2098 4.558032 3.8789101 50
14.228125 4.6342373 3.4493048 71
14.232819 4.723597 3.0288763 69
14.253904 4.8395424 2.5999832 68
14.255896 4.9294963 3.9286427 53
14.265337 5.017375 3.4918299 74
14.287115 5.1282239 3.0698938 72
14.31314 5.2668457 2.6380031 82
14.310203 5.3090124 3.9805136 59
14.281351 5.4039774 3.5306664 51
14.00951 5.4213777 3.043745 29
13.70989 5.4532051 2.560442 31
13.758073 5.4759636 3.8759372 23
13.516756 5.4976401 3.389461 71
13.548594 5.6396766 2.9854803 81
13.59092 5.8119645 2.5714104 72
13.527292 5.7452397 3.8564489 72
13.583132 5.8992887 3.4450026 83
13.611901 6.0537004 3.0340626 86
13.556438 6.204545 2.5980923 71
13.616093 6.1489692 3.9246783 76
13.441386 6.2179646 3.4511988 49
13.104933 6.2308955 2.966476 63
12.771109 6.2606368 2.4897866 60
13.040561 6.2619576 3.8140008 49
12.730048 6.2746482 3.3217893 63
12.437032 6.3077841 2.8633549 59
12.08666 6.3288913 2.4009356 66
12.392282 6.3171434 3.6814015 51
12.126888 6.356905 3.2194805 59
11.817039 6.3794837 2.7703199 54
11.470308 6.4042759 2.324861 58
11.803799 6.3762088 3.5637281 59
11.542049 6.4195786 3.1167324 55
11.214543 6.4325709 2.6788509 60
10.89549 6.4709582 2.2539303 65
11.236689 6.4253378 3.4525254 46
10.961251 6.4598966 3.0147858 23
10.675483 6.4972916 2.6012566 70
10.340348 6.5219541 2.1845896 68
10.707389 6.4690881 3.3487053 43
10.4571 6.5224662 2.932591 68
10.152125 6.5454869 2.5253222 81
8.6778336 5.8746405 1.8995292 75
10.27629 6.5515409 3.2712491 62
8.7997551 5.8650122 2.5464478 56
8.5375996 5.8940907 2.1974306 72
8.3216095 5.9652514 1.8647548 75
8.657548 5.8845549 2.8422697 77
8.3810301 5.9018874 2.4784617 68
8.3124533 6.0543761 2.1844254 75
8.3502846 6.305902 1.9088775 80
8.3009644 5.9420724 2.7792203 78
8.3172722 6.1543283 2.5028861 78
8.3626499 6.3981347 2.2371619 77
8.3584795 6.6423283 1.9513625 79
8.3285704 6.245646 2.8321862 79
8.359437 6.4857259 2.5597143 79
8.3593321 6.7174954 2.2807808 112
7.9898911 6.7058306 1.9155704 78
8.3574934 6.5631423 2.8901961 83
8.2917347 6.7495399 2.588268 79
7.9854574 6.7684398 2.2360251 76
7.5819988 6.7236152 1.8712913 70
8.2089491 6.7578273 2.8929245 76
7.9055424 6.777514 2.5296297 75
7.6239371 6.8112736 2.1919987 71
7.1975455 6.7443509 1.8315877 70
7.8550644 6.7909441 2.8316319 73
7.5626092 6.8186927 2.4801886 70
7.2639241 6.8399014 2.1478338 69
6.8575492 6.7812538 1.8001103 69
7.5038767 6.8178945 2.771359 73
7.2242985 6.852509 2.4317086 70
6.9332085 6.8780694 2.1102622 68
6.5255995 6.8155475 1.7705972 66
7.1813731 6.8514571 2.7177296 72
6.8934951 6.8817697 2.3862698 90
6.6010833 6.9023857 2.0718462 92
6.2068782 6.8416247 1.7419275 87
6.8805051 6.8910933 2.6698067 72
6.5869846 6.9128432 2.3443997 92
6.2971516 6.9372149 2.0398922 91
5.90732 6.8780489 1.7188466 90
6.5853605 6.9251819 2.6235776 72
6.289969 6.9460492 2.306139 91
5.9966621 6.9636612 2.0076489 90
6.2913961 6.9490838 2.5772049 69
6.0055513 6.9772129 2.2709231 93
5.7136521 6.9977074 1.9804214 93
-0.33101603 0.64271486 0.16715612 1
6.0182633 6.9843531 2.537818 68
5.7273684 7.0067945 2.2383039 92
5.4385023 7.0259962 1.9547384 91
-0.36505285 0.63372928 0.16277637 4
5.7387066 7.0041161 2.4954317 91
5.448669 7.0234241 2.2028966 91
5.1667109 7.0499797 1.9302206 92
-0.39032584 0.63292915 0.16128068 6
5.4567575 7.0048394 2.4487355 61
5.2037859 7.0639939 2.1776695 94
4.9016304 7.066227 1.9052428 103
-0.41442934 0.63294429 0.15956277 8
5.2280779 7.0549479 2.4214084 103
4.9515653 7.08709 2.1476974 107
4.6425295 7.0788965 1.8804001 111
-0.44435441 0.62463343 0.15502766 8
4.9914212 7.0878787 2.3910418 92
4.7087264 7.1164994 2.1244087 116
4.3865423 7.0843692 1.8561803 121
-0.47116014 0.61699837 0.15245599 7
4.7507181 7.1091537 2.3585169 95
4.4747286 7.1442046 2.1006541 112
4.136272 7.0883584 1.8333141 113
-0.48218182 0.63099062 0.15350021 6
4.5272923 7.1448798 2.3323617 106
4.2431989 7.1665525 2.0777402 116
3.9034002 7.1037846 1.8167555 123
-0.51261717 0.61660284 0.14900146 9
4.2984223 7.1630068 2.3027387 117
4.0133767 7.1837378 2.0551317 120
3.6733418 7.1169562 1.8001328 124
-0.52328408 0.63158137 0.1512747 6
4.0771317 7.1864929 2.2780023 114
3.8001688 7.2175555 2.0392985 122
-0.54935741 0.6208688 0.14871858 9
3.8639185 7.2102895 2.2541072 118
3.5826571 7.2366824 2.0214784 125
2.8508501 6.4800081 1.608459 15
-0.55523562 0.64453006 0.15295038 5
3.6510768 7.2281356 2.2291923 127
2.9087405 6.471415 1.7883844 33
2.6658714 6.5023303 1.6000538 128
-0.57688516 0.63844854 0.15034236 7
3.4424043 7.2465439 2.2072268 134
2.7337954 6.5049853 1.7787714 129
2.48192 6.524673 1.5936028 128
-0.58374405 0.66229713 0.15458569 4
2.8018181 6.4985471 1.9565905 125
2.5522494 6.522006 1.7663386 131
2.3596954 6.6608114 1.6145804 49
-0.59774822 0.6735521 0.15690324 0
2.6266284 6.5189519 1.9409707 124
2.372802 6.5387573 1.754781 114
2.4181423 7.1993933 1.732101 66
2.4535182 6.5401797 1.9253151 132
2.3927786 6.9633222 1.8524703 38
2.2412076 7.2530184 1.7356757 138
1.9523475 7.2849169 1.5521992 12
2.3824503 6.7620816 1.9697248 38
2.3705635 7.3444419 1.9377382 144
2.0534506 7.2764969 1.7313063 136
1.765264 7.3143349 1.5558468 133
2.4134691 7.2287903 2.0844133 44
2.1804779 7.3651252 1.9293981 139
1.8655567 7.2979736 1.7289296 136
1.5757523 7.3389463 1.5595161 124
2.2792149 7.364954 2.1045887 139
1.9970348 7.3922448 1.9239647 138
1.6797795 7.3202629 1.7285172 133
1.3897884 7.3582277 1.5630929 130
2.0957942 7.3853865 2.0923285 133
1.8161646 7.41747 1.9186952 129
1.5001761 7.3473897 1.7292482 137
1.2052892 7.3747525 1.5668794 137
1.9130498 7.3994346 2.0788291 134
1.6294806 7.4308381 1.9122669 136
1.3191779 7.3673067 1.7297707 134
1.0229115 7.4008117 1.5744752 128
1.7337377 7.4192696 2.068363 131
1.4504104 7.4526443 1.9078169 140
1.1404961 7.3920255 1.7323084 139
0.8391698 7.4128962 1.5800306 131
1.5607635 7.4535365 2.063844 130
1.2698225 7.4685049 1.9033372 134
0.96405023 7.4185472 1.7357864 135
0.65987462 7.439652 1.5885477 134
1.3824894 7.4722238 2.0552933 135
1.0927817 7.4880619 1.9007528 136
0.78804481 7.4480133 1.7412233 136
0.47863942 7.4545021 1.5970076 138
1.2051388 7.4908142 2.0477328 135
0.91928887 7.5273786 1.9052583 139
0.61065471 7.4766312 1.7487426 135
0.29941162 7.4732475 1.6065047 129
1.0320673 7.5130992 2.0421386 131
0.7428773 7.5429058 1.9036497 139
0.43662989 7.5059733 1.7561554 131
0.12052377 7.4939628 1.6179744 130
0.85739845 7.5304942 2.0355566 133
0.56336069 7.5496407 1.9010897 133
0.26460847 7.5491199 1.7676156 129
-0.057104547 7.5164919 1.6304121 134
0.68514711 7.5475745 2.0308571 131
0.39214897 7.5876827 1.9074682 138
0.091496371 7.5873194 1.7790259 129
-0.23403721 7.5308695 1.6415541 133
0.51265842 7.5696921 2.0278516 131
0.21819253 7.6039181 1.9085052 137
-0.084429748 7.6247964 1.7912461 134
-0.41025975 7.5563998 1.6559759 132
0.34050372 7.5878334 2.0251839 130
0.043993365 7.6202011 1.9118439 135
-0.25913608 7.6561594 1.8036323 137
-0.58985704 7.5771618 1.6713814 129
0.16918561 7.60394 2.0223784 140
-0.1312167 7.6486363 1.9180301 140
-0.43813291 7.6758299 1.8137912 135
-0.76820397 7.5917106 1.6865455 134
-0.0038304275 7.6250801 2.0224559 130
-0.30538285 7.6548281 1.9202272 135
-0.61543775 7.6893177 1.8241812 134
-0.94693053 7.6323919 1.7080941 129
-0.17644869 7.6371884 2.02175 133
-0.48133028 7.6732297 1.9266145 134
-0.79282838 7.7128458 1.8366208 136
-1.1312039 7.7217045 1.7419817 124
-0.34744048 7.6561913 2.0230477 129
-0.65602022 7.6945586 1.9349946 137
-0.97197109 7.7285433 1.849058 136
-1.314628 7.7658358 1.766636 125
-0.52028346 7.6873937 2.0284448 129
-0.83211297 7.7220235 1.9454412 135
-1.1531359 7.7434134 1.8635335 134
-1.5000662 7.7881021 1.7882322 125
-0.69367403 7.702662 2.0307744 128
-1.0088351 7.7325301 1.9518069 139
-1.3343906 7.7683101 1.880064 140
-1.6879035 7.8055296 1.8098505 126
-0.86791015 7.7189655 2.0341325 132
-1.1879911 7.7483349 1.9622126 135
-1.5163192 7.7863674 1.8955419 136
-1.8747417 7.8229742 1.8334131 128
-1.0454797 7.7426696 2.0405526 130
-1.3670815 7.7650218 1.9736646 135
-1.7012939 7.8025117 1.9130858 137
-2.0644217 7.8415194 1.8560559 130
-1.221969 7.76613 2.0479705 130
-1.5488747 7.7839079 1.9871603 140
-1.8882154 7.8298535 1.9347191 140
-2.2569275 7.8613024 1.8827575 129
-1.399823 7.774662 2.0523412 134
-1.7328333 7.8120127 2.0027406 140
-2.0757663 7.850225 1.9553298 134
-2.4528565 7.8874025 1.9115533 123
-1.5820379 7.811655 2.0659311 135
-1.9166 7.8310685 2.0172732 139
-2.2674572 7.8689504 1.9770099 133
-2.651562 7.9157467 1.9424117 118
-1.7615662 7.8233352 2.0733478 135
-2.1032298 7.8513737 2.033865 140
-2.4619231 7.9009542 2.0028055 120
-2.8545806 7.9514861 1.9763863 133
-1.9461429 7.8344517 2.0818558 132
-2.294086 7.8800697 2.0535765 137
-2.6589918 7.9261603 2.0286167 123
-3.0272148 7.8591819 1.9801718 48
-2.1327543 7.8606267 2.0953035 138
-2.4848351 7.8925381 2.0710077 125
-2.8568478 7.9472485 2.0551934 129
-3.0672169 7.3268032 1.8731012 39
-2.3222754 7.8831987 2.1089327 136
-2.6822808 7.9258127 2.0938361 124
-3.0295949 7.8549633 2.0539544 62
-3.1992188 7.1527004 1.8567079 118
-2.514225 7.9009628 2.1225827 135
-2.8811595 7.9431562 2.1146128 139
-3.0607884 7.2959356 1.9298191 39
-3.389904 7.1692877 1.8893296 117
-2.7145216 7.9365001 2.1434731 139
-3.0309465 7.7746592 2.0875754 45
-3.1968651 7.1442757 1.9126086 127
-3.5822833 7.1779938 1.9219431 53
-2.9131262 7.9578481 2.1602621 141
-3.0618813 7.2306752 1.9605078 52
-3.3888822 7.1690173 1.9432923 123
-4.1345897 8.0697098 2.1945279 90
-3.0295279 7.6741152 2.0960436 43
-3.2194979 7.1511264 1.9570453 128
-3.5837638 7.18397 1.973981 54
-4.3620501 8.0884809 2.2368395 92
-3.0776002 7.1958442 1.979612 72
-3.410893 7.1728201 1.9817004 124
-4.1310077 8.0652103 2.244416 92
-4.6027508 8.1264582 2.2864892 86
-3.24909 7.1626573 1.9836302 126
-3.6010816 7.1743383 2.0042346 41
-4.3632612 8.0984612 2.2848845 87
-4.8450403 8.1465073 2.3350811 83
-3.4375718 7.1730733 2.0021746 126
-4.1594219 8.0766048 2.280973 99
-4.6027799 8.1283216 2.3284707 87
-5.0894103 8.1657343 2.3837054 87
-3.6378627 7.1965518 2.026001 20
-4.3895154 8.1016569 2.3143594 92
-4.843102 8.1492214 2.3710272 88
-5.3501639 8.2024288 2.4407182 84
-4.1929832 8.0804977 2.2925849 110
-4.6284118 8.1284704 2.3519166 97
-5.0987449 8.1885033 2.4209559 89
-5.6210842 8.2369919 2.5009081 60
-4.4218941 8.097434 2.3199077 105
-4.8710995 8.1576195 2.390554 88
-5.3503361 8.2063656 2.465704 86
-5.8836894 8.2527723 2.5568509 62
-4.6659503 8.1347456 2.354609 96
-5.1248622 8.1857195 2.4323914 88
-5.613245 8.2312212 2.5166953 59
-6.1785588 8.2984343 2.6265368 66
-4.9169602 8.1726627 2.3904407 99
-5.3724756 8.1932173 2.4700129 89
-5.8877711 8.2600908 2.5719206 60
-6.4752102 8.3352194 2.6962113 69
-5.1644244 8.1831779 2.4220731 92
-5.6478658 8.2362318 2.5203211 57
-6.181931 8.3037024 2.6355805 86
-6.7821155 8.3688745 2.7690599 70
-5.4288507 8.2162333 2.4611278 91
-5.9265552 8.2644777 2.5706177 58
-6.4718652 8.3278875 2.694066 82
-7.1045842 8.4068823 2.848217 72
-5.7101164 8.2617826 2.5075545 62
-6.2200437 8.3060474 2.6262519 86
-6.7904477 8.3776274 2.7652059 69
-7.434269 8.4425068 2.9284947 73
-5.9832602 8.2755232 2.5466747 63
-6.5228949 8.3434105 2.6840382 89
-7.1078935 8.406189 2.8352211 70
-7.7770715 8.4762506 3.0140054 75
-6.2819958 8.3155594 2.5973964 69
-6.8367152 8.3807154 2.7460265 68
-7.4443822 8.4454355 2.9106395 71
-8.1567154 8.5332499 3.1143115 79
-6.5907788 8.3554697 2.6483014 70
-7.1637778 8.4151535 2.811245 71
-7.7975183 8.4881258 2.9923816 77
-8.3025475 8.312109 3.1149285 76
-6.9008522 8.3804312 2.7001567 72
-7.5117021 8.4624405 2.8819103 74
-8.1740608 8.5368528 3.0825863 79
-8.3165703 7.9561191 3.0644455 76
-7.2439427 8.4273224 2.7627311 73
-7.851161 8.4808941 2.949285 77
-8.2858429 8.2736607 3.0603786 77
-8.5637932 7.8511262 3.1115241 70
-7.5908756 8.4645224 2.8253469 74
-8.2274857 8.5226173 3.0294702 82
-8.3119583 7.9287858 3.0081949 75
-8.9673996 7.896153 3.2202349 75
-7.9564848 8.5053492 2.8923264 77
-8.2951345 8.2064524 2.9841957 78
-8.5916977 7.8527269 3.0600188 74
-9.3117819 7.8658009 3.3054812 28
-8.2716942 8.4665318 2.937717 82
-8.3236904 7.8627939 2.9277902 74
-9.0045729 7.9005504 3.1639225 74
-10.280722 8.378047 3.633641 33
-8.2915182 8.0957909 2.8723862 80
-8.6770773 7.8569894 3.0026467 76
-9.3558731 7.8714576 3.2455606 8
-10.390207 8.0942678 3.6302342 3
-8.3982983 7.8321304 2.8411052 72
-9.0960083 7.9014983 3.098712 71
-10.80566 8.7959747 3.7354708 74
-11.070777 8.2818089 3.8377137 52
-8.8163805 7.8815823 2.9268007 71
-10.416668 8.7495747 3.5225506 75
-11.252601 8.7725248 3.8422704 60
-11.578044 8.298377 3.979918 62
-9.2310572 7.9080448 3.0082974 63
-10.957661 8.8157921 3.6527898 72
-11.299861 8.4085302 3.8005884 47
-12.211482 8.3828259 4.1684208 83
-10.604815 8.777771 3.4245393 70
-11.497996 8.8580732 3.7786961 76
-11.736457 8.3524351 3.9059508 66
-12.288492 8.046483 4.1541753 75
-11.155403 8.834651 3.5417418 58
-11.651658 8.5660686 3.7669513 55
-12.372895 8.4273233 4.0751548 69
-12.34488 7.7047334 4.1314468 56
-11.700088 8.8622503 3.6520545 70
-11.956741 8.3880415 3.8077698 61
-12.951614 8.4292126 4.2226644 61
-12.468013 7.4095283 4.1348076 32
-12.214951 8.8391428 3.7508693 69
-12.532528 8.4015284 3.9442 69
-12.73684 7.8807974 4.0990014 2
-12.553434 7.099772 4.1298714 13
-11.553712 7.9189625 3.4691296 8
-11.618692 7.3681631 3.5837193 2
-13.833725 8.182353 4.4288139 48
-12.579409 6.7608089 4.1077108 4
-11.588319 7.5557408 3.4210107 45
-11.609056 6.9950662 3.5317326 30
-13.973691 7.8562751 4.4294567 37
-13.719542 7.0348687 4.4727755 36
-11.693337 7.2486939 3.3962817 10
-11.679374 6.6843777 3.5079722 41
-14.110661 7.5256805 4.4304943 50
-13.807696 6.7096643 4.4724293 35
-14.429707 8.609354 4.1861906 45
-11.747124 6.3778963 3.4855978 3
-11.788982 5.8801727 3.6218717 1
-13.906778 6.3934736 4.4782934 38
-15.181506 8.6130362 4.3501172 61
-14.772388 7.7128601 4.3992834 42
-11.791373 5.5621886 3.5916295 6
-13.989275 6.0712948 4.4824758 37
-15.310369 8.2256804 4.3278546 72
-14.907686 7.3632216 4.3932109 35
-11.784357 5.2474875 3.5606382 26
-14.048848 5.7453351 4.4799566 47
-15.357774 7.7944608 4.2854371 113
-15.02985 7.0086622 4.3874898 42
-11.809433 4.9516425 3.544606 32
-13.034922 4.9834533 4.1169415 2
-15.40519 7.3760552 4.2454653 107
-15.149503 6.6516757 4.3835311 55
-11.866542 4.6785583 3.5383484 58
-8.8108463 3.0525017 2.6794388 40
-15.441498 6.9587998 4.2050591 98
-15.294225 6.3121481 4.3891311 44
-11.907774 4.3982396 3.5325387 52
-8.8262157 2.857105 2.6788232 108
-15.480127 6.5474162 4.1746287 109
-15.416603 5.9620132 4.3927603 80
-8.8051472 2.957015 2.5299523 117
-8.8555193 2.6688344 2.6815553 106
-15.518678 6.1463342 4.1424327 118
-8.7948389 3.0378723 2.3821042 46
-8.839036 2.7642298 2.5276604 112
-8.8847532 2.4806237 2.6850793 103
-15.554616 5.7489595 4.1129136 117
-8.8233013 2.8365717 2.3734894 126
-8.8636799 2.5706077 2.5241818 120
-9.5466938 2.4743714 2.900224 16
-8.810153 2.8950558 2.2114232 137
-8.8516998 2.6381786 2.3669167 127
-9.11549 2.4426363 2.5937831 43
-12.437086 3.01843 3.8546493 42
-8.8440628 2.6922276 2.2019916 146
-8.8752213 2.4384923 2.3614464 92
-12.997506 3.2847695 3.7956057 44
-14.258924 3.171999 4.4552212 23
-8.8613977 2.4848387 2.1898272 145
-9.7498989 2.4758124 2.6050684 7
-13.218142 3.0415201 3.855365 28
-14.493774 2.9120021 4.5302281 44
-9.5869064 2.4831746 2.3753686 30
-13.769745 3.270601 3.7648015 55
-15.202684 3.1888695 4.4702797 46
-14.518466 2.6085737 4.5468464 35
-14.567437 3.5358992 3.7082362 12
-14.783959 3.1773095 4.0515728 6
-15.265304 2.8586738 4.4861293 31
-14.52415 2.2957025 4.5523186 38
-14.830867 3.2457736 3.7576547 31
-15.850625 3.0500751 4.3470998 116
-15.302839 2.5228312 4.4918141 28
-14.540254 1.9890754 4.5594649 30
-15.902365 3.1089249 4.0257483 22
-15.879481 2.6902602 4.343049 99
-15.326415 2.1882703 4.4949374 13
-14.527818 1.6801585 4.5601768 31
-15.955509 2.7400913 4.0218229 17
-15.916019 2.3319216 4.342773 93
-15.37384 1.8574778 4.508255 16
-14.540239 1.3739136 4.5721049 29
-15.998526 2.3708248 4.0219145 9
-15.958047 1.9725327 4.3499289 98
-15.380021 1.5188334 4.5130095 17
-14.540574 1.0706912 4.5804386 26
-16.063683 1.9995803 4.0254769 10
-15.996726 1.616152 4.3532829 93
-12.390434 0.94677991 3.5847828 1
-14.522002 0.76426345 4.5821395 31
-16.121704 1.6312722 4.0271015 6
-16.047628 1.2590245 4.3640447 90
-12.380043 0.68205225 3.5829449 1
-14.51054 0.46346918 4.5865798 23
-16.174944 1.263127 4.0339065 10
-16.075819 0.90099251 4.3715982 90
-12.377033 0.41673791 3.5885766 1
-14.481541 0.16275828 4.590549 32
-16.161001 0.8854261 4.0270214 6
-16.121668 0.54457182 4.3877234 89
-12.394573 0.15522505 3.6016352 3
-13.365767 -0.12329811 4.2304149 1
-16.19927 0.514319 4.0339336 7
-16.172733 0.18558031 4.4067898 94
-12.4204 -0.1076234 3.617914 3
-13.395979 -0.40087357 4.2557645 3
-16.263826 0.14166844 4.051959 7
-16.207436 -0.17910555 4.4238229 97
-12.424071 -0.37173879 3.6303577 5
-13.367314 -0.67629617 4.2638888 7
-16.294699 -0.23776555 4.0611196 10
-16.239922 -0.54294455 4.4403872 97
-12.428015 -0.63805282 3.6428566 15
-13.344034 -0.95161176 4.275291 21
-16.329515 -0.61536843 4.0758014 10
-16.26969 -0.90991431 4.462256 99
-12.425876 -0.90237546 3.6559319 37
-13.317569 -1.2240976 4.2869196 27
-16.330286 -0.99185824 4.0822158 22
-16.294323 -1.276248 4.4844556 97
-12.447911 -1.1714909 3.6799791 34
-13.329224 -1.5010885 4.3137197 52
-16.34223 -1.3751599 4.0991554 33
-16.331127 -1.6464461 4.510447 90
-12.495222 -1.443524 3.713002 16
-13.365475 -1.785176 4.3514233 64
-16.360312 -1.7581497 4.1172557 60
-16.362219 -2.0202718 4.5402756 87
-12.534297 -1.7183727 3.7400563 7
-13.369705 -2.065948 4.3781056 76
-16.401674 -2.146939 4.1444468 73
-15.996449 -2.3376741 4.4580879 29
-12.585016 -1.9990574 3.783304 2
-13.403853 -2.3533878 4.4219656 77
-15.522563 -2.3899827 3.9316161 25
-14.689939 -2.4681175 4.0979819 32
-13.946692 -2.5434337 4.2500005 32
-13.290197 -2.6142292 4.4126363 37
-15.049994 -2.6707888 3.8275819 37
-13.901198 -2.6466815 3.8896012 41
-13.031381 -2.651562 3.9804945 42
-11.53301 -2.4866335 3.8185415 2
-16.545855 -3.3528113 4.2535634 81
-16.155405 -3.4852338 4.5903106 23
-12.886216 -2.9091787 3.9636068 52
-11.480763 -2.7201903 3.8294818 15
-16.59021 -3.7688932 4.2961965 92
-16.052744 -3.839782 4.5918679 29
-13.676493 -3.411485 4.2543268 4
-11.436755 -2.9560142 3.8453817 18
-16.637079 -4.1895318 4.3401432 87
-12.767376 -3.3060899 3.6312356 1
-10.4873 -2.7912729 3.2251334 2
-10.234389 -2.8379271 3.4372873 44
-16.684601 -4.6183157 4.388061 88
-10.262116 -2.84357 2.892642 48
-9.9846792 -2.8691623 3.0835202 47
-9.6974764 -2.88568 3.2712343 45
-9.9398117 -2.8730204 2.5463395 54
-9.6947479 -2.8941481 2.7471931 51
-9.4585514 -2.9145503 2.9389622 71
-9.4705734 -3.0159161 3.2229655 83
-9.4487324 -2.951134 2.4364707 113
-9.4596319 -3.0423858 2.7022376 89
-9.4811954 -3.1427712 2.9771631 90
-9.4920197 -3.2380633 3.2649591 84
-9.4664459 -3.1934993 2.4655681 96
-9.4840565 -3.2821763 2.7384467 93
-9.5009165 -3.3729398 3.0151775 89
-9.5144339 -3.4630392 3.3068504 62
-9.4871969 -3.444746 2.4995539 92
-9.5111198 -3.527952 2.7767844 54
-11.77352 -4.5591912 3.8470697 4
-11.093875 -4.3624315 3.9510033 3
-13.966929 -5.6275673 3.8350787 47
-13.829811 -5.6668825 4.2049928 66
-11.509082 -4.7341819 3.7975259 7
-11.02078 -4.5966649 3.968724 7
-13.311912 -5.7090907 3.690388 59
-12.518128 -5.4236856 3.82989 5
-11.424006 -4.986371 3.8134952 52
-11.062821 -4.88621 4.0314469 4
-12.724413 -5.7914872 3.5604897 58
-12.605497 -5.804039 3.906733 60
-11.320139 -5.2297573 3.8207855 45
-11.085301 -5.1730514 4.0871367 3
-12.151641 -5.8590031 3.4349751 65
-11.964287 -5.814301 3.7402408 47
-11.603919 -5.6818962 3.9742298 3
-11.860437 -5.8717957 4.4511619 47
-11.583162 -5.8984303 3.3109865 72
-11.526622 -5.9094796 3.6466041 65
-11.393919 -5.881886 3.9523277 51
-11.386035 -5.9168539 4.3170772 54
-11.122893 -5.9765277 3.2197089 66
-11.061829 -5.9678202 3.540673 64
-11.012971 -5.9731131 3.8647976 67
-10.9494 -5.9606376 4.1947351 61
-10.644645 -6.0200014 3.1196022 69
-10.618652 -6.0212932 3.4408829 69
-10.616117 -6.0386333 3.769237 73
-10.649803 -6.076076 4.1295147 73
-10.637167 -6.3497205 3.1716726 83
-10.63512 -6.3543057 3.5032723 79
-10.657783 -6.3798575 3.8472302 79
-10.679485 -6.3964486 4.2042103 71
-10.678995 -6.723793 3.2420623 79
-10.689653 -6.7239594 3.5822573 76
-10.695518 -6.7265205 3.9234099 73
-10.704496 -6.721838 4.280571 73
-10.723895 -7.1167068 3.319452 75
-10.718176 -7.0891609 3.6575851 77
-10.731219 -7.0830965 4.0049624 67
-10.685865 -7.0258684 4.339407 60
-10.762519 -7.5181613 3.3998766 84
-10.773575 -7.4901299 3.749547 79
-10.788298 -7.4698181 4.1002049 69
-10.608499 -7.2976294 4.3797698 53
-10.819866 -7.9540267 3.4922209 78
-10.822843 -7.9016662 3.8424087 73
-10.831042 -7.8639154 4.1966705 82
-10.621371 -7.6461277 4.4630356 70
-10.866983 -8.3989496 3.5869651 67
-10.863088 -8.3260984 3.9404221 71
-10.881834 -8.2774515 4.2972589 81
-10.655584 -8.0218382 4.5596814 68
-10.850904 -8.8079929 3.6646824 95
-10.912918 -8.7746897 4.0459552 106
-10.879861 -8.6693697 4.3900347 82
-10.697135 -8.420228 4.6679549 66
-10.408783 -8.8425856 3.5914886 85
-10.514159 -8.8325672 3.9745355 80
-10.59356 -8.8117533 4.3541546 88
-10.692894 -8.7942924 4.7571292 97
-10.108918 -8.9911289 3.5672667 68
-10.11769 -8.8759575 3.9020219 76
-10.205779 -8.8513813 4.2736254 84
-10.318288 -8.8347769 4.6687136 71
-10.189507 -9.5205612 3.6930802 46
-10.16145 -9.3503637 4.0195541 67
-10.161633 -9.2169113 4.3510718 69
-10.159987 -9.0756149 4.6905961 60
-10.030367 -9.8248005 3.7324317 4
-10.042965 -9.6731873 4.0703225 33
-10.153087 -9.6366491 4.4526391 19
-10.236631 -9.5602694 4.8356566 17
-9.6701603 -9.7279425 4.0119123 2
-9.8187294 -9.7180681 4.3987122 5
-9.9998646 -9.7325697 4.8219995 7
-9.3679228 -9.8460045 3.9848063 2
-9.4938955 -9.802846 4.3524547 2
-9.6233349 -9.7455511 4.7331529 3
-9.5775671 -10.827383 3.8894186 1
-9.1617289 -9.8641109 4.2994032 2
-9.2774229 -9.7828684 4.6609492 3
-11.314783 -14.364412 4.9915004 18
-11.078797 -14.775163 5.0608082 88
-11.331048 -14.711466 5.5587635 94
-9.379221 -11.642383 4.8202271 2
-10.742233 -15.059419 5.0897932 51
-10.867861 -14.782688 5.5067835 87
-11.13701 -14.741596 6.0053296 81
-9.3702192 -11.837046 5.2622142 2
-11.858468 -17.68117 5.8973894 26
-10.777489 -15.409656 5.6632757 10
-10.762444 -14.911787 5.9876809 33
-10.976765 -14.743039 6.4503822 65
-12.010862 -18.936543 6.2450418 22
-11.945253 -18.14427 6.5804262 17
-11.881098 -17.440872 6.9050732 16
-10.837411 -15.240576 6.5677505 25
-12.178332 -20.324484 6.6261239 22
-12.083832 -19.382124 6.9436216 18
-12.004468 -18.55002 7.2443628 14
-11.943109 -17.77281 7.5445414 19
-11.755798 -20.725958 6.6878948 35
-12.165706 -20.617676 7.2968431 50
-12.133928 -19.76366 7.6151648 14
-12.054212 -18.865442 7.8975921 15
-11.404179 -21.288256 6.8041868 8
-11.596375 -20.710924 7.2498074 64
-12.037867 -20.669495 7.8676286 44
-12.211769 -20.119589 8.306982 20
-12.680133 -25.399038 8.0420208 11
-11.492764 -20.769341 7.8147726 25
-11.932386 -20.669535 8.424612 32
-12.503733 -26.671423 8.375679 52
-11.470178 -20.885342 8.4109583 16
-12.396742 -26.66258 9.0642548 33
-12.60006 -24.421709 9.7160873 12
-12.992631 -29.926216 10.088292 13
-12.295766 -26.64732 9.7196398 30
-12.795429 -26.293411 10.344452 11
-13.19144 -32.57793 10.896659 41
-12.259998 -26.650841 10.373127 38
-12.199801 -45.10791 14.679969 18
-11.102345 -45.189949 14.656615 16
-10.045502 -45.265789 14.636026 16
-6.0298605 -45.684776 15.426332 27
-2.6444421 -46.041428 14.756078 16
-1.5850774 -46.134041 14.808818 19
-2.9471977 -46.028915 15.466838 18
-0.53110158 -46.227932 14.867775 23
-1.9157859 -46.07333 15.467809 23
0.52842671 -46.345238 14.932537 21
-0.87200969 -46.171619 15.495507 22
1.6022309 -46.383873 14.981447 25
0.17100519 -46.271317 15.526885 19
2.6789882 -46.507179 15.062366 27
3.7575264 -46.638489 15.155381 20
4.8625703 -46.796398 15.278111 22
7.6338701 -47.011574 14.970639 21
5.9568968 -46.869251 15.373851 22
9.47791 -40.800808 13.345452 25
8.9371614 -35.268276 11.657216 14
8.9457302 -40.885544 13.746753 65
9.713232 -34.904499 11.673014 59
8.4889269 -40.910988 14.074395 36
9.2214766 -34.956284 11.958831 35
9.3976421 -40.710228 14.070932 18
10.055398 -34.864357 12.025568 35
8.8755589 -35.22084 12.248363 18
8.9669046 -40.873787 14.312129 50
10.190998 -32.702263 11.396068 13
9.6374893 -34.947102 12.240903 49
10.753201 -28.63413 10.062637 33
9.7193203 -29.116381 10.251786 26
9.939105 -33.238007 11.722469 9
10.417284 -28.981995 10.309484 70
10.054967 -31.171989 11.080905 7
10.040496 -34.904007 12.379147 40
10.933207 -28.388779 10.208817 11
10.038569 -29.017393 10.400406 45
10.203258 -32.821392 11.70254 26
10.461633 -23.20183 8.4841127 48
10.634784 -28.600405 10.303497 29
9.714344 -29.142862 10.422727 32
11.027162 -23.018797 8.5462561 103
10.36386 -28.902201 10.400152 50
11.37529 -22.440054 8.4683504 32
10.614049 -23.053549 8.5792904 75
10.907342 -28.399397 10.288877 10
11.450117 -21.401934 8.2187376 35
11.226412 -22.968792 8.6730804 92
10.38154 -23.292515 8.6640024 26
11.555739 -20.500772 8.0188131 34
11.376011 -22.023132 8.4408417 29
10.90743 -23.048733 8.666749 78
11.635871 -19.632919 7.8157158 50
11.472716 -21.083151 8.1966352 35
11.337153 -22.622259 8.6026688 30
10.582883 -23.058167 8.5728359 107
10.956737 -17.661877 7.168087 11
11.557534 -20.156654 7.9637232 60
11.42156 -21.596308 8.3236647 38
11.198494 -22.995438 8.6375828 89
11.158255 -17.130274 7.0940671 76
11.653625 -19.340282 7.7685409 61
11.524716 -20.68004 8.0784559 43
11.341655 -22.050076 8.3651648 39
11.711874 -17.088573 7.2198396 74
11.019917 -17.488647 7.146276 42
11.596276 -19.784405 7.8320928 52
11.452752 -21.110661 8.0952892 58
11.980949 -16.665564 7.1864467 35
11.295715 -17.055845 7.0931249 100
10.908485 -17.788736 7.1483173 5
11.563086 -20.230425 7.8487248 44
12.020297 -15.957925 7.0348344 76
11.857137 -17.022173 7.2074337 70
11.091244 -17.2017 7.0209646 73
11.636564 -19.351755 7.5990081 57
12.081695 -15.32246 6.9073172 73
11.961822 -16.38344 7.0701809 53
11.601365 -17.100817 7.0895672 70
11.010745 -17.492558 6.9622216 73
12.154562 -14.731202 6.7954254 68
12.019416 -15.706432 6.9198918 81
11.917048 -16.721684 7.0516329 62
11.317042 -17.088444 6.894547 96
12.20455 -14.136935 6.6809382 70
12.094568 -15.096249 6.7870321 85
11.994879 -16.052443 6.8919601 82
11.880652 -17.044458 6.9759951 54
12.26286 -13.576555 6.5801721 84
12.150146 -14.492395 6.6574836 88
12.064046 -15.414584 6.7383094 77
11.963161 -16.364548 6.8012795 76
12.301722 -13.031537 6.4776783 82
12.198103 -13.907967 6.5339885 110
12.118796 -14.793549 6.5908408 87
12.032146 -15.702541 6.6317258 74
11.604668 -11.807037 6.0285959 12
12.265624 -13.367453 6.4279785 107
12.174563 -14.197728 6.4552526 108
12.08229 -15.04994 6.4654584 87
11.684541 -11.364084 5.9679861 92
12.333372 -12.849063 6.3308764 112
12.250167 -13.642835 6.3381577 118
12.14677 -14.443809 6.3177571 93
2.3659782 -2.7946386 1.5330236 37
11.625208 -11.623631 5.8790679 80
12.309555 -13.099632 6.2214255 105
12.223872 -13.867007 6.1878939 98
2.4361494 -2.728514 1.5421374 14
2.3613913 -2.8654506 1.5108974 3
11.579691 -11.819098 5.7512846 7
12.175733 -13.196831 6.0085621 88
12.584215 -10.643945 6.1136885 91
2.4109225 -2.7804301 1.5074162 29
2.3607275 -2.9245443 1.48071 1
12.164379 -12.595188 5.8581748 106
12.566826 -10.158368 6.0249515 94
12.385467 -10.764618 5.915669 97
2.4151366 -2.840951 1.4751123 64
2.3148472 -2.9314234 1.4164819 56
12.517304 -9.6709661 5.9267755 92
12.450644 -10.338511 5.8502688 94
2.5280442 -2.8056979 1.496314 9
2.3889899 -2.8646276 1.4174767 72
12.551012 -9.251173 5.8728957 95
12.498223 -9.9068499 5.7841954 97
12.421726 -10.50821 5.6761189 98
2.4812214 -2.8104699 1.4251095 69
12.605037 -8.8645496 5.8286223 87
12.526643 -9.4727783 5.7115526 98
12.468512 -10.067726 5.5961862 100
2.600224 -2.7763824 1.4445325 14
12.634319 -8.4667425 5.7800627 83
12.567571 -9.0555716 5.6531048 86
12.505628 -9.6226931 5.5191932 104
12.465776 -10.199759 5.376873 88
12.688121 -8.0859604 5.7485766 81
12.622225 -8.6620369 5.6043916 99
12.539282 -9.1894121 5.4476957 99
12.496101 -9.7433386 5.2862034 93
12.722243 -7.7113357 5.709487 90
12.653094 -8.2639999 5.5494499 101
12.59084 -8.7831306 5.3864284 99
12.557304 -9.3167982 5.2158504 66
12.767427 -7.3497443 5.6791525 91
12.688998 -7.8784642 5.5003705 101
12.642609 -8.3869181 5.3301167 99
12.759422 -9.0010843 5.2026181 96
12.810146 -6.9939685 5.6518369 80
12.736887 -7.50705 5.4610271 103
12.683155 -7.9927363 5.2739887 104
12.796258 -8.5774307 5.1316719 114
12.843619 -6.6403942 5.6236715 98
12.777731 -7.1360264 5.422802 102
12.721148 -7.6053667 5.2208776 100
12.855674 -8.1738529 5.0742536 108
12.85425 -6.2828031 5.5899148 99
12.817754 -6.7749772 5.3875508 99
12.839059 -7.264215 5.2032003 89
12.895163 -7.7675185 5.0121903 112
12.314516 -5.6878757 5.3386092 118
12.851815 -6.4134092 5.353404 102
12.956689 -6.9270635 5.1895113 101
12.931873 -7.3709927 4.9551344 109
12.352182 -5.3688269 5.3212309 102
12.277891 -5.7933822 5.0887885 56
13.019668 -6.5680256 5.1568518 128
12.979906 -6.9845119 4.9068422 118
12.810184 -5.2144246 5.4759793 64
12.343707 -5.4738269 5.0750103 104
13.068558 -6.2078099 5.1225777 150
13.02287 -6.6087084 4.859776 121
13.01068 -4.9520082 5.5297427 101
12.443936 -5.1764245 5.0766377 76
12.342248 -5.5282564 4.8109989 113
13.069838 -6.2342739 4.818635 145
13.034849 -4.6258388 5.5157685 101
12.994185 -5.0382156 5.2517972 126
12.413153 -5.2071667 4.7941198 88
12.346761 -5.5439901 4.5188932 122
13.062695 -4.3050184 5.5055995 102
13.026992 -4.7047567 5.2325921 107
13.167375 -5.1360989 5.0244207 124
12.413505 -5.211473 4.4930944 74
13.080649 -3.9823284 5.4946089 107
13.056581 -4.3740335 5.2154312 110
13.203566 -4.7858586 5.0002232 105
13.166293 -5.1291809 4.7004633 124
13.122039 -3.6697469 5.4961743 107
13.084199 -4.0431409 5.1993051 100
13.245019 -4.4451222 4.979897 118
13.204808 -4.7741108 4.6702437 122
13.159182 -3.3598056 5.4978023 97
13.110539 -3.7161617 5.1871853 113
13.278399 -4.1046829 4.9587083 118
13.254244 -4.4220209 4.6478238 117
13.189161 -3.0512447 5.4985476 111
13.152157 -3.3995681 5.1817613 117
13.31851 -3.7688606 4.9433861 125
13.283204 -4.0731454 4.6187444 124
13.219107 -2.7436919 5.5022902 101
13.193125 -3.0799181 5.1813602 107
13.340742 -3.4304686 4.9263816 123
13.328395 -3.7247126 4.6013827 130
13.244875 -2.4377792 5.5050979 97
13.225811 -2.7625496 5.1780934 116
13.383612 -3.0989199 4.9179945 126
13.356305 -3.3777704 4.5793133 124
13.277842 -2.131511 5.5157828 105
13.253343 -2.4467385 5.1749082 110
13.42061 -2.7658575 4.9107137 123
13.399977 -3.0362439 4.5669508 118
13.31874 -1.826947 5.5293241 98
13.286237 -2.1284013 5.1786413 127
13.462692 -2.4332533 4.9093451 120
13.439157 -2.6893141 4.5576878 120
13.361442 -1.5255609 5.5468216 107
13.308945 -1.8111755 5.1795449 117
13.493401 -2.1036618 4.9041591 120
13.478826 -2.3484521 4.5493913 123
13.387138 -1.222681 5.5606179 107
13.36253 -1.4996934 5.1948938 117
13.531394 -1.7727178 4.9068537 121
13.51018 -2.0108788 4.5412254 123
13.433638 -0.91997564 5.5870399 97
13.410838 -1.1871099 5.2133403 126
13.564724 -1.4457548 4.9116654 123
13.544947 -1.6669807 4.539093 124
13.470535 -0.61710066 5.6095738 100
13.427494 -0.87250698 5.2199831 108
13.599753 -1.1168118 4.9167647 125
13.582893 -1.32736 4.5389032 125
13.499965 -0.31199712 5.6301608 88
13.467673 -0.55820352 5.2363629 106
13.649453 -0.7868194 4.9279761 123
13.606947 -0.98698002 4.533884 119
13.542642 -0.0073661376 5.655952 86
13.504122 -0.24103028 5.2536411 96
13.6688 -0.45248836 4.9349127 109
13.652501 -0.640894 4.5443664 103
12.93622 0.28888494 5.4344497 87
13.521239 0.07750798 5.268456 81
13.705149 -0.12157185 4.9493308 106
13.696786 -0.29858693 4.5547385 92
12.971821 0.58476001 5.4668493 64
12.966156 0.38040066 5.0761065 76
12.963243 0.20386359 4.7034264 78
13.686665 0.045633562 4.5512919 58
13.626399 0.91941023 5.7429128 54
12.994383 0.68708354 5.0998807 65
12.970549 0.51753962 4.7129722 71
12.986438 0.37256521 4.3369312 70
13.703632 1.2319613 5.7950792 41
13.605271 1.0368416 5.3389406 56
13.013002 0.83704746 4.7372923 2
12.984019 0.69996601 4.3411894 52
13.817645 1.5570668 5.8663287 35
13.634089 1.3604659 5.3686705 50
13.7671 1.2201939 5.0087833 41
13.814005 1.0905516 4.6094184 44
13.899047 1.8822402 5.9256835 19
13.67583 1.6905464 5.4088264 27
13.765984 1.5591793 5.0269413 29
13.865155 1.450044 4.6407657 33
13.938744 2.2093844 5.974649 21
13.719691 2.0249825 5.4496231 25
13.769106 1.9011577 5.0472431 23
13.912399 1.8122258 4.6723976 34
13.97024 2.5377657 6.0214295 14
13.758678 2.3597414 5.4913058 19
13.78065 2.2474117 5.0757146 16
13.945418 2.1735466 4.699327 25
14.035033 2.8746421 6.0848017 15
13.793506 2.7013044 5.5371876 18
13.796792 2.5946217 5.1076579 22
13.985458 2.541882 4.7352114 28
14.076832 3.2082992 6.1377964 10
13.837706 3.0429251 5.5865035 16
13.824346 2.945915 5.1456399 28
14.032242 2.9166136 4.7769451 36
14.087515 3.5458648 6.1866632 11
13.887101 3.3940213 5.641417 18
13.864837 3.3087199 5.1934371 16
14.074826 3.2954566 4.8201456 35
14.137536 3.8940351 6.2520018 10
13.969549 3.7585647 5.7126346 20
13.872813 3.6679265 5.2342367 33
14.112757 3.6830161 4.8671894 37
14.187152 4.24824 6.3213449 15
14.084776 4.1439881 5.8026066 30
13.91065 4.0449662 5.2880983 42
14.136564 4.0733209 4.9133325 44
14.17713 4.5952926 6.3708873 36
14.176029 4.5303736 5.8867445 35
13.958685 4.4262719 5.3481727 48
14.11287 4.4549532 4.9456286 43
14.208278 4.9550176 6.4371834 51
14.218205 4.9111528 5.953784 47
14.007655 4.8143883 5.4108958 65
14.075226 4.8346391 4.9767776 49
14.238357 5.320672 6.5081415 64
14.258682 5.2929626 6.0226493 71
14.056397 5.2105265 5.4796968 73
14.080618 5.2325711 5.0253067 66
13.807809 5.5201273 6.3822327 31
13.821851 5.5098929 5.9069529 22
13.795877 5.5001063 5.4373636 34
13.718318 5.4998884 4.9556813 28
13.511244 5.7573891 6.3144822 80
13.514279 5.7587652 5.8428745 93
13.517968 5.7796564 5.3934808 95
13.542519 5.8308487 4.9508591 78
13.543839 6.1303134 6.3978944 103
13.549799 6.1465564 5.9209805 106
13.499649 6.1602402 5.4499431 83
13.494994 6.2177052 4.9962635 88
13.072763 6.2841864 6.258882 63
12.97961 6.2704878 5.7543201 79
12.767903 6.2239952 5.2356143 68
12.836426 6.3294578 4.8308268 60
12.458568 6.3473287 6.0450697 66
12.203411 6.2715578 5.4940553 68
12.087214 6.2747846 5.0319881 68
12.142603 6.388279 4.6422892 65
11.863638 6.4006233 5.846024 66
11.63261 6.3416576 5.3204021 64
11.672485 6.4363599 4.9377627 78
11.510055 6.4485316 4.47926 64
11.25013 6.4134507 5.6292686 59
11.060983 6.3852687 5.1414819 64
11.111551 6.4971051 4.7789912 70
10.926973 6.5082045 4.3311548 60
10.664629 6.4210753 5.4265251 61
10.557654 6.4444566 4.9923806 71
10.565471 6.5489988 4.6315584 76
10.378195 6.5613508 4.1967416 61
10.215858 6.4826026 5.2863798 57
10.195793 6.5695381 4.9059148 74
10.054203 6.5949378 4.4934044 71
8.7173462 5.9097447 3.6417477 73
8.7659359 5.9151425 4.6620951 54
8.6054621 5.9160504 4.2678194 81
8.4526691 5.9302745 3.9014661 74
8.288723 5.9534888 3.5413413 79
8.3688059 5.9461823 4.5372052 67
8.2681532 5.9930778 4.1831398 78
8.2814112 6.1220865 3.8963282 80
8.3045959 6.2833295 3.6144876 79
8.2842607 6.1694341 4.563529 82
8.2990341 6.3063521 4.2667375 81
8.3246851 6.4613571 3.9848301 79
8.3497152 6.6435223 3.7040503 87
8.3062954 6.4734497 4.6472955 82
8.3372746 6.6340456 4.3553367 86
8.3151236 6.774209 4.0552168 86
8.0870171 6.7851892 3.6727142 74
8.3244848 6.7802253 4.733458 91
8.1312904 6.7970333 4.3377819 80
7.9225774 6.8051171 3.9593403 77
7.7085414 6.8296914 3.5960557 76
7.9691863 6.8135152 4.629683 77
7.7678962 6.8279948 4.2421398 77
7.5557275 6.8403597 3.8747821 74
7.3298211 6.8549113 3.5146689 73
7.6267343 6.8436265 4.5316978 76
7.4302883 6.8656721 4.1572404 77
7.2174087 6.8800764 3.7999008 76
6.9930005 6.9047384 3.4543166 73
7.3107262 6.8846917 4.4459677 76
7.0974388 6.8961453 4.0745955 76
6.8797197 6.9109817 3.7264071 71
6.6581492 6.9382291 3.3904443 71
6.9989653 6.9142771 4.3608937 76
6.7897167 6.9364586 4.0036273 72
6.5647321 6.945879 3.6614459 70
6.3407459 6.9752502 3.3343265 71
6.7062473 6.9481244 4.2841511 73
6.487864 6.9670539 3.9329784 70
6.2641592 6.9804239 3.6000006 89
6.0368571 7.0071197 3.2811277 69
6.4219322 6.9814148 4.2118568 72
6.1847944 6.9819245 3.8579681 88
5.9655404 7.0058379 3.5397274 87
5.7324605 7.0309396 3.2287264 88
6.1425624 7.0060453 4.1388307 72
5.9054227 7.0134878 3.7978222 91
5.6906581 7.0409851 3.4885173 90
5.4570875 7.070107 3.186538 65
5.8711147 7.0289211 4.0686216 70
5.6387696 7.0439854 3.7416356 91
5.4047027 7.057117 3.4335983 45
5.1757183 7.0908465 3.1415565 91
5.6212687 7.0659699 4.0130658 69
5.37813 7.0709038 3.6861467 42
5.1415048 7.0872445 3.3881655 93
4.9087725 7.1222801 3.105197 88
5.3606739 7.0838609 3.9485552 42
5.1125302 7.0871897 3.6307204 81
4.8949428 7.1228909 3.34849 91
4.6457005 7.1412888 3.0647476 87
5.1125646 7.1045165 3.8919866 65
4.8828778 7.1312079 3.5930679 91
4.6468749 7.1513972 3.3102355 98
4.4010201 7.1725335 3.0354247 95
4.8754983 7.1263146 3.8372302 87
4.6380539 7.1477036 3.5446062 94
4.4053011 7.1726527 3.2719023 91
4.1602387 7.2037516 3.0093286 103
4.6511955 7.1572309 3.7920659 92
4.4090281 7.1759624 3.5052342 99
4.1761518 7.2038136 3.2412899 103
3.9273348 7.2320848 2.9845898 93
4.4222674 7.1750026 3.7431724 88
4.1885743 7.2081065 3.4701831 101
3.9470856 7.2298126 3.2102814 105
3.6947742 7.25244 2.9585655 112
4.2130084 7.2054977 3.7009604 95
3.9750025 7.2349534 3.4341016 101
3.7188132 7.2388787 3.1734552 108
3.4672906 7.2684045 2.9316993 107
3.9974856 7.2263293 3.6594248 93
3.7544229 7.2531514 3.3974957 104
3.5082211 7.2751889 3.1526117 108
2.8047521 6.5137715 2.6024938 125
3.7871037 7.2445478 3.6167412 96
3.543761 7.2772474 3.366565 109
2.845309 6.5114594 2.7915874 56
2.6150877 6.5370436 2.5876391 124
3.5910192 7.2785101 3.5858066 106
2.8867965 6.5213466 2.982933 9
2.6557574 6.5279732 2.7708972 128
2.4307334 6.5651469 2.5778794 122
3.3810146 7.2838511 3.5443621 113
2.6993408 6.5287213 2.9531076 127
2.4780674 6.5525498 2.7549987 134
2.3557312 6.8154373 2.6561191 40
2.7555058 6.5354233 3.1432018 124
2.5230029 6.5482173 2.9322424 126
2.3413448 6.6608338 2.7757976 54
2.3964069 7.3464937 2.8425112 77
2.582108 6.5566978 3.1184099 129
2.3546066 6.5791426 2.9173186 97
2.393785 7.1889095 2.9719853 43
2.2127712 7.4057717 2.8479092 137
2.411262 6.5717402 3.0912797 128
2.3693762 7.0030489 3.0766454 41
2.2857962 7.3989124 3.0365899 129
2.0126083 7.425251 2.8423781 134
2.3444998 6.8032317 3.1672978 38
2.3481953 7.3870096 3.2174935 129
2.0905221 7.4190288 3.0250869 132
1.8143495 7.4396834 2.8352768 140
2.3943312 7.3195281 3.3751235 50
2.1624236 7.4114623 3.2034328 126
1.8953917 7.4272122 3.0110469 122
1.6220068 7.459547 2.8318362 122
2.2411411 7.4031606 3.3820772 144
1.9773989 7.4336691 3.1896961 122
1.712923 7.4541836 3.0052898 127
1.4318433 7.4781337 2.8301828 132
2.0614493 7.419868 3.3592758 140
1.7961504 7.4534788 3.1759417 127
1.5278662 7.4793649 3.0027642 130
1.2430828 7.4976506 2.8307738 130
1.8852711 7.4483871 3.3456886 135
1.6151487 7.472374 3.1643598 127
1.3444471 7.5004315 2.9981384 128
1.0585098 7.5257969 2.8371732 135
1.7096975 7.4718127 3.331032 136
1.4302795 7.4815831 3.1518259 126
1.1590545 7.5116682 2.9915342 137
0.86977583 7.5402975 2.839545 134
1.5315018 7.4824257 3.311132 133
1.2571725 7.5138044 3.1489782 127
0.97641176 7.5286684 2.9908822 121
0.68634021 7.5714006 2.8500414 129
1.3564332 7.5018487 3.2985852 136
1.0766187 7.5256481 3.1404204 137
0.79831243 7.5522966 2.9932117 137
0.5030452 7.5894303 2.8573325 129
1.1848197 7.5279169 3.2896216 136
0.90154612 7.5449629 3.1354573 138
0.62022847 7.5808668 2.9993355 131
0.31934956 7.6004124 2.8634949 125
1.0129204 7.5419436 3.2766426 136
0.72922683 7.5750628 3.1365554 137
0.44382 7.5982776 3.0024464 117
0.13752727 7.6222925 2.8756938 133
0.84080023 7.5620241 3.2686369 137
0.55608875 7.5932088 3.1345465 136
0.26418221 7.6099515 3.005522 119
-0.042865198 7.6460404 2.8908336 91
0.67025214 7.5769353 3.2595811 138
0.38120994 7.6034513 3.1305456 117
0.087482341 7.6313481 3.0135944 134
-0.22487582 7.6628428 2.9040611 96
0.49940246 7.5877194 3.2497547 134
0.20684026 7.6174631 3.1319621 129
-0.089762457 7.6455407 3.0212352 67
-0.40710789 7.6765413 2.9195979 70
0.32907629 7.6064978 3.2469623 125
0.033191994 7.6355038 3.1352029 119
-0.26721889 7.6678853 3.034512 69
-0.58930403 7.7032456 2.9410672 121
0.15993673 7.6262102 3.2452276 132
-0.14190593 7.6497035 3.1384439 64
-0.44437602 7.6862769 3.0457246 78
-0.77294916 7.7221432 2.9613857 118
-0.0093186563 7.6398292 3.241287 128
-0.31172603 7.678472 3.1484971 42
-0.62089431 7.7076535 3.0607829 116
-0.95527196 7.7450285 2.983526 128
-0.17268851 7.6708755 3.2466486 46
-0.48200411 7.6991062 3.1570284 82
-0.79603338 7.728724 3.076474 115
-1.1357869 7.7705789 3.0093503 130
-0.34255025 7.6886649 3.2464044 42
-0.65529776 7.72016 3.1677792 81
-0.97570437 7.7543159 3.0973055 115
-1.321067 7.799715 3.0382519 133
-0.51335067 7.7023687 3.2473063 100
-0.82879001 7.7481232 3.1809189 123
-1.1551968 7.7817912 3.1186905 125
-1.5066278 7.8146167 3.064893 131
-0.68418103 7.7211947 3.2523513 86
-1.006174 7.7595105 3.1910391 138
-1.3361713 7.7964993 3.1378627 125
-1.697208 7.8431969 3.0982637 132
-0.8572135 7.7473087 3.2633846 139
-1.1828353 7.7779155 3.2061255 126
-1.5208184 7.8246231 3.1651454 124
-1.8858484 7.8596306 3.1285884 137
-1.0303421 7.7634439 3.2704439 138
-1.3610353 7.8024969 3.2253072 124
-1.7046956 7.8406544 3.1893921 134
-2.0795438 7.8764944 3.1630151 125
-1.2049153 7.7877326 3.28161 135
-1.5414066 7.8273191 3.2454751 126
-1.8905532 7.8588967 3.2156012 118
-2.2742367 7.905499 3.2023842 126
-1.3812945 7.8111691 3.294591 137
-1.723573 7.8411455 3.2635915 124
-2.0801368 7.8883991 3.2479141 118
-2.4707565 7.9235616 3.2397923 121
-1.5587794 7.8226223 3.305661 138
-1.9077587 7.8652096 3.287847 118
-2.2719836 7.9070878 3.2793505 118
-2.6714394 7.9489765 3.2824848 116
-1.7409246 7.8585482 3.3271787 131
-2.0939546 7.8884163 3.3133492 115
-2.4625189 7.9115944 3.3057609 114
-2.8757157 7.9697232 3.3270779 112
-1.9210352 7.8632116 3.3372815 141
-2.2830987 7.9018507 3.3376451 120
-2.6632893 7.9490719 3.349354 118
-3.0622337 7.9226832 3.3450973 71
-2.1064911 7.8863244 3.3576071 140
-2.4748101 7.9304991 3.368058 115
-2.8625176 7.9682612 3.3868387 112
-3.1008775 7.377316 3.1535909 43
-2.2936864 7.9075651 3.3788745 131
-2.669708 7.9443431 3.396436 119
-3.0481312 7.9241481 3.3998156 80
-3.2238111 7.1692405 3.1028392 113
-2.4825675 7.9219089 3.3991656 114
-2.8667681 7.965414 3.4298744 116
-3.0974023 7.423924 3.2176716 42
-3.4148967 7.1817827 3.1481254 112
-2.6768167 7.9458404 3.426558 124
-3.0508311 7.9282427 3.4388621 78
-3.2037346 7.1693449 3.140485 110
-3.6095779 7.1925545 3.1954634 51
-2.8753548 7.9760642 3.4560983 117
-3.098772 7.4238949 3.2477114 43
-3.3922179 7.1806474 3.1797252 102
-4.1745462 8.0980053 3.6485791 89
-3.0522296 7.9172492 3.450855 72
-3.2011182 7.1650248 3.1614211 109
-3.5941634 7.2141986 3.2322712 61
-4.405726 8.1179848 3.7125428 87
-3.0962756 7.4085793 3.2515714 43
-3.3905959 7.1864395 3.200675 107
-4.1415834 8.0950241 3.6699407 88
-4.6421056 8.1364241 3.7775688 86
-3.20454 7.1733127 3.1694646 122
-3.5851114 7.2043338 3.2410209 93
-4.3671799 8.1105738 3.7248008 86
-4.8928294 8.1701603 3.8559244 83
-3.3939538 7.1937714 3.2027349 121
-4.1294489 8.0839224 3.6736617 90
-4.6095748 8.1496067 3.7930391 88
-5.1476545 8.2021465 3.9355199 66
-3.5867167 7.2093539 3.2363656 96
-4.362267 8.1189079 3.7302835 91
-4.8506947 8.1681452 3.8579183 91
-5.4087901 8.2304983 4.018507 67
-4.1323748 8.0908165 3.6622946 92
-4.5963635 8.1378565 3.7842968 85
-5.1012506 8.1954279 3.9269917 84
-5.691608 8.2764559 4.1161489 68
-4.3588719 8.1101313 3.7060611 88
-4.8360338 8.1594048 3.8413544 90
-5.3690042 8.2415791 4.0097127 91
-5.959816 8.2905998 4.199842 69
-4.596107 8.1397247 3.7572942 90
-5.08953 8.196413 3.9088137 89
-5.6273212 8.2579174 4.0830998 88
-6.2546678 8.3311262 4.3029356 69
-4.8400497 8.1736336 3.8121355 65
-5.3524609 8.2389097 3.9812653 92
-5.9065881 8.2937155 4.1710682 67
-6.5554972 8.3687067 4.4095654 71
-5.0904326 8.203104 3.8700237 66
-5.6146102 8.2613068 4.051065 87
-6.1949167 8.327282 4.2610645 69
-6.8478403 8.3713789 4.5051575 74
-5.3510017 8.2342062 3.9312689 95
-5.8912401 8.2887774 4.1265211 86
-6.4985118 8.369235 4.3611345 71
-7.1063781 8.320323 4.5742416 73
-5.6248708 8.2789602 4.003149 68
-6.1732235 8.3172197 4.2065244 88
-6.8123703 8.4084225 4.4666414 74
-7.4474111 8.3668242 4.7041578 78
-5.8936095 8.2932253 4.0646992 67
-6.4761376 8.359478 4.2987494 72
-7.0768256 8.3670864 4.5328708 73
-7.795527 8.4008703 4.8360839 79
-6.1822672 8.3292465 4.1406207 69
-6.7919874 8.4018316 4.396153 72
-7.3813457 8.3673077 4.626914 77
-8.1745567 8.4566336 4.9866018 82
-6.4854889 8.3695307 4.2238021 73
-7.1062889 8.4280005 4.4904623 76
-7.7248683 8.3989744 4.7457366 78
-8.3666325 8.2866297 5.009069 84
-6.8016467 8.4099264 4.313199 72
-7.3701253 8.3725739 4.5465956 75
-8.0884295 8.4403944 4.8759332 81
-8.3902445 7.9395943 4.9239974 76
-7.1262774 8.4450359 4.4037147 77
-7.7102823 8.3989582 4.6543374 78
-8.3493338 8.3485661 4.9368687 85
-8.6832008 7.8765774 5.018589 67
-7.4449749 8.4566422 4.4870744 80
-8.0712204 8.4363766 4.771575 81
-8.3651772 7.9861689 4.8397832 78
-9.0772266 7.9040198 5.1775041 64
-7.736896 8.4181852 4.550983 79
-8.3409882 8.3538771 4.8289571 87
-8.6202765 7.8873401 4.8998709 72
-9.0327234 7.5104942 5.063396 85
-8.0854645 8.4368048 4.6510906 80
-8.3615665 7.9940677 4.7290535 83
-8.9583426 7.8628998 5.0126715 73
-9.0570459 7.1940589 4.9977369 80
-8.343256 8.3360682 4.6901417 87
-8.6090937 7.8842626 4.7758546 72
-9.0156412 7.5619574 4.9544578 84
-9.096405 6.9025002 4.9462285 79
-8.361001 7.9694819 4.5829678 83
-8.9508591 7.8586287 4.8805008 71
-9.052083 7.2501721 4.8890038 80
-9.117403 6.6064982 4.8888035 75
-8.6358805 7.8830795 4.6366572 70
-9.0171795 7.5615711 4.81984 83
-9.0679207 6.9346108 4.8162379 78
-9.1449623 6.3229213 4.8401518 75
-8.9617043 7.8370075 4.7200007 82
-9.0398493 7.2364655 4.7399764 78
-9.1004848 6.6414275 4.7576771 77
-9.1706209 6.0491838 4.7925506 77
-9.0060778 7.5157919 4.6425295 85
-9.0678577 6.9288621 4.6692805 80
-9.128231 6.3568516 4.7020679 77
-9.1871233 5.7766542 4.7457976 74
-9.0364838 7.1943717 4.5608182 82
-9.1026392 6.6338735 4.6077485 78
-9.1448812 6.0733204 4.6442733 73
-9.219945 5.5215778 4.712389 70
-9.0666218 6.8859591 4.4871531 76
-9.125186 6.3418427 4.5420184 77
-9.1779184 5.806242 4.6008191 72
-9.2481737 5.2731261 4.6789274 72
-9.0895958 6.5789261 4.4143705 78
-9.1422501 6.0543432 4.4802127 73
-9.1893682 5.5352945 4.5479836 92
-9.267436 5.0238938 4.6453094 72
-9.1657152 6.3236308 4.3746905 56
-9.1763849 5.7873764 4.4307761 72
-9.2247057 5.286468 4.5116382 95
-9.2938871 4.7833056 4.6168461 72
-9.3217983 6.1324182 4.3806167 69
-9.2278919 5.5369601 4.3966832 65
-9.2500048 5.0378017 4.4750953 69
-9.3121395 4.545064 4.5872126 72
-9.3804893 5.8706517 4.3375564 81
-9.3392467 5.330883 4.3947368 61
-9.2750025 4.7921433 4.4415321 91
-9.3355608 4.3153019 4.5646863 70
-9.4083443 5.5961823 4.2839241 77
-9.4411964 5.1179671 4.3906035 89
-9.3203201 4.5642886 4.420383 65
-9.3549118 4.0861878 4.5420947 69
-9.4417076 5.3287406 4.2352214 77
-9.4947233 4.8793297 4.3633318 114
-9.3855314 4.3487272 4.4103918 58
-9.3835831 3.8644447 4.5254431 68
-9.4684334 5.0651937 4.1885428 75
-9.5095415 4.6247721 4.3214922 103
-9.4837542 4.1515284 4.4232073 62
-9.406621 3.647845 4.5100031 68
-9.4906206 4.805563 4.14399 73
-9.538846 4.3839316 4.2902222 102
-9.5671988 3.9495413 4.4310732 65
-9.423521 3.4310765 4.4936957 67
-9.5806026 4.589128 4.1359015 60
-9.5582552 4.1413274 4.2578487 95
-9.6025457 3.7283642 4.415061 87
-8.8435583 2.9933326 4.1694412 82
-9.6744337 4.3740282 4.1318941 42
-9.5867453 3.9085302 4.2326751 95
-9.6263981 3.5020344 4.3977699 97
-8.8760586 2.8036985 4.168364 85
-9.7322235 4.1403532 4.1119981 15
-9.6084948 3.6755998 4.2071037 94
-8.848567 2.9824355 3.9835591 97
-8.8940954 2.6095459 4.1618872 86
-11.072975 4.470799 4.6839213 42
-9.6351871 3.445255 4.1870227 70
-8.8654079 2.7833354 3.9694233 72
-8.9644747 2.4341028 4.1837497 48
-11.166308 4.221137 4.6809087 51
-8.8482046 2.9248183 3.7836602 91
-8.8975334 2.5883811 3.9642065 86
-9.5225229 2.3927696 4.4580479 86
-8.8261662 3.0427949 3.5887489 55
-8.8817263 2.72596 3.7744777 83
-9.4437809 2.5490808 4.213325 52
-9.5507908 2.1944263 4.4597797 85
-8.8563614 2.8376439 3.5714846 101
-8.9024544 2.524992 3.7610693 87
-9.5261316 2.3594205 4.2370052 86
-9.5878696 1.9968301 4.4706635 64
-8.8835335 2.6322241 3.5561671 106
-9.7210264 2.5533586 4.119061 46
-9.5460739 2.1543458 4.2315688 88
-9.6002331 1.797104 4.470119 85
-8.9610367 2.4431803 3.5667644 46
-9.8814907 2.3714457 4.1730924 40
-9.580719 1.9515356 4.2353878 94
-9.6212854 1.6001285 4.4757318 86
-11.430162 2.9090114 4.6204062 25
-9.9105854 2.1531115 4.1697578 31
-9.5946503 1.7459319 4.2318454 88
-9.6530714 1.4050739 4.4895325 63
-11.69354 2.7028644 4.7090878 49
-9.9043341 1.9287188 4.1507993 21
-9.61339 1.5417392 4.2333879 84
-9.6759472 1.2092575 4.5001731 64
-11.743908 2.4362161 4.7069039 49
-9.9527454 1.7171013 4.1587863 17
-9.6407738 1.3413541 4.2400537 81
-9.6918211 1.013893 4.5086598 64
-11.793996 2.1725919 4.7066932 48
-10.012897 1.5075145 4.174964 19
-9.6651545 1.1407114 4.2476635 80
-9.7215443 0.81870574 4.5283823 62
-10.480073 1.673898 4.1274786 3
-10.013199 1.2867403 4.1670852 15
-9.6923876 0.94131386 4.2583261 77
-9.7411299 0.62565792 4.5429416 63
-11.850972 1.6355666 4.6995029 42
-10.043778 1.0725856 4.1747446 10
-9.7039251 0.73854923 4.2647104 79
-9.7500696 0.42867711 4.5543056 63
-11.8802 1.3691136 4.7009292 39
-10.063697 0.85449445 4.1802092 11
-9.7241697 0.53853971 4.2762527 78
-9.7787294 0.23338699 4.5780106 62
-11.921296 1.1036837 4.7075601 45
-10.066435 0.63893461 4.1793928 16
-9.7505674 0.33604324 4.2928901 78
-9.7993679 0.038405888 4.5995808 63
-11.934674 0.83484441 4.7087097 38
-10.074174 0.42279723 4.1826596 22
-9.7758493 0.13444841 4.3115125 80
-9.825181 -0.15914491 4.6252284 63
-11.975827 0.5673945 4.7223344 38
-10.085971 0.20499118 4.1919885 23
-9.7932673 -0.068834431 4.3289948 79
-9.8519411 -0.35662043 4.653893 64
-11.991132 0.29871297 4.7275176 40
-10.091636 -0.01133959 4.2002196 26
-9.8245831 -0.27192798 4.3547139 83
-9.8797331 -0.55501753 4.6855717 63
-11.998451 0.029332411 4.7335634 40
-10.131261 -0.22875945 4.2240205 32
-9.8262014 -0.47758508 4.3689203 76
-9.8966541 -0.75435042 4.7120628 63
-11.987576 -0.24233659 4.7358637 41
-10.147727 -0.4489356 4.2420769 34
-9.8533516 -0.6838122 4.3962264 84
-9.9154434 -0.95730501 4.743237 65
-12.007931 -0.51363862 4.7531142 41
-10.132515 -0.66710126 4.247942 38
-9.8961973 -0.89498305 4.4350996 84
-9.9355021 -1.1594105 4.776763 66
-11.981406 -0.78497452 4.7525754 40
-10.130309 -0.88615739 4.2610235 42
-9.912981 -1.1043864 4.4625411 88
-9.957922 -1.3663387 4.8143106 67
-11.959675 -1.0549028 4.7581239 40
-10.106115 -1.1051102 4.2677364 47
-9.9400434 -1.3179286 4.4971399 91
-9.9874039 -1.5746707 4.8569713 68
-11.890526 -1.3188916 4.7468982 36
-10.077693 -1.3214173 4.2733884 49
-9.9792728 -1.5344442 4.5399323 89
-10.013968 -1.7842634 4.900579 70
-11.898999 -1.593253 4.7699394 39
-10.044188 -1.5371673 4.2799578 55
-9.9876175 -1.7516224 4.5722027 86
-10.053047 -2.0008142 4.9523697 71
-10.998365 -1.7161571 4.4042659 1
-10.024892 -1.7567028 4.2948103 60
-10.017144 -1.9729754 4.6159296 90
-10.117723 -2.2281849 5.0237284 72
-11.879046 -2.1461365 4.8146634 47
-10.021852 -1.9818344 4.3210902 63
-10.036843 -2.197161 4.657599 92
-10.198911 -2.4631586 5.1053982 76
-11.795409 -2.4073427 4.8084135 45
-10.034352 -2.2136903 4.3574924 88
-10.058838 -2.4242079 4.7031231 90
-10.289062 -2.7084651 5.1939445 74
-10.507082 -2.3679292 4.2727776 2
-10.045945 -2.4456232 4.3957062 90
-10.073001 -2.6518996 4.7473688 88
-9.9534855 -2.8256848 5.0506911 41
-10.449418 -2.6047924 4.2797413 14
-10.073236 -2.6862149 4.4440947 97
-9.9423885 -2.8398438 4.7203031 47
-9.5235252 -2.8978183 4.854033 59
-10.327182 -2.8211305 4.2596998 50
-9.8653479 -2.8557222 4.3798008 42
-9.5180044 -2.9215703 4.5397086 62
-9.5271626 -3.1083529 4.9001508 66
-9.721633 -2.8753846 4.0231757 42
-9.5049849 -2.9671254 4.2452002 88
-9.5205164 -3.1422672 4.583807 63
-9.5558548 -3.3338499 4.9636874 67
-9.49687 -3.0363822 3.9597039 66
-9.518693 -3.2019258 4.2924528 83
-9.5500364 -3.3767197 4.6443253 63
-10.436345 -3.9137723 5.520154 73
-9.5241117 -3.2880321 4.013988 67
-9.5544538 -3.4488308 4.3558517 84
-10.407027 -3.9645858 5.1562018 75
-10.45748 -4.1680512 5.5923138 75
-10.197888 -3.8082075 4.373251 68
-10.201546 -3.9663005 4.7317915 70
-10.46514 -4.2456431 5.2452011 72
-10.491199 -4.4321151 5.6719699 66
-10.221157 -4.0872731 4.4366188 73
-10.24799 -4.2494588 4.8114877 72
-10.496127 -4.5241485 5.3246398 73
-10.528505 -4.7040648 5.7595391 68
-10.262824 -4.3839221 4.5131454 74
-10.284679 -4.5355153 4.8909559 73
-10.529605 -4.8084955 5.4080429 71
-10.538478 -4.970377 5.8346019 69
-10.296733 -4.68328 4.5894814 75
-10.357522 -4.848597 4.9918923 80
-10.560449 -5.1002088 5.4955482 76
-10.585436 -5.263638 5.9381824 64
-10.33364 -4.9933224 4.6726179 75
-10.519492 -5.2230721 5.1486597 69
-10.600835 -5.40484 5.5916562 68
-10.618541 -5.5558143 6.0345058 60
-10.369034 -5.3123727 4.7601795 72
-10.609855 -5.5714993 5.2723475 68
-10.622001 -5.709897 5.6840682 63
-10.655483 -5.8595977 6.1390967 61
-10.410852 -5.6490083 4.8577089 69
-10.630404 -5.8939795 5.3665419 64
-10.654053 -6.0283737 5.787519 63
-10.68991 -6.1728401 6.2506685 63
-10.463866 -6.0007234 4.9664083 72
-10.667484 -6.2350211 5.4720225 65
-10.707251 -6.3730874 5.9102101 72
-10.702937 -6.4800134 6.3508134 53
-10.645833 -6.4556565 5.14995 67
-10.718038 -6.5989723 5.5902262 67
-10.732662 -6.7125325 6.0177298 61
-10.765232 -6.8324194 6.4848895 50
-10.735014 -6.8685756 5.2938404 62
-10.765029 -6.9733901 5.7189608 61
-10.776493 -7.0738153 6.1497874 61
-10.778667 -7.1640639 6.6025014 53
-10.788181 -7.2717347 5.4250283 59
-10.793954 -7.350544 5.8438425 67
-10.81796 -7.4468961 6.2829146 69
-10.818921 -7.5242248 6.7396765 60
-10.827 -7.6842241 5.558991 66
-10.845223 -7.7579632 5.9860525 65
-10.857602 -7.8362608 6.4260006 66
-10.858241 -7.8985624 6.8838162 60
-10.873344 -8.1161642 5.7040157 62
-10.881129 -8.17272 6.1309023 66
-10.901783 -8.2412329 6.575902 63
-10.903188 -8.2904501 7.0387812 64
-10.918476 -8.5682888 5.8567662 66
-10.951414 -8.6307316 6.3041701 73
-10.9526 -8.6727896 6.7441607 84
-10.95445 -8.7037954 7.2062097 77
-10.653928 -8.7658243 5.8387384 68
-10.631564 -8.7607222 6.2404466 76
-10.595921 -8.7527599 6.6409431 77
-10.582633 -8.7549801 7.0777793 63
-10.233966 -8.8092146 5.7265368 78
-10.21917 -8.7963991 6.1163898 78
-10.212127 -8.7939787 6.517323 78
-10.1878 -8.7679987 6.928061 59
-10.190301 -9.2057962 5.8462124 64
-10.202103 -9.2017422 6.2524686 69
-10.181505 -9.1683578 6.6422949 63
-10.193136 -9.1573896 7.075655 47
-10.170107 -9.648634 5.993227 4
-10.15608 -9.5944958 6.3790259 8
-10.194141 -9.6051855 6.8104477 2
-11.161881 -10.552299 7.9787955 40
-9.7684221 -9.6922894 5.8960509 4
-9.8161335 -9.6859808 6.3070445 3
-9.8491507 -9.672924 6.7208195 3
-9.91436 -9.6802349 7.1760597 5
-9.4000387 -9.756012 5.819921 2
-9.4510479 -9.7393923 6.2199507 2
-9.494772 -9.7225075 6.6238618 2
-9.567152 -9.7171717 7.0632124 3
-9.1753769 -9.9823046 5.8465142 2
-9.2450619 -9.7689123 6.9698381 2
-9.249053 -10.461063 6.4411659 2
-11.370858 -14.698911 8.1712742 39
-10.879082 -14.75369 8.0827942 43
-11.036791 -14.708254 8.611681 42
-11.383733 -14.660985 9.7498693 38
-10.864996 -15.210361 8.7828407 10
-10.843957 -14.879822 9.1509867 12
-10.967467 -14.736773 9.6548004 26
-11.767101 -17.459381 9.9369507 11
-11.701624 -16.97213 10.286006 12
-11.961968 -16.97282 10.951462 6
-11.936067 -19.19734 10.113623 9
-12.105194 -18.988848 10.667316 9
-12.069977 -18.45536 11.032029 8
-12.048291 -17.939058 11.40861 12
-12.099889 -20.624886 10.744187 23
-12.291177 -20.374952 11.311515 10
-12.236133 -19.726654 11.641263 7
-11.502635 -20.712715 10.678922 11
-11.87678 -25.514858 14.918861 6
-11.261065 -27.06451 14.845632 6
-10.576527 -27.070883 14.730026 8
-9.9216232 -27.145931 14.662786 10
-9.2721014 -27.203606 14.592854 11
-8.6348228 -27.279348 14.53635 8
-8.0038662 -30.109652 15.221628 10
-8.0087137 -27.415438 14.525746 9
-6.7295661 -27.486874 14.411389 8
-7.4081793 -27.356298 14.970921 10
-6.1116071 -27.602913 14.413124 8
-5.2239199 -30.853174 15.420683 9
-5.4803219 -27.64822 14.381453 7
-3.8022997 -32.460377 15.587144 10
-4.5218296 -31.047981 15.49834 12
-5.6034632 -27.656427 14.887676 9
-3.0449624 -32.680668 15.702211 12
-3.8104002 -31.136808 15.526385 13
-4.9895625 -27.648594 14.808697 13
-2.2578461 -32.532749 15.662497 11
-3.1086044 -31.347668 15.617241 11
-4.3898239 -27.714619 14.776302 14
-2.3824453 -31.315037 15.604841 14
-3.7898431 -27.773104 14.750866 20
-3.1879597 -27.881187 14.755874 21
-2.5831296 -27.904779 14.723163 22
-0.23364763 -31.313 15.653304 10
-1.1569663 -30.62001 15.705606 10
-1.9767958 -27.968651 14.718868 28
1.5445579 -32.02462 15.673085 13
0.48564845 -31.291559 15.674829 13
-0.50851613 -28.168579 14.444427 8
-1.3712702 -28.032274 14.715441 19
2.285172 -31.801241 15.63812 13
1.1897591 -31.133881 15.631319 11
0.12333708 -28.226444 14.47915 9
-0.76346171 -28.092752 14.716932 21
2.9976289 -31.475624 15.559522 13
1.8946252 -31.035574 15.628283 11
0.75012141 -28.21031 14.486394 11
-0.15033604 -28.133057 14.722547 21
3.7247705 -31.328917 15.582537 13
2.5829515 -30.825073 15.581141 12
1.3893589 -28.328587 14.563113 11
0.46813276 -28.237745 14.764662 19
4.4241629 -31.043098 15.543817 9
3.2757394 -30.65394 15.564504 11
2.0248318 -28.345602 14.600878 14
1.0857458 -28.282425 14.78018 20
5.1232376 -30.804188 15.534049 12
3.6447754 -28.50069 14.53866 9
2.6744251 -28.406574 14.670601 16
1.7099562 -28.334349 14.807079 22
5.4122944 -28.694527 14.58888 12
4.3211899 -28.576982 14.654278 15
3.3233044 -28.469051 14.741838 18
2.3451829 -28.417141 14.860833 23
6.1314378 -28.772526 14.751202 14
5.0185962 -28.673557 14.793647 17
3.9924591 -28.585209 14.852578 13
2.9864469 -28.497641 14.918167 24
6.8628283 -28.856468 14.926172 14
5.7040706 -28.705154 14.901557 19
4.6585388 -28.625095 14.932732 18
3.6221449 -28.516735 14.94581 20
7.6141028 -28.942816 15.114761 26
6.425055 -28.835135 15.072358 18
5.3392606 -28.708368 15.041285 20
4.2880287 -28.627844 15.035436 25
8.3753557 -29.037758 15.317519 14
7.1391444 -28.873238 15.205494 19
6.0313296 -28.792381 15.159942 16
4.9453187 -28.664213 15.0922 21
9.0758991 -28.91181 15.416668 10
7.8839545 -28.994352 15.391867 10
6.7316065 -28.845243 15.272314 13
5.6328201 -28.79431 15.202449 17
9.7165537 -28.599081 15.4255 14
8.5422955 -28.812548 15.426449 15
7.4659939 -29.012451 15.451758 12
6.2900205 -28.77739 15.24444 17
9.1687708 -28.540598 15.417354 13
8.1237059 -28.875267 15.478758 12
7.0202532 -28.981354 15.414556 14
9.7742195 -28.198822 15.388335 10
8.7256241 -28.556517 15.419223 9
7.6711798 -28.841066 15.413995 11
10.734412 -25.767628 14.429254 16
10.192466 -27.424252 15.118505 8
9.3525772 -28.30587 15.401232 14
8.3149376 -28.683285 15.402067 16
10.253002 -23.251326 13.207888 15
10.742166 -27.016506 15.056057 22
8.9536448 -28.485722 15.383159 10
10.735207 -22.902626 13.194173 36
10.675961 -25.268995 14.247935 20
10.442487 -27.443727 15.18916 12
9.6011591 -28.339661 15.397449 13
11.279854 -22.680706 13.267572 30
10.331718 -23.136017 13.203354 23
10.774389 -26.556496 14.831547 23
11.380735 -21.67186 12.875294 34
10.874061 -22.93063 13.250637 45
10.076679 -23.527781 13.273396 7
10.660019 -27.407215 15.097639 18
11.468663 -20.716997 12.509755 29
11.269165 -22.438116 13.141756 24
10.45155 -22.987448 13.103598 36
10.670927 -25.82469 14.335203 28
11.551302 -19.82406 12.169256 30
11.322001 -21.380461 12.69297 29
11.062812 -22.921186 13.21024 50
10.219062 -23.41057 13.10636 19
10.820852 -17.747396 11.09376 4
11.450633 -20.524864 12.364368 29
11.264398 -22.094908 12.884284 29
10.62721 -22.934874 12.956565 56
11.021881 -17.19635 10.94471 50
11.52436 -19.631954 12.010798 37
11.382724 -21.179787 12.506074 27
11.197897 -22.797132 13.002791 60
11.443615 -16.976379 11.011707 43
10.832173 -17.648687 10.971183 8
11.46916 -20.275909 12.129246 31
11.287704 -21.78392 12.553293 30
11.737547 -16.580282 10.971402 53
11.038538 -17.118189 10.818856 71
11.565539 -19.439222 11.790947 30
11.368176 -20.826189 12.134732 39
11.724046 -15.814484 10.68172 55
11.507897 -16.967693 10.913803 55
10.915022 -17.550135 10.802377 17
11.479798 -19.977913 11.777489 40
11.805634 -15.205925 10.491047 53
11.665296 -16.402939 10.742694 43
11.126686 -17.033304 10.644168 76
11.590877 -19.188898 11.454026 39
11.86795 -14.600666 10.299623 58
11.740338 -15.761526 10.519138 61
11.603969 -16.894499 10.729908 69
10.963019 -17.361988 10.502648 57
11.944447 -14.0424 10.140984 43
11.793084 -15.118723 10.297205 90
11.705165 -16.259926 10.503141 49
11.285753 -17.005159 10.435018 87
12.183359 -13.680701 10.116563 45
11.904582 -14.579947 10.135546 41
11.758645 -15.59843 10.254904 70
11.637837 -16.689417 10.393567 60
12.435838 -13.33932 10.10881 9
12.173972 -14.237023 10.110456 50
11.9551 -15.139305 10.138206 35
11.743937 -16.068356 10.164716 51
11.489306 -11.844547 9.2154455 3
12.251941 -14.798424 10.107034 8
12.060928 -15.724595 10.114233 42
11.592134 -11.42628 9.1276846 76
11.718011 -11.040576 9.0651808 68
12.347701 -11.084078 9.3668375 65
11.598682 -11.387097 8.8927784 98
12.505852 -10.725348 9.3337097 74
11.767179 -11.034258 8.8484564 81
12.703669 -10.40228 9.3368006 5
12.383269 -11.066458 9.1183777 99
11.628144 -11.262486 8.596921 105
12.508818 -10.676629 9.0522442 95
11.947216 -11.0423 8.6439791 61
11.586958 -11.54006 8.3590279 72
12.474858 -10.987416 8.832468 116
11.686011 -11.114981 8.2439642 87
12.562972 -10.565004 8.7312136 65
12.303138 -11.137037 8.4680824 71
12.627777 -10.133705 8.6249132 29
12.502774 -10.794804 8.4233875 97
12.801127 -9.0573483 8.7221832 4
12.658022 -9.692049 8.5038242 98
12.55954 -10.344572 8.298871 98
12.798186 -8.6257744 8.607832 9
12.692841 -9.2656212 8.392951 97
12.608716 -9.9033947 8.1777105 105
12.784897 -8.2029648 8.4958239 95
12.747645 -8.8607521 8.3028126 101
12.658272 -9.4738169 8.0627384 102
12.8576 -7.8419924 8.4429932 86
12.793702 -8.4642124 8.2135429 102
12.72906 -9.0692682 7.970171 90
12.889349 -7.4631262 8.3710098 97
12.838544 -8.0714025 8.131402 100
12.781949 -8.6621113 7.8739104 83
12.931439 -7.09512 8.3098412 98
12.87595 -7.6838336 8.050456 110
12.833535 -8.2596149 7.7849078 98
12.227291 -5.7638593 8.0484715 16
12.974283 -6.7359638 8.257515 112
12.912406 -7.3030162 7.9762325 108
12.876449 -7.8612885 7.6985688 99
12.277193 -5.448204 8.026803 90
12.990067 -6.3687797 8.1937456 99
12.949088 -6.9255915 7.9081688 103
12.90563 -7.4620771 7.6087093 87
12.300471 -5.1279287 7.9916334 79
12.223963 -5.6718278 7.6764717 73
12.991595 -6.5625653 7.8474865 110
12.949514 -7.0801363 7.5340543 104
13.076535 -5.0909715 8.4120016 75
12.287871 -5.3587956 7.6525049 102
12.263571 -5.8608346 7.3618746 4
12.986126 -6.7028303 7.4609447 100
13.130065 -4.7734437 8.4014168 85
12.379799 -5.0626364 7.6482377 64
12.290028 -5.5227375 7.30582 105
13.02597 -6.335783 7.3947892 98
13.170307 -4.4591155 8.3788567 85
13.159545 -5.0134077 8.0387907 103
12.323575 -5.1945362 7.2556005 100
12.283649 -5.6348772 6.9194636 135
13.204734 -4.1418619 8.3645935 64
13.184098 -4.6781693 8.0007563 94
13.158038 -5.1638455 7.6492109 86
12.310588 -5.2918043 6.8623581 115
13.265782 -3.8329716 8.3711195 78
13.216969 -4.3494754 7.9745727 99
13.20129 -4.8207393 7.6141858 107
13.016355 -5.2027946 7.1603565 57
13.308391 -3.5180171 8.3701677 68
13.264647 -4.0233159 7.9595919 103
13.219041 -4.4731956 7.5703802 110
13.200209 -4.9052272 7.1879392 103
13.328272 -3.2058635 8.3557262 65
13.289515 -3.6983025 7.9363661 107
13.253807 -4.1368585 7.5391722 107
13.233193 -4.5526471 7.145823 100
13.381965 -2.9023979 8.3670855 76
13.317387 -3.3744473 7.9182224 104
13.297234 -3.8063138 7.515801 119
13.26279 -4.2047968 7.1057425 109
13.35586 -2.5848544 8.3357935 79
13.350932 -3.0561252 7.9079657 100
13.322766 -3.4732018 7.4897304 104
13.29911 -3.8615606 7.0715356 117
13.402441 -2.2827828 8.3492641 76
13.380422 -2.7384565 7.8987722 107
13.367196 -3.1447794 7.4773359 108
13.336366 -3.520432 7.0443063 116
13.423203 -1.9754615 8.352025 75
13.422888 -2.4239652 7.9013224 108
13.395615 -2.814939 7.4602861 117
13.376554 -3.1815407 7.02321 124
13.459682 -1.6734002 8.368082 76
13.457304 -2.1075592 7.9025011 107
13.414779 -2.4839189 7.4428596 123
13.399626 -2.8376052 6.9998655 116
13.475718 -1.3668941 8.3778009 55
13.48705 -1.7920965 7.9061747 107
13.467416 -2.1614799 7.4484029 122
13.435286 -2.5007482 6.9846992 108
13.518003 -1.0671443 8.4031525 40
13.513616 -1.4750981 7.9114947 102
13.491633 -1.835404 7.4413128 118
13.478512 -2.1643438 6.979167 125
13.54957 -0.7658332 8.4258184 29
13.554755 -1.1654668 7.9261851 107
13.527792 -1.5112733 7.443202 111
13.517567 -1.8296597 6.9749174 123
13.61166 -0.46571696 8.4698515 79
13.590527 -0.85120863 7.9445558 107
13.558784 -1.1885729 7.4477682 124
13.543463 -1.4932817 6.9667296 126
13.647289 -0.1632697 8.5015001 87
13.612937 -0.53646863 7.9574862 107
13.601559 -0.86256927 7.4633374 125
13.585741 -1.1589997 6.9714646 115
13.280813 0.13898294 8.3018265 69
13.651767 -0.2228166 7.9842968 105
13.633167 -0.5372076 7.4762268 117
13.617368 -0.82066822 6.977282 115
12.889554 0.42324162 8.0901432 87
13.477213 0.094584063 7.8973198 88
13.659836 -0.21035074 7.4911122 115
13.642841 -0.48261064 6.9832492 113
12.919542 0.71464944 8.1288548 85
12.880383 0.39120078 7.5811238 102
13.238067 0.11695838 7.2781982 84
13.689672 -0.14434829 7.0028601 112
13.783951 1.064853 8.6614389 24
12.90604 0.69320571 7.6121006 91
12.901636 0.42588213 7.1141291 94
13.015802 0.18918049 6.6839271 67
13.76662 1.3728294 8.6819897 57
13.777884 1.0551209 8.1124821 12
12.9335 0.7394892 7.1446614 83
12.933954 0.51386315 6.6527019 87
13.785372 1.3786215 8.1416845 69
13.772576 1.115145 7.592773 26
12.924028 0.83690935 6.6559753 42
13.812598 1.702521 8.1840773 52
13.819271 1.4543303 7.6399031 36
13.860271 1.2382216 7.1213074 19
13.843279 2.033814 8.2338972 31
13.845364 1.7931511 7.6778436 31
13.827301 1.585344 7.127244 53
13.882185 2.3665073 8.291646 16
13.88137 2.1401529 7.7276974 39
13.882279 1.9427327 7.1768346 35
13.9474 2.7035344 8.3626719 9
13.925685 2.4850802 7.7790847 34
13.917378 2.3005278 7.2204175 50
13.961567 3.0404484 8.4158239 2
13.961365 2.8371472 7.8379111 32
13.955993 2.6643806 7.2732525 35
13.990557 3.1956384 7.8967557 35
13.989296 3.034344 7.3298345 38
14.025584 3.5591576 7.9649744 39
14.037392 3.4110065 7.3971272 26
14.22839 4.1398387 8.7320948 2
14.050439 3.9242132 8.0330534 50
14.064583 3.7919257 7.4622297 44
14.09267 4.3017735 8.1148987 41
14.086893 4.1742711 7.5284171 58
14.388453 5.0922942 9.6334305 3
14.117732 4.6788301 8.1930227 36
14.124765 4.5712876 7.6084113 63
14.298341 5.4142723 9.6542034 22
14.337546 5.2619352 9.0048828 2
14.189465 5.0788517 8.3014812 13
14.16911 4.9729443 7.6952572 64
13.854373 5.6039743 9.4539576 32
14.109097 5.5479898 8.94765 41
14.249275 5.4849801 8.4111767 64
14.228265 5.3950229 7.800209 81
13.402689 5.773376 9.2464466 90
13.411275 5.649961 8.6149292 92
13.510386 5.5907054 8.0802097 46
13.648354 5.5791845 7.5790548 30
13.438051 6.1392431 9.3621025 87
13.474221 6.0394373 8.7395487 103
13.482794 5.962007 8.1504536 112
13.482807 5.9092169 7.5761094 93
13.152801 6.3641829 9.2694206 47
13.297037 6.3359179 8.7278423 66
13.393451 6.3107882 8.1920528 81
13.443563 6.2988362 7.646214 92
12.532308 6.4239459 8.9537258 44
12.632249 6.3956079 8.4110136 51
12.683537 6.3691807 7.8759007 55
12.714919 6.3665485 7.3482027 56
11.960991 6.482698 8.6699476 43
12.009806 6.447639 8.1170292 67
12.035717 6.4295497 7.5954967 68
12.033685 6.4239335 7.072432 50
11.393703 6.5153012 8.3803263 51
11.432659 6.4970155 7.8495512 68
11.439085 6.4837646 7.3374276 68
11.406174 6.4799581 6.8249788 66
10.871914 6.5541849 8.1221046 56
10.887245 6.54004 7.5996885 68
10.90328 6.5498538 7.1173768 73
10.822754 6.5310869 6.59554 57
10.394422 6.6001606 7.8929305 48
10.42417 6.6088719 7.3994222 54
10.376741 6.5972099 6.8990808 67
10.306474 6.5985579 6.4061613 60
9.9501076 6.645371 7.6802945 58
9.947813 6.65381 7.1902628 71
8.7445927 5.9404831 5.9907622 20
8.6923141 5.9611773 5.5766821 66
8.4762535 6.0171885 6.7316165 67
8.420104 6.0021877 6.2714601 70
8.3485765 5.9958835 5.8413339 73
8.2708273 6.0061831 5.4251208 68
8.2068243 6.1160421 6.6337543 72
8.223361 6.1618009 6.2366214 80
8.2508135 6.2336149 5.8774214 83
8.255929 6.3143997 5.5166159 78
8.2453823 6.4205294 6.7603807 80
8.2647276 6.4861059 6.3682814 85
8.275218 6.5604239 5.9972568 86
8.2969131 6.6656346 5.6451068 88
8.2834711 6.7345729 6.8927245 83
8.2944603 6.8088694 6.4937863 99
8.179575 6.80792 6.0415659 80
8.0158482 6.7891622 5.5830612 71
8.0431843 6.846849 6.8200245 64
7.9307747 6.8437786 6.3487601 69
7.8189855 6.8526063 5.9135375 81
7.6073275 6.8049569 5.4416943 69
7.7038665 6.8746958 6.6715999 64
7.5949044 6.8843074 6.2203388 66
7.4648542 6.8896818 5.7913985 79
7.2317214 6.8268485 5.3148384 72
7.3824778 6.9066057 6.537075 72
7.2620754 6.9191251 6.0958481 69
7.107975 6.9101834 5.6631484 73
6.8933711 6.8697109 5.2163758 78
7.0854373 6.9462476 6.4177556 68
6.9362297 6.9422522 5.970077 72
6.7707438 6.9316239 5.5466409 75
6.5610232 6.8987679 5.1148276 74
6.7856035 6.9725766 6.2956758 69
6.6405764 6.9792609 5.8649802 78
6.4305573 6.933394 5.4221244 75
6.2414231 6.9237514 5.0200825 71
6.499795 6.9976783 6.179389 69
6.3538318 7.0134306 5.7657466 74
6.1186757 6.9456911 5.3142023 70
5.9383521 6.9522972 4.935081 71
6.2297516 7.0284171 6.0768623 74
6.0681868 7.0374913 5.6654453 75
5.838377 6.9812808 5.2338619 70
5.6686954 7.0029764 4.8726311 69
5.9600663 7.0521049 5.9723015 70
5.7880163 7.0550508 5.5660281 71
5.5588655 7.003767 5.1484551 68
5.4242196 7.0734577 4.8298893 71
5.7094312 7.0830293 5.882525 76
5.5027256 7.0588689 5.4627314 70
5.2817268 7.0168386 5.0621009 87
5.1834435 7.1384706 4.7881699 72
5.4571867 7.1059709 5.7918119 70
5.2240829 7.0570436 5.3633466 68
5.0252037 7.0441399 4.9944849 84
4.924859 7.174994 4.732615 68
5.2159271 7.1290507 5.7048883 70
4.9755397 7.0767865 5.2835007 67
4.7798066 7.0746593 4.9316049 90
4.6636033 7.1958609 4.6729355 92
4.9808202 7.1537156 5.6267943 71
4.7328572 7.0940676 5.2094903 64
4.5325036 7.0943222 4.867672 86
4.4183645 7.2253504 4.6210079 87
4.7535992 7.1756797 5.5505438 68
4.496954 7.1077418 5.1373458 86
4.3171682 7.142261 4.8273392 84
4.167913 7.2412429 4.5681081 87
4.4935293 7.1493917 5.4406161 69
4.2688046 7.1277223 5.0740781 83
4.1132693 7.2031822 4.7998319 92
3.9243701 7.2544641 4.517024 86
4.2646832 7.1523662 5.3592343 65
4.0513172 7.1527314 5.0176072 91
3.9043262 7.2524786 4.7683258 94
3.6960235 7.2783675 4.4777279 80
4.0491419 7.1671977 5.2916899 65
3.8322585 7.1708484 4.9631357 89
3.6911004 7.2881093 4.7318349 95
3.473496 7.3097758 4.447372 85
3.8398468 7.1834822 5.2300539 65
3.6237614 7.1940594 4.913518 92
3.4792452 7.3166013 4.6942949 91
2.817965 6.5600071 3.9507916 45
3.6368892 7.2032571 5.172369 65
3.4225368 7.2196846 4.8708491 88
2.8242929 6.5578923 4.1627173 38
2.6244256 6.5789165 3.9239907 106
3.4351814 7.2149282 5.1146684 87
3.2274868 7.2467899 4.8311057 84
2.6456568 6.586597 4.136692 103
2.4322345 6.5907884 3.8960915 98
3.2432115 7.2339368 5.0637598 83
2.6634948 6.5906215 4.3464088 100
2.4604607 6.598876 4.104681 102
2.3086689 6.7409625 3.9516785 40
2.6953788 6.5933051 4.5609426 97
2.487669 6.6070061 4.3113103 101
2.303714 6.6656961 4.1084828 43
2.3656836 7.3053608 4.2510829 48
2.5234559 6.609364 4.5207787 100
2.3150685 6.6251082 4.2801661 72
2.3500261 7.179882 4.388855 44
2.2152762 7.436759 4.2990484 93
2.3531792 6.6212654 4.4805708 98
2.3354466 7.0673671 4.5236611 42
2.2620683 7.4381523 4.5113363 103
2.0137868 7.454318 4.2843685 99
2.3219137 6.9247031 4.6373262 37
2.3088114 7.4395576 4.7206244 115
2.0659609 7.4502511 4.486546 96
1.8185821 7.4743342 4.2725968 96
2.3232198 7.3355398 4.8639994 95
2.123136 7.4567795 4.6926861 110
1.8803111 7.4764657 4.4736447 100
1.6253312 7.4931688 4.2637882 93
2.1512513 7.3606105 4.8348684 98
1.9417112 7.4776998 4.6696005 98
1.6931423 7.4898992 4.4555268 103
1.4361343 7.5168285 4.2606444 101
1.9764439 7.3811698 4.8056183 100
1.7599571 7.4957638 4.6475124 112
1.5079148 7.5101805 4.4435682 105
1.2483526 7.5382466 4.2598014 104
1.8031029 7.4013238 4.7794709 90
1.5776399 7.5046468 4.6234636 99
1.3259994 7.532033 4.4365664 107
1.0602971 7.5576062 4.2588873 103
1.6315809 7.419311 4.7532859 86
1.4003177 7.5231109 4.6083736 104
1.1422607 7.5450191 4.4265571 104
0.87251067 7.5789351 4.2639766 110
1.4650354 7.4569006 4.7431002 83
1.2232867 7.5445552 4.5952897 110
0.9598577 7.5608864 4.4215369 99
0.68844873 7.5969281 4.2689929 104
1.2999145 7.4883499 4.729866 84
1.0465586 7.5579391 4.58217 107
0.78397882 7.592206 4.4264836 102
0.5040893 7.6219316 4.2800555 100
1.1346474 7.5177622 4.718647 85
0.87744993 7.5876527 4.5800185 96
0.6067012 7.6085753 4.4254079 99
0.32188854 7.6377025 4.2880564 86
0.9729659 7.5528483 4.712358 106
0.70393968 7.6026802 4.5707974 95
0.42847127 7.6249704 4.427228 100
0.14069055 7.6633315 4.3049231 84
0.80498523 7.5743918 4.6999931 103
0.53017026 7.6146717 4.5624857 91
0.25154182 7.6442223 4.4329972 90
-0.043143019 7.6821494 4.3208003 93
0.63744932 7.5898623 4.6865945 110
0.35807571 7.6334734 4.5611873 92
0.07595057 7.6672645 4.4428005 91
-0.22457826 7.6946721 4.3356857 104
0.47017217 7.6182914 4.6843514 117
0.18474708 7.6494493 4.560009 82
-0.10311961 7.6837835 4.4537196 90
-0.40791798 7.7175531 4.3586998 103
0.30411056 7.6377425 4.6770735 124
0.013191869 7.6723523 4.566833 88
-0.27818939 7.6999531 4.4655733 104
-0.59177738 7.734457 4.3816972 99
0.13708447 7.6572709 4.6718111 124
-0.15645774 7.6940846 4.5736222 106
-0.45436063 7.7252321 4.4844813 103
-0.77352613 7.7521758 4.4066639 102
-0.027625522 7.6795998 4.6705222 116
-0.32698476 7.7168941 4.5824294 113
-0.63244241 7.7406454 4.5003796 105
-0.95754737 7.7770905 4.4386964 98
-0.19495334 7.695116 4.6682482 121
-0.49875674 7.7367725 4.5922441 105
-0.80944866 7.7669625 4.5243049 113
-1.1436032 7.8011541 4.4737577 93
-0.3621645 7.7116108 4.6679764 119
-0.67288625 7.7628589 4.6091228 117
-0.98805749 7.7863922 4.5482283 108
-1.3298166 7.8232198 4.5098128 102
-0.53044248 7.7271919 4.6687169 115
-0.84624535 7.7758436 4.6199341 127
-1.1704139 7.8081446 4.57622 108
-1.5197726 7.846972 4.5510454 105
-0.70303428 7.738553 4.6716294 98
-1.0226531 7.7874842 4.6338615 130
-1.3527668 7.8292689 4.6062312 125
-1.7099704 7.8683472 4.5940218 116
-0.87255746 7.730166 4.6631541 86
-1.1996323 7.8037624 4.6526055 116
-1.5341802 7.8398666 4.6310091 124
-1.9011534 7.8907137 4.6379657 110
-1.0424349 7.7397485 4.6667709 79
-1.374597 7.7897277 4.6543283 82
-1.7149663 7.8253531 4.6459575 75
-2.0840197 7.841361 4.6448679 54
-1.2122245 7.7274704 4.6605849 70
-1.5479324 7.759685 4.6480308 74
-1.8915455 7.78052 4.6435971 75
-2.2654002 7.7969089 4.6556368 81
-1.3826511 7.7192378 4.6593804 96
-1.7221445 7.7517486 4.6588955 85
-2.0747268 7.7813454 4.671607 92
-2.4617579 7.8248992 4.7139254 86
-1.5558414 7.7433066 4.6792364 113
-1.9022539 7.7643585 4.6848149 97
-2.2621346 7.7995706 4.7126679 90
-2.6600897 7.8420329 4.768157 86
-1.7297189 7.7493906 4.6910281 107
-2.0843592 7.7871604 4.7188087 96
-2.4551992 7.8313069 4.7658753 87
-2.8598692 7.8642955 4.8294344 84
-1.9058838 7.7626858 4.7088876 99
-2.2678063 7.8060675 4.7528095 98
-2.646771 7.8468738 4.8119926 86
-3.0618174 7.8737078 4.8876948 89
-2.0851729 7.7880793 4.7367578 92
-2.4537344 7.8229928 4.7887759 95
-2.8398685 7.8603926 4.8580866 87
-3.165899 7.5607944 4.7450647 47
-2.2674923 7.8098493 4.766747 100
-2.6437449 7.8464041 4.8308949 92
-3.0414925 7.8857684 4.9164 90
-3.2469039 7.2138987 4.5799341 78
-2.45119 7.8277106 4.7947421 89
-2.836875 7.8680434 4.8760571 85
-3.1470528 7.5871072 4.7738571 50
-3.4404073 7.2274866 4.6450696 79
-2.6381562 7.8528552 4.8298197 90
-3.0321548 7.8878584 4.9222465 90
-3.2153394 7.2070441 4.5803866 77
-3.6403391 7.246634 4.7173309 58
-2.8280995 7.8672209 4.8628988 86
-3.1456058 7.622973 4.7929649 50
-3.4083679 7.2258492 4.6405458 80
-4.1902084 8.1019087 5.3475556 66
-3.022464 7.8872194 4.9010611 94
-3.2079489 7.221612 4.579237 73
-3.6025777 7.2435017 4.7035689 81
-4.4286828 8.1353617 5.4443421 65
-3.1449878 7.6542048 4.7839088 52
-3.390856 7.2232847 4.6200132 81
-4.1402931 8.0934992 5.3164454 64
-4.6699386 8.1608887 5.5420666 67
-3.1952939 7.2244153 4.5458269 71
-3.5831225 7.2427173 4.6751528 86
-4.3795152 8.1420574 5.4135809 64
-4.9185328 8.1912718 5.6493511 67
-3.3747783 7.2209187 4.5758057 94
-3.7739253 7.2441659 4.7232418 1
-4.6149292 8.1663446 5.4994478 64
-5.1729002 8.2131205 5.7575564 66
-3.5683 7.2486706 4.6291084 78
-4.346406 8.129385 5.3561049 64
-4.8549023 8.1839895 5.5874186 65
-5.4441094 8.2564745 5.8840938 69
-4.0730247 8.0389166 5.1753931 75
-4.5755186 8.14715 5.4278326 65
-5.1080208 8.2198172 5.6916056 67
-5.7077327 8.2731104 6.0003719 70
-4.3038249 8.0829172 5.2502537 66
-4.8199258 8.1822634 5.5158758 66
-5.3683081 8.2532492 5.7998972 67
-5.9907064 8.3064432 6.134028 70
-4.5547466 8.1567116 5.3485579 67
-5.0677218 8.2126493 5.6059551 66
-5.6314836 8.2769032 5.9061966 70
-6.2932572 8.3534727 6.2870526 61
-4.7914262 8.1801624 5.4184299 68
-5.320899 8.2384825 5.698102 68
-5.9087725 8.308774 6.0267553 72
-6.5978527 8.3886242 6.4380388 61
-5.0377402 8.2064028 5.4954176 69
-5.5861115 8.2733068 5.8004036 69
-6.1999326 8.3507738 6.1604795 70
-6.9123044 8.4235516 6.5971112 63
-5.2906151 8.2361708 5.5794663 69
-5.8545384 8.294364 5.9006205 72
-6.4968591 8.3842745 6.2941613 64
-7.2371821 8.4533768 6.7632413 64
-5.5576615 8.2751951 5.6747394 68
-6.1342835 8.3233957 6.0121207 67
-6.8101773 8.425148 6.4413033 65
-7.5829763 8.4949665 6.9469028 53
-5.8237514 8.2930536 5.7620344 68
-6.4380789 8.3725138 6.1451435 65
-7.1319766 8.4597139 6.594553 75
-7.9534025 8.5496817 7.1510077 61
-6.109622 8.3336544 5.8697352 72
-6.742517 8.4036322 6.2731009 69
-7.4558434 8.48242 6.7457848 67
-8.3157301 8.5726051 7.3438525 69
-6.3934698 8.3530254 5.9683161 71
-7.0578179 8.4356775 6.4072332 65
-7.8176928 8.5354366 6.9307423 69
-8.4297371 8.3095999 7.2945738 65
-6.7006059 8.3894196 6.0873342 70
-7.4028368 8.490304 6.5689278 63
-8.1983795 8.5890064 7.1280422 69
-8.4722996 7.9792261 7.1839671 60
-7.0282893 8.4404697 6.2248588 66
-7.7371755 8.5097446 6.713469 67
-8.4062157 8.433177 7.1578054 69
-8.7460585 7.8921809 7.298007 60
-7.3647504 8.4823294 6.3613815 59
-8.1137915 8.5660486 6.8956366 68
-8.4310751 8.0793438 7.0217023 68
-9.2096252 7.9798632 7.5836978 62
-7.7017646 8.5062284 6.4958167 64
-8.395566 8.4949436 6.9828176 77
-8.6330204 7.9201469 7.0552645 63
-9.3041916 7.7081671 7.5360961 45
-8.0818624 8.565896 6.6662769 65
-8.4212704 8.1392288 6.8389602 68
-9.0611095 7.9808226 7.2925286 60
-9.2966127 7.3515658 7.4047379 35
-8.3765287 8.5080376 6.7527475 81
-8.5526056 7.9049106 6.7991123 65
-9.2628517 7.8116446 7.3290725 73
-9.3479996 7.0612078 7.333396 71
-8.410306 8.156105 6.6108637 71
-8.9617844 7.9510393 7.0058374 58
-9.2984858 7.488883 7.2263441 77
-9.3799496 6.7651629 7.2527146 75
-8.5217581 7.901032 6.5445848 69
-9.2488642 7.8623438 7.1030169 89
-9.3272476 7.1744857 7.1264691 76
-9.3990068 6.4669309 7.1687412 80
-8.939455 7.9538746 6.7413821 54
-9.285697 7.5376277 6.993185 76
-9.3596315 6.8744454 7.0356188 76
-9.4227037 6.1831627 7.0948 74
-9.2464924 7.8779416 6.8417978 84
-9.3168287 7.2214389 6.8872676 81
-9.3784475 6.5711818 6.9416246 76
-9.4551296 5.9141068 7.0321984 69
-9.2764301 7.5445857 6.7198906 76
-9.3461599 6.9140692 6.7874579 83
-9.4102287 6.2890582 6.8649588 72
-9.4861021 5.648921 6.9765902 73
-9.3126574 7.2288051 6.611156 75
-9.3663654 6.6079183 6.6865087 84
-9.4347754 6.0093179 6.788187 79
-9.5087891 5.3870368 6.9188628 70
-9.3311892 6.909492 6.4981256 72
-9.4051476 6.3264079 6.6079555 74
-9.467247 5.7402744 6.7225852 77
-9.5289154 5.1309443 6.8641186 72
-9.3685751 6.6118355 6.4064832 72
-9.4337244 6.0470262 6.5282483 82
-9.4913006 5.4755001 6.6578808 80
-9.5588799 4.8866544 6.820632 73
-9.3974924 6.319355 6.3148232 75
-9.4581223 5.7691212 6.4516168 74
-9.5147009 5.2175279 6.5973182 74
-9.5761719 4.6381955 6.7749557 66
-9.4218988 6.0315285 6.2260461 79
-9.4806938 5.499207 6.3788271 79
-9.5386667 4.9627705 6.5425792 75
-9.5994081 4.4004025 6.7362909 70
-9.4530687 5.7553854 6.150373 76
-9.5016613 5.2352161 6.3100634 78
-9.5666342 4.7184134 6.49403 73
-9.6335087 4.1735826 6.7109179 73
-9.4854374 5.4873772 6.0807996 78
-9.5298128 4.9788561 6.2524724 76
-9.5921831 4.4778495 6.4504633 75
-9.6541214 3.9415941 6.6783099 71
-9.4935246 5.2122746 5.9988122 79
-9.5543385 4.7292013 6.1968513 77
-9.6154499 4.2400937 6.4088726 74
-9.666522 3.7119074 6.6445808 60
-9.5267601 4.9553542 5.940299 78
-9.5785427 4.4825187 6.1452374 74
-9.6383953 4.0053101 6.3712897 74
-9.6919708 3.4913487 6.6240969 81
-9.5565281 4.7031436 5.8847504 76
-9.6022205 4.2407947 6.0996366 74
-9.6552067 3.7720034 6.3326154 72
-8.9210396 2.9793253 6.0147481 64
-9.5724783 4.4497261 5.823946 75
-9.6313562 4.0055094 6.0600848 72
-8.9453964 3.2520313 5.7811198 1
-8.927 2.7780914 5.9889145 61
-9.594965 4.2018104 5.7721729 73
-9.6563082 3.7728271 6.0224133 71
-8.9049702 3.0248604 5.7135296 63
-8.9516506 2.5865915 5.9815922 60
-9.6193361 3.9612792 5.7267427 74
-9.6624699 3.5337412 5.9757299 69
-8.919733 2.8225317 5.6890554 61
-9.578207 2.5716453 6.4195638 26
-9.6465321 3.7248337 5.686203 74
-8.8927164 3.0116248 5.4123478 85
-8.9393215 2.6235139 5.6695499 62
-9.7833519 2.4164624 6.5471916 67
-8.9085131 3.1883066 5.162271 1
-8.9099474 2.8063991 5.3857784 83
-9.1328716 2.47842 5.7770329 25
-9.8082266 2.210825 6.5467443 67
-8.8946829 2.9643946 5.1081314 65
-8.913413 2.5989892 5.3529816 81
-9.7789011 2.4510956 6.2001967 67
-9.8339472 2.0062544 6.5503154 65
-8.9114122 2.754117 5.0775337 63
-9.3748436 2.5289242 5.6260304 28
-9.8111963 2.2410862 6.1988492 68
-9.8497839 1.8008389 6.5487251 59
-8.9304991 2.5469985 5.0539427 63
-9.7755642 2.4225621 5.8579249 70
-9.836215 2.0314529 6.193346 68
-9.8729067 1.59904 6.5562253 65
-9.7468567 2.5715206 5.526022 57
-9.8014965 2.2060232 5.8474498 69
-9.8476706 1.8196759 6.1836615 68
-9.8982782 1.3964311 6.5687947 61
-9.7742624 2.3510745 5.5095372 73
-9.8262873 1.9913298 5.8389378 68
-9.8776217 1.6124017 6.1902509 67
-9.9215555 1.1955922 6.5822978 58
-9.7950392 2.1270297 5.4928994 73
-9.8392754 1.7756515 5.8252077 68
-9.8986311 1.4054186 6.1926851 68
-9.9516182 0.99637443 6.6029186 55
-9.8163786 1.9070659 5.4803023 71
-9.8608446 1.5627102 5.8216534 67
-9.9234781 1.198755 6.2002172 67
-9.9550047 0.79488355 6.6061311 58
-9.8375673 1.6880872 5.4697242 74
-9.8903131 1.3494269 5.8272314 68
-9.9463005 0.99191034 6.2097163 64
-9.9740744 0.59471267 6.6255989 51
-9.8773422 1.4716845 5.4754529 73
-9.9185095 1.1390421 5.8338008 66
-9.9571314 0.78503543 6.2160254 62
-10.005905 0.3956179 6.6572752 64
-9.8984203 1.2526777 5.4718733 72
-9.9359684 0.92572504 5.8371882 68
-9.9886265 0.57991308 6.2386708 59
-10.030967 0.19393316 6.6868334 57
-9.9223194 1.0349066 5.4733448 71
-9.9641562 0.71431923 5.8497543 66
-10.013385 0.3722088 6.2571983 63
-10.055998 -0.0077593774 6.7183914 64
-9.9491987 0.81637251 5.4808588 71
-9.9814301 0.50196296 5.8591332 66
-10.032114 0.16395347 6.2786107 63
-10.085992 -0.21006852 6.7560005 64
-9.9728737 0.59952867 5.4902987 67
-10.001678 0.28882086 5.874536 66
-10.05969 -0.043567535 6.3071532 67
-10.10698 -0.41215491 6.790462 67
-9.9948158 0.37952313 5.4996996 68
-10.033907 0.074688181 5.8991246 66
-10.073503 -0.25327203 6.3294692 67
-10.118226 -0.61708736 6.8217578 69
-10.012638 0.1601554 5.5120382 70
-10.05332 -0.14155407 5.9205031 68
-10.090295 -0.46373737 6.35783 70
-10.146358 -0.8225975 6.867321 75
-10.034696 -0.062875532 5.5304298 70
-10.073682 -0.35771829 5.9448996 70
-10.126143 -0.67658538 6.4004965 71
-10.170652 -1.0304281 6.9148345 75
-10.059586 -0.28463227 5.5539031 68
-10.101233 -0.57725459 5.9784317 69
-10.154029 -0.89009422 6.4430585 73
-10.187972 -1.2378285 6.9572549 76
-10.089813 -0.5109489 5.5824494 70
-10.120688 -0.79547864 6.0088391 69
-10.171193 -1.1065311 6.4814391 74
-10.219521 -1.4500558 7.0148816 75
-10.110988 -0.73704833 5.6108527 70
-10.141424 -1.0176173 6.0432529 71
-10.193331 -1.3235559 6.5258965 75
-10.242049 -1.6620574 7.0703659 74
-10.135262 -0.96489668 5.6432991 71
-10.167186 -1.2413478 6.0857401 72
-10.218637 -1.5433302 6.5753932 76
-10.254797 -1.8758961 7.1196885 68
-10.1597 -1.1957579 5.6817355 74
-10.193233 -1.4690801 6.132216 74
-10.245208 -1.7670231 6.6298943 75
-10.283893 -2.0963933 7.1872439 68
-10.189403 -1.4301879 5.7242417 72
-10.218409 -1.6989027 6.1816702 76
-10.273026 -1.9946386 6.6904001 77
-10.317224 -2.3205538 7.2608523 71
-10.210281 -1.6673969 5.7685971 75
-10.244949 -1.9336371 6.235126 76
-10.299904 -2.223345 6.7528868 78
-10.329323 -2.5405009 7.3211403 75
-10.235342 -1.9072648 5.8170085 74
-10.27463 -2.1711285 6.2956209 76
-10.314084 -2.4551485 6.8101597 78
-10.280672 -2.7465417 7.3385201 48
-10.267876 -2.1545489 5.8775086 76
-10.297432 -2.4102244 6.3550005 77
-10.335347 -2.6893811 6.8765349 78
-9.7623615 -2.8057325 6.9900336 36
-10.287477 -2.401943 5.9308028 75
-10.336799 -2.6579652 6.4296079 79
-9.9594488 -2.8058019 6.6580825 43
-9.5716352 -2.9505594 6.8964057 71
-10.331882 -2.6597176 6.0058036 75
-10.000486 -2.7966263 6.2530589 42
-9.5557404 -2.8959916 6.4166741 69
-9.5968056 -3.1719925 6.9782624 70
-9.9978313 -2.8057864 5.8429098 34
-9.5532808 -2.8830328 5.9996181 62
-9.5918875 -3.1265087 6.5001788 71
-9.6192627 -3.3930779 7.0615845 59
-9.5452929 -2.8977599 5.6062713 65
-9.5740442 -3.118181 6.072031 69
-9.6078815 -3.3583229 6.5778065 72
-10.483213 -3.9697106 7.8314824 57
-9.5747137 -3.1469502 5.6822186 70
-9.5905981 -3.3568895 6.1443543 72
-10.479685 -3.9456472 7.3054891 73
-10.467823 -4.2061362 7.8972502 34
-9.59445 -3.3963835 5.7554069 70
-10.485932 -3.9659672 6.8462496 67
-10.510451 -4.213201 7.4060102 67
-10.523734 -4.4807224 8.0290813 4
-10.478848 -4.0138531 6.4090567 71
-10.500141 -4.2376976 6.933732 71
-10.549173 -4.4913492 7.5197568 67
-10.516897 -4.3066502 6.510807 63
-10.54264 -4.5283246 7.0476489 70
-10.577628 -4.7715807 7.6303577 67
-10.547418 -4.6061664 6.6142826 72
-10.577883 -4.8255634 7.1630669 68
-10.613963 -5.0656252 7.7567658 64
-10.752054 -5.3799148 8.5062151 2
-10.584068 -4.9198408 6.7311692 64
-10.614346 -5.1322503 7.2833319 70
-10.629783 -5.3581486 7.8687916 54
-10.625544 -5.2447619 6.8565207 69
-10.651015 -5.4497151 7.4125872 64
-10.636482 -5.6495123 7.9792004 13
-10.673032 -5.5846224 6.9956927 63
-10.686408 -5.778275 7.5521665 63
-10.830022 -6.0658789 8.2539196 3
-10.674521 -5.9058843 7.1079307 54
-10.720257 -6.1134167 7.6957345 64
-10.750033 -6.287672 7.2818747 51
-10.750024 -6.456862 7.8421264 53
-11.044703 -7.0428042 9.3684778 5
-10.744633 -6.6283412 7.406518 55
-10.777865 -6.8119774 7.9946823 16
-10.924116 -7.2811809 9.4011755 43
-10.816147 -7.0337291 7.6002841 51
-11.008315 -7.3268967 8.3258467 2
-10.81846 -7.5346894 9.4496193 52
-10.823997 -7.4119267 7.7548013 59
-10.745377 -7.8165598 9.539834 45
-10.909286 -7.8639455 7.9818163 15
-10.762947 -8.1760817 9.7201567 42
-10.934632 -8.2850761 8.1730747 58
-10.970906 -8.4413013 8.7950029 61
-10.995739 -8.5985184 9.4449511 82
-10.837252 -8.5987206 9.9706287 48
-10.92376 -8.6979542 8.3523035 72
-10.795896 -8.695178 8.8274364 74
-10.664504 -8.6999073 9.3194523 67
-10.536459 -8.7046518 9.8543177 52
-10.485244 -8.7346363 8.176899 64
-10.37717 -8.7279863 8.6458063 65
-10.27404 -8.7363033 9.1383238 62
-10.252244 -8.812006 9.7488575 36
-10.204226 -8.9028244 8.1386786 52
-10.223334 -9 8.7094345 58
-10.256732 -9.1163816 9.3210325 45
-10.276035 -9.2188778 9.9738827 22
-11.370716 -10.519754 9.390892 5
-10.974194 -10.185564 9.6342916 39
-11.211092 -10.50254 10.501958 29
-10.243057 -9.5841312 10.150344 5
-10.01072 -9.6104088 8.4005909 5
-9.9813375 -9.6243038 8.914052 3
-9.9357233 -9.6266956 9.4303885 4
-9.9342632 -9.6676636 10.032279 3
-9.6707697 -9.7140779 8.3200016 2
-9.6287785 -9.6948385 8.8006954 2
-9.5751705 -9.6676664 9.2849855 2
-9.2809772 -9.7665453 8.2145443 2
-9.2475204 -9.7325649 8.6752129 2
-9.2703524 -9.7722044 9.2174759 2
-9.2409172 -10.199583 8.9262133 2
-9.2488108 -12.127494 11.141197 18
-9.3185282 -12.988181 11.109486 8
-9.3436155 -12.836668 11.617394 13
-11.255771 -16.491814 14.702409 5
-10.938813 -16.758459 14.73429 7
-10.924202 -17.971315 14.762614 7
-10.607403 -17.015076 14.755054 12
-11.085547 -20.197584 14.74471 7
-10.834837 -19.22632 14.80559 8
-10.259762 -17.238544 14.760712 10
-10.61307 -20.476719 14.80666 10
-10.410357 -19.504656 14.862984 5
-9.9319029 -17.507523 14.806741 8
-10.174612 -20.838121 14.937461 9
-9.9351387 -19.669447 14.844864 9
-9.7529278 -18.700853 14.844224 7
-9.634985 -20.971603 14.911364 7
-9.4770489 -19.875957 14.865596 5
-9.3578339 -18.939085 14.88236 7
-9.1186199 -21.156736 14.930353 7
-9.0384102 -20.128868 14.923294 6
-8.9552126 -19.170738 14.920574 8
-8.8636446 -18.18602 14.866839 11
-8.5774469 -20.323957 14.951832 8
-8.5537863 -19.406967 14.966674 6
-8.5118847 -18.431705 14.91526 8
-8.0393991 -21.373699 14.901511 7
-8.1280975 -20.549299 15.010068 6
-7.4823403 -21.389376 14.837433 10
-7.6546321 -20.717331 15.037093 7
-6.921721 -21.394257 14.775787 10
-7.1785841 -20.874603 15.061059 8
-7.2769108 -19.942289 15.025531 7
-7.4072819 -19.09923 15.033272 10
-6.3972406 -21.488125 14.785433 10
-6.7184052 -21.099409 15.145451 8
-6.8486042 -20.123972 15.058559 6
-7.0009718 -19.239065 15.021635 9
-5.8688998 -21.555126 14.786546 9
-6.2327147 -21.227415 15.166122 9
-6.4242206 -20.333332 15.122459 7
-6.6439986 -19.534061 15.131188 3
-5.3214631 -21.539301 14.741849 8
-5.7506566 -21.351812 15.191396 8
-5.986526 -20.48686 15.149899 8
-6.2288704 -19.65345 15.113011 11
-4.8165212 -21.671722 14.802014 9
-5.2716146 -21.533943 15.268282 7
-5.5471959 -20.650465 15.190905 10
-5.8269444 -19.818897 15.134353 9
-4.2912827 -21.729574 14.825166 8
-4.7734804 -21.612423 15.275861 9
-5.1031671 -20.823715 15.244833 9
-5.4269924 -20.008316 15.180815 6
-3.7502964 -21.77508 14.850393 15
-4.2688804 -21.784567 15.365577 7
-4.6287289 -20.940947 15.270664 7
-4.9887228 -20.149574 15.199545 9
-3.2308013 -21.821373 14.881027 14
-3.7679653 -21.822113 15.365631 10
-4.1778321 -21.068968 15.310556 11
-4.5846767 -20.349628 15.269094 8
-2.7104156 -21.866877 14.924973 19
-3.2667603 -21.859493 15.372139 8
-3.7250195 -21.246244 15.392065 12
-4.1528668 -20.426445 15.24828 6
-2.1909094 -21.877403 14.948264 18
-2.7656171 -21.926617 15.402585 13
-3.2594063 -21.324501 15.402698 13
-3.7359209 -20.637377 15.329857 8
-1.6750933 -21.968332 15.03539 14
-2.2656779 -21.96344 15.425283 14
-2.7941556 -21.430019 15.441988 12
-3.3054261 -20.762848 15.358714 8
-1.1535602 -22.01811 15.10901 14
-1.7668928 -21.991978 15.449798 14
-2.3066099 -21.234209 15.279079 21
-2.8745227 -20.895748 15.397877 10
-0.63443285 -22.075232 15.191458 16
-1.2650146 -22.080284 15.526336 8
-1.8532157 -21.538076 15.474523 10
-2.4313214 -20.980581 15.407703 11
-0.11137643 -22.111767 15.270206 14
-0.76242423 -21.982229 15.474897 8
-1.3798863 -21.618807 15.519199 11
-1.9905676 -21.127111 15.468054 9
0.41490042 -22.17165 15.373853 11
-0.26241395 -22.075989 15.565658 10
-0.90330881 -21.700994 15.569907 6
-1.5472242 -21.246534 15.5088 8
0.94439369 -22.28594 15.518473 7
0.23603824 -22.063055 15.584724 8
-0.42362741 -21.758949 15.601294 6
-1.0881466 -21.360422 15.55263 8
1.4740776 -22.275419 15.583434 9
0.73635578 -21.979397 15.566792 12
0.04901148 -21.659401 15.537735 9
-0.63445079 -21.329828 15.501384 9
1.9808038 -22.080532 15.53687 12
1.2250028 -21.84498 15.517255 9
0.52701813 -21.653667 15.54565 10
-0.1779414 -21.409395 15.536592 13
2.4813125 -21.925198 15.522745 9
1.7201189 -21.785917 15.536561 11
1.0036365 -21.645367 15.561911 6
0.2857267 -21.433308 15.537466 9
2.9691086 -21.717192 15.478402 13
2.2022073 -21.65461 15.508101 11
1.4769983 -21.575768 15.538961 9
0.74605268 -21.437048 15.531359 7
3.4604211 -21.549509 15.466647 13
2.681922 -21.535189 15.492275 9
1.942884 -21.452971 15.486542 10
1.2047141 -21.412952 15.510763 7
3.9397025 -21.338541 15.439942 11
3.1465487 -21.336823 15.428771 10
2.4192646 -21.425444 15.511203 8
1.6630471 -21.345512 15.471049 10
4.4185629 -21.16889 15.447681 10
3.6276057 -21.249796 15.45917 9
2.876668 -21.295887 15.467338 12
2.1209254 -21.315241 15.462727 13
4.8745289 -20.925476 15.4095 10
4.084178 -21.057207 15.41703 7
3.3384082 -21.173809 15.441 11
2.590533 -21.319479 15.485681 7
5.3398957 -20.719267 15.409629 14
4.5456634 -20.902742 15.412256 12
3.806457 -21.096485 15.453433 11
3.0467165 -21.218111 15.443045 10
5.7973509 -20.508686 15.408648 9
5.0056472 -20.734774 15.405478 13
4.255568 -20.93425 15.409879 8
3.5099556 -21.168327 15.44409 15
6.2245789 -20.224686 15.361417 18
5.4566679 -20.556656 15.394436 12
4.7224598 -20.839863 15.424606 12
3.9701116 -21.085922 15.428806 8
5.5313463 -16.982994 13.055891 6
5.9037733 -20.378395 15.39076 10
5.16645 -20.68239 15.399714 15
4.4180932 -20.959332 15.387794 14
5.8965726 -16.775377 13.050018 13
6.3416038 -20.167305 15.374037 15
5.6241236 -20.561621 15.405859 8
4.8802767 -20.882235 15.388404 15
7.4993057 -19.453886 15.319077 13
5.6089067 -16.911816 13.020921 18
6.0678911 -20.388466 15.38443 14
5.3416171 -20.793001 15.386481 16
7.9132061 -19.177219 15.295573 19
7.2029009 -19.73259 15.334105 6
6.5110316 -20.210215 15.358808 16
5.8019915 -20.676355 15.368591 10
8.3159199 -18.905296 15.288898 19
7.6120028 -19.471056 15.29966 15
5.743763 -16.94286 12.98364 16
6.243259 -20.503328 15.322744 20
8.7066593 -18.616554 15.274361 17
8.0237751 -19.232601 15.284959 15
7.3539324 -19.777328 15.279709 11
6.7023735 -20.386019 15.324957 21
9.0970802 -18.336493 15.271656 9
8.4388275 -19.009232 15.289784 18
7.8066859 -19.641588 15.316073 16
7.1791387 -20.305954 15.364696 9
8.9431009 -17.119808 14.485427 8
8.8538218 -18.788235 15.298946 7
8.2207918 -19.412409 15.286119 15
7.5978203 -20.087824 15.30478 16
9.4247017 -17.048222 14.663464 10
9.231039 -18.497534 15.262578 12
8.6427784 -19.203199 15.27623 15
8.0326385 -19.892838 15.273316 19
9.9657011 -17.059866 14.923683 14
9.6390238 -18.263132 15.280753 10
9.0440226 -18.952065 15.243785 12
8.4913712 -19.744272 15.284772 19
10.512719 -17.056477 15.188366 15
9.475688 -17.085718 14.507434 10
9.4768591 -18.76622 15.269027 15
8.9062099 -19.511307 15.236643 7
10.904585 -16.806578 15.244987 18
10.004417 -17.092987 14.73518 11
9.9029865 -18.558249 15.288842 7
9.3815098 -19.392097 15.286075 15
10.564601 -17.12343 14.992237 14
10.301516 -18.312864 15.277326 10
9.824564 -19.202839 15.28866 9
11.034113 -17.000116 15.130056 7
10.128162 -17.165359 14.513404 13
10.238836 -18.95664 15.252847 15
11.330876 -16.627798 15.054876 5
10.702136 -17.213459 14.763748 14
10.680585 -18.755842 15.262812 17
11.869966 -15.103094 14.84757 32
11.650413 -16.290924 15.017217 21
11.206665 -17.137253 14.91642 15
11.913246 -14.483459 14.56238 36
11.810978 -15.767043 14.808966 29
11.600471 -16.891348 14.939611 28
11.840286 -13.769778 14.165482 25
11.698116 -14.932982 14.305815 44
11.765666 -16.347008 14.694176 36
11.141713 -16.88656 14.284868 39
11.902294 -13.233829 13.941519 44
11.780486 -14.374881 14.05174 35
11.663975 -15.498604 14.174052 42
11.543368 -16.664381 14.29834 52
11.950476 -12.710225 13.721293 39
11.818544 -13.795039 13.771881 67
11.728926 -14.897724 13.870797 40
11.616784 -16.013449 13.948979 41
11.416973 -11.653802 12.907181 6
11.995925 -13.384678 13.656103 61
11.872762 -14.408928 13.671801 64
11.736889 -15.450103 13.67461 62
11.517542 -11.236233 12.782889 65
12.143275 -12.953801 13.52084 74
12.038302 -13.961469 13.509339 51
11.931939 -14.99611 13.49475 59
11.6998 -10.906502 12.751333 35
11.429518 -11.712476 12.523985 4
12.108244 -13.427877 13.266498 62
12.007854 -14.421774 13.211981 61
12.279213 -10.909834 13.127109 67
11.504469 -11.272884 12.358703 79
12.161486 -12.901869 13.024867 68
12.061654 -13.847515 12.927529 53
12.382604 -10.514931 13.032168 56
11.690029 -10.948396 12.317231 47
11.450783 -11.670514 12.052695 7
12.132778 -13.317461 12.678483 69
12.444467 -10.096824 12.90493 66
12.282001 -10.966238 12.670845 93
11.519663 -11.227807 11.87272 89
12.175673 -12.779905 12.421283 65
12.485878 -9.6769152 12.771261 53
12.381269 -10.565473 12.555281 86
11.765551 -10.949546 11.869571 46
11.503807 -11.590302 11.513759 27
12.531556 -9.2702446 12.654124 68
12.419845 -10.130099 12.396282 79
12.338503 -10.947536 12.17818 81
11.561931 -11.133545 11.319382 78
12.560915 -8.8649216 12.525353 80
12.468265 -9.7113447 12.255293 91
12.410375 -10.522762 12.025882 88
11.995031 -11.015081 11.469774 51
12.608986 -8.4803953 12.427232 62
12.5272 -9.3126497 12.130073 74
12.452205 -10.082324 11.857076 96
12.391704 -10.847242 11.585892 87
12.649255 -8.1042843 12.331234 67
12.565335 -8.9091587 12.000217 97
12.496671 -9.659235 11.700206 97
12.443845 -10.401676 11.408 82
12.694758 -7.7386718 12.24414 72
12.610302 -8.5223227 11.885194 86
12.548985 -9.2538853 11.56313 94
12.481604 -9.9578342 11.230535 89
12.719208 -7.3691835 12.148561 76
12.662158 -8.1471748 11.782336 95
12.590789 -8.848671 11.428703 90
12.541458 -9.5420637 11.083669 76
12.764523 -7.0176096 12.081703 78
12.696155 -7.7704525 11.675622 101
12.642835 -8.4604702 11.307585 87
12.502375 -9.0663996 10.867166 91
12.792929 -6.6656456 12.004807 74
12.734629 -7.4022193 11.580781 102
12.684269 -8.0763311 11.189886 101
12.437695 -8.5913839 10.64034 101
12.8372 -6.3270512 11.947001 73
12.777069 -7.04531 11.495134 94
12.733097 -7.7008557 11.088294 105
12.46218 -8.1885805 10.498282 94
12.160704 -5.6780782 11.277711 13
12.851126 -6.7103152 11.444143 80
12.749191 -7.3164444 10.964301 96
12.516018 -7.8094482 10.388901 95
12.157447 -5.349297 11.197736 83
12.860705 -6.3485045 11.348971 102
12.718194 -6.9178562 10.815651 105
12.558197 -7.4334636 10.276778 97
12.194791 -5.0413289 11.160407 60
12.167887 -5.68713 10.68319 16
12.664399 -6.5172529 10.652983 100
12.60279 -7.0656734 10.174637 92
12.994529 -5.018105 11.772613 52
12.2047 -5.3686094 10.626293 94
12.708463 -6.1700048 10.579267 95
12.648888 -6.7033029 10.081109 95
13.00989 -4.6913137 11.723381 87
12.207692 -5.0417047 10.549201 74
12.235077 -5.6066751 10.111042 99
12.705863 -6.3490868 10.004827 89
13.047553 -4.3780618 11.696506 80
13.00044 -5.0039001 11.108103 78
12.226484 -5.2628222 10.012739 96
12.217405 -5.7626524 9.5388918 9
13.071987 -4.0631995 11.668061 76
13.062441 -4.6891685 11.085711 82
12.30347 -4.9564753 9.9863281 10
12.245453 -5.4207864 9.4583406 82
13.10196 -3.7547839 11.647347 87
13.107526 -4.3679557 11.055783 95
12.860934 -4.8222914 10.326314 92
12.250071 -5.0767136 9.3686018 74
13.125496 -3.4467158 11.622168 84
13.138935 -4.0485435 11.018496 100
12.890092 -4.4916396 10.272059 101
13.054258 -5.0287895 9.8495789 98
13.159885 -3.144758 11.614733 84
13.167337 -3.7299271 10.983204 86
12.934563 -4.1690722 10.234917 103
13.085079 -4.6836152 9.7870026 79
13.194489 -2.8430631 11.613017 80
13.154012 -3.4036906 10.924373 96
12.973584 -3.8476498 10.198107 101
13.25485 -4.3849406 9.8271732 9
13.226183 -2.5433059 11.614072 84
13.236435 -3.1013768 10.945746 93
12.986819 -3.5220718 10.150513 99
13.341174 -4.0557685 9.8136063 3
13.254005 -2.2455308 11.614918 84
13.199634 -2.7770228 10.876328 100
13.031621 -3.2052531 10.129703 98
13.281785 -1.9466348 11.619148 82
13.227814 -2.4668944 10.863807 105
13.064952 -2.889303 10.107322 106
13.303773 -1.650008 11.623264 81
13.273725 -2.1612685 10.868645 106
13.073609 -2.5662644 10.06978 96
13.34974 -1.3559215 11.65094 70
13.284911 -1.8540137 10.850787 102
13.126047 -2.2586215 10.0663 100
13.384538 -1.0639317 11.673607 75
13.337741 -1.5505214 10.872264 103
13.151347 -1.9425324 10.055303 103
13.405326 -0.76722533 11.693927 89
13.37713 -1.2461973 10.888515 100
13.183294 -1.6283635 10.053788 99
13.441051 -0.47154009 11.727293 71
13.414426 -0.93746942 10.909086 100
13.208405 -1.3148648 10.050883 98
13.469913 -0.1742073 11.763793 70
13.456711 -0.62955427 10.93915 101
13.255422 -1.0011595 10.070436 102
13.446025 0.12081323 11.759632 63
13.533683 -0.3244904 10.999908 91
13.276467 -0.68502289 10.077939 100
12.785868 0.39939341 11.236132 64
13.561049 -0.014813239 11.026756 90
13.30313 -0.37027618 10.091773 101
12.763068 0.6772359 11.236428 71
12.920764 0.28191707 10.547574 71
13.340224 -0.054592472 10.118362 91
12.768338 0.96055073 11.268337 44
12.795063 0.57441789 10.46574 91
13.031514 0.25735369 9.9042501 80
13.60739 -0.028674662 9.5862474 106
13.624101 1.3194296 12.008649 74
12.806758 0.87079525 10.496025 85
12.841901 0.56062299 9.7813187 83
12.881459 0.29411265 9.1097288 74
13.665152 1.6242052 12.080583 76
13.648644 1.2367606 11.168267 99
12.818131 0.86808741 9.781044 80
12.890326 0.61245334 9.1248207 78
13.69127 1.9315635 12.145153 79
13.676901 1.5546899 11.221603 87
13.440118 1.2264248 10.246297 91
12.834925 0.92978126 9.1033936 26
13.730761 2.2405362 12.221565 73
13.723125 1.8763579 11.293158 100
13.476324 1.5548275 10.300426 96
13.734866 1.3300005 9.7208033 64
13.740746 2.5511875 12.28281 76
13.74821 2.1997535 11.352283 95
13.523247 1.8857613 10.366098 95
13.818808 1.6819125 9.8042154 40
13.771178 2.8655968 12.364814 72
13.768592 2.5261464 11.415824 81
13.568542 2.2210925 10.437401 88
13.786014 2.0258765 9.8153734 46
13.818516 3.1869378 12.462477 63
13.80004 2.8559034 11.492355 93
13.650923 2.5663064 10.541204 86
13.734641 2.3652251 9.8212023 66
13.86038 3.5132902 12.567267 64
13.847766 3.1949232 11.587165 77
13.746682 2.9232502 10.664475 86
13.694007 2.7073278 9.8393421 53
13.881363 3.8378129 12.65751 59
13.88335 3.5351238 11.680206 82
13.864858 3.2911296 10.807397 58
13.689146 3.0589275 9.8887892 65
13.907658 4.1683969 12.757368 76
13.922051 3.8806555 11.780911 77
13.926344 3.6547205 10.916846 93
13.71396 3.4217846 9.9657421 69
13.943814 4.5050716 12.872062 73
13.964761 4.236095 11.894876 107
13.96652 4.0184793 11.018946 86
13.742434 3.7926621 10.053095 82
13.992044 4.8550682 13.003138 59
13.976448 4.5871387 11.990238 87
13.996995 4.3879447 11.122122 88
13.781701 4.1693268 10.153061 71
14.025414 5.2029467 13.127969 89
14.023402 4.9528975 12.116959 77
14.029627 4.7650237 11.234092 93
13.820685 4.5530009 10.261067 80
14.023463 5.5461335 13.230481 102
14.066697 5.3262415 12.248933 85
14.073935 5.150382 11.361064 104
13.90032 4.9603286 10.407635 68
13.602672 5.7271338 12.962036 19
14.015305 5.6719275 12.31306 53
14.121313 5.5464969 11.497032 110
14.020426 5.3891411 10.586728 84
13.303115 5.9452901 12.804152 68
13.300985 5.7511902 11.831161 72
13.498017 5.6856976 11.125204 23
13.72385 5.673821 10.484001 22
13.338297 6.3020983 12.952938 79
13.338498 6.1243224 11.974226 104
13.367882 6.0096226 11.13833 101
13.370136 5.9232841 10.338924 85
12.957974 6.4756608 12.726056 27
13.206414 6.4289765 11.983418 50
13.348399 6.3815131 11.242245 87
13.385972 6.3271575 10.47148 73
12.340057 6.5177197 12.278223 28
12.543195 6.4810605 11.542302 38
12.673335 6.4472013 10.830044 40
12.640626 6.3796649 10.044993 38
11.786509 6.566503 11.885746 34
11.955586 6.5396881 11.160245 40
11.930743 6.4536705 10.361186 45
12.050178 6.4761362 9.7305937 76
11.270734 6.6185203 11.528172 34
11.392179 6.5889249 10.797358 40
11.314995 6.4925113 9.9900208 48
11.472035 6.5556917 9.4250727 54
10.786892 6.6657405 11.196154 31
10.749896 6.5718155 10.362188 45
10.847742 6.5860391 9.7368021 81
10.873798 6.5965085 9.0983906 57
10.315085 6.7045622 10.872689 44
10.245563 6.6054268 10.04215 46
10.361998 6.6520228 9.467638 70
10.335149 6.6450272 8.8148861 62
9.799058 6.6943774 10.499906 46
9.8124475 6.6650286 9.7845592 74
9.8814077 6.69976 9.1967077 59
9.8263597 6.6912313 8.5533943 60
8.3719454 6.0672197 9.2141342 59
8.4059896 6.0708795 8.6196404 57
8.3755436 6.0569897 8.0339699 61
8.3193712 6.0553222 7.4747071 50
8.1093588 6.1615763 9.0762272 61
8.1536531 6.1863422 8.5106821 63
8.1701765 6.2194734 7.986536 70
8.1841984 6.2758131 7.497519 78
8.1368723 6.4528947 9.2340555 64
8.1842108 6.4994941 8.6765318 66
8.2052555 6.5492845 8.1563892 81
8.2253551 6.6281624 7.674377 77
8.1676407 6.7569962 9.3998652 69
8.2211275 6.8261142 8.8543463 80
8.199172 6.860673 8.2977343 90
8.1250858 6.884716 7.7398014 54
7.9601989 6.8887391 9.3282747 60
7.9280887 6.9070926 8.7147779 61
7.8423424 6.9061227 8.1239014 69
7.7323604 6.9112129 7.5563865 66
7.640274 6.9229612 9.1338701 57
7.5947437 6.9466119 8.5375338 65
7.4927745 6.9430256 7.950871 65
7.3610811 6.9399538 7.3886218 66
7.3269 6.9517436 8.9443026 54
7.2655072 6.9757214 8.3591948 61
7.1428151 6.9638572 7.7768006 65
7.0178008 6.9751525 7.2425346 65
7.0553455 7.0037761 8.7982988 49
6.9470677 7.0008106 8.1877279 65
6.822473 6.9981213 7.628386 64
6.6896577 7.0100946 7.1072206 68
6.7665672 7.0343657 8.6344213 53
6.6517158 7.0339298 8.0399542 62
6.5173454 7.0320263 7.492763 62
6.3722978 7.0399346 6.9787836 64
6.4843025 7.0571265 8.4715023 53
6.3538256 7.0548511 7.8870459 62
6.2237191 7.0622859 7.3621922 70
6.079042 7.0813127 6.8709698 73
6.2222004 7.0900779 8.3289785 60
6.076849 7.0833097 7.7528176 64
5.9357038 7.0908575 7.2398305 74
5.7806039 7.1066704 6.7580295 69
5.9535627 7.1067801 8.1767645 59
5.8119617 7.1155963 7.6297293 61
5.6551123 7.1155925 7.1228771 69
5.4941058 7.1309066 6.6531472 73
5.6941142 7.1247411 8.0364742 60
5.5537186 7.1434245 7.513464 67
5.3868618 7.1422601 7.0157475 73
5.2234683 7.1617475 6.5640688 70
5.4550147 7.1539211 7.9169455 66
5.2924743 7.1604829 7.3931961 64
5.1341548 7.1736097 6.9224052 72
4.9458323 7.1732044 6.4629946 70
5.2254505 7.1883154 7.8092904 66
5.0548096 7.192544 7.2946444 72
4.8832517 7.200726 6.8320322 71
4.6978831 7.2080417 6.3916121 70
4.9838877 7.2033391 7.6864457 62
4.8110542 7.2127147 7.1928239 70
4.6268806 7.2129431 6.7343264 69
4.44384 7.2310281 6.3168869 67
4.7652421 7.2337384 7.5875874 62
4.5800338 7.2381477 7.1011167 73
4.4025898 7.2537775 6.6685882 70
4.2077956 7.2628331 6.2562757 69
4.5391092 7.2487478 7.479775 60
4.357439 7.2656908 7.0183582 71
4.1647811 7.267571 6.5869789 69
3.9709349 7.284513 6.1916771 67
4.3259954 7.2714372 7.3838382 63
4.1325321 7.2794752 6.9284902 67
3.9388425 7.2894235 6.5161562 67
3.7426801 7.3115396 6.1379061 65
4.114428 7.2890887 7.2907991 71
3.918952 7.3052726 6.855514 69
3.7188849 7.3097043 6.4512682 66
3.509764 7.3208723 6.0751758 64
3.9020119 7.2977228 7.1917977 66
3.7091391 7.3276634 6.7855396 68
3.5057285 7.3373923 6.3973489 66
3.2898197 7.339129 6.0263009 65
3.7022874 7.3223352 7.1146636 65
3.5009248 7.3459663 6.7144995 67
3.2912459 7.351191 6.33638 65
2.6746638 6.6154194 5.3789382 79
3.5112095 7.3510294 7.0465026 64
3.3005829 7.3693485 6.6554699 68
2.6819794 6.6207418 5.6457667 78
2.4868627 6.6375189 5.3463612 75
3.3187459 7.3687491 6.9726353 65
2.6940084 6.6281738 5.9161773 77
2.5009885 6.640729 5.6059537 79
2.2928002 6.6395764 5.3038602 76
2.7175624 6.6322446 6.195981 59
2.5144708 6.6378064 5.8608136 74
2.3158846 6.6438947 5.5565891 76
2.2824793 7.0402241 5.5806327 33
2.5468574 6.6422691 6.1314158 59
2.3428357 6.6568913 5.816299 79
2.2768021 6.965899 5.7754464 39
2.2541533 7.441432 5.8586597 86
2.3819816 6.6597853 6.0777984 58
2.2625856 6.8673005 5.9422803 34
2.2898371 7.4406424 6.1191688 61
2.0591216 7.465518 5.8404675 64
2.2511792 6.7474513 6.0919652 41
2.303381 7.3776603 6.3257589 48
2.1041582 7.4679165 6.0958815 85
1.8696132 7.503109 5.8372765 63
2.2883489 7.2190208 6.4503617 35
2.1499746 7.4682484 6.3482761 81
1.9154656 7.484426 6.0675926 79
1.6703298 7.5014849 5.8080425 82
2.2145588 7.4739757 6.6103811 69
1.9685636 7.487206 6.3128138 62
1.7294657 7.5047789 6.0461292 86
1.4828577 7.5259304 5.8016386 62
2.0390043 7.4924488 6.5648108 67
1.7931559 7.5166531 6.2893124 61
1.5457368 7.5208788 6.0257597 82
1.2946501 7.5463324 5.7974043 61
1.8661914 7.511621 6.5233579 66
1.6116484 7.5265093 6.2539415 61
1.3649323 7.5456529 6.0144348 83
1.1072508 7.5626898 5.7930751 60
1.6932319 7.5268517 6.4807968 65
1.4363003 7.5459123 6.2294312 85
1.1827236 7.5545969 5.9949789 81
0.92201781 7.579874 5.7926946 60
1.5251919 7.5506573 6.4492006 63
1.2600948 7.5594735 6.2038813 78
1.0018209 7.56951 5.9835062 83
0.73928779 7.6049066 5.8022947 60
1.3544936 7.5707703 6.4176145 63
1.0847368 7.5678129 6.1753459 80
0.82515371 7.592947 5.9820504 80
0.55604655 7.6208563 5.8079076 77
1.185343 7.5825891 6.3810182 64
0.91450417 7.5966959 6.1698422 60
0.64803058 7.6113701 5.979609 75
0.37315685 7.63974 5.82055 58
1.0161572 7.5933762 6.3484344 62
0.74340487 7.6166263 6.1583219 60
0.47037321 7.6238194 5.976151 74
0.19147849 7.6605163 5.8361816 59
0.84989816 7.6129127 6.3268437 62
0.57236135 7.6365414 6.1508007 59
0.29800621 7.658834 5.9947095 58
0.0091063753 7.6733232 5.8517914 59
0.68156356 7.6216121 6.2962379 61
0.40273654 7.660336 6.1482716 59
0.12245956 7.6710939 5.9982109 58
-0.17053297 7.692924 5.874373 59
0.51916659 7.6507611 6.2876801 62
0.23311023 7.6750593 6.1427431 59
-0.053958617 7.6763611 5.9967289 74
-0.35065156 7.7195053 5.9060197 59
0.35373983 7.6672091 6.2720509 59
0.062207256 7.6849351 6.1351633 58
-0.22677003 7.715404 6.0292945 57
-0.53153557 7.7461963 5.9406466 59
0.18646616 7.6747975 6.2514091 59
-0.10776246 7.7037358 6.1386061 58
-0.40152538 7.7345819 6.0468044 58
-0.71480066 7.7580538 5.9692469 60
0.022059362 7.7011657 6.2468033 60
-0.27787796 7.7205343 6.1440411 57
-0.57722139 7.7538304 6.0683279 59
-0.8983472 7.7869539 6.0149188 61
-0.14275238 7.7225456 6.2441802 57
-0.44965404 7.740479 6.1545091 59
-0.75495207 7.7722483 6.0928721 58
-1.0818312 7.8058305 6.0555444 60
-0.30970946 7.7320938 6.2335362 59
-0.61959594 7.7582555 6.1659403 59
-0.93312967 7.7856898 6.1164007 59
-1.2664711 7.8227973 6.097178 61
-0.47672933 7.7506499 6.2339292 58
-0.79109967 7.7801676 6.1834092 58
-1.1109812 7.8121157 6.1539769 60
-1.4517814 7.8528333 6.152873 60
-0.64354777 7.7711916 6.2363262 58
-0.96276295 7.8000832 6.2018709 59
-1.2893951 7.8325748 6.1885357 59
-1.640167 7.871099 6.2055616 64
-0.81097007 7.774745 6.2296629 60
-1.1382557 7.8213205 6.2253928 60
-1.4705424 7.8552599 6.2291431 60
-1.8293221 7.8914256 6.2622733 64
-0.98009247 7.8014722 6.2441196 61
-1.3131013 7.8384829 6.2488918 61
-1.6540166 7.8741274 6.2707691 61
-2.0204146 7.9119077 6.3230114 64
-1.1510649 7.8293533 6.2626057 61
-1.489002 7.8547287 6.2744002 60
-1.8394313 7.9031663 6.3254623 61
-2.2164049 7.9328003 6.3898191 63
-1.323925 7.8373528 6.2700381 61
-1.6697608 7.8823285 6.3150387 61
-2.0263896 7.9162512 6.3711224 62
-2.4129853 7.9576793 6.4636688 65
-1.4987538 7.8664784 6.2956166 62
-1.8503803 7.90095 6.3486466 62
-2.2138324 7.9343963 6.4228296 62
-2.6111884 7.9757066 6.5355172 66
-1.6737657 7.8826542 6.3141189 63
-2.0324938 7.9136982 6.3822246 63
-2.406877 7.9660726 6.4896364 64
-2.8160551 8.0063438 6.624485 66
-1.8502109 7.8939495 6.3316107 63
-2.2170513 7.9316554 6.4238567 81
-2.5992689 7.9836636 6.5473766 64
-3.0198081 8.0278692 6.7063994 67
-2.0308361 7.9236293 6.3662343 63
-2.4043865 7.9618673 6.4775767 64
-2.7964437 8.0026531 6.6131883 65
-3.1881449 7.9090953 6.6782541 37
-2.2131793 7.9454341 6.3988495 64
-2.5939288 7.9792376 6.5252748 64
-2.9984484 8.0330648 6.6931119 68
-3.2221432 7.3830776 6.3055973 39
-2.397649 7.9654045 6.4344883 64
-2.7909024 8.0122604 6.5901408 65
-3.1744189 7.9610591 6.6892643 54
-3.367681 7.2513041 6.2660847 59
-2.5866702 7.9897685 6.4762092 66
-2.9862134 8.0311089 6.6469274 66
-3.2075734 7.4349952 6.3055964 43
-3.5662618 7.272336 6.3619266 152
-2.7741151 7.9989605 6.5098457 67
-3.1631494 7.9712338 6.6421394 59
-3.3323102 7.2513747 6.2105837 59
-3.7545674 7.254405 6.4304671 77
-2.970603 8.027957 6.5626888 69
-3.2118006 7.5026174 6.2989187 37
-3.5348639 7.2948132 6.3125701 151
-4.3442159 8.173481 7.3453674 66
-3.1507881 7.9874172 6.563024 53
-3.3148036 7.2560449 6.1393504 58
-3.7103884 7.2557735 6.348846 151
-4.5887837 8.2124319 7.4859123 62
-3.2022269 7.5320787 6.223896 30
-3.5096469 7.2878289 6.2191801 152
-4.2934728 8.1843634 7.2446833 70
-4.8321238 8.2322254 7.61836 60
-3.2912445 7.2452545 6.0229683 58
-3.6837513 7.2547064 6.248457 151
-4.5223436 8.201972 7.3489203 70
-5.0833111 8.2526751 7.7599163 58
-3.4878607 7.2824364 6.0968742 64
-4.2581782 8.1738415 7.1111999 71
-4.7652302 8.2290421 7.4724932 60
-5.3495541 8.2927275 7.924902 54
-3.6763544 7.2885828 6.1485262 69
-4.4852052 8.1922798 7.2014346 68
-5.0136662 8.2602882 7.6020751 61
-5.6168418 8.3214798 8.086751 57
-4.2256169 8.1613274 6.9397011 59
-4.7264829 8.2279959 7.3129516 71
-5.2698822 8.2932024 7.7397923 62
-5.8923759 8.3459711 8.2576876 54
-4.4605875 8.2025986 7.0351248 68
-4.961864 8.2411909 7.4102678 64
-5.5316925 8.3186159 7.8805261 63
-6.1956563 8.402915 8.4661283 53
-4.6917577 8.2204866 7.1174002 65
-5.2125001 8.2717171 7.5288663 67
-5.8071404 8.3572102 8.0405016 61
-6.4853845 8.4236174 8.649231 50
-4.9338336 8.2493267 7.2128701 63
-5.4756608 8.3063097 7.6596532 63
-6.0836864 8.3838663 8.1964445 63
-6.7738576 8.4251547 8.8262396 55
-5.1802874 8.2735205 7.3113818 61
-5.7439065 8.339325 7.7955031 59
-6.3870301 8.4318352 8.3848448 58
-7.1082144 8.4776907 9.0650921 61
-5.4416795 8.3080006 7.4261446 66
-6.0210977 8.3720865 7.9394808 61
-6.684309 8.4592295 8.56108 59
-7.4261613 8.4927368 9.2755651 67
-5.7056723 8.3356781 7.540915 65
-6.3100901 8.4058437 8.0946245 61
-6.9723272 8.4577656 8.7180681 57
-7.6947322 8.4294014 9.4140348 61
-5.9839077 8.3705816 7.6689115 55
-6.6107254 8.4425945 8.2599411 63
-7.3125701 8.513854 8.945014 62
-8.0621033 8.4776831 9.6873245 46
-6.2599149 8.3862352 7.7887945 63
-6.9197068 8.475029 8.4293442 66
-7.6626496 8.55972 9.1780386 72
-8.4320774 8.5081081 9.9575596 57
-6.5754151 8.4473333 7.9593992 52
-7.2414594 8.5085287 8.6119223 58
-7.953197 8.51933 9.3248816 67
-8.5073671 8.2037678 9.8433428 57
-6.8845429 8.4808226 8.1118011 56
-7.5592113 8.5206289 8.7833538 61
-8.2912464 8.523056 9.5325584 65
-8.6094418 7.9417849 9.7746706 48
-7.2190828 8.5294971 8.2906113 51
-7.9192486 8.569396 9.0045156 67
-8.5080814 8.3761263 9.5849419 68
-9.0222864 7.9898372 10.09956 45
-7.5112767 8.5084553 8.4105682 57
-8.2872362 8.605938 9.2267818 77
-8.5244198 8.0209036 9.3957739 60
-9.3497372 7.9377151 10.317969 67
-7.870295 8.5574741 8.6098185 60
-8.4903069 8.4451599 9.2460585 73
-8.8484106 7.9876361 9.5872793 52
-9.3759899 7.6074429 10.174185 57
-8.2452946 8.6028671 8.820365 68
-8.5122404 8.0915298 9.0541039 66
-9.1588345 7.9271584 9.762538 72
-9.2162352 7.1300387 9.8222275 57
-8.475606 8.4705276 8.8572006 56
-8.7263842 7.9477305 9.0986795 64
-9.1960392 7.6088629 9.622963 67
-9.243701 6.8288507 9.705555 59
-8.4801512 8.0932522 8.6388321 58
-9.1256647 7.9758964 9.3554106 77
-9.2106895 7.2813473 9.4668465 72
-9.2677708 6.5371132 9.5937119 59
-8.6817732 7.9331431 8.6530905 59
-9.1720362 7.6614966 9.2141037 70
-9.2359381 6.9732852 9.3334742 65
-9.316885 6.2743287 9.5210495 56
-9.1509104 8.0280714 8.9626083 74
-9.2884741 7.4191742 9.1621342 73
-9.2677031 6.6823802 9.2180119 69
-9.3452482 5.9999337 9.4294548 57
-9.3556824 7.8540645 8.9809513 67
-9.4394503 7.210413 9.1526308 78
-9.3601303 6.4465427 9.1765366 78
-9.3734903 5.7355232 9.3469582 55
-9.4677677 7.593935 8.9066601 8
-9.5023556 6.9310017 9.0545683 44
-9.4886198 6.2388225 9.179678 81
-9.3925333 5.4733281 9.2623377 53
-9.5654802 6.6608076 8.9687548 4
-9.5945768 6.018363 9.1646023 68
-9.4516048 5.2408133 9.2304754 69
-9.5745687 6.3592062 8.8362303 3
-9.6232634 5.7522111 9.0774679 41
-9.5339499 5.027998 9.2262526 63
-9.6219492 6.0889077 8.7476702 2
-9.7108974 5.5247025 9.0547457 2
-9.6155891 4.8164988 9.2265921 71
-9.6566906 5.819478 8.6560602 1
-9.6798124 4.5960965 9.2149172 63
-9.7145596 4.3663273 9.1759062 48
-9.7715321 4.1485586 9.1665173 27
-9.6608324 5.520925 8.0529613 1
-9.7114601 5.0146108 8.371809 1
-9.8316717 3.935117 9.1622601 17
-9.6718044 5.244153 7.9466863 2
-9.8298635 3.6961467 9.1013985 15
-9.5792894 4.9161181 7.7561016 21
-8.9671764 3.1329672 8.1784382 37
-9.578063 4.6484799 7.6557746 41
-8.9918537 2.9368994 8.1583595 56
-9.6323671 4.4175787 7.6095657 27
-8.9706507 3.2111516 7.6898994 16
-9.0142841 2.7410784 8.141799 51
-9.6634007 4.1755538 7.5489755 26
-9.8205338 3.7896171 8.0437088 2
-8.979475 3.002316 7.6469884 70
-9.0190067 2.5428529 8.1119061 32
-9.6653671 3.9249566 7.4709883 21
-8.9616232 3.209552 7.2114778 12
-8.9955797 2.8009436 7.6154962 59
-9.83601 2.5791001 8.8885899 47
-9.7060184 3.6968017 7.4320397 59
-8.9572458 2.9945114 7.1529484 60
-9.0142612 2.6037288 7.5913334 54
-9.8496971 2.3682919 8.8742905 52
-8.9605284 3.1638546 6.7434382 67
-8.9712543 2.7872272 7.1140804 61
-9.8168917 2.6354072 8.2935104 36
-9.8747673 2.1631207 8.8703747 49
-8.9533796 2.9421558 6.6781926 61
-9.0013847 2.5899842 7.0916028 52
-9.8626194 2.4295051 8.2971249 56
-9.92768 1.9658754 8.9014826 11
-8.9837217 2.7369719 6.6501412 63
-9.7960892 2.614568 7.7373152 45
-9.8911304 2.2191534 8.2900925 50
-9.0120335 2.5343297 6.6242976 36
-9.8428936 2.4035482 7.735568 51
-9.8854418 2.0032535 8.2559948 29
-9.8303747 2.5538895 7.2415462 58
-9.8801575 2.1905766 7.7310605 52
-9.8488989 2.3313975 7.212635 60
-9.8875332 1.9734185 7.7034211 47
-9.8639193 2.1081824 7.1846423 58
-9.9063168 1.7582924 7.6921306 44
-10.284038 0.97970653 9.2049675 2
-9.8958578 1.8895016 7.1777205 50
-9.9326401 1.5460277 7.6909733 49
-10.254469 0.77053934 9.1776447 3
-9.9104128 1.6689169 7.1599588 52
-9.9543686 1.3330134 7.6893902 46
-10.268385 0.56436443 9.1979017 3
-9.9396152 1.4510839 7.1575651 50
-9.9693756 1.1188289 7.6871686 49
-10.295904 0.35844973 9.2331362 6
-9.9658003 1.2322578 7.158721 51
-9.9944887 0.90723503 7.6981301 48
-10.274458 0.15356673 9.2275152 9
-9.9936829 1.0097084 7.1679811 48
-10.023653 0.69138336 7.719975 40
-10.273901 -0.057050239 9.2474947 19
-10.012842 0.79210353 7.1710052 51
-10.034209 0.47838905 7.725172 43
-10.265322 -0.26128811 9.2617197 25
-10.036731 0.57277715 7.1837215 54
-10.061136 0.26672494 7.7503815 44
-10.245589 -0.46321982 9.2660923 43
-10.070416 0.35488626 7.2074914 65
-10.083488 0.053518474 7.7746358 44
-10.228814 -0.66611707 9.2804117 48
-10.079235 0.13398634 7.2165637 59
-10.092668 -0.16243714 7.7947922 40
-10.245753 -0.87164158 9.3304129 53
-10.104149 -0.086758442 7.2421165 64
-10.085373 -0.37682816 7.8016624 39
-10.333331 -0.71362299 8.6687984 2
-10.225522 -1.0742202 9.3449202 70
-10.131628 -0.3102349 7.2740979 69
-10.132043 -0.59460759 7.859694 37
-10.214547 -1.2783476 9.3736134 67
-10.163502 -0.53590369 7.3130937 70
-10.143475 -0.81421906 7.8906236 9
-10.185829 -1.4792205 9.3873796 66
-10.166587 -0.76084685 7.33671 78
-10.173015 -1.0327677 7.9445033 3
-10.174519 -1.6817927 9.4220524 57
-10.19535 -0.98841178 7.3826637 74
-10.267318 -1.2678528 8.0577202 1
-10.165853 -1.8883975 9.466917 60
-10.222932 -1.2199038 7.4338646 71
-10.17937 -2.0992553 9.5362139 58
-10.258787 -1.4559152 7.4974742 79
-10.155762 -2.3039532 9.5728502 61
-10.279908 -1.6921111 7.5545468 83
-10.368157 -2.248507 8.9964886 67
-10.183965 -2.5245154 9.663764 57
-10.303199 -1.9329458 7.6173701 72
-10.351168 -2.1934614 8.3091459 12
-10.399565 -2.4813492 9.0845509 78
-10.093651 -2.7122638 9.6374893 41
-10.329671 -2.1778309 7.6875415 82
-10.383267 -2.4348731 8.393405 73
-10.343822 -2.6961327 9.0981436 51
-9.6700764 -2.7917485 9.2656097 41
-10.368302 -2.42887 7.7756681 76
-10.390372 -2.6740034 8.4637337 69
-9.8212729 -2.7632504 8.6623583 42
-9.675807 -3.0015121 9.3455296 44
-10.377452 -2.6765406 7.8443131 79
-9.897644 -2.7635586 8.0913439 40
-9.6399956 -2.9240804 8.5581894 63
-9.6628857 -3.209389 9.4085207 59
-9.8796492 -2.7728183 7.4990296 38
-9.6271868 -2.9053974 7.9190049 62
-9.6686268 -3.1550157 8.6626215 59
-9.6160126 -3.4035401 9.4420137 5
-9.6132183 -2.9233789 7.344121 66
-9.6518984 -3.1415329 8.0129414 64
-9.6682034 -3.3778677 8.7423954 77
-10.572606 -4.0169239 10.567803 48
-9.6381769 -3.1692479 7.4389625 68
-9.6692142 -3.3819613 8.1108618 56
-10.361275 -3.8909898 9.5227661 62
-10.607765 -4.2756376 10.711006 49
-9.6192513 -3.4038055 7.5031896 40
-10.619899 -4.0126004 9.0810022 5
-10.389177 -4.1537075 9.6523056 58
-10.629574 -4.537148 10.845398 49
-10.743433 -4.336123 9.3002777 8
-10.397077 -4.4128466 9.7662792 61
-10.655585 -4.8038478 10.988599 48
-10.661484 -4.575716 9.3316326 58
-10.420101 -4.6877112 9.9049253 60
-10.693778 -5.0834103 11.154594 41
-10.606197 -4.8291488 9.3965178 70
-10.531398 -5.0119524 10.140929 52
-10.694283 -5.3498855 11.285014 23
-10.524682 -5.0787039 9.4463253 62
-10.699865 -5.3874893 10.451427 53
-9.7061367 -5.0612764 10.275759 2
-10.83554 -5.3529449 9.1144371 2
-10.474208 -5.3412185 9.5275936 60
-10.752917 -5.7062879 10.649261 52
-10.914974 -5.7120914 9.328083 7
-10.519663 -5.6640821 9.7130413 63
-10.789743 -6.0229831 10.838867 56
-10.798187 -5.9682994 9.371027 48
-10.555698 -5.9926815 9.9017153 58
-10.821503 -6.3505812 11.035413 52
-9.4076529 -5.6351485 10.331399 2
-10.667363 -6.2184567 9.4084415 63
-10.698894 -6.4024177 10.212222 56
-10.863094 -6.6968474 11.25353 36
-9.2203159 -5.7667928 10.249572 2
-10.618064 -6.5231819 9.5274763 54
-10.874051 -6.8536744 10.570767 56
-10.883417 -7.0368004 11.45513 6
-10.656241 -6.8974876 9.7421322 38
-10.923433 -7.2354012 10.809195 62
-10.712902 -7.2988377 9.986907 42
-10.969388 -7.6301765 11.057684 28
-10.992258 -7.8920002 10.482838 41
-11.010689 -8.0356255 11.317959 32
-9.4591866 -6.9282718 10.347954 2
-11.056639 -8.3456116 10.778179 38
-9.2392054 -7.0637717 10.275136 3
-8.9374647 -6.9225693 10.717283 4
-10.914981 -8.6452751 10.871615 46
-10.476626 -8.6791449 10.643214 17
-10.335023 -8.9788532 10.750955 2
-9.1356058 -8.2784147 10.307777 2
-10.774007 -10.488753 14.484145 3
-9.2736177 -9.2115135 10.344582 3
-10.606469 -10.750651 14.550557 19
-10.415829 -10.997897 14.596807 19
-9.3389111 -10.214684 11.74776 3
-10.201449 -11.21216 14.607828 17
-9.4017096 -10.829712 11.517857 4
-10.521867 -12.165785 14.603801 10
-10.01174 -11.466929 14.670351 11
-10.264654 -12.391722 14.628122 14
-9.7416964 -11.61811 14.60918 13
-10.485544 -13.385966 14.643926 9
-10.033218 -12.655828 14.700313 4
-9.541997 -11.857585 14.662547 17
-10.624385 -14.413342 14.641677 9
-10.213958 -13.660501 14.723772 6
-9.7330093 -12.828254 14.670165 10
-9.3041077 -12.056186 14.668167 12
-9.8607836 -13.820539 14.688201 11
-9.4551229 -13.028927 14.680568 12
-9.0870237 -12.284146 14.713522 10
-9.5371847 -14.020555 14.708267 8
-9.1745291 -13.230912 14.704133 10
-8.8429518 -12.479253 14.727259 12
-9.5296001 -15.044153 14.716873 10
-9.2405844 -14.285051 14.790189 4
-8.8896227 -13.438271 14.727394 10
-8.5781841 -12.652367 14.71022 12
-9.1122513 -15.151147 14.662957 6
-8.8756819 -14.408818 14.745881 9
-8.6042366 -13.635521 14.754111 10
-8.3532124 -12.878522 14.767566 13
-8.6705313 -15.192017 14.560474 7
-8.5633574 -14.625898 14.805089 8
-8.299674 -13.793228 14.749578 10
-8.0977173 -13.06111 14.782499 10
-8.2480793 -15.250513 14.485368 10
-8.2184858 -14.781908 14.812022 9
-8.0277205 -14.011353 14.810484 8
-7.8485785 -13.255051 14.811311 11
-7.8019366 -15.247544 14.362372 8
-7.8902364 -14.972069 14.858635 9
-7.7418737 -14.217134 14.866358 8
-7.3993158 -15.328795 14.326197 7
-7.5460572 -15.129594 14.87896 7
-7.4411035 -14.389079 14.890067 8
-6.9891129 -15.376055 14.271101 11
-7.1938396 -15.277938 14.8986 9
-7.1209011 -14.526927 14.886587 9
-7.0649118 -13.798538 14.879787 9
-6.5938587 -15.443641 14.240003 7
-6.8248425 -15.366926 14.867783 8
-6.8131804 -14.690179 14.911569 8
-6.7958059 -13.974658 14.90739 8
-6.1820302 -15.452386 14.172967 6
-6.4373889 -15.402373 14.801238 9
-6.5093508 -14.860488 14.95712 7
-6.5298276 -14.164069 14.955944 8
-5.7855716 -15.483916 14.131599 5
-6.0462794 -15.414379 14.712429 6
-6.2414899 -14.29575 14.943794 7
-5.4068823 -15.560333 14.138335 6
-5.6943908 -15.522629 14.725534 7
-5.8688612 -15.138677 14.99439 8
-5.9583473 -14.458287 14.972118 10
-5.0176983 -15.592482 14.115649 6
-5.3096337 -15.529245 14.652909 7
-5.5531092 -15.297594 15.044482 7
-5.6821208 -14.647007 15.030478 8
-4.6287065 -15.612632 14.091517 5
-4.9374304 -15.566228 14.617584 8
-5.2130218 -15.385946 15.028666 8
-5.3834944 -14.781635 15.036542 7
-4.2524385 -15.693394 14.130191 5
-4.5804958 -15.632528 14.616531 6
-4.7917171 -15.146494 14.706261 3
-5.0944343 -14.936206 15.070273 6
-3.8770726 -15.729097 14.136281 5
-4.2072382 -15.638062 14.565345 8
-4.5487113 -15.608471 15.066401 7
-4.7590966 -14.946418 14.96591 7
-3.497493 -15.749183 14.137371 7
-3.8454149 -15.676207 14.556672 8
-4.2079992 -15.6788 15.05575 8
-4.4876599 -15.199077 15.10603 7
-3.1224132 -15.789893 14.165009 5
-3.4887712 -15.7375 14.569572 8
-3.8554654 -15.693663 14.995641 9
-4.1777678 -15.313484 15.111445 10
-2.7475064 -15.80584 14.174537 8
-3.1300824 -15.777484 14.575607 7
-3.5104668 -15.739109 14.976059 7
-3.8716514 -15.45789 15.156917 8
-2.3716424 -15.815868 14.193643 8
-2.7708247 -15.805922 14.576272 7
-3.1674681 -15.805295 14.982838 4
-3.5554595 -15.568944 15.173203 8
-2.0004184 -15.86949 14.259537 5
-2.4121647 -15.860412 14.612288 7
-2.8115313 -15.783628 14.913425 7
-3.2391083 -15.717342 15.235178 4
-1.6299623 -15.939573 14.347714 5
-2.0527723 -15.91029 14.651738 5
-2.4724329 -15.881292 14.963744 6
-2.907315 -15.778576 15.215262 6
-1.2549915 -15.943577 14.381314 6
-1.6882728 -15.807689 14.555821 5
-2.1238585 -15.906297 14.951307 6
-2.5776434 -15.844209 15.203262 6
-0.88047475 -16.021338 14.492743 8
-1.3351736 -15.93689 14.678292 5
-1.7751808 -15.886806 14.902706 5
-2.2503414 -15.96033 15.247294 6
-0.505992 -16.061871 14.579868 5
-0.97474015 -15.99666 14.747233 8
-1.4299495 -15.949989 14.941115 4
-1.9083335 -15.899702 15.131776 6
-0.1222527 -16.149212 14.710511 9
-0.60764998 -16.042078 14.804483 4
-1.0781212 -16.007524 14.971224 5
-1.5669568 -15.939101 15.110395 5
0.252047 -16.107859 14.739258 6
-0.24481802 -16.108892 14.89446 5
-0.72798461 -16.049906 15.004528 7
-1.2285028 -15.981959 15.105379 7
0.63596869 -16.158724 14.862046 11
0.11998089 -16.113829 14.940365 7
-0.37853697 -16.037912 14.997032 6
-0.89041424 -16.033646 15.118302 6
1.0192268 -16.178919 14.968878 7
0.48614061 -16.139267 15.0068 7
-0.024193877 -16.097643 15.060433 5
-0.54896516 -16.078924 15.128239 5
1.4094579 -16.240984 15.119814 6
0.85750139 -16.176662 15.096877 6
0.33089378 -16.125633 15.09755 6
-0.20433126 -16.095984 15.117268 7
1.7939907 -16.252831 15.230372 9
1.2262102 -16.213165 15.186608 8
0.68894124 -16.191448 15.178093 6
0.14105022 -16.161215 15.157228 5
2.1974697 -16.336288 15.418493 11
1.5978179 -16.214823 15.254843 8
1.042825 -16.185846 15.197193 6
0.48487169 -16.182755 15.160452 9
2.551944 -16.170225 15.379556 14
1.980932 -16.288347 15.398784 7
1.4003059 -16.172609 15.221673 8
0.83523798 -16.211277 15.181661 8
2.9136126 -16.045576 15.393925 17
2.336973 -16.185949 15.390429 9
1.7790562 -16.29578 15.37982 11
1.1850582 -16.201208 15.175459 8
3.258086 -15.863908 15.356672 7
2.691644 -16.089598 15.389509 12
2.1409853 -16.269445 15.404262 11
1.5403051 -16.228558 15.205653 10
3.6093972 -15.725308 15.364522 13
3.0436816 -15.987147 15.388483 9
2.4966769 -16.218494 15.411289 10
1.9008659 -16.253374 15.243479 12
3.9472878 -15.553287 15.347385 13
3.3936152 -15.868734 15.382195 11
2.8456872 -16.122503 15.383189 11
2.2842042 -16.377897 15.381777 11
4.2893491 -15.405315 15.361688 13
3.7304535 -15.720194 15.349995 15
3.1924672 -16.020401 15.355415 8
2.6410379 -16.338371 15.37015 10
4.6169882 -15.217163 15.344556 11
4.0672302 -15.591246 15.346334 14
3.5380716 -15.937475 15.354412 11
2.9999082 -16.309057 15.379522 11
4.939466 -15.041306 15.344193 11
4.4013424 -15.442898 15.331275 14
3.89065 -15.860064 15.365931 15
3.3564754 -16.25301 15.369974 11
5.2549505 -14.842846 15.329291 17
4.7368698 -15.313443 15.340853 5
4.2371278 -15.762628 15.368159 15
3.7056034 -16.174681 15.345264 13
5.5559006 -14.628189 15.298487 17
5.0564327 -15.137603 15.306703 15
4.5786285 -15.649005 15.352314 10
4.0585785 -16.091322 15.321746 20
5.8593125 -14.428225 15.289001 18
5.3767133 -14.973338 15.294173 14
4.9108138 -15.506729 15.324609 13
4.4225035 -16.041304 15.33948 15
6.1629992 -14.229329 15.292068 15
5.6961627 -14.814782 15.294317 15
5.2353797 -15.352577 15.288665 14
4.7691364 -15.923974 15.303981 12
6.4499607 -14.006493 15.272576 5
6.0207992 -14.658477 15.303151 14
5.5801878 -15.244714 15.30728 12
5.1254077 -15.833604 15.299827 20
6.7347455 -13.787308 15.262906 18
6.3312001 -14.479803 15.297971 3
5.9125929 -15.098468 15.29467 11
5.4863167 -15.752842 15.312024 16
7.0270739 -13.584896 15.280695 16
6.6225982 -14.27028 15.263528 15
6.266572 -15.006977 15.345436 5
5.8374338 -15.641302 15.301717 17
7.2810516 -13.328441 15.237114 17
6.9250345 -14.085435 15.261055 14
6.5651207 -14.795631 15.278436 18
6.2123461 -15.568799 15.338509 4
7.5530648 -13.105696 15.239319 14
7.2177138 -13.882823 15.250978 10
6.8811316 -14.622256 15.260958 16
6.534976 -15.383156 15.274595 18
7.8125286 -12.868285 15.231223 16
7.4934788 -13.657448 15.218804 15
7.2095728 -14.468925 15.272823 16
6.8770266 -15.238834 15.258633 19
8.0288849 -12.576765 15.165117 4
7.7901654 -13.468512 15.234181 15
7.514689 -14.277778 15.247929 16
7.2246442 -15.101745 15.256104 18
8.3183956 -12.396936 15.230272 18
8.056138 -13.240862 15.204439 7
7.839623 -14.120786 15.265605 8
7.565743 -14.951086 15.244232 20
8.5430603 -12.128859 15.196787 18
8.3428555 -13.042865 15.220094 15
8.1363621 -13.915478 15.241795 16
7.8887568 -14.764967 15.210083 7
8.767602 -11.870593 15.176711 17
8.6070566 -12.814248 15.205343 15
8.4304056 -13.711431 15.222181 17
8.2314863 -14.607215 15.211657 21
8.4615374 -10.986404 14.350748 4
8.8622084 -12.576395 15.18529 17
8.7205915 -13.490526 15.197197 19
8.5632896 -14.426289 15.198986 16
8.7677851 -10.854779 14.492299 13
9.1211224 -12.342052 15.180907 19
9.0148277 -13.28315 15.192143 16
8.9077082 -14.257541 15.208965 20
9.2911119 -10.951675 14.955887 16
9.3926153 -12.127857 15.202729 14
9.3113279 -13.075386 15.195074 16
9.2247467 -14.051656 15.184423 20
9.6232557 -10.824103 15.131832 8
9.0247002 -11.186195 14.306596 3
9.5509815 -13.852266 15.179246 13
9.8687954 -10.605083 15.191192 8
9.3020868 -11.007478 14.372687 12
9.8750114 -13.649887 15.179201 19
10.054979 -10.326049 15.172615 19
9.7440672 -11.000386 14.666016 12
10.157538 -12.397256 15.178629 14
10.204009 -13.449329 15.183035 20
10.234206 -10.049889 15.150377 14
10.238622 -11.022672 15.02866 14
10.438449 -12.169795 15.184091 17
10.426293 -9.7890053 15.158446 17
10.54762 -10.849802 15.134742 16
10.070487 -11.267589 14.345462 3
10.807373 -12.973545 15.143289 23
10.594245 -9.5079432 15.143204 19
10.710681 -10.538106 15.05729 4
10.420291 -11.132767 14.471747 10
11.118299 -12.742427 15.143682 22
10.738627 -9.2114315 15.105567 14
11.004811 -10.341923 15.158407 16
10.721601 -10.939665 14.538035 13
11.400811 -12.474113 15.117549 18
10.888201 -8.9244661 15.083292 4
11.183847 -10.048449 15.118764 19
11.401773 -11.084104 15.075682 15
11.100417 -8.6873379 15.151148 9
11.375282 -9.7685289 15.104168 14
11.632689 -10.80989 15.057562 6
11.323034 -11.34707 14.330853 11
11.231898 -8.394824 15.12042 14
11.595678 -9.5149317 15.131003 17
11.82526 -10.50445 15.00201 4
11.495506 -11.007563 14.215802 53
11.366018 -8.1073675 15.10378 14
11.754901 -9.2105188 15.091168 11
11.9632 -10.154814 14.889716 13
11.859527 -10.831854 14.324582 10
11.49345 -7.8181477 15.087183 17
11.857523 -8.8726749 14.994011 4
12.189775 -9.8761921 14.88948 22
12.263832 -10.682632 14.481327 62
11.63777 -7.5403719 15.098094 17
12.403097 -9.5873346 14.881447 48
12.182764 -10.140288 14.113475 64
11.773937 -7.2600613 15.107285 16
12.458223 -9.1912251 14.70727 56
12.232719 -9.7185431 13.906394 61
11.882505 -6.9694104 15.08983 17
12.201459 -7.9101477 14.800714 13
12.445534 -8.7588863 14.469005 52
12.275343 -9.3021746 13.701272 68
11.987334 -6.6774259 15.076357 9
12.368005 -7.6286416 14.811288 17
12.359632 -8.293829 14.167784 85
12.373845 -8.9380188 13.570037 88
12.0582 -6.3732367 15.03477 9
12.587947 -7.3781219 14.893235 21
12.390944 -7.916944 14.012497 53
12.527131 -8.6103621 13.509533 86
12.147933 -6.0814328 15.014359 5
12.652293 -7.0395675 14.802671 50
12.422637 -7.547081 13.860909 82
12.59754 -8.2372236 13.369018 80
12.215679 -5.7821579 14.977327 4
12.70812 -6.7042465 14.709917 56
12.463573 -7.1884756 13.726496 85
12.646753 -7.8587418 13.219056 81
11.713099 -5.2478409 14.298902 7
12.748286 -6.3656087 14.611735 54
12.527352 -6.8468957 13.627625 81
12.693734 -7.4816985 13.074465 82
11.879675 -5.0084901 14.392505 3
12.730886 -6.0066252 14.460494 59
12.622077 -6.5275936 13.56786 84
12.73939 -7.1132607 12.942801 81
12.403773 -4.8972325 14.889147 6
12.088617 -5.391243 13.659521 71
12.714677 -6.2084517 13.5144 99
12.770158 -6.7413225 12.806426 78
12.419553 -4.5916791 14.821774 9
12.101553 -5.0768499 13.562383 80
12.147518 -5.607285 12.819695 17
12.821085 -6.3898201 12.699143 90
12.465466 -4.3010817 14.795343 6
12.233892 -4.8087816 13.599587 4
12.118463 -5.2610874 12.669416 82
12.20083 -5.742404 11.984351 3
12.498535 -4.0087914 14.760039 8
12.736108 -4.6681981 14.022144 77
12.135942 -4.9401455 12.574553 48
12.145069 -5.3716617 11.805773 88
12.558331 -3.7248392 14.76144 12
12.751591 -4.3519998 13.948224 78
12.950142 -4.9036179 13.250228 92
12.1709 -5.0401025 11.709602 80
12.593676 -3.4354022 14.740933 7
12.78627 -4.042346 13.897799 70
12.978138 -4.5742311 13.172967 93
12.983777 -4.9991207 12.321173 74
12.650549 -3.1560218 14.749142 10
12.817566 -3.7355897 13.85355 86
13.014533 -4.2509098 13.110792 99
13.01452 -4.6562772 12.23816 90
12.700266 -2.8753345 14.756587 10
12.855437 -3.4356947 13.822161 76
13.046969 -3.9293909 13.053486 84
13.040992 -4.3191257 12.159996 91
12.718067 -2.5887506 14.731364 10
12.880426 -3.13363 13.782876 89
13.082295 -3.6111238 13.005095 99
13.087384 -3.9887431 12.108469 90
12.788048 -2.3138909 14.770313 9
12.92849 -2.8365779 13.771225 80
13.123454 -3.2949445 12.968741 105
13.113502 -3.6547348 12.045534 90
12.839607 -2.0345378 14.796855 9
12.938983 -2.5344384 13.732432 87
13.145648 -2.9751217 12.923736 87
13.133903 -3.3217373 11.984294 93
12.817366 -1.7449543 14.746972 10
12.974234 -2.2368925 13.723745 81
13.168182 -2.6572678 12.886283 96
13.180325 -2.9942307 11.954723 92
12.859138 -1.4666504 14.771458 13
13.01333 -1.9402281 13.723239 80
13.203439 -2.3461816 12.865644 103
13.210758 -2.6686482 11.917962 96
12.825443 -1.182963 14.719638 11
13.039344 -1.6449494 13.713661 91
13.244995 -2.0312986 12.855121 100
13.255663 -2.344631 11.897841 97
12.838734 -0.90284044 14.721865 9
13.071884 -1.3501183 13.71894 79
13.288624 -1.7220482 12.856546 114
13.276384 -2.0175478 11.868561 81
12.863833 -0.62560266 14.746141 14
13.091447 -1.0533919 13.719213 77
13.303427 -1.4089108 12.837804 97
13.314319 -1.694404 11.859524 100
12.856647 -0.34672952 14.737576 9
13.119157 -0.75855029 13.73321 76
13.323522 -1.0953223 12.83193 84
13.352509 -1.3704033 11.857382 88
12.886446 -0.06834922 14.777334 9
13.151314 -0.46229285 13.754961 75
13.370159 -0.78326589 12.856537 102
13.375966 -1.0431929 11.853372 93
12.876533 0.20954551 14.778616 6
13.189948 -0.16363247 13.793634 60
13.387491 -0.46959531 12.858567 84
13.408441 -0.71779943 11.859232 95
12.87466 0.48760059 14.794674 8
13.203862 0.13315819 13.811574 80
13.43045 -0.15427239 12.894195 86
13.439991 -0.39236125 11.873072 100
12.321664 0.73619878 14.218563 15
12.809418 0.41993979 13.433839 59
13.429944 0.15735765 12.8932 73
13.49632 -0.068729065 11.913296 97
12.868687 1.040548 14.83182 8
12.073781 0.66987604 12.723462 3
12.716399 0.45028383 12.256457 86
13.073715 0.25421578 11.565572 49
12.864128 1.31793 14.857023 10
12.709545 0.99102807 13.370811 49
12.733001 0.75091296 12.284445 96
12.778961 0.56269491 11.328973 99
12.808186 1.5899138 14.832914 9
13.37651 1.3415073 14.054821 54
12.73159 1.0542576 12.305291 7
12.782762 0.87875861 11.349384 83
12.836859 1.877353 14.908888 15
13.433099 1.6567292 14.147538 72
13.596602 1.445448 13.117292 99
13.630425 1.2684544 12.07606 79
12.797031 2.1517797 14.908664 17
13.532719 1.9778194 14.284457 61
13.63328 1.7721728 13.182117 98
13.658884 1.6080631 12.129013 93
12.761001 2.4258139 14.920287 18
13.609933 2.2998943 14.408665 71
13.631393 2.0993893 13.223457 93
13.694938 1.9520109 12.196876 89
12.681887 2.6936879 14.889196 19
13.653206 2.621891 14.504742 55
13.641658 2.4262722 13.278721 96
13.722205 2.2963347 12.263661 90
12.623431 2.9624434 14.882992 16
13.641321 2.9366865 14.552271 61
13.648068 2.7575946 13.340351 99
13.752254 2.6467273 12.342325 81
12.607574 3.2437429 14.93434 16
13.623557 3.2542999 14.599788 31
13.633675 3.089958 13.392879 77
13.799226 3.004925 12.44285 85
12.498274 3.5017786 14.884501 10
13.622297 3.5770884 14.672406 19
13.628483 3.4262407 13.456459 79
13.829828 3.3679805 12.539104 85
12.444515 3.7749779 14.899737 17
13.534641 3.8813045 14.665298 13
13.639109 3.7707794 13.547111 81
13.888671 3.7413251 12.66717 80
12.341544 4.0343981 14.868709 11
13.401038 4.1725597 14.615801 7
13.661628 4.1222701 13.654607 81
13.917037 4.1133618 12.778652 74
12.269794 4.3010521 14.875309 11
13.355956 4.4891052 14.66647 6
13.717223 4.4897642 13.801695 78
13.970515 4.4978156 12.921423 89
12.123526 4.5416598 14.800096 12
13.338786 4.8139715 14.74695 6
13.77354 4.8621473 13.955178 71
13.994918 4.8842545 13.046841 90
12.064068 4.812295 14.827745 21
13.260423 5.1211748 14.772064 10
13.904976 5.2707443 14.194752 63
14.009533 5.268856 13.171718 91
11.982373 5.0751562 14.837679 26
13.167846 5.4252939 14.789509 16
13.995219 5.6760888 14.405196 66
13.971151 5.6428847 13.263263 119
11.891008 5.3349051 14.842927 16
13.087608 5.7371664 14.830786 20
13.290796 5.7720151 13.851782 18
13.293271 5.7654157 12.78962 59
11.818007 5.6060414 14.877045 17
12.976497 6.0357771 14.845617 14
13.258201 6.1267805 13.958731 30
13.327033 6.1674209 12.961781 76
11.689479 5.8510861 14.850968 15
12.50505 6.1721454 14.479149 13
13.163603 6.4589968 14.012507 22
13.145019 6.4763494 12.945749 42
11.581409 6.1073232 14.85164 11
12.546175 6.5403237 14.670077 20
12.409047 6.4736247 13.410907 18
12.452334 6.5341234 12.459521 36
11.323861 6.2864685 14.681564 16
12.018248 6.6190743 14.240293 18
11.907692 6.57899 13.052669 47
11.809841 6.5819411 12.01121 37
10.902138 6.3650446 14.306219 10
11.30828 6.5830331 13.607047 22
11.349696 6.6380134 12.640611 29
11.218534 6.6359224 11.613572 44
10.945691 6.7116246 14.525446 27
10.806858 6.6500754 13.217845 46
10.804011 6.6971922 12.254751 39
10.659658 6.6944509 11.254543 47
10.456147 6.7391052 14.073828 22
10.423685 6.7529969 12.941097 44
10.279526 6.7313061 11.865845 60
10.142044 6.7418194 10.917636 50
9.9198895 6.7173409 13.557913 32
9.9636116 6.7964377 12.578355 37
9.8110781 6.7773809 11.534243 45
8.5480347 6.0738144 9.4904289 43
8.5346766 6.1239471 11.956978 16
8.4111385 6.1023164 10.921453 51
8.2854691 6.1026139 10.041245 61
8.1314573 6.1070814 9.2292385 55
8.175602 6.1521964 11.639691 36
8.0598888 6.1486311 10.658897 59
8.1100149 6.2763062 10.005231 70
8.1608601 6.4348431 9.4236755 57
8.0394211 6.3234534 11.609128 49
8.0788383 6.4443579 10.838841 68
8.1397686 6.600029 10.20827 69
8.2021856 6.7845087 9.6447926 57
8.0843048 6.6284914 11.822981 47
8.1095381 6.7575407 11.043813 63
8.0768356 6.8625355 10.314538 66
7.9743118 6.9395561 9.5892477 73
8.1162825 6.9359951 12.029412 59
7.9605713 6.9440532 11.039614 64
7.6906371 6.8737593 10.053202 59
7.5751896 6.9488506 9.3481007 60
7.8053269 6.9787436 11.783113 48
7.6282167 6.9816227 10.806645 68
7.3471107 6.9072495 9.8394184 63
7.2449036 7.0001493 9.1802273 52
7.5032282 7.0197001 11.548787 46
7.2909384 7.0005903 10.563753 60
7.0561857 6.9701257 9.6860199 72
6.9187398 7.04105 9.0142632 56
7.1844206 7.0350914 11.286606 51
6.9056258 6.9637022 10.255347 62
6.7953248 7.0493622 9.5672436 68
6.5956759 7.0704017 8.8483238 60
6.8969784 7.0661058 11.068283 51
6.6092944 6.9912558 10.058232 64
6.4871645 7.073482 9.3885155 62
6.2935948 7.1023579 8.7029867 53
6.6069694 7.078907 10.837264 57
6.318965 7.0081544 9.8633041 61
6.2014213 7.1043558 9.231432 62
5.992373 7.1264043 8.5556183 65
6.3318734 7.0998149 10.628834 54
6.0765657 7.0671973 9.7345285 66
5.9186592 7.1308103 9.0781927 61
5.6946239 7.1411672 8.4105558 61
6.0184984 7.073235 10.360712 55
5.8398347 7.1231136 9.6124849 73
5.6426044 7.1553593 8.9334698 65
5.4237542 7.1743321 8.2957268 68
5.7420683 7.0720272 10.144814 54
5.6049857 7.178215 9.4952097 67
5.3823228 7.1856213 8.8054695 68
5.1565795 7.2031465 8.184824 70
5.4997654 7.0968046 9.9765196 50
5.3471346 7.1952915 9.3391151 63
5.1165247 7.2003317 8.6684856 64
4.9042292 7.2376375 8.0917263 60
5.2649488 7.1249104 9.8191271 55
5.0966101 7.2136989 9.1949196 58
4.8783641 7.2376118 8.5681868 72
4.6470504 7.2535143 7.9866214 59
5.0544443 7.1718497 9.6994514 65
4.8714895 7.2528567 9.0834227 64
4.6344562 7.2573328 8.4558849 64
4.3993349 7.2725072 7.8923688 71
4.8549457 7.2267823 9.5976276 69
4.6281047 7.2605543 8.9430542 61
4.4023213 7.2829995 8.3574276 62
4.1660166 7.3032289 7.8189526 67
4.6502643 7.2701521 9.4858341 62
4.4047561 7.2854824 8.8324614 61
4.1731758 7.307385 8.2649202 72
3.9339604 7.3258147 7.7434835 71
4.4379416 7.2971592 9.3620853 49
4.1827431 7.3032756 8.7188206 62
3.9462025 7.3225493 8.1703444 67
3.7090981 7.3487477 7.6769109 67
4.2201147 7.3096328 9.2243567 51
3.9733548 7.3349524 8.6290503 68
3.7294078 7.3478169 8.092659 70
3.4860334 7.3694797 7.6133308 73
4.0118566 7.328135 9.1026182 60
3.7613285 7.3536482 8.5324383 68
3.5135527 7.3667302 8.0161657 69
3.2607901 7.3731174 7.5399389 67
3.8034828 7.3499722 8.9858942 54
3.5534418 7.377584 8.4418163 58
3.3050711 7.3895721 7.9471588 71
2.6587605 6.6592841 6.7428002 62
3.6078517 7.3681593 8.8789053 54
3.351259 7.3939877 8.3558321 62
2.6944261 6.6509194 7.075531 62
2.4711008 6.6754017 6.7010231 59
3.4150755 7.391757 8.7842731 56
2.7365232 6.6447878 7.4192991 37
2.5136774 6.6674104 7.0246887 61
2.2822263 6.6797309 6.6531358 60
3.2249649 7.4134965 8.6913662 60
2.5676615 6.6737971 7.3669701 64
2.3354471 6.6812267 6.9734054 61
2.2384834 7.0030842 6.9251499 31
2.6373367 6.6737504 7.7219944 64
2.3906009 6.6815419 7.2956424 61
2.240449 6.8779354 7.1146512 35
2.2460575 7.4841299 7.3510623 68
2.469923 6.6897016 7.6435552 59
2.2308483 6.7197871 7.2621851 53
2.2704296 7.3800125 7.5723209 42
2.0521555 7.5082669 7.332057 68
2.2997444 6.6978798 7.5601249 62
2.229125 7.1185203 7.6178932 34
2.1272984 7.5088511 7.6469975 67
1.8607849 7.5271549 7.3119874 65
2.2098193 6.8771291 7.6742129 24
2.2034132 7.4993086 7.9528704 74
1.9419913 7.530221 7.6158357 67
1.6691692 7.5430198 7.2938976 65
2.237535 7.3463049 8.1077652 36
2.0188377 7.5106483 7.8956537 69
1.7545344 7.5397534 7.5776558 65
1.4820067 7.5624876 7.2837577 65
2.1247394 7.5185394 8.2111568 62
1.8413353 7.531364 7.8533711 69
1.5737394 7.5647111 7.5584426 65
1.2971151 7.5837455 7.2805915 65
1.9493445 7.5331135 8.1448145 68
1.6626047 7.549171 7.8130956 67
1.3930939 7.5806313 7.5351896 66
1.113366 7.6058955 7.2814121 63
1.7724867 7.5428023 8.0764751 58
1.491327 7.5803294 7.7897658 65
1.2121146 7.5935035 7.5139537 62
0.93122876 7.6257358 7.2852564 62
1.600108 7.5598402 8.0232134 61
1.3138247 7.5946631 7.7546 63
1.0333874 7.6128607 7.5038261 63
0.74907207 7.6463671 7.2951908 61
1.4278826 7.5768361 7.9719682 63
1.1413897 7.6147146 7.7283292 56
0.85745305 7.6342831 7.4975624 59
0.56759828 7.6613283 7.3038864 57
1.260275 7.5998764 7.9314137 61
0.96694177 7.628334 7.6987929 57
0.68052119 7.6510725 7.4920578 60
0.38533968 7.6724758 7.3114591 51
1.0897548 7.6152139 7.8858166 60
0.79540968 7.6485953 7.6812978 53
0.50564408 7.6734891 7.4966784 59
0.20700845 7.6960797 7.336184 54
0.92325902 7.6349282 7.8493557 56
0.6218347 7.6548514 7.6528878 55
0.33209586 7.6967006 7.5043459 53
0.030405343 7.7254901 7.3709388 48
0.75433129 7.6498032 7.8119421 54
0.45335105 7.680625 7.6475306 55
0.15772101 7.7108941 7.5080571 56
-0.15074511 7.7291875 7.3857303 50
0.58778507 7.6674032 7.7825704 50
0.28483716 7.7053499 7.6462169 48
-0.016384274 7.7270579 7.5187726 59
-0.32771376 7.7635841 7.4335442 51
0.42046091 7.6871305 7.7571492 48
0.11164561 7.7135134 7.6318326 54
-0.19003449 7.7472162 7.5374441 49
-0.50775599 7.7672248 7.4572382 51
0.25377214 7.7027917 7.7316895 48
-0.057704378 7.7293453 7.6284146 48
-0.3658655 7.7555466 7.5470924 56
-0.68679655 7.7897849 7.5039973 53
0.087550938 7.722405 7.7142386 47
-0.22699495 7.7451606 7.6289959 49
-0.53880364 7.7816315 7.5787735 58
-0.86709505 7.809443 7.5507627 50
-0.078110203 7.7369485 7.6967587 51
-0.39713502 7.7620416 7.633594 54
-0.71348053 7.7998438 7.6074467 55
-1.0472323 7.8300757 7.6025286 49
-0.2462588 7.7467027 7.6752944 50
-0.56709576 7.7798982 7.6432009 55
-0.8892892 7.816153 7.6361446 51
-1.2287271 7.8458142 7.6553216 55
-0.41362721 7.7713957 7.6749492 48
-0.73864418 7.7998939 7.658905 51
-1.0657821 7.8335152 7.6719184 51
-1.4117482 7.8646841 7.7152057 53
-0.58245313 7.7821932 7.6635351 49
-0.91110247 7.8209581 7.6795936 51
-1.2439767 7.8540149 7.7146945 55
-1.5954845 7.8765931 7.7730331 55
-0.75082624 7.7969475 7.6591334 47
-1.0843949 7.8430853 7.7053018 53
-1.4222281 7.8735123 7.7594695 57
-1.7820071 7.8997426 7.8469524 57
-0.92109698 7.8318796 7.6778479 48
-1.25893 7.8623066 7.7320175 53
-1.6025862 7.8911738 7.8082714 60
-1.968161 7.9168248 7.9198389 62
-1.093447 7.8389044 7.6744781 50
-1.4345682 7.8655138 7.746676 55
-1.7843401 7.9007878 7.8520861 60
-2.1592557 7.9381132 8.0039129 55
-1.2656794 7.8567386 7.6853337 50
-1.6128302 7.8877678 7.7847171 53
-1.968136 7.9234304 7.9152465 63
-2.3538153 7.9696207 8.1002798 61
-1.4403739 7.8767228 7.7023363 53
-1.7916617 7.9030294 7.8207688 62
-2.155632 7.9483914 7.9854517 62
-2.5497408 7.9962831 8.1995382 61
-1.6171817 7.8949909 7.7201729 55
-1.9729737 7.9226708 7.863596 58
-2.3447094 7.9766831 8.0613728 67
-2.7457623 8.0110788 8.2925072 61
-1.7930013 7.9022307 7.7328014 56
-2.1566002 7.9385328 7.9073806 60
-2.5349076 7.9930401 8.1322594 62
-2.9459765 8.0332317 8.3975706 62
-1.9725475 7.9218011 7.7595391 56
-2.3436027 7.9696889 7.9712801 65
-2.7297151 8.0128107 8.2102261 60
-3.1488087 8.048646 8.5006342 64
-2.1558611 7.9427571 7.7933326 59
-2.5318382 7.9880376 8.0261316 62
-2.9268816 8.0378838 8.2992363 70
-3.2332981 7.6745248 8.19524 22
-2.3397145 7.9577875 7.8251023 62
-2.724355 8.0117168 8.0921402 64
-3.1270673 8.060113 8.3904333 71
-3.2985022 7.2905965 7.8757348 42
-2.528064 7.9840341 7.87219 65
-2.9198895 8.033534 8.1602297 67
-3.2161729 7.7103081 8.0962315 29
-3.4776971 7.2708464 7.950213 56
-2.7221847 8.0148392 7.9291072 67
-3.1176605 8.0546064 8.2321901 70
-3.2787976 7.3172464 7.7554088 42
-3.6786704 7.3021121 8.0853271 57
-2.9147496 8.0315905 7.97504 63
-3.2127814 7.7275023 7.9511809 29
-3.4515789 7.2851052 7.7988338 66
-3.8636906 7.2820663 8.1719208 3
-3.1127617 8.0510139 8.0289021 66
-3.2680945 7.3161511 7.583993 43
-3.6453059 7.308219 7.9035378 61
-4.4656711 8.2031622 9.3346176 67
-3.2047334 7.7138562 7.7315741 26
-3.4360206 7.2737298 7.5991263 62
-3.8165283 7.2598963 7.9397407 11
-4.6700044 8.1585541 9.4193497 65
-3.2624214 7.3123622 7.3685789 44
-3.6307781 7.3025298 7.6930275 55
-4.4186239 8.1997461 9.0736408 59
-4.9062867 8.1717434 9.5788107 46
-3.4344428 7.2821798 7.3828859 62
-3.8059936 7.2665834 7.7263751 13
-4.6626244 8.2488031 9.2394047 67
-5.1414552 8.173933 9.7332754 54
-3.629844 7.3052263 7.4568429 60
-4.4005485 8.197094 8.8021975 59
-4.8847189 8.2359877 9.3456345 83
-5.4041481 8.2175817 9.9463701 44
-3.8025801 7.2652202 7.471209 11
-4.6341968 8.2233458 8.9207735 59
-5.0998278 8.2044554 9.4356995 62
-5.7050343 8.308423 10.230251 44
-4.4052243 8.214489 8.5152655 56
-4.8746057 8.2520723 9.0524883 60
-5.3343158 8.1985416 9.5621843 54
-5.99545 8.3642616 10.481849 52
-4.6345315 8.2282925 8.6047602 56
-5.1252508 8.2876606 9.1974001 60
-5.6043873 8.2437077 9.7604351 55
-6.2725587 8.3828812 10.700096 46
-4.8781195 8.2583332 8.7175407 56
-5.3671212 8.2904291 9.3160439 72
-5.8824244 8.2885485 9.9648027 60
-6.5749664 8.4256706 10.963827 40
-5.1307483 8.2945032 8.8427277 51
-5.5970135 8.2614498 9.4025574 64
-6.1959858 8.3747692 10.231977 63
-6.8866878 8.4655161 11.23368 43
-5.3841553 8.3153992 8.9615088 54
-5.8573737 8.2778654 9.5514164 54
-6.4985719 8.4217663 10.464585 63
-7.2198706 8.5181618 11.535653 42
-5.6521049 8.3495922 9.1025238 54
-6.1371374 8.3089867 9.726593 53
-6.7979441 8.4504681 10.686038 63
-7.5420952 8.5395479 11.814521 47
-5.9316087 8.3876762 9.2557898 62
-6.4152489 8.3258247 9.8957529 64
-7.1292915 8.5068159 10.957152 51
-7.9177279 8.6125555 12.181364 35
-6.1763105 8.3536425 9.3392401 69
-6.7497187 8.4065781 10.151011 58
-7.4596572 8.5420218 11.216171 57
-8.2683163 8.6363125 12.496655 51
-6.4135809 8.3028946 9.4115324 61
-7.0989304 8.4875135 10.422507 65
-7.8069086 8.5855894 11.499475 47
-8.5372105 8.5498419 12.670245 68
-6.712707 8.3305235 9.5820312 57
-7.4170876 8.5086784 10.634283 53
-8.1744661 8.6339159 11.807116 43
-8.5709667 8.2100334 12.467337 42
-7.0335507 8.3700829 9.7779493 49
-7.7720337 8.56007 10.896759 57
-8.5033665 8.6198559 12.045938 63
-8.7053242 7.9869609 12.439409 26
-7.4175801 8.4751492 10.064075 43
-8.1465187 8.6141186 11.179537 45
-8.551198 8.2903032 11.849282 54
-9.1192646 8.0379906 12.855784 48
-7.8232174 8.5838528 10.370589 39
-8.4869022 8.6117754 11.404655 74
-8.6117277 7.9854274 11.684999 52
-9.1939306 7.7563362 12.747784 55
-8.1935129 8.6254091 10.613289 45
-8.5288801 8.2726412 11.188884 69
-9.00667 8.0231333 12.030028 34
-9.2994728 7.508954 12.695345 82
-8.4888697 8.5637436 10.741443 68
-8.5891323 7.9664454 11.015529 60
-9.375061 8.0164776 12.328494 74
-9.4293089 7.2874284 12.689375 88
-8.5130644 8.2021389 10.498316 44
-8.9814157 7.9968948 11.317496 47
-9.4126644 7.696002 12.155741 59
-9.4796629 7.0060477 12.575976 66
-8.6318007 7.9518023 10.397054 42
-9.3534317 7.9895306 11.585006 81
-9.436471 7.3743477 11.972777 59
-9.5120096 6.7171235 12.445201 55
-9.0663023 8.0160055 10.718617 45
-9.3873501 7.6617556 11.395911 71
-9.4568834 7.0624242 11.798473 66
-9.5300102 6.4269886 12.304962 57
-9.3582067 7.9227133 10.84522 71
-9.4200554 7.3458633 11.219853 75
-9.4862127 6.7672243 11.650565 71
-9.555028 6.1513848 12.187177 48
-9.3782854 7.5796494 10.638183 65
-9.4449959 7.0332456 11.045029 71
-9.5189638 6.484283 11.517977 71
-9.5856647 5.8872433 12.085633 52
-9.4073067 7.2563748 10.454372 62
-9.4810219 6.7385917 10.896439 59
-9.5408449 6.2004094 11.379221 65
-9.6027584 5.6196785 11.974924 48
-9.4343901 6.9425049 10.281768 65
-9.4947758 6.4375854 10.732672 66
-9.5591469 5.9218001 11.248592 67
-9.6216431 5.3623781 11.875319 57
-9.3809643 6.57517 10.024509 61
-9.5475025 6.17347 10.627406 73
-9.5867586 5.6585045 11.138968 64
-9.6379652 5.1100636 11.782606 57
-9.3239937 6.2224879 9.7803221 55
-9.5736465 5.8949552 10.497788 63
-9.6118755 5.3988853 11.032434 66
-9.6678467 4.8698039 11.714217 56
-9.346756 5.9395704 9.6396151 55
-9.5943108 5.6227565 10.372064 60
-9.662652 5.1622858 10.969257 55
-9.6834059 4.6262069 11.63145 61
-9.3660583 5.6614475 9.5057564 64
-9.5430698 5.3126674 10.172014 69
-9.6764669 4.9069734 10.865391 70
-9.7124424 4.397049 11.575875 47
-9.3981466 5.3974481 9.3930368 59
-9.4621534 4.9958124 9.9473591 67
-9.7109871 4.6687136 10.795735 64
-9.7293224 4.1642528 11.51198 54
-9.4237185 5.1394053 9.2843571 66
-9.4607973 4.736588 9.8253222 63
-9.7341051 4.429739 10.720213 64
-9.7505636 3.9413509 11.459505 57
-9.50138 4.9134946 9.2395248 76
-9.4738808 4.4891329 9.726449 59
-9.7442846 4.1901011 10.635304 56
-9.7688522 3.7173386 11.408866 59
-9.5956383 4.7000141 9.2180262 71
-9.5081711 4.2574878 9.6599836 59
-9.7597218 3.9567733 10.563582 57
-9.0451918 3.2090566 10.420969 25
-9.7003107 4.4913368 9.212697 56
-9.5249195 4.0222521 9.5812426 68
-9.779563 3.7287862 10.503919 61
-9.0305481 2.9991798 10.345875 50
-9.7527342 4.2571425 9.1584873 34
-9.5490122 3.7926383 9.5146437 63
-9.0153904 3.197809 9.5353699 32
-9.0154371 2.793227 10.275825 58
-9.8303556 4.0380464 9.1387424 7
-9.5687933 3.564575 9.4529819 66
-9.0088482 2.9855444 9.4623508 63
-9.0248556 2.5983198 10.242105 47
-9.8926229 3.8126397 9.1077003 3
-8.9941626 3.1146789 8.7565603 74
-9.0305443 2.7887652 9.4288578 63
-9.8866405 2.6557748 11.275182 38
-9.0163841 3.2186799 8.1462297 5
-9.0060806 2.9070706 8.7028809 60
-9.0454264 2.5904064 9.3912611 52
-9.8856964 2.4439976 11.233296 62
-8.9887705 2.9886661 8.0478706 62
-9.0226707 2.7018545 8.6582804 60
-9.7871666 2.603838 10.187353 61
-9.8951683 2.2368898 11.210571 57
-8.9925165 2.7740531 7.9850316 57
-9.0938883 2.5169191 8.6775599 17
-9.7906427 2.3890727 10.144496 73
-9.9256945 2.0365403 11.21718 55
-9.0305815 2.5725491 7.9627442 47
-9.747015 2.493082 9.3091536 70
-9.7916746 2.1777127 10.103623 74
-9.9462748 1.8358003 11.216648 60
-9.8342209 2.5909154 8.6837711 50
-9.7854805 2.2837937 9.2998781 72
-9.8041086 1.9700619 10.079969 71
-9.9714546 1.6371989 11.227223 59
-9.8716221 2.3723855 8.6654434 50
-9.8238678 2.0743415 9.2966022 69
-9.8338585 1.76687 10.080594 61
-9.9877586 1.437839 11.231665 59
-9.8942719 2.1515815 8.6398878 52
-9.8572893 1.8644586 9.2922525 65
-9.833353 1.5590936 10.054708 64
-10.004205 1.2384855 11.238017 53
-10.003659 1.9481218 8.7005386 3
-9.9005785 1.6573663 9.3028612 63
-9.863122 1.3578622 10.06514 68
-10.035358 1.0413558 11.268487 61
-9.9252872 1.4456621 9.3002825 68
-9.8857555 1.1559857 10.072638 73
-10.047449 0.84354746 11.28091 60
-9.9447155 1.2354964 9.2957821 64
-9.9279175 0.95472449 10.10651 66
-10.076034 0.64811796 11.315606 53
-9.9650202 1.0253854 9.2992935 66
-9.9315462 0.75300032 10.103799 64
-9.107132 0.40461773 10.133333 2
-9.991209 0.81436747 9.3139391 68
-9.9685068 0.55210108 10.141646 69
-10.064394 0.25104073 11.318978 10
-10.00153 0.60346127 9.3162794 71
-10.021426 0.34874129 10.201676 68
-10.056293 0.054523937 11.321161 7
-10.012524 0.39348692 9.3247433 69
-10.049463 0.14518234 10.240417 68
-10.086606 -0.14295897 11.376902 4
-10.021821 0.18117724 9.3370066 72
-10.095581 -0.060013134 10.302217 71
-10.091372 -0.3405256 11.406137 2
-10.026175 -0.031143012 9.348217 73
-10.130987 -0.26682693 10.358859 69
-10.029671 -0.24217665 9.363183 68
-10.181695 -0.47697392 10.434525 62
-10.042609 -0.45328277 9.3956728 68
-10.23872 -0.68723583 10.525741 62
-9.0369797 -0.82345593 10.186387 2
-10.040809 -0.66623181 9.4157839 65
-10.240519 -0.89775062 10.55895 66
-10.066768 -0.88188893 9.4713831 67
-10.290112 -1.1145604 10.65088 60
-10.075054 -1.0991265 9.5136309 65
-10.29108 -1.3284169 10.693035 68
-10.096176 -1.3173121 9.5740881 61
-10.319968 -1.546988 10.77163 67
-10.54873 -1.4394664 9.2262278 1
-10.120514 -1.54032 9.6435204 66
-10.394149 -1.7778791 10.90973 59
-10.503459 -1.6693407 9.2285824 6
-10.154122 -1.767512 9.7270784 61
-10.374236 -1.9925277 10.94356 70
-10.475184 -1.9017615 9.2542133 22
-10.181914 -1.9972057 9.8135576 54
-10.390711 -2.2181783 11.024888 68
-8.8060579 -2.0162485 10.220194 3
-10.390446 -2.1229246 9.2310524 52
-10.20285 -2.2284966 9.8979292 59
-10.404322 -2.4462144 11.111134 60
-8.7786055 -2.1886041 10.245026 1
-10.373386 -2.3608379 9.2797213 82
-10.228054 -2.4638746 9.9922323 65
-10.344363 -2.6565702 11.115297 35
-10.366336 -2.6005397 9.3425941 88
-10.219275 -2.6945214 10.057117 51
-9.8569908 -2.7357323 10.620663 8
-10.01328 -2.7398477 9.070775 33
-9.7129431 -2.7705722 9.5902786 34
-9.5400772 -2.8499746 10.326492 14
-9.6312456 -2.8547518 8.7716408 61
-9.6725483 -2.9820144 9.6298351 57
-9.3969536 -3.0128338 10.239714 15
-9.6680937 -3.1028326 8.8941956 59
-9.6424246 -3.1986237 9.6845188 56
-9.1740637 -3.1422527 10.059864 8
-9.7012119 -3.353272 9.0186291 57
-10.560998 -3.7919631 10.801706 67
-9.2497654 -3.3840799 10.244974 1
-8.5774946 -3.2255406 10.43674 2
-10.334291 -3.8571658 9.7719593 59
-10.597835 -4.0672774 10.956134 64
-10.375758 -4.1411424 9.930479 58
-10.613602 -4.3414135 11.097313 65
-10.536348 -4.490366 10.2235 52
-10.621442 -4.6162348 11.235369 42
-10.646377 -4.8302779 10.477742 52
-9.6593685 -4.4109855 10.255912 3
-10.708784 -5.1566715 10.691394 48
-9.5335398 -4.6006289 10.241336 2
-10.148585 -5.1492362 10.234257 2
-9.4187241 -4.7954793 10.245984 1
-10.790122 -5.8196936 11.110012 53
-10.800982 -6.1505594 11.305831 25
-9.6522598 -5.7310276 10.172324 2
-9.0547485 -5.3650007 10.264983 1
-8.9058981 -5.5352578 10.25008 1
-8.8373117 -5.7632918 10.340026 2
-8.8579845 -5.786087 11.222342 4
-10.315894 -6.8463674 14.454997 6
-8.9349852 -6.1210461 10.65804 2
-8.6771164 -5.9211159 11.150127 3
-10.210613 -7.0744734 14.501579 16
-8.820611 -6.3258429 10.708627 3
-8.6138468 -6.1447358 11.249341 65
-10.077892 -7.2798967 14.508757 29
-8.9771309 -6.7941513 10.372875 2
-8.6641779 -6.4992852 10.707456 25
-8.6419621 -6.4513059 11.494411 54
-9.950738 -7.4930067 14.531836 14
-8.6606092 -6.8054352 10.927054 53
-8.648838 -6.751533 11.720196 8
-9.8139744 -7.6987724 14.546883 23
-9.0340767 -7.4686532 11.698913 2
-10.332432 -8.5859394 14.527908 15
-9.6825199 -7.9131198 14.576104 18
-10.297489 -9.0286026 13.810572 13
-10.156199 -8.8051758 14.549531 15
-9.5381861 -8.1167049 14.591176 9
-10.026965 -9.1834555 13.73657 3
-9.9152136 -8.9617949 14.47474 20
-9.3614511 -8.2907867 14.556363 20
-10.815722 -10.580379 14.389223 4
-10.34618 -9.9472494 14.566042 16
-9.6068859 -9.0442791 14.291931 12
-9.2270613 -8.5081272 14.602654 24
-10.645018 -10.905542 14.548545 15
-10.103512 -10.144825 14.561746 16
-9.2879105 -9.1045027 14.092008 10
-9.0692654 -8.7035418 14.614525 20
-10.378958 -11.128622 14.576656 17
-9.8815823 -10.369103 14.599503 12
-8.9624529 -9.1453552 13.875978 10
-8.9039793 -8.892662 14.620269 21
-10.09501 -11.327112 14.583601 16
-9.6276302 -10.551874 14.589957 15
-8.7242355 -9.2804155 13.811862 5
-8.7191925 -9.0603132 14.59681 15
-9.7964897 -11.505754 14.576412 4
-9.3964567 -10.761898 14.625639 14
-8.9854221 -10.02494 14.645669 15
-8.4803476 -9.167161 14.477798 14
-9.5360508 -11.729445 14.634604 16
-9.1509733 -10.955062 14.647178 14
-8.7966003 -10.240353 14.699958 7
-8.2134094 -9.2301292 14.303548 8
-9.2425842 -11.911749 14.647457 12
-8.9175968 -11.164364 14.693795 10
-8.5608044 -10.398585 14.67484 15
-7.8985496 -9.2228518 14.032052 10
-8.6452589 -11.320348 14.681473 14
-8.3476486 -10.584656 14.699009 12
-7.6562977 -9.3037996 13.903934 9
-8.6537304 -12.262528 14.691235 16
-8.3877506 -11.4948 14.700543 11
-8.1246014 -10.761341 14.715075 14
-7.4569898 -9.4364052 13.8654 3
-8.35847 -12.432701 14.722389 9
-8.1244411 -11.662141 14.720173 14
-7.8999672 -10.934962 14.734917 12
-7.6726656 -10.194924 14.729669 11
-8.0625963 -12.604188 14.761393 10
-7.8581638 -11.82395 14.737655 11
-7.6738391 -11.109341 14.758944 12
-7.4842596 -10.376042 14.754229 13
-7.7535825 -12.747651 14.77731 12
-7.6043124 -12.007868 14.791227 10
-7.4444323 -11.281001 14.784928 10
-7.310864 -10.58709 14.821888 5
-7.44279 -12.882239 14.793231 4
-7.3203626 -12.135015 14.781576 6
-7.205945 -11.438364 14.797832 10
-7.0994515 -10.740009 14.811211 10
-7.1402802 -13.036266 14.838192 10
-7.0620756 -12.315331 14.84209 10
-6.9719014 -11.603418 14.826766 9
-6.8812828 -10.883466 14.794467 13
-6.8264627 -13.160098 14.859102 9
-6.7742648 -12.433805 14.838408 7
-6.7278976 -11.756268 14.845596 9
-6.6862693 -11.074272 14.843874 8
-6.525816 -13.314631 14.925229 9
-6.5051723 -12.589466 14.886975 10
-6.4792428 -11.897923 14.859508 6
-6.4711566 -11.233006 14.85726 12
-6.199862 -13.410366 14.932979 7
-6.2293997 -12.738308 14.935174 7
-6.2318354 -12.045379 14.883055 7
-6.2585301 -11.397648 14.881122 10
-5.8646493 -13.473131 14.911381 8
-5.9438081 -12.860051 14.957129 3
-5.9824352 -12.193023 14.914505 6
-5.2312021 -9.7505083 12.57925 5
-5.5560179 -13.604846 14.97711 7
-5.6473713 -12.956758 14.958194 6
-5.7254472 -12.32705 14.935126 6
-5.2385778 -13.704978 15.020073 6
-5.3593121 -13.073869 14.991586 8
-5.4598441 -12.438247 14.933941 7
-4.9066353 -13.759826 15.017143 9
-5.0622392 -13.158924 14.993937 5
-5.1944866 -12.548986 14.939377 6
-5.3591156 -12.013745 14.966008 7
-4.5821886 -13.828707 15.039797 5
-4.7648439 -13.249477 15.010941 5
-4.9274273 -12.665849 14.955868 7
-5.11868 -12.14717 14.97296 8
-4.2643213 -13.924788 15.101863 6
-4.4666681 -13.333613 15.02941 3
-4.6705251 -12.81677 15.020679 4
-4.8826256 -12.302212 15.011057 6
-3.931473 -13.952729 15.096976 8
-4.1775718 -13.448305 15.088757 5
-4.4050989 -12.947481 15.068241 4
-4.636744 -12.432175 15.023847 5
-3.6066718 -14.011385 15.135874 6
-3.8764083 -13.520891 15.10595 7
-4.1248555 -13.025187 15.059726 7
-3.2883201 -14.091648 15.204781 6
-3.5691905 -13.566852 15.104157 7
-3.8538241 -13.149433 15.109166 7
-2.9572434 -14.093518 15.198826 6
-3.2708828 -13.640246 15.137411 5
-3.5697136 -13.217458 15.10265 5
-3.8753359 -12.789007 15.051015 6
-2.632678 -14.132093 15.239828 6
-2.9674449 -13.700024 15.165642 4
-3.2920375 -13.321185 15.142089 6
-3.6194072 -12.922948 15.088655 6
-2.3016543 -14.095745 15.209033 5
-2.6622856 -13.750905 15.189882 5
-3.0041087 -13.394613 15.153496 3
-3.3580468 -13.052347 15.127233 6
-1.9787383 -14.133222 15.267067 5
-2.3553026 -13.777804 15.196194 6
-2.7186716 -13.476912 15.183904 5
-3.0995724 -13.209708 15.202735 6
-1.6543651 -14.09534 15.25236 6
-2.0495524 -13.824516 15.232697 5
-2.4298358 -13.542017 15.199766 5
-2.8207815 -13.279846 15.181724 4
-1.3316792 -14.098228 15.287963 5
-1.7452096 -13.864184 15.267145 6
-2.1455712 -13.671582 15.293965 4
-2.5455513 -13.370248 15.191195 6
-1.0107609 -14.078266 15.308188 9
-1.4386046 -13.8952 15.299372 3
-1.8496411 -13.688452 15.269398 5
-2.2718422 -13.509897 15.261477 5
-0.69231367 -14.043972 15.320537 9
-1.1315029 -13.898046 15.307738 7
-1.5548935 -13.757558 15.308681 5
-1.9859565 -13.567026 15.243937 5
-0.37503171 -14.041815 15.374776 5
-0.82527655 -13.886743 15.309175 7
-1.2567347 -13.751465 15.272213 4
-1.7024118 -13.673235 15.289328 5
-0.05851116 -14.009247 15.404339 4
-0.51670265 -13.885488 15.327823 6
-0.9580251 -13.809558 15.314864 5
-1.4115531 -13.733532 15.291088 5
-0.20847836 -13.919383 15.394439 5
-0.65834647 -13.826464 15.316669 4
-1.118412 -13.819215 15.324717 5
0.095535271 -13.87238 15.379436 4
-0.35831535 -13.840408 15.324482 5
-0.82384616 -13.857805 15.313413 5
0.86805028 -13.777417 15.393295 5
0.40440068 -13.900571 15.452781 4
-0.054577991 -13.903349 15.391667 4
-0.52388561 -13.936402 15.353588 5
1.1697592 -13.694653 15.394476 7
0.70188481 -13.796179 15.382096 5
-0.22241668 -13.998283 15.378173 6
1.4624203 -13.567592 15.355627 5
1.0042663 -13.749397 15.387776 6
0.085498475 -14.094713 15.449187 5
1.7605159 -13.493394 15.383487 5
1.3030993 -13.697286 15.393531 7
0.85177058 -13.861484 15.377645 5
0.38676098 -14.045585 15.368884 5
2.0519156 -13.387411 15.382574 6
1.5981667 -13.614656 15.372461 8
1.1559918 -13.853047 15.395127 5
0.6914432 -14.049147 15.354297 6
2.3360004 -13.260336 15.365186 5
1.8866177 -13.515017 15.338905 3
1.4563504 -13.802656 15.372209 7
1.0062062 -14.09756 15.394781 7
2.618072 -13.146527 15.367409 8
2.1754479 -13.423832 15.32193 5
1.7513436 -13.738126 15.340039 5
1.3145945 -14.088473 15.380179 9
2.8890908 -12.999621 15.335956 8
2.4688635 -13.363361 15.345784 7
2.0541201 -13.710519 15.3566 7
1.6255932 -14.07857 15.373538 8
3.1623044 -12.871988 15.335365 9
2.7511592 -13.253516 15.318983 7
2.3520114 -13.655297 15.349342 8
1.9361049 -14.062599 15.365929 5
3.4310462 -12.737938 15.333871 6
3.0376725 -13.171212 15.33206 7
2.6515706 -13.592067 15.341236 5
2.2486215 -14.033533 15.351588 8
3.6891131 -12.584558 15.314922 10
3.3228941 -13.079479 15.341505 9
2.9484451 -13.52541 15.337414 9
2.5646102 -14.013745 15.356298 9
3.9480479 -12.434259 15.304982 8
3.5928311 -12.949162 15.312326 6
3.2470713 -13.463964 15.346539 9
2.8750188 -13.961275 15.334219 10
4.2045197 -12.291818 15.310041 12
3.8706026 -12.83773 15.312904 11
3.5368338 -13.372675 15.326771 6
3.1928303 -13.933842 15.346687 10
4.444241 -12.116964 15.279176 13
4.1342435 -12.700148 15.28549 10
3.8297985 -13.280784 15.31586 10
3.496479 -13.849533 15.303012 10
4.6880498 -11.955194 15.273732 11
4.4003506 -12.569269 15.275789 12
4.1173453 -13.179805 15.301806 9
3.810214 -13.784111 15.290218 13
4.9210773 -11.777314 15.250475 11
4.6690912 -12.447963 15.283601 11
4.4093504 -13.090803 15.306953 10
4.1247745 -13.723326 15.288717 10
5.1306524 -11.562604 15.183144 4
4.9256811 -12.30074 15.263304 12
4.6934786 -12.973098 15.287128 13
4.4423857 -13.663839 15.297163 13
4.9838424 -10.703053 14.262733 3
5.1890445 -12.171243 15.273956 10
4.9711032 -12.84677 15.263549 4
4.7463002 -13.556958 15.261965 14
5.2080054 -10.566228 14.292862 7
5.4353499 -12.010772 15.249265 13
5.2653871 -12.754886 15.288881 13
5.0628262 -13.482956 15.271021 15
5.509263 -10.554729 14.502786 10
5.6873879 -11.861197 15.247046 11
5.541862 -12.62242 15.273248 12
5.3729749 -13.381622 15.259717 17
5.874145 -10.635713 14.852134 9
5.9466991 -11.726308 15.268773 11
5.8119521 -12.476809 15.249652 13
5.6894488 -13.295308 15.273278 11
6.1950512 -10.631805 15.099139 11
5.7110319 -10.778869 14.228713 3
6.0887032 -12.342447 15.247042 14
5.9842548 -13.154397 15.232421 17
6.4530139 -10.525203 15.207716 16
5.9705706 -10.682346 14.301222 9
6.3591785 -12.198489 15.238564 13
6.3013415 -13.055745 15.24907 18
6.6718488 -10.358754 15.238103 11
6.2845039 -10.66014 14.482636 8
6.6118789 -12.940538 15.254606 6
6.8748794 -10.176926 15.249523 6
6.6194801 -10.659059 14.702369 10
6.9030981 -12.786322 15.223719 16
7.0431228 -9.9512672 15.197913 20
7.0153637 -10.730101 15.033574 13
7.1654153 -11.745553 15.230335 13
7.1847963 -12.615272 15.178754 17
7.2187977 -9.7390785 15.174873 22
7.3073473 -10.639045 15.158134 17
6.9075298 -10.853628 14.274175 5
6.3144403 -10.716093 13.048474 10
7.4120054 -9.5541277 15.193838 16
7.5456886 -10.48033 15.191149 15
7.2186909 -10.783836 14.391755 10
7.7914476 -12.32784 15.189119 15
7.5827641 -9.3452015 15.181058 18
7.7583923 -10.286135 15.182683 16
7.594923 -10.791238 14.623249 10
8.1048517 -12.191662 15.217118 7
7.7476544 -9.1306505 15.164631 23
7.9622436 -10.086133 15.167496 16
7.9965754 -10.813121 14.891113 14
8.3881464 -12.011345 15.199986 19
7.9158568 -8.9262552 15.165251 17
8.158699 -9.8760414 15.146838 16
8.3819351 -10.79598 15.119835 17
8.6673565 -11.82396 15.182502 18
8.0654154 -8.7053537 15.140846 22
8.3358488 -9.6474972 15.100991 5
8.6583881 -10.642545 15.172314 18
8.3943615 -10.97351 14.314867 12
8.2181749 -8.4912443 15.132228 21
8.5724592 -9.4840336 15.163027 14
8.8989143 -10.44723 15.174358 17
8.7678642 -10.915771 14.475401 13
8.3587484 -8.2696314 15.111997 13
8.7463455 -9.2582827 15.131311 17
9.1232109 -10.232962 15.156844 20
9.2860537 -11.001295 14.843353 16
8.5070105 -8.0547562 15.107624 5
8.9280787 -9.0372753 15.114462 18
9.3373623 -10.006739 15.129528 20
9.6579762 -10.906796 14.989176 9
8.6781368 -7.8631372 15.149699 14
9.1183453 -8.8282232 15.120161 16
9.5687876 -9.7972689 15.132593 18
10.023374 -10.795738 15.123817 20
8.7899532 -7.6239629 15.104694 21
9.3028831 -8.6145639 15.125104 18
9.7470217 -9.5407209 15.07079 10
10.281014 -10.569357 15.110736 20
8.926321 -7.4080405 15.103502 18
9.4470673 -8.3700953 15.077901 18
10.032696 -9.3792963 15.166152 10
10.536023 -10.338752 15.102805 19
9.0606861 -7.1930432 15.109321 22
9.6386318 -8.161088 15.10377 14
10.203368 -9.1146841 15.10633 17
10.751349 -10.069981 15.048323 10
9.1803637 -6.9681497 15.09722 17
9.7710886 -7.9080491 15.053697 16
10.410776 -8.8785706 15.103333 18
11.038569 -9.8599472 15.093082 14
9.2955408 -6.7410326 15.084437 20
9.9204512 -7.6689568 15.035273 12
10.60695 -8.634675 15.093036 18
11.26919 -9.6000748 15.073142 20
9.4084873 -6.5160394 15.078472 20
10.12793 -7.471477 15.104221 7
10.78374 -8.3780384 15.067945 14
11.519684 -9.356019 15.088073 21
9.5246115 -6.2953196 15.084004 24
10.266291 -7.2275705 15.085216 12
10.950085 -8.1124554 15.034471 9
11.728241 -9.079073 15.056996 19
9.6373892 -6.0753202 15.08814 19
10.41555 -6.9916816 15.085859 13
11.192556 -7.9019747 15.104622 11
11.882163 -8.7630568 14.969869 4
9.7288599 -5.8423491 15.068639 17
10.530874 -6.7356615 15.050086 17
11.38161 -7.6495986 15.112691 14
12.0268 -8.4436626 14.88061 4
9.8294077 -5.617003 15.066014 20
10.672863 -6.4939928 15.053962 18
11.50854 -7.3612361 15.052844 15
12.181482 -8.1322451 14.815377 16
9.3049021 -5.0790768 14.199797 3
10.80777 -6.2510767 15.055501 18
11.694974 -7.1059651 15.071606 16
12.412065 -7.8649921 14.84061 20
9.489336 -4.9115872 14.33636 11
10.926013 -5.9990249 15.043432 16
11.845465 -6.8284702 15.054249 15
12.569744 -7.5577598 14.795372 54
10.028055 -4.8993196 14.958394 15
11.029855 -5.7370834 15.017935 16
11.989057 -6.5499306 15.038212 13
12.68008 -7.2218876 14.706053 59
10.164864 -4.6952772 15.029554 11
10.465151 -5.1744413 14.164821 5
12.085649 -6.24611 14.972077 10
12.7178 -6.8574629 14.551505 60
10.236969 -4.4666162 15.022503 11
10.786773 -5.0309629 14.434802 12
12.213728 -5.9648843 14.954559 6
12.674719 -6.4580584 14.321639 67
10.293013 -4.2256107 14.991955 9
11.312028 -4.9530697 14.950555 9
12.322433 -5.6657948 14.920389 5
12.630486 -6.0603414 14.101215 76
10.374041 -3.9969201 15.002985 12
11.448617 -4.7101326 14.991108 8
11.962594 -5.1829824 14.370524 18
12.112652 -5.479435 13.406897 72
10.437892 -3.765744 14.995375 10
11.600239 -4.4683752 15.054841 11
12.442285 -5.0407014 14.764574 13
12.151188 -5.1484323 13.298123 80
10.521125 -3.5403771 15.016314 15
11.690116 -4.204432 15.043939 10
12.589937 -4.7630525 14.788714 15
12.699566 -5.0154796 13.712602 24
10.611691 -3.3159018 15.049945 14
11.766589 -3.9387403 15.029485 13
12.741245 -4.4853196 14.831378 18
12.784945 -4.7008238 13.667836 73
10.650793 -3.0809114 15.027144 13
11.828884 -3.6683762 15.005515 16
12.813713 -4.1831031 14.794004 19
12.835083 -4.375977 13.596682 75
10.674975 -2.8418574 14.987152 12
11.909043 -3.4032445 15.008853 15
12.877028 -3.8751781 14.755426 35
12.8908 -4.0521684 13.537683 78
10.758884 -2.6170912 15.029481 14
11.946869 -3.1281126 14.967957 17
12.948197 -3.5721159 14.731579 33
12.948838 -3.7302258 13.490561 89
10.788126 -2.3801436 15.006354 15
12.029531 -2.861613 14.986095 16
12.999993 -3.2677855 14.697272 44
13.010242 -3.4139643 13.457908 80
10.824127 -2.147347 15.001341 13
12.070684 -2.5877545 14.966171 16
13.044628 -2.9540169 14.662487 52
13.05582 -3.090847 13.417638 90
10.866642 -1.9133983 15.008577 15
12.130564 -2.3185127 14.974513 16
13.101275 -2.649853 14.652171 51
13.106003 -2.7685931 13.390379 93
10.917356 -1.6816069 15.032127 13
12.157395 -2.0424533 14.950418 15
13.127863 -2.3398433 14.613117 57
13.141372 -2.4495168 13.356334 97
10.859894 -1.4355447 14.918939 19
12.207477 -1.7710024 14.956659 14
13.166513 -2.0342052 14.595661 54
13.194325 -2.1310916 13.346704 79
10.825511 -1.1965629 14.84134 47
12.266916 -1.5002797 14.980675 20
13.177447 -1.7218304 14.555523 64
13.232601 -1.8090487 13.329137 92
10.835925 -0.96348959 14.827935 133
12.291037 -1.2253727 14.970255 16
13.240632 -1.4183434 14.578785 64
13.26932 -1.4912546 13.321072 88
10.886555 -0.73541492 14.867511 38
12.33397 -0.95470482 14.990306 32
13.263983 -1.1139252 14.569299 74
13.286172 -1.1696717 13.302444 103
10.963372 -0.50521702 14.947369 31
12.315863 -0.67557001 14.944546 24
13.278455 -0.8026188 14.554914 52
13.328967 -0.84905154 13.313713 92
10.987799 -0.2708635 14.961499 15
12.317974 -0.39922345 14.927439 16
13.313714 -0.49327415 14.570726 57
13.365062 -0.52592242 13.327865 100
10.98736 -0.036025185 14.952921 17
12.366401 -0.12460335 14.971114 12
13.331741 -0.18469951 14.575798 58
13.376489 -0.20363809 13.32585 91
10.996354 0.20015204 14.957615 16
12.344331 0.15166944 14.940352 9
13.360958 0.12715754 14.599277 58
13.4044 0.1204684 13.347795 89
11.017497 0.43650472 14.983389 14
12.30932 0.43027258 14.901614 10
12.640611 0.41841224 13.862666 17
12.740285 0.4255988 12.727874 73
11.009429 0.67100751 14.96952 13
12.240729 0.69935066 14.822021 13
12.595901 0.70852143 13.818226 14
12.165048 0.7063995 12.19667 66
10.747695 0.89431727 14.67019 11
11.619021 0.9374097 14.155565 10
12.686634 1.0201824 13.950597 49
12.779944 1.0579184 12.80876 9
10.281094 1.0830301 14.093809 8
12.32711 1.2734292 14.972911 13
13.377165 1.3910588 14.682021 32
13.434989 1.441366 13.449641 77
10.965328 1.3901111 14.975161 13
12.303717 1.551572 14.972383 11
13.410694 1.7123405 14.74822 17
13.451756 1.7713434 13.501781 71
10.894133 1.6182091 14.906934 11
12.276198 1.8268399 14.970293 14
13.337547 2.0191915 14.709384 10
13.456901 2.1055946 13.548332 77
10.884607 1.8568819 14.919604 9
12.201176 2.0964701 14.920935 13
13.278168 2.3262408 14.68702 9
13.498109 2.4465725 13.632732 65
10.857909 2.090827 14.910469 11
12.151612 2.3693323 14.90207 13
13.215602 2.6333718 14.675204 7
13.535501 2.7915745 13.728983 64
10.848119 2.3282037 14.936621 14
12.080921 2.6371315 14.873751 11
13.197703 2.9517808 14.722378 8
13.561915 3.1407001 13.826918 76
10.812277 2.5640526 14.933657 21
12.019124 2.9087543 14.861064 11
13.18971 3.2757289 14.784118 7
13.636137 3.5044227 13.976277 67
10.778216 2.8013523 14.935707 22
11.959928 3.1813493 14.855518 13
13.145889 3.5910063 14.815379 9
13.784595 3.8975077 14.208387 63
10.72243 3.0338664 14.918242 15
11.908459 3.4523981 14.863831 16
13.085064 3.9022171 14.835912 12
13.847365 4.2720017 14.3686 74
10.679413 3.2660272 14.920401 16
11.862957 3.7274029 14.891571 15
13.011932 4.2122402 14.856692 16
13.865693 4.646708 14.499954 65
10.614851 3.4998603 14.902799 25
11.790099 3.9987249 14.894248 13
12.902614 4.5124288 14.848041 18
13.836655 5.0103178 14.596606 50
10.56018 3.7347565 14.905745 19
11.683792 4.2595129 14.865398 18
12.800717 4.815815 14.852067 17
13.741098 5.3539925 14.633398 17
10.505773 3.9723334 14.912748 17
11.599936 4.5266938 14.867764 12
12.689699 5.116497 14.854987 14
13.599254 5.6814833 14.632905 10
10.452664 4.2106948 14.924523 19
11.549085 4.806973 14.914641 13
12.595496 5.4207888 14.882579 11
13.463867 6.0105968 14.647174 11
10.363669 4.4354854 14.894647 18
11.401933 5.0500035 14.853747 10
12.39115 5.6808887 14.794689 11
13.005138 6.1912918 14.335343 17
10.316318 4.6755109 14.927012 23
11.28128 5.297452 14.828776 11
12.288037 5.9766235 14.8282 16
12.928405 6.5344443 14.426871 32
10.228998 4.8999534 14.910294 19
11.189215 5.5636549 14.847725 15
12.021099 6.2005706 14.68197 14
12.140351 6.5297065 13.771985 23
10.155218 5.1349754 14.916565 20
11.07525 5.8202991 14.843487 17
11.676297 6.3795886 14.451332 15
11.504278 6.5692806 13.271769 50
10.09009 5.3768158 14.943598 17
10.973567 6.0851078 14.864562 16
11.542136 6.6603379 14.469854 25
11.064485 6.6920872 12.982204 43
9.9958754 5.6070271 14.935916 11
10.773033 6.2978406 14.767409 14
10.880974 6.6450176 13.872749 16
10.514331 6.7288513 12.565418 36
9.8511829 5.8103576 14.864667 7
10.415668 6.4177999 14.473198 15
10.315303 6.6552849 13.38182 29
10.007875 6.7725372 12.196512 46
9.7678356 6.0460558 14.87893 14
10.473758 6.7676883 14.707493 18
9.9335976 6.7473836 13.095895 63
8.4461155 6.0938244 10.60754 49
9.6825724 6.2788024 14.895002 21
10.028071 6.8170142 14.301195 25
8.4414196 6.1068158 11.453113 41
8.0771942 6.1486945 10.360706 57
9.4486256 6.443151 14.743374 15
8.4552336 6.1266046 12.42302 19
8.0440273 6.142663 11.156896 55
8.0818024 6.4690657 10.575509 60
8.4872437 6.110826 13.510797 3
8.0869045 6.1651978 12.091519 38
8.0563803 6.448966 11.352332 70
8.1142702 6.8137145 10.812346 57
8.1442022 6.1564589 13.161776 43
8.0178404 6.4014955 12.169537 51
8.0894051 6.7806654 11.589917 56
7.8942661 6.9680409 10.759641 53
7.9944396 6.3221874 13.095465 29
8.0507689 6.7173133 12.397648 51
7.9180279 6.960691 11.570156 59
7.4876451 6.9617929 10.471329 46
8.0321903 6.6285729 13.314887 38
8.0000811 6.9755216 12.512322 58
7.5711007 6.9907932 11.314523 54
7.0847197 6.9375296 10.177688 56
8.0095739 6.8951435 13.447491 48
7.6598864 7.0067062 12.229104 45
7.2381077 7.0199609 11.078749 54
6.7586107 6.9628305 9.9822397 50
7.7070427 6.9450803 13.170182 62
7.3323746 7.0358005 11.966356 46
6.9132466 7.0451703 10.854568 63
6.4696445 7.0113239 9.8319941 52
7.4549451 7.0289688 12.969037 44
7.0038152 7.0504684 11.693993 57
6.598979 7.0673938 10.640236 52
6.2002831 7.0696092 9.7056589 67
7.14676 7.0580821 12.678749 40
6.7076535 7.081305 11.463583 52
6.2678032 7.0580993 10.394279 63
5.9442639 7.1314631 9.5975208 74
6.8533559 7.0872126 12.409319 44
6.4160552 7.1082163 11.242021 60
5.9463286 7.0456872 10.158989 60
5.6950636 7.1893463 9.4972992 54
6.5673275 7.1134119 12.153821 45
6.1364822 7.1333332 11.037668 59
5.6768832 7.0739594 10.000846 56
5.3982091 7.1892362 9.3296633 62
6.2852154 7.1361055 11.904986 42
5.8624887 7.1577067 10.840566 62
5.4319992 7.1205578 9.8782253 61
5.139142 7.2193108 9.2138681 52
6.0040722 7.1456547 11.652184 40
5.5983601 7.1786518 10.654754 62
5.1814189 7.1471868 9.7380409 71
4.8878031 7.2457623 9.1019278 57
5.7422481 7.1670785 11.428617 45
5.311286 7.1631598 10.425217 63
4.9590211 7.2029901 9.6457796 77
4.6375823 7.2629089 8.9889526 61
5.4945168 7.1942334 11.22763 43
5.0426064 7.1580796 10.221405 59
4.745029 7.2611127 9.5643415 81
4.3969803 7.2842979 8.8897657 57
5.251514 7.2170954 11.031446 51
4.8005123 7.1737318 10.060205 56
4.512712 7.2876883 9.4511528 66
4.1685486 7.3119264 8.8069706 58
5.0130811 7.2380042 10.845218 48
4.5851245 7.2120485 9.9451103 56
4.2781286 7.2992916 9.3315916 63
3.9433908 7.3330574 8.7280588 60
4.7781868 7.2516479 10.658818 52
4.3608837 7.2345605 9.8108749 62
4.0519342 7.3176641 9.2236729 62
3.7253637 7.3580394 8.6556702 61
4.532351 7.2454052 10.450699 49
4.1474862 7.2633157 9.6945 65
3.8346281 7.3384643 9.1266298 65
3.5107055 7.3843918 8.5918121 59
4.2872658 7.2304935 10.240372 52
3.946399 7.3053036 9.6028767 72
3.6269777 7.3689775 9.0500174 65
3.2935133 7.3946834 8.5192356 63
4.0666046 7.2393351 10.074808 52
3.761061 7.3650503 9.5409012 73
3.4178019 7.3888321 8.9651308 69
2.6842341 6.6599755 7.6004653 59
3.875524 7.2859368 9.9696684 46
3.5499511 7.382237 9.4290733 60
2.7929754 6.6474342 7.9749775 1
2.5018632 6.6790705 7.5568542 63
3.6784842 7.3145461 9.8449688 53
3.3457394 7.391973 9.3148308 61
2.6229482 6.6776581 7.9265504 66
2.3231876 6.6892447 7.5081205 62
3.4757361 7.3281951 9.7103729 53
2.7186639 6.6197214 8.235383 15
2.4427042 6.6883221 7.8598018 64
2.1982985 6.8210692 7.6000309 33
3.2700622 7.3573003 9.6037846 73
2.5586901 6.6867604 8.2234221 64
2.2585149 6.7032228 7.8073058 62
2.2201886 7.3312163 8.1193428 38
2.6823561 6.6391497 8.5358105 34
2.3847017 6.7045555 8.1442966 58
2.2014115 6.9860692 8.0606241 35
2.0988097 7.5177102 8.2719822 65
2.5260723 6.6877255 8.4784994 60
2.2159946 6.7247162 8.080452 52
2.2224116 7.4777951 8.5602722 56
1.9142903 7.5439591 8.2578697 62
2.3540952 6.6979418 8.3790359 60
2.1961057 7.083168 8.4236746 36
2.0470171 7.5216527 8.5453815 72
1.7270781 7.5555043 8.2322168 66
2.2060621 6.7572494 8.3439245 42
2.1897752 7.5058961 8.8375969 65
1.8702297 7.5487185 8.5156879 68
1.5467528 7.5756989 8.2198324 60
2.1950324 7.1310048 8.6972818 22
2.0120411 7.5322757 8.7886143 65
1.6889356 7.5680814 8.4860153 65
1.3622556 7.5830755 8.201417 65
2.1730533 7.5255198 9.0729666 60
1.8279464 7.5445614 8.7284126 56
1.5051138 7.5747204 8.4453974 64
1.1840614 7.6066127 8.2054005 56
1.9915402 7.5368042 8.9856434 61
1.6495672 7.562573 8.6780329 61
1.3296376 7.5983748 8.4279661 67
1.006736 7.6264319 8.2066708 52
1.8092299 7.5482311 8.9008064 57
1.4753367 7.5891805 8.6411762 60
1.153779 7.6169357 8.4093084 56
0.82926106 7.6378756 8.2064695 56
1.6321025 7.5617847 8.8276653 57
1.3001298 7.6066236 8.6009712 56
0.97793835 7.6310787 8.3913984 64
0.65700418 7.6692147 8.2333174 60
1.4591494 7.5835214 8.7692404 56
1.124449 7.6182318 8.5600529 53
0.80490226 7.6566544 8.3912878 61
0.47849953 7.6815829 8.2445831 48
1.2808723 7.5988097 8.7078161 58
0.95077127 7.6381979 8.5334845 58
0.62968928 7.6727972 8.3859558 62
0.30268335 7.6869831 8.2509384 52
1.1092241 7.6253114 8.663002 59
0.77759266 7.6527686 8.5024815 56
0.45683679 7.6912694 8.384634 53
0.12869012 7.7113094 8.2828331 47
0.93559587 7.6375642 8.6070261 57
0.60715002 7.6797514 8.4903116 57
0.28422478 7.7033658 8.3814421 57
-0.045198403 7.7264633 8.3086777 53
0.7609275 7.6469541 8.552844 54
0.43420416 7.6919436 8.4661055 54
0.11377433 7.7353115 8.4052687 54
-0.21667328 7.7544403 8.3534994 47
0.59118086 7.6739697 8.5226107 53
0.26204234 7.7110944 8.4538879 53
-0.059209224 7.7412357 8.4052601 58
-0.38918719 7.7769752 8.3979492 50
0.42055249 7.6941004 8.4904232 53
0.09117987 7.7218738 8.439065 51
-0.22976331 7.7588811 8.4246101 53
-0.56270719 7.7931628 8.4419374 56
0.24956709 7.7096939 8.4587564 55
-0.0764485 7.7467709 8.4417286 52
-0.40078872 7.7766442 8.4436502 57
-0.73572487 7.8071871 8.482913 52
0.07850343 7.7237244 8.4246807 51
-0.24723274 7.7625322 8.4378214 53
-0.57255489 7.7931519 8.4669647 57
-0.91107333 7.8358569 8.5463543 49
-0.092183441 7.7438726 8.4042292 54
-0.42039207 7.7737603 8.4334583 60
-0.74640357 7.8114066 8.4946871 54
-1.0865824 7.8511982 8.600153 49
-0.26371449 7.7600555 8.383976 53
-0.5928008 7.7860909 8.4351139 53
-0.9201895 7.8339643 8.5343113 57
-1.2630754 7.8642559 8.6545019 55
-0.4361245 7.7747469 8.3664007 45
-0.76419371 7.8205037 8.4636803 52
-1.0952593 7.8524451 8.5718899 51
-1.439122 7.8817039 8.71978 55
-0.60736448 7.7882185 8.34869 50
-0.9358381 7.8337307 8.4731426 53
-1.2661295 7.8736458 8.6175442 52
-1.615247 7.9093451 8.8020897 55
-0.77863079 7.8114281 8.349287 47
-1.1087806 7.8435578 8.4845152 52
-1.4434922 7.8950758 8.6659002 59
-1.7945944 7.9277763 8.8785353 55
-0.95433879 7.8374972 8.3571663 55
-1.2856077 7.8705492 8.5194235 55
-1.6215093 7.9143233 8.7206841 55
-1.9761173 7.9382091 8.9513988 54
-1.1304867 7.8555517 8.3596697 48
-1.4616275 7.8814864 8.5400162 54
-1.800245 7.927043 8.7715578 54
-2.1603827 7.960361 9.0434017 51
-1.3070395 7.8680577 8.3626375 48
-1.6423306 7.9081521 8.5842752 54
-1.9817038 7.9426732 8.8298073 55
-2.3459306 7.9822941 9.1406641 55
-1.4877659 7.8929405 8.3816357 52
-1.8227051 7.9264064 8.6239271 56
-2.1649358 7.9547768 8.89289 60
-2.5344207 8.0037289 9.2449894 54
-1.6671362 7.9068155 8.3977613 55
-2.0042734 7.9400601 8.6632738 56
-2.3519886 7.9749069 8.9677267 58
-2.7256658 8.0171728 9.345767 62
-1.8512777 7.9141049 8.4093409 58
-2.1899874 7.9553394 8.7099428 60
-2.5429347 8.0089617 9.061492 59
-2.9099615 8.0046062 9.419034 76
-2.037771 7.9489388 8.4526615 52
-2.3782907 7.9794893 8.7679138 60
-2.7320023 8.0220499 9.1365862 62
-3.091733 7.978806 9.4811344 65
-2.2253149 7.9666896 8.4823036 59
-2.5689704 8.002327 8.8299017 59
-2.9281182 8.0452957 9.2296591 71
-3.246587 7.8572688 9.4348326 27
-2.414695 7.9845085 8.5180941 57
-2.7610159 8.0193186 8.8917446 59
-3.1252172 8.0676088 9.3277369 78
-3.27424 7.3629785 8.9393139 30
-2.6103797 8.0107651 8.5682812 56
-2.9592221 8.04669 8.970005 58
-3.2337689 7.7855277 9.0774307 30
-3.4325211 7.2971983 8.9618683 53
-2.8079243 8.03057 8.6179543 61
-3.1573329 8.0564137 9.0366669 57
-3.2758317 7.3360472 8.629714 40
-3.6237404 7.3225365 9.1032286 52
-3.0079582 8.0511274 8.6712542 57
-3.2317858 7.659328 8.6483202 29
-3.4447503 7.2998319 8.6692266 64
-3.7960398 7.285748 9.1727152 32
-3.1993968 8.0313206 8.6880293 42
-3.2988796 7.2971826 8.2967339 47
-3.6377013 7.3270159 8.7872849 60
-4.3686337 8.1818695 10.436378 49
-3.239449 7.5240784 8.1796961 26
-3.4784939 7.2878332 8.3506069 63
-3.8116899 7.2910762 8.8379622 16
-4.5935831 8.2053642 10.611099 56
-3.3429928 7.269794 7.9473386 55
-3.6792438 7.3218155 8.4587307 60
-4.362051 8.1225471 9.9559183 59
-4.8312249 8.2442436 10.814074 53
-3.5391512 7.2937818 8.0239391 54
-4.1917677 8.099246 9.4415426 59
-4.6127496 8.1981573 10.167656 58
-5.0722032 8.2721586 11.013239 48
-3.7391982 7.3169012 8.1048536 56
-4.4195452 8.1296854 9.5669355 56
-4.8774061 8.2850895 10.403158 51
-5.3112078 8.2870836 11.205248 52
-4.3110352 8.2034502 9.1566067 55
-4.6588612 8.1623917 9.7048149 54
-5.1035619 8.2739754 10.525455 61
-5.571383 8.3254805 11.4379 44
-4.5518675 8.2388124 9.2707167 61
-4.8954144 8.1784582 9.8295984 53
-5.3572226 8.3054733 10.707345 67
-5.8327374 8.3530865 11.666173 40
-4.7838469 8.2366505 9.3519831 71
-5.1386862 8.1993046 9.9684992 57
-5.6142254 8.3305111 10.893595 62
-6.1073346 8.3917456 11.922714 40
-5.0050678 8.2099323 9.4113712 63
-5.4237752 8.2832346 10.192353 67
-5.8854108 8.3690462 11.107077 61
-6.3906684 8.4290915 12.192506 47
-5.2331214 8.1846285 9.4789639 53
-5.7073994 8.3429012 10.398148 63
-6.1594987 8.3998108 11.318611 56
-6.6761394 8.4576788 12.45835 48
-5.5045981 8.2281075 9.6377821 52
-5.9742579 8.3599024 10.561712 58
-6.4527636 8.4395409 11.557993 48
-6.9580703 8.4676275 12.71006 55
-5.7755032 8.2553101 9.7833796 47
-6.267478 8.4070559 10.771672 66
-6.7477345 8.4703321 11.795422 51
-7.226202 8.4417744 12.928312 35
-6.0685387 8.3081608 9.9655638 46
-6.5644679 8.4476509 10.981323 56
-7.0597377 8.5176458 12.064614 53
-7.5493755 8.4916344 13.261464 28
-6.4037409 8.4020586 10.215848 51
-6.8709168 8.4758682 11.196018 52
-7.3898187 8.56283 12.353601 61
-7.9758806 8.638114 13.778189 24
-6.7285585 8.4589119 10.433641 47
-7.1910725 8.5131588 11.433643 65
-7.7131362 8.584281 12.623034 72
-8.2871637 8.6294403 14.068449 32
-7.0443506 8.4868097 10.629099 50
-7.5343361 8.5613766 11.701509 40
-7.9996262 8.5500641 12.824158 46
-8.3275146 8.3078566 13.853453 27
-7.3928776 8.5427198 10.870957 49
-7.884213 8.6012201 11.971404 40
-8.3913069 8.6215734 13.201691 36
-8.6095915 8.2547903 14.089907 14
-7.7575374 8.5934448 11.125251 51
-8.2688265 8.6609449 12.288433 50
-8.5646791 8.435482 13.196321 43
-8.7666826 8.0650463 14.103694 5
-8.1437197 8.6509285 11.400981 44
-8.5218525 8.5524063 12.380223 52
-8.5780153 8.0814762 12.929577 44
-8.9057188 7.8591447 14.091013 4
-8.4841194 8.6382227 11.60321 67
-8.5495338 8.2023249 12.125879 53
-8.8677301 8.0208492 13.135435 22
-8.9781914 7.5963945 13.976954 13
-8.5178757 8.2793474 11.346743 52
-8.7093916 7.9998207 12.090063 46
-9.2181454 8.0091362 13.439317 39
-9.0579176 7.3465581 13.885607 7
-8.5981436 7.9825163 11.174104 43
-9.1696815 8.0888596 12.512635 52
-9.209053 7.6522813 13.169665 41
-9.3197117 7.2586417 14.10568 10
-9.0268936 8.0366211 11.502948 36
-9.3857965 7.9279261 12.563609 84
-9.2237415 7.3294563 12.951249 52
-9.4438896 7.0506225 14.100991 27
-9.352397 7.972744 11.684316 65
-9.3938093 7.5807943 12.32299 64
-9.2630987 7.042429 12.791535 65
-9.5010471 6.7911963 13.997577 33
-9.3794441 7.6327324 11.465084 58
-9.4343615 7.274899 12.143911 70
-9.3883047 6.8319464 12.768843 76
-9.5126219 6.5066943 13.830859 43
-9.4021168 7.2988729 11.252484 62
-9.4542065 6.9598427 11.947297 75
-9.4849157 6.6007099 12.710681 77
-9.3769236 6.1239281 13.442513 31
-9.4330435 6.983891 11.065953 62
-9.4831152 6.6644144 11.778845 69
-9.5472317 6.3469458 12.610934 84
-9.3692026 5.8471456 13.27051 38
-9.4614468 6.675992 10.889312 61
-9.5061007 6.3703794 11.611081 78
-9.5670853 6.0720553 12.462197 73
-9.3911028 5.5965252 13.152104 39
-9.487565 6.3756237 10.72177 64
-9.5303211 6.088933 11.45858 74
-9.5823812 5.7998357 12.316554 60
-9.4157734 5.3551774 13.048274 47
-9.5199099 6.08953 10.572937 63
-9.5527763 5.8117638 11.31363 69
-9.5975847 5.5347958 12.178535 59
-9.4375362 5.1166306 12.94773 41
-9.5451937 5.8065324 10.429291 64
-9.5747643 5.541707 11.17898 68
-9.6348629 5.2892981 12.082269 64
-9.4724979 4.8919802 12.874718 52
-9.5584602 5.5229621 10.280836 62
-9.6481056 5.3105016 11.119659 60
-9.6543036 5.0393653 11.970167 70
-9.5266523 4.6810684 12.838268 52
-9.4840765 5.1945801 10.041665 55
-9.6336031 5.0312967 10.956555 70
-9.6840458 4.7992187 11.87849 66
-9.5854073 4.4735909 12.811901 58
-9.4254618 4.8879309 9.8322849 64
-9.6869822 4.7954984 10.887137 63
-9.6915207 4.5531626 11.766525 69
-9.6355953 4.2670012 12.780834 66
-9.4346962 4.62748 9.7117786 57
-9.6746902 4.5302658 10.74752 66
-9.7052565 4.3133669 11.670401 63
-9.6831799 4.0604062 12.752369 70
-9.4863462 4.3952675 9.6469641 53
-9.7362289 4.3082008 10.703883 62
-9.7389402 4.0897737 11.60745 68
-9.7287025 3.8548362 12.726804 67
-9.5135603 4.1538053 9.5621614 62
-9.7427139 4.0628152 10.601785 63
-9.7638369 3.866343 11.540718 67
-9.7691021 3.6497631 12.69824 67
-9.5275621 3.9108582 9.4710579 58
-9.7640848 3.8274393 10.523661 61
-9.7787304 3.6392131 11.466401 66
-8.995121 3.1340563 11.524494 42
-9.5507498 3.6765354 9.3982162 60
-9.7982969 3.6030734 10.470814 59
-9.0230942 3.1239922 10.42014 60
-9.01863 2.9468384 11.49164 49
-8.9972172 3.2205172 8.7173223 3
-8.9937172 3.0668955 9.4542351 65
-9.038558 2.926146 10.368564 59
-9.0388947 2.7604539 11.460038 49
-8.9880314 2.997107 8.6299343 66
-9.0112286 2.8620424 9.3998604 64
-9.0573473 2.7298543 10.325269 57
-9.059268 2.5763495 11.431933 8
-9.010766 2.78743 8.5814533 64
-9.0298986 2.65907 9.353405 64
-9.3397551 2.6167815 10.617348 8
-9.9011393 2.6294377 12.541889 60
-9.0303278 2.5791092 8.5352459 53
-9.6264286 2.6312642 9.9678812 28
-9.8736534 2.5623226 11.220589 71
-9.9186077 2.4289513 12.516575 58
-9.7957592 2.5887933 9.2677498 81
-9.7322216 2.4432001 10.028401 80
-9.9018211 2.3566761 11.201 69
-9.9442825 2.2305388 12.504545 56
-9.8324623 2.3693283 9.2479343 72
-9.7272787 2.2249875 9.9699192 65
-9.9234638 2.1497722 11.177836 71
-9.9573259 2.0308585 12.480138 49
-9.8709269 2.1527326 9.2337875 72
-9.7407732 2.0112324 9.9351149 66
-9.9752598 1.9502023 11.196253 62
-9.973134 1.8341304 12.461552 43
-9.9272661 1.9405806 9.2430534 48
-9.75525 1.8015305 9.9080286 63
-10.005676 1.7460004 11.193984 63
-10.007565 1.6403598 12.475888 45
-9.9681759 1.7244267 9.2454176 49
-9.7850733 1.5966501 9.905529 67
-9.9886465 1.5350841 11.141653 67
-10.015783 1.4438773 12.459941 45
-9.9904995 1.5049559 9.2343836 46
-9.8005905 1.3884803 9.8911018 69
-10.000817 1.3306525 11.128213 66
-10.034709 1.2498267 12.46174 44
-10.034483 1.2889984 9.2484608 47
-9.8160439 1.1810747 9.8827362 69
-10.034327 1.1297946 11.14516 66
-10.060501 1.0565082 12.478658 57
-10.094837 1.0751419 9.2869024 48
-9.8508253 0.97582418 9.9008064 64
-10.056225 0.92553234 11.152973 70
-10.071856 0.86120868 12.479138 58
-10.077133 0.8526336 9.2507486 49
-9.8779058 0.77154458 9.9144907 62
-10.076719 0.72472984 11.164766 72
-10.095516 0.66870618 12.499967 45
-10.094219 0.63550079 9.2574062 48
-9.8891249 0.56490922 9.9170227 65
-9.2440777 0.47525188 10.151377 2
-8.3827419 0.38952479 10.181492 2
-10.110044 0.41466436 9.2655163 48
-9.915472 0.35782015 9.9403219 62
-10.073484 0.3163923 11.148786 34
-10.149796 0.19608708 9.3043232 48
-9.9384203 0.14995545 9.9669886 60
-10.093813 0.11434814 11.176663 35
-10.147101 -0.0249098 9.3068562 49
-9.9512644 -0.05759111 9.9868574 60
-10.118524 -0.091224775 11.21258 28
-10.152642 -0.24441718 9.3230257 60
-10.014565 -0.26890329 10.066566 70
-10.136666 -0.2963545 11.24453 19
-10.147001 -0.46548933 9.3338022 67
-10.062415 -0.4816649 10.135497 68
-10.14651 -0.50163996 11.273879 11
-10.144136 -0.68599832 9.3544264 70
-10.104425 -0.69715959 10.203879 68
-10.168809 -0.70861679 11.323015 9
-10.124362 -0.90634495 9.3625612 69
-10.184196 -0.91801971 10.320691 70
-9.2116938 -0.82022429 10.187873 1
-8.3757191 -0.72256809 10.231024 1
-10.122395 -1.127728 9.3942909 67
-10.294403 -1.147514 10.477266 63
-10.162896 -1.1225917 11.375044 2
-8.3821707 -0.88210714 10.263948 1
-10.124677 -1.35186 9.4348631 74
-10.314528 -1.370285 10.537945 65
-10.134378 -1.5786322 9.4917822 60
-10.33905 -1.5966972 10.612004 60
-10.159209 -1.8088367 9.57026 52
-10.365347 -1.8241497 10.695886 65
-9.1099968 -1.5507867 10.206928 1
-10.147441 -2.0353498 9.6178083 56
-10.388057 -2.0551543 10.778486 64
-10.161253 -2.2708211 9.697238 57
-10.427082 -2.2926919 10.888579 67
-10.2055 -2.5164199 9.8142176 54
-10.41604 -2.5239773 10.945828 70
-9.0016766 -2.0934703 10.228104 2
-10.084587 -2.7183776 9.7660141 33
-10.137146 -2.6763062 10.702145 39
-8.9593315 -2.2748845 10.236977 1
-9.6494265 -2.8164256 9.3871031 55
-9.6415272 -2.751487 10.210253 40
-8.9248972 -2.4577432 10.260921 1
-9.6848717 -3.0596523 9.5138359 53
-9.5787878 -2.9520748 10.221194 61
-8.8584471 -2.630568 10.246499 2
-9.6714439 -3.2901361 9.5929766 56
-9.4340239 -3.1225576 10.139863 30
-8.8169708 -2.8120749 10.27031 1
-10.567335 -3.8882308 10.678745 65
-9.4083061 -3.3355045 10.20648 7
-8.7549124 -2.987879 10.274359 1
-10.603656 -4.1701112 10.84061 60
-9.3656702 -3.5439332 10.257157 2
-8.6765623 -3.1552854 10.258616 4
-10.636544 -4.4586053 11.00928 53
-8.6063747 -3.3270583 10.259005 2
-10.66138 -4.7544422 11.180032 50
-8.6299601 -3.5404305 10.388846 1
-10.684208 -5.0517607 11.356291 11
-9.0931244 -4.1114492 10.270363 1
-9.5263338 -4.9821167 10.31482 2
-9.3344746 -5.1395321 10.247251 2
-8.7765741 -4.6509538 10.272249 1
-9.2400932 -5.3537378 10.301304 1
-9.1098843 -5.5465283 10.316078 2
-10.176948 -5.5663795 14.390107 5
-8.9441748 -5.7130876 10.291737 2
-10.128668 -5.8081713 14.471833 10
-8.8584242 -5.7324505 11.042751 3
-10.061915 -6.0408626 14.533207 23
-8.714859 -5.903594 11.035238 3
-9.9595728 -6.2537613 14.543884 20
-8.8103619 -6.4975019 10.743015 3
-8.5974808 -6.0935197 11.071941 64
-9.8427706 -6.4572325 14.545003 18
-8.6592836 -6.6817837 10.768113 42
-8.6309967 -6.4093237 11.333634 53
-10.268832 -7.442555 14.51955 15
-9.7169647 -6.65733 14.532425 18
-8.6656895 -6.7390151 11.612329 45
-10.132742 -7.6713352 14.556962 15
-9.6173296 -6.8787475 14.571486 18
-10.430939 -8.6487141 14.52845 12
-9.9642639 -7.8730044 14.548546 24
-9.5110512 -7.0971708 14.604869 11
-10.144572 -9.1475945 13.748055 4
-10.233017 -8.8621216 14.53949 19
-9.8020935 -8.083209 14.560234 25
-9.3485708 -7.2701001 14.54873 7
-10.453109 -9.8997717 14.570585 16
-9.9497194 -8.9881411 14.420987 14
-9.6564074 -8.3077526 14.603578 14
-9.244133 -7.4971929 14.602551 21
-10.210835 -10.105058 14.586153 23
-9.6200285 -9.0627127 14.23102 11
-9.4629288 -8.4886904 14.574642 7
-9.1003866 -7.6915665 14.594668 14
-9.9578476 -10.296564 14.591266 21
-9.2401276 -9.0669537 13.954035 13
-9.2989454 -8.6993704 14.607515 17
-8.9738998 -7.9040179 14.627951 19
-9.6896057 -10.472693 14.583088 4
-8.9776688 -9.1883411 13.869797 7
-9.1246405 -8.9015722 14.626181 14
-8.8283653 -8.100318 14.631387 19
-9.4584875 -10.686697 14.638187 14
-8.7194042 -9.3101521 13.794714 3
-8.9004383 -9.0475349 14.56274 13
-8.687602 -8.3062544 14.65398 17
-9.2076492 -10.875376 14.667109 17
-8.9990549 -10.090816 14.689263 15
-8.6405907 -9.1514292 14.438479 12
-8.947938 -11.053232 14.687281 14
-8.3092756 -9.1613035 14.179146 10
-8.6934242 -11.236313 14.725865 13
-8.5298939 -10.428527 14.690837 14
-8.020236 -9.2085791 13.994492 10
-8.2317677 -8.9048634 14.70493 17
-8.4009724 -11.36053 14.695709 15
-8.3044081 -10.613036 14.723641 13
-7.7727985 -9.3013496 13.88924 7
-8.0640793 -9.0900307 14.70772 15
-8.1377954 -11.521718 14.725236 11
-8.0637865 -10.770162 14.728708 13
-7.9878025 -10.044507 14.742634 12
-7.8182516 -9.1783552 14.557435 12
-7.8827882 -11.703508 14.784245 14
-7.8250914 -10.93593 14.746621 11
-7.7793708 -10.218061 14.752293 14
-7.565218 -9.2555361 14.395939 8
-7.6012578 -11.839153 14.795299 10
-7.5995703 -11.119487 14.79958 10
-7.5773497 -10.401218 14.785735 14
-7.2850509 -9.2806149 14.170547 7
-7.3295565 -11.984461 14.82972 5
-7.3300986 -11.232286 14.76618 3
-7.3674073 -10.574326 14.810006 10
-7.010643 -9.3051863 13.956393 9
-7.0542078 -12.121695 14.861556 9
-7.1012936 -11.413579 14.830652 9
-7.1479368 -10.738779 14.825525 12
-6.8205028 -9.4532166 13.93514 4
-6.7751465 -12.249668 14.890929 8
-6.8496537 -11.554276 14.848283 10
-6.9283066 -10.901754 14.846575 8
-7.0001416 -10.223686 14.815832 10
-6.480351 -12.344054 14.88698 6
-6.5999904 -11.699856 14.880967 6
-6.6984615 -11.050471 14.851622 8
-6.8084159 -10.406643 14.837851 9
-6.1998301 -12.469789 14.927676 9
-6.3402543 -11.828794 14.894923 8
-6.4640088 -11.190298 14.850862 8
-6.6108866 -10.585951 14.857163 10
-6.0793543 -11.949247 14.908537 7
-6.2445192 -11.36342 14.900819 8
-6.4025812 -10.751061 14.863196 8
-5.8178058 -12.074163 14.933672 4
-5.2219968 -9.7517204 12.647323 4
-6.2069459 -10.947095 14.915697 9
-5.3362112 -12.758224 14.994528 5
-5.5567484 -12.19145 14.953826 7
-5.7990279 -11.721313 15.025199 3
-5.0423555 -12.831539 15.008626 5
-5.2998886 -12.327787 15.00734 7
-5.5230789 -11.775759 14.939661 6
-4.7597737 -12.942849 15.074098 6
-5.0189881 -12.396781 14.985786 7
-5.2788453 -11.916042 14.968291 6
-5.5674434 -11.475022 15.006133 5
-4.4632359 -12.999519 15.084828 4
-4.7535963 -12.521758 15.040107 7
-5.0361924 -12.06263 15.013406 5
-5.3208241 -11.589358 14.968673 9
-4.1632538 -13.041523 15.087739 6
-4.4694915 -12.576488 15.017108 3
-4.7911353 -12.217735 15.073399 7
-5.0975909 -11.769777 15.020723 5
-3.8651209 -13.078026 15.089888 7
-4.1968555 -12.668715 15.046817 6
-4.5195746 -12.286594 15.032233 6
-4.859304 -11.919091 15.038896 8
-3.5693305 -13.108882 15.096661 7
-3.9231877 -12.759958 15.081667 4
-4.2686987 -12.42209 15.081256 6
-4.6166959 -12.061865 15.052951 5
-3.27911 -13.174753 15.149004 6
-3.6432922 -12.821093 15.087897 4
-4.0060172 -12.532952 15.103572 6
-4.3614697 -12.168881 15.028477 3
-2.9802544 -13.177145 15.137261 3
-3.3651106 -12.907961 15.130348 6
-3.7394462 -12.632727 15.120234 5
-4.1132112 -12.319306 15.060225 4
-2.6953869 -13.265722 15.230576 4
-3.0910721 -13.009558 15.197752 4
-3.4698465 -12.728853 15.138658 5
-3.8621223 -12.463898 15.092954 6
-2.400892 -13.265438 15.231197 5
-2.8032494 -13.024692 15.17144 5
-3.1931148 -12.784864 15.117593 5
-3.6044288 -12.603667 15.125916 4
-2.1079047 -13.296519 15.274588 5
-2.5221405 -13.091413 15.210534 5
-2.927037 -12.926399 15.199223 3
-3.3419197 -12.742104 15.158337 5
-1.8110476 -13.245455 15.230402 5
-2.2386949 -13.144243 15.240561 4
-2.646879 -12.982414 15.189592 5
-3.0573738 -12.764961 15.064885 4
-1.5211945 -13.22366 15.227089 4
-1.9510618 -13.173512 15.253104 5
-2.3699031 -13.082096 15.238076 5
-2.7967227 -12.944594 15.161405 4
-1.2341667 -13.261069 15.300672 4
-1.6659894 -13.198324 15.26602 4
-2.0882406 -13.144496 15.251186 6
-2.5215251 -13.074765 15.206392 5
-0.94606084 -13.268093 15.345678 7
-1.3800964 -13.239536 15.304712 4
-1.8021768 -13.201876 15.263676 5
-2.2428017 -13.196852 15.245721 4
-0.65841007 -13.240346 15.358326 7
-1.0936744 -13.277974 15.347154 5
-1.5173906 -13.253221 15.27404 4
-1.9593836 -13.314311 15.286985 6
-0.37200788 -13.191266 15.354132 5
-0.80520529 -13.228474 15.294419 4
-1.23162 -13.347355 15.341813 6
-1.6694021 -13.39473 15.290639 5
-0.085748486 -13.215393 15.437933 4
-0.5175603 -13.243126 15.322702 8
-0.93811071 -13.354271 15.316124 5
-1.3768039 -13.459705 15.286865 4
0.19345915 -13.129671 15.402672 4
-0.22828685 -13.302171 15.40974 5
-0.64629161 -13.437919 15.385732 4
-1.0777769 -13.562864 15.331451 4
0.058415174 -13.276181 15.404439 4
-0.35175914 -13.460603 15.391411 5
-0.77785313 -13.638546 15.351653 5
0.33196241 -13.131456 15.268874 4
-0.058389332 -13.480515 15.399975 4
-0.47572181 -13.694342 15.354912 5
1.0193261 -12.92173 15.393625 4
0.62867379 -13.219353 15.409883 5
-0.16652521 -13.783142 15.404749 7
1.2855283 -12.825853 15.371742 6
0.91133636 -13.165103 15.392605 4
0.53798378 -13.509479 15.431438 5
1.5591018 -12.77389 15.408141 7
1.1956756 -13.121004 15.393902 7
0.83246672 -13.452975 15.37579 8
0.45735475 -13.84942 15.402507 5
1.820412 -12.663282 15.382519 5
1.4698316 -13.032593 15.351016 6
1.1362463 -13.49183 15.438127 6
0.77477086 -13.897187 15.430892 5
2.0667028 -12.508541 15.307875 4
1.7514961 -12.995641 15.375444 4
1.4286443 -13.434866 15.398258 7
1.0889847 -13.904712 15.422272 6
2.3315289 -12.449696 15.355084 8
2.0238845 -12.904243 15.341576 4
1.7241417 -13.392715 15.381842 5
1.4078676 -13.907815 15.415291 6
2.5845177 -12.348617 15.356428 7
2.3014598 -12.844443 15.35248 7
2.0167062 -13.338174 15.357526 5
1.7252169 -13.889044 15.39204 5
2.8339367 -12.239612 15.352505 6
2.5774052 -12.778045 15.358907 6
2.3256853 -13.351179 15.418073 7
2.0453935 -13.882445 15.389812 9
3.0819941 -12.130113 15.352816 8
2.8454945 -12.687197 15.344975 9
2.6034138 -13.227099 15.32993 8
2.3629944 -13.851467 15.369668 8
3.3153121 -11.981405 15.310189 7
3.1119573 -12.592592 15.331665 9
2.9067738 -13.202806 15.363115 7
2.6809833 -13.809116 15.346894 9
3.3794229 -12.497711 15.326859 7
3.1956804 -13.122932 15.339825 7
3.0031607 -13.786634 15.352381 9
3.6434956 -12.406882 15.330585 6
3.3239312 -13.732824 15.333437 5
4.023531 -11.619418 15.31906 10
3.8942826 -12.278511 15.294029 7
3.6514359 -13.698675 15.343388 10
4.2539439 -11.490309 15.321828 10
4.1616402 -12.188875 15.314066 9
4.065124 -12.881118 15.311318 9
3.970499 -13.632766 15.328384 11
4.1047573 -10.556662 14.245917 3
4.4082232 -12.053157 15.281555 10
4.3504982 -12.784896 15.298214 12
4.2799506 -13.530057 15.280481 14
4.3356915 -10.477655 14.314887 7
4.6643786 -11.938177 15.28318 10
4.6394863 -12.695347 15.30261 13
4.6063471 -13.480044 15.301205 13
4.5975022 -10.462256 14.475523 9
4.9045496 -11.799788 15.258126 12
4.9175673 -12.584064 15.283888 8
4.9112473 -10.531383 14.761655 9
5.1556501 -11.677503 15.261127 4
5.2005863 -12.472678 15.276822 12
5.242517 -13.298659 15.274464 17
5.2039084 -10.544846 14.982974 9
5.4020939 -11.548731 15.262815 10
5.4819717 -12.354836 15.271169 13
5.5576653 -13.194057 15.260102 18
5.3054476 -10.225348 14.7384 4
5.2087307 -10.644358 14.23569 5
5.7611408 -12.236625 15.268843 14
5.878839 -13.094212 15.260031 15
5.721117 -10.422542 15.244036 20
5.4843125 -10.596637 14.347076 10
6.0491962 -12.124504 15.285295 13
6.2121305 -13.013511 15.291814 15
5.9207888 -10.267759 15.245221 15
5.7925901 -10.596314 14.532209 11
6.3207407 -11.98186 15.271585 13
6.475657 -12.796716 15.175366 4
6.1121726 -10.10296 15.238753 15
6.1539488 -10.663155 14.821213 11
6.5651855 -11.798856 15.212066 5
6.8223443 -12.727418 15.240977 19
6.2935419 -9.9233942 15.215347 16
6.4550829 -10.626104 14.979468 12
6.8705902 -11.708817 15.280401 13
7.1203365 -12.57018 15.211589 19
6.4844151 -9.7615833 15.219597 23
6.7442608 -10.559488 15.10475 11
6.6019034 -10.777143 14.249052 6
6.2410097 -10.639514 13.025869 10
6.6636262 -9.5859308 15.206609 14
7.0172625 -10.463902 15.198887 15
6.9296217 -10.738883 14.39306 10
7.7360358 -12.274119 15.201003 18
6.8388386 -9.4057341 15.196359 5
7.2388692 -10.294639 15.20019 18
7.295413 -10.73632 14.603824 9
8.0193396 -12.081667 15.16514 11
7.0317087 -9.2522392 15.227823 14
7.4467001 -10.11027 15.179494 18
7.7317076 -10.812832 14.931694 14
8.3435345 -11.94392 15.200366 14
7.1883526 -9.0553217 15.19591 16
7.6564116 -9.9312315 15.172602 18
8.08148 -10.760905 15.097289 15
8.0383482 -11.021522 14.236128 4
7.3502116 -8.8698301 15.181994 20
7.8653426 -9.7495995 15.171181 16
8.4013376 -10.661915 15.211788 13
8.3831415 -10.932871 14.341226 9
7.5097127 -8.6863174 15.175522 19
8.0643988 -9.5619907 15.161846 17
8.6183729 -10.444341 15.165934 17
8.8001289 -10.918996 14.558071 12
7.6677413 -8.5036449 15.167706 18
8.227972 -9.3375044 15.097119 12
8.8615026 -10.252439 15.163127 17
9.3103876 -10.982697 14.900597 11
7.8201509 -8.313446 15.156869 15
8.4759083 -9.1961479 15.176612 7
9.0953856 -10.049329 15.155159 17
9.6814528 -10.875175 15.031432 12
7.9648061 -8.1161432 15.138565 22
8.6545868 -8.9864111 15.150471 16
9.3235226 -9.8390274 15.144251 17
10.047344 -10.754844 15.156883 21
8.1189728 -7.9305224 15.14325 18
8.8208103 -8.7628307 15.110194 18
9.5563116 -9.6316137 15.144724 14
10.280821 -10.497285 15.102402 19
8.267746 -7.7418561 15.144149 15
9.0066566 -8.5596209 15.107759 17
9.7328663 -9.3731737 15.073676 10
10.555764 -10.274734 15.109859 18
8.3914156 -7.5318255 15.108844 11
9.1772318 -8.3447647 15.090739 16
10.035591 -9.2205954 15.186294 8
10.776925 -10.005276 15.055963 12
8.5446224 -7.3498359 15.130901 10
9.3708591 -8.1483049 15.111193 16
10.209532 -8.9599924 15.126245 13
11.101406 -9.816577 15.139305 19
8.6693668 -7.1420808 15.109475 13
9.5334845 -7.9257116 15.093051 15
10.419893 -8.7264452 15.120187 15
11.311846 -9.5325575 15.084174 21
8.8153076 -6.9530921 15.12606 15
9.6948795 -7.7021465 15.07837 18
10.600601 -8.4717045 15.084161 17
11.566782 -9.2848129 15.094803 21
8.9578009 -6.7626166 15.142541 19
9.8597364 -7.4824076 15.075644 17
10.777281 -8.2126532 15.048562 17
11.768022 -8.993638 15.046146 13
9.0493183 -6.5388284 15.088802 21
9.9949589 -7.2424469 15.038396 12
10.971752 -7.9680367 15.04844 9
11.972916 -8.7047577 15.013062 4
9.1778584 -6.3373637 15.095543 16
10.205987 -7.0521827 15.113833 11
11.222516 -7.7550201 15.121738 11
12.068457 -8.343915 14.86124 6
9.2843542 -6.1246128 15.074115 19
10.348953 -6.8138242 15.096808 12
11.383602 -7.4842496 15.089038 13
12.223026 -8.0273228 14.790772 13
9.4147139 -5.9275045 15.09466 21
10.49906 -6.5833054 15.099143 13
11.570326 -7.2268858 15.096873 18
12.50003 -7.783144 14.865126 26
9.5285511 -5.7208595 15.096499 16
10.621119 -6.3351731 15.07098 14
11.70626 -6.9438181 15.0516 14
12.621838 -7.447535 14.775245 46
9.6266804 -5.5067577 15.079614 16
10.736171 -6.0853438 15.04 15
11.873607 -6.6744757 15.050979 14
12.695601 -7.0892801 14.645413 68
9.1153088 -4.9855971 14.19953 9
10.876824 -5.8478093 15.048634 18
11.989367 -6.3794971 14.996082 13
12.684363 -6.6923356 14.433908 70
9.3462591 -4.8508205 14.389378 10
10.998051 -5.6004772 15.037588 16
12.137495 -6.1014318 14.988712 8
12.630187 -6.2864094 14.192114 66
9.888979 -4.8470721 15.012774 21
10.48345 -5.0652504 14.235439 11
12.232947 -5.796597 14.926144 6
12.652135 -5.9226694 14.041899 60
10.034067 -4.6512265 15.065635 17
11.098296 -5.0402493 14.844823 14
11.788447 -5.2664704 14.250463 8
12.126908 -5.3391204 13.329633 80
10.115911 -4.4295402 15.051193 16
11.348091 -4.8469286 15.012792 13
12.257397 -5.1290965 14.629868 16
12.161273 -5.0085087 13.221641 80
10.181477 -4.2048159 15.020055 17
11.465926 -4.597436 15.022652 9
12.52656 -4.899394 14.788193 15
12.76623 -4.8896513 13.696125 85
10.257479 -3.980634 15.005486 13
11.55223 -4.3350153 15.000043 12
12.589278 -4.5896287 14.724126 15
12.806655 -4.554781 13.607516 78
10.32928 -3.7581072 14.992011 11
11.690431 -4.0884233 15.046584 12
12.769035 -4.3207021 14.795075 15
12.875751 -4.2315931 13.555443 74
10.425252 -3.5418642 15.014147 11
11.754077 -3.8179877 15.008421 12
12.848089 -4.0135002 14.761782 35
12.939957 -3.907979 13.507444 79
10.506394 -3.3202553 15.021542 12
11.834847 -3.5521419 14.997966 16
12.940978 -3.7135985 14.752222 31
12.998216 -3.5848417 13.462497 77
10.568739 -3.0929127 15.008211 11
11.922793 -3.2889533 15.002307 18
12.979144 -3.3996596 14.69253 34
13.050659 -3.2601981 13.420635 81
10.641235 -2.8677249 15.012809 9
11.992858 -3.0203998 14.991107 13
13.027102 -3.0918615 14.652804 59
13.094926 -2.9368548 13.378988 88
10.753006 -2.6507053 15.073613 12
12.054997 -2.7495997 14.978864 14
13.07629 -2.7828178 14.6209 57
13.147365 -2.6152205 13.353081 89
10.767508 -2.4100733 15.012072 11
12.114309 -2.4779215 14.968694 18
13.123772 -2.471899 14.594051 67
13.180894 -2.2899456 13.31754 96
10.791877 -2.1742697 14.968431 16
12.179632 -2.2077165 14.97051 13
13.15387 -2.1613488 14.55759 66
13.231425 -1.9692004 13.306768 93
10.857962 -1.9432732 14.983089 15
12.228197 -1.9319421 14.959599 17
13.201365 -1.8523474 14.545802 48
13.277242 -1.6460016 13.299054 98
10.925056 -1.7133417 15.003727 14
12.297106 -1.6589415 14.979344 17
13.231886 -1.541589 14.525241 59
13.30904 -1.3232374 13.285431 99
10.951098 -1.4755712 14.976949 15
12.343055 -1.3829077 14.978357 23
13.26362 -1.2302485 14.512652 49
13.337745 -1.000679 13.279017 99
10.926032 -1.2342887 14.891147 17
12.397007 -1.1076728 14.993382 57
13.278901 -0.92037779 14.492422 64
13.361593 -0.67654157 13.274696 85
10.901971 -0.99408513 14.811327 46
12.405457 -0.82728744 14.962166 18
13.319866 -0.60982305 14.503782 70
13.39568 -0.35330987 13.288215 86
10.999178 -0.76293218 14.887515 41
12.423244 -0.54670435 14.949816 17
13.361983 -0.29934201 14.526134 59
13.425105 -0.026626078 13.305831 89
11.067163 -0.52709663 14.933199 16
12.431878 -0.26629663 14.931615 16
13.37083 0.015165051 14.519046 68
13.07467 0.29441971 12.975628 16
11.103948 -0.28540114 14.943411 16
12.475587 0.015916049 14.959851 15
12.700042 0.31323597 13.828987 6
12.690988 0.59536743 12.624899 61
11.124456 -0.044267312 14.939866 15
12.399742 0.296913 14.862989 10
12.682269 0.61096877 13.811224 55
12.757557 0.90948308 12.699813 71
11.171865 0.19834715 14.972867 16
12.457106 0.57975483 14.918968 12
12.715998 0.91301113 13.853659 64
13.466061 1.2826699 13.38247 80
11.188664 0.44150791 14.974447 15
11.7903 0.81968284 14.171805 14
13.259679 1.2603816 14.42413 53
13.458922 1.6139793 13.405884 82
11.174737 0.685426 14.941578 15
12.436913 1.1431606 14.902328 13
13.482027 1.5994995 14.675525 41
13.467281 1.945452 13.451743 75
10.589944 0.88933998 14.209321 12
12.440529 1.4298881 14.918633 14
13.474481 1.920475 14.699292 24
13.478675 2.282269 13.510661 79
10.48912 1.113619 14.080455 3
12.42759 1.7163087 14.923727 16
13.433109 2.2364814 14.696895 14
13.516944 2.6275833 13.601648 79
11.189597 1.4300637 14.949077 14
12.389313 1.9988467 14.907213 13
13.401641 2.5554969 14.712362 9
13.556665 2.9742188 13.70302 83
11.208645 1.6823299 14.978473 12
12.364614 2.2831593 14.911425 12
13.293303 2.8594136 14.655013 11
13.593898 3.3260796 13.811501 67
11.169691 1.9278088 14.942875 15
12.354525 2.5701013 14.940532 12
13.248375 3.1745725 14.671805 5
13.662081 3.6911473 13.959614 64
11.159117 2.179687 14.947885 12
12.28441 2.8484416 14.906603 11
13.250757 3.5024722 14.745867 4
13.806636 4.0864 14.190586 66
11.117398 2.4263723 14.919385 11
12.226896 3.1286321 14.894465 12
13.211798 3.8230813 14.78454 8
13.890415 4.4721031 14.374449 57
11.068772 2.6736968 14.886933 13
12.108022 3.3953583 14.821205 8
13.173572 4.1496711 14.833161 9
13.91061 4.8502865 14.50746 62
11.043489 2.9266648 14.889301 8
12.076396 3.6850526 14.850769 11
13.092555 4.4639635 14.842576 14
13.880417 5.214396 14.601027 47
11.005637 3.17927 14.882574 13
12.022667 3.9690716 14.864429 14
13.006143 4.7749009 14.855884 15
13.752605 5.5469232 14.607224 17
10.9787 3.4365077 14.896863 15
11.954473 4.2500882 14.866491 17
12.8945 5.0768576 14.850765 18
13.571412 5.8522534 14.568188 9
10.936037 3.6892483 14.897395 18
11.855786 4.5209103 14.844013 16
12.774452 5.3756628 14.842731 17
13.286346 6.1148505 14.430693 17
10.89061 3.9442711 14.899964 17
11.770033 4.7976098 14.841313 17
12.685535 5.6887188 14.877207 9
13.173189 6.4471488 14.474622 19
10.820042 4.1926332 14.876901 24
11.692983 5.0786958 14.855431 16
12.489387 5.9566374 14.801126 8
12.531206 6.523541 13.977217 25
10.771154 4.4509974 14.886464 16
11.632454 5.3700871 14.895335 15
12.230143 6.1936636 14.661192 17
11.785866 6.5217953 13.365404 31
10.707608 4.7066274 14.884362 21
11.53257 5.6450119 14.898894 8
12.122245 6.4963484 14.697981 18
11.348952 6.6526275 13.077991 43
10.636897 4.9608927 14.881372 22
11.348292 5.8814731 14.805706 8
11.739196 6.6545029 14.425785 24
10.839725 6.7208338 12.706566 36
10.566327 5.216188 14.885404 17
11.239799 6.1501884 14.812408 21
10.962538 6.5825715 13.70225 26
10.313486 6.7594781 12.317325 37
10.494114 5.4746313 14.894474 20
10.971389 6.3391433 14.628452 13
10.469715 6.63834 13.298514 35
8.5999193 6.0189691 10.59185 3
10.40408 5.727664 14.887818 18
10.841677 6.5977259 14.621469 16
10.114182 6.7618775 13.056766 59
8.2992105 6.123405 10.424133 49
10.318933 5.9862146 14.895071 22
10.576975 6.7782192 14.452378 16
8.5051813 6.0602074 11.300647 10
8.0698557 6.2684588 10.338365 62
10.160414 6.2052531 14.809382 10
9.9257736 6.7149673 13.792789 20
8.1516666 6.1192751 11.037622 42
8.106308 6.5989437 10.565974 59
9.9042759 6.3654299 14.599406 11
8.4527082 6.0810218 12.058976 12
8.0598469 6.3487868 11.097194 64
8.1004295 6.9120436 10.760355 68
9.8346415 6.6336045 14.646435 26
8.1336756 6.154151 11.799348 48
8.0914774 6.6718416 11.318698 69
7.7291317 6.9365783 10.516428 49
8.4452648 6.0527697 12.878037 8
8.0404015 6.3796101 11.841802 62
8.0400753 6.9465222 11.450768 71
7.3281441 6.926527 10.235728 41
8.2058516 6.1749368 12.687469 38
8.0844851 6.7079411 12.075131 51
7.6829486 6.9762774 11.190483 54
6.9658585 6.9279528 9.9959192 57
8.0190592 6.3303471 12.572966 42
8.015398 6.9619126 12.168005 59
7.3355627 6.99968 10.940073 54
6.6645236 6.9681802 9.8267841 64
8.066227 6.658062 12.798117 34
7.6593442 6.9871926 11.868702 49
7.0111947 7.0290141 10.71531 65
6.4026566 7.0369143 9.7091894 63
8.0461483 6.9467182 12.939363 47
7.3264055 7.0193491 11.602236 52
6.666492 7.0280604 10.460943 63
6.1553645 7.108314 9.6094818 71
7.7268577 7.0007806 12.649755 40
7.0018516 7.0427098 11.341617 48
6.3255215 7.0127211 10.205466 63
5.8928423 7.1590242 9.489953 51
7.3772769 7.0164676 12.314512 40
6.6882267 7.0620651 11.093803 59
6.0245795 7.0198307 9.9994116 59
5.6150446 7.1780238 9.3425665 56
7.0433111 7.0327477 12.002984 44
6.3916726 7.0879121 10.868695 60
5.7943811 7.0907316 9.8944263 55
5.3514633 7.2027273 9.2131147 44
6.7351332 7.0586624 11.724216 44
6.1146569 7.1220207 10.672393 59
5.5223117 7.1093645 9.7258835 72
5.0929556 7.2221246 9.0871964 57
6.4514093 7.097589 11.484783 39
5.7959857 7.0997953 10.406384 56
5.2939467 7.1680069 9.6238308 72
4.8428884 7.2425499 8.972414 62
6.1643977 7.1225233 11.237617 45
5.4988937 7.0884671 10.170287 60
5.0763397 7.2317209 9.5366211 71
4.5978136 7.2615795 8.8624907 59
5.8864756 7.1457071 11.00323 46
5.2740211 7.1458769 10.044159 56
4.8264194 7.2472291 9.3967571 62
4.3654027 7.2844839 8.7693663 60
5.6156197 7.1672583 10.779714 45
5.0206814 7.1627598 9.8723478 47
4.5847955 7.2639966 9.2657585 65
4.1448035 7.3133655 8.6910534 56
5.343307 7.1739635 10.550134 45
4.7847729 7.1902151 9.7272253 65
4.3559732 7.2857184 9.153512 60
3.9197516 7.3275757 8.6017799 61
5.037365 7.129467 10.257978 53
4.5737991 7.2412543 9.6218872 75
4.1347599 7.3115768 9.0522642 64
3.7036984 7.3499794 8.5294132 59
4.7986379 7.1540871 10.078975 56
4.3697166 7.2997665 9.5324392 73
3.916198 7.3332481 8.9539309 67
3.4962373 7.3766184 8.4679184 69
4.5629501 7.1774182 9.9089203 50
4.1337533 7.3050184 9.3833361 61
3.7007852 7.3556414 8.8625593 72
3.2842467 7.3886328 8.3974628 65
4.356935 7.2321658 9.7885027 51
3.9112995 7.3230939 9.2560673 59
3.4937577 7.3802848 8.7820654 63
2.6791198 6.6511436 7.4898815 62
4.1384983 7.2639608 9.6482105 70
3.7032695 7.3518829 9.1535997 60
3.2834349 7.3921862 8.6925821 67
2.5049379 6.6757894 7.4518514 65
3.9528768 7.3368902 9.5695248 64
3.4945126 7.3727059 9.0501175 60
2.6780386 6.6497931 7.7329764 73
2.3249388 6.6818929 7.3998475 61
3.7195399 7.3298926 9.3963308 50
3.2911766 7.3950129 8.9515343 58
2.5046811 6.673357 7.6799092 64
2.198035 6.797462 7.47434 34
3.5207045 7.3708758 9.2917318 49
2.6842375 6.65381 7.949935 73
2.3255575 6.6803823 7.6128998 63
2.2374928 7.3108826 7.985641 42
3.3153417 7.3961167 9.173481 54
2.508395 6.6753879 7.8761668 64
2.2158678 6.8363161 7.718493 36
2.1261871 7.5061369 8.1492634 66
2.7010095 6.649725 8.1209412 38
2.3315978 6.6883011 7.7980628 61
2.235487 7.3065801 8.1787596 41
1.940341 7.5207634 8.1203232 66
2.5213761 6.6735883 8.0280237 58
2.1924024 6.7855983 7.8198247 37
2.1273646 7.5132217 8.3405704 66
1.7624826 7.551003 8.113061 67
2.3459427 6.694068 7.9397421 59
2.228159 7.2952065 8.3197136 39
1.9450698 7.5353231 8.3041506 68
1.5799024 7.5572424 8.0851622 66
2.190336 6.7561994 7.9054203 36
2.1257703 7.5118742 8.4810038 74
1.7619458 7.5487366 8.2620192 69
1.4026171 7.5741005 8.0729265 64
2.2216134 7.2535448 8.3774157 30
1.9392866 7.5256319 8.415905 68
1.5833635 7.5667458 8.2298546 70
1.2295189 7.592567 8.067728 64
2.1335368 7.5130415 8.570694 64
1.7574728 7.5459466 8.3629503 65
1.4042585 7.5797529 8.1958389 66
1.0551752 7.6081066 8.0646467 58
1.9404709 7.5163622 8.4738693 64
1.5778707 7.5670528 8.3159676 62
1.2275615 7.595541 8.1707945 62
0.88228106 7.627521 8.0675545 60
1.7600824 7.5526128 8.418952 57
1.3980426 7.5851698 8.2699995 60
1.0527537 7.6091561 8.1477499 61
0.71109492 7.6427774 8.0714684 61
1.5756299 7.5681872 8.3480492 54
1.2201169 7.6011186 8.2279692 59
0.88147962 7.6345429 8.1417179 61
0.54127961 7.6570444 8.0794582 52
1.3913394 7.5818682 8.278203 62
1.0438573 7.6200709 8.1939516 61
0.70762998 7.6461873 8.124505 60
0.37266055 7.6781321 8.0970945 51
1.208395 7.5923333 8.2120829 57
0.86485022 7.6251101 8.14781 58
0.5355159 7.6644878 8.1194544 58
0.2031602 7.6981492 8.1190319 51
1.0287496 7.613379 8.1621981 59
0.69029635 7.6426392 8.1208563 54
0.36458135 7.6837444 8.1183395 58
0.03594901 7.7200356 8.1468649 52
0.8476916 7.6205993 8.1011906 55
0.51722968 7.6641335 8.1017666 51
0.194708 7.7029066 8.1221991 58
-0.13170001 7.7279329 8.1636534 51
0.67094988 7.6484737 8.0681877 49
0.34314942 7.6847105 8.0866976 51
0.023885502 7.7221551 8.1290712 51
-0.30027023 7.7549725 8.2044992 49
0.49177626 7.6625752 8.0251379 52
0.16919236 7.7063351 8.0755939 50
-0.14510341 7.7482414 8.1489468 50
-0.4674713 7.7747803 8.2423773 52
0.3141689 7.6804204 7.9911761 48
-0.0035969343 7.7276931 8.0705738 50
-0.31670994 7.7584772 8.1558428 49
-0.63627464 7.7887635 8.2782211 47
0.13579349 7.7003942 7.9631882 49
-0.17644434 7.7391129 8.0584698 48
-0.48718715 7.7696433 8.1667023 51
-0.80546522 7.8077831 8.324091 45
-0.038982108 7.7250452 7.9461613 49
-0.35171866 7.7557511 8.0554295 50
-0.65860283 7.7999187 8.2026539 53
-0.97472328 7.8358154 8.3820047 48
-0.21782598 7.7400322 7.9211798 45
-0.52616775 7.7702985 8.0553789 50
-0.83108646 7.8102379 8.222558 55
-1.1446989 7.8468642 8.4278746 47
-0.39678177 7.7530131 7.9001937 51
-0.70059943 7.7938552 8.0683575 51
-1.0036175 7.8385916 8.263526 51
-1.316754 7.8661075 8.4858074 54
-0.57444036 7.7869124 7.9052591 47
-0.87592953 7.808466 8.0753222 49
-1.1772081 7.8650231 8.308507 56
-1.4890877 7.8903775 8.5537653 53
-0.75404066 7.8099537 7.9023218 45
-1.0526484 7.8261948 8.09132 51
-1.352017 7.8785324 8.3424597 56
-1.6608311 7.900558 8.6106558 50
-0.93597209 7.8201604 7.8923645 46
-1.2301768 7.8459892 8.113327 49
-1.5280588 7.8891177 8.378458 53
-1.8366687 7.9269733 8.6908903 58
-1.1170791 7.8361149 7.8926916 49
-1.4099333 7.8617887 8.1356297 51
-1.7062145 7.9167743 8.4377298 56
-2.0116339 7.9343991 8.7528582 56
-1.2999257 7.8554382 7.8997507 51
-1.5911012 7.8929448 8.1787004 55
-1.8846655 7.9225931 8.4776745 63
-2.1902215 7.9532042 8.834857 52
-1.4859635 7.869298 7.9049106 50
-1.7760791 7.9146791 8.2138691 56
-2.0677254 7.9490023 8.5421238 56
-2.3710668 7.9772243 8.9235773 52
-1.67307 7.8947358 7.9297028 55
-1.96126 7.9348927 8.2546139 60
-2.2519841 7.9742112 8.6125679 63
-2.5558631 8.0025759 9.0216646 59
-1.8611478 7.9094915 7.9467463 55
-2.1480219 7.9585295 8.3016176 58
-2.4384336 7.9967952 8.6825132 62
-2.739388 8.0198479 9.1145401 60
-2.0546076 7.9387794 7.9818182 60
-2.3372004 7.977376 8.3496017 63
-2.6236558 8.0022106 8.7414351 60
-2.9289231 8.0466242 9.2236614 57
-2.2481513 7.9579997 8.0130234 57
-2.5317307 8.0026426 8.4098825 65
-2.8150098 8.0251427 8.8226671 59
-3.1182473 8.0653172 9.3288479 74
-2.4435863 7.9773626 8.049304 62
-2.725234 8.0177851 8.464119 63
-3.0140381 8.0597696 8.9230633 71
-3.2253051 7.8051786 9.1147223 25
-2.6472042 8.013484 8.1067924 65
-2.9246154 8.0424633 8.5345345 62
-3.1997156 8.0401058 8.9671373 54
-3.2622356 7.3584871 8.6808853 31
-2.8510354 8.0365973 8.1582813 62
-3.1258638 8.0583057 8.5989285 70
-3.2399437 7.5598178 8.5002623 32
-3.4132667 7.2908893 8.6902618 59
-3.0570877 8.054142 8.2087898 60
-3.2118511 7.6943765 8.2610836 33
-3.3315368 7.2864003 8.2626905 60
-3.5993848 7.3193245 8.8212681 57
-3.1917424 7.8205719 8.0070944 25
-3.2734106 7.2979693 7.8907032 47
-3.5180135 7.3047814 8.3589029 61
-3.7751987 7.3116412 8.9132433 43
-3.2331178 7.3300452 7.545217 31
-3.4561911 7.2879806 7.9388046 66
-3.7150052 7.3361969 8.4762793 56
-4.306253 8.1280327 10.02683 56
-3.4065275 7.2782793 7.5358934 62
-3.6549311 7.3155918 8.0331717 58
-4.2283831 8.1140804 9.4714365 63
-4.5410414 8.1917782 10.233942 50
-3.6116796 7.3044753 7.6143756 62
-4.2054982 8.1870794 9.067256 59
-4.4483089 8.134491 9.5981388 56
-4.7728553 8.2362471 10.422907 54
-3.804107 7.2894549 7.6544852 3
-4.4382248 8.2126245 9.1822176 61
-4.6789522 8.1657629 9.7441406 53
-5.0050926 8.2655525 10.601974 49
-4.4053001 8.211544 8.6906643 59
-4.678134 8.2447853 9.3093548 71
-4.9101906 8.1811066 9.8810463 56
-5.2438703 8.2985458 10.795058 43
-4.6519132 8.2403746 8.7978506 57
-4.8976851 8.223073 9.3829241 75
-5.1702676 8.2440977 10.081581 60
-5.4862738 8.3248367 10.987179 52
-4.9028354 8.2655621 8.9081001 53
-5.1257577 8.2050934 9.4696541 63
-5.455133 8.3362961 10.328635 58
-5.7374163 8.35285 11.192463 47
-5.1716237 8.3103313 9.0497198 56
-5.3861685 8.2400541 9.6241055 53
-5.7096915 8.355649 10.495941 60
-6.0046425 8.3972969 11.42907 41
-5.4427843 8.3412695 9.1833344 50
-5.6444812 8.2557726 9.7664585 56
-5.978797 8.3872929 10.688531 58
-6.2780123 8.4392672 11.671772 38
-5.7115469 8.3559456 9.3068514 71
-5.9250302 8.2964954 9.9462652 62
-6.261014 8.4251022 10.90037 61
-6.5440745 8.4535465 11.890279 42
-5.9529161 8.3140936 9.3777485 66
-6.2444968 8.3817701 10.191892 64
-6.5487213 8.4564009 11.113281 57
-6.8335705 8.4899321 12.151233 47
-6.2168341 8.2952747 9.4830704 58
-6.5571699 8.4363623 10.412279 62
-6.8434935 8.4852457 11.335391 54
-7.1440606 8.5419846 12.447845 45
-6.5195923 8.3228378 9.6524467 48
-6.8772674 8.4844294 10.637012 67
-7.1596699 8.5279226 11.58894 58
-7.4191732 8.5339966 12.668384 55
-6.8481774 8.3708725 9.85606 44
-7.2016144 8.5200062 10.859519 50
-7.4903803 8.57302 11.859592 45
-7.6963725 8.5160255 12.887806 39
-7.2478404 8.4942751 10.16307 47
-7.5397835 8.5577297 11.09822 59
-7.8369703 8.6194258 12.149465 40
-8.0536613 8.5834875 13.251068 31
-7.6203504 8.5591698 10.415462 49
-7.9058843 8.6109934 11.371484 56
-8.1987667 8.6692333 12.457655 57
-8.4878759 8.7207375 13.744771 29
-8.0198317 8.6333141 10.696212 38
-8.2863369 8.660696 11.658316 55
-8.5174274 8.6472616 12.681209 90
-8.7241688 8.6162834 13.872668 30
-8.4060793 8.6667099 10.945211 61
-8.5048504 8.511487 11.689422 52
-8.5485334 8.3081665 12.441569 45
-8.5674658 8.0983734 13.327308 23
-8.4962606 8.3618689 10.773665 57
-8.5216331 8.1460581 11.426455 62
-8.6009531 8.002985 12.252367 40
-9.060503 8.2597189 13.907995 22
-8.52246 8.0012321 10.528872 55
-8.7305126 7.9929461 11.460435 38
-9.0218592 8.0729322 12.644695 32
-9.2643957 8.1171274 13.996059 30
-8.896944 8.0010481 10.766232 46
-9.1673222 8.0582972 11.824042 41
-9.2434969 7.9348936 12.729009 92
-9.3923807 7.9026937 13.963522 37
-9.3338642 8.0414505 11.078621 83
-9.3665247 7.8802943 11.844728 67
-9.3555422 7.6940875 12.652041 88
-9.2115211 7.4157367 13.439859 12
-9.3604441 7.6928816 10.86287 54
-9.3816242 7.5377436 11.62281 74
-9.4269896 7.422648 12.524301 77
-9.2467718 7.1391196 13.282501 38
-9.3813744 7.3498492 10.652068 63
-9.4116135 7.2226334 11.435292 66
-9.4545774 7.120409 12.344827 54
-9.2652035 6.8581758 13.109984 38
-9.4215746 7.0377498 10.483827 61
-9.4432154 6.9177833 11.262942 73
-9.475399 6.8246102 12.169342 61
-9.2784748 6.5796957 12.939404 46
-9.4416752 6.7197261 10.302199 59
-9.4703207 6.6203918 11.097463 76
-9.4948568 6.5355401 12.001715 67
-9.332469 6.3407645 12.841508 55
-9.3890362 6.3551292 10.047093 65
-9.4873419 6.3251109 10.930736 67
-9.5216265 6.2621965 11.85522 74
-9.4033222 6.12041 12.777929 67
-9.3021936 5.9845443 9.7683859 65
-9.5166149 6.0449557 10.789283 69
-9.5504656 5.9960012 11.722841 74
-9.4869518 5.9098797 12.736684 82
-9.3451786 5.7152162 9.6512728 60
-9.5757599 5.7930889 10.695463 68
-9.5741863 5.732049 11.591364 67
-9.5422497 5.6850429 12.663868 73
-9.3825369 5.4508328 9.5380468 49
-9.5958672 5.5221858 10.56398 64
-9.5978165 5.4764171 11.469995 67
-9.5944424 5.4609294 12.590064 73
-9.3969126 5.1772704 9.4094372 59
-9.5910645 5.2429466 10.411028 65
-9.612318 5.2220364 11.34547 67
-9.6236668 5.227973 12.491803 51
-9.4434462 4.9297137 9.3243141 66
-9.5856638 4.9707603 10.267863 72
-9.6362152 4.9764705 11.237787 67
-9.6481276 4.9974589 12.39515 53
-9.5075226 4.69663 9.2654018 73
-9.5634985 4.697041 10.114462 74
-9.6620579 4.7380271 11.144426 74
-9.6692514 4.7676921 12.29874 49
-9.6070633 4.4847956 9.2512369 77
-9.5012074 4.4098063 9.9212732 64
-9.6849718 4.5023565 11.052696 70
-9.6856403 4.5393758 12.201927 44
-9.6896868 4.2653103 9.225503 59
-9.5059872 4.1654911 9.8162184 68
-9.7053862 4.2705135 10.96398 68
-9.7021093 4.317287 12.113219 44
-9.7483044 4.0336518 9.1816063 50
-9.5242052 3.9323063 9.7346506 56
-9.728097 4.0427446 10.885502 66
-9.7275715 4.1018219 12.041864 50
-9.821538 3.8133466 9.1580601 30
-9.5505724 3.7049115 9.6663399 61
-9.7415886 3.8161802 10.804032 64
-9.7441082 3.8864689 11.9645 51
-9.7690077 3.5416911 9.0133839 60
-9.5604362 3.4758344 9.5888119 60
-9.7684669 3.5956519 10.743749 65
-9.7603474 3.6741216 11.892032 56
-8.9720173 3.0073347 8.1391497 68
-8.9785433 3.0316432 8.8764448 68
-9.0053806 3.083631 9.7521858 65
-8.9701347 3.1529145 10.764981 56
-8.9964638 2.797858 8.093852 62
-9.0089941 2.8317945 8.8377409 59
-9.0312309 2.8903897 9.7104321 62
-8.9914465 2.9662173 10.718187 55
-9.0110569 2.5863991 8.0448751 68
-9.0296211 2.6308172 8.7954588 57
-9.0513964 2.6953733 9.6661806 65
-8.9925594 2.7756102 10.649638 53
-9.8277826 2.6117406 8.7846375 69
-9.6762638 2.6140764 9.423254 63
-9.5116138 2.6361742 10.140733 18
-9.1139727 2.6246424 10.740233 27
-9.8589964 2.3907013 8.7584715 64
-9.708353 2.4051595 9.3991261 66
-9.9024305 2.5368028 10.533939 68
-9.8544836 2.6529293 11.633699 58
-9.8678083 2.1646855 8.7148638 63
-9.7441607 2.1975636 9.3840303 67
-9.9109688 2.32583 10.486379 68
-9.8662014 2.4512775 11.586222 50
-10.078933 1.9854674 8.8717852 2
-9.7769632 1.9896976 9.3698854 61
-9.9424677 2.1218724 10.469224 71
-9.8844433 2.2532029 11.549864 55
-9.8095779 1.7828156 9.3617411 63
-9.9708567 1.9186434 10.454021 67
-9.911974 2.0599418 11.532681 51
-9.8411713 1.575834 9.3565598 62
-9.912117 1.6987594 10.344173 68
-9.9311132 1.8649107 11.506098 50
-9.8690891 1.3674611 9.3520536 61
-10.001574 1.506802 10.407834 66
-9.9546566 1.671243 11.489744 50
-9.8984461 1.1612185 9.3547583 58
-9.9391565 1.2915684 10.30298 68
-9.9674492 1.475625 11.466207 55
-9.9277029 0.95495588 9.3634634 60
-9.9571829 1.0904176 10.295556 64
-10.008328 1.2847053 11.479317 49
-9.9403811 0.74756414 9.3580198 63
-9.9635296 0.88846129 10.280005 68
-10.019109 1.0900017 11.459766 55
-9.962718 0.53972274 9.3697014 63
-9.9841833 0.68951994 10.284689 71
-10.042267 0.89731383 11.461512 54
-9.9632778 0.33193305 9.3629723 65
-10.123771 0.49383 10.426276 66
-10.044868 0.7037217 11.438787 56
-9.9885521 0.12319373 9.3855553 67
-10.055226 0.28795958 10.340305 69
-9.0557413 0.45499086 10.193344 3
-9.9941082 -0.085267045 9.3927689 64
-10.161972 0.085330091 10.453217 71
-10.028592 0.31258005 11.382998 4
-10.005246 -0.29423571 9.412384 64
-10.185681 -0.12051406 10.480102 58
-10.054412 0.1190261 11.402882 3
-10.019591 -0.50585711 9.4399481 70
-10.152215 -0.32524627 10.447892 61
-10.077436 -0.075739041 11.421644 2
-10.033783 -0.71649528 9.4715128 65
-10.227604 -0.5355565 10.540477 61
-10.114363 -0.27332509 11.46463 1
-10.047963 -0.92814964 9.5090752 63
-10.241553 -0.74319613 10.570052 67
-10.069214 -1.1431428 9.5588007 63
-10.261556 -0.95424795 10.611785 48
-10.082623 -1.3598167 9.6054058 58
-10.293589 -1.1682935 10.670706 66
-9.0897493 -0.76790303 10.210117 2
-10.451158 -1.8393528 9.2768955 15
-10.110911 -1.5810302 9.6721306 62
-10.297706 -1.3825943 10.705066 61
-10.423411 -2.0668933 9.3022776 64
-10.138417 -1.8029766 9.7435293 61
-10.336874 -1.6004318 10.781631 53
-10.363954 -2.2898936 9.3029833 77
-10.171164 -2.0289621 9.8277607 64
-10.346383 -1.8184714 10.829508 64
-10.351679 -2.5231097 9.3570385 82
-10.191331 -2.2583458 9.904377 59
-10.393198 -2.0464814 10.927586 59
-10.175276 -2.7093265 9.2525539 56
-10.200507 -2.4865572 9.9738407 60
-10.384053 -2.2662334 10.966772 64
-9.6437979 -2.7779884 8.7985249 49
-10.112597 -2.6891108 9.9457331 35
-10.436425 -2.5037181 11.08087 68
-9.6477432 -3.0066841 8.8798466 60
-9.6227732 -2.7630844 9.4893446 52
-10.187964 -2.6589839 10.854227 28
-9.6886654 -3.253248 9.0067244 54
-9.6657457 -2.9974 9.6082964 60
-9.654315 -2.7175968 10.295151 23
-10.313815 -3.73593 9.7395487 53
-9.6724548 -3.2248514 9.6976719 54
-9.5740185 -2.9044018 10.26721 48
-10.34657 -4.0053239 9.877203 56
-10.583121 -3.8112493 10.789785 56
-9.4318991 -3.0685146 10.16909 33
-10.387199 -4.2851491 10.032707 59
-10.612926 -4.0799513 10.926229 63
-9.3400841 -3.2493615 10.136892 10
-8.8849936 -2.7360909 10.292112 1
-10.602159 -4.6561899 10.381986 58
-10.612183 -4.3402791 11.035287 65
-9.3674965 -3.4770641 10.249526 2
-10.667869 -4.9699988 10.584976 57
-10.643729 -4.6218491 11.188852 65
-9.3247442 -3.6795254 10.285229 1
-8.7955332 -3.0952623 10.295433 2
-10.700357 -5.2753544 10.763573 58
-9.6870089 -4.4160328 10.21367 2
-8.6778736 -3.2451158 10.20796 3
-10.756187 -5.6040745 10.978436 48
-9.6098785 -4.6267676 10.24471 2
-10.783504 -5.924304 11.171801 52
-9.4779758 -4.8092303 10.217843 2
-9.8532925 -5.65241 10.286109 2
-9.4028807 -5.0229526 10.262758 2
-8.9927702 -4.4251108 10.279972 2
-9.2832527 -5.2104268 10.25998 2
-8.8583755 -4.584702 10.225122 3
-9.1704769 -5.4033227 10.272588 2
-9.0808582 -5.6122079 10.317447 2
-8.9083986 -5.763042 10.26312 2
-8.8986301 -6.0332828 10.423108 1
-8.8978462 -6.3187537 10.605262 3
-8.870369 -6.5935292 10.765003 2
-8.6232052 -5.939929 10.76613 5
-8.6794939 -6.7356105 10.710169 8
-8.5917664 -6.1925926 10.895611 56
-8.777009 -5.8157601 11.493061 2
-8.6374025 -6.5157695 11.146157 57
-8.600009 -5.9523864 11.389491 33
-8.6799498 -6.8510213 11.402648 24
-8.6229458 -6.2471018 11.583771 46
-10.508896 -8.8391447 14.319502 11
-10.461779 -8.0818129 14.531324 4
-10.200468 -8.9461718 14.134486 10
-10.354753 -8.3550129 14.594211 15
-10.432149 -10.314903 14.603697 14
-9.8734598 -9.0220966 13.916852 11
-10.197995 -8.5908566 14.593878 25
-10.277622 -11.377883 14.624495 18
-10.200508 -10.522303 14.606223 22
-9.6207323 -9.1649122 13.816233 6
-10.021232 -8.8113766 14.568245 15
-10.012913 -11.577235 14.641459 12
-9.9767208 -10.74211 14.627776 15
-9.9270296 -9.9132118 14.613849 14
-9.7147923 -8.9015322 14.340816 9
-9.7514277 -11.780346 14.66742 17
-9.7660246 -10.979899 14.683467 3
-9.7257223 -10.135012 14.623744 3
-9.4602184 -9.0374231 14.197103 12
-9.4717388 -11.954917 14.669175 12
-9.5136805 -11.166056 14.672644 12
-9.5344963 -10.374034 14.661769 15
-9.1349401 -9.0910463 13.939508 11
-9.2018232 -12.142711 14.695086 16
-9.2764664 -11.371003 14.696038 13
-9.3156576 -10.577286 14.658468 15
-8.9182549 -9.2608461 13.870338 3
-9.0238533 -11.557212 14.700217 12
-9.1111927 -10.802045 14.687815 15
-9.1899118 -10.014143 14.658692 14
-8.7865791 -11.765674 14.739319 9
-8.8892965 -11.007538 14.695667 9
-9.0175858 -10.263278 14.697408 16
-8.3587732 -12.644543 14.745787 10
-8.5292501 -11.945713 14.749063 10
-8.6612425 -11.212072 14.706831 11
-8.8006744 -10.460714 14.666778 5
-8.0938416 -12.837498 14.806186 9
-8.2761803 -12.129388 14.772799 11
-8.4464159 -11.433419 14.74717 12
-8.6216259 -10.713907 14.71871 11
-7.801291 -12.984375 14.822595 9
-8.0061617 -12.291827 14.773139 7
-8.21593 -11.637558 14.768049 8
-8.4262896 -10.954097 14.752078 16
-7.5299854 -13.165897 14.886006 5
-7.7511473 -12.480345 14.814213 8
-7.9737124 -11.824543 14.772582 10
-8.2132559 -11.173281 14.759304 11
-7.2172732 -13.262424 14.859821 8
-7.5058241 -12.685481 14.878831 4
-7.7378139 -12.031091 14.807148 11
-7.9976683 -11.391471 14.773785 9
-6.9310479 -13.41382 14.903282 9
-7.2234111 -12.822515 14.871231 7
-7.4849849 -12.207567 14.812756 5
-7.7684336 -11.602831 14.782608 9
-6.6316357 -13.537164 14.926058 6
-6.9458537 -12.980112 14.895364 7
-7.2539287 -12.435596 14.8836 7
-7.5518656 -11.835615 14.824898 9
-6.332469 -13.657459 14.951465 6
-6.6715555 -13.134067 14.921054 7
-6.9862852 -12.588405 14.868473 7
-7.3383431 -12.079689 14.878416 8
-6.3933201 -13.281209 14.941283 7
-6.7250233 -12.757818 14.87966 8
-7.0788851 -12.251448 14.849479 8
-6.0921326 -13.381924 14.920378 4
-6.4799218 -12.973883 14.950527 7
-6.8256578 -12.440739 14.848474 7
-5.433917 -13.993331 15.038795 7
-5.8187943 -13.546388 14.978823 5
-6.2023702 -13.126844 14.954672 7
-6.5966034 -12.689976 14.925048 6
-5.1193113 -14.057169 15.031714 8
-5.5304146 -13.673985 15.002163 5
-5.9232574 -13.275334 14.961371 5
-6.339673 -12.886691 14.944936 6
-4.8190784 -14.151359 15.091081 6
-5.2355795 -13.77777 15.028225 5
-5.6566825 -13.444034 15.023322 7
-6.0792007 -13.073955 14.980562 5
-4.4983439 -14.176158 15.059442 4
-4.9461451 -13.90834 15.07076 6
-5.3662076 -13.57763 15.024826 7
-5.8141618 -13.273617 15.01427 5
-4.2033224 -14.295234 15.133924 6
-4.6469774 -14.015623 15.091221 6
-5.0781269 -13.717054 15.039351 5
-5.5252676 -13.426587 14.997244 6
-3.8945165 -14.35673 15.153882 6
-4.3454332 -14.112539 15.106244 5
-4.800808 -13.906211 15.113557 6
-5.2563763 -13.645529 15.060055 6
-3.5853486 -14.421531 15.18759 7
-4.0433183 -14.209824 15.131958 6
-4.5049829 -14.039064 15.133252 4
-4.9648728 -13.801053 15.062742 8
-3.2689848 -14.442716 15.179318 5
-3.7416677 -14.315141 15.17363 7
-4.1947718 -14.125947 15.10982 5
-4.6667256 -13.948151 15.06029 6
-2.9665058 -14.533133 15.252986 6
-3.4349577 -14.405845 15.202218 5
-3.8953378 -14.267234 15.153358 7
-4.3830462 -14.172446 15.144806 6
-2.6551468 -14.556949 15.262727 5
-3.128499 -14.4885 15.232841 5
-3.5920348 -14.39781 15.190867 5
-4.0770998 -14.32631 15.164189 7
-2.3437769 -14.568702 15.267509 5
-2.8168559 -14.55653 15.253428 8
-3.2786582 -14.488044 15.193348 7
-3.7659528 -14.478627 15.184497 7
-2.0348275 -14.616469 15.318212 6
-2.5016527 -14.604766 15.261024 6
-2.9762394 -14.675894 15.300692 6
-3.4489052 -14.620816 15.20034 6
-1.7208318 -14.59495 15.29738 4
-2.1872408 -14.665996 15.284603 7
-2.6478918 -14.715446 15.2608 4
-3.1342788 -14.798696 15.259401 4
-1.4139287 -14.632375 15.346271 5
-1.8736191 -14.725886 15.315478 5
-2.3300662 -14.832792 15.309587 6
-2.8017349 -14.910129 15.257049 6
-1.1055046 -14.636287 15.368715 5
-1.5542868 -14.748826 15.314634 4
-2.0063579 -14.923484 15.337381 6
-2.4698744 -15.030523 15.2717 8
-0.79570752 -14.620058 15.377357 6
-1.2386204 -14.809362 15.361042 5
-1.6770309 -14.955366 15.312245 6
-2.1343331 -15.162724 15.303852 5
-0.49012542 -14.628119 15.417468 5
-0.91811943 -14.809623 15.351912 6
-1.3478659 -15.032251 15.340244 7
-1.793368 -15.25946 15.311818 6
-0.18348794 -14.609052 15.431783 6
-0.5999217 -14.843798 15.381821 5
-1.0160228 -15.10375 15.365765 5
-1.4507016 -15.407275 15.371855 7
-0.27798718 -14.889807 15.432281 5
-0.6783216 -15.171288 15.398818 6
-1.0975349 -15.468336 15.355439 7
0.039506793 -14.759513 15.305853 5
-0.33703026 -15.208188 15.406306 6
-0.73598111 -15.556164 15.373499 7
0.72292513 -14.449493 15.412349 6
0.36702514 -14.86356 15.430709 6
-0.011527837 -14.993833 15.169501 2
-0.37601194 -15.71538 15.468469 8
1.0246317 -14.428749 15.450319 7
0.6837796 -14.859123 15.444428 6
0.34328175 -15.302718 15.462205 7
-0.013514955 -15.784287 15.480796 5
1.3161061 -14.346098 15.42817 8
0.99878323 -14.792705 15.407488 6
0.68406063 -15.287764 15.441687 5
0.35290426 -15.806413 15.46006 6
1.5997062 -14.231896 15.38177 6
1.312269 -14.729298 15.379499 8
1.029315 -15.301831 15.457714 7
0.7172479 -15.798244 15.417517 7
1.8833714 -14.116467 15.338726 4
1.6351243 -14.732018 15.427342 6
1.3720952 -15.286882 15.450404 8
1.0903108 -15.841975 15.434772 7
2.1781869 -14.07262 15.378018 10
1.9498038 -14.668759 15.411331 8
1.7122834 -15.239054 15.418743 3
1.4621774 -15.833266 15.405261 8
2.4634027 -13.99343 15.383943 10
2.2582934 -14.578472 15.374914 8
2.0526633 -15.198704 15.401752 8
1.836475 -15.844033 15.407634 9
2.7433131 -13.890884 15.370786 9
2.5686462 -14.50777 15.366096 10
2.3928936 -15.139658 15.376362 10
2.2103534 -15.826175 15.392514 11
3.022078 -13.794292 15.371578 8
2.8855178 -14.453864 15.382874 10
2.7341993 -15.088921 15.367699 10
2.5833392 -15.789318 15.368243 13
3.292475 -13.668983 15.347226 9
3.1872187 -14.355412 15.358069 11
3.0825806 -15.061022 15.387823 10
2.9647686 -15.783427 15.380715 11
3.5651999 -13.561979 15.344952 13
3.4897368 -14.254716 15.336237 13
3.4133637 -14.969754 15.349504 12
3.3396261 -15.740252 15.362503 14
3.8248899 -13.426117 15.314278 10
3.7984409 -14.176804 15.346575 14
3.7507844 -14.88529 15.327402 11
3.7162924 -15.690452 15.350609 20
4.0938258 -13.315518 15.319423 9
4.096242 -14.063608 15.325351 10
4.0923195 -14.817306 15.331165 15
4.0986314 -15.638209 15.346517 13
4.3466268 -13.169345 15.287796 11
4.3970284 -13.961107 15.321536 11
4.4281373 -14.725943 15.318704 12
4.4689603 -15.550882 15.316444 19
4.6204596 -13.068126 15.315564 10
4.6943932 -13.846748 15.31308 14
4.7598801 -14.615533 15.293782 6
4.8476877 -15.478784 15.311722 13
4.8613548 -12.901587 15.270473 12
4.9976196 -13.747193 15.328681 9
5.100987 -14.529393 15.304705 11
5.2180805 -15.38237 15.29105 21
5.139143 -12.821465 15.333175 9
5.2726512 -13.585412 15.278587 14
5.4340916 -14.424321 15.301157 15
5.605125 -15.309215 15.30335 19
5.3781357 -12.658575 15.300328 13
5.561594 -13.454126 15.26869 17
5.7633314 -14.303746 15.289371 16
5.9785066 -15.203416 15.289287 18
5.6177654 -12.495382 15.271276 16
5.85111 -13.319353 15.258829 14
6.091979 -14.177214 15.27612 20
6.3886175 -15.164816 15.356833 5
5.8634424 -12.351602 15.272922 15
6.1373434 -13.182287 15.259686 17
6.4366426 -14.076652 15.302752 4
6.7143168 -14.947733 15.25227 23
6.0947766 -12.183524 15.247751 15
6.3968878 -12.996579 15.207111 6
6.7506056 -13.915967 15.275153 15
7.0866756 -14.823018 15.251051 21
6.3368759 -12.039023 15.25686 16
6.6998863 -12.887652 15.249976 15
7.0572414 -13.742785 15.239156 16
7.4610205 -14.690491 15.255144 19
6.535562 -11.821302 15.178297 6
6.9650474 -12.71018 15.222146 18
7.378408 -13.592551 15.236332 16
7.7904215 -14.476614 15.181527 9
6.8051033 -11.719058 15.255288 12
7.221004 -12.524135 15.188718 14
7.6888227 -13.418467 15.217894 15
8.1658745 -14.343463 15.201691 16
6.506073 -10.78058 14.232996 5
6.3448772 -10.659593 13.101873 5
8.0267048 -13.291391 15.256886 5
8.5311708 -14.180149 15.201412 22
6.7964067 -10.73762 14.383867 13
7.777853 -12.218566 15.217769 18
8.314764 -13.085996 15.217772 16
8.8732986 -13.983244 15.176429 16
7.1570172 -10.776791 14.656672 11
8.018445 -12.011032 15.176802 12
8.6082249 -12.884192 15.188969 16
9.2169056 -13.785026 15.159688 16
7.5047274 -10.785592 14.900873 13
8.3145132 -11.87257 15.230645 13
8.9131937 -12.69705 15.186645 16
9.6174126 -13.653726 15.224552 8
7.8450222 -10.772817 15.124544 18
7.9854674 -10.95857 14.285305 7
9.2079868 -12.49428 15.178001 19
9.9173355 -13.394021 15.160102 23
8.0930548 -10.636418 15.187232 10
8.2868729 -10.851218 14.379797 11
9.4690208 -12.250417 15.124581 12
10.243577 -13.158155 15.133328 15
8.2850676 -10.43126 15.166177 8
8.7555904 -10.928112 14.740947 9
9.8313513 -12.119183 15.22671 13
10.659974 -13.023682 15.237837 7
8.5101681 -10.261963 15.192229 17
9.1912928 -10.944831 15.026825 13
9.4391594 -11.16058 14.275679 2
10.921105 -12.710244 15.140092 20
8.7090998 -10.066793 15.185894 20
9.5151253 -10.82655 15.149996 15
9.8044357 -11.052138 14.407024 12
11.236329 -12.459383 15.12487 21
8.8948421 -9.8595343 15.165667 17
9.7557049 -10.61623 15.149859 8
10.321177 -11.085341 14.739223 13
11.531491 -12.181231 15.087608 7
9.0808115 -9.6537914 15.151982 18
9.9977999 -10.407434 15.160146 12
10.815126 -11.069409 15.027364 10
11.200786 -11.315608 14.318597 5
9.2828283 -9.4606428 15.166202 18
10.221478 -10.180016 15.150159 15
11.179623 -10.919322 15.152763 13
11.52591 -11.091572 14.353073 31
9.4471216 -9.233181 15.128491 25
10.416194 -9.9252291 15.110077 16
11.410679 -10.639682 15.109135 12
12.22562 -11.183636 14.818927 55
9.6162863 -9.0154066 15.10726 16
10.612241 -9.6759005 15.077248 13
11.652041 -10.370556 15.08831 10
12.322377 -10.747826 14.598266 48
9.7906456 -8.8020601 15.098871 12
10.813307 -9.4287405 15.056722 10
11.820556 -10.042924 14.987877 5
12.206767 -10.157434 14.169788 59
9.9999323 -8.6141853 15.142206 10
11.067386 -9.2237148 15.110534 11
11.983623 -9.7147999 14.893852 9
12.252337 -9.7130051 13.935185 63
10.187299 -8.4071493 15.160083 13
11.274605 -8.9776688 15.107448 14
12.234032 -9.4544554 14.905758 19
12.302953 -9.2833786 13.718289 64
10.340024 -8.1750002 15.134836 14
11.462569 -8.7160797 15.089499 15
12.416153 -9.1440744 14.850517 31
12.416132 -8.9093847 13.584484 82
10.477473 -7.9299974 15.093886 16
11.632812 -8.4449949 15.05694 14
12.492812 -8.7618866 14.68581 56
12.530443 -8.5428066 13.461863 83
10.624023 -7.6951241 15.071113 16
11.801658 -8.1729431 15.027919 9
12.457719 -8.3202581 14.413944 45
12.638102 -8.1736422 13.343275 85
10.803748 -7.4804311 15.096688 14
11.939627 -7.880969 14.968503 6
12.445854 -7.9069257 14.180571 61
12.672347 -7.7716236 13.165072 83
10.916682 -7.2223759 15.042575 13
12.069802 -7.5862885 14.909227 5
12.43633 -7.5038843 13.962118 62
12.728372 -7.390729 13.020412 66
11.111415 -7.0131154 15.092863 10
12.169701 -7.2757611 14.822615 8
12.483334 -7.1432586 13.8157 70
12.776128 -7.0100946 12.877151 60
11.2562 -6.7751098 15.088425 13
12.360014 -7.0168138 14.845494 13
12.537685 -6.7923794 13.689281 81
12.808587 -6.6310987 12.733231 75
11.406102 -6.5375857 15.091896 16
12.534921 -6.7484236 14.857677 17
12.618166 -6.4589987 13.596349 86
12.853566 -6.2623234 12.611054 79
11.537541 -6.2903342 15.080725 22
12.646347 -6.4470444 14.80308 35
12.714165 -6.1371288 13.531103 76
12.127375 -5.5694823 11.79921 58
11.652843 -6.0326238 15.05257 17
12.728748 -6.1340814 14.727537 34
12.102625 -5.5130486 12.772541 78
12.166652 -5.232173 11.699182 92
11.801473 -5.7934346 15.071098 17
12.060732 -5.501493 13.851418 52
12.116692 -5.1790428 12.646888 93
12.494134 -5.0050755 11.864239 16
11.285455 -5.2578702 14.307415 9
12.088938 -5.1884093 13.74102 83
12.454896 -4.9725342 12.845647 15
12.989341 -4.8286161 12.181997 78
11.766902 -5.1654811 14.731831 12
12.276967 -4.9393039 13.804921 16
12.957478 -4.8136435 13.203693 97
13.030931 -4.4836798 12.102699 85
12.094616 -4.9965606 14.969261 11
12.800029 -4.8057466 14.218022 55
12.999917 -4.4832816 13.121218 87
13.076566 -4.1447449 12.031822 77
12.210743 -4.7394609 14.965655 10
12.769957 -4.4716377 14.063054 63
13.032362 -4.1528063 13.0398 78
13.119568 -3.8077657 11.973782 80
12.294394 -4.4681988 14.931674 9
12.787177 -4.156095 13.966424 64
13.07998 -3.8310702 12.983686 80
13.141679 -3.4660106 11.903108 96
12.398991 -4.2055502 14.928165 9
12.811342 -3.845849 13.883465 64
13.101657 -3.5065656 12.911795 94
13.169481 -3.1330543 11.848106 84
12.466199 -3.9293649 14.887188 7
12.856472 -3.5445588 13.829978 74
13.128568 -3.1825325 12.848722 81
13.207387 -2.8030446 11.808875 88
12.519487 -3.6499 14.837464 5
12.886839 -3.2379057 13.766765 65
13.167328 -2.8646638 12.806404 71
13.230375 -2.4697316 11.76188 86
12.576713 -3.3727922 14.797647 7
12.904873 -2.9331503 13.697735 79
13.198117 -2.5460789 12.76322 103
13.277365 -2.1436281 11.74446 83
12.677468 -3.1037631 14.805924 9
12.943222 -2.6332061 13.655227 81
13.224218 -2.2258744 12.721021 75
13.313876 -1.8134291 11.725027 84
12.7354 -2.8248141 14.775865 10
12.983966 -2.3338635 13.620366 75
13.269628 -1.9131958 12.703942 104
13.348556 -1.4868535 11.710114 88
12.842209 -2.5539553 14.802545 14
13.029755 -2.0372837 13.597357 75
13.291105 -1.5952696 12.671393 88
13.383955 -1.1613538 11.705524 84
12.918511 -2.276587 14.804169 18
13.074499 -1.737865 13.581632 70
13.328094 -1.2801224 12.663076 89
13.405405 -0.83071929 11.695531 93
12.993218 -1.9958311 14.808996 14
13.099196 -1.4377111 13.551394 92
13.369585 -0.96666121 12.663637 98
13.447213 -0.50424504 11.709207 86
13.052702 -1.7130641 14.799152 14
13.128897 -1.137962 13.534152 75
13.39501 -0.64928168 12.655537 88
13.481011 -0.17643581 11.722979 93
13.113564 -1.4276539 14.798255 18
13.158789 -0.83668983 13.519882 96
13.428772 -0.33135819 12.661272 91
12.978801 0.15069675 11.305078 6
13.150178 -1.1388377 14.77586 19
13.189855 -0.53427249 13.513664 84
13.464703 -0.012272034 12.677063 95
12.766633 0.46145225 11.133107 86
13.196107 -0.84968495 14.769316 23
13.232257 -0.23180372 13.524242 76
12.836587 0.29575196 12.112273 41
12.803794 0.77835995 11.171846 94
13.203726 -0.55498523 14.726459 25
13.248272 0.071073398 13.517282 78
12.749563 0.59501898 12.033082 98
13.626297 1.1575229 11.859262 89
13.258182 -0.264653 14.741774 35
12.696514 0.36236504 12.972911 20
12.783118 0.90269303 12.065441 70
13.666277 1.4969583 11.914382 104
13.302077 0.033748288 14.748463 19
12.051992 0.6258235 12.344396 39
13.591703 1.2804786 12.790282 102
13.713528 1.8408742 11.981994 76
12.56869 0.31392035 13.956023 14
12.809246 0.96031606 13.067016 81
13.633359 1.6087282 12.84798 90
13.750035 2.1866703 12.051916 75
12.65075 0.60032427 14.019678 14
13.350139 1.3079255 13.588661 71
13.670033 1.9428438 12.906878 87
13.760926 2.5333729 12.106864 78
12.682955 0.88819814 14.033482 31
13.379085 1.6221242 13.624652 75
13.705618 2.2804599 12.971873 98
13.806442 2.8871012 12.196772 95
13.309313 1.2283925 14.668291 24
13.429308 1.9422083 13.687192 65
13.741585 2.6201098 13.043802 77
13.850622 3.2472706 12.295705 76
13.369961 1.5352123 14.724715 14
13.459717 2.2632015 13.740376 70
13.785745 2.9648855 13.130869 91
13.873033 3.6070499 12.384225 78
13.427001 1.8531266 14.786581 10
13.485292 2.5905504 13.797045 71
13.803424 3.3127782 13.202694 100
13.913638 3.9776313 12.49767 74
13.362897 2.150974 14.723445 10
13.529293 2.9239111 13.874942 60
13.819687 3.6640539 13.2812 111
13.949883 4.3541079 12.613953 76
13.257391 2.4443681 14.625787 10
13.601871 3.2677739 13.988433 68
13.776029 4.0021152 13.311622 91
13.986144 4.7359605 12.738174 70
13.251133 2.7550688 14.634355 9
13.698717 3.6260972 14.132409 66
13.750757 4.3485479 13.364596 80
14.02763 5.126368 12.87919 85
13.256828 3.0706921 14.662637 7
13.799537 3.9920757 14.288292 69
13.753176 4.7054539 13.453131 58
14.06674 5.5219793 13.027224 83
13.219372 3.3812509 14.656542 3
13.865843 4.3571997 14.418593 61
13.797543 5.081543 13.588777 62
13.535674 5.7009463 12.680882 16
13.270044 3.7147784 14.746006 3
13.904646 4.7218204 14.533451 74
13.837421 5.4650722 13.728768 76
13.313475 5.9901261 12.610843 68
13.300605 4.0502658 14.82284 3
13.895931 5.0789361 14.606026 52
13.510012 5.7107706 13.534142 29
13.330723 6.3814788 12.763908 68
13.277765 4.3740573 14.849076 6
13.87273 5.4325662 14.672222 16
13.299322 5.9962955 13.452291 78
12.705735 6.4722285 12.339501 26
13.213645 4.6925602 14.839084 9
13.637843 5.7120919 14.537004 15
13.242521 6.348464 13.523467 61
12.073989 6.5390878 11.90736 31
13.160947 5.0157185 14.850184 13
13.457021 6.0091162 14.460418 16
12.70182 6.4708357 13.13646 35
11.486296 6.5951977 11.512 40
13.106839 5.3396683 14.866755 13
13.318435 6.3186703 14.434428 21
12.120864 6.5532222 12.70913 25
10.92402 6.6418939 11.139106 44
13.04824 5.6634231 14.887258 18
12.808386 6.4503884 14.0348 16
11.476614 6.5729804 12.218251 26
10.403965 6.6842532 10.799201 42
12.899989 5.9567499 14.821023 17
12.058916 6.448947 13.3867 19
10.948079 6.6323881 11.834652 37
8.6802387 5.9586024 9.2847738 1
12.492669 6.1298189 14.478856 17
11.648821 6.5930643 13.090421 43
10.444297 6.6846809 11.475576 39
8.3667221 6.0555015 9.1226168 52
12.421842 6.4544349 14.505507 15
11.086278 6.6368594 12.632315 31
9.9617376 6.7350149 11.134127 36
8.1375227 6.2028308 9.0432301 56
11.710115 6.4560018 13.83378 16
10.540101 6.6701059 12.187883 31
8.3937426 6.0485983 9.6561403 55
8.163847 6.5263729 9.2281256 54
11.169056 6.5173702 13.353037 30
10.08188 6.7328849 11.835535 46
8.134387 6.1682796 9.525528 63
8.1730289 6.8470764 9.4056664 68
10.801177 6.6568208 13.061166 38
8.4653463 6.0268049 10.213121 33
8.1499863 6.4790316 9.6940079 62
7.8172064 6.8865585 9.2090034 55
10.318961 6.7104583 12.64854 21
8.1345997 6.0954499 9.9838991 62
8.1367826 6.7771993 9.84235 73
7.4770727 6.9279752 9.0285492 60
8.5899878 5.9604783 10.806125 2
8.1345243 6.3918095 10.123927 65
7.8725171 6.8873134 9.7197027 58
7.1780677 6.990129 8.8851538 54
8.3017712 6.0670099 10.594719 40
8.1477966 6.7061539 10.290288 68
7.5234528 6.9210343 9.5020361 65
6.8678308 7.0291924 8.7288265 49
8.0850363 6.2140851 10.467227 53
7.8943291 6.8275809 10.155344 55
7.1938519 6.9582567 9.3030424 66
6.549324 7.0524492 8.5616169 61
8.0982361 6.5270677 10.616651 46
7.535203 6.8538442 9.8988705 61
6.9081039 7.0197363 9.152442 57
6.2515244 7.0787711 8.412014 60
8.0926619 6.8331847 10.750451 61
7.2603159 6.9358134 9.7383251 60
6.5944114 7.0439119 8.9653511 59
5.9681835 7.1070399 8.2774906 59
7.7687263 6.8960238 10.512359 38
7.003665 7.0207872 9.6014986 61
6.302012 7.0709944 8.8028488 66
5.686244 7.1221251 8.1417303 62
7.3627563 6.8785367 10.171541 40
6.678061 7.0385923 9.3811636 57
6.0165005 7.0989757 8.644969 64
5.4257216 7.1516743 8.0295 64
7.0158052 6.8951964 9.8987913 49
6.3788958 7.0678425 9.189621 60
5.7307849 7.1139598 8.4870634 61
5.1803408 7.1890268 7.9329381 63
6.7550449 6.9752998 9.7336283 64
6.0856719 7.0916691 9.0027294 60
5.4692645 7.1438093 8.3546295 60
4.9220729 7.2024355 7.8192029 65
6.4717221 7.0283866 9.5394783 65
5.8108172 7.12286 8.8373985 60
5.2172117 7.1758461 8.2329721 65
4.6812134 7.2253928 7.7245426 70
6.1686845 7.0500755 9.3228512 51
5.5400963 7.1465011 8.6762238 57
4.9627156 7.1939363 8.1064854 71
4.4493341 7.2513862 7.6396885 71
5.8900924 7.0837388 9.1338549 58
5.2694511 7.1621985 8.5140581 64
4.7227974 7.2167459 7.9968109 69
4.2250295 7.2736917 7.5617318 69
5.637959 7.13485 8.9824905 45
5.0308938 7.2020512 8.3933525 59
4.4962335 7.2504168 7.9038739 68
4.0050015 7.2976751 7.4896407 72
5.3480349 7.1343889 8.7744865 54
4.7788095 7.2180433 8.2527933 60
4.2617912 7.265698 7.7980285 70
3.7863522 7.3144288 7.4165502 71
5.1081157 7.1843305 8.6369276 51
4.5489635 7.2519493 8.1409903 64
4.0431046 7.2955151 7.713016 67
3.5691521 7.3250084 7.3424263 64
4.8565984 7.2092633 8.4814568 52
4.3079767 7.2658401 8.0122776 60
3.8213649 7.31461 7.6239877 72
3.3672111 7.3552752 7.2940998 68
4.6135774 7.237494 8.336812 53
4.079937 7.2866058 7.9003434 64
3.6089313 7.3348823 7.5447831 70
2.7499697 6.6107984 6.4903574 65
4.3695564 7.2547731 8.1911354 59
3.858191 7.3087916 7.7963066 64
3.3992519 7.3518901 7.4675174 70
2.5785866 6.6423054 6.4604959 60
4.1327715 7.2723794 8.055337 58
3.6440964 7.3342886 7.7051296 63
2.7694724 6.5976586 6.6209226 24
2.4009948 6.650383 6.4126091 61
3.9145553 7.3083982 7.9451895 54
3.4315281 7.3516841 7.6118255 66
2.5982118 6.6292639 6.5800204 60
2.247546 6.7043681 6.4135222 48
3.6901906 7.3238997 7.8241029 62
2.7874217 6.5817876 6.7204661 13
2.4234991 6.6490908 6.5301776 59
2.2586555 7.1360021 6.7753725 33
3.4699116 7.3419461 7.7110605 58
2.6240673 6.6366725 6.6856003 60
2.2659919 6.6983809 6.513186 54
2.2124436 7.4726405 7.0477834 68
2.8261588 6.591074 6.8118353 1
2.4436324 6.6530266 6.6188526 58
2.2644813 7.1071367 6.8461499 36
2.0309985 7.4919701 7.0220828 64
2.6488566 6.6312346 6.7461524 60
2.2700679 6.6767554 6.5640335 56
2.2262423 7.4641085 7.1275306 66
1.8508281 7.5131679 7.0033798 68
2.4629102 6.6461205 6.6615086 59
2.2540817 7.0557981 6.8561244 32
2.0442739 7.4905491 7.0938659 67
1.6702508 7.5204329 6.9735699 64
2.281642 6.6656475 6.5877419 53
2.2318277 7.4604845 7.1724014 66
1.8591113 7.5052495 7.0532069 64
1.4964558 7.5439987 6.9648113 64
2.2614932 7.0460215 6.8689909 24
2.0483437 7.4940295 7.1318507 67
1.6797264 7.5253687 7.0234709 63
1.322382 7.5626116 6.9539285 63
2.2375894 7.4548616 7.1742496 64
1.8585064 7.5031805 7.0721669 64
1.5013465 7.5444388 6.9956689 63
1.1499976 7.5780711 6.9450374 61
2.0471907 7.487092 7.1168675 66
1.6748859 7.528698 7.033596 63
1.32002 7.5596519 6.9679723 62
0.97610247 7.5935345 6.9381762 60
1.8515261 7.5017619 7.0473909 65
1.4886895 7.5434656 6.9879484 63
1.1443595 7.5754304 6.9451389 60
0.80445099 7.6059036 6.93225 57
1.6611201 7.5180044 6.9847903 62
1.3084689 7.56674 6.9542069 62
0.96877515 7.5912142 6.9272857 60
0.6387338 7.635767 6.9462957 55
1.4746429 7.5418878 6.9351592 60
1.1286021 7.5829582 6.9194279 60
0.79594743 7.6137543 6.9174175 57
0.4696885 7.6428852 6.9442921 54
1.2868305 7.5618715 6.8865347 60
0.94835699 7.594223 6.8836393 60
0.62503552 7.6331706 6.9085197 59
0.30343398 7.6638608 6.9583445 53
1.1006789 7.5748029 6.8348627 61
0.77060103 7.6163621 6.8618855 58
0.4535028 7.6536994 6.9056697 53
0.13750494 7.6868486 6.9754276 56
0.91615874 7.5935578 6.7932081 59
0.59321278 7.633388 6.8391099 58
0.28039894 7.6612396 6.8937793 53
-0.02784536 7.6986051 6.9874187 51
0.73417681 7.6189752 6.7625446 57
0.41627699 7.6462827 6.8163018 54
0.11144972 7.6893849 6.9039063 54
-0.19562483 7.7155757 7.0064759 50
0.54948783 7.627604 6.7208495 56
0.24024943 7.6670971 6.8045154 53
-0.058697544 7.7056117 6.9070005 54
-0.36105138 7.7353272 7.0315094 52
0.36831856 7.6499176 6.6961656 54
0.063727662 7.6829324 6.7917247 52
-0.22982003 7.7219095 6.9131207 54
-0.52621704 7.7570395 7.0625548 54
0.18476872 7.6684279 6.6705108 57
-0.11087753 7.7065916 6.7909398 54
-0.40142822 7.742259 6.927258 55
-0.69322866 7.7699571 7.0885468 57
0.0038745904 7.6917758 6.6537666 55
-0.28690431 7.7254171 6.7891145 53
-0.57190412 7.7634988 6.9443831 55
-0.86075163 7.7877998 7.1216612 54
-0.17607728 7.714839 6.6421585 53
-0.46314719 7.7421155 6.7883792 50
-0.74507445 7.7769017 6.9585404 59
-1.0283543 7.8117008 7.1647353 58
-0.35991782 7.7263556 6.6234083 57
-0.63989937 7.7609591 6.7935567 57
-0.91632652 7.7881851 6.9746108 59
-1.1961324 7.8246126 7.2007756 62
-0.54238594 7.7517405 6.6197634 58
-0.81918448 7.7850094 6.8058543 57
-1.0902976 7.811707 7.0058126 61
-1.3659467 7.8467216 7.2468958 60
-0.72602415 7.7652197 6.6110721 59
-0.99687058 7.794909 6.811039 59
-1.265214 7.8263206 7.0299754 61
-1.5365624 7.8698683 7.3010416 61
-0.91109973 7.7937951 6.6175032 60
-1.1771402 7.8180075 6.8303752 61
-1.4399502 7.8489947 7.0682268 63
-1.7071331 7.8811498 7.3451743 61
-1.0975567 7.8046474 6.6158957 62
-1.3585484 7.8363609 6.8507175 62
-1.6175903 7.8738475 7.1095357 64
-1.8809226 7.9015784 7.4013906 66
-1.2839642 7.8283262 6.6273394 63
-1.5411239 7.855639 6.8740759 63
-1.7961833 7.8897109 7.1478109 65
-2.0562587 7.9261065 7.4656539 67
-1.4743991 7.8513474 6.6418538 63
-1.7254939 7.8760648 6.9034729 63
-1.9784296 7.9179125 7.2002082 64
-2.2316747 7.9396267 7.5238614 66
-1.6650672 7.8713884 6.6573501 62
-1.9134716 7.899827 6.9379406 64
-2.1618893 7.9432173 7.2546062 65
-2.412147 7.9616051 7.5931916 64
-1.8578976 7.8986197 6.6839128 63
-2.1023543 7.9236512 6.9774179 65
-2.3444102 7.9484005 7.2938843 66
-2.5922816 7.9765291 7.6604776 64
-2.0538781 7.9140978 6.7054729 65
-2.2923956 7.9355478 7.0118594 65
-2.5329006 7.9721231 7.3553576 66
-2.7749043 7.9956684 7.7358289 63
-2.249912 7.9285731 6.7290311 65
-2.4885666 7.9650059 7.0644946 66
-2.7251954 7.9971762 7.4219069 64
-2.9621131 8.0182104 7.8182802 72
-2.4543297 7.959784 6.7715273 67
-2.6858964 7.9845595 7.1127706 67
-2.9190035 8.0193377 7.4881401 69
-3.1491563 8.0256481 7.8903341 67
-2.6585982 7.9809141 6.8102961 67
-2.885967 8.0051861 7.1665173 67
-3.1150694 8.0365648 7.5557914 71
-3.1961844 7.585113 7.5221367 29
-2.8672738 8.0054646 6.8571382 69
-3.0909882 8.0324135 7.2312846 71
-3.1975288 7.6753755 7.2705383 39
-3.2643569 7.2556891 7.2617917 56
-3.0813272 8.0355196 6.9140916 70
-3.1856277 7.6802773 6.9573145 36
-3.2473688 7.264194 6.9344916 53
-3.4410713 7.271266 7.3470283 62
-3.1688747 7.635684 6.6027603 29
-3.236537 7.2481551 6.6111732 57
-3.429631 7.2673054 6.9977474 61
-3.6273305 7.2997146 7.4524755 61
-3.2380145 7.2391992 6.2951136 57
-3.4255984 7.2558613 6.6665878 61
-3.6199553 7.289062 7.0812654 62
-4.1624484 8.176115 8.4342318 52
-3.4302642 7.2344074 6.3325806 56
-3.6272762 7.2829599 6.7443814 61
-4.1614485 8.1603756 8.0031223 67
-4.3732872 8.195776 8.5491428 52
-3.6338382 7.2474761 6.3892994 152
-4.1781559 8.1529827 7.615345 66
-4.3884616 8.192399 8.1153507 63
-4.5907526 8.2198782 8.6731691 53
-4.2140489 8.162303 7.2499895 68
-4.4126396 8.182704 7.714694 60
-4.619637 8.2217684 8.2326422 63
-4.8110423 8.2352095 8.7952013 54
-4.456295 8.1867533 7.3344445 63
-4.6542025 8.2110596 7.8171563 60
-4.8525352 8.2432909 8.3479195 59
-5.0426383 8.2655659 8.9385033 54
-4.7080431 8.2150469 7.4290814 67
-4.898232 8.2336073 7.9226294 61
-5.0957613 8.2707243 8.473402 61
-5.2900529 8.3153229 9.1101685 47
-4.9650893 8.2397909 7.5257888 64
-5.1543155 8.2642164 8.0433512 59
-5.3432202 8.2945032 8.6049433 59
-5.5288706 8.3322668 9.2535267 59
-5.2340822 8.2735882 7.6387544 59
-5.4224877 8.3028965 8.1773291 58
-5.6033907 8.3294039 8.755765 61
-5.7513728 8.3137112 9.3644257 70
-5.5067763 8.2996864 7.7517514 58
-5.6866651 8.3211727 8.3001413 56
-5.87183 8.3610191 8.9097204 61
-5.9625549 8.2691088 9.4530029 56
-5.7962899 8.3362751 7.8821006 53
-5.981791 8.3772287 8.4676867 60
-6.14884 8.3953753 9.0758448 56
-6.2149744 8.2808123 9.6106768 51
-6.1019387 8.3829136 8.0338755 44
-6.2722273 8.4034367 8.6170959 55
-6.4341364 8.4290876 9.2492008 59
-6.4920144 8.3191357 9.8088169 52
-6.4052739 8.4087057 8.1734142 53
-6.5691738 8.4296103 8.7745285 58
-6.6817851 8.3887625 9.3524408 71
-6.8136377 8.4064293 10.07499 51
-6.7386351 8.4621849 8.3476248 46
-6.8908858 8.4759855 8.9615021 61
-6.9566679 8.3828726 9.5003347 63
-7.1544442 8.4993982 10.362538 50
-7.0630231 8.4847965 8.5045328 48
-7.2231965 8.5152702 9.1526356 58
-7.2605877 8.4035463 9.6878881 62
-7.4675899 8.5418215 10.598376 45
-7.4013724 8.5065756 8.6717224 55
-7.5267048 8.5038481 9.3010597 74
-7.5977044 8.4491072 9.9161873 59
-7.7927704 8.5822382 10.845445 50
-7.7642121 8.541502 8.8634262 56
-7.8341808 8.4817362 9.4495077 52
-8.0416613 8.606204 10.290933 57
-8.1388245 8.6314812 11.115932 48
-8.1551418 8.5929089 9.0857143 61
-8.1890535 8.5018501 9.6550074 57
-8.4158859 8.655982 10.555925 73
-8.4577541 8.6342611 11.339717 72
-8.4620104 8.5286827 9.1989574 54
-8.4458904 8.3981094 9.7321701 67
-8.4732752 8.3413649 10.380518 64
-8.4756327 8.2981529 11.1235 54
-8.4516144 8.1138792 8.9378624 63
-8.4720516 8.0466623 9.5230293 63
-8.4988966 8.0059128 10.177444 64
-8.4986668 7.9795251 10.924458 50
-8.651866 7.9359736 8.9367065 50
-8.7503815 7.9607539 9.633708 57
-8.8213129 7.9819264 10.374208 60
-8.8505354 8.0031214 11.19898 42
-9.1164484 8.012825 9.235446 75
-9.1121883 7.9473376 9.844182 73
-9.2576904 8.0521164 10.710418 72
-9.2538795 8.060298 11.538537 46
-9.2710018 7.7768097 9.1851368 74
-9.1593475 7.6317458 9.6865654 59
-9.3339825 7.7731481 10.592499 69
-9.3313179 7.7994633 11.433723 57
-9.4068375 7.5288873 9.125433 61
-9.1793489 7.3004804 9.506381 68
-9.3586159 7.4563246 10.418457 71
-9.3536825 7.4964809 11.2617 56
-9.5036488 7.2516389 9.0328579 8
-9.2060833 6.989079 9.3483858 70
-9.3535786 7.1261263 10.222801 76
-9.3757877 7.2037473 11.100707 66
-9.5557384 6.9434352 8.9003334 2
-9.2676582 6.7157865 9.2401962 72
-9.2887611 6.7586274 9.9639044 72
-9.4115181 6.9321876 10.968102 57
-9.3967409 6.50144 9.2125816 77
-9.2600107 6.4352975 9.7649384 71
-9.4310732 6.6532125 10.821193 62
-9.5248756 6.2860632 9.1879015 56
-9.2919769 6.1694236 9.6452894 62
-9.4606705 6.392158 10.697524 65
-9.5930796 6.0333514 9.1089697 31
-9.323391 5.9085031 9.5316553 69
-9.4813585 6.1303144 10.570693 60
-9.6592388 5.7804489 9.032999 5
-9.3447905 5.647697 9.4158421 69
-9.5087814 5.8800764 10.458037 62
-9.3871336 5.407948 9.3311281 68
-9.5212383 5.6269035 10.333394 62
-9.4634027 5.1913171 9.2845278 73
-9.4708052 5.3399386 10.144337 51
-9.6195545 4.8487983 7.9721794 1
-9.7171125 4.9777904 8.7116089 2
-9.5452585 4.9818358 9.2536631 71
-9.4133358 5.0572491 9.9547777 55
-9.5724316 4.552846 7.8248277 6
-9.6305933 4.7755933 9.2309332 64
-9.3933668 4.8067369 9.8158913 46
-9.6040745 4.3057346 7.7548618 19
-9.6953154 4.5574608 9.1896868 48
-9.421073 4.5889778 9.7395172 54
-9.6413174 4.0650806 7.6959405 35
-9.7792587 4.3550973 9.1779776 21
-9.4353685 4.3649964 9.6530237 55
-9.6756105 3.8273952 7.6414557 30
-9.8505135 4.1467338 9.1552887 5
-9.461503 4.153728 9.5855131 59
-9.7077713 3.5905128 7.5899382 43
-9.8483219 3.7624559 8.3483534 1
-9.8961687 3.9260747 9.1100903 2
-9.5168076 3.9569676 9.5545998 47
-8.9315281 3.0542285 6.8606238 54
-8.9105949 3.1540899 7.4108129 34
-9.7138071 3.616333 8.8444118 11
-9.4959717 3.7295108 9.4441862 54
-8.9636898 2.8473587 6.8272533 46
-8.9556284 2.9583814 7.3877239 65
-8.9611635 3.103519 8.0266066 62
-9.5526657 3.5378537 9.4223251 49
-8.9745321 2.6346006 6.7804761 55
-8.9620905 2.7512801 7.3328934 63
-8.9634428 2.9000845 7.9627171 58
-8.9552336 3.0988894 8.7066221 59
-9.5057278 2.5786324 7.1667075 6
-9.0067139 2.5585232 7.317811 48
-8.9874706 2.7065549 7.9242625 60
-8.9941387 2.9166832 8.6774921 58
-9.8254538 2.4409111 7.3798127 55
-9.8167505 2.5838263 7.9834437 48
-9.1159735 2.547029 7.9908848 24
-9.0116701 2.7294505 8.6320105 58
-9.8352833 2.2148113 7.3420172 58
-9.8512764 2.3699229 7.9631457 47
-9.8362112 2.5492258 8.6268435 59
-9.1229811 2.5734086 8.6873512 23
-9.8675852 1.9951559 7.3287191 60
-9.8658314 2.1529579 7.9302197 46
-9.850481 2.3394959 8.5876198 53
-9.7760277 2.5677152 9.3091869 66
-9.8943472 1.77614 7.3121319 60
-9.8716564 1.9359665 7.890419 12
-9.879921 2.1344202 8.5654488 57
-9.8123331 2.3741381 9.287365 69
-9.9066591 1.5563381 7.2909045 49
-9.8582067 1.7169983 7.840868 8
-10.088904 1.9689528 8.7162418 2
-9.8442631 2.1792521 9.2668848 68
-9.9420958 1.3405653 7.292316 56
-9.8735914 1.5054655 7.8228621 15
-9.9033155 1.9915849 9.2756882 49
-9.9658709 1.1226714 7.2873549 55
-9.8967428 1.2956315 7.8119884 19
-9.9435577 1.7972416 9.2700691 39
-9.9743061 0.90445638 7.2761569 61
-9.928854 1.0895132 7.8163023 18
-9.9674044 1.6016833 9.2516012 38
-10.016202 0.69031924 7.2959285 58
-9.9348745 0.87929237 7.8014512 24
-10.006886 1.4074711 9.2504187 31
-10.029539 0.4736605 7.2971816 62
-9.9673233 0.67133033 7.813086 27
-10.049124 1.2144306 9.2572966 33
-10.060658 0.25649527 7.3167524 61
-9.9898853 0.46246931 7.8205419 27
-10.083645 1.0187029 9.260026 27
-10.081873 0.038450751 7.3331428 64
-10.016304 0.25393316 7.8350687 25
-10.125049 0.82255739 9.2728748 29
-10.10908 -0.18109182 7.358633 66
-10.038813 0.044038959 7.8505192 24
-10.152722 0.62521791 9.2734737 23
-10.119447 -0.40110931 7.3738213 64
-10.068382 -0.16826475 7.8760839 21
-10.165596 0.42649949 9.264823 22
-10.147526 -0.62172616 7.4093523 69
-10.104784 -0.38115412 7.9118109 14
-10.201275 0.22562964 9.2805977 19
-10.169733 -0.84392238 7.4427829 67
-10.171183 -0.59848285 7.9760537 8
-10.230884 0.025218861 9.2962646 20
-10.192095 -1.0691357 7.4821997 72
-10.215806 -0.81672019 8.0269012 3
-10.239877 -0.17698622 9.2945518 24
-10.218471 -1.2960229 7.5296788 72
-10.252653 -1.0376602 8.0765953 1
-10.250874 -0.3800281 9.2968683 24
-10.24799 -1.5256596 7.5831971 76
-10.257972 -0.58442271 9.2991056 32
-10.27864 -1.7582297 7.6437201 72
-10.250197 -0.78911752 9.2920723 45
-10.308593 -1.9948889 7.7072101 60
-10.306175 -1.0013542 9.3501425 44
-10.329593 -2.232348 7.7695317 71
-10.306376 -1.2083904 9.3572369 52
-10.349697 -2.4719079 7.8358254 69
-10.328676 -2.1620111 8.2929993 63
-10.302677 -1.4167783 9.3642511 63
-10.365155 -2.715904 7.9030123 53
-10.35137 -2.3962684 8.3573561 75
-10.301141 -1.6278559 9.3792648 70
-9.7999477 -2.7802958 7.4926171 33
-10.374296 -2.6333847 8.4266796 67
-10.35148 -2.2714238 8.8930635 68
-10.304779 -1.8414465 9.3993511 63
-9.5974121 -2.9416666 7.3842583 63
-9.9610605 -2.7437057 8.1127834 37
-10.390125 -2.5061517 8.9696798 68
-10.279305 -2.0505459 9.3969345 70
-9.6240816 -3.1816058 7.4747605 68
-9.6102457 -2.8587523 7.8601089 60
-10.284169 -2.7064073 8.9170809 56
-10.267862 -2.2666605 9.414958 74
-9.6367416 -3.4186542 7.5558748 42
-9.6180506 -3.083133 7.9251938 61
-9.7528486 -2.7695556 8.4641857 31
-10.260678 -2.4832118 9.4378042 62
-10.573299 -4.0464659 8.4428196 6
-9.6455183 -3.3188863 8.0135832 62
-9.6293545 -2.9470444 8.3961267 58
-10.147367 -2.6718178 9.3608799 43
-10.524229 -3.9036655 8.8867111 51
-9.6308575 -3.1669719 8.4531345 62
-9.6780519 -2.7475836 8.9270554 36
-9.6509819 -3.3973491 8.5314293 35
-9.6365929 -2.9470813 8.9273815 45
-10.493426 -3.9723647 9.4179583 70
-9.6360712 -3.1641388 8.9713631 48
-10.734775 -4.7939253 9.3503761 7
-10.429086 -4.1990452 9.4297428 69
-9.6929312 -3.4073932 9.0802593 18
-10.706832 -5.0598068 9.4266462 70
-10.392299 -4.4385514 9.4749784 56
-10.321667 -3.8916752 9.7823744 50
-10.620975 -5.2976632 9.4540091 64
-10.430039 -4.7198744 9.6003675 48
-10.35716 -4.1540189 9.8848038 55
-10.772972 -6.1594915 9.4136305 66
-10.494788 -5.5148263 9.4487181 60
-10.440468 -4.9934039 9.7042694 56
-10.397429 -4.4259081 9.9962502 48
-10.640637 -6.3913054 9.4331532 61
-10.525825 -5.8268275 9.6018114 61
-10.475149 -5.2869611 9.842515 54
-10.449538 -4.7108588 10.12785 45
-10.626823 -6.7042627 9.5724344 45
-10.566828 -6.1530509 9.7740135 55
-10.515852 -5.5940571 9.9937935 45
-10.673682 -5.094449 10.451075 46
-10.655065 -7.0597658 9.7652454 46
-10.597216 -6.4832544 9.9449387 58
-10.634416 -5.9588289 10.233112 40
-10.711136 -5.3949256 10.5832 47
-10.725105 -7.4561319 10.009444 39
-10.721125 -6.8939948 10.22405 45
-10.811464 -6.3759842 10.548158 54
-10.751463 -5.7072983 10.725274 48
-10.979927 -8.018363 10.458176 41
-10.916716 -7.3719091 10.590118 48
-10.848953 -6.7198448 10.724014 48
-10.782147 -6.0245614 10.869143 49
-11.035131 -8.4432411 10.718939 45
-10.968547 -7.7638192 10.820018 50
-10.889459 -7.0774231 10.914875 49
-10.828435 -6.36238 11.036176 40
-10.827686 -8.6585283 10.714946 49
-11.00835 -8.1635237 11.049544 49
-10.94589 -7.4585295 11.133767 34
-10.872499 -6.7083044 11.210013 41
-10.435091 -8.7039385 10.512353 52
-11.023855 -8.5583324 11.268628 59
-10.998378 -7.8530693 11.360519 30
-10.918905 -7.0682268 11.396248 32
-10.333077 -9.0064878 10.63048 3
-10.003147 -8.0530529 10.334241 1
-9.6073027 -7.0705085 10.327404 2
-9.4121141 -9.3073072 10.311767 4
-9.2225809 -9.5186253 10.346026 2
-9.3212423 -10.076725 10.752834 2
-9.2823601 -10.15375 11.154104 2
-9.3633776 -10.730406 11.567616 3
-9.3495245 -9.8645191 11.333412 2
-9.3186312 -10.287989 11.572618 4
-10.778393 -14.892439 14.688985 6
-11.03475 -14.078324 14.647408 4
-10.383497 -15.004854 14.605084 11
-10.74409 -14.333276 14.673704 9
-9.2924128 -10.272118 11.794697 3
-9.9505978 -15.048083 14.46377 8
-10.444736 -14.578945 14.697824 8
-10.750113 -13.817566 14.655867 11
-9.5493355 -15.121742 14.365741 9
-10.149123 -14.830063 14.736114 5
-10.484127 -14.09903 14.69475 10
-10.838809 -13.342178 14.66279 10
-9.1167936 -15.125258 14.210518 6
-9.8123226 -15.022326 14.716632 8
-10.182077 -14.333407 14.686613 4
-10.587533 -13.646415 14.690224 10
-8.7131681 -15.168653 14.101466 5
-9.4208145 -15.11181 14.609581 8
-9.9234915 -14.643473 14.758917 9
-10.31784 -13.932177 14.701422 11
-8.3278294 -15.231606 14.02165 8
-9.0079336 -15.156914 14.463211 8
-9.6210785 -14.889684 14.769887 8
-10.048381 -14.223315 14.721117 5
-8.4486027 -16.373688 14.923572 4
-8.6085911 -15.206998 14.336258 6
-9.2747755 -15.06524 14.717866 5
-9.7842464 -14.52884 14.762497 10
-8.0733919 -16.489996 14.900287 8
-8.1904087 -15.203292 14.169234 5
-8.8805532 -15.145783 14.58299 6
-9.4932089 -14.805607 14.778379 10
-7.7116761 -16.637461 14.910504 7
-7.8089247 -15.261827 14.067378 8
-8.4935274 -15.227024 14.459678 7
-9.1846609 -15.058787 14.774817 5
-7.3636827 -16.819901 14.960741 6
-7.4651556 -15.400169 14.046362 5
-8.0899591 -15.26515 14.30476 6
-8.7860041 -15.151917 14.61949 10
-6.9925084 -16.937237 14.958673 7
-7.5225353 -16.524263 14.923066 6
-7.6638355 -15.242811 14.101771 8
-8.3811741 -15.217941 14.452699 7
-6.6369567 -17.104904 15.005385 11
-7.1679015 -16.696699 14.937869 6
-7.3018432 -15.349077 14.031093 5
-7.9770665 -15.278235 14.290588 9
-6.271924 -17.22953 15.027339 6
-6.8246503 -16.888651 14.981812 6
-7.3863163 -16.576143 14.977625 6
-7.546875 -15.259079 14.070338 10
-5.907455 -17.373001 15.070254 7
-6.470643 -17.070295 15.021814 4
-7.033884 -16.77178 14.991213 7
-7.6379299 -16.485605 14.988451 4
-5.5383778 -17.497351 15.104342 7
-6.1078215 -17.228256 15.046746 8
-6.6787214 -16.96837 15.009846 9
-7.2770858 -16.690031 14.971454 7
-5.1662025 -17.60598 15.128084 8
-5.7477202 -17.409058 15.092499 9
-6.3217773 -17.170624 15.040932 5
-6.9263711 -16.938551 14.997836 6
-4.8117318 -17.79847 15.233184 7
-5.3717523 -17.532869 15.100554 9
-5.9536328 -17.349951 15.057915 9
-6.5662642 -17.176361 15.026775 6
-4.4142799 -17.801382 15.181599 11
-5.005754 -17.699268 15.147794 6
-5.6006947 -17.578842 15.118554 6
-6.2131696 -17.43429 15.071059 7
-4.0464606 -17.904617 15.222538 7
-4.6274958 -17.80904 15.157214 9
-5.2286611 -17.772154 15.157926 9
-5.833693 -17.645479 15.084979 11
-3.653954 -17.956846 15.227905 11
-4.2500048 -17.986814 15.232367 8
-4.8322086 -17.928659 15.17577 8
-5.4465399 -17.870703 15.119672 10
-3.2820292 -18.081465 15.298841 10
-3.8576946 -18.070736 15.228264 12
-4.4455061 -18.092501 15.20338 9
-5.065969 -18.120384 15.180042 5
-2.9031291 -18.164305 15.341965 10
-3.4735231 -18.194366 15.266865 5
-4.0615339 -18.290323 15.264812 10
-4.6631994 -18.311535 15.193361 7
-2.5166914 -18.190062 15.345759 10
-3.0849545 -18.304277 15.300558 8
-3.6622243 -18.435349 15.289076 7
-4.262176 -18.531118 15.237164 9
-2.1339717 -18.253401 15.382635 9
-2.6934099 -18.429146 15.356664 9
-3.2523236 -18.560568 15.300994 10
-3.8501203 -18.740852 15.27977 11
-1.7480696 -18.278645 15.395959 8
-2.2923419 -18.486757 15.360706 8
-2.8450274 -18.683687 15.32606 10
-3.4232519 -18.871454 15.269548 8
-1.3672614 -18.325125 15.437045 8
-1.8961109 -18.575167 15.398891 7
-2.4344659 -18.829914 15.375395 7
-2.9994042 -19.073147 15.32443 8
-0.98043042 -18.316801 15.440138 11
-1.4952173 -18.647108 15.429716 7
-2.0185049 -18.985657 15.435518 7
-2.5695002 -19.274345 15.38405 7
-0.59465617 -18.356485 15.485169 8
-1.090766 -18.710886 15.461839 8
-1.5971867 -19.043224 15.425792 8
-2.1314554 -19.460312 15.436139 7
-0.68568277 -18.754631 15.482026 6
-1.1680744 -19.160126 15.470639 7
-1.6835133 -19.629824 15.484702 7
-0.73746735 -19.277695 15.525008 6
-1.2236563 -19.69162 15.456773 12
0.54715288 -18.30534 15.517604 12
-0.30833298 -19.309803 15.511709 6
-0.76776397 -19.85186 15.509124 7
0.92550498 -18.223866 15.486213 8
0.53501552 -18.797363 15.508176 7
-0.027960185 -16.195316 12.991942 5
1.3033319 -18.166767 15.480991 6
0.94011354 -18.744314 15.476857 9
0.5707224 -19.391216 15.527939 7
1.6797171 -18.102453 15.475285 7
1.3515236 -18.755899 15.506723 5
1.0075758 -19.376688 15.504594 9
0.64286977 -20.063938 15.517496 8
2.0469973 -17.999125 15.442891 11
1.7509767 -18.672514 15.464627 10
1.4443634 -19.337502 15.472045 11
1.1212187 -20.117632 15.525208 6
2.4191549 -17.938496 15.455453 12
2.156327 -18.61908 15.453215 13
1.8769523 -19.276619 15.428889 13
1.6028647 -20.13179 15.5115 7
2.7869418 -17.851923 15.451193 10
2.5593777 -18.555647 15.439166 10
2.328439 -19.303358 15.457955 12
2.08535 -20.127073 15.48701 11
2.8681784 -16.485453 14.337517 5
2.9619741 -18.479614 15.423935 10
2.5681708 -20.124128 15.477683 10
3.2176676 -16.441845 14.373683 10
3.3608272 -18.404449 15.41597 12
3.2079625 -19.205172 15.429379 15
3.0466058 -20.077286 15.445798 13
3.5695314 -16.405743 14.426148 14
3.7627192 -18.323174 15.408084 12
3.650876 -19.160872 15.430407 20
3.5248463 -20.008493 15.40291 16
3.9551306 -16.480959 14.581139 11
4.1658731 -18.252985 15.420333 15
4.0896587 -19.091644 15.421237 14
4.0187507 -20.005077 15.420652 19
4.3518348 -16.560644 14.745324 16
4.5510092 -18.119221 15.383562 11
4.534996 -19.023544 15.41899 14
4.5118074 -19.977293 15.42855 15
4.6650405 -16.373838 14.680289 13
4.941021 -18.003475 15.369167 17
4.9637566 -18.905405 15.384927 17
4.9986238 -19.899748 15.407906 14
5.1226492 -16.601248 14.993507 14
4.9307504 -16.719305 14.359195 5
5.4024477 -18.813995 15.381407 19
5.481019 -19.808048 15.386875 16
5.5296469 -16.645878 15.152237 18
5.3188763 -16.669216 14.410226 9
5.9595828 -19.695934 15.360353 20
5.9024282 -16.593855 15.231203 17
5.7254486 -16.649609 14.494891 14
6.4492774 -19.601219 15.354038 17
6.2847228 -16.553846 15.325722 16
6.1581717 -16.685335 14.636317 15
6.6949148 -18.433823 15.333886 16
6.9079375 -19.421728 15.293907 10
6.632463 -16.427305 15.349023 14
6.6033359 -16.728987 14.790786 12
7.1262865 -18.297966 15.329387 15
6.9426346 -16.217445 15.295401 18
7.0628753 -16.780193 14.962287 18
7.6012235 -18.246666 15.399166 9
7.2623701 -16.034889 15.276604 17
7.5125122 -16.782541 15.100241 13
7.4632297 -16.935291 14.412134 7
8.3535986 -19.011192 15.267384 17
7.5835924 -15.855697 15.268235 10
7.9817281 -16.807079 15.270943 18
7.9327459 -16.91143 14.517918 10
8.8348999 -18.85746 15.265497 9
7.9327083 -15.7277 15.308112 19
8.3605804 -16.651617 15.282463 17
8.4371796 -16.939505 14.68036 13
9.3114481 -18.686798 15.256438 20
8.2301683 -15.509439 15.269446 19
8.7271557 -16.463764 15.273369 16
8.9692078 -16.989777 14.874097 14
9.7702274 -18.476627 15.232033 16
8.5363646 -15.308664 15.253982 19
9.0538683 -16.213409 15.215016 8
9.5258131 -17.050581 15.088966 12
10.279577 -18.34996 15.284452 15
8.8437471 -15.105473 15.242216 20
9.455677 -16.082245 15.276034 14
10.004518 -16.964556 15.187463 11
10.112281 -17.142235 14.439434 9
9.1469679 -14.903839 15.235682 15
9.7763128 -15.821766 15.219451 16
10.462625 -16.832355 15.25771 18
10.708813 -17.172533 14.63732 18
9.4833088 -14.747558 15.282259 9
10.106783 -15.580338 15.187557 10
10.861808 -16.601183 15.244511 15
11.303489 -17.167423 14.824306 22
9.7487955 -14.488079 15.225601 17
10.504262 -15.430506 15.254017 11
11.691713 -16.854578 14.754029 32
10.039637 -14.266117 15.217607 22
10.828016 -15.172248 15.22062 16
11.398978 -15.799754 14.929964 9
11.609736 -15.945417 14.166266 41
10.282436 -13.986396 15.150738 12
11.112155 -14.868103 15.151119 8
11.791421 -15.564879 14.938515 27
11.705219 -15.309138 13.815124 46
10.641724 -13.848339 15.242166 11
11.817151 -14.89516 14.53413 29
11.915167 -14.832383 13.611433 69
10.88763 -13.573152 15.188827 17
11.576708 -14.151102 14.906188 9
11.785611 -14.196073 14.094938 29
12.032618 -14.273626 13.33095 61
11.181945 -13.354553 15.207539 17
11.923571 -13.931108 14.937066 24
11.854388 -13.636506 13.788691 41
12.082191 -13.666074 13.005341 70
11.368164 -13.017156 15.092425 8
12.019032 -13.439541 14.684789 53
12.026123 -13.211254 13.618502 66
12.16041 -13.112494 12.729268 69
11.916331 -12.769361 14.226407 44
12.148407 -12.745996 13.408103 75
12.228892 -12.573037 12.465301 64
11.955824 -12.267631 13.951943 70
11.469863 -11.541814 12.405311 30
11.533292 -11.353577 11.511026 76
11.395472 -11.540714 14.189054 6
11.484711 -11.314099 13.147478 63
11.519634 -11.075957 12.176136 73
11.72154 -10.989084 11.408024 54
11.462199 -11.13696 13.985659 61
11.610774 -10.94492 13.004783 36
12.011878 -11.000734 12.380078 33
12.358248 -11.008306 11.711613 102
11.739714 -10.930143 14.030662 46
12.23904 -11.008158 13.391038 86
12.363136 -10.795032 12.452754 85
12.432213 -10.54686 11.518655 81
12.089877 -10.780839 14.160122 56
12.352936 -10.624454 13.246019 65
12.409011 -10.339733 12.246339 73
12.477217 -10.080462 11.319317 81
12.14857 -10.38604 13.972284 47
12.385592 -10.189122 13.036 78
12.461905 -9.9063425 12.060081 74
12.537278 -9.6357479 11.145126 79
12.189504 -9.9891109 13.779029 59
12.441821 -9.7791891 12.853864 80
12.515532 -9.483079 11.884895 88
12.524955 -9.1551189 10.923268 78
12.293884 -9.649415 13.661347 60
12.499374 -9.3842039 12.691813 74
12.552263 -9.0590496 11.705375 77
12.452815 -8.6527672 10.668136 86
12.407956 -9.3199654 13.559932 64
12.542716 -8.989933 12.525018 75
12.600627 -8.6562386 11.551537 100
12.477674 -8.2297564 10.504856 86
12.492533 -8.9788036 13.440159 79
12.579603 -8.600173 12.362389 88
12.644431 -8.2591352 11.402847 96
12.518346 -7.8243613 10.363271 89
12.539137 -8.6170893 13.289229 71
12.626661 -8.2234364 12.216538 77
12.696404 -7.8758478 11.272951 105
12.570873 -7.4371228 10.243393 93
12.583393 -8.2601175 13.141342 70
12.675149 -7.8558493 12.082633 79
12.733418 -7.4901505 11.136353 99
12.617311 -7.0513372 10.126626 86
12.630094 -7.9124522 13.007365 66
12.714425 -7.4904923 11.951909 102
12.763866 -7.11098 11.005887 94
12.684326 -6.686666 10.035447 76
12.673612 -7.5666299 12.878477 65
12.755966 -7.1354465 11.830063 94
12.736567 -6.7083855 10.837489 97
12.795211 -6.3470731 9.9841728 79
12.716644 -7.2297254 12.75541 67
12.789722 -6.7786274 11.706271 97
12.695865 -6.311635 10.669126 86
12.148647 -5.6756816 9.3912153 15
12.748821 -6.8920918 12.629393 73
12.82597 -6.4323802 11.596235 104
12.128048 -5.6907139 10.099616 6
12.257978 -5.356781 9.3583822 87
12.782288 -6.5527167 12.509088 74
12.877044 -6.0916924 11.503596 86
12.214076 -5.37569 10.047688 94
12.339573 -5.0317807 9.3119431 40
12.830971 -6.2314539 12.410065 75
12.152724 -5.4327908 10.772314 92
12.255445 -5.0492682 9.9711914 69
13.068192 -4.9381232 9.7216711 91
12.099217 -5.5757875 11.619408 49
12.228323 -5.1333327 10.723174 91
12.828631 -4.9160171 10.297826 100
13.11729 -4.5884099 9.6606731 71
12.147472 -5.2785621 11.538011 70
12.923002 -5.0640192 11.177859 58
12.898249 -4.592206 10.253954 91
12.290008 -5.0222082 11.548899 34
13.026844 -4.761435 11.153565 104
12.925865 -4.2589583 10.182879 97
12.960113 -4.9524126 12.021779 74
13.065782 -4.4374413 11.084266 98
12.930763 -3.9198303 10.099234 92
12.989588 -4.6405444 11.93768 72
13.091413 -4.1142101 11.012382 95
12.995958 -3.6012697 10.067539 83
13.033868 -4.3350496 11.869289 73
13.110964 -3.7924373 10.940529 95
13.035143 -3.2783556 10.025454 87
13.061999 -4.0281072 11.796327 66
13.124268 -3.4721272 10.869915 106
13.103238 -2.9631422 10.008809 77
13.103002 -3.7266145 11.738131 74
13.12967 -3.1504478 10.797506 107
13.137404 -2.6422749 9.9728975 83
13.124957 -3.4269772 11.679982 86
13.137033 -2.8392937 10.741714 113
13.184367 -2.3276234 9.9584131 81
13.166089 -3.1263204 11.629792 73
13.147206 -2.5247867 10.687147 109
13.20458 -2.006057 9.9237061 88
13.191374 -2.8244057 11.573739 80
13.139518 -2.2078798 10.620778 116
13.268314 -1.6907936 9.9260454 85
13.226089 -2.5196316 11.528082 79
13.167992 -1.8955742 10.590247 105
13.296054 -1.3654127 9.9075737 89
13.272757 -2.2226892 11.495998 72
13.182594 -1.5846016 10.54871 97
13.333083 -1.0464509 9.8985291 85
13.290502 -1.9191788 11.449765 77
13.213112 -1.2781352 10.530259 101
13.374061 -0.72695303 9.9000244 93
13.611752 -0.19256535 9.3651209 85
13.324512 -1.6202687 11.418865 77
13.233349 -0.96852863 10.506363 99
13.424892 -0.40687665 9.9126968 83
13.100228 0.13911703 9.0285978 12
13.353108 -1.3196226 11.389688 84
13.257536 -0.66027087 10.49374 96
13.448906 -0.081952512 9.9141226 87
12.866737 0.45478743 8.8774967 93
13.389941 -1.0166616 11.368507 82
13.317822 -0.35051987 10.509087 106
13.019813 0.23559189 9.6064167 79
12.891257 0.77772635 8.8984203 81
13.426998 -0.71478856 11.355115 67
13.340774 -0.038351849 10.502098 95
12.838943 0.54136622 9.4762335 94
13.715369 1.1638455 9.4412737 62
13.460125 -0.4115119 11.344935 76
12.929382 0.2666564 10.184099 77
12.864235 0.85226423 9.4942455 80
13.82091 1.5155046 9.5270128 10
13.485211 -0.10651917 11.33203 77
12.827827 0.56316322 10.099488 95
13.468098 1.2143195 9.9200153 87
12.963471 0.19266187 10.893163 13
12.882035 0.86922795 10.131112 96
13.529151 1.5466721 9.97369 88
12.778465 0.48139754 10.725166 84
13.497039 1.2246549 10.583741 93
13.521914 1.8760439 9.9855976 83
14.007423 2.5843103 9.7382898 10
12.807063 0.77655566 10.727154 83
13.583941 1.5516188 10.65083 95
13.568377 2.2138419 10.041492 85
13.985309 2.9365239 9.7655239 31
12.94073 1.0824816 10.82127 4
13.668605 1.8871155 10.722004 102
13.607166 2.5565226 10.095552 85
13.952996 3.28652 9.7929459 44
13.679107 1.4567974 11.390569 65
13.740525 2.2245038 10.790278 85
13.636265 2.8997645 10.150563 79
13.871441 3.627938 9.7908821 41
13.692003 1.774703 11.395617 68
13.805049 2.5676792 10.856508 79
13.675251 3.2492428 10.217301 77
13.791773 3.9651127 9.7987108 57
13.737464 2.1005123 11.43304 62
13.835919 2.9067442 10.906238 78
13.72037 3.6059489 10.296839 74
13.818382 4.3385224 9.8816757 65
13.787682 2.4317884 11.477338 56
13.885169 3.2570541 10.972772 80
13.757534 3.9652896 10.375764 62
13.847525 4.7175517 9.9769697 63
13.797829 2.7625453 11.496835 86
13.927494 3.6108482 11.041798 85
13.826937 4.3436308 10.483422 68
13.890834 5.106256 10.08717 66
13.846076 3.1048663 11.553506 62
13.949183 3.967639 11.101852 69
14.028703 4.7711287 10.69233 66
13.933572 5.5064139 10.204044 73
13.876132 3.4493594 11.599651 81
13.983168 4.3309207 11.177378 83
14.099623 5.1692343 10.820718 77
13.410356 5.6901855 9.9383106 52
13.921851 3.8026867 11.665096 64
14.029517 4.7071209 11.268796 66
14.119065 5.5567861 10.91655 61
13.403006 6.0690131 10.033443 67
13.956069 4.1641011 11.731834 63
14.058733 5.0879617 11.358715 69
13.412305 5.6680045 10.490567 44
13.126574 6.3380809 9.9492731 38
14.00793 4.5345335 11.812838 58
14.110068 5.4792972 11.46789 71
13.386557 6.0351419 10.563089 93
12.532732 6.4411068 9.635911 45
14.050264 4.9073987 11.897168 56
13.504329 5.6227388 11.0789 16
13.263557 6.3608489 10.570163 52
11.896033 6.4988618 9.2899895 44
14.089181 5.2876697 11.982456 58
13.359238 5.9357328 11.04822 89
12.460095 6.3631682 10.069946 36
11.299143 6.5504417 8.9692345 52
14.041443 5.6462421 12.005202 37
13.356453 6.3121438 11.133244 70
11.925655 6.4682808 9.7703238 58
10.741395 6.5952587 8.6747484 57
13.352595 5.7476053 11.515306 53
12.788136 6.4282932 10.781138 30
11.3593 6.5329852 9.4438553 52
10.240698 6.6489158 8.4209518 51
13.366377 6.1254044 11.597671 70
11.986909 6.404469 10.241413 34
10.809764 6.581192 9.1279125 47
8.5887384 5.9555202 7.2764397 29
13.176619 6.414464 11.525253 29
11.414724 6.4647741 9.8818674 45
10.294685 6.6250854 8.8382568 49
8.2922983 6.0615849 7.1591578 54
12.465261 6.4535737 11.02014 21
10.971297 6.5733633 9.6263323 64
8.6256447 5.9264059 7.6172328 18
8.1985779 6.3014617 7.2050853 68
11.658424 6.4110785 10.437781 23
10.440889 6.6146789 9.2963219 50
8.3383417 6.0376592 7.4921122 62
8.2316904 6.6339974 7.3571877 66
11.12515 6.479887 10.082774 29
8.7258568 5.904561 7.9789729 2
8.1866932 6.2348571 7.4786215 70
8.1185112 6.8698387 7.398345 74
10.651055 6.5647311 9.7740154 51
8.4250717 6.0105472 7.8273821 60
8.2231865 6.5685978 7.6281743 74
7.7416158 6.8954415 7.224894 60
10.218687 6.652873 9.5028429 47
8.1885557 6.1496792 7.7317004 63
8.1745205 6.8477883 7.7146525 80
7.386673 6.9238405 7.0656233 63
8.56497 5.9526472 8.1727057 28
8.2026157 6.4592137 7.8540859 67
7.8161669 6.8866014 7.5394974 61
7.0553246 6.9540825 6.9259295 65
8.2263584 6.0269423 7.9713645 58
8.21171 6.7802415 7.979629 72
7.4564719 6.9114966 7.3602953 62
6.7481599 6.9931383 6.8018365 62
8.1934328 6.3057599 8.0404558 58
7.9281373 6.8814545 7.8524208 59
7.1175256 6.940495 7.196734 64
6.4331012 7.0128431 6.6707897 67
8.2368574 6.6467214 8.1874685 51
7.5641737 6.9078064 7.6533051 61
6.8091745 6.9807124 7.0576682 67
6.1494794 7.0527215 6.5662689 70
8.0536137 6.8320379 8.1338501 62
7.2291002 6.9485388 7.4797335 64
6.5021887 7.0137768 6.918541 63
5.8577108 7.0712786 6.4507875 74
7.6846361 6.8629284 7.9138498 61
6.9099851 6.9857893 7.3168497 60
6.2002611 7.0353255 6.7822595 65
5.5906777 7.103601 6.354919 73
7.3683448 6.9220328 7.7410188 57
6.5873489 7.0062795 7.1499338 66
5.9264841 7.0733132 6.6725368 71
5.3185306 7.1133027 6.2530208 70
7.0362573 6.9534822 7.5533309 50
6.2899384 7.0344634 7.0055928 62
5.6523771 7.0972896 6.5587473 71
5.0665383 7.1422138 6.1698532 68
6.7098994 6.9803834 7.3715167 54
6.0029039 7.0647011 6.8690739 61
5.3810072 7.1180062 6.4458923 68
4.8212337 7.1664963 6.0905399 69
6.4056997 7.0152698 7.2083373 62
5.7192121 7.0865955 6.7364507 68
5.1161647 7.1320968 6.3378835 69
4.5887284 7.1966166 6.0230217 68
6.1114473 7.0472245 7.0539603 58
5.4526062 7.1169472 6.617559 66
4.869091 7.161602 6.2466302 69
4.3510361 7.2151814 5.9485402 65
5.8211436 7.0747128 6.9004211 62
5.1832485 7.1364298 6.4946074 72
4.6265402 7.1815743 6.1582003 67
4.1288161 7.2432761 5.8877916 68
5.5437565 7.1010885 6.761713 59
4.9233217 7.1511173 6.3785176 69
4.3958373 7.2115746 6.0806551 67
3.9108968 7.2660336 5.8299747 66
5.2826781 7.1379933 6.6387606 55
4.6890559 7.1885047 6.2900753 68
4.1674447 7.2333288 6.0050249 67
3.6958599 7.2865114 5.776094 65
5.0085516 7.1450067 6.4988928 67
4.4447227 7.2057548 6.1897149 66
3.9458473 7.2514443 5.9342504 63
3.4844866 7.3026385 5.7241235 63
4.7573423 7.1669397 6.3846822 63
4.2118344 7.2249484 6.1011539 65
3.7298579 7.2750654 5.8684039 63
2.8466632 6.552959 5.0819464 7
4.5057335 7.1849079 6.2684598 65
3.9910831 7.2540669 6.0234218 64
3.5179756 7.2983012 5.8094797 62
2.6791198 6.5921583 5.0612869 76
4.2751884 7.2199798 6.1759391 63
3.7651799 7.2716193 5.9407253 63
2.8872476 6.5720925 5.166296 2
2.5014899 6.6112266 5.0277066 76
4.0449238 7.2469954 6.0833726 62
3.5487843 7.2922997 5.8678703 62
2.7044837 6.5926719 5.1198182 77
2.327575 6.6269503 4.994041 75
3.8090763 7.258482 5.9818277 65
3.3388512 7.316391 5.8019161 62
2.5194502 6.6004257 5.0673137 77
2.2988441 6.9560809 5.2003736 34
3.5899708 7.2844586 5.9000521 61
2.7214406 6.5840049 5.1494522 77
2.3447139 6.6192527 5.0286803 75
2.300293 7.3926673 5.4827299 57
3.3689187 7.3005805 5.8152609 64
2.5368679 6.5977564 5.0929718 78
2.2959621 6.9121618 5.1981888 35
2.1259873 7.4324346 5.4732084 60
2.7468908 6.5746679 5.1539183 57
2.3592427 6.6198888 5.0454092 75
2.313153 7.3854117 5.501451 57
1.9375902 7.4323926 5.438735 80
2.5624654 6.6014624 5.0965061 76
2.2955861 6.8871307 5.1860561 35
2.1357994 7.426486 5.4839935 78
1.75563 7.4457903 5.415216 76
2.374773 6.615519 5.0330873 52
2.3127294 7.3714366 5.4873791 56
1.9463189 7.4376011 5.4456 77
1.5673947 7.4266844 5.3736391 79
2.2916863 6.8525009 5.1399312 35
2.1350198 7.4205894 5.465971 78
1.7523677 7.4240637 5.3941584 79
1.396075 7.454123 5.3680019 82
2.3187091 7.3659959 5.4532285 55
1.9298414 7.3980927 5.3946886 80
1.5665956 7.4207945 5.3546209 82
1.2253746 7.4774938 5.3613319 77
2.1170704 7.3702641 5.3890238 59
1.7385871 7.4023676 5.3482957 80
1.3894767 7.4427834 5.3340664 81
1.0524197 7.4880319 5.3496423 79
1.9189944 7.3792071 5.3317862 79
1.5602047 7.4335203 5.3238153 84
1.2154566 7.4644713 5.3194561 78
0.88232148 7.5063162 5.3459439 75
1.733505 7.4120436 5.2954459 59
1.3746533 7.4432869 5.2873406 77
1.039152 7.4733715 5.2977929 78
0.71619171 7.5332985 5.3511791 79
1.5434059 7.4283156 5.253047 76
1.1937797 7.4586821 5.2587667 80
0.86832362 7.505846 5.2941289 80
0.55192482 7.5681229 5.3644185 57
1.352692 7.4386039 5.2066503 77
1.0154525 7.4787965 5.2362113 77
0.69632202 7.5263281 5.2854748 81
0.38253245 7.5722885 5.3586345 78
1.1669869 7.4573898 5.1722441 80
0.83768219 7.5038333 5.2196937 79
0.52317184 7.5348716 5.2727842 79
0.21876769 7.6109915 5.3799372 74
0.98281831 7.4810405 5.1428366 79
0.66125882 7.5217252 5.2021136 82
0.35197237 7.5522485 5.2681074 79
0.054932475 7.6486921 5.4022369 74
0.79873431 7.4946499 5.1113319 82
0.48713335 7.5514226 5.1944723 80
0.1819772 7.5705104 5.2662902 77
-0.1107925 7.6665235 5.4143028 76
0.6202209 7.5183072 5.0896354 78
0.31120011 7.5587978 5.174716 82
0.013769025 7.5821681 5.2634859 76
-0.27421993 7.6927357 5.4355669 80
0.43784717 7.5377655 5.0691957 80
0.13393088 7.5667315 5.1601195 82
-0.15557586 7.6063747 5.2708344 77
-0.4404836 7.7146053 5.4548516 77
0.25510761 7.5522156 5.0477443 79
-0.040661447 7.5894156 5.1565661 82
-0.32556516 7.6225953 5.2761612 77
-0.60829508 7.730598 5.4721355 79
0.073770814 7.5705557 5.0322843 81
-0.21623889 7.6031971 5.1499734 76
-0.49527332 7.651824 5.2935467 77
-0.77548999 7.7525425 5.497437 75
-0.10786276 7.5859179 5.0168128 80
-0.39195767 7.614975 5.1453738 76
-0.66669494 7.6932287 5.3210292 77
-0.942545 7.765502 5.5176687 77
-0.28945956 7.6003227 5.0043106 79
-0.56791383 7.6328492 5.1477928 76
-0.83867365 7.7277303 5.3474793 81
-1.1127752 7.7757506 5.5399747 79
-0.47114766 7.6327424 5.0069585 81
-0.7451942 7.6668386 5.163363 77
-1.0118663 7.7602992 5.3739629 81
-1.2815878 7.7998581 5.5733266 80
-0.65354395 7.6481581 5.0025039 84
-0.92241663 7.681736 5.1698136 80
-1.1887264 7.7961555 5.4055271 87
-1.4524368 7.8231034 5.6107111 81
-0.83832502 7.6597509 4.9970903 76
-1.1006917 7.6956863 5.1783109 83
-1.3654424 7.8229222 5.4350882 85
-1.6256914 7.8424935 5.6461763 60
-1.0231184 7.69031 5.0078211 79
-1.2819133 7.7198763 5.1959305 81
-1.5415095 7.8265734 5.4514875 83
-1.799387 7.8669176 5.6886482 62
-1.2100157 7.7000194 5.007453 79
-1.4631478 7.7330871 5.2094479 77
-1.7215385 7.8487124 5.481997 82
-1.9741738 7.8885632 5.7320485 62
-1.3967689 7.7188649 5.0160437 83
-1.6472079 7.7666516 5.2390919 79
-1.9027808 7.8689232 5.5145435 84
-2.1495507 7.8951855 5.7674117 63
-1.5858486 7.7348404 5.0267105 78
-1.834475 7.7984557 5.269815 80
-2.0859632 7.8902216 5.5511818 83
-2.3319654 7.9313798 5.8271284 64
-1.7772832 7.7579293 5.0455317 76
-2.0253847 7.8344431 5.3087177 83
-2.2713799 7.9087248 5.5878448 84
-2.511054 7.9412165 5.8706388 63
-1.9724166 7.7752481 5.0624104 80
-2.2218707 7.8859191 5.3607955 77
-2.459672 7.9303765 5.6315966 83
-2.6957581 7.965528 5.9283271 64
-2.1691072 7.8048911 5.0913095 76
-2.4175899 7.9123697 5.3986893 79
-2.6497273 7.9502554 5.6763277 60
-2.8840191 7.989224 5.9879718 66
-2.3700206 7.8279219 5.1190872 58
-2.6143005 7.9350162 5.4373732 82
-2.842726 7.9685163 5.7229505 83
-3.071224 8.0048218 6.0455203 67
-2.5722294 7.8509007 5.1500392 59
-2.8166716 7.9639812 5.4843459 87
-3.0404611 7.9920163 5.7777972 90
-3.1460984 7.6358995 5.8128624 38
-2.7804 7.8844919 5.1921682 60
-3.0216558 7.9871283 5.5294743 85
-3.1386957 7.6781421 5.5889707 40
-3.1966026 7.2416859 5.5596333 50
-2.9869442 7.8948202 5.2221222 60
-3.1305277 7.677341 5.34764 46
-3.1872957 7.2498507 5.3183661 50
-3.3673115 7.2378821 5.6057553 57
-3.1288757 7.6741738 5.1025434 47
-3.1803489 7.2310553 5.0711679 65
-3.3611827 7.2271399 5.3446965 75
-3.549932 7.2568479 5.6755705 56
-3.1829381 7.2216616 4.8291764 71
-3.365624 7.2262959 5.1036749 77
-3.5487616 7.2457533 5.4043026 77
-3.7168372 7.2307091 5.7094579 17
-3.3816569 7.2317495 4.8689404 88
-3.5626359 7.244946 5.1575198 78
-4.0917115 8.132391 6.1185918 64
-4.2899179 8.1558008 6.5065756 68
-3.5880716 7.2491002 4.9150133 79
-4.1115589 8.1191664 5.8288794 64
-4.3107657 8.1478052 6.1909051 65
-4.5095716 8.1822662 6.5979652 69
-4.1509972 8.1198597 5.5482373 65
-4.3447361 8.1349859 5.8930612 66
-4.5493035 8.1870432 6.2862988 66
-4.7371769 8.2094259 6.6950593 63
-4.3908691 8.1401873 5.6099315 65
-4.586967 8.169488 5.9768777 64
-4.7843204 8.2118416 6.3739247 68
-4.9703007 8.2400055 6.8016863 64
-4.6438284 8.1696644 5.6829195 65
-4.8354077 8.201519 6.0637975 64
-5.021265 8.2267809 6.4595351 70
-5.1991425 8.2531939 6.8981314 60
-4.9010916 8.194561 5.7599478 65
-5.0877986 8.2229767 6.1477151 65
-5.2723775 8.2581158 6.5624962 72
-5.4482832 8.291316 7.0191102 62
-5.1745048 8.2369432 5.8534241 65
-5.3536344 8.2586136 6.2490258 70
-5.5365772 8.2975683 6.6787906 70
-5.6891427 8.3025932 7.1238012 61
-5.4451427 8.2569818 5.9367113 67
-5.6257148 8.2917376 6.3534083 65
-5.8002005 8.3228607 6.7899742 62
-5.9550395 8.3420563 7.2591095 64
-5.7340431 8.2936163 6.0384331 66
-5.9087205 8.3247776 6.4650164 62
-6.0707946 8.3477182 6.9063225 67
-6.2235637 8.3746643 7.394484 55
-6.0301981 8.3267937 6.1453319 62
-6.2006016 8.3585262 6.5828309 66
-6.3581476 8.3840122 7.0390553 63
-6.498364 8.4037771 7.5349288 62
-6.3367271 8.3558636 6.2553711 62
-6.5086074 8.3996897 6.7159681 66
-6.6546731 8.417201 7.1759038 63
-6.789844 8.4435663 7.6906943 56
-6.6617174 8.3977938 6.3817673 64
-6.8196769 8.4283485 6.8440208 64
-6.9558148 8.442853 7.3147755 61
-7.0845494 8.4715414 7.8424773 58
-6.9969902 8.4365101 6.5153747 58
-7.1408296 8.4557438 6.9813008 61
-7.2827897 8.4887409 7.4802718 63
-7.4033494 8.517499 8.0208616 52
-7.340467 8.4637632 6.6481199 61
-7.4901538 8.5014477 7.1422768 65
-7.6152506 8.5208311 7.642869 60
-7.7287536 8.556036 8.2023306 45
-7.7153206 8.5157595 6.8106036 62
-7.8556108 8.5463581 7.3115549 63
-7.9756989 8.5732355 7.8320856 60
-8.046854 8.5705757 8.3685341 54
-8.1166248 8.5729752 6.9896126 62
-8.2320137 8.5884914 7.4899931 64
-8.3483658 8.6189661 8.0274973 77
-8.4005136 8.6126137 8.5715408 83
-8.392415 8.4720984 7.046277 69
-8.3906679 8.3701715 7.4486222 72
-8.4347448 8.3362055 7.9203787 67
-8.429739 8.2856817 8.411108 58
-8.4217653 8.10186 6.8826313 57
-8.4358177 8.0332756 7.3025942 68
-8.4483795 7.986536 7.7506514 67
-8.4699774 7.9804792 8.2711134 53
-8.6219902 7.9200149 6.8803797 47
-8.7015305 7.9343238 7.3740449 60
-8.7630873 7.9528527 7.8895607 52
-8.769413 7.9484396 8.417614 44
-9.0381613 7.9445491 7.065269 55
-9.1361284 7.9915123 7.6013303 63
-9.1883926 8.0103636 8.1294804 63
-9.2005196 8.029563 8.6940117 65
-9.2521849 7.7663059 7.0803275 79
-9.2641163 7.7435622 7.5466042 72
-9.2902832 7.754921 8.0603428 70
-9.2875652 7.776566 8.6175995 55
-9.2943783 7.4339271 6.9576111 72
-9.2615671 7.3889751 7.3880572 53
-9.4001303 7.5117307 8.0044718 6
-9.396493 7.5515909 8.5707235 4
-9.3285627 7.1082282 6.8356843 75
-9.3343582 7.1099997 7.3029084 74
-9.3399782 7.1297188 7.799232 14
-9.3455849 6.7787795 6.7102456 75
-9.3605995 6.7994556 7.1827555 69
-9.3685217 6.8364639 7.6852303 54
-9.3789091 6.4739437 6.6072979 75
-9.3753586 6.4920144 7.0644426 82
-9.3897514 6.5456581 7.5701308 71
-9.4106112 6.1749859 6.5083566 79
-9.4058533 6.2059922 6.9675488 76
-9.4037275 6.2572083 7.4559064 47
-9.4453945 5.8861909 6.4190316 73
-9.4456892 5.9286728 6.8783684 80
-9.4266233 5.9813929 7.3563981 75
-9.5259209 6.1545358 8.0083628 3
-9.4754248 5.6030288 6.3330855 79
-9.4726238 5.656364 6.7913823 84
-9.4687185 5.7276607 7.2786174 84
-9.4525328 5.8335748 7.8280067 16
-9.4968195 5.3243752 6.248775 71
-9.5008364 5.3921657 6.7112789 83
-9.4991121 5.4735208 7.1987739 81
-9.4523497 5.5687866 7.7174959 33
-9.5290232 5.0593243 6.1798539 75
-9.5203714 5.1261215 6.6281223 80
-9.5223408 5.2218237 7.1197586 76
-9.5055952 5.3457856 7.6623635 55
-9.543766 4.7896938 6.1026301 75
-9.5429983 4.8692679 6.5549841 80
-9.5530167 4.9767675 7.0477018 69
-9.5213995 5.1035042 7.5767832 48
-9.5635366 4.5288844 6.0332432 73
-9.5720167 4.6234469 6.4931049 74
-9.5773897 4.7356529 6.9810033 74
-9.5543251 4.8770599 7.5145011 58
-9.5917435 4.2786622 5.9776998 72
-9.5924006 4.3753266 6.4273844 77
-9.590004 4.4945264 6.9082847 73
-9.576128 4.6489949 7.4461617 64
-9.6189451 4.033092 5.9263425 71
-9.6072969 4.1339397 6.3657627 75
-9.6021166 4.2562156 6.8394284 72
-9.6041079 4.4280372 7.3865132 56
-9.6312399 3.7854631 5.8692546 71
-9.6460142 3.9025564 6.3222671 73
-9.6389771 4.0346971 6.7939558 76
-9.6329985 4.2078848 7.3299112 61
-9.6613264 3.5483329 5.8285995 71
-9.6696692 3.6709301 6.2755351 73
-9.6603003 3.8079324 6.7402158 68
-9.6468878 3.9875119 7.2670636 63
-8.8922701 3.0183358 5.2720761 66
-8.8587637 3.1193588 5.6470823 31
-9.6850986 3.5854657 6.6945662 67
-9.6729422 3.7742095 7.2174869 55
-8.9024239 2.8015597 5.2311707 64
-8.9152927 2.9277339 5.6352015 62
-8.9011259 3.0624793 6.0477529 65
-9.6824417 3.55742 7.159544 57
-8.9314308 2.5954285 5.2066431 65
-8.9189825 2.7173824 5.5901518 62
-8.9099836 2.8616278 6.0028534 64
-8.909977 3.0486207 6.4779706 58
-9.46486 2.5389245 5.5065837 26
-8.9627409 2.5235732 5.5769601 58
-8.948554 2.6713972 5.9815807 63
-8.9257545 2.8594246 6.4362659 58
-9.7767878 2.3967364 5.6648149 71
-9.7595692 2.543257 6.0763731 68
-9.0735874 2.5097806 6.0291238 32
-8.9453516 2.6715624 6.3986421 62
-9.7952757 2.1735826 5.6409817 71
-9.7911844 2.3292971 6.0578413 69
-9.7865267 2.507956 6.5008202 70
-9.0724678 2.51915 6.4512753 25
-9.8176527 1.9507594 5.6222253 71
-9.8100595 2.113209 6.0330534 69
-9.7942257 2.295927 6.4638391 68
-9.7828827 2.5270152 6.9559855 63
-9.8328609 1.7292963 5.6043391 71
-9.8404236 1.9011301 6.018508 68
-9.8162374 2.0891507 6.4411616 67
-9.8026419 2.3250926 6.9232907 60
-9.8693132 1.5137011 5.6028919 68
-9.8530493 1.6864699 5.9986086 69
-9.841958 1.8846962 6.4235682 68
-9.8307972 2.1279001 6.901782 62
-9.8970594 1.2953291 5.5972624 71
-9.8781614 1.4759078 5.9889712 69
-9.8599482 1.6775501 6.4028115 67
-9.8510618 1.9300126 6.8761187 63
-9.9107428 1.0777117 5.5883679 70
-9.9022398 1.2652453 5.9813132 66
-9.8844709 1.4739699 6.3912005 69
-9.872426 1.7302014 6.854466 58
-9.9361858 0.86111444 5.589704 69
-9.9273481 1.0536603 5.9766693 66
-9.9020786 1.269779 6.3764524 64
-9.8973017 1.5346997 6.8389044 65
-9.9615526 0.64449567 5.5950394 68
-9.940403 0.84301341 5.9678001 66
-9.9383211 1.0672089 6.3770714 67
-9.9212332 1.3381016 6.8253183 62
-9.9888544 0.42803973 5.6034126 71
-9.9651794 0.6333769 5.9711609 66
-9.9597235 0.86332214 6.3723979 65
-9.9334574 1.1394759 6.8034964 62
-10.011606 0.21016385 5.612442 67
-9.9943037 0.42310986 5.9793506 64
-9.9745951 0.65886486 6.3643413 65
-9.9517908 0.94238138 6.7905416 68
-10.03206 -0.0089272941 5.6236715 70
-10.015129 0.21210223 5.985631 67
-9.9988499 0.45520851 6.3667269 67
-9.976347 0.74781042 6.7869811 64
-10.063365 -0.22808382 5.6451097 68
-10.044943 -0.00013432074 6.0000768 69
-10.017149 0.25102034 6.3679948 66
-10.001263 0.54925561 6.7834058 63
-10.088676 -0.44778302 5.6674294 69
-10.062883 -0.21342437 6.0102892 69
-10.031556 0.045477331 6.3691807 68
-10.020044 0.35216054 6.7787199 64
-10.109318 -0.67090744 5.6876411 71
-10.08073 -0.4267416 6.0255003 69
-10.058987 -0.16194272 6.3806062 70
-10.041897 0.15331529 6.7790837 64
-10.127801 -0.89323676 5.7118163 67
-10.115635 -0.64258504 6.0530243 70
-10.082288 -0.36874187 6.3949561 69
-10.060923 -0.047796164 6.7803817 65
-10.162437 -1.1191775 5.748281 73
-10.133765 -0.85990739 6.0722184 69
-10.106905 -0.57944614 6.4113097 69
-10.084813 -0.24849245 6.7877741 66
-10.179282 -1.3466935 5.7773962 70
-10.147874 -1.0775999 6.0933342 72
-10.135392 -0.78982443 6.4337392 72
-10.111866 -0.45193517 6.8002133 67
-10.197188 -1.5761441 5.8125215 71
-10.185349 -1.3022933 6.1328597 73
-10.163005 -1.0023011 6.4591413 73
-10.130033 -0.65616179 6.8084769 70
-10.220178 -1.8071611 5.8517346 74
-10.199701 -1.5240023 6.1599574 73
-10.186796 -1.2171334 6.4854565 74
-10.159123 -0.8614555 6.8279448 74
-10.250683 -2.0455675 5.900053 76
-10.221212 -1.7491171 6.1961746 75
-10.209931 -1.4360447 6.5127378 75
-10.171528 -1.0692242 6.8390789 74
-10.279209 -2.285171 5.9523273 74
-10.253047 -1.9793608 6.2415614 75
-10.24102 -1.6562855 6.5501637 73
-10.197135 -1.2808628 6.8604445 75
-10.316087 -2.5300772 6.0127325 75
-10.291352 -2.2160764 6.2940378 75
-10.25644 -1.8789059 6.5782762 76
-10.218741 -1.4928632 6.8827324 70
-10.28017 -2.7602925 6.0308189 66
-10.302551 -2.4501631 6.3340077 77
-10.28099 -2.1047559 6.6165457 75
-10.246727 -1.7103386 6.9121118 74
-9.7490749 -2.8321154 5.7362528 39
-10.321906 -2.687566 6.3831162 76
-10.299616 -2.3321507 6.6566939 77
-10.263747 -1.9277821 6.9372811 74
-9.5596371 -2.9984903 5.6597342 67
-9.9257841 -2.800698 6.1549129 43
-10.328876 -2.5676513 6.7040009 78
-10.284956 -2.1488945 6.9705114 73
-9.5899429 -3.2389951 5.7280354 68
-9.5577126 -2.9063613 5.947288 66
-10.256531 -2.7759137 6.6865034 51
-10.321661 -2.3777103 7.0160136 73
-9.6092787 -3.4805143 5.7951488 72
-9.582509 -3.1403499 6.0075607 66
-9.6712694 -2.8192184 6.3050938 49
-10.343505 -2.6078866 7.0542693 80
-10.484069 -4.0909643 6.4337397 64
-9.5973692 -3.373095 6.064527 75
-9.5661602 -3.002039 6.2678862 67
-10.032485 -2.7401905 6.8482141 37
-10.529708 -4.3788786 6.5316763 62
-10.479017 -3.9693704 6.7279892 65
-9.5871086 -3.2317932 6.3209257 70
-9.6286268 -2.8332794 6.5759435 49
-10.549669 -4.6610112 6.6185465 67
-10.517435 -4.2448182 6.8152447 69
-9.5979729 -3.461436 6.3718944 32
-9.591711 -3.0349121 6.5781403 74
-10.585976 -4.9608092 6.7226429 60
-10.550224 -4.5247927 6.9043746 63
-10.494811 -4.0684099 7.0728364 65
-9.6132832 -3.2605691 6.628335 72
-10.62373 -5.2665195 6.8327427 62
-10.581672 -4.8129368 6.9984412 65
-10.532234 -4.3429246 7.1570854 66
-9.6252823 -3.490082 6.6733313 12
-10.653874 -5.5780864 6.9446659 62
-10.613454 -5.1073794 7.0964789 66
-10.557487 -4.6179576 7.2380958 66
-10.509103 -4.0917311 7.3870583 62
-10.699641 -5.9105148 7.0761037 56
-10.645243 -5.4128451 7.203815 66
-10.591226 -4.9081092 7.3305721 69
-10.553959 -4.3697901 7.4728384 67
-10.748222 -6.2559876 7.2141438 48
-10.68797 -5.7336698 7.3218751 60
-10.62298 -5.2027321 7.4265637 69
-10.575364 -4.6441364 7.5427437 66
-10.74909 -6.5785017 7.3263965 58
-10.718803 -6.0554771 7.439712 64
-10.656688 -5.5081196 7.5275483 65
-10.602302 -4.9259963 7.6227303 55
-10.777297 -6.9318075 7.4650273 60
-10.756652 -6.3918648 7.5696263 69
-10.689754 -5.8208127 7.6365042 70
-10.632011 -5.2188325 7.7087283 60
-10.825398 -7.3116312 7.6279116 61
-10.784152 -6.736269 7.6983047 67
-10.718407 -6.1409521 7.7483349 66
-10.671744 -5.5258822 7.8098426 60
-10.858852 -7.6957855 7.7894897 40
-10.843955 -7.1120219 7.8604317 61
-10.759496 -6.480114 7.8772964 64
-10.670447 -5.8174567 7.8842406 57
-10.928452 -8.1209917 7.9875274 57
-10.858297 -7.467679 7.9957829 9
-10.89238 -6.8966331 8.085597 5
-10.864524 -6.2396059 8.1216898 2
-10.966475 -8.53897 8.1749964 65
-11.05672 -7.9830165 8.286809 10
-11.030758 -7.3327947 8.308897 2
-10.93152 -6.6015801 8.2640152 3
-10.697296 -8.7046337 8.1189232 73
-10.938585 -8.2649622 8.3350086 66
-10.319526 -8.7602797 7.9733567 59
-10.944016 -8.6596546 8.4899731 75
-10.223756 -9.0775328 8.0677958 47
-10.549083 -8.7077007 8.3141146 71
-10.977875 -8.3911171 8.6501389 64
-10.237849 -9.510767 8.2657185 5
-10.234409 -8.8140202 8.2054825 59
-10.856182 -8.6763678 8.6902485 78
-11.002983 -8.0455246 8.7560835 40
-9.979434 -9.6807318 8.2343988 4
-10.217258 -9.2056894 8.3609018 43
-10.444973 -8.7064075 8.4803362 53
-10.993196 -8.4121704 8.8687544 53
-9.6177216 -9.7230053 8.1034641 3
-10.180348 -9.5904446 8.5069704 5
-10.210496 -8.8835459 8.4265347 53
-10.829051 -8.6647196 8.8585968 53
-9.8344946 -9.6593914 8.3799524 4
-10.227536 -9.3125467 8.6084166 17
-10.421791 -8.7007227 8.6375751 53
-10.131053 -9.6428947 8.6948786 7
-10.240048 -8.9319992 8.6219025 49
-9.7618141 -9.6858187 8.5295534 2
-10.24716 -9.3548079 8.7836838 10
-9.3964472 -9.721221 8.3674688 2
-10.076216 -9.611289 8.7910461 9
-11.387918 -14.710318 11.209266 5
-9.7442036 -9.6913033 8.6461897 3
-11.389782 -20.933256 14.561076 13
-10.852904 -21.005474 14.463355 8
-11.775759 -20.952457 14.799875 5
-10.329192 -21.094028 14.375175 6
-11.193504 -20.941513 14.605516 6
-9.8089991 -21.167713 14.28934 7
-10.651468 -21.019093 14.481189 8
-11.599147 -20.992971 14.788354 7
-9.2838268 -21.2159 14.195956 7
-10.110932 -21.067539 14.352497 7
-10.988046 -20.948935 14.553905 8
-8.7883921 -21.314619 14.148217 6
-9.5899191 -21.149433 14.253161 7
-10.471586 -21.079796 14.450097 7
-11.396645 -20.909472 14.605427 8
-8.7832623 -22.800114 15.020414 9
-9.0812569 -21.235533 14.168839 6
-9.9184179 -21.101099 14.284475 7
-10.831884 -20.971926 14.425532 9
-8.2860651 -22.970575 15.02812 6
-9.0802679 -22.69688 15.001715 5
-9.4056921 -21.221199 14.19308 6
-10.294791 -21.07649 14.281155 7
-8.5963459 -22.922268 15.013761 6
-9.7599726 -21.189621 14.149914 7
-8.1148529 -23.194874 15.060876 6
-9.7669458 -22.677668 14.927444 7
-7.6146684 -23.407621 15.07558 7
-8.4300966 -23.228914 15.021432 6
-9.3048258 -23.052906 14.9774 7
-6.3134313 -23.747839 15.18516 7
-7.9450946 -23.537113 15.073716 6
-8.8098097 -23.355347 14.988829 6
-5.8210664 -23.945776 15.247773 9
-7.4720016 -23.896801 15.165732 7
-8.3210268 -23.714464 15.038073 8
-5.3189998 -24.098787 15.291565 9
-6.1242762 -24.087009 15.213211 8
-6.9645305 -24.153605 15.199085 5
-7.8344893 -24.092472 15.107825 8
-4.803194 -24.206654 15.305124 7
-5.6083741 -24.291914 15.250176 7
-6.4440641 -24.399628 15.228702 7
-4.2947903 -24.373114 15.366222 7
-5.0879035 -24.471802 15.282662 8
-5.9137897 -24.636471 15.255897 6
-6.7792835 -24.703943 15.166389 9
-3.7738926 -24.506329 15.407914 9
-4.5597277 -24.660381 15.325447 7
-5.3890219 -24.946028 15.333012 9
-3.2556999 -24.637459 15.457073 9
-4.0347662 -24.899939 15.403482 9
-4.8462667 -25.182663 15.377408 9
-2.7303619 -24.737362 15.492366 7
-3.4933455 -25.016191 15.415531 7
-5.1441722 -25.707796 15.352925 9
-2.2072616 -24.842861 15.53854 11
-2.9580846 -25.222853 15.490697 7
-1.6811631 -24.872299 15.55154 16
-2.4120939 -25.376276 15.538802 10
-3.1755888 -25.865849 15.528762 9
-1.1530364 -25.014591 15.631742 8
-1.8581619 -25.489574 15.569701 11
-2.5949776 -26.039417 15.55444 9
-0.61869878 -25.000322 15.618962 10
-1.2934395 -25.575665 15.581692 7
-2.0071347 -26.179026 15.573167 12
-2.7820315 -26.844521 15.564691 9
-0.07848902 -24.982973 15.611499 12
-0.73001373 -25.667877 15.615502 9
-1.4125484 -26.43766 15.665368 10
-2.154655 -27.02635 15.581159 12
0.45236894 -24.902849 15.576693 11
-0.16278361 -25.64859 15.584805 13
-1.5241358 -27.294664 15.648163 8
0.97357923 -24.866398 15.573663 8
0.39811549 -25.687405 15.596236 12
-0.21002333 -26.544344 15.63509 10
-0.88395345 -27.448168 15.661439 10
1.496416 -24.842216 15.587529 14
0.95384502 -25.622721 15.559879 11
0.3937186 -26.609798 15.645777 11
-0.23813166 -27.520414 15.641184 11
2.017529 -24.700527 15.529637 10
1.5280591 -25.706005 15.611568 7
0.99692327 -26.586544 15.604622 11
2.5414073 -24.656853 15.537839 13
1.6131321 -26.673544 15.634223 8
3.0605423 -24.53039 15.500689 12
2.225915 -26.624889 15.590376 8
1.7421407 -27.704182 15.58908 11
3.5775754 -24.469913 15.514236 10
3.2196383 -25.508984 15.538748 15
2.8300326 -26.588427 15.567907 13
2.3962896 -27.688345 15.550331 10
3.7682922 -25.367741 15.4864 11
3.4576724 -26.619194 15.594248 13
3.0687227 -27.742529 15.560209 12
4.246829 -22.664955 14.486584 6
4.3275456 -25.284096 15.473491 13
4.0502095 -26.49316 15.537957 15
3.735271 -27.755976 15.561686 11
4.7440209 -22.668837 14.558712 16
4.875536 -25.196072 15.469993 15
4.6582575 -26.424707 15.519047 14
4.3979559 -27.672466 15.506539 13
5.2361484 -22.619743 14.599061 19
5.4318318 -25.084028 15.456363 11
5.2677431 -26.346636 15.50415 10
5.0668726 -27.625662 15.48769 12
5.7829285 -22.735975 14.75204 17
5.9836688 -24.964409 15.444568 12
5.7349448 -27.508764 15.434478 11
6.3226461 -22.792868 14.876846 16
6.5142031 -24.747946 15.376656 8
6.8590684 -22.809166 14.980317 18
7.0972962 -24.718987 15.436601 11
7.1172233 -26.060026 15.476492 10
7.4158792 -22.872061 15.11995 18
7.6532383 -24.583679 15.432899 12
7.7178345 -25.904512 15.447205 16
7.7834749 -27.316324 15.427519 14
7.9965687 -22.973589 15.298078 17
7.6636734 -22.983185 14.516232 6
8.4296551 -27.123024 15.376525 24
8.2498512 -23.015844 14.635192 13
8.8417234 -23.032457 14.748799 16
9.4998283 -25.347158 15.367722 18
9.4675131 -22.47625 15.338446 8
9.4666405 -23.076151 14.889469 18
10.120197 -25.189926 15.370841 6
10.280741 -26.252943 15.10641 12
9.9411554 -22.270092 15.335708 16
10.103458 -23.137957 15.055749 15
10.4611 -24.442032 15.026047 8
10.781812 -25.703754 14.88482 25
10.417132 -22.070641 15.344071 12
10.631801 -22.940756 15.057993 14
10.383383 -22.890423 14.189043 34
10.298219 -23.150724 13.506265 34
11.095481 -22.625385 14.99 30
10.916309 -22.661156 14.167028 27
10.86578 -22.935871 13.486642 65
11.041443 -21.390566 14.315222 26
11.14959 -21.883621 13.807357 34
11.209359 -22.281805 13.212172 31
11.285803 -20.512363 14.719114 25
11.150627 -20.512613 13.867251 35
11.322302 -21.034725 13.404703 33
11.332295 -21.27066 12.731656 42
11.23264 -19.484699 14.149162 29
11.418772 -19.962589 13.6528 42
11.429835 -20.142509 12.970729 28
11.432128 -20.311064 12.279016 32
10.336309 -17.218243 12.656482 58
11.510703 -19.155697 13.254374 37
11.527018 -19.298403 12.572095 33
11.545501 -19.430902 11.876852 36
10.910023 -17.310274 12.886945 37
10.923028 -17.385706 12.1852 34
10.945856 -17.492548 11.539737 58
10.958213 -17.565205 10.868629 42
11.174002 -16.920557 12.766663 61
11.171725 -16.947996 12.033269 70
11.162819 -16.96158 11.331521 58
11.157989 -16.977076 10.635903 82
11.726838 -16.948364 12.963703 89
11.74245 -16.957125 12.205867 74
11.754896 -16.972137 11.492551 99
11.625253 -16.77704 10.652988 56
11.816091 -16.351265 12.688989 55
11.815048 -16.303448 11.907146 67
11.844086 -16.301069 11.204037 48
11.69542 -16.062006 10.349719 61
11.881035 -15.748456 12.409409 52
11.902357 -15.700924 11.646102 67
11.757086 -15.448532 10.784129 60
11.8748 -15.515364 10.15577 46
11.937203 -15.156796 12.136907 52
11.972955 -15.095513 11.380484 58
11.797242 -14.789737 10.495418 82
12.145424 -15.093106 10.045362 18
12.007805 -14.616553 11.900841 71
12.039875 -14.517607 11.133728 65
11.868513 -14.205613 10.256251 61
12.061251 -14.080646 11.662871 72
11.921021 -13.76897 10.748734 68
12.046342 -13.756505 10.115053 56
12.129386 -13.575489 11.448491 72
11.956952 -13.218451 10.513124 76
12.293168 -13.396097 10.041805 15
12.17688 -13.075783 11.237108 71
12.00222 -12.698204 10.300278 84
12.19368 -12.556884 11.008854 61
12.091203 -12.239833 10.136925 76
11.603373 -11.386694 8.3779259 94
11.538837 -11.43776 10.237774 68
11.578329 -11.246072 9.5190887 95
11.605932 -11.064818 8.8501415 95
11.847022 -11.064095 8.3312826 58
11.603002 -11.024388 10.078881 67
11.909863 -11.051512 9.5637674 47
12.242237 -11.103664 9.0901251 66
12.471341 -11.062165 8.5388069 101
12.161148 -11.046782 10.323204 104
12.442545 -11.011138 9.7559872 113
12.476233 -10.78891 9.0562954 89
12.524772 -10.575159 8.3811255 96
12.238133 -10.65389 10.191931 69
12.493328 -10.570651 9.6023188 99
12.580919 -10.110123 8.2406025 101
12.356549 -10.296456 10.095048 63
12.62714 -9.6494713 8.1046305 88
12.530477 -9.9932365 10.051187 58
12.616194 -9.4507198 8.6298351 11
12.684021 -9.208353 7.9839072 95
12.673333 -9.6680403 9.9895678 21
12.655999 -9.0209818 8.4987926 76
12.72925 -8.7748451 7.8633919 97
12.786256 -9.3246632 9.907299 5
12.752642 -8.6442995 8.4141083 101
12.774657 -8.348073 7.7510061 93
12.804464 -8.2468901 8.309309 107
12.866002 -7.9635892 7.6755624 82
12.844168 -7.8477564 8.2005081 107
12.885453 -7.5452619 7.5650735 78
12.897307 -7.8105421 8.7904568 7
12.881772 -7.4585495 8.1003084 113
12.916362 -7.1424308 7.4700465 96
12.847891 -7.3939714 8.6382952 5
12.903237 -7.0686688 7.9996839 104
12.980719 -6.7615561 7.3965716 97
12.863127 -7.0155449 8.5287323 34
12.950365 -6.6992335 7.9194961 104
13.023129 -6.3786182 7.3205609 84
12.909641 -6.6640286 8.448535 78
12.995305 -6.3325138 7.8424077 103
12.267889 -5.6566978 6.8352933 104
12.979302 -6.326714 8.3858376 100
12.259486 -5.6353893 7.3356476 106
12.304852 -5.3033566 6.772295 101
12.246478 -5.6448216 7.845942 97
12.298821 -5.3003411 7.2735157 111
12.947063 -5.186779 7.0237303 36
12.176821 -5.6891475 8.3696175 60
12.28801 -5.3237762 7.7822056 95
12.900626 -5.1797266 7.5202541 43
13.184431 -4.8998632 7.0691314 113
12.265636 -5.4007092 8.331378 92
12.644896 -5.1266017 7.9094191 21
13.168699 -4.9191699 7.5884089 105
13.229921 -4.5444098 7.022954 104
12.311967 -5.0995111 8.2719193 56
13.152399 -4.9695945 8.1205482 108
13.210021 -4.5753717 7.5372529 106
13.268441 -4.188323 6.976912 104
13.123282 -5.0812349 8.6926413 91
13.195404 -4.6399999 8.0672913 94
13.242383 -4.2307596 7.4862709 101
13.314524 -3.8399899 6.9426908 97
13.143423 -4.7555189 8.617795 72
13.214506 -4.3061948 8.0045061 104
13.281324 -3.8927946 7.4431338 107
13.345594 -3.4902802 6.9047613 100
13.162269 -4.4347315 8.550952 17
13.258319 -3.9807186 7.9602151 95
13.305313 -3.5534682 7.3992872 117
13.377756 -3.140686 6.8718114 101
13.177875 -4.1166654 8.4851561 30
13.273118 -3.6515653 7.9044909 103
13.345154 -3.2186258 7.3651195 113
13.413513 -2.7974677 6.8467636 103
13.214296 -3.8045499 8.4329386 58
13.31062 -3.3305554 7.8663001 102
13.387662 -2.8890684 7.3378763 103
13.447478 -2.4520817 6.8227606 109
13.239532 -3.494437 8.382926 83
13.360152 -3.0116708 7.8368716 102
13.406302 -2.5553091 7.3031063 106
13.488153 -2.1123579 6.8086052 110
13.281795 -3.1869071 8.3425779 80
13.383605 -2.690383 7.7979527 103
13.449957 -2.225872 7.2838545 125
13.519839 -1.7717983 6.793643 115
13.346872 -2.8865125 8.3217907 82
13.42313 -2.3715782 7.7717443 106
13.479568 -1.8961474 7.2648897 114
13.556561 -1.4327163 6.7865915 103
13.378025 -2.5799632 8.2836809 78
13.451362 -2.0557673 7.746737 104
13.512151 -1.5677094 7.2498636 115
13.584228 -1.0938157 6.7797122 109
13.426208 -2.2770171 8.260232 86
13.483049 -1.735253 7.7226877 102
13.550754 -1.2408448 7.2417173 107
13.624376 -0.75206083 6.781611 108
13.447457 -1.9695772 8.2253151 86
13.519547 -1.4192239 7.7085276 107
13.584507 -0.91254151 7.2356706 115
13.646257 -0.41164577 6.77985 104
13.475954 -1.660804 8.1952686 95
13.560259 -1.1026165 7.6992106 107
13.610639 -0.58058876 7.2286224 107
13.689653 -0.071314558 6.7924314 113
13.504569 -1.354178 8.1698818 95
13.589293 -0.78192151 7.6861262 100
13.656844 -0.25138193 7.2375202 115
12.934443 0.25971889 6.4377851 87
13.542902 -1.0491092 8.1553097 93
13.625098 -0.46257979 7.6817045 106
13.15142 0.079794161 6.9742913 18
12.940784 0.58361608 6.4416561 91
13.581844 -0.73926246 8.1432991 88
13.65698 -0.14517078 7.6816864 105
12.900953 0.39012378 6.8445139 107
12.998384 0.91161013 6.4741406 4
13.615176 -0.43194562 8.1337929 88
12.972924 0.17127122 7.3037686 72
12.928455 0.70588601 6.8571239 96
13.798813 1.3095616 6.8575163 68
13.651443 -0.1199543 8.1255875 93
12.896183 0.4755981 7.2526665 90
13.815481 1.0887384 7.2981825 10
13.810833 1.6578037 6.8789539 62
12.894027 0.18322992 7.6793408 63
12.920368 0.78463352 7.2566805 107
13.803821 1.4241391 7.2980032 79
13.856126 2.0150197 6.9168067 58
12.877415 0.48101121 7.6520691 94
13.769634 1.1608747 7.6974211 43
13.828494 1.7682233 7.3181801 66
13.915244 2.3779657 6.9674268 40
12.901579 0.78002602 7.6500344 66
13.79494 1.4908593 7.7125168 53
13.873009 2.1174855 7.3530087 64
13.961401 2.7420931 7.0172987 31
13.77892 1.1485894 8.1242104 35
13.835905 1.825423 7.7373505 50
13.904402 2.4659433 7.3891025 48
14.027467 3.1124191 7.0818543 19
13.776407 1.4651343 8.1157961 50
13.863963 2.162185 7.7604604 48
13.961906 2.8220263 7.4417529 31
14.049212 3.4848208 7.1302629 17
13.841116 1.7945223 8.1471748 42
13.900683 2.504159 7.7914324 48
13.99643 3.1812301 7.4858532 29
14.086757 3.8627775 7.1904011 23
13.853082 2.123765 8.1525497 53
13.946263 2.8533328 7.8312726 35
14.033785 3.5481894 7.5359397 19
14.101013 4.2398567 7.244977 26
13.888927 2.4578114 8.175499 48
13.980131 3.2065897 7.8693566 45
14.07797 3.9225399 7.5929337 19
14.146682 4.6381202 7.3180633 33
13.916268 2.797631 8.19555 36
14.02929 3.5694063 7.9190197 36
14.113646 4.2995706 7.6538334 31
14.183523 5.0350499 7.3939471 44
13.966772 3.1443295 8.2342196 26
14.060061 3.9310265 7.9644356 39
14.146707 4.6841216 7.7166295 34
14.219743 5.4404397 7.4771104 55
14.022965 3.5007992 8.2817059 18
14.096349 4.298275 8.0202322 33
14.180058 5.0706048 7.7863774 52
13.515374 5.5636764 7.1953101 37
14.095317 3.8635316 8.343154 9
14.141315 4.6795359 8.0832243 36
14.177896 5.4541621 7.8422742 55
13.44965 5.9259634 7.2323084 76
14.179179 4.2402282 8.4133854 7
14.17529 5.0618019 8.1444311 40
13.486573 5.580193 7.5419455 49
13.36625 6.2818294 7.2686167 67
14.173428 5.4393339 8.1922941 50
13.459766 5.9479375 7.5922375 84
12.650083 6.3418012 6.9804425 49
13.493586 5.5633812 7.8717365 39
13.32921 6.2790885 7.5913134 54
11.98537 6.3990269 6.7172847 56
14.300708 5.385293 8.5796223 13
13.447319 5.919898 7.9033399 89
12.620467 6.3364358 7.2839861 48
11.387003 6.4611616 6.4858994 60
13.686507 5.532443 8.2729359 24
13.373964 6.2678638 7.9244175 74
11.978017 6.3976922 7.010427 48
10.813486 6.5069461 6.2659674 64
13.430928 5.8019695 8.1730709 73
12.689672 6.3310533 7.6076541 46
11.379288 6.4488788 6.7599945 66
10.295283 6.5586596 6.0740194 69
13.436099 6.1778164 8.2277832 77
12.037093 6.3862648 7.3052316 57
10.81558 6.4947791 6.5258412 68
8.6424208 5.8850899 5.252944 41
12.886542 6.3078451 7.9657497 38
11.43813 6.4384956 7.0357733 61
10.306666 6.5516906 6.3207226 70
8.3242006 5.9835782 5.1574402 71
12.234021 6.3681741 7.6423736 47
10.878277 6.4861536 6.7855906 67
8.652873 5.8774037 5.456706 39
8.2576227 6.2455072 5.2049875 77
11.631168 6.4269032 7.3500538 46
10.37019 6.5450854 6.5624871 65
8.3471375 5.9818153 5.3560047 70
8.2971659 6.5889502 5.3189287 87
11.054826 6.4723649 7.0717044 43
8.6958694 5.8619852 5.6505308 23
8.2545223 6.2243419 5.3828316 82
8.0509567 6.7272496 5.2723298 70
10.534621 6.5276985 6.8266268 51
8.3961515 5.9700861 5.5433068 70
8.2994194 6.5624242 5.4960389 85
7.6777143 6.7576079 5.1497426 79
8.815876 5.8355241 5.8557115 1
8.2451906 6.1686025 5.5261259 75
8.0865774 6.7254634 5.4578562 74
7.3336048 6.7952414 5.0414295 77
8.5260916 5.9525776 5.7427521 58
8.2823648 6.5002589 5.627048 82
7.7184348 6.7583356 5.3239737 74
7.0069513 6.835279 4.9418015 72
8.2571926 6.0757265 5.6424308 66
8.202075 6.7584648 5.6598291 77
7.3653092 6.7888103 5.1987967 74
6.7353868 6.9103618 4.8773065 76
8.278821 6.394794 5.7255826 68
7.7915182 6.7631731 5.4906082 66
7.0317831 6.8224893 5.0852661 75
6.4628596 6.975502 4.8097811 77
8.2688475 6.7007141 5.7942686 77
7.4186373 6.7804599 5.3407393 70
6.7098489 6.8500762 4.9764895 74
6.1746655 7.0139799 4.7324238 73
7.9735303 6.8001833 5.6853356 66
7.0782924 6.8087807 5.2113128 74
6.4324408 6.9086728 4.8950253 67
5.8963413 7.0495386 4.6598668 72
7.540679 6.7758851 5.4863963 59
6.7629428 6.843822 5.0964475 73
6.2030234 7.0019627 4.8468256 71
5.6135793 7.0704551 4.5823216 70
7.1941423 6.8047943 5.3450775 67
6.449986 6.871592 4.9824843 71
5.9224377 7.036726 4.7632809 71
5.3476062 7.0968046 4.5144582 69
6.8728795 6.8433857 5.2173095 69
6.1812806 6.926363 4.8998179 68
5.6452003 7.0641732 4.6796551 68
5.0974712 7.1297517 4.4563594 68
6.5412202 6.8578892 5.0816588 70
5.9599757 7.0209355 4.8484783 69
5.3757825 7.0878949 4.602881 84
4.8453946 7.1528497 4.3962579 67
6.2516618 6.8985996 4.9743428 68
5.6941381 7.0634332 4.7647271 68
5.1186805 7.1134953 4.5308847 85
4.6011782 7.173213 4.3399959 82
5.9879208 6.9539714 4.8866134 65
5.4214139 7.0864902 4.676012 66
4.8758178 7.1498179 4.4696736 85
4.3651128 7.1938257 4.2885823 81
5.7674785 7.0484905 4.8282595 72
5.1658654 7.1189919 4.6000214 64
4.6305437 7.1713076 4.4054384 84
4.1376524 7.2196665 4.2420344 85
5.4952555 7.0785551 4.7325697 71
4.9094439 7.1425476 4.5210037 85
4.3876228 7.1855574 4.3411231 84
3.9184704 7.2467413 4.2023373 86
5.2252173 7.0993834 4.6377935 67
4.6642051 7.1660681 4.4497743 86
4.161025 7.2113428 4.2885518 86
3.7019086 7.2695642 4.1635613 85
4.971518 7.1317444 4.5557618 65
4.4227014 7.1862354 4.3804526 85
3.9373524 7.2358537 4.2379174 84
3.4901795 7.2899337 4.1266832 86
4.7271852 7.166245 4.4805641 66
4.1919599 7.2124257 4.3199596 86
3.7222517 7.2645831 4.1951432 85
2.8465323 6.5396152 3.6621661 34
4.4804397 7.1859131 4.4023395 65
3.9640236 7.2363529 4.2594028 86
3.5131633 7.2927589 4.154253 87
2.6623619 6.5524406 3.6317294 105
4.2388206 7.2061119 4.3270216 63
3.7431002 7.2586169 4.2057061 84
2.8579433 6.5294933 3.6718915 29
2.4834082 6.5667887 3.604202 106
4.010067 7.23314 4.2614956 61
3.5321801 7.2899895 4.1588664 86
2.675257 6.5482154 3.6384559 93
2.3245795 6.6203966 3.60149 65
3.7817149 7.2530971 4.1979289 81
2.8692539 6.5214314 3.6666262 14
2.499203 6.5723405 3.6109221 104
2.3592653 7.0964866 3.8272111 42
3.5634534 7.2831597 4.141222 82
2.689646 6.5519233 3.6331904 97
2.3281524 6.6060333 3.5893424 63
2.3032823 7.4114046 3.965852 111
3.3487973 7.3078623 4.087419 68
2.5028126 6.5621972 3.5918143 102
2.3682144 7.0988779 3.8180647 42
2.1170859 7.4345865 3.9495308 106
2.7106235 6.5472689 3.6037762 101
2.3332398 6.6017904 3.5672343 63
2.3063798 7.4073386 3.944783 113
1.9327127 7.453413 3.9321339 110
2.5173614 6.5529532 3.5524757 116
2.3628509 7.0803986 3.7790616 42
2.1178904 7.4265618 3.9204645 113
1.7530376 7.4778094 3.9236772 111
2.3461018 6.5967255 3.5249486 66
2.3080659 7.4102964 3.9097519 113
1.9318112 7.4495726 3.8991208 115
1.5752437 7.5010347 3.9141796 119
2.3671722 7.0621033 3.7208712 36
2.1164553 7.4298253 3.8784945 107
1.7501014 7.4751797 3.8837085 115
1.3970879 7.5202761 3.9046702 124
2.3132372 7.4019742 3.8485942 104
1.9286897 7.4570165 3.8542035 111
1.5661228 7.487958 3.8632762 111
1.2191838 7.5314665 3.8941171 123
2.1203067 7.4296575 3.8154187 104
1.7413325 7.478128 3.8299253 110
1.3861878 7.5113573 3.8499029 111
1.046308 7.5531669 3.8916359 125
1.92472 7.4515219 3.7813811 105
1.5540251 7.4901752 3.8026829 110
1.2065507 7.5276809 3.8355381 115
0.8719303 7.5699797 3.8871756 112
1.7314862 7.4661398 3.747263 103
1.3713441 7.5178318 3.7854316 107
1.0306487 7.5506706 3.8271363 112
0.69920075 7.5826192 3.8836637 109
1.5422065 7.4894061 3.7211142 109
1.1872092 7.5305715 3.7631335 118
0.8532598 7.568779 3.8167388 114
0.52861369 7.6060934 3.8871467 117
1.3524822 7.507719 3.6928976 115
1.0060179 7.5510874 3.7487357 115
0.67833394 7.5897155 3.8111937 117
0.3577638 7.6256337 3.8905065 118
1.1677771 7.5346189 3.6725516 114
0.82495743 7.5726171 3.7342961 108
0.50418222 7.6075702 3.8076072 113
0.18696606 7.6351361 3.8918159 106
0.98140401 7.5546494 3.6502044 123
0.64696056 7.5938573 3.7237983 113
0.32932538 7.6284995 3.8050499 116
0.019585613 7.6683846 3.9061818 91
0.79488832 7.5726795 3.6298513 116
0.46742433 7.6101913 3.7123017 109
0.15644474 7.6511383 3.80545 103
-0.14966521 7.6855912 3.9124954 101
0.6119768 7.5981965 3.6164982 114
0.28882399 7.636301 3.7078786 108
-0.017609783 7.6688528 3.8069093 101
-0.31954116 7.6929197 3.9188142 45
0.42663017 7.6170807 3.601141 115
0.11073031 7.6555071 3.7023826 96
-0.19126308 7.6806097 3.8062928 73
-0.48812434 7.7232327 3.9371982 81
0.24151839 7.6279273 3.583735 108
-0.068693154 7.6507611 3.688791 42
-0.36485913 7.6923528 3.8086762 41
-0.65906608 7.7397194 3.9505577 115
0.056477331 7.6287274 3.5652778 63
-0.24741808 7.6730127 3.6883292 41
-0.53892159 7.7191548 3.8201551 114
-0.82889569 7.7470546 3.9608626 115
-0.12585557 7.6563239 3.5609174 62
-0.42489776 7.6971407 3.6908491 41
-0.7138297 7.7370143 3.8285856 112
-0.99901593 7.7704716 3.9822226 110
-0.3085925 7.6889887 3.5615497 40
-0.60319322 7.7223597 3.6963627 93
-0.88927484 7.7589402 3.8410323 113
-1.1724967 7.7901869 4.002625 110
-0.49258792 7.6987042 3.553092 41
-0.78434688 7.748837 3.7039404 117
-1.0640861 7.7767949 3.8534491 108
-1.3441664 7.8077321 4.0229836 116
-0.67895913 7.734704 3.5578165 112
-0.96466005 7.7632031 3.7084484 121
-1.2424423 7.7889524 3.8659172 114
-1.5191593 7.8416123 4.0555067 108
-0.86487263 7.7546153 3.5594749 129
-1.146942 7.7877731 3.7200637 114
-1.4212739 7.8161893 3.8874819 103
-1.693956 7.8474026 4.0748873 103
-1.0518532 7.7736173 3.5621502 117
-1.3312867 7.8115244 3.7327151 112
-1.6013728 7.8405299 3.9090579 106
-1.8712051 7.8684502 4.103394 111
-1.2398249 7.7958212 3.5680428 123
-1.5138005 7.8262086 3.7434988 108
-1.7810339 7.8519435 3.9258032 107
-2.0489359 7.8967166 4.1392226 102
-1.430613 7.8261991 3.5798736 125
-1.701215 7.848227 3.7612245 104
-1.9650158 7.8766336 3.9524791 103
-2.2304881 7.914144 4.169817 92
-1.6210341 7.8294616 3.5825605 107
-1.8912154 7.8744926 3.781023 101
-2.1517458 7.903573 3.9822206 102
-2.4127579 7.93363 4.2054372 95
-1.8178099 7.8593688 3.5985069 109
-2.0820506 7.8918004 3.7997932 103
-2.3402345 7.922647 4.0099573 99
-2.5986998 7.9564567 4.2431464 88
-2.0164094 7.8904328 3.6184959 113
-2.2766104 7.9114423 3.8226485 89
-2.5335464 7.9531789 4.0458465 88
-2.7883298 7.9816041 4.2869434 86
-2.2145841 7.9053836 3.6334195 100
-2.4748743 7.9444017 3.852689 91
-2.7287657 7.9747763 4.0797939 93
-2.9780574 7.9966393 4.3247719 96
-2.4203601 7.9349923 3.6566136 109
-2.6738172 7.9603219 3.8786716 93
-2.9236937 7.9893026 4.1126819 98
-3.0906076 7.7430387 4.2206874 49
-2.6253247 7.952487 3.6766949 109
-2.8758416 7.9755144 3.9056859 98
-3.0754342 7.8445158 4.065908 49
-3.1259654 7.2709146 3.9970038 44
-2.8317609 7.9650435 3.6978133 103
-3.062829 7.9301438 3.9061298 68
-3.1141579 7.3476119 3.8361754 41
-3.2795167 7.2064795 3.9956832 98
-3.0418398 7.9699898 3.7169144 90
-3.1082797 7.4238682 3.6804392 42
-3.2449238 7.190938 3.7839203 106
-3.4639735 7.2320786 4.0474 95
-3.0991473 7.4737864 3.5055032 42
-3.2243435 7.1936913 3.5915186 111
-3.4411039 7.2306757 3.8369269 93
-3.6488023 7.2437086 4.092042 47
-3.2029037 7.1853666 3.3910367 118
-3.4236133 7.2237248 3.6335278 103
-3.6296995 7.2356553 3.8736036 55
-4.1719036 8.0618649 4.599369 88
-3.4085977 7.2110991 3.425174 97
-3.6212287 7.2377138 3.6704667 80
-4.1800117 8.1066427 4.3787642 89
-4.3744564 8.0532074 4.6433077 83
-3.6135471 7.2237396 3.4572525 78
-4.1786051 8.1053629 4.1447344 87
-4.4103675 8.1360254 4.4389262 86
-4.58991 8.0601187 4.6990442 82
-4.1810541 8.0998278 3.9082279 83
-4.4180336 8.1364851 4.2000232 91
-4.6488609 8.1715326 4.5056953 91
-4.8229523 8.098115 4.7757277 65
-4.4310794 8.13344 3.9582164 87
-4.6604719 8.1633654 4.2578402 87
-4.8770361 8.1730013 4.5570545 92
-5.0607419 8.131465 4.8544784 67
-4.6904888 8.1758289 4.0184746 65
-4.915462 8.1982727 4.3220158 89
-5.0971055 8.1505871 4.5993662 64
-5.303647 8.1591988 4.9334931 70
-4.9500713 8.202158 4.0737929 67
-5.1770329 8.2327633 4.3914218 87
-5.3367724 8.1519842 4.658082 85
-5.5524359 8.1874619 5.0154176 69
-5.2228456 8.2356863 4.1360912 66
-5.4420404 8.2615547 4.4604392 92
-5.600028 8.1866255 4.7381239 67
-5.8117356 8.2197227 5.1054397 70
-5.5026469 8.2689009 4.2025757 67
-5.70364 8.2650404 4.5194888 91
-5.868782 8.2168045 4.8214841 68
-6.111011 8.3027506 5.2306614 69
-5.7898645 8.3000793 4.2743745 69
-5.9539828 8.2427435 4.571219 67
-6.1498685 8.2490044 4.9121828 69
-6.4008875 8.3547192 5.3436656 72
-6.0930891 8.333046 4.3504233 70
-6.2357106 8.2576504 4.6458611 68
-6.443635 8.288372 5.011116 71
-6.6900773 8.3876266 5.4494772 68
-6.4037256 8.3670025 4.4326463 73
-6.5343418 8.2794819 4.7297859 70
-6.7649918 8.3513575 5.128654 74
-6.9915819 8.4267578 5.564467 67
-6.7080331 8.3734016 4.5064831 75
-6.8612256 8.3289871 4.8362756 72
-7.1164532 8.4330921 5.2658143 77
-7.2980223 8.4562473 5.678515 72
-7.0009141 8.3484344 4.5651898 72
-7.1874824 8.3591681 4.9349132 75
-7.4458642 8.469573 5.3795357 77
-7.622148 8.4923372 5.8031654 63
-7.3349066 8.3646383 4.6548052 74
-7.5430613 8.4074373 5.0521379 77
-7.7944226 8.5152111 5.5066352 75
-7.9638047 8.5352678 5.9391079 68
-7.707974 8.4104481 4.767345 76
-7.9636507 8.5166349 5.2139173 78
-8.163476 8.5608616 5.6414423 78
-8.318984 8.5775642 6.0826011 93
-8.0947876 8.4526558 4.8854232 76
-8.3357859 8.5433779 5.3355989 88
-8.3471727 8.3857603 5.6380811 80
-8.3639774 8.2606649 5.9738436 67
-8.343133 8.322526 4.9095521 80
-8.3497744 8.1635094 5.2039418 83
-8.3729582 8.0429564 5.5207028 75
-8.382514 7.9312239 5.8564496 75
-8.3520269 7.934967 4.7837324 82
-8.4320116 7.8747911 5.1300941 68
-8.5778389 7.8947062 5.537138 72
-8.683547 7.8998771 5.9583402 61
-8.7004499 7.9039588 4.8755336 65
-8.8393669 7.913228 5.2743921 66
-8.9685068 7.9275866 5.6869674 74
-9.0896015 7.9561763 6.1354651 66
-8.98034 7.7955942 4.9252496 82
-9.1712675 7.8636899 5.368288 69
-9.2045555 7.7952309 5.7266245 89
-9.2145748 7.735642 6.1045985 82
-9.0114288 7.4512711 4.8290114 82
-9.2106428 7.5381923 5.2763772 85
-9.2397957 7.4824281 5.6337328 85
-9.2309017 7.4231691 6.0013423 82
-9.0514975 7.1302571 4.7465591 78
-9.1375465 7.1298018 5.1241651 85
-9.2689171 7.1760025 5.5450592 84
-9.2708244 7.1397524 5.9199948 77
-9.070323 6.8023872 4.6591587 80
-9.0937309 6.7591882 4.9944654 79
-9.297636 6.8785725 5.460114 84
-9.2982683 6.8562717 5.8350954 83
-9.1053247 6.4995046 4.5853047 80
-9.1210604 6.4636712 4.918499 78
-9.3237391 6.5870261 5.3780937 81
-9.3249006 6.5808716 5.7551179 78
-9.1359873 6.2003546 4.5132484 76
-9.1448307 6.1749401 4.843349 77
-9.3498535 6.3055048 5.3030581 81
-9.3612232 6.3183017 5.6854129 84
-9.1542091 5.9049911 4.4420538 72
-9.1650648 5.8908081 4.7712502 75
-9.3090458 5.9838567 5.1915603 83
-9.3854904 6.0566764 5.6134658 83
-9.2234354 5.6503806 4.3999996 67
-9.201272 5.6272364 4.7134905 72
-9.247304 5.6613488 5.0735998 79
-9.4026661 5.7954206 5.5403466 80
-9.3511343 5.4401183 4.3942876 69
-9.2153378 5.3546295 4.6462584 71
-9.2454338 5.3893332 4.9970603 72
-9.4320803 5.5512981 5.4805551 81
-9.4334917 5.2027025 4.3685589 76
-9.2351122 5.0945611 4.5882034 96
-9.2681971 5.1405816 4.9391203 71
-9.4509096 5.3032179 5.4155393 76
-9.4833145 4.950305 4.3301454 100
-9.2665358 4.8475313 4.5414844 70
-9.2849035 4.8922353 4.8811297 72
-9.4775372 5.0667939 5.3598213 78
-9.4967747 4.6815515 4.2760096 76
-9.289856 4.6017485 4.4926567 95
-9.3074226 4.6544728 4.8304591 70
-9.4798298 4.82127 5.2948585 76
-9.529336 4.4296489 4.2365737 74
-9.3298321 4.3675685 4.4554243 67
-9.3297424 4.419662 4.781724 70
-9.4423094 4.5589881 5.2066588 80
-9.5542498 4.1769028 4.1966348 72
-9.3923273 4.1503105 4.4343972 65
-9.348628 4.1895175 4.7358251 89
-9.3951883 4.3009248 5.1183767 75
-9.6059618 3.9437127 4.1724367 67
-9.4869986 3.9470952 4.4322238 64
-9.3669271 3.9624219 4.6930499 91
-9.38447 4.0662427 5.0540004 73
-9.6592188 3.7136948 4.1533279 57
-9.5632315 3.7382092 4.423667 83
-9.3943214 3.7441082 4.6594815 92
-9.3979855 3.8486643 5.0091505 71
-9.7286863 3.4920025 4.143527 42
-9.6126347 3.5187016 4.4044757 93
-9.4141226 3.5229983 4.6217136 94
-9.41782 3.6386268 4.9704461 72
-8.8500509 2.9256563 3.7019238 99
-8.8429899 2.9973533 3.9832141 90
-8.819562 3.0725887 4.2632065 67
-9.4309587 3.4272015 4.9299636 70
-8.8726215 2.7148736 3.6802993 100
-8.8593521 2.7900801 3.955457 78
-8.8669262 2.8862028 4.2491174 87
-8.8508043 2.9971998 4.5553985 86
-8.8931627 2.504992 3.6595178 86
-8.8851366 2.5886822 3.9348388 85
-8.8883352 2.6894112 4.2244663 88
-8.8668299 2.805939 4.5226994 76
-9.7607594 2.5384736 4.0204763 17
-9.3146591 2.5096388 4.1117315 29
-8.9084854 2.4955289 4.200809 80
-8.8921232 2.6215708 4.5001736 81
-9.946269 2.3533652 4.0760279 1
-9.575017 2.3653564 4.2069316 59
-9.526619 2.4724851 4.486577 99
-9.0961962 2.4922817 4.5773745 24
-11.466284 2.472383 4.724968 48
-9.6121283 2.1579077 4.198493 58
-9.5447016 2.2673676 4.4647813 94
-9.5327234 2.4188554 4.7813625 91
-11.523905 2.2145636 4.7236538 51
-9.647337 1.9492834 4.1900125 58
-9.5636511 2.0633271 4.4450092 90
-9.5588245 2.2244895 4.7617912 87
-11.579365 1.9575056 4.7263403 55
-9.6893282 1.7422183 4.1867237 57
-9.5999451 1.8647822 4.4366722 94
-9.5946541 2.0319362 4.7494798 66
-11.633897 1.6993144 4.7300515 41
-9.7546263 1.5402626 4.1970348 56
-9.6195383 1.6618202 4.4222245 94
-9.604948 1.8341938 4.7238894 87
-11.601743 1.4284395 4.7002764 42
-9.8211937 1.3353966 4.2093468 55
-9.6283092 1.459764 4.4042716 88
-9.6298809 1.6416092 4.7102594 87
-11.670126 1.1714075 4.715127 45
-9.8671455 1.1276137 4.2150774 47
-9.6566839 1.2594959 4.3977432 90
-9.6585312 1.4494458 4.6998191 88
-11.709353 0.91392684 4.7206178 35
-9.895071 0.91832387 4.214591 45
-9.6845732 1.0622609 4.3943157 89
-9.6762009 1.2563365 4.6862135 66
-11.748675 0.65444285 4.7301149 39
-9.9229565 0.70898354 4.2170906 41
-9.6920357 0.86010283 4.3814344 88
-9.6918278 1.0639089 4.6735215 66
-11.758372 0.39208975 4.7299385 38
-9.9410162 0.49863011 4.2163424 40
-9.720953 0.66280544 4.3819714 84
-9.7244778 0.87100488 4.6691608 65
-11.791877 0.13092329 4.7422528 37
-9.973258 0.2855804 4.2238789 41
-9.7500334 0.46354455 4.3845167 84
-9.7401218 0.67859632 4.6594796 64
-11.814664 -0.13321516 4.7513447 35
-9.9806671 0.071305335 4.2229285 41
-9.7753077 0.26192969 4.3869762 60
-9.7698202 0.48442516 4.6580615 63
-11.812306 -0.39560145 4.7539592 39
-10.003757 -0.14056747 4.2302942 40
-9.7787361 0.059361018 4.3810081 80
-9.7875137 0.29017419 4.6544113 64
-11.811061 -0.65989983 4.7595873 37
-10.023998 -0.3546913 4.2395997 40
-9.8119183 -0.14252225 4.3906312 81
-9.8012476 0.095630802 4.6486993 64
-11.792395 -0.91965324 4.7619271 40
-10.034201 -0.56866497 4.2477274 40
-9.8242083 -0.34524393 4.3938556 78
-9.8259573 -0.099935271 4.6511993 64
-11.786125 -1.1843219 4.7694821 42
-10.037474 -0.78326094 4.2537174 43
-9.8554974 -0.54928607 4.4074411 60
-9.8487673 -0.29667771 4.653657 64
-10.794943 -1.3161998 4.3536367 4
-10.044959 -1.0005091 4.2617736 44
-9.8789425 -0.75506908 4.4188628 81
-9.8688145 -0.49673727 4.6580396 64
-11.782311 -1.7140001 4.8007522 42
-10.026135 -1.2141467 4.2623353 43
-9.8916655 -0.96385568 4.4270587 82
-9.8988991 -0.69792575 4.6676092 64
-11.724492 -1.972338 4.7943339 43
-10.013549 -1.4312509 4.2680006 50
-9.9346733 -1.1779782 4.4518147 85
-9.914052 -0.89944959 4.6718888 63
-10.429765 -1.9737753 4.247263 1
-10.015922 -1.6490314 4.2819519 59
-9.9555464 -1.390071 4.4691525 86
-9.9384813 -1.1051748 4.6833267 67
-10.399066 -2.204778 4.2565665 11
-10.018516 -1.8720006 4.2979383 62
-9.9741993 -1.6025548 4.4885025 89
-9.9615803 -1.3102093 4.6978002 65
-10.369675 -2.4374893 4.2688293 30
-10.024075 -2.0935338 4.3199334 87
-10.011888 -1.8252045 4.5161138 89
-9.9841337 -1.518124 4.7121916 67
-10.40862 -2.6892092 4.3153195 46
-10.045208 -2.3227205 4.351192 89
-10.030279 -2.0445716 4.5393672 90
-10.005144 -1.7311985 4.7265267 68
-10.087738 -2.8365207 4.2013674 43
-10.075041 -2.5601676 4.3865767 89
-10.039836 -2.2657387 4.560442 88
-10.027143 -1.9452047 4.7458773 69
-9.5316687 -2.8923759 3.9813211 58
-10.072496 -2.792484 4.4103603 86
-10.068316 -2.4982715 4.5908246 93
-10.055668 -2.1656609 4.769321 71
-9.5123758 -3.1171725 4.0048194 66
-9.5860167 -2.8661673 4.2065692 57
-10.088575 -2.7285347 4.62006 95
-10.070057 -2.3843739 4.7885008 70
-9.54144 -3.3607645 4.0561604 67
-9.5139494 -3.0675454 4.2011623 86
-9.7661638 -2.8538055 4.4821844 48
-10.093146 -2.6113479 4.8118067 70
-10.202597 -3.8722696 4.4033933 74
-9.5361242 -3.2996833 4.2434268 84
-9.5101881 -2.9882154 4.3785501 85
-10.032294 -2.8126841 4.7976155 58
-10.232039 -4.1439729 4.4625998 72
-10.194207 -3.8014607 4.5996528 77
-9.5311003 -3.216435 4.4158096 82
-9.542469 -2.8755052 4.5608058 60
-10.274597 -4.4295702 4.5319915 75
-10.23355 -4.0712323 4.6580625 74
-9.5493164 -3.4478729 4.4530034 63
-9.537384 -3.0888913 4.5766387 66
-10.314955 -4.7243643 4.6042972 75
-10.27039 -4.3472342 4.7203946 75
-10.230789 -3.968636 4.8325949 72
-9.5594168 -3.3169355 4.6089239 65
-10.344289 -5.0191517 4.6753902 76
-10.304938 -4.6315522 4.7845106 76
-10.262043 -4.2361431 4.8847318 75
-10.224497 -3.8111119 4.9842544 79
-10.377723 -5.3276563 4.7525606 73
-10.332514 -4.9173379 4.8489594 74
-10.299792 -4.5119104 4.9455695 74
-10.434784 -4.1467528 5.1252341 77
-10.419934 -5.6472583 4.8393903 73
-10.370353 -5.2192173 4.9227848 72
-10.359076 -4.8068204 5.0198402 79
-10.499246 -4.4311838 5.193572 76
-10.45673 -5.9745345 4.9288464 70
-10.432649 -5.5402575 5.0136147 75
-10.575719 -5.195507 5.1821876 68
-10.523005 -4.7055049 5.2406797 73
-10.517692 -6.3290133 5.0352736 67
-10.646687 -5.9693847 5.1896443 70
-10.603589 -5.4965405 5.2492332 69
-10.568466 -4.9998627 5.3040972 66
-10.752597 -6.815443 5.2384124 59
-10.698149 -6.3144703 5.2859221 65
-10.640978 -5.8147187 5.3243709 66
-10.597858 -5.2926025 5.362206 64
-10.786051 -7.1852875 5.3432145 58
-10.740106 -6.6654391 5.3819842 58
-10.682484 -6.1466041 5.4065185 65
-10.632455 -5.5999556 5.4273424 63
-10.829206 -7.576385 5.4610987 55
-10.771671 -7.0233727 5.4768076 62
-10.717252 -6.48212 5.4905176 63
-10.649878 -5.9048309 5.4861555 66
-10.84466 -7.9589219 5.5694861 59
-10.815075 -7.4043798 5.5867462 69
-10.753098 -6.8306079 5.5794711 66
-10.712475 -6.2488556 5.5746408 63
-10.889257 -8.3789911 5.701221 65
-10.866733 -7.7996187 5.7057447 68
-10.795474 -7.1964602 5.6784444 64
-10.742063 -6.5796366 5.6505632 59
-10.851436 -8.7450733 5.7926965 86
-10.897629 -8.1977081 5.8204079 71
-10.848619 -7.5844913 5.7895923 68
-10.793037 -6.9396858 5.7428064 48
-10.435069 -8.7773438 5.6694951 70
-10.938869 -8.6240282 5.9481373 76
-10.886079 -7.975944 5.8974209 64
-10.825288 -7.302422 5.8296738 53
-10.148335 -8.9155836 5.6222844 62
-10.626407 -8.749445 5.8734879 71
-10.923087 -8.3855257 6.0101509 67
-10.861736 -7.6798649 5.924551 61
-10.170152 -9.3574142 5.7619162 38
-10.246766 -8.8061647 5.7553387 75
-10.857704 -8.7235641 6.0687985 84
-10.873529 -8.0551329 6.0076838 65
-10.036612 -9.6587267 5.8154368 6
-10.198361 -9.168128 5.8442469 64
-10.458318 -8.7651958 5.9305239 76
-10.927459 -8.4781799 6.1272907 70
-9.6701708 -9.7085867 5.7257342 2
-10.171086 -9.5684958 5.9532132 5
-10.187501 -8.9130888 5.8698554 72
-10.772029 -8.7373838 6.1241479 63
-9.841897 -9.6565447 5.8743758 6
-10.160073 -9.2986288 5.965395 43
-10.359493 -8.7623901 5.9640002 66
-9.5055904 -9.7290096 5.790473 2
-10.089411 -9.6547384 6.0412364 5
-10.179936 -8.9945412 5.9503422 68
-9.2337646 -9.8680334 5.7494888 2
-9.6870298 -9.6617022 5.9023728 4
-10.180741 -9.4145527 6.057251 16
-9.2158813 -10.309922 5.8859262 2
-9.3495646 -9.7291832 5.8054681 2
-10.011571 -9.6759357 6.0586462 6
-11.403587 -14.657537 7.8806477 37
-9.2361498 -10.052969 5.863636 2
-9.5883675 -9.6586056 5.8964953 4
-10.960608 -14.738668 7.798624 55
-9.2919111 -9.770505 5.8161426 3
-10.797511 -15.226727 7.9360075 8
-11.187037 -14.665055 7.9064531 71
-9.2315998 -10.153726 5.9051075 2
-10.849041 -14.88636 7.8898516 26
-11.47295 -14.63928 8.0142775 17
-11.021293 -14.703895 7.8972449 52
-11.980877 -19.830763 9.9212551 10
-10.825439 -15.141576 7.9833226 11
-11.348554 -14.64606 7.9510279 52
-11.829027 -20.627542 10.19442 25
-12.001059 -19.306051 9.7534237 11
-10.931603 -14.771125 7.8514194 37
-11.427258 -21.001822 10.256858 12
-12.101229 -20.530792 10.223359 21
-10.792854 -15.30527 7.9730425 5
-11.607261 -20.718431 10.181698 19
-12.051034 -19.812483 9.912796 11
-11.891698 -20.603718 10.148741 25
-11.442746 -20.887407 10.133722 10
-12.224249 -20.441538 10.059222 14
-11.711705 -20.628353 9.9714384 27
-9.9078417 -33.151134 14.972004 12
-9.1553612 -33.258499 14.934243 13
-10.285318 -33.150311 14.780659 10
-11.451841 -33.01371 14.627927 12
-8.4033899 -33.357533 14.901453 12
-9.4896908 -33.15358 14.66689 11
-10.675882 -33.163239 14.545757 16
-8.7329817 -33.271244 14.609906 10
-6.8926053 -33.470688 14.808366 12
-7.9686503 -33.375313 14.54848 12
-6.1570349 -33.588131 14.800775 12
-7.2140436 -33.4744 14.500442 14
-5.4093556 -33.644745 14.768573 13
-4.6723647 -33.720818 14.756634 16
-3.9350166 -33.77813 14.745245 17
-3.1947243 -33.851631 14.741127 25
-2.4611568 -33.984699 14.77281 17
-1.7213354 -34.011082 14.767163 18
-0.98516434 -34.112659 14.797304 18
-0.23825239 -34.192627 14.821668 22
-3.5257299 -39.810989 15.467129 17
0.49621007 -34.284779 14.858966 23
-2.6077807 -39.978539 15.422105 18
1.2292205 -34.317089 14.879478 28
-1.6749899 -40.025623 15.344995 18
1.9888122 -34.424244 14.938547 21
1.2972331 -38.031883 15.823077 15
-0.72922069 -40.193626 15.318752 22
2.7561164 -34.487091 14.984672 15
0.22724159 -40.259766 15.267211 18
3.5234668 -34.572704 15.046077 31
1.1884199 -40.366249 15.235969 25
4.3057642 -34.681507 15.124821 22
2.1621196 -40.497383 15.222142 26
5.0773563 -34.701855 15.174648 25
3.130322 -40.519283 15.178938 17
5.8870311 -34.889019 15.303933 19
4.1105914 -40.6348 15.178503 31
6.6774111 -34.918121 15.368532 16
5.0987773 -40.740498 15.193912 17
7.4466276 -34.880581 15.417116 17
6.1122866 -40.902084 15.227505 22
7.1259313 -40.983139 15.242142 18
8.3537178 -35.158058 14.793188 11
8.1434269 -41.075558 15.266551 19
9.1759033 -35.095573 14.820187 19
9.4505358 -38.857826 15.433953 11
9.0963469 -40.811359 15.165431 31
9.9638433 -32.789661 14.778861 24
9.7506723 -34.262131 14.518718 22
9.2314291 -34.851509 13.871648 47
8.5577316 -34.992634 13.015571 22
9.539299 -29.407454 13.339982 10
10.062932 -32.712807 13.927691 32
9.934309 -34.312153 13.698366 24
9.4230833 -34.912323 13.005351 58
10.06853 -28.907164 13.197622 64
9.6350451 -29.25795 12.525301 24
10.114376 -32.285351 12.939941 27
9.9677181 -33.744049 12.599106 18
10.586269 -28.413805 13.065242 31
10.269799 -28.955471 12.466269 61
9.7548285 -28.994358 11.676054 37
10.236299 -31.937286 11.956952 23
10.729852 -27.07379 12.543866 23
10.613599 -27.981251 12.123241 27
10.499734 -28.944269 11.709403 44
9.9913788 -28.983078 10.888323 49
10.867841 -25.855568 12.075945 27
10.767071 -26.631584 11.615647 24
10.570718 -27.249249 11.082705 29
10.45019 -28.109026 10.601859 27
10.332339 -23.31996 10.986423 34
10.81631 -25.202423 11.075551 29
10.670604 -25.800074 10.564995 27
10.823981 -27.149393 10.290404 18
10.788315 -22.987019 10.928104 76
10.43572 -23.020224 10.200503 52
10.316071 -23.52692 9.6993599 22
11.048057 -22.314886 10.711229 32
11.043872 -22.960629 10.260875 104
10.71577 -22.997377 9.5569296 82
11.151868 -21.41378 10.38787 37
11.37711 -22.392139 10.105357 16
11.245829 -22.750315 9.5339699 31
11.08557 -23.060587 8.9154692 74
11.472418 -20.922165 10.256045 28
11.317806 -22.198135 8.6521902 41
11.445769 -21.196671 8.3316498 64
11.564647 -19.888985 8.5759954 57
11.547319 -20.246223 8.0334005 55
10.97383 -17.426865 8.8493214 64
11.659156 -19.054573 8.3074074 56
11.651961 -19.356329 7.7588763 60
11.228498 -17.018017 8.7544088 78
11.078178 -17.041504 8.1291142 91
11.04535 -17.239767 7.6085157 69
11.034186 -17.46697 7.0836525 74
11.802116 -17.052486 8.8889456 109
11.662821 -17.072865 8.2504692 104
11.509841 -17.070984 7.6303821 91
11.376119 -17.088074 7.0148907 74
11.955662 -16.52685 8.7407541 45
11.921514 -16.645882 8.1584988 60
11.92412 -16.815201 7.6163583 22
11.910104 -16.966696 7.0557342 27
11.991982 -15.865496 8.5150871 43
11.982742 -15.985276 7.9495292 51
11.965805 -16.09141 7.3952756 76
11.961451 -16.215656 6.8405828 74
12.04913 -15.26664 8.3210239 67
12.036312 -15.334817 7.7427831 97
12.037887 -15.428525 7.1981797 73
12.034645 -15.517747 6.6436911 76
12.099648 -14.676167 8.1310759 89
12.093238 -14.730897 7.5597205 85
12.094741 -14.792443 7.0142279 92
12.104283 -14.864755 6.4675207 84
12.157858 -14.12958 7.9615307 81
12.161629 -14.162038 7.394206 111
12.168118 -14.20477 6.8538475 104
12.188111 -14.250913 6.3069835 84
12.223092 -13.612473 7.8077779 84
12.225495 -13.615734 7.2373939 102
12.227627 -13.627129 6.6950722 104
12.208161 -13.605411 6.13344 82
12.266164 -13.097034 7.6514759 93
12.271359 -13.078572 7.0842814 96
12.289294 -13.082464 6.5517259 101
12.156835 -12.923755 5.9408522 82
12.32358 -12.610828 7.5103002 95
12.337235 -12.578099 6.948895 110
12.337699 -12.540228 6.4077816 107
2.2751539 -2.9276793 1.3938991 54
11.6332 -11.449281 6.9602323 80
2.3502846 -2.8881707 1.6516017 3
11.68236 -11.374984 5.939395 101
2.3574522 -2.8618443 1.3935343 68
11.815025 -11.126182 6.907218 13
2.3415623 -2.7526455 1.6093595 43
2.3961537 -2.7802811 1.506003 45
2.4499164 -2.8048127 1.3976762 65
12.439177 -11.189047 7.0993767 51
2.4415178 -2.7154028 1.6242445 8
12.413881 -10.96414 5.9967365 103
2.5708766 -2.7705781 1.4153044 50
12.520214 -10.783349 7.0026827 96
12.591916 -10.715764 6.4774461 102
12.435765 -10.473681 5.8746614 91
12.404025 -10.328338 5.3386588 90
12.565735 -10.357232 6.8946028 86
12.631387 -10.268021 6.3696299 107
12.463616 -10.010859 5.7691612 98
12.515299 -9.915452 5.270504 93
12.620205 -9.9561625 6.7974191 98
12.684867 -9.8447752 6.2735772 98
12.50274 -9.5682364 5.671494 97
12.634249 -9.5082703 5.2060657 99
12.660779 -9.5518398 6.6976113 94
12.72689 -9.4255381 6.1788182 108
12.540872 -9.13762 5.5818739 89
12.75222 -9.113102 5.1506801 102
12.747612 -9.1859274 6.6236982 83
12.749519 -8.9964924 6.0755134 98
12.599693 -8.7239676 5.4997792 102
12.791825 -8.6665716 5.0641413 100
12.782217 -8.7931423 6.5299797 93
12.712411 -8.5469351 5.9565144 98
12.640926 -8.3167696 5.4210076 104
12.860673 -8.2568893 4.9998865 88
12.815123 -8.4082298 6.4393611 104
12.683706 -8.1172266 5.8484049 98
12.681623 -7.9155288 5.3464265 109
12.893256 -7.8348398 4.927578 102
12.866344 -8.0460987 6.3653703 97
12.700214 -7.7258172 5.7642541 102
12.736867 -7.5337152 5.2834587 107
12.940707 -7.4282231 4.8648934 99
12.895666 -7.6809716 6.2878237 104
12.7508 -7.3616495 5.6992769 103
12.818253 -7.177412 5.2368279 100
12.980361 -7.0309553 4.8063064 102
12.936264 -7.3259225 6.2169962 104
12.792192 -6.9996696 5.6364694 99
12.919263 -6.8279281 5.1977763 106
13.023458 -6.6410131 4.7526975 108
12.993126 -6.981349 6.1549578 99
12.826287 -6.6399498 5.57304 104
12.992626 -6.4717956 5.1556377 116
13.071384 -6.2534332 4.7022305 109
13.013596 -6.6253552 6.0818658 110
12.859512 -6.2791481 5.5095658 103
12.309137 -5.7833266 4.8358912 121
12.34345 -5.5499907 4.3992963 108
13.011295 -6.2674117 6.0036249 96
12.309602 -5.6772294 5.2234249 107
12.34458 -5.436933 4.7888532 111
12.384475 -5.1991086 4.3601718 87
12.304777 -5.610868 5.6258616 102
12.346179 -5.3510423 5.1752944 110
12.647931 -5.2034912 4.8399978 24
13.173705 -5.1245885 4.5659075 117
12.336105 -5.2962923 5.5728703 103
12.937405 -5.2363906 5.3431797 71
13.169709 -5.0382409 4.972507 120
13.211574 -4.7644057 4.5309968 110
12.950615 -5.2078829 5.7661419 91
13.010647 -4.9195886 5.3143425 110
13.210421 -4.6903543 4.9344759 117
13.24461 -4.4027925 4.4991903 122
13.013021 -4.8981085 5.7294817 100
13.042082 -4.5838938 5.2694311 102
13.249854 -4.3463817 4.9004512 122
13.285292 -4.0458932 4.4692087 115
13.035059 -4.5766134 5.6806836 99
13.064396 -4.2493873 5.2256956 100
13.290573 -3.999516 4.8674159 116
13.32687 -3.6910961 4.4432001 124
13.05037 -4.250473 5.6260419 105
13.103184 -3.9234264 5.1905913 113
13.313892 -3.6560967 4.8337097 122
13.361355 -3.3376772 4.4203262 120
13.078901 -3.9379344 5.5829687 109
13.150686 -3.6036165 5.1612206 92
13.35975 -3.3221087 4.8104787 127
13.4093 -2.9928608 4.4041529 110
13.119162 -3.6281593 5.5479403 115
13.20779 -3.2883801 5.1398897 93
13.3789 -2.9803166 4.7800422 122
13.43727 -2.6448724 4.3845763 114
13.143197 -3.319927 5.5122271 107
13.27869 -2.9784429 5.1292543 93
13.421358 -2.6507232 4.7650733 121
13.482084 -2.3014507 4.3746309 75
13.171227 -3.0120583 5.4774208 102
13.348976 -2.6634188 5.1156502 97
13.45999 -2.3187723 4.7491889 121
13.497921 -1.9553944 4.3602743 87
13.209325 -2.705106 5.4484448 101
13.397269 -2.3463552 5.0996146 100
13.491767 -1.9841163 4.7326589 122
13.545111 -1.6080787 4.3545923 115
13.241413 -2.3975108 5.4218922 97
13.443063 -2.0229621 5.0838804 98
13.537813 -1.6487322 4.7239213 122
13.584836 -1.2671592 4.3528533 127
13.273559 -2.0909996 5.394958 111
13.502614 -1.7069721 5.0752978 108
13.56764 -1.3170143 4.7129169 120
13.618138 -0.92071778 4.3488564 126
13.313675 -1.7883002 5.3765993 106
13.536531 -1.3846463 5.0601621 118
13.601515 -0.98568618 4.7058463 121
13.659258 -0.57805866 4.3527436 112
13.361814 -1.4853921 5.3601766 102
13.578169 -1.06613 5.0509872 123
13.636221 -0.65651816 4.7038784 120
13.693202 -0.23677203 4.3578439 103
13.397855 -1.1833661 5.3460155 102
13.601707 -0.74791372 5.0411525 111
13.673595 -0.32050389 4.7028637 114
13.407093 0.10668108 4.269278 62
13.43743 -0.87562096 5.3318076 103
13.639644 -0.42699724 5.0360475 111
13.707881 0.01376785 4.7059021 107
12.964821 0.43226412 4.1367145 73
13.460855 -0.56841838 5.3159175 104
13.686184 -0.1008505 5.0358 113
12.947542 0.33637094 4.4526191 88
12.961753 0.76489806 4.1374884 41
13.497952 -0.25543898 5.3047872 98
12.947999 0.21478154 4.7670383 96
12.981571 0.65558732 4.4605875 77
13.816542 1.1637232 4.3976102 53
13.519711 0.054915484 5.2919488 87
12.958923 0.5260942 4.7604218 82
13.816504 1.0330877 4.7279954 57
13.856965 1.5174611 4.4186344 44
12.932257 0.35279426 5.0571079 84
12.98094 0.8363806 4.760582 10
13.829571 1.3762933 4.7345052 60
13.918311 1.8783126 4.4492812 34
12.97536 0.65112376 5.0607877 75
13.756156 1.2102648 5.0211558 57
13.864943 1.7194561 4.751574 42
13.953468 2.2395406 4.4744506 21
13.627728 0.9960658 5.285646 60
13.767067 1.5416299 5.0236473 41
13.917282 2.071121 4.7763834 21
13.991122 2.6055887 4.5046587 18
13.616825 1.3134626 5.2685843 54
13.770813 1.8727213 5.0254021 22
13.960028 2.4287364 4.8005075 27
14.028136 2.9757435 4.5369654 22
13.647005 1.6371454 5.2697744 44
13.78366 2.2150297 5.030036 10
14.009361 2.7917829 4.8295536 18
14.085813 3.3621118 4.5779934 23
13.721334 1.9678684 5.2911944 29
13.787961 2.5521438 5.0379014 12
14.04766 3.1558778 4.8588934 23
14.122849 3.7433574 4.6174517 27
13.766718 2.3022156 5.3041711 14
13.835957 2.901238 5.0618463 16
14.09616 3.529953 4.8929019 17
14.143121 4.1259527 4.6550045 32
13.794974 2.6349857 5.3133011 13
13.867354 3.2547657 5.0840244 14
14.122425 3.9019794 4.9262805 25
14.197286 4.5245109 4.7079716 34
13.840219 2.9762359 5.3301401 15
13.878128 3.6031401 5.1025858 24
14.149249 4.2799768 4.96068 30
14.248365 4.9333878 4.761054 36
13.879822 3.320997 5.3501105 18
13.918912 3.9698496 5.1326489 28
14.135056 4.6506648 4.9858537 18
14.288626 5.3442383 4.8163624 53
13.901599 3.6671436 5.3623409 23
13.959189 4.3383551 5.1656446 24
14.07291 5.013442 4.9958558 31
13.655896 5.5101299 4.6566825 27
13.9323 4.0237279 5.3813629 24
14.003639 4.7197113 5.2033281 33
14.07348 5.3977356 5.0312243 52
13.501271 5.8402653 4.6556783 67
13.952305 4.3811364 5.4021063 24
14.047723 5.1059465 5.2438231 45
13.502813 5.5710354 4.8769541 60
13.515898 6.242064 4.7110381 79
13.995927 4.7542915 5.4307199 26
14.017188 5.4717779 5.2628784 42
13.527558 5.9639091 4.9260626 78
12.815116 6.3257647 4.5330296 51
14.087111 5.1492634 5.4816165 32
13.482704 5.6479745 5.1052504 75
13.344476 6.2746296 4.909245 47
12.154111 6.3941031 4.3686075 51
13.99495 5.4879799 5.4692445 30
13.557066 6.0567346 5.1669178 77
12.622481 6.3325477 4.7059822 54
11.506035 6.4381685 4.2067943 53
13.490744 5.6686559 5.3062682 60
13.036665 6.2107124 5.0171137 53
11.978716 6.3943443 4.5291505 64
10.91709 6.4878693 4.0627985 57
13.506516 6.0466547 5.3388882 66
12.536576 6.3537798 4.8768125 62
11.420387 6.472415 4.3816795 57
10.451137 6.5775156 3.9615505 58
12.934409 6.1692657 5.1559138 37
11.881091 6.4016428 4.6791205 67
10.852235 6.5202584 4.2312512 60
8.7502508 5.8926773 3.4189289 38
12.394067 6.2849483 4.9852734 48
11.310892 6.4637823 4.512804 68
10.328986 6.5730338 4.0939555 69
8.3550739 5.9507728 3.3331106 75
11.893237 6.4010234 4.8298497 55
10.800146 6.5345325 4.3673487 64
8.67488 5.898077 3.5364525 66
8.3001671 6.2236958 3.3696184 78
11.290715 6.4450927 4.6360836 56
10.291982 6.5889797 4.2237601 62
8.3165045 5.9739237 3.4529922 74
8.3280716 6.5603032 3.4418061 80
10.75571 6.4970279 4.4680152 62
8.6462622 5.912343 3.6420836 72
8.3083925 6.2726946 3.5026999 76
8.1988974 6.793817 3.458607 79
10.257108 6.5486321 4.314271 66
8.3009119 5.9890285 3.5544369 74
8.3478527 6.6152759 3.5747859 80
7.813149 6.8219123 3.3785601 76
8.6446247 5.8860722 3.7261198 59
8.3137312 6.2969308 3.6068888 79
8.1415939 6.782577 3.5538793 76
7.4433231 6.8475533 3.3021753 72
8.3162813 5.9742827 3.634233 74
8.3462391 6.6311274 3.6710863 82
7.7621093 6.815155 3.4657218 74
7.1092539 6.88799 3.2391472 71
8.3201036 6.2739983 3.6758206 76
8.1202984 6.7841978 3.6344929 73
7.4078798 6.8474307 3.3860517 71
6.7927952 6.9328394 3.1827848 71
8.3511858 6.6053395 3.7320306 81
7.7468781 6.8192711 3.5372186 76
7.0769796 6.8916302 3.313972 69
6.4726443 6.9599628 3.1223967 70
8.1491718 6.7783318 3.6970592 73
7.3957472 6.8543072 3.4494932 72
6.7485518 6.9185343 3.2427464 68
6.1744857 6.9951115 3.0706067 68
7.7838192 6.8146992 3.5956233 74
7.0627007 6.8876839 3.3693926 70
6.4455748 6.9581676 3.1810746 67
5.8846998 7.0224681 3.0206029 66
7.4215512 6.8407493 3.4940655 71
6.7479897 6.9223943 3.2959278 68
6.1460166 6.9794106 3.1222332 89
5.6080699 7.0496225 2.9763317 64
7.1032367 6.8818364 3.4127049 70
6.4454184 6.956996 3.2272146 68
5.8601842 7.0074368 3.0661478 85
5.3362594 7.0743308 2.9329462 87
6.7799597 6.9133453 3.3273869 72
6.1438298 6.9804678 3.1574183 83
5.5904198 7.0450335 3.0167878 60
5.0732007 7.0952268 2.8923614 84
6.4729576 6.9453673 3.2497425 68
5.8637276 7.0170245 3.0982573 88
5.3191948 7.0667014 2.9663684 83
4.8197246 7.1212687 2.8556082 89
6.168469 6.9733152 3.1712039 67
5.5901322 7.0491323 3.0391622 58
5.0540342 7.0899725 2.9170947 86
4.5820885 7.1560373 2.8248796 85
5.8923397 7.01054 3.1059067 66
5.3198037 7.0707436 2.9826717 87
4.8181448 7.1324964 2.8810463 88
4.3448529 7.1826 2.7937922 94
5.622066 7.0452089 3.0445418 61
5.0566607 7.0936947 2.9291193 85
4.5721011 7.1528563 2.8401351 91
4.1166482 7.2083311 2.7665491 99
5.3441615 7.0635171 2.9772592 64
4.8148937 7.1287398 2.8851988 88
4.3333778 7.1755548 2.8030856 90
3.8933728 7.2326059 2.7411962 99
5.0881295 7.0878425 2.9215672 59
4.5730238 7.1517491 2.8402128 89
4.1102724 7.2028432 2.7727439 99
3.6735609 7.2505412 2.7167363 104
4.8318086 7.1091857 2.8648598 85
4.3397403 7.1799941 2.7990785 86
3.8800826 7.2197485 2.7364848 105
3.4591284 7.2720013 2.6941841 105
4.5960484 7.1447034 2.8178127 85
4.1079292 7.2020798 2.7588782 91
3.661617 7.2426009 2.7070189 105
2.8165858 6.5198059 2.3920989 118
4.3617406 7.1740665 2.7706995 87
3.8775702 7.2180104 2.7186124 99
3.4494765 7.26788 2.6814361 116
2.6330533 6.5374527 2.374897 120
4.1266427 7.1944623 2.7245514 90
3.6604712 7.2457733 2.6851406 97
2.8091385 6.5185108 2.3763096 108
2.4476249 6.5452299 2.3576784 125
3.90377 7.2267909 2.6832175 94
3.4482117 7.2710853 2.6535552 101
2.6205633 6.5266004 2.3511539 123
2.3396375 6.7084804 2.3957317 41
3.67607 7.2394814 2.6398733 103
2.8021884 6.5152178 2.3444965 110
2.4400692 6.5449839 2.3318884 120
2.3927307 7.2463002 2.5665479 47
3.4595284 7.2631917 2.6023605 111
2.61502 6.5282073 2.3173349 124
2.3526652 6.7555337 2.3817782 39
2.2590339 7.3928127 2.6000237 135
2.814199 6.5142817 2.2963138 116
2.433341 6.545711 2.2930841 122
2.4021401 7.2886901 2.5436418 68
2.0712426 7.4168401 2.591928 136
2.6261363 6.5293751 2.265177 122
2.3506851 6.7759204 2.3409798 38
2.2441285 7.3932967 2.5553768 123
1.882962 7.4358988 2.5818126 132
2.4381642 6.5454636 2.2340398 123
2.3996043 7.3151684 2.4978862 70
2.0532665 7.4075918 2.5382869 116
1.6982538 7.4496074 2.5735948 130
2.3629436 6.7910638 2.282867 40
2.2332182 7.3964753 2.4976616 125
1.8632609 7.419795 2.5231657 114
1.518039 7.4679222 2.5683088 128
2.4033332 7.3170757 2.4248722 79
2.0389106 7.4070826 2.4756167 134
1.6819026 7.4482722 2.5149505 116
1.3383275 7.4912009 2.5650499 132
2.2247894 7.3774171 2.4128029 133
1.8539187 7.4408927 2.4615526 113
1.4995115 7.465755 2.5037634 128
1.1594979 7.5023289 2.5597363 131
2.0344069 7.4087329 2.3917968 123
1.66221 7.4462299 2.4414139 130
1.3173579 7.4852562 2.495496 128
0.98523384 7.5291152 2.5613527 128
1.8429223 7.4281206 2.3697109 122
1.4790311 7.4668484 2.4271717 131
1.1397873 7.5103574 2.4901683 135
0.80872738 7.5430436 2.5599446 130
1.6519557 7.4424129 2.3475866 127
1.2966032 7.4953918 2.4159544 134
0.96311152 7.534339 2.4858139 129
0.63638943 7.5686316 2.5635169 127
1.4654267 7.4713702 2.3304482 127
1.1151537 7.5128202 2.4046488 133
0.7847445 7.5514617 2.4804389 136
0.4652918 7.5970979 2.5700498 127
1.2800277 7.4911737 2.3142197 125
0.93385601 7.5322289 2.3943357 128
0.6081844 7.5664034 2.4760077 137
0.29115134 7.6148024 2.5735846 128
1.0961139 7.5158534 2.2999856 124
0.75386393 7.5545216 2.3860106 126
0.43204379 7.585309 2.4745874 132
0.11824211 7.6243658 2.5750499 126
0.9131254 7.5396633 2.286566 128
0.57426298 7.5699878 2.377511 131
0.25715062 7.6063595 2.4740527 131
-0.052898124 7.651082 2.5844986 125
0.7288605 7.5593743 2.2733648 124
0.3956413 7.5841494 2.3701656 129
0.082324997 7.6271758 2.4756649 135
-0.22543262 7.6526122 2.5869613 59
0.54507142 7.5730157 2.2611189 129
0.21720414 7.6103258 2.367877 136
-0.091249302 7.6398516 2.4762061 62
-0.39682236 7.6761007 2.5975142 83
0.36262301 7.6005797 2.2529163 128
0.039512653 7.6334205 2.366554 126
-0.26743081 7.6567755 2.477818 71
-0.56819242 7.6995854 2.6090631 86
0.18007006 7.6161094 2.2436495 125
-0.13747291 7.6534433 2.3641975 103
-0.44110635 7.688508 2.4874558 132
-0.74191439 7.7192659 2.6206365 126
-0.0019727172 7.6366019 2.2373953 125
-0.31698105 7.6676764 2.3618634 72
-0.61590695 7.7082977 2.4940789 133
-0.91399848 7.7447915 2.6362586 128
-0.1871396 7.6031795 2.2169864 98
-0.4953303 7.682754 2.362577 134
-0.7916404 7.7181144 2.4986916 130
-1.0876015 7.7544031 2.6478071 132
-0.36886922 7.6366706 2.2167952 107
-0.67442316 7.7109723 2.367301 128
-0.96972346 7.7552443 2.5134447 134
-1.2614365 7.7820988 2.6664281 131
-0.54977995 7.6991735 2.2267358 127
-0.85583234 7.7253532 2.3689988 130
-1.1474379 7.765224 2.5200408 134
-1.4391385 7.8010774 2.683073 128
-0.73352569 7.7217708 2.2265165 124
-1.0364885 7.7576752 2.3787708 127
-1.3278149 7.7784762 2.5287106 132
-1.6156335 7.8219666 2.7016964 123
-0.91994399 7.7375951 2.2252965 125
-1.219209 7.7691216 2.3824439 130
-1.5086732 7.8077741 2.545434 134
-1.7938408 7.835958 2.7192852 125
-1.1061822 7.7553868 2.2260649 127
-1.4053646 7.7969136 2.3922632 131
-1.6903821 7.8281155 2.5601249 136
-1.9767131 7.8633962 2.7440367 134
-1.2946082 7.7813921 2.2309191 124
-1.5905396 7.8135724 2.4010022 130
-1.8743529 7.8456464 2.5748444 117
-2.1605818 7.8909221 2.7688069 131
-1.4836833 7.8004069 2.2347007 129
-1.7765616 7.8212142 2.4075813 135
-2.061595 7.8704219 2.5935552 126
-2.3445735 7.9063478 2.7914205 131
-1.6761066 7.8156791 2.2385452 128
-1.9677255 7.858448 2.4256155 116
-2.2502878 7.8903556 2.6124485 120
-2.5330381 7.927238 2.8173144 137
-1.8705007 7.8411846 2.2485797 131
-2.1622212 7.8819361 2.4396415 123
-2.4395406 7.9043164 2.6303198 122
-2.7240708 7.9523611 2.8462811 125
-2.068372 7.8619866 2.2566576 127
-2.3549364 7.8922138 2.4515662 121
-2.6383829 7.9432092 2.6575449 123
-2.9164205 7.9735904 2.8753107 118
-2.2658045 7.8757243 2.2657695 131
-2.55439 7.925169 2.4728429 120
-2.8327558 7.9546161 2.6786087 116
-3.057466 7.7996526 2.8353286 48
-2.4717689 7.9153075 2.28321 137
-2.7570848 7.945375 2.4901183 122
-3.0246651 7.9497476 2.6955385 103
-3.0957212 7.3206115 2.6856527 41
-2.6760151 7.9306765 2.2944427 136
-2.9606926 7.9656878 2.5103362 125
-3.0757916 7.4708843 2.5530305 40
-3.2227445 7.1665111 2.6533794 123
-2.8882039 7.95679 2.3118327 133
-3.0638623 7.6328917 2.4206514 42
-3.1621017 7.1576347 2.4651175 123
-3.4078355 7.1890941 2.6862268 115
-3.0422227 7.7730103 2.2699554 47
-3.1129189 7.1738644 2.292206 86
-3.3480153 7.1723256 2.4909179 114
-3.5955851 7.2039442 2.7190588 105
-3.0816 7.2459192 2.1279347 39
-3.2965393 7.1613116 2.3038023 125
-3.5456336 7.2001419 2.5230076 104
-4.145503 8.0928288 3.0847683 94
-3.2457488 7.1543956 2.1137161 124
-3.4971642 7.1903944 2.3319566 109
-4.0936198 8.084856 2.8586564 88
-4.3624907 8.1062012 3.1231763 91
-3.4523554 7.1870804 2.1378658 122
-4.0443544 8.0702 2.6374247 101
-4.3180861 8.1060772 2.8941386 91
-4.5909576 8.1357946 3.1707828 87
-4.0022349 8.0741701 2.4185967 114
-4.2749119 8.0899076 2.6681578 87
-4.549283 8.1278181 2.9338806 95
-4.8193483 8.1542377 3.2154615 87
-4.2364826 8.0881853 2.4423714 99
-4.520453 8.1309757 2.7083118 88
-4.7891641 8.1533031 2.9758413 87
-5.0546446 8.1732664 3.2642951 89
-4.4887667 8.1228867 2.4746132 90
-4.7629676 8.1507444 2.7432735 87
-5.0348163 8.1803684 3.0208981 90
-5.303309 8.2086077 3.3214538 88
-4.7408009 8.1485739 2.5077803 89
-5.0170398 8.1746016 2.7824721 88
-5.2875276 8.206109 3.0680807 89
-5.5638566 8.2450418 3.3808515 66
-4.9977627 8.1646719 2.5389907 86
-5.2811036 8.2093277 2.8279266 89
-5.5543628 8.2420073 3.1225994 87
-5.82166 8.2690496 3.4391282 60
-5.2734704 8.2054234 2.5807097 87
-5.5491414 8.2343121 2.8724091 90
-5.8240337 8.2691116 3.1761267 87
-6.0956435 8.3015194 3.5037708 36
-5.5514526 8.2323246 2.6213987 87
-5.8297629 8.2634382 2.9211636 90
-6.1033821 8.2991018 3.2338619 40
-6.3721056 8.3282175 3.5694332 67
-5.8426094 8.2674589 2.6673949 66
-6.120832 8.2975273 2.9761541 59
-6.3933868 8.3320599 3.2968268 88
-6.6717253 8.3740444 3.6456599 70
-6.1424532 8.2953424 2.7135248 58
-6.4265075 8.3359337 3.0344586 67
-6.7018728 8.3706837 3.364192 68
-6.9822927 8.4198322 3.7271094 72
-6.4626994 8.3400936 2.7681575 67
-6.7376685 8.3687925 3.0948503 68
-7.0202413 8.4101782 3.4357643 69
-7.2900929 8.4422932 3.8013813 74
-6.791503 8.3785744 2.824929 67
-7.0773535 8.4172449 3.1648932 69
-7.3416104 8.4388504 3.5083599 73
-7.621963 8.4848623 3.8902833 77
-7.1391506 8.4196272 2.8871529 72
-7.4094033 8.4417696 3.2297404 71
-7.6952043 8.4873285 3.5927658 76
-7.9634151 8.5221729 3.9793892 76
-7.4862151 8.4455166 2.9483039 73
-7.7754245 8.4873695 3.3083763 75
-8.0599632 8.5328188 3.6813879 79
-8.3119574 8.5461607 4.0685863 89
-7.8661132 8.4925413 3.0202503 78
-8.1570234 8.5345554 3.3913732 78
-8.3111925 8.4338722 3.7120066 81
-8.3297825 8.1996307 3.9832203 80
-8.2656469 8.5423689 3.0986223 87
-8.3119202 8.3126287 3.3714106 79
-8.3327465 8.078681 3.6306026 77
-8.3526211 7.8737073 3.9069352 77
-8.306159 8.1748848 3.0294025 78
-8.324687 7.9437366 3.2905667 78
-8.4601593 7.8514833 3.604809 75
-8.7037945 7.8892069 3.9989114 72
-8.3448734 7.826345 2.9651911 71
-8.6138296 7.8674517 3.3338094 73
-8.8678722 7.904192 3.7112734 75
-9.0866356 7.9166083 4.1039152 70
-8.7804012 7.8846765 3.0565608 72
-9.0298891 7.9059644 3.429862 76
-9.2875471 7.9439955 3.8204243 81
-9.2328558 7.7118754 4.0939846 79
-9.2215004 7.9207478 3.1475027 69
-9.7358265 8.189044 3.6400983 58
-9.9349928 8.168191 4.0248456 79
-9.3032293 7.4393706 4.0476604 45
-10.594434 8.7734909 3.5766625 69
-9.9334698 7.9806437 3.6405423 46
-9.7776756 7.6700029 3.8783381 1
-9.43538 7.2303567 4.033751 8
-11.148861 8.8266363 3.6956584 66
-10.232742 7.8618145 3.6828792 7
-9.7669611 7.3197527 3.7993519 4
-10.8009 8.0135155 4.5851054 51
-11.575828 8.7460575 3.7650733 53
-10.314627 7.5600514 3.6429474 12
-9.7827578 6.9987168 3.7372267 6
-10.955363 7.7816129 4.5786505 56
-11.678178 8.3990316 3.7279186 55
-10.401991 7.268681 3.6095231 7
-9.8422718 6.7205491 3.697324 5
-11.115322 7.5495205 4.5742168 45
-12.226215 8.385684 3.8460538 63
-10.525167 7.0067468 3.5936856 2
-10.004082 6.5244727 3.7037442 4
-11.265437 7.3173018 4.5694299 54
-11.567187 7.5067477 3.562438 4
-10.618853 6.7301559 3.5685034 2
-10.153422 6.3150806 3.7031665 2
-11.410254 7.0803967 4.5647879 46
-11.608399 7.1482291 3.515069 16
-12.382978 7.5464907 4.1410503 79
-10.291086 6.1007519 3.7014091 4
-9.91012 5.7974634 3.8616107 5
-11.634021 6.7921185 3.4650898 41
-12.413898 7.1797981 4.0838094 56
-10.453294 5.900322 3.7070022 7
-9.9430971 5.5415249 3.8200066 9
-11.714993 6.4792132 3.4401593 6
-12.54594 6.887526 4.0730138 11
-10.518508 5.640224 3.6790245 14
-9.9611578 5.2842431 3.7770967 13
-14.859164 7.8848958 4.3624816 30
-12.652357 6.5809207 4.0526304 3
-10.589052 5.389575 3.6559932 15
-9.9973202 5.0395827 3.7394493 16
-15.015887 7.5235033 4.3501139 33
-13.913694 6.8793926 4.4209065 50
-10.673292 5.1492352 3.6414258 5
-10.089602 4.8310752 3.7312078 7
-15.21482 7.1870284 4.3573332 53
-14.055869 6.5629354 4.4140983 53
-10.767955 4.914845 3.6310973 2
-10.198949 4.6321182 3.7303569 4
-15.343436 6.8111362 4.3429461 75
-11.843433 5.1502423 3.6387689 2
-12.582227 5.4775968 4.2403598 99
-10.299012 4.427269 3.727824 10
-15.4807 6.446836 4.3370361 74
-11.826111 4.8332849 3.5941112 7
-12.615845 5.1755304 4.2082276 96
-10.375601 4.2138667 3.7187285 5
-15.519526 6.0455151 4.3053541 103
-11.843167 4.5341043 3.5629499 37
-12.663007 4.8783846 4.1805139 80
-10.575291 4.0510483 3.7564523 5
-8.7797956 3.0548201 2.3190949 20
-8.7841053 3.0644403 2.5554399 20
-8.8246889 3.0923033 2.805439 3
-10.656467 3.8333135 3.7492774 12
-8.8332796 2.8546379 2.314234 137
-8.8285809 2.8654041 2.5462296 116
-8.8257933 2.887435 2.7803385 122
-8.8332119 2.9264293 3.0287502 111
-8.854558 2.6446798 2.3015561 148
-8.8569517 2.6652002 2.5337667 131
-8.8470068 2.6896341 2.7627501 123
-8.8429613 2.7346401 3.0049617 90
-8.8785276 2.4370639 2.2909732 108
-8.8793535 2.4644811 2.5201881 122
-8.8822041 2.5021114 2.7524979 115
-8.8709278 2.5504968 2.9895809 118
-15.749312 4.1072516 4.1981106 108
-9.8196173 2.5216532 2.7914538 16
-9.6626596 2.5231481 2.9923401 32
-9.3319387 2.4940305 3.1335642 24
-14.107093 3.3151281 3.7168331 46
-13.127579 3.1367037 3.7861516 56
-12.290751 2.9923282 3.8485253 49
-10.929813 2.7198474 3.6876309 3
-15.748262 3.3379569 4.1489735 62
-15.169543 3.2966073 4.3847618 14
-14.300406 3.188231 4.4885826 45
-11.000551 2.503896 3.6878002 1
-15.871105 2.9853039 4.1654096 109
-15.406137 2.9903743 4.4300623 52
-14.420141 2.8936076 4.5005493 47
-12.868393 2.6809182 4.3295288 91
-15.88536 2.6107635 4.1513729 93
-15.489182 2.6512001 4.4326119 49
-14.505153 2.5888259 4.5013356 46
-12.903932 2.4141016 4.3128858 94
-15.900372 2.2366359 4.1407619 69
-15.582474 2.3118069 4.4378204 42
-14.577323 2.2783535 4.4959202 43
-12.930467 2.1457248 4.292047 88
-15.97462 1.8780491 4.1457081 102
-15.652921 1.9694115 4.440805 40
-12.249518 1.6312013 3.721571 1
-12.969691 1.8803192 4.2804136 64
-16.016081 1.5082947 4.1454878 85
-15.715225 1.6245276 4.4430518 47
-12.260347 1.3700047 3.7069361 2
-13.002934 1.6151261 4.2692318 69
-16.061005 1.1437299 4.1500072 80
-15.798521 1.2785366 4.4535275 40
-12.244597 1.1046321 3.6864183 4
-13.059122 1.3492746 4.2653584 62
-16.101196 0.77391791 4.1561551 74
-15.838965 0.92885929 4.4550123 41
-12.282728 0.84824347 3.6852679 4
-13.05689 1.0781045 4.2432671 48
-16.132296 0.40598553 4.1634712 74
-15.865952 0.57554978 4.4540224 42
-12.335108 0.59058261 3.6920054 5
-13.101288 0.8116436 4.2396231 43
-16.142889 0.03408464 4.1646085 76
-15.933579 0.22497258 4.4674816 43
-12.323055 0.32741585 3.6773787 7
-13.128506 0.54508466 4.2328143 35
-16.218082 -0.33666292 4.1882367 70
-15.972331 -0.12793671 4.4754672 39
-12.377207 0.070264712 3.6871605 6
-13.196723 0.27716848 4.2408247 30
-16.264307 -0.7080099 4.2072792 84
-16.028233 -0.48333406 4.4907861 41
-12.408076 -0.19398478 3.688437 5
-13.247197 0.0067833588 4.2444701 21
-16.256701 -1.0795301 4.2132602 79
-16.034409 -0.83997595 4.4934506 39
-12.416559 -0.45486838 3.6881573 5
-13.286851 -0.26638147 4.2457643 16
-16.343842 -1.4622191 4.2471051 92
-16.086878 -1.2022537 4.5112967 34
-12.421566 -0.7195105 3.6857641 9
-13.326035 -0.54327023 4.250299 16
-16.378878 -1.8418556 4.2725921 104
-16.107174 -1.5621613 4.5255976 33
-12.474652 -0.98731452 3.7035971 7
-13.365921 -0.81999141 4.2547154 15
-16.430437 -2.2311039 4.3016787 95
-12.712865 -1.4925375 3.5314519 1
-12.499136 -1.2584814 3.7093787 6
-13.347028 -1.0950001 4.2405658 25
-15.244338 -2.4141769 3.9931595 23
-12.712034 -1.7737842 3.5399976 1
-12.546756 -1.5324485 3.7264631 6
-13.426446 -1.3835356 4.257422 15
-14.593926 -2.64202 3.829232 37
-14.837617 -2.4283724 4.1762586 22
-12.580921 -1.8080661 3.7381427 4
-13.460037 -1.6658666 4.2656546 12
-16.580835 -3.4196477 4.4011145 88
-13.866015 -2.5726755 3.9008901 38
-12.636183 -2.0913248 3.7606421 2
-13.482823 -1.9521021 4.2703958 19
-16.61862 -3.8242326 4.4390864 98
-13.756473 -2.8678422 3.8816533 22
-12.659286 -2.3725181 3.7742567 1
-13.520572 -2.249965 4.2803345 18
-16.627697 -4.23107 4.4694982 86
-15.983365 -3.7374806 4.5674529 31
-13.089136 -2.7505116 3.9196153 48
-13.483813 -2.5310915 4.26999 45
-10.360851 -2.7948921 2.7256575 32
-15.97134 -4.1098032 4.5873137 17
-13.03432 -3.0323019 3.9128866 5
-12.732454 -2.6523106 4.0220227 36
-9.8548174 -2.8803234 2.6036544 55
-10.332761 -2.8148408 2.9038775 43
-15.158076 -3.908066 4.6052494 39
-12.558046 -2.8886306 3.9668803 43
-9.4611216 -2.9818931 2.5124815 102
-9.7791166 -2.8775446 2.7525108 54
-10.33044 -2.8175731 3.074043 46
-13.528667 -3.4242485 4.2998037 53
-9.4666815 -3.215425 2.5373979 100
-9.4702587 -2.998682 2.6766357 92
-9.7757463 -2.8763623 2.908505 51
-10.357867 -2.7925396 3.2387881 31
-9.504715 -3.4661293 2.5728834 84
-9.4764442 -3.2271233 2.6975906 100
-9.4678354 -2.9943647 2.8216627 90
-9.8432207 -2.8607457 3.0720088 47
-13.289331 -5.3287077 3.7239561 4
-9.502038 -3.4719028 2.7258537 81
-9.4912891 -3.2252605 2.8439538 90
-9.4767027 -2.9568527 2.9550881 83
-13.300209 -5.6913433 3.7663169 59
-14.011333 -5.6392245 4.1650624 66
-9.5018587 -3.4573143 2.8629775 84
-9.4811001 -3.174377 2.9660616 91
-12.767462 -5.7924819 3.6480119 54
-12.63615 -5.3790469 3.7655458 5
-13.93457 -5.5754833 4.3419132 60
-9.5138969 -3.4084392 2.9875247 87
-12.151844 -5.8267498 3.5043721 56
-12.75557 -5.7699041 3.8389313 63
-13.417317 -5.693737 4.1997552 67
-11.59316 -4.5028596 3.7129521 3
-11.628884 -5.8852048 3.3863933 55
-12.224503 -5.837244 3.706749 66
-12.621739 -5.6584725 3.9647636 37
-13.533923 -5.6494317 4.3973398 69
-11.173107 -5.9545536 3.2879956 66
-11.632847 -5.8565769 3.5507193 62
-12.296073 -5.825748 3.8841832 65
-11.44321 -5.0047932 3.6952808 27
-10.716649 -6.0057774 3.1890743 75
-11.203259 -5.9374542 3.4492438 64
-11.689495 -5.8320174 3.7106013 45
-12.194942 -5.6736054 3.9757347 26
-10.631557 -6.2795649 3.2092311 77
-10.76619 -6.0006714 3.3446178 77
-11.305297 -5.9375854 3.613029 70
-11.738825 -5.753396 3.8419607 32
-10.682058 -6.6424956 3.2781177 84
-10.633489 -6.2323685 3.343493 81
-10.854027 -5.9848819 3.4924545 69
-11.456172 -5.910058 3.7682424 67
-10.722333 -7.0143814 3.3467691 79
-10.680143 -6.5845733 3.4053674 80
-10.624226 -6.1549668 3.4486337 82
-11.007305 -5.9591913 3.637444 62
-10.783937 -7.4136167 3.4272995 76
-10.724981 -6.9501863 3.4695389 77
-10.668195 -6.4975734 3.5027645 83
-10.65371 -6.0471606 3.5398345 80
-10.825422 -7.8117552 3.5050948 70
-10.769859 -7.3278975 3.5365074 84
-10.723698 -6.8582363 3.5640357 84
-10.67402 -6.3687639 3.5775926 82
-10.870695 -8.2306528 3.5878592 67
-10.812935 -7.7198434 3.6073658 80
-10.748838 -7.2145987 3.6177132 82
-10.711 -6.7099686 3.6235876 79
-10.919081 -8.6743946 3.6775582 88
-10.864966 -8.1351061 3.6872852 85
-10.802423 -7.6105952 3.6837618 73
-10.735822 -7.060298 3.6662877 76
-10.608099 -8.8139277 3.6395497 81
-10.925835 -8.5827236 3.7732153 76
-10.84216 -8.0088511 3.7495179 84
-10.796591 -7.4455829 3.726536 71
-10.204749 -8.857296 3.5671659 79
-10.706269 -8.7943726 3.7586832 93
-10.907948 -8.4429483 3.8296165 72
-10.837306 -7.8306699 3.784379 76
-10.155826 -9.2294445 3.6292622 66
-10.305487 -8.8382769 3.6753321 84
-10.848402 -8.7854261 3.8656151 96
-10.891258 -8.2441149 3.848289 72
-10.167172 -9.6770296 3.7211499 38
-10.153501 -9.0987978 3.6908765 73
-10.444939 -8.8205881 3.7722301 81
-10.939107 -8.6657667 3.9160526 80
-9.9863749 -9.9365263 3.741123 2
-10.219258 -9.5932493 3.7946272 55
-10.14611 -8.9469633 3.7194986 82
-10.641223 -8.8000536 3.8522968 76
-9.9337091 -9.7375622 3.7610719 5
-10.192209 -9.4090023 3.8060167 68
-10.242356 -8.8309145 3.7500308 73
-9.7878342 -10.040095 3.7865257 1
-10.038806 -9.6910753 3.8144219 31
-10.171496 -9.1748428 3.7777872 70
-9.6247787 -10.99213 3.8982627 2
-9.6606331 -10.363065 3.8242514 1
-9.7515593 -9.8254652 3.7708809 2
-10.181564 -9.6109571 3.8417039 57
-9.6000957 -10.786534 3.8958049 3
-9.8835592 -9.7342262 3.7840002 6
-9.7138863 -9.989625 3.7822106 1
-11.060503 -14.765497 4.9696975 107
-9.5885077 -11.073012 3.9590275 2
-10.751862 -15.043623 4.9879708 45
-11.24166 -14.760307 5.0223541 109
-11.545248 -14.195337 4.9584265 1
-11.889431 -17.630024 5.7565532 32
-10.807021 -14.84979 4.9640508 95
-11.345764 -14.620353 4.9961791 84
-11.984064 -18.733839 6.0268269 19
-10.708267 -15.463314 5.0760198 5
-10.978887 -14.805506 4.9579792 97
-12.118879 -19.989614 6.3446517 24
-11.96095 -18.332184 5.9163814 20
-10.733513 -15.184178 4.982759 35
-11.194423 -14.726542 4.9105163 111
-11.906702 -20.700533 6.4889812 71
-12.126928 -19.591183 6.2231731 18
-11.875282 -17.80201 5.7263803 22
-10.795044 -14.869632 4.8437095 65
-11.401683 -20.884811 6.4698858 25
-12.105757 -20.630798 6.4515424 74
-12.039131 -19.002371 6.0047059 20
-10.708466 -15.478429 4.935061 4
-12.6214 -24.652353 7.5507541 12
-11.569508 -20.749065 6.3989635 63
-12.280241 -20.472683 6.3508577 25
-11.935369 -18.30896 5.7110548 26
-12.812545 -26.602728 8.0582199 33
-12.560378 -23.982376 7.2906318 14
-11.79164 -20.688854 6.3091221 79
-12.130911 -19.622086 5.9934931 22
-12.158923 -26.738625 8.0227299 35
-12.80731 -25.97595 7.7907333 10
-11.362642 -21.018589 6.3038058 14
-12.093438 -20.642149 6.1769481 83
-13.704918 -32.439293 9.6391411 23
-12.400185 -26.662191 7.9009533 52
-12.61553 -24.926884 7.3578901 12
-11.549216 -20.756285 6.0926585 58
-12.938058 -32.637405 9.6124907 35
-12.680683 -26.619892 7.7371249 59
-12.64367 -24.236528 6.9766183 12
-14.150491 -38.564617 11.260685 22
-12.01895 -26.757549 7.6612329 22
-12.990512 -26.483946 7.4834056 21
-13.541546 -32.47279 9.1637087 29
-12.357184 -26.682558 7.4094391 66
-12.776603 -32.684769 9.099534 23
-13.767651 -31.948292 8.7116671 12
-12.71356 -38.981503 10.926369 14
-13.912432 -38.486065 10.566613 27
-13.160813 -32.602283 8.7352877 55
-14.261421 -44.595417 11.389304 21
-8.7797127 -57.380424 15.205985 25
-10.486508 -57.037582 14.461356 33
-9.1901255 -57.260502 14.387659 54
-12.043089 -62.659084 14.927094 44
-6.189014 -57.685539 15.110116 25
-7.8720207 -57.412182 14.303082 44
-10.561869 -62.735847 14.764679 48
-4.8914742 -57.75684 15.040658 28
-6.5619082 -57.535423 14.205927 40
-9.0808334 -62.845207 14.596112 49
-5.2581825 -57.740093 14.146515 35
-7.6351285 -63.018864 14.479682 59
-3.9405265 -57.770794 14.048538 28
-6.173842 -63.124546 14.350954 74
-4.3379726 -57.632893 12.961698 33
-1.3393915 -63.637066 15.269945 34
-3.2171695 -63.484318 14.138525 59
1.6250497 -58.271019 14.886951 32
0.12514131 -63.931778 15.248356 33
-1.7429302 -63.703903 14.053315 58
1.3729597 -58.258739 13.827174 27
-0.24444626 -63.881287 13.972596 55
3.0670233 -64.107544 15.139992 39
5.6343555 -58.738041 14.924786 29
4.5359778 -64.211174 15.101793 52
6.9546709 -58.715515 14.908688 45
6.0231929 -64.275803 15.063837 43
4.2770643 -64.35154 13.757861 57
7.6552119 -46.914711 12.879247 24
7.388608 -52.805973 13.399227 68
6.8172212 -58.813225 13.734128 51
8.7062016 -46.811352 12.878778 34
7.2893457 -52.868111 12.31226 34
6.64081 -58.889118 12.43676 36
8.4716663 -41.060745 11.345492 26
7.1756835 -52.95879 11.132148 31
8.4253645 -41.036335 10.449616 29
9.3578472 -40.899078 10.43074 39
8.4086781 -41.062775 9.536067 23
9.5555325 -34.974087 9.7850704 61
9.3654261 -40.885204 9.4825325 45
8.4074831 -41.195026 8.555398 25
10.204007 -34.405136 9.6711979 22
9.653553 -38.282833 8.8843412 22
9.3878345 -40.980537 8.4897499 43
10.139202 -34.058491 8.759079 19
9.6403608 -35.036339 8.1418476 60
9.6679182 -38.211357 7.8978109 17
10.343373 -32.216339 8.3194494 23
10.159527 -33.908276 7.8910332 21
9.6767673 -35.002014 7.2272048 57
10.621655 -29.025681 8.3125172 55
9.971549 -29.033916 7.5351591 57
10.341704 -31.948683 7.452898 23
10.181777 -33.775616 6.9738436 21
10.808141 -27.725376 7.9976001 33
10.676058 -28.927639 7.543282 37
10.073853 -29.028738 6.7918797 71
9.6295204 -29.671537 6.1285734 9
10.942164 -26.419636 7.6803155 26
10.819932 -27.478184 7.2049255 28
10.709924 -28.698574 6.7359691 28
10.211956 -29.093092 6.0090628 63
10.339079 -23.671764 6.937583 11
10.960011 -26.172787 6.9056764 24
10.840548 -27.2087 6.4131565 31
10.576384 -28.0361 5.7979879 32
10.66466 -23.045212 6.8098879 98
10.39822 -23.509174 6.2454729 24
10.865705 -25.610052 6.0627632 27
10.781049 -26.692955 5.5315809 35
11.292303 -23.042717 6.8688159 74
10.836784 -23.077452 6.172761 137
10.479883 -23.316195 5.5475049 45
11.020928 -25.572611 5.3131022 33
11.40239 -22.07552 6.6422915 58
11.189719 -22.518221 6.0691404 44
11.032309 -23.090467 5.5241165 99
10.574368 -23.137039 4.8234701 81
11.488868 -21.141819 6.4261498 54
11.259692 -21.474541 5.8379145 36
11.354357 -22.435844 5.4026756 35
11.252938 -23.117472 4.8380051 86
11.536712 -20.210052 6.2068577 44
11.353197 -20.566944 5.6426544 44
11.455214 -21.43408 5.2015176 57
11.407239 -22.116646 4.6537356 46
11.517444 -19.227777 5.9658942 52
11.447955 -19.69529 5.4454808 46
11.560933 -20.50358 5.0056815 73
11.52124 -21.11644 4.4598942 47
11.057158 -17.653624 5.5381894 49
11.682216 -19.111319 5.3380079 82
11.669257 -19.637939 4.8369169 64
11.617641 -20.163618 4.2923751 58
11.237651 -17.115444 5.4400945 93
11.094664 -17.348768 4.9046021 84
11.054607 -17.756138 4.4201231 20
11.720909 -19.278883 4.133709 61
11.75201 -17.050024 5.4887791 75
11.539886 -17.167782 4.9115849 111
11.227677 -17.142673 4.3117733 85
11.112317 -17.424641 3.7727194 88
11.842066 -16.421194 5.3612213 62
11.932931 -16.90078 4.8964758 96
11.866827 -17.197392 4.3743744 124
11.572865 -17.197407 3.7589967 89
12.021494 -15.937256 5.278904 85
11.99437 -16.219957 4.7621269 84
11.974908 -16.525124 4.2549915 83
11.952366 -16.858143 3.72369 70
12.089646 -15.326044 5.1522508 80
12.061471 -15.576665 4.6403737 113
12.049043 -15.852889 4.1363983 97
12.027666 -16.14353 3.6064689 72
12.150705 -14.743886 5.0337486 83
12.127274 -14.960047 4.5211778 108
12.120125 -15.210826 4.0232449 96
12.095586 -15.450709 3.4963336 73
12.211464 -14.186888 4.9229579 91
12.205737 -14.390446 4.4176507 21
12.188478 -14.588867 3.915874 90
12.165648 -14.799827 3.3950684 61
12.261202 -13.636562 4.8125849 91
12.260778 -13.814524 4.3104949 104
12.26033 -14.005692 3.8182096 92
12.241494 -14.182124 3.3003006 69
12.316653 -13.119656 4.7137437 93
12.320377 -13.272989 4.2147908 111
12.316264 -13.426525 3.7209966 105
12.305209 -13.585462 3.2126241 99
2.2715671 -2.9415748 1.0966947 41
12.397863 -12.770747 4.1315222 103
12.401597 -12.904243 3.6406629 90
12.374553 -13.019449 3.1305082 102
2.3159292 -2.8582866 1.0861881 48
2.3600619 -2.9241171 0.98411947 90
2.3500924 -2.9398813 0.86525917 45
11.697711 -11.768578 2.8854249 75
2.3667908 -2.7824883 1.0797993 64
2.3667562 -2.8001494 0.96167803 128
2.342303 -2.7985249 0.84115607 85
2.3522916 -2.8281462 0.72576767 121
2.3483119 -2.6471777 1.0508809 46
2.4265022 -2.7272301 0.95784158 84
2.4108098 -2.7284114 0.83712775 101
2.43433 -2.764293 0.72443253 79
2.5232928 -2.6741946 1.0851793 56
2.55686 -2.7099805 0.97228003 77
2.5207405 -2.6912191 0.84508681 76
2.5438318 -2.7200131 0.72843581 97
12.64716 -10.361098 4.2258215 95
12.651386 -10.380881 3.7425086 109
12.65093 -10.399283 3.2703068 109
12.667693 -10.437316 2.7946553 87
12.683319 -9.9314518 4.1514721 100
12.687035 -9.9361591 3.6752579 104
12.700344 -9.9488068 3.2118084 104
8.2942076 -6.7040629 1.8504592 30
12.73069 -9.525857 4.0866256 103
12.748611 -9.518816 3.6151938 107
12.764108 -9.5196381 3.1577725 103
12.775876 -9.5150614 2.6904519 93
12.782062 -9.1326971 4.0276532 79
12.785861 -9.1042938 3.5566208 105
12.769019 -9.0620079 3.0950847 69
12.817872 -9.0608253 2.6389933 95
12.787757 -8.7202978 3.9577076 48
12.834449 -8.698842 3.5027685 111
12.842453 -8.6618509 3.0517006 101
12.865273 -8.6261835 2.5943096 101
12.867333 -8.3628712 3.9119449 72
12.871464 -8.2993889 3.4490814 106
12.892623 -8.251564 3.0037913 107
12.917841 -8.2020817 2.5534263 103
12.897833 -7.9788828 3.8532939 112
12.91097 -7.9061975 3.3972976 104
12.93317 -7.8484511 2.9590404 107
12.957829 -7.7838702 2.5127678 101
12.934414 -7.6065059 3.7994587 106
12.960043 -7.5309649 3.3522246 104
12.980102 -7.4529505 2.9161193 110
12.987542 -7.3687544 2.474303 104
12.991835 -7.2553706 3.7550635 110
13.006413 -7.1557708 3.3065238 103
13.015776 -7.0627866 2.8749342 105
13.027574 -6.9640198 2.4370019 102
13.016212 -6.8943505 3.7041368 111
13.022479 -6.7778726 3.2606494 105
13.043507 -6.6780009 2.8353026 118
13.071055 -6.5733409 2.4070461 98
13.037041 -6.5375714 3.657131 107
13.062893 -6.4179096 3.2221363 122
13.096247 -6.3080215 2.8039401 108
12.377041 -5.8605361 2.2548358 59
12.334148 -5.8597078 3.4209642 37
12.347173 -5.7329602 3.0142748 106
12.372794 -5.6144276 2.6212885 111
12.398531 -5.4939027 2.226321 81
12.375411 -5.5390277 3.3848116 109
12.383627 -5.3988085 2.9793034 109
12.398689 -5.2642827 2.5896287 113
12.795506 -5.2759442 2.2614164 19
12.424859 -5.2281623 3.3524635 84
12.934316 -5.269206 3.0617983 54
13.218893 -5.2184253 2.7141876 129
12.162506 -4.671032 2.1294696 4
13.194877 -5.1878591 3.4999921 131
13.223269 -5.0214095 3.0863681 108
13.233831 -4.8562951 2.6839259 121
12.150553 -4.3185372 2.1037028 9
13.233816 -4.8590155 3.4650691 111
13.253566 -4.6796517 3.0565231 117
13.282919 -4.5082369 2.6617508 121
13.227301 -4.3069987 2.2528636 85
13.261381 -4.5350838 3.4312186 116
13.288397 -4.3433442 3.0285978 121
13.323528 -4.1654458 2.6417418 118
13.250457 -3.9465644 2.234302 69
13.300763 -4.21524 3.4031065 113
13.318036 -4.0095739 3.0027585 123
13.353604 -3.8166676 2.6199749 122
13.289022 -3.5945649 2.2203815 87
13.331372 -3.8915777 3.3711915 126
13.347521 -3.6778069 2.9778976 121
13.39502 -3.4769759 2.602901 124
13.298079 -3.2348783 2.2020593 84
13.363514 -3.5741105 3.3421597 126
13.388943 -3.3481498 2.9557436 118
13.431737 -3.133858 2.5859153 120
13.319506 -2.8843715 2.1904259 86
13.391943 -3.2532959 3.3132217 116
13.432961 -3.0237582 2.9365091 124
13.463046 -2.7952754 2.5700157 120
13.363805 -2.5369465 2.1813107 97
13.446563 -2.9449232 3.2936859 59
13.464305 -2.695209 2.9175546 120
13.495214 -2.4587858 2.556088 121
13.398827 -2.1927063 2.1743681 100
13.456709 -2.6264727 3.2651076 114
13.509314 -2.3719254 2.9022949 122
13.533598 -2.1208601 2.5450418 120
13.424866 -1.8476508 2.1666126 111
13.509609 -2.3149323 3.2456236 127
13.539506 -2.0452833 2.8843539 120
13.565669 -1.7863837 2.5351064 123
13.449046 -1.5014299 2.1609018 133
13.526471 -2.0011222 3.2218852 90
13.571482 -1.7218262 2.8693612 122
13.607759 -1.4528232 2.5279624 123
13.489986 -1.1597538 2.1598265 122
13.569296 -1.6906905 3.2056012 118
13.604494 -1.3984687 2.8563461 123
13.643896 -1.1187282 2.5219429 123
13.546037 -0.81845224 2.1624417 101
13.608388 -1.3769059 3.1884108 119
13.647567 -1.076038 2.8481228 120
13.680394 -0.78064924 2.5159369 119
13.58023 -0.47416556 2.163518 85
13.630222 -1.0645629 3.1685638 120
13.680713 -0.75169629 2.837111 121
13.724851 -0.44430798 2.5137603 114
13.604629 -0.12698136 2.1638095 84
13.669309 -0.75179529 3.1553693 112
13.713195 -0.42429271 2.8291299 117
13.753267 -0.10751788 2.5109134 114
12.995804 0.21353717 2.0719643 73
13.698648 -0.43512419 3.1393933 122
13.753936 -0.094626829 2.8219929 101
12.990133 0.22502573 2.3741658 100
13.044128 0.54547268 2.0816908 58
13.730131 -0.11765414 3.1263788 115
12.973686 0.22046742 2.662499 87
13.032438 0.54748785 2.3769636 87
13.772663 0.92396826 2.1928051 53
12.965749 0.18905188 2.9455142 91
13.009154 0.53553939 2.6583953 77
13.859189 0.91699827 2.5170293 79
13.823195 1.2797934 2.2046115 66
13.00708 0.49046957 2.9380612 82
13.849405 0.89466524 2.8099654 73
13.9 1.2656116 2.5208285 71
13.906687 1.6415628 2.2236133 55
13.082074 0.79692447 2.9401054 4
13.893118 1.2330706 2.8108156 63
13.913425 1.6127727 2.5243447 63
11.55129 1.6841147 1.8778307 6
13.843121 1.1602993 3.0865083 57
13.902293 1.5685941 2.8064399 62
13.948378 1.9639935 2.532572 62
13.994895 2.3764408 2.2537856 58
13.900131 1.4914855 3.0842178 46
13.936391 1.9118782 2.8086843 57
13.982209 2.3253584 2.5399206 49
13.954246 2.7365201 2.2586486 26
13.932097 1.823941 3.0794468 38
13.966528 2.255517 2.8120131 52
14.013864 2.6838932 2.5513008 57
14.018223 3.116183 2.2834857 21
13.971368 2.1587391 3.0775414 39
14.009665 2.6090152 2.8181314 52
14.038929 3.0470376 2.5638418 51
14.075912 3.5044544 2.3064983 25
14.018142 2.4978652 3.0795081 37
14.043504 2.9593344 2.8254242 51
14.101337 3.4218423 2.5826862 61
14.145146 3.8966768 2.3363001 61
14.043813 2.8379116 3.076911 33
14.088644 3.3226736 2.8365586 54
14.139809 3.7988179 2.6000319 63
14.207367 4.3005853 2.3643088 64
14.087457 3.1863494 3.0809951 32
14.12062 3.6852031 2.8459582 58
14.201521 4.1867166 2.6249659 67
14.237053 4.7004142 2.3909609 59
14.119633 3.5418591 3.0823522 37
14.177082 4.0615592 2.8619359 62
14.229216 4.5777197 2.6426098 67
14.301996 5.1221318 2.4240148 66
14.156465 3.90397 3.0856512 44
14.208571 4.440186 2.8744354 68
14.271079 4.979465 2.6670256 69
14.041362 5.4308987 2.4080884 24
14.176986 4.2635417 3.0882702 49
14.256112 4.8283868 2.892662 64
14.272708 5.3708162 2.6852055 59
13.542235 5.6428909 2.3554909 66
14.246913 4.6447077 3.103003 49
14.305659 5.2274466 2.9119081 76
13.535836 5.4880471 2.574928 58
13.590879 6.061049 2.3928583 78
14.282326 5.0229912 3.1124239 46
13.826821 5.4366908 2.8328738 19
13.596691 5.8980899 2.6070027 61
13.069081 6.2339377 2.3375039 38
14.260132 5.3884468 3.1119478 40
13.540894 5.7046595 2.7922311 73
13.394453 6.2075858 2.5948846 40
12.362979 6.2970977 2.2512987 44
13.54714 5.4996176 2.9691324 47
13.608637 6.1140919 2.8201635 73
12.67699 6.2718444 2.4889102 47
11.722723 6.3643093 2.1747687 51
13.568296 5.8751678 2.9808278 62
13.041705 6.2520413 2.7265234 38
12.000719 6.3233118 2.3910222 58
11.129162 6.4242611 2.1052432 57
13.485719 6.2190108 2.9714592 43
12.350022 6.3039656 2.609946 46
11.422384 6.3989983 2.309268 57
10.607367 6.4977627 2.0473266 59
12.773673 6.2728529 2.8333006 26
11.736053 6.3678861 2.5078475 59
10.869905 6.4592714 2.2338991 64
8.8499765 5.8082943 1.7663697 12
12.134768 6.3320704 2.7116787 35
11.137271 6.4103446 2.408318 64
10.35249 6.5173602 2.1638005 64
8.487565 5.8954129 1.7312704 67
11.531582 6.3850236 2.5962908 43
10.642334 6.4855022 2.3308518 64
8.7063513 5.861042 1.8727354 71
8.322113 6.0971127 1.7347904 73
11.009562 6.45366 2.5003359 56
8.8928308 5.7955155 1.9966875 1
8.3382254 5.9316468 1.8276346 69
8.366847 6.4483461 1.7778088 77
10.509946 6.5132351 2.4097917 51
8.5515089 5.8858113 1.9470794 70
8.3415823 6.23949 1.8562135 74
8.18571 6.6434522 1.7795233 73
8.7884855 5.8147602 2.0599058 31
8.330122 6.0414739 1.9233935 72
8.3589954 6.5681305 1.8906204 79
7.8081017 6.684773 1.7433947 71
8.4483232 5.8987103 2.0010028 71
8.3567467 6.363029 1.9523497 77
8.0193415 6.6419368 1.851689 72
7.4471078 6.7213459 1.7097236 69
8.3280573 6.11446 1.9905986 74
8.3504848 6.6767836 1.9751614 79
7.6642785 6.6892729 1.8111502 69
7.1013741 6.7587709 1.6779448 69
8.3698435 6.4479527 2.0165396 77
7.9308624 6.6818485 1.9117035 73
7.3165507 6.7289181 1.770422 68
8.3165646 6.7228413 2.0240958 80
7.5543437 6.7060742 1.8574752 69
6.9802909 6.7614908 1.732424 66
-0.14194211 0.64013118 0.16806026 0
7.9373946 6.753365 1.9599527 70
7.2074528 6.7346272 1.8086696 68
6.6592994 6.7956858 1.6971258 87
-0.17431059 0.63805002 0.16470738 2
7.4839334 6.7103491 1.8789234 71
6.8910427 6.7764606 1.7673179 65
6.352128 6.826612 1.6645304 88
-0.21011694 0.63126004 0.16139925 4
7.1460824 6.7401099 1.8249403 71
6.5779634 6.8109694 1.7248596 87
6.0514965 6.851923 1.6327728 86
-0.23832235 0.63081074 0.15797059 8
6.8288784 6.7750173 1.7755667 67
6.2688427 6.8330603 1.6852558 91
-0.26768318 0.62845439 0.15555553 10
6.5260358 6.8126297 1.7289169 67
5.9816151 6.8631988 1.6492512 88
-0.23736235 0.63973874 0.16300119 4
-0.30079344 0.61841178 0.15117501 9
6.222857 6.8352089 1.6831942 91
-0.26674357 0.63738841 0.15958624 7
-0.3272571 0.61479044 0.14869405 9
5.9473329 6.8733387 1.6439935 64
-0.2398311 0.64497685 0.16408038 3
-0.30104977 0.62545133 0.15421936 6
-0.35600311 0.60836774 0.14524418 9
-0.27287126 0.63593751 0.15870333 7
-0.32642752 0.62273651 0.1517211 6
-0.38045523 0.60456163 0.14372151 10
-0.23944362 0.64896101 0.16309401 6
-0.30600154 0.62590188 0.15332283 6
-0.35528409 0.61532342 0.14726801 8
-0.39828134 0.60718143 0.14309879 8
-0.28941467 0.62038499 0.15295549 10
-0.33702981 0.61667681 0.14890422 6
-0.3845014 0.60392642 0.14280088 8
-0.41938537 0.60708916 0.14152806 9
-0.32046318 0.61116546 0.14753711 11
-0.36152241 0.61288172 0.14538203 6
-0.44076011 0.60400885 0.1399468 10
-0.34814388 0.60565382 0.14307038 11
-0.38601524 0.60908669 0.14185993 7
-0.42096907 0.61124808 0.14158346 6
-0.45277584 0.61513615 0.14025198 10
-0.3727268 0.60086292 0.13954474 11
-0.41186422 0.60139805 0.13834454 8
-0.4459126 0.6024732 0.13804382 8
-0.38813099 0.60828739 0.13789849 12
-0.42862502 0.60492891 0.13670498 6
-0.45684248 0.61450648 0.13833182 7
-0.49342334 0.60978615 0.13805154 8
-0.41389009 0.60159463 0.13438669 11
-0.44656157 0.60655832 0.13507921 7
-0.51289672 0.6055302 0.13642545 10
-0.43774763 0.59372669 0.13082922 11
-0.50006306 0.6033749 0.13414918 7
-0.52744496 0.61086631 0.13674685 7
-0.48015285 0.61262578 0.13278987 8
-0.54336977 0.61231518 0.13607463 9
-0.47847667 0.58840835 0.1246201 10
-0.53419518 0.60347039 0.13183589 5
-0.55554551 0.62145048 0.13736792 8
-0.51765323 0.60901296 0.12952498 8
-0.54756737 0.61070931 0.13214311 7
-0.58059579 0.60064507 0.13276091 5
-0.50899047 0.59520489 0.12226921 10
-0.55976343 0.61984962 0.13243665 6
-0.58746505 0.62334692 0.1370199 7
-0.52254605 0.60445046 0.12160861 10
-0.54959643 0.61491191 0.12721705 7
-0.5760321 0.62130511 0.13179088 7
-0.59558409 0.64713967 0.14133036 3
-0.54249066 0.59521973 0.11896496 10
-0.57602322 0.59021318 0.12162147 4
-0.58793736 0.63342321 0.13309948 6
-0.61561882 0.63691306 0.13868333 6
-0.55459666 0.60535115 0.1192667 10
-0.57909417 0.62160307 0.12585467 7
-0.62312335 0.66368359 0.14298205 3
-0.57447147 0.59712231 0.11562689 9
-0.61703366 0.64408726 0.13375099 7
0.11412415 3.5159497 0.68045437 2
-0.60965747 0.6273827 0.1255095 7
-0.62609529 0.66497743 0.13704956 3
0.027760107 3.5157349 0.68021339 1
-0.60688269 0.59403956 0.11327116 7
-0.64687157 0.64678937 0.13337466 3
-0.056522172 3.5163376 0.67993456 6
-0.63942575 0.63108623 0.12413692 3
-0.13951808 3.5198317 0.68064564 0
-0.63100445 0.61529875 0.1138786 7
-0.65261751 0.64031214 0.12445619 4
-0.074666649 3.5241442 0.64034021 21
0.43686283 7.4552979 1.4222801 132
-0.6416434 0.6303165 0.11517537 9
-0.66231412 0.66527945 0.12778664 1
-0.16146889 3.5089273 0.63602096 126
0.26447785 7.4688849 1.4268594 137
-0.65465492 0.64153892 0.11549681 9
0.70050204 7.4270992 1.2297045 10
-0.24613219 3.5055568 0.63472211 123
0.094141476 7.4933214 1.4344568 134
0.52322531 7.4441724 1.2254003 132
-0.32650515 3.5158484 0.63541007 116
-0.077481426 7.5148654 1.4410648 130
-0.68221456 0.65809834 0.11613938 3
0.34823093 7.4640489 1.2220656 128
-0.40870595 3.5172715 0.63508749 130
-0.24819469 7.5242791 1.4475893 134
0.48643252 7.4429312 1.101104 14
0.17251515 7.4759579 1.2187029 128
-0.48991084 3.5186052 0.63474435 100
-0.41928518 7.5507817 1.458215 134
0.30992636 7.4689794 1.094833 124
-0.0031636124 7.4989014 1.2173998 130
-0.57035363 3.5278957 0.63642919 95
-0.59237099 7.5563974 1.4637681 136
0.13308012 7.4910398 1.089548 119
-0.51170868 3.5549021 0.5853647 0
-0.65206271 3.5342886 0.63812447 83
-0.76378495 7.589952 1.4764395 131
-0.045837462 7.51229 1.0843073 121
-0.59510791 3.5544567 0.5830732 4
-0.73339742 3.5336618 0.63880187 70
-0.93543571 7.6095357 1.4870839 137
-0.67708522 3.557924 0.58279836 6
-0.81444019 3.5360174 0.64049417 47
-1.1104722 7.6253753 1.4977621 133
-0.39992064 7.5505228 1.0757475 119
-0.76136327 3.5585854 0.58148426 7
-0.89630628 3.5404477 0.64214575 35
-1.2852298 7.6441894 1.5093708 138
-0.58100462 7.5699029 1.0715108 121
-0.84440249 3.5509696 0.58011335 12
-0.97856283 3.5407825 0.6438027 26
-1.4613799 7.6800795 1.5261483 134
-0.76058537 7.5941491 1.0692515 122
-0.92746282 3.5534561 0.57973588 15
-1.0604048 3.5552337 0.64842546 14
-1.639683 7.6912746 1.5375761 135
-0.94075793 7.6095738 1.0677078 118
-1.0100746 3.5489781 0.57921237 26
-1.1429386 3.5617857 0.65195966 6
-1.8166736 7.7053809 1.5509915 133
-1.1241101 7.62428 1.0643187 122
-1.0940549 3.5626738 0.58191621 33
-1.223919 3.5430844 0.65146875 1
-1.9973154 7.7247853 1.5657277 128
-1.308045 7.6440263 1.0641215 120
-1.1779376 3.5562973 0.58158708 35
-1.8940469 7.715054 1.4035404 135
-2.181735 7.746521 1.5816184 135
-1.4929671 7.6638265 1.0650241 123
-1.2628139 3.5609689 0.58335698 43
-2.077292 7.7296052 1.4133708 132
-2.3647501 7.7620287 1.5984474 127
-1.682651 7.6866231 1.0666099 125
-1.3492264 3.5674515 0.5865109 56
-2.2657049 7.7421641 1.4238663 135
-2.5539794 7.7856517 1.6180167 130
-1.8715737 7.7067399 1.0685641 127
-1.4347342 3.5651512 0.5882374 74
-2.4578571 7.7785854 1.4409783 130
-2.7491274 7.8213258 1.6391871 130
-2.0620332 7.7209706 1.0705183 128
-1.5225979 3.5700934 0.59005117 69
-2.6489277 7.7948461 1.4529592 129
-2.9455004 7.8540926 1.6623677 109
-2.258811 7.7427988 1.073643 126
-1.6213367 3.6191633 0.60132664 27
-2.8449357 7.8115458 1.4670438 121
-3.0440438 7.5418868 1.6126801 38
-1.5621362 3.5519168 0.50374544 1
-1.7078327 3.6059458 0.60203904 110
-3.0178061 7.7429276 1.4652382 55
-3.1014609 7.1437674 1.5447464 113
-2.6557548 7.7808285 1.0820047 127
-1.8004158 3.6133709 0.60600418 79
-3.0494771 7.2230101 1.380098 49
-3.2791152 7.1407461 1.5603788 118
-2.8645473 7.8128376 1.0893936 127
-1.8916526 3.6136329 0.60983032 51
-3.2057667 7.1388063 1.3757795 121
-3.4729662 7.1782985 1.586485 120
-3.0123222 7.6273994 1.0673941 38
-1.9881526 3.622272 0.61482501 36
-3.3947825 7.1547728 1.3917139 125
-3.6617162 7.1851892 1.6063664 1
-3.0555294 7.1304665 1.0035027 83
-2.0862637 3.6341588 0.62178618 21
-3.5859668 7.1671133 1.4084582 113
-4.2213545 8.0626783 1.8212323 110
-3.2446744 7.123642 1.0060298 115
-2.1848669 3.6401696 0.62764013 7
-4.1013308 7.9453754 1.5758618 107
-4.4562731 8.1091185 1.8550196 92
-3.4468894 7.1490722 1.0161186 115
-4.0288577 7.9306097 1.3562146 108
-4.3365173 7.9917831 1.6028534 109
-4.6834626 8.1216688 1.8826665 97
-2.2624502 3.668746 0.53426915 1
-4.2654986 7.973175 1.3772582 98
-4.587184 8.0546398 1.6343145 92
-4.9238634 8.1534443 1.9157746 87
-2.3700819 3.6765058 0.53854001 11
-4.4984956 7.9912057 1.394129 88
-4.8486557 8.1203737 1.66802 87
-5.1713686 8.1847725 1.950008 88
-2.4796193 3.685395 0.54382396 33
-3.9681592 6.441896 1.1390049 23
-4.0730224 6.2018352 1.2938989 77
-5.4218812 8.205328 1.9832402 90
-2.5845566 3.6788099 0.54793125 46
-4.0883031 6.3041983 1.1277231 52
-5.3692818 8.201437 1.729095 87
-5.6800361 8.2295771 2.0196476 88
-2.7019565 3.6894147 0.55438596 51
-4.2462106 6.2451797 1.1316334 19
-5.6329436 8.2221966 1.7575938 88
-5.9251633 8.2215385 2.0506153 58
-2.8213284 3.7001956 0.56188202 56
-5.5188465 8.0933304 1.4795223 83
-5.9103127 8.2562695 1.7914613 94
-6.2371106 8.3018579 2.1034417 67
-2.9378805 3.6976988 0.56826246 47
-5.7965207 8.1254559 1.5063895 87
-6.2003317 8.2944641 1.827601 91
-6.5248113 8.3307819 2.1464865 69
-3.065383 3.7072105 0.57592094 38
-6.0878587 8.1617851 1.5355444 85
-6.496141 8.3241463 1.863814 88
-6.832036 8.3755083 2.1960161 71
-3.1977348 3.7181568 0.5856865 20
-6.4159479 8.2345352 1.5716434 86
-6.8063955 8.3601017 1.9043523 88
-7.1455855 8.4066935 2.2445955 72
-6.3689899 8.1980877 1.2864325 59
-6.7553415 8.3042307 1.610952 67
-7.1277075 8.3960142 1.9461117 88
-7.4707522 8.4419279 2.2964337 72
-6.68536 8.2256165 1.3110465 64
-7.1175952 8.3860731 1.6547982 68
-5.045342 5.3711286 1.2743545 27
-7.8079381 8.4763041 2.3505216 75
-5.0008755 5.5802412 0.90948826 32
-5.0896459 5.421957 1.0954974 63
-7.8221302 8.479682 2.0397723 71
-8.1766891 8.5265694 2.4113407 79
-5.0189996 5.3299432 0.88452584 91
-5.1334095 5.2201529 1.075318 15
-8.1952963 8.5273638 2.0926664 79
-8.2751827 8.2644701 2.3879614 75
-5.0937619 5.1600318 0.87219852 93
-8.2101889 8.5117474 1.7769175 102
-8.2705545 8.2230263 2.060679 74
-8.2935944 7.9259162 2.3406329 73
-8.1282549 8.386034 1.4345262 74
-8.2600813 8.1679697 1.7411289 73
-8.2961998 7.8821101 2.019362 71
-8.5389013 7.8286295 2.3630185 72
-8.2610312 8.1311045 1.4206691 16
-8.2962618 7.8310981 1.7067651 70
-8.5962791 7.8320112 2.0518768 70
-8.9396839 7.877902 2.4331167 75
-3.6809738 2.9899569 0.54546893 11
-8.65979 7.8329134 1.7458458 61
-9.0087099 7.8763843 2.1122332 71
-9.3235159 7.8926444 2.4968455 19
-3.6891842 2.8572252 0.53387409 6
-9.0929346 7.8848853 1.7998817 68
-10.321141 8.7258959 2.3964489 73
-10.716086 8.7787342 2.8457391 69
-9.180233 7.8873034 1.4764529 68
-5.7070198 4.4485164 1.0494081 4
-5.5543475 4.163094 1.1818075 47
-11.234426 8.8351622 2.93857 75
-5.6279788 4.3275375 0.83909786 89
-3.7252584 2.530395 0.61978424 1
-5.7110128 4.1048102 1.1966593 19
-11.774526 8.8834925 3.0347645 71
-5.5973167 4.0947847 0.81718892 88
-3.7382002 2.4230733 0.61043954 9
-11.96761 8.9041605 2.6476412 73
-12.381685 8.9549675 3.1448305 64
-4.698483 3.167521 0.65360337 3
-3.7462788 2.3154144 0.60070825 27
-12.603893 8.9795313 2.748847 74
-13.019677 9.0254354 3.264627 63
-12.342391 8.9104757 1.8638208 60
-3.7447939 2.2037711 0.59091556 42
-13.24047 9.0188522 2.847476 74
-13.669511 9.0735579 3.38239 68
-13.061578 8.9965668 1.9423558 68
-3.7567501 2.10729 0.58352298 62
-13.971296 9.0971918 2.9655433 77
-14.383227 9.1308012 3.512584 60
-13.827225 9.0786953 2.0267186 54
-3.7677841 2.0106297 0.57604396 66
-14.768063 9.1827002 3.0934474 79
-14.745857 8.9340506 3.5527596 14
-14.672351 9.1745224 2.1232712 52
-3.7783742 1.917186 0.56874532 96
-5.3428345 2.8431878 1.0034355 61
-15.073916 8.7075396 3.5851882 55
-5.379416 2.8736768 0.70327777 26
-3.7859318 1.8235071 0.56239539 29
-5.3854799 2.7275724 0.99867827 51
-5.3718772 2.6555326 1.1450478 52
-5.3194385 2.6855836 0.68405318 72
-3.7970223 1.7351675 0.55614573 21
-5.4586978 2.627749 1.0006251 53
-16.071419 8.4146004 3.7318234 3
-5.4026871 2.5847661 0.68727142 64
-3.8296845 1.6609914 0.55552691 7
-5.5544548 2.5413306 1.0083272 62
-16.717789 8.3134203 3.8371561 4
-17.565619 8.8695021 2.4235706 103
-3.8328736 1.5718558 0.54955292 1
-3.833123 1.5364249 0.64238232 5
-18.028683 8.524045 4.1053991 113
-4.9607754 2.0793056 0.60921854 13
-4.9241004 2.012325 0.73113203 10
-3.839577 1.4547751 0.63704133 19
-18.099596 8.0909853 4.0731835 115
-4.9726915 1.9599468 0.60472667 14
-4.926868 1.8951287 0.72444504 13
-3.8404744 1.3695495 0.62952334 35
-18.148951 7.6547089 4.0382986 111
-4.9159627 1.8122888 0.58989036 59
-18.372368 7.5513473 2.9887667 2
-3.8531516 1.293359 0.62533861 56
-16.134497 6.3641796 3.5305786 3
-5.4737339 1.9216709 0.6600945 17
-3.8659871 1.2171969 0.6205827 6
-16.175001 5.9903769 3.501806 6
-3.8430817 1.1686044 0.43271786 21
-3.8681736 1.1380845 0.61510003 42
-8.8024292 2.9192376 1.8123679 142
-5.5595708 1.6924402 0.6611746 59
-5.1808586 1.5314181 0.73769468 16
-3.8760645 1.0625021 0.61085361 93
-8.8227139 2.7303381 1.8007624 149
-4.968719 1.3702389 0.57751971 8
-4.944819 1.341557 0.69290972 29
-3.8838451 0.98791003 0.60761058 99
-8.849968 2.5420682 1.7893003 146
-4.9396634 1.2511578 0.5704816 31
-4.9495602 1.23656 0.68962955 20
-3.8928621 0.91340923 0.60453939 150
-9.2004652 2.4520676 1.8502477 28
-4.9609122 1.1341546 0.68624735 11
-3.90749 0.84141612 0.60238087 150
-16.423985 4.1827407 3.3952761 6
-18.575081 4.4100094 2.3574934 96
-18.576933 4.3662281 2.8484056 123
-3.9142115 0.76781052 0.59938163 74
-16.456377 3.8230605 3.376436 5
-4.9948983 0.94017172 0.56994075 67
-4.9391956 0.92081678 0.67511058 75
-3.9217057 0.69557238 0.59836954 59
-16.542892 3.4781616 3.3714871 4
-5.0051665 0.8370347 0.57076609 81
-4.9401932 0.82074475 0.67336416 87
-3.9362247 0.6236853 0.59759027 55
-18.2276 3.4507847 3.702157 104
-5.0056663 0.7316559 0.56921136 86
-4.9570789 0.72287238 0.67218792 105
-3.9407392 0.55180687 0.59529847 28
-18.650118 3.1283531 3.7641561 51
-5.0198841 0.62951922 0.56995744 98
-4.9698701 0.62563068 0.67193091 94
-3.9483311 0.47920313 0.59306604 24
-5.5199952 0.72847581 1.0029074 1
-5.0658922 0.5301981 0.57412297 38
-5.0787883 0.53894609 0.68621105 2
-3.9557991 0.40748158 0.59024888 24
-18.801151 2.3459766 3.7422864 97
-18.960527 1.7778296 2.3748863 4
-6.3699083 0.56520486 0.88269633 0
-3.97135 0.33623496 0.58955896 21
-3.9763024 0.35143659 0.67173326 0
-5.0617204 0.3214376 0.57157612 0
-6.3349934 0.43147412 0.87406975 97
-3.9838297 0.26502663 0.58931398 10
-3.9816957 0.28160647 0.66835088 4
-5.1148868 0.22073808 0.57796162 23
-6.2182679 0.29440516 0.8537643 95
-4.0063148 0.19371127 0.59127033 6
-3.9920251 0.21221486 0.66707051 7
-5.2322474 0.11877992 0.59363818 7
-6.2386541 0.16865374 0.855308 83
-4.0159144 0.12124205 0.58995664 4
-3.9924362 0.14193439 0.66358274 14
-5.3078666 0.013062767 0.60444063 150
-6.2901645 0.041679114 0.86247307 86
-4.0294552 0.049121521 0.59072363 4
-4.0047541 0.072722562 0.66234106 23
-19.223206 -0.32167563 2.844769 2
-4.0221448 -0.024871828 0.58805746 1
-4.0231843 0.0020473893 0.66321385 28
-19.237253 -0.88031405 2.421448 10
-19.332991 -0.76164114 2.8611655 3
-4.050899 -0.098540612 0.59120363 0
-4.0217614 -0.069256984 0.65980417 31
-19.275652 -1.191861 2.8531921 3
-4.0868125 -0.17550227 0.59665722 0
-4.0361567 -0.14112197 0.65988719 38
-19.195034 -1.6222095 2.8433869 115
-19.318329 -1.4728596 3.2660887 9
-4.0444856 -0.21259968 0.65982181 46
-5.2682724 -0.52948689 0.60888714 5
-5.2059193 -0.48227042 0.69690174 150
-5.2062817 -0.44145259 0.79115409 147
-4.0510345 -0.28543428 0.65855986 58
-5.2193322 -0.63246566 0.60533768 3
-5.1778898 -0.58335811 0.69378644 150
-5.172904 -0.5379886 0.7839542 150
-4.0636034 -0.35873619 0.65941763 29
-5.2260947 -0.74246079 0.60988295 7
-5.1476984 -0.68256015 0.6906451 150
-5.1556678 -0.63597184 0.78108764 150
-4.0723257 -0.43324667 0.6592083 30
-5.8803415 -0.97981256 0.70090008 99
-5.1277194 -0.78373599 0.68971395 150
-5.1283288 -0.73278129 0.77703041 150
-4.0770898 -0.5080893 0.65791947 30
-5.2368674 -0.96436656 0.61994565 26
-5.5494723 -0.97675544 0.75725484 23
-5.8884978 -0.9848001 0.90912741 25
-4.0919318 -0.584041 0.6598295 32
-4.0970387 -0.79674882 0.4687351 0
-5.1603446 -1.002652 0.69922745 21
-5.8128138 -1.0889419 0.89703238 47
-4.0999775 -0.66158903 0.65957189 142
-5.2412972 -1.1928333 0.62881112 15
-4.1085272 -0.83907771 0.53774685 3
-4.0937858 -0.78940499 0.59673119 1
-4.1101909 -0.74094814 0.66034156 130
-10.386861 -2.8396854 1.3463068 29
-5.1662645 -1.2219985 0.70608151 12
-4.1515145 -0.88367003 0.60830545 0
-4.0846815 -0.81057227 0.6553309 10
-9.8436089 -2.9147992 1.2825513 50
-10.16468 -2.8725295 1.5002497 54
-4.1591358 -0.96837866 0.60987562 0
-4.1246076 -0.89840484 0.66254079 97
-9.4199762 -3.0062585 1.2361627 127
-9.6140461 -2.9291689 1.4214711 51
-4.1440792 -1.0460916 0.60902417 0
-4.1300077 -0.98029447 0.662081 105
-9.4549589 -3.2532842 1.2542199 128
-9.4502182 -3.1016648 1.4039108 129
-4.1250577 -1.1241583 0.60709071 2
-4.1261764 -1.0600039 0.66144753 121
-9.4802418 -3.503078 1.2711672 107
-9.4559536 -3.3330123 1.4146651 126
-4.1568298 -1.2206156 0.61521775 6
-4.1369786 -1.1452361 0.66327524 108
-13.926157 -5.6755838 1.9344769 61
-9.4852285 -3.5821314 1.4292986 36
-4.1680026 -1.3128681 0.6191442 7
-4.1425405 -1.2309626 0.66514295 107
-6.1597686 -2.4607248 0.81237268 35
-13.759109 -5.7089782 2.1420527 66
-4.156414 -1.397197 0.6196174 13
-4.1586919 -1.3229007 0.66908038 108
-6.1219101 -2.5998125 0.8169384 19
-6.1374259 -2.4913254 0.90186489 2
-4.1729865 -1.4942564 0.6264267 23
-4.1686516 -1.4125109 0.67179543 97
-12.112323 -5.8791909 1.7386819 37
-6.0308747 -2.5894687 0.8921715 32
-4.1816282 -1.5920253 0.63107061 33
-4.175808 -1.5043627 0.6744439 83
-5.4215074 -2.5335863 0.73209894 1
-11.959411 -5.8706884 1.900701 41
-4.1935658 -1.6923714 0.63678658 35
-4.1864381 -1.6007831 0.67815709 63
-5.3472738 -2.6346498 0.73206848 58
-5.3845177 -2.5401506 0.80036145 26
-4.2121868 -1.8001298 0.64360058 37
-4.2067308 -1.7043667 0.68302733 44
-5.4309549 -2.8329787 0.7567144 10
-5.3862481 -2.6835766 0.80864167 6
-4.2227526 -1.9076116 0.65025258 44
-4.2126546 -1.8042244 0.68662602 37
-10.590563 -6.3356075 1.6044419 65
-5.4116983 -2.8459499 0.82328397 1
-4.2314749 -2.0162497 0.65683931 45
-4.2358041 -1.9165713 0.69247812 21
-10.805469 -6.8152919 1.6681813 38
-10.642847 -6.4135861 1.7560933 54
-4.2522111 -2.1358538 0.66560334 43
-4.2538676 -2.0283766 0.69923013 10
-5.4629865 -3.3301458 0.80174875 4
-4.2885294 -2.3774874 0.64308828 1
-4.2636275 -2.2533338 0.6732716 46
-4.2604465 -2.1362531 0.703857 7
-11.616203 -8.142293 1.8706132 27
-4.293529 -2.5015748 0.65253139 10
-4.2733755 -2.3739724 0.68082929 44
-4.2899237 -2.2641454 0.7117756 0
-4.2780795 -2.7358267 0.62694639 2
-4.2946162 -2.6270232 0.66288805 25
-4.2984247 -2.5093069 0.69261855 46
-10.69752 -6.772871 1.9945462 10
-5.8702021 -4.1964068 0.92338043 2
-4.3166347 -2.7736843 0.6765548 12
-4.3026304 -2.6354704 0.70103437 42
-10.724703 -7.1218791 2.0122404 11
-4.3417206 -3.0705884 0.6644544 15
-4.3351912 -2.9266863 0.69111723 32
-4.3020506 -2.7640715 0.70833623 11
-10.78368 -7.5132308 2.036334 3
-4.3562045 -3.2350159 0.68186224 37
-4.3421721 -3.0737009 0.70346314 21
-10.833354 -8.3360319 2.0158548 51
-4.3085966 -2.7535267 0.73253661 0
-4.3666768 -3.3998103 0.70018309 27
-4.3659692 -3.2413034 0.72103912 1
-10.871111 -8.7614784 2.0483158 94
-10.86153 -8.296566 2.0816674 45
-10.119382 -9.3418264 1.8428394 53
-10.12437 -8.907774 1.8893211 79
-10.532106 -8.8572569 2.0079055 90
-10.898035 -8.7170639 2.1051252 93
-11.051093 -10.770535 2.0770221 73
-10.111654 -9.3197184 1.9238445 66
-10.147593 -8.9029036 1.956874 91
-10.587421 -8.8373842 2.0602057 95
-11.109109 -11.350929 2.1451256 72
-11.082086 -10.779111 2.1657205 72
-10.119146 -9.2941551 1.9802352 73
-10.198427 -8.8753681 1.9971516 86
-11.167709 -11.97153 2.2177043 72
-11.141997 -11.355359 2.225559 71
-11.07022 -10.725211 2.2145507 79
-10.111853 -9.2055721 1.9983553 69
-11.249027 -12.65626 2.2996843 70
-11.190352 -11.959658 2.2873037 77
-11.133747 -11.294964 2.2657893 77
-11.044221 -10.594006 2.2207987 69
-4.8669529 -5.1547303 0.93379366 28
-11.24231 -12.593771 2.3539617 79
-11.188605 -11.891618 2.3197069 79
-11.09888 -11.140415 2.2589824 75
-4.6640253 -5.1388841 0.91677493 24
-4.884891 -5.147161 0.95622391 41
-11.240213 -12.50867 2.3754234 88
-11.161883 -11.725272 2.302093 74
-4.5590653 -5.2457962 0.92206383 17
-4.6583562 -5.1012821 0.92787063 19
-4.9015603 -5.1336312 0.96364152 38
-11.239667 -12.36404 2.3512039 56
-4.5652046 -5.5214844 0.95469368 10
-4.5612383 -5.2165108 0.93027264 23
-4.6861963 -5.0997882 0.93344843 16
-4.9327526 -5.1107001 0.95640165 22
-10.757676 -15.407703 2.5858612 10
-4.5773778 -5.5023303 0.96104848 17
-4.5663099 -5.1828976 0.9255597 24
-4.7570248 -5.1275077 0.93074119 8
-11.827154 -17.973181 2.9707005 39
-10.734922 -15.265135 2.5752287 11
-4.5937753 -5.4827514 0.95451802 17
-4.6021838 -5.1655397 0.90941834 36
-11.923457 -19.117704 3.1175416 40
-11.811003 -17.800856 2.9454267 28
-10.695894 -15.066663 2.5226128 40
-4.6495705 -5.4856791 0.93767583 4
-12.115736 -20.522795 3.3069274 42
-11.933043 -18.957956 3.0817175 53
-11.744418 -17.521349 2.8633399 19
-10.738771 -14.897762 2.4368684 80
-11.639963 -20.768686 3.3098402 139
-12.098048 -20.277205 3.2424507 31
-11.91089 -18.715826 2.9908402 43
-11.785164 -17.31358 2.7466381 30
-11.317399 -21.335409 3.3617225 12
-11.750235 -20.768785 3.2642307 138
-12.075639 -20.015942 3.1285968 27
-11.892544 -18.389755 2.8345234 44
-12.620125 -25.458679 3.963855 18
-11.318366 -21.108391 3.2653356 20
-11.873985 -20.76038 3.1731524 150
-11.851219 -19.293192 2.8935311 13
-12.472733 -26.729206 4.1196704 98
-12.504768 -24.900726 3.7895041 15
-11.36337 -20.937042 3.1345589 47
-12.03281 -20.70846 3.0173295 104
-11.882074 -27.068235 4.1349049 16
-12.592674 -26.691288 3.9983344 106
-12.545388 -24.683031 3.6155608 18
-11.480507 -20.805733 2.9516687 111
-13.279928 -32.625381 4.9351921 42
-11.961263 -26.910561 3.9766047 29
-12.733984 -26.650978 3.820987 59
-12.605275 -24.354025 3.3578069 23
-12.511418 -32.868687 4.925724 22
-13.450431 -32.590145 4.7421966 41
-12.076664 -26.797453 3.7697923 48
-12.739818 -26.14362 3.5104547 28
-13.586533 -38.658051 5.749733 70
-12.654214 -32.766758 4.7068 39
-13.167924 -31.380613 4.3299942 21
-12.289569 -26.75028 3.5022626 104
-14.425854 -44.581749 6.5869346 67
-13.76886 -38.580162 5.4719601 36
-12.839719 -32.739922 4.4336257 47
-13.159937 -30.692011 3.9156749 11
-14.978861 -50.545307 7.4228821 54
-14.641974 -44.526802 6.2486072 41
-13.994855 -38.589653 5.1350298 15
-13.0965 -32.695335 4.0693326 80
-15.301908 -56.631004 8.2645178 46
-15.228013 -50.521049 6.9998708 40
-13.093106 -38.839939 5.0805283 14
-12.460781 -33.309929 4.0449486 11
-15.173074 -62.005482 9.0028591 45
-15.562571 -56.534889 7.7525301 41
-13.826981 -44.714401 5.7482891 22
-13.363166 -38.698444 4.5878444 50
-13.706054 -62.118225 8.9715281 41
-15.467819 -61.907463 8.4009209 63
-15.866129 -56.49221 7.141252 34
-14.162469 -44.618855 5.1636095 44
-12.269732 -62.260101 8.9607105 49
-14.013557 -62.037342 8.3370199 42
-15.802052 -61.903286 7.6974692 46
-14.697517 -50.600166 5.7181292 38
-9.9982634 -57.178696 8.1988449 33
-12.583752 -62.228985 8.290205 55
-14.352816 -62.069469 7.6042728 61
-14.98245 -56.753716 6.2570438 71
-9.4158268 -62.570656 8.9371967 77
-10.241412 -56.987667 7.5197358 68
-12.909172 -62.242817 7.507503 69
-13.650764 -56.936977 6.1344581 72
-7.9814763 -62.712418 8.9222755 60
-9.7037296 -62.518669 8.1767282 60
-10.560134 -57.150333 6.7676783 30
-12.298773 -57.067081 5.982625 71
-6.5550108 -62.845985 8.8937016 65
-8.2708483 -62.70451 8.1075716 62
-9.2392321 -57.354439 6.6898103 27
-10.963227 -57.193863 5.8624353 43
-5.1424875 -63.040421 8.9019318 42
-6.832201 -62.827129 8.0589771 62
-7.9273891 -57.53067 6.6161637 46
-9.6240234 -57.359364 5.7428288 73
-3.7245259 -63.159508 8.8995609 51
-5.4082789 -62.97847 8.0198669 63
-6.6232839 -57.667152 6.5480857 64
-1.0265616 -1.6701429 0.18485875 54
-2.3044932 -63.288849 8.9031057 61
-3.9993076 -63.200832 7.9973197 38
-0.9340511 -1.6173414 0.20329633 4
-0.977696 -1.5821804 0.17336677 71
-0.88229924 -63.476295 8.9207172 68
-2.5682387 -63.306599 7.9598498 68
-0.89165628 -1.5227675 0.18998677 49
-0.93537498 -1.5116827 0.1639351 74
0.54315591 -63.626602 8.94172 66
-1.1199383 -63.45977 7.92939 54
-0.85437006 -1.463881 0.18156575 13
-0.89618933 -1.4540027 0.15542985 13
1.7502202 -58.306755 8.1885424 31
-0.7820453 -1.4233238 0.19930798 6
-0.81980246 -1.4017513 0.17318766 12
-0.85972023 -1.3930364 0.14703232 12
3.4462516 -63.91581 8.9733419 76
-0.75181705 -1.3647798 0.1910698 10
-0.78784877 -1.3463559 0.16491912 11
-0.82625937 -1.3548366 0.1406527 12
4.9016838 -64.086266 9.0071278 67
-0.72352552 -1.3170666 0.18485445 11
-0.75808543 -1.3048145 0.15961586 10
-0.79495436 -1.3184638 0.1352669 11
-0.65957332 -1.3148834 0.20759319 0
-0.69773036 -1.2631264 0.17666456 14
-0.73033774 -1.2631065 0.1533132 10
-0.7657631 -1.2718655 0.12896493 14
-0.63497221 -1.2749056 0.20234337 9
-0.67126644 -1.2363762 0.17329773 12
-0.70456177 -1.2212257 0.14805135 12
-0.73817468 -1.2321558 0.12365361 14
-0.61202437 -1.2307582 0.19615172 4
-0.64709312 -1.2013837 0.16902652 9
-0.67966145 -1.1893109 0.14374691 12
-0.71200979 -1.1973426 0.1193414 14
-0.58993244 -1.1965828 0.19191726 8
-0.62556893 -1.1621332 0.16383396 11
-0.65502983 -1.1603841 0.13942982 13
-0.68695045 -1.1634294 0.11404566 14
-0.57031018 -1.1561571 0.18676995 9
-0.60227132 -1.1371062 0.16052021 8
-0.63341624 -1.1201371 0.13424149 12
-0.66157174 -1.1375858 0.11069515 13
-0.54818755 -1.1330327 0.18346822 9
-0.57996988 -1.1119903 0.15722695 11
-0.60918212 -1.1072469 0.1318357 13
-0.63893175 -1.1084796 0.10641904 14
-0.5270409 -1.1098253 0.18118681 9
-0.55959022 -1.0856932 0.15297915 10
-0.58721864 -1.0861208 0.1295253 12
-0.61517602 -1.0895183 0.1030594 13
-0.50983822 -1.0742066 0.17705911 8
-0.53853285 -1.0634813 0.15069351 10
-0.56582332 -1.0599196 0.12625679 11
-0.59303337 -1.0664003 0.10075749 12
-0.49143001 -1.0477366 0.17385213 8
-0.52259457 -1.0307611 0.1465736 10
-0.54650891 -1.0345351 0.12302506 11
-0.57247454 -1.0381113 0.096518174 12
-0.47648749 -1.014927 0.16975273 7
-0.50729388 -0.99396759 0.14249115 10
-0.5274632 -1.0121379 0.11978063 12
-0.55241317 -1.01581 0.094253011 12
-0.4870429 -0.9807198 0.1401674 6
-0.51207274 -0.97434849 0.11570243 10
-0.53008103 -1.0017451 0.091892526 14
-0.43091625 -0.99994773 0.16893487 1
-0.48796752 -0.97450751 0.11522073 7
-0.51266861 -0.97518581 0.088706046 7
-0.4093779 -0.97894627 0.16691196 6
-0.46964398 -0.9441728 0.1113157 3
-0.49480247 -0.93878561 0.084845774 9
-0.38333067 -0.98029202 0.16838583 3
-0.42677411 -0.93106371 0.13554545 9
-0.44864613 -0.93400818 0.10995957 4
-0.46659377 -0.94935769 0.085220337 7
-0.35721385 -0.9806363 0.16886422 5
-0.40083644 -0.93339944 0.13601533 6
-0.42828539 -0.91976994 0.10864089 10
-0.45445961 -0.91428739 0.081191607 10
-0.3403188 -0.96005827 0.16665301 7
-0.37571508 -0.93365383 0.13651413 6
-0.41329253 -0.89801669 0.10647514 9
-0.42763272 -0.91768694 0.080643602 14
-0.32357767 -0.94144744 0.16544606 7
-0.358812 -0.91302955 0.13432215 8
-0.38890746 -0.895127 0.10603246 8
-0.41399366 -0.88872278 0.078573152 10
-0.30420202 -0.9270584 0.16417319 7
-0.34308159 -0.89429361 0.13214819 9
-0.37054807 -0.88064301 0.10378014 9
-0.39563408 -0.87423933 0.07632082 9
-0.28571296 -0.9115904 0.16392495 7
-0.3204197 -0.88823622 0.13175949 8
-0.34788603 -0.87458616 0.10339143 9
-0.37208569 -0.86926138 0.074907571 10
-0.26377827 -0.90245527 0.16356967 7
-0.30367172 -0.86959827 0.13056397 9
-0.32777014 -0.86329597 0.10207684 10
-0.35014555 -0.86016041 0.073536105 10
-0.24006337 -0.89655185 0.16413653 8
-0.28268567 -0.8604477 0.13019891 9
-0.30669451 -0.85314941 0.10171607 9
-0.32999602 -0.84892255 0.072200291 9
-0.21898754 -0.88640583 0.16377558 8
-0.26262549 -0.85020584 0.1288587 9
-0.28469783 -0.84406316 0.10030344 10
-0.3096894 -0.83664501 0.070801347 9
-0.19691882 -0.87631035 0.16330133 8
-0.23798825 -0.8443799 0.12928958 10
-0.26127616 -0.83916587 0.099761903 10
-0.28713521 -0.82968855 0.070331633 9
-0.17774634 -0.8630082 0.16295654 8
-0.22067489 -0.82988352 0.12801185 9
-0.23925424 -0.82909048 0.099388421 11
-0.26865968 -0.81426567 0.069066785 10
-0.15122424 -0.85935831 0.16446556 8
-0.19425485 -0.82722026 0.12852094 9
-0.21822241 -0.81890762 0.098050661 10
-0.23244742 -0.82553226 0.069289841 14
-0.13353661 -0.84183079 0.16320421 8
-0.17300275 -0.81502604 0.12812638 9
-0.19523934 -0.80986947 0.097573362 10
-0.20857236 -0.8175649 0.067764245 12
-0.11599885 -0.8262611 0.161845 11
-0.1536575 -0.8016302 0.12672037 10
-0.16955918 -0.80410397 0.097003497 10
-0.18638794 -0.80548626 0.066311963 13
-0.082064092 -0.82933843 0.16406921 12
-0.10883366 -0.81776816 0.13065577 11
-0.1421271 -0.80059266 0.097408473 11
-0.15897669 -0.8019684 0.065717451 14
-0.055337351 -0.8227585 0.16550416 12
-0.08676926 -0.80674475 0.13021216 12
-0.10989449 -0.79952085 0.097699963 13
-0.13319917 -0.79428881 0.065179683 13
-0.014707018 -0.82948369 0.16857581 9
-0.059973534 -0.79916281 0.13065083 12
-0.083209448 -0.79292828 0.097135201 13
-0.10825962 -0.78451979 0.063681215 15
0.0047157062 -0.81418842 0.16828911 13
-0.029575782 -0.79588306 0.13113694 12
-0.056375455 -0.7842865 0.096791752 13
-0.079706915 -0.77902961 0.063336954 13
0.041832015 -0.81450087 0.17075072 9
-0.0054519963 -0.78397602 0.13193049 12
-0.029618775 -0.77663201 0.09750434 12
-0.053760823 -0.76930076 0.06304647 13
0.077320576 -0.81273675 0.17404705 10
0.02167009 -0.77548003 0.13125417 12
-0.00038740246 -0.76837689 0.096626706 13
-0.019801538 -0.76447791 0.062023919 12
0.11033922 -0.80678523 0.17514774 10
0.054594193 -0.76946455 0.13248111 12
0.032350972 -0.76329935 0.096949175 13
0.017556427 -0.7638315 0.062226098 15
0.15455204 -0.80877542 0.17819223 11
0.098606713 -0.77344006 0.13451856 13
0.066080153 -0.75831056 0.097251311 13
0.055041302 -0.76118326 0.061448772 18
0.18752037 -0.80070937 0.17954908 11
0.13899556 -0.77206844 0.13669637 13
0.1055196 -0.75584489 0.098464176 14
0.083296821 -0.74866825 0.060949035 17
0.23354676 -0.80189294 0.18414369 11
0.17546533 -0.76735795 0.13850404 14
0.1400789 -0.74995244 0.099308565 15
0.1094225 -0.73598814 0.060997907 14
0.27610403 -0.79870653 0.18731579 12
0.21137042 -0.75954956 0.13983662 14
0.17886159 -0.74340218 0.099575773 14
0.1678828 -0.74526602 0.061776195 15
0.32264441 -0.79587775 0.19040613 12
0.2626209 -0.76015604 0.142812 14
0.22619864 -0.74264872 0.10163738 15
0.20302086 -0.73436797 0.061142407 17
0.37699375 -0.79574865 0.19433038 12
0.30550086 -0.75294262 0.14401448 11
0.26616344 -0.73414904 0.10191243 14
0.2610324 -0.73751724 0.061993197 15
0.44581041 -0.802903 0.20094356 10
0.35603404 -0.75040597 0.14705074 11
0.32718229 -0.73757005 0.10370283 11
0.30016309 -0.72691083 0.061305281 16
0.51478618 -0.8080585 0.20656589 7
0.40873763 -0.74605519 0.15005498 11
0.37604213 -0.73085737 0.10479771 12
0.35570487 -0.72380632 0.061244577 12
0.60903561 -0.82353669 0.21662228 23
0.47776273 -0.7502023 0.15368223 13
0.42218295 -0.72088814 0.10596696 12
0.41335973 -0.71991062 0.062138893 12
0.68918836 -0.82773095 0.2230114 6
0.54810917 -0.75151926 0.15827602 13
0.49150592 -0.72212428 0.10857312 13
0.48074067 -0.71995956 0.062790588 13
12.813808 -7.2722683 1.8291303 102
0.63897109 -0.75972807 0.16441011 79
0.57741886 -0.72887135 0.11181439 14
0.55429733 -0.71852785 0.063296787 14
12.714137 -6.8447928 1.7819265 13
0.74353099 -0.77209646 0.17110308 78
0.66843271 -0.73400503 0.11579712 77
0.64333504 -0.72150809 0.064335428 74
12.775482 -6.5008631 1.755356 14
0.84653068 -0.77740681 0.17794371 80
0.77324587 -0.74145526 0.11961867 73
0.75596648 -0.73163277 0.066020459 69
12.932745 -6.2126336 1.7440181 100
0.96645665 -0.786183 0.18551131 94
0.87761533 -0.74378991 0.12354354 84
0.85748768 -0.73169529 0.068015821 69
12.389437 -5.6210232 1.6466147 112
1.08687 -0.78995436 0.1940541 113
0.99125427 -0.74390507 0.12819117 82
0.97206801 -0.73186308 0.069591314 86
12.425315 -5.2982106 1.6228877 116
1.2155519 -0.79138327 0.20226879 91
1.1148902 -0.74487245 0.13351385 74
1.1015704 -0.73338276 0.070810325 79
13.054362 -5.2061276 1.6710433 119
1.3826913 -0.80043298 0.2127151 81
1.2351146 -0.73768032 0.13702917 90
1.2218394 -0.72518784 0.072332412 81
12.112938 -4.5299492 1.5326353 70
1.5825826 -0.81451482 0.22748601 78
1.4017025 -0.74070489 0.14454186 118
1.3768222 -0.72213006 0.075114772 78
12.265873 -4.2678733 1.5266769 51
1.786227 -0.81989753 0.24022128 10
1.591393 -0.74380648 0.15257661 114
1.5715678 -0.723656 0.078055024 95
13.149643 -4.2174006 1.6006434 116
3.3928435 -1.2319609 0.37025845 1
1.8504875 -0.75713128 0.16339357 150
1.8366195 -0.73646742 0.083881117 108
11.003057 -3.2874742 1.3380953 26
11.032901 -3.2103794 0.99223137 88
2.2852972 -0.80632812 0.18476215 150
2.2500541 -0.7746501 0.091752492 88
11.119191 -3.0419044 1.3336351 38
10.07884 -2.6867237 0.89981687 32
2.6887996 -0.82679385 0.20321044 150
2.6351714 -0.78648341 0.099233299 111
13.24412 -3.2656636 1.5429014 124
10.051358 -2.4235554 0.88337034 26
3.045495 -0.819879 0.21867099 150
3.0097818 -0.77803516 0.10559326 126
13.276168 -2.9512043 1.5237879 113
10.159846 -2.1893258 0.87930351 43
5.3012304 -1.1577293 0.32881913 21
5.3076439 -1.1023453 0.15494345 118
13.298472 -2.6328332 1.5039884 116
10.253675 -1.9497283 0.87470949 51
5.3161821 -1.0134602 0.32534704 23
5.3351836 -0.95217919 0.1532955 117
13.355428 -2.3195391 1.4877332 114
10.206152 -1.6812704 0.85729897 72
10.301703 -1.5781543 0.56392336 150
8.4355755 -1.2100916 0.21790415 55
13.399512 -2.0095012 1.4770508 119
10.306785 -1.4395634 0.85716331 67
10.320787 -1.3170739 0.56256276 150
6.8236537 -0.81019443 0.18442532 137
10.299438 -1.3186322 1.1431092 2
10.31341 -1.1850914 0.84757614 65
6.9177451 -0.72716945 0.39209712 1
6.8411374 -0.62702227 0.1841902 130
13.501181 -1.385972 1.447804 115
10.27886 -0.92991531 0.83481532 39
10.398018 -0.80285454 0.55515873 150
8.5042839 -0.54474771 0.22049803 76
10.417233 -0.84310341 1.1286869 31
10.417035 -0.68919075 0.83657527 68
5.3935733 -0.29344735 0.31422189 22
5.3889265 -0.20797978 0.15380941 129
9.4116364 -0.54222101 1.0166337 1
10.494793 -0.43799147 0.8336063 55
5.414607 -0.14863896 0.31272611 23
5.4214015 -0.059187829 0.15410997 124
9.3775072 -0.31505242 1.0007484 2
9.3614168 -0.15584217 0.74299383 43
5.4208417 -0.00048519456 0.30954656 6
6.9219975 0.11511306 0.18625697 101
9.4027834 -0.087226234 0.98968047 4
10.479877 0.081740648 0.81415486 78
10.511955 0.25470451 0.54249924 116
6.9237738 0.30169451 0.18635441 124
9.4189091 0.13822098 0.97970551 3
10.510898 0.3379553 0.80806828 52
10.544132 0.52284652 0.54046291 113
2.9925971 0.24581306 0.10349292 128
9.4541969 0.36394185 0.97235048 3
10.541321 0.59845501 0.80280465 39
2.9675589 0.26995882 0.19293912 122
2.5180459 0.29770935 0.093038283 106
9.4810648 0.58691156 0.96440059 3
13.923098 1.1021026 1.0273728 119
2.5515871 0.31840733 0.17341413 150
2.1141555 0.33198991 0.085247487 107
9.5084343 0.81539166 0.95712674 5
2.8581095 0.3657681 0.26958936 4
2.1445341 0.35208076 0.15479574 150
1.7993786 0.36133951 0.079763003 109
9.5079002 1.0465574 0.94663346 7
2.3808517 0.39279008 0.23535329 6
1.821058 0.37624082 0.13945056 145
1.5597781 0.38898191 0.074691489 111
9.5259733 1.2832481 0.93732214 14
2.0292101 0.41859931 0.21035202 98
1.5862499 0.40253839 0.12907875 127
1.3567917 0.4103725 0.07067354 86
11.49016 1.8044851 1.0981294 27
1.7370478 0.43497625 0.18910511 150
1.3757999 0.42050019 0.11925769 98
1.1948265 0.4299227 0.067928441 66
10.7257 1.9524878 1.0220402 31
1.4980923 0.45040023 0.17190668 135
1.2269614 0.44185275 0.11229035 57
1.0332034 0.44237432 0.06417267 79
10.671762 2.2041125 1.0072838 4
1.2989588 0.46124023 0.15789066 86
1.0548536 0.45024419 0.10472389 76
0.89144677 0.45203692 0.062008269 68
1.4660667 0.49713251 0.21466601 0
1.1257761 0.46974632 0.14634773 70
0.91301632 0.45993522 0.09857361 68
0.768686 0.46102685 0.059561726 74
1.3073356 0.51143271 0.19908753 27
0.96940404 0.4758068 0.13575508 75
0.78897929 0.46710414 0.093400396 68
0.65878433 0.4679105 0.059085395 81
1.1213005 0.51317739 0.18215805 78
0.84023547 0.48244596 0.12767695 63
0.68118149 0.47581694 0.08886075 66
0.56206167 0.47454631 0.057084765 13
0.94732159 0.51066905 0.16640885 80
0.72239625 0.48685727 0.11864666 63
0.58048254 0.47967952 0.084450774 12
0.48267233 0.48156705 0.055420604 11
0.80548716 0.50834882 0.15305907 65
0.61924946 0.49012703 0.11169372 60
0.50185186 0.4867543 0.081029385 11
0.40906033 0.48818296 0.053898025 11
0.68995261 0.5087328 0.14233866 62
0.53342599 0.49584851 0.10641146 12
0.42608628 0.492569 0.077559747 10
0.34129229 0.49326664 0.05327633 13
0.59047735 0.50967681 0.13334326 57
0.4542793 0.49896619 0.10103042 11
0.3685587 0.50075519 0.075772196 10
0.2763668 0.49709278 0.052612424 12
0.49697071 0.51008117 0.12523615 12
0.38746032 0.50498754 0.096417375 10
0.30250743 0.50368631 0.073125243 12
0.22476476 0.50373274 0.052695792 13
0.4227396 0.51373565 0.11932024 11
0.32861426 0.51126283 0.094181061 9
0.23833267 0.50642812 0.070951156 12
0.17602235 0.51010275 0.052214906 12
0.3556211 0.51678646 0.11268079 10
0.27494863 0.51811248 0.09029638 9
0.19169767 0.51263314 0.069922708 12
0.12187941 0.51095867 0.051304054 12
0.3019557 0.52363604 0.10879613 10
0.20733301 0.51518327 0.085634619 11
0.14178683 0.51614857 0.067954086 11
0.067488261 0.50885987 0.051398549 11
0.2352961 0.52067864 0.10213681 12
0.15939395 0.51856691 0.082643978 11
0.085274756 0.51326966 0.066096783 10
0.032006633 0.51613081 0.051182739 10
0.18009783 0.52170616 0.098276719 12
0.11880352 0.52530128 0.080526806 11
0.047602143 0.51873291 0.064913534 10
-0.012267597 0.51515865 0.050092153 11
0.13404071 0.52392006 0.094240852 13
0.065169342 0.52116269 0.07760378 10
0.0086651491 0.52129722 0.06373775 10
-0.042839952 0.52097875 0.050769266 12
0.079470061 0.52086735 0.089337699 12
0.026327742 0.52469796 0.075418845 10
-0.027153024 0.52453876 0.062482785 10
-0.072289035 0.52764177 0.050400145 17
0.042728543 0.52517843 0.086095937 13
-0.014824896 0.52438134 0.073237427 10
-0.05661542 0.53120005 0.061110552 10
-0.09974011 0.53411883 0.04998691 16
0.0080681909 0.53030819 0.082816429 13
-0.038940929 0.53462166 0.07173527 10
-0.090633489 0.53229469 0.059721798 10
-0.12637964 0.53954393 0.050456468 15
-0.028117495 0.53157079 0.080421813 18
-0.071022809 0.53747243 0.069303274 10
-0.11523031 0.53948009 0.059199844 10
-0.15534538 0.54212016 0.050018396 15
-0.063231893 0.53272456 0.077123575 17
-0.10189871 0.54025984 0.067947447 10
-0.14617103 0.5412693 0.0588439 10
-0.18752541 0.54100865 0.050674185 14
-0.093031317 0.53643566 0.074762754 17
-0.12860112 0.54469174 0.066528767 10
-0.1697773 0.54642969 0.058348022 11
-0.21664897 0.54064965 0.050224297 14
-0.120931 0.5390017 0.072270103 17
-0.15756799 0.54635483 0.065021306 9
-0.2020904 0.544379 0.056875698 11
-0.24152446 0.54294574 0.049632676 13
-0.14655566 0.54437172 0.070712633 16
-0.19207992 0.54245836 0.062603392 11
-0.22155401 0.55114526 0.05623582 11
-0.26531482 0.54605418 0.05007343 13
-0.17131506 0.54856938 0.068182997 15
-0.21480781 0.54646629 0.062033579 11
-0.2475376 0.55243397 0.05571638 10
-0.28259641 0.55459106 0.050423838 12
-0.1951481 0.55167627 0.06662979 15
-0.24406728 0.54504126 0.060564052 10
-0.27487475 0.54982966 0.055202238 10
-0.30902761 0.55090189 0.04988604 11
-0.22442743 0.55025768 0.064160563 14
-0.26482359 0.54887885 0.058956016 10
-0.30330527 0.5463298 0.054737773 10
-0.33654428 0.54632878 0.050448261 11
-0.24955928 0.55051404 0.062759414 14
-0.2811763 0.5573954 0.058478612 9
-0.32201213 0.55104882 0.054301467 9
-0.35314986 0.5518589 0.050970819 11
-0.27599376 0.54790312 0.060437948 13
-0.30539948 0.55658561 0.058120042 10
-0.34071928 0.55473059 0.053773239 10
-0.36951795 0.55728 0.051271029 11
-0.30527738 0.54238653 0.058789697 12
-0.33486637 0.54804772 0.056377206 9
-0.36024585 0.55636203 0.053932164 9
-0.39143056 0.55616623 0.050552972 10
-0.31716853 0.55347097 0.058027152 12
-0.35369039 0.54973823 0.054734644 9
-0.41473445 0.55222607 0.050969023 9
-0.33915898 0.55343729 0.056438245 12
-0.39444488 0.56443977 0.053620528 9
-0.42344761 0.56604666 0.052217074 10
-0.36479965 0.54771101 0.053916603 11
-0.39016783 0.55601591 0.053480443 9
-0.43707535 0.55922067 0.05244679 7
-0.45817187 0.57014894 0.05294022 9
-0.39470655 0.56243092 0.052933902 11
-0.42585751 0.56222117 0.052555516 8
-0.47564173 0.55565661 0.051512945 7
-0.4919962 0.57418555 0.053953018 9
-0.4329991 0.56086206 0.050693795 10
-0.45488989 0.57388365 0.052217856 7
-0.45689946 0.55203259 0.049147353 10
-0.50609732 0.56249708 0.052209083 7
-0.5273506 0.57144499 0.053695582 8
-0.46912032 0.56122559 0.048476879 9
-0.4889102 0.57505798 0.050963972 7
-0.53810602 0.56348521 0.051913589 7
-0.56051165 0.57052135 0.054410346 7
-0.50332057 0.56039256 0.046205189 8
-0.52172035 0.57809484 0.049680773 7
-0.56782728 0.56615919 0.051529806 7
-0.58774 0.57796955 0.056000181 7
-0.59534544 0.57362092 0.052031811 7
-0.61554289 0.58244556 0.056492269 7
-0.56544375 0.56194222 0.042364154 8
-0.5852592 0.57474715 0.047844324 5
-0.62152201 0.58302945 0.052614648 7
-0.63969749 0.60271811 0.059081018 8
-0.59436709 0.56359327 0.040909741 8
-0.61263222 0.582286 0.047371995 5
-0.64916557 0.5875445 0.053073533 7
-0.6655249 0.61608213 0.060568668 8
-0.62323684 0.56618047 0.039398115 8
-0.64013278 0.58874226 0.046867911 6
-0.67358977 0.60573298 0.05360065 7
-0.69272411 0.62548041 0.062100317 8
-0.66464877 0.60593754 0.047397789 7
-0.69878799 0.62707698 0.055364799 7
-0.72253478 0.62918139 0.063885622 5
-0.69169885 0.61845332 0.047237985 7
-0.72683632 0.63349313 0.055813368 6
-0.74562109 0.66725999 0.067395434 1
-0.72029352 0.61787677 0.046565965 5
-0.33154929 7.6311069 0.56345248 18
-0.73051959 0.6478973 0.047938317 8
-0.75132489 0.68184495 0.059568379 1
-0.50630927 7.6507831 0.57311279 136
-0.72302008 0.63320518 0.036692303 8
-0.74381465 0.6561079 0.048254944 4
-0.40242359 7.6379061 0.45790234 11
-0.68283731 7.6625862 0.58176285 133
-0.73822671 0.63155156 0.035987418 7
-0.75955874 0.64847755 0.047524601 2
-0.57967013 7.6538076 0.46259099 130
-0.86017251 7.6875091 0.59150934 128
-0.47859123 7.6471338 0.33746231 8
-0.75700307 7.6705923 0.4662759 131
-1.0381131 7.7073193 0.60122633 136
-0.76433486 0.66289103 0.035677955 3
-0.65692455 7.6520991 0.3371053 129
-0.9359535 7.6896429 0.47201845 130
-1.2153288 7.7221751 0.61190927 131
-0.83683354 7.673274 0.33587861 128
-1.1153718 7.7037172 0.47673997 132
-1.3967183 7.746439 0.62273413 133
-0.77287447 2.9727085 0.084915519 1
-1.0174122 7.6975141 0.33668563 125
-1.29568 7.7299256 0.4815551 132
-1.5777112 7.7746935 0.63357776 122
-0.84334266 2.9820523 0.083400086 18
-1.1986133 7.7147918 0.33646417 128
-1.4797584 7.7584801 0.48746216 132
-1.7594051 7.783937 0.64432025 125
-0.91390032 2.9903998 0.081880502 19
-1.3826835 7.7443657 0.3383764 131
-1.6626303 7.777885 0.49428955 131
-1.9452727 7.8025894 0.65520489 125
-0.98554325 2.9978402 0.080377497 23
-1.5668516 7.7619052 0.33921739 123
-1.847693 7.7954836 0.50015032 126
-2.1315787 7.827302 0.66713578 125
-1.0575644 3.0013032 0.0778578 23
-1.753101 7.7786279 0.34009582 124
-2.0358324 7.8123536 0.50606936 128
-2.3201246 7.8491983 0.68009543 127
-1.1298451 3.0128179 0.076392703 23
-1.9428861 7.8006868 0.3410787 125
-2.2254958 7.8343763 0.51305109 126
-1.5732375 3.5536084 0.32372782 7
-1.2040077 3.0255003 0.075973205 20
-2.1339352 7.8198476 0.3420698 127
-2.417598 7.8515978 0.52005333 61
-2.7057197 7.8877306 0.70615578 131
-1.2787277 3.0322125 0.07452853 21
-2.3267536 7.8411617 0.34508821 129
-2.6147542 7.8793006 0.52817655 101
-2.9031298 7.9114146 0.71923691 130
-1.3514318 3.0276799 0.072924234 22
-1.5799482 3.5588527 0.16779299 7
-2.8094625 7.8897109 0.53509766 116
-3.0107107 7.6108718 0.70449656 38
-1.4294958 3.0417004 0.071540691 21
-2.723671 7.881783 0.34926015 132
-2.9900975 7.8356514 0.53856742 58
-3.0530357 7.1479583 0.67477912 56
-1.5029254 3.0303264 0.070126839 24
-2.9240656 7.8978548 0.35167253 105
-3.0331123 7.327661 0.51144528 35
-3.2198715 7.108789 0.68193823 118
-1.5815337 3.0374355 0.068771869 20
-3.0128694 7.5134063 0.33713886 36
-3.1414657 7.0935464 0.50222707 122
-3.4103625 7.1289549 0.69594228 119
-1.6585977 3.0393896 0.067355111 19
-3.0714288 7.0971274 0.32179949 87
-3.3287232 7.106421 0.51012003 115
-3.593791 7.1274176 0.70867276 46
-1.7386289 3.04161 0.067001328 20
-3.2560592 7.0957322 0.32455146 111
-3.5267448 7.1333199 0.51931947 114
-4.1583657 8.0272789 0.80965149 106
-1.8196757 3.0439301 0.065669514 21
-3.4559262 7.1258373 0.32780701 112
-4.0774121 8.0160074 0.5899061 113
-4.3840899 8.0456247 0.82636851 100
-1.9048951 3.055665 0.064480782 22
-4.0021358 8.0092411 0.3693001 106
-4.3104234 8.045022 0.60082883 100
-4.6222057 8.0849333 0.84638834 103
-1.9941374 3.0686285 0.064329855 22
-4.2304902 8.0276241 0.37298679 83
-4.5424552 8.0657005 0.6116032 95
-3.9154589 6.2238383 0.66866779 30
-2.0828414 3.0765681 0.064172737 22
-4.2429285 7.5578914 0.35635462 63
-3.9009402 6.3017278 0.48979005 86
-4.0680251 6.1744971 0.67544204 100
-2.1780369 3.0964231 0.064255252 22
-3.8529501 6.3088651 0.30397469 78
-4.0120316 6.167088 0.48848504 109
-4.2228031 6.1321611 0.68464595 12
-2.2745581 3.1105392 0.063443802 21
-4.0130296 6.2625036 0.30511469 28
-4.185883 6.1497951 0.49500284 43
-4.4688716 6.2356863 0.70935118 1
-2.3726943 3.1234705 0.063557141 16
-4.1518846 6.1686974 0.30442598 50
-5.5476894 8.169754 0.66315508 68
-4.5038199 5.9829621 0.69558054 136
-2.4804032 3.1423309 0.06255351 12
-4.4896312 6.4192157 0.3202728 56
-4.4687524 5.9838271 0.49923956 119
-4.6331143 5.8852825 0.69901502 30
-2.5885513 3.1570489 0.061832294 8
-4.5248194 6.1412497 0.31129047 24
-4.5971036 5.884872 0.50123709 90
-6.3964658 8.181057 0.98378587 62
-2.6803544 3.1411774 0.061593771 8
-4.5542197 5.8718014 0.30224252 24
-6.4388061 8.3094807 0.71236372 43
-4.6707249 5.3947358 0.66978252 0
-2.782934 3.1393332 0.061660856 8
-3.2667537 3.6691668 0.19972228 14
-4.6719337 5.435801 0.48201707 9
-4.664854 5.139246 0.65310758 1
-3.2409804 3.6623907 0.067130223 42
-4.5933762 5.3602915 0.2869238 17
-4.5253553 4.9829793 0.45328653 8
-5.0056396 5.3383613 0.69323826 97
-2.9377451 3.0478094 0.060243461 5
-4.6268315 5.1454415 0.28029543 12
-4.9615049 5.3061357 0.49110457 87
-5.2041478 5.3380461 0.70926636 79
-2.9667916 2.9369655 0.058158252 22
-4.9094219 5.2611356 0.2917327 150
-4.5594196 4.5734415 0.43548536 47
-4.5985732 4.4005389 0.6022644 5
-2.9901118 2.8225904 0.056935683 37
-4.714272 4.776804 0.27182737 23
-4.5937371 4.4048533 0.42915589 44
-4.7085004 4.3270555 0.6060487 14
-3.0083632 2.7087646 0.055613659 34
-4.7088599 4.5474176 0.26532254 27
-4.6018934 4.2148452 0.42116532 28
-3.0406682 2.617285 0.054712601 32
-4.6979513 4.3235664 0.25773963 14
-4.5809202 4.0031562 0.41045159 18
-3.0581102 2.5124161 0.053410452 31
-4.7298522 4.1587548 0.25434098 19
-4.6382065 3.879775 0.40780282 18
-5.2883315 4.3437524 0.65583718 79
-3.0797865 2.4159412 0.053209022 31
-4.7300582 3.9669981 0.24910557 43
-4.6941166 3.7602797 0.4061386 18
-4.7650757 3.6695547 0.57204491 18
-3.0937331 2.3167927 0.051896568 31
-4.7453399 3.7987103 0.24451526 56
-4.763083 3.6530476 0.40606233 17
-5.015254 3.7301328 0.59769267 18
-3.1064811 2.2196352 0.051682286 33
-4.7597899 3.6374869 0.24088462 60
-4.8064156 3.5275567 0.40320289 18
-4.8094649 3.389637 0.56046617 58
-3.118799 2.126447 0.050382596 34
-4.7692361 3.4758227 0.23711765 58
-4.8206263 3.3803866 0.39762089 27
-4.7967739 3.2300277 0.55026203 62
-3.1327348 2.0374165 0.050141588 39
-4.7882805 3.3300762 0.23464306 68
-4.8260622 3.2304201 0.39184424 36
-4.8322577 3.1138752 0.54730171 2
-3.1342676 1.9412477 0.049605727 43
-4.7946768 3.180186 0.23088676 66
-4.8498578 3.0991623 0.38855505 43
-4.762445 2.9210422 0.53073514 15
-3.1466794 1.858104 0.049370252 46
-4.8138366 3.0444896 0.22847661 70
-4.8478904 2.9535496 0.38265538 59
-13.670196 9.0280952 1.6530209 76
-3.1467032 1.7678037 0.04883584 51
-8.9489632 5.8715496 0.4356949 35
-5.065496 2.9649215 0.39710122 0
-14.410378 9.102108 1.7224202 56
-3.1579576 1.6873819 0.048533153 49
-8.8856144 5.5403318 0.42631307 76
-14.653643 9.1379728 1.2234254 44
-15.243146 9.1944084 1.8018305 60
-3.1565776 1.6019217 0.047971793 49
-14.855381 9.141799 0.71440035 47
-15.486797 9.2126341 1.2787712 59
-5.3124847 2.7420409 0.56988639 68
-3.1744609 1.5328143 0.048046533 48
-15.780574 9.2528229 0.75083029 23
-5.3230128 2.7033122 0.40306178 1
-5.3417687 2.6240079 0.56701571 74
-3.1706443 1.4504098 0.047567271 53
-5.4121232 2.7091055 0.24293168 1
-4.7672081 2.2508616 0.35204983 13
-4.7429304 2.1647706 0.49007878 20
-3.168575 1.3719767 0.048096042 51
-4.7268162 2.1856549 0.20784834 41
-5.4793816 2.5138004 0.407244 1
-4.7660761 2.0635538 0.48700121 26
-3.1802843 1.3006123 0.047524247 51
-4.8768997 2.1411142 0.21205939 19
-4.911871 2.0874102 0.35547271 79
-4.8043227 1.9687473 0.48559937 44
-3.1827288 1.2285168 0.047132134 45
-4.8834853 2.0232015 0.21047218 73
-4.9355054 1.9810717 0.35330132 29
-4.7926364 1.854236 0.47866133 45
-3.2004583 1.1648182 0.048101149 49
-4.9052844 1.9146901 0.20925131 81
-4.9521432 1.8741117 0.35198653 21
-4.8251243 1.7607535 0.47775111 107
-3.2104118 1.0984341 0.047899444 47
-4.9105005 1.8006977 0.20766516 77
-4.9649186 1.7658257 0.34858787 16
-4.8265195 1.6564711 0.47314581 69
-3.2212505 1.0331308 0.048722837 54
-4.9242115 1.6924837 0.20728651 85
-5.4664655 1.8528898 0.38529345 35
-3.8261173 1.17049 0.35688797 1
-3.2097433 0.95980251 0.04804413 57
-3.83178 1.1648207 0.15692416 59
-5.1190381 1.6019161 0.35471982 5
-4.8249683 1.4515326 0.46386912 37
-3.2136114 0.89387381 0.048722349 53
-4.9650574 1.4832885 0.20584513 5
-5.536377 1.6332551 0.3833783 33
-4.8552117 1.3608751 0.46193194 36
-5.0525475 1.3600249 0.34390184 0
-4.8658977 1.264446 0.45956314 29
-4.9077816 1.1778368 0.45988703 19
-4.9125276 1.080875 0.45536759 11
-4.9445333 0.99235815 0.4554255 10
-1.1547861 0.088361606 0.047039036 3
-4.9649515 0.89981472 0.45332336 6
-5.0060134 0.81123823 0.45368841 1
-1.1611726 0.072993562 0.047174774 3
-5.0431294 0.72131771 0.45492476 0
-1.1616123 0.056013834 0.047098033 3
-1.1545177 0.054335922 0.05694833 2
-1.1587899 0.039701715 0.055960406 3
-1.15818 0.023525508 0.055816744 3
-1.1575996 0.007695403 0.045790847 3
-1.154321 0.0083753029 0.054736439 3
-1.1770642 -0.0095549291 0.047132049 3
-1.167721 -0.0084178969 0.055956785 3
-1.1278832 -0.0201362 0.052002981 1
-5.2050104 -0.52941793 0.42901149 71
-5.2212992 -0.63225788 0.42679268 71
-5.202682 -0.75688732 0.31568623 81
-5.2294245 -0.73382968 0.42541596 65
-3.366183 -0.52492672 0.067641333 48
-5.2045326 -0.8867175 0.20896617 62
-5.2112412 -0.86344504 0.31528828 77
-5.2397451 -0.83720702 0.42307332 55
-3.378166 -0.59205669 0.069530413 66
-3.4645524 -0.59656799 0.13529383 2
-5.2198038 -0.97000229 0.31489077 72
-5.2746248 -0.94641435 0.42419758 114
-3.3769567 -0.65736002 0.070161521 83
-4.0763779 -0.81748569 0.1624995 69
-5.2346148 -1.0790085 0.31460637 34
-5.2677755 -1.0483239 0.42051414 54
-3.3748438 -0.7237488 0.070767596 67
-3.4560914 -0.72670835 0.13543749 4
-5.259975 -1.1940994 0.31650153 80
-3.39027 -0.79558831 0.072699346 71
-3.4808385 -0.80172127 0.13754158 4
-10.446609 -2.8375025 0.65668517 1
-5.3018765 -1.2709689 0.41897303 12
-3.3915243 -0.86572701 0.07429567 70
-3.4707286 -0.86787766 0.13790123 4
-9.864769 -2.8908699 0.61734396 53
-10.158757 -2.884335 0.84141487 55
-3.3990593 -0.93834454 0.075948574 59
-3.4668818 -0.93649769 0.13834503 3
-9.433754 -2.9708214 0.58793259 69
-9.6458645 -2.9424777 0.79145765 49
-3.4046938 -1.0121381 0.077554971 54
-3.4735327 -1.0101949 0.13897197 3
-9.4183826 -3.1890538 0.58517814 105
-9.4209061 -3.0811517 0.76690197 122
-3.3958483 -1.081214 0.078893885 32
-3.487494 -1.087253 0.14072742 0
-9.4426985 -3.4247978 0.58512664 81
-9.4382515 -3.3054602 0.76277709 115
-3.4058962 -1.159633 0.081561506 16
-11.398725 -4.6209869 0.49276003 5
-14.226396 -5.682158 0.89630193 38
-9.4501305 -3.5315218 0.76102149 80
-6.0957265 -2.4498537 0.26024115 1
-6.2055655 -2.4253123 0.37468362 20
-6.1715045 -2.328418 0.47759199 4
-6.0143609 -2.4847593 0.36138076 4
-6.1066771 -2.4427021 0.46956623 19
-6.0890527 -2.5798297 0.4643769 13
-3.6544755 -2.8101664 0.13277416 10
-5.6133862 -4.4156761 0.3366237 0
-3.6766555 -2.9688563 0.13833503 36
-5.641315 -4.8236442 0.28188953 16
-5.5973926 -4.6069574 0.33731887 7
-5.6277699 -4.4558139 0.38988027 0
-3.6977036 -3.1366739 0.14378476 49
-5.6655207 -5.0815411 0.28784835 29
-5.651968 -4.8781567 0.34181559 24
-5.6063161 -4.6394835 0.3853285 9
-3.7330649 -3.3292964 0.15035616 41
-5.7030153 -5.3643413 0.29492095 44
-5.6727366 -5.1303201 0.34372583 31
-5.6519256 -4.8994288 0.38570657 26
-3.7912972 -3.5640314 0.15814702 21
-5.7300992 -5.6541085 0.30173519 45
-5.7046132 -5.4055796 0.34672666 45
-5.6825304 -5.1597257 0.38477087 31
-3.8293474 -3.7865372 0.16559328 10
-6.5928388 -6.9647946 0.35670984 29
-5.7473946 -5.7129946 0.35175914 35
-5.7121377 -5.4311576 0.38374689 33
-4.8066578 -5.2645731 0.22094369 36
-6.3282766 -6.9696913 0.34824291 68
-6.5677071 -6.9773641 0.40820864 49
-5.7490344 -5.7280803 0.38280165 35
-4.6926508 -5.3713617 0.22501506 80
-4.7907739 -5.2772832 0.26265177 59
-6.2902546 -6.9603267 0.39165935 72
-6.553237 -6.9698253 0.43810198 74
-4.6227779 -5.5444417 0.23060343 26
-4.690352 -5.3998885 0.26190913 85
-4.7765384 -5.2827559 0.29043463 63
-6.2948427 -6.9731202 0.41482159 49
-5.9995198 -7.9373479 0.31987336 43
-4.6225519 -5.5727634 0.26354277 15
-4.6860423 -5.4144902 0.28684324 79
-4.7639074 -5.268939 0.30236331 70
-6.1086354 -8.5380869 0.34064615 56
-6.008153 -7.9880018 0.36090627 42
-4.5999966 -5.5618806 0.28225139 14
-4.6906042 -5.4232154 0.29430982 83
-6.1220541 -9.0250683 0.3597711 34
-6.098341 -8.5574322 0.37818277 59
-6.0135827 -8.0229883 0.38560575 47
-4.6028023 -5.5629396 0.28881538 9
-6.1579189 -9.5965166 0.38515416 36
-6.1290584 -9.0700703 0.39565358 38
-6.0999947 -8.5837612 0.3984724 57
-6.0089235 -8.0075903 0.3856332 43
-6.1880102 -10.203493 0.40965393 11
-6.1864176 -9.6765051 0.41244951 40
-6.1188068 -9.0721178 0.4042595 37
-6.1021352 -8.5735397 0.38757861 57
-6.3861241 -11.204876 0.44749513 83
-6.1799197 -10.20833 0.4254719 4
-6.1864648 -9.6895809 0.41339335 38
-6.1355181 -9.0755739 0.38560432 34
-4.5661821 -8.0115709 0.32606506 25
-6.3699346 -11.194314 0.45422837 81
-6.1888351 -10.238621 0.41751325 3
-6.1688309 -9.6318264 0.38233876 36
-6.5065446 -12.917219 0.51200557 42
-4.5578647 -8.0063162 0.32530287 26
-6.3668222 -11.197536 0.43667737 77
-6.1947608 -10.21485 0.3792575 6
-6.8304033 -14.565935 0.57359159 10
-6.5070829 -12.940214 0.50038832 59
-4.5673847 -8.0294847 0.30673355 21
-6.3891683 -11.199344 0.38707611 83
-6.7500134 -15.382586 0.60531527 32
-6.5947971 -14.004704 0.53077751 9
-6.5092154 -12.942857 0.46300071 54
-4.6414218 -8.1501637 0.27040598 2
-1.6948315 -2.4737039 0.11325862 22
-6.7579632 -15.38721 0.55319971 34
-6.596777 -13.996701 0.46130678 12
-4.1207609 -7.4836311 0.22233561 1
-1.5481948 -2.2279217 0.10373504 150
-1.6868271 -2.4503224 0.10427605 55
-6.7736621 -15.412659 0.48260552 39
-4.1179938 -7.9628572 0.21748194 41
-1.4368752 -2.0512459 0.097521186 99
-1.5465256 -2.219027 0.094791941 139
-1.6809878 -2.4277322 0.091332026 100
-4.1463971 -8.575819 0.21347852 53
-1.3522947 -1.9374212 0.093479127 83
-1.4326954 -2.0365491 0.087557405 98
-1.5407095 -2.19643 0.080843821 143
-1.680836 -2.410619 0.070470646 104
-1.2798185 -1.8466015 0.090546906 79
-1.3491323 -1.9226273 0.082534537 86
-1.4325792 -2.0325129 0.073612556 96
-1.5436189 -2.1911368 0.061212726 150
-1.2149607 -1.7622141 0.088179842 71
-1.2790544 -1.8357526 0.079352528 85
-1.3504062 -1.9226906 0.06962239 84
-1.4364309 -2.0263586 0.055130057 97
-1.1595335 -1.7041972 0.086353555 72
-1.2146938 -1.756457 0.076485202 76
-1.2789078 -1.8309475 0.06552361 87
-1.3558673 -1.9233302 0.050655782 91
-1.1065789 -1.6407788 0.0849021 79
-1.158936 -1.6952382 0.073717594 67
-1.2140306 -1.7464347 0.061608326 78
-1.2847656 -1.8363655 0.045621581 101
-1.0563495 -1.5740219 0.08220125 83
-1.1057295 -1.6287529 0.070951328 76
-1.1594955 -1.6870972 0.057774514 82
-1.2181443 -1.7429773 0.040713437 89
-1.0119212 -1.5157871 0.080574788 84
-1.0574297 -1.5718694 0.068235457 82
-1.1080283 -1.6284919 0.055000853 79
-1.1643426 -1.6916084 0.036851343 77
-0.970613 -1.4693568 0.078989342 14
-1.0129399 -1.5117069 0.065699808 80
-1.0600289 -1.5736635 0.051365204 90
-1.1129066 -1.6320701 0.033171386 80
-0.93193036 -1.4297208 0.077423729 18
-0.97239971 -1.4742092 0.064077757 13
-1.0133717 -1.5126252 0.048836298 94
-1.0636547 -1.5752883 0.029667925 91
-0.89684927 -1.3857235 0.076224223 19
-0.93282229 -1.4245967 0.061875958 12
-0.97433358 -1.4800348 0.046562981 17
-1.0184665 -1.5191559 0.027357446 108
-0.86338872 -1.3486037 0.074944541 18
-0.89781666 -1.3815864 0.06050564 16
-0.9350872 -1.4343867 0.044024516 17
-0.97796613 -1.4816462 0.023690656 19
-0.83054036 -1.3073955 0.073460422 18
-0.86487472 -1.3504273 0.058967635 17
-0.89936662 -1.3833945 0.041529469 17
-0.93889415 -1.4379854 0.021086307 19
-0.80065441 -1.2769672 0.072984003 18
-0.83259225 -1.3041441 0.056521505 15
-0.86588335 -1.3462601 0.040010758 16
-0.90317357 -1.3869936 0.018591221 18
-0.77205938 -1.2383866 0.071576923 17
-0.80200249 -1.2767892 0.055013973 15
-0.83323658 -1.3070384 0.037520371 16
-0.86923587 -1.3559248 0.017031498 15
-0.74590659 -1.2046051 0.070197105 19
-0.77277243 -1.2422819 0.053572297 15
-0.80255657 -1.2786875 0.036016047 16
-0.83521116 -1.3128153 0.015532022 15
-0.71882391 -1.1829599 0.069735043 22
-0.74544358 -1.2065985 0.052177191 15
-0.7733478 -1.2441751 0.033574596 15
-0.80428165 -1.2814711 0.013037569 16
-0.69393742 -1.1520761 0.068367213 20
-0.71901679 -1.1808748 0.05074992 15
-0.74592859 -1.2074964 0.032182679 16
-0.7752533 -1.248951 0.010589686 15
-0.67065692 -1.1280792 0.067998312 19
-0.69512612 -1.1499012 0.049403746 14
-0.71941155 -1.1807764 0.030758597 15
-0.74701881 -1.2143539 0.009169627 15
-0.64721704 -1.1020849 0.066636056 21
-0.66994429 -1.12708 0.048988242 13
-0.69470549 -1.1518848 0.029384298 14
-0.72122681 -1.1845564 0.0077768508 14
-0.62393337 -1.0891328 0.066210136 21
-0.64704579 -1.1070613 0.047606725 14
-0.67117548 -1.1248946 0.028025229 14
-0.69581699 -1.1587375 0.0053714686 14
-0.60255373 -1.0639594 0.065887772 19
-0.62396681 -1.0850509 0.046231616 14
-0.64637583 -1.106052 0.026597124 14
-0.67102051 -1.1288497 0.0040003327 13
-0.58135509 -1.0487492 0.065017886 20
-0.60343224 -1.0547181 0.044507291 12
-0.62351418 -1.0829604 0.023856681 13
-0.64744186 -1.1088408 0.0013020898 13
-0.56102526 -1.0235032 0.064004011 18
-0.58063585 -1.046772 0.044371262 13
-0.60153794 -1.0618894 0.02381013 13
-0.62276483 -1.0910193 0.00012638266 13
-0.54283315 -1.0000646 0.063908271 20
-0.55962867 -1.0255905 0.044130668 12
-0.57999849 -1.0457656 0.022456432 13
-0.60186124 -1.0597751 -0.0011546054 12
-0.52326137 -0.98376453 0.063578717 21
-0.54044223 -1.0022234 0.042845592 14
-0.55746096 -1.0297304 0.021062048 12
-0.57941401 -1.0447358 -0.0025522166 13
-0.50824142 -0.95098376 0.062431049 2
-0.52089196 -0.98591799 0.041516267 15
-0.53827482 -1.0063637 0.019776961 14
-0.55705673 -1.0306928 -0.0039530261 13
-0.491386 -0.93142503 0.062176172 14
-0.50440073 -0.95929831 0.041305639 2
-0.51691329 -0.99223047 0.018397832 15
-0.53923029 -1.0001743 -0.005172241 12
-0.47208488 -0.91811299 0.061836913 10
-0.48974153 -0.93050104 0.040145021 8
-0.5042488 -0.9522081 0.017337674 0
-0.5169633 -0.98712677 -0.0065762824 14
-0.45287383 -0.90579635 0.061494447 15
-0.46946588 -0.9172737 0.038784318 10
-0.48069084 -0.94731379 0.016864287 1
-0.49732241 -0.96982563 -0.0079023903 1
-0.42467389 -0.91638678 0.06184249 19
-0.44380188 -0.92261428 0.039213505 12
-0.46603164 -0.91851652 0.015703611 9
-0.41372684 -0.88424146 0.060778208 14
-0.41870347 -0.92287952 0.038680747 13
-0.44521156 -0.91035885 0.014305181 11
-0.45643139 -0.93938231 -0.0116106 7
-0.39632657 -0.86975288 0.060485564 12
-0.40195954 -0.90431237 0.037422918 11
-0.42348564 -0.90328741 0.012881889 10
-0.44446737 -0.90733254 -0.011696883 14
-0.37475988 -0.86467832 0.060055621 10
-0.39200822 -0.87207669 0.036380235 9
-0.40164834 -0.89522529 0.012461591 11
-0.42165563 -0.89935559 -0.013138632 10
-0.35308185 -0.85861313 0.060628671 13
-0.37198174 -0.86184263 0.036009725 9
-0.38490438 -0.87665814 0.011203716 9
-0.39750537 -0.89852476 -0.015645923 11
-0.33323583 -0.85037076 0.060251784 13
-0.3485139 -0.85794419 0.035533257 9
-0.36227307 -0.87067246 0.0097555937 9
-0.37813491 -0.88421172 -0.016981658 9
-0.31239426 -0.84221828 0.059853218 14
-0.3311137 -0.84345609 0.035240643 9
-0.3447825 -0.85518855 0.0094661843 8
-0.35613841 -0.87415272 -0.018395245 9
-0.28191078 -0.85000658 0.061167698 18
-0.31029314 -0.83529848 0.033842333 9
-0.32305658 -0.84811711 0.0080430051 8
-0.33260146 -0.86925322 -0.019868175 9
-0.25925827 -0.84402651 0.060719464 18
-0.2893613 -0.8261506 0.033447012 9
-0.30203438 -0.83797342 0.0076508829 8
-0.31069538 -0.86019051 -0.021284902 10
-0.23821484 -0.83388799 0.061327185 17
-0.25618291 -0.83719188 0.033687208 11
-0.2820079 -0.82773936 0.0072804634 9
-0.28960398 -0.84904534 -0.022673534 9
-0.228985 -0.80961972 0.060258757 13
-0.22900279 -0.83664244 0.033114679 13
-0.26019186 -0.81967205 0.0058605438 9
-0.25187191 -0.8645063 -0.025553651 7
-0.21058907 -0.79522198 0.059944522 11
-0.20526437 -0.82975644 0.032648053 13
-0.23294288 -0.81812161 0.0042914473 10
-0.23331647 -0.84811121 -0.026861191 7
-0.18784596 -0.78824615 0.059499566 11
-0.18236233 -0.82078415 0.031209791 14
-0.21192068 -0.80797791 0.0038994295 10
-0.20237686 -0.84990406 -0.029526206 7
-0.15693267 -0.7910499 0.059830602 16
-0.16306075 -0.80747211 0.03087076 12
-0.19073918 -0.79583681 0.0025140506 10
-0.19088474 -0.82282895 -0.030628433 10
-0.13308249 -0.78317374 0.060367018 15
-0.13832644 -0.80067694 0.030382575 12
-0.16430545 -0.79220426 0.0009731364 10
-0.1651759 -0.81611848 -0.032138057 11
-0.10470513 -0.78072762 0.060779154 18
-0.11069521 -0.79514778 0.029826226 12
-0.1313531 -0.7941826 -0.00073534745 11
-0.13043405 -0.82026404 -0.034895968 11
-0.077098548 -0.77721691 0.060236212 17
-0.08299835 -0.79064167 0.029286578 13
-0.10175467 -0.79085314 -0.0013216693 12
-0.10257725 -0.81376117 -0.036428891 12
-0.051347293 -0.77051723 0.060726348 18
-0.054461528 -0.78619874 0.028705645 14
-0.07595554 -0.78314728 -0.0028278665 11
-0.076619133 -0.80405837 -0.038928472 12
-0.022608759 -0.76408774 0.06115156 15
-0.031177076 -0.77324814 0.028280124 14
-0.043547619 -0.78005594 -0.0044983416 11
-0.041425776 -0.80322462 -0.041669969 8
0.0098416433 -0.76100671 0.061480656 20
-0.0024810913 -0.76680875 0.026705869 14
-0.0092383847 -0.77814114 -0.0062152212 13
-0.006142301 -0.80139506 -0.044408228 11
0.047905229 -0.76245075 0.061667219 23
0.025420889 -0.7582925 0.026159424 14
0.026156748 -0.77532041 -0.0079505034 13
0.031132668 -0.79974568 -0.047189705 12
0.081531882 -0.75746793 0.061981156 24
0.057125159 -0.75212836 0.025520055 14
0.057839707 -0.76915157 -0.0095896004 13
0.071304493 -0.79936272 -0.050039224 9
0.11045081 -0.74904716 0.062412944 23
0.095438324 -0.75057966 0.024716519 14
0.085900858 -0.75863886 -0.011129336 13
0.1022628 -0.79011601 -0.051647007 9
0.14516348 -0.74315929 0.062708542 25
0.13576429 -0.74921596 0.024869522 14
0.12817554 -0.75744545 -0.013019147 14
0.14920259 -0.79235113 -0.055654023 10
0.18376854 -0.73862773 0.062914416 22
0.17715456 -0.74694198 0.024004366 15
0.17986569 -0.76312935 -0.01514434 14
0.18710932 -0.78373075 -0.05841298 10
0.22916333 -0.73671895 0.062962525 19
0.21128032 -0.73597413 0.022338068 14
0.21036969 -0.7478171 -0.016711356 14
0.24482124 -0.78895003 -0.062664218 11
0.2632412 -0.72675729 0.063292637 19
0.26337388 -0.73768491 0.02222524 15
0.26522753 -0.75177985 -0.018894929 14
0.30271366 -0.79217714 -0.06690897 11
0.31734753 -0.72865349 0.064136386 16
0.30901796 -0.73278385 0.021283284 14
0.32133019 -0.75284016 -0.02209029 11
0.36366245 -0.79467386 -0.072215088 11
0.36029646 -0.7204994 0.064268693 18
0.35764927 -0.72815335 0.020276491 11
0.36622831 -0.74485654 -0.024000723 11
0.43891451 -0.8054949 -0.077867836 10
0.41956148 -0.72085464 0.065010771 13
0.41306958 -0.72614563 0.019111976 12
0.42941254 -0.74555725 -0.0263444 12
0.5375005 -0.82445014 -0.085058466 8
0.475205 -0.7168656 0.065852232 14
0.46966624 -0.72223705 0.01793227 12
0.50425309 -0.75032264 -0.029956831 12
0.61743611 -0.82766008 -0.091771796 44
0.547324 -0.71938938 0.06631013 15
0.54963934 -0.72647297 0.017214159 12
0.58905053 -0.75599021 -0.033785466 13
0.65769255 -0.80419177 -0.0945042 22
0.63231808 -0.72408599 0.067483522 16
0.62397796 -0.72617906 0.015638947 74
0.68649971 -0.76581281 -0.038904399 81
0.66359079 -0.76155299 -0.094407625 12
0.72147506 -0.72715229 0.06857688 73
0.73137903 -0.73791939 0.014299641 68
0.80180269 -0.77825952 -0.0434159 80
0.66269976 -0.71629155 -0.094153419 7
0.81959379 -0.73102987 0.069475763 75
0.82952404 -0.74078608 0.012202446 66
0.93192941 -0.79304975 -0.049254537 96
0.667422 -0.67555469 -0.094041787 7
0.92769015 -0.73581415 0.07115829 82
0.94162995 -0.74492049 0.010802379 66
1.0577095 -0.80041826 -0.054962575 97
0.67304969 -0.63590354 -0.093955033 7
1.036238 -0.73561972 0.072856858 84
1.0598693 -0.74759912 0.0082793357 74
1.1947818 -0.80479008 -0.061895404 105
0.67766058 -0.59615737 -0.094846517 7
1.145216 -0.73044032 0.073571675 81
1.1777658 -0.74322164 0.0068000294 76
1.334318 -0.80436802 -0.067855671 68
0.70164359 -0.56419057 -0.096189648 6
1.2634472 -0.72309077 0.075101264 85
1.3048732 -0.73666263 0.0041359928 78
1.5006955 -0.80637085 -0.076399118 82
0.70048225 -0.52191675 -0.095945515 6
1.4113899 -0.72044295 0.076975711 67
1.4802281 -0.74049848 0.00039357456 102
1.539157 -0.75864619 -0.077968627 10
0.7215687 -0.48868304 -0.097220719 6
1.5947108 -0.72310805 0.079226278 91
1.7165108 -0.75598711 -0.0025424196 143
1.523728 -0.69308972 -0.078150533 6
0.72590667 -0.44899642 -0.096991904 6
1.8545291 -0.73864567 0.082640745 108
2.093154 -0.79915959 -0.0077481787 150
1.4868078 -0.62448275 -0.07701546 4
0.74011469 -0.41413647 -0.098113768 6
2.2291405 -0.77363563 0.088522464 107
2.4946651 -0.83353752 -0.014436683 150
1.5036367 -0.57178682 -0.078101896 6
0.75839561 -0.3786411 -0.099318929 6
2.592412 -0.78952229 0.093741871 102
2.9059479 -0.84871984 -0.021234779 150
1.4988314 -0.51411891 -0.078704245 6
0.76194334 -0.33980632 -0.099194422 6
2.9394341 -0.78485394 0.097410172 119
3.2173622 -0.82472885 -0.026715301 49
1.5364583 -0.46430874 -0.081247143 6
0.75861162 -0.29934373 -0.098915808 6
3.2968624 -0.76506281 0.10093457 117
3.3700297 -0.75722837 -0.031607937 0
1.5267652 -0.40519375 -0.081738822 6
0.78881985 -0.26492602 -0.10138003 6
5.324399 -1.0082453 0.13371089 129
3.3570263 -0.6566416 -0.033818506 0
1.5169125 -0.3480756 -0.081237137 5
0.79924721 -0.22771816 -0.10141 6
8.4250002 -1.3166399 0.18140382 88
3.4370759 -0.57050973 -0.03807665 0
1.5436776 -0.29627717 -0.083539836 5
0.80476546 -0.18905851 -0.10232885 6
8.4550657 -1.1165259 0.17478579 85
3.3503013 -0.46424314 -0.038693912 0
1.5645802 -0.24294691 -0.084710352 5
0.80333483 -0.14977248 -0.10209697 6
6.8187065 -0.74615121 0.14036489 148
3.3638208 -0.37007552 -0.041500501 1
1.5406977 -0.18556163 -0.083910167 5
0.82071108 -0.11319148 -0.10327805 6
6.8528533 -0.57853609 0.1334935 146
3.3404093 -0.27356547 -0.043512069 0
1.5536135 -0.13150431 -0.085908107 5
0.82625061 -0.074537002 -0.10319743 5
5.502799 -0.33154428 0.10837459 7
3.3260493 -0.17687133 -0.045717239 1
1.5776833 -0.076451935 -0.087139666 5
0.83792216 -0.034425199 -0.10424176 6
5.3971305 -0.1883976 0.10132907 134
3.2905073 -0.081267133 -0.047485165 1
1.5766784 -0.021134112 -0.087840207 5
0.86251587 0.0045191664 -0.106567 6
5.4174552 -0.05165812 0.095579281 123
3.3682013 0.01210962 -0.051666833 0
1.5757644 0.035179496 -0.088537686 5
0.86019939 0.044888359 -0.10531349 7
6.9263234 0.1046901 0.10635477 111
3.2248564 0.10342392 -0.051168963 1
1.5838808 0.091681875 -0.090426102 4
0.87890935 0.085369729 -0.10750633 6
6.9192634 0.27202997 0.099337198 128
3.1665068 0.19105345 -0.052492879 10
1.5928543 0.1460924 -0.09034282 5
0.87360591 0.12600949 -0.10618813 6
3.0910554 0.22968447 0.057326797 118
3.087882 0.2765038 -0.053397425 80
1.629371 0.20604894 -0.093816899 6
0.89141047 0.16757706 -0.10835639 7
2.6689277 0.28304148 0.050547924 95
2.8085892 0.34097722 -0.050148576 156
1.6266458 0.26453501 -0.094465248 6
0.88816732 0.20903715 -0.10807811 6
2.2624834 0.32091737 0.044359691 99
2.2836676 0.36444569 -0.04089164 150
1.632973 0.32320458 -0.09530481 7
0.9123286 0.25404227 -0.10936391 7
1.9334742 0.34875882 0.038478948 103
1.9110838 0.38515589 -0.034880657 140
1.6891297 0.38941461 -0.09916468 11
0.92236948 0.29831824 -0.11035375 6
1.6866482 0.37416226 0.034843322 99
1.6489292 0.40590146 -0.031212544 99
1.6631645 0.44598627 -0.098329261 34
0.94669026 0.34532019 -0.11263331 7
1.4776794 0.39613199 0.03138769 75
1.4224596 0.42140275 -0.027327407 79
1.5204126 0.4759801 -0.092147522 101
0.98350102 0.39721444 -0.11515352 7
1.3045979 0.41484433 0.029154858 83
1.2472219 0.43728292 -0.024527393 76
1.3044814 0.48448327 -0.08251933 112
0.97337866 0.44030234 -0.11472127 7
1.1523355 0.4306663 0.026465939 66
1.0825756 0.44818676 -0.021976801 75
1.0947284 0.48338714 -0.072069734 79
0.9694109 0.4848403 -0.11441239 8
1.0084211 0.44273785 0.024563763 76
0.93232155 0.45579937 -0.019766137 71
0.91887677 0.48426706 -0.064347684 76
0.97033286 0.53196955 -0.11421046 11
0.88170898 0.45222318 0.022301739 65
0.80859107 0.46399808 -0.018097099 74
0.79296875 0.48963827 -0.058645822 70
0.85181922 0.54067713 -0.10564824 54
0.76171577 0.45808491 0.020878244 77
0.6924845 0.46748748 -0.015614439 65
0.66968429 0.49075672 -0.053022482 69
0.68415272 0.52671772 -0.092157662 74
0.6577428 0.46350032 0.019111706 69
0.59056628 0.47270721 -0.014424739 67
0.56549865 0.49215353 -0.047802877 12
0.55507159 0.51830882 -0.082458168 65
0.56890684 0.46954939 0.018027654 13
0.51184106 0.47883502 -0.012722104 11
0.47957501 0.495915 -0.043958876 11
0.46595362 0.51933831 -0.07555937 11
0.49835461 0.47795835 0.016567728 12
0.43807328 0.48451668 -0.012126937 10
0.41093951 0.50212622 -0.040469177 10
0.38487041 0.52064687 -0.069829673 10
0.42861739 0.48428527 0.015080211 11
0.37238228 0.49046767 -0.010701403 14
0.33576691 0.50290865 -0.037868105 13
0.31908387 0.52458549 -0.064411163 10
0.3648755 0.4900654 0.014463137 16
0.3085714 0.49524772 -0.010321729 13
0.27392042 0.50649714 -0.034535352 13
0.24460909 0.52127916 -0.058844522 11
0.29878098 0.49204281 0.013877025 15
0.25799638 0.50183702 -0.009213469 12
0.21395397 0.50891423 -0.032248441 11
0.18866788 0.52332544 -0.05464438 11
0.24597049 0.49683613 0.012023047 18
0.20830576 0.50734574 -0.0091295373 12
0.15464327 0.5072524 -0.028995572 10
0.15678011 0.53624821 -0.051900253 8
0.20352037 0.5047009 0.011965195 18
0.15094401 0.50551355 -0.0079192836 11
0.1013758 0.50604993 -0.026868733 10
0.09197025 0.52905697 -0.047558028 12
0.15344723 0.50623095 0.011037202 24
0.11772612 0.51555413 -0.0081619965 11
0.077591702 0.52025336 -0.026290486 10
0.037388399 0.52395159 -0.043422263 10
0.11278681 0.51192844 0.0099304551 22
0.055749319 0.50711143 -0.0068867314 9
0.026156241 0.51687378 -0.023213005 10
-0.001445582 0.52645594 -0.039582461 12
0.057034027 0.50593728 0.010085745 19
0.014860529 0.50981104 -0.0060030147 10
-0.007491983 0.52192998 -0.022471145 11
-0.042472851 0.52715361 -0.036705319 14
0.018184368 0.50946289 0.0089298543 20
-0.0061383974 0.52175689 -0.0064953109 11
-0.041209392 0.52598464 -0.020732522 11
-0.076370686 0.529217 -0.034972809 15
-0.011321754 0.51615453 0.0085918317 20
-0.04204873 0.52400571 -0.005719386 11
-0.076102942 0.5281384 -0.018978391 10
-0.10382177 0.53571337 -0.032354593 15
-0.038836323 0.52266639 0.0082106907 18
-0.070628196 0.5296064 -0.005082218 11
-0.10585862 0.53183782 -0.018325739 10
-0.13796921 0.53478408 -0.029631404 14
-0.070785448 0.52455944 0.0079005649 18
-0.098392613 0.53312558 -0.0044727437 10
-0.13360178 0.53535175 -0.01671645 10
-0.16462655 0.53920358 -0.028040588 14
-0.1027344 0.52645206 0.0075905309 17
-0.13151777 0.53311682 -0.004767302 12
-0.16469321 0.53515244 -0.015054625 12
-0.19146414 0.54163134 -0.026455853 13
-0.13061018 0.52898049 0.007197266 16
-0.16045846 0.53473413 -0.0041422504 12
-0.19272853 0.53568357 -0.014454199 11
-0.22171926 0.53934526 -0.023821915 13
-0.1617441 0.52879155 0.0068596127 16
-0.1894895 0.53535563 -0.0035202103 11
-0.22182871 0.53530401 -0.012835431 11
-0.25097886 0.53696936 -0.02120951 12
-0.18871459 0.53023332 0.0064418097 15
-0.21435714 0.53760785 -0.0029783347 11
-0.24893738 0.53474426 -0.011259791 10
-0.26924026 0.54565138 -0.020775581 12
-0.21351312 0.53348655 0.0059870319 14
-0.23825032 0.53977489 -0.0034577597 10
-0.26412115 0.54415202 -0.010887573 10
-0.28883705 0.55043566 -0.019332569 11
-0.22991587 0.54100287 0.0043751136 14
-0.25669214 0.54646569 -0.0030299872 10
-0.28699756 0.54622406 -0.010388754 10
-0.31510949 0.54778868 -0.016784774 11
-0.25528601 0.54130399 0.0048854267 14
-0.28215256 0.54577148 -0.0025231445 10
-0.34081954 0.54410124 -0.015288274 11
-0.28478968 0.53695089 0.0044921031 13
-0.31290185 0.53851557 -0.001904331 9
-0.34019879 0.53799814 -0.0083285011 8
-0.36068746 0.54589748 -0.013854658 8
-0.30578625 0.53785157 0.0039446307 12
-0.32828766 0.54593635 -0.0025381162 8
-0.3771168 0.55240291 -0.012470353 10
-0.3189097 0.54807961 0.0032769195 12
-0.36766979 0.55554676 -0.0076519586 9
-0.39607939 0.55311298 -0.011061326 10
-0.34551653 0.54246008 0.0028159253 12
-0.3715046 0.54483002 -0.0016209645 9
-0.38980001 0.55453616 -0.0061843176 8
-0.42065248 0.54730284 -0.009565861 8
-0.36886555 0.53955752 0.0022994687 11
-0.38931191 0.54744709 -0.0012270927 7
-0.40082061 0.56557471 -0.005892246 8
-0.42696792 0.56594777 -0.0093354676 10
-0.37547308 0.55522007 0.0015207879 11
-0.40261611 0.55568343 -0.0019008346 8
-0.42206675 0.56348264 -0.00544895 8
-0.45199266 0.55515796 -0.007855312 9
-0.39556402 0.55503446 0.00094888126 11
-0.4457345 0.55658633 -0.0039780438 7
-0.46172532 0.56908947 -0.0065757446 9
-0.41572437 0.55384791 0.0013736903 10
-0.43388715 0.56453955 -0.0011869685 7
-0.43029499 0.55918705 0.00071237388 10
-0.47969812 0.55765069 -0.0022457084 7
-0.49433208 0.57404733 -0.0048526493 9
-0.46771252 0.56760591 -0.0014479995 7
-0.51151097 0.56053168 -0.0015500204 7
-0.53714073 0.55482423 -0.0020338108 6
-0.50549716 0.55998337 -0.00067817763 6
-0.49470904 0.56804198 -0.00086480944 9
-0.53870887 0.57002312 -0.00091903924 7
-0.55943149 0.57390904 -0.00045862133 8
-0.53389257 0.5675782 -0.0010315059 6
-0.52810192 0.56504762 -0.0021653427 8
-0.57077134 0.56991142 0.00076747691 6
-0.59040809 0.57470286 0.0012094211 7
-0.56109047 0.5770697 -0.00040038332 7
-0.55794454 0.56775302 -0.0025122948 8
-0.59977776 0.57053012 0.0013926314 6
-0.62199533 0.56852096 0.0038558354 7
-0.59364694 0.57198858 -0.00072861917 6
-0.5841893 0.57716453 -0.0039021738 9
-0.62453258 0.58482111 0.0019961675 7
-0.64835697 0.57592523 0.0054592765 7
-0.61996067 0.58039904 -0.0011216899 6
-0.61719733 0.56710416 -0.0042456193 8
-0.65498614 0.58055043 0.0026278319 7
-0.67300034 0.59120685 0.0070658182 7
-0.64634347 0.58780843 -0.00051794492 6
-0.64522916 0.56763768 -0.0046415217 8
-0.68143803 0.58695883 0.0042283866 6
-0.69884127 0.60459191 0.0076881754 8
-0.67705435 0.58055079 -0.00089161354 6
-0.67170995 0.57405704 -0.0060367351 8
-0.70753616 0.59735733 0.0038453534 7
-0.72634399 0.61009115 0.0093109924 7
-0.70174021 0.59584284 -0.0012843799 6
-0.69605571 0.5933376 -0.0074169622 8
-0.73175138 0.62866861 0.0045232307 7
-0.75162393 0.64049172 0.01100722 8
-0.72608817 0.62616855 -0.0026090988 7
-0.7200616 0.61660624 -0.0097845625 9
-0.76021361 0.62421769 0.0051122452 4
-0.77973372 0.68420535 0.011830188 3
-0.75491172 0.61773378 -0.002032358 4
-0.79359949 2.8885794 -0.021835165 5
-0.74791288 0.61913198 -0.010173788 7
-0.78837252 0.70107722 0.0041019493 2
-0.86151147 2.90276 -0.018316982 73
-0.76115018 0.63941455 -0.011788028 8
-0.78263366 0.66644222 -0.0041932496 3
-0.83141291 2.9001458 -0.055977192 8
-0.92869645 2.9028163 -0.014884849 78
-0.77596831 0.63071585 -0.011513378 4
-0.79720873 0.69387174 -0.0047429455 2
-0.89954579 2.901299 -0.054519881 65
-0.99751383 2.918083 -0.011341641 68
-0.79018128 0.6852352 -0.015935984 3
-0.87226987 2.901968 -0.097104847 7
-0.96768093 2.9134974 -0.053007003 73
-1.0659677 2.9262877 -0.007841385 73
-0.80694962 0.7108584 -0.017448304 1
-0.94071859 2.9111888 -0.097600669 57
-1.0359948 2.9126582 -0.051555481 73
-1.1352153 2.9365697 -0.0033134355 66
-0.91101289 2.929739 -0.14914991 5
-1.0078772 2.9122565 -0.09716437 59
-1.1059405 2.9270291 -0.049992878 70
-1.2046647 2.9448647 0.00020878804 58
-0.98031914 2.9410522 -0.15161732 40
-1.0778635 2.9155927 -0.097656652 57
-1.1746175 2.9332526 -0.048497926 72
-1.2768303 2.956418 0.0038052851 64
-1.0510037 2.9484763 -0.15507494 37
-1.1478733 2.9299777 -0.099093124 59
-1.246101 2.9417377 -0.046931755 68
-1.3461874 2.9546642 0.0072755273 65
-1.1231377 2.9620569 -0.15847072 38
-1.2185842 2.9363921 -0.099554241 55
-1.3172209 2.943162 -0.045408528 68
-1.4193486 2.9663079 0.010894004 71
-1.1947967 2.9695666 -0.16090663 39
-1.2898371 2.9368296 -0.10003356 55
-1.3873452 2.9444962 -0.043906759 66
-1.492871 2.973968 0.014500384 64
-1.2675629 2.9761758 -0.16432352 37
-1.3622898 2.9464166 -0.10144159 56
-1.4601856 2.9490883 -0.042330708 69
-1.5651034 2.9734762 0.019038893 59
-1.3413938 2.9818745 -0.16672194 40
-1.4345384 2.9469454 -0.10189892 67
-1.5339314 2.9547672 -0.040729769 66
-1.6427915 2.9905503 0.02278142 56
-1.4160613 2.9896598 -0.17009214 38
-1.5090514 2.9557121 -0.10226665 66
-1.605503 2.9512117 -0.03922116 68
-1.7203871 2.9975755 0.026471838 59
-1.4894598 2.9892976 -0.17352997 44
-1.5831321 2.9584179 -0.10367398 49
-1.6820551 2.9591525 -0.037548807 59
-1.7955374 2.9983556 0.030079117 51
-1.5664583 2.9932756 -0.17586905 42
-1.656828 2.9540563 -0.10412443 64
-1.7589898 2.9631155 -0.036888294 61
-1.8782941 3.0148852 0.033927348 53
-1.643388 2.9982536 -0.17920461 42
-1.7323347 2.9518681 -0.10452531 56
-1.8386195 2.9703307 -0.035153691 65
-1.9624981 3.0265262 0.037782095 58
-1.7200446 2.9951746 -0.18258613 39
-1.8119378 2.9600949 -0.1057869 53
-1.9192659 2.9776421 -0.034397028 67
-2.0492375 3.0434172 0.041717298 60
-1.8034375 3.0097671 -0.18663494 39
-1.8918235 2.9683373 -0.10693774 54
-2.0035212 2.9922981 -0.032418162 63
-2.1415739 3.0678358 0.046922088 53
-1.8829007 3.0089507 -0.18994221 42
-1.9745944 2.9748445 -0.10813729 53
-2.0890558 3.0010576 -0.031546894 72
-2.2384524 3.0946839 0.051126521 49
-1.9692665 3.020813 -0.19403903 40
-2.0635433 2.9909511 -0.11015718 64
-2.1832826 3.0246615 -0.030415893 69
-2.3401289 3.1239743 0.055445693 40
-2.063462 3.0464444 -0.19990036 40
-2.1561136 3.0114024 -0.11207794 69
-2.2779608 3.0432868 -0.02929993 73
-2.4327495 3.1313596 0.05946254 31
-2.1581781 3.0660954 -0.20478003 45
-2.2485914 3.0218048 -0.11405064 55
-2.3722756 3.0548501 -0.028226763 75
-2.53388 3.1445358 0.063690022 20
-2.2559929 3.0850255 -0.21059719 41
-2.3462305 3.0417113 -0.11586557 60
-2.4722939 3.0699427 -0.027014101 71
-2.6420724 3.1683922 0.068121739 8
-2.3604162 3.1085715 -0.21625011 40
-2.4462223 3.0578146 -0.11764907 68
-2.5682364 3.0746262 -0.025940126 76
-2.7324054 3.1564889 0.072994396 6
-2.4564872 3.1132841 -0.22117478 47
-2.5405993 3.0583479 -0.11962987 68
-2.6636353 3.0742385 -0.02490283 70
-4.5244679 5.7669053 0.12226184 41
-2.5573559 3.12044 -0.22598468 41
-2.6406791 3.0624104 -0.12147117 72
-2.7557366 3.0655196 -0.022973046 55
-4.54038 5.5123038 0.12534891 25
-2.660279 3.1267884 -0.23174295 37
-2.7312565 3.0485497 -0.12258843 74
-2.8395491 3.0369799 -0.021306803 13
-4.5752482 5.3026061 0.13007654 50
-2.7532518 3.1091352 -0.23482816 29
-2.8123057 3.0177586 -0.12299283 43
-2.8840265 2.9546652 -0.01874776 66
-2.9949706 2.9463394 0.085607879 0
-2.8542347 3.1032605 -0.23968351 15
-2.8686652 2.9485724 -0.12111492 63
-2.9095626 2.8485396 -0.01571171 76
-3.0175407 2.8399496 0.087579377 7
-2.9040747 3.0174189 -0.23802774 28
-2.8933873 2.8403659 -0.1181068 86
-2.935576 2.7484868 -0.013632577 68
-3.0368569 2.7362773 0.089500785 5
-2.9444838 2.9246976 -0.23559847 45
-2.9132967 2.7297134 -0.11420179 46
-2.9565949 2.647979 -0.01065339 49
-3.0769081 2.6585858 0.092000641 4
-2.9675403 2.8123207 -0.23063441 35
-2.9362173 2.6303828 -0.11117633 63
-2.9799902 2.5547194 -0.008587623 58
-4.6760855 4.3147554 0.14347568 60
-2.9875205 2.7006683 -0.22573258 40
-2.9616051 2.5373042 -0.1090673 56
-2.9968688 2.4558489 -0.0066892905 60
-4.6935773 4.1426506 0.14503118 65
-3.0142443 2.6036921 -0.22261401 33
-2.9775367 2.4373376 -0.1051944 59
-3.0186379 2.3694706 -0.0046241144 59
-4.7170262 3.9821284 0.14777167 70
-3.0305169 2.4997365 -0.21775328 31
-3.0004833 2.3490572 -0.10311377 62
-3.0366144 2.2807386 -0.002657736 62
-4.7297502 3.8186209 0.14924657 74
-3.0539308 2.4064686 -0.21471359 36
-3.0166712 2.2581429 -0.10022692 70
-3.0488472 2.1894665 -0.00086178124 57
-4.7502108 3.6698608 0.15092824 71
-3.0641279 2.3039613 -0.21101697 38
-3.0280888 2.1647897 -0.098458782 67
-3.0598135 2.1010928 0.00092165545 59
-4.7657838 3.5196538 0.15249835 72
-3.0822017 2.2142172 -0.20708808 36
-3.0447369 2.0799396 -0.095536008 61
-3.0751257 2.0201416 0.0028351576 72
-4.7779174 3.3741553 0.15401864 75
-3.0954998 2.1220355 -0.20427367 39
-3.0497985 1.990023 -0.092886105 71
-3.078239 1.9300547 0.0034420951 53
-4.7868848 3.2303777 0.15547998 69
-3.1094108 2.0339217 -0.20042548 38
-3.0641155 1.9089813 -0.090994246 57
-3.0940053 1.8551688 0.0053957622 72
-4.8020296 3.0962002 0.15612121 68
-3.1146321 1.9420087 -0.19678195 43
-3.0706267 1.8252206 -0.088282458 65
-3.0993614 1.773315 0.0070921662 53
-3.2087739 1.7839551 0.10350311 0
-3.1278276 1.858735 -0.19406949 46
-3.0871069 1.7502908 -0.087449461 77
-3.1108482 1.6979334 0.0078232186 71
-3.2230549 1.7108338 0.10430972 0
-3.1391652 1.7764269 -0.19121839 44
-3.0922902 1.6694313 -0.08472278 60
-3.1232266 1.6267703 0.0087514371 67
-3.2308161 1.6352354 0.10511757 0
-3.1445081 1.693572 -0.18749791 40
-3.0915225 1.5880367 -0.083123751 84
-3.1270766 1.5498109 0.010474155 64
-3.2213116 1.5510484 0.10452195 1
-3.1563256 1.6173368 -0.18559547 41
-3.1085007 1.5213056 -0.081063576 69
-3.1267867 1.4744887 0.011122478 56
-3.2305262 1.4816095 0.10540302 2
-3.1633248 1.5386534 -0.18280767 42
-3.114074 1.4475163 -0.079282396 67
-3.1359119 1.4060452 0.012005999 54
-3.2491562 1.4190482 0.10651943 3
-3.1671572 1.4616908 -0.18007915 40
-3.1232905 1.3780776 -0.078402102 59
-3.142051 1.3373307 0.012824213 57
-3.2458115 1.344457 0.10610589 4
-3.1718051 1.3868113 -0.17732298 30
-3.1285038 1.3082719 -0.07660909 45
-3.1442986 1.2672586 0.013552302 51
-3.2432823 1.2719471 0.10571992 3
-3.1762731 1.3139226 -0.17456096 20
-3.1288357 1.2370179 -0.074932002 35
-3.1568856 1.2051495 0.014527027 54
-3.2587793 1.2111032 0.10675351 2
-3.1855156 1.2444726 -0.17271377 15
-3.1357329 1.1713686 -0.073121414 27
-3.1724041 1.1443025 0.015545587 53
-3.2569394 1.1426595 0.10636283 2
-3.1850591 1.1711245 -0.17009868 15
-3.1271515 1.099296 -0.071673699 25
-3.1819699 1.082918 0.015434073 54
-3.2646046 1.0800996 0.10620475 2
-3.1959393 1.1058376 -0.16820119 15
-3.1405885 1.0392636 -0.07069543 37
-3.186717 1.0190855 0.016207611 59
-3.2635798 1.0137384 0.105842 5
-3.2126343 1.0430883 -0.16716698 21
-3.1550214 0.97932166 -0.069695413 65
-3.1844945 0.95462096 0.016829135 74
-3.8056331 1.1562696 0.12412854 150
-3.2098253 0.97354388 -0.16458297 31
-3.1577775 0.91530848 -0.068965212 32
-3.1783803 0.88879925 0.017360773 28
-1.1378031 0.092117317 -0.0012471115 3
-1.1466838 0.090877838 0.010937684 1
-1.1551627 0.077627517 -0.0019615958 3
-1.1769183 0.078562722 0.0095087662 3
-3.2325132 0.38690165 -0.063087113 45
-1.1686304 0.061780028 -0.0027660294 4
-3.2437112 0.32968208 -0.063142553 53
-1.1683922 0.044701103 -0.0027872303 4
-1.1603037 0.041916203 0.011027833 3
-1.1589853 0.025765963 -0.0010949861 4
-1.1749475 0.024167359 0.010239088 3
-1.179715 0.0075681363 -0.0027562324 4
-1.1775317 0.0063259052 0.010192486 4
-1.1722308 -0.01018571 -0.0020171802 3
-1.1659744 -0.010793507 0.010847727 2
-3.3487468 -0.50725085 -0.063094392 6
-3.3415086 -0.50111163 0.012798047 3
-3.3933759 -0.50467128 0.089903966 48
-3.3998492 -0.58569586 -0.14642198 34
-3.3442872 -0.56890333 -0.063506112 58
-3.3389499 -0.56158704 0.012432814 70
-3.3897736 -0.5642314 0.087520517 74
-3.4008892 -0.65287721 -0.14574368 39
-3.3501461 -0.63363612 -0.063712873 77
-3.3446496 -0.62432295 0.011232396 76
-3.3800862 -0.62334239 0.086009681 84
-3.4122903 -0.7231285 -0.14685999 33
-3.3447814 -0.69637471 -0.064149253 80
-3.3464353 -0.68842125 0.010941889 87
-3.3837039 -0.68526316 0.084768914 79
-3.4135118 -0.792301 -0.14618771 25
-3.3498259 -0.76318944 -0.064383738 72
-3.3461611 -0.75169921 0.0096112993 93
-3.3824556 -0.74862623 0.082416825 73
-3.4241889 -0.86563057 -0.1473348 15
-3.3622234 -0.83335072 -0.065478198 56
-3.3501413 -0.81760323 0.0083584469 98
-3.3934958 -0.8148936 0.081312843 92
-3.411088 -0.93208981 -0.14595436 0
-3.3643715 -0.90143234 -0.065780789 47
-3.3593712 -0.88604337 0.007205009 75
-3.392338 -0.87925297 0.078957796 88
-3.3645504 -0.96968979 -0.067126483 31
-3.3572869 -0.95149368 0.0058250455 62
-3.393353 -0.94542277 0.076640122 74
-3.3690522 -1.0415744 -0.067397758 16
-3.3626251 -1.021291 0.0045818244 51
-3.4016783 -1.0149491 0.075461991 60
-3.3715842 -1.1136345 -0.06871216 3
-3.3649764 -1.0913595 0.0032735409 18
-3.3945475 -1.07985 0.072976872 34
-3.3643408 -1.1616988 0.0019001949 5
-3.3980756 -1.1518202 0.071684219 16
-3.4089565 -1.227136 0.06953156 3
-3.4927723 -2.1237502 -0.089200005 4
-3.4997759 -2.2335601 -0.091600046 0
-3.451648 -2.13973 -0.025141971 0
-3.6453295 -2.9803975 -0.11223247 17
-3.5854602 -2.8344126 -0.046764467 9
-3.5676453 -2.729775 0.012392671 4
-3.0544338 -2.5489762 -0.14169097 5
-3.6754732 -3.1563776 -0.11747021 52
-3.5934997 -2.977258 -0.051308047 38
-3.5771761 -2.8664539 0.0059112702 22
-2.9929965 -2.6027575 -0.14027035 6
-3.6989186 -3.3359776 -0.122869 72
-3.6178725 -3.1447213 -0.057626598 60
-3.5863442 -3.0101945 -0.00061318529 57
-2.9324427 -2.6554573 -0.13782524 7
-3.7472949 -3.5574899 -0.12994576 62
-3.6399815 -3.3204231 -0.064034663 84
-3.6073682 -3.1739459 -0.0069846455 89
-2.8697169 -2.706346 -0.13541739 7
-3.784538 -3.7780039 -0.1372551 41
-3.6846473 -3.5342393 -0.071152121 77
-3.6363986 -3.3590543 -0.015292507 110
-2.7956777 -2.7431998 -0.13318086 7
-3.7925944 -3.9760704 -0.14307466 24
-3.7330441 -3.7667916 -0.079283863 84
-3.6742072 -3.5634484 -0.023509445 80
-2.7503715 -2.819613 -0.13252935 7
-3.7570527 -4.1258883 -0.14658274 16
-3.753633 -3.9807844 -0.086916052 81
-3.7100451 -3.7790637 -0.032824781 91
-2.6852925 -2.8666985 -0.13015275 7
-3.3765166 -3.7769215 -0.12995389 2
-3.761662 -4.1888852 -0.095787093 91
-3.7282331 -3.9882476 -0.042484652 100
-2.6263888 -2.9262745 -0.12870701 7
-3.2184222 -3.7290347 -0.12608685 4
-3.79107 -4.4442439 -0.10543837 99
-3.731689 -4.1897278 -0.053420667 98
-2.5651321 -2.9820476 -0.12729248 7
-3.0910733 -3.7205205 -0.12476123 4
-3.8223989 -4.720511 -0.11615343 77
-3.7527232 -4.4297748 -0.065174572 98
-2.4933558 -3.0217083 -0.1250217 7
-2.9782958 -3.7287581 -0.12320835 9
-3.8494716 -5.0162425 -0.12705663 40
-3.7957003 -4.7230496 -0.078726798 112
-2.4263971 -3.0699656 -0.12369128 7
-2.8483925 -3.7034092 -0.12085283 8
-3.7546887 -5.1212254 -0.13360538 10
-3.8214798 -5.014873 -0.092638783 99
-2.3646183 -3.1308031 -0.12331346 6
-2.7306385 -3.6900084 -0.11929798 8
-3.3011651 -4.5760465 -0.11955366 1
-3.8914177 -5.4050956 -0.11010129 77
-2.2990863 -3.183955 -0.12097684 7
-2.617229 -3.6802297 -0.11766852 9
-3.0387702 -4.3307838 -0.11492531 4
-3.9481823 -5.8045406 -0.12989153 21
-2.2252493 -3.2227955 -0.11974616 6
-2.5002003 -3.6527052 -0.11602759 8
-2.8178701 -4.1329598 -0.11164903 4
-3.3940434 -5.0576272 -0.11797879 1
-2.1471167 -3.2479746 -0.11653836 7
-2.4004784 -3.6607592 -0.11519541 8
-2.6525128 -4.0264807 -0.11064476 8
-3.0030527 -4.5469136 -0.11076678 2
-2.0761755 -3.2965937 -0.11529476 6
-2.2910738 -3.6395686 -0.11442366 7
-2.5105267 -3.956033 -0.1103221 8
-2.7411783 -4.25139 -0.10887671 4
-1.9956205 -3.3169689 -0.11311488 6
-2.1936154 -3.6393845 -0.11350199 8
-2.3719113 -3.8782477 -0.11089105 7
-2.5330157 -4.0383434 -0.1082532 4
-1.5764259 -2.3269489 -0.070100188 144
-1.6622055 -2.4205825 -0.067737386 5
-2.2369864 -3.7971189 -0.11036428 8
-2.3714352 -3.9064095 -0.11004177 6
-1.4459367 -2.0978415 -0.059736725 102
-1.5422753 -2.2517586 -0.060450699 150
-1.6454455 -2.4030406 -0.06300617 56
-2.2272532 -3.800004 -0.11258692 8
-1.3542446 -1.9636068 -0.052020319 83
-1.4273467 -2.0603867 -0.053944767 94
-1.5216675 -2.2134733 -0.057698373 150
-1.6393543 -2.401576 -0.06612955 80
-1.2803541 -1.8699194 -0.047127444 74
-1.343863 -1.9494966 -0.049170613 78
-1.4150163 -2.0464473 -0.053137995 97
-1.5127234 -2.2022204 -0.062834196 150
-1.2142473 -1.7845631 -0.042110085 67
-1.2709204 -1.8547132 -0.046252497 81
-1.3354881 -1.9452294 -0.051328491 81
-1.4098947 -2.0438814 -0.059235901 100
-1.1552424 -1.7106051 -0.038998637 70
-1.2063947 -1.7752316 -0.043231264 70
-1.2638339 -1.853339 -0.049397584 84
-1.3315643 -1.9445602 -0.058410563 80
-1.1014652 -1.6502336 -0.034843314 67
-1.1484759 -1.7021797 -0.040101159 69
-1.2003251 -1.7737617 -0.047354415 76
-1.2610176 -1.85357 -0.05746077 84
-1.0526875 -1.5894057 -0.031579237 69
-1.0971848 -1.6465967 -0.037917204 64
-1.1441681 -1.7085767 -0.04622652 69
-1.1979132 -1.7779667 -0.057429314 74
-1.0078226 -1.5382602 -0.029280314 82
-1.047635 -1.5878403 -0.036680453 70
-1.0930793 -1.6549808 -0.045048419 65
-1.1415063 -1.7097884 -0.057292048 67
-0.96603519 -1.4878396 -0.026919339 14
-1.0025891 -1.5347033 -0.034375425 71
-1.0443656 -1.5941372 -0.044783629 70
-1.0902579 -1.6541957 -0.057107601 67
-0.92585593 -1.4332596 -0.023503004 13
-0.9610039 -1.4862696 -0.033020303 11
-1.0002464 -1.5399088 -0.043453626 68
-1.0439178 -1.6081955 -0.057866596 67
-0.89015329 -1.394333 -0.02206986 13
-0.92312998 -1.4344865 -0.031569231 12
-0.95777714 -1.4925561 -0.043123011 12
-0.99837202 -1.5490731 -0.057542801 74
-0.85596776 -1.3612967 -0.019633552 12
-0.88634139 -1.3946544 -0.030154748 11
-0.9193598 -1.4458435 -0.041708879 12
-0.95662725 -1.4986426 -0.05718134 58
-0.82298094 -1.3191113 -0.018126167 16
-0.85317278 -1.3615224 -0.0286965 11
-0.88367856 -1.4069116 -0.041275505 12
-0.91942811 -1.4648658 -0.057806376 12
-0.79325151 -1.2906882 -0.016618054 15
-0.82011694 -1.3183367 -0.02818582 10
-0.8489027 -1.366894 -0.040817373 11
-0.88211823 -1.4190536 -0.05737336 12
-0.76442832 -1.2501332 -0.015029963 15
-0.78993523 -1.2849338 -0.026662467 10
-0.8172946 -1.3285971 -0.040300235 11
-0.84718275 -1.3770392 -0.057908885 11
