# .PCD v0.7 - Point Cloud Data file format
VERSION 0.7
FIELDS x y z intensity
SIZE 4 4 4 4
TYPE F F F F
COUNT 1 1 1 1
WIDTH 16152
HEIGHT 1
VIEWPOINT 0 0 0 1 0 0 0
POINTS 16152
DATA ascii
0.58607072 -1.0592387 0.0047232225 75
0.55235672 -1.0760658 -0.011452706 73
0.52873355 -1.097934 -0.030752603 73
0.68627387 -1.0324988 0.023581656 82
0.64553833 -1.0475026 0.0045112553 76
0.6102165 -1.0627699 -0.012654629 79
0.58782476 -1.0852876 -0.033969574 74
0.74002606 -1.0131932 0.024382804 83
0.7075249 -1.0338566 0.0042305891 78
0.68041879 -1.0547947 -0.015016799 83
0.65577531 -1.0770329 -0.038294408 80
0.80363905 -0.99792027 0.02705398 81
0.7647422 -1.0154929 0.00398019 85
0.73759943 -1.0364558 -0.017266737 85
0.72052938 -1.0624726 -0.042637028 81
0.85831994 -0.97513151 0.027796753 92
0.82574624 -0.99584419 0.0036454294 86
0.81189239 -1.0249814 -0.01974484 87
0.79637569 -1.0525944 -0.047124296 80
0.91619945 -0.95230192 0.030481612 84
0.89152014 -0.97773933 0.0042433478 78
0.86841255 -1.0015874 -0.02204317 74
0.8674354 -1.0348382 -0.051619619 62
0.97498989 -0.9260006 0.032107677 83
0.95281047 -0.9527142 0.0038389019 92
0.93127441 -0.97814667 -0.023457089 87
0.94324666 -1.0186377 -0.056181792 71
1.0337801 -0.89970058 0.033734307 81
1.0026865 -0.92205924 0.0035745006 82
1.0004416 -0.95468515 -0.025986003 86
1.0187184 -0.99832821 -0.060787234 79
1.0903379 -0.86993378 0.035359792 79
1.0677639 -0.89574885 0.0030863248 52
1.070877 -0.93184924 -0.028529605 11
1.0624844 -0.96238005 -0.065004982 41
1.1389828 -0.83545429 0.03807259 86
1.1274652 -0.86597818 0.0036546809 83
1.1282916 -0.89864922 -0.030962018 77
1.1138428 -0.92702335 -0.069353707 0
1.1904502 -0.80002475 0.039722342 87
1.1776284 -0.82994735 0.0033205042 76
1.1879203 -0.865753 -0.033430636 66
1.1702569 -0.89100808 -0.07380233 65
1.233362 -0.76116204 0.041486364 73
1.2258799 -0.79139614 0.0029905695 75
1.2392975 -0.82721049 -0.035817634 64
1.2406033 -0.85871226 -0.078458831 12
1.2648584 -0.71666896 0.043389399 67
1.2671477 -0.74782455 0.0027265188 65
1.2932118 -0.78674531 -0.037273902 54
1.2301949 -0.79678667 -0.080006793 10
1.325187 -0.67928255 0.045854781 98
1.3122383 -0.70611709 0.0034161136 84
1.3394988 -0.74253875 -0.039637111 82
1.2156783 -0.73520011 -0.081476621 10
1.3718679 -0.63597369 0.047496106 100
1.3715482 -0.66592717 0.0028654349 91
1.4095258 -0.70294845 -0.042375587 76
1.1939098 -0.67395574 -0.081810825 10
1.4137977 -0.59110892 0.049205013 104
1.419765 -0.6210534 0.0024594706 96
1.4586531 -0.65777797 -0.044801753 87
1.1927012 -0.62053114 -0.084424391 10
1.4626946 -0.54493016 0.051771358 104
1.4673394 -0.5742864 0.0020421352 90
1.5099785 -0.60975146 -0.047302812 83
1.2016383 -0.56893623 -0.086200424 10
1.506822 -0.49720857 0.0534054 100
1.5032147 -0.52409256 0.0027958376 98
1.5536948 -0.5579707 -0.049711488 89
1.191267 -0.51333499 -0.087675065 10
1.5557016 -0.44786865 0.05593352 113
1.5513967 -0.47289506 0.0023131447 99
1.6059494 -0.50646061 -0.05227197 83
1.1584427 -0.453731 -0.087791406 9
1.6058131 -0.3960042 0.057408035 105
1.60242 -0.42073548 0.0017671291 102
1.6635638 -0.45207649 -0.054965038 94
1.1446062 -0.40036166 -0.089177258 9
1.6565695 -0.34285992 0.059855539 94
1.656302 -0.36759886 0.0021576018 91
1.7173738 -0.3958151 -0.05761189 94
1.1279484 -0.34794393 -0.089500651 8
1.7082723 -0.28939462 0.062282041 114
1.7092007 -0.31163472 0.001530967 96
1.7797225 -0.33982545 -0.06041022 76
1.1115938 -0.29648495 -0.0908188 8
1.7678709 -0.23430577 0.064545393 103
1.7716033 -0.25560656 0.0017314742 97
1.8452152 -0.28065664 -0.063304596 77
1.0892553 -0.24599506 -0.091016971 8
1.8078387 -0.17426309 0.067104056 110
1.8263791 -0.19583808 0.0010242705 95
1.9059389 -0.21677098 -0.066170372 66
1.0915495 -0.19666155 -0.09364903 9
1.8508649 -0.11411796 0.06827163 124
1.8820101 -0.13247007 0.00091881084 84
1.9567407 -0.15188874 -0.070216238 67
1.0896524 -0.1475686 -0.095461398 9
1.9161249 -0.050764289 0.071328938 104
1.9275854 -0.06737455 0.00031306641 89
2.009228 -0.082341403 -0.072002351 71
1.0613115 -0.098059677 -0.095534347 9
1.9728303 0.016022053 0.07450036 101
1.9851832 -0.00030435791 0.000464196 88
2.0569298 -0.01126375 -0.0757204 63
1.0222347 -0.051137947 -0.09538082 10
2.0320354 0.084705628 0.07660269 101
2.0528731 0.071246415 0.00037643817 83
2.1166532 0.061788015 -0.078681536 58
1.0220276 -0.00370278 -0.096942849 9
2.0874374 0.15526623 0.078751437 113
2.11517 0.14307177 -0.00061641616 79
2.1807709 0.1373802 -0.08275412 22
0.9994027 0.04141067 -0.097068511 10
2.1583445 0.23004465 0.082566515 115
2.1929352 0.22226484 -0.00098120712 86
2.2240255 0.21540171 -0.085476547 17
0.98403025 0.08686655 -0.098331399 10
2.2330036 0.30925798 0.08525876 111
2.2615206 0.30362126 -0.0012052371 95
2.0970128 0.27578667 -0.081883684 8
0.98287737 0.13397992 -0.099874049 10
2.3032146 0.39224195 0.087985672 123
2.3364122 0.38817486 -0.0015831836 86
2.066977 0.34266385 -0.083137557 8
1.0006585 0.18434578 -0.10280185 9
2.3781612 0.48000598 0.091568008 112
2.4280059 0.48261839 -0.0023865313 100
2.0057001 0.40528709 -0.081771776 7
0.96445888 0.22590789 -0.10263981 8
2.4660404 0.57321483 0.094848342 126
2.5107408 0.57828033 -0.0030434809 100
1.9589459 0.4686088 -0.081680328 7
0.92668754 0.2658807 -0.10243057 10
2.5412555 0.66951746 0.098320879 136
2.5959947 0.67902565 -0.0028085329 121
1.948846 0.53592169 -0.082305238 7
0.90092033 0.30781507 -0.10246455 9
2.6442666 0.77420247 0.10218558 148
2.7108841 0.79193348 -0.0042618001 127
1.9040034 0.59672409 -0.082219936 6
0.89503479 0.35332274 -0.1039046 10
2.7570322 0.89065075 0.10672864 136
2.8421741 0.91569209 -0.0051458948 138
1.8616977 0.65627652 -0.082166493 6
0.88157499 0.3962599 -0.10517606 9
2.8839998 1.0150924 0.11191594 150
2.9671049 1.0457399 -0.0059917485 139
1.871462 0.73032391 -0.084238268 6
0.8513962 0.43564129 -0.10510076 9
3.0102904 1.147751 0.11701461 150
3.120101 1.1927092 -0.0065549323 150
1.8607213 0.79953116 -0.08487875 6
0.83479398 0.47857413 -0.10531637 8
3.1675034 1.2983069 0.12333236 143
3.2878885 1.3520883 -0.0075389636 150
1.8130565 0.8562088 -0.084696047 7
0.81031311 0.51672196 -0.10533077 9
3.344564 1.4651072 0.13009049 125
3.4871705 1.533771 -0.0093687028 150
1.8041915 0.92604578 -0.086380579 6
0.77352566 0.55069286 -0.10507129 9
3.5322907 1.6471422 0.1364678 111
3.6990128 1.7345035 -0.010660396 150
1.7824112 0.99045163 -0.086764678 7
0.77771592 0.60066938 -0.10775333 9
3.7360783 1.8473102 0.14433114 137
3.8899751 1.9376531 -0.011603021 137
1.7571486 1.055787 -0.087098241 7
0.7551291 0.63946015 -0.10781225 8
3.9022472 2.043153 0.1519296 92
4.0045009 2.1201317 -0.012906149 62
1.729689 1.1182648 -0.08735773 7
0.7331686 0.6795187 -0.10789889 8
3.9528048 2.1965528 0.15514413 84
3.9890182 2.2500334 -0.01320674 61
1.7290076 1.1951026 -0.089280806 7
0.72883916 0.72660327 -0.1103927 8
3.8976274 2.3034885 0.15684475 83
3.900991 2.3447523 -0.012761453 62
1.6974394 1.2572421 -0.089463912 7
0.70782459 0.76698363 -0.11050194 7
3.817513 2.3966706 0.15716431 87
3.8155015 2.4413955 -0.011387949 64
1.7156584 1.3468293 -0.091888547 7
0.67641503 0.8006677 -0.11034095 7
0.2720305 0.57150161 0.055848733 39
0.22958049 0.5599876 0.012750238 18
0.17803837 0.54435098 -0.027132297 34
0.17119029 0.55547804 -0.071155161 43
0.14424127 0.53237003 0.053589463 19
0.11318632 0.5279116 0.013199362 14
0.094798148 0.52988088 -0.024499074 15
0.11319043 0.55697876 -0.067175604 15
0.073812433 0.52217364 0.051998559 20
0.047527704 0.51934642 0.013502049 15
0.029801508 0.52260882 -0.022224126 14
0.033420719 0.54048252 -0.062518679 14
0.0093852915 0.51295894 0.050285921 18
-0.01748809 0.50888836 0.013815668 14
-0.035803337 0.51090711 -0.019884231 15
-0.036559951 0.52625215 -0.058067989 15
-0.048700459 0.50379074 0.049457323 17
-0.078055523 0.49783337 0.015055593 13
-0.091940619 0.50241822 -0.017756265 12
-0.095500395 0.51682347 -0.053877339 14
-0.10112347 0.49653763 0.047501586 17
-0.12067091 0.49603295 0.014855104 14
-0.14052254 0.49648753 -0.016797656 14
-0.15254876 0.50486392 -0.050690599 14
-0.14656176 0.49061209 0.047402885 19
-0.16894954 0.48914349 0.014819462 13
-0.19442669 0.48453239 -0.014668495 13
-0.20798931 0.49134457 -0.046514038 18
-0.19012447 0.48531637 0.046261624 19
-0.22128293 0.4756034 0.015939189 15
-0.24674258 0.47100589 -0.012549285 14
-0.25524861 0.48165092 -0.043533694 17
-0.24124405 0.47111422 0.044366557 18
-0.25725365 0.47289073 0.015628126 14
-0.27860349 0.47180474 -0.011978114 14
-0.29273656 0.47738534 -0.040797759 16
-0.2775186 0.46618631 0.04408817 17
-0.30044109 0.4635115 0.016529869 14
-0.31075072 0.47040197 -0.0103747 13
-0.3289744 0.47248235 -0.039077226 15
-0.30718359 0.46666953 0.043622784 17
-0.32883728 0.4633683 0.016049175 13
-0.35452822 0.45660481 -0.0084079569 12
-0.36455163 0.46569797 -0.036345515 14
-0.33683094 0.46399054 0.043195914 16
-0.36003867 0.45911255 0.016669972 12
-0.38478187 0.45266989 -0.0078083938 12
-0.39291114 0.46557969 -0.034827497 14
-0.36806858 0.45971018 0.041816976 15
-0.3896856 0.45643386 0.016242512 12
-0.41251758 0.45064637 -0.0072784582 11
-0.42597041 0.45753193 -0.033126626 13
-0.39707297 0.45513725 0.041401241 14
-0.41490221 0.4563202 0.016703095 11
-0.44180712 0.44704503 -0.0057010385 11
-0.45649216 0.45140716 -0.030495536 12
-0.4282749 0.4477075 0.041060261 13
-0.44419292 0.44954562 0.017319547 11
-0.46543416 0.4453598 -0.0052501038 10
-0.48576427 0.44464466 -0.028879682 11
-0.45129466 0.44727772 0.040484417 13
-0.47192863 0.44434735 0.016887832 10
-0.49125859 0.4408167 -0.0047243643 10
-0.5046562 0.44773924 -0.027573777 11
-0.47336763 0.44716924 0.039887182 13
-0.49523416 0.44171515 0.017344277 9
-0.53014147 0.44226173 -0.026042799 11
-0.5026589 0.43722069 0.039542072 12
-0.52104151 0.4340106 0.017908586 9
-0.53093749 0.44318971 -0.0030317779 9
-0.54747981 0.44693384 -0.025785405 10
-0.5203197 0.4396655 0.038832974 11
-0.53902382 0.43740234 0.017193291 8
-0.57857472 0.43005595 -0.023011791 10
-0.5414288 0.43671688 0.038252823 11
-0.57721001 0.43381691 -0.0020756929 9
-0.55372971 0.44521052 0.0383716 11
-0.57461321 0.44010237 0.017806502 8
-0.61352015 0.43403631 -0.021426532 9
-0.57796556 0.43592158 0.037926193 10
-0.61026186 0.43843988 -0.00053268025 9
-0.61143517 0.43710387 0.018511891 8
-0.64875233 0.43263996 -0.019770138 8
-0.6097858 0.43989399 0.03745427 10
-0.65114063 0.42561799 0.00036733234 7
-0.65326136 0.42078665 0.018472176 7
-0.68237668 0.42968386 -0.01712385 8
-0.64202464 0.43725759 0.036159135 9
-0.67954773 0.42746261 0.0019406128 7
-0.68044037 0.4251588 0.018991556 7
-0.71421039 0.42297199 -0.015390215 8
-0.67568678 0.43110549 0.035838004 8
-0.70913488 0.43114677 0.0024223542 7
-0.70627493 0.43327606 0.018350316 8
-0.74438816 0.42223898 -0.013842531 7
-0.70652562 0.42907879 0.035413761 8
-0.74147588 0.42123193 0.0041246312 6
-0.73707902 0.42810047 0.018964902 7
-0.79188913 0.36074132 -0.0082174465 2
-0.74045801 0.41121349 0.034244187 7
-0.78654552 0.36793119 0.0066019893 5
-0.78717107 0.36146817 0.019699793 5
-0.8033883 0.40751144 -0.0096049123 7
-0.78123724 0.36990014 0.032492574 6
-0.79770559 0.41376689 0.0062204106 6
-0.7976886 0.40540966 0.019330774 6
-0.82575619 0.42103627 -0.0093790097 7
-0.79236358 0.41258743 0.033150207 7
-0.82409656 0.41114408 0.006722521 6
-0.82127386 0.41007444 0.019690624 6
-0.85060817 0.4295013 -0.0080456482 7
-0.81564403 0.419467 0.033476382 7
-0.84737754 0.41802442 0.0070480914 6
-0.84453726 0.41379255 0.020056095 6
-0.87787706 0.41708434 -0.0064046266 6
-0.83953375 0.41874254 0.032909077 7
-0.87403768 0.41003746 0.0086220428 6
-0.86874795 0.41719013 0.020441515 5
-0.90296459 0.41386205 -0.0039195097 6
-0.86562145 0.41516098 0.032416157 7
-0.89792687 0.41248807 0.0090132467 6
-0.8941927 0.41171464 0.019960837 6
-0.92749566 0.41820613 -0.0035418798 6
-0.88826042 0.41697308 0.031793077 7
-0.92186683 0.42442438 0.0092834886 6
-0.91715205 0.41764802 0.020290382 5
-0.95195842 0.4130781 -0.0020450619 6
-0.91333348 0.40106571 0.03143838 6
-0.9462958 0.41297212 0.010860404 6
-0.94066858 0.40966627 0.020806774 5
-0.97576106 0.40606844 0.00046384294 6
-0.97081035 0.41415554 0.011276533 5
-0.99861735 0.39620501 0.0019918752 6
-0.99472618 0.40397897 0.012822373 5
-0.99016589 0.41931111 0.021549225 6
-1.0255286 0.41034856 0.0022817678 6
-1.0169919 0.39853272 0.01328454 5
-1.01436 0.41637218 0.021012967 5
-1.0516151 0.41311717 0.0037060534 6
-1.0411854 0.39876887 0.013707664 5
-1.0365911 0.40460226 0.021554386 5
-1.07415 0.40230677 0.005240221 6
-1.0666291 0.39964351 0.015144146 6
-1.060125 0.39978275 0.022029571 5
-1.0995938 0.40318248 0.006675926 7
-1.0914651 0.4017739 0.015552897 5
-1.0872098 0.40854171 0.022393115 5
-1.122128 0.39554715 0.0091687236 7
-1.1210853 0.41495955 0.01690382 7
-1.1091204 0.39582637 0.022939352 5
-1.1443424 0.38379136 0.010707815 7
-1.1410686 0.39656261 0.0174882 6
-1.1345822 0.39668927 0.023373749 6
-1.1681631 0.37676993 0.012214075 7
-1.1245962 0.38954803 0.028290799 7
-1.1658528 0.39238265 0.018974813 6
-1.1613117 0.3981781 0.023821574 6
-1.199018 0.38425913 0.013657144 7
-1.1896741 0.38218722 0.01952072 6
-1.1867399 0.39271781 0.024334813 7
-1.222804 0.37408882 0.016202033 7
-1.1806096 0.39376554 0.028214308 7
-1.2211548 0.38523307 0.020030351 7
-1.2121503 0.38409528 0.024887696 6
-1.2434126 0.35759944 0.017771685 7
-1.2054125 0.38639873 0.02774018 7
-1.2494228 0.38198498 0.021563811 8
-1.2420424 0.38239422 0.024429221 6
-1.2789843 0.36349648 0.020315275 8
-1.2716382 0.36705491 0.02214059 7
-1.2715958 0.37975952 0.024976205 7
-1.3139131 0.36432481 0.021911405 8
-1.2597961 0.37325263 0.027872479 8
-1.3024696 0.36191377 0.023764189 7
-1.2960708 0.36515164 0.025609717 7
-1.3383709 0.34972921 0.023547143 8
-1.2890291 0.36649558 0.027468266 8
-1.3377033 0.36052626 0.025396347 8
-1.3297329 0.36217868 0.026234247 7
-1.3726408 0.34550157 0.025198067 9
-1.3182615 0.35973778 0.027063346 8
-1.3621161 0.34591416 0.027007291 8
-1.359573 0.35416621 0.026855513 8
-1.4027507 0.33529985 0.027852001 9
-1.3547988 0.3589519 0.026709026 9
-1.40178 0.34513748 0.028707404 8
-1.3862185 0.33984697 0.027500981 7
-1.4436485 0.33200034 0.030605422 10
-1.3808186 0.34272537 0.026367741 9
-1.426176 0.32736433 0.030357413 8
-1.4255618 0.33494866 0.028247043 8
-1.472778 0.31579676 0.033317663 10
-1.4131963 0.332791 0.02605634 10
-1.4702529 0.32403597 0.032165457 10
-1.4909952 0.3106806 0.034699041 11
-1.4639237 0.32722312 0.030011455 9
-1.5088736 0.3046304 0.037086532 11
-1.4500041 0.32346639 0.025813684 10
-1.4719968 0.3139247 0.030320473 8
-1.5044726 0.31032383 0.033933625 9
-1.5327885 0.30074954 0.038551066 11
-1.4879992 0.30532873 0.030707464 9
-1.5538462 0.29467049 0.0399937 12
-1.4912416 0.31475186 0.025639573 11
-1.5154318 0.3055281 0.031180557 9
-1.5399438 0.29407629 0.035755493 9
-1.5720468 0.2863926 0.041414518 12
-1.5047081 0.30490428 0.025998162 11
-1.5419005 0.30288669 0.031672977 10
-1.5994275 0.28345644 0.043926705 13
-1.5216578 0.29598776 0.02640537 12
-1.5601182 0.29459614 0.032093957 10
-1.5776302 0.27813348 0.037611317 10
-1.6245939 0.27704021 0.045444489 13
-1.5382862 0.28612429 0.026819026 12
-1.5843552 0.28848758 0.032591488 10
-1.6072431 0.27548942 0.039158072 11
-1.6544943 0.27219364 0.048024405 14
-1.5577894 0.27844644 0.026254214 12
-1.6009839 0.2786245 0.033004623 10
-1.6324095 0.26907316 0.040675569 11
-1.6840732 0.26640078 0.050610557 14
-1.5861523 0.27516317 0.026786996 13
-1.6271142 0.27187467 0.033542898 11
-1.6582016 0.26138943 0.042219982 11
-1.7082587 0.25715709 0.053146943 15
-1.6122999 0.2684004 0.026325515 14
-1.6567109 0.26606858 0.035129178 11
-1.692228 0.25619337 0.043875251 12
-1.7368916 0.24851085 0.054752491 15
-1.6308224 0.25789508 0.026779564 14
-1.6910756 0.26180685 0.035777885 11
-1.7275224 0.25162369 0.045544051 12
-1.7702584 0.24143392 0.057419982 15
-1.6715447 0.25674996 0.02649842 15
-1.7099022 0.24908668 0.036265161 12
-1.7555128 0.24108322 0.047162462 12
-1.80518 0.23278141 0.061134662 16
-1.6989268 0.24746446 0.027090134 15
-1.7540737 0.24572384 0.037071873 12
-1.7945774 0.23524268 0.049912535 13
-1.839798 0.2231687 0.06385579 15
-1.728649 0.23948699 0.02669318 16
-1.7780466 0.23337483 0.038630605 13
-1.8226594 0.22255725 0.051545925 13
-1.9080689 0.22326997 0.068020277 18
-1.7661765 0.2320347 0.026435813 17
-1.8123784 0.22279003 0.039358173 12
-1.8604568 0.21291609 0.053321283 13
-1.9553171 0.21360701 0.071959518 18
-1.7957565 0.21989277 0.027101148 18
-1.8419586 0.21064849 0.040023167 12
-1.9150093 0.2060491 0.056350909 13
-1.9971718 0.20049347 0.075849377 15
-1.8285164 0.20772211 0.02682136 18
-1.9095135 0.20781291 0.042225495 11
-1.9793679 0.2000809 0.059538048 14
-2.0719283 0.19418256 0.081220828 9
-1.8881925 0.20331979 0.026906833 21
-1.96219 0.19840014 0.043254156 11
-2.024081 0.18599166 0.062489241 13
-2.1384168 0.18223487 0.0875213 10
-1.9431012 0.1941991 0.026970036 14
-2.0043836 0.18304583 0.045177877 11
-2.087781 0.17496827 0.065728858 12
-2.2020657 0.16807604 0.092800178 10
-1.9869187 0.18039183 0.026901325 14
-2.0532396 0.16859378 0.046204459 11
-2.169487 0.16418327 0.070276327 10
-2.2890975 0.15444405 0.099476181 11
-2.0285046 0.16311781 0.026838444 13
-2.1147249 0.15409099 0.048449811 12
-2.2185965 0.14438063 0.073375642 10
-2.3773813 0.13827638 0.10620553 12
-2.0957224 0.14982511 0.027166685 14
-2.1774795 0.13703917 0.049749151 13
-2.2945719 0.12603617 0.077920176 11
-2.4741521 0.11924679 0.11511805 6
-2.1540642 0.13215058 0.0273975 14
-2.2436829 0.11776993 0.052136354 10
-2.3664219 0.1048672 0.082429156 12
-2.5560622 0.093626387 0.12185767 7
-2.2212491 0.11253414 0.027805584 11
-2.3190503 0.097506031 0.054693975 11
-2.4622984 0.082944609 0.087362029 12
-3.8905761 0.1854572 0.20971662 14
-2.2941148 0.090991959 0.028336009 12
-2.3785758 0.070998251 0.057058252 11
-2.5423155 0.054791763 0.093101077 12
-3.8663771 0.11766443 0.21316008 81
-2.3571577 0.065389261 0.028748769 13
-2.474149 0.044941071 0.060038194 11
-2.6103117 0.022260033 0.097688466 84
-3.8829598 0.051892079 0.2182823 87
-2.4451909 0.038699366 0.028605904 14
-2.5374458 0.01398816 0.06252382 66
-2.6915817 -0.011602783 0.10252142 24
-3.7857885 -0.016532376 0.2164764 74
-2.5100942 0.0061312513 0.029139824 15
-2.6111579 -0.020495201 0.065234356 63
-2.7734427 -0.049882669 0.10842144 10
-3.7164476 -0.080657579 0.21609677 90
-2.5784643 -0.028667131 0.02976186 75
-2.6867473 -0.058782138 0.068025991 72
-3.7350774 -0.088448137 0.15749243 150
-2.6487286 -0.06728214 0.029465344 60
-2.7718055 -0.10027821 0.071021818 84
-9.8866796 -0.26863343 0.4678351 8
-2.7221208 -0.10906184 0.030263497 64
-2.9270406 -0.14659098 0.076280914 139
-9.7505388 -0.47090864 0.47001922 20
-16.701624 -1.0517461 1.2013166 97
-2.8319671 -0.15596922 0.03072669 86
-3.1167376 -0.20366202 0.083247669 106
-9.5522318 -0.66089028 0.46893466 17
-16.646301 -1.4048469 1.2221607 49
-3.0075259 -0.21152483 0.032262731 93
-3.1853702 -0.25995484 0.085849248 1
-9.4821815 -0.85575342 0.47390574 1
-16.399048 -1.7332442 1.2273725 35
-16.203577 -2.0566571 1.2362342 5
-1.2480264 -0.1540508 0.046350069 1
-1.2632675 -0.15927774 0.039677922 1
-1.2825885 -0.17647806 0.051294766 3
-1.2868056 -0.18009281 0.042413507 3
-1.2764254 -0.19129413 0.051389012 3
-1.2986127 -0.2010043 0.043893542 3
-1.2724599 -0.20579357 0.05251693 3
-1.2656361 -0.20777935 0.042426541 3
-1.2666001 -0.21964984 0.053604476 3
-1.261704 -0.23384045 0.053712793 3
-1.2709386 -0.24443968 0.045008913 3
-1.2517353 -0.24735582 0.054726537 3
-1.2600399 -0.25764784 0.045002677 3
-1.2619323 -0.2698265 0.057201207 3
-1.2012719 -0.24404961 0.041830219 1
-8.728899 -4.4181499 0.90681046 1
-8.6473007 -4.598496 0.91681075 36
-12.165945 -6.9931283 1.3552063 104
-7.0335703 -4.0086484 0.53557056 30
-11.983168 -7.2225699 1.3641423 104
-6.9380817 -4.1431026 0.54073203 44
-11.338257 -7.1369481 1.3140694 17
-8.6118727 -5.5020909 0.11658855 18
-11.03419 -7.2197471 0.53625709 76
-6.8341703 -4.2713385 0.54444402 46
-11.027205 -7.2570796 1.3051945 43
-7.5648479 -5.0087543 0.10870048 15
-7.6717935 -5.0906453 0.37579072 18
-6.7478633 -4.413064 0.55031288 49
-10.821697 -7.4480429 1.3100053 99
-7.5434999 -5.2454548 0.11399975 150
-7.6346483 -5.3113785 0.38452721 150
-6.6426721 -4.5420475 0.55450028 48
-10.644512 -7.6549668 1.3179852 96
-6.0040874 -4.2492266 0.096651897 1
-7.6101823 -5.5496883 0.39515379 125
-6.5455065 -4.6768951 0.55944169 44
-7.692821 -5.6061792 0.94628203 105
-7.290297 -5.5652242 0.12070687 150
-7.401226 -5.6410379 0.39565694 48
-6.4483113 -4.8129592 0.56555629 43
-7.598968 -5.7790928 0.9559412 112
-7.1675043 -5.7304373 0.12473362 137
-7.2222495 -5.7480741 0.3959184 37
-6.3538365 -4.9507937 0.57164282 53
-10.877143 -8.96134 1.4515541 71
-7.0417342 -5.8882418 0.12840652 81
-7.1797132 -5.9805899 0.40667057 53
-6.252141 -5.0809107 0.57616472 56
-7.4623179 -6.1788726 0.98435557 50
-6.1116552 -5.2069917 0.35175341 30
-6.1365781 -5.2000327 0.58025795 4
-7.236588 -6.2373848 0.97687715 17
-2.2214382 -1.4409902 0.047063258 11
-6.8302402 -6.1975002 0.41159588 15
-6.0414104 -5.339797 0.58685482 34
-10.34798 -9.6832762 1.4878632 46
-2.1025562 -1.377363 0.046233114 2
-2.1619332 -1.4288232 0.10493013 9
-5.9258432 -5.4637809 0.59139252 22
-10.166209 -9.9277344 1.4995601 48
-2.0849106 -1.4060228 0.10326505 1
-5.806324 -5.5809765 0.5958035 5
-10.017461 -10.211846 1.5177894 35
-13.747716 -15.017797 2.1954932 41
-13.515872 -15.434366 2.2233789 9
-9.2991991 -10.769505 1.5312092 3
-9.0997276 -11.009091 1.5395557 15
-1.8629543 -1.420943 0.15121025 2
-8.8972158 -11.242407 1.55047 33
-1.8160065 -1.416548 0.14929086 3
-8.67278 -11.449573 1.5579616 36
-1.7795925 -1.4273777 0.14880335 2
-8.5175095 -11.774484 1.5824347 72
-1.7288159 -1.4122232 0.14574544 0
-8.2994671 -12.013883 1.5958579 60
-1.6736121 -1.388207 0.1425207 1
-3.8394954 -5.0375333 0.66535228 1
-1.6389296 -1.3941556 0.14198238 2
-3.6070518 -4.8827581 0.63825089 1
-1.5467176 -1.3238453 0.092479751 1
-1.5931056 -1.3772492 0.13894734 4
-7.4616613 -12.411669 1.5921142 13
-1.4853516 -1.3115406 0.049250487 0
-1.5071299 -1.3132941 0.091637276 3
-1.5543925 -1.3733876 0.13821054 0
-7.0969367 -12.370194 1.5691624 49
-1.4692447 -1.306749 0.090902857 0
-1.5102948 -1.3541839 0.13520762 16
-6.869493 -12.607296 1.5832617 51
-1.4061726 -1.2834827 0.05052964 2
-1.4758235 -1.3530297 0.1346083 4
-3.181891 -5.123404 0.64185488 11
-1.3748156 -1.2854944 0.051027205 9
-1.4040514 -1.3088782 0.090825602 7
-1.4419657 -1.3531433 0.13403887 6
-3.0277224 -5.0710783 0.62958002 84
-1.3425119 -1.2871848 0.051505256 10
-1.3705176 -1.3048697 0.091209434 9
-1.4056445 -1.3450338 0.13232253 8
-2.91644 -5.1156316 0.62927544 75
-1.3102461 -1.2825516 0.051902905 14
-1.3388746 -1.30468 0.090674385 9
-1.3733771 -1.3435754 0.13176046 8
-1.4078659 -1.3792827 0.17480552 1
-1.2798356 -1.2848858 0.052421845 15
-1.3056819 -1.2965627 0.091011941 8
-1.3414133 -1.3443319 0.13123247 8
-1.3852023 -1.4053645 0.17675951 3
-1.2497474 -1.2862734 0.05293439 10
-1.2743796 -1.2922639 0.090430588 8
-1.3079505 -1.3340256 0.12953717 8
-1.3554155 -1.4121417 0.17634566 0
-1.2196519 -1.2853556 0.054969344 10
-1.2438734 -1.2891212 0.091421768 8
-1.2737145 -1.3232871 0.12838984 8
-1.3165164 -1.3903238 0.17301436 4
-1.1867044 -1.269951 0.055190746 13
-1.2119471 -1.2835517 0.090807445 8
-1.2427459 -1.3180457 0.12779027 8
-1.2824515 -1.381933 0.17031355 1
-1.1588247 -1.2773739 0.055801239 9
-1.1825991 -1.2767545 0.090200052 8
-1.2114123 -1.310571 0.12716235 8
-1.2481741 -1.3671546 0.16758068 10
-1.129391 -1.2758991 0.056334626 9
-1.153066 -1.2753288 0.090747036 8
-1.1806674 -1.3035603 0.12560867 8
-1.2159246 -1.358669 0.16495928 2
-1.1011531 -1.2771521 0.057903979 9
-1.1248692 -1.2765977 0.09129668 8
-1.1513839 -1.2991434 0.12495241 8
-1.1861259 -1.3561474 0.16419582 3
-1.0714881 -1.271419 0.058014832 13
-1.0962547 -1.2743609 0.090397194 8
-1.1230756 -1.2991002 0.124165 8
-1.1535668 -1.33775 0.16017492 3
-1.0434959 -1.2671957 0.058364138 14
-1.0691692 -1.2767637 0.090914801 8
-1.0941788 -1.2913857 0.12351907 7
-1.1252509 -1.3376249 0.15963741 3
-1.014503 -1.2626054 0.059776254 14
-1.0411099 -1.2724943 0.091357879 8
-1.0667093 -1.2915462 0.12304103 7
-1.0965261 -1.3352499 0.15811481 3
-0.98733294 -1.2586353 0.060261101 14
-1.0138998 -1.2748474 0.091923654 8
-1.0386113 -1.2872658 0.1225055 7
-1.0681405 -1.3287671 0.15654635 4
-0.95977867 -1.2619365 0.060839958 14
-0.98660976 -1.2835253 0.092581473 8
-1.0120052 -1.2877388 0.12207356 7
-1.0405724 -1.3289182 0.15609863 4
-0.93219918 -1.2588979 0.062350452 14
-0.95940089 -1.2763861 0.093043253 11
-0.98384905 -1.2897369 0.12262803 8
-1.0125347 -1.3277502 0.15460315 4
-0.9054274 -1.2602261 0.062902488 14
-0.93207622 -1.2732601 0.09352006 11
-0.95709276 -1.2973627 0.12325255 8
-0.98459399 -1.3265244 0.15409164 5
-0.87840378 -1.2561526 0.064375035 13
-0.90506935 -1.2723721 0.093032703 11
-0.93041337 -1.2955251 0.12275734 9
-0.95694607 -1.3275293 0.15361637 6
-0.84998691 -1.2653905 0.066001073 9
-0.87765366 -1.2693201 0.093519062 11
-0.90327799 -1.2947265 0.12227987 9
-0.92918909 -1.3223346 0.15207383 6
-0.82378387 -1.2586002 0.066466056 9
-0.84976643 -1.2767352 0.095139377 9
-0.8757388 -1.2980398 0.12285489 9
-0.90203238 -1.3183985 0.15056351 7
-0.79622388 -1.2587297 0.068005539 9
-0.82323521 -1.2677212 0.094579458 8
-0.84826082 -1.2887045 0.12227484 9
-0.87451738 -1.3153863 0.15006417 8
-0.76836979 -1.2566519 0.068513647 9
-0.79632825 -1.265965 0.095107384 8
-0.82072693 -1.2888547 0.12181649 8
-0.84766251 -1.3104948 0.14855182 9
-0.74210811 -1.2498275 0.069987856 9
-0.76909852 -1.2651559 0.095642567 8
-0.79514223 -1.280163 0.12127721 8
-0.82046968 -1.3065361 0.14804645 9
-0.71260881 -1.2556334 0.071571112 9
-0.74120891 -1.2662276 0.097191557 8
-0.76726931 -1.2812477 0.12182628 8
-0.79227239 -1.3117427 0.14764287 8
-0.68473554 -1.2567177 0.07212092 9
-0.71367651 -1.2632041 0.097693935 8
-0.73939693 -1.2823316 0.12237575 8
-0.76540148 -1.3068373 0.1471315 9
-0.65720534 -1.2505188 0.073583215 9
-0.68614435 -1.2601796 0.098196723 8
-0.71088046 -1.2853097 0.1229393 9
-0.7372427 -1.3057196 0.14664784 9
-0.62804687 -1.2522155 0.075120509 9
-0.65764618 -1.2599961 0.098720424 8
-0.683043 -1.283246 0.12244941 9
-0.70942253 -1.3036681 0.14515801 9
-0.59856695 -1.2548592 0.076665036 10
-0.63009769 -1.2569587 0.1002238 8
-0.65586865 -1.2761257 0.12190583 9
-0.68255073 -1.2987634 0.14464791 9
-0.57007086 -1.2515012 0.078149118 10
-0.60061526 -1.2627777 0.10080926 9
-0.62672728 -1.2778357 0.12244388 9
-0.6534453 -1.2973243 0.14414558 9
-0.54107189 -1.2522082 0.079694234 10
-0.57195801 -1.2593764 0.10230543 9
-0.60064381 -1.2700351 0.12292446 9
-0.62578946 -1.2911085 0.14361869 9
-0.51257628 -1.2488505 0.081180528 10
-0.54283512 -1.2579248 0.10280549 9
-0.57055581 -1.2714238 0.12344488 9
-0.5963431 -1.2937784 0.1431659 10
-0.48247361 -1.2470517 0.083660863 15
-0.51176542 -1.2621409 0.10434681 9
-0.54177201 -1.2690378 0.12293856 9
-0.56884652 -1.2876055 0.14263204 9
-0.45270911 -1.2443191 0.085135035 17
-0.48618299 -1.2502748 0.10477236 12
-0.50941449 -1.2770416 0.1245076 10
-0.53877527 -1.2890074 0.1421534 10
-0.42264208 -1.2393709 0.086576082 17
-0.45225406 -1.2566881 0.10629545 14
-0.48417062 -1.2642418 0.12392677 12
-0.50933135 -1.2885031 0.14266126 10
-0.39352217 -1.2347444 0.088037401 16
-0.42379409 -1.250181 0.10674313 14
-0.45474562 -1.2605751 0.12439481 13
-0.47895724 -1.2876892 0.14214997 11
-0.36023891 -1.2360899 0.090507291 11
-0.39243969 -1.2490207 0.10821232 13
-0.42598057 -1.2550277 0.12384982 13
-0.45083618 -1.2802486 0.1415911 11
-0.32954705 -1.2298738 0.091923021 11
-0.36046097 -1.2465917 0.10965529 10
-0.38885468 -1.2645724 0.12636171 10
-0.42081895 -1.2753395 0.14003368 11
-0.29722944 -1.2283782 0.094373308 11
-0.33007222 -1.2425903 0.11110485 10
-0.36266378 -1.2514511 0.12576278 10
-0.39239502 -1.2656832 0.13944213 11
-0.26269698 -1.2271868 0.096791282 15
-0.29845035 -1.236066 0.11150174 10
-0.32943287 -1.2496604 0.12619379 10
-0.36332694 -1.2579211 0.13886476 10
-0.23041482 -1.2225429 0.09820237 16
-0.26488096 -1.2352087 0.11294007 10
-0.29779273 -1.2462976 0.12663135 10
-0.33105949 -1.2564646 0.13831609 10
-0.1978129 -1.2156711 0.10058019 17
-0.22811458 -1.237483 0.11536653 11
-0.26584911 -1.24072 0.12703587 10
-0.29974058 -1.252156 0.13874708 11
-0.16488956 -1.2097464 0.10296535 12
-0.19617355 -1.2287301 0.11673114 14
-0.23133302 -1.2395415 0.12845524 11
-0.26749206 -1.2475371 0.13815898 11
-0.13294819 -1.2009932 0.10433064 12
-0.16742939 -1.2168469 0.11710854 11
-0.19588751 -1.238054 0.1288555 11
-0.23172417 -1.246997 0.13856594 12
-0.097471125 -1.1963062 0.10769078 12
-0.13357569 -1.2106136 0.11847495 11
-0.16684081 -1.2239553 0.12919964 11
-0.19981621 -1.23827 0.13793157 12
-0.055971958 -1.1969721 0.11002066 13
-0.096846998 -1.2065641 0.12082272 11
-0.13523743 -1.2142693 0.12955888 11
-0.16790809 -1.229544 0.13729766 12
-0.025301017 -1.1844202 0.11235978 13
-0.059187926 -1.2022059 0.12215152 12
-0.097560018 -1.2130729 0.13092782 11
-0.13950212 -1.2167269 0.1366694 11
0.011087483 -1.1762623 0.11466161 13
-0.025015058 -1.1937441 0.12448576 12
-0.057989206 -1.2112339 0.13225782 12
-0.10153851 -1.2133278 0.13700537 12
0.052584559 -1.1737536 0.11795264 13
0.011356329 -1.1855994 0.12578812 11
-0.023224087 -1.2015295 0.13256623 12
-0.064859614 -1.2093171 0.136355 12
0.091204576 -1.165887 0.12122279 14
0.05219344 -1.1812103 0.12806602 12
0.0099502737 -1.1902535 0.13288112 12
-0.02977309 -1.2005599 0.13667053 12
0.13044892 -1.1567516 0.12446687 14
0.089189515 -1.1717966 0.1293429 12
0.05521987 -1.189647 0.13413481 12
0.0043316563 -1.1889752 0.1359662 12
0.17255194 -1.1498126 0.12769274 14
0.12873933 -1.1636207 0.13159445 13
0.085516594 -1.173012 0.1344292 12
0.046726041 -1.186184 0.13623929 13
0.22005086 -1.1463219 0.13087481 79
0.17050436 -1.1557488 0.13381404 14
0.12823075 -1.1679931 0.13566945 13
0.084653027 -1.1764625 0.13649735 13
0.25736463 -1.1315061 0.13407944 15
0.21321608 -1.1475557 0.13601457 78
0.17317589 -1.1632646 0.13787755 14
0.12861842 -1.1720812 0.13672535 14
0.30960089 -1.127526 0.1383985 77
0.25716445 -1.1379548 0.13838717 79
0.21424854 -1.1514786 0.13926087 14
0.16744345 -1.1600156 0.13613269 14
0.35772139 -1.1195936 0.14252435 74
0.29828298 -1.1250156 0.14156199 77
0.25501519 -1.1407933 0.13946946 14
0.21013859 -1.1518363 0.1373421 80
0.41061082 -1.1132029 0.14759353 73
0.35242665 -1.1224375 0.14465897 75
0.30596226 -1.1350837 0.14157772 73
0.2470656 -1.1361268 0.13654867 15
0.46251792 -1.1039842 0.15164284 66
0.40623051 -1.1157509 0.14770953 69
0.35054818 -1.1230866 0.14370917 75
0.29671165 -1.1298182 0.13667031 80
0.51472843 -1.0925505 0.15565957 73
0.45494115 -1.1034015 0.15077075 69
0.39574301 -1.1098341 0.1448151 71
0.34826726 -1.1228533 0.13775349 72
0.56345296 -1.0770142 0.16068113 62
0.51000959 -1.0941648 0.15476973 71
0.45588884 -1.1062735 0.14780419 78
0.4004477 -1.1146203 0.13881102 72
0.62613022 -1.0683544 0.16556554 66
0.55997032 -1.0792792 0.15777965 72
0.50613827 -1.0923594 0.1488211 75
0.4430545 -1.0969809 0.13790326 80
0.68818015 -1.0577885 0.17143676 72
0.61562985 -1.0656261 0.16071376 78
0.55067104 -1.0740519 0.14987503 78
0.50029004 -1.0880871 0.13887188 71
0.7451219 -1.0415728 0.1763189 79
0.6786105 -1.0547513 0.16556627 73
0.60759902 -1.0610242 0.1527971 79
0.5470221 -1.0700961 0.13889441 83
0.81127781 -1.0274931 0.18308051 74
0.73678774 -1.0391868 0.16843675 78
0.67022526 -1.0492283 0.15564357 77
0.60264897 -1.0564686 0.1398299 86
0.88186395 -1.0140206 0.18977922 68
0.80512643 -1.0254356 0.17316741 91
0.73060173 -1.0339804 0.15748285 82
0.66365272 -1.0431269 0.14068292 90
0.9444831 -0.99270087 0.1955069 84
0.86392641 -1.0054287 0.17697284 70
0.79383439 -1.0177549 0.16026449 90
0.72496027 -1.02757 0.14150351 91
1.0166218 -0.97447664 0.20212151 79
0.92685097 -0.98506844 0.18170816 88
0.85356456 -0.99743843 0.16305114 89
0.78244323 -1.0069758 0.14232211 94
1.0827216 -0.95091146 0.20876624 28
0.99356174 -0.96342224 0.18636668 97
0.91994059 -0.97803295 0.16574305 83
0.84848309 -0.98981088 0.14304733 95
1.1475345 -0.92355925 0.21538414 61
1.0545397 -0.93739533 0.19006237 59
0.9789924 -0.95267421 0.16747755 103
0.90781236 -0.96546561 0.14375529 81
1.1900499 -0.887025 0.21915656 55
1.1204909 -0.91090637 0.19453828 67
1.0379059 -0.92442113 0.17000026 90
0.96894175 -0.94064832 0.14433466 98
1.234133 -0.84890229 0.223911 50
1.163946 -0.87398106 0.1973969 63
1.0978665 -0.89554739 0.17176992 75
1.0253952 -0.91085184 0.14416385 66
1.2779596 -0.8096202 0.22883563 42
1.2067953 -0.83504784 0.20033863 58
1.1432216 -0.85789204 0.17268467 81
1.08851 -0.88195288 0.14490226 81
1.3246238 -0.76937115 0.23370521 16
1.2442313 -0.79267758 0.20232598 63
1.1904849 -0.81957877 0.17456384 75
1.1357427 -0.84366608 0.14477992 96
1.4372805 -0.74572212 0.24573499 10
1.2838967 -0.75059664 0.20528387 47
1.2266369 -0.77659637 0.17556408 81
1.1864576 -0.80630732 0.14461729 82
1.4522011 -0.69303811 0.24796152 0
1.3708199 -0.71988344 0.2126369 56
1.2716469 -0.73482656 0.17644067 69
1.2235241 -0.76302892 0.14359963 87
14.106775 -3.5000987 1.456908 71
1.4227979 -0.67682558 0.21635321 74
1.3245335 -0.69469398 0.17813703 54
1.2642958 -0.71863163 0.1423936 80
7.9861684 -1.9081215 0.87678552 3
1.483307 -0.63412839 0.2208315 71
1.3957266 -0.65581179 0.18163212 100
1.3302852 -0.68054825 0.14314954 95
14.456885 -2.8708782 1.5073313 5
1.5407885 -0.5894227 0.22571781 56
1.4422182 -0.60949135 0.18352038 89
1.3826203 -0.6353119 0.14378218 102
9.6234226 -1.7600173 1.0410113 31
1.5974271 -0.54029268 0.22911377 27
1.4994282 -0.56230497 0.18497798 85
1.4343663 -0.58789861 0.14235507 107
8.8958874 -1.4226241 0.97651488 1
1.6598623 -0.49052894 0.23348415 14
1.5456841 -0.5117228 0.18659841 88
1.4862896 -0.53857476 0.14189917 99
2.6033163 -0.49528062 0.36732811 7
1.7226168 -0.43853775 0.23882197 4
1.6036572 -0.46137798 0.18903333 85
1.5353537 -0.48705369 0.14146209 106
13.221789 -1.3719763 1.4141643 90
1.7936049 -0.38585442 0.24501899 1
1.6619333 -0.40881741 0.19143581 85
1.5809349 -0.43460363 0.1410702 110
12.968862 -1.0419258 1.3981142 89
8.8811016 -0.90914351 0.82636321 4
1.7236747 -0.35402468 0.19375455 97
1.6448593 -0.38014027 0.14135697 97
12.734066 -0.72471023 1.3839331 93
12.869713 -0.92321491 1.1562681 92
1.7844334 -0.29648685 0.19599645 89
1.6951159 -0.32310644 0.14071828 105
2.8697882 -0.18938756 0.40297821 1
12.632583 -0.60422093 1.1370825 95
1.8400977 -0.23661491 0.19920543 90
1.757403 -0.26405346 0.14192328 112
2.9396746 -0.1054166 0.41285661 54
2.8763785 -0.15386702 0.33553791 31
1.8985978 -0.17228462 0.20159072 85
1.808908 -0.20106803 0.14143483 104
3.0412228 -0.017900623 0.4263061 55
2.9927452 -0.066623986 0.34575 56
1.9545742 -0.1066893 0.20500429 92
1.85566 -0.13652588 0.14100602 113
3.1383173 0.073388979 0.43978584 50
3.0881896 0.026184697 0.3552351 53
2.0108352 -0.038888998 0.20738812 97
1.9289857 -0.069277897 0.14211895 109
3.2493191 0.1704791 0.4549751 49
3.1956496 0.12097553 0.36550891 47
2.0756295 0.031819612 0.21060143 103
1.9760333 0.00065792137 0.1426224 96
3.3545973 0.27196848 0.47020692 50
3.3087642 0.22403613 0.37659353 52
2.1464202 0.10668942 0.21466979 100
2.0461514 0.074201956 0.14370351 103
3.4778805 0.37948737 0.4870066 54
3.4275322 0.33200961 0.38839808 49
2.2218969 0.18611659 0.21945903 108
2.1086075 0.15127416 0.14370172 102
9.773221 1.3005189 1.1629303 71
3.4933383 0.43975347 0.39633101 12
2.3000433 0.26947334 0.22469342 53
2.1769264 0.23233098 0.1451094 100
9.6955137 1.5280617 1.1679376 76
9.7292538 1.442729 0.93042374 108
2.3794339 0.35671213 0.22931245 76
2.2546763 0.31788149 0.14675371 96
9.6200466 1.7533863 1.1701256 75
9.6527157 1.6768014 0.92951423 109
2.4646397 0.44760391 0.2347395 56
2.3318765 0.40702489 0.14732465 106
10.514644 2.1696625 1.2815477 42
10.545588 2.0901263 1.0109934 119
2.5469425 0.54380918 0.24023017 44
2.4125364 0.50160933 0.14870653 112
10.319823 2.3843977 1.2710688 123
10.376012 2.3241274 1.0033646 114
2.6456764 0.64768982 0.2455669 38
2.5165851 0.60516 0.15096284 118
10.15804 2.6022251 1.265257 88
9.5959692 2.4058332 0.94177181 2
2.755197 0.76083678 0.25320178 20
2.6048598 0.71221167 0.15223002 136
9.9897451 2.8175464 1.2604032 125
10.014057 2.7667053 0.98567808 11
2.9045291 0.89079976 0.26322258 9
2.7168524 0.83051002 0.15597712 118
9.8240671 3.0284715 1.2564598 123
9.8609686 2.9903352 0.98031646 120
3.0513642 1.0283679 0.27311853 7
2.8525381 0.96318519 0.15911107 148
9.6711226 3.2363193 1.2532429 122
9.6946697 3.2063086 0.97520679 117
3.1965921 1.1738443 0.28393745 1
2.9916699 1.1044295 0.16307995 131
9.5181971 3.4410071 1.2500648 77
9.5362997 3.4175804 0.97002977 68
5.1728702 1.9406826 0.41156346 24
3.1453085 1.2589989 0.16764916 150
9.3625641 3.6381528 1.2470365 110
9.3926554 3.6260304 0.96566898 115
9.4192619 3.6243613 0.68722248 56
3.3337226 1.4357766 0.17438675 136
9.2122135 3.8408039 1.2445098 109
9.2266455 3.8341568 0.96141988 68
8.8209085 3.6729167 0.65303236 4
3.5462313 1.6372406 0.18151927 120
9.0698814 4.0388002 1.2436816 113
9.0659304 4.033205 0.95683527 67
8.921155 3.9785287 0.6647886 13
3.7589121 1.8510052 0.18845177 143
8.917634 4.2317467 1.242697 100
8.9247122 4.2372751 0.95546174 115
8.9118643 4.248703 0.67052567 108
3.9304433 2.0611608 0.19450256 80
4.7822576 2.5646315 0.74116677 0
8.7798557 4.4387674 0.95601141 106
8.7515135 4.449194 0.66723704 98
3.9811068 2.2261188 0.19700873 89
4.6764255 2.6649804 0.7384873 0
5.5625896 3.1173983 0.65464121 74
5.5253215 3.1188624 0.45615065 119
3.8967731 2.331151 0.19492909 77
4.5836058 2.7700186 0.73653358 1
5.4779 3.254565 0.65414095 44
5.4292402 3.2553296 0.45483994 116
3.8181608 2.4346926 0.19278277 76
4.508472 2.8821645 0.73837745 1
5.3751512 3.3826203 0.65288079 41
5.3216786 3.38814 0.45224082 117
0.24492672 0.56539857 0.062957413 57
4.4254904 2.9896276 0.73799461 2
5.2604418 3.5056157 0.64961725 31
0.17305739 0.5516839 0.098086514 62
0.11972506 0.52905947 0.059229795 16
4.3294024 3.0888567 0.73601562 2
0.18452843 0.58542478 0.13649464 63
0.097726591 0.53979212 0.0934681 14
0.047267463 0.51815742 0.056551442 14
4.2645507 3.2083838 0.73963761 2
0.10161051 0.5677712 0.12906505 12
0.024038237 0.52635932 0.089830525 12
-0.022582805 0.50604504 0.05483029 13
0.20255417 0.65945655 0.18128312 7
0.025425455 0.5492602 0.12352195 12
-0.035395116 0.51777768 0.086892128 12
-0.07317473 0.50258261 0.052684687 14
0.08651419 0.6146751 0.16671346 4
-0.044757426 0.53172922 0.11786995 10
-0.099864773 0.50220031 0.083123982 10
-0.13162807 0.49117357 0.050766893 14
0.0096737733 0.59169501 0.1582375 8
-0.099460818 0.52156401 0.11287666 9
-0.15168764 0.49302432 0.080073111 10
-0.18403555 0.4807559 0.04974262 14
-0.053535443 0.57544351 0.15146057 8
-0.15347917 0.50951749 0.10889921 9
-0.19779623 0.48579109 0.077907525 11
-0.22666299 0.47576842 0.048492432 15
-0.10819273 0.56211549 0.14650927 7
-0.19990773 0.50005758 0.10576694 9
-0.2397971 0.47889924 0.075671449 11
-0.27274022 0.46539333 0.047366455 16
-0.17801401 0.53411883 0.13798819 9
-0.23940484 0.49506602 0.10246577 9
-0.27517164 0.4774355 0.074259117 10
-0.29864746 0.47031629 0.046720561 16
-0.22697712 0.51956791 0.13296095 13
-0.27824482 0.48819768 0.10017814 9
-0.30643788 0.47631234 0.072776429 10
-0.32989755 0.46920696 0.046237465 15
-0.26961836 0.50822818 0.12879112 13
-0.3066698 0.48803926 0.098637424 9
-0.34588793 0.46502003 0.070555381 11
-0.37185124 0.45601916 0.045080904 14
-0.30563346 0.50231528 0.12544511 15
-0.33730885 0.48501337 0.096168526 9
-0.37933639 0.4578844 0.069184683 11
-0.40119231 0.45239702 0.044599216 13
-0.33659306 0.49706346 0.12200975 15
-0.37708047 0.47149909 0.092980564 10
-0.40712121 0.45584065 0.067657247 11
-0.43053406 0.44877908 0.044117052 13
-0.36375013 0.49628624 0.12045567 15
-0.40454349 0.46850863 0.091460086 10
-0.43456861 0.45286483 0.067136414 10
-0.46205834 0.43914494 0.043747611 12
-0.39344242 0.49041402 0.11700745 14
-0.43011263 0.46616346 0.089900762 10
-0.46139094 0.44798592 0.065629892 10
-0.48414594 0.43904579 0.043103699 11
-0.4196524 0.48678836 0.11447452 14
-0.45757619 0.46000379 0.08742068 9
-0.48410898 0.44661829 0.065011948 9
-0.50404799 0.44179955 0.042386465 11
-0.44335052 0.48508021 0.11287497 13
-0.47969407 0.45989457 0.086774677 9
-0.49929628 0.45414209 0.065156221 9
-0.46905109 0.48057115 0.11135891 13
-0.49971208 0.46048495 0.086101346 9
-0.5471012 0.43880901 0.042125393 10
-0.4949767 0.47281474 0.10787135 12
-0.54645967 0.44446608 0.063047029 9
-0.56919116 0.43554959 0.04251891 10
-0.51709872 0.46952897 0.10626541 12
-0.54331315 0.45519429 0.083862767 8
-0.5837369 0.44117966 0.042676747 10
-0.53764743 0.4678326 0.1046137 11
-0.58153778 0.44841254 0.062552869 8
-0.55281943 0.47219488 0.10479802 11
-0.57367218 0.46390587 0.08323162 8
-0.62571716 0.43116623 0.04147362 9
-0.62226665 0.43776038 0.060337994 8
-0.59390044 0.46246317 0.10057635 10
-0.61284423 0.45800483 0.080929868 7
-0.65667081 0.43546131 0.041908953 9
-0.65071571 0.4471263 0.060667358 8
-0.62454939 0.46579817 0.10001924 10
-0.6460126 0.45625496 0.079478741 7
-0.68415684 0.44516128 0.043218564 9
-0.68385249 0.44222769 0.060256746 8
-0.65961236 0.46023247 0.097647391 9
-0.6766457 0.45642766 0.078962117 7
-0.72355479 0.42440984 0.042113636 8
-0.71416461 0.44145316 0.059747066 7
-0.68461066 0.47181544 0.0968922 9
-0.70729423 0.45658714 0.077445254 7
-0.7547664 0.41700402 0.042704813 7
-0.74383467 0.44195995 0.06021025 7
-0.7152434 0.46881261 0.095416211 9
-0.73978961 0.44661999 0.07608968 6
-0.77846473 0.42798632 0.043936521 7
-0.77254188 0.43645018 0.059736442 7
-0.76156092 0.41503951 0.086850241 7
-0.76944441 0.44078943 0.075634904 6
-0.80778229 0.41804647 0.043529991 7
-0.79813427 0.44361588 0.060047284 7
-0.77647817 0.45013458 0.090628013 8
-0.79128021 0.45873711 0.076745465 6
-0.83396953 0.41762084 0.043949317 6
-0.82743663 0.43051451 0.059681468 5
-0.79861915 0.46586722 0.091772139 8
-0.81685692 0.46274152 0.077097014 6
-0.86075139 0.41277868 0.045435701 6
-0.85298181 0.42819437 0.060115088 5
-0.82856363 0.44830972 0.089474119 7
-0.84399098 0.45881981 0.07657633 5
-0.88504463 0.41299486 0.045816049 6
-0.87947434 0.4223789 0.059608825 5
-0.85513258 0.43928948 0.087009296 7
-0.87149119 0.44949153 0.075130381 5
-0.90997726 0.40243992 0.046346243 6
-0.90318626 0.42385864 0.060962163 5
-0.879731 0.43411478 0.086464792 7
-0.89580059 0.45286974 0.075469196 6
-0.93396544 0.40804568 0.047650781 6
-0.92780048 0.4250221 0.061334532 5
-0.90405619 0.44065529 0.08676219 7
-0.92136151 0.4537119 0.075860567 6
-0.95955759 0.42156205 0.049876589 6
-0.95270395 0.42398301 0.062740162 5
-0.92834973 0.44087121 0.087141648 7
-0.9472124 0.44917747 0.076326601 5
-0.98479772 0.4278073 0.052191783 7
-0.97666031 0.42008966 0.063167788 5
-0.95264304 0.43473676 0.085603639 7
-0.97149026 0.44305632 0.075788178 5
-1.0090591 0.42487371 0.053611439 7
-1.0006175 0.41937158 0.064553566 5
-0.97629458 0.43305817 0.085997157 7
-0.99671489 0.43978968 0.076227017 5
-1.0352308 0.42446136 0.055027578 7
-1.0287455 0.43414065 0.066801354 6
-1.0015502 0.43611535 0.086353332 7
-1.0212977 0.43780309 0.07763882 5
-1.0591565 0.41741976 0.056495119 7
-1.051403 0.42329749 0.067298703 6
-1.0287318 0.45120543 0.088581666 7
-1.0478214 0.44466183 0.078964554 6
-1.0875584 0.42365023 0.058858436 7
-1.0811045 0.43647829 0.069591053 6
-1.0545988 0.44983307 0.089004658 8
-1.0723892 0.43316409 0.078499779 5
-1.1076486 0.40840432 0.060372934 6
-1.1034257 0.4215253 0.070136376 6
-1.0836582 0.46111932 0.09131144 8
-1.1055889 0.45678923 0.082709596 6
-1.1417799 0.42537183 0.06368424 7
-1.1292609 0.42017898 0.072558112 6
-1.1085625 0.45055559 0.08983884 8
-1.131119 0.4513073 0.083180271 6
-1.1650324 0.41328669 0.066206224 8
-1.1582731 0.4219794 0.074987829 6
-1.1309148 0.43875167 0.089342535 8
-1.1550291 0.43792862 0.083729021 6
-1.1927453 0.40813655 0.06870655 7
-1.1917313 0.43072855 0.078395449 7
-1.1555336 0.42828554 0.089859247 8
-1.1806102 0.43030351 0.084222302 6
-1.2278429 0.41631603 0.072139665 8
-1.2147455 0.41552696 0.078946747 7
-1.1925058 0.44429073 0.093224518 8
-1.2156413 0.43746361 0.087673441 7
-1.2533108 0.40453714 0.07469032 8
-1.2408702 0.4056285 0.080482759 7
-1.2154845 0.42804423 0.091794461 8
-1.2395512 0.42408493 0.088220417 6
-1.2825974 0.39779842 0.077233814 8
-1.2800107 0.41562888 0.084959827 8
-1.2393948 0.41466528 0.092341311 8
-1.2666385 0.41385272 0.088775143 6
-1.3185289 0.39832774 0.081785083 9
-1.3038898 0.3991009 0.086547256 8
-1.2753731 0.41833007 0.09485174 9
-1.306069 0.41847587 0.0933268 7
-1.3452332 0.38402578 0.085387252 9
-1.3433042 0.40056202 0.091139875 8
-1.3049964 0.40935057 0.095428795 9
-1.3296423 0.40098801 0.093921535 7
-1.3533417 0.38977093 0.091436863 7
-1.3852741 0.3842195 0.090005815 9
-1.3697184 0.38528666 0.092749521 8
-1.3381025 0.4044787 0.097005695 10
-1.3681099 0.39959458 0.097536162 7
-1.4154608 0.37084964 0.09364903 10
-1.4144944 0.38705209 0.098420553 9
-1.3705513 0.39455011 0.098638482 10
-1.3919888 0.37989211 0.098164096 7
-1.4554583 0.36473405 0.099344134 11
-1.4440649 0.37177837 0.10106528 9
-1.4029204 0.3846193 0.10009306 11
-1.4356031 0.37878123 0.10139853 8
-1.4966862 0.35701352 0.1042958 12
-1.4101553 0.36935279 0.09878017 10
-1.4779799 0.35810301 0.10385785 10
-1.5196308 0.35357442 0.10752321 12
-1.4302952 0.36683103 0.10005064 11
-1.470368 0.36706087 0.10463947 8
-1.4999553 0.35505685 0.10624172 9
-1.539416 0.347027 0.10992365 11
-1.4558648 0.36782557 0.10240817 11
-1.4894925 0.36068648 0.10596247 8
-1.5275198 0.3540785 0.10955929 9
-1.5679075 0.34564433 0.11423532 11
-1.4814836 0.36744404 0.10468578 12
-1.5114173 0.35627839 0.10826274 9
-1.5514797 0.35013855 0.11291555 9
-1.5978513 0.34398261 0.11865857 11
-1.4961654 0.35721779 0.10508505 12
-1.5371643 0.35290748 0.11084341 7
-1.5794376 0.34708536 0.11653069 9
-1.6334178 0.34470013 0.1233384 10
-1.5233337 0.35551232 0.10759053 12
-1.5621283 0.34876248 0.11323792 8
-1.6094637 0.34546354 0.11996087 9
-1.6725821 0.34528938 0.1298683 5
-1.544512 0.34947884 0.10895468 13
-1.5908864 0.34651494 0.11665819 7
-1.6508733 0.3495065 0.12547541 8
-1.5703951 0.34596026 0.11239243 14
-1.6199063 0.34297284 0.12020264 7
-1.6893207 0.34911293 0.13220285 3
-1.5934011 0.33923107 0.11383692 14
-1.6530087 0.34129447 0.12473798 8
-1.7290524 0.34836483 0.13782889 0
-1.6236778 0.33532697 0.11635727 14
-1.7035252 0.34745184 0.13044073 5
-24.94467 11.470326 3.6127977 96
-1.6539547 0.33142218 0.11887737 15
-1.7334498 0.33945146 0.1340092 1
-24.843002 10.761422 3.6083941 63
-1.6975083 0.33254138 0.12353242 15
-25.089806 11.298018 3.5227456 95
-25.267807 10.289801 3.6866961 86
-1.7341019 0.32862258 0.12713555 5
-24.961201 10.572618 3.4866512 94
-24.796528 9.4637938 3.6090987 35
-1.780803 0.32758096 0.13090499 0
-24.811207 10.854409 3.2879169 57
-25.266924 10.041431 3.5110488 33
-24.236237 8.6353064 3.5330553 21
-25.204069 10.357203 3.3203158 99
-26.203573 9.7583952 3.64551 34
-27.085775 9.0365858 3.9843478 40
-25.937504 9.9839993 3.405045 100
-26.822952 9.3208609 3.7336736 86
-21.535971 6.5727673 3.1557713 66
-25.519079 10.098307 3.1038136 31
-26.544991 9.5217447 3.4682989 70
-21.71546 6.9112434 3.003567 19
-21.782848 6.1332273 3.2100756 104
-24.410742 8.0977249 3.1682713 6
-21.525303 6.3168263 2.9833038 112
-22.37752 5.7753863 3.3259656 34
-21.50946 6.5362821 2.774462 101
-22.015667 5.9428191 3.0577071 128
-22.218258 5.221941 3.3203027 7
-21.805908 6.0957646 2.806859 114
-22.763123 5.6130896 3.1730862 15
-21.639723 6.2358193 2.5328188 102
-22.289686 5.6987939 2.8655219 5
-23.018959 5.1414409 3.2196484 10
-22.145115 5.8397641 2.577337 68
-29.71003 6.9856024 3.8505909 28
-23.921923 4.8009086 3.3611946 23
-21.764797 3.636313 3.3182421 6
-25.190876 6.0679121 2.9249318 14
-29.391459 6.2028327 3.8000438 10
-24.404495 4.3410058 3.4460745 89
-21.41069 3.1043751 3.2836888 6
-30.284821 6.6156206 3.5142059 85
-24.016113 4.4509425 3.0840349 9
-24.998837 3.8825068 3.5398302 81
-18.164017 2.2004361 2.7865796 7
-29.665216 5.7367268 3.4229617 36
-25.158655 4.0679121 3.2366076 7
-25.628391 3.393755 3.6468558 65
-3.8430653 0.22188909 0.49167785 5
-31.805817 5.3983402 3.6608853 24
-25.513552 3.5345955 3.2844586 43
-17.9993 1.9155842 2.5360005 97
-3.8061018 0.1530405 0.48922566 93
-31.654268 4.6049886 3.6191928 7
-18.081736 2.0257342 2.2961371 90
-3.8042781 0.17330596 0.44563073 90
-3.8116958 0.088831939 0.49387667 95
-18.106398 2.1088798 2.0272889 45
-3.8134472 0.18880765 0.40353715 93
-3.8038449 0.10691472 0.4485167 104
-3.7550673 0.02138417 0.48901197 73
-3.8242304 0.20267932 0.35848677 88
-3.7909176 0.11931938 0.40216377 100
-3.8321357 0.041371357 0.45578304 91
-3.7088614 -0.043246072 0.48625213 101
-3.795078 0.12907547 0.35407847 94
-3.8331375 0.05432006 0.40861216 101
-3.7104921 -0.028389661 0.44006461 115
-3.7163162 -0.1048958 0.49218366 88
-3.8259413 0.061566986 0.35740587 89
-3.7433488 -0.017758606 0.39835918 91
-3.7037637 -0.09159749 0.44182372 102
-3.9083226 -0.17189445 0.52970195 34
-3.7620966 -0.01104315 0.35050276 95
-3.6899543 -0.084398359 0.39252084 96
-3.9233329 -0.16077743 0.47873917 29
-16.888123 -0.8496964 2.7766175 7
-3.6934836 -0.079719804 0.34249288 98
-28.352213 -0.60153019 3.7381372 86
-24.47481 -1.1252176 3.6572905 22
-16.658304 -1.1873938 2.7643294 101
-3.798368 -0.14861427 0.3554126 16
-27.845022 -1.2270771 3.6850486 116
-16.688917 -1.1458966 2.4722884 109
-16.3832 -1.5159297 2.7450161 94
-28.085133 -1.2235812 3.1913455 12
-16.687578 -1.1308869 2.1786919 111
-16.408207 -1.4825211 2.450664 102
-16.167522 -1.8376501 2.7372029 96
-16.690767 -1.1378591 1.8667178 61
-16.417879 -1.4788809 2.1546397 106
-16.175453 -1.8176243 2.4359374 116
-15.927597 -2.1470637 2.7250416 99
-16.576935 -1.5111326 1.8600858 2
-16.178455 -1.8244113 2.1379633 97
-15.935807 -2.1387658 2.4219368 108
-15.704058 -2.4545994 2.7180781 99
-18.006271 -2.05794 2.0353837 12
-15.911355 -2.1521175 2.1166949 103
-15.683879 -2.4525337 2.4067001 103
-14.573812 -2.5857766 2.5426822 3
-18.708143 -2.5802577 2.130681 13
-15.675854 -2.4735382 2.0998027 110
-14.565347 -2.5948989 2.2496259 3
-14.359962 -2.8553274 2.5353966 99
-18.713575 -3.0211735 2.1425941 27
-15.451729 -2.7892895 2.0859914 126
-14.34993 -2.8724453 2.2383964 105
-14.164427 -3.1237583 2.5312836 83
-14.486361 -2.666275 1.6483014 110
-14.314155 -2.9094093 1.9432575 106
-14.183078 -3.1559598 2.2358069 73
-14.753057 -3.5820427 2.6781096 72
-14.272458 -2.9645486 1.6342791 98
-14.250073 -3.2255776 1.952473 56
-14.749828 -3.6239214 2.3594596 107
-14.595586 -3.8655038 2.6836379 107
-14.306767 -3.3140333 1.6512476 52
-14.728106 -3.6858983 2.0438309 121
-14.558315 -3.9085863 2.3555491 111
-14.368492 -4.1275601 2.6769528 95
-14.648779 -3.750695 1.7064693 109
-14.490565 -3.966645 2.0302541 112
-14.32649 -4.1753979 2.3458643 101
-14.171057 -4.389071 2.675657 101
-14.418088 -4.0453424 1.6951908 103
-14.277928 -4.248363 2.0220668 105
-14.142235 -4.4539742 2.3450534 105
-13.984979 -4.6479149 2.6766596 93
-14.213928 -4.3391981 1.6865567 105
-14.080441 -4.5284009 2.0165601 108
-13.934403 -4.7146578 2.3401449 104
-13.794474 -4.9039092 2.6788542 95
-13.997211 -4.6203537 1.6765883 102
-13.869711 -4.8011851 2.0113506 109
-13.734137 -4.9751244 2.337913 102
-13.603081 -5.1536298 2.6795993 95
-13.786136 -4.9035988 1.6695155 108
-13.658405 -5.0663915 2.0050361 107
-13.531339 -5.2336669 2.3366249 101
-13.413893 -5.3998575 2.6823304 95
-13.57479 -5.1783056 1.6623285 105
-13.458743 -5.334465 2.0019181 107
-13.345913 -5.4906931 2.3375511 103
-13.232255 -5.6486287 2.6871986 99
-13.364092 -5.4479437 1.656086 59
-13.251166 -5.5924525 1.996598 110
-13.145347 -5.7373624 2.3341489 105
-13.048432 -5.8893671 2.6889153 104
-13.145738 -5.7128801 1.6496638 107
-13.014232 -5.8310528 1.9881642 100
-12.962893 -5.9922562 2.3375874 103
-12.861028 -6.1246524 2.6929612 104
-12.944981 -5.9786406 1.6448846 105
-12.857952 -6.1084199 1.994696 107
-12.763499 -6.2326264 2.3363218 105
-12.671995 -6.3598428 2.6950159 105
-10.075879 -4.8522677 1.2734807 19
-12.66529 -6.360167 1.9940166 106
-12.577945 -6.4754486 2.3391685 105
-12.499119 -6.5986934 2.7047267 105
-8.650033 -4.354507 1.0974805 1
-12.469864 -6.6096635 1.9943458 104
-12.392863 -6.7220254 2.3448539 102
-12.313192 -6.8259692 2.7092195 105
-12.354486 -6.7657442 1.6417831 107
-12.27784 -6.8612633 1.9980081 105
-12.217607 -6.9676466 2.3525896 104
-12.139553 -7.0636568 2.7198029 102
-12.160338 -7.0242829 1.6459771 105
-12.088657 -7.1108766 2.0052023 104
-12.018619 -7.1991272 2.3594704 101
-11.95466 -7.2903476 2.7308621 101
-11.956861 -7.2784233 1.648507 107
-11.895975 -7.3549433 2.0087426 105
-11.843853 -7.4460421 2.3702881 102
-11.7646 -7.5109925 2.7371271 48
-11.647116 -7.4543939 1.6346034 38
-11.70863 -7.6018257 2.0144362 105
-11.657835 -7.6796207 2.3768482 103
-11.60717 -7.756207 2.7543347 106
-11.564154 -7.7849598 1.6560526 108
-11.52414 -7.8523836 2.0238094 106
-10.835784 -7.4415908 2.2432108 92
-10.792437 -7.504005 2.5985236 99
-10.737399 -7.5557017 1.5622921 99
-10.688909 -7.5995655 1.9072883 89
-10.658342 -7.6621795 2.252773 124
-10.631715 -7.7217813 2.6122725 91
-7.7699957 -5.5695925 1.1212593 1
-10.516788 -7.8325286 1.9160883 129
-10.504163 -7.8980136 2.2668514 95
-11.073095 -8.4380703 2.7917042 108
-7.4964185 -5.617373 1.1022441 2
-11.125607 -8.7313881 2.0851791 3
-10.930928 -8.6306849 2.4213042 105
-10.900595 -8.6687355 2.8064728 106
-10.928743 -8.9297686 1.7111285 66
-12.795134 -10.633332 2.4823632 54
-10.746352 -8.8699808 2.4348302 102
-10.719585 -8.8945074 2.8198478 105
-10.730191 -9.1886349 1.7196685 64
-12.582816 -10.944473 2.5000653 62
-10.563235 -9.107666 2.4489746 100
-10.54561 -9.1300097 2.8380098 107
-7.2524452 -6.2544985 1.14616 19
-14.808772 -13.645293 3.0537837 25
-10.375757 -9.3436327 2.4617109 105
-10.377983 -9.3703709 2.8561933 109
-10.252714 -9.6308336 1.7257601 26
-10.205562 -9.5852127 2.1029737 22
-10.188924 -9.5837612 2.4794827 105
-10.205373 -9.6081095 2.8779244 109
-10.146735 -9.9917374 1.7589713 50
-14.255662 -14.383426 3.097647 18
-10.011553 -9.8349581 2.499263 106
-10.019875 -9.8396339 2.896498 108
-9.986042 -10.305552 1.7829489 39
-13.974127 -14.763902 3.1258042 18
-9.8200655 -10.074993 2.5177205 73
-9.8338413 -10.06989 2.9158142 107
-13.649004 -15.159857 2.577215 57
-13.689317 -15.138988 3.1524386 16
-9.6351719 -10.32988 2.5402646 96
-9.662221 -10.319755 2.9414668 106
-9.6762934 -10.980232 1.8389775 2
-13.404748 -15.522582 3.1821768 13
-9.4518137 -10.586359 2.5629396 108
-9.4747849 -10.560077 2.9649737 107
-9.1741858 -10.881036 1.7970183 46
-9.2265339 -10.867907 2.1966093 86
-9.2563543 -10.834556 2.5856395 106
-9.2922678 -10.807363 2.9898322 108
-8.9928503 -11.196279 1.8257816 56
-9.021841 -11.127757 2.2193437 100
-9.0589104 -11.091556 2.6114326 108
-9.1062431 -11.055553 3.0166602 110
-8.766716 -11.454176 1.8442129 59
-8.8177137 -11.395173 2.2441888 109
-8.8627043 -11.351079 2.638279 110
-8.9079065 -11.299568 3.0432768 105
-8.5461445 -11.726596 1.8669115 81
-8.606286 -11.665384 2.269979 106
-8.6254854 -11.557716 2.6539004 60
-8.6499119 -11.455963 3.0469689 38
-8.3280001 -12.013546 1.8918365 84
-8.3882446 -11.930185 2.2956166 111
-8.4478283 -11.867768 2.69366 111
-8.5186596 -11.805911 3.1018593 110
-8.1075058 -12.313382 1.9219044 73
-8.1845007 -12.227233 2.3278677 114
-8.2507954 -12.151226 2.72682 113
-8.3242025 -12.078589 3.1369112 109
-7.8857384 -12.620119 1.9530457 74
-7.9634752 -12.513077 2.3597443 117
-8.0365 -12.420343 2.7585661 110
-8.1184845 -12.337932 3.169642 107
-7.3324533 -12.314673 1.8908377 28
-7.5533652 -12.456556 2.3286667 55
-7.7809119 -12.631225 2.7780004 81
-7.9142227 -12.611498 3.2055569 115
-3.0842066 -4.4607325 0.68342954 10
-7.1235137 -12.331205 2.2843835 102
-7.210412 -12.232789 2.6642966 99
-7.3535719 -12.230353 3.0786185 60
-2.8933473 -4.3336549 0.66080332 13
-6.8992195 -12.615969 2.3207061 108
-3.221277 -4.7860141 1.0337819 2
-3.2077909 -4.6421108 1.1544095 1
-3.077275 -5.0406199 0.7625463 68
-3.1634045 -5.0832629 0.92890167 56
-3.0947037 -4.7951593 1.0259515 4
-3.0947387 -4.6643052 1.1479549 1
-2.9582069 -5.0954657 0.76535863 100
-3.0205038 -5.0720706 0.9195438 99
-2.9669094 -4.7986131 1.0170434 11
-3.125881 -5.0037489 1.2182863 19
-2.871125 -5.2278452 0.77927381 1
-2.4266889 -3.9044704 0.70235854 0
-2.9698243 -5.1090441 1.0721049 78
-3.0398996 -5.1061993 1.2319802 51
-6.1284866 -14.900461 2.2025788 83
-2.8896532 -5.4469481 0.97319037 36
-2.8903849 -5.2487559 1.0947808 88
-2.9441464 -5.1887283 1.2427448 82
-5.8486524 -15.2687 2.2514553 88
-6.0214434 -15.058892 2.6741273 98
-6.1757078 -14.871292 3.0833275 92
-6.3284612 -14.672648 3.4913824 62
-5.5611358 -15.64446 2.3007147 89
-5.7461519 -15.420802 2.7261341 98
-5.9211421 -15.229833 3.1381249 100
-6.0870929 -15.018919 3.5477571 97
-5.2668848 -16.042635 2.3556283 82
-5.4636798 -15.790257 2.781919 100
-5.6454234 -15.576231 3.1937737 92
-5.8313065 -15.359389 3.604645 92
-4.9535213 -16.443823 2.4135892 85
-5.1741877 -16.182671 2.8423681 98
-5.370533 -15.953507 3.256222 92
-5.5695114 -15.716827 3.6650147 102
-4.6288967 -16.84334 2.4726994 91
-4.8652339 -16.573675 2.905405 102
-5.0802855 -16.318094 3.3150091 98
-5.2965136 -16.086185 3.7290881 78
-4.2893143 -17.244032 2.5333278 85
-4.5539279 -17.005085 2.9749417 98
-4.7790151 -16.719183 3.385474 97
-5.0110354 -16.453804 3.7954049 78
-3.8452177 -17.151943 2.5247896 93
-4.2159367 -17.387707 3.0392864 112
-4.469553 -17.132555 3.4583442 79
-4.707047 -16.795046 3.853416 90
-3.4221427 -17.10545 2.5210023 79
-3.7408588 -17.042763 2.9672446 93
-4.1115484 -17.363222 3.4827347 94
-4.3997369 -17.199034 3.9185102 86
-3.2002251 -18.690987 2.7536564 79
-3.3573558 -17.209881 2.9963415 92
-3.6512027 -17.012028 3.4013324 76
-4.0095634 -17.21027 3.8996272 95
-2.7965965 -19.220533 2.8401418 88
-3.1425085 -18.79837 3.2710645 75
-3.2955749 -17.30085 3.4531569 85
-3.5844293 -16.986513 3.8255885 88
-2.3787785 -19.768923 2.9160042 78
-2.7550235 -19.310022 3.3467886 74
-3.0843599 -18.889921 3.7486465 98
-3.2626269 -17.389864 3.8953731 38
-1.9411474 -20.354002 3.0137763 45
-2.3426411 -19.855782 3.4434872 74
-2.703486 -19.388254 3.8386109 89
-3.051584 -18.974911 4.2317982 76
-1.4802533 -21.006571 3.1191375 67
-1.9138561 -20.437065 3.5452914 90
-2.3030474 -19.937016 3.9512212 75
-2.6798897 -19.479666 4.3400097 69
-0.98532671 -21.638756 3.2419324 62
-1.4600716 -21.036629 3.683471 79
-1.8772621 -20.487946 4.0753102 61
-2.2861147 -20.026178 4.4649172 76
-0.46235719 -22.091848 3.3478956 99
-0.97057098 -21.683365 3.8087935 67
-1.4273726 -21.09976 4.1979446 63
-1.8622202 -20.573807 4.5725899 69
0.046296421 -21.78294 3.3175626 75
-0.46108168 -22.070089 3.8914814 138
-0.94756961 -21.743137 4.3325124 69
-1.4188926 -21.05039 4.6874876 49
0.71440721 -23.894985 3.686655 39
0.035749782 -21.765844 3.8631659 94
-0.44795749 -22.048729 4.4102545 104
-0.95178223 -21.496372 4.7790165 54
1.3601273 -24.742365 3.8463764 54
0.56629825 -22.084772 3.9372916 6
0.038022812 -21.763132 4.3564353 77
-0.46378735 -21.999821 4.886373 94
2.0534601 -25.649023 4.0215569 49
1.3167735 -24.729855 4.4290695 25
0.66635352 -23.761452 4.7721267 32
0.010566792 -21.779459 4.8346519 68
2.8224394 -26.686876 4.2292681 41
1.9936976 -25.575335 4.6099901 30
1.262409 -24.338556 4.8969455 30
0.61315924 -23.530867 5.2235613 45
3.4537756 -26.633278 4.2596273 82
2.7380767 -26.600328 4.8085642 37
1.9157066 -25.205708 5.0716782 28
1.2163311 -24.379246 5.399888 32
4.5470343 -29.004656 4.6718855 23
3.3713818 -26.650242 4.8491726 105
2.6325126 -26.180336 5.2796936 28
1.8896228 -25.51523 5.6504927 33
5.4959216 -30.088121 4.8989043 25
4.0507393 -26.892683 4.9259996 9
3.3154635 -26.665831 5.4009504 91
2.6055121 -26.515614 5.8753481 32
6.5973663 -31.604084 5.1833997 30
5.2637405 -29.6057 5.4435148 24
3.9531319 -26.808847 5.4296937 12
3.2254934 -26.70116 5.9028673 97
7.3014832 -31.325184 5.1954045 46
6.3620558 -31.263992 5.7915225 28
5.2321343 -29.987263 6.0952044 23
3.8340316 -26.725456 5.9118567 20
9.0425215 -34.623344 5.8076339 11
7.1398463 -31.361282 5.8466516 59
6.2245684 -31.237753 6.388423 24
5.0784559 -29.861921 6.6294999 20
10.453471 -36.330967 6.1904674 60
8.9147196 -34.88982 6.608181 24
7.010921 -31.368628 6.4791136 61
6.0818448 -31.196287 6.967155 25
10.249512 -36.394817 6.959857 49
8.6304741 -34.420849 7.156363 18
6.8832865 -31.461948 7.0452204 66
11.066541 -36.077396 6.9724479 20
10.090008 -36.454407 7.6262779 32
8.4442024 -34.424664 7.7585249 18
16.942986 -45.52523 8.1647997 16
13.819497 -41.130661 8.0554991 37
10.876918 -36.075821 7.6286955 40
9.8505325 -36.310333 8.2131214 25
17.918894 -44.91531 8.1780863 57
13.637813 -41.28183 8.7904272 20
10.66856 -36.103767 8.198164 60
18.850872 -44.208298 8.187068 72
17.612741 -45.084496 9.0330076 64
14.52947 -40.852188 8.7785797 26
13.232282 -40.890175 9.3439064 21
19.745274 -43.49036 8.1929331 66
18.536549 -44.393723 9.015831 61
17.368296 -45.230217 9.792922 59
14.260327 -40.885994 9.3722057 45
18.170536 -37.902111 7.2607102 17
19.425772 -43.677887 8.9759264 53
18.302708 -44.582424 9.7406569 28
17.107428 -45.391766 10.464489 68
21.550117 -42.127636 8.2204857 61
20.341465 -43.049965 8.9693518 62
18.017668 -44.735447 10.377119 56
22.431427 -41.44875 8.2426109 50
18.731052 -37.593502 7.9552264 20
23.302338 -40.765831 8.2814827 64
22.087202 -41.65102 8.9520226 68
18.472023 -37.701218 8.5083332 45
24.186123 -40.106419 8.3112049 64
22.96566 -41.001755 8.9447231 48
21.834099 -41.862144 9.5532093 67
18.210964 -37.832741 8.9754877 31
25.063679 -39.459538 8.3458328 47
23.855083 -40.35886 8.9526014 55
22.725283 -41.243435 9.5248652 18
21.560549 -42.060963 10.061732 68
25.914225 -38.78363 8.379426 62
24.703609 -39.687939 8.9447012 63
23.590981 -40.575153 9.4909563 18
22.464216 -41.480793 10.006792 43
26.765057 -38.104748 8.4196281 64
25.558958 -39.034889 8.9513206 49
24.458166 -39.933113 9.4747801 20
27.644503 -37.472137 8.4852428 57
23.309721 -34.015667 7.9591784 40
25.296551 -39.270916 9.4449139 39
28.499981 -36.814907 8.5359907 62
27.26997 -37.724728 8.994174 63
23.025505 -34.161598 8.3422689 29
29.357042 -36.162056 8.5907488 65
28.13014 -37.085934 9.0123301 65
26.984922 -37.934067 9.4056082 70
5.3848038 -7.2794619 1.7712915 19
28.986288 -36.42979 9.0419226 68
27.828176 -37.287365 9.4032869 50
26.707462 -38.162216 9.7329607 74
31.052656 -34.845024 8.718256 57
29.818201 -35.75948 9.0711012 45
28.667433 -36.632072 9.3823175 60
27.606087 -37.586018 9.6935949 20
28.157673 -30.279259 7.782434 36
30.701538 -35.141998 9.1057959 54
29.544212 -35.997765 9.3920603 49
4.5395832 -5.5218091 1.4551911 1
27.856819 -30.55644 8.1122818 32
30.39999 -35.351776 9.3946867 66
4.5777984 -5.3169765 1.4425526 88
6.1186481 -7.2241249 1.9606384 1
31.253469 -34.693748 9.416853 68
30.162893 -35.613174 9.6108103 21
4.6074729 -5.1088872 1.4306673 106
4.5603361 -5.4020705 1.5026206 36
32.126434 -34.034214 9.433897 49
30.969393 -34.900661 9.5659704 64
35.402191 -31.511774 9.1405678 54
4.5985723 -5.2006192 1.4839205 80
4.5709796 -5.4956522 1.5487959 1
28.080425 -30.319273 8.4523392 41
3.6997173 -3.9219048 1.166412 21
4.6771064 -5.0420556 1.4768416 34
4.5918941 -5.274426 1.5196395 73
32.706909 -33.573765 9.5309467 49
3.7609293 -3.7967062 1.1668468 42
3.6876898 -3.987237 1.1987498 1
4.6436319 -5.0883493 1.5001514 59
4.5827785 -5.3402119 1.5367771 38
3.8857887 -3.7220945 1.1829323 40
3.726902 -3.8445892 1.1894469 84
35.622311 -31.340128 9.5353642 45
4.6116705 -5.1286654 1.5073508 64
3.8152373 -3.7394664 1.1940523 51
3.70227 -3.8806963 1.2010783 85
35.366867 -31.56617 9.5235481 73
24.903292 -17.76956 6.135778 88
4.0098572 -3.7150373 1.2242222 34
3.7728527 -3.7609704 1.1967965 75
3.6784463 -3.9123044 1.1978098 43
24.550085 -16.699955 5.9963851 24
24.758207 -18.017445 6.196835 29
3.9410977 -3.7175338 1.2161636 61
3.7596376 -3.8004315 1.191379 76
23.723284 -15.387505 5.7512708 17
25.173786 -17.445572 6.2130704 34
24.922455 -18.397652 6.257555 11
3.8815756 -3.7211568 1.1947794 42
21.208693 -13.145834 5.1270642 66
23.795553 -15.735789 5.8134704 18
25.039948 -17.605005 6.1808209 72
27.978008 -20.831282 6.9306569 24
21.609053 -12.70948 5.1810913 99
21.212452 -13.40393 5.1484728 16
24.207651 -16.221733 5.8875628 16
24.918577 -17.742628 6.0732393 99
21.081579 -11.77741 5.0249991 26
21.444069 -12.861175 5.1455631 125
21.366884 -13.688666 5.1461277 5
24.346922 -16.506214 5.8252821 20
20.427517 -10.818013 4.8497272 24
21.330654 -12.140092 5.0662603 24
21.298559 -12.954473 5.0591106 123
23.386284 -15.095593 5.5002065 19
17.814156 -8.9899206 4.2369065 4
20.567646 -11.102405 4.8479919 24
21.678452 -12.494522 5.072391 56
21.22076 -13.057582 4.9218669 93
17.572298 -8.3764162 4.1613984 56
19.805063 -10.128199 4.6344786 30
20.769129 -11.355178 4.8056808 28
21.66264 -12.625532 4.9291863 88
1.5889604 -1.1596093 0.58188385 5
17.613518 -8.5593729 4.1108694 71
19.955719 -10.335306 4.5677924 24
20.883602 -11.542211 4.6790905 31
7.1256595 -3.2802801 1.8078244 3
1.5947663 -1.1829993 0.57301766 6
17.685986 -8.7008238 4.0244207 36
20.047256 -10.485425 4.4261117 22
17.336422 -6.8479872 4.059247 47
7.0938807 -3.3300595 1.7622311 35
1.5776888 -1.1888169 0.55308539 4
17.74184 -8.8100452 3.8790557 23
16.879766 -6.234334 3.9482419 64
17.434015 -7.0194392 3.9824336 63
7.103827 -3.3741937 1.7104403 45
1.5837559 -1.2029631 0.53251213 0
16.424696 -5.651155 3.8391616 38
16.977291 -6.3884783 3.8593841 65
17.515459 -7.1308494 3.8608439 62
7.138051 -3.4158299 1.6395338 26
16.013973 -5.1111078 3.7416427 60
16.537916 -5.796072 3.7445393 54
17.042658 -6.4845872 3.7266185 69
7.1379447 -3.1985707 1.6177335 24
14.246766 -4.2229629 3.3491066 3
16.054358 -5.2197709 3.6210506 85
16.601971 -5.8756361 3.6032712 68
17.090921 -6.544373 3.5413642 57
14.02748 -3.8117008 3.2975523 78
15.676458 -4.6979294 3.5250719 92
16.126223 -5.2897644 3.4740982 79
16.611496 -5.9100084 3.4023011 70
14.057528 -3.4712689 3.3020608 83
14.122585 -3.9053187 3.1836114 89
15.728748 -4.7547169 3.3672395 98
16.142054 -5.3174706 3.2730696 83
14.415608 -3.1970329 3.380506 91
14.009018 -3.5228224 3.1475403 97
14.152115 -3.9409332 3.0299301 79
15.733779 -4.7705722 3.1596355 88
14.260683 -2.8200982 3.3480217 72
14.370411 -3.2433279 3.2148857 114
13.990793 -3.5399387 2.9762192 97
14.16295 -3.9483809 2.8341289 71
13.90145 -2.4220467 3.2727902 65
14.325802 -2.8795171 3.1972032 80
14.361832 -3.2583244 3.0314262 103
14.005015 -3.5388794 2.7762716 101
13.608655 -2.0509498 3.2130659 64
13.988338 -2.4740851 3.1206093 63
14.351687 -2.8933785 3.0133069 75
14.391068 -3.2522588 2.8202391 115
2.5721133 -0.49135628 0.79057479 6
13.675115 -2.0899358 3.0509732 80
13.979862 -2.4711759 2.9269254 68
14.332238 -2.8691239 2.7854955 69
2.6773655 -0.42375562 0.81552017 81
2.5753896 -0.49695101 0.74667269 1
13.662742 -2.0788865 2.8522329 76
13.914357 -2.4330707 2.6885042 72
2.7280378 -0.34837344 0.8290422 53
13.137501 -1.3768346 2.9352715 83
2.5731761 -0.49283278 0.69771844 4
13.639691 -2.0411103 2.6192918 66
2.7850289 -0.26978379 0.84344989 15
2.7537284 -0.35165808 0.78284073 11
13.113548 -1.3507848 2.7264824 84
2.5708208 -0.48249972 0.63968885 6
2.863281 -0.1913224 0.86360228 15
2.7970471 -0.27035695 0.79238373 44
12.886514 -1.0111535 2.6753182 79
13.073234 -1.2967641 2.4845464 84
2.9570718 -0.10860198 0.88850427 55
2.850527 -0.18768793 0.80476481 50
12.654221 -0.68382639 2.6252594 93
12.846516 -0.95489663 2.4302065 80
3.0403969 -0.023109835 0.91046542 56
2.9417422 -0.10375919 0.82464802 48
2.8678157 -0.17594531 0.74742615 23
12.592603 -0.61699367 2.3742442 56
3.1294093 0.067496382 0.93429565 53
3.0462484 -0.015296023 0.8473146 54
2.9767165 -0.088125937 0.76704639 69
2.9046054 -0.15656856 0.68475544 30
3.228564 0.16263229 0.9619481 53
3.1447175 0.078511164 0.86999065 52
3.0662689 0.0036625213 0.78385478 65
3.0004461 -0.064782135 0.69848651 65
3.3286476 0.26125169 0.98954743 49
3.240644 0.1767443 0.89364469 55
3.1519995 0.10048978 0.80064917 52
3.0934236 0.032375682 0.71318793 57
3.4369512 0.36690968 1.019962 53
3.349529 0.28044626 0.91907495 49
3.2323229 0.20075472 0.81646818 45
3.2018952 0.13375299 0.7296499 57
10.541852 1.3790494 2.6652133 64
3.4587133 0.38953725 0.94543689 46
3.3582516 0.31024048 0.84162045 49
3.3293538 0.24160536 0.74980283 50
10.84336 1.6774918 2.7529626 97
10.654235 1.4526186 2.4729874 76
3.4626226 0.42082626 0.86302269 36
3.4450636 0.35602203 0.76901972 58
10.659369 1.9073828 2.7294519 89
10.78984 1.739782 2.5148911 117
9.6959534 1.4091491 2.063205 12
3.5278111 0.47082058 0.78263432 1
10.492266 2.1325994 2.7108045 88
10.52574 1.9603752 2.4724879 81
10.72261 1.8312457 2.270689 94
3.620435 0.5931831 0.79886222 13
10.333072 2.3583021 2.6960156 88
10.433601 2.2068107 2.4676428 110
10.489101 2.0632129 2.2327127 46
3.7433412 0.72696346 0.82078105 27
10.156169 2.5737309 2.6765628 89
10.257847 2.4342227 2.4450767 118
10.286027 2.2960837 2.2034538 60
3.8522656 0.86443573 0.84089088 29
9.985898 2.781925 2.6583056 116
10.098252 2.6608405 2.4284675 118
10.058595 2.5132544 2.1687686 69
4.085237 1.0357534 0.8831352 1
9.8238907 2.9908428 2.6439393 116
9.93046 2.8772593 2.4090788 119
9.8435898 2.7251813 2.1389601 69
9.8835001 2.6205115 1.8867506 111
9.6742964 3.1944926 2.6313822 119
9.7573566 3.0876596 2.3896849 115
9.643507 2.9369197 2.1118696 71
9.7089977 2.8472993 1.8631712 116
9.5253725 3.3994513 2.6217651 113
9.6051893 3.2988772 2.37603 118
9.4874849 3.1531396 2.0951974 70
9.5313663 3.067745 1.8397045 111
9.3286695 3.5796342 2.5990167 75
9.4372101 3.5036476 2.3596401 112
9.3286381 3.3652332 2.0786078 71
9.3601084 3.288274 1.8201598 112
9.192462 3.7783716 2.5923209 74
9.2806702 3.7091725 2.3481038 106
9.1574898 3.5699756 2.0612528 71
9.1898537 3.5028229 1.8026742 107
9.0816059 3.9868426 2.5942044 76
9.1450338 3.9154799 2.3393078 71
9.000289 3.7741957 2.0467367 69
9.0335417 3.7168396 1.7870277 100
8.943224 4.1827464 2.5895667 69
8.9904375 4.1121607 2.327853 69
8.8538628 3.9810395 2.035059 67
8.889267 3.9328537 1.7742125 74
8.7941093 4.3665271 2.5812027 66
8.8431492 4.3092327 2.3193052 63
8.7021122 4.1786842 2.023555 65
8.7349062 4.1412129 1.760609 72
8.6526051 4.5529141 2.5757151 53
8.701272 4.5060539 2.3136952 56
8.5380383 4.3721395 2.0112472 62
8.5777321 4.3454571 1.7480875 67
8.5247431 4.7461004 2.5769823 35
8.5454731 4.6938848 2.3033578 47
8.4053059 4.5762954 2.0064361 55
8.4167929 4.5484395 1.7376246 66
8.3851719 4.9299922 2.5734997 32
8.3950911 4.8846507 2.2979193 43
8.2472811 4.7644181 1.9951177 51
8.2552462 4.7469907 1.7272213 62
8.2152596 5.100378 2.5655396 30
8.2580137 5.0799646 2.2962668 41
8.0839262 4.9528761 1.9878576 45
8.1050968 4.9494348 1.7196343 62
8.0716257 5.2776189 2.5631828 25
8.1124153 5.2692103 2.2937875 41
7.9547281 5.1529746 1.9860502 50
7.9470854 5.143929 1.7122341 61
7.9384589 5.4584308 2.5636301 26
7.9687772 5.4559517 2.2922604 40
7.8104253 5.3415723 1.9814812 50
7.7948313 5.3371897 1.7046775 58
7.7946172 5.6303105 2.5622337 30
7.8359151 5.6452923 2.2915213 43
7.6579385 5.5263324 1.9770296 50
7.6527143 5.538156 1.701906 62
7.6583667 5.8079591 2.5636764 31
7.6799302 5.8215108 2.2884011 52
7.5068197 5.712718 1.9750931 49
7.0277023 5.4045277 1.6057682 58
6.9153361 5.5511942 2.3854344 38
6.9112606 5.5540104 2.1224201 45
6.8958287 5.5625172 1.8644711 54
6.8777504 5.5817003 1.6014231 58
6.7889457 5.7153106 2.3889704 40
6.7818975 5.7306714 2.1267035 53
6.7606444 5.7443957 1.8666241 56
6.7424254 5.7739062 1.6033169 59
6.6588364 5.8806319 2.3939953 53
6.6411924 5.8955994 2.1268966 55
7.0820746 6.2858677 1.9798625 52
7.0630794 6.3320403 1.7014362 62
7.1367779 6.5427842 2.592114 46
7.1167588 6.5695333 2.3029842 58
6.95122 6.4854178 1.9869243 59
6.9084201 6.5234771 1.7019285 65
6.9713726 6.6942568 2.5875082 56
6.938333 6.7186856 2.2955844 63
6.8245058 6.6881447 1.9932891 59
6.7629995 6.7187681 1.7036279 64
6.8367109 6.8735747 2.5960178 59
6.8004599 6.9074736 2.3040166 63
6.7112141 6.9075074 2.0080564 62
6.6161757 6.9213977 1.7099956 64
6.7033234 7.0554538 2.6064804 63
6.6695285 7.1070971 2.3162334 66
6.5840192 7.1179023 2.020097 62
6.4551649 7.109684 1.7137046 69
6.5702558 7.242744 2.6198719 68
6.5253453 7.2926874 2.3247764 68
6.4511385 7.3295441 2.0331886 64
6.3074059 7.3183641 1.7240072 69
6.4280286 7.4258628 2.6324213 70
6.3761244 7.4808159 2.3363473 68
6.3138485 7.5418177 2.0483239 67
6.2861285 7.6048598 2.6440156 72
6.2291121 7.6718135 2.3488557 93
6.1680369 7.7448387 2.0606713 69
-0.3503997 0.55062306 0.16416995 5
6.1537108 7.7966175 2.6603281 75
6.0906467 7.8720665 2.3641098 98
6.018806 7.9424567 2.0720572 103
-0.39177257 0.5322963 0.15688382 5
6.0150442 7.9820013 2.6746986 78
5.9453082 8.0615129 2.3775089 107
5.8718066 8.152482 2.0882254 109
-0.42020103 0.52896428 0.15426119 9
5.8688035 8.1648149 2.689188 77
5.7986813 8.2611065 2.3937984 106
5.7278008 8.3688774 2.1076436 112
-0.44906297 0.52336568 0.15077427 12
5.7132654 8.3392887 2.7038302 110
5.6440268 8.4549208 2.4112098 120
5.5634546 8.5699072 2.1227305 108
-0.47878489 0.51430029 0.1472626 12
5.5783358 8.5481987 2.7279198 113
5.4788847 8.6407433 2.425869 73
5.4035835 8.7816706 2.1418722 113
-0.5037486 0.51098758 0.14461465 12
5.425837 8.7367687 2.7459738 73
5.3409977 8.8680496 2.4532049 115
5.2502723 9.0038433 2.1645272 111
-0.52964765 0.50421029 0.14101654 11
5.2816682 8.9401932 2.7699289 86
5.1778555 9.0640965 2.4715967 118
5.0778422 9.2115641 2.1849434 112
-0.54921842 0.50601131 0.14022586 11
5.1313319 9.1385574 2.7912853 85
5.0255604 9.274478 2.4938393 116
4.9172664 9.4307423 2.206176 115
-0.57509696 0.49508491 0.1366663 10
4.9794378 9.3448801 2.8175619 86
4.8600559 9.4867239 2.5191836 110
4.7450805 9.6502132 2.2305043 113
4.8237739 9.5530834 2.8438323 87
4.7034097 9.7167883 2.54916 115
4.5720167 9.8820629 2.2585995 109
-0.61319011 0.49270579 0.13414198 10
4.6624722 9.7634659 2.8718858 87
4.5335836 9.9337339 2.5762057 116
4.3973885 10.119556 2.2884624 109
-0.63050514 0.49421012 0.13334104 9
4.4985657 9.9804859 2.9022799 86
4.3628397 10.170705 2.6105294 109
4.2166944 10.366927 2.3228297 82
-0.65074009 0.48837844 0.1316613 8
4.3266277 10.192763 2.9328418 89
4.1821046 10.390517 2.6410277 112
4.0283041 10.603165 2.3552196 81
4.1558399 10.416128 2.9667168 92
4.000402 10.629345 2.6772718 127
3.6412611 10.40295 2.2941875 43
-0.67791486 0.50553912 0.13283026 9
3.9844837 10.644565 3.0013359 95
3.5949636 10.353745 2.5874276 65
3.2998133 10.261362 2.2470088 44
3.583533 10.365664 2.8982649 58
3.281255 10.256937 2.5417562 108
3.103013 10.480503 2.2801168 26
-0.71507287 0.49371448 0.12935165 6
3.2784266 10.270109 2.8467324 85
3.0989559 10.491092 2.5810876 109
3.2306645 11.625031 2.5086803 18
3.1026928 10.488083 2.8824153 88
3.2312899 11.629592 2.8368766 94
3.0152841 11.898239 2.554075 62
-0.77139908 0.41110164 0.11398357 6
2.9189267 10.717479 2.9225316 4
3.0234733 11.899424 2.8848028 98
2.8048027 12.223212 2.6123564 5
3.0372198 11.875032 3.2118399 98
2.8093762 12.169258 2.9319041 96
-0.77950358 0.48687935 0.12718269 5
2.8330774 12.146194 3.2619412 97
2.5981655 12.483519 2.9925723 27
-0.76862764 0.52138793 0.15063806 4
2.6138465 12.393187 3.3075073 33
2.3659122 12.763102 3.0448759 103
2.0891376 13.124234 2.7757075 4
-0.80945021 0.48516148 0.12656115 4
2.410888 12.739905 3.3796396 6
2.1292267 13.075046 3.1067882 8
1.8403945 13.47542 2.844224 60
1.873237 13.335853 3.1573215 51
1.568411 13.796382 2.9082649 52
-0.83925176 0.48033088 0.1259858 4
1.6266484 13.717486 3.2377908 90
1.2917567 14.144523 2.9785161 57
0.90451396 14.638235 2.713093 3
1.692852 13.624336 3.5602899 18
1.3625671 14.066721 3.3116894 87
1.0064524 14.546868 3.0621705 82
1.4373077 13.971313 3.636703 89
1.0837041 14.42489 3.3896403 91
0.6970762 14.905217 3.1412983 64
-0.88302231 0.45907789 0.1238066 4
1.169323 14.315096 3.7130032 77
0.79315835 14.81492 3.4773643 93
0.3800756 15.358184 3.2416315 94
0.89343399 14.686369 3.7961352 81
0.48975259 15.202225 3.5635958 91
0.0096833427 15.181085 3.2094743 90
-0.90977627 0.46350449 0.12501198 2
0.6001913 15.046935 3.8792813 89
0.14724976 15.3323 3.5940559 99
-0.35087338 15.038463 3.1874044 79
-0.86149573 16.924383 3.2029402 27
0.29504007 15.413681 3.9635909 108
-0.21508512 15.035293 3.5261514 91
-0.69592917 15.391717 3.270411 40
-0.065470345 15.159831 3.8937902 90
-0.55108404 15.281882 3.5859637 88
-1.0736759 17.174988 3.6599622 74
-0.95012581 0.46248466 0.12743907 2
-0.40421039 15.078423 3.8672121 67
-0.89646268 16.984283 3.9855959 94
-2.2014236 18.685287 3.6079574 35
-0.73535371 15.416686 3.9510667 25
-1.3015463 17.493317 4.1147008 93
-2.7397022 19.569162 3.8129821 4
-1.1016411 17.251123 4.4175549 76
-1.7250876 18.066729 4.2591796 76
-2.4302976 18.993427 4.104702 74
-3.2578738 19.95858 3.9211268 14
-1.4965423 17.433191 4.4639988 67
-2.1774495 18.606443 4.3971376 58
-2.9475756 19.662811 4.2736073 71
-3.738184 19.926064 3.9529254 106
-1.9128559 17.96875 4.6027565 70
-2.6362293 18.940006 4.4935598 60
-3.4544654 20.009958 4.3782735 103
-4.2594962 20.105639 4.033721 4
-2.3642144 18.592573 4.7675891 54
-3.1502094 19.629068 4.6730332 63
-3.899008 19.810589 4.3661885 112
-5.1311297 22.112667 4.4800568 10
-2.8446376 19.252205 4.9417729 58
-3.6537759 20.011261 4.7839918 128
-4.441009 20.185186 4.48315 13
-5.8973012 23.141119 4.7390261 20
-3.3964972 20.185312 5.1908841 95
-4.0964103 19.858728 4.7729082 104
-5.4927073 23.040726 5.1592259 25
-6.8017082 24.456524 5.083118 100
-3.8195031 19.882578 5.1373692 108
-5.0391297 22.429005 5.4273481 37
-6.2900586 24.080833 5.4483581 24
-7.3348808 24.141775 5.0828195 85
-4.3096175 20.084286 5.2045903 45
-5.7628736 23.341698 5.681901 23
-6.9372096 24.313234 5.5522141 132
-8.0245676 24.375835 5.20082 99
-5.2848334 22.755011 5.9124856 30
-6.5791669 24.45809 5.9921246 49
-7.5816426 24.438379 5.6427131 69
-8.5353394 23.986385 5.1986818 87
-6.0242453 23.706898 6.1860223 36
-7.1144714 24.240843 5.9810467 102
-8.1412954 24.280811 5.6585336 110
-9.0249577 23.601034 5.1835513 92
-6.7588162 24.471798 6.4063215 102
-7.7851524 24.53587 6.0996394 86
-8.6297541 23.890713 5.6354928 115
-9.5214176 23.237171 5.1908965 110
-7.2603455 24.175829 6.3635449 79
-8.2859011 24.182283 6.0684462 115
-9.1232004 23.519787 5.6227727 112
-10.000637 22.855396 5.1948748 96
-7.9407272 24.495275 6.4893775 105
-8.7805061 23.823549 6.0366879 124
-9.6044598 23.153175 5.6087508 117
-10.476165 22.475231 5.2014403 98
-8.4213057 24.104464 6.4286814 118
-9.2584591 23.454048 6.0023532 116
-10.079668 22.782736 5.5962358 115
-10.948649 22.119625 5.2107439 98
-8.8993206 23.724339 6.3741589 91
-9.7270069 23.081505 5.9707141 86
-10.550264 22.429783 5.5893631 107
-11.070284 21.038063 5.0531864 56
-9.3705044 23.364552 6.3232183 95
-10.194048 22.713806 5.9438457 124
-11.008149 22.064354 5.5821495 116
-11.558197 20.782209 5.0887599 20
-9.8358459 23.006985 6.2775941 100
-10.648791 22.359985 5.916028 116
-11.117242 20.994341 5.3959069 140
-12.337805 21.077873 5.2615004 97
-10.300446 22.66543 6.2382088 95
-11.103311 22.008276 5.8956327 113
-11.910026 21.354223 5.5760674 105
-12.783233 20.720037 5.2811251 107
-10.745301 22.293545 6.194006 112
-11.205102 20.937267 5.6866741 255
-12.379159 21.047424 5.5904036 127
-13.244194 20.38975 5.3105936 110
-10.891728 21.286068 5.9779477 4
-12.004545 21.305145 5.8684902 125
-12.831697 20.698307 5.6019983 123
-13.694286 20.043703 5.3422389 117
-11.292298 20.879538 5.9275165 150
-12.461216 20.988567 5.8651853 148
-13.276739 20.360619 5.6143751 122
-14.140971 19.699352 5.3755445 96
-12.09889 21.273827 6.1064124 125
-12.904552 20.645 5.8585224 116
-13.716076 20.021748 5.6275611 111
-14.588296 19.369591 5.4126711 112
-12.544129 20.944344 6.084444 116
-13.347356 20.315475 5.8574729 113
-14.169427 19.699408 5.6494803 134
-15.024039 19.033251 5.4465384 100
-12.969478 20.596252 6.0563631 125
-13.781306 19.984716 5.8553123 118
-14.603734 19.373915 5.6673794 138
-15.467477 18.701668 5.4896727 101
-13.420943 20.279503 6.044343 119
-14.215094 19.647697 5.858285 138
-15.038179 19.027346 5.6904368 134
-15.91406 18.373369 5.5366211 110
-13.858774 19.950521 6.0311952 111
-14.668227 19.340139 5.8720393 150
-15.475201 18.694715 5.7183418 136
-15.867098 17.455967 5.4097586 76
-14.295951 19.622803 6.0210667 109
-15.094043 18.988941 5.8760118 143
-15.931206 18.384241 5.7541385 108
-16.293329 17.121767 5.4634275 20
-14.740813 19.298418 6.0194249 113
-15.540647 18.664278 5.8966317 113
-15.857442 17.440603 5.5991654 104
-17.252106 17.36372 5.6999421 114
-15.164895 18.944548 6.0097136 120
-15.983467 18.339098 5.9158783 118
-16.300665 17.130268 5.6432395 11
-17.696899 17.024466 5.7593803 101
-15.609862 18.628004 6.0118785 111
-15.903908 17.400372 5.7382841 114
-17.256384 17.378242 5.8739014 112
-18.148098 16.688347 5.826138 110
-16.053749 18.311504 6.0178461 113
-16.378159 17.13755 5.7800298 4
-17.692274 17.033518 5.9143105 150
-18.60265 16.350199 5.8946948 95
-15.975795 17.373465 5.8251853 105
-17.301929 17.340548 5.9867463 119
-18.147984 16.698017 5.9668474 118
-19.058443 16.009527 5.9642925 117
-16.92354 17.630396 6.0274696 120
-17.745529 16.998213 6.0150433 127
-18.596109 16.357508 6.0150642 129
-19.526476 15.66676 6.040657 92
-17.363329 17.292547 6.0368042 124
-18.196404 16.663162 6.050477 110
-19.046068 16.011307 6.069622 114
-19.975492 15.306263 6.1153765 94
-17.818186 16.959192 6.0572634 93
-18.652617 16.328438 6.0889673 122
-19.513626 15.667678 6.134357 127
-20.451941 14.961924 6.2032256 107
-18.27239 16.623957 6.0787334 96
-19.11504 15.984273 6.1336451 104
-19.980556 15.322131 6.1981225 107
-20.927967 14.600803 6.2933559 103
-18.715864 16.284861 6.0972614 112
-19.55728 15.63622 6.1723328 120
-20.426617 14.964471 6.2570224 112
-20.73456 13.780411 6.173193 93
-19.180695 15.940667 6.1262178 106
-20.026884 15.28847 6.2233934 114
-20.922421 14.617593 6.3383932 90
-21.170818 13.405035 6.2585602 5
-19.651901 15.597396 6.1595502 92
-20.488596 14.921109 6.2739105 147
-20.730774 13.783749 6.206707 96
-22.383331 13.505849 6.585062 109
-20.106491 15.232458 6.1905379 100
-20.956167 14.555149 6.3290405 105
-21.893772 13.889482 6.4974637 97
-22.895733 13.134693 6.6967511 99
-20.601757 14.882414 6.2367582 104
-20.765867 13.720927 6.1818795 117
-22.374168 13.500428 6.5809813 108
-23.39448 12.744906 6.8055 105
-21.023016 14.474896 6.2607827 59
-21.948561 13.825214 6.4648681 112
-22.905088 13.136627 6.6807995 104
-23.913601 12.34728 6.9265671 105
-20.866396 13.661984 6.108726 82
-22.450686 13.44985 6.5354137 122
-23.405272 12.740997 6.7735476 91
-24.465206 11.958839 7.0588465 77
-22.055908 13.757451 6.3729305 99
-22.973888 13.074749 6.6162763 121
-23.948645 12.351888 6.8827901 94
-25.014551 11.554167 7.1933103 75
-22.575659 13.383382 6.4325318 96
-23.493608 12.68292 6.6980791 96
-24.481586 11.947345 6.9908924 69
-24.970203 10.859227 7.1548924 33
-23.076254 12.982844 6.4890666 102
-24.031229 12.280539 6.7879629 95
-25.030361 11.534908 7.1058903 102
-25.372753 10.375762 7.2519288 91
-23.619921 12.587461 6.5591154 96
-24.565926 11.865935 6.8784437 97
-24.928762 10.805305 7.0358744 80
-24.824112 9.5030298 7.0736041 24
-24.175823 12.188513 6.6364069 101
-25.117479 11.44376 6.9752693 107
-25.373466 10.331523 7.1265216 78
-24.267683 8.6594563 6.8957915 30
-24.713932 11.759891 6.7067437 94
-24.981216 10.689714 6.8787069 66
-24.855949 9.4655476 6.9408493 19
-23.653938 7.846066 6.7072167 36
-25.175673 11.277741 6.7629938 79
-25.412054 10.204478 6.9496851 57
-24.116962 8.5517797 6.7011399 32
-21.663599 6.6279249 6.1150923 73
-25.134056 10.567799 6.6818638 108
-24.646593 9.2377377 6.6869845 41
-23.54121 7.7493439 6.5126572 32
-21.878141 6.1720438 6.1787844 88
-25.124607 9.8868876 6.6115603 37
-23.979504 8.3540707 6.4603019 33
-21.60564 6.5494804 5.9387465 80
-21.947145 5.6776133 6.2001753 61
-24.423958 8.9468517 6.3641543 34
-21.83123 7.0176525 5.8248625 12
-21.955004 6.1260476 6.0245395 104
-21.45676 5.0458817 6.0591364 60
-23.760777 8.0739775 6.1314888 43
-21.617893 6.4085889 5.7349367 100
-21.821297 5.5674963 5.9722528 72
-21.021772 4.4528508 5.939106 53
-21.714195 6.789269 5.5412126 57
-22.049772 6.0009179 5.8294344 112
-21.34531 4.9377255 5.8287892 70
-20.57749 3.8895831 5.8162289 68
-21.779083 6.2601771 5.5163541 97
-21.6828 5.3724842 5.7009068 78
-20.887503 4.3368764 5.6899314 63
-20.159925 3.3555529 5.6990929 74
-22.012815 5.7971206 5.5522203 59
-21.19817 4.7511425 5.5622377 95
-20.455624 3.781168 5.5790668 67
-19.768761 2.8579276 5.6120014 68
-21.466558 5.1201229 5.3777614 72
-20.748297 4.1516891 5.4268718 68
-20.019478 3.2415729 5.4561448 104
-18.234743 2.216713 5.174087 12
-20.958677 4.4851141 5.2190213 71
-20.296156 3.5823548 5.2919025 86
-19.658318 2.7334726 5.3574252 100
-3.624841 0.20123321 0.82838893 84
-20.518265 3.8904612 5.0822873 84
-19.875622 3.0442586 5.170002 97
-3.6597822 0.25024173 0.8021965 23
-3.617137 0.13812409 0.82905591 57
-20.094847 3.3285303 4.9534931 64
-19.492613 2.5311995 5.0630693 95
-3.6659322 0.18757743 0.80491126 28
-3.6229281 0.077502228 0.83450758 42
-19.683023 2.7874587 4.8306918 77
-3.7122445 0.22934975 0.77764732 13
-3.6834974 0.12426643 0.81156367 30
-3.6928499 0.020112582 0.85992146 43
-18.153271 2.1307192 4.427393 49
-3.7856662 0.1698004 0.79823792 61
-3.7537284 0.064762868 0.83412361 85
-3.7119839 -0.041175749 0.86990404 52
-17.869949 1.6833696 4.3463211 89
-3.7932003 0.10178966 0.80112392 95
-3.7486687 -6.7844376e-05 0.83481294 98
-3.7170022 -0.1041104 0.87568027 49
-3.7996187 0.13405792 0.75477004 70
-3.7455955 0.032254495 0.78834522 94
-3.7562046 -0.064906821 0.84063047 102
-3.7346063 -0.1670419 0.88659346 42
-3.7583036 0.061350629 0.74310333 86
-3.7367752 -0.034473877 0.78797561 88
-3.7887802 -0.13074867 0.85365373 71
-3.7571032 -0.23159418 0.8994211 32
-3.7364323 -0.0073229061 0.73740983 86
-3.7713346 -0.10104603 0.79887307 94
-3.8367617 -0.19763598 0.87075305 23
-16.708515 -1.1887146 4.9429693 70
-3.7260559 -0.075670369 0.73496336 89
-3.8271079 -0.1694729 0.81625122 65
-16.778807 -1.0036401 4.6682768 103
-16.41008 -1.5147396 4.8840084 84
-3.7941022 -0.14505932 0.7533803 89
-16.704901 -0.84907699 4.3513117 98
-16.359938 -1.3344071 4.5660539 103
-16.196722 -1.8406955 4.8500829 72
-16.793015 -0.73330224 4.0676622 95
-16.433283 -1.2051094 4.2940569 102
-16.069983 -1.6599642 4.5082121 93
-15.968534 -2.1542718 4.8168344 90
-16.52309 -1.0994684 4.0086002 83
-16.171637 -1.5465938 4.2408504 96
-15.838943 -1.9821583 4.4691772 102
-15.695329 -2.451678 4.7700458 84
-16.235508 -1.4554631 3.9483311 100
-15.904335 -1.8766662 4.1885104 91
-15.610126 -2.2977021 4.432106 96
-14.582205 -2.5849233 4.4509816 31
-15.985417 -1.8000983 3.8976705 81
-15.668068 -2.2049346 4.1479683 90
-15.375766 -2.6013875 4.3954468 91
-13.291646 -2.6367006 4.0713558 1
-15.925001 -2.162313 3.8984635 85
-15.419986 -2.5185249 4.1028528 90
-14.476016 -2.7682822 4.1580601 90
-13.070802 -2.8725476 4.0383725 3
-15.6983 -2.4996858 3.8606396 100
-14.509962 -2.6964929 3.8735096 105
-13.168817 -2.8031733 3.7915907 4
-12.924154 -3.1217051 4.0315719 3
-14.529697 -2.6484964 3.5760825 113
-13.434793 -2.7998369 3.5964832 2
-13.031307 -3.0628345 3.7830157 3
-12.758346 -3.3591371 4.0184178 3
-14.303455 -2.9437914 3.538981 95
-13.276736 -3.0705979 3.5799592 2
-12.841181 -3.3069646 3.7599061 3
-12.529884 -3.5734878 3.9846139 4
-13.077084 -3.32741 3.5530102 1
-12.687847 -3.5571635 3.750402 5
-12.385097 -3.8075271 3.9810162 5
-12.897005 -3.58231 3.5321069 2
-12.497132 -3.7904711 3.7300344 4
-12.21112 -4.0284576 3.9696064 6
-12.72857 -3.8399768 3.518162 2
-12.37881 -4.0428147 3.7335987 3
-12.105112 -4.2690811 3.980175 6
-12.559801 -4.0871577 3.5089386 2
-12.21664 -4.2763782 3.7291522 2
-12.861681 -4.851593 4.3075032 3
-13.366635 -4.3739853 3.4374938 2
-12.401501 -4.3398805 3.5008023 2
-13.365111 -5.0256181 4.1546464 9
-13.255818 -5.3278546 4.5057511 80
-13.157234 -4.6367755 3.4103088 3
-12.90002 -4.8472576 3.6898186 3
-13.261976 -5.3125067 4.1693411 76
-13.061601 -5.5619478 4.4959545 75
-12.994042 -4.9162064 3.403404 8
-13.431299 -5.4015841 3.8990502 85
-13.08399 -5.5700212 4.1660948 76
-12.889046 -5.8033485 4.494628 70
-13.41218 -5.4389472 3.5621052 85
-13.238798 -5.6648149 3.8887947 79
-12.882783 -5.8092012 4.1534624 86
-12.725539 -6.0488186 4.5014987 75
-13.208901 -5.7091475 3.5488501 84
-13.03704 -5.9240208 3.879566 83
-12.708374 -6.0618906 4.1546011 76
-12.529462 -6.2721901 4.4941792 85
-12.995593 -5.9743462 3.5349298 94
-12.838587 -6.1793838 3.8716388 91
-12.533665 -6.3092542 4.1556563 75
-12.361488 -6.5089951 4.5000005 79
-12.790127 -6.2353897 3.524472 95
-12.644521 -6.4346485 3.8661892 96
-12.358518 -6.5550313 4.1573925 71
-12.180382 -6.7379546 4.5025525 87
-12.591541 -6.4975576 3.518239 92
-12.460765 -6.6901803 3.8660476 97
-12.193062 -6.8029833 4.1643715 74
-12.009638 -6.9672127 4.5102549 89
-12.398897 -6.7638197 3.5161233 98
-12.262228 -6.9365029 3.862633 97
-12.01623 -7.0471168 4.1702766 75
-11.839783 -7.1968288 4.5181675 91
-12.193626 -7.0174627 3.5120165 99
-12.068936 -7.1825876 3.8626726 102
-11.852826 -7.2947845 4.182672 75
-11.667621 -7.4267507 4.5292549 66
-11.99966 -7.2749434 3.5111814 102
-11.883427 -7.4365315 3.8698938 102
-11.650821 -7.5167651 4.1822305 72
-11.48894 -7.648087 4.537972 92
-11.794362 -7.5284677 3.5128765 52
-11.713122 -7.6954789 3.8809514 95
-11.504395 -7.7794862 4.205605 102
-10.824648 -7.5047069 4.3367 91
-11.616134 -7.7953038 3.5219378 102
-10.857427 -7.451571 3.646332 99
-10.771171 -7.593811 3.9940584 95
-10.657701 -7.719367 4.3502831 96
-10.775593 -7.561615 3.3126166 99
-10.684101 -7.6852188 3.6560655 94
-10.601327 -7.8201685 4.0067468 94
-10.980852 -8.3317795 4.5871 95
-10.592115 -7.8034458 3.3213322 99
-11.128258 -8.4230461 3.9037204 116
-10.932373 -8.4628038 4.231987 86
-10.804385 -8.552701 4.6026149 101
-11.023495 -8.5582323 3.546984 108
-10.935299 -8.6648054 3.915256 108
-10.746398 -8.693182 4.2464705 87
-10.619415 -8.7707415 4.6179657 97
-10.822277 -8.8088169 3.5575304 109
-10.744145 -8.9134741 3.9318955 108
-10.544436 -8.9086857 4.2546139 87
-10.446658 -8.9960384 4.6395707 94
-10.622835 -9.0662889 3.5742238 105
-10.56299 -9.1697121 3.9537959 105
-10.36211 -9.1465778 4.2762871 89
-10.281374 -9.2301645 4.6663933 99
-10.433434 -9.3313637 3.5941362 104
-10.366084 -9.4163971 3.9744081 108
-10.171317 -9.3752823 4.2957597 88
-10.104099 -9.4591703 4.6930232 94
-10.234613 -9.5900717 3.6141627 104
-10.182067 -9.674799 3.9996042 108
-9.9895973 -9.6143904 4.3217568 100
-9.9271622 -9.6872177 4.7199492 91
-10.031582 -9.8515511 3.6378994 111
-9.9832373 -9.9208183 4.0222073 108
-9.797761 -9.8490362 4.3463068 103
-9.7485914 -9.9168234 4.7485905 85
-9.8294859 -10.11334 3.6626525 111
-9.7896814 -10.175974 4.0499792 106
-9.6084251 -10.085569 4.3729081 98
-9.5724535 -10.154606 4.7823558 88
-9.6122961 -10.363695 3.6851003 104
-9.5894508 -10.432011 4.0806851 106
-9.4240208 -10.332164 4.4066834 101
-9.3894234 -10.384788 4.8139539 86
-9.4097281 -10.638969 3.7179198 96
-9.3873196 -10.687379 4.1122708 110
-9.2345324 -10.581223 4.4423347 96
-9.2079048 -10.622821 4.8495607 90
-9.2168169 -10.92909 3.7580926 106
-9.1838589 -10.949679 4.1469984 106
-9.0387754 -10.823972 4.4759202 101
-9.0184507 -10.859221 4.8871727 89
-8.9928436 -11.186575 3.7886231 111
-8.9906139 -11.228033 4.1901813 114
-8.8503799 -11.081802 4.5169744 104
-8.8516836 -11.127457 4.9396238 84
-8.7162495 -11.378852 3.7989454 41
-8.7835464 -11.496566 4.231144 109
-8.6570282 -11.346697 4.5629263 100
-8.6673946 -11.380874 4.9844213 86
-8.5775537 -11.776383 3.8787994 102
-8.5716124 -11.772487 4.2766519 113
-8.4631071 -11.616065 4.6105561 101
-8.4816446 -11.644575 5.036068 74
-8.3517122 -12.059193 3.9211676 99
-8.3512611 -12.039156 4.3180389 101
-8.2554703 -11.876274 4.6563082 92
-8.3019753 -11.924527 5.095665 76
-8.1272593 -12.359717 3.9737911 101
-8.1211634 -12.297619 4.3602595 90
-8.0588932 -12.159697 4.7141962 92
-8.106432 -12.192463 5.1513896 84
-7.8784566 -12.626622 4.0169044 79
-7.8531127 -12.506392 4.382555 90
-7.8535948 -12.441257 4.765923 108
-7.9683838 -12.567251 5.2467752 95
-7.2589698 -12.193745 3.8343823 93
-7.3006144 -12.172104 4.2217102 76
-7.3459315 -12.16752 4.6122742 63
-7.4125705 -12.188919 5.0353804 53
-7.0287991 -12.484551 3.8903513 92
-7.0774302 -12.442108 4.2746301 102
-7.1142612 -12.399941 4.656889 101
-7.1632452 -12.355428 5.0552607 88
-7.1709766 -13.58847 4.2007089 95
-7.1528068 -13.361053 4.5502234 91
-7.207963 -13.319604 4.9587169 125
-6.961175 -12.631708 5.1212788 122
-6.9262486 -13.932488 4.2747283 73
-6.9054813 -13.659928 4.6167369 101
-6.9732447 -13.612225 5.0253592 93
-7.1376581 -13.748628 5.5272336 84
-2.9428856 -5.0896153 1.545356 48
-6.6628699 -13.981606 4.6903682 98
-6.7466402 -13.933952 5.1028032 94
-6.9066272 -14.031918 5.5927401 87
-6.4022155 -14.625885 4.4295125 86
-6.4148779 -14.321265 4.770956 95
-6.5302906 -14.307427 5.2010574 99
-6.6626372 -14.313902 5.6596427 82
-6.0808988 -14.847021 4.4699974 90
-6.1596966 -14.665897 4.854795 92
-6.3297324 -14.756857 5.326786 84
-6.4370699 -14.657965 5.751863 69
-5.7702575 -15.128664 4.5335326 79
-5.8944039 -15.014539 4.9409399 88
-6.0742006 -15.109845 5.4214163 94
-6.1827326 -14.954515 5.8281717 80
-5.4776287 -15.487178 4.6224399 80
-5.6189857 -15.381916 5.0377965 88
-5.811523 -15.462494 5.5139003 83
-5.9290471 -15.284827 5.9171414 84
-5.185113 -15.891808 4.7244878 80
-5.3349824 -15.746186 5.1334705 86
-5.5405946 -15.828099 5.6139412 71
-5.6726017 -15.635395 6.0153794 84
-4.8761439 -16.309052 4.8361206 80
-5.064703 -16.219709 5.2661629 86
-5.2476001 -16.174774 5.7095327 88
-5.4020681 -15.972702 6.1097507 84
-4.5578241 -16.740686 4.9516692 78
-4.7878671 -16.740025 5.4160571 88
-4.9573021 -16.562008 5.8208351 89
-5.1253219 -16.344519 6.2182465 74
-4.2251983 -17.182241 5.0745988 70
-4.4666882 -17.168648 5.5402055 83
-4.6533742 -16.956738 5.93466 75
-4.837317 -16.718531 6.3307743 61
-3.7623582 -16.966106 5.0062103 66
-4.0512242 -17.160236 5.5257211 69
-4.328949 -17.318924 6.0416827 90
-4.5461578 -17.122107 6.452486 48
-3.3861532 -17.2609 5.0921326 65
-3.613302 -16.968586 5.4526434 75
-3.8715513 -17.012484 5.9171772 57
-4.182549 -17.239334 6.4704714 53
-3.1613777 -18.912737 5.5824351 55
-3.2732933 -17.433218 5.5984907 7
-3.4999945 -17.147224 5.9517484 55
-3.7381895 -16.913525 6.327754 49
-2.7531717 -19.43923 5.7431698 52
-3.0424676 -19.058138 6.1169963 58
-3.3111539 -18.721821 6.4854331 46
-3.4148054 -17.267351 6.4371367 55
-2.3190603 -19.994808 5.918581 42
-2.6419754 -19.609131 6.2955346 48
-2.9362876 -19.221132 6.6486888 36
-3.2316263 -18.875828 7.0179954 32
-1.8718454 -20.624517 6.1169076 41
-2.2227864 -20.144054 6.4691477 37
-2.5435228 -19.75573 6.8280158 35
-2.8666761 -19.351418 7.1757226 41
-1.3892556 -21.257444 6.3211946 44
-1.7810981 -20.728645 6.6622124 39
-2.131979 -20.289413 7.0068202 28
-2.4866641 -19.894859 7.3615255 25
-0.88085806 -21.973427 6.5542316 33
-1.3150635 -21.380999 6.8794832 21
-1.6994193 -20.900475 7.2164497 21
-2.0838189 -20.429531 7.5455275 35
-0.35794255 -21.880297 6.5519381 46
-0.81048787 -22.040493 7.1077361 53
-1.2375344 -21.488142 7.4201527 21
-1.653652 -21.017458 7.7523427 23
0.17003624 -21.956217 6.6026096 33
-0.30623204 -21.808067 7.0501609 51
-0.7466948 -22.073202 7.6290464 50
-1.2056212 -21.609791 7.9652042 24
0.87245429 -24.320148 7.3531842 22
0.21304026 -22.032183 7.1468029 18
-0.26190585 -21.776209 7.5360584 32
-0.72660244 -22.110582 8.1461382 41
1.5320899 -25.105877 7.6326742 28
0.89543253 -24.337719 7.9216366 20
0.24828485 -22.087782 7.6589041 9
-0.25578108 -21.743454 8.0119762 35
2.26332 -26.091833 7.9892483 23
1.5469761 -25.207071 8.2419109 17
0.92633957 -24.500286 8.513629 7
0.24043973 -22.10643 8.1454048 9
2.9956641 -26.803827 8.2573032 45
2.276967 -26.370436 8.6610823 15
3.6118617 -26.583115 8.2519073 27
2.9584391 -26.809469 8.8489466 26
3.5483782 -26.513016 8.799221 22
2.9299092 -26.811041 9.3997126 33
2.2166324 -26.44389 9.7765579 7
3.5053465 -26.514843 9.3197088 23
2.8606677 -26.822334 9.9172573 49
6.7918477 -31.439543 9.9944496 47
4.5658321 -28.852406 10.185555 15
3.4087577 -26.491686 9.8154278 24
6.6543303 -31.449522 10.619713 37
5.4709964 -29.917349 10.602443 13
4.4575667 -28.866394 10.717394 16
7.41468 -31.386513 10.667884 10
6.5640545 -31.541439 11.225937 42
5.422574 -30.357887 11.292716 19
14.32946 -40.712135 13.633307 34
10.542493 -33.639618 11.741901 11
17.321306 -45.392357 15.398889 23
14.052241 -40.831715 14.39225 45
18.293453 -44.725174 15.367406 23
14.960788 -40.392094 14.380371 59
13.899059 -41.155048 15.159363 22
19.246386 -44.069416 15.360011 23
15.790358 -39.779903 14.329436 47
14.761967 -40.635197 15.099861 22
20.158213 -43.325172 15.320333 30
16.595242 -39.151615 14.268929 39
15.595909 -40.086246 15.03263 17
18.445688 -37.598408 13.587472 30
17.396595 -38.578667 14.320875 28
16.35895 -39.454967 15.028183 18
21.967096 -41.982983 15.411437 33
18.095583 -37.791058 14.204395 42
17.081923 -38.692432 14.87935 15
22.866512 -41.295788 15.42086 46
19.01368 -37.465176 14.276093 20
17.857695 -38.095047 14.794568 24
16.812664 -39.00668 15.417229 23
23.758621 -40.608414 15.397467 44
18.639496 -37.511406 14.706835 35
17.604372 -38.462738 15.328806 23
24.638103 -39.95232 15.417996 38
23.297911 -40.875122 15.987714 20
19.420769 -36.971722 14.665745 37
18.379293 -37.878132 15.222278 21
25.524824 -39.299503 15.439806 37
24.177025 -40.215782 15.956206 17
20.188744 -36.40749 14.6039 56
19.144451 -37.329529 15.125083 17
23.109678 -33.998661 13.601124 26
25.051153 -39.582203 15.961373 18
20.956249 -35.850124 14.571422 60
19.901236 -36.745106 15.047186 18
27.241295 -37.943333 15.491761 24
25.931469 -38.96384 15.980355 19
21.702421 -35.255993 14.531467 55
20.696222 -36.251698 15.00602 14
28.133488 -37.303036 15.569242 31
26.749126 -38.260796 15.978699 18
22.442352 -34.673534 14.506713 50
28.952446 -36.588379 15.607002 21
27.641211 -37.648109 16.02289 20
23.140785 -34.035381 14.457931 59
22.091946 -34.949581 14.814866 25
29.830196 -35.935467 15.682742 30
28.487915 -36.989277 16.029749 17
23.937128 -33.522606 14.463333 56
22.770517 -34.290417 14.716675 57
30.714979 -35.291271 15.76528 28
29.331421 -36.313522 16.067284 21
24.705471 -32.968483 14.467624 52
23.567318 -33.778038 14.700562 68
27.685389 -30.473236 13.950832 26
30.28138 -35.749733 16.156168 25
25.453842 -32.396069 14.468761 56
24.311977 -33.213249 14.66033 54
32.471889 -33.961269 15.952579 23
31.104803 -35.052406 16.185705 26
26.201664 -31.823706 14.469041 52
25.062016 -32.658882 14.634308 62
33.434456 -33.368721 16.098148 25
28.012886 -30.2757 14.294888 23
26.953419 -31.243952 14.487318 56
25.808308 -32.09956 14.611925 68
28.881159 -29.808756 14.406646 23
27.65484 -30.621948 14.483457 66
26.554861 -31.527424 14.596459 81
29.642054 -29.21106 14.476414 33
28.452841 -30.084402 14.537244 64
27.291983 -30.95141 14.581506 73
30.421553 -28.630148 14.55615 50
29.224489 -29.517979 14.582445 63
28.035975 -30.363934 14.579972 53
32.262482 -26.845844 14.557263 38
31.178377 -28.017603 14.639923 51
29.964764 -28.918131 14.623535 56
28.81205 -29.811773 14.599293 75
28.290178 -22.571665 12.635296 35
31.860079 -27.3353 14.689609 54
30.757627 -28.351173 14.684885 56
29.587523 -29.245661 14.617072 67
28.896696 -21.986557 12.732982 18
31.670971 -25.962893 14.373638 13
31.546776 -27.761896 14.76334 60
30.347168 -28.658251 14.643194 66
24.597544 -17.952003 10.764806 22
28.477446 -22.36688 12.759514 57
32.130943 -26.999008 14.744212 36
31.125032 -28.069109 14.673473 67
25.036884 -17.400423 10.820523 45
28.187021 -22.717823 12.747975 23
31.840385 -27.405256 14.679234 65
24.744783 -16.381756 10.578352 15
28.743698 -22.095667 12.763277 36
21.044212 -13.346355 8.9676342 18
24.907627 -17.032946 10.74586 17
24.606909 -18.134611 10.806416 16
21.310677 -12.823476 8.9823618 94
24.953283 -17.51543 10.777618 44
21.644114 -12.355562 9.0291786 32
24.874138 -16.621885 10.573765 15
20.616043 -11.174935 8.5464945 24
21.469662 -12.699752 8.9693108 94
21.233864 -13.596638 8.9508047 8
25.042784 -17.15144 10.556395 36
19.865339 -10.21032 8.1847162 26
21.03105 -11.808038 8.7001972 21
21.219519 -12.912877 8.8219452 105
17.544313 -8.5792789 7.2221732 35
20.273523 -10.798484 8.3177624 26
21.608768 -12.465267 8.8615065 35
17.618828 -8.1157742 7.2029486 82
17.716522 -8.9892845 7.2458181 4
20.687672 -11.333234 8.3939009 20
21.490751 -12.716419 8.6832504 101
17.984589 -7.7787724 7.306006 78
17.48398 -8.3805971 7.0954924 83
19.959932 -10.360271 8.0213413 24
20.951952 -11.766379 8.3521299 29
17.500067 -7.114449 7.0796213 38
17.749468 -8.0031204 7.1384854 106
17.619581 -8.6960669 7.0441513 24
20.222687 -10.764687 7.9592476 29
17.003447 -6.4716711 6.8635387 53
17.797178 -7.5352416 7.1065269 59
17.599552 -8.1859484 6.9684949 88
17.737307 -8.9799614 6.93677 5
16.553505 -5.8804445 6.661078 58
17.274448 -6.8576002 6.8610044 69
17.96092 -7.8402672 7.0334091 120
17.481192 -8.3477659 6.7534509 88
15.794716 -5.223042 6.3486176 58
16.791727 -6.2317424 6.6333337 58
17.536001 -7.1789355 6.8115411 60
17.851889 -7.9989901 6.8059325 108
15.404633 -4.709043 6.1820531 67
16.018223 -5.5435305 6.3059287 75
16.786402 -6.4403434 6.4752522 64
17.732037 -7.454329 6.6825142 41
14.06813 -3.9778769 5.661314 58
15.588983 -5.0014095 6.1125083 84
16.226511 -5.8025641 6.2204766 63
16.844152 -6.6370587 6.2930217 48
13.914292 -3.5921474 5.5891242 69
14.171923 -4.2134809 5.5631227 3
15.800699 -5.2437186 6.0201058 69
16.371447 -6.0161738 6.0627046 58
14.19084 -3.3099282 5.6828604 87
13.987898 -3.8118129 5.469389 68
15.394425 -4.7173376 5.8318586 83
15.930744 -5.4330006 5.8512783 61
14.034459 -2.9357922 5.6169667 79
14.005592 -3.4628651 5.4555559 90
14.076417 -3.9802384 5.3288026 73
15.503304 -4.8854446 5.6509967 62
13.745873 -2.5476105 5.5055709 84
14.237366 -3.1623387 5.5205531 101
13.909145 -3.5782537 5.2377934 95
14.146785 -4.1159897 5.1401849 26
13.472989 -2.1804075 5.401299 76
13.954348 -2.7595677 5.4040642 84
14.223122 -3.2887802 5.320981 107
13.865245 -3.6748087 5.0052876 82
13.250751 -1.8307554 5.3185878 61
13.638691 -2.3700266 5.2771173 80
14.067157 -2.9039817 5.2410865 75
14.167268 -3.3821058 5.0695925 69
12.98888 -1.4924889 5.2234874 80
13.456347 -2.0131514 5.2008362 72
14.026976 -2.547281 5.2030296 101
14.4136 -3.0629761 5.1163321 103
12.862529 -1.1776795 5.1819334 60
13.365985 -1.6797957 5.1616449 95
13.708765 -2.1565037 5.0741067 93
14.097372 -2.6441152 4.9801006 75
12.745442 -0.87130564 5.1443539 105
13.085627 -1.3340973 5.0567136 83
13.450749 -1.7863241 4.9696546 91
13.791795 -2.2437174 4.8519444 74
2.8738625 -0.2296796 1.4460939 1
12.830151 -1.0052252 4.9616499 91
13.172184 -1.4305172 4.8596087 97
13.510478 -1.8614308 4.7346673 80
2.9354935 -0.14846808 1.4725268 43
12.594168 -0.68657357 4.8784523 85
12.906139 -1.0894234 4.7585611 96
13.214354 -1.4915603 4.6167064 90
2.9942517 -0.06506668 1.497973 52
2.885608 -0.1795862 1.3894635 34
12.648451 -0.76024181 4.6635237 67
12.954585 -1.1409453 4.51548 96
3.0685825 0.022600483 1.5311836 47
2.977046 -0.095620304 1.4234967 56
2.8670716 -0.19686463 1.3148706 17
12.6533 -0.79917985 4.4038606 41
3.1702256 0.11430378 1.5750148 46
3.0541809 -0.0070203189 1.4536631 53
2.9568703 -0.11136498 1.344909 52
2.8808129 -0.20634599 1.2447966 17
3.2559924 0.20905189 1.6150148 42
3.1405146 0.085774139 1.4876741 47
3.0399835 -0.021806898 1.3729912 49
2.9568887 -0.11815641 1.2659794 53
3.3576124 0.31026027 1.660754 44
3.2395563 0.18185164 1.5274954 46
3.1319871 0.072902881 1.4059129 48
3.0412159 -0.02609312 1.2910217 53
3.4592419 0.41465136 1.7084631 27
3.3417521 0.28428856 1.5692153 46
3.228097 0.17112014 1.4397495 46
3.1334751 0.070791952 1.3199185 51
10.662365 1.5105542 4.5069046 65
3.441397 0.39114019 1.6109245 33
3.3365762 0.27673039 1.4793597 45
3.2336528 0.17248853 1.3516701 49
10.720857 1.7766645 4.5575681 96
10.608722 1.4538776 4.2411504 60
3.4396503 0.38578203 1.5180044 38
3.3373067 0.27959678 1.3853259 47
10.543099 2.0001976 4.5155969 77
10.770252 1.7413403 4.3203192 93
10.596739 1.4462316 3.9873891 62
3.4587209 0.39381653 1.4256911 39
10.38983 2.2236438 4.4843225 89
10.570191 1.9709818 4.2675648 82
10.76986 1.7428721 4.0613227 91
10.665954 1.4798828 3.7432041 67
10.216929 2.4393551 4.4483705 91
10.415265 2.2022965 4.233233 89
10.563409 1.9787793 4.0055857 84
10.748484 1.7709455 3.7783217 94
10.063428 2.6511216 4.4192162 88
10.234668 2.4248698 4.191308 89
10.399849 2.2166433 3.9662967 89
10.553734 2.0192919 3.7273157 84
9.9039249 2.8587368 4.3891792 92
10.059197 2.6418068 4.1523762 109
10.232544 2.450084 3.9290986 86
10.379971 2.2621191 3.6831045 89
9.7359161 3.0603039 4.3593087 90
9.9015427 2.8595505 4.1222157 84
10.052882 2.6729689 3.8861599 117
10.195482 2.4992008 3.6390848 91
9.6057024 3.2663131 4.343925 89
9.7391739 3.0693579 4.0911932 109
9.8767843 2.8918116 3.848218 115
10.024992 2.7326074 3.5999279 90
9.4453669 3.461 4.3180285 87
9.5850992 3.2767258 4.0650926 117
9.721981 3.1137016 3.8199821 114
9.8494873 2.959043 3.5619037 88
9.2952099 3.6538789 4.2960243 86
9.4389763 3.4825792 4.0419087 115
9.5554743 3.3263257 3.7879841 117
9.6775208 3.1814151 3.5268769 85
9.1527205 3.8462238 4.2799306 86
9.2760906 3.6816828 4.0160012 50
9.4004278 3.5365262 3.7608685 65
9.4948187 3.3980319 3.4910409 112
9.0184975 4.039279 4.2677279 81
9.1325827 3.8831732 3.9978299 78
9.2346458 3.7409728 3.7329443 54
9.3391113 3.616462 3.4648526 49
8.8681307 4.2236691 4.2508125 79
8.9894075 4.0805588 3.9807155 77
9.0834599 3.949353 3.7128394 72
9.1805477 3.8307621 3.4397995 84
8.7262888 4.4078026 4.2378716 75
8.8376665 4.2750416 3.9637945 77
8.9348097 4.1533198 3.6937857 72
9.0083838 4.0383325 3.4130027 64
8.5943146 4.5942559 4.2307863 70
8.6704245 4.4557877 3.9401832 52
8.7843227 4.3535032 3.6757548 73
8.8648119 4.2524805 3.3957279 71
8.450695 4.7746387 4.2208281 59
8.5467072 4.6556172 3.9357855 67
8.6275721 4.5505157 3.6587949 65
8.6953239 4.4525337 3.3728955 65
8.3168221 4.955771 4.2169013 40
8.3943844 4.8378534 3.9220703 51
8.4802876 4.7461033 3.6468821 54
8.545785 4.6611032 3.3608785 55
8.1608829 5.1224523 4.2022319 35
8.246953 5.023283 3.9121122 45
8.338172 4.9438915 3.6367373 45
8.4013948 4.8686738 3.3496664 43
8.0205145 5.2965703 4.1962986 24
8.1309452 5.222609 3.9166327 32
8.1834269 5.1352839 3.6258121 43
8.2237682 5.0554223 3.3280675 34
7.891593 5.4777784 4.1981564 29
7.9623218 5.3923731 3.9000859 34
8.0344086 5.32546 3.6168203 31
8.0756512 5.2585793 3.3199334 32
7.7563524 5.6526055 4.1971378 20
7.8219533 5.5760102 3.8970444 30
7.8790889 5.5124464 3.6079297 33
7.9316936 5.4621119 3.3157413 34
7.6331873 5.8357911 4.2038894 17
7.6771631 5.7539244 3.8931201 26
7.7247319 5.69661 3.6010687 33
7.8045101 5.6756072 3.3192656 32
6.8517146 5.5406942 3.8854361 19
6.9209485 5.4982162 3.6119735 27
6.9665098 5.454061 3.3408177 36
6.9933071 5.415133 3.0638456 27
6.7346139 5.7058892 3.893316 20
6.794919 5.6677561 3.615926 31
6.8283777 5.6279306 3.340884 38
6.861136 5.6026506 3.0657144 39
6.6178312 5.8733296 3.9042034 18
6.6650715 5.8360062 3.6189771 37
6.6965971 5.8050308 3.3438842 44
6.7198195 5.7828383 3.0658073 41
7.0898018 6.5270848 4.2241488 25
7.1303964 6.492651 3.9139752 43
7.1660337 6.4703364 3.6167464 49
7.1933637 6.4631529 3.3184721 53
6.9739695 6.7170701 4.2438431 35
6.9904232 6.6754479 3.9220226 46
7.0228558 6.6626067 3.6247277 57
7.0355716 6.6546607 3.3206275 54
6.8296227 6.884645 4.2500525 56
6.8466706 6.8537884 3.9291201 53
6.8717847 6.8500824 3.6318264 61
6.8841462 6.852581 3.3286285 61
6.6903796 7.056088 4.2611604 62
6.7026887 7.0362868 3.9411125 65
6.7227235 7.0382185 3.6407595 67
6.7303534 7.0517783 3.3394458 67
6.5561051 7.2355251 4.2778673 77
6.5630651 7.2213588 3.9549489 72
6.5741167 7.2308269 3.6537094 70
6.5746732 7.2493863 3.3495042 71
6.4169593 7.4092121 4.2920232 82
6.4294529 7.4137993 3.9758055 100
6.4186373 7.415803 3.6659009 96
6.4188333 7.4511504 3.3645363 74
6.2840533 7.5902691 4.3129749 85
6.2794209 7.5953503 3.9909494 105
6.270822 7.6097169 3.6828709 109
6.2694292 7.6593146 3.3843782 77
6.1433673 7.7697077 4.3339806 87
6.1351981 7.782023 4.0099316 110
6.123076 7.809999 3.7047808 111
6.1032944 7.8543901 3.4005647 99
6.0039482 7.9485259 4.355998 85
5.9887996 7.9722123 4.033916 113
5.976625 8.0128393 3.7286336 115
5.9390807 8.0532904 3.4186738 110
5.8626509 8.1298771 4.3789964 88
5.8468223 8.1681347 4.0597911 115
5.8200445 8.2111998 3.7526777 114
5.7846651 8.2671871 3.4455447 116
5.7289248 8.3233538 4.4098167 87
5.7029366 8.3666134 4.0896902 117
5.6618729 8.4079781 3.7777746 117
5.6201053 8.4734192 3.4706585 112
5.5793791 8.5040522 4.4359818 86
5.5543141 8.5634747 4.1186748 70
5.5069227 8.6143045 3.8077633 53
5.4488306 8.6751614 3.4954515 48
5.4444089 8.7053699 4.473937 87
5.4002514 8.7614861 4.1500239 109
5.3559198 8.8313904 3.8449075 115
5.3001156 8.9195805 3.5397549 85
5.2961526 8.8940334 4.5063457 88
5.2452898 8.9603739 4.1850019 108
5.1899185 9.0379553 3.8784256 113
5.1329322 9.1458406 3.580071 86
5.1459174 9.0889502 4.5435925 89
5.0833197 9.1589336 4.2197819 109
5.0287757 9.2560673 3.9186084 112
4.9526181 9.3552246 3.6123703 86
4.986423 9.2763624 4.5734859 89
4.929544 9.3735867 4.2582159 85
4.8576322 9.4689474 3.9541507 115
4.7840538 9.5943899 3.6548135 87
4.8417354 9.490489 4.6192079 92
4.7690806 9.5844526 4.3010983 87
4.689899 9.6921244 3.9979382 85
4.6046357 9.8241539 3.6986158 89
4.6879249 9.697298 4.6639643 92
4.6039853 9.7990847 4.3450036 88
4.515523 9.9152422 4.0419416 87
4.4197388 10.056405 3.7447269 90
4.5297799 9.9069157 4.7099676 93
4.4370632 10.022621 4.3949609 88
4.3409872 10.14888 4.093894 88
4.2325048 10.30264 3.7977123 91
4.354352 10.092652 4.7473917 88
4.2651491 10.245514 4.4459577 89
4.1703491 10.409224 4.1574979 89
4.0447764 10.557152 3.8555753 94
4.1530948 10.238878 4.7664671 79
4.0882664 10.474116 4.5009513 90
3.9807723 10.640905 4.2106242 94
3.7047942 10.485958 3.7994881 53
3.9442322 10.36983 4.7798014 78
3.8886073 10.660052 4.5376315 82
3.5778232 10.396977 4.0819674 63
3.3042381 10.235518 3.6828656 86
3.7629838 10.570517 4.8281136 91
3.4693511 10.337506 4.3659506 53
3.2517135 10.287106 4.0090866 84
3.1033051 10.460203 3.7382066 85
3.371042 10.266706 4.6509247 56
3.1985018 10.334208 4.3303623 87
3.0611811 10.508985 4.0643682 86
2.9023409 10.700751 3.7994244 12
3.1565096 10.376719 4.6615624 86
3.0194738 10.56636 4.3943715 87
3.1857159 11.663132 4.4781332 95
3.0073385 11.903039 4.2006297 98
2.986335 10.60853 4.7298026 91
3.0678132 11.484077 4.7404027 87
2.9687068 11.923562 4.5523992 96
2.7726288 12.180851 4.2794042 100
3.0443695 11.530972 5.0986385 82
2.8659124 11.748343 4.8199034 92
2.7519941 12.222986 4.6427579 104
2.5380585 12.493239 4.3747482 97
2.8478577 11.786414 5.1779337 81
2.6582112 12.027964 4.906024 87
2.4880397 12.382974 4.6816611 73
2.2963524 12.818359 4.4726458 96
2.650203 12.065191 5.2677732 80
2.4425359 12.303729 4.9924331 82
2.224623 12.570469 4.7366204 89
2.0374067 13.121943 4.5694537 106
2.4567733 12.389996 5.3787193 79
2.2237182 12.612561 5.0956225 80
1.9857937 12.882455 4.8385501 82
1.7415744 13.302206 4.6231627 74
2.2839305 12.847081 5.5446739 86
1.989731 12.901699 5.1886253 80
1.7398088 13.229639 4.9535828 90
1.4598672 13.596017 4.7206492 81
2.0603364 13.158535 5.6520362 87
1.7550261 13.256942 5.3135118 86
1.4825655 13.577157 5.0725999 81
1.1775182 13.975158 4.8504634 76
1.822119 13.446654 5.7478728 86
1.5477613 13.821172 5.5203571 82
1.2129341 13.933035 5.1970334 89
0.87805241 14.327327 4.9740534 72
1.5784332 13.779681 5.8671355 79
1.2799925 14.170425 5.6471014 88
0.95474738 14.537234 5.4185705 87
0.56937993 14.75024 5.1254396 75
1.3188711 14.090215 5.9769549 82
1.001691 14.518075 5.7702789 86
0.65896046 14.976227 5.5783143 91
0.25540257 15.330186 5.3338265 90
1.0539347 14.440338 6.1061611 72
0.70880604 14.899274 5.9143004 83
0.34044275 15.406101 5.7391806 112
-0.12723434 15.205215 5.3061209 76
0.77708286 14.815694 6.2473469 77
0.40812233 15.316871 6.0720253 82
-0.02752579 15.270384 5.6954961 91
-0.49328664 15.103968 5.2865219 78
0.48341286 15.168474 6.3826203 84
0.064425848 15.356316 6.0890627 87
-0.39190018 15.05228 5.6255951 87
-0.85472071 16.949884 5.9524245 57
0.17000598 15.462897 6.4976983 89
-0.29698151 15.106456 5.9940863 89
-0.73946887 15.399583 5.7685695 61
-1.2727656 17.472792 6.161983 64
-0.16965155 15.204402 6.3664122 76
-0.62131739 15.323177 6.0669298 80
-1.1093663 17.263794 6.4607544 75
-1.707487 18.027802 6.3727441 61
-0.50343847 15.123311 6.3288498 73
-0.97485662 17.076611 6.7640433 84
-1.5289458 17.807018 6.6829195 84
-2.1851614 18.665583 6.6307993 57
-0.83382612 15.510558 6.4881968 11
-1.3711021 17.58226 6.9741449 88
-1.9808253 18.403845 6.9328489 57
-2.6960378 19.332088 6.9099927 58
-1.2038583 17.377375 7.2635398 60
-1.7965667 18.140295 7.210814 71
-2.4629982 19.036779 7.2036147 57
-3.2533872 20.078411 7.2258086 59
-1.6057011 17.909004 7.4876919 58
-2.2516942 18.733389 7.4626908 57
-2.9796252 19.69883 7.4861107 64
-3.7401354 20.032173 7.2640395 100
-2.032141 18.468075 7.7266703 26
-2.7361627 19.347668 7.7330246 4
-3.5081849 20.204012 7.720202 140
-4.2130122 19.919386 7.2809906 71
-3.254817 20.01063 8.0259056 70
-3.9413843 19.892031 7.6488442 132
-3.7212329 20.065962 8.0825081 100
-4.4553938 20.131191 7.7916255 16
-3.4847984 20.24011 8.512435 95
-4.1545105 19.886063 8.0459108 84
-5.5467391 23.172148 9.0251598 24
-6.7441936 24.293339 9.1195383 31
-3.8907993 19.934084 8.4073191 93
-5.0615754 22.269026 9.0517292 24
-6.1900449 23.528448 9.231657 20
-7.3476672 24.208225 9.1893539 81
-4.3849015 20.146458 8.5286322 36
-5.7195935 22.895613 9.3598528 22
-6.997788 24.438354 9.6716623 75
-8.0414629 24.439409 9.38272 97
-5.253304 22.254251 9.4496975 32
-6.6448603 24.511732 10.085773 26
-7.5972514 24.407461 9.7509365 34
-8.5647898 24.074928 9.3580236 74
-6.0925293 23.7271 10.121255 22
-7.195148 24.352741 10.091594 95
-8.2129173 24.390409 9.8439837 85
-9.0604753 23.657606 9.3150549 76
-6.8472795 24.57148 10.531037 66
-7.862803 24.62488 10.280987 66
-8.7076807 24.003149 9.7859068 90
-9.5564108 23.268148 9.2878647 99
-7.3344784 24.228588 10.439473 87
-8.369565 24.288136 10.223538 87
-9.1893539 23.598795 9.7277832 100
-10.042832 22.894938 9.2646532 106
-8.0149364 24.573963 10.65153 107
-8.8551292 23.923119 10.157663 85
-9.6663675 23.21883 9.6819363 89
-10.520488 22.521318 9.2486353 101
-8.4938278 24.207136 10.557199 70
-9.3304768 23.547079 10.092371 105
-10.13634 22.834164 9.6396646 96
-11.005268 22.163483 9.2473526 106
-8.9712744 23.852446 10.477822 102
-9.8019524 23.181862 10.033991 124
-10.604066 22.477776 9.6111298 87
-11.145306 21.122894 8.9580765 25
-9.442625 23.497839 10.401765 82
-10.269329 22.835012 9.9856396 106
-11.055315 22.089827 9.5720959 124
-11.680913 20.947515 9.0301943 74
-9.8955793 23.125864 10.320068 90
-10.727495 22.474146 9.9390192 113
-11.201068 21.099928 9.2753172 54
-12.401136 21.097012 9.2558384 93
-10.361295 22.805918 10.263092 95
-11.181211 22.138306 9.9021254 121
-11.681423 20.845106 9.2980127 10
-12.850449 20.747059 9.2660112 99
-10.810821 22.459749 10.200236 83
-11.275405 21.068525 9.5395718 86
-12.42338 21.071791 9.5434456 111
-13.295906 20.392101 9.2801256 101
-11.252425 22.10894 10.140208 102
-11.768001 20.849773 9.565897 5
-12.87679 20.745855 9.5461941 81
-13.750215 20.048018 9.3060522 98
-11.330196 21.0299 9.7493725 100
-12.528769 21.116642 9.8210812 108
-13.321483 20.400618 9.549221 118
-14.211646 19.719446 9.3461523 95
-12.133786 21.409079 10.038844 89
-12.965352 20.768686 9.8005981 108
-13.766503 20.057291 9.5606308 100
-14.668328 19.390198 9.3894043 106
-12.580229 21.095749 10.009612 118
-13.404558 20.437822 9.7874403 114
-14.212016 19.730776 9.5795031 86
-15.110297 19.038586 9.4294586 93
-13.01363 20.762508 9.9744453 89
-13.851821 20.115883 9.7893572 117
-14.668834 19.422617 9.6094389 85
-15.56328 18.710709 9.4815435 97
-13.450752 20.440687 9.9493151 97
-14.286105 19.783527 9.7872887 109
-15.123672 19.111984 9.64641 102
-16.007044 18.371157 9.531642 93
-13.877984 20.10531 9.922205 100
-14.721241 19.454039 9.7912626 105
-15.585323 18.800074 9.691576 79
-15.997037 17.501982 9.3105612 72
-14.314228 19.778397 9.9064579 92
-15.149306 19.116291 9.7944632 109
-16.023149 18.464478 9.7278128 85
-16.413458 17.147413 9.3644943 16
-14.741332 19.446243 9.8913803 89
-15.590586 18.790031 9.8145456 98
-15.969543 17.55184 9.4584179 30
-17.413771 17.419952 9.7677698 85
-15.170279 19.110342 9.8823166 85
-16.030325 18.459131 9.8374147 104
-16.391018 17.214569 9.5011044 21
-17.856638 17.06282 9.8379574 90
-15.60853 18.79421 9.8845034 93
-15.969476 17.551388 9.5486212 51
-17.345821 17.449451 9.8678436 91
-18.297012 16.712831 9.9141636 97
-16.046621 18.471039 9.8898773 99
-16.377838 17.214468 9.5694542 20
-17.799557 17.121309 9.9312983 88
-18.768139 16.381149 10.011613 95
-15.95958 17.531649 9.5670404 58
-17.33497 17.454176 9.922226 114
-18.235056 16.769934 9.9892797 90
-19.241129 16.039448 10.114929 71
-16.38059 17.213486 9.5795717 17
-17.785593 17.128241 9.9691563 86
-18.701742 16.436579 10.066453 88
-19.699568 15.682582 10.211208 83
-17.359369 17.479639 9.9323568 94
-18.230467 16.791582 10.01611 89
-19.151623 16.087791 10.140564 106
-20.165785 15.327355 10.319555 91
-17.781158 17.12635 9.9431906 99
-18.684696 16.451797 10.073192 94
-19.617851 15.747241 10.226784 109
-20.630936 14.956665 10.431018 101
-18.230333 16.795557 9.9761372 101
-19.133867 16.106319 10.127259 82
-20.088364 15.394708 10.320148 86
-21.12191 14.603697 10.560614 76
-18.690142 16.462254 10.018218 84
-19.590187 15.760579 10.192405 112
-20.551584 15.036183 10.411509 85
-20.926981 13.764709 10.338869 99
-19.128948 16.107435 10.052626 93
-20.067106 15.423621 10.27228 91
-21.02964 14.67885 10.516744 97
-22.097013 13.862853 10.827011 93
-19.593262 15.769274 10.102368 99
-20.524063 15.055351 10.346058 97
-20.864578 13.862372 10.294171 55
-22.620098 13.493782 10.987196 62
-20.061371 15.423671 10.158703 95
-21.009197 14.705182 10.433593 86
-21.255629 13.449023 10.366165 7
-23.119179 13.103273 11.137213 88
-20.534109 15.067036 10.221138 87
-20.848156 13.89057 10.196787 51
-22.513977 13.57452 10.876339 78
-23.63298 12.709929 11.298414 78
-21.004587 14.703779 10.284598 94
-21.21349 13.456236 10.239665 12
-23.021816 13.193637 11.011365 94
-24.19552 12.324465 11.488093 60
-20.844315 13.887789 10.034804 61
-22.480318 13.593551 10.732826 86
-23.540285 12.807067 11.154556 60
-24.708748 11.904954 11.659502 81
-21.268251 13.489574 10.086027 9
-22.987156 13.211846 10.843831 84
-24.091707 12.418941 11.319103 56
-25.267588 11.493355 11.856319 66
-22.492125 13.594811 10.530931 74
-23.497904 12.814109 10.96498 85
-24.614691 12.005572 11.469519 52
-25.15941 10.761719 11.737325 49
-22.992958 13.20409 10.621323 83
-24.016016 12.410227 11.090455 65
-25.158867 11.586626 11.636175 78
-25.598814 10.285266 11.885059 65
-23.526318 12.813385 10.731558 88
-24.567284 12.011496 11.235953 91
-25.113287 10.881328 11.528578 36
-24.994146 9.3884335 11.541804 28
-24.053679 12.410945 10.838798 78
-25.144608 11.602896 11.398785 37
-25.532272 10.396349 11.647259 67
-24.295996 8.4977837 11.165408 27
-24.612795 12.009403 10.966352 88
-25.106258 10.902398 11.275167 32
-25.057917 9.539958 11.354074 29
-21.959524 7.0982995 10.016992 7
-25.183514 11.589684 11.104012 69
-25.501993 10.402046 11.364859 67
-24.271593 8.6093369 10.922984 28
-21.782164 6.5095682 9.904645 60
-25.107275 10.864456 10.952468 55
-25.062132 9.5538998 11.074989 24
-23.750135 7.8227201 10.624791 27
-22.167732 6.0994067 10.066483 87
-25.545633 10.375729 11.036407 73
-24.294954 8.6249952 10.645892 28
-21.766647 6.6019931 9.6604271 46
-21.984461 5.5294108 9.961937 49
-24.976099 9.4701509 10.681545 32
-23.724916 7.8159719 10.317019 26
-22.101522 6.1735396 9.7773018 86
-21.465559 4.8949809 9.7062998 36
-24.26058 8.55867 10.275063 32
-21.7554 6.5916424 9.3744431 44
-21.998241 5.6216407 9.6974497 51
-20.718004 4.2371693 9.3497009 51
-22.026617 7.1700978 9.2186594 4
-22.067677 6.1529508 9.4626493 98
-21.206846 4.9047303 9.3094044 45
-20.302603 3.687063 9.1504135 57
-21.728678 6.5204906 9.0206995 56
-21.686846 5.5197864 9.2476139 75
-20.758535 4.3143077 9.0830564 58
-19.89093 3.1625156 8.9589281 53
-22.057003 6.0807319 9.099844 76
-21.203773 4.8819108 8.9962702 43
-20.338476 3.755753 8.8759527 68
-19.685059 2.6891384 8.869523 47
-21.608414 5.4239559 8.8512392 57
-20.820234 4.300415 8.7927685 43
-20.25705 3.2804489 8.8279629 58
-18.256571 2.0779979 8.2065058 39
-21.475008 4.867825 8.7463379 47
-20.882177 3.829464 8.7933531 4
-18.047981 1.6610926 8.1204023 69
-3.7598255 0.12891532 1.3706015 6
-18.024803 1.6850913 7.8087535 71
-3.7291746 0.06323269 1.3598025 32
-18.20278 2.0597718 7.5706306 65
-3.7726114 0.13386646 1.3246962 8
-3.7391038 -0.00029421216 1.3694408 31
-18.027653 1.6309892 7.4892635 83
-3.7381897 0.066282198 1.3108702 33
-3.8163574 -0.063300282 1.410831 11
-18.138922 1.9499108 7.1938529 73
-3.8042543 0.12609893 1.283108 0
-3.7667027 0.0017546677 1.3267255 31
-18.083553 1.5270884 7.1567163 63
-3.7701733 0.056270845 1.2682929 28
-18.481701 1.1443734 7.3112683 98
-3.8100657 -0.0089524817 1.2872653 27
-17.12524 -0.99262261 7.8818302 4
-3.823612 0.037919648 1.2290089 52
-17.658966 0.022360565 7.3442693 89
-17.197845 -0.64717931 7.5276661 16
-16.820351 -1.3321455 7.7761288 3
-3.8134546 -0.032595035 1.2244626 57
-17.362776 -0.36344618 7.2280798 94
-16.889622 -1.0023625 7.4153295 89
-16.535633 -1.663399 7.6831021 4
-3.7764018 -0.1013204 1.2097024 23
-17.111765 -0.74077231 7.137166 88
-16.63661 -1.3484346 7.3309374 85
-16.150776 -1.9682398 7.5406923 60
-3.7560031 -0.16911948 1.202077 4
-16.831545 -1.1016818 7.0350547 83
-16.38101 -1.6859697 7.246892 75
-15.915077 -2.2776303 7.474618 39
-16.95796 -0.88637173 6.6966038 82
-16.530106 -1.4497628 6.9265218 87
-16.134985 -2.0125842 7.1708026 88
-15.661606 -2.576369 7.3992119 72
-16.680372 -1.2509576 6.5964766 78
-16.306374 -1.7944803 6.8558335 85
-15.887731 -2.3303285 7.0956244 85
-14.558971 -2.7059751 6.9018359 69
-16.407221 -1.6054144 6.5003133 74
-16.043734 -2.1275289 6.7713904 87
-14.781426 -2.4900341 6.6150503 2
-13.256435 -2.7425351 6.2950821 2
-16.137981 -1.9524702 6.4107361 77
-15.771983 -2.4468815 6.6837893 88
-13.351221 -2.5385218 5.9764314 2
-13.042217 -2.9805126 6.2406826 2
-15.911664 -2.2920043 6.342051 66
-14.637542 -2.6003046 6.2133646 50
-13.142332 -2.7888777 5.9201937 3
-12.847211 -3.2144115 6.1954641 2
-15.648534 -2.6190882 6.2628489 82
-13.298536 -2.657268 5.6448359 2
-12.952604 -3.0382919 5.8761625 3
-12.685822 -3.4511926 6.1686463 2
-14.527425 -2.7663593 5.81952 71
-13.096532 -2.9152277 5.5917377 2
-12.800301 -3.2887123 5.8505602 3
-12.509027 -3.6806505 6.1375933 2
-13.140695 -2.8018079 5.2592731 2
-12.876012 -3.162725 5.5323162 2
-12.626969 -3.5299528 5.8175879 2
-12.317241 -3.8987722 6.0991931 3
-12.945621 -3.0642841 5.2111773 2
-12.691673 -3.4119129 5.4922304 3
-12.409737 -3.7521992 5.762908 1
-12.133341 -4.112175 6.065814 3
-12.491954 -3.6506221 5.4468846 3
-12.275037 -3.9969771 5.7543421 1
-13.83557 -5.0457768 7.0625777 4
-12.310107 -3.8921747 5.4137621 2
-12.152585 -4.2427125 5.7529202 2
-13.619287 -5.2862086 7.0260768 62
-12.163596 -4.1369848 5.3975 2
-13.68391 -5.1428523 6.6092033 55
-13.436522 -5.5343242 7.0118399 62
-13.801549 -5.0692139 6.2450294 2
-13.511423 -5.4084363 6.5956545 75
-13.241828 -5.7755609 6.9917278 66
-13.87159 -5.0154948 5.8623385 2
-13.572853 -5.3275704 6.2056007 80
-13.322373 -5.6643519 6.576612 76
-13.061296 -6.0185046 6.9816508 67
-13.605522 -5.2697482 5.8033915 66
-13.369323 -5.5891833 6.1784186 78
-13.118273 -5.9088631 6.5522809 75
-12.866663 -6.2503533 6.9653211 72
-13.403137 -5.5465193 5.7793493 67
-13.149476 -5.8400044 6.1449628 81
-12.931362 -6.1612563 6.5422087 88
-12.696158 -6.4913802 6.9643388 75
-13.1854 -5.8096576 5.7490196 74
-12.962202 -6.102838 6.1339736 80
-12.747327 -6.408289 6.5321231 86
-12.504304 -6.7209721 6.9550204 77
-12.988962 -6.0810175 5.7329969 77
-12.770553 -6.359971 6.1208863 85
-12.542544 -6.6451392 6.5157194 88
-12.327804 -6.9546776 6.953959 84
-12.779623 -6.3406219 5.7118535 76
-12.576595 -6.6141844 6.1109028 81
-12.376222 -6.8980975 6.522069 82
-12.150233 -7.1879883 6.9579992 78
-12.575588 -6.5998878 5.6967726 82
-12.380136 -6.8633227 6.1018229 84
-12.188607 -7.1364827 6.5189953 86
-11.971145 -7.4165649 6.961916 87
-12.375913 -6.8616595 5.6887097 82
-12.194064 -7.1159616 6.0988116 88
-12.008202 -7.3815117 6.5229635 88
-11.798042 -7.6460981 6.9708366 82
-12.173464 -7.1161585 5.6795077 90
-11.98698 -7.3530531 6.0884128 102
-11.814651 -7.6126184 6.5216284 98
-10.979788 -7.4073176 6.5622883 98
-11.982165 -7.3781419 5.6787992 92
-11.803205 -7.6080875 6.0957136 92
-10.998639 -7.3938403 6.14397 89
-10.810084 -7.6204362 6.5727878 85
-11.785362 -7.6361189 5.6809788 90
-10.983973 -7.3965168 5.7420216 92
-10.810062 -7.6060276 6.1448288 91
-10.626219 -7.818274 6.5757794 108
-10.940742 -7.4183278 5.3420491 101
-10.786462 -7.6164513 5.7421999 93
-10.633276 -7.8233671 6.1543708 95
-11.106882 -8.5694151 7.0399971 81
-10.751116 -7.6525974 5.3472285 91
-10.603515 -7.8435392 5.7512202 106
-11.109017 -8.5848064 6.5871511 103
-10.928001 -8.7937021 7.0578866 87
-10.538974 -7.873106 5.3446736 36
-11.056941 -8.6039944 6.1466255 96
-10.909964 -8.8129091 6.59974 92
-10.764081 -9.0325851 7.0909591 87
-11.002861 -8.6625471 5.7244062 94
-10.859074 -8.8441105 6.1603265 86
-10.732174 -9.0555592 6.626688 90
-10.592626 -9.2657528 7.1218991 79
-10.809863 -8.9222364 5.7453241 99
-10.67956 -9.1041079 6.1913991 90
-10.550598 -9.2969227 6.6535811 95
-10.414199 -9.4975986 7.1547489 81
-10.616793 -9.1850443 5.7712674 102
-10.49094 -9.3567991 6.2203074 91
-10.360528 -9.5322409 6.6793284 87
-10.242347 -9.7348337 7.1907163 77
-10.420192 -9.4487486 5.8011775 98
-10.299789 -9.6075706 6.2501712 95
-10.183121 -9.7855091 6.7214084 88
-10.057188 -9.9643707 7.2265887 75
-10.217553 -9.7082911 5.8291349 88
-10.100914 -9.8588591 6.2831345 89
-9.9906292 -10.024177 6.7553291 86
-9.8764 -10.196432 7.2655411 77
-10.02354 -9.9823151 5.8712883 97
-9.9033117 -10.109521 6.3180528 87
-9.8083868 -10.278948 6.8014297 88
-9.6980448 -10.436685 7.3115401 83
-9.8139296 -10.240525 5.9050603 95
-9.7084904 -10.367435 6.3599634 85
-9.61553 -10.524859 6.8432631 86
-9.51688 -10.675988 7.3574495 71
-9.6054878 -10.504381 5.9458671 90
-9.5194368 -10.642035 6.4150786 92
-9.4263391 -10.778475 6.892909 87
-9.3158655 -10.899613 7.3953166 81
-9.3977203 -10.775356 5.9909801 86
-9.3142624 -10.899104 6.4611273 85
-9.2312479 -11.030336 6.9443417 87
-9.1428013 -11.160641 7.4614849 81
-9.1862612 -11.050721 6.0441475 84
-9.1163378 -11.17164 6.5176125 85
-9.0418596 -11.29944 7.0067449 87
-8.9532843 -11.408612 7.5215664 74
-8.9790974 -11.338214 6.1039958 80
-8.9130707 -11.447813 6.5801311 78
-8.8381109 -11.552225 7.0622339 86
-8.7627172 -11.659492 7.5813599 75
-8.7676039 -11.631552 6.1711798 81
-8.702054 -11.718076 6.6413417 83
-8.6284332 -11.809193 7.1234527 82
-8.5719318 -11.916482 7.6498947 63
-8.5491791 -11.920378 6.237669 76
-8.4900026 -11.999799 6.7081575 86
-8.4264822 -12.08278 7.1932249 83
-8.3530331 -12.14435 7.6990061 72
-8.3251534 -12.214995 6.308187 75
-8.2707167 -12.281059 6.780211 81
-8.2315998 -12.378613 7.2796664 80
-8.1589632 -12.416209 7.7792535 86
-8.0950356 -12.509459 6.3822093 78
-8.0585928 -12.581598 6.8643193 97
-7.9548535 -12.546639 7.2936325 68
-7.8071623 -12.412435 7.687644 25
-7.5690947 -12.280128 6.1918039 56
-7.469594 -12.202477 6.5809679 43
-7.3680711 -12.130477 6.972414 64
-7.34938 -12.202379 7.4748263 58
-7.2117944 -12.326275 6.1489396 79
-7.1914206 -12.371417 6.6016712 87
-7.1715484 -12.420585 7.066 84
-7.1497912 -12.458755 7.5538745 71
-6.9896383 -12.635995 6.2421985 114
-7.3606467 -13.46476 7.1168547 70
-7.3582315 -13.532538 7.6252065 92
-7.3219609 -13.511245 8.1161852 80
-7.1339006 -13.783646 6.7541351 87
-7.1206841 -13.78137 7.2210774 79
-7.125843 -13.836056 7.7293944 81
-6.8720388 -14.113859 6.8617835 77
-6.8729038 -14.114326 7.3402638 80
-6.8803415 -14.133706 7.8316045 87
-6.6070471 -14.432727 6.9648824 82
-6.6194596 -14.420209 7.4386382 87
-6.63551 -14.430182 7.931479 84
-6.3330865 -14.78327 7.0859542 81
-6.3659711 -14.775385 7.5673122 38
-6.3905931 -14.763624 8.0545416 34
-6.0554032 -15.147735 7.2173104 51
-6.0960393 -15.123515 7.6964717 53
-5.7742848 -15.543879 7.3660007 23
-5.8202968 -15.47928 7.8310556 59
-5.4819074 -15.962408 7.5295839 17
-5.5350609 -15.846438 7.9754062 53
-5.1614556 -16.329453 7.6697502 52
-5.2367878 -16.231592 8.1288328 10
-4.8464189 -16.769955 7.8508687 50
-4.5137439 -17.222404 8.0406313 44
-4.7297769 -16.95822 8.9453592 38
-4.8708382 -16.930149 9.4754295 15
-4.0658932 -17.131151 7.9791265 30
-4.239819 -17.23646 8.5380497 24
-4.4094572 -17.323471 9.1016712 43
-4.5584216 -17.241123 9.6043224 40
-3.6294816 -17.060555 7.9331207 32
-3.774744 -16.928679 8.3636065 32
-3.9517927 -17.01395 8.9081001 19
-4.1556239 -17.133457 9.5021639 17
-3.4315274 -17.340828 8.5521784 17
-3.5788295 -17.133247 8.9458961 19
-3.7457399 -16.963131 9.3743982 20
-3.3921347 -18.677341 9.7341776 13
-3.4309275 -17.388269 9.5794897 8
-2.9947448 -18.950939 9.8607225 16
-3.2117651 -18.676552 10.260173 17
-2.3894529 -19.827642 9.7663317 12
-2.6097684 -19.420496 10.092437 15
-2.8757184 -19.364233 10.612449 13
-1.684334 -20.969397 9.7838955 14
-1.9481684 -20.30225 10.002248 15
-2.2085812 -19.959345 10.358395 14
-2.5025918 -19.949118 10.908997 16
-1.181939 -21.297787 9.9599104 21
-1.4953603 -20.895813 10.302716 14
-1.7980521 -20.835875 10.81153 17
-2.1046205 -20.473709 11.174187 13
-0.65412802 -21.981037 10.313042 24
-1.0070782 -21.903812 10.82259 12
-1.337743 -21.485664 11.157372 10
-0.13185041 -21.725151 10.234024 20
-0.49731857 -21.885696 10.837846 19
0.51688159 -23.85475 11.283881 8
0.48933694 -21.472975 10.684523 4
4.3678083 -28.907064 14.72615 11
2.706975 -26.559834 14.539324 15
3.3190184 -26.728296 14.657943 9
3.8526778 -26.382662 14.506753 9
9.0899992 -29.878809 15.366756 13
7.9261804 -29.004295 15.301394 7
5.8867826 -27.371212 15.206978 10
9.7272358 -29.453213 15.309735 12
8.6148415 -28.854683 15.355012 11
10.341903 -28.981249 15.238107 18
8.1663322 -27.903234 15.30929 11
10.928423 -28.482634 15.156756 19
8.8345575 -27.845446 15.389522 9
7.7748423 -27.298376 15.365515 11
11.536926 -28.076799 15.125658 20
10.616717 -28.25618 15.472578 9
8.3732471 -27.132504 15.357141 11
12.112502 -27.60216 15.070453 20
11.271867 -28.019915 15.504672 13
12.70883 -27.186874 15.05866 22
11.933599 -27.794241 15.550735 13
9.6135111 -26.910688 15.413677 10
13.266932 -26.718212 15.010563 18
12.514944 -27.397909 15.513936 11
11.40515 -27.189354 15.542306 13
10.225933 -26.74634 15.430299 11
13.845175 -26.305599 15.009234 22
13.051691 -26.914181 15.442587 14
12.024156 -26.947304 15.562748 13
10.879704 -26.67523 15.506911 12
14.414036 -25.876177 15.013132 22
13.580708 -26.448803 15.382612 17
12.690455 -26.789946 15.638254 13
11.509089 -26.531567 15.548246 12
14.965105 -25.438486 15.008235 20
14.147527 -26.056787 15.370371 16
13.309981 -26.53894 15.673725 10
12.131666 -26.352137 15.587624 15
15.524571 -25.009142 15.029033 18
14.685916 -25.629383 15.345264 19
13.932855 -26.280798 15.713092 16
12.791222 -26.241739 15.6651 13
16.080074 -24.594442 15.05378 15
15.233994 -25.22621 15.334908 19
14.466508 -25.865685 15.657872 11
13.415043 -26.026768 15.693161 12
16.628672 -24.168228 15.078024 19
15.758581 -24.790133 15.313847 22
14.995414 -25.453278 15.613654 19
14.041457 -25.829969 15.733935 19
17.167761 -23.733101 15.107286 18
16.310106 -24.388515 15.330013 18
15.495541 -25.001539 15.554547 18
14.676497 -25.610929 15.782253 13
17.713432 -23.306892 15.151975 22
16.844261 -23.972719 15.338748 16
16.03297 -24.60935 15.538631 22
15.287816 -25.351055 15.808601 18
18.261305 -22.878155 15.20819 23
17.367455 -23.54598 15.345711 18
16.548124 -24.183132 15.513098 18
15.677121 -24.745161 15.631477 18
18.82353 -22.475214 15.284882 21
17.923286 -23.15399 15.390253 16
17.096613 -23.81192 15.521573 19
16.283125 -24.476841 15.664895 18
19.357529 -22.030443 15.348306 19
18.456194 -22.741093 15.424142 18
17.605772 -23.380562 15.506879 16
16.768162 -24.032522 15.597588 20
19.939569 -21.64053 15.444143 17
18.996914 -22.325268 15.462327 18
18.14535 -22.990593 15.515237 21
17.313381 -23.667019 15.583528 13
20.471373 -21.196211 15.523398 16
19.520628 -21.906668 15.507987 18
18.676273 -22.592503 15.539007 19
17.813705 -23.238111 15.547916 17
21.10359 -20.845531 15.686312 13
20.143225 -21.572147 15.636547 17
19.168152 -22.147785 15.538145 16
18.330305 -22.837156 15.532563 19
21.478558 -20.243834 15.669043 13
20.651505 -21.11964 15.678385 11
19.838459 -21.88192 15.67286 12
18.859674 -22.445221 15.530141 19
21.793365 -19.604954 15.615561 9
21.053173 -20.56735 15.65241 13
20.338905 -21.429052 15.68532 18
19.421501 -22.076006 15.557407 13
22.18693 -19.036345 15.630525 13
21.514807 -20.06531 15.674259 10
20.817133 -20.958317 15.686525 14
20.067619 -21.794044 15.652071 19
22.54241 -18.450815 15.630507 12
21.839731 -19.448933 15.617004 10
21.244623 -20.44101 15.660095 14
20.594263 -21.371687 15.662449 18
22.858086 -17.841322 15.61384 12
22.241177 -18.916939 15.618697 11
21.694372 -19.945415 15.662365 13
21.084969 -20.922411 15.654444 14
23.145147 -17.219362 15.592518 10
22.616838 -18.361622 15.614194 9
22.077234 -19.393257 15.617912 14
21.546833 -20.430563 15.626975 16
23.436317 -16.609356 15.576113 14
22.942312 -17.766731 15.582847 14
22.470814 -18.853148 15.59466 15
22.020786 -19.952368 15.617103 10
23.270607 -17.183033 15.56146 12
22.859842 -18.304893 15.577474 10
22.449329 -19.434065 15.58453 13
23.57966 -16.585993 15.540809 8
23.284876 -17.783466 15.588869 13
22.936331 -18.954927 15.598424 12
21.045364 -12.898102 13.581999 74
23.569632 -15.794607 15.328912 11
23.621378 -17.20429 15.55432 12
23.366856 -18.436125 15.588171 14
21.442497 -12.466528 13.699463 54
20.99437 -13.455895 13.555511 7
23.747654 -17.874269 15.545946 14
20.793156 -11.479081 13.183115 20
21.102858 -12.866294 13.461052 53
20.044313 -10.499711 12.62347 20
21.449898 -12.408321 13.527423 34
20.892797 -13.23614 13.245938 20
17.466961 -8.7133808 10.986573 12
20.402678 -11.220615 12.754903 15
21.22794 -12.774273 13.266756 79
22.872421 -14.930188 14.264029 27
17.427273 -8.1948977 10.881947 71
19.835705 -10.341055 12.291683 20
21.387007 -12.209321 13.196183 25
20.963326 -13.069537 12.922942 61
17.702703 -7.8286476 10.970565 83
17.52145 -8.6912479 10.82356 13
20.370962 -11.046954 12.447986 19
21.383162 -12.652756 12.977657 61
17.226526 -7.1590514 10.626765 31
17.439056 -8.1618233 10.679266 75
19.643429 -10.099478 11.886836 23
20.806978 -11.695009 12.46669 21
16.700134 -6.5074649 10.26107 31
17.678667 -7.7788916 10.730265 80
17.472048 -8.5412273 10.519245 22
20.085018 -10.711655 11.891367 26
16.623089 -6.0443072 10.164689 65
17.175117 -7.1058559 10.362886 31
17.554733 -8.0853786 10.460394 98
17.595366 -8.9351263 10.351911 5
16.958271 -6.5633807 10.166273 42
17.506514 -7.5797577 10.334865 32
17.383602 -8.3306684 10.111553 77
16.920609 -6.1063418 10.078373 4
17.423878 -7.0693731 10.196965 40
17.70607 -7.9758506 10.171031 87
14.037446 -4.0773764 8.5583782 11
17.715235 -7.4790092 10.056286 59
13.823589 -3.675106 8.411581 66
13.90108 -3.3488197 8.4355812 72
14.023925 -4.0392776 8.3013325 23
14.240738 -3.0804751 8.611412 93
13.790532 -3.6327527 8.1427526 89
14.094273 -2.7093589 8.5201225 69
13.965182 -3.3289587 8.2076302 96
13.970077 -3.9165499 7.982317 61
16.045328 -5.1006422 8.8238688 3
13.79338 -2.3296301 8.3432236 62
14.31863 -3.0539234 8.3756714 91
13.795642 -3.5252891 7.8478093 88
14.128276 -4.1654973 7.7717175 10
13.509873 -1.9678653 8.181797 71
14.052427 -2.6622303 8.2065592 91
14.09564 -3.2407959 7.9670963 92
13.843887 -3.7289827 7.56809 68
13.2616 -1.6207323 8.0377703 73
13.758595 -2.2766659 8.0264835 87
14.280766 -2.9255416 8.025301 93
13.941463 -3.3960795 7.5655403 88
13.001656 -1.286145 7.8965302 76
13.530199 -1.9203345 7.8895011 77
13.952837 -2.5205898 7.8248024 88
14.294346 -3.1147373 7.6970158 99
12.766975 -0.96882194 7.7682528 77
13.255026 -1.5677541 7.7290568 77
13.669086 -2.1432655 7.6475878 80
14.10905 -2.7237141 7.5608397 71
12.525001 -0.66247427 7.6402664 71
12.987261 -1.2333008 7.5752449 76
13.418842 -1.7797741 7.495389 84
13.805132 -2.3261769 7.3712273 78
12.349767 -0.36889032 7.5537686 66
12.734037 -0.91135138 7.4334941 75
13.14069 -1.4293079 7.3331332 80
13.518451 -1.9444729 7.1970968 78
12.114567 -0.0833764 7.4366851 71
12.51691 -0.60026854 7.3189306 82
12.880847 -1.0926358 7.1835608 81
13.263031 -1.5830435 7.0409617 67
11.90639 0.19671449 7.3404107 76
12.27247 -0.29920667 7.1908307 80
12.635018 -0.76560026 7.0481448 82
12.999249 -1.2314566 6.8874288 73
11.703945 0.46367717 7.2435513 79
12.057961 -0.0099386033 7.0811806 77
12.401069 -0.45451596 6.9197645 87
12.742059 -0.89350766 6.7423372 84
10.506471 0.65645796 6.5805912 22
11.845103 0.27021796 6.9750767 84
12.171807 -0.15461217 6.7997332 83
12.489041 -0.57108092 6.6034493 89
10.368501 0.88928598 6.5258865 83
11.626634 0.53896594 6.8701091 85
11.958824 0.13500819 6.6885996 89
2.8973544 -0.14110237 1.8871589 9
10.205074 1.1155778 6.4585924 84
10.467923 0.7313205 6.2527819 102
11.724235 0.41627371 6.5729184 88
12.02417 0.040408477 6.3577294 84
10.297964 1.3701807 6.5434036 50
10.294872 0.96606505 6.1759348 91
10.538385 0.62596154 5.9661903 17
11.785433 0.32985893 6.2384591 92
10.71272 1.6764108 6.8203926 72
10.167665 1.2004412 6.1286974 69
10.376053 0.87246233 5.8932977 90
11.591979 0.61413056 6.1447186 89
10.590285 1.9099268 6.7879381 90
10.497844 1.4921826 6.3354349 61
10.208698 1.1099449 5.8200235 86
10.416555 0.81150186 5.5743165 89
10.422008 2.1293235 6.728653 87
10.698047 1.7822117 6.4754324 99
10.410962 1.3900809 5.9420505 60
10.256514 1.0590268 5.5027628 89
10.27031 2.3469796 6.6801872 86
10.525213 2.0116692 6.4101424 67
10.738155 1.7001123 6.1334491 96
10.397246 1.3382504 5.5825152 54
10.09354 2.5539839 6.6190786 83
10.346389 2.2338078 6.342967 89
10.573199 1.9407029 6.071003 88
10.592006 1.63377 5.6925464 98
9.9451914 2.7627213 6.5742664 88
10.179064 2.4539044 6.2823219 94
10.405618 2.1762064 6.0064406 95
10.397238 1.8737111 5.6103144 89
9.7925615 2.9670346 6.5331926 85
10.021363 2.6692104 6.2325964 92
10.218147 2.4006598 5.9382057 95
10.220219 2.1116452 5.544776 93
9.6187859 3.1619356 6.4806576 89
9.8438559 2.8787038 6.1756716 89
10.002237 2.6139815 5.8563604 91
10.04933 2.3451469 5.4843826 89
9.4766569 3.3585532 6.4469666 90
9.6937208 3.0895331 6.1338296 91
9.7484741 2.8074951 5.7556849 87
9.8730364 2.5703564 5.4225283 90
9.336585 3.552829 6.417129 89
9.5473862 3.2953448 6.0961561 88
9.5374422 3.0059898 5.6799803 85
9.6952486 2.7896571 5.3633885 88
9.194417 3.7430918 6.3877501 84
9.3885756 3.4936609 6.0539236 89
9.3772688 3.2112288 5.63272 87
9.5286207 3.007483 5.3111286 93
9.0554762 3.9334087 6.3643427 88
9.2339201 3.689184 6.0156937 88
9.2225323 3.4162385 5.5934553 86
9.3712358 3.223213 5.2678537 90
8.9085321 4.1157422 6.334166 86
9.0810862 3.8822131 5.9806218 87
9.0689192 3.6174824 5.5554385 87
9.2032003 3.4322522 5.2230611 89
8.7670364 4.2968898 6.3113313 81
8.935051 4.0765967 5.9537802 87
8.9148741 3.8165104 5.5217042 83
9.051302 3.6436162 5.1892781 87
8.635766 4.4823546 6.2984829 80
8.7843876 4.2658362 5.9271331 85
8.7543898 4.0065188 5.4850702 81
8.8918076 3.8466277 5.1523767 85
8.4864264 4.6562409 6.2744985 72
8.6327648 4.4496603 5.8979707 83
8.6071758 4.2025104 5.4576888 80
8.7369184 4.0495114 5.1210442 85
8.3581619 4.837575 6.264987 73
8.4882116 4.6349463 5.8766251 81
8.4628716 4.393158 5.4333076 77
8.583004 4.2495594 5.0907197 84
8.2315102 5.0173483 6.2574677 69
8.3510084 4.8206291 5.8621936 72
8.3100481 4.5809131 5.4090452 76
8.4358301 4.4487433 5.0683236 80
8.1103106 5.2000446 6.2578707 53
8.2081156 5.0043783 5.8468423 70
8.1810684 4.7767944 5.3994589 66
8.2928171 4.6514649 5.0518618 74
7.9668941 5.3667164 6.243628 44
8.0662088 5.1852975 5.833498 65
8.0381565 4.9637084 5.3840899 60
8.1511126 4.8504105 5.0374084 67
7.8282728 5.5381994 6.2363043 55
7.928791 5.3656397 5.8251071 53
7.8952913 5.1506443 5.3727236 53
8.0081749 5.0499983 5.0259681 49
7.6969953 5.7100754 6.2348933 53
7.7917347 5.548224 5.821701 53
7.7575283 5.3382664 5.3652949 52
7.8452921 5.2332878 5.004858 45
7.5695543 5.8864341 6.2394147 73
7.6622958 5.7334127 5.8232059 51
7.6258211 5.530086 5.366797 47
7.7046118 5.4294486 4.9994507 40
6.7891812 5.5771375 5.7564001 58
6.9117422 5.4755478 5.3995466 56
7.4915457 5.7168159 5.3653841 42
7.5408063 5.609293 4.9844213 36
6.6592231 5.7294226 5.7561316 64
6.7684031 5.6296115 5.3914232 51
6.8536816 5.5417795 5.0439267 44
6.9072585 5.4537287 4.6898017 29
6.5299339 5.8798213 5.7568645 68
6.6432042 5.7961965 5.3970127 51
6.7201982 5.7139931 5.0455775 43
6.7883434 5.6488676 4.7031479 40
7.0160193 6.5453739 6.242465 43
7.1444488 6.4753098 5.8603568 72
6.5819983 5.8814321 5.0463099 53
6.65137 5.8315201 4.707778 45
6.8953729 6.727252 6.2639127 62
6.9888487 6.641046 5.8592954 65
6.9258118 6.4529548 5.3810883 55
6.9663472 6.3836622 5.0009937 54
6.7687588 6.9049735 6.2854252 67
6.8500829 6.8199034 5.8699427 65
6.7702274 6.628202 5.3849506 65
6.8088093 6.5645804 5.0028462 68
6.6393704 7.0784378 6.3052292 73
6.7105074 7.001534 5.8878164 77
6.6251907 6.8069196 5.3938975 72
6.6574092 6.7527695 5.0128117 73
6.5064445 7.2497864 6.3248606 80
6.5680065 7.1759577 5.9015412 80
6.4836206 6.9943457 5.4125376 71
6.5050135 6.9407344 5.0255761 77
6.3697128 7.4198408 6.3435493 90
6.430932 7.3628082 5.9261394 86
6.340486 7.1801882 5.4322114 76
6.35425 7.1334925 5.0452995 78
6.2358704 7.5940557 6.3681836 92
6.2910852 7.5455184 5.9497814 86
6.1946554 7.3650622 5.4538951 81
6.2036867 7.3262382 5.0669785 85
6.1025696 7.7736592 6.397737 90
6.1453166 7.7272415 5.9744787 87
6.0576825 7.5646043 5.487401 82
6.0470052 7.5180278 5.0897141 84
5.9622531 7.9456468 6.4243045 89
6.0040841 7.9147539 6.005877 89
5.9190059 7.763536 5.521616 83
5.9019833 7.7232461 5.1239343 84
5.8338637 8.1364765 6.4674578 92
5.8622479 8.104187 6.0412893 89
5.8081603 8.0026455 5.587481 86
5.7564445 7.9325881 5.1624665 85
5.6934743 8.3116503 6.500174 90
5.7142248 8.2894449 6.0750384 88
5.6867666 8.2350225 5.6496506 90
5.5969801 8.1298084 5.1972804 86
5.553123 8.4963551 6.5408373 90
5.5709848 8.4858484 6.1176696 87
5.5628548 8.4718285 5.714828 89
5.4429393 8.3394499 5.241962 85
5.4045401 8.6708603 6.5756578 91
5.417336 8.6755447 6.1594634 90
5.4123302 8.6805534 5.7624774 88
5.287323 8.5538397 5.289639 83
5.2559843 8.8485489 6.6144619 94
5.2646384 8.8687344 6.2032285 88
5.2602725 8.8972187 5.8181028 88
5.1235194 8.7643929 5.3384356 87
5.1179485 9.0520229 6.6729994 94
5.1128201 9.072753 6.2567849 89
5.0989337 9.1043262 5.8687334 90
4.955204 8.9733467 5.3871188 84
4.9744954 9.253583 6.7304144 94
4.9482393 9.2608185 6.3006425 89
4.9311967 9.3114052 5.9225211 90
4.8030124 9.2131853 5.4575081 85
4.8176541 9.4379234 6.7771382 96
4.799036 9.4794626 6.3660626 95
4.7655153 9.5254946 5.982151 90
4.6857743 9.5293837 5.5740194 92
4.6678324 9.6394644 6.8387012 96
4.6383891 9.6878967 6.4277396 96
4.6006856 9.7525921 6.049799 94
4.5446935 9.8248205 5.6800318 95
4.5156822 9.84764 6.9053636 90
4.4741845 9.9036036 6.4965153 96
4.4260087 9.9710779 6.1166825 96
4.3683982 10.070233 5.756783 96
4.3568988 10.053566 6.9731326 92
4.3065386 10.120252 6.5673165 83
4.2441792 10.192391 6.1865649 95
4.1777167 10.299074 5.828712 94
4.1893611 10.251131 7.0339642 92
4.1377716 10.350143 6.6479931 94
4.0696368 10.442506 6.2772551 97
3.9869843 10.546849 5.9146214 96
4.0278168 10.475009 7.1166658 88
3.9603434 10.570729 6.7228999 98
3.8801749 10.670627 6.3542624 103
3.682061 10.547504 5.8671832 52
3.8585939 10.694082 7.1953807 99
3.6921527 10.600776 6.6828237 55
3.4779348 10.404602 6.1464086 57
3.2624795 10.245052 5.656806 66
3.4808247 10.425893 6.9553275 51
3.2917633 10.286875 6.4342961 62
3.1507399 10.281591 6.0279541 88
3.0476239 10.426632 5.7163262 88
3.1618316 10.261229 6.7880092 86
3.0698249 10.394161 6.4493241 85
2.9662941 10.521095 6.1248188 89
2.8507724 10.674611 5.8153067 87
2.9902673 10.471304 6.8719196 90
2.8884108 10.614632 6.5363016 91
3.0946188 11.702047 6.7587776 90
2.9569089 11.886019 6.432354 87
2.8142598 10.681985 6.9558825 93
3.0168834 11.803087 7.2122197 82
2.8810158 11.971826 6.8738604 99
2.7341318 12.196014 6.5663214 86
2.9525714 11.887505 7.6807332 77
2.8145993 12.071416 7.3313465 84
2.6651652 12.2652 7.0070438 98
2.5012147 12.499496 6.7036891 83
2.7529266 12.137708 7.7898107 72
2.5975976 12.335802 7.4495487 83
2.4391077 12.563485 7.1430974 90
2.2538218 12.802126 6.8418345 80
2.5499687 12.405733 7.909482 77
2.3818867 12.630118 7.5850925 86
2.2038949 12.869129 7.2857437 90
2.0048945 13.13272 6.9966235 67
2.3277061 12.630199 8.0046425 33
2.1500895 12.902102 7.7102304 84
1.9625046 13.185437 7.4348831 92
1.7410899 13.472076 7.1619191 74
1.9160039 13.209276 7.859344 84
1.7098789 13.526475 7.6049814 86
1.4689108 13.83394 7.3400645 72
1.6727308 13.526007 8.017272 5
1.4461136 13.870067 7.7789879 93
1.1836742 14.210399 7.5321631 70
1.4394788 13.975077 8.2534447 6
1.167168 14.202141 7.9493866 29
0.87825394 14.56202 7.7167549 76
0.56910264 15.008577 7.9545393 71
0.23562878 15.406673 8.1722298 90
0.59921372 15.036733 8.8201017 40
0.2610355 15.362993 8.576478 86
-0.14259574 15.253798 8.1069841 81
0.63645649 15.064734 9.2680416 12
0.28495318 15.316387 8.971734 82
-0.10254847 15.277766 8.5351677 90
-0.51780915 15.055404 8.020649 86
0.32476351 15.231107 9.3461504 89
-0.055883706 15.345867 8.9802046 89
-0.461689 15.042122 8.4110565 84
-0.8755129 15.477828 8.2682571 40
0.0070231766 15.315434 9.3787985 69
-0.40625018 15.079272 8.8249855 88
-0.80476743 15.392492 8.6190205 85
-1.2874409 17.342722 9.2892675 63
-0.3286263 15.148451 9.2658978 83
-0.74110991 15.283591 8.9490499 88
-1.1865623 16.838549 9.4451828 58
-1.7107465 17.485916 9.4069433 54
-0.65025157 15.183476 9.2766047 66
-1.093488 16.69388 9.7746611 73
-1.5952874 17.381113 9.7742786 49
-2.1728518 18.112314 9.7872 46
-0.97837061 15.579413 9.5110159 7
-1.4946808 17.561754 10.291287 64
-2.0556428 18.311325 10.326433 55
-2.706779 19.152954 10.402163 46
-1.3554236 17.372009 10.593965 44
-1.9173717 18.107025 10.626219 57
-2.535588 18.936495 10.71484 38
-3.2534163 19.846544 10.837191 45
-1.7582462 17.903162 10.917589 52
-2.366847 18.678413 10.984696 44
-3.0456626 19.569714 11.120862 40
-3.7848454 20.190012 11.099277 83
-2.1804888 18.436878 11.249095 44
-2.8519204 19.306362 11.386386 36
-3.5945451 20.236799 11.555036 99
-4.23944 19.908863 11.028569 70
-2.6374109 19.033411 11.624129 35
-3.3738716 19.972488 11.81365 37
-4.0307813 19.945286 11.451476 86
-5.2070398 22.376768 12.488439 24
-3.1232407 19.655634 12.022115 43
-3.8525956 20.134367 11.955108 112
-4.5477476 20.195604 11.664991 22
-5.8594947 22.837706 12.850495 27
-3.6351392 20.265547 12.420676 84
-4.2706127 19.90011 11.866825 62
-4.9405651 19.745892 11.484593 5
-6.8033776 24.371025 13.836099 18
-4.0412207 19.996277 12.284719 70
-4.6809645 19.63891 11.76806 11
-6.3251157 23.729893 13.884508 26
-4.5192952 20.171753 12.427406 28
-5.8895268 23.127983 13.914285 20
-5.4587421 22.614399 13.97786 19
-8.5598936 23.986883 14.052854 8
-7.9983201 23.465508 14.08322 9
-9.029686 23.514383 13.941216 17
-7.4953923 23.008871 14.120023 18
-8.5245857 23.258253 14.093896 18
-9.5081091 23.103596 13.869439 19
-6.9943151 22.56922 14.135285 15
-7.9981112 22.829525 14.113487 14
-9.0691433 23.119001 14.150863 8
-9.9877386 22.723478 13.824322 17
-7.5024157 22.503849 14.170898 11
-8.5099678 22.666626 14.129091 12
-9.5693989 22.844643 14.133694 17
-10.458599 22.341412 13.780708 19
-7.9822874 22.326288 14.142899 15
-9.0253143 22.51722 14.157381 14
-10.070506 22.56531 14.122523 19
-10.933933 21.988655 13.757998 21
-8.4906244 22.219227 14.164366 12
-9.5268698 22.319403 14.160198 16
-10.587425 22.344316 14.154124 18
-11.399377 21.623476 13.740741 23
-8.9679871 22.026896 14.143761 21
-10.01279 22.076664 14.14791 10
-11.069911 22.048306 14.146718 22
-11.872755 21.287064 13.744559 24
-9.4725256 21.893085 14.164253 22
-10.511486 21.863323 14.157607 22
-11.482699 21.596426 14.044554 20
-12.399172 21.060919 13.822229 24
-9.9685545 21.730742 14.177791 12
-11.014301 21.671261 14.188238 17
-11.933397 21.261688 14.021365 24
-12.833666 20.670467 13.807294 21
-10.460813 21.569969 14.193616 16
-11.498541 21.436081 14.202686 13
-12.356844 20.890984 13.980376 18
-13.237412 20.250486 13.773321 18
-10.95606 21.403749 14.217131 25
-11.980386 21.192858 14.211003 24
-12.788363 20.52956 13.955018 16
-13.722954 19.963699 13.835629 27
-11.419626 21.151247 14.19028 13
-12.440701 20.904684 14.200085 28
-13.251781 20.230936 13.971813 23
-14.14886 19.579683 13.837795 21
-11.90422 20.949038 14.20217 20
-12.901148 20.618805 14.199508 21
-13.687481 19.899267 13.975568 21
-14.574267 19.215479 13.861473 21
-12.406199 20.776594 14.241461 17
-13.334357 20.294434 14.17858 20
-14.134416 19.579903 13.999491 18
-15.027717 18.89196 13.920322 24
-12.866085 20.512978 14.231072 17
-13.754159 19.95299 14.147655 19
-14.567092 19.246813 14.01561 21
-15.460943 18.541206 13.965096 19
-13.324863 20.250622 14.223839 30
-14.126484 19.541567 14.073862 17
-14.987159 18.895952 14.024275 21
-15.928138 18.231623 14.050725 16
-13.79011 19.996925 14.234057 23
-14.565823 19.233545 14.087987 21
-15.428961 18.580072 14.068301 18
-16.358892 17.873447 14.109203 23
-14.210128 19.669331 14.194045 21
-14.978275 18.891645 14.07805 16
-15.869699 18.259432 14.114687 16
-16.902082 17.646132 14.28083 17
-14.57975 19.270416 14.116635 19
-15.422503 18.596334 14.110585 17
-16.333353 17.96279 14.197147 20
-17.272436 17.226797 14.309673 17
-14.974366 18.921671 14.079686 18
-15.845205 18.265427 14.131455 14
-16.798244 17.664766 14.281719 15
-17.566183 16.725836 14.278676 21
-15.392938 18.600136 14.070559 20
-16.267921 17.93648 14.15645 15
-17.189632 17.276093 14.307798 14
-17.84691 16.22677 14.246174 17
-15.825518 18.288265 14.0766 19
-16.680296 17.593529 14.178246 17
-17.492773 16.804413 14.265638 16
-18.113514 15.725328 14.21447 13
-16.26029 17.982199 14.093774 27
-17.206768 17.366247 14.304387 14
-17.788652 16.332712 14.22587 15
-18.378204 15.225664 14.193442 10
-16.643532 17.623093 14.086139 22
-17.525787 16.926271 14.269486 18
-18.091091 15.879987 14.218823 16
-18.561621 14.678293 14.125854 17
-17.124489 17.349564 14.147185 21
-17.851444 16.485672 14.23175 11
-18.358952 15.39247 14.171988 17
-18.80829 14.187807 14.107882 16
-17.616318 17.085386 14.224813 22
-18.193445 16.063417 14.221148 18
-18.593781 14.890112 14.116277 12
-19.053707 13.699955 14.103974 18
-17.996283 16.700911 14.211666 13
-18.47978 15.597792 14.170093 17
-18.891333 14.447282 14.118952 14
-19.245987 13.185143 14.065784 17
-18.358059 16.294277 14.192758 22
-18.753248 15.126399 14.120859 12
-19.14909 13.972817 14.094406 21
-19.444544 12.682611 14.041561 21
-18.730934 15.903235 14.183659 17
-19.049475 14.677074 14.096247 15
-19.39064 13.491916 14.069832 12
-19.612104 12.165059 14.002707 16
-18.988623 15.405296 14.101653 12
-19.326067 14.217493 14.068995 16
-19.625271 13.011024 14.052006 13
-19.807138 11.675356 13.993837 15
-19.3015 14.961861 14.06368 17
-19.585127 13.747027 14.03177 14
-19.818489 12.509282 14.009487 14
-19.98303 11.177691 13.985973 16
-19.620054 14.526718 14.044084 13
-19.842537 13.276501 14.010838 15
-19.980055 11.996207 13.956448 10
-20.103472 10.660609 13.950221 19
-19.895658 14.060122 14.005235 12
-20.089382 12.806676 13.990442 16
-20.179075 11.50743 13.942693 16
-20.277004 10.176201 13.954219 15
-20.204659 13.612066 13.992414 16
-20.235893 12.27366 13.904516 15
-20.365124 11.019444 13.926029 17
-20.406616 9.6714506 13.940064 13
-20.512049 13.167402 13.986655 16
-20.565653 11.856406 13.955617 11
-20.580179 10.551414 13.9365 12
-19.484446 8.6801624 13.186472 15
-20.736197 12.667598 13.929543 15
-20.723389 11.338945 13.894412 10
-20.696928 10.0303 13.88496 14
-19.873434 8.3336096 13.373557 19
-17.89809 10.292125 11.763741 4
-20.998474 10.889813 13.920759 8
-20.854862 9.5390568 13.871766 19
-20.333387 8.0068922 13.613481 18
-21.246033 11.707408 13.884435 17
-21.148788 10.373626 13.873148 13
-19.857544 8.5286522 13.07266 6
-20.721251 7.6364546 13.814432 15
-21.452585 11.203849 13.838936 15
-21.29759 9.8644352 13.828579 13
-20.184126 8.1452255 13.198415 16
-20.885576 7.1766005 13.861437 18
-21.731649 10.734604 13.851005 14
-21.485037 9.3766613 13.818705 16
-20.615692 7.7998343 13.395573 18
-20.999453 6.7006373 13.881968 9
-21.894781 10.212077 13.795173 11
-21.635586 8.871151 13.796549 16
-21.077168 7.4541845 13.62296 13
-20.98188 6.1835651 13.820802 19
-22.140045 9.7304916 13.798274 7
-20.685099 7.9254589 13.052744 6
-21.374851 7.0352345 13.744414 11
-21.03957 5.700213 13.81895 20
-22.315479 9.2134056 13.768003 15
-20.995647 7.51899 13.155423 18
-21.53583 6.5622444 13.781796 13
-21.114738 5.2257171 13.8354 6
-21.359877 7.1228409 13.294745 13
-21.641092 6.0764422 13.786681 11
-22.696573 8.2017374 13.747936 18
-21.925261 6.7800269 13.573003 15
-21.615486 7.2401791 12.95588 6
-22.125666 6.3084846 13.620723 6
-20.688499 3.6904554 13.486807 27
-22.013794 6.83249 13.098511 13
-22.152325 5.7817287 13.565833 8
-21.282242 4.4734664 13.410674 25
-20.042717 3.117172 13.047546 19
-21.973358 6.2806087 12.980919 7
-21.79565 5.1690984 13.275025 24
-17.906006 3.3105001 11.163927 3
-18.789038 4.8625593 10.94836 14
-18.334072 3.8710971 11.029559 3
-17.313803 2.4171462 10.742446 3
-16.975107 1.9915242 10.513395 2
-17.215622 2.442631 10.227614 3
-17.232542 2.4275138 9.7631712 3
-16.620821 1.2412983 9.8183517 2
-15.836096 0.46652606 9.7955303 2
-16.546831 0.50450462 9.7730417 3
-18.150534 0.5099448 10.215688 70
-17.818464 0.097815074 10.018496 58
-17.270609 -0.60905874 10.266118 70
-16.780746 -1.3112729 10.559404 13
-17.442263 -0.29960003 9.804554 60
-17.006987 -0.97391254 10.126256 68
-16.492098 -1.6476381 10.415002 66
-16.976656 -0.67486358 9.5399046 56
-16.715158 -1.3265474 9.9739218 77
-16.231083 -1.9739102 10.290873 73
-16.690653 -1.0408785 9.3849878 48
-16.31172 -1.6594425 9.7550325 64
-15.988931 -2.2938187 10.18184 59
-14.629555 -2.7767587 9.9352789 15
-16.406715 -1.3952193 9.2386608 57
-15.957376 -1.9778812 9.5668468 55
-15.754889 -2.6071107 10.079309 57
-16.137619 -1.7380179 9.1033773 63
-15.714779 -2.2972295 9.4535799 81
-14.627582 -2.7371817 9.3731756 45
-15.942236 -2.0806856 9.0169535 53
-14.839251 -2.5015309 8.9432526 4
-13.230873 -2.760035 8.4764538 3
-15.848657 -2.4326999 8.9974937 65
-14.572728 -2.7854841 8.8213024 61
-13.05657 -3.0147457 8.419651 2
-14.704794 -2.5955639 8.3518305 47
-12.895635 -3.2665558 8.3721457 2
-13.324253 -2.6535308 7.5575929 2
-12.996506 -3.0663881 7.9080853 2
-13.135528 -2.919908 7.4876537 2
-12.8018 -3.3158865 7.8410797 1
-12.235619 -4.1970043 8.7252169 2
-12.932549 -3.1801057 7.4115038 2
-13.863331 -5.1124992 10.08651 18
-12.701764 -3.4250922 7.3242497 3
-13.506366 -5.2963285 9.9203787 53
-12.49814 -3.6697602 7.2562256 4
-13.614614 -5.0552902 9.3002739 32
-13.295037 -5.5288649 9.8671913 48
-12.338669 -3.9262013 7.2197871 4
-13.403508 -5.3026824 9.2481718 63
-13.083987 -5.7572632 9.8189821 58
-12.2168 -4.1890326 7.2098279 2
-13.209607 -5.5516677 9.2112808 64
-12.893532 -5.9926219 9.7910547 56
-13.630002 -5.5460539 8.8821917 2
-13.048525 -5.8117537 9.2018394 67
-12.704982 -6.2222877 9.7651148 66
-12.877063 -6.0683203 9.1892509 74
-12.521048 -6.4535046 9.7492371 71
-12.714023 -6.3245621 9.1867599 75
-12.354324 -6.6894894 9.7465878 71
-13.044248 -6.3380532 8.7987061 3
-12.557158 -6.5839396 9.1953564 79
-12.169776 -6.9131017 9.7326555 71
-12.389452 -6.8353081 9.1967678 78
-11.99998 -7.1457405 9.7369385 77
-12.217139 -7.081831 9.197093 77
-11.834325 -7.3754973 9.7442598 77
-12.08378 -7.3520827 9.2350216 83
-11.646724 -7.5926375 9.7372313 68
-11.884051 -7.5797939 9.2228441 99
-10.978545 -7.4538813 9.2904568 76
-11.945999 -7.5236034 8.6430721 90
-11.075603 -7.3726783 8.6949644 52
-10.839956 -7.6898332 9.3299599 71
-11.186893 -7.3669205 8.1921272 2
-10.901279 -7.5965476 8.7040739 82
-10.638333 -7.8738594 9.3095579 8
-11.774871 -7.7484941 8.0791607 77
-10.919846 -7.5362763 8.1291227 84
-10.724894 -7.8148441 8.7130032 102
-10.970835 -8.5017071 9.8159409 72
-10.932354 -7.5247321 7.5950317 87
-10.734818 -7.7641053 8.1352339 87
-11.163286 -8.5401745 9.2828045 96
-10.801373 -8.7275848 9.8450022 76
-10.753905 -7.7684698 7.6122317 85
-11.213063 -8.5308676 8.7050486 85
-10.966367 -8.7646589 9.2930269 86
-10.626734 -8.9515476 9.8731041 77
-11.199029 -8.5276299 8.1253233 82
-11.023808 -8.779768 8.727787 69
-10.767548 -8.9905882 9.3075304 70
-10.4526 -9.1748686 9.9073219 74
-10.97645 -8.7616749 8.1281748 76
-10.575106 -9.21768 9.3307781 72
-10.2857 -9.407732 9.9521847 78
-10.369592 -9.4372005 9.3480654 78
-10.135563 -9.6608305 10.020607 66
-10.175974 -9.6671677 9.3800249 76
-9.9914227 -9.9265203 10.104353 57
-9.9651718 -9.8828726 9.4006977 78
-9.8140163 -10.157739 10.155508 58
-9.7796049 -10.122123 9.4498024 74
-9.663888 -10.4248 10.243192 54
-9.5643435 -10.335233 9.4773769 78
-9.5055399 -10.688732 10.330879 55
-9.3726149 -10.578167 9.5340099 76
-9.3423309 -10.958227 10.422823 57
-9.1792746 -10.824946 9.59795 77
-9.1469946 -11.186481 10.479597 63
-9.36164 -11.212677 9.2720737 6
-8.9910851 -11.080972 9.6740093 73
-8.9653149 -11.441543 10.563762 60
-9.1183081 -11.433206 9.3073835 20
-8.7943344 -11.336273 9.7522411 66
-8.7747421 -11.68732 10.642226 62
-8.8803682 -11.663149 9.3559999 41
-8.6007109 -11.599092 9.8395567 67
-8.5845575 -11.940665 10.729384 60
-8.621953 -11.868167 9.3880968 54
-8.3989954 -11.855901 9.9266109 74
-8.3825941 -12.183264 10.810774 49
-8.359148 -12.068744 9.4207077 79
-8.2131052 -12.153374 10.044496 68
-8.1850233 -12.443353 10.907084 45
-8.2860756 -12.310462 8.9462004 76
-8.1092463 -12.296688 9.4822741 86
-8.0149593 -12.438469 10.160215 51
-7.6944561 -12.193797 10.564771 9
-8.0243855 -12.557499 9.0152788 50
-7.7045164 -12.255094 9.3385248 35
-7.4770064 -12.120161 9.7850866 44
-7.3538232 -12.182911 10.438025 6
-7.4015188 -12.140802 8.6161804 66
-7.3314342 -12.244879 9.225976 81
-7.2339377 -12.320635 9.8402882 13
-7.0051017 -12.13665 10.287579 3
-7.1746898 -12.428005 8.7290649 78
-7.113771 -12.526743 9.3419361 82
-7.4389281 -13.439751 10.629985 79
-7.3318439 -13.539485 9.422143 86
-7.1826758 -13.441627 9.931881 82
-7.2206831 -13.756285 10.776079 56
-7.0377855 -13.77035 9.4959183 49
-6.9558172 -13.776442 10.086022 68
-6.9825516 -14.050338 10.907927 47
-6.7528253 -14.033594 9.5988731 49
-6.7579699 -14.215646 10.323671 66
-6.7423434 -14.358911 11.056019 13
-6.4891238 -14.375667 9.7628393 55
-6.5332093 -14.622159 10.537946 65
-6.2239785 -14.736134 9.9390001 52
-6.283268 -15.005316 10.738268 53
-5.9426074 -15.096997 10.125413 52
-6.0104504 -15.351643 10.921931 46
-5.2699232 -13.251603 10.57572 3
-5.7192526 -15.679128 10.461864 29
-5.7192202 -15.691689 11.098756 8
-5.4357719 -16.129818 10.712029 33
-5.1194906 -16.530834 10.93527 13
-4.5261507 -13.888875 10.871984 7
-4.7850151 -16.924898 11.160515 7
-3.7744751 -15.201945 11.106286 3
-3.6993353 -18.447447 14.11318 10
-3.3677301 -18.935322 14.434953 13
-2.9573309 -18.881845 14.35198 6
-2.4412253 -20.119114 14.527626 7
-1.8142904 -20.957123 14.428959 14
-1.9885634 -20.036535 14.454638 7
-1.0897826 -21.899963 14.422516 8
-1.3321488 -20.899445 14.411888 6
-1.7806848 -19.519684 14.735826 7
-0.56100285 -21.986904 14.521329 6
-1.3735687 -19.656519 14.813389 7
-0.039780088 -21.84757 14.476057 7
-0.65268344 -20.556303 14.831304 7
0.46122652 -21.38801 14.230947 7
0.14335904 -21.415718 14.849923 6
0.629116 -21.25935 14.787189 6
-0.12156315 -19.785313 14.874689 7
1.5899121 -22.273172 14.965184 8
1.084586 -20.926746 14.603415 7
0.71267217 -20.593102 14.916915 10
0.29501671 -19.839203 14.914674 6
1.5331 -20.619093 14.44471 8
1.1728104 -20.622032 14.970218 5
0.71946216 -19.888193 14.95766 7
1.968576 -20.283073 14.273375 9
1.6162287 -20.50086 14.919825 9
1.14915 -19.930595 15.000108 7
3.172889 -22.007362 15.074627 8
2.6173639 -21.329969 15.085506 5
2.0349531 -20.212374 14.754093 7
1.5687678 -19.887583 14.982889 9
3.699506 -21.900276 15.114076 7
3.0927801 -21.179043 15.060293 7
2.4347589 -19.879574 14.560337 6
2.0014133 -19.921633 15.032311 9
4.2129598 -21.755184 15.136191 9
3.5941889 -21.15189 15.13445 10
2.8347301 -19.609009 14.421057 7
4.0655708 -20.997856 15.125572 6
3.2313249 -19.366659 14.307234 8
5.2370076 -21.464989 15.21133 8
4.5606122 -20.941664 15.191392 10
3.6225348 -19.120455 14.197474 5
3.178663 -19.314749 14.680817 8
5.7443328 -21.312008 15.255007 12
4.3837495 -20.327784 15.181325 7
3.5591884 -19.099827 14.568726 6
6.2444849 -21.14382 15.295197 10
4.8394785 -20.246408 15.208081 9
3.9005353 -18.75868 14.3566 8
6.7466931 -20.974363 15.345737 12
5.9913163 -20.549549 15.28161 11
5.3119531 -20.197069 15.273976 10
4.2699671 -18.553974 14.259901 8
7.2242713 -20.741798 15.357292 10
6.4587512 -20.395885 15.31094 9
5.7554407 -20.061565 15.27794 7
5.065114 -19.76149 15.265573 9
7.7175817 -20.560057 15.41463 13
6.9326262 -20.244654 15.350297 11
6.2016048 -19.93508 15.297557 6
5.4842954 -19.637468 15.249118 12
8.1787682 -20.297146 15.424935 11
7.3976235 -20.07865 15.388016 8
6.6587696 -19.82048 15.335375 10
5.9242911 -19.566116 15.2767 6
8.6771717 -20.127739 15.510292 7
7.8605475 -19.897175 15.423573 10
7.1116042 -19.699549 15.375241 11
6.3724551 -19.502819 15.325803 9
9.1282282 -19.859756 15.52809 11
8.3378906 -19.754305 15.493763 10
7.5670424 -19.573757 15.414594 8
6.8139758 -19.415102 15.352699 9
9.6116667 -19.651066 15.601851 8
8.7764874 -19.528109 15.505104 8
8.0103874 -19.413801 15.438825 8
7.2594967 -19.325546 15.390238 11
10.033978 -19.336103 15.595325 10
9.2460003 -19.358616 15.568785 7
8.4466906 -19.236198 15.45358 8
7.7013922 -19.216782 15.418303 8
10.468433 -19.050116 15.622893 10
9.6742954 -19.105146 15.580963 9
8.8853807 -19.06563 15.485312 7
8.1631222 -19.137609 15.484241 10
10.911978 -18.78093 15.67071 8
10.124392 -18.898371 15.633658 9
9.3651667 -18.969774 15.583859 6
8.5724497 -18.953821 15.468083 14
11.332477 -18.484041 15.704135 9
8.5925236 -15.487875 12.989295 13
9.786087 -18.754089 15.594264 8
9.0163221 -18.827259 15.508923 11
11.67857 -18.080326 15.654718 15
10.209916 -18.540455 15.612502 9
9.4808216 -18.72439 15.577134 7
12.055463 -17.728563 15.654583 19
11.362849 -18.095535 15.687597 11
8.7315035 -15.314958 13.061137 4
9.9073 -18.545256 15.586445 12
12.426933 -17.371576 15.658643 11
11.724556 -17.754465 15.656005 12
11.066594 -18.111696 15.676705 9
12.76599 -16.98406 15.635859 18
12.106394 -17.442152 15.661116 13
11.439912 -17.816048 15.648993 12
13.07955 -16.574636 15.600161 15
12.442392 -17.077694 15.619769 16
11.82121 -17.527969 15.638646 15
11.194736 -17.981207 15.655411 15
13.397573 -16.174978 15.582981 14
12.796524 -16.743122 15.613068 15
12.197425 -17.236712 15.626728 11
11.594681 -17.74103 15.648486 12
13.730927 -15.803135 15.593214 16
13.137636 -16.3918 15.601448 18
12.561812 -16.932325 15.612211 13
11.957974 -17.441244 15.598111 20
14.017529 -15.385706 15.562194 21
13.428385 -15.991018 15.544442 12
12.925097 -16.622059 15.603715 15
12.375991 -17.219107 15.623248 12
14.336704 -15.006069 15.579457 16
13.764727 -15.646856 15.543486 14
13.282456 -16.312002 15.595609 11
12.74684 -16.930899 15.5961 17
14.557146 -14.540858 15.507105 15
14.102211 -15.302318 15.556458 15
13.608559 -15.963978 15.558738 16
13.12767 -16.649786 15.586998 20
14.830725 -14.130319 15.500616 15
14.369906 -14.894883 15.506063 11
13.963726 -15.647176 15.564811 15
13.512047 -16.372717 15.58494 16
15.104445 -13.729198 15.504228 13
14.654405 -14.504898 15.482663 13
14.279634 -15.294033 15.536297 14
13.874153 -16.065102 15.568186 17
15.337031 -13.298673 15.47538 14
14.959877 -14.141468 15.490322 18
14.605571 -14.95114 15.52682 15
14.223163 -15.747126 15.543566 17
15.54109 -12.849351 15.434571 19
15.245498 -13.762675 15.483752 10
14.929152 -14.602803 15.521787 17
14.618148 -15.470675 15.570912 11
15.790977 -12.44473 15.444882 14
15.481109 -13.346077 15.441169 13
15.221762 -14.229933 15.491323 17
14.926 -15.100965 15.51453 21
15.959527 -11.985886 15.390059 8
15.759555 -12.963738 15.451039 18
13.045066 -11.78962 13.149087 4
15.283821 -14.783991 15.518299 18
16.187815 -11.575713 15.401587 16
16.019318 -12.571583 15.44687 12
15.807048 -13.486251 15.463222 12
15.635728 -14.457717 15.521403 15
16.37042 -11.138744 15.381268 16
16.211657 -12.136647 15.391289 13
16.076502 -13.100097 15.434859 16
13.328935 -11.9169 13.085296 50
16.560448 -10.712169 15.376764 14
16.437071 -11.724477 15.377446 15
16.381605 -12.740265 15.450974 8
16.215578 -13.69313 15.429847 22
15.79372 -9.7381191 14.546102 13
16.658743 -11.315896 15.368375 19
16.601412 -12.319494 15.398245 16
16.577974 -13.366709 15.459965 22
16.126453 -9.4258099 14.688701 18
16.869274 -10.901628 15.352826 7
16.870417 -11.930763 15.396173 17
16.85882 -12.975854 15.42475 21
16.493765 -9.1225634 14.869974 19
17.085966 -10.494472 15.356289 16
17.121101 -11.531106 15.382277 13
17.137823 -12.58245 15.395552 17
16.901487 -8.8331566 15.089051 15
16.283995 -9.5250874 14.508959 4
17.347803 -11.11781 15.359988 16
17.424744 -12.187741 15.379901 19
17.258047 -8.5072374 15.271898 16
16.54101 -9.1696386 14.569417 10
17.615681 -10.726986 15.381031 16
17.703142 -11.791388 15.364406 13
16.878572 -8.8481255 14.701388 15
17.767714 -10.274364 15.311476 10
17.981035 -11.389953 15.355715 22
17.252609 -8.5395069 14.869097 15
18.041773 -9.8879032 15.346909 16
18.230745 -10.976653 15.327033 9
17.295082 -7.0935225 14.993409 23
17.532978 -8.1815891 14.96521 15
17.090475 -8.900279 14.410958 5
18.525129 -10.580226 15.346105 19
16.496809 -6.3467312 14.25359 22
17.686161 -7.7639499 14.965189 26
17.299511 -8.5072165 14.42248 10
18.779018 -10.161551 15.338952 8
16.029909 -5.7570639 13.802899 21
16.962587 -7.0092783 14.273598 22
17.368797 -8.0551739 14.329301 56
18.573881 -9.5189476 14.987273 8
15.919128 -5.3114476 13.651654 56
16.491789 -6.3885307 13.799106 21
17.498491 -7.6326346 14.297463 27
17.267334 -8.3926373 13.816998 32
15.545555 -4.7999606 13.299295 26
16.412525 -5.9320016 13.649433 67
16.96269 -6.9587116 13.755277 28
17.510242 -8.0126085 13.841382 75
13.885752 -3.9786382 11.918592 15
15.992572 -5.3818307 13.239737 24
16.857981 -6.4701538 13.560399 26
17.567337 -7.5556078 13.731821 70
13.691573 -3.5873523 11.726808 53
15.606881 -4.8656249 12.866489 28
16.367218 -5.8693266 13.079914 23
17.179249 -6.9346786 13.305061 30
13.820515 -3.2795033 11.798792 47
13.912173 -4.026022 11.488536 15
15.949625 -5.3197026 12.669779 33
16.681416 -6.3016906 12.812456 35
14.115015 -2.9999719 12.010996 64
13.696055 -3.6276777 11.268943 68
15.567431 -4.8028378 12.297612 42
16.295229 -5.7365012 12.414062 56
13.932651 -2.6314585 11.846386 57
13.818847 -3.3162711 11.319037 77
13.902865 -3.9755962 10.986385 27
15.86373 -5.1816697 12.000151 53
13.643697 -2.2560854 11.603698 54
14.107943 -3.0375197 11.500333 96
13.67779 -3.5728495 10.758897 73
15.469996 -4.664196 11.624007 47
13.396928 -1.9040594 11.398749 52
13.96806 -2.674542 11.357112 53
13.880924 -3.2780559 10.851113 77
13.867807 -3.8606172 10.411164 53
13.141746 -1.5642862 11.192923 52
13.676981 -2.295326 11.108211 65
14.093732 -2.9779923 10.951305 77
13.717105 -3.4762752 10.228539 67
12.85504 -1.2357721 10.965202 47
13.137147 -1.901762 10.673323 64
13.642846 -2.5592961 10.576841 63
14.040507 -3.1975985 10.389499 104
12.375104 -0.90878272 10.586753 58
12.878849 -1.5649406 10.459247 75
13.364452 -2.1892321 10.335789 64
13.837711 -2.8122845 10.188523 64
12.153593 -0.60839999 10.421929 53
12.629344 -1.2360427 10.255649 68
13.092114 -1.8279432 10.104333 75
13.69684 -2.4434507 10.036771 64
11.938573 -0.32481349 10.267635 53
12.385631 -0.92325807 10.066982 79
12.986297 -1.5021709 10.004485 80
13.683031 -2.1031725 9.9825687 20
11.712337 -0.049228858 10.108689 54
12.258369 -0.62953216 9.9706774 74
12.961083 -1.1917197 9.9644413 55
11.525124 0.21414973 9.9820948 67
12.302477 -0.34265244 10.008049 77
11.44241 0.47550532 9.9427223 58
12.144488 -0.058323175 9.8944054 5
10.429241 0.67060781 9.1552868 8
12.349382 -0.26064885 9.4910269 2
10.280042 0.89859068 9.0678225 60
10.12277 1.1215901 8.9776659 64
10.419212 0.67572993 8.629611 23
10.150493 1.3629731 9.0391245 35
10.263404 0.91070181 8.5330839 75
10.511822 1.6557697 9.3785725 49
10.119256 1.1392977 8.4485941 76
10.393074 0.77030176 8.1123028 11
10.525146 1.905283 9.4361658 64
10.232985 1.3975214 8.5647755 52
10.224191 1.0072641 8.0063334 85
10.44879 0.67102665 7.6399531 32
10.386028 2.1256967 9.373435 57
10.644711 1.7060419 8.9145651 69
10.127746 1.2435155 7.9538012 66
10.294777 0.9184972 7.5415068 84
10.273675 2.3475735 9.3344049 14
10.518787 1.9391124 8.8556032 71
10.441185 1.5382605 8.2044744 59
10.134442 1.1579486 7.4449277 71
10.359469 2.1628134 8.7743664 74
10.605815 1.8245211 8.3512106 91
10.365524 1.4454961 7.6158476 51
10.429945 2.0561616 8.2570915 83
10.673363 1.7612408 7.8457494 90
10.266252 2.283498 8.1748562 75
10.507651 2.0037169 7.7584519 85
10.093762 2.5056982 8.0907183 84
10.321044 2.2359009 7.6614242 90
9.568779 3.3730707 9.0684795 2
9.7069788 3.0042481 8.4676971 4
9.9213114 2.71841 8.0056305 84
10.13833 2.463078 7.5703797 89
9.5251656 3.1979496 8.3848162 30
9.7594643 2.9313991 7.9344778 88
9.9658794 2.6879418 7.4894099 88
9.3663807 3.3920059 8.3210783 51
9.6037483 3.1414523 7.8725829 89
9.7963438 2.9073918 7.4155207 92
9.2556305 3.5993021 8.2984095 69
9.4486389 3.3474164 7.8134127 97
9.6376829 3.1269462 7.35431 84
9.0946655 3.7885332 8.241354 71
9.2875795 3.5492833 7.7532973 91
9.4771843 3.3427317 7.2941179 90
8.9512596 3.979507 8.1990938 79
9.1475983 3.7551482 7.712923 90
9.3138762 3.5512309 7.2339969 93
8.8008862 4.1628366 8.1529522 81
8.9993753 3.9539924 7.6676798 89
9.1604919 3.7588813 7.1837678 95
8.6702414 4.3565397 8.1267757 73
8.8431587 4.1474414 7.6188226 89
9.0061274 3.9687946 7.1388311 95
8.5246572 4.536572 8.0893965 77
8.7007227 4.3433099 7.5863023 89
8.8391294 4.164741 7.0875688 91
8.3898888 4.7211385 8.0650826 78
8.5512266 4.5334249 7.5491409 83
8.6835346 4.3633399 7.0464458 91
8.2517872 4.9033689 8.0427952 77
8.3987331 4.7202687 7.5149946 76
8.541172 4.5705261 7.0220799 79
8.1089325 5.0808191 8.0175886 82
8.2653894 4.9136267 7.4985976 80
8.3816986 4.762392 6.9869852 77
7.9821067 5.2647538 8.0101461 80
8.1130419 5.0973263 7.4704418 83
8.2429943 4.9623427 6.9695873 68
7.6818957 5.62817 8.5938339 70
7.8442001 5.44069 7.9958634 79
7.9610724 5.2769322 7.4453015 81
8.1024342 5.1616693 6.9552169 73
7.5482111 5.7918139 8.5835676 82
7.7050509 5.6140952 7.9826097 73
7.8288803 5.467442 7.4389009 76
7.9556437 5.3574457 6.9420996 81
6.7903204 5.5006423 7.9350328 84
7.5709152 5.7913008 7.9797368 78
7.6867166 5.6493702 7.4300947 76
7.8047619 5.5462637 6.9272356 69
6.6655974 5.6501079 7.9299355 78
6.8056922 5.5079627 7.3750124 80
7.0738239 5.5034008 7.0119343 23
7.6626973 5.7408843 6.9229784 75
6.5427837 5.8005838 7.9296613 76
6.6710792 5.6650019 7.3678279 73
6.7739687 5.5536046 6.8621716 76
6.8720694 5.4733567 6.3934169 70
6.4152455 5.9462996 7.9274535 89
6.5467057 5.8265839 7.3725047 77
6.6425529 5.7233562 6.8628879 72
6.7218804 5.6388464 6.3823695 72
6.9144492 6.6314387 8.6184092 77
6.3949666 5.965138 7.3526101 25
6.5102391 5.8896384 6.8666329 76
6.5917616 5.8206639 6.3910131 74
6.7885804 6.8009648 8.6340704 71
6.9174943 6.6866679 8.0251207 50
6.9908261 6.5757451 7.451797 39
7.0690122 6.5055952 6.933219 31
6.6586304 6.9669976 8.6507998 35
6.78052 6.8640475 8.0408735 74
6.8611584 6.7693405 7.477385 39
6.8954062 6.6747608 6.9224305 41
6.6445384 7.041769 8.0606146 65
6.7235713 6.9613066 7.5010743 28
6.7676816 6.8848672 6.9589167 17
6.478003 7.1900969 8.0508509 45
6.5809669 7.1494617 7.5268412 57
6.6259947 7.0860095 6.9876089 84
6.3707876 7.3997898 8.1121082 62
6.4294467 7.3293195 7.5457516 67
6.4751105 7.2798209 7.013443 87
6.2062311 7.5551505 8.1152887 50
6.2891011 7.5203724 7.5794797 84
6.3281083 7.4812951 7.0501971 91
6.0595636 7.7271562 8.1411839 44
6.1398926 7.7063065 7.6103368 91
6.169363 7.6703315 7.0781479 91
5.9094324 7.8969536 8.1671238 31
5.9885206 7.8925962 7.645205 89
6.009738 7.8622723 7.1120801 91
5.769577 8.0807943 8.2108717 15
5.8343701 8.0810852 7.6850963 90
5.8644929 8.0749149 7.1667509 94
5.6371007 8.2808695 8.2704592 3
5.6891651 8.2810659 7.7378302 90
5.698328 8.2677832 7.2087598 93
5.5421386 8.4867725 7.7995596 85
5.5427008 8.4769087 7.2665715 89
5.3799152 8.6745405 7.8466554 89
5.3875275 8.6945467 7.3344421 94
5.2262774 8.881176 7.9114618 87
5.2256641 8.906846 7.4013162 93
5.0679531 9.0862274 7.9803329 86
5.0581374 9.1203966 7.471251 93
4.90556 9.2941284 8.0542383 71
4.8920345 9.3428659 7.5520926 85
4.7258549 9.4780684 8.1094313 47
4.7171531 9.5633011 7.6340938 87
4.702116 9.8302965 9.5161285 3
4.5653386 9.7065506 8.2062321 4
4.5410905 9.7907372 7.7260795 82
4.4996243 9.9451962 9.5159607 19
4.3593488 10.016248 7.8181438 83
4.3045344 10.076351 9.5336323 44
4.1792965 10.256077 7.9251204 83
4.1235561 10.235579 9.5799799 63
4.045001 10.382105 8.4990702 83
3.9830794 10.480947 8.0222712 92
3.923743 10.358769 9.5956755 83
3.9231534 10.535415 9.1227951 82
3.866015 10.625295 8.6179848 100
3.7808828 10.701477 8.1205626 64
3.7127559 10.467542 9.5996075 70
3.7066271 10.667753 9.152689 65
3.5304766 10.509201 8.4534416 62
3.338721 10.354912 7.8013563 52
3.4776313 10.51453 9.5531244 48
3.3126814 10.371458 8.8236513 49
3.1527574 10.257623 8.1859846 60
3.0541663 10.35692 7.7475996 78
3.1227875 10.255936 9.2373924 44
3.0349107 10.330185 8.7179737 80
2.9572806 10.461839 8.2891674 81
2.8579812 10.595668 7.8746023 82
2.9486303 10.444009 9.3273754 63
2.8579774 10.549937 8.8337917 78
2.7654128 10.685903 8.4070921 88
2.776201 10.645864 9.4290895 62
2.6867862 10.80611 8.9842358 2
2.9331 12.069316 9.4272861 3
2.8160877 11.528778 10.126328 71
2.7096679 11.725631 9.6765842 79
2.6798382 12.224252 9.4945116 73
2.6649265 11.902081 10.377131 73
2.5069695 11.986299 9.8303938 75
2.3934073 12.280087 9.4923153 78
2.5010843 12.277472 10.628286 62
2.2953668 12.255754 9.9946451 77
2.1422327 12.471679 9.5972099 77
2.0334301 13.012202 9.4476976 79
2.2940602 12.529225 10.776464 68
2.0778501 12.536492 10.169235 79
1.9057528 12.768175 9.7900829 72
1.7149638 13.047411 9.4549217 69
2.0789597 12.801418 10.945994 64
1.9016088 13.069347 10.552792 77
1.6561152 13.051128 9.9717426 74
1.4450514 13.340426 9.6488266 70
1.8619998 13.099707 11.139315 61
1.6619685 13.372623 10.752346 75
1.4396561 13.595757 10.359876 75
1.1710265 13.684863 9.8855076 61
1.6302581 13.379221 11.318837 63
1.4136014 13.683491 10.960938 75
1.1856834 14.010386 10.650067 76
0.91340905 14.254631 10.288037 60
1.3976786 13.702837 11.534179 60
1.1562415 14.012441 11.185476 71
0.90523815 14.368486 10.903669 74
0.62079179 14.745956 10.642174 61
1.1520005 14.02518 11.753591 53
0.88506645 14.354685 11.428114 77
0.61019546 14.741719 11.173445 62
0.29787055 15.153046 10.944098 71
0.89540923 14.342179 11.975905 53
0.60640556 14.723433 11.699499 44
0.30396691 15.152967 11.484032 47
-0.047664002 15.433804 11.16581 72
0.62536848 14.694263 12.228507 59
0.31042007 15.119548 11.9952 58
-0.027386045 15.464217 11.721525 98
-0.42716697 15.154125 10.989533 73
0.34406555 15.052033 12.485173 48
-0.00071705354 15.485183 12.26916 100
-0.39218065 15.184239 11.520019 73
-0.78610033 15.255372 11.092223 65
0.049420848 15.464389 12.794108 84
-0.35109541 15.250151 12.074718 55
-0.74044549 15.184453 11.53353 78
-1.1814287 17.060696 12.439194 54
-0.27878281 15.336257 12.660614 64
-0.68598002 15.098697 11.951282 65
-1.1056747 16.898872 12.846815 59
-1.6008137 17.505033 12.804784 101
-0.60618585 15.090232 12.436306 60
-1.020492 15.512535 12.28017 31
-1.4992613 17.09915 13.029186 47
-2.0366521 17.780796 13.067189 41
-0.92429543 15.395312 12.670051 53
-1.4048241 16.940252 13.414528 52
-1.9235665 17.690563 13.515051 23
-2.5469677 18.779104 13.865571 24
-1.2913591 17.141743 14.082889 30
-1.8249298 17.818884 14.123151 23
-2.3886662 18.356913 14.069338 34
-3.004303 18.768251 13.941988 13
-1.6560076 17.095556 14.042444 11
-2.2093806 17.620731 13.994405 15
-3.9400501 18.946657 14.260196 17
-3.0260017 17.914743 14.295403 13
-3.6688061 18.397102 14.289298 14
-4.376339 18.820354 14.268669 16
-2.7792089 17.40176 14.303945 21
-3.4162569 17.857403 14.293223 16
-4.0841103 18.288956 14.287833 6
-4.8022394 18.643272 14.250367 13
-3.1517868 17.369846 14.296537 15
-3.8162653 17.836283 14.326085 4
-4.4960442 18.189802 14.297321 20
-5.2356925 18.505148 14.271306 17
-3.533958 17.409283 14.353807 5
-4.2015538 17.71623 14.292104 16
-4.9015536 18.058699 14.287616 12
-5.6641412 18.365189 14.298011 14
-3.899858 17.322145 14.314543 19
-4.594172 17.628864 14.292404 14
-5.307498 17.92234 14.287366 16
-6.0710907 18.138655 14.26727 20
-4.2816215 17.30373 14.337414 12
-4.9799509 17.540171 14.295299 9
-5.7094746 17.795637 14.29846 16
-6.4903955 17.984287 14.29706 15
-4.6475787 17.201162 14.299407 5
-5.3682742 17.445873 14.297543 15
-6.0967817 17.612959 14.274094 15
-6.8863688 17.767763 14.285297 6
-5.023025 17.168793 14.320009 16
-5.7511263 17.353933 14.307564 20
-6.4963455 17.496271 14.301627 12
-7.2811155 17.565022 14.290483 22
-5.3915205 17.080627 14.305105 15
-6.1341352 17.234446 14.310021 13
-6.8851075 17.337952 14.309201 11
-7.6871715 17.387209 14.325218 13
-5.7689981 17.007566 14.3109 13
-6.5276165 17.153902 14.347967 6
-7.2662039 17.153839 14.305558 17
-8.0726948 17.16667 14.332938 19
-6.1456366 16.938816 14.326881 11
-6.8922606 16.985626 14.31934 15
-7.6365004 16.95299 14.293134 12
-8.4417391 16.902887 14.317714 21
-6.5212278 16.847744 14.333356 19
-7.2621398 16.817513 14.304799 15
-8.0406132 16.826271 14.351617 12
-8.8184261 16.674728 14.334151 19
-6.895937 16.756794 14.343609 16
-7.6494021 16.708529 14.341392 14
-8.4033298 16.615713 14.34459 14
-9.2008162 16.464918 14.37246 12
-7.2696199 16.648045 14.347534 16
-8.0201788 16.557423 14.350697 15
-8.7664127 16.403854 14.346105 18
-9.528121 16.161631 14.334103 12
-7.6352868 16.527418 14.344563 15
-8.3815708 16.383261 14.343911 17
-9.1275129 16.201271 14.35631 11
-9.8970232 15.933227 14.37228 21
-8.0036707 16.402647 14.348192 19
-8.7491646 16.222084 14.357091 15
-9.4819717 15.975894 14.357673 11
-10.246099 15.676893 14.389834 21
-8.3821373 16.289398 14.371584 15
-9.105587 16.036871 14.358077 11
-9.8439989 15.774027 14.38679 20
-10.589272 15.409601 14.408043 20
-8.7388315 16.129385 14.359533 14
-9.4687958 15.860062 14.375849 14
-10.185085 15.528852 14.389327 19
-10.918705 15.129333 14.420814 19
-9.0821819 15.932993 14.324066 14
-9.8202496 15.654522 14.376786 17
-10.519393 15.284688 14.393476 21
-11.232524 14.832039 14.424626 18
-9.4745483 15.834203 14.381361 17
-10.165632 15.449116 14.379058 15
-10.857843 15.046777 14.40885 29
-11.546201 14.54225 14.436939 22
-9.8369608 15.669111 14.390019 22
-10.522521 15.259362 14.406081 14
-11.186744 14.792529 14.420932 23
-11.799972 14.176072 14.379938 27
-10.181075 15.471931 14.376487 20
-10.860088 15.037014 14.411422 21
-11.501973 14.52919 14.426175 27
-12.147332 13.938927 14.461313 20
-10.550642 15.317044 14.403643 18
-11.194466 14.808582 14.414387 22
-11.760629 14.190189 14.363743 21
-12.428407 13.621904 14.465115 16
-10.907486 15.130501 14.416875 15
-11.52013 14.570203 14.418558 19
-12.135407 14.000597 14.462315 22
-12.726522 13.32831 14.501256 19
-11.256653 14.930474 14.424117 21
-11.799408 14.267177 14.365813 22
-12.420369 13.703289 14.453295 13
-13.001742 13.009129 14.516057 13
-11.595803 14.715248 14.422 42
-12.176984 14.093979 14.449423 22
-12.747896 13.456141 14.505861 16
-13.233644 12.651768 14.492224 27
-11.617304 14.070959 14.008142 10
-12.497669 13.844825 14.464465 11
-12.995002 13.115688 14.468657 11
-13.451769 12.288371 14.466832 20
-12.269967 14.262749 14.427361 26
-12.796873 13.565857 14.459723 19
-13.273424 12.816339 14.47772 16
-13.650373 11.910465 14.429277 21
-12.593066 14.016882 14.421723 20
-13.084859 13.279008 14.452106 12
-13.488292 12.455919 14.425802 19
-13.883652 11.573284 14.440631 16
-12.911142 13.761722 14.418669 13
-13.376094 12.997176 14.45551 17
-13.726376 12.12149 14.410491 16
-14.037601 11.171403 14.375353 6
-13.164932 13.431762 14.340954 15
-13.645947 12.692326 14.441079 20
-13.961417 11.789291 14.40002 14
-14.260692 10.833666 14.397997 12
-13.537012 13.230437 14.411842 22
-13.90317 12.372612 14.418005 9
-14.199714 11.461268 14.40263 13
-14.398547 10.434124 14.338637 17
-13.820148 12.93377 14.384701 11
-14.168669 12.06286 14.415997 15
-14.392941 11.099637 14.364716 17
-14.589196 10.078641 14.343518 17
-14.145873 12.678249 14.413549 20
-14.365601 11.69679 14.348442 18
-14.589543 10.745603 14.340247 19
-14.750587 9.709857 14.330602 13
-14.410007 12.357855 14.380552 20
-14.603738 11.370322 14.335835 19
-14.784979 10.393504 14.328487 15
-14.871708 9.3198929 14.286277 20
-14.668009 12.035888 14.349983 15
-14.84227 11.045581 14.328926 16
-14.977093 10.045398 14.320506 14
-15.019752 8.952878 14.283463 21
-14.945325 11.732747 14.349291 21
-15.080355 10.719775 14.33287 12
-15.129171 9.6715641 14.279469 15
-15.166089 8.5904608 14.282072 19
-15.187403 11.394851 14.31866 16
-15.281908 10.368056 14.305869 18
-15.301613 9.312746 14.269294 16
-15.251778 8.1954746 14.231146 7
-15.459766 11.077314 14.304953 12
-15.455282 9.9955244 14.241879 15
-15.473601 8.955658 14.247915 18
-15.406921 7.8421307 14.241384 21
-15.669955 10.717675 14.257422 18
-15.672217 9.6546993 14.244452 16
-15.587495 8.5704842 14.196568 11
-15.500348 7.4628701 14.214708 20
-15.888821 10.362462 14.226057 18
-15.867168 9.3044538 14.234724 16
-15.75302 8.2153625 14.201748 16
-15.594383 7.0896244 14.199418 20
-16.144739 10.035654 14.239636 12
-16.01951 8.9291754 14.194466 17
-15.871448 7.8400154 14.17383 15
-15.686005 6.7160912 14.188719 19
-16.321899 9.6564732 14.184693 6
-16.192184 8.5653963 14.180076 18
-16.015356 7.4817367 14.174982 16
-15.64592 6.293323 14.061311 8
-16.524282 9.2898579 14.160125 20
-16.36702 8.2059107 14.175398 16
-15.975888 7.0354109 14.016129 14
-15.848498 5.9795208 14.172488 16
-16.730686 8.9293699 14.147463 18
-16.518183 7.8346462 14.155005 16
-16.23947 6.7369981 14.143785 19
-15.886191 5.5979872 14.137398 19
-16.912027 8.5548363 14.123525 17
-16.557713 7.4088197 14.047445 11
-16.358709 6.372889 14.148695 14
-15.977528 5.2412972 14.157243 14
-16.820324 8.0394564 13.864765 8
-16.773205 7.0722871 14.103501 17
-14.206296 5.118278 12.098877 8
-15.106578 4.5721025 13.290369 6
-17.261717 7.7954359 14.084257 20
-16.908997 6.698689 14.095103 19
-16.502773 5.6135716 14.097823 14
-15.297162 4.2741632 13.427167 18
-17.415577 7.4094558 14.060756 21
-16.991947 6.3038325 14.053383 18
-16.548359 5.230319 14.059633 14
-15.667669 4.0238791 13.735759 18
-17.591297 7.0317626 14.063269 24
-17.141657 5.9391947 14.075076 16
-16.622509 4.8585067 14.056046 15
-15.988161 3.7449877 13.999836 13
-17.73768 6.6363621 14.047098 11
-17.234787 5.5521431 14.055508 15
-15.720868 4.2070789 13.191897 6
-16.121321 3.4136252 14.101115 20
-17.83819 6.2281289 14.004994 21
-17.314482 5.1606956 14.034565 19
-15.924165 3.8987966 13.32134 11
-16.146229 3.0562155 14.108059 20
-18.011198 5.8462286 14.026379 15
-17.382429 4.7689705 14.005682 20
-16.16567 3.590888 13.487176 13
-16.145187 2.6984282 14.096134 21
-18.067717 5.4224639 13.962519 21
-17.474403 4.3870645 14.007051 20
-16.594677 3.3198121 13.824177 16
-16.152206 2.3431933 14.098294 23
-18.186064 5.0210972 13.9532 25
-17.562042 4.0014219 14.013148 18
-16.812376 2.9904969 13.981503 10
-18.323051 4.6251431 13.967718 7
-16.696547 3.4063652 13.226161 7
-16.898819 2.6306901 14.031229 23
-16.140032 1.6428908 14.098824 16
-18.392632 4.2096667 13.940308 19
-16.924957 3.0742276 13.367636 12
-16.930145 2.2638092 14.039783 16
-16.092686 1.293072 14.073146 21
-18.497068 3.8042102 13.947954 20
-17.362087 2.7685244 13.690534 18
-16.898216 1.888936 14.000793 15
-16.071995 0.9461993 14.076813 23
-18.447224 3.3659382 13.839355 4
-17.601402 2.4160686 13.851327 8
-16.904627 1.52238 14.000959 14
-16.037588 0.60293776 14.073563 18
-17.631859 2.7991979 13.139633 4
-17.765146 2.0457888 13.959034 7
-16.972139 1.1602458 14.064884 8
-15.999203 0.26419464 14.076662 9
-17.831324 2.4291282 13.249187 13
-17.784519 1.6577206 13.959961 19
-16.915836 0.79563844 14.029413 19
-15.931199 -0.070480458 14.063347 6
-18.274117 2.0857315 13.558804 16
-17.833378 1.2701173 13.988008 14
-16.877779 0.42915002 14.01467 15
-15.887684 -0.40646222 14.069864 18
-18.494467 1.6880351 13.684523 10
-17.725554 0.86634713 13.878716 5
-16.869419 0.062559791 14.017837 17
-15.85098 -0.74330437 14.077055 15
-18.416208 1.2645873 13.596098 14
-16.786179 -0.29800451 13.975381 8
-15.80284 -1.0756179 14.095866 15
-18.523218 0.858491 13.662563 33
-15.722065 -1.3962308 14.094263 16
-15.315393 0.34822169 11.176079 30
-17.590736 -0.29366472 13.803039 14
-15.625947 -1.71882 14.07564 11
-15.060717 0.0065947175 10.976999 25
-17.335354 -0.6718961 13.616691 43
-16.309441 -1.3380663 13.690628 8
-15.512508 -2.0362744 14.046686 9
-15.152691 -0.32968357 11.05179 3
-16.916489 -1.0275029 13.297965 26
-16.493731 -1.709709 13.912764 9
-14.461944 -1.197984 11.293675 2
-16.303129 -2.0418394 13.805776 21
-14.617834 -2.5357227 13.355349 3
-16.058277 -2.3588321 13.655381 20
-14.709826 -2.8694873 13.539404 12
-14.979454 -2.523741 12.755377 9
-14.852694 -3.217793 13.780484 11
-14.740189 -2.8055482 12.617556 14
-14.893269 -3.5501251 13.929408 18
-13.25806 -2.8052251 11.342577 3
-14.809475 -3.8564899 13.964338 13
-13.404758 -2.5875609 10.650695 2
-13.080563 -3.057055 11.259921 3
-14.648474 -4.136879 13.92465 26
-13.546361 -2.4227602 10.012339 2
-13.173368 -2.8377421 10.52069 2
-12.869737 -3.2919581 11.152149 4
-14.444592 -4.4005389 13.844886 37
-13.004966 -3.0971022 10.448134 2
-12.706673 -3.5351915 11.090536 3
-14.248878 -4.662221 13.779992 36
-12.817039 -3.3478088 10.361968 3
-12.502306 -3.7645643 10.996456 2
-14.067024 -4.9248567 13.728746 44
-12.939672 -3.2151914 9.7034016 2
-12.615521 -3.5866013 10.265098 2
-11.712508 -4.3298159 11.395136 23
-12.782051 -3.479475 9.6479864 2
-12.480125 -3.8409204 10.228547 2
-12.138944 -4.2140403 10.846952 2
-11.565611 -4.5445743 11.360106 25
-11.725331 -4.3413773 10.555141 34
-11.405499 -4.748055 11.318999 37
-11.564538 -4.5594039 10.513097 31
-11.262495 -4.9562588 11.29814 28
-11.441469 -4.7891183 10.508602 20
-11.353361 -5.2793527 11.540915 2
-11.265985 -4.994668 10.459302 14
-12.854803 -6.3510766 13.366915 12
-13.575274 -5.4134588 10.777603 4
-12.66995 -6.5827999 13.338817 11
-13.369855 -5.6825113 10.724376 12
-12.492263 -6.8162012 13.322357 10
-13.180191 -5.9551096 10.690916 15
-11.424081 -5.5165496 10.039702 2
-12.323317 -7.0515027 13.317974 8
-12.970587 -6.2175221 10.642648 46
-10.603118 -6.2954164 11.487195 2
-12.798264 -6.4936581 10.636765 36
-11.965919 -7.504559 13.303505 10
-12.580516 -6.7443652 10.597709 73
-11.304125 -7.3877401 12.712798 8
-12.390513 -7.0055513 10.587047 74
-10.20236 -6.9184728 11.565874 3
-12.184884 -7.25594 10.569776 80
-10.964505 -7.8149424 12.731004 5
-11.983829 -7.5094876 10.559828 80
-9.8446712 -7.2643337 11.523389 3
-11.197117 -7.3499594 9.9914923 8
-10.314822 -7.0861602 10.04292 1
-11.145275 -8.6732922 13.441095 8
-10.944934 -7.5409422 9.9305849 77
-10.954432 -8.8885555 13.448076 13
-10.763272 -7.7806425 9.9421263 79
-10.789633 -9.121418 13.491291 12
-11.217803 -8.5453634 10.619825 85
-10.600504 -9.3361807 13.512845 12
-11.019614 -8.7992725 10.644453 68
-10.508093 -9.6458845 13.676135 13
-10.817891 -9.0509291 10.674021 59
-9.1676102 -8.2404127 10.801527 2
-8.7461653 -8.2327528 11.421034 35
-10.613642 -9.3006124 10.706545 53
-8.8294659 -8.2653379 10.608195 17
-8.5942764 -8.4209003 11.461964 31
-10.414963 -9.5632992 10.757379 39
-8.6489916 -8.4445362 10.625794 21
-8.4446087 -8.616828 11.515997 25
-10.204354 -9.8129873 10.801659 25
-8.4774504 -8.6356649 10.660237 25
-8.2928295 -8.8083172 11.566666 24
-10.006536 -10.077538 10.867021 12
-8.7088661 -8.9569063 10.236554 2
-8.317008 -8.8400469 10.715847 30
-9.5703173 -10.767151 13.920656 40
-9.7794523 -10.314258 10.906861 8
-8.1571627 -9.0453348 10.779921 7
-9.3905134 -11.003297 13.999692 42
-9.6035938 -10.611876 11.019308 2
-9.1951323 -11.228629 14.066173 42
-8.1264868 -9.5450153 10.353796 2
-8.0340109 -9.7393703 11.24159 2
-8.9980669 -11.4555 14.138653 33
-7.9282479 -9.7450933 10.404133 3
-7.8449235 -9.9341002 11.29502 2
-8.7994184 -11.680761 14.211615 27
-7.7732606 -10.004656 10.523132 1
-8.5384779 -11.823401 14.185125 20
-7.35958 -9.8883934 10.254618 3
-8.3140879 -12.023805 14.237755 16
-8.0277166 -12.118212 14.167441 11
-8.0935583 -12.496145 13.484271 4
-7.8086042 -12.328827 14.23983 12
-7.5625811 -12.195038 12.999745 23
-7.4632297 -12.315338 14.0531 13
-7.3373733 -12.422948 13.09584 41
-7.0643415 -12.175359 13.738181 8
-7.5183883 -13.487815 14.0752 38
-7.1062551 -12.913817 14.42021 10
-7.2861376 -13.775657 14.234591 18
-6.862536 -13.10355 14.484944 13
-7.0258183 -14.01914 14.348278 11
-6.6145887 -13.284724 14.543502 18
-6.665483 -14.028288 14.230545 8
-6.3500314 -13.438008 14.573839 23
-6.5702295 -14.552265 13.743979 14
-6.3618302 -14.166038 14.251528 4
-6.0649338 -13.532477 14.545747 12
-6.3520503 -15.005043 14.068355 21
-5.7947307 -13.6711 14.573942 13
-5.3713942 -13.211926 11.554985 3
-6.0766912 -15.335077 14.283422 15
-5.5382152 -13.85767 14.653602 10
-5.00807 -13.175618 11.461201 20
-5.6896186 -15.340333 14.201542 12
-5.511003 -14.794264 14.56373 11
-5.2347441 -13.908109 14.596964 8
-4.7648082 -13.525055 11.70972 18
-5.3705039 -15.572343 14.339458 7
-5.1923976 -14.923036 14.60013 14
-4.9531608 -14.021921 14.611826 12
-4.4913535 -13.815718 11.915575 3
-5.0287051 -15.736436 14.418875 4
-4.871664 -15.042518 14.630632 10
-4.6815181 -14.185116 14.684412 12
-4.7931843 -16.571869 14.256714 11
-4.7082624 -16.005945 14.603683 8
-4.5498772 -15.158382 14.668268 10
-4.3854842 -14.260357 14.668014 14
-4.4403839 -16.874893 14.480061 4
-4.3410978 -16.096174 14.633959 13
-4.2064767 -15.189867 14.627189 6
-4.0975485 -14.367299 14.688085 13
-4.0492678 -17.031498 14.578571 4
-3.9730985 -16.187578 14.664871 11
-3.8786378 -15.295183 14.664784 13
-3.812393 -14.501539 14.746248 9
-3.6154366 -16.958874 14.498386 9
-3.5814519 -16.139198 14.578244 4
-3.5461817 -15.386269 14.690292 13
-3.5101848 -14.56965 14.734172 3
-3.1639209 -16.697855 14.258368 6
-3.2271502 -16.316784 14.70954 9
-3.2150729 -15.483828 14.735598 13
-3.2107005 -14.635879 14.729366 10
-2.720454 -16.348339 13.952292 4
-2.8489573 -16.329386 14.697991 9
-2.8843818 -15.58966 14.792216 6
-2.9098325 -14.719902 14.749692 11
-2.4081781 -17.271549 14.748845 11
-2.4453387 -16.075375 14.451955 7
-2.5387578 -15.582821 14.748469 8
-2.6119547 -14.818073 14.787876 14
-1.9883168 -17.252464 14.748528 9
-2.048562 -15.736945 14.138317 7
-2.1965933 -15.648692 14.781926 6
-2.302742 -14.8628 14.780348 10
-1.580058 -17.310328 14.820894 4
-1.6804544 -15.580962 13.997901 5
-1.8488061 -15.586145 14.700213 8
-1.9966104 -14.941537 14.808216 13
-1.1658916 -17.293379 14.835907 8
-1.348157 -16.510504 14.84676 7
-1.4995798 -15.358141 14.467689 5
-1.6880699 -15.015487 14.840617 9
-0.75604033 -17.265102 14.851706 8
-0.97017044 -16.495762 14.844781 8
-1.1567537 -15.083732 14.194613 6
-1.3771076 -15.12443 14.908986 5
-0.34493381 -17.24124 14.879841 9
-0.59569615 -16.506811 14.877019 7
-0.83156914 -14.928078 14.043089 5
-1.063421 -15.03438 14.784281 7
0.057118583 -17.205851 14.913997 10
-0.48593763 -15.824529 14.903288 6
-0.75648052 -14.815278 14.551793 7
0.46517467 -17.151146 14.933451 5
0.15215258 -16.490253 14.938882 7
-0.13982935 -15.825818 14.918876 7
-0.45658201 -14.538777 14.262702 7
0.87466174 -17.149815 15.01158 5
0.31927708 -14.058596 12.768812 3
0.20841901 -15.834761 14.941041 8
-0.16081999 -14.371828 14.082127 4
1.2767633 -17.083277 15.034709 5
0.91928107 -16.580118 15.123346 4
0.55764478 -15.85871 14.986166 8
0.20835732 -15.292192 14.980924 7
1.6844932 -17.043644 15.091299 6
1.2808074 -16.426964 15.042157 6
0.90802616 -15.859412 15.016577 7
0.53454161 -15.356487 15.036301 6
2.8633471 -16.727442 15.148797 7
2.3889172 -16.22588 15.091887 7
1.9568192 -15.805796 15.098946 7
1.5102924 -15.348689 15.057826 6
3.2557702 -16.622116 15.182958 7
2.765636 -16.176693 15.142409 6
2.3078609 -15.766769 15.121598 9
1.8400695 -15.327756 15.063716 9
3.1281002 -16.078419 15.151305 5
2.656534 -15.723847 15.146932 6
2.1827688 -15.378465 15.14063 5
3.4931571 -15.995101 15.183053 8
2.5078797 -15.332095 15.129848 6
4.3946161 -16.225079 15.264291 7
3.8646011 -15.926651 15.237647 5
2.8471682 -15.321107 15.158262 6
4.760251 -16.06883 15.282533 10
4.2198596 -15.820093 15.259168 8
3.6914091 -15.525115 15.19051 7
3.183075 -15.31711 15.199193 8
5.1383147 -15.941869 15.337853 6
4.5719023 -15.693396 15.270047 7
4.0446606 -15.474828 15.238008 5
3.5226643 -15.295533 15.23222 5
5.4851527 -15.740297 15.331181 7
4.9179168 -15.554126 15.278956 5
4.3984442 -15.416201 15.283314 5
3.8462174 -15.204043 15.202545 7
5.8404112 -15.565456 15.357483 7
5.2805228 -15.453013 15.334258 6
4.7400975 -15.323512 15.30162 5
4.1989985 -15.204597 15.272269 5
6.2012634 -15.400608 15.403486 6
5.6304855 -15.32234 15.364705 7
5.0803461 -15.218033 15.316595 5
4.5261135 -15.123539 15.266598 4
6.5526204 -15.223676 15.44417 6
5.9702153 -15.165095 15.3807 6
5.4139457 -15.099935 15.325753 5
4.8695416 -15.073874 15.301945 7
6.8901982 -15.022921 15.467978 9
6.307642 -15.007648 15.401719 5
5.7658687 -15.014475 15.375015 7
5.2029228 -14.991514 15.311459 7
7.2075658 -14.784514 15.463973 6
6.6526399 -14.86448 15.445678 7
6.134316 -14.957428 15.463939 5
5.5518274 -14.93799 15.354552 6
7.5428457 -14.584681 15.503565 7
6.9663687 -14.662442 15.434525 8
6.4329052 -14.75628 15.407989 8
5.9059405 -14.883814 15.407516 5
7.8861094 -14.40118 15.569106 5
7.3010125 -14.495589 15.469252 9
6.775393 -14.640623 15.449837 6
6.2358432 -14.773469 15.40955 6
8.1670828 -14.119509 15.537039 10
7.641315 -14.341634 15.524957 4
7.0972662 -14.478095 15.449739 8
6.5933914 -14.707601 15.464402 5
8.4436092 -13.839286 15.511022 8
7.9443579 -14.126344 15.521873 6
7.4438877 -14.361028 15.505509 6
6.9241133 -14.583236 15.468348 6
8.7167473 -13.561971 15.489429 14
8.2321091 -13.886278 15.496261 11
7.7562065 -14.183351 15.50286 5
7.2498579 -14.448484 15.465722 6
8.9900484 -13.293358 15.486585 14
8.5235958 -13.659017 15.492352 11
8.0782604 -14.014373 15.519795 8
7.6082687 -14.363278 15.526537 6
9.2482338 -13.005575 15.47086 10
8.8148966 -13.433932 15.497457 12
8.3717937 -13.806472 15.498944 8
7.9554362 -14.249147 15.563384 6
9.4994164 -12.719117 15.456248 15
9.0815287 -13.17497 15.47276 8
8.6689062 -13.602649 15.490081 13
8.254715 -14.053024 15.522514 10
9.742074 -12.426036 15.439713 15
9.3575296 -12.93289 15.469991 14
8.9727869 -13.404979 15.49612 13
8.5585461 -13.86592 15.495591 12
9.993165 -12.146976 15.448107 12
9.6120548 -12.668499 15.446397 13
9.2459803 -13.168056 15.464395 11
8.8728228 -13.690065 15.489581 13
10.211393 -11.837846 15.420808 13
9.8722477 -12.413805 15.441772 13
9.5293779 -12.947743 15.457606 12
9.1773825 -13.49532 15.472618 13
10.417198 -11.523411 15.388654 12
10.134171 -12.160635 15.448135 12
9.8044071 -12.715473 15.44388 16
9.4635286 -13.278279 15.434824 15
10.639963 -11.229601 15.39243 16
10.364429 -11.877979 15.419902 12
10.076486 -12.477771 15.433329 16
9.7839804 -13.101273 15.452916 15
10.844682 -10.92387 15.381514 13
10.593752 -11.595595 15.396754 15
10.351971 -12.244055 15.430911 10
10.065882 -12.872646 15.421567 17
11.028492 -10.605764 15.356262 9
10.823182 -11.315764 15.387148 14
10.600991 -11.984227 15.405723 16
10.392973 -12.693297 15.454287 15
11.218842 -10.294917 15.34852 15
11.036484 -11.025813 15.363087 11
10.864721 -11.737243 15.405565 15
10.646663 -12.432638 15.397599 14
11.41011 -9.9904375 15.350112 16
11.247451 -10.736801 15.348568 15
11.112882 -11.476843 15.392629 12
10.953382 -12.222143 15.415037 15
11.583555 -9.6772127 15.341866 15
11.462807 -10.450579 15.343884 14
11.381984 -11.233448 15.409149 9
11.218795 -11.968403 15.38332 16
11.758697 -9.3642931 15.342918 10
11.672548 -10.162051 15.339442 15
11.601624 -10.944 15.372791 17
11.510621 -11.739032 15.38947 19
11.889985 -9.0276747 15.298802 13
11.865732 -9.8634768 15.327776 18
11.834997 -10.670763 15.363899 16
11.786711 -11.48926 15.384297 17
12.015826 -8.6936464 15.262132 16
12.06366 -9.5695372 15.326319 9
12.058732 -10.385132 15.345971 16
12.036326 -11.218243 15.35392 21
12.178165 -8.3877468 15.279962 14
12.230701 -9.2578039 15.299088 14
12.288024 -10.109319 15.346031 15
12.304938 -10.95942 15.349972 18
12.294154 -8.0559349 15.250613 13
12.406672 -8.9521389 15.290965 14
12.499132 -9.8171215 15.331442 15
12.562082 -10.686802 15.339323 20
12.4457 -7.7480588 15.271554 15
12.551034 -8.6293907 15.255485 14
12.700617 -9.5140562 15.313766 20
12.799361 -10.395927 15.313284 14
12.535073 -7.4049597 15.226653 13
12.733827 -8.3306971 15.269384 17
12.908642 -9.2206764 15.30794 15
13.054916 -10.121357 15.31391 20
12.670828 -7.0959501 15.242688 16
12.846432 -7.9928007 15.21013 12
13.102247 -8.916501 15.293474 15
13.282893 -9.8192453 15.289016 16
12.750512 -6.7595711 15.204675 18
13.012222 -7.6887422 15.22327 14
13.282203 -8.6041698 15.272966 8
13.529557 -9.5323448 15.293571 23
12.852489 -6.4384346 15.20381 17
13.155719 -7.3724804 15.217136 18
13.46535 -8.2927523 15.265327 16
13.728996 -9.2137938 15.255122 11
12.948388 -6.1211262 15.197659 18
13.28537 -7.0554018 15.199245 16
13.659142 -7.9898586 15.266519 14
13.966039 -8.9141855 15.254631 21
12.989126 -5.7799029 15.141149 5
13.430486 -6.7422009 15.211578 15
13.795256 -7.6522684 15.222795 16
14.179283 -8.6001635 15.242926 21
13.101144 -5.4705524 15.174778 16
13.499652 -6.3977084 15.148625 9
13.978166 -7.340672 15.233912 13
14.378636 -8.2725344 15.223605 17
12.411999 -4.8764486 14.348822 6
13.666579 -6.0961933 15.194538 19
14.123533 -7.0099778 15.211497 15
12.543216 -4.5969076 14.418996 13
13.760219 -5.7657709 15.176155 16
14.288263 -6.6891999 15.219441 16
14.776361 -7.6187334 15.205291 17
12.801504 -4.3564463 14.632017 12
13.860881 -5.4403706 15.169881 7
14.413361 -6.3493638 15.194622 16
14.958625 -7.2819071 15.192559 22
13.097606 -4.1172652 14.889524 10
13.94264 -5.1100073 15.152804 15
14.539312 -6.0123086 15.179104 12
13.287403 -3.8428588 15.039475 13
14.044455 -4.7840095 15.161574 15
14.6564 -5.6696973 15.161323 15
13.41483 -3.5483012 15.130958 15
13.269644 -4.2047815 14.296127 6
14.810436 -5.3379793 15.184943 16
15.464215 -6.2358718 15.155271 20
13.453687 -3.2295625 15.132416 4
13.482743 -3.9318883 14.434362 9
13.702887 -3.653733 14.582972 16
13.189001 -2.5481212 14.797598 12
13.991007 -3.3863859 14.808746 18
13.838807 -3.9609177 13.942466 16
15.648027 -5.07793 14.896467 35
13.308901 -2.2567792 14.906737 12
13.96962 -3.0477481 14.733778 44
13.586857 -3.5592327 13.623112 50
15.051237 -4.5115714 14.240538 21
13.251432 -1.9426676 14.837244 24
13.782517 -2.6844928 14.503541 47
13.801171 -3.2744257 13.748788 59
13.747214 -3.8036509 12.977715 53
12.98333 -1.6089321 14.549347 47
13.31848 -2.2895124 14.004908 49
13.832265 -2.9477167 13.708081 47
13.638309 -3.4345248 12.78862 61
12.57613 -1.2764835 14.125265 37
13.07194 -1.9448472 13.727659 48
13.726085 -2.594533 13.546945 94
14.006077 -3.1701169 13.02272 65
12.336453 -0.97425729 13.879001 34
12.892194 -1.6213048 13.52453 77
13.579913 -2.244859 13.356267 58
14.039187 -2.829509 12.972773 63
12.101692 -0.68303758 13.642724 37
12.848752 -1.3171406 13.461736 98
13.310926 -1.8891932 13.062147 50
13.747542 -2.4392745 12.649793 53
11.946901 -0.40595916 13.496485 66
12.626297 -1.0059201 13.230213 57
13.040489 -1.544576 12.775096 65
13.48167 -2.0677757 12.357566 53
11.895182 -0.13516673 13.46592 75
12.407578 -0.70489067 13.007593 63
12.806216 -1.2170162 12.526489 64
13.205365 -1.7078544 12.067289 58
11.760038 0.12994216 13.348223 58
12.192635 -0.41404694 12.794831 57
12.567315 -0.90056026 12.28195 70
12.945745 -1.3625857 11.797915 59
11.575516 0.38869095 13.183263 46
11.971352 -0.13288648 12.583247 67
12.336751 -0.59881359 12.053525 69
12.693088 -1.0348574 11.543703 70
11.378836 0.6361109 13.012742 50
11.772061 0.13681096 12.395684 59
12.119685 -0.30296442 11.841969 62
12.448446 -0.71744913 11.305392 62
10.260885 0.80302733 11.86535 36
11.572048 0.39962772 12.215039 67
11.910174 -0.019084049 11.644363 78
12.231715 -0.40962812 11.096789 70
10.086925 1.0188001 11.716019 55
11.378041 0.65506631 12.042673 70
11.70541 0.25495997 11.454988 74
11.882566 -0.11357182 10.782126 74
9.9487925 1.2328458 11.615859 48
10.245133 0.82439321 10.95364 66
11.506857 0.52251959 11.280446 75
11.538363 0.16707267 10.480455 68
10.186596 1.4947634 11.919711 21
10.086213 1.0483496 10.823796 70
10.378856 0.71462911 10.265322 27
11.333095 0.43867424 10.303004 78
10.493084 1.7787516 12.304566 44
9.9697075 1.2706937 10.740382 52
10.215471 0.94854772 10.130456 73
10.456947 0.6597771 9.5664501 7
10.362751 1.9953173 12.224353 43
10.347057 1.5616692 11.150266 34
10.047057 1.1754909 9.9956884 67
10.280142 0.90183389 9.423727 69
10.198811 2.2036986 12.11061 51
10.50411 1.8330905 11.347095 76
10.242171 1.447135 10.200002 48
10.105386 1.1382707 9.2889709 76
10.049416 2.407542 12.015647 51
10.336664 2.0519893 11.229277 74
10.363135 1.717032 10.339222 62
10.249387 1.4117358 9.4258757 41
9.8738394 2.6004725 11.896044 58
10.177277 2.2662272 11.121374 71
10.186707 1.9402926 10.213502 58
10.643686 1.7317595 9.7813282 85
9.727953 2.7971578 11.809081 55
10.000635 2.472811 10.999922 76
10.011888 2.1571362 10.094002 66
10.474803 1.9718765 9.668684 72
9.5901194 2.9908454 11.736189 59
9.8144836 2.6712074 10.873506 79
9.847764 2.3724754 9.9882307 74
10.292747 2.2022254 9.5490808 72
9.4381571 3.1773479 11.650382 50
9.5923853 2.8528636 10.713627 80
9.7255125 2.5908792 9.9249001 62
9.2996588 3.362622 11.581377 67
9.3843718 3.0314937 10.570523 78
9.6297827 2.8137345 9.8901243 74
9.1565504 3.5429933 11.507399 63
9.1941042 3.208627 10.446165 72
9.551754 3.0414715 9.8770876 74
9.0193129 3.7222209 11.445335 61
9.0689363 3.4025483 10.392854 73
9.4543333 3.263809 9.8502636 69
8.8783493 3.897176 11.38225 60
8.9284811 3.5883007 10.32769 67
9.328496 3.4725075 9.8007803 59
9.5960388 3.3425581 9.2006617 6
8.7547426 4.0772314 11.339959 56
8.8009367 3.7776685 10.283011 64
9.2248507 3.6888549 9.780818 38
8.624733 4.2515545 11.296651 61
8.6635122 3.9598651 10.227287 63
9.1267328 3.9064996 9.7674398 12
8.4906473 4.4211378 11.249945 67
8.5169039 4.1347404 10.167717 74
9.0191116 4.1177664 9.7502184 6
8.3537025 4.5865936 11.200297 64
8.3766785 4.309803 10.11598 75
8.8964109 4.3231654 9.722043 2
8.2326164 4.7590399 11.172051 63
8.2398825 4.4843273 10.071933 70
8.6490479 4.4675784 9.5745983 9
8.1060858 4.9260335 11.141976 64
8.0996103 4.6539435 10.027037 72
7.9700518 5.0865564 11.104046 63
7.969707 4.8291726 9.998229 65
7.8455806 5.2543201 11.083581 62
7.8381681 5.0009904 9.9725943 66
7.7155771 5.4161482 11.058629 58
7.7033453 5.1706963 9.9446745 72
7.5906801 5.5793762 11.040422 67
7.5880294 5.3496885 9.9412947 73
7.4678817 5.7426233 11.029283 66
7.4557185 5.5173268 9.9223576 70
7.8918591 5.5228653 8.6885433 26
6.8047528 5.5129008 10.30094 10
7.3158207 5.6795893 9.9015322 66
7.5929213 5.7218342 9.321681 78
7.6588449 5.6578689 8.5920181 81
6.6296582 5.6208596 10.215774 58
6.7389212 5.5197253 9.3476877 82
7.4535203 5.9027915 9.315753 105
7.0862212 5.5434856 8.1489391 51
6.5143332 5.7717547 10.216659 63
6.6124501 5.675251 9.3406944 74
6.6680326 5.5970678 8.5802202 80
6.7394223 5.5674877 7.9323459 85
6.3927703 5.9161363 10.209657 63
6.4800477 5.8265462 9.330802 74
6.5382371 5.7629838 8.5822325 87
6.6022887 5.7393847 7.9324298 84
6.8289671 6.5402431 10.998417 69
6.3163433 5.9504437 9.2843733 49
6.4117689 5.929059 8.5901041 82
6.4739666 5.9175353 7.9462352 85
6.7103 6.7058206 11.014127 68
6.6643391 6.5196462 9.9073191 74
6.8948569 6.6220717 9.3327341 94
6.939332 6.6035776 8.6170816 84
6.5835228 6.8668003 11.023827 69
6.543674 6.6975574 9.9376316 66
6.7530813 6.802259 9.3474636 87
6.7998729 6.7992301 8.6448631 85
6.456275 7.0283408 11.04073 69
6.4063034 6.8607745 9.9480333 79
6.6843662 7.0509458 9.45963 6
6.7010727 7.0324874 8.7244854 6
6.3310704 7.1935382 11.062972 69
6.2734718 7.0297484 9.9683571 76
6.6548214 7.3455739 9.6311131 2
6.2059221 7.3587532 11.08922 71
6.1397734 7.2016912 9.999609 74
6.4587126 7.4838996 9.600215 6
6.0835013 7.5317316 11.129012 69
6.0109711 7.3778172 10.037448 76
6.2771955 7.6327214 9.5888472 21
5.9546285 7.6990118 11.160995 70
5.8755689 7.5491037 10.072528 73
6.1077952 7.7945037 9.6014376 45
5.8204498 7.8601327 11.188079 69
5.7436872 7.7299533 10.120594 78
5.9333334 7.9523716 9.6104488 59
5.6822963 8.0231857 11.219693 66
5.6118965 7.9121513 10.175968 74
5.7739105 8.128643 9.6489363 67
5.5509663 8.1950941 11.265741 62
5.4707708 8.0881405 10.224128 86
5.5867743 8.270093 9.6498318 73
5.4229403 8.3765593 11.32571 66
5.3390574 8.2810259 10.296101 78
5.4029322 8.4179277 9.6626625 77
5.2911525 8.5567141 11.386776 72
5.2074304 8.4770308 10.374151 82
5.2079897 8.5513506 9.6658344 82
5.1507945 8.7306719 11.441141 63
5.0997586 8.7169161 10.506832 77
5.0256104 8.7016354 9.6908407 77
5.0178704 8.9177752 11.51427 63
5.0333323 9.0288906 10.725562 77
4.8631639 8.8851891 9.7572775 80
5.0646539 9.3675356 9.5072546 2
4.8721781 9.0978289 11.577049 66
4.8811469 9.2225666 10.804366 69
4.706337 9.0867739 9.8461103 81
4.8474398 9.5083055 9.5295572 19
4.7320466 9.2878571 11.657152 66
4.7126837 9.3988018 10.865894 71
4.5524879 9.2996063 9.9493055 77
4.6216769 9.6398516 9.5480099 56
4.5891094 9.4801006 11.741286 61
4.5578275 9.6017923 10.961143 75
4.3871846 9.4990692 10.042705 74
4.4110699 9.7965679 9.5971699 79
4.4390311 9.6713734 11.824099 54
4.3990135 9.8101397 11.062986 66
4.2249379 9.7178812 10.158518 75
4.1812053 9.9207888 9.6191826 59
4.2949057 9.883419 11.935023 69
4.2355051 10.016726 11.167151 73
4.0735912 9.9718332 10.313338 79
3.9650009 10.075565 9.6753464 76
4.1414871 10.085663 12.034215 59
4.0619102 10.209917 11.259685 76
3.9929638 10.390491 10.638803 80
3.7781494 10.300156 9.8039093 76
3.98383 10.288437 12.137481 56
3.8927405 10.431942 11.384008 75
3.8127332 10.623346 10.77555 80
3.5982897 10.554449 9.9645901 85
3.8164937 10.486943 12.237232 63
3.7323253 10.684636 11.548479 75
3.5102859 10.578218 10.639731 35
3.2228403 10.335691 9.690383 43
3.651108 10.696918 12.351592 68
3.3919232 10.511509 11.260632 40
3.1173499 10.275471 10.258081 47
2.9669983 10.395852 9.6825161 74
3.3070142 10.481403 11.984954 29
3.0331311 10.255135 10.893351 63
2.9119675 10.440269 10.346148 71
2.7749634 10.640083 9.8500996 75
2.978579 10.263758 11.629162 60
2.8557057 10.467301 11.028955 70
2.72205 10.665064 10.496921 82
2.8628869 11.793453 10.85066 72
2.8104877 10.463156 11.746813 69
2.6778383 10.694001 11.181631 74
2.8137584 11.809104 11.541502 74
2.6379459 12.061255 11.045764 69
2.6419356 10.680407 11.886312 62
2.774255 11.832317 12.275044 60
2.6021168 12.084672 11.746255 71
2.4111886 12.349953 11.262178 72
2.7390475 11.795053 13.004263 101
2.5699644 12.090665 12.457248 63
2.3851531 12.369327 11.959513 72
2.1777434 12.654055 11.501053 76
2.5142984 11.931136 13.0527 75
2.357296 12.35323 12.649037 66
2.156291 12.652798 12.177434 60
1.9298445 12.957469 11.745148 62
2.2940052 12.099326 13.137958 48
2.1426945 12.641519 12.870755 79
1.9203243 12.948635 12.412404 64
1.6781427 13.295472 12.024162 63
2.0842063 12.333312 13.297823 64
1.9009603 12.860486 13.026101 97
1.6750925 13.260331 12.669437 59
1.4119416 13.626458 12.304397 51
1.8745493 12.612718 13.507514 51
1.6287762 12.955201 13.06033 61
1.4218919 13.584105 12.942517 101
1.1381125 13.998135 12.62955 56
1.6965212 13.092752 13.931973 39
1.3901768 13.260714 13.312254 62
1.117295 13.65416 12.979226 66
0.84459692 14.324123 12.920082 97
1.477569 13.448174 14.226372 54
1.1457576 13.584313 13.58408 47
0.84526509 13.985307 13.27035 48
0.51826662 14.43959 13.026763 55
1.2193093 13.62466 14.333914 16
0.92262381 14.192863 14.143478 46
0.56642425 14.386377 13.633282 31
0.20344333 14.823433 13.386216 52
0.91473269 13.531098 14.165847 19
0.62627453 14.360578 14.270975 16
0.29055864 15.049559 14.247254 27
-0.10853568 15.534323 14.045484 60
0.65180779 13.741318 14.317802 3
0.30607381 14.305331 14.184017 10
-0.061391272 14.875705 14.083497 14
-0.47171339 15.567875 14.105842 37
0.37269166 13.883504 14.409662 4
0.0040647252 14.509389 14.361959 3
-0.8389374 15.390856 13.98942 14
0.086746544 13.994724 14.470088 23
-0.3103697 14.608858 14.43981 17
-1.1922172 15.070868 13.748429 16
-0.20675839 14.032637 14.462786 21
-0.62771952 14.62079 14.440907 19
-1.0752219 15.158683 14.396715 26
-1.5338615 14.88891 13.638869 17
-0.4970507 14.062165 14.452627 22
-0.94506049 14.602127 14.417309 20
-1.402689 14.835346 14.119581 12
-1.9396573 15.743518 14.479113 7
-0.7926473 14.071684 14.425343 24
-1.25885 14.58296 14.396662 8
-1.7289066 14.70034 14.025627 14
-2.2883987 15.563854 14.387015 23
-1.0879509 14.116014 14.438969 10
-1.5778638 14.604166 14.424891 17
-2.0391204 14.433597 13.814733 14
-2.6465366 15.4779 14.38949 19
-1.3883137 14.150952 14.450313 32
-1.8927099 14.524106 14.362478 21
-2.3492627 14.220069 13.664814 11
-3.0011089 15.373902 14.386721 19
-1.6915065 14.166764 14.453346 18
-2.1976557 14.321908 14.188442 16
-2.661001 14.115781 13.623466 6
-3.3513696 15.270284 14.392861 18
-1.9912721 14.14992 14.426368 24
-2.4894342 14.103006 14.00216 13
-3.0968664 14.868649 14.412082 16
-3.6971946 15.160733 14.398878 18
-2.2911527 14.111784 14.386517 4
-2.7711587 13.879957 13.816873 12
-3.4267197 14.783398 14.406878 16
-4.0385036 15.041001 14.400983 18
-2.5803835 13.991666 14.267008 17
-3.0495858 13.672707 13.654645 13
-3.7535267 14.69487 14.404833 15
-4.3750038 14.902766 14.39629 19
-2.8612244 13.83227 14.115524 14
-3.3411098 13.564609 13.596045 6
-4.0793295 14.603674 14.408617 15
-3.1301012 13.627365 13.924992 12
-3.8014262 14.319653 14.406152 16
-4.4112501 14.52943 14.436348 4
-3.3870759 13.372723 13.69142 14
-4.1182551 14.255861 14.410561 12
-4.7277794 14.401309 14.419129 13
-5.3643293 14.482735 14.420336 18
-3.6655021 13.282826 13.629518 10
-4.4402742 14.214535 14.442058 15
-5.0433946 14.276656 14.411899 13
-4.9869289 12.231665 12.332576 10
-4.1473527 14.073033 14.472628 5
-4.7514186 14.127557 14.435431 10
-5.3648367 14.173512 14.432482 15
-4.4507875 14.005562 14.448729 15
-5.0654993 14.053188 14.446758 14
-4.9969006 12.045961 12.393167 3
-4.7611146 13.955526 14.448092 10
-5.3740544 13.954143 14.444304 14
-5.9912667 13.938666 14.464621 11
-6.6129422 13.822464 14.450431 12
-5.0696096 13.891239 14.443632 15
-5.6810637 13.851133 14.441195 6
-6.2868423 13.772953 14.445713 14
-6.9121985 13.640674 14.460694 16
-5.3820553 13.835983 14.455395 13
-5.9892459 13.752044 14.451956 13
-6.5945387 13.63813 14.462622 13
-7.2081108 13.448583 14.468718 18
-5.6995239 13.786492 14.481101 6
-6.3012142 13.651635 14.470804 13
-6.8971667 13.491245 14.47857 15
-7.4917083 13.247936 14.470675 18
-6.0003524 13.679221 14.452928 16
-6.5969405 13.517552 14.45972 13
-7.1869216 13.324334 14.477555 10
-7.7729621 13.046976 14.479665 17
-6.3173685 13.616141 14.479724 13
-6.9028406 13.399212 14.472505 12
-7.4725852 13.14849 14.472269 13
-8.0485144 12.838662 14.487373 14
-6.6217237 13.514148 14.472429 16
-7.1934443 13.253254 14.46327 11
-7.7664943 12.995063 14.497124 13
-8.3220892 12.637223 14.504154 22
-6.927846 13.417822 14.477206 14
-7.4994555 13.139012 14.494125 17
-8.037324 12.79984 14.484838 14
-8.5930538 12.42829 14.524859 12
-7.2383533 13.315959 14.483886 10
-7.7899308 12.990193 14.494622 12
-8.3257761 12.633858 14.513277 19
-8.8452654 12.197556 14.524045 22
-7.540143 13.194028 14.480297 16
-8.0720491 12.820928 14.480041 13
-8.5996389 12.444065 14.520729 13
-9.0914869 11.963247 14.524335 24
-7.8454185 13.074805 14.48597 23
-8.3642864 12.670279 14.497627 23
-8.8612938 12.239311 14.518145 23
-9.3469105 11.741445 14.549842 25
-8.1521082 12.943831 14.480655 15
-8.65802 12.511808 14.504244 12
-9.1346712 12.043238 14.527605 24
-9.5932283 11.505835 14.556029 12
-8.460247 12.816258 14.495332 15
-8.9279852 12.323257 14.49068 16
-9.3894596 11.832374 14.529941 17
-9.8212776 11.25968 14.559165 28
-8.7627001 12.681108 14.506967 12
-9.2168331 12.161039 14.517255 15
-9.6457043 11.623127 14.542288 17
-10.042013 11.007555 14.56323 23
-9.0454664 12.508284 14.487504 20
-9.4946671 11.984607 14.533747 10
-9.8902502 11.398391 14.543128 17
-10.262242 10.755137 14.569832 23
-9.3608036 12.375798 14.521945 19
-9.7547379 11.778173 14.522119 16
-10.140567 11.185078 14.562717 16
-10.47691 10.504211 14.58304 24
-9.6517982 12.202457 14.521845 18
-10.035834 11.594125 14.548475 15
-10.363598 10.937295 14.549596 18
-10.704177 10.265578 14.62497 15
-9.9389124 12.027022 14.52334 31
-10.285437 11.376524 14.538694 16
-10.603247 10.713575 14.568729 18
-10.885831 9.9844265 14.60859 11
-10.221378 11.844764 14.523855 24
-10.542062 11.168173 14.546986 20
-10.843073 10.490849 14.598863 12
-11.046473 9.6903305 14.573989 22
-10.509075 11.659676 14.534452 25
-10.809197 10.969985 14.57737 24
-11.040395 10.224453 14.574623 9
-11.210098 9.4057808 14.556386 24
-10.783286 11.459097 14.530938 21
-11.056927 10.744586 14.582617 12
-11.235719 9.9618988 14.559341 16
-11.375796 9.1247501 14.550796 24
-11.06424 11.263622 14.54549 23
-9.5628366 8.7474527 12.157504 5
-11.431944 9.7003603 14.550179 19
-11.507427 8.8212214 14.50764 17
-11.344458 11.063008 14.564982 15
-9.7787266 8.5730381 12.191023 7
-11.607712 9.423131 14.527625 16
-10.847386 7.8901219 13.413129 3
-11.619056 10.852962 14.57763 11
-11.714233 9.9972134 14.534649 25
-11.806659 9.1698399 14.542513 12
-10.988177 7.6332679 13.419328 13
-11.84641 10.594218 14.536061 31
-11.914475 9.7275877 14.506769 19
-11.935484 8.858942 14.471864 9
-11.184968 7.4207625 13.507139 22
-12.07458 10.335198 14.504513 22
-12.11148 9.4611712 14.485839 26
-12.117909 8.5943222 14.482665 18
-11.418611 7.2317381 13.647222 15
-12.311912 10.084808 14.490843 18
-12.304571 9.1920176 14.467591 6
-12.257985 8.3019562 14.447808 18
-11.668806 7.0487208 13.816353 14
-12.548687 9.8323421 14.482089 16
-12.496166 8.9177799 14.451317 19
-11.563841 7.4239359 13.376305 1
-11.927542 6.8666553 13.999886 16
-12.755691 9.5540009 14.445447 20
-12.683764 8.6462173 14.444378 17
-11.710849 7.1673875 13.380747 9
-12.163065 6.6657758 14.158953 19
-12.980406 9.2891836 14.438612 12
-12.849512 8.3590736 14.415868 17
-11.900632 6.9427509 13.446298 16
-12.405575 6.4612823 14.333138 18
-13.170024 8.9970655 14.395442 19
-13.025752 8.0788689 14.408482 17
-12.118737 6.7317495 13.551179 14
-12.556967 6.2042365 14.398328 34
-13.389275 8.7254658 14.396577 21
-13.167687 7.7763968 14.367698 17
-12.382535 6.5420833 13.715508 12
-12.641403 5.913744 14.389709 28
-13.545274 8.4106636 14.333266 9
-13.33335 7.493052 14.364565 23
-12.634303 6.3392687 13.868341 12
-12.735458 5.6291146 14.400933 27
-13.758687 8.1355715 14.343801 20
-13.484755 7.1991506 14.353039 16
-12.900146 6.1388259 14.04369 13
-12.802658 5.3355823 14.387935 20
-13.942907 7.8381104 14.326512 18
-12.732303 6.4110861 13.331493 6
-13.154137 5.9239187 14.209347 16
-12.795211 5.013907 14.294543 3
-14.118601 7.5320396 14.300543 17
-12.940959 6.1711898 13.402107 11
-13.285892 5.6452031 14.232618 9
-12.907402 4.7452145 14.345704 31
-14.259787 7.2120066 14.257005 17
-13.148843 5.9306669 13.486849 15
-13.450182 5.380888 14.305259 22
-12.969945 4.4570689 14.348959 26
-14.436021 6.9094229 14.255745 12
-13.349477 5.6820755 13.567759 16
-13.541221 5.0859661 14.304007 25
-13.008632 4.1661248 14.33404 30
-14.621614 6.6078043 14.272856 15
-13.72768 5.50842 13.845854 15
-13.60246 4.7799988 14.276464 19
-13.062202 3.8828065 14.344284 24
-14.727393 6.2698727 14.214067 23
-14.004324 5.2762871 14.014786 16
-13.702794 4.4914894 14.298215 17
-13.088448 3.5919805 14.32898 24
-13.951517 5.5529528 13.270854 6
-14.255403 5.0265698 14.164221 16
-13.751664 4.1855698 14.271179 18
-13.121607 3.3060234 14.326619 27
-14.135571 5.2717361 13.317461 10
-14.383069 4.7273407 14.188151 12
-13.826234 3.8885427 14.280638 4
-13.113983 3.0138307 14.284993 5
-14.343019 4.9967189 13.393725 10
-14.49689 4.4198551 14.204325 16
-13.86261 3.5841212 14.255548 16
-13.157656 2.7364128 14.31389 35
-14.68766 4.7651162 13.611421 18
-14.586888 4.1065702 14.203991 20
-13.90508 3.282702 14.242534 24
-13.147303 2.4497082 14.283109 19
-15.026208 4.5186234 13.828113 18
-14.651483 3.7860541 14.185357 24
-13.934361 2.9794023 14.225326 40
-13.145754 2.1673656 14.268332 25
-15.347953 4.2556081 14.03251 18
-14.708779 3.4647627 14.166409 31
-13.949166 2.6756034 14.198751 18
-13.151578 1.8886385 14.271732 23
-15.528333 3.9409211 14.10469 25
-14.776088 3.1438913 14.165312 29
-13.990704 2.3792095 14.20832 23
-13.160404 1.6141962 14.284496 25
-15.663824 3.6112893 14.141177 9
-14.806662 2.8194489 14.135134 10
-14.014174 2.0783422 14.204869 27
-13.148919 1.3375798 14.276628 28
-15.686466 3.2521741 14.080274 22
-14.892747 2.5051451 14.169012 18
-13.99754 1.7755948 14.166307 9
-13.139486 1.0640749 14.280941 24
-15.775712 2.9083395 14.088153 31
-14.890178 2.1744695 14.121508 27
-14.073693 1.485832 14.233594 12
-13.104894 0.78964317 14.262677 32
-15.824007 2.5572951 14.065328 23
-14.924448 1.8513923 14.116375 23
-14.031534 1.1812429 14.179358 26
-13.049394 0.51806927 14.224119 10
-15.870594 2.2047153 14.051486 18
-14.962029 1.5293031 14.124282 18
-14.026056 0.88425183 14.173614 26
-13.074038 0.25081253 14.283804 11
-15.909602 1.8522106 14.038974 15
-14.966681 1.2031397 14.108231 21
-14.012369 0.58855885 14.166168 23
-13.021505 -0.01672611 14.263573 24
-16.036711 1.5082488 14.116417 8
-14.978659 0.88024724 14.104932 16
-14.006381 0.2939288 14.173424 24
-12.98266 -0.2813172 14.261184 23
-15.998413 1.1452096 14.047362 23
-14.941595 0.55388719 14.059977 11
-13.992805 -3.5264246e-05 14.179029 24
-12.955111 -0.54287559 14.280811 19
-16.032902 0.79322618 14.057694 25
-15.023775 0.2331221 14.145551 11
-13.952509 -0.29221103 14.162416 25
-12.182644 -0.76250386 13.420584 8
-16.022099 0.43580419 14.031096 17
-14.954151 -0.090661041 14.083012 15
-13.922664 -0.583022 14.163272 21
-12.26659 -1.0158547 13.579822 12
-16.021486 0.078095876 14.022635 8
-14.946521 -0.41221687 14.0913 24
-13.854999 -0.87158269 14.131607 11
-12.669949 -1.3066758 14.126551 13
-16.083534 -0.27867454 14.081029 16
-14.949986 -0.73754627 14.117777 18
-13.875751 -1.1658275 14.199192 10
-12.697249 -1.5704225 14.234099 28
-16.023924 -0.63524497 14.028201 16
-14.88362 -1.0570567 14.076104 15
-13.067001 -1.3732994 13.361496 6
-12.632957 -1.8221523 14.229891 33
-16.003613 -0.9930588 14.030254 13
-14.829373 -1.3756438 14.060305 8
-13.152824 -1.6608908 13.514191 10
-12.575148 -2.0723858 14.243328 22
-15.954385 -1.3473797 14.010171 11
-14.857113 -1.701364 14.134219 11
-13.577857 -2.0032089 14.048593 14
-12.510286 -2.3218684 14.257868 26
-15.875224 -1.6975924 13.972023 5
-14.788253 -2.0202134 14.119979 13
-13.612463 -2.301132 14.160543 22
-12.422259 -2.5634594 14.24484 27
-14.000196 -2.2189367 13.378294 8
-13.548677 -2.582582 14.170917 21
-12.326442 -2.803447 14.228604 16
-15.579046 -2.3744063 13.790023 7
-14.420901 -2.6074667 13.875618 10
-13.460225 -2.856734 14.159927 15
-12.233361 -3.0411954 14.221395 12
-14.878133 -2.6058202 13.190648 12
-14.575956 -2.9653206 14.111396 16
-13.380137 -3.1330092 14.164323 14
-12.168169 -3.2846014 14.252881 11
-14.651232 -2.9042728 13.044324 37
-14.459852 -3.2683907 14.078476 10
-13.270157 -3.4020319 14.141235 13
-12.111485 -3.5304418 14.302321 12
-14.689479 -3.25401 13.154432 4
-14.340871 -3.5681243 14.048172 7
-13.206133 -3.6803582 14.176486 12
-12.013249 -3.7643714 14.303061 14
-15.043298 -3.689368 13.576596 31
-14.208715 -3.8639638 14.012659 5
-13.125757 -3.9533856 14.201961 14
-11.906043 -3.9903827 14.29875 19
-14.773234 -3.9744189 13.411101 18
-14.073093 -4.155704 13.979531 4
-13.002429 -4.2125545 14.180416 14
-11.802469 -4.2182384 14.300337 19
-14.513934 -4.2540455 13.263806 14
-13.900947 -4.4331765 13.913405 4
-12.892972 -4.4764247 14.184079 14
-11.689507 -4.442915 14.295782 20
-14.29392 -4.5374756 13.157059 7
-13.787889 -4.7264428 13.916146 8
-12.782819 -4.7390103 14.191737 16
-11.572712 -4.6631379 14.293175 30
-12.289232 -4.1753011 11.292431 4
-13.678375 -5.0241017 13.931993 9
-12.658234 -4.9946127 14.190195 20
-11.45185 -4.8798795 14.286512 26
-11.797535 -4.2938824 10.910331 42
-13.550122 -5.3122473 13.933546 14
-12.536087 -5.2520971 14.194695 17
-11.332761 -5.0972228 14.288876 31
-11.639169 -4.5295839 10.865241 41
-13.388779 -5.5870843 13.907585 27
-12.418209 -5.5089469 14.212231 15
-11.220764 -5.3180718 14.305324 20
-11.453394 -4.7507834 10.795681 44
-13.233925 -5.8610263 13.895664 34
-12.275467 -5.7532005 14.203344 16
-11.096966 -5.5307279 14.309557 25
-11.295271 -4.979248 10.760519 43
-13.092045 -6.1425309 13.903949 30
-12.148419 -6.0059414 14.223706 15
-10.957042 -5.7326412 14.293525 22
-11.38661 -5.332334 10.993267 3
-12.902854 -6.3974524 13.864477 29
-11.996493 -6.2460308 14.216674 16
-10.839613 -5.9474573 14.316853 22
-12.734985 -6.6627655 13.858336 49
-11.842285 -6.4832368 14.215599 27
-10.718962 -6.1622066 14.34118 31
-12.535292 -6.9064269 13.821179 57
-11.707304 -6.7286148 14.24251 24
-10.569086 -6.355978 14.329751 29
-12.322775 -7.1433892 13.776218 59
-11.554376 -6.9646401 14.256304 17
-10.435718 -6.5596056 14.345426 32
-12.146682 -7.3969727 13.780238 61
-11.382819 -7.1902518 14.249056 24
-9.7464838 -6.3702559 13.517264 3
-11.941169 -7.6302009 13.752651 44
-11.228481 -7.4229422 14.269191 11
-9.6753836 -6.602694 13.62453 14
-11.136025 -7.4293523 12.973622 89
-10.562242 -7.275497 13.581244 21
-10.009752 -7.1500106 14.3793 28
-10.95823 -7.6604843 12.981497 76
-10.881166 -7.8613114 14.278548 25
-9.8513327 -7.334661 14.376023 22
-11.422036 -8.3957262 13.83917 54
-10.703772 -8.0800695 14.28801 16
-9.7053061 -7.528111 14.395946 20
-9.8396368 -7.2940593 10.895392 5
-11.198064 -8.6124306 13.81706 60
-10.517496 -8.2873631 14.287375 19
-9.528079 -7.6972885 14.370263 23
-11.014001 -8.8617907 13.853511 63
-10.32382 -8.4892588 14.283367 23
-9.3731861 -7.8838921 14.384643 22
-10.837442 -9.1169405 13.906882 60
-10.139719 -8.7026777 14.301517 15
-9.2167683 -8.0685978 14.400097 23
-10.649616 -9.3649998 13.955099 58
-9.9531727 -8.9078865 14.316577 18
-9.0491657 -8.2432632 14.404306 25
-10.448083 -9.6010332 13.992071 53
-9.7562761 -9.1064262 14.327467 20
-8.8870554 -8.4229574 14.421614 21
-8.842289 -8.232688 10.878755 24
-8.6823368 -8.2092075 11.693152 2
-9.5586691 -9.3044491 14.345178 18
-8.7010336 -8.5784559 14.403353 19
-8.6546869 -8.4310589 10.913749 35
-10.024611 -10.060795 14.067903 32
-9.3433952 -9.4842434 14.337152 23
-8.5362024 -8.7605047 14.431018 20
-8.4884968 -8.6527824 10.983572 39
-9.8044443 -10.28118 14.102995 29
-9.1456442 -9.6825476 14.367426 15
-8.3552837 -8.9200649 14.430322 19
-8.3152666 -8.874012 11.056238 40
-9.5845184 -10.504497 14.148023 16
-8.9370489 -9.8674641 14.382432 15
-8.1820841 -9.0905676 14.451744 14
-9.3330574 -10.688625 14.149477 11
-8.7100267 -10.029217 14.369278 22
-8.0052996 -9.2576742 14.471429 20
-9.0647583 -10.849024 14.128249 7
-8.5098419 -10.228488 14.419107 14
-7.8145795 -9.409441 14.470113 21
-7.9932647 -9.8250246 11.653275 2
-8.8355474 -11.062807 14.183601 5
-8.2922649 -10.403711 14.440402 12
-7.6431031 -9.5852537 14.512994 16
-8.9000082 -11.63685 13.615518 26
-8.5949841 -11.262189 14.229885 4
-8.074789 -10.579256 14.468852 11
-7.4487829 -9.7338314 14.519585 13
-8.7285566 -11.986372 13.833433 24
-8.3892765 -11.518064 14.349627 5
-7.8336859 -10.724202 14.458402 10
-7.2679243 -9.9015675 14.556905 13
-8.4874573 -12.241631 13.946195 41
-8.131566 -11.694841 14.37787 7
-7.6034112 -10.882816 14.474937 9
-7.0578828 -10.030075 14.53758 12
-8.2457409 -12.504071 14.071049 42
-7.8699789 -11.870317 14.412047 12
-7.3480496 -10.996903 14.437912 10
-6.8518944 -10.15837 14.526213 10
-7.6275215 -12.100251 13.458177 23
-7.6118622 -12.048657 14.453826 14
-7.1154838 -11.150066 14.458107 12
-6.6499076 -10.29477 14.530875 11
-7.3986239 -12.36467 13.608354 42
-7.2936897 -12.11917 14.376883 12
-6.889132 -11.318302 14.50274 15
-6.4474669 -10.43731 14.546721 14
-7.3654585 -13.035368 14.209951 8
-6.786593 -11.803889 13.854437 13
-6.6525698 -11.470416 14.536165 17
-6.2452779 -10.578883 14.567574 16
-7.1037369 -13.294053 14.360523 3
-6.4931355 -11.887137 13.814771 3
-6.3357182 -11.457057 14.365733 10
-6.0309711 -10.701573 14.568095 23
-6.8044443 -13.469266 14.427951 8
-6.4575329 -12.541151 14.4449 8
-5.898602 -11.161283 13.849021 11
-5.8286023 -10.847421 14.602735 21
-6.4906473 -13.637265 14.500891 15
-6.1868029 -12.718349 14.528338 12
-5.6123266 -11.188337 13.755093 2
-5.5597878 -10.86764 14.475908 15
-6.1559162 -13.74271 14.510547 17
-5.8919744 -12.824637 14.533562 11
-5.6550627 -12.001242 14.627405 11
-5.1661153 -10.552968 13.907757 10
-5.8271074 -13.84594 14.527264 16
-5.6046062 -12.948238 14.564961 12
-5.375248 -12.05666 14.570593 8
-4.9184232 -10.563293 13.78519 6
-5.5117803 -13.99703 14.604386 14
-5.3081522 -13.046594 14.576104 11
-5.1195803 -12.177233 14.598453 14
-4.9519067 -11.346615 14.674286 20
-5.1684017 -14.057183 14.594816 5
-5.0133862 -13.151664 14.604472 15
-4.8662219 -12.305815 14.643517 14
-4.7225547 -11.455872 14.682592 20
-4.8231063 -14.113461 14.589256 12
-4.7279887 -13.289459 14.676133 7
-4.60116 -12.401925 14.654263 16
-4.4938173 -11.563224 14.692898 20
-4.4926882 -14.210674 14.637097 17
-4.3964825 -13.262768 14.571372 7
-4.3315363 -12.483803 14.65689 15
-4.2696981 -11.686888 14.729368 20
-4.1523142 -14.261168 14.644618 17
-4.1156349 -13.416809 14.675223 10
-4.0679989 -12.589857 14.691753 15
-4.029562 -11.775524 14.72447 17
-3.8264396 -14.374627 14.72565 4
-3.7891359 -13.381181 14.578536 11
-3.7985783 -12.670695 14.703409 15
-3.7945213 -11.873281 14.736684 10
-3.4752271 -14.368651 14.690742 12
-3.5033915 -13.533582 14.694271 13
-3.5274439 -12.753078 14.724997 12
-3.5525753 -11.951823 14.730639 6
-3.1393473 -14.429125 14.736299 11
-3.1944959 -13.572577 14.694102 11
-3.2509687 -12.814683 14.727392 11
-3.3115275 -12.042335 14.744672 14
-2.7980437 -14.450876 14.74961 12
-2.8893585 -13.636147 14.730119 9
-2.9761655 -12.894855 14.759911 5
-3.0714111 -12.159588 14.794848 10
-2.4554007 -14.452125 14.751806 11
-2.5837238 -13.688991 14.760076 10
-2.6983187 -12.95077 14.769269 9
-2.824703 -12.24188 14.807766 14
-2.1189222 -14.5072 14.815342 8
-2.2705436 -13.685431 14.737659 3
-2.4212093 -13.013267 14.791667 11
-2.5748062 -12.320981 14.823623 11
-1.9671969 -13.770446 14.817916 8
-2.1390951 -13.060935 14.804111 12
-2.3231683 -12.384637 14.825909 11
-1.4441916 -14.508942 14.860527 9
-1.6588144 -13.788698 14.833215 8
-1.8601474 -13.118857 14.834951 9
-2.0675957 -12.446863 14.829761 14
-1.1064986 -14.494813 14.881891 10
-1.3503629 -13.806638 14.856133 9
-1.5769488 -13.144286 14.836251 8
-1.8139619 -12.547757 14.885824 9
-0.76908779 -14.479739 14.907218 5
-1.0408161 -13.827404 14.890978 7
-1.2937431 -13.214101 14.894659 7
-1.5535619 -12.608409 14.900472 9
-0.43263757 -14.440753 14.920338 5
-0.72903615 -13.83055 14.912641 5
-1.0067134 -13.267855 14.938905 7
-1.2924558 -12.700499 14.95526 5
-0.10497539 -14.335037 14.870293 9
-0.41853425 -13.838247 14.947512 6
-1.023712 -12.491174 14.661756 4
0.20197287 -13.976838 14.563293 5
-0.11043634 -13.800737 14.939885 6
-0.76023155 -12.769657 14.948161 7
0.51503003 -13.856111 14.511293 5
0.19823258 -13.779568 14.957469 7
-0.14316663 -13.306974 14.975085 7
-0.49239781 -12.809578 14.960686 6
0.80630422 -13.612472 14.335201 4
0.50687736 -13.770754 14.996255 5
0.14617296 -13.322638 15.004247 7
-0.22159795 -12.843126 14.96918 6
1.0888681 -13.375051 14.172301 6
0.80182892 -13.652768 14.922711 6
0.43895516 -13.336418 15.038319 4
0.054835934 -12.928016 15.04478 5
1.3755603 -13.196252 14.076435 4
1.0474458 -13.206036 14.490103 4
0.73067343 -13.338691 15.063196 5
0.32824171 -12.931223 15.027929 6
1.3500037 -13.210303 14.564871 4
1.0238792 -13.33028 15.084032 3
0.60546726 -12.95673 15.048145 5
1.6091046 -12.985373 14.39016 5
1.295911 -13.19389 14.967554 4
2.4970944 -13.911679 15.202076 4
1.8575994 -12.748196 14.207538 4
1.5661074 -13.072901 14.873176 5
2.7885923 -13.7377 15.146408 4
2.1256642 -12.626072 14.158654 3
1.8060277 -12.826101 14.642156 3
1.439695 -12.95115 15.044947 4
3.1067913 -13.672762 15.221018 5
2.052753 -12.635834 14.480937 3
1.7113509 -12.89497 14.994017 6
3.3970485 -13.51422 15.199358 4
2.9353044 -13.363256 15.203156 4
2.3004487 -12.474821 14.35781 4
1.9592067 -12.727578 14.817822 5
3.7006178 -13.401909 15.235633 4
3.2369609 -13.298059 15.246645 4
2.5335329 -12.278684 14.199623 3
2.2007625 -12.557073 14.646635 3
3.9911127 -13.26448 15.250937 7
3.5275462 -13.195435 15.25711 6
2.7915416 -12.181806 14.162565 3
2.425045 -12.340572 14.42561 4
4.296711 -13.165098 15.319357 10
3.8057759 -13.060891 15.233721 6
3.3695245 -13.060971 15.280616 3
2.6446402 -12.125963 14.213286 4
4.5773497 -13.005844 15.322384 5
4.1009016 -12.976036 15.275917 5
3.6536224 -12.971189 15.272167 5
2.9051247 -12.067295 14.188367 3
4.8634944 -12.867682 15.358806 6
4.3942437 -12.887068 15.322526 6
3.9599433 -12.950575 15.350968 5
3.4943101 -12.96239 15.304595 4
5.1451998 -12.720296 15.392366 7
4.6754079 -12.760968 15.333187 3
4.2288656 -12.820149 15.308773 5
3.7880614 -12.923956 15.323438 5
5.418951 -12.556737 15.413836 5
4.9581347 -12.645145 15.3597 6
4.5251837 -12.75157 15.347263 3
4.0716796 -12.839613 15.296027 5
5.6729341 -12.365242 15.405333 7
5.2342381 -12.511617 15.376164 7
4.7987123 -12.633695 15.332836 6
4.3655491 -12.786642 15.312623 5
5.4978714 -12.354861 15.367691 7
5.1070366 -12.583223 15.409246 6
4.6682858 -12.74334 15.349142 5
5.774888 -12.226302 15.402165 4
5.3753119 -12.447063 15.386803 7
4.9756446 -12.700648 15.394507 5
6.4583397 -11.848335 15.494685 6
6.0368943 -12.069167 15.40857 3
5.664722 -12.349373 15.421048 7
5.2653971 -12.609118 15.388887 5
6.6805673 -11.617248 15.45911 7
6.3131237 -11.940836 15.455567 4
5.5756192 -12.564592 15.443463 7
6.8944554 -11.389058 15.428435 8
6.5609479 -11.769004 15.452854 6
5.8402195 -12.416138 15.383919 4
7.1119552 -11.167875 15.415223 6
6.8055406 -11.584047 15.443427 7
6.4965196 -11.983155 15.47159 5
5.0289745 -10.397401 12.9787 4
7.3600593 -10.993359 15.471801 5
7.0513644 -11.408182 15.451025 7
6.7812409 -11.861699 15.506891 5
6.4909153 -12.322045 15.541071 4
7.5415998 -10.730495 15.410899 9
7.2727628 -11.199403 15.418811 9
7.0097365 -11.656847 15.438589 9
6.7284436 -12.120463 15.439652 6
7.7410383 -10.499594 15.397897 9
7.5044451 -11.003954 15.412636 5
7.2688689 -11.498465 15.440301 6
7.008801 -11.98761 15.431184 6
7.9404469 -10.271142 15.399474 8
7.7255139 -10.796738 15.403007 7
7.5073242 -11.30337 15.406498 7
7.2754951 -11.826229 15.402258 8
8.1054249 -10.010269 15.351137 12
7.9329834 -10.578366 15.375278 8
7.7782168 -11.156454 15.440171 7
7.568583 -11.701434 15.422664 10
8.299634 -9.7838602 15.359365 8
8.1487665 -10.370184 15.369233 9
8.0022306 -10.949762 15.397009 9
7.8546867 -11.560301 15.432946 5
8.4749336 -9.5440378 15.348736 9
8.354784 -10.152693 15.354276 10
8.2472191 -10.768702 15.397678 7
8.1154556 -11.386565 15.406425 10
8.6669855 -9.3238859 15.375967 9
8.5632458 -9.9417648 15.353315 5
8.4756279 -10.564746 15.373468 9
8.3853846 -11.220287 15.39881 13
8.8185492 -9.0678139 15.346589 9
8.7754173 -9.7348595 15.367324 10
8.711688 -10.372981 15.372209 9
8.660224 -11.052407 15.399022 9
8.9671021 -8.8149281 15.323184 14
8.9653988 -9.5060377 15.350273 12
8.9434881 -10.172312 15.367548 11
8.9242325 -10.872465 15.391112 10
9.1169138 -8.5619745 15.307225 11
9.1395779 -9.2664022 15.319134 12
9.167449 -9.9687481 15.36092 11
9.1787386 -10.684941 15.375026 7
8.6093359 -7.7896132 14.316573 2
9.3260393 -9.041152 15.317311 9
9.3908062 -9.7582626 15.355668 12
9.4144821 -10.466036 15.331552 12
8.7405357 -7.5564532 14.309533 7
9.5030413 -8.8062334 15.306604 6
9.6039391 -9.5396233 15.345521 10
9.6815233 -10.280892 15.343797 17
8.9097338 -7.3516221 14.364096 10
9.6691637 -8.5644369 15.289019 12
9.8099957 -9.3128233 15.329436 9
9.9333811 -10.076606 15.339164 16
9.1004372 -7.164866 14.457441 10
9.8344116 -8.3229399 15.276447 16
10.013852 -9.0825462 15.315366 13
10.182661 -9.8647461 15.333532 14
9.3271599 -7.0007749 14.608388 10
10.007208 -8.087163 15.283 13
10.221809 -8.8570204 15.318451 13
10.431171 -9.6497583 15.334075 15
9.5750942 -6.8440528 14.793208 12
10.144463 -7.8286362 15.247668 13
10.414148 -8.6168175 15.303414 14
10.660464 -9.4160748 15.31353 10
9.7480536 -6.6357899 14.87561 14
10.328321 -7.6018896 15.28183 13
10.599596 -8.37257 15.287549 14
10.891829 -9.1826591 15.304111 16
9.9359999 -6.4371147 14.985018 11
9.7130537 -6.863914 14.252041 6
10.793143 -8.132967 15.28865 14
11.115191 -8.9414091 15.289778 18
10.165862 -6.2590766 15.157909 17
9.8992777 -6.661479 14.317444 9
10.946899 -7.8643384 15.242208 10
11.403762 -8.7411222 15.360815 7
10.307672 -6.0291858 15.217042 21
10.075968 -6.4514074 14.376366 12
11.130902 -7.616847 15.24706 17
9.6335421 -7.1536856 12.91503 41
10.403712 -5.7755499 15.22024 16
10.281116 -6.2550654 14.476919 13
11.309971 -7.3651342 15.250347 18
11.762177 -8.1824465 15.253418 20
10.464512 -5.5075221 15.181404 22
10.548176 -6.0850167 14.657829 10
11.471119 -7.1009197 15.236463 15
11.958621 -7.9146132 15.233212 20
10.570101 -5.2626934 15.210856 14
10.793721 -5.8983526 14.818663 13
11.630353 -6.8356409 15.228247 14
12.158778 -7.6427412 15.221578 17
10.61701 -4.9950795 15.170459 22
11.027701 -5.7005105 14.96697 11
11.769299 -6.561296 15.204417 11
12.350497 -7.3675671 15.20986 9
10.681104 -4.7357736 15.157454 17
11.243055 -5.4883676 15.093916 24
11.954735 -6.3085842 15.241588 13
12.523502 -7.0810499 15.183027 20
10.749655 -4.4825015 15.158258 22
11.395306 -5.2458544 15.149572 18
11.290066 -5.6613221 14.286852 6
12.707583 -6.798183 15.177042 19
10.781836 -4.2157097 15.119067 22
11.521782 -4.9893875 15.177092 16
11.493872 -5.4315109 14.366427 11
12.904245 -6.5158477 15.187415 20
10.85152 -3.9651983 15.131862 21
11.578738 -4.7072773 15.127911 16
11.734535 -5.2129135 14.493942 11
13.075936 -6.2213545 15.181543 23
10.887208 -3.7061682 15.112093 20
11.67198 -4.439342 15.130252 17
11.996263 -4.995677 14.650103 15
13.23654 -5.918993 15.168694 19
10.93503 -3.4535563 15.111075 22
11.726102 -4.1603155 15.092011 4
12.296358 -4.7833886 14.851686 16
13.380287 -5.6107283 15.146994 19
10.791608 -3.1516776 14.874336 4
11.819544 -3.8945003 15.107046 19
12.547798 -4.5475702 15.002585 19
13.52204 -5.2990537 15.129088 20
11.019896 -2.9500351 15.114988 15
11.874758 -3.61834 15.083839 18
12.72938 -4.2814512 15.081672 14
13.781228 -5.0267234 15.244079 4
11.030094 -2.69434 15.085616 17
11.949292 -3.3482761 15.09048 16
12.869796 -3.9986076 15.121311 4
12.987022 -4.415905 14.278463 6
11.065853 -2.4437287 15.094908 17
11.985291 -3.0690002 15.058628 10
12.914153 -3.6887782 15.0622 15
13.226372 -4.146503 14.392781 10
11.090707 -2.1920154 15.09441 24
12.09021 -2.8018975 15.11299 12
13.047767 -3.3996038 15.107697 17
13.459692 -3.8650682 14.503861 15
11.074718 -1.9358006 15.048162 14
12.103672 -2.5198894 15.067088 17
13.148665 -3.1027722 15.123773 17
13.767487 -3.5974715 14.696119 18
11.108949 -1.6889895 15.071579 7
12.143874 -2.242538 15.058259 21
13.095585 -2.77461 14.98302 5
13.996941 -3.3025846 14.816468 18
11.111653 -1.4412115 15.0613 15
12.178419 -1.967093 15.049379 15
13.114095 -2.4634013 14.926188 6
13.897712 -2.9371901 14.618067 53
11.09472 -1.1926136 15.030323 22
12.161209 -1.6847692 14.989249 9
12.986085 -2.1319411 14.721414 12
13.589581 -2.5410025 14.224561 37
11.111671 -0.94833887 15.047904 26
13.154208 -1.8460407 14.839629 24
13.256343 -2.1585822 13.81848 45
11.108739 -0.70234352 15.046761 19
12.879986 -1.5070117 14.498914 34
13.054626 -1.8087597 13.552676 72
11.08527 -0.45590082 15.024907 21
11.996269 -0.84119368 14.717529 9
12.484515 -1.1709692 14.038939 39
12.987581 -1.4819784 13.42602 75
11.041139 -0.21259844 14.97994 7
12.150753 -0.57294226 14.877582 17
12.253567 -0.86422718 13.760307 46
12.761615 -1.1494057 13.155211 64
10.995538 0.029384397 14.938422 3
11.992446 -0.29514039 14.687519 46
12.068212 -0.56993663 13.539582 63
12.530972 -0.82890034 12.890044 54
10.919355 0.26821792 14.864277 4
11.73471 -0.025635598 14.390658 39
11.99285 -0.28434822 13.437991 95
12.29528 -0.51756883 12.626596 51
10.797848 0.50073826 14.737708 7
11.405481 0.23155171 14.018996 48
11.872208 -0.0050726766 13.298142 63
12.07963 -0.21754354 12.392912 50
10.720184 0.73268187 14.669251 6
11.208545 0.48119006 13.802133 53
11.665855 0.26875627 13.075291 65
11.852039 0.074361056 12.154284 55
10.110157 0.91409147 13.932701 36
11.034123 0.72433132 13.618032 55
11.454291 0.53192663 12.852719 63
11.636552 0.35510701 11.93578 77
9.9550428 1.119428 13.773763 33
10.148767 0.8976869 12.625837 62
10.408424 0.72606158 11.769699 7
11.427346 0.6243304 11.730206 75
9.8388453 1.3220164 13.667233 15
9.999773 1.1137507 12.47772 57
10.150173 0.95045286 11.51117 74
10.281313 0.81124777 10.640801 72
10.065821 1.5763167 13.991871 6
9.9565849 1.3391032 12.447482 25
9.9836912 1.1732401 11.344746 69
10.161287 1.0539845 10.524549 61
10.158515 1.8166298 14.162303 35
10.336326 1.628912 12.917385 21
10.142969 1.4360631 11.533064 33
10.02864 1.2909982 10.411353 41
10.013444 2.0177772 14.032467 29
10.413172 1.8860415 13.047956 74
10.523633 1.7430633 11.958745 63
10.394828 1.597333 10.780271 43
9.8311882 2.2053807 13.861167 33
10.243446 2.0968611 12.898385 61
10.384112 1.9757179 11.848663 76
10.427263 1.8669908 10.837341 73
9.7006302 2.3999319 13.755953 33
10.093328 2.3080359 12.77528 57
10.220847 2.1971855 11.716704 81
10.159841 2.0795596 10.613019 55
9.5473557 2.5856521 13.625154 34
9.9329176 2.5114126 12.6456 64
10.062024 2.4148374 11.59597 76
9.9212408 2.2892845 10.42349 70
9.4137354 2.7706428 13.523088 47
9.7964544 2.7175658 12.546394 63
9.8944302 2.6272559 11.470237 78
9.7543163 2.506078 10.306829 68
9.3084135 2.9608386 13.462754 59
9.6395388 2.9136262 12.428909 70
9.7367897 2.8360288 11.360475 79
9.6137991 2.728029 10.220673 67
9.2185364 3.1544929 13.4239 58
9.4863672 3.1068504 12.320925 69
9.5786581 3.0399542 11.255746 75
9.4508066 2.9366515 10.118097 59
9.1180964 3.3430994 13.376513 59
9.3415108 3.2994812 12.225188 69
9.4194422 3.2404544 11.153154 73
9.308404 3.1481802 10.040128 52
9.0181398 3.5310295 13.332969 65
9.2018795 3.4879463 12.139046 57
9.2767725 3.4419472 11.072783 75
9.1626596 3.3560953 9.9636383 67
8.9061413 3.7124376 13.276155 62
9.0577974 3.6741848 12.052862 77
9.1120653 3.6314397 10.973088 69
9.0329199 3.5657082 9.9094591 67
8.8027029 3.8950338 13.234697 56
8.9145737 3.856957 11.970996 74
8.9397459 3.8149097 10.870662 79
8.9123201 3.7772398 9.8691196 68
8.6800327 4.0710635 13.172574 56
8.7770891 4.0381761 11.901333 71
8.7791538 3.9974716 10.784595 76
8.8025227 3.9903555 9.8463526 66
8.5693588 4.2453022 13.127949 46
8.6450977 4.2199764 11.841667 78
8.5917664 4.1637006 10.671517 77
8.6858397 4.1994305 9.8197031 72
8.4367743 4.4089055 13.054803 60
8.5174236 4.400475 11.789439 75
8.4111557 4.3288817 10.56925 67
8.5740519 4.4114919 9.8052406 66
8.3091412 4.5748143 12.993793 56
8.3668919 4.5681977 11.713653 74
8.264328 4.5083985 10.511339 76
8.437973 4.6104913 9.7710209 62
8.1933746 4.7459016 12.952149 47
8.2366381 4.7469697 11.668306 79
8.0988312 4.67416 10.434595 75
8.3063059 4.8097653 9.7456169 56
8.0623264 4.906301 12.89325 49
8.098156 4.9177403 11.616308 77
7.9594698 4.8541398 10.393587 76
8.1787605 5.0096297 9.7291145 55
7.9301887 5.0657258 12.833817 48
7.9715548 5.0924988 11.581872 74
7.8226743 5.0307279 10.358315 75
8.0579596 5.2148118 9.7277002 45
7.8204017 5.2366056 12.811644 46
7.8391147 5.2641664 11.54704 73
7.686913 5.2065301 10.32944 72
7.910769 5.4027071 9.7019758 44
7.6917005 5.3949094 12.765528 51
7.7070398 5.4360723 11.514913 76
7.561965 5.3892632 10.318213 74
7.713223 5.5565329 9.6258945 91
7.5596032 5.5500345 12.718541 49
7.5732551 5.6043735 11.485591 72
7.4272995 5.5646129 10.299616 72
7.5752892 5.7455425 9.6190948 96
7.4408841 5.7139091 12.692389 46
7.4447379 5.7743888 11.465783 76
7.0268583 5.5508494 9.9529352 54
6.7677865 5.4526739 8.8471155 22
6.955698 5.6140332 12.119085 25
6.7045255 5.5008397 10.612264 53
6.6879783 5.5692754 9.6910267 74
6.6586137 5.643858 8.8819675 85
6.5707479 5.5663929 11.682033 50
6.5927029 5.6636262 10.615043 69
6.5593119 5.7316027 9.6870689 72
6.5259223 5.8154016 8.888031 87
6.4545126 5.7129173 11.660975 56
6.4641151 5.8152423 10.599349 72
6.4286466 5.892756 9.6856184 70
6.4034414 5.9938035 8.9106359 96
6.331996 5.8517623 11.635767 61
6.3419976 5.9710145 10.597833 68
6.731833 6.423317 10.272537 83
6.8436241 6.6645265 9.6384897 88
6.2968211 6.0652423 11.752044 6
6.7709179 6.607595 11.420048 75
6.6028633 6.6016612 10.292488 73
6.6853042 6.8375645 9.64396 89
6.6954675 6.6747665 12.600989 51
6.6548619 6.7912097 11.450631 74
6.4693007 6.7803631 10.316402 77
6.5635552 7.045608 9.701498 64
6.5667453 6.833086 12.592528 60
6.5433478 6.9847188 11.497982 66
6.3321986 6.9578395 10.340178 78
6.385848 7.2008524 9.692028 75
6.4498134 7.0024476 12.609397 53
6.3784595 7.1254497 11.467505 73
6.2048917 7.1439886 10.383925 71
6.2157831 7.3652215 9.7003889 73
6.3243737 7.1673174 12.616794 50
6.2493582 7.3014731 11.496109 72
6.0818148 7.3378687 10.441358 85
6.0325885 7.5113387 9.6931467 71
6.19063 7.3258781 12.617047 55
6.1247416 7.4852757 11.5411 75
5.9636226 7.5417743 10.515107 85
5.8667045 7.6791472 9.7187634 68
6.0683641 7.496912 12.641759 59
6.0099888 7.6862588 11.612553 62
5.9290051 7.8468461 10.729856 71
5.696279 7.8421917 9.744297 78
5.9436574 7.6681371 12.67064 50
5.8491073 7.835897 11.611817 74
5.7762427 8.0256052 10.77055 80
5.535871 8.0193529 9.7899618 80
5.8106213 7.8324828 12.688845 63
5.7328558 8.0406637 11.692616 65
5.6319404 8.2155542 10.831834 71
5.3931508 8.2213345 9.870163 70
5.6725788 7.9958143 12.70538 61
5.5905852 8.2203989 11.740335 68
5.481708 8.4031706 10.893783 75
5.2474928 8.4266996 9.9591618 76
5.5464358 8.176692 12.753957 56
5.431561 8.3794327 11.763411 73
5.3315377 8.5946035 10.964639 72
5.091598 8.6233063 10.040006 72
5.4279227 8.3717365 12.82536 52
5.2919602 8.5669355 11.829886 77
5.1917548 8.8040104 11.062839 73
4.931107 8.8160429 10.123535 70
5.2935052 8.5479994 12.869622 59
5.1523013 8.7599611 11.906549 77
5.0276546 8.9859486 11.128106 71
4.7662473 9.0095472 10.210862 77
5.1506276 8.721508 12.911633 57
5.0070982 8.9548454 11.986464 78
4.8715649 9.1887159 11.224209 72
4.6453114 9.2843065 10.392114 83
5.008091 8.9002829 12.965795 57
4.8522706 9.1400585 12.057687 71
4.7142777 9.3952885 11.327356 62
4.5376763 9.6036987 10.625925 78
4.8637347 9.0817032 13.023933 70
4.7045312 9.3424129 12.154922 76
4.5579553 9.611619 11.446689 67
4.3772588 9.8397608 10.771218 73
4.7063489 9.2470016 13.063546 76
4.5527148 9.5475521 12.259295 65
4.3819957 9.8033285 11.541515 78
4.2014875 10.061091 10.904883 69
4.5471559 9.4211407 13.114177 83
4.3880906 9.7399597 12.34786 71
4.2130904 10.016467 11.664034 78
4.0246978 10.29268 11.053432 78
4.3695288 9.5637598 13.127213 84
4.2302437 9.9546719 12.468247 70
4.0418887 10.240369 11.801622 71
3.8430233 10.529933 11.212133 79
4.183897 9.6951799 13.129487 75
4.0644426 10.164605 12.584763 79
3.869601 10.474541 11.955073 74
3.6204731 10.683826 11.288776 44
4.0056305 9.8590202 13.185359 59
3.8861296 10.374037 12.710215 68
3.6759024 10.688343 12.095459 79
3.205327 10.371061 10.890049 42
3.8415866 10.049855 13.267964 54
3.7242506 10.615141 12.86856 93
3.3071001 10.456313 11.73639 39
2.933428 10.366959 10.817337 68
3.6805305 10.25193 13.370667 44
3.4650805 10.640416 12.772897 35
2.9759634 10.284181 11.457026 76
2.7442138 10.599876 10.994905 74
3.5168228 10.466594 13.489628 47
3.0888226 10.34935 12.312637 35
2.8025064 10.52907 11.642994 74
2.8411727 11.76545 12.129815 61
3.2754705 10.500956 13.3828 26
2.8597856 10.41288 12.280259 74
2.6146562 10.750975 11.809021 33
2.624907 12.026114 12.342937 60
2.9478979 10.289232 12.976195 41
2.6825488 10.634506 12.436411 70
2.703908 11.927301 13.011152 97
2.407011 12.323144 12.598535 62
2.7732131 10.488981 13.091576 52
2.7109885 11.545637 13.387876 52
2.4366195 11.998639 13.018685 87
2.177557 12.617249 12.857395 67
2.5997283 10.711158 13.238019 42
2.5101349 11.798724 13.581487 58
2.2080865 12.223413 13.196877 60
1.9052351 12.761806 12.970727 78
2.6712971 11.77084 14.400197 36
2.3658893 12.288308 14.047182 54
1.9791899 12.481742 13.416156 54
1.6400474 12.953001 13.138936 53
2.3894322 11.721016 14.215913 12
2.1520572 12.581227 14.290093 50
1.7766458 12.915684 13.82716 32
1.3886631 13.286017 13.457233 49
2.1622808 11.878547 14.284723 12
1.889698 12.695254 14.338635 10
1.5622119 13.370993 14.267157 44
1.166612 13.884416 14.049605 53
1.5903163 12.640524 14.203707 15
1.2625978 13.41853 14.280759 8
0.86756223 14.090451 14.256405 30
1.6891092 12.151356 14.387856 4
0.96242684 13.468095 14.302223 4
0.53427726 14.024374 14.19697 13
1.4629232 12.37685 14.550194 12
0.65982604 13.489415 14.30386 3
0.21687715 14.08397 14.271656 4
1.1985921 12.433242 14.520048 35
0.79845566 13.077077 14.506907 16
0.37616816 13.696548 14.507255 15
-0.095251948 14.252993 14.465713 18
0.93883079 12.515455 14.524691 20
0.51477444 13.120638 14.508081 22
0.06709332 13.686184 14.488055 18
-0.42231193 14.215483 14.460883 21
0.67456406 12.576202 14.513313 24
0.22720064 13.147141 14.497293 19
-0.23844704 13.671773 14.472816 16
-0.74595284 14.170666 14.455141 33
0.40766448 12.631783 14.501181 21
-0.060080674 13.166267 14.48568 23
-0.54460794 13.650929 14.458533 5
-1.0695955 14.148312 14.48096 9
0.13651943 12.68313 14.488673 4
-0.34683433 13.196554 14.492484 6
-0.84808624 13.637647 14.458941 16
-1.3888689 14.060367 14.447072 23
-0.13697629 12.736053 14.486659 23
-0.6376999 13.189301 14.465211 23
-1.154536 13.619529 14.463156 21
-1.7045258 14.00374 14.453876 23
-0.40895727 12.794725 14.496776 29
-0.92626232 13.200324 14.46595 17
-1.4552985 13.586003 14.459517 17
-2.0179734 13.90757 14.429985 12
-0.68349999 12.838572 14.498177 33
-1.2158213 13.207556 14.467953 16
-1.7544796 13.519108 14.42447 5
-2.3301134 13.852817 14.449624 19
-0.96400821 12.87234 14.490287 20
-1.5031955 13.185235 14.445019 5
-2.0571904 13.517509 14.467007 18
-2.637089 13.771377 14.452837 22
-1.242426 12.890146 14.474401 5
-1.7945036 13.203012 14.473463 17
-2.3556402 13.470604 14.468923 21
-2.9416921 13.68018 14.455099 17
-1.5279487 12.944165 14.510108 16
-2.0880163 13.179649 14.468479 19
-2.6562295 13.419746 14.477967 16
-3.2302856 13.498404 14.370446 17
-1.8101488 12.933879 14.476047 23
-2.3811049 13.174088 14.484711 18
-2.9531658 13.355004 14.47564 19
-3.5043557 13.283759 14.253895 17
-2.0964789 12.949073 14.478705 26
-2.6712425 13.134934 14.474895 21
-3.2428586 13.266975 14.457326 15
-3.7793236 13.10282 14.180655 14
-2.3842282 12.967775 14.493393 20
-2.962935 13.109794 14.488071 17
-3.5392091 13.216765 14.487916 8
-4.045023 12.916615 14.106193 11
-2.6756408 12.974492 14.498416 25
-3.2493005 13.052604 14.466753 7
-3.8135698 13.070291 14.415478 16
-4.3040299 12.720096 14.024092 16
-2.9640481 12.965478 14.494562 15
-3.5437057 13.022058 14.486483 16
-4.0682402 12.854473 14.27573 15
-4.5514727 12.514003 13.937259 13
-3.2533379 12.937494 14.478237 5
-3.8314164 12.965065 14.485297 15
-4.3322849 12.698864 14.208711 13
-4.7935591 12.298256 13.845223 15
-3.5458276 12.923218 14.484896 21
-4.1047387 12.84643 14.420222 16
-4.5840158 12.513404 14.112019 12
-5.0381274 12.114101 13.790621 12
-3.8432527 12.905125 14.491127 15
-4.3550072 12.642509 14.26579 12
-4.8238869 12.310005 14.000101 12
-5.2800007 11.937481 13.751437 14
-4.1286306 12.83849 14.454927 15
-4.6113858 12.480178 14.165606 10
-5.0666289 12.123773 13.91584 11
-5.5028963 11.724166 13.675021 15
-4.3791142 12.639123 14.277809 14
-4.8382001 12.247268 13.990749 11
-5.3058815 11.949763 13.847147 9
-5.7389588 11.553146 13.652528 21
-4.6308599 12.467069 14.135403 13
-5.0898218 12.097878 13.917768 11
-5.5324473 11.748978 13.755771 14
-5.9617953 11.359025 13.608909 15
-4.8679199 12.255317 13.9572 11
-5.3241086 11.906961 13.803527 10
-5.7473283 11.529632 13.647492 20
-6.1881838 11.181933 13.587619 13
-5.1148562 12.082729 13.829456 12
-5.5450602 11.691412 13.665554 14
-5.9902849 11.385854 13.631413 11
-6.4127073 11.011997 13.582308 15
-5.3324885 11.848749 13.638222 17
-5.7843184 11.534781 13.601121 13
-6.2155161 11.211026 13.583676 12
-6.6367803 10.842922 13.582515 14
-5.5998116 11.756695 13.61474 10
-6.0329709 11.408849 13.578631 10
-6.4532499 11.065402 13.579272 12
-6.8604274 10.681002 13.597946 17
-5.8639317 11.645742 13.578293 6
-6.2840343 11.28546 13.566028 7
-6.676559 10.896493 13.550491 13
-7.0838356 10.521468 13.621216 21
-6.5121689 12.391063 14.546337 11
-6.5258527 11.140353 13.536844 3
-6.9079838 10.744156 13.550344 11
-7.3009448 10.35285 13.640938 32
-6.7993407 12.284407 14.536689 15
-7.2127905 11.839727 14.539886 22
-7.1373277 10.592021 13.55371 10
-7.5234532 10.194818 13.678089 25
-7.0888815 12.172582 14.531407 16
-7.4876933 11.717228 14.560307 15
-7.3632345 10.436138 13.558795 11
-7.7451453 10.038009 13.72431 25
-7.3834577 12.067292 14.541235 16
-7.7465696 11.561446 14.55007 11
-7.5731282 10.256781 13.539931 10
-7.9567299 9.8697386 13.760416 20
-7.6717706 11.949795 14.546598 16
-8.0148802 11.420156 14.566242 19
-7.78404 10.078966 13.530396 14
-8.1741123 9.711978 13.816897 18
-7.961668 11.824051 14.551083 12
-8.2751503 11.266226 14.573532 18
-7.9953914 9.9041281 13.531289 13
-8.3885384 9.5422754 13.868853 22
-8.2474203 11.691832 14.558056 19
-8.5268755 11.094837 14.569145 18
-8.1941462 9.7174644 13.52078 13
-8.5970831 9.3724804 13.922352 18
-8.524992 11.546922 14.543726 19
-8.7880173 10.948615 14.589497 21
-8.4122143 9.5629702 13.548294 15
-8.8090639 9.2150545 13.988943 14
-8.8097486 11.406802 14.55997 18
-9.0439215 10.784098 14.606731 14
-8.607028 9.3716269 13.542633 23
-9.0251198 9.0535278 14.070464 14
-9.0890503 11.253335 14.567451 21
-9.2772474 10.587035 14.590755 24
-8.8256168 9.2123289 13.588188 15
-9.2395802 8.8871861 14.152054 15
-9.363759 11.089685 14.572131 11
-9.5066128 10.388224 14.577793 8
-9.03337 9.0366955 13.61977 15
-9.4640064 8.7324762 14.258629 21
-9.6338634 10.913247 14.569289 35
-9.7507 10.204556 14.594734 33
-9.2653608 8.8888044 13.698303 14
-9.6734638 8.5603943 14.346145 17
-9.914773 10.750547 14.594119 20
-9.9997816 10.023644 14.626502 16
-9.4854031 8.7239571 13.761593 12
-9.8773298 8.3798971 14.433271 24
-10.187097 10.574349 14.612291 23
-10.240082 9.8323908 14.649835 15
-9.7041368 8.5537214 13.827246 11
-10.095845 8.2107286 14.545843 33
-10.442876 10.371499 14.604628 23
-10.341469 9.4988737 14.467583 10
-9.9333096 8.3937006 13.91522 12
-10.275235 8.0072422 14.605586 32
-10.706129 10.176482 14.617775 14
-9.8583126 8.6062469 13.426911 4
-10.168853 8.2358189 14.018372 14
-10.417645 7.7733378 14.615393 38
-10.9445 9.9544134 14.599641 12
-10.075215 8.4220324 13.458864 6
-10.376353 8.0477467 14.079066 11
-10.538088 7.5252218 14.597088 34
-11.192197 9.7394381 14.598424 17
-10.266661 8.2165585 13.462069 10
-10.606616 7.8787436 14.179441 12
-10.684742 7.2954235 14.62446 9
-11.417062 9.4989862 14.575332 27
-10.471128 8.0157633 13.487461 12
-10.81897 7.6888957 14.259039 15
-10.782387 7.0354929 14.59256 26
-11.636622 9.2536221 14.550996 25
-10.685861 7.822762 13.533767 16
-10.990561 7.4672461 14.289385 14
-10.880668 6.7814379 14.57096 27
-11.840677 8.9954643 14.517406 17
-10.866239 7.6028752 13.54173 21
-11.261965 7.3161387 14.46245 25
-10.983766 6.5329666 14.565069 33
-12.063732 8.7522602 14.5162 25
-11.126802 7.4389377 13.661532 15
-11.439047 7.093339 14.511029 28
-11.075772 6.2772493 14.549583 28
-12.261415 8.4870806 14.490738 21
-11.373434 7.2621841 13.767751 14
-11.573495 6.8424859 14.507646 23
-11.156848 6.0225744 14.527092 34
-12.444309 8.2103262 14.451036 26
-11.612312 7.0700898 13.864901 15
-11.687351 6.58114 14.485065 20
-11.253018 5.778821 14.533206 23
-12.653694 7.9549322 14.455933 23
-11.886558 6.8969088 14.012543 15
-11.82194 6.3311744 14.497011 11
-11.318642 5.5196176 14.506783 7
-12.844047 7.6832161 14.443247 8
-12.13609 6.701685 14.131009 14
-11.907954 6.0559559 14.451415 35
-11.392882 5.2683902 14.497177 23
-12.140494 6.8567567 13.378235 6
-12.375872 6.496088 14.244221 17
-12.023479 5.8030491 14.456359 21
-11.461423 5.0197215 14.490435 27
-12.332067 6.6150761 13.402609 10
-12.605687 6.2785039 14.352117 19
-12.108008 5.5334711 14.428763 29
-11.511697 4.7637696 14.467031 34
-12.562282 6.3889513 13.478498 22
-12.768942 6.0210304 14.385146 23
-12.204809 5.269135 14.425707 37
-11.573541 4.5156326 14.467277 30
-12.838939 6.1818175 13.609342 17
-12.905259 5.7503834 14.389042 17
-12.30255 5.0093446 14.428985 25
-11.631718 4.2667103 14.467998 28
-13.123657 5.9703989 13.753734 17
-13.008119 5.4634027 14.36319 10
-12.38257 4.7438946 14.41881 23
-11.678317 4.0180469 14.461159 24
-13.377411 5.7415028 13.862367 12
-13.130782 5.1877928 14.360995 24
-12.488633 4.4906693 14.440182 11
-11.698147 3.7643867 14.416168 13
-13.680053 5.5212383 14.034471 16
-13.231555 4.9011521 14.346 26
-12.521037 4.2059474 14.381173 24
-11.787177 3.5346909 14.477352 21
-13.963766 5.2847943 14.191815 20
-13.316092 4.6084266 14.321818 16
-12.583987 3.938004 14.373682 28
-11.80382 3.2783566 14.446999 21
-14.148276 4.9992566 14.245496 21
-13.410333 4.3188057 14.315739 25
-12.640163 3.6654983 14.358692 42
-11.832687 3.0304968 14.44121 22
-14.28226 4.6910977 14.252998 16
-13.503119 4.0289469 14.31665 26
-12.696141 3.3991449 14.355455 28
-11.855467 2.7857873 14.434012 22
-14.415711 4.383945 14.266479 26
-13.547054 3.7251537 14.267852 12
-12.746221 3.1280107 14.348981 28
-11.873761 2.5397758 14.425743 31
-14.49104 4.0574627 14.228739 31
-13.662774 3.4444456 14.309406 20
-12.785271 2.8567746 14.337392 23
-11.893547 2.293689 14.425739 20
-14.580822 3.7329648 14.214005 26
-13.716035 3.1450679 14.287591 18
-12.817145 2.5851288 14.322699 8
-11.892064 2.0480671 14.402478 26
-14.669882 3.4102697 14.207832 19
-13.777278 2.8473771 14.28336 23
-12.860346 2.3171046 14.330188 24
-11.912233 1.8095225 14.416911 27
-14.744634 3.0858612 14.197929 23
-13.815159 2.5480015 14.26388 27
-12.872762 2.0452836 14.310077 28
-11.887914 1.5640274 14.378399 13
-14.786544 2.7513742 14.160911 10
-13.837456 2.2451563 14.234762 26
-12.90025 1.7755543 14.315747 32
-11.941815 1.3300723 14.451212 12
-14.869686 2.4264448 14.17817 21
-13.905183 1.9513354 14.261851 25
-12.923368 1.5072669 14.3189 34
-11.902493 1.0869956 14.40427 22
-14.905731 2.0919616 14.153224 23
-13.908829 1.6457558 14.226502 11
-12.922097 1.2375327 14.302505 27
-11.892967 0.85075694 14.404696 27
-14.954172 1.761395 14.151372 23
-13.972872 1.3513466 14.268127 17
-12.910181 0.96632451 14.281538 29
-11.854564 0.61288881 14.370859 11
-15.010322 1.4305426 14.165594 23
-13.957146 1.0486789 14.227402 17
-12.917327 0.69924051 14.287829 24
-10.319263 0.31236404 12.381044 7
-15.026689 1.0955403 14.148768 28
-13.935226 0.74547875 14.18851 29
-12.898655 0.43186775 14.26978 16
-11.142666 0.12965631 13.48625 3
-15.003741 0.75702745 14.099863 14
-13.963236 0.4457483 14.208989 27
-12.91462 0.16563836 14.298894 14
-11.162266 -0.088452175 13.539885 11
-15.100616 0.42464682 14.17738 9
-13.944867 0.14457491 14.187594 38
-12.900884 -0.10139088 14.299314 24
-11.248318 -0.30838901 13.688602 12
-15.052914 0.088902205 14.120594 22
-13.961802 -0.15442397 14.212529 26
-12.886672 -0.36620313 14.303487 23
-11.636329 -0.54522371 14.241421 22
-15.059191 -0.24750802 14.125668 24
-13.924788 -0.45203185 14.185658 23
-12.123303 -0.59741157 13.424395 2
-11.707669 -0.77804631 14.382295 24
-15.063966 -0.58337301 14.139687 18
-13.897889 -0.75071758 14.180077 13
-12.150523 -0.84790403 13.491294 12
-11.655498 -1.0047041 14.364866 23
-15.017155 -0.91786397 14.109633 15
-13.942956 -1.0550023 14.256183 11
-12.475664 -1.1290698 13.920834 13
-11.598982 -1.228166 14.347682 19
-15.045033 -1.2560931 14.162672 12
-13.888412 -1.3505085 14.235639 14
-12.683331 -1.4117795 14.219695 21
-11.534554 -1.449813 14.325489 10
-15.01043 -1.5912374 14.162736 16
-13.110679 -1.5562053 13.426607 10
-12.682737 -1.6737078 14.27457 24
-11.533676 -1.6779246 14.393055 16
-14.95428 -1.9248116 14.140575 17
-13.488429 -1.8993188 13.884128 13
-12.623746 -1.9330066 14.255651 23
-11.480306 -1.9011247 14.384449 17
-14.142855 -2.1385031 13.375143 3
-13.696474 -2.2299633 14.172739 23
-12.571861 -2.1911471 14.263786 23
-11.41659 -2.1195316 14.377562 27
-14.191133 -2.4712861 13.484142 14
-13.6399 -2.5210531 14.181027 16
-12.486416 -2.4415605 14.23624 20
-11.35163 -2.3386014 14.376483 24
-14.687545 -2.8993022 14.057576 19
-13.540101 -2.8057783 14.147828 15
-12.424734 -2.6958411 14.246215 12
-11.281427 -2.5542388 14.370155 28
-14.612247 -3.2261109 14.06118 7
-13.496217 -3.1011827 14.183458 12
-12.368417 -2.9502096 14.266631 11
-11.1993 -2.7652874 14.351844 31
-14.469446 -3.5349767 14.002436 5
-13.451053 -3.3964918 14.226274 11
-12.308421 -3.2069192 14.288671 13
-11.144114 -2.9830387 14.374489 29
-14.340187 -3.8439629 13.96545 4
-13.358601 -3.6802561 14.221485 16
-12.231492 -3.4568055 14.295835 14
-11.064249 -3.1955218 14.368514 32
-14.217794 -4.1524835 13.942245 9
-13.257959 -3.9608476 14.214548 17
-12.148231 -3.7037282 14.300136 14
-10.974498 -3.4007683 14.351318 37
-14.189529 -4.491755 14.026819 8
-13.171712 -4.2435856 14.230886 15
-12.051012 -3.9448869 14.292847 19
-10.907706 -3.6122849 14.372439 19
-14.011522 -4.7808304 13.961622 16
-13.036045 -4.511014 14.198647 23
-11.945217 -4.1843176 14.283505 22
-10.831301 -3.8224955 14.387428 25
-13.870063 -5.0787787 13.945375 18
-12.930696 -4.789299 14.208868 27
-11.83513 -4.4202056 14.270812 19
-10.75077 -4.0325327 14.396978 23
-11.526676 -4.4707551 11.548778 3
-12.827995 -5.0669465 14.230145 16
-11.739945 -4.662045 14.287274 26
-10.656827 -4.2345324 14.393274 31
-11.385113 -4.7085943 11.522718 4
-12.70231 -5.3343215 14.23148 20
-11.608957 -4.8876352 14.261163 22
-10.56264 -4.4367237 14.396471 20
-11.208451 -4.9239373 11.461668 8
-12.54561 -5.5888505 14.203955 19
-11.527051 -5.1326585 14.305685 14
-10.465174 -4.636519 14.39743 27
-13.119781 -6.1758342 13.749067 31
-12.418524 -5.8540115 14.217917 15
-11.38755 -5.3555546 14.282072 24
-10.368675 -4.8368783 14.404303 31
-12.886727 -6.4197011 13.666001 32
-12.264043 -6.105371 14.20505 14
-11.271281 -5.586132 14.292746 23
-10.26126 -5.0325937 14.399911 22
-12.686044 -6.6747723 13.626406 37
-12.109448 -6.3567452 14.199146 15
-11.16024 -5.8195777 14.317384 21
-10.157193 -5.2303843 14.405605 26
-12.508885 -6.942781 13.62047 33
-11.949004 -6.6032815 14.193345 15
-11.017052 -6.0371232 14.305671 31
-10.052449 -5.4272232 14.414183 30
-12.259122 -7.1646004 13.536831 35
-11.808002 -6.8628297 14.21971 14
-10.885005 -6.2584939 14.313968 29
-9.945117 -5.6220999 14.425715 31
-12.080764 -7.426259 13.544594 42
-11.624533 -7.0942841 14.198213 22
-10.735286 -6.4707885 14.303879 27
-9.8380413 -5.819313 14.441242 49
-11.905047 -7.6888762 13.562467 25
-11.458813 -7.3370152 14.207088 10
-10.597427 -6.6902723 14.317032 45
-9.720191 -6.0103536 14.446712 50
-11.137857 -7.5257888 12.851083 33
-10.848471 -7.2597966 13.616693 9
-10.017423 -6.5949121 13.675943 2
-9.5938063 -6.1946993 14.440671 41
-10.932097 -7.743701 12.830824 34
-11.091263 -7.7953634 14.196849 48
-9.8093529 -6.7484994 13.585253 5
-8.991003 -6.0309019 13.641176 26
-11.382891 -8.4867229 13.673333 26
-10.932125 -8.040575 14.234334 22
-10.139331 -7.3166871 14.326979 77
-9.3352852 -6.5625553 14.437284 59
-11.138718 -8.6983767 13.636952 35
-10.730319 -8.2535725 14.221735 14
-9.9939013 -7.5319033 14.356511 27
-9.2114124 -6.7487712 14.45305 46
-10.969635 -8.9686756 13.708639 38
-10.567812 -8.4978971 14.274526 11
-9.8161268 -7.7193813 14.340379 23
-9.0607986 -6.9165349 14.427828 34
-10.765429 -9.2112246 13.738942 48
-10.366391 -8.7128916 14.277438 10
-9.6516333 -7.9183044 14.349842 15
-8.9272451 -7.0982933 14.437915 29
-10.590225 -9.4812536 13.820916 58
-10.165727 -8.9247837 14.287589 11
-9.4737358 -8.107296 14.347198 23
-8.7946129 -7.2803936 14.45396 23
-8.8168154 -8.1367083 11.585296 5
-9.9613037 -9.1323967 14.297544 14
-9.3123283 -8.3117752 14.376677 13
-8.6539812 -7.4614563 14.462497 20
-8.623456 -8.3197336 11.598895 6
-9.7804308 -9.3672438 14.353601 14
-9.1319056 -8.4979696 14.378707 14
-8.5130892 -7.6397896 14.477392 14
-8.4670591 -8.5435123 11.679849 5
-9.5627213 -9.5640364 14.360384 14
-8.9576406 -8.6904221 14.400158 13
-8.3541164 -7.8014832 14.463867 22
-8.3084459 -8.7706566 11.767719 3
-9.3421459 -9.7565536 14.369128 13
-8.7772732 -8.8785248 14.419621 14
-8.2069006 -7.9753976 14.478891 19
-9.5454845 -10.711926 14.142797 31
-9.1348553 -9.9629173 14.407521 16
-8.5902662 -9.0585651 14.432138 15
-8.045886 -8.1368914 14.474436 22
-9.2928677 -10.908934 14.16412 21
-8.8937511 -10.129997 14.394031 20
-8.385807 -9.2195349 14.420079 15
-7.8944621 -8.3104219 14.494411 23
-9.0044813 -11.06275 14.138669 14
-8.666749 -10.31302 14.413553 21
-8.1994514 -9.4035959 14.449287 16
-7.7353611 -8.4773035 14.505957 20
-8.7394114 -11.240195 14.152554 8
-8.4274626 -10.483383 14.418753 14
-8.0011187 -9.570878 14.460189 21
-7.5626464 -8.6289377 14.496251 19
-8.4975243 -11.45184 14.219114 5
-8.1934824 -10.655538 14.437183 23
-7.8022232 -9.7422771 14.482135 15
-7.4090719 -8.8063059 14.531864 21
-8.2583647 -11.673075 14.304711 5
-7.9518275 -10.818943 14.450467 12
-7.5944471 -9.9023218 14.490975 22
-7.2345796 -8.9616032 14.535288 19
-8.004529 -11.875363 14.374233 7
-7.7277918 -11.008311 14.508265 11
-7.3815265 -10.052167 14.494651 22
-7.0617142 -9.1175375 14.546572 24
-7.7404499 -12.058394 14.42949 13
-7.4795799 -11.162754 14.524538 9
-7.1742797 -10.211465 14.517293 19
-6.8892999 -9.2769957 14.564854 23
-7.4533134 -12.201374 14.444808 18
-7.1929793 -11.248964 14.458529 8
-6.9731236 -10.387199 14.5665 15
-6.7006536 -9.415946 14.555857 28
-6.9003649 -11.826142 13.856365 12
-6.9435925 -11.397981 14.483444 14
-6.7470584 -10.521966 14.563664 11
-6.5296469 -9.5882711 14.600167 18
-6.566546 -11.839097 13.742981 8
-6.6941681 -11.547011 14.514309 22
-6.5246096 -10.661163 14.573871 9
-6.3366632 -9.7226992 14.590796 24
-6.5833969 -12.612696 14.517176 10
-6.3441954 -11.486112 14.291041 12
-6.2879167 -10.77564 14.554587 10
-6.1528964 -9.8785257 14.617435 20
-6.3088636 -12.780975 14.594387 8
-5.9098258 -11.221991 13.823838 11
-6.0589604 -10.907723 14.566414 13
-5.9556642 -10.013613 14.617091 21
-5.978714 -12.816396 14.528193 11
-5.9227896 -11.952969 14.599883 16
-5.8146176 -11.007609 14.541169 15
-5.7613688 -10.16113 14.640263 20
-5.6806316 -12.925934 14.55653 15
-5.6619177 -12.083329 14.637013 15
-5.464045 -10.855783 14.192908 12
-5.5608315 -10.297027 14.651034 18
-5.3859873 -13.042459 14.600644 13
-5.3944964 -12.200837 14.664515 6
-5.11375 -10.669048 13.811084 7
-5.3588243 -10.436575 14.669832 14
-5.0740285 -13.116212 14.607183 15
-5.0944314 -12.233394 14.599908 12
-5.1278195 -11.429837 14.668366 14
-5.1099138 -10.469791 14.548929 10
-4.7721543 -13.20413 14.637111 11
-4.8366337 -12.373093 14.670832 15
-4.8792162 -11.52202 14.658073 18
-4.7690272 -10.248312 14.079943 10
-4.4412074 -13.190657 14.561537 4
-4.5574827 -12.451962 14.674751 15
-4.6404834 -11.645114 14.693954 14
-4.5054927 -10.208186 13.871299 10
-4.1524258 -13.320955 14.653874 14
-4.2759709 -12.51619 14.668756 12
-4.3935413 -11.749493 14.710791 15
-4.5138488 -10.959449 14.745717 9
-3.8330927 -13.330351 14.621605 12
-4.0011353 -12.605991 14.699763 16
-4.1413536 -11.836407 14.712152 14
-4.2862897 -11.055748 14.72855 6
-3.5429392 -13.458194 14.72761 10
-3.715008 -12.659266 14.695372 11
-3.8876803 -11.926929 14.724666 15
-4.0631113 -11.174417 14.744864 8
-3.2304964 -13.485506 14.730905 12
-3.4363463 -12.738091 14.728521 12
-3.5804417 -11.78535 14.456725 3
-3.8349776 -11.286316 14.757819 15
-2.9206197 -13.520225 14.750952 13
-3.1579967 -12.812991 14.76436 10
-3.3722012 -12.080029 14.732206 7
-3.6081295 -11.406046 14.786813 7
-2.6123707 -13.547025 14.77 11
-2.8677266 -12.823705 14.733629 3
-3.1231155 -12.203741 14.803944 12
-3.3683329 -11.485442 14.76743 16
-2.3021102 -13.558277 14.781013 4
-2.5882707 -12.909695 14.795648 8
-2.8594656 -12.259216 14.798039 11
-3.136529 -11.606427 14.809585 20
-1.9956101 -13.579137 14.811277 11
-2.3062398 -12.978915 14.845627 10
-2.5942059 -12.324697 14.810197 11
-2.8941016 -11.695558 14.812166 14
-1.6893289 -13.598992 14.847588 11
-2.0164306 -12.981157 14.828071 9
-2.3323011 -12.403839 14.846622 8
-2.6528885 -11.795423 14.836043 14
-1.3821815 -13.594499 14.864438 10
-1.7318836 -13.039159 14.878701 9
-2.064599 -12.46968 14.871571 9
-2.4050653 -11.88699 14.853506 8
-1.0751349 -13.59744 14.898355 9
-1.4443414 -13.068726 14.905165 9
-1.7969403 -12.536525 14.903669 7
-2.1528876 -11.968553 14.863978 9
-0.76948547 -13.610333 14.951385 6
-1.1540838 -13.079501 14.918358 10
-1.524999 -12.57246 14.906286 8
-1.9011037 -12.056621 14.888246 10
-0.47091058 -13.416604 14.782013 3
-0.16268836 -13.547449 14.982132 6
-1.3756247 -11.953767 14.613333 6
0.13430232 -13.479709 14.968952 5
-0.29051247 -13.104863 14.989659 7
-0.70294327 -12.717402 14.997077 5
-1.1226829 -12.26291 14.926124 8
0.43850318 -13.486112 15.044607 4
-0.0039030758 -13.082654 14.9913 7
-0.42614189 -12.711197 14.975004 7
-0.85798132 -12.348248 14.96893 6
0.73195386 -13.396884 15.020925 8
0.28768346 -13.089828 15.034431 5
-0.14668465 -12.745448 15.007685 6
-0.58890849 -12.391291 14.966805 11
1.0332086 -13.395912 15.10603 4
0.576428 -13.085711 15.073715 4
0.13197125 -12.733399 14.993908 6
-0.31847367 -12.437933 14.977588 8
1.2991422 -13.170164 14.941018 4
0.85569543 -13.005225 15.02946 4
0.41541758 -12.781223 15.056448 4
-0.043207418 -12.506466 15.019417 8
1.5757481 -13.047215 14.899623 4
1.1501014 -13.028087 15.112787 6
0.6974563 -12.795608 15.085925 4
0.23737393 -12.583652 15.08025 5
1.839837 -12.886439 14.819951 4
1.4318317 -12.974369 15.114417 5
0.98019254 -12.799726 15.111878 5
0.5107618 -12.561502 15.025213 4
2.0948489 -12.704905 14.722069 4
1.7042352 -12.881832 15.07486 6
1.2594807 -12.778619 15.110676 6
0.79678905 -12.643503 15.102582 4
2.3432004 -12.523002 14.629693 5
1.9575782 -12.701447 14.940404 4
1.5433979 -12.758811 15.120755 4
1.0834661 -12.674445 15.125974 5
2.5712442 -12.283618 14.473264 4
2.2186105 -12.570093 14.870163 3
1.8216758 -12.700691 15.093768 4
1.375367 -12.709872 15.162361 4
2.808795 -12.108562 14.398053 3
2.4530864 -12.3571 14.707722 3
2.0877056 -12.604667 15.025548 5
1.6587729 -12.688103 15.137341 4
3.0277619 -11.888871 14.273916 4
2.6932876 -12.18926 14.603674 4
2.3308363 -12.42316 14.864462 4
1.9408669 -12.654755 15.106703 5
3.2508814 -11.699321 14.190204 3
2.9176443 -11.990995 14.46779 4
2.5853083 -12.299025 14.77669 4
2.2032516 -12.537539 14.982766 4
3.4954231 -11.590194 14.209524 3
3.157099 -11.843538 14.399931 4
2.8139348 -12.097408 14.601464 3
2.4507892 -12.371114 14.806261 4
3.744462 -11.492161 14.245291 3
3.3490355 -11.586646 14.19958 3
3.0412855 -11.908778 14.443947 4
2.6845837 -12.169415 14.593721 4
3.5947039 -11.479543 14.189703 3
3.2569649 -11.702965 14.275017 3
2.9452899 -12.067374 14.507744 4
3.8404174 -11.378125 14.193982 3
3.4926164 -11.567267 14.195125 3
3.1380031 -11.776645 14.200519 3
4.8528481 -11.934627 15.357692 5
4.4789829 -12.161092 15.324516 4
3.3998754 -11.697754 14.156612 3
5.1010804 -11.795838 15.381685 5
4.7568974 -12.074462 15.374406 4
4.410953 -12.335793 15.358994 3
4.0428324 -12.586821 15.303768 4
5.3498573 -11.66128 15.41841 4
5.0124044 -11.946304 15.372957 6
4.6818185 -12.228997 15.341375 5
4.3581958 -12.567347 15.354049 4
5.5938978 -11.519053 15.451324 3
5.2666721 -11.814198 15.375866 5
4.9634342 -12.142424 15.36116 4
4.6441064 -12.468667 15.315765 5
5.8163853 -11.337292 15.438475 4
5.5203371 -11.679937 15.38281 5
5.2366786 -12.032419 15.356801 5
4.957293 -12.427487 15.356152 5
6.0466437 -11.176373 15.45842 6
5.8062544 -11.601768 15.470269 4
5.5284481 -11.955208 15.403314 5
5.268158 -12.37023 15.38648 5
6.2585359 -10.987916 15.443485 4
6.0453129 -11.440792 15.455173 4
5.8325858 -11.891378 15.478863 3
5.5689769 -12.288606 15.394911 5
6.461513 -10.793371 15.427118 4
6.2793932 -11.27586 15.441459 5
6.1048079 -11.769549 15.483722 4
5.8864899 -12.223198 15.436448 4
6.6587234 -10.593769 15.405524 6
6.4989257 -11.089942 15.403484 6
6.3600636 -11.616827 15.457502 5
6.1762643 -12.106271 15.419887 4
6.8542967 -10.394423 15.392065 7
6.7514029 -10.953046 15.442848 5
6.6159787 -11.465209 15.440604 5
6.4615126 -11.976513 15.396673 5
7.0656433 -10.221172 15.421734 5
6.9724884 -10.770758 15.424052 6
6.8719473 -11.308068 15.424432 6
6.7923546 -11.91427 15.469909 5
6.6172686 -9.2431774 14.207801 3
7.1952944 -10.593107 15.417246 4
7.1274204 -11.152177 15.415144 6
7.0853114 -11.781645 15.462078 7
6.8198423 -9.0956259 14.262387 2
7.4048834 -10.398943 15.391371 6
7.3952618 -11.012171 15.436645 7
7.3514752 -11.609558 15.41038 7
6.9842114 -8.9047194 14.254852 5
7.5978189 -10.188695 15.347526 9
7.6370506 -10.835896 15.417452 7
7.6464186 -11.476431 15.422737 10
7.1701841 -8.7397509 14.290157 5
7.8149834 -10.01135 15.353889 8
7.8833804 -10.664639 15.406133 7
7.9436364 -11.341962 15.43552 6
7.3295002 -8.5487471 14.289165 8
8.0236883 -9.8197165 15.350896 6
8.1194763 -10.479839 15.388588 9
8.2104912 -11.161643 15.401495 10
7.52315 -8.3930578 14.351682 5
8.233201 -9.6299734 15.355153 8
8.3588095 -10.294699 15.379395 7
8.4897594 -10.994553 15.394804 12
7.7183528 -8.2382898 14.423564 8
8.4324093 -9.431819 15.352529 7
8.591135 -10.101456 15.36514 7
8.7576675 -10.807258 15.37097 10
7.9102621 -8.0797415 14.495166 8
8.6149502 -9.2163725 15.326831 9
8.8262796 -9.9094 15.360783 10
9.0575266 -10.654536 15.405776 9
8.1567612 -7.9649663 14.658144 8
8.7910528 -8.9946194 15.29925 9
9.0470581 -9.7038956 15.342687 11
9.3085613 -10.442993 15.368233 14
8.3382044 -7.7924924 14.722109 11
8.9829855 -8.7911129 15.306028 14
9.2723341 -9.499754 15.338845 12
9.5518942 -10.225461 15.329926 15
8.5678358 -7.657701 14.866517 9
9.166296 -8.5803995 15.304566 8
9.4854927 -9.2843361 15.321738 10
9.8126488 -10.019133 15.320226 14
8.6426439 -7.3991466 14.772552 14
8.6370773 -7.7912054 14.245496 2
9.7024021 -9.0696936 15.31616 10
10.076239 -9.8142347 15.322825 16
8.9422827 -7.3117585 15.033336 12
8.8074064 -7.5943766 14.257439 3
9.9027214 -8.8416367 15.295421 13
10.315578 -9.5835361 15.295487 13
9.1421051 -7.1438017 15.143052 15
8.9598475 -7.383471 14.248612 5
10.109882 -8.6175976 15.288539 13
10.56975 -9.3637314 15.294728 12
9.3056622 -6.9492521 15.200983 12
9.1540995 -7.2017994 14.304089 8
10.313394 -8.3885193 15.284513 16
10.829568 -9.1441212 15.307806 16
9.4210758 -6.7254291 15.195765 13
9.3626823 -7.0274487 14.386069 8
10.486324 -8.1374407 15.246874 15
11.053524 -8.8935556 15.281613 19
9.5333738 -6.4989376 15.192191 15
9.6009598 -6.8692589 14.513515 8
10.710608 -7.9209027 15.282951 14
11.308566 -8.6626291 15.300829 16
9.6880751 -6.299757 15.255275 13
9.7395754 -6.6451564 14.505604 11
10.865777 -7.6574817 15.235489 18
9.6227102 -7.1263528 12.937556 5
9.773488 -6.0600152 15.226128 23
10.020394 -6.5028687 14.693829 12
11.047437 -7.4106078 15.229636 24
11.769217 -8.1569433 15.293444 13
9.8482437 -5.8174758 15.185162 19
10.265436 -6.3325477 14.837515 14
11.222421 -7.157589 15.219936 14
11.939344 -7.8644481 15.229551 18
9.9116707 -5.5735893 15.13842 16
10.472639 -6.136991 14.934673 15
11.413338 -6.9115658 15.238001 15
12.138627 -7.5860915 15.207247 15
9.9915991 -5.3386908 15.119435 12
10.685127 -5.9406271 15.041722 15
11.574509 -6.6482329 15.225446 17
12.377057 -7.3272719 15.237417 6
10.116352 -5.1266527 15.168859 12
10.876597 -5.7303109 15.12703 26
10.949746 -5.9925308 14.27441 4
12.550345 -7.0324526 15.201438 19
10.212654 -4.9010282 15.184668 12
11.027967 -5.4945374 15.16379 12
11.121057 -5.7533174 14.298476 8
12.719197 -6.7329192 15.166083 19
10.318421 -4.6797032 15.216985 4
11.128251 -5.2381625 15.142977 21
11.332635 -5.52776 14.377321 12
12.914051 -6.443428 15.167761 20
10.355305 -4.4319668 15.163628 17
11.240344 -4.9850564 15.1413 15
11.583737 -5.3162756 14.505576 11
13.061628 -6.1319509 15.12608 20
10.423447 -4.1989975 15.157844 16
11.346132 -4.7319651 15.140747 16
11.863325 -5.1088152 14.672411 13
13.252615 -5.8363261 15.139778 21
10.448897 -3.9508827 15.101597 22
11.429651 -4.4695215 15.117401 15
12.115702 -4.881083 14.807436 14
13.435596 -5.5350738 15.152432 21
10.509485 -3.7172868 15.095905 16
11.506534 -4.2040348 15.094276 15
12.394925 -4.6568375 14.980301 14
13.571793 -5.2146649 15.124179 17
10.569757 -3.4857366 15.096476 15
11.635885 -3.9554908 15.139467 8
12.604329 -4.4013247 15.078937 17
13.810967 -4.9259515 15.207909 8
10.614387 -3.2491426 15.081923 15
11.694271 -3.6857572 15.105483 18
12.742986 -4.1160336 15.101521 17
13.074108 -4.3333044 14.301333 9
10.659476 -3.0141809 15.073291 12
11.792543 -3.4285357 15.128928 8
12.799603 -3.8085685 15.045717 6
13.294538 -4.0485668 14.391808 14
10.735895 -2.7878947 15.111698 9
11.820155 -3.150243 15.070735 16
12.94856 -3.5262525 15.09584 14
13.637038 -3.7894552 14.607848 17
10.783969 -2.5533004 15.116955 15
11.852545 -2.8757002 15.026047 14
13.050099 -3.2305582 15.102344 17
13.858427 -3.4933841 14.709399 20
10.788029 -2.3127096 15.070469 16
11.985319 -2.624238 15.106268 12
13.101777 -2.9198577 15.060313 17
14.142184 -3.2011819 14.878522 26
10.818156 -2.0767262 15.06127 15
11.985786 -2.3453515 15.037655 15
13.966966 -2.8107064 14.603209 41
10.84971 -1.8421885 15.06041 15
12.062396 -2.0790374 15.063361 16
13.004152 -2.2703853 14.786557 9
13.480997 -2.3846979 14.034205 45
10.853456 -1.604843 15.027715 15
12.089478 -1.8040699 15.037039 16
13.179996 -1.9839315 14.900656 14
13.208309 -2.0115266 13.687029 46
10.885478 -1.3690516 15.035209 11
12.08718 -1.526108 14.983715 7
13.059459 -1.6574115 14.707891 25
13.07617 -1.6699879 13.487343 75
10.930569 -1.136315 15.064436 12
12.034535 -1.2499346 14.878214 4
12.751288 -1.3221781 14.328389 31
12.961863 -1.3408741 13.315689 61
10.922465 -0.90093213 15.032703 23
12.011122 -0.97398818 14.813585 4
12.398127 -0.9963975 13.910965 37
12.710352 -1.0060312 13.021533 48
10.929883 -0.66623253 15.023855 21
11.951758 -0.69958723 14.714535 10
12.171502 -0.69307804 13.633488 49
12.457752 -0.68271965 12.735362 51
10.939022 -0.43024397 15.02192 18
12.05326 -0.43207902 14.805885 14
12.03971 -0.40194318 13.465456 89
12.224438 -0.37141788 12.476956 54
10.90768 -0.19239864 14.972648 12
11.894972 -0.15840906 14.605536 38
11.947637 -0.11780509 13.345127 82
12.000009 -0.070798941 12.235703 64
10.877722 0.041156165 14.93252 8
11.621018 0.10653189 14.281254 40
11.785402 0.16175959 13.157858 73
11.774021 0.216682 12.000477 64
10.83233 0.27395472 14.87443 6
11.342206 0.35975468 13.955731 35
11.574239 0.43264103 12.929052 64
11.555956 0.49583393 11.7817 72
10.757296 0.50213456 14.784808 5
11.152456 0.60361779 13.740112 51
11.380578 0.69201577 12.725341 50
11.354802 0.76536238 11.587055 72
10.681553 0.72865945 14.699373 6
10.259147 0.78745657 12.727834 38
10.239911 0.86382854 11.546349 68
10.22937 0.94238114 10.52377 68
10.089612 0.90767938 13.961985 22
10.11088 1.0081997 12.56867 53
10.077318 1.0925777 11.386443 77
10.049591 1.1781371 10.362148 64
9.9989262 1.1177331 13.865035 34
9.9464111 1.2229021 12.395951 58
10.032529 1.3331681 11.353464 37
10.23126 1.4584731 10.545822 37
9.9029589 1.3259757 13.763786 16
10.139305 1.4820998 12.637639 18
10.379968 1.6298702 11.734407 33
10.528878 1.7674185 10.850393 67
10.173614 1.5881408 14.128181 3
10.493957 1.7804608 13.06199 68
10.473936 1.903095 11.852219 79
10.292137 1.9922285 10.644516 65
10.165089 1.8121927 14.147614 37
10.368324 2.0028105 12.950456 64
10.303432 2.1250281 11.707465 74
10.021627 2.1993008 10.421605 68
10.055864 2.0179379 14.047915 28
10.20444 2.2143126 12.80166 60
10.136888 2.3451402 11.571656 78
9.8428144 2.4184403 10.29002 67
9.8726044 2.2059639 13.852622 24
10.03935 2.4201329 12.654925 62
9.9730663 2.5609071 11.445832 75
9.6711664 2.6326208 10.169355 70
9.7414789 2.400053 13.728399 34
9.884654 2.6241906 12.524049 60
9.8031969 2.7693405 11.3172 71
9.5494499 2.858444 10.10377 59
9.5909901 2.5875859 13.582588 43
9.7438545 2.8287697 12.41296 62
9.6629896 2.9825971 11.225048 80
9.3548212 3.058567 9.9726677 71
9.4803066 2.7823286 13.493061 48
9.5928297 3.0256915 12.296118 60
9.5064306 3.1871595 11.11925 70
9.2554283 3.2825124 9.9387426 68
9.3758698 2.9749739 13.416443 57
9.4428844 3.2198186 12.186278 67
9.3344555 3.3799224 11.003985 77
9.1312885 3.4967601 9.8865147 71
9.2878132 3.169677 13.364737 60
9.291853 3.4068983 12.076742 75
9.1668196 3.5700841 10.897559 72
9.0085955 3.707444 9.8401651 66
9.1860247 3.3609996 13.298154 59
9.1471729 3.5953116 11.980938 70
8.9911671 3.7522395 10.78435 73
8.914607 3.9288905 9.8292723 74
9.0874767 3.5514975 13.240742 55
8.9915581 3.7763598 11.876734 70
8.7853956 3.9205225 10.646105 67
8.7934332 4.1406288 9.7972574 66
8.9586143 3.7297866 13.146888 59
8.8499136 3.9594934 11.790896 75
8.6028795 4.091969 10.534036 76
8.6861887 4.3576765 9.7845592 53
8.8473654 3.9147975 13.080503 56
8.718338 4.1450882 11.721873 73
8.4564447 4.2747087 10.466298 75
8.5387421 4.553865 9.7347336 53
8.7367449 4.0981956 13.020114 45
8.5899343 4.3296528 11.662235 72
8.2963438 4.4485803 10.388449 72
8.4210024 4.7622113 9.7241011 52
8.5924587 4.2658319 12.918391 47
8.4403524 4.5031524 11.583285 68
8.1515293 4.6257458 10.333214 78
8.301774 4.9669456 9.7140675 35
8.4555187 4.4317079 12.829631 47
8.306119 4.6794314 11.524118 71
8.0285635 4.8143344 10.306751 73
8.1742392 5.1699042 9.7025642 26
8.328227 4.6019945 12.756461 50
8.1672001 4.8531733 11.463229 73
7.8870635 4.990375 10.261896 72
8.0317869 5.3625264 9.6796246 27
8.1859016 4.7650275 12.666869 51
8.0420952 5.0336571 11.425366 73
7.7474008 5.1669793 10.225454 73
7.841269 5.5219121 9.6093206 40
8.0501938 4.9281611 12.59024 59
7.9062252 5.2083802 11.378597 71
7.6037941 5.3401551 10.188769 67
7.653244 5.6811113 9.5444365 82
7.9252067 5.0969849 12.53246 57
7.7676387 5.3779564 11.33195 74
7.4634209 5.5133734 10.160022 68
7.0403337 5.5326915 9.0029907 26
7.7969184 5.2615852 12.473362 57
7.6385398 5.5528269 11.300794 71
7.3482118 5.7024765 10.167534 75
6.7277002 5.5778308 8.7949247 88
7.6752028 5.4294362 12.428127 56
7.5059991 5.7223163 11.270738 71
6.7241945 5.5143833 9.5411959 87
6.5955381 5.7453737 8.7946415 86
7.5542016 5.5996318 12.38859 60
6.9519033 5.5883145 10.671819 9
6.6087265 5.6884656 9.5488672 74
6.459415 5.9115181 8.7957258 88
7.4254746 5.76296 12.342578 54
6.6403356 5.6105018 10.396979 69
6.4774761 5.8488984 9.5409403 72
6.9472623 6.6133089 9.5632744 88
6.6851473 5.4764419 11.381825 31
6.5279398 5.7778087 10.397263 64
6.4044352 6.0602012 9.617281 17
6.7934036 6.7909117 9.5692539 88
6.5501566 5.6164813 11.323186 58
6.3915849 5.9269519 10.369565 68
6.6513247 6.5599694 10.128476 76
6.6827879 7.0069184 9.6356649 59
6.4359455 5.7721152 11.300069 58
6.8558226 6.5934763 11.21384 69
6.5155163 6.7348466 10.142567 70
6.5219297 7.1807666 9.646162 60
6.3246484 5.9308834 11.288227 69
6.6926322 6.7410383 11.17218 69
6.373621 6.9034138 10.154557 79
6.3680534 7.3569527 9.6705027 60
6.7791076 6.5859609 12.183448 57
6.5877805 6.9402375 11.223084 67
6.2431979 7.0875139 10.188837 77
6.1880488 7.5083947 9.6655931 76
6.6533461 6.7556639 12.171184 58
6.4548335 7.1170812 11.236877 62
6.1070385 7.2686315 10.221645 79
6.010592 7.6628585 9.6703939 79
6.5264487 6.9250984 12.164104 55
6.3233528 7.2987146 11.25979 69
5.9714298 7.4509869 10.262651 72
5.8307967 7.8143988 9.6775293 72
6.3981833 7.0982256 12.162345 71
6.1881647 7.4779506 11.283262 69
5.8314266 7.633935 10.305026 70
5.6453576 7.9608488 9.6828861 74
6.2646489 7.2685103 12.158568 63
6.0471444 7.6531243 11.305524 67
5.7079983 7.8372197 10.380006 81
5.4748549 8.1228828 9.7149534 74
6.132308 7.4413056 12.163784 53
5.9097462 7.836926 11.341649 63
5.5802283 8.0422697 10.457715 96
5.3207679 8.3084574 9.7781687 73
6.0021286 7.6158776 12.17866 56
5.7483926 7.9903989 11.342215 72
5.5324864 8.353631 10.678222 70
5.1713829 8.5030069 9.8582497 73
5.8665223 7.7907243 12.190629 66
5.6182661 8.1873312 11.404648 64
5.3873348 8.5517349 10.750937 77
5.0159354 8.6944342 9.9372053 81
5.7326994 7.9714236 12.214275 54
5.4786348 8.3765364 11.459656 68
5.2352543 8.7442389 10.820137 75
4.8645716 8.90203 10.036313 68
5.6005745 8.1590681 12.252182 58
5.3332424 8.5671082 11.51677 71
5.0787821 8.9374208 10.895432 71
4.7114553 9.1153803 10.145415 66
5.4447875 8.3207111 12.251686 56
5.1684694 8.7352562 11.547398 74
4.9247279 9.1430387 10.986615 75
4.5468888 9.315362 10.244752 75
5.3155298 8.5241556 12.313194 59
5.0232983 8.9333572 11.62021 74
4.762363 9.3395844 11.070726 69
4.4441571 9.6377707 10.479011 81
5.1734815 8.7137794 12.360221 66
4.8742423 9.1364651 11.702267 73
4.6093016 9.5561523 11.182792 69
4.3157353 9.9239874 10.680199 70
5.0219293 8.8927755 12.394585 60
4.7211285 9.3350754 11.783566 73
4.4321876 9.7413807 11.263613 74
4.1455822 10.154882 10.822578 75
4.8768187 9.0918703 12.457728 61
4.5644178 9.5374994 11.871599 70
4.2690296 9.9595385 11.385513 57
3.9647455 10.372425 10.955871 77
4.7238841 9.2870073 12.516934 59
4.4053268 9.7451963 11.969344 70
4.1036239 10.191216 11.52557 73
3.8010144 10.640439 11.146673 68
4.5709 9.4888287 12.588666 61
4.2397747 9.9579792 12.07302 64
3.9248784 10.406333 11.64926 75
3.4805601 10.557422 10.977811 34
4.4163775 9.7017145 12.673836 54
4.0723982 10.172896 12.183399 70
3.7457712 10.630024 11.786673 79
3.0960245 10.27213 10.611255 50
4.254611 9.9122086 12.756907 48
3.8992784 10.388029 12.296558 69
3.4334352 10.544491 11.589417 26
2.8889546 10.429343 10.706564 69
4.0872502 10.11976 12.841211 63
3.7256398 10.61674 12.429886 80
3.0601614 10.27032 11.200785 69
2.7116272 10.685313 10.906858 61
3.9194362 10.34508 12.951394 57
3.4190307 10.543642 12.218401 32
2.8659213 10.46032 11.320269 69
2.792978 11.817011 11.991943 66
3.7468169 10.570872 13.060424 91
3.0499332 10.271747 11.790461 52
2.6740108 10.668991 11.464096 75
2.5832274 12.092638 12.217615 61
3.5017211 10.635788 12.97716 46
2.8511782 10.433782 11.864722 76
2.7667208 11.822607 12.610376 63
2.365468 12.383555 12.462318 59
3.111464 10.326056 12.453035 29
2.6663163 10.652276 12.00537 67
2.5606048 12.1058 12.83395 78
2.1375265 12.66363 12.703299 61
2.8742943 10.381011 12.378597 55
2.7202861 11.677691 13.041977 85
2.3433821 12.375839 13.048524 89
1.9010465 12.955737 12.960043 94
2.6961141 10.611349 12.512889 54
2.4895132 11.847961 13.128713 62
2.0583124 12.409405 13.021181 68
1.6107893 13.007671 12.987709 63
2.7236485 11.52951 13.446977 47
2.2791412 12.117078 13.330513 53
1.8340278 12.700288 13.269102 59
1.360594 13.315164 13.274975 55
2.5225632 11.794291 13.617669 45
2.0561862 12.373389 13.520594 58
1.5984452 12.994518 13.523808 61
1.1047657 13.641703 13.586796 47
2.3749073 12.301092 14.065458 36
1.8910651 12.941783 14.051605 50
1.3965768 13.580831 14.086971 51
0.87386256 14.284362 14.220417 45
2.1561773 12.589442 14.269091 47
1.6510674 13.240121 14.294282 48
1.126255 13.846155 14.324149 31
0.5484072 14.272652 14.213185 8
1.9009178 12.772557 14.35623 24
1.3635879 13.340556 14.329542 7
0.79650104 13.709394 14.153788 15
1.5940068 12.719639 14.1846 22
1.0609398 13.334588 14.258461 6
1.3430308 12.967715 14.355041 3
-0.40171292 14.473048 14.471766 19
1.0636153 13.087697 14.387074 4
-0.10236387 14.061091 14.467504 16
-0.72415686 14.413785 14.448842 25
0.79390746 13.314528 14.543199 10
0.19102204 13.699948 14.490964 15
-0.41303185 14.069196 14.47687 23
-1.0428604 14.336812 14.414947 17
0.49758139 13.362265 14.512005 27
-0.11550455 13.732674 14.48806 16
-0.72506648 14.038826 14.453512 16
-1.3601465 14.329028 14.457535 24
0.19993097 13.418018 14.496778 17
-0.41989142 13.749217 14.477238 18
-1.0370147 14.048637 14.478882 12
-1.6743803 14.278942 14.466374 22
-0.099881746 13.490999 14.505478 17
-0.72557843 13.776944 14.484365 4
-1.3477051 14.004983 14.456609 16
-1.9863178 14.202166 14.456367 24
-0.40178466 13.541086 14.497374 14
-1.0321445 13.754704 14.446857 19
-1.6565833 13.986244 14.467125 17
-2.2956455 14.120986 14.447325 9
-0.70751894 13.600461 14.508237 18
-1.3426094 13.788141 14.475091 16
-1.9642991 13.943431 14.459944 14
-2.5934925 13.983276 14.387677 27
-1.0164157 13.616282 14.479738 24
-1.6508845 13.788488 14.475611 23
-2.273381 13.896116 14.455731 19
-2.878144 13.778388 14.265111 17
-1.3257262 13.651244 14.478883 18
-1.9584785 13.757517 14.451179 5
-2.5806501 13.85686 14.466348 18
-3.1560595 13.572627 14.14839 16
-1.6375947 13.677962 14.475101 16
-2.2683346 13.757499 14.466561 16
-2.877665 13.75239 14.417248 15
-3.4083962 13.275355 13.939738 15
-1.9546531 13.709032 14.486012 5
-2.5786543 13.737035 14.466619 16
-3.1530337 13.53453 14.255043 14
-3.6895459 13.16938 13.93508 13
-2.2700772 13.730371 14.493184 23
-2.888098 13.705459 14.465167 20
-3.423996 13.330035 14.112175 12
-3.9423344 12.956395 13.822876 15
-2.5877869 13.726706 14.481696 20
-3.1699224 13.51423 14.302398 15
-3.6941626 13.148012 14.002199 10
-4.1820207 12.713935 13.684758 11
-2.9038203 13.712009 14.467201 21
-3.4488335 13.328386 14.151293 12
-3.9541101 12.95823 13.885608 10
-4.4364915 12.552546 13.637792 14
-3.1922944 13.507354 14.262998 19
-3.7205813 13.136819 14.001731 11
-4.2055721 12.748187 13.752847 11
-4.6982369 12.434194 13.640585 13
-3.4672039 13.273447 14.032786 9
-3.9794159 12.920915 13.831312 11
-4.4522281 12.545794 13.635315 11
-4.9399896 12.265065 13.595905 8
-3.7511494 13.117299 13.894894 11
-4.2265472 12.6811 13.642358 13
-4.7192335 12.428297 13.613821 9
-5.4893026 12.965537 14.522521 11
-4.0038881 12.847064 13.643218 11
-4.5093822 12.595227 13.6239 10
-4.9774938 12.293764 13.57919 4
-5.7537994 12.817348 14.521078 17
-4.3103695 12.808125 13.644745 7
-5.0438995 13.317509 14.482967 12
-5.5426788 13.030026 14.512783 12
-6.0152845 12.666915 14.522696 16
-4.8507686 13.575912 14.507613 14
-5.3540349 13.253101 14.508766 6
-5.8270001 12.91307 14.520541 13
-6.2735386 12.516521 14.530269 14
-5.1728606 13.507368 14.495708 17
-5.6521554 13.151486 14.501706 12
-6.1031222 12.777734 14.514344 13
-6.540638 12.385365 14.568895 11
-5.4998264 13.455169 14.508783 8
-5.9571919 13.062361 14.514678 14
-6.3754473 12.637344 14.509127 12
-6.7783666 12.197511 14.545424 15
-5.8157105 13.35808 14.486009 12
-6.2491865 12.93534 14.496713 13
-6.6522698 12.511273 14.526898 7
-7.0287733 12.043421 14.566943 23
-6.1473899 13.297941 14.509253 13
-6.5541191 12.843072 14.523728 13
-6.9238553 12.369018 14.533694 15
-7.2671952 11.868107 14.568309 23
-6.4708982 13.212216 14.514343 16
-6.8458009 12.715386 14.517474 7
-7.1934209 12.226742 14.545074 14
-7.5099859 11.700049 14.586414 22
-6.7932587 13.116493 14.518291 16
-7.1334295 12.578578 14.509138 13
-7.4590774 12.079346 14.557542 15
-7.7358694 11.512131 14.582588 15
-7.1074514 12.992593 14.501631 11
-7.438756 12.475657 14.550223 15
-7.7221274 11.92426 14.569144 19
-7.9705901 11.342454 14.606687 19
-7.4401126 12.907137 14.535681 14
-7.7373352 12.351063 14.573918 14
-7.9734101 11.75207 14.566547 12
-8.1927166 11.153543 14.613887 20
-7.756701 12.782191 14.53524 12
-8.0186329 12.196705 14.571228 17
-8.22752 11.58369 14.578484 23
-7.8514595 10.144854 13.542426 3
-8.0762091 12.657268 14.544947 17
-8.2805319 12.011037 14.538304 12
-8.4767666 11.409833 14.587198 18
-8.0353403 9.9445515 13.525131 4
-8.3825274 12.507485 14.535419 17
-8.5781212 11.879032 14.57952 17
-8.7117605 11.217589 14.578771 20
-8.236021 9.7713051 13.547976 10
-8.701704 12.372332 14.554079 17
-8.8485298 11.704363 14.575613 17
-8.9509335 11.032367 14.586395 22
-8.4088316 9.5662241 13.530574 12
-9.0128021 12.218778 14.560734 24
-9.1175537 11.525947 14.577712 17
-9.1970797 10.856429 14.613077 12
-8.5904455 9.3761511 13.537218 19
-9.3068142 12.038237 14.544287 25
-9.3849621 11.342801 14.580818 17
-9.4197054 10.647706 14.60561 16
-8.7909298 9.2087927 13.583085 19
-9.6188459 11.879761 14.564862 25
-9.6619177 11.171855 14.608924 25
-9.6483078 10.450312 14.618086 21
-8.9923697 9.0427408 13.637877 23
-9.9220152 11.70474 14.573498 13
-9.9105425 10.9656 14.597865 16
-9.8644266 10.239203 14.616524 21
-9.2049675 8.8920345 13.718866 22
-10.22488 11.524377 14.590238 24
-10.168581 10.76764 14.605946 19
-10.088409 10.037984 14.636031 18
-9.4101429 8.7289085 13.790763 21
-10.51186 11.324018 14.588848 19
-10.436044 10.577087 14.637144 18
-10.307949 9.8329849 14.655492 7
-9.6411486 8.5919666 13.909931 19
-10.808355 11.127861 14.6046 26
-10.692875 10.376399 14.659226 12
-10.525198 9.6213961 14.677954 10
-9.839344 8.4175062 13.980779 22
-11.105947 10.932449 14.630344 11
-10.943764 10.164021 14.675275 11
-9.9039021 8.6059999 13.46042 2
-10.056387 8.2599363 14.085728 14
-9.5977659 8.8739891 12.149493 3
-11.145535 9.9047222 14.630496 17
-10.06117 8.3754673 13.432669 7
-10.266922 8.0950336 14.184555 16
-11.669183 10.491059 14.65134 8
-11.33943 9.6386576 14.584936 24
-10.24933 8.1747761 13.457527 9
-10.474726 7.9258285 14.28554 14
-11.87275 10.195286 14.57117 26
-11.568525 9.4051237 14.594766 19
-10.459367 7.9910312 13.518654 13
-10.672275 7.7442322 14.373437 19
-12.109054 9.9307594 14.542356 22
-11.782607 9.1608219 14.593394 13
-10.655082 7.7952547 13.566565 20
-10.845589 7.5423322 14.434997 14
-12.352989 9.6711378 14.531576 19
-11.926797 8.8577089 14.507192 8
-10.858708 7.6021032 13.62865 14
-11.070097 7.3781419 14.573255 36
-12.574951 9.3925009 14.502625 18
-12.141176 8.6123075 14.520863 17
-11.110824 7.4444189 13.763348 12
-11.192727 7.1383643 14.572262 30
-12.781555 9.10215 14.46349 15
-12.320961 8.340539 14.50012 25
-11.371926 7.2858505 13.91018 12
-11.300776 6.8919201 14.557988 34
-13.000555 8.8214302 14.447381 18
-12.496117 8.0672503 14.481143 25
-11.590256 7.0910459 14.006402 15
-11.412488 6.6506376 14.556665 26
-13.220685 8.5414152 14.441251 23
-12.690985 7.8073745 14.493469 15
-11.835125 6.911552 14.140074 14
-11.505493 6.3965335 14.534224 30
-13.430066 8.2511625 14.432158 14
-11.956951 6.9557333 13.392799 6
-12.04006 6.702076 14.228411 13
-11.604026 6.1510715 14.529952 15
-13.619187 7.9476314 14.405957 19
-12.156144 6.7238879 13.442195 12
-12.28841 6.5118585 14.37333 27
-11.695749 5.9037132 14.52253 19
-13.802307 7.6419339 14.384646 24
-12.368613 6.4981284 13.511837 15
-12.461764 6.2760501 14.432391 17
-11.767784 5.6470876 14.493934 30
-13.982413 7.334064 14.368387 25
-12.633749 6.2980242 13.648216 12
-12.592282 6.0167856 14.443746 24
-11.855857 5.4022126 14.496357 29
-14.126553 7.004981 14.319165 18
-12.90311 6.0916247 13.792252 15
-12.686693 5.738235 14.415251 20
-11.932637 5.1538444 14.487387 28
-14.291878 6.6874895 14.304491 17
-13.173044 5.878335 13.940792 12
-12.806068 5.4742661 14.426482 20
-11.984065 4.894948 14.453155 29
-14.532331 6.4066677 14.374388 13
-13.339723 5.6085672 13.976524 10
-12.823274 5.1660333 14.319988 5
-12.069961 4.6543231 14.467754 25
-13.708423 5.644403 13.347925 5
-13.715275 5.4292474 14.254221 16
-12.982864 4.919754 14.394436 28
-12.110402 4.3951855 14.433999 16
-13.930312 5.3759193 13.428546 15
-13.883839 5.1503124 14.304631 28
-13.061083 4.640871 14.377995 18
-12.232092 4.1691532 14.507984 20
-14.236193 5.1320248 13.600045 12
-14.011659 4.8543706 14.319361 20
-13.139057 4.3616977 14.367767 22
-12.243876 3.9041469 14.4485 27
-14.5221 4.8719859 13.753045 15
-14.097847 4.5422058 14.295153 18
-13.223729 4.0870428 14.370172 20
-12.283588 3.6509967 14.428841 28
-14.848967 4.6174507 13.954751 18
-14.223703 4.2444534 14.320564 16
-13.283672 3.8041089 14.354267 24
-12.331721 3.4026802 14.426477 26
-15.143117 4.3422861 14.127951 22
-14.286355 3.9278469 14.286969 16
-13.334167 3.5211513 14.334249 15
-12.367293 3.1511314 14.414995 31
-15.340302 4.0278358 14.210848 32
-14.35382 3.6137156 14.26756 27
-13.43537 3.2516322 14.377192 13
-12.41033 2.9043295 14.417809 23
-15.404793 3.6734252 14.174911 13
-14.419286 3.2980931 14.252358 24
-13.452236 2.9619169 14.331834 23
-12.433567 2.6537116 14.40318 20
-15.522529 3.3328943 14.1967 32
-14.493137 2.9860568 14.256185 20
-13.501618 2.6802812 14.329022 24
-12.449473 2.4033911 14.384558 14
-15.567482 2.9766912 14.158439 27
-14.524847 2.6659975 14.223401 16
-13.530998 2.394902 14.312843 27
-12.527048 2.165273 14.445805 13
-15.641671 2.6278763 14.15738 29
-14.63269 2.3600328 14.275235 13
-13.562832 2.1133392 14.303222 16
-12.518042 1.911077 14.407323 24
-15.696308 2.2730167 14.144805 27
-14.63064 2.0355678 14.221813 16
-13.577384 1.8276799 14.282806 20
-12.524043 1.6631789 14.393468 24
-15.723027 1.9158773 14.114821 22
-14.669703 1.7170067 14.217677 27
-13.598598 1.5467621 14.274236 15
-12.528989 1.4151462 14.379515 28
-15.736707 1.5590012 14.081116 8
-14.686132 1.3967593 14.199845 25
-13.586243 1.2603323 14.239081 12
-12.527544 1.1681911 14.367045 23
-15.830291 1.2091947 14.13412 18
-14.706223 1.0790656 14.194253 18
-13.658003 0.98250711 14.300481 12
-12.53062 0.92105615 14.366028 27
-15.851077 0.85130531 14.124354 18
-14.71169 0.75999606 14.18097 22
-13.628036 0.6975078 14.257318 22
-12.552052 0.67684871 14.390527 19
-15.850379 0.49240875 14.10545 20
-14.703941 0.43950862 14.159554 16
-13.626822 0.41603842 14.252668 25
-10.712709 0.34956643 12.13112 12
-15.820204 0.13524552 14.065707 14
-14.736244 0.12152449 14.189629 10
-13.616935 0.13334586 14.243713 32
-12.517535 0.18604414 14.360847 19
-15.905572 -0.22274172 14.144046 13
-14.768434 -0.19641018 14.225706 16
-13.614689 -0.14767969 14.249886 20
-12.491163 -0.058375482 14.344302 14
-15.868236 -0.57852471 14.115185 18
-14.705257 -0.51397938 14.17232 16
-13.591888 -0.42724544 14.241038 29
-12.459793 -0.30134362 14.325038 14
-15.841929 -0.93720841 14.106996 17
-14.692636 -0.8318423 14.177791 22
-13.58229 -0.70796156 14.250134 26
-11.789712 -0.51755673 13.520687 11
-15.777635 -1.2891337 14.070537 16
-14.664551 -1.149647 14.17568 18
-13.522446 -0.98463106 14.211102 16
-11.900684 -0.75458705 13.684398 14
-15.729617 -1.6416907 14.057325 12
-14.598714 -1.4622369 14.141894 15
-12.779546 -1.1973501 13.412416 3
-12.26881 -1.0162263 14.175109 14
-15.589116 -1.9816412 13.965502 5
-14.588027 -1.7793825 14.171212 10
-12.865204 -1.4730252 13.546134 12
-12.375062 -1.2692382 14.347025 19
-15.480194 -2.3227935 13.911242 8
-13.781975 -1.9813062 13.386345 5
-13.296825 -1.8004917 14.079479 14
-12.325347 -1.5078893 14.329022 22
-14.762012 -2.5520251 13.284162 14
-14.013512 -2.3249879 13.680176 9
-13.401051 -2.0971618 14.251638 23
-12.298797 -1.7479904 14.34537 26
-14.635285 -2.8681929 13.226287 41
-14.466985 -2.7252862 14.217377 13
-13.362636 -2.3754764 14.269059 17
-12.257924 -1.9874952 14.348472 24
-15.189274 -3.3354862 13.828878 18
-14.362986 -3.0277572 14.176578 16
-13.276632 -2.6431153 14.234378 27
-12.202922 -2.2244747 14.337205 24
-15.000974 -3.6473699 13.730516 37
-14.26467 -3.3294318 14.15416 12
-13.212139 -2.915164 14.234397 30
-12.147457 -2.4606497 14.332177 26
-14.756996 -3.9405258 13.586599 30
-14.171326 -3.631038 14.143062 10
-13.14464 -3.1860561 14.23658 14
-12.090025 -2.6957278 14.330189 26
-14.49039 -4.2170825 13.424221 22
-14.044828 -3.9230008 14.10522 5
-13.076892 -3.4576323 14.246543 13
-12.016932 -2.9285948 14.311731 18
-14.253018 -4.4928122 13.297173 11
-13.92512 -4.2161288 14.080406 6
-13.009061 -3.729161 14.261487 13
-11.947711 -3.1616919 14.306347 15
-12.247611 -4.1332555 11.404571 2
-13.787333 -4.4978952 14.043185 4
-12.929054 -3.9965935 14.26819 12
-11.886305 -3.3952777 14.315302 14
-11.766189 -4.2553434 11.026255 36
-13.602626 -4.7641506 13.960423 6
-12.820116 -4.2534919 14.248679 14
-11.831606 -3.633491 14.335397 13
-11.622484 -4.4950986 10.990662 27
-13.533672 -5.0711265 14.013631 8
-12.747181 -4.5242729 14.27537 15
-11.76533 -3.8665655 14.346967 14
-11.433517 -4.7123294 10.91386 35
-13.389077 -5.3477654 13.989013 16
-12.637639 -4.7832255 14.267407 24
-11.691463 -4.1004157 14.353415 14
-11.25935 -4.9312301 10.856456 32
-13.270686 -5.6348438 14.000203 19
-12.514211 -5.0338211 14.249222 21
-11.617799 -4.3329806 14.367964 16
-11.354015 -5.2804923 11.090922 2
-13.128597 -5.9119449 13.99287 18
-12.424997 -5.2991672 14.276741 19
-11.519671 -4.5584421 14.354005 21
-12.959473 -6.1736207 13.961935 36
-12.317413 -5.5572791 14.289865 15
-11.427341 -4.7847905 14.353127 25
-12.789093 -6.4327745 13.933871 39
-12.181339 -5.8047781 14.274312 17
-11.326684 -5.0083547 14.34302 31
-12.625683 -6.6953101 13.921966 47
-12.065525 -6.0590596 14.290219 16
-11.226114 -5.2340298 14.342997 22
-12.430927 -6.9367414 13.878416 55
-11.926117 -6.3032932 14.281672 26
-11.13531 -5.464026 14.361201 20
-12.236666 -7.179389 13.842864 58
-11.801735 -6.5546761 14.298438 17
-11.025003 -5.6843085 14.35797 21
-12.068897 -7.4319768 13.844867 56
-11.657148 -6.795043 14.297756 23
-10.926948 -5.9139709 14.375039 25
-11.211356 -7.2123861 12.988826 2
-11.514896 -7.0372486 14.306155 25
-10.816372 -6.1373372 14.383855 34
-11.04424 -7.44414 12.990704 88
-11.350313 -7.2656708 14.290055 16
-10.694277 -6.3547544 14.380458 28
-9.8262939 -7.2040648 10.940905 2
-10.878448 -7.677381 13.002732 68
-10.754595 -7.1837511 13.682923 8
-10.571686 -6.5730386 14.383162 47
-11.338184 -8.4086437 13.847937 60
-10.480954 -7.3154154 13.520243 4
-10.44112 -6.7876053 14.377574 49
-11.124201 -8.6277695 13.82477 64
-10.862903 -7.9540067 14.290046 38
-9.8228397 -6.6464958 13.640347 13
-10.942156 -8.8680811 13.848462 66
-10.702219 -8.1846571 14.30604 16
-10.168356 -7.2105184 14.372063 69
-10.768493 -9.1227961 13.895418 70
-10.528802 -8.406805 14.310739 12
-10.029181 -7.4220686 14.374283 45
-9.0577641 -8.3188438 11.176056 3
-10.582069 -9.3638115 13.936119 60
-10.362263 -8.6365633 14.337549 11
-9.9003458 -7.6402788 14.400462 22
-8.6803045 -8.3131857 10.934229 39
-10.420117 -9.6319513 14.015388 52
-10.175153 -8.8467407 14.332907 11
-9.7431717 -7.8405199 14.386284 15
-8.522994 -8.531126 11.000171 40
-8.6675673 -8.240819 11.717598 4
-9.9966698 -9.0680637 14.351448 14
-9.589407 -8.0459614 14.387138 20
-8.3560324 -8.7436762 11.061876 39
-8.5044127 -8.4399948 11.757298 4
-9.8108301 -9.2828417 14.364869 11
-9.452219 -8.2686911 14.419493 12
-8.1894388 -8.957469 11.131637 39
-9.8257141 -10.345822 14.151495 33
-9.6291418 -9.5032167 14.392408 13
-9.2821312 -8.4603386 14.406004 13
-9.6042366 -10.559097 14.177269 44
-9.422143 -9.7003222 14.390306 12
-9.1205282 -8.6632633 14.41076 12
-9.3916969 -10.788017 14.226376 25
-9.2235317 -9.9055071 14.406489 17
-8.9622078 -8.8735952 14.434721 11
-7.8529663 -9.8571119 11.67505 2
-9.1346769 -10.958766 14.208245 15
-9.0226517 -10.110977 14.426619 17
-8.7707987 -9.0485935 14.402632 12
-8.7373505 -11.649976 13.614365 26
-8.8472691 -11.08873 14.145043 11
-8.8078156 -10.300164 14.430202 15
-8.6102219 -9.2623825 14.434505 11
-8.5597534 -11.967515 13.796783 29
-8.6115494 -11.286757 14.175663 8
-8.5947132 -10.495156 14.44519 15
-8.4364758 -9.4652386 14.455409 13
-8.356637 -12.258238 13.954136 49
-8.4079218 -11.536234 14.276359 6
-8.3829422 -10.691607 14.469224 17
-8.2650232 -9.6734266 14.486021 12
-8.1664677 -12.583534 14.154089 34
-8.1788139 -11.753632 14.343748 4
-8.1524353 -10.86433 14.466238 16
-8.0669222 -9.85077 14.474671 18
-7.5275631 -12.11292 13.467516 41
-7.9558835 -11.985741 14.433357 3
-7.936038 -11.061803 14.499697 17
-7.8875318 -10.057446 14.508972 22
-7.3223176 -12.400162 13.641109 43
-7.6881094 -12.143286 14.439898 8
-7.6920519 -11.2188 14.488768 16
-7.6844716 -10.233527 14.504905 15
-7.3003335 -13.069137 14.240288 9
-7.371532 -12.21065 14.345833 14
-7.4636412 -11.399215 14.514116 17
-7.4843864 -10.421475 14.518781 22
-6.890645 -11.943762 13.871973 10
-7.2168226 -11.554583 14.509923 4
-7.2931881 -10.625056 14.560005 21
-6.6146312 -12.058473 13.856943 2
-6.978857 -11.723247 14.530018 7
-7.0849586 -10.809052 14.575757 17
-6.4883113 -13.693856 14.543727 11
-6.618382 -12.789686 14.551994 12
-6.6490417 -11.715094 14.340077 12
-6.8619618 -10.967533 14.564078 16
-6.1800461 -13.818187 14.571291 17
-6.3447318 -12.941776 14.586366 15
-6.2099175 -11.456831 13.854095 6
-6.648468 -11.150791 14.590744 23
-5.8690128 -13.939998 14.600721 17
-6.0679517 -13.089919 14.622621 13
-6.2452888 -12.224149 14.617999 15
-6.4095526 -11.290724 14.5636 22
-5.5429802 -14.017756 14.594524 15
-5.7608209 -13.166725 14.58575 5
-5.9771485 -12.343634 14.60217 23
-6.1277909 -11.339334 14.423939 11
-5.2356701 -14.142887 14.645049 9
-5.4801698 -13.307205 14.627872 16
-5.7218046 -12.503223 14.639899 16
-5.6969185 -11.042827 13.857778 8
-4.9093828 -14.205772 14.638725 6
-5.189311 -13.420009 14.645586 17
-5.4512343 -12.622917 14.636027 16
-5.7375717 -11.838207 14.673017 18
-4.5858297 -14.281153 14.653554 16
-4.8933039 -13.517368 14.65408 13
-5.1870351 -12.762654 14.660434 15
-5.4748797 -11.943761 14.621162 4
-4.264832 -14.360594 14.683603 15
-4.5975943 -13.633834 14.692846 18
-4.917593 -12.89856 14.692786 13
-5.2306981 -12.105102 14.649124 7
-3.9500484 -14.454741 14.732697 18
-4.3018374 -13.7355 14.720341 9
-4.6309767 -12.988626 14.672344 3
-4.9911904 -12.282713 14.698256 16
-3.9846995 -13.746737 14.655699 3
-4.3580966 -13.119116 14.705484 13
-4.733644 -12.422654 14.703744 23
-3.2955689 -14.522928 14.730437 11
-3.6945074 -13.885016 14.734595 8
-4.073103 -13.209701 14.700074 14
-4.4655137 -12.536764 14.686722 17
-2.9783983 -14.594898 14.780046 10
-3.3925006 -13.958854 14.751365 11
-3.789356 -13.311755 14.711316 12
-4.2062922 -12.683075 14.712893 15
-2.652544 -14.622877 14.793141 11
-3.0864787 -14.032696 14.774328 10
-3.5074353 -13.437073 14.757236 9
-3.9427929 -12.835743 14.749362 15
-2.3293011 -14.656186 14.817561 12
-2.7804964 -14.099274 14.79933 9
-3.2126455 -13.501174 14.741413 12
-3.6672826 -12.956967 14.757353 8
-2.0060642 -14.683163 14.842929 9
-2.4714296 -14.144786 14.807101 9
-2.9227276 -13.61006 14.779078 11
-3.3918774 -13.083412 14.77646 14
-1.6815472 -14.689564 14.857224 6
-2.1635125 -14.204218 14.837168 8
-2.6302686 -13.71377 14.818752 9
-3.1127117 -13.216992 14.808574 14
-1.3617414 -14.761866 14.944082 5
-2.3329999 -13.786469 14.830969 10
-2.8283319 -13.338359 14.832416 14
-1.0370681 -14.706177 14.906736 7
-2.0329282 -13.893056 14.885373 3
-2.5329514 -13.399187 14.795532 4
-0.7177583 -14.629087 14.857325 4
-1.2300885 -14.362788 14.947573 6
-1.7287129 -13.954916 14.899406 7
-2.2439148 -13.555806 14.872584 9
-0.40080747 -14.555112 14.816722 8
-0.91393298 -14.361072 14.939337 4
-1.4211274 -13.999398 14.899695 8
-1.9437562 -13.658688 14.892531 9
-0.095244393 -14.325885 14.624035 5
-0.59908175 -14.376108 14.957731 5
-1.112461 -14.05241 14.916503 9
-1.6416155 -13.748761 14.907729 8
0.19724073 -14.055566 14.393427 4
-0.2862657 -14.349775 14.939706 5
-0.80143917 -14.102645 14.939096 6
-1.3336843 -13.810692 14.896436 8
0.48268831 -13.844641 14.229275 6
0.018057043 -14.18211 14.777535 6
-0.48899716 -14.168262 14.982718 6
-1.0232759 -13.931795 14.957606 8
0.76961344 -13.696308 14.136733 3
0.31032297 -13.968793 14.577415 4
-0.17439421 -14.189843 14.986043 7
-0.70958036 -13.973947 14.938907 8
1.1926521 -14.563632 15.105224 5
0.59650266 -13.773362 14.399331 5
0.12277623 -13.953909 14.72452 4
-0.39156076 -14.082915 14.997884 6
1.4989794 -14.47368 15.089149 5
0.86756569 -13.52336 14.170882 4
0.42935809 -13.901312 14.66124 4
-0.074088223 -14.045531 14.909711 5
1.8141479 -14.439829 15.138168 4
1.1522557 -13.431147 14.113231 3
0.71879506 -13.722534 14.473595 4
0.23376165 -13.902848 14.715922 4
2.1116567 -14.327914 15.111712 4
1.6159426 -14.361275 15.147009 5
0.99202818 -13.479737 14.224359 4
0.53837305 -13.790689 14.563172 6
2.4315264 -14.320748 15.200775 5
1.9285662 -14.318834 15.158764 4
1.2829536 -13.385848 14.140219 2
0.82957119 -13.600846 14.335258 4
2.7281642 -14.21779 15.197145 8
2.245297 -14.28588 15.186504 6
1.7562412 -14.306504 15.141603 7
3.0219846 -14.109299 15.192638 6
2.5458767 -14.183809 15.148691 7
2.0860646 -14.311563 15.176161 4
1.5967774 -14.390256 15.141781 5
3.3225443 -14.033833 15.2419 7
2.861923 -14.156658 15.209304 7
2.4041464 -14.264938 15.175333 6
1.9307473 -14.38279 15.140651 4
3.6219923 -13.945662 15.273113 4
3.1759489 -14.099493 15.235503 7
2.7327957 -14.246008 15.201783 5
2.2719047 -14.387988 15.15035 7
3.9051538 -13.815231 15.264899 4
3.4884171 -14.035127 15.25926 4
3.0645475 -14.222637 15.233487 7
2.6280386 -14.426032 15.205075 5
4.2055435 -13.738103 15.320653 5
3.8009961 -13.967694 15.286824 4
3.4071877 -14.226294 15.29804 5
2.9721923 -14.404006 15.201342 5
4.4844484 -13.600896 15.318187 5
4.1175256 -13.913678 15.337411 5
3.7362943 -14.17438 15.311473 4
3.3234642 -14.398362 15.225807 8
4.7715158 -13.489161 15.349032 7
4.404861 -13.772611 15.299778 7
4.0492606 -14.074434 15.28047 5
3.6656995 -14.349463 15.210773 8
5.0521703 -13.365015 15.369571 3
4.7136283 -13.687433 15.326227 6
4.388093 -14.039192 15.328813 8
4.0478582 -14.407545 15.319794 4
5.3420391 -13.261978 15.420035 5
5.024529 -13.606727 15.367598 7
4.7117357 -13.955134 15.330106 5
4.3928523 -14.33514 15.298978 5
5.5929265 -13.081181 15.389091 9
5.3269382 -13.500311 15.387263 4
5.0654521 -13.940106 15.417433 5
4.7600818 -14.315731 15.344886 6
5.8767967 -12.961405 15.437459 8
5.6172123 -13.367632 15.386626 7
5.3911066 -13.845609 15.423809 5
5.1017408 -14.22144 15.314649 5
4.9659557 -10.678404 12.865085 2
5.9125452 -13.243587 15.399169 6
5.7037106 -13.716319 15.400561 5
5.4643822 -14.170879 15.345428 5
5.1740518 -10.535446 12.860962 12
6.2163606 -13.136956 15.44145 6
6.032589 -13.622305 15.42554 7
5.842185 -14.132345 15.399623 5
6.6060672 -12.409516 15.375196 4
6.5109582 -13.007217 15.462594 4
6.354898 -13.509567 15.437353 7
6.206552 -14.058896 15.426337 7
6.8955588 -12.301169 15.461936 5
6.7577424 -12.797428 15.398286 6
6.6900625 -13.411226 15.477278 7
6.5690975 -13.974765 15.448694 7
7.1433825 -12.134533 15.480746 8
7.0596447 -12.676773 15.44457 6
7.0040488 -13.276004 15.480207 4
6.9367838 -13.886614 15.481141 6
7.3670492 -11.929228 15.454046 9
7.3235607 -12.499238 15.429089 5
7.3365164 -13.16072 15.51597 4
7.2937984 -13.773611 15.492483 3
7.5910335 -11.727115 15.438177 7
7.5917568 -12.324274 15.423769 8
7.6281323 -12.978953 15.481204 8
7.6545377 -13.655964 15.509048 6
7.8213587 -11.539533 15.445577 8
7.8649044 -12.153944 15.43346 8
7.9209542 -12.799965 15.458362 10
7.9970245 -13.501482 15.494322 11
8.0325975 -11.328082 15.424803 10
8.1426735 -11.99279 15.45985 8
8.2221756 -12.628827 15.455229 11
8.3360558 -13.339759 15.481553 11
8.2590179 -11.13775 15.436018 9
8.3971682 -11.799294 15.451569 11
8.547616 -12.4862 15.494092 10
8.6825848 -13.180518 15.484948 13
8.453887 -10.912643 15.408646 12
8.622016 -11.57046 15.403574 10
8.8142242 -12.265472 15.444346 14
9.017478 -13.003208 15.475238 7
8.6570311 -10.69858 15.396059 12
8.867341 -11.365335 15.396311 13
9.1228809 -12.095874 15.469233 15
9.349453 -12.817307 15.465607 13
8.8701496 -10.499952 15.410576 13
9.1113434 -11.159482 15.389197 10
9.3922625 -11.873048 15.435515 14
9.6813374 -12.6219 15.453948 16
9.0463829 -10.261083 15.37145 10
9.3333092 -10.928597 15.356022 8
9.680584 -11.672617 15.437149 13
10.005499 -12.412606 15.43974 18
9.2182169 -10.024307 15.341048 14
9.5713968 -10.718836 15.362885 15
9.9513988 -11.452806 15.42453 15
10.356178 -12.235681 15.476793 6
9.4347134 -9.8280792 15.376085 9
9.7869291 -10.486044 15.336679 17
10.20565 -11.213236 15.3906 16
10.626475 -11.961957 15.399632 17
9.6004181 -9.5886126 15.346047 12
10.022751 -10.270352 15.347511 14
10.47632 -10.988983 15.388693 14
10.932431 -11.728207 15.384847 20
9.7725401 -9.3589993 15.333804 12
10.250501 -10.048228 15.352407 17
10.731407 -10.749233 15.371933 18
11.262388 -11.510365 15.402 17
9.9524984 -9.1347742 15.338603 7
10.443834 -9.7943058 15.314616 6
10.961286 -10.485068 15.328398 8
11.529656 -11.232514 15.347677 6
10.087597 -8.8749962 15.285055 17
10.663925 -9.5606346 15.319713 17
11.239573 -10.260215 15.351541 15
11.837138 -10.98617 15.349205 21
10.270582 -8.6558914 15.304056 17
10.857471 -9.3095751 15.299215 15
11.483557 -10.001678 15.336951 15
12.130005 -10.724957 15.340538 17
10.41358 -8.4083881 15.277258 17
11.053496 -9.0589294 15.284404 15
11.720366 -9.7404327 15.32329 15
12.404441 -10.441523 15.314003 18
10.586894 -8.1821442 15.297173 17
11.254521 -8.8127537 15.285696 16
11.943273 -9.4668036 15.300014 12
12.723459 -10.195473 15.352226 15
10.720307 -7.9313445 15.269734 13
11.465786 -8.5736284 15.308877 12
12.177021 -9.1990595 15.295506 16
12.964115 -9.8822289 15.302176 19
10.875687 -7.6964378 15.277865 17
9.698494 -7.0302448 12.91801 86
12.402466 -8.9224997 15.289084 16
13.224051 -9.5834494 15.284983 18
10.98846 -7.4325624 15.232705 24
11.805723 -8.0347586 15.263237 14
12.623687 -8.639905 15.279775 15
13.470467 -9.2702093 15.258965 17
11.119962 -7.1813183 15.220281 23
11.971377 -7.7614608 15.243802 14
12.812632 -8.3387098 15.243529 15
13.732848 -8.9652834 15.255219 16
11.262443 -6.9402518 15.227297 17
12.156497 -7.4983068 15.255368 18
13.052891 -8.0664177 15.273054 15
13.958846 -8.6387825 15.22557 17
10.603471 -6.2658772 14.245148 3
12.31723 -7.2236476 15.244879 9
13.245912 -7.7628784 15.255804 14
14.202916 -8.3200521 15.221331 19
10.768715 -6.057003 14.303351 6
12.42191 -6.9213591 15.180536 19
13.408568 -7.4462295 15.218322 17
14.431492 -7.9874592 15.210482 23
10.940066 -5.8501868 14.372613 8
12.577034 -6.6430497 15.175585 15
13.60063 -7.142767 15.215518 17
14.683298 -7.6658483 15.229537 14
11.069118 -5.6188288 14.394575 15
12.733137 -6.3646502 15.18164 19
13.698937 -6.7933116 15.122046 6
14.856977 -7.3057346 15.181592 18
11.363103 -5.457037 14.61299 11
12.855206 -6.0691891 15.150215 17
13.944571 -6.5077405 15.188466 18
15.05226 -6.9486628 15.157389 9
11.630835 -5.2788301 14.806827 13
13.050231 -5.8059788 15.21073 8
14.112102 -6.1873269 15.1832 16
15.247042 -6.5914698 15.150664 16
11.86764 -5.0769243 14.967315 12
13.13931 -5.4955277 15.166637 17
14.21427 -5.8405514 15.124005 10
15.421516 -6.224205 15.129315 17
12.068357 -4.8592386 15.086979 17
12.438652 -4.9021707 14.277392 3
14.411816 -5.528316 15.164235 16
15.509624 -5.8289604 15.037318 5
12.248999 -4.6286793 15.185561 14
12.579685 -4.6333866 14.304239 8
14.5616 -5.1964011 15.160336 20
15.44848 -5.3828392 14.818307 9
12.304664 -4.3530498 15.142056 18
12.833907 -4.3970881 14.454611 13
14.617673 -4.8353362 15.075375 10
15.676315 -5.033124 14.870047 24
12.391574 -4.0924749 15.140984 18
13.062617 -4.1485848 14.575883 12
14.62457 -4.4651241 14.945503 4
15.088684 -4.4604774 14.200721 28
12.430792 -3.8143885 15.089053 16
13.381695 -3.9128053 14.800136 14
13.842343 -3.8922393 14.076177 29
13.790356 -3.7404222 12.931633 51
12.568655 -3.5629549 15.153234 5
13.674835 -3.6625483 15.000432 16
13.548773 -3.4745879 13.690349 48
13.725205 -3.3667812 12.766966 61
12.618073 -3.288686 15.125227 17
13.697375 -3.3425496 14.929519 7
13.871027 -3.2052221 13.89694 58
14.086383 -3.0842144 12.980813 63
12.658713 -3.0133505 15.092115 18
13.597162 -2.9977973 14.737515 12
13.840427 -2.8589737 13.778738 41
14.036099 -2.7150624 12.847834 43
12.728459 -2.7438574 15.099698 18
13.828009 -2.7211595 14.891146 18
13.672355 -2.4917057 13.539031 79
13.751173 -2.3166497 12.522058 45
12.718255 -2.4591615 15.019828 11
13.618531 -2.3660758 14.607397 33
13.554346 -2.1446762 13.356614 68
13.448757 -1.9329309 12.192715 59
12.671624 -2.1724508 14.906521 6
13.162301 -1.9890062 14.082884 30
13.278403 -1.7824832 13.036962 50
13.172577 -1.5655398 11.896048 58
12.699367 -1.8972648 14.880986 5
12.910708 -1.6576283 13.775033 44
13.046767 -1.4421396 12.768744 56
12.898848 -1.2120686 11.612415 55
12.648392 -1.6126686 14.779659 8
12.73971 -1.3438885 13.556972 58
12.772085 -1.1074903 12.473643 52
12.643863 -0.87580496 11.356283 59
12.72151 -1.3450316 14.81651 22
12.641609 -1.0449868 13.417336 96
12.543203 -0.78979146 12.223898 67
12.403552 -0.55365771 11.117239 67
12.589657 -1.058006 14.630331 26
12.507579 -0.74695069 13.246975 60
12.309438 -0.48229772 11.977131 70
12.065992 -0.24018139 10.803313 65
12.227806 -0.76660079 14.203013 37
12.287202 -0.45509282 12.997312 51
12.085667 -0.18638445 11.747729 64
11.690962 0.056147505 10.470729 58
11.99513 -0.49386013 13.919798 32
12.040025 -0.17247009 12.730176 55
11.872103 0.10024686 11.532849 76
11.456184 0.33974037 10.259339 70
11.800247 -0.23077852 13.688182 52
11.834293 0.099534012 12.507838 67
11.666759 0.37559918 11.334538 77
11.241216 0.61295092 10.071265 71
11.670559 0.022678442 13.529707 57
11.654902 0.36264831 12.319067 51
11.460423 0.64334619 11.141187 75
10.392155 0.82645071 9.3650179 62
11.585503 0.27455816 13.42321 65
11.458659 0.61904591 12.11856 56
10.349471 0.82915443 10.135896 66
10.218215 1.0704184 9.2232161 70
11.469613 0.52231455 13.290309 68
10.29042 0.79372162 10.971385 51
10.183399 1.065219 9.9900093 74
10.113106 1.3176759 9.1441326 48
10.244377 0.68900508 11.967233 2
10.143054 1.0178777 10.829339 71
10.074254 1.3010867 9.9012489 52
10.517558 1.6370478 9.4948196 43
10.175783 0.90662616 11.895885 50
10.016811 1.2380977 10.715174 69
10.454414 1.602473 10.261272 57
10.543206 1.9110056 9.5401297 75
10.046315 1.1186929 11.763738 59
10.280877 1.5111634 10.988273 45
10.281621 1.8309335 10.124627 71
10.389992 2.152467 9.4390364 77
10.041203 1.3437744 11.767076 35
10.54787 1.8010712 11.269194 75
10.158102 2.0634871 10.038065 68
10.375688 1.6208129 12.13988 25
10.397117 2.0244451 11.145187 74
10.014121 2.2902222 9.9389114 68
10.47932 1.8755045 12.268024 53
10.220695 2.2380404 10.998718 73
9.9261436 2.5232625 9.8936949 70
10.318143 2.0829995 12.111466 48
9.9889002 2.433146 10.798503 66
9.8372555 2.7551134 9.8505697 67
10.159581 2.2878528 11.9667 45
9.7528687 2.6202357 10.600288 68
9.7100496 2.9748788 9.7801285 60
9.9975786 2.4873271 11.82304 50
9.5392122 2.8054194 10.431684 70
9.6305161 3.2065742 9.7587252 39
9.8440247 2.6843915 11.691245 59
9.3790236 2.9981649 10.31705 71
9.5301847 3.4301798 9.722765 28
9.7024813 2.8813133 11.576237 57
9.2636671 3.2018831 10.251516 63
9.4765558 3.67172 9.735815 3
9.5558338 3.0744946 11.459346 57
9.1249313 3.3952541 10.166513 67
9.4176216 3.2643671 11.355442 58
8.9733725 3.5821414 10.073834 70
9.2624922 3.4482851 11.235757 54
8.8425522 3.7722213 10.004664 70
9.1184263 3.6317372 11.132875 58
8.7044153 3.958777 9.9326563 72
8.9951115 3.8211727 11.058572 52
8.5776348 4.1470723 9.8764305 72
8.8450413 3.9973247 10.954859 62
8.4670258 4.341907 9.8408585 71
8.1263237 5.0446391 8.4082737 2
8.6992416 4.1738706 10.86007 55
8.356822 4.5358229 9.810298 69
7.9624724 5.2215085 8.3648405 3
8.4938612 4.3196754 10.702621 53
8.2592506 4.7371836 9.7974577 77
7.8410802 5.4254155 8.3644218 4
8.3230791 4.4782643 10.588447 57
8.1479769 4.9318066 9.7779226 70
7.7294474 5.6358037 8.379776 84
8.1520157 4.631484 10.475319 56
8.0402651 5.1286931 9.7633038 68
7.5928607 5.8282576 8.3767252 100
8.0010262 4.7925663 10.388766 64
7.9320192 5.3243532 9.7537069 63
7.6637034 5.6695533 8.9987621 83
6.7879529 5.5285258 7.7067266 88
7.8643365 4.9595575 10.323908 63
7.7778249 5.4907413 9.7001772 73
7.0714269 5.5293221 8.4976273 14
6.6578236 5.7020574 7.7077122 83
7.7321925 5.1291475 10.265947 63
7.6358876 5.6623383 9.6603832 84
6.7504754 5.5601163 8.2802086 85
6.5245595 5.8724246 7.7097812 82
7.612113 5.3049464 10.22872 58
7.5265961 5.8587217 9.6628017 88
6.5982995 5.7092819 8.2477865 64
6.4470387 6.0912247 7.775454 3
7.4849887 5.4764013 10.1866 65
6.739912 5.5546637 8.8843813 72
6.4960403 5.8989587 8.2729607 83
6.8780522 6.7653265 8.3981953 82
7.3484116 5.6433964 10.134919 60
6.613133 5.7194028 8.8657379 76
6.9746819 6.5829139 8.9683065 83
6.7460146 6.9626312 8.4292812 68
6.7344289 5.4597807 9.4944725 40
6.4875712 5.8806992 8.8514481 84
6.833838 6.7632608 8.9719934 90
6.650672 5.6467414 9.5100679 61
6.4010525 6.074183 8.89007 6
6.7311149 6.9771667 9.0258226 58
6.5279927 5.8071671 9.4848595 59
6.8342099 6.737709 9.5818033 79
6.4014273 5.9700503 9.4629164 32
6.6983976 6.9197598 9.5869942 72
6.7091889 6.5072937 10.014094 51
6.5937467 7.1336174 9.6381998 57
6.5752301 6.6784492 9.995163 63
6.4451909 7.3083215 9.634511 58
6.443038 6.8544374 9.9871626 60
6.30686 7.4949536 9.6555462 62
6.3028221 7.0224347 9.9713726 61
6.1478667 7.6598077 9.6501274 69
6.175045 7.2020512 9.9802675 63
5.9957733 7.8301768 9.6595411 76
6.0402231 7.3803406 9.9843025 60
5.8250756 7.9858088 9.6524124 77
5.9016767 7.5605478 9.9923906 60
5.652494 8.1376419 9.6453476 70
5.1066551 9.1324215 9.0084066 3
5.7593145 7.7364006 9.9995337 64
5.478056 8.2922544 9.6431684 65
5.6202703 7.9249749 10.019598 50
5.3024149 8.4470329 9.6423702 69
5.1291323 9.1300802 9.5292263 14
5.4825172 8.115077 10.04768 61
5.1277666 8.599267 9.6492195 77
4.9376869 9.2839823 9.55021 61
5.330709 8.2917995 10.062724 60
4.968154 8.7787027 9.6864204 73
4.7635732 9.4631643 9.6057262 74
5.1902709 8.4874077 10.105552 59
4.8241143 8.9861221 9.7612724 77
4.5487523 9.5843058 9.6045599 70
4.2671595 10.200512 9.4898252 48
5.0461345 8.6870432 10.150482 66
4.6650748 9.1807613 9.8205175 73
4.3277683 9.6946764 9.5947285 76
4.0584888 10.362643 9.5495081 93
4.8781953 8.8596687 10.166452 63
4.5055895 9.3847933 9.8931713 74
4.140141 9.869112 9.656065 73
3.8373146 10.504601 9.5966406 70
4.7243295 9.0623026 10.220871 65
4.3428144 9.5961256 9.9717712 72
3.9730113 10.098094 9.7697182 82
3.5837774 10.574503 9.5821409 69
4.5778861 9.2876053 10.297059 67
4.1733103 9.8030548 10.052412 69
3.7956581 10.318191 9.8782835 71
3.1950352 10.288991 9.2574806 49
4.4968176 9.6426506 10.516769 64
4.0104489 10.030116 10.15562 79
3.6153603 10.541514 9.9958458 76
2.9820151 10.427339 9.3193083 73
4.3540444 9.8986588 10.633379 67
3.8429515 10.258794 10.264902 73
3.2528965 10.314492 9.6992474 47
2.7974691 10.652443 9.4639444 63
4.1828532 10.120767 10.712774 62
3.7364106 10.651769 10.532792 78
3.0100081 10.372992 9.6722412 79
2.8179502 11.553241 10.200597 73
4.0115857 10.356547 10.808121 70
3.36078 10.413836 10.190598 40
2.8271439 10.601724 9.8069239 75
2.6876135 12.075506 10.606063 82
3.8310788 10.591262 10.900719 79
3.0581555 10.326297 10.006933 65
2.6341486 10.822816 9.9398632 4
2.4648476 12.335672 10.78653 64
3.5325539 10.558892 10.728064 38
2.8674607 10.540314 10.111365 70
2.7224023 12.020481 10.954214 73
2.2409256 12.62566 10.996223 75
3.139333 10.264966 10.303907 46
2.6670444 10.736883 10.205774 15
2.5058458 12.289211 11.129539 77
2.0100291 12.920361 11.214533 63
2.9278474 10.421809 10.337359 62
2.7637265 11.929412 11.233631 79
2.2858114 12.57081 11.32436 74
1.7720952 13.220226 11.44769 63
2.7409599 10.64626 10.445872 53
2.5527425 12.206319 11.405156 78
2.052393 12.856894 11.523247 85
1.5255389 13.542966 11.701557 66
2.8382604 11.82679 11.469748 57
2.3291006 12.483877 11.576975 74
1.8154522 13.166985 11.747203 65
1.2703197 13.891299 11.983701 54
2.6246383 12.108736 11.624766 48
2.0978053 12.7831 11.772222 78
1.5696822 13.494085 11.992426 62
0.99905217 14.234115 12.265222 57
2.4002585 12.392235 11.782886 63
1.8568772 13.092801 11.977555 63
1.306478 13.828046 12.244097 60
0.71533048 14.601338 12.57298 51
2.1672137 12.702447 11.964001 61
1.6100436 13.419506 12.20568 53
1.0398446 14.179781 12.519276 66
0.41898263 14.962123 12.884644 82
1.930299 13.027138 12.165828 61
1.3534013 13.771401 12.456669 49
0.76142251 14.565592 12.829411 73
0.093821101 15.042683 12.961006 50
1.6797642 13.348293 12.365935 50
1.0814726 14.105472 12.699079 63
0.44359657 14.690848 12.916287 72
-0.2275265 15.330603 13.225699 69
1.4158562 13.681853 12.580194 45
0.79701054 14.416305 12.926901 101
0.13840592 14.992628 13.16757 52
-0.56548923 15.127885 13.077522 58
1.1495593 14.060013 12.84422 59
0.477438 14.535578 12.987946 53
-0.18087499 15.325493 13.450001 76
-0.89903456 15.361953 13.307981 45
0.84322786 14.265045 12.951385 71
0.17248037 14.937686 13.303572 35
-0.5284394 15.131044 13.281019 62
-1.2620691 16.387211 14.230522 3
0.53121805 14.497884 13.092243 42
-0.14543232 15.384372 13.667618 37
-0.86536908 15.326286 13.455076 37
-1.6278998 16.508343 14.381875 10
0.22030641 14.902797 13.383935 39
-0.50005686 15.149009 13.432138 54
-1.9858283 16.42872 14.367182 20
-0.093432307 15.578773 13.923589 47
-0.84649569 15.285726 13.531493 29
-2.3441613 16.3839 14.384973 27
-0.46742854 15.156428 13.494331 39
-1.9571335 16.308355 14.367828 18
-2.69291 16.274143 14.35413 9
-0.8212899 15.278935 13.553459 26
-1.5826871 16.266016 14.370707 14
-2.3192921 16.272266 14.371282 14
-3.0441 16.199116 14.364281 12
-1.9554752 16.277025 14.381049 16
-2.6796269 16.23003 14.37411 11
-3.3908329 16.099432 14.353799 19
-1.5798051 16.285185 14.365796 16
-2.3269763 16.2605 14.372726 13
-3.0355079 16.150639 14.351644 13
-3.7411098 16.035543 14.385562 8
-1.9664009 16.327343 14.377207 21
-2.7014012 16.237869 14.369459 8
-3.3984625 16.107779 14.369173 14
-4.0773396 15.907833 14.366132 13
-2.354003 16.331543 14.361061 24
-3.0741267 16.221849 14.376088 11
-3.7568488 16.04595 14.374929 8
-4.4122171 15.784993 14.355103 13
-2.7436864 16.350147 14.367561 13
-3.4440928 16.170197 14.362949 14
-4.1029005 15.928238 14.340102 14
-4.7532172 15.696686 14.385023 10
-3.1356719 16.358629 14.377527 13
-3.8160295 16.11161 14.354017 10
-4.4641747 15.885056 14.382753 18
-5.0785003 15.559257 14.376419 10
-3.5248473 16.339216 14.369757 10
-4.1886783 16.069309 14.364158 18
-4.8084369 15.765708 14.35904 10
-5.408114 15.439408 14.392775 18
-3.9145761 16.291615 14.345901 9
-4.5579929 16.006498 14.365054 11
-5.1656337 15.703861 14.397766 11
-5.7294106 15.296709 14.391521 19
-4.308423 16.256496 14.369022 16
-4.9226341 15.908285 14.367846 13
-5.4981771 15.553235 14.386081 13
-6.0527773 15.172584 14.438142 14
-4.7068915 16.247379 14.395564 10
-5.2960639 15.849714 14.388388 8
-5.8391728 15.433858 14.384425 14
-6.3614202 15.009268 14.429164 14
-5.1018109 16.189129 14.387227 13
-5.6694984 15.778731 14.405685 13
-6.1870465 15.331367 14.409515 14
-6.6884332 14.893723 14.472976 7
-5.5020399 16.152525 14.407354 8
-6.0325322 15.674646 14.397446 14
-6.5268922 15.218583 14.425537 13
-6.9806857 14.702829 14.448123 16
-5.8923011 16.065287 14.393973 14
-6.3969913 15.571413 14.40432 18
-6.8576159 15.069173 14.418921 10
-7.2832155 14.539751 14.459083 18
-6.2919645 15.999678 14.407463 15
-6.768343 15.481823 14.429229 14
-7.1956501 14.943087 14.441539 14
-7.5751958 14.359253 14.453353 17
-6.6865129 15.910968 14.408082 18
-7.1227617 15.342048 14.413774 12
-7.5118098 14.767923 14.422644 15
-7.8797579 14.203091 14.483077 11
-7.0746827 15.800285 14.398807 14
-7.4858527 15.22417 14.427967 18
-7.8576159 14.653965 14.468366 16
-8.1727743 14.031228 14.498975 16
-7.4730339 15.700754 14.408644 13
-7.8412228 15.084239 14.430417 14
-8.1628094 14.457479 14.441662 8
-8.4362087 13.807568 14.466896 16
-7.8652554 15.584629 14.414208 19
-8.2018356 14.946933 14.443831 14
-8.4823694 14.295363 14.457544 17
-8.726737 13.631799 14.493649 23
-8.2541227 15.451743 14.417274 20
-8.5477467 14.783213 14.441273 13
-8.7952013 14.118622 14.465398 15
-9.0141106 13.460078 14.529383 19
-8.6522808 15.332347 14.438498 13
-8.8935909 14.617023 14.444981 15
-9.113204 13.949188 14.486669 19
-9.0020113 12.811191 14.053316 14
-9.0250931 15.162834 14.422303 18
-8.9728756 13.983841 13.990435 4
-9.4251385 13.770643 14.507584 14
-9.534936 13.028904 14.522945 20
-9.4180002 15.021276 14.446505 20
-9.5803204 14.269207 14.459941 19
-9.707839 13.545762 14.487499 18
-9.790206 12.8121 14.527495 24
-9.7970324 14.846017 14.44716 19
-9.9201231 14.085003 14.473992 20
-10.003242 13.339548 14.492948 14
-10.044136 12.595717 14.53812 24
-10.188195 14.690259 14.476493 12
-10.256813 13.894903 14.487491 23
-10.316907 13.160887 14.537505 19
-10.299957 12.381567 14.555998 13
-10.565247 14.506881 14.489429 29
-10.59228 13.697962 14.501985 20
-10.598909 12.939727 14.540188 20
-10.53333 12.144079 14.551928 20
-10.92872 14.292066 14.482458 24
-10.910121 13.476405 14.500215 15
-10.873353 12.704917 14.535214 19
-10.777093 11.922866 14.570221 23
-11.286816 14.073487 14.479729 21
-11.233532 13.259338 14.51347 22
-11.150645 12.47943 14.546402 20
-11.001129 11.677068 14.564025 20
-11.657802 13.867934 14.499846 20
-11.543406 13.024384 14.513115 16
-11.425998 12.249475 14.563738 18
-11.233506 11.447009 14.582223 20
-12.005375 13.627514 14.495225 22
-11.86964 12.806822 14.543104 15
-11.687934 12.001538 14.563984 18
-11.455411 11.202898 14.593833 16
-12.366089 13.394695 14.513364 21
-12.172498 12.56203 14.550096 18
-11.771035 11.566598 14.340389 14
-11.668651 10.952802 14.595927 19
-12.7344 13.171601 14.549069 19
-12.382057 12.209485 14.442995 11
-12.201839 11.504478 14.581881 18
-11.860631 10.685555 14.581783 28
-13.026582 12.861065 14.498068 7
-12.736973 12.01849 14.530116 18
-12.408079 11.201737 14.535213 20
-12.038191 10.408325 14.55436 19
-13.382468 12.617595 14.529478 19
-12.967053 11.703197 14.472992 28
-12.627667 10.92386 14.517721 16
-12.223471 10.142719 14.547723 21
-13.641582 12.274391 14.460959 17
-13.243914 11.42703 14.47624 20
-12.843058 10.63986 14.502928 15
-12.398803 9.8715448 14.536644 21
-13.580914 11.637402 14.049727 2
-13.491821 11.126135 14.45871 14
-13.041677 10.341815 14.473378 6
-12.562305 9.5907421 14.514928 20
-14.248214 11.669211 14.446524 21
-13.72505 10.813384 14.429491 19
-13.259822 10.061677 14.477612 18
-12.76639 9.346962 14.55289 14
-14.485806 11.311528 14.383066 19
-13.937108 10.484383 14.384309 10
-13.431932 9.7481384 14.43551 18
-12.872946 9.023634 14.476603 25
-14.761419 10.985078 14.367851 24
-13.737912 9.8395348 13.90503 4
-13.630531 9.4530029 14.427385 10
-13.035333 8.7504406 14.474496 19
-15.034758 10.652522 14.357064 11
-14.42965 9.8823032 14.394812 15
-13.800585 9.1422262 14.39784 18
-13.169539 8.4588804 14.448337 22
-15.27889 10.301439 14.328655 21
-14.610291 9.5293427 14.342242 14
-13.985047 8.8423491 14.393862 18
-13.355126 8.203248 14.486003 14
-15.565019 9.9804163 14.35074 15
-14.835894 9.2161942 14.347153 19
-14.117479 8.5084972 14.338258 14
-13.437571 7.8830328 14.416358 39
-15.734158 9.5781937 14.265413 19
-15.022502 8.8757973 14.319603 20
-14.342969 8.2386875 14.392764 10
-13.57522 7.6026311 14.414289 24
-16.061975 9.2782993 14.342947 6
-15.207854 8.5349779 14.297821 18
-14.483958 7.9158883 14.363013 13
-13.688393 7.3071156 14.388797 27
-16.178495 8.8495865 14.230656 21
-15.384578 8.1907244 14.278921 16
-14.581871 7.5726972 14.296668 7
-13.809449 7.0206261 14.381403 28
-16.38525 8.4750795 14.209592 21
-15.537899 7.8352022 14.243725 15
-14.74592 7.2643304 14.305267 24
-13.008259 6.2506385 13.366131 3
-16.577944 8.0959053 14.188075 20
-15.73181 7.4990258 14.253759 16
-14.877442 6.9411979 14.288237 18
-13.144699 5.9982934 13.396847 10
-16.832468 7.7432809 14.230066 13
-15.870847 7.1389027 14.223038 20
-15.023335 6.6271176 14.291174 18
-13.330366 5.7695084 13.484486 21
-16.965456 7.3338575 14.170069 21
-15.601773 6.5944457 13.81704 3
-15.134625 6.299202 14.269567 21
-13.593766 5.5723481 13.664026 19
-17.104488 6.9298997 14.129744 22
-16.142727 6.4192157 14.181025 19
-15.052376 5.8891349 14.067036 10
-13.874037 5.3727369 13.859809 12
-17.25975 6.5355725 14.111603 22
-14.0906 5.1865559 12.158866 13
-15.362632 5.6460214 14.25345 17
-14.143237 5.1635523 14.048333 18
-17.408216 6.1386185 14.095069 9
-16.423424 5.7074542 14.173021 18
-14.536669 4.9748793 13.336968 7
-14.368969 4.9292693 14.194513 18
-17.53887 5.7326241 14.070312 15
-16.481489 5.3184114 14.107743 12
-14.750383 4.7080655 13.447391 19
-14.575891 4.680654 14.321532 18
-17.687847 5.335433 14.073574 22
-16.669796 4.9788947 14.168163 14
-15.088554 4.4737177 13.681656 13
-14.601161 4.3704157 14.267788 34
-17.759003 4.9105821 14.017706 19
-16.725479 4.59619 14.117634 20
-15.414071 4.2267489 13.908904 13
-14.670424 4.0750608 14.266731 31
-17.841511 4.4956903 13.982968 15
-15.891796 3.9736004 13.287817 7
-15.660467 3.947134 14.06499 11
-14.73578 3.7791929 14.263902 27
-18.026085 4.1067252 14.042913 19
-16.137581 3.6656702 13.427258 17
-15.871007 3.6531162 14.193636 19
-14.774311 3.4800155 14.243035 23
-18.118845 3.6833313 14.030029 21
-16.523428 3.3714902 13.690456 14
-15.914847 3.3024096 14.164982 21
-14.80375 3.1713834 14.21277 26
-18.152943 3.2582574 13.982259 9
-16.867102 3.062346 13.924401 14
-15.956308 2.9635057 14.144612 20
-14.879955 2.8789549 14.23861 18
-17.42552 2.7050247 13.32841 17
-17.10655 2.7196059 14.069442 18
-16.001038 2.6245892 14.13101 18
-14.917011 2.5800645 14.229704 17
-17.846842 2.3558848 13.612281 13
-17.162251 2.3418891 14.065983 18
-16.033503 2.2851198 14.116841 17
-14.944831 2.279511 14.215162 22
-18.308361 1.9984722 13.932018 16
-17.154709 1.9567213 14.014493 10
-16.114477 1.9549336 14.15191 10
-14.966156 1.9808716 14.203034 26
-18.254698 1.5707523 13.852235 9
-17.276941 1.5882826 14.0866 14
-16.153198 1.6165532 14.16011 12
-14.99789 1.683916 14.208492 26
-18.16226 1.1445223 13.749248 9
-17.248907 1.2049923 14.034844 20
-16.122297 1.2702188 14.102448 23
-15.004147 1.3840448 14.190547 26
-18.237955 0.73257703 13.78447 21
-17.278667 0.83037841 14.03721 17
-16.148802 0.93655527 14.106706 18
-15.02296 1.0867841 14.187869 26
-15.134586 0.24245004 11.312882 9
-17.245243 0.44686803 13.995248 8
-16.141666 0.59491301 14.085829 13
-14.984639 0.78514653 14.136934 14
-14.914765 -0.09867128 11.135891 27
-17.178177 0.068419553 13.933413 4
-16.201149 0.25760129 14.135894 11
-15.087076 0.49049652 14.229449 15
-17.054636 -0.30790254 13.828569 6
-16.158417 -0.081380807 14.097202 14
-15.080883 0.18993966 14.222083 17
-17.043997 -0.68078321 13.828788 17
-16.175331 -0.4212808 14.117629 17
-15.064692 -0.10937755 14.208527 17
-16.936064 -1.0474135 13.757545 27
-16.127689 -0.75636852 14.089167 15
-15.025993 -0.40538734 14.179752 26
-16.692976 -1.3985621 13.573306 25
-16.076815 -1.094489 14.061376 9
-14.996019 -0.70450467 14.159681 17
-16.41787 -1.7411088 13.363162 9
-15.975269 -1.4268858 13.990342 5
-14.969677 -1.0056914 14.151188 15
-16.171312 -2.0745673 13.1884 4
-15.853318 -1.7512383 13.908744 4
-14.994487 -1.309305 14.198074 17
-15.779074 -2.0784235 13.876879 5
-14.972481 -1.6075521 14.202942 17
-15.74826 -2.4116576 13.890873 14
-14.932977 -1.9052153 14.196484 16
-14.778164 -2.575984 13.037461 24
-14.893423 -2.2042303 14.198484 16
-14.603118 -2.8613677 12.926855 28
-14.14052 -2.379117 13.480258 21
-12.851143 -3.3217461 9.8535089 2
-12.94706 -3.0964406 10.647413 2
-14.798835 -3.2242787 13.170599 8
-14.598572 -2.7610002 13.992979 12
-12.796113 -3.3551171 10.57885 2
-14.923138 -3.5831726 13.355132 12
-14.64886 -3.0781982 14.097799 5
-12.772052 -3.3318541 11.378497 2
-14.521733 -3.3561358 14.029116 9
-12.608833 -3.5685971 11.291517 3
-14.421105 -3.6394141 13.994535 6
-12.444906 -3.8006248 11.210013 3
-14.335701 -3.9270067 13.980362 11
-12.095439 -4.3027668 10.266978 2
-12.378232 -4.0613222 11.225817 2
-14.307791 -4.2306209 14.031999 14
-11.84752 -4.1524324 10.793412 7
-14.171515 -4.5014062 13.973898 18
-13.207268 -5.7395973 10.808695 6
-11.660553 -4.3611221 10.693335 19
-14.036109 -4.7753644 13.919869 25
-13.029641 -6.0143857 10.776854 10
-11.496014 -4.573307 10.620827 27
-11.694624 -4.2050624 11.527308 6
-12.047817 -5.8654003 10.033213 3
-11.360058 -4.7923326 10.582049 22
-11.557972 -4.418541 11.463432 11
-12.666162 -6.540885 10.725368 33
-11.239633 -5.0174961 10.561601 11
-11.424618 -4.6309938 11.409622 23
-12.480226 -6.8009591 10.702994 44
-11.300928 -5.3360624 10.736422 2
-11.285975 -4.8397055 11.355853 26
-12.275221 -7.0422158 10.669392 56
-11.251742 -5.0970812 11.41959 8
-12.100455 -7.3041739 10.668611 60
-12.926022 -6.2291088 13.381608 8
-11.899878 -7.547091 10.650988 75
-12.76649 -6.477468 13.334776 4
-11.05728 -7.3316951 10.006669 51
-10.869221 -7.5552025 9.9983959 59
-10.532833 -6.3830304 10.569987 2
-10.733687 -7.8230405 10.051178 49
-10.345138 -7.0571494 10.075163 3
-10.595759 -6.1593103 11.270729 2
-11.15992 -8.5518665 10.690193 74
-10.973985 -8.8014851 10.715122 79
-10.784881 -9.047925 10.740967 69
-10.594691 -9.2971458 10.773818 53
-9.7341127 -7.3886175 10.479119 2
-10.400339 -9.5428438 10.810555 44
-9.8292656 -7.1476641 11.106889 3
-10.216664 -9.8026619 10.864632 29
-10.021262 -10.050153 10.913509 18
-9.2699766 -8.0088739 10.504612 2
-9.8236303 -10.297896 10.966318 9
-9.1024389 -8.2031221 10.506207 2
-8.9979372 -9.7984171 10.238391 2
-8.9521666 -8.420269 10.535892 4
-8.8166695 -8.6580791 10.596231 3
-8.6377487 -8.8482523 10.601551 3
-8.7482252 -8.1904163 10.853756 31
-8.4681053 -9.0531759 10.62698 3
-8.5986719 -8.3991461 10.87145 36
-8.0463514 -9.704896 10.270844 1
-8.2811203 -9.2384462 10.634041 3
-8.4409618 -8.6004257 10.883325 40
-7.8214788 -9.8560429 10.261172 2
-8.1228189 -9.4635153 10.691252 2
-8.2803345 -8.8005619 10.898259 37
-7.6394267 -10.069942 10.321854 3
-8.1410189 -9.0320272 10.95387 9
-7.4770799 -10.323071 10.423252 3
-7.6207633 -10.143261 10.877424 2
-7.9944344 -9.6991186 11.303351 2
-6.804656 -11.200729 10.281939 3
-7.8166432 -9.9082623 11.332118 2
-4.8065572 -13.409152 11.443983 13
-6.434823 -14.561422 13.677238 17
-6.9449439 -13.950836 13.832771 33
-4.570621 -13.718595 11.643455 15
-4.9783883 -13.189102 11.699445 12
-6.2344446 -15.03324 13.982645 26
-6.7646294 -14.426636 14.126369 31
-4.9924359 -16.756924 14.184884 19
-4.7322364 -13.465707 11.87197 15
-5.9757385 -15.399845 14.199858 27
-6.5151596 -14.761429 14.280117 31
-4.6859288 -17.144695 14.453805 15
-5.2072625 -16.471958 14.440397 15
-5.7118053 -15.793787 14.422209 20
-6.2384925 -15.063041 14.393295 24
-4.2761106 -17.101223 14.358563 7
-4.8112259 -16.46089 14.336598 5
-5.3520703 -15.87511 14.371248 4
-5.9278922 -15.281011 14.431497 6
-3.8980205 -17.176176 14.377138 8
-5.0060606 -16.008244 14.374413 8
-5.5498252 -15.292798 14.283275 23
-3.4632995 -16.893583 14.101493 6
-3.1957526 -17.737812 14.775562 7
-3.7725058 -17.066393 14.637188 6
-2.8221104 -17.75864 14.781404 7
-3.3623426 -16.805773 14.364988 9
-4.0319095 -16.748966 14.733092 12
-4.6628408 -16.225294 14.720026 4
-2.4277148 -17.800491 14.799599 5
-2.9451935 -16.49704 14.047362 5
-3.6655674 -16.867073 14.739936 9
-4.304956 -16.358702 14.704978 12
-2.0405033 -17.845716 14.825827 6
-2.6607809 -17.330065 14.712442 4
-3.253917 -16.682095 14.495386 5
-3.9466419 -16.522301 14.724513 11
-1.6508639 -17.858446 14.834455 7
-2.2899415 -17.491331 14.811737 8
-2.8311236 -16.340685 14.123256 6
-3.583086 -16.670429 14.738814 7
-1.2605323 -17.869892 14.847014 6
-1.9092077 -17.585112 14.858097 8
-2.5504405 -17.24304 14.835543 7
-3.1878898 -16.631199 14.594536 11
-0.87214661 -17.890568 14.875321 4
-1.5207961 -17.615778 14.855747 8
-2.1692331 -17.316641 14.833967 8
-2.7564893 -16.253141 14.157789 6
-0.48529601 -17.917488 14.911632 6
-1.7832372 -17.393333 14.846707 9
-2.4611149 -17.160328 14.861276 7
-0.086564541 -17.898602 14.937295 7
-1.3861206 -17.476448 14.879848 5
-2.0644467 -17.211269 14.826003 7
0.29954928 -17.882299 14.957383 7
-0.35070977 -17.694191 14.903713 8
-0.99298686 -17.584356 14.925123 7
-1.6684363 -17.35289 14.856882 7
0.68983322 -17.860003 14.971399 5
0.046924282 -17.748856 14.943045 8
-0.59668833 -17.616844 14.914526 7
-1.2735138 -17.49177 14.90169 5
1.0816681 -17.870092 15.026109 5
0.43937346 -17.771402 14.972971 5
-0.199222 -17.714533 14.969301 9
-0.87109089 -17.54563 14.880262 11
1.4679321 -17.843588 15.05752 7
0.83601558 -17.790461 15.003085 5
0.20335686 -17.76165 14.989937 9
-0.46203449 -17.674192 14.925971 12
1.8538132 -17.814548 15.089723 8
1.2348166 -17.843115 15.069116 6
0.60130584 -17.755362 14.969793 6
-0.050422464 -17.759062 14.945606 7
2.2370074 -17.773758 15.120066 7
1.6214409 -17.784365 15.049257 7
1.0089206 -17.805693 15.002245 4
0.36490193 -17.844631 14.973431 8
2.6226788 -17.726715 15.154537 5
2.0192215 -17.791098 15.091179 9
1.4212457 -17.875713 15.063898 8
0.78974801 -17.931593 15.007992 7
2.9918921 -17.617317 15.14039 10
2.4169567 -17.763939 15.114058 8
1.8297645 -17.884108 15.079728 8
1.2197524 -18.041466 15.070142 6
3.3839877 -17.598618 15.210067 9
2.8161471 -17.752405 15.155657 5
2.2498233 -17.910332 15.117987 6
1.6488488 -18.048409 15.056842 9
3.7627919 -17.5054 15.222343 10
3.220855 -17.717205 15.181833 9
2.6647463 -17.891397 15.124413 8
2.091341 -18.115677 15.096726 7
4.1307673 -17.397882 15.231367 7
3.6147647 -17.664011 15.203955 9
3.0880265 -17.920025 15.17965 7
2.5288484 -18.14986 15.118767 7
4.520647 -17.35568 15.299305 7
4.0108953 -17.610697 15.228213 8
3.5089729 -17.89888 15.197243 10
2.9850373 -18.241938 15.196122 8
4.87922 -17.22114 15.290524 8
4.4187074 -17.589703 15.287107 4
3.9275544 -17.874779 15.217589 10
3.4275222 -18.227398 15.192498 8
5.2464867 -17.114788 15.316915 7
4.7998629 -17.464441 15.264497 9
4.3456864 -17.821898 15.229283 9
3.8761196 -18.227278 15.210361 10
5.6225071 -17.023548 15.364047 9
5.207284 -17.425396 15.326069 8
4.7778082 -17.801466 15.275156 6
4.3365541 -18.243727 15.257995 8
5.9775953 -16.880358 15.373393 5
5.5969434 -17.330679 15.348151 10
5.2069726 -17.766209 15.317968 7
4.7981973 -18.236574 15.290417 7
6.3412337 -16.751589 15.403871 7
5.9968982 -17.23811 15.378374 8
5.5653563 -17.517851 15.183912 7
5.1389842 -17.854904 15.017804 8
6.6868677 -16.58674 15.404789 7
6.3116813 -16.95295 15.246947 6
5.9057817 -17.242428 15.035571 10
5.5048261 -17.574312 14.841742 7
7.0467033 -16.448942 15.445531 8
6.6400285 -16.699457 15.153452 8
6.2505054 -16.978926 14.909288 6
5.8766232 -17.324663 14.701526 9
7.3318443 -16.165197 15.34875 10
6.9517384 -16.437559 15.050108 6
6.596406 -16.739466 14.801246 9
6.2274599 -17.042833 14.53465 11
7.6460314 -15.953533 15.322197 9
7.2223291 -16.093971 14.878483 14
6.9323206 -16.486309 14.688521 9
6.5921421 -16.801954 14.411703 5
7.9444838 -15.714793 15.274613 7
7.5792842 -15.940004 14.887367 9
7.2515292 -16.209457 14.564789 9
7.6017537 -17.923857 15.4755 6
8.2464628 -15.491432 15.247268 11
7.9008327 -15.714225 14.831723 8
7.5916944 -15.983728 14.490841 8
8.0777149 -17.839895 15.515256 7
8.5268984 -15.235037 15.193357 11
8.2120819 -15.477223 14.77415 9
7.9022708 -15.705016 14.371735 8
8.5186577 -17.678663 15.494469 6
8.8356199 -15.030811 15.194737 11
8.5256529 -15.249706 14.733497 10
8.2513351 -15.509784 14.340699 4
9.0162258 -17.610306 15.568837 14
9.0999308 -14.763855 15.137775 16
8.8212709 -14.99704 14.670823 9
9.5479193 -16.825815 15.73441 7
9.4892902 -17.484875 15.601814 12
9.4132366 -14.568019 15.15812 12
9.1275167 -14.764742 14.634808 11
9.9119139 -16.572008 15.67804 7
9.9801235 -17.366974 15.653298 7
9.6941099 -14.325009 15.134412 11
9.4471607 -14.548637 14.618745 13
10.28441 -16.324465 15.634762 13
10.436556 -17.186995 15.661189 8
9.7809191 -13.841163 14.856872 49
9.7425537 -14.29988 14.580611 15
10.660101 -16.090115 15.613115 14
10.870981 -16.965551 15.639412 18
10.269452 -13.871333 15.139902 17
10.062962 -14.086029 14.582102 16
11.055227 -15.869303 15.61385 15
11.305139 -16.7404 15.626005 16
10.580512 -13.67205 15.179961 17
10.359913 -13.845854 14.562382 16
11.420764 -15.619871 15.595479 18
11.715249 -16.481659 15.58856 12
10.849571 -13.422225 15.171186 19
10.64933 -13.594169 14.539049 12
11.796449 -15.3701 15.584262 16
12.153394 -16.24897 15.593059 19
11.148355 -13.209274 15.209574 17
10.97712 -13.383595 14.561899 16
12.158075 -15.102267 15.565424 21
12.552058 -15.957838 15.548698 20
11.449126 -12.992945 15.253047 16
11.27775 -13.141871 14.564324 17
12.511834 -14.822657 15.540488 18
12.982924 -15.708335 15.551398 7
11.768143 -12.79209 15.316853 18
11.584696 -12.906026 14.576356 15
12.90367 -14.582966 15.568995 19
13.385047 -15.414847 15.523779 19
12.023408 -12.528102 15.313287 17
11.905945 -12.680015 14.606849 14
13.220834 -14.263952 15.520654 14
13.814839 -15.152033 15.538865 16
12.272626 -12.259386 15.310894 13
12.214963 -12.440393 14.632258 16
13.560795 -13.961123 15.498841 4
12.613825 -12.068342 15.413499 19
12.517674 -12.19188 14.656457 17
13.889181 -13.654065 15.481464 17
12.848824 -11.786146 15.408126 16
12.844627 -11.961987 14.711618 14
14.232798 -13.35468 15.483161 16
14.979764 -14.198225 15.490255 16
13.079135 -11.498329 15.399127 18
13.163548 -11.71719 14.758093 17
14.574054 -13.049626 15.487293 16
13.288555 -11.186228 15.359682 6
13.490705 -11.471151 14.810823 17
14.850219 -12.678916 15.423727 15
13.536527 -10.914621 15.383351 17
13.808046 -11.214488 14.861606 16
15.156022 -12.340343 15.406204 15
16.074125 -13.139338 15.423978 19
13.754383 -10.61714 15.378995 18
14.121905 -10.950377 14.918399 17
15.474555 -12.006325 15.406066 12
13.942957 -10.299571 15.349051 22
14.466795 -10.706407 15.008263 16
15.78273 -11.664056 15.407602 16
14.181123 -10.01623 15.377331 15
14.748368 -10.411081 15.041071 14
16.07999 -11.311989 15.403563 19
17.122927 -12.01825 15.396278 19
14.362176 -9.6981745 15.352571 18
15.13159 -10.175593 15.17012 18
15.31609 -10.289173 14.459331 5
17.323137 -11.542241 15.27678 7
14.535757 -9.3728962 15.328532 17
15.459802 -9.8981514 15.253726 16
15.573319 -9.9383526 14.447935 9
17.757408 -11.210179 15.3599 17
14.688737 -9.0362501 15.283853 19
15.715765 -9.5684128 15.273554 15
15.918911 -9.636857 14.521067 9
17.966185 -10.738908 15.262934 9
14.864575 -8.7163944 15.271895 16
15.953376 -9.2302227 15.280865 15
16.274441 -9.330019 14.601962 13
18.296745 -10.338109 15.274908 20
15.102947 -8.4271355 15.320095 7
16.185572 -8.8873615 15.289412 16
16.655792 -9.0317268 14.711577 16
18.585173 -9.9080639 15.26338 8
15.26309 -8.0968513 15.304497 13
16.266937 -8.4690962 15.172848 7
17.07403 -8.7416096 14.858371 20
18.402321 -9.2525883 14.896591 6
15.365292 -7.7402444 15.239676 23
16.523434 -8.1302643 15.215481 20
17.422083 -8.4057064 14.949513 16
17.27704 -8.1949329 13.827799 75
15.549109 -7.4222383 15.257646 6
16.750751 -7.7830863 15.243722 13
17.594442 -7.9868126 14.906629 20
17.696823 -7.8623438 13.954494 61
15.681359 -7.0810232 15.231395 17
17.588404 -7.4910874 14.722365 20
17.466413 -7.2623477 13.609381 44
15.837231 -6.7483897 15.228267 15
16.791246 -6.7134309 13.927398 22
16.96797 -6.5839882 13.075626 38
15.890014 -6.377378 15.14302 5
16.853369 -6.4956822 14.858875 22
16.589794 -6.193119 13.623403 60
16.486767 -5.9517093 12.580173 35
15.788879 -5.9570107 14.925735 9
16.093061 -5.8142672 14.092793 23
16.200279 -5.6289396 13.189069 29
16.056255 -5.3681922 12.140364 36
16.013805 -5.652205 15.006131 20
15.749294 -5.301527 13.687023 61
15.800264 -5.0853858 12.759237 32
15.628698 -4.8083873 11.713059 44
15.804182 -5.2089987 14.708805 22
15.604663 -4.8695345 13.456553 60
15.415769 -4.5721455 12.355236 37
13.971013 -3.9579926 10.440581 52
15.180277 -4.6600642 14.054016 42
13.921356 -4.035758 11.988145 4
13.805045 -3.7705739 11.039477 60
13.673001 -3.5135496 10.13871 76
13.876983 -3.9621222 12.825501 27
13.694453 -3.637229 11.714897 66
13.743471 -3.4049385 10.906877 77
14.012249 -3.223753 10.290227 81
13.610189 -3.5776885 12.512055 58
13.810478 -3.3323362 11.728117 69
14.098773 -3.1319442 11.092941 74
13.918929 -2.8430645 10.149685 69
13.812 -3.3091414 12.606996 47
14.141201 -3.0672429 11.915677 88
13.923967 -2.7477005 10.88983 57
13.817795 -2.4666247 10.013269 69
14.111081 -3.056751 12.792218 67
14.011313 -2.7115891 11.744973 54
13.483785 -2.3384082 10.503623 66
13.802446 -2.1139076 9.9427462 17
13.984697 -2.7141016 12.619534 41
13.725738 -2.332813 11.455822 64
13.215853 -1.9676843 10.250915 63
13.70509 -2.3585494 12.322392 45
13.449657 -1.974153 11.185873 59
13.008814 -1.6215048 10.050344 68
13.478032 -2.020942 12.072262 51
13.054147 -1.6165022 10.827813 63
12.93571 -1.2961739 9.9545345 73
13.227593 -1.6933658 11.813666 45
12.699494 -1.2802022 10.508529 71
12.909035 -0.98233372 9.8955622 11
12.995959 -1.3800212 11.575398 54
12.434501 -0.96886629 10.264885 69
12.369867 -0.34269825 8.7816687 4
12.751253 -1.0747938 11.33121 53
12.231491 -0.67137635 10.079371 76
12.003161 -0.034280654 8.5191603 7
12.523618 -0.78451133 11.110162 54
12.17093 -0.38739064 10.006205 67
11.785089 0.26171938 8.3608894 50
12.156778 -0.49657443 10.777816 57
12.062876 -0.10467011 9.9022522 59
11.635139 0.55157721 8.2536535 63
11.858335 -0.22296263 10.50493 59
12.03325 0.174225 9.8626299 13
10.435239 0.7594136 7.4584451 79
11.649681 0.039339826 10.312563 56
10.262048 1.0094616 7.3435555 82
11.442989 0.29129437 10.127053 56
10.281806 0.95907688 7.9146571 77
10.190954 1.2649021 7.302681 55
11.291694 0.54059255 9.9896936 66
10.327325 0.87315434 8.5375824 79
10.134361 1.1962057 7.8143201 72
10.53622 1.5805109 7.5395451 48
10.345731 0.72375196 9.2084665 40
10.16427 1.102038 8.4155235 78
10.401879 1.4862601 8.0128021 52
10.641036 1.8699704 7.6250558 89
10.219601 0.94626677 9.1000271 66
10.195583 1.3484254 8.4440403 56
10.646905 1.7850147 8.199007 99
10.444222 2.1110499 7.5139718 86
10.062117 1.1608869 8.971242 65
10.605055 1.6569303 8.7650251 65
10.479428 2.0216422 8.0972395 79
10.263594 2.3464229 7.4184599 83
10.261993 1.4205825 9.1364965 43
10.577807 1.9093639 8.7565174 77
10.310225 2.2545683 7.9983878 78
10.076508 2.5765243 7.3228364 96
10.585876 1.7086912 9.4098406 67
10.38523 2.1291721 8.6258373 74
10.140321 2.4810309 7.9023228 91
9.9183426 2.8069913 7.2506084 93
10.480118 1.936782 9.3337393 72
10.270404 2.3595014 8.5599718 6
9.9735203 2.701175 7.8125043 89
9.7415724 3.0258992 7.1689882 90
10.322052 2.1513815 9.2187996 68
9.9924498 2.549366 8.3724566 24
9.7955837 2.9133143 7.7179732 87
9.5751257 3.2429955 7.0982208 85
9.8501902 2.7629561 8.2922935 54
9.6472292 3.1301529 7.6508999 90
9.403944 3.455296 7.0276098 94
9.7362185 2.9819129 8.2375622 69
9.492178 3.3415585 7.5799947 93
9.2507849 3.6684291 6.973659 91
9.5851316 3.1872511 8.1576319 72
9.3256874 3.5427675 7.5043869 92
9.0829878 3.8713388 6.9130621 91
9.4296246 3.3868818 8.0768213 78
9.1746664 3.7460642 7.4444633 95
8.9309483 4.0785413 6.8671279 89
9.273881 3.5843327 8.0000305 81
9.0246611 3.9465444 7.3875446 91
8.7866478 4.285203 6.8290553 85
9.5919333 3.4240212 8.7793961 2
9.138938 3.7846239 7.9426842 80
8.8678865 4.1426382 7.3296404 93
8.6455164 4.4897876 6.7977948 88
8.9896564 3.9789119 7.8769178 84
8.7141447 4.3354659 7.2779546 92
8.4904528 4.6874895 6.760077 86
8.8421917 4.1686893 7.8159633 78
8.562149 4.5269036 7.2290735 89
8.3387384 4.8822174 6.7271671 85
8.945137 3.9174943 8.3661451 15
8.7053957 4.3620725 7.768805 88
8.4227409 4.7225814 7.1959715 84
8.1937866 5.0791893 6.7031875 78
8.7938585 4.0984893 8.2894316 33
8.5451355 4.5421667 7.7022758 83
8.2862253 4.9160285 7.1668997 82
8.0377026 5.2681532 6.675519 78
8.6875706 4.2957816 8.2537613 53
8.4144583 4.7334032 7.6651144 78
8.1413755 5.1057186 7.1340203 83
7.892499 5.4599247 6.6596351 71
8.5703487 4.4906721 8.2133293 65
8.2700195 4.9180527 7.6222734 84
7.9930239 5.290123 7.1022553 71
7.7508259 5.6540055 6.6486683 69
8.4281368 4.6707625 8.1534805 67
8.1242981 5.1001549 7.5784764 75
7.8578768 5.4800596 7.0841999 71
6.9700761 5.3983879 6.1422791 1
8.288228 4.8505826 8.0985909 74
7.9841003 5.2820215 7.5425782 73
7.7170749 5.6680913 7.0682654 74
6.8121514 5.5584531 6.1188946 73
8.1599436 5.0343466 8.0574541 65
7.8362699 5.4581409 7.5038695 72
7.0791512 5.5040336 6.6384606 26
6.6639323 5.7217622 6.1062965 68
8.027626 5.2177005 8.0173788 72
7.7091546 5.6464081 7.4876523 74
6.7881689 5.5628624 6.4943509 73
6.5286617 5.8945956 6.1063581 72
7.8880095 5.3942533 7.9714789 76
7.5865889 5.8403912 7.4772968 86
6.6568265 5.7326703 6.4854684 73
7.0153289 6.5945702 6.6327496 21
7.7580018 5.5768666 7.9396896 71
6.800138 5.545043 6.8787198 74
6.5338511 5.9092145 6.4896936 76
6.8693228 6.7833915 6.6413403 66
7.6325517 5.7619677 7.9169121 70
6.6679721 5.7101097 6.862102 72
6.9869757 6.5735545 7.009047 33
6.7359262 6.9831681 6.6663499 43
6.8458829 5.4711709 7.273984 76
6.5403247 5.8751001 6.8511214 74
6.8773918 6.7880011 7.0433307 7
6.5814939 7.1634583 6.6776657 78
6.7091322 5.6277943 7.2400761 63
6.4584279 6.0828881 6.8869138 2
6.699976 6.9402456 7.0183487 39
6.4316835 7.3525372 6.6978745 81
6.5804143 5.789073 7.216114 65
6.8880911 6.745903 7.4175062 16
6.5906487 7.1577926 7.0605736 76
6.282238 7.5406923 6.7210937 80
6.4658551 5.9657154 7.2087779 28
6.7399378 6.9217658 7.4068098 38
6.4435139 7.3445983 7.0727777 71
6.137682 7.7400184 6.7551508 87
6.9577489 6.6646338 7.8109531 49
6.6089268 7.1140094 7.4196677 39
6.2919712 7.5256968 7.0851111 82
5.9845662 7.9301209 6.7864437 85
6.8196445 6.8481021 7.7980113 41
6.4683604 7.2998557 7.4277563 49
6.1370039 7.707757 7.1005015 84
5.8347378 8.1266251 6.825624 89
6.6720123 7.0220194 7.7813249 58
6.321444 7.482501 7.43399 57
5.9869413 7.8946486 7.1247554 88
5.6751132 8.3177004 6.8630185 91
6.536366 7.2084341 7.7802944 58
6.1836629 7.6766768 7.4549336 40
5.8392529 8.0876169 7.1568975 88
5.5213609 8.5170965 6.9102244 92
6.3947468 7.393888 7.7803774 62
6.0279937 7.8542442 7.463347 83
5.6996899 8.2981281 7.2037458 89
5.3732038 8.728961 6.9712248 95
6.2518988 7.5799861 7.7824788 64
5.8881392 8.0519581 7.4923019 86
5.5522342 8.5007019 7.2498078 89
5.2093959 8.9270849 7.0216303 87
6.1052785 7.7645345 7.7861061 63
5.7361293 8.2442131 7.5149589 85
5.3928676 8.6936588 7.2865877 93
5.0517545 9.1417789 7.0881944 87
5.9548974 7.9512525 7.7923646 63
5.5887227 8.4424257 7.5481896 89
5.2400975 8.9026566 7.3399539 85
4.8916812 9.3545713 7.1577902 95
5.8106194 8.144886 7.8098936 76
5.4362707 8.6396828 7.5848503 79
5.0826015 9.1066999 7.39466 87
4.7275705 9.5733452 7.2324767 97
5.6626472 8.3405962 7.8313336 70
5.2797689 8.8400593 7.6233096 83
4.9213414 9.3193378 7.45509 88
4.5557852 9.790102 7.3089056 92
5.5076141 8.5354605 7.8516207 66
5.1251788 9.0477858 7.6694779 78
4.7541008 9.5249443 7.5134196 81
4.3781242 9.9994459 7.3824797 83
5.3531303 8.7324724 7.876853 68
4.9628444 9.2506342 7.7158141 79
4.5880508 9.7434721 7.5837007 80
4.2093673 10.237167 7.480659 85
5.198463 8.9399929 7.9110045 73
4.802237 9.4646387 7.7720313 82
4.4176259 9.9594784 7.6570954 73
4.029459 10.466901 7.5741291 80
5.0435753 9.1485128 7.9521775 75
4.6411052 9.6869297 7.8372159 78
4.2447696 10.189458 7.739439 90
3.8377423 10.68103 7.6599569 77
4.8742957 9.3489943 7.9836879 69
4.4707541 9.9018831 7.8986325 81
4.0678778 10.419141 7.8258619 79
3.4262576 10.375004 7.3841052 47
4.7216382 9.5836372 8.0476122 71
4.294754 10.12127 7.963119 74
3.8759415 10.626838 7.8987446 78
3.1259868 10.307324 7.2802472 84
4.5507746 9.802619 8.0990019 64
4.114769 10.346708 8.0346241 79
3.5069108 10.433372 7.6791697 49
2.939039 10.527304 7.3829222 81
4.393374 10.058897 8.1808138 3
3.9246421 10.558152 8.1004133 84
3.1710362 10.275425 7.4956803 70
2.7393701 10.734538 7.4789343 20
4.1973147 10.248222 8.2128906 59
3.6195195 10.516219 7.9754043 57
2.9780536 10.474328 7.575633 87
4.0124393 10.468815 8.2735062 72
3.2493255 10.283238 7.719162 58
2.7917888 10.705097 7.6822038 43
3.785563 10.609695 8.2725525 71
3.0304658 10.417373 7.7401199 73
3.3856914 10.342345 7.9631352 38
2.8400841 10.640398 7.828824 68
3.105624 10.331059 7.8593369 71
2.9107995 10.554619 7.9319272 72
2.7074161 10.765793 8.0007801 6
1.465253 13.898781 9.403285 55
1.1532854 13.936084 9.413765 58
1.4929007 13.693903 9.4293833 73
0.86355096 14.143637 9.5434446 66
2.4135432 12.810325 9.2334146 2
1.1829745 13.749833 9.4356861 68
0.58303541 14.522337 9.7925739 65
1.5224763 13.525528 9.4341707 72
0.9106589 14.095339 9.6449347 70
0.28516975 14.89625 10.044076 50
1.2234799 13.667546 9.4835758 80
0.6262607 14.462135 9.8712368 80
-0.022214364 15.397987 10.383711 77
1.5839821 13.432178 9.447443 52
0.94871742 14.023516 9.6875534 74
0.34499282 15.085241 10.276267 67
-0.37419033 15.135982 10.220345 64
1.2876909 13.620219 9.5117226 56
0.66382545 14.402691 9.9090719 61
0.021296324 15.408209 10.482969 88
-0.70919377 15.230175 10.301095 56
1.0085901 13.978363 9.6992931 58
0.38013706 15.047788 10.31241 49
-0.3368929 15.160617 10.310917 80
-1.0718383 17.038507 11.537503 36
0.71619946 14.347437 9.8972759 63
0.05563641 15.425712 10.541226 99
-0.67795473 15.207365 10.340804 67
-1.462904 17.50898 11.885915 42
0.42870501 14.976713 10.273967 44
-0.3078846 15.16223 10.33917 68
-1.0233853 15.519792 10.556656 5
-1.8798447 18.03088 12.275522 45
0.10093348 15.421902 10.528621 70
-0.65919781 15.164196 10.32092 68
-1.4384093 17.489992 11.897847 34
-2.3358405 18.631586 12.724491 60
-0.27767336 15.175826 10.316922 77
-1.0145763 15.495281 10.528674 7
-1.8696321 18.040813 12.283175 33
-2.7707796 18.845343 12.922525 31
-0.63911915 15.17762 10.282262 55
-1.439206 17.495497 11.870551 33
-2.3271022 18.636213 12.710925 52
-3.261852 19.397572 13.360307 21
-1.0022199 15.473808 10.452825 5
-1.8768885 18.014734 12.219798 43
-2.7711546 18.838291 12.882915 23
-3.8257439 20.257692 14.021247 25
-1.4363533 17.500944 11.785987 45
-2.3428009 18.634403 12.643064 53
-3.2668033 19.390787 13.297674 18
-4.2634912 20.156755 14.029317 14
-1.8883411 18.085028 12.156015 38
-2.8047154 18.922241 12.850272 24
-3.8594077 20.37657 14.018119 22
-4.6841302 19.968506 13.98267 19
-2.3712451 18.709545 12.55915 42
-3.3232262 19.487188 13.251974 19
-4.3016806 20.209734 13.961535 16
-5.0745215 19.644169 13.846491 15
-2.8530142 19.052557 12.778633 52
-3.9297173 20.491287 13.957554 22
-4.7265182 19.958122 13.849644 16
-5.4687743 19.388882 13.763738 20
-3.4013476 19.687817 13.204244 22
-4.3756456 20.235323 13.823496 19
-5.1193838 19.613281 13.681486 15
-5.8419299 19.089846 13.656032 23
-4.0054083 20.515919 13.764809 30
-4.7938261 19.894045 13.633002 16
-5.5171404 19.329119 13.561534 15
-6.1997981 18.757904 13.525399 17
-4.4200592 20.01552 13.447723 39
-5.2061801 19.577387 13.46789 13
-5.9097056 19.062159 13.455149 9
-6.5735793 18.521379 13.469799 11
-5.1456051 21.134438 14.220493 13
-5.9175768 20.532961 14.183196 10
-6.6552553 20.042364 14.23962 6
-6.9428506 18.298176 13.428215 11
-5.6504855 21.037527 14.191234 20
-6.4033489 20.447874 14.191496 12
-7.0962877 19.885681 14.229958 13
-7.7225809 19.230942 14.243894 14
-6.1703095 20.986996 14.203314 10
-6.8820987 20.336805 14.197345 9
-7.5314713 19.71652 14.221384 15
-8.1274462 19.047852 14.25275 18
-6.6747937 20.858816 14.170565 14
-7.3620586 20.226725 14.208578 16
-7.9806314 19.576534 14.241721 16
-8.5316229 18.870098 14.27098 17
-7.212707 20.849432 14.228235 8
-7.8376179 20.094805 14.21108 18
-8.4189501 19.417444 14.253233 18
-8.9307318 18.670628 14.278737 27
-7.7055297 20.679182 14.184818 16
-8.3207426 19.977333 14.233471 11
-8.8423948 19.212194 14.237573 14
-9.3349714 18.48954 14.307144 7
-8.2267447 20.568298 14.190063 17
-8.7906504 19.818563 14.233652 15
-9.27987 19.046524 14.258064 14
-9.7158995 18.266296 14.30709 25
-8.7357817 20.429358 14.189867 9
-9.2571697 19.650845 14.236803 14
-9.652873 18.740255 14.181674 11
-10.099895 18.047012 14.317873 22
-9.2437248 20.30274 14.218805 15
-9.7234058 19.489397 14.267146 11
-10.116754 18.650835 14.287004 17
-10.464847 17.818132 14.338018 15
-9.7611418 20.16218 14.230154 9
-10.16653 19.261629 14.242907 13
-10.536043 18.433661 14.291816 19
-10.841612 17.589695 14.354237 21
-8.8505898 16.959225 12.088282 13
-10.643849 19.094099 14.271124 14
-10.966387 18.246847 14.329767 12
-11.210724 17.353037 14.367261 22
-10.787178 19.830908 14.254943 17
-11.115034 18.91613 14.300097 18
-11.36888 18.003155 14.325113 19
-11.559107 17.083082 14.361197 24
-11.285476 19.618795 14.246743 17
-11.557045 18.678606 14.294566 15
-11.769014 17.75948 14.331011 17
-11.924634 16.848101 14.388067 14
-11.821865 19.477343 14.302576 10
-12.001661 18.446619 14.299541 15
-12.177344 17.53273 14.357301 20
-12.26839 16.579897 14.390535 23
-12.294661 19.216997 14.280478 16
-12.436795 18.191669 14.297721 15
-12.56581 17.274515 14.36353 19
-12.608532 16.311956 14.402052 21
-12.793321 18.996883 14.298483 15
-12.891374 17.969698 14.329676 14
-12.926751 16.968809 14.342774 20
-12.937966 16.031059 14.40996 24
-13.28606 18.752583 14.307158 10
-13.322052 17.704018 14.335135 15
-13.32009 16.718946 14.372446 16
-13.27868 15.76665 14.43431 19
-13.776271 18.505379 14.327659 17
-13.753937 17.442778 14.352069 15
-13.70174 16.446272 14.387387 19
-13.597667 15.475659 14.440794 22
-14.245423 18.217054 14.322461 19
-14.187192 17.175142 14.376928 17
-14.062233 16.147348 14.389198 19
-13.932042 15.204749 14.470724 15
-14.737065 17.955666 14.349564 16
-14.587487 16.864309 14.37 20
-14.43294 15.863286 14.410149 14
-14.231942 14.896793 14.469126 8
-15.198123 17.652485 14.351534 15
-15.024365 16.591391 14.403544 14
-14.818326 15.59398 14.453403 16
-13.370573 13.338931 13.247144 5
-15.688698 17.379179 14.39189 17
-15.079722 15.88854 14.072783 11
-15.130084 15.235838 14.422997 19
-13.678765 13.093004 13.295461 11
-16.11268 17.012547 14.368961 7
-15.72999 15.856126 14.336948 6
-15.420907 14.864429 14.385088 19
-13.973157 12.832039 13.335468 15
-16.5285 16.643644 14.353594 13
-16.116682 15.519691 14.347633 21
-15.721953 14.50382 14.363325 16
-14.282262 12.582434 13.395353 19
-16.910353 16.236444 14.313015 16
-16.456762 15.141115 14.326119 15
-15.999983 14.126683 14.333332 14
-14.565126 12.308321 13.432628 20
-17.273899 15.817554 14.269098 18
-16.771971 14.739603 14.286135 16
-16.26618 13.744101 14.301667 15
-14.907575 12.085167 13.53396 21
-17.637697 15.400846 14.234951 16
-17.105591 14.359822 14.273663 15
-16.574799 13.400593 14.311845 17
-15.246766 11.849618 13.631855 15
-17.982061 14.967246 14.192752 18
-17.39596 13.944333 14.232519 16
-16.774565 12.964686 14.229759 15
-15.568869 11.598631 13.720424 20
-18.336548 14.539279 14.167326 18
-17.654118 13.504327 14.173794 15
-17.031898 12.584212 14.21346 15
-15.898718 11.347644 13.818372 17
-18.718592 14.136337 14.17428 14
-17.97674 13.113109 14.175557 15
-16.097847 11.312963 13.173859 6
-16.2265 11.087183 13.916623 21
-19.029568 13.674335 14.131124 15
-18.2472 12.688016 14.145335 14
-16.4268 11.023357 13.247615 9
-16.570488 10.836566 14.037889 18
-19.309816 13.196813 14.078295 17
-18.511362 12.258151 14.115965 16
-16.746349 10.727527 13.318983 14
-16.880808 10.554278 14.127142 13
-19.596531 12.729771 14.048503 24
-18.778822 11.838839 14.105241 16
-17.087351 10.441976 13.417674 17
-17.163334 10.253743 14.204568 21
-19.914425 12.280522 14.041138 17
-19.014887 11.394926 14.07436 12
-17.489254 10.184377 13.563803 17
-17.320911 9.8712025 14.172555 24
-20.171177 11.786489 13.995408 16
-19.348589 11.011442 14.12571 11
-17.848761 9.8861866 13.675558 18
-17.497698 9.5013409 14.163225 19
-20.396894 11.280176 13.939459 17
-19.484079 10.505877 14.028508 16
-18.266827 9.6141863 13.841224 17
-17.478508 9.0209265 13.993874 15
-20.658695 10.797214 13.920241 17
-18.535233 9.4278202 13.142295 8
-18.612532 9.2918053 13.951013 15
-17.795584 8.7344713 14.118893 18
-20.905642 10.303409 13.897008 16
-18.884174 9.0776539 13.232228 14
-18.940748 8.9560156 14.052526 12
-17.956701 8.3598518 14.112741 21
-21.205654 9.8419952 13.923281 17
-19.29604 8.7528982 13.377689 19
-19.090279 8.5284595 14.023132 10
-18.090534 7.9764366 14.094353 18
-21.374285 9.3149118 13.866288 18
-19.786793 8.4515123 13.583097 20
-19.285494 8.1240883 14.034546 17
-18.232687 7.5987034 14.085866 20
-21.59901 8.8132448 13.853358 20
-20.209763 8.1067648 13.741906 17
-19.379555 7.6733127 13.972608 17
-18.359058 7.2151818 14.07492 15
-20.632261 7.8366156 13.065549 12
-20.630911 7.7441511 13.902444 8
-19.520317 7.2477946 13.956478 19
-18.455736 6.8187332 14.041596 23
-21.081186 7.4514537 13.22848 19
-20.827049 7.2891035 13.912374 21
-19.60813 6.8041244 13.908795 12
-18.560352 6.4318748 14.024121 17
-21.565113 7.062459 13.416979 18
-20.880066 6.7831106 13.835139 15
-19.79899 6.3967915 13.941672 14
-18.604534 6.0226178 13.961287 16
-22.025427 6.6536269 13.596902 14
-21.090105 6.3310637 13.868851 20
-19.91011 5.9653721 13.927699 19
-18.649548 5.620779 13.909863 9
-22.14707 6.1268215 13.564032 11
-21.213657 5.853992 13.853497 12
-19.971653 5.5202317 13.881763 10
-18.394169 5.1323476 13.632355 3
-22.097599 5.5596595 13.435108 27
-21.185341 5.3377409 13.742394 5
-20.152578 5.1076722 13.926548 19
-19.006538 4.8998451 14.031447 13
-20.932587 4.7692933 13.488771 9
-20.199474 4.6612678 13.883403 18
-19.036337 4.4930062 13.979711 12
-21.076611 4.3092732 13.510953 27
-20.229685 4.2131319 13.83642 8
-19.169804 4.1167917 14.016357 11
-17.77702 3.1818378 11.251712 2
-20.08013 3.7302539 13.664063 8
-19.187828 3.7105801 13.970874 22
-20.246302 3.3146338 13.723794 16
-19.251089 3.3179679 13.963911 18
-19.991066 2.8293283 13.49322 22
-19.19525 2.9072895 13.874452 8
-18.606142 2.2168674 12.480832 3
-19.055601 2.4918711 13.728529 6
-16.827322 1.361115 9.7766571 3
-16.557213 1.5964738 11.013831 3
-18.294962 2.0048649 13.117933 36
-18.287149 1.6295261 13.085951 32
-18.672258 1.285856 13.349889 30
-17.899651 0.21848439 10.383787 37
-15.550844 0.49856517 10.256159 7
-15.434584 0.72321928 10.910296 7
-17.58737 -0.19255835 10.190765 58
-15.461209 0.16665359 10.186461 4
-15.299936 0.40839493 10.798611 33
-17.273527 -0.58652675 10.002504 57
-15.246305 -0.15717459 10.034379 4
-15.074981 0.097550526 10.625265 27
-16.813105 -0.95636231 9.7325907 52
-15.041977 -0.47280243 9.8948975 4
-14.960302 -0.20608906 10.535252 4
-16.445515 -1.3130918 9.5253439 61
-16.819895 -1.1269459 10.429661 37
-16.16943 -1.6645523 9.376358 66
-16.577482 -1.4781454 10.29028 63
-15.912065 -2.0032935 9.2446032 67
-16.314442 -1.8192388 10.139441 72
-15.691543 -2.3406928 9.1395073 68
-15.984797 -2.1379275 9.9511995 67
-14.690156 -2.52845 8.556962 8
-15.632033 -2.4414496 9.750411 64
-15.990441 -2.2034967 10.63999 11
-14.577109 -2.8493564 8.5286474 23
-14.654274 -2.6142907 9.1411152 63
-15.772148 -2.5133507 10.518762 46
-13.231744 -2.8895714 7.7338839 2
-14.675814 -2.6536374 9.7812538 48
-13.009075 -3.1453478 7.6400065 2
-13.274145 -2.6809351 8.824976 2
-12.747319 -3.3832443 7.524457 1
-12.979868 -3.1898758 8.1541872 1
-12.55989 -3.6356018 7.4593468 2
-12.344657 -3.8713069 7.3805108 2
-12.689626 -3.4001105 8.5358973 4
-12.156898 -4.1088533 7.3211918 4
-12.559414 -3.6475518 8.4927034 2
-12.195102 -4.1352725 7.8412285 2
-12.411677 -3.8881066 8.4401197 2
-13.925916 -5.0986423 9.1110716 2
-12.251736 -4.1181297 8.3814793 2
-13.767498 -5.3817415 9.0819483 7
-13.614272 -4.9247146 9.4502935 3
-13.631133 -5.6733165 9.0740318 5
-13.454273 -5.1884027 9.4077053 71
-13.430161 -5.9337997 9.0236807 2
-13.26552 -5.4382582 9.3484793 79
-13.7286 -5.1312556 10.18035 46
-13.089843 -5.6893358 9.3005037 76
-13.485351 -5.3554697 10.061906 57
-12.915668 -5.941967 9.2565708 73
-13.238038 -5.5730367 9.9423323 64
-12.798404 -6.220027 9.2608948 66
-13.018735 -5.7936678 9.8472948 52
-12.626863 -6.4696078 9.2305555 73
-12.816171 -6.0191569 9.7711563 72
-12.006881 -7.3807802 8.1650925 72
-12.486996 -6.7337399 9.2263927 81
-12.636219 -6.2550964 9.7150364 72
-11.834864 -7.6424513 8.17138 87
-12.336122 -6.9930878 9.2180395 74
-12.469576 -6.4912577 9.6741858 73
-10.999385 -7.4237781 7.6823606 99
-11.896776 -7.5839057 8.670229 91
-12.172428 -7.2438993 9.2033796 76
-12.286098 -6.721765 9.6209812 75
-10.821236 -7.657002 7.6842828 80
-11.004465 -7.3230343 8.0977859 49
-11.977876 -7.4748425 9.1679831 98
-12.108156 -6.9509516 9.5768661 77
-10.630893 -7.882957 7.6799197 42
-10.863561 -7.5761838 8.1175442 86
-11.101219 -7.2320118 8.5669327 2
-11.936118 -7.1842432 9.5398407 75
-11.084413 -8.6459208 8.1949577 82
-10.705183 -7.8160825 8.1288157 107
-10.958101 -7.4739099 8.5734968 87
-11.757764 -7.4143505 9.5036564 76
-10.977219 -8.9673023 8.2788877 3
-11.173443 -8.5744562 8.6690884 94
-10.791293 -7.6993904 8.5644827 91
-11.071472 -7.2819376 9.0219975 25
-10.994151 -8.8230724 8.6810503 43
-10.656717 -7.9525299 8.5862932 6
-10.936952 -7.5235319 9.0257044 59
-11.101872 -8.6914225 9.1319733 89
-10.770712 -7.7418251 9.0046282 81
-11.0006 -9.0021629 9.2059088 6
-11.06971 -8.3373804 9.4175501 83
-10.829219 -9.2560081 9.2217751 4
-10.89385 -8.5686922 9.4031038 78
-10.640054 -9.4973154 9.2268715 4
-10.747834 -8.828126 9.4209566 73
-10.459832 -9.7478495 9.2460833 4
-10.548587 -9.0407372 9.39359 77
-10.248609 -9.9722261 9.2427397 8
-10.394329 -9.2979937 9.4165668 69
-10.070453 -10.230889 9.2743111 7
-10.185252 -9.5051641 9.3909769 73
-9.86623 -10.462689 9.2876902 7
-10.013206 -9.7509918 9.4060659 77
-9.6590281 -10.69917 9.3032293 10
-9.8267317 -9.9859114 9.4122391 72
-9.4495268 -10.936 9.3226852 38
-9.6366129 -10.225195 9.4209433 67
-9.2349005 -11.171507 9.344656 55
-9.4460983 -10.464633 9.4383688 72
-8.3055592 -12.259614 8.8546429 82
-9.0287628 -11.419424 9.3804522 65
-9.2549171 -10.710292 9.4582272 72
-8.0869131 -12.532782 8.9381571 76
-8.4539795 -12.124076 9.1852617 67
-8.8072157 -11.651665 9.4065313 81
-9.0608835 -10.954998 9.4819221 72
-7.5187774 -12.18675 8.5825834 44
-8.2255945 -12.365545 9.2373047 83
-8.5729303 -11.869077 9.4232416 71
-8.869463 -11.206889 9.5167303 68
-7.2388577 -12.327571 8.5857601 79
-7.9273105 -12.497086 9.2090559 40
-8.337575 -12.089275 9.4459581 84
-8.6747837 -11.465055 9.5555391 70
-7.0296021 -12.613048 8.6838465 30
-7.3887362 -12.180445 8.8497849 77
-8.10672 -12.32269 9.4753876 78
-8.4807758 -11.735822 9.599227 66
-7.2481203 -13.846441 9.4396658 15
-7.184948 -12.466815 8.9453325 73
-7.7440333 -12.336811 9.3424196 42
-8.2762117 -12.001663 9.644186 72
-6.9732056 -14.075152 9.5058413 60
-6.9466391 -12.699677 9.0041666 2
-7.3314829 -12.232957 9.133173 76
-8.0652475 -12.269181 9.6930637 75
-6.6542287 -14.211345 9.5137138 51
-7.0232487 -13.63079 9.5624142 89
-7.1189041 -12.506227 9.2092295 63
-7.7046742 -12.278838 9.5440598 36
-6.3836875 -14.476591 9.6106758 67
-6.7920151 -13.944086 9.6795197 86
-7.1987972 -13.403671 9.7482624 78
-7.3323903 -12.246576 9.3733807 67
-6.1349096 -14.809153 9.7584543 52
-6.5537138 -14.257006 9.8011904 76
-6.9715643 -13.701369 9.8448782 83
-7.1142564 -12.510496 9.4318027 51
-5.8770709 -15.15017 9.9138641 52
-6.3105965 -14.592644 9.9368792 60
-6.7411079 -14.019339 9.9557028 73
-7.1998863 -13.424794 9.9789801 64
-5.6129375 -15.510262 10.085952 41
-6.0538554 -14.914949 10.069983 85
-6.4948597 -14.334415 10.063147 60
-6.9664474 -13.731524 10.062608 60
-5.3401294 -15.901655 10.275581 41
-5.7958283 -15.279843 10.228534 51
-6.2408791 -14.652338 10.177235 63
-6.7302012 -14.044977 10.15693 58
-5.1099625 -16.488808 10.599565 36
-5.5931191 -15.853159 10.531687 51
-6.0727315 -15.239491 10.479944 51
-6.5347271 -14.492387 10.347658 57
-4.8163795 -16.89463 10.808933 25
-5.3180065 -16.252621 10.718331 39
-5.8026385 -15.580638 10.612143 47
-6.3178682 -14.923159 10.52465 57
-4.4987879 -17.275497 11.004635 31
-5.0242434 -16.62682 10.892404 27
-5.5322981 -15.952242 10.768617 34
-6.0575171 -15.264468 10.643025 50
-4.7258487 -17.025774 11.089621 16
-5.2445798 -16.325369 10.923786 28
-5.7913446 -15.634368 10.779555 40
-4.9566331 -16.743696 11.116369 13
-5.5091391 -15.995995 10.910172 50
-5.2160077 -16.388342 11.059838 24
-2.7121606 -16.532015 10.508258 3
-1.4194472 -18.164413 11.374997 4
-1.0228268 -18.40394 11.525322 5
-0.60951602 -18.802347 11.779504 5
-1.2695156 -18.152372 11.42068 3
-0.088254057 -21.851822 13.706982 12
-0.86819839 -18.501474 11.626234 10
-0.38967428 -21.716244 13.640539 14
0.10372884 -21.983871 13.806331 6
-0.71394962 -18.790016 11.782085 8
1.5264263 -23.679729 14.950829 8
-0.200304 -21.760904 13.620919 15
-1.0005971 -18.383181 11.462658 5
0.38564625 -23.548428 14.718596 7
-0.5208239 -21.768461 13.519162 5
2.5673392 -23.662258 15.028153 7
1.7726116 -23.770033 14.950583 7
-0.0022994159 -21.976206 13.590804 10
2.0638294 -24.051493 14.987883 7
3.3859069 -23.792641 15.053365 3
2.6235082 -24.080032 15.005462 7
4.6476412 -23.464466 15.163219 11
3.9218647 -23.771053 15.085247 6
3.1853027 -24.148859 15.066705 7
2.3815386 -24.461658 14.990374 7
4.4711347 -23.783255 15.14345 9
3.7509015 -24.163937 15.092962 5
5.6745815 -23.278454 15.213772 11
5.0150557 -23.750502 15.17991 8
4.3221722 -24.163179 15.116117 6
3.5827425 -24.612919 15.055042 8
6.1971588 -23.192043 15.252486 9
5.5788803 -23.747204 15.238689 7
4.8983479 -24.139736 15.12996 7
6.1011019 -23.602057 15.222698 9
5.4937496 -24.198856 15.210136 7
4.8111486 -24.74206 15.141479 7
6.6616325 -23.569782 15.282217 8
6.0774512 -24.183081 15.253373 11
5.4293909 -24.772692 15.178478 9
7.7306952 -22.848389 15.362499 12
7.2054119 -23.484051 15.315774 8
6.6577024 -24.133568 15.281578 12
8.265914 -22.793917 15.458231 8
7.7367778 -23.363537 15.335973 11
7.1653824 -23.851509 15.168755 9
6.5503349 -24.366905 14.995579 11
8.7273121 -22.543131 15.423572 10
8.2285423 -23.111027 15.275727 13
7.6327581 -23.474545 15.00281 17
7.0458879 -23.96048 14.785839 15
9.2457762 -22.428799 15.487354 15
8.6547956 -22.722425 15.127295 12
8.1108208 -23.141388 14.86764 16
7.527421 -23.56052 14.583763 16
9.6173325 -21.989296 15.328415 20
9.096962 -22.38135 15.012268 11
8.5658941 -22.749962 14.696463 18
8.0488205 -23.251179 14.441388 9
10.029377 -21.646908 15.23351 16
9.5246477 -22.018591 14.88626 17
9.039381 -22.447023 14.594979 16
9.2799978 -24.706036 15.42308 13
10.452119 -21.342798 15.183035 16
9.965744 -21.712309 14.810391 18
9.4916935 -22.097254 14.467969 11
9.9320478 -24.636053 15.462978 9
10.845528 -21.008755 15.11654 13
10.38131 -21.369165 14.722092 17
10.872621 -23.639515 15.606403 7
10.607816 -24.593899 15.527326 10
11.267393 -20.729261 15.088239 20
10.810006 -21.048315 14.644008 18
11.466681 -23.487049 15.638297 11
11.273479 -24.502527 15.57154 13
11.661928 -20.403833 15.034717 20
11.251839 -20.764997 14.601218 12
12.06576 -23.322113 15.666334 14
11.869892 -24.253429 15.532709 10
12.066257 -20.085459 14.991968 22
11.676569 -20.444201 14.53986 10
12.667349 -23.144747 15.701572 9
12.638009 -24.291855 15.682622 11
12.480984 -19.803621 15.006658 18
12.080909 -20.109962 14.493382 6
13.243269 -22.93709 15.745296 11
13.271099 -24.091303 15.714895 10
12.867458 -19.483864 14.969001 21
13.773649 -21.663221 15.809787 7
13.885769 -22.78405 15.802931 13
13.955698 -23.930307 15.748987 12
13.276525 -19.185621 14.949209 21
14.281024 -21.394255 15.820863 12
14.45999 -22.538191 15.826126 11
13.645772 -18.854986 14.918786 17
14.701567 -21.003506 15.749084 11
15.018333 -22.252268 15.823561 17
15.320192 -23.572962 15.859306 13
14.068971 -18.579769 14.94072 20
15.157339 -20.661324 15.724291 17
15.546551 -21.926744 15.800548 16
15.885783 -23.199017 15.792698 13
14.463635 -18.276825 14.938501 24
15.615219 -20.31554 15.700091 15
16.060669 -21.567263 15.762244 15
16.558184 -22.959858 15.832782 13
14.861128 -17.969461 14.941239 19
16.107618 -20.011366 15.714452 12
16.616169 -21.263741 15.778361 14
17.144648 -22.601938 15.806468 13
15.250914 -17.650789 14.944285 23
16.571398 -19.670843 15.713983 13
17.058737 -20.811749 15.695838 12
17.71801 -22.225086 15.777898 11
15.645772 -17.343946 14.966265 21
16.984837 -19.270245 15.67008 14
17.633165 -20.520231 15.73601 17
18.311558 -21.851999 15.76165 14
16.012892 -17.00412 14.963222 25
17.388889 -18.869486 15.638463 11
18.092752 -20.094793 15.688416 11
18.836618 -21.415373 15.711398 13
16.46199 -16.745157 15.038218 17
17.850348 -18.522224 15.655031 19
18.651299 -19.767223 15.725503 13
19.41436 -21.015718 15.697702 12
16.884794 -16.452375 15.09283 22
18.243666 -18.101244 15.616235 17
19.088959 -19.31468 15.675031 14
20.003487 -20.626934 15.701889 12
17.25926 -16.10848 15.105837 23
18.658319 -17.700539 15.601117 15
20.537207 -20.167976 15.671323 13
17.676785 -15.80265 15.163488 21
19.019167 -17.25565 15.557817 11
20.987047 -19.639145 15.596203 12
18.053713 -15.455257 15.197554 17
19.432434 -16.855848 15.568427 10
21.56991 -19.215837 15.615683 12
18.511217 -15.170296 15.296805 19
19.812605 -16.420015 15.547372 12
22.024862 -18.681856 15.555729 15
18.895674 -14.819777 15.340435 19
20.155325 -15.960305 15.511822 10
21.317213 -17.044386 15.556538 13
19.374039 -14.526596 15.45724 24
19.3176 -14.645371 14.627998 7
21.729904 -16.557041 15.531374 11
19.708744 -14.133492 15.469135 20
19.720039 -14.265411 14.658566 8
23.547623 -17.18631 15.529429 15
20.04841 -13.744551 15.491463 16
20.239437 -13.957551 14.778924 11
22.662214 -15.649543 15.569149 14
20.373709 -13.329784 15.499416 16
20.639776 -13.5581 14.816179 17
20.695749 -12.917559 15.52006 18
21.044855 -13.152549 14.860364 19
20.943771 -13.143806 13.08779 32
21.161766 -12.574722 14.719437 24
21.299032 -12.65537 13.937434 70
21.377014 -12.688785 13.109079 101
20.506264 -11.594909 14.080393 23
20.900553 -11.781816 13.478468 19
20.930832 -11.759602 12.630533 26
19.838778 -10.714169 14.332387 21
20.164597 -10.830912 13.668727 30
20.158018 -10.773154 12.824243 21
20.093613 -10.683227 11.953564 22
19.358973 -9.9515753 13.839636 55
19.505472 -9.9450121 13.071154 21
19.451349 -9.8414555 12.221438 21
19.388832 -9.7313156 11.379456 25
17.470865 -8.5677986 12.412375 34
17.368269 -8.4266996 11.558954 22
17.315432 -8.3119297 10.791846 89
17.380911 -8.2457743 10.10296 87
17.428062 -8.0919065 12.250544 82
17.581959 -8.0393686 11.556524 107
17.696333 -7.9811196 10.879201 128
17.81354 -7.9124155 10.200748 94
17.825937 -7.8070068 12.387513 101
17.791508 -7.6534891 11.557726 38
17.308731 -7.3302274 10.52495 32
17.612513 -7.3143134 9.9621067 91
17.427393 -7.2038155 12.005974 34
17.164661 -6.9432778 11.049724 25
16.948492 -6.7143579 10.194893 42
16.99007 -6.6060472 11.608548 31
16.496647 -6.2585354 10.532555 48
16.854557 -6.2243633 10.030628 16
16.555134 -6.0412331 11.223852 43
16.104824 -5.7018065 10.193285 53
15.839707 -5.4114132 10.670863 41
16.061876 -5.2838602 10.078646 31
15.46179 -4.920805 10.345957 39
14.004296 -3.9393487 7.5883307 61
15.244068 -4.4935088 10.129763 57
13.797188 -3.5160813 7.4163165 80
13.83262 -3.7778201 9.1723785 63
13.733824 -3.5350232 8.4784031 85
13.971568 -3.3861463 8.0187092 87
14.177641 -3.2258193 7.541502 83
13.821562 -3.4494088 9.0991888 86
14.062071 -3.270117 8.6061897 89
14.34144 -3.1061263 8.1596098 100
14.227072 -2.8610713 7.5075917 75
14.125451 -3.1938236 9.2275372 84
14.275405 -2.969233 8.6698399 90
14.083788 -2.7017741 7.9660521 84
13.891772 -2.4375594 7.2913046 73
14.193376 -2.8830447 9.2127848 66
13.949888 -2.5730705 8.4305906 84
13.775532 -2.3050146 7.7534857 79
13.585085 -2.0380907 7.0946779 79
14.038982 -2.5344732 9.0667686 44
13.682448 -2.2024491 8.231513 83
13.492274 -1.9279071 7.560782 80
13.302309 -1.6585166 6.9170928 75
13.443194 -1.8491167 8.0545702 77
13.233142 -1.5655432 7.3850808 79
13.049925 -1.296234 6.7601881 62
13.196746 -1.5052422 7.878407 82
12.9727 -1.2200819 7.2170625 77
12.787835 -0.9448126 6.6030812 73
13.117416 -1.4887443 8.3807945 72
12.928558 -1.1716455 7.6935005 80
12.711514 -0.88401675 7.0509715 80
12.526276 -0.60669255 6.4509506 80
12.877671 -1.1759697 8.2034349 77
12.692837 -0.85442871 7.5331011 73
12.467673 -0.56434947 6.8997707 85
2.9256878 -0.14194652 1.830477 19
12.667523 -0.87260461 8.0468817 78
12.471789 -0.54944044 7.3857374 79
12.247199 -0.25702873 6.7663808 88
3.0120962 -0.051574811 1.8671927 11
12.479971 -0.58479369 7.9120464 68
12.235866 -0.25369138 7.2357211 83
12.008985 0.040085975 6.6293983 85
3.0972466 0.042593613 1.9049033 10
12.276155 -0.30247816 7.7685509 64
12.027526 0.03029005 7.1042986 78
11.788715 0.32850087 6.5031595 87
11.535232 0.60915017 5.9264369 91
12.053086 -0.025630478 7.6172242 74
11.814478 0.30736944 6.9735613 83
11.585103 0.60643405 6.3903317 85
10.429078 0.81744254 5.3946433 86
11.862681 0.23915975 7.4905028 70
11.586365 0.57721412 6.8385553 81
10.410337 0.80150372 5.7835617 88
10.24685 1.0705343 5.3066707 86
11.653375 0.49969527 7.3505373 70
10.448846 0.76677841 6.2072921 93
10.256469 1.046008 5.703445 87
10.433932 1.3616595 5.4005337 48
10.478539 0.6847465 6.651484 106
10.271367 0.99899691 6.1066256 89
10.343133 1.3147693 5.7496648 58
10.582131 1.6564782 5.4784322 94
10.330988 0.91012323 6.5623755 87
10.227118 1.2413754 6.0824971 58
10.731731 1.6338501 5.9539924 81
10.384368 1.8997563 5.3961139 67
10.16359 1.1308874 6.4596739 80
10.63038 1.5464591 6.3076668 56
10.583288 1.8790586 5.8877344 94
10.214402 2.1430161 5.3282557 84
10.401423 1.3982117 6.5982742 48
10.686518 1.8168757 6.3437037 92
10.27177 2.0886497 5.7411256 91
10.017858 2.3726509 5.2525134 86
10.740417 1.6938823 6.7982125 92
10.487137 2.0410717 6.2449584 86
10.071782 2.3124464 5.6532946 87
9.8428183 2.6026573 5.1900411 87
10.583702 1.9214227 6.7102833 94
10.321423 2.2678053 6.1651607 95
9.8884592 2.5322952 5.5768232 85
9.6730747 2.8271677 5.1302581 87
10.422695 2.140465 6.6243362 83
10.151386 2.4891427 6.0873284 90
9.7211819 2.7493453 5.5109487 84
9.5043936 3.0458369 5.0754237 82
10.255617 2.3553061 6.5355625 90
9.9787989 2.7020526 6.0097413 92
9.5587187 2.9645584 5.4522281 85
9.3593321 3.2669177 5.0353684 80
10.093396 2.5620739 6.4549313 92
9.8311691 2.9169474 5.9497805 89
9.4042654 3.1750579 5.398428 85
9.2449684 3.4952202 5.0146952 79
9.9251394 2.7678602 6.3724179 93
9.6420937 3.1157196 5.8687072 91
9.2454271 3.3798618 5.3457551 83
9.1395645 3.7254996 4.9998441 80
9.7652359 2.9680316 6.2957988 89
9.4166985 3.2990506 5.7704206 92
9.0915318 3.5831649 5.2988753 82
9.0232763 3.9510078 4.9818702 82
9.6172409 3.1689286 6.2295146 87
9.2123995 3.4808536 5.6843877 87
8.9317398 3.7822404 5.25001 83
8.8893557 4.1684437 4.9575987 86
9.4782152 3.3710389 6.1705208 87
9.0270491 3.6632288 5.6123099 83
8.7823591 3.9819772 5.2090783 82
8.7417994 4.3761168 4.9295206 87
9.3239841 3.5647287 6.1036615 88
8.874052 3.8541729 5.5604582 81
8.6250916 4.1736622 5.1673503 81
8.5863094 4.5790186 4.90171 85
9.1777802 3.7569823 6.0457606 85
8.7360611 4.0481734 5.5193958 80
8.4681702 4.3612838 5.1276884 102
8.4410744 4.7801147 4.8807278 81
9.0249395 3.9438322 5.9870257 88
8.5808983 4.2332072 5.4717207 81
8.3438368 4.5630965 5.1083164 79
8.2856808 4.9767246 4.8569674 75
8.890976 4.1349597 5.9409118 88
8.4359941 4.4196038 5.4318485 80
8.1841564 4.7466311 5.0727391 76
8.1338787 5.1724463 4.8391504 71
8.745553 4.3222146 5.8900394 86
8.2975454 4.6060786 5.3988581 77
8.0545044 4.9424338 5.0555158 72
7.9849572 5.369144 4.8232732 64
8.5791254 4.4960394 5.8296599 84
8.160388 4.7951026 5.3678241 74
7.9169307 5.1334524 5.0364752 64
7.8427958 5.5681329 4.8142543 42
8.3910246 4.6551504 5.7577968 81
8.025528 4.980689 5.3407769 66
7.7628217 5.3136091 5.0108256 55
7.6828451 5.753726 4.7986708 42
8.2265673 4.8233132 5.7004285 74
7.891046 5.1653533 5.3167305 61
7.6263151 5.5018325 4.9977903 51
6.8928866 5.4814477 4.4283133 29
8.0577707 4.9826345 5.6462126 66
7.7534108 5.3468451 5.292768 57
7.4949751 5.6907558 4.9906554 43
6.7550035 5.6586757 4.4243951 30
7.9070401 5.1527257 5.6039152 61
7.6211491 5.5326877 5.2780304 51
6.8708792 5.5265865 4.6887441 35
6.6128788 5.830586 4.4209752 30
7.76477 5.3283305 5.5691786 54
7.4785008 5.7103033 5.2572885 54
6.745369 5.7047415 4.6866369 39
7.0808916 6.5102758 4.7857618 35
7.6318398 5.5060048 5.541759 48
6.8582911 5.5393395 4.9327178 42
6.6121678 5.8812108 4.6814151 39
6.9497166 6.7160306 4.800468 35
7.5062132 5.6925349 5.5207233 43
6.7322617 5.7154503 4.9226317 39
6.9290495 6.4308462 4.9651713 41
6.7981248 6.9066205 4.8066206 54
6.8693891 5.5056386 5.1637664 49
6.5978141 5.8821478 4.9096394 45
6.7769675 6.6064034 4.9594669 48
6.6542091 7.1029487 4.8216534 63
6.7426596 5.6739326 5.1457133 44
6.9212794 6.4286327 5.206305 44
6.6293511 6.7845769 4.9597201 52
6.5042844 7.2919798 4.8358636 74
6.6268444 5.8480353 5.1374135 38
6.7788939 6.6064434 5.1984634 46
6.4846587 6.9669118 4.9648867 61
6.3502712 7.48069 4.8511519 78
6.9628673 6.398778 5.4468169 34
6.6384645 6.7880864 5.1945558 52
6.3476715 7.1581907 4.9778414 70
6.1918268 7.6700168 4.8665166 77
6.8215933 6.5727248 5.4299846 41
6.4965148 6.9681683 5.1936898 58
6.1960654 7.3392539 4.9851465 76
6.0149269 7.8351641 4.8714156 74
6.6733503 6.7453766 5.4122906 41
6.3539538 7.1533246 5.1947942 67
6.0511994 7.5289354 4.999259 79
5.8036079 7.9665084 4.8562174 69
6.5405011 6.929574 5.4082232 52
6.203836 7.3296022 5.1961098 74
5.9006486 7.7167001 5.0134921 79
5.629705 8.135849 4.870029 82
6.3895078 7.1013083 5.3955889 61
6.0636439 7.5176849 5.2061486 76
5.7540417 7.908978 5.0366178 102
5.4670453 8.3227215 4.8964944 84
6.2619157 7.2925787 5.4033704 72
5.924509 7.7061357 5.2221665 78
5.6189733 8.1146641 5.0704241 81
5.3169079 8.5296736 4.9365697 85
6.1193471 7.4745665 5.4035001 70
5.777091 7.8970675 5.2353158 80
5.4715343 8.3161764 5.1014924 81
5.1569428 8.7280302 4.9738946 85
5.97299 7.6552777 5.4037113 79
5.6351919 8.0940971 5.2573166 80
5.3206134 8.5186253 5.1326165 83
4.997066 8.9327612 5.0171676 86
5.8366299 7.8541589 5.417593 79
5.4907789 8.2923927 5.2803535 80
5.1579528 8.711834 5.1600313 83
4.8369498 9.147975 5.0663614 86
5.6916614 8.0469637 5.4266815 78
5.3404069 8.4929075 5.3064828 82
5.0062547 8.9235401 5.2020969 83
4.6689258 9.3584118 5.1147389 85
5.5439057 8.2388344 5.4388299 81
5.1817522 8.6863966 5.327816 82
4.8466744 9.1304684 5.2433314 84
4.5093517 9.5885944 5.1767783 86
5.3892331 8.4294071 5.4500799 81
5.0328493 8.8990097 5.36378 84
4.687232 9.346941 5.291461 85
4.3403239 9.8124151 5.2380266 87
5.2369146 8.6260691 5.4702454 81
4.8747272 9.1043034 5.3980083 82
4.5239482 9.5684748 5.34168 86
4.166791 10.036858 5.3004365 89
5.0842032 8.830019 5.4924431 80
4.709898 9.310524 5.4324126 79
4.3568978 9.7919245 5.3959889 86
3.9837902 10.261277 5.3640194 90
4.9771066 9.1116953 5.5651512 81
4.5551367 9.5412655 5.4833932 84
4.1848698 10.017909 5.4523125 85
3.805752 10.503214 5.4403281 91
4.8695159 9.4143238 5.6476712 85
4.4697142 9.9126654 5.6139569 91
4.0874109 10.410617 5.6029291 93
3.4577191 10.354 5.3189049 57
4.7120643 9.6462412 5.6886687 81
4.3066115 10.159588 5.674921 94
3.8990905 10.641638 5.6634665 93
3.163666 10.308544 5.2566123 87
4.532845 9.8507814 5.7173243 90
4.1245103 10.389595 5.7254457 92
3.4938412 10.362237 5.4622064 55
2.981173 10.557494 5.3430157 85
4.3595662 10.079479 5.7576461 88
3.9404998 10.623137 5.7829108 94
3.1889517 10.294091 5.3753028 85
3.1091762 11.747712 5.9010329 90
4.1800914 10.304998 5.7990575 91
3.5673964 10.429476 5.6112695 50
3.0065448 10.533495 5.4527006 86
2.8896644 12.004192 5.9939842 85
4.0058208 10.559776 5.8581834 86
3.2262731 10.270931 5.4667773 81
2.7988646 10.727389 5.5049152 6
2.6736157 12.292457 6.1045818 87
3.6807482 10.486879 5.7396855 57
3.0327871 10.479117 5.5206256 86
2.9260666 12.000816 6.1073189 82
2.4535525 12.608985 6.2320862 78
3.3021123 10.251239 5.5405364 68
2.8193967 10.654198 5.5561395 37
2.7003772 12.256272 6.1934156 83
2.2134192 12.893394 6.3462191 77
3.0935862 10.423717 5.5649796 78
2.9564242 11.942568 6.1642604 81
2.477227 12.562234 6.3060608 85
1.9774637 13.233091 6.4908314 66
2.892287 10.635606 5.6109734 47
2.7344446 12.211933 6.2481747 85
2.2436719 12.86469 6.4199257 83
1.72304 13.545435 6.6240044 65
3.0139663 11.860689 6.1818848 80
2.5124097 12.523531 6.3537521 84
2.0029759 13.182697 6.5437975 88
1.4569947 13.867592 6.7633123 60
2.7969685 12.152839 6.265523 80
2.2777216 12.822416 6.4566622 83
1.752331 13.521642 6.6796761 79
1.182632 14.205957 6.9156299 86
2.5731833 12.456424 6.3581738 83
2.0353093 13.13559 6.5695786 81
1.4884217 13.84977 6.812871 74
0.89676398 14.569043 7.081996 82
2.3396528 12.765394 6.4550619 63
1.7842324 13.483006 6.6984601 77
1.2198951 14.235677 6.9787455 76
0.59948963 14.954688 7.2653375 70
2.0930657 13.081306 6.5559449 72
1.5148318 13.789147 6.8118453 82
0.92520165 14.549162 7.1105404 77
0.2901901 15.362578 7.4616456 83
1.8321569 13.373381 6.6472836 71
1.2472879 14.199432 6.975359 75
0.62721586 14.934434 7.2818198 80
-0.066111229 15.259225 7.4159117 88
1.5689467 13.71851 6.7661471 80
0.9527604 14.512882 7.0959921 85
0.31906891 15.394749 7.4916697 82
-0.41853663 15.036345 7.3162508 76
1.288771 14.082347 6.8956356 84
0.64844322 14.897146 7.2542834 77
-0.042352811 15.319878 7.4458361 82
-0.75690043 15.347007 7.4787498 58
0.99873978 14.454341 7.033669 72
0.33237305 15.31946 7.4329853 96
-0.39928558 15.091512 7.3312521 81
0.69517207 14.854448 7.1850672 66
-0.026395904 15.270014 7.3889999 90
-0.743536 15.352247 7.4563513 58
0.37579018 15.297823 7.3581967 79
-0.38926315 15.043911 7.2612906 79
0.010900996 15.29819 7.3248758 78
-0.73599303 15.341982 7.3922572 63
-0.35968286 15.045256 7.176692 79
-2.8921025 19.114563 9.4436855 37
-0.71284121 15.316835 7.2799869 59
-3.4094586 19.770306 9.812005 47
-2.9079134 19.139685 9.3511896 41
-3.8917801 19.973112 9.9656954 86
-3.4421237 19.858345 9.7303219 47
-4.3622355 20.034134 10.051849 36
-2.952831 19.286232 9.2762079 33
-3.9147463 19.933804 9.8028221 103
-5.3288398 22.610186 11.405506 30
-3.496222 19.963802 9.6167402 42
-4.4166899 20.140575 9.9453983 21
-6.0768733 23.618126 11.994215 25
-3.0121748 19.594736 9.2204437 40
-3.9640672 19.898432 9.6043501 93
-5.4218311 22.790478 11.29882 21
-6.8613877 24.538481 12.54614 77
-3.5443053 20.012516 9.4193506 69
-4.4850731 20.145407 9.7504873 18
-6.1753564 23.716316 11.816 21
-7.36555 24.250353 12.49649 68
-4.0132132 19.862076 9.3548212 84
-5.54318 22.94636 11.13794 19
-6.9522448 24.553621 12.302748 105
-8.0269527 24.511826 12.731658 65
-4.5573049 20.173313 9.5133295 11
-6.3356404 23.961573 11.671499 20
-7.4542303 24.21764 12.213811 36
-8.5074768 24.159883 12.661658 54
-5.6777835 23.151207 10.931969 27
-7.0595522 24.478046 11.978022 88
-8.147068 24.523642 12.453664 68
-8.9749308 23.784389 12.582894 77
-6.5381474 24.341953 11.522534 22
-7.6096158 24.277859 11.94092 28
-8.63097 24.149389 12.355964 77
-9.4388723 23.438089 12.520823 76
-7.1639299 24.372662 11.575945 79
-8.263669 24.399557 12.071066 77
-9.1126165 23.783295 12.270802 71
-9.9043789 23.113537 12.478872 75
-7.8856916 24.674889 11.767106 59
-8.7703686 24.027355 11.967689 69
-9.5834856 23.387091 12.173895 90
-10.369933 22.797108 12.445212 95
-8.4068727 24.27396 11.633934 66
-9.2568836 23.633194 11.854372 67
-10.052967 23.035723 12.102855 88
-10.820063 22.458681 12.400651 107
-8.9223356 23.892332 11.512812 74
-9.7406015 23.247307 11.753011 93
-10.509488 22.671713 12.032865 90
-11.264211 22.129507 12.367198 75
-9.4298239 23.501835 11.392583 90
-10.227401 22.904051 11.675939 83
-10.974473 22.336254 11.977931 75
-11.338292 21.071611 11.926749 91
-9.9250517 23.117851 11.281772 84
-10.697448 22.539095 11.593664 81
-11.099653 21.310865 11.557191 5
-12.149916 21.485907 12.323585 55
-10.42109 22.737885 11.186454 72
-11.16857 22.167723 11.516352 92
-11.51544 20.934101 11.490319 86
-12.570792 21.146049 12.294983 92
-10.909499 22.362411 11.091325 95
-11.277277 21.095648 11.07679 67
-12.323445 21.3085 11.840322 104
-12.996298 20.824686 12.282578 101
-11.391011 21.999811 11.010201 66
-12.082441 21.451818 11.387987 64
-12.763767 20.974764 11.807076 93
-13.419185 20.496994 12.270876 106
-11.506428 20.923109 10.577233 62
-12.55181 21.121626 11.344686 83
-13.203868 20.648218 11.783228 79
-13.836862 20.173792 12.266652 117
-12.339488 21.266655 10.862003 100
-13.00632 20.780704 11.305169 104
-13.646144 20.321814 11.764633 83
-14.253416 19.853903 12.269657 109
-12.807939 20.909006 10.802247 89
-13.457498 20.433796 11.26314 89
-14.078284 19.991974 11.749133 91
-14.673026 19.534929 12.274577 114
-13.279002 20.562 10.75316 68
-13.899093 20.083662 11.227264 111
-14.499646 19.64887 11.733698 91
-15.087825 19.218384 12.290953 96
-13.751759 20.215977 10.709081 91
-14.347325 19.746866 11.204827 109
-14.940566 19.32926 11.736113 79
-15.492987 18.891104 12.302565 93
-14.208138 19.853424 10.667868 101
-14.795234 19.402487 11.185442 97
-15.376984 19.011267 11.744165 82
-15.902076 18.560589 12.318479 97
-14.682326 19.516838 10.644043 79
-15.243629 19.068453 11.177195 92
-15.805556 18.6782 11.753776 81
-16.326555 18.256927 12.357651 100
-15.124353 19.1383 10.61229 87
-15.684215 18.730946 11.181993 91
-16.234058 18.349499 11.776095 91
-16.231789 17.368204 12.010949 104
-15.58584 18.786787 10.593875 91
-16.125851 18.382658 11.17568 112
-16.150599 17.432283 11.413013 78
-17.135233 17.601221 12.428863 93
-16.055679 18.447416 10.590602 104
-16.071657 17.465181 10.830067 116
-17.106806 17.69556 11.828825 78
-17.54706 17.269945 12.470056 97
-16.011988 17.49157 10.23757 90
-17.033184 17.708176 11.206221 109
-17.540442 17.356619 11.858467 90
-17.976519 16.961126 12.531164 85
-16.990099 17.733706 10.585515 106
-17.48555 17.361944 11.22366 87
-17.977945 17.027185 11.898455 93
-18.395206 16.632864 12.583783 75
-17.460495 17.38348 10.598186 99
-17.945835 17.025856 11.256773 87
-18.418184 16.688484 11.939159 84
-18.819866 16.311522 12.648703 69
-17.940895 17.030603 10.616305 93
-18.401283 16.679579 11.290311 82
-18.864502 16.356833 11.996497 98
-19.240316 15.982433 12.717468 73
-18.402225 16.660131 10.632165 82
-18.860487 16.325325 11.327368 75
-19.315655 16.021166 12.058305 83
-19.672529 15.652073 12.790897 82
-18.887186 16.30533 10.667777 89
-19.332283 15.982441 11.379625 107
-19.755848 15.666039 12.111796 90
-20.112574 15.325955 12.876888 83
-19.386242 15.948833 10.710927 93
-19.8011 15.627874 11.436112 71
-20.192825 15.308514 12.174953 94
-20.614794 15.037025 13.005977 76
-19.866734 15.573798 10.7525 97
-20.268305 15.258675 11.49027 90
-20.623482 14.93825 12.234363 92
-21.076439 14.709937 13.111548 82
-20.359573 15.198461 10.805898 76
-20.763546 14.90591 11.567698 94
-21.080742 14.573524 12.311115 84
-20.857777 13.896743 12.785851 59
-20.86722 14.819187 10.866968 71
-21.193827 14.496003 11.611709 46
-20.969875 13.812284 12.055131 153
-21.969528 14.005129 13.313859 73
-20.888071 14.088604 10.675456 19
-21.033033 13.669641 11.326266 88
-22.022139 13.845108 12.497611 95
-22.428003 13.642299 13.421138 33
-21.166351 13.55575 10.630705 21
-22.228636 13.763311 11.807199 82
-22.527964 13.490002 12.619896 61
-22.810673 13.23051 13.488937 33
-22.405249 13.634687 11.084956 76
-22.739901 13.379059 11.908157 86
-23.028957 13.113574 12.734489 63
-23.089449 12.754678 13.505783 17
-22.947153 13.234259 11.184683 79
-23.267004 12.984262 12.019606 61
-23.558489 12.746441 12.875827 66
-23.544689 12.369519 13.624668 15
-23.489372 12.821362 11.288822 74
-23.777489 12.573052 12.128267 68
-24.128532 12.382093 13.03828 55
-23.974609 11.965955 13.736119 21
-24.033991 12.389257 11.392241 79
-24.290224 12.148735 12.242608 61
-24.667963 11.988089 13.188328 40
-24.203938 11.447354 13.727612 21
-24.611855 11.96125 11.516188 80
-24.841034 11.723271 12.37536 38
-25.081268 11.520567 13.272852 26
-24.455843 10.946767 13.738912 11
-25.222433 11.533852 11.660207 83
-25.38636 11.286201 12.509315 55
-25.36426 10.986204 13.288285 20
-24.571295 10.386471 13.683125 20
-25.078913 10.745195 11.448691 60
-25.345039 10.578209 12.353901 60
-25.774506 10.49976 13.374983 16
-25.644768 10.281449 11.587741 48
-25.191088 9.8339262 12.150676 34
-24.752901 9.4364605 12.714315 28
-24.859669 9.2706871 11.10128 34
-24.645363 8.969636 11.76821 29
-24.091011 8.5698099 12.253931 32
-24.240961 8.4842873 13.165442 27
-24.13698 8.3476963 10.677685 27
-23.935827 8.0918837 11.330739 29
-23.819265 7.8916917 12.031466 30
-23.323761 7.6056638 12.569676 29
-22.06752 7.0191526 9.6412935 10
-21.940277 6.8296132 10.265644 27
-21.844059 6.6806259 10.915213 29
-21.752748 6.5709586 11.615773 47
-21.800247 6.3655624 9.4424276 78
-21.929369 6.2832685 10.182328 75
-19.573986 5.486536 9.6685743 4
-19.124161 5.3029447 10.091951 7
-21.978767 5.8576217 9.4473419 44
-22.161816 5.8121452 10.223579 43
-21.419973 5.1643777 9.1328316 50
-21.660635 5.1492376 9.9166174 38
-21.001717 4.5391898 8.8904877 44
-20.930506 4.4694219 9.5139551 44
-21.140862 4.4852209 10.289449 21
-20.853868 3.9929273 8.7759914 17
-20.447216 3.8801234 9.2387619 52
-20.723295 3.9251337 10.02986 39
-20.009941 3.3241613 8.9898319 50
-20.199656 3.3683469 9.726017 75
-20.288897 3.4332111 10.465303 16
-19.842974 2.8379698 8.8740072 47
-19.643988 2.8346627 9.4085894 55
-19.976374 2.9542611 10.259522 58
-18.30961 2.1625021 7.561676 13
-18.329117 2.1877942 8.1373396 8
-19.281694 2.3529594 9.1920891 53
-19.624084 2.486136 10.035153 57
-17.961355 1.6972797 7.3863196 78
-18.000856 1.7391666 7.9611478 92
-18.068298 1.8000901 8.5619421 83
-18.138245 1.9027103 9.2111597 70
-18.360901 1.3112622 7.5389748 73
-18.335443 1.3601321 8.0943289 69
-18.244349 1.4255873 8.6304779 19
-18.179472 1.5309329 9.2126427 50
-3.7699692 0.078206651 1.2670255 28
-3.6992667 0.085421845 1.3286369 33
-3.7001622 0.10015993 1.4224912 34
-18.383415 1.1719948 9.3005934 59
-3.7850361 0.007788064 1.271755 45
-3.7168851 0.019366406 1.3344929 35
-3.6974039 0.035639536 1.4200324 24
-18.139544 0.77911669 9.1546841 12
-17.672934 0.027762273 7.2202759 82
-3.7981794 -0.047060091 1.3714771 5
-3.7388723 -0.02793356 1.4382883 5
-17.841909 0.39774933 8.9862032 59
-17.367907 -0.37326077 7.0909791 84
-17.563221 -0.27006948 7.7088466 3
-17.76988 0.032222129 8.940546 40
-17.066341 -0.76382482 6.9664502 79
-17.121664 -0.64518207 7.5087028 37
-17.663752 -0.33223894 8.8799725 5
-16.772392 -1.13773 6.8514643 79
-16.858473 -1.0125214 7.3930573 85
-16.490116 -1.4986051 6.7434297 86
-16.625957 -1.3690652 7.2978692 92
-16.897692 -1.2261364 7.9326177 3
-16.221638 -1.8525125 6.6435838 85
-16.36368 -1.7145324 7.1890616 81
-16.687929 -1.5681905 7.8417149 4
-15.959711 -2.1927824 6.551743 78
-16.116409 -2.0492077 7.0924335 85
-16.243145 -1.8786213 7.6343708 11
-15.698399 -2.5248086 6.4628468 80
-15.870376 -2.3737371 6.9997444 91
-15.988574 -2.1950259 7.5254602 19
-14.608451 -2.6875203 6.0178218 79
-14.675105 -2.5221791 6.4687214 2
-15.727411 -2.4997051 7.4163365 75
-13.202989 -2.7302587 5.4311962 4
-14.518503 -2.8261518 6.4204545 65
-14.618169 -2.6370914 6.8877459 69
-15.67355 -2.564872 7.8870134 17
-13.037817 -3.0028217 5.3895221 3
-13.133952 -2.8464766 5.7990098 2
-13.302052 -2.6837246 6.2537308 2
-14.613873 -2.6936903 7.3452382 78
-12.841596 -3.2648866 5.3362656 1
-12.914711 -3.0933855 5.7262659 1
-13.076117 -2.92626 6.1658745 2
-13.251698 -2.7155485 6.6381207 2
-12.669525 -3.5236542 5.2972326 2
-12.726249 -3.3424478 5.6697927 2
-12.881636 -3.1691098 6.0951729 2
-13.049902 -2.9493818 6.5534034 2
-12.602324 -3.6045508 5.6466994 2
-12.68397 -3.4021888 6.0275264 5
-12.86376 -3.1832037 6.4779654 2
-12.359657 -3.824568 5.5691485 3
-12.512288 -3.6387339 5.9743724 4
-12.726379 -3.4207551 6.4344263 2
-12.196237 -4.0638695 5.5311675 3
-12.403198 -3.8910618 5.955462 2
-12.541156 -3.6453817 6.3629317 2
-13.642604 -5.180388 5.932972 63
-12.430416 -4.4517612 5.6914749 1
-12.208949 -4.1105061 5.8947673 3
-12.333365 -3.8560755 6.2829218 2
-13.461089 -5.4631467 5.9080234 65
-13.63367 -5.2481065 6.3363585 73
-12.402722 -4.4752893 6.0381651 2
-12.216623 -4.0910673 6.2537313 3
-13.265747 -5.7338548 5.8807306 65
-13.431668 -5.511323 6.2938838 83
-13.621682 -5.2726078 6.7253318 82
-13.827258 -4.9799819 7.1826138 2
-13.065383 -6.0007596 5.8523192 68
-13.222438 -5.7647114 6.2512007 78
-13.438343 -5.5305138 6.6841435 75
-13.650129 -5.2357879 7.1305151 71
-12.851478 -6.2546511 5.8235621 72
-13.031013 -6.0240879 6.2198853 81
-13.236836 -5.7770262 6.6355395 78
-13.462319 -5.479547 7.0771294 64
-12.64792 -6.5088587 5.7999916 77
-12.839239 -6.2748947 6.1924939 78
-13.039959 -6.0219197 6.5940061 80
-13.283257 -5.7283602 7.0289407 65
-12.458096 -6.7687397 5.7857137 87
-12.651819 -6.5313883 6.1682277 81
-12.84685 -6.2649169 6.5545254 79
-13.101328 -5.9698672 6.9836435 75
-12.271993 -7.0298696 5.7755132 84
-12.459991 -6.7790051 6.1448116 81
-12.666207 -6.514214 6.5243187 80
-12.916268 -6.20821 6.9372649 63
-12.063604 -7.272933 5.7597704 84
-12.267807 -7.0243845 6.124373 78
-12.481466 -6.7568488 6.4949861 81
-12.739295 -6.4503393 6.8970771 70
-11.869564 -7.5261321 5.7513971 98
-12.078044 -7.2716727 6.107039 87
-12.294119 -6.9976034 6.4666548 88
-12.556599 -6.6874151 6.8567958 68
-11.682011 -7.778367 5.7501636 94
-11.891034 -7.519897 6.0937796 87
-12.118908 -7.2424345 6.4485736 89
-12.373199 -6.9200211 6.8214669 75
-10.844248 -7.5448375 5.4014025 95
-11.700852 -7.7617683 6.0824127 89
-11.935559 -7.4803023 6.4272923 93
-12.176386 -7.142839 6.7778192 80
-10.669279 -7.7812567 5.4072642 101
-10.874855 -7.5291047 5.7118664 90
-11.759006 -7.7225699 6.4141741 98
-11.99577 -7.3732257 6.7465296 88
-11.118696 -8.5358849 5.7654734 98
-10.693196 -7.7516952 5.7055006 87
-10.911624 -7.4743419 6.0041199 94
-11.824473 -7.6099076 6.7234583 91
-10.927799 -8.784873 5.7751651 99
-11.149995 -8.4961176 6.0777578 95
-10.742971 -7.6992207 5.9950008 94
-10.965708 -7.3536944 6.2791314 47
-10.734972 -9.033206 5.786819 96
-10.966475 -8.7454987 6.0815825 98
-11.202847 -8.4341097 6.3742361 116
-10.828809 -7.5934973 6.2776966 87
-10.545787 -9.2890844 5.8056006 94
-10.779787 -8.9916983 6.0863256 96
-11.026101 -8.6762924 6.3721194 96
-10.670004 -7.8206506 6.2657709 102
-10.352517 -9.5383062 5.8242559 86
-10.598596 -9.2428951 6.1012092 91
-10.842724 -8.9162359 6.3698688 99
-11.120651 -8.5481892 6.6497841 88
-10.159116 -9.7914486 5.8481979 97
-10.402998 -9.4816036 6.1089845 86
-10.658014 -9.1544085 6.369823 91
-10.951192 -8.7883463 6.6450157 101
-9.9641104 -10.048513 5.8739028 97
-10.21392 -9.7280302 6.1237035 96
-10.470149 -9.3917742 6.3714857 107
-10.762089 -9.01478 6.6295624 92
-9.7789707 -10.31627 5.9118729 95
-10.022224 -9.9788408 6.1424136 89
-10.290645 -9.638278 6.3813734 101
-10.584158 -9.2544622 6.6234174 87
-9.5753822 -10.567262 5.9413776 88
-9.8314075 -10.229938 6.165143 89
-10.100127 -9.8800125 6.3890276 98
-10.405529 -9.4928446 6.6212516 88
-9.375411 -10.832125 5.9780631 94
-9.6295948 -10.476275 6.184639 89
-9.9095583 -10.121722 6.3996816 98
-10.223691 -9.7343607 6.6210551 80
-9.1728773 -11.091892 6.017662 88
-9.4420338 -10.739002 6.217525 88
-9.7310429 -10.380138 6.422689 92
-10.040245 -9.9742737 6.6228185 89
-8.9720287 -11.368045 6.0654364 91
-9.2490454 -11.002011 6.2523336 89
-9.5312386 -10.624013 6.4352226 97
-9.8495264 -10.210691 6.6234565 86
-8.7701387 -11.643845 6.1172142 85
-9.0565224 -11.272552 6.2942319 86
-9.344696 -10.88394 6.4631348 88
-9.6643019 -10.461609 6.6323133 92
-8.554472 -11.907618 6.16365 76
-8.8458757 -11.528553 6.3266883 86
-9.1521473 -11.142895 6.4909339 88
-9.4864359 -10.721317 6.6523752 88
-8.349761 -12.203545 6.2275491 86
-8.6379042 -11.79177 6.3672533 83
-8.9560404 -11.409084 6.5217314 81
-9.2963562 -10.973747 6.667161 86
-8.1232176 -12.467851 6.2807994 86
-8.4335308 -12.068848 6.4159999 87
-8.7499084 -11.66451 6.5492625 87
-9.100852 -11.229619 6.6838813 83
-7.6973519 -12.385572 6.1606297 35
-8.224905 -12.355031 6.4707479 85
-8.5473108 -11.936933 6.5879993 84
-8.9064837 -11.491136 6.7066693 82
-7.2658315 -12.267637 6.0280609 78
-7.9938765 -12.608349 6.5118213 81
-8.3365679 -12.202385 6.6245208 84
-8.701457 -11.743776 6.7271724 73
-7.0584178 -12.561559 6.1038656 78
-7.3956604 -12.19704 6.2118115 72
-8.1315479 -12.487676 6.6742868 89
-8.501255 -12.019131 6.756937 67
-7.223887 -13.668665 6.576067 81
-7.158381 -12.422017 6.246521 83
-7.70789 -12.400114 6.5240951 55
-8.2952776 -12.291823 6.7886214 63
-6.9859772 -13.991625 6.6636801 90
-6.9296551 -12.673159 6.2967768 26
-7.2781372 -12.268244 6.3626776 79
-8.0788116 -12.563947 6.8194623 63
-6.7414322 -14.312143 6.7543054 79
-7.1012764 -13.825637 6.7895756 93
-7.0680814 -12.542409 6.4143953 92
-7.5118074 -12.203321 6.5156369 42
-6.4724708 -14.602184 6.8315158 86
-6.8624158 -14.141643 6.8697982 98
-7.2425885 -13.657787 6.8937063 87
-7.2330689 -12.341443 6.4864354 81
-6.21457 -14.933822 6.9331145 85
-6.615561 -14.458041 6.9531903 97
-7.0049462 -13.958329 6.9548573 89
-6.9974442 -12.569946 6.5029955 53
-5.9469771 -15.270597 7.0370188 82
-6.3619967 -14.788905 7.0404472 100
-6.766335 -14.274086 7.0284004 86
-7.1805153 -13.70671 6.9890752 85
-5.6775613 -15.641044 7.1578269 48
-6.0934997 -15.096419 7.1217265 87
-6.5168982 -14.594378 7.10111 93
-6.964612 -14.058369 7.0695953 75
-5.3961444 -16.000113 7.2762375 60
-5.8210502 -15.43327 7.2160215 71
-6.2513375 -14.893548 7.1671243 87
-6.700016 -14.325235 7.1033039 89
-5.1063862 -16.376478 7.4074826 47
-5.5579205 -15.82497 7.3398552 80
-5.9936428 -15.249159 7.2587352 75
-6.4508467 -14.644736 7.1667461 87
-4.809 -16.787178 7.5528994 57
-5.2784195 -16.20904 7.4623499 39
-5.7285337 -15.610697 7.3582807 56
-6.1918283 -14.965162 7.2320271 55
-4.4969263 -17.195141 7.6973848 50
-4.9765611 -16.56683 7.5706205 67
-5.4534659 -15.989272 7.4622321 24
-5.9292278 -15.323825 7.3120842 71
-4.0984035 -17.213686 7.673543 38
-4.6712561 -16.972172 7.7026501 59
-5.1561069 -16.329842 7.5528464 66
-5.6676311 -15.711281 7.4097114 46
-3.6652176 -17.02758 7.5623507 36
-4.3406143 -17.322563 7.8137565 58
-4.8592334 -16.732822 7.6709857 60
-5.3911653 -16.110716 7.5121818 34
-3.3231876 -17.37216 7.6912055 10
-3.8856692 -17.034534 7.6403184 50
-4.5462928 -17.138004 7.793921 45
-5.0868969 -16.449223 7.5888147 53
-3.516418 -17.192736 7.6724854 36
-4.1641951 -17.240246 7.781321 48
-4.7875562 -16.858822 7.7010899 57
-3.7200117 -16.991402 7.6148553 45
-4.4686213 -17.272207 7.8127055 56
-3.3730855 -17.305637 7.7058067 13
-4.0341558 -17.125744 7.6749506 36
-3.6269164 -17.087486 7.5913553 39
-3.2738378 -17.426661 7.6794648 5
-0.51694387 -22.007402 9.6679907 25
-0.034203477 -21.793604 9.5789394 17
-0.77930993 -22.099707 9.6527729 24
0.5565328 -23.593977 10.385138 11
-0.28941131 -21.791828 9.5047913 18
1.1770271 -24.762554 10.920238 8
0.20494601 -22.004709 9.5926905 7
-0.5541625 -21.985666 9.4805746 25
-1.3696346 -21.715691 9.2552881 5
1.8001785 -25.465164 11.252793 10
0.83315539 -23.909445 10.417694 14
-0.06358175 -21.875526 9.4068565 18
-0.86953002 -22.028101 9.3380728 25
1.4820603 -25.105236 10.947812 12
0.54132462 -23.584116 10.121426 13
-0.36407915 -21.831858 9.210207 25
2.1460512 -25.9286 11.313088 9
1.1318361 -24.25787 10.39204 10
0.15010561 -22.01594 9.2473726 14
2.5384932 -24.489471 10.699388 5
1.825963 -25.596666 10.95969 11
0.7904439 -23.923019 10.020118 22
2.5113025 -26.329329 11.269354 9
1.413727 -24.673794 10.304817 16
2.0754862 -25.449059 10.59998 6
2.8623304 -26.821703 11.147261 26
11.310272 -35.310131 15.345403 10
12.774207 -33.834957 15.457814 13
11.227889 -35.891117 14.92857 19
14.024059 -32.205326 15.538888 19
11.380586 -28.521114 13.117296 8
12.872261 -34.610977 15.184747 19
11.97958 -35.35677 14.742996 19
14.797198 -32.044559 15.614539 14
14.430842 -33.541801 15.559525 12
13.572675 -34.079762 15.042214 13
15.513304 -31.731804 15.628822 17
15.05593 -32.956272 15.421551 21
14.260285 -33.557293 14.913628 21
16.321899 -31.608936 15.74214 17
15.691958 -32.425117 15.308856 23
14.918085 -33.010845 14.774306 17
17.04685 -31.330214 15.777262 17
16.343647 -31.951832 15.228341 20
16.986883 -31.460789 15.144887 19
17.591084 -36.729317 15.701239 16
17.632639 -30.95871 15.057952 31
18.903151 -29.901621 15.627278 21
18.281435 -30.479462 14.991056 26
19.542074 -29.475185 15.618551 21
18.922626 -30.008368 14.938885 20
20.151493 -28.999769 15.586375 26
19.549269 -29.514629 14.881031 19
20.768465 -28.561129 15.583345 17
20.186035 -29.054195 14.845716 20
22.238724 -35.003712 15.600135 28
21.38101 -28.096472 15.568726 26
20.845221 -28.617949 14.828661 11
23.02216 -34.398773 15.493292 17
22.004553 -27.65106 15.57235 29
23.816565 -33.786209 15.383345 24
22.597088 -27.159847 15.550028 20
24.584993 -33.178455 15.295493 27
23.190094 -26.677788 15.54399 22
25.393353 -32.622704 15.239958 21
23.825491 -26.248938 15.577662 17
26.176598 -32.005436 15.166968 22
24.358299 -25.701118 15.548268 22
27.0014 -31.467495 15.145917 20
25.03306 -25.298555 15.61803 14
27.738472 -30.786209 15.066742 28
25.615711 -24.790337 15.632549 17
28.493685 -30.133881 15.012456 31
26.327547 -24.347675 15.693099 15
29.301167 -29.459784 14.948268 26
30.084505 -28.811171 14.908691 24
30.930784 -28.222097 14.915001 27
31.7745 -27.618925 14.926778 25
27.855968 -21.137484 14.231189 17
28.384228 -22.46863 12.750312 63
24.747316 -17.642405 13.238046 65
24.609901 -17.900192 12.387585 31
27.566471 -20.382326 12.985313 20
28.141527 -21.20088 12.355916 17
24.951176 -16.992468 13.12881 23
25.094402 -17.400784 12.398031 69
24.889128 -17.586679 11.529842 47
24.694242 -17.773167 10.654013 69
23.826796 -15.526018 12.37088 17
24.239035 -16.051943 11.788683 21
24.204496 -16.296844 11.011259 21
24.988047 -17.087484 10.557394 37
20.993797 -13.115312 10.791483 45
21.255091 -13.476264 10.222783 17
23.419273 -15.010756 10.475298 19
21.390455 -12.723828 10.830165 99
21.280655 -12.841221 10.076863 99
21.155886 -12.94482 9.3448877 114
20.785055 -11.790875 10.401119 28
21.361225 -12.241244 9.96313 32
21.588062 -12.508542 9.3711748 42
21.595203 -12.658072 8.6703806 113
20.54681 -11.077337 10.153396 7
20.713974 -11.385411 8.8671083 12
20.892191 -11.585042 8.2516232 28
19.949621 -10.374126 8.4171724 33
20.078035 -10.513396 7.8062334 26
17.606445 -8.6428194 7.940855 77
17.675188 -8.7258224 7.3913617 58
17.75993 -8.8098011 6.8336053 30
17.536625 -8.0940943 8.4084187 98
17.549786 -8.127346 7.8153486 111
17.570612 -8.1632252 7.2451768 107
17.60857 -8.2060032 6.6768212 90
17.972471 -7.8152738 8.5116491 92
18.009169 -7.8343096 7.910121 136
18.010624 -7.8451214 7.3200979 121
18.030188 -7.862493 6.7338276 114
17.512594 -7.1806493 8.2188826 57
17.518385 -7.1712871 7.619781 54
17.49353 -7.1477032 7.0319118 51
17.154297 -6.9991579 6.3322244 44
17.059032 -6.5747681 7.9344406 61
17.026468 -6.5282631 7.332346 51
16.966627 -6.4782972 6.7487273 50
16.608686 -6.3137045 6.0611138 68
16.61698 -5.9955778 7.6603341 55
16.55673 -5.9269834 7.064671 69
16.312796 -5.7979259 6.4265699 55
16.155649 -5.6891146 5.8291812 55
16.207306 -5.4548321 7.4085622 71
16.129717 -5.362474 6.8179693 72
15.737041 -5.1822467 6.1429062 78
15.70001 -5.1034169 5.6077142 52
15.801817 -4.9409595 7.1678758 67
15.706589 -4.8334308 6.5844526 70
15.336733 -4.6507483 5.9319901 84
15.26233 -4.5518808 5.4003 63
14.176074 -4.1239829 6.4140692 2
14.133402 -4.0238433 5.9068313 77
14.05773 -3.9221048 5.4121385 84
13.984322 -3.8143182 4.9213538 72
13.912583 -3.7204254 6.2509913 67
13.833411 -3.5998731 5.7391891 86
13.917169 -3.5286872 5.3160882 99
14.051649 -3.4572973 4.9001317 81
14.002723 -3.4124169 6.24263 78
14.151656 -3.3309817 5.8193493 101
14.275001 -3.2454822 5.3984613 124
14.422726 -3.1602225 4.9791675 115
14.387362 -3.1624415 6.3590331 95
14.090494 -2.9740536 5.7522297 78
14.033387 -2.8386247 5.2709012 70
14.144301 -2.728801 4.8469939 74
14.18128 -2.7921019 6.2301774 76
13.780083 -2.5777335 5.5928917 77
13.905166 -2.4620612 5.1857047 82
13.83642 -2.3105052 4.7114348 63
13.802515 -2.4020832 6.0320501 82
13.506656 -2.2027562 5.4501419 82
13.659632 -2.0807967 5.0664377 94
13.561429 -1.917001 4.5915551 73
13.357003 -2.0219307 5.8131294 72
13.231787 -1.8451434 5.31358 77
13.372785 -1.7061008 4.9349275 94
13.257961 -1.5362597 4.4692717 88
13.120278 -1.6894499 5.6841536 67
13.017258 -1.5048939 5.2042551 77
13.104549 -1.3510592 4.8154364 94
12.987361 -1.1734843 4.3597493 87
12.866823 -1.3662887 5.5526857 77
12.93961 -1.1890496 5.1478314 86
12.846341 -1.0097535 4.704731 87
12.674564 -0.82106209 4.2398572 37
12.636996 -1.056679 5.4327855 81
12.730301 -0.8703934 5.0465126 104
12.577622 -0.67844099 4.5902925 81
2.8708997 -0.19490951 1.1738746 45
12.4028 -0.75577611 5.3140383 88
2.8949974 -0.21559943 1.3977029 0
2.9095488 -0.16148031 1.2919632 32
2.9631989 -0.10682169 1.198567 51
2.8611562 -0.1908357 1.4940743 42
2.9424665 -0.13316488 1.4101911 53
2.9894407 -0.074415684 1.3158709 51
3.0525682 -0.013393148 1.2232606 50
2.9570251 -0.11313071 1.5267996 61
3.0090063 -0.047429141 1.430334 54
3.0743902 0.016471341 1.3406613 41
3.1425576 0.084463589 1.2479054 43
3.0248737 -0.031167878 1.5489547 47
3.1022668 0.040994599 1.4600083 44
3.1672814 0.1121489 1.3682773 44
3.2417893 0.18649884 1.2773596 43
3.1064093 0.05436106 1.5768507 48
3.1869476 0.13285565 1.4877957 48
3.2703791 0.21233195 1.4016844 44
3.3533826 0.29586536 1.3095434 38
3.1952584 0.14341246 1.6075935 47
3.2811632 0.23109676 1.5193669 44
3.3884044 0.31859925 1.4397866 42
3.4716847 0.41065922 1.3465642 20
3.2844253 0.23783867 1.63928 43
3.3858871 0.33287984 1.5557289 43
3.4682574 0.42783135 1.4654961 32
10.708317 1.5139452 3.5752299 61
3.3869534 0.33683601 1.676703 44
3.4680135 0.43870571 1.5844319 20
10.760069 1.5556363 3.9140773 73
10.733412 1.8009262 3.5872986 92
3.4687922 0.43723843 1.7054611 19
10.781579 1.5797241 4.2385836 80
10.707581 1.8238206 3.8986042 87
10.528163 2.047142 3.530565 88
10.745408 1.561161 4.5494294 71
10.685172 1.8299134 4.204 90
10.511457 2.0614877 3.8377922 88
10.338215 2.2921963 3.4805856 87
10.702414 1.8072101 4.5309925 94
10.511216 2.0613232 4.1438727 90
10.333519 2.2958047 3.785706 88
10.17216 2.5326571 3.4402473 87
10.516552 2.0292969 4.4571433 88
10.344943 2.2890029 4.0886493 88
10.16959 2.5295694 3.7393987 85
10.002974 2.7699442 3.4020085 87
10.363187 2.2496755 4.3987999 94
10.172629 2.5125029 4.0326056 88
9.9910698 2.7531126 3.6904609 112
9.8223696 2.9970171 3.3620911 86
10.195831 2.4642329 4.3377862 94
10.006704 2.7296844 3.9815407 84
9.8128929 2.9725292 3.6435657 83
9.6593027 3.222645 3.3288584 87
10.044827 2.6748934 4.2844515 90
9.8307362 2.9393468 3.9286194 113
9.662528 3.1919188 3.6101332 79
9.4823532 3.4394188 3.2938914 85
9.8804989 2.8810718 4.2273655 89
9.6862936 3.1533234 3.8891346 111
9.4864101 3.402617 3.5672045 106
9.2936802 3.6469665 3.2562001 47
9.7176685 3.082921 4.1728811 89
9.531496 3.3631892 3.845464 82
9.3285704 3.6125462 3.5326025 56
9.1543608 3.8716166 3.2361774 83
9.5746965 3.2857664 4.1275015 88
9.3664188 3.5628231 3.8014815 52
9.1655235 3.8192229 3.4975243 74
8.9917927 4.0805945 3.2110715 66
9.4228525 3.4835119 4.0803132 86
9.209034 3.7618992 3.7633746 60
9.028594 4.0304956 3.4739664 76
8.8403749 4.2912216 3.1907587 68
9.2828312 3.6810224 4.0399218 68
9.0596046 3.9625871 3.7281094 68
8.8580332 4.2251396 3.4411073 99
8.6801052 4.4967494 3.1696322 70
9.1266022 3.8699422 3.9938784 85
8.9191284 4.1621385 3.6987107 74
8.722784 4.4317627 3.42256 71
8.533226 4.7036986 3.1552763 67
8.9806213 4.0601873 3.9546463 86
8.7608881 4.351439 3.6636915 95
8.5751705 4.6310091 3.4002764 67
8.3733521 4.9019995 3.1372058 52
8.8442049 4.2536654 3.9202256 84
8.6300297 4.5510449 3.6411245 72
8.4250507 4.8283606 3.37905 60
8.2341766 5.1083479 3.1287181 37
8.6804714 4.430541 3.876405 70
8.4826956 4.7398233 3.6149266 69
8.2733974 5.0209837 3.3598902 49
8.0810566 5.3089437 3.1175125 30
8.5517645 4.6234703 3.8488588 75
8.3522091 4.938509 3.5953591 54
8.1325636 5.2193723 3.3454983 44
7.8920836 5.4805608 3.0951645 27
8.4103556 4.8068266 3.8176239 67
8.2039452 5.1269588 3.5712051 47
7.9907856 5.4142499 3.3321912 33
7.7447367 5.6799192 3.0899167 27
8.2756233 4.9924049 3.790298 59
8.0623579 5.3144569 3.5509932 41
7.8474536 5.6075163 3.3219614 27
6.9643588 5.4292879 2.8551941 22
8.131094 5.169415 3.7611883 44
7.890995 5.48036 3.5213969 34
7.093164 5.3794122 3.0775256 1
6.8409481 5.6177735 2.8585825 29
7.987565 5.3499775 3.7329793 33
7.758141 5.6708937 3.5089231 30
6.9079895 5.5206499 3.0493577 33
6.709621 5.8046498 2.8611159 32
7.8488679 5.5290155 3.7097025 28
6.9729924 5.4069805 3.2293117 16
6.7791114 5.6998906 3.0459166 32
7.1869302 6.4860468 3.0981507 33
7.7315121 5.7237086 3.6979318 18
6.8656263 5.5945163 3.2274384 28
6.627986 5.8663473 3.0339572 25
7.0067549 6.6575136 3.0896308 43
6.9291649 5.4370384 3.3888028 19
6.7328401 5.766088 3.2161295 33
7.117259 6.5602636 3.288686 37
6.8624916 6.8579907 3.0962608 44
6.8083582 5.6073589 3.3753095 24
6.5991344 5.9373593 3.2068419 3
6.9557352 6.735899 3.280823 42
6.7036681 7.0451221 3.1002517 58
6.7059913 5.7955122 3.3703501 27
7.0532494 6.6036034 3.4544034 39
6.8142896 6.9278197 3.2844815 47
6.5607705 7.2450233 3.1128635 65
6.6459756 6.0159159 3.3874011 1
6.9202733 6.7951932 3.4539227 38
6.6607771 7.114615 3.2843847 59
6.4105949 7.4414201 3.1246269 69
7.0184855 6.6124177 3.6049364 30
6.7701321 6.9778252 3.4468055 43
6.5133433 7.3055806 3.2891488 62
6.2620478 7.6457629 3.1402912 70
6.8933449 6.8055754 3.6003091 34
6.6292586 7.1678152 3.4464679 61
6.3697686 7.5041904 3.2987802 68
6.1056004 7.8421721 3.1551561 74
6.7602711 6.9971132 3.593827 45
6.4823809 7.356843 3.446238 66
6.2243075 7.7053356 3.3094196 71
5.9555273 8.0512905 3.1748018 76
6.6202369 7.1841993 3.5864987 60
6.333303 7.5430169 3.4460695 68
6.0655451 7.8956532 3.3163779 94
5.7998161 8.255331 3.1955912 77
6.4732666 7.3636408 3.5773606 63
6.1922393 7.7434821 3.4526489 71
5.9055982 8.0834503 3.3263841 102
5.6330271 8.4514055 3.2136383 81
6.3333764 7.5521164 3.5760431 68
6.0381899 7.9240532 3.4556501 91
5.7516828 8.2799368 3.3412545 105
5.4713221 8.6526928 3.2376087 57
6.188375 7.7386003 3.5738022 72
5.8809519 8.1127729 3.4595933 103
5.6032081 8.4906483 3.3618584 109
5.3223863 8.8812275 3.2710626 83
6.0421257 7.9320564 3.5735197 78
5.7326717 8.3129702 3.4712851 105
5.4506512 8.704215 3.3845034 59
5.1553793 9.0910063 3.2989819 84
5.8854113 8.1124868 3.5695248 81
5.5840988 8.5172968 3.4849443 102
5.2863622 8.9053831 3.4034522 107
4.9868464 9.3118944 3.3318276 86
5.7411308 8.3161211 3.5751176 83
5.4307771 8.7295256 3.4996133 60
5.1249781 9.1202097 3.4282346 107
4.8180213 9.5337486 3.3666735 84
5.5854392 8.5095806 3.5779951 79
5.2711511 8.9322519 3.5144746 105
4.9665003 9.3486948 3.4588494 106
4.6479788 9.7625914 3.4054778 85
5.435524 8.7145004 3.5876744 69
5.1109381 9.1432343 3.5332718 80
4.7915277 9.5536766 3.4829452 105
4.4760981 9.9939947 3.4482892 88
5.2945681 8.9308987 3.6051023 85
4.9498372 9.3507643 3.5551136 108
4.6296864 9.783165 3.5206056 83
4.2928219 10.218397 3.4893508 90
5.1275463 9.1237259 3.611171 82
4.7881155 9.5728645 3.5798354 83
4.4567347 10.017352 3.5564075 84
4.1105528 10.458982 3.5362513 89
4.9691644 9.3416452 3.6268725 83
4.6239128 9.8025856 3.6085298 83
4.2787519 10.247741 3.5933254 87
3.878355 10.607773 3.5527925 78
4.8060613 9.5579805 3.6436658 80
4.4409828 10.02177 3.6316273 86
4.0944471 10.490782 3.6322351 88
3.4318485 10.251402 3.4053624 67
4.6385374 9.7844429 3.6624413 84
4.2689452 10.259419 3.6653817 86
3.8379676 10.572229 3.6227782 75
3.1927035 10.35139 3.4134567 85
4.4641089 10.006443 3.6813805 87
4.0887265 10.496401 3.6992865 87
3.4027557 10.225938 3.4690802 75
3.0030069 10.586308 3.4665389 90
4.2923102 10.243068 3.7081475 88
3.8333972 10.567635 3.6799052 67
3.1895976 10.371613 3.4863403 82
3.1205845 11.754789 3.8222566 97
4.1151466 10.470501 3.7340837 85
3.4002473 10.220957 3.5171742 75
2.9994986 10.604278 3.5344441 87
2.9047539 12.030568 3.8894033 88
3.8761895 10.593704 3.7199588 62
3.1863031 10.371654 3.5283887 82
3.112577 11.769736 3.8839035 94
2.6851487 12.31882 3.9627056 98
3.444447 10.241282 3.5476201 65
2.9941163 10.59094 3.5632257 88
2.8985214 12.043401 3.9441609 97
2.4529533 12.617723 4.0407357 91
3.2116926 10.355017 3.5381732 85
3.1127763 11.779942 3.9172108 94
2.674664 12.34195 4.0125284 98
2.2152677 12.936954 4.1259093 92
3.0179935 10.578043 3.5653908 92
2.8977375 12.054998 3.9694297 85
2.4458275 12.639893 4.0828829 99
1.9615424 13.237134 4.207737 60
3.1389263 11.750858 3.9082077 92
2.6707499 12.334455 4.0228367 91
2.209691 12.956521 4.1602478 84
1.7086604 13.589343 4.3100495 89
2.9189837 12.010594 3.9468582 88
2.444699 12.64183 4.0882268 87
1.9633459 13.295005 4.2455206 63
1.4423231 13.938037 4.4125648 80
2.7041802 12.306835 4.0009775 88
2.2106624 12.951491 4.1571212 78
1.707605 13.613265 4.3278375 86
1.1697958 14.317245 4.5267673 87
2.4759374 12.619512 4.0571461 87
1.9673241 13.294296 4.2369819 65
1.4395574 13.961515 4.4218941 86
0.85824591 14.552627 4.5972528 65
2.239408 12.933793 4.1164031 83
1.7047682 13.613383 4.3082032 84
1.1628454 14.331753 4.5227852 93
0.54265201 14.779899 4.669055 83
1.9847701 13.228855 4.1701617 59
1.4350315 13.960475 4.3898611 88
0.85493964 14.618551 4.5987172 67
0.23241824 15.256073 4.8204641 90
1.7322034 13.598857 4.2470899 76
1.1571243 14.337839 4.4841471 85
0.53573686 14.843713 4.6590357 79
-0.12796047 15.14003 4.7874818 95
1.4625505 13.950443 4.3204637 78
0.85730636 14.688819 4.5690289 88
0.21960476 15.254739 4.7796597 95
-0.47601655 15.102084 4.784605 83
1.1818969 14.322621 4.4008374 73
0.52926511 14.863455 4.6039371 74
-0.14260216 15.105326 4.7279959 98
-0.82076758 15.463428 4.9091363 7
0.88546884 14.716977 4.489264 83
0.21066722 15.274694 4.7125802 93
-0.48757416 15.158775 4.7418499 83
-1.2153947 17.428431 5.5407004 59
0.56985521 15.039713 4.5561094 81
-0.15428822 15.081294 4.6391335 92
-0.83646768 15.483584 4.8432117 3
-1.6395578 18.003866 5.7416015 64
0.23373954 15.310854 4.6110668 75
-0.50515944 15.220946 4.6691904 73
-1.2395713 17.468567 5.4625916 74
-2.0928438 18.575933 5.9450536 58
-0.14344221 15.093087 4.5192394 69
-0.8595221 16.628767 5.0877309 68
-1.6725584 18.056929 5.6507974 59
-2.5753202 19.210024 6.1737356 62
-0.49612829 15.190902 4.5294051 78
-1.2685494 17.409891 5.3167148 64
-2.1326454 18.679478 5.8551645 49
-3.1018643 19.920109 6.4304481 58
-0.85552925 16.662474 4.9446769 59
-1.7060255 18.080149 5.5154123 60
-2.6222124 19.308979 6.0649095 45
-3.5816391 20.073513 6.5142174 97
-1.263818 17.190353 5.0799561 59
-2.1723175 18.721575 5.7102876 56
-3.1566238 20.03001 6.3083768 73
-4.0078773 19.82774 6.4735565 94
-1.7116733 18.073393 5.323843 41
-2.6780398 19.385752 5.9127736 32
-3.621778 20.004574 6.3229337 96
-4.9253111 22.303116 7.3233452 31
-2.1885543 18.749296 5.5098281 46
-3.2116444 20.049957 6.1213346 85
-4.0711865 19.888216 6.3109989 75
-5.5866857 22.979435 7.5959649 10
-2.7066164 19.475636 5.7118411 45
-3.6759806 19.980331 6.1096988 119
-5.0149279 22.425356 7.14464 26
-6.5206742 24.676426 8.215889 24
-3.2582994 20.181538 5.9120717 67
-4.1461983 19.914265 6.1012883 74
-5.7411585 23.338785 7.4718289 20
-7.029911 24.330694 8.1683912 90
-3.7135732 19.958496 5.8454585 91
-5.13064 22.586246 6.9350142 24
-6.6025815 24.621302 7.9256701 46
-7.6893873 24.588209 8.3256788 58
-4.214129 20.016968 5.8629103 52
-5.8890476 23.565451 7.2598925 19
-7.1129785 24.250889 7.8563194 92
-8.2102585 24.315861 8.3090277 109
-5.2395597 22.791393 6.6781731 33
-6.6868401 24.481997 7.5705481 97
-7.8035755 24.577326 8.0160809 89
-8.698369 23.947971 8.2612619 95
-6.0253148 23.808058 6.9852848 23
-7.2175517 24.170443 7.5098124 80
-8.3070517 24.21981 7.9606514 91
-9.1691685 23.572395 8.2188826 99
-6.7911954 24.466181 7.1988854 85
-7.9236569 24.496765 7.65797 91
-8.7989855 23.834702 7.9047203 116
-9.63587 23.210976 8.1855679 98
-7.3317232 24.162741 7.1329193 56
-8.4309301 24.105377 7.5793285 104
-9.275857 23.457794 7.8465238 102
-10.099751 22.859594 8.151968 100
-8.0206919 24.390129 7.2251515 102
-8.9213152 23.719688 7.5084338 103
-9.7514429 23.104601 7.8000875 105
-10.552948 22.512941 8.1230917 114
-8.53545 23.987812 7.134758 102
-9.4047384 23.336355 7.4403586 123
-10.221272 22.744894 7.7535839 109
-10.996544 22.161066 8.0960855 114
-9.0427313 23.615417 7.0589452 78
-9.8864613 22.970497 7.3810806 110
-10.679255 22.388123 7.7138705 141
-11.091219 21.096512 7.8093958 61
-9.5429211 23.244379 6.9869466 88
-10.370255 22.620892 7.3295918 95
-11.13728 22.047293 7.6808023 112
-11.530988 20.812141 7.8082833 27
-10.029574 22.857214 6.9152999 93
-10.827623 22.244791 7.2745085 116
-11.232448 20.978952 7.3949599 133
-12.313388 21.161629 8.0511436 114
-10.511427 22.480795 6.8503895 96
-10.95433 21.180105 6.996501 11
-12.02944 21.349867 7.6176987 118
-12.748034 20.82958 8.0408792 116
-10.987988 22.105911 6.7902522 103
-11.407729 20.846678 6.9607291 73
-12.484147 21.030781 7.602797 133
-13.186828 20.519186 8.0436029 119
-11.120055 21.02977 6.5163813 84
-12.215452 21.197998 7.1568685 108
-12.923479 20.685637 7.581728 125
-13.609415 20.191351 8.044116 98
-11.955772 21.416256 6.7006588 81
-12.668976 20.850389 7.1289616 133
-13.359687 20.346983 7.5694027 127
-14.039054 19.865416 8.0475311 119
-12.414102 21.044535 6.6530976 103
-13.121967 20.504757 7.1001549 123
-13.805377 20.0313 7.5652647 116
-14.460179 19.543274 8.056035 119
-12.885592 20.693737 6.614584 113
-13.572986 20.16935 7.0791678 150
-14.237293 19.68977 7.5549154 121
-14.880738 19.222519 8.0673275 112
-13.345654 20.340574 6.5817466 118
-14.0243 19.838224 7.06394 142
-14.677897 19.371744 7.5564833 105
-15.311338 18.910038 8.0836639 120
-13.801895 19.985514 6.5499024 103
-14.469237 19.49122 7.0478797 135
-15.102118 19.032858 7.553925 111
-15.727095 18.584639 8.0998049 92
-14.266006 19.635254 6.5240211 112
-14.920455 19.163292 7.0416126 111
-15.546419 18.713598 7.5645556 122
-16.155886 18.276903 8.1282349 111
-14.718594 19.279284 6.5002136 126
-15.368072 18.821712 7.0336142 129
-15.975758 18.381382 7.5722094 118
-16.05513 17.352299 7.8810096 118
-15.17424 18.929878 6.4831662 121
-15.816902 18.490547 7.0342083 138
-15.908653 17.469833 7.3422942 105
-16.995729 17.626442 8.1786671 116
-15.656751 18.605852 6.4804859 93
-15.808197 17.613527 6.8292885 20
-16.357681 17.180937 7.3702955 4
-17.419657 17.311523 8.2125454 99
-16.106064 18.251503 6.4689522 120
-16.183735 17.2188 6.8100119 66
-17.285824 17.398146 7.6254029 118
-17.858355 16.996155 8.2537394 98
-16.051949 17.313076 6.2553649 96
-17.158024 17.471958 7.0540805 113
-17.731308 17.06778 7.653882 113
-18.282179 16.66806 8.2932701 120
-17.045095 17.560925 6.4702582 97
-17.612322 17.132528 7.0698924 120
-18.16963 16.731665 7.6813951 107
-18.716084 16.34515 8.3406067 91
-17.508253 17.206993 6.4773636 93
-18.067429 16.783382 7.0870452 113
-18.621931 16.403563 7.7193432 124
-19.153671 16.0147 8.3882751 95
-17.977983 16.854012 6.4876895 119
-18.517361 16.431822 7.1090312 119
-19.065022 16.06074 7.7550769 114
-19.600908 15.691689 8.4458809 99
-18.449579 16.490931 6.4980822 88
-18.98522 16.090084 7.1402378 111
-19.520683 15.717836 7.7981501 110
-20.029865 15.348219 8.4976311 103
-18.928978 16.132469 6.5177946 94
-19.457485 15.736155 7.1718192 124
-19.970934 15.368166 7.8423805 111
-20.481113 15.008843 8.559782 105
-19.412704 15.771527 6.5426273 102
-19.930893 15.382946 7.2104273 113
-20.438757 15.024273 7.8957973 122
-20.910585 14.651505 8.6166601 129
-19.914038 15.409983 6.5746717 96
-20.415623 15.029155 7.2541113 87
-20.89871 14.659823 7.94519 107
-20.734232 13.861976 8.4193954 83
-20.398945 15.030649 6.6046996 90
-20.886461 14.649366 7.2958493 107
-20.719055 13.84508 7.7540607 81
-21.831245 13.951833 8.7602491 102
-20.89949 14.656969 6.6413546 95
-20.701073 13.810477 7.1032691 96
-21.879381 13.955192 8.0781965 87
-22.269321 13.578395 8.8247871 81
-20.706182 13.77897 6.4556026 113
-21.889057 13.916693 7.4066434 95
-22.373743 13.58919 8.1513691 82
-22.734755 13.205389 8.9015341 102
-21.924168 13.879575 6.7313719 71
-22.393415 13.527805 7.4650168 81
-22.853502 13.203572 8.2202063 91
-23.221561 12.841558 8.992383 80
-22.444773 13.481305 6.7849307 104
-22.91798 13.146298 7.5387812 82
-23.362122 12.818913 8.3008661 94
-23.698385 12.460227 9.0815239 97
-22.983147 13.074593 6.8423405 101
-23.440163 12.748132 7.6106496 87
-23.882772 12.432887 8.3916321 94
-24.236696 12.09343 9.1938906 108
-23.527555 12.660197 6.9072089 90
-23.976181 12.337563 7.6873713 95
-24.413324 12.037523 8.486042 93
-24.750595 11.705984 9.3036289 89
-24.08626 12.234426 6.9779816 90
-24.525145 11.924624 7.7748547 89
-24.929041 11.613637 8.5740061 100
-25.286795 11.313412 9.4204741 75
-24.659002 11.804211 7.055727 89
-25.07494 11.495893 7.8621955 97
-25.109976 11.030484 8.5518408 26
-25.159643 10.611026 9.2852631 83
-25.243465 11.363201 7.1387992 106
-24.927385 10.732847 7.7261744 91
-25.338428 10.471411 8.5490732 99
-25.018013 9.9257689 9.1504869 33
-25.099092 10.583013 7.0160785 99
-25.475058 10.291415 7.8220673 79
-25.257917 9.7820101 8.4412966 11
-24.330379 9.0476646 8.8204832 30
-25.21192 9.9259787 6.9709001 25
-24.069641 8.3636818 8.6539869 30
-24.463938 8.9539328 6.6919298 30
-23.770802 8.0490656 6.433279 37
-23.438068 7.6056733 6.9847507 21
-21.730762 6.7584815 5.8121028 63
-21.568605 6.4264922 6.3563828 123
-21.836418 6.2572913 7.035243 116
-22.091114 6.1048946 7.7570596 109
-21.815552 6.2251329 5.7901955 92
-22.086147 6.0453534 6.4691758 140
-22.061193 5.8047338 7.0667901 73
-21.857058 5.5432296 7.6263952 77
-21.952274 5.7087202 5.7839031 55
-21.736975 5.4156084 6.3199635 62
-21.554394 5.1568484 6.8532567 67
-21.418327 4.9484205 7.4249687 7
-21.418795 5.0226846 5.6008825 72
-21.233271 4.7731829 6.1308498 68
-21.081396 4.5513678 6.6590962 80
-20.953726 4.3691049 7.2185402 70
-20.920002 4.3823447 5.4335876 84
-20.766935 4.1662092 5.95683 85
-20.64467 3.9817924 6.4841318 81
-20.535744 3.8288507 7.0343661 84
-20.484144 3.7816815 5.285552 66
-20.31521 3.5931306 5.7934294 83
-20.238741 3.4389305 6.3204908 74
-20.143303 3.3130131 6.8647127 82
-20.025316 3.208066 5.1393313 75
-19.925692 3.0531473 5.6520228 103
-19.832487 2.9234972 6.1636038 78
-19.771305 2.8240492 6.7061667 74
-19.632898 2.6671183 5.0140038 80
-19.521248 2.5383723 5.5122962 91
-19.463926 2.4303398 6.0212202 87
-18.35659 2.2191813 6.1845379 3
-18.118036 2.0181649 4.597137 87
-3.6020477 0.24147025 0.82584971 67
-18.015699 1.8412097 5.5370374 88
-3.9436991 0.25915921 1.1041392 6
-3.7118354 0.19800186 0.77494335 16
-3.5750961 0.17348295 0.81600791 50
-3.9087431 0.19360685 0.99916059 150
-3.8597744 0.18395139 1.0724941 44
-3.753458 0.13130221 0.78522265 99
-3.5946968 0.10995815 0.81991428 37
-3.6466384 0.10648482 0.91380358 150
-3.7727342 0.11190781 1.0397989 73
-3.7203524 0.058926128 0.77646571 79
-3.705812 0.051394496 0.85230428 91
-3.6821725 0.044798017 0.92398477 94
-3.7188945 0.046454657 1.0195737 83
-3.7075517 -0.010631347 0.77283293 101
-3.685163 -0.016583137 0.84552956 91
-3.6857667 -0.019699831 0.92457485 71
-3.7064645 -0.015828693 1.0138872 95
-3.7218287 -0.080816559 0.77664757 62
-3.7321885 -0.082985602 0.85884303 86
-3.6981668 -0.082922816 0.92829967 64
-3.7116425 -0.078741297 1.0144918 99
-3.7713697 -0.15228482 0.79004478 88
-3.792989 -0.15195772 0.87741685 83
-3.6692085 -0.14722325 0.9183948 81
-3.6804383 -0.14024213 1.0035174 90
-16.708624 -0.86097807 4.21489 95
-3.7586205 -0.2197578 0.86730069 9
-3.7111795 -0.21315484 0.93231505 58
-3.7253416 -0.20397556 1.0184406 47
-16.421646 -1.227528 4.1457195 95
-16.511322 -1.2090716 4.5956879 105
-16.708309 -1.1834468 5.0841608 99
-16.725342 -1.1172385 5.5377302 83
-16.16132 -1.5862737 4.0851774 105
-16.181002 -1.5485295 4.5059767 100
-16.446032 -1.523302 5.0050468 97
-16.516029 -1.4462432 5.4665813 84
-15.879999 -1.9280404 4.0229211 95
-15.91094 -1.882586 4.4357233 94
-16.20644 -1.8551505 4.934011 98
-16.275097 -1.7672044 5.3863373 84
-15.664789 -2.2699203 3.9805434 84
-15.665 -2.2065454 4.3760357 99
-15.947198 -2.1727664 4.8608665 101
-16.036861 -2.0792763 5.3074703 86
-15.500525 -2.6098938 3.9540989 82
-15.428252 -2.5255244 4.3210936 112
-15.679448 -2.4780173 4.7865252 99
-15.797894 -2.3772445 5.2336149 88
-14.460296 -2.7716243 3.6923628 102
-14.514655 -2.7023139 4.0676351 110
-14.581606 -2.620276 4.4480686 118
-15.557927 -2.671484 5.1579976 87
-13.544728 -2.9115381 3.4658549 2
-13.275191 -2.7672837 3.7174013 3
-13.22636 -2.6602337 4.0247908 5
-14.467855 -2.7857206 4.7896533 94
-13.359308 -3.1910501 3.4363661 2
-13.135515 -3.0389013 3.6946537 3
-13.033963 -2.9109523 3.97808 4
-13.168508 -2.8073695 4.3464589 2
-12.954603 -3.2987232 3.6612699 2
-12.881202 -3.1623085 3.9460986 5
-12.910274 -3.0296774 4.269588 3
-12.78185 -3.5528326 3.6340318 2
-12.705466 -3.407002 3.9087286 5
-12.744467 -3.2671807 4.2253127 4
-14.55656 -4.5663657 3.8540654 2
-12.621078 -3.8088863 3.6099012 3
-12.553046 -3.651139 3.8795283 7
-12.588429 -3.5006571 4.1878643 4
-12.461934 -4.0571342 3.5874181 2
-12.373611 -3.8820479 3.8435671 7
-12.421105 -3.7272193 4.1470504 4
-12.339862 -4.316772 3.5786066 2
-12.249182 -4.1271996 3.8265955 5
-12.259439 -3.9493463 4.1092906 4
-13.44489 -5.2372794 3.6488621 21
-12.854619 -4.8271313 3.771045 3
-12.100903 -4.1714659 4.0735826 6
-13.327184 -5.5426559 3.6555033 81
-13.442117 -5.4051561 3.9912057 81
-13.545527 -5.0159602 4.620636 2
-13.137479 -5.8153806 3.6426742 81
-13.234991 -5.6646504 3.9639368 81
-13.185258 -5.430748 4.2321606 79
-13.318414 -5.2455626 4.5657063 66
-12.927377 -6.0769448 3.6262646 93
-13.039229 -5.9215722 3.9417169 85
-13.003498 -5.6839676 4.2051368 83
-13.122702 -5.4814754 4.5243173 77
-12.725455 -6.3391461 3.6129766 87
-12.850064 -6.1776018 3.9253891 82
-12.807049 -5.9249983 4.1753817 80
-12.957304 -5.7277579 4.4939036 78
-12.52451 -6.5924354 3.6021295 94
-12.664906 -6.4341006 3.9100823 95
-12.638612 -6.1755147 4.1575584 81
-12.784219 -5.9672337 4.4651785 80
-12.333029 -6.8546033 3.5958362 96
-12.469857 -6.6824327 3.8945553 98
-12.465165 -6.4226785 4.1392941 70
-12.616021 -6.2087951 4.4389129 80
-12.147578 -7.1141067 3.5939662 100
-12.279862 -6.9340425 3.8806636 94
-12.322118 -6.6847258 4.1333518 80
-12.42982 -6.4405012 4.4061198 81
-11.942267 -7.3603559 3.5870552 98
-12.086931 -7.1781354 3.8709314 100
-12.176802 -6.9501095 4.1285844 78
-12.247659 -6.6724453 4.3775187 88
-11.764268 -7.6252632 3.5908387 96
-11.90126 -7.4288869 3.8625066 101
-12.037125 -7.2173762 4.1280279 94
-12.06299 -6.8961554 4.349875 83
-11.573691 -7.8806682 3.5923762 114
-11.724664 -7.6805668 3.860234 107
-11.861322 -7.4609075 4.116694 102
-11.897458 -7.1347575 4.3305483 82
-10.731808 -7.6347337 3.3760917 99
-10.872763 -7.4408679 3.6167297 101
-11.70565 -7.7165933 4.1133432 106
-11.717211 -7.3579631 4.3075218 91
-10.561441 -7.8770018 3.3843849 102
-10.709459 -7.6749806 3.6200573 94
-10.866105 -7.4695477 3.8508372 97
-11.554522 -7.59445 4.2918725 88
-10.981174 -8.6180229 3.6032724 106
-10.558054 -7.9268026 3.6277249 52
-10.698229 -7.695816 3.8450255 96
-10.873755 -7.4534998 4.0687919 99
-10.787392 -8.8671827 3.6112447 106
-10.965462 -8.6510029 3.849273 108
-11.143055 -8.4209661 4.0801754 109
-10.716401 -7.6769958 4.0581236 95
-10.600758 -9.1261158 3.6254146 103
-10.776838 -8.8945265 3.8522766 107
-10.964079 -8.6645765 4.0752583 106
-11.018334 -8.2781973 4.2368093 85
-10.404799 -9.3786821 3.6371472 111
-10.58329 -9.1405296 3.8549218 106
-10.782343 -8.904027 4.0720396 107
-10.855965 -8.5168018 4.2289 92
-10.210732 -9.6318569 3.651829 111
-10.398199 -9.3893661 3.8627131 106
-10.592422 -9.1396751 4.0676398 109
-10.681694 -8.7472544 4.2175508 84
-10.015386 -9.8889408 3.6691947 108
-10.210316 -9.6342793 3.8719456 110
-10.405307 -9.3733206 4.0658875 109
-10.521966 -8.9901075 4.2155685 72
-9.8175402 -10.139983 3.6879368 112
-10.018843 -9.882205 3.8820052 111
-10.228136 -9.6229124 4.0711865 109
-10.387325 -9.2666607 4.2267637 80
-9.6060495 -10.381147 3.7046247 90
-9.8285236 -10.138944 3.8971572 110
-10.042753 -9.8686819 4.0763235 107
-10.236411 -9.5292807 4.2325683 80
-9.3993025 -10.636499 3.7254739 94
-9.6308365 -10.386791 3.9100685 95
-9.8472023 -10.107754 4.0791764 110
-10.067735 -9.7795143 4.2339373 90
-9.2126188 -10.922784 3.7588682 113
-9.4271641 -10.639979 3.9239149 110
-9.6581945 -10.358513 4.0862317 106
-9.8870974 -10.027843 4.2321029 95
-9.0080462 -11.18723 3.7877991 107
-9.2406893 -10.910536 3.9471807 114
-9.4613056 -10.601344 4.0930996 111
-9.7108011 -10.278671 4.2353601 100
-8.794322 -11.450711 3.8155797 54
-9.0462685 -11.179465 3.9733102 110
-9.2752886 -10.867858 4.1083388 115
-9.5272694 -10.522848 4.2374492 113
-8.6080351 -11.753975 3.861129 113
-8.8327532 -11.427218 3.9909627 78
-9.0820379 -11.121387 4.1233568 115
-9.3430252 -10.778383 4.2426243 114
-8.3894777 -12.022145 3.8938775 97
-8.6357098 -11.70686 4.0211439 106
-8.8912134 -11.389437 4.1425376 112
-9.1574841 -11.034531 4.2497859 118
-8.1764154 -12.314299 3.9349151 110
-8.4357605 -11.991844 4.0543265 106
-8.6855927 -11.651462 4.1584358 114
-8.9649916 -11.289395 4.2568293 118
-7.9507718 -12.590614 3.9746244 107
-8.2166471 -12.261953 4.0820842 114
-8.4858551 -11.92389 4.1805162 114
-8.7642775 -11.549935 4.2627916 117
-7.3749251 -12.23472 3.8155329 72
-7.9986868 -12.544042 4.1149631 119
-8.2762995 -12.197231 4.2034516 110
-8.5663042 -11.814548 4.2748342 113
-7.1060109 -12.420227 3.8314557 106
-7.4733291 -12.268014 3.970968 65
-8.0629759 -12.474079 4.2280202 104
-8.364522 -12.079455 4.2894363 115
-6.8647456 -12.66175 3.8657658 30
-7.1631551 -12.366241 3.9479742 108
-7.6868157 -12.457396 4.158011 66
-8.1607857 -12.348433 4.3055634 120
-7.020577 -13.790461 4.1728668 113
-6.9382915 -12.621723 3.982661 117
-7.2312908 -12.278061 4.0353699 107
-7.9241667 -12.584235 4.3068938 90
-2.9354954 -5.0223031 1.5024407 43
-7.0882893 -13.717081 4.2801862 105
-7.0136166 -12.545481 4.0667453 112
-7.369524 -12.228265 4.1156383 74
-2.8350766 -5.109446 1.5166504 3
-2.9718208 -5.0182018 1.5450294 14
-7.1717777 -13.627499 4.3556757 111
-7.1226931 -12.422683 4.1114073 105
-6.278646 -14.804035 4.3697362 109
-2.8600068 -5.0776386 1.5447732 12
-6.9213696 -13.90607 4.3831258 90
-6.8782339 -12.644259 4.112452 32
-6.0056696 -15.135026 4.4352946 82
-6.348464 -14.690111 4.4358625 88
-2.8948433 -5.0481324 1.5660713 3
-7.0263906 -13.728207 4.3942418 77
-5.6663074 -15.292972 4.4492946 80
-6.0390019 -14.884486 4.4526505 75
-6.3773146 -14.404399 4.4228349 76
-6.7652645 -13.980017 4.4042902 21
-5.4007363 -15.682304 4.5364838 80
-5.759943 -15.183984 4.501924 96
-6.1247158 -14.719185 4.4697413 101
-6.5111985 -14.250126 4.4258604 51
-5.101624 -16.014137 4.6069884 90
-5.491415 -15.553546 4.5722365 96
-5.8645158 -15.055748 4.5198908 100
-6.263032 -14.567588 4.4590268 91
-4.8029814 -16.406197 4.6960363 91
-5.2120514 -15.929995 4.6454468 91
-5.5931935 -15.400162 4.57094 101
-6.0050302 -14.885951 4.4930525 87
-4.49933 -16.828178 4.7952771 97
-4.9186912 -16.313318 4.7215052 81
-5.3228283 -15.779802 4.637146 87
-5.7413154 -15.247087 4.5396252 98
-4.1686149 -17.218122 4.8887353 89
-4.6030002 -16.671255 4.7935615 95
-5.035975 -16.160746 4.7021961 89
-5.4610734 -15.556948 4.5715942 87
-3.723372 -16.993149 4.804853 74
-4.3035297 -17.109209 4.8848033 94
-4.7466912 -16.562475 4.7699642 83
-5.1918659 -15.93941 4.6236792 87
-3.3739209 -17.273764 4.8709965 64
-3.8926468 -17.065369 4.843605 90
-4.4318604 -16.917633 4.8310747 93
-4.9030199 -16.318108 4.6774631 97
-3.146194 -18.645565 5.2473664 67
-3.5049186 -17.123518 4.8356524 86
-4.0988011 -17.26125 4.8876772 98
-4.6016302 -16.706575 4.7330265 95
-2.7889001 -19.413906 5.4506273 61
-3.1433091 -17.402863 4.8894634 2
-3.6527371 -17.032408 4.7843385 77
-4.2924023 -17.136906 4.8004966 86
-2.3874071 -19.967434 5.5980253 55
-2.9177628 -18.988335 5.3113294 74
-3.300894 -17.308544 4.82444 40
-3.8744628 -17.044788 4.7234015 80
-1.9687808 -20.552673 5.7574959 48
-2.549624 -19.760195 5.5045166 55
-3.0692921 -18.729067 5.1824927 76
-3.4898582 -17.138468 4.6994705 79
-1.5129981 -21.105154 5.9077463 48
-2.1311717 -20.289576 5.6312003 67
-2.6865127 -19.234718 5.2865224 65
-3.1374977 -17.465954 4.7420349 2
-1.0419214 -21.694878 6.0733542 24
-1.6959183 -20.867006 5.775054 69
-2.3081419 -20.033873 5.4733047 48
-2.8972757 -18.966394 5.0976558 68
-0.55264056 -22.057667 6.1778679 68
-1.2400653 -21.511833 5.9383392 41
-1.8890051 -20.660357 5.6148977 40
-2.5112612 -19.493427 5.1971278 62
-0.0649326 -21.78105 6.1050968 47
-0.74625105 -22.10309 6.086657 51
-1.4360764 -21.241184 5.7417803 45
-2.1005127 -20.038549 5.2962093 53
0.55402124 -23.883663 6.7032886 25
-0.25556201 -21.825788 6.0004778 66
-0.95340812 -21.883801 5.8846998 56
-1.6772361 -20.914349 5.4824462 44
1.1687746 -24.723682 6.9477758 26
0.25517482 -22.039789 6.0487709 17
-0.44816199 -21.973242 5.8841991 65
-1.1991259 -21.620344 5.6238647 43
1.8179477 -25.500063 7.1843748 24
0.93351966 -24.351818 6.678937 27
0.051742248 -21.841728 5.8222361 48
-0.70163065 -22.111685 5.7070975 73
2.5196261 -26.50493 7.482111 24
1.5580643 -25.200474 6.9054899 21
0.68186527 -24.041016 6.3851652 26
-0.207976 -21.814081 5.5898581 66
3.1607976 -26.737539 7.5745735 70
2.2459695 -26.109749 7.1577706 29
1.3031173 -24.920055 6.6034279 27
0.30376115 -22.098637 5.6304808 22
3.7424896 -26.581867 7.5608535 16
2.9445677 -26.849998 7.3672438 42
1.9722179 -25.777882 6.8130336 23
0.99771225 -24.539396 6.2160368 44
4.9699168 -29.654327 8.4667006 18
3.5184031 -26.552145 7.2942224 32
2.6975646 -26.734276 7.0529146 34
1.6374993 -25.279705 6.3718581 27
6.0184269 -31.282431 8.9717417 13
4.6225147 -29.142809 8.0137892 18
3.298209 -26.639221 7.0165796 102
2.348619 -26.286764 6.5913367 27
6.7960806 -31.480495 9.0785036 39
5.5839987 -30.467253 8.3984861 18
3.959476 -26.83721 7.0607481 7
3.0420136 -26.797525 6.6886134 106
6.5753145 -31.599823 8.7339096 42
5.2364888 -30.00947 7.8917599 20
3.6348927 -26.570797 6.606885 35
9.4681482 -35.459129 10.341639 16
7.2502651 -31.308437 8.6803493 19
6.316349 -31.610634 8.3118887 27
4.8576746 -29.641144 7.3463984 28
10.540114 -36.137157 10.605257 40
7.0120602 -31.354208 8.2497168 34
5.8172016 -30.781513 7.6089563 21
6.7439528 -31.523561 7.771832 70
16.892391 -45.48177 13.649021 31
10.854714 -36.013916 9.5210686 20
9.4289217 -35.365387 8.6944952 12
17.941511 -45.171528 13.668172 65
13.577021 -41.168095 10.908462 16
10.578051 -36.139141 8.8756218 60
18.831852 -44.515095 13.588451 55
14.474969 -40.736717 10.831744 21
13.121224 -40.862347 10.035363 20
19.718231 -43.863476 13.518147 65
18.6315 -44.728043 12.851383 65
17.366556 -45.229927 12.072747 50
14.197339 -40.882126 10.049886 45
17.996262 -37.998501 11.832273 15
19.511042 -44.009644 12.734256 52
18.433033 -44.909451 12.040076 61
17.068209 -45.377605 11.16305 34
21.392767 -42.481712 13.361527 51
20.401608 -43.368137 12.644835 47
19.330534 -44.20023 11.907063 67
18.00745 -44.695709 11.007551 70
22.297672 -41.927834 13.329617 67
18.601974 -37.556824 11.039685 17
20.25149 -43.538624 11.791446 64
18.954454 -44.031551 10.878764 50
23.144051 -41.277111 13.284717 52
22.145267 -42.023415 12.472301 62
18.47386 -37.652309 10.263896 33
19.866774 -43.30574 10.726023 44
23.995176 -40.658375 13.2388 57
23.03071 -41.409565 12.401266 57
21.983332 -42.08556 11.546539 49
18.298664 -37.74316 9.375843 43
24.811804 -39.998871 13.185929 61
23.868666 -40.729698 12.315065 58
22.830484 -41.340843 11.424891 56
21.676643 -41.931789 10.465705 67
25.638327 -39.343689 13.140985 64
24.728065 -40.072021 12.250292 60
23.598186 -40.503433 11.280313 57
23.153494 -34.030777 11.520912 42
25.570171 -39.421192 12.186803 61
24.4806 -39.857269 11.188962 65
27.299229 -38.090466 13.079247 66
23.107386 -34.081734 10.659446 47
25.319439 -39.170605 11.101865 47
28.111631 -37.45134 13.055812 60
27.276894 -38.148846 12.084858 70
23.106047 -34.150127 9.7808847 43
28.93865 -36.834236 13.045902 65
28.108772 -37.510056 12.047183 60
27.049538 -37.88813 10.970402 57
23.066717 -34.187042 8.8043871 43
29.767748 -36.218922 13.043854 67
28.962749 -36.869904 12.012482 80
27.92877 -37.267952 10.920255 38
27.039167 -37.930981 9.8566504 63
30.597664 -35.6045 13.047503 59
29.802563 -36.229523 11.9879 58
28.81233 -36.631683 10.877192 29
31.140192 -34.650089 12.927776 55
30.647238 -35.576881 11.95566 52
29.67205 -35.968834 10.818851 21
32.248505 -34.33025 13.052464 68
27.637825 -30.768362 10.510813 13
30.482697 -35.260586 10.757931 44
29.705206 -35.921429 9.6350641 21
33.100609 -33.720032 13.071832 64
32.358524 -34.293289 11.923235 54
27.707159 -30.692194 9.5139332 23
30.588932 -35.230076 9.5794325 54
33.927906 -33.051712 13.085843 67
33.21283 -33.631081 11.921566 64
27.816174 -30.653086 8.4467373 30
34.758194 -32.412895 13.101761 70
34.088547 -32.988403 11.915545 44
32.38657 -33.875824 9.4684877 35
35.285797 -31.491795 13.012243 70
34.96973 -32.340584 11.918587 46
4.67663 -5.2340217 1.7019275 11
4.5769067 -5.3368435 1.5123061 64
31.974558 -27.375311 11.580161 55
35.533165 -31.378609 11.815138 67
4.6168756 -5.1251802 1.4765091 69
3.9140744 -3.8626707 1.6602012 0
3.8444204 -3.9341266 1.5048888 18
35.131245 -31.779947 9.3461885 69
28.548309 -22.43013 9.9646893 77
3.9162481 -3.8183427 1.4944274 29
3.7403526 -3.7979608 1.3109806 54
3.6933768 -3.889189 1.162521 71
28.769663 -22.284523 9.0090971 61
3.8884978 -3.7417762 1.3211004 58
3.7800219 -3.776819 1.1520094 48
24.721306 -17.838615 8.3641491 78
27.581699 -20.433348 8.4806852 18
28.948042 -22.070351 8.0323782 29
3.9401207 -3.725023 1.1616616 38
25.238369 -17.374601 8.3850393 75
24.94368 -17.684769 7.5432463 68
24.772903 -18.093195 6.7565217 23
27.839001 -20.871725 6.6966777 19
24.187862 -15.912203 7.9148769 20
24.807926 -16.765451 7.3616824 21
25.207724 -17.510067 6.7239594 59
24.874172 -17.805777 5.8637638 103
21.230967 -13.372203 6.8646841 28
23.680319 -15.251574 6.9059443 22
23.831758 -15.765691 6.2330294 22
24.509676 -16.663673 5.638721 25
21.427639 -12.840581 6.8168364 106
21.192045 -13.042741 6.0968924 130
21.284428 -13.440172 5.4799199 24
23.771368 -15.356585 5.3507175 25
20.894148 -11.921126 6.554131 22
21.309278 -12.451352 6.0255466 23
21.469233 -12.860846 5.4206142 128
21.248659 -13.06549 4.6981239 121
20.154818 -10.940024 6.2428722 24
20.46089 -11.362 5.7032876 25
21.245201 -12.071613 5.27318 23
21.688995 -12.617731 4.6959701 66
19.439539 -10.027167 5.9494748 40
20.02128 -10.546637 5.500463 25
20.430817 -11.002701 4.9900084 25
20.797684 -11.454329 4.4221816 29
17.817717 -8.9275742 4.8520551 10
19.728548 -10.044185 4.7456684 30
20.01371 -10.414132 4.1859245 39
17.725246 -8.2116203 5.3108401 38
1.5824958 -1.184003 0.56649941 13
17.997019 -7.8397365 5.3146176 85
18.02799 -8.0033398 4.7634749 121
7.0578618 -3.4592202 1.7745321 23
6.6215487 -3.3373282 1.4536641 17
1.7668028 -1.0887495 0.74247873 4
17.68434 -7.3780169 4.6131358 56
7.1984663 -3.3023312 1.7784224 2
7.0919638 -3.3169127 1.5171901 45
1.8267021 -1.0463071 0.75118786 9
17.178345 -6.7139502 4.428164 53
17.319061 -6.8773627 3.9363396 64
17.469633 -7.0460801 3.4220707 28
1.887567 -1.0037268 0.75975734 20
16.708366 -6.1090422 4.2641115 66
16.806736 -6.2318373 3.7754939 69
16.931694 -6.3666978 3.2729378 77
1.944826 -0.95696574 0.7671988 26
16.281837 -5.5388021 4.1104054 83
16.338963 -5.6290874 3.6281714 79
16.430412 -5.7277699 3.1345525 51
2.0068567 -0.90860039 0.7756632 33
15.864188 -4.9985204 3.9647963 89
15.927282 -5.0672421 3.4953086 83
15.994183 -5.1425085 3.0138474 71
2.0714042 -0.858383 0.78418732 33
14.248727 -4.1461158 3.5386455 16
14.32258 -4.2009053 3.1209114 3
15.578976 -4.5770354 2.8953557 82
2.1457436 -0.80916584 0.79549426 29
13.9462 -3.7137032 3.4317973 83
13.97039 -3.7366807 3.0122788 83
14.0084 -3.7669744 2.5863628 65
2.2126865 -0.75626153 0.80567712 27
14.144168 -3.4102223 3.4422753 91
14.165651 -3.4193721 3.0191586 95
14.187551 -3.4273312 2.5858335 83
2.2868555 -0.70290917 0.81820202 20
14.488817 -3.1278052 3.4889758 114
14.489304 -3.1278949 3.0572717 117
14.488889 -3.1202135 2.614135 101
2.3660815 -0.64880377 0.83261079 7
14.129075 -2.7193794 3.3813503 70
14.146383 -2.7005012 2.9605367 63
14.078875 -2.6689169 2.5182595 67
13.916891 -2.3791957 3.7344306 70
13.826437 -2.32687 3.2843287 68
13.800741 -2.292743 2.8663692 68
13.732746 -2.2465024 2.4349656 60
13.61773 -2.0159545 3.6319172 81
2.5697792 -0.52361882 0.77217859 4
13.309653 -1.6546497 3.5245526 66
2.6602998 -0.45304328 0.78511661 28
13.221411 -1.5322405 2.7057238 76
13.087505 -1.3276708 3.4461436 76
2.7102008 -0.37822643 0.79066062 47
12.972173 -1.1805849 2.6385293 81
12.70577 -1.0934458 2.2069037 68
12.847966 -1.0086248 3.3660789 71
2.7724886 -0.30238107 0.79899991 63
12.760782 -0.84670711 2.5808861 92
12.436474 -0.75052643 2.1480913 84
12.586657 -0.70949125 3.2845261 47
2.8262753 -0.22620137 0.80746812 55
12.518831 -0.53149575 2.5238588 82
2.875597 -0.17974834 0.61223245 38
2.8801394 -0.17287098 0.91814828 1
2.9047687 -0.14491244 0.81948954 39
2.9446359 -0.11814639 0.7246033 44
2.9765151 -0.089865498 0.62482923 48
2.9792869 -0.09305238 0.93786937 51
3.0076623 -0.060677581 0.8371138 48
3.0319426 -0.028619843 0.73742616 39
3.0761585 0.003811351 0.63841933 47
3.0736182 -0.005369199 0.95459831 48
3.0971901 0.031709991 0.85087597 47
3.1388812 0.068571344 0.75286943 43
3.1839817 0.10761827 0.65078849 43
3.1489303 0.082240313 0.96862912 44
3.1981635 0.12479337 0.86845142 42
3.2547154 0.16770837 0.77115494 46
3.2896378 0.21176229 0.66618973 42
3.2385061 0.17465372 0.98539126 45
3.3016691 0.22295137 0.88694137 46
3.3486574 0.27213061 0.78573942 47
3.4127123 0.32388121 0.6842438 42
3.3474429 0.27146715 1.0067432 42
3.4083595 0.32640284 0.90726757 44
3.4350002 0.37927559 0.80035287 45
10.463985 1.2552171 1.7872088 52
3.4484804 0.37096739 1.0282555 49
3.4697099 0.42729443 0.91839188 22
3.5080793 0.48622486 0.81323254 26
9.7128325 1.4274822 1.6675186 68
10.559547 1.3614489 2.6958568 66
10.826822 1.5569367 2.447808 80
3.6210592 0.60656142 0.83235592 27
9.6352386 1.6735251 1.6555289 66
10.855557 1.6552935 2.7575402 97
10.736382 1.809173 2.4259932 114
3.7485671 0.74022955 0.85414559 14
10.307062 2.0727642 1.759323 82
10.663752 1.893379 2.7034538 89
10.551999 2.0508449 2.3817575 112
3.8751352 0.87675023 0.87692487 1
10.123937 2.311763 1.7340928 81
10.49775 2.1180198 2.6590798 90
10.375631 2.2815146 2.3424935 114
10.04739 2.3882892 2.0026813 111
4.2400508 1.1595455 0.81459683 15
10.335622 2.3376484 2.6186891 89
10.208844 2.5059288 2.3081336 114
9.8768845 2.6146371 1.9733623 111
4.5151649 1.3640256 0.86141443 10
10.168414 2.5534523 2.5764112 90
10.042767 2.7189875 2.2768641 80
9.7128315 2.8284059 1.9500544 112
9.5817595 2.9890127 1.6666394 104
10.005429 2.7569795 2.5391769 87
9.8791914 2.937104 2.2445073 77
9.5471621 3.0437353 1.9247562 105
9.4164972 3.2129431 1.6482575 104
9.8455982 2.9636769 2.501863 115
9.6956844 3.1421814 2.2095826 70
9.3849897 3.2581329 1.9004096 115
9.2376719 3.423876 1.6302063 101
9.6854105 3.1744676 2.4625158 111
9.4975548 3.346545 2.169893 65
9.2161703 3.4702933 1.8751873 110
9.0790701 3.6468852 1.6127245 101
9.522769 3.3738949 2.4263089 82
9.2827435 3.5284269 2.1316695 67
9.0613518 3.6787386 1.8547758 105
8.9325819 3.86238 1.6001183 102
9.3772869 3.5727782 2.3948352 111
9.0828218 3.7132084 2.0951622 66
8.9075394 3.8811927 1.8363398 104
8.7699909 4.0692806 1.58674 100
9.2344122 3.7704232 2.3661835 111
8.9105701 3.9009771 2.0670457 67
8.7667589 4.0859227 1.8216139 98
8.6211004 4.2702599 1.5792171 90
9.084569 3.9572928 2.3368404 115
8.7649841 4.0882645 2.0476727 68
8.6139517 4.2792377 1.8063006 89
8.4667635 4.4746828 1.5688275 71
8.9515276 4.1540523 2.3121822 79
8.6171389 4.2821693 2.0262742 67
8.460825 4.4735003 1.7909825 67
8.3038979 4.6699071 1.5576547 68
8.8149986 4.3485813 2.286598 77
8.4674139 4.4691124 2.0049667 65
8.3032312 4.6715288 1.7736993 63
8.1559248 4.8775349 1.550133 64
8.6565781 4.5357308 2.2554245 70
8.3278122 4.666851 1.9854006 63
8.1675806 4.8706312 1.7640589 61
8.0029364 5.0750422 1.5437812 63
8.5236034 4.7261939 2.233819 57
8.1803513 4.8535128 1.9670578 61
8.0157871 5.0579686 1.7517787 59
7.8563032 5.272583 1.5393274 60
8.3842821 4.9134636 2.2103412 51
8.0341978 5.0364013 1.9507276 59
7.8731928 5.2526293 1.7422857 55
7.7109542 5.4695048 1.5358576 59
8.2500668 5.1014042 2.1897757 42
7.895051 5.2174368 1.9373025 52
7.7350917 5.440371 1.7357836 51
7.553627 5.6518512 1.532708 57
8.1082935 5.2773113 2.1694374 34
7.7539883 5.4009895 1.9228833 44
7.5897017 5.6277704 1.7283983 53
6.9362206 5.5093799 1.4457616 55
7.9224577 5.4299293 2.139004 24
7.6107254 5.5848608 1.9094949 45
6.962543 5.4724569 1.6227185 52
6.793478 5.6892524 1.4444007 54
7.7302499 5.5825033 2.1056695 21
6.9880443 5.4341588 1.7876989 46
6.8260355 5.6554613 1.6162293 53
6.6766901 5.8958035 1.4483871 56
7.0210948 5.3671508 1.9472364 16
6.855 5.60396 1.7776647 49
6.6905694 5.8329039 1.6121386 52
6.9868312 6.4512177 1.5378364 61
6.8981051 5.5377946 1.9326237 44
6.7191076 5.775558 1.7672459 51
7.0178442 6.3905439 1.7089376 57
6.7719774 5.7052789 1.9190884 44
7.0584869 6.328846 1.8688952 57
6.8693776 6.5779881 1.7055719 59
-0.12056034 0.58451796 0.16381221 4
6.6702609 5.8915401 1.9119982 38
6.9286737 6.517282 1.865227 53
6.7361712 6.7705822 1.7079191 60
-0.17025879 0.56884217 0.15673667 7
7.010047 6.4470963 2.0196211 36
6.7893353 6.702507 1.858736 60
6.5874171 6.958992 1.7065468 61
-0.22627294 0.54365587 0.14884678 8
6.8693314 6.6265526 2.0052028 33
6.6481338 6.8871145 1.854279 61
6.4447269 7.1515656 1.7090408 59
-0.27786702 0.52101028 0.14086407 9
6.7219825 6.8037815 1.9909081 36
6.490726 7.0662537 1.8441246 59
-0.30633283 0.5177623 0.13834189 11
6.5844865 6.9864464 1.9804082 29
6.3441567 7.2480021 1.8397754 63
-0.26718348 0.54997838 0.15743737 5
-0.33987144 0.50752699 0.13396268 10
6.4206996 7.143373 1.9635539 29
6.20647 7.4443555 1.8391532 64
-0.30165359 0.53943825 0.15206327 8
-0.36797041 0.50336635 0.13042015 10
6.2866468 7.3324304 1.9565746 28
6.0671563 7.6337824 1.8392495 65
-0.33354428 0.53083718 0.14762026 10
-0.39006284 0.50333381 0.12875824 11
6.148922 7.5160861 1.950051 30
-0.3635976 0.52283341 0.14316742 10
-0.41629434 0.49662149 0.12623368 11
5.9994798 7.6936874 1.9417666 30
-0.33081308 0.54867798 0.15841866 5
-0.39524224 0.51006967 0.13778217 7
-0.44095507 0.49149096 0.1236691 11
5.8544455 7.8833246 1.9343044 25
-0.35929638 0.5422554 0.15392566 9
-0.42086598 0.50461096 0.13423556 8
-0.46877787 0.48001873 0.12021208 10
5.7163968 8.0869274 1.9306033 22
-0.39094371 0.52948976 0.14854023 9
-0.44806457 0.49440402 0.1307569 8
-0.42134875 0.51608348 0.14214055 9
-0.46704003 0.49434966 0.12905595 8
-0.49974945 0.49070692 0.1196021 10
-0.39145523 0.53777969 0.15447432 9
-0.4444418 0.51253259 0.13953622 8
-0.48633435 0.4952442 0.12735119 8
-0.4202669 0.52596664 0.14903508 12
-0.4665952 0.50612879 0.13594295 8
-0.50278556 0.4970932 0.12559289 7
-0.54148477 0.47983035 0.11535764 9
-0.44655395 0.51605719 0.14353856 11
-0.49223012 0.49433291 0.13145351 7
-0.52081364 0.49735832 0.12387381 7
-0.47060275 0.50901628 0.13998085 11
-0.51153231 0.49205619 0.12877758 7
-0.57467413 0.47816262 0.11289446 9
-0.49403077 0.50007141 0.13543053 10
-0.52607983 0.49771383 0.12795444 7
-0.55654335 0.4937782 0.1204679 7
-0.51238543 0.4981131 0.13273667 10
-0.60278189 0.486653 0.11325847 8
-0.56213605 0.49191028 0.12357368 7
-0.59573853 0.47848129 0.11622331 6
-0.54814667 0.49451408 0.1273309 10
-0.63468891 0.48436493 0.1117803 8
-0.59882933 0.48166889 0.11824313 7
-0.62512821 0.48125854 0.11465918 6
-0.57887572 0.49683982 0.123789 9
-0.66757727 0.4743636 0.10938808 8
-0.62604928 0.4894017 0.11659885 7
-0.65233004 0.48900074 0.11401561 6
-0.61683369 0.48089305 0.1165322 8
-0.69978631 0.45719862 0.10605176 6
-0.65955269 0.47601652 0.11224782 6
-0.6817022 0.48545438 0.11250968 6
-0.6487729 0.47225302 0.11211275 8
-0.72440583 0.46792009 0.10734048 6
-0.68515128 0.48640069 0.11155481 6
-0.71077365 0.48094973 0.11000716 6
-0.67880791 0.46742091 0.1086284 8
-0.75186902 0.45868549 0.10585593 7
-0.71453375 0.47968245 0.10907731 6
-0.7398302 0.47012189 0.10756207 5
-0.70631105 0.46133068 0.10511548 7
-0.78028131 0.43646616 0.10250475 6
-0.74359816 0.46568331 0.10566112 6
-0.77585858 0.40100288 0.095758982 4
-0.73318398 0.45650649 0.10158084 7
-0.79949063 0.49756962 0.11324726 7
-0.77805704 0.40131101 0.093789905 4
-0.79192162 0.46843797 0.10639404 4
-0.76637596 0.41050532 0.092521794 6
-0.82726616 0.4607878 0.1080188 4
-0.79349816 0.47317433 0.1043743 4
-0.81621414 0.48138317 0.10865613 5
-0.78341836 0.46493658 0.099290527 7
-0.85219741 0.45029509 0.10650504 4
-0.8187542 0.4857921 0.10565417 6
-0.84210008 0.48006758 0.10807326 5
-0.80963933 0.45189324 0.095820263 6
-0.87679416 0.4515309 0.10787863 5
-0.8449595 0.47909132 0.1041254 6
-0.86828971 0.47337562 0.10754421 5
-0.8336454 0.4512049 0.094201945 7
-0.90295869 0.46702015 0.11214618 6
-0.87022477 0.46320418 0.10066574 6
-0.89353091 0.4733364 0.10793914 5
-0.85891098 0.44165125 0.091684356 6
-0.92849475 0.46477532 0.11356591 7
-0.89610279 0.46505988 0.10105313 6
-0.91845387 0.46601525 0.10739554 4
-0.88227236 0.43590549 0.090101913 6
-0.95403135 0.4625313 0.11498537 7
-0.92198104 0.46691662 0.10144024 6
-0.94715923 0.47959286 0.11071956 5
-0.90692121 0.43289822 0.089522965 6
-0.98339432 0.47377723 0.11835291 6
-0.94819903 0.46549436 0.10187318 6
-0.97430915 0.47786099 0.11217111 6
-0.93123043 0.43316758 0.088900611 7
-1.0133421 0.48483086 0.12272038 5
-0.97470647 0.46608457 0.10228216 6
-0.99795771 0.46674818 0.11164226 5
-0.95837462 0.4419865 0.090244353 6
-1.045489 0.49620584 0.12811914 8
-1.0002664 0.46065941 0.10173102 6
-1.0260261 0.47209603 0.11403194 5
-0.9877404 0.45427898 0.09159071 7
-1.0735502 0.49205819 0.12959525 4
-1.0245441 0.45461386 0.10216542 6
-1.0572567 0.47743702 0.11647093 5
-1.0164694 0.45834273 0.092002116 8
-1.097176 0.47779348 0.13009432 1
-1.0576857 0.46564278 0.10458201 6
-1.0922623 0.48784772 0.1209225 4
-1.0423325 0.45387527 0.092446588 8
-1.0974451 0.4871197 0.11000641 7
-1.1199976 0.47959155 0.12243071 4
-1.0729568 0.45730194 0.092892915 8
-12.78755 20.579754 4.4862289 117
-1.1195217 0.46810755 0.10852026 6
-1.1626097 0.49696708 0.12793075 4
-13.225095 20.252438 4.4929142 136
-1.108016 0.46456227 0.095362999 8
-13.657495 19.932177 4.5054021 115
-1.156801 0.47571766 0.11201774 7
-1.1967046 0.49509913 0.131467 3
-14.087056 19.603331 4.5150557 117
-1.1351956 0.45445171 0.09487246 9
-13.864943 19.813267 4.0325818 12
-14.522005 19.293842 4.5316615 126
-1.1877766 0.46755844 0.11358146 7
-14.946727 18.969835 4.547051 119
-1.1611282 0.44059083 0.094395757 9
-1.235876 0.47050506 0.13228044 3
-15.36738 18.643003 4.5632448 136
-1.2190425 0.46029809 0.11509645 7
-1.2504028 0.46355504 0.13255639 3
-15.801871 18.326281 4.5827465 118
-1.1952697 0.43872812 0.095922291 9
-15.802691 17.507055 4.4804354 101
-1.248117 0.44646192 0.11571408 7
-1.2879732 0.45950106 0.13623361 0
-16.189005 17.156931 4.4939556 40
-1.2205148 0.42291418 0.095515631 9
-17.111912 17.38862 4.6645584 113
-1.2805723 0.43654224 0.11740729 8
-17.543915 17.065516 4.6961055 116
-1.2628758 0.42653406 0.098084264 10
-17.34754 17.156395 4.1026292 114
-17.982334 16.747278 4.7264442 113
-1.3204085 0.43269521 0.12096045 7
-17.768839 16.804066 4.1176934 122
-18.427114 16.421888 4.7597818 92
-1.2944591 0.41392082 0.098748736 10
-18.2045 16.462494 4.1369376 122
-18.876163 16.102282 4.7979331 113
-1.3114749 0.40818548 0.10009028 10
-1.3601543 0.42566201 0.12372366 6
-18.649605 16.119396 4.1613455 133
-19.324762 15.766129 4.8357325 118
-1.3310378 0.40369999 0.10050868 11
-1.3853859 0.42564464 0.1271605 5
-19.102669 15.776217 4.1858549 141
-19.757835 15.421493 4.8745327 98
-1.3480662 0.39800867 0.10183457 11
-1.4099945 0.42373982 0.12957454 4
-19.559235 15.435259 4.2142711 106
-20.206789 15.073524 4.9137759 117
-1.373031 0.39703378 0.10322676 12
-1.4327492 0.41928977 0.13094504 3
-20.026443 15.095806 4.2477255 114
-20.667364 14.740651 4.9601517 123
-1.3922842 0.39164111 0.10455346 12
-1.4535503 0.4123196 0.13332452 2
-20.484852 14.741558 4.2791862 107
-20.703255 14.085082 4.9026055 41
-1.4120746 0.38501361 0.10592879 12
-1.4802145 0.41076362 0.13576761 0
-20.895544 14.346904 4.302845 74
-20.88401 13.556688 4.8849478 96
-1.4384146 0.38249424 0.10837259 13
-1.5084956 0.40757996 0.13923986 0
-20.826572 13.609065 4.2243638 112
-22.055712 13.674571 5.1060719 101
-1.4617368 0.37675261 0.10978592 13
-21.946627 13.671429 4.3964357 88
-22.548258 13.313271 5.1620822 92
-1.4875927 0.37231761 0.11222596 14
-22.440136 13.300684 4.4400282 102
-23.051485 12.946499 5.2209082 108
-1.5112451 0.36440182 0.11365754 14
-22.440392 13.345512 3.7565064 115
-22.9505 12.929154 4.4903717 112
-23.527842 12.55909 5.2768312 103
-1.541852 0.36153919 0.11615993 14
-22.961279 12.957932 3.7930186 113
-23.49189 12.560307 4.5460653 115
-24.052824 12.18645 5.3453822 97
-1.5737301 0.35616866 0.11871459 15
-23.461252 12.545747 3.827672 121
-24.023676 12.164743 4.5990338 103
-24.55702 11.7905 5.4108863 111
-1.6068604 0.35142142 0.12229621 9
-23.977737 12.130334 3.8672252 133
-24.564692 11.766143 4.6571603 98
-25.112991 11.402699 5.4881005 101
-1.6380301 0.34399381 0.1248262 6
-24.521338 11.706387 3.9110134 117
-25.118608 11.357446 4.7199388 94
-24.885597 10.644471 5.3892007 99
-1.6900971 0.34558642 0.13067257 2
-25.049227 11.269064 3.9559321 129
-24.933495 10.603279 4.6421509 112
-25.398886 10.228752 5.4640031 89
-1.7260648 0.33681089 0.13346855 0
-24.986998 10.548981 3.9051149 78
-25.274515 10.098398 4.671988 32
-24.706488 9.3262434 5.2753711 48
-24.78734 9.79807 3.8414183 26
-24.373497 9.0979891 4.4627256 30
-24.064793 8.4863796 5.0982389 54
-24.406395 8.9976149 3.7466738 28
-23.543112 8.1761322 4.2700253 56
-23.4597 7.7000175 4.9318585 38
-25.196114 9.181386 3.1182101 6
-23.766478 8.1378508 3.6227803 38
-21.791168 7.0023003 3.918927 4
-21.540949 6.5283318 4.4903288 72
-21.754501 6.8606548 3.2797201 40
-21.513227 6.389533 3.8436832 118
-21.87488 6.1298208 4.5384469 113
-21.607918 6.2763057 3.2366283 123
-21.846577 5.9690313 3.8809936 96
-21.755939 5.5989785 4.4888129 60
-21.735928 6.1664376 2.6158404 108
-22.123949 5.8868284 3.2938166 117
-21.366617 5.3293643 3.77282 71
-21.143375 4.9493418 4.3312464 72
-29.11009 7.6210423 3.5059538 40
-22.890968 5.5424666 3.3886263 22
-20.962824 4.7266088 3.6743352 43
-20.645788 4.3641562 4.2061691 82
-25.100601 5.8932834 2.9923992 7
-21.982666 4.7821841 3.2324276 8
-20.760855 4.2001491 3.6193719 10
-20.232998 3.8243144 4.101295 76
-30.182957 6.3903985 3.5994632 33
-22.029867 4.2663484 3.2254908 4
-24.191492 4.3812637 4.2085891 16
-19.831272 3.3057265 3.9857006 73
-29.489941 5.5102201 3.4834287 48
-21.837114 3.7152514 3.1671665 4
-23.762257 3.7639005 4.1097059 18
-19.459244 2.8184659 3.8903875 88
-28.822481 4.6693583 3.3846247 32
-25.189838 3.7275949 3.6555548 70
-20.358709 2.7308295 3.4909849 3
-19.136908 2.35636 3.8165636 70
-28.32696 3.9008355 3.3220675 8
-25.879299 3.2295589 3.7527318 47
-18.107185 2.0082932 3.0857446 84
-17.961626 1.814221 3.5613019 78
-18.027967 1.9813884 2.0795786 86
-3.745836 0.23764309 0.45078856 58
-3.7467253 0.20706615 0.53308862 93
-3.7642946 0.18251587 0.62159044 90
-3.6867347 0.19488731 0.35925293 79
-3.6983612 0.16492905 0.44271168 101
-3.7399743 0.13968757 0.53058696 103
-3.7171903 0.11388501 0.61048234 87
-3.7197299 0.126847 0.36336541 79
-3.7405152 0.099092409 0.44794446 91
-3.7344732 0.072947502 0.52909893 101
-3.6978285 0.049677286 0.60575938 95
-3.7868302 0.060027041 0.3709884 70
-3.7441506 0.03140251 0.44860497 90
-3.7078323 0.0059091342 0.52429032 102
-3.6765857 -0.013902741 0.60000211 96
-3.716902 -0.013588794 0.3625772 92
-3.6831005 -0.037813447 0.43928984 96
-3.683723 -0.059869789 0.51950926 113
-3.6786654 -0.076854423 0.59959644 101
-3.6775901 -0.083753586 0.35860351 87
-3.6939917 -0.10582523 0.44106445 73
-3.7491839 -0.12506969 0.53109348 91
-3.7507222 -0.14109319 0.61427325 61
-25.527504 -0.73937786 2.992547 7
-24.687878 -0.88259 3.555773 10
-19.903257 -0.83483881 3.3700101 4
-17.873028 -0.82877922 3.4998147 12
-16.853338 -0.90065068 1.9463147 9
-16.78776 -0.99090415 2.3861516 106
-16.742344 -1.0724698 2.8167734 113
-16.720699 -1.132058 3.2630298 98
-16.57058 -1.2703185 1.9197917 61
-16.524769 -1.3492861 2.3508492 103
-16.49235 -1.413781 2.7769771 110
-16.453863 -1.4582796 3.2098396 108
-16.3083 -1.6317259 1.8949801 35
-16.255713 -1.6936905 2.316781 108
-16.225998 -1.7475352 2.7328494 108
-16.208494 -1.7769524 3.160886 99
-16.069675 -1.982085 1.8764113 12
-16.022919 -2.0302107 2.2911761 69
-16.008823 -2.0724187 2.7004006 120
-15.963093 -2.0892179 3.1139319 113
-15.871427 -2.3279579 1.8644869 4
-15.777826 -2.359333 2.2624331 100
-15.753468 -2.3854706 2.6623623 114
-15.756463 -2.3954251 3.0755577 108
-18.620556 -3.1862304 2.2161632 15
-15.52293 -2.6734233 2.2345681 118
-15.51924 -2.6949356 2.6277499 115
-15.517028 -2.6894755 3.0317173 106
-14.400537 -2.7890475 1.7057848 103
-14.392191 -2.803822 2.072835 107
-14.392153 -2.8129659 2.434958 108
-14.394875 -2.8008499 2.8059361 109
-14.165161 -3.0792494 1.689798 103
-14.179994 -3.0912795 2.0511677 107
-14.182303 -3.0875254 2.4062114 106
-14.208181 -3.0694852 2.7734809 102
-14.625464 -3.5394211 1.7626635 64
-14.702922 -3.5523565 2.1449745 71
-14.701625 -3.539968 2.5098894 70
-14.634732 -3.4844799 2.8684487 61
-14.567051 -3.8794589 1.7707502 115
-14.579602 -3.8695941 2.1398938 118
-14.607098 -3.8499937 2.5051732 116
-14.634546 -3.8113675 2.8762844 113
-14.337626 -4.1703243 1.7653037 117
-14.358385 -4.1516576 2.1265078 113
-14.389972 -4.1260924 2.4838142 113
-14.430311 -4.0770559 2.8510456 113
-14.125858 -4.4621859 1.7566783 106
-14.142029 -4.4293509 2.1096838 110
-14.175026 -4.3937407 2.4589205 111
-14.235686 -4.3409967 2.8214283 103
-13.908422 -4.7426496 1.7478651 107
-13.945232 -4.7051587 2.096143 108
-13.988591 -4.664638 2.4377136 107
-14.02901 -4.5988841 2.7824299 104
-13.696236 -5.0207047 1.7349129 107
-13.737085 -4.9783096 2.0757315 110
-13.778048 -4.923327 2.4110086 106
-13.832554 -4.8529515 2.7529886 104
-13.486331 -5.2977204 1.728381 108
-13.527659 -5.2417574 2.0615382 107
-13.584538 -5.1868153 2.3909314 109
-13.647688 -5.1096897 2.7272229 100
-13.273307 -5.5648232 1.7224952 109
-13.32581 -5.5073714 2.0487981 108
-13.391326 -5.4426956 2.3732283 106
-13.446118 -5.3533144 2.6992815 107
-13.0773 -5.8376522 1.7198942 107
-13.111663 -5.7593827 2.0357401 104
-13.186155 -5.693532 2.3522923 108
-13.275108 -5.6061158 2.6778841 106
-12.873095 -6.1003079 1.7171216 108
-12.924297 -6.0192461 2.0282192 108
-12.99514 -5.9426794 2.3366475 107
-13.082374 -5.8483863 2.6511643 105
-12.668271 -6.3584733 1.7143672 77
-12.735044 -6.278367 2.0207872 107
-12.812948 -6.1935873 2.3233156 106
-12.896846 -6.0876665 2.6296656 106
-12.48141 -6.6225538 1.7160577 63
-12.548945 -6.5343771 2.0143201 108
-12.614697 -6.43613 2.3064661 106
-12.709451 -6.323328 2.6069164 106
-12.264282 -6.8703113 1.7129774 104
-12.341726 -6.7749348 2.0053229 105
-12.429663 -6.6799321 2.2938268 106
-12.528661 -6.5612006 2.5862861 104
-12.079604 -7.1310496 1.7164965 109
-12.153708 -7.0271988 2.0007162 107
-12.239906 -6.922152 2.2801044 104
-12.348488 -6.8003316 2.5666778 107
-11.887989 -7.3905187 1.7189028 110
-11.968847 -7.2762995 1.9971304 106
-12.05075 -7.1592884 2.2693479 104
-12.175548 -7.0366058 2.5501535 108
-11.689109 -7.640161 1.7221159 106
-11.754676 -7.5092463 1.9889674 91
-11.876722 -7.4046617 2.2608905 106
-11.992858 -7.2706728 2.5304661 109
-11.492748 -7.8885365 1.726357 118
-11.592461 -7.7722569 1.9918445 107
-11.700165 -7.6512947 2.2524083 107
-11.811397 -7.5009232 2.5137646 68
-10.670184 -7.653821 1.6290267 99
-10.757938 -7.5304542 1.8702705 135
-10.859045 -7.4084244 2.1067235 37
-11.63341 -7.7333941 2.4971361 109
-7.577353 -5.5348334 1.1473259 1
-10.579408 -7.757411 1.8695916 132
-10.685676 -7.6297526 2.1000705 132
-10.818786 -7.4910479 2.3348505 99
-11.070802 -8.778265 1.7728503 63
-13.134347 -10.250405 2.3995435 45
-10.515433 -7.8542385 2.0957012 131
-10.648686 -7.70929 2.3216348 98
-10.869022 -9.0332766 1.7807537 63
-11.062726 -8.9454222 2.0381148 1
-10.964186 -8.6035862 2.2258601 65
-11.086435 -8.422226 2.452112 115
-7.2875395 -6.1167498 1.1818748 21
-10.846272 -9.1786432 2.0362034 1
-10.769321 -8.8324614 2.219018 52
-10.920044 -8.6638346 2.4428058 110
-10.483666 -9.5577803 1.804159 53
-14.94266 -13.515843 2.9249105 21
-10.582937 -9.0736723 2.2144139 33
-10.733512 -8.8902617 2.4290664 105
-10.288119 -9.8190527 1.8176036 50
-10.43632 -9.6611881 2.0394492 1
-10.411951 -9.3253059 2.2151351 26
-10.566138 -9.1346998 2.4217758 110
-10.104208 -10.095827 1.8333622 42
-14.391897 -14.256929 2.9413936 10
-10.223318 -9.5636406 2.2134774 34
-10.3846 -9.3712301 2.4112055 112
-13.880796 -14.871181 2.651089 51
-14.111315 -14.624516 2.9511342 15
-10.07675 -9.8496275 2.2214108 6
-10.204325 -9.6079226 2.4020245 113
-9.6213264 -10.534097 1.8469799 2
-13.816535 -14.982918 2.959707 16
-9.9075212 -10.123448 2.2256567 5
-10.018537 -9.8467855 2.391886 114
-9.4005041 -10.782669 1.8588667 7
-13.536886 -15.372057 2.9739473 13
-9.7423658 -10.404445 2.2326555 2
-9.8347111 -10.086757 2.3842428 111
-9.1479044 -10.987888 1.8659006 62
-9.2903223 -10.755491 2.0409877 48
-9.5570459 -10.667076 2.2371933 2
-9.6521015 -10.335568 2.3786976 108
-8.9405336 -11.255719 1.8851618 66
-9.1032572 -11.03227 2.0546281 93
-9.2812061 -10.820283 2.2194204 88
-9.4663372 -10.581212 2.3730791 106
-8.6690207 -11.441936 1.8907504 29
-8.9064026 -11.303656 2.0680768 93
-9.0754271 -11.062346 2.2204762 108
-9.277709 -10.829054 2.3684387 112
-8.5068226 -11.78501 1.924351 109
-8.6309795 -11.467503 2.06341 49
-8.8859282 -11.337276 2.2280657 109
-9.0843353 -11.078468 2.3637433 112
-8.2927256 -12.072723 1.9466931 106
-8.4805136 -11.822968 2.0932946 113
-8.6461716 -11.542645 2.2225032 62
-8.8865204 -11.331676 2.3594553 114
-8.0788803 -12.372135 1.9728212 103
-8.2690687 -12.103185 2.1095164 119
-8.4672537 -11.851718 2.2374825 115
-8.6390753 -11.519751 2.3421421 59
-7.8442554 -12.642417 1.9972309 86
-8.0556927 -12.39222 2.1271901 117
-8.2654047 -12.131989 2.2470317 117
-8.4820175 -11.842478 2.3537142 115
-7.2567477 -12.259776 1.9181179 61
-7.8174925 -12.642342 2.1399133 99
-8.0478001 -12.40276 2.2542436 119
-8.2850571 -12.118096 2.3542743 115
-2.9615283 -4.3475914 0.67768985 4
-7.2299395 -12.244982 2.0446646 79
-7.8132143 -12.645687 2.2589571 108
-8.0807981 -12.393367 2.3567255 118
-2.7918847 -4.2506318 0.65731514 28
-7.0002613 -12.488467 2.059459 107
-7.2397304 -12.257318 2.1519949 94
-7.8464122 -12.626913 2.3493583 103
-2.6345565 -4.1609426 0.63914919 3
-3.161356 -5.0427632 0.82377416 20
-7.0020142 -12.479009 2.1539898 104
-7.2832351 -12.253435 2.2310038 78
-2.4095969 -3.8881698 0.59308743 2
-2.6115088 -4.1064882 0.66395879 28
-3.163722 -5.037931 0.85734278 24
-7.0417762 -12.465386 2.2205596 109
-2.8100469 -5.1999736 0.78633577 67
-2.4400806 -3.959271 0.63289082 9
-2.6104198 -4.0932522 0.68660706 10
-3.1912594 -5.0490899 0.88367754 15
-6.1462302 -14.904078 2.2275436 82
-2.828645 -5.2366433 0.82693452 50
-2.4732966 -4.0219803 0.66493589 11
-3.0420473 -5.020174 0.86119819 107
-5.8760695 -15.260456 2.2696643 89
-6.1613874 -14.895082 2.3166847 99
-2.8537152 -5.2734146 0.85762852 47
-2.4967601 -4.0329595 0.67937768 13
-5.6004562 -15.632925 2.3148484 83
-5.892395 -15.232912 2.3466587 100
-6.1828461 -14.844032 2.3705432 96
-2.8606954 -5.2208786 0.86226344 21
-5.3143539 -16.017689 2.3619874 87
-5.620122 -15.595999 2.3808141 98
-5.9246645 -15.193964 2.3937988 103
-6.2431002 -14.786116 2.3879347 94
-5.0177255 -16.411587 2.4110875 96
-5.339169 -15.978323 2.4190466 100
-5.6553507 -15.561265 2.4170678 90
-5.9948072 -15.144684 2.402436 95
-4.7033567 -16.811129 2.4609821 93
-5.0436673 -16.36948 2.4561441 97
-5.3761826 -15.938962 2.442286 105
-5.7154355 -15.461211 2.4071074 81
-4.3676109 -17.173971 2.5072391 102
-4.736155 -16.752373 2.4949851 105
-5.0878596 -16.318836 2.4693644 101
-5.449717 -15.859248 2.4236615 80
-3.9643509 -17.218925 2.5086262 94
-4.4231472 -17.192417 2.5421891 104
-4.7863388 -16.700579 2.4962215 110
-5.1673784 -16.231657 2.4377182 74
-3.5241425 -17.02376 2.4763386 99
-4.0399466 -17.328487 2.5446692 102
-4.4751663 -17.120201 2.5292716 108
-4.8711157 -16.604662 2.452575 92
-3.1745951 -17.399807 2.5284157 30
-3.5842988 -17.030107 2.4852126 100
-4.1201763 -17.376432 2.5381999 103
-4.5753102 -17.045258 2.4760046 83
-2.9465635 -19.035376 2.7634435 86
-3.2288294 -17.33362 2.5145893 71
-3.6581399 -17.038046 2.4613266 97
-4.239696 -17.39138 2.4830437 106
-2.5531998 -19.584412 2.8424289 84
-3.0105331 -18.956682 2.735647 102
-3.3041728 -17.322073 2.4775524 87
-3.782418 -17.08626 2.4005351 88
-2.1308131 -20.119501 2.9188623 70
-2.6150727 -19.456583 2.7921658 96
-3.0837123 -18.846428 2.6667023 104
-3.3959646 -17.170736 2.373518 98
-1.6929154 -20.725285 3.0086927 71
-2.207597 -20.026243 2.8611245 88
-2.7019188 -19.378374 2.7147052 105
-3.2030694 -18.751846 2.552572 95
-1.2243878 -21.315519 3.0979345 65
-1.7780557 -20.654917 2.9392791 53
-2.2933376 -19.892908 2.7591593 85
-2.8236668 -19.227718 2.5771134 83
-0.73362964 -22.00897 3.204181 74
-1.315334 -21.194427 3.0063865 70
-1.8698472 -20.476221 2.8170009 89
-2.4256725 -19.726906 2.6073112 72
-0.23222682 -21.921841 3.2012968 95
-0.83684051 -21.907846 3.1015944 69
-1.4214386 -21.085964 2.8799405 70
-2.0131583 -20.40991 2.658565 23
0.2730175 -21.987352 3.2198353 53
-0.33102223 -21.985882 3.1027243 130
-0.94654971 -21.747921 2.9456503 53
-1.5727983 -21.023434 2.7003775 40
0.94616866 -24.228321 3.5559165 45
0.16992868 -21.899033 3.0824535 102
-0.44143799 -22.095173 2.9673002 135
-1.0985227 -21.592993 2.7316484 34
1.5847802 -25.041958 3.684921 51
0.81670892 -24.030888 3.3722947 60
0.052724533 -21.810198 2.902843 93
-0.60324383 -22.145798 2.7604151 79
2.2704201 -25.948265 3.8305535 46
1.4493706 -24.885418 3.4860721 46
0.57484275 -22.218048 2.9377413 4
-0.7941162 -1.3621564 0.17453934 1
3.0032866 -26.870411 3.9830592 96
2.1267071 -25.791605 3.610652 30
1.3015066 -24.665997 3.2378588 47
-0.76535827 -1.347236 0.1709967 1
3.5844367 -26.60272 3.9623401 66
2.8545475 -26.790436 3.7497609 58
1.9605486 -25.559387 3.3360445 31
-0.7349484 -1.3623495 0.17068221 0
4.6819811 -29.105116 4.3583102 33
3.4585638 -26.63636 3.7255051 104
-0.70619667 -1.3537481 0.16818504 1
5.6272717 -30.317616 4.5641632 24
4.1256385 -26.877514 3.7628539 7
-0.63964236 -1.3376964 0.18006076 1
-0.67780817 -1.3474014 0.16570453 3
6.6806693 -31.657223 4.790277 96
5.4405632 -30.114628 4.2158203 24
-0.60516328 -1.3683542 0.18279397 0
-0.64757359 -1.3467926 0.16321966 4
7.3476148 -31.305901 4.7667503 33
6.5171976 -31.665848 4.4381824 31
-0.57809263 -1.3486755 0.17922185 4
-0.61917895 -1.3403683 0.16075402 6
9.0451784 -34.582088 5.3037891 25
7.2084899 -31.364422 4.4014187 54
-0.54321361 -1.3675448 0.1818769 1
-0.59074551 -1.3308423 0.15825185 6
10.431124 -36.277252 5.6013641 44
8.887579 -34.622906 4.8704643 23
-0.51120532 -1.3716158 0.18142839 1
-0.56225252 -1.3244995 0.15576153 7
10.295118 -36.432217 5.1378436 45
-0.48504797 -1.3522112 0.17790149 3
-0.53226346 -1.3227532 0.15434502 7
11.106708 -36.136597 5.113287 18
-0.45377719 -1.3479447 0.17743668 5
-0.50418895 -1.3122065 0.15186271 9
14.903929 -40.73056 6.4473166 71
-0.38613915 -1.3409867 0.19638355 1
-0.42406601 -1.342187 0.17594862 7
-0.47831452 -1.2950985 0.14832625 9
15.721663 -40.116829 6.4056072 55
-0.3579877 -1.3304975 0.19587098 1
-0.39656749 -1.3298094 0.17443116 8
-0.44826767 -1.2934669 0.14686859 9
3.2537003 -9.3663549 1.5133861 51
-0.33076695 -1.3150995 0.19441643 1
-0.3661724 -1.3207263 0.17298295 8
-0.41944745 -1.2859616 0.14545247 9
17.300812 -38.881943 6.3308201 69
-0.30263224 -1.3014419 0.19388844 1
-0.3383621 -1.3092942 0.17147808 9
-0.39037707 -1.2783327 0.14296149 10
18.085121 -38.278393 6.2960372 69
-0.24100956 -1.3619536 0.20353635 2
-0.31023437 -1.2988081 0.16999575 10
-0.36066318 -1.2725837 0.14150734 10
18.837362 -37.679024 6.2709312 53
-0.21034074 -1.3527116 0.20304196 5
-0.27829239 -1.2933601 0.16950591 10
-0.32872784 -1.2703087 0.14003651 10
19.628901 -37.127811 6.2486987 73
-0.17903115 -1.3422167 0.20249586 1
-0.24633506 -1.2879323 0.16899116 9
-0.29931116 -1.2636374 0.13854387 10
20.383707 -36.542629 6.2242594 89
-0.14801715 -1.3308035 0.20193431 7
-0.2194465 -1.2736923 0.16746537 10
-0.26765996 -1.2572987 0.13701908 10
21.128464 -35.93655 6.1958213 66
-0.11634915 -1.3212765 0.2023842 1
-0.18335824 -1.2742754 0.16694295 9
-0.23476551 -1.254722 0.13551761 11
21.893251 -35.39325 6.1849651 66
-0.088216476 -1.3044629 0.2018276 5
-0.15299641 -1.2641016 0.16641071 10
-0.20536277 -1.2448784 0.13400036 11
22.644634 -34.816547 6.1658182 69
-0.051181685 -1.3015474 0.20225954 0
-0.11819199 -1.2608799 0.16587278 9
-0.17437705 -1.236611 0.13247375 11
23.311922 -34.159439 6.1372466 70
-0.0065187644 -1.3085568 0.2057265 5
-0.084354043 -1.2546468 0.16638122 11
-0.14215919 -1.2288104 0.13099258 11
24.138128 -33.697662 6.1430688 81
0.030816345 -1.3033918 0.20714124 6
-0.053393293 -1.2431985 0.1648327 11
-0.10833739 -1.2227368 0.12944987 11
24.877016 -33.130344 6.1334095 70
0.063084587 -1.2893994 0.20653176 5
-0.017304875 -1.2374059 0.16523695 11
-0.072897695 -1.2182131 0.12887128 11
5.1616888 -7.4389935 1.4016997 3
0.098509759 -1.2785602 0.20690836 2
0.020033035 -1.2322638 0.16563977 11
-0.038434401 -1.2108879 0.12729992 12
5.2975903 -7.2721934 1.39324 59
0.14824523 -1.2850735 0.21024498 3
0.05830254 -1.226812 0.16503787 12
-0.0055471784 -1.2019638 0.12674657 12
27.100378 -31.415564 6.1135468 58
0.18122175 -1.2700872 0.21018134 3
0.094455071 -1.2181479 0.16500488 11
0.028992917 -1.1917439 0.12473805 12
27.826414 -30.833971 6.1015754 59
0.21824516 -1.2577153 0.2105331 5
0.12892543 -1.2076846 0.16441463 12
0.067889683 -1.1882278 0.12414663 12
6.0954638 -7.1930199 1.4519514 103
0.25648189 -1.2459329 0.21088296 6
0.16873577 -1.2005832 0.1647764 13
0.10258507 -1.1754012 0.1225282 13
4.6052709 -5.4207592 1.1163579 80
0.29276621 -1.2315074 0.21221642 6
0.20248568 -1.1849611 0.16413675 12
0.13445076 -1.1604704 0.12092238 13
4.601265 -5.1839075 1.0893286 115
0.33964804 -1.2263457 0.21448526 7
0.24627437 -1.1798886 0.16547692 13
0.18232991 -1.1614021 0.12130997 13
4.7600522 -5.1033092 1.0956206 6
0.38370225 -1.2158425 0.21587978 7
0.28039989 -1.1620893 0.16391177 14
0.21775167 -1.1474299 0.11969873 14
31.604008 -27.951197 6.1284518 65
0.42738223 -1.204407 0.21721317 7
0.32753381 -1.1578945 0.16536559 71
0.26165876 -1.1400517 0.1192662 14
3.7761381 -3.8666651 0.86887419 67
0.48366082 -1.2022829 0.22176217 7
0.37141052 -1.1472175 0.16598652 72
0.30204317 -1.1283698 0.11889964 14
3.841274 -3.7495041 0.8634811 52
0.51806045 -1.1788181 0.22132702 7
0.41764262 -1.1367429 0.167446 73
0.34322369 -1.1154743 0.11834387 81
4.0120015 -3.7132285 0.8768602 4
0.57264531 -1.1710156 0.2245587 4
0.46177572 -1.122941 0.16780551 72
0.39114928 -1.1067282 0.11769575 81
27.934666 -20.683418 5.0159121 18
0.62611485 -1.1616837 0.22717568 3
0.51227158 -1.1146506 0.1684114 72
0.44002026 -1.0968837 0.11729989 85
25.015425 -17.740099 4.4232979 97
0.68277222 -1.1511037 0.23024637 3
0.56447566 -1.1034704 0.16954531 65
0.49188754 -1.0879434 0.11646187 83
25.085827 -16.965836 4.3554945 22
0.73466545 -1.1358029 0.23236038 3
0.61319083 -1.0881808 0.17070629 70
0.53835821 -1.0723553 0.11565343 75
23.911518 -15.440087 4.0797758 18
0.77619612 -1.1116726 0.23297538 2
0.66009295 -1.0706919 0.17032792 74
0.59285754 -1.0618142 0.11523976 75
21.211897 -13.096622 3.572156 119
0.83729088 -1.0986084 0.23596984 1
0.72084796 -1.0598488 0.17235179 81
0.64216405 -1.0453235 0.11438795 75
21.682222 -12.71873 3.5891886 127
0.89324778 -1.0798104 0.23800209 1
0.77646178 -1.0432112 0.17340033 77
0.69458419 -1.0286381 0.11447641 76
21.09795 -11.76763 3.4404082 20
0.95329309 -1.0605987 0.24194603 0
0.83428049 -1.026922 0.17440188 85
0.75494611 -1.0136656 0.11445112 83
20.301153 -10.749713 3.26127 23
20.594006 -11.256168 2.6483965 18
0.88562095 -1.0034951 0.17549297 84
0.81828487 -0.99781066 0.1144961 89
6.5041695 -3.5830028 1.1275686 3
19.700417 -10.202963 2.4889514 22
0.94761914 -0.98373491 0.1764906 86
0.86920512 -0.97338164 0.11354525 96
1.5904105 -1.169376 0.37869027 14
1.5868111 -1.203536 0.30416256 0
1.0076909 -0.9614777 0.17866673 73
0.93713099 -0.95582414 0.11375848 86
6.6907349 -3.2746608 1.1230527 59
6.6256394 -3.3447726 0.88381827 69
1.0616508 -0.93367428 0.17905244 57
0.99014485 -0.92826259 0.11412729 90
7.0782723 -3.235781 1.1639107 107
1.2202162 -0.92113656 0.25286448 0
1.1160816 -0.9035809 0.18025556 71
1.051227 -0.90238392 0.11318087 8
9.7403593 -4.0335441 1.5294625 60
1.2760139 -0.88865656 0.25490084 2
1.150354 -0.86353821 0.17957208 75
1.1003819 -0.86894882 0.11333537 93
9.7632408 -3.7778656 1.5114131 36
1.2772266 -0.83549362 0.25150996 2
1.193944 -0.82678819 0.17963968 70
1.1401483 -0.83033156 0.11144939 83
16.211435 -5.6173587 2.3903956 55
16.29266 -5.8037844 1.8749851 60
1.2334408 -0.78715658 0.17873709 75
1.1808718 -0.79136968 0.11048251 91
15.747365 -5.0658092 2.2948472 63
7.1607585 -2.5517077 0.87235624 0
1.2653306 -0.74357516 0.17830724 71
1.2188486 -0.74989891 0.10901546 93
15.358164 -4.5647364 2.216013 76
7.3594546 -2.4098802 0.88019663 1
1.3277091 -0.70886242 0.18009833 61
1.2643731 -0.70928872 0.10800581 80
14.105544 -3.8686361 2.0208836 67
7.5699081 -2.2665393 0.88880306 1
1.3692906 -0.66643709 0.18005043 82
1.3147691 -0.66812187 0.10781407 77
14.096601 -3.5227485 1.9975704 92
8.0793829 -2.1863256 0.92749518 14
1.4133589 -0.62211967 0.17991853 76
1.3717935 -0.62790293 0.10653174 94
14.378601 -3.2373807 2.0095832 113
7.9437852 -1.9471853 0.90116352 5
1.4717603 -0.57934231 0.18064958 105
1.4219968 -0.58261299 0.10638856 126
14.07314 -2.8359718 1.9485238 82
14.450993 -2.9746015 1.5332265 10
1.5242343 -0.5343523 0.18150541 96
1.4681001 -0.53449494 0.10530693 115
13.797488 -2.4572792 1.8922248 60
9.7478724 -1.8365318 1.0531962 7
1.5810837 -0.48685256 0.18226936 105
1.5218092 -0.4869929 0.10412749 110
13.482305 -2.0833862 1.8315738 5
8.8502159 -1.4639676 0.9529497 3
1.6361226 -0.43676254 0.18305892 98
1.5793388 -0.43817669 0.10488256 111
2.597369 -0.48049083 0.448603 7
2.5901909 -0.48646957 0.34474733 28
1.6828659 -0.38418436 0.18293412 91
1.6298604 -0.38433543 0.1036919 102
12.95785 -1.3999903 1.7275386 82
8.6975632 -1.0054715 0.91446304 8
1.7349497 -0.33014396 0.1831241 93
1.6788009 -0.33026901 0.10298692 109
12.705799 -1.0780201 1.6804456 87
12.995447 -1.1121132 1.3034904 79
1.7912848 -0.27429855 0.1839295 92
1.7345042 -0.27251315 0.10182221 104
12.469788 -0.76889044 1.6368662 93
12.735754 -0.78242749 1.2640859 89
1.8372238 -0.21555097 0.18495226 99
1.7866801 -0.21384501 0.10166899 87
2.8703573 -0.18661399 0.46479446 8
2.8633714 -0.18412472 0.35387337 11
1.8969353 -0.15442571 0.18660003 90
1.8461128 -0.15167171 0.10234488 111
2.950036 -0.10605068 0.46996957 45
2.9483767 -0.10077003 0.35786778 47
1.9439261 -0.0901924 0.18625541 96
1.8930687 -0.087307088 0.10150576 100
3.0413847 -0.022432502 0.47750121 44
3.0565546 -0.013504243 0.36517397 46
2.0024979 -0.024799922 0.18840925 89
1.9446318 -0.020283869 0.10119244 96
3.1426468 0.066521727 0.48524395 46
3.1526747 0.07786984 0.36998802 45
2.0596426 0.043937284 0.18996455 93
2.0146797 0.050664198 0.10150874 99
3.2342286 0.1584162 0.49201176 45
3.2653923 0.17579348 0.37635428 41
2.1302578 0.11613587 0.19118612 100
2.0735798 0.12315034 0.10189743 104
3.3419337 0.25572279 0.50144809 44
3.3796825 0.27846 0.38264653 43
2.1872742 0.19115533 0.19257541 97
2.1394687 0.2000795 0.10217498 107
3.4598212 0.36064917 0.51075006 49
3.4839485 0.38618118 0.38816363 45
2.2618501 0.27097949 0.1948064 97
2.2124357 0.28146523 0.10241784 104
10.551907 1.329366 1.3139316 74
9.7666578 1.2976011 0.91850495 70
2.3392613 0.35491237 0.19796053 106
2.2894888 0.36632153 0.1035672 106
9.6962471 1.4595969 1.2071639 105
9.7076311 1.5329 0.90634423 107
2.4113226 0.44233319 0.2001777 109
2.3659515 0.45627487 0.1037005 106
9.6343966 1.6845261 1.1931542 75
9.6213875 1.7644182 0.89261043 88
2.5020032 0.53707445 0.20305297 100
2.4569302 0.55322158 0.10555191 108
10.54435 2.0933063 1.2864941 127
3.8764105 0.86261284 0.40940359 44
2.6069264 0.63976163 0.2076539 116
2.5510445 0.65648806 0.10630322 113
10.379485 2.3163428 1.2599614 88
9.6885185 2.2688482 0.88630658 1
2.6953917 0.7443099 0.21147676 138
2.637579 0.76354563 0.10813156 138
10.200694 2.533649 1.2316781 89
9.5522699 2.4856963 0.86941248 1
2.8132539 0.86187863 0.21576221 130
2.7582521 0.8852132 0.1103403 127
10.042847 2.7485034 1.2081136 86
2.9557977 0.99406093 0.22256508 150
2.8947265 1.0195634 0.11321109 142
9.8736019 2.9563653 1.1827728 119
9.7925129 3.0629892 0.87897676 14
3.0995913 1.1350981 0.22927342 134
3.0384727 1.1637361 0.11689223 125
9.7236862 3.1665003 1.1601326 123
9.6430063 3.2785618 0.86328381 117
3.2572916 1.2881815 0.23667701 136
3.1995838 1.3221664 0.1201992 140
5.1517758 1.9080985 0.66201305 84
9.4849634 3.4849401 0.84678906 114
3.4526203 1.4644339 0.24633302 82
3.3853478 1.501521 0.12496322 120
9.4159937 3.5693717 1.1160991 134
9.339592 3.6945176 0.8320713 120
3.6589975 1.6581022 0.25667438 64
3.5963833 1.7030579 0.13016787 120
9.2613745 3.7652752 1.0946325 122
8.7936335 3.7443604 0.78551745 13
3.8681982 1.8653704 0.26685685 45
3.8149898 1.9229552 0.13610359 137
9.1165695 3.9634192 1.0740038 122
9.0248184 4.0971718 0.80112249 115
4.0093846 2.0582628 0.27414513 14
3.9583375 2.1218333 0.14030783 82
8.9711542 4.1571431 1.0544214 133
8.8788443 4.2991691 0.78747618 124
4.0509481 2.2145755 0.27718821 11
3.9135699 2.2428617 0.1399024 94
8.8331633 4.3511305 1.0367999 129
8.7235279 4.4915838 0.7741164 120
3.968626 2.3155422 0.27252942 11
3.8369958 2.3457711 0.13914253 91
5.5823441 3.036387 0.69206029 21
5.515811 3.1378524 0.51910812 102
3.9013939 2.4216475 0.26957592 9
3.7580984 2.4490302 0.13838167 87
5.5159144 3.177537 0.68279088 34
5.4193721 3.2710588 0.5113399 110
3.8423765 2.5315604 0.26647037 1
5.4333158 3.3132296 0.67170441 47
5.3086596 3.3930836 0.50268167 111
0.14362548 0.52601093 0.044071265 15
5.3281965 3.433888 0.65878254 54
0.27085164 0.58359998 0.1046555 21
0.15337999 0.53877735 0.070693962 14
0.081497632 0.51875448 0.042858757 14
5.228117 3.5551469 0.64665228 50
0.1625243 0.55030835 0.096371412 12
0.084670089 0.52620596 0.067707226 12
0.026445605 0.51291221 0.041664016 15
0.090701357 0.53464365 0.0905523 13
0.027106334 0.5184955 0.0646118 11
-0.041507453 0.49540046 0.040805366 12
0.1283915 0.56214827 0.11777198 9
0.034388267 0.52629387 0.086444132 11
-0.037083499 0.50223726 0.061687235 10
-0.092401013 0.4867706 0.039621234 12
0.041988503 0.53314412 0.10828029 11
-0.026341373 0.51224583 0.082449757 10
-0.08767385 0.49264973 0.059506897 10
-0.13411763 0.48227465 0.039267745 12
-0.014347823 0.52161562 0.10219977 10
-0.075064532 0.50327659 0.07823661 9
-0.12910138 0.48718843 0.057157397 9
-0.1654105 0.48443517 0.038704596 14
-0.064663798 0.5110535 0.097023457 10
-0.1215594 0.49400318 0.074993744 9
-0.16861835 0.48237032 0.055774447 10
-0.20332946 0.47804794 0.038312409 15
-0.10769848 0.50399023 0.092710882 9
-0.15856437 0.49107867 0.072557598 9
-0.20244759 0.47946003 0.054292217 9
-0.24441952 0.46848515 0.03699366 14
-0.14787494 0.49788994 0.089348368 12
-0.19493389 0.48625708 0.070128746 9
-0.24323405 0.46893987 0.051977303 9
-0.27665016 0.46400499 0.036501978 13
-0.19154938 0.48639041 0.08408346 15
-0.2234069 0.48619223 0.067543626 9
-0.27136007 0.46794489 0.051395513 9
-0.30761486 0.45889401 0.035997365 13
-0.2231786 0.48315826 0.081571825 15
-0.26452041 0.47344941 0.0642526 10
-0.3029696 0.46155864 0.049911253 10
-0.33698711 0.4553757 0.03645562 12
-0.25133368 0.48214501 0.078990228 14
-0.29202548 0.4705494 0.06267827 10
-0.32667309 0.46310043 0.049242843 10
-0.35847721 0.45660514 0.035757862 11
-0.27981541 0.47890937 0.075432651 14
-0.32585821 0.46130627 0.060250923 10
-0.35732955 0.4538708 0.047769535 9
-0.38628009 0.4514997 0.035206992 11
-0.30733463 0.4759993 0.072858244 13
-0.37661088 0.45794913 0.047014553 10
-0.33327073 0.4715119 0.07027474 13
-0.37232092 0.45837337 0.057952844 9
-0.39778247 0.45822939 0.046320267 8
-0.43113044 0.44700664 0.034899235 10
-0.35793135 0.46956503 0.068650395 12
-0.39350742 0.4586454 0.056258637 8
-0.38798079 0.45842162 0.065184511 11
-0.41374588 0.45923504 0.054547813 8
-0.43665224 0.46101061 0.044861533 8
-0.47091419 0.44632512 0.035484273 9
-0.40821925 0.45901129 0.063473649 11
-0.43207362 0.46046922 0.053803783 8
-0.43225369 0.45199731 0.060884383 10
-0.4871985 0.44194558 0.042763352 8
-0.51007098 0.44057709 0.03510439 8
-0.47821781 0.44709453 0.050591644 8
-0.46930337 0.45120618 0.058392402 10
-0.52042776 0.44244158 0.042207249 8
-0.54675418 0.43569928 0.035646737 8
-0.51936162 0.43649301 0.048247166 8
-0.51009089 0.44067612 0.054079171 9
-0.55201095 0.44555861 0.041640718 8
-0.58116579 0.42837727 0.035213023 8
-0.54969317 0.43897027 0.046668008 8
-0.54484892 0.43428347 0.051642068 8
-0.58169287 0.44614884 0.041068602 7
-0.60673916 0.43878582 0.035494823 7
-0.57938957 0.43955255 0.045095984 7
-0.57645047 0.43105945 0.049130976 8
-0.61420798 0.43946236 0.040601239 6
-0.63608319 0.43527487 0.035953611 7
-0.61002827 0.43665439 0.043567892 7
-0.60521317 0.43195036 0.046542142 8
-0.64576954 0.42993173 0.040144835 5
-0.66353655 0.43556228 0.036351182 7
-0.63623577 0.43946484 0.042925194 7
-0.63111711 0.43380341 0.04490336 8
-0.67260754 0.43147588 0.039522018 6
-0.69034034 0.43396264 0.037755802 7
-0.66528553 0.43182647 0.041415263 5
-0.65860885 0.43090254 0.04232892 8
-0.69817418 0.42922854 0.038914043 5
-0.71621555 0.43583372 0.038115863 7
-0.69022763 0.43400693 0.04075912 6
-0.68513244 0.42516544 0.040765382 7
-0.7240386 0.42477575 0.039329644 5
-0.74365741 0.42030287 0.037651747 6
-0.71706873 0.42921853 0.039191451 6
-0.71040124 0.42512351 0.039133079 7
-0.74803233 0.42727411 0.038656369 5
-0.7692039 0.41490167 0.038070641 5
-0.74200004 0.42507514 0.038590342 6
-0.73565906 0.41875672 0.037556179 6
-0.77923238 0.37250897 0.036592212 4
-0.79190832 0.41995037 0.039356075 6
-0.76723832 0.41555527 0.038040832 5
-0.76028121 0.41049415 0.035986565 6
-0.79597962 0.42596421 0.039364286 5
-0.81555933 0.41518521 0.039741378 6
-0.78964829 0.4164755 0.037358053 5
-0.78490299 0.39273688 0.033500336 5
-0.81965035 0.42435318 0.038721677 5
-0.83825159 0.40441382 0.0401657 5
-0.81331325 0.41170162 0.036743332 5
-0.80470031 0.41346258 0.03366762 6
-0.84226066 0.42515576 0.039102077 5
-0.86021918 0.40649247 0.041522071 5
-0.8646456 0.41976222 0.039472416 5
-0.88292199 0.4115423 0.04280543 6
-0.85737973 0.40108666 0.035533451 5
-0.88798332 0.41721341 0.039830979 5
-0.90593356 0.41121662 0.044139761 6
-0.87915331 0.40011278 0.034855727 5
-0.91100365 0.41371694 0.040192842 5
-0.92958486 0.41594961 0.045438606 6
-0.90250582 0.4070507 0.035131063 5
-0.93275374 0.40642816 0.040569291 5
-0.95640326 0.42384022 0.046754472 6
-0.92840499 0.42473692 0.035348367 6
-0.95768487 0.41178322 0.040880118 5
-0.97909129 0.41940436 0.048118908 6
-0.94984108 0.41016659 0.034783356 6
-0.98386753 0.41777804 0.042202871 6
-1.00526 0.42540792 0.050441336 6
-0.97287589 0.40666223 0.034143955 6
-1.0084765 0.41902316 0.04254413 6
-1.0327038 0.42887121 0.051803432 7
-1.0375079 0.42722747 0.043887202 7
-1.0553827 0.41811255 0.053221393 7
-1.0551381 0.40444249 0.043337721 6
-1.0885154 0.42916557 0.055597186 7
-1.0498781 0.41038567 0.034211244 7
-1.0854306 0.41011527 0.044719692 6
-1.1089853 0.41176113 0.056040473 6
-1.0648031 0.4011206 0.023504868 7
-1.1176199 0.41515464 0.0461335 6
-1.1433738 0.41712162 0.058482505 7
-1.0930595 0.38536638 0.034044113 6
-1.0945269 0.40066794 0.022917852 7
-1.1435076 0.40650293 0.047565892 7
-1.1752681 0.41700831 0.060926963 8
-1.1205499 0.38144746 0.034457494 6
-1.1235725 0.39936966 0.022343129 9
-1.1699977 0.39762712 0.048020631 7
-1.2029959 0.40878099 0.063393615 8
-1.1446916 0.38385251 0.021779336 8
-1.2069273 0.4010781 0.049515504 7
-1.2380059 0.4065513 0.065910593 9
-1.1826023 0.39013049 0.021263132 8
-1.2381488 0.39378604 0.05102241 8
-1.2654253 0.3942053 0.06740734 9
-1.2097369 0.37998074 0.020736672 8
-1.2677873 0.38491529 0.052519955 8
-1.3045307 0.39166254 0.070983857 10
-1.2473207 0.37898749 0.020277802 9
-1.3002704 0.37509245 0.054065362 8
-1.3338472 0.37868181 0.072511576 10
-1.2782339 0.36757675 0.020814575 9
-1.3409829 0.37095013 0.055677079 9
-1.3663113 0.36570603 0.075083211 10
-1.387132 0.36189926 0.076410323 11
-1.3148592 0.36057702 0.020392956 10
-1.3715602 0.35543853 0.057243481 9
-1.4104708 0.35936278 0.078761868 11
-1.3334951 0.35644051 0.019691827 10
-1.3629519 0.35402757 0.038131278 9
-1.4297084 0.35397762 0.080079883 12
-1.3514805 0.35041544 0.019997904 10
-1.4068831 0.34150168 0.058862466 9
-1.4562086 0.35143697 0.082475692 12
-1.3666314 0.34217295 0.019282836 10
-1.4036694 0.34355304 0.038796168 9
-1.4324493 0.33926994 0.060242247 10
-1.477025 0.34446865 0.083829246 13
-1.3852483 0.33488312 0.019608345 11
-1.4194368 0.33405364 0.039100457 9
-1.4510659 0.33197975 0.060567409 10
-1.5019424 0.34034932 0.086215876 13
-1.442168 0.3296037 0.03945902 10
-1.4731483 0.3256422 0.061933108 10
-1.528438 0.33464673 0.088638246 14
-1.4250265 0.32155547 0.01928368 12
-1.4651984 0.32294855 0.040840786 10
-1.4974443 0.31961814 0.063327096 10
-1.5511369 0.3270523 0.091023177 14
-1.4886072 0.317296 0.041406672 11
-1.5227526 0.31337664 0.06503959 11
-1.5783496 0.32021847 0.092901655 14
-1.4693438 0.30898911 0.019411538 12
-1.5097991 0.30818406 0.042008992 10
-1.547694 0.30613479 0.066579774 11
-1.6067293 0.31389618 0.095374025 14
-1.4945668 0.30265427 0.018814541 13
-1.5425617 0.30566391 0.042479906 11
-1.5797689 0.30174926 0.068047345 12
-1.637784 0.30670962 0.098839782 14
-1.5118974 0.29034886 0.018789487 13
-1.5684756 0.29680428 0.043536555 11
-1.609202 0.29381278 0.070141651 12
-1.6767504 0.30189446 0.10203046 14
-1.5400139 0.28303698 0.018249199 14
-1.5946773 0.28697401 0.043990918 12
-1.6379207 0.2852523 0.071620502 12
-1.7218912 0.29838791 0.10569748 10
-1.5757104 0.27951789 0.018782981 15
-1.6186647 0.27683085 0.044416439 12
-1.6660041 0.27479577 0.073106527 12
-1.7758732 0.29614305 0.11047819 10
-1.6066716 0.27125326 0.018290512 16
-1.6543428 0.27015787 0.04597684 13
-1.7095754 0.26970211 0.075764611 12
-1.8914598 0.31441835 0.12195135 9
-1.6274922 0.25795221 0.01869835 16
-1.6818054 0.25779673 0.046470061 13
-1.7572569 0.26428676 0.078483097 10
-1.9492295 0.30774146 0.12682277 9
-1.6612974 0.24873577 0.01825369 17
-1.7219203 0.24857973 0.047114354 13
-1.8014544 0.25476524 0.081187531 10
-1.9706433 0.28686899 0.12930323 9
-1.6935049 0.23794886 0.018799886 17
-1.7629696 0.23905459 0.048774198 13
-1.8652492 0.25028542 0.08512453 11
-1.9835433 0.26251194 0.12969312 8
-1.738062 0.22935024 0.018500855 19
-1.8188851 0.23298676 0.050613422 15
-1.9242938 0.24106893 0.089034975 12
-1.7981158 0.22294369 0.018401001 21
-1.863106 0.22028691 0.051344447 14
-1.9700648 0.22680287 0.091801211 12
-1.8461475 0.21212697 0.018169224 22
-1.9284885 0.21105318 0.054343674 12
-2.0458679 0.2172474 0.095949709 10
-30.708218 6.5425873 2.9056139 45
-1.8938752 0.19725479 0.019123025 23
-1.9812973 0.19559376 0.055551577 12
-2.1454225 0.20942061 0.10298071 10
-31.288404 5.9666643 2.9723001 41
-1.9593887 0.18498158 0.019644072 16
-2.0483158 0.18171647 0.057970326 9
-2.2208934 0.1926727 0.10839473 5
-29.940941 5.0286865 2.8371797 10
-2.0146325 0.16755891 0.019565966 14
-2.1253002 0.16654143 0.061174184 10
-2.3408048 0.18004692 0.11517976 1
-32.472115 4.7458916 3.075758 52
-2.0770652 0.14989215 0.019578807 15
-2.1997454 0.14697525 0.063399687 11
-2.3934197 0.15198092 0.11918619 2
-18.142866 2.1705434 1.6898921 7
-2.1515944 0.13027747 0.019856792 12
-2.273294 0.12453806 0.065689623 12
-18.059286 2.0249598 1.1329955 88
-3.6998718 0.23327957 0.29453665 86
-2.2248831 0.10683654 0.020137338 12
-2.3696342 0.10076477 0.069301993 12
-3.739697 0.21223718 0.20628026 62
-3.6969333 0.1678324 0.29405496 100
-2.3159044 0.082707778 0.020667695 13
-2.4514503 0.071287923 0.07174471 87
-3.7610772 0.14709736 0.20814975 93
-3.735364 0.10648593 0.29813978 92
-2.3933222 0.052585382 0.02105172 14
-2.5471618 0.039275542 0.075411148 79
-3.7970014 0.081309609 0.21023616 82
-3.8233941 0.045428067 0.30594346 4
-2.4843323 0.018970834 0.021663234 66
-2.6197841 0.0012798595 0.078793243 77
-3.8111207 0.013323084 0.21102418 50
-3.7275932 -0.023773493 0.2971428 81
-2.56775 -0.018429574 0.022196636 63
-2.7022204 -0.038947541 0.081336759 150
-3.6994808 -0.055843711 0.20399353 93
-3.6896052 -0.08699517 0.29313153 76
-2.6287122 -0.059916139 0.022438698 63
-2.808351 -0.083934739 0.085265622 42
-3.7688935 -0.12228267 0.20857215 12
-2.7181289 -0.10459533 0.023121502 75
-2.9767511 -0.13498774 0.091151379 52
-2.8391573 -0.15563197 0.024318233 91
-3.1640968 -0.19553821 0.098393954 14
-16.706749 -1.0655262 1.0547826 19
-16.612534 -1.201895 1.5426569 28
-3.0129943 -0.21590352 0.02536127 66
-16.618774 -1.4229528 1.0514978 53
-16.527174 -1.5455544 1.5352284 34
-16.401659 -1.7638861 1.040445 10
-16.272928 -1.8718971 1.5115691 44
-18.645197 -2.5487332 1.7438527 47
-18.739441 -2.9727335 1.7545987 45
-15.419743 -2.7682042 1.4343395 26
-1.1892263 -0.14657623 0.041245803 3
-14.313891 -2.8730149 1.3301698 40
-14.156878 -3.1505404 1.3182579 12
-1.1859909 -0.16236685 0.041335419 3
-14.73522 -3.6127212 1.3766043 11
-14.569022 -3.8952422 1.365127 15
-1.1823027 -0.17898674 0.041510683 3
-14.390538 -4.1701374 1.3519318 6
-14.204486 -4.4427433 1.3372259 3
-14.020634 -4.705771 1.323087 2
-13.829861 -4.9645061 1.3086679 1
-1.1586347 -0.21311069 0.050565396 3
-1.1634753 -0.2242544 0.041732825 3
-1.1528703 -0.22699916 0.050603624 3
-1.1615008 -0.2425729 0.041865237 2
-1.1199716 -0.2276074 0.047128726 1
-8.7075176 -4.5360527 0.82278597 3
-12.254403 -6.8839998 1.1911702 104
-12.067469 -7.1188445 1.1774637 105
-11.179235 -7.0574093 0.49984974 5
-6.9323201 -4.1449294 0.4773061 8
-11.267014 -6.9429913 1.1010743 64
-10.978708 -7.3540239 0.19926943 18
-10.999031 -7.2868938 0.50101638 77
-6.8559275 -4.2974873 0.47644413 4
-11.102819 -7.1664276 1.0895489 80
-7.6040893 -5.1837783 0.14605427 150
-7.6729121 -5.1722631 0.3499825 44
-6.7764006 -4.4469905 0.47558144 1
-11.529668 -7.817234 1.1414535 109
-7.4808145 -5.3453097 0.15132494 150
-7.5598402 -5.3382583 0.35043243 131
-6.7037845 -4.6023607 0.47457856 0
-10.717885 -7.5701871 1.0618865 96
-7.355351 -5.505764 0.15689158 150
-7.498548 -5.5465312 0.35534847 67
-7.4368572 -5.4155216 0.53832638 88
-7.7464004 -5.563508 0.75313693 71
-7.2289519 -5.6690736 0.16147017 150
-7.3305101 -5.6674681 0.35495088 45
-7.6114383 -5.8164754 0.55835325 66
-7.6892972 -5.7689819 0.75308794 84
-7.1098084 -5.8358588 0.16718513 141
-7.240808 -5.8599257 0.35731685 49
-7.1982136 -5.7195163 0.53248864 37
-6.4025145 -4.9153814 0.61991608 5
-2.3472512 -1.5330583 0.056417715 10
-7.1214099 -6.0245328 0.35900867 50
-7.3380346 -6.1172881 0.55098277 51
-6.2930865 -5.0380211 0.61238635 26
-2.1370752 -1.392151 0.053133365 47
-2.227479 -1.4570025 0.096016847 9
-6.1171303 -5.2128115 0.45733371 4
-6.2224579 -5.1989202 0.60975522 1
-2.0523205 -1.3680288 0.052691057 39
-2.1130857 -1.4050641 0.090900555 50
-2.1880255 -1.4531522 0.13241263 1
-6.0855746 -5.2965755 0.59960949 73
-1.9862074 -1.3575197 0.052638683 9
-2.0318382 -1.3800138 0.088501088 32
-2.1181753 -1.4445716 0.12832206 51
-5.9704623 -5.4141531 0.59195471 71
-1.9767963 -1.3805902 0.087706342 8
-2.0420132 -1.4233381 0.12402963 29
-5.8591256 -5.5361528 0.58539397 51
-1.9863837 -1.4226751 0.12021525 7
-2.076515 -1.4885002 0.16010161 4
-5.6383433 -5.7902751 0.57239026 3
-1.7047168 -1.3843472 0.12579204 2
-1.657014 -1.3757957 0.12102524 2
-1.6026845 -1.3523773 0.11603277 1
-1.380927 -1.3174201 0.072513469 1
-1.4320586 -1.3080386 0.10117326 1
-1.3391955 -1.300311 0.070760235 1
-1.3693362 -1.3071656 0.085257225 4
-1.4042273 -1.3219377 0.098891944 3
-1.2726668 -1.2791802 0.056612529 8
-1.3326694 -1.3001876 0.082665876 2
-1.3663121 -1.3124385 0.09526027 1
-1.2400503 -1.2767373 0.057124104 9
-1.2683197 -1.2861387 0.069617212 7
-1.3025874 -1.3059798 0.082288526 6
-1.3315252 -1.3071773 0.092719063 25
-1.2087072 -1.2789074 0.057689451 10
-1.2363628 -1.2838899 0.069134735 9
-1.2662401 -1.2948914 0.079664759 9
-1.2999111 -1.3071599 0.090260684 8
-1.1789436 -1.2826599 0.0582917 10
-1.2075588 -1.2911303 0.068781242 10
-1.2352437 -1.2961301 0.078226693 10
-1.2648269 -1.298602 0.087677479 10
-1.1479201 -1.2807194 0.058826052 14
-1.176864 -1.2914126 0.068339601 10
-1.2058259 -1.2989515 0.076825559 10
-1.2338622 -1.2966962 0.084212154 10
-1.115954 -1.2721384 0.059288777 15
-1.1455408 -1.2872677 0.067850277 10
-1.173569 -1.294498 0.075319819 10
-1.2019341 -1.2944654 0.081730425 10
-1.0855645 -1.2683021 0.059816066 15
-1.1132755 -1.2764814 0.067289315 12
-1.1435231 -1.2928927 0.073871173 10
-1.1693827 -1.2814831 0.079145744 10
-1.0555043 -1.2666878 0.059367597 15
-1.0828979 -1.2758157 0.06684453 13
-1.1137908 -1.2935015 0.072446674 10
-1.1406107 -1.2855794 0.076765448 10
-1.0266914 -1.2675962 0.059959617 15
-1.0540998 -1.2767324 0.066436611 13
-1.0824881 -1.2830408 0.070902675 12
-1.1124586 -1.2877699 0.075377725 10
-0.99725354 -1.2609144 0.060476266 15
-1.0259358 -1.2757523 0.066021413 13
-1.0505564 -1.2681537 0.069311045 13
-1.0830612 -1.2842767 0.07292226 10
-0.96970361 -1.2643535 0.061109018 15
-0.9961952 -1.2700285 0.065542057 13
-1.0239811 -1.2750893 0.067988068 13
-1.0530323 -1.2795187 0.070446789 13
-0.94121069 -1.2611517 0.061670177 15
-0.96773404 -1.2636822 0.064075775 13
-0.99488586 -1.2706399 0.066529192 13
-1.024269 -1.2741287 0.067984238 14
-0.91208678 -1.2566843 0.062211312 14
-0.93923551 -1.2668045 0.064692356 13
-0.96705377 -1.26872 0.065110855 13
-0.99644762 -1.275381 0.06559366 14
-0.88454229 -1.2538004 0.062789276 13
-0.91170555 -1.2639284 0.064270407 12
-0.93857521 -1.2655272 0.064672388 13
-0.96674395 -1.2601885 0.063032076 14
-0.85667527 -1.2581885 0.06342645 13
-0.88354456 -1.259787 0.063828424 12
-0.91042858 -1.2613947 0.063230492 13
-0.93986863 -1.2649193 0.060685933 14
-0.8291226 -1.2647902 0.064087689 9
-0.85632634 -1.2622874 0.063458368 11
-0.88385838 -1.2620071 0.06185307 12
-0.91237044 -1.2588989 0.058236826 13
-0.8022123 -1.2600094 0.064658709 9
-0.82847357 -1.2666844 0.06309595 9
-0.85634279 -1.2591401 0.060431711 12
-0.88485169 -1.2591944 0.056843061 13
-0.77498752 -1.2530149 0.065205991 9
-0.80189729 -1.2578021 0.062635854 8
-0.82816768 -1.2708104 0.060128406 9
-0.85858768 -1.271507 0.05557273 9
-0.74680644 -1.2551895 0.065819912 9
-0.77468127 -1.2571406 0.062238682 8
-0.80128038 -1.2723716 0.058755212 9
-0.83077502 -1.263273 0.053100228 9
-0.71894485 -1.2532545 0.066402644 9
-0.7465201 -1.2530001 0.061797567 8
-0.77408701 -1.2622324 0.057275362 9
-0.80327106 -1.2635777 0.050707087 9
-0.69139737 -1.2535331 0.067009456 9
-0.71962106 -1.2513908 0.061396997 8
-0.74752039 -1.2596827 0.055871099 9
-0.77640647 -1.2556612 0.048251387 9
-0.66417301 -1.2465389 0.067557417 9
-0.69208884 -1.2516779 0.061004024 8
-0.71967274 -1.2577565 0.055454202 9
-0.74888295 -1.2622813 0.046913698 9
-0.635355 -1.253774 0.068207122 9
-0.66485834 -1.2510084 0.061607383 8
-0.69215178 -1.2612149 0.054089122 9
-0.72264671 -1.258793 0.044506144 9
-0.60844201 -1.252156 0.068806961 9
-0.63732862 -1.2481338 0.061187118 8
-0.6640023 -1.260246 0.052676406 9
-0.69513094 -1.2559271 0.043085903 9
-0.57963228 -1.2499045 0.069374114 9
-0.60979801 -1.2452596 0.060767069 8
-0.63743728 -1.2545352 0.051245224 9
-0.66730988 -1.2571808 0.04069734 9
-0.5514378 -1.2531351 0.069975093 10
-0.58066833 -1.2513452 0.060380422 9
-0.60925823 -1.2577766 0.05084851 9
-0.64011407 -1.2544334 0.038263198 9
-0.52326268 -1.248986 0.070533961 10
-0.55377489 -1.2434118 0.059924491 9
-0.58079171 -1.2577559 0.04943892 9
-0.61101055 -1.2594708 0.036888652 9
-0.49445257 -1.2467341 0.071100503 10
-0.52495968 -1.2474833 0.060546242 9
-0.55135983 -1.2605708 0.049040549 9
-0.58541459 -1.2477609 0.034418095 12
-0.46467471 -1.2504811 0.072705895 10
-0.49489605 -1.2490345 0.06012794 9
-0.52321249 -1.25644 0.04759996 9
-0.55726475 -1.2467918 0.03300507 13
-0.4358646 -1.2482294 0.073272802 10
-0.46673498 -1.244894 0.059687432 9
-0.49538273 -1.2513608 0.046155799 9
-0.52976292 -1.2439346 0.030584915 13
-0.40895727 -1.2402872 0.073817469 14
-0.43825364 -1.2448651 0.059278492 9
-0.46691841 -1.248178 0.044719297 9
-0.49750701 -1.2553036 0.028220832 10
-0.37793076 -1.2415127 0.074383207 15
-0.40469101 -1.2536782 0.059873998 10
-0.43780646 -1.2468837 0.044290248 9
-0.47031352 -1.2451655 0.026741862 10
-0.34848946 -1.2379963 0.074930467 17
-0.37748358 -1.2435313 0.059395198 13
-0.40870845 -1.2455981 0.042861547 9
-0.44218054 -1.2410438 0.024302049 10
-0.31873471 -1.2322659 0.075453967 18
-0.3490079 -1.2371782 0.058931511 14
-0.38119781 -1.2364089 0.04138675 13
-0.41339952 -1.2388103 0.02286971 10
-0.28961042 -1.2278018 0.075997859 18
-0.31799921 -1.2352505 0.058470208 15
-0.34830126 -1.2401798 0.03994792 14
-0.38049987 -1.2457435 0.021458454 10
-0.26048884 -1.2201749 0.076514304 17
-0.2888889 -1.2307951 0.058014382 15
-0.3195079 -1.2347765 0.039488282 14
-0.34856874 -1.2466786 0.019008683 10
-0.22976795 -1.2172821 0.078049451 16
-0.25786844 -1.2256967 0.058525685 15
-0.28914768 -1.2309608 0.038019955 15
-0.31853908 -1.2419236 0.016536729 11
-0.19621353 -1.2166096 0.07856328 16
-0.23097746 -1.2146028 0.058044072 15
-0.25847211 -1.2249321 0.036527973 15
-0.28627902 -1.2406369 0.01506332 15
-0.16582666 -1.2096151 0.079067603 11
-0.19522114 -1.2174155 0.057556685 14
-0.22969675 -1.2163745 0.035041358 15
-0.25751764 -1.2320881 0.0125768 15
-0.13384317 -1.204192 0.080563009 12
-0.16548273 -1.208533 0.057053789 10
-0.1961567 -1.215711 0.034555588 14
-0.2249575 -1.2285968 0.010080025 15
-0.098075464 -1.2038343 0.081048332 12
-0.13352753 -1.2031277 0.056549627 10
-0.16421637 -1.2103138 0.033051472 11
-0.19524737 -1.2197322 0.007577477 11
-0.061978824 -1.201255 0.082509845 12
-0.099659108 -1.2002418 0.057040296 11
-0.13259208 -1.2039692 0.031543862 11
-0.1642721 -1.211499 0.0050624334 11
-0.031594533 -1.1910988 0.082987346 18
-0.06485685 -1.1970483 0.056514893 15
-0.097170204 -1.2026806 0.030025996 11
-0.13106608 -1.2067339 0.0035459774 11
-0.00026168913 -1.1806259 0.083448648 18
-0.031639051 -1.1891125 0.055971049 16
-0.059202962 -1.2026474 0.029482875 15
-0.095658146 -1.205454 0.001028409 11
0.03486893 -1.17521 0.083899714 13
0.0015932373 -1.1811689 0.056427266 16
-0.028532522 -1.1902953 0.027937055 16
-0.058353316 -1.2035416 -0.0015217412 12
0.067164823 -1.1644124 0.085344881 13
0.032594588 -1.1697561 0.055885293 16
0.004353391 -1.18142 0.02638993 16
-0.023582451 -1.1972035 -0.0040739835 12
0.10577485 -1.159943 0.08575467 13
0.068342827 -1.1630841 0.055316731 12
0.035340957 -1.1700169 0.024848241 12
0.0042236494 -1.1794871 -0.0066253641 12
0.14250048 -1.1529373 0.087169752 14
0.10472265 -1.1551474 0.054728273 12
0.073922314 -1.1655656 0.023258386 12
0.042159479 -1.1763093 -0.0091950037 12
0.17509605 -1.1399351 0.087591827 14
0.14396463 -1.1494131 0.055118341 16
0.10997104 -1.1566886 0.021666495 12
0.078511402 -1.16839 -0.01178307 12
0.21725273 -1.136391 0.088968948 14
0.18451075 -1.1443064 0.054504361 13
0.15208496 -1.1531702 0.020043418 13
0.11776339 -1.1626679 -0.01438477 13
0.25965673 -1.1306556 0.089314446 15
0.22120513 -1.1341571 0.053892996 13
0.18211979 -1.1357611 0.018464006 12
0.15789658 -1.1566527 -0.018009903 12
0.29637721 -1.1173267 0.090675525 15
0.26740459 -1.1303157 0.054200742 18
0.22957277 -1.1357229 0.017786775 13
0.20626946 -1.1563156 -0.020703271 13
0.33879298 -1.1084207 0.091993801 15
0.30124933 -1.1147927 0.053583816 14
0.26909792 -1.1246312 0.016126839 13
0.24419838 -1.1436523 -0.023354216 13
0.38340774 -1.0998385 0.092283458 85
0.34490159 -1.1065361 0.05288991 103
0.32381198 -1.1274433 0.014370812 15
0.29413649 -1.1417418 -0.027083371 14
0.42930251 -1.0918794 0.093560643 83
0.39173061 -1.0982692 0.053150792 19
0.35762537 -1.1087757 0.01172698 14
0.34470618 -1.1385665 -0.030832335 66
0.47677705 -1.082339 0.094801649 85
0.43569687 -1.0877991 0.052433569 106
0.40600798 -1.102107 0.0099794716 84
0.39307469 -1.1319054 -0.0335797 66
0.52519959 -1.072481 0.096026562 89
0.48124421 -1.075748 0.051680207 97
0.45440224 -1.0922668 0.0092045302 85
0.44870356 -1.1280955 -0.037406087 69
0.5739367 -1.0604103 0.097227938 81
0.53597885 -1.0690575 0.051842391 81
0.50246555 -1.0814873 0.0074263006 76
0.50591195 -1.1227031 -0.041268595 61
0.62648469 -1.0502262 0.099391669 85
0.58025837 -1.0532123 0.05107465 86
0.55748636 -1.0726007 0.0055651991 76
0.56531936 -1.1176345 -0.046159595 61
0.67077553 -1.0312107 0.099596567 86
0.635939 -1.0430433 0.051193547 82
0.61725169 -1.0652922 0.0036502914 70
0.61999255 -1.1046549 -0.050051335 62
0.7293154 -1.0200827 0.10066669 82
0.68527722 -1.0265636 0.050348397 85
0.66750926 -1.0485129 0.00078902167 78
0.68130881 -1.0957819 -0.054002024 63
0.7843886 -1.004838 0.10275101 86
0.74315506 -1.0135564 0.049411587 93
0.72537279 -1.0355146 -0.0011476851 73
0.74988538 -1.0897601 -0.059031561 76
0.83375287 -0.98517883 0.10387874 86
0.79788333 -0.99738115 0.049492721 91
0.78671575 -1.0234629 -0.0031255311 83
0.8149935 -1.0764592 -0.063074373 75
0.88596267 -0.96457034 0.10495777 89
0.85765535 -0.98057878 0.048496358 89
0.84772515 -1.0073103 -0.0061341748 79
0.88704419 -1.0650595 -0.068199746 59
0.94892538 -0.94774896 0.10591629 92
0.90667224 -0.95682746 0.047593638 92
0.90400219 -0.98640889 -0.008116059 84
0.95403212 -1.0479727 -0.073301874 53
0.99955064 -0.92239827 0.1069773 92
0.96487427 -0.9352749 0.047579143 90
0.96975309 -0.96867186 -0.011205625 83
1.0118434 -1.0223529 -0.078346811 47
1.0593468 -0.89925545 0.10792667 12
1.0246425 -0.91214949 0.04652876 79
1.0304412 -0.94524759 -0.014272009 71
1.0203532 -0.97207469 -0.079901032 38
1.0950888 -0.8641203 0.10811565 90
1.0765021 -0.88428628 0.045550507 18
1.0851312 -0.91644239 -0.016299108 45
0.96563125 -0.89335817 -0.07879892 4
1.1403198 -0.83214247 0.10819677 86
1.1251976 -0.8532632 0.044590246 82
1.1455005 -0.88890803 -0.01939602 72
1.0528588 -0.88005364 -0.084156238 24
1.1861823 -0.79889876 0.10825813 98
1.16725 -0.81813347 0.043689433 92
1.1992407 -0.8572582 -0.02143359 72
1.0326022 -0.81934941 -0.084389783 9
1.2222399 -0.7615515 0.1084241 95
1.2111849 -0.78237933 0.041756392 87
1.2469544 -0.82024515 -0.024431664 62
1.0000129 -0.75643945 -0.084466361 8
1.2589289 -0.72293842 0.10857026 84
1.2507052 -0.74282467 0.040853757 72
1.2870781 -0.7794435 -0.027353959 67
1.0025166 -0.70711279 -0.08592613 8
1.3006771 -0.68369067 0.10863888 75
1.2886435 -0.70169085 0.039960191 78
1.3370041 -0.73958385 -0.030407814 69
1.0091338 -0.66062957 -0.087419726 8
1.3522644 -0.64657837 0.10879585 92
1.3458993 -0.66585588 0.038046386 79
1.3942468 -0.70059931 -0.033345398 73
0.99809593 -0.60962987 -0.088518322 9
1.3987719 -0.6057415 0.10978772 94
1.3851043 -0.62219453 0.037117064 83
1.4558762 -0.66105419 -0.036557369 88
0.98765451 -0.55935335 -0.088801302 8
1.4322845 -0.56081849 0.10892853 81
1.4423354 -0.5820021 0.035962377 107
1.4959996 -0.61393154 -0.039529607 87
0.9778468 -0.51097399 -0.089076757 7
1.4917573 -0.52092421 0.10974519 112
1.4875337 -0.53739822 0.033940259 103
1.5437266 -0.56742918 -0.04160396 88
0.95886856 -0.46038547 -0.089241296 8
1.546787 -0.47724611 0.10959224 108
1.5343264 -0.49120373 0.032882132 108
1.6031244 -0.52125418 -0.045841023 96
0.95758665 -0.41548809 -0.090607576 8
1.5888501 -0.42946544 0.10958786 106
1.5839522 -0.44406763 0.030776184 110
1.6514708 -0.47033218 -0.048961196 86
0.94177794 -0.3680566 -0.090788499 8
1.6413549 -0.38135853 0.10943484 112
1.6389717 -0.39407101 0.029571053 103
1.7055122 -0.41750768 -0.052177068 86
0.93544608 -0.32378966 -0.092075802 8
1.6862692 -0.32946226 0.10935708 108
1.6829098 -0.34250873 0.027509835 97
1.7658769 -0.36468035 -0.055482104 81
0.92944533 -0.28046298 -0.092359431 8
1.7356112 -0.27819574 0.10922258 104
1.734766 -0.28935173 0.026323104 102
1.8199027 -0.30870342 -0.059724223 83
0.91680485 -0.23619062 -0.092557013 8
1.7906443 -0.22502951 0.10899138 102
1.7910339 -0.23367265 0.024052296 99
1.8698314 -0.24987476 -0.062932357 74
0.92184418 -0.19445652 -0.094983354 8
1.8349245 -0.16807519 0.10888014 106
1.8340213 -0.17610414 0.021953806 91
1.9260727 -0.187856 -0.066257782 72
0.90035403 -0.1520509 -0.094040722 10
1.8829858 -0.10983222 0.10870262 103
1.8931319 -0.11628404 0.020605111 94
1.9712341 -0.12430118 -0.070441641 73
0.90729791 -0.10968149 -0.095501587 8
1.9335665 -0.0497269 0.10747242 105
1.9459114 -0.053340252 0.018319067 89
2.0192552 -0.059788156 -0.073673822 71
0.90380734 -0.067633025 -0.096811816 10
1.9841607 0.013548053 0.10721496 102
1.9971088 0.011182784 0.016042018 90
2.0710542 0.0091454275 -0.077997752 38
0.88483799 -0.026531991 -0.096894503 8
2.0385487 0.078091152 0.10689315 110
2.0631661 0.078558624 0.013530141 93
2.0735567 0.077439152 -0.079617582 17
0.89209884 0.014889509 -0.098351508 12
2.1040006 0.1473808 0.10637378 113
2.131119 0.14973061 0.010958884 85
2.1654952 0.15239106 -0.085561536 11
0.88165379 0.055669636 -0.099552259 9
2.1669233 0.21793503 0.1058797 113
2.1990702 0.22406371 0.0083606206 91
1.9394561 0.20132028 -0.079778038 7
0.87248772 0.09582714 -0.099765591 8
2.2282615 0.29323038 0.10536715 107
2.2730272 0.30251026 0.0056428267 93
1.8455567 0.25536418 -0.077871032 6
0.88227963 0.13916345 -0.10121205 7
2.3041418 0.37235159 0.10474306 114
2.3555176 0.38700363 0.0029215156 87
1.8082279 0.3135567 -0.07868617 6
0.8566761 0.17808118 -0.10105691 7
2.3676882 0.45368844 0.10432246 111
2.4319999 0.47370759 0.00027494231 97
1.7623632 0.36889845 -0.079355873 8
0.84561801 0.21763799 -0.10111154 9
2.4508481 0.54263264 0.10456742 102
2.5255516 0.56926465 -0.0027246973 100
1.7357845 0.42644566 -0.080393374 7
0.83454216 0.25716192 -0.10225981 8
2.54759 0.63818115 0.10339418 113
2.6247921 0.66985738 -0.0059732324 121
1.7076241 0.48239526 -0.081466094 5
0.83233261 0.29858938 -0.10257494 10
2.6234629 0.73309171 0.1025339 133
2.7214859 0.77487069 -0.010212972 141
1.7328793 0.55196023 -0.084402196 8
0.82726353 0.33905888 -0.10383994 13
2.7236888 0.84035355 0.10222661 118
2.8542318 0.89508706 -0.01408813 142
1.7009249 0.60664511 -0.085405499 8
0.79661381 0.37415838 -0.10269889 8
2.8383889 0.95673782 0.10088667 121
3.0039613 1.02948 -0.01910493 150
1.6973429 0.66977537 -0.087474674 9
0.79494733 0.41576087 -0.10448394 9
2.9673901 1.0852073 0.10095457 124
3.1581783 1.1737298 -0.024531499 150
1.6565368 0.72255433 -0.088347077 7
0.77345282 0.45180133 -0.10448693 8
3.1042783 1.2215779 0.099842831 126
3.3215597 1.3284173 -0.030177649 150
1.6328042 0.77787149 -0.089483537 9
0.75986272 0.48942679 -0.10461569 9
3.2607749 1.3750407 0.099305786 123
3.5092769 1.5017731 -0.036329623 92
1.5853757 0.8252815 -0.089215696 10
0.75258023 0.53020954 -0.10586143 9
3.4447842 1.547181 0.099218003 122
3.7124774 1.6950568 -0.042872842 47
1.5847062 0.89040363 -0.091764264 11
0.72193342 0.56214404 -0.10469922 7
3.6404703 1.734812 0.097831361 117
3.929883 1.9057293 -0.05076709 27
1.541389 0.93813205 -0.091557689 11
0.71749777 0.60387576 -0.10599355 8
3.8421695 1.9392132 0.097215213 137
4.0312696 2.0787146 -0.056690488 17
1.5283912 0.99913847 -0.093896046 10
0.70169502 0.64182562 -0.10606102 8
3.9590847 2.1163614 0.094164163 47
3.1732354 1.8101325 -0.047030382 1
1.5008665 1.0532249 -0.094804794 10
0.69315034 0.6832726 -0.10716136 7
3.9200823 2.2266898 0.089030303 90
3.1734574 1.923021 -0.051769659 1
1.4850384 1.1133245 -0.095929064 10
0.68177527 0.72377747 -0.10721196 7
3.854512 2.3249795 0.08337751 92
3.0523119 1.9732497 -0.053255275 1
1.4439218 1.1607549 -0.09662769 7
0.67828721 0.76900613 -0.10848016 7
3.7766078 2.4159551 0.076768458 99
3.0364442 2.0807345 -0.05594562 1
1.4543139 1.2369525 -0.099419959 7
0.66657847 0.81041998 -0.10966305 7
3.6961889 2.5050347 0.071163185 89
0.1505513 0.5330748 -0.0019875555 17
0.11976792 0.53216231 -0.032549072 13
0.11488907 0.54832935 -0.064621903 13
0.1139918 0.52097917 0.027641196 19
0.084803253 0.52165759 -0.0019564617 16
0.058487475 0.52330339 -0.029602647 13
0.051425397 0.53664076 -0.059620243 13
0.05927898 0.51429397 0.025475683 23
0.031081388 0.51531458 -0.0011386863 15
0.0054136892 0.51507223 -0.0277778 14
-0.0088907266 0.52494526 -0.05566372 14
0.0045828675 0.50445479 0.024336534 21
-0.022652775 0.50580174 -0.0012942958 14
-0.056194197 0.50082922 -0.025782185 12
-0.070771195 0.50851464 -0.050645191 13
-0.043791693 0.49778163 0.023080688 21
-0.079847433 0.49091968 -0.00035573592 12
-0.10357601 0.49133614 -0.024027824 11
-0.11907327 0.49872243 -0.046875231 16
-0.094075091 0.48730421 0.020883562 18
-0.11556332 0.490585 -0.00084440701 11
-0.14432092 0.48722231 -0.022413431 11
-0.16454402 0.48987177 -0.044153843 16
-0.13010576 0.48475555 0.020418076 18
-0.16042915 0.47982025 -0.00011549664 13
-0.18569559 0.47868156 -0.020752676 12
-0.19673903 0.48861638 -0.041684389 15
-0.16583432 0.48125076 0.018955953 17
-0.1958266 0.47537521 -0.00057429395 12
-0.22232811 0.47172341 -0.019172525 12
-0.24473536 0.4715437 -0.038858175 14
-0.19934902 0.4774304 0.017465083 16
-0.22362506 0.47663474 -0.00018885755 12
-0.25233769 0.47013581 -0.018731866 11
-0.27629659 0.46839115 -0.036382247 13
-0.24106508 0.46349683 0.017175553 15
-0.26439258 0.463018 -0.00049460813 11
-0.28106856 0.46792528 -0.017304027 11
-0.29997015 0.46997753 -0.035057966 13
-0.2682443 0.46285126 0.016567921 14
-0.29218924 0.46111533 -8.2865823e-05 10
-0.31012833 0.46349314 -0.016853021 10
-0.32900199 0.46556279 -0.032607384 12
-0.30523214 0.45049155 0.015197532 13
-0.32188037 0.45541736 0.00038760726 10
-0.33538195 0.46349791 -0.015493535 10
-0.35773066 0.46019039 -0.031153344 11
-0.32548761 0.45323545 0.01438641 13
-0.34687725 0.45341456 -0.00031503549 9
-0.36004931 0.46055374 -0.015192002 10
-0.38489908 0.4553639 -0.028798481 11
-0.35455945 0.4456313 0.013866426 12
-0.38435212 0.45771241 -0.013819997 10
-0.38604552 0.45719656 -0.00078566215 10
-0.405193 0.45707783 -0.013516116 8
-0.42908025 0.45221356 -0.026139192 10
-0.38647377 0.45604938 0.012236347 11
-0.43815234 0.43979588 0.00010673598 9
-0.45317885 0.4463281 -0.011738956 8
-0.46537408 0.45380187 -0.024632636 9
-0.43734547 0.44116181 0.011089223 11
-0.47005042 0.44706079 -0.00049790443 8
-0.48695755 0.44980642 -0.011284714 7
-0.51111615 0.4395932 -0.020858409 8
-0.47241637 0.44209236 0.0095832301 10
-0.51235843 0.43504146 0.00020836304 7
-0.52135295 0.44886702 -0.0097845746 8
-0.54393089 0.4402346 -0.019394398 8
-0.51189286 0.43101349 0.0092413537 9
-0.54488266 0.43155506 -0.00029685759 7
-0.55955034 0.43716556 -0.0091398582 6
-0.57767677 0.43424463 -0.016861118 7
-0.54379964 0.42878419 0.007716387 8
-0.57265508 0.43598622 6.2828796e-05 7
-0.5926764 0.4292697 -0.0075996257 5
-0.60732973 0.43488917 -0.015442981 7
-0.57663971 0.42308539 0.0072334888 8
-0.60391408 0.43186849 -0.00045624981 7
-0.62234193 0.42674309 -0.0071548354 5
-0.63633484 0.43364426 -0.013018285 7
-0.6034897 0.42465377 0.0056036781 8
-0.63138026 0.42901838 -0.0010399852 6
-0.64946479 0.42612362 -0.0057624858 5
-0.66219473 0.43555537 -0.011665408 6
-0.62937695 0.42654666 0.0049571595 7
-0.65883243 0.426177 -0.00062458054 6
-0.67344332 0.43182188 -0.0054688342 5
-0.68931723 0.4349362 -0.010273854 6
-0.65369874 0.43001425 0.0032745774 7
-0.68314105 0.43281502 -0.0013348055 5
-0.70057791 0.4280318 -0.0050506066 5
-0.71769869 0.4223012 -0.008762802 6
-0.68021625 0.427481 0.002673446 6
-0.7086947 0.42744485 -0.00092557241 6
-0.72644645 0.42044872 -0.0046183676 5
-0.74290723 0.41599956 -0.0063507096 6
-0.70546627 0.42115343 0.0020864063 6
-0.73235512 0.42902794 -0.0016011391 5
-0.74883181 0.42773327 -0.0043605641 5
-0.76842701 0.39799383 -0.0048338049 5
-0.73008794 0.41924956 0.00045366824 6
-0.76137441 0.39930886 -0.0009376551 4
-0.77624071 0.39645025 -0.0017061067 4
-0.79394102 0.37050641 -0.0022385474 3
-0.75376213 0.4208298 -0.00022415623 6
-0.7850228 0.37876201 -0.00042795567 3
-0.79770815 0.41036367 -0.0025205354 4
-0.81415457 0.40592349 -0.0032538641 5
-0.80461836 0.4154354 -0.0024624986 5
-0.81947607 0.42207208 -0.0023122011 5
-0.83653724 0.41005096 -0.0019726572 5
-0.79890543 0.41417921 -0.0025287289 6
-0.82669783 0.41860521 -0.0021774597 5
-0.84281403 0.41322529 -0.0019077449 4
-0.85860008 0.40690562 -0.00063456281 5
-0.82162684 0.40975118 -0.0031703636 6
-0.85005665 0.42239973 -0.0028806715 6
-0.86615753 0.41386607 -0.0015845281 4
-0.8809765 0.3983849 0.00075293321 5
-0.844365 0.40847814 -0.0048393924 6
-0.87341368 0.42303208 -0.0035575852 5
-0.89013612 0.41956648 -0.0012960403 4
-0.90527308 0.40819594 0.001010624 5
-0.86709011 0.41037554 -0.0055359011 6
-0.89676929 0.42050198 -0.0042082891 5
-0.91284585 0.41831014 -0.00096658868 4
-0.92860258 0.40884545 0.0023323002 6
-0.89014447 0.41005099 -0.0072097187 6
-0.91884255 0.41102463 -0.0038183006 5
-0.93555284 0.41072991 -0.00058420416 5
-0.95256579 0.41139212 0.0036460597 6
-0.9122349 0.40688956 -0.0078732539 6
-0.94569808 0.42524499 -0.0055639031 5
-0.95984578 0.41421664 -0.00027426609 5
-0.97400701 0.40317982 0.0040154564 6
-0.93432528 0.40372813 -0.0085373838 6
-0.96840644 0.42082727 -0.0052092238 6
-0.98667109 0.42213032 3.2550539e-05 5
-0.99955225 0.40730816 0.0053364737 6
-0.95959622 0.41004404 -0.010238566 6
-0.99017894 0.41355625 -0.0058440901 5
-1.0128747 0.42497596 -0.00062702765 6
-1.0289069 0.41648507 0.0056666154 6
-0.98518008 0.41098383 -0.011890524 6
-1.0124226 0.40717891 -0.0053905188 5
-1.0351175 0.41543803 -0.00015024877 6
-1.0514539 0.40790403 0.0071358322 7
-1.0109338 0.41818637 -0.013503015 7
-1.0373566 0.40306813 -0.0060156486 5
-1.0616195 0.41291654 0.00023260103 6
-1.0785761 0.40728816 0.0085111158 7
-1.0339814 0.40837595 -0.015106294 7
-1.0622908 0.39895841 -0.0066411723 6
-1.0881214 0.41039509 0.00061503786 6
-1.1031649 0.39908361 0.0099150091 7
-1.0576489 0.40047136 -0.015717354 7
-1.0938827 0.40527302 -0.0082639279 6
-1.1181021 0.40882185 0.0010363358 5
-1.1283872 0.39277759 0.011311234 7
-1.0867226 0.40235135 -0.018337393 7
-1.126408 0.40811813 -0.008845374 6
-1.1439693 0.40124157 0.0014515565 7
-1.1593163 0.39088753 0.011747424 8
-1.1176804 0.4036079 -0.019927042 7
-1.1453152 0.38915634 -0.008429803 6
-1.173949 0.3965067 0.0018982947 6
-1.1930788 0.39122024 0.013203115 8
-1.1467377 0.39917246 -0.021495357 8
-1.1794345 0.39041218 -0.0099774422 7
-1.2048905 0.39144784 0.001360181 7
-1.230636 0.39344859 0.014693876 9
-1.1691387 0.38431293 -0.022067256 8
-1.2097427 0.3834559 -0.010508569 7
-1.2348689 0.38355157 0.0018323179 7
-1.2564884 0.37955418 0.016160082 9
-1.2108757 0.39250699 -0.025570428 9
-1.2457577 0.38091668 -0.011999951 7
-1.2683259 0.37660351 0.0023431189 7
-1.2848843 0.36691537 0.016649645 9
-1.23454 0.37511766 -0.02610503 8
-1.2754321 0.36890212 -0.012498527 8
-1.2992519 0.36522874 0.0028560385 8
-1.3199083 0.35839391 0.018194152 10
-1.2746938 0.37540752 -0.029564887 9
-1.3108131 0.36130485 -0.013957406 8
-1.3415775 0.36269808 0.0024486894 8
-1.3612581 0.35303473 0.019797187 11
-1.3046972 0.36117128 -0.031041216 9
-1.3461795 0.35055435 -0.014390671 8
-1.3677578 0.34342036 0.0029622554 8
-1.3886896 0.33439708 0.021322263 11
-1.3413556 0.35103658 -0.033462476 10
-1.4022543 0.32460019 0.021586478 11
-1.3749474 0.3314721 -0.014838328 9
-1.4034697 0.32940355 0.0035674528 9
-1.4266007 0.32070443 0.022955589 11
-1.3771096 0.33699507 -0.035858121 11
-1.4233726 0.32275853 0.0028917098 10
-1.4439602 0.31280318 0.023255879 11
-1.4001756 0.3335118 -0.03651733 11
-1.4194978 0.32292405 -0.016165027 9
-1.4442108 0.31580552 0.0032311387 10
-1.4726913 0.31059957 0.02466258 12
-1.4197755 0.3259095 -0.038189448 12
-1.4444748 0.31879944 -0.01779348 9
-1.4622021 0.30663994 0.0035503334 10
-1.4916314 0.30111751 0.024997106 13
-1.4409568 0.31988874 -0.039853491 12
-1.4675393 0.31215373 -0.018426809 9
-1.4890621 0.30189037 0.0029524132 10
-1.5184782 0.29637676 0.02539891 13
-1.4627702 0.31260231 -0.041498624 12
-1.4931347 0.30677253 -0.019036682 10
-1.5117974 0.29430473 0.0033222404 10
-1.5408967 0.28784257 0.025772238 14
-1.4864671 0.30469233 -0.042113125 13
-1.5152498 0.2972813 -0.019659538 10
-1.5376943 0.2867184 0.0037346596 11
-1.574054 0.28310865 0.02725902 14
-1.5098609 0.29582468 -0.043724075 13
-1.5335706 0.28589416 -0.020318113 11
-1.5572801 0.27596325 0.0030878044 12
-1.601848 0.27488968 0.027701972 15
-1.5361152 0.28916225 -0.04631507 14
-1.5642244 0.27987924 -0.020854898 11
-1.590134 0.270273 0.0035780519 11
-1.6302607 0.26541454 0.029163647 16
-1.5538021 0.27587795 -0.046966605 14
-1.5882505 0.26974735 -0.022447325 11
-1.6248988 0.26394102 0.0030990457 13
-1.6526786 0.25371838 0.02956244 15
-1.5765632 0.26511407 -0.048570901 14
-1.617955 0.26088759 -0.022973701 12
-1.6517434 0.25287721 0.0035523425 13
-1.6886801 0.2448739 0.031120926 16
-1.618642 0.26160198 -0.05197515 14
-1.6495701 0.25138676 -0.024469322 12
-1.6782849 0.24085574 0.003009168 14
-1.7303874 0.23728478 0.031745553 17
-1.6439315 0.24894032 -0.053529914 14
-1.6795902 0.24031353 -0.024973512 13
-1.7209542 0.232942 0.0026492726 14
-1.7654402 0.22559491 0.033314269 16
-1.6818842 0.23943011 -0.055940386 13
-1.7172128 0.22986291 -0.026380658 11
-1.7642419 0.22377168 0.0033079733 10
-1.8245392 0.21958309 0.034159821 19
-1.7233288 0.23085932 -0.05931199 14
-1.7602246 0.2197191 -0.028718079 9
-1.814816 0.21427552 0.0030672031 12
-1.8712908 0.2082074 0.035883129 18
-1.7673026 0.22039087 -0.062634014 14
-1.8016412 0.20800351 -0.030064145 9
-1.8590648 0.20161892 0.0027670392 11
-1.9366997 0.19904114 0.037839264 13
-1.8172835 0.20897292 -0.065867454 13
-1.8607795 0.19880499 -0.032192659 11
-1.9175565 0.19053181 0.0016453903 12
-1.9872446 0.18323815 0.039649732 13
-1.8808892 0.20038141 -0.070941389 10
-1.9268873 0.18833272 -0.035217185 10
-1.9804611 0.17692325 0.0016038491 12
-2.0472889 0.16742477 0.040587801 13
-1.9704505 0.19366552 -0.07768181 9
-1.9929941 0.17469811 -0.038215946 13
-2.0269217 0.15825848 0.0013822643 12
-2.1221819 0.15193322 0.042722896 11
-2.0144212 0.17371167 -0.080926642 10
-2.038835 0.15412852 -0.039430346 14
-2.097414 0.14211893 0.0014630783 14
-2.1894846 0.13264921 0.04478671 12
-2.0656772 0.15343216 -0.085071087 10
-2.1008291 0.13448764 -0.042435508 10
-2.1672862 0.12091222 0.0005769853 11
-2.2599483 0.11020254 0.046918854 13
-2.1349711 0.13345699 -0.08997573 10
-2.1773684 0.11421157 -0.045240045 11
-2.2279744 0.097502425 0.00058509409 11
-2.3446405 0.086172499 0.049255159 14
-2.2140934 0.11125046 -0.096730299 10
-2.2365022 0.089204691 -0.047240082 11
-2.3158689 0.073447011 -3.5785852e-05 12
-2.4324944 0.058979515 0.051659618 90
-2.3017519 0.086196765 -0.10334692 8
-2.3345685 0.063849211 -0.051714074 9
-2.3977544 0.044017099 -0.00069360156 11
-2.5124419 0.027045991 0.05399638 68
-2.4179726 0.060003895 -0.11250711 5
-2.4175024 0.032970339 -0.055282269 42
-2.479063 0.011581455 -0.0012671708 58
-2.5810575 -0.0085274689 0.05628353 73
-2.4885254 0.024848973 -0.11726706 21
-2.4968827 -0.00090451009 -0.057933517 34
-2.5511429 -0.025121065 -0.0019935353 62
-2.6543612 -0.047734603 0.058594443 82
-2.5666938 -0.012853052 -0.12390382 23
-2.5674081 -0.039204109 -0.060668137 37
-2.6149881 -0.064342745 -0.0018106059 67
-2.7387316 -0.088525154 0.06106725 101
-2.6467443 -0.054341704 -0.12948421 29
-2.6369841 -0.080349207 -0.063392505 46
-2.69592 -0.10610592 -0.0023765881 77
-2.8806348 -0.13690892 0.065378964 150
-2.7309179 -0.099317253 -0.13598076 45
-2.717639 -0.12624796 -0.066928543 61
-2.7970874 -0.15356526 -0.0026228977 86
-3.0614414 -0.19194986 0.06926962 133
-2.8635218 -0.15097725 -0.14576966 67
-1.1249506 -0.11218804 -0.0045228121 1
-1.1727014 -0.13657179 -0.0086776391 2
-1.1614522 -0.13804051 0.0041846703 1
-1.1957488 -0.15902796 -0.010181416 4
-1.200309 -0.16366152 0.002920002 3
-3.5769758 -0.8189286 -0.10267562 74
-1.1529514 -0.16687527 -0.0066920314 2
-3.7129896 -0.92968202 -0.10793667 42
-1.1823364 -0.19250201 -0.00908479 4
-1.1764629 -0.19365615 0.0038473855 3
-1.1699322 -0.2073372 -0.0081287064 4
-1.1849531 -0.21546809 0.0031419303 4
-1.1758922 -0.23041423 -0.0088577028 4
-1.1807826 -0.23410803 0.0032400428 4
-1.1410151 -0.23352864 -0.0063002286 3
-1.1398987 -0.23311032 0.0056827604 2
-6.2356701 -3.9189708 -0.23555754 4
-6.2302132 -3.900588 -0.040764853 5
-11.023169 -7.2513824 0.2692149 79
-3.5493462 -2.1161492 -0.21347977 0
-6.1248989 -4.0327373 -0.23211984 40
-6.1248732 -4.01091 -0.041283458 55
-7.6643701 -5.1181507 0.18552193 145
-3.5502861 -2.2208266 -0.21561092 0
-6.004344 -4.1348104 -0.22990964 39
-6.0135279 -4.1171207 -0.041915961 54
-7.5464315 -5.2664466 0.18114267 150
-5.8856726 -4.2375083 -0.22666824 36
-5.8911047 -4.2122545 -0.041787785 50
-7.4297695 -5.4204435 0.17582822 150
-5.790422 -4.3617311 -0.2249347 34
-5.7886262 -4.3235354 -0.04325854 71
-7.3093166 -5.5668511 0.17040062 150
-5.6942382 -4.4824829 -0.22424212 25
-5.6861477 -4.4348168 -0.044728771 56
-7.192657 -5.7176876 0.1650611 150
-2.3869033 -1.5538208 -0.059717134 4
-5.5883999 -4.5445104 -0.045148261 46
-7.0769472 -5.8688407 0.15973742 144
-2.1805754 -1.4195991 -0.050591357 30
-2.1840019 -1.4068414 0.00035360103 56
-2.2699645 -1.4722166 0.051048543 78
-2.0761361 -1.3752548 -0.046358775 8
-2.0856218 -1.3698041 0.00072731083 31
-2.1137741 -1.3779615 0.047175303 46
-2.0093429 -1.3666642 -0.04332656 1
-2.0141275 -1.3533329 0.00063112762 15
-2.0419903 -1.3624552 0.04508296 35
-1.9565428 -1.3488802 0.00082079507 4
-1.9774774 -1.3504293 0.043117113 13
-1.9281397 -1.3529507 0.041474748 2
-1.5367638 -1.2869682 -0.028321682 1
-1.4744205 -1.2767866 -0.055318605 1
-1.5145398 -1.3164139 -0.028459664 2
-1.5290262 -1.3063788 -0.00034836313 2
-1.4351484 -1.2710601 -0.052886687 1
-1.4638871 -1.2910819 -0.026339738 0
-1.4923229 -1.3088982 -0.00081512518 0
-1.5008299 -1.2852823 0.025105039 0
-1.4151443 -1.2663906 -0.025188971 1
-1.4511939 -1.299402 -0.0014390135 2
-1.4502305 -1.256821 0.023199832 1
-1.3157445 -1.2701337 -0.023476068 0
-1.2397461 -1.2933581 -0.043292575 5
-1.2593971 -1.2903457 -0.023056392 5
-1.204585 -1.2816253 -0.040853962 9
-1.2255139 -1.2843127 -0.021554196 8
-1.2455076 -1.2835294 -0.0032954637 5
-1.2667795 -1.2821227 0.013974791 5
-1.1725984 -1.279387 -0.039295208 10
-1.1951344 -1.2868341 -0.021935401 9
-1.2103864 -1.2718214 -0.0038562904 8
-1.2342006 -1.2754817 0.012489006 9
-1.1406121 -1.277149 -0.037736233 10
-1.1621993 -1.2811178 -0.020417562 9
-1.1790589 -1.2677027 -0.0043044114 9
-1.2044667 -1.2792766 0.011126803 10
-1.1105222 -1.2787052 -0.036120761 10
-1.1308583 -1.2769908 -0.01986552 9
-1.1480471 -1.2657976 -0.0047299014 9
-1.175997 -1.2824395 0.0097762896 10
-1.0826578 -1.2894413 -0.035400383 10
-1.1011118 -1.2744533 -0.02027932 9
-1.120513 -1.2692682 -0.0050651426 9
-1.1424701 -1.2691585 0.0082241269 13
-1.0516204 -1.2811958 -0.033877611 10
-1.070403 -1.2715915 -0.019708062 9
-1.0910952 -1.2721145 -0.0064302464 9
-1.1136847 -1.2732701 0.0068776957 14
-1.0228088 -1.2821288 -0.033249922 10
-1.0428556 -1.2782161 -0.019016927 9
-1.062613 -1.2721074 -0.0068059321 9
-1.0833187 -1.2631519 0.0053941263 14
-0.99398404 -1.2862151 -0.031595487 10
-1.0143734 -1.278209 -0.01939176 9
-1.0341311 -1.2689369 -0.007206806 9
-1.0554953 -1.2644253 0.0030381535 14
-0.96357858 -1.2792344 -0.030052394 10
-0.9849295 -1.2778769 -0.01878153 9
-1.0037519 -1.2619727 -0.0076635424 9
-1.0273427 -1.2634767 0.0016599515 13
-0.93445033 -1.2779546 -0.029445464 10
-0.95580196 -1.2734339 -0.018200671 12
-0.97654766 -1.2645032 -0.0090003731 9
-1.00077 -1.2735968 0.00039374008 10
-0.90562576 -1.2757173 -0.027842062 10
-0.92795169 -1.2746918 -0.018556021 12
-0.94901401 -1.267974 -0.009333455 9
-0.9713527 -1.2637953 -0.0010733488 9
-0.87713051 -1.2725397 -0.027241934 10
-0.8994565 -1.2715143 -0.017955953 12
-0.92147994 -1.2682834 -0.0096922591 8
-0.94384551 -1.2641202 -0.003431997 9
-0.84893847 -1.2652433 -0.02567127 9
-0.87129062 -1.2673963 -0.018359147 12
-0.89395881 -1.2749255 -0.010998763 9
-0.91600907 -1.2590621 -0.0048388294 9
-0.82106251 -1.2601607 -0.024078015 9
-0.84374398 -1.2645357 -0.017743506 12
-0.86610955 -1.2603724 -0.011483317 11
-0.88880438 -1.2584311 -0.0062007261 9
-0.79351574 -1.2604622 -0.023436096 9
-0.81557739 -1.2699043 -0.018068273 12
-0.83795667 -1.2625872 -0.01283401 12
-0.86161262 -1.2641329 -0.0085103456 9
-0.76533675 -1.2563362 -0.022838576 9
-0.78803056 -1.2702057 -0.017426189 9
-0.81073922 -1.2619483 -0.013195507 12
-0.83535689 -1.2669802 -0.0098308101 9
-0.73747295 -1.2586275 -0.021195423 9
-0.76050895 -1.2684035 -0.017811239 9
-0.78386253 -1.2614205 -0.014560833 12
-0.80786085 -1.2683585 -0.012187568 12
-0.71024239 -1.2548183 -0.020584987 9
-0.73202658 -1.2683975 -0.018186193 9
-0.75632882 -1.2617301 -0.014920756 12
-0.78035331 -1.2718467 -0.014521318 9
-0.68174738 -1.2548033 -0.019959785 9
-0.70416355 -1.2664852 -0.017568329 9
-0.72880882 -1.2620472 -0.016280362 12
-0.7531504 -1.2585666 -0.015988668 12
-0.6545167 -1.2541564 -0.019322915 9
-0.67662984 -1.2667948 -0.017927762 9
-0.70065528 -1.2642627 -0.017632447 12
-0.72626215 -1.2601497 -0.017329358 12
-0.62507164 -1.2569879 -0.018685998 9
-0.64941251 -1.2629938 -0.018316073 9
-0.67217296 -1.2674178 -0.017980006 12
-0.69717264 -1.271543 -0.019617232 9
-0.59782904 -1.2500079 -0.01709979 9
-0.62091762 -1.2629788 -0.017689241 9
-0.64465195 -1.2677364 -0.019337902 11
-0.66934907 -1.2728175 -0.021971475 10
-0.56933308 -1.2531556 -0.016446585 9
-0.59243494 -1.2629724 -0.018062001 9
-0.61491752 -1.2746942 -0.020670068 9
-0.64089262 -1.2759897 -0.024318172 10
-0.54178655 -1.2471327 -0.015856061 9
-0.56490153 -1.2569575 -0.018471444 9
-0.5858165 -1.2734313 -0.022061294 9
-0.61368865 -1.2690345 -0.025731301 9
-0.51139319 -1.252811 -0.015206512 9
-0.5354706 -1.2566357 -0.018858777 9
-0.5579794 -1.2715361 -0.023440791 9
-0.58491659 -1.266831 -0.028125854 9
-0.48068425 -1.2562748 -0.014579061 10
-0.5054068 -1.2613727 -0.019212577 9
-0.52823228 -1.2721627 -0.023824319 9
-0.55646014 -1.266842 -0.030497788 9
-0.4496586 -1.2606878 -0.013947694 10
-0.47565967 -1.2619992 -0.019595755 9
-0.50197691 -1.2623622 -0.025247527 9
-0.52642274 -1.2684331 -0.032877244 10
-0.42274436 -1.252769 -0.013363429 15
-0.44338268 -1.2670535 -0.019975517 10
-0.47097799 -1.2667919 -0.026615847 9
-0.49796629 -1.2684441 -0.035248678 10
-0.39361665 -1.2483283 -0.01277937 14
-0.41616544 -1.2600913 -0.020387318 10
-0.44345781 -1.2576241 -0.028049937 9
-0.46918166 -1.2630705 -0.036668316 10
-0.36227584 -1.247366 -0.012195545 11
-0.39020002 -1.249326 -0.019813543 9
-0.41467214 -1.2554132 -0.029443216 9
-0.44072536 -1.2599193 -0.039065205 9
-0.33441299 -1.2391313 -0.011625523 10
-0.35888499 -1.2483808 -0.021229267 9
-0.38493818 -1.2528868 -0.030851284 9
-0.4100554 -1.2602471 -0.041462295 9
-0.30655068 -1.230896 -0.011055253 10
-0.33133852 -1.2391967 -0.020662716 8
-0.353939 -1.2509928 -0.03227045 8
-0.37813416 -1.2643774 -0.044844463 8
-0.2742607 -1.2296185 -0.010485611 10
-0.29844245 -1.2398325 -0.022085631 8
-0.3200947 -1.2544743 -0.033682551 9
-0.34336647 -1.2707222 -0.048245445 8
-0.24418439 -1.2248621 -0.009915228 10
-0.26521686 -1.2414098 -0.022504738 9
-0.28909555 -1.2525803 -0.035101149 9
-0.31016737 -1.2723147 -0.050664492 10
-0.21189456 -1.2204225 -0.0093709491 10
-0.23167518 -1.2407732 -0.022945862 9
-0.25746432 -1.2494223 -0.036538158 10
-0.27918151 -1.2672666 -0.053108737 10
-0.17802392 -1.2207265 -0.0088081872 11
-0.20097961 -1.2347606 -0.023393532 10
-0.22489724 -1.2459564 -0.038989749 10
-0.24504638 -1.2685523 -0.056542091 10
-0.14352046 -1.219766 -0.0082637565 12
-0.16870296 -1.2303292 -0.02384864 10
-0.19200079 -1.2434309 -0.04043752 10
-0.21406052 -1.260343 -0.059011675 9
-0.11059822 -1.2140622 -0.0077372277 17
-0.13737495 -1.2230524 -0.024314379 10
-0.16258378 -1.2336318 -0.041899182 10
-0.18054534 -1.2565606 -0.061477792 8
-0.080205686 -1.2039318 -0.0072136233 12
-0.10731141 -1.2119814 -0.02479437 10
-0.12873884 -1.2276282 -0.043387283 9
-0.14167964 -1.2625986 -0.065933242 8
-0.051077649 -1.1931685 -0.0066783563 12
-0.072834447 -1.207875 -0.026274821 10
-0.088899106 -1.2333337 -0.045857593 9
-0.10375048 -1.2626204 -0.069425352 9
-0.018157059 -1.1853243 -0.0062250104 12
-0.037080858 -1.2054162 -0.026813073 10
-0.052223634 -1.2305757 -0.048409343 10
-0.062661484 -1.2668281 -0.072976604 9
0.016965425 -1.1799445 -0.0067255651 12
-0.0022745749 -1.1990879 -0.027317353 11
-0.019327803 -1.2217259 -0.049909454 11
-0.031043816 -1.2541915 -0.075491212 8
0.052732963 -1.1732914 -0.0062446166 12
0.030317642 -1.1892806 -0.027820854 11
0.011038144 -1.2084485 -0.051412426 10
0.015094606 -1.2630751 -0.080019429 8
0.090398327 -1.1691688 -0.0057674204 13
0.06036792 -1.1750556 -0.029327076 11
0.048348192 -1.2034017 -0.053938653 10
0.054907504 -1.2593092 -0.08456824 7
0.12268751 -1.1552439 -0.0052999225 13
0.098652005 -1.1696762 -0.029868213 10
0.097357959 -1.211321 -0.056511451 10
0.092520617 -1.2520577 -0.088116318 7
0.15782315 -1.1466947 -0.0048252409 13
0.13976941 -1.1665194 -0.031427976 11
0.13213815 -1.1986854 -0.059066124 10
0.14623398 -1.2615827 -0.093737543 36
0.20116706 -1.1438457 -0.0054110796 14
0.18311332 -1.1636704 -0.032013882 12
0.16913143 -1.1895281 -0.061620899 10
0.19395281 -1.2625622 -0.09834981 5
0.24167822 -1.1356134 -0.0050034877 14
0.22138518 -1.1551384 -0.033579726 11
0.21940632 -1.1917565 -0.064255759 10
0.22525448 -1.2426535 -0.10091788 20
0.28566733 -1.1314923 -0.0046073468 14
0.27104023 -1.155461 -0.035221566 12
0.25481892 -1.1778566 -0.066827998 51
0.24297149 -1.2072413 -0.10243493 13
0.32649511 -1.1210471 -0.0042212675 15
0.30774403 -1.1421773 -0.035804994 61
0.3196128 -1.1921182 -0.071553573 11
0.2565918 -1.168975 -0.10292137 9
0.37331682 -1.1159856 -0.0048692161 77
0.35518542 -1.1358596 -0.037471518 13
0.36830592 -1.1864413 -0.074231297 58
0.25409824 -1.1171018 -0.10230833 8
0.41446081 -1.1033278 -0.0045046196 74
0.40104574 -1.1279607 -0.039129887 62
0.42204571 -1.183303 -0.077953838 61
0.25949746 -1.0731432 -0.10273358 0
0.46477392 -1.0960456 -0.0042154482 79
0.45448208 -1.1238661 -0.041855808 67
0.47893393 -1.1801732 -0.082717136 49
0.2642642 -1.0304489 -0.10314003 9
0.51317716 -1.0862427 -0.00492163 72
0.50982875 -1.1191306 -0.043611322 63
0.53804922 -1.1773518 -0.086506344 41
0.26240373 -0.98363554 -0.1024934 0
0.56222582 -1.0751663 -0.0046461155 71
0.57213253 -1.1162941 -0.04544162 67
0.58294797 -1.160292 -0.089225911 30
0.26748773 -0.94505244 -0.10286995 9
0.6160177 -1.0656723 -0.0044190921 79
0.61736023 -1.1001749 -0.047157288 60
0.61235267 -1.1315312 -0.091838621 22
0.27193946 -0.90773457 -0.10322776 0
0.66631788 -1.0520746 -0.0051797521 78
0.67680478 -1.0919704 -0.049993325 62
0.62186307 -1.0872576 -0.092318133 17
0.27797225 -0.87199789 -0.10359311 8
0.7178961 -1.0359403 -0.0049772467 77
0.73404855 -1.0802801 -0.051828571 72
0.62664384 -1.0413945 -0.09174861 13
0.27484828 -0.83087552 -0.1028828 0
0.77453375 -1.0223366 -0.004819531 79
0.79224122 -1.0651114 -0.053704098 64
0.63235956 -0.99522299 -0.092193775 11
0.28150085 -0.79704469 -0.10424046 8
0.83495313 -1.0074767 -0.00572098 82
0.86022323 -1.0540628 -0.056673117 66
0.63554627 -0.95094907 -0.09259025 10
0.27489904 -0.75497353 -0.10349236 1
0.89000952 -0.98912972 -0.0055804066 80
0.92472744 -1.0389043 -0.059629809 66
0.64157921 -0.9088887 -0.093005531 10
0.28030041 -0.72366387 -0.10381269 1
0.94473737 -0.96668065 -0.0064686742 83
0.98417205 -1.0180528 -0.062566563 66
0.64634788 -0.86619645 -0.093409315 12
0.28506976 -0.69045693 -0.10414014 1
1.0023242 -0.9464373 -0.0063754581 81
1.0385705 -0.99466354 -0.064457662 50
0.64574087 -0.82318616 -0.093745545 8
0.28699273 -0.65819764 -0.10442267 1
1.0535737 -0.91987753 -0.0072509875 39
1.0736806 -0.95767486 -0.066208296 25
0.65525275 -0.78523737 -0.094171986 10
1.111544 -0.89425248 -0.0071798353 71
1.1249863 -0.92795497 -0.068083912 6
0.66135627 -0.74632919 -0.094540432 8
1.1634265 -0.86326677 -0.0080979727 71
1.1765268 -0.8960368 -0.071005397 49
0.65727228 -0.70237058 -0.094838589 10
1.1969829 -0.82468104 -0.0078393184 66
1.2565253 -0.87360859 -0.074218646 21
0.67214704 -0.66790885 -0.096305601 10
1.2431741 -0.78926843 -0.0087186657 73
1.2827832 -0.82903093 -0.075913735 17
0.66048807 -0.62330872 -0.095510177 11
1.2903143 -0.75353974 -0.0096123889 73
1.3159982 -0.78635216 -0.077683292 44
0.66967201 -0.58758205 -0.096913226 12
1.3333573 -0.7149561 -0.0094755897 77
1.3432183 -0.74145031 -0.078392647 24
0.67539108 -0.55089736 -0.097278781 11
1.3744904 -0.67385179 -0.010334218 74
1.3501892 -0.6895982 -0.079895675 13
0.66814595 -0.51010042 -0.097509503 14
1.4222633 -0.63369638 -0.011270795 77
1.3824557 -0.64407271 -0.081675038 16
0.67481369 -0.47309995 -0.097889714 12
1.4652942 -0.58879775 -0.012184007 100
1.3821677 -0.58936536 -0.082106568 26
1.5200373 -0.54737079 -0.012220182 96
1.4062144 -0.54131031 -0.083799265 21
0.67106295 -0.39847276 -0.099433243 17
1.5576931 -0.49899372 -0.013091035 88
1.4214202 -0.49198061 -0.084387355 12
1.6023059 -0.4525145 -0.014036075 92
1.5168891 -0.4559761 -0.089906916 12
0.66574442 -0.3254185 -0.099943168 17
1.6592373 -0.40509763 -0.016147982 94
1.430002 -0.38795072 -0.086323805 10
1.7120718 -0.35482556 -0.017229332 91
1.427489 -0.33609676 -0.087702334 10
0.65536731 -0.25299519 -0.10038208 14
1.7560537 -0.30012593 -0.018231539 86
1.4104574 -0.28169528 -0.08691334 10
1.8111024 -0.24700901 -0.019363545 94
1.3798155 -0.22761536 -0.086945705 9
0.64246142 -0.18246819 -0.10077256 19
1.8648726 -0.19010563 -0.021509435 88
1.379845 -0.1770189 -0.087346613 9
1.9158123 -0.13098097 -0.022635948 97
1.3514173 -0.12641783 -0.087379366 9
0.63713229 -0.11258371 -0.10225569 15
1.964209 -0.070599101 -0.024739347 95
1.3729365 -0.07709685 -0.089047566 10
2.0306296 -0.0073740804 -0.027098257 95
1.3520986 -0.027129101 -0.089173168 9
2.0875652 0.059013922 -0.02935962 92
1.371076 0.023447527 -0.091818437 10
2.1691647 0.13045633 -0.031980004 95
1.3224249 0.071531333 -0.090569295 10
2.2393818 0.20443147 -0.034473088 93
1.3436171 0.12179189 -0.093240172 9
0.59806132 0.05566182 -0.10407694 15
2.308018 0.27998567 -0.036957841 95
1.284544 0.16640684 -0.090828516 10
2.3880494 0.3621425 -0.04006552 100
1.3228165 0.21894111 -0.094323963 9
0.58263958 0.12095309 -0.10409058 11
2.4744029 0.44780505 -0.042842321 99
1.2668971 0.26039109 -0.092933699 10
2.5512588 0.536623 -0.046522666 97
1.2343652 0.30435646 -0.092862293 10
0.56656832 0.18514973 -0.10538696 12
2.6341245 0.63271302 -0.050337415 90
1.2574608 0.35840967 -0.095581666 10
2.7293239 0.73607147 -0.054367051 79
1.205968 0.3960644 -0.09421774 10
0.54638755 0.24903148 -0.10662833 18
2.8302033 0.8444798 -0.059508778 45
1.1965066 0.44349411 -0.095468543 10
2.9620748 0.96742415 -0.065161213 34
1.1835669 0.48871121 -0.096657142 10
0.52084386 0.310078 -0.10677838 12
3.1122885 1.101747 -0.071137466 20
1.1418653 0.52540708 -0.096410759 10
2.5428481 1.0143336 -0.061165903 2
1.1251316 0.56936026 -0.097540945 11
0.50634348 0.37268516 -0.10908178 14
2.4840641 1.0769527 -0.061905265 7
1.0992402 0.60921371 -0.097521529 11
2.4749026 1.1581976 -0.065426365 8
1.089148 0.6553793 -0.098754652 10
0.49090794 0.43814722 -0.11039712 12
2.4224308 1.2208068 -0.067249529 8
1.0499762 0.69080979 -0.098533228 12
2.3497338 1.2745762 -0.067744583 8
1.0436655 0.73823029 -0.10082652 10
0.46535361 0.49918488 -0.11155113 11
2.2893579 1.3324449 -0.069429673 7
1.0070233 0.77239543 -0.10062729 9
2.2201257 1.382095 -0.070936427 7
1.0323247 0.83560967 -0.10444944 9
2.1976845 1.4557554 -0.074231274 8
1.0000975 0.87229478 -0.10532684 8
2.1524873 1.5186791 -0.0761507 7
0.95270437 0.90077156 -0.10494562 7
2.1104398 1.5815953 -0.079110302 7
0.92460102 0.93778056 -0.10487821 7
-2.5100713 0.07750354 -0.18216509 14
-2.4330511 0.045433927 -0.11483682 24
-2.4991164 -0.0014256319 -0.0066587003 69
-2.6015871 0.041739997 -0.19278216 9
-2.5216722 0.010648629 -0.121496 19
-2.5114899 -0.014191478 -0.063417859 51
-2.5689986 -0.038378693 -0.0065270211 71
-2.6760049 0.0021883275 -0.20157656 7
-2.6027067 -0.027934866 -0.1282177 23
-2.5839386 -0.053064197 -0.066240638 57
-2.6369848 -0.077862486 -0.0063989488 77
-2.7241328 -0.043353014 -0.20664148 5
-2.674232 -0.069669135 -0.13302989 35
-2.6532145 -0.095092736 -0.068077385 71
-2.7144594 -0.12050302 -0.0061320416 87
-2.6889775 -0.088544481 -0.20271426 3
-2.767298 -0.11647505 -0.14054297 50
-2.7405403 -0.13997269 -0.071674645 83
-2.8248212 -0.16881697 -0.0054240357 84
-2.6709218 -0.13311037 -0.20058559 3
-2.9132214 -0.16929103 -0.15137194 41
-3.7132969 -0.93591815 -0.1087696 40
-6.2577639 -3.8774722 -0.014980019 26
-2.290164 -1.1613524 -0.1791141 2
-3.3063831 -1.9095954 -0.2050034 1
-6.1466312 -3.9994259 -0.23639528 42
-6.1559815 -3.9869187 -0.015365115 38
-3.2633607 -1.9690373 -0.2030616 1
-6.0438771 -4.1117034 -0.2347689 40
-6.0529361 -4.0969977 -0.015759762 35
-3.2488563 -2.0506291 -0.20460276 0
-5.9101119 -4.1999588 -0.23270357 38
-5.9188895 -4.1799016 -0.016740285 41
-5.8159118 -4.3182483 -0.23192574 37
-5.8335805 -4.300107 -0.018840855 43
-5.719182 -4.4346423 -0.2311926 25
-5.7333932 -4.4079809 -0.020216627 45
-5.6253109 -4.551991 -0.23141719 22
-5.6271949 -4.5085864 -0.021721117 42
-2.280838 -1.4970995 -0.057600882 12
-2.2534714 -1.4561234 0.0067532738 57
-2.1003864 -1.3801061 -0.04969037 11
-2.1107626 -1.3749038 0.0073976405 36
-2.0215683 -1.3570243 -0.046820905 3
-2.0272346 -1.3471054 0.0071732798 21
-1.9744048 -1.34744 0.006538922 8
-1.5512042 -1.2816317 -0.035040967 1
-1.5122612 -1.2781492 -0.033537399 1
-1.5494802 -1.3104179 0.0021664421 0
-1.5023332 -1.2936748 0.0014671267 3
-1.3133945 -1.3049591 -0.098722443 1
-1.3251557 -1.281091 -0.0027618541 0
0.15001847 -1.2564559 -0.098158732 28
0.25237677 -1.1822532 -0.061916284 53
0.24420787 -1.2124498 -0.082585335 56
0.21076465 -1.2173253 -0.10315925 11
0.30357954 -1.1451362 -0.041794658 68
0.21084668 -1.1635568 -0.10257509 8
0.34064639 -1.1687399 -0.064033717 53
0.3551687 -1.2198677 -0.089802518 39
0.39092591 -1.1287608 -0.041922785 66
0.39377126 -1.1669052 -0.066657647 54
0.40196326 -1.2117103 -0.093402527 32
0.22299775 -1.0762762 -0.10238722 8
0.44756338 -1.1278548 -0.04157941 69
0.43744183 -1.1555598 -0.067245714 51
0.44056809 -1.1946765 -0.094976403 22
0.49218267 -1.1161947 -0.04218052 65
0.48899007 -1.1489807 -0.069887504 52
0.46369117 -1.1627649 -0.096487105 15
0.24176669 -1.0026069 -0.10316929 9
0.54313511 -1.1076951 -0.041829702 67
0.55381185 -1.1506374 -0.072618052 60
0.46535027 -1.1137416 -0.095882803 9
0.59029728 -1.0941322 -0.041474149 60
0.60632312 -1.1405735 -0.074297123 50
0.4790166 -1.0754813 -0.095333189 11
0.24349406 -0.9187873 -0.101833 10
0.64756244 -1.0856475 -0.042195391 68
0.66830707 -1.1336905 -0.077060454 53
0.48162326 -1.0293052 -0.094717428 10
0.70230132 -1.0727327 -0.042921547 69
0.72556305 -1.1220511 -0.078805663 41
0.48800823 -0.98819989 -0.09510576 11
0.25845549 -0.84955037 -0.10353582 9
0.7554723 -1.0582285 -0.042641375 72
0.78187346 -1.1075665 -0.08056163 41
0.48934841 -0.94455236 -0.094455481 12
0.81022918 -1.0431188 -0.042502362 67
0.838808 -1.0927967 -0.083447114 31
0.51214808 -0.91584212 -0.096035853 9
0.24532135 -0.76639128 -0.10110449 12
0.87192595 -1.0289457 -0.043321092 76
0.8749063 -1.0618397 -0.084099673 31
0.51506597 -0.87377691 -0.095391482 9
0.92731524 -1.0084338 -0.043115541 64
0.90974009 -1.0302488 -0.084742188 24
0.52051049 -0.83614159 -0.094741702 9
0.98332673 -0.98666614 -0.043926559 72
0.92213541 -0.98503995 -0.085230544 15
1.0346113 -0.96014345 -0.043719307 79
0.93738663 -0.94203907 -0.084734492 17
0.52853292 -0.7586695 -0.095426157 8
1.0808384 -0.93108648 -0.043472752 12
0.92135823 -0.8841393 -0.082992129 7
1.1532917 -0.91123229 -0.044457823 59
0.94860715 -0.84874696 -0.083575562 8
0.54571915 -0.68974489 -0.096149743 11
1.2039484 -0.87965059 -0.044281319 59
0.99639249 -0.82128841 -0.085334599 16
1.2504977 -0.84522009 -0.044079032 57
1.0444951 -0.79161638 -0.08711423 8
0.56795144 -0.6233626 -0.097911641 9
1.2942028 -0.80857223 -0.04386073 46
0.98771101 -0.7219615 -0.082991622 8
1.3123043 -0.76146537 -0.043427575 47
1.0048475 -0.68150103 -0.083496846 8
0.57944888 -0.5531671 -0.09857861 12
1.3746644 -0.72705042 -0.043406878 67
1.014714 -0.63818753 -0.083940119 9
1.4268992 -0.68757415 -0.044308171 61
1.0331148 -0.59836 -0.084454685 9
0.58335918 -0.48233309 -0.099162623 15
1.4804095 -0.64872408 -0.044218726 87
1.1235613 -0.57570374 -0.088667631 8
1.5095814 -0.60004747 -0.043924488 84
1.1514381 -0.53589493 -0.090290859 8
0.58222175 -0.41211793 -0.098683342 15
1.5558138 -0.55519116 -0.044797152 87
1.0696718 -0.47032493 -0.085848965 9
1.607118 -0.50969893 -0.044732798 92
1.0912367 -0.4305017 -0.086399347 9
0.59275889 -0.3454088 -0.10031154 15
1.6454612 -0.46008444 -0.044550709 87
1.1165853 -0.38942534 -0.088003159 8
1.6942291 -0.41017148 -0.045490872 90
1.104967 -0.34165597 -0.08723256 9
0.58117664 -0.27550736 -0.10070938 13
1.7436422 -0.35898641 -0.045447841 91
1.1249415 -0.30025831 -0.088776581 9
1.8031632 -0.30655605 -0.046530731 93
1.1183813 -0.25502402 -0.088044472 9
0.58255643 -0.20972981 -0.10122449 18
1.8576286 -0.25159001 -0.047574569 94
1.1212959 -0.20980681 -0.088421538 10
1.9038748 -0.19408722 -0.048543178 91
1.1330637 -0.16586344 -0.088890538 11
0.5794993 -0.14332327 -0.10269352 14
1.9577128 -0.13406292 -0.049618397 94
1.1470332 -0.12224642 -0.090382308 9
2.009613 -0.072416484 -0.049886193 97
1.1432525 -0.077033445 -0.090827033 10
2.0703983 -0.0079778787 -0.05207897 91
1.138893 -0.032125011 -0.091117576 9
2.128036 0.059634432 -0.053259529 91
1.1421227 0.012142872 -0.091490857 11
2.1976912 0.12913118 -0.054593176 79
1.1478728 0.05829772 -0.092908114 14
2.2667203 0.2036881 -0.055958487 75
1.1356189 0.10164049 -0.092095174 10
2.3278339 0.27982464 -0.058244228 69
1.1505406 0.14873591 -0.09362562 12
2.3990824 0.3603856 -0.059680857 64
1.136063 0.19238834 -0.093789674 10
0.52898967 0.11284919 -0.10416049 13
2.4621007 0.44347683 -0.062041756 50
1.1446607 0.23948951 -0.095247105 11
2.5548506 0.53539157 -0.064814083 49
1.1330308 0.28408825 -0.095451541 13
0.51992226 0.17515123 -0.10552859 13
2.6267316 0.62669468 -0.067340069 36
1.1236144 0.32836905 -0.095679119 12
2.7153816 0.72778267 -0.070135191 29
1.117349 0.37263978 -0.096943058 13
0.50642931 0.23809034 -0.10685087 15
2.8426099 0.8427369 -0.074482471 25
1.1047714 0.41692334 -0.097134434 14
2.7699749 0.90921098 -0.074147753 12
1.0798578 0.45710939 -0.097151846 10
0.48819357 0.29945299 -0.10810646 13
2.3896434 0.88401937 -0.064554617 3
1.0628507 0.49886844 -0.097272821 11
2.4033372 0.96652716 -0.066341475 6
1.0695561 0.54850155 -0.098728396 13
0.47723097 0.36112487 -0.10944851 18
2.3816175 1.038327 -0.066637121 7
1.053803 0.58961898 -0.099859059 13
2.3627331 1.1110655 -0.067973047 7
1.0320529 0.62980264 -0.099913545 11
0.45520076 0.4212279 -0.11065132 14
2.3109646 1.1718293 -0.067837514 8
1.0194768 0.67408735 -0.10010576 14
2.2715216 1.2366834 -0.06887608 7
0.9885534 0.7101692 -0.10002318 9
2.2659268 1.3169979 -0.070424706 7
0.96963918 0.75129074 -0.10111833 10
2.2119315 1.3749114 -0.07124266 7
0.96179789 0.79714394 -0.10237771 9
2.2009602 1.4523854 -0.07270772 8
0.95458943 0.84426159 -0.1036544 8
2.1567736 1.5156648 -0.073681012 7
0.95970893 0.89863127 -0.10612933 8
2.1578155 1.6013401 -0.076348417 7
0.93384999 0.9385038 -0.10613555 8
-2.4193456 0.036999077 -0.00036493837 68
-2.4189484 0.077629954 -0.14369898 23
-2.4095764 0.051446408 -0.093595088 27
-2.4324985 0.027173886 -0.047153786 49
-2.4990454 0.004234619 0.00075340644 66
-2.519964 0.045118649 -0.15435107 19
-2.487762 0.017052898 -0.09848129 21
-2.513499 -0.0081412941 -0.049002089 48
-2.5679989 -0.032338101 0.0017832649 65
-2.6010334 0.0065954151 -0.16217481 22
-2.5583529 -0.02113805 -0.10242157 29
-2.5786932 -0.046640139 -0.050998893 58
-2.633795 -0.072077937 0.0028025582 76
-2.6893914 -0.035403535 -0.17089301 38
-2.6280098 -0.062183395 -0.10735067 38
-2.647043 -0.088288285 -0.051937416 72
-2.715091 -0.11590604 0.0040218872 88
-2.7942307 -0.081829041 -0.18239832 55
-2.7134819 -0.10636837 -0.11208373 52
-2.7321784 -0.1334068 -0.054666951 85
-2.8226368 -0.16317531 0.0055532064 87
-2.9706187 -0.13516507 -0.20007202 38
-2.8242912 -0.15686496 -0.11949287 31
-1.1185653 -0.10977186 -0.00043198536 1
-1.1298342 -0.12295694 0.0087933559 1
-1.1723536 -0.13501565 -0.0046524438 2
-1.1518493 -0.14293052 0.0081774872 3
-1.167289 -0.14815693 -0.016618682 4
-1.1620872 -0.15059136 -0.0036547049 1
-3.5774395 -0.79450905 -0.16877329 3
-3.5333831 -0.80582112 -0.070152983 1
-1.1450959 -0.16080685 -0.014759724 3
-3.7059455 -0.92419058 -0.075399749 49
-1.1617256 -0.17681324 -0.0034571711 3
-1.14381 -0.17724305 -0.015647249 2
-1.1223278 -0.17422435 0.010101264 3
-1.1534714 -0.19198713 -0.0034292496 3
-1.1618364 -0.20219597 -0.017262302 4
-1.1156417 -0.18780679 0.011134181 4
-1.1591488 -0.21284002 -0.0042082863 4
-1.1539017 -0.21958266 -0.017213844 4
-1.1042209 -0.1998242 0.011104343 3
-1.1397995 -0.22327229 -0.0023354243 3
-1.1364609 -0.23065218 -0.016315624 3
-1.0859325 -0.21382101 0.0010155834 1
-6.2265344 -3.8475778 -0.14115413 5
-8.6003647 -5.4893823 0.11783478 20
-2.5318742 -1.3379992 -0.1848596 3
-6.1240282 -3.962461 -0.1379157 74
-7.6469307 -5.056778 0.1100966 18
-2.5604405 -1.4267241 -0.19064571 1
-6.0239816 -4.0761642 -0.13449834 66
-7.568079 -5.2366099 0.11442538 150
-5.8947887 -4.1664877 -0.13057604 76
-7.4455371 -5.3829813 0.11703249 150
-5.8032608 -4.2861619 -0.12701139 70
-7.3315229 -5.5353351 0.11978801 150
-5.7034998 -4.3988867 -0.12458524 64
-7.2105293 -5.6832566 0.12244066 150
-5.6008644 -4.5074844 -0.12121918 45
-7.1034479 -5.8463259 0.12537754 129
-2.2278402 -1.4418982 -0.023299305 45
-2.2907434 -1.4877648 0.044731434 47
-2.0926259 -1.3696333 -0.019307872 16
-2.1147358 -1.3767061 0.042986929 36
-2.0112679 -1.3447425 -0.017374411 7
-2.0406921 -1.3584684 0.042049605 20
-1.9767787 -1.3478037 0.041279558 7
-1.5363214 -1.2869713 -0.050210949 1
-1.4922398 -1.2766767 -0.048620433 1
-1.502165 -1.2640073 -0.0055719614 1
-1.4538901 -1.2745408 -0.045973748 1
-1.3418169 -1.2929809 -0.004051521 0
-1.2481434 -1.3275485 -0.080806784 7
-1.2558616 -1.2898831 -0.039024819 5
-1.2703131 -1.2766073 -0.0029707088 2
-1.2907989 -1.2769295 0.032260381 2
-1.2117227 -1.3164922 -0.077296816 9
-1.2255008 -1.295603 -0.038311861 8
-1.2393155 -1.2779011 -0.0023008562 6
-1.2601308 -1.2804441 0.031951878 8
-1.1752996 -1.302273 -0.073812686 8
-1.1935508 -1.2934195 -0.037680801 9
-1.2054708 -1.2687712 -0.0027472551 9
-1.2304078 -1.2811123 0.031630583 10
-1.1430228 -1.3010304 -0.072177418 9
-1.160321 -1.2887002 -0.036084317 9
-1.1766932 -1.2760704 -0.0020040565 10
-1.1984794 -1.2789451 0.03026185 10
-1.1100979 -1.2953535 -0.069585316 9
-1.1296241 -1.2858746 -0.034444615 9
-1.1479226 -1.2802157 -0.0022865536 10
-1.1687565 -1.2796133 0.029940557 10
-1.0792485 -1.2933432 -0.068168193 9
-1.0978112 -1.2804165 -0.034033358 8
-1.1183187 -1.2807918 -0.0027703219 10
-1.1400936 -1.283695 0.028527601 10
-1.049409 -1.2940743 -0.066356666 9
-1.0673437 -1.2767277 -0.033264961 8
-1.0846738 -1.2644564 -0.0021389006 12
-1.1080438 -1.2689428 0.028186129 13
-1.0170423 -1.2833916 -0.063705042 9
-1.0365982 -1.2707747 -0.031589855 8
-1.0555491 -1.2632343 -0.0014401516 12
-1.0776944 -1.2651931 0.026821876 14
-0.98856139 -1.2834096 -0.062017784 9
-1.0084504 -1.2761763 -0.030855177 9
-1.0286802 -1.2711719 -0.0016708621 9
-1.0501881 -1.2687042 0.026548112 15
-0.95977986 -1.2875472 -0.061300375 9
-0.97934353 -1.2717758 -0.030210905 8
-1.0008584 -1.2756321 -0.001940342 9
-1.0214214 -1.2665335 0.025214119 15
-0.9303537 -1.2904119 -0.05960032 9
-0.95150739 -1.2730658 -0.029506288 8
-0.97175878 -1.2680779 -0.0023217609 9
-0.99295968 -1.2634052 0.024875736 15
-0.9012391 -1.289166 -0.057930339 9
-0.92208844 -1.2727767 -0.028831923 8
-0.94297063 -1.2658907 -0.0016559573 9
-0.96482682 -1.2624985 0.023559012 15
-0.87212133 -1.2847567 -0.056286156 9
-0.89457142 -1.2762803 -0.028105807 9
-0.91545713 -1.263078 -0.0019813094 9
-0.93763196 -1.261899 0.023255192 15
-0.8433184 -1.2793992 -0.054646231 9
-0.86610156 -1.2763063 -0.027418451 9
-0.88762856 -1.2612144 -0.0023024031 9
-0.9098112 -1.256881 0.021908384 14
-0.81485558 -1.28575 -0.053907294 9
-0.83794677 -1.2753829 -0.026735365 9
-0.86011559 -1.2584008 -0.0026277732 8
-0.88231206 -1.2572384 0.020608934 12
-0.7860598 -1.2867165 -0.052215785 9
-0.81042641 -1.2757241 -0.026035046 9
-0.83229035 -1.2596997 -0.00292306 9
-0.85575849 -1.264227 0.020373948 9
-0.75789064 -1.2826228 -0.050558589 9
-0.78196764 -1.2757578 -0.026347602 9
-0.80447233 -1.2673224 -0.0031667622 9
-0.82857144 -1.260473 0.019044412 9
-0.72972125 -1.2785304 -0.048901401 9
-0.75380933 -1.2716732 -0.025690315 9
-0.77694494 -1.2613386 -0.0025180324 9
-0.80106181 -1.2513441 0.017667564 9
-0.70125139 -1.2785563 -0.048214044 9
-0.72597319 -1.2729632 -0.024985699 9
-0.74913794 -1.2689692 -0.0037616414 9
-0.77420062 -1.2561274 0.016411148 9
-0.67214066 -1.2804719 -0.046518285 9
-0.69782203 -1.2752024 -0.024276819 9
-0.72131658 -1.2734296 -0.0040311432 9
-0.74668378 -1.2501521 0.016059993 9
-0.64398623 -1.2795489 -0.045835212 9
-0.6693489 -1.272066 -0.023615278 9
-0.69411087 -1.2633436 -0.0044123381 9
-0.7201308 -1.2476624 0.014747703 9
-0.6148712 -1.2783027 -0.044165198 9
-0.64152038 -1.2702024 -0.023936372 9
-0.66628951 -1.2678039 -0.0046818401 9
-0.69231993 -1.2521313 0.013478316 9
-0.58545262 -1.2780139 -0.043490864 9
-0.61305106 -1.2702276 -0.023249038 9
-0.63783115 -1.267838 -0.0049944241 9
-0.66576326 -1.246479 0.012140242 9
-0.55759883 -1.2729713 -0.041837942 9
-0.58520776 -1.2651936 -0.022596015 9
-0.61062932 -1.2609135 -0.005349834 9
-0.63700384 -1.2506323 0.010857838 9
-0.52881026 -1.2707839 -0.041172132 9
-0.55548817 -1.269024 -0.022891499 9
-0.580598 -1.2688556 -0.0056152651 9
-0.60982007 -1.2500405 0.0095541095 9
-0.49875039 -1.2723846 -0.039489347 10
-0.52796084 -1.2630403 -0.022242773 9
-0.55150938 -1.2707869 -0.0059193028 9
-0.58232129 -1.2503982 0.0082546361 9
-0.46932811 -1.2689332 -0.038840793 10
-0.49854225 -1.2627515 -0.021568438 9
-0.52368802 -1.2657696 -0.0072660926 9
-0.55292815 -1.2532874 0.0069549601 9
-0.44115505 -1.2616781 -0.037209388 10
-0.46944919 -1.2615219 -0.02189824 9
-0.4955413 -1.2616919 -0.0076087308 9
-0.52574104 -1.2495334 0.0056254244 9
-0.41361666 -1.2556865 -0.035560749 10
-0.44191799 -1.2523767 -0.021275291 9
-0.46833602 -1.2516062 -0.0079899477 9
-0.49855012 -1.2426177 0.0042701038 10
-0.38419437 -1.2522351 -0.034912195 9
-0.41407526 -1.2473419 -0.020622289 9
-0.44113418 -1.2446817 -0.0083453655 9
-0.46789286 -1.2461413 0.0029616947 9
-0.35413119 -1.2506734 -0.033255223 9
-0.38370717 -1.2467378 -0.019960923 8
-0.41299078 -1.2437664 -0.0086621968 9
-0.44007206 -1.2411232 0.001614891 9
-0.32312939 -1.2488053 -0.032611128 9
-0.35366592 -1.2451929 -0.020303767 8
-0.38231546 -1.2409571 -0.0090222871 9
-0.41162047 -1.2380033 0.00027664023 9
-0.28928778 -1.2523165 -0.031954449 10
-0.32204533 -1.2452302 -0.020651065 9
-0.35291842 -1.2406847 -0.010347744 9
-0.38127819 -1.2405775 -0.0010360236 9
-0.26079696 -1.2428476 -0.030344604 10
-0.29135892 -1.242413 -0.020011244 9
-0.31877288 -1.2451531 -0.010686709 10
-0.34873372 -1.2434789 -0.0033703267 10
-0.22758245 -1.241298 -0.029722258 11
-0.25847363 -1.2430855 -0.020367257 10
-0.28716317 -1.2451993 -0.012033916 10
-0.31617877 -1.2463716 -0.0047047334 11
-0.19688129 -1.2353104 -0.028108319 11
-0.22809893 -1.2361567 -0.019757506 10
-0.25427803 -1.2458706 -0.012389928 10
-0.28394583 -1.2451624 -0.0070690983 11
-0.1665066 -1.2283816 -0.027498562 11
-0.19551484 -1.2327088 -0.019143691 10
-0.22266115 -1.2395929 -0.013788728 11
-0.25674883 -1.2319213 -0.0084760543 14
-0.13580213 -1.2192317 -0.02591043 11
-0.16736041 -1.222308 -0.0195379 10
-0.19545271 -1.2263436 -0.014195744 10
-0.2270298 -1.2262733 -0.0098488415 11
-0.10667703 -1.2084996 -0.024317838 11
-0.13351181 -1.2194942 -0.018932806 10
-0.16350992 -1.2210064 -0.014590379 10
-0.19288774 -1.2244252 -0.011239279 11
-0.071564287 -1.20632 -0.023721475 11
-0.10409342 -1.2097267 -0.019335752 10
-0.13440694 -1.2102898 -0.014997601 10
-0.16286145 -1.2165719 -0.013633521 10
-0.037386298 -1.2012854 -0.022138018 11
-0.066452973 -1.2088151 -0.018756878 10
-0.10058028 -1.2074927 -0.016392315 10
-0.13187498 -1.2083958 -0.015040852 10
-0.0016400096 -1.1978408 -0.021558922 12
-0.034191478 -1.2012644 -0.019173035 11
-0.063910127 -1.2069122 -0.017800227 11
-0.09427046 -1.2106707 -0.01743588 11
0.032226443 -1.1886955 -0.020005533 13
0.0031234557 -1.199412 -0.019598311 11
-0.029754084 -1.2018942 -0.018216582 11
-0.057926763 -1.209149 -0.019847972 12
0.062608317 -1.1754428 -0.019447368 13
0.031925797 -1.184576 -0.019035684 11
0.0040791929 -1.1927724 -0.019662909 11
-0.026621578 -1.1987597 -0.021276833 12
0.091106705 -1.1596496 -0.017889092 12
0.063571639 -1.1719565 -0.018486254 11
0.032871034 -1.1779449 -0.020100171 11
0.0056216638 -1.188063 -0.023718582 11
0.12813149 -1.1536692 -0.016344629 12
0.10278443 -1.1694745 -0.018937528 10
0.068598688 -1.1713547 -0.021546705 11
0.038495317 -1.1792648 -0.026151799 11
0.16767389 -1.1489649 -0.01581753 13
0.13536793 -1.1565481 -0.019401016 11
0.11001366 -1.1691997 -0.02301961 11
0.078634724 -1.1764836 -0.028615909 12
0.20784959 -1.1429969 -0.015307715 14
0.17775398 -1.1540616 -0.018887114 12
0.14921908 -1.1635629 -0.02449658 12
0.1184595 -1.172753 -0.031084258 12
0.2474069 -1.1351233 -0.013806491 13
0.21128662 -1.1408203 -0.019363601 11
0.18621418 -1.1544446 -0.025977643 12
0.15670823 -1.1642776 -0.033573937 12
0.29138669 -1.1310487 -0.012322932 14
0.25619355 -1.1364474 -0.019892847 12
0.23521401 -1.1560931 -0.027502948 12
0.2047368 -1.1662568 -0.037086058 12
0.33504331 -1.1228707 -0.01186938 80
0.29953149 -1.1304827 -0.019417759 76
0.27379233 -1.1453956 -0.029014256 14
0.2417247 -1.1539848 -0.039592817 13
0.37997514 -1.1153191 -0.010424634 15
0.34791565 -1.1270626 -0.019977469 12
0.31900653 -1.1388175 -0.030564958 12
0.29229632 -1.1540622 -0.0421483 12
0.42142293 -1.1036609 -0.0099751102 69
0.39408949 -1.1201609 -0.020541273 68
0.35948271 -1.1274903 -0.032102287 73
0.33717301 -1.1465508 -0.045703091 64
0.47046569 -1.0957979 -0.0085781049 74
0.4446902 -1.1138977 -0.021148529 77
0.4138613 -1.1262991 -0.033709832 14
0.38710698 -1.1415761 -0.049292788 67
0.52203655 -1.0892025 -0.0071985587 73
0.48486573 -1.0984509 -0.021715986 67
0.461281 -1.1168859 -0.036307972 69
0.44178179 -1.1381874 -0.052921716 58
0.56822896 -1.0759689 -0.0068140374 68
0.53546977 -1.0890253 -0.022349047 71
0.51914012 -1.113485 -0.037971806 64
0.49582672 -1.1329013 -0.056559138 59
0.62201679 -1.0665301 -0.0054820119 74
0.59523726 -1.0849861 -0.023038981 70
0.56909126 -1.1021769 -0.040613227 63
0.55713004 -1.1304774 -0.061253138 54
0.66790861 -1.0491769 -0.0041276491 76
0.63985348 -1.0670067 -0.022675807 71
0.62537467 -1.0940311 -0.042298369 69
0.61971188 -1.1255177 -0.064981781 60
0.72169989 -1.0365769 -0.0028214308 74
0.69109493 -1.0531545 -0.023351913 76
0.67754275 -1.0798798 -0.044987299 69
0.68038768 -1.1180335 -0.069710143 60
0.77296656 -1.0195456 -0.0015235236 68
0.74518335 -1.0383575 -0.024067018 76
0.74077302 -1.0704856 -0.04775909 74
0.75276023 -1.1140418 -0.074538603 73
0.83118749 -1.0044208 -0.00028656932 80
0.80748975 -1.0260992 -0.02485179 76
0.80432206 -1.0588781 -0.050552391 69
0.81976449 -1.1034036 -0.079362191 50
0.88498634 -0.98549652 0.00096809363 82
0.86758739 -1.0103608 -0.025640618 75
0.86535728 -1.0428327 -0.052354127 74
0.8782385 -1.0861142 -0.084146172 28
0.94700319 -0.96911097 0.0021530595 76
0.92705363 -0.99272364 -0.026438007 70
0.93395531 -1.0306066 -0.056208074 70
0.89534003 -1.042513 -0.086689517 17
0.99290544 -0.94227159 0.0034300382 82
0.98051822 -0.96970367 -0.027213255 70
0.99561656 -1.0101428 -0.059052803 61
0.87139261 -0.97670346 -0.085962221 9
1.0429181 -0.91511995 0.0046592541 54
1.0355772 -0.94509655 -0.027018839 72
1.0553943 -0.98713857 -0.060897425 65
0.87113315 -0.92515934 -0.086379252 8
1.0913523 -0.88638651 0.0058929888 49
1.0956846 -0.91987115 -0.027885074 43
1.0902085 -0.94924259 -0.062588893 21
0.8677119 -0.87361169 -0.086761542 8
1.1464251 -0.85860848 0.0070614871 79
1.1469438 -0.89020866 -0.028690157 66
1.158502 -0.92658091 -0.066524483 6
0.85227984 -0.81762266 -0.087047957 7
1.1875932 -0.82385826 0.0083260685 81
1.2035774 -0.86086833 -0.029551733 59
1.2176565 -0.89535433 -0.068429224 54
0.84537804 -0.76828474 -0.087373987 8
1.2293949 -0.78784293 0.0095733898 88
1.2399964 -0.82137668 -0.029273659 61
1.2818458 -0.86668044 -0.072368689 18
0.85205549 -0.72497934 -0.088800237 8
1.268679 -0.75055146 0.011838074 71
1.2941056 -0.78760612 -0.030143546 57
1.3122407 -0.82182193 -0.0740683 15
0.85051423 -0.67913342 -0.090156831 8
1.2975236 -0.70724773 0.013168422 61
1.3144059 -0.74082243 -0.029747695 43
1.3331636 -0.77378207 -0.074689642 27
0.85308075 -0.63613951 -0.091535352 8
1.3545018 -0.67251575 0.014259345 79
1.3742088 -0.70516139 -0.030695591 66
1.3714511 -0.73052257 -0.077463076 13
0.85880911 -0.59314913 -0.092948608 9
1.3874691 -0.62889349 0.016541898 78
1.4109499 -0.66029406 -0.030464832 68
1.3879514 -0.67868251 -0.078066736 12
0.84652835 -0.54664993 -0.093192384 8
1.4280133 -0.58592021 0.017746335 72
1.467279 -0.62051815 -0.031408068 88
1.4164519 -0.6312924 -0.079766139 17
0.84373087 -0.50332528 -0.093514524 9
1.4875271 -0.54613161 0.018768214 110
1.5125464 -0.57598585 -0.03226842 87
1.4240999 -0.57817686 -0.080282867 33
0.82733923 -0.4571375 -0.093710564 7
1.5236595 -0.49935061 0.020990226 99
1.5492909 -0.5279572 -0.03206348 82
1.4320518 -0.52601844 -0.081795253 17
0.84791136 -0.42081368 -0.096232764 11
1.5695822 -0.45353785 0.022112401 102
1.5967752 -0.48058051 -0.032971352 90
1.5281876 -0.4888446 -0.086155146 12
0.84225547 -0.37844184 -0.097515836 12
