s_m,x_m,y_m,psi_rad,kappa_radpm,vx_mps,ax_mps2,speed_limit_mps,speed_zone,w_tr_right_m,w_tr_left_m
0.000000000,0.106211745,0.171355458,0.025378934,0.019148077,5.000000000,0.000000000,5.000000000,straight_acceleration,0.688569315,0.653549149
0.069534934,0.175723296,0.173160306,0.026453058,0.011746376,5.000000000,0.000000000,5.000000000,straight_acceleration,0.684104800,0.660502643
0.139069868,0.245233280,0.175021927,0.027012500,0.004344563,5.000000000,0.000000000,5.000000000,straight_acceleration,0.677151307,0.667456136
0.208604803,0.314742704,0.176904547,0.027057256,-0.003057261,5.000000000,0.000000000,5.000000000,straight_acceleration,0.670197814,0.673411514
0.278139737,0.384252577,0.178772392,0.026587619,-0.010309060,5.000000000,0.000000000,5.000000000,straight_acceleration,0.663244320,0.666458020
0.347674671,0.453763795,0.180592228,0.025706636,-0.015030193,5.000000000,0.000000000,5.000000000,straight_acceleration,0.656290827,0.659504527
0.417209605,0.523276870,0.182339415,0.024497367,-0.019751408,5.000000000,0.000000000,5.000000000,straight_acceleration,0.649337333,0.652551033
0.486744539,0.592792236,0.183991129,0.022959807,-0.024472662,5.000000000,0.000000000,5.000000000,straight_acceleration,0.642383840,0.645597540
0.556279473,0.662310325,0.185524550,0.021095528,-0.028789758,5.000000000,0.000000000,5.000000000,straight_acceleration,0.635430347,0.638644047
0.625814408,0.731831409,0.186920840,0.019055018,-0.029900336,5.000000000,0.000000000,5.000000000,straight_acceleration,0.628476853,0.631690553
0.695349342,0.801355296,0.188172585,0.016937274,-0.031011171,5.000000000,0.000000000,5.000000000,straight_acceleration,0.621523360,0.624737060
0.764884276,0.870881712,0.189274408,0.014742280,-0.032122224,5.000000000,0.000000000,5.000000000,straight_acceleration,0.614569866,0.617783566
0.834419210,0.940410383,0.190220941,0.012472523,-0.032804998,5.000000000,0.000000000,5.000000000,straight_acceleration,0.607616373,0.610830073
0.903954144,1.009941005,0.191010055,0.010241522,-0.031364068,5.000000000,0.000000000,5.000000000,straight_acceleration,0.604024131,0.603876580
0.973489079,1.079473205,0.191647528,0.008110712,-0.029923256,5.000000000,0.000000000,5.000000000,straight_acceleration,0.603561754,0.596923086
1.043024013,1.149006600,0.192140323,0.006080082,-0.028482620,5.000000000,0.000000000,5.000000000,straight_acceleration,0.605620946,0.589969593
1.112558947,1.218540807,0.192495404,0.004149840,-0.027014039,5.000000000,0.000000000,5.000000000,straight_acceleration,0.609590229,0.583016099
1.182093881,1.288075500,0.192719917,0.002325869,-0.025447875,5.000000000,0.000000000,5.000000000,straight_acceleration,0.603911533,0.576062606
1.251628815,1.357610470,0.192821387,0.000610801,-0.023881727,5.000000000,0.000000000,5.000000000,straight_acceleration,0.596958039,0.569109112
1.321163750,1.427145524,0.192807385,-0.000995367,-0.022315641,5.000000000,0.000000000,5.000000000,straight_acceleration,0.590004546,0.562155619
1.390698684,1.496680470,0.192685464,-0.002495835,-0.021078067,5.000000000,0.000000000,5.000000000,straight_acceleration,0.583051052,0.555202126
1.460233618,1.566215138,0.192461275,-0.003947865,-0.020685906,5.000000000,0.000000000,5.000000000,straight_acceleration,0.576097559,0.548248632
1.529768552,1.635749399,0.192137068,-0.005372626,-0.020293773,5.000000000,0.000000000,5.000000000,straight_acceleration,0.569144066,0.541295139
1.599303486,1.705283128,0.191714740,-0.006770121,-0.019901675,5.000000000,0.000000000,5.000000000,straight_acceleration,0.562190572,0.534341645
1.668838420,1.774816202,0.191196195,-0.008139274,-0.019417097,5.000000000,0.000000000,5.000000000,straight_acceleration,0.555237079,0.534991997
1.738373355,1.844348509,0.190583834,-0.009466231,-0.018749500,5.000000000,0.000000000,5.000000000,straight_acceleration,0.549238691,0.541945491
1.807908289,1.913879961,0.189880822,-0.010746768,-0.018081934,5.000000000,0.000000000,5.000000000,straight_acceleration,0.548780810,0.548898984
1.877443223,1.983410473,0.189090386,-0.011980887,-0.017414408,5.000000000,0.000000000,5.000000000,straight_acceleration,0.553428986,0.555852478
1.946978157,2.052939958,0.188215806,-0.013163076,-0.016342004,5.000000000,0.000000000,5.000000000,straight_acceleration,0.560382479,0.562805971
2.016513091,2.122468391,0.187262405,-0.014240270,-0.014640794,5.000000000,0.000000000,5.000000000,straight_acceleration,0.567335973,0.569759464
2.086048026,2.191995821,0.186238221,-0.015199170,-0.012939590,5.000000000,0.000000000,5.000000000,straight_acceleration,0.574289466,0.576712958
2.155582960,2.261522305,0.185151480,-0.016039779,-0.011238406,5.000000000,0.000000000,5.000000000,straight_acceleration,0.581242960,0.583666451
2.225117894,2.331047901,0.184010469,-0.016756216,-0.009159519,5.000000000,0.000000000,5.000000000,straight_acceleration,0.588196453,0.588259390
2.294652828,2.400572736,0.182825291,-0.017304642,-0.006614580,5.000000000,0.000000000,5.000000000,straight_acceleration,0.595149946,0.588816973
2.364187762,2.470097019,0.181608136,-0.017676105,-0.004069636,5.000000000,0.000000000,5.000000000,straight_acceleration,0.602103440,0.590481083
2.433722696,2.539620960,0.180371306,-0.017870606,-0.001524694,5.000000000,0.000000000,5.000000000,straight_acceleration,0.600247277,0.592567775
2.503257631,2.609144772,0.179127096,-0.017888963,0.000973501,5.000000000,0.000000000,5.000000000,straight_acceleration,0.597280403,0.594412562
2.572792565,2.678668664,0.177887584,-0.017736016,0.003425621,5.000000000,0.000000000,5.000000000,straight_acceleration,0.595750820,0.595791019
2.642327499,2.748192843,0.176664632,-0.017412562,0.005877742,5.000000000,0.000000000,5.000000000,straight_acceleration,0.594956041,0.596914650
2.711862433,2.817717517,0.175470095,-0.016918600,0.008329859,5.000000000,0.000000000,5.000000000,straight_acceleration,0.594135319,0.598013589
2.781397367,2.887242891,0.174315903,-0.016248310,0.011081121,5.000000000,0.000000000,5.000000000,straight_acceleration,0.592577741,0.599304344
2.850932302,2.956769147,0.173215319,-0.015373943,0.014067862,5.000000000,0.000000000,5.000000000,straight_acceleration,0.590451924,0.600762865
2.920467236,3.026296447,0.172182748,-0.014291893,0.017054609,5.000000000,0.000000000,5.000000000,straight_acceleration,0.588679312,0.602159197
2.990002170,3.095824953,0.171232628,-0.013002160,0.020041321,5.000000000,0.000000000,5.000000000,straight_acceleration,0.588205648,0.603256742
3.059537104,3.165354816,0.170379786,-0.011477733,0.024290275,5.000000000,0.000000000,5.000000000,straight_acceleration,0.589555767,0.603836928
3.129072038,3.234886064,0.169644477,-0.009613560,0.029327914,5.000000000,0.000000000,5.000000000,straight_acceleration,0.582602273,0.603935048
3.198606972,3.304418631,0.169050966,-0.007399089,0.034365698,5.000000000,0.000000000,5.000000000,straight_acceleration,0.575648780,0.603773983
3.268141907,3.373952448,0.168623614,-0.004834315,0.039403361,5.000000000,0.000000000,5.000000000,straight_acceleration,0.568695286,0.603581011
3.337676841,3.443487406,0.168386662,-0.001926750,0.044119552,5.000000000,0.000000000,5.000000000,straight_acceleration,0.561741793,0.603562678
3.407211775,3.513022902,0.168363022,0.001299661,0.048679549,5.000000000,0.000000000,5.000000000,straight_acceleration,0.554788300,0.603688718
3.476746709,3.582558022,0.168574757,0.004843183,0.053240372,5.000000000,0.000000000,5.000000000,straight_acceleration,0.547834806,0.603778040
3.546281643,3.652091845,0.169043915,0.008703856,0.057801492,5.000000000,0.000000000,5.000000000,straight_acceleration,0.540881313,0.603647123
3.615816578,3.721623420,0.169791318,0.012808934,0.059485855,5.000000000,0.000000000,5.000000000,straight_acceleration,0.534985513,0.603125367
3.685351512,3.791151484,0.170826262,0.016966468,0.060094046,5.000000000,0.000000000,5.000000000,straight_acceleration,0.534937303,0.602163468
3.754886446,3.860674603,0.172151733,0.021166349,0.060703877,5.000000000,0.000000000,5.000000000,straight_acceleration,0.538326453,0.600778549
3.824421380,3.930191343,0.173770651,0.025408680,0.061315263,5.000000000,0.000000000,5.000000000,straight_acceleration,0.542721686,0.598988412
3.893956314,3.999700390,0.175683365,0.029551737,0.056721337,5.000000000,0.000000000,5.000000000,straight_acceleration,0.545968888,0.596818434
3.963491249,4.069201374,0.177870162,0.033286129,0.050688512,5.000000000,0.000000000,5.000000000,straight_acceleration,0.548074720,0.594353051
4.033026183,4.138694368,0.180301918,0.036601055,0.044656450,5.000000000,0.000000000,5.000000000,straight_acceleration,0.550060085,0.591704417
4.102561117,4.208179446,0.182949452,0.039496579,0.038625611,5.000000000,0.000000000,5.000000000,straight_acceleration,0.552951735,0.588984850
4.172096051,4.277656862,0.185782118,0.041897196,0.030006138,5.000000000,0.000000000,5.000000000,straight_acceleration,0.557461777,0.586297755
4.241630985,4.347128031,0.188759723,0.043666759,0.020890903,5.000000000,0.000000000,5.000000000,straight_acceleration,0.562250322,0.583688425
4.311165919,4.416594832,0.191838243,0.044802490,0.011775582,5.000000000,0.000000000,5.000000000,straight_acceleration,0.563578573,0.581178857
4.380700854,4.486059147,0.194973645,0.045304391,0.002660324,5.000000000,0.000000000,5.000000000,straight_acceleration,0.556625079,0.578790987
4.450235788,4.555522776,0.198123950,0.045271526,-0.003272778,5.000000000,0.000000000,5.000000000,straight_acceleration,0.549671586,0.576520187
4.519770722,4.624987065,0.201258448,0.044850597,-0.008834193,5.000000000,0.000000000,5.000000000,straight_acceleration,0.542718093,0.574216137
4.589305656,4.694453209,0.204350272,0.044042955,-0.014395623,5.000000000,0.000000000,5.000000000,straight_acceleration,0.535764599,0.571678821
4.658840590,4.763922402,0.207372558,0.042848601,-0.019957001,5.000000000,0.000000000,5.000000000,straight_acceleration,0.528811106,0.568708178
4.728375525,4.833395649,0.210301978,0.041428035,-0.020666028,5.000000000,0.000000000,5.000000000,straight_acceleration,0.526556753,0.565174381
4.797910459,4.902873095,0.213131564,0.039974993,-0.021127075,5.000000000,0.000000000,5.000000000,straight_acceleration,0.528743326,0.561272719
4.867445393,4.972354633,0.215859080,0.038489888,-0.021588222,5.000000000,0.000000000,5.000000000,straight_acceleration,0.533412158,0.557292498
4.936980327,5.041840156,0.218482290,0.036972720,-0.022028014,5.000000000,0.000000000,5.000000000,straight_acceleration,0.538604483,0.553523031
5.006515261,5.111329491,0.221001372,0.035526879,-0.019557987,5.000000000,0.000000000,5.000000000,straight_acceleration,0.542729778,0.550207887
5.076050195,5.180822192,0.223425950,0.034252792,-0.017087947,5.000000000,0.000000000,5.000000000,straight_acceleration,0.545638502,0.547411623
5.145585130,5.250317747,0.225767954,0.033150458,-0.014617939,5.000000000,0.000000000,5.000000000,straight_acceleration,0.547533538,0.545155013
5.215120064,5.319815647,0.228039318,0.032219558,-0.012291398,5.000000000,0.000000000,5.000000000,straight_acceleration,0.548617790,0.543458816
5.284654998,5.389315473,0.230249780,0.031371943,-0.012088133,5.000000000,0.000000000,5.000000000,straight_acceleration,0.549185314,0.542265083
5.354189932,5.458817111,0.232401823,0.030538463,-0.011884855,5.000000000,0.000000000,5.000000000,straight_acceleration,0.549831974,0.541255261
5.423724866,5.528320509,0.234496428,0.029719118,-0.011681567,5.000000000,0.000000000,5.000000000,straight_acceleration,0.551216011,0.540056935
5.493259801,5.597825618,0.236534571,0.028911619,-0.012030575,5.000000000,0.000000000,5.000000000,straight_acceleration,0.547535679,0.538297934
5.562794735,5.667332510,0.238512020,0.027921083,-0.016459706,5.000000000,0.000000000,5.000000000,straight_acceleration,0.540582186,0.535806845
5.632329669,5.736841603,0.240409915,0.026622566,-0.020888887,5.000000000,0.000000000,5.000000000,straight_acceleration,0.533628693,0.532976268
5.701864603,5.806353375,0.242206846,0.025016066,-0.025318042,5.000000000,0.000000000,5.000000000,straight_acceleration,0.526675199,0.530297120
5.771399537,5.875868305,0.243881402,0.023101833,-0.029706728,5.000000000,-2.311013221,5.000000000,straight_acceleration,0.519721706,0.528259326
5.840934472,5.945386710,0.245412469,0.020890173,-0.033905964,4.967756807,-4.000000000,5.000000000,straight_acceleration,0.512768212,0.527058088
5.910469406,6.014908530,0.246779629,0.018386500,-0.038105684,4.911448689,-4.000000000,5.000000000,straight_acceleration,0.505814719,0.526183395
5.980004340,6.084433645,0.247962573,0.015590790,-0.042305695,4.854487486,-4.000000000,5.000000000,straight_acceleration,0.498861226,0.525021970
6.049539274,6.153961936,0.248941041,0.012513007,-0.045264331,4.796849933,-4.000000000,5.000000000,straight_acceleration,0.491907732,0.522965836
6.119074208,6.223493075,0.249702634,0.009406216,-0.044094400,4.738511349,-4.000000000,5.000000000,straight_acceleration,0.484954239,0.520186831
6.188609142,6.293026308,0.250251034,0.006380750,-0.042925144,4.679445515,-4.000000000,5.000000000,straight_acceleration,0.478000745,0.518452070
6.258144077,6.362560827,0.250591887,0.003436564,-0.041756640,4.619624536,-4.000000000,5.000000000,straight_acceleration,0.471047252,0.519723755
6.327679011,6.432095829,0.250730987,0.000595571,-0.038389213,4.559018686,-4.000000000,5.000000000,straight_acceleration,0.468997149,0.525945164
6.397213945,6.501630764,0.250686706,-0.001766862,-0.029560222,4.497596237,-4.000000000,5.000000000,straight_acceleration,0.475950642,0.532898658
6.466748879,6.571165530,0.250499499,-0.003515366,-0.020731094,4.435323262,-4.000000000,5.000000000,straight_acceleration,0.482904136,0.539852151
6.536283813,6.640700069,0.250212055,-0.004649942,-0.011902134,4.372163419,-4.000000000,5.000000000,straight_acceleration,0.489857629,0.546805645
6.605818748,6.710234326,0.249867244,-0.005147752,-0.001157701,4.308077702,-4.000000000,5.000000000,straight_acceleration,0.496811123,0.553759138
6.675353682,6.779768412,0.249518112,-0.004727172,0.013254646,4.243024159,-4.000000000,5.000000000,straight_acceleration,0.503764616,0.560712631
6.744888616,6.849302686,0.249233068,-0.003304431,0.027666991,4.176957570,-4.000000000,5.000000000,straight_acceleration,0.510718109,0.561071475
6.814423550,6.918837527,0.249081795,-0.000879543,0.042078557,4.109829080,-4.000000000,5.000000000,straight_acceleration,0.517671603,0.554117982
6.883958484,6.988373280,0.249133980,0.002547719,0.056509668,4.041585777,-4.000000000,5.000000000,straight_acceleration,0.524625096,0.547164489
6.953493418,7.057908987,0.249459417,0.006980166,0.070976606,3.972170203,-4.000000000,5.000000000,straight_acceleration,0.531578590,0.540210995
7.023028353,7.127441985,0.250128039,0.012418734,0.085447751,3.901519786,-4.000000000,5.000000000,straight_acceleration,0.538532083,0.533257502
7.092563287,7.196969500,0.251209787,0.018863595,0.099919260,3.829566186,-4.000000000,5.000000000,straight_acceleration,0.545485576,0.526304008
7.162098221,7.266488691,0.252774142,0.026271047,0.111628967,3.756234511,-4.000000000,5.000000000,straight_acceleration,0.552439070,0.523625274
7.231633155,7.335994862,0.254877332,0.034326175,0.120048503,3.681442411,-4.000000000,4.957156550,straight_acceleration,0.548860867,0.530185023
7.301168089,7.405481228,0.257560690,0.042967274,0.128480701,3.605098994,-4.000000000,4.791726921,straight_acceleration,0.541907373,0.537138517
7.370703024,7.474940891,0.260864753,0.052195030,0.136920025,3.527103525,-4.000000000,4.641704857,straight_acceleration,0.534953880,0.544092010
7.440237958,7.544366849,0.264830175,0.062020282,0.145949545,3.447343877,-4.000000000,4.495827460,straight_acceleration,0.534108463,0.551045504
7.509772892,7.613749768,0.269500178,0.072503768,0.155563116,3.365694628,-4.000000000,4.354694477,straight_acceleration,0.539428974,0.557998997
7.579307826,7.683078046,0.274920474,0.083656530,0.165196574,3.282014756,-4.000000000,4.225815086,straight_acceleration,0.546382467,0.564952490
7.648842760,7.752339990,0.281136876,0.095479667,0.174838409,3.196144770,-4.000000000,4.107641996,straight_acceleration,0.552694020,0.571905984
7.718377695,7.821523506,0.288196288,0.108059235,0.188817877,3.107903137,-4.000000000,3.952659941,straight_acceleration,0.552752546,0.578859477
7.787912629,7.890609677,0.296164206,0.121793172,0.206159762,3.017081775,-4.000000000,3.782762332,straight_acceleration,0.547900990,0.585812971
7.857447563,7.959573862,0.305121711,0.136734855,0.223549042,2.923440262,-4.000000000,3.632658744,straight_acceleration,0.542698337,0.592766464
7.926982497,8.028391243,0.315150370,0.152886654,0.240947445,2.826698338,-4.000000000,3.499047559,straight_acceleration,0.541821611,0.599719958
7.996517431,8.097035251,0.326336456,0.170590122,0.274062542,2.726525998,-4.000000000,3.280848431,straight_acceleration,0.548775104,0.606673451
8.066052365,8.165455448,0.338830415,0.191138229,0.316827696,2.622530181,-4.000000000,3.051402084,straight_acceleration,0.555728598,0.613626944
8.135587300,8.233584149,0.352829066,0.214664447,0.359654577,2.514236478,-4.000000000,2.863968339,straight_acceleration,0.562682091,0.620580438
8.205122234,8.301353283,0.368530258,0.241168752,0.402263210,2.401063430,-4.000000000,2.708044837,straight_acceleration,0.569635585,0.627533931
8.274657168,8.368683998,0.386147368,0.271763802,0.492190826,2.282285285,-4.000000000,2.448185100,straight_acceleration,0.576589078,0.634487425
8.344192102,8.435378488,0.406065056,0.309974243,0.605908541,2.156976275,-4.000000000,2.206517981,straight_acceleration,0.583542571,0.641440918
8.413727036,8.501165147,0.428774252,0.356126645,0.720167868,2.023923709,-3.958756873,2.023923709,straight_acceleration,0.590496065,0.648394411
8.483261971,8.565771261,0.454767479,0.410205821,0.831988197,1.883009128,-3.139104544,1.883009128,straight_acceleration,0.597449558,0.655347905
8.552796905,8.628893337,0.484525989,0.472241878,0.948806725,1.763283449,-2.725023533,1.763283449,standard,0.604403052,0.662301398
8.622331839,8.689952866,0.518430337,0.543048390,1.080506978,1.652331643,-2.273199701,1.652331643,standard,0.611356545,0.669254892
8.691866773,8.748226660,0.556808106,0.623361400,1.222004561,1.553726577,-1.815007962,1.553726577,standard,0.618310038,0.676208385
8.761401707,8.802990241,0.599986407,0.713616687,1.364696143,1.470256222,-0.129954254,1.470256222,standard,0.625263532,0.683161879
8.830936641,8.853536898,0.648212445,0.810147768,1.376202019,1.464097209,-0.032214753,1.464097209,standard,0.632217025,0.690115372
8.900471576,8.899285534,0.701168505,0.906463725,1.379084316,1.462566421,-0.270293650,1.462566421,standard,0.639170519,0.697068865
8.970006510,8.939709200,0.758293363,1.003750790,1.403751982,1.449658868,-0.468549104,1.449658868,standard,0.646124012,0.690890353
9.039541444,8.974281160,0.819024837,1.103347205,1.448670577,1.427007278,1.312469792,1.427007278,standard,0.653077506,0.683936860
9.109076378,9.002592438,0.882787162,1.200962856,1.329502700,1.489588793,1.855483082,1.489588793,standard,0.660030999,0.676983367
9.178611312,9.024882881,0.948929727,1.288911184,1.190996923,1.573822277,2.131170445,1.573822277,standard,0.666984492,0.670029873
9.248146247,9.041614594,1.016776281,1.367624463,1.063715416,1.665322238,2.317650919,1.665322238,standard,0.673937986,0.663076380
9.317681181,9.053249877,1.085650553,1.437968156,0.952961324,1.759435581,2.400000000,1.759435581,standard,0.680891479,0.656122886
9.387216115,9.060290943,1.154960007,1.499455956,0.809125552,1.851858863,2.400000000,1.909426959,standard,0.687844973,0.649169393
9.456751049,9.063416204,1.224481788,1.550541189,0.658484283,1.939883741,2.400000000,2.116597609,standard,0.694798466,0.642215899
9.526285983,9.063352684,1.294095022,1.591126720,0.507726966,2.024084142,2.400000000,2.410437600,standard,0.701751959,0.635262406
9.595820917,9.060827403,1.363678841,1.621294486,0.362676149,2.104919071,2.400000000,2.852013060,standard,0.708218203,0.628308913
9.665355852,9.056452504,1.433132128,1.645901344,0.344432176,2.182762466,2.400000000,2.926571578,standard,0.701264710,0.621355419
9.734890786,9.050417722,1.502426400,1.669216689,0.325918142,2.257923752,2.400000000,3.008546582,standard,0.694311216,0.614401926
9.804425720,9.042815724,1.571549865,1.691233574,0.307268957,2.330662427,2.400000000,3.098501171,standard,0.687357723,0.607448432
9.873960654,9.033739183,1.640490731,1.711949514,0.288178061,2.401198666,2.400000000,3.199488479,standard,0.680404230,0.603699694
9.943495588,9.023285576,1.709239066,1.731170856,0.264643555,2.469721182,2.400000000,3.200000000,standard,0.673450736,0.610653188
10.013030523,9.011567276,1.777790702,1.748759346,0.241176660,2.536393188,2.400000000,3.200000000,standard,0.666497243,0.617606681
10.082565457,8.998699540,1.846142583,1.764721519,0.217840050,2.601356971,2.400000000,3.200000000,standard,0.659543749,0.624560175
10.152100391,8.984797586,1.914291659,1.779076223,0.196708262,2.664737468,2.400000000,3.200000000,standard,0.652590256,0.631513668
10.221635325,8.969958919,1.982235898,1.792452361,0.187957787,2.726645091,2.400000000,3.200000000,standard,0.653168371,0.638467161
10.291170259,8.954234450,2.049975962,1.805218717,0.179199364,2.787177988,2.400000000,3.200000000,standard,0.660121864,0.645420655
10.360705194,8.937667528,2.117512947,1.817375844,0.170448834,2.846423866,2.400000000,3.200000000,standard,0.667075358,0.652374148
10.430240128,8.920301520,2.184847961,1.828919680,0.160953788,2.904461484,2.400000000,3.200000000,standard,0.674028851,0.659327642
10.499775062,8.902184590,2.251984514,1.839674920,0.148379360,2.961361881,2.400000000,3.200000000,standard,0.677193990,0.666281135
10.569309996,8.883375647,2.318931493,1.849556185,0.135815799,3.017189400,2.400000000,3.200000000,standard,0.670928812,0.673234629
10.638844930,8.863935062,2.385698522,1.858564576,0.123273741,3.072002532,2.400000000,3.200000000,standard,0.664994096,0.680188122
10.708379864,8.843923287,2.452295267,1.866685507,0.108943765,3.125854642,2.400000000,3.200000000,standard,0.664043061,0.687141615
10.777914799,8.823410531,2.518736998,1.873578208,0.089301874,3.178794572,0.972641104,3.200000000,standard,0.670018408,0.694095109
10.847449733,8.802485704,2.585049715,1.879104799,0.069654618,3.200000000,0.000000000,3.200000000,standard,0.668476602,0.701048602
10.916984667,8.781239832,2.651260635,1.883265265,0.050009336,3.200000000,0.000000000,3.200000000,standard,0.661523109,0.708002096
10.986519601,8.759763959,2.717396998,1.886055987,0.030015622,3.200000000,0.000000000,3.200000000,standard,0.654569615,0.714032231
11.056054535,8.738150655,2.783487649,1.887420834,0.009240481,3.200000000,0.000000000,3.200000000,standard,0.647616122,0.716974776
11.125589470,8.716494994,2.849564085,1.887341043,-0.011535483,3.200000000,0.000000000,3.200000000,standard,0.640662629,0.721262726
11.195124404,8.694892281,2.915658051,1.885816613,-0.032310740,3.200000000,0.000000000,3.200000000,standard,0.633709135,0.725893723
11.264659338,8.673437890,2.981801277,1.882840710,-0.053625925,3.200000000,0.000000000,3.200000000,standard,0.626755642,0.729881583
11.334194272,8.652230339,3.048024898,1.878337988,-0.075881642,3.200000000,0.000000000,3.200000000,standard,0.619802148,0.733013003
11.403729206,8.631372608,3.114359202,1.872287525,-0.098141772,3.200000000,0.000000000,3.200000000,standard,0.612848655,0.736171099
11.473264140,8.610968018,3.180834414,1.864689224,-0.120397586,3.200000000,0.000000000,3.200000000,standard,0.605895162,0.740322361
11.542799075,8.591119998,3.247480632,1.855536333,-0.143130526,3.200000000,0.000000000,3.200000000,standard,0.598941668,0.746391221
11.612334009,8.571935782,3.314323650,1.844767950,-0.166572322,3.200000000,0.000000000,3.200000000,standard,0.591988175,0.753344715
11.681868943,8.553527255,3.381383992,1.832368024,-0.190050914,3.200000000,0.000000000,3.200000000,standard,0.585034681,0.760298208
11.751403877,8.536006587,3.448681862,1.818334962,-0.213532019,3.200000000,0.000000000,3.200000000,standard,0.578081188,0.763861003
11.820938811,8.519485972,3.516237068,1.802675183,-0.236620595,3.200000000,0.000000000,3.200000000,standard,0.571127694,0.761263638
11.890473746,8.504078261,3.584059382,1.785425220,-0.259440566,3.200000000,-0.261841735,3.200000000,standard,0.564174201,0.754310145
11.960008680,8.489896998,3.652147977,1.766583522,-0.282386753,3.194305199,-4.000000000,3.200000000,standard,0.557220708,0.747356651
12.029543614,8.477055759,3.720501516,1.746143640,-0.305384878,3.106011306,-4.000000000,3.108044613,standard,0.550267214,0.743181985
12.099078548,8.465667335,3.789117868,1.724175402,-0.324495800,3.015132959,-3.073886996,3.015132959,standard,0.543313721,0.746360923
12.168613482,8.455829212,3.857979348,1.701047582,-0.340507393,2.943389492,-2.842061118,2.943389492,standard,0.536360227,0.753314417
12.238148417,8.447624935,3.927054111,1.676796397,-0.356784490,2.875464594,-2.621695858,2.875464594,standard,0.529406734,0.760267910
12.307683351,8.441137540,3.996309793,1.651406541,-0.373243019,2.811351585,-1.305127154,2.811351585,standard,0.522453240,0.767221404
12.377218285,8.436447885,4.065713338,1.625027958,-0.382015791,2.778883566,-0.538556923,2.778883566,standard,0.515499747,0.774174897
12.446753219,8.433603347,4.135221061,1.598323772,-0.385757224,2.765374628,-0.575249005,2.765374628,standard,0.508546254,0.781128390
12.516288153,8.432625079,4.204780947,1.571347102,-0.389835365,2.750872049,-0.605818458,2.750872049,standard,0.501592760,0.788081884
12.585823087,8.433533530,4.274340760,1.544076126,-0.394224494,2.735515662,0.327203542,2.735515662,standard,0.494639267,0.795035377
12.655358022,8.436346746,4.343848438,1.516649999,-0.391841718,2.743820346,0.827784373,2.743820346,standard,0.494766102,0.801956776
12.724892956,8.441053173,4.413254092,1.489597548,-0.385940264,2.764718784,0.810457884,2.764718784,standard,0.501719595,0.795003282
12.794427890,8.447621353,4.482509293,1.462945326,-0.380332051,2.785027868,0.785237133,2.785027868,standard,0.508673089,0.788049789
12.863962824,8.456019458,4.551565640,1.436672379,-0.375051663,2.804564681,1.553778976,2.804564681,standard,0.515626582,0.781096295
12.933497758,8.466213753,4.620375812,1.410881287,-0.365023706,2.842827270,1.967269802,2.842827270,standard,0.522580075,0.777516017
13.003032693,8.478151417,4.688903325,1.385906443,-0.353071218,2.890545769,2.068352804,2.890545769,standard,0.524177258,0.782182630
13.072567627,8.491768632,4.757117934,1.361756095,-0.341320606,2.939881017,2.164858704,2.939881017,standard,0.524317606,0.775229136
13.142102561,8.507001451,4.824989467,1.338414590,-0.329831270,2.990646587,2.400000000,2.990646587,standard,0.530647420,0.768275643
13.211637495,8.523785081,4.892489300,1.315931530,-0.316063536,3.045937408,2.400000000,3.055088606,standard,0.537600913,0.761322150
13.281172429,8.542047798,4.959601540,1.294451693,-0.301595425,3.100242309,2.400000000,3.127509468,standard,0.544554407,0.754368656
13.350707363,8.561714457,5.026316564,1.273974278,-0.287244497,3.153612224,2.119294007,3.200000000,standard,0.551507900,0.747415163
13.420242298,8.582709893,5.092624791,1.254489613,-0.273062629,3.200000000,0.000000000,3.200000000,standard,0.558461394,0.740461669
13.489777232,8.604958641,5.158518333,1.236029810,-0.257515264,3.200000000,0.000000000,3.200000000,standard,0.565414887,0.733925086
13.559312166,8.628383188,5.224000899,1.218671854,-0.241662218,3.200000000,0.000000000,3.200000000,standard,0.572368380,0.735565199
13.628847100,8.652905163,5.289081067,1.202414527,-0.225867747,3.200000000,0.000000000,3.200000000,standard,0.579321874,0.741523939
13.698382034,8.678446189,5.353767433,1.187252725,-0.210167055,3.200000000,0.000000000,3.200000000,standard,0.586275367,0.747933645
13.767916969,8.704927592,5.418070393,1.173227710,-0.192994458,3.200000000,0.000000000,3.200000000,standard,0.593228861,0.751486269
13.837451903,8.732268979,5.482010696,1.160411311,-0.175605594,3.200000000,0.000000000,3.200000000,standard,0.600182354,0.752091201
13.906986837,8.760389340,5.545612787,1.148803491,-0.158238020,3.200000000,0.000000000,3.200000000,standard,0.607135847,0.750805443
13.976521771,8.789207667,5.608901117,1.138402206,-0.140910627,3.200000000,0.000000000,3.200000000,standard,0.614089341,0.748687412
14.046056705,8.818642292,5.671901973,1.129268471,-0.121659959,3.200000000,0.000000000,3.200000000,standard,0.621042834,0.746801335
14.115591640,8.848608357,5.734650562,1.121482893,-0.102266253,3.200000000,0.000000000,3.200000000,standard,0.627996328,0.746239564
14.185126574,8.879020037,5.797184782,1.115045823,-0.082875440,3.200000000,0.000000000,3.200000000,standard,0.634949821,0.748102954
14.254661508,8.909791510,5.859542535,1.109956854,-0.063493508,3.200000000,0.000000000,3.200000000,standard,0.641903315,0.753492364
14.324196442,8.940835615,5.921763328,1.106298749,-0.041702809,3.200000000,0.000000000,3.200000000,standard,0.648856808,0.760445858
14.393731376,8.972059717,5.983893245,1.104157320,-0.019890054,3.200000000,0.000000000,3.200000000,standard,0.655810301,0.767399351
14.463266310,9.003369786,6.045980051,1.103532659,0.001923121,3.200000000,0.000000000,3.200000000,standard,0.662763795,0.769738309
14.532801245,9.034671787,6.108071511,1.104424920,0.023832530,3.200000000,0.000000000,3.200000000,standard,0.669717288,0.762784816
14.602336179,9.065869847,6.170215872,1.106910215,0.047650189,3.200000000,0.000000000,3.200000000,standard,0.676670782,0.755831322
14.671871113,9.096861719,6.232463047,1.111051764,0.071470157,3.200000000,0.000000000,3.200000000,standard,0.683624275,0.748877829
14.741406047,9.127543778,6.294863312,1.116849626,0.095288376,3.200000000,0.000000000,3.200000000,standard,0.690577768,0.741924335
14.810940981,9.157812401,6.357466937,1.124303439,0.119080512,3.200000000,0.000000000,3.200000000,standard,0.697531262,0.738833985
14.880475916,9.187562987,6.420321879,1.133408313,0.142784417,3.200000000,0.000000000,3.200000000,standard,0.704484755,0.745787479
14.950010850,9.216688078,6.483469302,1.144162894,0.166523235,3.200000000,0.000000000,3.200000000,standard,0.711438249,0.752740972
15.019545784,9.245079693,6.546949130,1.156568817,0.190274764,3.200000000,0.000000000,3.200000000,standard,0.718391742,0.750236775
15.089080718,9.272629861,6.610801270,1.170622484,0.213328947,3.200000000,0.000000000,3.200000000,standard,0.725345236,0.743283281
15.158615652,9.299233525,6.675059199,1.186140625,0.232949340,3.200000000,0.000000000,3.200000000,standard,0.732298729,0.736329788
15.228150586,9.324792894,6.739740351,1.203027704,0.252684043,3.200000000,0.000000000,3.200000000,standard,0.739252222,0.729376294
15.297685521,9.349211292,6.804859705,1.221289768,0.272486712,3.200000000,-0.637188653,3.200000000,standard,0.746205716,0.722422801
15.367220455,9.372392095,6.870432189,1.240917423,0.290600705,3.186124018,-2.931120345,3.186124018,standard,0.753159209,0.715469308
15.436755389,9.394247351,6.936463906,1.261551916,0.302758000,3.121498957,-2.747763074,3.121498957,standard,0.760112703,0.708515814
15.506290323,9.414707545,7.002942209,1.283039605,0.315116243,3.059677220,-2.570572754,3.059677220,standard,0.767066196,0.701562321
15.575825257,9.433705523,7.069852055,1.305392247,0.327627234,3.000689167,-1.917932421,3.000689167,standard,0.774019689,0.694608827
15.645360192,9.451174272,7.137178325,1.328594205,0.337628700,2.955910835,-0.608628921,2.955910835,standard,0.780973183,0.687655334
15.714895126,9.467060678,7.204898701,1.352193258,0.340931407,2.941558587,-0.639026552,2.941558587,standard,0.787926676,0.680701840
15.784430060,9.481336865,7.272977798,1.376030693,0.344469323,2.926413775,-0.664164030,2.926413775,standard,0.794880170,0.673748347
15.853964994,9.493977627,7.341378846,1.400121726,0.348225075,2.910589696,-0.173469862,2.910589696,standard,0.801833663,0.666794854
15.923499928,9.504958018,7.410065042,1.424446545,0.349219550,2.906442490,0.842797473,2.906442490,standard,0.808787157,0.659841360
15.993034862,9.514268891,7.478997495,1.448571001,0.344440441,2.926536465,0.830051889,2.926536465,standard,0.815740650,0.652887867
16.062569797,9.521925678,7.548134067,1.472370055,0.339859759,2.946192609,0.811007456,2.946192609,standard,0.822694143,0.645934373
16.132104731,9.527945936,7.617432337,1.495858033,0.335500340,2.965271925,1.218068951,2.965271925,standard,0.819312087,0.642222762
16.201639665,9.532347497,7.686849968,1.519020247,0.329158992,2.993699096,1.953774877,2.993699096,standard,0.812358593,0.646009085
16.271174599,9.535159606,7.756347923,1.541577847,0.319473404,3.038740774,2.046735796,3.038740774,standard,0.805405100,0.652962579
16.340709533,9.536426758,7.825891582,1.563466185,0.309920022,3.085220376,2.136227240,3.085220376,standard,0.798451607,0.659916072
16.410244468,9.536194507,7.895446633,1.584695876,0.300539863,3.132996906,2.400000000,3.132996906,standard,0.791498113,0.666869566
16.479779402,9.534508617,7.964978958,1.605258720,0.290032429,3.185818152,0.651202918,3.189243858,standard,0.784544620,0.673823059
16.549314336,9.531421037,8.034460287,1.625010661,0.277960910,3.200000000,0.000000000,3.200000000,standard,0.777591126,0.680776552
16.618849270,9.526990832,8.103869076,1.643925465,0.265966747,3.200000000,0.000000000,3.200000000,standard,0.770637633,0.687730046
16.688384204,9.521277459,8.173184151,1.662009904,0.254088551,3.200000000,0.000000000,3.200000000,standard,0.765259042,0.694683539
16.757919139,9.514340597,8.242384635,1.679250827,0.241116019,3.200000000,0.000000000,3.200000000,standard,0.762513175,0.701637033
16.827454073,9.506244904,8.311456401,1.695527055,0.226962191,3.200000000,0.000000000,3.200000000,standard,0.757502948,0.708590526
16.896989007,9.497059979,8.380392011,1.710820030,0.212844333,3.200000000,0.000000000,3.200000000,standard,0.750549455,0.715544020
16.966523941,9.486855630,8.449184311,1.725133337,0.198792148,3.200000000,0.000000000,3.200000000,standard,0.743595962,0.722497513
17.036058875,9.475701742,8.517826492,1.738461630,0.184298520,3.200000000,0.000000000,3.200000000,standard,0.736642468,0.729451006
17.105593809,9.463669511,8.586317817,1.750759950,0.169403204,3.200000000,0.000000000,3.200000000,standard,0.729688975,0.736404500
17.175128744,9.450831256,8.654662738,1.762022700,0.154518841,3.200000000,0.000000000,3.200000000,standard,0.722735481,0.743357993
17.244663678,9.437259333,8.722865873,1.772251290,0.139662513,3.200000000,0.000000000,3.200000000,standard,0.715781988,0.750311487
17.314198612,9.423025905,8.790932119,1.781457005,0.125270772,3.200000000,0.000000000,3.200000000,standard,0.712030187,0.757264980
17.383733546,9.408200403,8.858870243,1.789676867,0.111144966,3.200000000,0.000000000,3.200000000,standard,0.713898656,0.764218473
17.453268480,9.392850250,8.926691873,1.796914429,0.097019609,3.200000000,0.000000000,3.200000000,standard,0.719353829,0.771171967
17.522803415,9.377042818,8.994408701,1.803170011,0.082901749,3.200000000,0.000000000,3.200000000,standard,0.726307322,0.778125460
17.592338349,9.360843118,9.062032027,1.808597530,0.075353875,3.200000000,0.000000000,3.200000000,standard,0.732816091,0.785078954
17.661873283,9.344289236,9.129568674,1.813686076,0.071003330,3.200000000,0.000000000,3.200000000,standard,0.738290533,0.792032447
17.731408217,9.327402147,9.197022621,1.818472067,0.066652268,3.200000000,0.000000000,3.200000000,standard,0.743046881,0.798985941
17.800943151,9.310202552,9.264397803,1.822955533,0.062301802,3.200000000,0.000000000,3.200000000,standard,0.747409629,0.805939434
17.870478085,9.292706275,9.331696833,1.827435878,0.069773644,3.200000000,0.000000000,3.200000000,standard,0.751732892,0.812892927
17.940013020,9.274883465,9.398909983,1.832700836,0.081657604,3.200000000,0.000000000,3.200000000,standard,0.756648154,0.819846421
18.009547954,9.256679318,9.466020776,1.838792183,0.093541665,3.200000000,-2.788602128,3.200000000,standard,0.762938432,0.826799914
18.079082888,9.238038775,9.533012670,1.845709851,0.105420234,3.138819758,-4.000000000,3.200000000,standard,0.769891925,0.833753408
18.148617822,9.218899653,9.599866339,1.853872588,0.132662186,3.048919480,-4.000000000,3.200000000,standard,0.776845419,0.840706901
18.218152756,9.199144359,9.666540840,1.864192863,0.164157627,2.956286611,-4.000000000,3.200000000,standard,0.783798912,0.847660394
18.287687691,9.178629361,9.732985106,1.876703691,0.195657242,2.860655702,-4.000000000,3.200000000,standard,0.790752406,0.854613888
18.357222625,9.157210979,9.799148011,1.891404346,0.227097840,2.761715332,-4.000000000,3.200000000,standard,0.797705899,0.861567381
18.426757559,9.134730270,9.864968886,1.909191263,0.289297142,2.659096106,-4.000000000,3.193294230,standard,0.804659392,0.868520875
18.496292493,9.110929128,9.930325048,1.931688325,0.357607226,2.552354331,-4.000000000,2.872154943,standard,0.802861727,0.875474368
18.565827427,9.085509832,9.995069038,1.958939489,0.425905531,2.440949233,-4.000000000,2.631809003,standard,0.795908234,0.875711731
18.635362362,9.058174555,10.059053331,1.990934103,0.493522892,2.324210334,-4.000000000,2.444878924,standard,0.788954741,0.868758237
18.704897296,9.028619012,10.122103341,2.028471263,0.587705000,2.201289215,-4.000000000,2.240429669,standard,0.782001247,0.861804744
18.774432230,8.996503787,10.183897299,2.072872180,0.687742719,2.071085400,-3.968370851,2.071085400,standard,0.775047754,0.854851251
18.843967164,8.961477582,10.244063651,2.124290773,0.789294719,1.933265094,-3.025032792,1.933265094,standard,0.768094260,0.847897757
18.913502098,8.923189088,10.302230800,2.182770263,0.889405310,1.821214708,-1.163864609,1.821214708,standard,0.761140767,0.840944264
18.983037032,8.881347096,10.358015099,2.246417412,0.935034288,1.776221978,-1.195329937,1.776221978,standard,0.754187274,0.833990770
19.052571967,8.835931439,10.410978545,2.313433850,0.987041273,1.728794417,-1.213545016,1.728794417,standard,0.747233780,0.827037277
19.122106901,8.786998316,10.460667823,2.384308358,1.046113168,1.679274424,-1.100612664,1.679274424,standard,0.740280287,0.820083783
19.191641835,8.734603933,10.506629618,2.459432942,1.106152991,1.633064767,1.063589413,1.633064767,standard,0.733326793,0.813130290
19.261176769,8.678875422,10.548494400,2.534503953,1.048026704,1.677740675,1.078722231,1.677740675,standard,0.726373300,0.806176797
19.330711703,8.620200204,10.586200138,2.605728151,0.994997513,1.721868616,1.026149755,1.721868616,standard,0.719419806,0.799223303
19.400246638,8.559025396,10.619755320,2.673523565,0.949304549,1.762821047,1.047052140,1.762821047,standard,0.712466313,0.792269810
19.469781572,8.495798094,10.649168492,2.738375697,0.906812993,1.803649480,2.400000000,1.803649480,standard,0.705512820,0.785316316
19.539316506,8.430932953,10.674529157,2.798327328,0.814064541,1.893916347,2.400000000,1.903625829,standard,0.698559326,0.778362823
19.608851440,8.364747417,10.696169425,2.851757634,0.720516654,1.980072426,2.400000000,2.023433781,standard,0.691605833,0.771409330
19.678386374,8.297540798,10.714466659,2.898742549,0.628968496,2.062632904,2.400000000,2.165691348,standard,0.684652339,0.764455836
19.747921308,8.229612265,10.729798203,2.939468338,0.543201200,2.142013581,2.400000000,2.330400945,standard,0.677698846,0.757502343
19.817456243,8.161208104,10.742533116,2.974745091,0.470524522,2.218555807,2.400000000,2.503916701,standard,0.670745352,0.750548849
19.886991177,8.092442340,10.753019749,3.004925418,0.397150328,2.292543904,2.400000000,2.725420669,standard,0.663791859,0.743595356
19.956526111,8.023408666,10.761603269,3.030004022,0.323905849,2.364217679,2.400000000,3.017877537,standard,0.656838366,0.736641862
20.026061045,7.954200646,10.768628484,3.050075568,0.260753488,2.433781608,2.400000000,3.200000000,standard,0.649884872,0.729688369
20.095595979,7.884890045,10.774379126,3.067220085,0.232240008,2.501411721,2.400000000,3.200000000,standard,0.642931379,0.722734876
20.165130914,7.815502320,10.779009182,3.082376807,0.203652184,2.567260853,2.400000000,3.200000000,standard,0.638514572,0.715781382
20.234665848,7.746057010,10.782656051,3.095545083,0.175070567,2.631462706,2.400000000,3.200000000,standard,0.638159800,0.708827889
20.304200782,7.676573605,10.785456947,3.106757027,0.149674326,2.694135048,2.400000000,3.200000000,standard,0.638582059,0.701874395
20.373735716,7.607067124,10.787530910,3.116571147,0.132590990,2.755382249,2.400000000,3.200000000,standard,0.637803433,0.700099663
20.443270650,7.537544449,10.788963942,3.125197077,0.115503489,2.815297324,2.400000000,3.200000000,standard,0.636222725,0.702758554
20.512805584,7.468011600,10.789838543,3.132635141,0.098425282,2.873963588,2.400000000,3.200000000,standard,0.634490503,0.706722060
20.582340519,7.398474572,10.790236706,3.138952439,0.087138907,2.931456019,2.400000000,3.200000000,standard,0.633251731,0.708894029
20.651875453,7.328937791,10.790209273,-3.138158374,0.087573800,2.987842378,2.400000000,3.200000000,standard,0.632807726,0.708194650
20.721410387,7.259403224,10.789758399,-3.132053736,0.088007780,3.043184148,2.400000000,3.200000000,standard,0.632922689,0.706695560
20.790945321,7.189872626,10.788882002,-3.125918950,0.088440653,3.097537319,2.400000000,3.200000000,standard,0.633314094,0.706742565
20.860480255,7.120347804,10.787577196,-3.119663722,0.095596567,3.150953050,2.239844439,3.200000000,standard,0.633711431,0.710641143
20.930015190,7.050832668,10.785806989,-3.112395615,0.113445829,3.200000000,0.000000000,3.200000000,standard,0.634351634,0.717594637
20.999550124,6.981333972,10.783488462,-3.103886018,0.131302731,3.200000000,0.000000000,3.200000000,standard,0.636155120,0.724548130
21.069085058,6.911858667,10.780535455,-3.094134703,0.149153273,3.200000000,0.000000000,3.200000000,standard,0.640090512,0.731501624
21.138619992,6.842413961,10.776861161,-3.083077951,0.171164445,3.200000000,-0.053065193,3.200000000,standard,0.647044005,0.738455117
21.208154926,6.773014959,10.772358969,-3.070223975,0.198506212,3.198846703,-4.000000000,3.200000000,standard,0.653997499,0.745408610
21.277689861,6.703685944,10.766899249,-3.055466331,0.225910594,3.110681718,-4.000000000,3.200000000,standard,0.660950992,0.752362104
21.347224795,6.634451711,10.760351075,-3.038802291,0.253320870,3.019943920,-4.000000000,3.200000000,standard,0.667904486,0.759315597
21.416759729,6.565337730,10.752583029,-3.020183054,0.283528190,2.926393994,-4.000000000,3.200000000,standard,0.673451693,0.766269091
21.486294663,6.496384979,10.743452234,-2.999306502,0.316791102,2.829753052,-4.000000000,3.051578319,standard,0.670512983,0.773222584
21.555829597,6.427649995,10.732804328,-2.976109605,0.350218885,2.729692815,-4.000000000,2.902292821,standard,0.667795637,0.780176078
21.625364531,6.359189992,10.720484445,-2.950584986,0.383628711,2.625822422,-4.000000000,2.773035673,standard,0.669895171,0.787129571
21.694899466,6.291065182,10.706334006,-2.922404307,0.434010918,2.517670334,-4.000000000,2.607117956,standard,0.676848664,0.794083064
21.764434400,6.223389365,10.690127934,-2.889947654,0.498917248,2.404658903,-4.000000000,2.431625835,standard,0.683802158,0.801036558
21.833969334,6.156322619,10.671583737,-2.852949998,0.564473928,2.286067577,-3.894509141,2.286067577,standard,0.690755651,0.807990051
21.903504268,6.090026543,10.650417034,-2.811387040,0.629736890,2.164369676,-3.273323173,2.164369676,standard,0.697709145,0.814943545
21.973039202,6.024670354,10.626345293,-2.765214669,0.697519000,2.056520234,-2.904405376,2.056520234,standard,0.704662638,0.821897038
22.042574137,5.960530578,10.599111986,-2.714062998,0.771169210,1.955852805,-2.499020507,1.955852805,standard,0.711616131,0.828850532
22.112109071,5.897963060,10.568479805,-2.657663448,0.848232089,1.864891885,-2.111547364,1.864891885,standard,0.718569625,0.835804025
22.181644005,5.837325504,10.534211894,-2.595847531,0.926458325,1.784424033,-0.796617910,1.784424033,standard,0.725523118,0.842757518
22.251178939,5.778975312,10.496091319,-2.529620724,0.959854155,1.753106837,-0.425838237,1.753106837,standard,0.732476612,0.849711012
22.320713873,5.723266578,10.454122330,-2.462043172,0.978713053,1.736134302,-0.552327919,1.736134302,standard,0.739430105,0.856664505
22.390248807,5.670551326,10.408447078,-2.392907789,1.004306554,1.713869932,-0.639021035,1.713869932,standard,0.746383598,0.863617999
22.459783742,5.621181551,10.359209809,-2.321804276,1.035639489,1.687744522,0.560048096,1.687744522,standard,0.753337092,0.870571492
22.529318676,5.575486232,10.306571749,-2.250021938,1.008075751,1.710662850,0.992222295,1.710662850,standard,0.760290585,0.877524985
22.598853610,5.533592431,10.250843097,-2.181334146,0.962682004,1.750530094,0.959091464,1.750530094,standard,0.767244079,0.884478479
22.668388544,5.495522557,10.192411271,-2.115620563,0.922527592,1.788221556,0.867360795,1.788221556,standard,0.774197572,0.881334282
22.737923478,5.461298129,10.131664338,-2.052497963,0.888993335,1.821636650,1.915915588,1.821636650,standard,0.781151066,0.874380789
22.807458413,5.430914270,10.068981942,-1.992620408,0.822917564,1.893358449,2.400000000,1.893358449,standard,0.788104559,0.867427295
22.876993347,5.404180174,10.004684371,-1.937926527,0.747875599,1.979538810,2.400000000,1.986078117,standard,0.795058052,0.861705117
22.946528281,5.380825163,9.939066417,-1.888404653,0.674407578,2.062120652,2.400000000,2.091461080,standard,0.802011546,0.857405364
23.016063215,5.360578249,9.872422773,-1.843900189,0.603991613,2.141520317,2.400000000,2.210016692,standard,0.808965039,0.852260443
23.085598149,5.343171199,9.805028562,-1.803854794,0.547947364,2.218079563,2.400000000,2.320286361,standard,0.815918533,0.845306950
23.155133084,5.328351734,9.737045533,-1.767634386,0.493096726,2.292083035,2.400000000,2.445935208,standard,0.822872026,0.838353456
23.224668018,5.315873301,9.668594702,-1.735227169,0.438476976,2.363770784,2.400000000,2.593806720,standard,0.829825520,0.831399963
23.294202952,5.305489359,9.599797032,-1.706597890,0.384596975,2.433347489,2.400000000,2.769542769,standard,0.828564774,0.824446470
23.363737886,5.296960762,9.530763059,-1.681302586,0.343423617,2.500989342,2.400000000,2.930865774,standard,0.830440978,0.817492976
23.433272820,5.290084199,9.461552824,-1.658824659,0.302931809,2.566849308,2.400000000,3.120603341,standard,0.834887541,0.810539483
23.502807754,5.284667186,9.392211105,-1.639160933,0.262517476,2.631061203,2.400000000,3.200000000,standard,0.839920154,0.803585989
23.572342689,5.280517243,9.322782676,-1.622301703,0.222308558,2.693742887,2.400000000,3.200000000,standard,0.843554621,0.798562232
23.641877623,5.277450872,9.253306759,-1.607834761,0.193801729,2.754998807,2.400000000,3.200000000,standard,0.844331240,0.799299870
23.711412557,5.275321210,9.183799917,-1.595348067,0.165318150,2.814922043,2.400000000,3.200000000,standard,0.842929560,0.794307897
23.780947491,5.273990734,9.114272937,-1.584842219,0.136838093,2.873595969,2.400000000,3.200000000,standard,0.840574460,0.787354403
23.850482425,5.273321923,9.044736610,-1.576314917,0.108967913,2.931095610,2.400000000,3.200000000,standard,0.838490787,0.780400910
23.920017360,5.273188086,8.975199796,-1.569321914,0.092159848,2.987488772,2.400000000,3.200000000,standard,0.837576755,0.773447417
23.989552294,5.273499865,8.905664716,-1.563498148,0.075343490,3.042836973,2.400000000,3.200000000,standard,0.837604906,0.766493923
24.059087228,5.274175939,8.836132165,-1.558843767,0.058526707,3.097196237,2.400000000,3.200000000,standard,0.838105463,0.759540430
24.128622162,5.275134993,8.766602933,-1.555355164,0.042664618,3.150617751,2.255037651,3.200000000,standard,0.838608874,0.752586936
24.198157096,5.276305489,8.697077490,-1.552660261,0.034846964,3.200000000,0.000000000,3.200000000,standard,0.838898021,0.746808390
24.267692030,5.277644442,8.627555360,-1.550508999,0.027028590,3.200000000,0.000000000,3.200000000,standard,0.839493222,0.745602318
24.337226965,5.279114055,8.558035896,-1.548901397,0.019210077,3.200000000,0.000000000,3.200000000,standard,0.841048735,0.746942036
24.406761899,5.280676543,8.488518451,-1.547833437,0.012105470,3.200000000,0.000000000,3.200000000,standard,0.844216495,0.748802129
24.476296833,5.282299640,8.419002444,-1.547110103,0.008699424,3.200000000,0.000000000,3.200000000,standard,0.848797763,0.749621145
24.545831767,5.283964787,8.349487451,-1.546623609,0.005293357,3.200000000,0.000000000,3.200000000,standard,0.845010728,0.748990907
24.615366701,5.285655521,8.279973074,-1.546373956,0.001887288,3.200000000,0.000000000,3.200000000,standard,0.838057235,0.746679400
24.684901636,5.287355396,8.210458917,-1.546357579,-0.001047796,3.200000000,0.000000000,3.200000000,standard,0.831103741,0.742459248
24.754436570,5.289051040,8.140944655,-1.546473650,-0.002290712,3.200000000,0.000000000,3.200000000,standard,0.824150248,0.736896422
24.823971504,5.290735611,8.071430128,-1.546676148,-0.003533628,3.200000000,0.000000000,3.200000000,standard,0.817196754,0.732241432
24.893506438,5.292403102,8.001915190,-1.546965072,-0.004776545,3.200000000,0.000000000,3.200000000,standard,0.810243261,0.730960032
24.963041372,5.294047516,7.932399701,-1.547338585,-0.005826490,3.200000000,0.000000000,3.200000000,standard,0.809623322,0.735496692
25.032576307,5.295663984,7.862883550,-1.547762429,-0.006364320,3.200000000,0.000000000,3.200000000,standard,0.816576815,0.742450186
25.102111241,5.297249688,7.793366688,-1.548223671,-0.006902152,3.200000000,0.000000000,3.200000000,standard,0.823530309,0.749403679
25.171646175,5.298802027,7.723849074,-1.548722310,-0.007439987,3.200000000,0.000000000,3.200000000,standard,0.830483802,0.756357173
25.241181109,5.300318415,7.654330665,-1.549256665,-0.007830940,3.200000000,0.000000000,3.200000000,standard,0.837437296,0.763310666
25.310716043,5.301797057,7.584811439,-1.549804397,-0.007923191,3.200000000,0.000000000,3.200000000,standard,0.844390789,0.770264159
25.380250977,5.303237398,7.515291410,-1.550358543,-0.008015445,3.200000000,0.000000000,3.200000000,standard,0.851344282,0.777217653
25.449785912,5.304638991,7.445770590,-1.550919104,-0.008107703,3.200000000,0.000000000,3.200000000,standard,0.858297776,0.775955491
25.519320846,5.306001441,7.376248997,-1.551480457,-0.007780527,3.200000000,0.000000000,3.200000000,standard,0.865251269,0.772349233
25.588855780,5.307326481,7.306726682,-1.551986864,-0.006784999,3.200000000,0.000000000,3.200000000,standard,0.868790096,0.770321853
25.658390714,5.308618720,7.237203747,-1.552424046,-0.005789472,3.200000000,0.000000000,3.200000000,standard,0.870542703,0.769366716
25.727925648,5.309882972,7.167680297,-1.552792005,-0.004793949,3.200000000,0.000000000,3.200000000,standard,0.872611569,0.768863597
25.797460583,5.311124157,7.098156439,-1.553080045,-0.003101748,3.200000000,0.000000000,3.200000000,standard,0.874117150,0.768203497
25.866995517,5.312350569,7.028632326,-1.553206256,-0.000528386,3.200000000,0.000000000,3.200000000,standard,0.874913694,0.767123332
25.936530451,5.313574427,6.959108168,-1.553153528,0.002044976,3.200000000,0.000000000,3.200000000,standard,0.875710264,0.765762975
26.006065385,5.314808171,6.889584176,-1.552921861,0.004618336,3.200000000,0.000000000,3.200000000,standard,0.877264129,0.764285022
26.075600319,5.316064302,6.820060565,-1.552505984,0.007496540,3.200000000,0.000000000,3.200000000,standard,0.880273396,0.762848115
26.145135253,5.317356737,6.750537610,-1.551873938,0.010682680,3.200000000,0.000000000,3.200000000,standard,0.884059268,0.761518835
26.214670188,5.318700814,6.681015644,-1.551020344,0.013868831,3.200000000,0.000000000,3.200000000,standard,0.881000314,0.760271096
26.284205122,5.320111936,6.611495005,-1.549945201,0.017054967,3.200000000,0.000000000,3.200000000,standard,0.874046821,0.759074737
26.353740056,5.321605345,6.541976032,-1.548660870,0.019598786,3.200000000,0.000000000,3.200000000,standard,0.867093327,0.757899263
26.423274990,5.323193410,6.472459112,-1.547227640,0.021624470,3.200000000,0.000000000,3.200000000,standard,0.860139834,0.756708146
26.492809924,5.324886004,6.402944669,-1.545653550,0.023650251,3.200000000,0.000000000,3.200000000,standard,0.853186340,0.755459609
26.562344859,5.326692912,6.333433129,-1.543938596,0.025676088,3.200000000,0.000000000,3.200000000,standard,0.846232847,0.754111701
26.631879793,5.328623312,6.263924903,-1.542126029,0.025660451,3.200000000,0.000000000,3.200000000,standard,0.841311758,0.752613076
26.701414727,5.330677573,6.194420194,-1.540387762,0.024336411,3.200000000,0.000000000,3.200000000,standard,0.841542082,0.750776921
26.770949661,5.332849450,6.124919043,-1.538741558,0.023012489,3.200000000,0.000000000,3.200000000,standard,0.844530085,0.748314689
26.840484595,5.335132536,6.055421488,-1.537187408,0.021688710,3.200000000,0.000000000,3.200000000,standard,0.847824469,0.744935362
26.910019529,5.337519250,5.985927513,-1.535801770,0.017059609,3.200000000,0.000000000,3.200000000,standard,0.849219399,0.740445422
26.979554464,5.339988246,5.916436453,-1.534834274,0.010768002,3.200000000,0.000000000,3.200000000,standard,0.849376096,0.735790187
27.049089398,5.342509275,5.846947222,-1.534304266,0.004476389,3.200000000,0.000000000,3.200000000,standard,0.850811938,0.732652265
27.118624332,5.345051935,5.777458729,-1.534211743,-0.001815199,3.200000000,0.000000000,3.200000000,standard,0.856075530,0.732726671
27.188159266,5.347585336,5.707969870,-1.534586044,-0.009276658,3.200000000,0.000000000,3.200000000,standard,0.863029023,0.737502364
27.257694200,5.350073882,5.638479420,-1.535506228,-0.017190146,3.200000000,0.000000000,3.200000000,standard,0.863351760,0.744455858
27.327229135,5.352479362,5.568986087,-1.536976677,-0.025103628,3.200000000,0.000000000,3.200000000,standard,0.856398267,0.751409351
27.396764069,5.354763535,5.499488581,-1.538997384,-0.033016815,3.200000000,0.000000000,3.200000000,standard,0.849444773,0.758362845
27.466299003,5.356886213,5.429985649,-1.541676309,-0.044925447,3.200000000,0.000000000,3.200000000,standard,0.842491280,0.765316338
27.535833937,5.358791715,5.360476354,-1.545254098,-0.057980158,3.200000000,0.000000000,3.200000000,standard,0.835537787,0.772269831
27.605368871,5.360416964,5.290959909,-1.549739661,-0.071034630,3.200000000,0.000000000,3.200000000,standard,0.828584293,0.779223325
27.674903806,5.361698837,5.221435529,-1.555132930,-0.084085243,3.200000000,0.000000000,3.200000000,standard,0.821630800,0.786176818
27.744438740,5.362571203,5.151902972,-1.561589026,-0.102495936,3.200000000,-1.727505909,3.200000000,standard,0.814677306,0.793130312
27.813973674,5.362947934,5.082365622,-1.569394350,-0.121995695,3.162239077,-4.000000000,3.200000000,standard,0.807723813,0.800083805
27.883508608,5.362734748,5.012828339,-1.578555960,-0.141504595,3.073024001,-4.000000000,3.200000000,standard,0.800770319,0.807037299
27.953043542,5.361837335,4.943295987,-1.589074098,-0.161004528,2.981140224,-4.000000000,3.200000000,standard,0.793816826,0.813990792
28.022578476,5.360155622,4.873775101,-1.601229763,-0.189605754,2.886332892,-4.000000000,3.200000000,standard,0.786863333,0.820944285
28.092113411,5.357557338,4.804281533,-1.615451016,-0.219393653,2.788303801,-4.000000000,3.200000000,standard,0.779909839,0.826122101
28.161648345,5.353899035,4.734834372,-1.631744642,-0.249182611,2.686700321,-4.000000000,3.200000000,standard,0.772956346,0.819168608
28.231183279,5.349037254,4.665452709,-1.650109514,-0.278873976,2.581100374,-4.000000000,3.200000000,standard,0.766002852,0.812215115
28.300718213,5.342788144,4.596167549,-1.672425019,-0.365863544,2.470991637,-4.000000000,2.839562548,standard,0.759049359,0.805261621
28.370253147,5.334777807,4.527065944,-1.701032186,-0.456622745,2.355741963,-4.000000000,2.541746521,standard,0.752095866,0.798308128
28.439788082,5.324576504,4.458251415,-1.735953826,-0.547161849,2.234556045,-4.000000000,2.321951284,standard,0.745142372,0.791354634
28.509323016,5.311754486,4.389827486,-1.777154472,-0.636075700,2.106409563,-4.000000000,2.153558163,standard,0.738188879,0.788612258
28.578857950,5.295867063,4.321954090,-1.825731513,-0.758636250,1.969944612,-4.000000000,1.971942342,standard,0.731235385,0.795565752
28.648392884,5.276410548,4.255013883,-1.883081025,-0.887377559,1.823294354,-3.091940444,1.823294354,standard,0.724281892,0.802519245
28.717927818,5.252866693,4.189444483,-1.949504031,-1.019207201,1.701295551,-2.226403620,1.701295551,standard,0.719951318,0.802590509
28.787462752,5.224717287,4.125683520,-2.025066492,-1.141295963,1.607725379,-0.666891719,1.607725379,standard,0.718558239,0.795637015
28.856997687,5.191566610,4.064211977,-2.106180121,-1.183770854,1.578618494,-0.845721331,1.578618494,standard,0.719581075,0.788683522
28.926532621,5.153416670,4.005651603,-2.190903001,-1.242407628,1.540915960,-0.930388742,1.540915960,standard,0.722229308,0.781730028
28.996067555,5.110350057,3.950652667,-2.280157333,-1.314011890,1.498343404,-0.687920885,1.498343404,standard,0.725657929,0.774776535
29.065602489,5.062449638,3.899865199,-2.374570983,-1.372499098,1.466070902,0.690884548,1.466070902,standard,0.729022036,0.767823042
29.135137423,5.009932910,3.853824043,-2.468351030,-1.313770702,1.498480935,0.591378943,1.498480935,standard,0.731528790,0.760869548
29.204672358,4.953368076,3.812763981,-2.558505114,-1.267351925,1.525676278,0.421098896,1.525676278,standard,0.732520975,0.753916055
29.274207292,4.893379724,3.776871552,-2.645945854,-1.236249203,1.544749259,0.503654435,1.544749259,standard,0.731363180,0.746962561
29.343742226,4.830592150,3.746332249,-2.731535627,-1.200996577,1.567256657,1.715027761,1.567256657,standard,0.727177215,0.740009068
29.413277160,4.765582305,3.721161519,-2.811594610,-1.094700047,1.641585244,2.071614014,1.641585244,standard,0.720223721,0.733055575
29.482812094,4.698827847,3.701018181,-2.884232552,-0.988970067,1.727107756,2.400000000,1.727107756,standard,0.713270228,0.726102081
29.552347029,4.630793927,3.685516143,-2.949727118,-0.889253947,1.821172394,1.967498111,1.821369699,standard,0.706652855,0.719148588
29.621881963,4.561944500,3.674270770,-3.008786886,-0.821660968,1.894805687,0.250145831,1.894805687,standard,0.702859427,0.712195094
29.691416897,4.492643650,3.667018689,-3.065773064,-0.813775966,1.903963324,0.252011122,1.903963324,standard,0.702602633,0.705241601
29.760951831,4.423082077,3.663707067,-3.122179443,-0.805983734,1.913144922,0.244380932,1.913144922,standard,0.704560580,0.698288107
29.830486765,4.353433152,3.664304105,3.105121787,-0.798568637,1.922006638,-0.709914478,1.922006638,standard,0.707208106,0.691334614
29.900021699,4.283871679,3.668780789,3.049338335,-0.820497004,1.896149204,-2.278298807,1.896149204,standard,0.709040628,0.684381121
29.969556634,4.214646463,3.677252434,2.989379690,-0.899791012,1.810673655,-2.028148853,1.810673655,standard,0.709620541,0.677427627
30.039091568,4.146114783,3.690045908,2.923709840,-0.984486925,1.731035728,-1.745469650,1.731035728,standard,0.710074120,0.670474134
30.108626502,4.078642554,3.707504923,2.852056422,-1.071269390,1.659440405,-1.102481134,1.659440405,standard,0.711652180,0.663520640
30.178161436,4.012598612,3.729968713,2.774659919,-1.134431890,1.612581952,-0.689879507,1.612581952,standard,0.715565000,0.656567147
30.247696370,3.948452067,3.757622621,2.693958006,-1.177889645,1.582554612,-0.821680503,1.582554612,standard,0.721630270,0.649613654
30.317231305,3.886795139,3.790463068,2.609748654,-1.234202161,1.546029786,-0.871150296,1.546029786,standard,0.727956042,0.642660160
30.386766239,3.828227589,3.828474892,2.521289036,-1.300099361,1.506339053,-0.122418659,1.506339053,standard,0.732545586,0.635706667
30.456301173,3.773342987,3.871632072,2.429086714,-1.309927753,1.500677379,0.549731033,1.500677379,standard,0.733498906,0.628753173
30.525836107,3.722589527,3.919653617,2.339105689,-1.266918941,1.525936964,0.396594536,1.525936964,standard,0.731186744,0.621799680
30.595371041,3.676268378,3.972000674,2.251631939,-1.237604049,1.543903484,0.193603571,1.543903484,standard,0.728276344,0.614846186
30.664905975,3.634674184,4.028122949,2.165728853,-1.223780813,1.552598593,1.213823659,1.552598593,standard,0.727536840,0.607892693
30.734440910,3.598077192,4.087470046,2.082000886,-1.143690707,1.606041310,2.400000000,1.606041310,standard,0.731553708,0.600939200
30.803975844,3.566338464,4.149489821,2.007256904,-1.001309036,1.706791250,2.400000000,1.716433335,standard,0.738507201,0.593985706
30.873510778,3.538979875,4.213628690,1.942330602,-0.861577641,1.801916773,2.400000000,1.850392238,standard,0.745460695,0.587032213
30.943045712,3.515513054,4.279333023,1.886874285,-0.729380710,1.892266297,2.400000000,2.011100951,standard,0.752414188,0.580078719
31.012580646,3.495452438,4.346066836,1.839899876,-0.627198033,1.978494231,2.400000000,2.168745865,standard,0.759367681,0.573125226
31.082115581,3.478348571,4.413521054,1.799406796,-0.536176652,2.061117927,2.400000000,2.345616774,standard,0.754239941,0.566171732
31.151650515,3.463777043,4.481544021,1.765303681,-0.444200736,2.140554786,2.400000000,2.577041256,standard,0.747286448,0.559218239
31.221185449,3.451313952,4.549987252,1.737592500,-0.352543862,2.217147374,2.400000000,2.892706884,standard,0.740332954,0.552264746
31.290720383,3.440550457,4.618708466,1.715259209,-0.301765998,2.291180953,2.400000000,3.126625432,standard,0.733379461,0.545311252
31.360255317,3.431234308,4.687629881,1.695433431,-0.268344605,2.362896071,2.400000000,3.200000000,standard,0.726425967,0.538357759
31.429790252,3.423206128,4.756711975,1.677932974,-0.234929850,2.432497797,2.400000000,3.200000000,standard,0.719472474,0.531404265
31.499325186,3.416307761,4.825915727,1.662753344,-0.201618253,2.500162638,2.400000000,3.200000000,standard,0.712518980,0.528519531
31.568860120,3.410382184,4.895203871,1.649814428,-0.171179518,2.566043822,2.400000000,3.200000000,standard,0.705565487,0.530268101
31.638395054,3.405282079,4.964554189,1.638939076,-0.141605955,2.630275381,2.400000000,3.200000000,standard,0.698611994,0.535921808
31.707929988,3.400865057,5.033952103,1.630120411,-0.112030049,2.692975355,2.400000000,3.200000000,standard,0.691658500,0.542875302
31.777464922,3.396988769,5.103383096,1.623357740,-0.082473009,2.754248345,2.400000000,3.200000000,standard,0.684705007,0.549828795
31.846999857,3.393518101,5.172833696,1.618262770,-0.066659929,2.814187562,2.400000000,3.200000000,standard,0.680144810,0.556782289
31.916534791,3.390369563,5.242297871,1.614066262,-0.054040432,2.872876489,2.400000000,3.200000000,standard,0.679488841,0.563735782
31.986069725,3.387482096,5.311772826,1.610747390,-0.041418460,2.930390247,2.400000000,3.200000000,standard,0.683266274,0.570689275
32.055604659,3.384794732,5.381255776,1.608306208,-0.028796160,2.986796726,2.400000000,3.200000000,standard,0.690219767,0.577642769
32.125139593,3.382251538,5.450744170,1.606491908,-0.024493946,3.042157519,2.400000000,3.200000000,standard,0.697173261,0.584596262
32.194674528,3.379826715,5.520236847,1.604893939,-0.021467655,3.096528711,2.400000000,3.200000000,standard,0.704126754,0.591549756
32.264209462,3.377505627,5.589733159,1.603506399,-0.018441422,3.149961546,2.284767114,3.200000000,standard,0.711080248,0.588611363
32.333744396,3.375273656,5.659232460,1.602329285,-0.015415288,3.200000000,0.000000000,3.200000000,standard,0.718033741,0.588288554
32.403279330,3.373120376,5.728734236,1.601166544,-0.018498482,3.200000000,0.000000000,3.200000000,standard,0.724987234,0.595041033
32.472814264,3.371056501,5.798238652,1.599755331,-0.022091508,3.200000000,0.000000000,3.200000000,standard,0.731940728,0.601994527
32.542349198,3.369099398,5.867746087,1.598094277,-0.025684551,3.200000000,0.000000000,3.200000000,standard,0.738894221,0.608948020
32.611884133,3.367266437,5.937256917,1.596183383,-0.029277483,3.200000000,0.000000000,3.200000000,standard,0.745847715,0.615901514
32.681419067,3.365573755,6.006771429,1.594076983,-0.031274161,3.200000000,0.000000000,3.200000000,standard,0.752801208,0.622855007
32.750954001,3.364032246,6.076289519,1.591834093,-0.033236825,3.200000000,0.000000000,3.200000000,standard,0.759754701,0.629808500
32.820488935,3.362651406,6.145810981,1.589454719,-0.035199733,3.200000000,0.000000000,3.200000000,standard,0.765988668,0.626943509
32.890023869,3.361440733,6.215335606,1.586938964,-0.037068374,3.200000000,0.000000000,3.200000000,standard,0.768679798,0.623455546
32.959558804,3.360407307,6.284863129,1.584387176,-0.036327238,3.200000000,0.000000000,3.200000000,standard,0.766115135,0.621879762
33.029093738,3.359549513,6.354393069,1.581886911,-0.035586409,3.200000000,0.000000000,3.200000000,standard,0.759161641,0.621905476
33.098628672,3.358863774,6.423924899,1.579438149,-0.034845924,3.200000000,0.000000000,3.200000000,standard,0.752208148,0.622744321
33.168163606,3.358346512,6.493458090,1.577042186,-0.033688325,3.200000000,0.000000000,3.200000000,standard,0.745254655,0.623608063
33.237698540,3.357989353,6.562992172,1.574885116,-0.028354336,3.200000000,0.000000000,3.200000000,standard,0.738301161,0.623935694
33.307233474,3.357769289,6.632526848,1.573098949,-0.023020272,3.200000000,0.000000000,3.200000000,standard,0.731347668,0.623859684
33.376768409,3.357660531,6.702061856,1.571683681,-0.017686318,3.200000000,0.000000000,3.200000000,standard,0.724394174,0.623644330
33.446303343,3.357637286,6.771596931,1.570639854,-0.012245100,3.200000000,0.000000000,3.200000000,standard,0.717440681,0.623553646
33.515838277,3.357672882,6.841131894,1.569999267,-0.006179768,3.200000000,0.000000000,3.200000000,standard,0.713157636,0.623718751
33.585373211,3.357738357,6.910666778,1.569780435,-0.000114388,3.200000000,0.000000000,3.200000000,standard,0.713361575,0.623926002
33.654908145,3.357804386,6.980201653,1.569983359,0.005950996,3.200000000,0.000000000,3.200000000,standard,0.716029200,0.623906577
33.724443080,3.357841664,7.049736586,1.570603128,0.011319830,3.200000000,0.000000000,3.200000000,standard,0.719140370,0.623392479
33.793978014,3.357825612,7.119271590,1.571481715,0.013950548,3.200000000,0.000000000,3.200000000,standard,0.721321467,0.622283770
33.863512948,3.357742107,7.188806549,1.572543232,0.016581322,3.200000000,0.000000000,3.200000000,standard,0.722630111,0.620852559
33.933047882,3.357578430,7.258341332,1.573787681,0.019212140,3.200000000,0.000000000,3.200000000,standard,0.723315849,0.619420849
34.002582816,3.357321926,7.327875807,1.575204178,0.020632959,3.200000000,0.000000000,3.200000000,standard,0.723627643,0.618309593
34.072117751,3.356967195,7.397409867,1.576567770,0.018587371,3.200000000,0.000000000,3.200000000,standard,0.723749514,0.617723203
34.141652685,3.356522593,7.466943449,1.577789124,0.016541817,3.200000000,0.000000000,3.200000000,standard,0.723742344,0.617645121
34.211187619,3.355998011,7.536476492,1.578868243,0.014496322,3.200000000,0.000000000,3.200000000,standard,0.723653277,0.618034133
34.280722553,3.355403386,7.606008940,1.579798834,0.011875504,3.200000000,0.000000000,3.200000000,standard,0.723529476,0.618845882
34.350257487,3.354751819,7.675540825,1.580489914,0.008001705,3.200000000,0.000000000,3.200000000,standard,0.723419434,0.619819480
34.419792421,3.354061564,7.745072328,1.580911630,0.004127890,3.200000000,0.000000000,3.200000000,standard,0.723373819,0.620341247
34.489327356,3.353351352,7.814603641,1.581063979,0.000254074,3.200000000,0.000000000,3.200000000,standard,0.723443496,0.619765055
34.558862290,3.352639802,7.884134956,1.580959722,-0.002629716,3.200000000,0.000000000,3.200000000,standard,0.723680922,0.617468394
34.628397224,3.351940429,7.953666402,1.580735046,-0.003832522,3.200000000,0.000000000,3.200000000,standard,0.724212664,0.613928615
34.697932158,3.351259586,8.023198020,1.580426733,-0.005035334,3.200000000,0.000000000,3.200000000,standard,0.725269310,0.611166847
34.767467092,3.350603089,8.092729841,1.580034783,-0.006238153,3.200000000,0.000000000,3.200000000,standard,0.727089238,0.611319832
34.837002027,3.349976300,8.162261898,1.579605004,-0.004352421,3.200000000,0.000000000,3.200000000,standard,0.729882089,0.616470354
34.906536961,3.349369454,8.231794114,1.579512250,0.001684578,3.200000000,0.000000000,3.200000000,standard,0.728405803,0.623423848
34.976071895,3.348754464,8.301326293,1.579839278,0.007721557,3.200000000,0.000000000,3.200000000,standard,0.721452310,0.630377341
35.045606829,3.348102140,8.370858225,1.580586085,0.013758459,3.200000000,0.000000000,3.200000000,standard,0.714498817,0.637330835
35.115141763,3.347382503,8.440389683,1.581823293,0.024004873,3.200000000,0.000000000,3.200000000,standard,0.707545323,0.644284328
35.184676697,3.346545832,8.509919885,1.584005671,0.038765629,3.200000000,0.000000000,3.200000000,standard,0.700591830,0.651237821
35.254211632,3.345521742,8.579447469,1.587214449,0.053526529,3.200000000,0.000000000,3.200000000,standard,0.693638336,0.658191315
35.323746566,3.344238875,8.648971049,1.591449597,0.068285399,3.200000000,0.000000000,3.200000000,standard,0.686684843,0.665144808
35.393281500,3.342624766,8.718489066,1.596799742,0.087782663,3.200000000,0.000000000,3.200000000,standard,0.682001289,0.672098302
35.462816434,3.340585617,8.787996678,1.603723413,0.111353792,3.200000000,0.000000000,3.200000000,standard,0.683890708,0.679051795
35.532351368,3.338008327,8.857486071,1.612286430,0.134931315,3.200000000,-2.219719531,3.200000000,standard,0.689596731,0.686005288
35.601886303,3.334779106,8.926949324,1.622488828,0.158495067,3.151397134,-4.000000000,3.200000000,standard,0.696254167,0.692958782
35.671421237,3.330781907,8.996377688,1.634496262,0.190098560,3.061866166,-4.000000000,3.200000000,standard,0.701196108,0.699912275
35.740956171,3.325866252,9.065749736,1.649009602,0.227287626,2.969637175,-4.000000000,3.200000000,standard,0.704786043,0.706865769
35.810491105,3.319854781,9.135034146,1.666111572,0.264535023,2.874450465,-4.000000000,3.200000000,standard,0.709753197,0.713819262
35.880026039,3.312569421,9.204199334,1.685803694,0.301720837,2.776001802,-4.000000000,3.126859417,standard,0.716706690,0.720772756
35.949560974,3.303827672,9.273210476,1.708399972,0.352879029,2.673930913,-4.000000000,2.891332801,standard,0.723660184,0.727726249
36.019095908,3.293392564,9.341992887,1.735006581,0.412075465,2.567805883,-4.000000000,2.675608884,standard,0.730613677,0.734679742
36.088630842,3.280990526,9.410445099,1.765743575,0.471568468,2.457101459,-4.000000000,2.501143612,standard,0.737567171,0.741633236
36.158165776,3.266347306,9.478465144,1.800619200,0.530736847,2.341168108,-4.000000000,2.357606868,standard,0.744520664,0.748586729
36.227700710,3.249187293,9.545941052,1.839845504,0.599010479,2.219186481,-3.929302031,2.219186481,standard,0.751474157,0.755540223
36.297235644,3.229221299,9.612660932,1.884154267,0.673771165,2.092448595,-3.219034338,2.092448595,standard,0.758427651,0.762493716
36.366770579,3.206152331,9.678355451,1.933736424,0.750508100,1.982591848,-2.625720749,1.982591848,standard,0.765381144,0.769447210
36.436305513,3.179683302,9.742754588,1.988681069,0.827370703,1.888256285,-1.177522734,1.888256285,standard,0.772334638,0.776400703
36.505840447,3.149540129,9.805581641,2.048000898,0.867199720,1.844384414,-0.940414467,1.844384414,standard,0.779288131,0.783354196
36.575375381,3.115635308,9.866505706,2.109649287,0.901872993,1.808582470,-0.997318108,1.808582470,standard,0.786241624,0.790307690
36.644910315,3.077971917,9.925169567,2.173898012,0.941807877,1.769823057,-1.001101992,1.769823057,standard,0.793195118,0.797261183
36.714445250,3.036553634,9.981215833,2.241053825,0.985616504,1.730043505,0.443946821,1.730043505,standard,0.800148611,0.804214677
36.783980184,2.991414596,10.034309500,2.309416499,0.965696448,1.747795799,0.677707596,1.747795799,standard,0.807102105,0.798661717
36.853515118,2.942788701,10.084262385,2.375715562,0.936793774,1.774553144,0.592797172,1.774553144,standard,0.814055598,0.791708223
36.923050052,2.890990344,10.130945471,2.440185145,0.912894659,1.797631521,0.469924552,1.797631521,standard,0.821009092,0.784754730
36.992584986,2.836334140,10.174229900,2.503175948,0.894798555,1.815717883,1.177528687,1.815717883,standard,0.827962585,0.777801236
37.062119920,2.779131909,10.214011769,2.564147385,0.852455748,1.860266161,1.365192271,1.860266161,standard,0.834916078,0.770847743
37.131654855,2.719680561,10.250320256,2.621984782,0.808120144,1.910614378,1.437419471,1.910614378,standard,0.841869572,0.763894250
37.201189789,2.658272053,10.283228729,2.676814882,0.766164307,1.962230628,1.465249762,1.962230628,standard,0.840642922,0.756940756
37.270724723,2.595198341,10.312810584,2.728832693,0.727654628,2.013484822,1.497223786,2.013484822,standard,0.833689429,0.749987263
37.340259657,2.530735688,10.339145337,2.778268534,0.692108116,2.064543495,1.632230969,2.064543495,standard,0.832029117,0.743033769
37.409794591,2.465091372,10.362339410,2.825234747,0.657113061,2.118804849,1.745708834,2.118804849,standard,0.834412600,0.736080276
37.479329526,2.398453719,10.382506618,2.869805441,0.623400622,2.175341235,1.837141719,2.175341235,standard,0.840227391,0.729126782
37.548864460,2.331011054,10.399760774,2.912085364,0.591466773,2.233293654,2.142465520,2.233293654,standard,0.842079313,0.722173289
37.618399394,2.262938090,10.414221029,2.952089871,0.558125145,2.299033045,2.400000000,2.299033045,standard,0.835125819,0.715219796
37.687934328,2.194359749,10.426026048,2.989773529,0.524948576,2.370510625,2.400000000,2.370569143,standard,0.828172326,0.708266302
37.757469262,2.125389566,10.435318959,3.025171264,0.492409717,2.439895143,2.400000000,2.447640894,standard,0.821218832,0.701312809
37.827004196,2.056141070,10.442242879,3.058342738,0.462753429,2.507360363,1.603319808,2.524853507,standard,0.814265339,0.694359315
37.896539131,1.986717076,10.446919498,3.090208249,0.453160872,2.551436746,0.986345723,2.551436746,standard,0.807311845,0.687405822
37.966074065,1.917187533,10.449404772,3.121410723,0.443809208,2.578177736,0.991702678,2.578177736,standard,0.800358352,0.680452329
38.035608999,1.847616110,10.449742099,-3.131212561,0.434787966,2.604787208,0.857237372,2.604787208,standard,0.793404859,0.673498835
38.105143933,1.778066472,10.447974856,-3.101258847,0.427280341,2.627571557,0.084839954,2.627571557,standard,0.786451365,0.666545342
38.174678867,1.708601284,10.444137308,-3.071558725,0.426551395,2.629815767,0.044921392,2.629815767,standard,0.779497872,0.659591848
38.244213802,1.639280616,10.438240119,-3.041897404,0.426166435,2.631003265,0.004432039,2.631003265,standard,0.772544378,0.653516000
38.313748736,1.570164123,10.430290182,-3.012250317,0.426128492,2.631120397,-0.326078795,2.631120397,standard,0.765590885,0.649655308
38.383283670,1.501311488,10.420294311,-2.982574949,0.428938250,2.622488667,-1.445153837,2.622488667,standard,0.758637392,0.648582887
38.452818604,1.432787387,10.408243066,-2.952283729,0.441850295,2.583886502,-1.407399209,2.583886502,standard,0.751683898,0.650438325
38.522353538,1.364667471,10.394091319,-2.921078965,0.455194747,2.545730275,-1.357287238,2.545730275,standard,0.744730405,0.654409196
38.591888473,1.297028849,10.377789202,-2.888933562,0.468850460,2.508382920,-1.801383353,2.508382920,standard,0.737776911,0.659556589
38.661423407,1.229948851,10.359286583,-2.855775127,0.488292021,2.457939529,-2.972191544,2.457939529,standard,0.730823418,0.664946722
38.730958341,1.163528404,10.338505564,-2.820548829,0.524153300,2.372366844,-2.652244105,2.372366844,standard,0.723869924,0.670187847
38.800493275,1.097912525,10.315316367,-2.782794062,0.560913579,2.293311406,-2.350419811,2.293311406,standard,0.716916431,0.675901064
38.870028209,1.033251062,10.289583524,-2.742462433,0.598085563,2.220901761,-2.260227693,2.220901761,standard,0.709962938,0.682818467
38.939563143,0.969694593,10.261171573,-2.699490750,0.638794294,2.148970699,-2.429205111,2.148970699,standard,0.703009444,0.689771961
39.009098078,0.907440611,10.229945062,-2.653257738,0.689212751,2.068875498,-2.192769652,2.068875498,standard,0.696055951,0.696725454
39.078633012,0.846761224,10.195768565,-2.603424795,0.742082799,1.993814846,-1.944411639,1.993814846,standard,0.689102457,0.703678948
39.148167946,0.787935183,10.158506658,-2.549861316,0.796245270,1.924808710,-1.335500209,1.924808710,standard,0.682148964,0.710632441
39.217702880,0.731241553,10.118025979,-2.492664191,0.838268049,1.875942625,-0.779292733,1.875942625,standard,0.675195471,0.717585934
39.287237814,0.676972621,10.074280395,-2.433326099,0.864903636,1.846830960,-0.861459740,1.846830960,standard,0.668241977,0.724533576
39.356772749,0.625438497,10.027341322,-2.371955096,0.896389117,1.814106254,-0.898103347,1.814106254,standard,0.661288484,0.723741486
39.426307683,0.576950548,9.977288477,-2.308264104,0.931750865,1.779348866,-0.136917437,1.779348866,standard,0.654334990,0.725406143
39.495842617,0.531816194,9.924205197,-2.242528162,0.937388398,1.773990219,0.764747312,1.773990219,standard,0.647381497,0.732359637
39.565377551,0.490227568,9.868280591,-2.178276870,0.906745218,1.803716886,0.701642267,1.803716886,standard,0.640428003,0.738790744
39.634912485,0.452246012,9.809823763,-2.116003222,0.880341610,1.830566006,0.598304964,1.830566006,standard,0.633474510,0.731837250
39.704447419,0.417925801,9.749150302,-2.055402317,0.859011944,1.853153554,1.299415724,1.853153554,standard,0.626521017,0.724883757
39.773982354,0.387314416,9.686574857,-1.996618657,0.816069618,1.901285794,2.340265173,1.901285794,standard,0.619567523,0.717930264
39.843517288,0.360315258,9.622392203,-1.942136803,0.748664831,1.985030992,2.400000000,1.985030992,standard,0.612614030,0.710976770
39.913052222,0.336694119,9.556878133,-1.892310765,0.682441985,2.067393461,2.400000000,2.079113217,standard,0.605660536,0.704023277
39.982587156,0.316211296,9.490307679,-1.847007461,0.618844633,2.146598101,2.400000000,2.183334079,standard,0.598707043,0.697069783
40.052122090,0.298626676,9.422950726,-1.805982573,0.561207756,2.222982476,2.400000000,2.292710267,standard,0.591753550,0.693015571
40.121657025,0.283693565,9.354993644,-1.768866745,0.505533313,2.296827982,2.400000000,2.415661727,standard,0.584800056,0.699969065
40.191191959,0.271159931,9.286555054,-1.735631475,0.449835419,2.368372112,2.400000000,2.560850255,standard,0.577846563,0.706922558
40.260726893,0.260773585,9.217751619,-1.706251487,0.394725835,2.437817496,2.400000000,2.733777922,standard,0.570893069,0.701046118
40.330261827,0.252289079,9.148696814,-1.680204629,0.361811030,2.505338665,2.400000000,2.855420721,standard,0.563939576,0.694092624
40.399796761,0.245547772,9.079463034,-1.655756615,0.341098232,2.571087223,2.400000000,2.940839169,standard,0.559061931,0.687139131
40.469331696,0.240451342,9.010094129,-1.632748552,0.320483410,2.635195856,2.400000000,3.033948691,standard,0.566015424,0.680185637
40.538866630,0.236902682,8.940633372,-1.611169437,0.300067421,2.697781474,2.400000000,3.135462313,standard,0.572968918,0.673232144
40.608401564,0.234798998,8.871122473,-1.591354741,0.265383404,2.758947728,2.400000000,3.200000000,standard,0.579922411,0.666278651
40.677936498,0.233977972,8.801586758,-1.574327279,0.224320505,2.818787017,2.400000000,3.200000000,standard,0.586875905,0.659325157
40.747471432,0.234241797,8.732041785,-1.560153811,0.183293014,2.877382131,2.400000000,3.200000000,standard,0.593829398,0.652371664
40.817006366,0.235392191,8.662502981,-1.548829892,0.142365084,2.934807594,2.400000000,3.200000000,standard,0.587854870,0.645418170
40.886541301,0.237238720,8.592984489,-1.539902332,0.118612255,2.991130773,2.400000000,3.200000000,standard,0.580901376,0.639321851
40.956076235,0.239658658,8.523489366,-1.532285489,0.100455821,3.046412806,2.400000000,3.200000000,standard,0.573947883,0.636312910
41.025611169,0.242563884,8.454015001,-1.525931966,0.082285598,3.100709381,2.400000000,3.200000000,standard,0.566994389,0.634967216
41.095146103,0.245866557,8.384558738,-1.520842086,0.064112550,3.154071393,2.098467864,3.200000000,standard,0.560040896,0.633854507
41.164681037,0.249482913,8.315118015,-1.516798285,0.053677533,3.200000000,0.000000000,3.200000000,standard,0.560797152,0.631698665
41.234215972,0.253358501,8.245690955,-1.513364977,0.045072817,3.200000000,0.000000000,3.200000000,standard,0.567750645,0.628331493
41.303750906,0.257451688,8.176275978,-1.510529953,0.036469079,3.200000000,0.000000000,3.200000000,standard,0.574704139,0.624069390
41.373285840,0.261720898,8.106871506,-1.508293147,0.027866609,3.200000000,0.000000000,3.200000000,standard,0.581657632,0.619230791
41.442820774,0.266123784,8.037475778,-1.506693407,0.017970508,3.200000000,0.000000000,3.200000000,standard,0.588611126,0.614116684
41.512355708,0.270613358,7.968085919,-1.505794947,0.007871407,3.200000000,0.000000000,3.200000000,standard,0.595564619,0.608922849
41.581890642,0.275140903,7.898698646,-1.505598734,-0.002227848,3.200000000,0.000000000,3.200000000,standard,0.602518112,0.603805836
41.651425577,0.279657700,7.829310669,-1.506104773,-0.012327085,3.200000000,0.000000000,3.200000000,standard,0.609471606,0.598922126
41.720960511,0.284120422,7.759919088,-1.507059647,-0.014509158,3.200000000,0.000000000,3.200000000,standard,0.616425099,0.594412221
41.790495445,0.288513140,7.690522968,-1.508120679,-0.016008754,3.200000000,0.000000000,3.200000000,standard,0.623378593,0.590335442
41.860030379,0.292828606,7.621121994,-1.509285987,-0.017508418,3.200000000,0.000000000,3.200000000,standard,0.618605759,0.586725400
41.929565313,0.297059575,7.551715854,-1.510555576,-0.019008142,3.200000000,0.000000000,3.200000000,standard,0.613629709,0.583615693
41.999100248,0.301202454,7.482304438,-1.511767822,-0.015747637,3.200000000,0.000000000,3.200000000,standard,0.613443556,0.580913644
42.068635182,0.305269325,7.412888516,-1.512745505,-0.012372988,3.200000000,0.000000000,3.200000000,standard,0.617037512,0.577984714
42.138170116,0.309276474,7.343469091,-1.513488533,-0.008998357,3.200000000,0.000000000,3.200000000,standard,0.622708731,0.573989108
42.207705050,0.313240186,7.274047168,-1.513996846,-0.005570186,3.200000000,0.000000000,3.200000000,standard,0.628754368,0.567035614
42.277239984,0.317178207,7.204623817,-1.514209611,-0.000549460,3.200000000,0.000000000,3.200000000,standard,0.633826855,0.560082121
42.346774919,0.321113574,7.135200341,-1.514073259,0.004471277,3.200000000,0.000000000,3.200000000,standard,0.637867703,0.553128627
42.416309853,0.325070525,7.065778098,-1.513587791,0.009492009,3.200000000,0.000000000,3.200000000,standard,0.641110702,0.548336813
42.485844787,0.329073296,6.996358446,-1.512753988,0.014259140,3.200000000,0.000000000,3.200000000,standard,0.643789702,0.548878253
42.555379721,0.333143153,6.926942620,-1.511687540,0.016414568,3.200000000,0.000000000,3.200000000,standard,0.646253070,0.555831747
42.624914655,0.337292240,6.857531474,-1.510471210,0.018570087,3.200000000,0.000000000,3.200000000,standard,0.649201113,0.562785240
42.694449589,0.341530948,6.788125792,-1.509104995,0.020725684,3.200000000,0.000000000,3.200000000,standard,0.653401531,0.569738734
42.763984524,0.345869657,6.718726353,-1.507593588,0.021945755,3.200000000,0.000000000,3.200000000,standard,0.659620224,0.576692227
42.833519458,0.350311001,6.649333429,-1.506217830,0.017624520,3.200000000,0.000000000,3.200000000,standard,0.666573717,0.583645720
42.903054392,0.354837388,6.579945948,-1.505142549,0.013303281,3.200000000,0.000000000,3.200000000,standard,0.673527211,0.580796251
42.972589326,0.359427962,6.510562624,-1.504367742,0.008982087,3.200000000,0.000000000,3.200000000,standard,0.674899389,0.574154124
43.042124260,0.364061841,6.441182169,-1.503900044,0.003708651,3.200000000,0.000000000,3.200000000,standard,0.667945895,0.567200630
43.111659195,0.368711655,6.371802831,-1.503957608,-0.005364344,3.200000000,0.000000000,3.200000000,standard,0.660992402,0.561131296
43.181194129,0.373335585,6.302421817,-1.504646063,-0.014437366,3.200000000,0.000000000,3.200000000,standard,0.654038908,0.555990000
43.250729063,0.377889862,6.233036198,-1.505965408,-0.023510303,3.200000000,0.000000000,3.200000000,standard,0.647085415,0.551543532
43.320263997,0.382330739,6.163643046,-1.507911265,-0.032092820,3.200000000,0.000000000,3.200000000,standard,0.643492825,0.547558825
43.389798931,0.386617397,6.094239937,-1.510391835,-0.039254286,3.200000000,0.000000000,3.200000000,standard,0.647800651,0.543818951
43.459333865,0.390714598,6.024825400,-1.513370406,-0.046416500,3.200000000,0.000000000,3.200000000,standard,0.654754144,0.540137786
43.528868800,0.394587732,5.955398073,-1.516847015,-0.053578940,3.200000000,0.000000000,3.200000000,standard,0.655350468,0.536332673
43.598403734,0.398202112,5.885956598,-1.520832384,-0.061728517,3.200000000,0.000000000,3.200000000,standard,0.648396975,0.532224292
43.667938668,0.401517580,5.816499907,-1.525483732,-0.072054661,3.200000000,0.000000000,3.200000000,standard,0.641443481,0.527867646
43.737473602,0.404485004,5.747027415,-1.530853191,-0.082382360,3.200000000,0.000000000,3.200000000,standard,0.634489988,0.523701952
43.807008536,0.407054423,5.677538580,-1.536940806,-0.092708350,3.200000000,0.000000000,3.200000000,standard,0.627536494,0.520202066
43.876543471,0.409175417,5.608032901,-1.543799959,-0.107208392,3.200000000,0.000000000,3.200000000,standard,0.620583001,0.517836805
43.946078405,0.410775900,5.538511935,-1.552008962,-0.128891440,3.200000000,0.000000000,3.200000000,standard,0.616012606,0.516789739
44.015613339,0.411753192,5.468980133,-1.561726420,-0.150592950,3.200000000,0.000000000,3.200000000,standard,0.616028010,0.516841622
44.085148273,0.412002302,5.399442170,-1.572953063,-0.172293045,3.200000000,0.000000000,3.200000000,standard,0.619890416,0.517742778
44.154683207,0.411418735,5.329902905,-1.585638088,-0.190559497,3.200000000,0.000000000,3.200000000,standard,0.626843909,0.519247162
44.224218141,0.409914804,5.260373518,-1.599367056,-0.204271267,3.200000000,0.000000000,3.200000000,standard,0.633797403,0.521231348
44.293753076,0.407423286,5.190872891,-1.614052492,-0.218064231,3.200000000,-2.042635866,3.200000000,standard,0.640750896,0.523721252
44.363288010,0.403878199,5.121420368,-1.629698840,-0.231915088,3.155302030,-4.000000000,3.200000000,standard,0.647704390,0.526751826
44.432822944,0.399214059,5.052035337,-1.646264659,-0.243128849,3.065885097,-4.000000000,3.200000000,standard,0.654657883,0.530377577
44.502357878,0.393378026,4.982738240,-1.663463724,-0.251506836,2.973780751,-4.000000000,3.200000000,standard,0.661611376,0.535145368
44.571892812,0.386330534,4.913550627,-1.681247320,-0.259910829,2.878731054,-4.000000000,3.200000000,standard,0.668564870,0.542098862
44.641427747,0.378032651,4.844494100,-1.699617506,-0.268311917,2.780433960,-4.000000000,3.200000000,standard,0.675518363,0.549052355
44.710962681,0.368438308,4.775592377,-1.719165438,-0.308285685,2.678531973,-4.000000000,3.093387516,standard,0.682471857,0.556005849
44.780497615,0.357363256,4.706910184,-1.742959195,-0.375806160,2.572596754,-4.000000000,2.801747935,standard,0.689425350,0.562959342
44.850032549,0.344498054,4.638549395,-1.771459429,-0.443608371,2.462107753,-4.000000000,2.578761286,standard,0.696378843,0.569912835
44.919567483,0.329528737,4.570613229,-1.804672238,-0.511074247,2.346421769,-4.000000000,2.402531050,standard,0.703332337,0.576866329
44.989102418,0.312140329,4.503211279,-1.842759257,-0.586997967,2.224728216,-4.000000000,2.241778551,standard,0.710285830,0.583819822
45.058637352,0.292002459,4.436550148,-1.886566442,-0.671502063,2.095980955,-3.600942859,2.095980955,standard,0.717239324,0.590773316
45.128172286,0.268772774,4.370911961,-1.936328240,-0.757896216,1.972904842,-2.856200453,1.972904842,standard,0.724192817,0.597726809
45.197707220,0.242108605,4.306580836,-1.992123337,-0.844028631,1.869529913,-1.981314294,1.869529913,standard,0.731146311,0.604680303
45.267242154,0.211677768,4.243851806,-2.053626303,-0.916262611,1.794324658,-1.721439663,1.794324658,standard,0.738099804,0.611633796
45.336777088,0.177273971,4.183150972,-2.120086930,-0.989866255,1.726325749,-1.616332892,1.726325749,standard,0.745053297,0.618587289
45.406312023,0.138774088,4.124991014,-2.191927156,-1.070618199,1.659944995,-1.444528086,1.659944995,standard,0.752006791,0.625540783
45.475846957,0.096056466,4.069886153,-2.269522889,-1.154812587,1.598288790,-0.116935995,1.598288790,standard,0.758960284,0.632494276
45.545381891,0.049033454,4.018338036,-2.351085250,-1.162211295,1.593193266,0.183808570,1.593193266,standard,0.765913778,0.639447770
45.614916825,-0.002062060,3.970729799,-2.431800809,-1.150623651,1.601195496,-0.003540563,1.601195496,standard,0.772867271,0.646401263
45.684451759,-0.056821086,3.927379464,-2.512121743,-1.150844671,1.601041733,-0.191999969,1.601041733,standard,0.779820764,0.653354756
45.753986694,-0.114832813,3.888604383,-2.592800261,-1.162958830,1.592681142,1.593827386,1.592681142,standard,0.786774258,0.660308250
45.823521628,-0.175678736,3.854659648,-2.671398993,-1.069504531,1.660809015,2.400000000,1.660809015,standard,0.793727751,0.667261743
45.893056562,-0.238883221,3.825338282,-2.741626739,-0.946257220,1.758423802,2.400000000,1.765657262,standard,0.800681245,0.674215237
45.962591496,-0.303944936,3.800225448,-2.803442463,-0.827298244,1.850897607,2.400000000,1.888338973,standard,0.807634738,0.681168730
46.032126430,-0.370362428,3.778905312,-2.857224942,-0.715934919,1.938966125,2.400000000,2.029898092,standard,0.814588232,0.688122224
46.101661364,-0.437672635,3.760967775,-2.904175805,-0.635052122,2.023204715,2.400000000,2.155293020,standard,0.821541725,0.695075717
46.171196299,-0.505643247,3.746037179,-2.945638944,-0.556303581,2.104073431,2.400000000,2.302793952,standard,0.828495218,0.702029210
46.240731233,-0.574127768,3.733750682,-2.981595488,-0.477261267,2.181946995,2.400000000,2.486181973,standard,0.835448712,0.708982704
46.310266167,-0.642979843,3.723745459,-3.012072367,-0.398960731,2.257135435,2.400000000,2.719229936,standard,0.842402205,0.715936197
46.379801101,-0.712066531,3.715677284,-3.038056531,-0.350276659,2.329898722,2.400000000,2.902053461,standard,0.841274880,0.722889691
46.449336035,-0.781322085,3.709295105,-3.060800218,-0.303734338,2.400457402,2.400000000,3.116477975,standard,0.834321387,0.723704583
46.518870970,-0.850701761,3.704376990,-3.080309126,-0.257258072,2.469000491,2.400000000,3.200000000,standard,0.827692772,0.719980837
46.588405904,-0.920160822,3.700701020,-3.096592848,-0.210994708,2.535691446,2.400000000,3.200000000,standard,0.823625378,0.718571637
46.657940838,-0.989660012,3.698076876,-3.111059715,-0.205744112,2.600672758,2.400000000,3.200000000,standard,0.821245396,0.717019229
46.727475772,-1.059183201,3.696447552,-3.125210309,-0.201214164,2.664069533,2.400000000,3.200000000,standard,0.820888104,0.715275274
46.797010706,-1.128720359,3.695791198,-3.139045165,-0.196677250,2.725992326,2.400000000,3.200000000,standard,0.823207562,0.713926684
46.866545641,-1.198261454,3.696085960,3.130619218,-0.193067160,2.786539403,2.400000000,3.200000000,standard,0.828857807,0.713560376
46.936080575,-1.267794702,3.697331532,3.116518446,-0.212461871,2.845798575,0.537832588,3.200000000,standard,0.835811300,0.714689290
47.005615509,-1.337302088,3.699604364,3.101066260,-0.231924509,2.858909904,-4.000000000,3.200000000,standard,0.842764794,0.717562853
47.075150443,-1.406764204,3.702997990,3.084259223,-0.251412380,2.759906949,-4.000000000,3.200000000,standard,0.849718287,0.722371837
47.144685377,-1.476161639,3.707605975,3.066081568,-0.275314279,2.657217886,-4.000000000,3.200000000,standard,0.856671780,0.729306934
47.214220311,-1.545463100,3.713570463,3.044626147,-0.341647937,2.550397503,-4.000000000,2.938472338,standard,0.863625274,0.736260428
47.283755246,-1.614601514,3.721179941,3.018546556,-0.408231592,2.438903020,-4.000000000,2.688176020,standard,0.870578767,0.743213921
47.353290180,-1.683503096,3.730750342,2.987836319,-0.474576726,2.322061254,-4.000000000,2.493203857,standard,0.877532261,0.750167415
47.422825114,-1.752093904,3.742597726,2.952476890,-0.548012565,2.199020008,-4.000000000,2.320148325,standard,0.884485754,0.757120908
47.492360048,-1.820233724,3.757092159,2.910125790,-0.668437472,2.068673373,-4.000000000,2.100780193,standard,0.891439248,0.764074401
47.561894982,-1.887613535,3.774741269,2.859261586,-0.792344065,1.929541410,-3.638538554,1.929541410,standard,0.898392741,0.771027895
47.631429917,-1.953897830,3.796074266,2.799732106,-0.916969508,1.793632897,-2.436686946,1.793632897,standard,0.905346234,0.765135325
47.700964851,-2.018750575,3.821619622,2.731667060,-1.024928614,1.696540373,-1.336151908,1.696540373,standard,0.912299728,0.758181831
47.770499785,-2.081743846,3.851777645,2.657687260,-1.095664198,1.640862812,-1.388133335,1.640862812,standard,0.919253221,0.751228338
47.840034719,-2.142253860,3.886675455,2.578248060,-1.180291179,1.580943784,-1.332916129,1.580943784,standard,0.917802347,0.744274845
47.909569653,-2.199631692,3.926405109,2.492592355,-1.274840606,1.521188607,-0.635611570,1.521188607,standard,0.910848854,0.737321351
47.979104587,-2.253230162,3.971055888,2.400683162,-1.325473135,1.491851320,0.758494787,1.491851320,standard,0.903895360,0.730367858
48.048639522,-2.302549987,4.020481462,2.310263084,-1.265494732,1.526795380,0.646000098,1.526795380,standard,0.896941867,0.723414364
48.118174456,-2.347350322,4.074123796,2.223516859,-1.218533298,1.555938071,0.458735584,1.555938071,standard,0.889988373,0.716460871
48.187709390,-2.387416352,4.131383388,2.139524875,-1.187247158,1.576305674,0.959382930,1.576305674,standard,0.883034880,0.709507378
48.257244324,-2.422539232,4.191661562,2.057845510,-1.126745141,1.618073186,2.400000000,1.618073186,standard,0.876081387,0.702553884
48.326779258,-2.452800949,4.254399935,1.984243812,-0.985359365,1.718117725,2.400000000,1.730269226,standard,0.869127893,0.695600391
48.396314193,-2.478699226,4.319097719,1.920518244,-0.843766233,1.812648947,2.400000000,1.869820588,standard,0.862174400,0.688646897
48.465849127,-2.500763743,4.385258553,1.866456736,-0.707500163,1.902488867,2.400000000,2.041962377,standard,0.855220906,0.681693404
48.535384061,-2.519520886,4.452391113,1.821232366,-0.607749128,1.988273516,2.400000000,2.203174193,standard,0.848267413,0.674739910
48.604918995,-2.535388971,4.520169172,1.781012251,-0.547491849,2.070507005,2.400000000,2.321251402,standard,0.841313919,0.667786417
48.674453929,-2.548656564,4.588464726,1.745043804,-0.486387660,2.149596925,2.400000000,2.462746633,standard,0.834360426,0.660832924
48.743988864,-2.559604549,4.657161504,1.713331792,-0.425389147,2.225878395,2.400000000,2.633405905,standard,0.827406933,0.653879430
48.813523798,-2.568511966,4.726144551,1.685671341,-0.375261912,2.299630907,2.400000000,2.803778907,standard,0.820453439,0.646925937
48.883058732,-2.575613188,4.795330763,1.660939814,-0.335902658,2.371090465,2.400000000,2.963495607,standard,0.813499946,0.639972443
48.952593666,-2.581096623,4.864669813,1.638942783,-0.296617907,2.440458497,2.400000000,3.153641519,standard,0.806546452,0.634145565
49.022128600,-2.585148578,4.934112875,1.619668945,-0.257578287,2.507908563,2.400000000,3.200000000,standard,0.799592959,0.630049058
49.091663534,-2.587951922,5.003612105,1.602827743,-0.233232858,2.573591468,2.400000000,3.200000000,standard,0.792639466,0.626926128
49.161198469,-2.589625341,5.073138032,1.587036916,-0.220868572,2.637639234,2.400000000,3.200000000,standard,0.785685972,0.624559243
49.230733403,-2.590230638,5.142677473,1.572107490,-0.208491906,2.700168220,2.400000000,3.200000000,standard,0.778732479,0.623208763
49.300268337,-2.589827648,5.212217803,1.558038435,-0.196133212,2.761281604,2.400000000,3.200000000,standard,0.771778985,0.623151585
49.369803271,-2.588473573,5.281746401,1.544639062,-0.192803321,2.821071389,2.400000000,3.200000000,standard,0.764825492,0.624642719
49.439338205,-2.586186640,5.351250640,1.531139861,-0.195431190,2.879620021,2.400000000,3.200000000,standard,0.761438712,0.627613211
49.508873140,-2.582955294,5.420717888,1.517456809,-0.198087036,2.937001728,2.400000000,3.200000000,standard,0.760103846,0.631746546
49.578408074,-2.578767226,5.490135514,1.503587929,-0.200766034,2.993283621,2.400000000,3.200000000,standard,0.759124340,0.636719949
49.647943008,-2.573606267,5.559490195,1.489275980,-0.214618364,3.048526614,2.400000000,3.200000000,standard,0.757013151,0.642274493
49.717477942,-2.567410126,5.628760342,1.473665318,-0.234316241,3.102786200,2.400000000,3.200000000,standard,0.754785790,0.648913946
49.787012876,-2.560086161,5.697918926,1.456682799,-0.254070179,3.156113098,-0.109342177,3.200000000,standard,0.755104707,0.655867440
49.856547810,-2.551541196,5.766938823,1.438325716,-0.273821309,3.153703170,-4.000000000,3.200000000,standard,0.760661294,0.662820933
49.926082745,-2.541680090,5.835790916,1.418459378,-0.298978685,3.064239580,-4.000000000,3.141166046,standard,0.767614787,0.669774427
49.995617679,-2.530388509,5.904426599,1.396705368,-0.326540800,2.972084240,-4.000000000,3.005676817,standard,0.774568281,0.676727920
50.065152613,-2.517541270,5.972786253,1.373027304,-0.354295005,2.876978495,-4.000000000,2.885549263,standard,0.781521774,0.683681413
50.134687547,-2.503013068,6.040810133,1.347415580,-0.382088431,2.778619403,-3.098633151,2.778619403,standard,0.788475268,0.690634907
50.204222481,-2.486681823,6.108435976,1.320008429,-0.404675065,2.699962830,-2.659430341,2.699962830,standard,0.795428761,0.697588400
50.273757416,-2.468451466,6.175581185,1.291102613,-0.426303495,2.630580288,-2.454384592,2.630580288,standard,0.802382254,0.704541894
50.343292350,-2.448238491,6.242153345,1.260675117,-0.448422197,2.564882397,-2.252897149,2.564882397,standard,0.809335748,0.711495387
50.412827284,-2.425959471,6.308059978,1.228697956,-0.470846494,2.503060447,0.627043956,2.503060447,standard,0.816289241,0.718448881
50.482362218,-2.401546865,6.373212531,1.195993768,-0.464383039,2.520419513,1.185896949,2.520419513,standard,0.823242735,0.725402374
50.551897152,-2.375039360,6.437548699,1.164092078,-0.452631913,2.552927154,1.169644748,2.552927154,standard,0.830196228,0.732355867
50.621432086,-2.346519212,6.501016950,1.132983832,-0.441610196,2.584588825,1.137255272,2.584588825,standard,0.837149721,0.739309361
50.690967021,-2.316068812,6.563565781,1.102621256,-0.431396459,2.615006183,2.400000000,2.615006183,standard,0.844103215,0.746262854
50.760501955,-2.283801334,6.625169397,1.074859586,-0.360120199,2.678063670,2.400000000,2.862116236,standard,0.851056708,0.753216348
50.830036889,-2.250001681,6.685945431,1.052569573,-0.280911192,2.739670182,2.400000000,3.200000000,standard,0.858010202,0.760169841
50.899571823,-2.215014290,6.746061236,1.035781844,-0.201840212,2.799921497,2.400000000,3.200000000,standard,0.864963695,0.767123334
50.969106757,-2.179183657,6.805684214,1.024483957,-0.123028121,2.858903298,2.169414541,3.200000000,standard,0.871917189,0.774076828
51.038641692,-2.142876795,6.865002654,1.020037519,-0.002589211,2.911190181,-4.000000000,3.200000000,standard,0.878870682,0.781030321
51.108176626,-2.106566423,6.924302895,1.024129882,0.120312489,2.814027149,-4.000000000,3.200000000,standard,0.885824175,0.787983815
51.177711560,-2.070756245,6.983900019,1.036767193,0.243161978,2.713387058,-4.000000000,3.200000000,standard,0.892777669,0.794937308
51.247246494,-2.035949966,7.044109108,1.057935572,0.365231646,2.608867542,-4.000000000,2.842017891,standard,0.899731162,0.801890802
51.316781428,-2.002625026,7.105202439,1.085723607,0.433593207,2.499982076,-4.000000000,2.608373462,standard,0.906684656,0.808844295
51.386316363,-1.971154702,7.167282549,1.118325070,0.503395841,2.386133043,-4.000000000,2.420784871,standard,0.913638149,0.815797788
51.455851297,-1.941886464,7.230409919,1.155815024,0.574225852,2.266572617,-3.767961063,2.266572617,standard,0.920591643,0.822751282
51.525386231,-1.915167764,7.294645018,1.198224793,0.639449724,2.147869079,1.087446963,2.147869079,standard,0.927545136,0.829704775
51.594921165,-1.891268471,7.360003938,1.242014052,0.619153111,2.182790115,1.069286186,2.182790115,standard,0.934498629,0.836658269
51.664456099,-1.870200601,7.426355277,1.284457906,0.600413796,2.216591567,1.024767611,2.216591567,standard,0.941452123,0.843611762
51.733991033,-1.851922665,7.493537027,1.325663557,0.583489140,2.248508944,1.347479830,2.248508944,standard,0.948405616,0.850565255
51.803525968,-1.836393099,7.561387198,1.365723550,0.562634974,2.289800497,2.400000000,2.289800497,standard,0.955359110,0.857518749
51.873060902,-1.823511498,7.629756471,1.402679617,0.499569228,2.361557537,2.400000000,2.430038579,standard,0.962312603,0.864472242
51.942595836,-1.813013681,7.698530790,1.435234668,0.436310686,2.431197582,2.400000000,2.600237893,standard,0.969266096,0.871425736
52.012130770,-1.804607196,7.767602186,1.463407138,0.373559097,2.498897630,2.400000000,2.810161953,standard,0.976219590,0.878379229
52.081665704,-1.797999665,7.836862776,1.487256928,0.314492584,2.564811309,2.400000000,3.062709484,standard,0.983173083,0.885332723
52.151200639,-1.792917612,7.906227756,1.507533079,0.268502293,2.629072981,2.400000000,3.200000000,standard,0.990126577,0.892286216
52.220735573,-1.789132085,7.975666674,1.524600301,0.222325284,2.691800962,2.400000000,3.200000000,standard,0.997080070,0.899239709
52.290270507,-1.786420537,8.045156893,1.538455480,0.176143442,2.753100090,2.400000000,3.200000000,standard,1.004033564,0.906193203
52.359805441,-1.784560893,8.114675820,1.549187921,0.140504803,2.813063772,2.400000000,3.200000000,standard,1.010987057,0.913146696
52.429340375,-1.783396420,8.184206383,1.558889489,0.138513377,2.871775665,2.400000000,3.200000000,standard,1.009763194,0.920100190
52.498875309,-1.782901734,8.253742614,1.568452138,0.136519077,2.929311037,2.400000000,3.200000000,standard,1.002809701,0.927053683
52.568410244,-1.783067184,8.323279880,1.577875995,0.134524012,2.985737906,2.400000000,3.200000000,standard,0.995856207,0.934007177
52.637945178,-1.783883537,8.392813517,1.587222553,0.138531823,3.041117973,2.400000000,3.200000000,standard,0.988902714,0.940960670
52.707480112,-1.785375519,8.462336852,1.597497850,0.156995885,3.095507423,2.400000000,3.200000000,standard,0.981949220,0.947914163
52.777015046,-1.787626421,8.531839737,1.609057830,0.175476316,3.148957588,-1.493024719,3.200000000,standard,0.974995727,0.954867657
52.846549980,-1.790725332,8.601311677,1.621903109,0.193946687,3.115814362,-4.000000000,3.200000000,standard,0.968042234,0.961821150
52.916084915,-1.794762247,8.670741934,1.636146275,0.221702890,3.025230514,-4.000000000,3.200000000,standard,0.961088740,0.968774644
52.985619849,-1.799875573,8.740106472,1.653137757,0.266916923,2.931849278,-4.000000000,3.200000000,standard,0.954135247,0.975728137
53.055154783,-1.806275498,8.809361552,1.673279140,0.312276532,2.835394279,-4.000000000,3.073557443,standard,0.947181753,0.982681630
53.124689717,-1.814178022,8.878461835,1.696575773,0.357596507,2.735540393,-4.000000000,2.872197992,standard,0.940228260,0.978588479
53.194224651,-1.823799295,8.947361081,1.723051449,0.404759074,2.631900791,-4.000000000,2.699682624,standard,0.933274766,0.971634985
53.263759586,-1.835361044,9.015979258,1.752983903,0.455674924,2.524009170,-4.000000000,2.544388612,standard,0.926321273,0.964681492
53.333294520,-1.849092115,9.084193247,1.786487445,0.507366024,2.411294843,-3.882686711,2.411294843,standard,0.919367780,0.957727999
53.402829454,-1.865221816,9.151877122,1.823599393,0.559307647,2.296601422,-2.609323618,2.296601422,standard,0.912414286,0.950774505
53.472364388,-1.883977215,9.218903754,1.864159675,0.600631196,2.216190380,-1.743445102,2.216190380,standard,0.905460793,0.943821012
53.541899322,-1.905524491,9.285113203,1.907056653,0.631821650,2.160795946,-1.672788429,2.160795946,standard,0.898507299,0.936867518
53.611434256,-1.929963257,9.350309666,1.952195507,0.664952868,2.106277440,-1.573718711,2.106277440,standard,0.891553806,0.929914025
53.680969191,-1.957389747,9.414295514,1.999686457,0.699458582,2.053666915,-0.445242870,2.053666915,standard,0.884600312,0.922960531
53.750504125,-1.987894771,9.476874769,2.049153643,0.709880685,2.038535732,0.437695578,2.038535732,standard,0.877646819,0.916007038
53.820039059,-2.021458927,9.537884967,2.098221542,0.699632696,2.053411356,0.358020232,2.053411356,standard,0.870693326,0.909053545
53.889573993,-2.057960073,9.597194885,2.146653145,0.691467614,2.065499461,0.265132600,2.065499461,standard,0.863739832,0.902100051
53.959108927,-2.097272145,9.654674494,2.194589957,0.685542720,2.074405934,1.073689979,2.074405934,standard,0.856786339,0.895146558
54.028643862,-2.139266184,9.710198768,2.241786092,0.662552418,2.110089549,1.828179194,2.110089549,standard,0.849832845,0.888193064
54.098178796,-2.183767920,9.763720958,2.286658432,0.626763097,2.169498224,1.991674858,2.169498224,standard,0.842879352,0.881239571
54.167713730,-2.230567168,9.815256372,2.329073118,0.591929156,2.232421220,2.138486967,2.232421220,standard,0.835925859,0.874286078
54.237248664,-2.279452754,9.864822022,2.369113988,0.558595366,2.298065187,2.069010938,2.298065187,standard,0.828972365,0.867332584
54.306783598,-2.330216620,9.912436434,2.406950044,0.529733237,2.359839122,2.155963944,2.359839122,standard,0.822018872,0.860379091
54.376318532,-2.382689275,9.958136942,2.442870073,0.502669233,2.422533860,2.366167706,2.422533860,standard,0.815065378,0.853425597
54.445853467,-2.436727281,10.001973578,2.476917190,0.475980496,2.489524641,2.400000000,2.489524641,standard,0.808111885,0.846472104
54.515388401,-2.492187688,10.043996614,2.509128623,0.449950716,2.555680070,2.093515079,2.560522134,standard,0.801158391,0.839518610
54.584923335,-2.548931146,10.084255008,2.539742959,0.432383598,2.612019427,1.665769837,2.612019427,standard,0.794204898,0.832565117
54.654458269,-2.606854382,10.122784529,2.569328937,0.418184423,2.655993953,1.752436389,2.655993953,standard,0.787251405,0.825611624
54.723993203,-2.665874930,10.159613338,2.597934955,0.404219505,2.701483847,1.830457219,2.701483847,standard,0.780297911,0.818658130
54.793528138,-2.725910577,10.194769507,2.625581929,0.390595187,2.748195121,-0.293233376,2.748195121,standard,0.773344418,0.811704637
54.863063072,-2.786882938,10.228274910,2.652704143,0.392715644,2.740765677,-0.962183924,2.740765677,standard,0.766390924,0.804751143
54.932598006,-2.848745203,10.260100370,2.680271745,0.399838129,2.716244780,-0.963318147,2.716244780,standard,0.759437431,0.797797650
55.002132940,-2.911466099,10.290191581,2.708343477,0.407232607,2.691471192,-0.955679710,2.691471192,standard,0.752483938,0.790844157
55.071667874,-2.975014464,10.318494060,2.736937643,0.414843761,2.666666632,-0.429126075,2.666666632,standard,0.745530444,0.783890663
55.141202808,-3.039356938,10.344955008,2.765946002,0.418354715,2.655453336,-0.367371711,2.655453336,standard,0.738576951,0.776937170
55.210737743,-3.104445157,10.369533107,2.795157190,0.421407978,2.645815958,-0.416089478,2.645815958,standard,0.731623457,0.769983676
55.280272677,-3.170224477,10.392191848,2.824596265,0.424920411,2.634857980,-0.459338353,2.634857980,standard,0.724669964,0.763030183
55.349807611,-3.236640234,10.412894738,2.854292912,0.428866560,2.622707847,2.137305478,2.622707847,standard,0.717716470,0.756076689
55.419342545,-3.303635525,10.431619019,2.883598488,0.411102199,2.678774205,2.400000000,2.678774205,standard,0.710762977,0.749123196
55.488877479,-3.371140681,10.448420340,2.911482691,0.390594533,2.740364743,2.400000000,2.748197420,standard,0.703809484,0.742169703
55.558412414,-3.439081513,10.463382121,2.937952587,0.370420189,2.800601116,2.400000000,2.822043367,standard,0.696855990,0.735216209
55.627947348,-3.507383826,10.476587814,2.963033272,0.350691501,2.859568900,2.400000000,2.900336495,standard,0.689902497,0.728262716
55.697482282,-3.575977539,10.488124066,2.986638628,0.327812095,2.917345022,2.400000000,2.999842967,standard,0.682949003,0.721309222
55.767017216,-3.644812290,10.498092816,3.008635766,0.304715668,2.973998934,2.400000000,3.111455649,standard,0.675995510,0.714355729
55.836552150,-3.713843606,10.506600576,3.029029987,0.281732520,3.029593594,2.400000000,3.200000000,standard,0.669042017,0.707402236
55.906087085,-3.783027018,10.513753856,3.047831564,0.258942559,3.084186284,2.400000000,3.200000000,standard,0.662088523,0.700448742
55.975622019,-3.852321865,10.519658097,3.065112602,0.238015711,3.137829300,2.400000000,3.200000000,standard,0.655135030,0.693495249
56.045156953,-3.921702862,10.524414406,3.080937250,0.217081220,3.190570545,0.433304504,3.200000000,standard,0.648181536,0.686541755
56.114691887,-3.991148596,10.528122803,3.095307389,0.196189364,3.200000000,0.000000000,3.200000000,standard,0.641228043,0.679588262
56.184226821,-4.060637657,10.530883305,3.108227319,0.175560199,3.200000000,0.000000000,3.200000000,standard,0.634274549,0.672634768
56.253761755,-4.130151397,10.532792767,3.119833166,0.158223054,3.200000000,0.000000000,3.200000000,standard,0.627321056,0.665681275
56.323296690,-4.199680578,10.533937267,3.130232645,0.140875321,3.200000000,0.000000000,3.200000000,standard,0.620367563,0.658727782
56.392831624,-4.269217966,10.534400589,3.139426077,0.123537758,3.200000000,0.000000000,3.200000000,standard,0.613414069,0.651774288
56.462366558,-4.338756327,10.534266515,-3.135769101,0.106660739,3.200000000,0.000000000,3.200000000,standard,0.606460576,0.644820795
56.531901492,-4.408289901,10.533614438,-3.128815439,0.093337420,3.200000000,0.000000000,3.200000000,standard,0.599507082,0.637867301
56.601436426,-4.477817185,10.532511092,-3.122788483,0.080009902,3.200000000,0.000000000,3.200000000,standard,0.592553589,0.633134182
56.670971361,-4.547337439,10.531020940,-3.117688230,0.066683917,3.200000000,0.000000000,3.200000000,standard,0.585600095,0.637485659
56.740506295,-4.616849923,10.529208424,-3.113509379,0.054246088,3.200000000,0.000000000,3.200000000,standard,0.578646602,0.644439153
56.810041229,-4.686354334,10.527131253,-3.110015545,0.046244331,3.200000000,0.000000000,3.200000000,standard,0.571693109,0.651392646
56.879576163,-4.755851441,10.524830603,-3.107078166,0.038241719,3.200000000,0.000000000,3.200000000,standard,0.564739615,0.658346140
56.949111097,-4.825342175,10.522345159,-3.104697253,0.030239147,3.200000000,0.000000000,3.200000000,standard,0.557786122,0.665299633
57.018646031,-4.894827468,10.519713625,-3.102876664,0.021735243,3.200000000,0.000000000,3.200000000,standard,0.552725158,0.672253126
57.088180966,-4.964308579,10.516977940,-3.101722033,0.011474802,3.200000000,0.000000000,3.200000000,standard,0.551609629,0.679206620
57.157715900,-5.033787446,10.514186817,-3.101280867,0.001214262,3.200000000,0.000000000,3.200000000,standard,0.553722344,0.686160113
57.227250834,-5.103266097,10.511389828,-3.101553166,-0.009046268,3.200000000,0.000000000,3.200000000,standard,0.558215071,0.693113607
57.296785768,-5.172746552,10.508636489,-3.102530935,-0.018479863,3.200000000,0.000000000,3.200000000,standard,0.564235618,0.692907777
57.366320702,-5.242230520,10.505971532,-3.104069281,-0.025766786,3.200000000,0.000000000,3.200000000,standard,0.570563391,0.685954283
57.435855637,-5.311719142,10.503431073,-3.106114328,-0.033053803,3.200000000,0.000000000,3.200000000,standard,0.572238707,0.679000790
57.505390571,-5.381213500,10.501050331,-3.108666075,-0.040340548,3.200000000,0.000000000,3.200000000,standard,0.565285214,0.672047296
57.574925505,-5.450714666,10.498864564,-3.111729888,-0.048091112,3.200000000,0.000000000,3.200000000,standard,0.558331721,0.667493501
57.644460439,-5.520223172,10.496911546,-3.115375712,-0.056770833,3.200000000,0.000000000,3.200000000,standard,0.551378227,0.673888078
57.713995373,-5.589738709,10.495232939,-3.119625162,-0.065452760,3.200000000,0.000000000,3.200000000,standard,0.544424734,0.680841572
57.783530308,-5.659260899,10.493870741,-3.124478344,-0.074135622,3.200000000,0.000000000,3.200000000,standard,0.537471240,0.687795065
57.853065242,-5.728789339,10.492866574,-3.129893828,-0.079751733,3.200000000,0.000000000,3.200000000,standard,0.530517747,0.694748559
57.922600176,-5.798322780,10.492246547,-3.135467283,-0.080552421,3.200000000,0.000000000,3.200000000,standard,0.527332581,0.701702052
57.992135110,-5.867858831,10.492016007,-3.141096572,-0.081357060,3.200000000,0.000000000,3.200000000,standard,0.527725268,0.708655545
58.061670044,-5.937395026,10.492178855,3.136403366,-0.082165451,3.200000000,0.000000000,3.200000000,standard,0.523466513,0.715609039
58.131204978,-6.006928907,10.492738767,3.130683651,-0.081549447,3.200000000,0.000000000,3.200000000,standard,0.516513019,0.722473320
58.200739913,-6.076458349,10.493692517,3.125096927,-0.079136363,3.200000000,0.000000000,3.200000000,standard,0.509559526,0.715519827
58.270274847,-6.145981615,10.495028862,3.119677943,-0.076724792,3.200000000,0.000000000,3.200000000,standard,0.502606032,0.708566333
58.339809781,-6.215496988,10.496736111,3.114426560,-0.074315405,3.200000000,0.000000000,3.200000000,standard,0.495652539,0.701612840
58.409344715,-6.285002745,10.498802895,3.109314310,-0.073556479,3.200000000,0.000000000,3.200000000,standard,0.488699046,0.694659347
58.478879649,-6.354496937,10.501225509,3.104167094,-0.074487591,3.200000000,0.000000000,3.200000000,standard,0.481745552,0.687705853
58.548414584,-6.423977389,10.504008031,3.098955057,-0.075421366,3.200000000,0.000000000,3.200000000,standard,0.474792059,0.680752360
58.617949518,-6.493441919,10.507154888,3.093678031,-0.076357591,3.200000000,0.000000000,3.200000000,standard,0.467838565,0.673798866
58.687484452,-6.562888434,10.510669214,3.088438223,-0.071898550,3.200000000,0.000000000,3.200000000,standard,0.460885072,0.680752360
58.757019386,-6.632316577,10.514529947,3.083750097,-0.062942797,3.200000000,0.000000000,3.200000000,standard,0.454719209,0.687705853
58.826554320,-6.701727529,10.518694535,3.079684662,-0.053988194,3.200000000,0.000000000,3.200000000,standard,0.451612909,0.694659347
58.896089254,-6.771122525,10.523119681,3.076241809,-0.045035846,3.200000000,0.000000000,3.200000000,standard,0.449559228,0.701612840
58.965624189,-6.840502891,10.527761711,3.073449168,-0.034744084,3.200000000,0.000000000,3.200000000,standard,0.446639441,0.708566333
59.035159123,-6.909871365,10.532571192,3.071422785,-0.023539607,3.200000000,0.000000000,3.200000000,standard,0.442279675,0.715519827
59.104694057,-6.979231779,10.537494204,3.070175524,-0.012334736,3.200000000,0.000000000,3.200000000,standard,0.436954202,0.722473320
59.174228991,-7.048587995,10.542476708,3.069707395,-0.001129859,3.200000000,0.000000000,3.200000000,standard,0.431165009,0.729426814
59.243763925,-7.117943866,10.547464764,3.070011634,0.009769625,3.200000000,0.000000000,3.200000000,standard,0.425397773,0.736380307
59.313298860,-7.187303086,10.552405720,3.071063858,0.020494994,3.200000000,0.000000000,3.200000000,standard,0.419926411,0.743333801
59.382833794,-7.256669243,10.557247824,3.072861871,0.031220314,3.200000000,0.000000000,3.200000000,standard,0.414876919,0.750287294
59.452368728,-7.326045921,10.561939341,3.075405657,0.041944965,3.200000000,0.000000000,3.200000000,standard,0.410372267,0.757240787
59.521903662,-7.395436609,10.566428405,3.078703310,0.053019972,3.200000000,0.000000000,3.200000000,standard,0.406511542,0.764194281
59.591438596,-7.464843667,10.570661610,3.082781348,0.064273221,3.200000000,0.000000000,3.200000000,standard,0.403116229,0.771147774
59.660973531,-7.534268725,10.574584559,3.087641960,0.075528534,3.200000000,0.000000000,3.200000000,standard,0.399828702,0.778101268
59.730508465,-7.603713405,10.578142839,3.093285220,0.086783204,3.200000000,0.000000000,3.200000000,standard,0.396288349,0.785054761
59.800043399,-7.673179088,10.581283314,3.099629910,0.094630610,3.200000000,0.000000000,3.200000000,tight_bend_1_standard,0.392209732,0.792008254
59.869578333,-7.742664592,10.583966764,3.106429007,0.100922973,3.200000000,0.000000000,3.200000000,tight_bend_1_standard,0.388124490,0.798961748
59.939113267,-7.812167158,10.586162503,3.113665927,0.107222767,3.200000000,0.000000000,3.200000000,tight_bend_1_standard,0.385065646,0.805915241
60.008648201,-7.881684006,10.587839970,3.121341081,0.113527099,3.200000000,0.000000000,3.200000000,tight_bend_1_standard,0.384073493,0.812868735
60.078183136,-7.951212240,10.588968791,3.129443083,0.119354866,3.200000000,0.000000000,3.200000000,tight_bend_1_standard,0.385974584,0.819822228
60.147718070,-8.020747769,10.589520531,3.137938493,0.124985460,3.200000000,0.000000000,3.200000000,tight_bend_1_standard,0.389380801,0.826775722
60.217253004,-8.090285799,10.589467905,-3.136359562,0.130622797,3.200000000,0.000000000,3.200000000,tight_bend_1_standard,0.382549321,0.833729215
60.286787938,-8.159821526,10.588783640,-3.127080050,0.136262347,3.200000000,-0.859342287,3.200000000,tight_bend_1_standard,0.375595828,0.840682708
60.356322872,-8.229349673,10.587436524,-3.117164686,0.151904178,3.181271975,-4.000000000,3.200000000,tight_bend_1_standard,0.368642334,0.847636202
60.425857807,-8.298860101,10.585354685,-3.105907108,0.171865077,3.092606005,-4.000000000,3.200000000,tight_bend_1_standard,0.361688841,0.854589695
60.495392741,-8.368339803,10.582442269,-3.093260648,0.191847579,3.001321780,-4.000000000,3.200000000,tight_bend_1_standard,0.354735347,0.857316938
60.564927675,-8.437775733,10.578603116,-3.079224496,0.211817251,2.907172674,-4.000000000,3.200000000,tight_bend_1_standard,0.347781854,0.850363444
60.634462609,-8.507153185,10.573734414,-3.063352503,0.251499196,2.809870724,-4.000000000,3.200000000,tight_bend_1_standard,0.346452108,0.843409951
60.703997543,-8.576437027,10.567651677,-3.044108813,0.301889580,2.709076229,-4.000000000,3.125985410,tight_bend_1_standard,0.352906558,0.836456457
60.773532477,-8.645578412,10.560115562,-3.021357646,0.352310205,2.604383716,-4.000000000,2.893665966,tight_bend_1_standard,0.359860051,0.831637769
60.843067412,-8.714528236,10.550885708,-2.995101869,0.402436561,2.495302599,-4.000000000,2.707461522,tight_bend_1_standard,0.366813545,0.829400660
60.912602346,-8.783234627,10.539719183,-2.965083794,0.469258012,2.381229848,-4.000000000,2.507293413,tight_bend_1_standard,0.373767038,0.829468811
60.982137280,-8.851569867,10.526302693,-2.929342357,0.557479893,2.261410205,-4.000000000,2.300363161,tight_bend_1_standard,0.380720532,0.831627013
61.051672214,-8.919323012,10.510245721,-2.887402447,0.647256768,2.134876260,-3.994765696,2.134876260,tight_bend_1_standard,0.387674025,0.835727117
61.121207148,-8.986278860,10.491153807,-2.839198909,0.737104708,2.000536205,-3.047096211,2.000536205,tight_bend_1_standard,0.394627518,0.841624404
61.190742083,-9.052222212,10.468632489,-2.784761582,0.824394053,1.891662188,-1.597045457,1.891662188,tight_bend_1_standard,0.401581012,0.848577898
61.260277017,-9.116902785,10.442327130,-2.725275579,0.878948021,1.832016630,-1.574203962,1.832016630,tight_bend_1_standard,0.408534505,0.855531391
61.329811951,-9.179906375,10.412069168,-2.661735949,0.940280822,1.771259607,-1.529139426,1.771259607,tight_bend_1_standard,0.415487999,0.862484885
61.399346885,-9.240770942,10.377744344,-2.593665650,1.008649295,1.710176417,-1.415371336,1.710176417,tight_bend_1_standard,0.422441492,0.869438378
61.468881819,-9.299034441,10.339238406,-2.520681906,1.081430677,1.651625827,-1.244559025,1.651625827,tight_bend_1_standard,0.429394985,0.876391871
61.538416753,-9.354234825,10.296437101,-2.442553536,1.154694991,1.598370174,0.239675915,1.598370174,tight_bend_1_standard,0.436348479,0.883345365
61.607951688,-9.405930125,10.249303591,-2.362278948,1.139823980,1.608763162,0.091548101,1.608763162,tight_bend_1_standard,0.443301972,0.890298858
61.677486622,-9.453763090,10.198127734,-2.282673709,1.134244358,1.612715255,-0.089735903,1.612715255,tight_bend_1_standard,0.450255466,0.893343508
61.747021556,-9.497398816,10.143285557,-2.203032954,1.139713000,1.608841488,-0.261270116,1.608841488,tight_bend_1_standard,0.457208959,0.886390014
61.816556490,-9.536502398,10.085153084,-2.122655327,1.155939746,1.597509353,-0.407795774,1.597509353,tight_bend_1_standard,0.464162453,0.879436521
61.886091424,-9.570738932,10.024106342,-2.040862666,1.182211195,1.579659466,0.556511884,1.579659466,tight_bend_1_standard,0.471115946,0.872483028
61.955626359,-9.599807253,9.960526266,-1.958880212,1.146647214,1.603969471,0.924437495,1.603969471,tight_bend_1_standard,0.478069439,0.865529534
62.025161293,-9.623685868,9.894834498,-1.880640972,1.092075085,1.643556955,0.923234829,1.643556955,tight_bend_1_standard,0.485022933,0.858576041
62.094696227,-9.642491562,9.827472804,-1.806016743,1.042523063,1.682163372,0.857426846,1.682163372,tight_bend_1_standard,0.491976426,0.851622547
62.164231161,-9.656342100,9.758883093,-1.734575383,1.000367644,1.717240766,0.725988287,1.717240766,tight_bend_1_standard,0.498929920,0.844669054
62.233766095,-9.665355250,9.689507275,-1.665791956,0.967251506,1.746390261,0.544485658,1.746390261,tight_bend_1_standard,0.505883413,0.837715560
62.303301030,-9.669648804,9.619776898,-1.599059893,0.943818638,1.767936790,0.538238502,1.767936790,tight_bend_1_standard,0.512836907,0.830762067
62.372835964,-9.669340861,9.550000823,-1.533963209,0.921744443,1.788981065,0.545056957,1.788981065,tight_bend_1_standard,0.519790400,0.823808574
62.442370898,-9.664549721,9.480407657,-1.470404571,0.900418519,1.810042610,0.526430063,1.810042610,tight_bend_1_standard,0.526743893,0.816855080
62.511905832,-9.655393686,9.411224624,-1.408256321,0.880737720,1.830154313,0.483474514,1.830154313,tight_bend_1_standard,0.523358966,0.809901587
62.581440766,-9.641991059,9.342678946,-1.347353688,0.863405820,1.848432186,-0.673782188,1.848432186,tight_bend_1_standard,0.516405473,0.802948093
62.650975700,-9.624444876,9.275009292,-1.286492364,0.887752367,1.822909418,-1.111852117,1.822909418,tight_bend_1_standard,0.509451979,0.795994600
62.720510635,-9.602728670,9.208551408,-1.222937581,0.931077063,1.779992589,-1.143664726,1.779992589,tight_bend_1_standard,0.502498486,0.789041106
62.790045569,-9.576750704,9.143689974,-1.156181314,0.980286501,1.734740417,-1.115331946,1.734740417,tight_bend_1_standard,0.495544993,0.782087613
62.859580503,-9.546418742,9.080810039,-1.085887368,1.033559050,1.689442289,-1.032844896,1.689442289,tight_bend_1_standard,0.488591499,0.775134120
62.929115437,-9.511640549,9.020296657,-1.011821082,1.088328905,1.646383201,0.021950365,1.646383201,tight_bend_1_standard,0.481638006,0.768180626
62.998650371,-9.472351732,8.962530006,-0.935341034,1.087104616,1.647310013,0.230565873,1.647310013,tight_bend_1_standard,0.474684512,0.761227133
63.068185306,-9.428733600,8.907847276,-0.859776889,1.074409194,1.657013894,0.071022982,1.657013894,tight_bend_1_standard,0.467731019,0.754273639
63.137720240,-9.381095413,8.856563268,-0.784741909,1.070558049,1.659991627,-0.094029882,1.659991627,tight_bend_1_standard,0.460777525,0.747320146
63.207255174,-9.329747529,8.808992592,-0.709661870,1.075662667,1.656048151,-0.251335661,1.656048151,tight_bend_1_standard,0.453824032,0.740366653
63.276790108,-9.275000310,8.765449855,-0.633963990,1.089549014,1.645461109,0.493738658,1.645461109,tight_bend_1_standard,0.446870539,0.733413159
63.346325042,-9.217167871,8.726234568,-0.558127229,1.062601097,1.666195196,1.097809778,1.666195196,tight_bend_1_standard,0.439917045,0.726459666
63.415859976,-9.156617656,8.691431835,-0.485848224,1.007211398,1.711396708,1.138266699,1.711396708,tight_bend_1_standard,0.432963552,0.719506172
63.485394911,-9.093756745,8.660967401,-0.417309858,0.955565462,1.757036509,1.116635095,1.757036509,tight_bend_1_standard,0.426010058,0.712552679
63.554929845,-9.028993159,8.634763231,-0.352176457,0.909800922,1.800685311,1.027566152,1.800685311,tight_bend_1_standard,0.419056565,0.705599185
63.624464779,-8.962734919,8.612741289,-0.290028952,0.871396349,1.839937792,2.129852615,1.839937792,tight_bend_1_standard,0.412103072,0.698645692
63.693999713,-8.895377830,8.594804778,-0.231335357,0.801288711,1.918741619,2.400000000,1.918741619,tight_bend_1_standard,0.405149578,0.691692199
63.763534647,-8.827194081,8.580667046,-0.178587608,0.713281617,2.003830603,2.400000000,2.033670048,tight_bend_1_standard,0.398196085,0.684738705
63.833069582,-8.758384054,8.569931161,-0.131984827,0.625113040,2.085450736,2.400000000,2.172359657,tight_bend_1_standard,0.391242591,0.677785212
63.902604516,-8.689147245,8.562198825,-0.091456264,0.538691198,2.163994560,2.400000000,2.340135842,tight_bend_1_standard,0.384289098,0.670831718
63.972139450,-8.619682916,8.557072042,-0.056802451,0.463998114,2.239785735,2.400000000,2.521464746,tight_bend_1_standard,0.380102389,0.673280164
64.041674384,-8.550144063,8.554212300,-0.025848121,0.425376119,2.313094858,2.400000000,2.633446233,tight_bend_1_standard,0.380104438,0.666546026
64.111209318,-8.480581811,8.553412050,0.002388253,0.386338785,2.384150898,2.400000000,2.763292467,tight_bend_1_standard,0.381600039,0.659592532
64.180744253,-8.411033712,8.554481196,0.027901855,0.347270610,2.453149647,2.400000000,2.914586794,tight_bend_1_standard,0.374818319,0.652639039
64.250279187,-8.341537315,8.557229640,0.050702674,0.308426922,2.520260081,2.400000000,3.092679164,tight_bend_1_standard,0.367864826,0.645685545
64.319814121,-8.272124256,8.561466632,0.070762876,0.268440383,2.585629238,2.400000000,3.200000000,tight_bend_1_standard,0.360911333,0.638732052
64.389349055,-8.202801481,8.566998685,0.088037921,0.228372120,2.649386012,2.400000000,3.200000000,tight_bend_1_standard,0.353957839,0.631778559
64.458883989,-8.133569498,8.573631599,0.102529516,0.188373576,2.711644137,2.400000000,3.200000000,tight_bend_1_standard,0.347004346,0.624825065
64.528418923,-8.064428812,8.581171176,0.114243684,0.148499058,2.772504573,-0.069460189,3.200000000,tight_bend_1_standard,0.347600579,0.617871572
64.597953858,-7.995378364,8.589434275,0.123706668,0.125376605,2.770761951,-4.000000000,2.914697168,tight_bend_1_standard,0.354554072,0.610918078
64.667488792,-7.926408523,8.598298326,0.131687389,0.104157022,2.668490644,-4.000000000,2.914697168,tight_bend_1_standard,0.361507566,0.603964585
64.737023726,-7.857506736,8.607661384,0.138191743,0.082922851,2.562140286,-4.000000000,2.914697168,tight_bend_1_standard,0.368461059,0.597011091
64.806558660,-7.788660447,8.617421522,0.143219437,0.061686976,2.451179996,-4.000000000,2.914697168,tight_bend_1_standard,0.375414553,0.590057598
64.876093594,-7.719856936,8.627477588,0.146806817,0.041632280,2.334952655,0.000000000,2.334952655,tight_bend_1_standard,0.382368046,0.583104105
64.945628529,-7.651082538,8.637732835,0.149009819,0.021731833,2.334952655,0.000000000,2.334952655,tight_bend_1_standard,0.389321539,0.576150611
65.015163463,-7.582323255,8.648092066,0.149829078,0.001832143,2.334952655,0.000000000,2.334952655,tight_bend_1_standard,0.396275033,0.569197118
65.084698397,-7.513565091,8.658460088,0.149264621,-0.018067225,2.334952655,-0.177541504,2.334952655,tight_bend_1_standard,0.403228526,0.562243624
65.154233331,-7.444794691,8.668745880,0.147517052,-0.031614815,2.329659466,0.000000000,2.329659466,tight_bend_1_standard,0.410182020,0.555290131
65.223768265,-7.376002103,8.678880432,0.144869971,-0.044521716,2.329659466,0.000000000,2.329659466,tight_bend_1_standard,0.417135513,0.548336638
65.293303199,-7.307178489,8.688801965,0.141325427,-0.057427696,2.329659466,0.000000000,2.329659466,tight_bend_1_standard,0.424089006,0.541383144
65.362838134,-7.238315013,8.698448700,0.136883520,-0.070329896,2.329659466,0.000000000,2.329659466,tight_bend_1_standard,0.431042500,0.534429651
65.432373068,-7.169403909,8.707761717,0.131678814,-0.079182322,2.329659466,0.000000000,2.329659466,tight_bend_1_standard,0.437995993,0.527476157
65.501908002,-7.100442321,8.716695186,0.125871238,-0.087852895,2.329659466,0.000000000,2.329659466,tight_bend_1_standard,0.444949487,0.520522664
65.571442936,-7.031428802,8.725207031,0.119460485,-0.096533827,2.329659466,0.000000000,2.329659466,tight_bend_1_standard,0.451902980,0.513569170
65.640977870,-6.962361905,8.733255173,0.112446163,-0.104763313,2.329659466,0.000000000,2.329659466,standard,0.452206531,0.506615677
65.710512805,-6.893243863,8.740837743,0.106553028,-0.064740774,2.329659466,0.000000000,2.329659466,standard,0.459160024,0.499662184
65.780047739,-6.824091238,8.748109215,0.103442981,-0.024714145,2.329659466,0.000000000,2.329659466,standard,0.466113518,0.492708690
65.849582673,-6.754924069,8.755262059,0.103115955,0.015306957,2.329659466,0.000000000,2.329659466,standard,0.473067011,0.485755197
65.919117607,-6.685762397,8.762488743,0.105570476,0.054779863,2.329659466,0.000000000,2.329659466,standard,0.480020505,0.478801703
65.988652541,-6.616626640,8.769973518,0.110480355,0.086433492,2.329659466,0.000000000,2.329659466,standard,0.486973998,0.471848210
66.058187476,-6.547538464,8.777873550,0.117591902,0.118104841,2.329659466,0.000000000,2.329659466,standard,0.493927491,0.464894716
66.127722410,-6.478519791,8.786340431,0.126905900,0.149782958,2.329659466,0.000000000,2.329659466,standard,0.500880985,0.457941223
66.197257344,-6.409592542,8.795525723,0.138410472,0.178502634,2.329659466,0.000000000,2.329659466,standard,0.507834478,0.450987730
66.266792278,-6.340777941,8.805552258,0.151028952,0.184412566,2.329659466,0.000000000,2.329659466,standard,0.514787972,0.444034236
66.336327212,-6.272095218,8.816460864,0.164061130,0.190386396,2.329659466,0.000000000,2.329659466,standard,0.521741465,0.437080743
66.405862146,-6.203563252,8.828277833,0.177510720,0.196417065,2.329659466,0.000000000,2.329659466,standard,0.528694958,0.430127249
66.475397081,-6.135200908,8.841029392,0.191362486,0.198899283,2.329659466,0.000000000,2.329659466,tight_bend_2_standard,0.535648452,0.423173756
66.544932015,-6.067020301,8.854713232,0.204564549,0.180794139,2.329659466,0.000000000,2.329659466,tight_bend_2_standard,0.542601945,0.416220263
66.614466949,-5.999016130,8.869253398,0.216508177,0.162706769,2.329659466,0.000000000,2.329659466,tight_bend_2_standard,0.549555439,0.409266769
66.684001883,-5.931180323,8.884562209,0.227195345,0.144659325,2.329659466,2.400000000,2.329659466,tight_bend_2_standard,0.556508932,0.402313276
66.753536817,-5.863504754,8.900551808,0.236576710,0.117072076,2.400225179,2.400000000,3.200000000,tight_bend_2_standard,0.563462426,0.395359782
66.823071752,-5.795959321,8.917061743,0.241956408,0.037656615,2.468774716,2.400000000,3.200000000,tight_bend_2_standard,0.570415919,0.388406289
66.892606686,-5.728458416,8.933748213,0.241813244,-0.041774209,2.535471609,2.400000000,3.200000000,tight_bend_2_standard,0.577369412,0.381452795
66.962141620,-5.660907806,8.950238918,0.236147296,-0.121185692,2.600458414,-3.003290752,3.200000000,tight_bend_2_standard,0.584322906,0.374499302
67.031676554,-5.593213272,8.966161579,0.224971022,-0.197901965,2.518872112,0.000000000,2.518872112,tight_bend_2_standard,0.591276399,0.367545809
67.101211488,-5.525296493,8.981166809,0.209267247,-0.253687350,2.518872112,0.000000000,2.518872112,tight_bend_2_standard,0.598229893,0.360592315
67.170746422,-5.457125060,8.994971342,0.189674734,-0.309700384,2.518872112,0.000000000,2.518872112,tight_bend_2_standard,0.605183386,0.353638822
67.240281357,-5.388674806,9.007303777,0.166183426,-0.365768262,2.518872112,0.000000000,2.518872112,tight_bend_2_standard,0.612136880,0.346685328
67.309816291,-5.319921561,9.017892714,0.138796049,-0.421506290,2.518872112,-2.300250342,2.518872112,tight_bend_2_standard,0.619090373,0.353638822
67.379351225,-5.250856221,9.026462887,0.107440338,-0.479834667,2.454551121,-4.000000000,2.479506191,tight_bend_2_standard,0.626043866,0.360592315
67.448886159,-5.181534743,9.032722338,0.071971465,-0.539449115,2.338491337,-3.950822503,2.338491337,tight_bend_2_standard,0.632997360,0.367545809
67.518421093,-5.112030647,9.036374600,0.032327620,-0.599703031,2.217904725,-3.210971885,2.217904725,tight_bend_2_standard,0.639950853,0.374499302
67.587956028,-5.042417458,9.037123206,-0.011515941,-0.659578703,2.114840875,-2.510604422,2.114840875,tight_bend_2_standard,0.646904347,0.381452795
67.657490962,-4.972780487,9.034673753,-0.059445487,-0.715428581,2.030616286,-2.238070260,2.030616286,tight_bend_2_standard,0.653857840,0.388406289
67.727025896,-4.903315859,9.028751209,-0.111341858,-0.773840647,1.952473909,-2.024299892,1.952473909,tight_bend_2_standard,0.660811333,0.395359782
67.796560830,-4.834280441,9.019091162,-0.167427807,-0.835543689,1.878998469,-1.786290897,1.878998469,tight_bend_2_standard,0.664323265,0.402313276
67.866095764,-4.765931717,9.005429308,-0.227876577,-0.898783016,1.811688717,-1.285006243,1.811688717,tight_bend_2_standard,0.657369771,0.409266769
67.935630698,-4.698527547,8.987502015,-0.292669488,-0.950536540,1.761678279,-0.549894888,1.761678279,tight_bend_2_standard,0.650416278,0.416220262
68.005165633,-4.632371718,8.965128160,-0.359857285,-0.974550507,1.739838081,-0.679569827,1.739838081,tight_bend_2_standard,0.647881308,0.423173756
68.074700567,-4.567857642,8.938287644,-0.429024995,-1.005957703,1.712462806,-0.758897353,1.712462806,tight_bend_2_standard,0.654834801,0.430127249
68.144235501,-4.505389093,8.906978977,-0.500612544,-1.043513041,1.681365251,-0.786091082,1.681365251,tight_bend_2_standard,0.661788295,0.437080743
68.213770435,-4.445369840,8.871200668,-0.574991232,-1.085489661,1.648534963,-0.430300181,1.648534963,tight_bend_2_standard,0.668741788,0.444034236
68.283305369,-4.388203261,8.830954128,-0.652161737,-1.109929805,1.630283943,-0.017113450,1.630283943,tight_bend_2_standard,0.675695281,0.450987730
68.352840304,-4.334277009,8.786356837,-0.729833898,-1.110924588,1.629553856,-0.169468375,1.629553856,tight_bend_2_standard,0.682648775,0.457941223
68.422375238,-4.283958051,8.737678941,-0.807927864,-1.120872699,1.622306329,-0.304721050,1.622306329,tight_bend_2_standard,0.689602268,0.464894716
68.491910172,-4.237611944,8.685200980,-0.887020280,-1.139215929,1.609192440,-0.411514838,1.609192440,tight_bend_2_standard,0.696555762,0.471848210
68.561445106,-4.195604249,8.629203493,-0.967651977,-1.164962204,1.591311093,-0.278530905,1.591311093,tight_bend_2_standard,0.703509255,0.478801703
68.630980040,-4.158299947,8.569967529,-1.050181542,-1.183059041,1.579093328,0.206044572,1.579093328,tight_bend_2_standard,0.710462749,0.485755197
68.700514975,-4.126000969,8.507829783,-1.132535965,-1.169618313,1.588140526,0.074834024,1.588140526,tight_bend_2_standard,0.717416242,0.492708690
68.770049909,-4.098890173,8.443232038,-1.214277729,-1.164812022,1.591413676,-0.063163877,1.591413676,tight_bend_2_standard,0.724369735,0.499662184
68.839584843,-4.077137201,8.376627743,-1.296005354,-1.168866177,1.588651408,-0.194586899,1.588651408,tight_bend_2_standard,0.731323229,0.506615677
68.909119777,-4.060911692,8.308470346,-1.378316906,-1.181534993,1.580111427,-0.285282341,1.580111427,tight_bend_2_standard,0.738276722,0.512990004
68.978654711,-4.050383286,8.239213296,-1.461785925,-1.200613114,1.567506920,0.282657747,1.567506920,tight_bend_2_standard,0.745230216,0.506036511
69.048189645,-4.045680019,8.169315816,-1.545212086,-1.181707748,1.579995924,0.163241790,1.579995924,tight_bend_2_standard,0.747602628,0.499083017
69.117724580,-4.046778387,8.099258157,-1.627609574,-1.171058205,1.587163865,0.027466231,1.587163865,tight_bend_2_standard,0.740649134,0.492129524
69.187259514,-4.053620386,8.029525357,-1.709570989,-1.169285204,1.588366727,-0.111468521,1.588366727,tight_bend_2_standard,0.733695641,0.485176030
69.256794448,-4.066148014,7.960602458,-1.791706196,-1.176514248,1.583479380,-0.240029397,1.583479380,tight_bend_2_standard,0.726742147,0.478222537
69.326329382,-4.084303269,7.892974496,-1.874619702,-1.192388396,1.572903713,0.327507777,1.572903713,tight_bend_2_standard,0.719788654,0.471269043
69.395864316,-4.108006250,7.827114829,-1.957598230,-1.170833519,1.587316148,0.398502960,1.587316148,tight_bend_2_standard,0.712835161,0.464315550
69.465399251,-4.137025577,7.763415998,-2.038653899,-1.145634490,1.604678257,0.290349669,1.604678257,tight_bend_2_standard,0.705881667,0.457362057
69.534934185,-4.171065821,7.702236373,-2.118216748,-1.127946963,1.617210932,0.154947739,1.617210932,tight_bend_2_standard,0.698928174,0.450408563
69.604469119,-4.209831326,7.643934205,-2.196834621,-1.118729529,1.623859526,0.003915334,1.623859526,tight_bend_2_standard,0.691974680,0.443455070
69.674004053,-4.253026435,7.588867742,-2.275089447,-1.118498566,1.624027175,0.461665664,1.624027175,tight_bend_2_standard,0.685021187,0.436501576
69.743538987,-4.300349682,7.537380821,-2.352716712,-1.091918011,1.643675165,0.674742728,1.643675165,tight_bend_2_standard,0.678067694,0.429548083
69.813073921,-4.351441938,7.489674269,-2.427755267,-1.055265722,1.671976205,0.615562136,1.671976205,tight_bend_2_standard,0.671114200,0.422594590
69.882608856,-4.405911090,7.445867100,-2.500402415,-1.023910719,1.697383450,0.509767862,1.697383450,tight_bend_2_standard,0.664160707,0.415641096
69.952143790,-4.463364637,7.406077366,-2.571072709,-0.999321165,1.718139670,0.362327571,1.718139670,tight_bend_2_standard,0.657207213,0.408687603
70.021678724,-4.523410078,7.370423118,-2.640238860,-0.982549661,1.732741404,1.443270049,1.732741404,tight_bend_2_standard,0.650253720,0.401734109
70.091213658,-4.585660665,7.338988274,-2.706931295,-0.920980456,1.789722925,1.974415984,1.789722925,tight_bend_2_standard,0.646683275,0.394780616
70.160748592,-4.649768530,7.311626226,-2.768598510,-0.848264241,1.864856541,2.278647940,1.864856541,tight_bend_2_standard,0.649443705,0.387827122
70.230283527,-4.715401885,7.288094971,-2.825263132,-0.777424399,1.947968478,2.400000000,1.947968478,tight_bend_2_standard,0.656397198,0.380873629
70.299818461,-4.782228999,7.268152200,-2.877123918,-0.710442178,2.031833870,2.400000000,2.037730001,tight_bend_2_standard,0.663350692,0.373920136
70.369353395,-4.849918896,7.251555373,-2.924440871,-0.647239632,2.112372258,2.400000000,2.134904520,tight_bend_2_standard,0.670304185,0.366966642
70.438888329,-4.918210549,7.238040299,-2.967227233,-0.581618591,2.189950739,2.400000000,2.252121767,tight_bend_2_standard,0.677257679,0.360013149
70.508423263,-4.986968279,7.227303998,-3.005395836,-0.515238985,2.264873490,2.400000000,2.392801377,tight_bend_2_standard,0.684211172,0.353059655
70.577958198,-5.056069446,7.219039452,-3.038953002,-0.449216124,2.337395904,2.400000000,2.562614858,tight_bend_2_standard,0.691164665,0.347024094
70.647493132,-5.125391410,7.212939643,-3.067945110,-0.384419132,2.407734889,2.400000000,2.770183327,tight_bend_2_standard,0.698118159,0.346472592
70.717028066,-5.194827421,7.208714871,-3.093207538,-0.341796603,2.476076529,2.400000000,2.937833216,tight_bend_2_standard,0.704155293,0.350461042
70.786563000,-5.264332161,7.206142373,-3.115491150,-0.298950475,2.542581889,2.400000000,3.141314247,tight_bend_2_standard,0.697201800,0.357414536
70.856097934,-5.333875151,7.205015564,-3.134794558,-0.256139288,2.607391483,2.400000000,3.200000000,tight_bend_2_standard,0.690248306,0.364368029
70.925632868,-5.403425915,7.205127854,3.132059786,-0.213501969,2.670628770,2.400000000,3.200000000,tight_bend_2_standard,0.683294813,0.371321523
70.995167803,-5.472957916,7.206274178,3.118620288,-0.173243875,2.732402920,2.400000000,3.200000000,tight_bend_2_standard,0.676341319,0.378275016
71.064702737,-5.542466526,7.208257919,3.107965707,-0.133193020,2.792811021,2.400000000,3.200000000,tight_bend_2_standard,0.669387826,0.382878868
71.134237671,-5.611954693,7.210885380,3.100096589,-0.093134782,2.851939881,2.400000000,3.200000000,tight_bend_2_standard,0.662434333,0.384857911
71.203772605,-5.681425367,7.213962871,3.095012432,-0.053092792,2.909867482,2.400000000,3.200000000,tight_bend_2_standard,0.655480839,0.385437681
71.273307539,-5.750881915,7.217304539,3.092317914,-0.026339225,2.966664196,2.400000000,3.200000000,tight_bend_2_standard,0.648527346,0.385118405
71.342842474,-5.820330269,7.220773352,3.091338017,-0.001844481,3.022393776,2.400000000,3.200000000,tight_bend_2_standard,0.641573852,0.385407461
71.412377408,-5.889777350,7.224251031,3.092061427,0.022651842,3.077114203,2.400000000,3.200000000,tight_bend_2_standard,0.634620359,0.388199116
71.481912342,-5.959230079,7.227619334,3.094488130,0.047145970,3.130878392,2.400000000,3.200000000,tight_bend_2_standard,0.641573852,0.395152610
71.551447276,-6.028694702,7.230763875,3.098426340,0.065332453,3.183734786,2.400000000,5.000000000,round_arc_transition,0.648527346,0.402106103
71.620982210,-6.098173496,7.233592844,3.103570221,0.082616147,3.235727873,2.400000000,5.000000000,round_arc_transition,0.655480839,0.409059597
71.690517144,-6.167667298,7.236022619,3.109916068,0.099902567,3.286898622,2.400000000,5.000000000,round_arc_transition,0.662434332,0.416013090
71.760052079,-6.237176945,7.237969593,3.117463908,0.117183719,3.337284861,2.400000000,5.000000000,round_arc_transition,0.669387826,0.422966583
71.829587013,-6.306702237,7.239350548,3.126194448,0.133877359,3.386921600,2.400000000,4.694155151,dynamic_arc_transition,0.676341319,0.429920077
71.899121947,-6.376237878,7.240084182,3.136083962,0.150553734,3.435841325,2.400000000,4.426548650,dynamic_arc_transition,0.671903680,0.436873570
71.968656881,-6.445777008,7.240089784,-3.136051635,0.167243718,3.484074237,2.400000000,4.199872452,dynamic_arc_transition,0.664950186,0.443827064
72.038191815,-6.515312769,7.239286641,-3.123841227,0.183885846,3.531648478,2.400000000,4.005316653,dynamic_arc_transition,0.657996693,0.450095463
72.107726750,-6.584836234,7.237596375,-3.110567253,0.197868369,3.578590318,2.400000000,3.861204657,dynamic_arc_transition,0.651043199,0.443141970
72.177261684,-6.654330563,7.234949547,-3.096317981,0.211926585,3.624924323,-1.655282090,3.730940198,dynamic_arc_transition,0.644089706,0.436188476
72.246796618,-6.723777020,7.231278859,-3.081089277,0.226038445,3.593031656,-4.000000000,3.612599787,dynamic_arc_transition,0.637136213,0.435982467
72.316331552,-6.793156869,7.226517027,-3.064883885,0.238796846,3.514768415,-0.924541825,3.514768415,dynamic_arc_transition,0.630182719,0.442935961
72.385866486,-6.862450680,7.220609944,-3.048189694,0.241308377,3.496429765,-0.934888776,3.496429765,dynamic_arc_transition,0.623229226,0.449889454
72.455401420,-6.931637078,7.213540660,-3.031317571,0.243902313,3.477787550,-0.941729463,3.477787550,dynamic_arc_transition,0.624335226,0.456842948
72.524936355,-7.000694342,7.205298732,-3.014262181,0.246572227,3.458907349,-0.906735914,3.458907349,dynamic_arc_transition,0.631288719,0.463796441
72.594471289,-7.069600748,7.195873720,-2.997019441,0.249198754,3.440630815,-0.796872987,3.440630815,dynamic_arc_transition,0.638242213,0.470749934
72.664006223,-7.138333940,7.185255987,-2.979606482,0.251553677,3.424488193,-0.811739342,3.424488193,dynamic_arc_transition,0.645195706,0.477703428
72.733541157,-7.206870297,7.173437491,-2.962026708,0.253998739,3.407965801,-0.823201673,3.407965801,dynamic_arc_transition,0.652149200,0.484656921
72.803076091,-7.275186049,7.160410381,-2.944274229,0.256527353,3.391127888,0.083215780,3.391127888,dynamic_arc_transition,0.659102693,0.491610415
72.872611026,-7.343257511,7.146167130,-2.926381439,0.256269455,3.392833795,1.593082066,3.392833795,dynamic_arc_transition,0.666056186,0.498563908
72.942145960,-7.411064644,7.130714363,-2.908727410,0.251430365,3.425327849,1.631978931,3.425327849,dynamic_arc_transition,0.673009680,0.505517402
73.011680894,-7.478592384,7.114078009,-2.891407352,0.246659025,3.458298710,1.087133433,3.458298710,dynamic_arc_transition,0.679963173,0.512470895
73.081215828,-7.545826028,7.096285384,-2.874416094,0.241968318,3.480088716,-4.000000000,3.491658449,dynamic_arc_transition,0.686916667,0.519424388
73.150750762,-7.612750357,7.077361979,-2.857594880,0.245600505,3.399226088,-4.000000000,3.465743203,dynamic_arc_transition,0.693870160,0.526377882
73.220285697,-7.679340086,7.057297393,-2.840135935,0.256480920,3.316392395,-4.000000000,3.391434836,dynamic_arc_transition,0.700823654,0.533331375
73.289820631,-7.745560727,7.036048432,-2.821918441,0.267412643,3.231436066,-4.000000000,3.321391268,dynamic_arc_transition,0.707777147,0.540284869
73.359355565,-7.811377458,7.013570699,-2.802939153,0.278358029,3.144185041,-4.000000000,3.255435772,dynamic_arc_transition,0.714730640,0.547238362
73.428890499,-7.876752718,6.989816222,-2.782925112,0.300743105,3.054442683,-4.000000000,3.131938088,dynamic_arc_transition,0.721684134,0.554191855
73.498425433,-7.941619033,6.964697949,-2.761034748,0.328687505,2.961982551,-4.000000000,2.995845487,dynamic_arc_transition,0.728637627,0.561145349
73.567960367,-8.005890484,6.938104738,-2.737193487,0.356850419,2.866541672,-4.000000000,2.875198959,dynamic_arc_transition,0.735591121,0.568098842
73.637495302,-8.069480883,6.909925092,-2.711390336,0.385078197,2.767811713,-2.562891374,2.767811713,dynamic_arc_transition,0.742544614,0.575052336
73.707030236,-8.132303497,6.880053322,-2.683887821,0.403868335,2.702658083,-2.122094529,2.702658083,dynamic_arc_transition,0.749498107,0.582005829
73.776565170,-8.194267670,6.848425507,-2.655201062,0.420872941,2.647497178,-1.998578051,2.647497178,dynamic_arc_transition,0.756451601,0.588959323
73.846100104,-8.255281029,6.814996004,-2.625316541,0.438251199,2.594474768,-1.869257569,2.594474768,dynamic_arc_transition,0.763405094,0.595912816
73.915635038,-8.315251193,6.779719247,-2.594211739,0.455855993,2.543883236,-1.681595300,2.543883236,dynamic_arc_transition,0.770358588,0.602866309
73.985169973,-8.374082339,6.742552524,-2.561895606,0.472947205,2.497495281,-1.631379701,2.497495281,dynamic_arc_transition,0.777312081,0.609819803
74.054704907,-8.431660086,6.703468488,-2.528365149,0.490799022,2.451653915,-1.575061563,2.451653915,dynamic_arc_transition,0.784265575,0.616773296
74.124239841,-8.487863835,6.662444946,-2.493569910,0.509361607,2.406566707,-1.503082528,2.406566707,dynamic_arc_transition,0.791219068,0.623726790
74.193774775,-8.542572981,6.619459707,-2.457467399,0.528434257,2.362737782,1.162397493,2.362737782,dynamic_arc_transition,0.798172561,0.630680283
74.263309709,-8.595682807,6.574511157,-2.421180664,0.513562910,2.396702796,1.276472569,2.396702796,dynamic_arc_transition,0.805126055,0.637633776
74.332844643,-8.647158489,6.527688229,-2.385982016,0.498167490,2.433454985,1.288070529,2.433454985,dynamic_arc_transition,0.812079548,0.644587270
74.402379578,-8.696984423,6.479104746,-2.351825971,0.483540371,2.469986835,1.298622072,2.469986835,dynamic_arc_transition,0.811942690,0.651540763
74.471914512,-8.745145004,6.428874534,-2.318658948,0.469637972,2.506278948,2.160822319,2.506278948,dynamic_arc_transition,0.804989197,0.658494257
74.541449446,-8.791634610,6.377111041,-2.286728551,0.448196163,2.565529076,2.358262078,2.565529076,dynamic_arc_transition,0.798035703,0.665447750
74.610984380,-8.836485014,6.323926293,-2.256287323,0.426923526,2.628669366,2.400000000,2.628669366,dynamic_arc_transition,0.791082210,0.672401244
74.680519314,-8.879736745,6.269431985,-2.227314139,0.406012266,2.691406755,2.400000000,2.695513000,dynamic_arc_transition,0.784128716,0.679354737
74.750054249,-8.921430336,6.213739810,-2.199780058,0.385587627,2.752714661,2.400000000,2.765982723,dynamic_arc_transition,0.777175223,0.686308230
74.819589183,-8.961610283,6.156956523,-2.173668860,0.365133413,2.812686561,2.400000000,2.842400163,dynamic_arc_transition,0.770221730,0.693261724
74.889124117,-9.000333907,6.099172921,-2.148979077,0.344768483,2.871406167,2.400000000,2.925143856,dynamic_arc_transition,0.763268236,0.700215217
74.958659051,-9.037661114,6.040476577,-2.125699003,0.324612742,2.928948797,2.400000000,3.014589805,dynamic_arc_transition,0.756314743,0.707168711
75.028193985,-9.073651811,5.980955060,-2.103810509,0.305128973,2.985382511,2.400000000,3.109347665,dynamic_arc_transition,0.749361249,0.714122204
75.097728920,-9.108365948,5.920689019,-2.083168993,0.288435656,3.040769052,2.400000000,3.198059467,dynamic_arc_transition,0.742407756,0.721075698
75.167263854,-9.141863594,5.859739884,-2.063689319,0.271743043,3.095164634,2.400000000,3.294820738,dynamic_arc_transition,0.735454262,0.728029191
75.236798788,-9.174204839,5.798165772,-2.045367800,0.255117718,3.148620618,2.400000000,3.400483699,dynamic_arc_transition,0.728500769,0.734982684
75.306333722,-9.205449663,5.736024744,-2.028168318,0.243400345,3.201184074,2.400000000,3.481371851,dynamic_arc_transition,0.721547276,0.741936178
75.375868656,-9.235626887,5.673359061,-2.010875580,0.253864792,3.252898271,2.400000000,3.408864755,dynamic_arc_transition,0.714593782,0.748889671
75.445403590,-9.264691473,5.610173522,-1.992852144,0.264432446,3.303803088,-1.371082310,3.340055140,dynamic_arc_transition,0.707640289,0.755843165
75.514938525,-9.292587678,5.546467497,-1.974091960,0.275072674,3.274818866,-1.924107470,3.274818866,dynamic_arc_transition,0.700686795,0.762796658
75.584473459,-9.319259905,5.482240431,-1.954620376,0.282111639,3.233705805,1.269041177,3.233705805,dynamic_arc_transition,0.693733302,0.769750151
75.654008393,-9.344673043,5.417501992,-1.935163284,0.277429329,3.260880038,1.279531720,3.260880038,dynamic_arc_transition,0.686779809,0.776703645
75.723543327,-9.368833362,5.352282496,-1.916027090,0.272863084,3.288051540,1.284732672,3.288051540,dynamic_arc_transition,0.679826315,0.783657138
75.793078261,-9.391752116,5.286614748,-1.897203618,0.268427050,3.315109430,1.296153727,3.315109430,dynamic_arc_transition,0.672872822,0.790610632
75.862613196,-9.413440572,5.220531527,-1.878684443,0.264095387,3.342185881,1.341233643,3.342185881,dynamic_arc_transition,0.665919328,0.797564125
75.932148130,-9.433910910,5.154063404,-1.860467818,0.259757833,3.369975022,1.366130237,3.369975022,dynamic_arc_transition,0.658965835,0.804517619
76.001683064,-9.453176902,5.087237136,-1.842550963,0.255483826,3.398046380,1.386951291,3.398046380,dynamic_arc_transition,0.652012341,0.811471112
76.071217998,-9.471252472,5.020079101,-1.824928786,0.251286195,3.426310309,1.135684482,3.426310309,dynamic_arc_transition,0.645058848,0.818424605
76.140752932,-9.488151478,4.952615645,-1.807586207,0.247950379,3.449281349,0.633279254,3.449281349,dynamic_arc_transition,0.638105355,0.825378099
76.210287866,-9.503884022,4.884871232,-1.790405464,0.246128444,3.462024247,0.618770009,3.462024247,dynamic_arc_transition,0.631151861,0.832331592
76.279822801,-9.518454639,4.816867542,-1.773349143,0.244373929,3.474430047,0.601766248,3.474430047,dynamic_arc_transition,0.624198368,0.839285086
76.349357735,-9.531867410,4.748626031,-1.756412366,0.242691456,3.486452596,0.571104219,3.486452596,dynamic_arc_transition,0.617244874,0.846238579
76.418892669,-9.544126415,4.680168134,-1.739589601,0.241115997,3.497824337,0.537775279,3.497824337,dynamic_arc_transition,0.610291381,0.847648369
76.488427603,-9.555235685,4.611514641,-1.722871924,0.239651066,3.508498743,0.520757520,3.508498743,dynamic_arc_transition,0.603337888,0.840694876
76.557962537,-9.565199188,4.542685514,-1.706253951,0.238249358,3.518804500,0.501699504,3.518804500,dynamic_arc_transition,0.596384394,0.833741382
76.627497472,-9.574020887,4.473700661,-1.689731144,0.236914368,3.528704634,0.375469781,3.528704634,dynamic_arc_transition,0.589430901,0.826787889
76.697032406,-9.581704701,4.404579971,-1.673294362,0.235925015,3.536095718,0.231700791,3.536095718,dynamic_arc_transition,0.582477407,0.819834395
76.766567340,-9.588253284,4.335342757,-1.656907924,0.235318602,3.540649026,0.209401648,3.540649026,dynamic_arc_transition,0.575523914,0.812880902
76.836102274,-9.593667896,4.266007706,-1.640561561,0.234773226,3.544759087,0.186273908,3.544759087,dynamic_arc_transition,0.568867752,0.805927408
76.905637208,-9.597949726,4.196593471,-1.624250961,0.234290205,3.548411204,0.082229408,3.548411204,dynamic_arc_transition,0.564614312,0.798973915
76.975172143,-9.601099920,4.127118697,-1.607968017,0.234077610,3.550022212,-0.015864017,3.550022212,dynamic_arc_transition,0.563188448,0.792020422
77.044707077,-9.603118679,4.057601900,-1.591687583,0.234118595,3.549711467,-0.039637558,3.549711467,dynamic_arc_transition,0.563637843,0.785066928
77.114242011,-9.604005308,3.988061467,-1.575402165,0.234221061,3.548934926,-0.063253963,3.548934926,dynamic_arc_transition,0.559162243,0.778113435
77.183776945,-9.603759077,3.918515783,-1.559107480,0.234384763,3.547695363,-0.172119919,3.547695363,dynamic_arc_transition,0.552208750,0.771159941
77.253311879,-9.602379196,3.848983245,-1.542794823,0.234831372,3.544320202,-0.258470840,3.544320202,dynamic_arc_transition,0.545255256,0.764206448
77.322846813,-9.599863905,3.779482469,-1.526439932,0.235505247,3.539245709,-0.281074354,3.539245709,dynamic_arc_transition,0.538301763,0.757252955
77.392381748,-9.596210647,3.710032253,-1.510035972,0.236242456,3.533719176,-0.302564961,3.533719176,dynamic_arc_transition,0.531348269,0.750299461
77.461916682,-9.591416842,3.640651399,-1.493578581,0.237041207,3.527760415,-0.397211872,3.527760415,dynamic_arc_transition,0.524394776,0.743345968
77.531451616,-9.585479850,3.571358754,-1.477059145,0.238098056,3.519922349,-0.461508773,3.519922349,dynamic_arc_transition,0.524901958,0.736392474
77.600986550,-9.578396246,3.502173771,-1.460457313,0.239337875,3.510793554,-0.481334276,3.510793554,dynamic_arc_transition,0.531855451,0.729438981
77.670521484,-9.570162047,3.433116329,-1.443766913,0.240644785,3.501247247,-0.499245449,3.501247247,dynamic_arc_transition,0.538808945,0.722485487
77.740056419,-9.560773262,3.364206314,-1.426983368,0.242015493,3.491318130,-0.574062496,3.491318130,dynamic_arc_transition,0.545762438,0.715531994
77.809591353,-9.550225849,3.295463705,-1.410098373,0.243611043,3.479866016,-0.618769152,3.479866016,dynamic_arc_transition,0.552715932,0.708578501
77.879126287,-9.538515249,3.226909443,-1.393095486,0.245354578,3.467479682,-0.635247538,3.467479682,dynamic_arc_transition,0.559669425,0.701625007
77.948661221,-9.525636589,3.158565054,-1.375968803,0.247170701,3.454717290,-0.649158958,3.454717290,dynamic_arc_transition,0.566622918,0.694671514
78.018196155,-9.511584991,3.090452073,-1.358713405,0.249054582,3.441626520,-0.694046836,3.441626520,dynamic_arc_transition,0.573576412,0.687718020
78.087731089,-9.496355566,3.022592179,-1.341322123,0.251100755,3.427575251,-0.721240818,3.427575251,dynamic_arc_transition,0.580529905,0.680764527
78.157266024,-9.479943333,2.955008323,-1.323783606,0.253263032,3.412912134,-0.735008090,3.412912134,dynamic_arc_transition,0.587483399,0.673811033
78.226800958,-9.462343265,2.887724118,-1.306091909,0.255505234,3.397904024,-0.745698892,3.397904024,dynamic_arc_transition,0.594436892,0.666857540
78.296335892,-9.443550333,2.820763183,-1.288241641,0.257820989,3.382609571,-0.751046810,3.382609571,dynamic_arc_transition,0.601390385,0.659904047
78.365870826,-9.423559578,2.754149336,-1.270228089,0.260196172,3.367135211,-0.765409713,3.367135211,dynamic_arc_transition,0.608343879,0.652950553
78.435405760,-9.402366545,2.687907859,-1.252046209,0.262662232,3.351291408,-0.778033748,3.351291408,dynamic_arc_transition,0.615297372,0.645997060
78.504940695,-9.379967006,2.622064685,-1.233689699,0.265217338,3.335109151,-0.787205256,3.335109151,dynamic_arc_transition,0.622250866,0.639043566
78.574475629,-9.356356734,2.556645750,-1.215152567,0.267853660,3.318655830,-0.742696317,3.318655830,dynamic_arc_transition,0.629204359,0.632090073
78.644010563,-9.331531711,2.491677226,-1.196434623,0.270389429,3.303057650,-0.750718438,3.303057650,dynamic_arc_transition,0.636157853,0.625136580
78.713545497,-9.305489198,2.427186738,-1.177538449,0.273001851,3.287215771,-0.764329879,3.287215771,dynamic_arc_transition,0.643111346,0.618183086
78.783080431,-9.278226945,2.363202458,-1.158457086,0.275714018,3.271007837,-0.774264067,3.271007837,dynamic_arc_transition,0.650064839,0.611229593
78.852615365,-9.249742698,2.299752563,-1.139183827,0.278516937,3.254506947,-0.669897454,3.254506947,dynamic_arc_transition,0.657018333,0.604276099
78.922150300,-9.220034633,2.236865447,-1.119725866,0.280988430,3.240162483,-0.679496532,3.240162483,dynamic_arc_transition,0.663971826,0.597322606
78.991685234,-9.189103108,2.174570644,-1.100094324,0.283540555,3.225547306,-0.696256818,3.225547306,dynamic_arc_transition,0.670925320,0.590369112
79.061220168,-9.156949185,2.112898048,-1.080281375,0.286204171,3.210502621,-0.709330137,3.210502621,dynamic_arc_transition,0.677878813,0.583415619
79.130755102,-9.123573924,2.051877559,-1.060279505,0.288969761,3.195102601,-0.536496558,3.195102601,dynamic_arc_transition,0.684832306,0.576462126
79.200290036,-9.088979104,1.991539174,-1.040106755,0.291097255,3.183405429,-0.556088586,3.183405429,dynamic_arc_transition,0.691785800,0.569508632
79.269824971,-9.053169603,1.931913330,-1.019782732,0.293335761,3.171235557,-0.577599853,3.171235557,dynamic_arc_transition,0.698739293,0.562555139
79.339359905,-9.016151141,1.873030584,-0.999298705,0.295697603,3.158545270,-0.587734629,3.158545270,dynamic_arc_transition,0.705692787,0.555601645
79.408894839,-8.977929439,1.814921491,-0.978646357,0.298140250,3.145579763,-0.356859339,3.145579763,dynamic_arc_transition,0.712646280,0.548648152
79.478429773,-8.938511266,1.757616431,-0.957857906,0.299643161,3.137681256,-0.386083858,3.137681256,dynamic_arc_transition,0.719599774,0.541694659
79.547964707,-8.897907228,1.701145134,-0.936959934,0.301286308,3.129113458,-0.412821289,3.129113458,dynamic_arc_transition,0.726553267,0.534741165
79.617499642,-8.856128804,1.645537184,-0.915943007,0.303063301,3.119926286,-0.408770965,3.119926286,dynamic_arc_transition,0.733506760,0.527787672
79.687034576,-8.813187475,1.590822164,-0.894798378,0.304843636,3.110802518,-0.143380209,3.110802518,dynamic_arc_transition,0.740460254,0.520834178
79.756569510,-8.769096073,1.537029006,-0.873573848,0.305473070,3.107595926,-0.175459133,3.107595926,dynamic_arc_transition,0.747413747,0.513880685
79.826104444,-8.723871586,1.484184642,-0.852300442,0.306246875,3.103667405,-0.206344595,3.103667405,dynamic_arc_transition,0.754367241,0.506927191
79.895639378,-8.677531804,1.432315616,-0.830968301,0.307161921,3.099040988,-0.182620462,3.099040988,dynamic_arc_transition,0.761320734,0.499973698
79.965174312,-8.630094516,1.381448471,-0.809568923,0.307976335,3.094940717,0.101904194,3.094940717,dynamic_arc_transition,0.768274227,0.493020205
80.034709247,-8.581579010,1.331608458,-0.788164123,0.307521352,3.097229382,0.070162896,3.097229382,dynamic_arc_transition,0.775227721,0.486066711
80.104244181,-8.532008484,1.282817455,-0.766785985,0.307208868,3.098804187,0.037939672,3.098804187,dynamic_arc_transition,0.782181214,0.479113218
80.173779115,-8.481406760,1.235096797,-0.745424595,0.307040161,3.099655409,0.085349661,3.099655409,dynamic_arc_transition,0.789134708,0.472159724
80.243314049,-8.429797671,1.188467809,-0.724072483,0.306661311,3.101569477,0.373324030,3.101569477,dynamic_arc_transition,0.796088201,0.479113218
80.312848983,-8.377206431,1.142949818,-0.702800642,0.305015131,3.109927868,0.346452841,3.109927868,dynamic_arc_transition,0.803041695,0.486066711
80.382383918,-8.323661318,1.098557719,-0.681638649,0.303503173,3.117664590,0.317303639,3.117664590,dynamic_arc_transition,0.809995188,0.493020205
80.451918852,-8.269191028,1.055305805,-0.660576972,0.302131516,3.124733568,0.390204680,3.124733568,dynamic_arc_transition,0.816948681,0.499973698
80.521453786,-8.213824260,1.013208351,-0.639609801,0.300461624,3.133404791,0.667742180,3.133404791,dynamic_arc_transition,0.823902175,0.506927191
80.590988720,-8.157590677,0.972277029,-0.618810054,0.297646422,3.148188114,0.651114411,3.148188114,dynamic_arc_transition,0.830855668,0.513880685
80.660523654,-8.100521753,0.932518582,-0.598201982,0.294951663,3.162536766,0.630666056,3.162536766,dynamic_arc_transition,0.837809162,0.520834178
80.730058588,-8.042649168,0.893939204,-0.577776839,0.292387650,3.176373001,0.728457310,3.176373001,dynamic_arc_transition,0.844762655,0.527787672
80.799593523,-7.984004606,0.856545046,-0.557530714,0.289480990,3.192280048,0.985578829,3.192280048,dynamic_arc_transition,0.851716149,0.534741165
80.869128457,-7.924620033,0.820339321,-0.537530764,0.285639142,3.213676434,0.984923480,3.213676434,dynamic_arc_transition,0.858669642,0.541694659
80.938663391,-7.864527879,0.785320468,-0.517794517,0.281900388,3.234917217,0.979550668,3.234917217,dynamic_arc_transition,0.865623135,0.548648152
81.008198325,-7.803760616,0.751486491,-0.498314326,0.278277856,3.255904695,1.099629878,3.255904695,dynamic_arc_transition,0.872576629,0.555601645
81.077733259,-7.742350702,0.718835329,-0.479087931,0.274320595,3.279304921,1.331672198,3.279304921,dynamic_arc_transition,0.879530122,0.562555139
81.147268194,-7.680330101,0.687361993,-0.460170749,0.269676408,3.307421389,1.352845420,3.307421389,dynamic_arc_transition,0.886483616,0.569508632
81.216803128,-7.617730078,0.657057406,-0.441573721,0.265116677,3.335742238,1.369374106,3.335742238,dynamic_arc_transition,0.893437109,0.576462126
81.286338062,-7.554581849,0.627912188,-0.423290458,0.260655625,3.364166309,1.508239450,3.364166309,dynamic_arc_transition,0.900390602,0.583415619
81.355872996,-7.490916590,0.599916878,-0.405319769,0.255912764,3.395197434,1.716666932,3.395197434,dynamic_arc_transition,0.907344096,0.590369112
81.425407930,-7.426764255,0.573059420,-0.387702371,0.250720241,3.430175252,1.765884329,3.430175252,dynamic_arc_transition,0.914297589,0.597322606
81.494942865,-7.362153325,0.547324632,-0.370443875,0.245594215,3.465787582,1.811739358,3.465787582,dynamic_arc_transition,0.921251083,0.604276099
81.564477799,-7.297112196,0.522697147,-0.353539161,0.240548446,3.501948303,1.966646789,3.501948303,dynamic_arc_transition,0.928204576,0.611229593
81.634012733,-7.231669190,0.499161515,-0.336987417,0.235300813,3.540782855,2.159264662,3.540782855,dynamic_arc_transition,0.935158070,0.618183086
81.703547667,-7.165850859,0.476700226,-0.320814798,0.229796740,3.582936209,2.243946804,3.582936209,dynamic_arc_transition,0.942111563,0.625136580
81.773082601,-7.099681919,0.455293637,-0.305023280,0.224343178,3.626223554,2.327991013,3.626223554,dynamic_arc_transition,0.949065056,0.632090073
81.842617535,-7.033187005,0.434922003,-0.289608918,0.218952358,3.670592686,2.400000000,3.670592686,dynamic_arc_transition,0.956018550,0.639043566
81.912152470,-6.966390638,0.415565505,-0.274570744,0.213444836,3.715779643,2.400000000,3.717647271,dynamic_arc_transition,0.962972043,0.645997060
81.981687404,-6.899315254,0.397202867,-0.259922818,0.207816227,3.760423651,2.400000000,3.767656315,dynamic_arc_transition,0.966872662,0.652950553
82.051222338,-6.831981425,0.379811508,-0.245665095,0.202224696,3.804543826,2.400000000,3.819389169,dynamic_arc_transition,0.959919169,0.659904047
82.120757272,-6.764409655,0.363368803,-0.231794643,0.196680434,3.848158183,2.400000000,3.872847788,dynamic_arc_transition,0.952965676,0.666857540
82.190292206,-6.696620306,0.347852069,-0.218310049,0.191094100,3.891283733,2.400000000,3.929048311,dynamic_arc_transition,0.946012182,0.673811033
82.259827141,-6.628631551,0.333237716,-0.205216667,0.185468821,3.933936549,2.400000000,3.988187360,dynamic_arc_transition,0.939058689,0.680764527
82.329362075,-6.560459879,0.319501462,-0.192513604,0.179869859,3.976131846,2.400000000,4.049783537,dynamic_arc_transition,0.932105195,0.687718020
82.398897009,-6.492121736,0.306619005,-0.180198762,0.174305279,4.017884038,2.400000000,4.113919007,dynamic_arc_transition,0.925151702,0.694671514
82.468431943,-6.423633392,0.294566003,-0.168270564,0.168739661,4.059206798,2.400000000,4.181214248,dynamic_arc_transition,0.918198209,0.701625007
82.537966877,-6.355008999,0.283317586,-0.156730092,0.163169014,4.100113109,2.400000000,4.251989302,dynamic_arc_transition,0.911244715,0.708578501
82.607501811,-6.286261299,0.272848543,-0.145576412,0.157616264,4.140615316,2.400000000,4.326238853,dynamic_arc_transition,0.904291222,0.715531994
82.677036746,-6.217403012,0.263133652,-0.134808079,0.152087542,4.180725162,2.400000000,4.404171142,dynamic_arc_transition,0.897337728,0.722485487
82.746571680,-6.148446658,0.254147674,-0.124423042,0.146598361,4.220453834,2.400000000,4.485867586,dynamic_arc_transition,0.890384235,0.729438981
82.816106614,-6.079402812,0.245865184,-0.114419119,0.141123807,4.259811997,2.400000000,4.572048900,dynamic_arc_transition,0.883430741,0.736392474
82.885641548,-6.010280936,0.238260649,-0.104795505,0.135660984,4.298809827,2.400000000,4.663194469,dynamic_arc_transition,0.876477248,0.743345968
82.955176482,-5.941090477,0.231308536,-0.095551245,0.130214337,4.337457044,2.400000000,4.759722194,dynamic_arc_transition,0.869523755,0.750299461
83.024711417,-5.871840676,0.224983239,-0.086688219,0.124671356,4.375762939,2.400000000,4.864381936,dynamic_arc_transition,0.862570261,0.757252955
83.094246351,-5.802539049,0.219258561,-0.078212624,0.119098650,4.413736397,2.400000000,4.976884802,dynamic_arc_transition,0.855616768,0.764206448
83.163781285,-5.733192271,0.214108014,-0.070124314,0.113532803,4.451385926,2.400000000,5.000000000,dynamic_arc_transition,0.848663274,0.771159941
83.233316219,-5.663807012,0.209505109,-0.062422712,0.107976994,4.488719678,2.400000000,5.000000000,dynamic_arc_transition,0.841709781,0.778113435
83.302851153,-5.594389724,0.205423483,-0.055099825,0.102685688,4.525745467,2.400000000,5.000000000,dynamic_arc_transition,0.834756288,0.785066928
83.372386088,-5.524945383,0.201837649,-0.048141394,0.097450875,4.562470791,2.400000000,5.000000000,dynamic_arc_transition,0.827802794,0.792020422
83.441921022,-5.455478343,0.198722480,-0.041546848,0.092220198,4.598902848,2.400000000,5.000000000,dynamic_arc_transition,0.820849301,0.798973915
83.511455956,-5.385992959,0.196052855,-0.035315845,0.086995574,4.635048553,2.400000000,5.000000000,dynamic_arc_transition,0.813895807,0.805927408
83.580990890,-5.316493373,0.193802610,-0.029498566,0.080123626,4.670914554,2.400000000,5.000000000,dynamic_arc_transition,0.806942314,0.812880902
83.650525824,-5.246982508,0.191939615,-0.024173839,0.073026883,4.706507246,2.400000000,5.000000000,dynamic_arc_transition,0.804923838,0.819834395
83.720060758,-5.177462851,0.190429614,-0.019342537,0.065931525,4.741832782,2.400000000,5.000000000,dynamic_arc_transition,0.806289784,0.826787889
83.789595693,-5.107936891,0.189238349,-0.015004523,0.058838941,4.776897092,2.400000000,5.000000000,dynamic_arc_transition,0.808463822,0.833741382
83.859130627,-5.038406917,0.188333975,-0.011048287,0.055167915,4.811705883,2.400000000,5.000000000,dynamic_arc_transition,0.809271933,0.840694876
83.928665561,-4.968874253,0.187696337,-0.007331720,0.051728944,4.846264664,2.400000000,5.000000000,dynamic_arc_transition,0.808487900,0.847648369
83.998200495,-4.899339935,0.187308813,-0.003854273,0.048290623,4.880578744,2.400000000,5.000000000,dynamic_arc_transition,0.806474171,0.854601862
84.067735429,-4.829804995,0.187154782,-0.000615891,0.044853284,4.914653249,2.400000000,5.000000000,dynamic_arc_transition,0.803593322,0.860546364
84.137270364,-4.760270272,0.187211216,0.002105069,0.033347759,4.948493129,2.400000000,5.000000000,round_arc_transition,0.800491667,0.853592871
84.206805298,-4.690735800,0.187428890,0.004021737,0.021780513,4.982103163,1.284592224,5.000000000,round_arc_transition,0.798976341,0.846639378
84.276340232,-4.621201408,0.187751875,0.005134086,0.010213418,5.000000000,0.000000000,5.000000000,round_arc_transition,0.801151302,0.839685884
84.345875166,-4.551666926,0.188124248,0.005444622,0.000127076,5.000000000,0.000000000,5.000000000,round_arc_transition,0.808104795,0.832732391
84.415410100,-4.482132424,0.188518452,0.006113733,0.019118126,5.000000000,0.000000000,5.000000000,round_arc_transition,0.815058289,0.825778897
84.484945034,-4.412598802,0.189005093,0.008103414,0.038109953,5.000000000,0.000000000,5.000000000,round_arc_transition,0.822011782,0.818825404
84.554479969,-4.343067144,0.189675990,0.011413699,0.057102110,5.000000000,0.000000000,5.000000000,round_arc_transition,0.828965276,0.811871910
84.624014903,-4.273538530,0.190622903,0.016018799,0.069000020,5.000000000,0.000000000,5.000000000,round_arc_transition,0.835918769,0.804918417
84.693549837,-4.204013296,0.191864113,0.019115706,0.020074412,5.000000000,0.000000000,5.000000000,round_arc_transition,0.833175792,0.797964924
84.763084771,-4.134489591,0.193202379,0.018810672,-0.028848411,5.000000000,0.000000000,5.000000000,round_arc_transition,0.826222299,0.791011430
84.832619705,-4.064965165,0.194401144,0.015103560,-0.077779980,5.000000000,0.000000000,5.000000000,round_arc_transition,0.819268805,0.784057937
84.902154640,-3.995437770,0.195224136,0.008070096,-0.113059513,5.000000000,0.000000000,5.000000000,round_arc_transition,0.812315312,0.777104443
84.971689574,-3.925906085,0.195541157,0.001468511,-0.076824577,5.000000000,0.000000000,5.000000000,round_arc_transition,0.808755727,0.772440851
85.041224508,-3.856371097,0.195486741,-0.002613753,-0.040593216,5.000000000,0.000000000,5.000000000,round_arc_transition,0.810047842,0.773149638
85.110759442,-3.786834149,0.195236038,-0.004177042,-0.004370565,5.000000000,0.000000000,5.000000000,round_arc_transition,0.812733440,0.776291888
85.180294376,-3.717296583,0.194964008,-0.003259660,0.026794365,5.000000000,0.000000000,5.000000000,straight_acceleration,0.813366566,0.778935900
85.249829310,-3.647759560,0.194812483,-0.000949419,0.039652252,5.000000000,0.000000000,5.000000000,straight_acceleration,0.810630947,0.779402652
85.319364245,-3.578223862,0.194852692,0.002254934,0.052512310,5.000000000,0.000000000,5.000000000,straight_acceleration,0.807749530,0.778683089
85.388899179,-3.508690218,0.195146799,0.006353481,0.065373266,5.000000000,0.000000000,5.000000000,straight_acceleration,0.808527825,0.777493339
85.458434113,-3.439159356,0.195756443,0.011262637,0.069406784,5.000000000,0.000000000,5.000000000,straight_acceleration,0.815481318,0.770539845
85.527969047,-3.369631541,0.196691591,0.015409181,0.049859740,5.000000000,0.000000000,5.000000000,straight_acceleration,0.822434812,0.763586352
85.597503981,-3.300106200,0.197867806,0.018196636,0.030314570,5.000000000,0.000000000,5.000000000,straight_acceleration,0.829388305,0.756632858
85.667038916,-3.230582669,0.199190589,0.019625120,0.010771833,5.000000000,0.000000000,5.000000000,straight_acceleration,0.836341799,0.749679365
85.736573850,-3.161060285,0.200565926,0.019757840,-0.003240095,5.000000000,0.000000000,5.000000000,straight_acceleration,0.843295292,0.742725872
85.806108784,-3.091538413,0.201929697,0.019438717,-0.005938649,5.000000000,0.000000000,5.000000000,straight_acceleration,0.842580829,0.735772378
85.875643718,-3.022016462,0.203264750,0.018931953,-0.008637179,5.000000000,0.000000000,5.000000000,straight_acceleration,0.835627336,0.728818885
85.945178652,-2.952493844,0.204558047,0.018237554,-0.011335553,5.000000000,0.000000000,5.000000000,straight_acceleration,0.828673842,0.721865391
86.014713587,-2.882969975,0.205796230,0.017319715,-0.016714304,5.000000000,0.000000000,5.000000000,straight_acceleration,0.821720349,0.718968065
86.084248521,-2.813444396,0.206952303,0.015821142,-0.026388346,5.000000000,0.000000000,5.000000000,straight_acceleration,0.822371410,0.725921559
86.153783455,-2.743916819,0.207980800,0.013649867,-0.036062796,5.000000000,0.000000000,5.000000000,straight_acceleration,0.815944056,0.732875052
86.223318389,-2.674386967,0.208834942,0.010805875,-0.045737330,5.000000000,0.000000000,5.000000000,straight_acceleration,0.808990563,0.739828546
86.292853323,-2.604854586,0.209468441,0.007336954,-0.052289717,5.000000000,0.000000000,5.000000000,straight_acceleration,0.802037070,0.746782039
86.362388257,-2.535320056,0.209850120,0.003611106,-0.054874245,5.000000000,0.000000000,5.000000000,straight_acceleration,0.795083576,0.753735532
86.431923192,-2.465784500,0.209966473,-0.000294513,-0.057460180,5.000000000,0.000000000,5.000000000,straight_acceleration,0.788130083,0.760689026
86.501458126,-2.396249085,0.209804994,-0.004379984,-0.060047209,5.000000000,0.000000000,5.000000000,straight_acceleration,0.781176589,0.765127296
86.570993060,-2.326714975,0.209353587,-0.008609698,-0.060567299,5.000000000,0.000000000,5.000000000,straight_acceleration,0.774223096,0.762462605
86.640527994,-2.257183319,0.208609765,-0.012766414,-0.058989224,5.000000000,0.000000000,5.000000000,straight_acceleration,0.769658353,0.761819421
86.710062928,-2.187655246,0.207580739,-0.016813440,-0.057412339,5.000000000,0.000000000,5.000000000,straight_acceleration,0.769413880,0.763180562
86.779597863,-2.118131886,0.206274152,-0.020750862,-0.055836853,5.000000000,0.000000000,5.000000000,straight_acceleration,0.766051247,0.766470639
86.849132797,-2.048614333,0.204698186,-0.024536566,-0.052064539,5.000000000,0.000000000,5.000000000,straight_acceleration,0.759097754,0.766559619
86.918667731,-1.979103058,0.202870845,-0.027963765,-0.046509793,5.000000000,0.000000000,5.000000000,straight_acceleration,0.752144260,0.759606125
86.988202665,-1.909597986,0.200818708,-0.031004723,-0.040955357,5.000000000,0.000000000,5.000000000,straight_acceleration,0.745190767,0.752652632
87.057737599,-1.840099025,0.198568638,-0.033659475,-0.035401656,5.000000000,0.000000000,5.000000000,straight_acceleration,0.738237274,0.745699138
87.127272533,-1.770606031,0.196147951,-0.035896079,-0.028335740,5.000000000,0.000000000,5.000000000,straight_acceleration,0.731283780,0.738745645
87.196807468,-1.701118129,0.193590472,-0.037586845,-0.020294909,5.000000000,0.000000000,5.000000000,straight_acceleration,0.724330287,0.731792151
87.266342402,-1.631633894,0.190934934,-0.038718488,-0.012253971,5.000000000,0.000000000,5.000000000,straight_acceleration,0.717376793,0.724838658
87.335877336,-1.562151885,0.188220189,-0.039291006,-0.004213076,5.000000000,0.000000000,5.000000000,straight_acceleration,0.710423300,0.717885165
87.405412270,-1.492670665,0.185485021,-0.039308688,0.003642132,5.000000000,0.000000000,5.000000000,straight_acceleration,0.709014661,0.710931671
87.474947204,-1.423188800,0.182767444,-0.038785590,0.011403489,5.000000000,0.000000000,5.000000000,straight_acceleration,0.715968154,0.703978178
87.544482139,-1.353704861,0.180104965,-0.037722806,0.019164865,5.000000000,0.000000000,5.000000000,straight_acceleration,0.722921648,0.697024684
87.614017073,-1.284217419,0.177535083,-0.036120337,0.026926098,5.000000000,0.000000000,5.000000000,straight_acceleration,0.729875141,0.690071191
87.683552007,-1.214725123,0.175094375,-0.034033755,0.032468048,5.000000000,0.000000000,5.000000000,straight_acceleration,0.736828635,0.683117698
87.753086941,-1.145227373,0.172810504,-0.031613371,0.037148008,5.000000000,0.000000000,5.000000000,straight_acceleration,0.743782128,0.676164204
87.822621875,-1.075723985,0.170706162,-0.028867552,0.041828372,5.000000000,0.000000000,5.000000000,straight_acceleration,0.742486024,0.669210711
87.892156810,-1.006214783,0.168803983,-0.025796277,0.046508810,5.000000000,0.000000000,5.000000000,straight_acceleration,0.739023942,0.662257217
87.961691744,-0.936699661,0.167125566,-0.022457200,0.049052450,5.000000000,0.000000000,5.000000000,straight_acceleration,0.733186386,0.655303724
88.031226678,-0.867179103,0.165684239,-0.018979282,0.050980530,5.000000000,0.000000000,5.000000000,straight_acceleration,0.726232892,0.648350230
88.100761612,-0.797653875,0.164489368,-0.015367264,0.052909453,5.000000000,0.000000000,5.000000000,straight_acceleration,0.719279399,0.641396737
88.170296546,-0.728124743,0.163550295,-0.011621095,0.054838998,5.000000000,0.000000000,5.000000000,straight_acceleration,0.712325906,0.634443244
88.239831480,-0.658592502,0.162875266,-0.007797521,0.054806123,5.000000000,0.000000000,5.000000000,straight_acceleration,0.705372412,0.627489750
88.309366415,-0.589058141,0.162465217,-0.004001435,0.054377984,5.000000000,0.000000000,5.000000000,straight_acceleration,0.698418919,0.620536257
88.378901349,-0.519522727,0.162318095,-0.000235085,0.053950827,5.000000000,0.000000000,5.000000000,straight_acceleration,0.691465425,0.613582763
88.448436283,-0.449987328,0.162431835,0.003501593,0.053524701,5.000000000,0.000000000,5.000000000,straight_acceleration,0.684511932,0.608403419
88.517971217,-0.380452936,0.162802965,0.007140118,0.050879046,5.000000000,0.000000000,5.000000000,straight_acceleration,0.678954722,0.614985865
88.587506151,-0.310920272,0.163420095,0.010576302,0.047953658,5.000000000,0.000000000,5.000000000,straight_acceleration,0.678438901,0.621939359
88.657041086,-0.241390007,0.164269077,0.013809093,0.045028947,5.000000000,0.000000000,5.000000000,straight_acceleration,0.680693590,0.628892852
88.726576020,-0.171862818,0.165335760,0.016838539,0.042105142,5.000000000,0.000000000,5.000000000,straight_acceleration,0.683446540,0.635846346
88.796110954,-0.102339239,0.166604061,0.019576204,0.036485783,5.000000000,0.000000000,5.000000000,straight_acceleration,0.684899620,0.642799839
88.865645888,-0.032819157,0.168048739,0.021912310,0.030706372,5.000000000,0.000000000,5.000000000,straight_acceleration,0.685498531,0.649753332
88.935180822,0.036697735,0.169641853,0.023846550,0.024927089,5.000000000,0.000000000,5.000000000,straight_acceleration,0.686352116,0.653894996
