index,s_m,center_x_m,center_y_m,w_left_m,w_right_m,left_boundary_x_m,left_boundary_y_m,right_boundary_x_m,right_boundary_y_m
0,0.000000000,11.146573636,-3.548076815,0.600000000,0.600000000,11.144026117,-2.948082223,11.149121156,-4.148071407
1,0.023944843,11.170517617,-3.547873507,0.600000000,0.600000000,11.160329157,-2.947960017,11.180706076,-4.147786996
2,0.047889687,11.194454692,-3.547263641,0.600000000,0.600000000,11.174080711,-2.947609656,11.214828673,-4.146917625
3,0.071834530,11.218377961,-3.546247393,0.600000000,0.600000000,11.187824334,-2.947025834,11.248931588,-4.145468951
4,0.095779374,11.242280523,-3.544825056,0.600000000,0.600000000,11.201556060,-2.946208719,11.283004986,-4.143441392
5,0.119724217,11.266155487,-3.542997040,0.600000000,0.600000000,11.215271932,-2.945158547,11.317039041,-4.140835533
6,0.143669061,11.289995967,-3.540763873,0.600000000,0.600000000,11.228967993,-2.943875620,11.351023940,-4.137652126
7,0.167613904,11.313795088,-3.538126198,0.600000000,0.600000000,11.242640295,-2.942360308,11.384949882,-4.133892088
8,0.191558748,11.337545989,-3.535084776,0.600000000,0.600000000,11.256284894,-2.940613049,11.418807085,-4.129556503
9,0.215503591,11.361241820,-3.531640485,0.600000000,0.600000000,11.269897855,-2.938634346,11.452585784,-4.124646623
10,0.239448434,11.384875747,-3.527794316,0.600000000,0.600000000,11.283475255,-2.936424770,11.486276239,-4.119163862
11,0.263393278,11.408440955,-3.523547380,0.600000000,0.600000000,11.297013176,-2.933984958,11.519868735,-4.113109802
12,0.287338121,11.431930650,-3.518900901,0.600000000,0.600000000,11.310507715,-2.931315613,11.553353585,-4.106486189
13,0.311282965,11.455338057,-3.513856219,0.600000000,0.600000000,11.323954981,-2.928417505,11.586721133,-4.099294932
14,0.335227808,11.478656427,-3.508414788,0.600000000,0.600000000,11.337351097,-2.925291471,11.619961757,-4.091538106
15,0.359172652,11.501879035,-3.502578179,0.600000000,0.600000000,11.350692198,-2.921938410,11.653065872,-4.083217947
16,0.383117495,11.524999184,-3.496348073,0.600000000,0.600000000,11.363974438,-2.918359292,11.686023930,-4.074336854
17,0.407062338,11.548010208,-3.489726267,0.600000000,0.600000000,11.377193987,-2.914555146,11.718826429,-4.064897389
18,0.431007182,11.570905471,-3.482714672,0.600000000,0.600000000,11.390347033,-2.910527071,11.751463909,-4.054902273
19,0.454952025,11.593678370,-3.475315308,0.600000000,0.600000000,11.403429782,-2.906276228,11.783926959,-4.044354389
20,0.478896869,11.616322339,-3.467530311,0.600000000,0.600000000,11.416438462,-2.901803843,11.816206216,-4.033256778
21,0.502841712,11.638830848,-3.459361923,0.600000000,0.600000000,11.429369323,-2.897111206,11.848292374,-4.021612641
22,0.526786556,11.661197406,-3.450812502,0.600000000,0.600000000,11.442218634,-2.892199669,11.880176179,-4.009425335
23,0.550731399,11.683415564,-3.441884512,0.600000000,0.600000000,11.454982691,-2.887070649,11.911848437,-3.996698375
24,0.574676243,11.705478914,-3.432580528,0.600000000,0.600000000,11.467657813,-2.881725625,11.943300015,-3.983435431
25,0.598621086,11.727381094,-3.422903233,0.600000000,0.600000000,11.480240345,-2.876166138,11.974521843,-3.969640327
26,0.622565929,11.749115788,-3.412855417,0.600000000,0.600000000,11.492726658,-2.870393792,12.005504918,-3.955317041
27,0.646510773,11.770676729,-3.402439978,0.600000000,0.600000000,11.505113152,-2.864410252,12.036240305,-3.940469705
28,0.670455616,11.792057698,-3.391659920,0.600000000,0.600000000,11.517396255,-2.858217241,12.066719142,-3.925102599
29,0.694400460,11.813252532,-3.380518351,0.600000000,0.600000000,11.529572425,-2.851816548,12.096932639,-3.909220154
30,0.718345303,11.834255117,-3.369018484,0.600000000,0.600000000,11.541638151,-2.845210016,12.126872083,-3.892826952
31,0.742290147,11.855059397,-3.357163635,0.600000000,0.600000000,11.553589953,-2.838399552,12.156528842,-3.875927718
32,0.766234990,11.875659374,-3.344957222,0.600000000,0.600000000,11.565424385,-2.831387118,12.185894363,-3.858527326
33,0.790179833,11.896049106,-3.332402767,0.600000000,0.600000000,11.577138034,-2.824174739,12.214960177,-3.840630794
34,0.814124677,11.916222713,-3.319503888,0.600000000,0.600000000,11.588727522,-2.816764492,12.243717904,-3.822243283
35,0.838069520,11.936174379,-3.306264305,0.600000000,0.600000000,11.600189508,-2.809158516,12.272159251,-3.803370095
36,0.862014364,11.955898351,-3.292687837,0.600000000,0.600000000,11.611520686,-2.801359002,12.300276016,-3.784016672
37,0.885959207,11.975388939,-3.278778398,0.600000000,0.600000000,11.622717788,-2.793368202,12.328060091,-3.764188595
38,0.909904051,11.994640525,-3.264540000,0.600000000,0.600000000,11.633777586,-2.785188418,12.355503464,-3.743891582
39,0.933848894,12.013647555,-3.249976748,0.600000000,0.600000000,11.644696890,-2.776822009,12.382598221,-3.723131487
40,0.957793738,12.032404551,-3.235092842,0.600000000,0.600000000,11.655472552,-2.768271389,12.409336549,-3.701914294
41,0.981738581,12.050906101,-3.219892574,0.600000000,0.600000000,11.666101464,-2.759539023,12.435710738,-3.680246124
42,1.005683424,12.069146872,-3.204380326,0.600000000,0.600000000,11.676580562,-2.750627429,12.461713182,-3.658133224
43,1.029628268,12.087121603,-3.188560574,0.600000000,0.600000000,11.686906822,-2.741539176,12.487336383,-3.635581971
44,1.053573111,12.104825110,-3.172437877,0.600000000,0.600000000,11.697077269,-2.732276886,12.512572951,-3.612598868
45,1.077517955,12.122252290,-3.156016886,0.600000000,0.600000000,11.707088968,-2.722843230,12.537415611,-3.589190542
46,1.101462798,12.139398115,-3.139302336,0.600000000,0.600000000,11.716939033,-2.713240927,12.561857197,-3.565363744
47,1.125407642,12.156257643,-3.122299046,0.600000000,0.600000000,11.726624623,-2.703472747,12.585890662,-3.541125345
48,1.149352485,12.172826011,-3.105011920,0.600000000,0.600000000,11.736142946,-2.693541507,12.609509075,-3.516482334
49,1.173297329,12.189098441,-3.087445944,0.600000000,0.600000000,11.745491256,-2.683450070,12.632705626,-3.491441817
50,1.197242172,12.205070241,-3.069606181,0.600000000,0.600000000,11.754666858,-2.673201347,12.655473625,-3.466011016
51,1.221187015,12.220736806,-3.051497778,0.600000000,0.600000000,11.763667106,-2.662798293,12.677806506,-3.440197263
52,1.245131859,12.236093617,-3.033125955,0.600000000,0.600000000,11.772489405,-2.652243908,12.699697830,-3.414008002
53,1.269076702,12.251136247,-3.014496011,0.600000000,0.600000000,11.781131209,-2.641541235,12.721141285,-3.387450786
54,1.293021546,12.265860357,-2.995613317,0.600000000,0.600000000,11.789590029,-2.630693361,12.742130685,-3.360533273
55,1.316966389,12.280261701,-2.976483320,0.600000000,0.600000000,11.797863423,-2.619703414,12.762659979,-3.333263225
56,1.340911233,12.294336127,-2.957111534,0.600000000,0.600000000,11.805949007,-2.608574563,12.782723247,-3.305648506
57,1.364856076,12.308079576,-2.937503548,0.600000000,0.600000000,11.813844448,-2.597310016,12.802314703,-3.277697079
58,1.388800919,12.321488084,-2.917665014,0.600000000,0.600000000,11.821547471,-2.585913024,12.821428698,-3.249417004
59,1.412745763,12.334557786,-2.897601654,0.600000000,0.600000000,11.829055853,-2.574386871,12.840059719,-3.220816436
60,1.436690606,12.347284912,-2.877319253,0.600000000,0.600000000,11.836367430,-2.562734883,12.858202395,-3.191903623
61,1.460635450,12.359665793,-2.856823660,0.600000000,0.600000000,11.843480092,-2.550960418,12.875851493,-3.162686902
62,1.484580293,12.371696857,-2.836120785,0.600000000,0.600000000,11.850391790,-2.539066872,12.893001924,-3.133174698
63,1.508525137,12.383374636,-2.815216599,0.600000000,0.600000000,11.857100530,-2.527057675,12.909648742,-3.103375523
64,1.532469980,12.394695762,-2.794117129,0.600000000,0.600000000,11.863604377,-2.514936291,12.925787148,-3.073297968
65,1.556414824,12.405656971,-2.772828460,0.600000000,0.600000000,11.869901456,-2.502706213,12.941412486,-3.042950707
66,1.580359667,12.416255102,-2.751356731,0.600000000,0.600000000,11.875989951,-2.490370970,12.956520252,-3.012342492
67,1.604304510,12.426487098,-2.729708133,0.600000000,0.600000000,11.881868107,-2.477934118,12.971106089,-2.981482148
68,1.628249354,12.436350008,-2.707888909,0.600000000,0.600000000,11.887534227,-2.465399244,12.985165790,-2.950378575
69,1.652194197,12.445840990,-2.685905352,0.600000000,0.600000000,11.892986679,-2.452769962,12.998695302,-2.919040743
70,1.676139041,12.454957306,-2.663763800,0.600000000,0.600000000,11.898223889,-2.440049914,13.011690722,-2.887477687
71,1.700083884,12.463696327,-2.641470639,0.600000000,0.600000000,11.903244349,-2.427242768,13.024148304,-2.855698510
72,1.724028728,12.472055532,-2.619032297,0.600000000,0.600000000,11.908046609,-2.414352217,13.036064455,-2.823712376
73,1.747973571,12.480032512,-2.596455244,0.600000000,0.600000000,11.912629286,-2.401381979,13.047435739,-2.791528508
74,1.771918415,12.487624967,-2.573745991,0.600000000,0.600000000,11.916991057,-2.388335794,13.058258877,-2.759156188
75,1.795863258,12.494830706,-2.550911087,0.600000000,0.600000000,11.921130665,-2.375217424,13.068530747,-2.726604750
76,1.819808101,12.501647652,-2.527957116,0.600000000,0.600000000,11.925046917,-2.362030651,13.078248388,-2.693883581
77,1.843752945,12.508073839,-2.504890698,0.600000000,0.600000000,11.928738682,-2.348779279,13.087408997,-2.661002117
78,1.867697788,12.514107415,-2.481718484,0.600000000,0.600000000,11.932204896,-2.335467129,13.096009933,-2.627969839
79,1.891642632,12.519746638,-2.458447156,0.600000000,0.600000000,11.935444560,-2.322098038,13.104048716,-2.594796274
80,1.915587475,12.524989883,-2.435083426,0.600000000,0.600000000,11.938456740,-2.308675864,13.111523027,-2.561490988
81,1.939532319,12.529835639,-2.411634030,0.600000000,0.600000000,11.941240567,-2.295204475,13.118430711,-2.528063584
82,1.963477162,12.534282507,-2.388105730,0.600000000,0.600000000,11.943795237,-2.281687758,13.124769776,-2.494523702
83,1.987422005,12.538329205,-2.364505311,0.600000000,0.600000000,11.946120015,-2.268129609,13.130538394,-2.460881013
84,2.011366849,12.541974566,-2.340839579,0.600000000,0.600000000,11.948214230,-2.254533938,13.135734902,-2.427145220
85,2.035311692,12.545217540,-2.317115358,0.600000000,0.600000000,11.950077279,-2.240904667,13.140357801,-2.393326050
86,2.059256536,12.548057191,-2.293339490,0.600000000,0.600000000,11.951708623,-2.227245724,13.144405758,-2.359433256
87,2.083201379,12.550492699,-2.269518831,0.600000000,0.600000000,11.953107793,-2.213561049,13.147877606,-2.325476612
88,2.107146223,12.552523364,-2.245660249,0.600000000,0.600000000,11.954274384,-2.199854589,13.150772344,-2.291465909
89,2.131091066,12.554148599,-2.221770625,0.600000000,0.600000000,11.955208062,-2.186130295,13.153089136,-2.257410954
90,2.155035910,12.555367935,-2.197856847,0.600000000,0.600000000,11.955908555,-2.172392125,13.154827315,-2.223321569
91,2.178980753,12.556181021,-2.173925813,0.600000000,0.600000000,11.956375663,-2.158644042,13.155986379,-2.189207584
92,2.202925596,12.556587623,-2.149984422,0.600000000,0.600000000,11.956609251,-2.144890008,13.156565995,-2.155078835
93,2.226870440,12.556587623,-2.126039578,0.600000000,0.600000000,11.956609251,-2.131133992,13.156565995,-2.120945165
94,2.250815283,12.556181021,-2.102098187,0.600000000,0.600000000,11.956375663,-2.117379958,13.155986379,-2.086816416
95,2.274760127,12.555367935,-2.078167153,0.600000000,0.600000000,11.955908555,-2.103631875,13.154827315,-2.052702431
96,2.298704970,12.554148599,-2.054253375,0.600000000,0.600000000,11.955208062,-2.089893705,13.153089136,-2.018613046
97,2.322649814,12.552523364,-2.030363751,0.600000000,0.600000000,11.954274384,-2.076169411,13.150772344,-1.984558091
98,2.346594657,12.550492699,-2.006505169,0.600000000,0.600000000,11.953107793,-2.062462951,13.147877606,-1.950547388
99,2.370539500,12.548057191,-1.982684510,0.600000000,0.600000000,11.951708623,-2.048778276,13.144405758,-1.916590744
100,2.394484344,12.545217540,-1.958908642,0.600000000,0.600000000,11.950077279,-2.035119333,13.140357801,-1.882697950
101,2.418429187,12.541974566,-1.935184421,0.600000000,0.600000000,11.948214230,-2.021490062,13.135734902,-1.848878780
102,2.442374031,12.538329205,-1.911518689,0.600000000,0.600000000,11.946120015,-2.007894391,13.130538394,-1.815142987
103,2.466318874,12.534282507,-1.887918270,0.600000000,0.600000000,11.943795237,-1.994336242,13.124769776,-1.781500298
104,2.490263718,12.529835639,-1.864389970,0.600000000,0.600000000,11.941240567,-1.980819525,13.118430711,-1.747960416
105,2.514208561,12.524989883,-1.840940574,0.600000000,0.600000000,11.938456740,-1.967348136,13.111523027,-1.714533012
106,2.538153405,12.519746638,-1.817576844,0.600000000,0.600000000,11.935444560,-1.953925962,13.104048716,-1.681227726
107,2.562098248,12.514107415,-1.794305516,0.600000000,0.600000000,11.932204896,-1.940556871,13.096009933,-1.648054161
108,2.586043091,12.508073839,-1.771133302,0.600000000,0.600000000,11.928738682,-1.927244721,13.087408997,-1.615021883
109,2.609987935,12.501647652,-1.748066884,0.600000000,0.600000000,11.925046917,-1.913993349,13.078248388,-1.582140419
110,2.633932778,12.494830706,-1.725112913,0.600000000,0.600000000,11.921130665,-1.900806576,13.068530747,-1.549419250
111,2.657877622,12.487624967,-1.702278009,0.600000000,0.600000000,11.916991057,-1.887688206,13.058258877,-1.516867812
112,2.681822465,12.480032512,-1.679568756,0.600000000,0.600000000,11.912629286,-1.874642021,13.047435739,-1.484495492
113,2.705767309,12.472055532,-1.656991703,0.600000000,0.600000000,11.908046609,-1.861671783,13.036064455,-1.452311624
114,2.729712152,12.463696327,-1.634553361,0.600000000,0.600000000,11.903244349,-1.848781232,13.024148304,-1.420325490
115,2.753656996,12.454957306,-1.612260200,0.600000000,0.600000000,11.898223889,-1.835974086,13.011690722,-1.388546313
116,2.777601839,12.445840990,-1.590118648,0.600000000,0.600000000,11.892986679,-1.823254038,12.998695302,-1.356983257
117,2.801546682,12.436350008,-1.568135091,0.600000000,0.600000000,11.887534227,-1.810624756,12.985165790,-1.325645425
118,2.825491526,12.426487098,-1.546315867,0.600000000,0.600000000,11.881868107,-1.798089882,12.971106089,-1.294541852
119,2.849436369,12.416255102,-1.524667269,0.600000000,0.600000000,11.875989951,-1.785653030,12.956520252,-1.263681508
120,2.873381213,12.405656971,-1.503195540,0.600000000,0.600000000,11.869901456,-1.773317787,12.941412486,-1.233073293
121,2.897326056,12.394695762,-1.481906871,0.600000000,0.600000000,11.863604377,-1.761087709,12.925787148,-1.202726032
122,2.921270900,12.383374636,-1.460807401,0.600000000,0.600000000,11.857100530,-1.748966325,12.909648742,-1.172648477
123,2.945215743,12.371696857,-1.439903215,0.600000000,0.600000000,11.850391790,-1.736957128,12.893001924,-1.142849302
124,2.969160586,12.359665793,-1.419200340,0.600000000,0.600000000,11.843480092,-1.725063582,12.875851493,-1.113337098
125,2.993105430,12.347284912,-1.398704747,0.600000000,0.600000000,11.836367430,-1.713289117,12.858202395,-1.084120377
126,3.017050273,12.334557786,-1.378422346,0.600000000,0.600000000,11.829055853,-1.701637129,12.840059719,-1.055207564
127,3.040995117,12.321488084,-1.358358986,0.600000000,0.600000000,11.821547471,-1.690110976,12.821428698,-1.026606996
128,3.064939960,12.308079576,-1.338520452,0.600000000,0.600000000,11.813844448,-1.678713984,12.802314703,-0.998326921
129,3.088884804,12.294336127,-1.318912466,0.600000000,0.600000000,11.805949007,-1.667449437,12.782723247,-0.970375494
130,3.112829647,12.280261701,-1.299540680,0.600000000,0.600000000,11.797863423,-1.656320586,12.762659979,-0.942760775
131,3.136774491,12.265860357,-1.280410683,0.600000000,0.600000000,11.789590029,-1.645330639,12.742130685,-0.915490727
132,3.160719334,12.251136247,-1.261527989,0.600000000,0.600000000,11.781131209,-1.634482765,12.721141285,-0.888573214
133,3.184664177,12.236093617,-1.242898045,0.600000000,0.600000000,11.772489405,-1.623780092,12.699697830,-0.862015998
134,3.208609021,12.220736806,-1.224526222,0.600000000,0.600000000,11.763667106,-1.613225707,12.677806506,-0.835826737
135,3.232553864,12.205070241,-1.206417819,0.600000000,0.600000000,11.754666858,-1.602822653,12.655473625,-0.810012984
136,3.256498708,12.189098441,-1.188578056,0.600000000,0.600000000,11.745491256,-1.592573930,12.632705626,-0.784582183
137,3.280443551,12.172826011,-1.171012080,0.600000000,0.600000000,11.736142946,-1.582482493,12.609509075,-0.759541666
138,3.304388395,12.156257643,-1.153724954,0.600000000,0.600000000,11.726624623,-1.572551253,12.585890662,-0.734898655
139,3.328333238,12.139398115,-1.136721664,0.600000000,0.600000000,11.716939033,-1.562783073,12.561857197,-0.710660256
140,3.352278081,12.122252290,-1.120007114,0.600000000,0.600000000,11.707088968,-1.553180770,12.537415611,-0.686833458
141,3.376222925,12.104825110,-1.103586123,0.600000000,0.600000000,11.697077269,-1.543747114,12.512572951,-0.663425132
142,3.400167768,12.087121603,-1.087463426,0.600000000,0.600000000,11.686906822,-1.534484824,12.487336383,-0.640442029
143,3.424112612,12.069146872,-1.071643674,0.600000000,0.600000000,11.676580562,-1.525396571,12.461713182,-0.617890776
144,3.448057455,12.050906101,-1.056131426,0.600000000,0.600000000,11.666101464,-1.516484977,12.435710738,-0.595777876
145,3.472002299,12.032404551,-1.040931158,0.600000000,0.600000000,11.655472552,-1.507752611,12.409336549,-0.574109706
146,3.495947142,12.013647555,-1.026047252,0.600000000,0.600000000,11.644696890,-1.499201991,12.382598221,-0.552892513
147,3.519891986,11.994640525,-1.011484000,0.600000000,0.600000000,11.633777586,-1.490835582,12.355503464,-0.532132418
148,3.543836829,11.975388939,-0.997245602,0.600000000,0.600000000,11.622717788,-1.482655798,12.328060091,-0.511835405
149,3.567781672,11.955898351,-0.983336163,0.600000000,0.600000000,11.611520686,-1.474664998,12.300276016,-0.492007328
150,3.591726516,11.936174379,-0.969759695,0.600000000,0.600000000,11.600189508,-1.466865484,12.272159251,-0.472653905
151,3.615671359,11.916222713,-0.956520112,0.600000000,0.600000000,11.588727522,-1.459259508,12.243717904,-0.453780717
152,3.639616203,11.896049106,-0.943621233,0.600000000,0.600000000,11.577138034,-1.451849261,12.214960177,-0.435393206
153,3.663561046,11.875659374,-0.931066778,0.600000000,0.600000000,11.565424385,-1.444636882,12.185894363,-0.417496674
154,3.687505890,11.855059397,-0.918860365,0.600000000,0.600000000,11.553589953,-1.437624448,12.156528842,-0.400096282
155,3.711450733,11.834255117,-0.907005516,0.600000000,0.600000000,11.541638151,-1.430813984,12.126872083,-0.383197048
156,3.735395577,11.813252532,-0.895505649,0.600000000,0.600000000,11.529572425,-1.424207452,12.096932639,-0.366803846
157,3.759340420,11.792057698,-0.884364080,0.600000000,0.600000000,11.517396255,-1.417806759,12.066719142,-0.350921401
158,3.783285263,11.770676729,-0.873584022,0.600000000,0.600000000,11.505113152,-1.411613748,12.036240305,-0.335554295
159,3.807230107,11.749115788,-0.863168583,0.600000000,0.600000000,11.492726658,-1.405630208,12.005504918,-0.320706959
160,3.831174950,11.727381094,-0.853120767,0.600000000,0.600000000,11.480240345,-1.399857862,11.974521843,-0.306383673
161,3.855119794,11.705478914,-0.843443472,0.600000000,0.600000000,11.467657813,-1.394298375,11.943300015,-0.292588569
162,3.879064637,11.683415564,-0.834139488,0.600000000,0.600000000,11.454982691,-1.388953351,11.911848437,-0.279325625
163,3.903009481,11.661197406,-0.825211498,0.600000000,0.600000000,11.442218634,-1.383824331,11.880176179,-0.266598665
164,3.926954324,11.638830848,-0.816662077,0.600000000,0.600000000,11.429369323,-1.378912794,11.848292374,-0.254411359
165,3.950899167,11.616322339,-0.808493689,0.600000000,0.600000000,11.416438462,-1.374220157,11.816206216,-0.242767222
166,3.974844011,11.593678370,-0.800708692,0.600000000,0.600000000,11.403429782,-1.369747772,11.783926959,-0.231669611
167,3.998788854,11.570905471,-0.793309328,0.600000000,0.600000000,11.390347033,-1.365496929,11.751463909,-0.221121727
168,4.022733698,11.548010208,-0.786297733,0.600000000,0.600000000,11.377193987,-1.361468854,11.718826429,-0.211126611
169,4.046678541,11.524999184,-0.779675927,0.600000000,0.600000000,11.363974438,-1.357664708,11.686023930,-0.201687146
170,4.070623385,11.501879035,-0.773445821,0.600000000,0.600000000,11.350692198,-1.354085590,11.653065872,-0.192806053
171,4.094568228,11.478656427,-0.767609212,0.600000000,0.600000000,11.337351097,-1.350732529,11.619961757,-0.184485894
172,4.118513072,11.455338057,-0.762167781,0.600000000,0.600000000,11.323954981,-1.347606495,11.586721133,-0.176729068
173,4.142457915,11.431930650,-0.757123099,0.600000000,0.600000000,11.310507715,-1.344708387,11.553353585,-0.169537811
174,4.166402758,11.408440955,-0.752476620,0.600000000,0.600000000,11.297013176,-1.342039042,11.519868735,-0.162914198
175,4.190347602,11.384875747,-0.748229684,0.600000000,0.600000000,11.283475255,-1.339599230,11.486276239,-0.156860138
176,4.214292445,11.361241820,-0.744383515,0.600000000,0.600000000,11.269897855,-1.337389654,11.452585784,-0.151377377
177,4.238237289,11.337545989,-0.740939224,0.600000000,0.600000000,11.256284894,-1.335410951,11.418807085,-0.146467497
178,4.262182132,11.313795088,-0.737897802,0.600000000,0.600000000,11.242640295,-1.333663692,11.384949882,-0.142131912
179,4.286126976,11.289995967,-0.735260127,0.600000000,0.600000000,11.228967993,-1.332148380,11.351023940,-0.138371874
180,4.310071819,11.266155487,-0.733026960,0.600000000,0.600000000,11.215271932,-1.330865453,11.317039041,-0.135188467
181,4.334016662,11.242280523,-0.731198944,0.600000000,0.600000000,11.201556060,-1.329815281,11.283004986,-0.132582608
182,4.357961506,11.218377961,-0.729776607,0.600000000,0.600000000,11.187824334,-1.328998166,11.248931588,-0.130555049
183,4.381906349,11.194454692,-0.728760359,0.600000000,0.600000000,11.174080711,-1.328414344,11.214828673,-0.129106375
184,4.405851193,11.170517617,-0.728150493,0.600000000,0.600000000,11.160329157,-1.328063983,11.180706076,-0.128237004
185,4.429796036,11.146573636,-0.727947185,0.600000000,0.600000000,11.144013317,-1.327941722,11.149133956,-0.127952648
186,4.453496036,11.122873636,-0.727947185,0.600000000,0.600000000,11.122873636,-1.327947185,11.122873636,-0.127947185
187,4.477196036,11.099173636,-0.727947185,0.600000000,0.600000000,11.099173636,-1.327947185,11.099173636,-0.127947185
188,4.500896036,11.075473636,-0.727947185,0.600000000,0.600000000,11.075473636,-1.327947185,11.075473636,-0.127947185
189,4.524596036,11.051773636,-0.727947185,0.600000000,0.600000000,11.051773636,-1.327947185,11.051773636,-0.127947185
190,4.548296036,11.028073636,-0.727947185,0.600000000,0.600000000,11.028073636,-1.327947185,11.028073636,-0.127947185
191,4.571996036,11.004373636,-0.727947185,0.600000000,0.600000000,11.004373636,-1.327947185,11.004373636,-0.127947185
192,4.595696036,10.980673636,-0.727947185,0.600000000,0.600000000,10.980673636,-1.327947185,10.980673636,-0.127947185
193,4.619396036,10.956973636,-0.727947185,0.600000000,0.600000000,10.956973636,-1.327947185,10.956973636,-0.127947185
194,4.643096036,10.933273636,-0.727947185,0.600000000,0.600000000,10.933273636,-1.327947185,10.933273636,-0.127947185
195,4.666796036,10.909573636,-0.727947185,0.600000000,0.600000000,10.909573636,-1.327947185,10.909573636,-0.127947185
196,4.690496036,10.885873636,-0.727947185,0.600000000,0.600000000,10.885873636,-1.327947185,10.885873636,-0.127947185
197,4.714196036,10.862173636,-0.727947185,0.600000000,0.600000000,10.862173636,-1.327947185,10.862173636,-0.127947185
198,4.737896036,10.838473636,-0.727947185,0.600000000,0.600000000,10.838473636,-1.327947185,10.838473636,-0.127947185
199,4.761596036,10.814773636,-0.727947185,0.600000000,0.600000000,10.814773636,-1.327947185,10.814773636,-0.127947185
200,4.785296036,10.791073636,-0.727947185,0.600000000,0.600000000,10.791073636,-1.327947185,10.791073636,-0.127947185
201,4.808996036,10.767373636,-0.727947185,0.600000000,0.600000000,10.767373636,-1.327947185,10.767373636,-0.127947185
202,4.832696036,10.743673636,-0.727947185,0.600000000,0.600000000,10.743673636,-1.327947185,10.743673636,-0.127947185
203,4.856396036,10.719973636,-0.727947185,0.600000000,0.600000000,10.719973636,-1.327947185,10.719973636,-0.127947185
204,4.880096036,10.696273636,-0.727947185,0.600000000,0.600000000,10.696273636,-1.327947185,10.696273636,-0.127947185
205,4.903796036,10.672573636,-0.727947185,0.600000000,0.600000000,10.672573636,-1.327947185,10.672573636,-0.127947185
206,4.927496036,10.648873636,-0.727947185,0.600000000,0.600000000,10.648873636,-1.327947185,10.648873636,-0.127947185
207,4.951196036,10.625173636,-0.727947185,0.600000000,0.600000000,10.625173636,-1.327947185,10.625173636,-0.127947185
208,4.974896036,10.601473636,-0.727947185,0.600000000,0.600000000,10.601473636,-1.327947185,10.601473636,-0.127947185
209,4.998596036,10.577773636,-0.727947185,0.600000000,0.600000000,10.577727586,-1.327947183,10.577819686,-0.127947187
210,5.022259963,10.554109709,-0.727943550,0.600000000,0.600000000,10.553741256,-1.327943437,10.554478163,-0.127943663
211,5.045923904,10.530445782,-0.727918122,0.600000000,0.600000000,10.529249620,-1.327916929,10.531641945,-0.127919314
212,5.069587931,10.506781856,-0.727849197,0.600000000,0.600000000,10.504209980,-1.327843685,10.509353731,-0.127854709
213,5.093252237,10.483117929,-0.727715251,0.600000000,0.600000000,10.478628064,-1.327698452,10.487607793,-0.127732050
214,5.116917189,10.459454002,-0.727495027,0.600000000,0.600000000,10.452511932,-1.327454866,10.466396071,-0.127535189
215,5.140583381,10.435790075,-0.727167625,0.600000000,0.600000000,10.425872013,-1.327085647,10.445708136,-0.127249604
216,5.164251682,10.412126148,-0.726712586,0.600000000,0.600000000,10.398721149,-1.326562823,10.425531147,-0.126862350
217,5.187923281,10.388462221,-0.726109978,0.600000000,0.600000000,10.371074630,-1.325857985,10.405849812,-0.126361972
218,5.211599716,10.364798294,-0.725340481,0.600000000,0.600000000,10.342950232,-1.324942568,10.386646355,-0.125738394
219,5.235282906,10.341134367,-0.724385465,0.600000000,0.600000000,10.314368239,-1.323788146,10.367900495,-0.124982784
220,5.258975168,10.317470440,-0.723227071,0.600000000,0.600000000,10.285351440,-1.322366763,10.349589440,-0.124087380
221,5.282679229,10.293806513,-0.721848288,0.600000000,0.600000000,10.255925112,-1.320651260,10.331687914,-0.123045316
222,5.306398220,10.270142586,-0.720233022,0.600000000,0.600000000,10.226116966,-1.318615630,10.314168206,-0.121850415
223,5.330135670,10.246478659,-0.718366171,0.600000000,0.600000000,10.195957058,-1.316235361,10.297000260,-0.120496982
224,5.353895488,10.222814732,-0.716233688,0.600000000,0.600000000,10.165477664,-1.313487788,10.280151800,-0.118979587
225,5.377681925,10.199150805,-0.713822644,0.600000000,0.600000000,10.134713110,-1.310352428,10.263588501,-0.117292860
226,5.401499539,10.175486878,-0.711121290,0.600000000,0.600000000,10.103699562,-1.306811294,10.247274195,-0.115431285
227,5.425353145,10.151822951,-0.708119108,0.600000000,0.600000000,10.072474775,-1.302849187,10.231171128,-0.113389029
228,5.449247755,10.128159024,-0.704806864,0.600000000,0.600000000,10.041077809,-1.298453949,10.215240240,-0.111159779
229,5.473188513,10.104495098,-0.701176654,0.600000000,0.600000000,10.009548703,-1.293616679,10.199441492,-0.108736630
230,5.497180619,10.080831171,-0.697221946,0.600000000,0.600000000,9.977928140,-1.288331890,10.183734201,-0.106112001
231,5.521229256,10.057167244,-0.692937613,0.600000000,0.600000000,9.946257080,-1.282597630,10.168077407,-0.103277596
232,5.545339504,10.033503317,-0.688319969,0.600000000,0.600000000,9.914576403,-1.276415530,10.152430231,-0.100224407
233,5.569516257,10.009839390,-0.683366794,0.600000000,0.600000000,9.882926543,-1.269790813,10.136752236,-0.096942776
234,5.593764135,9.986175463,-0.678077358,0.600000000,0.600000000,9.851347152,-1.262732237,10.121003774,-0.093422480
235,5.618087400,9.962511536,-0.672452433,0.600000000,0.600000000,9.819876773,-1.255251991,10.105146299,-0.089652875
236,5.642489873,9.938847609,-0.666494307,0.600000000,0.600000000,9.788552560,-1.247365548,10.089142658,-0.085623066
237,5.666974855,9.915183682,-0.660206790,0.600000000,0.600000000,9.757410035,-1.239091473,10.072957329,-0.081322107
238,5.691545048,9.891519755,-0.653595213,0.600000000,0.600000000,9.726482888,-1.230451202,10.056556623,-0.076739223
239,5.716202492,9.867855828,-0.646666425,0.600000000,0.600000000,9.695802834,-1.221468797,10.039908823,-0.071864052
240,5.740948500,9.844191901,-0.639428780,0.600000000,0.600000000,9.665399519,-1.212170680,10.022984283,-0.066686880
241,5.765783608,9.820527974,-0.631892126,0.600000000,0.600000000,9.635300479,-1.202585367,10.005755470,-0.061198886
242,5.790707529,9.796864047,-0.624067779,0.600000000,0.600000000,9.605531142,-1.192743186,9.988196953,-0.055392371
243,5.815719123,9.773200120,-0.615968498,0.600000000,0.600000000,9.576114886,-1.182676016,9.970285354,-0.049260980
244,5.840816368,9.749536193,-0.607608457,0.600000000,0.600000000,9.547073134,-1.172417017,9.951999253,-0.042799897
245,5.865996356,9.725872267,-0.599003206,0.600000000,0.600000000,9.518425476,-1.162000390,9.933319057,-0.036006022
246,5.891255285,9.702208340,-0.590169629,0.600000000,0.600000000,9.490189834,-1.151461133,9.914226845,-0.028878124
247,5.916588475,9.678544413,-0.581125898,0.600000000,0.600000000,9.462382639,-1.140834830,9.894706186,-0.021416967
248,5.941990382,9.654880486,-0.571891427,0.600000000,0.600000000,9.435019027,-1.130157438,9.874741945,-0.013625416
249,5.967454638,9.631216559,-0.562486807,0.600000000,0.600000000,9.408113046,-1.119465104,9.854320072,-0.005508511
250,5.992974085,9.607552632,-0.552933757,0.600000000,0.600000000,9.381677868,-1.108793983,9.833427396,0.002926469
251,6.018540837,9.583888705,-0.543255052,0.600000000,0.600000000,9.355725995,-1.098180072,9.812051415,0.011669968
252,6.044146333,9.560224778,-0.533474459,0.600000000,0.600000000,9.330269464,-1.087659043,9.790180092,0.020710125
253,6.069781417,9.536560851,-0.523616665,0.600000000,0.600000000,9.305320039,-1.077266091,9.767801663,0.030032761
254,6.095436415,9.512896924,-0.513707200,0.600000000,0.600000000,9.280889387,-1.067035767,9.744904461,0.039621366
255,6.121101224,9.489232997,-0.503772364,0.600000000,0.600000000,9.256989242,-1.057001826,9.721476753,0.049457099
256,6.146765410,9.465569070,-0.493839136,0.600000000,0.600000000,9.233631532,-1.047197048,9.697506608,0.059518775
257,6.172418311,9.441905143,-0.483935101,0.600000000,0.600000000,9.210828500,-1.037653067,9.672981786,0.069782864
258,6.198049149,9.418241216,-0.474088356,0.600000000,0.600000000,9.188592780,-1.028400178,9.647889653,0.080223465
259,6.223647142,9.394577289,-0.464327424,0.600000000,0.600000000,9.166937443,-1.019467136,9.622217136,0.090812289
260,6.249201630,9.370913362,-0.454681160,0.600000000,0.600000000,9.145876010,-1.010880935,9.595950715,0.101518615
261,6.274702195,9.347249435,-0.445178665,0.600000000,0.600000000,9.125422417,-1.002666579,9.569076454,0.112309248
262,6.300138794,9.323585509,-0.435849188,0.600000000,0.600000000,9.105590934,-0.994846832,9.541580083,0.123148455
263,6.325501886,9.299921582,-0.426722031,0.600000000,0.600000000,9.086396031,-0.987441960,9.513447132,0.133997899
264,6.350782565,9.276257655,-0.417826454,0.600000000,0.600000000,9.067852188,-0.980469469,9.484663121,0.144816560
265,6.375972691,9.252593728,-0.409191584,0.600000000,0.600000000,9.049973638,-0.973943830,9.455213817,0.155560662
266,6.401065021,9.228929801,-0.400846311,0.600000000,0.600000000,9.032774044,-0.967876221,9.425085558,0.166183599
267,6.426053337,9.205265874,-0.392819200,0.600000000,0.600000000,9.016266099,-0.962274278,9.394265649,0.176635877
268,6.450932570,9.181601947,-0.385138393,0.600000000,0.600000000,9.000461058,-0.957141871,9.362742836,0.186865085
269,6.475698917,9.157938020,-0.377831513,0.600000000,0.600000000,8.985368191,-0.952478930,9.330507849,0.196815904
270,6.500349950,9.134274093,-0.370925574,0.600000000,0.600000000,8.970994160,-0.948281325,9.297554026,0.206430177
271,6.524884717,9.110610166,-0.364446890,0.600000000,0.600000000,8.957342340,-0.944540825,9.263877992,0.215647045
272,6.549303828,9.086946239,-0.358420983,0.600000000,0.600000000,8.944412082,-0.941245154,9.229480396,0.224403188
273,6.573609529,9.063282312,-0.352872498,0.600000000,0.600000000,8.932197949,-0.938378168,9.194366675,0.232633173
274,6.597805759,9.039618385,-0.347825114,0.600000000,0.600000000,8.920688938,-0.935920163,9.158547832,0.240269935
275,6.621898181,9.015954458,-0.343301467,0.600000000,0.600000000,8.909867740,-0.933848340,9.122041176,0.247245405
276,6.645894204,8.992290531,-0.339323068,0.600000000,0.600000000,8.899710057,-0.932137420,9.084871006,0.253491284
277,6.669802967,8.968626604,-0.335910224,0.600000000,0.600000000,8.890184037,-0.930760427,9.047069172,0.258939979
278,6.693635307,8.944962677,-0.333081970,0.600000000,0.600000000,8.881249868,-0.929689611,9.008675487,0.263525672
279,6.717403698,8.921298751,-0.330855997,0.600000000,0.600000000,8.872859579,-0.928897506,8.969737922,0.267185512
280,6.741122155,8.897634824,-0.329248587,0.600000000,0.600000000,8.864957096,-0.928358065,8.930312551,0.269860890
281,6.764806120,8.873970897,-0.328274554,0.600000000,0.600000000,8.857478576,-0.928047847,8.890463217,0.271498739
282,6.788472311,8.850306970,-0.327947185,0.600000000,0.600000000,8.850353055,-0.927947183,8.850260885,0.272052813
283,6.812138553,8.826643043,-0.328278189,0.600000000,0.600000000,8.843503389,-0.928041250,8.809782696,0.271484871
284,6.835823577,8.802979116,-0.329277651,0.600000000,0.600000000,8.836847495,-0.928320999,8.769110737,0.269765698
285,6.859546804,8.779315189,-0.330953985,0.600000000,0.600000000,8.830299816,-0.928783867,8.728330561,0.266875897
286,6.883328113,8.755651262,-0.333313904,0.600000000,0.600000000,8.823772987,-0.929434220,8.687529537,0.262806411
287,6.907187591,8.731987335,-0.336362382,0.600000000,0.600000000,8.817179580,-0.930283489,8.646795090,0.257558725
288,6.931145280,8.708323408,-0.340102628,0.600000000,0.600000000,8.810433880,-0.931349997,8.606212936,0.251144742
289,6.955220928,8.684659481,-0.344536066,0.600000000,0.600000000,8.803453579,-0.932658471,8.565865384,0.243586338
290,6.979433733,8.660995554,-0.349662321,0.600000000,0.600000000,8.796161304,-0.934239279,8.525829805,0.234914638
291,7.003802104,8.637331627,-0.355479202,0.600000000,0.600000000,8.788485926,-0.936127441,8.486177328,0.225169038
292,7.028343436,8.613667700,-0.361982703,0.600000000,0.600000000,8.780363586,-0.938361469,8.446971815,0.214396062
293,7.053073896,8.590003773,-0.369167004,0.600000000,0.600000000,8.771738404,-0.940982117,8.408269142,0.202648109
294,7.078008234,8.566339846,-0.377024471,0.600000000,0.600000000,8.762562886,-0.944031101,8.370116807,0.189982159
295,7.103159623,8.542675919,-0.385545675,0.600000000,0.600000000,8.752798016,-0.947549861,8.332553823,0.176458510
296,7.128539512,8.519011993,-0.394719407,0.600000000,0.600000000,8.742413087,-0.951578411,8.295610898,0.162139598
297,7.154157516,8.495348066,-0.404532698,0.600000000,0.600000000,8.731385294,-0.956154331,8.259310837,0.147088936
298,7.180021323,8.471684139,-0.414970852,0.600000000,0.600000000,8.719699152,-0.961311912,8.223669126,0.131370207
299,7.206136633,8.448020212,-0.426017479,0.600000000,0.600000000,8.707345776,-0.967081479,8.188694648,0.115046520
300,7.232507117,8.424356285,-0.437654532,0.600000000,0.600000000,8.694322089,-0.973488895,8.154390481,0.098179831
301,7.259134402,8.400692358,-0.449862352,0.600000000,0.600000000,8.680629980,-0.980555227,8.120754736,0.080830523
302,7.286018074,8.377028431,-0.462619719,0.600000000,0.600000000,8.666275469,-0.988296569,8.087781393,0.063057132
303,7.313155706,8.353364504,-0.475903905,0.600000000,0.600000000,8.651267891,-0.996724000,8.055461117,0.044916191
304,7.340542894,8.329700577,-0.489690733,0.600000000,0.600000000,8.635619136,-1.005843651,8.023782018,0.026462186
305,7.368173320,8.306036650,-0.503954640,0.600000000,0.600000000,8.619342943,-1.015656865,7.992730357,0.007747585
306,7.396038826,8.282372723,-0.518668747,0.600000000,0.600000000,8.602454272,-1.026160424,7.962291174,-0.011177070
307,7.424129490,8.258708796,-0.533804928,0.600000000,0.600000000,8.584968749,-1.037346826,7.932448843,-0.030263030
308,7.452433731,8.235044869,-0.549333888,0.600000000,0.600000000,8.566902181,-1.049204596,7.903187558,-0.049463180
309,7.480938407,8.211380942,-0.565225242,0.600000000,0.600000000,8.548270145,-1.061718611,7.874491740,-0.068731873
310,7.509628931,8.187717015,-0.581447596,0.600000000,0.600000000,8.529087642,-1.074870432,7.846346389,-0.088024760
311,7.538489393,8.164053088,-0.597968637,0.600000000,0.600000000,8.509368808,-1.088638642,7.818737369,-0.107298632
312,7.567502679,8.140389161,-0.614755220,0.600000000,0.600000000,8.489126680,-1.102999158,7.791651643,-0.126511282
313,7.596650610,8.116725235,-0.631773457,0.600000000,0.600000000,8.468373003,-1.117925539,7.765077466,-0.145621375
314,7.625914069,8.093061308,-0.648988816,0.600000000,0.600000000,8.447118081,-1.133389272,7.739004534,-0.164588361
315,7.655273146,8.069397381,-0.666366214,0.600000000,0.600000000,8.425370656,-1.149360031,7.713424105,-0.183372397
316,7.684707275,8.045733454,-0.683870114,0.600000000,0.600000000,8.403137820,-1.165805918,7.688329088,-0.201934310
317,7.714195379,8.022069527,-0.701464626,0.600000000,0.600000000,8.380424945,-1.182693672,7.663714108,-0.220235581
318,7.743716016,7.998405600,-0.719113608,0.600000000,0.600000000,8.357235639,-1.199988855,7.639575561,-0.238238361
319,7.773247521,7.974741673,-0.736780763,0.600000000,0.600000000,8.333571712,-1.217656009,7.615911634,-0.255905516
320,7.802768157,7.951077746,-0.754429744,0.600000000,0.600000000,8.309433164,-1.235658789,7.592722328,-0.273200699
321,7.832256262,7.927413819,-0.772024256,0.600000000,0.600000000,8.284818185,-1.253960060,7.570009453,-0.290088452
322,7.861690391,7.903749892,-0.789528156,0.600000000,0.600000000,8.259723167,-1.272521973,7.547776617,-0.306534339
323,7.891049468,7.880085965,-0.806905554,0.600000000,0.600000000,8.234142739,-1.291306010,7.526029192,-0.322505099
324,7.920312927,7.856422038,-0.824120913,0.600000000,0.600000000,8.208069807,-1.310272995,7.504774269,-0.337968832
325,7.949460857,7.832758111,-0.841139151,0.600000000,0.600000000,8.181495630,-1.329383089,7.484020592,-0.352895213
326,7.978474143,7.809094184,-0.857925733,0.600000000,0.600000000,8.154409904,-1.348595738,7.463778465,-0.367255728
327,8.007334605,7.785430257,-0.874446774,0.600000000,0.600000000,8.126800884,-1.367869611,7.444059631,-0.381023938
328,8.036025130,7.761766330,-0.890669129,0.600000000,0.600000000,8.098655533,-1.387162498,7.424877128,-0.394175760
329,8.064529806,7.738102403,-0.906560482,0.600000000,0.600000000,8.069959715,-1.406431190,7.406245092,-0.406689774
330,8.092834046,7.714438477,-0.922089442,0.600000000,0.600000000,8.040698429,-1.425631340,7.388178524,-0.418547544
331,8.120924711,7.690774550,-0.937225623,0.600000000,0.600000000,8.010856098,-1.444717300,7.370693001,-0.429733946
332,8.148790216,7.667110623,-0.951939730,0.600000000,0.600000000,7.980416915,-1.463641955,7.353804330,-0.440237505
333,8.176420643,7.643446696,-0.966203638,0.600000000,0.600000000,7.949365255,-1.482356556,7.337528137,-0.450050719
334,8.203807831,7.619782769,-0.979990466,0.600000000,0.600000000,7.917686156,-1.500810561,7.321879381,-0.459170370
335,8.230945462,7.596118842,-0.993274651,0.600000000,0.600000000,7.885365880,-1.518951502,7.306871804,-0.467597801
336,8.257829135,7.572454915,-1.006032019,0.600000000,0.600000000,7.852392537,-1.536724894,7.292517293,-0.475339143
337,8.284456420,7.548790988,-1.018239838,0.600000000,0.600000000,7.818756792,-1.554074202,7.278825184,-0.482405475
338,8.310826904,7.525127061,-1.029876891,0.600000000,0.600000000,7.784452625,-1.570940891,7.265801497,-0.488812891
339,8.336942214,7.501463134,-1.040923518,0.600000000,0.600000000,7.749478147,-1.587264578,7.253448121,-0.494582459
340,8.362806020,7.477799207,-1.051361673,0.600000000,0.600000000,7.713836436,-1.602983306,7.241761978,-0.499740039
341,8.388424024,7.454135280,-1.061174964,0.600000000,0.600000000,7.677536375,-1.618033968,7.230734185,-0.504315959
342,8.413803914,7.430471353,-1.070348695,0.600000000,0.600000000,7.640593450,-1.632352880,7.220349257,-0.508344510
343,8.438955302,7.406807426,-1.078869899,0.600000000,0.600000000,7.603030466,-1.645876530,7.210584387,-0.511863269
344,8.463889641,7.383143499,-1.086727366,0.600000000,0.600000000,7.564878130,-1.658542480,7.201408868,-0.514912253
345,8.488620100,7.359479572,-1.093911667,0.600000000,0.600000000,7.526175458,-1.670290433,7.192783687,-0.517532901
346,8.513161432,7.335815645,-1.100415169,0.600000000,0.600000000,7.486969945,-1.681063408,7.184661346,-0.519766929
347,8.537529804,7.312151719,-1.106232050,0.600000000,0.600000000,7.447317468,-1.690809008,7.176985969,-0.521655091
348,8.561742609,7.288487792,-1.111358304,0.600000000,0.600000000,7.407281889,-1.699480708,7.169693694,-0.523235900
349,8.585818256,7.264823865,-1.115791743,0.600000000,0.600000000,7.366934337,-1.707039112,7.162713393,-0.524544374
350,8.609775946,7.241159938,-1.119531989,0.600000000,0.600000000,7.326352182,-1.713453096,7.155967693,-0.525610882
351,8.633635423,7.217496011,-1.122580466,0.600000000,0.600000000,7.285617736,-1.718700782,7.149374286,-0.526460151
352,8.657416732,7.193832084,-1.124940385,0.600000000,0.600000000,7.244816711,-1.722770267,7.142847456,-0.527110503
353,8.681139960,7.170168157,-1.126616720,0.600000000,0.600000000,7.204036536,-1.725660068,7.136299778,-0.527573372
354,8.704824984,7.146504230,-1.127616181,0.600000000,0.600000000,7.163364577,-1.727379241,7.129643883,-0.527853121
355,8.728491226,7.122840303,-1.127947185,0.600000000,0.600000000,7.122886388,-1.727947183,7.122794218,-0.527947187
356,8.752157417,7.099176376,-1.127619816,0.600000000,0.600000000,7.082684056,-1.727393110,7.115668696,-0.527846523
357,8.775841381,7.075512449,-1.126645783,0.600000000,0.600000000,7.042834721,-1.725755261,7.108190177,-0.527536306
358,8.799559838,7.051848522,-1.125038374,0.600000000,0.600000000,7.003409351,-1.723079883,7.100287694,-0.526996864
359,8.823328229,7.028184595,-1.122812400,0.600000000,0.600000000,6.964471785,-1.719420042,7.091897405,-0.526204759
360,8.847160570,7.004520668,-1.119984146,0.600000000,0.600000000,6.926078101,-1.714834349,7.082963236,-0.525133944
361,8.871069333,6.980856741,-1.116571303,0.600000000,0.600000000,6.888276267,-1.709385654,7.073437216,-0.523756951
362,8.895065355,6.957192814,-1.112592903,0.600000000,0.600000000,6.851106096,-1.703139775,7.063279533,-0.522046031
363,8.919157778,6.933528888,-1.108069256,0.600000000,0.600000000,6.814599441,-1.696164305,7.052458334,-0.519974207
364,8.943354007,6.909864961,-1.103021873,0.600000000,0.600000000,6.778780597,-1.688527543,7.040949324,-0.517516203
365,8.967659709,6.886201034,-1.097473387,0.600000000,0.600000000,6.743666877,-1.680297558,7.028735190,-0.514649216
366,8.992078820,6.862537107,-1.091447480,0.600000000,0.600000000,6.709269280,-1.671541415,7.015804933,-0.511353545
367,9.016613587,6.838873180,-1.084968796,0.600000000,0.600000000,6.675593247,-1.662324547,7.002153113,-0.507613045
368,9.041264620,6.815209253,-1.078062858,0.600000000,0.600000000,6.642639424,-1.652710275,6.987779082,-0.503415441
369,9.066030967,6.791545326,-1.070755977,0.600000000,0.600000000,6.610404437,-1.642759455,6.972686215,-0.498752500
370,9.090910200,6.767881399,-1.063075170,0.600000000,0.600000000,6.578881624,-1.632530247,6.956881174,-0.493620093
371,9.115898516,6.744217472,-1.055048059,0.600000000,0.600000000,6.548061715,-1.622077969,6.940373229,-0.488018149
372,9.140990846,6.720553545,-1.046702787,0.600000000,0.600000000,6.517933456,-1.611455033,6.923173634,-0.481950541
373,9.166180971,6.696889618,-1.038067916,0.600000000,0.600000000,6.488484151,-1.600710930,6.905295085,-0.475424902
374,9.191461650,6.673225691,-1.029172340,0.600000000,0.600000000,6.459700140,-1.589892269,6.886751242,-0.468452410
375,9.216824742,6.649561764,-1.020045182,0.600000000,0.600000000,6.431567189,-1.579042826,6.867556339,-0.461047539
376,9.242261341,6.625897837,-1.010715705,0.600000000,0.600000000,6.404070819,-1.568203619,6.847724856,-0.453227791
377,9.267761907,6.602233910,-1.001213210,0.600000000,0.600000000,6.377196558,-1.557412986,6.827271263,-0.445013435
378,9.293316394,6.578569983,-0.991566947,0.600000000,0.600000000,6.350930137,-1.546706659,6.806209830,-0.436427234
379,9.318914388,6.554906056,-0.981806014,0.600000000,0.600000000,6.325257620,-1.536117836,6.784554493,-0.427494192
380,9.344545225,6.531242130,-0.971959269,0.600000000,0.600000000,6.300165486,-1.525677234,6.762318773,-0.418241304
381,9.370198126,6.507578203,-0.962055234,0.600000000,0.600000000,6.275640664,-1.515413146,6.739515741,-0.408697323
382,9.395862312,6.483914276,-0.952122007,0.600000000,0.600000000,6.251670520,-1.505351469,6.716158031,-0.398892545
383,9.421527121,6.460250349,-0.942187170,0.600000000,0.600000000,6.228242812,-1.495515737,6.692257885,-0.388858603
384,9.447182119,6.436586422,-0.932277706,0.600000000,0.600000000,6.205345609,-1.485927131,6.667827234,-0.378628280
385,9.472817204,6.412922495,-0.922419911,0.600000000,0.600000000,6.182967181,-1.476604496,6.642877809,-0.368235327
386,9.498422700,6.389258568,-0.912639318,0.600000000,0.600000000,6.161095858,-1.467564338,6.617421278,-0.357714298
387,9.523989451,6.365594641,-0.902960613,0.600000000,0.600000000,6.139719877,-1.458820839,6.591469405,-0.347100387
388,9.549508899,6.341930714,-0.893407563,0.600000000,0.600000000,6.118827201,-1.450385859,6.565034227,-0.336429267
389,9.574973154,6.318266787,-0.884002944,0.600000000,0.600000000,6.098405328,-1.442268954,6.538128246,-0.325736933
390,9.600375062,6.294602860,-0.874768472,0.600000000,0.600000000,6.078441086,-1.434477403,6.510764634,-0.315059541
391,9.625708251,6.270938933,-0.865724742,0.600000000,0.600000000,6.058920428,-1.427016247,6.482957438,-0.304433237
392,9.650967181,6.247275006,-0.856891164,0.600000000,0.600000000,6.039828216,-1.419888348,6.454721797,-0.293893980
393,9.676147169,6.223611079,-0.848285913,0.600000000,0.600000000,6.021148020,-1.413094473,6.426074139,-0.283477353
394,9.701244414,6.199947152,-0.839925873,0.600000000,0.600000000,6.002861918,-1.406633390,6.397032386,-0.273218355
395,9.726256007,6.176283225,-0.831826592,0.600000000,0.600000000,5.984950320,-1.400501999,6.367616131,-0.263151184
396,9.751179928,6.152619298,-0.824002244,0.600000000,0.600000000,5.967391803,-1.394695485,6.337846794,-0.253309004
397,9.776015036,6.128955372,-0.816465590,0.600000000,0.600000000,5.950162990,-1.389207490,6.307747753,-0.243723690
398,9.800761045,6.105291445,-0.809227946,0.600000000,0.600000000,5.933238450,-1.384030318,6.277344439,-0.234425574
399,9.825418489,6.081627518,-0.802299158,0.600000000,0.600000000,5.916590650,-1.379155147,6.246664385,-0.225443168
400,9.849988682,6.057963591,-0.795687581,0.600000000,0.600000000,5.900189944,-1.374572264,6.215737238,-0.216802898
401,9.874473663,6.034299664,-0.789400063,0.600000000,0.600000000,5.884004615,-1.370271304,6.184594712,-0.208528823
402,9.898876137,6.010635737,-0.783441937,0.600000000,0.600000000,5.868000974,-1.366241495,6.153270500,-0.200642380
403,9.923199402,5.986971810,-0.777817012,0.600000000,0.600000000,5.852143499,-1.362471890,6.121800121,-0.193162134
404,9.947447279,5.963307883,-0.772527576,0.600000000,0.600000000,5.836395037,-1.358951594,6.090220729,-0.186103557
405,9.971624032,5.939643956,-0.767574402,0.600000000,0.600000000,5.820717042,-1.355669963,6.058570870,-0.179478841
406,9.995734280,5.915980029,-0.762956758,0.600000000,0.600000000,5.805069865,-1.352616775,6.026890193,-0.173296741
407,10.019782917,5.892316102,-0.758672425,0.600000000,0.600000000,5.789413071,-1.349782369,5.995219133,-0.167562480
408,10.043775024,5.868652175,-0.754717716,0.600000000,0.600000000,5.773705781,-1.347157740,5.963598569,-0.162277692
409,10.067715781,5.844988248,-0.751087506,0.600000000,0.600000000,5.757907032,-1.344734592,5.932069464,-0.157440421
410,10.091610391,5.821324321,-0.747775263,0.600000000,0.600000000,5.741976145,-1.342505342,5.900672498,-0.153045184
411,10.115463997,5.797660394,-0.744773081,0.600000000,0.600000000,5.725873078,-1.340463085,5.869447711,-0.149083077
412,10.139281612,5.773996467,-0.742071726,0.600000000,0.600000000,5.709558772,-1.338601511,5.838434163,-0.145541942
413,10.163068048,5.750332540,-0.739660682,0.600000000,0.600000000,5.692995473,-1.336914783,5.807669608,-0.142406582
414,10.186827866,5.726668614,-0.737528199,0.600000000,0.600000000,5.676147013,-1.335397389,5.777190214,-0.139659009
415,10.210565317,5.703004687,-0.735661348,0.600000000,0.600000000,5.658979067,-1.334043955,5.747030307,-0.137278741
416,10.234284307,5.679340760,-0.734046082,0.600000000,0.600000000,5.641459359,-1.332849054,5.717222160,-0.135243110
417,10.257988368,5.655676833,-0.732667299,0.600000000,0.600000000,5.623557833,-1.331806990,5.687795833,-0.133527608
418,10.281680631,5.632012906,-0.731508905,0.600000000,0.600000000,5.605246778,-1.330911587,5.658779034,-0.132106224
419,10.305363821,5.608348979,-0.730553889,0.600000000,0.600000000,5.586500917,-1.330155976,5.630197040,-0.130951803
420,10.329040256,5.584685052,-0.729784392,0.600000000,0.600000000,5.567297461,-1.329532399,5.602072643,-0.130036385
421,10.352711854,5.561021125,-0.729181784,0.600000000,0.600000000,5.547616126,-1.329032020,5.574426124,-0.129331548
422,10.376380156,5.537357198,-0.728726745,0.600000000,0.600000000,5.527439137,-1.328644766,5.547275259,-0.128808724
423,10.400046347,5.513693271,-0.728399343,0.600000000,0.600000000,5.506751201,-1.328359181,5.520635341,-0.128439505
424,10.423711299,5.490029344,-0.728179119,0.600000000,0.600000000,5.485539480,-1.328162320,5.494519209,-0.128195919
425,10.447375605,5.466365417,-0.728045174,0.600000000,0.600000000,5.463793542,-1.328039661,5.468937293,-0.128050686
426,10.471039632,5.442701490,-0.727976249,0.600000000,0.600000000,5.441505327,-1.327975056,5.443897653,-0.127977441
427,10.494703573,5.419037563,-0.727950820,0.600000000,0.600000000,5.418669110,-1.327950707,5.419406016,-0.127950933
428,10.518367500,5.395373636,-0.727947185,0.600000000,0.600000000,5.395327586,-1.327947183,5.395419686,-0.127947187
429,10.542067500,5.371673636,-0.727947185,0.600000000,0.600000000,5.371673636,-1.327947185,5.371673636,-0.127947185
430,10.565767500,5.347973636,-0.727947185,0.600000000,0.600000000,5.347973636,-1.327947185,5.347973636,-0.127947185
431,10.589467500,5.324273636,-0.727947185,0.600000000,0.600000000,5.324273636,-1.327947185,5.324273636,-0.127947185
432,10.613167500,5.300573636,-0.727947185,0.600000000,0.600000000,5.300573636,-1.327947185,5.300573636,-0.127947185
433,10.636867500,5.276873636,-0.727947185,0.600000000,0.600000000,5.276873636,-1.327947185,5.276873636,-0.127947185
434,10.660567500,5.253173636,-0.727947185,0.600000000,0.600000000,5.253173636,-1.327947185,5.253173636,-0.127947185
435,10.684267500,5.229473636,-0.727947185,0.600000000,0.600000000,5.229473636,-1.327947185,5.229473636,-0.127947185
436,10.707967500,5.205773636,-0.727947185,0.600000000,0.600000000,5.205773636,-1.327947185,5.205773636,-0.127947185
437,10.731667500,5.182073636,-0.727947185,0.600000000,0.600000000,5.182073636,-1.327947185,5.182073636,-0.127947185
438,10.755367500,5.158373636,-0.727947185,0.600000000,0.600000000,5.158373636,-1.327947185,5.158373636,-0.127947185
439,10.779067500,5.134673636,-0.727947185,0.600000000,0.600000000,5.134673636,-1.327947185,5.134673636,-0.127947185
440,10.802767500,5.110973636,-0.727947185,0.600000000,0.600000000,5.110973636,-1.327947185,5.110973636,-0.127947185
441,10.826467500,5.087273636,-0.727947185,0.600000000,0.600000000,5.087273636,-1.327947185,5.087273636,-0.127947185
442,10.850167500,5.063573636,-0.727947185,0.600000000,0.600000000,5.063573636,-1.327947185,5.063573636,-0.127947185
443,10.873867500,5.039873636,-0.727947185,0.600000000,0.600000000,5.039873636,-1.327947185,5.039873636,-0.127947185
444,10.897567500,5.016173636,-0.727947185,0.600000000,0.600000000,5.016173636,-1.327947185,5.016173636,-0.127947185
445,10.921267500,4.992473636,-0.727947185,0.600000000,0.600000000,4.992473636,-1.327947185,4.992473636,-0.127947185
446,10.944967500,4.968773636,-0.727947185,0.600000000,0.600000000,4.968773636,-1.327947185,4.968773636,-0.127947185
447,10.968667500,4.945073636,-0.727947185,0.600000000,0.600000000,4.945073636,-1.327947185,4.945073636,-0.127947185
448,10.992367500,4.921373636,-0.727947185,0.600000000,0.600000000,4.921373636,-1.327947185,4.921373636,-0.127947185
449,11.016067500,4.897673636,-0.727947185,0.600000000,0.600000000,4.897673636,-1.327947185,4.897673636,-0.127947185
450,11.039767500,4.873973636,-0.727947185,0.600000000,0.600000000,4.873973636,-1.327947185,4.873973636,-0.127947185
451,11.063467500,4.850273636,-0.727947185,0.600000000,0.600000000,4.850273636,-1.327947185,4.850273636,-0.127947185
452,11.087167500,4.826573636,-0.727947185,0.600000000,0.600000000,4.829133956,-1.327941722,4.824013317,-0.127952648
453,11.111112344,4.802629656,-0.728150493,0.600000000,0.600000000,4.812818116,-1.328063983,4.792441197,-0.128237004
454,11.135057187,4.778692580,-0.728760359,0.600000000,0.600000000,4.799066561,-1.328414344,4.758318600,-0.129106375
455,11.159002030,4.754769312,-0.729776607,0.600000000,0.600000000,4.785322939,-1.328998166,4.724215685,-0.130555049
456,11.182946874,4.730866750,-0.731198944,0.600000000,0.600000000,4.771591212,-1.329815281,4.690142287,-0.132582608
457,11.206891717,4.706991786,-0.733026960,0.600000000,0.600000000,4.757875341,-1.330865453,4.656108231,-0.135188467
458,11.230836561,4.683151306,-0.735260127,0.600000000,0.600000000,4.744179280,-1.332148380,4.622123333,-0.138371874
459,11.254781404,4.659352184,-0.737897802,0.600000000,0.600000000,4.730506978,-1.333663692,4.588197390,-0.142131912
460,11.278726248,4.635601284,-0.740939224,0.600000000,0.600000000,4.716862379,-1.335410951,4.554340188,-0.146467497
461,11.302671091,4.611905453,-0.744383515,0.600000000,0.600000000,4.703249417,-1.337389654,4.520561489,-0.151377377
462,11.326615935,4.588271526,-0.748229684,0.600000000,0.600000000,4.689672018,-1.339599230,4.486871034,-0.156860138
463,11.350560778,4.564706317,-0.752476620,0.600000000,0.600000000,4.676134097,-1.342039042,4.453278538,-0.162914198
464,11.374505621,4.541216623,-0.757123099,0.600000000,0.600000000,4.662639557,-1.344708387,4.419793688,-0.169537811
465,11.398450465,4.517809215,-0.762167781,0.600000000,0.600000000,4.649192291,-1.347606495,4.386426139,-0.176729068
466,11.422395308,4.494490846,-0.767609212,0.600000000,0.600000000,4.635796176,-1.350732529,4.353185515,-0.184485894
467,11.446340152,4.471268238,-0.773445821,0.600000000,0.600000000,4.622455075,-1.354085590,4.320081401,-0.192806053
468,11.470284995,4.448148088,-0.779675927,0.600000000,0.600000000,4.609172835,-1.357664708,4.287123342,-0.201687146
469,11.494229839,4.425137065,-0.786297733,0.600000000,0.600000000,4.595953286,-1.361468854,4.254320844,-0.211126611
470,11.518174682,4.402241802,-0.793309328,0.600000000,0.600000000,4.582800240,-1.365496929,4.221683364,-0.221121727
471,11.542119525,4.379468902,-0.800708692,0.600000000,0.600000000,4.569717491,-1.369747772,4.189220314,-0.231669611
472,11.566064369,4.356824933,-0.808493689,0.600000000,0.600000000,4.556708810,-1.374220157,4.156941057,-0.242767222
473,11.590009212,4.334316424,-0.816662077,0.600000000,0.600000000,4.543777950,-1.378912794,4.124854899,-0.254411359
474,11.613954056,4.311949866,-0.825211498,0.600000000,0.600000000,4.530928639,-1.383824331,4.092971094,-0.266598665
475,11.637898899,4.289731709,-0.834139488,0.600000000,0.600000000,4.518164582,-1.388953351,4.061298836,-0.279325625
476,11.661843743,4.267668359,-0.843443472,0.600000000,0.600000000,4.505489460,-1.394298375,4.029847258,-0.292588569
477,11.685788586,4.245766179,-0.853120767,0.600000000,0.600000000,4.492906928,-1.399857862,3.998625430,-0.306383673
478,11.709733430,4.224031485,-0.863168583,0.600000000,0.600000000,4.480420615,-1.405630208,3.967642355,-0.320706959
479,11.733678273,4.202470544,-0.873584022,0.600000000,0.600000000,4.468034121,-1.411613748,3.936906968,-0.335554295
480,11.757623116,4.181089574,-0.884364080,0.600000000,0.600000000,4.455751018,-1.417806759,3.906428131,-0.350921401
481,11.781567960,4.159894741,-0.895505649,0.600000000,0.600000000,4.443574848,-1.424207452,3.876214634,-0.366803846
482,11.805512803,4.138892156,-0.907005516,0.600000000,0.600000000,4.431509122,-1.430813984,3.846275189,-0.383197048
483,11.829457647,4.118087875,-0.918860365,0.600000000,0.600000000,4.419557320,-1.437624448,3.816618431,-0.400096282
484,11.853402490,4.097487899,-0.931066778,0.600000000,0.600000000,4.407722888,-1.444636882,3.787252910,-0.417496674
485,11.877347334,4.077098167,-0.943621233,0.600000000,0.600000000,4.396009239,-1.451849261,3.758187095,-0.435393206
486,11.901292177,4.056924559,-0.956520112,0.600000000,0.600000000,4.384419751,-1.459259508,3.729429368,-0.453780717
487,11.925237020,4.036972893,-0.969759695,0.600000000,0.600000000,4.372957765,-1.466865484,3.700988022,-0.472653905
488,11.949181864,4.017248922,-0.983336163,0.600000000,0.600000000,4.361626587,-1.474664998,3.672871257,-0.492007328
489,11.973126707,3.997758333,-0.997245602,0.600000000,0.600000000,4.350429485,-1.482655798,3.645087182,-0.511835405
490,11.997071551,3.978506748,-1.011484000,0.600000000,0.600000000,4.339369687,-1.490835582,3.617643809,-0.532132418
491,12.021016394,3.959499717,-1.026047252,0.600000000,0.600000000,4.328450383,-1.499201991,3.590549052,-0.552892513
492,12.044961238,3.940742722,-1.040931158,0.600000000,0.600000000,4.317674721,-1.507752611,3.563810724,-0.574109706
493,12.068906081,3.922241172,-1.056131426,0.600000000,0.600000000,4.307045808,-1.516484977,3.537436535,-0.595777876
494,12.092850925,3.904000401,-1.071643674,0.600000000,0.600000000,4.296566711,-1.525396571,3.511434091,-0.617890776
495,12.116795768,3.886025670,-1.087463426,0.600000000,0.600000000,4.286240450,-1.534484824,3.485810890,-0.640442029
496,12.140740611,3.868322163,-1.103586123,0.600000000,0.600000000,4.276070004,-1.543747114,3.460574321,-0.663425132
497,12.164685455,3.850894983,-1.120007114,0.600000000,0.600000000,4.266058305,-1.553180770,3.435731662,-0.686833458
498,12.188630298,3.833749158,-1.136721664,0.600000000,0.600000000,4.256208240,-1.562783073,3.411290076,-0.710660256
499,12.212575142,3.816889630,-1.153724954,0.600000000,0.600000000,4.246522649,-1.572551253,3.387256611,-0.734898655
500,12.236519985,3.800321262,-1.171012080,0.600000000,0.600000000,4.237004327,-1.582482493,3.363638197,-0.759541666
501,12.260464829,3.784048832,-1.188578056,0.600000000,0.600000000,4.227656016,-1.592573930,3.340441647,-0.784582183
502,12.284409672,3.768077031,-1.206417819,0.600000000,0.600000000,4.218480414,-1.602822653,3.317673648,-0.810012984
503,12.308354516,3.752410467,-1.224526222,0.600000000,0.600000000,4.209480167,-1.613225707,3.295340767,-0.835826737
504,12.332299359,3.737053655,-1.242898045,0.600000000,0.600000000,4.200657868,-1.623780092,3.273449442,-0.862015998
505,12.356244202,3.722011026,-1.261527989,0.600000000,0.600000000,4.192016063,-1.634482765,3.252005988,-0.888573214
506,12.380189046,3.707286916,-1.280410683,0.600000000,0.600000000,4.183557244,-1.645330639,3.231016588,-0.915490727
507,12.404133889,3.692885572,-1.299540680,0.600000000,0.600000000,4.175283850,-1.656320586,3.210487293,-0.942760775
508,12.428078733,3.678811146,-1.318912466,0.600000000,0.600000000,4.167198266,-1.667449437,3.190424025,-0.970375494
509,12.452023576,3.665067697,-1.338520452,0.600000000,0.600000000,4.159302825,-1.678713984,3.170832569,-0.998326921
510,12.475968420,3.651659188,-1.358358986,0.600000000,0.600000000,4.151599802,-1.690110976,3.151718575,-1.026606996
511,12.499913263,3.638589487,-1.378422346,0.600000000,0.600000000,4.144091420,-1.701637129,3.133087553,-1.055207564
512,12.523858106,3.625862360,-1.398704747,0.600000000,0.600000000,4.136779843,-1.713289117,3.114944878,-1.084120377
513,12.547802950,3.613481480,-1.419200340,0.600000000,0.600000000,4.129667180,-1.725063582,3.097295780,-1.113337098
514,12.571747793,3.601450416,-1.439903215,0.600000000,0.600000000,4.122755482,-1.736957128,3.080145349,-1.142849302
515,12.595692637,3.589772637,-1.460807401,0.600000000,0.600000000,4.116046743,-1.748966325,3.063498531,-1.172648477
516,12.619637480,3.578451510,-1.481906871,0.600000000,0.600000000,4.109542895,-1.761087709,3.047360125,-1.202726032
517,12.643582324,3.567490302,-1.503195540,0.600000000,0.600000000,4.103245816,-1.773317787,3.031734787,-1.233073293
518,12.667527167,3.556892171,-1.524667269,0.600000000,0.600000000,4.097157321,-1.785653030,3.016627021,-1.263681508
519,12.691472011,3.546660175,-1.546315867,0.600000000,0.600000000,4.091279166,-1.798089882,3.002041184,-1.294541852
520,12.715416854,3.536797264,-1.568135091,0.600000000,0.600000000,4.085613046,-1.810624756,2.987981483,-1.325645425
521,12.739361697,3.527306283,-1.590118648,0.600000000,0.600000000,4.080160594,-1.823254038,2.974451971,-1.356983257
522,12.763306541,3.518189967,-1.612260200,0.600000000,0.600000000,4.074923383,-1.835974086,2.961456551,-1.388546313
523,12.787251384,3.509450946,-1.634553361,0.600000000,0.600000000,4.069902924,-1.848781232,2.948998969,-1.420325490
524,12.811196228,3.501091740,-1.656991703,0.600000000,0.600000000,4.065100663,-1.861671783,2.937082818,-1.452311624
525,12.835141071,3.493114760,-1.679568756,0.600000000,0.600000000,4.060517987,-1.874642021,2.925711534,-1.484495492
526,12.859085915,3.485522306,-1.702278009,0.600000000,0.600000000,4.056156216,-1.887688206,2.914888396,-1.516867812
527,12.883030758,3.478316567,-1.725112913,0.600000000,0.600000000,4.052016607,-1.900806576,2.904616526,-1.549419250
528,12.906975602,3.471499620,-1.748066884,0.600000000,0.600000000,4.048100356,-1.913993349,2.894898885,-1.582140419
529,12.930920445,3.465073433,-1.771133302,0.600000000,0.600000000,4.044408591,-1.927244721,2.885738276,-1.615021883
530,12.954865288,3.459039858,-1.794305516,0.600000000,0.600000000,4.040942377,-1.940556871,2.877137340,-1.648054161
531,12.978810132,3.453400635,-1.817576844,0.600000000,0.600000000,4.037702712,-1.953925962,2.869098557,-1.681227726
532,13.002754975,3.448157389,-1.840940574,0.600000000,0.600000000,4.034690533,-1.967348136,2.861624246,-1.714533012
533,13.026699819,3.443311634,-1.864389970,0.600000000,0.600000000,4.031906706,-1.980819525,2.854716562,-1.747960416
534,13.050644662,3.438864766,-1.887918270,0.600000000,0.600000000,4.029352036,-1.994336242,2.848377497,-1.781500298
535,13.074589506,3.434818068,-1.911518689,0.600000000,0.600000000,4.027027257,-2.007894391,2.842608879,-1.815142987
536,13.098534349,3.431172706,-1.935184421,0.600000000,0.600000000,4.024933042,-2.021490062,2.837412371,-1.848878780
537,13.122479192,3.427929733,-1.958908642,0.600000000,0.600000000,4.023069994,-2.035119333,2.832789472,-1.882697950
538,13.146424036,3.425090082,-1.982684510,0.600000000,0.600000000,4.021438650,-2.048778276,2.828741515,-1.916590744
539,13.170368879,3.422654573,-2.006505169,0.600000000,0.600000000,4.020039480,-2.062462951,2.825269667,-1.950547388
540,13.194313723,3.420623909,-2.030363751,0.600000000,0.600000000,4.018872888,-2.076169411,2.822374929,-1.984558091
541,13.218258566,3.418998674,-2.054253375,0.600000000,0.600000000,4.017939211,-2.089893705,2.820058137,-2.018613046
542,13.242203410,3.417779338,-2.078167153,0.600000000,0.600000000,4.017238717,-2.103631875,2.818319958,-2.052702431
543,13.266148253,3.416966251,-2.102098187,0.600000000,0.600000000,4.016771609,-2.117379958,2.817160893,-2.086816416
544,13.290093097,3.416559650,-2.126039578,0.600000000,0.600000000,4.016538022,-2.131133992,2.816581277,-2.120945165
545,13.314037940,3.416559650,-2.149984422,0.600000000,0.600000000,4.016538022,-2.144890008,2.816581277,-2.155078835
546,13.337982783,3.416966251,-2.173925813,0.600000000,0.600000000,4.016771609,-2.158644042,2.817160893,-2.189207584
547,13.361927627,3.417779338,-2.197856847,0.600000000,0.600000000,4.017238717,-2.172392125,2.818319958,-2.223321569
548,13.385872470,3.418998674,-2.221770625,0.600000000,0.600000000,4.017939211,-2.186130295,2.820058137,-2.257410954
549,13.409817314,3.420623909,-2.245660249,0.600000000,0.600000000,4.018872888,-2.199854589,2.822374929,-2.291465909
550,13.433762157,3.422654573,-2.269518831,0.600000000,0.600000000,4.020039480,-2.213561049,2.825269667,-2.325476612
551,13.457707001,3.425090082,-2.293339490,0.600000000,0.600000000,4.021438650,-2.227245724,2.828741515,-2.359433256
552,13.481651844,3.427929733,-2.317115358,0.600000000,0.600000000,4.023069994,-2.240904667,2.832789472,-2.393326050
553,13.505596687,3.431172706,-2.340839579,0.600000000,0.600000000,4.024933042,-2.254533938,2.837412371,-2.427145220
554,13.529541531,3.434818068,-2.364505311,0.600000000,0.600000000,4.027027257,-2.268129609,2.842608879,-2.460881013
555,13.553486374,3.438864766,-2.388105730,0.600000000,0.600000000,4.029352036,-2.281687758,2.848377497,-2.494523702
556,13.577431218,3.443311634,-2.411634030,0.600000000,0.600000000,4.031906706,-2.295204475,2.854716562,-2.528063584
557,13.601376061,3.448157389,-2.435083426,0.600000000,0.600000000,4.034690533,-2.308675864,2.861624246,-2.561490988
558,13.625320905,3.453400635,-2.458447156,0.600000000,0.600000000,4.037702712,-2.322098038,2.869098557,-2.594796274
559,13.649265748,3.459039858,-2.481718484,0.600000000,0.600000000,4.040942377,-2.335467129,2.877137340,-2.627969839
560,13.673210592,3.465073433,-2.504890698,0.600000000,0.600000000,4.044408591,-2.348779279,2.885738276,-2.661002117
561,13.697155435,3.471499620,-2.527957116,0.600000000,0.600000000,4.048100356,-2.362030651,2.894898885,-2.693883581
562,13.721100278,3.478316567,-2.550911087,0.600000000,0.600000000,4.052016607,-2.375217424,2.904616526,-2.726604750
563,13.745045122,3.485522306,-2.573745991,0.600000000,0.600000000,4.056156216,-2.388335794,2.914888396,-2.759156188
564,13.768989965,3.493114760,-2.596455244,0.600000000,0.600000000,4.060517987,-2.401381979,2.925711534,-2.791528508
565,13.792934809,3.501091740,-2.619032297,0.600000000,0.600000000,4.065100663,-2.414352217,2.937082818,-2.823712376
566,13.816879652,3.509450946,-2.641470639,0.600000000,0.600000000,4.069902924,-2.427242768,2.948998969,-2.855698510
567,13.840824496,3.518189967,-2.663763800,0.600000000,0.600000000,4.074923383,-2.440049914,2.961456551,-2.887477687
568,13.864769339,3.527306283,-2.685905352,0.600000000,0.600000000,4.080160594,-2.452769962,2.974451971,-2.919040743
569,13.888714183,3.536797264,-2.707888909,0.600000000,0.600000000,4.085613046,-2.465399244,2.987981483,-2.950378575
570,13.912659026,3.546660175,-2.729708133,0.600000000,0.600000000,4.091279166,-2.477934118,3.002041184,-2.981482148
571,13.936603869,3.556892171,-2.751356731,0.600000000,0.600000000,4.097157321,-2.490370970,3.016627021,-3.012342492
572,13.960548713,3.567490302,-2.772828460,0.600000000,0.600000000,4.103245816,-2.502706213,3.031734787,-3.042950707
573,13.984493556,3.578451510,-2.794117129,0.600000000,0.600000000,4.109542895,-2.514936291,3.047360125,-3.073297968
574,14.008438400,3.589772637,-2.815216599,0.600000000,0.600000000,4.116046743,-2.527057675,3.063498531,-3.103375523
575,14.032383243,3.601450416,-2.836120785,0.600000000,0.600000000,4.122755482,-2.539066872,3.080145349,-3.133174698
576,14.056328087,3.613481480,-2.856823660,0.600000000,0.600000000,4.129667180,-2.550960418,3.097295780,-3.162686902
577,14.080272930,3.625862360,-2.877319253,0.600000000,0.600000000,4.136779843,-2.562734883,3.114944878,-3.191903623
578,14.104217773,3.638589487,-2.897601654,0.600000000,0.600000000,4.144091420,-2.574386871,3.133087553,-3.220816436
579,14.128162617,3.651659188,-2.917665014,0.600000000,0.600000000,4.151599802,-2.585913024,3.151718575,-3.249417004
580,14.152107460,3.665067697,-2.937503548,0.600000000,0.600000000,4.159302825,-2.597310016,3.170832569,-3.277697079
581,14.176052304,3.678811146,-2.957111534,0.600000000,0.600000000,4.167198266,-2.608574563,3.190424025,-3.305648506
582,14.199997147,3.692885572,-2.976483320,0.600000000,0.600000000,4.175283850,-2.619703414,3.210487293,-3.333263225
583,14.223941991,3.707286916,-2.995613317,0.600000000,0.600000000,4.183557244,-2.630693361,3.231016588,-3.360533273
584,14.247886834,3.722011026,-3.014496011,0.600000000,0.600000000,4.192016063,-2.641541235,3.252005988,-3.387450786
585,14.271831678,3.737053655,-3.033125955,0.600000000,0.600000000,4.200657868,-2.652243908,3.273449442,-3.414008002
586,14.295776521,3.752410467,-3.051497778,0.600000000,0.600000000,4.209480167,-2.662798293,3.295340767,-3.440197263
587,14.319721364,3.768077031,-3.069606181,0.600000000,0.600000000,4.218480414,-2.673201347,3.317673648,-3.466011016
588,14.343666208,3.784048832,-3.087445944,0.600000000,0.600000000,4.227656016,-2.683450070,3.340441647,-3.491441817
589,14.367611051,3.800321262,-3.105011920,0.600000000,0.600000000,4.237004327,-2.693541507,3.363638197,-3.516482334
590,14.391555895,3.816889630,-3.122299046,0.600000000,0.600000000,4.246522649,-2.703472747,3.387256611,-3.541125345
591,14.415500738,3.833749158,-3.139302336,0.600000000,0.600000000,4.256208240,-2.713240927,3.411290076,-3.565363744
592,14.439445582,3.850894983,-3.156016886,0.600000000,0.600000000,4.266058305,-2.722843230,3.435731662,-3.589190542
593,14.463390425,3.868322163,-3.172437877,0.600000000,0.600000000,4.276070004,-2.732276886,3.460574321,-3.612598868
594,14.487335268,3.886025670,-3.188560574,0.600000000,0.600000000,4.286240450,-2.741539176,3.485810890,-3.635581971
595,14.511280112,3.904000401,-3.204380326,0.600000000,0.600000000,4.296566711,-2.750627429,3.511434091,-3.658133224
596,14.535224955,3.922241172,-3.219892574,0.600000000,0.600000000,4.307045808,-2.759539023,3.537436535,-3.680246124
597,14.559169799,3.940742722,-3.235092842,0.600000000,0.600000000,4.317674721,-2.768271389,3.563810724,-3.701914294
598,14.583114642,3.959499717,-3.249976748,0.600000000,0.600000000,4.328450383,-2.776822009,3.590549052,-3.723131487
599,14.607059486,3.978506748,-3.264540000,0.600000000,0.600000000,4.339369687,-2.785188418,3.617643809,-3.743891582
600,14.631004329,3.997758333,-3.278778398,0.600000000,0.600000000,4.350429485,-2.793368202,3.645087182,-3.764188595
601,14.654949173,4.017248922,-3.292687837,0.600000000,0.600000000,4.361626587,-2.801359002,3.672871257,-3.784016672
602,14.678894016,4.036972893,-3.306264305,0.600000000,0.600000000,4.372957765,-2.809158516,3.700988022,-3.803370095
603,14.702838859,4.056924559,-3.319503888,0.600000000,0.600000000,4.384419751,-2.816764492,3.729429368,-3.822243283
604,14.726783703,4.077098167,-3.332402767,0.600000000,0.600000000,4.396009239,-2.824174739,3.758187095,-3.840630794
605,14.750728546,4.097487899,-3.344957222,0.600000000,0.600000000,4.407722888,-2.831387118,3.787252910,-3.858527326
606,14.774673390,4.118087875,-3.357163635,0.600000000,0.600000000,4.419557320,-2.838399552,3.816618431,-3.875927718
607,14.798618233,4.138892156,-3.369018484,0.600000000,0.600000000,4.431509122,-2.845210016,3.846275189,-3.892826952
608,14.822563077,4.159894741,-3.380518351,0.600000000,0.600000000,4.443574848,-2.851816548,3.876214634,-3.909220154
609,14.846507920,4.181089574,-3.391659920,0.600000000,0.600000000,4.455751018,-2.858217241,3.906428131,-3.925102599
610,14.870452764,4.202470544,-3.402439978,0.600000000,0.600000000,4.468034121,-2.864410252,3.936906968,-3.940469705
611,14.894397607,4.224031485,-3.412855417,0.600000000,0.600000000,4.480420615,-2.870393792,3.967642355,-3.955317041
612,14.918342450,4.245766179,-3.422903233,0.600000000,0.600000000,4.492906928,-2.876166138,3.998625430,-3.969640327
613,14.942287294,4.267668359,-3.432580528,0.600000000,0.600000000,4.505489460,-2.881725625,4.029847258,-3.983435431
614,14.966232137,4.289731709,-3.441884512,0.600000000,0.600000000,4.518164582,-2.887070649,4.061298836,-3.996698375
615,14.990176981,4.311949866,-3.450812502,0.600000000,0.600000000,4.530928639,-2.892199669,4.092971094,-4.009425335
616,15.014121824,4.334316424,-3.459361923,0.600000000,0.600000000,4.543777950,-2.897111206,4.124854899,-4.021612641
617,15.038066668,4.356824933,-3.467530311,0.600000000,0.600000000,4.556708810,-2.901803843,4.156941057,-4.033256778
618,15.062011511,4.379468902,-3.475315308,0.600000000,0.600000000,4.569717491,-2.906276228,4.189220314,-4.044354389
619,15.085956354,4.402241802,-3.482714672,0.600000000,0.600000000,4.582800240,-2.910527071,4.221683364,-4.054902273
620,15.109901198,4.425137065,-3.489726267,0.600000000,0.600000000,4.595953286,-2.914555146,4.254320844,-4.064897389
621,15.133846041,4.448148088,-3.496348073,0.600000000,0.600000000,4.609172835,-2.918359292,4.287123342,-4.074336854
622,15.157790885,4.471268238,-3.502578179,0.600000000,0.600000000,4.622455075,-2.921938410,4.320081401,-4.083217947
623,15.181735728,4.494490846,-3.508414788,0.600000000,0.600000000,4.635796176,-2.925291471,4.353185515,-4.091538106
624,15.205680572,4.517809215,-3.513856219,0.600000000,0.600000000,4.649192291,-2.928417505,4.386426139,-4.099294932
625,15.229625415,4.541216623,-3.518900901,0.600000000,0.600000000,4.662639557,-2.931315613,4.419793688,-4.106486189
626,15.253570259,4.564706317,-3.523547380,0.600000000,0.600000000,4.676134097,-2.933984958,4.453278538,-4.113109802
627,15.277515102,4.588271526,-3.527794316,0.600000000,0.600000000,4.689672018,-2.936424770,4.486871034,-4.119163862
628,15.301459945,4.611905453,-3.531640485,0.600000000,0.600000000,4.703249417,-2.938634346,4.520561489,-4.124646623
629,15.325404789,4.635601284,-3.535084776,0.600000000,0.600000000,4.716862379,-2.940613049,4.554340188,-4.129556503
630,15.349349632,4.659352184,-3.538126198,0.600000000,0.600000000,4.730506978,-2.942360308,4.588197390,-4.133892088
631,15.373294476,4.683151306,-3.540763873,0.600000000,0.600000000,4.744179280,-2.943875620,4.622123333,-4.137652126
632,15.397239319,4.706991786,-3.542997040,0.600000000,0.600000000,4.757875341,-2.945158547,4.656108231,-4.140835533
633,15.421184163,4.730866750,-3.544825056,0.600000000,0.600000000,4.771591212,-2.946208719,4.690142287,-4.143441392
634,15.445129006,4.754769312,-3.546247393,0.600000000,0.600000000,4.785322939,-2.947025834,4.724215685,-4.145468951
635,15.469073850,4.778692580,-3.547263641,0.600000000,0.600000000,4.799066561,-2.947609656,4.758318600,-4.146917625
636,15.493018693,4.802629656,-3.547873507,0.600000000,0.600000000,4.812818116,-2.947960017,4.792441197,-4.147786996
637,15.516963536,4.826573636,-3.548076815,0.600000000,0.600000000,4.829121156,-2.948082223,4.824026117,-4.148071407
638,15.540902930,4.850513030,-3.548076815,0.600000000,0.600000000,4.850513030,-2.948076815,4.850513030,-4.148076815
639,15.564842324,4.874452424,-3.548076815,0.600000000,0.600000000,4.874452424,-2.948076815,4.874452424,-4.148076815
640,15.588781718,4.898391818,-3.548076815,0.600000000,0.600000000,4.898391818,-2.948076815,4.898391818,-4.148076815
641,15.612721112,4.922331212,-3.548076815,0.600000000,0.600000000,4.922331212,-2.948076815,4.922331212,-4.148076815
642,15.636660506,4.946270606,-3.548076815,0.600000000,0.600000000,4.946270606,-2.948076815,4.946270606,-4.148076815
643,15.660599900,4.970210000,-3.548076815,0.600000000,0.600000000,4.970210000,-2.948076815,4.970210000,-4.148076815
644,15.684539294,4.994149394,-3.548076815,0.600000000,0.600000000,4.994149394,-2.948076815,4.994149394,-4.148076815
645,15.708478688,5.018088788,-3.548076815,0.600000000,0.600000000,5.018088788,-2.948076815,5.018088788,-4.148076815
646,15.732418082,5.042028182,-3.548076815,0.600000000,0.600000000,5.042028182,-2.948076815,5.042028182,-4.148076815
647,15.756357476,5.065967576,-3.548076815,0.600000000,0.600000000,5.065967576,-2.948076815,5.065967576,-4.148076815
648,15.780296870,5.089906970,-3.548076815,0.600000000,0.600000000,5.089906970,-2.948076815,5.089906970,-4.148076815
649,15.804236264,5.113846364,-3.548076815,0.600000000,0.600000000,5.113846364,-2.948076815,5.113846364,-4.148076815
650,15.828175658,5.137785758,-3.548076815,0.600000000,0.600000000,5.137785758,-2.948076815,5.137785758,-4.148076815
651,15.852115052,5.161725152,-3.548076815,0.600000000,0.600000000,5.161725152,-2.948076815,5.161725152,-4.148076815
652,15.876054445,5.185664545,-3.548076815,0.600000000,0.600000000,5.185664545,-2.948076815,5.185664545,-4.148076815
653,15.899993839,5.209603939,-3.548076815,0.600000000,0.600000000,5.209603939,-2.948076815,5.209603939,-4.148076815
654,15.923933233,5.233543333,-3.548076815,0.600000000,0.600000000,5.233543333,-2.948076815,5.233543333,-4.148076815
655,15.947872627,5.257482727,-3.548076815,0.600000000,0.600000000,5.257482727,-2.948076815,5.257482727,-4.148076815
656,15.971812021,5.281422121,-3.548076815,0.600000000,0.600000000,5.281422121,-2.948076815,5.281422121,-4.148076815
657,15.995751415,5.305361515,-3.548076815,0.600000000,0.600000000,5.305361515,-2.948076815,5.305361515,-4.148076815
658,16.019690809,5.329300909,-3.548076815,0.600000000,0.600000000,5.329300909,-2.948076815,5.329300909,-4.148076815
659,16.043630203,5.353240303,-3.548076815,0.600000000,0.600000000,5.353240303,-2.948076815,5.353240303,-4.148076815
660,16.067569597,5.377179697,-3.548076815,0.600000000,0.600000000,5.377179697,-2.948076815,5.377179697,-4.148076815
661,16.091508991,5.401119091,-3.548076815,0.600000000,0.600000000,5.401119091,-2.948076815,5.401119091,-4.148076815
662,16.115448385,5.425058485,-3.548076815,0.600000000,0.600000000,5.425058485,-2.948076815,5.425058485,-4.148076815
663,16.139387779,5.448997879,-3.548076815,0.600000000,0.600000000,5.448997879,-2.948076815,5.448997879,-4.148076815
664,16.163327173,5.472937273,-3.548076815,0.600000000,0.600000000,5.472937273,-2.948076815,5.472937273,-4.148076815
665,16.187266567,5.496876667,-3.548076815,0.600000000,0.600000000,5.496876667,-2.948076815,5.496876667,-4.148076815
666,16.211205961,5.520816061,-3.548076815,0.600000000,0.600000000,5.520816061,-2.948076815,5.520816061,-4.148076815
667,16.235145355,5.544755455,-3.548076815,0.600000000,0.600000000,5.544755455,-2.948076815,5.544755455,-4.148076815
668,16.259084749,5.568694848,-3.548076815,0.600000000,0.600000000,5.568694848,-2.948076815,5.568694848,-4.148076815
669,16.283024142,5.592634242,-3.548076815,0.600000000,0.600000000,5.592634242,-2.948076815,5.592634242,-4.148076815
670,16.306963536,5.616573636,-3.548076815,0.600000000,0.600000000,5.616573636,-2.948076815,5.616573636,-4.148076815
671,16.330902930,5.640513030,-3.548076815,0.600000000,0.600000000,5.640513030,-2.948076815,5.640513030,-4.148076815
672,16.354842324,5.664452424,-3.548076815,0.600000000,0.600000000,5.664452424,-2.948076815,5.664452424,-4.148076815
673,16.378781718,5.688391818,-3.548076815,0.600000000,0.600000000,5.688391818,-2.948076815,5.688391818,-4.148076815
674,16.402721112,5.712331212,-3.548076815,0.600000000,0.600000000,5.712331212,-2.948076815,5.712331212,-4.148076815
675,16.426660506,5.736270606,-3.548076815,0.600000000,0.600000000,5.736270606,-2.948076815,5.736270606,-4.148076815
676,16.450599900,5.760210000,-3.548076815,0.600000000,0.600000000,5.760210000,-2.948076815,5.760210000,-4.148076815
677,16.474539294,5.784149394,-3.548076815,0.600000000,0.600000000,5.784149394,-2.948076815,5.784149394,-4.148076815
678,16.498478688,5.808088788,-3.548076815,0.600000000,0.600000000,5.808088788,-2.948076815,5.808088788,-4.148076815
679,16.522418082,5.832028182,-3.548076815,0.600000000,0.600000000,5.832028182,-2.948076815,5.832028182,-4.148076815
680,16.546357476,5.855967576,-3.548076815,0.600000000,0.600000000,5.855967576,-2.948076815,5.855967576,-4.148076815
681,16.570296870,5.879906970,-3.548076815,0.600000000,0.600000000,5.879906970,-2.948076815,5.879906970,-4.148076815
682,16.594236264,5.903846364,-3.548076815,0.600000000,0.600000000,5.903846364,-2.948076815,5.903846364,-4.148076815
683,16.618175658,5.927785758,-3.548076815,0.600000000,0.600000000,5.927785758,-2.948076815,5.927785758,-4.148076815
684,16.642115052,5.951725152,-3.548076815,0.600000000,0.600000000,5.951725152,-2.948076815,5.951725152,-4.148076815
685,16.666054445,5.975664545,-3.548076815,0.600000000,0.600000000,5.975664545,-2.948076815,5.975664545,-4.148076815
686,16.689993839,5.999603939,-3.548076815,0.600000000,0.600000000,5.999603939,-2.948076815,5.999603939,-4.148076815
687,16.713933233,6.023543333,-3.548076815,0.600000000,0.600000000,6.023543333,-2.948076815,6.023543333,-4.148076815
688,16.737872627,6.047482727,-3.548076815,0.600000000,0.600000000,6.047482727,-2.948076815,6.047482727,-4.148076815
689,16.761812021,6.071422121,-3.548076815,0.600000000,0.600000000,6.071422121,-2.948076815,6.071422121,-4.148076815
690,16.785751415,6.095361515,-3.548076815,0.600000000,0.600000000,6.095361515,-2.948076815,6.095361515,-4.148076815
691,16.809690809,6.119300909,-3.548076815,0.600000000,0.600000000,6.119300909,-2.948076815,6.119300909,-4.148076815
692,16.833630203,6.143240303,-3.548076815,0.600000000,0.600000000,6.143240303,-2.948076815,6.143240303,-4.148076815
693,16.857569597,6.167179697,-3.548076815,0.600000000,0.600000000,6.167179697,-2.948076815,6.167179697,-4.148076815
694,16.881508991,6.191119091,-3.548076815,0.600000000,0.600000000,6.191119091,-2.948076815,6.191119091,-4.148076815
695,16.905448385,6.215058485,-3.548076815,0.600000000,0.600000000,6.215058485,-2.948076815,6.215058485,-4.148076815
696,16.929387779,6.238997879,-3.548076815,0.600000000,0.600000000,6.238997879,-2.948076815,6.238997879,-4.148076815
697,16.953327173,6.262937273,-3.548076815,0.600000000,0.600000000,6.262937273,-2.948076815,6.262937273,-4.148076815
698,16.977266567,6.286876667,-3.548076815,0.600000000,0.600000000,6.286876667,-2.948076815,6.286876667,-4.148076815
699,17.001205961,6.310816061,-3.548076815,0.600000000,0.600000000,6.310816061,-2.948076815,6.310816061,-4.148076815
700,17.025145355,6.334755455,-3.548076815,0.600000000,0.600000000,6.334755455,-2.948076815,6.334755455,-4.148076815
701,17.049084749,6.358694848,-3.548076815,0.600000000,0.600000000,6.358694848,-2.948076815,6.358694848,-4.148076815
702,17.073024142,6.382634242,-3.548076815,0.600000000,0.600000000,6.382634242,-2.948076815,6.382634242,-4.148076815
703,17.096963536,6.406573636,-3.548076815,0.600000000,0.600000000,6.406573636,-2.948076815,6.406573636,-4.148076815
704,17.120902930,6.430513030,-3.548076815,0.600000000,0.600000000,6.430513030,-2.948076815,6.430513030,-4.148076815
705,17.144842324,6.454452424,-3.548076815,0.600000000,0.600000000,6.454452424,-2.948076815,6.454452424,-4.148076815
706,17.168781718,6.478391818,-3.548076815,0.600000000,0.600000000,6.478391818,-2.948076815,6.478391818,-4.148076815
707,17.192721112,6.502331212,-3.548076815,0.600000000,0.600000000,6.502331212,-2.948076815,6.502331212,-4.148076815
708,17.216660506,6.526270606,-3.548076815,0.600000000,0.600000000,6.526270606,-2.948076815,6.526270606,-4.148076815
709,17.240599900,6.550210000,-3.548076815,0.600000000,0.600000000,6.550210000,-2.948076815,6.550210000,-4.148076815
710,17.264539294,6.574149394,-3.548076815,0.600000000,0.600000000,6.574149394,-2.948076815,6.574149394,-4.148076815
711,17.288478688,6.598088788,-3.548076815,0.600000000,0.600000000,6.598088788,-2.948076815,6.598088788,-4.148076815
712,17.312418082,6.622028182,-3.548076815,0.600000000,0.600000000,6.622028182,-2.948076815,6.622028182,-4.148076815
713,17.336357476,6.645967576,-3.548076815,0.600000000,0.600000000,6.645967576,-2.948076815,6.645967576,-4.148076815
714,17.360296870,6.669906970,-3.548076815,0.600000000,0.600000000,6.669906970,-2.948076815,6.669906970,-4.148076815
715,17.384236264,6.693846364,-3.548076815,0.600000000,0.600000000,6.693846364,-2.948076815,6.693846364,-4.148076815
716,17.408175658,6.717785758,-3.548076815,0.600000000,0.600000000,6.717785758,-2.948076815,6.717785758,-4.148076815
717,17.432115052,6.741725152,-3.548076815,0.600000000,0.600000000,6.741725152,-2.948076815,6.741725152,-4.148076815
718,17.456054445,6.765664545,-3.548076815,0.600000000,0.600000000,6.765664545,-2.948076815,6.765664545,-4.148076815
719,17.479993839,6.789603939,-3.548076815,0.600000000,0.600000000,6.789603939,-2.948076815,6.789603939,-4.148076815
720,17.503933233,6.813543333,-3.548076815,0.600000000,0.600000000,6.813543333,-2.948076815,6.813543333,-4.148076815
721,17.527872627,6.837482727,-3.548076815,0.600000000,0.600000000,6.837482727,-2.948076815,6.837482727,-4.148076815
722,17.551812021,6.861422121,-3.548076815,0.600000000,0.600000000,6.861422121,-2.948076815,6.861422121,-4.148076815
723,17.575751415,6.885361515,-3.548076815,0.600000000,0.600000000,6.885361515,-2.948076815,6.885361515,-4.148076815
724,17.599690809,6.909300909,-3.548076815,0.600000000,0.600000000,6.909300909,-2.948076815,6.909300909,-4.148076815
725,17.623630203,6.933240303,-3.548076815,0.600000000,0.600000000,6.933240303,-2.948076815,6.933240303,-4.148076815
726,17.647569597,6.957179697,-3.548076815,0.600000000,0.600000000,6.957179697,-2.948076815,6.957179697,-4.148076815
727,17.671508991,6.981119091,-3.548076815,0.600000000,0.600000000,6.981119091,-2.948076815,6.981119091,-4.148076815
728,17.695448385,7.005058485,-3.548076815,0.600000000,0.600000000,7.005058485,-2.948076815,7.005058485,-4.148076815
729,17.719387779,7.028997879,-3.548076815,0.600000000,0.600000000,7.028997879,-2.948076815,7.028997879,-4.148076815
730,17.743327173,7.052937273,-3.548076815,0.600000000,0.600000000,7.052937273,-2.948076815,7.052937273,-4.148076815
731,17.767266567,7.076876667,-3.548076815,0.600000000,0.600000000,7.076876667,-2.948076815,7.076876667,-4.148076815
732,17.791205961,7.100816061,-3.548076815,0.600000000,0.600000000,7.100816061,-2.948076815,7.100816061,-4.148076815
733,17.815145355,7.124755455,-3.548076815,0.600000000,0.600000000,7.124755455,-2.948076815,7.124755455,-4.148076815
734,17.839084749,7.148694848,-3.548076815,0.600000000,0.600000000,7.148694848,-2.948076815,7.148694848,-4.148076815
735,17.863024142,7.172634242,-3.548076815,0.600000000,0.600000000,7.172634242,-2.948076815,7.172634242,-4.148076815
736,17.886963536,7.196573636,-3.548076815,0.600000000,0.600000000,7.196573636,-2.948076815,7.196573636,-4.148076815
737,17.910902930,7.220513030,-3.548076815,0.600000000,0.600000000,7.220513030,-2.948076815,7.220513030,-4.148076815
738,17.934842324,7.244452424,-3.548076815,0.600000000,0.600000000,7.244452424,-2.948076815,7.244452424,-4.148076815
739,17.958781718,7.268391818,-3.548076815,0.600000000,0.600000000,7.268391818,-2.948076815,7.268391818,-4.148076815
740,17.982721112,7.292331212,-3.548076815,0.600000000,0.600000000,7.292331212,-2.948076815,7.292331212,-4.148076815
741,18.006660506,7.316270606,-3.548076815,0.600000000,0.600000000,7.316270606,-2.948076815,7.316270606,-4.148076815
742,18.030599900,7.340210000,-3.548076815,0.600000000,0.600000000,7.340210000,-2.948076815,7.340210000,-4.148076815
743,18.054539294,7.364149394,-3.548076815,0.600000000,0.600000000,7.364149394,-2.948076815,7.364149394,-4.148076815
744,18.078478688,7.388088788,-3.548076815,0.600000000,0.600000000,7.388088788,-2.948076815,7.388088788,-4.148076815
745,18.102418082,7.412028182,-3.548076815,0.600000000,0.600000000,7.412028182,-2.948076815,7.412028182,-4.148076815
746,18.126357476,7.435967576,-3.548076815,0.600000000,0.600000000,7.435967576,-2.948076815,7.435967576,-4.148076815
747,18.150296870,7.459906970,-3.548076815,0.600000000,0.600000000,7.459906970,-2.948076815,7.459906970,-4.148076815
748,18.174236264,7.483846364,-3.548076815,0.600000000,0.600000000,7.483846364,-2.948076815,7.483846364,-4.148076815
749,18.198175658,7.507785758,-3.548076815,0.600000000,0.600000000,7.507785758,-2.948076815,7.507785758,-4.148076815
750,18.222115052,7.531725152,-3.548076815,0.600000000,0.600000000,7.531725152,-2.948076815,7.531725152,-4.148076815
751,18.246054445,7.555664545,-3.548076815,0.600000000,0.600000000,7.555664545,-2.948076815,7.555664545,-4.148076815
752,18.269993839,7.579603939,-3.548076815,0.600000000,0.600000000,7.579603939,-2.948076815,7.579603939,-4.148076815
753,18.293933233,7.603543333,-3.548076815,0.600000000,0.600000000,7.603543333,-2.948076815,7.603543333,-4.148076815
754,18.317872627,7.627482727,-3.548076815,0.600000000,0.600000000,7.627482727,-2.948076815,7.627482727,-4.148076815
755,18.341812021,7.651422121,-3.548076815,0.600000000,0.600000000,7.651422121,-2.948076815,7.651422121,-4.148076815
756,18.365751415,7.675361515,-3.548076815,0.600000000,0.600000000,7.675361515,-2.948076815,7.675361515,-4.148076815
757,18.389690809,7.699300909,-3.548076815,0.600000000,0.600000000,7.699300909,-2.948076815,7.699300909,-4.148076815
758,18.413630203,7.723240303,-3.548076815,0.600000000,0.600000000,7.723240303,-2.948076815,7.723240303,-4.148076815
759,18.437569597,7.747179697,-3.548076815,0.600000000,0.600000000,7.747179697,-2.948076815,7.747179697,-4.148076815
760,18.461508991,7.771119091,-3.548076815,0.600000000,0.600000000,7.771119091,-2.948076815,7.771119091,-4.148076815
761,18.485448385,7.795058485,-3.548076815,0.600000000,0.600000000,7.795058485,-2.948076815,7.795058485,-4.148076815
762,18.509387779,7.818997879,-3.548076815,0.600000000,0.600000000,7.818997879,-2.948076815,7.818997879,-4.148076815
763,18.533327173,7.842937273,-3.548076815,0.600000000,0.600000000,7.842937273,-2.948076815,7.842937273,-4.148076815
764,18.557266567,7.866876667,-3.548076815,0.600000000,0.600000000,7.866876667,-2.948076815,7.866876667,-4.148076815
765,18.581205961,7.890816061,-3.548076815,0.600000000,0.600000000,7.890816061,-2.948076815,7.890816061,-4.148076815
766,18.605145355,7.914755455,-3.548076815,0.600000000,0.600000000,7.914755455,-2.948076815,7.914755455,-4.148076815
767,18.629084749,7.938694848,-3.548076815,0.600000000,0.600000000,7.938694848,-2.948076815,7.938694848,-4.148076815
768,18.653024142,7.962634242,-3.548076815,0.600000000,0.600000000,7.962634242,-2.948076815,7.962634242,-4.148076815
769,18.676963536,7.986573636,-3.548076815,0.600000000,0.600000000,7.986573636,-2.948076815,7.986573636,-4.148076815
770,18.700902930,8.010513030,-3.548076815,0.600000000,0.600000000,8.010513030,-2.948076815,8.010513030,-4.148076815
771,18.724842324,8.034452424,-3.548076815,0.600000000,0.600000000,8.034452424,-2.948076815,8.034452424,-4.148076815
772,18.748781718,8.058391818,-3.548076815,0.600000000,0.600000000,8.058391818,-2.948076815,8.058391818,-4.148076815
773,18.772721112,8.082331212,-3.548076815,0.600000000,0.600000000,8.082331212,-2.948076815,8.082331212,-4.148076815
774,18.796660506,8.106270606,-3.548076815,0.600000000,0.600000000,8.106270606,-2.948076815,8.106270606,-4.148076815
775,18.820599900,8.130210000,-3.548076815,0.600000000,0.600000000,8.130210000,-2.948076815,8.130210000,-4.148076815
776,18.844539294,8.154149394,-3.548076815,0.600000000,0.600000000,8.154149394,-2.948076815,8.154149394,-4.148076815
777,18.868478688,8.178088788,-3.548076815,0.600000000,0.600000000,8.178088788,-2.948076815,8.178088788,-4.148076815
778,18.892418082,8.202028182,-3.548076815,0.600000000,0.600000000,8.202028182,-2.948076815,8.202028182,-4.148076815
779,18.916357476,8.225967576,-3.548076815,0.600000000,0.600000000,8.225967576,-2.948076815,8.225967576,-4.148076815
780,18.940296870,8.249906970,-3.548076815,0.600000000,0.600000000,8.249906970,-2.948076815,8.249906970,-4.148076815
781,18.964236264,8.273846364,-3.548076815,0.600000000,0.600000000,8.273846364,-2.948076815,8.273846364,-4.148076815
782,18.988175658,8.297785758,-3.548076815,0.600000000,0.600000000,8.297785758,-2.948076815,8.297785758,-4.148076815
783,19.012115052,8.321725152,-3.548076815,0.600000000,0.600000000,8.321725152,-2.948076815,8.321725152,-4.148076815
784,19.036054445,8.345664545,-3.548076815,0.600000000,0.600000000,8.345664545,-2.948076815,8.345664545,-4.148076815
785,19.059993839,8.369603939,-3.548076815,0.600000000,0.600000000,8.369603939,-2.948076815,8.369603939,-4.148076815
786,19.083933233,8.393543333,-3.548076815,0.600000000,0.600000000,8.393543333,-2.948076815,8.393543333,-4.148076815
787,19.107872627,8.417482727,-3.548076815,0.600000000,0.600000000,8.417482727,-2.948076815,8.417482727,-4.148076815
788,19.131812021,8.441422121,-3.548076815,0.600000000,0.600000000,8.441422121,-2.948076815,8.441422121,-4.148076815
789,19.155751415,8.465361515,-3.548076815,0.600000000,0.600000000,8.465361515,-2.948076815,8.465361515,-4.148076815
790,19.179690809,8.489300909,-3.548076815,0.600000000,0.600000000,8.489300909,-2.948076815,8.489300909,-4.148076815
791,19.203630203,8.513240303,-3.548076815,0.600000000,0.600000000,8.513240303,-2.948076815,8.513240303,-4.148076815
792,19.227569597,8.537179697,-3.548076815,0.600000000,0.600000000,8.537179697,-2.948076815,8.537179697,-4.148076815
793,19.251508991,8.561119091,-3.548076815,0.600000000,0.600000000,8.561119091,-2.948076815,8.561119091,-4.148076815
794,19.275448385,8.585058485,-3.548076815,0.600000000,0.600000000,8.585058485,-2.948076815,8.585058485,-4.148076815
795,19.299387779,8.608997879,-3.548076815,0.600000000,0.600000000,8.608997879,-2.948076815,8.608997879,-4.148076815
796,19.323327173,8.632937273,-3.548076815,0.600000000,0.600000000,8.632937273,-2.948076815,8.632937273,-4.148076815
797,19.347266567,8.656876667,-3.548076815,0.600000000,0.600000000,8.656876667,-2.948076815,8.656876667,-4.148076815
798,19.371205961,8.680816061,-3.548076815,0.600000000,0.600000000,8.680816061,-2.948076815,8.680816061,-4.148076815
799,19.395145355,8.704755455,-3.548076815,0.600000000,0.600000000,8.704755455,-2.948076815,8.704755455,-4.148076815
800,19.419084749,8.728694848,-3.548076815,0.600000000,0.600000000,8.728694848,-2.948076815,8.728694848,-4.148076815
801,19.443024142,8.752634242,-3.548076815,0.600000000,0.600000000,8.752634242,-2.948076815,8.752634242,-4.148076815
802,19.466963536,8.776573636,-3.548076815,0.600000000,0.600000000,8.776573636,-2.948076815,8.776573636,-4.148076815
803,19.490902930,8.800513030,-3.548076815,0.600000000,0.600000000,8.800513030,-2.948076815,8.800513030,-4.148076815
804,19.514842324,8.824452424,-3.548076815,0.600000000,0.600000000,8.824452424,-2.948076815,8.824452424,-4.148076815
805,19.538781718,8.848391818,-3.548076815,0.600000000,0.600000000,8.848391818,-2.948076815,8.848391818,-4.148076815
806,19.562721112,8.872331212,-3.548076815,0.600000000,0.600000000,8.872331212,-2.948076815,8.872331212,-4.148076815
807,19.586660506,8.896270606,-3.548076815,0.600000000,0.600000000,8.896270606,-2.948076815,8.896270606,-4.148076815
808,19.610599900,8.920210000,-3.548076815,0.600000000,0.600000000,8.920210000,-2.948076815,8.920210000,-4.148076815
809,19.634539294,8.944149394,-3.548076815,0.600000000,0.600000000,8.944149394,-2.948076815,8.944149394,-4.148076815
810,19.658478688,8.968088788,-3.548076815,0.600000000,0.600000000,8.968088788,-2.948076815,8.968088788,-4.148076815
811,19.682418082,8.992028182,-3.548076815,0.600000000,0.600000000,8.992028182,-2.948076815,8.992028182,-4.148076815
812,19.706357476,9.015967576,-3.548076815,0.600000000,0.600000000,9.015967576,-2.948076815,9.015967576,-4.148076815
813,19.730296870,9.039906970,-3.548076815,0.600000000,0.600000000,9.039906970,-2.948076815,9.039906970,-4.148076815
814,19.754236264,9.063846364,-3.548076815,0.600000000,0.600000000,9.063846364,-2.948076815,9.063846364,-4.148076815
815,19.778175658,9.087785758,-3.548076815,0.600000000,0.600000000,9.087785758,-2.948076815,9.087785758,-4.148076815
816,19.802115052,9.111725152,-3.548076815,0.600000000,0.600000000,9.111725152,-2.948076815,9.111725152,-4.148076815
817,19.826054445,9.135664545,-3.548076815,0.600000000,0.600000000,9.135664545,-2.948076815,9.135664545,-4.148076815
818,19.849993839,9.159603939,-3.548076815,0.600000000,0.600000000,9.159603939,-2.948076815,9.159603939,-4.148076815
819,19.873933233,9.183543333,-3.548076815,0.600000000,0.600000000,9.183543333,-2.948076815,9.183543333,-4.148076815
820,19.897872627,9.207482727,-3.548076815,0.600000000,0.600000000,9.207482727,-2.948076815,9.207482727,-4.148076815
821,19.921812021,9.231422121,-3.548076815,0.600000000,0.600000000,9.231422121,-2.948076815,9.231422121,-4.148076815
822,19.945751415,9.255361515,-3.548076815,0.600000000,0.600000000,9.255361515,-2.948076815,9.255361515,-4.148076815
823,19.969690809,9.279300909,-3.548076815,0.600000000,0.600000000,9.279300909,-2.948076815,9.279300909,-4.148076815
824,19.993630203,9.303240303,-3.548076815,0.600000000,0.600000000,9.303240303,-2.948076815,9.303240303,-4.148076815
825,20.017569597,9.327179697,-3.548076815,0.600000000,0.600000000,9.327179697,-2.948076815,9.327179697,-4.148076815
826,20.041508991,9.351119091,-3.548076815,0.600000000,0.600000000,9.351119091,-2.948076815,9.351119091,-4.148076815
827,20.065448385,9.375058485,-3.548076815,0.600000000,0.600000000,9.375058485,-2.948076815,9.375058485,-4.148076815
828,20.089387779,9.398997879,-3.548076815,0.600000000,0.600000000,9.398997879,-2.948076815,9.398997879,-4.148076815
829,20.113327173,9.422937273,-3.548076815,0.600000000,0.600000000,9.422937273,-2.948076815,9.422937273,-4.148076815
830,20.137266567,9.446876667,-3.548076815,0.600000000,0.600000000,9.446876667,-2.948076815,9.446876667,-4.148076815
831,20.161205961,9.470816061,-3.548076815,0.600000000,0.600000000,9.470816061,-2.948076815,9.470816061,-4.148076815
832,20.185145355,9.494755455,-3.548076815,0.600000000,0.600000000,9.494755455,-2.948076815,9.494755455,-4.148076815
833,20.209084749,9.518694848,-3.548076815,0.600000000,0.600000000,9.518694848,-2.948076815,9.518694848,-4.148076815
834,20.233024142,9.542634242,-3.548076815,0.600000000,0.600000000,9.542634242,-2.948076815,9.542634242,-4.148076815
835,20.256963536,9.566573636,-3.548076815,0.600000000,0.600000000,9.566573636,-2.948076815,9.566573636,-4.148076815
836,20.280902930,9.590513030,-3.548076815,0.600000000,0.600000000,9.590513030,-2.948076815,9.590513030,-4.148076815
837,20.304842324,9.614452424,-3.548076815,0.600000000,0.600000000,9.614452424,-2.948076815,9.614452424,-4.148076815
838,20.328781718,9.638391818,-3.548076815,0.600000000,0.600000000,9.638391818,-2.948076815,9.638391818,-4.148076815
839,20.352721112,9.662331212,-3.548076815,0.600000000,0.600000000,9.662331212,-2.948076815,9.662331212,-4.148076815
840,20.376660506,9.686270606,-3.548076815,0.600000000,0.600000000,9.686270606,-2.948076815,9.686270606,-4.148076815
841,20.400599900,9.710210000,-3.548076815,0.600000000,0.600000000,9.710210000,-2.948076815,9.710210000,-4.148076815
842,20.424539294,9.734149394,-3.548076815,0.600000000,0.600000000,9.734149394,-2.948076815,9.734149394,-4.148076815
843,20.448478688,9.758088788,-3.548076815,0.600000000,0.600000000,9.758088788,-2.948076815,9.758088788,-4.148076815
844,20.472418082,9.782028182,-3.548076815,0.600000000,0.600000000,9.782028182,-2.948076815,9.782028182,-4.148076815
845,20.496357476,9.805967576,-3.548076815,0.600000000,0.600000000,9.805967576,-2.948076815,9.805967576,-4.148076815
846,20.520296870,9.829906970,-3.548076815,0.600000000,0.600000000,9.829906970,-2.948076815,9.829906970,-4.148076815
847,20.544236264,9.853846364,-3.548076815,0.600000000,0.600000000,9.853846364,-2.948076815,9.853846364,-4.148076815
848,20.568175658,9.877785758,-3.548076815,0.600000000,0.600000000,9.877785758,-2.948076815,9.877785758,-4.148076815
849,20.592115052,9.901725152,-3.548076815,0.600000000,0.600000000,9.901725152,-2.948076815,9.901725152,-4.148076815
850,20.616054445,9.925664545,-3.548076815,0.600000000,0.600000000,9.925664545,-2.948076815,9.925664545,-4.148076815
851,20.639993839,9.949603939,-3.548076815,0.600000000,0.600000000,9.949603939,-2.948076815,9.949603939,-4.148076815
852,20.663933233,9.973543333,-3.548076815,0.600000000,0.600000000,9.973543333,-2.948076815,9.973543333,-4.148076815
853,20.687872627,9.997482727,-3.548076815,0.600000000,0.600000000,9.997482727,-2.948076815,9.997482727,-4.148076815
854,20.711812021,10.021422121,-3.548076815,0.600000000,0.600000000,10.021422121,-2.948076815,10.021422121,-4.148076815
855,20.735751415,10.045361515,-3.548076815,0.600000000,0.600000000,10.045361515,-2.948076815,10.045361515,-4.148076815
856,20.759690809,10.069300909,-3.548076815,0.600000000,0.600000000,10.069300909,-2.948076815,10.069300909,-4.148076815
857,20.783630203,10.093240303,-3.548076815,0.600000000,0.600000000,10.093240303,-2.948076815,10.093240303,-4.148076815
858,20.807569597,10.117179697,-3.548076815,0.600000000,0.600000000,10.117179697,-2.948076815,10.117179697,-4.148076815
859,20.831508991,10.141119091,-3.548076815,0.600000000,0.600000000,10.141119091,-2.948076815,10.141119091,-4.148076815
860,20.855448385,10.165058485,-3.548076815,0.600000000,0.600000000,10.165058485,-2.948076815,10.165058485,-4.148076815
861,20.879387779,10.188997879,-3.548076815,0.600000000,0.600000000,10.188997879,-2.948076815,10.188997879,-4.148076815
862,20.903327173,10.212937273,-3.548076815,0.600000000,0.600000000,10.212937273,-2.948076815,10.212937273,-4.148076815
863,20.927266567,10.236876667,-3.548076815,0.600000000,0.600000000,10.236876667,-2.948076815,10.236876667,-4.148076815
864,20.951205961,10.260816061,-3.548076815,0.600000000,0.600000000,10.260816061,-2.948076815,10.260816061,-4.148076815
865,20.975145355,10.284755455,-3.548076815,0.600000000,0.600000000,10.284755455,-2.948076815,10.284755455,-4.148076815
866,20.999084749,10.308694848,-3.548076815,0.600000000,0.600000000,10.308694848,-2.948076815,10.308694848,-4.148076815
867,21.023024142,10.332634242,-3.548076815,0.600000000,0.600000000,10.332634242,-2.948076815,10.332634242,-4.148076815
868,21.046963536,10.356573636,-3.548076815,0.600000000,0.600000000,10.356573636,-2.948076815,10.356573636,-4.148076815
869,21.070902930,10.380513030,-3.548076815,0.600000000,0.600000000,10.380513030,-2.948076815,10.380513030,-4.148076815
870,21.094842324,10.404452424,-3.548076815,0.600000000,0.600000000,10.404452424,-2.948076815,10.404452424,-4.148076815
871,21.118781718,10.428391818,-3.548076815,0.600000000,0.600000000,10.428391818,-2.948076815,10.428391818,-4.148076815
872,21.142721112,10.452331212,-3.548076815,0.600000000,0.600000000,10.452331212,-2.948076815,10.452331212,-4.148076815
873,21.166660506,10.476270606,-3.548076815,0.600000000,0.600000000,10.476270606,-2.948076815,10.476270606,-4.148076815
874,21.190599900,10.500210000,-3.548076815,0.600000000,0.600000000,10.500210000,-2.948076815,10.500210000,-4.148076815
875,21.214539294,10.524149394,-3.548076815,0.600000000,0.600000000,10.524149394,-2.948076815,10.524149394,-4.148076815
876,21.238478688,10.548088788,-3.548076815,0.600000000,0.600000000,10.548088788,-2.948076815,10.548088788,-4.148076815
877,21.262418082,10.572028182,-3.548076815,0.600000000,0.600000000,10.572028182,-2.948076815,10.572028182,-4.148076815
878,21.286357476,10.595967576,-3.548076815,0.600000000,0.600000000,10.595967576,-2.948076815,10.595967576,-4.148076815
879,21.310296870,10.619906970,-3.548076815,0.600000000,0.600000000,10.619906970,-2.948076815,10.619906970,-4.148076815
880,21.334236264,10.643846364,-3.548076815,0.600000000,0.600000000,10.643846364,-2.948076815,10.643846364,-4.148076815
881,21.358175658,10.667785758,-3.548076815,0.600000000,0.600000000,10.667785758,-2.948076815,10.667785758,-4.148076815
882,21.382115052,10.691725152,-3.548076815,0.600000000,0.600000000,10.691725152,-2.948076815,10.691725152,-4.148076815
883,21.406054445,10.715664545,-3.548076815,0.600000000,0.600000000,10.715664545,-2.948076815,10.715664545,-4.148076815
884,21.429993839,10.739603939,-3.548076815,0.600000000,0.600000000,10.739603939,-2.948076815,10.739603939,-4.148076815
885,21.453933233,10.763543333,-3.548076815,0.600000000,0.600000000,10.763543333,-2.948076815,10.763543333,-4.148076815
886,21.477872627,10.787482727,-3.548076815,0.600000000,0.600000000,10.787482727,-2.948076815,10.787482727,-4.148076815
887,21.501812021,10.811422121,-3.548076815,0.600000000,0.600000000,10.811422121,-2.948076815,10.811422121,-4.148076815
888,21.525751415,10.835361515,-3.548076815,0.600000000,0.600000000,10.835361515,-2.948076815,10.835361515,-4.148076815
889,21.549690809,10.859300909,-3.548076815,0.600000000,0.600000000,10.859300909,-2.948076815,10.859300909,-4.148076815
890,21.573630203,10.883240303,-3.548076815,0.600000000,0.600000000,10.883240303,-2.948076815,10.883240303,-4.148076815
891,21.597569597,10.907179697,-3.548076815,0.600000000,0.600000000,10.907179697,-2.948076815,10.907179697,-4.148076815
892,21.621508991,10.931119091,-3.548076815,0.600000000,0.600000000,10.931119091,-2.948076815,10.931119091,-4.148076815
893,21.645448385,10.955058485,-3.548076815,0.600000000,0.600000000,10.955058485,-2.948076815,10.955058485,-4.148076815
894,21.669387779,10.978997879,-3.548076815,0.600000000,0.600000000,10.978997879,-2.948076815,10.978997879,-4.148076815
895,21.693327173,11.002937273,-3.548076815,0.600000000,0.600000000,11.002937273,-2.948076815,11.002937273,-4.148076815
896,21.717266567,11.026876667,-3.548076815,0.600000000,0.600000000,11.026876667,-2.948076815,11.026876667,-4.148076815
897,21.741205961,11.050816061,-3.548076815,0.600000000,0.600000000,11.050816061,-2.948076815,11.050816061,-4.148076815
898,21.765145355,11.074755455,-3.548076815,0.600000000,0.600000000,11.074755455,-2.948076815,11.074755455,-4.148076815
899,21.789084749,11.098694848,-3.548076815,0.600000000,0.600000000,11.098694848,-2.948076815,11.098694848,-4.148076815
900,21.813024142,11.122634242,-3.548076815,0.600000000,0.600000000,11.122634242,-2.948076815,11.122634242,-4.148076815
