s_m,x_m,y_m
0.000000000,1.260470556,0.669395221
0.021939929,1.282034318,0.666916222
0.043879858,1.303634663,0.664413669
0.065819786,1.325271411,0.661887864
0.087759715,1.346944373,0.659339101
0.109699644,1.368653348,0.656767671
0.131639573,1.390398128,0.654173863
0.153579502,1.412178502,0.651558109
0.175519431,1.433994259,0.648921007
0.197459359,1.455845181,0.646263159
0.219399288,1.477731044,0.643585162
0.241339217,1.499651620,0.640887609
0.263279146,1.521606676,0.638171135
0.285219075,1.543594381,0.635436748
0.307159003,1.565604889,0.632686121
0.329098932,1.587636472,0.629920747
0.351038861,1.609689019,0.627142048
0.372978790,1.631762418,0.624351446
0.394918719,1.653856567,0.621550505
0.416858648,1.675971379,0.618741005
0.438798576,1.698106772,0.615924745
0.460738505,1.720262666,0.613103521
0.482678434,1.742438991,0.610279127
0.504618363,1.764635681,0.607453354
0.526558292,1.786852679,0.604627998
0.548498220,1.809089935,0.601804855
0.570438149,1.831339011,0.598986253
0.592378078,1.853591576,0.596174902
0.614318007,1.875847749,0.593373165
0.636257936,1.898107651,0.590583224
0.658197865,1.920371384,0.587806873
0.680137793,1.942639059,0.585045861
0.702077722,1.964910789,0.582301935
0.724017651,1.987186696,0.579576842
0.745957580,2.009466905,0.576872268
0.767897509,2.031751507,0.574189215
0.789837437,2.054040573,0.571528241
0.811777366,2.076334176,0.568889896
0.833717295,2.098630947,0.566274827
0.855657224,2.120922333,0.563684314
0.877597153,2.143207038,0.561119076
0.899537082,2.165485157,0.558578836
0.921477010,2.187756770,0.556063154
0.943416939,2.210021952,0.553571591
0.965356868,2.232280777,0.551103705
0.987296797,2.254533308,0.548659026
1.009236726,2.276779571,0.546236531
1.031176654,2.299019554,0.543834724
1.053116583,2.321253237,0.541452089
1.075056512,2.343480593,0.539087114
1.096996441,2.365701590,0.536738285
1.118936370,2.387915907,0.534404051
1.140876299,2.410123206,0.532082639
1.162816227,2.432323421,0.529772200
1.184756156,2.454516479,0.527470884
1.206696085,2.476702299,0.525176842
1.228636014,2.498880798,0.522888232
1.250575943,2.521051898,0.520603402
1.272515871,2.543215534,0.518320920
1.294455800,2.565371638,0.516039368
1.316395729,2.587520135,0.513757327
1.338335658,2.609660949,0.511473376
1.360275587,2.631794008,0.509186211
1.382215516,2.653919925,0.506895099
1.404155444,2.676042534,0.504599195
1.426095373,2.698162435,0.502297810
1.448035302,2.720279587,0.499990300
1.469975231,2.742393945,0.497676027
1.491915160,2.764505496,0.495354751
1.513855088,2.786614274,0.493026850
1.535795017,2.808720318,0.490692754
1.557734946,2.830823667,0.488352894
1.579674875,2.852924362,0.486007700
1.601614804,2.875022447,0.483657666
1.623554732,2.897118013,0.481303801
1.645494661,2.919211167,0.478947358
1.667434590,2.941301426,0.476589646
1.689374519,2.963388314,0.474232004
1.711314448,2.985471954,0.471875730
1.733254377,3.007552479,0.469522233
1.755194305,3.029630046,0.467173155
1.777134234,3.051704814,0.464830171
1.799074163,3.073776945,0.462494952
1.821014092,3.095846605,0.460169171
1.842954021,3.117913959,0.457854494
1.864893949,3.139979170,0.455552532
1.886833878,3.162042399,0.453264856
1.908773807,3.184103810,0.450993036
1.930713736,3.206163014,0.448738694
1.952653665,3.228216863,0.446503768
1.974593594,3.250264983,0.444289916
1.996533522,3.272307525,0.442098413
2.018473451,3.294344632,0.439930475
2.040413380,3.316376447,0.437787317
2.062353309,3.338403114,0.435670153
2.084293238,3.360424771,0.433580174
2.106233166,3.382441517,0.431518142
2.128173095,3.404453417,0.429484450
2.150113024,3.426460533,0.427479476
2.172052953,3.448462924,0.425503601
2.193992882,3.470460646,0.423557204
2.215932811,3.492451938,0.421640677
2.237872739,3.514434980,0.419753810
2.259812668,3.536409741,0.417896083
2.281752597,3.558376183,0.416066971
2.303692526,3.580334264,0.414265953
2.325632455,3.602283940,0.412492491
2.347572383,3.624225117,0.410745586
2.369512312,3.646157651,0.409023703
2.391452241,3.668081392,0.407325279
2.413392170,3.689996184,0.405648752
2.435332099,3.711901870,0.403992556
2.457272028,3.733798283,0.402355036
2.479211956,3.755685254,0.400734013
2.501151885,3.777562846,0.399127102
2.523091814,3.799430870,0.397531929
2.545031743,3.821289089,0.395946127
2.566971672,3.843137261,0.394367326
2.588911600,3.864975140,0.392793056
2.610851529,3.886802463,0.391220693
2.632791458,3.908618967,0.389647599
2.654731387,3.930424393,0.388071135
2.676671316,3.952218482,0.386488662
2.698611245,3.974000981,0.384897570
2.720551173,3.995771663,0.383295503
2.742491102,4.017530317,0.381680223
2.764431031,4.039275575,0.380049611
2.786370960,4.061006079,0.378401598
2.808310889,4.082721628,0.376734026
2.830250817,4.104422058,0.375045038
2.852190746,4.126107265,0.373333407
2.874130675,4.147777158,0.371597982
2.896070604,4.169431653,0.369837615
2.918010533,4.191070671,0.368051153
2.939950462,4.212694146,0.366237511
2.961890390,4.234302084,0.364396366
2.983830319,4.255894543,0.362527894
3.005770248,4.277471583,0.360632273
3.027710177,4.299032159,0.358709787
3.049650106,4.320569672,0.356761338
3.071590034,4.342083128,0.354787773
3.093529963,4.363572725,0.352790663
3.115469892,4.385038680,0.350771723
3.137409821,4.406481212,0.348732663
3.159349750,4.427900549,0.346675193
3.181289679,4.449296921,0.344601041
3.203229607,4.470670597,0.342512333
3.225169536,4.492021876,0.340411537
3.247109465,4.513351059,0.338301131
3.269049394,4.534658446,0.336183592
3.290989323,4.555944338,0.334061392
3.312929251,4.577210066,0.331936935
3.334869180,4.598456937,0.329812662
3.356809109,4.619685220,0.327691105
3.378749038,4.640895177,0.325574795
3.400688967,4.662087067,0.323466260
3.422628896,4.683261145,0.321368022
3.444568824,4.704417644,0.319282409
3.466508753,4.725556780,0.317211522
3.488448682,4.746678760,0.315157450
3.510388611,4.767783790,0.313122282
3.532328540,4.788872067,0.311108102
3.554268468,4.809943780,0.309116918
3.576208397,4.831001196,0.307150150
3.598148326,4.852057087,0.305208135
3.620088255,4.873113601,0.303291633
3.642028184,4.894170761,0.301401527
3.663968113,4.915228590,0.299538696
3.685908041,4.936287093,0.297703838
3.707847970,4.957346257,0.295897366
3.729787899,4.978406068,0.294119668
3.751727828,4.999466507,0.292371134
3.773667757,5.020527557,0.290652153
3.795607685,5.041589197,0.288963110
3.817547614,5.062651405,0.287304369
3.839487543,5.083714154,0.285676285
3.861427472,5.104791446,0.284078397
3.883367401,5.125897210,0.282509651
3.905307330,5.147031313,0.280969504
3.927247258,5.168193622,0.279457534
3.949187187,5.189384018,0.277973575
3.971127116,5.210602377,0.276517488
3.993067045,5.231848573,0.275089133
4.015006974,5.253122480,0.273688366
4.036946902,5.274423969,0.272315067
4.058886831,5.295752921,0.270969442
4.080826760,5.317109225,0.269651907
4.102766689,5.338492764,0.268362877
4.124706618,5.359905032,0.267102700
4.146646547,5.381355573,0.265871242
4.168586475,5.402845871,0.264668496
4.190526404,5.424375807,0.263494711
4.212466333,5.445945265,0.262350165
4.234406262,5.467554129,0.261235130
4.256346191,5.489202289,0.260149869
4.278286119,5.510889636,0.259094634
4.300226048,5.532616068,0.258069581
4.322165977,5.554381484,0.257074783
4.344105906,5.576185792,0.256110304
4.366045835,5.598028909,0.255176197
4.387985763,5.619910759,0.254272512
4.409925692,5.641823922,0.253399480
4.431865621,5.663760999,0.252557256
4.453805550,5.685721961,0.251745768
4.475745479,5.707706791,0.250964943
4.497685408,5.729715475,0.250214701
4.519625336,5.751748012,0.249494950
4.541565265,5.773804394,0.248805214
4.563505194,5.795884609,0.248144576
4.585445123,5.817988656,0.247512092
4.607385052,5.840116537,0.246906814
4.629324980,5.862268265,0.246327791
4.651264909,5.884443856,0.245773980
4.673204838,5.906640681,0.245243921
4.695144767,5.928842924,0.244736767
4.717084696,5.951047957,0.244251646
4.739024625,5.973255788,0.243787626
4.760964553,5.995466427,0.243343767
4.782904482,6.017679875,0.242918929
4.804844411,6.039896119,0.242511651
4.826784340,6.062115145,0.242120448
4.848724269,6.084336936,0.241743835
4.870664197,6.106561475,0.241380323
4.892604126,6.128788738,0.241028402
4.914544055,6.151018694,0.240686340
4.936483984,6.173251304,0.240352307
4.958423913,6.195480420,0.240024771
4.980363842,6.217699885,0.239702509
5.002303770,6.239909637,0.239384151
5.024243699,6.262109610,0.239068261
5.046183628,6.284299728,0.238753260
5.068123557,6.306479908,0.238437554
5.090063486,6.328650067,0.238119548
5.112003414,6.350810113,0.237797645
5.133943343,6.372959955,0.237470242
5.155883272,6.395099494,0.237135670
5.177823201,6.417228627,0.236792214
5.199763130,6.439347249,0.236438157
5.221703059,6.461456447,0.236071726
5.243642987,6.483563276,0.235690732
5.265582916,6.505668835,0.235293083
5.287522845,6.527773027,0.234876784
5.309462774,6.549875754,0.234439851
5.331402703,6.571976917,0.233980298
5.353342631,6.594076415,0.233496141
5.375282560,6.616174145,0.232985407
5.397222489,6.638270011,0.232446341
5.419162418,6.660363924,0.231877376
5.441102347,6.682455794,0.231276950
5.463042276,6.704545530,0.230643503
5.484982204,6.726633040,0.229975474
5.506922133,6.748728074,0.229270878
5.528862062,6.770840402,0.228527795
5.550801991,6.792969946,0.227744756
5.572741920,6.815116625,0.226920289
5.594681848,6.837280347,0.226052924
5.616621777,6.859461016,0.225141204
5.638561706,6.881658549,0.224184154
5.660501635,6.903872885,0.223181361
5.682441564,6.926103957,0.222132439
5.704381493,6.948351692,0.221037002
5.726321421,6.970616012,0.219894663
5.748261350,6.992896840,0.218705163
5.770201279,7.015194007,0.217468982
5.792141208,7.037506735,0.216186903
5.814081137,7.059834852,0.214859693
5.836021065,7.082178305,0.213488114
5.857960994,7.104537039,0.212072930
5.879900923,7.126911019,0.210615221
5.901840852,7.149300234,0.209116549
5.923780781,7.171704681,0.207578518
5.945720710,7.194124360,0.206002730
5.967660638,7.216559276,0.204390786
5.989600567,7.239009438,0.202744312
6.011540496,7.261474877,0.201065154
6.033480425,7.283955638,0.199355261
6.055420354,7.306440428,0.197617412
6.077360282,7.328918022,0.195854974
6.099300211,7.351388579,0.194070772
6.121240140,7.373852261,0.192267565
6.143180069,7.396309235,0.190447976
6.165119998,7.418759673,0.188614607
6.187059927,7.441203757,0.186770063
6.208999855,7.463641679,0.184916945
6.230939784,7.486073634,0.183057820
6.252879713,7.508499799,0.181194840
6.274819642,7.530920338,0.179329891
6.296759571,7.553335420,0.177464853
6.318699499,7.575741201,0.175601923
6.340639428,7.598113814,0.173745343
6.362579357,7.620449544,0.171898263
6.384519286,7.642748647,0.170062899
6.406459215,7.665011362,0.168241341
6.428399144,7.687237920,0.166435675
6.450339072,7.709428544,0.164647977
6.472279001,7.731583446,0.162880292
6.494218930,7.753702787,0.161134143
6.516158859,7.775786685,0.159410602
6.538098788,7.797835243,0.157710722
6.560038716,7.819848555,0.156035548
6.581978645,7.841826703,0.154386121
6.603918574,7.863758066,0.152764428
6.625858503,7.885631013,0.151172582
6.647798432,7.907445598,0.149611790
6.669738361,7.929201854,0.148083243
6.691678289,7.950899803,0.146588114
6.713618218,7.972539451,0.145127560
6.735558147,7.994120790,0.143702711
6.757498076,8.015643799,0.142314668
6.779438005,8.037108449,0.140964516
6.801377933,8.058514698,0.139653320
6.823317862,8.079862496,0.138382129
6.845257791,8.101151796,0.137152056
6.867197720,8.122382543,0.135964673
6.889137649,8.143554503,0.134821715
6.911077578,8.164667518,0.133724896
6.933017506,8.185721447,0.132675908
6.954957435,8.206716140,0.131676434
6.976897364,8.227651473,0.130728623
6.998837293,8.248527358,0.129835355
7.020777222,8.269343696,0.128999555
7.042717150,8.290100372,0.128224132
7.064657079,8.310797254,0.127511973
7.086597008,8.331434199,0.126866064
7.108536937,8.352011095,0.126290293
7.130476866,8.372527823,0.125788968
7.152416794,8.392997112,0.125365604
7.174356723,8.413431565,0.125023216
7.196296652,8.433830818,0.124765347
7.218236581,8.454194489,0.124595862
7.240176510,8.474522182,0.124519310
7.262116439,8.494813458,0.124540321
7.284056367,8.515067824,0.124663517
7.305996296,8.535284737,0.124893510
7.327936225,8.555463599,0.125234919
7.349876154,8.575603760,0.125692512
7.371816083,8.595704511,0.126271149
7.393756011,8.615765079,0.126975682
7.415695940,8.635784000,0.127810966
7.437635869,8.655756521,0.128781956
7.459575798,8.675680835,0.129893433
7.481515727,8.695555674,0.131149645
7.503455656,8.715379703,0.132554735
7.525395584,8.735151518,0.134112828
7.547335513,8.754869641,0.135828030
7.569275442,8.774532526,0.137704378
7.591215371,8.794138558,0.139745008
7.613155300,8.813686078,0.141952271
7.635095228,8.833173373,0.144328469
7.657035157,8.852598677,0.146875884
7.678975086,8.871960176,0.149596771
7.700915015,8.891238904,0.152492633
7.722854944,8.910415361,0.155563876
7.744794873,8.929486859,0.158811054
7.766734801,8.948450668,0.162234665
7.788674730,8.967304018,0.165835149
7.810614659,8.986044109,0.169612850
7.832554588,9.004668168,0.173566968
7.854494517,9.023173499,0.177695388
7.876434445,9.041557430,0.181995864
7.898374374,9.059817322,0.186466090
7.920314303,9.077950575,0.191103696
7.942254232,9.095954654,0.195905999
7.964194161,9.113812307,0.200867618
7.986134090,9.131430746,0.205976989
8.008074018,9.148789933,0.211229479
8.030013947,9.165884699,0.216621497
8.051953876,9.182710017,0.222149180
8.073893805,9.199261103,0.227807843
8.095833734,9.215533509,0.233591689
8.117773662,9.231523093,0.239494585
8.139713591,9.247226055,0.245510144
8.161653520,9.262638981,0.251631732
8.183593449,9.277758900,0.257852430
8.205533378,9.292583391,0.264164711
8.227473307,9.307110609,0.270560659
8.249413235,9.321167823,0.277001642
8.271353164,9.334574155,0.283447174
8.293293093,9.347316734,0.289885217
8.315233022,9.359383882,0.296302236
8.337172951,9.370765377,0.302683352
8.359112879,9.381452807,0.309012202
8.381052808,9.391439911,0.315271005
8.402992737,9.400722935,0.321440688
8.424932666,9.409300981,0.327501115
8.446872595,9.417176166,0.333431958
8.468812524,9.424354023,0.339212692
8.490752452,9.430843985,0.344822442
8.512692381,9.436656626,0.350239198
8.534632310,9.441776132,0.355429242
8.556572239,9.446182082,0.360354336
8.578512168,9.449858764,0.364975832
8.600452096,9.452794748,0.369253322
8.622392025,9.454983646,0.373144723
8.644331954,9.456424827,0.376606719
8.666271883,9.457124117,0.379595403
8.688211812,9.457093876,0.382068054
8.710151741,9.456353651,0.383983787
8.732091669,9.454931295,0.385303611
8.754031598,9.452863508,0.385991609
8.775971527,9.450196224,0.386016323
8.797911456,9.447319994,0.385623567
8.819851385,9.444578418,0.385070903
8.841791313,9.441954723,0.384346940
8.863731242,9.439433315,0.383438056
8.885671171,9.437000106,0.382328641
8.907611100,9.434642780,0.381001377
8.929551029,9.432350254,0.379438220
8.951490958,9.430112694,0.377620690
8.973430886,9.427922615,0.375529326
8.995370815,9.425775170,0.373143999
9.017310744,9.423668361,0.370444306
9.039250673,9.421602998,0.367410140
9.061190602,9.419647201,0.364137215
9.083130530,9.418182327,0.361321064
9.105070459,9.417236125,0.359120130
9.127010388,9.416764986,0.357570981
9.148950317,9.416722426,0.356700175
9.170890246,9.417059848,0.356525104
9.192830175,9.417727316,0.357054768
9.214770103,9.418675227,0.358290207
9.236710032,9.419855120,0.360225294
9.258649961,9.421220262,0.362847552
9.280589890,9.422726014,0.366138951
9.302529819,9.424329756,0.370076723
9.324469747,9.425991307,0.374633949
9.346409676,9.427697972,0.379906880
9.368349605,9.429440741,0.386025159
9.390289534,9.431187572,0.393004480
9.412229463,9.432907767,0.400854833
9.434169392,9.434572620,0.409581209
9.456109320,9.436155545,0.419184369
9.478049249,9.437632321,0.429661552
9.499989178,9.438981288,0.441007152
9.521929107,9.440183566,0.453213354
9.543869036,9.441224110,0.466270690
9.565808964,9.442091343,0.480168660
9.587748893,9.442776458,0.494896275
9.609688822,9.443271201,0.510354139
9.631628751,9.443557863,0.526004639
9.653568680,9.443629492,0.541757149
9.675508609,9.443483277,0.557609600
9.697448537,9.443116831,0.573559807
9.719388466,9.442527830,0.589605488
9.741328395,9.441714014,0.605744267
9.763268324,9.440673294,0.621973694
9.785208253,9.439405500,0.638291319
9.807148181,9.437912127,0.654694755
9.829088110,9.436194789,0.671181654
9.851028039,9.434255155,0.687749713
9.872967968,9.432094956,0.704396671
9.894907897,9.429715698,0.721133350
9.916847826,9.427121241,0.737971092
9.938787754,9.424316934,0.754908548
9.960727683,9.421308188,0.771944505
9.982667612,9.418100470,0.789077882
10.004607541,9.414699335,0.806307735
10.026547470,9.411111346,0.823633349
10.048487398,9.407344214,0.841054285
10.070427327,9.403405758,0.858570274
10.092367256,9.399303836,0.876181212
10.114307185,9.395046351,0.893887152
10.136247114,9.390641325,0.911688306
10.158187042,9.386098607,0.929574956
10.180126971,9.381434467,0.947486871
10.202066900,9.376657861,0.965414724
10.224006829,9.371776355,0.983359453
10.245946758,9.366797501,1.001322101
10.267886687,9.361728598,1.019303786
10.289826615,9.356576561,1.037305660
10.311766544,9.351348262,1.055328962
10.333706473,9.346050564,1.073375017
10.355646402,9.340690317,1.091445233
10.377586331,9.335274236,1.109541072
10.399526259,9.329808036,1.127663895
10.421466188,9.324296956,1.145815030
10.443406117,9.318744206,1.164007091
10.465346046,9.313153177,1.182253006
10.487285975,9.307529361,1.200554629
10.509225904,9.301877659,1.218913729
10.531165832,9.296201729,1.237331839
10.553105761,9.290505084,1.255810459
10.575045690,9.284791247,1.274351091
10.596985619,9.279063754,1.292955230
10.618925548,9.273326055,1.311624345
10.640865476,9.267580512,1.330359659
10.662805405,9.261828786,1.349162216
10.684745334,9.256072548,1.368033032
10.706685263,9.250312311,1.386978405
10.728625192,9.244542983,1.406031424
10.750565121,9.238765411,1.425198896
10.772505049,9.232980731,1.444482073
10.794444978,9.227189961,1.463882109
10.816384907,9.221394179,1.483400105
10.838324836,9.215594518,1.503037111
10.860264765,9.209792147,1.522794123
10.882204693,9.203987862,1.542671986
10.904144622,9.198182151,1.562671412
10.926084551,9.192375548,1.582793065
10.948024480,9.186568644,1.603037569
10.969964409,9.180762090,1.623405510
10.991904338,9.174955739,1.643900862
11.013844266,9.169149434,1.664527631
11.035784195,9.163343901,1.685286402
11.057724124,9.157539931,1.706177729
11.079664053,9.151738376,1.727202142
11.101603982,9.145940154,1.748360152
11.123543910,9.140146312,1.769652265
11.145483839,9.134358035,1.791078991
11.167423768,9.128576574,1.812640829
11.189363697,9.122803239,1.834338266
11.211303626,9.117039403,1.856171781
11.233243555,9.111286522,1.878141853
11.255183483,9.105546012,1.900250113
11.277123412,9.099818166,1.922503762
11.299063341,9.094104834,1.944904410
11.321003270,9.088408212,1.967452554
11.342943199,9.082730559,1.990148699
11.364883127,9.077074255,2.012993368
11.386823056,9.071441832,2.035987116
11.408762985,9.065835893,2.059130502
11.430702914,9.060259108,2.082424099
11.452642843,9.054714208,2.105868486
11.474582772,9.049203993,2.129464250
11.496522700,9.043731342,2.153211992
11.518462629,9.038299208,2.177112323
11.540402558,9.032909888,2.201169332
11.562342487,9.027565938,2.225386998
11.584282416,9.022270792,2.249765796
11.606222344,9.017027961,2.274306219
11.628162273,9.011841036,2.299008784
11.650102202,9.006713678,2.323874027
11.672042131,9.001649621,2.348902503
11.693982060,8.996652672,2.374094780
11.715921989,8.991726719,2.399451443
11.737861917,8.986875816,2.424973107
11.759801846,8.982104155,2.450660403
11.781741775,8.977416001,2.476513968
11.803681704,8.972815796,2.502533812
11.825621633,8.968308506,2.528716700
11.847561561,8.963898684,2.555062401
11.869501490,8.959591154,2.581571362
11.891441419,8.955390873,2.608244048
11.913381348,8.951302880,2.635080922
11.935321277,8.947332291,2.662082448
11.957261206,8.943484332,2.689249084
11.979201134,8.939764748,2.716581328
12.001141063,8.936179752,2.744079692
12.023080992,8.932735652,2.771744644
12.045020921,8.929438846,2.799576600
12.066960850,8.926295815,2.827575916
12.088900778,8.923315095,2.855719985
12.110840707,8.920504767,2.883985962
12.132780636,8.917870736,2.912373754
12.154720565,8.915418973,2.940883191
12.176660494,8.913155510,2.969514025
12.198600423,8.911086462,2.998265925
12.220540351,8.909218648,3.027138497
12.242480280,8.907559688,3.056131252
12.264420209,8.906117304,3.085243555
12.286360138,8.904899273,3.114474617
12.308300067,8.903913430,3.143823483
12.330239995,8.903167807,3.173289029
12.352179924,8.902671183,3.202859504
12.374119853,8.902430518,3.232470744
12.396059782,8.902451025,3.262110507
12.417999711,8.902737878,3.291776824
12.439939640,8.903296268,3.321467571
12.461879568,8.904131595,3.351180457
12.483819497,8.905249576,3.380913008
12.505759426,8.906655955,3.410662570
12.527699355,8.908356471,3.440426306
12.549639284,8.910356852,3.470201197
12.571579212,8.912662768,3.499984044
12.593519141,8.915279513,3.529771495
12.615459070,8.918212191,3.559560045
12.637398999,8.921461538,3.589311873
12.659338928,8.925025990,3.618989247
12.681278857,8.928907161,3.648588608
12.703218785,8.933106118,3.678106390
12.725158714,8.937622808,3.707539135
12.747098643,8.942457025,3.736883379
12.769038572,8.947608545,3.766135639
12.790978501,8.953077127,3.795292409
12.812918429,8.958862390,3.824350185
12.834858358,8.964962461,3.853305734
12.856798287,8.971374519,3.882156051
12.878738216,8.978095722,3.910898192
12.900678145,8.985121987,3.939523777
12.922618073,8.992442204,3.967997239
12.944558002,9.000049686,3.996311056
12.966497931,9.007937213,4.024463790
12.988437860,9.016097302,4.052454263
13.010377789,9.024522528,4.080281489
13.032317718,9.033205518,4.107944661
13.054257646,9.042138908,4.135443167
13.076197575,9.051314380,4.162776857
13.098137504,9.060722823,4.189946034
13.120077433,9.070355177,4.216951226
13.142017362,9.080202470,4.243793166
13.163957290,9.090255815,4.270472788
13.185897219,9.100503018,4.296981618
13.207837148,9.110930873,4.323311862
13.229777077,9.121529138,4.349465785
13.251717006,9.132287679,4.375445870
13.273656935,9.143196476,4.401254804
13.295596863,9.154245628,4.426895470
13.317536792,9.165425533,4.452370865
13.339476721,9.176726915,4.477684078
13.361416650,9.188140621,4.502838346
13.383356579,9.199657602,4.527837055
13.405296507,9.211268917,4.552683730
13.427236436,9.222965894,4.577381960
13.449176365,9.234740327,4.601933787
13.471116294,9.246581571,4.626334948
13.493056223,9.258481573,4.650587882
13.514996152,9.270432896,4.674696407
13.536936080,9.282428201,4.698664408
13.558876009,9.294460943,4.722495522
13.580815938,9.306525737,4.746192933
13.602755867,9.318617358,4.769759798
13.624695796,9.330730639,4.793199284
13.646635724,9.342860475,4.816514565
13.668575653,9.355001967,4.839708742
13.690515582,9.367151472,4.862784325
13.712455511,9.379305955,4.885743510
13.734395440,9.391460042,4.908583788
13.756335369,9.403608212,4.931302866
13.778275297,9.415747271,4.953903192
13.800215226,9.427874527,4.976386933
13.822155155,9.439988299,4.998755694
13.844095084,9.452087050,5.021010945
13.866035013,9.464169255,5.043154089
13.887974941,9.476233410,5.065186462
13.909914870,9.488278070,5.087109304
13.931854799,9.500302372,5.108923481
13.953794728,9.512305823,5.130629582
13.975734657,9.524287943,5.152228119
13.997674586,9.536247498,5.173718169
14.019614514,9.548179344,5.195092109
14.041554443,9.560082074,5.216349204
14.063494372,9.571955252,5.237489909
14.085434301,9.583798495,5.258514587
14.107374230,9.595611440,5.279423537
14.129314158,9.607393737,5.300216995
14.151254087,9.619145054,5.320895138
14.173194016,9.630864942,5.341458165
14.195133945,9.642552861,5.361906286
14.217073874,9.654208292,5.382239664
14.239013803,9.665830741,5.402458413
14.260953731,9.677419741,5.422562600
14.282893660,9.688970982,5.442546073
14.304833589,9.700479593,5.462403085
14.326773518,9.711944323,5.482134255
14.348713447,9.723363967,5.501740170
14.370653375,9.734737371,5.521221381
14.392593304,9.746063421,5.540578415
14.414533233,9.757340785,5.559811938
14.436473162,9.768567864,5.578922779
14.458413091,9.779743101,5.597911756
14.480353020,9.790864994,5.616779667
14.502292948,9.801932099,5.635527291
14.524232877,9.812942985,5.654155421
14.546172806,9.823895232,5.672663705
14.568112735,9.834782378,5.691045407
14.590052664,9.845601769,5.709300281
14.611992592,9.856351597,5.727429361
14.633932521,9.867030127,5.745433666
14.655872450,9.877635657,5.763314236
14.677812379,9.888166496,5.781072139
14.699752308,9.898621027,5.798708446
14.721692237,9.908997713,5.816224223
14.743632165,9.919295099,5.833620539
14.765572094,9.929511823,5.850898463
14.787512023,9.939646665,5.868059037
14.809451952,9.949698522,5.885103302
14.831391881,9.959666538,5.902032587
14.853331809,9.969549803,5.918847967
14.875271738,9.979347257,5.935550122
14.897211667,9.989057961,5.952139736
14.919151596,9.998681120,5.968617481
14.941091525,10.008216042,5.984984056
14.963031454,10.017662127,6.001240193
14.984971382,10.027018870,6.017386666
15.006911311,10.036285854,6.033424295
15.028851240,10.045462656,6.049354013
15.050791169,10.054548880,6.065176841
15.072731098,10.063544231,6.080893864
15.094671026,10.072449943,6.096508996
15.116610955,10.081274439,6.112039670
15.138550884,10.090018786,6.127489072
15.160490813,10.098682203,6.142857883
15.182430742,10.107263886,6.158146874
15.204370671,10.115763102,6.173356875
15.226310599,10.124179181,6.188488775
15.248250528,10.132511482,6.203543543
15.270190457,10.140758687,6.218522561
15.292130386,10.148918894,6.233427555
15.314070315,10.156990231,6.248260304
15.336010243,10.164970874,6.263022633
15.357950172,10.172859049,6.277716411
15.379890101,10.180661755,6.292364574
15.401830030,10.188384512,6.306989816
15.423769959,10.196023351,6.321593657
15.445709888,10.203574295,6.336177576
15.467649816,10.211033355,6.350743011
15.489589745,10.218396502,6.365291367
15.511529674,10.225658708,6.379824380
15.533469603,10.232813781,6.394344131
15.555409532,10.239855431,6.408852620
15.577349460,10.246777337,6.423351727
15.599289389,10.253573143,6.437843218
15.621229318,10.260236274,6.452328797
15.643169247,10.266761201,6.466816841
15.665109176,10.273152736,6.481347555
15.687049104,10.279404810,6.495928138
15.708989033,10.285509141,6.510559088
15.730928962,10.291457400,6.525240683
15.752868891,10.297241118,6.539973010
15.774808820,10.302851640,6.554755970
15.796748749,10.308280260,6.569589233
15.818688677,10.313518238,6.584472235
15.840628606,10.318556804,6.599404170
15.862568535,10.323387286,6.614383960
15.884508464,10.328001967,6.629410053
15.906448393,10.332393593,6.644480571
15.928388321,10.336560598,6.659617820
15.950328250,10.340501532,6.674843821
15.972268179,10.344209328,6.690155967
15.994208108,10.347677878,6.705551267
16.016148037,10.350903081,6.721026186
16.038087966,10.353881121,6.736577038
16.060027894,10.356608225,6.752200041
16.081967823,10.359080662,6.767891324
16.103907752,10.361294937,6.783646889
16.125847681,10.363249848,6.799462311
16.147787610,10.364945703,6.815332932
16.169727538,10.366382894,6.831254119
16.191667467,10.367562417,6.847225239
16.213607396,10.368488122,6.863265800
16.235547325,10.369162153,6.879375751
16.257487254,10.369588461,6.895550905
16.279427183,10.369771469,6.911787161
16.301367111,10.369715664,6.928080554
16.323307040,10.369425593,6.944427255
16.345246969,10.368905918,6.960823566
16.367186898,10.368162425,6.977265841
16.389126827,10.367201878,6.993750534
16.411066755,10.366031124,7.010274280
16.433006684,10.364657055,7.026833895
16.454946613,10.363086604,7.043426372
16.476886542,10.361327242,7.060057547
16.498826471,10.359386819,7.076733979
16.520766400,10.357272891,7.093454012
16.542706328,10.354993036,7.110216158
16.564646257,10.352554857,7.127019100
16.586586186,10.349965960,7.143861680
16.608526115,10.347233515,7.160742901
16.630466044,10.344364177,7.177661909
16.652405972,10.341364583,7.194617974
16.674345901,10.338241385,7.211610489
16.696285830,10.335001242,7.228638965
16.718225759,10.331650622,7.245703023
16.740165688,10.328194843,7.262804208
16.762105617,10.324638650,7.279953678
16.784045545,10.320987089,7.297153891
16.805985474,10.317245259,7.314405542
16.827925403,10.313418255,7.331709384
16.849865332,10.309510558,7.349066186
16.871805261,10.305525697,7.366476694
16.893745189,10.301467128,7.383941669
16.915685118,10.297338311,7.401461884
16.937625047,10.293142717,7.419038126
16.959564976,10.288883725,7.436671187
16.981504905,10.284563937,7.454361803
17.003444834,10.280185591,7.472110674
17.025384762,10.275750689,7.489921469
17.047324691,10.271261251,7.507798236
17.069264620,10.266719564,7.525742225
17.091204549,10.262127679,7.543754642
17.113144478,10.257487137,7.561836614
17.135084406,10.252799428,7.579989233
17.157024335,10.248066062,7.598213561
17.178964264,10.243288569,7.616510636
17.200904193,10.238468465,7.634881462
17.222844122,10.233606945,7.653326978
17.244784051,10.228704999,7.671848065
17.266723979,10.223763638,7.690445572
17.288663908,10.218783967,7.709119760
17.310603837,10.213767443,7.727868151
17.332543766,10.208715001,7.746691218
17.354483695,10.203627200,7.765589929
17.376423623,10.198504564,7.784565216
17.398363552,10.193347641,7.803617980
17.420303481,10.188157001,7.822749094
17.442243410,10.182933230,7.841959405
17.464183339,10.177676765,7.861249704
17.486123268,10.172387918,7.880620740
17.508063196,10.167067023,7.900073235
17.530003125,10.161714438,7.919607888
17.551943054,10.156330548,7.939225380
17.573882983,10.150920841,7.958893877
17.595822912,10.145490116,7.978581200
17.617762840,10.140037747,7.998287494
17.639702769,10.134563112,8.018012891
17.661642698,10.129065590,8.037757515
17.683582627,10.123544574,8.057521481
17.705522556,10.117999732,8.077304939
17.727462485,10.112431054,8.097108091
17.749402413,10.106838549,8.116931134
17.771342342,10.101222230,8.136774259
17.793282271,10.095582109,8.156637654
17.815222200,10.089918358,8.176521529
17.837162129,10.084234479,8.196412420
17.859102057,10.078545936,8.216227377
17.881041986,10.072854776,8.235951985
17.902981915,10.067160518,8.255585630
17.924921844,10.061462714,8.275127715
17.946861773,10.055761616,8.294577793
17.968801702,10.050058554,8.313935645
17.990741630,10.044354964,8.333201103
18.012681559,10.038652299,8.352374038
18.034621488,10.032952028,8.371454361
18.056561417,10.027255787,8.390442057
18.078501346,10.021566405,8.409337399
18.100441274,10.015887287,8.428140838
18.122381203,10.010235515,8.446784883
18.144321132,10.004627100,8.465201148
18.166261061,9.999063944,8.483388899
18.188200990,9.993548453,8.501347648
18.210140919,9.988083940,8.519077259
18.232080847,9.982673932,8.536577829
18.254020776,9.977322067,8.553849685
18.275960705,9.972032082,8.570893407
18.297900634,9.966807811,8.587709844
18.319840563,9.961653151,8.604300133
18.341780491,9.956572064,8.620665718
18.363720420,9.951568582,8.636808381
18.385660349,9.946654891,8.652698379
18.407600278,9.941883521,8.668145777
18.429540207,9.937266185,8.683118605
18.451480135,9.932805910,8.697617065
18.473420064,9.928506048,8.711642088
18.495359993,9.924370429,8.725195465
18.517299922,9.920403324,8.738279940
18.539239851,9.916609310,8.750899264
18.561179780,9.912991747,8.763057820
18.583119708,9.909552946,8.774760704
18.605059637,9.906295413,8.786014193
18.626999566,9.903221818,8.796825833
18.648939495,9.900334911,8.807204518
18.670879424,9.897672088,8.817065095
18.692819352,9.895273588,8.826314609
18.714759281,9.893147159,8.834952453
18.736699210,9.891301451,8.842979701
18.758639139,9.889745891,8.850399340
18.780579068,9.888490488,8.857216484
18.802518997,9.887544399,8.863438018
18.824458925,9.886915552,8.869072627
18.846398854,9.886611871,8.874131630
18.868338783,9.886641080,8.878629219
18.890278712,9.887010390,8.882582661
18.912218641,9.887725958,8.886012350
18.934158569,9.888765061,8.888985084
18.956098498,9.889972456,8.891774156
18.978038427,9.891329123,8.894413420
18.999978356,9.892843318,8.896892750
19.021918285,9.894523640,8.899203427
19.043858214,9.896378898,8.901338208
19.065798142,9.898417961,8.903291399
19.087738071,9.900649664,8.905058976
19.109678000,9.903082643,8.906638661
19.131617929,9.905725155,8.908030002
19.153557858,9.908584946,8.909234499
19.175497786,9.911669528,8.910256170
19.197437715,9.914985565,8.911101329
19.219377644,9.918234262,8.912056545
19.241317573,9.921103238,8.913383950
19.263257502,9.923580356,8.915053705
19.285197431,9.925657210,8.917035397
19.307137359,9.927329377,8.919298964
19.329077288,9.928595489,8.921814127
19.351017217,9.929456982,8.924550502
19.372957146,9.929917943,8.927477827
19.394897075,9.929985032,8.930566243
19.416837003,9.929667950,8.933787548
19.438776932,9.928978938,8.937114981
19.460716861,9.927932146,8.940522609
19.482656790,9.926500859,8.944007429
19.504596719,9.924435474,8.947677394
19.526536648,9.921684829,8.951530863
19.548476576,9.918243215,8.955545322
19.570416505,9.914108188,8.959698647
19.592356434,9.909280182,8.963969150
19.614296363,9.903762231,8.968335823
19.636236292,9.897559712,8.972778580
19.658176220,9.890680367,8.977279313
19.680116149,9.883133928,8.981821902
19.702056078,9.874931555,8.986391536
19.723996007,9.866085587,8.990974742
19.745935936,9.856609322,8.995559417
19.767875865,9.846557623,9.000123436
19.789815793,9.835976620,9.004650109
19.811755722,9.824867774,9.009136940
19.833695651,9.813233373,9.013582017
19.855635580,9.801076434,9.017984068
19.877575509,9.788400613,9.022342500
19.899515437,9.775210147,9.026657591
19.921455366,9.761509770,9.030930537
19.943395295,9.747304588,9.035163296
19.965335224,9.732600010,9.039358580
19.987275153,9.717401676,9.043519869
20.009215082,9.701715383,9.047651301
20.031155010,9.685580838,9.051751372
20.053094939,9.669205531,9.055789487
20.075034868,9.652624913,9.059763778
20.096974797,9.635840392,9.063678272
20.118914726,9.618853417,9.067537099
20.140854654,9.601665355,9.071343698
20.162794583,9.584277454,9.075100376
20.184734512,9.566691013,9.078809445
20.206674441,9.548907392,9.082473328
20.228614370,9.530928008,9.086094561
20.250554299,9.512754298,9.089675561
20.272494227,9.494387537,9.093217004
20.294434156,9.475828965,9.096718792
20.316374085,9.457114793,9.100176859
20.338314014,9.438280659,9.103586596
20.360253943,9.419327046,9.106947195
20.382193871,9.400254398,9.110257034
20.404133800,9.381063043,9.113512754
20.426073729,9.361753354,9.116710808
20.448013658,9.342325767,9.119847686
20.469953587,9.322780772,9.122919915
20.491893516,9.303118899,9.125923979
20.513833444,9.283340637,9.128855442
20.535773373,9.263446467,9.131709284
20.557713302,9.243436905,9.134480516
20.579653231,9.223325655,9.137163112
20.601593160,9.203191990,9.139744960
20.623533088,9.183049008,9.142218216
20.645473017,9.162896682,9.144576200
20.667412946,9.142735036,9.146812259
20.689352875,9.122564148,9.148919739
20.711292804,9.102384149,9.150891983
20.733232733,9.082195225,9.152722401
20.755172661,9.061997686,9.154405582
20.777112590,9.041791950,9.155937140
20.799052519,9.021578468,9.157312721
20.820992448,9.001357729,9.158527974
20.842932377,8.981130256,9.159578546
20.864872305,8.960948797,9.160457543
20.886812234,8.940866356,9.161159202
20.908752163,8.920883938,9.161680899
20.930692092,8.901002650,9.162020047
20.952632021,8.881223694,9.162174104
20.974571950,8.861548376,9.162140625
20.996511878,8.841978164,9.161918987
21.018451807,8.822514670,9.161510661
21.040391736,8.803159562,9.160917282
21.062331665,8.783914543,9.160140535
21.084271594,8.764781354,9.159182155
21.106211522,8.745761770,9.158044301
21.128151451,8.726864782,9.156731083
21.150091380,8.708135565,9.155246274
21.172031309,8.689584074,9.153594063
21.193971238,8.671213138,9.151778884
21.215911167,8.653025559,9.149805306
21.237851095,8.635024096,9.147678596
21.259791024,8.617211425,9.145405043
21.281730953,8.599590114,9.142991139
21.303670882,8.582162591,9.140443504
21.325610811,8.564931130,9.137768886
21.347550739,8.547897820,9.134974146
21.369490668,8.531064552,9.132066148
21.391430597,8.514432989,9.129051823
21.413370526,8.498022555,9.125938877
21.435310455,8.481853675,9.122735056
21.457250383,8.465929126,9.119447582
21.479190312,8.450251417,9.116083378
21.501130241,8.434822808,9.112648552
21.523070170,8.419645246,9.109149257
21.545010099,8.404720324,9.105591818
21.566950028,8.390049255,9.101982717
21.588889956,8.375632844,9.098328473
21.610829885,8.361471604,9.094634380
21.632769814,8.347565714,9.090904983
21.654709743,8.333914925,9.087144938
21.676649672,8.320542775,9.083362180
21.698589600,8.307595959,9.079581216
21.720529529,8.295103138,9.075811436
21.742469458,8.283068565,9.072058098
21.764409387,8.271495816,9.068326755
21.786349316,8.260387655,9.064623528
21.808289245,8.249745938,9.060955069
21.830229173,8.239571519,9.057328466
21.852169102,8.229864358,9.053750244
21.874109031,8.220623447,9.050226454
21.896048960,8.211846550,9.046763454
21.917988889,8.203530098,9.043367860
21.939928817,8.195669091,9.040046457
21.961868746,8.188271302,9.036810025
21.983808675,8.181354463,9.033672495
22.005748604,8.174926434,9.030646032
22.027688533,8.168993674,9.027743561
22.049628462,8.163561077,9.024978685
22.071568390,8.158631790,9.022365598
22.093508319,8.154207056,9.019918904
22.115448248,8.150286039,9.017653467
22.137388177,8.146865616,9.015584311
22.159328106,8.143940199,9.013726428
22.181268034,8.141501560,9.012094546
22.203207963,8.139538650,9.010702933
22.225147892,8.137989364,9.009539210
22.247087821,8.136559767,9.008457654
22.269027750,8.135210803,9.007440845
22.290967679,8.133951729,9.006497861
22.312907607,8.132790950,9.005638248
22.334847536,8.131735751,9.004872225
22.356787465,8.130792092,9.004210747
22.378727394,8.129964799,9.003664995
22.400667323,8.129257525,9.003246247
22.422607251,8.128672692,9.002965769
22.444547180,8.128211404,9.002834756
22.466487109,8.127873106,9.002864506
22.488427038,8.127655677,9.003066075
22.510366967,8.127360639,9.003257209
22.532306896,8.126798818,9.003242098
22.554246824,8.125981833,9.003012461
22.576186753,8.124922204,9.002561920
22.598126682,8.123633074,9.001886018
22.620066611,8.122128141,9.000982058
22.642006540,8.120421508,8.999849037
22.663946468,8.118527529,8.998487574
22.685886397,8.116460687,8.996899841
22.707826326,8.114235574,8.995089414
22.729766255,8.111866748,8.993061239
22.751706184,8.109368569,8.990821608
22.773646113,8.106735845,8.988345801
22.795586041,8.103866131,8.985440170
22.817525970,8.100752765,8.982060724
22.839465899,8.097409392,8.978197125
22.861405828,8.093850249,8.973841486
22.883345757,8.090089868,8.968988278
22.905285685,8.086142880,8.963634180
22.927225614,8.082023854,8.957777921
22.949165543,8.077747542,8.951419954
22.971105472,8.073328703,8.944562348
22.993045401,8.068781653,8.937208794
23.014985330,8.064120165,8.929364446
23.036925258,8.059357391,8.921035770
23.058865187,8.054519587,8.912269283
23.080805116,8.049629291,8.903103981
23.102745045,8.044693569,8.893536790
23.124684974,8.039719413,8.883565721
23.146624902,8.034713675,8.873189798
23.168564831,8.029683025,8.862408986
23.190504760,8.024634275,8.851224018
23.212444689,8.019574397,8.839636332
23.234384618,8.014510074,8.827648119
23.256324547,8.009447644,8.815262262
23.278264475,8.004393070,8.802482266
23.300204404,7.999352007,8.789312167
23.322144333,7.994332261,8.775766325
23.344084262,7.989351469,8.761907341
23.366024191,7.984415958,8.747745798
23.387964119,7.979529743,8.733282572
23.409904048,7.974696653,8.718518932
23.431843977,7.969920462,8.703456477
23.453783906,7.965204957,8.688097098
23.475723835,7.960553729,8.672442980
23.497663764,7.955970141,8.656496573
23.519603692,7.951457326,8.640260561
23.541543621,7.947018172,8.623737831
23.563483550,7.942655267,8.606931447
23.585423479,7.938370931,8.589844619
23.607363408,7.934171762,8.572515672
23.629303336,7.930064490,8.554981615
23.651243265,7.926051356,8.537243846
23.673183194,7.922134281,8.519303883
23.695123123,7.918314634,8.501163366
23.717063052,7.914593612,8.482823998
23.739002981,7.910972292,8.464287526
23.760942909,7.907451629,8.445555726
23.782882838,7.904032401,8.426630402
23.804822767,7.900714548,8.407513422
23.826762696,7.897497435,8.388206683
23.848702625,7.894380297,8.368712052
23.870642553,7.891362967,8.349040010
23.892582482,7.888449200,8.329243906
23.914522411,7.885639453,8.309333376
23.936462340,7.882932427,8.289309428
23.958402269,7.880326590,8.269173053
23.980342198,7.877820370,8.248925202
24.002282126,7.875412149,8.228566791
24.024222055,7.873100224,8.208098700
24.046161984,7.870881987,8.187521823
24.068101913,7.868754045,8.166837052
24.090041842,7.866712941,8.146045233
24.111981770,7.864755175,8.125147160
24.133921699,7.862877211,8.104143579
24.155861628,7.861076978,8.083061619
24.177801557,7.859352214,8.061928250
24.199741486,7.857699055,8.040743928
24.221681414,7.856113629,8.019509081
24.243621343,7.854592054,7.998224113
24.265561272,7.853130423,7.976889401
24.287501201,7.851724391,7.955505328
24.309441130,7.850369099,7.934072277
24.331381059,7.849059654,7.912590613
24.353320987,7.847791154,7.891060681
24.375260916,7.846558687,7.869482809
24.397200845,7.845357296,7.847857312
24.419140774,7.844181979,7.826187733
24.441080703,7.843028783,7.804493748
24.463020631,7.841893241,7.782778842
24.484960560,7.840770735,7.761043255
24.506900489,7.839656645,7.739287227
24.528840418,7.838546496,7.717510985
24.550780347,7.837436035,7.695714741
24.572720276,7.836321025,7.673898706
24.594660204,7.835197228,7.652063090
24.616600133,7.834060405,7.630208101
24.638540062,7.832906398,7.608333947
24.660479991,7.831731695,7.586440803
24.682419920,7.830533095,7.564528834
24.704359848,7.829307759,7.542604535
24.726299777,7.828053072,7.520674391
24.748239706,7.826766162,7.498738552
24.770179635,7.825444596,7.476797146
24.792119564,7.824086869,7.454850259
24.814059493,7.822691587,7.432897971
24.835999421,7.821257361,7.410940368
24.857939350,7.819782798,7.388977534
24.879879279,7.818266585,7.367009556
24.901819208,7.816708318,7.345036473
24.923759137,7.815108176,7.323058303
24.945699065,7.813466351,7.301075060
24.967638994,7.811783061,7.279087275
24.989578923,7.810058705,7.257098044
25.011518852,7.808293900,7.235107871
25.033458781,7.806490091,7.213116708
25.055398710,7.804648873,7.191124496
25.077338638,7.802771843,7.169131177
25.099278567,7.800860596,7.147136693
25.121218496,7.798916748,7.125140984
25.143158425,7.796942285,7.103143973
25.165098354,7.794939512,7.081145562
25.187038282,7.792910743,7.059145654
25.208978211,7.790858293,7.037144152
25.230918140,7.788784478,7.015140956
25.252858069,7.786691699,6.993137245
25.274797998,7.784582438,6.971134188
25.296737927,7.782459131,6.949131667
25.318677855,7.780324216,6.927129560
25.340617784,7.778180129,6.905127748
25.362557713,7.776029298,6.883126105
25.384497642,7.773873945,6.861124519
25.406437571,7.771716055,6.839122887
25.428377499,7.769557596,6.817121106
25.450317428,7.767400538,6.795119070
25.472257357,7.765246851,6.773116674
25.494197286,7.763098423,6.751113815
25.516137215,7.760956738,6.729111182
25.538077144,7.758823412,6.707113316
25.560017072,7.756699932,6.685120885
25.581957001,7.754587746,6.663133785
25.603896930,7.752488299,6.641151910
25.625836859,7.750402805,6.619175168
25.647776788,7.748332119,6.597203489
25.669716716,7.746277068,6.575236800
25.691656645,7.744238477,6.553275033
25.713596574,7.742217171,6.531318118
25.735536503,7.740213941,6.509365989
25.757476432,7.738229311,6.487418593
25.779416361,7.736263677,6.465475887
25.801356289,7.734317720,6.443542238
25.823296218,7.732392281,6.421621992
25.845236147,7.730487993,6.399715070
25.867176076,7.728605400,6.377821402
25.889116005,7.726744858,6.355940932
25.911055933,7.724906697,6.334073606
25.932995862,7.723091248,6.312219372
25.954935791,7.721298841,6.290378183
25.976875720,7.719529790,6.268549992
25.998815649,7.717784222,6.246734767
26.020755578,7.716062146,6.224932484
26.042695506,7.714363566,6.203143121
26.064635435,7.712688514,6.181367082
26.086575364,7.711037180,6.159606896
26.108515293,7.709409587,6.137862969
26.130455222,7.707805467,6.116135299
26.152395150,7.706224503,6.094423889
26.174335079,7.704666377,6.072728744
26.196275008,7.703130768,6.051049869
26.218214937,7.701617345,6.029387274
26.240154866,7.700125584,6.007740977
26.262094795,7.698654791,5.986111009
26.284034723,7.697204267,5.964497399
26.305974652,7.695773310,5.942900176
26.327914581,7.694361219,5.921319372
26.349854510,7.692967082,5.899751817
26.371794439,7.691589818,5.878194362
26.393734367,7.690228472,5.856647058
26.415674296,7.688882088,5.835109957
26.437614225,7.687549709,5.813583109
26.459554154,7.686230383,5.792066562
26.481494083,7.684923347,5.770560351
26.503434012,7.683628050,5.749064500
26.525373940,7.682343953,5.727579031
26.547313869,7.681070518,5.706103963
26.569253798,7.679807205,5.684639314
26.591193727,7.678553580,5.663185094
26.613133656,7.677309687,5.641738986
26.635073584,7.676075020,5.620287169
26.657013513,7.674849373,5.598827356
26.678953442,7.673632637,5.577359560
26.700893371,7.672424709,5.555883796
26.722833300,7.671225897,5.534400059
26.744773229,7.670037140,5.512908321
26.766713157,7.668859435,5.491408554
26.788653086,7.667693777,5.469900731
26.810593015,7.666541161,5.448384829
26.832532944,7.665402651,5.426860823
26.854472873,7.664279853,5.405328669
26.876412801,7.663174635,5.383788317
26.898352730,7.662088207,5.362226125
26.920292659,7.661021303,5.340628483
26.942232588,7.659975067,5.318995392
26.964172517,7.658950731,5.297326847
26.986112445,7.657949704,5.275622836
27.008052374,7.656973415,5.253883346
27.029992303,7.656023289,5.232108359
27.051932232,7.655100744,5.210297853
27.073872161,7.654207179,5.188451804
27.095812090,7.653343790,5.166570187
27.117752018,7.652511644,5.144652976
27.139691947,7.651711798,5.122700136
27.161631876,7.650945260,5.100710518
27.183571805,7.650212708,5.078677426
27.205511734,7.649514733,5.056599705
27.227451662,7.648851477,5.034477309
27.249391591,7.648222989,5.012310183
27.271331520,7.647629309,4.990098254
27.293271449,7.647070471,4.967841437
27.315211378,7.646546481,4.945539629
27.337151307,7.646056983,4.923192724
27.359091235,7.645601308,4.900800612
27.381031164,7.645178767,4.878363168
27.402971093,7.644788665,4.855880249
27.424911022,7.644430299,4.833351694
27.446850951,7.644102168,4.810763215
27.468790879,7.643802001,4.788100514
27.490730808,7.643527916,4.765363385
27.512670737,7.643278005,4.742551598
27.534610666,7.643050341,4.719664892
27.556550595,7.642842976,4.696702982
27.578490524,7.642654022,4.673665549
27.600430452,7.642481662,4.650552244
27.622370381,7.642324062,4.627362688
27.644310310,7.642179364,4.604096474
27.666250239,7.642045687,4.580753169
27.688190168,7.641921166,4.557332307
27.710130096,7.641803861,4.533828916
27.732070025,7.641690002,4.510215687
27.754009954,7.641576525,4.486487620
27.775949883,7.641460551,4.462644139
27.797889812,7.641339147,4.438684620
27.819829741,7.641209314,4.414608393
27.841769669,7.641067977,4.390414742
27.863709598,7.640912005,4.366102908
27.885649527,7.640738208,4.341672088
27.907589456,7.640543336,4.317121434
27.929529385,7.640324005,4.292450064
27.951469313,7.640076170,4.267657110
27.973409242,7.639795443,4.242741700
27.995349171,7.639474292,4.217673872
28.017289100,7.639103628,4.192423648
28.039229029,7.638676573,4.166990077
28.061168958,7.638185500,4.141372243
28.083108886,7.637621367,4.115569356
28.105048815,7.636974830,4.089580660
28.126988744,7.636236409,4.063405431
28.148928673,7.635396480,4.037042989
28.170868602,7.634445148,4.010492727
28.192808530,7.633370804,3.983754336
28.214748459,7.632160689,3.956827777
28.236688388,7.630801904,3.929713184
28.258628317,7.629274277,3.902366943
28.280568246,7.627515611,3.874525890
28.302508175,7.625488655,3.846146786
28.324448103,7.623159841,3.817231031
28.346388032,7.620494185,3.787780700
28.368327961,7.617455603,3.757798670
28.390267890,7.614006935,3.727288807
28.412207819,7.610109956,3.696256167
28.434147747,7.605724766,3.664707361
28.456087676,7.600809972,3.632650787
28.478027605,7.595323379,3.600096740
28.499967534,7.589222130,3.567057640
28.521907463,7.582462856,3.533548267
28.543847392,7.574974734,3.499498813
28.565787320,7.566676885,3.464838959
28.587727249,7.557508995,3.429586540
28.609667178,7.547408736,3.393762370
28.631607107,7.536311938,3.357390806
28.653547036,7.524152875,3.320500332
28.675486964,7.510865511,3.283123785
28.697426893,7.496384042,3.245298832
28.719366822,7.480642336,3.207068963
28.741306751,7.463574514,3.168484122
28.763246680,7.445115691,3.129601271
28.785186609,7.425203240,3.090484692
28.807126537,7.403816591,3.051267459
28.829066466,7.381137995,3.012380177
28.851006395,7.357185372,2.973916120
28.872946324,7.331940391,2.935907406
28.894886253,7.305384390,2.898389530
28.916826181,7.277499897,2.861400659
28.938766110,7.248271532,2.824981153
28.960706039,7.217684556,2.789174980
28.982645968,7.185725149,2.754030031
29.004585897,7.152380917,2.719598304
29.026525826,7.117641652,2.685935827
29.048465754,7.081501307,2.653101197
29.070405683,7.043957603,2.621156304
29.092345612,7.005359027,2.590441598
29.114285541,6.966093825,2.561243197
29.136225470,6.926218401,2.533542918
29.158165398,6.885784952,2.507320337
29.180105327,6.844842005,2.482552584
29.202045256,6.803433740,2.459215935
29.223985185,6.761600105,2.437286430
29.245925114,6.719377068,2.416740287
29.267865043,6.676796892,2.397554231
29.289804971,6.633888552,2.379705464
29.311744900,6.590677886,2.363172056
29.333684829,6.547187725,2.347933423
29.355624758,6.503505751,2.333994297
29.377564687,6.460069849,2.321461019
29.399504615,6.416997417,2.310292093
29.421444544,6.374332381,2.300419922
29.443384473,6.332111816,2.291776659
29.465324402,6.290366521,2.284294719
29.487264331,6.249121576,2.277907327
29.509204260,6.208396890,2.272549055
29.531144188,6.168207550,2.268157666
29.553084117,6.128564556,2.264674186
29.575024046,6.089475621,2.262041784
29.596963975,6.050945654,2.260205840
29.618903904,6.012977196,2.259114000
29.640843832,5.975339203,2.258705346
29.662783761,5.937804669,2.258948032
29.684723690,5.900380441,2.259835143
29.706663619,5.863073066,2.261359925
29.728603548,5.825888804,2.263515790
29.750543477,5.788833660,2.266296383
29.772483405,5.751913468,2.269696965
29.794423334,5.715134054,2.273714637
29.816363263,5.678501270,2.278346783
29.838303192,5.642021011,2.283590975
29.860243121,5.605699228,2.289444971
29.882183049,5.569541973,2.295906879
29.904122978,5.533499681,2.302984884
29.926062907,5.497245302,2.310745855
29.948002836,5.460734713,2.319233330
29.969942765,5.423981744,2.328484291
29.991882693,5.387002372,2.338536556
30.013822622,5.349814924,2.349428455
30.035762551,5.312440265,2.361198567
30.057702480,5.274902113,2.373885816
30.079642409,5.237227286,2.387529271
30.101582338,5.199445951,2.402167863
30.123522266,5.161591797,2.417839920
30.145462195,5.123701821,2.434581810
30.167402124,5.085816615,2.452428173
30.189342053,5.048116603,2.471347882
30.211281982,5.010764674,2.491295863
30.233221910,4.973779756,2.512285402
30.255161839,4.937182899,2.534329988
30.277101768,4.900996976,2.557442511
30.299041697,4.865247345,2.581636191
30.320981626,4.829962090,2.606924499
30.342921555,4.795172176,2.633320880
30.364861483,4.760911540,2.660838382
30.386801412,4.727216672,2.689488621
30.408741341,4.694126824,2.719281753
30.430681270,4.661684433,2.750226572
30.452621199,4.629994986,2.782273276
30.474561127,4.599443102,2.815068608
30.496501056,4.570078955,2.848517038
30.518440985,4.541889303,2.882580768
30.540380914,4.514860448,2.917225121
30.562320843,4.488978628,2.952418460
30.584260772,4.464230319,2.988132012
30.606200700,4.440602498,3.024339697
30.628140629,4.418082856,3.061017932
30.650080558,4.396660001,3.098145447
30.672020487,4.376323670,3.135703127
30.693960416,4.357064883,3.173673823
30.715900344,4.338876095,3.212042174
30.737840273,4.321906832,3.250471359
30.759780202,4.306265637,3.288595541
30.781720131,4.291883383,3.326362880
30.803660060,4.278690071,3.363728833
30.825599989,4.266615699,3.400655544
30.847539917,4.255590976,3.437111181
30.869479846,4.245547984,3.473069271
30.891419775,4.236420642,3.508507999
30.913359704,4.228144961,3.543409503
30.935299633,4.220659272,3.577759226
30.957239561,4.213904379,3.611545310
30.979179490,4.207823678,3.644758049
31.001119419,4.202358798,3.677410458
31.023059348,4.197436223,3.709620828
31.044999277,4.193014320,3.741401690
31.066939206,4.189057218,3.772746009
31.088879134,4.185529787,3.803648207
31.110819063,4.182397973,3.834104010
31.132758992,4.179629013,3.864110266
31.154698921,4.177191126,3.893664704
31.176638850,4.175053504,3.922765760
31.198578778,4.173186342,3.951412420
31.220518707,4.171560937,3.979604081
31.242458636,4.170150345,4.007340473
31.264398565,4.168928984,4.034621469
31.286338494,4.167862506,4.061588131
31.308278423,4.166926952,4.088381996
31.330218351,4.166113190,4.115003693
31.352158280,4.165412686,4.141453921
31.374098209,4.164818014,4.167733443
31.396038138,4.164322012,4.193843016
31.417978067,4.163917663,4.219783364
31.439917995,4.163598092,4.245555176
31.461857924,4.163356636,4.271159095
31.483797853,4.163187605,4.296595737
31.505737782,4.163085985,4.321865650
31.527677711,4.163046903,4.346969296
31.549617640,4.163065602,4.371909361
31.571557568,4.163137656,4.396700165
31.593497497,4.163259511,4.421344574
31.615437426,4.163428350,4.445843084
31.637377355,4.163641557,4.470196117
31.659317284,4.163896613,4.494404017
31.681257212,4.164191087,4.518467061
31.703197141,4.164522643,4.542385454
31.725137070,4.164889063,4.566159336
31.747076999,4.165288238,4.589788781
31.769016928,4.165718151,4.613273808
31.790956857,4.166176874,4.636614377
31.812896785,4.166662565,4.659810397
31.834836714,4.167174732,4.682902874
31.856776643,4.167714360,4.705932913
31.878716572,4.168281906,4.728900530
31.900656501,4.168877844,4.751805722
31.922596429,4.169502660,4.774648473
31.944536358,4.170156838,4.797428753
31.966476287,4.170840209,4.820146544
31.988416216,4.171551852,4.842801848
32.010356145,4.172290818,4.865394666
32.032296074,4.173056175,4.887924998
32.054236002,4.173847006,4.910392846
32.076175931,4.174662210,4.932798219
32.098115860,4.175499818,4.955147021
32.120055789,4.176359281,4.977474410
32.141995718,4.177239735,4.999786256
32.163935646,4.178140133,5.022082581
32.185875575,4.179059420,5.044363406
32.207815504,4.179996013,5.066628777
32.229755433,4.180947503,5.088878777
32.251695362,4.181911411,5.111113494
32.273635291,4.182885261,5.133333022
32.295575219,4.183866577,5.155537456
32.317515148,4.184852824,5.177726898
32.339455077,4.185841011,5.199901474
32.361395006,4.186827926,5.222061318
32.383334935,4.187811205,5.244222655
32.405274863,4.188789180,5.266401681
32.427214792,4.189759677,5.288598500
32.449154721,4.190720563,5.310813220
32.471094650,4.191669783,5.333045953
32.493034579,4.192605296,5.355296819
32.514974508,4.193525063,5.377565946
32.536914436,4.194427045,5.399853469
32.558854365,4.195309250,5.422159534
32.580794294,4.196170195,5.444484270
32.602734223,4.197008726,5.466827804
32.624674152,4.197823697,5.489190268
32.646614080,4.198613910,5.511570815
32.668554009,4.199377805,5.533963637
32.690493938,4.200114236,5.556367881
32.712433867,4.200822976,5.578783645
32.734373796,4.201503951,5.601211027
32.756313724,4.202157089,5.623650128
32.778253653,4.202782320,5.646101054
32.800193582,4.203379613,5.668563913
32.822133511,4.203949662,5.691038780
32.844073440,4.204493784,5.713525696
32.866013369,4.205013319,5.736024704
32.887953297,4.205509608,5.758535844
32.909893226,4.205983990,5.781059158
32.931833155,4.206437547,5.803588024
32.953773084,4.206871850,5.826115752
32.975713013,4.207288971,5.848642281
32.997652941,4.207690983,5.871167542
33.019592870,4.208079959,5.893691457
33.041532799,4.208457980,5.916213940
33.063472728,4.208827462,5.938734878
33.085412657,4.209191199,5.961254122
33.107352586,4.209552010,5.983771513
33.129292514,4.209912710,6.006286883
33.151232443,4.210276116,6.028800054
33.173172372,4.210645068,6.051310837
33.195112301,4.211022334,6.073816152
33.217052230,4.211409404,6.096298519
33.238992158,4.211808373,6.118754792
33.260932087,4.212221516,6.141184683
33.282872016,4.212651105,6.163587898
33.304811945,4.213099289,6.185964145
33.326751874,4.213568013,6.208313142
33.348691803,4.214059212,6.230634601
33.370631731,4.214574821,6.252928236
33.392571660,4.215116777,6.275193754
33.414511589,4.215686958,6.297430869
33.436451518,4.216286720,6.319639332
33.458391447,4.216917179,6.341818916
33.480331375,4.217579293,6.363967531
33.502271304,4.218273951,6.386083095
33.524211233,4.219002158,6.408165395
33.546151162,4.219764594,6.430214249
33.568091091,4.220561247,6.452229534
33.590031020,4.221392024,6.474211142
33.611970948,4.222256834,6.496158970
33.633910877,4.223155592,6.518072927
33.655850806,4.224088161,6.539952935
33.677790735,4.225053780,6.561798970
33.699730664,4.226051282,6.583611048
33.721670592,4.227079500,6.605389197
33.743610521,4.228137444,6.627135666
33.765550450,4.229225195,6.648863791
33.787490379,4.230342078,6.670575846
33.809430308,4.231486744,6.692271927
33.831370237,4.232657756,6.713952144
33.853310165,4.233853675,6.735616605
33.875250094,4.235073063,6.757265423
33.897190023,4.236314475,6.778898713
33.919129952,4.237576286,6.800516604
33.941069881,4.238856720,6.822119237
33.963009809,4.240153995,6.843706757
33.984949738,4.241466331,6.865279305
34.006889667,4.242791947,6.886837026
34.028829596,4.244130022,6.908392199
34.050769525,4.245480177,6.929957081
34.072709454,4.246841303,6.951531780
34.094649382,4.248212289,6.973116396
34.116589311,4.249592023,6.994711029
34.138529240,4.250979397,7.016315773
34.160469169,4.252373312,7.037930718
34.182409098,4.253772684,7.059555950
34.204349026,4.255176432,7.081191551
34.226288955,4.256583471,7.102837603
34.248228884,4.257992720,7.124494181
34.270168813,4.259403067,7.146161362
34.292108742,4.260813312,7.167840419
34.314048671,4.262222712,7.189538563
34.335988599,4.263630269,7.211257053
34.357928528,4.265034912,7.232995960
34.379868457,4.266435572,7.254755351
34.401808386,4.267830927,7.276535309
34.423748315,4.269219266,7.298335942
34.445688243,4.270598847,7.320157357
34.467628172,4.271967930,7.341999662
34.489568101,4.273324776,7.363862968
34.511508030,4.274667573,7.385747389
34.533447959,4.275993918,7.407653080
34.555387888,4.277301127,7.429580216
34.577327816,4.278586010,7.451522034
34.599267745,4.279845102,7.473471784
34.621207674,4.281075313,7.495429671
34.643147603,4.282273294,7.517395918
34.665087532,4.283435153,7.539370786
34.687027460,4.284556930,7.561354543
34.708967389,4.285634665,7.583347460
34.730907318,4.286664400,7.605349812
34.752847247,4.287642156,7.627361881
34.774787176,4.288563714,7.649383968
34.796727105,4.289424704,7.671416390
34.818667033,4.290220752,7.693459467
34.840606962,4.290947156,7.715508794
34.862546891,4.291597148,7.737536283
34.884486820,4.292165018,7.759537482
34.906426749,4.292645522,7.781512643
34.928366677,4.293033453,7.803461991
34.950306606,4.293323605,7.825385733
34.972246535,4.293510775,7.847284048
34.994186464,4.293589792,7.869157088
35.016126393,4.293556009,7.891004941
35.038066322,4.293405239,7.912827640
35.060006250,4.293133310,7.934625183
35.081946179,4.292736051,7.956397538
35.103886108,4.292209296,7.978144639
35.125826037,4.291547469,7.999843020
35.147765966,4.290745256,8.021468883
35.169705894,4.289798900,8.043021578
35.191645823,4.288704667,8.064500376
35.213585752,4.287458843,8.085904460
35.235525681,4.286057766,8.107232926
35.257465610,4.284498747,8.128484729
35.279405539,4.282780212,8.149658677
35.301345467,4.280900676,8.170753496
35.323285396,4.278858677,8.191767833
35.345225325,4.276652781,8.212700261
35.367165254,4.274281858,8.233549260
35.389105183,4.271746002,8.254307005
35.411045111,4.269043783,8.274934477
35.432985040,4.266174848,8.295422880
35.454924969,4.263139207,8.315769447
35.476864898,4.259936965,8.335971317
35.498804827,4.256569137,8.356025511
35.520744755,4.253038112,8.375928935
35.542684684,4.249346477,8.395678446
35.564624613,4.245496913,8.415270865
35.586564542,4.241492196,8.434702992
35.608504471,4.237335344,8.453971611
35.630444400,4.233030610,8.473073489
35.652384328,4.228582889,8.492005411
35.674324257,4.223996300,8.510723624
35.696264186,4.219274335,8.529182902
35.718204115,4.214421216,8.547377905
35.740144044,4.209441752,8.565303354
35.762083972,4.204341728,8.582954069
35.784023901,4.199127272,8.600325020
35.805963830,4.193804774,8.617411357
35.827903759,4.188380886,8.634208452
35.849843688,4.182862545,8.650711930
35.871783617,4.177257186,8.666917725
35.893723545,4.171572660,8.682822114
35.915663474,4.165817079,8.698421765
35.937603403,4.159999642,8.713696646
35.959543332,4.154133980,8.728539390
35.981483261,4.148229982,8.742925419
36.003423189,4.142297158,8.756847594
36.025363118,4.136345615,8.770299415
36.047303047,4.130386082,8.783275126
36.069242976,4.124429897,8.795769814
36.091182905,4.118488967,8.807779516
36.113122834,4.112575361,8.819301281
36.135062762,4.106701329,8.830333269
36.157002691,4.100879603,8.840874899
36.178942620,4.095123352,8.850926965
36.200882549,4.089446122,8.860491751
36.222822478,4.083868941,8.869530660
36.244762406,4.078414901,8.877997522
36.266702335,4.073101560,8.885885571
36.288642264,4.067947346,8.893189684
36.310582193,4.062971495,8.899906585
36.332522122,4.058193936,8.906035051
36.354462051,4.053634479,8.911575938
36.376401979,4.049312583,8.916532317
36.398341908,4.045248007,8.920909864
36.420281837,4.041460672,8.924717096
36.442221766,4.037970450,8.927965574
36.464161695,4.034796652,8.930670019
36.486101623,4.031941462,8.932887810
36.508041552,4.029328854,8.934869475
36.529981481,4.026956120,8.936654828
36.551921410,4.024835603,8.938244257
36.573861339,4.022979618,8.939639545
36.595801268,4.021399378,8.940843472
36.617741196,4.020104380,8.941859508
36.639681125,4.019103757,8.942692504
36.661621054,4.018406286,8.943348826
36.683560983,4.018020248,8.943836424
36.705500912,4.017953055,8.944164753
36.727440840,4.018209553,8.944343774
36.749380769,4.018792887,8.944384439
36.771320698,4.019544336,8.944523323
36.793260627,4.020293211,8.944985873
36.815200556,4.021024915,8.945766363
36.837140485,4.021725393,8.946857137
36.859080413,4.022380443,8.948248034
36.881020342,4.022977104,8.949927517
36.902960271,4.023503851,8.951882982
36.924900200,4.023950579,8.954100895
36.946840129,4.024308528,8.956566863
36.968780057,4.024569597,8.959265052
36.990719986,4.024726647,8.962178511
37.012659915,4.024773963,8.965289748
37.034599844,4.024686620,8.968598199
37.056539773,4.024332366,8.972190560
37.078479702,4.023675042,8.976067163
37.100419630,4.022700650,8.980209915
37.122359559,4.021397295,8.984599676
37.144299488,4.019755115,8.989216419
37.166239417,4.017766233,8.994039407
37.188179346,4.015424723,8.999047395
37.210119274,4.012727103,9.004219709
37.232059203,4.009672098,9.009536292
37.253999132,4.006260015,9.014977007
37.275939061,4.002492640,9.020521714
37.297878990,3.998373167,9.026150345
37.319818919,3.993906072,9.031843672
37.341758847,3.989091740,9.037587990
37.363698776,3.983929025,9.043371499
37.385638705,3.978417802,9.049182297
37.407578634,3.972558931,9.055008442
37.429518563,3.966354223,9.060838059
37.451458491,3.959806960,9.066660818
37.473398420,3.952921835,9.072468250
37.495338349,3.945704188,9.078252201
37.517278278,3.938159924,9.084004770
37.539218207,3.930295474,9.089718322
37.561158136,3.922117832,9.095385772
37.583098064,3.913632805,9.101002415
37.605037993,3.904834028,9.106568192
37.626977922,3.895722207,9.112080995
37.648917851,3.886300248,9.117538287
37.670857780,3.876571427,9.122937700
37.692797708,3.866539394,9.128277171
37.714737637,3.856208158,9.133555027
37.736677566,3.845582008,9.138769824
37.758617495,3.834665489,9.143920339
37.780557424,3.823463373,9.149005580
37.802497353,3.811980622,9.154024680
37.824437281,3.800222239,9.158976146
37.846377210,3.788193363,9.163858307
37.868317139,3.775963956,9.168659446
37.890257068,3.763601503,9.173368947
37.912196997,3.751107602,9.177986985
37.934136925,3.738483797,9.182513070
37.956076854,3.725731526,9.186945277
37.978016783,3.712852317,9.191281523
37.999956712,3.699847811,9.195519756
38.021896641,3.686719759,9.199657953
38.043836570,3.673470004,9.203694007
38.065776498,3.660100417,9.207624495
38.087716427,3.646612971,9.211445151
38.109656356,3.633009822,9.215151733
38.131596285,3.619298841,9.218739834
38.153536214,3.605515403,9.222204115
38.175476142,3.591666775,9.225540004
38.197416071,3.577754775,9.228742090
38.219356000,3.563781399,9.231804791
38.241295929,3.549748824,9.234722545
38.263235858,3.535659411,9.237489820
38.285175786,3.521515697,9.240101098
38.307115715,3.507320413,9.242550624
38.329055644,3.493076490,9.244832452
38.350995573,3.478787054,9.246940667
38.372935502,3.464455428,9.248869405
38.394875431,3.450085128,9.250612853
38.416815359,3.435714293,9.252168117
38.438755288,3.421381149,9.253532854
38.460695217,3.407089583,9.254702167
38.482635146,3.392843605,9.255671227
38.504575075,3.378647356,9.256435274
38.526515003,3.364505102,9.256989648
38.548454932,3.350421128,9.257330495
38.570394861,3.336399688,9.257454878
38.592334790,3.322445096,9.257359982
38.614274719,3.308561729,9.257043070
38.636214648,3.294754027,9.256501484
38.658154576,3.281026438,9.255732921
38.680094505,3.267397290,9.254739605
38.702034434,3.253956360,9.253539381
38.723974363,3.240723861,9.252136171
38.745914292,3.227705826,9.250531218
38.767854220,3.214908140,9.248725989
38.789794149,3.202336266,9.246723095
38.811734078,3.189995019,9.244526783
38.833674007,3.177888844,9.242141582
38.855613936,3.166021820,9.239572159
38.877553865,3.154397624,9.236823302
38.899493793,3.143019449,9.233900074
38.921433722,3.131889535,9.230808973
38.943373651,3.121009310,9.227557168
38.965313580,3.110407601,9.224162326
38.987253509,3.100117894,9.220644756
39.009193437,3.090147541,9.217015804
39.031133366,3.080502888,9.213287490
39.053073295,3.071188973,9.209472887
39.075013224,3.062209725,9.205585316
39.096953153,3.053567935,9.201638173
39.118893082,3.045265170,9.197644854
39.140833010,3.037301695,9.193618679
39.162772939,3.029676329,9.189572917
39.184712868,3.022386386,9.185520627
39.206652797,3.015427657,9.181474445
39.228592726,3.008776324,9.177435223
39.250532654,3.002322133,9.173348311
39.272472583,2.996052020,9.169216801
39.294412512,2.989970815,9.165054585
39.316352441,2.984082338,9.160875388
39.338292370,2.978389301,9.156692794
39.360232299,2.972893280,9.152520171
39.382172227,2.967594714,9.148370548
39.404112156,2.962493509,9.144255805
39.426052085,2.957588995,9.140186751
39.447992014,2.952879393,9.136173692
39.469931943,2.948361782,9.132226356
39.491871871,2.944032086,9.128353780
39.513811800,2.939754603,9.124427320
39.535751729,2.935401442,9.120311963
39.557691658,2.930979685,9.116007266
39.579631587,2.926496746,9.111513639
39.601571516,2.921960292,9.106832323
39.623511444,2.917378193,9.101965348
39.645451373,2.912759219,9.096914939
39.667391302,2.908113161,9.091683480
39.689331231,2.903449940,9.086274167
39.711271160,2.898779500,9.080691015
39.733211088,2.894111750,9.074938824
39.755151017,2.889456669,9.069023055
39.777090946,2.884808059,9.062920180
39.799030875,2.880075234,9.056455526
39.820970804,2.875252267,9.049593139
39.842910733,2.870350666,9.042327564
39.864850661,2.865382314,9.034655179
39.886790590,2.860359495,9.026574021
39.908730519,2.855294864,9.018083639
39.930670448,2.850201069,9.009185128
39.952610377,2.845090622,8.999881018
39.974550305,2.839975808,8.990175163
39.996490234,2.834868574,8.980072637
40.018430163,2.829780240,8.969579698
40.040370092,2.824721576,8.958703618
40.062310021,2.819706634,8.947463485
40.084249950,2.814746578,8.935872181
40.106189878,2.809847449,8.923929008
40.128129807,2.805014839,8.911634221
40.150069736,2.800253462,8.898989055
40.172009665,2.795567723,8.885995446
40.193949594,2.790961776,8.872655951
40.215889522,2.786439488,8.858973679
40.237829451,2.782004348,8.844952253
40.259769380,2.777658669,8.830595922
40.281709309,2.773403871,8.815909397
40.303649238,2.769240998,8.800897672
40.325589167,2.765174974,8.785586919
40.347529095,2.761231684,8.770106763
40.369469024,2.757415383,8.754479972
40.391408953,2.753725139,8.738708445
40.413348882,2.750159804,8.722794162
40.435288811,2.746718168,8.706739150
40.457228739,2.743398962,8.690545478
40.479168668,2.740200827,8.674215253
40.501108597,2.737121890,8.657750680
40.523048526,2.734159819,8.641154028
40.544988455,2.731312205,8.624427568
40.566928384,2.728576571,8.607573574
40.588868312,2.725950376,8.590594313
40.610808241,2.723425115,8.573439634
40.632748170,2.720991157,8.556058621
40.654688099,2.718644083,8.538452457
40.676628028,2.716379293,8.520622395
40.698567956,2.714192001,8.502569749
40.720507885,2.712077244,8.484295890
40.742447814,2.710030025,8.465802218
40.764387743,2.708045342,8.447090166
40.786327672,2.706118016,8.428161201
40.808267601,2.704242686,8.409016821
40.830207529,2.702413804,8.389658547
40.852147458,2.700625732,8.370087916
40.874087387,2.698873928,8.350320606
40.896027316,2.697158525,8.330442589
40.917967245,2.695477246,8.310468350
40.939907173,2.693827131,8.290398181
40.961847102,2.692205191,8.270232388
40.983787031,2.690608795,8.249971279
41.005726960,2.689035889,8.229615159
41.027666889,2.687484439,8.209164354
41.049606818,2.685952371,8.188619211
41.071546746,2.684437578,8.167980098
41.093486675,2.682938003,8.147247400
41.115426604,2.681452232,8.126421504
41.137366533,2.679979138,8.105502811
41.159306462,2.678518311,8.084515237
41.181246390,2.677070153,8.063482511
41.203186319,2.675634736,8.042404778
41.225126248,2.674212375,8.021282187
41.247066177,2.672803912,8.000114892
41.269006106,2.671410244,7.978903056
41.290946034,2.670032265,7.957646858
41.312885963,2.668670856,7.936346482
41.334825892,2.667326913,7.915002123
41.356765821,2.666001540,7.893613981
41.378705750,2.664695979,7.872182262
41.400645679,2.663411462,7.850707175
41.422585607,2.662149202,7.829188031
41.444525536,2.660910252,7.807619626
41.466465465,2.659695549,7.786001275
41.488405394,2.658505881,7.764333199
41.510345323,2.657342002,7.742615617
41.532285251,2.656204652,7.720848741
41.554225180,2.655094564,7.699032779
41.576165109,2.654012434,7.677167930
41.598105038,2.652958544,7.655254388
41.620044967,2.651932812,7.633292338
41.641984896,2.650935132,7.611281954
41.663924824,2.649965391,7.589223396
41.685864753,2.649023464,7.567116810
41.707804682,2.648109422,7.544982769
41.729744611,2.647223424,7.522841752
41.751684540,2.646365469,7.500693752
41.773624468,2.645535555,7.478538759
41.795564397,2.644733682,7.456376762
41.817504326,2.643959826,7.434207746
41.839444255,2.643213354,7.412031702
41.861384184,2.642492929,7.389848626
41.883324113,2.641797171,7.367658515
41.905264041,2.641124700,7.345461365
41.927203970,2.640474139,7.323257173
41.949143899,2.639843954,7.301045936
41.971083828,2.639231804,7.278830535
41.993023757,2.638635608,7.256628201
42.014963685,2.638053461,7.234441785
42.036903614,2.637483435,7.212271274
42.058843543,2.636923593,7.190116660
42.080783472,2.636371622,7.167977947
42.102723401,2.635824620,7.145855155
42.124663330,2.635279633,7.123748308
42.146603258,2.634733709,7.101657436
42.168543187,2.634183892,7.079582574
42.190483116,2.633627188,7.057523757
42.212423045,2.633060313,7.035481033
42.234362974,2.632479838,7.013454448
42.256302902,2.631882440,6.991447915
42.278242831,2.631264964,6.969465334
42.300182760,2.630624230,6.947506737
42.322122689,2.629957152,6.925572151
42.344062618,2.629260848,6.903661594
42.366002547,2.628532460,6.881775078
42.387942475,2.627769126,6.859912606
42.409882404,2.626967981,6.838074172
42.431822333,2.626126222,6.816259761
42.453762262,2.625241763,6.794469333
42.475702191,2.624312985,6.772702829
42.497642119,2.623338271,6.750960178
42.519582048,2.622315968,6.729239627
42.541521977,2.621244090,6.707531093
42.563461906,2.620121044,6.685832848
42.585401835,2.618946599,6.664144803
42.607341764,2.617720765,6.642466863
42.629281692,2.616443551,6.620798926
42.651221621,2.615114965,6.599140883
42.673161550,2.613735083,6.577492621
42.695101479,2.612305210,6.555854003
42.717041408,2.610827710,6.534224878
42.738981336,2.609304984,6.512605091
42.760921265,2.607739433,6.490994488
42.782861194,2.606133454,6.469392913
42.804801123,2.604489481,6.447785443
42.826741052,2.602810703,6.426157278
42.848680981,2.601100652,6.404508460
42.870620909,2.599362860,6.382839042
42.892560838,2.597600855,6.361149092
42.914500767,2.595818183,6.339438692
42.936440696,2.594018893,6.317707927
42.958380625,2.592207625,6.295956890
42.980320553,2.590389049,6.274185683
43.002260482,2.588567831,6.252394415
43.024200411,2.586748638,6.230583202
43.046140340,2.584936124,6.208752164
43.068080269,2.583134857,6.186898796
43.090020198,2.581348956,6.165007511
43.111960126,2.579582278,6.143075963
43.133900055,2.577838674,6.121104431
43.155839984,2.576121984,6.099093188
43.177779913,2.574435599,6.077042494
43.199719842,2.572782221,6.054952599
43.221659770,2.571164489,6.032823736
43.243599699,2.569585033,6.010656118
43.265539628,2.568046476,5.988449934
43.287479557,2.566551290,5.966205348
43.309419486,2.565100804,5.943922509
43.331359415,2.563695798,5.921601543
43.353299343,2.562337132,5.899246662
43.375239272,2.561025867,5.876862037
43.397179201,2.559763064,5.854447695
43.419119130,2.558549229,5.832003644
43.441059059,2.557383706,5.809529884
43.462998987,2.556265691,5.787026393
43.484938916,2.555194372,5.764493130
43.506878845,2.554168934,5.741930031
43.528818774,2.553188492,5.719337013
43.550758703,2.552251379,5.696713985
43.572698632,2.551355426,5.674060851
43.594638560,2.550498451,5.651377496
43.616578489,2.549678215,5.628662121
43.638518418,2.548892036,5.605904568
43.660458347,2.548137039,5.583103082
43.682398276,2.547410030,5.560257572
43.704338204,2.546707746,5.537367931
43.726278133,2.546026914,5.514434039
43.748218062,2.545364249,5.491455761
43.770157991,2.544716468,5.468432946
43.792097920,2.544080484,5.445365427
43.814037849,2.543453377,5.422253016
43.835977777,2.542832220,5.399095515
43.857917706,2.542214077,5.375892713
43.879857635,2.541595999,5.352644388
43.901797564,2.540973820,5.329326292
43.923737493,2.540342746,5.305914232
43.945677421,2.539698841,5.282408040
43.967617350,2.539038126,5.258807508
43.989557279,2.538356571,5.235112391
44.011497208,2.537650117,5.211322408
44.033437137,2.536915305,5.187437202
44.055377065,2.536149373,5.163456325
44.077316994,2.535349549,5.139379277
44.099256923,2.534513004,5.115205507
44.121196852,2.533636858,5.090934414
44.143136781,2.532718315,5.066565335
44.165076710,2.531755722,5.042101813
44.187016638,2.530750248,5.017569073
44.208956567,2.529702033,4.992970822
44.230896496,2.528610852,4.968306380
44.252836425,2.527476447,4.943574992
44.274776354,2.526298669,4.918775815
44.296716282,2.525077564,4.893907901
44.318656211,2.523813149,4.868970215
44.340596140,2.522505399,4.843961639
44.362536069,2.521154236,4.818880964
44.384475998,2.519759467,4.793726904
44.406415927,2.518320340,4.768498153
44.428355855,2.516835804,4.743193362
44.450295784,2.515306685,4.717823280
44.472235713,2.513734600,4.692398681
44.494175642,2.512119604,4.666918150
44.516115571,2.510461098,4.641380305
44.538055499,2.508757159,4.615783930
44.559995428,2.507005663,4.590127809
44.581935357,2.505204447,4.564410712
44.603875286,2.503351306,4.538631386
44.625815215,2.501443853,4.512788589
44.647755144,2.499478059,4.486881383
44.669695072,2.497448827,4.460909068
44.691635001,2.495351011,4.434871000
44.713574930,2.493171997,4.408733239
44.735514859,2.490856524,4.382294967
44.757454788,2.488377180,4.355522051
44.779394716,2.485711074,4.328414156
44.801334645,2.482834399,4.300971194
44.823274574,2.479722744,4.273193334
44.845214503,2.476351090,4.245081087
44.867154432,2.472693784,4.216635410
44.889094361,2.468723829,4.187858004
44.911034289,2.464413020,4.158751424
44.932974218,2.459732619,4.129319022
44.954914147,2.454653419,4.099565050
44.976854076,2.449145796,4.069494779
44.998794005,2.443167854,4.039081353
45.020733933,2.436673793,4.008298653
45.042673862,2.429627124,3.977154710
45.064613791,2.421990429,3.945658806
45.086553720,2.413725416,3.913821673
45.108493649,2.404793020,3.881655700
45.130433578,2.395154136,3.849174870
45.152373506,2.384769818,3.816394882
45.174313435,2.373600713,3.783333657
45.196253364,2.361607196,3.750011575
45.218193293,2.348749587,3.716451687
45.240133222,2.334988615,3.682679805
45.262073150,2.320294076,3.648736741
45.284013079,2.304675445,3.614724749
45.305953008,2.288107577,3.580678275
45.327892937,2.270557411,3.546620918
45.349832866,2.251991326,3.512578787
45.371772795,2.232375783,3.478580400
45.393712723,2.211677768,3.444656679
45.415652652,2.189864361,3.410841610
45.437592581,2.166902986,3.377172509
45.459532510,2.142761763,3.343690237
45.481472439,2.117409939,3.310439367
45.503412367,2.090818474,3.277468221
45.525352296,2.062960451,3.244829037
45.547292225,2.034033097,3.212781012
45.569232154,2.004261609,3.181553448
45.591172083,1.973661954,3.151156927
45.613112012,1.942248814,3.121602540
45.635051940,1.910035558,3.092902213
45.656991869,1.877034583,3.065068590
45.678931798,1.843257445,3.038115111
45.700871727,1.808714974,3.012056130
45.722811656,1.773417369,2.986907051
45.744751584,1.737374162,2.962684729
45.766691513,1.700594455,2.939407470
45.788631442,1.663087210,2.917094910
45.810571371,1.624953236,2.895811519
45.832511300,1.586773496,2.875815786
45.854451229,1.548699157,2.857109911
45.876391157,1.510786184,2.839647547
45.898331086,1.473084918,2.823380812
45.920271015,1.435640402,2.808260987
45.942210944,1.398492778,2.794239088
45.964150873,1.361677738,2.781266294
45.986090801,1.325227205,2.769293464
46.008030730,1.289169665,2.758271550
46.029970659,1.253530353,2.748152623
46.051910588,1.218331676,2.738890089
46.073850517,1.183593625,2.730438825
46.095790446,1.149250910,2.722739542
46.117730374,1.115239784,2.715740746
46.139670303,1.081579382,2.709410123
46.161610232,1.048286804,2.703715434
46.183550161,1.015377254,2.698624652
46.205490090,0.982864200,2.694106045
46.227430018,0.950759652,2.690127031
46.249369947,0.919074262,2.686654064
46.271309876,0.887817276,2.683654101
46.293249805,0.856996684,2.681094742
46.315189734,0.826619375,2.678944284
46.337129663,0.796691299,2.677171556
46.359069591,0.767194298,2.675743990
46.381009520,0.737992616,2.674627547
46.402949449,0.709066351,2.673799368
46.424889378,0.680418318,2.673238274
46.446829307,0.652050768,2.672923328
46.468769235,0.623965445,2.672833939
46.490709164,0.596163639,2.672949926
46.512649093,0.568646245,2.673251398
46.534589022,0.541413814,2.673718744
46.556528951,0.514466605,2.674332641
46.578468880,0.487804628,2.675074216
46.600408808,0.461427730,2.675926160
46.622348737,0.435335647,2.676872060
46.644288666,0.409402264,2.677901038
46.666228595,0.383501454,2.679008908
46.688168524,0.357632817,2.680189519
46.710108452,0.331795899,2.681437651
46.732048381,0.305990277,2.682750014
46.753988310,0.280215499,2.684123572
46.775928239,0.254471085,2.685555300
46.797868168,0.228756521,2.687042183
46.819808096,0.203071272,2.688581374
46.841748025,0.177414912,2.690171848
46.863687954,0.151787108,2.691813761
46.885627883,0.126187554,2.693507294
46.907567812,0.100598050,2.695254256
46.929507741,0.074910954,2.697066622
46.951447669,0.049108500,2.698952020
46.973387598,0.023191039,2.700918335
46.995327527,-0.002840997,2.702973793
47.017267456,-0.028987107,2.705126671
47.039207385,-0.055246720,2.707385301
47.061147313,-0.081619173,2.709758101
47.083087242,-0.108103630,2.712254199
47.105027171,-0.134699066,2.714883339
47.126967100,-0.161404313,2.717655327
47.148907029,-0.188218056,2.720580005
47.170846958,-0.215138822,2.723667254
47.192786886,-0.242305365,2.726949882
47.214726815,-0.269855276,2.730469068
47.236666744,-0.297784935,2.734247682
47.258606673,-0.326090320,2.738309147
47.280546602,-0.354766921,2.742677419
47.302486530,-0.383809661,2.747376954
47.324426459,-0.413212886,2.752432297
47.346366388,-0.442970304,2.757867983
47.368306317,-0.473074815,2.763708954
47.390246246,-0.503518419,2.769980538
47.412186175,-0.534292115,2.776708400
47.434126103,-0.565385852,2.783918311
47.456066032,-0.596826754,2.791645718
47.478005961,-0.628830674,2.799985431
47.499945890,-0.661420582,2.808992735
47.521885819,-0.694579599,2.818715052
47.543825747,-0.728288786,2.829201476
47.565765676,-0.762526914,2.840502123
47.587705605,-0.797270178,2.852667684
47.609645534,-0.832491546,2.865749934
47.631585463,-0.868160294,2.879801502
47.653525392,-0.904241563,2.894875507
47.675465320,-0.940695954,2.911025051
47.697405249,-0.977479332,2.928302292
47.719345178,-1.014542389,2.946758101
47.741285107,-1.051672199,2.966355550
47.763225036,-1.088676054,2.987044543
47.785164964,-1.125528534,3.008855800
47.807104893,-1.162200886,3.031820919
47.829044822,-1.198660717,3.055972141
47.850984751,-1.234871726,3.081342007
47.872924680,-1.270793396,3.107962981
47.894864609,-1.306380714,3.135867012
47.916804537,-1.341583866,3.165085052
47.938744466,-1.376347736,3.195646765
47.960684395,-1.410611767,3.227579700
47.982624324,-1.444310004,3.260908319
48.004564253,-1.477286238,3.295564726
48.026504181,-1.508989142,3.331009888
48.048444110,-1.539343117,3.367109174
48.070384039,-1.568361977,3.403817698
48.092323968,-1.596060239,3.441094295
48.114263897,-1.622452770,3.478901274
48.136203826,-1.647554398,3.517204213
48.158143754,-1.671379592,3.555971742
48.180083683,-1.693942222,3.595175277
48.202023612,-1.715255309,3.634788801
48.223963541,-1.735330757,3.674788673
48.245903470,-1.754179165,3.715153391
48.267843398,-1.771809666,3.755863370
48.289783327,-1.788084204,3.796563813
48.311723256,-1.802904428,3.836869128
48.333663185,-1.816339343,3.876721165
48.355603114,-1.828459095,3.916069733
48.377543043,-1.839334037,3.954871982
48.399482971,-1.849033994,3.993091721
48.421422900,-1.857628731,4.030698381
48.443362829,-1.865187667,4.067666358
48.465302758,-1.871778246,4.103974735
48.487242687,-1.877465576,4.139606606
48.509182615,-1.882312231,4.174548422
48.531122544,-1.886378474,4.208789301
48.553062473,-1.889732624,4.242367604
48.575002402,-1.892475247,4.275558996
48.596942331,-1.894645928,4.308401330
48.618882260,-1.896274045,4.340886397
48.640822188,-1.897388697,4.373007412
48.662762117,-1.898019423,4.404758800
48.684702046,-1.898196590,4.436136083
48.706641975,-1.897950211,4.467135952
48.728581904,-1.897309789,4.497756166
48.750521832,-1.896304290,4.527995438
48.772461761,-1.894962160,4.557853319
48.794401690,-1.893311642,4.587330077
48.816341619,-1.891380567,4.616426615
48.838281548,-1.889198248,4.645200974
48.860221477,-1.886789454,4.673710986
48.882161405,-1.884174561,4.701958026
48.904101334,-1.881373366,4.729943913
48.926041263,-1.878404728,4.757670855
48.947981192,-1.875287152,4.785141373
48.969921121,-1.872038871,4.812358260
48.991861049,-1.868677849,4.839324537
49.013800978,-1.865221676,4.866043411
49.035740907,-1.861686406,4.892518212
49.057680836,-1.858087019,4.918752333
49.079620765,-1.854438228,4.944749195
49.101560694,-1.850753822,4.970529208
49.123500622,-1.847041687,4.996197229
49.145440551,-1.843308902,5.021772442
49.167380480,-1.839561331,5.047256969
49.189320409,-1.835804500,5.072652939
49.211260338,-1.832043892,5.097962492
49.233200266,-1.828284946,5.123187782
49.255140195,-1.824533000,5.148330960
49.277080124,-1.820792392,5.173394110
49.299020053,-1.817066590,5.198379230
49.320959982,-1.813358996,5.223288279
49.342899911,-1.809672975,5.248123177
49.364839839,-1.806011857,5.272885802
49.386779768,-1.802374871,5.297614743
49.408719697,-1.798758500,5.322348071
49.430659626,-1.795161921,5.347086851
49.452599555,-1.791584294,5.371832157
49.474539483,-1.788024769,5.396585068
49.496479412,-1.784482475,5.421346667
49.518419341,-1.780956474,5.446118036
49.540359270,-1.777445747,5.470900255
49.562299199,-1.773949257,5.495694405
49.584239128,-1.770465954,5.520501570
49.606179056,-1.766994769,5.545322837
49.628118985,-1.763534651,5.570159299
49.650058914,-1.760083126,5.595022348
49.671998843,-1.756628490,5.619974514
49.693938772,-1.753164780,5.645026672
49.715878700,-1.749687397,5.670179469
49.737818629,-1.746191665,5.695433617
49.759758558,-1.742672918,5.720789905
49.781698487,-1.739126537,5.746249205
49.803638416,-1.735547834,5.771812448
49.825578344,-1.731932040,5.797480624
49.847518273,-1.728274300,5.823254773
49.869458202,-1.724569669,5.849135984
49.891398131,-1.720813056,5.875125376
49.913338060,-1.716999256,5.901224101
49.935277989,-1.713118761,5.927451504
49.957217917,-1.709160767,5.953826674
49.979157846,-1.705117930,5.980350446
50.001097775,-1.700982609,6.007023678
50.023037704,-1.696746710,6.033847192
50.044977633,-1.692401940,6.060821825
50.066917561,-1.687939831,6.087948422
50.088857490,-1.683351745,6.115227825
50.110797419,-1.678628833,6.142660849
50.132737348,-1.673761635,6.170248153
50.154677277,-1.668740241,6.197990257
50.176617206,-1.663554571,6.225887595
50.198557134,-1.658195774,6.253936176
50.220497063,-1.652662594,6.282110272
50.242436992,-1.646947610,6.310405640
50.264376921,-1.641041271,6.338822055
50.286316850,-1.634933753,6.367359130
50.308256778,-1.628615076,6.396016341
50.330196707,-1.622075111,6.424793014
50.352136636,-1.615303542,6.453688298
50.374076565,-1.608289280,6.482700906
50.396016494,-1.601020566,6.511829112
50.417956423,-1.593485503,6.541070921
50.439896351,-1.585672093,6.570424065
50.461836280,-1.577568238,6.599885982
50.483776209,-1.569203116,6.629365485
50.505716138,-1.560612731,6.658771871
50.527656067,-1.551795163,6.688102959
50.549595995,-1.542748527,6.717356404
50.571535924,-1.533470964,6.746529700
50.593475853,-1.523960632,6.775620178
50.615415782,-1.514215124,6.804624695
50.637355711,-1.504231398,6.833539560
50.659295640,-1.494006440,6.862360867
50.681235568,-1.483537305,6.891084520
50.703175497,-1.472821119,6.919706237
50.725115426,-1.461854971,6.948221491
50.747055355,-1.450662578,6.976581236
50.768995284,-1.439411943,7.004518190
50.790935212,-1.428148097,7.031987674
50.812875141,-1.416889282,7.058989182
50.834815070,-1.405653180,7.085522169
50.856754999,-1.394456814,7.111585944
50.878694928,-1.383316502,7.137179595
50.900634857,-1.372247966,7.162302024
50.922574785,-1.361266332,7.186951916
50.944514714,-1.350386124,7.211127713
50.966454643,-1.339621309,7.234827625
50.988394572,-1.328985693,7.258049902
51.010334501,-1.318492655,7.280792650
51.032274429,-1.308238714,7.302938822
51.054214358,-1.298325332,7.324372402
51.076154287,-1.288771405,7.345092266
51.098094216,-1.279594432,7.365096911
51.120034145,-1.270811000,7.384384856
51.141974074,-1.262435791,7.402953993
51.163914002,-1.254481357,7.420801530
51.185853931,-1.246958033,7.437924058
51.207793860,-1.239873949,7.454317724
51.229733789,-1.233236212,7.469979246
51.251673718,-1.227050308,7.484905666
51.273613646,-1.221319108,7.499093890
51.295553575,-1.216017350,7.512579105
51.317493504,-1.210991666,7.525586259
51.339433433,-1.206216998,7.538147087
51.361373362,-1.201694631,7.550256132
51.383313291,-1.197425142,7.561908250
51.405253219,-1.193408024,7.573098473
51.427193148,-1.189641639,7.583822112
51.449133077,-1.186123256,7.594074897
51.471073006,-1.182850287,7.603853792
51.493012935,-1.179820124,7.613156938
51.514952863,-1.177028998,7.621983109
51.536892792,-1.174471928,7.630331823
51.558832721,-1.172142721,7.638203474
51.580772650,-1.169899588,7.645884309
51.602712579,-1.167610298,7.653663123
51.624652508,-1.165282339,7.661544319
51.646592436,-1.162923487,7.669531605
51.668532365,-1.160541768,7.677628006
51.690472294,-1.158145438,7.685835880
51.712412223,-1.155743392,7.694157097
51.734352152,-1.153345216,7.702593048
51.756292080,-1.150960665,7.711144458
51.778232009,-1.148599608,7.719811385
51.800171938,-1.146271995,7.728593242
51.822111867,-1.143987821,7.737488802
51.844051796,-1.141745280,7.746536891
51.865991725,-1.139484843,7.755982816
51.887931653,-1.137207168,7.765872978
51.909871582,-1.134924641,7.776212096
51.931811511,-1.132649432,7.787003600
51.953751440,-1.130392961,7.798249637
51.975691369,-1.128165570,7.809951158
51.997631297,-1.125977132,7.822108200
52.019571226,-1.123837073,7.834720006
52.041511155,-1.121754337,7.847785131
52.063451084,-1.119737190,7.861301514
52.085391013,-1.117792011,7.875266376
52.107330942,-1.115923977,7.889676484
52.129270870,-1.114146383,7.904475009
52.151210799,-1.112471642,7.919607913
52.173150728,-1.110902988,7.935075738
52.195090657,-1.109442578,7.950878657
52.217030586,-1.108090582,7.967016420
52.238970514,-1.106846665,7.983488628
52.260910443,-1.105710196,8.000294788
52.282850372,-1.104680243,8.017434345
52.304790301,-1.103755426,8.034906693
52.326730230,-1.102932357,8.052711035
52.348670159,-1.102206244,8.070846500
52.370610087,-1.101571957,8.089312289
52.392550016,-1.101027952,8.108068664
52.414489945,-1.100593333,8.126880776
52.436429874,-1.100269256,8.145708778
52.458369803,-1.100051312,8.164551720
52.480309731,-1.099934758,8.183408678
52.502249660,-1.099914844,8.202278787
52.524189589,-1.099986811,8.221161236
52.546129518,-1.100145836,8.240055270
52.568069447,-1.100385984,8.258960107
52.590009375,-1.100700358,8.277874971
52.611949304,-1.101082024,8.296799163
52.633889233,-1.101524042,8.315732064
52.655829162,-1.102019467,8.334673131
52.677769091,-1.102565918,8.353547831
52.699709020,-1.103161540,8.372281144
52.721648948,-1.103800122,8.390871956
52.743588877,-1.104475388,8.409319279
52.765528806,-1.105180995,8.427622264
52.787468735,-1.105910545,8.445780216
52.809408664,-1.106657808,8.463792612
52.831348592,-1.107416761,8.481659115
52.853288521,-1.108181338,8.499379569
52.875228450,-1.108945408,8.516954014
52.897168379,-1.109702785,8.534382697
52.919108308,-1.110447479,8.551666091
52.941048237,-1.111175195,8.568780416
52.962988165,-1.111884333,8.585578911
52.984928094,-1.112572058,8.602036462
53.006868023,-1.113234915,8.618152730
53.028807952,-1.113869154,8.633927771
53.050747881,-1.114471929,8.649362059
53.072687809,-1.115041976,8.664456474
53.094627738,-1.115577899,8.679212337
53.116567667,-1.116078020,8.693631437
53.138507596,-1.116540393,8.707716078
53.160447525,-1.116963094,8.721469096
53.182387454,-1.117346167,8.734893775
53.204327382,-1.117690481,8.747993874
53.226267311,-1.117995426,8.760755132
53.248207240,-1.118259775,8.773160238
53.270147169,-1.118483078,8.785209132
53.292087098,-1.118665382,8.796902170
53.314027026,-1.118808143,8.808240033
53.335966955,-1.118912731,8.819223869
53.357906884,-1.118980240,8.829855357
53.379846813,-1.119011507,8.840136750
53.401786742,-1.119007212,8.850070911
53.423726671,-1.118968605,8.859661234
53.445666599,-1.118897270,8.868911691
53.467606528,-1.118794684,8.877826937
53.489546457,-1.118666352,8.886432214
53.511486386,-1.118538551,8.894848834
53.533426315,-1.118417362,8.903093033
53.555366243,-1.118304503,8.911161000
53.577306172,-1.118201506,8.919049182
53.599246101,-1.118109758,8.926754301
53.621186030,-1.118030512,8.934273370
53.643125959,-1.117964868,8.941603734
53.665065888,-1.117913193,8.948743284
53.687005816,-1.117875238,8.955690504
53.708945745,-1.117850720,8.962444336
53.730885674,-1.117839362,8.969004197
53.752825603,-1.117840935,8.975370000
53.774765532,-1.117917434,8.981695301
53.796705460,-1.118133528,8.988128504
53.818645389,-1.118492777,8.994661954
53.840585318,-1.118998382,9.001287737
53.862525247,-1.119653182,9.007997714
53.884465176,-1.120459633,9.014783548
53.906405105,-1.121419225,9.021637041
53.928345033,-1.122532408,9.028550256
53.950284962,-1.123799278,9.035515215
53.972224891,-1.125219625,9.042523901
53.994164820,-1.126792931,9.049568272
54.016104749,-1.128518279,9.056640343
54.038044677,-1.130408925,9.063755765
54.059984606,-1.132555264,9.071046986
54.081924535,-1.134975912,9.078530470
54.103864464,-1.137674079,9.086199059
54.125804393,-1.140652328,9.094045243
54.147744322,-1.143912438,9.102061325
54.169684250,-1.147455355,9.110239542
54.191624179,-1.151281412,9.118571967
54.213564108,-1.155390370,9.127050547
54.235504037,-1.159781432,9.135667136
54.257443966,-1.164453266,9.144413542
54.279383894,-1.169403995,9.153281583
54.301323823,-1.174631236,9.162263108
54.323263752,-1.180122542,9.171339541
54.345203681,-1.185867541,9.180495381
54.367143610,-1.191866361,9.189727024
54.389083539,-1.198118827,9.199030732
54.411023467,-1.204624503,9.208402619
54.432963396,-1.211382642,9.217838722
54.454903325,-1.218392189,9.227335034
54.476843254,-1.225651787,9.236887518
54.498783183,-1.233159802,9.246492118
54.520723111,-1.240914417,9.256144676
54.542663040,-1.248913602,9.265840982
54.564602969,-1.257155069,9.275576851
54.586542898,-1.265629504,9.285342468
54.608482827,-1.274294223,9.295100563
54.630422756,-1.283141560,9.304843458
54.652362684,-1.292170718,9.314569061
54.674302613,-1.301380794,9.324275229
54.696242542,-1.310770760,9.333959799
54.718182471,-1.320339468,9.343620599
54.740122400,-1.330085659,9.353255437
54.762062328,-1.340008073,9.362861961
54.784002257,-1.350105427,9.372437677
54.805942186,-1.360376328,9.381980082
54.827882115,-1.370819264,9.391486681
54.849822044,-1.381432613,9.400954981
54.871761973,-1.392161454,9.410347345
54.893701901,-1.402951529,9.419626392
54.915641830,-1.413802138,9.428790040
54.937581759,-1.424712570,9.437836226
54.959521688,-1.435682107,9.446762901
54.981461617,-1.446710029,9.455568027
55.003401545,-1.457795741,9.464249348
55.025341474,-1.468938786,9.472804357
55.047281403,-1.480138692,9.481230536
55.069221332,-1.491394962,9.489525372
55.091161261,-1.502707079,9.497686362
55.113101190,-1.514074528,9.505710952
55.135041118,-1.525500808,9.513598239
55.156981047,-1.537008425,9.521356879
55.178920976,-1.548599943,9.528985297
55.200860905,-1.560273939,9.536479922
55.222800834,-1.572028918,9.543837184
55.244740762,-1.583863346,9.551053438
55.266680691,-1.595775666,9.558124913
55.288620620,-1.607764243,9.565047831
55.310560549,-1.619827354,9.571818425
55.332500478,-1.631963194,9.578432933
55.354440406,-1.644169858,9.584887638
55.376380335,-1.656445259,9.591179086
55.398320264,-1.668787192,9.597303962
55.420260193,-1.681263707,9.603285137
55.442200122,-1.693943021,9.609145292
55.464140051,-1.706822970,9.614880870
55.486079979,-1.719901075,9.620488755
55.508019908,-1.733174425,9.625966707
55.529959837,-1.746639953,9.631312665
55.551899766,-1.760294479,9.636524647
55.573839695,-1.774134717,9.641600749
55.595779623,-1.788157255,9.646539261
55.617719552,-1.802358249,9.651339807
55.639659481,-1.816733601,9.656002918
55.661599410,-1.831279201,9.660529245
55.683539339,-1.845993654,9.664920236
55.705479268,-1.860889805,9.669181117
55.727419196,-1.875967848,9.673314589
55.749359125,-1.891224954,9.677324391
55.771299054,-1.906658268,9.681214650
55.793238983,-1.922264983,9.684989594
55.815178912,-1.938042338,9.688653550
55.837118840,-1.953987613,9.692210992
55.859058769,-1.970097963,9.695667391
55.880998698,-1.986370470,9.699029096
55.902938627,-2.002802304,9.702302579
55.924878556,-2.019390722,9.705494411
55.946818485,-2.036133070,9.708611257
55.968758413,-2.053020161,9.711658738
55.990698342,-2.070043663,9.714642611
56.012638271,-2.087202310,9.717569869
56.034578200,-2.104494893,9.720447561
56.056518129,-2.121920252,9.723282798
56.078458057,-2.139477283,9.726082718
56.100397986,-2.157165048,9.728853571
56.122337915,-2.174982768,9.731600575
56.144277844,-2.192929672,9.734328936
56.166217773,-2.211004984,9.737043912
56.188157702,-2.229207921,9.739750811
56.210097630,-2.247537739,9.742454567
56.232037559,-2.265991298,9.745157484
56.253977488,-2.284552571,9.747859534
56.275917417,-2.303219043,9.750562044
56.297857346,-2.321990796,9.753266652
56.319797274,-2.340867857,9.755975001
56.341737203,-2.359850312,9.758687410
56.363677132,-2.378938353,9.761402126
56.385617061,-2.398132090,9.764117242
56.407556990,-2.417431541,9.766830882
56.429496919,-2.436836632,9.769541196
56.451436847,-2.456347220,9.772246209
56.473376776,-2.475963175,9.774942718
56.495316705,-2.495684320,9.777626949
56.517256634,-2.515499501,9.780294338
56.539196563,-2.535397746,9.782940084
56.561136491,-2.555379045,9.785560101
56.583076420,-2.575443314,9.788150459
56.605016349,-2.595590394,9.790707552
56.626956278,-2.615820075,9.793227830
56.648896207,-2.636132105,9.795707764
56.670836136,-2.656526188,9.798143846
56.692776064,-2.677001994,9.800532714
56.714715993,-2.697559088,9.802872500
56.736655922,-2.718196978,9.805162305
56.758595851,-2.738915165,9.807401268
56.780535780,-2.759708910,9.809588342
56.802475708,-2.780552379,9.811721162
56.824415637,-2.801441062,9.813798706
56.846355566,-2.822374609,9.815822220
56.868295495,-2.843352667,9.817793335
56.890235424,-2.864374894,9.819713684
56.912175353,-2.885440956,9.821584911
56.934115281,-2.906550531,9.823408728
56.956055210,-2.927703266,9.825187971
56.977995139,-2.948898785,9.826926453
56.999935068,-2.970136730,9.828628022
57.021874997,-2.991416758,9.830296536
57.043814925,-3.012738540,9.831935859
57.065754854,-3.034096870,9.833549700
57.087694783,-3.055486596,9.835141781
57.109634712,-3.076907476,9.836715996
57.131574641,-3.098359280,9.838276239
57.153514570,-3.119841783,9.839826410
57.175454498,-3.141354770,9.841370391
57.197394427,-3.162898049,9.842911411
57.219334356,-3.184471451,9.844451945
57.241274285,-3.206074814,9.845994427
57.263214214,-3.227707972,9.847541298
57.285154142,-3.249370761,9.849094999
57.307094071,-3.271063022,9.850657720
57.329034000,-3.292783050,9.852230168
57.350973929,-3.314521233,9.853812174
57.372913858,-3.336275935,9.855403623
57.394853787,-3.358047102,9.857004442
57.416793715,-3.379834681,9.858614545
57.438733644,-3.401638635,9.860233210
57.460673573,-3.423458950,9.861858721
57.482613502,-3.445295611,9.863489279
57.504553431,-3.467148604,9.865123085
57.526493359,-3.489017911,9.866758341
57.548433288,-3.510903517,9.868393206
57.570373217,-3.532805414,9.870025480
57.592313146,-3.554723599,9.871652793
57.614253075,-3.576658781,9.873272801
57.636193004,-3.598611661,9.874883186
57.658132932,-3.620582234,9.876481621
57.680072861,-3.642570493,9.878065939
57.702012790,-3.664576422,9.879634307
57.723952719,-3.686600011,9.881184934
57.745892648,-3.708641253,9.882716031
57.767832576,-3.730700145,9.884225811
57.789772505,-3.752776688,9.885712538
57.811712434,-3.774870872,9.887175092
57.833652363,-3.796982682,9.888612746
57.855592292,-3.819112106,9.890024781
57.877532221,-3.841257215,9.891410416
57.899472149,-3.863406486,9.892768382
57.921412078,-3.885558042,9.894097676
57.943352007,-3.907711922,9.895397939
57.965291936,-3.929868158,9.896668918
57.987231865,-3.952026786,9.897910362
58.009171793,-3.974187841,9.899122019
58.031111722,-3.996351361,9.900303648
58.053051651,-4.018517377,9.901455202
58.074991580,-4.040685915,9.902576803
58.096931509,-4.062857003,9.903668579
58.118871437,-4.085030668,9.904730657
58.140811366,-4.107206939,9.905763166
58.162751295,-4.129389399,9.906766369
58.184691224,-4.151581628,9.907740617
58.206631153,-4.173783645,9.908686164
58.228571082,-4.195995472,9.909603269
58.250511010,-4.218217134,9.910492186
58.272450939,-4.240448658,9.911353171
58.294390868,-4.262690076,9.912186417
58.316330797,-4.284941426,9.912992041
58.338270726,-4.307202748,9.913770158
58.360210654,-4.329474087,9.914520884
58.382150583,-4.351755487,9.915244335
58.404090512,-4.374046998,9.915940652
58.426030441,-4.396350273,9.916610189
58.447970370,-4.418674998,9.917253838
58.469910299,-4.441022818,9.917872374
58.491850227,-4.463393774,9.918466524
58.513790156,-4.485787914,9.919037021
58.535730085,-4.508205281,9.919584862
58.557670014,-4.530645906,9.920111453
58.579609943,-4.553109825,9.920618235
58.601549871,-4.575597075,9.921106653
58.623489800,-4.598107698,9.921578153
58.645429729,-4.620641737,9.922034256
58.667369658,-4.643199213,9.922477039
58.689309587,-4.665780132,9.922908848
58.711249516,-4.688359019,9.923330603
58.733189444,-4.710910356,9.923742167
58.755129373,-4.733434087,9.924144314
58.777069302,-4.755930139,9.924537968
58.799009231,-4.778398412,9.924924363
58.820949160,-4.800838793,9.925304777
58.842889088,-4.823251160,9.925680490
58.864829017,-4.845635382,9.926052784
58.886768946,-4.867991320,9.926422924
58.908708875,-4.890318839,9.926791948
58.930648804,-4.912617807,9.927160745
58.952588733,-4.934888085,9.927530207
58.974528661,-4.957128804,9.927901186
58.996468590,-4.979335456,9.928274258
59.018408519,-5.001507185,9.928649816
59.040348448,-5.023643908,9.929027415
59.062288377,-5.045745549,9.929406457
59.084228305,-5.067812030,9.929786351
59.106168234,-5.089843273,9.930166509
59.128108163,-5.111839202,9.930546301
59.150048092,-5.133799789,9.930924235
59.171988021,-5.155725045,9.931298076
59.193927950,-5.177614982,9.931665568
59.215867878,-5.199469613,9.932024463
59.237807807,-5.221288945,9.932372513
59.259747736,-5.243074275,9.932707387
59.281687665,-5.264826927,9.933026104
59.303627594,-5.286546955,9.933325459
59.325567522,-5.308234405,9.933602248
59.347507451,-5.329889316,9.933853272
59.369447380,-5.351511720,9.934075344
59.391387309,-5.373101628,9.934265499
59.413327238,-5.394659030,9.934421031
59.435267167,-5.416183906,9.934539254
59.457207095,-5.437676224,9.934617482
59.479147024,-5.459135945,9.934653037
59.501086953,-5.480563001,9.934643510
59.523026882,-5.501958898,9.934588083
59.544966811,-5.523333399,9.934487026
59.566906739,-5.544687990,9.934340368
59.588846668,-5.566022500,9.934148068
59.610786597,-5.587336754,9.933910105
59.632726526,-5.608630519,9.933627720
59.654666455,-5.629903476,9.933304105
59.676606384,-5.651155312,9.932942627
59.698546312,-5.672385723,9.932546649
59.720486241,-5.693594416,9.932119542
59.742426170,-5.714781103,9.931664920
59.764366099,-5.735945436,9.931188328
59.786306028,-5.757087053,9.930696235
59.808245956,-5.778214081,9.930195506
59.830185885,-5.799334713,9.929693278
59.852125814,-5.820448728,9.929196435
59.874065743,-5.841555926,9.928712240
59.896005672,-5.862656110,9.928248739
59.917945601,-5.883749116,9.927814079
59.939885529,-5.904834816,9.927416407
59.961825458,-5.925913121,9.927063872
59.983765387,-5.946983976,9.926764549
60.005705316,-5.968047392,9.926525659
60.027645245,-5.989103425,9.926353869
60.049585173,-6.010152163,9.926255839
60.071525102,-6.031187989,9.926238064
60.093465031,-6.052176599,9.926305823
60.115404960,-6.073112415,9.926463681
60.137344889,-6.093995721,9.926713687
60.159284818,-6.114826869,9.927057428
60.181224746,-6.135606269,9.927496499
60.203164675,-6.156334391,9.928032502
60.225104604,-6.177011770,9.928666900
60.247044533,-6.197639042,9.929398449
60.268984462,-6.218216914,9.930223566
60.290924390,-6.238746129,9.931138601
60.312864319,-6.259227456,9.932139905
60.334804248,-6.279661695,9.933223839
60.356744177,-6.300007191,9.934385424
60.378684106,-6.320222405,9.935615409
60.400624035,-6.340308373,9.936903797
60.422563963,-6.360266171,9.938240650
60.444503892,-6.380096907,9.939616086
60.466443821,-6.399801712,9.941020242
60.488383750,-6.419381715,9.942442242
60.510323679,-6.438838022,9.943870023
60.532263607,-6.458171698,9.945291509
60.554203536,-6.477383758,9.946694674
60.576143465,-6.496475154,9.948067546
60.598083394,-6.515446762,9.949398272
60.620023323,-6.534273065,9.950676153
60.641963252,-6.552796908,9.951893034
60.663903180,-6.570992750,9.953035672
60.685843109,-6.588861271,9.954090385
60.707783038,-6.606403035,9.955043910
60.729722967,-6.623618547,9.955884570
60.751662896,-6.640508336,9.956602925
60.773602824,-6.657072897,9.957190085
60.795542753,-6.673312701,9.957637541
60.817482682,-6.689228211,9.957937164
60.839422611,-6.704819934,9.958081548
60.861362540,-6.720088707,9.958066440
60.883302469,-6.735035680,9.957889257
60.905242397,-6.749463504,9.957569899
60.927182326,-6.763169050,9.957130030
60.949122255,-6.776145124,9.956571541
60.971062184,-6.788385117,9.955899638
60.993002113,-6.799883656,9.955124142
61.014942041,-6.810636756,9.954257190
61.036881970,-6.820642208,9.953312815
61.058821899,-6.829900048,9.952306804
61.080761828,-6.838413061,9.951256626
61.102701757,-6.846187614,9.950182465
61.124641685,-6.853234151,9.949106351
61.146581614,-6.859567515,9.948050833
61.168521543,-6.865218251,9.947035047
61.190461472,-6.870255315,9.946066209
61.212401401,-6.874665301,9.945178457
61.234341330,-6.878425813,9.944412722
61.256281258,-6.881519215,9.943812286
61.278221187,-6.883933349,9.943422398
61.300161116,-6.885662337,9.943289803
61.322101045,-6.886707374,9.943462075
61.344040974,-6.887077261,9.943986295
61.365980902,-6.886789156,9.944908160
61.387920831,-6.885869506,9.946271278
61.409860760,-6.884354648,9.948115765
61.431800689,-6.882291213,9.950476643
61.453740618,-6.880090448,9.953108736
61.475680547,-6.878106262,9.955755978
61.497620475,-6.876308586,9.958434706
61.519560404,-6.874669704,9.961164294
61.541500333,-6.873164633,9.963966762
61.563440262,-6.871771450,9.966866341
61.585380191,-6.870470939,9.969888468
61.607320119,-6.869246675,9.973059333
61.629260048,-6.868085977,9.976406106
61.651199977,-6.866980191,9.979956438
61.673139906,-6.865924897,9.983737876
61.695079835,-6.864919939,9.987777139
61.717019764,-6.864025016,9.991998919
61.738959692,-6.863567074,9.995803358
61.760899621,-6.863565062,9.999061958
61.782839550,-6.863976983,10.001752946
61.804779479,-6.864759088,10.003863255
61.826719408,-6.865866850,10.005387906
61.848659336,-6.867255830,10.006329365
61.870599265,-6.868882634,10.006696950
61.892539194,-6.870705559,10.006506143
61.914479123,-6.872685093,10.005777920
61.936419052,-6.874784322,10.004538105
61.958358981,-6.876969464,10.002816811
61.980298909,-6.879209921,10.000647825
62.002238838,-6.881469870,9.998131395
62.024178767,-6.883723937,9.995341382
62.046118696,-6.885959437,9.992275873
62.068058625,-6.888163908,9.988934854
62.089998553,-6.890325567,9.985320072
62.111938482,-6.892432947,9.981434855
62.133878411,-6.894474941,9.977283986
62.155818340,-6.896440899,9.972873584
62.177758269,-6.898320754,9.968210975
62.199698198,-6.900105506,9.963304523
62.221638126,-6.901787112,9.958163473
62.243578055,-6.903358228,9.952797846
62.265517984,-6.904822560,9.947278919
62.287457913,-6.906244691,9.941986481
62.309397842,-6.907652044,9.937003668
62.331337770,-6.909064352,9.932350441
62.353277699,-6.910502811,9.928043224
62.375217628,-6.911989800,9.924094504
62.397157557,-6.913548559,9.920512415
62.419097486,-6.915202745,9.917300316
62.441037415,-6.916975504,9.914456551
62.462977343,-6.918888950,9.911974088
62.484917272,-6.920963871,9.909840040
62.506857201,-6.923218937,9.908035376
62.528797130,-6.925669797,9.906534730
62.550737059,-6.928124785,9.904960641
62.572676987,-6.930373981,9.902976855
62.594616916,-6.932405750,9.900616224
62.616556845,-6.934212250,9.897912702
62.638496774,-6.935789273,9.894900836
62.660436703,-6.937136037,9.891615348
62.682376632,-6.938254133,9.888091494
62.704316560,-6.939147294,9.884364973
62.726256489,-6.939822215,9.880470840
62.748196418,-6.940288390,9.876443173
62.770136347,-6.940557878,9.872314808
62.792076276,-6.940644900,9.868117316
62.814016204,-6.940506034,9.863835475
62.835956133,-6.939787419,9.859222928
62.857896062,-6.938406160,9.854269011
62.879835991,-6.936343338,9.849012537
62.901775920,-6.933586957,9.843494349
62.923715849,-6.930131342,9.837756733
62.945655777,-6.925976591,9.831842852
62.967595706,-6.921128344,9.825795659
62.989535635,-6.915597264,9.819657317
63.011475564,-6.909398478,9.813468780
63.033415493,-6.902551080,9.807269401
63.055355421,-6.895077810,9.801096212
63.077295350,-6.887004412,9.794984032
63.099235279,-6.878307063,9.788946181
63.121175208,-6.868941764,9.782987634
63.143115137,-6.858908533,9.777128812
63.165055066,-6.848210815,9.771388596
63.186994994,-6.836855271,9.765783110
63.208934923,-6.824850845,9.760327001
63.230874852,-6.812208316,9.755033497
63.252814781,-6.798939935,9.749914294
63.274754710,-6.785059138,9.744979286
63.296694638,-6.770580657,9.740234392
63.318634567,-6.755519936,9.735682344
63.340574496,-6.739892521,9.731324166
63.362514425,-6.723753800,9.727166705
63.384454354,-6.707354724,9.723253436
63.406394283,-6.690740261,9.719589924
63.428334211,-6.673915349,9.716171421
63.450274140,-6.656884868,9.712992477
63.472214069,-6.639653550,9.710047427
63.494153998,-6.622225964,9.707330393
63.516093927,-6.604606528,9.704835213
63.538033855,-6.586799655,9.702554059
63.559973784,-6.568809683,9.700477635
63.581913713,-6.550640705,9.698596410
63.603853642,-6.532296572,9.696900669
63.625793571,-6.513780899,9.695380517
63.647733500,-6.495100131,9.694026072
63.669673428,-6.476259691,9.692826855
63.691613357,-6.457261351,9.691771841
63.713553286,-6.438106699,9.690849871
63.735493215,-6.418797154,9.690049656
63.757433144,-6.399333975,9.689359802
63.779373072,-6.379718236,9.688769530
63.801313001,-6.359950844,9.688268798
63.823252930,-6.340032605,9.687847490
63.845192859,-6.319964238,9.687495372
63.867132788,-6.299746383,9.687202092
63.889072716,-6.279379596,9.686957574
63.911012645,-6.258876112,9.686754333
63.932952574,-6.238306998,9.686589181
63.954892503,-6.217683975,9.686458034
63.976832432,-6.197006914,9.686356404
63.998772361,-6.176275678,9.686279809
64.020712289,-6.155490087,9.686225110
64.042652218,-6.134649913,9.686191252
64.064592147,-6.113754948,9.686177347
64.086532076,-6.092805001,9.686182495
64.108472005,-6.071799904,9.686205777
64.130411933,-6.050739500,9.686246449
64.152351862,-6.029623629,9.686305243
64.174291791,-6.008452145,9.686383584
64.196231720,-5.987226877,9.686482939
64.218171649,-5.965949657,9.686604845
64.240111578,-5.944620370,9.686750824
64.262051506,-5.923238916,9.686922393
64.283991435,-5.901805206,9.687121086
64.305931364,-5.880319162,9.687348422
64.327871293,-5.858780709,9.687605910
64.349811222,-5.837189775,9.687895043
64.371751150,-5.815546288,9.688217186
64.393691079,-5.793850181,9.688572345
64.415631008,-5.772101381,9.688959647
64.437570937,-5.750299805,9.689378192
64.459510866,-5.728449165,9.689827107
64.481450795,-5.706572232,9.690306152
64.503390723,-5.684672753,9.690814700
64.525330652,-5.662750672,9.691349770
64.547270581,-5.640805930,9.691907960
64.569210510,-5.618838463,9.692485865
64.591150439,-5.596848202,9.693080076
64.613090367,-5.574835076,9.693687096
64.635030296,-5.552799017,9.694301872
64.656970225,-5.530739970,9.694918001
64.678910154,-5.508657878,9.695529036
64.700850083,-5.486552693,9.696128526
64.722790012,-5.464424369,9.696710017
64.744729940,-5.442282569,9.697267096
64.766669869,-5.420137016,9.697793274
64.788609798,-5.397987778,9.698281976
64.810549727,-5.375834931,9.698726628
64.832489656,-5.353678561,9.699120655
64.854429584,-5.331518766,9.699457513
64.876369513,-5.309355647,9.699731512
64.898309442,-5.287189303,9.699937955
64.920249371,-5.265019845,9.700072200
64.942189300,-5.242847390,9.700129606
64.964129229,-5.220672066,9.700105530
64.986069157,-5.198494006,9.699995797
65.008009086,-5.176315891,9.699798871
65.029949015,-5.154153250,9.699514640
65.051888944,-5.132008741,9.699143216
65.073828873,-5.109882437,9.698684699
65.095768801,-5.087774398,9.698139213
65.117708730,-5.065684649,9.697508458
65.139648659,-5.043613169,9.696796584
65.161588588,-5.021559920,9.696007945
65.183528517,-4.999524844,9.695146896
65.205468446,-4.977507873,9.694217792
65.227408374,-4.955508919,9.693225192
65.249348303,-4.933527861,9.692175334
65.271288232,-4.911564554,9.691075249
65.293228161,-4.889613339,9.689931829
65.315168090,-4.867668582,9.688751691
65.337108018,-4.845730165,9.687541465
65.359047947,-4.823797970,9.686307800
65.380987876,-4.801871874,9.685057387
65.402927805,-4.779951754,9.683796926
65.424867734,-4.758037487,9.682533116
65.446807663,-4.736128947,9.681272655
65.468747591,-4.714226015,9.680022131
65.490687520,-4.692328587,9.678786851
65.512627449,-4.670436575,9.677571300
65.534567378,-4.648549891,9.676379945
65.556507307,-4.626667086,9.675217229
65.578447235,-4.604779908,9.674087301
65.600387164,-4.582886975,9.672993520
65.622327093,-4.560988300,9.671937258
65.644267022,-4.539083900,9.670919532
65.666206951,-4.517173787,9.669941359
65.688146880,-4.495257975,9.669003755
65.710086808,-4.473336474,9.668107677
65.732026737,-4.451409308,9.667253034
65.753966666,-4.429476509,9.666438824
65.775906595,-4.407538110,9.665664016
65.797846524,-4.385594138,9.664927577
65.819786452,-4.363644622,9.664228477
65.841726381,-4.341670213,9.663565185
65.863666310,-4.319651605,9.662935216
65.885606239,-4.297588879,9.662336104
65.907546168,-4.275482101,9.661765369
65.929486097,-4.253331321,9.661220526
65.951426025,-4.231136575,9.660699102
65.973365954,-4.208897873,9.660199480
65.995305883,-4.186615192,9.659721026
66.017245812,-4.164288494,9.659263151
66.039185741,-4.141917717,9.658825258
66.061125669,-4.119502786,9.658406736
66.083065598,-4.097043594,9.658007249
66.105005527,-4.074525055,9.657627633
66.126945456,-4.051857469,9.657265397
66.148885385,-4.029025865,9.656917065
66.170825314,-4.006030115,9.656579215
66.192765242,-3.982869975,9.656248287
66.214705171,-3.959545075,9.655920996
66.236645100,-3.936054894,9.655594559
66.258585029,-3.912398766,9.655266099
66.280524958,-3.888575878,9.654932588
66.302464886,-3.864585256,9.654590842
66.324404815,-3.840425769,9.654237421
66.346344744,-3.816096157,9.653867955
66.368284673,-3.791595021,9.653477539
66.390224602,-3.766937280,9.653062280
66.412164531,-3.742138151,9.652619284
66.434104459,-3.717196439,9.652144914
66.456044388,-3.692110847,9.651634384
66.477984317,-3.666880094,9.651080645
66.499924246,-3.641502822,9.650476239
66.521864175,-3.615977583,9.649813561
66.543804103,-3.590302852,9.649084857
66.565744032,-3.564477054,9.648282008
66.587683961,-3.538498833,9.647394312
66.609623890,-3.512367042,9.646409349
66.631563819,-3.486080626,9.645314523
66.653503747,-3.459638980,9.644097140
66.675443676,-3.433043495,9.642744671
66.697383605,-3.406294338,9.641243559
66.719323534,-3.379391840,9.639577878
66.741263463,-3.352336649,9.637731167
66.763203392,-3.325129701,9.635686819
66.785143320,-3.297772251,9.633428093
66.807083249,-3.270265918,9.630938084
66.829023178,-3.242612824,9.628199176
66.850963107,-3.214815645,9.625193140
66.872903036,-3.186877553,9.621901646
66.894842964,-3.158802254,9.618306304
66.916782893,-3.130594020,9.614388678
66.938722822,-3.102115784,9.610092544
66.960662751,-3.073232009,9.605348995
66.982602680,-3.043950497,9.600119744
67.004542609,-3.014280239,9.594365449
67.026482537,-2.984231657,9.588045767
67.048422466,-2.953816834,9.581119469
67.070362395,-2.923049367,9.573545723
67.092302324,-2.891944473,9.565284381
67.114242253,-2.860519634,9.556294779
67.136182181,-2.828794877,9.546535844
67.158122110,-2.796793029,9.535966318
67.180062039,-2.764539797,9.524545383
67.202001968,-2.732070467,9.512238005
67.223941897,-2.699455687,9.499027908
67.245881826,-2.666726440,9.484882235
67.267821754,-2.633908530,9.469763830
67.289761683,-2.601030561,9.453634737
67.311701612,-2.568123753,9.436457288
67.333641541,-2.535221876,9.418194795
67.355581470,-2.502362222,9.398810581
67.377521398,-2.469585988,9.378268253
67.399461327,-2.436938573,9.356532165
67.421401256,-2.404469765,9.333568055
67.443341185,-2.372233407,9.309344303
67.465281114,-2.340287765,9.283832146
67.487221043,-2.308843746,9.257145397
67.509160971,-2.278085547,9.229415304
67.531100900,-2.248036594,9.200640744
67.553040829,-2.218722653,9.170819801
67.574980758,-2.190171918,9.139950100
67.596920687,-2.162415326,9.108028949
67.618860615,-2.135486755,9.075053652
67.640800544,-2.109423176,9.041021885
67.662740473,-2.084264793,9.005932103
67.684680402,-2.060055303,8.969783915
67.706620331,-2.036841894,8.932578651
67.728560260,-2.014675140,8.894320007
67.750500188,-1.993633569,8.855064724
67.772440117,-1.973900610,8.815128729
67.794380046,-1.955505564,8.774586277
67.816319975,-1.938453078,8.733460165
67.838259904,-1.922750115,8.691771627
67.860199832,-1.908406084,8.649540735
67.882139761,-1.895432995,8.606786789
67.904079690,-1.883845590,8.563528712
67.926019619,-1.873661664,8.519785424
67.947959548,-1.864902085,8.475576334
67.969899477,-1.857590588,8.430921862
67.991839405,-1.851753716,8.385843920
68.013779334,-1.847420720,8.340366415
68.035719263,-1.844627709,8.294699062
68.057659192,-1.843380791,8.249051093
68.079599121,-1.843668379,8.203446238
68.101539049,-1.845481959,8.157906988
68.123478978,-1.848816174,8.112455098
68.145418907,-1.853668875,8.067112072
68.167358836,-1.860041419,8.021899711
68.189298765,-1.867938660,7.976840664
68.211238694,-1.877368484,7.931958892
68.233178622,-1.888341634,7.887280154
68.255118551,-1.900871498,7.842832496
68.277058480,-1.914973976,7.798646782
68.298998409,-1.930643247,7.754818899
68.320938338,-1.947727379,7.711746676
68.342878266,-1.966160259,7.669506603
68.364818195,-1.985901286,7.628110287
68.386758124,-2.006913790,7.587567461
68.408698053,-2.029165569,7.547886930
68.430637982,-2.052629076,7.509077433
68.452577911,-2.077280486,7.471147788
68.474517839,-2.103099477,7.434107353
68.496457768,-2.130069046,7.397966466
68.518397697,-2.158175398,7.362736963
68.540337626,-2.187408370,7.328433194
68.562277555,-2.217760657,7.295072141
68.584217483,-2.249011095,7.262877542
68.606157412,-2.280894352,7.232049559
68.628097341,-2.313342596,7.202568552
68.650037270,-2.346293551,7.174411582
68.671977199,-2.379690577,7.147553539
68.693917128,-2.413482176,7.121967581
68.715857056,-2.447621715,7.097625768
68.737796985,-2.482067151,7.074499663
68.759736914,-2.516780703,7.052560820
68.781676843,-2.551728397,7.031780969
68.803616772,-2.586879821,7.012132447
68.825556700,-2.622207907,6.993588646
68.847496629,-2.657656297,6.976139138
68.869436558,-2.692997961,6.959842486
68.891376487,-2.728152928,6.944671451
68.913316416,-2.763076604,6.930580591
68.935256345,-2.797729021,6.917523399
68.957196273,-2.832074605,6.905453054
68.979136202,-2.866081811,6.894322874
69.001076131,-2.899722714,6.884086628
69.023016060,-2.932972241,6.874697511
69.044955989,-2.965807946,6.866108558
69.066895917,-2.998210003,6.858273996
69.088835846,-3.030160830,6.851149431
69.110775775,-3.061644719,6.844691954
69.132715704,-3.092771069,6.838836181
69.154655633,-3.123650767,6.833527973
69.176595562,-3.154272490,6.828742489
69.198535490,-3.184626151,6.824455010
69.220475419,-3.214702809,6.820641012
69.242415348,-3.244494577,6.817276203
69.264355277,-3.273994453,6.814335925
69.286295206,-3.303196250,6.811795087
69.308235134,-3.332094628,6.809628938
69.330175063,-3.360685004,6.807813142
69.352114992,-3.388963466,6.806323802
69.374054921,-3.416926685,6.805137490
69.395994850,-3.444589501,6.804230137
69.417934779,-3.472055617,6.803575083
69.439874707,-3.499341002,6.803156333
69.461814636,-3.526444307,6.802959531
69.483754565,-3.553364487,6.802970464
69.505694494,-3.580100798,6.803175643
69.527634423,-3.606652753,6.803562625
69.549574351,-3.633020058,6.804119193
69.571514280,-3.659202584,6.804833286
69.593454209,-3.685200344,6.805693001
69.615394138,-3.711013477,6.806686760
69.637334067,-3.736642222,6.807804525
69.659273995,-3.762086867,6.809037071
69.681213924,-3.787369545,6.810375764
69.703153853,-3.812512597,6.811813432
69.725093782,-3.837516680,6.813343230
69.747033711,-3.862382472,6.814958939
69.768973640,-3.887110642,6.816655560
69.790913568,-3.911701851,6.818428317
69.812853497,-3.936156750,6.820272514
69.834793426,-3.960475980,6.822183538
69.856733355,-3.984660166,6.824156883
69.878673284,-4.008709900,6.826188473
69.900613212,-4.032625743,6.828274538
69.922553141,-4.056408225,6.830411387
69.944493070,-4.080059543,6.832595503
69.966432999,-4.103590380,6.834824140
69.988372928,-4.127003080,6.837094256
70.010312857,-4.150298319,6.839402261
70.032252785,-4.173476774,6.841744529
70.054192714,-4.196539115,6.844117490
70.076132643,-4.219486002,6.846517632
70.098072572,-4.242318090,6.848941451
70.120012501,-4.265036085,6.851384609
70.141952429,-4.287640744,6.853842051
70.163892358,-4.310132819,6.856308756
70.185832287,-4.332513059,6.858779757
70.207772216,-4.354782203,6.861250142
70.229712145,-4.376948307,6.863715381
70.251652074,-4.399019491,6.866170209
70.273592002,-4.420996571,6.868608677
70.295531931,-4.442880351,6.871024876
70.317471860,-4.464671618,6.873412939
70.339411789,-4.486371139,6.875767023
70.361351718,-4.507979676,6.878081033
70.383291646,-4.529497988,6.880348566
70.405231575,-4.550926802,6.882563240
70.427171504,-4.572266804,6.884718708
70.449111433,-4.593518638,6.886808660
70.471051362,-4.614682894,6.888826916
70.492991291,-4.635761204,6.890767953
70.514931219,-4.656760720,6.892626978
70.536871148,-4.677682779,6.894398966
70.558811077,-4.698527525,6.896078847
70.580751006,-4.719295042,6.897661592
70.602690935,-4.739985305,6.899142959
70.624630863,-4.760598166,6.900519905
70.646570792,-4.781133418,6.901789521
70.668510721,-4.801590809,6.902948927
70.690450650,-4.821970033,6.903995275
70.712390579,-4.842270731,6.904925935
70.734330508,-4.862492425,6.905739824
70.756270436,-4.882634578,6.906436608
70.778210365,-4.902700008,6.907016168
70.800150294,-4.922691284,6.907478522
70.822090223,-4.942607474,6.907823599
70.844030152,-4.962447615,6.908051901
70.865970080,-4.982210712,6.908165089
70.887910009,-5.001895789,6.908165001
70.909849938,-5.021501892,6.908053510
70.931789867,-5.041028103,6.907832522
70.953729796,-5.060473538,6.907504004
70.975669725,-5.079837358,6.907070271
70.997609653,-5.099118776,6.906533876
71.019549582,-5.118317071,6.905897408
71.041489511,-5.137432421,6.905163494
71.063429440,-5.156469032,6.904334854
71.085369369,-5.175426731,6.903414133
71.107309297,-5.194304570,6.902403501
71.129249226,-5.213101671,6.901305068
71.151189155,-5.231817239,6.900120972
71.173129084,-5.250450559,6.898853380
71.195069013,-5.269001007,6.897504439
71.217008942,-5.287468022,6.896075509
71.238948870,-5.305851091,6.894567272
71.260888799,-5.324149776,6.892980411
71.282828728,-5.342363714,6.891315634
71.304768657,-5.360492622,6.889573667
71.326708586,-5.378540903,6.887754724
71.348648514,-5.396512499,6.885858063
71.370588443,-5.414406533,6.883883015
71.392528372,-5.432222169,6.881828927
71.414468301,-5.449958612,6.879695170
71.436408230,-5.467615111,6.877481114
71.458348159,-5.485190910,6.875185653
71.480288087,-5.502685225,6.872807129
71.502228016,-5.520097291,6.870343869
71.524167945,-5.537426366,6.867794220
71.546107874,-5.554671732,6.865156548
71.568047803,-5.571832690,6.862429188
71.589987731,-5.588910326,6.859610009
71.611927660,-5.605914418,6.856695672
71.633867589,-5.622845341,6.853684263
71.655807518,-5.639701648,6.850574146
71.677747447,-5.656481888,6.847363706
71.699687376,-5.673184628,6.844051411
71.721627304,-5.689808455,6.840635850
71.743567233,-5.706351964,6.837115637
71.765507162,-5.722813760,6.833489404
71.787447091,-5.739192457,6.829755802
71.809387020,-5.755486682,6.825913519
71.831326948,-5.771695114,6.821961427
71.853266877,-5.787816465,6.817898490
71.875206806,-5.803859382,6.813721390
71.897146735,-5.819832086,6.809427051
71.919086664,-5.835732672,6.805014822
71.941026593,-5.851559225,6.800484045
71.962966521,-5.867309822,6.795834021
71.984906450,-5.882982535,6.791064065
72.006846379,-5.898575439,6.786173510
72.028786308,-5.914086614,6.781161711
72.050726237,-5.929514130,6.776028007
72.072666165,-5.944855934,6.770771360
72.094606094,-5.960109876,6.765390504
72.116546023,-5.975273792,6.759884194
72.138485952,-5.990348424,6.754250207
72.160425881,-6.005348984,6.748481431
72.182365810,-6.020275693,6.742575723
72.204305738,-6.035125488,6.736531229
72.226245667,-6.049895184,6.730346009
72.248185596,-6.064581520,6.724018176
72.270125525,-6.079181161,6.717545902
72.292065454,-6.093690686,6.710927382
72.314005382,-6.108106329,6.704160243
72.335945311,-6.122423990,6.697241642
72.357885240,-6.136639450,6.690168801
72.379825169,-6.150748377,6.682939031
72.401765098,-6.164746327,6.675549733
72.423705026,-6.178640109,6.667992943
72.445644955,-6.192436203,6.660260481
72.467584884,-6.206129480,6.652349570
72.489524813,-6.219714670,6.644257556
72.511464742,-6.233186372,6.635981899
72.533404671,-6.246539050,6.627520194
72.555344599,-6.259767172,6.618870403
72.577284528,-6.272865242,6.610030888
72.599224457,-6.285827663,6.601000152
72.621164386,-6.298648732,6.591776818
72.643104315,-6.311322646,6.582359641
72.665044243,-6.323843632,6.572747725
72.686984172,-6.336208910,6.562940119
72.708924101,-6.348427645,6.552929270
72.730864030,-6.360497580,6.542714750
72.752803959,-6.372414128,6.532297636
72.774743888,-6.384172682,6.521679110
72.796683816,-6.395769332,6.510861505
72.818623745,-6.407201309,6.499848850
72.840563674,-6.418466014,6.488645343
72.862503603,-6.429560917,6.477255199
72.884443532,-6.440483562,6.465682660
72.906383460,-6.451231742,6.453932220
72.928323389,-6.461804748,6.442010259
72.950263318,-6.472202695,6.429924005
72.972203247,-6.482432231,6.417675732
72.994143176,-6.492500518,6.405267424
73.016083105,-6.502408696,6.392705786
73.038023033,-6.512158619,6.379998126
73.059962962,-6.521753500,6.367153062
73.081902891,-6.531196920,6.354179250
73.103842820,-6.540492673,6.341085201
73.125782749,-6.549644765,6.327879277
73.147722677,-6.558657450,6.314569738
73.169662606,-6.567535703,6.301165262
73.191602535,-6.576285053,6.287674714
73.213542464,-6.584911251,6.274106783
73.235482393,-6.593421141,6.260469133
73.257422322,-6.601826348,6.246764907
73.279362250,-6.610134511,6.233000906
73.301302179,-6.618352382,6.219184345
73.323242108,-6.626486845,6.205322212
73.345182037,-6.634544947,6.191421310
73.367121966,-6.642533890,6.177488254
73.389061894,-6.650460992,6.163529436
73.411001823,-6.658333005,6.149550412
73.432941752,-6.666156187,6.135556013
73.454881681,-6.673936872,6.121550909
73.476821610,-6.681681489,6.107539621
73.498761539,-6.689396560,6.093526529
73.520701467,-6.697089781,6.079513939
73.542641396,-6.704767815,6.065502626
73.564581325,-6.712435719,6.051494496
73.586521254,-6.720098567,6.037491374
73.608461183,-6.727761456,6.023494999
73.630401111,-6.735429465,6.009507005
73.652341040,-6.743106708,5.995528177
73.674280969,-6.750796144,5.981558375
73.696220898,-6.758500638,5.967597391
73.718160827,-6.766223018,5.953645000
73.740100756,-6.773966081,5.939700966
73.762040684,-6.781732346,5.925764860
73.783980613,-6.789522950,5.911835236
73.805920542,-6.797338708,5.897910030
73.827860471,-6.805180378,5.883987201
73.849800400,-6.813048629,5.870064772
73.871740328,-6.820944049,5.856140804
73.893680257,-6.828866525,5.842212985
73.915620186,-6.836814878,5.828278422
73.937560115,-6.844787755,5.814334260
73.959500044,-6.852783708,5.800377734
73.981439973,-6.860801200,5.786406171
74.003379901,-6.868838527,5.772416939
74.025319830,-6.876893218,5.758407088
74.047259759,-6.884962391,5.744373586
74.069199688,-6.893042577,5.730314330
74.091139617,-6.901130328,5.716227138
74.113079545,-6.909222648,5.702109034
74.135019474,-6.917316369,5.687957110
74.156959403,-6.925408064,5.673768480
74.178899332,-6.933494198,5.659540365
74.200839261,-6.941571158,5.645270111
74.222779190,-6.949635252,5.630955182
74.244719118,-6.957682737,5.616593181
74.266659047,-6.965710113,5.602181987
74.288598976,-6.973714014,5.587719693
74.310538905,-6.981691017,5.573204502
74.332478834,-6.989637476,5.558635057
74.354418762,-6.997548885,5.544011706
74.376358691,-7.005421842,5.529333187
74.398298620,-7.013253807,5.514598334
74.420238549,-7.021042335,5.499806118
74.442178478,-7.028784945,5.484955585
74.464118407,-7.036479123,5.470045853
74.486058335,-7.044122355,5.455076128
74.507998264,-7.051712772,5.440045981
74.529938193,-7.059249060,5.424955283
74.551878122,-7.066729908,5.409803958
74.573818051,-7.074153991,5.394591966
74.595757979,-7.081519971,5.379319310
74.617697908,-7.088826045,5.363987635
74.639637837,-7.096071136,5.348598769
74.661577766,-7.103254986,5.333153028
74.683517695,-7.110377330,5.317650743
74.705457624,-7.117437904,5.302092259
74.727397552,-7.124436443,5.286477935
74.749337481,-7.131372932,5.270808234
74.771277410,-7.138247640,5.255083725
74.793217339,-7.145060853,5.239304987
74.815157268,-7.151812861,5.223472594
74.837097196,-7.158503953,5.207587125
74.859037125,-7.165134428,5.191649156
74.880977054,-7.171704484,5.175659663
74.902916983,-7.178213699,5.159621512
74.924856912,-7.184662301,5.143535538
74.946796841,-7.191050646,5.127402176
74.968736769,-7.197379091,5.111221859
74.990676698,-7.203647880,5.094994982
75.012616627,-7.209857084,5.078721889
75.034556556,-7.216006758,5.062402923
75.056496485,-7.222096956,5.046038431
75.078436413,-7.228127731,5.029628759
75.100376342,-7.234099103,5.013174252
75.122316271,-7.240010832,4.996675188
75.144256200,-7.245862555,4.980131823
75.166196129,-7.251653528,4.963545882
75.188136057,-7.257383000,4.946919030
75.210075986,-7.263050590,4.930251452
75.232015915,-7.268655817,4.913543316
75.253955844,-7.274197984,4.896794756
75.275895773,-7.279676366,4.880005917
75.297835702,-7.285090231,4.863176958
75.319775630,-7.290438846,4.846308055
75.341715559,-7.295721464,4.829399398
75.363655488,-7.300937242,4.812451176
75.385595417,-7.306085269,4.795463582
75.407535346,-7.311164632,4.778436829
75.429475274,-7.316174351,4.761371480
75.451415203,-7.321113123,4.744269756
75.473355132,-7.325979946,4.727132196
75.495295061,-7.330773878,4.709959019
75.517234990,-7.335493975,4.692750465
75.539174919,-7.340139293,4.675506789
75.561114847,-7.344708882,4.658228266
75.583054776,-7.349201795,4.640915187
75.604994705,-7.353617144,4.623567869
75.626934634,-7.357954097,4.606186653
75.648874563,-7.362211820,4.588771895
75.670814491,-7.366389477,4.571323964
75.692754420,-7.370486235,4.553843245
75.714694349,-7.374501139,4.536331311
75.736634278,-7.378433333,4.518789736
75.758574207,-7.382282125,4.501218932
75.780514136,-7.386046821,4.483619320
75.802454064,-7.389726729,4.465991331
75.824393993,-7.393321158,4.448335405
75.846333922,-7.396829489,4.430651999
75.868273851,-7.400251188,4.412941585
75.890213780,-7.403585725,4.395204643
75.912153708,-7.406832573,4.377441656
75.934093637,-7.409991203,4.359653116
75.956033566,-7.413061103,4.341839522
75.977973495,-7.416041830,4.324001633
75.999913424,-7.418932893,4.306141462
76.021853353,-7.421733854,4.288259778
76.043793281,-7.424444293,4.270357105
76.065733210,-7.427063789,4.252433967
76.087673139,-7.429591954,4.234490895
76.109613068,-7.432028453,4.216528420
76.131552997,-7.434372954,4.198547077
76.153492925,-7.436625128,4.180547399
76.175432854,-7.438784647,4.162529923
76.197372783,-7.440851185,4.144495185
76.219312712,-7.442824454,4.126443723
76.241252641,-7.444704180,4.108376072
76.263192570,-7.446490094,4.090293579
76.285132498,-7.448181914,4.072197609
76.307072427,-7.449779348,4.054088731
76.329012356,-7.451282113,4.035967512
76.350952285,-7.452689944,4.017834518
76.372892214,-7.454002580,3.999690313
76.394832142,-7.455219760,3.981535459
76.416772071,-7.456341223,3.963370516
76.438712000,-7.457366710,3.945196042
76.460651929,-7.458295972,3.927012595
76.482591858,-7.459128763,3.908820728
76.504531787,-7.459864839,3.890620993
76.526471715,-7.460503967,3.872414085
76.548411644,-7.461045962,3.854201441
76.570351573,-7.461490583,3.835983810
76.592291502,-7.461837579,3.817761798
76.614231431,-7.462086704,3.799536006
76.636171359,-7.462237709,3.781307033
76.658111288,-7.462290349,3.763075475
76.680051217,-7.462244375,3.744841924
76.701991146,-7.462099543,3.726606971
76.723931075,-7.461855608,3.708371201
76.745871004,-7.461512326,3.690135198
76.767810932,-7.461069453,3.671899542
76.789750861,-7.460526745,3.653664810
76.811690790,-7.459883999,3.635431882
76.833630719,-7.459141015,3.617201694
76.855570648,-7.458297555,3.598974905
76.877510576,-7.457353379,3.580752166
76.899450505,-7.456308245,3.562534128
76.921390434,-7.455161914,3.544321437
76.943330363,-7.453914146,3.526114734
76.965270292,-7.452564698,3.507914658
76.987210221,-7.451113328,3.489721843
77.009150149,-7.449559794,3.471536920
77.031090078,-7.447903853,3.453360516
77.053030007,-7.446145259,3.435193252
77.074969936,-7.444283763,3.417035737
77.096909865,-7.442319110,3.398888561
77.118849793,-7.440251072,3.380752433
77.140789722,-7.438079427,3.362628075
77.162729651,-7.435803950,3.344516205
77.184669580,-7.433424413,3.326417537
77.206609509,-7.430940581,3.308332782
77.228549438,-7.428352216,3.290262649
77.250489366,-7.425659081,3.272207840
77.272429295,-7.422860940,3.254169056
77.294369224,-7.419957550,3.236146991
77.316309153,-7.416948654,3.218142343
77.338249082,-7.413833988,3.200155805
77.360189010,-7.410613155,3.182187616
77.382128939,-7.407285796,3.164238100
77.404068868,-7.403851698,3.146308073
77.426008797,-7.400310635,3.128398348
77.447948726,-7.396662347,3.110509750
77.469888655,-7.392906573,3.092643099
77.491828583,-7.389043049,3.074799213
77.513768512,-7.385071513,3.056978908
77.535708441,-7.380991696,3.039182998
77.557648370,-7.376803276,3.021412314
77.579588299,-7.372505898,3.003667700
77.601528227,-7.368099205,2.985949995
77.623468156,-7.363582754,2.968259809
77.645408085,-7.358955696,2.950596627
77.667348014,-7.354217641,2.932961202
77.689287943,-7.349368190,2.915354566
77.711227872,-7.344406930,2.897777761
77.733167800,-7.339333449,2.880231833
77.755107729,-7.334147340,2.862717832
77.777047658,-7.328848194,2.845236812
77.798987587,-7.323435492,2.827789880
77.820927516,-7.317908625,2.810378191
77.842867444,-7.312266988,2.793002912
77.864807373,-7.306509980,2.775665215
77.886747302,-7.300637007,2.758366284
77.908687231,-7.294646783,2.741105908
77.930627160,-7.288537946,2.723884053
77.952567088,-7.282309796,2.706702183
77.974507017,-7.275961646,2.689561775
77.996446946,-7.269492819,2.672464324
78.018386875,-7.262902648,2.655411340
78.040326804,-7.256190383,2.638404399
78.062266733,-7.249355178,2.621445152
78.084206661,-7.242396197,2.604535274
78.106146590,-7.235312618,2.587676460
78.128086519,-7.228103639,2.570870426
78.150026448,-7.220768465,2.554118912
78.171966377,-7.213306015,2.537423229
78.193906305,-7.205713934,2.520782401
78.215846234,-7.197991308,2.504197881
78.237786163,-7.190137516,2.487671617
78.259726092,-7.182151959,2.471205577
78.281666021,-7.174034145,2.454801699
78.303605950,-7.165783731,2.438461860
78.325545878,-7.157400405,2.422187944
78.347485807,-7.148883874,2.405981848
78.369425736,-7.140233866,2.389845486
78.391365665,-7.131450175,2.373780754
78.413305594,-7.122532979,2.357789316
78.435245522,-7.113482640,2.341872720
78.457185451,-7.104298040,2.326030300
78.479125380,-7.094978175,2.310261412
78.501065309,-7.085523596,2.294567632
78.523005238,-7.075935135,2.278950342
78.544945167,-7.066214179,2.263410510
78.566885095,-7.056362181,2.247949029
78.588825024,-7.046380589,2.232566762
78.610764953,-7.036270844,2.217264552
78.632704882,-7.026034429,2.202043174
78.654644811,-7.015673376,2.186902939
78.676584739,-7.005190057,2.171843827
78.698524668,-6.994586818,2.156865767
78.720464597,-6.983865499,2.141968041
78.742404526,-6.973025562,2.127146916
78.764344455,-6.962069079,2.112401402
78.786284384,-6.950999045,2.097730638
78.808224312,-6.939818493,2.083133626
78.830164241,-6.928530407,2.068609302
78.852104170,-6.917137722,2.054156537
78.874044099,-6.905643325,2.039774131
78.895984028,-6.894050137,2.025460744
78.917923956,-6.882361095,2.011214903
78.939863885,-6.870579080,1.997035066
78.961803814,-6.858706914,1.982919626
78.983743743,-6.846747358,1.968866911
79.005683672,-6.834700831,1.954872983
79.027623601,-6.822567397,1.940934139
79.049563529,-6.810349197,1.927048975
79.071503458,-6.798048328,1.913216048
79.093443387,-6.785666838,1.899433873
79.115383316,-6.773206711,1.885700939
79.137323245,-6.760669372,1.872016243
79.159263173,-6.748055619,1.858379391
79.181203102,-6.735366202,1.844790014
79.203143031,-6.722601857,1.831247738
79.225082960,-6.709763298,1.817752177
79.247022889,-6.696851054,1.804303133
79.268962818,-6.683864138,1.790900996
79.290902746,-6.670798466,1.777544031
79.312842675,-6.657652816,1.764232926
79.334782604,-6.644426563,1.750968889
79.356722533,-6.631119107,1.737753168
79.378662462,-6.617729394,1.724587641
79.400602390,-6.604255669,1.711475158
79.422542319,-6.590696188,1.698418710
79.444482248,-6.577049283,1.685421351
79.466422177,-6.563313359,1.672486190
79.488362106,-6.549486834,1.659616477
79.510302035,-6.535567707,1.646816183
79.532241963,-6.521553838,1.634089658
79.554181892,-6.507441145,1.621439791
79.576121821,-6.493225647,1.608869423
79.598061750,-6.478905510,1.596382949
79.620001679,-6.464478983,1.583984870
79.641941607,-6.449944363,1.571679829
79.663881536,-6.435300052,1.559472543
79.685821465,-6.420544563,1.547367790
79.707761394,-6.405676515,1.535370409
79.729701323,-6.390694668,1.523485248
79.751641252,-6.375598224,1.511716692
79.773581180,-6.360386695,1.500068831
79.795521109,-6.345059682,1.488545787
79.817461038,-6.329616456,1.477151453
79.839400967,-6.314054253,1.465888357
79.861340896,-6.298372673,1.454759895
79.883280824,-6.282572477,1.443768625
79.905220753,-6.266654588,1.432916914
79.927160682,-6.250619972,1.422207131
79.949100611,-6.234469638,1.411641646
79.971040540,-6.218204670,1.401222776
79.992980469,-6.201826759,1.390951813
80.014920397,-6.185338104,1.380829149
80.036860326,-6.168740912,1.370855119
80.058800255,-6.152037386,1.361030037
80.080740184,-6.135229721,1.351354190
80.102680113,-6.118318991,1.341826874
80.124620041,-6.101306749,1.332446112
80.146559970,-6.084195869,1.323210231
80.168499899,-6.066989181,1.314117516
80.190439828,-6.049689465,1.305166211
80.212379757,-6.032299464,1.296354508
80.234319686,-6.014822069,1.287680157
80.256259614,-5.997260337,1.279140399
80.278199543,-5.979617273,1.270732406
80.300139472,-5.961895818,1.262453305
80.322079401,-5.944098847,1.254300183
80.344019330,-5.926229162,1.246270111
80.365959258,-5.908289220,1.238360184
80.387899187,-5.890280275,1.230566983
80.409839116,-5.872204485,1.222887454
80.431779045,-5.854064158,1.215318598
80.453718974,-5.835861541,1.207857397
80.475658903,-5.817598537,1.200501507
80.497598831,-5.799276566,1.193249647
80.519538760,-5.780896992,1.186100620
80.541478689,-5.762461163,1.179053214
80.563418618,-5.743970410,1.172106207
80.585358547,-5.725425930,1.165258677
80.607298475,-5.706827973,1.158512169
80.629238404,-5.688176386,1.151869419
80.651178333,-5.669470557,1.145332991
80.673118262,-5.650709814,1.138905394
80.695058191,-5.631894005,1.132589325
80.716998120,-5.613022660,1.126388557
80.738938048,-5.594094613,1.120309112
80.760877977,-5.575108717,1.114357325
80.782817906,-5.556063938,1.108539563
80.804757835,-5.536959360,1.102862223
80.826697764,-5.517794216,1.097331614
80.848637692,-5.498568286,1.091952695
80.870577621,-5.479281715,1.086729553
80.892517550,-5.459934714,1.081666272
80.914457479,-5.440527498,1.076766924
80.936397408,-5.421059979,1.072035467
80.958337336,-5.401532838,1.067474233
80.980277265,-5.381948266,1.063080700
81.002217194,-5.362308653,1.058851450
81.024157123,-5.342616323,1.054783038
81.046097052,-5.322873537,1.050871988
81.068036981,-5.303082519,1.047114695
81.089976909,-5.283245953,1.043505592
81.111916838,-5.263366878,1.040037411
81.133856767,-5.243448226,1.036702789
81.155796696,-5.223492815,1.033494328
81.177736625,-5.203503345,1.030404593
81.199676553,-5.183482205,1.027426458
81.221616482,-5.163431218,1.024554202
81.243556411,-5.143352099,1.021782465
81.265496340,-5.123246488,1.019105867
81.287436269,-5.103115955,1.016519011
81.309376198,-5.082961987,1.014016529
81.331316126,-5.062785678,1.011594467
81.353256055,-5.042587703,1.009250514
81.375195984,-5.022368696,1.006982446
81.397135913,-5.002129269,1.004788038
81.419075842,-4.981870014,1.002665056
81.441015770,-4.961591442,1.000611552
81.462955699,-4.941293730,0.998627168
81.484895628,-4.920976936,0.996712104
81.506835557,-4.900641021,0.994866542
81.528775486,-4.880285949,0.993090663
81.550715415,-4.859911689,0.991384680
81.572655343,-4.839517919,0.989750393
81.594595272,-4.819103894,0.988192064
81.616535201,-4.798668885,0.986714181
81.638475130,-4.778212227,0.985321242
81.660415059,-4.757733313,0.984017754
81.682354987,-4.737231489,0.982808828
81.704294916,-4.716705357,0.981704285
81.726234845,-4.696153254,0.980716212
81.748174774,-4.675573367,0.979856678
81.770114703,-4.654963941,0.979137749
81.792054632,-4.634323586,0.978571555
81.813994560,-4.613650812,0.978171659
81.835934489,-4.592943797,0.977954622
81.857874418,-4.572200817,0.977937398
81.879814347,-4.551420304,0.978136961
81.901754276,-4.530600837,0.978570301
81.923694204,-4.509741184,0.979254072
81.945634133,-4.488840820,0.980200863
81.967574062,-4.467899673,0.981420636
81.989513991,-4.446917728,0.982923309
82.011453920,-4.425895171,0.984718825
82.033393849,-4.404832972,0.986817239
82.055333777,-4.383731824,0.989224886
82.077273706,-4.362593604,0.991937624
82.099213635,-4.341420334,0.994949424
82.121153564,-4.320213937,0.998254241
82.143093493,-4.298976236,1.001846013
82.165033421,-4.277708996,1.005718306
82.186973350,-4.256414631,1.009858272
82.208913279,-4.235096040,1.014247502
82.230853208,-4.213755952,1.018867384
82.252793137,-4.192396914,1.023699283
82.274733066,-4.171021296,1.028724542
82.296672994,-4.149627126,1.033923161
82.318612923,-4.128212375,1.039271648
82.340552852,-4.106779048,1.044746075
82.362492781,-4.085328963,1.050322498
82.384432710,-4.063863756,1.055976956
82.406372638,-4.042384898,1.061685468
82.428312567,-4.020893716,1.067423920
82.450252496,-3.999391401,1.073168045
82.472192425,-3.977879012,1.078893560
82.494132354,-3.956357483,1.084576170
82.516072283,-3.934827635,1.090191573
82.538012211,-3.913290147,1.095715904
82.559952140,-3.891747750,1.101128000
82.581892069,-3.870215002,1.106408855
82.603831998,-3.848694866,1.111538667
82.625771927,-3.827187893,1.116497437
82.647711855,-3.805694562,1.121265210
82.669651784,-3.784215051,1.125824983
82.691591713,-3.762749124,1.130164325
82.713531642,-3.741296493,1.134271201
82.735471571,-3.719856858,1.138133577
82.757411500,-3.698429904,1.141739420
82.779351428,-3.677015247,1.145077482
82.801291357,-3.655612033,1.148142733
82.823231286,-3.634219211,1.150933111
82.845171215,-3.612812632,1.153444677
82.867111144,-3.591367783,1.155672724
82.889051072,-3.569883203,1.157614080
82.910991001,-3.548357386,1.159268158
82.932930930,-3.526788594,1.160639797
82.954870859,-3.505175200,1.161734518
82.976810788,-3.483515733,1.162557837
82.998750717,-3.461808870,1.163115267
83.020690645,-3.440053414,1.163412565
83.042630574,-3.418248111,1.163458362
83.064570503,-3.396391711,1.163263142
83.086510432,-3.374483089,1.162837413
83.108450361,-3.352543689,1.162193303
83.130390289,-3.330707386,1.161352820
83.152330218,-3.308995794,1.160332685
83.174270147,-3.287407907,1.159148639
83.196210076,-3.265942589,1.157816463
83.218150005,-3.244598599,1.156351882
83.240089934,-3.223374610,1.154770575
83.262029862,-3.202269230,1.153088103
83.283969791,-3.181281087,1.151318778
83.305909720,-3.160408830,1.149475823
83.327849649,-3.139651077,1.147572381
83.349789578,-3.119006425,1.145621554
83.371729506,-3.098473463,1.143636401
83.393669435,-3.077851785,1.141616364
83.415609364,-3.056942329,1.139552799
83.437549293,-3.035745865,1.137446385
83.459489222,-3.014263298,1.135297513
83.481429151,-2.992495646,1.133106287
83.503369079,-2.970444012,1.130872473
83.525309008,-2.948109642,1.128594088
83.547248937,-2.925493918,1.126267171
83.569188866,-2.902598261,1.123887380
83.591128795,-2.879424120,1.121450090
83.613068723,-2.855972961,1.118950395
83.635008652,-2.832246280,1.116382842
83.656948581,-2.808307132,1.113744514
83.678888510,-2.784524806,1.111059465
83.700828439,-2.760959519,1.108339760
83.722768367,-2.737609876,1.105593691
83.744708296,-2.714474475,1.102829375
83.766648225,-2.691551956,1.100054293
83.788588154,-2.668841021,1.097275024
83.810528083,-2.646340401,1.094497927
83.832468012,-2.624048847,1.091729200
83.854407940,-2.601965137,1.088974886
83.876347869,-2.580088083,1.086240815
83.898287798,-2.558416556,1.083532231
83.920227727,-2.536949474,1.080854016
83.942167656,-2.515619505,1.078205221
83.964107584,-2.494359803,1.075582615
83.986047513,-2.473170044,1.072987529
84.007987442,-2.452049919,1.070421156
84.029927371,-2.430999140,1.067884428
84.051867300,-2.410017422,1.065378225
84.073807229,-2.389104479,1.062903412
84.095747157,-2.368260023,1.060460831
84.117687086,-2.347483768,1.058051304
84.139627015,-2.326775423,1.055675579
84.161566944,-2.306134699,1.053334346
84.183506873,-2.285561298,1.051028281
84.205446801,-2.265032236,1.048756508
84.227386730,-2.244411451,1.046508992
84.249326659,-2.223676810,1.044281065
84.271266588,-2.202828896,1.042069614
84.293206517,-2.181868294,1.039871526
84.315146446,-2.160795594,1.037683637
84.337086374,-2.139611394,1.035502741
84.359026303,-2.118316293,1.033325611
84.380966232,-2.096910875,1.031149433
84.402906161,-2.075395706,1.028971742
84.424846090,-2.053771361,1.026790045
84.446786018,-2.032038421,1.024601803
84.468725947,-2.010197473,1.022404433
84.490665876,-1.988295515,1.020198433
84.512605805,-1.966379151,1.017986772
84.534545734,-1.944448372,1.015770538
84.556485663,-1.922503168,1.013550819
84.578425591,-1.900543529,1.011328701
84.600365520,-1.878569444,1.009105285
84.622305449,-1.856580876,1.006882104
84.644245378,-1.834577760,1.004661191
84.666185307,-1.812560027,1.002444609
84.688125235,-1.790527603,1.000234416
84.710065164,-1.768480413,0.998032672
84.732005093,-1.746418376,0.995841461
84.753945022,-1.724336664,0.993662720
84.775884951,-1.702206857,0.991496590
84.797824880,-1.680024321,0.989344010
84.819764808,-1.657789154,0.987206151
84.841704737,-1.635501439,0.985084165
84.863644666,-1.613161257,0.982978894
84.885584595,-1.590768702,0.980890698
84.907524524,-1.568323848,0.978819887
84.929464452,-1.545826754,0.976766761
84.951404381,-1.523277457,0.974731605
84.973344310,-1.500675979,0.972714566
84.995284239,-1.478022389,0.970714748
85.017224168,-1.455316765,0.968730752
85.039164097,-1.432578178,0.966762594
85.061104025,-1.409825608,0.964811089
85.083043954,-1.387058980,0.962876010
85.104983883,-1.364278251,0.960956568
85.126923812,-1.341483462,0.959050794
85.148863741,-1.318674663,0.957156566
85.170803669,-1.295851913,0.955271763
85.192743598,-1.273015273,0.953394265
85.214683527,-1.250164813,0.951521878
85.236623456,-1.227300672,0.949651601
85.258563385,-1.204423040,0.947779909
85.280503314,-1.181532121,0.945903271
85.302443242,-1.158630910,0.944018391
85.324383171,-1.135736294,0.942123434
85.346323100,-1.112851253,0.940215704
85.368263029,-1.089976026,0.938292026
85.390202958,-1.067110877,0.936349176
85.412142886,-1.044256085,0.934383933
85.434082815,-1.021411951,0.932393076
85.456022744,-0.998578791,0.930373407
85.477962673,-0.975756907,0.928322054
85.499902602,-0.952946592,0.926236438
85.521842531,-0.930148152,0.924113987
85.543782459,-0.907361905,0.921952130
85.565722388,-0.884588182,0.919748299
85.587662317,-0.861837902,0.917501281
85.609602246,-0.839121848,0.915211194
85.631542175,-0.816440158,0.912877465
85.653482103,-0.793792973,0.910499517
85.675422032,-0.771180432,0.908076771
85.697361961,-0.748602677,0.905608665
85.719301890,-0.726059783,0.903095257
85.741241819,-0.703551746,0.900537325
85.763181748,-0.681078554,0.897935682
85.785121676,-0.658640189,0.895291138
85.807061605,-0.636236626,0.892604497
85.829001534,-0.613867823,0.889876679
85.850941463,-0.591535311,0.887109444
85.872881392,-0.569248798,0.884305862
85.894821320,-0.547009688,0.881468293
85.916761249,-0.524817720,0.878598915
85.938701178,-0.502672624,0.875699904
85.960641107,-0.480574105,0.872773583
85.982581036,-0.458521828,0.869822520
86.004520965,-0.436515450,0.866849292
86.026460893,-0.414554621,0.863856470
86.048400822,-0.392638981,0.860846616
86.070340751,-0.370768168,0.857822285
86.092280680,-0.348941811,0.854786033
86.114220609,-0.327159535,0.851740412
86.136160537,-0.305420226,0.848687875
86.158100466,-0.283722772,0.845630841
86.180040395,-0.262066797,0.842571797
86.201980324,-0.240451925,0.839513185
86.223920253,-0.218877791,0.836457359
86.245860182,-0.197344029,0.833406656
86.267800110,-0.175850276,0.830363407
86.289740039,-0.154396166,0.827329937
86.311679968,-0.132981340,0.824308557
86.333619897,-0.111605444,0.821301507
86.355559826,-0.090268135,0.818310978
86.377499754,-0.068969071,0.815339153
86.399439683,-0.047705908,0.812387980
86.421379612,-0.026466312,0.809458099
86.443319541,-0.005248056,0.806551002
86.465259470,0.015949059,0.803668279
86.487199398,0.037125227,0.800811501
86.509139327,0.058280635,0.797982235
86.531079256,0.079415469,0.795182047
86.553019185,0.100529907,0.792412489
86.574959114,0.121624099,0.789674899
86.596899043,0.142698173,0.786970424
86.618838971,0.163752252,0.784300208
86.640778900,0.184786455,0.781665388
86.662718829,0.205800896,0.779067104
86.684658758,0.226802778,0.776505596
86.706598687,0.247799197,0.773980347
86.728538615,0.268790097,0.771491352
86.750478544,0.289775424,0.769038607
86.772418473,0.310755124,0.766622107
86.794358402,0.331729143,0.764241833
86.816298331,0.352697386,0.761897326
86.838238260,0.373659716,0.759587624
86.860178188,0.394615997,0.757311733
86.882118117,0.415566100,0.755068661
86.904058046,0.436509900,0.752857412
86.925997975,0.457447269,0.750676894
86.947937904,0.478379556,0.748525325
86.969877832,0.499315658,0.746399940
86.991817761,0.520256877,0.744298465
87.013757690,0.541203009,0.742218749
87.035697619,0.562153857,0.740158636
87.057637548,0.583109227,0.738115848
87.079577477,0.604068921,0.736087920
87.101517405,0.625032748,0.734072365
87.123457334,0.646000532,0.732066700
87.145397263,0.666972106,0.730068437
87.167337192,0.687947317,0.728075117
87.189277121,0.708926038,0.726084488
87.211217049,0.729908157,0.724094402
87.233156978,0.750899958,0.722102206
87.255096907,0.771907705,0.720105025
87.277036836,0.792931274,0.718100377
87.298976765,0.813970563,0.716086027
87.320916694,0.835025509,0.714060271
87.342856622,0.856096051,0.712021469
87.364796551,0.877182133,0.709967981
87.386736480,0.898283698,0.707898163
87.408676409,0.919400691,0.705810424
87.430616338,0.940533092,0.703703743
87.452556266,0.961680901,0.701577468
87.474496195,0.982844113,0.699430954
87.496436124,1.004024521,0.697263443
87.518376053,1.025232904,0.695073479
87.540315982,1.046470998,0.692860113
87.562255911,1.067738751,0.690623013
87.584195839,1.089036105,0.688361944
87.606135768,1.110362989,0.686076664
87.628075697,1.131719323,0.683766930
87.650015626,1.153105015,0.681432509
87.671955555,1.174519976,0.679073421
87.693895483,1.195964116,0.676689907
87.715835412,1.217437335,0.674282209
87.737775341,1.238939522,0.671850568
