s_m,x_m,y_m
0.000000000,1.192835757,-0.733968607
0.021939929,1.215010613,-0.735271793
0.043879858,1.237150070,-0.736579214
0.065819786,1.259254140,-0.737890130
0.087759715,1.281322830,-0.739203794
0.109699644,1.303356142,-0.740519455
0.131639573,1.325354074,-0.741836351
0.153579502,1.347316627,-0.743153608
0.175519431,1.369243804,-0.744470219
0.197459359,1.391135610,-0.745785167
0.219399288,1.412992047,-0.747097426
0.241339217,1.434813121,-0.748405967
0.263279146,1.456598841,-0.749709728
0.285219075,1.478350830,-0.751007563
0.307159003,1.500078755,-0.752298454
0.329098932,1.521784276,-0.753580813
0.351038861,1.543467456,-0.754852967
0.372978790,1.565128362,-0.756113241
0.394918719,1.586767067,-0.757359989
0.416858648,1.608383648,-0.758591609
0.438798576,1.629978194,-0.759806500
0.460738505,1.651550798,-0.761003060
0.482678434,1.673101566,-0.762179687
0.504618363,1.694630611,-0.763334822
0.526558292,1.716138039,-0.764467271
0.548498220,1.737623957,-0.765576018
0.570438149,1.759097153,-0.766660410
0.592378078,1.780566434,-0.767719453
0.614318007,1.802031946,-0.768751613
0.636257936,1.823493828,-0.769755677
0.658197865,1.844952184,-0.770731098
0.680137793,1.866407119,-0.771677414
0.702077722,1.887858741,-0.772594163
0.724017651,1.909307162,-0.773480884
0.745957580,1.930752494,-0.774337180
0.767897509,1.952194808,-0.775163394
0.789837437,1.973634150,-0.775960354
0.811777366,1.995070563,-0.776728891
0.833717295,2.016505616,-0.777469923
0.855657224,2.037948486,-0.778184658
0.877597153,2.059400714,-0.778873932
0.899537082,2.080862262,-0.779539251
0.921477010,2.102333078,-0.780182255
0.943416939,2.123813102,-0.780804585
0.965356868,2.145302267,-0.781407879
0.987296797,2.166800498,-0.781993798
1.009236726,2.188307685,-0.782564402
1.031176654,2.209823689,-0.783122092
1.053116583,2.231348361,-0.783669279
1.075056512,2.252881545,-0.784208377
1.096996441,2.274423074,-0.784741794
1.118936370,2.295973072,-0.785272003
1.140876299,2.317531642,-0.785801634
1.162816227,2.339098585,-0.786333335
1.184756156,2.360673693,-0.786869756
1.206696085,2.382256750,-0.787413545
1.228636014,2.403847536,-0.787967344
1.250575943,2.425445829,-0.788533691
1.272515871,2.447051414,-0.789114999
1.294455800,2.468664067,-0.789713675
1.316395729,2.490283563,-0.790332125
1.338335658,2.511909669,-0.790972752
1.360275587,2.533542155,-0.791637888
1.382215516,2.555180140,-0.792329401
1.404155444,2.576819373,-0.793048841
1.426095373,2.598458989,-0.793798096
1.448035302,2.620098800,-0.794579111
1.469975231,2.641738613,-0.795393821
1.491915160,2.663378258,-0.796243838
1.513855088,2.685017604,-0.797130262
1.535795017,2.706656519,-0.798054152
1.557734946,2.728294872,-0.799016565
1.579674875,2.749932528,-0.800018559
1.601614804,2.771569360,-0.801061113
1.623554732,2.793205286,-0.802144591
1.645494661,2.814840250,-0.803269060
1.667434590,2.836474822,-0.804434631
1.689374519,2.858109575,-0.805641389
1.711314448,2.879744453,-0.806889356
1.733254377,2.901379427,-0.808178272
1.755194305,2.923014519,-0.809507274
1.777134234,2.944649759,-0.810875422
1.799074163,2.966285180,-0.812281779
1.821014092,2.987920816,-0.813725406
1.842954021,3.009556707,-0.815205324
1.864893949,3.031192937,-0.816720074
1.886833878,3.052829618,-0.818267890
1.908773807,3.074466866,-0.819847001
1.930713736,3.096105384,-0.821455680
1.952653665,3.117748794,-0.823092383
1.974593594,3.139397827,-0.824755100
1.996533522,3.161052670,-0.826441361
2.018473451,3.182713523,-0.828148623
2.040413380,3.204380589,-0.829874345
2.062353309,3.226054072,-0.831615985
2.084293238,3.247734186,-0.833370991
2.106233166,3.269421156,-0.835136654
2.128173095,3.291115228,-0.836910125
2.150113024,3.312816648,-0.838688550
2.172052953,3.334525665,-0.840469076
2.193992882,3.356242532,-0.842248849
2.215932811,3.377969396,-0.844025185
2.237872739,3.399708407,-0.845795387
2.259812668,3.421459823,-0.847556587
2.281752597,3.443223901,-0.849305913
2.303692526,3.465000899,-0.851040495
2.325632455,3.486791074,-0.852757471
2.347572383,3.508594655,-0.854454255
2.369512312,3.530411842,-0.856128582
2.391452241,3.552242831,-0.857778205
2.413392170,3.574087815,-0.859400875
2.435332099,3.595946987,-0.860994342
2.457272028,3.617820521,-0.862556490
2.479211956,3.639708470,-0.864085935
2.501151885,3.661610603,-0.865581536
2.523091814,3.683526940,-0.867042181
2.545031743,3.705457552,-0.868466763
2.566971672,3.727402506,-0.869854182
2.588911600,3.749361813,-0.871203874
2.610851529,3.771335407,-0.872516108
2.632791458,3.793323210,-0.873791223
2.654731387,3.815325142,-0.875029558
2.676671316,3.837341119,-0.876231450
2.698611245,3.859371045,-0.877397346
2.720551173,3.881414741,-0.878528578
2.742491102,3.903471985,-0.879626892
2.764431031,3.925543734,-0.880694135
2.786370960,3.947630937,-0.881732092
2.808310889,3.969733365,-0.882742432
2.830250817,3.991850761,-0.883727113
2.852190746,4.013982815,-0.884688705
2.874130675,4.036129211,-0.885629851
2.896070604,4.058289636,-0.886553197
2.918010533,4.080463778,-0.887461387
2.939950462,4.102651328,-0.888357076
2.961890390,4.124851969,-0.889243069
2.983830319,4.147065379,-0.890122267
3.005770248,4.169291243,-0.890997571
3.027710177,4.191530358,-0.891871971
3.049650106,4.213789047,-0.892748776
3.071590034,4.236068108,-0.893630545
3.093529963,4.258367268,-0.894519404
3.115469892,4.280686270,-0.895417416
3.137409821,4.303024869,-0.896326645
3.159349750,4.325382830,-0.897249152
3.181289679,4.347759935,-0.898186968
3.203229607,4.370156023,-0.899141587
3.225169536,4.392570984,-0.900114039
3.247109465,4.415004721,-0.901105337
3.269049394,4.437457150,-0.902116494
3.290989323,4.459928201,-0.903148519
3.312929251,4.482416815,-0.904202161
3.334869180,4.504921989,-0.905277423
3.356809109,4.527443760,-0.906374204
3.378749038,4.549982174,-0.907492403
3.400688967,4.572537289,-0.908631914
3.422628896,4.595109172,-0.909792620
3.444568824,4.617697932,-0.910973985
3.466508753,4.640303721,-0.912174988
3.488448682,4.662926699,-0.913394582
3.510388611,4.685567033,-0.914631718
3.532328540,4.708224895,-0.915885346
3.554268468,4.730900469,-0.917154355
3.576208397,4.753591883,-0.918437198
3.598148326,4.776286849,-0.919731869
3.620088255,4.798983458,-0.921037345
3.642028184,4.821681876,-0.922352746
3.663968113,4.844382268,-0.923677192
3.685908041,4.867084795,-0.925009773
3.707847970,4.889789620,-0.926349529
3.729787899,4.912496901,-0.927695499
3.751727828,4.935206792,-0.929046717
3.773667757,4.957919443,-0.930402219
3.795607685,4.980635003,-0.931761048
3.817547614,5.003353611,-0.933122299
3.839487543,5.026075402,-0.934485093
3.861427472,5.048786478,-0.935848078
3.883367401,5.071472886,-0.937210642
3.905307330,5.094134662,-0.938573021
3.927247258,5.116771835,-0.939935454
3.949187187,5.139384423,-0.941298183
3.971127116,5.161972431,-0.942661452
3.993067045,5.184535858,-0.944025498
4.015006974,5.207074691,-0.945390556
4.036946902,5.229588908,-0.946756851
4.058886831,5.252078483,-0.948124514
4.080826760,5.274543382,-0.949493613
4.102766689,5.296983560,-0.950864216
4.124706618,5.319397324,-0.952236339
4.146646547,5.341774742,-0.953609960
4.168586475,5.364114081,-0.954985502
4.190526404,5.386415245,-0.956363272
4.212466333,5.408678132,-0.957743533
4.234406262,5.430902629,-0.959126544
4.256346191,5.453088616,-0.960512556
4.278286119,5.475235966,-0.961901804
4.300226048,5.497344547,-0.963294376
4.322165977,5.519414226,-0.964690233
4.344105906,5.541444866,-0.966089322
4.366045835,5.563436321,-0.967491585
4.387985763,5.585388445,-0.968896955
4.409925692,5.607308787,-0.970305450
4.431865621,5.629204947,-0.971716583
4.453805550,5.651076857,-0.973129523
4.475745479,5.672924446,-0.974543436
4.497685408,5.694747648,-0.975957484
4.519625336,5.716546393,-0.977370827
4.541565265,5.738320619,-0.978782548
4.563505194,5.760070268,-0.980191654
4.585445123,5.781795283,-0.981597141
4.607385052,5.803495614,-0.982998002
4.629324980,5.825171216,-0.984393228
4.651264909,5.846822047,-0.985781797
4.673204838,5.868450878,-0.987162683
4.695144767,5.890074528,-0.988534908
4.717084696,5.911695866,-0.989896711
4.739024625,5.933314966,-0.991246226
4.760964553,5.954931908,-0.992581588
4.782904482,5.976546774,-0.993900934
4.804844411,5.998159652,-0.995202406
4.826784340,6.019770632,-0.996484143
4.848724269,6.041379809,-0.997744286
4.870664197,6.062987283,-0.998980977
4.892604126,6.084593156,-1.000192374
4.914544055,6.106197531,-1.001376775
4.936483984,6.127800512,-1.002532545
4.958423913,6.149408718,-1.003658216
4.980363842,6.171028797,-1.004752038
5.002303770,6.192660898,-1.005811950
5.024243699,6.214305162,-1.006836046
5.046183628,6.235961716,-1.007822743
5.068123557,6.257630681,-1.008770495
5.090063486,6.279312178,-1.009677758
5.112003414,6.301006322,-1.010542986
5.133943343,6.322713224,-1.011364672
5.155883272,6.344432973,-1.012141772
5.177823201,6.366165640,-1.012873540
5.199763130,6.387911292,-1.013559231
5.221703059,6.409668732,-1.014198058
5.243642987,6.431430467,-1.014789134
5.265582916,6.453195285,-1.015332225
5.287522845,6.474963206,-1.015827827
5.309462774,6.496734245,-1.016276558
5.331402703,6.518508415,-1.016679033
5.353342631,6.540285726,-1.017035869
5.375282560,6.562066188,-1.017347716
5.397222489,6.583849783,-1.017615810
5.419162418,6.605636469,-1.017841897
5.441102347,6.627426203,-1.018027738
5.463042276,6.649218937,-1.018175095
5.484982204,6.671014621,-1.018285730
5.506922133,6.692803033,-1.018361254
5.528862062,6.714573950,-1.018404489
5.550801991,6.736327324,-1.018419012
5.572741920,6.758063111,-1.018408398
5.594681848,6.779781268,-1.018376221
5.616621777,6.801481754,-1.018326064
5.638561706,6.823164508,-1.018261898
5.660501635,6.844829447,-1.018188135
5.682441564,6.866476485,-1.018109210
5.704381493,6.888105528,-1.018029559
5.726321421,6.909716480,-1.017953613
5.748261350,6.931309234,-1.017885837
5.770201279,6.952883789,-1.017830888
5.792141208,6.974440739,-1.017793498
5.814081137,6.995980038,-1.017778353
5.836021065,7.017501504,-1.017790128
5.857960994,7.039004939,-1.017833495
5.879900923,7.060490144,-1.017912912
5.901840852,7.081956922,-1.018032512
5.923780781,7.103405063,-1.018196398
5.945720710,7.124834339,-1.018408669
5.967660638,7.146244507,-1.018673425
5.989600567,7.167635311,-1.018994648
6.011540496,7.189006528,-1.019375429
6.033480425,7.210357948,-1.019818431
6.055420354,7.231700637,-1.020326869
6.077360282,7.253045613,-1.020903455
6.099300211,7.274392578,-1.021550089
6.121240140,7.295741262,-1.022268093
6.143180069,7.317091473,-1.023057578
6.165119998,7.338443031,-1.023918504
6.187059927,7.359795755,-1.024850829
6.208999855,7.381149470,-1.025854511
6.230939784,7.402504004,-1.026929418
6.252879713,7.423859266,-1.028074366
6.274819642,7.445215217,-1.029287493
6.296759571,7.466571826,-1.030566925
6.318699499,7.487933061,-1.031911055
6.340639428,7.509322864,-1.033319199
6.362579357,7.530745319,-1.034788465
6.384519286,7.552200601,-1.036314930
6.406459215,7.573688914,-1.037894538
6.428399144,7.595210487,-1.039523226
6.450339072,7.616765564,-1.041196929
6.472279001,7.638354409,-1.042911574
6.494218930,7.659977303,-1.044663085
6.516158859,7.681634539,-1.046447383
6.538098788,7.703326423,-1.048260385
6.560038716,7.725053273,-1.050097999
6.581978645,7.746815416,-1.051956129
6.603918574,7.768624806,-1.053831625
6.625858503,7.790493407,-1.055721472
6.647798432,7.812421575,-1.057621762
6.669738361,7.834409671,-1.059528568
6.691678289,7.856458058,-1.061437946
6.713618218,7.878567101,-1.063345958
6.735558147,7.900737103,-1.065249415
6.757498076,7.922968303,-1.067145991
6.779438005,7.945260935,-1.069033393
6.801377933,7.967615236,-1.070909311
6.823317862,7.990031442,-1.072771414
6.845257791,8.012509777,-1.074617572
6.867197720,8.035050403,-1.076446853
6.889137649,8.057653554,-1.078258732
6.911077578,8.080319300,-1.080052650
6.933017506,8.103047695,-1.081828028
6.954957435,8.125838809,-1.083584278
6.976897364,8.148692691,-1.085321351
6.998837293,8.171609360,-1.087040046
7.020777222,8.194588860,-1.088741214
7.042717150,8.217631270,-1.090425694
7.064657079,8.240736704,-1.092094304
7.086597008,8.263905316,-1.093747912
7.108536937,8.287137270,-1.095387889
7.130476866,8.310432773,-1.097015837
7.152416794,8.333779288,-1.098632874
7.174356723,8.357164181,-1.100240837
7.196296652,8.380587595,-1.101842386
7.218236581,8.404049731,-1.103440183
7.240176510,8.427550847,-1.105036905
7.262116439,8.451091267,-1.106635222
7.284056367,8.474671375,-1.108237799
7.305996296,8.498291624,-1.109847290
7.327936225,8.521952536,-1.111466303
7.349876154,8.545654716,-1.113096987
7.371816083,8.569398840,-1.114741191
7.393756011,8.593185651,-1.116400747
7.415695940,8.617016576,-1.118077483
7.437635869,8.640896156,-1.119773156
7.459575798,8.664825898,-1.121488999
7.481515727,8.688806766,-1.123225198
7.503455656,8.712839788,-1.124981742
7.525395584,8.736926052,-1.126758599
7.547335513,8.761066707,-1.128555719
7.569275442,8.785262963,-1.130372964
7.591215371,8.809516079,-1.132209047
7.613155300,8.833827343,-1.134061676
7.635095228,8.858198073,-1.135928504
7.657035157,8.882629618,-1.137807161
7.678975086,8.907123353,-1.139695251
7.700915015,8.931697555,-1.141589190
7.722854944,8.956370581,-1.143482564
7.744794873,8.981143956,-1.145368665
7.766734801,9.006019213,-1.147240728
7.788674730,9.030997886,-1.149091932
7.810614659,9.056081502,-1.150915357
7.832554588,9.081271513,-1.152702855
7.854494517,9.106569245,-1.154444869
7.876434445,9.131975946,-1.156131707
7.898374374,9.157492778,-1.157753619
7.920314303,9.183120813,-1.159300798
7.942254232,9.208860995,-1.160763146
7.964194161,9.234728862,-1.162127814
7.986134090,9.260814231,-1.163372235
8.008074018,9.287133201,-1.164477182
8.030013947,9.313686887,-1.165424326
8.051953876,9.340476164,-1.166195080
8.073893805,9.367501597,-1.166770366
8.095833734,9.394763368,-1.167130486
8.117773662,9.422261268,-1.167255471
8.139713591,9.449994651,-1.167125122
8.161653520,9.477962382,-1.166719019
8.183593449,9.506162805,-1.166016628
8.205533378,9.534593795,-1.164997903
8.227473307,9.563252677,-1.163642955
8.249413235,9.592305141,-1.161898150
8.271353164,9.621916672,-1.159695535
8.293293093,9.652082956,-1.156992478
8.315233022,9.682798505,-1.153745634
8.337172951,9.714056621,-1.149911848
8.359112879,9.745848841,-1.145446747
8.381052808,9.778164583,-1.140304624
8.402992737,9.810990823,-1.134438565
8.424932666,9.844311805,-1.127800781
8.446872595,9.878109275,-1.120344592
8.468812524,9.912362076,-1.112023944
8.490752452,9.947045508,-1.102792458
8.512692381,9.982133528,-1.092602796
8.534632310,10.017613581,-1.081400220
8.556572239,10.053465107,-1.069129911
8.578512168,10.089663017,-1.055737355
8.600452096,10.126178562,-1.041166254
8.622392025,10.162978583,-1.025358459
8.644331954,10.200024852,-1.008254344
8.666271883,10.237273412,-0.989793344
8.688211812,10.274674261,-0.969915184
8.710151741,10.312170723,-0.948560543
8.732091669,10.349698568,-0.925671432
8.754031598,10.387185492,-0.901192292
8.775971527,10.424550738,-0.875071253
8.797911456,10.461375947,-0.847537151
8.819851385,10.497293910,-0.818863527
8.841791313,10.532293355,-0.789067101
8.863731242,10.566361728,-0.758161994
8.885671171,10.599484861,-0.726159947
8.907611100,10.631646649,-0.693070532
8.929551029,10.662827932,-0.658900724
8.951490958,10.693005981,-0.623655214
8.973430886,10.722155102,-0.587337608
8.995370815,10.750246471,-0.549950854
9.017310744,10.777247927,-0.511497637
9.039250673,10.803123484,-0.471980638
9.061190602,10.827768141,-0.431515976
9.083130530,10.850792031,-0.390820839
9.105070459,10.872181976,-0.350088544
9.127010388,10.891996132,-0.309393225
9.148950317,10.910295095,-0.268800234
9.170890246,10.927139988,-0.228366415
9.192830175,10.942591021,-0.188140705
9.214770103,10.956707707,-0.148165329
9.236710032,10.969548320,-0.108476562
9.258649961,10.981169407,-0.069105424
9.280589890,10.991625414,-0.030078360
9.302529819,11.000968384,0.008582138
9.324469747,11.009247826,0.046856933
9.346409676,11.016489146,0.084607702
9.368349605,11.022727416,0.121682450
9.390289534,11.028024367,0.158048085
9.412229463,11.032441465,0.193676822
9.434169392,11.036040141,0.228545599
9.456109320,11.038880186,0.262635730
9.478049249,11.041019264,0.295932352
9.499989178,11.042512671,0.328423859
9.521929107,11.043413364,0.360101359
9.543869036,11.043773847,0.390958094
9.565808964,11.043645344,0.420989126
9.587748893,11.043076392,0.450191007
9.609688822,11.042114176,0.478649628
9.631628751,11.040796794,0.506891944
9.653568680,11.039134752,0.535002621
9.675508609,11.037138284,0.562978252
9.697448537,11.034818080,0.590815765
9.719388466,11.032184812,0.618512428
9.741328395,11.029249125,0.646065831
9.763268324,11.026021711,0.673473884
9.785208253,11.022514619,0.700734852
9.807148181,11.018741064,0.727847389
9.829088110,11.014714243,0.754810498
9.851028039,11.010447289,0.781623519
9.872967968,11.005953272,0.808286108
9.894907897,11.001246309,0.834785979
9.916847826,10.996341676,0.861111461
9.938787754,10.991254036,0.887263596
9.960727683,10.985997943,0.913243719
9.982667612,10.980587836,0.939053440
10.004607541,10.975038023,0.964694617
10.026547470,10.969362158,0.990169284
10.048487398,10.963573165,1.015479607
10.070427327,10.957683820,1.040627918
10.092367256,10.951706787,1.065616703
10.114307185,10.945654622,1.090448584
10.136247114,10.939539494,1.115126266
10.158187042,10.933370627,1.139661292
10.180126971,10.927149179,1.164109614
10.202066900,10.920880805,1.188481963
10.224006829,10.914572266,1.212780157
10.245946758,10.908230271,1.237006077
10.267886687,10.901860494,1.261161516
10.289826615,10.895467025,1.285248060
10.311766544,10.889053795,1.309267295
10.333706473,10.882624709,1.333220818
10.355646402,10.876183651,1.357110243
10.377586331,10.869734296,1.380937159
10.399526259,10.863278831,1.404702900
10.421466188,10.856818732,1.428408653
10.443406117,10.850357259,1.452046491
10.465346046,10.843898138,1.475608714
10.487285975,10.837443503,1.499096800
10.509225904,10.830994963,1.522512091
10.531165832,10.824553052,1.545855672
10.553105761,10.818118155,1.569128543
10.575045690,10.811690642,1.592331649
10.596985619,10.805270872,1.615465876
10.618925548,10.798859136,1.638532045
10.640865476,10.792455130,1.661530795
10.662805405,10.786058158,1.684462621
10.684745334,10.779667510,1.707327955
10.706685263,10.773283411,1.730123078
10.728625192,10.766911255,1.752824007
10.750565121,10.760552301,1.775427500
10.772505049,10.754206591,1.797934302
10.794444978,10.747874090,1.820345079
10.816384907,10.741554732,1.842660437
10.838324836,10.735248423,1.864880924
10.860264765,10.728955039,1.887007035
10.882204693,10.722674440,1.909039214
10.904144622,10.716406470,1.930977866
10.926084551,10.710150939,1.952823350
10.948024480,10.703907628,1.974575988
10.969964409,10.697676287,1.996236067
10.991904338,10.691457347,2.017801333
11.013844266,10.685251558,2.039269669
11.035784195,10.679059094,2.060641526
11.057724124,10.672880089,2.081917335
11.079664053,10.666714637,2.103097520
11.101603982,10.660562799,2.124182494
11.123543910,10.654424866,2.145172737
11.145483839,10.648301393,2.166068803
11.167423768,10.642192912,2.186871255
11.189363697,10.636099911,2.207580661
11.211303626,10.630022834,2.228197602
11.233243555,10.623962169,2.248722696
11.255183483,10.617919050,2.269155879
11.277123412,10.611895844,2.289493056
11.299063341,10.605893975,2.309734193
11.321003270,10.599914624,2.329880096
11.342943199,10.593958926,2.349931598
11.364883127,10.588028297,2.369889640
11.386823056,10.582124618,2.389755313
11.408762985,10.576249765,2.409529750
11.430702914,10.570405564,2.429214115
11.452642843,10.564593791,2.448809609
11.474582772,10.558816261,2.468317486
11.496522700,10.553075432,2.487739197
11.518462629,10.547374047,2.507076296
11.540402558,10.541715385,2.526327813
11.562342487,10.536102829,2.545492539
11.584282416,10.530539210,2.564571707
11.606222344,10.525027707,2.583566666
11.628162273,10.519572283,2.602478951
11.650102202,10.514176965,2.621310133
11.672042131,10.508845739,2.640061796
11.693982060,10.503582554,2.658735535
11.715921989,10.498391387,2.677332967
11.737861917,10.493276969,2.695855864
11.759801846,10.488244503,2.714306083
11.781741775,10.483299173,2.732685467
11.803681704,10.478446065,2.750996249
11.825621633,10.473689925,2.769242312
11.847561561,10.469036111,2.787424940
11.869501490,10.464490714,2.805545027
11.891441419,10.460059924,2.823603425
11.913381348,10.455749910,2.841600918
11.935321277,10.451566819,2.859538219
11.957261206,10.447516787,2.877415970
11.979201134,10.443606087,2.895234757
12.001141063,10.439841116,2.912995095
12.023080992,10.436228249,2.930697411
12.045020921,10.432773843,2.948342036
12.066960850,10.429484230,2.965929203
12.088900778,10.426364173,2.983473867
12.110840707,10.423417786,3.000989831
12.132780636,10.420650392,3.018475444
12.154720565,10.418067291,3.035928945
12.176660494,10.415673757,3.053348461
12.198600423,10.413475016,3.070732002
12.220540351,10.411475662,3.088077437
12.242480280,10.409679557,3.105382512
12.264420209,10.408090489,3.122644890
12.286360138,10.406712206,3.139862159
12.308300067,10.405548415,3.157031822
12.330239995,10.404602588,3.174151306
12.352179924,10.403877091,3.191224604
12.374119853,10.403373672,3.208288468
12.396059782,10.403093591,3.225345857
12.417999711,10.403038026,3.242393024
12.439939640,10.403208102,3.259426190
12.461879568,10.403604393,3.276441572
12.483819497,10.404226647,3.293435422
12.505759426,10.405074500,3.310404007
12.527699355,10.406147542,3.327343615
12.549639284,10.407445317,3.344250549
12.571579212,10.408967269,3.361121138
12.593519141,10.410712339,3.377951777
12.615459070,10.412679213,3.394738922
12.637398999,10.414868826,3.411500672
12.659338928,10.417281751,3.428255304
12.681278857,10.419916060,3.444999607
12.703218785,10.422769759,3.461730417
12.725158714,10.425840760,3.478444620
12.747098643,10.429126931,3.495139150
12.769038572,10.432626106,3.511810985
12.790978501,10.436336087,3.528457149
12.812918429,10.440254657,3.545074709
12.834858358,10.444379705,3.561660748
12.856798287,10.448709178,3.578212372
12.878738216,10.453240997,3.594726723
12.900678145,10.457973818,3.611204533
12.922618073,10.462910054,3.627664676
12.944558002,10.468048179,3.644108815
12.966497931,10.473385973,3.660535101
12.988437860,10.478921209,3.676941706
13.010377789,10.484651639,3.693326825
13.032317718,10.490574988,3.709688680
13.054257646,10.496688955,3.726025522
13.076197575,10.502991093,3.742335663
13.098137504,10.509478832,3.758617475
13.120077433,10.516149581,3.774869368
13.142017362,10.523000730,3.791089782
13.163957290,10.530029656,3.807277195
13.185897219,10.537235722,3.823436858
13.207837148,10.544617875,3.839574885
13.229777077,10.552172858,3.855691104
13.251717006,10.559897408,3.871785389
13.273656935,10.567788259,3.887857658
13.295596863,10.575842131,3.903907880
13.317536792,10.584055295,3.919936234
13.339476721,10.592423517,3.935943152
13.361416650,10.600942539,3.951929142
13.383356579,10.609608115,3.967894779
13.405296507,10.618416010,3.983840701
13.427236436,10.627361893,3.999767653
13.449176365,10.636441247,4.015677627
13.471116294,10.645651386,4.031577801
13.493056223,10.654987823,4.047471207
13.514996152,10.664445713,4.063360037
13.536936080,10.674020225,4.079246544
13.558876009,10.683706414,4.095133105
13.580815938,10.693499146,4.111022253
13.602755867,10.703393286,4.126916588
13.624695796,10.713383721,4.142818774
13.646635724,10.723465353,4.158731527
13.668575653,10.733633136,4.174657602
13.690515582,10.743882308,4.190599671
13.712455511,10.754208250,4.206560386
13.734395440,10.764608153,4.222546145
13.756335369,10.775079327,4.238563838
13.778275297,10.785617332,4.254616887
13.800215226,10.796218085,4.270708554
13.822155155,10.806878243,4.286841720
13.844095084,10.817594544,4.303019216
13.866035013,10.828363709,4.319243869
13.887974941,10.839182440,4.335518503
13.909914870,10.850047500,4.351845889
13.931854799,10.860956584,4.368228274
13.953794728,10.871907971,4.384667545
13.975734657,10.882899915,4.401165555
13.997674586,10.893931235,4.417725225
14.019614514,10.905003730,4.434355114
14.041554443,10.916116550,4.451058376
14.063494372,10.927269279,4.467836437
14.085434301,10.938461640,4.484690565
14.107374230,10.949693296,4.501621987
14.129314158,10.960963849,4.518631885
14.151254087,10.972272885,4.535721382
14.173194016,10.983620581,4.552891189
14.195133945,10.995007622,4.570141646
14.217073874,11.006434648,4.587473047
14.239013803,11.017902242,4.604885652
14.260953731,11.029410933,4.622379694
14.282893660,11.040964299,4.639960476
14.304833589,11.052566209,4.657633250
14.326773518,11.064217541,4.675398140
14.348713447,11.075919106,4.693255259
14.370653375,11.087671660,4.711204709
14.392593304,11.099475902,4.729246589
14.414533233,11.111332530,4.747380970
14.436473162,11.123242255,4.765607890
14.458413091,11.135205739,4.783927403
14.480353020,11.147223603,4.802339576
14.502292948,11.159296422,4.820844504
14.524232877,11.171424699,4.839442326
14.546172806,11.183609343,4.858134392
14.568112735,11.195854205,4.876927505
14.590052664,11.208159779,4.895823272
14.611992592,11.220525878,4.914822297
14.633932521,11.232952277,4.933925244
14.655872450,11.245438533,4.953132948
14.677812379,11.257983886,4.972446478
14.699752308,11.270587518,4.991866989
14.721692237,11.283248581,5.011395703
14.743632165,11.295966198,5.031033917
14.765572094,11.308739418,5.050783033
14.787512023,11.321566903,5.070644738
14.809451952,11.334447112,5.090620898
14.831391881,11.347378292,5.110713133
14.853331809,11.360358588,5.130922989
14.875271738,11.373386262,5.151252348
14.897211667,11.386459366,5.171703290
14.919151596,11.399575530,5.192278206
14.941091525,11.412732305,5.212979602
14.963031454,11.425927204,5.233810076
14.984971382,11.439157705,5.254772310
15.006911311,11.452421209,5.275869100
15.028851240,11.465714640,5.297103558
15.050791169,11.479034589,5.318479026
15.072731098,11.492377593,5.339998920
15.094671026,11.505738904,5.361664307
15.116610955,11.519107810,5.383463884
15.138550884,11.532479816,5.405398164
15.160490813,11.545850945,5.427470455
15.182430742,11.559217045,5.449684176
15.204370671,11.572573902,5.472042788
15.226310599,11.585917239,5.494549796
15.248250528,11.599242673,5.517208762
15.270190457,11.612545015,5.540023620
15.292130386,11.625818349,5.562998607
15.314070315,11.639056652,5.586137963
15.336010243,11.652253802,5.609445909
15.357950172,11.665403579,5.632926644
15.379890101,11.678491329,5.656565005
15.401830030,11.691502207,5.680345362
15.423769959,11.704429556,5.704271135
15.445709888,11.717266631,5.728345664
15.467649816,11.730006591,5.752572200
15.489589745,11.742642481,5.776953912
15.511529674,11.755166529,5.801494137
15.533469603,11.767570028,5.826196398
15.555409532,11.779844109,5.851064076
15.577349460,11.791979792,5.876100387
15.599289389,11.803967985,5.901308371
15.621229318,11.815799370,5.926690923
15.643169247,11.827461832,5.952244596
15.665109176,11.838933472,5.977933502
15.687049104,11.850203949,6.003752463
15.708989033,11.861265010,6.029702393
15.730928962,11.872108327,6.055784001
15.752868891,11.882725593,6.081997766
15.774808820,11.893108562,6.108343918
15.796748749,11.903248943,6.134822481
15.818688677,11.913138386,6.161433263
15.840628606,11.922768491,6.188175862
15.862568535,11.932130929,6.215049625
15.884508464,11.941218309,6.242053446
15.906448393,11.950023677,6.269185920
15.928388321,11.958534573,6.296419963
15.950328250,11.966740122,6.323727684
15.972268179,11.974635731,6.351106250
15.994208108,11.982217603,6.378552557
16.016148037,11.989483597,6.406063096
16.038087966,11.996431807,6.433634282
16.060027894,12.003060352,6.461262495
16.081967823,12.009367374,6.488944088
16.103907752,12.015351196,6.516675355
16.125847681,12.021011907,6.544452296
16.147787610,12.026350760,6.572270770
16.169727538,12.031369063,6.600126693
16.191667467,12.036067626,6.628011822
16.213607396,12.040445210,6.655896813
16.235547325,12.044504817,6.683773244
16.257487254,12.048251817,6.711636830
16.279427183,12.051691928,6.739483420
16.301367111,12.054830908,6.767309041
16.323307040,12.057674547,6.795109889
16.345246969,12.060228709,6.822882326
16.367186898,12.062500101,6.850622817
16.389126827,12.064496162,6.878327966
16.411066755,12.066224373,6.905994573
16.433006684,12.067692231,6.933619635
16.454946613,12.068907247,6.961200341
16.476886542,12.069876690,6.988725220
16.498826471,12.070608538,7.016183040
16.520766400,12.071111380,7.043571632
16.542706328,12.071393799,7.070889031
16.564646257,12.071464372,7.098133466
16.586586186,12.071331656,7.125303353
16.608526115,12.071003786,7.152397296
16.630466044,12.070488417,7.179414059
16.652405972,12.069793155,7.206352561
16.674345901,12.068925589,7.233211861
16.696285830,12.067893282,7.259991157
16.718225759,12.066703593,7.286689774
16.740165688,12.065362880,7.313305325
16.762105617,12.063877643,7.339826541
16.784045545,12.062254401,7.366251397
16.805985474,12.060499606,7.392579781
16.827925403,12.058619667,7.418811665
16.849865332,12.056620386,7.444947075
16.871805261,12.054506645,7.470986050
16.893745189,12.052283217,7.496928672
16.915685118,12.049954841,7.522775062
16.937625047,12.047526221,7.548525382
16.959564976,12.045001957,7.574179820
16.981504905,12.042386045,7.599738549
17.003444834,12.039682175,7.625201739
17.025384762,12.036894274,7.650566891
17.047324691,12.034026362,7.675831660
17.069264620,12.031082222,7.700996458
17.091204549,12.028065606,7.726061711
17.113144478,12.024980234,7.751027856
17.135084406,12.021829793,7.775895341
17.157024335,12.018617941,7.800664621
17.178964264,12.015348299,7.825336154
17.200904193,12.012024501,7.849910411
17.222844122,12.008650615,7.874387920
17.244784051,12.005230977,7.898769253
17.266723979,12.001769897,7.923054994
17.288663908,11.998271583,7.947246245
17.310603837,11.994739794,7.971346748
17.332543766,11.991178796,7.995357787
17.354483695,11.987593673,8.019280255
17.376423623,11.983989620,8.043115077
17.398363552,11.980371803,8.066863189
17.420303481,11.976745362,8.090525536
17.442243410,11.973115437,8.114103071
17.464183339,11.969487649,8.137596827
17.486123268,11.965868029,8.161007906
17.508063196,11.962262596,8.184337419
17.530003125,11.958677345,8.207586471
17.551943054,11.955118243,8.230756162
17.573882983,11.951586384,8.253875885
17.595822912,11.948081797,8.276974943
17.617762840,11.944608832,8.300054314
17.639702769,11.941171833,8.323114986
17.661642698,11.937775140,8.346157960
17.683582627,11.934423072,8.369184244
17.705522556,11.931119491,8.392194776
17.727462485,11.927867727,8.415190407
17.749402413,11.924671081,8.438171984
17.771342342,11.921532851,8.461140356
17.793282271,11.918456329,8.484096368
17.815222200,11.915444526,8.507040816
17.837162129,11.912496665,8.529986059
17.859102057,11.909599263,8.553003589
17.881041986,11.906748211,8.576105569
17.902981915,11.903941467,8.599292342
17.924921844,11.901176939,8.622564288
17.946861773,11.898451211,8.645921582
17.968801702,11.895758830,8.669364045
17.990741630,11.893094149,8.692891476
18.012681559,11.890451492,8.716503687
18.034621488,11.887825160,8.740200494
18.056561417,11.885209130,8.763981657
18.078501346,11.882594982,8.787846451
18.100441274,11.879973144,8.811793888
18.122381203,11.877321376,8.835881214
18.144321132,11.874614773,8.860165574
18.166261061,11.871839648,8.884645755
18.188200990,11.868981302,8.909320284
18.210140919,11.866023066,8.934187186
18.232080847,11.862947924,8.959244284
18.254020776,11.859738743,8.984489218
18.275960705,11.856378281,9.009919421
18.297900634,11.852849152,9.035532072
18.319840563,11.849133349,9.061323958
18.341780491,11.845212444,9.087291468
18.363720420,11.841067935,9.113430645
18.385660349,11.836673976,9.139764945
18.407600278,11.831964779,9.166455951
18.429540207,11.826905647,9.193525094
18.451480135,11.821469418,9.220965547
18.473420064,11.815628649,9.248769742
18.495359993,11.809355444,9.276929213
18.517299922,11.802621499,9.305434495
18.539239851,11.795398260,9.334275049
18.561179780,11.787658934,9.363439783
18.583119708,11.779378237,9.392916943
18.605059637,11.770530727,9.422693517
18.626999566,11.761090820,9.452755118
18.648939495,11.751032875,9.483085893
18.670879424,11.740299968,9.513751808
18.692819352,11.728831227,9.544817831
18.714759281,11.716594432,9.576264265
18.736699210,11.703556542,9.608069642
18.758639139,11.689683819,9.640210500
18.780579068,11.674942034,9.672661177
18.802518997,11.659298482,9.705394446
18.824458925,11.642722415,9.738381575
18.846398854,11.625183148,9.771591234
18.868338783,11.606650206,9.804989238
18.890278712,11.587093619,9.838538364
18.912218641,11.566484540,9.872198342
18.934158569,11.544821511,9.905886713
18.956098498,11.522235120,9.939330263
18.978038427,11.498743676,9.972470098
18.999978356,11.474341256,10.005287144
19.021918285,11.449021673,10.037761044
19.043858214,11.422778648,10.069870122
19.065798142,11.395605967,10.101591334
19.087738071,11.367497514,10.132900115
19.109678000,11.338447424,10.163770298
19.131617929,11.308450253,10.194174045
19.153557858,11.277501081,10.224081701
19.175497786,11.245595090,10.253461094
19.197437715,11.212728263,10.282277828
19.219377644,11.179181198,10.310244461
19.241317573,11.145264273,10.337112186
19.263257502,11.111016841,10.362904224
19.285197431,11.076474787,10.387644411
19.307137359,11.041670213,10.411356206
19.329077288,11.006632448,10.434063402
19.351017217,10.971388294,10.455790033
19.372957146,10.935962154,10.476560173
19.394897075,10.900376110,10.496397664
19.416837003,10.864649504,10.515325012
19.438776932,10.828799387,10.533363565
19.460716861,10.792841073,10.550534032
19.482656790,10.756827349,10.566836615
19.504596719,10.721012882,10.582180311
19.526536648,10.685466647,10.596586011
19.548476576,10.650215796,10.610094959
19.570416505,10.615284352,10.622748289
19.592356434,10.580693519,10.634586869
19.614296363,10.546461934,10.645651064
19.636236292,10.512605924,10.655980532
19.658176220,10.479139704,10.665613911
19.680116149,10.446075651,10.674588709
19.702056078,10.413424597,10.682941341
19.723996007,10.381196061,10.690707070
19.745935936,10.349398466,10.697919953
19.767875865,10.318000029,10.704623360
19.789815793,10.286968996,10.710856076
19.811755722,10.256312325,10.716644024
19.833695651,10.226035995,10.722012626
19.855635580,10.196145106,10.726986747
19.877575509,10.166643984,10.731590654
19.899515437,10.137536301,10.735848066
19.921455366,10.108825166,10.739782148
19.943395295,10.080513195,10.743415386
19.965335224,10.052602594,10.746769569
19.987275153,10.025095243,10.749865779
20.009215082,9.997992771,10.752724407
20.031155010,9.971265821,10.755370249
20.053094939,9.944730517,10.757848521
20.075034868,9.918356470,10.760172616
20.096974797,9.892143989,10.762350332
20.118914726,9.866093303,10.764389358
20.140854654,9.840204581,10.766297334
20.162794583,9.814477943,10.768081880
20.184734512,9.788913458,10.769750516
20.206674441,9.763511146,10.771310647
20.228614370,9.738270994,10.772769565
20.250554299,9.713192961,10.774134482
20.272494227,9.688277011,10.775412733
20.294434156,9.663523106,10.776611656
20.316374085,9.638899664,10.777741606
20.338314014,9.614375015,10.778811272
20.360253943,9.589948964,10.779825382
20.382193871,9.565621330,10.780788823
20.404133800,9.541391961,10.781706864
20.426073729,9.517260699,10.782584786
20.448013658,9.493227379,10.783427830
20.469953587,9.469291834,10.784241198
20.491893516,9.445453898,10.785030089
20.513833444,9.421713446,10.785800121
20.535773373,9.398070381,10.786557169
20.557713302,9.374524609,10.787307072
20.579653231,9.351064233,10.788056492
20.601593160,9.327618329,10.788815144
20.623533088,9.304175035,10.789586692
20.645473017,9.280734306,10.790374142
20.667412946,9.257296077,10.791180563
20.689352875,9.233860255,10.792009022
20.711292804,9.210426724,10.792862588
20.733232733,9.186995343,10.793744323
20.755172661,9.163565938,10.794657188
20.777112590,9.140138306,10.795604053
20.799052519,9.116712218,10.796587785
20.820992448,9.093287423,10.797611251
20.842932377,9.069863644,10.798677318
20.864872305,9.046393959,10.799790656
20.886812234,9.022831339,10.800953053
20.908752163,8.999175274,10.802163025
20.930692092,8.975425173,10.803419054
20.952632021,8.951580356,10.804719585
20.974571950,8.927640058,10.806063003
20.996511878,8.903603398,10.807446853
21.018451807,8.879469382,10.808867713
21.040391736,8.855236951,10.810322070
21.062331665,8.830904977,10.811806371
21.084271594,8.806472273,10.813317020
21.106211522,8.781937582,10.814850142
21.128151451,8.757293229,10.816400606
21.150091380,8.732499811,10.817962464
21.172031309,8.707549601,10.819528104
21.193971238,8.682441151,10.821089643
21.215911167,8.657172957,10.822639080
21.237851095,8.631743470,10.824167711
21.259791024,8.606151119,10.825665796
21.281730953,8.580394338,10.827123403
21.303670882,8.554471577,10.828530485
21.325610811,8.528381314,10.829876879
21.347550739,8.502122077,10.831152233
21.369490668,8.475692470,10.832345511
21.391430597,8.449091195,10.833445288
21.413370526,8.422301451,10.834439182
21.435310455,8.395306639,10.835313730
21.457250383,8.368105926,10.836055657
21.479190312,8.340698611,10.836651441
21.501130241,8.313084153,10.837087250
21.523070170,8.285262193,10.837349051
21.545010099,8.257232580,10.837422638
21.566950028,8.228995395,10.837293627
21.588889956,8.200550978,10.836947482
21.610829885,8.171899940,10.836369658
21.632769814,8.143043190,10.835545558
21.654709743,8.113981975,10.834460435
21.676649672,8.084696496,10.833096421
21.698589600,8.055060216,10.831417066
21.720529529,8.025053913,10.829395072
21.742469458,7.994680224,10.827005528
21.764409387,7.963942374,10.824222993
21.786349316,7.932844285,10.821021442
21.808289245,7.901390682,10.817374286
21.830229173,7.869587192,10.813254434
21.852169102,7.837440356,10.808634768
21.874109031,7.804957730,10.803488128
21.896048960,7.772148066,10.797786976
21.917988889,7.739021429,10.791503462
21.939928817,7.705589306,10.784609498
21.961868746,7.671853716,10.777073705
21.983808675,7.637815333,10.768863322
22.005748604,7.603485720,10.759947464
22.027688533,7.568877853,10.750294469
22.049628462,7.534006297,10.739871970
22.071568390,7.498887380,10.728647002
22.093508319,7.463539159,10.716586669
22.115448248,7.427981525,10.703658344
22.137388177,7.392236607,10.689829199
22.159328106,7.356328970,10.675066352
22.181268034,7.320285797,10.659337086
22.203207963,7.284136991,10.642609216
22.225147892,7.247958975,10.624876333
22.247087821,7.212041634,10.606265515
22.269027750,7.176442676,10.586797420
22.290967679,7.141175627,10.566468903
22.312907607,7.106254815,10.545276378
22.334847536,7.071695379,10.523215962
22.356787465,7.037513290,10.500283581
22.378727394,7.003725495,10.476474916
22.400667323,6.970349983,10.451785478
22.422607251,6.937405853,10.426210692
22.444547180,6.904913406,10.399745956
22.466487109,6.872894491,10.372386445
22.488427038,6.841372417,10.344127450
22.510366967,6.810550620,10.315147126
22.532306896,6.780612565,10.285647680
22.554246824,6.751551742,10.255659493
22.576186753,6.723360973,10.225210971
22.598126682,6.696033002,10.194328285
22.620066611,6.669560090,10.163035983
22.642006540,6.643934082,10.131357112
22.663946468,6.619146549,10.099313272
22.685886397,6.595188961,10.066924623
22.707826326,6.572053410,10.034209556
22.729766255,6.549732518,10.001184964
22.751706184,6.528219120,9.967866620
22.773646113,6.507524231,9.934299781
22.795586041,6.487742825,9.900688717
22.817525970,6.468870993,9.867094649
22.839465899,6.450885723,9.833546783
22.861405828,6.433763496,9.800072194
22.883345757,6.417480451,9.766695952
22.905285685,6.402012568,9.733441231
22.927225614,6.387335791,9.700329452
22.949165543,6.373425618,9.667380635
22.971105472,6.360257276,9.634613457
22.993045401,6.347806303,9.602045154
23.014985330,6.336048659,9.569691652
23.036925258,6.324960787,9.537567691
23.058865187,6.314506192,9.505647749
23.080805116,6.304651008,9.473906652
23.102745045,6.295375966,9.442358025
23.124684974,6.286661774,9.411014443
23.146624902,6.278489180,9.379887482
23.168564831,6.270838988,9.348987795
23.190504760,6.263690797,9.318325519
23.212444689,6.257022814,9.287910321
23.234384618,6.250813368,9.257751024
23.256324547,6.245041033,9.227855654
23.278264475,6.239684665,9.198231508
23.300204404,6.234723130,9.168885292
23.322144333,6.230132005,9.139813669
23.344084262,6.225878187,9.110963778
23.366024191,6.221940921,9.082330820
23.387964119,6.218301710,9.053919204
23.409904048,6.214942192,9.025732832
23.431843977,6.211843775,8.997775199
23.453783906,6.208987444,8.970049462
23.475723835,6.206354311,8.942558370
23.497663764,6.203925678,8.915304306
23.519603692,6.201683052,8.888289321
23.541543621,6.199608207,8.861515175
23.563483550,6.197683636,8.834983311
23.585423479,6.195892292,8.808694950
23.607363408,6.194213454,8.782616409
23.629303336,6.192628401,8.756713588
23.651243265,6.191123341,8.730986851
23.673183194,6.189685295,8.705436363
23.695123123,6.188302872,8.680062041
23.717063052,6.186964980,8.654863730
23.739002981,6.185660646,8.629841244
23.760942909,6.184379009,8.604994374
23.782882838,6.183109484,8.580322896
23.804822767,6.181843418,8.555826439
23.826762696,6.180573448,8.531504582
23.848702625,6.179292350,8.507356969
23.870642553,6.177992377,8.483374740
23.892582482,6.176663551,8.459506113
23.914522411,6.175301120,8.435742046
23.936462340,6.173903072,8.412081978
23.958402269,6.172467787,8.388525386
23.980342198,6.170993689,8.365071816
24.002282126,6.169479242,8.341720882
24.024222055,6.167923010,8.318472260
24.046161984,6.166324619,8.295325626
24.068101913,6.164684616,8.272280673
24.090041842,6.163003621,8.249337163
24.111981770,6.161282291,8.226494928
24.133921699,6.159521322,8.203753866
24.155861628,6.157720238,8.181087327
24.177801557,6.155879959,8.158468530
24.199741486,6.154003311,8.135897247
24.221681414,6.152093132,8.113373281
24.243621343,6.150152266,8.090896465
24.265561272,6.148183557,8.068466660
24.287501201,6.146189521,8.046083773
24.309441130,6.144172295,8.023747748
24.331381059,6.142134002,8.001458556
24.353320987,6.140076774,7.979216182
24.375260916,6.138002751,7.957020628
24.397200845,6.135913914,7.934871921
24.419140774,6.133811163,7.912766845
24.441080703,6.131694573,7.890685668
24.463020631,6.129565387,7.868625080
24.484960560,6.127425031,7.846585068
24.506900489,6.125274926,7.824565626
24.528840418,6.123116036,7.802566771
24.550780347,6.120948623,7.780588559
24.572720276,6.118772892,7.758631052
24.594660204,6.116589044,7.736694313
24.616600133,6.114397287,7.714778407
24.638540062,6.112197801,7.692883403
24.660479991,6.109990562,7.671009380
24.682419920,6.107775446,7.649156424
24.704359848,6.105552064,7.627318047
24.726299777,6.103320244,7.605487717
24.748239706,6.101080191,7.583665453
24.770179635,6.098832336,7.561851265
24.792119564,6.096577580,7.540045142
24.814059493,6.094316884,7.518247066
24.835999421,6.092051209,7.496457023
24.857939350,6.089781515,7.474674995
24.879879279,6.087508836,7.452900963
24.901819208,6.085235034,7.431134866
24.923759137,6.082962508,7.409376614
24.945699065,6.080693666,7.387626118
24.967638994,6.078430891,7.365882741
24.989578923,6.076176480,7.344143114
25.011518852,6.073933227,7.322406562
25.033458781,6.071704849,7.300672904
25.055398710,6.069495224,7.278941951
25.077338638,6.067308229,7.257213510
25.099278567,6.065147739,7.235487385
25.121218496,6.063017647,7.213763377
25.143158425,6.060922114,7.192041269
25.165098354,6.058865535,7.170320829
25.187038282,6.056852314,7.148601822
25.208978211,6.054886853,7.126884007
25.230918140,6.052973554,7.105167142
25.252858069,6.051116638,7.083449587
25.274797998,6.049319896,7.061729719
25.296737927,6.047587079,7.040007312
25.318677855,6.045921941,7.018282133
25.340617784,6.044328235,6.996553950
25.362557713,6.042809685,6.974822528
25.384497642,6.041369181,6.953087674
25.406437571,6.040008649,6.931349242
25.428377499,6.038729959,6.909607091
25.450317428,6.037534984,6.887861075
25.472257357,6.036425593,6.866111047
25.494197286,6.035403356,6.844356876
25.516137215,6.034468104,6.822597666
25.538077144,6.033618928,6.800828280
25.560017072,6.032855226,6.779047853
25.581957001,6.032176447,6.757256382
25.603896930,6.031582023,6.735453865
25.625836859,6.031070412,6.713640359
25.647776788,6.030638562,6.691816011
25.669716716,6.030283291,6.669980978
25.691656645,6.030001417,6.648135422
25.713596574,6.029789760,6.626279510
25.735536503,6.029644982,6.604413425
25.757476432,6.029562493,6.582537420
25.779416361,6.029537110,6.560651789
25.801356289,6.029563410,6.538751929
25.823296218,6.029636132,6.516833263
25.845236147,6.029750328,6.494896127
25.867176076,6.029900796,6.472940877
25.889116005,6.030081808,6.450967904
25.911055933,6.030287570,6.428977607
25.932995862,6.030512288,6.406970386
25.954935791,6.030750170,6.384946646
25.976875720,6.030995452,6.362906788
25.998815649,6.031242697,6.340851196
26.020755578,6.031486681,6.318780240
26.042695506,6.031722183,6.296694287
26.064635435,6.031943958,6.274593235
26.086575364,6.032146680,6.252474651
26.108515293,6.032325619,6.230338414
26.130455222,6.032477290,6.208184795
26.152395150,6.032598426,6.186014049
26.174335079,6.032685759,6.163826420
26.196275008,6.032736024,6.141622145
26.218214937,6.032746029,6.119401449
26.240154866,6.032713914,6.097164473
26.262094795,6.032638968,6.074911290
26.284034723,6.032520520,6.052641962
26.305974652,6.032357902,6.030356541
26.327914581,6.032150442,6.008055073
26.349854510,6.031898045,5.985741047
26.371794439,6.031602180,5.963417854
26.393734367,6.031264527,5.941085383
26.415674296,6.030886764,5.918743523
26.437614225,6.030470572,5.896392158
26.459554154,6.030017657,5.874031173
26.481494083,6.029530495,5.851660412
26.503434012,6.029012455,5.829279676
26.525373940,6.028466954,5.806888766
26.547313869,6.027897411,5.784487488
26.569253798,6.027307245,5.762075651
26.591193727,6.026699943,5.739653064
26.613133656,6.026079466,5.717222009
26.635073584,6.025450219,5.694797196
26.657013513,6.024815774,5.672380917
26.678953442,6.024179576,5.649972984
26.700893371,6.023545071,5.627573220
26.722833300,6.022915525,5.605181466
26.744773229,6.022293926,5.582797579
26.766713157,6.021683240,5.560421428
26.788653086,6.021086434,5.538052884
26.810593015,6.020506472,5.515691829
26.832532944,6.019946241,5.493338151
26.854472873,6.019407961,5.470991772
26.876412801,6.018893544,5.448652631
26.898352730,6.018405341,5.426335337
26.920292659,6.017945178,5.404054492
26.942232588,6.017514170,5.381810022
26.964172517,6.017113116,5.359601862
26.986112445,6.016742143,5.337429969
27.008052374,6.016401299,5.315294300
27.029992303,6.016090635,5.293194805
27.051932232,6.015810209,5.271131428
27.073872161,6.015560045,5.249104111
27.095812090,6.015339756,5.227112802
27.117752018,6.015148692,5.205157453
27.139691947,6.014986199,5.183238008
27.161631876,6.014851670,5.161355593
27.183571805,6.014744605,5.139517263
27.205511734,6.014664115,5.117724117
27.227451662,6.014609100,5.095976063
27.249391591,6.014578440,5.074273003
27.271331520,6.014571020,5.052614826
27.293271449,6.014585733,5.031001414
27.315211378,6.014621481,5.009432636
27.337151307,6.014677228,4.987908351
27.359091235,6.014751994,4.966428405
27.381031164,6.014844805,4.944992635
27.402971093,6.014954695,4.923600867
27.424911022,6.015080703,4.902252914
27.446850951,6.015222429,4.880963453
27.468790879,6.015379176,4.859747113
27.490730808,6.015549560,4.838603621
27.512670737,6.015732214,4.817532682
27.534610666,6.015925791,4.796533985
27.556550595,6.016128962,4.775607195
27.578490524,6.016340492,4.754751951
27.600430452,6.016559252,4.733967869
27.622370381,6.016784133,4.713254538
27.644310310,6.017014043,4.692611522
27.666250239,6.017247906,4.672038361
27.688190168,6.017484653,4.651534566
27.710130096,6.017723424,4.631104182
27.732070025,6.017964336,4.610774039
27.754009954,6.018205830,4.590548207
27.775949883,6.018446101,4.570426165
27.797889812,6.018683376,4.550407353
27.819829741,6.018915758,4.530491178
27.841769669,6.019141138,4.510677020
27.863709598,6.019357418,4.490964222
27.885649527,6.019562534,4.471352080
27.907589456,6.019754450,4.451839843
27.929529385,6.019931104,4.432426720
27.951469313,6.020089998,4.413111911
27.973409242,6.020228439,4.393894594
27.995349171,6.020346240,4.374802114
28.017289100,6.020442647,4.355861943
28.039229029,6.020514198,4.337073360
28.061168958,6.020557228,4.318435607
28.083108886,6.020567570,4.299947928
28.105048815,6.020541053,4.281609518
28.126988744,6.020473576,4.263419512
28.148928673,6.020361101,4.245376982
28.170868602,6.020199609,4.227480941
28.192808530,6.019984628,4.209730405
28.214748459,6.019711414,4.192124380
28.236688388,6.019375272,4.174661820
28.258628317,6.018977662,4.157381384
28.280568246,6.018549608,4.140520898
28.302508175,6.018090358,4.124119897
28.324448103,6.017593298,4.108178029
28.346388032,6.017052499,4.092694643
28.368327961,6.016462759,4.077668703
28.390267890,6.015819570,4.063098695
28.412207819,6.015119072,4.048982539
28.434147747,6.014357936,4.035317503
28.456087676,6.013533311,4.022100110
28.478027605,6.012642820,4.009326018
28.499967534,6.011684479,3.996989917
28.521907463,6.010656604,3.985085431
28.543847392,6.009579936,3.973680829
28.565787320,6.008481525,3.962856749
28.587727249,6.007370468,3.952623658
28.609667178,6.006257355,3.942990644
28.631607107,6.005154181,3.933965071
28.653547036,6.004074209,3.925552200
28.675486964,6.003032170,3.917754657
28.697426893,6.002044046,3.910571963
28.719366822,6.001126321,3.904000300
28.741306751,6.000295553,3.898032127
28.763246680,5.999567909,3.892655819
28.785186609,5.998958737,3.887855274
28.807126537,5.998453941,3.883560455
28.829066466,5.997897900,3.879472732
28.851006395,5.997282683,3.875566167
28.872946324,5.996630391,3.871863523
28.894886253,5.995964099,3.868385043
28.916826181,5.995308038,3.865148005
28.938766110,5.994687526,3.862166337
28.960706039,5.994128131,3.859450829
28.982645968,5.993655310,3.857009015
29.004585897,5.993294057,3.854845031
29.026525826,5.993068560,3.852959434
29.048465754,5.993002109,3.851348709
29.070405683,5.993116332,3.850005395
29.092345612,5.993167448,3.848702277
29.114285541,5.992899522,3.847235669
29.136225470,5.992316745,3.845630852
29.158165398,5.991426593,3.843913025
29.180105327,5.990239696,3.842106834
29.202045256,5.988769487,3.840236260
29.223985185,5.987031965,3.838324394
29.245925114,5.985045493,3.836393211
29.267865043,5.982830576,3.834463388
29.289804971,5.980409639,3.832554186
29.311744900,5.977806836,3.830683300
29.333684829,5.975047867,3.828866701
29.355624758,5.972107015,3.827099444
29.377564687,5.968679934,3.825282302
29.399504615,5.964704423,3.823416049
29.421444544,5.960173753,3.821521818
29.443384473,5.955085541,3.819620955
29.465324402,5.949441426,3.817734517
29.487264331,5.943246708,3.815882905
29.509204260,5.936509968,3.814085586
29.531144188,5.929242642,3.812361234
29.553084117,5.921458702,3.810727508
29.575024046,5.913174386,3.809200595
29.596963975,5.904407862,3.807795116
29.618903904,5.895178929,3.806524078
29.640843832,5.885690583,3.805411540
29.662783761,5.876134318,3.804474844
29.684723690,5.866513900,3.803715661
29.706663619,5.856833316,3.803135593
29.728603548,5.847096766,3.802736157
29.750543477,5.837308642,3.802518792
29.772483405,5.827473542,3.802485258
29.794423334,5.817596294,3.802637692
29.816363263,5.807681944,3.802978135
29.838303192,5.797735745,3.803508493
29.860243121,5.787763139,3.804230530
29.882183049,5.777769753,3.805145965
29.904122978,5.767807023,3.806250111
29.926062907,5.758158005,3.807500556
29.948002836,5.748883276,3.808883034
29.969942765,5.739997181,3.810388764
29.991882693,5.731512785,3.812008012
30.013822622,5.723441745,3.813730401
30.035762551,5.715794186,3.815545119
30.057702480,5.708578428,3.817440676
30.079642409,5.701800783,3.819405009
30.101582338,5.695465350,3.821425654
30.123522266,5.689573821,3.823489966
30.145462195,5.684125332,3.825585448
30.167402124,5.679116286,3.827699984
30.189342053,5.674428994,3.829871918
30.211281982,5.669966895,3.832136875
30.233221910,5.665754790,3.834478004
30.255161839,5.661815744,3.836876925
30.277101768,5.658170800,3.839313685
30.299041697,5.654838945,3.841767181
30.320981626,5.651836950,3.844215356
30.342921555,5.649179192,3.846635386
30.364861483,5.646877437,3.849003842
30.386801412,5.644940217,3.851296396
30.408741341,5.643372757,3.853488388
30.430681270,5.642177099,3.855555582
30.452621199,5.641299782,3.857523138
30.474561127,5.640433733,3.859666562
30.496501056,5.639548036,3.862027068
30.518440985,5.638664504,3.864594613
30.540380914,5.637804695,3.867356522
30.562320843,5.636989799,3.870297750
30.584260772,5.636240421,3.873400994
30.606200700,5.635576330,3.876646787
30.628140629,5.635015610,3.880013178
30.650080558,5.634574524,3.883476021
30.672020487,5.634267920,3.887009552
30.693960416,5.634109124,3.890586541
30.715900344,5.634109810,3.894178429
30.737840273,5.634128456,3.898054294
30.759780202,5.634026916,3.902518502
30.781720131,5.633822068,3.907590320
30.803660060,5.633532063,3.913283683
30.825599989,5.633175631,3.919607573
30.847539917,5.632771469,3.926566441
30.869479846,5.632337641,3.934160643
30.891419775,5.631891154,3.942386935
30.913359704,5.631447767,3.951238995
30.935299633,5.631021762,3.960707909
30.957239561,5.630625784,3.970782613
30.979179490,5.630270762,3.981450335
31.001119419,5.629970620,3.992676659
31.023059348,5.629757799,4.004333464
31.044999277,5.629636507,4.016407387
31.066939206,5.629605802,4.028905168
31.088879134,5.629664427,4.041832390
31.110819063,5.629810879,4.055193612
31.132758992,5.630043424,4.068992490
31.154698921,5.630359782,4.083231844
31.176638850,5.630757048,4.097913773
31.198578778,5.631231644,4.113039758
31.220518707,5.631779306,4.128610776
31.242458636,5.632395229,4.144627410
31.264398565,5.633073936,4.161089930
31.286338494,5.633822400,4.177850053
31.308278423,5.634648595,4.194760624
31.330218351,5.635547928,4.211823355
31.352158280,5.636515786,4.229039868
31.374098209,5.637547583,4.246411704
31.396038138,5.638638672,4.263940320
31.417978067,5.639784327,4.281627089
31.439917995,5.640979744,4.299473308
31.461857924,5.642220042,4.317480198
31.483797853,5.643500386,4.335648912
31.505737782,5.644815937,4.353980536
31.527677711,5.646161760,4.372476086
31.549617640,5.647532869,4.391133980
31.571557568,5.648924521,4.409940208
31.593497497,5.650331986,4.428893799
31.615437426,5.651750820,4.447996265
31.637377355,5.653176573,4.467249042
31.659317284,5.654604714,4.486653485
31.681257212,5.656030629,4.506210869
31.703197141,5.657449647,4.525922396
31.725137070,5.658857566,4.545789179
31.747076999,5.660250571,4.565812246
31.769016928,5.661624772,4.585992541
31.790956857,5.662976186,4.606330926
31.812896785,5.664300737,4.626828184
31.834836714,5.665593813,4.647438659
31.856776643,5.666853055,4.668116607
31.878716572,5.668077685,4.688862587
31.900656501,5.669266905,4.709677119
31.922596429,5.670419900,4.730560676
31.944536358,5.671535858,4.751513695
31.966476287,5.672614521,4.772536552
31.988416216,5.673656281,4.793629559
32.010356145,5.674661546,4.814792987
32.032296074,5.675630705,4.836027066
32.054236002,5.676564130,4.857331988
32.076175931,5.677462270,4.878707904
32.098115860,5.678325896,4.900148267
32.120055789,5.679155399,4.921613239
32.141995718,5.679953028,4.943096157
32.163935646,5.680721297,4.964596991
32.185875575,5.681462723,4.986115699
32.207815504,5.682179868,5.007652225
32.229755433,5.682875375,5.029206501
32.251695362,5.683551892,5.050778448
32.273635291,5.684212066,5.072367978
32.295575219,5.684858539,5.093974992
32.317515148,5.685493906,5.115599389
32.339455077,5.686120356,5.137241074
32.361395006,5.686739887,5.158899957
32.383334935,5.687353885,5.180557691
32.405274863,5.687964384,5.202195930
32.427214792,5.688574341,5.223814578
32.449154721,5.689186315,5.245413552
32.471094650,5.689802028,5.266992805
32.493034579,5.690423094,5.288552293
32.514974508,5.691051128,5.310091971
32.536914436,5.691687740,5.331611792
32.558854365,5.692334453,5.353111710
32.580794294,5.692991760,5.374591728
32.602734223,5.693659493,5.396051878
32.624674152,5.694337467,5.417492195
32.646614080,5.695025550,5.438913835
32.668554009,5.695723763,5.460323536
32.690493938,5.696431335,5.481722465
32.712433867,5.697146249,5.503110733
32.734373796,5.697866274,5.524488468
32.756313724,5.698589179,5.545855808
32.778253653,5.699312734,5.567212897
32.800193582,5.700034671,5.588559890
32.822133511,5.700752064,5.609896987
32.844073440,5.701461416,5.631224430
32.866013369,5.702159211,5.652542477
32.887953297,5.702841933,5.673851399
32.909893226,5.703506068,5.695151481
32.931833155,5.704148426,5.716450392
32.953773084,5.704765427,5.737755815
32.975713013,5.705352970,5.759068076
32.997652941,5.705906954,5.780387510
33.019592870,5.706423281,5.801714467
33.041532799,5.706897869,5.823049303
33.063472728,5.707327165,5.844392353
33.085412657,5.707708226,5.865743925
33.107352586,5.708038144,5.887104326
33.129292514,5.708314011,5.908473874
33.151232443,5.708532920,5.929852892
33.173172372,5.708692258,5.951241689
33.195112301,5.708791242,5.972643551
33.217052230,5.708830384,5.994077095
33.238992158,5.708808849,6.015545484
33.260932087,5.708725575,6.037048779
33.282872016,5.708579514,6.058587024
33.304811945,5.708370820,6.080160161
33.326751874,5.708101506,6.101767980
33.348691803,5.707773741,6.123410238
33.370631731,5.707389690,6.145086669
33.392571660,5.706951510,6.166796987
33.414511589,5.706461598,6.188540868
33.436451518,5.705924258,6.210317830
33.458391447,5.705344705,6.232127304
33.480331375,5.704728276,6.253970603
33.502271304,5.704080229,6.275849014
33.524211233,5.703405664,6.297761901
33.546151162,5.702710242,6.319708571
33.568091091,5.702000809,6.341688231
33.590031020,5.701284358,6.363700070
33.611970948,5.700567877,6.385743271
33.633910877,5.699858350,6.407817017
33.655850806,5.699162759,6.429920490
33.677790735,5.698488121,6.452052876
33.699730664,5.697841474,6.474213366
33.721670592,5.697229850,6.496401165
33.743610521,5.696660135,6.518613343
33.765550450,5.696138674,6.540836284
33.787490379,5.695672444,6.563067229
33.809430308,5.695267374,6.585305676
33.831370237,5.694929173,6.607551154
33.853310165,5.694663551,6.629803206
33.875250094,5.694476218,6.652061393
33.897190023,5.694372795,6.674325299
33.919129952,5.694357267,6.696594643
33.941069881,5.694432206,6.718869261
33.963009809,5.694600138,6.741149011
33.984949738,5.694863589,6.763433762
34.006889667,5.695225086,6.785723403
34.028829596,5.695685917,6.808006519
34.050769525,5.696245577,6.830271896
34.072709454,5.696903902,6.852519730
34.094649382,5.697660729,6.874750205
34.116589311,5.698515892,6.896963498
34.138529240,5.699469187,6.919159776
34.160469169,5.700519252,6.941339275
34.182409098,5.701663385,6.963502307
34.204349026,5.702898813,6.985649176
34.226288955,5.704222756,7.007780174
34.248228884,5.705632437,7.029895580
34.270168813,5.707124940,7.051995669
34.292108742,5.708696522,7.074079653
34.314048671,5.710342954,7.096141226
34.335988599,5.712060497,7.118179569
34.357928528,5.713845489,7.140194947
34.379868457,5.715694265,7.162187610
34.401808386,5.717603236,7.184157788
34.423748315,5.719568934,7.206105691
34.445688243,5.721587896,7.228031517
34.467628172,5.723656660,7.249935451
34.489568101,5.725771761,7.271817670
34.511508030,5.727929808,7.293678337
34.533447959,5.730128023,7.315517567
34.555387888,5.732363915,7.337335452
34.577327816,5.734635343,7.359138594
34.599267745,5.736939894,7.380933644
34.621207674,5.739274681,7.402720753
34.643147603,5.741637130,7.424500057
34.665087532,5.744025326,7.446271646
34.687027460,5.746437436,7.468035604
34.708967389,5.748871629,7.489792018
34.730907318,5.751326070,7.511540970
34.752847247,5.753798966,7.533282544
34.774787176,5.756288950,7.555016793
34.796727105,5.758794936,7.576743755
34.818667033,5.761315841,7.598463465
34.840606962,5.763850851,7.620180453
34.862546891,5.766400087,7.641921806
34.884486820,5.768961824,7.663692280
34.906426749,5.771534357,7.685492129
34.928366677,5.774116037,7.707321605
34.950306606,5.776705214,7.729180965
34.972246535,5.779300232,7.751070462
34.994186464,5.781899449,7.772990356
35.016126393,5.784501534,7.794940881
35.038066322,5.787105426,7.816922261
35.060006250,5.789710065,7.838934716
35.081946179,5.792314391,7.860978468
35.103886108,5.794917337,7.883053743
35.125826037,5.797519161,7.905182873
35.147765966,5.800119827,7.927388341
35.169705894,5.802717811,7.949670600
35.191645823,5.805311564,7.972030109
35.213585752,5.807899515,7.994467335
35.235525681,5.810480085,8.016982750
35.257465610,5.813052175,8.039576807
35.279405539,5.815615248,8.062249936
35.301345467,5.818168773,8.085002582
35.323285396,5.820712196,8.107835204
35.345225325,5.823244938,8.130748283
35.367165254,5.825766495,8.153742312
35.389105183,5.828277151,8.176823471
35.411045111,5.830778047,8.200026487
35.432985040,5.833268083,8.223357770
35.454924969,5.835745776,8.246818092
35.476864898,5.838209578,8.270408279
35.498804827,5.840657874,8.294129208
35.520744755,5.843088979,8.317981817
35.542684684,5.845501141,8.341967099
35.564624613,5.847892540,8.366086111
35.586564542,5.850261284,8.390339971
35.608504471,5.852605321,8.414729865
35.630444400,5.854921792,8.439257059
35.652384328,5.857207420,8.463922882
35.674324257,5.859458985,8.488764589
35.696264186,5.861671251,8.513819624
35.718204115,5.863837704,8.539089699
35.740144044,5.865950998,8.564576618
35.762083972,5.868002233,8.590282256
35.784023901,5.869982144,8.616208521
35.805963830,5.871881265,8.642357341
35.827903759,5.873689932,8.668730652
35.849843688,5.875398145,8.695330378
35.871783617,5.876994190,8.722158366
35.893723545,5.878465171,8.749216340
35.915663474,5.879797971,8.776505893
35.937603403,5.880978430,8.804043099
35.959543332,5.881985812,8.831917192
35.981483261,5.882799254,8.860144241
36.003423189,5.883396446,8.888725392
36.025363118,5.883754283,8.917661460
36.047303047,5.883849137,8.946952877
36.069242976,5.883656864,8.976599606
36.091182905,5.883152772,9.006601058
36.113122834,5.882310926,9.036955912
36.135062762,5.881104278,9.067662006
36.157002691,5.879505320,9.098716291
36.178942620,5.877486144,9.130114734
36.200882549,5.875018485,9.161852219
36.222822478,5.872067204,9.193956627
36.244762406,5.868593302,9.226455766
36.266702335,5.864561880,9.259342681
36.288642264,5.859937252,9.292609143
36.310582193,5.854682992,9.326245464
36.332522122,5.848762009,9.360240317
36.354462051,5.842136969,9.394580635
36.376401979,5.834770448,9.429251451
36.398341908,5.826624670,9.464235622
36.420281837,5.817661635,9.499513621
36.442221766,5.807843299,9.535063345
36.464161695,5.797131977,9.570859999
36.486101623,5.785504537,9.606842752
36.508041552,5.773011422,9.642785657
36.529981481,5.759649451,9.678636781
36.551921410,5.745403113,9.714376997
36.573861339,5.730256882,9.749985821
36.595801268,5.714196165,9.785441761
36.617741196,5.697207837,9.820722577
36.639681125,5.679279063,9.855804684
36.661621054,5.660397298,9.890663021
36.683560983,5.640550412,9.925270996
36.705500912,5.619727033,9.959600555
36.727440840,5.597918114,9.993623100
36.749380769,5.575116130,10.027309041
36.771320698,5.551453374,10.060439947
36.793260627,5.527084956,10.092813805
36.815200556,5.502037522,10.124425344
36.837140485,5.476337529,10.155270845
36.859080413,5.450011959,10.185348780
36.881020342,5.423086892,10.214658683
36.902960271,5.395587312,10.243200878
36.924900200,5.367537115,10.270976368
36.946840129,5.338959214,10.297986815
36.968780057,5.309876459,10.324235420
36.990719986,5.280311210,10.349726543
37.012659915,5.250284689,10.374464977
37.034599844,5.219834537,10.398441312
37.056539773,5.189089894,10.421577194
37.078479702,5.158098468,10.443873338
37.100419630,5.126889687,10.465347058
37.122359559,5.095491302,10.486016735
37.144299488,5.063929335,10.505901556
37.166239417,5.032228123,10.525021371
37.188179346,5.000410360,10.543396542
37.210119274,4.968497000,10.561047566
37.232059203,4.936507363,10.577994983
37.253999132,4.904459348,10.594259503
37.275939061,4.872369506,10.609861925
37.297878990,4.840253107,10.624823056
37.319818919,4.808123339,10.639163665
37.341758847,4.775993214,10.652902282
37.363698776,4.743876052,10.666056482
37.385638705,4.711784181,10.678643995
37.407578634,4.679728983,10.690682648
37.429518563,4.647720913,10.702190262
37.451458491,4.615769051,10.713183368
37.473398420,4.583881156,10.723676913
37.495338349,4.552064334,10.733685613
37.517278278,4.520325109,10.743224002
37.539218207,4.488669461,10.752306413
37.561158136,4.457102756,10.760946623
37.583098064,4.425631039,10.769155789
37.605037993,4.394268803,10.776941819
37.626977922,4.363022393,10.784315385
37.648917851,4.331896145,10.791287573
37.670857780,4.300894061,10.797869316
37.692797708,4.270019663,10.804070705
37.714737637,4.239275977,10.809900582
37.736677566,4.208665828,10.815367502
37.758617495,4.178191877,10.820479815
37.780557424,4.147856649,10.825245664
37.802497353,4.117662537,10.829672950
37.824437281,4.087611792,10.833769124
37.846377210,4.057706564,10.837541306
37.868317139,4.027891299,10.841004547
37.890257068,3.998110136,10.844169239
37.912196997,3.968364775,10.847035313
37.934136925,3.938657011,10.849602964
37.956076854,3.908988761,10.851872984
37.978016783,3.879361973,10.853846208
37.999956712,3.849778617,10.855523433
38.021896641,3.820240690,10.856905415
38.043836570,3.790750217,10.857992971
38.065776498,3.761309321,10.858788000
38.087716427,3.731920138,10.859293092
38.109656356,3.702584768,10.859510815
38.131596285,3.673300245,10.859443847
38.153536214,3.644038511,10.859094693
38.175476142,3.614796665,10.858464299
38.197416071,3.585576822,10.857554763
38.219356000,3.556381033,10.856368422
38.241295929,3.527211273,10.854907598
38.263235858,3.498069448,10.853174596
38.285175786,3.468957390,10.851171751
38.307115715,3.439876822,10.848902203
38.329055644,3.410829332,10.846369788
38.350995573,3.381816376,10.843578337
38.372935502,3.352839282,10.840531653
38.394875431,3.323899252,10.837233506
38.416815359,3.294965532,10.833684589
38.438755288,3.266007614,10.829883519
38.460695217,3.237026904,10.825830894
38.482635146,3.208024716,10.821527250
38.504575075,3.179002273,10.816973066
38.526515003,3.149960705,10.812168743
38.548454932,3.120901094,10.807114306
38.570394861,3.091824502,10.801809349
38.592334790,3.062731929,10.796253382
38.614274719,3.033624311,10.790445843
38.636214648,3.004502521,10.784386100
38.658154576,2.975367414,10.778073235
38.680094505,2.946206721,10.771502193
38.702034434,2.916942216,10.764650551
38.723974363,2.887563221,10.757506384
38.745914292,2.858072561,10.750060168
38.767854220,2.828473198,10.742302150
38.789794149,2.798768488,10.734221482
38.811734078,2.768962400,10.725805762
38.833674007,2.739059248,10.717042299
38.855613936,2.709063695,10.707918256
38.877553865,2.678980778,10.698420656
38.899493793,2.648816001,10.688536231
38.921433722,2.618575808,10.678250225
38.943373651,2.588267435,10.667547177
38.965313580,2.557873017,10.656401418
38.987253509,2.527375288,10.644784362
39.009193437,2.496783392,10.632675926
39.031133366,2.466107459,10.620055287
39.053073295,2.435358933,10.606900451
39.075013224,2.404550336,10.593189134
39.096953153,2.373695297,10.578898950
39.118893082,2.342808635,10.564007476
39.140833010,2.311906445,10.548492319
39.162772939,2.281006320,10.532330948
39.184712868,2.250127386,10.515500918
39.206652797,2.219290284,10.497980166
39.228592726,2.188534863,10.479758368
39.250532654,2.157986709,10.460885580
39.272472583,2.127678163,10.441361709
39.294412512,2.097624389,10.421176081
39.316352441,2.067841599,10.400318131
39.338292370,2.038347103,10.378777442
39.360232299,2.009159348,10.356543816
39.382172227,1.980297936,10.333607377
39.404112156,1.951783389,10.309958960
39.426052085,1.923637180,10.285590140
39.447992014,1.895881977,10.260493052
39.469931943,1.868541665,10.234660488
39.491871871,1.841641356,10.208086013
39.513811800,1.815333747,10.180901404
39.535751729,1.789755274,10.153254794
39.557691658,1.764907327,10.125164440
39.579631587,1.740791040,10.096647962
39.601571516,1.717407355,10.067722369
39.623511444,1.694757082,10.038404081
39.645451373,1.672840681,10.008709160
39.667391302,1.651658254,9.978653337
39.689331231,1.631209890,9.948251808
39.711271160,1.611495723,9.917519245
39.733211088,1.592515981,9.886469836
39.755151017,1.574270911,9.855117386
39.777090946,1.556776676,9.823504569
39.799030875,1.540124586,9.791823678
39.820970804,1.524313318,9.760129458
39.842910733,1.509323843,9.728446604
39.864850661,1.495136695,9.696798157
39.886790590,1.481731500,9.665205853
39.908730519,1.469086740,9.633690322
39.930670448,1.457180737,9.602270710
39.952610377,1.445991846,9.570964746
39.974550305,1.435498548,9.539788837
39.996490234,1.425679341,9.508758245
40.018430163,1.416511467,9.477887650
40.040370092,1.407971733,9.447190877
40.062310021,1.400033332,9.416668362
40.084249950,1.392671118,9.386320183
40.106189878,1.385864607,9.356157994
40.128129807,1.379592553,9.326192607
40.150069736,1.373832148,9.296434258
40.172009665,1.368560481,9.266892195
40.193949594,1.363754794,9.237574690
40.215889522,1.359392529,9.208489113
40.237829451,1.355451274,9.179642028
40.259769380,1.351907813,9.151039478
40.281709309,1.348738523,9.122686929
40.303649238,1.345920076,9.094589170
40.325589167,1.343425606,9.066730287
40.347529095,1.341212677,9.038993341
40.369469024,1.339263551,9.011361423
40.391408953,1.337564425,8.983837412
40.413348882,1.336101458,8.956423840
40.435288811,1.334860835,8.929122900
40.457228739,1.333828777,8.901936461
40.479168668,1.332991574,8.874866081
40.501108597,1.332335990,8.847912975
40.523048526,1.331849211,8.821078049
40.544988455,1.331518500,8.794361974
40.566928384,1.331331190,8.767765203
40.588868312,1.331274685,8.741287986
40.610808241,1.331341052,8.714978040
40.632748170,1.331520155,8.688882073
40.654688099,1.331796310,8.662998562
40.676628028,1.332154046,8.637325855
40.698567956,1.332578113,8.611862209
40.720507885,1.333053502,8.586605815
40.742447814,1.333566293,8.561554770
40.764387743,1.334103782,8.536707117
40.786327672,1.334653534,8.512060947
40.808267601,1.335203318,8.487614425
40.830207529,1.335741105,8.463365810
40.852147458,1.336255319,8.439313463
40.874087387,1.336735486,8.415443217
40.896027316,1.337170767,8.391678089
40.917967245,1.337555578,8.368004205
40.939907173,1.337885089,8.344420349
40.961847102,1.338154529,8.320925371
40.983787031,1.338360107,8.297518158
41.005726960,1.338499526,8.274197627
41.027666889,1.338570655,8.250962785
41.049606818,1.338571403,8.227812734
41.071546746,1.338499715,8.204746668
41.093486675,1.338353784,8.181763867
41.115426604,1.338133515,8.158863668
41.137366533,1.337839647,8.136045488
41.159306462,1.337472752,8.113287971
41.181246390,1.337034500,8.090569795
41.203186319,1.336527322,8.067890550
41.225126248,1.335954290,8.045249867
41.247066177,1.335319815,8.022647407
41.269006106,1.334628482,8.000082886
41.290946034,1.333884885,7.977556070
41.312885963,1.333093625,7.955066778
41.334825892,1.332259343,7.932614873
41.356765821,1.331387059,7.910200255
41.378705750,1.330482038,7.887822864
41.400645679,1.329549559,7.865482676
41.422585607,1.328594910,7.843180520
41.444525536,1.327623315,7.820921361
41.466465465,1.326639548,7.798706084
41.488405394,1.325647508,7.776534783
41.510345323,1.324650946,7.754407568
41.532285251,1.323653623,7.732324562
41.554225180,1.322659311,7.710285897
41.576165109,1.321671707,7.688291709
41.598105038,1.320693035,7.666342150
41.620044967,1.319724250,7.644437380
41.641984896,1.318766271,7.622577553
41.663924824,1.317820029,7.600762819
41.685864753,1.316886462,7.578993320
41.707804682,1.315966015,7.557249984
41.729744611,1.315057813,7.535513658
41.751684540,1.314160819,7.513784363
41.773624468,1.313273995,7.492062116
41.795564397,1.312396307,7.470346937
41.817504326,1.311526683,7.448638844
41.839444255,1.310663027,7.426937867
41.861384184,1.309802052,7.405244054
41.883324113,1.308940409,7.383557455
41.905264041,1.308074744,7.361878125
41.927203970,1.307201709,7.340206124
41.949143899,1.306317883,7.318541516
41.971083828,1.305419448,7.296881623
41.993023757,1.304502610,7.275209974
42.014963685,1.303564100,7.253523832
42.036903614,1.302600702,7.231823215
42.058843543,1.301609209,7.210108147
42.080783472,1.300586834,7.188378644
42.102723401,1.299531446,7.166634715
42.124663330,1.298440969,7.144876366
42.146603258,1.297313329,7.123103601
42.168543187,1.296146453,7.101316426
42.190483116,1.294938440,7.079514837
42.212423045,1.293688761,7.057698806
42.234362974,1.292397543,7.035868290
42.256302902,1.291064893,7.014019461
42.278242831,1.289691085,6.992148460
42.300182760,1.288276505,6.970255185
42.322122689,1.286822243,6.948339511
42.344062618,1.285330869,6.926401283
42.366002547,1.283805140,6.904440334
42.387942475,1.282247817,6.882456491
42.409882404,1.280661661,6.860449572
42.431822333,1.279049524,6.838419392
42.453762262,1.277415265,6.816365742
42.475702191,1.275763395,6.794288400
42.497642119,1.274098438,6.772187143
42.519582048,1.272424938,6.750063427
42.541521977,1.270747357,6.727927141
42.563461906,1.269069961,6.705779832
42.585401835,1.267397398,6.683621371
42.607341764,1.265734391,6.661451634
42.629281692,1.264085666,6.639270501
42.651221621,1.262455948,6.617077861
42.673161550,1.260849946,6.594873612
42.695101479,1.259272061,6.572657662
42.717041408,1.257726432,6.550429933
42.738981336,1.256217187,6.528190353
42.760921265,1.254748458,6.505938861
42.782861194,1.253324375,6.483675406
42.804801123,1.251948798,6.461415508
42.826741052,1.250623854,6.439174813
42.848680981,1.249351074,6.416953462
42.870620909,1.248131987,6.394751591
42.892560838,1.246968127,6.372569335
42.914500767,1.245861000,6.350406820
42.936440696,1.244811232,6.328264176
42.958380625,1.243818438,6.306141531
42.980320553,1.242882174,6.284039008
43.002260482,1.242002000,6.261956718
43.024200411,1.241177478,6.239894763
43.046140340,1.240407970,6.217853240
43.068080269,1.239691737,6.195835137
43.090020198,1.239026400,6.173857933
43.111960126,1.238409141,6.151924647
43.133900055,1.237837116,6.130035390
43.155839984,1.237307484,6.108190251
43.177779913,1.236817080,6.086389309
43.199719842,1.236362238,6.064632631
43.221659770,1.235939253,6.042920271
43.243599699,1.235544429,6.021252270
43.265539628,1.235174081,5.999628661
43.287479557,1.234824529,5.978049467
43.309419486,1.234492111,5.956514704
43.331359415,1.234173174,5.935024381
43.353299343,1.233864072,5.913573826
43.375239272,1.233561349,5.892158379
43.397179201,1.233261644,5.870778070
43.419119130,1.232961764,5.849432925
43.441059059,1.232658854,5.828122972
43.462998987,1.232350104,5.806848236
43.484938916,1.232032713,5.785608745
43.506878845,1.231703882,5.764404531
43.528818774,1.231360840,5.743235630
43.550758703,1.231001064,5.722102078
43.572698632,1.230622193,5.701003910
43.594638560,1.230221874,5.679941168
43.616578489,1.229797795,5.658915834
43.638518418,1.229347663,5.637939606
43.660458347,1.228868730,5.617014544
43.682398276,1.228358067,5.596140784
43.704338204,1.227812727,5.575318474
43.726278133,1.227229779,5.554547767
43.748218062,1.226606300,5.533828833
43.770157991,1.225939351,5.513161850
43.792097920,1.225225510,5.492547028
43.814037849,1.224460936,5.471984613
43.835977777,1.223641788,5.451474869
43.857917706,1.222764235,5.431018088
43.879857635,1.221824461,5.410614585
43.901797564,1.220819431,5.390292500
43.923737493,1.219744358,5.370080281
43.945677421,1.218592836,5.349978770
43.967617350,1.217358515,5.329988866
43.989557279,1.216035098,5.310111534
44.011497208,1.214616326,5.290347807
44.033437137,1.213095541,5.270698818
44.055377065,1.211465611,5.251165818
44.077316994,1.209719435,5.231750153
44.099256923,1.207849973,5.212453267
44.121196852,1.205850248,5.193276706
44.143136781,1.203713339,5.174222125
44.165076710,1.201431957,5.155286365
44.187016638,1.198997183,5.136441890
44.208956567,1.196402571,5.117686211
44.230896496,1.193642150,5.099021910
44.252836425,1.190710000,5.080451691
44.274776354,1.187600724,5.061978335
44.296716282,1.184309699,5.043604661
44.318656211,1.180832418,5.025333591
44.340596140,1.177164430,5.007168157
44.362536069,1.173301341,4.989111503
44.384475998,1.169239016,4.971166862
44.406415927,1.164974963,4.953337361
44.428355855,1.160507501,4.935626099
44.450295784,1.155833123,4.918022436
44.472235713,1.150948640,4.900515744
44.494175642,1.145852937,4.883109224
44.516115571,1.140545944,4.865805962
44.538055499,1.135029721,4.848608715
44.559995428,1.129306626,4.831520172
44.581935357,1.123379058,4.814542991
44.603875286,1.117249450,4.797679798
44.625815215,1.110920443,4.780933151
44.647755144,1.104396692,4.764305172
44.669695072,1.097684154,4.747797631
44.691635001,1.090788826,4.731412171
44.713574930,1.083724758,4.715188141
44.735514859,1.076545617,4.699356661
44.757454788,1.069264945,4.683963558
44.779394716,1.061890609,4.669016502
44.801334645,1.054431439,4.654522769
44.823274574,1.046896892,4.640489206
44.845214503,1.039297043,4.626922127
44.867154432,1.031642604,4.613827189
44.889094361,1.023945564,4.601209090
44.911034289,1.016219046,4.589071438
44.932974218,1.008476673,4.577416776
44.954914147,1.000732484,4.566246458
44.976854076,0.993000869,4.555560514
44.998794005,0.985309705,4.545396828
45.020733933,0.977690468,4.535800119
45.042673862,0.970163837,4.526778503
45.064613791,0.962751327,4.518338455
45.086553720,0.955475202,4.510484580
45.108493649,0.948358338,4.503219390
45.130433578,0.941423368,4.496543375
45.152373506,0.934692423,4.490454875
45.174313435,0.928187760,4.484949514
45.196253364,0.921931590,4.480019953
45.218193293,0.915945802,4.475655655
45.240133222,0.910251385,4.471842839
45.262073150,0.904858941,4.468551352
45.284013079,0.899742276,4.465689555
45.305953008,0.894920734,4.463247376
45.327892937,0.890422263,4.461226871
45.349832866,0.886274885,4.459627176
45.371772795,0.882505581,4.458444914
45.393712723,0.879139586,4.457674436
45.415652652,0.876201403,4.457306773
45.437592581,0.873714571,4.457329361
45.459532510,0.871701248,4.457725854
45.481472439,0.870181596,4.458476116
45.503412367,0.869172271,4.459557120
45.525352296,0.868686603,4.460942437
45.547292225,0.868501285,4.462380552
45.569232154,0.868386302,4.463644629
45.591172083,0.868343549,4.464742383
45.613112012,0.868375788,4.465681909
45.635051940,0.868486210,4.466472093
45.656991869,0.868679102,4.467121660
45.678931798,0.868959844,4.467638907
45.700871727,0.869334788,4.468031566
45.722811656,0.869811093,4.468306759
45.744751584,0.870396159,4.468471642
45.766691513,0.871097755,4.468533072
45.788631442,0.871924217,4.468497004
45.810571371,0.872788847,4.468322268
45.832511300,0.873110189,4.467745650
45.854451229,0.872760374,4.466750925
45.876391157,0.871711751,4.465372101
45.898331086,0.869943526,4.463644662
45.920271015,0.867441352,4.461604645
45.942210944,0.864196787,4.459287998
45.964150873,0.860206706,4.456730097
45.986090801,0.855472512,4.453966120
46.008030730,0.849999670,4.451030618
46.029970659,0.843797393,4.447956555
46.051910588,0.836878113,4.444775094
46.073850517,0.829256982,4.441515472
46.095790446,0.821031146,4.438221181
46.117730374,0.812281690,4.434929528
46.139670303,0.803003226,4.431658796
46.161610232,0.793192606,4.428426913
46.183550161,0.782848727,4.425251315
46.205490090,0.771972322,4.422148851
46.227430018,0.760565700,4.419136208
46.249369947,0.748632574,4.416229925
46.271309876,0.736177942,4.413445757
46.293249805,0.723207902,4.410798602
46.315189734,0.709729467,4.408302468
46.337129663,0.695750380,4.405970483
46.359069591,0.681301556,4.403816176
46.381009520,0.666524953,4.401858284
46.402949449,0.651446138,4.400108791
46.424889378,0.636068247,4.398578139
46.446829307,0.620394805,4.397276443
46.468769235,0.604429663,4.396212975
46.490709164,0.588176919,4.395395869
46.512649093,0.571640827,4.394832868
46.534589022,0.554825745,4.394531394
46.556528951,0.537736075,4.394498551
46.578468880,0.520376205,4.394740887
46.600408808,0.502750413,4.395262692
46.622348737,0.484862794,4.396067032
46.644288666,0.466839164,4.397153670
46.666228595,0.448804793,4.398524193
46.688168524,0.430762860,4.400184153
46.710108452,0.412716556,4.402137698
46.732048381,0.394668974,4.404386071
46.753988310,0.376623186,4.406930125
46.775928239,0.358582250,4.409770688
46.797868168,0.340549219,4.412908565
46.819808096,0.322527112,4.416344265
46.841748025,0.304518704,4.420075140
46.863687954,0.286526542,4.424096501
46.885627883,0.268553065,4.428403611
46.907567812,0.250618474,4.432990252
46.929507741,0.232832975,4.437843459
46.951447669,0.215218534,4.442957260
46.973387598,0.197779015,4.448323626
46.995327527,0.180518171,4.453933807
47.017267456,0.163439687,4.459778962
47.039207385,0.146547156,4.465850153
47.061147313,0.129844049,4.472138230
47.083087242,0.113333451,4.478631846
47.105027171,0.097018016,4.485317750
47.126967100,0.080900142,4.492182551
47.148907029,0.064981950,4.499212784
47.170846958,0.049265261,4.506394914
47.192786886,0.033899427,4.513693367
47.214726815,0.019038036,4.521071418
47.236666744,0.004688641,4.528513214
47.258606673,-0.009141805,4.536002184
47.280546602,-0.022447086,4.543521052
47.302486530,-0.035221870,4.551051861
47.324426459,-0.047461788,4.558576334
47.346366388,-0.059163561,4.566075959
47.368306317,-0.070325226,4.573531657
47.390246246,-0.080946295,4.580923822
47.412186175,-0.091027915,4.588232387
47.434126103,-0.100572942,4.595437282
47.456066032,-0.109543185,4.602508990
47.478005961,-0.117682439,4.609358168
47.499945890,-0.124936969,4.615944089
47.521885819,-0.131297276,4.622234696
47.543825747,-0.136757027,4.628195908
47.565765676,-0.141313020,4.633793495
47.587705605,-0.144965286,4.638994209
47.609645534,-0.147718371,4.643763615
47.631585463,-0.149581994,4.648066242
47.653525392,-0.150571632,4.651866060
47.675465320,-0.150708931,4.655127416
47.697405249,-0.150020998,4.657818207
47.719345178,-0.148541331,4.659909028
47.741285107,-0.146490016,4.661466711
47.763225036,-0.144055021,4.662554101
47.785164964,-0.141229943,4.663136535
47.807104893,-0.138011827,4.663179602
47.829044822,-0.134400688,4.662650484
47.850984751,-0.130400888,4.661516389
47.872924680,-0.126021662,4.659744717
47.894864609,-0.121277484,4.657303598
47.916804537,-0.116188330,4.654162590
47.938744466,-0.110779236,4.650294228
47.960684395,-0.105080695,4.645674400
47.982624324,-0.099129271,4.640282592
48.004564253,-0.093068178,4.634206077
48.026504181,-0.087521939,4.628067321
48.048444110,-0.082571091,4.621993886
48.070384039,-0.078190141,4.616007059
48.092323968,-0.074351678,4.610123415
48.114263897,-0.071026962,4.604354958
48.136203826,-0.068186448,4.598709325
48.158143754,-0.065800274,4.593189983
48.180083683,-0.063839106,4.587796217
48.202023612,-0.062274470,4.582523466
48.223963541,-0.061078713,4.577363838
48.245903470,-0.060225269,4.572306372
48.267843398,-0.059688894,4.567337284
48.289783327,-0.059627878,4.562842729
48.311723256,-0.060187932,4.559251497
48.333663185,-0.061324071,4.556604177
48.355603114,-0.062989684,4.554931766
48.377543043,-0.065137665,4.554256394
48.399482971,-0.067721362,4.554592119
48.421422900,-0.070695560,4.555945718
48.443362829,-0.074017135,4.558317555
48.465302758,-0.077645310,4.561702511
48.487242687,-0.081541986,4.566090795
48.509182615,-0.085671987,4.571468719
48.531122544,-0.090003108,4.577819432
48.553062473,-0.094494771,4.585067135
48.575002402,-0.099059367,4.592861936
48.596942331,-0.103673740,4.601151073
48.618882260,-0.108326593,4.609937841
48.640822188,-0.113006940,4.619224017
48.662762117,-0.117703477,4.629010062
48.684702046,-0.122404251,4.639295243
48.706641975,-0.127097731,4.650077579
48.728581904,-0.131772949,4.661353948
48.750521832,-0.136419542,4.673120206
48.772461761,-0.141027584,4.685371313
48.794401690,-0.145586272,4.698101515
48.816341619,-0.150084733,4.711304343
48.838281548,-0.154509108,4.724904657
48.860221477,-0.158846493,4.738830561
48.882161405,-0.163088147,4.753079519
48.904101334,-0.167224995,4.767648487
48.926041263,-0.171246965,4.782533954
48.947981192,-0.175144118,4.797731933
48.969921121,-0.178906817,4.813238012
48.991861049,-0.182525728,4.829047404
49.013800978,-0.185991781,4.845154996
49.035740907,-0.189295719,4.861555389
49.057680836,-0.192428269,4.878242933
49.079620765,-0.195380449,4.895211779
49.101560694,-0.198144217,4.912435206
49.123500622,-0.200714438,4.929784008
49.145440551,-0.203082174,4.947234302
49.167380480,-0.205238373,4.964782906
49.189320409,-0.207174135,4.982426481
49.211260338,-0.208880622,5.000161543
49.233200266,-0.210349058,5.017984467
49.255140195,-0.211570799,5.035891508
49.277080124,-0.212538542,5.053878900
49.299020053,-0.213246149,5.071942879
49.320959982,-0.213687574,5.090079629
49.342899911,-0.213856826,5.108285288
49.364839839,-0.213747968,5.126555955
49.386779768,-0.213359708,5.144842702
49.408719697,-0.212692584,5.163097085
49.430659626,-0.211743462,5.181315852
49.452599555,-0.210509241,5.199495678
49.474539483,-0.208986849,5.217633172
49.496479412,-0.207173316,5.235724876
49.518419341,-0.205067754,5.253767514
49.540359270,-0.202671678,5.271758073
49.562299199,-0.199986756,5.289693567
49.584239128,-0.197014685,5.307571015
49.606179056,-0.193757185,5.325387448
49.628118985,-0.190216547,5.343139983
49.650058914,-0.186399960,5.360813500
49.671998843,-0.182324494,5.378329140
49.693938772,-0.177997482,5.395671016
49.715878700,-0.173424467,5.412835911
49.737818629,-0.168611104,5.429820614
49.759758558,-0.163564533,5.446622181
49.781698487,-0.158294146,5.463238117
49.803638416,-0.152809592,5.479666084
49.825578344,-0.147120597,5.495903892
49.847518273,-0.141236957,5.511949511
49.869458202,-0.135168690,5.527801130
49.891398131,-0.128927129,5.543457399
49.913338060,-0.122524253,5.558917352
49.935277989,-0.115977021,5.574157121
49.957217917,-0.109302571,5.589151790
49.979157846,-0.102513268,5.603899272
50.001097775,-0.095621475,5.618397796
50.023037704,-0.088639441,5.632645910
50.044977633,-0.081579472,5.646642554
50.066917561,-0.074453945,5.660387098
50.088857490,-0.067275295,5.673879374
50.110797419,-0.060055872,5.687119677
50.132737348,-0.052806544,5.700108389
50.154677277,-0.045537232,5.712846114
50.176617206,-0.038257856,5.725333959
50.198557134,-0.030976642,5.737578964
50.220497063,-0.023693557,5.749614881
50.242436992,-0.016416375,5.761447417
50.264376921,-0.009151873,5.773076311
50.286316850,-0.001906347,5.784501507
50.308256778,0.005313918,5.795723315
50.330196707,0.012502660,5.806742432
50.352136636,0.019653778,5.817559909
50.374076565,0.026763426,5.828176327
50.396016494,0.033829683,5.838591825
50.417956423,0.040850710,5.848806795
50.439896351,0.047824696,5.858821909
50.461836280,0.054749872,5.868638135
50.483776209,0.061673958,5.878364751
50.505716138,0.068648275,5.888109795
50.527656067,0.075676403,5.897872376
50.549595995,0.082761816,5.907651336
50.571535924,0.089907872,5.917445254
50.593475853,0.097117836,5.927252452
50.615415782,0.104395564,5.937070623
50.637355711,0.111745593,5.946896755
50.659295640,0.119172343,5.956727525
50.681235568,0.126680066,5.966559340
50.703175497,0.134272844,5.976388348
50.725115426,0.141954594,5.986210437
50.747055355,0.149760361,5.996072619
50.768995284,0.157883547,6.006280482
50.790935212,0.166364233,6.016884987
50.812875141,0.175210384,6.027885512
50.834815070,0.184428851,6.039281195
50.856754999,0.194025120,6.051071268
50.878694928,0.204003199,6.063255293
50.900634857,0.214366112,6.075832993
50.922574785,0.225115987,6.088804312
50.944514714,0.236254111,6.102169512
50.966454643,0.247780884,6.115929311
50.988394572,0.259695231,6.130085410
51.010334501,0.271995030,6.144640301
51.032274429,0.284768282,6.159725474
51.054214358,0.298100689,6.175476722
51.076154287,0.311984878,6.191904453
51.098094216,0.326411407,6.209020750
51.120034145,0.341368385,6.226839704
51.141974074,0.356842114,6.245376952
51.163914002,0.372817146,6.264649602
51.185853931,0.389276234,6.284676197
51.207793860,0.406200205,6.305476706
51.229733789,0.423567211,6.327072887
51.251673718,0.441352875,6.349487985
51.273613646,0.459530630,6.372746254
51.295553575,0.478044512,6.396831332
51.317493504,0.496706259,6.421516097
51.339433433,0.515469824,6.446774926
51.361373362,0.534315067,6.472624214
51.383313291,0.553220761,6.499080791
51.405253219,0.572164682,6.526161720
51.427193148,0.591123536,6.553884205
51.449133077,0.610072838,6.582265503
51.471073006,0.628986052,6.611323234
51.493012935,0.647834609,6.641075136
51.514952863,0.666588528,6.671538504
51.536892792,0.685216383,6.702730009
51.558832721,0.703685262,6.734665514
51.580772650,0.721819426,6.767050771
51.602712579,0.739466108,6.799577686
51.624652508,0.756625662,6.832240754
51.646592436,0.773298346,6.865034563
51.668532365,0.789484310,6.897953793
51.690472294,0.805183580,6.930993210
51.712412223,0.820395771,6.964147764
51.734352152,0.835120019,6.997412576
51.756292080,0.849355307,7.030782800
51.778232009,0.863100475,7.064253604
51.800171938,0.876354224,7.097820166
51.822111867,0.889115176,7.131477645
51.844051796,0.901369629,7.165176470
51.865991725,0.913048265,7.198639963
51.887931653,0.924155382,7.231808986
51.909871582,0.934708470,7.264669546
51.931811511,0.944724822,7.297208551
51.953751440,0.954222079,7.329413618
51.975691369,0.963218518,7.361272967
51.997631297,0.971732143,7.392775574
52.019571226,0.979780561,7.423911130
52.041511155,0.987380947,7.454669967
52.063451084,0.994550172,7.485042971
52.085391013,1.001305869,7.515021336
52.107330942,1.007665766,7.544596658
52.129270870,1.013656088,7.573821490
52.151210799,1.019299458,7.602749526
52.173150728,1.024607678,7.631374758
52.195090657,1.029592737,7.659691556
52.217030586,1.034267249,7.687694588
52.238970514,1.038643687,7.715378925
52.260910443,1.042734260,7.742740020
52.282850372,1.046550902,7.769773687
52.304790301,1.050105271,7.796476076
52.326730230,1.053408841,7.822843635
52.348670159,1.056472859,7.848873101
52.370610087,1.059308261,7.874561479
52.392550016,1.061929705,7.899949446
52.414489945,1.064368093,7.925295479
52.436429874,1.066628185,7.950641813
52.458369803,1.068709867,7.975987362
52.480309731,1.070612951,8.001331051
52.502249660,1.072337257,8.026671809
52.524189589,1.073882607,8.052008568
52.546129518,1.075248817,8.077340263
52.568069447,1.076435463,8.102665851
52.590009375,1.077441918,8.127984304
52.611949304,1.078267551,8.153294594
52.633889233,1.078911735,8.178595687
52.655829162,1.079373848,8.203886551
52.677769091,1.079657457,8.229246353
52.699709020,1.079763605,8.254753992
52.721648948,1.079687847,8.280407944
52.743588877,1.079425693,8.306206588
52.765528806,1.078972603,8.332148201
52.787468735,1.078324029,8.358230955
52.809408664,1.077476425,8.384452874
52.831348592,1.076427416,8.410811851
52.853288521,1.075174658,8.437305700
52.875228450,1.073715770,8.463932159
52.897168379,1.072048338,8.490688888
52.919108308,1.070170291,8.517573467
52.941048237,1.068081822,8.544608943
52.962988165,1.065782220,8.571945547
52.984928094,1.063265558,8.599604697
53.006868023,1.060525154,8.627582074
53.028807952,1.057554071,8.655873241
53.050747881,1.054346091,8.684473652
53.072687809,1.050896254,8.713378687
53.094627738,1.047199483,8.742583651
53.116567667,1.043250457,8.772083771
53.138507596,1.039043626,8.801874191
53.160447525,1.034573276,8.831949971
53.182387454,1.029834007,8.862306110
53.204327382,1.024820466,8.892937542
53.226267311,1.019525614,8.923857011
53.248207240,1.013941043,8.955077364
53.270147169,1.008058922,8.986593673
53.292087098,1.001870653,9.018401004
53.314027026,0.995366422,9.050494325
53.335966955,0.988535955,9.082868532
53.357906884,0.981368631,9.115518424
53.379846813,0.973853490,9.148438678
53.401786742,0.965979088,9.181623786
53.423726671,0.957731886,9.215067737
53.445666599,0.949096916,9.248763991
53.467606528,0.940058943,9.282705579
53.489546457,0.930606750,9.316865278
53.511486386,0.920753327,9.351118624
53.533426315,0.910494428,9.385443060
53.555366243,0.899819125,9.419835248
53.577306172,0.888715757,9.454291379
53.599246101,0.877172392,9.488807237
53.621186030,0.865176840,9.523378174
53.643125959,0.852716572,9.557999039
53.665065888,0.839777035,9.592663582
53.687005816,0.826341970,9.627364369
53.708945745,0.812394974,9.662093168
53.730885674,0.797919598,9.696840927
53.752825603,0.782899393,9.731597737
53.774765532,0.767381979,9.766200858
53.796705460,0.751426572,9.800493505
53.818645389,0.735033987,9.834473836
53.840585318,0.718204832,9.868139709
53.862525247,0.700939529,9.901488673
53.884465176,0.683238304,9.934517949
53.906405105,0.665100641,9.967224120
53.928345033,0.646525224,9.999603030
53.950284962,0.627510620,10.031650085
53.972224891,0.608055332,10.063360269
53.994164820,0.588157822,10.094728142
54.016104749,0.567816515,10.125747826
54.038044677,0.547045089,10.156389666
54.059984606,0.525938700,10.186509621
54.081924535,0.504523481,10.216084202
54.103864464,0.482810462,10.245113655
54.125804393,0.460810331,10.273598331
54.147744322,0.438533783,10.301538919
54.169684250,0.415991704,10.328936586
54.191624179,0.393194658,10.355792596
54.213564108,0.370152852,10.382108241
54.235504037,0.346876148,10.407884818
54.257443966,0.323374196,10.433123710
54.279383894,0.299657297,10.457827124
54.301323823,0.275735855,10.481997673
54.323263752,0.251609426,10.505649059
54.345203681,0.227277080,10.528793485
54.367143610,0.202748056,10.551431418
54.389083539,0.178031853,10.573563948
54.411023467,0.153138729,10.595193338
54.432963396,0.128078776,10.616322141
54.454903325,0.102861789,10.636953061
54.476843254,0.077497269,10.657088923
54.498783183,0.051994496,10.676732735
54.520723111,0.026363194,10.695888419
54.542663040,0.000613241,10.714560539
54.564602969,-0.025245795,10.732753773
54.586542898,-0.051211652,10.750478635
54.608482827,-0.077317909,10.767773145
54.630422756,-0.103564168,10.784644831
54.652362684,-0.129942785,10.801096058
54.674302613,-0.156446208,10.817129423
54.696242542,-0.183067066,10.832747646
54.718182471,-0.209798162,10.847953558
54.740122400,-0.236632465,10.862750107
54.762062328,-0.263562921,10.877140611
54.784002257,-0.290582488,10.891128718
54.805942186,-0.317684307,10.904718176
54.827882115,-0.344861696,10.917912816
54.849822044,-0.372108155,10.930716543
54.871761973,-0.399470728,10.943167429
54.893701901,-0.426997548,10.955299799
54.915641830,-0.454683860,10.967112013
54.937581759,-0.482524894,10.978602474
54.959521688,-0.510515869,10.989769628
54.981461617,-0.538651978,11.000611986
55.003401545,-0.566928116,11.011128600
55.025341474,-0.595338857,11.021319159
55.047281403,-0.623878784,11.031183455
55.069221332,-0.652542508,11.040721353
55.091161261,-0.681324672,11.049932790
55.113101190,-0.710219845,11.058817980
55.135041118,-0.739218366,11.067376497
55.156981047,-0.768291895,11.075599848
55.178920976,-0.797430622,11.083490006
55.200860905,-0.826628589,11.091050965
55.222800834,-0.855879985,11.098286823
55.244740762,-0.885178850,11.105202456
55.266680691,-0.914518936,11.111803916
55.288620620,-0.943894185,11.118097457
55.310560549,-0.973298775,11.124089442
55.332500478,-1.002727122,11.129786335
55.354440406,-1.032173849,11.135194793
55.376380335,-1.061633541,11.140322314
55.398320264,-1.091100930,11.145176855
55.420260193,-1.120508601,11.149744502
55.442200122,-1.149789648,11.154016799
55.464140051,-1.178940151,11.158009963
55.486079979,-1.207956659,11.161740117
55.508019908,-1.236836192,11.165223199
55.529959837,-1.265576173,11.168475079
55.551899766,-1.294174403,11.171511565
55.573839695,-1.322629035,11.174348396
55.595779623,-1.350938588,11.177001133
55.617719552,-1.379102208,11.179484122
55.639659481,-1.407119493,11.181810871
55.661599410,-1.434990265,11.183994762
55.683539339,-1.462712356,11.186048518
55.705479268,-1.490272972,11.187982453
55.727419196,-1.517670881,11.189809353
55.749359125,-1.544907723,11.191540291
55.771299054,-1.571985315,11.193185804
55.793238983,-1.598905541,11.194756282
55.815178912,-1.625670334,11.196261968
55.837118840,-1.652281689,11.197712851
55.859058769,-1.678741997,11.199116839
55.880998698,-1.705053926,11.200480014
55.902938627,-1.731220065,11.201808244
55.924878556,-1.757242910,11.203107247
55.946818485,-1.783124854,11.204382592
55.968758413,-1.808873554,11.205639978
55.990698342,-1.834497085,11.206882522
56.012638271,-1.859998281,11.208111723
56.034578200,-1.885379826,11.209328966
56.056518129,-1.910644256,11.210535527
56.078458057,-1.935793962,11.211732551
56.100397986,-1.960831298,11.212920268
56.122337915,-1.985758576,11.214097865
56.144277844,-2.010577942,11.215264382
56.166217773,-2.035291372,11.216418765
56.188157702,-2.059900676,11.217559875
56.210097630,-2.084407507,11.218686463
56.232037559,-2.108815342,11.219797246
56.253977488,-2.133137438,11.220891542
56.275917417,-2.157377229,11.221967205
56.297857346,-2.181536071,11.223021811
56.319797274,-2.205615199,11.224052891
56.341737203,-2.229615701,11.225058335
56.363677132,-2.253538506,11.226036611
56.385617061,-2.277384451,11.226986200
56.407556990,-2.301154285,11.227905541
56.429496919,-2.324848679,11.228793037
56.451436847,-2.348468214,11.229647189
56.473376776,-2.372013321,11.230467588
56.495316705,-2.395484341,11.231254320
56.517256634,-2.418889646,11.232007887
56.539196563,-2.442237669,11.232728306
56.561136491,-2.465528768,11.233414911
56.583076420,-2.488763239,11.234067574
56.605016349,-2.511941279,11.234687322
56.626956278,-2.535063063,11.235275313
56.648896207,-2.558128750,11.235832687
56.670836136,-2.581138485,11.236360567
56.692776064,-2.604092397,11.236860135
56.714715993,-2.626990558,11.237333458
56.736655922,-2.649833004,11.237783168
56.758595851,-2.672619772,11.238211893
56.780535780,-2.695354026,11.238622362
56.802475708,-2.718054631,11.239017532
56.824415637,-2.740724773,11.239399406
56.846355566,-2.763364473,11.239770553
56.868295495,-2.785973748,11.240133666
56.890235424,-2.808552616,11.240491435
56.912175353,-2.831101100,11.240846544
56.934115281,-2.853619219,11.241201692
56.956055210,-2.876106982,11.241559911
56.977995139,-2.898564385,11.241924520
56.999935068,-2.920991428,11.242298843
57.021874997,-2.943388106,11.242686201
57.043814925,-2.965754413,11.243089907
57.065754854,-2.988093983,11.243513373
57.087694783,-3.010410453,11.243959922
57.109634712,-3.032703822,11.244432735
57.131574641,-3.054974088,11.244934988
57.153514570,-3.077221242,11.245469854
57.175454498,-3.099445273,11.246040499
57.197394427,-3.121646170,11.246649871
57.219334356,-3.143823922,11.247300668
57.241274285,-3.165978510,11.247995573
57.263214214,-3.188109909,11.248737266
57.285154142,-3.210218080,11.249528425
57.307094071,-3.232302983,11.250371580
57.329034000,-3.254365781,11.251268488
57.350973929,-3.276413633,11.252220619
57.372913858,-3.298447723,11.253229107
57.394853787,-3.320468029,11.254295043
57.416793715,-3.342474527,11.255419509
57.438733644,-3.364467199,11.256602902
57.460673573,-3.386446052,11.257844565
57.482613502,-3.408411084,11.259143747
57.504553431,-3.430362286,11.260499699
57.526493359,-3.452299642,11.261911668
57.548433288,-3.474223132,11.263378744
57.570373217,-3.496132764,11.264898756
57.592313146,-3.518028552,11.266468936
57.614253075,-3.539909952,11.268086500
57.636193004,-3.561776412,11.269748690
57.658132932,-3.583627922,11.271452766
57.680072861,-3.605464480,11.273195523
57.702012790,-3.627286108,11.274972779
57.723952719,-3.649092827,11.276780231
57.745892648,-3.670884659,11.278613574
57.767832576,-3.692661625,11.280468503
57.789772505,-3.714423749,11.282340682
57.811712434,-3.736171064,11.284225458
57.833652363,-3.757903615,11.286117974
57.855592292,-3.779621450,11.288013365
57.877532221,-3.801326180,11.289906803
57.899472149,-3.823027236,11.291793477
57.921412078,-3.844726320,11.293668299
57.943352007,-3.866423578,11.295526555
57.965291936,-3.888119159,11.297363605
57.987231865,-3.909813216,11.299174811
58.009171793,-3.931505912,11.300955534
58.031111722,-3.953197413,11.302701181
58.053051651,-3.974887867,11.304407973
58.074991580,-3.996577405,11.306072838
58.096931509,-4.018266164,11.307692726
58.118871437,-4.039954282,11.309264588
58.140811366,-4.061641906,11.310785375
58.162751295,-4.083326210,11.312252301
58.184691224,-4.105004312,11.313664020
58.206631153,-4.126676281,11.315019638
58.228571082,-4.148342192,11.316318266
58.250511010,-4.170002128,11.317559011
58.272450939,-4.191656174,11.318741007
58.294390868,-4.213304398,11.319864161
58.316330797,-4.234946840,11.320929274
58.338270726,-4.256583542,11.321937197
58.360210654,-4.278214550,11.322888780
58.382150583,-4.299839913,11.323784874
58.404090512,-4.321459679,11.324626465
58.426030441,-4.343072520,11.325415254
58.447970370,-4.364670344,11.326153120
58.469910299,-4.386251799,11.326842364
58.491850227,-4.407816886,11.327485343
58.513790156,-4.429365616,11.328084419
58.535730085,-4.450897995,11.328642138
58.557670014,-4.472414022,11.329161347
58.579609943,-4.493913698,11.329644911
58.601549871,-4.515397027,11.330095699
58.623489800,-4.536864014,11.330516576
58.645429729,-4.558314666,11.330910408
58.667369658,-4.579748989,11.331280094
58.689309587,-4.601166988,11.331628540
58.711249516,-4.622589747,11.331959398
58.733189444,-4.644038302,11.332275416
58.755129373,-4.665512571,11.332578146
58.777069302,-4.687012459,11.332869091
58.799009231,-4.708537862,11.333149649
58.820949160,-4.730088668,11.333421202
58.842889088,-4.751664750,11.333685127
58.864829017,-4.773265974,11.333942801
58.886768946,-4.794892195,11.334195587
58.908708875,-4.816543265,11.334444763
58.930648804,-4.838219030,11.334691543
58.952588733,-4.859919331,11.334937143
58.974528661,-4.881644588,11.335182799
58.996468590,-4.903398143,11.335429828
59.018408519,-4.925180411,11.335679302
59.040348448,-4.946991217,11.335932240
59.062288377,-4.968830383,11.336189655
59.084228305,-4.990697732,11.336452555
59.106168234,-5.012593082,11.336721943
59.128108163,-5.034516254,11.336998825
59.150048092,-5.056467063,11.337284247
59.171988021,-5.078445328,11.337579299
59.193927950,-5.100450867,11.337885066
59.215867878,-5.122483502,11.338202631
59.237807807,-5.144543062,11.338533072
59.259747736,-5.166628378,11.338877442
59.281687665,-5.188738284,11.339236916
59.303627594,-5.210872616,11.339612752
59.325567522,-5.233031218,11.340006204
59.347507451,-5.255213942,11.340418524
59.369447380,-5.277420652,11.340850963
59.391387309,-5.299651220,11.341304763
59.413327238,-5.321905531,11.341781159
59.435267167,-5.344183484,11.342281385
59.457207095,-5.366484988,11.342806671
59.479147024,-5.388809969,11.343358245
59.501086953,-5.411158368,11.343937304
59.523026882,-5.433528894,11.344544834
59.544966811,-5.455913998,11.345181640
59.566906739,-5.478312408,11.345849020
59.588846668,-5.500724120,11.346548336
59.610786597,-5.523149143,11.347280950
59.632726526,-5.545587507,11.348048058
59.654666455,-5.568039269,11.348850597
59.676606384,-5.590504498,11.349689483
59.698546312,-5.612983278,11.350565631
59.720486241,-5.635475707,11.351479955
59.742426170,-5.657981897,11.352433331
59.764366099,-5.680501988,11.353426337
59.786306028,-5.703036140,11.354459407
59.808245956,-5.725578258,11.355532819
59.830185885,-5.748122231,11.356647178
59.852125814,-5.770668206,11.357803407
59.874065743,-5.793216338,11.359002351
59.896005672,-5.815766794,11.360244697
59.917945601,-5.838319745,11.361531112
59.939885529,-5.860875370,11.362862260
59.961825458,-5.883433850,11.364238808
59.983765387,-5.905995373,11.365661426
60.005705316,-5.928560130,11.367130855
60.027645245,-5.951128316,11.368647880
60.049585173,-5.973700133,11.370213287
60.071525102,-5.996280029,11.371827938
60.093465031,-6.018893744,11.373492585
60.115404960,-6.041545943,11.375206910
60.137344889,-6.064237086,11.376970717
60.159284818,-6.086967662,11.378783846
60.181224746,-6.109738197,11.380646131
60.203164675,-6.132549249,11.382557398
60.225104604,-6.155401414,11.384517472
60.247044533,-6.178295320,11.386526312
60.268984462,-6.201231634,11.388583997
60.290924390,-6.224211058,11.390690595
60.312864319,-6.247234339,11.392846169
60.334804248,-6.270302260,11.395050770
60.356744177,-6.293448227,11.397304152
60.378684106,-6.316706048,11.399604070
60.400624035,-6.340077216,11.401947521
60.422563963,-6.363563322,11.404331438
60.444503892,-6.387166057,11.406752690
60.466443821,-6.410887212,11.409208062
60.488383750,-6.434728671,11.411693702
60.510323679,-6.458692401,11.414205034
60.532263607,-6.482780451,11.416737374
60.554203536,-6.506994949,11.419285959
60.576143465,-6.531338099,11.421845950
60.598083394,-6.555812170,11.424412184
60.620023323,-6.580441181,11.426977272
60.641963252,-6.605358508,11.429526295
60.663903180,-6.630590089,11.432043405
60.685843109,-6.656140352,11.434512764
60.707783038,-6.682013834,11.436918050
60.729722967,-6.708215090,11.439241638
60.751662896,-6.734748601,11.441464143
60.773602824,-6.761618761,11.443565563
60.795542753,-6.788829818,11.445525386
60.817482682,-6.816385817,11.447322581
60.839422611,-6.844290518,11.448935478
60.861362540,-6.872547239,11.450340946
60.883302469,-6.901158792,11.451514894
60.905242397,-6.930306750,11.452409199
60.927182326,-6.960174381,11.452959987
60.949122255,-6.990766226,11.453117299
60.971062184,-7.022085996,11.452828568
60.993002113,-7.054136142,11.452038504
61.014942041,-7.086917407,11.450689244
61.036881970,-7.120428336,11.448720419
61.058821899,-7.154664736,11.446069254
61.080761828,-7.189619112,11.442670773
61.102701757,-7.225280187,11.438458494
61.124641685,-7.261632288,11.433364557
61.146581614,-7.298654664,11.427319816
61.168521543,-7.336309466,11.420258046
61.190461472,-7.374504092,11.412131779
61.212401401,-7.413211510,11.402874090
61.234341330,-7.452413210,11.392411781
61.256281258,-7.492085893,11.380668421
61.278221187,-7.532200537,11.367564475
61.300161116,-7.572721448,11.353017729
61.322101045,-7.613605258,11.336943928
61.344040974,-7.654800106,11.319257953
61.365980902,-7.696244629,11.299874780
61.387920831,-7.737866838,11.278710423
61.409860760,-7.779583249,11.255683464
61.431800689,-7.821298195,11.230716865
61.453740618,-7.862524247,11.204043381
61.475680547,-7.902830387,11.175953060
61.497620475,-7.942194887,11.146456704
61.519560404,-7.980593863,11.115561963
61.541500333,-8.018000785,11.083273671
61.563440262,-8.054386015,11.049594205
61.585380191,-8.089716064,11.014523656
61.607320119,-8.123953092,10.978060313
61.629260048,-8.157054814,10.940201519
61.651199977,-8.188974168,10.900944294
61.673139906,-8.219658987,10.860286013
61.695079835,-8.249051652,10.818225122
61.717019764,-8.277025639,10.774876429
61.738959692,-8.303173410,10.730965265
61.760899621,-8.327462989,10.686694262
61.782839550,-8.349933990,10.642146576
61.804779479,-8.370629246,10.597396709
61.826719408,-8.389593675,10.552510931
61.848659336,-8.406873270,10.507547796
61.870599265,-8.422514060,10.462558659
61.892539194,-8.436561343,10.417588289
61.914479123,-8.449059055,10.372675501
61.936419052,-8.460049392,10.327853799
61.958358981,-8.469573231,10.283152102
61.980298909,-8.477669356,10.238595106
62.002238838,-8.484383009,10.194122847
62.024178767,-8.489744348,10.149687579
62.046118696,-8.493768171,10.105327984
62.068058625,-8.496470682,10.061080924
62.089998553,-8.497870018,10.016981443
62.111938482,-8.497984893,9.973062695
62.133878411,-8.496834259,9.929356030
62.155818340,-8.494437160,9.885891116
62.177758269,-8.490812706,9.842696044
62.199698198,-8.485981005,9.799797347
62.221638126,-8.479962647,9.757220038
62.243578055,-8.472777895,9.714987771
62.265517984,-8.464433158,9.673048322
62.287457913,-8.454844828,9.630975984
62.309397842,-8.443960884,9.588721107
62.331337770,-8.431739357,9.546312456
62.353277699,-8.418136871,9.503783101
62.375217628,-8.403108824,9.461170957
62.397157557,-8.386609815,9.418519312
62.419097486,-8.368594203,9.375877344
62.441037415,-8.349017208,9.333300463
62.462977343,-8.327835582,9.290850749
62.484917272,-8.305008097,9.248597503
62.506857201,-8.280496542,9.206617575
62.528797130,-8.254266875,9.164995568
62.550737059,-8.226554903,9.124254447
62.572676987,-8.197659609,9.084856923
62.594616916,-8.167642015,9.046801042
62.616556845,-8.136558532,9.010082825
62.638496774,-8.104461125,8.974696933
62.660436703,-8.071397539,8.940637242
62.682376632,-8.037412203,8.907896773
62.704316560,-8.002546505,8.876467960
62.726256489,-7.966838233,8.846343676
62.748196418,-7.930321812,8.817517656
62.770136347,-7.893028592,8.789984835
62.792076276,-7.854987326,8.763741436
62.814016204,-7.816298565,8.738840772
62.835956133,-7.777451716,8.715597420
62.857896062,-7.738600804,8.694005777
62.879835991,-7.699819935,8.673997163
62.901775920,-7.661174240,8.655500104
62.923715849,-7.622720676,8.638441041
62.945655777,-7.584508739,8.622745038
62.967595706,-7.546580697,8.608337273
62.989535635,-7.508972269,8.595143796
63.011475564,-7.471713326,8.583092088
63.033415493,-7.434828576,8.572111519
63.055355421,-7.398338129,8.562133875
63.077295350,-7.362258191,8.553093456
63.099235279,-7.326660679,8.544947678
63.121175208,-7.291623559,8.537651452
63.143115137,-7.257165972,8.531137666
63.165055066,-7.223302492,8.525340860
63.186994994,-7.190043496,8.520198388
63.208934923,-7.157396149,8.515649421
63.230874852,-7.125364969,8.511634968
63.252814781,-7.093952305,8.508098028
63.274754710,-7.063158752,8.504983862
63.296694638,-7.032983181,8.502241996
63.318634567,-7.003423395,8.499825503
63.340574496,-6.974476805,8.497689644
63.362514425,-6.946093171,8.495783481
63.384454354,-6.917984602,8.494025051
63.406394283,-6.890100978,8.492389294
63.428334211,-6.862439239,8.490863236
63.450274140,-6.834996239,8.489434638
63.472214069,-6.807768851,8.488091554
63.494153998,-6.780753990,8.486822317
63.516093927,-6.753948628,8.485615629
63.538033855,-6.727349650,8.484462000
63.559973784,-6.700953951,8.483353543
63.581913713,-6.674758624,8.482282683
63.603853642,-6.648760976,8.481242099
63.625793571,-6.622958537,8.480224722
63.647733500,-6.597345242,8.479223765
63.669673428,-6.571914864,8.478234183
63.691613357,-6.546665041,8.477251845
63.713553286,-6.521593642,8.476272815
63.735493215,-6.496698771,8.475293340
63.757433144,-6.471978762,8.474309861
63.779373072,-6.447432145,8.473319508
63.801313001,-6.423057658,8.472320168
63.823252930,-6.398854271,8.471309925
63.845192859,-6.374821182,8.470287021
63.867132788,-6.350957813,8.469249852
63.889072716,-6.327263794,8.468197034
63.911012645,-6.303725683,8.467127309
63.932952574,-6.280263629,8.466039256
63.954892503,-6.256863817,8.464936119
63.976832432,-6.233525769,8.463821759
63.998772361,-6.210249094,8.462700059
64.020712289,-6.187033489,8.461574878
64.042652218,-6.163878729,8.460450028
64.064592147,-6.140784663,8.459329333
64.086532076,-6.117751204,8.458216638
64.108472005,-6.094778329,8.457115807
64.130411933,-6.071866070,8.456030623
64.152351862,-6.049014521,8.454964113
64.174291791,-6.026223821,8.453918952
64.196231720,-6.003491939,8.452897825
64.218171649,-5.980816840,8.451903543
64.240111578,-5.958198699,8.450938988
64.262051506,-5.935637717,8.450006319
64.283991435,-5.913134119,8.449106162
64.305931364,-5.890688138,8.448238964
64.327871293,-5.868300006,8.447405188
64.349811222,-5.845969952,8.446605310
64.371751150,-5.823698206,8.445839672
64.393691079,-5.801484999,8.445106840
64.415631008,-5.779330559,8.444404246
64.437570937,-5.757235103,8.443729318
64.459510866,-5.735194554,8.443079499
64.481450795,-5.713183372,8.442452683
64.503390723,-5.691197351,8.441846865
64.525330652,-5.669236565,8.441258448
64.547270581,-5.647301088,8.440683542
64.569210510,-5.625390987,8.440118262
64.591150439,-5.603506329,8.439558723
64.613090367,-5.581647180,8.439001025
64.635030296,-5.559813608,8.438440909
64.656970225,-5.538005685,8.437873805
64.678910154,-5.516223486,8.437295137
64.700850083,-5.494467090,8.436700330
64.722790012,-5.472736585,8.436084814
64.744729940,-5.451021241,8.435444319
64.766669869,-5.429310303,8.434776060
64.788609798,-5.407603825,8.434077692
64.810549727,-5.385901861,8.433346869
64.832489656,-5.364204473,8.432581249
64.854429584,-5.342511726,8.431778532
64.876369513,-5.320823674,8.430937797
64.898309442,-5.299140361,8.430059713
64.920249371,-5.277461829,8.429145040
64.942189300,-5.255788120,8.428194536
64.964129229,-5.234119275,8.427208961
64.986069157,-5.212455331,8.426189457
65.008009086,-5.190793418,8.425139295
65.029949015,-5.169116206,8.424062677
65.051888944,-5.147420711,8.422964312
65.073828873,-5.125706816,8.421848961
65.095768801,-5.103974399,8.420721396
65.117708730,-5.082223321,8.419587159
65.139648659,-5.060453423,8.418452985
65.161588588,-5.038664539,8.417325710
65.183528517,-5.016856499,8.416212175
65.205468446,-4.995029132,8.415119218
65.227408374,-4.973182266,8.414053698
65.249348303,-4.951315730,8.413022581
65.271288232,-4.929429357,8.412032892
65.293228161,-4.907529310,8.411091676
65.315168090,-4.885621786,8.410205710
65.337108018,-4.863706666,8.409381615
65.359047947,-4.841783843,8.408625546
65.380987876,-4.819853228,8.407942681
65.402927805,-4.797914736,8.407338077
65.424867734,-4.775968288,8.406816792
65.446807663,-4.754013810,8.406383881
65.468747591,-4.732051234,8.406044274
65.490687520,-4.710080522,8.405801393
65.512627449,-4.688101652,8.405657687
65.534567378,-4.666114612,8.405615593
65.556507307,-4.644120997,8.405677559
65.578447235,-4.622130423,8.405845945
65.600387164,-4.600144488,8.406122145
65.622327093,-4.578163205,8.406505620
65.644267022,-4.556186590,8.406995497
65.666206951,-4.534214651,8.407590898
65.688146880,-4.512247388,8.408290949
65.710086808,-4.490284801,8.409094701
65.732026737,-4.468326899,8.409999885
65.753966666,-4.446373701,8.411003092
65.775906595,-4.424425225,8.412100875
65.797846524,-4.402481478,8.413289788
65.819786452,-4.380542468,8.414566385
65.841726381,-4.358630780,8.415926968
65.863666310,-4.336768784,8.417365622
65.885606239,-4.314956130,8.418875580
65.907546168,-4.293192436,8.420450084
65.929486097,-4.271477296,8.422082388
65.951426025,-4.249810278,8.423765743
65.973365954,-4.228190941,8.425493004
65.995305883,-4.206618833,8.427256565
66.017245812,-4.185093497,8.429048803
66.039185741,-4.163614471,8.430862107
66.061125669,-4.142181293,8.432688874
66.083065598,-4.120793504,8.434521529
66.105005527,-4.099467479,8.436352852
66.126945456,-4.078303334,8.438175365
66.148885385,-4.057316436,8.439978023
66.170825314,-4.036505302,8.441749509
66.192765242,-4.015868484,8.443478653
66.214705171,-3.995404570,8.445154866
66.236645100,-3.975112180,8.446768374
66.258585029,-3.954989991,8.448309602
66.280524958,-3.935036746,8.449769106
66.302464886,-3.915251257,8.451137579
66.324404815,-3.895632408,8.452405998
66.346344744,-3.876179103,8.453566700
66.368284673,-3.856890280,8.454612734
66.390224602,-3.837747718,8.455536465
66.412164531,-3.818734380,8.456330935
66.434104459,-3.799851089,8.456990373
66.456044388,-3.781098707,8.457509777
66.477984317,-3.762478049,8.457885663
66.499924246,-3.743989952,8.458114812
66.521864175,-3.725635276,8.458194090
66.543804103,-3.707414900,8.458120445
66.565744032,-3.689329705,8.457891010
66.587683961,-3.671380442,8.457504161
66.609623890,-3.653567737,8.456959096
66.631563819,-3.635892143,8.456255100
66.653503747,-3.618353835,8.455391491
66.675443676,-3.600952087,8.454367567
66.697383605,-3.583688566,8.453183317
66.719323534,-3.566565092,8.451839608
66.741263463,-3.549583328,8.450337515
66.763203392,-3.532744777,8.448678182
66.785143320,-3.516050774,8.446862811
66.807083249,-3.499502461,8.444892661
66.829023178,-3.483100782,8.442768996
66.850963107,-3.466846470,8.440493088
66.872903036,-3.450740017,8.438066238
66.894842964,-3.434781664,8.435489764
66.916782893,-3.418971385,8.432764988
66.938722822,-3.403441479,8.429925097
66.960662751,-3.388328458,8.427002665
66.982602680,-3.373637963,8.423998673
67.004542609,-3.359374957,8.420914858
67.026482537,-3.345543568,8.417753658
67.048422466,-3.332146930,8.414518129
67.070362395,-3.319187277,8.411211092
67.092302324,-3.306665877,8.407834932
67.114242253,-3.294582604,8.404392369
67.136182181,-3.282935763,8.400886374
67.158122110,-3.271721928,8.397320008
67.180062039,-3.260935868,8.393696058
67.202001968,-3.250564919,8.390013360
67.223941897,-3.240575569,8.386261059
67.245881826,-3.230978160,8.382448828
67.267821754,-3.221788401,8.378590332
67.289761683,-3.213020124,8.374699979
67.311701612,-3.204685145,8.370792621
67.333641541,-3.196793108,8.366883288
67.355581470,-3.189351130,8.362987200
67.377521398,-3.182363561,8.359119513
67.399461327,-3.175831772,8.355294985
67.421401256,-3.169753909,8.351527663
67.443341185,-3.164124360,8.347830884
67.465281114,-3.158933812,8.344216463
67.487221043,-3.154047963,8.340584791
67.509160971,-3.149356285,8.336845046
67.531100900,-3.144880854,8.333021374
67.553040829,-3.140640951,8.329139318
67.574980758,-3.136652271,8.325226036
67.596920687,-3.132927675,8.321309072
67.618860615,-3.129477205,8.317415936
67.640800544,-3.126307990,8.313573794
67.662740473,-3.123424046,8.309809196
67.684680402,-3.120824937,8.306148462
67.706620331,-3.118506126,8.302616747
67.728560260,-3.116459825,8.299236922
67.750500188,-3.114654881,8.295989148
67.772440117,-3.112966724,8.292654704
67.794380046,-3.111385652,8.289219571
67.816319975,-3.109919886,8.285711322
67.838259904,-3.108575056,8.282157981
67.860199832,-3.107354359,8.278587585
67.882139761,-3.106258517,8.275027839
67.904079690,-3.105285760,8.271505764
67.926019619,-3.104431690,8.268047362
67.947959548,-3.103689348,8.264677198
67.969899477,-3.103049446,8.261417961
67.991839405,-3.102500511,8.258290049
68.013779334,-3.102029064,8.255311146
68.035719263,-3.101613402,8.252350813
68.057659192,-3.101243986,8.249282331
68.079599121,-3.100922706,8.246127135
68.101539049,-3.100649411,8.242906934
68.123478978,-3.100421915,8.239643316
68.145418907,-3.100236101,8.236357368
68.167358836,-3.100087623,8.233069577
68.189298765,-3.099972241,8.229799786
68.211238694,-3.099884096,8.226566714
68.233178622,-3.099815775,8.223387570
68.255118551,-3.099758524,8.220277702
68.277058480,-3.099703024,8.217250418
68.298998409,-3.099660497,8.214269673
68.320938338,-3.099744191,8.211061416
68.342878266,-3.099987329,8.207598228
68.364818195,-3.100402624,8.203903858
68.386758124,-3.100999653,8.200004337
68.408698053,-3.101786073,8.195928179
68.430637982,-3.102768197,8.191706512
68.452577911,-3.103949158,8.187371731
68.474517839,-3.105328817,8.182956955
68.496457768,-3.106903869,8.178495609
68.518397697,-3.108668077,8.174021136
68.540337626,-3.110613115,8.169567310
68.562277555,-3.112728195,8.165167642
68.584217483,-3.115158361,8.160697636
68.606157412,-3.118071307,8.156030271
68.628097341,-3.121483850,8.151197440
68.650037270,-3.125406930,8.146233737
68.671977199,-3.129845565,8.141175303
68.693917128,-3.134799531,8.136059575
68.715857056,-3.140263703,8.130924739
68.737796985,-3.146228357,8.125809196
68.759736914,-3.152679393,8.120750960
68.781676843,-3.159597690,8.115785504
68.803616772,-3.166960032,8.110946031
68.825556700,-3.174740181,8.106264434
68.847496629,-3.182932691,8.101759972
68.869436558,-3.191661794,8.097390353
68.891376487,-3.200953030,8.093161304
68.913316416,-3.210805305,8.089086325
68.935256345,-3.221214384,8.085178130
68.957196273,-3.232173460,8.081448890
68.979136202,-3.243673468,8.077909982
69.001076131,-3.255703371,8.074571662
69.023016060,-3.268249854,8.071440671
69.044955989,-3.281297913,8.068520406
69.066895917,-3.294831774,8.065812813
69.088835846,-3.308835149,8.063318439
69.110775775,-3.323291449,8.061036440
69.132715704,-3.338096968,8.058982917
69.154655633,-3.353157272,8.057169411
69.176595562,-3.368469576,8.055587002
69.198535490,-3.384031083,8.054226505
69.220475419,-3.399839003,8.053078459
69.242415348,-3.415890568,8.052133116
69.264355277,-3.432183052,8.051380458
69.286295206,-3.448713783,8.050810189
69.308235134,-3.465480158,8.050411721
69.330175063,-3.482479648,8.050174162
69.352114992,-3.499709812,8.050086322
69.374054921,-3.517168329,8.050137015
69.395994850,-3.534839744,8.050317495
69.417934779,-3.552642863,8.050625249
69.439874707,-3.570564663,8.051053314
69.461814636,-3.588605602,8.051593672
69.483754565,-3.606766171,8.052238271
69.505694494,-3.625046940,8.052980463
69.527634423,-3.643448529,8.053815813
69.549574351,-3.661971487,8.054740019
69.571514280,-3.680616294,8.055748708
69.593454209,-3.699383357,8.056837435
69.615394138,-3.718273026,8.058001981
69.637334067,-3.737285586,8.059240423
69.659273995,-3.756421213,8.060551895
69.681213924,-3.775662693,8.061935520
69.703153853,-3.794993373,8.063390937
69.725093782,-3.814414109,8.064917972
69.747033711,-3.833925647,8.066517069
69.768973640,-3.853528595,8.068190017
69.790913568,-3.873223444,8.069938736
69.812853497,-3.893010583,8.071765093
69.834793426,-3.912890309,8.073670907
69.856733355,-3.932862842,8.075657939
69.878673284,-3.952928336,8.077727807
69.900613212,-3.973086896,8.079882016
69.922553141,-3.993338582,8.082122018
69.944493070,-4.013682015,8.084449149
69.966432999,-4.034108883,8.086864499
69.988372928,-4.054618113,8.089369108
70.010312857,-4.075210139,8.091962484
70.032252785,-4.095885421,8.094643812
70.054192714,-4.116644436,8.097412235
70.076132643,-4.137487685,8.100266858
70.098072572,-4.158415703,8.103206644
70.120012501,-4.179429179,8.106228711
70.141952429,-4.200528957,8.109328580
70.163892358,-4.221715936,8.112501678
70.185832287,-4.242991068,8.115743394
70.207772216,-4.264355355,8.119049074
70.229712145,-4.285803425,8.122413154
70.251652074,-4.307330050,8.125828396
70.273592002,-4.328936510,8.129287586
70.295531931,-4.350624119,8.132783477
70.317471860,-4.372394220,8.136308790
70.339411789,-4.394248177,8.139856200
70.361351718,-4.416187396,8.143418020
70.383291646,-4.438213319,8.146986144
70.405231575,-4.460327389,8.150552412
70.427171504,-4.482531048,8.154108623
70.449111433,-4.504825721,8.157646537
70.471051362,-4.527212798,8.161158103
70.492991291,-4.549692497,8.164636459
70.514931219,-4.572259595,8.168074945
70.536871148,-4.594914015,8.171467375
70.558811077,-4.617656699,8.174807607
70.580751006,-4.640488555,8.178089484
70.602690935,-4.663410366,8.181308206
70.624630863,-4.686422757,8.184461096
70.646570792,-4.709526327,8.187545627
70.668510721,-4.732721655,8.190559233
70.690450650,-4.756009306,8.193499315
70.712390579,-4.779389813,8.196363502
70.734330508,-4.802863597,8.199151519
70.756270436,-4.826431044,8.201864070
70.778210365,-4.850089200,8.204501732
70.800150294,-4.873834958,8.207065229
70.822090223,-4.897668522,8.209555444
70.844030152,-4.921590130,8.211973456
70.865970080,-4.945600057,8.214320783
70.887910009,-4.969698635,8.216598972
70.909849938,-4.993886259,8.218809535
70.931789867,-5.018163394,8.220953949
70.953729796,-5.042530579,8.223033501
70.975669725,-5.066988444,8.225047634
70.997609653,-5.091537678,8.226994585
71.019549582,-5.116178997,8.228872535
71.041489511,-5.140912318,8.230679628
71.063429440,-5.165733293,8.232414119
71.085369369,-5.190641608,8.234072911
71.107309297,-5.215637718,8.235648693
71.129249226,-5.240721999,8.237133367
71.151189155,-5.265894742,8.238518795
71.173129084,-5.291156144,8.239796803
71.195069013,-5.316506297,8.240958976
71.217008942,-5.341945035,8.241993219
71.238948870,-5.367471852,8.242884257
71.260888799,-5.393085969,8.243616683
71.282828728,-5.418786313,8.244175071
71.304768657,-5.444571509,8.244543976
71.326708586,-5.470434984,8.244707571
71.348648514,-5.496369420,8.244647355
71.370588443,-5.522371763,8.244343868
71.392528372,-5.548438512,8.243777667
71.414468301,-5.574565699,8.242929332
71.436408230,-5.600748874,8.241779489
71.458348159,-5.626983123,8.240309121
71.480288087,-5.653263060,8.238499626
71.502228016,-5.679582786,8.236332486
71.524167945,-5.705935874,8.233789258
71.546107874,-5.732315346,8.230851585
71.568047803,-5.758713769,8.227501976
71.589987731,-5.785121915,8.223727599
71.611927660,-5.811521067,8.219518891
71.633867589,-5.837901339,8.214865478
71.655807518,-5.864254310,8.209756856
71.677747447,-5.890571182,8.204182713
71.699687376,-5.916843470,8.198136805
71.721627304,-5.943063544,8.191619101
71.743567233,-5.969223764,8.184630192
71.765507162,-5.995316396,8.177170772
71.787447091,-6.021333611,8.169241639
71.809387020,-6.047267682,8.160844592
71.831326948,-6.073112411,8.151988574
71.853266877,-6.098862545,8.142685940
71.875206806,-6.124503327,8.132951592
71.897146735,-6.150020593,8.122801159
71.919086664,-6.175410452,8.112248151
71.941026593,-6.200670016,8.101308548
71.962966521,-6.225798257,8.090003467
71.984906450,-6.250794932,8.078354591
72.006846379,-6.275660428,8.066383494
72.028786308,-6.300395771,8.054111629
72.050726237,-6.325002673,8.041560456
72.072666165,-6.349484040,8.028752933
72.094606094,-6.373843850,8.015712895
72.116546023,-6.398086853,8.002463976
72.138485952,-6.422215958,7.989030506
72.160425881,-6.446222102,7.975441642
72.182365810,-6.470110345,7.961721583
72.204305738,-6.493888446,7.947891430
72.226245667,-6.517564735,7.933971646
72.248185596,-6.541148225,7.919982376
72.270125525,-6.564648622,7.905943436
72.292065454,-6.588076229,7.891874091
72.314005382,-6.611440484,7.877789633
72.335945311,-6.634750008,7.863701915
72.357885240,-6.658013818,7.849622395
72.379825169,-6.681241370,7.835562225
72.401765098,-6.704442555,7.821532244
72.423705026,-6.727617848,7.807546117
72.445644955,-6.750765864,7.793612318
72.467584884,-6.773894111,7.779733498
72.489524813,-6.797010183,7.765912109
72.511464742,-6.820121762,7.752150402
72.533404671,-6.843236557,7.738450311
72.555344599,-6.866360584,7.724810334
72.577284528,-6.889497740,7.711225100
72.599224457,-6.912651636,7.697688960
72.621164386,-6.935825710,7.684196198
72.643104315,-6.959023228,7.670741034
72.665044243,-6.982246948,7.657317073
72.686984172,-7.005495751,7.643915927
72.708924101,-7.028758807,7.630534152
72.730864030,-7.052034203,7.617163315
72.752803959,-7.075321482,7.603793979
72.774743888,-7.098619838,7.590416776
72.796683816,-7.121927635,7.577021707
72.818623745,-7.145242103,7.563597768
72.840563674,-7.168560018,7.550134007
72.862503603,-7.191877769,7.536619623
72.884443532,-7.215191368,7.523043974
72.906383460,-7.238496459,7.509396591
72.928323389,-7.261788380,7.495667250
72.950263318,-7.285062138,7.481845932
72.972203247,-7.308307565,7.467926698
72.994143176,-7.331514394,7.453904265
73.016083105,-7.354676986,7.439769889
73.038023033,-7.377789686,7.425515406
73.059962962,-7.400847199,7.411133636
73.081902891,-7.423844045,7.396617673
73.103842820,-7.446774483,7.381960793
73.125782749,-7.469632521,7.367156452
73.147722677,-7.492411996,7.352198374
73.169662606,-7.515107389,7.337081430
73.191602535,-7.537713556,7.321801264
73.213542464,-7.560225189,7.306353673
73.235482393,-7.582636126,7.290735257
73.257422322,-7.604936727,7.274946222
73.279362250,-7.627121135,7.258984193
73.301302179,-7.649185128,7.242847355
73.323242108,-7.671124582,7.226534187
73.345182037,-7.692935283,7.210043266
73.367121966,-7.714612934,7.193373270
73.389061894,-7.736153196,7.176523015
73.411001823,-7.757552403,7.159492103
73.432941752,-7.778807492,7.142280805
73.454881681,-7.799915382,7.124889464
73.476821610,-7.820872965,7.107318480
73.498761539,-7.841677098,7.089568302
73.520701467,-7.862323711,7.071640881
73.542641396,-7.882809527,7.053538891
73.564581325,-7.903132581,7.035263918
73.586521254,-7.923290912,7.016817578
73.608461183,-7.943282563,6.998201505
73.630401111,-7.963105593,6.979417363
73.652341040,-7.982758286,6.960467011
73.674280969,-8.002239200,6.941352523
73.696220898,-8.021546921,6.922075988
73.718160827,-8.040680055,6.902639503
73.740100756,-8.059637221,6.883045169
73.762040684,-8.078417038,6.863295080
73.783980613,-8.097018030,6.843391289
73.805920542,-8.115438638,6.823335930
73.827860471,-8.133677427,6.803131005
73.849800400,-8.151732996,6.782778502
73.871740328,-8.169603954,6.762280415
73.893680257,-8.187288652,6.741638569
73.915620186,-8.204785030,6.720854530
73.937560115,-8.222090992,6.699929866
73.959500044,-8.239204445,6.678866173
73.981439973,-8.256123299,6.657665078
74.003379901,-8.272845379,6.636328176
74.025319830,-8.289367826,6.614856680
74.047259759,-8.305687444,6.593251649
74.069199688,-8.321801462,6.571513431
74.091139617,-8.337707078,6.549642356
74.113079545,-8.353401025,6.527639537
74.135019474,-8.368879703,6.505505959
74.156959403,-8.384138818,6.483242294
74.178899332,-8.399173964,6.460849245
74.200839261,-8.413980718,6.438327598
74.222779190,-8.428554636,6.415678220
74.244719118,-8.442891225,6.392902042
74.266659047,-8.456985625,6.369999894
74.288598976,-8.470832727,6.346972580
74.310538905,-8.484427397,6.323820996
74.332478834,-8.497764632,6.300545817
74.354418762,-8.510840139,6.277146204
74.376358691,-8.523648879,6.253622944
74.398298620,-8.536185862,6.229977331
74.420238549,-8.548446128,6.206210759
74.442178478,-8.560424710,6.182324712
74.464118407,-8.572116632,6.158320755
74.486058335,-8.583516956,6.134200559
74.507998264,-8.594621549,6.109966225
74.529938193,-8.605426980,6.085620217
74.551878122,-8.615929855,6.061165055
74.573818051,-8.626126790,6.036603303
74.595757979,-8.636014418,6.011937569
74.617697908,-8.645590408,5.987169230
74.639637837,-8.654854205,5.962300359
74.661577766,-8.663805142,5.937334637
74.683517695,-8.672442588,5.912275729
74.705457624,-8.680765950,5.887127286
74.727397552,-8.688774722,5.861892962
74.749337481,-8.696469964,5.836576949
74.771277410,-8.703854552,5.811184016
74.793217339,-8.710931524,5.785718880
74.815157268,-8.717703978,5.760186163
74.837097196,-8.724175067,5.734590400
74.859037125,-8.730348394,5.708936161
74.880977054,-8.736229945,5.683228277
74.902916983,-8.741827070,5.657469851
74.924856912,-8.747146548,5.631665607
74.946796841,-8.752195103,5.605820469
74.968736769,-8.756979547,5.579939210
74.990676698,-8.761507670,5.554026714
75.012616627,-8.765788758,5.528088098
75.034556556,-8.769832291,5.502128306
75.056496485,-8.773647822,5.476152075
75.078436413,-8.777244974,5.450163931
75.100376342,-8.780633511,5.424168215
75.122316271,-8.783823889,5.398169220
75.144256200,-8.786826927,5.372171096
75.166196129,-8.789653818,5.346176445
75.188136057,-8.792315734,5.320187635
75.210075986,-8.794823546,5.294208124
75.232015915,-8.797187988,5.268241099
75.253955844,-8.799419447,5.242289441
75.275895773,-8.801528305,5.216355805
75.297835702,-8.803524982,5.190442641
75.319775630,-8.805419938,5.164552185
75.341715559,-8.807223563,5.138686448
75.363655488,-8.808945113,5.112846998
75.385595417,-8.810593111,5.087035079
75.407535346,-8.812176084,5.061251764
75.429475274,-8.813702627,5.035497674
75.451415203,-8.815181564,5.009771827
75.473355132,-8.816620749,4.984074399
75.495295061,-8.818026086,4.958405384
75.517234990,-8.819403139,4.932764607
75.539174919,-8.820757468,4.907151791
75.561114847,-8.822094631,4.881566552
75.583054776,-8.823420092,4.856008389
75.604994705,-8.824737717,4.830476474
75.626934634,-8.826049982,4.804969721
75.648874563,-8.827359300,4.779486999
75.670814491,-8.828668067,4.754027134
75.692754420,-8.829978660,4.728588911
75.714694349,-8.831293100,4.703170031
75.736634278,-8.832611545,4.677767966
75.758574207,-8.833933554,4.652381141
75.780514136,-8.835258658,4.627007995
75.802454064,-8.836586365,4.601646977
75.824393993,-8.837916136,4.576296547
75.846333922,-8.839246615,4.550955114
75.868273851,-8.840575513,4.525621044
75.890213780,-8.841900460,4.500292745
75.912153708,-8.843219064,4.474968679
75.934093637,-8.844528908,4.449647354
75.956033566,-8.845827456,4.424327322
75.977973495,-8.847111642,4.399006948
75.999913424,-8.848378213,4.373683574
76.021853353,-8.849623795,4.348355686
76.043793281,-8.850844978,4.323022047
76.065733210,-8.852038329,4.297681488
76.087673139,-8.853200354,4.272332903
76.109613068,-8.854327466,4.246975253
76.131552997,-8.855416057,4.221607566
76.153492925,-8.856462500,4.196228939
76.175432854,-8.857463149,4.170838538
76.197372783,-8.858414341,4.145435600
76.219312712,-8.859312355,4.120019429
76.241252641,-8.860153440,4.094589403
76.263192570,-8.860933813,4.069144249
76.285132498,-8.861649630,4.043682774
76.307072427,-8.862297029,4.018204579
76.329012356,-8.862871954,3.992709340
76.350952285,-8.863369955,3.967196825
76.372892214,-8.863786524,3.941666888
76.394832142,-8.864117145,3.916119467
76.416772071,-8.864357295,3.890554588
76.438712000,-8.864502377,3.864972366
76.460651929,-8.864546988,3.839373055
76.482591858,-8.864485209,3.813757050
76.504531787,-8.864311113,3.788124863
76.526471715,-8.864018761,3.762476987
76.548411644,-8.863602141,3.736813362
76.570351573,-8.863054876,3.711134773
76.592291502,-8.862369468,3.685442377
76.614231431,-8.861538226,3.659737504
76.636171359,-8.860553472,3.634021643
76.658111288,-8.859407542,3.608296441
76.680051217,-8.858092760,3.582563708
76.701991146,-8.856600917,3.556825484
76.723931075,-8.854923351,3.531084041
76.745871004,-8.853051413,3.505341839
76.767810932,-8.850976480,3.479601524
76.789750861,-8.848689967,3.453865930
76.811690790,-8.846183392,3.428137769
76.833630719,-8.843448774,3.402419886
76.855570648,-8.840478328,3.376715582
76.877510576,-8.837264308,3.351028337
76.899450505,-8.833799012,3.325361803
76.921390434,-8.830074831,3.299719804
76.943330363,-8.826085591,3.274106081
76.965270292,-8.821826772,3.248524222
76.987210221,-8.817293983,3.222977903
77.009150149,-8.812482877,3.197470915
77.031090078,-8.807389149,3.172007154
77.053030007,-8.802009153,3.146590498
77.074969936,-8.796342701,3.121224193
77.096909865,-8.790390840,3.095911326
77.118849793,-8.784154633,3.070654919
77.140789722,-8.777635165,3.045457970
77.162729651,-8.770833579,3.020323463
77.184669580,-8.763753253,2.995253821
77.206609509,-8.756400997,2.970250537
77.228549438,-8.748783904,2.945314887
77.250489366,-8.740909052,2.920448002
77.272429295,-8.732783505,2.895650865
77.294369224,-8.724414692,2.870924203
77.316309153,-8.715813069,2.846267714
77.338249082,-8.706990494,2.821680443
77.360189010,-8.697958937,2.797161683
77.382128939,-8.688730340,2.772710472
77.404068868,-8.679316442,2.748325065
77.426008797,-8.669729568,2.724003240
77.447948726,-8.659983352,2.699742035
77.469888655,-8.650091502,2.675538114
77.491828583,-8.640067618,2.651387815
77.513768512,-8.629925190,2.627287153
77.535708441,-8.619677533,2.603231837
77.557648370,-8.609337181,2.579217487
77.579588299,-8.598916119,2.555239567
77.601528227,-8.588426201,2.531293245
77.623468156,-8.577879252,2.507373649
77.645408085,-8.567287502,2.483476899
77.667348014,-8.556661659,2.459597879
77.689287943,-8.546009489,2.435732019
77.711227872,-8.535338155,2.411874740
77.733167800,-8.524654703,2.388021263
77.755107729,-8.513966060,2.364166611
77.777047658,-8.503278860,2.340305683
77.798987587,-8.492596589,2.316434502
77.820927516,-8.481920037,2.292550134
77.842867444,-8.471249832,2.268649630
77.864807373,-8.460586536,2.244729994
77.886747302,-8.449930632,2.220788178
77.908687231,-8.439282321,2.196823192
77.930627160,-8.428637849,2.172835939
77.952567088,-8.417991713,2.148826261
77.974507017,-8.407338414,2.124794109
77.996446946,-8.396672451,2.100739541
78.018386875,-8.385988256,2.076662766
78.040326804,-8.375278136,2.052565215
78.062266733,-8.364531978,2.028449796
78.084206661,-8.353739606,2.004319717
78.106146590,-8.342890922,1.980178423
78.128086519,-8.331975912,1.956029591
78.150026448,-8.320984327,1.931877312
78.171966377,-8.309904570,1.907727514
78.193906305,-8.298726316,1.883589597
78.215846234,-8.287437886,1.859470381
78.237786163,-8.276027425,1.835376409
78.259726092,-8.264483234,1.811314531
78.281666021,-8.252793634,1.787291974
78.303605950,-8.240946913,1.763316402
78.325545878,-8.228931512,1.739395792
78.347485807,-8.216736058,1.715538426
78.369425736,-8.204349364,1.691752890
78.391365665,-8.191760579,1.668047977
78.413305594,-8.178960184,1.644432011
78.435245522,-8.165939377,1.620913213
78.457185451,-8.152691590,1.597502939
78.479125380,-8.139210666,1.574212705
78.501065309,-8.125488701,1.551051324
78.523005238,-8.111519018,1.528027091
78.544945167,-8.097297276,1.505146913
78.566885095,-8.082819543,1.482417638
78.588825024,-8.068082014,1.459846251
78.610764953,-8.053081023,1.437439869
78.632704882,-8.037813257,1.415205575
78.654644811,-8.022278071,1.393148576
78.676584739,-8.006476531,1.371272839
78.698524668,-7.990409778,1.349582320
78.720464597,-7.974079684,1.328081802
78.742404526,-7.957491694,1.306780070
78.764344455,-7.940649126,1.285680827
78.786284384,-7.923557565,1.264784428
78.808224312,-7.906223063,1.244090673
78.830164241,-7.888651613,1.223599240
78.852104170,-7.870849147,1.203309691
78.874044099,-7.852821636,1.183221376
78.895984028,-7.834576853,1.163331816
78.917923956,-7.816124059,1.143636874
78.939863885,-7.797472412,1.124132156
78.961803814,-7.778630907,1.104813065
78.983743743,-7.759608371,1.085674800
79.005683672,-7.740417039,1.066715205
79.027623601,-7.721070626,1.047930242
79.049563529,-7.701579878,1.029311942
79.071503458,-7.681955296,1.010852084
79.093443387,-7.662207139,0.992542202
79.115383316,-7.642345421,0.974373579
79.137323245,-7.622380138,0.956337020
79.159263173,-7.602321286,0.938422808
79.181203102,-7.582178607,0.920620972
79.203143031,-7.561961566,0.902921306
79.225082960,-7.541679351,0.885313376
79.247022889,-7.521340751,0.867786661
79.268962818,-7.500954442,0.850331899
79.290902746,-7.480532853,0.832943336
79.312842675,-7.460084161,0.815611272
79.334782604,-7.439615468,0.798325101
79.356722533,-7.419133606,0.781074065
79.378662462,-7.398644368,0.763848200
79.400602390,-7.378152120,0.746638894
79.422542319,-7.357660925,0.729437561
79.444482248,-7.337174654,0.712235518
79.466422177,-7.316696983,0.695023989
79.488362106,-7.296231184,0.677794381
79.510302035,-7.275778710,0.660540194
79.532241963,-7.255340109,0.643255929
79.554181892,-7.234919017,0.625938373
79.576121821,-7.214519123,0.608584100
79.598061750,-7.194140897,0.591187298
79.620001679,-7.173783921,0.573743266
79.641941607,-7.153446076,0.556249680
79.663881536,-7.133125028,0.538704571
79.685821465,-7.112818442,0.521106029
79.707761394,-7.092523985,0.503452206
79.729701323,-7.072239205,0.485741486
79.751641252,-7.051960340,0.467974347
79.773581180,-7.031682839,0.450152679
79.795521109,-7.011402225,0.432278502
79.817461038,-6.991114822,0.414354386
79.839400967,-6.970820691,0.396385116
79.861340896,-6.950516146,0.378373923
79.883280824,-6.930195755,0.360325626
79.905220753,-6.909854044,0.342245527
79.927160682,-6.889485705,0.324139060
79.949100611,-6.869085599,0.306011796
79.971040540,-6.848648715,0.287869489
79.992980469,-6.828169591,0.269719132
80.014920397,-6.807642424,0.251568816
80.036860326,-6.787061607,0.233426805
80.058800255,-6.766421748,0.215301502
80.080740184,-6.745717666,0.197201438
80.102680113,-6.724946653,0.179136723
80.124620041,-6.704105856,0.161118396
80.146559970,-6.683190213,0.143156584
80.168499899,-6.662194902,0.125261537
80.190439828,-6.641115341,0.107443628
80.212379757,-6.619947180,0.089713355
80.234319686,-6.598686170,0.072081603
80.256259614,-6.577328147,0.054559687
80.278199543,-6.555869182,0.037159049
80.300139472,-6.534305585,0.019891233
80.322079401,-6.512633905,0.002767877
80.344019330,-6.490850931,-0.014199304
80.365959258,-6.468954173,-0.030998422
80.387899187,-6.446943606,-0.047616634
80.409839116,-6.424817285,-0.064042053
80.431779045,-6.402573050,-0.080262918
80.453718974,-6.380208956,-0.096267411
80.475658903,-6.357723442,-0.112044059
80.497598831,-6.335115402,-0.127581971
80.519538760,-6.312383935,-0.142870264
80.541478689,-6.289528324,-0.157898011
80.563418618,-6.266548024,-0.172654249
80.585358547,-6.243442732,-0.187128153
80.607298475,-6.220212841,-0.201310268
80.629238404,-6.196859128,-0.215191789
80.651178333,-6.173383595,-0.228763507
80.673118262,-6.149788367,-0.242016263
80.695058191,-6.126074587,-0.254941321
80.716998120,-6.102243868,-0.267530964
80.738938048,-6.078298656,-0.279779636
80.760877977,-6.054241537,-0.291682070
80.782817906,-6.030075131,-0.303233021
80.804757835,-6.005802099,-0.314427262
80.826697764,-5.981425206,-0.325259805
80.848637692,-5.956948056,-0.335728203
80.870577621,-5.932374750,-0.345831672
80.892517550,-5.907709353,-0.355569500
80.914457479,-5.882956014,-0.364940980
80.936397408,-5.858119473,-0.373945266
80.958337336,-5.833204065,-0.382582840
80.980277265,-5.808214820,-0.390857316
81.002217194,-5.783156805,-0.398772908
81.024157123,-5.758034964,-0.406333894
81.046097052,-5.732854117,-0.413544608
81.068036981,-5.707618991,-0.420409550
81.089976909,-5.682334744,-0.426935314
81.111916838,-5.657006853,-0.433130316
81.133856767,-5.631640627,-0.439003093
81.155796696,-5.606241203,-0.444562244
81.177736625,-5.580813539,-0.449816425
81.199676553,-5.555362708,-0.454774709
81.221616482,-5.529893970,-0.459447866
81.243556411,-5.504412293,-0.463847178
81.265496340,-5.478922441,-0.467983987
81.287436269,-5.453428987,-0.471869686
81.309376198,-5.427936310,-0.475515724
81.331316126,-5.402448645,-0.478933782
81.353256055,-5.376970088,-0.482135802
81.375195984,-5.351504552,-0.485133779
81.397135913,-5.326055767,-0.487939750
81.419075842,-5.300627286,-0.490565785
81.441015770,-5.275222453,-0.493023814
81.462955699,-5.249844216,-0.495324812
81.484895628,-5.224495177,-0.497479460
81.506835557,-5.199177871,-0.499498442
81.528775486,-5.173894712,-0.501392465
81.550715415,-5.148647975,-0.503172235
81.572655343,-5.123439601,-0.504847423
81.594595272,-5.098271115,-0.506426083
81.616535201,-5.073143918,-0.507916137
81.638475130,-5.048059329,-0.509325513
81.660415059,-5.023018577,-0.510662148
81.682354987,-4.998022766,-0.511933725
81.704294916,-4.973072573,-0.513145884
81.726234845,-4.948168456,-0.514303285
81.748174774,-4.923311310,-0.515410507
81.770114703,-4.898501955,-0.516472149
81.792054632,-4.873740677,-0.517492893
81.813994560,-4.849027597,-0.518476569
81.835934489,-4.824362538,-0.519425233
81.857874418,-4.799745283,-0.520340708
81.879814347,-4.775175616,-0.521224807
81.901754276,-4.750653318,-0.522079333
81.923694204,-4.726178156,-0.522905996
81.945634133,-4.701749756,-0.523705480
81.967574062,-4.677367665,-0.524477808
81.989513991,-4.653031442,-0.525222981
82.011453920,-4.628740412,-0.525941020
82.033393849,-4.604492633,-0.526632080
82.055333777,-4.580287411,-0.527296005
82.077273706,-4.556124278,-0.527932291
82.099213635,-4.532002780,-0.528540371
82.121153564,-4.507922479,-0.529119670
82.143093493,-4.483882959,-0.529669603
82.165033421,-4.459883819,-0.530189595
82.186973350,-4.435924717,-0.530679391
82.208913279,-4.412005355,-0.531139020
82.230853208,-4.388125450,-0.531568507
82.252793137,-4.364284728,-0.531967874
82.274733066,-4.340482926,-0.532337133
82.296672994,-4.316725728,-0.532675915
82.318612923,-4.293018851,-0.532984919
82.340552852,-4.269362083,-0.533265748
82.362492781,-4.245755217,-0.533519995
82.384432710,-4.222198043,-0.533749245
82.406372638,-4.198690358,-0.533955089
82.428312567,-4.175232014,-0.534139667
82.450252496,-4.151822920,-0.534305748
82.472192425,-4.128462986,-0.534456129
82.494132354,-4.105152118,-0.534593597
82.516072283,-4.081890218,-0.534720935
82.538012211,-4.058677197,-0.534840999
82.559952140,-4.035510192,-0.534957357
82.581892069,-4.012372330,-0.535074671
82.603831998,-3.989260807,-0.535196044
82.625771927,-3.966175629,-0.535324317
82.647711855,-3.943116794,-0.535462326
82.669651784,-3.920084291,-0.535612885
82.691591713,-3.897078106,-0.535778774
82.713531642,-3.874098217,-0.535962769
82.735471571,-3.851144599,-0.536167644
82.757411500,-3.828217223,-0.536396168
82.779351428,-3.805316056,-0.536651044
82.801291357,-3.782441019,-0.536934440
82.823231286,-3.759592017,-0.537248269
82.845171215,-3.736793406,-0.537592854
82.867111144,-3.714069449,-0.537969437
82.889051072,-3.691419925,-0.538381287
82.910991001,-3.668844605,-0.538831238
82.932930930,-3.646343222,-0.539321224
82.954870859,-3.623915530,-0.539853052
82.976810788,-3.601561308,-0.540428506
82.998750717,-3.579280363,-0.541049354
83.020690645,-3.557072526,-0.541717266
83.042630574,-3.534937592,-0.542433002
83.064570503,-3.512875347,-0.543196725
83.086510432,-3.490885602,-0.544008570
83.108450361,-3.468945517,-0.544870105
83.130390289,-3.446918888,-0.545788379
83.152330218,-3.424782925,-0.546760165
83.174270147,-3.402537427,-0.547779742
83.196210076,-3.380182150,-0.548841203
83.218150005,-3.357716816,-0.549938599
83.240089934,-3.335141118,-0.551065940
83.262029862,-3.312454724,-0.552217178
83.283969791,-3.289657266,-0.553385964
83.305909720,-3.266748346,-0.554565683
83.327849649,-3.243727560,-0.555749672
83.349789578,-3.220594499,-0.556931220
83.371729506,-3.197348757,-0.558103575
83.393669435,-3.174190706,-0.559250382
83.415609364,-3.151321106,-0.560363578
83.437549293,-3.128740105,-0.561448590
83.459489222,-3.106447866,-0.562510551
83.481429151,-3.084444559,-0.563554297
83.503369079,-3.062730356,-0.564584386
83.525309008,-3.041305447,-0.565605633
83.547248937,-3.020170043,-0.566623195
83.569188866,-2.999324326,-0.567641968
83.591128795,-2.978768445,-0.568666559
83.613068723,-2.958502501,-0.569701284
83.635008652,-2.938526545,-0.570750360
83.656948581,-2.918777893,-0.571822617
83.678888510,-2.898880016,-0.572942840
83.700828439,-2.878769948,-0.574111152
83.722768367,-2.858447484,-0.575323297
83.744708296,-2.837912441,-0.576574860
83.766648225,-2.817164689,-0.577861785
83.788588154,-2.796204173,-0.579180664
83.810528083,-2.775030854,-0.580527993
83.832468012,-2.753644699,-0.581900106
83.854407940,-2.732045678,-0.583293176
83.876347869,-2.710233760,-0.584703270
83.898287798,-2.688208939,-0.586126730
83.920227727,-2.665971215,-0.587559945
83.942167656,-2.643589122,-0.588994483
83.964107584,-2.621131275,-0.590424330
83.986047513,-2.598597760,-0.591849378
84.007987442,-2.575988648,-0.593269442
84.029927371,-2.553303993,-0.594684201
84.051867300,-2.530543832,-0.596093300
84.073807229,-2.507708192,-0.597496365
84.095747157,-2.484797081,-0.598893004
84.117687086,-2.461810492,-0.600282761
84.139627015,-2.438748365,-0.601664659
84.161566944,-2.415610602,-0.603037377
84.183506873,-2.392397094,-0.604399570
84.205446801,-2.369131420,-0.605748485
84.227386730,-2.345955795,-0.607076594
84.249326659,-2.322894053,-0.608386426
84.271266588,-2.299946290,-0.609681356
84.293206517,-2.277112609,-0.610964579
84.315146446,-2.254393125,-0.612239243
84.337086374,-2.231787968,-0.613508448
84.359026303,-2.209297279,-0.614775219
84.380966232,-2.186921191,-0.616042042
84.402906161,-2.164659826,-0.617310926
84.424846090,-2.142513323,-0.618583821
84.446786018,-2.120481836,-0.619862628
84.468725947,-2.098565531,-0.621149202
84.490665876,-2.076715237,-0.622447482
84.512605805,-2.054881609,-0.623759295
84.534545734,-2.033064577,-0.625083290
84.556485663,-2.011264070,-0.626418119
84.578425591,-1.989480017,-0.627762429
84.600365520,-1.967712348,-0.629114865
84.622305449,-1.945960985,-0.630473947
84.644245378,-1.924225841,-0.631838056
84.666185307,-1.902506829,-0.633205561
84.688125235,-1.880803859,-0.634574833
84.710065164,-1.859116837,-0.635944241
84.732005093,-1.837445670,-0.637312141
84.753945022,-1.815795374,-0.638676565
84.775884951,-1.794196595,-0.640034579
84.797824880,-1.772654445,-0.641385157
84.819764808,-1.751168907,-0.642727571
84.841704737,-1.729739958,-0.644061082
84.863644666,-1.708367561,-0.645384942
84.885584595,-1.687051668,-0.646698402
84.907524524,-1.665792212,-0.648000698
84.929464452,-1.644589115,-0.649291060
84.951404381,-1.623442278,-0.650568706
84.973344310,-1.602351583,-0.651832856
84.995284239,-1.581316898,-0.653082816
85.017224168,-1.560338073,-0.654317930
85.039164097,-1.539394128,-0.655538721
85.061104025,-1.518464059,-0.656745085
85.083043954,-1.497547657,-0.657935413
85.104983883,-1.476644706,-0.659108211
85.126923812,-1.455754994,-0.660262229
85.148863741,-1.434878299,-0.661396244
85.170803669,-1.414014386,-0.662509035
85.192743598,-1.393163007,-0.663599382
85.214683527,-1.372323904,-0.664666096
85.236623456,-1.351496832,-0.665708350
85.258563385,-1.330681555,-0.666725554
85.280503314,-1.309877822,-0.667717118
85.302443242,-1.289082343,-0.668682687
85.324383171,-1.268276648,-0.669622867
85.346323100,-1.247457466,-0.670536965
85.368263029,-1.226624607,-0.671424534
85.390202958,-1.205777888,-0.672285218
85.412142886,-1.184917129,-0.673118662
85.434082815,-1.164042154,-0.673924510
85.456022744,-1.143152792,-0.674702427
85.477962673,-1.122248909,-0.675452452
85.499902602,-1.101330406,-0.676174952
85.521842531,-1.080397191,-0.676870300
85.543782459,-1.059449179,-0.677538873
85.565722388,-1.038486293,-0.678181043
85.587662317,-1.017497071,-0.678798287
85.609602246,-0.996470126,-0.679392094
85.631542175,-0.975405504,-0.679962856
85.653482103,-0.954303267,-0.680510957
85.675422032,-0.933163496,-0.681036777
85.697361961,-0.911986287,-0.681540694
85.719301890,-0.890771767,-0.682023228
85.741241819,-0.869520094,-0.682485063
85.763181748,-0.848231447,-0.682926888
85.785121676,-0.826906015,-0.683349384
85.807061605,-0.805544004,-0.683753229
85.829001534,-0.784145637,-0.684139114
85.850941463,-0.762709425,-0.684508015
85.872881392,-0.741225242,-0.684861715
85.894821320,-0.719691664,-0.685200875
85.916761249,-0.698109018,-0.685525953
85.938701178,-0.676477644,-0.685837396
85.960641107,-0.654797899,-0.686135681
85.982581036,-0.633070160,-0.686421340
86.004520965,-0.611294816,-0.686694899
86.026460893,-0.589472264,-0.686956876
86.048400822,-0.567602912,-0.687207781
86.070340751,-0.545687177,-0.687448122
86.092280680,-0.523725492,-0.687678474
86.114220609,-0.501718298,-0.687899442
86.136160537,-0.479666796,-0.688111541
86.158100466,-0.457572183,-0.688315309
86.180040395,-0.435434905,-0.688511372
86.201980324,-0.413255413,-0.688700385
86.223920253,-0.391034170,-0.688883087
86.245860182,-0.368771642,-0.689060218
86.267800110,-0.346468291,-0.689232512
86.289740039,-0.324124577,-0.689400698
86.311679968,-0.301740962,-0.689565505
86.333619897,-0.279317904,-0.689727715
86.355559826,-0.256855867,-0.689888150
86.377499754,-0.234355305,-0.690047622
86.399439683,-0.211818663,-0.690206734
86.421379612,-0.189258357,-0.690365230
86.443319541,-0.166676748,-0.690524199
86.465259470,-0.144074190,-0.690684970
86.487199398,-0.121451027,-0.690848875
86.509139327,-0.098807592,-0.691017246
86.531079256,-0.076144210,-0.691191411
86.553019185,-0.053461192,-0.691372699
86.574959114,-0.030758834,-0.691562378
86.596899043,-0.008037411,-0.691761671
86.618838971,0.014702811,-0.691971797
86.640778900,0.037461580,-0.692193974
86.662718829,0.060238661,-0.692429422
86.684658758,0.083026939,-0.692678712
86.706598687,0.105819367,-0.692942556
86.728538615,0.128615820,-0.693222386
86.750478544,0.151416186,-0.693519634
86.772418473,0.174220364,-0.693835732
86.794358402,0.197028265,-0.694172109
86.816298331,0.219839826,-0.694530005
86.838238260,0.242655016,-0.694910447
86.860178188,0.265473814,-0.695314448
86.882118117,0.288296210,-0.695743025
86.904058046,0.311122202,-0.696197191
86.925997975,0.333951807,-0.696677893
86.947937904,0.356783647,-0.697185575
86.969877832,0.379609195,-0.697720132
86.991817761,0.402427126,-0.698282258
87.013757690,0.425237554,-0.698872780
87.035697619,0.448040596,-0.699492519
87.057637548,0.470836393,-0.700142023
87.079577477,0.493625119,-0.700821420
87.101517405,0.516406951,-0.701530801
87.123457334,0.539182063,-0.702270258
87.145397263,0.561950632,-0.703039879
87.167337192,0.584712833,-0.703839693
87.189277121,0.607468878,-0.704669259
87.211217049,0.630218989,-0.705527906
87.233156978,0.652957407,-0.706414615
87.255096907,0.675678376,-0.707328650
87.277036836,0.698382116,-0.708269758
87.298976765,0.721068849,-0.709237501
87.320916694,0.743738811,-0.710231057
87.342856622,0.766392229,-0.711249551
87.364796551,0.789029319,-0.712292107
87.386736480,0.811650284,-0.713357847
87.408676409,0.834255320,-0.714445876
87.430616338,0.856844621,-0.715555095
87.452556266,0.879418377,-0.716684279
87.474496195,0.901976767,-0.717832199
87.496436124,0.924518262,-0.718997535
87.518376053,0.947032833,-0.720178715
87.540315982,0.969518922,-0.721374846
87.562255911,0.991976659,-0.722585081
87.584195839,1.014406162,-0.723808560
87.606135768,1.036807533,-0.725044416
87.628075697,1.059180864,-0.726291780
87.650015626,1.081526235,-0.727549780
87.671955555,1.103843715,-0.728817540
87.693895483,1.126133363,-0.730094185
87.715835412,1.148395227,-0.731378834
87.737775341,1.170629347,-0.732670604
