# .PCD v0.7 - Point Cloud Data file format
VERSION 0.7
FIELDS x y z intensity
SIZE 4 4 4 4
TYPE F F F F
COUNT 1 1 1 1
WIDTH 16741
HEIGHT 1
VIEWPOINT 0 0 0 1 0 0 0
POINTS 16741
DATA ascii
-0.86435062 0.81330508 0.078656577 4
-0.89411026 0.80968922 0.066522293 6
-0.92566127 0.80197579 0.054404169 7
-0.85456234 0.85697019 0.094437726 4
-0.88302368 0.82837564 0.080465548 4
-0.91347349 0.81871742 0.068365432 7
-0.94465941 0.80400902 0.055292983 9
-0.87448841 0.87698203 0.096209012 1
-0.90374452 0.84434348 0.082258202 5
-0.93409133 0.8326894 0.070171379 7
-0.96648771 0.8219319 0.058068331 9
-0.89065921 0.84408152 0.092329249 5
-0.92059553 0.82443905 0.080294542 4
-0.95534229 0.83961523 0.071017899 5
-0.98779523 0.82986385 0.059908696 7
-0.91232497 0.85900158 0.09412346 5
-0.94403619 0.85429507 0.082986698 5
-0.97397363 0.83465528 0.070952497 5
-1.0114584 0.84468645 0.061693896 5
-0.93429697 0.87991464 0.095878765 5
-0.96680158 0.87116474 0.084763356 5
-0.99538261 0.84458685 0.072779909 7
-1.0275342 0.82885325 0.062710352 7
-0.95674795 0.89078712 0.096694238 5
-0.98664069 0.87015682 0.085667074 4
-1.0228188 0.87425017 0.07645268 5
-1.0595288 0.86929876 0.066292226 6
-0.97940266 0.90565544 0.097483799 2
-1.0088869 0.877038 0.086509138 4
-1.044962 0.87913555 0.077308051 6
-1.0803722 0.8682521 0.068191856 6
-0.99605083 0.88176417 0.095547512 5
-1.0260532 0.86314088 0.085508049 5
-1.0658509 0.87908113 0.078201123 6
-1.1046206 0.87504256 0.07002493 6
-1.0182906 0.88864154 0.095389761 5
-1.0530709 0.88481361 0.088233054 4
-1.0889466 0.88292736 0.080058567 6
-1.1312795 0.8897295 0.072796136 7
-1.046611 0.91625583 0.098070443 1
-1.0786737 0.89854509 0.090015329 4
-1.1167054 0.89956069 0.082811713 6
-1.1575289 0.89642924 0.075619839 7
-1.0709584 0.92504495 0.099890068 0
-1.1027619 0.90233654 0.090868101 2
-1.1464089 0.91509545 0.085561827 6
-1.181469 0.89723492 0.077492855 7
-1.1316695 0.9219178 0.093596786 1
-1.1715503 0.91984564 0.087403685 4
-1.2110696 0.91077745 0.080256648 7
-1.1556029 0.92271811 0.094469711 0
-1.2056047 0.94222277 0.091035314 1
-1.2404656 0.92044699 0.083911277 6
-8.7232504 22.354483 2.4108601 61
-9.2340746 22.146204 2.3925378 77
-9.4508991 21.197205 2.3069298 99
-10.60961 21.611555 2.2808187 124
-11.485559 21.281855 2.1756482 107
-12.415467 20.951475 2.0741823 57
-10.279648 21.767969 2.3765323 78
-11.131565 21.41601 2.2829101 149
-12.002314 21.085999 2.1917498 111
-12.936618 20.74481 2.1083322 85
-10.798546 21.553925 2.3506374 98
-11.669542 21.219185 2.2741625 115
-12.557783 20.90448 2.2028079 36
-13.483436 20.539074 2.1354589 102
-11.340727 21.363258 2.3326237 89
-12.197396 21.027868 2.2773538 103
-13.081969 20.69388 2.2258687 130
-14.024972 20.348379 2.1868577 107
-11.869873 21.161943 2.3305516 103
-12.727874 20.834879 2.2929132 46
-13.605124 20.492805 2.255266 123
-14.562966 20.159689 2.2301326 91
-12.386921 20.9671 2.3190858 50
-13.247794 20.615931 2.3013351 114
-14.145426 20.288515 2.2872303 118
-15.073462 19.911505 2.2760773 84
-12.926981 20.766048 2.3172755 86
-13.794749 20.430695 2.3167131 104
-14.689189 20.087973 2.3190544 113
-15.121097 19.041801 2.2474248 112
-13.467513 20.569225 2.3142362 105
-14.344632 20.232904 2.333199 121
-14.981666 19.537277 2.3097286 51
-16.190706 19.517365 2.3856435 82
-13.996949 20.376236 2.3135476 103
-14.873265 20.028496 2.3501842 108
-15.267408 19.010939 2.3065379 31
-16.746792 19.32601 2.438889 92
-14.53795 20.148945 2.3101194 104
-14.927844 19.143755 2.2854252 104
-16.330235 19.460829 2.4221668 118
-17.311577 19.107052 2.4933186 83
-15.066013 19.906359 2.3029294 76
-15.985821 19.603994 2.3801107 115
-16.913483 19.270061 2.4578502 105
-17.920406 18.919168 2.553848 55
-15.157951 19.072403 2.2283473 93
-16.557756 19.390959 2.399951 92
-17.494482 19.055496 2.4970305 89
-18.513634 18.700647 2.6183026 82
-16.232725 19.513113 2.3153777 88
-17.141588 19.175831 2.430105 110
-18.107059 18.848753 2.5527856 71
-19.097311 18.457479 2.6844804 89
-16.822542 19.301907 2.3253434 91
-17.744961 18.959372 2.4599912 80
-18.703386 18.618275 2.5966718 78
-19.729893 18.242743 2.7526441 94
-17.422932 19.095394 2.3276792 81
-18.352337 18.738928 2.4792612 104
-19.323252 18.372993 2.6305325 77
-19.889576 17.549318 2.7348955 45
-18.042389 18.844835 2.3192048 33
-18.980417 18.499609 2.4916511 80
-19.955273 18.134815 2.6701665 89
-20.385172 17.207983 2.7839592 61
-18.668762 18.622108 2.3332667 66
-19.610792 18.251913 2.5304661 92
-20.004387 17.353155 2.6490893 68
-20.391603 16.426765 2.7789264 18
-19.292749 18.376381 2.3474379 80
-19.907932 17.692944 2.5185051 31
-20.613497 17.093166 2.6995873 43
-21.837873 16.844894 2.9709516 56
-19.941124 18.13106 2.3660626 96
-20.290255 17.217484 2.5239425 94
-21.418062 16.966509 2.7824533 39
-22.489595 16.575335 3.0531569 68
-20.010508 17.348827 2.312638 62
-21.097319 17.104326 2.5796576 51
-22.106932 16.728964 2.8462739 30
-17.917576 12.477363 2.4030986 60
-20.660301 17.101046 2.3319798 61
-20.729076 16.015596 2.4998424 5
-17.993013 12.88072 2.2800856 17
-18.309931 12.174632 2.4577975 80
-21.256491 16.783648 2.3514545 6
-18.01104 12.281979 2.2626915 99
-18.951439 12.026078 2.5404522 36
-18.564066 12.070709 2.317183 80
-19.477316 11.772252 2.6103463 8
-18.316763 12.155667 2.0977013 105
-20.000048 12.414265 2.4827504 7
-19.578571 11.259542 2.6033823 7
-18.109873 12.241797 1.841611 93
-18.892067 11.940084 2.1220765 5
-20.000004 11.795206 2.4516301 7
-20.799101 11.389721 2.7706778 20
-18.673248 12.011229 1.8620636 75
-25.475111 15.465721 2.8591595 64
-20.96767 11.761066 2.5564833 4
-21.481945 11.164762 2.8637753 76
-25.167597 15.540571 2.4800694 26
-21.251892 12.156468 2.3275411 9
-21.317806 11.344506 2.5773327 22
-22.150444 10.920732 2.9446235 90
-26.006615 15.245464 2.5110068 40
-26.052092 14.239332 2.8419163 37
-20.596493 10.376168 2.4674759 4
-15.902833 7.3176656 2.078099 26
-26.09675 14.5029 2.4655898 30
-25.648876 13.260422 2.7614288 35
-20.273773 9.6473694 2.4168479 7
-15.751588 6.8348656 2.059356 83
-27.763842 14.605283 2.5818639 38
-22.71188 11.036021 2.4153466 5
-15.819238 7.014761 1.860597 86
-16.158857 6.6077666 2.1229334 85
-28.561424 14.180042 2.6215959 44
-15.873091 7.1555805 1.64696 83
-15.959412 6.6586723 1.8733016 85
-16.593168 6.3820529 2.1864321 59
-15.854978 7.2443562 1.4008297 57
-15.81009 6.7011614 1.6273091 94
-16.48003 6.46281 1.9349238 96
-19.237328 6.9681182 2.5636117 34
-15.748362 6.7527223 1.3763777 74
-16.328762 6.4919558 1.6776865 87
-24.000389 8.9402332 2.865021 88
-23.721069 8.0805359 3.2012184 55
-16.206795 6.5191131 1.3997548 87
-25.48905 9.6458578 2.6515779 52
-23.737431 8.2381191 2.8315866 31
-23.461031 7.4275894 3.1759875 98
-24.926064 9.5228405 2.1670465 7
-26.409777 9.3125601 2.7379577 32
-23.512173 7.5770407 2.8033853 12
-23.2416 6.8037586 3.1592865 73
-26.281458 9.35676 2.2639995 29
-26.964994 8.8281746 2.7808609 114
-25.717508 7.6838956 3.0726013 11
-15.536214 4.1165476 2.0807333 2
-26.990911 8.900568 2.3007746 115
-26.667475 8.0570078 2.7367294 99
-25.71648 7.0590291 3.071007 17
-15.456733 3.7459416 2.0748956 102
-26.793411 8.1411142 2.2572985 89
-26.363857 7.3007369 2.6944919 63
-15.47019 3.8002079 1.8107615 93
-15.302532 3.3649111 2.0648718 106
-15.456478 3.8209317 1.5407357 100
-15.325156 3.4108315 1.7964163 104
-15.174749 2.9987354 2.0582337 92
-15.305913 3.4218066 1.5224839 75
-15.182593 3.0303643 1.7849663 110
-15.037477 2.6430497 2.0505641 97
-16.040842 3.5880804 1.2953421 18
-15.144534 3.0273545 1.5052886 54
-15.039612 2.663152 1.7724959 11
-14.912516 2.2951195 2.0468819 103
-16.727646 3.3466723 1.3464493 13
-15.014143 2.6537454 1.4918722 26
-14.914256 2.3093591 1.7629209 108
-14.782107 1.9596509 2.0412266 104
-15.084615 2.6424975 1.2026454 3
-14.904325 2.2923627 1.4813527 6
-14.771859 1.9577845 1.7546283 109
-13.744472 1.5254894 1.9026418 97
-14.915538 2.2613692 1.1848382 5
-14.82508 1.9416668 1.4755456 3
-13.727011 1.5148305 1.6298196 97
-13.623923 1.2233657 1.8994449 97
-14.709158 1.8849427 1.163556 17
-13.711661 1.4809351 1.3601177 100
-13.606247 1.2054188 1.6227496 98
-13.966613 0.96290606 1.9650013 52
-13.668081 1.4280289 1.0749242 97
-13.586265 1.1624371 1.3513345 98
-14.052673 0.93852282 1.6907527 65
-14.28532 0.68641585 2.0289528 103
-13.546134 1.0993327 1.0641919 90
-14.112664 0.89437354 1.4108175 61
-14.252101 0.64383584 1.7266458 104
-14.147449 0.38058501 2.0262134 100
-14.229603 0.8292098 1.1216438 74
-14.211884 0.58098847 1.4284672 106
-14.131103 0.33488274 1.7217015 102
-14.048265 0.085977942 2.0289693 93
-14.164592 0.4981454 1.1183575 105
-14.094534 0.26458731 1.4224349 101
-14.01929 0.028247198 1.7205662 97
-13.947378 -0.20317073 2.0306418 95
-14.050863 0.17452797 1.1093496 101
-13.977449 -0.046815231 1.4173672 102
-13.895948 -0.26879725 1.7184436 97
-13.827614 -0.48936224 2.0314224 97
-13.924373 -0.14442024 1.1023966 101
-13.856526 -0.35501936 1.4123044 101
-13.786854 -0.56155604 1.7171966 100
-13.726264 -0.76845616 2.0360308 99
-13.804133 -0.45868212 1.0953703 101
-13.740074 -0.65442693 1.4091519 100
-13.682076 -0.84851426 1.7178816 99
-13.617018 -1.0451597 2.0386763 97
-13.68517 -0.76798326 1.091302 100
-13.626833 -0.94998777 1.4069521 101
-13.570313 -1.1351175 1.7186111 100
-13.515026 -1.3172206 2.0422421 98
-13.568515 -1.0713953 1.0871785 101
-13.508664 -1.2442832 1.4067773 100
-13.457865 -1.4156723 1.7203047 99
-13.414056 -1.5893136 2.0488014 96
-13.45407 -1.3709095 1.0840139 102
-13.39085 -1.5315957 1.405553 130
-13.326586 -1.6922786 1.7200987 90
-13.308395 -1.855168 2.0543501 100
-13.327794 -1.6678665 1.0817606 99
-13.280299 -1.8153462 1.4050509 123
-13.244508 -1.9684248 1.7263498 97
-13.194015 -2.1166706 2.0587156 98
-13.227448 -1.9602473 1.0819842 97
-13.179426 -2.0986493 1.4082674 124
-13.132378 -2.2371297 1.7305444 124
-13.101256 -2.3793159 2.0677407 99
-13.121578 -2.2501862 1.0816879 96
-13.064193 -2.3760827 1.4099491 129
-13.038549 -2.507612 1.7360359 127
-13.007014 -2.6387351 2.0771596 96
-13.017671 -2.5412128 1.0833864 97
-12.96795 -2.6544688 1.4135103 130
-12.949643 -2.7803204 1.7455097 94
-12.912827 -2.897157 2.0865719 96
-12.905085 -2.8257914 1.0850992 98
-12.860934 -2.9282954 1.4181129 126
-12.829299 -3.0404603 1.7491084 126
-12.813654 -3.155319 2.0970161 96
-12.79166 -3.1073179 1.087797 97
-12.759776 -3.2054102 1.4246987 129
-12.726715 -3.3064752 1.7576284 130
-12.710737 -3.4082932 2.1064498 96
-12.675251 -3.3886871 1.0915139 96
-12.653874 -3.4772861 1.4302809 124
-12.636183 -3.5720868 1.7680656 136
-12.622716 -3.6640127 2.1178029 96
-11.892366 -3.4574437 1.0332412 38
-12.547996 -3.7491431 1.4388632 68
-12.539756 -3.8354053 1.7775264 126
-12.524724 -3.9192133 2.1312194 96
-11.805705 -3.7244048 1.0399313 46
-12.439146 -4.0180883 1.4460214 125
-12.438155 -4.0987673 1.7898923 124
-12.427592 -4.1718559 2.1447783 108
-11.613583 -3.9543812 1.0378989 51
-11.611384 -4.0170789 1.3646425 129
-11.599211 -4.0791988 1.6851695 125
-11.580482 -4.1338897 2.0176888 90
-11.514089 -4.2176762 1.0456641 129
-11.500821 -4.2626762 1.3720797 132
-11.501862 -4.3214345 1.6964962 132
-11.494449 -4.3706713 2.0318909 118
-11.403025 -4.4732661 1.0521489 124
-11.407766 -4.5191522 1.38244 84
-12.341096 -4.9696064 1.8584217 1
-12.136915 -4.9297857 2.1884944 99
-12.206731 -5.1431069 1.1524531 67
-12.208083 -5.1805925 1.5127079 64
-12.315845 -5.2734551 1.8856456 1
-12.036197 -5.1798005 2.2029562 98
-12.099064 -5.4308152 1.1643387 60
-12.099117 -5.4541769 1.5256206 60
-12.147607 -5.5100036 1.8908105 1
-11.939132 -5.435884 2.2207825 80
-11.984631 -5.713131 1.1754715 43
-11.994886 -5.7329736 1.5396643 56
-14.309994 -6.946373 2.291115 23
-11.855913 -5.696692 2.2413497 97
-11.880969 -6.0020213 1.1891567 13
-11.887891 -6.0096927 1.5550699 47
-17.208172 -8.9207783 2.8342888 18
-11.747246 -5.9473276 2.2575507 100
-11.650236 -6.2128601 1.552143 5
-11.665056 -6.2209764 1.9121889 7
-11.656908 -6.2088547 2.2782445 102
-16.907665 -9.7489433 2.3557432 5
-16.918846 -9.7325315 2.893585 11
-11.564394 -6.4742846 2.30194 102
-16.763556 -10.180081 2.3853657 5
-16.783045 -10.156087 2.9293561 10
-11.452128 -6.7288699 2.3211515 76
-16.588058 -10.594725 2.4124227 7
-16.617125 -10.560151 2.9591622 9
-11.336961 -6.982295 2.3411961 45
-16.374567 -11.082565 1.8856834 7
-16.396896 -11.009678 2.437804 14
-11.347816 -7.3841071 2.0116506 1
-11.264686 -7.2712016 2.3674636 100
-11.056297 -7.668942 1.2705077 19
-11.096889 -7.6262627 1.6459723 52
-11.124393 -7.5839753 2.0135262 52
-11.15425 -7.5357361 2.3910601 102
-10.956486 -7.9868779 1.2936974 7
-10.988386 -7.9196954 1.6689591 68
-11.015589 -7.8653436 2.037339 99
-11.052007 -7.808383 2.4166403 103
-10.866837 -8.2125034 1.6923493 61
-10.910382 -8.1523199 2.0607679 100
-10.954285 -8.0899725 2.4413135 107
-10.690461 -8.4548645 1.6995939 8
-10.702073 -8.3558044 2.0626762 40
-10.838914 -8.3599319 2.4635301 74
-10.630933 -8.8166885 1.7473114 31
-10.690876 -8.74788 2.1254413 84
-10.740754 -8.6604729 2.5076418 106
-10.510044 -9.1306047 1.7776331 31
-10.573721 -9.0469246 2.1557717 86
-10.627959 -8.9526978 2.5408988 106
-10.3823 -9.4411459 1.8071277 46
-10.460123 -9.3551483 2.1881583 83
-10.521863 -9.252306 2.5749271 106
-10.283826 -9.7902555 1.8439406 64
-10.334637 -9.6649103 2.2206185 93
-10.410712 -9.5547752 2.6084483 104
-9.6639252 -9.5869741 1.7796985 37
-9.9470816 -9.7004395 2.1927304 63
-10.207255 -9.7755613 2.6226494 71
-3.927825 -3.5245731 0.64816141 1
-9.5081301 -9.6623802 2.150583 98
-9.586731 -9.5385246 2.5163188 86
-1.4702832 -0.78334218 0.11410042 7
-3.7249172 -3.4533374 0.62716693 12
-9.3840866 -9.9732685 2.1872673 98
-9.4645786 -9.8304863 2.5519528 97
-1.4221113 -0.76286012 0.11033598 9
-3.5499232 -3.4035065 0.61121267 21
-9.8309278 -10.988905 2.3772228 107
-9.3399887 -10.132319 2.5904698 6
-1.3882856 -0.75611675 0.10854667 9
-3.3942168 -3.3696399 0.59727943 16
-9.7049561 -11.350121 2.4175596 99
-9.7912474 -11.158485 2.8046634 104
-1.3562541 -0.75233001 0.10727064 9
-9.5656643 -11.713161 2.463937 104
-9.6692686 -11.515385 2.8529894 108
-1.3274426 -0.74888074 0.10638597 9
-1.382937 -0.80451459 0.14238374 0
-9.4200344 -12.075703 2.5093501 101
-9.5296221 -11.861196 2.8970828 106
-1.2968293 -0.74134821 0.10451572 9
-1.3586717 -0.81030613 0.14255814 0
-3.0105221 -3.2203534 0.6650185 8
-9.4001703 -12.239592 2.9467163 99
-1.2779557 -0.75151753 0.10531253 9
-1.3343111 -0.81321704 0.14120366 0
-2.879828 -3.1785686 0.64809686 21
-9.2615414 -12.616722 2.995923 87
-1.2596214 -0.76265824 0.10637856 11
-1.3156828 -0.82732022 0.1423879 1
-2.7604837 -3.1495624 0.63536751 24
-9.113451 -13.003998 3.0500853 98
-1.2310842 -0.7552495 0.10447334 12
-1.2879379 -0.82426417 0.14182676 1
-2.6198435 -3.0748904 0.61497289 1
-8.9421644 -13.38216 3.103508 75
-1.2052768 -0.75021565 0.10362489 11
-1.2545756 -0.80952251 0.13762115 2
-8.6653261 -14.15836 2.7906923 97
-8.8126593 -13.845616 3.1757765 90
-1.1841712 -0.75420749 0.1047437 9
-1.2243372 -0.79710275 0.13467953 1
-8.4973984 -14.626944 2.8614764 93
-8.6532202 -14.282837 3.2436213 67
-1.1648074 -0.76121265 0.10508151 10
-1.2110363 -0.81932104 0.13800791 1
-8.3067999 -15.08924 2.9260924 90
-8.4784193 -14.736958 3.3097749 76
-1.1415247 -0.758847 0.10490505 11
-1.1940348 -0.83436084 0.13998207 2
-8.0039997 -15.339843 2.9548919 84
-8.2802887 -15.163876 3.375664 88
-1.1161633 -0.74885213 0.10402516 8
-1.156768 -0.80083585 0.1339988 3
-7.5025263 -15.163272 2.8956642 84
-7.9089499 -15.24908 3.3562217 92
-1.1030093 -0.76799339 0.10577515 9
-1.1311024 -0.79028028 0.13169596 2
-7.2599235 -15.557225 2.9534955 86
-7.4808855 -15.195147 3.3121021 68
-1.0811146 -0.76693326 0.10568822 11
-1.1259816 -0.83508343 0.13872099 0
-7.4871907 -17.193371 3.2415886 97
-7.2572279 -15.619974 3.37767 46
-1.0585781 -0.75883317 0.10478491 7
-1.093486 -0.80547827 0.13377476 3
-7.2642956 -17.797194 3.3397217 69
-7.4955707 -17.27203 3.7072611 72
-1.0411547 -0.76695961 0.10695528 9
-1.0689451 -0.79524833 0.13190092 3
-7.0311675 -18.457365 3.4505386 53
-7.2807384 -17.888056 3.8136301 58
-1.0218115 -0.77442205 0.10958871 12
-1.0538864 -0.81691748 0.13665442 1
-6.7611494 -19.11253 3.5910766 70
-7.0311246 -18.499773 3.9471371 73
-0.99971658 -0.76545674 0.10842884 9
-1.0344393 -0.81914395 0.13642737 3
-6.5114794 -19.869366 3.711817 44
-6.7860808 -19.141968 4.0500264 60
-0.98363626 -0.77579373 0.11038915 11
-1.0088065 -0.7959336 0.133339 4
-6.2159567 -20.583538 3.8345544 64
-6.5428319 -19.898655 4.184319 45
-0.96545249 -0.78193033 0.11149906 10
-0.99298763 -0.81518453 0.13651523 2
-5.785264 -20.856581 3.8824751 97
-6.2701626 -20.667534 4.3231859 48
-0.94391173 -0.77210486 0.11161707 8
-0.97222155 -0.80939418 0.13562787 3
-5.2937069 -20.868841 3.8693149 65
-5.8196874 -20.84215 4.3389935 79
-0.9272545 -0.78527731 0.11379272 11
-0.95236325 -0.80846953 0.1357113 3
-5.2538342 -23.244932 4.3022308 26
-5.3417907 -20.865534 4.3249402 53
-0.90756398 -0.78131694 0.11399341 5
-0.93532383 -0.82958651 0.14011371 3
-4.8837781 -24.295294 4.4961944 24
-5.3088746 -23.243484 4.7936025 51
-0.88804662 -0.78309041 0.11484209 11
-0.91456878 -0.81632286 0.13785194 2
-4.4655199 -25.350475 4.686945 25
-4.9235229 -24.108032 4.9547181 31
-0.87045211 -0.79943502 0.11910316 10
-0.89420378 -0.80658931 0.13693984 4
-4.0139399 -26.447618 4.8883371 102
-4.484622 -24.903431 5.0909452 28
-0.85070175 -0.7892887 0.11771251 5
-0.87657714 -0.83550555 0.14178042 5
-4.0694723 -26.104769 5.3195305 27
-0.83222371 -0.8004114 0.12068638 12
-0.85673594 -0.83356476 0.14168291 4
-0.88468897 -0.89889151 0.16982424 0
-3.5051353 -26.336489 5.3490396 76
-0.81285119 -0.80846226 0.12285973 10
-0.8375001 -0.8196342 0.14072692 5
-3.1045721 -28.727823 5.8216372 25
-0.79314131 -0.82350284 0.12607153 6
-0.81834227 -0.84268403 0.14498809 5
-0.84234464 -0.86580938 0.16393411 0
-2.5594759 -30.587807 6.1903501 21
-0.77573246 -0.81473196 0.12615755 13
-0.79878283 -0.83681494 0.14509998 5
-0.82221639 -0.89193076 0.16921173 0
-1.9287299 -32.094627 6.4867854 46
-0.7551986 -0.8246361 0.12937465 11
-0.77839386 -0.84363222 0.14733261 5
-1.2022779 -32.030937 6.4754024 39
-0.73507363 -0.82635111 0.13161217 8
-0.75833642 -0.86444241 0.15164959 5
-0.78216559 -0.87055099 0.16651052 0
-0.71615654 -0.82437259 0.13274503 13
-0.73678702 -0.87533569 0.15487145 4
-0.76112157 -0.89147604 0.17078295 1
0.41509038 -37.606457 7.598794 59
-0.69341362 -0.83919406 0.13699783 14
-0.71745348 -0.8613103 0.15394543 5
-0.73725426 -0.92922354 0.17917258 0
-0.6718567 -0.85004246 0.14022471 13
-0.69594729 -0.87115878 0.1571672 5
-0.65218526 -0.84297377 0.14134027 10
-0.67190105 -0.89188725 0.16146711 5
-0.69756842 -0.90108418 0.17533396 0
4.0425434 -48.271038 9.7874775 33
-0.62997895 -0.84679741 0.14453137 12
-0.64964294 -0.89672691 0.16466285 4
-0.67371768 -0.91787052 0.17960443 1
5.098526 -47.923115 9.7313271 55
-0.60768706 -0.85266256 0.14775836 12
-0.63009644 -0.88771814 0.16482101 5
-0.65016609 -0.92965817 0.18294139 0
6.1506953 -47.542263 9.6847 55
-0.58189964 -0.87030196 0.15317075 11
-0.6070655 -0.8904627 0.1671361 5
7.1810393 -47.16383 9.6392927 60
-0.55860281 -0.87804031 0.15644683 11
-0.58130479 -0.90613407 0.17240328 5
7.1740699 -41.414925 8.4852753 17
-0.52837437 -0.89957929 0.16269305 8
-0.55449176 -0.91982383 0.17661816 6
10.57014 -45.906986 9.0419159 48
9.2223244 -46.378784 9.5371761 50
-0.50424141 -0.90232837 0.16690518 8
-0.52905995 -0.92851698 0.17988628 5
11.572273 -45.512283 9.0310154 50
10.232447 -45.953712 9.4861317 74
-0.47670662 -0.91202509 0.17111689 8
-0.49913898 -0.94609499 0.18614718 5
12.585958 -45.123997 9.0319738 57
11.255137 -45.60342 9.4571133 67
-0.45041269 -0.91769266 0.17534609 8
-0.4694179 -0.96058142 0.19146667 4
13.602699 -44.760323 9.0458498 55
12.258462 -45.224831 9.4277725 63
-0.41865036 -0.93306053 0.18167527 8
-0.44449195 -0.95832181 0.19360594 2
14.596976 -44.363041 9.0481586 50
13.246338 -44.834145 9.3900385 49
-0.38693318 -0.94649899 0.18691669 7
-0.41376814 -0.97183061 0.19883189 0
15.581233 -43.974697 9.0504313 50
14.258659 -44.500019 9.3700819 51
-0.35191447 -0.96593684 0.19511676 6
16.588793 -43.629532 9.0685873 48
13.424689 -39.073273 8.2789927 24
-0.32280552 -0.96763659 0.19923301 1
17.584055 -43.22234 9.0790672 50
16.260033 -43.735554 9.327775 65
17.651598 -37.70499 7.8881598 37
18.598795 -42.847912 9.108882 45
17.264029 -43.343037 9.3120384 61
18.534424 -37.318836 7.9346142 49
19.595907 -42.453079 9.1325226 47
18.279507 -42.966167 9.307663 71
20.761406 -36.539803 7.8312197 46
19.455673 -36.991127 8.0035572 30
20.607658 -42.077301 9.1639481 42
19.286922 -42.585121 9.3033762 58
21.664156 -36.154869 7.9251165 60
20.353558 -36.654133 8.0631685 28
19.070831 -36.9561 8.1519089 20
20.290079 -42.216564 9.2959013 50
22.562557 -35.794937 8.0145082 52
21.281862 -36.315495 8.1387882 18
22.655104 -41.334808 9.2460661 55
18.805086 -37.079617 8.2495241 42
23.464748 -35.403046 8.1149302 41
25.046429 -40.414391 9.2260733 47
23.679529 -40.939247 9.2915249 48
22.350338 -41.456615 9.3185673 66
26.087414 -40.012508 9.3147907 41
24.73011 -40.549263 9.3477268 41
23.392838 -41.080235 9.3387804 52
21.594179 -29.685839 7.1485567 41
23.984133 -35.121067 8.3440447 35
25.760315 -40.108952 9.3954239 52
24.458483 -40.706421 9.3598928 54
21.350574 -29.916864 7.2614188 18
23.701561 -35.228325 8.3941641 38
25.478855 -40.238605 9.3764687 55
22.007774 -29.387894 7.2915788 30
23.494175 -35.393929 8.3603144 21
19.879227 -23.879499 6.2229581 47
20.946907 -26.747118 6.7885246 16
19.577324 -22.481838 6.0262294 17
19.627855 -23.991861 6.2356734 74
21.073927 -27.239231 6.8669896 14
17.35671 -19.146334 5.2831869 6
19.87727 -23.197113 6.1751366 20
19.48209 -24.111664 6.1982169 42
17.476177 -18.429085 5.2373409 109
19.278234 -21.514015 5.8771782 15
20.083649 -23.70385 6.2233787 29
17.984606 -18.112469 5.3064198 65
17.336077 -18.572859 5.207653 55
19.401442 -21.899427 5.8760443 18
19.979662 -23.822163 6.0936584 47
17.47958 -16.849447 5.0932732 27
17.873974 -18.276445 5.2637701 120
17.303345 -18.735491 5.1444712 30
19.433575 -22.135645 5.7672186 21
17.100893 -15.778234 4.9224658 26
17.61039 -17.217983 5.0971479 28
17.739609 -18.340746 5.1495285 126
17.349354 -18.957392 5.0346761 21
15.27333 -13.548682 4.3663354 6
17.239359 -16.12904 4.9111371 25
17.686899 -17.462023 5.0278497 29
17.635664 -18.383959 4.9809408 105
15.251018 -12.925222 4.3101053 78
16.792063 -15.027527 4.7144942 33
17.307077 -16.334564 4.8264356 24
17.773779 -17.679722 4.8943019 28
15.702748 -12.694321 4.3840547 111
15.214521 -13.061579 4.2272539 92
16.897511 -15.243213 4.6260114 42
17.328913 -16.462311 4.6640201 40
15.729653 -12.140626 4.3484435 58
15.597688 -12.762398 4.2684755 123
15.244169 -13.186225 4.1169405 71
16.925747 -15.352251 4.4565911 37
15.448432 -11.382466 4.2356334 68
15.795168 -12.325468 4.2616868 66
15.520829 -12.791362 4.1149468 122
15.290356 -13.292198 3.9556925 51
15.166144 -10.661224 4.1270547 59
15.490785 -11.538299 4.1316452 58
15.855102 -12.44749 4.1296773 70
15.492016 -12.830976 3.9208937 96
14.900308 -9.9891472 4.0248528 58
15.205938 -10.803178 4.0109987 74
15.553102 -11.646235 3.9895849 65
15.863184 -12.503344 3.9289691 72
14.662729 -9.3636646 3.9350824 65
14.946621 -10.119808 3.8997893 54
15.262487 -10.893405 3.8577905 62
15.5479 -11.6737 3.7796009 60
14.453353 -8.7817144 3.8546669 65
14.714404 -9.4779692 3.802896 77
14.972631 -10.175453 3.7341094 77
15.266045 -10.913364 3.6437707 69
13.201625 -7.6547956 3.5160589 73
14.4828 -8.8691282 3.7081704 94
14.727521 -9.5142841 3.6260312 86
14.925896 -10.147918 3.5034988 68
2.0932746 -1.4923533 0.72590756 7
13.253489 -7.7342005 3.3778486 91
14.503271 -8.8963261 3.526525 83
14.731813 -9.5135403 3.4011762 75
13.704607 -7.1112313 3.6031573 85
2.094964 -1.5035365 0.69399965 7
13.27857 -7.7562127 3.2042165 85
14.50429 -8.887804 3.2953818 78
13.69009 -6.7128143 3.5828085 80
13.684169 -7.137517 3.422612 99
2.0931873 -1.5018688 0.65369654 9
13.287517 -7.7429852 2.985019 71
13.467653 -6.2324901 3.5094216 68
13.739063 -6.7672658 3.406074 79
13.696475 -7.1367373 3.2207048 103
2.0957642 -1.4968393 0.60675788 13
13.320525 -5.8014894 3.4584439 60
13.469741 -6.2504883 3.3186831 77
13.737322 -6.7466402 3.1939807 88
13.768708 -7.1326547 2.994077 97
13.161719 -5.3782477 3.4082739 68
13.302858 -5.803628 3.2583282 81
13.491246 -6.2326794 3.1096568 76
13.650597 -6.6573234 2.9287467 64
2.8178742 -1.2956893 0.88375479 10
13.159076 -5.3765502 3.2048814 78
13.309788 -5.770494 3.0407619 73
13.40637 -6.1382532 2.8421359 37
2.9404733 -1.2464707 0.91124618 33
13.016167 -4.9674306 3.1545155 85
13.150385 -5.3302059 2.980128 82
13.09914 -5.6193323 2.7460914 53
3.0659652 -1.195103 0.93973911 17
12.897268 -4.5791183 3.1114173 82
12.992906 -4.9088335 2.9216001 84
12.941751 -5.1789598 2.6824751 79
3.2014062 -1.1423393 0.97031713 1
3.1229653 -1.2057263 0.89008451 1
12.881753 -4.516366 2.875772 86
12.762702 -4.7478948 2.618077 88
3.4975176 -1.1264545 1.0402793 38
3.2368128 -1.1419846 0.91155124 7
12.731486 -4.1226835 2.8247802 84
12.603648 -4.3376527 2.5609431 90
3.6078153 -1.0518438 1.0666442 55
3.4092293 -1.0892889 0.94643116 56
3.3791695 -1.1592642 0.86854166 11
12.468786 -3.949132 2.5098367 81
3.7281351 -0.97670448 1.0950258 52
3.6024921 -1.0335244 0.98743618 60
3.5634336 -1.102989 0.90150517 54
3.4531946 -1.1480104 0.79896367 21
3.8643444 -0.89819515 1.1298267 49
3.7692444 -0.96451068 1.0244489 52
3.6705375 -1.0189836 0.92099297 55
3.6029775 -1.0769241 0.8228066 56
4.0063052 -0.81797987 1.1644934 49
3.9000535 -0.88090748 1.0510335 52
3.7621157 -0.93039185 0.93527901 47
3.7338834 -0.99437803 0.84038794 54
4.13482 -0.72947729 1.1960268 47
4.0438132 -0.79666263 1.0816835 47
3.8535228 -0.83679819 0.95041537 38
3.8849187 -0.91183442 0.86091882 51
11.481813 -1.5635 2.9727263 45
4.1652026 -0.70246875 1.1066967 20
4.0183034 -0.75237525 0.97873139 42
4.0443468 -0.82263315 0.8839336 49
11.680286 -1.3129647 3.0228574 99
11.697331 -1.5026164 2.7730424 83
4.1018147 -0.64799595 0.9916625 8
4.1812816 -0.72466969 0.90259367 30
11.520953 -1.0227622 2.9895041 66
11.632998 -1.2127464 2.7582183 95
10.58302 -1.2569588 2.2920666 46
10.523252 -1.39042 2.0362871 35
11.454536 -0.7508896 2.9787157 93
11.524679 -0.92094231 2.7339358 93
10.600992 -0.99083215 2.2907164 48
4.3894687 -0.50311852 0.92984563 7
11.362154 -0.47725111 2.9643652 90
11.421711 -0.63485044 2.7124503 90
11.290167 -0.77001864 2.4240944 87
4.5469494 -0.38913342 0.95420974 18
11.253177 -0.21146594 2.9449372 92
11.32118 -0.35764197 2.6920249 90
11.181222 -0.48423696 2.3995736 88
4.7201471 -0.26935405 0.98164326 27
11.16837 0.050544243 2.9326954 89
11.221989 -0.087370113 2.6726427 88
11.068587 -0.20464876 2.3740578 88
4.9540896 -0.14366296 1.0194947 1
11.062812 0.30731943 2.9174838 92
11.113729 0.18325756 2.6544337 87
10.966154 0.069249786 2.3539636 87
11.00785 -0.02927177 2.083724 89
10.959274 0.56133914 2.9035091 88
11.009719 0.44725078 2.6374066 88
10.866755 0.34147915 2.3359194 84
10.904064 0.25175002 2.0615473 86
10.855096 0.80936348 2.8894336 82
10.916065 0.70581931 2.6222923 83
10.752844 0.60603684 2.3135972 114
10.794477 0.52953219 2.0402472 86
10.730011 1.0553634 2.8732417 76
10.817362 0.96413916 2.6092787 83
10.648902 0.86908251 2.2975738 81
10.690063 0.80255145 2.0211716 84
10.679826 1.3021239 2.8746693 79
10.728718 1.2209605 2.5993741 80
10.570117 1.1293876 2.2866924 78
10.583928 1.0704823 2.0030365 83
10.591947 1.5439801 2.8677585 68
10.641397 1.4718451 2.5904384 74
10.475572 1.3848994 2.2727256 75
10.500851 1.336579 1.9901361 81
10.512219 1.7812508 2.8630643 62
10.544235 1.7182385 2.5795937 60
10.378179 1.6362793 2.2598541 75
10.393048 1.5964417 1.9741513 80
10.418457 2.0188334 2.8582876 47
10.455248 1.9640411 2.5713613 57
10.285075 1.8888544 2.2488818 65
10.300597 1.8560315 1.9601514 78
10.352091 2.2567875 2.8585548 42
10.360505 2.2065566 2.5628626 52
10.193853 2.13656 2.2400787 66
10.21373 2.1169686 1.9513123 76
10.22503 2.4806743 2.8446281 39
10.257586 2.447684 2.5550146 50
10.094636 2.3838797 2.2322245 60
10.103261 2.36972 1.9393547 72
10.13554 2.7124875 2.8439188 36
10.182543 2.6912205 2.5543368 47
9.9926863 2.6260502 2.2233565 57
10.010709 2.6243718 1.9314759 75
10.039355 2.9389389 2.8391426 35
10.092651 2.9320083 2.5515277 46
9.8958302 2.8664749 2.2165022 56
9.9005022 2.8721287 1.9204941 70
9.9600105 3.168258 2.8414629 36
9.9950819 3.1664007 2.5466986 48
9.7989702 3.1069069 2.2106483 57
9.8052082 3.1216455 1.9145871 69
9.8669281 3.3928742 2.8406644 35
9.9113579 3.4044929 2.5468674 51
9.7239609 3.3514235 2.2098162 63
9.7070189 3.3699982 1.9085683 68
9.0718088 3.3816514 2.6545999 38
9.0685501 3.3849657 2.3685496 50
9.0685463 3.4025118 2.0914252 61
9.0798883 3.434612 1.8082807 67
8.9943838 3.5930512 2.6568878 44
8.9954844 3.6096227 2.3727493 51
8.9902649 3.6319013 2.0915656 63
8.9911146 3.6734829 1.8073546 67
8.9089479 3.8040676 2.6601748 48
8.9165831 3.8299589 2.3750877 59
9.4433222 4.0742645 2.2094996 60
9.4369745 4.1223941 1.9052058 73
9.5513268 4.3142753 2.8650796 51
9.5417442 4.348186 2.5528038 59
9.3603191 4.3174186 2.2116642 70
9.3484507 4.376287 1.9072502 72
9.4328184 4.5276208 2.8620858 62
9.4168797 4.5682225 2.5487759 70
9.3026781 4.5728798 2.2219677 71
9.2579823 4.6280904 1.9093882 73
9.344635 4.7525196 2.8674154 62
9.3359785 4.8075128 2.5570848 67
9.2428942 4.8302484 2.2333326 68
9.1528158 4.8731613 1.9105016 73
9.2698889 4.9881344 2.8807857 63
9.2533503 5.0467091 2.5636644 72
9.1803608 5.0904741 2.2454898 62
9.068429 5.1302624 1.9155343 76
9.1848927 5.2182255 2.888936 69
9.1576939 5.2842731 2.5714262 74
9.1231699 5.3560014 2.2598381 61
8.9669027 5.3825426 1.9196467 78
9.0906487 5.4438548 2.8982315 69
9.0784292 5.5306811 2.5837204 75
9.027751 5.6056037 2.2690072 67
8.875144 5.6393313 1.9278048 79
9.0127134 5.6833291 2.91257 74
8.9854994 5.7703972 2.5939419 78
8.9430189 5.861753 2.2811894 76
8.7753105 5.8977246 1.936859 82
8.9270163 5.9184122 2.9268222 77
8.8942823 6.0162115 2.6061034 78
8.8610401 6.1230512 2.2953372 80
8.6735382 6.1550207 1.9458923 81
8.841217 6.155499 2.9420643 80
8.8080006 6.2632823 2.6202931 80
8.7653475 6.378654 2.3064206 81
8.5687904 6.4121666 1.9548757 82
8.7388506 6.3847332 2.9531701 84
8.7116842 6.5118546 2.635313 82
8.6791878 6.6447511 2.323391 83
8.4715633 6.6797071 1.9687655 85
8.6402645 6.6191654 2.9662137 87
8.6008568 6.7506881 2.6472812 79
8.5781231 6.9081182 2.339334 112
8.3673019 6.9469171 1.9826986 85
8.5606346 6.8726201 2.9894118 68
8.5303288 7.0226116 2.6704497 86
8.4760265 7.1714449 2.3553309 85
8.2665596 7.2233334 1.9996405 83
8.4711294 7.1235762 3.0105562 85
8.4276237 7.2789049 2.6892784 111
8.3784819 7.446002 2.3749022 85
8.1591015 7.4973602 2.0149527 77
8.3769531 7.3732696 3.0308745 85
8.3268042 7.541276 2.7094831 86
8.2732229 7.7171507 2.3940277 89
8.0847731 7.8101101 2.0420833 63
8.2834597 7.6280217 3.0523686 87
8.2276955 7.8067756 2.73209 87
8.1644735 7.9941964 2.4157183 87
8.0482292 8.1628914 2.0800853 73
8.1857042 7.8836007 3.0754488 88
8.127984 8.07827 2.7555299 85
8.0648499 8.2807274 2.4415417 87
7.9809065 8.5011358 2.1153293 72
8.0880375 8.1461592 3.1028483 87
8.0182047 8.3472586 2.7803659 88
7.9542179 8.5707254 2.467813 89
7.8762984 8.8144693 2.1430647 88
7.9866333 8.4145937 3.1308274 90
7.9198527 8.6348782 2.8102713 89
7.8435583 8.8647327 2.4946036 90
7.7425437 9.1103315 2.1666901 92
7.8755603 8.6765327 3.1557741 90
7.7971988 8.908267 2.8360832 92
7.6923203 9.1296854 2.5152638 89
7.1772928 8.9308863 2.0807464 47
7.7734437 8.9589787 3.1886806 97
7.6289029 9.1352749 2.8468039 63
7.1006951 8.9017162 2.402348 64
6.9200869 9.0773096 2.0742226 89
7.5329218 9.0951109 3.1702905 52
7.0410552 8.8973389 2.7169087 64
6.9050817 9.0982656 2.4069679 87
6.796154 9.379652 2.103811 90
7.0081887 8.906992 3.0422373 65
6.8768334 9.116148 2.7302885 88
6.7955794 9.402977 2.4422913 90
7.2465711 10.434524 2.3001692 99
6.8752685 9.1468163 3.0630891 87
6.771081 9.4124565 2.7670445 89
7.2333012 10.434739 2.663043 94
7.1148524 10.790649 2.3404515 98
6.7539525 9.4143047 3.0948877 94
7.2170825 10.435744 3.0128944 97
7.108109 10.780185 2.7054238 99
6.9755397 11.158442 2.3846269 96
7.206964 10.434078 3.3687999 96
7.0942101 10.774313 3.0583291 90
6.9745693 11.132243 2.749728 94
6.8291326 11.527893 2.428766 93
7.073597 10.742074 3.4093394 92
6.9577985 11.103202 3.1017485 93
6.8297253 11.489775 2.7969489 95
6.6694326 11.902715 2.4748018 86
6.95577 11.0799 3.4568083 88
6.8119488 11.441643 3.1469955 90
6.6815052 11.856151 2.8460097 74
6.5238404 12.317308 2.5306084 96
6.8167543 11.402645 3.5011172 86
6.6842718 11.818061 3.2020977 96
6.5321331 12.246522 2.9008915 83
6.3678031 12.741405 2.5872829 86
6.6879282 11.761989 3.5563035 74
6.5417118 12.191753 3.2571409 63
6.3856859 12.658094 2.9597304 89
6.2021656 13.17608 2.6469171 90
6.5351572 12.098118 3.6045539 38
6.3884435 12.576979 3.315182 85
6.2276006 13.079159 3.0225937 91
6.0300717 13.637534 2.7144773 90
6.4220262 12.520419 3.6756916 68
6.2388988 12.987454 3.3801279 89
6.0588517 13.509766 3.0885408 88
5.8436995 14.10026 2.7825024 82
6.2684746 12.905512 3.7386284 77
6.0796399 13.406265 3.4482181 89
5.8793216 13.95754 3.1595013 93
5.6646857 14.618223 2.8641732 76
6.1103201 13.303288 3.8047693 73
5.9044437 13.828808 3.5180709 87
5.7055411 14.453448 3.2423935 89
5.269124 14.675351 2.8544173 75
5.9471965 13.719801 3.875962 85
5.7384019 14.312152 3.6030445 88
5.4315948 14.754972 3.2818568 106
4.8224702 14.578354 2.8201263 78
5.7847805 14.17579 3.9578226 73
5.5361338 14.748828 3.6767986 102
4.9533048 14.566669 3.2150764 88
4.5836411 15.032571 2.8950503 49
5.6024365 14.621898 4.0393677 79
5.1076279 14.662586 3.6218445 84
4.6802745 14.896111 3.2676013 83
4.765666 16.795341 3.2213497 93
5.2674441 14.739471 4.0276852 73
4.7396569 14.701279 3.5994513 76
4.85886 16.552336 3.6061804 97
4.5164828 17.425171 3.329107 78
4.8131113 14.539593 3.934824 81
4.5113702 15.133113 3.6764469 9
4.619905 17.143007 3.7142613 89
4.2489672 18.091679 3.4483554 64
4.6030526 14.965859 4.0075898 85
4.7042809 16.892475 4.0733914 89
4.371078 17.780109 3.8323293 83
3.978888 18.852022 3.5857821 62
4.7959776 16.647505 4.4158359 88
4.4631815 17.484097 4.1827917 97
4.1071382 18.476768 3.9622712 76
3.678479 19.615021 3.7221375 59
4.4838281 16.950603 4.4580951 52
4.2220759 18.163538 4.3173218 99
3.8336899 19.240049 4.1091065 63
3.3358781 20.359886 3.8615801 101
4.2368894 17.528963 4.5702066 76
3.8666241 18.518702 4.3757477 59
3.5269408 20.007441 4.2597442 73
2.8064377 20.206415 3.8316565 108
3.9951198 18.185162 4.702673 57
3.5949323 19.290106 4.5329423 58
3.1024482 20.31912 4.3142567 126
2.3747373 20.631092 3.9148011 24
3.7448442 18.92347 4.8548436 43
3.3032515 20.091619 4.6935444 50
2.6069169 20.259924 4.2878661 87
2.1831436 22.998865 4.3658414 27
3.485549 19.782888 5.0386453 42
2.8573563 20.247198 4.7071562 111
2.4347415 22.38936 4.7262092 34
1.7500901 24.119379 4.5817099 33
3.1521885 20.401354 5.1492271 98
2.434504 20.565378 4.7500448 33
2.0809257 23.866575 5.022274 30
1.2795324 25.466494 4.8388667 100
2.6509037 20.24563 5.0764389 75
2.3130364 23.230009 5.3454943 24
1.6313163 25.088528 5.2794089 28
0.66253328 25.360081 4.8352861 75
2.2628276 20.763563 5.179059 9
1.8869396 24.265398 5.569983 23
1.0653746 25.405304 5.346508 106
0.068958834 25.747709 4.930603 101
2.1425338 23.61932 5.8640194 33
1.4247551 25.470934 5.8392682 60
0.48551032 25.741125 5.425199 67
-0.55261505 25.511366 4.9097376 103
1.7173322 24.706661 6.1078086 26
0.83304566 25.345516 5.7985868 113
-0.11479305 25.678364 5.4189258 113
-1.1542096 25.286203 4.8917418 102
1.2204802 25.522686 6.2830911 98
0.27525613 25.851887 5.910305 99
-0.71618533 25.454451 5.3868279 80
-1.7428391 25.052227 4.8772092 104
0.63859695 25.368738 6.2237306 45
-0.31689328 25.631689 5.8520098 98
-1.3015298 25.227234 5.3519969 104
-2.3224156 24.840544 4.8681793 101
0.084365033 25.806423 6.3108463 111
-0.9055264 25.416311 5.8029051 120
-1.8790739 25.022844 5.3217163 108
-2.8961208 24.609409 4.8537345 101
-0.49741119 25.604727 6.2382331 100
-1.4805183 25.19445 5.7551804 108
-2.445801 24.793495 5.2943096 113
-3.4586773 24.385389 4.847743 111
-1.0772169 25.370522 6.170383 97
-2.0511415 24.981203 5.7089128 122
-3.0101144 24.584581 5.2738357 115
-3.9122112 23.376299 4.6883349 102
-1.6392716 25.159328 6.1078434 115
-2.6060317 24.769541 5.6695175 106
-3.5656686 24.37216 5.2526102 108
-4.5632644 23.949894 4.846169 80
-2.1985846 24.944504 6.0479813 100
-3.153652 24.564844 5.6299739 95
-4.0020704 23.382376 5.0640297 125
-5.1093645 23.778782 4.8524866 94
-2.7445574 24.731842 5.9858637 93
-3.5983117 23.48197 5.3949294 8
-4.6475577 23.956467 5.2184501 132
-5.6471515 23.581835 4.8587403 91
-3.28425 24.513641 5.9262328 106
-4.1263137 23.361544 5.3805442 255
-5.1817851 23.758703 5.2063737 108
-6.185514 23.385733 4.8708072 109
-3.7168679 23.468403 5.6727486 47
-4.7691388 23.940977 5.5302076 120
-5.7200856 23.576796 5.203248 101
-6.7185559 23.200306 4.8840771 90
-4.2524824 23.40596 5.6580272 63
-5.2946754 23.733778 5.5002351 121
-6.2430449 23.370594 5.1933255 117
-7.2430787 22.977879 4.8942332 101
-4.887857 23.915392 5.7889528 108
-5.824739 23.542732 5.4822259 139
-6.774538 23.185572 5.1973457 98
-7.7697001 22.793179 4.9163208 79
-5.4132085 23.73344 5.7510443 104
-6.3443294 23.342184 5.4633479 112
-7.293273 22.984253 5.1982675 98
-8.3004465 22.608458 4.9429746 95
-5.9342718 23.542921 5.7166705 90
-6.868731 23.155628 5.4498467 110
-7.8113995 22.790104 5.2007003 103
-8.8206968 22.414282 4.9664927 99
-6.4533687 23.333471 5.6813478 111
-7.3824925 22.957506 5.4366922 106
-8.3332491 22.611635 5.2127452 88
-9.3409843 22.221966 4.9956179 85
-6.9672947 23.142151 5.6505051 111
-7.9012299 22.779112 5.4317179 101
-8.8532829 22.416258 5.2258077 96
-9.5634537 21.304464 4.8622503 100
-7.4837685 22.961746 5.6276536 106
-8.4179649 22.581749 5.4260631 106
-9.3682318 22.221077 5.240272 104
-10.384084 21.82823 5.0641475 98
-7.9966788 22.770496 5.6049938 90
-8.9322901 22.395548 5.4243441 99
-9.5867414 21.307629 5.0840392 99
-10.911169 21.650639 5.1052837 87
-8.5149307 22.583996 5.5882759 84
-9.1847248 21.521427 5.2607517 4
-10.409554 21.834259 5.2818298 109
-11.445551 21.457695 5.1525073 91
-9.0194063 22.377737 5.5677838 83
-9.6564865 21.276051 5.2513232 96
-10.923203 21.646509 5.306478 105
-11.964089 21.265182 5.1968174 89
-9.2579899 21.493715 5.3788128 12
-10.477733 21.823416 5.4375706 100
-11.444966 21.448631 5.3315954 102
-12.485703 21.059366 5.2421637 91
-9.7511787 21.285879 5.364511 69
-10.994946 21.630526 5.4471622 109
-11.966354 21.252567 5.3614354 108
-13.020302 20.861698 5.2951694 97
-10.564559 21.803101 5.5363903 87
-11.516125 21.431175 5.4616904 99
-12.489478 21.053234 5.3948722 108
-13.562238 20.67762 5.3543611 94
-11.08056 21.609022 5.5314865 96
-12.041554 21.242964 5.4791937 113
-13.039049 20.884054 5.4410787 80
-14.098206 20.474148 5.4117947 84
-11.606695 21.41762 5.5311928 88
-12.561191 21.03879 5.4954734 119
-13.564543 20.673716 5.479352 100
-14.640806 20.262173 5.4758306 96
-12.125249 21.214523 5.5301423 87
-13.101846 20.853765 5.5232873 102
-14.104774 20.477747 5.5223289 108
-15.180226 20.046253 5.5401487 98
-12.657653 21.026548 5.538661 85
-13.623794 20.634378 5.5449467 118
-14.649502 20.270569 5.5724859 111
-15.234175 19.177221 5.4208488 89
-13.195672 20.831606 5.5485444 90
-14.170394 20.448175 5.5766945 101
-15.189128 20.061676 5.6195951 76
-16.315407 19.659111 5.6918392 82
-13.725293 20.627935 5.556767 89
-14.717379 20.247797 5.6108208 96
-15.246726 19.186291 5.485455 98
-16.889406 19.451689 5.7738199 86
-14.281709 20.43804 5.577776 95
-15.243308 20.006361 5.6382985 53
-16.324661 19.659292 5.7399373 104
-17.465807 19.227154 5.8564496 67
-14.813257 20.207205 5.5900249 92
-15.326726 19.164616 5.4999032 90
-16.896164 19.445606 5.8049197 81
-18.061764 19.018442 5.9492559 80
-14.960041 19.438341 5.4536653 17
-16.409327 19.630819 5.7405505 83
-17.491507 19.238804 5.8799605 83
-18.651035 18.787102 6.0411372 75
-15.427318 19.120398 5.4486079 37
-16.988939 19.421093 5.7892814 84
-18.077686 19.01375 5.9486923 88
-19.270849 18.564438 6.1445341 74
-16.536806 19.605564 5.6781507 74
-17.562489 19.181387 5.8380733 87
-18.682314 18.79278 6.0281725 79
-19.909027 18.351025 6.2527804 74
-17.118225 19.38431 5.7108951 78
-18.162466 18.96216 5.8966632 106
-19.299086 18.559772 6.112299 88
-20.062824 17.67424 6.2083097 31
-17.697889 19.139917 5.7425017 91
-18.794319 18.75967 5.9665656 82
-19.944109 18.344185 6.2051063 59
-20.568806 17.320456 6.2824187 74
-18.316435 18.929825 5.7883239 94
-19.391306 18.498695 6.0250263 87
-20.075415 17.640133 6.1364479 32
-20.40214 16.403872 6.1482444 14
-18.926908 18.691259 5.8332329 97
-20.039366 18.276983 6.1097403 88
-20.621458 17.314999 6.2107806 65
-20.028328 15.364642 5.9609652 24
-19.567102 18.458281 5.8951144 73
-20.135725 17.531277 6.0136614 68
-20.373077 16.321215 6.0351629 26
-18.165861 13.23845 5.3215737 5
-20.155743 18.162142 5.9300532 49
-20.691158 17.202919 6.064971 55
-19.928411 15.22022 5.8079042 24
-18.080772 12.56558 5.2386203 69
-20.2939 17.448347 5.8345518 66
-20.271965 16.066689 5.8263164 20
-18.167149 13.176958 5.1980634 4
-18.492844 12.264897 5.3115263 82
-20.572634 16.871082 5.790051 30
-19.84133 14.982034 5.5978045 23
-18.07972 12.496693 5.1036229 84
-18.616413 11.764739 5.2979636 55
-20.099474 15.695683 5.5309958 33
-18.133806 12.992858 5.0104518 14
-18.571274 12.241562 5.1815748 116
-18.331303 11.012691 5.1692538 55
-19.680405 14.632318 5.3014259 28
-18.15353 12.390881 4.9388795 105
-18.533979 11.624471 5.1132746 68
-18.017984 10.285434 5.0396914 66
-18.077188 12.743972 4.760159 39
-18.665253 12.140106 5.0093131 112
-18.245121 10.872733 4.9766846 60
-17.787487 9.6320171 4.9397292 58
-18.342522 12.310381 4.7455273 80
-18.432734 11.386686 4.8754439 50
-17.971834 10.165473 4.8476539 60
-17.534788 9.0002518 4.8354306 75
-18.618137 11.88577 4.7374878 71
-18.146378 10.638933 4.7327213 74
-17.707161 9.4898958 4.7294207 82
-17.317602 8.412632 4.7434306 74
-18.297689 11.078536 4.5742769 56
-17.884335 9.9392662 4.6036963 65
-17.476139 8.8667736 4.6227455 87
-16.009857 7.3223219 4.3454733 42
-17.995283 10.325275 4.4253974 68
-17.606581 9.2569437 4.4752378 81
-17.228136 8.2592659 4.5167704 84
-15.891912 6.8520408 4.2920275 76
-17.75317 9.6396389 4.2978382 60
-17.375532 8.6333761 4.3650913 76
-15.965454 7.1928039 4.1393366 89
-16.289721 6.6209016 4.3880839 66
-17.481152 8.9648533 4.1699214 78
-16.016302 7.4818101 3.9665117 4
-15.930073 6.7578387 4.1017337 84
-16.495007 6.2936268 4.4343629 91
-17.246069 8.3415165 4.0624704 76
-15.915759 6.9960561 3.906549 92
-16.490576 6.5824504 4.2326155 98
-16.312521 5.8228927 4.3724961 74
-15.942943 7.2297773 3.6946926 69
-16.10305 6.6543112 3.9197595 89
-16.445684 6.1445155 4.1966925 91
-16.136791 5.3701024 4.311141 79
-15.880421 6.763855 3.6349685 82
-16.275629 6.3047481 3.9314623 101
-16.148802 5.6279545 4.0966196 95
-15.988475 4.9407253 4.2619882 80
-16.338024 6.528821 3.7038584 92
-16.116529 5.8247008 3.8641331 86
-15.84536 5.1318698 3.9996998 91
-15.82651 4.5218186 4.2114491 83
-16.111969 6.0085716 3.6138587 87
-15.928265 5.352499 3.7899466 91
-15.689511 4.6999836 3.9434168 93
-15.455332 4.0583 4.1038194 88
-15.994347 5.543992 3.5524025 72
-15.755142 4.9026971 3.722136 93
-15.518776 4.280273 3.8838449 97
-15.307125 3.6697471 4.0613232 91
-15.810807 5.0740104 3.478919 90
-15.578106 4.4625182 3.6595545 106
-15.380182 3.8822083 3.8388019 93
-15.166893 3.2978342 4.0215602 84
-15.635451 4.619565 3.4102385 87
-15.41344 4.0429025 3.6007791 94
-15.221476 3.4878721 3.7902303 92
-15.034934 2.9395401 3.9875121 83
-15.590528 4.2210035 3.3773355 42
-15.281486 3.6462295 3.5533316 101
-15.079723 3.1133959 3.7463632 95
-14.889242 2.5840917 3.9532979 89
-15.542126 3.8278093 3.3446155 99
-15.125708 3.2501459 3.5043855 94
-14.941559 2.7485507 3.7081406 101
-14.752279 2.2432408 3.9199502 89
-15.382536 3.4158621 3.2897737 95
-15.058794 2.8869166 3.4786506 74
-14.803751 2.3907051 3.6718812 103
-14.633895 1.9125465 3.8954215 119
-15.223457 3.0139151 3.2378793 101
-15.0479 2.5410752 3.4684346 95
-14.668543 2.0447559 3.6375456 97
-13.815695 1.5066277 3.675209 78
-15.07519 2.6274915 3.1918323 104
-14.927847 2.1773813 3.434083 114
-13.846605 1.6230708 3.424458 97
-12.668979 1.1122032 3.3613281 3
-14.933265 2.2489219 3.1498342 99
-13.858656 1.7033554 3.171396 108
-12.868202 1.223695 3.172998 1
-12.605768 0.84585559 3.3549674 2
-13.846304 1.7574885 2.9011376 44
-13.74159 1.3813856 3.1426957 95
-12.805335 0.94230658 3.1623619 2
-12.490491 0.57803553 3.3363287 3
-13.743019 1.4280185 2.8704202 99
-13.650099 1.0664172 3.1228259 2
-12.738833 0.66622329 3.1531315 2
-12.413842 0.31947181 3.3290854 3
-13.802314 1.115867 2.8807502 51
-13.277709 0.74358422 3.0341368 1
-12.603256 0.38832814 3.1256561 2
-12.3264 0.064486437 3.3204441 4
-14.279421 0.83030611 2.9854844 46
-12.675596 0.12155718 3.156276 1
-12.292369 -0.18745175 3.3261831 3
-14.14137 0.49881095 2.9535723 36
-12.225308 -0.43771231 3.3250601 2
-14.110772 0.17674126 2.9477267 53
-13.261325 -0.13493848 3.0482593 2
-12.601221 -0.71149045 3.4550385 1
-13.981737 -0.14648513 2.9239995 81
-13.197126 -0.42512587 3.0413768 4
-12.43586 -0.67300844 3.1314957 1
-13.412229 -1.04046 3.7167077 26
-13.866333 -0.45967266 2.9040506 92
-13.131156 -0.71149302 3.0387056 4
-13.497189 -1.0235074 3.4366448 8
-13.436908 -1.3192977 3.7485261 62
-13.762043 -0.76983279 2.8895278 95
-13.444814 -1.0275033 3.1300435 8
-13.577973 -1.3244638 3.4805601 86
-13.366769 -1.5891006 3.7553592 68
-13.652999 -1.074903 2.8748076 85
-13.558214 -1.3370552 3.1727695 89
-13.467246 -1.6033871 3.4727247 89
-13.293736 -1.8567612 3.7622015 70
-13.535165 -1.3755437 2.8601272 87
-13.442947 -1.6267823 3.1630182 97
-13.358727 -1.878404 3.4668541 93
-13.213664 -2.1250825 3.7690969 78
-13.4245 -1.6735091 2.8493831 95
-13.346896 -1.9134068 3.1591156 95
-13.251274 -2.1524618 3.4629712 94
-13.131894 -2.387295 3.7769852 90
-13.296985 -1.9676133 2.8377774 94
-13.21602 -2.1942818 3.1495209 96
-13.153945 -2.4238758 3.4641995 98
-13.04797 -2.6503882 3.7853539 90
-13.199534 -2.2602401 2.8346522 96
-13.122064 -2.4761515 3.1495519 97
-13.046592 -2.6921465 3.4643652 94
-12.954234 -2.9082119 3.7920618 96
-13.077299 -2.5487318 2.8274095 101
-13.016486 -2.7533484 3.1478295 98
-12.944534 -2.9604337 3.4673398 94
-12.868749 -3.166249 3.8028705 94
-12.970283 -2.8358307 2.8245101 98
-12.908978 -3.0303972 3.1478848 95
-12.846628 -3.2259145 3.4712718 96
-12.78718 -3.4264696 3.8156631 99
-12.867383 -3.1211131 2.8245728 101
-12.805636 -3.3046305 3.1508973 96
-12.739929 -3.4869659 3.4752433 96
-12.685991 -3.6777563 3.8235493 98
-12.740683 -3.4012587 2.8207772 97
-12.696396 -3.576582 3.1529396 97
-12.620293 -3.7463956 3.4782977 55
-12.601648 -3.9338245 3.8393409 96
-12.629057 -3.6811047 2.8228745 95
-12.60013 -3.8501391 3.1598995 97
-12.562089 -4.0217204 3.5000002 97
-11.737145 -3.9111495 3.6002352 89
-12.537184 -3.9668415 2.8309429 97
-12.496829 -4.1227665 3.1691773 106
-11.692662 -3.9981658 3.2781608 87
-11.658597 -4.1499224 3.6161168 85
-11.675739 -3.9725204 2.6550646 88
-11.640311 -4.1073055 2.9719946 86
-11.594805 -4.2435999 3.2900023 82
-11.570199 -4.385787 3.6318939 87
-11.580859 -4.2371464 2.6640747 89
-11.547811 -4.3650084 2.9859424 113
-12.248242 -4.8014984 3.5341921 106
-12.20406 -4.9376183 3.8971786 99
-12.206394 -4.8059788 2.8544858 109
-12.181423 -4.9360991 3.2023087 98
-12.149517 -5.0648761 3.5511732 97
-12.090244 -5.1812654 3.9101696 97
-12.095826 -5.0858297 2.8666301 100
-12.0734 -5.20505 3.216382 101
-12.042893 -5.3258762 3.5671985 96
-11.992124 -5.4326439 3.9300883 95
-12.008669 -5.3797832 2.8876796 102
-11.967253 -5.4770813 3.2334576 98
-11.953969 -5.5947003 3.5911379 98
-11.898834 -5.6882424 3.9539936 95
-11.888272 -5.6561527 2.9008753 102
-11.865897 -5.7543259 3.2555242 100
-11.849337 -5.8567743 3.612154 98
-11.790883 -5.9361401 3.9749639 95
-11.785194 -5.9433093 2.9223351 104
-11.776229 -6.0341101 3.2798538 98
-11.741521 -6.1186795 3.6355214 98
-11.677979 -6.1788149 3.995271 93
-11.685214 -6.2356524 2.9464612 102
-11.655208 -6.3054409 3.3000236 100
-11.65052 -6.3914127 3.6634893 98
-11.559165 -6.4252186 4.0163045 88
-11.566624 -6.5191092 2.9676728 101
-11.558647 -6.5899158 3.329087 98
-11.547634 -6.6615725 3.6915274 101
-11.448221 -6.6749902 4.0402989 85
-11.46821 -6.8215108 2.9978361 103
-11.452191 -6.8719187 3.3572073 100
-11.439674 -6.9334817 3.7216089 98
-11.319706 -6.914928 4.0603681 82
-11.357083 -7.1173124 3.0250559 104
-11.340561 -7.1576738 3.3863821 101
-11.344355 -7.2139831 3.7566445 101
-11.205568 -7.169529 4.0894079 71
-11.239032 -7.4117689 3.0543168 101
-11.238675 -7.4498744 3.4215195 103
-11.240091 -7.4930592 3.7907348 101
-11.086617 -7.4199047 4.1164603 89
-11.128391 -7.7195678 3.089591 105
-11.136527 -7.748054 3.4596879 101
-11.135522 -7.7791095 3.828861 101
-10.977274 -7.679719 4.1504927 84
-11.016733 -8.0283079 3.1258848 104
-11.012794 -8.0372 3.4929783 104
-11.035794 -8.0703545 3.8710027 103
-10.877333 -7.9549274 4.1925659 92
-10.901735 -8.3428869 3.1653819 90
-10.890654 -8.3304482 3.5305476 60
-10.928663 -8.3613186 3.9135852 97
-10.773037 -8.2280102 4.234024 90
-10.780413 -8.6611843 3.2080472 108
-10.795383 -8.6519299 3.5809112 106
-10.806029 -8.6494703 3.954838 98
-10.670838 -8.5081139 4.2790961 84
-10.656117 -8.981369 3.2505338 103
-10.680218 -8.967597 3.6293786 106
-10.703157 -8.9567823 4.0062456 106
-10.572638 -8.8025579 4.331542 86
-10.535376 -9.3126526 3.3001347 94
-10.55579 -9.278554 3.6743093 101
-10.583662 -9.2568274 4.0514927 107
-10.45732 -9.0828228 4.3760214 87
-10.405615 -9.647049 3.3468175 99
-10.442636 -9.6075802 3.725373 111
-10.458733 -9.559269 4.0973487 112
-10.34971 -9.375226 4.4233155 100
-9.8988123 -9.5886221 3.2625318 53
-9.9310074 -9.5342999 3.6250677 46
-10.056863 -9.5820742 4.0285683 26
-10.227699 -9.6661253 4.4754291 56
-9.5489969 -9.6756697 3.2335808 102
-9.5784636 -9.6000509 3.5852427 60
-9.6340151 -9.564765 3.9482028 97
-9.6796169 -9.5040665 4.317606 94
-9.4273567 -10.02059 3.2927513 105
-9.4747591 -9.943799 3.6485507 94
-9.5168533 -9.8749275 4.0048361 100
-9.5587769 -9.7899923 4.369051 89
-9.8782578 -11.077304 3.5811973 102
-9.9252949 -10.970544 3.9603939 109
-9.8701696 -10.752031 4.2888613 89
-9.9110889 -10.644035 4.671247 84
-9.7260599 -11.445067 3.6474133 93
-9.7908039 -11.337274 4.0317941 99
-9.7213135 -11.076183 4.3513803 95
-9.7891054 -10.97342 4.7414412 93
-9.5829544 -11.846428 3.7267954 89
-9.653244 -11.713731 4.1076112 93
-9.5863752 -11.424628 4.4217348 94
-9.6637211 -11.310315 4.8116817 79
-9.4355688 -12.253181 3.8062143 88
-9.5146627 -12.104872 4.1878076 94
-9.4527845 -11.790092 4.4999485 87
-9.5433331 -11.671402 4.8938179 76
-9.2754059 -12.664568 3.8881943 75
-9.345994 -12.478933 4.2649179 95
-9.31464 -12.16435 4.5809569 95
-9.4069948 -12.02245 4.9729238 60
-9.1227798 -13.115347 3.989579 87
-9.1863089 -12.877055 4.3527794 74
-9.1637526 -12.54191 4.6683073 84
-9.324379 -12.466325 5.0892878 87
-8.9341145 -13.525999 4.0755506 78
-8.9323196 -13.145841 4.3973227 80
-9.0301199 -12.963231 4.7706199 74
-9.2261267 -12.921447 5.2101245 82
-8.7649775 -13.997978 4.1793914 77
-8.7735176 -13.592376 4.5023904 82
-8.8684206 -13.363655 4.8640203 76
-9.0939407 -13.340935 5.3160467 70
-8.5714436 -14.483315 4.2972345 86
-8.5896072 -14.030995 4.608314 77
-8.7081356 -13.811459 4.9798455 76
-8.9335108 -13.753884 5.4214177 62
-8.3834724 -14.983117 4.4105372 84
-8.4162292 -14.507351 4.7209263 80
-8.5578089 -14.277987 5.0898042 80
-8.7813072 -14.191401 5.5278053 60
-8.0671892 -15.252755 4.4568205 84
-8.2344742 -14.993566 4.8374376 77
-8.4580793 -14.881047 5.2563186 80
-8.6236038 -14.644674 5.6437888 59
-7.553792 -15.101161 4.3883438 80
-7.8843827 -15.155572 4.8532453 81
-8.2238026 -15.26036 5.3432779 77
-8.4491243 -15.090886 5.7568636 48
-7.325561 -15.578982 4.5013113 51
-7.4913278 -15.224483 4.8398795 76
-7.7178106 -15.07039 5.2330809 71
-8.0836773 -15.185479 5.7377615 49
-7.4616947 -17.041849 4.9003758 58
-7.6818175 -16.708088 5.280314 52
-7.4463325 -15.376197 5.2982693 60
-7.6290131 -15.064848 5.6426077 46
-7.2309318 -17.691652 5.0694118 54
-7.5317554 -17.487734 5.4976263 61
-7.7119207 -17.049232 5.835752 50
-7.4346051 -15.528598 5.7670846 32
-6.9833522 -18.382807 5.2550349 47
-7.3016787 -18.133665 5.6745682 49
-7.4934363 -17.634579 5.9987698 43
-7.6968098 -17.178154 6.3302655 36
-6.7986417 -19.350704 5.5173187 44
-7.0500402 -18.802326 5.8606648 49
-7.2760191 -18.288952 6.1847835 26
-7.4901409 -17.771049 6.5009718 30
-6.5380177 -20.219072 5.7578464 26
-6.7959976 -19.5361 6.0669813 30
-7.0262957 -18.937803 6.3708544 32
-7.2700214 -18.391216 6.6817865 28
-6.186451 -20.86808 5.9433827 61
-6.5168858 -20.301138 6.2928228 21
-6.7698946 -19.625858 6.5757294 19
-7.0260658 -19.018814 6.8693962 40
-5.6223164 -20.698811 5.8921046 64
-6.1484165 -20.829128 6.4424582 73
-6.5022821 -20.383423 6.8028021 21
-6.7833009 -19.723732 7.0829306 21
-5.2159767 -21.235266 6.0482082 8
-5.6000824 -20.660259 6.3776207 50
-6.113987 -20.80308 6.918818 72
-6.5152569 -20.434603 7.2988334 22
-5.1715317 -23.880634 6.8126941 20
-5.5764303 -22.958042 7.0786552 18
-5.5912747 -20.676714 6.8525648 28
-6.1203284 -20.77726 7.3829622 48
-4.76928 -25.023527 7.1479836 22
-5.2023787 -23.93222 7.3765211 20
-5.5821948 -22.961096 7.5933232 18
-5.6187158 -20.673504 7.3153977 39
-4.3322663 -26.30653 7.5358253 29
-4.807961 -25.011166 7.7133136 22
-5.2274637 -23.960592 7.9110365 20
-5.6361833 -23.009848 8.1086264 21
-3.7043414 -26.331343 7.5677633 43
-4.3842945 -26.255209 8.1042356 24
-4.8500228 -25.068512 8.2648439 15
-5.2844172 -23.982924 8.4193563 18
-3.295665 -28.970673 8.3491001 14
-3.7666304 -26.287458 8.1132669 51
-4.4200902 -26.1754 8.6081953 17
-3.8277767 -26.27948 8.6377954 36
-2.0214233 -31.998339 9.2973585 47
-3.2608008 -26.604261 8.7362299 7
-3.9346399 -26.277975 9.1379547 52
-1.2684757 -31.915609 9.3148232 23
-0.48442414 -36.210815 10.641277 13
-1.4433647 -31.861227 9.9279966 23
-3.0390506 -29.852327 10.352666 13
0.42049465 -37.462444 11.078135 41
-0.69061035 -35.794147 11.193484 10
-1.5846844 -31.847382 10.494928 36
-2.4354026 -31.144472 10.798936 18
0.18663293 -37.448757 11.768958 44
-1.768411 -31.848417 11.034892 49
4.1888633 -48.11071 14.529372 37
5.323925 -48.074486 14.6488 42
3.7855625 -47.993565 15.287141 21
6.4007726 -47.635063 14.641803 45
4.9028926 -48.099613 15.425282 40
7.4720573 -47.202042 14.654964 50
5.9652905 -47.693054 15.402682 47
2.6432178 -42.940491 14.907816 54
7.4053431 -41.176113 12.92065 23
7.0182834 -47.255032 15.374256 47
5.5878081 -47.710014 16.057961 18
3.585592 -42.698231 14.845524 48
9.5733919 -46.33712 14.682401 48
6.9956365 -41.174706 13.482218 20
6.6516418 -47.362354 16.013222 23
4.5101757 -42.363216 14.756896 41
10.651243 -46.020206 14.746038 54
9.1001511 -46.439522 15.336678 29
7.6768875 -46.941978 15.951862 22
11.690022 -45.631977 14.784235 48
10.139238 -46.063591 15.336211 47
7.5635333 -41.040958 14.02621 19
12.714959 -45.250378 14.836721 53
11.156107 -45.699928 15.355798 61
9.7286406 -46.307892 15.92248 45
7.175035 -41.133739 14.462561 40
13.736463 -44.853287 14.918784 44
12.159303 -45.318893 15.391861 40
10.733563 -45.916271 15.922559 49
9.2484684 -46.309414 16.361752 24
12.877024 -39.082127 13.167253 19
13.183311 -44.954685 15.427454 40
11.745309 -45.532387 15.909511 44
10.264455 -45.92609 16.323597 27
15.784786 -44.059128 15.064299 59
14.199373 -44.556557 15.466464 38
12.749157 -45.145061 15.909321 54
11.269829 -45.602528 16.290648 22
16.819719 -43.696205 15.157205 63
15.197132 -44.167732 15.502031 35
13.745053 -44.745964 15.898156 48
12.263558 -45.238892 16.248646 24
17.830156 -43.292488 15.240502 53
16.195799 -43.776787 15.545472 54
12.868684 -39.013462 13.986076 23
13.286893 -44.921314 16.232525 55
18.841579 -42.87598 15.323741 63
17.209383 -43.37928 15.600994 49
15.743795 -43.994495 15.916943 43
12.469193 -39.215477 14.263074 13
19.875353 -42.524017 15.44337 49
18.213522 -43.013607 15.662575 46
16.745497 -43.615288 15.939693 55
15.26911 -44.197277 16.185287 58
18.265923 -37.023418 13.675239 17
19.203978 -42.596954 15.726827 53
17.719284 -43.215034 15.953309 49
16.269043 -43.855137 16.18243 50
21.895781 -41.698627 15.667022 33
20.195484 -42.197514 15.797997 41
18.724756 -42.848438 16.000172 42
17.250795 -43.468662 16.168219 58
22.877863 -41.219223 15.764753 51
18.569775 -36.811615 13.985215 20
19.713556 -42.457848 16.039749 40
18.246967 -43.088326 16.177229 61
23.894768 -40.807117 15.903954 51
22.24992 -41.475628 16.00559 50
18.1175 -36.997402 14.151546 17
19.243177 -42.717079 16.183832 54
24.92239 -40.398514 16.045313 51
23.274986 -41.095985 16.115244 46
21.726385 -41.686016 16.152662 41
20.253948 -42.363514 16.207359 41
24.30402 -40.713806 16.224112 53
22.745575 -41.314522 16.224356 44
18.550779 -36.830524 14.237524 34
25.204613 -40.093151 16.26512 36
23.766766 -40.923805 16.305372 58
22.233877 -41.513062 16.235992 37
21.073185 -29.666321 12.553818 13
23.154915 -35.160618 14.545622 22
24.809628 -40.540943 16.427086 46
23.258873 -41.123913 16.30896 65
21.804512 -29.222878 12.654842 40
23.993025 -34.664356 14.612333 16
24.288897 -40.736225 16.356668 56
21.325092 -29.488344 12.67802 41
25.212317 -40.147709 16.332619 53
21.001106 -29.779522 12.674425 16
23.149504 -35.156506 14.508573 46
19.913847 -23.303638 10.825069 22
19.075727 -24.113781 10.802475 18
21.676453 -29.284662 12.683276 48
19.680361 -23.734873 10.866796 51
20.537874 -26.51877 11.706776 13
21.321161 -29.500839 12.547328 59
19.299086 -23.871832 10.740019 45
17.650272 -18.130257 9.1088839 73
19.885681 -23.461283 10.771914 32
17.555759 -17.247675 8.9077425 19
17.293819 -18.311966 8.9944468 72
19.669857 -23.725437 10.622539 64
17.0835 -16.06542 8.5412598 28
17.795071 -17.984194 9.0613518 56
16.711784 -15.031532 8.2370291 26
17.336786 -16.760561 8.6756859 23
17.593441 -18.197506 8.9286842 88
15.122508 -13.056598 7.382277 53
16.939257 -15.667654 8.3329897 20
17.524677 -17.316935 8.7097855 24
17.35326 -18.325289 8.710391 98
15.377354 -12.673191 7.3993406 78
15.117756 -13.43232 7.3547778 8
17.136707 -16.20093 8.3554392 23
17.823055 -17.954859 8.7260637 52
15.765851 -12.393736 7.4801607 62
15.119564 -12.833094 7.2358847 89
16.722441 -15.111787 8.0056925 25
17.248846 -16.619207 8.2664986 22
15.422777 -11.582195 7.2378516 28
15.587142 -12.607011 7.3356204 128
15.107468 -13.099277 7.1334906 52
16.874727 -15.530273 7.9190593 24
14.831193 -10.642821 6.8949289 48
15.483233 -11.952945 7.1836019 42
15.371445 -12.710421 7.1244698 115
15.13925 -13.367864 6.9920464 20
14.612411 -9.9963846 6.7263875 55
15.005516 -11.064222 6.8781376 40
15.396034 -12.13926 7.0169034 43
15.191737 -12.789292 6.8755221 100
14.385219 -9.3770761 6.5606256 52
14.732446 -10.356021 6.6707249 60
15.127395 -11.374731 6.7905769 50
15.54481 -12.463534 6.8939281 69
14.144203 -8.7722912 6.3988142 62
14.472854 -9.694335 6.4793987 73
14.835506 -10.636751 6.5642872 60
15.214779 -11.631526 6.631536 46
13.122482 -7.7630377 5.9097948 29
14.241764 -9.0803881 6.3075967 53
14.592702 -9.9654846 6.3682823 55
14.939315 -10.887939 6.4012618 62
13.003813 -7.3025961 5.8120112 69
13.15841 -8.0031452 5.7904077 2
14.356135 -9.328846 6.1848679 64
14.675856 -10.179645 6.189095 54
13.357717 -7.0950775 5.9144139 92
13.050489 -7.5303283 5.6874108 85
14.099583 -8.7093439 6.0001731 67
14.430386 -9.5186357 5.9942908 59
13.386017 -6.7195568 5.8868499 75
13.207491 -7.2135906 5.6950016 84
13.130301 -7.7176328 5.5418892 72
14.213071 -8.9052591 5.8179221 55
13.225908 -6.2662706 5.783638 79
13.525846 -6.9729395 5.772048 87
13.089037 -7.2816105 5.4595437 86
13.159596 -7.8425746 5.3306956 43
13.060198 -5.8312144 5.6798429 70
13.513658 -6.5742593 5.7177448 81
13.517276 -7.0943589 5.5645423 91
13.044445 -7.3558865 5.2145495 85
13.080797 -5.4847627 5.6578074 66
13.402433 -6.1383801 5.6280351 86
13.650431 -6.7536535 5.5575786 83
13.401846 -7.129283 5.2776141 92
13.023623 -5.1142402 5.6073852 70
13.23619 -5.7003145 5.5197005 83
13.464949 -6.2735462 5.4312038 85
13.644681 -6.8342614 5.2991014 89
12.875086 -4.7222147 5.5228033 72
13.064974 -5.2693877 5.4166975 83
13.285765 -5.8140821 5.3127885 86
13.468081 -6.3447695 5.1725516 82
12.735517 -4.3448853 5.4440536 63
12.924265 -4.867146 5.3278341 85
13.119285 -5.3731217 5.2055798 81
13.295385 -5.8771462 5.0531859 83
12.59126 -3.9757979 5.3683548 69
12.773968 -4.4743919 5.2379808 84
12.96875 -4.9533844 5.1085949 84
13.144677 -5.4314346 4.9470754 84
3.4183664 -1.1433482 1.6905092 13
12.629073 -4.0903354 5.1561823 71
12.826163 -4.5522485 5.0157185 79
13.003933 -5.0042038 4.8480759 87
3.5118015 -1.0686921 1.7238047 56
3.3900294 -1.1651852 1.605438 3
12.622386 -4.1450796 4.9063835 40
12.824372 -4.5808663 4.7408247 71
3.6322143 -0.99570912 1.7672744 43
3.5025878 -1.0946169 1.6408626 52
12.546768 -3.7886517 4.8471546 85
12.693203 -4.1891761 4.6530499 61
3.7605324 -0.92132884 1.8147879 41
3.6058464 -1.0174977 1.6731927 46
3.4885528 -1.1027793 1.5517995 48
12.551172 -3.800988 4.5682187 80
3.8765612 -0.8405475 1.8581876 39
3.7360404 -0.94004261 1.7177041 39
3.6008015 -1.0252351 1.5841886 51
3.497303 -1.1058559 1.4628668 50
4.0033474 -0.7552219 1.9076383 33
3.8690908 -0.85945004 1.7622199 38
3.7369695 -0.9465155 1.6247343 38
3.6144722 -1.0260918 1.4922783 52
4.1319361 -0.66580337 1.958082 14
3.9967678 -0.77110529 1.8066622 35
3.8648229 -0.86119026 1.6641921 39
3.746448 -0.94259733 1.5267725 47
11.58303 -1.4217215 4.9062819 66
4.1373978 -0.68212181 1.8561894 17
4.0035434 -0.77332944 1.7077115 35
3.8913298 -0.85746682 1.5663465 44
11.533921 -1.1439025 4.8896132 79
11.579196 -1.4514107 4.6383739 69
4.1429896 -0.67944008 1.7502052 16
4.035975 -0.76734793 1.6068931 38
11.44014 -0.87131423 4.8546596 87
11.557944 -1.1702631 4.6258712 95
11.615527 -1.4421375 4.376545 79
4.1470785 -0.66486984 1.6351525 5
11.327366 -0.59864455 4.815578 86
11.438564 -0.88393158 4.5786786 88
11.554633 -1.1459384 4.3467021 91
11.659414 -1.3995665 4.0956078 101
11.217942 -0.33380219 4.7805567 89
11.342521 -0.60545129 4.5416827 89
11.448935 -0.85293472 4.3025708 94
11.540876 -1.088187 4.044302 83
11.13774 -0.074519537 4.75776 87
11.233592 -0.32958344 4.5046129 93
11.33839 -0.56316394 4.2584229 92
11.436713 -0.78510451 3.9991336 93
11.026537 0.18525542 4.7267523 89
11.115879 -0.058144849 4.4655046 90
11.217092 -0.27890161 4.2152295 89
11.316924 -0.48978326 3.950897 92
10.928761 0.43568245 4.7008805 89
11.026491 0.20568527 4.4376254 91
11.13015 -0.0029588195 4.1843085 89
11.194251 -0.19757585 3.9076564 92
10.840143 0.68256146 4.6790886 88
10.942256 0.46578026 4.4147997 88
11.026402 0.26916564 4.1492929 90
11.113035 0.084636144 3.8747454 91
10.76954 0.92833894 4.6664248 84
10.845257 0.72124732 4.3879104 87
10.927807 0.53755623 4.1193309 89
11.004924 0.36455813 3.8386633 86
10.658313 1.1671205 4.6405191 84
10.752276 0.97592551 4.3650522 48
10.826456 0.80081147 4.089375 60
10.902922 0.64178747 3.8066363 92
10.582389 1.4024843 4.6273966 84
10.661795 1.22256 4.3437705 84
10.730336 1.060163 4.0639882 42
10.816266 0.91158456 3.7812564 37
10.496106 1.6425411 4.615664 75
10.55828 1.4687514 4.3198924 75
10.636186 1.3198198 4.042109 58
10.702571 1.1832994 3.7521887 84
10.402184 1.8752156 4.6009154 63
10.470684 1.7157449 4.306118 68
10.544263 1.5745826 4.0212684 63
10.603212 1.4477023 3.7272522 71
10.322297 2.1065869 4.5932674 60
10.384327 1.9577912 4.292376 56
10.440454 1.8267847 4.0003605 63
10.508029 1.7083092 3.7043626 72
10.233531 2.3355274 4.5835724 48
10.287287 2.1933157 4.2755938 56
10.354774 2.0758674 3.9855902 58
10.403947 1.9665004 3.6824253 57
10.122178 2.5563583 4.565764 41
10.216797 2.4371686 4.2729511 51
10.255263 2.3212914 3.9697449 49
10.319637 2.2286785 3.6706023 46
10.033587 2.7813206 4.5590906 33
10.121775 2.6718144 4.2611876 42
10.179533 2.5708811 3.9620402 40
10.200861 2.4801745 3.6485994 40
9.9518642 3.0086358 4.5574522 27
10.006096 2.8994572 4.2443194 37
10.079896 2.8183346 3.9521856 34
10.102811 2.7367039 3.6367121 33
9.8838816 3.240648 4.5648837 21
9.9129391 3.1362307 4.2395597 30
9.9686298 3.0582149 3.9382894 36
10.004946 2.9892421 3.6258461 38
9.798398 3.4627874 4.5642457 21
9.837718 3.373884 4.2419167 39
9.8693676 3.2976844 3.9294767 38
9.9139481 3.2441337 3.6200156 36
8.9663754 3.4249535 4.2418308 24
9.0334673 3.3585386 3.9505823 30
9.0514069 3.2947955 3.6549921 33
9.130455 3.265085 3.3777835 1
8.8935232 3.6306608 4.2461896 23
8.9551439 3.5769265 3.9535441 30
8.9797153 3.5234311 3.657649 39
9.0054274 3.4880042 3.3616755 41
8.8211956 3.8391793 4.2515097 25
8.8694096 3.7908609 3.954062 38
8.9002495 3.7497492 3.659466 42
8.9234514 3.722285 3.3627539 39
9.4520073 4.3469186 4.5753121 20
9.4903908 4.2989807 4.246798 44
9.5258284 4.2690053 3.9341793 51
9.5587158 4.2518864 3.6153667 51
9.3467703 4.5631604 4.5774145 27
9.4051123 4.5372171 4.2568111 52
9.4254446 4.5104871 3.9359615 55
9.4499102 4.5019784 3.6170516 51
9.272995 4.7909517 4.5924368 35
9.3092184 4.7679286 4.2636728 52
9.3349676 4.7534661 3.9437997 62
9.3578787 4.7568841 3.6228216 56
9.2069817 5.0231447 4.6135354 46
9.2172966 4.9988418 4.2727036 58
9.2423716 4.9983692 3.9538553 68
9.2512827 5.0021019 3.6268802 68
9.1194992 5.2442675 4.6238828 56
9.1380758 5.2353888 4.2870317 63
9.1392288 5.2337513 3.9600317 72
9.1562128 5.2569051 3.6370168 69
9.0385408 5.4747515 4.6442232 73
9.0547457 5.4747443 4.3043017 75
9.0486345 5.4797425 3.9732108 72
9.0553408 5.5093994 3.6480851 75
8.9480181 5.6987162 4.659492 80
8.9586573 5.7104673 4.320478 80
8.9647045 5.7330747 3.993382 81
8.9639635 5.7723837 3.6661618 81
8.8573885 5.9246955 4.677752 86
8.8625746 5.9461913 4.3366561 84
8.8648891 5.9836626 4.0124722 83
8.8558626 6.0285845 3.6821849 84
8.7663326 6.1577129 4.7000132 86
8.7718716 6.1922555 4.3598704 86
8.7670164 6.2333798 4.0316296 85
8.7572765 6.2932954 3.7032659 85
8.6763191 6.3887987 4.7233119 89
8.673461 6.4319482 4.3810735 86
8.669035 6.4851112 4.0537767 86
8.6615229 6.5611653 3.7283509 88
8.5918274 6.6291928 4.7525992 87
8.5866165 6.6793103 4.4085469 84
8.5732517 6.7443385 4.0805135 50
8.5605593 6.8270936 3.7528646 36
8.5014687 6.8666186 4.7833929 87
8.4851255 6.9250817 4.4366765 85
8.4697952 7.0017052 4.1088805 78
8.4543571 7.1013541 3.7829742 91
8.4116812 7.1064916 4.8113832 87
8.3914461 7.1808357 4.46873 86
8.3696136 7.2642097 4.1381922 85
8.3474827 7.3746247 3.8125234 90
8.3102379 7.346056 4.8414636 89
8.2941856 7.435658 4.5009336 87
8.2705269 7.5359912 4.1753035 88
8.2391081 7.6529603 3.846483 88
8.2123756 7.592854 4.876523 93
8.1812096 7.6857209 4.5307579 91
8.1644897 7.8084278 4.2109456 90
8.136157 7.9445777 3.8859918 89
8.1126385 7.8385611 4.9112744 92
8.0911751 7.9579539 4.5744452 91
8.0516281 8.0775375 4.2454963 90
8.0174713 8.2304478 3.9244223 91
7.9820247 8.0617199 4.9309292 76
7.9939952 8.2328625 4.6191707 93
7.9576063 8.3696318 4.294261 93
7.9102044 8.5279036 3.9681756 92
7.8062921 8.2456074 4.9288807 64
7.8890996 8.5013847 4.6601806 96
7.8411484 8.6496344 4.3371401 94
7.7966785 8.8300934 4.0159674 95
7.6867814 8.4853735 4.9619336 78
7.7894678 8.7852135 4.7111425 96
7.7358575 8.9482059 4.3879852 95
7.6787734 9.1420841 4.067657 99
7.5814328 8.7448511 5.0069494 85
7.6855555 9.0768433 4.7660127 97
7.5779047 9.2001324 4.4176941 66
7.1785779 9.0287466 3.9358854 44
7.4898229 9.0300713 5.0649338 80
7.3822618 9.1523275 4.7096214 50
6.9781408 8.9566355 4.2159009 56
6.855432 9.0983629 3.8894095 89
7.176085 9.0729599 4.9906559 44
6.8596592 8.966629 4.5250897 82
6.8017178 9.1736631 4.2377081 88
6.7137475 9.3822308 3.9381225 91
6.8147364 9.0453901 4.8824296 86
6.7508802 9.2520866 4.5830102 88
6.6694002 9.4499626 4.2865186 90
7.1631479 10.446288 4.3089476 87
6.7067747 9.3138533 4.9374366 82
7.0661831 10.085419 4.9091868 80
7.1282468 10.519752 4.6907544 87
7.0222683 10.785647 4.3769326 81
7.0539985 10.181116 5.3038845 58
6.9478493 10.399672 4.9770083 77
6.9846678 10.842712 4.7569904 90
6.8776755 11.143414 4.4525437 94
6.9213552 10.463258 5.3586984 66
6.8240242 10.726379 5.0496311 71
6.7655845 11.067657 4.780673 67
6.7455702 11.532804 4.5407043 82
6.8267536 10.81147 5.4488163 67
6.6986752 11.064128 5.1288743 72
6.5806279 11.356418 4.832778 78
6.5918703 11.912493 4.6262035 96
6.8045268 11.294967 5.6086082 70
6.5705957 11.422218 5.2206397 77
6.4378171 11.728871 4.9254589 77
6.3730659 12.219226 4.6889157 79
6.6848993 11.650249 5.6984682 67
6.4357057 11.786762 5.3121595 76
6.3021598 12.128466 5.0278277 74
6.1510921 12.520476 4.7482638 84
6.5574498 12.012296 5.7934623 65
6.3481464 12.249057 5.4469738 72
6.1535592 12.535651 5.1332541 77
5.9932723 12.960218 4.861093 67
6.4005318 12.336698 5.8687439 70
6.2659373 12.744387 5.5940638 77
5.9947309 12.94005 5.2343593 75
5.8255677 13.402283 4.972013 64
6.2528429 12.710934 5.967001 75
6.1097512 13.149352 5.7030468 79
5.8821259 13.475453 5.3940687 89
5.6358848 13.855787 5.0937037 78
6.1127295 13.115346 6.0796018 64
5.9485464 13.576823 5.8223553 76
5.7785125 14.077122 5.5778413 92
5.4587779 14.367676 5.2363286 67
5.9479823 13.499429 6.182826 73
5.7820568 14.017138 5.9462824 83
5.5777421 14.528948 5.705112 79
5.206696 14.761943 5.3405867 72
5.7778697 13.913644 6.301579 70
5.5988379 14.474725 6.0797124 75
5.3088655 14.837875 5.7738953 81
4.7575922 14.65315 5.2619376 66
5.6130767 14.350885 6.4271626 71
5.3884287 14.882728 6.189137 104
4.8432736 14.667244 5.6596055 76
4.5009151 15.048128 5.3665376 73
5.4391332 14.819922 6.5667748 88
4.9294114 14.698359 6.0572796 87
4.5543103 14.928363 5.7169876 83
4.6947913 16.862513 5.9795709 71
5.0394735 14.747766 6.4698133 77
4.5890646 14.786491 6.0395603 83
4.7492957 16.670588 6.3404541 73
4.4398923 17.497149 6.1740355 68
4.6449456 14.6676 6.3725924 73
4.3812547 15.276006 6.1910028 7
4.5123491 17.280098 6.5292706 74
4.1691623 18.16111 6.3781605 59
4.4447732 15.122313 6.5117149 53
4.570991 17.07823 6.8702078 85
4.2593722 17.933922 6.73911 53
3.8881698 18.898008 6.6133466 65
4.6396847 16.868891 7.204936 68
4.3246722 17.686377 7.071126 71
3.9906561 18.627258 6.9676051 59
3.581192 19.684772 6.8728995 58
4.4096727 17.452726 7.3958383 70
4.0713305 18.3403 7.2854481 60
3.6980164 19.347511 7.2043304 48
3.2463884 20.476294 7.133265 78
4.1705837 18.07736 7.6038208 56
3.800909 19.050739 7.525712 42
3.3928201 20.139542 7.4707398 54
2.7075858 20.313562 7.0642557 94
3.9450066 18.846163 7.8693972 3
3.5602496 19.986303 7.8503966 14
2.9701591 20.460716 7.5632524 104
2.2714052 20.684275 7.1815524 25
3.1866603 20.500324 8.0173187 99
2.4644537 20.363688 7.5082588 74
2.683985 20.340979 7.9201508 86
2.9518805 20.500074 8.405344 91
2.2688203 20.709482 8.0353537 34
1.1263726 25.47332 8.8571844 39
2.4690604 20.369818 8.3095732 60
2.0768969 22.990288 8.8945131 21
1.4058869 24.578163 9.0233545 22
0.51767349 25.460716 8.8671856 69
2.0945876 20.947744 8.5032158 7
1.6489526 23.907803 9.2264652 24
0.8979196 25.59811 9.3979788 68
-0.07692942 25.878889 9.0330801 77
1.8908067 23.237993 9.3958359 22
1.2441392 25.624701 9.8662205 35
0.31495234 25.851513 9.49088 30
-0.69808811 25.617441 8.9715033 79
1.519962 24.78138 9.985199 27
0.65223438 25.522699 9.8178596 85
-0.28471401 25.858608 9.5049009 67
-1.3045214 25.39641 8.9230289 83
1.0299637 25.668032 10.309815 77
0.092646293 26.013905 9.9958057 94
-0.88664401 25.609699 9.4279976 65
-1.8970865 25.168036 8.8780489 73
0.45747247 25.534498 10.224483 36
-0.50071728 25.795321 9.9086504 64
-1.4716028 25.358591 9.3529425 74
-2.4829738 24.921227 8.8338928 89
-0.092988469 25.977051 10.376522 84
-1.0754807 25.594856 9.8264885 94
-2.0471509 25.12916 9.288866 65
-3.0586834 24.715914 8.8077812 100
-0.66707706 25.788538 10.281236 71
-1.6504829 25.380367 9.7513304 84
-2.6118426 24.906218 9.2338963 77
-3.6263592 24.509989 8.7827387 83
-1.2370052 25.557068 10.176315 67
-2.2106416 25.150488 9.6724768 97
-3.1725588 24.663425 9.1790867 103
-4.0790858 23.536276 8.4890366 97
-1.7942353 25.352295 10.082321 73
-2.7682464 24.92881 9.6035538 95
-3.7234137 24.451378 9.1380701 90
-4.735414 24.045835 8.7339582 73
-2.3460839 25.135342 9.9901075 86
-3.3151867 24.731192 9.5425167 89
-4.1674147 23.516304 8.828476 97
-5.287643 23.87077 8.7381639 89
-2.8883972 24.931271 9.9084787 66
-3.8585393 24.542353 9.494586 85
-4.8118668 24.053041 9.0784235 74
-5.8346539 23.668941 8.7363739 82
-3.4230869 24.712557 9.8269053 104
-4.276474 23.519733 9.129735 73
-5.3480868 23.859562 9.0588341 77
-6.3702221 23.457621 8.736763 92
-3.842694 23.647614 9.4101772 9
-4.9197192 24.117702 9.3915024 88
-5.8754096 23.647644 9.0362053 105
-6.9029832 23.271654 8.7479801 92
-4.3602896 23.529163 9.3771458 67
-5.4468102 23.903561 9.349987 79
-6.4041033 23.462585 9.0276222 80
-7.4405503 23.078272 8.7674646 87
-4.9997759 24.108995 9.6273327 96
-5.970367 23.714518 9.3206739 80
-6.9277601 23.251598 9.0174389 109
-7.9728184 22.876026 8.786212 80
-5.5243621 23.904726 9.5752411 88
-6.4923515 23.516514 9.2956371 89
-7.4564753 23.06641 9.0234537 82
-8.5013208 22.684923 8.8144064 92
-6.0380177 23.706911 9.5234537 85
-7.0097599 23.309664 9.2698593 81
-7.9735913 22.869823 9.0274372 77
-9.0247192 22.469219 8.8392248 81
-6.5541487 23.536303 9.4890108 78
-7.527597 23.129114 9.2573519 84
-8.495656 22.690233 9.0398426 90
-9.5548401 22.286417 8.880558 79
-7.0668964 23.335896 9.449501 88
-8.0424128 22.946812 9.249711 79
-9.0023394 22.482325 9.0444469 90
-9.797287 21.429893 8.6492281 77
-7.5647483 23.138966 9.4096785 72
-8.5507298 22.755459 9.242074 81
-9.5455017 22.347002 9.0901184 71
-10.610701 21.918222 8.9704113 82
-8.0816078 22.965776 9.3877192 70
-9.065527 22.577541 9.2409878 79
-9.7710171 21.455191 8.8265553 76
-11.144608 21.728197 9.0281162 88
-8.583024 22.75676 9.3578091 85
-9.5818863 22.38299 9.2469845 83
-10.602901 22.008312 9.1620169 83
-11.695354 21.573364 9.104847 86
-9.0906343 22.570436 9.3409739 83
-9.7866306 21.455631 8.9486055 79
-11.110511 21.776258 9.1842403 109
-12.23489 21.380341 9.17138 93
-9.6013308 22.376562 9.328351 89
-10.610104 21.995749 9.2703199 99
-11.640965 21.589874 9.2313833 89
-12.760346 21.166046 9.2329369 89
-9.8035765 21.444468 9.0095997 86
-11.131124 21.813143 9.2931595 83
-12.171149 21.404861 9.2823868 62
-13.296928 20.963776 9.3070574 65
-10.616183 21.974281 9.3093662 80
-11.649302 21.610624 9.3141022 77
-12.704102 21.216 9.3348341 81
-13.860806 20.78882 9.4040346 75
-11.134266 21.796 9.3166618 75
-12.164242 21.405552 9.338542 79
-13.237296 21.011234 9.3921766 74
-14.405119 20.582638 9.4863615 94
-11.650368 21.596716 9.321187 62
-12.690977 21.21492 9.3750067 75
-13.77168 20.809347 9.4536695 84
-14.95646 20.375109 9.5787697 93
-12.177546 21.417984 9.3395929 74
-13.218966 21.008226 9.4115124 86
-14.312055 20.606251 9.5210524 86
-15.500546 20.140944 9.6702452 49
-12.694487 21.213724 9.3531036 77
-13.751433 20.810415 9.4568853 90
-14.872159 20.416349 9.603199 76
-15.571238 19.288754 9.4587021 62
-13.222563 21.011009 9.375515 73
-14.293086 20.615238 9.5111732 89
-15.409434 20.18943 9.673667 67
-16.656464 19.74481 9.9003754 80
-13.767986 20.834579 9.4117002 76
-14.844646 20.416628 9.5724268 80
-15.47464 19.329376 9.4422112 71
-17.241993 19.535923 10.024455 51
-14.297975 20.628801 9.4401321 87
-15.379126 20.196739 9.6228943 76
-16.550882 19.788761 9.8639412 94
-17.835331 19.321707 10.155508 76
-14.842835 20.418386 9.4794865 88
-15.448678 19.345436 9.3793688 80
-17.138704 19.58869 9.9689655 81
-18.44175 19.10792 10.293471 77
-15.391815 20.209805 9.5228071 60
-16.53306 19.80937 9.7870359 71
-17.718445 19.364937 10.074174 75
-19.065014 18.88736 10.446385 77
-15.454826 19.352032 9.2630663 78
-17.095289 19.583759 9.8651676 72
-18.323589 19.150675 10.199984 78
-19.684731 18.658669 10.603186 47
-16.522943 19.794571 9.6380892 67
-17.685575 19.372482 9.9562922 79
-18.926224 18.92095 10.321111 61
-20.317274 18.420736 10.764151 58
-17.112566 19.593239 9.7091713 65
-18.296989 19.161293 10.062275 90
-19.567078 18.71357 10.462882 59
-20.434736 17.694935 10.648712 42
-17.696152 19.370152 9.7773905 75
-18.891006 18.921839 10.1585 54
-20.199673 18.479538 10.602827 86
-20.945253 17.338667 10.746078 43
-18.29211 19.134827 9.8470516 71
-19.527485 18.706785 10.274519 54
-20.332937 17.763018 10.471123 34
-20.529459 16.213491 10.366609 34
-18.910881 18.914537 9.9357567 73
-20.173883 18.474279 10.399254 80
-20.870104 17.430496 10.569183 60
-20.115971 15.145433 10.009621 29
-19.569281 18.71562 10.047769 83
-20.327127 17.781898 10.268293 36
-20.56999 16.384634 10.237271 23
-18.329283 13.112389 8.963357 14
-20.214474 18.474945 10.152897 77
-20.8536 17.434078 10.341258 56
-20.145098 15.302551 9.8585157 19
-18.392464 12.548434 8.8854876 86
-20.310646 17.723648 9.9741774 52
-20.587296 16.412289 10.014923 20
-18.342533 13.23662 8.8055496 9
-18.862196 12.270171 9.0188637 70
-20.861067 17.390207 10.04024 54
-20.140352 15.304275 9.6152315 22
-18.313904 12.597843 8.6674595 72
-18.427568 11.400166 8.7068558 43
-20.499699 16.282995 9.6591301 29
-18.349222 13.240944 8.5776501 8
-18.711603 12.2675 8.7429848 80
-18.179842 10.690249 8.4973812 53
-20.085337 15.198574 9.2712326 24
-18.292223 12.575095 8.4130316 84
-18.451288 11.504523 8.5065241 37
-17.934532 10.008123 8.2990007 51
-18.321358 13.157366 8.2686729 17
-18.702553 12.247507 8.4820013 85
-18.169052 10.764887 8.2721004 41
-17.980433 9.5222464 8.2487888 34
-18.332033 12.531556 8.1263113 80
-18.444836 11.48465 8.2390785 49
-18.225693 10.253489 8.2087059 44
-18.691553 12.168742 8.153758 60
-18.485418 10.934098 8.1473436 28
-18.798372 11.635031 8.0705652 30
-16.116953 7.1869516 7.1908364 55
-16.165409 6.7942209 7.1692314 64
-16.650429 6.5862551 7.3557529 70
-16.14035 6.8153419 6.9004092 67
-16.604761 6.157825 7.2990851 63
-16.067286 7.1560793 6.6425571 74
-16.635248 6.6058469 7.0737801 90
-16.177828 7.5490909 6.4381666 7
-16.170759 6.7714224 6.6263771 69
-16.567175 6.1599197 6.9960012 71
-16.001205 7.0239844 6.290729 79
-16.661282 6.5539122 6.7770452 100
-16.357393 5.6755662 6.8600435 83
-16.022964 4.785655 6.947309 75
-16.309891 6.7245998 6.3517461 64
-16.502411 6.0673475 6.6562772 87
-16.178722 5.2150378 6.7473702 91
-15.868629 4.3721905 6.8573251 71
-16.627317 6.4229841 6.4179821 85
-16.312496 5.5853114 6.5289464 93
-16.013172 4.7778764 6.6436663 88
-15.702818 3.9689949 6.766469 81
-16.415359 5.9132419 6.2777491 65
-16.130014 5.1201715 6.4150171 92
-15.852991 4.3557386 6.5501032 85
-15.568667 3.5826113 6.6983094 74
-16.237509 5.4314752 6.1524167 75
-15.979378 4.6809769 6.3116918 73
-15.707613 3.9451821 6.4655819 74
-15.422686 3.2054644 6.6257563 77
-16.053673 4.9601088 6.0337763 82
-15.78694 4.2445922 6.1997194 80
-15.564449 3.5521059 6.3822594 81
-15.267673 2.8360047 6.5504112 77
-15.882772 4.5131497 5.9238787 79
-15.667207 3.8375292 6.1220269 76
-15.406676 3.1668904 6.2985892 81
-15.159933 2.4877074 6.4991026 67
-15.716439 4.078373 5.8203578 81
-15.498452 3.4338679 6.0272903 86
-15.275779 2.7945142 6.2299771 81
-15.020406 2.1427286 6.4363861 64
-15.583632 3.6667936 5.7337976 69
-15.357766 3.0468183 5.9458122 85
-15.122112 2.4313622 6.152626 82
-13.984972 1.6919049 5.97086 70
-15.426824 3.2616632 5.6428351 78
-15.190019 2.6631234 5.8611321 83
-14.084228 1.9483291 5.7020378 2
-12.656022 1.2568498 5.3751025 2
-15.258453 2.8657539 5.5537615 82
-15.049207 2.297044 5.7907338 89
-13.954473 1.6238376 5.6453786 56
-12.561007 0.98690349 5.3409748 1
-15.106663 2.4811714 5.4745812 81
-13.965076 1.8112304 5.3395762 53
-12.610604 1.1896567 5.0698423 4
-12.457007 0.71947104 5.3060255 1
-14.977673 2.1126795 5.408278 71
-12.681745 1.3531556 4.8132181 2
-12.520553 0.91422397 5.0340862 1
-12.326583 0.45882311 5.2582636 2
-12.6717 1.4803032 4.517127 2
-12.560753 1.0631568 4.7615504 1
-12.386243 0.63886511 4.9824605 2
-12.275704 0.20581433 5.2500296 3
-12.601621 1.1860701 4.4823947 2
-12.465129 0.78015369 4.7231398 2
-12.286473 0.37412992 4.9471855 2
-12.123334 -0.046505276 5.1981926 4
-12.459218 0.89222521 4.4217062 1
-12.361743 0.50464201 4.6841493 1
-12.204889 0.11372452 4.9240294 1
-12.057543 -0.29154074 5.1879039 4
-12.400564 0.60863245 4.397532 1
-12.244509 0.23359779 4.6413321 1
-12.133601 -0.14244601 4.9068151 1
-12.110291 -0.53831345 5.2347636 2
-12.281813 0.32540902 4.3537703 1
-12.158681 -0.033061467 4.6152625 2
-12.036339 -0.39655426 4.8807702 2
-13.837529 -0.90788293 6.0623107 73
-12.194546 0.04979343 4.3247499 1
-12.053988 -0.29578304 4.5842738 1
-12.628373 -0.68437535 5.1569247 2
-13.730256 -1.1852857 6.0443382 90
-12.076401 -0.22199048 4.2857795 1
-13.938749 -0.65244138 5.3665042 2
-13.758235 -1.0459337 5.6755271 88
-13.617268 -1.4561031 6.0253429 89
-12.002566 -0.4897618 4.2665029 2
-13.800293 -0.95130259 5.3298025 84
-13.664654 -1.3308074 5.6604371 84
-13.520413 -1.7268069 6.0172071 89
-13.797018 -0.88174182 4.9645128 48
-13.690275 -1.2445261 5.3068709 84
-13.564346 -1.6104301 5.6463785 85
-13.410813 -1.9909841 6.0021458 90
-13.692472 -1.186239 4.9405928 89
-13.572402 -1.5343845 5.2829804 82
-13.45017 -1.88642 5.6284008 94
-13.319335 -2.2549489 5.9999547 91
-13.569071 -1.486865 4.9137883 79
-13.454773 -1.8192456 5.260066 92
-13.340079 -2.1615725 5.6163898 92
-13.220002 -2.5155473 5.9968038 91
-13.453939 -1.7828455 4.8929043 92
-13.346208 -2.104485 5.2470884 87
-13.2432 -2.4333169 5.6092701 95
-13.124656 -2.7773118 5.9986291 86
-13.338887 -2.0778108 4.8760147 86
-13.232872 -2.3845067 5.232121 93
-13.144323 -2.705946 5.6071577 99
-13.021514 -3.0347223 5.9974427 89
-13.233137 -2.3681827 4.8639545 101
-13.132616 -2.6660905 5.2279453 92
-13.023902 -2.9686027 5.596014 89
-12.922609 -3.2883115 6.0001664 92
-13.130741 -2.6611984 4.8554611 96
-13.03189 -2.9451289 5.224421 100
-12.941558 -3.2414229 5.6053615 94
-12.834998 -3.5458541 6.0104537 90
-13.012247 -2.9449327 4.8455186 99
-12.916944 -3.2169769 5.2164507 102
-12.840013 -3.5058043 5.607326 92
-12.737063 -3.7973235 6.0183992 97
-12.907633 -3.2301579 4.8427091 95
-12.8248 -3.4938514 5.2235074 97
-12.73751 -3.7683101 5.6123848 95
-12.64602 -4.0514345 6.032331 97
-12.802076 -3.5147996 4.8438711 100
-12.723646 -3.7706609 5.2306032 93
-12.635063 -4.0300312 5.6214223 107
-11.77669 -4.0208025 5.6495156 93
-12.690651 -3.7961645 4.8440576 96
-11.921962 -3.8038883 4.9265862 2
-11.762395 -4.0110564 5.2626376 93
-11.692452 -4.2601333 5.6692386 93
-12.569442 -4.07482 4.8451805 106
-11.737033 -4.0294385 4.8988771 91
-11.679828 -4.2591825 5.2803087 94
-12.362309 -4.810874 6.0869222 89
-11.71722 -4.0791101 4.5452447 90
-11.646011 -4.2852411 4.9126706 92
-12.334976 -4.8194771 5.6661334 96
-12.270531 -5.0636325 6.1096749 97
-11.607032 -4.3381176 4.5531487 89
-12.312286 -4.8622441 5.2784696 98
-12.250475 -5.0886416 5.6929135 99
-12.170775 -5.3160806 6.1334896 88
-12.27232 -4.9322233 4.8930473 101
-12.210507 -5.1356478 5.2963901 95
-12.137453 -5.3455052 5.7098408 86
-12.079963 -5.5709214 6.1632504 81
-12.159214 -5.2121124 4.9090757 101
-12.104688 -5.4108353 5.3203464 97
-12.048945 -5.6154661 5.7406516 96
-11.982201 -5.8244419 6.1920538 88
-12.062673 -5.5037289 4.9380379 98
-12.002878 -5.686204 5.3462739 97
-11.946588 -5.8817806 5.7705431 95
-11.88345 -6.0779123 6.2218637 94
-11.94456 -5.784369 4.9581041 100
-11.904799 -5.9687176 5.3802066 100
-11.853079 -6.1524878 5.8063912 95
-11.783572 -6.3353033 6.2586865 89
-11.846915 -6.0799084 4.9940386 100
-11.789203 -6.2404408 5.4061246 96
-11.745744 -6.4205589 5.8401957 95
-11.688747 -6.5939312 6.2973337 92
-11.741427 -6.3720894 5.027977 98
-11.685208 -6.5216708 5.4420724 100
-11.649114 -6.6941009 5.8811259 96
-11.590606 -6.8563766 6.3402944 88
-11.625988 -6.6608005 5.0621738 98
-11.577035 -6.8056879 5.4821973 93
-11.547413 -6.9683986 5.9231625 91
-11.503176 -7.1262994 6.3902111 102
-11.513296 -6.9556246 5.1013846 95
-11.478567 -7.0971303 5.5302997 87
-11.433923 -7.2371516 5.9632788 100
-11.408731 -7.3958898 6.4412031 92
-11.395518 -7.2522011 5.1436586 100
-11.375039 -7.3893433 5.5774546 91
-11.336706 -7.5236235 6.0163641 91
-11.307382 -7.6631613 6.4912338 83
-11.29129 -7.5603714 5.1968884 84
-11.257627 -7.6789002 5.6256957 92
-11.236502 -7.8099408 6.0724998 88
-11.208631 -7.9395256 6.548346 72
-11.176953 -7.8700657 5.2512856 90
-11.140141 -7.9694362 5.6770606 91
-11.131051 -8.1009979 6.1317835 81
-11.113656 -8.2210407 6.6115155 74
-11.066393 -8.1849213 5.3097095 90
-11.040627 -8.2837734 5.7434454 86
-11.013893 -8.3845301 6.1871104 80
-11.00769 -8.5020618 6.673707 64
-10.935225 -8.490839 5.3641396 81
-10.931425 -8.5936642 5.8086534 84
-10.915993 -8.68892 6.2572155 85
-10.898739 -8.7829409 6.7368989 74
-10.821012 -8.821497 5.4355931 89
-10.816071 -8.9052639 5.8770366 83
-10.799309 -8.9854536 6.3225474 86
-10.7983 -9.0771971 6.8090005 66
-10.702873 -9.151968 5.5079775 92
-10.691867 -9.2154379 5.9453478 87
-10.691088 -9.2983217 6.400732 81
-10.687088 -9.3679276 6.8800812 78
-10.58245 -9.4912844 5.58531 87
-10.582747 -9.5492544 6.0275764 86
-10.585541 -9.6202822 6.4848833 94
-10.526455 -9.620429 6.9243102 70
-10.209515 -9.5811157 5.5222907 42
-10.030852 -9.4431925 5.8399787 36
-10.01615 -9.4755812 6.2612562 59
-9.9196053 -9.4121819 6.6446633 41
-9.6865845 -9.5024252 5.3695316 86
-9.6931829 -9.5298214 5.7805066 83
-9.7060509 -9.5754576 6.2075186 79
-9.7185802 -9.6059484 6.6557307 74
-9.5633678 -9.8376036 5.4569445 89
-9.578949 -9.86238 5.8731093 83
-9.5926266 -9.8870382 6.295198 81
-9.6030445 -9.8994322 6.7382102 77
-10.055838 -10.91342 5.9465179 87
-10.056366 -10.900372 6.3794875 87
-10.075656 -10.917136 6.832459 90
-10.111182 -10.933517 7.3153162 62
-9.9022884 -11.278141 6.0462637 79
-9.928607 -11.271268 6.4870815 94
-9.9554405 -11.276369 6.9409595 88
-9.9690161 -11.244781 7.4017692 73
-9.7586088 -11.668303 6.1590867 79
-9.7897387 -11.643641 6.5988026 94
-9.8175526 -11.626794 7.0465784 81
-9.8415346 -11.587668 7.5092492 74
-9.625596 -12.090909 6.2899251 71
-9.6501322 -12.035936 6.7214956 77
-9.6697454 -11.979732 7.1530685 76
-9.7157688 -11.942593 7.6245437 73
-9.4456348 -12.470342 6.400651 80
-9.490345 -12.413292 6.8360457 79
-9.5289125 -12.359937 7.2765002 57
-9.5779734 -12.299948 7.7418528 56
-9.2801037 -12.887398 6.531415 64
-9.3404226 -12.828012 6.9722133 79
-9.3869886 -12.752042 7.407567 33
-9.4428053 -12.674391 7.8668499 51
-9.1193733 -13.339601 6.6819863 58
-9.179862 -13.243289 7.1111536 51
-9.2518978 -13.181454 7.5613918 26
-9.3149033 -13.07715 8.011507 12
-8.9618988 -13.82007 6.8459024 54
-9.0189619 -13.687704 7.2666507 37
-9.0821791 -13.574628 7.6934428 56
-8.7796926 -14.290668 7.0080495 41
-8.8449574 -14.132639 7.4208717 38
-8.9251165 -14.009198 7.8495336 42
-8.6118317 -14.818355 7.2001348 40
-8.6851139 -14.630735 7.6051106 40
-8.7615929 -14.467206 8.019948 16
-8.3591089 -15.226412 7.3380113 50
-8.5086832 -15.134059 7.7946916 37
-8.5990639 -14.952049 8.206399 21
-7.8238144 -15.048537 7.196384 39
-8.0421114 -15.078392 7.7009974 30
-8.2700548 -15.141603 8.2336874 47
-8.5095501 -15.174241 8.783165 38
-7.5343266 -15.392817 7.3109202 28
-7.650238 -15.152192 7.6771111 21
-7.7811618 -14.981383 8.0742483 31
-8.0359879 -15.028787 8.6156397 24
-7.7936893 -17.096291 8.0691862 17
-7.5737543 -15.425256 8.2464323 30
-7.6950879 -15.149866 8.6056309 31
-7.4519315 -18.406191 9.6349773 4
-7.4930744 -17.629574 9.7731733 14
-7.135509 -18.843719 9.8039618 12
-7.2541962 -18.162514 9.9919567 19
-6.4844747 -20.722456 9.5847425 23
-6.8236971 -19.33073 10.001049 16
-7.0277791 -18.793348 10.269228 14
-5.9309664 -20.635208 9.5196676 23
-6.3342299 -20.634708 10.063042 20
-6.5577378 -20.039579 10.308559 14
-6.8899727 -19.81036 10.753767 16
-5.4975638 -21.040352 9.6909084 11
-5.814713 -20.591982 10.00926 19
-6.2497993 -20.712862 10.605257 19
-6.640595 -20.557352 11.087086 15
-5.3807254 -23.142063 10.654027 11
-5.7797184 -22.735489 11.028483 11
-5.7327752 -20.613316 10.518439 15
-6.1844931 -20.650736 11.082523 18
-5.0593204 -24.592546 11.316202 13
-5.4248199 -23.744766 11.498417 14
-5.3498015 -21.078941 10.719451 2
-4.7255592 -20.349367 10.771104 5
-3.1752205 -23.460096 11.81524 6
-3.1615536 -30.004669 15.105124 12
-0.31786978 -31.407101 15.320923 12
1.4465802 -33.47374 15.873359 15
0.39353538 -31.160267 15.243629 14
-1.3112197 -29.835714 15.514165 11
1.0923172 -30.862724 15.152297 17
0.23831224 -31.18714 15.753617 12
-0.66584283 -29.920853 15.54826 11
1.7899818 -30.625509 15.105313 19
0.92700893 -31.047705 15.722302 10
-0.0056738802 -30.102724 15.647882 13
2.4750094 -30.403456 15.073182 12
1.5995761 -30.682222 15.582097 12
0.65404433 -30.1917 15.704447 16
3.15132 -30.175661 15.042391 11
2.2671857 -30.454119 15.516831 17
1.3244307 -30.348761 15.800248 11
2.9238079 -30.195868 15.441902 19
1.9958709 -30.356468 15.830142 11
3.5721138 -29.934864 15.370252 24
2.6661274 -30.39152 15.875266 12
5.6411667 -31.936251 16.231939 14
4.2126374 -29.645988 15.297217 21
3.2967117 -30.068411 15.747668 13
7.7061205 -32.486641 16.444271 13
6.3760033 -31.78245 16.279903 11
4.8641219 -29.483404 15.292076 20
3.9302084 -29.798269 15.652283 14
7.1139574 -31.668598 16.3496 12
5.4915814 -29.21241 15.234772 17
4.5597768 -29.570236 15.583074 18
7.8377738 -31.489397 16.398335 14
6.1309919 -28.996275 15.219877 16
5.1821489 -29.325279 15.50995 15
8.5520945 -31.259249 16.434229 11
6.7622232 -28.778347 15.207994 10
5.8008204 -29.088226 15.451648 14
9.3000021 -31.15591 16.537724 19
7.3772326 -28.509563 15.175822 12
6.4239931 -28.863169 15.40759 22
8.0084982 -28.300491 15.17945 8
7.0377855 -28.637999 15.363037 20
10.670197 -30.56875 16.57021 14
7.6546836 -28.419847 15.334585 18
11.373492 -30.309835 16.621763 12
8.2715502 -28.186956 15.307281 22
12.015366 -29.925177 16.606916 10
10.848888 -30.123323 16.593302 11
8.8836107 -27.963062 15.290883 18
12.604982 -29.434061 16.543192 12
11.489646 -29.781036 16.568565 12
9.5094881 -27.755535 15.289489 12
13.274276 -29.1297 16.588411 10
12.15542 -29.502184 16.58436 14
10.133987 -27.554867 15.296868 10
15.059339 -28.196867 16.5811 11
13.878951 -28.68639 16.560143 11
12.76712 -29.108839 16.54467 11
11.725962 -29.636351 16.589802 7
14.457522 -28.220573 16.52879 9
13.403135 -28.759872 16.538862 10
14.03348 -26.008604 15.465286 9
14.060484 -28.466797 16.573494 8
15.821439 -25.283857 15.697922 24
14.679065 -25.755743 15.560899 15
14.694667 -28.125803 16.586403 11
16.470566 -24.994135 15.826396 19
15.293909 -25.456198 15.628859 19
14.250978 -25.917679 15.495317 12
17.152575 -24.749887 15.990149 19
15.956267 -25.21089 15.748528 18
14.88007 -25.664486 15.559072 13
14.938287 -28.066008 16.525808 12
17.813766 -24.469158 16.140129 15
16.618635 -24.979628 15.875321 18
15.526128 -25.41799 15.638515 11
18.676857 -24.42354 16.455936 9
17.306183 -24.742132 16.01667 17
16.174751 -25.168135 15.72156 22
17.949249 -24.441429 16.126143 18
16.837652 -24.915455 15.823998 21
15.780887 -25.400557 15.538318 8
18.756191 -24.336548 16.380087 13
17.490389 -24.645309 15.917559 14
16.409544 -25.115719 15.581477 11
18.708702 -21.294321 15.387064 26
18.179493 -24.408106 16.046873 13
17.083242 -24.875189 15.665158 21
16.864195 -18.424105 13.647577 21
18.823122 -24.096041 16.141939 15
17.730656 -24.593403 15.73137 20
17.321653 -18.057178 13.732038 55
18.238571 -20.648008 14.832852 12
19.336456 -23.609537 16.12705 18
18.411022 -24.333004 15.824528 24
17.380285 -17.312569 13.524388 18
16.894789 -18.336994 13.489402 33
18.638947 -21.780729 15.181886 16
19.106293 -24.068069 15.926237 21
17.015217 -16.213049 13.01981 24
17.39155 -18.021938 13.583408 51
18.554804 -20.726856 14.752494 20
19.051474 -22.922039 15.444409 9
16.583134 -15.107956 12.491717 26
17.344765 -17.179228 13.275147 18
17.018099 -18.229561 13.27055 47
18.7139 -21.531435 14.785874 21
14.947723 -13.07563 11.140939 20
16.883831 -16.005032 12.697517 24
17.533253 -17.931021 13.355608 38
16.912842 -18.677959 13.084653 21
15.091581 -12.604462 11.078207 75
16.473442 -14.938024 12.185247 21
17.117908 -16.754595 12.783862 23
17.214228 -18.149708 12.987677 77
15.356419 -12.238235 11.109764 41
14.884998 -12.96192 10.880503 26
16.783222 -15.718904 12.299966 22
17.553158 -17.678604 12.935964 24
15.102587 -11.494189 10.794443 33
15.131076 -12.576766 10.87527 95
14.968232 -13.463197 10.819912 3
17.078777 -16.454435 12.317101 25
15.276448 -11.080529 10.769276 18
15.341145 -12.164311 10.844372 39
14.923989 -12.824417 10.589256 64
16.274118 -15.007106 11.511127 24
15.496878 -11.713739 10.78968 20
15.302378 -12.538012 10.65649 92
14.95014 -13.218801 10.404346 15
15.495985 -12.104654 10.604973 52
15.022214 -12.671312 10.249396 86
15.518411 -12.468762 10.371049 90
15.512597 -11.885983 10.185401 31
12.882326 -7.3303537 8.7026701 59
13.058748 -7.0338511 8.737586 53
12.968628 -7.7163496 8.5638571 23
13.457637 -6.8448806 8.9173651 76
12.865803 -7.2621169 8.409977 85
14.253524 -8.730196 9.1102257 54
14.603965 -9.6687078 9.1460028 59
13.413107 -6.4368372 8.8193913 63
13.143723 -7.0135159 8.4920797 79
12.983312 -7.5758042 8.2354584 71
14.395212 -9.0579395 8.8877459 57
13.250164 -5.9943528 8.6597157 63
13.520881 -6.8040595 8.6403723 98
12.940867 -7.1528778 8.1139326 88
13.043851 -7.823524 7.9846563 16
13.079447 -5.5621734 8.5020399 58
13.360084 -6.3453827 8.4695644 85
13.360008 -6.966207 8.2694101 99
12.89761 -7.3312836 7.7927856 81
12.934131 -5.1575599 8.36448 69
13.214452 -5.9066482 8.3157253 83
13.505066 -6.6402459 8.2669735 85
13.170174 -7.0642099 7.84549 82
12.785739 -4.7657194 8.2286987 69
13.054511 -5.4784088 8.1577024 77
13.321351 -6.1701961 8.0805988 85
13.56295 -6.8523049 7.968276 95
12.660152 -4.393743 8.1141653 69
12.914543 -5.0731874 8.0169201 82
13.17281 -5.7284226 7.9205952 78
13.41217 -6.3816772 7.793129 78
12.509664 -4.0229726 7.9894676 68
12.767021 -4.6783223 7.8791413 82
13.003757 -5.2976341 7.7585111 82
13.236668 -5.9172425 7.612855 72
12.372895 -3.6695452 7.8769603 70
12.661391 -4.3064127 7.771771 72
12.85966 -4.8896456 7.6137156 81
13.073927 -5.4711766 7.4467626 81
12.259759 -3.3319499 7.7836914 74
12.474457 -3.9234462 7.6217818 76
12.742363 -4.5013137 7.4921837 81
12.923163 -5.0474968 7.2948375 75
12.12596 -3.0003526 7.6802936 67
12.379921 -3.5769541 7.5315914 70
12.581116 -4.1121025 7.3513389 79
12.802277 -4.6453466 7.1662169 71
12.012718 -2.6827362 7.5941014 63
12.248574 -3.2322671 7.4201536 77
12.449765 -3.7444317 7.2307987 78
12.647721 -4.2488294 7.022387 62
10.981484 -2.1999226 6.967773 25
12.131717 -2.8998444 7.3238683 73
12.32192 -3.3885682 7.1183319 77
12.497506 -3.8610559 6.8906217 72
10.914145 -1.9270561 6.9170885 61
12.006211 -2.5748398 7.2275395 75
12.177375 -3.038518 7.0017524 76
12.372192 -3.4941006 6.7750936 79
10.839893 -1.6555358 6.8643436 50
10.971993 -2.0950608 6.6241784 73
12.051308 -2.7005551 6.9013495 80
12.229196 -3.1339777 6.657475 75
11.148987 -1.437981 7.0425043 32
10.874188 -1.810384 6.5532079 74
10.99385 -2.1974509 6.3077297 51
12.098498 -2.7839758 6.5509939 83
11.489497 -1.2101643 7.2408795 79
10.909229 -1.5515331 6.5593152 51
10.919871 -1.9089282 6.2439451 77
11.027087 -2.2616413 5.9752278 31
11.382159 -0.93619615 7.1779265 61
11.491483 -1.3510437 6.8744931 61
10.876246 -1.6299227 6.1994104 60
10.958792 -1.9658463 5.9114447 83
11.288017 -0.66757065 7.1260839 61
11.443808 -1.0721862 6.8389301 75
11.348267 -1.4148898 6.4327536 56
10.877579 -1.6716626 5.8445845 70
11.192147 -0.40502426 7.075264 63
11.342226 -0.79293311 6.777998 65
11.498747 -1.1494322 6.4976392 76
11.395627 -1.4564985 6.0802522 61
11.090378 -0.1447522 7.0244145 71
11.2439 -0.51952159 6.7201138 69
11.390662 -0.85849434 6.4306097 76
11.302234 -1.1588647 6.0152965 76
11.004888 0.10831677 6.9847107 67
11.148756 -0.25093341 6.6692748 73
11.267869 -0.57326883 6.3575039 86
11.205925 -0.86335748 5.9523296 73
10.895535 0.35924146 6.9358506 72
11.035776 0.014796908 6.6113234 75
11.164277 -0.29409179 6.2995596 79
11.100959 -0.57526183 5.8883362 74
10.808393 0.60424584 6.9001718 78
10.940019 0.27437177 6.5655203 80
11.061934 -0.020843407 6.2456503 87
10.971166 -0.29034653 5.817184 87
10.714409 0.84592938 6.8634577 78
10.838414 0.53067738 6.5196862 82
10.938873 0.24740522 6.1826105 84
10.877719 -0.014671131 5.765316 75
10.63552 1.0843648 6.8388562 83
10.749019 0.78158468 6.4829559 80
10.786202 0.50823045 6.1083956 90
10.777316 0.25969362 5.7154055 91
10.535864 1.3187913 6.8041272 83
10.654771 1.0292654 6.4462066 80
10.658688 0.76427799 6.048378 87
10.674201 0.5279218 5.6645036 92
10.457082 1.5542629 6.7855396 76
10.56065 1.2739736 6.4124703 81
10.525264 1.0180804 5.9913263 86
10.570302 0.79115152 5.6186161 85
10.371585 1.7844094 6.7619267 73
10.461589 1.5174621 6.3787036 78
10.407068 1.2656078 5.9424496 75
10.464334 1.0542755 5.5757971 86
10.28003 2.0132499 6.7414012 68
10.375583 1.7575405 6.3541789 78
10.298869 1.5126146 5.9047089 79
10.374676 1.3121753 5.5431085 83
10.19267 2.2392602 6.7220278 67
10.294509 1.99584 6.3359833 68
10.209522 1.7575388 5.8784504 73
10.279796 1.5688753 5.5127888 80
10.113252 2.4637699 6.7108054 65
10.202696 2.2328055 6.3154612 70
10.121441 2.0006409 5.8538947 63
10.18029 1.8214076 5.4820814 76
10.023032 2.6857471 6.6962662 64
10.103117 2.4632933 6.2917881 61
10.028337 2.24245 5.8322177 63
10.084847 2.0710995 5.4563532 70
9.9328232 2.906713 6.6847014 48
10.021348 2.6966624 6.2802286 58
9.947257 2.4828503 5.8186316 52
10.001345 2.3213751 5.4377065 52
9.8516121 3.1271226 6.679203 44
9.9385462 2.9300072 6.2736621 54
9.8691416 2.7234101 5.8100662 48
9.9177494 2.5726812 5.4260564 45
9.7644539 3.3462567 6.6736684 44
9.8625603 3.1657069 6.2712107 47
9.7633038 2.9566729 5.7904935 42
9.7937002 2.8120623 5.3963122 41
9.6812229 3.5646191 6.6722884 39
9.7631798 3.3902597 6.2585979 47
9.6822739 3.1961036 5.7858481 36
9.7133121 3.059521 5.3896365 38
8.8774462 3.5233457 6.2127814 41
8.9473886 3.3675508 5.8199291 24
9.5659389 3.4218211 5.7650299 38
9.6220722 3.303473 5.3809276 35
8.7892971 3.7214117 6.2073054 45
8.867527 3.5800495 5.8214574 47
8.9482088 3.4679699 5.4654994 40
9.0711145 3.3910093 5.1386909 27
8.7254095 3.9294109 6.2210965 41
8.7824736 3.7930038 5.8210754 46
8.82652 3.6751189 5.4428835 38
8.8772097 3.5846391 5.079618 32
9.3632021 4.4435563 6.701293 9
9.4342499 4.3116798 6.2753472 48
8.7676659 3.9076922 5.4604502 36
8.7905846 3.813863 5.082006 34
9.2848549 4.6652117 6.7167706 56
9.3309011 4.535109 6.2746429 53
9.2621431 4.3805313 5.8008552 45
9.2458143 4.2756519 5.376224 38
9.1684246 4.8679357 6.7071805 49
9.2500439 4.7666087 6.2891936 59
9.1759949 4.6197872 5.8133149 51
9.1662388 4.5252404 5.3916564 43
9.108469 5.1004815 6.7419424 57
9.1622124 4.9957509 6.3039556 60
9.1267748 4.8758612 5.8492885 54
9.0775261 4.7724118 5.404418 49
9.0299749 5.3211722 6.7637801 65
9.0607796 5.2193828 6.3124623 62
9.0736275 5.1338859 5.8869243 64
8.9801893 5.0152431 5.416779 51
8.9405756 5.5423527 6.7832608 76
8.9884348 5.4594026 6.3439493 74
8.9988365 5.3837891 5.9163446 75
8.8816071 5.2619872 5.4330459 67
8.8512459 5.7615108 6.8037133 78
8.8925657 5.6902671 6.3633046 85
8.9199972 5.6345119 5.946733 82
8.7694063 5.5010676 5.4432507 70
8.7685156 5.9880276 6.8341799 79
8.8005228 5.924336 6.3876739 86
8.8312693 5.882772 5.9760637 85
8.6890287 5.7627563 5.4785805 78
8.6806955 6.2163177 6.8656044 77
8.7140961 6.1647186 6.4201083 81
8.7431412 6.1361275 6.0115356 93
8.5997553 6.0200529 5.5120091 81
8.5879307 6.4413919 6.8951349 75
8.622571 6.4068837 6.4555044 86
8.6425514 6.382823 6.0397263 95
8.4997282 6.2757998 5.5431652 83
8.4962311 6.6684961 6.9274731 81
8.5253639 6.6447515 6.4887581 87
8.5495567 6.6369271 6.077951 92
8.4035549 6.5337539 5.5793624 81
8.4236193 6.9125891 6.9779086 75
8.4356756 6.8910232 6.531076 82
8.4456959 6.8875227 6.1141505 88
8.3184624 6.8093128 5.6305852 87
8.3333702 7.1488276 7.0202827 80
8.3370762 7.134871 6.5693731 79
8.3502398 7.1485715 6.1594124 81
8.2850924 7.1284842 5.7180471 91
8.2322187 7.3815622 7.0606427 72
8.2372093 7.3827043 6.6136746 75
8.2457571 7.4092274 6.207623 88
8.2368107 7.445961 5.8024035 86
8.1482086 7.6311913 7.1170392 74
8.1407614 7.6417665 6.6689425 74
8.1399279 7.6768537 6.2597876 80
8.1475163 7.7434554 5.8705554 86
8.0474377 7.8760209 7.1683388 67
8.0471172 7.9049716 6.7272072 74
8.0321159 7.9443851 6.3129287 83
8.0406933 8.0320883 5.9316072 89
7.9496102 8.1229763 7.2206283 69
7.9368377 8.1613693 6.7803688 72
7.9298029 8.2222166 6.3760448 83
7.915544 8.3078156 5.9845557 89
7.8477859 8.3697472 7.2748966 69
7.8408461 8.4314842 6.8456082 73
7.8233829 8.5008554 6.4402142 81
7.8024964 8.5991755 6.0506487 81
7.7492018 8.6297359 7.3412056 66
7.7404776 8.7084274 6.9158096 76
7.7182221 8.7946196 6.5152869 81
7.6956134 8.9079008 6.1306443 74
7.6475186 8.8925877 7.4084363 62
7.6253495 8.9806728 6.9829044 74
7.6052179 9.0850163 6.5893188 80
7.5775995 9.2191219 6.2115526 91
7.5483694 9.1646004 7.4826455 70
7.508173 9.2538395 7.052968 92
7.3354735 9.2104797 6.5459194 48
7.0693946 9.0915794 6.0035381 38
7.2670465 9.2433147 7.4033275 37
7.0285378 9.1194668 6.8151593 47
6.8118458 9.0329924 6.2979865 49
6.737184 9.1449347 5.9249649 76
6.7628345 9.0424814 7.1086302 28
6.6991696 9.137764 6.7037573 72
6.6619835 9.2805624 6.3518677 71
6.6098824 9.4417295 6.0077939 82
6.6394391 9.2829046 7.1696854 59
6.5908689 9.4170465 6.7887402 73
6.545908 9.5765371 6.4417114 96
7.0709815 10.529243 6.5871701 70
6.5255213 9.5401659 7.2404923 67
7.0627632 10.47864 7.4272561 67
6.9970331 10.657079 7.0520525 78
6.9323497 10.875695 6.6966662 78
6.9712377 10.571666 7.8932686 66
6.9343605 10.797517 7.5290079 70
6.871223 11.006159 7.1676373 81
6.788856 11.239008 6.8160515 66
6.8495274 10.876836 7.9920907 66
6.8053412 11.127446 7.6397338 67
6.7338595 11.361797 7.2892566 75
6.6463404 11.617468 6.9455748 66
6.736958 11.213581 8.1140289 10
6.6697335 11.466108 7.7564797 75
6.5827255 11.712765 7.4087958 74
6.4765759 11.98261 7.0698771 76
6.5298214 11.815586 7.8809919 81
6.4375043 12.089077 7.5441556 77
6.319212 12.382427 7.2130518 73
6.3788838 12.162571 8.0045223 27
6.2908087 12.490464 7.697526 73
6.1576772 12.800179 7.3702784 68
6.1258903 12.875958 7.8408303 77
5.9856381 13.229488 7.5353198 70
5.9889059 13.347034 8.0348625 4
5.8032885 13.667344 7.7061744 73
5.6390123 14.184288 7.9218745 13
5.4271345 14.650854 8.1145239 64
5.6790185 14.404893 8.9454451 2
5.4170637 14.6514 8.5655355 76
5.1187401 14.906635 8.190876 77
5.3924332 14.624246 8.9909 76
5.126864 14.922773 8.6466732 87
4.6398854 14.720327 8.0271072 64
5.340991 14.472382 9.3521662 54
5.1516662 14.968122 9.1176748 86
4.6660619 14.739593 8.47223 82
4.3765216 15.096301 8.1768074 82
5.0944762 14.742689 9.4280424 49
4.7046242 14.78246 8.9241982 64
4.3908048 15.036718 8.578002 72
4.577251 16.999018 9.156601 37
4.7673669 14.828533 9.393507 57
4.3969731 14.958632 8.9563465 60
4.4575338 16.444677 9.3172178 47
4.1856427 17.181585 9.2087221 46
4.4238095 14.872664 9.3386354 54
4.4793425 16.353565 9.7185783 48
4.2144642 17.037491 9.596137 51
3.9140508 17.821772 9.5090981 47
4.2248907 15.339562 9.5510874 15
4.3406787 17.230768 10.172794 47
4.0313234 17.951698 10.062654 48
3.7068846 18.884712 10.043899 43
4.3891792 17.08449 10.555766 44
4.0999594 17.874739 10.486357 50
3.7756834 18.707504 10.434478 27
3.4090028 19.711823 10.451563 39
4.1518679 17.649427 10.82278 41
3.8308375 18.500219 10.790281 40
3.4843631 19.44739 10.800965 39
3.0719416 20.539511 10.868504 56
3.9133005 18.288958 11.137167 32
3.5621855 19.198784 11.133787 39
3.175189 20.226328 11.190613 24
2.5645759 20.479797 10.811069 74
3.6506474 18.923901 11.445005 34
3.2649837 19.941282 11.510927 23
2.7629397 20.626347 11.377398 72
2.1040428 20.794422 10.968004 34
3.3780172 19.642488 11.806322 33
2.9393282 20.681721 11.884068 67
2.2551367 20.507479 11.284634 63
1.9019983 23.402075 12.33808 35
3.0798364 20.385277 12.185313 25
2.4389465 20.500586 11.734453 62
2.0441272 22.651815 12.440174 26
1.406178 24.122309 12.720433 21
2.6775389 20.674465 12.290563 59
2.0242043 20.876961 11.906113 19
1.6122398 23.593695 12.935632 22
0.92659187 25.70483 13.561757 22
2.2031026 20.549841 12.153282 44
1.4988701 20.43112 11.617308 8
1.163422 24.844698 13.60684 15
0.31851879 25.821136 13.639659 8
2.0497246 22.955904 13.518291 21
1.3638213 24.013042 13.619878 10
-0.28362563 25.836164 13.666019 11
1.5803263 23.154272 13.574681 13
-0.90094233 25.526859 13.536099 14
-0.54070663 25.209295 13.808009 8
-1.5002873 25.274616 13.445765 18
-0.22677326 24.490778 13.828614 7
-1.1231413 25.077993 13.757781 13
-2.0895565 25.082649 13.3946 17
0.09343601 23.740034 13.792846 7
-0.77395415 24.447598 13.799264 13
-1.711376 25.069973 13.784184 14
-2.6806891 24.849274 13.335754 12
-0.4296824 23.85372 13.834288 17
-1.3325691 24.441757 13.803321 6
-2.2801609 24.960606 13.757304 14
-3.2624447 24.683174 13.312434 25
-0.94634908 23.82638 13.797109 8
-1.8772428 24.414211 13.798 13
-2.845504 24.81568 13.719409 10
-3.8558328 24.686428 13.390951 23
-1.4691434 23.88003 13.811666 13
-2.4107504 24.35615 13.776834 13
-3.3988547 24.655624 13.677367 19
-4.3072991 23.752665 12.960531 35
-1.9825158 23.892136 13.804282 12
-2.9611564 24.341333 13.792141 11
-3.9384627 24.37952 13.577844 27
-4.9701538 24.247774 13.321877 34
-2.5028875 23.830591 13.767837 11
-3.4995575 24.239193 13.764078 16
-4.4686489 24.093361 13.483511 19
-5.5453601 24.161432 13.370313 33
-3.026711 23.854584 13.785255 16
-4.0457625 24.220814 13.791537 14
-5.0047798 23.914989 13.456194 18
-6.0952163 23.941545 13.360169 58
-3.5584557 23.848717 13.795878 16
-4.5867934 24.094513 13.767985 14
-5.5398979 23.719484 13.428848 13
-6.6413069 23.713655 13.353744 52
-4.0810046 23.813206 13.791088 10
-5.1239252 23.992458 13.761731 22
-6.0635567 23.522289 13.398791 16
-7.186954 23.534719 13.375561 65
-4.6056457 23.749157 13.778514 21
-5.6496978 23.846231 13.735518 15
-6.5859337 23.32222 13.38086 14
-7.7187314 23.308184 13.378036 59
-5.1265388 23.713678 13.787524 20
-6.1330004 23.531515 13.62111 19
-7.1054902 23.165264 13.390054 21
-8.2512589 23.112232 13.405016 53
-5.6499753 23.631933 13.77744 14
-6.633738 23.298012 13.559067 17
-7.6283932 22.973341 13.391807 12
-8.7854109 22.909489 13.436037 38
-6.1832595 23.576656 13.789572 21
-7.1344461 23.100386 13.521854 16
-8.1371727 22.772406 13.386207 16
-9.3129797 22.692627 13.46959 31
-6.6964502 23.445528 13.764682 19
-7.6506529 22.943151 13.519994 20
-8.6448221 22.565403 13.390688 13
-9.7493019 22.229965 13.363711 26
-7.1833844 23.162846 13.660192 20
-8.1720982 22.76614 13.516254 15
-9.1758709 22.387743 13.423345 13
-10.229902 21.919319 13.350737 22
-7.6819348 22.956232 13.607239 10
-8.6737833 22.541052 13.489584 14
-9.6944447 22.172192 13.443315 18
-10.782469 21.759348 13.441706 18
-8.1791878 22.746468 13.56056 14
-9.1875973 22.374937 13.502786 18
-10.198062 21.961143 13.467071 18
-11.309097 21.557625 13.515675 17
-8.668479 22.551201 13.527663 19
-9.6901703 22.194653 13.516764 16
-10.710106 21.777193 13.513147 15
-11.881009 21.472116 13.660203 11
-9.1668615 22.410719 13.504074 16
-10.172293 21.99119 13.493452 18
-11.275004 21.718777 13.618451 11
-12.309394 21.090481 13.609397 18
-9.6549044 22.203606 13.475415 15
-10.684052 21.816229 13.519964 15
-11.78466 21.506084 13.661298 13
-12.751169 20.739548 13.60682 14
-10.154015 22.013397 13.467292 15
-11.195396 21.639332 13.553973 13
-12.221463 21.149054 13.624479 13
-13.131604 20.296129 13.544286 12
-10.647976 21.818377 13.457263 15
-11.752246 21.534317 13.644423 13
-12.641901 20.779505 13.581085 16
-13.520647 19.875992 13.506454 17
-11.151353 21.636391 13.462541 15
-12.206852 21.233307 13.613582 14
-13.068635 20.43091 13.55917 11
-13.90057 19.460264 13.478049 15
-11.640322 21.407896 13.45775 15
-12.658119 20.925201 13.592473 14
-13.463098 20.029264 13.513671 15
-14.307915 19.095406 13.487272 13
-12.220278 21.350283 13.563331 10
-13.068033 20.550425 13.532162 11
-13.877828 19.674408 13.495145 14
-14.64233 18.630186 13.428956 15
-12.71441 21.129545 13.568602 15
-13.501969 20.224236 13.507629 16
-14.252397 19.273478 13.451523 13
-14.969231 18.181072 13.385214 15
-13.204547 20.883615 13.570326 7
-13.92047 19.880117 13.478693 13
-14.627103 18.868793 13.41595 14
-15.305511 17.746576 13.355777 12
-13.609287 20.485439 13.480784 15
-14.313756 19.485172 13.420313 12
-14.992783 18.456526 13.37758 13
-15.69652 17.383265 13.387806 7
-14.05625 20.159155 13.44667 19
-14.734569 19.127277 13.400779 16
-15.349266 18.037394 13.34017 10
-15.932852 16.836859 13.286197 13
-14.508219 19.855692 13.43084 9
-15.098622 18.722033 13.349567 18
-15.757278 17.697805 13.372804 7
-16.277678 16.446423 13.307882 10
-14.907266 19.476709 13.377502 14
-15.451816 18.316259 13.298087 9
-16.013018 17.195827 13.280159 7
-16.55842 15.997142 13.279737 15
-15.337533 19.148054 13.355463 19
-15.873182 17.986931 13.308594 12
-16.405298 16.851162 13.303658 8
-16.838251 15.547629 13.256045 26
-15.691871 18.721123 13.272717 12
-16.255634 17.617777 13.295963 15
-16.693161 16.392866 13.253551 15
-17.151833 15.140178 13.270074 16
-16.134356 18.399681 13.279003 10
-16.619051 17.22802 13.277536 11
-17.000874 15.96786 13.232306 16
-16.480181 13.868847 12.509542 7
-16.525337 18.022104 13.244411 15
-16.926989 16.776121 13.216942 16
-17.317036 15.554839 13.223425 13
-16.877705 13.574586 12.621863 20
-16.930771 17.659832 13.232155 11
-17.238724 16.342884 13.172871 15
-17.573467 15.087548 13.175715 7
-17.406256 13.385159 12.837915 15
-17.289925 17.244083 13.186856 14
-17.625093 15.983314 13.192855 12
-17.873571 14.670386 13.171666 12
-17.893656 13.147273 13.020947 17
-17.641071 16.825342 13.143799 16
-17.892242 15.508243 13.128936 15
-17.28517 13.525946 12.500077 15
-18.341282 12.863428 13.180308 11
-18.015245 16.430096 13.120818 7
-18.234772 15.110737 13.128464 15
-17.745705 13.275905 12.640276 15
-18.624792 12.471526 13.221145 8
-18.346312 16.005392 13.080143 15
-18.49695 14.657976 13.07829 9
-18.30327 13.08354 12.856936 13
-18.757141 15.637551 13.104192 7
-18.888395 14.29253 13.128612 11
-18.707396 12.75966 12.960435 8
-18.768782 11.384145 13.012521 6
-19.017776 15.140038 13.020878 18
-18.235598 13.1394 12.438219 11
-18.744949 12.1803 12.806752 9
-18.644217 10.75005 12.790004 21
-19.481558 14.812762 13.101377 7
-18.753277 12.906538 12.60772 19
-18.970177 11.74614 12.811537 23
-19.267965 13.966105 12.715721 7
-15.990868 10.399547 10.508209 14
-16.221926 11.115226 10.430157 9
-16.111725 9.9739237 10.432318 3
-15.992616 10.422061 10.101418 20
-16.121017 10.000141 10.025194 3
-15.138158 7.5191989 9.661334 3
-14.900486 6.598671 9.3308048 2
-15.080308 5.9126539 9.3049212 2
-15.784167 7.4642549 9.1604643 4
-15.239797 5.5981336 9.3458157 2
-16.062408 7.1657743 9.2235193 15
-16.34622 6.8620648 9.2953634 45
-16.725214 6.199141 9.8419104 75
-16.836775 6.6361117 9.4914446 93
-16.537605 5.716362 9.6537361 55
-16.180805 4.7943316 9.7868719 66
-15.854893 3.8695188 9.9752293 43
-16.61941 6.1184273 9.278513 60
-16.354364 5.2519188 9.4781456 73
-16.035149 4.3775401 9.651804 44
-15.698131 3.4810629 9.8536806 49
-16.215231 5.553936 8.9659872 50
-15.927253 4.7230544 9.161274 63
-15.860983 3.9644904 9.5047026 55
-15.551044 3.1057088 9.7402334 61
-16.044823 5.0922794 8.7989788 45
-15.753544 4.2955928 9.0061359 62
-15.474866 3.509347 9.2303038 56
-15.402452 2.7404022 9.6298885 56
-15.855812 4.6404042 8.6264105 60
-15.580506 3.8809328 8.8562727 82
-15.29528 3.1229427 9.091197 61
-15.183537 2.3707676 9.480854 51
-15.765472 4.2301145 8.5174856 59
-15.411994 3.4773476 8.7159548 73
-15.160668 2.7582192 8.9835443 65
-14.198516 1.9077824 8.828867 16
-15.828861 3.869822 8.5013895 57
-15.279543 3.0966074 8.6033792 75
-15.018262 2.3989935 8.879961 71
-14.103727 1.5976018 8.7687454 10
-15.761157 3.4772308 8.4193821 5
-15.298707 2.7543669 8.5865479 61
-14.198114 1.9530182 8.3567085 9
-15.298608 2.4080198 8.5648985 54
-14.061424 1.6296558 8.2649755 30
-14.149154 1.9033616 7.8673062 25
-12.741158 1.1963662 7.4413657 2
-15.205985 2.29003 8.009079 2
-12.82953 1.4351635 7.0788393 2
-14.07614 1.7917509 7.3603854 63
-12.669971 1.1388812 6.9792089 3
-12.74992 1.3281194 6.6121154 2
-12.537282 0.85642916 6.8984132 3
-12.590449 1.0296119 6.5133872 2
-12.442139 0.58026582 6.8432055 3
-12.326577 0.11857286 7.2118306 1
-12.551161 0.74608147 6.4858742 2
-12.351121 0.30702391 6.7960339 2
-12.2554 -0.13948348 7.1824574 1
-13.886211 -0.7178396 8.7847443 9
-12.437547 0.46278888 6.4219065 2
-12.283558 0.040780306 6.7636647 2
-12.161275 -0.39452809 7.1442423 2
-13.877293 -1.0025058 8.8140411 51
-12.156934 -0.22088954 6.7017121 1
-14.168613 -0.76500237 8.4341269 2
-13.818312 -1.2829862 8.8167076 53
-12.190021 -0.48541543 6.7376456 2
-14.080796 -1.0582638 8.4101028 2
-13.735448 -1.5573997 8.8055754 48
-12.116233 -0.35877019 6.2648373 2
-14.107269 -0.87728763 7.8943839 2
-13.669738 -1.831539 8.809309 37
-14.035606 -0.73603892 7.3435116 2
-13.596139 -2.1033416 8.8100557 33
-13.82497 -1.0350356 7.2483249 68
-13.517742 -2.3719409 8.8117428 25
-13.751756 -1.3409868 7.2321138 60
-13.434369 -2.640306 8.8154659 15
-13.634768 -1.6380179 7.196187 65
-13.346169 -2.9064896 8.8190842 11
-13.49697 -1.931165 7.1542511 77
-13.258154 -3.1686738 8.824749 9
-13.40228 -2.2261417 7.1401262 83
-13.062724 -3.4001508 8.755249 28
-13.2926 -2.5173798 7.1222353 56
-13.380037 -2.9156225 7.7457275 2
-12.932602 -3.6456587 8.7425814 69
-13.164823 -2.8000972 7.1020455 87
-13.214388 -3.1810141 7.704679 2
-12.95236 -3.5045238 8.1468401 92
-12.154416 -3.6759043 8.2551413 1
-13.056331 -3.0852695 7.0934958 67
-12.987291 -3.4271908 7.6273823 41
-12.851152 -3.7681005 8.1507339 85
-11.943551 -3.8737562 8.1805315 78
-12.962028 -3.3731959 7.0964365 78
-12.849816 -3.6912041 7.6076021 94
-11.987302 -3.7728584 7.6390581 88
-11.846557 -4.1074014 8.1904955 76
-12.842677 -3.6549475 7.0898509 102
-12.751822 -3.967828 7.6198635 123
-11.864046 -4.0095749 7.6321726 82
-11.72209 -4.3282804 8.1834087 21
-12.741509 -3.9401507 7.0977163 101
-11.87867 -3.964906 7.1328869 86
-11.787436 -4.2639556 7.6609454 87
-12.470036 -4.9159608 8.8373985 71
-11.859304 -3.9456801 6.6412272 90
-11.771394 -4.2137961 7.1379457 87
-12.469532 -4.829473 8.223547 88
-12.409893 -5.1842198 8.8934174 29
-11.759288 -4.2081518 6.6540718 89
-12.468235 -4.7975798 7.679471 89
-12.387724 -5.0997829 8.2595615 72
-12.370051 -5.4623365 8.9631224 21
-12.443892 -4.7966309 7.1520443 88
-12.359241 -5.0657086 7.6968298 90
-12.261411 -5.7133274 8.9913445 26
-12.326959 -5.0753722 7.1684203 95
-12.309607 -5.3683071 7.7618361 3
-12.141085 -5.9558096 9.0116234 34
-12.227712 -5.3638511 7.2017212 93
-12.2413 -5.662075 7.819952 3
-12.014724 -6.1990104 9.0329542 45
-12.122363 -5.6571622 7.2333302 90
-12.126815 -5.9401259 7.8463979 2
-11.902008 -6.4484062 9.060009 52
-12.002631 -5.9378009 7.2643409 86
-11.953567 -6.4789834 8.4978991 3
-11.759141 -6.6819358 9.074152 68
-11.899267 -6.2300029 7.309639 93
-11.635332 -6.9254565 9.1106281 67
-11.796386 -6.5275578 7.3673716 87
-11.511782 -7.1675048 9.146451 66
-11.67622 -6.8139892 7.4128876 80
-11.369989 -7.4021087 9.171524 65
-11.575583 -7.1183786 7.4779482 54
-11.235803 -7.641933 9.2078314 65
-11.465583 -7.4252353 7.5484481 66
-11.117077 -7.8988485 9.2678213 68
-11.315705 -7.7060628 7.5925679 63
-11.006246 -8.1605091 9.3333988 73
-11.189097 -8.0021162 7.6569815 40
-10.891545 -8.4224424 9.400877 72
-11.082861 -8.3260374 7.7491279 26
-10.797572 -8.7070656 9.4909601 70
-10.973007 -8.6489191 7.8405724 4
-10.950768 -9.0168018 9.1064787 77
-10.695849 -8.9910975 9.5853119 72
-10.919074 -9.0360374 7.9900045 54
-10.804272 -9.2909145 9.1741209 94
-10.591882 -9.2810068 9.6847153 78
-10.727613 -9.3062124 8.0389452 80
-10.722606 -9.4624462 8.6547556 86
-10.669155 -9.5814791 9.259757 90
-10.270508 -9.3677177 9.5768185 20
-10.536942 -9.5823793 8.097909 52
-10.202449 -9.3936882 8.4112406 25
-10.003627 -9.3448076 8.8471394 44
-9.889081 -9.3753605 9.3977737 61
-9.8499193 -9.3486738 7.736876 59
-9.8387547 -9.4578743 8.2993917 81
-9.800251 -9.5527925 8.8680439 76
-9.7805529 -9.6623001 9.5026245 68
-9.7408066 -9.6945353 7.8660822 62
-9.7185841 -9.7792473 8.417697 68
-9.6904078 -9.8655987 8.9893618 68
-10.258169 -10.620725 10.256562 58
-10.210032 -10.713091 8.5303478 70
-10.325086 -10.947746 9.2519016 6
-10.032842 -10.716396 9.5940113 76
-10.17149 -10.979348 10.42221 63
-10.116888 -11.223889 9.3236542 41
-9.9098349 -11.059489 9.7324724 72
-10.049775 -11.313486 10.561716 58
-9.8892546 -11.479495 9.3814325 74
-9.7833958 -11.416389 9.8859053 57
-9.9329014 -11.661819 10.712899 52
-9.6605825 -11.743007 9.4510326 69
-9.6674147 -11.80166 10.065913 46
-9.7945538 -12.002121 10.859975 48
-9.4915829 -12.095014 9.5934944 67
-9.622242 -12.298854 10.338547 50
-9.6620579 -12.362616 11.023515 21
-9.5297852 -12.775097 9.417016 29
-9.3598146 -12.51584 9.7941875 48
-9.5050383 -12.72307 10.548744 55
-9.2545881 -13.038783 9.4937325 32
-9.2106037 -12.932387 9.9905882 36
-9.3747501 -13.15157 10.761459 41
-9.0224781 -13.376942 9.6248941 35
-9.10495 -13.441329 10.256849 31
-9.2185354 -13.555908 10.951817 32
-8.8741503 -13.866192 9.8605337 28
-9.0269957 -14.021197 10.569251 24
-9.0740051 -13.999666 11.170009 8
-8.6886435 -14.338995 10.093322 16
-8.869853 -14.511198 10.822922 22
-8.6178923 -15.066475 10.508355 24
-8.693819 -15.007506 11.081241 21
-8.1283998 -14.996103 10.368423 15
-7.7533193 -15.141132 10.387706 21
-7.5044065 -18.504997 14.333635 11
-7.1016707 -19.540426 14.314947 7
-7.2770815 -19.13216 14.715056 6
-5.4728212 -17.470448 11.582849 10
-5.6290836 -17.070833 11.870113 6
-6.8378115 -20.252106 14.754761 8
-6.820869 -19.101061 14.589239 6
-5.7915101 -20.647106 13.655415 11
-6.1159616 -20.596382 14.265229 8
-5.6337047 -20.687464 14.283257 7
-5.3820052 -21.888559 15.074039 6
-5.4674311 -20.544462 14.760758 7
-5.7248926 -19.980577 14.986671 10
-4.6206656 -22.945536 15.130855 7
-4.8656716 -21.924637 15.071952 7
-4.9541864 -20.36801 14.587723 9
-4.3736572 -22.123337 15.186946 6
-4.4504242 -20.17363 14.401954 7
-3.8541706 -22.136106 15.17695 6
-3.9807296 -20.126629 14.33249 4
-4.4243188 -20.161268 14.910739 6
-3.9579711 -19.989307 14.727305 9
-3.4934354 -19.789988 14.528143 7
-1.8485278 -23.129726 15.354176 8
-2.3225558 -22.324743 15.313514 9
-2.7465553 -21.499584 15.234007 8
-3.0443347 -19.613714 14.356749 6
-1.2926612 -23.224586 15.469492 8
-1.8064097 -22.328945 15.331893 5
-2.2786396 -21.659994 15.334561 7
-2.7454109 -20.957325 15.297432 6
-0.74016428 -23.200142 15.507232 9
-1.2928475 -22.420998 15.42218 9
-1.8025242 -21.760431 15.396721 5
-0.1846032 -23.209841 15.57951 11
-0.78332955 -19.053686 13.1332 16
-1.3204492 -21.810522 15.436819 11
-1.8567904 -21.128521 15.35859 11
0.36645615 -23.191154 15.643395 8
-0.26476568 -22.459402 15.521813 8
-1.4034613 -21.206051 15.39238 6
0.9110443 -23.098042 15.665092 10
0.25237688 -22.493584 15.598454 9
-0.9512651 -21.294847 15.443516 8
1.4604336 -23.023407 15.708837 9
0.76821601 -22.479612 15.648126 8
0.13444172 -21.944157 15.587831 9
2.0099859 -22.995674 15.793929 10
1.284429 -22.45953 15.69903 10
0.61997539 -21.92668 15.608391 9
-0.029949158 -21.478024 15.569205 11
2.5485859 -22.886992 15.830646 9
1.8045262 -22.432901 15.756601 12
1.1134726 -21.978403 15.680931 6
0.43196124 -21.512487 15.597281 11
3.0812051 -22.741816 15.853943 9
2.3144932 -22.362648 15.789342 10
1.6063476 -21.972788 15.726084 9
0.89590651 -21.519018 15.612047 10
3.6221454 -22.668497 15.933992 16
2.8300674 -22.327726 15.857111 10
2.0952303 -21.946466 15.76229 10
1.369933 -21.569586 15.667773 9
4.1585221 -22.569057 16.00136 9
3.3499115 -22.272913 15.917735 9
2.5950127 -21.970295 15.841448 9
1.8500476 -21.655556 15.754826 10
4.6766348 -22.386002 16.022804 9
3.8585796 -22.175341 15.958462 11
3.0875254 -21.916584 15.872233 8
2.3244739 -21.638514 15.775982 8
5.2068567 -22.272697 16.100628 9
4.3681912 -22.090267 16.012892 7
3.5852835 -21.879261 15.925416 9
2.8118005 -21.698639 15.856369 7
5.7209277 -22.086473 16.13608 8
4.8643818 -21.943747 16.031752 9
4.0709987 -21.783083 15.940776 9
3.2969203 -21.702385 15.905263 11
5.3644028 -21.814754 16.072075 12
4.5800977 -21.784876 16.035397 8
3.7743115 -21.643091 15.917258 9
6.7197995 -21.667915 16.190777 13
5.8808599 -21.727304 16.151522 9
5.0605564 -21.659002 16.04487 12
4.2676539 -21.649311 15.984639 8
7.1892538 -21.38027 16.177801 16
6.3752751 -21.578505 16.19315 9
5.5577641 -21.577171 16.097746 12
4.7549314 -21.61305 16.027601 13
7.6706867 -21.148197 16.208885 15
6.8387456 -21.340384 16.176189 11
6.0511045 -21.47151 16.138535 8
5.2469535 -21.563726 16.0681 16
8.1092434 -20.814484 16.1726 13
7.2924919 -21.077988 16.15032 12
6.544847 -21.37311 16.191622 12
5.7398725 -21.514177 16.116922 11
8.567317 -20.545321 16.187574 17
7.7565956 -20.852619 16.160509 12
6.9939218 -21.140621 16.152683 11
6.2262559 -21.420124 16.143667 12
8.9841566 -20.202833 16.152813 12
8.2099285 -20.616419 16.165398 11
7.4600644 -20.96682 16.163914 13
6.7073064 -21.320335 16.167421 19
9.4146996 -19.899979 16.156487 11
8.627573 -20.305389 16.116795 13
7.9108062 -20.749327 16.149727 12
7.1564155 -21.105165 16.117058 15
9.8089886 -19.538052 16.118277 17
9.0771914 -20.069616 16.137884 11
8.3745451 -20.560783 16.16452 13
7.6414676 -20.992594 16.149446 12
10.213067 -19.202169 16.110121 10
9.4976139 -19.783247 16.123693 12
8.8149614 -20.31673 16.148293 12
8.0917444 -20.78722 16.119373 17
10.608135 -18.864098 16.101145 16
9.9047947 -19.469521 16.098322 12
9.2597113 -20.084255 16.148525 11
8.5557613 -20.603907 16.117954 15
10.986156 -18.504555 16.085487 16
10.328626 -19.194042 16.10891 11
9.684248 -19.819889 16.127159 14
9.0274477 -20.435329 16.135288 9
11.346844 -18.13401 16.059273 10
10.715222 -18.864382 16.07803 19
10.120409 -19.571928 16.126938 13
9.480505 -20.227676 16.12734 17
11.737988 -17.821331 16.087467 7
11.114202 -18.568382 16.078379 12
10.523994 -19.286777 16.093391 13
9.9442892 -20.042597 16.140625 18
10.1384 -14.810091 13.642986 10
11.506679 -18.261492 16.080477 13
10.939649 -19.007822 16.08506 13
10.37727 -19.789965 16.111528 13
12.381452 -17.013943 16.006382 10
9.8702726 -15.086157 13.520311 9
11.362146 -18.746632 16.095474 14
10.806067 -19.531786 16.085812 18
12.702249 -16.627666 15.981432 7
12.234208 -17.573599 16.040052 13
11.767507 -18.459446 16.089445 9
11.252722 -19.289598 16.088137 16
13.037264 -16.260164 15.987668 14
12.59645 -17.231762 16.030931 13
12.145345 -18.127987 16.057558 13
11.708045 -19.067522 16.110445 15
13.338572 -15.862117 15.969391 17
12.928098 -16.861589 15.999812 11
12.531267 -17.810343 16.042116 11
12.13409 -18.798077 16.101572 15
13.654873 -15.492461 15.978432 10
13.276686 -16.518538 16.000162 12
12.933206 -17.526834 16.059393 8
12.517426 -18.465887 16.046909 16
13.915281 -15.074744 15.936436 15
13.604483 -16.153751 15.983599 13
13.289299 -17.179909 16.028522 12
12.944652 -18.193478 16.051207 14
14.199079 -14.683746 15.931324 13
13.932849 -15.794728 15.978835 8
13.637935 -16.821035 15.998829 9
13.359247 -17.899559 16.04314 14
14.452832 -14.26601 15.90401 5
14.222384 -15.399068 15.943763 16
14.001 -16.486992 15.995651 12
13.742208 -17.561747 16.011244 11
13.945889 -13.177892 15.108133 12
14.543795 -15.035899 15.948412 8
14.35471 -16.138094 15.986525 13
14.149606 -17.2544 16.01474 17
14.367045 -12.95026 15.287154 16
14.829831 -14.641418 15.928848 12
14.69803 -15.784385 15.977397 13
14.562319 -16.951555 16.025017 14
14.855902 -12.769136 15.533326 11
15.106164 -14.249488 15.912128 12
15.007532 -15.395963 15.946026 12
14.922014 -16.590839 15.993196 17
15.090141 -12.377918 15.534614 17
14.425085 -13.041049 14.95867 6
15.378579 -15.073069 15.978128 13
15.335573 -16.286219 16.017641 8
15.283658 -11.959312 15.503325 22
14.808508 -12.7714 15.070398 20
15.66411 -15.885311 15.96717 16
14.726946 -11.013618 14.76905 20
15.045213 -12.385522 15.052596 28
14.505721 -10.346851 14.379198 26
14.994534 -11.788935 14.773967 21
14.745484 -12.645502 14.488609 41
14.484768 -9.8414907 14.193377 58
14.750627 -11.075083 14.336391 20
15.10559 -12.358135 14.568836 60
14.846276 -13.177108 14.228292 13
14.313919 -9.2635632 13.878649 20
14.778613 -10.577894 14.164811 46
15.073772 -11.77446 14.297342 31
14.848865 -12.589262 13.953172 55
14.093728 -8.6813517 13.53631 34
14.552733 -9.9342375 13.77427 24
15.024048 -11.196527 14.027345 22
15.314021 -12.382036 14.10108 73
12.803888 -7.5302849 12.243701 16
14.320176 -9.3173428 13.395667 35
14.773777 -10.507369 13.594235 23
15.234026 -11.75421 13.779065 30
12.727302 -7.1012387 12.061985 55
14.110597 -8.7337904 13.052404 30
14.54054 -9.8570576 13.194531 23
14.961026 -11.010897 13.30871 41
12.994624 -6.8577275 12.194892 45
12.820131 -7.576139 11.789539 21
14.318753 -9.2445326 12.824885 48
14.741879 -10.34345 12.908883 35
13.325641 -6.6363893 12.386312 59
12.719326 -7.1294632 11.57814 54
14.111501 -8.6620131 12.483264 53
14.482137 -9.6744413 12.493587 35
13.21472 -6.201335 12.194801 55
13.010551 -6.8884015 11.704307 62
12.845165 -7.510335 11.276676 41
14.280349 -9.063529 12.138165 47
13.045261 -5.7656598 11.964034 49
13.345898 -6.6674438 11.873456 72
12.776976 -7.0809174 11.086277 57
12.972405 -7.8541265 10.928832 3
12.898345 -5.3573818 11.763617 46
13.224944 -6.2369518 11.670259 51
13.134366 -6.875495 11.251029 61
12.814806 -7.3619428 10.656677 58
12.755703 -4.9623275 11.571762 48
13.047072 -5.7939153 11.424585 54
13.133494 -6.4910069 11.128797 60
12.909124 -7.0109477 10.587354 62
12.609116 -4.5786438 11.383892 49
12.665266 -5.2843704 11.024005 60
12.951238 -6.0339122 10.872875 60
13.22591 -6.7740517 10.698643 75
12.244916 -4.1372957 11.019998 51
12.5264 -4.8932905 10.830842 63
12.809012 -5.6090231 10.660505 59
13.099555 -6.323668 10.480144 52
12.100709 -3.7847314 10.849689 44
12.377878 -4.5091152 10.63828 58
12.658499 -5.1965656 10.449163 54
13.218313 -5.9959698 10.453484 69
11.984517 -3.4513612 10.712693 51
12.239516 -4.1447158 10.464069 59
12.723145 -4.8749866 10.414093 67
11.857494 -3.124572 10.56865 46
12.163713 -3.8078589 10.343463 57
12.735893 -4.5392828 10.342278 12
11.732288 -2.8085427 10.43419 53
12.213475 -3.5125425 10.332326 74
11.622806 -2.5050511 10.315498 46
12.197036 -3.2031798 10.269979 28
10.857059 -2.0878925 9.6582689 18
10.744122 -1.812619 9.5476742 56
10.673758 -1.5501038 9.4772186 53
10.842348 -2.0626702 9.0962801 40
10.988935 -1.335879 9.7294445 21
10.79375 -1.7929858 9.0328465 57
11.316472 -1.1111797 9.9938078 61
10.701978 -1.5214972 8.9402962 61
10.85674 -1.9506271 8.5639791 67
11.955552 -2.5439792 8.8475742 12
11.225785 -0.84458673 9.9163294 61
11.13181 -1.3110067 9.2564859 40
10.754472 -1.6665508 8.4593306 72
10.919457 -2.0561235 8.0879221 61
11.164332 -0.5854497 9.8680477 34
11.361012 -1.0669986 9.4211388 69
10.9429 -1.4236262 8.5726624 33
10.813719 -1.7611872 7.9780574 68
11.264016 -0.79254514 9.3374023 68
11.380346 -1.1986855 8.8676939 68
10.872652 -1.4922932 7.9883962 40
11.225169 -0.52420956 9.303092 9
11.327069 -0.91807008 8.8122406 66
11.395246 -1.2734203 8.3160181 57
11.205897 -0.63467556 8.7123327 57
11.378583 -0.98608953 8.2818003 75
11.124034 -0.36142585 8.6447535 60
11.276971 -0.69378179 8.1950159 66
10.7944 0.66486049 9.6327028 3
11.014362 -0.090490535 8.5599976 70
11.168689 -0.40878302 8.1072168 70
10.909785 0.17671987 8.4872913 80
11.04161 -0.12765494 8.0123062 77
10.818603 0.43986818 8.4252691 69
10.940765 0.14985491 7.9423122 82
10.715352 0.69566739 8.3598766 68
10.836973 0.42074597 7.8717294 81
10.614286 0.94989872 8.3012457 70
10.748349 0.68663102 7.8181224 82
10.532306 1.2021586 8.2576771 73
10.651885 0.9511779 7.7634044 82
10.448263 1.4511985 8.2182817 70
10.563357 1.210971 7.7159834 80
10.258929 1.9601185 8.7262154 8
10.350418 1.6956441 8.1738424 72
10.458991 1.4681474 7.6644435 80
10.092607 2.1763508 8.6334105 4
10.251718 1.9381586 8.1333284 68
10.377521 1.7244246 7.6329384 74
10.016242 2.40694 8.6149607 6
10.161907 2.1791151 8.1017694 62
10.266516 1.9744637 7.5852184 71
9.9202776 2.6316979 8.5844364 7
10.079159 2.4205141 8.0792713 64
10.177319 2.2265599 7.5566363 57
9.8429461 2.8623745 8.5730162 7
9.9856739 2.6564107 8.0527229 68
10.098088 2.4781432 7.5401325 50
9.7589293 3.0867155 8.5596046 7
9.9019547 2.8967695 8.0382614 70
10.006074 2.7261059 7.5175872 62
9.5572777 3.5455868 9.1685486 58
9.717041 3.326108 8.5854273 62
9.8114853 3.131813 8.0217772 71
9.8963137 2.969238 7.4869437 56
8.7735825 3.5008628 8.5394974 48
9.6290102 3.5502825 8.5770016 61
9.7190895 3.3647816 8.0082874 68
9.8112421 3.2165737 7.4794488 56
8.6800308 3.6927404 8.525156 53
8.815876 3.5092893 7.9698262 73
9.1221647 3.4264302 7.6132283 19
9.7240677 3.4617863 7.4731627 57
8.6312647 3.9007733 8.5533113 55
8.7216682 3.7111835 7.9566717 66
8.8019009 3.5604486 7.4258194 58
8.8991375 3.4477131 6.9439383 71
8.5229788 4.0839758 8.5310783 24
8.6431513 3.9198518 7.9614859 61
8.7141237 3.7766821 7.4244881 63
8.7913914 3.6659887 6.9274096 55
9.1929407 4.6252298 9.2285509 54
9.3087053 4.4556832 8.60495 67
8.6264305 3.9919147 7.4261317 64
8.6953363 3.8898382 6.9249716 62
9.0800972 4.823245 9.2141027 61
9.2147312 4.6766419 8.6095409 66
9.2953253 4.5477643 8.0345526 56
9.3468456 4.4396791 7.4772911 27
9.1284399 4.9030147 8.6261301 59
9.1968374 4.779561 8.042038 51
9.2361927 4.6759095 7.4776788 31
9.1148062 5.0211821 8.0685987 53
9.1771364 4.938643 7.5203137 18
9.0181255 5.2561002 8.0850859 55
9.0418749 5.1667399 7.5135684 53
8.8962593 5.4748101 8.0844669 51
8.9437628 5.4106259 7.5350137 53
8.804204 5.7160082 8.1169634 50
8.8784161 5.6781335 7.589592 61
8.7314606 5.9701638 8.1695433 63
8.7846403 5.9343038 7.6300225 55
8.6352625 6.2141452 8.2100239 65
8.684948 6.1891446 7.6714392 55
8.5320635 6.453877 8.2475777 32
8.5819883 6.4439344 7.7149801 73
8.5005722 6.9237423 9.691699 2
8.4257507 6.6984844 8.2889996 23
8.4684944 6.6942163 7.7542877 68
8.3743277 7.1272831 9.7041111 6
8.3213997 6.9441376 8.3374653 8
8.3721132 6.9612675 7.8147588 67
8.2422113 7.3274474 9.7136078 9
8.2033701 7.1831045 8.378912 2
8.2725134 7.2321944 7.8822107 73
8.0870113 7.509491 9.7040138 31
8.187645 7.537643 9.1276026 5
8.2098618 7.5292182 8.5438652 6
8.1592274 7.4964962 7.9436288 69
7.9546986 7.7127337 9.7234993 38
8.0600195 7.7796202 8.0249138 60
7.8022785 7.8990688 9.7257833 36
7.9328084 8.042407 8.0890846 58
7.651742 8.0875072 9.7320738 34
7.8092237 8.3152962 8.1622181 46
7.5196619 8.2964869 9.7663126 39
7.7057724 8.6131029 8.2641201 9
7.3958545 8.5144215 9.8124113 43
7.6605692 8.8212605 9.49998 36
7.5996013 8.821084 8.8805037 58
7.5750151 8.8909397 8.3470078 66
7.3057938 8.7750959 9.907691 42
7.4854026 9.0247698 9.519949 68
7.4776959 9.0982981 8.9716082 64
7.4652452 9.2048168 8.4651155 61
7.2057319 9.0322409 9.999074 55
7.3809996 9.3098087 9.6261988 71
7.3155599 9.338522 9.0266409 39
7.0948982 9.2267714 8.3205662 29
7.0928454 9.2857962 10.086385 61
6.9731593 9.2445974 9.3787212 25
6.7803321 9.1380663 8.6668139 28
6.6292148 9.1129112 8.0648842 59
6.6671662 9.1594496 9.768014 27
6.5842133 9.1802826 9.1443663 64
6.5564351 9.2911978 8.655757 66
6.5222411 9.4289875 8.201004 58
6.4687834 9.3036528 9.748147 56
6.4676042 9.4487305 9.2495766 62
6.4340363 9.5764303 8.7708549 57
6.9536171 10.492213 8.9758863 57
6.3607278 9.5643969 9.8513699 48
6.3497629 9.7270708 9.3646364 9
6.8596621 10.63247 9.5816679 62
6.8021312 10.602533 10.74265 66
6.6238027 10.570724 10.014705 73
6.6049519 10.789345 9.5737152 65
6.6872268 10.910345 10.881767 51
6.4994817 10.893123 10.164517 74
6.4484901 11.095202 9.6993723 77
6.5574384 11.601727 9.4941721 43
6.5621953 11.223828 11.023279 46
6.4580579 11.358028 10.444058 72
6.2968578 11.426578 9.8526964 76
6.2764883 11.772658 9.5094194 45
6.4375348 11.548227 11.176519 53
6.3691077 11.781461 10.683333 73
6.1526723 11.790268 10.033883 69
6.0651374 12.061024 9.6243439 61
6.301506 11.872113 11.329735 45
6.2221966 12.125937 10.849313 70
6.0851583 12.309026 10.344748 58
5.9074144 12.463245 9.8330116 65
6.1694851 12.219277 11.503766 46
6.0732818 12.491418 11.036151 57
5.9802837 12.795963 10.628424 61
5.7491765 12.898557 10.069479 50
6.0220671 12.558671 11.668621 48
5.9209394 12.870754 11.234793 55
5.8192635 13.210041 10.851862 58
5.6939545 13.581419 10.496657 48
5.8865981 12.940159 11.876127 61
5.7678027 13.26654 11.45015 61
5.6479182 13.632144 11.085996 51
5.510972 14.039158 10.753579 61
5.7255411 13.298003 12.056726 47
5.6030149 13.676457 11.675599 47
5.470624 14.078741 11.339539 52
5.3148909 14.520058 11.030913 64
5.5768871 13.707748 12.285675 50
5.4393191 14.126698 11.935309 46
5.2817559 14.541842 11.606822 64
5.1073222 15.015372 11.320113 75
5.4150391 14.125627 12.522702 36
5.2592015 14.570692 12.191322 44
5.083827 15.023019 11.889792 68
4.6539683 14.891921 11.150443 53
5.2444282 14.553207 12.765649 42
5.0648289 15.027735 12.458639 58
4.653791 14.920701 11.715076 47
4.2799597 14.970622 11.13769 49
4.9991632 14.828799 12.876585 61
4.6621013 14.953399 12.291187 45
4.279098 14.948663 11.655914 46
4.4336886 16.715681 12.370302 32
4.7126884 15.020439 12.919101 46
4.2802515 14.912237 12.157454 38
4.0526061 15.425838 11.950107 8
4.1559682 17.26894 12.716894 87
4.3090134 14.875027 12.675009 38
4.0681367 15.391022 12.451534 22
4.1001167 16.918179 13.023452 48
3.8167396 17.651979 12.941931 33
4.0921559 15.274694 12.901133 39
4.2020516 17.104778 13.743785 21
3.8941512 17.713007 13.565375 21
3.5808256 18.546789 13.551348 34
4.1970081 16.81447 14.086742 12
3.9301846 17.603838 14.048757 17
3.6203783 18.360731 13.992093 23
3.2526965 19.179068 13.969654 13
3.8379135 16.89867 14.04328 4
2.7951562 18.041346 14.161177 17
2.3778872 18.760746 14.139811 15
1.8851409 19.466255 14.108159 13
2.8301802 17.491669 14.240836 14
2.4012089 18.121868 14.162728 16
1.9467684 18.819248 14.150219 5
1.4156952 19.44696 14.088407 14
2.4590864 17.550997 14.201303 10
2.0040727 18.196884 14.160475 10
1.5088129 18.802691 14.106893 15
0.94829118 19.434261 14.083868 16
2.0894122 17.624605 14.182949 15
1.6008323 18.246805 14.149866 16
1.0805664 18.85605 14.124687 12
0.48399854 19.407906 14.073642 8
1.7227161 17.720242 14.186792 13
1.200415 18.28319 14.137575 17
0.64405566 18.824774 14.092922 12
0.022568662 19.365511 14.062815 16
1.3462906 17.777449 14.165032 10
0.79811287 18.314268 14.123672 12
0.21345462 18.817312 14.081361 13
-0.43499812 19.311836 14.051181 22
0.97144312 17.838385 14.151762 16
0.39299062 18.33843 14.11392 13
-0.21461362 18.813505 14.081514 12
-0.89240336 19.268696 14.058312 10
0.59474558 17.894833 14.144116 16
-0.0097987317 18.361048 14.109158 16
-0.6430158 18.786016 14.068568 15
-1.3441271 19.203054 14.054537 17
0.21673562 17.988668 14.171361 5
-0.41276854 18.397856 14.121718 7
-1.0727819 18.813169 14.107273 9
-1.79261 19.123671 14.046072 7
-0.16570699 17.98835 14.126711 16
-0.81798702 18.372749 14.093615 11
-1.4970018 18.742878 14.078679 12
-2.2401652 19.049057 14.053504 22
-0.54907137 18.015541 14.110447 5
-1.2234077 18.381056 14.096291 16
-1.920699 18.688141 14.068582 13
-2.6825202 18.944921 14.044618 17
-0.93499541 18.061041 14.11619 17
-1.6289345 18.343258 14.070419 13
-2.3468616 18.639597 14.073435 8
-3.1203511 18.840244 14.043378 16
-1.3240933 18.073591 14.094622 14
-2.0337734 18.344969 14.075004 13
-2.7702296 18.586182 14.069304 16
-3.5563591 18.733 14.039584 18
-1.7119876 18.106653 14.105938 13
-2.4399433 18.318132 14.076396 15
-3.1863804 18.49534 14.058617 15
-3.9751775 18.528835 13.984156 13
-2.1006048 18.094227 14.087893 9
-2.8453972 18.296045 14.088307 15
-3.6057336 18.424212 14.069573 12
-4.4057002 18.436367 14.015952 16
-2.4939713 18.099524 14.088181 13
-3.2479267 18.247015 14.082161 15
-4.0239792 18.362263 14.092878 12
-4.8152957 18.253113 13.986336 17
-2.8853345 18.082203 14.079479 18
-3.6365657 18.091875 14.00144 8
-4.4337697 18.246807 14.080184 17
-5.2323365 18.106163 13.995204 19
-3.2810705 18.086771 14.093962 14
-4.0555763 18.126846 14.081071 15
-4.8356419 18.11298 14.06674 17
-5.6381755 17.938801 13.994697 18
-3.6590285 17.959059 14.0115 6
-4.4513936 18.035038 14.064768 13
-5.2399678 17.985725 14.063631 13
-6.0525026 17.807024 14.025861 20
-4.0710244 18.0137 14.078996 15
-4.8512139 17.957874 14.067704 14
-5.6440396 17.869898 14.076405 16
-6.4552631 17.637306 14.039631 22
-4.4679213 17.982307 14.087421 13
-5.2524338 17.872179 14.071189 12
-6.0438285 17.734747 14.082102 12
-6.8512559 17.462332 14.053516 19
-4.8615465 17.916315 14.075097 12
-5.6468806 17.772177 14.070124 16
-6.4434853 17.60663 14.096132 16
-7.2552381 17.316305 14.096898 36
-5.2628455 17.877239 14.08879 14
-6.0513206 17.695196 14.094604 15
-6.8192043 17.413803 14.066985 15
-7.643311 17.122038 14.11018 19
-5.6526222 17.788113 14.070848 14
-6.4436731 17.578917 14.094716 13
-7.2163858 17.275337 14.089944 20
-8.0109777 16.890329 14.097939 14
-6.0539103 17.723644 14.076408 15
-6.8207865 17.414143 14.063037 14
-7.597096 17.107384 14.093592 13
-8.3738003 16.657349 14.091607 13
-6.4504418 17.638905 14.076926 20
-7.2174759 17.307446 14.083632 21
-7.9778857 16.939173 14.106738 13
-8.7167835 16.391375 14.065725 18
-6.8297296 17.492447 14.038323 18
-7.6085162 17.18191 14.09859 20
-8.3137951 16.664814 14.038301 11
-9.0503044 16.120514 14.037884 19
-7.20928 17.356585 14.011707 26
-7.9833684 17.015081 14.086374 16
-8.6929684 16.49894 14.066052 15
-9.1415739 15.402335 13.622412 4
-7.5700865 17.165199 13.946422 13
-8.3627663 16.850464 14.087678 9
-9.0334578 16.254181 14.036683 18
-9.6933775 15.550594 13.981662 15
-7.9358883 16.983044 13.901304 13
-8.7230692 16.652266 14.064812 21
-9.1240902 15.546765 13.609459 4
-10.020103 15.29094 13.980999 16
-8.2796869 16.760368 13.825471 14
-9.0700388 16.428551 14.025022 10
-9.6772556 15.71355 13.948049 13
-10.300461 14.961854 13.927052 20
-8.7260008 16.76181 13.941252 20
-9.4116592 16.195126 13.987051 18
-10.011021 15.479836 13.942923 16
-10.595189 14.667932 13.903455 17
-9.1215887 16.635569 13.963555 18
-9.7403584 15.946259 13.938505 13
-10.329241 15.217091 13.922095 17
-10.881844 14.370537 13.884986 11
-9.4969597 16.464386 13.953096 18
-10.100789 15.751851 13.950163 19
-10.640206 14.94805 13.901804 19
-11.170805 14.076676 13.880725 12
-9.8712015 16.287832 13.948844 14
-10.416492 15.481587 13.8977 16
-10.919283 14.642207 13.848956 10
-11.420753 13.744956 13.837405 13
-10.219278 16.061172 13.908628 15
-10.751563 15.250535 13.885672 14
-11.225647 14.374195 13.839535 17
-11.678883 13.43089 13.815621 19
-10.569859 15.840853 13.877751 19
-11.070011 14.994746 13.856592 12
-11.526964 14.108348 13.832307 11
-11.937956 13.119527 13.799803 11
-10.910818 15.604445 13.842217 14
-11.36811 14.708084 13.809909 13
-11.792917 13.799212 13.792868 15
-12.17643 12.795073 13.774432 26
-11.250048 15.362005 13.809644 11
-11.677526 14.445996 13.790615 14
-12.064396 13.500388 13.77264 9
-12.403521 12.466235 13.749551 14
-11.578197 15.112062 13.776581 16
-11.987388 14.185953 13.777675 12
-12.322388 13.194966 13.745494 15
-12.627555 12.138302 13.730736 19
-11.903817 14.854279 13.743987 15
-12.275541 13.895813 13.746447 9
-12.570415 12.880581 13.712627 18
-12.850813 11.816354 13.719424 14
-12.250139 14.621273 13.74534 12
-12.560004 13.606694 13.722207 15
-12.826035 12.574145 13.701271 15
-13.041859 11.467417 13.683167 12
-12.528686 14.304116 13.674713 13
-12.83054 13.304771 13.688724 17
-13.077831 12.272796 13.694219 15
-13.288314 11.175463 13.719177 10
-12.873444 14.06771 13.683947 15
-13.111632 13.013044 13.675613 19
-13.292479 11.937843 13.655755 16
-11.5828 9.2212458 11.654155 46
-13.154688 13.758935 13.63178 18
-13.179786 12.511167 13.438331 9
-13.523916 11.62182 13.643683 17
-13.635398 10.481751 13.658589 19
-13.469539 13.484961 13.624306 18
-13.621711 12.388845 13.617158 16
-13.75703 11.31084 13.64064 18
-13.817224 10.145 13.650008 17
-13.75472 13.180567 13.592994 16
-13.883094 12.082984 13.607409 18
-13.961055 10.977619 13.617209 16
-13.961095 9.7884598 13.611975 7
-14.044273 12.879658 13.569731 16
-14.101628 11.74192 13.562026 14
-14.185067 10.662321 13.623954 8
-14.140655 9.4640589 13.620135 14
-14.334081 12.576563 13.556217 18
-14.353065 11.431373 13.555039 12
-14.331166 10.289956 13.559204 14
-13.504562 8.5884905 12.815272 8
-14.594127 12.248205 13.523233 17
-14.571652 11.092117 13.527051 15
-14.533661 9.9647808 13.556906 20
-13.77711 8.3546629 12.940221 12
-14.838795 11.907879 13.481745 15
-14.825247 10.78556 13.540414 13
-14.707243 9.6196289 13.537936 18
-14.203876 8.2094984 13.221872 15
-15.091829 11.572184 13.456207 14
-15.02042 10.433395 13.503303 16
-14.889471 9.28619 13.534841 18
-14.613381 8.0380735 13.490692 18
-15.383638 11.269003 13.472249 14
-15.218871 10.085182 13.480133 18
-14.218729 8.4193869 12.730263 3
-14.823019 7.7457652 13.568266 10
-15.594184 10.904148 13.423051 17
-15.436175 9.7522278 13.479787 7
-14.50069 8.1721315 12.845155 10
-14.95116 7.4099827 13.574451 26
-15.611094 9.3944244 13.44962 15
-14.873425 7.9724793 13.046146 13
-15.059827 7.0651293 13.56972 29
-15.8161 9.0531702 13.455222 16
-15.334522 7.808917 13.33444 15
-15.184231 6.7323995 13.583857 23
-15.835717 9.5662508 12.989443 6
-16.001616 8.7026253 13.449033 17
-15.62578 7.541235 13.469281 8
-15.239931 6.3714662 13.543624 5
-15.36893 7.9105058 12.736886 7
-15.823175 7.2233953 13.523945 11
-15.365632 6.0427337 13.576818 21
-15.665773 7.6375246 12.849792 13
-15.930999 6.8632517 13.50552 18
-15.468809 5.7089372 13.59643 14
-16.935398 8.7670946 13.362851 15
-16.193909 7.4740515 13.167007 13
-16.0429 6.5039396 13.498105 14
-15.534307 5.3626919 13.58719 18
-17.063723 8.3568792 13.30033 5
-16.548555 7.2107329 13.336468 8
-16.149067 6.148953 13.49355 12
-15.612181 5.0220141 13.595778 16
-16.453806 7.5939951 12.650922 4
-16.663542 6.8302112 13.310897 4
-16.030104 5.7101684 13.298759 4
-15.665842 4.67731 13.589506 6
-16.390518 7.1237216 12.458847 28
-16.539652 6.3582139 13.093355 12
-16.105803 5.3521366 13.284479 4
-17.109352 6.9999518 12.899513 25
-13.984173 4.9827118 10.880064 6
-16.094957 4.9650002 13.199822 5
-14.108685 5.3540316 10.424085 4
-13.82702 4.5876303 10.672418 33
-16.310156 4.6556125 13.319388 20
-15.440519 3.5659299 13.262725 9
-13.947611 4.9400659 10.204524 31
-13.734909 4.2279048 10.525218 6
-16.130693 4.23248 13.105988 29
-15.70062 3.2848794 13.470897 11
-13.783039 4.5362883 9.9919548 33
-13.851401 3.9406016 10.554378 2
-13.633483 3.2378669 10.930076 2
-15.64041 2.9340234 13.39545 32
-13.490362 2.9034743 10.771115 2
-15.485003 2.571239 13.241706 31
-14.479335 2.09057 12.327195 6
-13.480422 2.9021802 10.101454 2
-13.015028 1.5966538 11.004742 2
-12.903707 1.315081 10.908429 4
-12.753295 1.0371294 10.779366 3
-12.533376 0.50791758 10.611586 2
-12.847067 1.3429866 9.4688501 2
-12.66815 0.82114792 9.9797049 2
-12.440491 0.2526114 10.547037 2
-12.747656 1.056864 9.3804359 2
-12.546271 0.55110627 9.8844938 2
-12.691464 0.77835989 9.3341198 1
-12.50412 0.28997576 9.8599224 2
-11.989014 -0.47768903 10.2258 7
-12.258856 -0.2261629 9.689188 2
-11.872091 -0.71094167 10.155313 8
-12.220422 -0.47674647 9.6824141 2
-11.807269 -0.94534856 10.137664 7
-11.791042 -1.1805737 10.168539 7
-12.903184 -0.59112304 9.5562449 2
-11.758773 -1.4141818 10.188529 7
-13.98825 -0.94730479 10.441175 4
-14.03442 -0.81561482 9.7274427 46
-13.882785 -1.2420508 10.393807 16
-13.814234 -1.1109171 9.5955448 48
-13.763609 -1.5295826 10.342195 49
-12.029189 -1.7255543 9.7173233 2
-13.62845 -1.4012004 9.4920082 45
-13.663449 -1.8163264 10.309233 70
-11.997087 -1.975022 9.7438879 2
-13.474143 -1.6868428 9.4171934 59
-13.561511 -2.103215 10.279901 67
-13.368085 -1.9776604 9.3837223 67
-13.456936 -2.3840735 10.252386 54
-11.369863 -2.7648501 10.208343 2
-13.248271 -2.261883 9.3453207 69
-13.372375 -2.6687322 10.249749 67
-13.141434 -2.5455167 9.3220091 73
-13.244864 -2.9414446 10.215603 80
-13.02961 -2.8278878 9.300786 71
-13.164289 -3.2230847 10.225174 69
-12.921969 -3.107414 9.2875242 71
-13.057852 -3.4986379 10.217895 84
-12.812481 -3.3848488 9.278224 72
-12.955641 -3.7723527 10.220495 79
-12.081895 -3.8565822 10.348507 3
-10.958776 -3.8415306 10.244848 2
-12.716998 -3.6668942 9.2867632 73
-12.067031 -3.7815616 9.5614672 76
-11.99583 -4.106091 10.37002 2
-10.820776 -4.0329514 10.205572 4
-12.070244 -3.7631626 8.8675842 75
-11.866607 -3.9993637 9.4846582 66
-11.309039 -4.1187854 9.8336887 3
-11.944838 -4.0178947 8.8571873 74
-11.797217 -4.2623997 9.5249205 41
-11.806611 -4.2680669 8.8448601 67
-12.551194 -4.8685503 10.288853 79
-12.334963 -4.7918983 9.3766375 72
-12.44677 -5.1428347 10.319967 76
-12.232025 -5.071207 9.4080763 79
-12.353831 -5.4216843 10.364384 75
-12.116908 -5.3482876 9.4376822 76
-12.205569 -5.6743841 10.365131 80
-10.842186 -5.2764249 9.9687796 2
-10.315108 -5.3038964 10.385308 33
-11.992701 -5.6205091 9.4633026 76
-12.099764 -5.953207 10.411596 86
-10.169848 -5.4852457 10.365786 7
-11.877915 -5.8986225 9.504941 77
-11.411024 -5.9048414 9.9183893 2
-10.103705 -5.710145 10.434326 9
-11.765109 -6.1795411 9.5548973 78
-11.872252 -6.4984131 10.506183 80
-9.9831438 -5.9049039 10.44769 9
-11.657862 -6.4648461 9.615447 76
-11.770079 -6.7839041 10.578699 78
-9.8793316 -6.1083841 10.481969 10
-11.554419 -6.7562943 9.6869888 67
-11.652234 -7.0597563 10.639289 52
-11.481076 -7.0740185 9.7974205 65
-11.525451 -7.3332586 10.697935 32
-11.417363 -7.4021149 9.9228258 69
-11.417153 -7.6224823 10.78351 10
-11.339228 -7.7281222 10.045455 72
-11.244597 -7.8707237 10.814553 5
-11.277361 -8.0730228 10.194009 67
-9.6457577 -7.1805339 10.153969 2
-11.155251 -8.3835821 10.296753 64
-9.4221182 -7.3180113 10.094847 3
-11.041972 -8.7074451 10.420136 58
-10.931634 -9.0390863 10.554759 62
-10.81181 -9.3706636 10.690557 65
-10.259866 -9.2873974 10.366881 8
-9.1250143 -8.5774269 11.535957 2
-9.9130239 -9.3890705 10.261271 10
-9.13097 -8.6934166 10.109214 4
-10.618423 -10.546136 13.908638 6
-9.5695086 -9.4801741 10.159169 4
-9.0128107 -8.9719353 10.233259 2
-10.429266 -10.783695 13.961582 26
-8.8122053 -9.1691561 10.268143 3
-10.278397 -11.067927 14.075401 34
-10.106942 -11.339328 14.173317 17
-9.8406734 -11.491933 14.128495 12
-9.6070538 -11.684798 14.14058 6
-9.7995834 -12.465426 13.923738 15
-9.4351225 -11.966561 14.262068 4
-9.6224604 -12.799962 14.095035 27
-8.0888109 -11.158372 10.730508 3
-9.4511213 -13.163198 14.305145 9
-7.8333502 -11.35259 10.789259 6
-7.8158979 -11.263721 11.375133 18
-9.0848618 -13.230975 14.195339 7
-8.8315725 -12.739068 14.558443 13
-7.6540227 -11.679271 10.979524 16
-7.6801043 -11.630163 11.610322 27
-8.8850441 -13.56566 14.377938 7
-8.5641422 -12.900186 14.553996 14
-8.9606094 -14.548542 14.366237 14
-8.6255941 -13.807675 14.467031 4
-8.3174477 -13.096954 14.594717 17
-8.5593786 -14.60112 14.270988 8
-8.3762274 -14.076693 14.585166 14
-8.0654011 -13.288936 14.63259 12
-8.1452627 -14.858468 13.579946 17
-8.3037834 -14.938567 14.461887 4
-8.0833158 -14.269684 14.630993 11
-7.8034644 -13.469535 14.660199 5
-7.8724833 -15.210274 13.7891 7
-7.9513063 -15.08633 14.477151 9
-7.7665854 -14.41787 14.638411 11
-7.5254741 -13.621119 14.665854 11
-7.4454918 -14.904025 14.187284 8
-7.4708548 -14.630029 14.721262 8
-7.2608328 -13.810863 14.718822 14
-6.9962664 -14.802878 13.985391 6
-7.1308951 -14.730311 14.691335 9
-6.985116 -13.969913 14.740709 11
-7.0969415 -16.559404 14.731234 11
-6.9958029 -15.802874 14.826466 5
-6.7111106 -14.630383 14.474508 10
-6.7142506 -14.148973 14.78597 9
-6.730547 -16.779949 14.847651 10
-6.6067066 -15.853847 14.773664 8
-6.2731266 -14.429813 14.160533 5
-6.4224191 -14.264229 14.765073 4
-6.3084359 -16.850767 14.841546 10
-6.253551 -16.015831 14.839362 9
-5.8976245 -14.389241 14.021811 5
-6.1036339 -14.327765 14.703765 12
-5.8981481 -16.95767 14.883923 7
-5.8776188 -16.109043 14.847404 8
-5.8525605 -15.31343 14.826269 7
-5.7333374 -14.231969 14.489811 8
-5.4821086 -17.041113 14.915558 8
-5.4962459 -16.191093 14.860813 9
-5.534215 -15.494748 14.910666 8
-5.3418021 -14.058016 14.205174 9
-5.0624685 -17.106956 14.938871 8
-5.1396155 -16.360542 14.958082 8
-5.1861987 -15.570001 14.900345 9
-5.0081334 -14.022458 14.065644 4
-4.6490197 -17.184582 14.981855 6
-4.7585659 -16.423645 14.964903 9
-4.8629656 -15.739423 14.987217 7
-4.9596748 -14.992059 14.934373 6
-4.2365303 -17.259974 15.029245 8
-4.3780646 -16.495321 14.989377 10
-4.5196137 -15.831849 15.00737 7
-4.6636229 -15.154556 15.001306 7
-3.8257871 -17.319462 15.072467 8
-4.0117116 -16.622107 15.065845 7
-4.3663673 -15.309471 15.061367 3
-3.415246 -17.402283 15.145975 10
-3.6307502 -16.670473 15.080935 6
-4.0413365 -15.371533 15.037066 10
-3.0003266 -17.436277 15.185054 9
-3.2523441 -16.753916 15.13824 6
-3.4834745 -16.090481 15.082907 6
-3.7252598 -15.482287 15.067901 7
-2.5793633 -17.480185 15.244798 7
-2.8634634 -16.794319 15.168833 7
-3.1345055 -16.208746 15.156284 7
-3.0333068 -13.372025 12.955629 4
-2.160609 -17.470695 15.26597 6
-2.4825091 -16.859491 15.221021 8
-2.7772312 -16.253101 15.164251 6
-1.7448055 -17.44738 15.28139 7
-1.3317704 -17.446022 15.325953 9
-2.0682139 -16.373789 15.226962 6
-2.4311004 -15.882398 15.201142 7
-0.91921663 -17.459642 15.391551 7
-1.3298615 -16.968611 15.358113 7
-1.7113445 -16.433294 15.267917 9
-2.1001599 -15.966177 15.232896 5
-0.50851649 -17.422869 15.421246 9
-0.94371009 -16.94487 15.361901 9
-1.352356 -16.507404 15.3322 6
-1.7654643 -16.028339 15.250235 6
-0.098122992 -17.415377 15.489011 9
-0.55949163 -16.978481 15.427784 4
-0.98829663 -16.529179 15.353721 6
-1.4297546 -16.165274 15.34587 8
0.30945972 -17.332203 15.498453 6
-0.17256604 -16.97798 15.474633 6
-0.62649071 -16.602724 15.429626 4
-1.0885272 -16.194942 15.345454 6
0.71516764 -17.287867 15.549157 8
0.21250883 -16.961817 15.512984 6
-0.26377916 -16.595608 15.438003 7
-0.7430892 -16.255398 15.380217 5
1.1202378 -17.254375 15.619215 5
0.59778392 -16.954205 15.567084 7
0.1023365 -16.626961 15.491941 4
-0.3968969 -16.329851 15.434872 8
1.517012 -17.126759 15.612366 7
0.97809136 -16.885393 15.572227 4
0.46983367 -16.660635 15.548335 6
-0.049006548 -16.370449 15.463232 6
1.9209503 -17.086567 15.691966 7
1.357253 -16.820463 15.58564 6
0.83491254 -16.61442 15.543675 5
0.30374515 -16.411789 15.496669 5
2.3047762 -16.938616 15.68282 7
1.7404341 -16.777498 15.630738 5
1.2028277 -16.610189 15.581805 7
0.65732777 -16.417301 15.50575 6
2.6840577 -16.76996 15.660478 8
2.1242726 -16.74548 15.692903 9
1.5751714 -16.611719 15.637056 6
1.0168649 -16.471407 15.566133 5
3.0809031 -16.716568 15.750922 10
2.5003953 -16.668131 15.719158 6
1.9450648 -16.599588 15.68149 8
1.3801585 -16.515516 15.624712 6
3.4603422 -16.585724 15.780829 10
2.8700733 -16.562813 15.728086 5
2.312566 -16.561359 15.710614 6
1.7444715 -16.544416 15.676029 5
3.8454807 -16.47547 15.839965 10
3.249305 -16.500803 15.784446 7
2.6815431 -16.513857 15.741033 8
2.1024585 -16.517456 15.680519 7
4.22651 -16.366262 15.904305 5
3.6281626 -16.432764 15.84487 9
3.0466552 -16.444614 15.754301 12
2.4619565 -16.476612 15.678705 6
4.5755372 -16.150887 15.877739 12
3.9842038 -16.287163 15.836432 9
3.4190292 -16.40523 15.806232 8
2.8331573 -16.478329 15.726762 7
4.9242277 -15.951586 15.868044 14
4.3481088 -16.166113 15.862135 8
3.7929075 -16.355694 15.857279 9
3.2022765 -16.455059 15.758918 11
5.2607512 -15.725737 15.844381 13
4.7015963 -16.010509 15.8608 13
4.1426578 -16.226339 15.836013 6
3.5804198 -16.460276 15.825271 12
5.6033778 -15.530504 15.856904 9
5.0433817 -15.83841 15.847407 13
4.5167947 -16.161697 15.887169 8
3.9529495 -16.424797 15.857507 7
5.9321346 -15.313899 15.853303 11
5.3862071 -15.669219 15.848042 11
4.8618832 -16.018497 15.867897 14
4.3167791 -16.346758 15.860557 6
6.2557297 -15.093527 15.848658 10
5.7217965 -15.494353 15.845614 7
5.2103105 -15.885113 15.864672 16
4.6827307 -16.272617 15.873608 13
6.5635157 -14.852901 15.830808 14
6.0572462 -15.316516 15.848114 11
5.5586758 -15.750752 15.868376 15
5.0406022 -16.170906 15.866472 15
6.8788972 -14.629918 15.841008 7
6.3776655 -15.115508 15.832345 15
5.8559356 -15.489127 15.7512 17
5.3946519 -16.056656 15.854035 16
7.167552 -14.369549 15.81169 13
6.6957355 -14.912799 15.823411 10
6.2324772 -15.424518 15.839195 12
5.7390866 -15.905658 15.814698 16
7.4542785 -14.115819 15.796819 12
7.0213265 -14.729205 15.841111 8
6.5604076 -15.243934 15.820921 15
6.1067052 -15.815248 15.843958 17
7.7399201 -13.861031 15.787037 15
7.3149076 -14.489169 15.803373 11
6.8952422 -15.080025 15.823627 12
6.4722309 -15.711985 15.866992 15
8.0222998 -13.613356 15.790039 12
7.6228948 -14.277436 15.804639 13
7.229187 -14.912175 15.828189 9
6.8135023 -15.545926 15.837602 17
8.303854 -13.368686 15.801023 11
7.9160304 -14.048448 15.791819 10
7.5457664 -14.717173 15.812723 12
7.1749053 -15.420887 15.854733 12
8.5501804 -13.078691 15.767028 14
8.2283573 -13.851354 15.821447 8
7.8760543 -14.53844 15.825413 14
7.5148344 -15.251912 15.83642 13
8.7951412 -12.79686 15.743682 14
8.5025539 -13.597279 15.794392 12
8.1852217 -14.330831 15.810737 12
7.8780427 -15.118858 15.866316 13
9.0538635 -12.53734 15.751534 13
8.7791157 -13.354057 15.783405 14
8.4847651 -14.107671 15.785954 9
8.2068539 -14.923458 15.836801 14
9.3064022 -12.274081 15.762338 10
9.0556898 -13.111819 15.778423 15
8.7926903 -13.896082 15.783263 15
8.5526447 -14.755217 15.844482 7
9.5246944 -11.977429 15.732824 13
9.3217382 -12.857053 15.76834 13
9.0995951 -13.684527 15.784569 12
8.8811111 -14.550764 15.822928 17
9.739172 -11.682798 15.708326 13
9.5483608 -12.558923 15.707952 8
9.4023275 -13.462847 15.786948 13
9.2138977 -14.351776 15.817636 19
9.9433136 -11.378494 15.678811 14
9.8200531 -12.318653 15.725993 15
9.7312326 -13.277102 15.837448 6
9.5422487 -14.146317 15.810993 19
10.162914 -11.110016 15.688533 11
10.076483 -12.076571 15.735817 13
9.9698811 -12.991011 15.764817 13
9.8849297 -13.972429 15.838151 8
10.383197 -10.836337 15.703937 4
10.305606 -11.792646 15.70524 15
10.25165 -12.747757 15.760686 13
10.17632 -13.713893 15.788028 18
10.550581 -10.519223 15.656839 15
10.564362 -11.544938 15.730403 9
10.520787 -12.490165 15.742637 14
10.479694 -13.471275 15.768042 14
10.735934 -10.222433 15.648153 13
10.737613 -11.213189 15.650358 12
10.802575 -12.246914 15.755107 11
10.79003 -13.233274 15.759236 17
10.905107 -9.9115257 15.623162 19
10.980755 -10.952977 15.672016 19
11.057337 -11.972312 15.737825 14
11.130465 -13.026845 15.798735 11
11.079316 -9.6145525 15.618395 13
11.189821 -10.660748 15.654641 15
11.310859 -11.701359 15.727929 12
11.391826 -12.732882 15.743918 14
11.262553 -9.3297338 15.63622 16
11.398176 -10.374913 15.650618 16
11.554431 -11.418049 15.711138 15
11.691648 -12.480107 15.746582 19
11.386819 -9.0005722 15.585239 7
11.625265 -10.106028 15.676111 9
11.789635 -11.129836 15.692228 12
11.991689 -12.220951 15.747797 15
11.579036 -8.727911 15.62564 16
11.789977 -9.78479 15.626165 13
11.941061 -10.769353 15.576077 4
12.284521 -11.95406 15.749871 10
11.044181 -7.9631238 14.76967 4
11.997142 -9.5005236 15.638412 14
12.279367 -10.566127 15.69326 10
12.54253 -11.648678 15.715022 13
11.294068 -7.7486072 14.905972 9
12.164742 -9.1859951 15.611813 16
12.490877 -10.260019 15.666178 14
12.830638 -11.372499 15.721745 17
11.572071 -7.5496402 15.083124 11
13.094372 -11.072353 15.710744 10
11.918074 -7.3809052 15.346077 9
12.502754 -8.5735807 15.59347 16
12.913776 -9.6423159 15.646475 15
13.336775 -10.753569 15.691214 17
12.173583 -7.1507998 15.512449 11
12.693092 -8.2778835 15.618665 14
13.141547 -9.3463898 15.662992 16
13.619004 -10.461664 15.714657 14
12.345474 -6.875958 15.576663 15
12.127512 -7.5437627 14.784207 6
13.334512 -9.0282192 15.642676 9
12.432593 -6.5592303 15.544709 4
12.400692 -7.3194289 14.924777 9
12.75228 -7.1303329 15.15757 14
14.19653 -9.4037514 15.538472 21
13.019053 -6.887114 15.300638 10
12.668783 -7.3859472 14.316906 30
14.007887 -8.8235292 15.110688 33
12.456796 -5.5229158 15.228828 6
13.020473 -6.5105829 15.154896 38
12.613168 -6.9677238 14.086975 39
12.762494 -7.6708794 13.644225 9
12.603001 -5.2411261 15.305974 19
12.948733 -6.1065626 14.945165 26
12.98133 -6.7673688 14.311468 43
12.639876 -7.1924653 13.331334 58
12.492272 -4.865325 15.086173 23
12.646168 -5.6194887 14.4927 22
12.954443 -6.3775759 14.129816 27
12.845745 -6.9076195 13.358779 50
12.315308 -4.4856062 14.805285 23
12.511785 -5.2278128 14.234099 28
12.960176 -6.0138798 13.989847 79
13.236773 -6.7119713 13.571089 59
12.082325 -4.0988851 14.470467 29
12.38428 -4.846405 13.991147 42
12.893851 -5.6249299 13.789407 49
13.154912 -6.2880774 13.332523 56
11.945845 -3.7562492 14.254858 31
12.392043 -4.5260444 13.903617 71
12.744081 -5.2137966 13.513294 44
13.013317 -5.8503675 13.049215 50
11.830654 -3.4339244 14.043055 33
12.365117 -4.1994309 13.761627 44
12.615613 -4.8238688 13.246995 60
12.877964 -5.4256806 12.760368 49
11.751449 -3.1279407 13.903878 33
12.234381 -3.8476357 13.543963 47
12.480443 -4.4458308 13.008791 48
12.723044 -5.012116 12.491548 53
11.739569 -2.8389907 13.847231 53
12.096666 -3.5027802 13.33064 46
12.351954 -4.0769796 12.789154 42
12.573566 -4.6116347 12.23835 57
11.710073 -2.5539045 13.776915 50
11.968754 -3.1683416 13.132579 44
12.221261 -3.7217116 12.575034 48
12.441801 -4.2294426 12.01316 48
10.789752 -2.111531 12.73157 2
11.871881 -2.8547261 12.975204 44
12.091885 -3.3747845 12.370639 55
12.298072 -3.8553209 11.787872 59
10.627705 -1.8322746 12.533362 40
11.752245 -2.5425181 12.804312 56
11.962364 -3.0370271 12.179617 54
12.166821 -3.4966409 11.584788 60
10.519373 -1.5694675 12.395297 51
10.783005 -2.0855925 11.77557 8
11.840654 -2.7117338 12.000469 55
12.042676 -3.1473916 11.395063 67
10.536 -1.3275584 12.398613 16
10.637841 -1.8002378 11.591646 64
11.720012 -2.3932507 11.828591 65
11.816706 -2.7857499 11.123354 53
11.118589 -1.1421822 13.026837 21
10.550249 -1.5341766 11.471048 59
10.714928 -1.9324944 10.831146 68
11.567439 -2.4320581 10.838106 63
11.114329 -0.88909471 13.012412 39
10.809007 -1.3139275 11.70546 11
10.621032 -1.6548048 10.701178 70
10.785939 -2.0012109 10.100316 65
11.019852 -0.63398093 12.903919 45
11.199281 -1.096517 12.076495 55
10.675805 -1.4038566 10.716958 28
10.68703 -1.7141306 9.9669724 66
10.925361 -0.38343146 12.803727 44
11.128031 -0.82878274 11.98741 55
11.210207 -1.1952094 11.189615 44
10.707641 -1.4451449 9.9481668 29
10.82023 -0.13242741 12.704171 42
11.021356 -0.56073779 11.875036 59
11.08126 -0.91235852 11.045465 58
11.113766 -1.2169517 10.264561 67
10.737209 0.1099634 12.62479 41
10.934868 -0.30176926 11.782412 52
10.880592 -0.63270479 10.839959 56
11.09129 -0.93512595 10.215003 75
10.65282 0.34806383 12.549014 37
10.836922 -0.046284713 11.6834 51
10.771151 -0.36670887 10.724893 62
11.076678 -0.65764457 10.178863 81
10.560197 0.58396113 12.467544 38
10.744617 0.20458646 11.593957 51
10.661541 -0.10665626 10.61533 64
11.049973 -0.38075882 10.137806 50
10.467727 0.81383318 12.39018 44
10.649433 0.45232815 11.508511 51
10.566041 0.14917578 10.521863 65
11.019364 -0.10681717 10.098742 33
10.393178 1.0420134 12.335918 42
10.557437 0.69377142 11.429107 56
10.469548 0.40234095 10.436417 64
10.98467 0.16487519 10.065677 9
10.309436 1.2722727 12.282196 41
10.460591 0.93868679 11.355019 70
10.376811 0.65465885 10.362061 63
10.223146 1.4960157 12.221626 41
10.375932 1.1766621 11.293528 63
10.284007 0.8991859 10.290892 65
10.747696 0.70767879 9.8717728 8
10.126137 1.7134697 12.160473 41
10.295794 1.4112726 11.244649 52
10.21028 1.143723 10.24291 66
10.041838 1.9316393 12.112239 51
10.206892 1.6420447 11.188452 59
10.140696 1.3861985 10.202914 63
9.9513264 2.1448772 12.061415 53
10.087214 1.8649268 11.104375 63
10.08402 1.6271967 10.178101 53
9.8831263 2.3597031 12.034267 50
9.9810743 2.0871446 11.037773 58
10.010031 1.8639185 10.142708 60
9.8120499 2.5655792 11.99159 52
9.8858385 2.3021872 10.968786 60
9.953023 2.0981073 10.112769 57
10.279698 1.979881 9.566452 6
9.7390738 2.7764888 11.969989 45
9.780591 2.5170052 10.911177 58
9.8567524 2.3277547 10.065485 65
9.6493034 2.9848828 11.934669 43
9.679636 2.7345309 10.865707 60
9.8047791 2.5682292 10.067101 67
9.5687971 3.1948283 11.918012 42
9.5888805 2.9529674 10.835963 65
9.7184114 2.8008671 10.04335 61
9.4752493 3.3979867 11.886606 52
9.4886236 3.1666825 10.800787 59
9.6203108 3.0275795 10.013461 66
9.4069815 3.610918 11.890211 47
9.3956718 3.379493 10.778221 65
9.5554514 3.2607348 10.018032 62
9.8811007 3.2309887 9.4867029 4
8.6776094 3.5705631 11.117713 20
9.1959305 3.5543914 10.641203 57
9.4838161 3.4957628 10.02325 70
9.6326008 3.4238744 9.3344049 61
8.5330038 3.7361505 11.031168 56
8.6600513 3.5946229 10.147383 59
8.764473 3.493576 9.3933306 23
9.0099516 3.4783859 8.8479633 22
8.4520187 3.9247723 11.019929 54
8.5921421 3.802918 10.157072 59
8.6599083 3.6991999 9.36868 65
8.7255735 3.6307087 8.6661682 65
8.3771334 4.1157765 11.01936 36
8.5126362 4.0067277 10.158443 66
8.5758133 3.913594 9.3711596 67
8.6213808 3.8469529 8.6536827 66
9.0017319 4.63836 11.875975 54
9.0087748 4.4739609 10.799523 70
8.4632387 4.1123257 9.3479948 5
8.5121412 4.0590644 8.6404963 42
8.9030495 4.8360853 11.862907 57
8.9541445 4.7054844 10.845736 58
8.9854259 4.6160178 9.9815998 64
9.1738415 4.632297 9.3589296 62
8.8368778 5.0559831 11.900487 45
8.8762131 4.9301209 10.871139 64
8.872591 4.8307614 9.9733667 56
9.0917864 4.8772488 9.38766 58
8.7519951 5.2614546 11.912125 47
8.8150196 5.1636739 10.919802 56
8.7558012 5.0445971 9.9645061 64
8.6752043 5.472249 11.938538 48
8.7472391 5.3939834 10.965173 72
8.6756039 5.2784719 10.001021 59
8.59583 5.685082 11.970269 42
8.6671371 5.6207924 11.002928 64
8.5708427 5.5001454 10.019617 59
8.5066099 5.894434 11.994998 46
8.5840302 5.8485498 11.0456 64
8.453392 5.717422 10.030007 63
8.434824 6.1161876 12.043505 43
8.496109 6.0746126 11.085936 69
8.3725405 5.9563074 10.085793 65
8.7908487 6.22963 9.7592621 3
8.3565712 6.3438654 12.096437 41
8.4056721 6.3119731 11.136383 68
8.2687483 6.1917162 10.125424 63
8.6257935 6.443646 9.7467022 8
8.2691698 6.5616155 12.135764 45
8.3094797 6.5400662 11.182719 63
8.180335 6.434444 10.189818 61
8.4551725 6.6519527 9.7400866 22
8.1810799 6.7806387 12.189182 44
8.2179956 6.7728391 11.240459 61
8.0859175 6.675467 10.251835 63
8.3098183 6.8776088 9.7606983 34
8.0891666 6.9987683 12.235953 39
8.1271057 7.0099287 11.30629 52
7.9830999 6.91184 10.311689 56
8.1385145 7.0846376 9.7623463 44
8.0063934 7.228869 12.302148 38
8.0377913 7.2528305 11.380363 48
7.9000411 7.1722813 10.403571 46
7.9617009 7.2857761 9.7615805 44
7.9304929 7.4688964 12.386804 38
7.9352145 7.4897661 11.445699 52
7.883996 7.4933515 10.584388 53
7.8048968 7.5059786 9.7908506 44
7.8317146 7.6789269 12.423056 40
7.8577075 7.7371964 11.532017 48
7.8462443 7.7921367 10.732756 48
7.6992755 7.7563515 9.8668928 48
7.7474284 7.9190464 12.50765 32
7.7654104 7.9904609 11.624617 53
7.7575002 8.0680542 10.847403 57
7.5836473 8.0208035 9.9595051 51
7.6534352 8.1596107 12.589657 32
7.6630077 8.2453232 11.716504 43
7.6573625 8.3427563 10.959222 51
7.4754267 8.3000011 10.073242 44
7.5663328 8.4127254 12.689605 33
7.5625429 8.5068579 11.820337 38
7.5483818 8.6159334 11.068959 50
7.3552775 8.5736055 10.183067 47
7.460248 8.6527014 12.772954 44
7.4503102 8.7634745 11.919927 51
7.4338293 8.8933964 11.188803 53
7.2912297 8.9205217 10.379163 48
7.3527331 8.9002266 12.86408 33
7.3531547 9.0456438 12.054019 39
7.3215899 9.1799316 11.320783 51
7.2891049 9.3515234 10.672268 59
7.2541518 9.163332 12.979659 40
7.2388449 9.3161716 12.171066 58
7.1651201 9.4255762 11.401198 29
6.838675 9.2609625 10.375455 17
7.1436162 9.4171028 13.080063 64
6.9442415 9.3749723 12.015803 12
6.6425972 9.2213106 10.950195 23
6.4644971 9.2451029 10.174891 55
6.7562299 9.3381243 12.725547 12
6.4563928 9.1822109 11.555894 31
6.3931465 9.334465 10.891911 62
6.341917 9.540617 10.327852 60
6.3689413 9.2391262 12.360886 36
6.3301497 9.432271 11.664018 48
6.2674851 9.6124964 11.032101 59
6.7640028 10.613608 11.311463 50
6.2659473 9.5037384 12.489543 45
6.2024384 9.6888494 11.782595 52
6.6909928 10.684785 12.070918 54
6.6136918 10.938773 11.48968 60
6.1556077 9.765523 12.617189 28
6.6252112 10.765837 12.880697 49
6.5573287 11.022779 12.262338 42
6.4743905 11.305804 11.705842 58
6.429935 10.616523 13.484697 33
6.4695716 11.04698 13.011604 81
6.4166431 11.362057 12.460238 41
6.3308115 11.674787 11.931549 49
6.307364 10.911858 13.640828 34
6.2728729 11.268764 13.077392 56
6.2765489 11.71583 12.67389 52
6.1847672 12.06452 12.180094 45
6.2817087 11.374283 14.000883 21
6.0961022 11.532665 13.197064 41
6.1348844 12.090888 12.913583 56
6.0169859 12.440402 12.414682 47
6.1902428 11.761542 14.263033 29
5.9532309 11.867424 13.397067 44
5.9114523 12.336748 13.016308 65
5.8552294 12.853682 12.691301 50
6.0298996 12.048294 14.402044 17
5.8213167 12.245046 13.646832 31
5.691299 12.600218 13.14263 42
5.6625419 13.230029 12.933245 73
5.7217598 12.08021 14.237134 10
5.7824183 12.827323 14.118975 38
5.5229616 12.985068 13.399343 44
5.3774977 13.452342 13.025263 50
5.5052671 12.295972 14.292399 6
5.5921702 13.172272 14.320388 17
5.4410553 13.605058 13.888469 26
5.1896129 13.89889 13.341323 37
5.2333031 13.153723 14.144024 8
5.2807717 14.091059 14.25027 22
5.0981002 14.622025 13.932819 36
4.8896103 14.051923 14.086276 13
4.8526917 15.020583 14.209866 29
4.8412933 12.922873 14.475775 15
4.4750376 15.081458 14.177535 8
4.5793519 13.056915 14.457976 16
4.4875546 13.836516 14.435828 16
4.3569412 14.59142 14.398414 12
4.1234488 15.204187 14.212723 9
4.321156 13.201753 14.459596 12
4.1825848 13.934196 14.408247 16
4.0155349 14.673415 14.375747 18
3.7003982 15.092813 14.037219 13
4.0614076 13.338644 14.465286 15
3.8813972 14.03828 14.40084 14
3.6795444 14.752084 14.366193 14
3.2498484 14.837446 13.744817 13
3.7778831 13.424217 14.410997 9
3.5674765 14.10756 14.357382 3
3.3161275 14.746997 14.276607 7
2.8499432 14.716424 13.581321 12
3.5123236 13.568865 14.426658 20
3.2723906 14.238955 14.383871 14
2.9681146 14.772742 14.226036 14
2.4876661 14.722583 13.544708 6
3.2353797 13.680889 14.412334 15
2.9614146 14.327495 14.372377 16
2.5828927 14.641245 14.031676 12
2.2991214 15.579734 14.296761 20
2.950557 13.7695 14.382028 16
2.6532269 14.419199 14.371893 16
2.2067447 14.487083 13.825449 10
1.9255556 15.589473 14.278057 4
2.3301013 14.452109 14.319381 5
1.8336203 14.296056 13.593213 12
1.553949 15.605532 14.275145 19
2.3862355 13.98637 14.373096 18
1.9901077 14.389391 14.179517 13
1.4980824 14.269916 13.529143 6
1.1872888 15.611272 14.273818 17
2.1012478 14.081652 14.371675 16
1.64898 14.270203 14.000702 13
1.2905552 15.120571 14.305611 13
0.81941187 15.600705 14.270812 17
1.8115326 14.15836 14.357628 17
1.3139974 14.139887 13.81653 13
0.94783705 15.132675 14.291245 15
0.45222566 15.580493 14.260794 10
1.5045918 14.17127 14.280291 25
0.97497684 13.942221 13.57008 11
0.6032443 15.13842 14.277313 9
0.085767783 15.560522 14.259506 13
1.1781487 14.029439 14.050328 13
0.66342801 13.916623 13.4989 8
0.26089579 15.163848 14.2887 12
-0.27708647 15.530028 14.254808 13
0.86725998 13.954755 13.899052 8
0.35666448 13.914526 13.454418 3
-0.079585366 15.191505 14.307918 8
-0.65956354 13.288667 12.223757 3
0.55561435 13.81675 13.690037 12
0.10514385 14.814075 14.29022 13
-0.42213163 15.178833 14.295421 13
-0.99853635 15.480341 14.280467 9
0.25059387 13.70114 13.510028 12
-0.21804217 14.856436 14.300605 12
-0.76412117 15.150218 14.277893 7
-1.3542451 15.400038 14.253985 13
-0.040666994 13.728698 13.480725 4
-0.54327285 14.857531 14.280133 12
-1.1059223 15.179788 14.32023 7
-1.7079067 15.339898 14.256473 14
-0.30259469 14.633853 14.315334 12
-0.86812705 14.872686 14.27963 8
-1.445861 15.110103 14.279841 10
-2.0605083 15.277887 14.261883 15
-0.61641061 14.693695 14.324621 14
-1.1925956 14.880056 14.277897 13
-1.7810396 15.066004 14.269087 10
-2.407865 15.191232 14.254166 10
-0.92942059 14.737656 14.326806 4
-1.5205857 14.877205 14.273233 11
-2.1184936 15.025628 14.27059 12
-2.7544301 15.126391 14.273806 6
-1.2466605 14.762959 14.317543 13
-1.8438747 14.865283 14.26793 12
-2.4542897 14.979309 14.272126 9
-3.0958002 15.023813 14.267405 14
-1.5610243 14.755526 14.282028 16
-2.1724763 14.85962 14.277996 12
-2.7860427 14.909216 14.259525 13
-3.4354606 14.926333 14.271888 5
-1.8812737 14.790116 14.296264 16
-2.4994402 14.851555 14.288731 7
-3.1161797 14.837903 14.253408 12
-3.7663753 14.803923 14.260903 20
-2.2012842 14.787258 14.279039 15
-2.8249023 14.811452 14.278566 12
-3.4483743 14.786592 14.273225 10
-4.0997825 14.71053 14.283823 13
-2.5247722 14.793315 14.277761 8
-3.1527822 14.781338 14.284346 9
-3.7719171 14.685555 14.253221 11
-4.4179811 14.558693 14.256994 24
-2.8461454 14.785731 14.270378 12
-3.4759238 14.724807 14.270984 12
-4.1020579 14.621858 14.27381 8
-4.7452745 14.449082 14.280727 18
-3.1750302 14.785882 14.281025 10
-3.8020806 14.660826 14.261792 13
-4.4244475 14.516026 14.266648 13
-5.0661788 14.308352 14.282569 14
-3.5007949 14.757979 14.268623 15
-4.1244597 14.599047 14.259554 9
-4.7489114 14.430109 14.283571 16
-5.3793206 14.167837 14.288691 17
-3.8308814 14.750937 14.283178 12
-4.4527802 14.551018 14.274249 18
-5.0655823 14.32254 14.285439 13
-5.6857882 14.009593 14.285821 19
-4.1589527 14.721916 14.283789 8
-4.771184 14.462319 14.261076 13
-5.3786697 14.202049 14.279402 16
-5.9802074 13.831842 14.267063 17
-4.4824386 14.662021 14.263498 16
-5.0957623 14.398485 14.277793 7
-5.6847696 14.062849 14.264454 16
-6.2841091 13.682826 14.284162 15
-4.8094125 14.611097 14.257075 16
-5.4149933 14.306941 14.275463 12
-5.9949288 13.944782 14.276196 16
-6.5801854 13.517387 14.294074 20
-5.1369047 14.551337 14.24846 12
-5.7284546 14.200737 14.264088 13
-6.2936153 13.79707 14.264168 22
-6.8781195 13.36773 14.325182 11
-5.4737287 14.514978 14.274094 12
-6.0443063 14.099039 14.26517 15
-6.6125746 13.698472 14.313222 15
-7.1500549 13.166013 14.306724 4
-5.7979364 14.433173 14.261825 15
-6.3574014 13.986706 14.264047 19
-6.90628 13.537861 14.304025 12
-7.4208698 12.961165 14.294931 23
-6.1265631 14.359045 14.265354 16
-6.6679907 13.869302 14.265839 17
-6.1380224 11.167635 11.936766 8
-7.6741304 12.735951 14.261763 17
-6.4551454 14.273807 14.264282 17
-6.9915314 13.777377 14.299822 7
-7.4604287 13.168495 14.251135 15
-7.9213033 12.507998 14.231643 19
-6.784853 14.189553 14.274201 18
-6.184525 11.310479 11.851089 87
-7.731009 12.974621 14.226779 18
-8.1599436 12.273467 14.198646 15
-7.1067972 14.075641 14.26229 12
-7.5718865 13.448214 14.238596 15
-7.9914804 12.767621 14.190377 19
-8.395525 12.042602 14.17545 12
-7.4321742 13.971098 14.267046 11
-7.8581915 13.273985 14.209905 17
-8.2541227 12.572223 14.172986 19
-8.630827 11.815307 14.159354 18
-7.7364287 13.814832 14.228271 17
-8.14851 13.114411 14.202236 17
-8.5048676 12.357233 14.142747 9
-8.8568239 11.581401 14.141343 24
-8.0307703 13.639921 14.175627 19
-8.4091148 12.900882 14.143951 19
-8.7592659 12.155106 14.130498 15
-8.4529533 10.490538 13.062123 4
-8.3361301 13.485628 14.154908 23
-8.6904383 12.72061 14.130462 9
-9.0083656 11.945154 14.115295 21
-8.6838465 10.311514 13.10095 12
-8.6394567 13.32444 14.135125 17
-8.9526482 12.517425 14.095975 14
-9.2402401 11.715599 14.083011 16
-8.9326229 10.157924 13.177314 17
-8.9294586 13.140244 14.10837 17
-9.230094 12.335458 14.104324 17
-9.4823961 11.501815 14.087535 16
-9.2064686 10.027221 13.307907 14
-9.2371902 12.980893 14.104306 12
-9.4829187 12.116411 14.066751 16
-9.6819544 11.237909 14.022551 9
-9.5256939 9.947011 13.502782 14
-9.5142794 12.774559 14.059937 17
-9.7518606 11.922425 14.064455 17
-9.2657776 10.235817 13.024927 2
-9.8238354 9.835413 13.669272 15
-9.8037958 12.586881 14.042647 17
-9.9954805 11.695785 14.032552 15
-9.4933558 10.047165 13.046013 7
-10.122894 9.7149467 13.837584 15
-10.074405 12.372987 14.005381 6
-10.231237 11.462381 13.997571 17
-9.7406359 9.8805847 13.104795 16
-10.399543 9.5673466 13.976132 22
-10.345832 12.155069 13.971142 20
-10.473514 11.238767 13.98155 17
-10.018539 9.7438583 13.213318 16
-10.556906 9.3023224 13.949789 13
-10.625859 11.949328 13.948979 17
-10.708126 11.001904 13.945943 17
-10.353074 9.6593084 13.393072 12
-10.760596 9.0810413 13.985795 25
-10.876091 11.709309 13.90398 13
-10.954519 10.784452 13.950849 18
-10.608882 9.4869108 13.472709 10
-10.915949 8.8206587 13.97333 24
-10.788686 11.093585 13.413078 4
-11.178964 10.542873 13.931809 13
-10.996716 9.4331188 13.738069 13
-11.066847 8.560997 13.964919 19
-11.411833 11.264448 13.880179 17
-10.693962 9.6131248 12.990664 6
-11.266312 9.2617788 13.843582 13
-11.210575 8.2976389 13.955569 23
-11.657211 11.017664 13.851069 22
-10.950674 9.4301424 13.045327 14
-11.493614 9.0470161 13.897557 20
-11.353433 8.0373049 13.953269 23
-11.914045 10.77947 13.843908 16
-11.26929 9.2998123 13.18542 13
-11.675991 8.7949762 13.898906 17
-11.509252 7.7904062 13.976771 11
-12.150086 10.521084 13.816829 20
-11.608468 9.1770411 13.352202 11
-11.793596 8.4962273 13.827685 3
-11.61149 7.5056562 13.936742 18
-12.126462 10.031857 13.499427 12
-11.955218 9.0474615 13.535872 13
-11.989552 8.2572231 13.873456 20
-11.73493 7.2374768 13.942572 22
-12.645951 10.019548 13.822353 15
-12.294706 8.9033146 13.701489 17
-12.133814 7.9808135 13.851857 26
-11.828814 6.95717 13.910456 24
-12.08848 9.1181202 12.911346 8
-12.549114 8.6861248 13.772314 17
-12.303884 7.7250681 13.869497 17
-11.944163 6.6938615 13.915607 21
-12.362933 8.9153271 12.975272 13
-12.75803 8.4341497 13.795806 16
-12.430293 7.442492 13.844492 16
-12.043307 6.4213858 13.903651 29
-12.698848 8.7491674 13.110454 17
-12.925842 8.1537027 13.778411 16
-12.566463 7.1694407 13.8373 24
-12.136596 6.1521797 13.895746 24
-13.108096 8.6241131 13.324069 10
-13.07184 7.8581409 13.744234 11
-12.689266 6.8899426 13.822239 15
-12.232032 5.8849173 13.898839 23
-13.500125 8.4747171 13.521949 16
-13.235481 7.5748582 13.738067 15
-12.81926 6.6151109 13.825347 15
-12.293414 5.6039042 13.866486 5
-13.80636 8.2546844 13.630708 23
-13.396209 7.2917814 13.735815 16
-12.924729 6.3283744 13.803377 24
-12.408899 5.3519607 13.908275 23
-14.038067 7.9836817 13.666794 25
-13.545666 7.0001359 13.728548 19
-13.020185 6.0400085 13.78147 23
-12.472922 5.0759392 13.890534 23
-14.200486 7.6693268 13.636461 18
-13.685094 6.7058144 13.719318 16
-13.13645 5.7627192 13.789362 21
-12.534219 4.8039699 13.879805 35
-14.402137 7.3753953 13.655877 24
-13.821346 6.4086199 13.711194 16
-13.230111 5.4763579 13.778495 17
-12.59256 4.5331693 13.874112 27
-14.622328 7.0897813 13.700106 6
-13.937128 6.1023216 13.692161 15
-13.301262 5.1819811 13.749761 17
-12.656109 4.2672405 13.879407 23
-14.710573 6.737493 13.622517 19
-14.081648 5.8109288 13.710082 5
-13.422655 4.9086432 13.784787 24
-12.715497 3.9994934 13.88583 18
-14.843085 6.4064636 13.596627 16
-14.177986 5.4994764 13.68638 16
-13.447887 4.6021447 13.722543 7
-12.745426 3.7259316 13.864467 22
-15.014729 6.0938931 13.615433 17
-14.295855 5.195188 13.69252 17
-13.585894 4.3371844 13.788412 12
-12.810321 3.4650059 13.891768 26
-15.152618 5.7656889 13.611382 10
-14.409828 4.8900566 13.699526 15
-13.663554 4.0486231 13.794609 23
-12.825386 3.1931129 13.867375 17
-15.280177 5.432025 13.605432 17
-14.479803 4.5718699 13.671955 13
-13.699362 3.7519639 13.765245 22
-12.163499 2.7571945 13.071008 3
-15.383988 5.089416 13.582213 16
-14.598554 4.2668099 13.697594 9
-13.769732 3.4649863 13.776217 16
-12.288993 2.5282488 13.183584 7
-15.50349 4.7530746 13.583302 15
-14.655447 3.9450982 13.672078 16
-13.825171 3.1744452 13.781639 23
-12.625486 2.3396792 13.546853 11
-15.546471 4.3928432 13.523998 4
-14.748092 3.6339707 13.688327 15
-13.811463 2.8706501 13.71966 13
-12.87698 2.1234334 13.817924 15
-15.580357 4.0339179 13.466028 4
-14.817149 3.3157229 13.691032 13
-13.911777 2.5923238 13.784899 5
-12.954516 1.8701854 13.894124 20
-15.499631 3.6497779 13.312533 5
-14.867309 2.9954028 13.681437 12
-13.251562 2.1804595 13.060358 8
-12.951068 1.6071304 13.883829 22
-15.745559 3.3424013 13.460666 10
-14.885047 2.6692832 13.648124 8
-13.574004 1.9492271 13.371733 10
-12.962016 1.34742 13.896372 22
-15.67045 2.9658678 13.330078 20
-14.83488 2.3318324 13.557304 4
-13.968936 1.7160653 13.764688 12
-12.950671 1.0856103 13.890137 26
-15.554039 2.5890567 13.170842 12
-14.275136 1.9279459 12.98309 3
-14.011699 1.4260443 13.795108 26
-12.937432 0.82594091 13.88386 15
-14.326226 1.6255759 13.00558 31
-14.014036 1.1357098 13.791954 15
-12.929245 0.56911296 13.890713 11
-13.085689 1.5731422 10.899164 2
-14.201201 1.3043221 12.867393 3
-14.022463 0.84614462 13.799789 13
-12.918083 0.3124207 13.900586 11
-12.867463 1.2606848 10.682566 3
-14.867789 1.0481814 13.492734 41
-13.986507 0.55438268 13.769928 11
-12.891893 0.057340857 13.897556 13
-12.78315 0.96982622 10.589971 3
-14.796275 0.7258004 13.4201 42
-13.96189 0.26516825 13.755851 10
-12.902279 -0.19619082 13.943111 13
-12.662913 0.68345332 10.473492 2
-14.700737 0.40547019 13.331584 24
-13.914157 -0.021982417 13.72497 4
-12.871128 -0.45089376 13.945074 14
-12.544807 0.40218273 10.365123 3
-12.386704 0.078799732 11.122033 2
-13.869512 -0.30713886 13.70614 4
-12.857314 -0.70123124 13.97194 16
-12.345071 -0.18251738 11.095103 2
-13.781836 -0.58662766 13.64555 6
-12.787215 -0.94944525 13.939116 14
-12.189005 -0.43843606 10.966806 3
-13.729505 -0.86772949 13.627625 5
-12.783625 -1.2014267 13.988793 18
-11.815372 -0.67154968 10.631893 47
-13.716498 -1.1503881 13.65742 9
-12.726846 -1.4492748 13.980782 21
-11.728501 -0.91421616 10.57806 44
-13.698557 -1.4328228 13.690222 10
-12.684306 -1.6956725 13.994659 19
-12.102527 -0.93376833 10.048584 2
-11.627677 -1.1543026 10.516313 49
-13.644559 -1.7107943 13.690254 10
-12.60573 -1.936615 13.972763 29
-11.537165 -1.3897841 10.470485 59
-13.538525 -1.9806615 13.639609 17
-12.555327 -2.179672 13.986684 15
-11.760999 -1.6719607 10.736672 2
-13.527663 -2.2642243 13.699426 18
-12.511839 -2.4258852 14.013611 20
-11.723577 -1.680748 9.8279476 4
-13.443957 -2.5339019 13.684587 23
-12.4466 -2.6652522 14.022585 20
-13.352321 -2.8001468 13.66783 41
-12.373353 -2.9022164 14.023638 19
-13.269663 -3.0697303 13.668025 34
-12.304182 -3.1393278 14.035665 17
-13.193124 -3.3378942 13.680252 34
-12.221002 -3.374208 14.035841 28
-11.28741 -2.8409588 10.597685 3
-12.880724 -3.5362666 13.434782 41
-12.155945 -3.6114807 14.062829 14
-11.347857 -2.9197109 9.8044405 4
-12.294215 -3.6375604 12.886926 25
-11.512111 -3.6506541 13.372201 19
-11.25945 -3.1600358 9.8046045 4
-12.143948 -3.8643751 12.827466 63
-12.002942 -4.0800343 14.100964 21
-11.178041 -3.4026301 9.8177242 3
-12.05649 -4.1086984 12.843631 64
-11.897241 -4.3026257 14.092196 20
-11.046998 -3.6291976 9.7881374 4
-12.698053 -4.6382685 13.705628 37
-11.805514 -4.5297704 14.106352 16
-11.013269 -3.8897173 9.859993 2
-10.840048 -3.9842937 10.618403 5
-12.599032 -4.8971133 13.728922 48
-11.704912 -4.7525826 14.111567 20
-10.945821 -4.138886 9.9060497 2
-12.504975 -5.1581979 13.76418 44
-11.600301 -4.9751716 14.118842 15
-10.816998 -4.3634171 9.8975267 2
-12.395012 -5.4142542 13.788706 45
-11.490822 -5.1932826 14.122263 29
-10.724796 -4.6042614 9.9328756 1
-12.292059 -5.6725755 13.827196 39
-11.384329 -5.4134989 14.135674 22
-10.60892 -4.8341389 9.9483604 1
-12.142761 -5.9070311 13.814939 46
-11.284772 -5.6379762 14.165051 21
-10.471435 -5.1706023 10.874316 2
-10.114926 -5.1095562 11.492476 2
-11.187645 -5.8626962 14.200146 18
-10.086782 -5.2376504 10.590849 52
-9.9760246 -5.2955117 11.475754 4
-11.046873 -6.0655499 14.180565 22
-9.9874964 -5.4594584 10.636058 52
-9.8880634 -5.5107861 11.525872 2
-10.928693 -6.2806172 14.199883 23
-9.9078255 -5.6950417 10.709171 47
-11.642193 -6.9003835 13.94863 11
-10.809606 -6.4936419 14.220201 25
-9.8300161 -5.935679 10.793283 55
-11.468519 -7.1211648 13.937331 13
-10.688509 -6.7075715 14.244533 23
-9.9794044 -6.3373971 11.16228 3
-11.311678 -7.3505969 13.953939 10
-10.552627 -6.9139042 14.253945 15
-11.147057 -7.5737123 13.963584 6
-10.430551 -7.1287713 14.287285 15
-9.7819004 -6.7713099 10.436643 2
-11.010862 -7.8179379 14.01909 4
-10.306499 -7.3435459 14.323637 15
-9.6950026 -7.0404801 10.554949 1
-9.7069588 -7.0865507 11.454002 2
-10.892977 -8.0818424 14.111597 5
-10.162768 -7.5445027 14.338152 12
-11.25087 -8.7097912 13.714732 16
-10.741956 -8.3214388 14.163183 6
-10.023009 -7.7506289 14.362581 13
-11.131683 -9.0135756 13.849265 14
-10.591881 -8.5640488 14.22577 8
-9.851141 -7.9284787 14.343154 13
-10.778115 -9.1100054 13.674844 55
-10.41363 -8.7815304 14.253483 8
-9.6948929 -8.1199341 14.351655 12
-10.809145 -9.5647173 14.039744 15
-10.239254 -9.0041475 14.292171 15
-9.5386543 -8.3133583 14.369147 14
-10.103376 -9.2957115 13.360643 48
-10.071611 -9.2327023 14.344731 16
-9.3957596 -8.5172329 14.403631 14
-9.9792461 -9.5946264 13.518072 19
-9.7531805 -9.3095074 14.176557 11
-9.2306776 -8.7036295 14.421195 29
-10.533435 -10.725025 13.755127 5
-10.150426 -10.226756 14.142115 6
-9.249095 -9.1733408 13.705029 11
-9.0673065 -8.892766 14.448123 23
-10.354882 -11.035297 13.91189 23
-9.9717016 -10.497396 14.258993 3
-9.0131416 -9.3134575 13.661148 2
-8.7793598 -8.9454823 14.257727 15
-10.19646 -11.382132 14.113846 37
-9.7685699 -10.744752 14.34598 7
-9.2843161 -10.05316 14.482366 8
-8.3357153 -8.8068047 13.776338 10
-9.9590292 -11.639564 14.210396 11
-9.5596876 -10.989881 14.437749 15
-9.0647058 -10.232556 14.494388 8
-8.1162653 -8.9135923 13.699204 3
-9.6344509 -11.781948 14.177106 7
-9.2969818 -11.165361 14.445587 16
-8.8113441 -10.367104 14.448569 11
-8.3700953 -9.6195288 14.528408 15
-9.0401678 -11.350574 14.470752 16
-8.6051331 -10.56639 14.498449 12
-8.2077923 -9.8236437 14.590014 12
-8.7786121 -11.529576 14.495936 13
-8.3902559 -10.75633 14.539358 12
-7.9696093 -9.9308929 14.510848 8
-8.8893747 -12.535094 14.51195 21
-8.5371189 -11.738319 14.567071 12
-8.1620712 -10.926753 14.561301 12
-7.7976604 -10.125616 14.56649 10
-8.5717754 -12.688745 14.525431 18
-8.2452898 -11.869176 14.54829 10
-7.9224439 -11.081791 14.569219 13
-7.6150246 -10.309974 14.610137 15
-8.2760868 -12.871295 14.582845 16
-7.979846 -12.042999 14.590538 14
-7.7071304 -11.279637 14.63625 9
-7.4232335 -10.489715 14.650171 16
-7.9387064 -12.977741 14.5641 6
-7.698987 -12.187495 14.606878 15
-7.4260507 -11.366061 14.570744 5
-7.2139182 -10.639904 14.656446 17
-7.6414042 -13.160025 14.640273 14
-7.4292841 -12.352012 14.655741 16
-7.2073894 -11.558672 14.648275 9
-7.0055399 -10.793101 14.672725 14
-7.2256188 -13.099897 14.459481 5
-7.1774507 -12.556408 14.757193 6
-6.95222 -11.690442 14.652082 11
-6.7948027 -10.945995 14.688898 14
-7.006825 -13.438085 14.723884 12
-6.8515701 -12.60789 14.68643 11
-6.718029 -11.865486 14.714098 12
-6.5954542 -11.124536 14.7447 8
-6.5720778 -12.753303 14.733986 11
-6.4704328 -12.011291 14.747442 8
-6.3691649 -11.257347 14.742861 14
-6.2882838 -12.893255 14.78226 11
-6.2175956 -12.149614 14.777514 8
-6.1555147 -11.416323 14.780744 10
-6.0135489 -13.735408 14.780539 9
-5.9926677 -13.000799 14.8005 9
-5.9590478 -12.280721 14.804589 7
-5.9407864 -11.579261 14.826617 7
-5.6919036 -13.853818 14.839846 9
-5.6954598 -13.106409 14.822525 10
-5.7000685 -12.409004 14.832353 7
-5.7133331 -11.719938 14.848172 4
-5.3660989 -13.955177 14.887974 10
-5.4073567 -13.237288 14.881598 7
-5.3984585 -12.430644 14.740278 3
-5.4741011 -11.839951 14.848058 8
-5.0130415 -13.968424 14.851271 8
-5.1782565 -12.671036 14.91438 7
-5.2348127 -11.958825 14.854053 11
-4.6222172 -13.830227 14.664557 6
-4.8070207 -13.429727 14.945208 6
-4.9019604 -12.765273 14.922549 7
-4.9953589 -12.085904 14.872783 10
-4.2551723 -13.734281 14.53137 5
-4.5018106 -13.504033 14.964169 7
-4.6302323 -12.878859 14.959546 8
-4.7712579 -12.264204 14.960874 8
-3.8765395 -13.552767 14.311655 5
-4.2004781 -13.594389 15.00167 6
-4.3545694 -12.975408 14.974968 7
-4.5129476 -12.346662 14.927206 9
-3.5169237 -13.408698 14.145911 5
-3.8461812 -13.458379 14.807281 5
-4.0751634 -13.061854 14.995053 7
-4.2675176 -12.482255 14.974531 8
-3.1941459 -13.400044 14.134475 3
-3.5144987 -13.382581 14.686726 5
-3.7971869 -13.159961 15.035631 7
-4.0202107 -12.613663 15.022972 5
-3.0257015 -14.369473 15.161898 6
-3.1864266 -13.291975 14.559036 4
-2.684762 -14.35679 15.161409 5
-2.861537 -13.164653 14.396733 4
-3.2093797 -13.214553 14.971655 4
-2.3472662 -14.367424 15.192609 7
-2.5455477 -13.054181 14.261724 4
-2.9110899 -13.195547 14.898892 4
-3.2502484 -12.976878 15.151054 4
-2.0190399 -14.418808 15.277255 5
-2.6019008 -13.073086 14.713466 4
-2.9829721 -13.078682 15.181035 5
-1.6813337 -14.355735 15.247161 6
-2.2927864 -12.921699 14.50494 4
-2.6950982 -13.054978 15.070762 5
-1.3481146 -14.337747 15.273141 6
-1.9980493 -12.797943 14.334253 4
-2.4053459 -12.984481 14.914133 4
-1.0196543 -14.341055 15.329947 5
-1.7153157 -12.758359 14.264811 3
-2.1094606 -12.822742 14.661487 5
-0.69068378 -14.316072 15.36498 5
-1.0945724 -13.98697 15.308421 5
-1.4872158 -13.749168 15.350201 3
-1.8232576 -12.697246 14.459926 4
-0.36454573 -14.265153 15.380984 4
-0.78354257 -14.009578 15.36159 5
-1.1854162 -13.758308 15.347287 5
-1.5467147 -12.635845 14.337542 4
-0.037920531 -14.261353 15.455808 5
-0.47081918 -14.002519 15.390322 5
-0.88612473 -13.759903 15.341995 5
0.28570068 -14.203482 15.481853 5
-0.15978454 -14.005167 15.436463 4
-0.5853492 -13.804998 15.394196 5
-1.0232269 -13.651256 15.392984 4
0.606794 -14.131741 15.498839 5
0.14880849 -13.940084 15.415379 5
-0.28549814 -13.768369 15.360115 5
-0.72928399 -13.666892 15.372999 4
0.92488992 -14.063155 15.527748 4
0.46563023 -13.969448 15.506557 5
0.016262127 -13.78853 15.397167 5
-0.4352186 -13.71644 15.398086 4
1.2381725 -13.972826 15.538554 7
0.77394658 -13.929331 15.529478 5
0.32291052 -13.835389 15.472334 6
1.5568546 -13.924124 15.606524 5
1.0816375 -13.872273 15.538348 5
0.62844032 -13.851368 15.518404 5
1.8612369 -13.811187 15.608212 8
1.3895857 -13.824155 15.56625 4
0.92906946 -13.814671 15.513289 5
0.46105346 -13.817506 15.462317 5
2.1638315 -13.705277 15.624902 6
1.6966194 -13.779036 15.604138 6
1.2405287 -13.83033 15.574383 5
0.76375377 -13.831676 15.474343 6
2.4664381 -13.601361 15.652544 5
1.9985427 -13.705237 15.61785 8
1.546774 -13.815365 15.607276 4
1.0760254 -13.895414 15.548487 7
2.7636068 -13.488758 15.675086 4
2.30036 -13.631477 15.638532 7
1.8524173 -13.785468 15.631108 6
1.3842351 -13.901446 15.568444 5
2.4429123 -11.231302 13.191251 4
2.6080441 -13.580371 15.692341 6
2.1598172 -13.745478 15.651957 6
1.6906837 -13.882584 15.565355 6
3.3607249 -13.283282 15.769274 4
2.3036647 -11.295364 13.154536 3
2.4672945 -13.708462 15.682811 6
2.0109603 -13.916979 15.629508 6
3.6386182 -13.12139 15.75519 6
2.7748253 -13.66139 15.70927 4
2.32705 -13.905809 15.650942 6
3.90642 -12.942315 15.727114 7
3.4926713 -13.291975 15.739537 7
2.4324965 -11.32826 13.103971 14
2.6437786 -13.899362 15.684979 6
4.1649208 -12.755283 15.69435 6
3.7798562 -13.173676 15.744163 9
3.3949957 -13.573041 15.792921 4
2.9733813 -13.919172 15.758288 4
4.4433923 -12.626216 15.739883 6
4.0594754 -13.040733 15.737681 7
3.6899409 -13.470523 15.778617 7
4.6870117 -12.417909 15.693912 6
4.3326669 -12.898131 15.726092 9
3.972847 -13.340612 15.739124 7
4.945076 -12.251859 15.703157 10
4.6057072 -12.752522 15.718493 5
4.2646031 -13.236234 15.736768 7
3.9088964 -13.727612 15.74097 9
5.2011638 -12.087866 15.722401 9
4.8823376 -12.624699 15.736974 7
4.5614495 -13.135612 15.746457 7
4.2188759 -13.651504 15.735814 8
5.4359655 -11.887865 15.702401 8
5.1330266 -12.442118 15.694127 7
4.8496647 -13.018379 15.744044 7
4.5226855 -13.543718 15.704522 7
5.6764526 -11.707569 15.710461 9
5.392417 -12.280105 15.685337 9
5.1389513 -12.9031 15.751566 7
4.8518267 -13.502689 15.757512 6
5.8786035 -11.460148 15.635011 6
5.6562238 -12.132899 15.699592 10
5.4214196 -12.769203 15.744983 10
5.1521387 -13.386127 15.731091 8
6.1319799 -11.311254 15.696214 9
5.918685 -11.978774 15.712833 7
5.6855149 -12.597191 15.696176 10
5.4705653 -13.301684 15.75188 9
6.3337507 -11.083797 15.654821 12
6.1613226 -11.797561 15.695824 9
5.9767809 -12.483838 15.727669 8
5.7555847 -13.145838 15.695207 11
6.563127 -10.902001 15.683705 10
6.3966441 -11.606677 15.671721 9
6.253871 -12.338158 15.72897 7
6.0661497 -13.03576 15.702829 13
6.7590704 -10.677773 15.653244 15
6.6287961 -11.411927 15.64958 10
6.5277705 -12.187621 15.728229 10
6.3775787 -12.923649 15.716444 5
6.9917159 -10.506809 15.706178 6
6.8725471 -11.237638 15.659586 12
6.7801375 -11.997126 15.687254 12
6.6684837 -12.771512 15.69084 18
6.6413107 -9.5833073 14.622188 3
7.1152906 -11.065353 15.678645 11
7.0443096 -11.831027 15.681464 10
6.9846134 -12.656167 15.719531 10
6.8605466 -9.4318333 14.695204 10
7.3295894 -10.85333 15.649484 9
7.3241124 -11.687078 15.714965 10
7.282445 -12.507542 15.716177 13
7.0806813 -9.2791843 14.773331 9
7.5596986 -10.666449 15.660584 12
7.5638137 -11.482941 15.67608 11
7.5684152 -12.335434 15.694688 14
7.3463678 -9.1774254 14.94388 13
7.7593794 -10.441075 15.623321 12
7.8296289 -11.316721 15.694389 12
7.8668742 -12.183943 15.704217 13
7.6210852 -9.0823927 15.134444 11
7.9622846 -10.224637 15.60005 11
8.0493183 -11.08766 15.635161 13
8.1463547 -12.000266 15.683484 12
7.843936 -8.9237003 15.231406 10
8.1914673 -10.038847 15.631955 14
8.3172569 -10.919255 15.667369 13
8.436244 -11.826025 15.686818 13
8.0998335 -8.7974138 15.391672 13
7.801887 -9.1897602 14.617893 3
8.5647497 -10.72789 15.672106 13
8.7236652 -11.649141 15.689511 15
8.2457151 -8.564539 15.368309 9
8.0056238 -9.0082302 14.643999 7
8.794836 -10.514464 15.654415 9
8.5147085 -8.4446793 15.559698 10
8.2500544 -8.8643761 14.74251 10
8.989584 -10.261793 15.587706 13
9.2807875 -11.260124 15.687649 15
8.6810751 -8.2300472 15.587013 11
8.5143871 -8.7337761 14.877365 10
9.253212 -10.08494 15.640244 13
7.9233809 -9.311821 13.214782 9
8.8159294 -7.9910722 15.571898 13
8.845705 -8.6588602 15.119 9
9.4708576 -9.8571577 15.62674 13
9.7876368 -10.807668 15.632746 19
8.9388618 -7.743403 15.540354 14
9.1172113 -8.5172796 15.262817 13
9.6932869 -9.634408 15.628855 14
10.065711 -10.60168 15.654208 18
9.0499763 -7.4918227 15.504351 5
9.3635607 -8.3514061 15.375889 7
10.30584 -10.356227 15.622717 10
9.1659546 -7.2469325 15.484103 14
9.5375671 -8.1245193 15.384194 11
10.544956 -10.108349 15.599854 14
9.2984037 -7.0161734 15.491287 15
9.8020983 -7.9650559 15.529466 14
9.6807079 -8.4083481 14.711946 7
10.806804 -9.8786802 15.6142 19
9.4148483 -6.7793031 15.488914 14
9.9702988 -7.7297425 15.540799 13
9.9714546 -8.2563648 14.850702 9
11.046222 -9.6282358 15.608462 17
9.5217247 -6.5373368 15.478043 16
10.108994 -7.4765816 15.515987 14
10.236896 -8.0776987 14.956622 11
11.276438 -9.3694754 15.595545 18
9.6371489 -6.3023977 15.48502 15
10.248551 -7.225482 15.500493 13
10.61375 -7.9699268 15.21325 14
11.513526 -9.1122255 15.597866 12
9.7256479 -6.0554004 15.460341 15
10.380149 -6.9699335 15.479588 11
10.942451 -7.8185625 15.404004 12
11.748879 -8.8532743 15.60465 19
9.8348188 -5.8186984 15.469345 10
10.582903 -6.7571144 15.562298 6
11.195283 -7.6086273 15.499061 12
11.96664 -8.5780888 15.597266 16
9.8873997 -5.5575686 15.406889 7
10.666458 -6.4746194 15.492239 15
11.388889 -7.357513 15.522433 14
11.445844 -7.8273783 14.707246 5
10.075795 -5.3665328 15.539678 5
10.779122 -6.2103133 15.461833 13
11.554946 -7.0846891 15.511559 9
11.73271 -7.6131592 14.807255 7
10.077163 -5.082767 15.41751 14
10.912062 -5.9586892 15.471622 14
11.733375 -6.8211141 15.527619 9
12.133355 -7.4566112 15.045153 14
10.14851 -4.8365679 15.398014 15
10.954862 -5.6628237 15.368814 9
11.865225 -6.532403 15.495234 14
12.581529 -7.3110161 15.336926 13
10.233564 -4.5991559 15.40596 15
11.183603 -5.4552379 15.513415 7
12.025812 -6.2579885 15.5033 15
12.770167 -7.0182958 15.335413 10
10.302032 -4.3573246 15.39627 13
11.231322 -5.1673131 15.432736 12
12.149047 -5.964756 15.474088 9
12.872882 -6.6800656 15.246933 19
10.353087 -4.1099911 15.370813 9
11.335618 -4.9045682 15.431646 13
13.080929 -6.3906455 15.282589 22
10.406078 -3.8632593 15.35255 5
11.416587 -4.6316543 15.408496 11
12.90516 -5.9313989 14.909218 36
10.490337 -3.6300704 15.384525 9
11.474338 -4.3507719 15.363164 8
12.303343 -5.0033674 15.18859 11
12.606605 -5.4386301 14.42093 37
10.536338 -3.3846142 15.370208 14
11.501959 -4.0633597 15.286566 4
12.435476 -4.7164187 15.203634 20
12.452279 -5.0247316 14.103674 43
10.558206 -3.1347253 15.329574 12
12.306564 -4.3445354 14.929658 18
12.404213 -4.6602321 13.911253 62
10.620241 -2.8980403 15.346268 11
12.062312 -3.9488406 14.535867 17
12.409998 -4.3252892 13.787277 64
10.654183 -2.6546285 15.330761 10
11.540773 -3.2092535 15.052228 8
11.892011 -3.5887785 14.237669 21
12.303064 -3.9583447 13.555461 49
10.707226 -2.42259 15.34038 8
11.707575 -2.972446 15.16644 13
11.764146 -3.2570136 13.992048 41
12.179684 -3.6033626 13.31491 47
10.700573 -2.1732681 15.283383 8
11.657537 -2.6773157 15.033956 18
11.710842 -2.9474075 13.846147 60
12.046014 -3.2465718 13.078202 44
10.15162 -1.8342427 14.513041 4
11.561051 -2.3798518 14.852606 28
11.712993 -2.6545882 13.769436 65
11.913757 -2.9038332 12.854586 50
10.312689 -1.6264013 14.691644 10
10.643535 -1.9461278 13.693365 13
11.657439 -2.3531404 13.636959 59
11.808615 -2.5754225 12.666569 47
10.568163 -1.4254369 14.996315 8
10.538486 -1.6778244 13.519912 39
10.658957 -1.8985575 12.483359 46
10.886677 -2.1081278 11.67345 3
10.619387 -1.1939528 15.036041 9
10.435688 -1.4183255 13.355582 38
10.562493 -1.6237686 12.327024 53
10.6703 -1.7956295 11.398245 58
10.586764 -0.95433879 14.971251 8
10.775884 -1.2091377 13.724289 9
10.57399 -1.3671468 12.293503 15
10.577224 -1.5117393 11.254012 59
10.706432 -0.72784919 15.111526 8
10.906085 -0.96911001 13.847649 39
11.080364 -1.1605927 12.802473 12
10.926866 -1.2841195 11.556012 25
10.680091 -0.48751658 15.065177 10
10.860422 -0.71171606 13.769044 55
11.133046 -0.8949576 12.824316 45
11.245151 -1.0369049 11.829436 59
10.650614 -0.25079173 15.019262 13
10.808526 -0.45806092 13.687872 65
11.041641 -0.62304884 12.698833 42
11.133088 -0.74687016 11.68677 55
10.602395 -0.01592608 14.953192 14
10.756692 -0.2073303 13.614736 58
10.945337 -0.35427588 12.575366 40
11.029315 -0.46639526 11.560224 62
10.538322 0.21728572 14.871046 18
10.708962 0.039620962 13.549652 52
10.839361 -0.092912659 12.446866 47
10.934659 -0.19150218 11.447781 53
10.474161 0.4444508 14.794105 22
10.62919 0.28404418 13.453566 46
10.753791 0.16730624 12.348818 43
10.814877 0.07923951 11.320455 52
10.344652 0.66865855 14.6347 19
10.561523 0.52615303 13.378494 47
10.646084 0.42063138 12.231332 50
10.72049 0.34619308 11.224011 50
10.160181 0.88244474 14.408846 19
10.464355 0.76493597 13.27212 45
10.553256 0.67263347 12.135992 54
10.531829 0.60497385 11.042051 56
10.086547 1.1022207 14.33174 27
10.376116 1.0010725 13.183867 56
10.450654 0.92017353 12.038563 55
10.426895 0.86046052 10.948567 59
9.9440889 1.3100147 14.169065 22
10.285295 1.2343694 13.095339 43
10.35247 1.1642671 11.949846 51
10.274864 1.1082718 10.813392 54
9.861517 1.5236685 14.087396 31
10.199827 1.4677969 13.019601 41
10.266251 1.4095798 11.879238 64
10.155272 1.3563477 10.717886 55
9.7777195 1.7330807 14.010555 24
10.113069 1.6952769 12.948863 45
10.175025 1.6489929 11.810456 66
10.041595 1.5990531 10.634492 55
9.7056341 1.9409397 13.952344 34
10.026544 1.9200084 12.881283 52
10.084203 1.8840568 11.747602 70
9.9402037 1.8400303 10.566806 58
9.6392479 2.1490343 13.906294 25
9.9464455 2.1429472 12.829257 52
9.9985209 2.1191869 11.696629 71
9.8631115 2.0836012 10.532845 53
9.5492821 2.3521762 13.833091 28
9.8555861 2.3661377 12.768976 51
9.9082117 2.351454 11.64634 66
9.7527618 2.3180149 10.470441 60
9.4819603 2.558449 13.795056 29
9.7697353 2.5866287 12.719783 56
9.8218126 2.5839643 11.60511 66
9.6722031 2.5579116 10.440974 55
9.399642 2.7607248 13.741964 36
9.6879454 2.8076196 12.681001 55
9.729063 2.8151557 11.56659 68
9.5765648 2.7945004 10.408995 62
9.3242273 2.9599454 13.698718 42
9.5976515 3.0195575 12.633241 55
9.649621 3.0409794 11.540475 58
9.4992523 3.0259013 10.392539 65
9.2658024 3.1665988 13.683726 38
9.5136185 3.2370741 12.602214 59
9.5591717 3.2681994 11.511388 57
9.397541 3.255688 10.362492 67
9.1834116 3.3650723 13.642867 35
9.4345961 3.4548221 12.58016 58
9.4805918 3.4980907 11.504292 69
9.3090601 3.4881496 10.351198 64
9.1141977 3.5682716 13.623788 44
9.3596745 3.67383 12.569996 51
8.9075737 3.5487142 10.943463 12
8.6914692 3.5249646 9.7991714 58
9.0585375 3.7770789 13.627839 35
8.5629768 3.6160119 11.666128 60
8.5820522 3.670418 10.662054 62
8.6269159 3.7544727 9.8210583 56
8.2689276 3.6871603 12.614054 21
8.4751415 3.8125005 11.64285 63
8.5309181 3.8927157 10.693827 61
8.5371962 3.9721525 9.8204918 59
8.3654413 3.9473581 12.832449 30
8.3872528 4.0116682 11.624988 61
8.426775 4.0970435 10.671864 68
8.9488564 4.4187422 10.360164 70
8.2941294 4.1405859 12.823139 39
9.0167475 4.5409985 12.528584 58
9.0234938 4.6288042 11.475434 66
8.8570223 4.6523008 10.378389 63
8.7608805 4.5910444 13.584877 42
8.9346514 4.7587061 12.536416 61
8.9284916 4.8524961 11.481968 72
8.7678213 4.885848 10.401743 59
8.6789684 4.7919474 13.575564 41
8.8487225 4.9752893 12.547322 54
8.85252 5.086997 11.518985 71
8.6786728 5.1221681 10.435736 63
8.5828438 4.9857435 13.55263 35
8.7693739 5.1982231 12.571122 50
8.7501307 5.3119769 11.533624 62
8.5788841 5.3543229 10.465384 56
8.5033169 5.1906462 13.558507 40
8.6714401 5.412396 12.577859 58
8.6651888 5.5458231 11.574381 60
8.5207424 5.6114388 10.547243 59
8.4239712 5.3967509 13.569129 30
8.6001453 5.6434522 12.625734 47
8.57689 5.7817216 11.618508 58
8.4727907 5.8847909 10.654877 44
8.3458252 5.6077547 13.59335 34
8.5023832 5.8632374 12.648534 51
8.4871607 6.0184073 11.668918 62
8.4200516 6.1567173 10.760066 49
8.2561483 5.8112779 13.600193 32
8.4145174 6.0880346 12.688371 40
8.3906822 6.2539592 11.719711 54
8.370409 6.4364195 10.882025 57
8.180747 6.0274372 13.635172 35
8.3391743 6.3252072 12.752283 41
8.292573 6.4881968 11.772413 56
8.2656164 6.6836452 10.946568 56
8.0947866 6.237525 13.660864 31
8.2347078 6.5467758 12.783724 53
8.2018976 6.7345448 11.84384 49
8.1734419 6.9419422 11.033924 41
8.0059462 6.4507155 13.688397 27
8.1419687 6.7777328 12.838177 53
8.1111698 6.985517 11.925252 47
8.0782385 7.2056389 11.128178 45
7.915586 6.6622977 13.717752 32
8.0579357 7.0196629 12.913559 52
8.01478 7.2332211 12.005445 53
7.9672723 7.4611754 11.213163 50
7.8357124 6.8892288 13.77431 34
7.9681768 7.2633648 12.990013 43
7.9165463 7.4872184 12.095954 52
7.8682327 7.7288151 11.321836 40
7.7420821 7.1059141 13.815084 31
7.8638716 7.4957371 13.051456 60
7.8074245 7.7336445 12.177247 50
7.7656164 8.0036964 11.439132 42
7.6777325 7.3542976 13.913782 28
7.7645798 7.7383633 13.131227 63
7.7042603 7.9940047 12.281051 50
7.6407709 8.2619019 11.536819 54
7.5702295 7.5697031 13.949692 27
7.6439166 7.9663119 13.1868 61
7.6087203 8.2642508 12.404525 46
7.5414495 8.5511189 11.681115 43
7.5608015 7.8779755 14.156479 25
7.504199 8.1796751 13.222011 56
7.5010366 8.5324516 12.523724 39
7.4288225 8.8372545 11.821205 41
7.513689 8.1590548 14.309862 28
7.3550835 8.3800859 13.245133 57
7.4002137 8.8072987 12.657061 40
7.3191614 9.1269436 11.973544 39
7.424943 8.4131308 14.407192 31
7.2119761 8.5981426 13.291611 44
7.2819891 9.0851755 12.789895 41
7.194994 9.4230814 12.129653 47
7.3111086 8.654561 14.483188 20
7.0936432 8.8520308 13.396134 38
7.1718721 9.3761806 12.945994 58
6.7043862 9.2726498 11.724295 13
7.1841025 8.8817101 14.534719 22
6.9910817 9.1255817 13.532717 37
6.7940917 9.3477306 12.667758 11
6.3767767 9.2986288 11.561226 51
7.0237098 9.0761948 14.537236 15
6.8806319 9.4015551 13.670329 48
6.3637676 9.2345095 12.29337 32
6.2534542 9.5894899 11.732488 53
6.8086643 9.2064724 14.441283 12
6.4397774 9.2632418 13.217622 11
6.2506928 9.5222082 12.461503 46
6.6579828 10.649469 12.832542 50
6.6173453 9.3660851 14.396292 14
6.2431564 9.4255695 13.207623 45
6.1447611 9.8319712 12.660662 9
6.516489 10.976702 13.040299 52
6.4526963 9.5625515 14.412238 12
6.1282172 9.7025499 13.36073 37
6.3955936 10.685685 13.54894 34
6.2820182 11.175146 13.097432 48
6.0710425 9.4641256 13.994672 15
6.4837499 10.684999 14.468442 14
6.3081403 11.081806 13.848063 28
6.1097221 11.481072 13.289473 37
5.8504381 9.5749464 13.901952 3
6.1776519 10.725974 14.293178 12
6.2524581 11.556723 14.241938 33
5.9594879 11.841496 13.545149 46
6.003634 10.248821 14.617657 6
6.002871 10.970495 14.397454 3
6.0750794 11.855232 14.418124 16
5.9230032 12.437113 14.06932 38
5.8211722 10.44207 14.642143 14
5.7256417 11.855734 14.239841 11
5.7533479 12.815049 14.348904 25
5.6151986 10.603369 14.623156 13
5.6157722 11.420951 14.563402 5
5.5431633 12.15617 14.429433 2
5.3598003 12.760125 14.152245 24
5.4040856 10.757801 14.599998 15
5.3846102 11.593666 14.585115 11
5.2859144 12.32781 14.470052 3
5.196454 10.922315 14.595986 14
5.1260581 11.712883 14.546942 12
5.0294385 12.504462 14.524729 12
4.9813714 11.076391 14.583035 13
4.8748298 11.845298 14.532954 14
4.7351213 12.593713 14.486965 14
4.5552654 13.365582 14.466669 22
4.7822242 11.268574 14.626051 4
4.6258721 11.987389 14.537834 14
4.4538088 12.716821 14.4907 14
4.2293115 13.436014 14.44184 16
4.5338488 11.36119 14.541571 12
4.3564138 12.080287 14.485032 3
4.1363907 12.743436 14.396447 4
3.9125865 13.525048 14.448441 5
4.314043 11.523299 14.553594 15
4.1098981 12.230308 14.50997 14
3.8674686 12.897672 14.454217 15
3.5803301 13.560447 14.40493 22
4.0813131 11.662176 14.536227 14
3.839843 12.331631 14.479363 15
3.577508 12.992239 14.448472 14
3.2594383 13.624479 14.400299 17
3.8424566 11.787806 14.511636 24
3.5728674 12.434051 14.460694 18
3.2876401 13.088824 14.454625 15
2.940165 13.682797 14.400376 26
3.606626 11.927223 14.510588 14
3.3081746 12.545257 14.460562 16
2.9957435 13.178923 14.463397 5
2.6147292 13.716352 14.383153 4
3.0404797 12.655304 14.464485 4
2.6866488 13.208974 14.412357 15
2.2956889 13.761208 14.386003 17
3.1093481 12.153685 14.461647 15
2.7606452 12.725658 14.429488 14
2.3899872 13.270732 14.405287 16
1.9723632 13.789846 14.380881 17
2.86093 12.271851 14.453098 18
2.4908893 12.828827 14.440109 15
2.0924647 13.325523 14.400124 15
1.6516761 13.801661 14.36874 18
2.6082065 12.390148 14.449514 15
2.2101433 12.898074 14.418291 15
1.7964623 13.392444 14.414016 13
1.3325189 13.824564 14.374635 16
2.3567345 12.517949 14.462481 15
1.9301225 12.969563 14.406266 20
1.4951557 13.422997 14.394997 12
1.0134101 13.824393 14.364608 4
2.0928478 12.612095 14.442475 17
1.6499783 13.043088 14.403225 13
1.1919183 13.451503 14.381956 3
0.69495523 13.809144 14.346683 17
1.8296092 12.712219 14.434528 18
1.3664259 13.102313 14.391308 5
0.89304334 13.491135 14.38803 12
0.37418416 13.757668 14.298882 15
1.5619311 12.800179 14.420574 14
1.0839939 13.179769 14.406298 14
0.59211713 13.510703 14.381101 15
0.051331207 13.601676 14.151405 16
1.2887628 12.876881 14.398623 10
0.79659939 13.233982 14.402308 15
0.29199192 13.531483 14.382083 14
-0.25801012 13.535922 14.104558 15
1.0178486 12.970228 14.402262 14
0.51002604 13.275578 14.389994 14
-0.0098856138 13.533291 14.369907 12
-0.56515396 13.39186 13.982957 15
0.74160796 13.048822 14.396349 15
0.21936162 13.313477 14.384226 14
-0.31187004 13.509583 14.33928 12
-0.86683941 13.314111 13.938479 11
0.46292159 13.133408 14.403396 17
-0.071578249 13.355536 14.386302 14
-0.61476034 13.313097 14.132139 12
-1.1618258 13.177384 13.840187 8
0.18108416 13.199718 14.396493 19
-0.36537069 13.353213 14.350539 8
-0.90865469 13.266858 14.092421 12
-1.4533669 13.054888 13.76296 11
-0.10363134 13.263692 14.395952 15
-0.65756404 13.378813 14.351122 13
-1.200279 13.169027 14.00545 10
-1.7343229 12.895523 13.653048 9
-0.39330363 13.323727 14.394996 6
-0.94846529 13.227985 14.169821 12
-1.4840209 13.056733 13.909045 10
-2.0200472 12.843504 13.663483 10
-0.68284243 13.370353 14.389252 14
-1.2356976 13.133241 14.055621 8
-1.761885 12.898394 13.770141 8
-2.295862 12.7177 13.603404 12
-0.97230554 13.229653 14.187978 14
-1.5173566 13.01613 13.925282 8
-2.0428386 12.827674 13.730634 10
-2.57003 12.604199 13.560101 13
-1.2594635 13.131278 14.040503 10
-1.793417 12.872872 13.774339 7
-2.3182561 12.730885 13.671493 9
-2.8434775 12.525814 13.563862 12
-1.5403476 13.026583 13.89463 10
-2.0702665 12.809684 13.715348 9
-2.5858686 12.612986 13.595761 10
-3.1056209 12.390221 13.511237 14
-1.8145269 12.875218 13.705705 10
-2.3407662 12.69116 13.604012 10
-2.8532031 12.506796 13.53841 10
-3.3692572 12.284306 13.495935 12
-2.0914931 12.791462 13.597218 8
-2.6112108 12.593855 13.520542 13
-3.1184762 12.402939 13.489926 13
-3.6329236 12.19063 13.499557 11
-2.3594489 12.653832 13.438014 13
-2.8744907 12.475527 13.423412 13
-3.3794353 12.290734 13.437894 13
-3.8986726 12.10261 13.517265 13
-2.6337323 12.592258 13.366515 11
-3.1419039 12.3903 13.366998 9
-3.6366658 12.175958 13.38962 13
-4.1591387 12.00896 13.534913 13
-2.9170759 12.5746 13.349792 8
-3.4098167 12.317157 13.330566 9
-3.8905988 12.056312 13.342427 14
-4.4183879 11.911356 13.554618 13
-3.3835809 13.505861 14.347826 14
-3.6784432 12.236981 13.294154 9
-4.1523762 11.974547 13.342065 13
-4.6675329 11.790075 13.553464 12
-3.6908636 13.485268 14.342976 7
-3.9513898 12.189638 13.298775 5
-4.4124517 11.884583 13.341044 13
-4.9328475 11.720124 13.618367 12
-3.9975121 13.462241 14.341293 18
-4.2231836 12.131892 13.298635 3
-4.665484 11.783689 13.330001 12
-5.1870675 11.617421 13.649292 9
-4.304069 13.416406 14.326715 16
-4.7911963 13.036155 14.367094 13
-4.923306 11.696111 13.342524 12
-5.4450378 11.527958 13.704873 12
-4.6136527 13.375785 14.324759 13
-5.081995 12.95442 14.361292 10
-5.1750984 11.590767 13.343314 16
-5.6937966 11.416872 13.74171 12
-4.9275041 13.341969 14.338952 15
-5.3657899 12.850566 14.33895 13
-5.4326878 11.499088 13.36512 12
-5.9464874 11.312766 13.79458 13
-5.2357554 13.284473 14.336249 11
-5.6663465 12.794641 14.378224 4
-5.6897964 11.408975 13.396714 14
-6.2110329 11.234362 13.885047 18
-5.5451417 13.220943 14.334457 5
-5.9396348 12.667459 14.343978 11
-5.9514661 11.325851 13.442074 11
-6.4718633 11.146573 13.970228 14
-5.8463206 13.129003 14.310335 16
-6.2280483 12.570087 14.3519 15
-6.2158232 11.247363 13.500484 12
-6.724987 11.039413 14.041059 14
-6.1564326 13.05536 14.314658 15
-6.0413475 11.437558 13.174863 3
-6.4674315 11.135276 13.525243 10
-6.9737706 10.92672 14.110798 15
-6.4637403 12.969089 14.313915 18
-6.3011184 11.338299 13.185462 3
-6.7310309 11.049151 13.590756 12
-7.2319255 10.824952 14.203386 23
-6.719471 12.767455 14.194881 13
-6.5553274 11.22413 13.184181 5
-6.9914708 10.952886 13.650408 12
-7.4784622 10.702179 14.276253 15
-7.0712247 12.764584 14.304699 11
-6.7975106 11.0821 13.160164 9
-7.242022 10.834773 13.69026 11
-7.6980801 10.53924 14.302452 11
-7.3583236 12.621683 14.268408 16
-7.051825 10.962718 13.168997 10
-7.5175028 10.754893 13.787827 11
-7.8896513 10.338705 14.279746 23
-7.6483479 12.488767 14.247537 22
-7.3046393 10.841987 13.181125 9
-7.748857 10.599902 13.798364 9
-8.0840254 10.140879 14.271854 22
-7.9341106 12.3408 14.224125 16
-7.5574374 10.716007 13.200011 12
-8.0392923 10.534369 13.931635 16
-8.2613125 9.9304342 14.24329 27
-8.20821 12.173649 14.183851 12
-7.8099375 10.594398 13.226681 17
-8.3032703 10.4263 14.017246 14
-8.4457779 9.7347775 14.240767 23
-8.4901905 12.018148 14.165876 18
-8.0826197 10.490165 13.286629 14
-8.5751219 10.319172 14.115168 17
-8.6149588 9.52141 14.217754 30
-8.7733021 11.863992 14.158896 24
-8.3724442 10.408165 13.384328 14
-8.8156528 10.171399 14.164371 15
-8.7916489 9.3228407 14.219503 20
-9.0299749 11.665603 14.106932 20
-8.6507463 10.300931 13.459291 11
-9.0292702 9.9849443 14.1702 15
-8.9495459 9.1024876 14.194796 29
-9.3082933 11.497565 14.102315 18
-8.9328489 10.19257 13.544124 11
-9.2153769 9.7679319 14.137959 16
-9.1109056 8.8907051 14.185675 26
-9.5991516 11.341743 14.121221 9
-9.2243958 10.090158 13.644707 14
-9.4049931 9.5602589 14.121294 26
-9.2532234 8.6635437 14.153206 21
-9.8483553 11.1291 14.079006 15
-9.5085974 9.9685726 13.732254 12
-9.5985765 9.3537979 14.116039 15
-9.3979464 8.444212 14.137327 19
-9.4139996 10.118926 13.018923 6
-9.8171778 9.8688068 13.862206 16
-9.7746992 9.1336489 14.094177 14
-9.5471611 8.2292662 14.134665 30
-9.6832895 9.9672289 13.053072 11
-10.091009 9.724865 13.941457 16
-9.9510794 8.9173822 14.081065 16
-9.6895475 8.0146608 14.13067 25
-9.9647121 9.821867 13.109715 14
-10.353924 9.5674467 14.011239 15
-10.119308 8.6945305 14.066485 16
-9.8048506 7.7784224 14.097629 18
-10.271916 9.6897297 13.19231 14
-10.583764 9.3598337 14.019526 11
-10.290371 8.4681416 14.047422 25
-9.9578857 7.5703444 14.112525 18
-10.498126 9.4801912 13.179294 15
-10.76851 9.1215868 13.984612 22
-10.448556 8.2391949 14.030166 21
-10.084148 7.3503027 14.109193 20
-10.909548 9.4382181 13.417843 13
-10.949051 8.8791876 13.955511 20
-10.607771 8.0139275 14.025528 17
-10.20345 7.1255121 14.099962 22
-11.250826 9.3225327 13.562743 13
-11.147834 8.6562243 13.956598 26
-10.755346 7.7829838 14.009067 24
-10.312643 6.8984079 14.084888 22
-11.587129 9.1870584 13.699223 17
-11.326171 8.4125652 13.936627 20
-10.901226 7.5493083 13.999232 19
-10.424923 6.6751952 14.082196 22
-11.885631 9.0114355 13.792509 9
-11.511222 8.1775341 13.936739 23
-11.041058 7.313354 13.988604 24
-10.524954 6.4469042 14.070885 21
-12.145017 8.799449 13.8408 23
-11.69568 7.9395847 13.940884 12
-11.171056 7.0711732 13.972225 9
-10.62021 6.2140255 14.057658 31
-12.363028 8.5515776 13.844995 16
-11.849694 7.679812 13.913178 22
-11.314608 6.8399601 13.980378 15
-10.718988 5.9886699 14.056025 14
-12.552855 8.2785892 13.821928 17
-11.998936 7.4175611 13.888239 34
-11.438771 6.5959311 13.970313 21
-10.860653 5.7902956 14.121459 10
-12.73543 8.0035658 13.798272 22
-12.156287 7.1605673 13.879741 16
-11.557622 6.3495202 13.958536 20
-10.9029 5.5356569 14.054227 18
-12.928196 7.7355928 13.796447 16
-12.311609 6.9055614 13.878192 17
-11.658614 6.0975065 13.933062 17
-10.985781 5.3074198 14.051888 20
-13.15957 7.4883218 13.843994 14
-12.443633 6.6359205 13.856791 20
-11.778992 5.855514 13.940477 24
-11.062494 5.0761628 14.044515 21
-13.275852 7.1708655 13.772107 17
-12.561405 6.3590789 13.825705 7
-11.876863 5.6035213 13.926455 23
-11.134542 4.8463173 14.044348 19
-13.427502 6.8766088 13.750946 23
-12.709061 6.0981879 13.838809 18
-11.982105 5.3561273 13.92961 16
-11.197049 4.6135368 14.031844 19
-13.583587 6.5832291 13.739103 21
-12.832141 5.8269281 13.829619 17
-12.069734 5.1015959 13.915525 7
-11.262653 4.3839498 14.030011 20
-13.745618 6.2959909 13.74291 16
-12.958823 5.55724 13.832106 15
-12.180717 4.8582215 13.936113 15
-11.32301 4.1541629 14.028631 30
-13.858634 5.9805136 13.701484 13
-13.056302 5.2722735 13.807596 23
-12.239739 4.5928154 13.902812 24
-11.389665 3.9273903 14.041811 20
-14.093377 5.7195482 13.799052 9
-13.18589 5.0016317 13.828825 15
-12.330287 4.3429403 13.913921 23
-11.414841 3.6896312 14.004462 13
-14.153324 5.3843617 13.719769 23
-13.263059 4.7116842 13.798244 22
-12.397833 4.0830264 13.902387 16
-10.840343 3.2583034 13.187251 2
-14.267838 5.0722685 13.706156 18
-13.341465 4.4231124 13.775723 10
-12.482009 3.8307264 13.917524 23
-10.938012 3.0588763 13.259152 9
-14.412134 4.7697639 13.730019 13
-13.499883 4.1622052 13.848193 11
-12.528585 3.5678496 13.898617 27
-11.087814 2.8721309 13.406255 12
-14.467895 4.4346972 13.676463 10
-13.557117 3.8642168 13.819608 15
-12.596581 3.3117681 13.90702 21
-11.472429 2.7423561 13.860452 11
-14.618962 4.1339698 13.724646 15
-13.625317 3.5743408 13.810218 24
-12.661321 3.0543463 13.919468 15
-11.634773 2.5472991 14.029099 29
-14.702115 3.8094351 13.711975 25
-13.695814 3.2857099 13.810566 23
-12.043678 2.6390667 13.141298 8
-11.669672 2.3188577 14.038532 20
-14.821977 3.4939449 13.737528 20
-13.74681 2.9889877 13.788034 13
-12.404666 2.4607916 13.505985 10
-11.68714 2.0883224 14.023945 20
-14.856088 3.1580441 13.695085 14
-13.784851 2.694205 13.769187 10
-12.705776 2.2570977 13.812955 12
-11.705523 1.8604798 14.022973 21
-14.878675 2.8223386 13.651637 8
-13.164258 2.2770245 13.064547 5
-12.852422 2.0164971 13.94841 18
-11.733644 1.6345353 14.041358 27
-14.863666 2.4815936 13.580844 4
-13.369919 2.0240159 13.239389 12
-12.83511 1.7468779 13.898555 24
-11.740429 1.4053421 14.035017 20
-14.823722 2.1420665 13.492649 11
-13.856569 1.8057991 13.713774 11
-12.871183 1.4887416 13.914794 22
-11.750554 1.1798328 14.03759 21
-14.287596 1.7397895 12.939559 50
-13.982379 1.5236708 13.816403 16
-12.884247 1.226621 13.913774 18
-11.765319 0.95346493 14.053307 22
-14.172265 1.4108436 12.798501 7
-13.995212 1.2231659 13.807527 23
-12.897274 0.96508789 13.919425 21
-11.741171 0.72468066 14.025199 16
-14.893923 1.1549398 13.466 39
-14.011186 0.92770642 13.8099 13
-12.886724 0.70192075 13.90132 15
-11.738449 0.5011825 14.025784 20
-14.830243 0.82423067 13.389379 23
-13.993061 0.62993777 13.782971 9
-12.889294 0.44141781 13.905143 11
-11.730344 0.27413657 14.026555 12
-14.751641 0.49491519 13.307716 14
-13.985333 0.33434176 13.775806 6
-12.914307 0.18176378 13.941673 10
-11.733703 0.051313873 14.045115 14
-14.642322 0.16699108 13.20561 7
-13.964452 0.037806213 13.763498 4
-12.921099 -0.07992997 13.963943 11
-11.747094 -0.17354995 14.085088 13
-13.89524 -0.25682154 13.705874 3
-12.89544 -0.33981571 13.955029 14
-11.735991 -0.39587769 14.094002 11
-13.852591 -0.54716992 13.682992 7
-12.884459 -0.59947807 13.967649 19
-11.729496 -0.62069356 14.115508 13
-11.810689 -0.63109505 10.551006 38
-13.812903 -0.83774894 13.670008 9
-12.860008 -0.85857463 13.971667 14
-11.692743 -0.84227991 14.102287 18
-11.720531 -0.88160062 10.491105 38
-13.782695 -1.1273994 13.673823 13
-12.828075 -1.1161188 13.972419 18
-11.668939 -1.064239 14.110103 24
-11.631183 -1.1274309 10.437485 33
-11.548393 -1.1760639 11.361187 2
-12.772336 -1.3698984 13.953817 21
-11.628762 -1.2834648 14.102227 20
-11.55296 -1.3721665 10.402876 38
-11.42859 -1.404204 11.276721 4
-12.755135 -1.6311247 13.984724 18
-11.600924 -1.5043384 14.115241 20
-11.755095 -1.657563 10.644713 3
-13.621583 -1.9892097 13.657851 27
-12.701852 -1.8843439 13.979866 19
-11.551022 -1.7238498 14.104111 24
-13.541778 -2.2696295 13.636135 57
-12.67131 -2.1414657 14.005898 16
-11.527682 -1.9466256 14.130057 19
-13.478275 -2.5516293 13.642427 45
-12.616937 -2.3958168 14.013017 21
-11.479973 -2.1637735 14.131985 24
-13.379309 -2.8270547 13.615818 48
-12.574124 -2.6512694 14.038027 21
-11.428549 -2.3808014 14.131972 24
-13.273232 -3.0985765 13.589359 49
-12.512051 -2.9034488 14.047256 25
-11.372965 -2.5952473 14.130976 19
-11.307282 -2.8658471 10.535254 2
-13.198056 -3.3751774 13.602952 40
-12.436635 -3.1528647 14.047872 22
-11.324751 -2.8147769 14.146448 21
-12.949059 -3.6009424 13.431101 16
-12.353098 -3.3977191 14.043097 16
-11.266069 -3.029115 14.151728 24
-12.229304 -3.668339 12.742217 46
-12.267583 -3.6403165 14.044161 13
-11.20612 -3.2431219 14.162179 22
-10.956068 -3.5111778 11.423973 4
-11.629608 -3.6979237 13.36842 16
-10.616016 -3.281925 13.447967 13
-12.042624 -4.1721106 12.761354 39
-12.121526 -4.1397009 14.090902 24
-11.089445 -3.6775122 14.196722 30
-10.85891 -4.0438356 10.580151 2
-12.712739 -4.7260113 13.656539 32
-12.035398 -4.3840327 14.108488 18
-11.016986 -3.8886523 14.202836 21
-10.727007 -4.1974726 11.503421 2
-11.92902 -4.6201091 14.10562 13
-10.93621 -4.0974593 14.202129 24
-12.494367 -5.2564416 13.700509 46
-11.83311 -4.8622084 14.124078 15
-10.86792 -4.3118343 14.223952 19
-12.376025 -5.5177035 13.721973 38
-11.707784 -5.0892401 14.109601 21
-10.783426 -4.5203781 14.228259 25
-12.275446 -5.7874851 13.772536 49
-11.611341 -5.3293662 14.138939 13
-10.694904 -4.7289577 14.233507 25
-11.561849 -5.732264 13.086723 2
-11.496043 -5.562324 14.150155 20
-10.615939 -4.9414926 14.25502 22
-10.055926 -5.1990237 11.411726 12
-11.394831 -5.8026638 14.184812 20
-10.519746 -5.1469498 14.256895 22
-9.9565182 -5.5420623 10.603336 41
-9.9624138 -5.4193611 11.460892 9
-11.273761 -6.0340896 14.202097 15
-10.425691 -5.3524404 14.267962 19
-9.8655014 -5.7773991 10.674561 45
-9.8628511 -5.638381 11.508151 8
-11.139744 -6.2558265 14.206617 21
-10.325407 -5.55862 14.277068 23
-9.776576 -6.0168996 10.75649 48
-9.798954 -5.8798275 11.607975 4
-11.007047 -6.4788184 14.218789 18
-10.222419 -5.7627096 14.286178 27
-11.494144 -7.3344088 14.019753 19
-10.88488 -6.7106671 14.253469 14
-10.13007 -5.972672 14.317645 22
-11.28755 -7.5411777 13.988672 10
-10.726435 -6.9184656 14.243988 23
-10.014127 -6.1712275 14.318809 19
-9.7658224 -6.9515924 11.378742 3
-11.114322 -7.7712169 14.007332 10
-10.590424 -7.1424322 14.272173 23
-9.90487 -6.3762975 14.336819 27
-11.348454 -8.5759897 13.667031 6
-10.934382 -7.9969583 14.023558 5
-10.458406 -7.3688283 14.31345 16
-9.7997093 -6.5832281 14.366923 27
-9.5462303 -7.4506955 11.588188 3
-10.834729 -8.2859402 14.161354 5
-10.287981 -7.5649867 14.303229 23
-9.6625185 -6.7682118 14.352396 27
-11.03855 -9.1355219 13.873872 39
-10.669424 -8.5263577 14.216057 4
-10.144023 -7.7878428 14.342696 14
-9.5443296 -6.9712186 14.374545 19
-10.880528 -9.4207029 13.988472 40
-10.505651 -8.7707272 14.281202 7
-9.9874096 -7.9994388 14.367593 15
-9.4279709 -7.1783195 14.407341 21
-10.160304 -9.1588364 13.316162 20
-10.311004 -8.986495 14.307719 11
-9.8338976 -8.2144318 14.405145 9
-9.2911768 -7.3690739 14.411719 19
-10.037887 -9.4655666 13.488837 40
-10.12603 -9.2138319 14.36056 21
-9.6123161 -8.3674164 14.340905 11
-9.1672716 -7.5717359 14.442991 20
-10.210058 -10.092771 14.113815 11
-9.807807 -9.3034639 14.2098 15
-9.4485655 -8.5709276 14.3727 11
-9.0200319 -7.7559261 14.444665 14
-10.038601 -10.374094 14.252906 4
-9.2841463 -9.1628952 13.726514 11
-9.2940674 -8.7905426 14.433322 14
-8.9057903 -7.9730515 14.509049 13
-9.842061 -10.628783 14.360968 4
-9.0400238 -9.3012419 13.681586 3
-9.0706367 -8.9338179 14.377279 23
-8.756875 -8.1593056 14.518722 8
-9.6106491 -10.846507 14.427063 16
-9.2894154 -10.020939 14.484387 11
-8.7227259 -8.9359217 14.105347 10
-8.5646982 -8.3029776 14.457313 8
-9.3549881 -11.041368 14.465191 18
-9.05546 -10.193748 14.491319 9
-8.3279982 -8.8684301 13.741469 8
-8.4074516 -8.4848251 14.466819 10
-9.0852175 -11.210721 14.484325 18
-8.7916155 -10.331503 14.455319 9
-8.5597458 -9.552433 14.538261 16
-8.2356405 -8.6521606 14.455379 15
-8.8240995 -11.392328 14.52549 17
-8.5904627 -10.546356 14.53625 14
-8.3539152 -9.7232857 14.547097 15
-7.8539491 -8.5668144 14.035387 11
-8.5731602 -11.587778 14.593572 5
-8.3360624 -10.691899 14.527179 12
-8.1708002 -9.9234886 14.603762 10
-7.5608587 -8.57516 13.784142 8
-8.2671719 -11.700026 14.564673 11
-8.1193361 -10.888467 14.594995 14
-7.9408193 -10.061812 14.576468 5
-7.7857904 -9.2548752 14.605957 16
-7.9882102 -11.848961 14.592833 16
-7.8626108 -11.028327 14.595023 12
-7.7408466 -10.239809 14.615292 12
-7.5992956 -9.4146099 14.59756 19
-7.7113776 -11.996967 14.627929 16
-7.6403508 -11.219392 14.669925 5
-7.5196538 -10.394114 14.622063 15
-7.430995 -9.6029301 14.637117 15
-7.433733 -12.141934 14.66899 20
-7.3572822 -11.311412 14.621848 6
-7.306262 -10.556706 14.647804 14
-7.2461853 -9.7746782 14.652746 21
-7.1207581 -11.480938 14.682787 7
-7.0898333 -10.72014 14.680572 13
-7.0632763 -9.9504986 14.681307 15
-6.8012896 -11.493823 14.551573 8
-6.8706222 -10.878564 14.712227 12
-6.8697705 -10.113987 14.693854 15
-6.5598154 -12.48946 14.736034 11
-6.6032748 -11.744619 14.727464 9
-6.6305599 -11.001198 14.700993 7
-6.6780825 -10.284438 14.722486 15
-6.2703395 -12.603967 14.775064 15
-6.3488817 -11.883517 14.770361 10
-6.4111404 -11.16845 14.755779 9
-6.4758568 -10.440504 14.733145 9
-5.976563 -12.698325 14.798079 12
-6.0758944 -11.979777 14.76827 8
-6.1766667 -11.306197 14.776593 7
-6.2733603 -10.605517 14.759856 10
-5.6928792 -12.82197 14.864141 9
-5.8188334 -12.112605 14.818136 8
-5.9468713 -11.457174 14.821308 6
-6.0755978 -10.781811 14.807418 4
-5.3936691 -12.903285 14.888953 5
-5.5347524 -12.182593 14.797897 3
-5.6973748 -11.565377 14.816113 4
-5.8550262 -10.917073 14.804226 11
-5.0935245 -12.979166 14.917132 6
-5.28195 -12.333161 14.883069 8
-5.4595208 -11.708726 14.862136 8
-5.6350207 -11.060249 14.815162 8
-4.8018918 -13.07143 14.971252 5
-5.013639 -12.443459 14.926051 8
-5.2145681 -11.837016 14.893999 8
-5.426465 -11.234849 14.873919 8
-4.4870563 -13.084862 14.943174 5
-4.7417841 -12.543381 14.964005 7
-4.9668307 -11.958919 14.92488 7
-5.209065 -11.401023 14.924736 8
-4.1947255 -13.17406 15.011218 6
-4.4546351 -12.590057 14.946887 8
-4.7243662 -12.102163 14.988799 7
-4.9703312 -11.514664 14.911529 8
-3.8905554 -13.199023 15.014106 6
-4.1773782 -12.67117 14.976736 5
-4.456346 -12.169824 14.96554 5
-4.7332201 -11.640485 14.920267 8
-3.9133921 -12.805528 15.075713 6
-4.2006493 -12.289666 15.010436 6
-4.4958491 -11.775112 14.945124 7
-3.2876709 -13.267161 15.06289 4
-3.5767777 -12.626853 14.816202 4
-3.9448965 -12.413249 15.067466 3
-4.2708473 -11.959736 15.038216 6
-2.9560511 -13.113923 14.887296 4
-3.339165 -12.895263 15.085329 5
-3.6518552 -12.383708 14.944869 6
-2.6539869 -13.081109 14.855893 5
-3.0543842 -12.938021 15.099087 4
-3.4123728 -12.59484 15.118905 6
-2.3445745 -12.969182 14.742335 4
-2.7652183 -12.96361 15.10084 3
-3.1362231 -12.643009 15.103661 8
-3.5156441 -12.309783 15.091391 6
-2.046272 -12.885569 14.667828 4
-2.4759264 -12.963245 15.078544 5
-2.8666961 -12.734282 15.146534 4
-3.2581296 -12.423607 15.116264 4
-1.7467656 -12.718146 14.505072 6
-2.1694427 -12.788803 14.861741 3
-2.5887341 -12.780476 15.142193 5
-2.9949353 -12.530379 15.138972 5
-1.4586231 -12.603164 14.409233 3
-1.8861471 -12.790707 14.85632 4
-2.3121912 -12.842461 15.164051 4
-2.7278106 -12.631658 15.16199 4
-1.1759326 -12.500916 14.334764 3
-1.5983423 -12.711298 14.764958 3
-2.0220873 -12.792086 15.059752 4
-2.45696 -12.723854 15.179976 6
-0.89910465 -12.495792 14.377433 2
-1.3119341 -12.567428 14.604214 4
-1.7393441 -12.775144 15.001354 4
-1.0338219 -12.44751 14.478515 3
-1.4512286 -12.647984 14.823697 4
-1.8931326 -12.771684 15.072496 3
-0.76227468 -12.340003 14.373807 3
-1.1692355 -12.515293 14.643973 5
-1.6040097 -12.665791 14.879888 4
-0.034098081 -13.245418 15.438925 4
-0.49334958 -12.274612 14.32314 2
-0.89423299 -12.384021 14.475124 4
-1.3191291 -12.583134 14.720246 5
0.2545619 -13.207975 15.476455 5
-0.62329936 -12.281673 14.345413 3
-1.0383281 -12.438658 14.497487 4
0.53768426 -13.132674 15.47697 4
0.10627332 -13.208662 15.489691 4
-0.7626031 -12.320917 14.312965 3
0.82415879 -13.091643 15.526823 4
0.3926723 -13.158756 15.481667 4
1.1059846 -13.035296 15.563531 5
0.68125004 -13.14756 15.524168 7
0.26430222 -13.25625 15.49508 4
-0.16473468 -13.388297 15.47306 4
1.3824949 -12.948273 15.570922 6
0.97123927 -13.127527 15.566142 4
0.56349313 -13.292788 15.556261 6
0.13533285 -13.412084 15.473068 5
1.6643682 -12.898823 15.631421 6
1.251637 -13.054508 15.550488 4
0.85333771 -13.25642 15.539787 4
0.43942437 -13.435989 15.48096 4
1.9312834 -12.790154 15.624669 5
1.5371436 -13.017027 15.583072 5
1.1514177 -13.259466 15.575567 4
0.74861044 -13.495679 15.536943 5
2.2027764 -12.702332 15.651954 5
1.8248332 -12.988528 15.635633 5
1.4504012 -13.262608 15.61926 6
1.0586166 -13.521667 15.561659 4
2.4746268 -12.6267 15.698131 5
2.1025248 -12.90396 15.625747 5
1.7387028 -13.191829 15.582407 5
1.3676493 -13.525201 15.566923 4
2.3886962 -12.87217 15.686446 6
2.0388207 -13.194999 15.642006 6
1.680411 -13.543377 15.600039 8
2.6705019 -12.809841 15.717337 3
2.3368158 -13.157041 15.658806 6
2.0014327 -13.560652 15.638037 6
3.2423217 -12.271793 15.716319 5
2.9403014 -12.704294 15.702647 5
2.6343956 -13.111984 15.674859 4
2.316191 -13.543363 15.643952 8
3.4892299 -12.138371 15.712417 5
3.2124679 -12.614452 15.712466 5
2.6415527 -13.555371 15.694128 4
3.7340431 -11.993916 15.706127 7
3.4839957 -12.506182 15.712254 5
2.3530805 -11.3244 13.154933 6
3.9703281 -11.84542 15.696159 7
3.740972 -12.369838 15.680473 6
3.5326648 -12.958094 15.755177 7
4.2199626 -11.733713 15.742579 5
3.9994447 -12.247008 15.670035 7
3.8092036 -12.832863 15.70784 5
4.4459968 -11.573817 15.726433 8
4.262157 -12.134058 15.678926 9
4.1165414 -12.794913 15.773281 7
3.9204285 -13.372147 15.721048 6
4.2579665 -10.547343 14.527251 3
4.5279675 -12.030858 15.707551 6
4.3916521 -12.66267 15.732715 7
4.2489805 -13.336756 15.759981 6
4.4687405 -10.412941 14.539995 4
4.773334 -11.880215 15.681445 8
4.6724691 -12.550481 15.722004 5
4.5563073 -13.234586 15.731482 6
4.6838722 -10.291191 14.574871 6
5.0220938 -11.743259 15.678473 6
4.9637356 -12.454921 15.742379 8
4.8806438 -13.165748 15.750135 5
4.8829837 -10.140288 14.576535 7
5.2685428 -11.599529 15.673429 7
5.2302823 -12.30876 15.704303 8
5.1938467 -13.064681 15.740468 9
5.1265931 -10.071527 14.698647 7
5.5106573 -11.454192 15.671353 8
5.5135913 -12.196663 15.717633 9
5.5089445 -12.96884 15.743651 11
5.351757 -9.9633617 14.772125 8
5.7547026 -11.313542 15.682384 3
5.7828279 -12.061821 15.710046 11
5.8103857 -12.843105 15.724862 10
5.5817189 -9.8683968 14.872104 5
5.9909601 -11.156676 15.676505 12
6.0526528 -11.915835 15.696237 8
6.13516 -12.75015 15.751283 11
5.8195548 -9.7779894 14.985996 8
6.2113271 -10.978513 15.646916 12
6.316072 -11.760159 15.675754 10
6.4180036 -12.575282 15.686531 11
6.06247 -9.6924028 15.115383 9
6.4404411 -10.814056 15.644749 12
6.5748096 -11.600165 15.65791 12
6.7419615 -12.471159 15.722445 11
6.3035321 -9.5961132 15.238734 12
6.6500521 -10.623096 15.606928 11
6.8560286 -11.469402 15.688724 12
7.0331192 -12.307101 15.68932 14
6.5336847 -9.485652 15.346793 9
6.3402553 -9.7230444 14.519308 2
7.1082439 -11.295485 15.670655 12
7.3359461 -12.157863 15.68933 18
6.5606532 -9.1184225 15.040162 9
6.5680833 -9.5940695 14.569654 4
7.3590584 -11.118292 15.653391 10
7.6020665 -11.952258 15.624647 4
6.9814434 -9.2377968 15.5435 12
6.819376 -9.4902897 14.667287 6
7.6130118 -10.946108 15.651763 14
7.9278793 -11.828788 15.676306 13
7.1806407 -9.078289 15.595263 15
7.0318441 -9.3333645 14.692143 9
7.8745604 -10.778128 15.666721 13
8.223567 -11.662615 15.680696 14
7.3049288 -8.8412685 15.517127 8
7.2829399 -9.2245464 14.797625 10
8.1036425 -10.584836 15.642223 15
8.5055361 -11.481084 15.670184 17
7.4936032 -8.6867647 15.57158 17
7.5475411 -9.1270304 14.928262 10
8.3474865 -10.394626 15.636899 14
8.7760096 -11.276626 15.642121 15
7.6636457 -8.5038805 15.591267 17
7.8138499 -9.0204802 15.059125 9
8.5952139 -10.206641 15.647948 4
9.081377 -11.106159 15.675666 14
8.0657406 -8.8891582 15.164551 10
8.8265133 -9.9998493 15.639684 15
7.8294015 -9.2547541 13.309414 49
8.3598375 -8.7956982 15.34564 10
9.0366955 -9.7700109 15.602983 13
9.60324 -10.656701 15.622468 14
8.0882225 -7.8765469 15.53903 15
8.6110373 -8.6541061 15.454782 14
8.6125641 -8.9361362 14.586795 3
9.8686647 -10.433048 15.610004 17
8.2186375 -7.6647549 15.517135 16
8.8361444 -8.4874544 15.524252 12
8.8348684 -8.7507143 14.609943 6
10.149036 -10.225392 15.632476 4
8.3603449 -7.4662638 15.521385 15
9.0203886 -8.2802076 15.530803 13
9.1076641 -8.6030016 14.70976 8
10.367288 -9.9574652 15.57125 19
8.4803362 -7.2485423 15.494296 16
9.1810436 -8.0532417 15.508213 12
9.3827095 -8.4492874 14.813926 9
10.630758 -9.7267561 15.581656 19
8.602067 -7.0338726 15.480259 11
9.2860565 -7.7851968 15.41174 8
9.6812449 -8.3064013 14.955047 9
10.900314 -9.4945412 15.604445 18
8.7087288 -6.8121023 15.447604 8
9.5103769 -7.6073852 15.499525 13
10.030087 -8.1957645 15.168808 11
11.132671 -9.2334166 15.586743 13
8.7550058 -6.5482683 15.321025 4
9.674118 -7.3846078 15.50111 16
10.365713 -8.0607309 15.358338 12
11.406408 -9.0001221 15.627477 6
8.9403782 -6.3832026 15.425576 10
9.8251848 -7.1536703 15.492332 14
10.644709 -7.8809443 15.477571 13
11.604577 -8.710495 15.581972 17
9.0622673 -6.1797132 15.438962 10
9.98522 -6.9287663 15.504895 14
10.919465 -7.6893539 15.592939 7
11.108936 -7.9586806 14.689984 4
9.1628351 -5.9631553 15.423208 12
10.105912 -6.6801286 15.467166 13
11.054187 -7.4048462 15.529193 13
11.387745 -7.7397251 14.774305 10
9.29179 -5.7617269 15.455626 9
10.215267 -6.4256773 15.421322 8
11.218983 -7.1391478 15.513659 13
11.775563 -7.5827322 14.993432 15
9.148181 -5.409101 15.077854 3
10.435908 -6.233254 15.534971 7
11.362678 -6.8613153 15.478302 13
12.175009 -7.4193978 15.229211 13
9.4585743 -5.3086596 15.399155 13
10.494683 -5.9522152 15.434698 12
11.623216 -6.6435614 15.596893 9
12.56498 -7.2357168 15.452511 16
9.5820303 -5.1056285 15.438488 9
10.632091 -5.7127986 15.44583 13
11.714766 -6.3358893 15.509689 14
12.720536 -6.9183826 15.408583 6
9.5987968 -4.852263 15.32256 4
10.733191 -5.4556627 15.412487 16
11.848418 -6.0518661 15.481312 12
12.748227 -6.5378852 15.228178 11
9.7860079 -4.6778955 15.465336 9
10.831511 -5.2002983 15.385225 7
11.99082 -5.7697968 15.472004 12
12.99455 -6.264153 15.304624 21
9.856307 -4.448122 15.441272 8
11.015235 -4.9767175 15.476032 8
12.063091 -5.456974 15.387896 5
12.897583 -5.8393407 15.013254 30
9.9272652 -4.2225451 15.425184 12
11.067953 -4.7015786 15.40227 13
12.078089 -5.1255341 15.245637 5
12.55718 -5.3289862 14.47088 33
10.029679 -4.0094471 15.45538 10
11.170931 -4.4467087 15.39859 12
12.153601 -4.8215656 15.181642 7
12.41671 -4.9186888 14.162479 28
10.081248 -3.7747173 15.420957 9
11.263369 -4.187427 15.388274 13
12.308114 -4.546865 15.220585 16
12.347662 -4.5466003 13.944755 50
10.087378 -3.5286374 15.327073 6
11.333272 -3.9196756 15.357784 6
12.22061 -4.1898708 14.986905 19
12.324269 -4.1987691 13.787285 58
10.221475 -3.3238671 15.416747 6
11.373495 -3.644985 15.293633 6
12.029181 -3.8099451 14.643056 21
12.250689 -3.8399496 13.586454 50
10.259607 -3.0904872 15.378293 8
11.361907 -3.3578444 15.174751 4
11.823615 -3.4430783 14.298801 27
12.109747 -3.4743483 13.330557 38
10.331747 -2.864851 15.393044 8
11.374666 -3.0808098 15.092928 4
11.707205 -3.1125729 14.066928 26
11.979403 -3.1212354 13.093669 38
10.387913 -2.6365163 15.39084 10
11.552781 -2.8439369 15.223582 8
11.630928 -2.79826 13.889906 48
11.866392 -2.7815688 12.888192 51
10.405816 -2.4002793 15.343377 7
11.533937 -2.5598481 15.118902 13
11.608558 -2.5004518 13.785254 61
11.736499 -2.4488335 12.677751 52
10.473255 -2.1734014 15.365222 5
11.500084 -2.2763252 15.000793 15
11.569586 -2.2040541 13.667316 45
10.731429 -1.9733932 11.594376 46
9.9262857 -1.8410832 14.556054 7
10.582828 -1.8543125 13.814856 35
10.58188 -1.7647239 12.510707 49
10.630043 -1.6818227 11.430695 64
10.235546 -1.6622682 14.916305 6
10.487503 -1.5888628 13.64149 43
10.499293 -1.4916977 12.364203 45
10.638965 -1.4106404 11.386787 25
10.468163 -1.4601736 15.177301 7
10.495592 -1.3414679 13.600225 14
10.808539 -1.2666034 12.653852 12
11.131588 -1.1898929 11.832626 26
10.473779 -1.2261596 15.135919 5
10.884022 -1.1325945 14.023088 26
11.181682 -1.0355531 13.01732 55
11.192048 -0.91411883 11.851854 57
10.474629 -0.99521476 15.093746 6
10.846266 -0.87645549 13.93556 44
11.07333 -0.75900388 12.862507 44
11.0901 -0.62790662 11.72014 54
10.469151 -0.76169026 15.045946 4
10.790155 -0.62122023 13.834336 43
10.968712 -0.48694554 12.718887 47
10.982993 -0.34706888 11.588458 53
10.457484 -0.52716774 14.995965 8
10.719982 -0.36716047 13.722033 64
10.887016 -0.22036728 12.607528 46
10.874081 -0.071504183 11.464765 63
10.498815 -0.29619986 15.02102 10
10.679101 -0.11766932 13.649475 55
10.778789 0.044362586 12.473546 39
10.767295 0.20126015 11.347969 50
10.530684 -0.062843978 15.038493 11
10.629813 0.13015758 13.574497 58
10.691237 0.30155548 12.370352 41
10.67736 0.46736228 11.256728 53
10.47513 0.16950028 14.944513 14
10.578688 0.37578624 13.504467 59
10.595107 0.55526525 12.262935 54
10.517324 0.72353488 11.102981 54
10.411765 0.39883816 14.846557 16
10.508677 0.61923653 13.416488 50
10.490907 0.80459082 12.154803 56
10.403899 0.97943634 11.001681 55
10.353658 0.62702918 14.761936 17
10.42233 0.85700375 13.317621 53
10.397119 1.0529641 12.06485 52
10.277176 1.2285817 10.893547 56
10.198413 0.84658617 14.550257 13
10.324409 1.0921363 13.205841 48
10.312016 1.2977127 11.986715 55
10.128628 1.4716432 10.767678 54
10.105633 1.0658324 14.423538 16
10.254148 1.3263993 13.132523 40
10.207836 1.5367532 11.894721 55
10.012507 1.7128214 10.682243 55
9.9617243 1.277481 14.239372 20
10.157994 1.5582432 13.038612 45
10.115532 1.7776814 11.823631 56
9.9075661 1.9537222 10.613823 54
9.8779173 1.4931087 14.137193 25
10.061631 1.784472 12.948361 47
10.027591 2.0133631 11.762437 63
9.8134375 2.1931341 10.562592 56
9.7960653 1.7057295 14.045133 33
9.995801 2.0148299 12.89843 43
9.9484577 2.2492166 11.716499 53
9.7191477 2.4304836 10.517653 64
9.727808 1.9179466 13.973426 24
9.908226 2.2383428 12.830469 40
9.8575554 2.4809303 11.665363 62
9.6191969 2.6632912 10.471309 61
9.6429644 2.1285279 13.887194 25
9.8216038 2.46292 12.769226 45
9.768569 2.7122867 11.620139 70
9.5359411 2.8995533 10.449172 65
9.5590773 2.3384492 13.805189 31
9.7203665 2.682178 12.694057 56
9.6887112 2.9455299 11.589877 72
9.4589634 3.1369629 10.436726 61
9.4845133 2.5477989 13.739898 35
9.6450548 2.9054933 12.655735 52
9.5930624 3.1728282 11.550597 64
9.3620691 3.3683422 10.412416 67
9.4136591 2.7580953 13.682787 40
9.5547781 3.1250815 12.604464 62
9.5072393 3.4037282 11.527262 71
9.1414852 3.5543365 10.266572 41
9.3578358 2.9680157 13.652408 36
9.4857016 3.3445613 12.581964 57
8.9011631 3.4425685 10.920156 3
8.6895208 3.6390545 9.8792648 56
9.2968779 3.1805787 13.618399 43
9.3945408 3.5629487 12.541759 60
8.6279163 3.5842865 10.690106 66
8.6032057 3.8557775 9.8790941 52
9.2319889 3.3910017 13.587376 45
8.625555 3.5243781 11.666314 10
8.576086 3.8085222 10.718103 52
8.4930573 4.0666642 9.8607769 63
9.1638346 3.6035221 13.556294 43
8.5182838 3.717279 11.61006 50
8.459631 4.0050783 10.675787 66
8.9097996 4.5188212 10.410839 62
8.4882107 3.5806334 12.699334 17
8.4346361 3.9190764 11.58993 62
9.0642376 4.5322895 11.477737 68
8.8305197 4.7559752 10.440626 56
8.4049492 3.7721684 12.653424 29
8.3967886 4.1416197 11.632196 29
8.9811888 4.7649388 11.494723 51
8.7169752 4.9783955 10.442456 54
8.355093 3.9792433 12.657466 40
8.9706154 4.6587267 12.460993 63
8.874711 4.9840631 11.489369 64
8.6520061 5.2254143 10.50231 55
8.3722515 4.2175474 12.761863 11
8.8938293 4.8830361 12.472876 49
8.7964602 5.219224 11.523264 59
8.5647774 5.4629269 10.546192 56
8.8212605 4.6716537 13.478356 46
8.8105402 5.1052179 12.482867 55
8.7137384 5.4526196 11.559071 64
8.5311546 5.7347646 10.657031 57
8.7278452 4.8779621 13.445961 54
8.719244 5.3267155 12.488506 55
8.6198177 5.6821218 11.587806 57
8.4744644 5.998961 10.750956 46
8.6457481 5.0897579 13.432887 46
8.6373577 5.5536647 12.512392 43
8.533432 5.9210067 11.634552 59
8.4313297 6.2757845 10.869756 52
8.563755 5.3056526 13.427557 53
8.5566883 5.7837663 12.545939 51
8.4366055 6.1535091 11.674003 51
8.3336048 6.5253572 10.935236 63
8.4777021 5.5204268 13.421306 55
8.4677582 6.0135603 12.57471 43
8.3459415 6.3963461 11.730795 52
8.2462845 6.7814255 11.019999 53
8.3786993 5.7306781 13.406119 57
8.3699265 6.2399993 12.59946 50
8.250474 6.6349888 11.787498 49
8.1461601 7.0339761 11.099619 44
8.2903757 5.9474053 13.41192 52
8.2836294 6.4759583 12.647212 52
8.1586599 6.8808265 11.859189 51
8.0411148 7.2843423 11.180217 52
8.1922731 6.1597252 13.408674 40
8.1972151 6.7139416 12.702958 38
8.0608549 7.1264343 11.930844 54
7.9473066 7.5512333 11.285831 44
8.0984192 6.3812327 13.422642 47
8.0915728 6.9440627 12.743063 46
7.9754338 7.3885427 12.030163 51
7.8428087 7.8146658 11.390027 51
7.9926767 6.5942526 13.423738 43
7.9986491 7.1869979 12.805867 44
7.8675499 7.6360097 12.107616 51
7.7283812 8.0739298 11.48839 53
7.8845296 6.8074365 13.426327 42
7.9067645 7.435894 12.878488 55
7.7698832 7.8997493 12.209207 45
7.6240201 8.3515043 11.61491 47
7.801095 7.0465236 13.476092 39
7.8136148 7.6887274 12.960152 42
7.667233 8.1623011 12.312782 46
7.5271773 8.63943 11.758441 45
7.7001696 7.2748756 13.508779 39
7.7134428 7.9422936 13.042766 55
7.5633106 8.4308395 12.426328 47
7.4050155 8.9123144 11.882864 39
7.6115479 7.5177994 13.568495 30
7.6083279 8.1946716 13.125353 57
7.4495802 8.694994 12.536829 44
7.2996926 9.2099915 12.044322 45
7.5207205 7.7646766 13.635197 29
7.4780293 8.4279995 13.179871 60
7.3391581 8.9723673 12.665339 55
7.137888 9.4521112 12.134644 32
7.4219408 8.0130396 13.701833 31
7.3228569 8.6420488 13.204236 61
7.2335176 9.261775 12.812728 40
6.5831199 9.2089128 11.616991 24
7.323472 8.2675848 13.776978 29
7.1555252 8.8477077 13.218094 51
7.0242906 9.4397392 12.807393 14
6.3645167 9.3664713 11.6177 53
7.2308135 8.5365028 13.872499 23
7.0216861 9.0939827 13.297523 38
6.49085 9.2103119 12.265004 12
6.2461843 9.6607103 11.796151 42
7.2012758 8.8833151 14.095301 19
6.9046059 9.3650417 13.416021 21
6.312943 9.4087496 12.310348 42
6.6563377 10.727816 12.905283 47
7.1510539 9.2252655 14.300943 25
6.450572 9.2209616 12.949768 14
6.1959648 9.6969833 12.47576 27
6.490519 11.012156 13.06442 65
7.0340118 9.4992542 14.399398 25
6.2815752 9.4237118 12.986135 37
6.4707565 10.567079 13.379701 37
6.2465658 11.187011 13.09743 44
6.4619403 9.2055836 13.656081 9
6.1643162 9.7057686 13.134966 31
6.3327503 10.878428 13.566582 38
6.1011372 11.528278 13.330166 42
6.2735386 9.383296 13.630824 35
6.5736656 10.771192 14.322263 21
6.280004 11.341225 13.939602 32
5.9523392 11.880907 13.577907 44
6.1515718 9.6554155 13.742057 32
6.3991814 11.032148 14.423258 22
6.1932688 11.781341 14.279684 26
5.9336452 12.497424 14.125891 31
6.2905569 10.318357 14.400844 11
6.0825362 11.072429 14.24424 10
5.9764738 12.020514 14.379649 14
5.7334208 12.81064 14.331725 30
5.9139266 11.354598 14.381358 4
5.6506104 12.059604 14.248577 13
5.3548832 12.769496 14.150588 25
5.687604 11.541107 14.404436 3
5.7681947 11.052445 14.603475 4
5.4966969 11.805368 14.526508 2
5.5434294 11.232713 14.591605 12
5.2568479 11.985185 14.548514 15
4.9388862 12.694437 14.50737 16
4.5691533 13.371597 14.45914 18
5.317821 11.41112 14.583694 17
4.9891453 12.114867 14.516542 14
4.6496577 12.808356 14.494324 15
4.2508287 13.4374 14.43095 22
5.0752258 11.566869 14.549623 14
4.7206292 12.242645 14.489368 12
4.3515029 12.893479 14.455661 17
3.9292245 13.498621 14.406368 4
4.8379622 11.737378 14.542371 14
4.4607062 12.390261 14.495274 15
4.0655074 13.012478 14.463161 4
3.6220677 13.588783 14.421895 17
4.5995789 11.916239 14.551034 14
4.1967688 12.534133 14.50083 4
3.7671883 13.094011 14.438527 15
3.306848 13.648742 14.412052 16
4.3474674 12.065702 14.530143 5
3.916585 12.640462 14.469785 15
3.4708679 13.181687 14.42644 15
2.9911213 13.694633 14.395984 17
4.089313 12.203804 14.500146 15
3.6375 12.748766 14.446761 14
3.1757648 13.262382 14.414428 18
2.6888351 13.796282 14.446868 4
3.8289046 12.345844 14.482163 16
3.3653393 12.879439 14.457753 12
2.8708944 13.313604 14.377454 3
2.3633714 13.788618 14.390941 20
3.5674105 12.490862 14.471163 26
3.0781093 12.968407 14.428739 7
2.5836322 13.419829 14.409348 15
2.0515542 13.832812 14.396847 15
3.3063438 12.645087 14.478031 14
2.7975762 13.081866 14.431598 12
2.2828748 13.48746 14.405222 12
1.735315 13.83773 14.369813 16
3.0370672 12.779956 14.469893 3
2.5100987 13.169886 14.415592 15
1.9824473 13.544693 14.397563 18
1.4228718 13.865251 14.3765 13
2.7585852 12.891546 14.442672 15
2.219573 13.255139 14.404301 15
1.6797667 13.584727 14.381024 16
1.1098402 13.864141 14.359715 9
2.4758043 13.007707 14.426778 17
1.9270161 13.337927 14.396431 15
1.3784337 13.634181 14.381187 15
0.80053401 13.862214 14.348968 17
2.1961534 13.128107 14.423694 17
1.63658 13.426012 14.401289 14
1.0758576 13.67589 14.378971 6
0.48509252 13.783149 14.265974 17
1.9093245 13.23346 14.408344 17
1.3368324 13.473842 14.36904 9
0.77064925 13.700567 14.3658 15
0.17218207 13.677225 14.162096 11
1.6209892 13.354092 14.415945 15
1.0444056 13.571213 14.397745 11
0.46834978 13.725269 14.361711 16
-0.13591915 13.56015 14.055447 12
1.3226491 13.419683 14.372804 9
0.74253953 13.620781 14.381586 14
0.15873902 13.651172 14.25989 13
-0.43572259 13.462458 13.972791 9
1.026489 13.527547 14.380569 15
0.4397383 13.647191 14.349587 14
-0.14881898 13.53094 14.118308 11
-0.73010981 13.331824 13.865339 12
0.72747171 13.630271 14.39039 16
0.13318525 13.642323 14.292706 12
-0.44935516 13.429033 14.003775 8
-1.0195265 13.221449 13.784904 12
0.42415112 13.714756 14.388277 15
-0.17753282 13.526846 14.126152 11
-0.74500841 13.30625 13.874336 10
-1.3039845 13.111285 13.710498 8
0.10405945 13.589768 14.176693 18
-0.48238319 13.39054 13.947698 9
-1.0383712 13.219707 13.78982 9
-1.5822908 12.994305 13.635178 12
-0.20820396 13.531317 14.042007 11
-0.78078026 13.305639 13.830187 10
-1.3240862 13.115366 13.693427 11
-1.8564639 12.873497 13.563891 15
-0.51936126 13.359513 13.797636 10
-1.0751961 13.179822 13.676774 11
-1.603719 12.966151 13.556179 12
-2.1270196 12.761917 13.505587 14
-0.82402289 13.287411 13.667016 10
-1.3639443 13.060304 13.53936 14
-1.878955 12.83124 13.441868 12
-2.391979 12.639599 13.442284 21
-1.121429 13.121318 13.448623 12
-1.6486372 12.938972 13.404944 10
-2.1565859 12.767715 13.407208 9
-2.6562381 12.535017 13.403499 9
-1.4223783 13.136451 13.422251 7
-1.9377925 12.930549 13.394735 8
-2.4323101 12.700445 13.374423 10
-2.9151487 12.424785 13.365322 9
-1.7880864 14.051976 14.323387 7
-2.3311818 13.825228 14.330564 10
-2.7078006 12.642864 13.358687 7
-3.1742702 12.326862 13.343615 12
-2.1147928 14.091843 14.335716 9
-2.6433434 13.80945 14.328334 12
-2.9828341 12.584311 13.350006 3
-3.4335101 12.248885 13.352272 12
-2.4408786 14.089252 14.313746 10
-2.9535203 13.780524 14.320523 14
-3.2556834 12.518837 13.33852 1
-3.6915448 12.163043 13.356916 10
-2.7697563 14.105812 14.319613 10
-3.2658417 13.756688 14.325615 13
-3.7345283 13.395642 14.343823 11
-3.9390898 12.049968 13.336445 12
-3.0995965 14.102737 14.315244 16
-3.5761802 13.715325 14.318494 14
-4.0294051 13.338943 14.360855 12
-4.1861582 11.9445 13.330189 15
-3.4323807 14.094107 14.31114 11
-3.888869 13.677507 14.325597 12
-4.3168612 13.247016 14.348275 14
-4.4380884 11.86109 13.354818 16
-3.7624602 14.071632 14.303085 10
-4.1964197 13.614821 14.313836 14
-4.6037979 13.16512 14.35173 11
-4.6890125 11.774602 13.381536 14
-4.092083 14.035016 14.288175 15
-4.5075006 13.560971 14.319093 12
-4.8894744 13.075204 14.353253 15
-4.9366097 11.679211 13.406312 13
-4.4307413 14.020186 14.304136 12
-4.8121367 13.482114 14.305502 14
-5.1689472 12.96629 14.341897 11
-5.1828113 11.584725 13.4361 18
-4.7622242 13.963345 14.288291 17
-5.120698 13.414392 14.311779 12
-5.4479618 12.859642 14.340481 13
-5.4363198 11.508264 13.492752 14
-5.0970316 13.919327 14.295825 16
-5.4210849 13.312563 14.292669 7
-5.7263932 12.755747 14.350483 10
-5.6835093 11.417776 13.542793 11
-5.4333172 13.870567 14.303892 9
-5.727262 13.232896 14.301026 14
-5.5822759 11.621947 13.195554 2
-5.9295688 11.321126 13.589123 10
-5.7579985 13.773647 14.270672 16
-6.0325198 13.144804 14.308942 19
-5.8313527 11.508526 13.194202 4
-6.182138 11.238438 13.656919 14
-6.0960426 13.70853 14.281906 18
-6.3320422 13.037147 14.303313 12
-6.0852523 11.403756 13.210648 7
-6.4265418 11.137228 13.711248 10
-6.4256458 13.619957 14.275592 24
-6.6358628 12.935555 14.313419 7
-6.3210225 11.263573 13.189507 8
-6.6855054 11.063568 13.804883 14
-6.7695751 13.552836 14.301678 16
-6.9316974 12.817175 14.311933 6
-6.5601916 11.128371 13.184403 10
-6.9344697 10.966307 13.875594 12
-6.0550756 11.228589 11.938155 13
-7.2150869 12.669271 14.286571 23
-6.8058643 11.011555 13.203974 13
-7.1788154 10.859735 13.944149 15
-7.3981724 13.285161 14.239225 13
-7.4919477 12.514108 14.25804 18
-7.0569773 10.90108 13.237717 14
-7.4265685 10.758567 14.02387 15
-7.7148623 13.146044 14.217618 23
-7.7624736 12.347737 14.225798 16
-7.3101292 10.792706 13.281416 14
-7.6524997 10.620235 14.062841 16
-8.0337582 13.012995 14.210991 16
-8.0317345 12.175417 14.194628 11
-7.5782385 10.7028 13.359024 15
-7.9150705 10.535633 14.179484 16
-8.3299007 12.837499 14.166714 18
-8.3002853 12.007057 14.174499 7
-7.847363 10.611809 13.43965 14
-8.1399679 10.392173 14.226548 22
-8.6507912 12.699254 14.172171 11
-8.5726404 11.842319 14.168305 16
-8.1232014 10.523355 13.535192 10
-8.3504782 10.22891 14.250718 24
-8.931262 12.493015 14.113038 18
-8.8261194 11.648488 14.133326 22
-8.3886566 10.415506 13.612877 11
-8.5179234 10.011294 14.20335 24
-9.2242212 12.309724 14.086781 18
-9.0808325 11.458661 14.111329 15
-8.676259 10.330971 13.730351 13
-8.6985359 9.8183193 14.191827 29
-9.5170984 12.123451 14.065537 25
-8.705246 10.439724 13.057834 4
-8.9423485 10.213085 13.814114 12
-8.867466 9.6106634 14.165495 20
-8.9374027 10.257477 13.044138 8
-9.2201433 10.104407 13.91894 15
-9.055871 9.4269075 14.181116 26
-10.067088 11.701365 13.994884 17
-9.1962643 10.109311 13.081172 12
-9.4859858 9.9752607 14.005813 16
-9.2106133 9.2126617 14.149877 29
-10.350367 11.49742 13.98077 17
-9.4854603 9.9915323 13.166748 16
-9.7263451 9.814168 14.056811 19
-9.3729124 9.0082903 14.138487 19
-10.628573 11.288645 13.969674 20
-9.7775812 9.8696299 13.257311 16
-9.929739 9.61131 14.055139 16
-9.5268717 8.797266 14.119106 22
-10.897275 11.067266 13.952549 18
-10.080128 9.7534618 13.367617 13
-10.130143 9.4056025 14.05535 16
-9.692627 8.5999126 14.128515 26
-11.132272 10.80701 13.894694 13
-10.403289 9.6496019 13.505806 12
-10.301183 9.1728487 14.019936 14
-9.8322058 8.3813896 14.102299 16
-11.421827 10.603965 13.920542 10
-10.680779 9.4892178 13.581586 13
-10.484901 8.9547091 14.010464 16
-9.9520998 8.1485367 14.055268 8
-10.945067 9.6693192 12.974371 3
-11.036693 9.3992815 13.767651 13
-10.664495 8.7327385 14.004028 23
-10.117073 7.9572554 14.083828 26
-11.19405 9.4537697 12.982477 8
-11.323275 9.2366199 13.862353 17
-10.830658 8.5002117 13.983685 16
-10.239392 7.730361 14.054734 24
-11.483046 9.2723808 13.045509 11
-11.569253 9.0307837 13.903728 22
-10.99222 8.2673349 13.965731 23
-10.372718 7.5155687 14.046964 23
-11.749578 9.0642586 13.086463 14
-11.747245 8.7697172 13.867403 12
-11.153417 8.0329571 13.953422 15
-10.514153 7.3089991 14.058689 20
-12.178264 8.9785557 13.320996 11
-11.962907 8.5372372 13.886723 16
-11.307637 7.7957058 13.940145 25
-10.627698 7.0832963 14.036638 33
-12.576217 8.8549051 13.519841 16
-12.142006 8.2751331 13.866383 18
-11.48447 7.5739245 13.963704 9
-10.741148 6.8598337 14.022609 27
-12.919586 8.6792669 13.658212 21
-12.315016 8.013381 13.849092 17
-11.614779 7.3227549 13.933653 20
-10.858807 6.6402483 14.019547 21
-13.182789 8.4373169 13.708339 14
-12.475529 7.7420416 13.823986 19
-11.745014 7.071568 13.9107 21
-10.974405 6.42171 14.021597 7
-13.307331 8.1010523 13.615726 8
-12.649372 7.4772468 13.819836 20
-11.871225 6.8195381 13.889781 23
-11.083914 6.2003999 14.017653 19
-13.605564 7.8769569 13.718588 19
-12.788459 7.1947036 13.785839 11
-12.017251 6.5799155 13.901595 27
-11.180201 5.9725871 14.004743 25
-13.790201 7.5777574 13.706339 30
-12.957529 6.9301815 13.793582 15
-12.134459 6.324275 13.882637 23
-11.279666 5.7476902 14.001803 28
-13.950266 7.2664309 13.678282 23
-13.109077 6.6542749 13.78847 18
-12.254932 6.0735564 13.875645 16
-11.380243 5.5247798 14.004852 24
-14.116531 6.9579368 13.665177 18
-13.24426 6.3709683 13.772488 17
-12.358944 5.8134303 13.854788 10
-11.450057 5.2879286 13.974139 24
-14.274555 6.6437535 13.649147 10
-13.382564 6.0885901 13.768479 16
-12.49182 5.5683575 13.874697 14
-11.540542 5.0624075 13.975252 18
-14.447149 6.3391166 13.658978 16
-13.50047 5.7979307 13.748611 24
-12.576534 5.3009357 13.845967 24
-11.642385 4.8425269 13.996271 30
-14.57773 6.0139489 13.635133 18
-13.64099 5.5165362 13.760537 12
-12.686646 5.0458465 13.85251 23
-11.698402 4.602582 13.9617 16
-14.736519 5.6970406 13.642623 16
-13.705396 5.2050409 13.697759 7
-12.774482 4.7815676 13.83603 22
-11.808857 4.387536 14.005432 13
-14.862086 5.3700833 13.629797 15
-13.898124 4.9439011 13.78029 12
-12.866635 4.5209594 13.835202 24
-11.878027 4.1547976 13.999669 13
-15.013237 5.0522776 13.650779 16
-13.976319 4.6376834 13.747716 15
-12.949567 4.2556787 13.831487 28
-11.93299 3.9195468 13.98305 19
-15.09292 4.7079496 13.610342 17
-14.057691 4.3353877 13.728197 16
-13.024317 3.9887183 13.821902 16
-11.981745 3.6815858 13.964543 21
-15.209333 4.3774958 13.615713 18
-14.148156 4.0358992 13.725711 14
-13.082797 3.7193587 13.802545 11
-12.040743 3.4492478 13.963079 22
-15.272768 4.0307713 13.57865 12
-14.249879 3.7379236 13.741136 11
-13.208632 3.468658 13.865657 12
-11.382129 3.0139375 13.081698 2
-15.274395 3.6691709 13.492891 4
-14.333453 3.4365671 13.746617 12
-13.253003 3.1927295 13.842256 20
-11.525591 2.8208351 13.198408 19
-15.294723 3.3180962 13.433796 5
-14.395867 3.1310751 13.737116 15
-13.313755 2.9243319 13.844856 17
-11.860091 2.6672919 13.551911 9
-15.44391 2.9965091 13.502052 10
-14.461122 2.8244572 13.737855 16
-12.631027 2.4992232 13.035535 5
-12.164796 2.496695 13.872557 20
-15.439967 2.6411614 13.43827 15
-14.510307 2.5162952 13.729656 12
-12.806195 2.2667859 13.177182 14
-12.278064 2.2774408 13.961596 26
-15.368724 2.2779677 13.321623 23
-13.799052 2.0842273 12.974116 2
-13.325284 2.0866177 13.701117 14
-12.308347 2.0400088 13.95668 14
-14.376065 1.8022355 12.375315 18
-14.034348 1.818844 13.167435 12
-13.471461 1.8313775 13.821961 12
-12.34247 1.8046337 13.96017 13
-12.827456 1.3129278 10.936537 2
-14.505033 1.5723487 13.60021 9
-13.503129 1.5580697 13.822581 9
-12.379673 1.5691774 13.971621 14
-12.738213 1.0229168 10.834557 7
-14.46174 1.2588036 13.529495 10
-13.570611 1.2898616 13.86589 14
-12.419153 1.333042 13.98712 14
-12.65142 0.7398591 10.739397 3
-14.484319 0.95086044 13.532067 8
-13.585154 1.0151733 13.859614 15
-12.427032 1.0946054 13.973764 13
-12.525901 0.45908815 10.617025 3
-14.548136 0.64648151 13.582556 14
-13.557303 0.73696852 13.81662 21
-12.441007 0.85697186 13.972393 18
-14.517171 0.33839294 13.546713 28
-13.582004 0.46296263 13.833316 23
-12.449882 0.61852276 13.970133 23
-14.475153 0.031778187 13.507016 16
-13.609685 0.18898156 13.862078 16
-12.457685 0.38021702 13.969935 22
-14.401965 -0.2727806 13.444648 27
-13.618124 -0.086445354 13.875112 14
-12.461513 0.14193343 13.971809 19
-11.846962 -0.46644291 10.937569 27
-13.583394 -0.36141238 13.848293 11
-12.470427 -0.097535647 13.98256 19
-11.97439 -0.85807192 10.17299 9
-11.78841 -0.71043479 10.898715 42
-13.536947 -0.63183415 13.814369 9
-12.461365 -0.33727577 13.978307 18
-11.917522 -1.1120851 10.150267 8
-11.709868 -0.94973707 10.846103 47
-13.516466 -0.90419662 13.813526 6
-12.456252 -0.57417774 13.982252 13
-11.867681 -1.3683766 10.140406 5
-11.61442 -1.1855001 10.781482 45
-13.45287 -1.174147 13.772839 6
-12.45013 -0.81313598 13.991164 14
-11.711926 -1.6050687 10.04015 2
-11.559137 -1.4247293 10.762638 29
-13.400408 -1.4425249 13.750135 8
-12.438916 -1.05397 13.997122 15
-13.329055 -1.7099259 13.713188 7
-12.422944 -1.2952812 14.005692 14
-13.254682 -1.9728533 13.677742 8
-12.406693 -1.5359975 14.014882 14
-13.230271 -2.2426894 13.705262 11
-12.388356 -1.7763264 14.0291 21
-13.221197 -2.5174255 13.754118 12
-12.356349 -2.0163119 14.031003 18
-13.158154 -2.7843056 13.750267 17
-12.337434 -2.2587614 14.053805 19
-11.19328 -3.0389743 9.9294271 4
-13.116104 -3.0548275 13.775331 15
-12.280303 -2.4968104 14.035884 24
-11.085484 -3.2660723 9.9098129 2
-13.05103 -3.3204796 13.780568 15
-12.2552 -2.7408962 14.061802 21
-11.038363 -3.513262 9.9548836 2
-12.976041 -3.582767 13.780861 18
-12.200098 -2.9789503 14.054892 22
-10.957552 -3.7472565 9.9731264 2
-12.206008 -3.6251905 12.999865 47
-12.159996 -3.2214804 14.072906 20
-10.84796 -3.971216 9.9675245 4
-12.137601 -3.8746459 13.013083 51
-12.118864 -3.46593 14.096935 17
-10.819924 -4.2290578 10.049048 1
-10.883026 -3.9905865 10.84692 2
-12.066525 -4.1242309 13.030826 31
-11.504245 -3.5241897 13.407558 16
-12.633861 -4.6224718 13.797764 42
-11.414724 -3.7420003 13.375803 3
-12.537116 -4.8789029 13.804175 28
-11.941786 -4.1917262 14.128847 24
-12.449266 -5.1416116 13.829547 34
-11.861767 -4.4278145 14.125086 22
-12.343619 -5.3956971 13.83801 44
-11.777712 -4.6647444 14.123361 23
-10.390112 -5.4116702 10.269538 9
-12.256445 -5.6586657 13.87672 46
-11.699126 -4.9042001 14.133039 15
-10.348218 -5.6782293 10.382072 3
-10.083231 -5.1958194 10.704361 54
-12.137522 -5.9075599 13.882627 29
-11.623763 -5.1455827 14.153508 17
-10.179547 -5.8710818 10.362858 4
-10.002953 -5.4217038 10.759581 52
-10.087962 -5.0991373 11.51104 4
-11.539745 -5.386416 14.16776 18
-10.09381 -6.114635 10.440145 4
-9.9256563 -5.6515808 10.822783 52
-10.035694 -5.331964 11.583044 3
-11.437936 -5.6196423 14.166085 24
-9.9677477 -6.3338189 10.480582 3
-9.8305101 -5.8749523 10.873026 55
-9.8884497 -5.5136228 11.543539 2
-11.36364 -5.8698483 14.206331 21
-9.8041477 -6.14465 11.014027 12
-11.628289 -6.8935332 13.931834 14
-11.255737 -6.1028962 14.208736 21
-9.9169102 -6.5230856 11.338487 2
-11.516642 -7.1542945 13.982347 15
-11.162644 -6.3454299 14.236075 25
-9.8183451 -6.7592549 11.410836 3
-11.341135 -7.3708696 13.954123 10
-11.059389 -6.5883436 14.259787 16
-9.741991 -7.0151067 11.520629 2
-11.185801 -7.6024661 13.961256 8
-10.932207 -6.8157172 14.256283 23
-11.254979 -8.5821581 13.720688 14
-11.049334 -7.850873 13.998729 8
-10.81127 -7.0493407 14.266755 20
-11.145347 -8.8825369 13.848405 28
-10.946557 -8.1265707 14.09127 4
-10.685556 -7.2804456 14.27835 26
-10.940542 -9.1039381 13.855603 47
-10.836242 -8.4043083 14.186014 4
-10.54203 -7.50214 14.269951 28
-10.873406 -9.4536858 14.059684 30
-10.681931 -8.6452913 14.223401 4
-10.418433 -7.7423944 14.299281 19
-9.1078138 -8.6906519 11.551838 2
-10.162219 -9.182889 13.363717 34
-10.49599 -8.8633785 14.224613 6
-10.282164 -7.9742498 14.31921 19
-10.486794 -10.59948 13.828075 18
-10.049993 -9.4801111 13.513356 53
-10.346912 -9.1144323 14.287367 6
-10.144516 -8.2078533 14.343827 18
-10.357338 -10.935894 14.025007 40
-10.228543 -10.099248 14.113096 11
-10.153996 -9.325429 14.292022 15
-10.008806 -8.4471655 14.378076 21
-10.213781 -11.272695 14.217451 17
-10.075366 -10.384955 14.237544 3
-9.6863918 -9.2561817 13.87653 12
-9.8622694 -8.6801987 14.400904 17
-9.8097239 -11.291327 14.019119 10
-9.348588 -9.301549 13.654107 6
-9.6889811 -8.8947268 14.396714 9
-9.6572857 -11.624061 14.220162 5
-9.6876392 -10.880091 14.393738 5
-9.6318216 -10.039186 14.443573 16
-9.4836988 -9.0741749 14.344625 9
-9.477951 -11.114244 14.468702 16
-9.425766 -10.247651 14.464318 15
-9.0842314 -9.0414667 13.976705 12
-9.2299232 -11.297924 14.481818 16
-9.2082233 -10.444513 14.472286 16
-8.743578 -9.0583849 13.698045 7
-8.9633169 -12.341023 14.525361 16
-8.9853926 -11.488392 14.50962 16
-8.9969664 -10.648661 14.496737 18
-9.0221052 -9.7993546 14.507759 12
-8.6867676 -12.518699 14.564234 15
-8.7472725 -11.689408 14.556273 17
-8.7636557 -10.826612 14.490486 4
-8.8271217 -10.002356 14.507524 24
-8.387331 -12.65737 14.569578 15
-8.500104 -11.881855 14.597521 7
-8.5567713 -11.04248 14.540576 10
-8.6467886 -10.2293 14.544458 16
-8.1174498 -12.844813 14.636072 6
-8.2049799 -11.997813 14.552953 6
-8.3386431 -11.250248 14.583783 16
-8.4351883 -10.422457 14.538447 17
-7.8150692 -12.969441 14.641151 14
-7.967586 -12.200732 14.622644 13
-8.1094561 -11.441594 14.609369 12
-8.2426691 -10.641176 14.572046 16
-7.5164237 -13.103137 14.664263 11
-7.7046103 -12.366764 14.654163 12
-7.865272 -11.611411 14.615753 16
-8.036232 -10.848346 14.593327 15
-7.2396116 -13.274375 14.736927 8
-7.4330435 -12.519299 14.675385 12
-7.6255631 -11.793107 14.643932 13
-7.8256631 -11.052183 14.615377 11
-6.9316769 -13.378503 14.744331 10
-7.1587658 -12.660773 14.693624 7
-7.3895969 -11.983185 14.685938 7
-6.9021254 -12.843448 14.762415 3
-7.1281762 -12.128264 14.678207 4
-7.409534 -11.491047 14.70745 4
-6.6091075 -12.947752 14.74679 9
-6.8851953 -12.314826 14.72411 10
-7.1661038 -11.659088 14.694328 13
-6.0240417 -13.717799 14.834918 7
-6.3392048 -13.108402 14.803056 7
-6.626061 -12.475993 14.746306 11
-6.9271832 -11.839078 14.703452 8
-5.711937 -13.795926 14.843226 8
-6.0458617 -13.219182 14.811412 7
-6.3641777 -12.630949 14.771575 8
-6.6993871 -12.049294 14.752651 11
-5.4147973 -13.910454 14.900559 8
-5.7631583 -13.345427 14.8456 10
-6.1039567 -12.799047 14.814746 8
-6.4497724 -12.222894 14.765769 9
-5.0911493 -13.946268 14.879738 5
-5.4766479 -13.466528 14.879797 8
-5.8391576 -12.954986 14.85191 7
-6.2093849 -12.422754 14.812909 9
-4.7273483 -13.82795 14.705705 5
-5.1908545 -13.594616 14.929005 4
-5.5629659 -13.087555 14.868066 8
-5.9527435 -12.59409 14.832056 10
-4.3879132 -13.758417 14.590655 5
-4.8986168 -13.707509 14.968212 4
-5.2938089 -13.255293 14.928293 5
-5.6931386 -12.768303 14.859239 8
-4.0252519 -13.572313 14.35841 4
-4.5765834 -13.71755 14.899301 5
-5.0117006 -13.389624 14.955501 5
-5.4255791 -12.941209 14.886473 5
-3.6894839 -13.456003 14.207206 5
-4.2390752 -13.648183 14.754251 5
-4.7239871 -13.512733 14.976719 6
-5.1535044 -13.100928 14.908702 5
-3.3906424 -13.473694 14.206172 5
-3.8999403 -13.537833 14.575087 4
-4.430028 -13.614642 14.983905 7
-4.8801761 -13.270576 14.944957 8
-3.5703592 -13.443798 14.419902 4
-4.1058955 -13.593755 14.862905 5
-4.6037502 -13.445083 14.994242 5
-3.232676 -13.258674 14.178493 4
-3.7655115 -13.485467 14.655748 4
-4.3117609 -13.574093 15.001497 6
-2.6176076 -14.42093 15.186986 6
-3.0899036 -14.204803 15.146277 3
-3.4286449 -13.361351 14.43851 3
-3.9823349 -13.555146 14.850505 5
-2.3087785 -14.452004 15.229145 5
-2.7913554 -14.313161 15.227554 5
-3.6497731 -13.50988 14.676446 6
-1.9952005 -14.46415 15.255185 4
-2.4703026 -14.300127 15.184664 4
-3.2844615 -13.263936 14.300271 5
-1.685204 -14.470337 15.283261 5
-2.1640973 -14.40411 15.274105 6
-2.6327851 -14.267841 15.203718 5
-1.3749905 -14.474796 15.319703 5
-1.846922 -14.369607 15.225469 5
-2.3199689 -14.349915 15.232834 7
-1.0642301 -14.439105 15.315424 5
-1.5390406 -14.45208 15.30538 3
-2.0071115 -14.426863 15.267263 5
-2.4895754 -14.387261 15.204007 5
-0.75677615 -14.458117 15.381642 7
-1.224147 -14.47594 15.332661 6
-1.6892052 -14.506592 15.310736 4
-2.1680434 -14.509883 15.247636 5
-0.45008627 -14.453215 15.42578 5
-0.90996778 -14.477873 15.341869 6
-1.3671348 -14.560227 15.331155 5
-1.8415936 -14.6313 15.297295 8
-0.14489135 -14.401484 15.426763 5
-0.59360445 -14.550598 15.431223 5
-1.0425612 -14.59798 15.342347 6
-1.5073316 -14.712826 15.308574 4
0.16266087 -14.391926 15.479479 4
-0.27995044 -14.503075 15.401839 6
-0.71687055 -14.671783 15.397443 6
-1.1724052 -14.8183 15.355853 5
0.46757063 -14.364452 15.518188 6
0.03679955 -14.527114 15.455808 5
-0.38902265 -14.690547 15.406465 8
-0.83260077 -14.890599 15.376128 6
0.76573378 -14.283306 15.506749 5
0.35490012 -14.532084 15.49479 7
-0.059161171 -14.744043 15.456694 6
-0.48588514 -14.994434 15.435652 5
1.0653074 -14.249856 15.55357 6
0.66501641 -14.47541 15.477626 7
0.2693741 -14.756592 15.472881 5
-0.14033993 -15.059494 15.464929 5
1.3593844 -14.16017 15.543727 9
0.98237818 -14.476826 15.527099 5
0.60336983 -14.773348 15.499703 7
0.21288906 -15.14226 15.520341 5
1.6657914 -14.154146 15.636904 5
1.3018163 -14.469284 15.57655 7
0.94021696 -14.799247 15.545259 7
0.56747657 -15.156011 15.511766 7
1.9552114 -14.060321 15.637453 8
1.6206791 -14.446323 15.617464 3
1.2796043 -14.81659 15.588385 8
0.92741299 -15.209319 15.553295 5
2.2460949 -13.97626 15.652074 7
1.936339 -14.411319 15.649382 5
1.6144867 -14.779081 15.581308 6
1.2878102 -15.238779 15.577579 11
2.5387504 -13.904052 15.689647 6
2.2452114 -14.329554 15.637091 5
1.9541793 -14.773868 15.61762 4
1.6617661 -15.295614 15.638888 9
2.8337841 -13.85151 15.753499 5
2.5524163 -14.24582 15.631903 6
2.2977767 -14.766742 15.656877 7
2.0234563 -15.29056 15.647696 5
2.4455576 -11.383595 13.057073 28
2.8622003 -14.186075 15.659644 7
2.6395345 -14.755226 15.705671 6
2.400327 -15.342803 15.723725 6
3.3855698 -13.61733 15.752732 4
3.1918914 -14.189013 15.763276 5
2.9856222 -14.742219 15.755676 8
2.7612216 -15.282296 15.689912 8
3.6621823 -13.507568 15.770473 8
3.5027924 -14.117381 15.793022 5
3.3269005 -14.688257 15.771061 5
3.1382768 -15.27609 15.726539 11
3.925354 -13.357193 15.743322 9
3.7908421 -13.968566 15.740396 8
3.6815865 -14.678001 15.841871 6
3.53019 -15.308439 15.806798 6
4.184906 -13.208516 15.725442 9
4.0967536 -13.874223 15.755984 7
4.0074849 -14.567903 15.81261 7
3.9035261 -15.263949 15.819549 5
4.4628348 -13.110018 15.773789 8
4.3890467 -13.748104 15.745625 10
4.3300123 -14.441476 15.777687 11
4.2774048 -15.203756 15.829902 11
4.7199759 -12.962041 15.759649 4
4.6843257 -13.629944 15.740447 11
4.6708632 -14.368797 15.80061 13
4.6560068 -15.146797 15.840879 12
4.9691296 -12.8016 15.742795 10
4.9629102 -13.472722 15.704472 5
5.0035439 -14.267638 15.803885 11
5.0155087 -15.034638 15.81244 12
5.2155871 -12.641558 15.731454 10
5.2564764 -13.349512 15.717967 10
5.3279734 -14.141069 15.793949 11
5.4023528 -14.979605 15.854102 12
5.4564919 -12.475163 15.714773 9
5.5454159 -13.217649 15.72542 12
5.6542907 -14.016894 15.791651 11
5.7616973 -14.852309 15.831986 17
5.7004676 -12.317201 15.71661 9
5.8324256 -13.083716 15.736875 11
5.9658699 -13.864169 15.764184 11
6.1199861 -14.716879 15.805809 12
5.9511065 -12.173752 15.741609 9
6.1196194 -12.945803 15.749131 10
6.2950263 -13.745522 15.782792 13
6.4907312 -14.605508 15.817779 13
6.1794538 -11.992708 15.720436 9
6.3932772 -12.782321 15.739184 10
6.6107068 -13.590363 15.771424 4
6.8634925 -14.489239 15.83591 12
6.4026451 -11.811202 15.704449 10
6.6588755 -12.608066 15.7226 14
6.9251633 -13.437476 15.768917 12
7.2116256 -14.325048 15.810717 11
6.6346927 -11.643142 15.712146 12
6.9154501 -12.424244 15.699416 10
7.245966 -13.295136 15.788344 13
7.5554423 -14.14908 15.781136 15
6.8453832 -11.448279 15.685927 15
7.1787834 -12.249232 15.692713 17
7.5334234 -13.09189 15.743211 13
7.9152975 -13.999566 15.793271 16
7.0660448 -11.267992 15.685915 14
7.4583502 -12.093899 15.721931 10
7.8474107 -12.932672 15.758045 15
7.7040648 -11.893893 15.695673 11
8.1304998 -12.723321 15.722168 15
8.604804 -13.630939 15.766232 19
7.9558334 -11.702683 15.690387 13
8.4220581 -12.524342 15.708428 15
8.9538193 -13.445467 15.772196 16
7.6885695 -10.686451 15.650813 12
8.2243662 -11.530616 15.719169 13
8.7440214 -12.365504 15.753385 15
9.3101788 -13.266671 15.79213 19
7.9017229 -10.505273 15.666651 14
8.456481 -11.31386 15.690016 16
9.0272007 -12.151778 15.73758 9
8.1003609 -10.305704 15.658318 16
8.7134628 -11.126994 15.710108 14
9.31141 -11.938961 15.729764 11
8.2887325 -10.09753 15.642878 16
8.9475946 -10.912083 15.696951 12
9.574791 -11.700007 15.695723 15
10.306161 -12.610804 15.776596 18
8.5039053 -9.9182014 15.674712 6
7.7339401 -9.1446781 13.414966 12
9.8547392 -11.48232 15.69787 16
10.599542 -12.343743 15.732679 17
8.0508547 -9.0534573 14.611829 3
9.3910275 -10.459252 15.65543 14
10.102537 -11.22897 15.660715 13
10.975383 -12.161227 15.805616 5
8.2637253 -8.8991385 14.673764 9
9.6239672 -10.244327 15.664301 13
10.354239 -10.974432 15.633581 7
11.207609 -11.826639 15.697082 20
8.5062399 -8.7685089 14.785968 15
9.8179007 -9.9919767 15.620771 12
10.638104 -10.75744 15.664766 14
11.50698 -11.562178 15.685214 16
8.7691593 -8.652977 14.93235 9
10.056986 -9.7816811 15.651679 8
10.902146 -10.514273 15.668734 15
11.809267 -11.297565 15.685366 14
9.0584764 -8.5543203 15.117966 11
10.238596 -9.5197906 15.604034 14
11.145567 -10.251931 15.6545 13
12.100973 -11.016365 15.677394 6
9.3382597 -8.439064 15.288465 12
10.456005 -9.2883682 15.613729 14
11.380687 -9.9809132 15.635183 16
12.397824 -10.741916 15.686481 15
9.5889912 -8.2893248 15.414512 11
10.659037 -9.0448112 15.610123 14
11.675086 -9.7566872 15.699225 9
12.660679 -10.435145 15.661011 21
9.8161392 -8.1214743 15.510435 16
10.161451 -8.269556 14.67219 4
11.878246 -9.460165 15.656555 14
12.989697 -10.176551 15.719302 9
10.014465 -7.9270725 15.566021 13
10.416978 -8.0880861 14.768138 8
12.093409 -9.1728697 15.63479 16
13.197788 -9.8289499 15.649197 14
10.162634 -7.6954832 15.551983 15
10.715969 -7.9312735 14.922344 12
12.275867 -8.8618126 15.584794 9
13.439641 -9.5032501 15.624645 14
10.289613 -7.4508991 15.517026 13
11.076893 -7.8047333 15.154417 11
12.512668 -8.5866079 15.605941 17
13.555578 -9.0935087 15.475769 4
10.431002 -7.2152886 15.509682 9
11.411182 -7.649189 15.353602 14
12.723912 -8.2942677 15.604435 16
13.853549 -8.805295 15.53359 12
10.592541 -6.990356 15.530846 10
11.66776 -7.4383965 15.459435 10
12.144831 -7.5381417 14.708876 4
13.810946 -8.3150244 15.240476 32
10.742968 -6.7608776 15.542922 16
11.954563 -7.2393513 15.603509 9
12.474236 -7.330431 14.8672 12
12.63959 -7.2308803 13.802903 48
10.842712 -6.5035076 15.493572 15
12.062675 -6.9347305 15.531044 13
12.512445 -6.9617081 14.706058 19
12.778387 -6.895916 13.74567 44
10.976569 -6.2614856 15.493727 14
12.206013 -6.6512942 15.511256 14
13.208596 -6.92451 15.271849 20
13.192435 -6.6954594 13.971 67
11.072991 -6.0039153 15.451674 9
12.322978 -6.3539758 15.46818 7
13.034843 -6.4501796 14.897262 21
13.167953 -6.2809572 13.765608 50
11.267423 -5.7932706 15.54139 9
12.374291 -6.0283532 15.355575 4
12.75868 -5.950017 14.427901 26
12.990259 -5.8116245 13.423969 39
11.35081 -5.5291891 15.493111 13
12.413927 -5.7021642 15.23662 6
12.633078 -5.5336246 14.134361 39
12.832507 -5.3706527 13.117068 51
11.45944 -5.2752514 15.480653 14
12.582622 -5.4347668 15.274664 16
12.595226 -5.1656408 13.943855 51
12.696456 -4.9514561 12.844794 40
11.545887 -5.0130625 15.446335 12
12.570827 -5.0926971 15.115388 18
12.572896 -4.8089972 13.782437 73
12.531609 -4.5355744 12.557231 57
11.633413 -4.7528567 15.419968 9
12.353833 -4.683085 14.732496 24
12.443089 -4.4237247 13.519204 46
12.40546 -4.1460781 12.321007 51
11.647426 -4.4647031 15.305013 4
12.128386 -4.2887793 14.354595 18
12.296597 -4.0460963 13.251881 51
12.263602 -3.7631953 12.078697 52
11.666556 -4.1823053 15.207106 4
12.011923 -3.9409604 14.10757 32
12.169616 -3.6866431 13.014743 38
12.119218 -3.3943818 11.846412 53
11.768128 -3.9274831 15.211831 5
11.955037 -3.6206527 13.939024 45
12.054914 -3.3396835 12.80077 44
12.00117 -3.0435162 11.651465 55
11.90459 -3.6843164 15.26698 9
11.922121 -3.3125017 13.8009 50
11.933454 -2.9996686 12.58992 47
11.870173 -2.695806 11.450717 56
11.854444 -3.3874681 15.102738 18
11.885704 -3.0089884 13.66854 50
11.806329 -2.6692023 12.38276 59
11.729944 -2.3588884 11.252247 49
11.783525 -3.0880604 14.919015 16
11.78123 -2.6969943 13.470729 48
11.688346 -2.347764 12.191982 55
10.732866 -1.889663 10.297084 68
11.51756 -2.7514005 14.511024 17
11.686124 -2.3888972 13.28887 37
10.686563 -1.88826 11.149551 70
10.646035 -1.5969813 10.16525 66
11.384361 -2.4559231 14.269888 25
10.66704 -1.9347553 12.137465 45
10.588 -1.6063862 10.999876 70
10.935884 -1.3563004 10.377356 25
10.567443 -2.0418303 13.241692 3
10.565348 -1.6600219 11.972451 54
10.785702 -1.3623695 11.143981 30
11.032087 -1.0843678 10.426753 55
10.555586 -1.795486 13.162883 34
10.579133 -1.4095291 11.935767 34
11.216239 -1.138801 11.51504 65
10.948162 -0.79882997 10.317999 52
10.465224 -1.5415154 12.996212 34
11.020144 -1.2024899 12.34985 19
11.163399 -0.85999221 11.426712 59
10.877195 -0.51861483 10.228686 61
10.607317 -1.3186604 13.103434 12
11.149274 -0.95129138 12.437844 57
11.025955 -0.58070469 11.263783 64
10.840227 -0.24219996 10.176409 56
11.068218 -1.1197479 13.575745 29
11.050124 -0.68151754 12.29517 51
10.878708 -0.30483148 11.094766 51
10.805268 0.033311691 10.130143 48
11.065218 -0.86705506 13.521769 42
10.961097 -0.41730982 12.168578 54
10.683045 -0.038906749 10.889457 53
10.779366 0.3052122 10.098947 47
10.968728 -0.61221623 13.368155 37
10.847315 -0.1570885 12.025831 56
10.543304 0.22032084 10.742541 56
10.759474 0.57537544 10.078792 30
10.880281 -0.36003792 13.225604 31
10.776486 0.096913688 11.932389 57
10.415792 0.47008008 10.617737 56
10.718665 0.84370565 10.049543 18
10.783926 -0.11421391 13.085128 36
10.676732 0.34765726 11.813944 49
10.342654 0.72196454 10.545532 63
10.677737 1.1112784 10.023494 6
10.71015 0.13085833 12.975108 35
10.577058 0.59477496 11.69956 55
10.246964 0.96834886 10.458995 66
10.681454 1.3844726 10.042385 2
10.58749 0.37052709 12.812074 40
10.481707 0.83957362 11.596874 55
10.151447 1.2111306 10.3785 68
10.521212 0.6093958 12.715867 42
10.391356 1.0818117 11.503393 58
10.074878 1.455243 10.319001 61
10.446357 0.84563541 12.616275 36
10.299273 1.3203052 11.412713 64
9.9874973 1.6939099 10.255451 65
10.334565 1.0760591 12.483752 44
10.214834 1.5569831 11.337409 70
9.9305878 1.9357839 10.22631 57
10.265379 1.307291 12.403557 48
10.127489 1.7905654 11.266088 71
9.8233633 2.1656239 10.155869 64
10.179395 1.5358317 12.306258 42
10.041201 2.022198 11.19778 65
9.7447596 2.4006517 10.117603 63
10.100386 1.7626871 12.224013 41
9.9499626 2.2526484 11.129444 73
9.6711273 2.6349089 10.090374 63
10.018368 1.9894429 12.144748 39
9.8381205 2.4752522 11.045984 67
9.6200953 2.8770654 10.087243 56
9.9335232 2.2140067 12.061422 42
9.7194033 2.696533 10.958447 55
9.5435762 3.1091628 10.06595 54
9.0491199 3.3781102 8.9848146 1
9.8378391 2.4351473 11.973037 43
9.6244764 2.9188108 10.901064 61
9.4738226 3.3455637 10.057692 56
8.7507563 3.526227 8.7823324 49
9.759922 2.658052 11.912764 44
9.4892988 3.1264522 10.808465 65
9.2677422 3.5303805 9.9196987 56
8.6607304 3.7428637 8.7740068 62
9.6771393 2.8777671 11.85047 43
9.4130507 3.3525417 10.782196 57
8.6969872 3.5742247 9.4227581 66
8.5931482 3.970438 8.7917957 62
9.605135 3.1009433 11.804235 47
9.2573309 3.5503609 10.674495 45
8.6052217 3.7857597 9.404438 62
9.2229471 4.5146079 9.4751606 54
9.5046329 3.3149564 11.730844 51
8.6508827 3.5735683 10.090388 51
8.5409002 4.0074391 9.4172688 69
9.1153202 4.7456322 9.4736938 53
9.4451809 3.5456431 11.70895 53
8.5859137 3.7891326 10.086481 61
9.016099 4.4783692 9.9841003 61
9.0906811 5.0190864 9.5568476 17
8.6263504 3.4929378 10.820681 24
8.5080605 4.0012975 10.073271 57
8.8942318 4.6918483 9.9566059 62
8.547864 3.6970623 10.783508 51
8.9167156 4.4347525 10.596574 61
8.7948055 4.914341 9.9542274 61
8.4742298 3.9034052 10.759347 51
8.8548412 4.6667037 10.617409 54
8.7187872 5.1487713 9.9839659 62
8.467021 4.1404591 10.815538 11
8.7694483 4.8906107 10.617129 62
8.6007881 5.3634295 9.9734917 62
9.0128031 4.6469545 11.525629 46
8.7033262 5.1256127 10.64107 60
8.5233784 5.6029935 10.010363 52
8.6273041 6.2413588 9.7429924 25
8.9178629 4.8652539 11.496354 47
8.6313353 5.3629889 10.668886 70
8.4120302 5.8258314 10.019973 62
8.5257778 6.4897127 9.7905874 30
8.8364286 5.094142 11.485128 50
8.5747938 5.6120691 10.716738 62
8.3220615 6.0606565 10.057631 61
8.3544207 6.6893144 9.7728052 47
8.7578182 5.3253269 11.487831 47
8.5269165 5.8685255 10.784605 66
8.2281418 6.2971807 10.099313 61
8.1998558 6.8973112 9.7762394 43
8.6647882 5.5504265 11.476633 47
8.4750996 6.1284976 10.857577 71
8.1440182 6.5409074 10.157138 57
8.0348444 7.0937872 9.7737007 34
8.5776014 5.7778049 11.480474 55
8.389348 6.3660626 10.89341 53
8.0442114 6.7780123 10.204889 56
7.8812447 7.3037667 9.7882013 49
8.480361 6.004847 11.477287 47
8.3010216 6.6116843 10.937262 51
7.9438543 7.0193024 10.260716 51
7.762732 7.5444751 9.8519516 41
8.4087524 6.2531662 11.513289 44
8.2085333 6.8552642 10.98116 62
7.8566284 7.2772212 10.338613 50
7.6641912 7.8080711 9.9467382 45
8.3194609 6.4958687 11.535117 40
8.1146917 7.1079769 11.033878 54
7.7709942 7.5454407 10.429277 51
7.5585384 8.0755949 10.044247 44
8.2233868 6.7344613 11.553776 38
8.0082493 7.3522668 11.076452 53
7.7822256 7.9047875 10.648263 47
7.4517927 8.3450918 10.14574 38
8.1347818 6.9844079 11.592443 49
7.9237981 7.618515 11.155095 41
7.7189646 8.2100544 10.786922 42
7.3495812 8.6248283 10.265224 41
8.046072 7.2363801 11.6391 37
7.8151407 7.8667836 11.213634 46
7.6181302 8.4827766 10.888437 34
7.3186402 8.9886208 10.486915 45
7.939712 7.4816341 11.668662 45
7.7109056 8.128273 11.286162 50
7.5043712 8.7540016 10.985874 44
7.2793279 9.3631172 10.715473 40
7.8620577 7.7581091 11.746221 36
7.6056528 8.3957024 11.364518 45
7.4001627 9.0426083 11.105119 39
6.7950749 9.2176743 10.355588 21
7.7535648 8.0132809 11.791535 37
7.5055747 8.6764822 11.462967 33
7.2795887 9.32477 11.214611 52
6.4656773 9.2404833 10.197247 54
7.6512685 8.2885389 11.856109 31
7.4017911 8.9657049 11.566331 41
6.8494797 9.2420235 10.892834 14
6.3481598 9.5256605 10.340652 60
7.5458417 8.5609694 11.926463 32
7.2951221 9.2603588 11.680643 34
6.4685903 9.1950521 10.63446 57
6.7822156 10.597018 11.323124 41
7.4282794 8.8300734 11.989865 34
7.0076447 9.3462343 11.537513 13
6.3522482 9.4763136 10.766838 66
6.6434531 10.910577 11.488256 56
7.3228774 9.1196156 12.084288 40
6.5131593 9.1611013 11.079884 32
6.2477064 9.7851324 10.928206 8
6.5048041 11.244225 11.675329 54
7.1822562 9.3841543 12.138175 27
6.3642321 9.4032478 11.147874 53
6.6418452 10.84411 11.911238 39
6.358397 11.581841 11.868175 58
6.719409 9.2560253 11.701887 11
6.246551 9.6911974 11.274529 29
6.5109563 11.181761 12.091699 56
6.2144279 11.942142 12.084498 56
6.4004455 9.2851582 11.481987 35
6.6574292 10.762453 12.288091 45
6.3745279 11.533422 12.282864 48
6.0714655 12.32682 12.326438 53
6.2751818 9.5689621 11.578316 45
6.5267067 11.100323 12.454219 44
6.2252722 11.880698 12.475844 36
5.920249 12.717241 12.575274 44
6.7026954 10.647077 12.61979 29
6.389626 11.446986 12.627276 37
6.0809064 12.254266 12.694771 50
5.7568798 13.111244 12.832012 51
6.5684986 10.976716 12.756913 35
6.2481952 11.801538 12.812278 52
5.9310198 12.639686 12.927622 64
5.522099 13.375087 12.965688 54
6.4277172 11.32016 12.904952 40
6.0956655 12.158677 12.997198 74
5.6833258 12.858788 12.993349 48
5.2974987 13.680486 13.1433 38
6.2779617 11.665268 13.054875 66
5.8395123 12.351252 13.00885 63
5.4850836 13.190185 13.1749 43
5.1241369 14.130345 13.459598 34
6.0366597 11.870335 13.050484 52
5.66465 12.702526 13.190441 41
5.3126397 13.609964 13.446473 29
5.0472879 14.870037 14.052982 38
5.8538656 12.195788 13.176288 46
5.5001187 13.108058 13.426129 28
5.2573829 14.339849 14.020688 35
4.7564893 15.109237 14.178008 18
5.6954036 12.585711 13.376929 38
5.4157858 13.718822 13.871574 28
5.0355983 14.722731 14.256965 16
4.4028039 15.179153 14.148421 17
5.5417686 13.012239 13.614579 32
5.2660222 14.238869 14.22297 20
4.6475539 14.69073 14.099545 13
4.0206118 15.145472 14.033057 13
5.4899354 13.701443 14.11811 29
4.9206076 14.314716 14.133501 8
4.3695111 14.960986 14.235909 4
3.5920959 14.931417 13.761952 11
5.2694144 14.060992 14.28357 25
4.0609112 15.149807 14.303335 13
3.2114902 14.834614 13.607799 14
4.8963709 14.086484 14.111084 13
4.3851013 14.894966 14.396251 5
3.6415544 14.983152 14.043148 12
4.0493755 15.02143 14.373695 13
3.2361517 14.816061 13.794052 12
2.7166295 15.726092 14.310853 19
3.6667078 14.982541 14.204348 11
2.8511205 14.685899 13.586971 11
2.365695 15.774015 14.308443 16
4.0628018 14.92886 14.400104 16
3.2639799 14.850587 13.958158 9
2.7018192 15.562368 14.317299 12
2.0092797 15.785623 14.27911 12
3.7063217 15.006295 14.309564 17
2.8438957 14.611978 13.620626 9
2.3552835 15.629851 14.305254 13
1.6589653 15.817001 14.278138 17
3.2826805 14.829743 13.988762 14
2.5102551 14.680531 13.580204 5
2.004801 15.688866 14.292748 5
1.3090632 15.833014 14.268768 13
2.8593316 14.617742 13.647637 10
2.3411171 15.57439 14.308257 13
1.6546161 15.739882 14.280267 13
0.96011513 15.849083 14.266402 18
2.5159211 14.684826 13.579158 5
1.9889063 15.655289 14.287702 6
1.3053032 15.793912 14.28084 14
0.61404568 15.869214 14.275126 17
2.3470018 15.627642 14.318167 18
1.6365641 15.74014 14.27821 13
0.95193809 15.826675 14.265501 13
0.26404679 15.86313 14.268917 4
1.989521 15.743345 14.301517 5
1.2824941 15.816986 14.270687 12
0.60104865 15.870664 14.268088 13
-0.080972441 15.858292 14.270695 15
1.6245887 15.820392 14.260076 16
0.92497206 15.879391 14.257399 14
0.24860074 15.879199 14.250059 7
-0.42534056 15.837141 14.262869 12
1.2633488 15.933863 14.25861 13
0.56808311 15.955036 14.265082 13
-0.10199929 15.919086 14.264898 9
-0.77006483 13.403159 12.088431 74
0.89655685 16.03611 14.252148 15
0.20713632 15.984389 14.237886 6
-0.45536199 15.905704 14.238886 10
-1.1074369 15.784478 14.263053 14
0.52512199 16.127254 14.246597 13
-0.15587206 16.035877 14.235451 12
-0.80198848 13.490863 12.071129 7
-1.4479454 15.741787 14.254963 13
0.15115909 16.204388 14.235916 6
-0.51852226 16.076454 14.232932 12
-1.158323 15.94576 14.268153 10
-1.7820057 15.687382 14.245877 14
-0.22683771 16.281467 14.231107 12
-0.88495481 16.134043 14.25426 10
-1.5093068 15.917727 14.248849 10
-2.1166971 15.647218 14.255484 16
-0.60709995 16.340614 14.219068 11
-1.2516466 16.127602 14.223499 13
-1.8604556 15.892951 14.242234 10
-2.4514658 15.58488 14.251317 12
-0.98965824 16.4056 14.220181 10
-1.6186769 16.15115 14.227847 10
-2.2108231 15.872089 14.245832 13
-2.7802045 15.520753 14.251237 8
-1.3787222 16.457272 14.219384 9
-1.9871652 16.160604 14.228266 8
-2.5601485 15.82622 14.231485 12
-3.1133537 15.488708 14.287908 12
-1.7657356 16.483082 14.202504 10
-2.3563323 16.136961 14.207768 9
-2.9091992 15.794333 14.239269 7
-3.4340975 15.375643 14.255186 16
-2.1573613 16.520706 14.206706 15
-2.7278426 16.143459 14.221034 14
-3.2520812 15.711673 14.209022 13
-3.7546172 15.279861 14.246151 12
-2.5541954 16.540079 14.201941 14
-3.0922477 16.077728 14.179937 7
-3.5980904 15.655769 14.207012 12
-4.0720787 15.182986 14.242457 12
-2.9480839 16.540707 14.189908 10
-3.4701715 16.083384 14.205424 18
-3.950773 15.627425 14.239661 12
-4.3933182 15.093677 14.250491 12
-3.349071 16.5693 14.20955 10
-3.8388746 16.044727 14.203064 14
-4.2943735 15.558613 14.241679 13
-4.7078705 14.99602 14.256685 17
-3.7468076 16.53463 14.185796 13
-4.2082725 15.998332 14.200333 14
-4.5178933 15.001888 13.800371 9
-5.0192595 14.895117 14.26413 18
-4.1514215 16.543501 14.205032 12
-4.5725675 15.924359 14.181343 7
-4.971818 15.377325 14.226558 16
-5.3188004 14.749922 14.236551 16
-4.5416427 16.471584 14.16711 16
-4.9531026 15.902102 14.217308 13
-5.3108673 15.293616 14.235796 15
-5.6350641 14.66631 14.276749 10
-4.9552326 16.476509 14.201215 19
-5.3088865 15.790851 14.180164 14
-5.6461544 15.188993 14.233097 17
-5.928741 14.519976 14.260653 19
-5.3482194 16.391314 14.171529 19
-5.6854811 15.738811 14.204983 15
-5.9750433 15.071713 14.225246 13
-6.2305527 14.398981 14.273749 17
-5.7599602 16.370747 14.203025 15
-6.0468874 15.636631 14.193481 11
-6.309546 14.968779 14.237737 17
-6.5181065 14.248584 14.262849 23
-6.1543627 16.273174 14.176482 13
-6.4105101 15.541258 14.196223 17
-6.6370788 14.844538 14.237043 14
-6.820118 14.131477 14.294205 24
-6.5530615 16.188461 14.171067 16
-6.7781329 15.449861 14.209894 16
-6.9624033 14.718749 14.240974 14
-7.1079946 13.983172 14.297175 12
-6.9504495 16.089109 14.163825 20
-7.1436467 15.342744 14.215742 17
-7.2607541 14.52886 14.188405 9
-6.2279353 11.398314 11.784969 11
-7.3547354 15.997445 14.169945 16
-7.5157404 15.250571 14.245953 8
-7.5992761 14.427185 14.23076 6
-7.6424475 13.618187 14.246118 18
-7.7337809 15.84737 14.142505 9
-7.8361716 15.041157 14.183432 8
-7.9011774 14.253317 14.217539 18
-7.8893986 13.400114 14.203354 24
-8.1250477 15.714984 14.133531 15
-8.1860514 14.891482 14.173363 15
-8.1920681 14.056746 14.177979 18
-8.1520319 13.219709 14.191953 18
-8.5142555 15.574666 14.123953 22
-8.5204449 14.713922 14.149726 19
-8.4881763 13.871555 14.157689 18
-8.4092789 13.036127 14.183758 17
-8.8802328 15.388097 14.084844 15
-8.8495188 14.528926 14.122675 19
-8.776022 13.680296 14.135731 14
-8.6448307 12.814846 14.139144 17
-9.2462635 15.202083 14.051078 20
-9.1428938 14.280235 14.040829 5
-9.0478735 13.464379 14.094174 16
-8.8573103 12.569489 14.070712 15
-9.6109276 15.006074 14.022743 7
-9.4841137 14.119269 14.054516 14
-9.3358088 13.273446 14.087112 18
-9.1344481 12.426459 14.122231 22
-9.975872 14.814515 14.005822 14
-9.7959967 13.902619 14.022016 15
-9.6121979 13.066847 14.070165 11
-9.3740969 12.225061 14.11267 20
-10.308775 14.570652 13.947537 20
-10.076318 13.645673 13.953085 11
-9.8728352 12.840998 14.037034 19
-9.591568 11.996122 14.077504 18
-10.670374 14.366387 13.935404 15
-10.102095 13.038151 13.527429 5
-10.105851 12.579378 13.967847 4
-9.8146172 11.780967 14.060407 4
-11.00112 14.120035 13.893808 20
-10.699078 13.227783 13.93675 15
-10.380567 12.378149 13.973659 18
-10.043049 11.574417 14.057547 17
-11.321085 13.86019 13.845373 13
-11.007938 13.00961 13.932125 14
-10.618184 12.129534 13.933437 13
-10.248742 11.343091 14.028191 22
-11.685661 13.653931 13.85856 17
-11.270826 12.736792 13.874049 15
-10.577242 11.553445 13.510468 2
-10.464317 11.124267 14.021869 16
-11.548459 12.483916 13.843387 14
-11.161751 11.719511 13.96312 12
-10.657618 10.884713 13.988342 21
-12.307876 13.110415 13.78165 16
-11.82845 12.236749 13.82684 17
-11.398026 11.472623 13.938994 15
-10.160274 9.9169741 13.005702 3
-12.614958 12.830829 13.745972 17
-12.113936 11.990127 13.822243 14
-11.594024 11.184055 13.873527 18
-10.362305 9.7225351 13.020885 6
-12.90816 12.540779 13.710836 19
-12.365583 11.712625 13.787354 14
-11.829182 10.942293 13.867633 18
-10.578883 9.53864 13.059961 20
-13.200336 12.249758 13.681779 7
-12.614048 11.431192 13.754598 17
-12.043421 10.681158 13.844073 14
-10.869781 9.4263983 13.202383 16
-13.502914 11.964416 13.670576 16
-12.902634 11.190535 13.778205 9
-12.217281 10.382365 13.774543 17
-11.196393 9.3380384 13.389997 15
-13.780066 11.659934 13.643159 16
-13.07344 10.838673 13.673704 5
-12.521901 10.202421 13.871563 8
-11.510736 9.2263346 13.556682 16
-14.056789 11.351629 13.621863 19
-13.326338 10.564335 13.671668 9
-11.908492 9.2531309 12.907972 3
-11.757885 9.0533085 13.646765 15
-14.330092 11.04015 13.605296 8
-13.604142 10.310915 13.705853 16
-12.155222 9.0479755 12.963176 6
-12.079782 8.9359007 13.831151 16
-14.602468 10.728769 13.599737 15
-13.793612 9.985445 13.652897 13
-12.436116 8.8658743 13.062011 13
-12.289101 8.7223186 13.875516 22
-14.829292 10.383258 13.556371 21
-14.04752 9.709178 13.672056 14
-12.803983 8.7410498 13.260904 12
-12.425031 8.4560509 13.841503 16
-15.077003 10.050772 13.538847 20
-14.242602 9.390605 13.639847 16
-13.16312 8.5973396 13.446973 13
-12.581771 8.2050705 13.838323 16
-15.290909 9.7015457 13.50152 13
-13.645617 8.5489187 12.824866 4
-13.498496 8.4311762 13.610312 13
-12.727611 7.9490662 13.824316 19
-15.545056 9.3739748 13.511874 17
-13.942129 8.3231716 12.920581 12
-13.769126 8.2093792 13.70419 16
-12.849504 7.6792517 13.791389 16
-15.735281 9.0055313 13.46781 20
-14.357871 8.1605167 13.136252 13
-13.936545 7.9209719 13.69801 18
-13.026157 7.4436913 13.825964 11
-15.957616 8.6590691 13.464445 13
-14.771996 7.9818954 13.347989 13
-14.080416 7.6213593 13.674029 18
-13.148089 7.1729145 13.804036 24
-15.353992 7.8661966 12.747327 6
-15.184581 7.7915244 13.562782 15
-14.234481 7.3287163 13.666965 15
-13.286539 6.9159136 13.806944 23
-15.711484 7.6075983 12.883705 15
-15.369798 7.4696536 13.56655 18
-14.375352 7.0273328 13.649955 8
-13.395377 6.6426964 13.782063 22
-16.263618 7.4353633 13.192398 18
-15.488391 7.1129379 13.516878 9
-14.550217 6.743876 13.677647 13
-13.510437 6.3732944 13.768126 21
-16.59693 7.1423602 13.31703 11
-15.71999 6.8133755 13.57825 17
-14.696367 6.4441772 13.678624 16
-13.626697 6.1046438 13.763217 18
-16.691698 6.7371325 13.24673 10
-15.848145 6.4641299 13.552528 16
-14.792492 6.125145 13.640028 17
-13.722486 5.8287835 13.741482 15
-13.981967 5.2272005 10.878671 7
-15.954677 6.104887 13.515016 13
-14.917231 5.8194032 13.636207 12
-13.828436 5.5567408 13.734675 10
-13.875012 4.8332348 10.686759 39
-16.001194 5.7276955 13.432981 6
-15.053151 5.5153108 13.648303 12
-13.970334 5.301548 13.771563 15
-13.717505 4.4310069 10.463226 32
-15.996978 5.3382297 13.314342 5
-15.171839 5.2068186 13.651534 13
-14.047751 5.0184889 13.747993 20
-13.982201 4.1786175 10.588255 3
-16.205921 5.0216775 13.388975 9
-15.255881 4.8864942 13.627047 18
-14.148704 4.7446661 13.750228 16
-16.187826 4.6337233 13.275373 20
-15.339017 4.5651631 13.607431 10
-14.23257 4.4663405 13.742393 22
-16.151945 4.2472868 13.157573 12
-15.369494 4.230525 13.547011 8
-14.29616 4.1816449 13.717598 12
-16.106098 3.8631954 13.034841 3
-15.414303 3.9023871 13.506561 5
-14.432971 3.9164784 13.773391 14
-15.367591 3.5531948 13.387063 7
-14.486259 3.6290047 13.748985 16
-15.54859 3.2606478 13.483776 9
-14.554766 3.3443098 13.744457 22
-15.523507 2.9221075 13.401085 19
-14.619328 3.0607939 13.741952 22
-15.48843 2.584914 13.312458 17
-14.661546 2.7710428 13.724625 12
-15.449858 2.2526574 13.228641 8
-14.715392 2.4835956 13.719934 8
-12.982681 1.6056403 10.970185 2
-14.667269 2.1806338 13.62256 8
-12.837701 1.3203146 10.81051 3
-14.149691 1.8183733 13.072577 29
-12.590865 0.78793383 9.7598505 2
-12.791575 1.0533363 10.745567 3
-14.579049 1.5847348 13.451303 13
-12.585633 0.52135539 9.7435856 2
-12.712739 0.78725654 10.65581 3
-14.751538 1.3133841 13.586917 23
-12.433704 0.25235349 9.6135607 2
-12.489167 0.5175848 10.442281 2
-14.714243 1.0203937 13.521178 26
-12.342452 -0.0096782017 9.5380907 2
-12.420234 0.26275754 10.372631 2
-14.697268 0.72970861 13.479196 22
-12.240394 -0.26739606 9.4564362 2
-14.635076 0.43644083 13.399248 16
-14.616406 0.14872682 13.367028 11
-13.892877 -1.1917099 10.079586 58
-12.104931 -0.47939742 10.090652 2
-14.547217 -0.13842368 13.291463 4
-13.771531 -1.4838701 10.0174 53
-12.146046 -0.72902471 10.138195 3
-13.653405 -1.772912 9.963191 54
-12.063675 -0.97032285 10.077577 2
-13.525398 -2.058538 9.9060431 62
-11.964434 -1.2060329 10.00706 1
-11.732353 -0.79508293 10.578292 29
-13.387682 -2.335809 9.8469353 63
-11.662763 -1.0199599 10.518414 26
-13.260389 -2.6106277 9.8005028 64
-13.374512 -2.2968376 10.577548 4
-11.724544 -1.6643202 9.8440409 3
-11.579201 -1.2404734 10.451693 33
-13.118871 -2.8809478 9.7475052 67
-13.299868 -2.5744421 10.56528 8
-11.654383 -1.895978 9.8127804 1
-11.575517 -1.470306 10.465891 8
-12.994498 -3.1506271 9.7155619 63
-13.2196 -2.8498628 10.551836 12
-12.873496 -3.4176006 9.6901541 67
-13.1025 -3.1148038 10.51454 26
-12.756458 -3.6844778 9.6718664 71
-12.165481 -3.1499364 9.777194 3
-12.005445 -3.7368541 9.1431684 62
-12.923495 -3.6547141 10.49844 41
-11.896185 -3.9851584 9.137598 61
-12.04665 -3.6670892 9.8134727 59
-11.909793 -4.2808642 9.2375736 71
-11.918066 -3.9015441 9.7809095 65
-12.332535 -4.7496591 9.6908302 73
-11.864657 -4.1635718 9.816143 63
-12.11906 -3.8177919 10.609199 2
-12.244901 -5.0210457 9.7232914 86
-11.752026 -4.400991 9.8056326 2
-11.239063 -3.7763269 9.8550987 2
-12.153296 -5.2952747 9.7606421 82
-12.445267 -4.9839854 10.526537 74
-11.261006 -4.043931 9.9517031 2
-12.046815 -5.5604215 9.7901449 66
-12.346681 -5.2514529 10.546964 71
-11.99661 -5.8564291 9.874383 82
-12.242196 -5.5146818 10.566471 68
-10.880454 -3.8987215 10.245599 2
-11.899714 -6.1328831 9.925024 66
-12.140385 -5.780086 10.594257 57
-11.822984 -6.4247069 10.003721 73
-12.044084 -6.0521965 10.636194 44
-11.761487 -6.7264013 10.100248 70
-11.929669 -6.3152752 10.664659 47
-10.877884 -5.2259941 10.051309 2
-11.666442 -7.0118051 10.173846 66
-11.8398 -6.5928836 10.72322 31
-10.669819 -5.3957548 9.9523306 2
-11.565342 -7.2989411 10.25052 66
-11.750853 -6.8745446 10.788754 10
-11.47218 -7.5925088 10.339994 71
-10.804195 -6.5974112 10.007182 1
-11.355062 -7.8762865 10.414594 61
-11.476149 -7.38591 10.845078 2
-10.333266 -5.460999 10.284969 2
-11.256329 -8.1744413 10.515073 56
-11.1422 -8.4670382 10.610837 70
-11.034114 -8.7702799 10.718582 68
-10.235011 -7.5011415 10.090878 2
-10.925807 -9.0788212 10.836212 33
-10.067475 -7.7080479 10.097603 2
-10.774341 -9.3541412 10.917047 5
-9.8369503 -6.5768533 10.353172 4
-9.751296 -6.8197184 10.399588 2
-9.4809456 -7.6103725 10.147396 2
-9.6453896 -7.0530438 10.431444 2
-9.4389601 -9.2689276 10.17942 3
-9.373579 -7.8555183 10.212558 2
-9.180541 -9.4048281 10.138491 2
-9.1587591 -8.6874962 10.130357 2
-9.0278349 -8.9386921 10.216157 2
-8.8364887 -9.130024 10.234196 3
-9.1013851 -8.684967 10.521169 2
-7.9336548 -11.072672 10.754525 3
-7.7901936 -11.39003 10.935429 12
-7.6509523 -11.734495 11.145352 23
-7.8874173 -11.129805 11.143881 17
-7.7472997 -11.449854 11.329489 18
-7.6121387 -11.806536 11.536762 11
-7.8716621 -11.187832 11.49888 21
-8.1918154 -14.809296 13.673768 16
-8.8991938 -14.770207 14.261307 16
-7.7394915 -11.53978 11.685315 15
-8.0425682 -10.919656 11.654803 9
-7.939693 -15.120904 13.846413 10
-8.5866833 -14.972846 14.29744 8
-7.5771241 -11.858404 11.84129 3
-7.8697867 -11.200033 11.748047 20
-8.2436485 -15.119694 14.284241 9
-8.6960945 -14.55092 14.333032 4
-9.1802864 -13.966244 14.400552 6
-7.7811189 -15.006509 14.034272 7
-8.430028 -14.83925 14.426455 4
-8.8135347 -14.067806 14.26979 11
-7.2991619 -16.479549 14.761708 9
-7.7890019 -15.925059 14.751462 5
-8.1330585 -15.083114 14.478353 7
-6.9389935 -16.61735 14.790157 6
-7.4387422 -16.081686 14.762837 8
-7.6799154 -14.992796 14.222809 7
-7.0871806 -16.23624 14.78073 8
-7.2387614 -14.900508 13.982742 5
-8.0750837 -15.086411 14.628285 6
-7.2581258 -15.91238 14.772556 10
-7.5963354 -14.956654 14.307333 9
-5.8482723 -16.991741 14.899828 7
-6.3978362 -16.5748 14.868662 6
-6.9146829 -16.085783 14.787497 5
-7.137413 -14.836607 14.009222 7
-5.4769006 -17.083084 14.921681 5
-6.0332904 -16.696461 14.881531 8
-6.5876842 -16.312716 14.857403 8
-7.1492925 -15.860329 14.788024 6
-5.1173244 -17.215775 14.986548 6
-5.6787238 -16.852411 14.927428 7
-6.2310438 -16.462711 14.862298 8
-4.7476749 -17.319147 15.030402 6
-5.3142309 -16.975042 14.952302 4
-5.8804059 -16.646841 14.903251 8
-4.3642926 -17.351126 15.024149 8
-4.9423294 -17.079426 14.966175 8
-6.1161838 -16.490606 14.863969 8
-3.9959371 -17.448517 15.077978 10
-4.5812554 -17.225094 15.028091 7
-5.7644372 -16.704723 14.904016 7
-3.6162846 -17.49159 15.090734 5
-4.2068291 -17.317371 15.045951 6
-4.7901897 -17.119886 14.996152 6
-3.2497056 -17.599985 15.169585 7
-3.8366077 -17.437725 15.096862 8
-4.4250622 -17.29344 15.054177 7
-5.0358219 -17.109028 14.985218 10
-2.8745306 -17.664135 15.217372 7
-3.4550955 -17.503756 15.107697 5
-4.0454903 -17.417545 15.076165 8
-4.6633973 -17.316359 15.036392 9
-2.4973481 -17.697262 15.244085 8
-3.0766056 -17.602819 15.151608 6
-3.6677125 -17.582615 15.140259 5
-4.2753673 -17.479191 15.05455 7
-2.121093 -17.766338 15.305896 7
-2.6967542 -17.714865 15.212483 9
-3.2805574 -17.695633 15.165023 7
-3.8885958 -17.66832 15.106362 7
-1.7441115 -17.79648 15.340319 7
-2.3157115 -17.808191 15.263652 9
-2.8893583 -17.82192 15.203969 6
-3.4969816 -17.864592 15.166462 5
-1.3612119 -17.766447 15.331674 7
-1.9318289 -17.924513 15.34498 5
-2.4965134 -17.952568 15.257976 7
-3.0943935 -18.038757 15.21489 6
-0.98568624 -17.80547 15.389536 7
-1.5404447 -17.950087 15.354921 5
-2.0966334 -18.050808 15.294176 7
-2.6810689 -18.142607 15.219203 8
-0.60495472 -17.859144 15.472202 7
-1.1480855 -17.986513 15.383644 7
-1.6947223 -18.197809 15.379296 3
-2.2658026 -18.296242 15.27145 6
-0.75302762 -18.025576 15.415506 8
-1.2880281 -18.282179 15.413687 9
-1.8435054 -18.455727 15.327497 11
0.14688841 -17.769516 15.474012 8
-0.35752681 -18.056322 15.450203 8
-0.87277752 -18.326563 15.425231 6
-1.4173005 -18.594242 15.371808 7
0.52100015 -17.794931 15.542093 6
0.032241933 -18.085104 15.486489 8
-0.46326765 -18.386461 15.451859 6
-0.98420471 -18.75481 15.450977 9
0.89694291 -17.779715 15.585261 9
0.42803717 -18.121191 15.540736 9
-0.046284478 -18.442913 15.48602 4
-0.5472545 -18.731764 15.385927 14
1.2765287 -17.788538 15.658731 6
0.82967567 -18.13937 15.585196 7
0.36363059 -18.326153 15.384245 10
-0.11440659 -18.509428 15.163197 10
1.6413071 -17.678516 15.635656 10
1.214656 -18.035591 15.539553 7
0.76750374 -18.181778 15.272726 9
0.31008676 -18.381287 15.034966 7
2.0169494 -17.661287 15.697732 6
1.5835946 -17.811819 15.391129 6
1.1665355 -18.030334 15.158964 10
0.73217136 -18.196085 14.864378 6
2.3881629 -17.603369 15.733052 10
1.9618725 -17.688267 15.334101 7
1.5570835 -17.861132 15.036552 9
1.1478907 -18.049183 14.733014 8
2.6374326 -16.931562 15.220812 6
2.3352561 -17.542049 15.265116 6
1.9474289 -17.70055 14.925481 10
1.5633621 -17.906918 14.609947 5
3.0871606 -17.284685 15.632477 9
2.6632636 -17.205944 15.035118 14
2.340374 -17.592518 14.869791 9
2.2134328 -19.3251 15.769951 5
3.4351001 -17.144497 15.608521 7
3.067169 -17.269875 15.162632 8
2.7272985 -17.461391 14.799736 9
2.6826577 -19.340336 15.800492 9
3.7829967 -17.021154 15.603361 11
3.4382613 -17.157578 15.138694 9
3.1089833 -17.321814 14.729922 7
3.1634855 -19.360943 15.839812 10
4.1260281 -16.884689 15.595479 12
3.7989156 -17.016087 15.102554 10
3.4886396 -17.181719 14.668845 6
3.6359036 -19.336277 15.852757 6
4.4661837 -16.737259 15.580779 12
4.1646433 -16.904066 15.095197 9
3.8859112 -17.106161 14.670289 4
4.1162372 -19.329193 15.891663 8
4.802351 -16.593359 15.577127 14
4.5172806 -16.740324 15.048609 9
4.7377 -18.549728 15.986137 11
4.6194711 -19.360714 15.971328 12
5.147532 -16.469448 15.597723 12
4.8776212 -16.614195 15.042023 13
5.1742101 -18.479227 16.010988 7
5.1215687 -19.393162 16.055527 7
5.4889522 -16.353197 15.622828 15
5.2311044 -16.47035 15.019205 11
5.6001692 -18.367468 16.006742 13
5.6042185 -19.309898 16.058022 8
5.8195243 -16.200317 15.624508 15
5.5824256 -16.32123 15.005677 14
6.0272555 -18.234865 16.000538 14
6.0688372 -19.173349 16.031048 14
6.1706095 -16.09656 15.68183 16
5.9247909 -16.149536 14.977093 17
6.4510207 -18.108688 16.007204 14
6.5403371 -19.05303 16.024332 18
6.5196881 -15.985582 15.73981 19
6.3046107 -16.069155 15.040839 14
6.8649073 -17.944916 15.986638 14
6.9922252 -18.879147 15.98276 13
6.8602743 -15.845018 15.773872 18
6.6651549 -15.93576 15.063523 14
7.2948723 -17.813879 16.007854 16
7.4842296 -18.772717 16.007643 15
7.1995277 -15.697558 15.804921 16
7.0344043 -15.805815 15.093019 17
7.7078462 -17.631882 15.987935 14
7.9499135 -18.617189 16.004959 16
7.5386209 -15.557801 15.852166 17
7.3884196 -15.652503 15.108303 15
8.1171074 -17.451612 15.979563 14
7.8638816 -15.378782 15.870451 18
7.7537808 -15.507071 15.138978 12
8.5245571 -17.257677 15.970984 15
8.17626 -15.189629 15.876853 20
8.1270695 -15.38335 15.203228 16
8.9401121 -17.084469 15.986869 12
9.3387604 -18.079594 15.988493 17
8.4757433 -14.984412 15.874717 16
8.4874763 -15.23121 15.242288 17
9.3304262 -16.864355 15.966997 12
8.6353512 -14.557046 15.637026 22
8.793292 -14.989813 15.200506 18
9.7101679 -16.620304 15.93271 14
9.0696163 -14.560894 15.873021 13
9.2304754 -14.943408 15.363705 17
10.117741 -16.419945 15.950767 15
10.700425 -17.449083 15.988277 15
9.361845 -14.339312 15.868469 14
9.6101141 -14.79991 15.441449 15
10.512738 -16.199219 15.956473 12
9.631649 -14.095908 15.844769 16
9.9642963 -14.616022 15.479642 12
10.926596 -16.004997 15.994876 11
10.36139 -14.486903 15.583654 13
10.481578 -14.67569 14.895852 3
12.018685 -16.712189 15.977591 17
10.759976 -14.343914 15.690137 15
10.839379 -14.445746 14.905859 5
10.451856 -13.382414 15.819161 14
11.140432 -14.167964 15.770393 15
11.241039 -14.263936 14.975075 9
10.704849 -13.125949 15.798731 15
11.452043 -13.912131 15.768867 9
11.614853 -14.04049 15.012169 9
13.291903 -15.867272 15.972838 19
10.961127 -12.868121 15.782371 17
11.80999 -13.696494 15.819998 12
12.079857 -13.903383 15.150967 13
13.604335 -15.448758 15.855257 11
11.251715 -12.645855 15.820155 13
12.122957 -13.433619 15.829763 18
12.500748 -13.713232 15.248823 14
14.091304 -15.224349 15.945165 15
11.486377 -12.366886 15.787128 15
12.39156 -13.124414 15.792905 17
12.947962 -13.534683 15.373137 16
14.387172 -14.800371 15.839183 11
11.736613 -12.108985 15.788196 15
12.642016 -12.805234 15.745003 10
13.405643 -13.36415 15.518394 11
14.862667 -14.550774 15.929667 15
11.931067 -11.8001 15.725236 15
12.952208 -12.537348 15.76701 13
13.86069 -13.172072 15.655661 11
15.190964 -14.157722 15.876374 13
12.144929 -11.510215 15.696058 5
13.238876 -12.247737 15.776385 14
14.311493 -12.962224 15.787487 12
14.53764 -12.936464 14.880201 10
12.437564 -11.285997 15.758853 19
13.558105 -11.97942 15.818414 10
14.645921 -12.643647 15.803619 12
14.81251 -12.53582 14.809388 43
12.660131 -11.001737 15.740985 16
13.774603 -11.627634 15.751924 16
14.750148 -12.140018 15.586515 6
15.147918 -12.187865 14.808548 32
12.782947 -10.637495 15.6178 11
14.039565 -11.316919 15.749932 13
15.121389 -11.856445 15.65494 19
14.922797 -11.434213 14.30735 40
13.144753 -10.465764 15.77573 9
14.665312 -10.973557 14.929302 20
14.864999 -10.824951 13.980374 29
13.285979 -10.122778 15.689913 19
14.23465 -10.45647 15.421803 10
14.373752 -10.249242 14.394273 23
14.623693 -10.120634 13.514773 33
13.479173 -9.8167505 15.664571 12
14.486336 -10.142218 15.431876 20
14.351945 -9.7325134 14.130792 60
14.368237 -9.4407845 13.060135 50
14.052263 -9.386219 14.758921 19
14.196975 -9.1517954 13.761398 34
14.145545 -8.8088045 12.651008 37
13.606897 -9.0425425 15.366341 8
13.845538 -8.8049574 14.341898 22
13.999235 -8.5620317 13.37116 38
12.854817 -7.6069965 11.376623 52
13.886729 -8.7923241 15.449591 19
13.800602 -8.3479681 14.100632 60
12.759315 -7.432014 12.073667 50
12.710865 -7.1055264 11.086061 53
13.793266 -8.3279333 15.153543 17
12.68361 -7.3175554 12.843501 33
12.74078 -7.0220571 11.890267 48
13.131965 -6.906467 11.271512 63
12.612453 -7.2879643 13.755905 41
12.749022 -6.9743767 12.743268 39
13.180938 -6.8489156 12.116362 48
13.111317 -6.4891577 11.105924 46
12.668983 -6.9581151 13.650966 29
13.170863 -6.8087306 12.98043 50
13.263358 -6.4929218 12.035499 49
12.947333 -6.0146236 10.834451 54
13.060842 -6.7980928 13.889503 53
13.234197 -6.4595237 12.887902 47
13.111235 -6.0379758 11.76683 45
12.798766 -5.566298 10.588246 47
13.187265 -6.5000548 13.860895 47
13.064988 -6.0118036 12.588774 42
12.923462 -5.5822825 11.472531 57
12.763408 -5.1732745 10.436377 51
13.040492 -6.0819139 13.566892 21
12.919875 -5.5935984 12.319639 49
12.581531 -5.0882049 11.065713 51
12.813255 -4.8236513 10.364698 33
12.904907 -5.6814642 13.296683 26
12.770493 -5.1858644 12.063007 48
12.411176 -4.6795249 10.811242 62
12.75735 -5.292182 13.025476 37
12.638183 -4.7995944 11.828301 48
12.264581 -4.2913046 10.591189 54
12.647682 -4.9276438 12.800742 40
12.506184 -4.4268346 11.608373 63
12.194901 -3.9401042 10.440782 56
12.51309 -4.5620289 12.561814 38
12.320088 -4.043128 11.346018 41
12.183744 -3.6126244 10.345876 67
12.37836 -4.2079778 12.329606 38
12.040063 -3.6470122 11.012155 59
12.22578 -3.3012383 10.297637 24
12.2582 -3.866612 12.115213 38
11.880052 -3.2998011 10.790848 63
12.254032 -2.9886923 10.243692 4
12.125582 -3.5310018 11.89922 45
11.751451 -2.9718804 10.604995 62
12.025291 -3.2139997 11.722685 45
11.652143 -2.6582594 10.449235 69
10.785154 -1.7445441 8.2892704 63
11.911263 -2.9023316 11.539638 51
10.769861 -2.202491 9.6494141 1
10.78338 -1.82188 8.9224901 64
10.918324 -1.4804895 8.3445616 31
11.807408 -2.5974498 11.370086 42
10.798726 -1.9424484 9.6179514 63
10.717893 -1.5414019 8.8292847 49
11.393057 -1.2474358 8.6484346 65
10.730947 -2.1209881 10.334961 14
10.668576 -1.6594869 9.4592657 68
11.192091 -1.3253218 9.1532011 42
11.313826 -0.94742787 8.5600796 68
10.697223 -1.8623616 10.248044 52
10.854451 -1.4244051 9.5670214 35
11.328075 -1.0581374 9.2195063 69
11.20887 -0.65337855 8.4615526 66
10.613633 -1.599654 10.117753 49
11.299591 -1.2073753 9.8917236 68
11.215458 -0.77041531 9.1049395 66
11.086124 -0.36399204 8.3559074 66
10.903689 -1.3875471 10.325331 31
11.232229 -0.92995465 9.7985077 68
11.02132 -0.080357097 8.2956848 62
11.04664 -1.1490495 10.405745 49
11.187984 -0.65960753 9.7294655 41
10.920835 0.19793923 8.2152119 70
10.979905 -0.88661307 10.303557 45
10.869793 0.057622861 8.7822218 3
10.815486 0.47206369 8.1367149 70
10.939262 -0.6302346 10.228568 47
10.764839 0.3246516 8.6917362 12
10.704371 0.74091101 8.0591812 79
10.934488 -0.37838742 10.190865 45
10.67511 0.58529758 8.6191883 34
10.622447 1.0078373 8.0064459 74
10.932285 -0.12658466 10.158523 31
10.593004 0.84306359 8.5550022 57
10.521988 1.2680113 7.9473538 72
10.926875 0.12515366 10.127371 14
10.817404 0.6542474 9.3341637 2
10.531981 1.1008825 8.512908 62
10.419031 1.5262798 7.8899555 68
10.926907 0.37822381 10.10673 7
10.436313 1.3523908 8.4495792 76
10.331063 1.78213 7.847672 70
10.792836 0.62614173 9.9731312 6
10.357513 1.6045562 8.4033718 68
10.231208 2.0355396 7.8013105 68
10.267929 1.851319 8.3531017 74
10.145306 2.2874942 7.7700539 66
10.171401 2.0968261 8.3017778 70
10.039726 2.532702 7.7296453 65
10.31652 1.8857443 8.9513607 2
10.07711 2.3363895 8.257411 67
9.9529896 2.7805915 7.7073145 59
9.9926424 2.5792937 8.2241144 73
9.8594227 3.0242002 7.6839504 60
9.9092188 2.8202472 8.1948299 65
9.7786188 3.2723055 7.6726665 53
9.8189077 3.0579572 8.1665049 65
9.0968313 3.3164451 7.2265863 3
9.7285872 3.2956731 8.1401815 60
8.8494444 3.4892006 7.1003056 54
9.7742825 3.041512 8.6381578 2
9.5546579 3.5052116 8.053319 61
8.7645073 3.7121947 7.0960493 52
9.7039747 3.2779977 8.6199636 51
8.7974672 3.4943821 7.5128317 65
8.6833858 3.9393513 7.0978069 48
9.5776205 3.4953389 8.5594168 56
8.7255068 3.7178583 7.5116649 56
9.326438 4.484292 7.6529346 17
9.6784525 3.1742523 9.1009607 38
8.7913227 3.4722755 7.9517579 81
8.6349316 3.9326296 7.4993844 62
9.2121458 4.7182298 7.6454163 23
9.605525 3.4036012 9.0707378 54
8.719696 3.6897233 7.9405718 62
9.3102789 4.4898596 8.1046562 48
9.1175756 4.9579258 7.655992 25
8.8243437 3.3866115 8.4230633 17
8.6421251 3.9059563 7.9293394 60
9.1777973 4.707058 8.0720186 50
9.0306749 5.2049356 7.6776037 31
8.7382107 3.5954607 8.3867865 54
8.6046209 4.1417475 7.9553413 2
9.087347 4.9448862 8.0766287 52
8.9300375 5.444447 7.6941714 44
8.6146746 3.790895 8.3203411 49
9.2106857 4.6804276 8.535243 45
9.009407 5.1892586 8.0974455 50
8.8302221 5.6850333 7.7148418 50
8.5783548 4.019733 8.3354931 24
9.1056156 4.907702 8.5169096 27
8.9304047 5.4346051 8.1222515 48
8.761363 5.9488406 7.7686725 54
9.1876755 4.5465808 8.9344845 55
8.8199673 5.6647544 8.1249933 24
8.6543722 6.1911607 7.7933927 60
9.1132612 4.7819185 8.9303608 47
8.7216702 5.9022002 8.1433897 47
8.5575895 6.4407082 7.8336906 64
9.1749878 5.0928297 9.0545473 2
8.6492968 6.1650906 8.1918802 55
8.4642057 6.6988745 7.8851171 53
8.5338354 6.3990316 8.2063904 39
8.3365736 6.9354138 7.9105334 51
8.7106104 6.135313 8.6163406 3
8.4416151 6.649899 8.2460194 47
8.2621374 7.2130556 7.988215 50
8.3550282 6.9090261 8.2966509 32
8.1545 7.4724436 8.0436954 47
8.2730875 7.1763563 8.3572941 7
8.0343132 7.7203584 8.0931149 55
8.2082024 7.4653893 8.4440022 4
7.9282203 7.9898562 8.1635799 54
7.8498611 8.2904568 8.2671165 21
7.4743938 9.1019678 8.4930859 61
7.6263461 8.7808571 8.7310505 40
7.2608604 9.2813845 8.4921083 43
7.4991508 9.0486279 8.8015022 65
6.7063117 9.0492554 8.124876 47
7.3260341 9.2735071 8.8295898 54
6.5574517 9.2931147 8.1939497 59
7.5145736 8.952527 9.0505352 63
6.8112411 9.0927534 8.4810553 36
6.4189854 9.555398 8.2819452 52
7.3951788 9.2365179 9.1257553 59
6.578444 9.2363186 8.4439325 66
7.5697861 8.8308983 9.2810802 45
6.9615498 9.1630993 8.8498592 24
6.4472065 9.5059948 8.5312796 63
7.4473023 9.1137934 9.3364515 45
6.5945973 9.1423063 8.6432981 61
6.8953319 10.587974 9.3315916 5
7.2320442 9.2960291 9.2944307 32
6.4845977 9.4317837 8.7407436 65
6.8450513 11.029062 9.5600595 16
6.6820621 9.0678921 8.8610535 35
6.3351493 9.6897087 8.8028622 8
6.6102977 11.223741 9.5726576 63
6.1946068 11.835154 9.5330048 53
6.5134096 9.2899418 8.874999 61
6.7494345 10.758369 9.5915527 65
6.3513627 11.384438 9.5568638 57
6.0267406 12.165693 9.678277 59
6.3922787 9.584898 8.9556255 31
6.5223651 10.956262 9.5926418 51
6.1948032 11.713334 9.6890984 68
5.8739209 12.548946 9.8663864 61
6.7129097 10.514723 9.6155977 45
6.3644462 11.27301 9.693902 65
6.0482054 12.08675 9.8544779 56
5.7150288 12.945065 10.064816 60
6.5502582 10.807252 9.6844845 49
6.2189498 11.625418 9.8309441 60
5.9029627 12.479333 10.038416 56
5.6736155 13.621301 10.480968 53
6.4115777 11.152985 9.8028564 43
6.0758858 12.000157 9.9872084 51
5.8714595 13.129941 10.426709 52
5.5073972 14.076511 10.727595 53
6.2732639 11.51841 9.9338808 43
5.9295092 12.390403 10.158109 53
5.7030292 13.546486 10.630383 61
5.3263512 14.532747 10.977075 45
6.1216784 11.874582 10.063873 52
5.9000592 13.034836 10.535172 60
5.5330105 13.981326 10.85204 59
5.1167054 14.955194 11.205492 56
6.031333 12.37235 10.304913 49
5.7289672 13.450519 10.720875 57
5.3545737 14.451954 11.094543 50
4.7018161 14.863883 11.051872 58
5.9494138 12.9336 10.593841 46
5.5612164 13.906447 10.940492 57
5.1511946 14.895631 11.320946 67
4.3426995 14.900946 11.000291 56
5.7827883 13.365438 10.774529 35
5.37994 14.375923 11.165977 49
4.7566576 14.873183 11.198279 57
4.1051874 15.31842 11.233527 14
5.6075182 13.813015 10.967115 44
5.1826658 14.844837 11.393353 53
4.377183 14.873353 11.096657 43
4.2744908 17.15233 12.503761 36
5.423089 14.289345 11.179561 43
4.8131247 14.900438 11.306648 52
4.133492 15.27351 11.299895 12
3.9831285 17.589954 12.753572 46
5.2317696 14.787496 11.4089 38
4.4015112 14.833217 11.133982 43
4.3028302 17.107391 12.560152 40
3.6779215 18.044153 13.017292 28
4.880168 14.916914 11.356206 38
4.157866 15.252409 11.333286 24
3.9956665 17.514297 12.764028 43
3.3802218 18.592831 13.355757 10
4.445735 14.812575 11.132376 46
4.3233213 17.086895 12.576307 25
3.6992857 18.010666 13.040403 24
3.143636 19.538679 13.981345 16
4.1977153 15.23941 11.315452 27
4.0083871 17.493429 12.758161 56
3.3987756 18.587391 13.373905 7
4.3457212 17.055676 12.518238 27
3.7015593 17.992975 13.010346 22
3.1451306 19.497568 13.950372 12
4.043117 17.554266 12.741694 59
3.3871374 18.547508 13.307202 9
1.8549756 19.890318 14.112971 16
3.7159994 18.018135 12.943912 23
3.1481514 19.579075 13.945482 15
1.409063 19.887848 14.085328 7
3.4057577 18.629723 13.253846 21
1.8556492 19.96796 14.091829 14
0.9731369 19.913544 14.082748 17
3.1622684 19.732729 13.909534 19
2.2925894 20.060835 14.102347 9
1.407167 20.035376 14.089107 5
0.53764951 19.923418 14.076298 12
2.6881461 19.772165 13.816186 6
1.8378322 20.164381 14.091555 13
0.95792764 20.069235 14.069241 13
0.098914795 19.915758 14.063456 14
2.2908366 20.321053 14.086243 9
1.3702426 20.212267 14.050087 6
0.51042676 20.128788 14.076357 11
-0.33444393 19.916723 14.065919 14
1.8178408 20.480782 14.091803 9
0.90878028 20.318367 14.058232 14
0.057973888 20.124113 14.040679 12
-0.76676798 19.826675 14.010726 15
1.3349063 20.545868 14.038782 6
0.4382897 20.228518 13.939613 15
-0.39575806 19.867336 13.843067 12
-1.1935199 19.540731 13.822665 18
0.827941 20.353968 13.824973 14
-0.038569573 20.003693 13.738137 16
-0.8390916 19.724089 13.731528 13
-1.6104971 19.407856 13.751992 16
0.33379874 20.1653 13.619198 13
-0.50064564 19.830675 13.576946 10
-1.2765747 19.529066 13.587525 16
-2.020822 19.228775 13.652276 19
-0.15597358 19.936653 13.39735 12
-0.95406747 19.608379 13.393574 13
-1.703959 19.377979 13.483113 15
-2.4295876 19.099527 13.591977 22
-0.63171095 19.757513 13.220161 9
-1.4025282 19.430952 13.248988 15
-2.1238918 19.178728 13.353681 16
-2.8242874 18.896267 13.48962 20
-1.1211667 21.000801 14.02128 11
-1.8446499 19.351681 13.200061 11
-2.5382581 18.963411 13.238915 16
-3.2209673 18.751814 13.452516 16
-1.6276985 21.046751 14.005164 8
-2.3892171 20.558558 14.012955 13
-2.9502828 18.820576 13.162373 9
-3.6138823 18.601807 13.398777 20
-2.1331913 21.082228 13.994073 12
-2.8724599 20.591745 14.03121 10
-3.3633013 18.732368 13.128895 9
-3.9996791 18.462269 13.357149 17
-2.6378365 21.098017 13.979258 13
-3.3418541 20.523169 13.988854 11
-3.7720611 18.618839 13.081282 5
-4.3816295 18.325766 13.321826 18
-3.159219 21.181269 14.013095 6
-3.8271937 20.547392 14.021979 16
-4.1760259 18.505487 13.041086 4
-4.7584152 18.180758 13.284377 19
-3.662014 21.120991 13.9607 14
-4.2991405 20.467293 13.98477 13
-4.8722177 19.808867 14.011348 12
-5.1326795 18.024046 13.246831 16
-4.181119 21.150389 13.977605 14
-4.772871 20.397923 13.966755 11
-5.3189969 19.735277 14.018011 14
-5.5093074 17.895914 13.236077 16
-4.7055874 21.153255 13.988205 10
-5.2575979 20.375862 13.987703 14
-5.7564588 19.640404 14.014086 14
-5.8735228 17.739344 13.206224 14
-5.2052574 21.042721 13.929048 19
-5.7321811 20.290731 13.974849 16
-6.1869016 19.510149 13.997315 13
-6.2480831 17.609987 13.206094 20
-5.7267275 21.019224 13.939598 13
-6.1970677 20.174042 13.950111 12
-6.625731 19.413568 14.010637 15
-6.5947294 17.407862 13.156965 19
-6.2608628 21.010328 13.968554 14
-6.6872468 20.133924 13.986145 19
-7.0596271 19.287304 14.005329 16
-6.976068 17.318193 13.195313 18
-6.7762146 20.925594 13.955028 16
-7.1527438 19.996792 13.959328 14
-7.4905715 19.1595 14.011767 13
-7.3496189 17.19136 13.21428 21
-7.2793913 20.789696 13.918571 17
-7.6246157 19.883062 13.960279 11
-7.9095335 18.994642 13.996062 13
-7.7186499 17.062494 13.236787 19
-7.8286281 20.774712 13.972262 15
-8.0990877 19.770533 13.969691 18
-8.349968 18.880331 14.022878 15
-8.0807257 16.915874 13.250337 15
-8.3245745 20.60714 13.931926 15
-8.5693903 19.63299 13.971555 14
-8.7716036 18.723461 14.030259 8
-8.4548082 16.790747 13.286972 13
-8.8495455 20.505632 13.946246 14
-9.042901 19.508801 13.988794 9
-9.1686859 18.504961 13.991806 9
-8.8244267 16.660158 13.325924 16
-9.399497 20.449364 13.997768 7
-9.4889326 19.313505 13.962984 13
-9.569231 18.303122 13.974883 10
-9.1861343 16.508291 13.354704 15
-8.3619661 16.851135 11.620134 5
-9.9200659 19.085993 13.922381 15
-9.2133408 16.613268 12.817975 4
-9.5633783 16.380955 13.40835 22
-10.317875 19.908075 13.843729 14
-10.348531 18.847475 13.881232 16
-9.579977 16.428082 12.816121 4
-9.7946873 15.992872 13.254064 26
-10.792619 19.674957 13.804014 16
-10.759147 18.585581 13.83098 5
-9.9592819 16.259695 12.832669 7
-10.30654 16.09989 13.515802 14
-11.276121 19.455236 13.781228 14
-11.176417 18.333147 13.795835 13
-10.343425 16.100725 12.866493 11
-10.679178 15.950455 13.571635 16
-11.721785 19.168219 13.721874 17
-11.578993 18.064976 13.756236 15
-10.718653 15.924026 12.892817 16
-11.070885 15.829494 13.661552 16
-12.174004 18.89057 13.675807 15
-11.993324 17.814573 13.736718 8
-11.121334 15.780357 12.950779 16
-11.463302 15.702336 13.75059 18
-12.635947 18.632477 13.655806 11
-12.380849 17.523996 13.693457 14
-11.526961 15.637353 13.018177 17
-11.805221 15.492337 13.774755 17
-13.049252 18.300905 13.589911 16
-12.758181 17.216747 13.644739 17
-11.92957 15.482718 13.086776 15
-12.115863 15.243551 13.770513 21
-13.469685 17.981594 13.540414 14
-13.142491 16.929592 13.620062 14
-12.348889 15.340886 13.174251 13
-12.410191 14.978378 13.75814 17
-13.917459 17.703293 13.529791 15
-13.540144 16.660353 13.615949 12
-12.599978 14.979131 13.077447 14
-12.700834 14.702012 13.737629 9
-14.337517 17.381306 13.497433 15
-13.900899 16.334803 13.572453 13
-13.187407 15.031619 13.352246 15
-12.945953 14.378654 13.677258 21
-14.762116 17.061695 13.47284 20
-13.387213 14.975695 12.665972 6
-13.615885 14.867663 13.448779 18
-13.212425 14.085198 13.650434 23
-15.166032 16.719013 13.440737 10
-13.805501 14.767929 12.724293 14
-13.799388 14.424171 13.300549 12
-13.479338 13.795336 13.631039 17
-15.523314 16.327833 13.376355 19
-14.263812 14.593748 12.820379 17
-14.347389 14.382398 13.527493 14
-13.783305 13.541272 13.653402 13
-15.910108 15.970811 13.348516 16
-14.745433 14.435322 12.943255 15
-14.647429 14.069774 13.511246 11
-14.007523 13.212069 13.602779 18
-16.274492 15.584342 13.306546 18
-15.229717 14.265113 13.071085 14
-14.885855 13.692003 13.439973 10
-14.237958 12.888824 13.5634 16
-16.681902 15.246267 13.313709 14
-15.693368 14.056848 13.177933 11
-14.769034 12.992893 13.049076 3
-14.48497 12.587561 13.549624 16
-16.089264 13.990911 12.511314 7
-16.195852 13.876174 13.322078 15
-15.500112 13.07869 13.451921 13
-14.699038 12.257965 13.513047 15
-16.560705 13.739791 12.599415 17
-16.531811 13.537506 13.329347 14
-15.767872 12.740395 13.43648 17
-14.971351 11.984444 13.540689 16
-17.119875 13.553681 12.763152 16
-16.927601 13.246489 13.389107 11
-16.010832 12.381181 13.40139 16
-15.164949 11.638748 13.488764 20
-17.675234 13.343858 12.920949 17
-17.110527 12.775627 13.276739 14
-16.193953 11.976732 13.324023 9
-15.396623 11.330151 13.484933 18
-18.23391 13.120617 13.083693 13
-17.036251 12.126886 12.974609 6
-16.512819 11.677768 13.366596 15
-15.581513 10.988698 13.446318 14
-18.568993 12.716138 13.077806 9
-17.680807 12.011886 13.24828 17
-16.764013 11.330421 13.359903 18
-15.694364 10.595808 13.342833 8
-18.58577 12.095933 12.855938 6
-17.963884 11.630903 13.244901 14
-16.973104 10.953572 13.324244 8
-16.012159 10.350362 13.433127 13
-18.920818 11.695252 12.870459 18
-18.064857 11.127943 13.111753 5
-17.208433 10.591965 13.321202 15
-16.274254 10.064268 13.481608 14
-18.037897 10.56009 12.897499 6
-17.439985 10.231928 13.318328 17
-16.39497 9.6868172 13.41249 5
-18.343245 10.199787 12.934654 24
-17.525604 9.7855234 13.209113 5
-16.635361 9.3816748 13.445657 15
-15.41504 8.0600548 10.635027 2
-17.565109 9.3172951 13.072252 6
-16.782461 9.0241175 13.412596 12
-17.86347 8.9998817 13.143334 16
-16.931162 8.6692162 13.381576 14
-17.764141 8.4765453 12.916311 15
-17.070164 8.3121471 13.349841 3
-14.736536 6.4782085 9.776907 3
-16.399666 7.5625362 12.665647 15
-15.191627 6.1916962 9.2847767 3
-14.302014 5.9062357 9.3669634 2
-16.305277 7.124186 12.461845 39
-16.692959 6.3922114 10.142676 4
-17.128092 7.0896854 12.993308 17
-16.574635 5.9127812 9.9660587 37
-17.153088 6.6999564 12.896111 6
-16.409178 5.4295721 9.7687721 57
-14.232105 4.9631791 9.7324581 2
-13.95988 5.07616 10.294763 36
-16.207981 4.9521012 9.5621338 52
-13.797509 4.7034569 10.083372 25
-15.897831 4.4612284 9.295331 50
-13.731437 4.3767414 9.9546719 14
-15.605897 3.9927485 9.0495529 49
-15.952388 4.2712445 9.9701099 50
-14.132227 3.9506869 9.4410295 3
-13.904167 4.1290131 10.017265 2
-15.428839 3.5755005 8.8865662 54
-15.806458 3.8598914 9.8109388 57
-15.288615 3.1800625 8.7521648 58
-15.632779 3.4575901 9.6396313 68
-15.207176 2.804132 8.6580009 55
-15.380984 3.0504808 9.4291334 54
-15.56717 3.333832 10.266653 8
-15.206665 2.4507883 8.6212273 56
-15.089339 2.6462455 9.1973505 63
-15.453361 2.9721069 10.136762 28
-14.091567 1.9388347 7.9240675 8
-14.933988 2.285459 9.0581408 63
-15.335265 2.615006 10.005278 55
-14.098167 1.6213198 7.9038048 8
-14.115854 1.8445665 8.5031366 75
-15.21105 2.2689209 9.878952 64
-12.681255 1.1631169 7.0439992 2
-12.789022 1.3816143 7.6335115 1
-14.138742 1.8026508 9.1118279 50
-12.565343 0.87013233 6.9607773 3
-12.810911 1.352984 8.1803989 2
-12.453843 0.58631521 6.8853879 4
-12.69346 1.0764827 8.0790272 2
-12.361602 0.30912894 6.8269095 2
-12.261409 0.035261404 6.7665386 1
-12.449994 -0.51034373 6.8891172 2
-12.169996 -0.25118181 7.1871638 2
-12.513007 -0.52469838 7.4087491 1
-12.189328 -0.22506927 7.6858997 2
-12.26167 0.12170691 8.2721758 2
-14.074754 -0.89768386 8.4050436 2
-13.982369 -0.54943287 8.8924532 2
-12.243006 -0.12194916 8.2479792 2
-13.873802 -0.83295 8.8261576 54
-12.231333 -0.36368632 8.2338753 3
-13.841483 -1.1209767 8.8123531 63
-13.769345 -0.68721694 9.336381 24
-13.808299 -1.4045596 8.8032684 48
-13.69631 -0.95654917 9.284524 50
-13.393466 -2.3489184 7.5913229 3
-13.762142 -1.6890807 8.7895422 24
-13.593287 -1.2252635 9.2141371 49
-13.271333 -2.6278315 7.5581036 6
-13.697004 -1.9709678 8.7659378 10
-13.493526 -1.4880656 9.1507072 52
-13.113382 -2.8975427 7.5071015 7
-13.652937 -2.2555199 8.7641983 4
-13.401797 -1.752116 9.0972261 71
-13.032387 -3.1797912 7.5066104 8
-13.304195 -2.011009 9.0428057 72
-12.893343 -3.4484243 7.4767604 67
-13.213762 -2.2713082 8.9984884 66
-12.833669 -3.7362339 7.5000725 84
-12.935308 -3.3838375 7.962183 39
-13.142271 -2.5337749 8.9688787 68
-11.901805 -3.7309718 6.9794273 38
-12.864633 -3.6592138 7.9696183 89
-13.074889 -2.7953517 8.9492407 70
-11.848565 -3.998898 7.0097222 87
-11.952393 -3.6597683 7.4218588 7
-12.942132 -3.5447047 8.4667168 84
-13.033461 -3.0627768 8.9494486 76
-11.753566 -4.255425 7.0182657 85
-11.903298 -3.9228544 7.4471102 83
-12.823884 -3.7995844 8.4354143 83
-12.957054 -3.3241496 8.9278851 76
-12.432072 -4.8327222 7.5286431 98
-11.801455 -4.1703701 7.4426842 80
-11.942632 -3.7955267 7.868444 101
-12.918501 -3.5958467 8.9391117 85
-12.327527 -5.1040812 7.5443206 91
-11.780938 -4.4495611 7.4958124 3
-11.858898 -4.0406723 7.8658857 82
-12.035644 -3.6008978 8.3301802 5
-12.195331 -5.3625083 7.5461426 56
-12.378207 -4.9981136 7.9786539 84
-11.793976 -4.2944312 7.8782301 88
-11.965908 -3.8455508 8.3235235 74
-12.095694 -5.6390009 7.5738053 58
-12.471137 -4.8605537 8.4295893 85
-11.868323 -4.0822797 8.3000317 78
-11.998135 -5.9145441 7.6074514 41
-12.369914 -5.1200767 8.4302044 43
-11.811455 -4.3343296 8.3103151 25
-11.913342 -6.1994967 7.6540437 22
-12.476835 -4.8929358 8.8708744 77
-11.846994 -6.4989438 7.7208552 12
-12.416216 -5.1672044 8.8910923 20
-11.789502 -6.8106432 7.7966423 2
-12.413099 -5.4741678 8.9599314 3
-11.718308 -7.1177034 7.8734517 2
-11.610032 -7.4057922 7.9277468 3
-11.481234 -7.6812449 7.9719262 2
-10.816641 -9.0926304 8.25846 74
-10.704113 -9.4074497 8.3533487 75
-10.38428 -9.5244713 8.276969 33
-10.814294 -9.2350416 8.6530476 80
-9.8424587 -9.401248 8.0042725 65
-10.687164 -9.5344143 8.7269821 79
-11.222681 -8.473012 9.1447678 3
-9.718276 -9.7015724 8.0994253 73
-10.061886 -9.3404121 8.3619938 38
-10.79352 -9.3078747 8.9699945 85
-11.113958 -8.7769842 9.1949711 10
-10.225075 -10.728383 8.7885599 38
-9.8239861 -9.522953 8.3396749 69
-10.589916 -9.5344944 8.9660072 62
-10.922804 -9.0110235 9.1792479 73
-9.6836767 -9.8046017 8.4136572 66
-9.9624376 -9.3335228 8.5732727 54
-10.796191 -9.305459 9.2277021 83
-10.183963 -10.831176 9.1174459 6
-9.8109083 -9.597065 8.6207609 73
-10.586548 -9.530201 9.205411 64
-10.16912 -11.314074 9.3485479 8
-9.6604404 -9.8667297 8.6768942 33
-9.9565296 -9.3224373 8.7860317 52
-9.9578543 -11.57563 9.397027 82
-10.14223 -10.882806 9.3713884 62
-9.7982712 -9.5819321 8.8161345 69
-9.5026579 -12.48395 9.4503813 41
-9.7118464 -11.795045 9.4145889 60
-9.928421 -11.12636 9.3928165 56
-9.6726933 -9.8864603 8.8851776 18
-9.273221 -12.754756 9.5270157 41
-9.5135622 -12.09096 9.4931002 58
-9.7596493 -11.436336 9.4691792 75
-10.018821 -10.751161 9.4440622 58
-9.1286545 -13.163246 9.7085705 33
-9.3814383 -12.482968 9.6515121 49
-9.6185007 -11.793159 9.586525 71
-9.9015608 -11.109868 9.5512533 60
-8.9728508 -13.579327 9.895215 31
-9.2450428 -12.888842 9.8198509 44
-9.4964886 -12.187577 9.7356853 55
-9.7705269 -11.471074 9.6583157 60
-8.8207397 -14.02044 10.101665 27
-9.0909109 -13.292941 9.9852819 46
-9.3596354 -12.580349 9.8819609 44
-9.6314392 -11.834888 9.7665014 56
-8.7891235 -14.70822 10.487287 19
-8.9488163 -13.730374 10.180752 35
-9.201128 -12.961386 10.018339 40
-9.5035372 -12.227021 9.9007139 48
-8.5868196 -15.121542 10.676074 33
-8.9138985 -14.39313 10.537305 21
-9.063097 -13.394026 10.196764 29
-9.3566399 -12.617514 10.027047 46
-8.0833883 -14.947413 10.455793 23
-8.7592468 -14.880049 10.765043 17
-9.045023 -14.058431 10.546226 24
-9.2185011 -13.046272 10.182483 34
-7.743958 -15.098457 10.465598 15
-8.4457092 -15.094969 10.794901 17
-8.8779354 -14.519076 10.733974 16
-9.194025 -13.685586 10.496911 35
-7.9660897 -14.970427 10.590459 13
-8.6880541 -14.955775 10.910562 28
-9.0345135 -14.136514 10.666287 39
-7.598073 -15.049323 10.5424 3
-8.3028755 -15.038971 10.828728 15
-8.865797 -14.601469 10.84541 25
-7.2003407 -15.048546 10.442113 3
-7.8321066 -14.921443 10.618047 3
-8.667572 -15.043923 11.004517 28
-8.2329054 -15.045671 10.842668 11
-5.6632528 -17.088211 11.324629 5
-5.4066038 -17.632299 11.63541 6
-5.8470602 -16.849955 11.235571 3
-5.7566257 -20.796047 13.670159 8
-5.5777082 -17.331753 11.485057 5
-5.7208982 -16.953398 11.248731 5
-5.4770036 -17.578907 11.574558 6
-4.761107 -23.210779 15.132313 8
-5.8503947 -20.849369 13.630651 6
-5.6456079 -17.233664 11.291196 6
-4.253685 -23.306801 15.16205 8
-3.7552557 -23.424458 15.218923 7
-4.5488663 -23.434767 15.162598 8
-3.2441087 -23.47344 15.236468 9
-4.3264456 -23.79797 15.191232 8
-2.2388575 -23.63748 15.335339 9
-3.000747 -23.748707 15.23712 8
-4.6413269 -24.113008 15.156233 8
-1.7334424 -23.73629 15.399234 9
-2.4852898 -23.908497 15.306411 7
-4.101759 -24.381102 15.224617 7
-1.9548174 -24.032753 15.357482 6
-1.4282143 -24.180172 15.440094 13
-0.19165723 -23.889835 15.549652 9
-0.89669603 -24.259197 15.484104 7
-1.623361 -24.672258 15.450508 7
0.32247806 -23.964167 15.635977 6
-0.35801682 -24.363737 15.556295 8
-1.0649915 -24.719244 15.459331 7
0.82423681 -23.882389 15.625567 13
0.17171718 -24.389067 15.581489 8
-0.5050624 -24.954437 15.5784 7
-1.2412866 -25.345234 15.447489 8
1.3401855 -23.907431 15.686397 14
0.71333545 -24.486649 15.658263 8
0.060476471 -25.00284 15.592726 9
-0.65160048 -25.119835 15.261362 10
1.8567642 -23.955427 15.773661 7
1.2557188 -24.488174 15.680328 14
0.60712546 -24.641317 15.359202 11
-0.057531703 -24.944731 15.109559 10
2.3773315 -23.929346 15.811963 12
1.7777593 -24.22542 15.538939 10
1.159506 -24.425327 15.218337 13
0.51993972 -24.702597 14.928949 17
2.8890319 -23.893675 15.85576 15
2.2921495 -24.030075 15.450088 15
1.7046319 -24.247932 15.115759 14
1.0876173 -24.480186 14.77187 11
3.3565226 -23.559385 15.706285 11
2.7973363 -23.808043 15.351821 13
2.2362399 -24.030762 14.997266 16
1.837815 -26.149775 15.769529 12
3.848469 -23.420021 15.696762 12
3.3100009 -23.627357 15.285894 17
2.7630289 -23.823954 14.892948 11
2.4805877 -26.288641 15.850881 14
4.333003 -23.268497 15.684015 15
3.8047018 -23.439795 15.228012 18
3.3043904 -23.721764 14.863781 6
3.1322694 -26.375248 15.905573 11
4.8039956 -23.06369 15.64009 15
4.3006296 -23.225357 15.154125 17
4.2282262 -25.587904 16.074066 8
3.7833898 -26.431028 15.954927 12
5.2690501 -22.843292 15.587961 16
4.8033371 -23.046717 15.104212 15
4.8286467 -25.483829 16.051908 13
4.4650893 -26.549412 16.038944 10
5.7549758 -22.694553 15.587858 17
5.2942939 -22.863068 15.06099 13
5.460712 -25.561743 16.157795 17
5.1250978 -26.538319 16.063419 9
6.2173319 -22.497578 15.563283 21
5.7938485 -22.705708 15.040943 12
6.06071 -25.483498 16.175596 12
5.8186626 -26.653534 16.175426 16
6.6813722 -22.319986 15.561744 19
6.28971 -22.549892 15.033855 13
6.6924195 -25.47995 16.24823 11
6.4766445 -26.584671 16.184509 10
7.1477923 -22.155579 15.575416 18
6.7690763 -22.357327 15.007071 8
7.3126354 -25.455372 16.324484 14
7.1889658 -26.681307 16.307789 15
7.6137042 -21.976246 15.58079 17
7.2608142 -22.180782 14.996251 7
7.9164824 -25.305037 16.321074 11
8.0496502 -21.719196 15.537157 22
7.7534752 -22.016878 14.999179 6
8.5023565 -25.123581 16.308384 13
8.5605421 -21.642054 15.626744 17
8.2538128 -21.852207 15.007597 6
9.1198282 -24.997595 16.33806 9
9.2189217 -26.387911 16.372997 12
9.022687 -21.460453 15.649984 16
9.5548105 -23.511335 16.291441 9
9.6697159 -24.717512 16.281073 11
9.8889036 -26.244413 16.393698 12
9.4848213 -21.273298 15.680547 21
10.07492 -23.290495 16.292988 9
10.307824 -24.624701 16.356585 9
10.548119 -26.066172 16.396416 12
9.937768 -21.062351 15.691813 21
10.599793 -23.080027 16.304779 10
10.796258 -24.231276 16.244247 10
11.16332 -25.788048 16.35638 13
10.395602 -20.873381 15.733846 20
11.100679 -22.825691 16.296963 7
11.433008 -24.116785 16.319021 12
11.8257 -25.594542 16.372587 11
10.875904 -20.709192 15.799603 17
10.736083 -20.979996 15.152354 7
12.480587 -25.360518 16.375324 10
11.374927 -20.572298 15.891563 19
12.126293 -22.326799 16.310547 7
13.173009 -25.176981 16.414846 10
11.842634 -20.359241 15.928741 19
11.719455 -20.547268 15.194673 6
13.119859 -23.299454 16.290268 11
13.757994 -24.818924 16.357203 12
12.276645 -20.106827 15.942205 17
12.177878 -20.292685 15.199067 7
13.692025 -23.033171 16.299881 18
11.98997 -20.646116 13.769997 7
12.799339 -19.982416 16.067347 17
12.691956 -20.100601 15.258881 9
14.220616 -22.697796 16.27339 13
14.934321 -24.089537 16.267202 16
13.269466 -19.780199 16.144196 15
13.201351 -19.917336 15.343299 13
15.654762 -23.932384 16.377451 15
13.72546 -19.538719 16.191347 6
13.680505 -19.660564 15.370331 13
16.217983 -23.523815 16.329823 12
14.100765 -19.185839 16.151125 13
14.222642 -19.483887 15.470937 15
15.784087 -21.659941 16.225149 12
16.830858 -23.179235 16.33292 12
14.464084 -18.819763 16.108105 15
14.745517 -19.261835 15.543229 21
16.284954 -21.278067 16.196627 10
15.307472 -19.087326 15.668508 15
18.058857 -22.461609 16.352287 14
15.832714 -18.851767 15.753224 15
15.552088 -17.756365 16.031464 8
16.401445 -18.646141 15.880836 15
16.03056 -17.524376 16.1301 20
16.880819 -18.344261 15.934224 11
16.900463 -18.224976 14.056316 62
16.324369 -17.092527 16.053553 10
17.271772 -17.93388 15.901803 18
17.223532 -17.787018 14.889493 25
17.521355 -17.969162 14.158486 79
16.400887 -16.461697 15.792004 7
16.775497 -16.682524 15.114471 19
17.080173 -16.846807 14.415277 27
17.115959 -16.743069 13.491353 24
16.759518 -16.111004 15.791794 23
16.483086 -15.695838 14.544321 21
16.700083 -15.739353 13.783026 20
16.698124 -15.580944 12.858412 27
14.24045 -13.223515 13.262113 5
16.391289 -14.927787 14.163843 20
16.347309 -14.719307 13.210856 27
16.338928 -14.531333 12.29816 30
14.875215 -13.211329 13.565827 14
14.872573 -13.01306 12.656052 23
14.823388 -12.791012 11.778646 44
14.919991 -12.68781 11.031231 70
14.834709 -12.62325 13.284291 56
14.982225 -12.529851 12.504095 77
15.249317 -12.536866 11.860131 74
15.37156 -12.423099 11.108357 51
15.287283 -12.443896 13.439334 57
15.48872 -12.352926 12.66647 74
15.306253 -11.993874 11.672847 25
15.208365 -11.6955 10.774011 36
15.259943 -11.89148 13.192179 33
15.202985 -11.587201 12.226815 25
14.861353 -11.103489 11.136353 27
15.28037 -11.163213 10.611527 5
15.05539 -11.226882 12.810031 32
14.946114 -10.873301 11.821928 21
14.615909 -10.398634 10.764819 52
14.819057 -10.569452 12.419996 32
14.458985 -10.046 11.269431 36
14.704097 -9.9438591 10.642862 20
14.589295 -9.9481077 12.055164 28
14.224898 -9.4176664 10.919594 54
14.47494 -9.3038979 10.314656 7
14.390973 -9.3674374 11.725407 34
14.073269 -8.8692427 10.649222 55
13.947187 -8.6694431 11.224462 41
14.136998 -8.4646235 10.539987 16
12.846846 -7.2062702 8.2679825 61
12.90198 -7.669764 10.287766 42
12.816979 -7.3216648 9.4744806 62
12.948094 -7.1123366 8.8736048 75
13.275786 -7.0018415 8.4005251 71
12.765489 -7.2221074 10.054754 52
13.022302 -7.0393815 9.4879007 78
13.397931 -6.9321847 9.0381889 86
13.526208 -6.7010393 8.435257 64
13.053345 -7.002902 10.139068 66
13.46635 -6.8733096 9.6706324 99
13.419975 -6.5406914 8.9370213 69
13.330125 -6.1964183 8.2101164 64
13.445229 -6.8266268 10.304343 89
13.366517 -6.4383259 9.4863348 65
13.249171 -6.0721393 8.7221394 76
13.162171 -5.7267013 8.013238 73
13.324034 -6.4053617 10.099964 52
13.076837 -5.6176133 8.513278 76
12.993759 -5.2739029 7.8254323 69
12.934288 -5.1928296 8.334856 77
12.835776 -4.8387079 7.6508837 68
12.846642 -5.1337895 8.8390932 56
12.790225 -4.7820635 8.1634207 81
12.66328 -4.4148307 7.4781904 64
12.741465 -4.7553854 8.685894 78
12.634461 -4.3794451 7.9906926 78
12.515385 -4.0161171 7.3276815 66
12.607602 -4.3752508 8.5204382 76
12.517682 -4.0013232 7.8482313 74
12.384455 -3.6302836 7.1899066 69
12.476052 -4.0060182 8.360055 76
12.386775 -3.6324081 7.7060113 72
12.27755 -3.2654157 7.073853 65
12.34686 -3.6496732 8.2088528 77
12.260344 -3.2718248 7.5698524 61
12.138998 -2.9020841 6.9475822 61
12.327053 -3.7296867 8.7687578 50
12.242351 -3.3100915 8.079627 65
12.122377 -2.9205406 7.4343395 75
12.017946 -2.5542247 6.8351898 59
12.221674 -3.4016566 8.6317778 74
12.124668 -2.973526 7.9454556 69
12.00962 -2.5858607 7.3191338 72
10.962115 -2.0490346 6.2305546 72
12.105404 -3.0794563 8.4896336 67
12.010265 -2.6481047 7.8222342 67
10.955688 -2.0886312 6.6712213 68
10.875735 -1.7472332 6.1500754 72
11.994106 -2.7636418 8.3538256 67
10.963125 -2.1586089 7.1342211 60
10.86438 -1.7949706 6.5821681 74
11.154526 -1.4980472 6.2661414 41
10.944697 -2.2745068 7.616559 2
10.879836 -1.8738012 7.0406265 71
11.028219 -1.5410951 6.64147 42
11.547668 -1.2456954 6.4451685 75
10.889849 -2.00564 7.5332742 61
10.857805 -1.6046281 6.9885755 51
11.501963 -1.3137009 6.8741212 77
11.412606 -0.93761462 6.3510904 72
10.811119 -1.7355607 7.4387665 53
11.328126 -1.3953323 7.2362137 41
11.436275 -1.021049 6.809608 66
11.308764 -0.63929534 6.277287 75
10.99377 -1.5058252 7.514266 30
11.432787 -1.1293876 7.2650476 68
11.304729 -0.72865456 6.7146764 72
11.156065 -0.34361148 6.1822271 76
11.415006 -1.2941673 7.7436695 62
11.335495 -0.84786844 7.1784992 71
11.202202 -0.44235727 6.6360931 72
10.984702 -0.056689877 6.0830555 73
11.36003 -1.0220237 7.6723771 65
11.241396 -0.57105339 7.0979052 70
11.102914 -0.16274734 6.5654674 75
10.802538 0.22282194 5.9808922 76
11.289189 -0.75470185 7.5950294 58
11.150427 -0.29947132 7.0223594 69
10.998895 0.11047278 6.4957647 79
10.686558 0.49365273 5.9171104 89
11.166668 -0.4892633 7.4902201 72
11.04264 -0.030435337 6.9396434 75
10.89698 0.37978253 6.4310899 80
10.565706 0.76032311 5.855309 79
11.09014 -0.22911823 7.4167619 65
10.935019 0.23262835 6.8629503 69
10.796151 0.64614195 6.3694344 80
10.468904 1.0228834 5.8096957 76
11.008697 0.02885215 7.3422761 64
10.837543 0.49101564 6.7943459 79
10.697507 0.90749276 6.3148084 84
10.370218 1.2842275 5.766068 85
10.901534 0.28366816 7.2566071 71
10.747175 0.74751031 6.7327924 80
10.587086 1.1653059 6.2541075 89
10.279689 1.5408281 5.7295165 77
10.81052 0.53209192 7.1840782 79
10.666808 1.0023917 6.6813192 77
10.500661 1.4200214 6.2125921 76
10.185203 1.7962987 5.6939421 73
10.718574 0.77849448 7.1135511 74
10.564745 1.2504866 6.6197152 71
10.414227 1.6747526 6.174078 83
10.082042 2.0424693 5.65834 64
10.624707 1.0218719 7.04602 75
10.474698 1.4951298 6.5702014 71
10.29524 1.9174466 6.120358 72
9.9935989 2.2923925 5.6338067 58
10.547725 1.2640977 6.9915938 70
10.374684 1.7375717 6.5176086 69
10.188102 2.16168 6.0767069 70
9.9101038 2.5425377 5.6143041 58
10.446971 1.5014646 6.9270134 72
10.284584 1.9813838 6.4720812 66
10.087022 2.4031458 6.0391088 65
9.8355818 2.7920234 5.6028681 48
10.366833 1.7430259 6.8758307 69
10.193245 2.2245934 6.4298172 66
9.9627085 2.6432354 5.9906511 57
9.7486601 3.0405722 5.5876813 40
10.286788 1.9813486 6.8275013 68
10.102082 2.4635408 6.3894496 60
9.8664637 2.881988 5.9632668 47
9.6492243 3.2831891 5.5702791 39
10.191036 2.2130222 6.7740731 68
10.011991 2.7005861 6.3550282 61
9.7249184 3.1052191 5.9115229 48
8.9931726 3.3334916 5.2564797 5
10.117902 2.4505122 6.7378454 52
9.9180527 2.9332659 6.3216405 57
9.6289558 3.3378358 5.8900805 44
8.8788433 3.5485222 5.234911 29
10.032205 2.6804533 6.6964312 57
9.8330727 3.1682987 6.2962132 51
8.9360437 3.3674874 5.5310245 28
8.790041 3.7745035 5.2294855 31
9.935565 2.9090095 6.6529422 51
9.7697258 3.4111466 6.2869115 41
8.8524179 3.589622 5.5196505 35
9.2651358 4.2392912 5.5382504 26
9.8518238 3.1390479 6.6185412 44
8.902853 3.3762605 5.797833 33
8.7727575 3.8128676 5.5143013 35
9.1601286 4.4736161 5.5326819 27
9.7453833 3.3660948 6.5709867 44
8.849124 3.6042778 5.7966557 37
9.2676573 4.2842174 5.844192 33
9.0688076 4.7173734 5.5391798 40
8.909544 3.3370738 6.0721083 19
8.7736578 3.8265095 5.7863441 38
9.1914444 4.5254831 5.8488078 38
8.97363 4.9570017 5.5466666 42
8.8403263 3.5534887 6.0548625 36
8.7306356 4.0609574 5.7992229 1
9.133708 4.7794538 5.8685117 43
8.9068956 5.2096949 5.5733123 44
8.7475653 3.7590435 6.0254874 33
9.3252335 4.5850706 6.2086406 44
9.1151562 5.050972 5.9154215 44
8.8134699 5.4525557 5.5887771 52
8.676177 3.9765899 6.0121932 3
9.2322254 4.8189254 6.2001276 48
9.0501118 5.3089285 5.9390225 58
8.7179317 5.6964374 5.6072087 60
9.2973289 4.505888 6.4447536 35
9.1381721 5.0537539 6.193603 54
8.9488773 5.5465593 5.9444356 62
8.6183157 5.9421883 5.6276045 70
9.2192879 4.7412553 6.4353428 41
9.0390825 5.2894139 6.1880383 61
8.863039 5.7997718 5.9609027 71
8.5351925 6.200562 5.6600718 72
9.1282501 4.9771619 6.4218349 43
8.948761 5.5304112 6.1905174 63
8.7674589 6.0456429 5.976326 78
8.4343672 6.4513006 5.6864395 76
9.0617533 5.2229924 6.4274683 55
8.8612337 5.7765279 6.1979976 76
8.6659117 6.2903128 5.9927096 77
8.4335947 6.7757826 5.7802596 85
8.9746189 5.4600706 6.4229841 57
8.7726574 6.0226369 6.2124696 74
8.5779152 6.5455098 6.0231538 89
8.3849564 7.0715094 5.8498387 86
8.8805265 5.695909 6.4184532 59
8.6733675 6.2613544 6.2218919 79
8.4828367 6.8034592 6.0515356 85
8.2797031 7.3321538 5.8891373 83
8.8000059 5.942265 6.424983 73
8.5816383 6.5113702 6.239326 81
8.3828239 7.0592413 6.0808887 80
8.1799383 7.6060305 5.9374261 84
8.7085772 6.1862369 6.4294415 69
8.4877234 6.7663274 6.2597265 71
8.2816505 7.3190031 6.1142192 82
8.0849199 7.8861022 5.9927268 82
8.6041861 6.4297485 6.4298072 70
8.3829403 7.0178981 6.27706 76
8.1830215 7.5908837 6.153523 80
7.9634871 8.1512127 6.0358911 82
8.5183039 6.6849632 6.4452639 72
8.293581 7.2830725 6.3114557 79
8.0688801 7.8492088 6.1887646 76
7.8601594 8.4390297 6.0971026 78
8.4186306 6.9346852 6.4566407 67
8.1893883 7.5447111 6.3387561 72
7.9660926 8.1239862 6.2370272 84
7.7536893 8.729763 6.1642804 74
8.3275414 7.1947489 6.4780416 79
8.0851612 7.8063679 6.3710561 73
7.8687935 8.4119959 6.2942805 75
7.6403399 9.0172586 6.2304196 78
8.2258501 7.4521384 6.4984193 68
7.9790468 8.073679 6.4063611 69
7.7590528 8.694272 6.3485017 77
7.4376678 9.2191219 6.236258 62
8.1187553 7.7126536 6.5187001 67
7.8779702 8.3575211 6.4536004 73
7.6457644 8.9817457 6.407639 75
6.8682137 8.9893513 5.9599848 56
8.0172253 7.9843988 6.5469794 68
7.7777224 8.6454144 6.5058308 70
7.4985418 9.2419586 6.4456296 67
6.6954031 9.2096376 5.9899364 71
7.9211459 8.2703791 6.5852461 62
7.6654801 8.9338827 6.5539708 69
6.9099116 8.9944 6.1372814 57
6.576704 9.5050144 6.0690045 52
7.8122869 8.5499153 6.6224442 68
7.5317225 9.2095757 6.5940022 72
6.7096248 9.1765947 6.1341724 71
7.0376225 10.593672 6.6493683 63
7.6982303 8.8352766 6.6595821 71
7.0140786 9.0426626 6.3268714 44
6.5959959 9.4711275 6.2082791 90
6.9158621 10.944087 6.7581959 57
7.5860629 9.123724 6.7046895 64
6.7287621 9.1255684 6.2464633 63
7.0572271 10.553768 6.7896018 76
6.7784324 11.287931 6.8628836 62
7.1917653 9.108448 6.5258341 37
6.6058068 9.4066858 6.3034897 64
6.9213285 10.88559 6.8773441 69
6.6158161 11.609863 6.9574695 72
6.7819605 9.0525627 6.3310184 53
6.4852719 9.7029371 6.3704782 2
6.7935638 11.239769 6.9810634 64
6.4694371 11.978485 7.0780015 75
6.6495433 9.3212881 6.3720217 59
6.9438338 10.831573 6.9686084 73
6.6488681 11.591365 7.080698 62
6.3193727 12.363043 7.2074952 67
6.505939 9.5936394 6.4079919 17
6.8160067 11.185749 7.0644026 61
6.5108929 11.974301 7.1993132 66
6.1705098 12.766718 7.350956 73
6.9574795 10.693979 6.9912376 66
6.6704912 11.532284 7.1520967 65
6.3413515 12.319059 7.2978401 73
6.0129738 13.188143 7.5032878 73
6.8278623 11.045036 7.0720315 66
6.5100145 11.877311 7.2386937 73
6.1952558 12.729823 7.4363041 82
5.8388152 13.59799 7.6515565 65
6.6871066 11.399718 7.1527319 66
6.3623409 12.253872 7.34725 76
6.0343652 13.137054 7.5726385 77
5.6684012 14.043059 7.8246694 64
6.5487499 11.77153 7.2483459 71
6.2106853 12.658353 7.468647 71
5.861258 13.55088 7.7118464 66
5.479774 14.494511 7.9956284 65
6.4009466 12.155061 7.3478503 66
6.0534935 13.075718 7.5989623 75
5.6794291 13.982495 7.8599329 54
5.2534537 14.884542 8.1375217 81
6.2521367 12.568603 7.4601879 57
5.8824458 13.494553 7.7300897 78
5.512516 14.476717 8.0467844 63
4.8107228 14.736655 7.9887371 63
6.1027193 13.002131 7.5863829 63
5.7036572 13.936152 7.8710432 53
5.2928109 14.886907 8.1865587 91
4.4783993 14.868336 7.9967303 69
5.9307241 13.42487 7.7064548 57
5.5431542 14.449592 8.0538645 66
4.8376212 14.727512 8.0147352 89
4.2369127 15.268871 8.1533937 6
5.7470865 13.864244 7.8324323 65
5.3203106 14.863632 8.1837063 92
4.4997945 14.844903 8.0018959 68
4.4918146 17.352816 9.2056398 27
5.5889573 14.392726 8.0084209 46
4.872777 14.737517 8.0150242 85
4.2605391 15.263488 8.1557093 9
4.1129918 17.519003 9.2353868 45
5.3795481 14.849266 8.144309 69
4.5136523 14.811012 7.9652438 67
4.5232267 17.384703 9.2078867 16
3.8405542 18.097956 9.4883766 45
4.9340453 14.748286 7.9765272 66
4.2748451 15.242643 8.1099787 7
4.1347189 17.53756 9.2165556 42
3.5430768 18.696188 9.7520561 20
4.5455317 14.774682 7.8836513 64
4.5579591 17.4548 9.1889124 7
3.8469675 18.093933 9.4384584 40
3.3548501 19.897739 10.333307 30
4.3015876 15.219107 8.0185862 15
4.1718106 17.636795 9.1966476 47
3.5664976 18.759935 9.7200785 21
3.0215428 20.609209 10.658246 73
3.8438618 18.072435 9.3396425 29
3.3611772 19.918758 10.260269 36
2.5205851 20.437006 10.535179 73
3.5694571 18.799141 9.6339045 31
3.0142915 20.598948 10.549172 74
2.1035573 20.781588 10.684889 23
3.8822982 18.157837 9.2435808 29
3.3618393 19.994883 10.167953 32
2.5039082 20.408844 10.400044 72
1.943729 23.479151 12.041377 28
3.5791502 18.810781 9.4815207 36
2.9898734 20.596447 10.397433 74
2.0867193 20.798483 10.551019 16
1.4872305 24.222555 12.400702 27
3.2505524 19.485916 9.7260523 14
2.469604 20.395407 10.226826 65
1.9221576 23.564575 11.905887 23
1.0218234 25.310886 12.941332 15
2.9681554 20.576244 10.179136 69
2.0438564 20.853813 10.393346 11
1.4688756 24.525286 12.351317 30
0.48806423 25.965466 13.265752 22
2.4422712 20.418579 10.017676 51
1.8702098 23.686981 11.740663 18
0.98685217 25.646643 12.879903 22
-0.081811816 26.163519 13.36422 55
2.0027211 20.866505 10.156138 5
1.4275508 24.935976 12.298612 26
0.39929128 25.593479 12.820776 34
-0.6626538 25.933138 13.250157 56
1.8358152 23.981539 11.591082 18
0.88513988 25.685127 12.612288 36
-0.17499146 26.091898 13.048706 39
-1.2397017 25.721666 13.150202 42
1.362734 25.216303 12.111243 27
0.28722817 25.645498 12.544682 31
-0.76385891 25.844114 12.90816 33
-1.7865065 25.508709 13.05693 49
0.79433024 25.69706 12.266925 74
-0.29069793 25.951021 12.656099 41
-1.3340504 25.564013 12.758793 30
-2.334023 25.262665 12.955749 65
0.18901221 26.039194 12.366841 32
-0.89944893 25.711533 12.504076 32
-1.9065744 25.365757 12.657928 34
-2.8811388 25.043333 12.869935 71
-0.43438733 25.873644 12.230621 36
-1.4890797 25.46608 12.360335 36
-2.4645042 25.128498 12.543336 38
-3.4080772 24.783192 12.769517 56
-1.053454 25.716213 12.103225 54
-2.0674505 25.256075 12.239404 42
-3.017015 24.893509 12.435551 36
-3.931294 24.573763 12.700312 49
-1.6589165 25.472916 11.945097 57
-2.6435642 25.047962 12.121449 76
-3.5583 24.68552 12.344172 53
-4.3414354 23.640997 12.259372 68
-2.2533467 25.241283 11.802249 66
-3.2130084 24.901382 12.045582 54
-3.9936867 23.738514 11.895317 23
-4.9639969 24.173597 12.586567 48
-2.8444991 25.01273 11.665401 64
-3.7683785 24.671322 11.934874 72
-4.5151844 23.567039 11.834759 158
-5.4724665 23.99173 12.551067 83
-3.4254568 24.79174 11.545813 68
-4.2052631 23.653465 11.449272 57
-5.1546612 24.09132 12.133651 64
-5.9751887 23.78116 12.501407 87
-3.8945985 23.796524 11.070895 6
-4.8736782 24.2824 11.77093 33
-5.6777835 23.882164 12.067551 74
-6.4828267 23.627522 12.489449 47
-4.4429059 23.55592 10.950803 44
-5.4110456 24.050184 11.678825 72
-6.1979241 23.696878 12.023254 71
-6.9825139 23.43288 12.458564 67
-5.1308827 24.146164 11.228163 62
-5.9530625 23.852657 11.609289 86
-6.7113171 23.504301 11.979059 77
-7.4742751 23.239973 12.439641 76
-5.6852083 23.918596 11.135094 61
-6.4910989 23.667774 11.555234 55
-7.2306857 23.323242 11.946802 76
-7.9686761 23.064014 12.432343 59
-6.2447038 23.725632 11.058711 64
-7.0182867 23.460073 11.497054 75
-7.7410054 23.138977 11.918157 73
-8.4648752 22.884274 12.425945 65
-6.7922378 23.517506 10.993344 78
-7.5424523 23.236853 11.441772 71
-8.2445917 22.941679 11.899651 54
-8.9602413 22.716373 12.44241 59
-7.3437157 23.295488 10.921984 70
-8.0728569 23.039469 11.401588 84
-8.7639637 22.763746 11.886399 72
-9.449501 22.531519 12.448241 92
-7.8892231 23.089724 10.863415 85
-8.5988855 22.843529 11.369055 84
-9.2709208 22.575592 11.873958 65
-9.698864 21.756542 12.126953 14
-8.4321508 22.88216 10.8118 81
-9.1250954 22.640633 11.335524 66
-9.7764254 22.386965 11.870124 81
-10.129826 21.477745 12.086717 44
-8.9811363 22.683245 10.767268 68
-9.6560249 22.464394 11.322209 67
-9.9918814 21.511238 11.500386 61
-10.921833 21.990128 12.500584 51
-9.5250969 22.482746 10.732825 65
-9.8669634 21.525366 10.929999 75
-10.783882 21.987272 11.862549 57
-11.432913 21.840227 12.546149 57
-9.7644711 21.550982 10.356197 63
-10.709297 22.068073 11.295275 78
-11.289238 21.79277 11.871202 72
-11.928295 21.662865 12.583072 69
-10.626862 22.094519 10.691869 68
-11.236853 21.871828 11.295121 64
-11.800069 21.598093 11.885 94
-12.423698 21.481174 12.623593 45
-11.166754 21.875515 10.669486 61
-11.765142 21.659687 11.291943 59
-12.324266 21.42819 11.924725 46
-12.915735 21.277533 12.659383 64
-11.714453 21.66609 10.659333 65
-12.301579 21.468943 11.305621 85
-12.832881 21.215448 11.940689 56
-13.433542 21.118273 12.726693 67
-12.273797 21.463345 10.660648 65
-12.846825 21.283628 11.332135 39
-13.358341 21.031702 11.983434 50
-13.940333 20.932842 12.785734 45
-12.821851 21.239225 10.658605 66
-13.389668 21.075956 11.354596 77
-13.873101 20.824097 12.019119 53
-14.442445 20.727777 12.836554 58
-13.393321 21.050608 10.680827 61
-13.927295 20.862247 11.379683 68
-14.39999 20.62558 12.067426 60
-14.96852 20.556438 12.91793 64
-13.961839 20.830492 10.696187 88
-14.47422 20.648811 11.414273 76
-14.945211 20.432182 12.129465 49
-15.448541 20.302362 12.958578 34
-14.534256 20.614386 10.723026 84
-15.029962 20.429646 11.450886 48
-15.492819 20.239529 12.197122 39
-15.600137 19.605589 12.713787 29
-15.110321 20.392569 10.755345 65
-15.576194 20.192944 11.489487 46
-15.581928 19.426586 11.894166 72
-16.298101 19.638273 12.948815 19
-15.346148 19.686363 10.53948 19
-15.695334 19.393063 11.209923 152
-16.641886 19.880281 12.376135 53
-16.851698 19.464769 13.059232 19
-15.761366 19.262228 10.475528 17
-16.702332 19.734205 11.600521 55
-17.203609 19.672422 12.462822 48
-17.30043 19.163971 13.092232 8
-16.913382 19.737858 10.917638 49
-17.285732 19.506689 11.67253 58
-17.79591 19.469357 12.565756 46
-17.802954 18.907663 13.164674 16
-17.52632 19.494865 10.976655 69
-17.892048 19.296213 11.758037 57
-18.34934 19.216068 12.637009 35
-18.19355 18.522697 13.14924 20
-18.16543 19.274073 11.054798 48
-18.518017 19.079412 11.855526 52
-18.794073 18.840357 12.644787 20
-18.393448 17.95286 13.011527 6
-18.796278 19.019934 11.136932 72
-19.161798 18.867985 11.97141 51
-19.315367 18.533079 12.703944 15
-18.861046 17.659203 13.073081 11
-19.450195 18.777555 11.229426 64
-19.819374 18.648859 12.095658 61
-19.888809 18.270494 12.802646 14
-19.125652 17.162231 12.989094 11
-20.099335 18.513233 11.321284 59
-20.486866 18.426104 12.226686 60
-20.452227 17.983088 12.897832 12
-19.498674 16.782078 12.999337 17
-20.293335 17.840179 11.175528 24
-20.58626 17.708042 12.03524 36
-20.487411 17.256962 12.678656 7
-19.830776 16.391468 13.004147 15
-20.895895 17.52001 11.251795 78
-20.560329 16.872223 11.761788 27
-20.801399 16.760883 12.628855 21
-19.92716 15.77601 12.83251 6
-20.584789 16.426291 10.832621 30
-20.390974 15.955907 11.423 33
-19.991671 15.363324 11.888141 24
-20.202282 15.317773 12.790808 19
-20.134911 15.274086 10.358269 28
-20.031012 14.93294 10.993 24
-19.808908 14.53424 11.56207 30
-19.569071 14.175652 12.167237 22
-18.486061 13.293057 9.2857199 5
-18.394766 13.017817 9.8689594 27
-18.360115 12.817876 10.497815 20
-16.147903 11.092376 9.7950125 6
-18.375265 12.550342 9.048068 57
-18.563755 12.513875 9.7856798 76
-16.387751 10.855396 9.1658697 3
-15.400003 10.08976 9.1773481 4
-18.953537 12.315102 9.1774435 80
-18.930555 12.156074 9.8232002 37
-18.374125 11.314329 8.7324677 40
-18.607592 11.342769 9.4897842 25
-18.073462 10.533878 8.4388037 50
-18.270136 10.56861 9.1685934 38
-18.286873 10.510737 9.8171978 16
-17.965282 9.9068651 8.2532473 33
-17.763062 9.7310085 8.7693892 56
-18.068155 9.8626175 9.5637245 34
-18.003319 9.3833189 8.1537466 5
-17.517828 9.0771418 8.52493 51
-17.807493 9.2170258 9.2977448 35
-17.798622 9.239316 9.9791288 9
-17.390837 8.5148878 8.3464832 36
-17.321022 8.4817839 8.9198561 31
-17.621044 8.6849909 9.7570572 48
-16.235212 7.4742165 7.6675162 33
-16.25971 7.5089688 8.2493906 14
-16.335417 7.6087322 8.9111633 3
-16.001183 6.9181175 6.9264207 64
-16.019264 6.9417691 7.4751997 73
-16.062872 7.0016947 8.0566397 80
-16.134729 7.1119347 8.7016668 66
-16.484407 6.6839037 7.0624671 69
-16.491104 6.7230048 7.6222758 74
-16.455744 6.7615814 8.173295 71
-16.359091 6.8192797 8.7398376 29
-16.598665 6.2887206 7.0378804 68
-16.646698 6.360486 7.6182237 74
-16.729128 6.4642239 8.2331753 91
-16.550867 6.5052419 8.7591419 58
-16.387905 5.7756424 6.8760715 67
-16.671228 6.0335569 8.1255875 16
-16.360106 6.0428748 8.573905 56
-16.191158 5.2827568 6.725039 78
-16.335972 5.6551509 8.4834681 63
-16.014921 4.8180776 6.5921078 79
-16.09643 4.9346223 7.1540122 6
-16.39155 5.303895 8.4432545 18
-15.840281 4.3694 6.4661198 74
-15.877228 4.4825931 6.997561 60
-16.236012 4.7184711 7.7079744 2
-15.67175 3.9351482 6.3475313 71
-15.758873 4.0755491 6.8943896 78
-16.063869 4.2959852 7.5662136 3
-15.512168 3.5189376 6.2418752 77
-15.610686 3.6674511 6.7815037 85
-15.898649 3.8892899 7.43437 3
-15.343306 3.1127346 6.1356244 73
-15.466221 3.2747858 6.6760244 74
-15.538569 3.4505868 7.2147722 9
-15.221643 2.7249806 6.0512171 71
-15.307437 2.8892305 6.5679345 86
-15.342467 3.0632086 7.0760207 52
-15.049523 2.3413856 5.9541869 76
-15.170782 2.5174172 6.4735479 90
-15.244585 2.7100987 6.9922247 83
-13.97891 1.84227 5.4875345 25
-15.009182 2.1536443 6.3742957 85
-15.124324 2.3581617 6.9007692 63
-12.719529 1.3789195 4.9497204 2
-13.973356 1.6887012 5.8916512 79
-14.004235 1.8746494 6.3367767 17
-12.559152 1.0769956 4.8725615 2
-12.633015 1.2388204 5.2773194 2
-12.708721 1.4230256 5.69701 2
-14.055881 1.8191665 6.7978239 67
-12.508568 0.95367867 5.2092924 2
-12.59139 1.1426111 5.6219082 3
-12.747705 1.3822149 6.1055541 1
-12.428016 0.67880744 5.1622882 3
-12.510963 0.87271941 5.5679111 4
-12.644066 1.1151553 6.0299516 1
-12.286917 0.2257714 4.7441301 2
-12.311943 0.40449363 5.1042724 3
-12.411063 0.60383821 5.5067458 2
-12.529175 0.85072833 5.9518881 1
-12.183968 -0.048933629 4.702013 1
-12.245391 0.13856998 5.0708275 2
-12.341672 0.3439838 5.4662867 1
-12.420561 0.59209847 5.879724 2
-12.112697 -0.12519208 5.0108542 2
-12.243289 0.087067097 5.4130125 1
-12.307275 0.34164086 5.8115439 3
-12.031527 -0.38062808 4.9764385 2
-12.118983 -0.16499086 5.3499279 2
-12.212114 0.092588849 5.751215 3
-13.777048 -0.98065805 5.3817244 80
-12.558738 -0.66901654 5.2132864 2
-12.033928 -0.41444215 5.3075686 4
-12.133218 -0.15021876 5.7028284 3
-13.672181 -1.282685 5.3518314 85
-13.766854 -1.0382879 5.7572098 91
-12.856002 -0.71393245 5.6963038 2
-12.065406 -0.39149773 5.662395 3
-13.557624 -1.5762264 5.3229551 83
-13.651334 -1.3287036 5.7163005 93
-13.773047 -1.0580395 6.1333351 97
-13.88365 -0.73688209 6.5692673 6
-13.432157 -1.8671232 5.2901239 87
-13.557095 -1.6156684 5.6891556 86
-13.656865 -1.3383064 6.0852847 96
-13.822748 -1.0139744 6.5377097 82
-13.325958 -2.1545925 5.2699161 90
-13.447923 -1.8990666 5.6569872 84
-13.56288 -1.6162548 6.0510139 90
-13.709775 -1.2863702 6.4816084 86
-13.220868 -2.4401267 5.2548456 88
-13.341959 -2.1786084 5.6319036 90
-13.450049 -1.8886251 6.0099325 86
-13.599043 -1.5538609 6.4294658 82
-13.122916 -2.7239106 5.2436409 89
-13.231214 -2.4530153 5.6047397 94
-13.352307 -2.1624937 5.9796619 96
-13.490485 -1.8184186 6.3822455 78
-13.013067 -3.0042992 5.2294931 93
-13.122543 -2.7264731 5.5825562 94
-13.257778 -2.4314568 5.9533358 87
-13.381064 -2.079941 6.3369985 93
-12.908354 -3.282845 5.2212634 92
-13.018939 -3.0000925 5.5652857 91
-13.154338 -2.6981192 5.9260378 93
-13.284645 -2.3438859 6.299633 91
-12.795832 -3.556114 5.2140684 103
-12.920439 -3.2718658 5.5529766 93
-13.056888 -2.9659705 5.9027085 99
-13.185325 -2.6047249 6.2622962 86
-12.681283 -3.8303072 5.2079058 94
-12.812003 -3.5412967 5.5397472 89
-12.952598 -3.2285759 5.8794436 92
-13.087124 -2.8625648 6.2309885 88
-11.79596 -3.8320463 4.8639755 91
-12.720498 -3.8123689 5.5365372 91
-12.851022 -3.4928663 5.861506 97
-12.988623 -3.1202619 6.2031112 85
-11.718595 -4.0952439 4.8779144 93
-11.814976 -3.8032632 5.157043 91
-12.75068 -3.7548246 5.8463778 99
-12.902462 -3.3784809 6.1817446 81
-11.608842 -4.3465533 4.8797154 97
-11.748068 -4.0620203 5.1685281 94
-12.651499 -4.0155587 5.8341269 114
-12.797356 -3.6330745 6.1525168 88
-12.296698 -4.9337125 5.2435155 100
-11.657094 -4.3106976 5.169383 96
-11.777345 -3.9905231 5.440187 94
-12.711061 -3.8876512 6.1351643 92
-12.193291 -5.2082782 5.25843 96
-12.314538 -4.879396 5.5335531 105
-11.689469 -4.2397275 5.4382467 94
-11.844707 -3.8773007 5.7212563 97
-12.068706 -5.4772644 5.2678847 90
-12.213778 -5.1499081 5.5433311 95
-12.358479 -4.7979646 5.8176551 111
-11.747953 -4.1109247 5.7047968 90
-11.982198 -5.7585478 5.2972808 97
-12.109154 -5.4155097 5.5509458 93
-12.26258 -5.0623136 5.8183522 101
-11.67061 -4.3548384 5.7006378 95
-11.880548 -6.0406976 5.3237257 91
-12.014763 -5.6890216 5.5712438 97
-12.16144 -5.3247547 5.8216105 100
-12.330892 -4.9131327 6.0865932 101
-11.768333 -6.3138494 5.3464475 91
-11.910505 -5.9606271 5.5846415 97
-12.065345 -5.5898194 5.828681 96
-12.217982 -5.1658626 6.0686903 95
-11.662807 -6.593473 5.3758068 98
-11.814083 -6.2354856 5.6072268 92
-11.961195 -5.852354 5.8345742 96
-12.132802 -5.4289956 6.0725555 96
-11.563998 -6.8820333 5.4118838 94
-11.707771 -6.5068398 5.6282382 90
-11.862779 -6.1210728 5.8456774 92
-12.030487 -5.6857405 6.0688729 87
-11.453222 -7.1634741 5.4488535 95
-11.604956 -6.7866268 5.6551738 90
-11.76831 -6.3932791 5.8631911 98
-11.937322 -5.9510827 6.0700674 96
-11.346852 -7.4518938 5.4890814 90
-11.506729 -7.0686603 5.6858096 88
-11.667278 -6.6661777 5.8789611 87
-11.835616 -6.2119312 6.071866 90
-11.232074 -7.7411871 5.5286512 88
-11.389458 -7.3415694 5.7118859 92
-11.555127 -6.9332795 5.8949871 86
-11.732448 -6.4773655 6.0757799 93
-11.120547 -8.0322075 5.5752363 93
-11.284109 -7.6258907 5.7472129 91
-11.450694 -7.207819 5.9165802 95
-11.626092 -6.7383704 6.0833325 88
-11.021271 -8.3419161 5.6350188 80
-11.179365 -7.9221992 5.789578 86
-11.336884 -7.4817619 5.9387612 88
-11.528441 -7.0154662 6.0984859 99
-10.90541 -8.6434298 5.6895332 83
-11.075686 -8.2171478 5.8366475 91
-11.242694 -7.7720113 5.9726024 86
-11.425094 -7.2825541 6.1092067 93
-10.803156 -8.9585695 5.7513642 76
-10.966891 -8.5103664 5.8790269 83
-11.145421 -8.0637054 6.0099483 88
-11.337462 -7.5725126 6.1355872 96
-10.685049 -9.2703209 5.8141022 76
-10.862002 -8.8187485 5.931993 84
-11.031594 -8.3489733 6.0397654 86
-11.245471 -7.8595114 6.1622381 85
-10.562696 -9.5833216 5.8761244 90
-10.751336 -9.1260386 5.9859624 82
-10.931857 -8.651967 6.0860801 80
-11.124541 -8.1328802 6.1795874 86
-9.9975233 -9.4530058 5.6777163 42
-10.62951 -9.4351635 6.0424604 82
-10.82275 -8.9551859 6.1311684 75
-11.025847 -8.4294119 6.2132697 75
-9.6865396 -9.5595493 5.6294975 79
-10.361699 -9.6030731 6.0110059 64
-10.699297 -9.2517538 6.1739039 86
-10.927667 -8.7359838 6.2511797 76
-9.5823698 -9.8885641 5.7132854 114
-9.7815084 -9.437808 5.7809711 72
-10.588241 -9.5696678 6.2276831 92
-10.808413 -9.0285797 6.2818947 77
-10.06923 -10.930734 6.2010269 76
-9.6558552 -9.7363348 5.841114 82
-10.04613 -9.4547863 6.0088525 37
-10.694442 -9.334465 6.3219395 63
-9.9342051 -11.279815 6.2923622 73
-9.4989529 -10.010807 5.8853707 14
-9.7126017 -9.5342302 5.9212227 75
-10.543586 -9.6125965 6.3401456 70
-9.8074427 -11.657912 6.3982258 75
-10.002263 -11.083543 6.3962593 94
-9.5966663 -9.8457232 5.9832907 106
-9.9006939 -9.3963623 6.0434203 50
-9.6618176 -12.022013 6.4963384 81
-9.8803787 -11.455249 6.4870348 91
-10.096871 -10.884336 6.4752445 87
-9.7011786 -9.6118135 6.0333281 78
-9.4980936 -12.382592 6.5999022 80
-9.7414389 -11.818681 6.5847859 88
-9.9550753 -11.224989 6.5491652 89
-9.5473671 -9.8877344 6.0675302 52
-9.3494654 -12.781396 6.7230177 70
-9.5959883 -12.19906 6.6857409 79
-9.8324566 -11.599125 6.6406646 85
-10.077415 -10.969934 6.5832071 76
-9.1956739 -13.187754 6.8459072 59
-9.4629478 -12.597662 6.7984796 75
-9.690402 -11.964302 6.7222338 79
-9.9471712 -11.322927 6.6497102 83
-9.0409002 -13.616116 6.9849477 62
-9.2823038 -12.952441 6.8883576 80
-9.5249271 -12.312793 6.7988515 81
-9.7813015 -11.649637 6.701138 80
-8.8896112 -14.069366 7.1361017 41
-9.1280127 -13.366856 7.0069299 80
-9.3809443 -12.711787 6.8978643 82
-9.6554985 -12.038462 6.7855811 80
-8.722682 -14.531674 7.2888079 47
-8.9709902 -13.796425 7.1340137 58
-9.2353935 -13.12266 7.005322 81
-9.4972916 -12.400874 6.8554468 69
-8.5540705 -15.013288 7.4555469 37
-8.8101912 -14.250437 7.2744412 45
-9.0806284 -13.542009 7.1174388 43
-9.3554754 -12.81074 6.9497151 61
-8.2067633 -15.166191 7.4620581 36
-8.6520348 -14.733717 7.4307351 38
-8.9169626 -13.972257 7.2365856 46
-9.1979656 -13.212565 7.0398674 60
-7.7368116 -15.052085 7.3385315 31
-8.4412613 -15.148618 7.5504761 58
-8.7525816 -14.434051 7.3643718 44
-9.0548306 -13.661929 7.1528749 47
-7.5017142 -15.445103 7.4661398 15
-7.9760475 -15.058363 7.4230027 38
-8.5879345 -14.919991 7.5096321 40
-8.8873806 -14.103856 7.2610731 49
-7.7679682 -17.088135 8.1975451 6
-7.6243992 -15.195333 7.411809 24
-8.2981539 -15.190064 7.5451331 41
-8.7248011 -14.57914 7.3856516 40
-7.9166141 -16.843636 8.135767 11
-7.7997055 -15.040999 7.378262 35
-8.5397902 -15.051095 7.5075216 50
-7.5408053 -15.383605 7.4576764 23
-8.1406336 -15.114556 7.427989 35
-7.8029675 -16.996738 8.1448793 9
-7.7051158 -15.080477 7.3067074 34
-7.4789104 -15.502503 7.4089584 12
-6.6137676 -20.502663 9.5381517 16
-7.7575684 -17.230364 8.1267662 15
-6.1837273 -20.730753 9.6036472 27
-6.8082333 -20.272621 9.4017849 8
-5.6783237 -20.650766 9.5293417 23
-6.4523597 -20.761162 9.5672646 28
-5.6155515 -22.608307 10.397015 15
-5.9255118 -20.628366 9.4508629 21
-6.6287484 -20.432728 9.3322535 19
-5.2267976 -23.284197 10.677362 6
-5.5109429 -20.964857 9.5536489 8
-6.2101002 -20.731249 9.3969002 23
-4.9756522 -24.933596 11.405536 14
-5.4400854 -23.030115 10.443668 11
-5.6990986 -20.683035 9.3059168 17
-6.5132089 -20.728825 9.24368 27
-5.1771584 -24.526169 11.074191 6
-5.6183214 -22.626036 10.109956 11
-5.9785733 -20.652157 9.1268501 23
-4.7574825 -25.460794 11.445816 16
-5.2521362 -23.499474 10.429691 12
-5.5282536 -20.904261 9.1501408 12
-4.8576922 -24.432543 10.78377 6
-5.4777689 -23.148714 10.047084 17
-4.539362 -26.258474 11.536384 18
-5.0777521 -24.090328 10.389107 12
-3.9345939 -26.310045 11.506997 6
-4.6428957 -25.014 10.706016 10
-4.2198529 -26.303772 11.183158 25
-3.5779116 -26.202499 11.071513 12
-2.9677808 -26.274256 11.037434 4
-0.97175819 -35.820042 15.417699 12
1.8157796 -34.547554 15.877617 14
2.5802989 -34.626583 15.959694 13
1.68595 -35.820332 15.923616 7
2.4917939 -35.849224 15.958496 12
0.50267887 -37.501038 15.433902 15
3.3167307 -35.974106 16.040123 13
1.3676761 -37.179127 15.264178 14
4.1491537 -36.087078 16.126883 13
3.2265856 -36.484562 15.634095 18
5.6733828 -34.700207 16.24297 15
4.9304118 -35.840111 16.064047 14
4.036273 -36.218746 15.536645 18
6.4510808 -34.754547 16.349997 16
5.676868 -35.497562 15.957495 16
4.8201632 -35.897369 15.416038 15
6.4555664 -35.27544 15.915691 18
5.6103635 -35.624977 15.328692 12
7.1973124 -34.975765 15.845139 18
8.725914 -34.372425 16.462557 15
7.9519658 -34.669674 15.784393 21
9.4414511 -34.089542 16.439398 17
8.7045975 -34.41758 15.751587 16
10.157788 -33.796944 16.415438 15
9.4398079 -34.113873 15.701338 16
10.87784 -33.547501 16.42474 14
10.181604 -33.840618 15.672641 19
10.330311 -40.12973 16.547983 18
11.60667 -33.320717 16.447805 17
10.925484 -33.577301 15.658873 18
11.777261 -38.523079 16.95896 16
11.259365 -39.797035 16.468536 19
12.283589 -32.970409 16.414593 14
11.675338 -33.328259 15.656799 13
12.215094 -39.502712 16.418751 21
13.017876 -32.716965 16.438974 21
12.417285 -33.030022 15.630148 12
13.160213 -39.197792 16.360615 20
13.72238 -32.440582 16.453899 28
13.178876 -32.799423 15.64755 9
14.047141 -38.742062 16.258516 22
14.4576 -32.173092 16.494188 13
15.005312 -38.392712 16.229053 19
15.158535 -31.844458 16.500259 15
15.941924 -38.093262 16.216236 30
15.917935 -31.661585 16.593399 15
16.884821 -37.730873 16.186331 19
17.806742 -37.351048 16.156929 18
19.702919 -36.639278 16.145941 19
20.666969 -36.274296 16.160957 19
19.29668 -29.808861 16.647081 18
19.253584 -30.497782 15.90054 11
21.568754 -35.816936 16.132963 21
20.01446 -30.191324 15.952917 12
22.560652 -35.502117 16.186056 21
20.784731 -29.856596 16.003632 17
23.424164 -34.94696 16.144522 30
21.392473 -29.30657 15.946651 31
20.896336 -27.33573 15.107661 15
21.647945 -28.761683 14.783138 23
19.204563 -23.737179 14.330801 59
19.022169 -23.863201 13.413166 50
19.170454 -24.4072 12.750824 12
21.075878 -27.135704 13.10274 18
19.530607 -23.113129 14.199437 16
19.66361 -23.567135 13.477823 49
19.532484 -23.708975 12.601489 42
19.368401 -23.819271 11.697514 60
18.92366 -21.482319 13.442423 21
19.128653 -21.942009 12.780197 24
19.018003 -22.068373 11.941672 17
19.454969 -22.808973 11.404945 31
17.010881 -18.601143 11.866551 22
17.115618 -18.874264 11.205479 16
18.40419 -20.416082 11.264046 14
17.355808 -18.168453 11.826285 96
17.286005 -18.222 11.041815 91
17.214281 -18.282574 10.29207 85
17.134865 -17.19297 11.42605 29
17.624922 -17.75831 10.988325 26
17.691881 -17.913857 10.299447 25
17.785532 -18.082411 9.6047173 77
16.934711 -16.280323 11.056227 27
17.337769 -16.815636 9.1355362 27
16.893465 -15.623549 8.6937962 26
15.2003 -13.465756 8.9295521 6
15.195013 -13.462165 8.3062191 6
15.223648 -13.474326 7.6897135 6
15.000228 -12.741765 9.2887669 87
15.055639 -12.751912 8.6739702 105
15.094213 -12.761916 8.081912 99
15.169827 -12.785353 7.4929948 93
15.471306 -12.564182 9.3975182 103
15.545233 -12.566307 8.7757502 114
15.615377 -12.57012 8.1793423 115
15.697723 -12.571141 7.5764804 107
15.518191 -12.053687 9.257061 47
15.511843 -11.972399 8.5946932 54
15.490972 -11.880452 7.955163 52
15.484327 -11.798064 7.3257465 45
15.247689 -11.336489 8.9552832 44
15.226054 -11.215685 8.290659 54
15.192234 -11.098178 7.6599517 48
14.963122 -10.843717 6.9490719 47
15.009474 -10.662762 8.6740379 46
14.968187 -10.516317 8.0160007 58
14.908114 -10.369857 7.3901334 60
14.622531 -10.066169 6.6696692 60
14.773837 -10.028503 8.411912 56
14.716388 -9.856801 7.7607927 62
14.660906 -9.6949587 7.14676 68
14.367019 -9.3854589 6.4422002 66
14.544011 -9.4200335 8.1599073 55
14.490089 -9.2411604 7.5279007 58
14.168524 -8.9086056 6.8080969 68
14.115625 -8.7383718 6.2299671 64
14.323666 -8.8497467 7.9290223 63
14.266209 -8.6569548 7.3088546 77
13.16083 -7.8780313 6.2517996 12
13.115479 -7.7095079 5.719821 77
13.051568 -7.7122455 7.1613674 68
13.009848 -7.5256982 6.6003556 83
12.964252 -7.3511581 6.0733542 78
13.063572 -7.2455182 5.6088114 79
12.893068 -7.2461419 6.9844403 78
13.123821 -7.1909199 6.5631776 79
13.346615 -7.1399269 6.1538634 83
13.562767 -7.0652084 5.7234001 91
13.298511 -7.0740061 7.0942492 76
13.583244 -7.0208745 6.6864309 90
13.36342 -6.7334943 6.0735354 76
13.556808 -6.6365266 5.6417933 77
13.603423 -6.8472443 7.1591067 86
13.486373 -6.5833664 6.5571771 97
13.220693 -6.2685852 5.932816 77
13.384215 -6.1466274 5.5017538 76
13.436356 -6.3964076 6.9891338 71
13.153151 -6.0563207 6.3265281 84
13.072464 -5.8199167 5.7989969 76
13.215149 -5.6726294 5.3666635 74
13.267898 -5.9624863 6.8271809 67
12.98955 -5.6201267 6.1785622 66
12.924925 -5.389051 5.6721387 75
13.080267 -5.2342176 5.2558379 63
13.124339 -5.5565691 6.6843481 79
12.798236 -5.1939745 6.0262575 81
12.91995 -5.0233932 5.6076827 81
12.917205 -4.7981396 5.1378465 67
12.965746 -5.1553955 6.5395613 79
12.674929 -4.8054452 5.9088593 76
12.83142 -4.631547 5.5115457 81
12.730596 -4.3707333 5.0157504 31
12.698566 -4.7260695 6.3447599 73
12.540618 -4.419426 5.7893128 81
12.671376 -4.2285986 5.3927307 84
12.575283 -3.9615424 4.9079666 49
12.482213 -4.3311019 6.180531 68
12.404813 -4.0494595 5.6759043 80
12.532191 -3.8444831 5.2862911 83
3.4237311 -1.1286803 1.5299929 13
12.374314 -3.9829011 6.0715766 65
12.328932 -3.7070749 5.5922575 75
3.4680943 -1.1126096 1.6713654 48
3.5610235 -1.0538144 1.5669417 51
3.4016685 -1.1599646 1.9109888 0
3.4813886 -1.0936406 1.800427 59
3.5873165 -1.0363885 1.7041181 38
3.6990979 -0.9739452 1.6048403 38
3.4830456 -1.0860906 1.9334286 45
3.5997396 -1.0214726 1.836185 40
3.7204652 -0.95870453 1.7429817 37
3.8290031 -0.8883788 1.6406491 36
3.5964427 -1.0150949 1.9681491 15
3.7199121 -0.94423681 1.8729407 39
3.8373351 -0.87159073 1.7756752 33
3.9716969 -0.79736239 1.6805471 33
3.7127535 -0.94199288 2.0048869 8
3.8459294 -0.8627944 1.9117316 35
3.9801643 -0.78555727 1.8195924 30
4.1411972 -0.70240074 1.7296585 18
3.8208065 -0.86018676 2.036525 10
3.973743 -0.77528828 1.9505171 27
4.1226988 -0.6905337 1.8624761 23
11.513367 -1.4704801 4.3016624 54
10.975178 -1.9536971 5.1728582 82
4.1044703 -0.68567592 1.9913199 23
11.569095 -1.4622405 4.6671386 67
11.571441 -1.1763899 4.303143 90
10.927559 -1.6864139 5.1185327 53
11.521357 -1.4616716 4.9927511 62
11.545463 -1.1700541 4.6359191 88
11.463377 -0.86714226 4.2481494 89
11.385678 -1.4862132 5.2867079 44
11.545094 -1.1828376 4.974978 79
11.448918 -0.87641674 4.583077 94
11.324685 -0.56795627 4.1879315 83
11.54594 -1.2377912 5.3270841 86
11.43681 -0.89787316 4.9099541 81
11.321354 -0.58409011 4.5178633 89
11.223873 -0.27362776 4.1439333 90
11.432113 -0.95873791 5.2490816 73
11.329852 -0.61748689 4.8459592 83
11.220111 -0.29742768 4.464849 92
11.119438 0.014895801 4.0998459 85
11.342386 -0.68789941 5.1861835 80
11.22572 -0.3372196 4.784977 84
11.102894 -0.016625937 4.4088001 88
11.026903 0.30266237 4.0610232 87
11.246703 -0.41729942 5.1194344 83
11.128998 -0.067564987 4.7301979 92
11.018777 0.26047972 4.3690934 88
10.918691 0.58088827 4.0220962 76
11.147221 -0.15594874 5.0566244 89
11.01319 0.2000664 4.6702466 89
10.920843 0.52882016 4.3263035 85
10.82843 0.85760093 3.9903598 36
11.054854 0.10165974 4.9989858 91
10.928657 0.46220246 4.6266899 88
10.824126 0.79558432 4.2866726 72
10.719583 1.127002 3.9566607 58
10.946752 0.35597563 4.9363565 85
10.830361 0.7179057 4.5801039 87
10.719553 1.0570983 4.2469788 43
10.610853 1.3904009 3.9248915 83
10.846704 0.6045565 4.88168 87
10.734026 0.97263438 4.5364327 52
10.625976 1.3169388 4.2133083 84
10.51104 1.6560328 3.8971448 58
10.769629 0.85287434 4.8371835 85
10.647706 1.2266647 4.497838 84
10.52459 1.5714779 4.179585 81
10.412393 1.9157102 3.8744264 70
10.691491 1.1031578 4.7926707 84
10.5564 1.480523 4.4582014 84
10.432076 1.8293321 4.1489244 69
10.310699 2.1772788 3.8496754 63
10.596652 1.3448638 4.7460465 83
10.465333 1.7264005 4.422595 78
10.334719 2.0820277 4.1202407 68
10.229038 2.4355662 3.8361044 46
10.49985 1.5855024 4.699409 82
10.383211 1.9726057 4.3930626 77
10.255344 2.3333659 4.1007133 56
10.108802 2.6834996 3.8112438 39
10.426969 1.8259981 4.6649742 79
10.282248 2.2151504 4.3583827 63
10.159214 2.5781195 4.0780611 49
10.004505 2.931994 3.7935042 35
10.340269 2.0620017 4.6274214 76
10.187432 2.452904 4.3277493 55
10.048216 2.8203385 4.0502753 37
9.9150639 3.1830213 3.7848697 29
10.242708 2.2946212 4.5867825 61
10.109329 2.697262 4.3062334 48
9.9570808 3.0642753 4.0336514 33
9.8275146 3.43712 3.7772405 26
10.156042 2.5286419 4.5542302 53
9.9967155 2.9294047 4.273469 38
9.8501015 3.3046541 4.0119052 32
8.9926434 3.4277699 3.5042169 29
10.078271 2.7649822 4.5257454 34
9.9068441 3.1673541 4.249876 31
9.0261383 3.302613 3.7209475 16
8.9019299 3.6567595 3.4986482 30
9.9599934 2.9898872 4.481957 31
9.8101082 3.4010749 4.2272391 26
8.9662704 3.5356648 3.7196245 30
8.8496122 3.9001231 3.5103528 6
9.8852921 3.2233515 4.4595022 20
8.9848776 3.383899 3.9133141 22
8.8601036 3.7520828 3.7039564 32
9.4382076 4.426219 3.7584662 37
9.7997627 3.4534345 4.4349546 20
8.8996782 3.6020265 3.8978128 29
9.5211315 4.2877598 3.9866519 34
9.3870783 4.6936464 3.777092 40
8.9741316 3.4241536 4.1000829 21
8.8400459 3.8300564 3.8945227 29
9.4201298 4.52737 3.9779768 39
9.2789164 4.9360476 3.7763467 45
8.8900776 3.6392756 4.0776358 23
9.4459438 4.341784 4.1648679 38
9.3367996 4.7746224 3.9794242 46
9.1766081 5.1816692 3.7806396 57
8.8237286 3.8610384 4.0653148 15
9.3579683 4.5808377 4.1552992 38
9.228837 5.0120163 3.9726877 54
9.0809803 5.4345598 3.7909484 66
9.4257269 4.3676596 4.3396263 34
9.2973871 4.8338957 4.1598983 40
9.1335754 5.2558842 3.974026 59
8.9784288 5.6852117 3.7992013 68
9.3419523 4.601685 4.3270311 28
9.1984797 5.0694203 4.1511803 46
9.0381794 5.5015779 3.9783125 67
8.8845291 5.9419985 3.8144717 77
9.255126 4.835783 4.3124995 31
9.1073627 5.3094201 4.1475916 59
8.9495211 5.7547135 3.9866986 72
8.7818308 6.1946816 3.8287411 80
9.1917601 5.0827374 4.3121209 39
9.0103083 5.5472202 4.1449604 68
8.8589153 6.0057898 3.9970753 79
8.6896667 6.4597535 3.8500502 85
9.097002 5.3145704 4.2995181 58
8.926796 5.7975054 4.1493831 78
8.7632818 6.2576933 4.0093842 81
8.5848122 6.7163744 3.8692641 65
9.0080385 5.5516143 4.291935 63
8.8393192 6.0466576 4.1547704 77
8.6636562 6.5094628 4.0216594 82
8.4924479 6.9864573 3.8965364 71
8.9218063 5.7957716 4.2883496 71
8.7419615 6.29247 4.1590848 81
8.5608559 6.7661319 4.0348897 55
8.3911934 7.2532387 3.9237447 85
8.8316383 6.0377984 4.285738 79
8.6435232 6.5402555 4.1653833 80
8.4735832 7.0343761 4.0592108 87
8.2828178 7.523778 3.9498792 87
8.7413559 6.2828326 4.2851148 81
8.5399876 6.7908707 4.171628 49
8.3676472 7.2939615 4.077404 85
8.1782503 7.7984767 3.9830313 87
8.6430616 6.5285888 4.2824206 82
8.453824 7.058125 4.1889572 44
8.2682829 7.5657973 4.1016011 87
8.0637207 8.0738277 4.0140834 89
8.5282078 6.7637615 4.2766061 41
8.348176 7.3126907 4.2011523 83
8.1599731 7.837326 4.1247144 87
7.9481134 8.3511572 4.049118 91
8.4539337 7.0364051 4.292016 68
8.2491035 7.578495 4.2183857 83
8.0428877 8.1015434 4.1488113 88
7.845633 8.6519642 4.0932164 93
8.3543854 7.2891364 4.2983065 83
8.1547718 7.8504801 4.2416534 87
7.9420547 8.3853626 4.1839828 87
7.7440395 8.9548264 4.1433153 90
8.2691059 7.5614009 4.3146491 83
8.0309505 8.1094236 4.2547174 88
7.8340945 8.6729431 4.2180758 88
7.5669794 9.188982 4.160006 73
8.1514645 7.8165259 4.3177624 83
7.9320989 8.3943024 4.2828803 91
7.7333407 8.9808292 4.2611408 93
6.9898295 8.9646025 3.9759102 56
8.0385551 8.0778446 4.3268881 82
7.8309946 8.6861181 4.3129983 85
7.5266848 9.177887 4.2546988 61
6.8081965 9.1856079 3.9915962 86
7.9493599 8.3740416 4.3510909 83
7.7226453 8.9847012 4.3450308 84
6.9563427 8.9617109 4.0606313 63
6.6620407 9.4469204 4.0294399 96
7.8397627 8.6535234 4.3701797 82
7.5248175 9.1880474 4.334641 60
6.8010449 9.2016373 4.0814724 86
7.1187534 10.526367 4.4095101 83
7.7375646 8.9492903 4.3962741 86
6.9615207 8.9730778 4.1306276 62
6.6578727 9.4650316 4.1133332 89
6.9851074 10.855244 4.4742212 86
7.5717063 9.1817665 4.3940511 67
6.8056226 9.2029543 4.1444988 79
7.1168771 10.536541 4.4924598 85
6.8544087 11.213268 4.5488853 80
6.9951344 8.9492722 4.1740336 54
6.6615357 9.4662733 4.168417 89
6.9868889 10.877511 4.5522394 80
6.7201462 11.587192 4.6285157 82
6.8170528 9.1602936 4.1668568 80
7.1176434 10.536642 4.5425954 80
6.8535266 11.228394 4.6169572 85
6.5635266 11.943328 4.7020202 78
6.6913199 9.443244 4.1908703 86
6.9849563 10.871478 4.5913754 83
6.7228446 11.616425 4.6905694 89
6.2930312 12.13228 4.7101464 71
7.1417465 10.507362 4.553031 72
6.8533206 11.232399 4.6490731 85
6.5022006 11.866152 4.7139034 57
6.1511426 12.550049 4.8085604 64
7.0072842 10.838099 4.5918097 74
6.7116623 11.593985 4.7066846 89
6.299149 12.153564 4.7552552 68
5.9878469 12.951071 4.9028478 61
6.877799 11.193131 4.640461 77
6.4806662 11.824364 4.7139115 62
6.1449814 12.549911 4.8365541 76
5.8159943 13.362897 5.0019493 78
6.7372651 11.553717 4.6880741 90
6.2965899 12.142444 4.7572908 72
6.001996 12.971642 4.9339056 75
5.650187 13.804936 5.1160216 77
6.5492702 11.844577 4.7134809 67
6.1526279 12.539051 4.8347015 74
5.8367219 13.402621 5.0290165 69
5.4873562 14.303174 5.2469201 66
6.323771 12.095086 4.7207103 63
5.9781814 12.923581 4.9018521 74
5.661284 13.840262 5.1269155 80
5.2951708 14.787383 5.3724546 80
6.1589928 12.466861 4.774817 67
5.8264127 13.375001 4.9967752 77
5.4826508 14.312859 5.2365627 75
4.8423791 14.62859 5.2680511 74
6.0061712 12.891171 4.8459692 73
5.6555662 13.82281 5.0877495 76
5.2786069 14.761611 5.3412814 87
4.5650773 14.916619 5.3287125 63
5.8401871 13.317067 4.9180899 67
5.4803433 14.307547 5.1905856 80
4.8311973 14.61702 5.2320189 78
4.7642937 16.674488 5.9122429 50
5.6824841 13.79526 5.0090613 74
5.2802796 14.76829 5.2872434 73
4.5612936 14.936166 5.2905707 76
4.5336657 17.28656 6.0871 75
5.497488 14.26042 5.0938096 58
4.8367372 14.640688 5.175889 67
4.7637205 16.703968 5.8610392 62
4.2851958 17.922098 6.271728 50
5.2855625 14.69663 5.1684356 74
4.5594039 14.947526 5.2184229 79
4.5308886 17.320976 6.0249128 55
4.0178041 18.597179 6.4682117 49
4.8511448 14.603583 5.0592804 70
4.7605896 16.726486 5.7721891 67
4.2750125 17.962502 6.1948609 62
3.725517 19.300632 6.6775985 54
4.5702991 14.92955 5.0939841 70
4.5159998 17.347231 5.9181085 54
4.0019712 18.648447 6.3782611 68
3.4286556 20.084042 6.916472 38
4.7840819 16.754921 5.6386046 53
4.2593789 17.990646 6.0739217 59
3.7204628 19.391264 6.5845451 44
3.0211632 20.462992 7.0169506 94
4.5431209 17.382788 5.7736306 52
3.9910755 18.704794 6.2534165 61
3.4258144 20.217791 6.8224277 43
2.5220528 20.335917 6.9503922 66
4.2764635 18.028803 5.9123764 48
3.7050235 19.462616 6.4477777 45
2.974483 20.407007 6.8431549 99
4.0093207 18.7621 6.0794587 50
3.3958378 20.25544 6.6529217 56
2.4858685 20.356339 6.7886963 74
3.7145672 19.512251 6.2511325 45
2.9292109 20.365149 6.6375036 90
3.4115613 20.376688 6.4616313 65
2.4546452 20.438171 6.6122785 62
1.0295678 25.614769 8.6840897 86
2.9060774 20.340427 6.3855033 85
2.2893829 22.850611 7.3419852 11
1.5489721 25.696417 8.4613075 10
0.44218057 25.533873 8.6474075 44
2.4350433 20.484644 6.37007 40
0.94813782 25.536867 8.3815336 73
-0.12380984 25.87047 8.758276 98
2.293642 23.178116 7.139771 34
0.37409577 25.871059 8.4674826 55
-0.70279658 25.676697 8.6933498 89
1.8304173 23.974024 7.3224397 8
0.85711831 25.478033 8.0453472 83
-0.21026419 25.83408 8.4363308 90
-1.2728323 25.464174 8.6267929 93
1.3984946 25.625895 7.7686353 43
0.27865225 25.948111 8.1546831 51
-0.79843414 25.615807 8.3518009 78
-1.8328702 25.231939 8.5594511 97
0.77230197 25.438309 7.654685 73
-0.32774034 25.768417 8.0684328 88
-1.3823025 25.386862 8.2659159 87
-2.3856153 25.019154 8.5017796 95
0.18722388 25.947136 7.7611771 80
-0.92768723 25.540707 7.9709668 83
-1.9475617 25.161488 8.1944809 84
-2.933099 24.823561 8.4551573 88
-0.4324387 25.690029 7.6387272 66
-1.5140587 25.298807 7.8747516 123
-2.5132916 24.954386 8.1243353 74
-3.468755 24.609528 8.4062996 95
-1.0455543 25.473213 7.5332327 96
-2.0916834 25.092257 7.7925363 87
-3.0630941 24.721769 8.0544968 110
-3.8942649 23.616777 8.0929022 35
-1.6432463 25.24391 7.4309397 100
-2.6594245 24.860016 7.7074871 79
-3.6107194 24.540333 8.0034924 83
-4.4107709 23.462423 8.0702629 39
-2.2303929 25.005894 7.3298974 91
-3.2252524 24.637796 7.6275945 104
-4.0360193 23.516539 7.6822319 81
-5.0427432 24.001591 8.2891397 94
-2.8116663 24.78923 7.2436686 90
-3.6853111 23.665529 7.3236337 5
-4.6870732 24.130608 7.898694 68
-5.5534687 23.795986 8.2573967 92
-3.3895547 24.572206 7.1564355 90
-4.2095275 23.418741 7.2471199 85
-5.2112947 23.908905 7.8471546 108
-6.0705438 23.621668 8.237751 87
-3.8484681 23.531334 6.8399215 55
-4.8773351 24.023605 7.437705 105
-5.7397637 23.717161 7.8073831 96
-6.5759048 23.437126 8.2192469 93
-4.4013033 23.396492 6.7878685 10
-5.4061346 23.798788 7.3787942 108
-6.2548199 23.523075 7.7745013 110
-7.0736241 23.243456 8.2014675 90
-5.0699759 23.916391 6.9322691 87
-5.9477301 23.610729 7.3318071 108
-6.7702613 23.326931 7.7417445 103
-7.5797319 23.061712 8.1917353 94
-5.6207061 23.705971 6.8682508 94
-6.4800992 23.414989 7.2879105 79
-7.2849221 23.135839 7.7159948 105
-8.0743437 22.865341 8.1801367 94
-6.1664 23.491764 6.8112226 115
-7.0073299 23.212492 7.2469058 108
-7.7995224 22.940815 7.6910915 108
-8.5736637 22.686903 8.178339 94
-6.7201962 23.308367 6.7629561 95
-7.5329752 23.016945 7.2140951 103
-8.314929 22.765799 7.6801095 69
-9.0717602 22.500502 8.1775274 96
-7.2612076 23.099363 6.7138076 90
-8.0615082 22.819231 7.18154 99
-8.8215666 22.567856 7.6637487 98
-9.571393 22.325741 8.1854086 90
-7.8065276 22.897974 6.67243 108
-8.5848846 22.622787 7.1559978 83
-9.3312092 22.36869 7.649519 90
-9.749979 21.389856 7.9136806 105
-8.3483715 22.706562 6.6357231 86
-9.1129208 22.429884 7.131506 101
-9.5478745 21.469002 7.3968549 92
-10.560801 21.946798 8.1967525 97
-8.8879633 22.506376 6.6014161 84
-9.6138124 22.178537 7.094346 77
-10.016344 21.228598 7.3752184 5
-11.057742 21.760201 8.2122278 100
-9.4294024 22.307064 6.5748124 95
-9.8472605 21.303581 6.8636298 70
-10.869925 21.811033 7.646265 88
-11.553384 21.571259 8.2295799 99
-9.6704607 21.374262 6.3334942 82
-10.679299 21.829905 7.0895596 103
-11.383419 21.621649 7.653172 83
-12.042912 21.366249 8.2450962 97
-10.509183 21.887699 6.5261836 88
-11.21855 21.650023 7.0890679 87
-11.896071 21.427818 7.6659021 103
-12.543727 21.170605 8.2702646 83
-11.05726 21.687841 6.5120096 96
-11.742557 21.444031 7.0870438 80
-12.41604 21.23048 7.6775565 83
-13.032466 20.957119 8.2902527 91
-11.608527 21.495226 6.5044875 80
-12.279401 21.243111 7.0894642 80
-12.93804 21.042557 7.6994772 88
-13.543487 20.76659 8.3222704 82
-12.155426 21.286179 6.4969859 84
-12.814801 21.046871 7.098423 116
-13.458023 20.833628 7.7161055 104
-14.043524 20.562613 8.3558569 113
-12.702345 21.073812 6.4929724 89
-13.351299 20.840067 7.1088705 92
-13.99052 20.642986 7.7473316 84
-14.561549 20.375065 8.4006577 79
-13.268518 20.867729 6.4922919 84
-13.904964 20.649984 7.1273999 92
-14.523804 20.441854 7.7747054 108
-15.073745 20.168823 8.4410467 83
-13.827895 20.654131 6.4984717 84
-14.454268 20.434851 7.1446028 96
-15.065022 20.244774 7.8112493 85
-15.208263 19.439106 8.2648821 64
-14.396176 20.443396 6.5126095 87
-15.014146 20.234222 7.1740665 79
-15.154276 19.417299 7.6064301 42
-15.664214 19.17115 8.2830105 17
-14.971616 20.2234 6.5234413 89
-15.120903 19.408152 6.9817634 42
-15.643457 19.162386 7.627584 10
-16.701826 19.602102 8.6155748 84
-15.075906 19.358606 6.332706 58
-16.171963 19.834166 7.2445021 39
-16.723246 19.622236 7.9425535 87
-17.291586 19.447237 8.7045059 56
-16.156652 19.790176 6.572082 89
-16.738518 19.600523 7.2796259 88
-17.2789 19.394146 7.9917345 86
-17.842669 19.232571 8.7693119 67
-16.746738 19.553244 6.599472 86
-17.323166 19.374687 7.3231559 85
-17.846046 19.161304 8.0432568 82
-18.418056 19.033714 8.8506393 48
-17.364031 19.333979 6.6395421 71
-17.925198 19.148039 7.3712392 84
-18.410599 18.919796 8.0979757 90
-19.005724 18.825073 8.9322252 78
-17.991005 19.109751 6.6848688 72
-18.533119 18.920572 7.4287305 97
-19.008471 18.69677 8.1680794 78
-19.616709 18.629658 9.0282183 83
-18.621723 18.863823 6.7276468 79
-19.154392 18.688021 7.4896116 86
-19.616489 18.46431 8.2414093 63
-20.211004 18.396105 9.115448 83
-19.27487 18.629894 6.7848806 71
-19.808519 18.464165 7.5634999 56
-20.23728 18.233517 8.3249283 88
-20.224617 17.630079 8.938159 75
-19.942408 18.391203 6.8486476 70
-20.213211 17.995457 7.5416522 25
-20.369921 17.539852 8.1991549 63
-20.837681 17.407562 9.0447683 93
-20.05925 17.617537 6.7182651 48
-20.524096 17.443554 7.4940963 88
-20.422482 16.801569 8.055377 23
-20.2314 16.154394 8.6059637 29
-20.703457 17.334352 6.7771225 74
-20.324709 15.970917 7.8591542 27
-19.748747 15.06673 8.2419386 28
-20.452072 16.294504 6.5413079 8
-19.550728 14.257207 8.0151873 39
-19.905025 15.069301 6.2208638 24
-18.133783 12.60217 7.2878451 66
-18.256262 13.099909 5.5693164 15
-18.288944 12.434563 6.6635008 92
-18.611557 12.366185 7.367095 77
-18.204195 12.41445 5.4442425 70
-18.523151 12.307957 6.0939398 90
-18.801634 12.194012 6.7429881 118
-18.716932 11.874083 7.2963839 46
-18.737192 12.143744 5.5043383 78
-18.615906 11.766169 6.0204144 52
-18.515287 11.427521 6.5319099 59
-18.431149 11.323012 5.314384 63
-18.312355 10.986117 5.8201656 75
-18.221018 10.691356 6.3255372 74
-18.124308 10.541402 5.1346307 49
-18.035202 10.254533 5.6369128 78
-17.96858 10.011996 6.1439834 67
-17.906881 9.8028173 6.6750894 51
-17.844824 9.8104525 4.9715915 63
-17.745316 9.5552311 5.4612403 87
-17.710199 9.3545008 5.9658828 74
-17.66921 9.1894093 6.4976282 62
-17.57292 9.1200638 4.8194704 69
-17.516233 8.9143448 5.3114676 77
-17.464651 8.7352238 5.8021688 79
-17.434093 8.5980568 6.3255033 71
-17.313112 8.4674854 4.6786585 83
-17.264557 8.2922535 5.1623845 89
-17.24128 8.1532736 5.6547785 87
-17.207003 8.0366554 6.1660795 71
-16.017443 7.3500061 4.2542539 75
-15.991947 7.2223721 4.7058563 86
-16.031137 7.1382618 5.1772275 84
-15.954985 7.0347753 5.6356349 76
-15.834122 6.8192096 4.1546531 84
-15.999625 6.7971101 4.6555943 83
-16.109669 6.7614264 5.1463552 90
-16.150566 6.7244411 5.6454544 38
-16.355299 6.6058812 4.2491126 89
-16.522154 6.5908089 4.7609897 81
-16.605913 6.5585136 5.259459 109
-16.620808 6.5255446 5.760468 89
-16.438349 6.1941171 4.2269664 90
-16.455015 6.1347828 4.6934762 78
-16.45513 6.0831594 5.1546125 91
-16.43646 6.0559516 5.6355753 84
-16.133158 5.646389 4.1041794 91
-16.267277 5.6486797 4.5933552 83
-16.272352 5.6142478 5.0478663 94
-16.272118 5.6087136 5.5237956 80
-15.851632 5.132328 3.9915733 77
-16.103682 5.1836357 4.5022969 86
-16.115185 5.1711826 4.952455 86
-16.093916 5.1735139 5.4127264 78
-15.672707 4.669312 3.9096115 90
-15.906802 4.7272315 4.407536 86
-15.935573 4.7317562 4.8523121 92
-15.978824 4.7739744 5.3278742 73
-15.497256 4.227808 3.8354142 97
-15.744598 4.2946606 4.3258076 96
-15.779945 4.3180056 4.764461 90
-15.780886 4.3564782 5.2143521 82
-15.334497 3.8042426 3.7666299 91
-15.532453 3.8652446 4.2338147 95
-15.617855 3.9138057 4.6797523 91
-15.679904 3.981282 5.1400318 77
-15.183376 3.3926749 3.7037871 91
-15.232232 3.4290845 4.1209764 101
-15.456347 3.5181167 4.5956326 93
-15.509856 3.597733 5.045742 78
-15.02307 2.9937408 3.6413436 99
-15.066928 3.0376084 4.0478225 96
-15.317665 3.1415863 4.5231481 89
-15.354132 3.2257366 4.9575553 83
-14.883231 2.6113615 3.5890021 92
-14.905265 2.6607118 3.9804738 95
-15.172041 2.773545 4.4508691 93
-15.212765 2.8697107 4.8783169 91
-14.794663 2.2450259 3.5517008 81
-14.773805 2.3005764 3.9264557 104
-15.023487 2.4117413 4.3809357 91
-15.095993 2.5267162 4.8108983 87
-13.847552 1.7718546 3.29953 33
-14.626711 1.946624 3.8671944 102
-14.821838 2.0547321 4.2988095 91
-14.956899 2.1857836 4.7373481 83
-13.762444 1.4429154 3.2701957 99
-13.816223 1.5221113 3.6283181 103
-13.866583 1.6163822 3.9893224 101
-13.917892 1.7367123 4.3675108 80
-12.700449 1.1125574 3.3096516 2
-12.594314 1.1900427 3.5883334 3
-12.581739 1.3025575 3.9071169 4
-13.012001 0.76422602 3.0709965 1
-12.63266 0.82760042 3.282042 2
-12.510828 0.91659659 3.5528226 4
-12.476293 1.0348023 3.8557761 4
-12.600224 0.54953474 3.2681098 1
-12.415441 0.64755124 3.5133996 4
-12.430437 0.77814645 3.8268952 3
-12.512698 0.27325377 3.2396462 1
-12.344266 0.3817234 3.4837692 5
-12.319352 0.52058643 3.7775829 3
-12.444412 0.0013550367 3.2200127 2
-12.276321 0.12179663 3.4570978 8
-12.230492 0.26731217 3.7360694 3
-12.407221 -0.27055153 3.2091136 2
-12.18346 -0.13431205 3.4266279 5
-12.124797 0.019586811 3.692693 8
-12.31917 -0.53481966 3.1866534 2
-12.130783 -0.38875061 3.4068444 4
-12.059391 -0.22444762 3.6649871 7
-13.467225 -1.0382774 3.2053695 13
-12.860485 -0.84352273 3.3389771 3
-11.953992 -0.46419165 3.6236079 20
-13.558016 -1.3544325 3.2405717 89
-13.621944 -1.19654 3.5556068 95
-12.816778 -0.7625165 3.8982568 4
-13.451836 -1.6523281 3.2253771 88
-13.521068 -1.4855367 3.5372984 86
-13.395678 -1.2884399 3.7877858 92
-13.469358 -1.0797551 4.1055465 66
-13.332956 -1.9425385 3.2112269 96
-13.402262 -1.7707703 3.5131416 94
-13.323238 -1.5651809 3.7712181 73
-13.38301 -1.3500615 4.0760875 88
-13.224174 -2.2310588 3.2009778 93
-13.29068 -2.0512183 3.4948926 88
-13.268833 -1.8435067 3.7614765 81
-13.275879 -1.6127037 4.0407481 97
-13.1085 -2.5163481 3.190778 97
-13.188195 -2.3299568 3.480561 97
-13.221352 -2.1250553 3.7546856 82
-13.169845 -1.8733728 4.0083938 91
-12.998947 -2.7988312 3.1835179 97
-13.089705 -2.6098206 3.4691985 95
-13.15903 -2.4011128 3.7460041 96
-13.075812 -2.135427 3.9809406 95
-12.893489 -3.0794413 3.1792169 99
-12.979438 -2.8822947 3.4559147 97
-13.069776 -2.6732907 3.7315404 99
-12.971972 -2.3911583 3.9515531 94
-12.790989 -3.3621418 3.1778965 99
-12.874238 -3.1539245 3.4465849 98
-12.969713 -2.9391115 3.7151499 100
-12.8852 -2.6474304 3.9310212 93
-12.688675 -3.6398406 3.17856 101
-12.770016 -3.4265859 3.4382493 99
-12.86673 -3.2028315 3.6997774 100
-12.78143 -2.9021516 3.9056294 97
-12.587389 -3.9175649 3.182215 100
-12.663936 -3.6951668 3.4319298 94
-12.776702 -3.4689445 3.6903257 98
-12.694678 -3.1573868 3.8871293 96
-11.705102 -3.9167695 2.9747491 93
-12.576749 -3.968323 3.4334989 98
-12.660803 -3.7281966 3.6730983 93
-12.626874 -3.416219 3.8764906 85
-11.622359 -4.1790571 2.9842513 92
-11.704577 -3.9599583 3.2059352 120
-12.577849 -3.9945538 3.6696348 97
-12.558053 -3.6780789 3.867903 64
-11.525854 -4.4358768 2.9915504 92
-11.611242 -4.2108245 3.2068543 117
-11.695022 -3.9727335 3.4161344 110
-12.550936 -3.9596441 3.8794258 88
-12.159689 -5.0183644 3.2058353 99
-11.527739 -4.465023 3.2116914 58
-11.622507 -4.2243934 3.4172015 88
-11.726437 -3.9500377 3.6255333 90
-12.048538 -5.2897921 3.21561 101
-12.153813 -5.038456 3.4329863 100
-11.54308 -4.4748669 3.4176135 34
-11.641209 -4.1923432 3.6139603 88
-11.949324 -5.5685644 3.2312629 103
-12.058793 -5.3093886 3.4405799 98
-12.172642 -5.0383596 3.6478252 102
-11.564996 -4.4359307 3.6083136 57
-11.84812 -5.8472695 3.2479327 105
-11.958794 -5.5801516 3.4502163 100
-12.063859 -5.2988672 3.643507 101
-12.202806 -4.9936728 3.8444371 104
-11.736924 -6.1256409 3.2646873 101
-11.844937 -5.8454623 3.4559557 99
-11.966034 -5.5627198 3.6461041 100
-12.09817 -5.2483354 3.8340662 104
-11.639615 -6.4094567 3.2883384 103
-11.757595 -6.1286311 3.4725189 100
-11.867076 -5.8305383 3.6487226 99
-12.006414 -5.50841 3.8295999 99
-11.52929 -6.6928482 3.3091002 102
-11.654547 -6.4022789 3.4871895 100
-11.766214 -6.096283 3.6543508 99
-11.902707 -5.7660966 3.8222294 102
-11.422966 -6.9773626 3.3338304 105
-11.549342 -6.6808548 3.502893 100
-11.66627 -6.3650537 3.6619806 100
-11.806815 -6.0270839 3.8206179 103
-11.312449 -7.2637815 3.3594055 103
-11.425393 -6.946857 3.5145142 97
-11.567146 -6.6368856 3.6723948 100
-11.701198 -6.2846723 3.8182197 104
-11.20979 -7.561388 3.3900969 101
-11.336849 -7.2399459 3.540071 100
-11.460131 -6.9094024 3.681051 101
-11.609262 -6.5537024 3.8217368 102
-11.10221 -7.8578115 3.4238341 103
-11.225682 -7.5212684 3.5628009 101
-11.360029 -7.1871066 3.6956794 100
-11.4995 -6.8171201 3.8204107 101
-10.986692 -8.1529522 3.4566522 107
-11.113333 -7.8085442 3.584568 103
-11.258751 -7.4707661 3.7113404 101
-11.399589 -7.0868521 3.8250191 103
-10.789814 -8.3890219 3.4651055 45
-11.014482 -8.1127882 3.6160452 105
-11.14766 -7.7495875 3.7275133 103
-11.301426 -7.3651366 3.8340206 103
-10.756893 -8.7647686 3.5317481 104
-10.821677 -8.3414268 3.6149838 53
-11.045814 -8.0432968 3.7482114 104
-11.197098 -7.6407986 3.8417494 100
-10.641557 -9.0809641 3.5746746 104
-10.786939 -8.7072639 3.6753476 107
-10.926528 -8.3244009 3.765043 74
-11.093749 -7.9224544 3.8524458 106
-10.528131 -9.4041939 3.6215789 103
-10.676914 -9.0156345 3.711179 103
-10.826594 -8.628129 3.792774 98
-10.987355 -8.2060032 3.8651731 98
-10.384355 -9.7054272 3.6606798 109
-10.562712 -9.3298616 3.7490628 101
-10.705974 -8.921176 3.8166513 108
-10.883579 -8.5016403 3.8799133 103
-9.8137522 -9.5617342 3.5371642 63
-10.432628 -9.6395683 3.7840703 107
-10.609536 -9.2420092 3.8514013 102
-10.769019 -8.7909126 3.8957274 104
-9.5703363 -9.7507143 3.5387979 72
-9.8977394 -9.5350885 3.6603611 59
-10.473777 -9.5385618 3.8734193 110
-10.663834 -9.1004925 3.9165196 101
-9.4236994 -10.048841 3.5819147 106
-9.5993013 -9.6553049 3.6292684 93
-10.158211 -9.6582565 3.826472 77
-10.538141 -9.3934011 3.9314401 102
-9.8790979 -11.08457 3.8859866 98
-9.47332 -9.9641266 3.6722383 107
-9.6472731 -9.5545902 3.6985583 90
-10.397326 -9.6848574 3.9442854 101
-9.7472143 -11.452192 3.9519606 99
-9.9270668 -10.983847 3.9690504 101
-9.519453 -9.8524084 3.7302892 104
-9.8163748 -9.5119295 3.7777395 59
-9.611268 -11.828623 4.0211639 97
-9.798542 -11.344554 4.026145 107
-9.3557405 -10.118015 3.7494164 4
-9.5946751 -9.7066803 3.7591679 102
-9.4652214 -12.209701 4.0934839 98
-9.6638193 -11.713033 4.0853367 93
-9.848794 -11.201937 4.0662651 106
-9.4630566 -10.002334 3.7811298 107
-9.3176222 -12.609706 4.1708865 91
-9.5248289 -12.091352 4.1496019 93
-9.7159586 -11.571507 4.1144509 109
-9.9180708 -11.019045 4.067111 96
-9.163703 -13.020498 4.2523756 102
-9.3717394 -12.472216 4.2119966 97
-9.5801077 -11.942964 4.1676693 101
-9.7924128 -11.380881 4.1052122 103
-9.0131283 -13.453391 4.3419013 88
-9.2333975 -12.894552 4.2873855 99
-9.4341383 -12.318089 4.2209868 104
-9.6587601 -11.743445 4.1463861 97
-8.7466106 -13.718513 4.3779449 57
-9.0545044 -13.269557 4.3499885 88
-9.2884636 -12.71622 4.2803683 119
-9.5236416 -12.120963 4.1906166 100
-8.5483885 -14.107838 4.4577589 84
-8.7989378 -13.534073 4.376936 70
-9.1272202 -13.100837 4.3378468 84
-9.3697481 -12.490862 4.231987 101
-8.3834658 -14.586233 4.5645432 85
-8.6456709 -13.98889 4.4685502 85
-8.8964205 -13.403193 4.3656902 66
-9.2258253 -12.894091 4.2833681 94
-8.2090607 -15.079323 4.6774468 84
-8.4694319 -14.438986 4.5543427 88
-8.7034111 -13.7768 4.419404 82
-9.0733385 -13.313063 4.3378615 79
-7.8173347 -15.151402 4.6590114 66
-8.2780924 -14.891589 4.6412706 92
-8.5511742 -14.256717 4.5050721 81
-8.8545055 -13.643873 4.364675 71
-7.4655395 -15.293758 4.6684341 68
-8.0381241 -15.266603 4.7073956 91
-8.3576088 -14.681289 4.5739379 89
-8.6505852 -14.01116 4.4044652 71
-7.6191826 -16.673388 5.0520482 56
-7.5622978 -15.142002 4.6211219 89
-8.1883078 -15.195632 4.6688523 74
-8.4563484 -14.421751 4.4572959 78
-7.4115691 -17.270348 5.1985326 49
-7.3279762 -15.562184 4.7033291 38
-7.7385097 -15.132907 4.5905323 89
-8.2800045 -14.90092 4.5281692 80
-7.2639112 -18.099203 5.4161639 40
-7.4990525 -17.023392 5.1000228 74
-7.4334164 -15.377845 4.6088471 84
-8.0153446 -15.226214 4.5553637 94
-7.0521369 -18.8314 5.6041903 45
-7.2788401 -17.629375 5.2347851 52
-7.5883493 -16.762959 4.9646139 52
-7.5680633 -15.159948 4.4682188 82
-6.7937446 -19.522671 5.7823763 34
-7.1316705 -18.507299 5.4515328 38
-7.3651953 -17.339529 5.0771661 56
-7.3259072 -15.568991 4.5204611 28
-6.5258093 -20.264608 5.9757891 35
-6.9014792 -19.253531 5.6296287 36
-7.1375089 -17.965942 5.2028985 57
-7.4898324 -17.030079 4.8751559 53
-6.1878562 -20.870251 6.1295786 73
-6.6404557 -19.984694 5.803256 38
-6.9277964 -18.712818 5.3672609 37
-7.2655406 -17.642517 4.980926 58
-5.6526432 -20.71056 6.063736 56
-6.3578372 -20.760069 5.988728 39
-6.7390113 -19.626289 5.5761728 24
-7.0306454 -18.277639 5.0967841 50
-5.2571454 -21.149307 6.1754494 11
-5.8549485 -20.745489 5.9500837 64
-6.4801397 -20.42853 5.7527242 29
-6.7997279 -19.010885 5.2358913 47
-5.2621965 -23.805477 6.9350128 23
-5.4078779 -20.957716 5.9796605 31
-6.0880198 -20.85861 5.8224926 76
-6.512681 -19.658457 5.3514123 32
-4.8739448 -24.792385 7.2094107 23
-5.3946762 -23.386631 6.6428308 21
-5.5547862 -20.726332 5.7408142 61
-6.3174729 -20.766077 5.5872674 57
-4.4540744 -25.870384 7.5110273 26
-5.014636 -24.366068 6.8888288 20
-5.1547103 -21.206268 5.8308387 6
-5.8088918 -20.764597 5.5280247 65
-3.9253087 -26.375753 7.6514716 51
-4.6166663 -25.465593 7.1738858 24
-5.1618509 -23.975752 6.5479074 20
-5.3509703 -20.990538 5.5317292 40
-3.3320265 -26.40811 7.6585979 19
-4.1527958 -26.449017 7.423162 50
-4.7535324 -24.923084 6.7621722 17
-5.3475819 -23.556902 6.1477766 26
-2.9865885 -29.78451 8.6370592 12
-3.5337081 -26.309715 7.3638134 30
-4.3650813 -26.371777 7.1124935 26
-4.9578319 -24.558661 6.351439 23
-2.4203916 -31.664246 9.1852922 22
-3.1902871 -29.369381 8.2031889 14
-3.7518511 -26.348518 7.0754461 54
-4.5421886 -25.692974 6.5935359 24
-1.7194383 -31.943045 9.2843399 53
-2.6157761 -30.926332 8.6304884 16
-3.1726878 -26.652994 7.1269021 7
-4.0243626 -26.43107 6.731492 68
-1.9533303 -32.025894 8.9265032 43
-2.8013754 -30.185127 8.0380955 16
-3.3995786 -26.358057 6.6653237 48
-1.2274863 -31.971828 8.9053688 16
-2.1880798 -32.050617 8.507102 23
-3.0342977 -29.696947 7.4605026 16
0.61452895 -37.460644 10.96244 31
-0.46722707 -37.212463 10.367034 19
-1.4518863 -31.91604 8.4457169 32
1.7970893 -43.247242 12.686958 20
0.38001147 -37.497776 10.449075 43
-1.7185251 -31.978474 7.9373097 60
2.7402375 -43.019562 12.660536 28
4.2224278 -48.077744 14.199662 56
-0.13206878 -37.636829 9.2493629 45
5.3014741 -48.041512 14.248306 45
3.9693093 -48.150467 13.455307 53
0.73907226 -37.507164 9.1789055 21
6.3320384 -47.719612 14.215596 50
5.0755539 -48.177048 13.485158 43
3.7302098 -48.217628 12.648224 24
1.9821608 -43.175819 10.525902 49
7.3418751 -47.280117 14.152432 57
6.1161194 -47.783066 13.416037 55
4.862215 -48.290974 12.656673 56
7.2454705 -41.237606 12.40316 27
7.1602993 -47.394096 13.333097 48
5.9323559 -47.916794 12.57178 53
9.2877274 -46.259735 13.962719 48
7.1079211 -41.325211 11.63903 18
7.0042553 -47.50808 12.440514 53
5.6540599 -47.625462 11.484214 56
10.342617 -46.207829 14.035834 41
9.1708393 -46.447983 13.143554 52
8.0435314 -47.104237 12.364738 55
6.7432241 -47.276405 11.396769 41
11.33075 -45.803013 14.014161 47
10.219491 -46.246765 13.147223 49
9.0442705 -46.479389 12.224359 44
7.8128743 -46.887115 11.298925 17
12.310671 -45.453979 14.010359 60
11.231044 -45.905849 13.118606 40
10.079449 -46.130894 12.166473 51
8.8698788 -46.436264 11.187417 37
13.288263 -45.085766 14.000255 47
12.228385 -45.498928 13.074824 46
11.096491 -45.68512 12.094158 45
9.9252825 -46.04557 11.105252 51
14.240705 -44.66848 13.988781 49
13.239867 -45.145935 13.051781 38
12.081502 -45.183086 12.003727 42
15.226455 -44.364338 14.012811 34
14.219017 -44.727947 13.013441 48
13.099783 -44.79314 11.947052 58
16.189886 -43.969818 14.009023 53
13.267796 -38.972965 11.41874 19
14.106819 -44.41552 11.901533 61
17.160749 -43.629795 14.031244 49
16.205948 -44.018322 12.993492 51
13.311095 -39.038391 10.521756 19
18.109953 -43.231247 14.038299 51
17.206535 -43.647301 12.982467 61
16.145048 -43.722633 11.852399 35
13.330239 -39.05418 9.5278435 29
19.077055 -42.879826 14.069449 54
18.186205 -43.253651 12.97368 52
17.169733 -43.358772 11.8293 22
20.077013 -42.565422 14.118752 65
19.181086 -42.869736 12.975678 45
18.176987 -42.974308 11.800084 19
18.406725 -37.084003 12.431614 22
20.173059 -42.486813 12.977552 55
22.011744 -41.782509 14.170633 72
18.526091 -37.025532 11.427514 36
22.982119 -41.39436 14.210122 42
22.203457 -41.761135 13.024715 43
18.696854 -36.980633 10.416004 38
20.380331 -42.130737 10.56627 66
23.977566 -41.023407 14.261407 52
23.20892 -41.370449 13.047027 44
18.895967 -36.953716 9.3381491 24
24.970392 -40.648598 14.32067 55
24.230017 -40.967968 13.077247 53
22.507957 -41.31934 10.528732 32
25.721315 -39.888103 14.248783 40
25.196943 -40.489773 13.083706 44
23.565002 -40.892052 10.513591 34
23.625221 -35.041164 12.695144 70
24.676912 -40.531837 10.530401 50
23.407969 -35.318363 10.505289 26
25.760702 -40.08173 10.523221 69
21.279474 -29.75894 10.022423 31
23.719213 -35.142353 9.3355732 72
21.983376 -29.313587 10.023798 46
21.210997 -27.034395 9.3920908 16
21.692074 -28.359749 8.7997246 17
19.893492 -23.7124 9.3181896 87
19.577255 -23.90716 8.4460564 59
19.299421 -24.156584 7.6144748 44
21.136665 -27.060133 7.4914293 24
19.369474 -22.115898 8.8545895 20
19.701679 -22.99028 8.2704763 18
19.974007 -23.827372 7.6384459 35
19.62958 -23.988815 6.7430959 98
17.287123 -18.987228 7.746552 16
19.048002 -21.269171 7.7881284 24
18.989098 -21.660059 7.0649133 20
19.361002 -22.553297 6.4488721 27
17.440813 -18.337694 7.6333685 107
17.231806 -18.471298 6.8990827 87
17.347113 -18.947886 6.2975826 24
19.035675 -21.1451 6.1540518 32
17.793751 -17.894953 7.6041555 40
17.700468 -18.123327 6.9080667 31
17.605896 -18.352161 6.2230372 93
17.392298 -18.481142 5.4837542 73
17.018824 -16.422287 7.1311846 34
17.188843 -16.850294 6.5600243 23
17.694216 -17.605677 6.0941601 28
17.937223 -18.13719 5.4887447 60
16.644375 -15.393395 6.8344812 26
16.788698 -15.741084 6.2651787 27
17.260748 -16.409533 5.8068757 26
17.462252 -16.845713 5.2108097 29
16.263691 -14.405771 6.5483909 45
16.687672 -14.961569 6.0946093 42
16.841368 -15.291918 5.535152 39
16.991905 -15.638649 4.9459429 30
15.135482 -12.874149 5.9955621 90
15.125028 -13.014529 5.432045 58
15.231431 -13.25413 4.9148135 79
15.35166 -13.513363 4.3777709 20
15.589457 -12.666836 6.0520134 89
15.5485 -12.757454 5.4629507 130
15.446258 -12.810065 4.8742175 113
15.368989 -12.878586 4.2790956 104
15.635385 -12.14021 5.9549317 52
15.708309 -12.297961 5.4090991 67
15.798915 -12.468883 4.8734102 55
15.809996 -12.585494 4.2977138 67
15.375626 -11.41596 5.7576642 59
15.427942 -11.527319 5.2146373 64
15.502975 -11.664882 4.6908941 67
15.594421 -11.812084 4.1511688 54
15.114969 -10.721037 5.5682631 58
15.168558 -10.81233 5.0380311 63
15.215236 -10.899466 4.5165935 64
15.292807 -11.015745 3.9905705 58
14.871449 -10.071824 5.3926911 64
14.913836 -10.129398 4.8693938 22
14.973745 -10.207372 4.3671579 68
15.0019 -10.265792 3.8419335 55
14.639835 -9.4594107 5.2303944 60
14.667255 -9.487443 4.7147141 92
14.6979 -9.5263128 4.2150826 88
14.744807 -9.5706854 3.7066135 70
14.424121 -8.8806696 5.0774574 66
14.460007 -8.8963575 4.5768065 86
14.480576 -8.9065723 4.0850267 85
14.49418 -8.9150553 3.5821798 74
13.180398 -7.750802 4.5916939 71
13.225602 -7.7590117 4.1411495 79
13.241208 -7.7501955 3.6922755 80
13.240582 -7.7319636 3.2322137 78
2.0881884 -1.4974072 0.92763698 0
2.0948684 -1.4935418 0.83568597 10
13.488559 -7.1356425 4.5635204 82
2.2302976 -1.4800313 0.86286169 26
13.684236 -7.1365542 3.6922605 92
13.687133 -6.846066 4.5633335 80
2.3250201 -1.442878 0.87757915 32
13.662811 -6.7132974 3.6346326 75
13.642569 -6.64464 3.1732008 59
13.510024 -6.3880343 4.4492064 82
2.423636 -1.4015441 0.89331216 27
13.44827 -6.215435 3.5320315 74
13.422327 -6.1289477 3.080487 65
13.371853 -5.9637456 4.3515306 77
2.5605931 -1.3739516 0.9194271 11
13.279688 -5.7521243 3.4439721 69
13.258461 -5.6604519 3.0044613 61
13.22486 -5.546823 4.2538404 77
2.6851988 -1.3357924 0.94240338 0
13.1249 -5.3153834 3.3631451 76
13.107166 -5.2105408 2.9336174 58
13.0814 -5.1467524 4.1612358 79
12.993584 -5.003284 3.7059557 81
2.8571546 -1.2814295 0.86873943 5
12.941319 -4.7740717 2.8646832 58
12.929167 -4.7529469 4.0685639 81
12.870377 -4.6144571 3.6315532 74
2.9742744 -1.2265098 0.88658875 13
12.771797 -4.3477101 2.7977362 67
12.794538 -4.3795815 3.9851305 89
12.75347 -4.2354617 3.5602567 85
3.1356103 -1.180127 0.91486323 22
12.664241 -4.0170293 3.9047506 85
12.603751 -3.8615212 3.4846668 96
3.3450541 -1.1391056 0.95457548 11
3.4968941 -1.1384649 0.86590785 37
3.4151459 -1.1458774 1.2052306 42
3.5053396 -1.1232934 1.1039435 45
3.5320711 -1.0838362 0.98803824 53
3.6262567 -1.060133 0.88378245 49
3.5610158 -1.0859683 1.235315 52
3.6248128 -1.0492771 1.1247461 49
3.6785917 -1.0119199 1.0130867 46
3.7725418 -0.98023087 0.90580106 45
3.6604371 -1.0096246 1.2519329 46
3.7441638 -0.97126764 1.1445341 46
3.8299136 -0.93384278 1.0381564 46
3.8934934 -0.8891744 0.92255789 43
3.7979126 -0.93699712 1.2788997 45
3.8894718 -0.89338136 1.1715518 39
3.9689984 -0.84817231 1.0610921 36
3.9971862 -0.78969204 0.9361335 37
3.9281816 -0.85761189 1.3037797 44
4.0285721 -0.80870432 1.1964914 33
4.1279297 -0.75883073 1.0891907 33
4.0706382 -0.68221283 0.94541484 25
4.0653548 -0.77598822 1.3317133 36
4.1594896 -0.71829718 1.2203393 35
11.417257 -1.6135108 2.6884909 46
4.2252154 -0.58102417 0.96943396 16
11.191924 -1.6687757 3.2657318 50
11.586658 -1.5316499 3.0357287 63
11.693568 -1.3552034 2.7330492 95
4.392653 -0.47639892 0.9975549 4
11.687551 -1.4640685 3.3754127 92
11.643732 -1.2567034 3.0302944 94
11.574931 -1.0521318 2.6919663 87
11.302794 -0.83134556 2.3177867 84
11.59668 -1.1821238 3.3276477 95
11.517441 -0.96191943 2.9801724 92
11.473529 -0.75747526 2.6570642 87
11.198269 -0.5347631 2.2898502 86
11.491879 -0.90164626 3.2767644 93
11.442483 -0.68040359 2.945549 88
11.357196 -0.46431971 2.6190352 85
11.086903 -0.24340309 2.2628713 88
11.400313 -0.6297164 3.2320273 90
11.318554 -0.39753124 2.899488 89
11.248079 -0.17891242 2.5860963 82
10.967661 0.044690482 2.2338333 85
11.298896 -0.36211407 3.1862175 90
11.217895 -0.12486828 2.8626678 89
11.150074 0.10286544 2.5552678 72
10.872632 0.3246038 2.2130375 86
11.194549 -0.09660928 3.1403892 88
11.122315 0.14496838 2.8279018 88
11.028411 0.37386376 2.5242674 65
10.755809 0.59878904 2.1890686 83
11.102348 0.16331095 3.0996869 90
11.027927 0.40884557 2.7941666 88
10.910756 0.64499044 2.4923015 59
10.66007 0.86968005 2.1692965 81
11.004352 0.41703814 3.0589542 88
10.927544 0.67252648 2.7603784 86
10.78433 0.90882975 2.4612827 57
10.559353 1.139415 2.1514847 83
10.914391 0.66904074 3.0212986 91
10.819395 0.92895073 2.7265465 106
10.654097 1.1665468 2.431251 56
10.462814 1.4032921 2.1357291 79
10.797548 0.91814625 2.9794152 80
10.734184 1.1861498 2.6989143 83
10.522874 1.4242284 2.4002106 53
10.36432 1.6661016 2.1189599 76
10.725616 1.1677641 2.9489276 85
10.635178 1.4368924 2.6711857 82
10.402855 1.6742952 2.3752997 49
10.278806 1.9283531 2.1073132 75
10.643864 1.4120514 2.9173768 81
10.547107 1.6890041 2.6465516 77
10.295835 1.9237969 2.3535068 50
10.164624 2.1806533 2.0934472 74
10.568149 1.6545488 2.888885 80
10.467236 1.9343929 2.6250131 71
10.184976 2.1681767 2.3326976 45
10.069505 2.4305882 2.0827577 69
10.473595 1.8924193 2.8582423 73
10.365382 2.1800485 2.5992785 58
10.089073 2.4130607 2.3160181 45
9.9742479 2.6845257 2.0730524 56
10.38702 2.1305594 2.829669 64
10.27661 2.4221492 2.5786719 53
9.9851866 2.6576817 2.2982683 43
9.8731852 2.9322743 2.064317 55
10.304235 2.3671105 2.8028777 45
10.191644 2.6636791 2.5608339 50
9.9002056 2.8992822 2.2884076 41
9.7859268 3.1828382 2.0593946 55
10.212761 2.6031063 2.7752595 41
10.101817 2.9087603 2.5401983 51
9.7994328 3.1410291 2.2736862 44
9.1601143 3.2580583 1.9495699 57
10.136261 2.8386133 2.7537758 35
10.015118 3.148957 2.5236077 47
9.1650219 3.2088947 2.1448085 8
9.0497751 3.4845152 1.9418147 54
10.008235 3.0623872 2.7188733 38
9.9284363 3.3881612 2.5090201 47
9.070797 3.4328647 2.1342053 53
8.986865 3.7265642 1.9444278 60
9.9545012 3.3036668 2.704572 32
9.0922155 3.371191 2.3186345 42
8.996273 3.6645069 2.1307511 53
9.419652 4.1742258 2.0487483 59
9.0907965 3.2776968 2.4869704 30
9.0050898 3.5933776 2.3041 44
9.4461842 4.1067486 2.242244 43
9.3255329 4.4232502 2.0480587 62
9.0425482 3.503166 2.4767714 45
8.9328489 3.8180683 2.2946897 51
9.3641911 4.3531513 2.2376714 67
9.2373667 4.6724877 2.0524211 63
8.9596214 3.7204711 2.4582908 46
9.5450602 4.3347816 2.4483738 58
9.3195925 4.6158209 2.2443759 57
9.140234 4.9214215 2.0537043 66
9.6019602 4.2302089 2.6252697 50
9.4356947 4.5642467 2.4336157 67
9.2512484 4.8716955 2.2458916 56
9.0303726 5.1619387 2.0549023 65
9.4721537 4.4459486 2.5963762 62
9.3401155 4.7991834 2.4239607 61
9.1956282 5.1350079 2.2524948 54
8.9440556 5.4152527 2.0622659 67
9.3876781 4.6792269 2.581826 59
9.2533121 5.040421 2.417362 66
9.1231918 5.3927674 2.2579668 61
8.8663502 5.6798635 2.0726666 73
9.3041296 4.9145403 2.5682766 62
9.163414 5.2845592 2.4107251 65
9.033988 5.6439672 2.2603114 67
8.7631769 5.928628 2.0798943 76
9.2225094 5.1519227 2.555737 64
9.0823812 5.5320039 2.4081554 73
8.9426584 5.8991003 2.2626228 71
8.6686821 6.1866908 2.090167 66
9.1328545 5.3900476 2.5441225 65
8.9923964 5.7781539 2.4045098 73
8.8581371 6.1594696 2.2679763 77
8.5583782 6.4392309 2.0983171 32
9.0441999 5.6282058 2.5325162 69
8.9042416 6.0293698 2.4018626 74
8.7616911 6.41745 2.2732313 79
8.5485315 6.7651658 2.131109 26
8.962225 5.8755989 2.5239372 76
8.8111067 6.2794318 2.4011743 76
8.6759109 6.6847992 2.2825484 80
8.520793 7.0875173 2.1637535 68
8.8723879 6.1187344 2.5153027 72
8.7100754 6.5292072 2.3984566 80
8.5725355 6.9435282 2.2898133 81
8.4207077 7.365396 2.1799998 84
8.7756023 6.3625994 2.5067124 77
8.6391411 6.8020053 2.4049757 80
8.4746113 7.2134714 2.2990849 82
8.308609 7.6389027 2.195132 86
8.6903448 6.6158919 2.5021539 77
8.5308676 7.0545745 2.4051962 83
8.3746958 7.4833665 2.3103027 85
8.2100353 7.9268956 2.2162817 89
8.5971832 6.8679423 2.4964614 78
8.4303493 7.3154216 2.4074073 84
8.2696152 7.7591085 2.3214209 84
8.1015434 8.2125692 2.2373343 85
8.4959745 7.1217299 2.4896905 82
8.3218622 7.5750136 2.4105508 86
8.1644449 8.0368605 2.3355308 86
7.9936786 8.5092783 2.2603538 87
8.4190235 7.3963509 2.4920642 87
8.2267494 7.8530664 2.4177492 87
8.0667915 8.3288755 2.3526578 87
7.8769426 8.8017015 2.2843082 89
8.3106422 7.6549168 2.4872112 85
8.1188488 8.1246967 2.4238551 86
7.9484372 8.6122026 2.3666284 88
7.743495 9.0855703 2.3061414 92
8.206049 7.9176426 2.4852219 85
8.027051 8.4179573 2.4368498 87
7.8355236 8.9048376 2.3844399 89
7.2183933 8.942215 2.2207482 51
8.1074896 8.1951046 2.4861286 85
7.9074197 8.6977024 2.443588 88
7.6286135 9.1046076 2.3786774 66
6.9289684 9.0381565 2.1996555 83
7.9994507 8.472703 2.4862099 85
7.8006806 8.9934015 2.4566176 91
7.0465379 8.8831129 2.2652605 75
6.8167405 9.3437586 2.2316 91
7.8883324 8.7522097 2.4882562 85
7.4584575 9.0410709 2.4034061 54
6.898231 9.1344385 2.2770717 82
7.2604203 10.384457 2.4349515 100
7.776938 9.0397196 2.4922719 95
6.9838343 8.9252024 2.3095791 85
6.7697387 9.4204578 2.2969379 52
7.1308885 10.728539 2.4726071 99
7.3067899 8.9419794 2.3914213 52
6.8693881 9.2116556 2.3235695 85
7.2267208 10.482604 2.5023348 97
6.9959235 11.08546 2.5121686 91
6.9721785 8.972867 2.3313334 84
7.3334932 10.245958 2.5211976 107
7.1041679 10.832867 2.5351195 94
6.8568268 11.449229 2.5547781 91
6.8597879 9.2623262 2.3384473 86
7.191206 10.55551 2.536931 93
6.9625783 11.178517 2.5657334 92
6.7131224 11.824886 2.6012685 71
6.721035 9.5289164 2.33935 3
7.0664935 10.907692 2.5606496 94
6.8319716 11.554583 2.6042991 89
6.5591726 12.209238 2.6485782 54
7.1826825 10.604177 2.5347612 89
6.934741 11.261669 2.5862529 99
6.6817532 11.920005 2.6396966 78
6.4083896 12.617737 2.7028203 86
7.0533915 10.947183 2.548424 84
6.7918983 11.618287 2.6117468 87
6.5382686 12.322692 2.6820238 66
6.2557945 13.050205 2.760962 81
6.924614 11.304229 2.5660422 80
6.6589422 12.007275 2.645216 88
6.3818898 12.721959 2.7242467 88
6.0814195 13.47596 2.8179309 77
6.780993 11.656783 2.5815418 78
6.5220895 12.423163 2.6815557 67
6.2237067 13.144208 2.7733729 87
5.9098864 13.93486 2.8827648 70
6.6468196 12.05272 2.6037402 77
6.3504004 12.797937 2.7094989 85
6.0517974 13.57911 2.822084 83
5.7322836 14.414694 2.954268 70
6.5081267 12.458598 2.6290417 60
6.1880836 13.22207 2.7464721 90
5.8755012 14.029854 2.8758113 83
5.4745231 14.758686 2.9946308 90
6.3435106 12.849405 2.6495979 80
6.019032 13.655807 2.7858491 81
5.704936 14.537663 2.9388463 86
4.9956856 14.559711 2.9286795 73
6.1833954 13.272566 2.6758602 76
5.8425059 14.115541 2.8288159 85
5.3770828 14.708165 2.9355536 89
4.6963406 14.807203 2.9541321 86
6.0178704 13.715482 2.7057977 85
5.6690769 14.615292 2.8814707 92
4.9132004 14.54069 2.8680024 85
4.8836322 16.481318 3.2648294 70
5.8227663 14.137506 2.7315812 82
5.2892623 14.661974 2.8449452 89
4.6672974 14.924261 2.9108732 80
4.6641397 17.127134 3.3719428 71
5.6637044 14.67602 2.7795258 84
4.8566942 14.56976 2.7846322 87
4.8512912 16.619324 3.2084901 82
4.4089279 17.751543 3.472574 71
5.225255 14.582417 2.7070668 79
4.6106987 14.95491 2.8153408 48
4.615428 17.236099 3.2922626 93
4.1530685 18.450872 3.5887973 27
4.8250971 14.564999 2.6506255 84
4.8157129 16.731617 3.1048856 94
4.361064 17.863544 3.379895 80
3.8639228 19.149431 3.7056596 52
4.6010184 15.015215 2.6819613 24
4.5731182 17.341352 3.175216 77
4.1118393 18.609285 3.4895964 49
3.5729351 19.945885 3.8430381 53
4.8092217 16.817923 2.9502883 67
4.3201494 17.990843 3.2516956 66
3.8214133 19.326693 3.5954454 64
3.1704674 20.33729 3.9059987 98
4.5635481 17.436485 3.005847 61
4.06496 18.7383 3.3457341 62
3.5188904 20.106752 3.7119746 69
2.6632783 20.220671 3.8698223 91
4.3029604 18.073639 3.0649638 25
3.7720234 19.470564 3.4373491 58
3.0672414 20.268187 3.7182181 105
2.490042 22.300608 4.2586799 34
4.0487494 18.848129 3.1436946 52
3.4646969 20.268444 3.5384843 87
2.5907071 20.32975 3.7053969 67
2.0881224 23.278795 4.4365387 28
3.7548349 19.615307 3.2182381 47
2.9662821 20.220085 3.4930136 111
2.4440093 22.696815 4.1126156 25
1.6502815 24.340899 4.6321239 19
3.4208119 20.321005 3.2830954 92
2.5189252 20.462646 3.498544 39
2.0195761 23.607115 4.2528629 21
1.1700073 25.424765 4.8328156 95
2.902627 20.177902 3.2129471 86
2.4036047 23.181063 3.9247925 35
1.5732546 24.76396 4.4387522 28
0.59449238 25.587286 4.8621087 58
2.4723523 20.559164 3.2267513 18
1.9533336 24.030306 4.0347519 26
1.0406542 25.347321 4.5249286 107
0.0072027026 25.700396 4.8834605 109
2.3516424 23.353296 3.6157088 36
1.4734554 25.046841 4.1692176 32
0.47253072 25.753218 4.5849118 63
-0.58317727 25.471767 4.8444076 124
1.9192969 24.540371 3.7501237 25
0.90245003 25.292406 4.1794724 86
-0.13198239 25.561295 4.5352845 102
-1.1601329 25.25878 4.8121552 92
1.412938 25.438593 3.8383489 92
0.33044675 25.706034 4.2176795 84
-0.72126782 25.330698 4.4825826 122
-1.7312654 25.048885 4.7775283 122
0.80451941 25.314545 3.7763505 63
-0.27864152 25.468891 4.1501927 109
-1.2999438 25.099674 4.4330788 103
-2.2905383 24.836618 4.7481065 97
0.21904567 25.772892 3.7999949 98
-0.86962128 25.233385 4.0892076 127
-1.8724614 24.882799 4.3875098 86
-2.8393006 24.616554 4.7187967 109
-0.39287275 25.532658 3.7244177 92
-1.4565303 24.991001 4.0267973 115
-2.4299343 24.654444 4.3452687 101
-3.3871131 24.425596 4.6955018 118
-0.99417168 25.307741 3.6547945 92
-2.0278955 24.792171 3.9763904 123
-2.9823704 24.452311 4.3089609 131
-3.8159044 23.411516 4.5193567 104
-1.5909915 25.089111 3.5876563 91
-2.5918348 24.57366 3.9256563 108
-3.5342302 24.259235 4.2752972 109
-4.4438329 23.974991 4.6482902 62
-2.1694045 24.831028 3.5220261 95
-3.1553488 24.375137 3.8789907 117
-3.9704158 23.313976 4.1135001 100
-4.9780917 23.81852 4.6397448 103
-2.7418902 24.604109 3.4621499 119
-3.6172121 23.451065 3.7233112 24
-4.6087384 23.846987 4.2126603 125
-5.4963861 23.623686 4.6251416 108
-3.3142779 24.400278 3.4056337 95
-4.1576891 23.341503 3.6964943 71
-5.135756 23.655853 4.1855249 132
-6.0096626 23.42906 4.613462 105
-3.7655315 23.348497 3.2358491 98
-4.7973342 23.797401 3.7611587 131
-5.6562223 23.453964 4.1626854 100
-6.5242076 23.242405 4.6046033 110
-4.4261732 23.983707 3.3047054 77
-5.3322043 23.599771 3.7279871 132
-6.1817393 23.268673 4.1434793 97
-7.0333056 23.059963 4.6017852 109
-4.9775972 23.76502 3.2547393 102
-5.8635397 23.411901 3.6960707 111
-6.6981168 23.082413 4.1257772 94
-7.5337677 22.86014 4.5947475 87
-5.5211725 23.559298 3.2110341 106
-6.3998604 23.225471 3.6653833 109
-7.2067947 22.873907 4.1054139 103
-8.0442972 22.681137 4.5914121 99
-6.0659194 23.368881 3.1704984 92
-6.9234343 23.023129 3.6347456 112
-7.7284365 22.699749 4.0887365 90
-8.5513 22.512222 4.5924807 110
-6.608366 23.163513 3.1273472 87
-7.4519529 22.845036 3.6110361 107
-8.2340708 22.497602 4.0759735 100
-9.0479069 22.303438 4.5894117 98
-7.1471081 22.972122 3.0919471 106
-7.9751434 22.640265 3.5845151 122
-8.74858 22.324156 4.0675149 103
-9.2841301 21.454062 4.45579 20
-7.6867733 22.778318 3.0666478 78
-8.5031395 22.453623 3.5704768 96
-9.262373 22.128962 4.064075 92
-9.7497606 21.222252 4.4579988 70
-8.2198 22.564058 3.0318248 82
-9.0199518 22.25808 3.5556347 120
-9.4968719 21.272524 3.9378426 96
-10.558113 21.749962 4.617671 96
-8.7572889 22.378504 3.0074711 82
-9.2654047 21.362614 3.4248109 45
-10.275278 21.743851 4.0575256 103
-11.059078 21.568636 4.6301455 99
-9.2920513 22.173746 2.9787242 83
-9.758194 21.147812 3.4077551 14
-10.796062 21.564003 4.056911 103
-11.559562 21.37649 4.6417542 89
-9.499258 21.184469 2.8476574 87
-10.582182 21.663351 3.50827 104
-11.312435 21.382914 4.0582023 103
-12.072108 21.190845 4.6531529 106
-10.359656 21.773624 2.9313917 76
-11.100388 21.444921 3.4934113 111
-11.826856 21.191572 4.0596628 107
-12.573055 20.991024 4.6673775 107
-10.901186 21.570234 2.9093182 98
-11.62851 21.252007 3.4849226 103
-12.354093 21.005842 4.0651875 108
-13.087568 20.807674 4.687099 102
-11.433196 21.355164 2.8897061 95
-12.146482 21.037441 3.4784241 104
-12.878064 20.819225 4.0735383 103
-13.602262 20.609381 4.7058539 106
-11.971171 21.143898 2.874577 80
-12.679745 20.831366 3.4734223 92
-13.414578 20.643047 4.0895648 111
-14.136111 20.440401 4.7356291 91
-12.527865 20.949959 2.8621209 105
-13.210817 20.624529 3.4723415 90
-13.952177 20.44911 4.1023178 111
-14.643042 20.221394 4.7569509 118
-13.078004 20.744364 2.8520555 98
-13.739145 20.405903 3.472044 99
-14.497189 20.26465 4.1225109 91
-15.174659 20.024866 4.7892604 97
-13.636311 20.543856 2.8480237 87
-14.297477 20.212017 3.4794147 117
-15.027581 20.054623 4.1363235 98
-15.223409 19.186104 4.662858 150
-14.197321 20.330187 2.8406091 103
-14.84084 19.998024 3.4811494 81
-15.082439 19.181093 4.0140924 103
-16.265518 19.646921 4.8565969 89
-14.768869 20.121862 2.8371747 103
-14.970351 19.202204 3.3879235 97
-16.148705 19.65789 4.1796327 87
-16.823605 19.445042 4.8924694 73
-14.873553 19.263588 2.7447848 61
-15.966333 19.572262 3.5028217 111
-16.70232 19.430592 4.2016363 105
-17.366344 19.221313 4.9273591 97
-15.421634 19.023239 2.7418182 5
-16.537584 19.353014 3.5161924 95
-17.283398 19.229013 4.2319608 75
-17.944881 19.026815 4.9757781 103
-16.51898 19.457796 2.8419621 88
-17.131063 19.139093 3.5323045 114
-17.860672 19.007763 4.2612104 80
-18.524372 18.808577 5.0179825 86
-17.123972 19.234558 2.8489602 98
-17.740871 18.934723 3.5543108 100
-18.458059 18.785782 4.2934008 83
-19.111115 18.589861 5.0653934 81
-17.740511 18.995398 2.8540444 99
-18.347462 18.699604 3.5742185 80
-19.062847 18.551661 4.3231602 83
-19.712275 18.360861 5.1109591 72
-18.390394 18.782621 2.8671317 66
-18.974087 18.471008 3.5976508 81
-19.688229 18.333998 4.3666406 78
-20.048553 17.882162 5.0918818 35
-19.002359 18.524639 2.8789256 79
-19.616791 18.25404 3.6283853 76
-20.003134 17.809484 4.3366451 23
-20.339054 17.366247 5.0651355 70
-19.681318 18.296028 2.8984711 66
-19.923122 17.697367 3.5976887 29
-20.351292 17.318895 4.3183007 65
-20.451221 16.695547 4.9922509 31
-19.823156 17.560349 2.8431542 31
-20.372097 17.274025 3.5999627 38
-20.367352 16.558996 4.2404928 25
-20.040035 15.635928 4.8046532 39
-20.41246 17.24357 2.8589661 71
-19.959538 16.125906 3.4443426 22
-19.950256 15.468678 4.0669632 23
-19.65328 14.64748 4.6273646 55
-20.187683 16.228542 2.7561796 22
-19.511347 15.018756 3.2938969 26
-19.431957 14.368024 3.8830919 21
-18.098372 12.847858 4.1747117 50
-21.955036 16.848635 2.9412277 41
-19.169449 14.041161 3.1689622 21
-17.964653 12.626101 3.5162072 46
-18.219072 12.346529 4.1379738 74
-22.667484 16.562769 2.9729085 35
-17.882853 12.436506 2.8904276 52
-18.311235 12.271287 3.5223176 116
-18.647503 12.069094 4.1724038 75
-17.952888 12.352872 2.2845616 68
-18.39122 12.185382 2.9226274 90
-18.253515 11.649673 3.4518666 56
-18.365084 11.320373 4.0431404 58
-18.524929 12.121728 2.314625 87
-19.133263 12.066018 2.9905312 66
-17.96953 10.903995 3.3348999 76
-18.040298 10.581947 3.9015532 67
-19.388601 12.057121 2.3715763 5
-19.750814 11.841055 3.0292263 92
-17.695023 10.19418 3.2316253 79
-17.62727 9.8269672 3.756999 62
-20.008627 11.797932 2.4098284 6
-20.439991 11.6364 3.0933554 27
-17.494312 9.5619612 3.1483414 48
-17.334412 9.1714973 3.6426787 74
-20.94586 11.706677 2.4857512 5
-18.415756 9.8830929 2.7350843 4
-17.384314 9.0060282 3.0881894 10
-17.104485 8.5833454 3.5536115 80
-21.390919 11.307182 2.5123885 16
-18.151695 9.2066898 2.6632299 3
-17.508192 8.582799 3.0796506 3
-16.891058 8.0259819 3.4713774 82
-20.445322 10.170209 2.3669088 4
-18.621916 8.9266911 2.7030449 4
-15.96251 7.3617005 2.7605882 11
-15.88109 7.1119928 3.2151864 80
-15.923167 7.3761621 1.7987926 3
-15.868239 7.1105537 2.2562795 79
-15.79276 6.8635511 2.6968663 96
-15.96116 6.749023 3.194947 78
-15.715889 6.8282819 1.7526178 78
-15.923014 6.7074928 2.23839 94
-16.18943 6.6228566 2.7355423 95
-16.429634 6.5496593 3.2568552 86
-16.126045 6.5695829 1.7782311 81
-16.453197 6.5019984 2.2887926 84
-16.681654 6.4104981 2.7916217 76
-16.63582 6.2286735 3.2630579 61
-24.239038 9.365489 2.6889939 9
-19.318316 7.1801066 2.6790462 5
-16.557293 5.946043 2.7421947 1
-17.714729 6.2243886 3.4516461 78
-26.212072 9.4306593 2.8800182 31
-19.140823 6.6174445 2.6244817 6
-17.037245 5.7031116 2.7954588 7
-18.306917 6.006958 3.5362234 84
-26.91456 8.975997 2.9333837 36
-18.90502 6.0564895 2.5677888 4
-17.433706 5.4211373 2.8372574 8
-16.615589 5.0418844 3.1665082 1
-26.724304 8.2124538 2.8882487 64
-23.233154 6.9134531 3.1502461 97
-19.369818 5.5877314 3.1364329 78
-16.428902 4.6090193 3.0986681 6
-26.432144 7.4357319 2.8289917 68
-20.338383 5.5262008 2.7242284 5
-15.544402 4.0752492 2.4737394 7
-15.571846 4.0090628 2.9087696 99
-15.477029 3.8829682 1.6179732 89
-15.453976 3.7773128 2.0305717 95
-15.441566 3.692306 2.4390044 110
-15.434896 3.6271663 2.8583159 92
-15.332293 3.4704115 1.5936992 91
-15.311701 3.3806565 1.999218 100
-15.296502 3.3047051 2.3976402 111
-15.293357 3.2574325 2.8098557 99
-15.188933 3.0688226 1.5713738 78
-15.16573 2.9931281 1.9688621 97
-15.15799 2.9329143 2.3601632 105
-15.141128 2.897054 2.7624512 98
-15.005566 2.6685185 1.5453789 61
-15.027201 2.6183708 1.940397 100
-15.016785 2.5702188 2.3236756 114
-15.025428 2.5505216 2.7216902 110
-14.873093 2.2926066 1.5278682 46
-14.88283 2.2488015 1.910962 118
-14.888998 2.2191079 2.2910335 109
-14.894797 2.2075019 2.6790709 103
-14.769053 1.9288071 1.5140884 20
-14.740922 1.8921752 1.8864568 111
-13.862805 1.7535192 2.1143222 4
-14.711284 1.8681194 2.6287417 122
-13.696878 1.4651444 1.3980002 101
-13.695992 1.4454914 1.7421215 101
-13.70855 1.4394574 2.0830617 101
-13.724762 1.451351 2.4329059 102
-13.563041 1.1372651 1.3843616 96
-13.5976 1.1312524 1.7246056 94
-13.633442 1.134256 2.0609827 88
-13.632938 1.1566234 2.4029179 85
-14.24024 0.86607617 1.456549 64
-14.264428 0.87163264 1.8087839 76
-14.301876 0.88473153 2.1590254 86
-14.28794 0.91637957 2.5136924 63
-14.198139 0.53653526 1.4554974 102
-14.217427 0.55120558 1.8032511 102
-14.228895 0.57110876 2.1429889 108
-14.268491 0.61744535 2.4975901 103
-14.06738 0.20744781 1.4425528 104
-14.088912 0.22914948 1.7825599 103
-14.116812 0.26363298 2.1193426 104
-14.150408 0.31581458 2.4647484 106
-13.955898 -0.11219047 1.4357696 102
-13.983684 -0.080741435 1.7693863 102
-13.999677 -0.04093346 2.0961151 103
-14.038612 0.024191657 2.43556 101
-13.826404 -0.42794436 1.4237535 101
-13.865455 -0.3887206 1.7520283 102
-13.8929 -0.33606178 2.0742314 100
-13.929815 -0.26586831 2.4064345 103
-13.717166 -0.73612952 1.4207968 106
-13.734419 -0.68638599 1.7394793 100
-13.777934 -0.6285004 2.0559118 101
-13.827285 -0.54774857 2.3832109 98
-13.590075 -1.0421354 1.4149839 101
-13.627633 -0.98206657 1.7284577 102
-13.669359 -0.91614252 2.0388751 99
-13.718822 -0.82943124 2.3561511 97
-13.475224 -1.3415288 1.4110442 100
-13.516024 -1.272585 1.7184578 100
-13.555943 -1.1986295 2.0208602 97
-13.613685 -1.1022016 2.3330305 98
-13.364512 -1.6370522 1.4080559 101
-13.388474 -1.5605918 1.7065827 97
-13.451655 -1.4783967 2.0067594 100
-13.511491 -1.3770663 2.3108938 99
-13.236007 -1.9259942 1.4051927 100
-13.301025 -1.8478762 1.7013689 99
-13.340381 -1.7569488 1.989713 100
-13.394519 -1.6444548 2.2868533 96
-13.142388 -2.2200577 1.4060564 100
-13.185791 -2.1272442 1.6933789 129
-13.238299 -2.0307584 1.9775907 97
-13.299606 -1.9115385 2.2676308 100
-13.038013 -2.5067785 1.4079723 99
-13.067616 -2.4065571 1.6853007 121
-13.135324 -2.3025086 1.9653926 99
-13.195708 -2.1771905 2.2475014 99
-12.929605 -2.7921207 1.4090387 100
-12.969408 -2.6821778 1.6823765 124
-13.031174 -2.5740221 1.9534931 95
-13.094865 -2.4389136 2.2294812 101
-12.820334 -3.0735919 1.4111085 99
-12.86428 -2.9588888 1.6783373 126
-12.914448 -2.8363986 1.9414849 125
-12.997183 -2.6989264 2.2123044 98
-12.721127 -3.3554821 1.4160278 99
-12.759298 -3.231617 1.6752703 135
-12.824586 -3.1046312 1.9342746 123
-12.88953 -2.9576194 2.1942072 100
-12.606121 -3.630856 1.4210563 98
-12.656433 -3.5014064 1.6751907 134
-12.719798 -3.3693967 1.9252105 123
-12.793944 -3.214705 2.1800556 99
-12.500947 -3.9105768 1.4260912 101
-12.556502 -3.7723131 1.675153 87
-12.615123 -3.6311586 1.9181366 126
-12.699311 -3.4738133 2.1658766 99
-12.391986 -4.1851439 1.4330933 110
-12.444633 -4.0418153 1.6731608 132
-12.519322 -3.8972046 1.912039 132
-12.593853 -3.7265902 2.1508622 67
-11.539114 -4.1738205 1.3473687 121
-11.607467 -4.0350928 1.5693665 128
-12.419642 -4.1591883 1.90716 105
-12.506172 -3.9869936 2.1398909 98
-11.447592 -4.435008 1.3563967 127
-11.508144 -4.2880526 1.5714301 120
-11.579816 -4.1364727 1.7823561 127
-11.66199 -3.9692323 1.9921383 125
-12.253564 -5.0950794 1.4824703 71
-11.39904 -4.5336266 1.5725032 36
-11.489697 -4.3826485 1.779197 126
-11.563207 -4.2041149 1.9819306 128
-12.141597 -5.3724399 1.4934522 65
-12.279193 -5.2289157 1.7217953 1
-12.216541 -4.9879847 1.9134326 10
-11.473328 -4.4423308 1.9725647 122
-12.04172 -5.6608009 1.5050195 61
-12.136281 -5.4849076 1.721584 1
-12.132142 -5.2608824 1.9127959 5
-12.118932 -5.0065708 2.0979722 101
-11.940458 -5.947566 1.5189224 46
-12.062738 -5.7795668 1.7313101 1
-12.083714 -5.5523677 1.9222894 4
-12.018413 -5.2644367 2.0887618 99
-11.802798 -6.214169 1.529043 24
-17.21394 -8.9042187 2.5535505 14
-11.997636 -5.8316035 1.9239954 2
-11.913068 -5.5169802 2.0806174 97
-16.950811 -9.6328087 2.284745 28
-11.680364 -6.2410717 1.7203733 3
-17.187847 -9.0058498 2.8385804 20
-11.80947 -5.7746053 2.0716028 95
-16.758615 -10.039576 2.3060198 10
-16.908813 -9.7361879 2.5806675 8
-11.789708 -6.3758445 1.9270288 1
-11.715833 -6.0367007 2.0674069 88
-16.62031 -10.484178 2.3359025 10
-16.7876 -10.17637 2.6033902 7
-16.894127 -9.8236551 2.8482184 13
-11.617159 -6.2996373 2.0622575 70
-16.461039 -10.927101 2.3649561 15
-16.576929 -10.563683 2.6126969 5
-16.751587 -10.238205 2.8570862 10
-11.522367 -6.5657105 2.0591493 48
-11.136128 -7.5885487 1.6011964 17
-16.444365 -11.012537 2.6356735 8
-16.578434 -10.639764 2.862139 11
-11.393032 -6.8166628 2.0512388 37
-11.001106 -7.8672309 1.6184419 61
-11.11801 -7.6342745 1.7746391 68
-16.433355 -11.07123 2.8731627 12
-11.314721 -7.1002722 2.0531178 27
-10.902934 -8.1831322 1.6446307 61
-10.998634 -7.921545 1.7869264 95
-11.09841 -7.6561131 1.9231762 95
-11.253731 -7.4054937 2.0590222 9
-10.725667 -8.4355154 1.6582812 8
-10.88025 -8.2098494 1.8032252 85
-10.992015 -7.9428387 1.9313731 101
-11.118231 -7.6603184 2.0523467 96
-10.6466 -8.7800636 1.6894459 33
-10.696351 -8.4489727 1.8078169 18
-10.887548 -8.2345114 1.942441 98
-11.000392 -7.9305654 2.0503805 105
-10.532446 -9.0993166 1.7175678 33
-10.671314 -8.8291769 1.8424286 57
-10.679409 -8.4488697 1.9329616 38
-10.898063 -8.2163572 2.0533013 104
-10.409267 -9.4173498 1.7457829 39
-10.540567 -9.1309996 1.8596455 58
-10.666147 -8.833497 1.9635136 74
-10.705642 -8.4372654 2.0377266 38
-10.281938 -9.7402487 1.7750511 54
-10.42436 -9.448288 1.8808004 60
-10.552294 -9.1378851 1.9766006 78
-10.677979 -8.800457 2.0573187 84
-9.7126751 -9.6018858 1.7222624 37
-10.304019 -9.7704325 1.9050084 74
-10.432208 -9.4490805 1.9887651 74
-10.560297 -9.0967607 2.059407 83
-3.8776214 -3.4996464 0.62186676 1
-9.7348356 -9.6261263 1.8381958 57
-10.308982 -9.7651682 2.0029745 96
-10.45219 -9.4073677 2.0654705 81
-3.6899784 -3.4495916 0.60423976 29
-9.4608278 -9.7733221 1.830025 100
-9.7759008 -9.6480656 1.9319637 58
-10.337064 -9.7187443 2.0725958 89
-3.5210984 -3.4081354 0.59048939 27
-9.3211327 -10.074838 1.8523177 104
-9.4702072 -9.7512627 1.9078535 100
-9.834137 -9.6286364 1.9953583 61
-9.6326399 -11.510247 1.9549621 90
-3.5138433 -3.3907671 0.61648995 27
-9.3402548 -10.059117 1.9230866 104
-9.4993515 -9.6979446 1.9544126 100
-9.4886312 -11.887584 1.9966019 101
-3.3481672 -3.3434334 0.59765971 30
-3.5251143 -3.3890359 0.63736266 1
-9.368659 -9.9977942 1.9595536 103
-9.3423586 -12.276821 2.0412097 100
-3.2155697 -3.326164 0.58568066 1
-3.3632977 -3.3448396 0.61652762 37
-9.8336811 -11.028809 2.1045103 104
-9.3655186 -12.260247 2.1099417 96
-3.2181547 -3.311183 0.59759945 27
-3.3943074 -3.3477931 0.6272772 19
-1.2888188 -0.83113092 0.14036034 1
-9.2044201 -12.640059 2.1436698 103
-9.3835955 -12.206624 2.1455874 100
-3.2413898 -3.3039083 0.60340762 40
-1.2551368 -0.82004356 0.1375979 3
-9.0282593 -13.020414 2.1775382 71
-9.2322273 -12.590829 2.1712866 108
-9.4293766 -12.117112 2.1449904 94
-1.2195684 -0.80388778 0.13484094 3
-9.054635 -12.951152 2.1950932 86
-9.2763252 -12.493232 2.1585577 100
-1.1974125 -0.80817932 0.13403501 4
-1.2340484 -0.82135159 0.13978086 1
-9.1209106 -12.878304 2.1752665 92
-1.1828055 -0.82670772 0.13622494 3
-1.2118104 -0.82763749 0.13898844 2
-1.2428057 -0.82863557 0.14073563 0
-1.1578608 -0.8239013 0.13542129 3
-1.1962609 -0.84413713 0.14017861 2
-1.222437 -0.83898342 0.13994278 2
-1.2583325 -0.84314233 0.14166108 2
-1.1244471 -0.80382288 0.13162364 4
-1.1580276 -0.81790787 0.13439795 3
-1.1917621 -0.82699877 0.13615245 3
-1.2199612 -0.82091385 0.13489634 4
-1.098721 -0.79399228 0.12980048 4
-1.1247351 -0.79383576 0.12958451 4
-1.1573727 -0.80589283 0.13135906 4
-1.1940002 -0.81808263 0.13210095 5
-1.0859839 -0.8165828 0.13199012 5
-1.1082832 -0.80730593 0.13077107 3
-1.1268841 -0.78791469 0.12654497 4
-1.1577576 -0.79192162 0.1253041 5
-1.060258 -0.80675226 0.13016702 5
-1.090856 -0.81974775 0.13096188 3
-1.113204 -0.80847842 0.12773488 4
-1.1394202 -0.80133617 0.12449112 5
-1.031849 -0.78683394 0.12732878 5
-1.0660648 -0.81194824 0.12913857 5
-1.0949398 -0.81589001 0.12791397 5
-1.1210825 -0.81075078 0.12367821 6
-1.0199907 -0.81345153 0.13052617 5
-1.0367697 -0.78800637 0.12429266 4
-1.0682623 -0.8040356 0.12409123 5
-1.0972173 -0.80498719 0.12085478 6
-0.99905157 -0.81077224 0.13069014 5
-1.0230979 -0.80856699 0.12648265 4
-1.0380001 -0.77906227 0.11924951 4
-1.0686622 -0.78907388 0.11603254 5
-0.97273028 -0.78792483 0.12682381 5
-1.001184 -0.80485946 0.12565084 4
-1.0234176 -0.79659545 0.12043582 6
-1.0541369 -0.80461168 0.11621086 6
-0.95897013 -0.81147987 0.13002574 5
-0.97576505 -0.78504258 0.12178827 4
-1.0006495 -0.78786582 0.1175924 7
-1.024841 -0.78067052 0.11136507 9
-0.93890077 -0.8128314 0.13019758 5
-0.96468759 -0.81868625 0.12600544 4
-0.98160356 -0.78825414 0.1167521 5
-1.0021046 -0.7709412 0.10851772 7
-0.91545653 -0.79407495 0.12732269 5
-0.93943036 -0.793872 0.12212308 5
-0.96336353 -0.79467154 0.11592748 7
-0.98576599 -0.78042203 0.1076887 9
-0.90076208 -0.81559914 0.13052493 5
-0.91860414 -0.78720212 0.12027139 4
-0.94253695 -0.78800255 0.1140758 5
-0.96577758 -0.77878267 0.10584868 9
-0.87991148 -0.80992651 0.12967728 5
-0.90634203 -0.82680762 0.12552063 5
-0.92437023 -0.79241699 0.11424324 7
-0.94494313 -0.77211696 0.10299702 7
-0.86025548 -0.79828858 0.12879753 5
-0.88136715 -0.79300207 0.12060267 4
-0.90447843 -0.78778011 0.11239141 7
-0.92854816 -0.7835936 0.10317601 10
-0.84593809 -0.83982372 0.1350711 6
-0.86489242 -0.80746913 0.12279351 6
-0.88546532 -0.7871691 0.11154728 7
-0.90684366 -0.77289796 0.1003167 8
-0.82387269 -0.8091107 0.13114059 5
-0.8491016 -0.83195972 0.12601599 5
-0.86810362 -0.79761332 0.11173051 8
-0.89048094 -0.78337508 0.10049178 11
-0.80558455 -0.8175208 0.13232411 8
-0.82687414 -0.80624497 0.1221054 6
-0.84915483 -0.79500431 0.11087854 6
-0.87158853 -0.77877021 0.098631874 9
-0.78758514 -0.84893626 0.13759074 6
-0.80867475 -0.81165975 0.12227703 7
-0.83098775 -0.79941958 0.11104618 8
-0.8526082 -0.77715999 0.097783804 9
-0.76751858 -0.81828845 0.133644 5
-0.78966993 -0.81104565 0.12243301 5
-0.811845 -0.80280739 0.11021812 7
-0.8350845 -0.79260242 0.097987048 12
-0.74878258 -0.8267507 0.13485289 8
-0.77120614 -0.81051797 0.12160554 7
-0.79266214 -0.79325354 0.10836242 7
-0.81502104 -0.77901977 0.095123023 8
-0.72981977 -0.85713714 0.14012432 6
-0.75176626 -0.82389277 0.12381767 7
-0.77412516 -0.809659 0.11057827 10
-0.79756391 -0.79246616 0.095318757 13
-0.71007323 -0.84849894 0.14025724 6
-0.73235959 -0.83626741 0.1260258 5
-0.7552408 -0.80505401 0.10971888 7
-0.77936471 -0.79788417 0.095490925 10
-0.6913178 -0.83989584 0.13938199 10
-0.71494097 -0.81670976 0.12309868 7
-0.73722696 -0.80447912 0.10886725 8
-0.76072127 -0.78529114 0.092599824 10
-0.67085534 -0.85423422 0.14260636 10
-0.6953727 -0.83408284 0.1253268 8
-0.71859419 -0.82388252 0.11109507 10
-0.74204755 -0.80569798 0.093831688 13
-0.64941716 -0.86754507 0.14483505 6
-0.67640013 -0.83247334 0.12547943 6
-0.69983011 -0.81528342 0.10921992 7
-0.72437984 -0.79413253 0.091936335 9
-0.63200688 -0.84798437 0.14290799 10
-0.65636384 -0.83282983 0.12564825 7
-0.6808812 -0.81267846 0.10836864 9
-0.70533431 -0.79452509 0.091096953 10
-0.60948145 -0.86425775 0.1461568 10
-0.63495803 -0.84514117 0.12787299 8
-0.6592499 -0.83198541 0.11062122 11
-0.68450922 -0.81986141 0.093365185 14
-0.58836573 -0.8675735 0.14834577 11
-0.61601734 -0.84253204 0.12802176 7
-0.64167833 -0.81742227 0.10871408 8
-0.66580939 -0.80926424 0.091482162 11
-0.5683378 -0.8679269 0.14951469 10
-0.59598112 -0.84288961 0.12819067 7
-0.62145728 -0.82377285 0.10990681 9
-0.64689237 -0.80565959 0.090627 12
-0.5472458 -0.8702482 0.15069981 11
-0.57367247 -0.85217029 0.1304118 8
-0.59791553 -0.84002131 0.11116402 12
-0.624125 -0.82893699 0.091903821 15
-0.52290654 -0.88046443 0.15294139 12
-0.55254823 -0.8554911 0.13160093 8
-0.57784659 -0.84137923 0.11133702 10
-0.60414439 -0.82729942 0.091064885 14
-0.49745589 -0.89463854 0.15720703 10
-0.53048092 -0.85678405 0.13179035 8
-0.5601545 -0.83081102 0.11044589 9
-0.58657289 -0.81273621 0.089157835 11
-0.47764438 -0.88800114 0.15734832 10
-0.51054132 -0.85414296 0.13194746 8
-0.53683829 -0.84006387 0.11167537 11
-0.5630312 -0.82898575 0.090415165 15
-0.45453003 -0.89125383 0.15955395 10
-0.48842549 -0.85742843 0.1341449 8
-0.51249117 -0.85028338 0.11291701 12
-0.53967446 -0.83924222 0.090648688 16
-0.42276931 -0.9152267 0.16490878 8
-0.46199092 -0.87057912 0.13641499 8
-0.49151945 -0.84861064 0.11308641 10
-0.51985502 -0.83260709 0.089789942 13
-0.39977559 -0.91448551 0.16609859 8
-0.43893254 -0.8718369 0.13761275 8
-0.47060376 -0.84494293 0.11224792 8
-0.50000298 -0.82697231 0.088935278 12
-0.37469438 -0.91667438 0.16831681 8
-0.41590607 -0.87209493 0.13880658 8
-0.44635245 -0.85216564 0.11347783 11
-0.47683936 -0.83123267 0.089145027 14
-0.34531096 -0.92872238 0.17260762 7
-0.39400709 -0.86840028 0.13898198 8
-0.42229337 -0.85442668 0.11471123 11
-0.44945124 -0.84441805 0.090463735 16
-0.31719673 -0.93490565 0.17593086 7
-0.36679783 -0.87762886 0.14131303 9
-0.39822507 -0.85873818 0.11597577 9
-0.42639631 -0.84774643 0.090695143 16
-0.29019094 -0.93708545 0.17817336 7
-0.33959338 -0.88578027 0.14356643 8
-0.37208375 -0.86489135 0.11721892 9
-0.40240631 -0.84893918 0.089907594 15
-0.26111969 -0.94206852 0.18145154 8
-0.31467742 -0.88587314 0.14579496 9
-0.34393552 -0.8718887 0.11849978 9
-0.37955961 -0.84611332 0.090105489 14
-0.22777615 -0.95492327 0.18579434 8
-0.28663659 -0.88991231 0.14707318 9
-0.31901509 -0.87204635 0.11873952 9
-0.35142988 -0.85218936 0.090390734 14
-0.19780423 -0.95692772 0.18908331 8
-0.25646207 -0.8959378 0.1493592 9
-0.28983599 -0.87711459 0.12000605 9
-0.32533714 -0.85435838 0.090620279 14
-0.16328804 -0.96577591 0.19325702 8
-0.2260408 -0.90192533 0.15249553 9
-0.26253107 -0.87921399 0.12110602 10
-0.29691097 -0.86042756 0.091748685 14
-0.12803635 -0.97363305 0.19758123 8
-0.1948663 -0.90692025 0.15477502 9
-0.23238866 -0.88324064 0.12337323 10
-0.26887852 -0.86052912 0.091983691 14
-0.086538374 -0.98928964 0.20298661 7
-0.16163702 -0.91384608 0.15807888 9
-0.20330127 -0.88530529 0.12462441 10
-0.23862222 -0.86756241 0.092263006 14
-0.050319642 -0.99611527 0.20731518 3
-0.1127657 -0.94126654 0.16458941 8
-0.17321448 -0.88733792 0.12588383 10
-0.19800229 -0.88626009 0.094672166 16
0.0014363148 -1.0204338 0.21583846 1
-0.074442998 -0.95103067 0.16794643 9
-0.13166769 -0.9040013 0.12929331 11
-0.16697215 -0.8862657 0.094931938 12
-0.040399265 -0.95193136 0.17023484 9
-0.094432265 -0.91080284 0.13163024 11
-0.13066359 -0.89510155 0.096268594 12
0.007127292 -0.96839505 0.17569372 9
-0.05307037 -0.92147315 0.13401601 12
-0.096602537 -0.89601022 0.096557125 12
19.615341 -24.074953 5.2122421 72
0.04722894 -0.97213185 0.17906831 14
-0.012855459 -0.92924404 0.13642958 12
-0.055314142 -0.90677899 0.099012919 12
19.987871 -23.445057 5.1713533 19
0.097623415 -0.98761767 0.18462451 14
0.025134642 -0.93110931 0.1388029 12
-0.020359637 -0.90672576 0.099327505 13
19.360077 -21.765127 4.8928051 24
0.14379092 -0.99513924 0.18904538 11
0.078676455 -0.95036125 0.14333573 10
0.024875294 -0.91620922 0.10176028 14
17.381813 -18.779253 4.3065033 27
0.18983817 -0.99954981 0.19347642 12
0.11861643 -0.95097393 0.1456999 10
0.065944627 -0.91981643 0.10313839 14
17.794876 -18.374851 4.2998538 101
0.23786236 -1.0039502 0.19794229 12
0.1656843 -0.95543808 0.14815006 11
0.11308634 -0.92628342 0.1045955 15
17.785606 -17.569275 4.1990218 20
0.28691605 -1.0053734 0.2013644 13
0.21277203 -0.9579246 0.15155943 11
0.16131882 -0.93274319 0.10602914 15
17.374962 -16.436176 4.0154176 25
0.34305117 -1.0136406 0.20786376 13
0.26586351 -0.96531993 0.15501754 12
0.21438192 -0.94117165 0.10844569 12
16.989046 -15.392417 3.8474331 58
0.41031641 -1.0275484 0.21430509 14
0.31781331 -0.96769249 0.15824275 13
0.27056026 -0.94837648 0.11071327 13
15.366404 -13.376896 3.4230208 59
0.47254384 -1.0355166 0.22069325 89
0.38526297 -0.98250073 0.16376354 18
0.32878399 -0.95549554 0.11318597 13
15.448304 -12.862278 3.3737764 117
0.55718279 -1.0567877 0.2304702 81
0.45048922 -0.99040949 0.16837333 15
0.38991189 -0.96153092 0.11586647 14
15.924799 -12.651073 3.4060998 122
0.63844687 -1.0711726 0.2395121 63
0.52779305 -1.0049566 0.17434207 16
0.45908827 -0.97037524 0.11964456 15
15.671779 -11.892869 3.290669 63
0.73292381 -1.0902231 0.24938449 39
0.59786034 -1.0087676 0.17894699 81
0.53034228 -0.97812736 0.12227119 82
15.381981 -11.153238 3.1743853 46
0.82646805 -1.1051844 0.2593084 13
0.68239069 -1.0220147 0.1858183 81
0.61590922 -0.99133635 0.12718174 79
15.033873 -10.409587 3.0517879 43
0.93000925 -1.1218535 0.27143192 8
0.78805619 -1.042643 0.19491732 94
0.69509059 -0.99683726 0.13094679 90
14.67581 -9.6910896 2.9300156 61
1.0446091 -1.1401267 0.28346726 4
0.87834948 -1.0496891 0.2016965 97
0.79982817 -1.0164189 0.13588998 94
14.393799 -9.0627232 2.8310332 74
1.1407992 -1.1429297 0.29324868 2
0.98081023 -1.0603129 0.20955034 99
0.90127724 -1.026089 0.14172059 93
14.186852 -8.5009937 2.7466612 80
6.9470448 -4.4315925 1.1568556 2
1.087073 -1.0667747 0.21849158 115
1.0055366 -1.0325713 0.146722 96
13.268578 -7.5752978 2.5363383 10
8.373457 -4.9786458 1.3443509 5
1.2247556 -1.0852356 0.22859187 117
1.1198562 -1.038883 0.15153003 99
13.461944 -7.2760835 2.5291712 87
7.529418 -4.2729707 1.1987935 4
1.376359 -1.1043518 0.24094929 150
1.2532556 -1.0505984 0.15870562 97
13.656523 -6.9787855 2.5247359 81
7.8823752 -4.2115512 1.229566 20
1.5428669 -1.1240884 0.25544611 150
1.423893 -1.0742508 0.16823804 129
13.463384 -6.5078216 2.4553945 76
13.734066 -6.6672368 2.0247321 92
1.708011 -1.1348869 0.26866937 100
1.5942639 -1.0898561 0.17745554 126
13.300567 -6.0622649 2.3900352 84
9.2372284 -4.32832 1.3772663 18
1.8102385 -1.1105607 0.27417353 110
1.7371309 -1.0852404 0.18346357 103
13.13944 -5.6394534 2.3308079 82
13.41396 -5.7643781 1.9215357 93
1.912291 -1.0812645 0.28090841 92
1.8483285 -1.0596703 0.18828531 112
12.972361 -5.2249603 2.2725298 88
13.247 -5.3289156 1.8709131 68
2.0151007 -1.0489769 0.28709793 93
1.9480512 -1.0245202 0.19246426 99
12.81139 -4.8215914 2.2159493 85
13.084446 -4.9056158 1.8226862 80
2.1329439 -1.016327 0.29399523 103
2.0568421 -0.98812407 0.19626021 96
12.656458 -4.4397955 2.1622267 90
12.929981 -4.5066123 1.7778462 92
2.2498329 -0.97852945 0.30093032 85
2.1586246 -0.94580197 0.20009845 95
12.545339 -4.0791979 2.1175172 93
12.776989 -4.1192827 1.7358533 95
2.3585098 -0.93503034 0.30799016 74
2.2743208 -0.90310484 0.20514281 92
3.4557807 -1.1722224 0.53627074 9
2.4821169 -0.89000154 0.31586161 150
2.3788333 -0.85367209 0.20882045 93
3.5478723 -1.1126121 0.6717841 6
3.5746579 -1.1022172 0.54494625 48
2.5855408 -0.83652425 0.3214646 150
2.4922938 -0.80088693 0.21349451 92
3.6666973 -1.0405961 0.68237865 51
3.7104831 -1.0296665 0.55465823 48
2.6927931 -0.77795017 0.32803321 150
2.6136112 -0.74485236 0.21827619 97
3.8084102 -0.96879101 0.69639117 47
3.8429775 -0.95116991 0.56465417 46
2.8048148 -0.71517205 0.33390388 150
2.720578 -0.67931223 0.22204088 111
3.9337907 -0.8857463 0.70616806 47
3.9913828 -0.86844218 0.57558119 39
2.9217527 -0.64846361 0.34062731 150
2.8355336 -0.61267519 0.22674786 100
4.085259 -0.80590904 0.72113091 42
4.1547003 -0.78323239 0.58862442 37
3.0426259 -0.57963109 0.34737501 32
2.9553287 -0.54088283 0.23147562 112
11.213305 -1.7377572 1.7573131 42
11.389004 -1.6705524 1.4334847 54
3.1683438 -0.50567633 0.35513476 33
3.085017 -0.4657892 0.23727372 131
10.542734 -1.3866291 1.6412472 79
10.563681 -1.30119 1.3240987 106
3.3038793 -0.42828807 0.36500785 28
3.215517 -0.3865732 0.24409692 113
10.570094 -1.1437209 1.6295898 83
10.595634 -1.0461187 1.3144317 79
3.4502144 -0.3445538 0.37394413 21
3.362802 -0.30081281 0.25103194 108
10.619375 -0.89909273 1.6211019 2
11.558153 -0.85195208 1.4109259 89
3.6144063 -0.2562339 0.38502654 11
3.5038972 -0.20824756 0.25690773 127
11.433372 -0.69271737 1.7191119 93
11.418897 -0.55847871 1.3814321 31
3.7471318 -0.15598699 0.39265689 11
3.6495383 -0.10560075 0.26361462 107
4.8394475 -0.18762739 0.78302598 19
11.326124 -0.28048199 1.358435 25
3.9287684 -0.052140817 0.40473068 1
3.8371642 -0.0005749031 0.272735 106
11.257321 -0.14847548 1.660242 91
11.226516 -0.0077046077 1.3353992 115
4.1881213 0.060212079 0.42342615 0
4.0584588 0.11553881 0.28413296 83
11.168137 0.11361261 1.632493 92
11.140968 0.26453298 1.3147229 118
11.104004 0.40716457 1.003901 84
4.3005395 0.24033101 0.29779351 95
11.069282 0.36911148 1.6062857 91
11.039944 0.52399671 1.2954835 117
6.28197 0.40754703 0.59435827 92
4.5493083 0.38017935 0.31174767 88
10.987392 0.62337881 1.5819795 91
6.241519 0.47285852 0.76504081 8
10.881293 0.94264942 0.97604299 32
4.8044996 0.53433245 0.32554883 101
10.90554 0.87558156 1.5586134 90
10.848646 1.0456086 1.256533 121
10.789968 1.2066138 0.96347249 113
5.0552006 0.70235443 0.33917385 106
10.803604 1.131128 1.5299832 90
10.75046 1.3073173 1.235917 126
10.684548 1.4741268 0.94877738 120
5.2826328 0.87862897 0.3525832 77
10.718937 1.3772479 1.5075446 89
10.654572 1.5591098 1.2183659 119
10.601284 1.7363619 0.93830103 117
5.3674626 1.0423248 0.35782525 75
10.631289 1.6232728 1.4840893 89
10.567742 1.809198 1.2019074 120
7.1296616 1.3975545 0.65081328 63
5.3387938 1.1903762 0.35615531 71
10.540802 1.8642118 1.4616365 87
7.1255412 1.4470632 0.83361429 61
7.0482583 1.5679133 0.64344215 110
5.2992392 1.332106 0.35517675 60
10.441504 2.0969944 1.4395946 85
7.0740972 1.6183987 0.82429737 34
6.9925022 1.7481265 0.63705653 122
5.2595983 1.4758413 0.35410854 25
10.358945 2.3383138 1.4176645 84
7.0235448 1.7937764 0.81503916 33
6.9229894 1.9219204 0.62970906 127
1.3341295 0.57182419 0.12669195 64
6.8655601 1.782317 0.96674198 0
6.9461474 1.9663236 0.80276275 34
1.3849492 0.5966416 0.17804238 9
1.2095379 0.59084016 0.1195587 82
6.7894907 1.9458839 0.94950897 1
6.8818536 2.1352937 0.79261148 31
1.2366592 0.6068846 0.16673756 82
1.1267483 0.61619586 0.11476057 81
6.7047043 2.100173 0.93323469 3
1.3103889 0.63542342 0.21627086 2
1.1559175 0.63129681 0.1599603 66
1.0213202 0.6298275 0.10981058 82
5.8111801 2.0072823 0.8169176 3
1.232594 0.66192698 0.20851758 48
1.0544879 0.6460458 0.15205233 74
0.90813774 0.63620758 0.10383731 80
6.564992 2.4127171 0.90599358 13
1.1450853 0.68011272 0.1987291 66
0.93843961 0.64931887 0.14207114 81
0.84158635 0.65407485 0.10122669 71
6.5248337 2.5784109 0.89511228 19
1.0210567 0.6830802 0.18567818 77
0.87086427 0.6681062 0.13744642 72
0.75927329 0.6643911 0.096505508 74
1.2381545 0.76219857 0.24727795 9
0.92488885 0.68993473 0.17585081 67
0.78663212 0.67635345 0.13071591 66
0.66525167 0.6653325 0.091716796 75
1.1102229 0.76301348 0.23019968 32
0.84065163 0.69917005 0.1661166 64
0.70938885 0.68482691 0.12504408 72
0.59011668 0.66988003 0.088076718 68
1.0239409 0.77417618 0.21844132 63
0.76342481 0.70764935 0.15843937 63
0.61455214 0.6807549 0.11725495 66
0.51801169 0.67356181 0.084449694 13
0.84119248 0.73826802 0.19600032 21
0.67943311 0.7089448 0.1497135 66
0.54545456 0.68454027 0.11264815 13
0.45586115 0.67857647 0.081898123 12
0.76701349 0.74587369 0.18633604 58
0.58470923 0.70189226 0.13992521 58
0.4843207 0.68957901 0.10810514 12
0.40070724 0.68381292 0.079405822 11
0.67327487 0.73984504 0.17455247 72
0.51472461 0.7026403 0.13332148 12
0.42321879 0.69361913 0.10356586 11
0.35048714 0.69120836 0.076948009 11
0.57866371 0.72978741 0.16277573 60
0.45856512 0.70883435 0.12781689 12
0.36617807 0.69578713 0.099068142 10
0.29742691 0.69351172 0.074483998 13
0.50972694 0.72956163 0.15418424 12
0.39464045 0.70777547 0.12127147 10
0.32196316 0.70337003 0.095661119 10
0.2434307 0.69378352 0.072019152 13
0.43892738 0.72527105 0.14459124 12
0.34456411 0.71116585 0.1168291 10
0.26894352 0.70466977 0.092200913 13
0.20712243 0.70363075 0.071671903 13
0.37860957 0.72310281 0.13710733 11
0.29506513 0.71436173 0.11141596 10
0.22638312 0.70910722 0.089840591 12
0.16072318 0.70295149 0.069294624 13
0.32464829 0.72336799 0.13064073 11
0.25195441 0.718979 0.10702744 9
0.18332717 0.71173006 0.086459674 12
0.12355141 0.70877004 0.067953013 13
0.2825141 0.7290132 0.1252569 10
0.20693088 0.72053987 0.10363332 11
0.14810015 0.71960646 0.084127456 12
0.090314835 0.71671367 0.066637725 12
0.23944363 0.73262876 0.11987217 10
0.16097967 0.72006595 0.099238358 11
0.10416181 0.71820486 0.081753187 11
0.054237764 0.71956611 0.065316111 12
0.20029925 0.73837328 0.11551367 10
0.12679221 0.72697163 0.095918454 11
0.075868435 0.7283017 0.07947278 12
0.024990277 0.72764009 0.06503471 12
0.15245213 0.73483473 0.11011317 13
0.095571734 0.73497248 0.092620179 11
0.044693574 0.73431087 0.078182071 11
-0.0081198653 0.73158664 0.063734658 13
0.11247458 0.73554718 0.10476531 13
0.055671688 0.73269349 0.089283779 11
-7.7137491e-05 0.72787642 0.07481844 10
-0.03630456 0.7376942 0.063469388 12
0.076455452 0.73738903 0.10044762 13
0.024505928 0.73869884 0.086993061 11
-0.025317719 0.73607397 0.073571064 10
-0.077055097 0.73039114 0.061143473 11
0.041434877 0.73926365 0.096138291 13
-0.0036613836 0.74479949 0.084727861 11
-0.058333773 0.73702288 0.072282396 10
-0.10711244 0.73243839 0.060876448 10
0.010340769 0.74326634 0.092855267 13
-0.030860426 0.75193113 0.082467295 11
-0.089373104 0.73903114 0.070006929 10
-0.13229868 0.73864126 0.060636546 10
-0.011018894 0.75558472 0.09062659 14
-0.070562758 0.74365336 0.078153752 10
-0.11648677 0.74316818 0.068757728 10
-0.16034828 0.74074775 0.059386518 10
-0.055584487 0.74314797 0.085285798 12
-0.10253888 0.74363071 0.075877391 9
-0.14256875 0.74633771 0.067520902 10
-0.18740761 0.74289012 0.059144858 14
-0.085615799 0.74518424 0.082018822 17
-0.12770773 0.74982667 0.073637508 9
-0.16481124 0.75463146 0.066298775 10
-0.21342704 0.74406087 0.057915606 14
-0.11655194 0.74419111 0.078754835 13
-0.15374996 0.7519933 0.071404494 9
-0.19182958 0.75577033 0.065061033 10
-0.23755047 0.74829733 0.057691738 14
-0.14262606 0.74735737 0.076517902 19
-0.18172784 0.7520982 0.069162086 9
-0.21881719 0.75591111 0.063827015 9
-0.25967482 0.75259709 0.057484906 16
-0.166692 0.75058311 0.073298097 18
-0.20774719 0.75327003 0.067932747 9
-0.24860525 0.74995583 0.061590571 10
-0.28659907 0.75073838 0.056258526 16
-0.19082959 0.75581145 0.071070455 17
-0.23656741 0.74834561 0.065700956 9
-0.26979321 0.75628626 0.06138448 10
-0.31250116 0.74791586 0.056044422 14
-0.21583183 0.75700754 0.067849711 17
-0.25584209 0.75773376 0.064500421 10
-0.29094103 0.76161391 0.060182251 10
-0.33072221 0.7553404 0.055859998 13
-0.24274778 0.75514567 0.065623321 17
-0.28366289 0.75284243 0.062277023 12
-0.31589806 0.76081812 0.058968943 12
-0.34904635 0.76576746 0.056663882 14
-0.26485473 0.75943851 0.063416459 17
-0.30576986 0.75713527 0.060070101 9
-0.34460089 0.75190145 0.057752296 10
-0.37013981 0.76910049 0.056469172 13
-0.28786659 0.76070076 0.061212599 17
-0.32302302 0.76559174 0.059890296 9
-0.36187649 0.7613529 0.05656866 9
-0.39310643 0.76837188 0.05627276 12
-0.31368002 0.75586957 0.058006182 16
-0.34319386 0.77194643 0.057692658 11
-0.38193911 0.76371813 0.056386285 9
-0.41229522 0.77476662 0.056083463 11
-0.33953363 0.75204116 0.055795796 14
-0.36899275 0.76612246 0.056489944 10
-0.40486553 0.76198679 0.055193719 8
-0.43329465 0.77510101 0.055900156 11
-0.35490456 0.76455432 0.054617636 15
-0.38907817 0.76948357 0.055303708 9
-0.42305505 0.76841253 0.055012915 9
-0.45706299 0.76834047 0.054718271 11
-0.38000125 0.75981063 0.05241663 14
-0.40943891 0.77289557 0.054114874 9
-0.4433836 0.77082294 0.053828519 8
-0.47917902 0.76369375 0.0545443 10
-0.39910984 0.76419771 0.050235406 13
-0.43316671 0.76513135 0.051937301 9
-0.46070847 0.78128093 0.054640945 10
-0.496409 0.77115345 0.055368289 9
-0.4201006 0.76452804 0.049052414 13
-0.45318922 0.76649278 0.050758958 8
-0.4815729 0.77761316 0.053473353 10
-0.51369405 0.78060955 0.055184484 12
-0.43727309 0.77097702 0.046880458 14
-0.47692612 0.75873238 0.049581192 7
-0.50801611 0.76076013 0.051304728 9
-0.53366184 0.77997547 0.055013727 12
-0.4591687 0.76827788 0.045700427 14
-0.49046451 0.77630973 0.049400706 9
-0.5252378 0.76821673 0.051128641 7
-0.55718696 0.76522332 0.054862808 9
-0.4800874 0.76660579 0.043525089 14
-0.5076775 0.78376341 0.048224658 10
-0.53881627 0.78679794 0.051944155 10
-0.57173377 0.78277349 0.055673584 11
-0.50181693 0.75890553 0.041364316 11
-0.53215355 0.76797223 0.046069123 9
-0.56233275 0.7720418 0.050793234 10
-0.59334558 0.77107906 0.054528117 12
-0.51806164 0.76739025 0.040192924 12
-0.55198711 0.76333773 0.044913717 7
-0.58304012 0.76337779 0.049644671 7
-0.61309373 0.76344991 0.054384131 7
-0.53711587 0.76978266 0.039019044 14
-0.56658769 0.78288376 0.044716794 10
-0.59848261 0.77789462 0.049458489 10
-0.62774318 0.78400272 0.056183178 9
-0.55881429 0.76108348 0.036861945 13
-0.58729506 0.77421975 0.043568175 10
-0.61816776 0.7682668 0.04932218 9
-0.6474508 0.77536982 0.055043049 10
-0.57590121 0.76453984 0.035701171 11
-0.60797089 0.76455581 0.042423379 6
-0.63719046 0.76966041 0.048151985 6
-0.66713595 0.765742 0.054906651 8
-0.59311372 0.7719937 0.034524929 14
-0.62247664 0.78110355 0.04223796 10
-0.65264165 0.7841813 0.048965637 9
-0.6826902 0.78326535 0.056708623 10
-0.61465472 0.75829738 0.032386996 12
-0.64398646 0.76640826 0.040103815 8
-0.6722241 0.77155185 0.047840789 9
-0.70165855 0.78266436 0.056545965 9
-0.6326465 0.75872427 0.031229135 9
-0.66195512 0.76583844 0.039949771 6
-0.69112986 0.76895201 0.047685821 6
-0.72014683 0.76706761 0.055441197 7
-0.64898521 0.77020764 0.030045886 12
-0.67845982 0.78232402 0.039747111 9
-0.70758033 0.7834419 0.0484908 9
-0.73773158 0.7855286 0.057222057 11
-0.66837919 0.75158107 0.028944129 10
-0.69790804 0.76569313 0.037637629 8
-0.72616303 0.77084363 0.047374394 7
-0.75544912 0.77696389 0.057098679 7
-0.68571752 0.76303434 0.027752208 10
-0.71506619 0.77115232 0.037468806 8
-0.74344701 0.78030223 0.04719007 8
-0.77367818 0.78439474 0.057913464 9
-0.7028985 0.76948941 0.026579568 12
-0.7323184 0.77961022 0.03728839 9
-0.76147896 0.78173196 0.047028046 8
-0.79097092 0.79385626 0.058729012 9
-0.72151262 0.757891 0.025459239 9
-0.75083888 0.76501405 0.036179535 7
-0.77910244 0.77016962 0.046916131 6
-0.8075636 0.7813251 0.058629479 7
-0.73897642 0.77334279 0.024251761 12
-0.76834244 0.78146875 0.035968147 10
-0.79764587 0.78759593 0.047692206 9
-0.82685488 0.79072464 0.059427842 10
-0.7564972 0.75877774 0.023151444 9
-0.7851153 0.77493161 0.03484546 7
-0.81564635 0.78802687 0.047533911 7
-0.84611517 0.79912412 0.060229994 8
-0.77361512 0.76323527 0.021986501 11
-0.80295867 0.77036732 0.034706809 8
-0.83219987 0.77449763 0.046438657 8
-0.86383325 0.79056543 0.060107049 8
-0.79201585 0.77666235 0.020778883 12
-0.82258731 0.79076338 0.034463502 10
-0.85300219 0.79986691 0.048167355 10
-0.88432151 0.80594009 0.061874263 11
-0.80838126 0.75713795 0.019707076 9
-0.83901525 0.77323776 0.033383947 7
-0.87064898 0.78930646 0.047052182 6
-0.90325963 0.80434805 0.061715625 7
-0.82815617 0.77354449 0.019481026 12
-0.85969609 0.78661132 0.033161137 8
-0.88995337 0.79071367 0.046884555 9
-0.92373836 0.81072509 0.063520357 7
-0.84727323 0.77793771 0.01829893 11
-0.87997854 0.79597461 0.032951083 7
-0.91136926 0.80404741 0.047650445 10
-0.94277823 0.81212783 0.064349629 9
-0.86276305 0.76243627 0.017219648 10
-0.89656204 0.78344065 0.031851623 6
-0.92918164 0.798482 0.047515273 7
-0.9661932 0.82539934 0.065098293 8
-0.88425642 0.77876139 0.015973993 12
-0.91794693 0.79577434 0.032621298 8
-0.94922084 0.79985368 0.04833594 7
-0.98852342 0.83570725 0.066866972 8
-0.90215415 0.7761907 0.014827306 10
-0.93696988 0.797171 0.031450555 7
-0.96937728 0.80521971 0.048141152 8
-1.0139775 0.84991938 0.068594493 6
-0.92101967 0.77258915 0.013675889 8
-0.95690596 0.79554021 0.031282805 6
-0.99269855 0.81549346 0.04890123 8
-1.036087 0.85323066 0.070390143 6
-0.94236434 0.78392112 0.013449355 12
-0.97578055 0.79194248 0.031131221 6
-1.0159246 0.82276809 0.049672913 7
-1.0602813 0.85947526 0.071157046 6
-0.96457368 0.79121977 0.012229726 11
-0.99687374 0.79527867 0.030935466 7
-1.0347676 0.81817156 0.049525086 7
-1.088805 0.87559599 0.073850967 7
-0.9824087 0.78665131 0.011090533 8
-1.0201855 0.80554879 0.030695541 7
-1.054673 0.81554264 0.049360927 7
-1.1118424 0.87687445 0.074645624 7
-1.0012203 0.78105497 0.010946572 7
-1.0422468 0.80785501 0.030494954 6
-1.0810319 0.8267253 0.051091257 8
-1.1391693 0.88702673 0.076371185 7
-1.0244293 0.78832453 0.0097184228 10
-1.0620894 0.80323052 0.030338854 6
-1.1073824 0.8379091 0.051822107 8
-1.1685269 0.89812177 0.078076281 7
-1.0497634 0.79953438 0.0084581226 9
-1.0873693 0.81244463 0.030086154 7
-1.1335757 0.84409773 0.052572299 8
-1.19779 0.90621942 0.07979285 7
-1.0717934 0.80084693 0.0082620084 9
-1.1093363 0.81175858 0.029897703 7
-1.1597065 0.84828758 0.053330086 9
-1.2344749 0.92709756 0.083399065 7
-1.0937212 0.79915774 0.0070773982 9
-1.1355529 0.8189429 0.029643971 7
-1.1859 0.85447663 0.05408008 9
-1.2625812 0.93022907 0.085143298 2
-1.1296543 0.82904845 0.0066577652 5
-1.1628002 0.82709605 0.029377712 8
-1.2172476 0.86550611 0.054767814 9
-1.2916473 0.93232703 0.085882738 0
-1.1418649 0.80465406 0.0056389361 8
-1.1857042 0.82438099 0.029188119 8
-1.2475016 0.87356961 0.055475574 9
-1.1701028 0.81277221 0.0043640686 10
-1.2170204 0.83441174 0.029879641 8
-1.276599 0.87666702 0.056211147 8
-1.1919446 0.80808961 0.0041907262 9
-1.2441102 0.83756775 0.029632453 8
-1.3214589 0.9032889 0.058725171 7
-14.383581 20.193401 1.8899779 115
-1.2222147 0.81715298 0.0028955413 12
-1.2743286 0.84464478 0.029345684 8
-1.3514985 0.90438116 0.059462346 7
-14.918688 19.999794 1.9080096 97
-1.2534567 0.82520568 0.0015966961 13
-1.3065139 0.85066575 0.029044293 9
-1.3836273 0.90840262 0.060166787 7
-14.946313 19.11446 1.8608544 102
-1.282514 0.82730794 0.0013345348 12
-1.3376405 0.85470432 0.029758109 9
-1.4239759 0.91915554 0.061777268 7
-15.992999 19.578295 1.9440944 97
-1.3146836 0.83329886 3.430626e-05 13
-1.3686626 0.85573292 0.029485734 9
-1.4601382 0.92403311 0.063446403 7
-16.546989 19.375996 1.9640098 90
-1.3530781 0.84610242 -0.00034453731 21
-1.4048387 0.86160296 0.029151069 9
-1.4982899 0.92884487 0.064098425 6
-17.110662 19.163397 1.9838772 97
-1.3809367 0.84222418 -0.0015718797 20
-1.4358071 0.86063719 0.029886287 9
-1.5405744 0.93753356 0.065700524 5
-17.68882 18.964378 2.0095692 89
-1.4159192 0.84513742 -0.0018808118 19
-1.4852908 0.87910897 0.030395309 9
-1.5701898 0.92861712 0.066480733 3
-18.272097 18.754581 2.0332789 79
-1.4509617 0.84703916 -0.0031915405 19
-1.5182178 0.87707925 0.030117113 8
-1.6123168 0.93231016 0.068102017 1
-18.85643 18.529375 2.0570076 99
-1.481819 0.84306866 -0.0044448413 19
-1.5541524 0.87495911 0.030813051 8
-1.65232 0.93206817 0.069755852 0
-19.458641 18.29962 2.0815954 107
-1.521899 0.8458178 -0.0048024943 19
-1.5869544 0.86893177 0.030550208 8
-1.6911899 0.92785621 0.070433699 0
-20.027666 18.032885 2.1046038 56
-1.5526713 0.83885348 -0.0050443588 13
-1.6269406 0.86868268 0.030204039 9
-1.7011818 0.89652753 0.069459997 1
-20.10544 17.302069 2.0725484 87
-1.5937194 0.84057218 -0.0054068151 13
-1.6627812 0.86356533 0.030911427 9
-20.742102 17.08428 2.1027906 34
-1.632635 0.83835238 -0.0067366976 10
-1.7005807 0.85738301 0.030605497 8
-21.918686 17.287052 2.1888273 25
-1.6684046 0.83123267 -0.0070216353 10
-1.7414503 0.85310954 0.031265944 8
-21.935087 17.303482 1.3705915 77
-22.65098 17.085337 2.2281778 36
-1.7030724 0.82114279 -0.0082864333 10
-1.7853092 0.84873909 0.030900674 8
-22.638802 17.057558 1.3883479 55
-17.995415 12.841849 1.7268887 42
-1.7439178 0.81585777 -0.008630164 11
-1.8291783 0.84335428 0.031522304 8
-17.937643 12.765761 1.0693408 51
-18.017609 12.26946 1.7034473 106
-1.7785567 0.80374616 -0.0099046435 10
-1.8739936 0.83693624 0.031145688 8
-11.135956 7.3529963 0.63603139 39
-18.553474 12.057695 1.7295158 84
-1.8223257 0.79636633 -0.01026081 11
-1.92077 0.82946652 0.031763524 8
-10.847383 6.8046255 0.6075024 34
-24.985991 15.63868 2.3215747 49
-1.8609326 0.78414226 -0.011554766 11
-1.9654537 0.81906062 0.032410007 8
-25.613445 15.941911 1.4669549 58
-25.723322 15.338583 2.3591986 58
-1.906639 0.77469635 -0.011920281 11
-2.011107 0.80761647 0.033052273 8
-26.413427 15.631693 1.4900812 46
-26.42016 14.990611 2.3933594 53
-1.9441545 0.75949556 -0.013193461 12
-2.0638111 0.79794621 0.032626756 7
-27.247375 15.319408 1.5149175 39
-27.30974 14.722779 2.4457572 30
-1.9918519 0.74801862 -0.013540589 12
-2.0941453 0.7740292 0.033491932 33
-11.847637 6.0850167 0.62868798 7
-28.192394 14.425129 2.4968359 41
-2.0262477 0.72693682 -0.013728512 13
-2.174252 0.77550101 0.033817586 2
-28.608164 14.438944 1.5483842 33
-28.901073 14.000154 2.5305362 45
-2.0890675 0.72092527 -0.015241191 13
-2.2094755 0.7503643 0.034609631 10
-29.01535 13.830804 1.5480825 27
-15.80199 7.0761504 1.3399891 79
-2.1344903 0.70249033 -0.015570141 13
-2.271086 0.73742539 0.035120811 6
-15.746562 6.9207735 0.81300211 82
-15.815434 6.6794677 1.3262885 89
-2.1900015 0.68673414 -0.01599553 62
-2.3772855 0.74210262 0.03718219 10
-15.954626 6.6000996 0.8153401 83
-16.32621 6.4964962 1.356506 76
-2.2485023 0.67088073 -0.017446585 24
-2.3778462 0.69705009 0.036338814 8
-16.469795 6.4009361 0.8335768 80
-25.561102 9.7000961 2.1368628 13
-2.304888 0.65110201 -0.017866099 55
-2.449358 0.68080717 0.03677471 0
-26.458605 9.4001818 2.1931117 32
-2.3460002 0.62280488 -0.01812347 47
-26.702604 9.604207 0.50317359 19
-26.969183 8.9271593 2.2143369 81
-2.4235008 0.60637432 -0.018739594 58
-26.729023 8.9181242 0.49736562 37
-26.90307 8.6005344 1.3417144 90
-26.786579 8.2292395 2.1800818 86
-2.4921837 0.58441192 -0.019329568 54
-10.399443 3.0662005 0.18571806 25
-26.829283 7.9243836 1.3248338 9
-2.5654294 0.56011933 -0.020885626 67
-8.4253283 2.2411492 0.1469008 32
-15.472507 3.9517 1.2132311 13
-2.6194139 0.52742797 -0.021243561 40
-8.3889151 2.0372109 0.14593449 25
-15.392431 3.7312953 0.733679 70
-15.570304 3.6245482 1.2105193 17
-8.3425627 1.8355798 0.14404681 21
-15.421589 3.3853009 0.72963405 59
-15.314362 3.2233338 1.180163 3
-15.272374 3.000911 0.71728426 60
-15.161634 2.8570247 1.1587789 8
-17.415794 3.0488708 0.81733859 50
-15.001111 2.4969234 1.1374391 4
-14.891304 2.1571672 1.1205786 3
-13.747242 1.6881886 1.0232296 35
-1.1270167 0.049856253 0.022506302 2
-13.641639 1.3863212 1.0081997 102
-13.572363 1.0933423 0.99682015 68
-1.1154119 0.032206707 0.021668833 3
-14.21343 0.8485238 1.0400475 69
-14.169886 0.5457499 1.0304755 103
-1.1018063 0.014620088 0.020847825 2
-14.075457 0.24854586 1.0173128 98
-13.967027 -0.048226461 1.0032599 90
-1.1112829 -0.00067440665 0.020811932 2
-13.852851 -0.33681694 0.98922825 97
-13.748905 -0.61973935 0.97713101 97
-1.1188105 -0.016942792 0.021797601 2
-13.641025 -0.9005475 0.96408558 94
-13.532219 -1.178298 0.95200795 92
-1.118247 -0.033934284 0.021862799 3
-13.42357 -1.4510514 0.93991143 98
-13.30695 -1.722562 0.92688048 93
-1.1156762 -0.050866704 0.020945324 3
-13.199532 -1.9883481 0.91574866 92
-13.115088 -2.2558422 0.9064213 91
-13.016632 -2.5218334 0.89540815 91
-7.1851792 -1.5006719 0.30683663 2
-12.914393 -2.7817571 0.88510364 96
-7.1139612 -1.639906 0.3040497 27
-12.814316 -3.0405025 0.87608647 97
-12.633953 -3.4273732 0.27099904 16
-7.0635433 -1.7803855 0.30297509 13
-12.714051 -3.3015015 0.8658554 98
-11.820955 -3.4741378 0.25824273 77
-7.0101147 -1.9207728 0.30091 3
-11.887912 -3.3390422 0.80417377 82
-11.695634 -3.7924001 -0.013582591 76
-11.724988 -3.7292206 0.26093456 79
-6.9655981 -2.0644357 0.29977816 1
-11.806183 -3.5836058 0.79570287 81
-7.8868632 -2.6624742 -0.0022166846 150
-7.9256539 -2.6229708 0.17630176 28
-12.376312 -4.1664567 0.55971169 91
-12.414786 -4.0685296 0.83803028 94
-7.8176074 -2.8323646 0.0039791283 150
-7.8802171 -2.7986345 0.17832808 100
-11.518534 -4.1359529 0.52117008 117
-6.8026767 -2.2589312 0.43588921 8
-7.7503858 -3.0023332 0.011187267 145
-7.8496199 -2.9797423 0.18224159 58
-7.9717484 -2.9608653 0.35310814 35
-6.7702408 -2.3999805 0.43266559 27
-7.6870227 -3.1753979 0.017347522 80
-7.7429185 -3.1294687 0.18369916 46
-7.6912117 -3.03421 0.34081995 30
-6.7031388 -2.5289598 0.42670336 81
-7.6157889 -3.3442175 0.023561819 58
-7.6904941 -3.3038859 0.186768 34
-6.6000981 -2.7153594 0.2892563 10
-6.6528916 -2.6634574 0.42261285 16
-7.5583415 -3.5204651 0.03068153 17
-7.6371031 -3.4772737 0.1898417 24
-7.5926805 -3.3712609 0.34086043 14
-6.5868626 -2.7904658 0.4176344 85
-7.5826597 -3.652626 0.19393171 2
-7.508914 -3.5227139 0.33912301 1
-6.5129232 -2.9142311 0.41171387 40
-11.904576 -6.1484885 0.5608229 1
-6.445847 -3.0421641 0.4068979 15
-1.3413191 -0.70713198 0.023315094 6
-1.3132572 -0.70826072 0.023565196 15
-1.3382664 -0.71100008 0.033355683 6
-1.3594238 -0.70862186 0.042161796 5
-1.2891706 -0.71051073 0.024784509 17
-1.311226 -0.71116477 0.032593414 8
-1.3362263 -0.71390802 0.041383926 6
-1.3593342 -0.71259797 0.048176564 6
-1.2583271 -0.70455098 0.025034055 16
-1.2871 -0.71441787 0.032816604 12
-1.3072406 -0.71201456 0.039631411 8
-1.3371056 -0.71891433 0.047393844 7
-1.2342944 -0.70480514 0.025245834 12
-1.2601526 -0.71158445 0.032043006 11
-1.2879568 -0.72042024 0.039830368 13
-1.3033305 -0.70987308 0.044658065 10
-1.219831 -0.71935952 0.026424371 16
-1.2322454 -0.707717 0.032274276 8
-1.2590637 -0.7155295 0.038066562 12
-1.2840688 -0.71728361 0.043853309 15
-1.1948292 -0.71858442 0.026641158 16
-1.2215856 -0.728396 0.032441061 9
-1.2292731 -0.70760578 0.037299991 9
-1.2561756 -0.71242315 0.042080835 15
-1.1661086 -0.70868969 0.026858332 14
-1.1975834 -0.72765195 0.032649197 12
-1.2148318 -0.72116506 0.037474815 11
-1.2302189 -0.70962471 0.040298749 12
-1.1573726 -0.73242217 0.029019186 15
-1.1698314 -0.71878743 0.032861531 11
-1.1946642 -0.72554559 0.03666738 12
-1.2138631 -0.72012675 0.039479509 12
-1.1343702 -0.73170936 0.02921875 16
-1.1496638 -0.72316796 0.032054164 10
-1.1678718 -0.71771502 0.035874952 11
-1.1936952 -0.72450823 0.038672138 15
-1.1067418 -0.71884757 0.029415976 14
-1.1342942 -0.7346943 0.033230092 12
-1.1486413 -0.72412664 0.03506659 10
-1.1678624 -0.71771169 0.036874928 14
-1.0941848 -0.73646331 0.030588815 15
-1.1075947 -0.72386563 0.032426331 10
-1.1332632 -0.73565602 0.035242565 12
-1.1468102 -0.71806782 0.035061114 12
-1.0712752 -0.73275238 0.030777069 14
-1.0950071 -0.74248165 0.03360299 11
-1.1056793 -0.72080195 0.033432323 11
-1.1342449 -0.73568678 0.035233922 15
-1.0474899 -0.72501314 0.030958822 13
-1.0740258 -0.74083489 0.032781586 11
-1.0940515 -0.74045211 0.033604153 11
-1.1065989 -0.7228328 0.033431366 13
-1.036786 -0.74768555 0.03313341 15
-1.0493335 -0.73006624 0.032960631 9
-1.0720705 -0.73877519 0.032791484 11
-1.0950241 -0.74048674 0.032595631 14
-1.014969 -0.74100763 0.03330167 14
-1.0376444 -0.75171471 0.033140115 11
-1.0502443 -0.73210007 0.031959783 9
-1.0740337 -0.73884481 0.030774368 14
-0.99584055 -0.74441731 0.033482078 14
-1.0148582 -0.74400645 0.033313315 11
-1.0366488 -0.75068903 0.032145258 11
-1.0503018 -0.72910947 0.0299486 11
-0.97953397 -0.7539137 0.034659289 14
-0.99676019 -0.74644816 0.033481266 10
-1.013916 -0.74098474 0.031310875 11
-1.0386343 -0.74976259 0.029124394 14
-0.95780933 -0.7442385 0.034816287 13
-0.98041391 -0.75694859 0.03366236 11
-0.99584901 -0.74242741 0.031475034 10
-1.0149641 -0.73802912 0.028291106 14
-0.94150275 -0.75373495 0.035993569 14
-0.95868927 -0.74727237 0.033819381 10
-0.97952467 -0.75193167 0.030652396 11
-0.99766243 -0.74650615 0.026473371 13
-0.92255992 -0.7511493 0.036151294 14
-0.94418758 -0.76283234 0.034002215 11
-0.95779133 -0.74225938 0.029809482 10
-0.98049325 -0.75098199 0.025640385 14
-0.90450197 -0.75258821 0.037315521 13
-0.92524505 -0.76024586 0.034159914 10
-0.94325858 -0.75881839 0.029996153 11
-0.95788401 -0.73728031 0.024790946 12
-0.8882879 -0.76506835 0.038500328 14
-0.90642571 -0.75964391 0.034321532 10
-0.92358619 -0.75319225 0.029147634 10
-0.94540316 -0.75789034 0.023972325 14
-0.86850089 -0.75745261 0.038647451 13
-0.8883276 -0.76208556 0.034489468 10
-0.90639502 -0.7586633 0.029318288 10
-0.92460775 -0.75024742 0.023128139 13
-0.85300732 -0.77297813 0.039838966 14
-0.86935443 -0.76049823 0.034650818 9
-0.88914174 -0.76613331 0.029496625 11
-0.90922099 -0.76178074 0.022304384 13
-0.83328247 -0.76336336 0.039978523 13
-0.85382152 -0.77702582 0.034846168 11
-0.86950058 -0.75352418 0.028624795 10
-0.89117634 -0.76222742 0.021464761 13
-0.81591415 -0.77482867 0.04117218 14
-0.83415836 -0.76541293 0.034978144 9
-0.85395896 -0.77005577 0.027820205 11
-0.87222475 -0.75964475 0.020622442 12
-0.79879344 -0.77829862 0.042335376 14
-0.81675029 -0.77788121 0.035175685 10
-0.83420271 -0.76144195 0.027963679 9
-0.85580766 -0.77214712 0.019811278 13
-0.77991307 -0.77371311 0.042485464 13
-0.79965198 -0.78035516 0.035335116 10
-0.81863916 -0.77896976 0.028162913 11
-0.83612633 -0.76054186 0.017943451 12
-0.76251417 -0.78617865 0.043683026 14
-0.7808333 -0.77377146 0.035477627 10
-0.79974967 -0.77438807 0.02731308 10
-0.82047045 -0.78106803 0.018154098 14
-0.7436735 -0.78059012 0.044829335 13
-0.76327956 -0.7912342 0.036694281 11
-0.78173578 -0.77383661 0.026469883 10
-0.80172676 -0.77149296 0.016285287 12
-0.7264204 -0.78806227 0.045007978 14
-0.74488527 -0.77066076 0.035783533 8
-0.76423538 -0.78930324 0.026678946 11
-0.78355837 -0.7759378 0.01546114 13
-0.70809299 -0.7984938 0.047206633 15
-0.72733194 -0.78812361 0.037000228 11
-0.74556249 -0.77772623 0.025802556 9
-0.76517344 -0.7873801 0.014663721 13
-0.6903975 -0.78794402 0.047325399 13
-0.70773989 -0.80652833 0.037238203 11
-0.72818595 -0.78919572 0.025996448 11
-0.74759257 -0.77283484 0.013767243 12
-0.67106134 -0.79834926 0.048532918 15
-0.69026089 -0.78898114 0.037330296 9
-0.7088722 -0.79860491 0.026200149 11
-0.7288056 -0.79727095 0.013019448 14
-0.65066463 -0.81072176 0.049756721 16
-0.67073101 -0.80538684 0.037560701 11
-0.69132239 -0.78306067 0.02529995 9
-0.71069938 -0.79971784 0.012187816 13
-0.63306189 -0.7971738 0.049864169 14
-0.65048832 -0.81276286 0.038765535 12
-0.67179251 -0.79946637 0.025530381 12
-0.69324195 -0.78117526 0.011276234 11
-0.61269623 -0.80854732 0.051084239 15
-0.63396895 -0.7962507 0.037852932 9
-0.65153247 -0.80684936 0.024735307 11
-0.67127174 -0.81151575 0.010577448 14
-0.59133053 -0.81989056 0.052313101 16
-0.61251086 -0.81059229 0.039093174 12
-0.63262117 -0.80326492 0.024889586 11
-0.65235132 -0.80793512 0.0097317835 13
-0.57358164 -0.81133682 0.053439703 15
-0.59122962 -0.81894046 0.03931063 12
-0.61239177 -0.80964869 0.024090808 12
-0.63461572 -0.79838914 0.008854622 13
-0.55127919 -0.82065028 0.054669656 16
-0.57347167 -0.81039053 0.039437331 10
-0.59104884 -0.81999612 0.024315903 12
-0.61202592 -0.81670195 0.0091188895 15
-0.53003734 -0.82799631 0.0558834 17
-0.55000639 -0.82467413 0.039695095 12
-0.57335299 -0.80944717 0.02443498 10
-0.59188968 -0.82008672 0.0083087059 14
-0.50791997 -0.83131325 0.05709061 17
-0.52773464 -0.83298838 0.040921334 13
-0.55097067 -0.8207674 0.023672741 12
-0.57540095 -0.80257535 0.0073924698 11
-0.48797801 -0.82869869 0.057257678 15
-0.50663853 -0.8353411 0.041116152 12
-0.52763057 -0.83105439 0.023915179 13
-0.55067635 -0.82483542 0.0056890263 15
-0.46914646 -0.82311928 0.058403596 16
-0.48898658 -0.82380074 0.04123015 10
-0.50441492 -0.83735323 0.023141617 13
-0.52848709 -0.8301636 0.004903554 16
-0.4427259 -0.83631015 0.05968402 18
-0.46470639 -0.83205748 0.041474804 12
-0.4867489 -0.82580477 0.023257917 10
-0.50529021 -0.83545607 0.0041281031 15
-0.41776791 -0.84370464 0.062008284 18
-0.4397288 -0.83945286 0.041797481 13
-0.46282017 -0.83123046 0.022562731 12
-0.48472813 -0.82897496 0.0033594724 11
-0.39149967 -0.85190225 0.06327232 19
-0.4145211 -0.84568214 0.043045159 14
-0.43857279 -0.83849299 0.022805396 13
-0.46265471 -0.83030444 0.0025618616 14
-0.37059695 -0.84825832 0.064447053 18
-0.38603908 -0.86081469 0.044353329 15
-0.41331622 -0.84572899 0.022057028 14
-0.43842846 -0.83657146 0.0018008843 15
-0.34871569 -0.84358871 0.064626969 17
-0.36842349 -0.84727502 0.04346399 13
-0.38600898 -0.85489863 0.022333769 14
-0.41216433 -0.84377962 6.1316321e-05 16
-0.32360032 -0.84681958 0.065863498 19
-0.34118584 -0.85444319 0.044733275 13
-0.3630279 -0.85320055 0.021533858 13
-0.38590896 -0.85098487 -0.00067819573 16
-0.29325113 -0.85789061 0.068174303 19
-0.31612304 -0.85567874 0.044962324 14
-0.3390252 -0.85246748 0.021746572 12
-0.36077496 -0.85422319 -0.0014415045 16
-0.26719734 -0.859092 0.069412224 19
-0.29324254 -0.85097808 0.045151189 10
-0.31292304 -0.85467583 0.020988323 13
-0.33251199 -0.86137128 -0.0031632523 15
-0.23484923 -0.87010181 0.071740784 21
-0.26502764 -0.8571201 0.045425732 10
-0.2836782 -0.86178601 0.02127539 13
-0.30534887 -0.86554784 -0.003905077 15
-0.20150228 -0.88108087 0.074078172 22
-0.22851983 -0.87300855 0.046808459 11
-0.25239515 -0.86983818 0.020583943 13
-0.27723908 -0.86769801 -0.0056455857 16
-0.17138909 -0.88416028 0.075359128 23
-0.19207333 -0.8868987 0.048183732 11
-0.2243028 -0.87198246 0.020843498 13
-0.24601689 -0.87375164 -0.0063445019 15
-0.13613513 -0.89207959 0.077702947 24
-0.15989126 -0.89191926 0.048489939 12
-0.18156561 -0.89469141 0.020305783 16
-0.20848298 -0.88962072 -0.0079526836 16
-0.10605261 -0.89415985 0.078980304 18
-0.12877882 -0.89496762 0.049779829 12
-0.15047553 -0.89674377 0.020591862 12
-0.17522258 -0.89661646 -0.009630003 15
-0.068830036 -0.90101981 0.081338182 21
-0.098810554 -0.89305329 0.050042119 13
-0.11837627 -0.89876956 0.019886948 12
-0.1504567 -0.88786185 -0.010438167 10
-0.034719475 -0.9039771 0.082654677 19
-0.062600464 -0.89895093 0.050387554 12
-0.084278539 -0.90073448 0.019199697 11
-0.098492473 -0.91730034 -0.012869813 11
0.0065621617 -0.91271418 0.08505553 21
-0.024369156 -0.90578455 0.051754497 13
-0.041856892 -0.91344589 0.019624546 12
-0.062365182 -0.92020327 -0.013535598 12
0.044692028 -0.91654563 0.087411173 19
0.018920487 -0.91446429 0.05317311 14
-0.0078506982 -0.91241306 0.018926198 13
-0.012706229 -0.93970811 -0.016022399 9
0.086850747 -0.92125487 0.089805968 16
0.05806781 -0.91827238 0.053537749 14
0.037516475 -0.92303801 0.01837015 13
0.027458562 -0.94349283 -0.017648879 10
0.12694924 -0.92402691 0.092175715 19
0.096084215 -0.91810995 0.054878529 15
0.075573064 -0.92387837 0.018714774 13
0.075863659 -0.95502859 -0.019174561 10
0.17625707 -0.93351966 0.094651297 19
0.14852227 -0.93151295 0.05639571 15
0.12496907 -0.93538105 0.01819803 14
0.12521662 -0.96453953 -0.021698745 11
0.22444311 -0.93904573 0.097103104 19
0.19572684 -0.93707675 0.056838788 15
0.18039204 -0.94769973 0.017738027 11
0.17137769 -0.96814102 -0.023272021 11
0.27253759 -0.9415741 0.099543758 22
0.24283041 -0.9396382 0.0582706 15
0.22651416 -0.95029891 0.017161118 11
0.22366789 -0.97556233 -0.025777027 11
0.33292237 -0.95372689 0.10312801 20
0.30223373 -0.95182872 0.059846122 16
0.28486606 -0.96052486 0.017720334 12
0.28822643 -0.99161184 -0.028142152 12
0.38909528 -0.95900548 0.10665074 22
0.36254478 -0.96099055 0.061419297 13
0.34625545 -0.97166181 0.017309949 13
0.36193302 -1.0123838 -0.030408882 13
0.45341691 -0.96903855 0.11026307 20
0.41967386 -0.96424747 0.062943541 14
0.41158134 -0.9806782 0.016927445 14
0.44167602 -1.0339763 -0.033618655 13
0.51949453 -0.97692013 0.11384565 96
0.49191815 -0.97695178 0.064598538 21
0.48284411 -0.99342132 0.016574025 14
0.52317613 -1.053419 -0.036857735 82
0.59380233 -0.98664039 0.11854506 93
0.56119412 -0.98483664 0.066246502 86
0.55622804 -1.004189 0.016268665 82
0.62313342 -1.0813965 -0.04086595 68
0.67722845 -1.0000834 0.12333905 93
0.64258689 -0.99635309 0.068015471 85
0.64687824 -1.0234323 0.016147135 79
0.70859855 -1.0938076 -0.044057701 52
0.76053154 -1.009529 0.12811814 91
0.72288769 -1.0049013 0.069764465 93
0.73017389 -1.0309006 0.014918958 84
0.79594922 -1.1021625 -0.048246674 36
0.85186088 -1.0197303 0.13297167 100
0.81526518 -1.0160784 0.072630659 89
0.82666761 -1.0449637 0.014831861 83
0.81570685 -1.060551 -0.04921326 10
0.94203818 -1.0249655 0.13779782 110
0.91058904 -1.0251685 0.074516058 94
0.93934631 -1.0645392 0.01390875 90
0.84671301 -1.026602 -0.051052585 8
1.0432925 -1.0328587 0.14373237 101
1.0139391 -1.0350145 0.07647597 96
1.0589597 -1.081902 0.013040031 98
0.84610564 -0.97360468 -0.05124053 8
1.1586616 -1.0443237 0.14980568 108
1.1283058 -1.0455207 0.07953687 92
1.2038355 -1.1074969 0.012425906 113
0.84652936 -0.92157704 -0.051415771 7
1.2809572 -1.0535718 0.1569334 100
1.2659043 -1.06332 0.082830913 97
1.3770113 -1.1422343 0.011096752 140
0.83989543 -0.86776346 -0.051660258 7
1.4436823 -1.076587 0.1654706 131
1.4337543 -1.0891948 0.087423757 115
1.5599984 -1.17067 0.0098335277 119
0.82920319 -0.8120746 -0.051947474 7
1.6031554 -1.0916958 0.17495161 150
1.5962787 -1.104232 0.090931438 114
1.6615198 -1.1525749 0.0086806379 14
0.85111463 -0.77539921 -0.052877098 7
1.7360567 -1.0876215 0.1811285 93
1.7312062 -1.1001068 0.094126143 9
1.7831925 -1.1388702 0.0067233089 103
0.86897725 -0.73685211 -0.054849286 7
1.8292619 -1.0607589 0.18487135 128
1.8507525 -1.0834513 0.096139908 101
1.937124 -1.1331829 0.0050824713 17
0.86246717 -0.68703681 -0.055078484 8
1.9274352 -1.0327455 0.18865491 111
1.9529198 -1.0543269 0.096955165 76
1.9632684 -1.0713723 0.0041043106 15
0.86613619 -0.64291358 -0.055196755 8
2.0184066 -0.99795312 0.19135064 75
2.0509362 -1.0203269 0.097716548 91
2.047075 -1.0298159 0.0017122434 14
0.88705003 -0.6062696 -0.056134809 7
2.123445 -0.96572542 0.19618139 97
2.1427424 -0.97951555 0.098398954 95
2.1347785 -0.98513502 0.00034431924 13
0.90390515 -0.56774926 -0.057115603 7
2.2182322 -0.92481607 0.19889043 102
2.2465734 -0.93933749 0.099191301 80
2.0132797 -0.87181216 -0.0011329156 8
0.90258628 -0.52378207 -0.058277782 8
2.3230054 -0.88359797 0.20268798 89
2.348253 -0.89422327 0.099947512 89
2.0000191 -0.79720032 -0.00250756 7
0.91031569 -0.48153546 -0.058352984 8
2.4206085 -0.83660078 0.20540152 105
2.4538789 -0.84699297 0.099731892 78
1.9323587 -0.71024567 -0.0044116881 6
0.92517316 -0.44307679 -0.059351176 8
2.5251167 -0.78639221 0.2081659 97
2.5613427 -0.79470032 0.10051538 84
1.9434229 -0.64589596 -0.0055329674 6
0.948066 -0.40537658 -0.061274864 7
2.6295335 -0.73318601 0.21091929 89
2.6827998 -0.74198151 0.10142286 83
1.8779465 -0.56487668 -0.0073968964 6
0.94976926 -0.36231467 -0.061406553 7
2.7257721 -0.67422771 0.2135798 124
2.7739153 -0.67818999 0.10102063 100
1.8891031 -0.50352424 -0.0085068168 6
0.9655962 -0.32282549 -0.062399488 7
2.8309147 -0.61199689 0.21630883 131
2.8820226 -0.61387891 0.10076886 100
1.8891437 -0.43851063 -0.009728875 5
0.97336704 -0.28158319 -0.063470773 6
2.9329774 -0.54686415 0.21799973 128
3.016108 -0.54877192 0.10174591 94
1.9254504 -0.38139677 -0.01160026 6
0.98813432 -0.24012633 -0.064481154 7
3.052737 -0.47893158 0.22174606 117
3.1518326 -0.47836068 0.10162481 117
1.9413775 -0.31971508 -0.012739777 6
0.99365973 -0.19881876 -0.064624719 6
3.1785617 -0.40605959 0.22462103 128
3.280551 -0.4014065 0.10251138 116
1.9554788 -0.25627553 -0.01483098 6
0.99237269 -0.15585229 -0.065782838 8
3.3012669 -0.32928255 0.22745495 129
3.4311464 -0.3197861 0.10257741 125
1.9465538 -0.19253714 -0.016128648 6
1.0021324 -0.11454436 -0.065836437 7
3.4448392 -0.247866 0.23045936 133
3.570565 -0.23250684 0.10252435 119
1.9616556 -0.12906708 -0.018210869 6
0.99984664 -0.071607649 -0.067003325 8
3.5772033 -0.15979092 0.23334078 149
3.7237933 -0.13880219 0.10257258 124
1.9897739 -0.066195779 -0.01917452 6
1.019611 -0.0299975 -0.067968555 8
3.7133837 -0.065597475 0.23623544 117
3.9068255 -0.038185865 0.10286351 124
2.0088751 -0.0026037716 -0.021221185 6
1.0383148 0.013581029 -0.068950087 8
3.8934333 0.032945324 0.2415074 105
4.1216269 0.070404314 0.10341094 105
2.0058877 0.063317277 -0.022473214 6
1.0480237 0.056884032 -0.070010915 8
4.1031632 0.14239907 0.24700704 100
4.3471498 0.18832491 0.10402226 91
1.989 0.12581186 -0.023837416 6
1.0617312 0.10030967 -0.071036361 8
4.3206463 0.26009175 0.25254789 130
4.5942655 0.31990978 0.1047796 61
1.9970782 0.19006693 -0.025984686 6
1.0794064 0.14485691 -0.072030194 8
4.5477886 0.38908285 0.2581363 119
4.8111315 0.4595674 0.10423897 52
1.9980904 0.25610992 -0.027201263 6
1.1000284 0.19149013 -0.074004911 7
4.7735977 0.52903593 0.26367515 106
5.0635839 0.61331671 0.10396809 32
2.0091071 0.32245621 -0.029329423 6
1.1146144 0.23894416 -0.075036362 7
5.0031095 0.67910123 0.26821253 113
5.2907157 0.77729529 0.10343582 26
1.9971882 0.38610327 -0.030653108 6
1.1242032 0.28624493 -0.076111883 7
5.2362533 0.84128076 0.27274075 109
4.3853164 0.78157347 0.084332153 0
2.0310726 0.45714882 -0.032593772 6
1.1257966 0.33330116 -0.077258989 7
5.3525944 0.99686944 0.27124542 100
4.3598456 0.89680839 0.079708166 1
1.9971871 0.51912785 -0.033109583 6
1.1512866 0.38408813 -0.07820566 5
5.307683 1.1274989 0.26239482 98
4.3701138 1.0211397 0.075372137 1
2.0250442 0.59099025 -0.035107709 6
1.1577864 0.43429565 -0.07932017 8
5.2816534 1.2617124 0.25569573 100
4.4797764 1.1665146 0.072843693 0
2.0239782 0.6599648 -0.037361175 6
1.1414407 0.47880441 -0.079625331 8
5.2327476 1.3922119 0.24679084 101
4.3598456 1.2628509 0.067424968 1
2.0129697 0.72663707 -0.038697314 6
1.13503 0.52561682 -0.079849243 34
1.4057027 0.55751818 0.089466773 6
1.300063 0.56206298 0.027502624 67
1.3035914 0.59397078 -0.028580561 85
1.0968615 0.56346452 -0.078325398 53
1.2564342 0.56692642 0.081095703 96
1.2113131 0.58634824 0.025621299 74
1.1672353 0.60380858 -0.027836723 108
1.2371078 0.65874416 -0.085407056 34
1.1757383 0.59044576 0.076289289 83
1.1305995 0.60987538 0.022815045 78
1.1311157 0.64071018 -0.028290723 75
1.1691906 0.68768406 -0.083117262 45
1.0891767 0.60978192 0.070445552 94
1.0262637 0.62067777 0.019842591 89
0.99699408 0.64261848 -0.026497895 89
1.044946 0.69290656 -0.078247443 81
0.9858976 0.61960453 0.064486139 96
0.92497903 0.62957597 0.017904712 82
0.89772034 0.6505872 -0.026414324 84
0.91394877 0.68992072 -0.073408693 76
0.89857137 0.63091969 0.059664641 101
0.84162372 0.64102399 0.016118597 85
0.81436908 0.66104573 -0.025196582 76
0.80881649 0.69172692 -0.068355061 65
0.82423866 0.64263201 0.054958284 86
0.75542253 0.64738369 0.014325253 95
0.72718114 0.66638285 -0.024994889 79
0.70978153 0.69071507 -0.064236708 77
0.74078262 0.64920467 0.051191017 90
0.67600876 0.65208119 0.012600941 93
0.63789713 0.66578555 -0.023788624 80
0.62444687 0.69124484 -0.060998797 78
0.6626963 0.65279704 0.046483818 88
0.60089338 0.6557771 0.010919605 73
0.57266784 0.6727919 -0.023393368 18
0.53456956 0.68550402 -0.05777961 13
0.59750229 0.65978968 0.042878587 20
0.53868008 0.66286778 0.0093406886 12
0.49959496 0.67455739 -0.023050772 12
0.46743625 0.68846279 -0.05438799 12
0.53140056 0.66375369 0.039275661 20
0.47162172 0.66480988 0.007736254 15
0.43848532 0.67768896 -0.022606106 15
0.40530917 0.691571 -0.051952325 11
0.4712956 0.6679011 0.035724834 19
0.41252932 0.66799498 0.0061972351 16
0.38334194 0.68200308 -0.022114333 14
0.34821862 0.69382817 -0.050471295 11
0.40634555 0.6668967 0.032146517 19
0.3653079 0.67554456 0.004747841 15
0.32922879 0.68534708 -0.021610361 14
0.302001 0.70041949 -0.048907854 10
0.35619634 0.67235196 0.029678375 23
0.31223381 0.67791659 0.0042645829 14
0.27423775 0.68466395 -0.021099923 14
0.24602313 0.69871378 -0.046402413 13
0.31104425 0.67796052 0.027254643 22
0.2671338 0.68152958 0.0028484957 14
0.23206641 0.69037157 -0.021496929 13
0.19307443 0.69610023 -0.043866437 13
0.2688911 0.68366057 0.024857691 26
0.22790894 0.68932509 0.0014705904 14
0.18994682 0.69408453 -0.020886257 13
0.15879898 0.70505422 -0.043203734 12
0.22873648 0.68942255 0.022478595 22
0.19367279 0.697276 0.0011370266 16
0.15373331 0.70097893 -0.020233607 12
0.11866961 0.70883232 -0.041575059 12
0.19158046 0.69527692 0.020126214 25
0.14769529 0.69686204 -0.00027214066 13
0.11074569 0.70066023 -0.020616194 12
0.077662714 0.70858234 -0.039939992 12
0.15445545 0.70013124 0.017777856 23
0.11156044 0.70175117 -0.0016116201 13
0.082414843 0.71179426 -0.020907518 12
0.045468979 0.71460384 -0.038247772 12
0.11445361 0.70089728 0.015418205 20
0.085259967 0.71194649 -0.0018814179 14
0.047323108 0.71472198 -0.02023039 12
0.018129088 0.72577202 -0.037529942 11
0.077450305 0.70175457 0.01308522 21
0.049185961 0.71483713 -0.0032130035 15
0.0025402664 0.70735109 -0.019603899 11
-0.028570309 0.71534508 -0.035909787 10
0.049220059 0.70988715 0.011805518 22
0.026861796 0.72615111 -0.0044508614 15
-0.025637852 0.7134881 -0.019875903 11
-0.06158074 0.71534008 -0.034203384 9
0.02593556 0.72016788 0.00956266 25
-0.0071913274 0.72810775 -0.0047607245 14
-0.054763041 0.71759957 -0.019149089 10
-0.090675719 0.71845222 -0.033472732 10
-0.0032417744 0.72627497 0.009281978 24
-0.037298348 0.73218238 -0.0060425848 12
-0.087725826 0.71658933 -0.019438718 10
-0.12070949 0.71953577 -0.032743298 11
-0.03524759 0.72728574 0.0069937911 23
-0.080920525 0.71984148 -0.00638801 10
-0.11196652 0.72484839 -0.019682404 11
-0.14686711 0.72473961 -0.031993382 14
-0.063355707 0.73142153 0.0057297545 22
-0.11188404 0.71889144 -0.0066597899 10
-0.13517694 0.7321384 -0.019913359 11
-0.17005642 0.7310341 -0.031220591 15
-0.10011559 0.72428477 0.0034276312 19
-0.13605516 0.72514904 -0.0078958031 11
-0.16705768 0.72816443 -0.019182585 11
-0.19713096 0.73321205 -0.029468024 14
-0.12910126 0.72439253 0.0021699949 19
-0.16116467 0.72937715 -0.009132999 10
-0.19020768 0.73345572 -0.019405834 10
-0.22313584 0.73341882 -0.028699022 12
-0.15514962 0.72659093 0.00093144894 19
-0.19006799 0.72648996 -0.0093792835 9
-0.22008908 0.72954309 -0.018657165 8
-0.24532548 0.73974448 -0.02791697 10
-0.17540486 0.73596591 -0.0012800911 18
-0.21509516 0.72772318 -0.0096051125 8
-0.23645498 0.7420451 -0.018844487 8
-0.26936206 0.74101269 -0.027133847 12
-0.19751541 0.74028546 -0.0024905307 18
-0.23048292 0.74125171 -0.01078724 8
-0.26148254 0.74327916 -0.0190701 9
-0.29339871 0.74227983 -0.026350575 12
-0.22362731 0.74051505 -0.0037301478 17
-0.25754279 0.73945433 -0.011028713 8
-0.28466511 0.74559951 -0.019291546 11
-0.31274483 0.74972343 -0.025555884 12
-0.24861516 0.74074507 -0.0049522961 16
-0.27768508 0.74483418 -0.012225324 11
-0.30673343 0.74792796 -0.018494649 11
-0.33672062 0.74899203 -0.024765309 13
-0.27260339 0.74100518 -0.0061655021 16
-0.30455884 0.741009 -0.012450011 10
-0.33263814 0.7451331 -0.018714154 11
-0.36257318 0.7442016 -0.023977328 12
-0.29273653 0.7463823 -0.0083618956 15
-0.32848656 0.73927146 -0.013655618 8
-0.35746127 0.73937327 -0.01791369 10
-0.38642728 0.73947215 -0.023171693 12
-0.31384781 0.75073284 -0.0095632942 16
-0.34669945 0.74671602 -0.013841713 9
-0.37945965 0.73969942 -0.018108958 8
-0.40371084 0.74895 -0.022356309 12
-0.33774534 0.74799597 -0.010765064 15
-0.36393461 0.75518692 -0.015022555 11
-0.39764231 0.74614459 -0.018291147 9
-0.42941192 0.73916304 -0.021549555 10
-0.35782674 0.75137836 -0.011953727 15
-0.38308588 0.76060194 -0.015209739 11
-0.41582456 0.75259 -0.018473174 9
-0.44757304 0.74461287 -0.02072789 10
-0.38072419 0.74867189 -0.013146441 14
-0.40504453 0.75992513 -0.016400941 10
-0.43400717 0.75903624 -0.018655108 11
-0.46206129 0.76117539 -0.020911498 12
-0.40174437 0.75002563 -0.014336282 14
-0.42882943 0.75319511 -0.016587578 10
-0.45776147 0.751306 -0.018837946 9
-0.48391643 0.75650811 -0.020087779 13
-0.42548957 0.74229157 -0.015519147 12
-0.45352212 0.74343532 -0.016771801 7
-0.47773939 0.75069797 -0.018011445 9
-0.50752747 0.74378443 -0.019252066 12
-0.43800041 0.7599116 -0.016688718 14
-0.46975762 0.75193739 -0.017943233 7
-0.49949437 0.743029 -0.018176548 6
-0.52838337 0.73914814 -0.018419452 7
-0.45699108 0.76032627 -0.017856952 14
-0.48506296 0.76247323 -0.018113147 10
-0.51492095 0.75756305 -0.018361093 10
-0.54099357 0.75977027 -0.018599635 11
-0.4797672 0.7536236 -0.019034453 14
-0.50686967 0.75680006 -0.019285433 10
-0.53385991 0.75598305 -0.018521771 10
-0.56000239 0.76019359 -0.017767658 12
-0.50336087 0.74089301 -0.020198626 12
-0.52950341 0.7451036 -0.019444505 8
-0.55461603 0.7483449 -0.018677901 9
-0.58246273 0.74250329 -0.016904585 11
-0.51868773 0.75242525 -0.021371916 12
-0.54668635 0.75158101 -0.019616939 6
-0.57541108 0.74171013 -0.017837666 7
-0.59968424 0.74998325 -0.016080506 10
-0.53398395 0.76295829 -0.022541368 14
-0.56201279 0.76311344 -0.020789957 10
-0.58901137 0.7622996 -0.019026045 10
-0.61598921 0.76049 -0.016258551 12
-0.55660862 0.75125802 -0.023700219 13
-0.58361626 0.75044793 -0.02093634 9
-0.60962468 0.74966782 -0.018163681 9
-0.63729876 0.73783308 -0.015368312 9
-0.57818222 0.73759407 -0.023843037 9
-0.60340327 0.74384123 -0.02108717 6
-0.62592924 0.76017475 -0.018341538 9
-0.65288514 0.75736892 -0.014570246 12
-0.59083503 0.7602092 -0.026029686 13
-0.61794245 0.76240098 -0.02227664 10
-0.64471662 0.75359821 -0.018483417 9
-0.67158192 0.74779433 -0.014701136 11
-0.61228734 0.74254698 -0.026157759 12
-0.63921303 0.73874182 -0.022382762 7
-0.66433066 0.74099851 -0.017612178 7
-0.68937832 0.74125189 -0.013834172 8
-0.62845284 0.74904889 -0.028320758 11
-0.6547212 0.75627226 -0.023577064 9
-0.67896044 0.76255739 -0.0188122 9
-0.70504665 0.76378393 -0.014046542 12
-0.64568669 0.75752246 -0.029499657 13
-0.67263061 0.75372493 -0.023724653 9
-0.69774777 0.75598186 -0.01895386 9
-0.72360098 0.74921554 -0.013159096 10
-0.66432297 0.74594915 -0.02962324 11
-0.69029707 0.74318129 -0.023843011 7
-0.71563572 0.75243819 -0.018097688 8
-0.74100417 0.7626946 -0.012355915 12
-0.68054891 0.75445086 -0.031793166 12
-0.70695591 0.76567942 -0.025063783 10
-0.73196095 0.76394188 -0.019278344 9
-0.75867969 0.75215471 -0.011474124 11
-0.69720179 0.7587859 -0.032992508 12
-0.72404218 0.75100112 -0.025200566 8
-0.74987459 0.74324334 -0.018399978 8
-0.77418953 0.75153834 -0.011639295 11
-0.71659791 0.73918992 -0.033095807 11
-0.74121457 0.75748068 -0.026370917 9
-0.76749855 0.76471603 -0.019623946 10
-0.79282176 0.77298486 -0.011871964 13
-0.7331841 0.75969011 -0.03530756 12
-0.75938618 0.76393032 -0.027549893 9
-0.78317672 0.7542398 -0.018724995 8
-0.80913788 0.75048375 -0.010938754 9
-0.75076181 0.74615175 -0.035415076 11
-0.7761153 0.75541991 -0.027666682 8
-0.80126679 0.75769413 -0.018893328 9
-0.82756776 0.76493657 -0.010146435 12
-0.76822639 0.76262349 -0.037621122 13
-0.79461801 0.77286398 -0.028884966 10
-0.81962794 0.77014506 -0.019093838 10
-0.84565783 0.76839089 -0.010314791 12
-0.78497702 0.75510943 -0.038741484 12
-0.81101638 0.75335997 -0.028962564 8
-0.83608592 0.75263906 -0.019178536 8
-0.86339563 0.75985521 -0.0094403895 12
-0.80187827 0.75259346 -0.039879739 12
-0.82931709 0.76381117 -0.029155917 9
-0.8554467 0.76505989 -0.019387715 10
-0.88381529 0.77424413 -0.0096652778 13
-0.82134169 0.76900619 -0.042103074 13
-0.84851819 0.77123022 -0.030347148 10
-0.87459606 0.7704832 -0.019571841 9
-0.90055388 0.76573837 -0.0087822974 9
-0.83674043 0.74953121 -0.042172082 10
-0.86394709 0.75275564 -0.030419759 8
-0.89014536 0.75600725 -0.019658754 9
-0.91747242 0.76323032 -0.0079207215 10
-0.85606188 0.7609489 -0.043377616 13
-0.88450867 0.77213967 -0.031662472 10
-0.91171527 0.77536511 -0.019910172 10
-0.94098079 0.78052837 -0.0081822556 13
-0.87522435 0.76736653 -0.0455653 13
-0.90343899 0.77056396 -0.032821659 9
-0.93176526 0.77775711 -0.021092255 10
-0.96107841 0.78392667 -0.0073680123 11
-0.89074355 0.75189024 -0.045648672 9
-0.9201684 0.76205546 -0.03293867 6
-0.9473837 0.76528388 -0.020186434 7
-0.97556847 0.7674818 -0.0074392715 8
-0.9121151 0.76524484 -0.047878593 13
-0.94257855 0.77638227 -0.034180861 10
-0.96976364 0.77861136 -0.021425065 10
-0.99787557 0.7778179 -0.0066673071 11
-0.93445617 0.777569 -0.050113589 14
-0.96374822 0.78274298 -0.035385873 9
-0.99197185 0.7859453 -0.021642361 11
-1.0201136 0.78615141 -0.0068881591 12
-0.94897604 0.76212364 -0.050188422 8
-0.97929788 0.76826793 -0.035472956 7
-1.0087012 0.77743679 -0.02175945 7
-1.0400306 0.78355318 -0.0060526091 9
-0.97122723 0.7714504 -0.0524128 13
-0.99934781 0.770661 -0.036655128 9
-1.0296693 0.77680439 -0.021939633 8
-1.0621576 0.78789264 -0.0052593425 10
-0.99453723 0.78274632 -0.054652888 14
-1.0247859 0.78589731 -0.037926793 10
-1.0539665 0.78707755 -0.022184946 11
-1.0820661 0.78529149 -0.0054237964 10
-1.0144671 0.78114158 -0.055820853 13
-1.0446856 0.78329325 -0.0390912 8
-1.0771139 0.79238266 -0.022403814 11
-1.1137288 0.80735254 -0.0047723581 6
-1.0289874 0.76569712 -0.055895831 9
-1.0635649 0.77972353 -0.039243516 7
-1.1002306 0.79668856 -0.022619093 10
-1.1325476 0.80178308 -0.0049175452 13
-1.0564371 0.78186685 -0.059188295 13
-1.0866133 0.78202748 -0.040451691 9
-1.1221982 0.79602712 -0.022808019 9
-1.1597916 0.80997139 -0.0041817478 13
-1.0773666 0.78023309 -0.06036498 14
-1.1086322 0.78336197 -0.041647695 8
-1.1452168 0.79733258 -0.024012698 9
-1.1827672 0.8092829 -0.0033793617 13
-1.1004058 0.78253317 -0.062573105 13
-1.1337395 0.78760475 -0.042880293 9
-1.1681837 0.79664117 -0.024210285 10
-1.208853 0.8125 -0.0036171523 14
-1.1287434 0.79467922 -0.064860068 15
-1.162017 0.7977519 -0.045160163 11
-1.19324 0.79888886 -0.024435891 10
-1.2328285 0.81178337 -0.0028235181 14
-1.1506634 0.79301256 -0.067045406 15
-1.1870643 0.79999679 -0.046385713 11
-1.2224741 0.80701411 -0.0247174 10
-1.2609218 0.81494439 -0.0020786813 14
-1.1791314 0.80015552 -0.069330297 14
-1.2112813 0.79826891 -0.046603892 10
-1.249802 0.80918944 -0.025975615 11
-1.2903173 0.81905997 -0.0023611393 15
-1.2030205 0.79742825 -0.071529247 14
-1.2383792 0.80244851 -0.048853714 10
-1.2789164 0.81331527 -0.026242815 11
-1.3194014 0.82218641 -0.0026247825 14
-1.2290584 0.79963815 -0.073763259 15
-1.2674851 0.80657077 -0.050120898 11
-1.312179 0.82231849 -0.026562406 12
-1.3536726 0.83116293 -0.001953095 14
-1.262325 0.80963087 -0.0770863 16
-1.2955309 0.8087244 -0.051372301 10
-1.3401346 0.82147396 -0.027803143 13
-1.3826363 0.83029181 -0.0022025285 14
-1.287222 0.80687761 -0.078293979 15
-1.3266355 0.81278723 -0.052656796 11
-1.3691587 0.8226015 -0.02805973 10
-1.4261433 0.84699482 -0.0016371455 15
-1.3141094 0.80406076 -0.080518954 15
-1.3566417 0.81387836 -0.054921951 10
-1.4001517 0.8226701 -0.028330063 10
-1.4435802 0.82846653 -0.00072754378 13
-1.3441159 0.8051523 -0.082784139 15
-1.3969731 0.82566434 -0.057312693 10
-1.4311144 0.82173938 -0.028596861 10
-1.4900855 0.84507996 -0.00018813263 11
-1.3803204 0.81305683 -0.086126037 16
-1.4248087 0.82082242 -0.058539324 11
-1.4630983 0.8217749 -0.029875875 10
-1.5271353 0.8469677 -0.00051750115 11
-1.414346 0.81502467 -0.089429371 16
-1.4609107 0.82473606 -0.05986714 10
-1.4960303 0.819785 -0.030156493 10
-1.5662235 0.84979898 0.00013214754 9
-1.4452311 0.81208873 -0.091689013 15
-1.4937953 0.82174033 -0.062144134 10
-1.5413382 0.83042556 -0.031587079 11
-1.6001334 0.84678316 0.00084636151 9
-1.4802259 0.81302774 -0.094997481 11
-1.5308063 0.82262617 -0.063469984 10
-1.5710614 0.82152987 -0.031816948 10
-1.6298352 0.83689147 0.0016199838 9
-1.5285962 0.82656717 -0.099464558 9
-1.5646907 0.81960076 -0.065755725 11
-1.6224262 0.83398956 -0.033306561 9
-1.6698326 0.83669502 0.0022715549 10
-1.5696182 0.82832623 -0.10282854 9
-1.6077801 0.82330221 -0.068144143 8
-1.6490011 0.82018715 -0.033492848 9
-1.6984664 0.82483137 0.0020608557 10
-1.5951844 0.8145501 -0.10400608 9
-1.6384645 0.81337386 -0.069379188 9
-1.6879001 0.81701899 -0.033821985 9
-1.740373 0.82157689 0.0027056723 10
-1.6361377 0.81430739 -0.108363 9
-1.6691186 0.8024466 -0.070610724 9
-1.7195625 0.8060652 -0.034062233 9
-1.7781612 0.81444448 0.0033992718 10
-1.6677525 0.80234724 -0.11059959 9
-1.7151167 0.80306053 -0.07301458 9
-1.7573335 0.79892629 -0.035368592 10
-1.8179487 0.80725235 0.0040754993 11
-1.7045153 0.79523492 -0.11289726 10
-1.7436224 0.78719646 -0.074211217 9
-1.7930242 0.78885257 -0.035647105 10
-1.8577061 0.7990613 0.0047552227 11
-1.74018 0.78515136 -0.11617565 10
-1.7833923 0.779998 -0.075534932 10
-1.8286549 0.77678001 -0.035918579 10
-1.8983946 0.78883821 0.0044333562 11
-1.7860197 0.78076547 -0.11956187 10
-1.815956 0.76601315 -0.076773345 10
-1.8683352 0.76658398 -0.037231781 10
-1.9380623 0.77764916 0.0051235938 11
-1.8206035 0.76771706 -0.12182111 10
-1.8596854 0.75769252 -0.079128198 10
-1.9151406 0.76017892 -0.037619792 11
-1.9837872 0.76827919 0.0057547777 12
-1.8581772 0.75457549 -0.1251063 11
-1.8992972 0.7454946 -0.081434369 10
-1.9496225 0.74313992 -0.037865087 11
-2.0304818 0.75788063 0.0063807685 11
-1.9058962 0.74613255 -0.12849584 11
-1.9419373 0.73420602 -0.083770066 11
-1.9942706 0.73179513 -0.039218187 11
-2.0791452 0.74642253 0.0069929557 11
-1.9373021 0.72717792 -0.13070807 11
-1.9773802 0.71613455 -0.085020527 11
-2.0378382 0.71748543 -0.039552122 12
-2.1298082 0.73490518 0.0075877197 11
-1.9859221 0.71570355 -0.1350957 12
-2.0229592 0.70275772 -0.087375261 12
-2.0833962 0.7031126 -0.040903382 12
-2.1793814 0.72041959 0.0082017332 60
-2.0358055 0.70314378 -0.13849726 12
-2.0728207 0.6892007 -0.089772947 12
-2.1302161 0.68765026 -0.04126773 12
-2.2352664 0.70668411 0.0087528685 15
-2.0812764 0.68675989 -0.14284088 12
-2.1173096 0.67285335 -0.092107996 11
-2.1776824 0.67021668 -0.042625263 12
-2.3080382 0.6985023 0.0091434931 65
-2.1337829 0.67116857 -0.14624864 13
-2.1607177 0.65354109 -0.093423881 61
-2.2271175 0.65172404 -0.043996606 42
-2.3503144 0.6742298 0.0098538315 52
-2.1781433 0.65082085 -0.14956959 62
-2.2333858 0.64334375 -0.098025993 3
-2.2765322 0.63223577 -0.044364564 62
-2.4006469 0.65171659 0.010487796 63
-2.2345705 0.63310492 -0.15500495 5
-2.2675591 0.61630672 -0.099235848 55
-2.3248484 0.60977614 -0.045713276 61
-2.4722095 0.63656962 0.010911635 59
-2.2868974 0.61151767 -0.1583917 41
-2.3138378 0.59290433 -0.1015637 53
-2.3933353 0.59271348 -0.047256328 59
-2.5375652 0.6146068 0.011412099 45
-2.368475 0.59904301 -0.16606468 28
-2.3873045 0.57568496 -0.10514996 44
-2.4617622 0.57365245 -0.048792399 55
-2.5958047 0.58885652 0.011987201 49
-2.4176238 0.57155007 -0.1694044 27
-2.4506266 0.55376941 -0.10863212 45
-2.519984 0.54789519 -0.050217248 63
-2.6670978 0.56471527 0.012442649 40
-2.4848666 0.54750896 -0.17491405 30
-2.5017235 0.52422124 -0.11098227 51
-2.5720983 0.51832432 -0.050576199 61
-2.7070165 0.5285114 0.013212225 3
-2.5510201 0.52049994 -0.18040451 42
-1.0485687 0.054880947 -0.024715466 2
-1.1024996 0.05028918 -0.017171821 2
-1.1132766 0.046917729 -0.030255428 3
-1.1160072 0.03487619 -0.017238904 3
-1.1267159 0.029502731 -0.031315446 4
-1.0731506 0.01111685 -0.025785206 4
-1.103633 -0.0048112441 -0.027999541 4
-1.1240118 -0.024438294 -0.030113544 4
-1.0632368 -0.020559965 -0.013593004 3
-1.1214472 -0.042366292 -0.029031871 4
-1.0677497 -0.035703842 -0.013582404 2
-1.0890645 -0.054393321 -0.025708139 3
-1.1010523 -0.057718474 -0.015801832 2
-6.2472878 -1.7132816 -0.32352239 19
-6.314487 -1.7226976 -0.1560744 0
-6.1896262 -1.8355777 -0.31962195 71
-6.2390175 -1.8374683 -0.1550426 35
-11.753939 -3.6513851 0.015533379 14
-6.1428242 -1.9622071 -0.31780288 71
-6.1853595 -1.9588934 -0.1541805 45
-12.342692 -4.1361518 0.010943157 88
-6.0980301 -2.0888937 -0.31500134 57
-6.128665 -2.0812335 -0.15428896 52
-7.8698626 -2.7179379 0.0055262558 150
-6.0423031 -2.2132535 -0.31211171 40
-6.0829062 -2.2059014 -0.1544859 43
-7.807014 -2.8781133 0.0025931874 150
-5.9964828 -2.3409097 -0.30929843 19
-6.0322108 -2.3284216 -0.15464674 33
-7.7303739 -3.0308781 -0.0012433975 128
-5.9378099 -2.4631851 -0.30739018 3
-6.0052371 -2.4606545 -0.15498416 21
-6.5978384 -2.6949065 -0.0034124085 27
-5.9446688 -2.5788782 -0.15507281 13
-7.6274557 -3.3589184 -0.0082855616 38
-5.8968267 -2.7064867 -0.15524265 1
-7.5724816 -3.5233371 -0.012274886 21
-7.5568628 -3.7099404 -0.016537502 1
-1.3085544 -0.70315468 -0.048961893 5
-1.2796472 -0.70131022 -0.046729244 9
-1.3083403 -0.71612298 -0.033924371 6
-1.3187307 -0.70738065 -0.020043882 6
-1.2575966 -0.70467347 -0.044539321 13
-1.2785511 -0.7102564 -0.032699782 9
-1.2860222 -0.69843072 -0.019805104 8
-1.3079756 -0.70404339 -0.0079734903 11
-1.2402993 -0.71618432 -0.043362781 16
-1.2563914 -0.71661752 -0.031497322 10
-1.2667799 -0.70687634 -0.019618072 8
-1.2829885 -0.70330924 -0.0077669811 15
-1.2171878 -0.71949977 -0.042156249 16
-1.2208831 -0.69955277 -0.029255198 7
-1.2494485 -0.71736771 -0.019435631 13
-1.2588881 -0.70560127 -0.0085553108 15
-1.1865377 -0.70757735 -0.038937595 15
-1.2093126 -0.71821851 -0.029093543 8
-1.2234757 -0.71559912 -0.019221982 12
-1.2339061 -0.70386571 -0.0093499646 10
-1.1644534 -0.70992237 -0.037742712 11
-1.1881603 -0.72259498 -0.028899681 10
-1.1937406 -0.70571607 -0.01900419 9
-1.2204165 -0.71947742 -0.010182558 16
-1.1538234 -0.7306174 -0.037582092 16
-1.1622843 -0.71782529 -0.027697021 9
-1.1841104 -0.72644031 -0.018851964 12
-1.1945324 -0.71470988 -0.009979899 15
-1.1298962 -0.72790223 -0.035388883 15
-1.1383781 -0.71411347 -0.026507435 7
-1.1582557 -0.7206741 -0.018652942 12
-1.1677287 -0.70691842 -0.0107798 10
-1.1022067 -0.71707255 -0.033191524 11
-1.1277779 -0.73380899 -0.026350513 10
-1.1334298 -0.71393824 -0.018465906 11
-1.1570902 -0.72761762 -0.011619148 15
-1.0906072 -0.7367382 -0.033026271 15
-1.1019906 -0.72604048 -0.025158834 10
-1.118979 -0.72851849 -0.018293871 11
-1.1322563 -0.72088492 -0.012432098 14
-1.065887 -0.72699738 -0.030850302 14
-1.0856886 -0.73556346 -0.024988424 10
-1.0970335 -0.72586924 -0.018117234 11
-1.1122211 -0.72129369 -0.012261177 11
-1.0458307 -0.72840273 -0.029675743 12
-1.0646626 -0.73594022 -0.023809182 11
-1.0722964 -0.71613556 -0.017941162 9
-1.0968133 -0.73385185 -0.014088064 15
-1.0295376 -0.73792279 -0.028505383 14
-1.0390522 -0.72217476 -0.022639433 7
-1.062511 -0.7418614 -0.018770667 12
-1.071165 -0.72109008 -0.013914595 12
-1.0068016 -0.73119056 -0.027306888 13
-1.0283917 -0.74682713 -0.023440614 9
-1.0380018 -0.72809094 -0.018589459 10
-1.0587698 -0.7377007 -0.014736295 14
-0.99432421 -0.74884957 -0.026155397 14
-1.0085388 -0.7432586 -0.022298528 10
-1.0236343 -0.74169606 -0.018435197 10
-1.0369002 -0.7340799 -0.01557699 13
-0.97440863 -0.74727875 -0.025006123 14
-0.98763913 -0.74065298 -0.021140566 8
-1.0045941 -0.74314433 -0.018275429 11
-1.0151428 -0.72543758 -0.01542515 10
-0.95261949 -0.73962945 -0.023847878 12
-0.97224754 -0.75320464 -0.020967416 10
-0.98282605 -0.73449838 -0.018120818 9
-1.0034963 -0.74611074 -0.01725602 14
-0.93902034 -0.75923675 -0.023665793 14
-0.95230174 -0.75061482 -0.020807559 10
-0.96924841 -0.75310928 -0.01894241 11
-0.98078763 -0.73543543 -0.017100397 12
-0.91914201 -0.75464451 -0.022513298 13
-0.93605852 -0.75813943 -0.020644424 10
-0.94933158 -0.7495206 -0.018786162 10
-0.96629024 -0.75102228 -0.018924555 13
-0.90102643 -0.7581085 -0.021348163 13
-0.91703218 -0.75857449 -0.019481959 10
-0.9312371 -0.75198799 -0.018624661 10
-0.947285 -0.75046182 -0.018765708 13
-0.88382202 -0.76460052 -0.020180404 13
-0.89626378 -0.74995869 -0.019335687 8
-0.91401529 -0.75848693 -0.019456785 10
-0.92929965 -0.74893445 -0.019618787 12
-0.86317974 -0.75198287 -0.019048795 12
-0.8817246 -0.76753783 -0.01915263 10
-0.89427549 -0.74890131 -0.019322488 8
-0.91383284 -0.76349294 -0.021438299 13
-0.84850168 -0.77455735 -0.01784746 14
-0.8611415 -0.75292206 -0.018028336 8
-0.87958086 -0.77148205 -0.020121116 11
-0.89318222 -0.75087839 -0.021306654 10
-0.82877058 -0.76496881 -0.016713202 12
-0.84641707 -0.77650231 -0.018823283 10
-0.85898906 -0.75686914 -0.019996757 9
-0.87847894 -0.77346313 -0.023105225 13
-0.81152821 -0.77246457 -0.016541716 13
-0.8258633 -0.76088673 -0.017702619 8
-0.84344286 -0.77442276 -0.020805379 10
-0.8570351 -0.75382298 -0.022990804 10
-0.79341304 -0.77592874 -0.015376592 13
-0.80935514 -0.77740848 -0.017506542 9
-0.82455504 -0.7698645 -0.020661099 9
-0.84160632 -0.76737875 -0.023814028 12
-0.77468121 -0.76637012 -0.014250634 12
-0.79208338 -0.78590393 -0.017331406 10
-0.80649006 -0.77133423 -0.020503202 9
-0.82338578 -0.77384901 -0.024637831 11
-0.75687861 -0.79285842 -0.014009593 14
-0.77258795 -0.76831907 -0.016226372 7
-0.78991485 -0.78985852 -0.021299811 10
-0.80460763 -0.76529622 -0.025508136 9
-0.73911744 -0.78432876 -0.012888375 13
-0.75489575 -0.79081213 -0.017000014 10
-0.77141041 -0.77230674 -0.021203071 7
-0.78793567 -0.78682256 -0.027293744 13
-0.72114921 -0.78279644 -0.011741468 13
-0.7368601 -0.79128218 -0.016845759 9
-0.75286537 -0.78977317 -0.021986589 10
-0.76928365 -0.77426898 -0.027178679 7
-0.70140725 -0.80722666 -0.011491106 15
-0.71918702 -0.77975446 -0.015735459 8
-0.73452705 -0.80024213 -0.022795757 10
-0.75187719 -0.78677028 -0.028988821 11
-0.68382233 -0.79270083 -0.01039174 12
-0.69946581 -0.80318892 -0.016488688 11
-0.71708924 -0.78071785 -0.021714665 7
-0.73250157 -0.79821301 -0.030785942 12
-0.66473663 -0.79513812 -0.0092218136 14
-0.68143064 -0.80366021 -0.016334439 9
-0.69750738 -0.79915833 -0.023486178 10
-0.71593696 -0.78272051 -0.030698521 7
-0.64438713 -0.8065418 -0.0080106957 15
-0.66258097 -0.79810035 -0.015193797 9
-0.67808139 -0.81259739 -0.024276024 11
-0.69650227 -0.79616255 -0.032488309 11
-0.62658715 -0.79901654 -0.0078856386 12
-0.64209628 -0.81350958 -0.015967937 11
-0.66061431 -0.79407287 -0.023191247 8
-0.67703825 -0.81060529 -0.034274444 13
-0.60738444 -0.80545193 -0.0067011504 15
-0.62312049 -0.81195152 -0.015812637 9
-0.64012957 -0.8094821 -0.023965389 11
-0.65829778 -0.80105072 -0.034148347 7
-0.58499807 -0.81780028 -0.0064696097 16
-0.60430032 -0.80539405 -0.014675592 9
-0.61875516 -0.82086694 -0.02574579 11
-0.63804048 -0.80846679 -0.035951704 11
-0.56515586 -0.81817758 -0.0052999663 14
-0.58200079 -0.8207137 -0.015434317 11
-0.60231596 -0.80734432 -0.025652329 7
-0.61667335 -0.82582104 -0.037711315 13
-0.54742414 -0.8086493 -0.0041823909 14
-0.55973172 -0.82906216 -0.015217381 12
-0.57877362 -0.82466376 -0.02639403 11
-0.59663016 -0.82623613 -0.038540293 7
-0.52283168 -0.82793492 -0.0039084451 16
-0.54310888 -0.81556928 -0.015122732 7
-0.55534905 -0.83798444 -0.027150378 12
-0.5778231 -0.81868428 -0.039406959 10
-0.49848357 -0.83922023 -0.0026638322 17
-0.51975167 -0.82688761 -0.014886428 10
-0.53427768 -0.83936954 -0.02796739 9
-0.55439025 -0.83200812 -0.041163284 12
-0.47742012 -0.84060305 -0.002480817 17
-0.49532792 -0.84017944 -0.015634427 12
-0.5166254 -0.82684714 -0.027860668 8
-0.53101617 -0.8433336 -0.0429269 13
-0.45865944 -0.83204544 -0.0013511786 15
-0.46994218 -0.8524394 -0.015377726 13
-0.49226034 -0.83813953 -0.028615968 11
-0.5078488 -0.84766263 -0.044716153 10
-0.43660507 -0.83339518 -0.00015983873 16
-0.44896767 -0.8508234 -0.015205715 8
-0.46688744 -0.84940708 -0.030362865 12
-0.48573986 -0.85002232 -0.04652106 8
-0.41033795 -0.84162754 9.0584654e-05 17
-0.43022767 -0.84127009 -0.015079649 8
-0.44267002 -0.85570228 -0.031136464 12
-0.46266061 -0.85135323 -0.048321236 10
-0.38299185 -0.85282606 0.0013602668 18
-0.40610665 -0.84456408 -0.014864198 8
-0.41745299 -0.86196846 -0.031901691 12
-0.4373762 -0.85962182 -0.050079111 11
-0.35890061 -0.85512054 0.0015720438 19
-0.38201576 -0.84685767 -0.014652465 9
-0.39226538 -0.86723602 -0.03267055 9
-0.41106281 -0.86886102 -0.051824961 11
-0.33484742 -0.85641235 0.0027801234 19
-0.3557992 -0.85309589 -0.015409284 9
-0.36501232 -0.87444621 -0.034415413 9
-0.3837713 -0.87707478 -0.054566097 10
-0.3044644 -0.86852634 0.0030786355 19
-0.32644558 -0.86423939 -0.015122827 9
-0.33994213 -0.87571591 -0.035198841 9
-0.35542968 -0.88725471 -0.056291591 10
-0.27841243 -0.86976022 0.004303446 19
-0.29931822 -0.86744869 -0.015882283 9
-0.31172708 -0.88189423 -0.035939001 9
-0.32616875 -0.89441085 -0.05901964 10
-0.24079755 -0.88966453 0.0046896902 22
-0.26799518 -0.87753451 -0.015582749 10
-0.27929935 -0.89495629 -0.03762009 9
-0.28628579 -0.92226589 -0.062587351 8
-0.211659 -0.89380848 0.0059505245 22
-0.23986784 -0.88071561 -0.016333774 10
-0.25013515 -0.89911026 -0.039359123 9
-0.25923833 -0.92248124 -0.064357705 7
-0.18048316 -0.89889699 0.0062318104 22
-0.21286665 -0.87992412 -0.016107837 10
-0.21892132 -0.90520251 -0.040074121 9
-0.21643716 -0.94725341 -0.068911284 7
-0.15149103 -0.89804429 0.0074744835 22
-0.17747854 -0.89189547 -0.016767517 10
-0.1856999 -0.91123867 -0.041772366 10
-0.17897455 -0.96117234 -0.071546905 8
-0.11934536 -0.9021042 0.007760487 15
-0.12965448 -0.91850758 -0.01727207 10
-0.16298258 -0.90057355 -0.042616311 9
-0.13744639 -0.97697544 -0.07514172 8
-0.087266721 -0.90416259 0.0090391971 13
-0.094440207 -0.92445165 -0.01795442 11
-0.098397911 -0.95162332 -0.045898333 8
-0.091750562 -0.99751204 -0.079689555 8
-0.045843277 -0.91675752 0.0094285598 14
-0.062387992 -0.92435271 -0.018686593 11
-0.059100658 -0.95938247 -0.048540924 8
-0.043092102 -1.0170702 -0.084211126 6
-0.008724099 -0.91967762 0.0097535513 15
-0.014824263 -0.94197506 -0.019223398 9
-0.018819727 -0.96721935 -0.050172489 9
-0.0017957846 -1.0248836 -0.087834574 3
0.027357953 -0.92162395 0.011064975 14
0.020186195 -0.94095874 -0.019931084 12
0.024526849 -0.97696978 -0.052773487 9
0.022688966 -1.0061706 -0.088691093 1
0.074766584 -0.93424374 0.01150627 16
0.067632385 -0.95458245 -0.020486044 10
0.070892744 -0.98762792 -0.054347798 10
0.036845405 -0.97675288 -0.088671982 1
0.12313736 -0.9458316 0.012950269 15
0.10772899 -0.95641708 -0.021144643 10
0.12856501 -1.0079635 -0.057796407 10
0.053067755 -0.94927871 -0.089629948 1
0.16014555 -0.94180578 0.013229922 16
0.16023476 -0.9689461 -0.02167809 10
0.18935323 -1.0292634 -0.061232761 9
0.062154051 -0.9150638 -0.088675559 1
0.21763062 -0.95712417 0.014753133 17
0.21050306 -0.97648203 -0.022241296 11
0.25508022 -1.0513607 -0.064619362 7
0.075347982 -0.88667834 -0.089665875 1
0.26577455 -0.96071702 0.01515682 13
0.26795354 -0.98981178 -0.023727676 11
0.32271832 -1.0704 -0.068003416 4
0.089591272 -0.86025846 -0.089641728 1
0.32209164 -0.97007078 0.015645303 13
0.3252562 -0.99814355 -0.025234926 12
0.34805462 -1.0466576 -0.068883985 21
0.10177699 -0.83189917 -0.089641944 1
0.38342792 -0.98027289 0.017175421 14
0.39481834 -1.0151172 -0.026614597 12
0.37230247 -1.0199454 -0.069785081 1
0.11400001 -0.80454183 -0.090639293 0
0.43853948 -0.98265803 0.01762514 15
0.47249505 -1.0358521 -0.027917983 73
0.37295544 -0.97391313 -0.068946399 14
0.1231273 -0.77427167 -0.090672716 0
0.517133 -1.001354 0.019319907 85
0.55414051 -1.0554695 -0.029196169 74
0.4003273 -0.95111412 -0.070810892 1
0.12510242 -0.73920619 -0.089781485 0
0.59455884 -1.0140851 0.019981271 84
0.64076221 -1.0739424 -0.031441417 81
0.40103906 -0.90708137 -0.069966272 16
0.13944188 -0.71578884 -0.090750232 0
0.66880906 -1.0209064 0.020593146 80
0.73132336 -1.0902981 -0.033665761 78
0.43046048 -0.88621861 -0.070809856 1
0.15377276 -0.69236743 -0.090719953 0
0.75423121 -1.0333996 0.021311685 82
0.82179558 -1.103654 -0.035905082 65
0.43329608 -0.84612823 -0.070935987 13
0.15790153 -0.66224384 -0.090796024 0
0.83744764 -1.0389544 0.02198465 84
0.91517824 -1.113922 -0.038135599 49
0.45350695 -0.81853008 -0.070879549 1
0.17021167 -0.63788527 -0.091786839 0
0.94197911 -1.0548841 0.022861267 90
0.96759039 -1.0923778 -0.038809489 38
0.44519204 -0.77376348 -0.070112683 13
0.17639029 -0.60969889 -0.090840816 0
1.0646498 -1.0752798 0.023894176 93
0.95271939 -1.0287946 -0.038170677 9
0.46541044 -0.74616885 -0.071058042 1
0.18667184 -0.58439976 -0.091852568 1
1.1841074 -1.0887619 0.025872102 107
0.96234584 -0.98149884 -0.03827963 9
0.47341993 -0.71192771 -0.071125098 11
0.19697411 -0.56009632 -0.09186139 1
1.3379709 -1.1152369 0.027164204 131
1.0472596 -0.97600836 -0.040644467 9
0.49060971 -0.68342179 -0.07209985 1
0.20728467 -0.53579497 -0.092869416 1
1.5119401 -1.1451199 0.02863607 150
1.0447053 -0.92306548 -0.039857071 8
0.50067753 -0.65111715 -0.072133832 9
0.2125026 -0.50863451 -0.092923485 1
1.6663551 -1.1565756 0.029901212 70
1.0533376 -0.8758021 -0.040955458 8
0.52096295 -0.62552053 -0.074063055 1
0.22281483 -0.48432809 -0.093927063 1
1.7911936 -1.1488966 0.030864131 100
1.0498129 -0.82388872 -0.040166486 8
0.52494508 -0.59039402 -0.074155115 14
0.23315722 -0.46102208 -0.094926819 1
1.9299966 -1.1398066 0.031932924 66
1.034155 -0.76733428 -0.040490113 8
0.53198534 -0.55717856 -0.07421609 0
0.25361258 -0.44141865 -0.095833294 0
2.0240905 -1.1070303 0.031563416 44
1.084389 -0.73985147 -0.041188467 8
0.53905582 -0.52496248 -0.074273229 14
2.1211171 -1.0721642 0.032209922 69
1.0849891 -0.69182163 -0.04135292 10
0.55827546 -0.49739301 -0.075217672 1
2.2069418 -1.0306257 0.032744016 70
1.1149466 -0.65493834 -0.043245144 8
0.56025988 -0.46232599 -0.075325117 12
2.300734 -0.98785329 0.033337075 71
1.1620644 -0.62354672 -0.043981884 8
0.57545263 -0.43387565 -0.076304503 0
2.3863616 -0.93932307 0.03284508 67
1.1152085 -0.56090707 -0.043573976 9
0.58861709 -0.40448454 -0.077303231 8
2.4913895 -0.8934471 0.034105379 58
1.1515484 -0.52495223 -0.043945733 9
0.59607357 -0.37233523 -0.077933386 0
2.5969112 -0.84131294 0.033941697 58
1.1985576 -0.48955378 -0.046569511 8
2.6822155 -0.7817744 0.032594886 43
1.2263831 -0.44870898 -0.047365107 8
2.8137255 -0.72887594 0.032653838 34
1.2360706 -0.40339673 -0.048322596 8
0.60418981 -0.27301979 -0.078912862 9
2.9068711 -0.66410089 0.032365773 29
1.2417175 -0.35718882 -0.04823982 8
3.0260484 -0.60051614 0.031759404 25
1.2494174 -0.31289712 -0.048904441 8
0.62235922 -0.21038595 -0.079404905 9
2.9451346 -0.50280076 0.030375794 13
1.2309504 -0.26337919 -0.048917182 9
2.6074238 -0.38066775 0.027069883 4
1.2356158 -0.21721576 -0.050056227 8
0.63150162 -0.1460629 -0.081392363 10
2.5730872 -0.30063349 0.024470259 7
1.2563605 -0.17357941 -0.051050715 8
2.5518522 -0.22421202 0.022995213 7
1.2389759 -0.12606385 -0.052378483 8
0.66067231 -0.082169555 -0.083389841 12
2.5897741 -0.1520531 0.021032752 7
1.2316359 -0.080249682 -0.052615028 9
2.5916231 -0.07795579 0.018761732 7
1.2493597 -0.035705306 -0.054636423 9
0.67378986 -0.016748007 -0.085526139 11
2.6255155 -0.0049149715 0.016763704 8
1.2229899 0.010551759 -0.054032132 9
2.6523213 0.070919141 0.01469723 7
1.2376845 0.056007273 -0.056080826 9
0.6738739 0.049294263 -0.086771861 11
2.6491106 0.14686848 0.012380465 8
1.2593455 0.1026694 -0.058075093 8
2.6748352 0.22566888 0.0092964396 7
1.2570386 0.14762813 -0.05926295 9
0.68590838 0.11768243 -0.089924023 8
2.6596582 0.30026475 0.0068869796 7
1.2596693 0.19473296 -0.060416296 9
2.6285164 0.3733899 0.004351188 8
1.2663062 0.24195266 -0.062536061 9
0.70687753 0.18833536 -0.093007952 7
2.6582365 0.45230842 0.0013030873 8
1.2819384 0.28943753 -0.064581372 7
2.6201262 0.52422625 -0.0012833644 8
1.2775414 0.33733624 -0.065793782 7
0.72481781 0.25989965 -0.096118622 3
2.6019757 0.59773386 -0.0037078841 8
1.2781802 0.38437653 -0.067959793 7
2.6235416 0.68237525 -0.0078203641 8
1.2777371 0.43435922 -0.069132052 6
2.5765693 0.74998641 -0.010438599 8
1.2435381 0.47534505 -0.069553398 19
0.77634239 0.38240308 -0.10310984 1
2.5633831 0.82559407 -0.013804046 7
1.1676961 0.50310409 -0.068274796 43
1.3132917 0.56561267 -0.0081792669 11
1.1404363 0.54129034 -0.069547795 85
0.70458555 0.43630344 -0.10083688 9
1.2533631 0.5968678 -0.0097998893 91
1.1073103 0.57934052 -0.069965854 106
1.1042845 0.59748852 -0.010058081 105
1.2318503 0.66702956 -0.077236913 59
0.705356 0.51336384 -0.10410811 12
1.0702343 0.63350207 -0.012475022 81
1.1412255 0.68638831 -0.075069025 61
0.962026 0.63932341 -0.013405299 82
1.0171084 0.68775469 -0.072116427 92
0.72288901 0.5989182 -0.1082664 16
0.87768883 0.64985031 -0.014150664 85
0.90301663 0.68841386 -0.06907545 88
0.74349517 0.64754397 -0.11126632 14
0.79344034 0.65737623 -0.014883148 82
0.80986392 0.69168776 -0.066867098 84
0.72745538 0.68309081 -0.11252571 15
0.70636964 0.6588161 -0.015616563 87
0.71188259 0.68881792 -0.063675918 88
0.72725976 0.72410703 -0.11367135 24
0.63027257 0.66157472 -0.017261688 79
0.62587416 0.68729788 -0.061388168 82
0.68558937 0.74590147 -0.11209482 40
0.59665632 0.74128759 -0.10681666 53
0.35284624 0.66996646 -0.12759417 16
0.36651096 0.75234598 -0.13275775 19
-2.1731513 0.65228623 -0.051365856 68
-2.1500394 0.69343024 -0.20831244 49
-2.1566768 0.66541797 -0.15327452 55
-2.2075281 0.6777361 -0.21573827 45
-2.1888998 0.63946962 -0.15545702 26
-2.2198701 0.62374318 -0.1046613 32
-2.2791834 0.61920244 -0.053137284 75
-2.233609 0.64696449 -0.21785411 8
-2.2544599 0.62555015 -0.16095568 43
-2.2743151 0.60515386 -0.10705236 62
-2.3285315 0.59676695 -0.053473491 60
-2.3243477 0.64030105 -0.22858573 17
-2.3058026 0.60404301 -0.16531162 36
-2.3378141 0.58830357 -0.10952435 53
-2.399102 0.58171952 -0.054010015 68
-2.4028604 0.62598932 -0.23919101 12
-2.3863769 0.59068596 -0.17193702 26
-2.3991613 0.56651121 -0.11296259 52
-2.4675207 0.56172997 -0.05551279 59
-2.4752188 0.60586113 -0.24772631 12
-2.4436307 0.56600744 -0.17633194 25
-2.4584889 0.54378057 -0.115381 54
-2.5227799 0.53612298 -0.05588802 69
-2.53234 0.57717884 -0.2541073 15
-2.4957712 0.53747636 -0.180672 30
-2.5176926 0.51704872 -0.11878555 66
-2.6105719 0.55287671 -0.26367807 27
-2.5609555 0.51056463 -0.18612581 45
-2.6786141 0.52187109 -0.27214259 29
-6.2774205 -1.6799514 -0.33796722 1
-6.2089362 -1.7989677 -0.33402562 65
-6.1682696 -1.9238102 -0.33329129 68
-6.2028613 -1.9221506 -0.1425702 32
-6.1147132 -2.0452683 -0.33046353 56
-6.1572781 -2.0438516 -0.14280647 38
-6.0710216 -2.1710238 -0.32970217 33
-6.1047568 -2.1633503 -0.14299378 36
-6.0223994 -2.294631 -0.32790798 19
-6.0512962 -2.2808211 -0.14318027 30
-5.9550214 -2.4096882 -0.32598948 4
-6.0116549 -2.4046984 -0.14345843 20
-5.9650688 -2.5263767 -0.14468759 15
-5.9273338 -2.6533146 -0.14597186 1
0.1924161 -0.98456627 -0.077477075 14
0.22892414 -0.93150187 -0.07741873 14
0.46107793 -1.0767664 -0.056079719 41
0.52225631 -1.0809948 -0.057574235 27
0.26958692 -0.88328844 -0.078249075 14
0.55352348 -1.0319206 -0.015473526 74
0.57099766 -1.0705729 -0.058212139 24
0.6381166 -1.0504723 -0.015729159 71
0.58901268 -1.0360242 -0.057175305 16
0.72255707 -1.0640243 -0.015001748 81
0.61826307 -1.0091578 -0.057022963 14
0.8088814 -1.0735205 -0.014271768 91
0.63831502 -0.97555393 -0.056966413 13
0.91860747 -1.0963478 -0.014310081 100
0.65836656 -0.94195038 -0.056909807 12
1.0312171 -1.1150912 -0.014337817 94
0.67844397 -0.90935016 -0.0568523 13
1.1638601 -1.1393905 -0.014289246 58
0.69631946 -0.87492365 -0.055911794 13
1.2770457 -1.1462067 -0.014412706 53
0.70724094 -0.83657736 -0.055971112 11
1.3953805 -1.1506211 -0.01492912 27
0.73654187 -0.80860454 -0.056231946 10
1.4423248 -1.1143028 -0.013815301 13
0.75147629 -0.7721929 -0.056195591 10
1.4314228 -1.0473599 -0.01167747 9
0.77359289 -0.7403807 -0.055800442 10
1.5512906 -1.0430192 -0.011672867 11
0.78756475 -0.70500898 -0.055766486 10
1.5636114 -0.98666823 -0.010407215 9
0.81763029 -0.67527306 -0.056448564 11
1.5557622 -0.92285562 -0.0086726388 5
0.82754278 -0.63696158 -0.056488764 9
1.6086547 -0.88330114 -0.0083680423 5
0.85265118 -0.60521322 -0.056384794 13
1.6766558 -0.84731019 -0.0079294452 6
0.85953581 -0.56598896 -0.056452245 9
1.7214078 -0.80299008 -0.007705681 6
0.87553293 -0.53050292 -0.056433778 9
1.7590101 -0.75387138 -0.006554883 6
0.89959157 -0.49678713 -0.057344254 14
1.8066735 -0.7064656 -0.0063168895 6
0.92164391 -0.46312678 -0.057270631 12
1.8239528 -0.64911449 -0.0064670844 6
0.93347788 -0.42490497 -0.058384363 14
1.8644556 -0.59804815 -0.0063717132 6
0.93633437 -0.3848058 -0.058513001 9
1.8839214 -0.54124713 -0.0057964767 6
0.95332962 -0.34715647 -0.058849029 7
1.9485234 -0.49141744 -0.0066195629 6
0.96222383 -0.30894804 -0.058890749 9
1.9528099 -0.43102172 -0.0062877052 6
0.97817236 -0.27128673 -0.059517998 7
1.9962102 -0.37590849 -0.0060378602 6
0.99007994 -0.23299241 -0.060508355 8
2.0446377 -0.31943548 -0.0058330046 6
0.99695456 -0.19274892 -0.060581632 7
2.0859871 -0.26016694 -0.0066927462 7
1.0239128 -0.15493026 -0.061486728 11
2.1112065 -0.19741121 -0.0066772318 7
1.0277816 -0.11481402 -0.062571838 10
2.1424572 -0.13549913 -0.0076070982 6
1.040639 -0.074434288 -0.062585749 12
2.1926994 -0.073039077 -0.0083866827 7
1.0435052 -0.034339283 -0.063684627 8
2.2037456 -0.0074030459 -0.0087421797 7
1.0612478 0.0064237989 -0.064847402 8
2.212827 0.058956251 -0.0099299653 7
1.0850505 0.049114667 -0.066781148 12
2.2429159 0.12584127 -0.009882261 7
1.0838776 0.09008719 -0.06690643 12
2.2519934 0.19311513 -0.011000889 7
1.0896811 0.13225967 -0.067980051 9
2.2510762 0.26009819 -0.01219706 7
1.0974545 0.17548889 -0.069041006 9
2.2700636 0.33066013 -0.013246409 7
1.111197 0.21989232 -0.070058092 8
2.2977302 0.4006862 -0.013612478 7
1.1256095 0.26377037 -0.071638227 8
2.2818313 0.46724188 -0.014911438 7
1.1233575 0.30771628 -0.071769074 8
2.2967749 0.53968668 -0.015978694 7
1.1400268 0.35520175 -0.073757604 7
2.3097277 0.61207241 -0.018061476 7
1.1467218 0.40140262 -0.074822381 6
2.3057096 0.68297166 -0.019275922 7
1.178278 0.45331505 -0.077702947 21
2.3076684 0.75504088 -0.021445315 6
1.1352377 0.48908842 -0.077138253 15
1.3137659 0.56042498 -0.012890322 41
1.1220204 0.53171778 -0.077352591 40
0.59973675 0.40158677 -0.10319466 10
1.2776241 0.60039216 -0.014281093 101
1.0869855 0.56771827 -0.077724144 48
1.1344832 0.60327685 -0.013431454 117
1.2105939 0.65527648 -0.08496023 52
1.0974864 0.63821727 -0.014815735 84
1.1567035 0.68573534 -0.08446788 47
0.61364704 0.51199985 -0.10836351 14
0.98431164 0.64296287 -0.014731077 101
1.0523494 0.69574797 -0.080326132 81
0.88909966 0.64922625 -0.014506591 85
0.94617617 0.69970316 -0.077183187 100
0.62542206 0.59135062 -0.11147033 13
0.80386329 0.65677375 -0.015205607 90
0.83519858 0.69652176 -0.073060066 96
0.7128225 0.65715539 -0.014932405 88
0.74113482 0.69682491 -0.069810756 91
0.64915687 0.69418728 -0.06653709 90
0.62217182 0.70727253 -0.11678889 19
0.54994756 0.74921066 -0.11447143 42
-2.1844881 0.66522592 -0.050805356 62
-2.1241064 0.68858099 -0.18139295 43
-2.1337488 0.66343057 -0.13539664 54
-2.2289195 0.64496851 -0.050083134 38
-2.2211802 0.63206011 -0.095976651 32
-2.2803972 0.62650919 -0.050419949 63
-2.2229302 0.64974821 -0.19203138 25
-2.2437251 0.62928891 -0.14413416 23
-2.2746496 0.61354136 -0.097328581 62
-2.3287706 0.60413998 -0.049721111 60
-2.2834151 0.63301653 -0.19844288 26
-2.296123 0.60879457 -0.14747196 39
-2.3310535 0.59293646 -0.099696949 54
-2.3983262 0.58816981 -0.050203796 65
-2.3548799 0.61596793 -0.20693821 19
-2.3736937 0.59458297 -0.15302207 31
-2.3975101 0.57404745 -0.10214722 52
-2.4687963 0.56917328 -0.050684284 53
-2.423269 0.59601003 -0.21440043 15
-2.4218955 0.56720686 -0.15630659 35
-2.4578564 0.5513317 -0.10453843 49
-2.5271096 0.54452378 -0.050053589 60
-2.4925654 0.57302284 -0.2228604 17
-2.4831698 0.54245847 -0.16069901 33
-2.5130711 0.52376336 -0.10587551 52
-2.552712 0.5442999 -0.22923248 31
-2.548378 0.51559544 -0.16611524 44
-2.6288929 0.51711792 -0.2377322 40
-6.2150059 -1.774471 -0.25397006 7
-11.770858 -3.566314 -0.11578045 11
-6.1496902 -1.8916919 -0.25012809 76
-7.9829111 -2.518636 -0.070829302 7
-6.1006293 -2.0134993 -0.2562775 76
-7.8913727 -2.6663477 -0.080629207 150
-6.061111 -2.1393938 -0.25357762 52
-7.8239446 -2.8244598 -0.077616744 150
-6.0156727 -2.262126 -0.25184307 30
-7.7565761 -2.9805734 -0.074610718 132
-5.9681892 -2.3867984 -0.24908827 16
-7.6980867 -3.1409404 -0.07265842 65
-5.947371 -2.5231478 -0.24764417 0
-7.6505079 -3.3089216 -0.066776291 30
-7.5813065 -3.4668212 -0.056009378 4
-1.3145108 -0.71902221 -0.049386773 6
-1.321993 -0.7071327 -0.023473367 6
-1.3265327 -0.69315904 0.0024501148 5
-1.2754836 -0.72495514 -0.073120855 9
-1.2781737 -0.70591968 -0.046206076 8
-1.2846822 -0.6930005 -0.021291794 8
-1.3114692 -0.70566839 0.0015947447 8
-1.2504044 -0.72724622 -0.070960701 14
-1.2512051 -0.70415705 -0.044050153 10
-1.2702453 -0.70760572 -0.021151641 9
-1.2873421 -0.70899898 0.0017510381 16
-1.2186629 -0.71734619 -0.067807764 12
-1.2328794 -0.71465284 -0.043902844 7
-1.2519473 -0.71710205 -0.021008117 13
-1.2613555 -0.70727533 0.0018996303 16
-1.2080253 -0.73906171 -0.067665942 6
-1.2165303 -0.72620034 -0.042763919 12
-1.224995 -0.71434724 -0.019857883 12
-1.2315106 -0.7004419 0.0020523758 10
-1.183051 -0.73735708 -0.065524302 15
-1.1915216 -0.72549993 -0.041618273 11
-1.1913826 -0.69939935 -0.018712593 9
-1.2209511 -0.71916169 0.0011825028 16
-1.1542801 -0.72853994 -0.062386088 14
-1.1599143 -0.71060467 -0.039485112 8
-1.1865118 -0.72928405 -0.019576237 12
-1.1959918 -0.71646667 0.0013204642 15
-1.1303389 -0.72586077 -0.059254654 11
-1.1464797 -0.72523457 -0.038353477 9
-1.1577849 -0.71847457 -0.018445652 12
-1.1653444 -0.7026059 0.0014515428 11
-1.1130128 -0.73638237 -0.059115224 10
-1.1291813 -0.73475784 -0.038217753 11
-1.135775 -0.71785784 -0.017318431 11
-1.1595293 -0.73046297 0.00058533525 15
-1.0938953 -0.7398442 -0.056990974 14
-1.1024318 -0.72500038 -0.036095709 9
-1.1223 -0.733495 -0.01818366 11
-1.1365694 -0.72782278 0.00071064942 15
-1.0662363 -0.72705603 -0.053874739 11
-1.0870762 -0.73657781 -0.035964828 9
-1.0993465 -0.73084986 -0.017058773 11
-1.1088644 -0.71604514 0.0008310327 11
-1.0527112 -0.7446866 -0.053733364 12
-1.0688396 -0.7440694 -0.034831852 11
-1.0727031 -0.71709752 -0.015952082 8
-1.096339 -0.73370558 0.00096675201 15
-1.0345873 -0.74817938 -0.052615866 14
-1.0432019 -0.7303409 -0.032731395 7
-1.0639455 -0.7428695 -0.016810121 11
-1.0734574 -0.72806883 8.0010759e-05 14
-1.0107865 -0.74050105 -0.049504917 9
-1.0324448 -0.75605702 -0.033578258 11
-1.0401324 -0.7351982 -0.015698925 10
-1.0572138 -0.73562014 0.00020086768 13
-0.99723297 -0.75913173 -0.049360991 13
-1.0106032 -0.74944085 -0.032475386 9
-1.0220304 -0.7376948 -0.015585515 8
-1.039993 -0.74214667 -0.00067654991 14
-0.97636873 -0.75353956 -0.047260541 12
-0.98876721 -0.74282151 -0.030372674 7
-1.0047873 -0.74521732 -0.015459574 11
-1.0125128 -0.72237116 -0.00058705418 11
-0.95638615 -0.75197649 -0.046151221 9
-0.97424191 -0.76042402 -0.030227393 10
-0.98203009 -0.73557448 -0.014362273 9
-1.0037262 -0.74914312 -0.001443003 13
-0.94003582 -0.76352155 -0.045017045 13
-0.95071024 -0.74275559 -0.029154358 8
-0.96946973 -0.754237 -0.01522516 11
-0.98185039 -0.74353027 -0.0013368021 13
-0.91917181 -0.75792855 -0.042917289 11
-0.93612868 -0.76235652 -0.029002443 10
-0.94859356 -0.74865103 -0.015125111 10
-0.96380472 -0.74402642 -0.0012318648 12
-0.90190619 -0.76644605 -0.041789126 12
-0.91720158 -0.75882274 -0.027906986 9
-0.93052512 -0.75014412 -0.014016797 9
-0.94747019 -0.75457937 -0.0021017797 13
-0.88383812 -0.76793832 -0.040681358 12
-0.89727473 -0.75526106 -0.026805904 7
-0.91421932 -0.75969607 -0.014890876 11
-0.92490441 -0.73794132 -0.0020309649 10
-0.8640576 -0.75937438 -0.038599037 8
-0.88355124 -0.77988762 -0.026642628 10
-0.89260292 -0.74508232 -0.013818773 8
-0.91223121 -0.76060158 -0.0028806305 13
-0.84842002 -0.78094578 -0.038435727 13
-0.8612169 -0.75524896 -0.025601804 7
-0.87887329 -0.76971292 -0.014655787 10
-0.89060861 -0.74599081 -0.0028085213 11
-0.82780892 -0.76635575 -0.036370039 9
-0.84640938 -0.78284627 -0.025422648 9
-0.85920018 -0.75715351 -0.013588297 9
-0.87610418 -0.76259673 -0.0036693634 13
-0.81133986 -0.7819007 -0.036223706 11
-0.82667923 -0.772286 -0.024348143 7
-0.84183758 -0.76867664 -0.014450533 9
-0.85891122 -0.7681219 -0.0045535215 12
-0.79318351 -0.78639108 -0.035107017 11
-0.80869174 -0.77077913 -0.023253098 7
-0.82379436 -0.76916838 -0.013348156 9
-0.83911586 -0.75956494 -0.0044721505 11
-0.77348793 -0.77482772 -0.033036627 9
-0.79204768 -0.79232544 -0.024085727 10
-0.80580455 -0.76766402 -0.013252645 8
-0.82352728 -0.77914059 -0.0053176074 13
-0.7567929 -0.79836911 -0.032862499 13
-0.77254897 -0.77376449 -0.02204074 6
-0.78927231 -0.78521222 -0.014100047 11
-0.8039611 -0.76258552 -0.0052650566 9
-0.73778129 -0.79783201 -0.03175851 12
-0.75487655 -0.79628193 -0.02286485 9
-0.77048004 -0.77668256 -0.014024602 7
-0.78823125 -0.78715903 -0.0060932743 13
-0.71899468 -0.78929812 -0.030683536 10
-0.73563379 -0.80374455 -0.022732196 9
-0.75306761 -0.79019928 -0.013881614 10
-0.76937711 -0.78063101 -0.0070107328 9
-0.70147473 -0.80681026 -0.029526701 14
-0.71802145 -0.78923815 -0.02068463 7
-0.73373371 -0.80066538 -0.014738295 10
-0.75024056 -0.78409976 -0.0078923898 12
-0.68143559 -0.80724353 -0.028414214 13
-0.69960874 -0.80272675 -0.020536728 10
-0.71617264 -0.78416198 -0.013697895 7
-0.7328496 -0.79662108 -0.0087536154 14
-0.66367674 -0.79773837 -0.027349113 11
-0.68030936 -0.81218868 -0.020397894 10
-0.69798529 -0.78965396 -0.013578821 10
-0.71502888 -0.78911752 -0.0086809974 9
-0.64321387 -0.81316525 -0.026183512 15
-0.66283244 -0.79268658 -0.019368531 7
-0.67822802 -0.81511277 -0.014383074 11
-0.69700474 -0.78861541 -0.0095834993 11
-0.62411743 -0.81562567 -0.025070418 12
-0.64096367 -0.82208657 -0.020147726 11
-0.66074586 -0.795614 -0.014353687 7
-0.67633271 -0.8110469 -0.010393173 14
-0.60644358 -0.80312109 -0.024016514 11
-0.62200844 -0.81954914 -0.019052655 8
-0.64027119 -0.81104815 -0.015188703 11
-0.65870404 -0.79654938 -0.011345976 9
-0.58280671 -0.82446349 -0.023813806 15
-0.60433412 -0.80704439 -0.017998768 6
-0.61897206 -0.82045317 -0.015039814 11
-0.63848901 -0.80298364 -0.011213163 13
-0.56159788 -0.83086574 -0.022676129 15
-0.58080429 -0.8243922 -0.018810632 10
-0.60249001 -0.80098152 -0.015016386 7
-0.61689597 -0.82239074 -0.013029218 14
-0.54387343 -0.82035542 -0.020615768 11
-0.55959582 -0.83079362 -0.017673245 9
-0.57999325 -0.81735468 -0.014837773 11
-0.59927291 -0.80788898 -0.012982454 8
-0.52274966 -0.82375824 -0.019489259 14
-0.54071856 -0.8252604 -0.017589612 7
-0.5575192 -0.83273101 -0.015663264 12
-0.58016455 -0.81035554 -0.013870374 12
-0.49828169 -0.83907443 -0.019303966 16
-0.52179128 -0.82172269 -0.01649919 7
-0.536502 -0.83213907 -0.015550958 8
-0.55665654 -0.82670718 -0.015686933 15
-0.47504506 -0.84641898 -0.018152904 17
-0.49631819 -0.83701319 -0.017308602 8
-0.51879424 -0.82063586 -0.015494273 7
-0.53446484 -0.83208668 -0.016548177 14
-0.45406193 -0.8448227 -0.017044971 14
-0.47199142 -0.84733152 -0.017141674 9
-0.49546152 -0.83098531 -0.016332773 11
-0.5156669 -0.82355726 -0.017475402 8
-0.43319154 -0.83922869 -0.015951151 12
-0.45098016 -0.84673446 -0.016030464 8
-0.47004497 -0.84427649 -0.017150063 9
-0.49353179 -0.82693744 -0.018344203 11
-0.41112429 -0.84060216 -0.014827654 14
-0.42793554 -0.84708399 -0.015904721 7
-0.44474679 -0.85356575 -0.016981775 9
-0.46919927 -0.83725893 -0.019177806 13
-0.38483199 -0.84986025 -0.013654186 16
-0.4070313 -0.84249234 -0.015807819 8
-0.42275241 -0.8519479 -0.017868824 9
-0.44386154 -0.84755373 -0.021006295 14
-0.35862219 -0.85612237 -0.013489881 17
-0.3818236 -0.84878325 -0.015647184 8
-0.40077189 -0.85032803 -0.017750852 8
-0.4197377 -0.85087925 -0.02185799 14
-0.33350998 -0.85941356 -0.0123361 17
-0.35453722 -0.85801905 -0.015461445 9
-0.37770444 -0.85168326 -0.018615216 8
-0.39450136 -0.85817564 -0.022690369 13
-0.3042025 -0.86958879 -0.011135989 17
-0.32939735 -0.86230969 -0.014304465 9
-0.35261545 -0.85397774 -0.018465057 8
-0.3683446 -0.86244786 -0.024527607 9
-0.27866787 -0.87003034 -0.010042963 12
-0.29962826 -0.87063456 -0.015157827 9
-0.32173285 -0.86626559 -0.019295013 9
-0.34063226 -0.86881679 -0.025392095 9
-0.24742013 -0.87816006 -0.0088442126 13
-0.2714909 -0.87484962 -0.013988945 9
-0.29247326 -0.8744576 -0.020107087 9
-0.31133884 -0.87801117 -0.027200732 9
-0.21933855 -0.88037646 -0.0076822373 12
-0.24229234 -0.88103956 -0.013807936 9
-0.26435259 -0.87767977 -0.020941624 9
-0.28104609 -0.88717777 -0.029004076 10
-0.191285 -0.88159263 -0.0065237815 11
-0.21423353 -0.88225907 -0.013649445 9
-0.23309386 -0.88581604 -0.021743065 9
-0.24980976 -0.89431798 -0.030808868 9
-0.15070002 -0.90147042 -0.0062358039 13
-0.17991975 -0.89231122 -0.014427899 9
-0.19977985 -0.89589614 -0.022526979 9
-0.21965659 -0.89848709 -0.032629371 10
-0.12376386 -0.89871323 -0.0040966347 12
-0.14877783 -0.89644688 -0.014243135 10
-0.16549455 -0.90494817 -0.023309011 9
-0.18744858 -0.90460014 -0.034432363 9
-0.084429719 -0.90962309 -0.0038448321 12
-0.1010569 -0.92112648 -0.013900578 10
-0.13026485 -0.91197449 -0.024092436 10
-0.14168203 -0.93034548 -0.037097238 8
-0.045101635 -0.92052895 -0.0025932903 13
-0.064861603 -0.92712164 -0.013682208 11
-0.099229947 -0.9121145 -0.024921486 10
-0.09819372 -0.94615036 -0.039806962 8
-0.011050757 -0.92157906 -0.0014028646 14
-0.031832468 -0.92720342 -0.01350053 11
-0.040189322 -0.94749367 -0.027482281 9
-0.063042998 -0.95018137 -0.041600898 9
0.029165126 -0.92845988 -0.00015969343 14
0.016698547 -0.9448632 -0.014176703 9
-0.00096217066 -0.95440787 -0.028244572 9
-0.022777418 -0.95807362 -0.04435432 9
0.068264484 -0.93136692 0.0020643824 15
0.051698718 -0.94389004 -0.013987845 9
0.040269755 -0.96127069 -0.029996108 9
0.020543154 -0.96788281 -0.047084831 10
0.1166445 -0.94402277 0.003370906 11
0.096973687 -0.95263356 -0.01371112 10
0.077274762 -0.96024507 -0.030796491 10
0.069972649 -0.98152214 -0.049769487 10
0.16183034 -0.94976503 0.0046373359 11
0.14113733 -0.95740771 -0.01345347 10
0.12661467 -0.97088337 -0.032491468 10
0.12454499 -1.0000241 -0.05341037 10
0.20901528 -0.95545161 0.0059144399 12
0.18838371 -0.96509713 -0.013169611 11
0.18209237 -0.9863528 -0.034137193 11
0.18411492 -1.0183868 -0.057024371 11
0.25919953 -0.9610554 0.0072076828 12
0.24477167 -0.9775365 -0.013820222 11
0.242623 -1.0036819 -0.035749368 11
0.26216286 -1.0532471 -0.062483761 8
0.31141013 -0.96760309 0.0085148821 13
0.30106968 -0.986974 -0.013481253 12
0.29379481 -1.0082675 -0.037454333 11
0.3307848 -1.0733589 -0.066042818 2
0.37172344 -0.97792292 0.010878691 14
0.35626206 -0.99244535 -0.014161347 11
0.37671256 -1.0389814 -0.039900605 12
0.35201481 -1.0447652 -0.067019664 13
0.43606922 -0.98913461 0.012267371 15
0.43189296 -1.0133524 -0.014679433 12
0.45338145 -1.0608667 -0.042410061 12
0.36499685 -1.0073978 -0.068070136 1
0.50441277 -1.0002351 0.013677428 74
0.49718755 -1.0225412 -0.014292381 80
0.54013509 -1.0854757 -0.045855567 54
0.37597442 -0.97008365 -0.068131372 10
0.57569379 -1.0092502 0.016096741 77
0.58281404 -1.0431708 -0.014756929 65
0.62163466 -1.1012257 -0.048358738 36
0.38286993 -0.92988199 -0.068224311 1
0.66122013 -1.026872 0.018621802 65
0.66321909 -1.0559433 -0.015275798 73
0.67435914 -1.0897647 -0.050107867 25
0.39899084 -0.89742929 -0.069241524 11
0.73231155 -1.0288941 0.020017045 81
0.74962151 -1.0685487 -0.01576251 78
0.69436109 -1.0532001 -0.050117642 14
0.42333737 -0.87275338 -0.071188554 1
0.81964695 -1.0394673 0.02152879 76
0.84813094 -1.0848199 -0.016171174 90
0.71333599 -1.0156639 -0.050136097 15
0.42212045 -0.82877356 -0.070337944 10
0.91091996 -1.0479271 0.024055162 80
0.96893758 -1.111473 -0.016424367 80
0.72520226 -0.97432435 -0.050205823 15
0.43424392 -0.79643291 -0.071376637 1
1.0161368 -1.0608819 0.026725957 81
1.0904255 -1.1329876 -0.017633347 65
0.73890162 -0.93383151 -0.050219513 12
0.43085891 -0.75343102 -0.071504086 9
1.1356214 -1.0765526 0.029433373 87
1.2118979 -1.1476144 -0.017918656 37
0.75587654 -0.89635134 -0.050248995 11
0.44505841 -0.7240299 -0.071522124 1
1.2681792 -1.0948579 0.033221051 83
1.2823523 -1.1266485 -0.017600773 18
0.77082956 -0.85793 -0.051292706 10
0.45109946 -0.68885696 -0.072603747 8
1.4350578 -1.1242096 0.037233278 116
1.3527849 -1.1046864 -0.018286441 11
0.784778 -0.81953299 -0.051341772 9
0.47241414 -0.66326195 -0.07357014 1
1.5956044 -1.1417357 0.041171897 107
1.3693634 -1.0532107 -0.017364392 10
0.78450382 -0.7735272 -0.050493691 7
0.47948301 -0.62906134 -0.07464283 8
1.7184398 -1.1343058 0.044821497 61
1.3838867 -0.9997912 -0.016459862 10
0.81167626 -0.74276859 -0.051445078 8
0.48557529 -0.5958854 -0.074717492 1
1.857381 -1.1304281 0.048570979 74
1.4399852 -0.966223 -0.016262112 9
0.83273983 -0.70817876 -0.05244245 9
0.49772689 -0.56454396 -0.07575278 1
1.9627219 -1.1054809 0.052067012 81
1.4879484 -0.92788076 -0.016124588 9
0.85377002 -0.67258632 -0.052443184 8
0.50587976 -0.53331411 -0.076809719 7
2.0507405 -1.0690169 0.054430228 74
1.4984189 -0.87257451 -0.015248256 9
0.86978018 -0.63613701 -0.053474337 10
0.51300031 -0.50111037 -0.076875366 1
2.1346447 -1.0286645 0.057758208 85
1.5634872 -0.83775663 -0.015005175 10
0.88472998 -0.59771347 -0.053517539 8
0.51304036 -0.46610254 -0.076988928 8
2.2234907 -0.98617315 0.061106343 91
1.5982052 -0.79078156 -0.014968405 10
0.90071297 -0.56026453 -0.054551911 7
0.53130692 -0.43859532 -0.078978024 1
2.3183069 -0.94251513 0.064483471 75
1.6460016 -0.74644214 -0.014851148 7
0.91266465 -0.52192533 -0.054611217 10
0.53237522 -0.40455964 -0.079082601 7
2.4039602 -0.89311177 0.067791522 79
1.6725789 -0.69468957 -0.013874434 6
0.92864805 -0.48447624 -0.055645455 11
0.55164188 -0.37702534 -0.081066176 0
2.5136878 -0.84603935 0.071239516 81
1.7031884 -0.64382809 -0.013872623 7
0.9435991 -0.44605318 -0.055688359 10
2.623332 -0.79596788 0.074677154 82
1.7377967 -0.59285498 -0.013849092 7
0.95049787 -0.40585431 -0.055781193 8
2.7147334 -0.73740375 0.07798709 89
1.7784024 -0.54171562 -0.013793058 7
0.96245611 -0.36751789 -0.056840148 7
0.55799133 -0.27983519 -0.082346201 0
2.8150702 -0.67658579 0.08233884 91
1.8280332 -0.49132451 -0.013684988 7
0.97235423 -0.32723519 -0.056916539 8
0.56111574 -0.24774295 -0.082432784 8
2.92838 -0.61441123 0.085757449 97
1.8746097 -0.43901828 -0.01359983 8
0.99433655 -0.28962034 -0.05791793 7
0.57127023 -0.21645735 -0.083478123 1
3.0375247 -0.54635006 0.089134142 100
1.8940028 -0.38046774 -0.013683966 5
1.0002145 -0.24845281 -0.0590191 8
0.57340056 -0.18439621 -0.084569961 8
3.1636298 -0.47681427 0.093599215 103
1.9515486 -0.326857 -0.013542559 6
1.0171386 -0.20897496 -0.059054032 7
0.58155715 -0.15316789 -0.085625879 1
3.287575 -0.40134108 0.097033307 109
1.9819099 -0.26700038 -0.013570445 6
1.0340685 -0.16950028 -0.060088895 10
0.58471537 -0.12207802 -0.086708792 8
3.4304237 -0.32233706 0.10155976 107
2.0433486 -0.20928289 -0.014420798 6
1.0339165 -0.12749688 -0.060225498 8
0.58883995 -0.08995764 -0.086789556 1
3.557086 -0.23678276 0.10597632 121
2.0566344 -0.14690252 -0.014550296 6
1.0618482 -0.087719604 -0.062200751 11
0.5959695 -0.05775765 -0.087853983 9
3.6876068 -0.14611951 0.11039757 124
2.1259542 -0.08496207 -0.014370761 6
1.0716983 -0.045441557 -0.063283116 11
0.60513151 -0.026504545 -0.089904182 1
3.8556936 -0.048127521 0.11511276 113
2.1449037 -0.019236799 -0.01441742 6
1.0792934 -0.0030968797 -0.063346259 8
0.6100117 0.0057333284 -0.090962715 1
4.0508733 0.05535119 0.12085062 129
2.1680725 0.04742093 -0.014506854 6
1.0961109 0.040376823 -0.064394593 10
0.61110932 0.03876929 -0.091063365 1
4.2748184 0.16763492 0.1267184 142
2.2222621 0.11394102 -0.015424857 7
1.1029613 0.082570836 -0.065493636 11
0.61723828 0.070942014 -0.09213347 7
4.499424 0.29194283 0.13355099 124
2.2653399 0.18415546 -0.015415773 7
1.1207509 0.1270719 -0.066539727 8
0.63631177 0.10547344 -0.094139755 1
4.7257524 0.42630073 0.14036062 132
2.2664077 0.2541981 -0.015637368 7
1.1315165 0.17237662 -0.067626931 9
0.63241744 0.13836706 -0.095267177 7
4.9228816 0.56783921 0.14498618 96
2.2774715 0.3245205 -0.015804661 7
1.1552551 0.21903995 -0.06964694 8
0.64348954 0.17267816 -0.096316628 1
5.1636205 0.72360271 0.1518061 90
2.3483503 0.40250805 -0.016667031 7
1.1540207 0.2640138 -0.069798879 8
0.67845756 0.21164687 -0.10024941 4
5.374095 0.88852543 0.15843 73
2.3533399 0.47565755 -0.017876428 8
1.1667305 0.31137326 -0.07088162 8
5.4050817 1.0334249 0.16013025 47
2.3642662 0.55097741 -0.01805985 7
1.1853881 0.36089653 -0.072938435 7
5.3663602 1.1673716 0.15948255 66
2.4010773 0.63101536 -0.019115729 8
1.1830995 0.40784165 -0.07310202 5
5.306787 1.2957349 0.15873864 73
2.4526877 0.71846879 -0.020113815 8
1.2106434 0.46161261 -0.075123236 15
5.2552171 1.4243191 0.15703858 73
2.5112126 0.80911577 -0.021083934 7
1.14973 0.49392578 -0.073561974 18
0.67661774 0.38961411 -0.10482978 1
1.3842672 0.55992281 0.061518271 46
1.3135234 0.56371635 -0.0098840678 20
1.134531 0.53751004 -0.073785216 66
0.64483702 0.41773543 -0.10409419 6
1.2429708 0.56997263 0.057708919 95
1.2575639 0.59816134 -0.010302169 93
1.1123911 0.57890075 -0.074039362 89
0.66369081 0.46026289 -0.10612625 0
1.1643046 0.59377897 0.056200225 83
1.1094658 0.60003674 -0.0091221025 102
1.2399768 0.6694544 -0.080627926 59
0.6517691 0.49393636 -0.10629894 10
1.0876992 0.61563832 0.053709425 92
1.0576442 0.62959665 -0.0095012067 86
1.1444572 0.68680644 -0.077207997 66
0.66363186 0.53626579 -0.10936855 0
0.98149526 0.62266964 0.051103666 92
0.94844753 0.63555717 -0.008119747 79
1.0163627 0.68824977 -0.072915822 90
0.66654354 0.57635146 -0.11047995 11
0.89617115 0.63428456 0.048598252 111
0.870049 0.6493758 -0.0075939549 83
0.90428948 0.68913966 -0.068533562 84
0.70701694 0.63347477 -0.11543941 0
0.81889457 0.64412713 0.047142949 91
0.78388143 0.65497231 -0.0080843903 84
0.79729778 0.68717086 -0.064114004 80
0.68118 0.66376388 -0.11467706 8
0.73773599 0.64985645 0.044679716 90
0.69384915 0.65546393 -0.0075794715 81
0.70819354 0.6896981 -0.060610246 82
0.69290519 0.71109074 -0.11776276 14
0.65962678 0.65367413 0.043239601 103
0.62661284 0.66359293 -0.0069735455 86
0.61826098 0.68619859 -0.058091722 69
0.67790246 0.74768025 -0.11796071 32
0.5974052 0.66193283 0.040872693 22
0.55354601 0.66555774 -0.006379744 12
0.54320645 0.68711817 -0.054505348 12
0.59689498 0.74644041 -0.11240003 48
0.53131813 0.66508728 0.039500963 22
0.4914242 0.66982639 -0.0067331241 15
0.47615901 0.68825489 -0.052875645 12
0.51597047 0.74220234 -0.10682912 11
0.46434841 0.66421229 0.03713743 20
0.43132427 0.67315382 -0.0060721422 16
0.42296711 0.69477963 -0.051186886 11
0.43615112 0.733998 -0.10023934 11
0.41127968 0.66970754 0.035830911 21
0.37830561 0.67665362 -0.0063716089 15
0.36398971 0.69612324 -0.048511717 14
0.36930457 0.73012823 -0.095590442 11
0.36313057 0.67536271 0.034550663 23
0.32917297 0.68128783 -0.0056539057 15
0.30307925 0.69243062 -0.046831928 14
0.31132624 0.72852445 -0.091901116 10
0.32095069 0.68218428 0.033299498 22
0.27913013 0.68289298 -0.0059314184 14
0.25893933 0.69720751 -0.045087095 13
0.25437534 0.72594917 -0.088202901 10
0.27094162 0.68278599 0.032025442 25
0.23994386 0.68980151 -0.0061661783 14
0.21385542 0.69995785 -0.043340828 13
0.21322863 0.73081291 -0.085441723 9
0.23473148 0.6907751 0.030803537 23
0.19097847 0.68843877 -0.0054280572 13
0.16883291 0.70070529 -0.042587735 12
0.15936001 0.72532213 -0.081717096 11
0.18974765 0.69051659 0.029559933 24
0.15973379 0.69756913 -0.0056261169 14
0.12974679 0.70362294 -0.040808927 12
0.11732505 0.72616065 -0.078947738 8
0.1614514 0.70172697 0.028371425 25
0.13048784 0.70675606 -0.005813356 14
0.10146761 0.71383953 -0.039993968 12
0.077289581 0.727054 -0.076167434 15
0.12535356 0.70571703 0.027163299 26
0.093412176 0.70972198 -0.0060235118 13
0.070272967 0.72097445 -0.039185066 11
0.035393726 0.72289371 -0.073381267 12
0.091248319 0.70976669 0.026965925 25
0.058362931 0.71174508 -0.006219577 12
0.029359821 0.71783584 -0.038396735 11
0.00036160578 0.7239241 -0.071573891 11
0.056232456 0.71078718 0.025773223 24
0.03113886 0.71999079 -0.0053923423 15
-0.013447466 0.71064705 -0.036605902 11
-0.034648184 0.72395742 -0.068763085 12
0.030991247 0.72008169 0.024608014 25
0.0019767098 0.72617882 -0.0055690762 14
-0.038672429 0.71894848 -0.035767734 10
-0.066681482 0.72507042 -0.066939339 12
-0.0010257245 0.7211858 0.023431653 24
-0.026130313 0.73039597 -0.0057337778 14
-0.070672341 0.71905893 -0.034940641 10
-0.095799275 0.72926617 -0.065109268 12
-0.027211383 0.72845358 0.022267895 23
-0.059124678 0.73047614 -0.0059120022 13
-0.094841748 0.72538966 -0.034090288 13
-0.1209408 0.73456955 -0.064260907 12
-0.057234146 0.72961587 0.022102529 22
-0.094950721 0.72447461 -0.0060864249 11
-0.12289344 0.72760797 -0.034248102 11
-0.15091957 0.73374051 -0.062419571 11
-0.093055293 0.72361189 0.020928111 20
-0.11908719 0.72980255 -0.0062326398 14
-0.15290034 0.72777814 -0.032410029 10
-0.17698276 0.73602021 -0.060566515 9
-0.11624244 0.73096412 0.019780733 20
-0.14130795 0.73818535 -0.0063778805 14
-0.17892486 0.72905189 -0.032553621 11
-0.20015284 0.74237871 -0.05971038 10
-0.14226125 0.73223472 0.018637128 19
-0.16927625 0.73740458 -0.0065255933 13
-0.19917902 0.73849332 -0.031691235 12
-0.22423926 0.74571121 -0.058849677 9
-0.16730879 0.73453331 0.017495655 19
-0.19816089 0.73359782 -0.0066687386 12
-0.22320443 0.7398228 -0.031823937 10
-0.24640997 0.75209856 -0.057988007 8
-0.19141717 0.7388621 0.017353125 18
-0.22127029 0.73795521 -0.0068059168 11
-0.24920696 0.7401014 -0.030963985 8
-0.27427858 0.74732667 -0.056122355 9
-0.21735336 0.73713529 0.016219577 17
-0.24721183 0.73623073 -0.0069393823 9
-0.26937774 0.74654371 -0.030091453 10
-0.29828686 0.74766344 -0.054251537 9
-0.24423361 0.73338085 0.015087342 16
-0.26351738 0.74777925 -0.0070617804 11
-0.29243144 0.74890143 -0.030221784 10
-0.32129049 0.74802566 -0.0533753 9
-0.26248294 0.74287486 0.014960825 17
-0.28559899 0.75116426 -0.0071899979 11
-0.31446341 0.75029081 -0.029343471 9
-0.34527114 0.74736303 -0.051501025 10
-0.28544798 0.74223006 0.013840336 16
-0.30862504 0.75252253 -0.007316953 11
-0.33460116 0.75573146 -0.02946737 11
-0.36538702 0.75180638 -0.050621636 11
-0.31032905 0.73853242 0.01271903 15
-0.33539987 0.74477386 -0.0074358326 10
-0.35852119 0.75306666 -0.028586473 11
-0.38644683 0.75422418 -0.049740966 12
-0.33087263 0.74183339 0.011657564 14
-0.35970184 0.73898304 -0.0074849636 9
-0.38088396 0.74934357 -0.027627461 10
-0.40887201 0.7525152 -0.047783803 12
-0.34806371 0.74936318 0.011546369 15
-0.38069957 0.73940569 -0.0075944369 8
-0.40572214 0.74366254 -0.02673851 10
-0.43355155 0.74084014 -0.045875739 11
-0.36244139 0.76396829 0.010428582 15
-0.39505613 0.75301528 -0.0077090799 9
-0.42761591 0.74006325 -0.025840346 7
-0.45358288 0.7422933 -0.044983074 7
-0.3853516 0.76133502 0.0093184123 15
-0.41508174 0.75446528 -0.007816406 9
-0.44386175 0.74961913 -0.025952378 9
-0.46985638 0.75284964 -0.045098245 9
-0.40724012 0.75773239 0.0092166429 15
-0.43230009 0.76299465 -0.0079304185 11
-0.4600803 0.75817645 -0.026061162 11
-0.48894206 0.75632906 -0.04420653 11
-0.43006822 0.75209945 0.0081161885 14
-0.45413411 0.75739282 -0.0080256974 10
-0.48105654 0.75760269 -0.025167091 10
-0.50978202 0.75075835 -0.043296576 11
-0.45287475 0.74547112 0.0080189118 13
-0.47880307 0.7457121 -0.0081173452 9
-0.50470376 0.74495256 -0.024250364 8
-0.5315721 0.74316406 -0.041385371 9
-0.46909329 0.75402844 0.0079102516 13
-0.49496678 0.75226933 -0.0082195671 7
-0.52275795 0.74745768 -0.024350198 6
-0.54776865 0.75072515 -0.040490691 7
-0.48530617 0.7625826 0.0068017417 14
-0.51028925 0.76484966 -0.0093355346 10
-0.53714091 0.76206726 -0.024467316 10
-0.56493169 0.75725573 -0.040597819 12
-0.50519073 0.75903213 0.0057106568 14
-0.53206921 0.75724947 -0.009424218 9
-0.55795318 0.7554971 -0.02355393 9
-0.58661318 0.74566394 -0.038673792 11
-0.52688849 0.74843335 0.0056314841 12
-0.55371773 0.74465489 -0.0084970351 7
-0.57857513 0.74193066 -0.022618411 7
-0.6036725 0.74819946 -0.037768155 7
-0.54226547 0.76301289 0.0045093982 13
-0.56717736 0.76228786 -0.0096182534 9
-0.59306175 0.76053631 -0.023747876 10
-0.61989105 0.75675786 -0.037876278 11
-0.56112295 0.75849074 0.0034268461 13
-0.58703953 0.75774133 -0.0097058853 10
-0.61287433 0.75399309 -0.022829119 9
-0.64054513 0.74419349 -0.035943709 10
-0.58271176 0.74389356 0.0033604996 12
-0.60757446 0.74117273 -0.0097607495 7
-0.63260591 0.74445283 -0.021900918 7
-0.65760481 0.74672991 -0.035037883 8
-0.59714347 0.76050025 0.0022375209 13
-0.62220216 0.76477993 -0.0099057592 10
-0.64798248 0.75903255 -0.023022564 10
-0.67390466 0.75828737 -0.035155177 12
-0.61591882 0.75297952 0.0011646635 13
-0.64173734 0.74823821 -0.0099553522 9
-0.66665983 0.74751991 -0.022082781 8
-0.69345045 0.74175233 -0.033204712 9
-0.63553578 0.73943657 0.0011056022 11
-0.65960038 0.74374735 -0.010032466 7
-0.68377358 0.7520557 -0.021183059 8
-0.70983207 0.75630856 -0.033331286 11
-0.65023988 0.76604033 -4.8603506e-05 13
-0.67614019 0.76429784 -0.011177942 10
-0.70185459 0.75556171 -0.021285219 9
-0.72767353 0.75082129 -0.032405104 11
-0.6697157 0.7474969 -0.001091811 12
-0.69473046 0.74978411 -0.011228574 8
-0.71939635 0.73907882 -0.020324426 8
-0.74548733 0.74433464 -0.031475686 10
-0.68674284 0.74903142 -0.0011825562 11
-0.71189386 0.75631666 -0.011334976 9
-0.73690826 0.75860298 -0.021471603 10
-0.76197749 0.76288944 -0.031614527 12
-0.70314604 0.76458406 -0.0023120409 13
-0.72886616 0.75585109 -0.011419241 9
-0.75366819 0.7501449 -0.020530725 8
-0.7784431 0.74343801 -0.029639028 9
-0.72084069 0.75409311 -0.003370015 12
-0.74670231 0.75036156 -0.011492905 8
-0.77088565 0.75867683 -0.020643152 9
-0.79687822 0.75994092 -0.029781677 12
-0.73808014 0.76362127 -0.0044855955 13
-0.76310545 0.76591527 -0.012622143 10
-0.78893983 0.7611841 -0.020741805 9
-0.81463754 0.75145507 -0.028845711 10
-0.75583452 0.75513291 -0.0045497594 12
-0.77969664 0.7514562 -0.012662277 8
-0.80561805 0.74972713 -0.019791331 8
-0.83161551 0.75099379 -0.027929714 11
-0.77321857 0.75968188 -0.0056886701 13
-0.79941243 0.76794779 -0.01284996 9
-0.82422429 0.76224548 -0.019961787 10
-0.85238481 0.76945382 -0.028130105 13
-0.79140371 0.76718271 -0.0068035172 13
-0.81741172 0.76845497 -0.012942629 9
-0.84089726 0.75078523 -0.020011423 7
-0.86793184 0.75302935 -0.026158756 10
-0.80796725 0.75172424 -0.0068405541 12
-0.83408427 0.75699383 -0.012992215 9
-0.86019599 0.76226109 -0.020143827 9
-0.88823032 0.76447833 -0.026296239 11
-0.82739687 0.76819474 -0.0079887426 13
-0.85445875 0.77143848 -0.014139135 10
-0.88033098 0.76771253 -0.020262353 10
-0.90844703 0.7729286 -0.026424145 12
-0.84409136 0.7577309 -0.0090414071 12
-0.87010473 0.75900549 -0.014180341 8
-0.89711738 0.76025337 -0.019324364 6
-0.92404872 0.75850224 -0.024458935 7
-0.86205852 0.757236 -0.010130719 13
-0.88923991 0.76448482 -0.014293629 9
-0.91514426 0.76176101 -0.019419866 8
-0.9441613 0.76295763 -0.023574065 10
-0.88351452 0.77465254 -0.011291998 14
-0.91056007 0.77690321 -0.015439112 10
-0.93855011 0.77712709 -0.019584969 10
-0.96759439 0.77932334 -0.023742234 12
-0.8980521 0.75824893 -0.011315408 10
-0.92723262 0.76544315 -0.015488404 6
-0.95641315 0.77263737 -0.019661367 7
-0.98435438 0.7708652 -0.022800894 10
-0.91699135 0.75672776 -0.012406454 11
-0.94509566 0.76095337 -0.015564821 7
-0.97425419 0.76715136 -0.018734585 7
-1.0021955 0.76537925 -0.021874048 7
-0.94047362 0.77509034 -0.013580799 14
-0.96957809 0.77928895 -0.016744252 10
-0.99755144 0.77851993 -0.01888681 9
-1.0264652 0.77572131 -0.022028193 11
-0.96157545 0.77951211 -0.01470075 14
-0.99068475 0.78371429 -0.016864119 10
-1.0207661 0.78688908 -0.019029405 11
-1.0507122 0.78506655 -0.021179022 13
-0.97613496 0.7641058 -0.01572708 9
-1.0084933 0.77722532 -0.016933996 6
-1.039629 0.78237242 -0.019110627 7
-1.0716883 0.78449702 -0.020282989 12
-0.99934483 0.77247238 -0.016869664 13
-1.0294588 0.77665013 -0.018037999 9
-1.0584698 0.77685958 -0.018188667 8
-1.0947994 0.78887111 -0.019412754 12
-1.0236907 0.78581017 -0.018032946 14
-1.0547547 0.78796428 -0.018200036 10
-1.0837116 0.78617537 -0.018344395 10
-1.1167752 0.78827584 -0.018521676 11
-1.044629 0.78423542 -0.019133689 14
-1.0789099 0.79430485 -0.019341137 10
-1.1067632 0.78854775 -0.018467778 10
-1.1408315 0.79062378 -0.017650088 10
-1.0666214 0.78463298 -0.020245748 13
-1.0998534 0.79273349 -0.019441726 10
-1.1318953 0.79386455 -0.018610639 11
-1.1680448 0.79888558 -0.017812515 12
-1.0865327 0.78208548 -0.021338055 14
-1.1260076 0.79902047 -0.020592824 10
-1.1590818 0.80112654 -0.018769924 11
-1.1941278 0.80217946 -0.016954076 12
-1.1106066 0.78542811 -0.022469576 14
-1.1521345 0.80430782 -0.021740656 10
-1.1851867 0.80541766 -0.018914569 12
-1.2201563 0.80347514 -0.016089266 13
-1.1377552 0.79168487 -0.024625635 15
-1.1740234 0.80071038 -0.021839812 10
-1.21121 0.80671 -0.019049702 11
-1.2482926 0.80871379 -0.015247018 13
-1.1618012 0.79402804 -0.025753764 16
-1.2000738 0.8030023 -0.021978058 8
-1.2393141 0.81094652 -0.019204302 9
-1.2805095 0.81684369 -0.014434489 13
-1.1909811 0.80123335 -0.026922889 16
-1.2302538 0.81018054 -0.023152225 9
-1.2652881 0.81024307 -0.018332975 9
-1.3116717 0.82300144 -0.013610404 13
-1.2169942 0.80251986 -0.029057853 16
-1.2614328 0.81733119 -0.024331281 9
-1.2943374 0.81245351 -0.018486181 9
-1.3385907 0.82027143 -0.012737683 13
-1.241877 0.79883838 -0.030172028 16
-1.288401 0.81659806 -0.024464875 9
-1.3244133 0.81563687 -0.018647473 9
-1.3644832 0.81656963 -0.011856662 13
-1.2730831 0.80698967 -0.031354073 16
-1.3184451 0.81877869 -0.025623007 9
-1.3596232 0.82368273 -0.018849688 10
-1.3985901 0.82064712 -0.011041234 10
-1.3065031 0.81307298 -0.033593237 17
-1.3456281 0.81603056 -0.026804566 9
-1.3919194 0.82479763 -0.019070551 10
-1.4350258 0.82665265 -0.010299134 10
-1.3396224 0.81816649 -0.035776824 18
-1.3766496 0.81718612 -0.026965285 9
-1.4208374 0.8220126 -0.018208338 10
-1.4804279 0.84142506 -0.0095751695 8
-1.3664765 0.81343102 -0.036898185 17
-1.4189881 0.83003503 -0.02821975 10
-1.4558843 0.82406002 -0.018392418 10
-1.5226185 0.84828603 -0.0078105754 9
-1.3964061 0.81160945 -0.039044175 11
-1.4426529 0.81838429 -0.029303594 9
-1.491931 0.82608014 -0.018581443 10
-1.5534544 0.84244883 -0.0069488049 9
-1.4427927 0.82634622 -0.041325148 13
-1.4879632 0.83015251 -0.030569928 10
-1.5454334 0.84463108 -0.018910432 8
-1.5842954 0.83661461 -0.0050869193 9
-1.4643766 0.81175131 -0.042389277 11
-1.5146867 0.82042283 -0.030675188 10
-1.5772365 0.83776402 -0.019050477 8
-1.6191303 0.83066839 -0.0042453753 9
-1.5137565 0.82640386 -0.04568515 12
-1.5670973 0.83599663 -0.032989345 8
-1.609045 0.83090037 -0.018190434 9
-1.6601305 0.83056056 -0.0024531104 9
-1.5486351 0.82245123 -0.046849899 12
-1.5937124 0.82226878 -0.033081871 8
-1.644874 0.82492459 -0.018353807 9
-1.6929115 0.8226704 -0.001594818 10
-1.5927445 0.827245 -0.05008854 9
-1.635697 0.82212484 -0.034294602 9
-1.682762 0.82089716 -0.017533557 9
-1.7327765 0.81759173 0.00021847256 10
-1.6234347 0.81640422 -0.051210731 9
-1.6674188 0.81225985 -0.034424927 9
-1.7185364 0.81292278 -0.0176904 9
-1.773636 0.81248379 0.0010268246 10
-1.6663864 0.81523108 -0.053425197 10
-1.702189 0.80430973 -0.03557669 9
-1.7542619 0.80295241 -0.016840916 10
-1.8144734 0.80637914 0.002838426 10
-1.6949633 0.80044359 -0.055524468 10
-1.7430108 0.7981959 -0.036765128 10
-1.7910092 0.79395181 -0.016999554 10
-1.8552241 0.79727274 0.0036595685 11
-1.7368343 0.79629916 -0.057724219 11
-1.7827842 0.79011339 -0.036942143 9
-1.83176 0.78484583 -0.016178438 10
-1.8919003 0.78528005 0.0055105388 11
-1.7714635 0.78334898 -0.059860099 10
-1.8143651 0.77524841 -0.038056429 10
-1.8694257 0.77282 -0.016332563 10
-1.9336015 0.77415097 0.0073330561 11
-1.8111721 0.77326149 -0.062030677 11
-1.8611856 0.76897287 -0.039275061 10
-1.9182551 0.76649576 -0.015561251 11
-1.9834089 0.7668035 0.0091024972 11
-1.8498271 0.76120251 -0.064189814 11
-1.8987967 0.75494784 -0.039422799 10
-1.9568715 0.75244713 -0.014714001 11
-2.0362201 0.75937754 0.011856863 11
-1.8904543 0.74809015 -0.066355921 12
-1.9394017 0.74083883 -0.040585693 11
-2.0025342 0.74020463 -0.014908431 11
-2.0859184 0.74803221 0.013639133 11
-1.9361613 0.73784101 -0.068556659 12
-1.97998 0.72573054 -0.041745368 11
-2.0461483 0.7260204 -0.014086342 11
-2.1416473 0.73752731 0.016387923 60
-1.9696012 0.71792203 -0.070665143 13
-2.027637 0.71343136 -0.042949833 11
-2.0978363 0.71461535 -0.014314125 11
-2.196317 0.72504705 0.018148227 49
-2.0202518 0.70553803 -0.072884783 13
-2.0762668 0.70010561 -0.044156123 11
-2.1504474 0.70018756 -0.013537473 11
-2.2873852 0.72658724 0.020679228 10
-2.0688443 0.69120723 -0.076087929 13
-2.1197402 0.68092126 -0.044318229 11
-2.2030315 0.68476057 -0.012757589 51
-2.3449507 0.71003121 0.023437139 43
-2.1194084 0.67582238 -0.07929793 14
-2.176367 0.66737926 -0.04556486 61
-2.2616138 0.66917139 -0.012008011 24
-2.3670356 0.67642999 0.025428744 36
-2.1688702 0.65646994 -0.08149033 65
-2.2228081 0.64711154 -0.046738841 36
-2.315089 0.64971954 -0.011220437 51
-2.4578381 0.66797864 0.028991552 26
-2.218327 0.637115 -0.084682606 28
-2.283325 0.62946314 -0.047993019 58
-2.3573792 0.62356949 -0.010355264 46
-2.5313978 0.65098971 0.031668827 10
-2.269666 0.61471993 -0.086864047 59
-2.3245642 0.60334438 -0.049111046 56
-2.4359672 0.60944867 -0.0097005768 59
-2.5917094 0.62637222 0.035449907 1
-2.3200142 0.59133995 -0.090048589 55
-2.3981042 0.58634454 -0.05043368 59
-2.508436 0.5894832 -0.0090086181 54
-10.432833 3.0050423 0.15908398 28
-2.3924849 0.5723595 -0.094359852 51
-2.463484 0.56356412 -0.051696993 47
-2.5677204 0.56287384 -0.0082290014 70
-8.4057999 2.1896596 0.13694325 13
-2.4649012 0.5513801 -0.098664708 44
-2.531831 0.53970087 -0.053972237 63
-8.3735876 1.9975142 0.14469652 7
-2.5311627 0.52456915 -0.10192049 52
-1.0711486 0.052243531 -0.01100628 3
-1.0566975 0.03171245 0.017132379 3
-1.0876952 0.036785688 -0.012041366 3
-1.0468487 0.002968732 0.018275565 1
-1.0504599 -0.010134726 0.018299537 2
-1.0410867 -0.017967712 -0.0086275721 4
-1.0709933 -0.026692402 0.020247178 2
-1.0456383 -0.033100802 -0.0096025979 3
-1.0974662 -0.045413207 0.021170778 3
-1.077045 -0.053961914 -0.010698032 3
-12.743967 -3.1552646 0.51252472 23
-12.646018 -3.4136519 0.52177584 93
-6.2443905 -1.7064209 -0.31690621 38
-6.2969627 -1.7212583 -0.12412258 11
-11.805012 -3.439225 0.11808641 24
-11.836647 -3.44893 0.49896598 81
-6.1819501 -1.8337566 -0.31321919 68
-6.243546 -1.8478366 -0.12048311 20
-11.732186 -3.6932931 0.1261954 78
-11.737176 -3.6892803 0.50616956 83
-6.143362 -1.9667398 -0.31063664 66
-6.1821914 -1.9721987 -0.11581066 20
-12.335957 -4.1966105 0.14261389 90
-7.7987161 -2.5414903 0.33570182 8
-6.0858951 -2.0952103 -0.30697271 42
-6.1417122 -2.1011295 -0.1132308 20
-7.869596 -2.7631679 0.096981853 83
-7.7256212 -2.6935382 0.3415136 7
-6.0413427 -2.22703 -0.30336481 17
-6.0922475 -2.2298133 -0.10860711 17
-7.801281 -2.9233491 0.10179213 68
-7.7030568 -2.8639481 0.34812301 37
-6.0175323 -2.3684175 -0.30183446 0
-6.0635781 -2.3660655 -0.10606693 11
-7.7329407 -3.0845311 0.10660458 48
-7.645824 -3.021425 0.35386905 34
-6.0013084 -2.4874032 -0.10140113 1
-7.705081 -3.265805 0.11227029 1
-7.6436377 -3.4311724 0.11805844 3
-1.4257457 -0.72337532 0.06254898 0
-1.3257678 -0.70494282 -0.025002573 6
-1.3409836 -0.70226175 0.0039156862 5
-1.3649495 -0.70882249 0.031816412 2
-1.3025548 -0.71230775 -0.022859523 7
-1.3139547 -0.70252526 0.005057754 9
-1.3329976 -0.70595592 0.031974316 6
-1.3608594 -0.71661949 0.06086741 7
-1.2745802 -0.71054399 -0.021718943 17
-1.286899 -0.70378762 0.0062023676 12
-1.3059903 -0.70522207 0.032113113 8
-1.3260328 -0.7086795 0.059024896 9
-1.2504699 -0.71388644 -0.020583563 17
-1.2608697 -0.70407802 0.0073387371 11
-1.2886308 -0.71775168 0.032240972 13
-1.2980477 -0.70692146 0.05816533 10
-1.2206082 -0.70806855 -0.018445807 16
-1.2397262 -0.70850307 0.0074620829 8
-1.2607043 -0.71399266 0.032375079 13
-1.2817409 -0.71747917 0.058282178 12
-1.1908273 -0.69925129 -0.016317371 12
-1.2224255 -0.71903074 0.0085832831 13
-1.2289357 -0.70413035 0.031510543 11
-1.257647 -0.71982759 0.057414174 15
-1.1802504 -0.71996695 -0.016201159 15
-1.1964449 -0.71732408 0.0087126847 12
-1.2126074 -0.71568447 0.032629583 10
-1.2287962 -0.71304584 0.056543626 15
-1.1571982 -0.72133422 -0.014077996 16
-1.1647885 -0.70346117 0.0088354917 9
-1.1953281 -0.72521573 0.032747339 13
-1.2038637 -0.70936984 0.055662025 10
-1.1341952 -0.72070462 -0.012961111 15
-1.1570811 -0.72925264 0.0099514276 11
-1.1704005 -0.72153723 0.03286536 12
-1.1932917 -0.73008192 0.056777973 15
-1.1102725 -0.7170496 -0.011848509 12
-1.1369375 -0.73370469 0.010068313 12
-1.144527 -0.71583235 0.032981969 9
-1.168359 -0.72640592 0.055895746 15
-1.0948902 -0.73063022 -0.01072974 15
-1.1101497 -0.72497123 0.011180524 10
-1.1311121 -0.73046881 0.033094168 12
-1.1425291 -0.71870744 0.054006241 12
-1.071967 -0.72700298 -0.0096225888 14
-1.0948215 -0.73655248 0.012293171 11
-1.1062384 -0.72479093 0.03320526 11
-1.1310108 -0.73739403 0.055120397 14
-1.052828 -0.73147947 -0.0085115759 13
-1.0728389 -0.734954 0.012401194 11
-1.0880666 -0.73029727 0.033314612 10
-1.1090237 -0.73579717 0.054228548 14
-1.0356128 -0.73900551 -0.006401713 14
-1.0452664 -0.71819657 0.013493622 8
-1.0689759 -0.73277748 0.03341965 12
-1.0842252 -0.72712326 0.05333028 11
-1.0109321 -0.72632682 -0.0053124111 13
-1.0365014 -0.74596256 0.013618802 11
-1.0470474 -0.72917861 0.033521187 10
-1.0735992 -0.74983495 0.054450616 15
-0.99838763 -0.74598664 -0.0041917982 14
-1.0127127 -0.73730969 0.014714876 11
-1.0326864 -0.7417897 0.033631027 11
-1.0508002 -0.74121481 0.053542089 13
-0.97838295 -0.74543834 -0.0030918149 14
-0.99649155 -0.74486583 0.015819255 10
-1.011731 -0.73921764 0.033730078 11
-1.0289204 -0.7356199 0.05263726 10
-0.9547016 -0.73278636 -0.0020082076 12
-0.97834694 -0.74937254 0.015924169 11
-0.99180156 -0.73567331 0.033821154 9
-1.0144784 -0.75123018 0.052755542 14
-0.94304943 -0.75647116 -0.00088140916 14
-0.95655733 -0.74077326 0.01700975 9
-0.97828406 -0.7543065 0.034943048 11
-0.99265265 -0.74363583 0.051844224 12
-0.9222067 -0.74989766 0.00020482279 13
-0.94208926 -0.75738263 0.017130204 11
-0.95559227 -0.74168724 0.034021508 10
-0.97645301 -0.7501955 0.051945101 13
-0.9052062 -0.75753909 0.0012733098 13
-0.92241383 -0.75294715 0.018176148 10
-0.94048709 -0.75337994 0.035088941 10
-0.95671731 -0.74776399 0.050993793 13
-0.88709325 -0.76104248 0.0023758356 14
-0.90432817 -0.7554509 0.01927577 9
-0.92145002 -0.75386059 0.035187662 10
-0.93778235 -0.74424994 0.05008084 11
-0.86641121 -0.74847108 0.0034453755 12
-0.88802165 -0.76600885 0.019389099 10
-0.90162826 -0.74631739 0.03526732 9
-0.92337245 -0.75885707 0.051196437 13
-0.85092151 -0.76605093 0.0045741443 14
-0.86555475 -0.74538755 0.020444581 8
-0.88713342 -0.76392651 0.035391409 11
-0.90170246 -0.7452684 0.049267966 11
-0.83121228 -0.75450617 0.0056412439 12
-0.85097939 -0.76599503 0.020577168 10
-0.86739177 -0.75338477 0.035461724 9
-0.88813132 -0.76590008 0.050395895 13
-0.81475449 -0.77105689 0.0077713672 13
-0.83210814 -0.76047558 0.021657018 9
-0.85190159 -0.77096438 0.036590166 11
-0.86738497 -0.75533396 0.049470901 11
-0.79745382 -0.7815848 0.0088883024 14
-0.81572634 -0.77402955 0.022778085 10
-0.83220905 -0.75842577 0.035654042 9
-0.85205132 -0.7669186 0.049581464 13
-0.77774459 -0.77004009 0.0099546118 13
-0.79755473 -0.779535 0.022884989 10
-0.81501526 -0.7649554 0.036759149 10
-0.83396024 -0.76942575 0.04967973 12
-0.76030892 -0.78556663 0.011085796 14
-0.77973729 -0.77204299 0.023953293 8
-0.79849398 -0.78351063 0.036894545 11
-0.81599849 -0.76693749 0.048763014 12
-0.74154049 -0.7760517 0.011152697 13
-0.76127541 -0.78854263 0.025092034 11
-0.77991295 -0.76699811 0.036941078 9
-0.79866523 -0.77846837 0.048882447 13
-0.72334689 -0.78255451 0.01226162 13
-0.74355996 -0.77705485 0.025148107 8
-0.76152712 -0.78050101 0.037070774 11
-0.77991831 -0.76795602 0.047946498 10
-0.70596564 -0.79608184 0.01338601 14
-0.72528589 -0.78655702 0.026265685 10
-0.74354333 -0.77901006 0.037156116 9
-0.76342869 -0.78550899 0.049078207 13
-0.68714833 -0.78856295 0.01445799 13
-0.70690441 -0.80005729 0.027394727 11
-0.72540337 -0.78351331 0.038258806 10
-0.74462843 -0.7769953 0.048147593 11
-0.66906732 -0.79106432 0.016554281 14
-0.68916285 -0.7895686 0.027452918 8
-0.70807046 -0.79504442 0.038377013 12
-0.72648364 -0.78150207 0.048250139 13
-0.64752597 -0.81048185 0.017714594 15
-0.66980851 -0.80204326 0.028583249 11
-0.69040859 -0.78155708 0.038426328 9
-0.70898974 -0.79903084 0.048385784 14
-0.63084227 -0.79801887 0.018761525 13
-0.64937419 -0.81748849 0.029726796 12
-0.6710493 -0.79403424 0.038556498 11
-0.69137663 -0.78354752 0.047429118 10
-0.60954279 -0.80843955 0.019894756 15
-0.63311458 -0.78903437 0.029726723 8
-0.65174937 -0.80450863 0.039680392 12
-0.67204416 -0.79502487 0.047556151 14
-0.58824736 -0.81885839 0.022027707 16
-0.61144423 -0.81344754 0.03190079 11
-0.63400692 -0.79402065 0.039737757 9
-0.65157813 -0.81147343 0.047702257 15
-0.57156354 -0.8063944 0.023073871 13
-0.59017116 -0.8228693 0.033030588 12
-0.61367506 -0.80547136 0.039868824 12
-0.63617921 -0.7880466 0.046711903 10
-0.55147803 -0.80884558 0.024178021 15
-0.57361633 -0.80541074 0.033062041 8
-0.59234869 -0.81689185 0.041004248 12
-0.61461091 -0.80846393 0.047873851 14
-0.52810335 -0.82220936 0.026328243 16
-0.55115592 -0.82180226 0.03421643 11
-0.574633 -0.80540413 0.0410579 9
-0.59327924 -0.81988776 0.048009124 15
-0.50583118 -0.83160359 0.027461633 17
-0.52896392 -0.82819796 0.035341199 13
-0.55330133 -0.81682795 0.041192763 11
-0.5756132 -0.80640328 0.047056735 11
-0.48699176 -0.82508212 0.029533761 14
-0.50674504 -0.83559346 0.036468562 12
-0.52997577 -0.82819486 0.04233665 13
-0.55425465 -0.81882691 0.047194321 15
-0.46496069 -0.82548016 0.030640235 16
-0.49010962 -0.82113433 0.036507782 9
-0.50888598 -0.83062184 0.042444497 12
-0.53100431 -0.82719785 0.047329269 16
-0.44091496 -0.83492541 0.032787435 17
-0.46713999 -0.82761097 0.037639089 11
-0.49028561 -0.8232134 0.042514015 9
-0.51008356 -0.83173162 0.04744162 15
-0.41456828 -0.84720898 0.034949724 18
-0.4407396 -0.84189308 0.039807387 13
-0.46812049 -0.82860929 0.043636855 12
-0.49236348 -0.82024652 0.046495497 11
-0.3925373 -0.84760702 0.036057223 18
-0.4176015 -0.84626234 0.040931575 14
-0.44387087 -0.83695352 0.043777738 13
-0.46913967 -0.82761854 0.046628863 14
-0.36956504 -0.84597611 0.038163301 17
-0.39459801 -0.84563392 0.042040706 13
-0.41859913 -0.846268 0.044925984 15
-0.44380975 -0.83893418 0.046783097 16
-0.34653425 -0.84634727 0.039274931 16
-0.37043327 -0.85097611 0.04317192 13
-0.39343506 -0.85158354 0.04606206 14
-0.41856036 -0.84725153 0.046928138 18
-0.32145551 -0.84866095 0.04140158 18
-0.35064283 -0.84243172 0.04424268 11
-0.37258673 -0.84501344 0.046143558 13
-0.39552465 -0.8476252 0.04703984 17
-0.29740334 -0.85000169 0.043520164 19
-0.32453305 -0.84572101 0.045376807 12
-0.34849757 -0.84735984 0.046265431 9
-0.37361807 -0.84303141 0.046131831 15
-0.26713836 -0.85917974 0.045690354 19
-0.29950264 -0.8460384 0.046497077 10
-0.32238737 -0.85064995 0.047399342 10
-0.34955573 -0.84437799 0.046250559 15
-0.24108703 -0.8604669 0.047817644 19
-0.26915267 -0.85821748 0.047675762 10
-0.29524603 -0.85491461 0.047540512 10
-0.32657403 -0.84275228 0.046355378 15
-0.2067481 -0.87253261 0.051014598 21
-0.24312776 -0.85850573 0.049799938 10
-0.27021602 -0.8552323 0.048660114 10
-0.29837444 -0.84899324 0.045506962 16
-0.17243069 -0.8836019 0.053208154 21
-0.20559722 -0.877491 0.052031238 11
-0.24104871 -0.86044317 0.048812855 10
-0.2691803 -0.85520393 0.045662787 15
-0.14027378 -0.88872725 0.055374186 16
-0.17340861 -0.88361859 0.053200405 11
-0.20983262 -0.86759728 0.049980473 10
-0.24106595 -0.85844195 0.045804713 10
-0.10504233 -0.89676797 0.058562607 17
-0.14125168 -0.88874394 0.055366144 11
-0.17032491 -0.88553274 0.051217359 11
-0.19937129 -0.88332134 0.04707161 12
-0.069865197 -0.90281147 0.061746538 16
-0.10709216 -0.89382279 0.056544676 12
-0.136112 -0.89261329 0.052403748 12
-0.16618043 -0.88943458 0.047252227 12
-0.036818374 -0.90392184 0.06391333 21
-0.070858188 -0.90185004 0.058745958 12
-0.10192639 -0.89869827 0.053589687 12
-0.13717572 -0.88865858 0.047394104 13
0.00035635667 -0.90992039 0.067113847 17
-0.038891621 -0.89998794 0.06089944 13
-0.070927858 -0.8978653 0.054741286 13
-0.10095967 -0.89569139 0.047592536 13
0.036397547 -0.91094768 0.070295393 23
0.0034469061 -0.91185373 0.063141257 14
-0.033742975 -0.90386963 0.055941973 13
-0.066844828 -0.89878303 0.04677023 13
0.07962361 -0.91878492 0.073530689 19
0.040519129 -0.91385663 0.065330647 15
0.0054137208 -0.90882087 0.057149444 14
-0.027629582 -0.90573627 0.046983458 13
0.11974342 -0.92270446 0.076740511 19
0.081697255 -0.91975135 0.067550927 15
0.046623204 -0.91571701 0.058372516 15
0.0094792433 -0.90874392 0.047175895 14
0.16180865 -0.92457086 0.079954289 18
0.12379422 -0.92262006 0.06976752 15
0.088805914 -0.92158842 0.059597805 15
0.053746052 -0.91756278 0.047419257 15
0.20384251 -0.92543584 0.084165536 18
0.17201854 -0.93032414 0.073027462 15
0.12985426 -0.92248791 0.060804103 14
0.097932361 -0.92338222 0.047654226 15
0.26019293 -0.93792093 0.088478409 19
0.21611455 -0.93313926 0.075254254 15
0.17600791 -0.92725158 0.062046081 15
0.14209218 -0.92820281 0.047886696 15
0.3154358 -0.94643396 0.09277533 20
0.26731077 -0.9397642 0.078526318 17
0.23239529 -0.94074231 0.064362168 15
0.19745743 -0.9407233 0.049195003 11
0.37267363 -0.95489156 0.098082237 21
0.32355866 -0.94825369 0.081828363 16
0.28354719 -0.94537282 0.065628737 16
0.24556656 -0.94344068 0.048441447 12
0.43654609 -0.96433568 0.1037387 21
0.385445 -0.9577502 0.08546637 17
0.34449586 -0.95689195 0.068260379 13
0.30039257 -0.95011961 0.050022438 13
0.49772668 -0.97069407 0.1090704 16
0.44971472 -0.96703255 0.088821307 14
0.4026444 -0.96134186 0.069571368 13
0.35962582 -0.95754468 0.050346795 13
0.57713586 -0.9855659 0.11551719 94
0.51592571 -0.97425991 0.093181007 96
0.47812372 -0.97832888 0.073003896 18
0.42801642 -0.97072721 0.050733268 14
0.6554386 -0.99646711 0.12194833 85
0.58821386 -0.98432612 0.097579442 96
0.55655348 -0.99323821 0.075446188 16
0.49116805 -0.97504646 0.051069919 15
0.73468208 -1.0053396 0.12937933 90
0.66955203 -0.99615276 0.10202875 92
0.61753595 -0.99160904 0.077756628 89
0.57568556 -0.99280137 0.051550969 85
0.81992352 -1.0140522 0.13684078 91
0.74670494 -1.0010886 0.10643904 109
0.70393533 -1.0053062 0.080236956 85
0.65598613 -1.0026633 0.05299015 78
0.91318876 -1.0235518 0.14434548 90
0.84308082 -1.0145088 0.11296979 92
0.78204489 -1.0082223 0.082647137 104
0.73926395 -1.0114483 0.053442068 79
1.0144725 -1.0338355 0.15289353 89
0.94343358 -1.0268263 0.11851839 102
0.88240254 -1.0205423 0.08719559 91
0.83969522 -1.0257787 0.053996172 93
1.1176434 -1.0400649 0.16244097 101
1.0365169 -1.0293314 0.12500466 112
0.98271215 -1.0308658 0.09073925 90
0.94304067 -1.0370274 0.055557534 87
1.2440144 -1.0536757 0.17312643 88
1.1518056 -1.0392485 0.13162391 118
1.0970432 -1.0418167 0.094356276 98
1.0533878 -1.048092 0.056154586 89
1.3905272 -1.0727456 0.18592946 113
1.2781382 -1.0508679 0.13930452 105
1.2183396 -1.0515788 0.099006273 105
1.1848829 -1.0645928 0.057874229 90
1.5459516 -1.088575 0.19977006 120
1.4417881 -1.074489 0.15020739 135
1.3709126 -1.0715075 0.10484297 113
1.3415816 -1.0884253 0.059742291 105
1.6910915 -1.0936787 0.212531 95
1.6001787 -1.088251 0.16005845 150
1.5364805 -1.0910915 0.11074583 117
1.5132742 -1.1118577 0.061686456 118
1.8046665 -1.0776237 0.22307624 99
1.740154 -1.0865014 0.16877568 74
1.6825808 -1.0931911 0.11550427 85
1.6776282 -1.1224848 0.062560387 112
1.8958863 -1.0481657 0.23147301 83
1.8354412 -1.0589439 0.17419799 111
1.8052367 -1.0789118 0.12010103 110
1.8134331 -1.1128677 0.0632364 89
1.9910731 -1.0175999 0.24088788 78
1.9336692 -1.0293057 0.18063055 93
1.9064785 -1.0492011 0.12353323 88
1.9389468 -1.0925236 0.06379883 82
2.0972257 -0.98574096 0.25130126 94
2.0216663 -0.99094367 0.18591647 90
2.0076451 -1.0164995 0.12589833 59
2.0370221 -1.0559106 0.063136756 69
2.2002785 -0.94996822 0.26066327 80
2.1318321 -0.95898807 0.19332546 94
2.1086998 -0.97979617 0.12924834 89
2.1370111 -1.0162444 0.063472472 84
2.3163173 -0.91384393 0.27208591 79
2.2257214 -0.91646874 0.19862014 95
2.1975253 -0.93442005 0.1315099 102
2.2449763 -0.97536808 0.062841251 81
2.4261775 -0.87088585 0.28245482 79
2.3336275 -0.87457454 0.20498322 85
2.3074443 -0.89248008 0.13488288 87
2.3477838 -0.92862779 0.062164441 82
2.5319331 -0.82403666 0.29278871 80
2.4333193 -0.82489431 0.21228035 81
2.4081547 -0.84278435 0.13818504 93
2.4655595 -0.88048941 0.061554607 79
2.6566725 -0.77667594 0.30521181 91
2.5420134 -0.77497727 0.21861784 85
2.519861 -0.79279578 0.14153725 90
2.5812032 -0.82740647 0.06091645 72
2.7561121 -0.71799195 0.31547424 100
2.6545687 -0.71995395 0.22595663 86
2.627383 -0.73591632 0.14484592 85
2.7027607 -0.77116394 0.061326053 94
2.8685408 -0.65896356 0.3268677 93
2.7479482 -0.65844637 0.23228624 97
2.7347996 -0.67504466 0.14828348 87
2.8110917 -0.70627689 0.060764309 99
2.9886503 -0.59653223 0.33972833 39
2.861095 -0.59621739 0.24008578 96
2.8378725 -0.60909325 0.15200631 108
2.9341869 -0.6397981 0.060579445 86
3.1168988 -0.53106236 0.35322013 40
2.9733267 -0.52919137 0.24749184 108
2.9591482 -0.5428372 0.15546021 106
3.0623739 -0.56936753 0.060057517 75
3.2610292 -0.46116561 0.36778176 31
3.0964696 -0.45887011 0.2559455 115
3.0711877 -0.46782464 0.15884495 101
3.1994512 -0.49469891 0.059570558 79
3.3899841 -0.38467443 0.38125011 10
3.2284703 -0.38330892 0.2654312 120
3.2142324 -0.39298058 0.16438861 111
3.3433394 -0.41284746 0.059100173 67
3.5448623 -0.30548331 0.3978442 0
3.3553147 -0.30188397 0.27487642 105
3.3490458 -0.30935648 0.16886832 98
3.474015 -0.32334304 0.059543699 47
10.863572 -0.58166176 1.0697728 3
3.5100639 -0.21671331 0.28542697 107
3.4837532 -0.22173727 0.17328326 117
3.6205826 -0.22942172 0.058972873 40
3.6476412 -0.12500477 0.29478726 107
3.6242409 -0.12596139 0.17864704 104
3.7930336 -0.13081039 0.058487173 33
11.275014 -0.074458323 1.1200458 15
3.8110356 -0.02659902 0.30725443 104
3.7926397 -0.026441772 0.1841359 105
3.960248 -0.023337279 0.057944797 16
11.167981 0.189733 1.1165698 90
4.023242 0.079115547 0.32194069 118
3.9907784 0.082879066 0.19174118 99
4.1692023 0.094254158 0.058577862 15
11.075123 0.44730577 1.1151854 90
4.2611389 0.19652237 0.33871606 125
4.2186937 0.20099419 0.19946401 97
3.4716496 0.18266344 0.049756274 0
4.4957705 0.32384411 0.35543948 76
4.454257 0.33231995 0.20818084 111
3.6976581 0.2987054 0.049478866 1
10.884632 0.95432097 1.1114221 84
4.7400489 0.46442896 0.3731662 110
4.6935215 0.47474885 0.21787718 106
3.5890284 0.39682513 0.047582649 1
10.794044 1.201952 1.110083 87
4.977066 0.61482233 0.39082134 92
4.922503 0.6279003 0.2265449 102
3.6680415 0.51094586 0.046671163 1
10.696465 1.4483795 1.1090552 86
5.2237492 0.77746725 0.40973523 57
5.1721005 0.79560167 0.23646019 102
3.8964128 0.65105355 0.047533188 1
10.605984 1.6909896 1.1081877 84
5.4193072 0.94474238 0.42539346 17
5.3446627 0.96424013 0.24300033 58
3.6922317 0.73161525 0.044406049 1
10.518552 1.9316832 1.1083413 86
5.410481 1.088531 0.42810211 18
5.3218861 1.1066505 0.24264197 89
3.6515081 0.83454144 0.04303227 0
7.0927997 1.5234045 0.77948576 26
5.3758402 1.2256213 0.42770123 11
5.2891946 1.245797 0.2422071 89
3.6575806 0.9457165 0.041815456 0
7.031343 1.6907901 0.77976376 25
5.3451395 1.36483 0.42916563 1
5.2345667 1.3823627 0.24155876 87
6.9918199 1.8607693 0.78209901 20
6.9299097 1.9014548 0.541673 130
5.1859374 1.5190877 0.24094069 87
1.3610716 0.56241322 0.023310579 6
6.9204793 2.0238938 0.78229362 20
1.4008052 0.58585119 0.15844829 8
1.2636105 0.56699616 0.087809257 100
1.2425236 0.58225626 0.022661377 93
6.8670759 2.1894991 0.78357238 19
1.243636 0.59263593 0.14864033 77
1.1829306 0.59284031 0.084334157 82
1.1558623 0.60694653 0.021159537 83
1.3109996 0.64263308 0.21884421 8
1.1640145 0.61650491 0.14417604 64
1.0963812 0.6135298 0.081843838 90
1.0484966 0.62008554 0.020585263 86
1.2234497 0.66428167 0.21134615 44
1.0775599 0.63418841 0.13869435 82
0.98119831 0.62044835 0.077247269 88
0.94223726 0.62925404 0.020027611 86
1.1449393 0.68417662 0.20589842 51
0.97535074 0.64245003 0.13315934 84
0.89783394 0.63422215 0.074792169 97
0.85294974 0.63987166 0.01855145 83
1.0434736 0.69258213 0.19620647 83
0.88880563 0.65325248 0.12753178 73
0.81430238 0.64410365 0.071174979 84
0.76445502 0.64762485 0.017906934 97
0.94932348 0.6990481 0.18867615 92
0.8164987 0.66531098 0.12309778 69
0.73706663 0.65303594 0.068741739 84
0.68329173 0.65345675 0.01748649 95
0.87602866 0.71107256 0.1823025 76
0.74227482 0.67431629 0.11875051 81
0.65594339 0.65786195 0.066378295 83
0.61307514 0.6615814 0.017167073 14
0.79886907 0.71799213 0.17595534 71
0.66321331 0.6771909 0.11440176 80
0.58976114 0.66508764 0.064080045 19
0.5419659 0.66568089 0.016851706 18
0.72770697 0.72507232 0.16963506 75
0.59114897 0.68025297 0.11008468 13
0.52168655 0.66826242 0.061781004 16
0.47093663 0.66678268 0.016542302 17
0.64284849 0.72078228 0.16227411 84
0.52607763 0.6835044 0.10679979 16
0.46057755 0.67262661 0.060503699 16
0.40790305 0.66809744 0.016250754 18
0.57481331 0.72294933 0.15694407 13
0.46897513 0.68797046 0.10350548 11
0.40744168 0.67820096 0.058222115 15
0.35575637 0.6737054 0.015974186 17
0.50292295 0.72000813 0.14959092 13
0.41289824 0.69146407 0.10021471 11
0.35043499 0.67867506 0.056934956 15
0.30663529 0.67839289 0.015715495 17
0.44982377 0.7245788 0.14531228 12
0.36376625 0.69714344 0.09695325 14
0.30035126 0.68233216 0.054674257 14
0.27032334 0.69042534 0.015501643 22
0.39283255 0.72504473 0.14102533 12
0.31273642 0.6987741 0.094693325 13
0.25720173 0.68817967 0.054442748 14
0.22130923 0.69111562 0.015254603 21
0.3467311 0.72980219 0.13678175 11
0.26570958 0.70050943 0.091453336 13
0.21805567 0.69413197 0.053231165 14
0.18605031 0.70117623 0.015051669 21
0.30167732 0.7325902 0.13354889 14
0.22656922 0.70645857 0.089241885 12
0.18185554 0.70216364 0.052028999 13
0.14497505 0.7040813 0.015838904 21
0.25468302 0.73332256 0.12931202 14
0.18648158 0.71038282 0.087031208 12
0.13887033 0.70201236 0.050814811 13
0.10692996 0.70606536 0.015643882 25
0.21754175 0.7393263 0.12711063 13
0.1533071 0.71749508 0.085846864 12
0.10769527 0.70917732 0.049640466 13
0.075722799 0.71423352 0.015466783 24
0.17557177 0.73919374 0.12290154 13
0.11821322 0.72155517 0.084661208 12
0.076515384 0.71634591 0.049466264 14
0.039677184 0.71627134 0.015281965 22
0.14145608 0.74427712 0.12071808 13
0.082177766 0.72358716 0.082476385 12
0.0453615 0.72251534 0.049294952 13
0.0085501261 0.72144103 0.015113574 22
0.1053995 0.74730569 0.11753055 13
0.052002508 0.73078007 0.081307314 11
0.020104367 0.73283988 0.048142217 13
-0.022581836 0.72661316 0.015945325 21
0.073336154 0.75044394 0.11536282 13
0.022852946 0.73699969 0.080146067 12
-0.011942329 0.73498416 0.04797747 13
-0.066279359 0.71544379 0.015757823 16
0.046133239 0.75871623 0.1142059 14
-0.0023509073 0.74532557 0.078999087 11
-0.053688746 0.72586477 0.046794284 11
-0.090462342 0.7227999 0.015618709 17
0.01410122 0.76085305 0.11104124 13
-0.032393217 0.7475211 0.077844366 11
-0.081758454 0.72911274 0.045646738 10
-0.11854222 0.72605371 0.016471209 18
-0.023742177 0.75583285 0.10786676 12
-0.057570256 0.75484717 0.076700456 11
-0.10886052 0.73339081 0.045501389 14
-0.14559107 0.72833198 0.016331537 17
-0.048866361 0.76116002 0.10672842 17
-0.093366638 0.74788415 0.074541569 10
-0.14074299 0.72953522 0.044353917 14
-0.17166701 0.73163694 0.016194105 17
-0.078850508 0.76135439 0.10457958 12
-0.12041016 0.7501601 0.073401988 10
-0.160007 0.74002331 0.044231452 13
-0.19674772 0.73497039 0.017061742 15
-0.1088087 0.76054853 0.10243363 17
-0.14745413 0.75243592 0.072262496 10
-0.18605648 0.74232936 0.044096928 13
-0.22082417 0.73832905 0.016934374 14
-0.13387963 0.76487023 0.10029988 17
-0.17247711 0.75476116 0.071134456 9
-0.21105835 0.74365801 0.043971777 12
-0.24582641 0.73965859 0.016809352 13
-0.156031 0.77127796 0.099174052 16
-0.19560176 0.76014316 0.070006564 9
-0.23705418 0.74396443 0.04384315 11
-0.26598895 0.74612474 0.01769354 14
-0.18493618 0.76850033 0.097038999 16
-0.22443259 0.75436914 0.068879902 9
-0.25815338 0.74840003 0.042728014 13
-0.29290479 0.74340665 0.017568523 14
-0.20894918 0.76985449 0.094917484 16
-0.24845088 0.75572664 0.067758426 12
-0.28214973 0.74876022 0.04260942 12
-0.31212083 0.75189942 0.018452257 15
-0.23874798 0.76305234 0.092788845 17
-0.26958138 0.76116467 0.067640647 12
-0.30998611 0.74301642 0.042487923 10
-0.33985066 0.74215716 0.01834196 12
-0.26079366 0.76546234 0.091674514 17
-0.29067972 0.76560056 0.066525809 12
-0.32433107 0.75663757 0.042382453 10
-0.3628217 0.74154496 0.018231252 10
-0.2808927 0.76992494 0.090564564 17
-0.31559169 0.76293254 0.065410838 11
-0.34543473 0.76107687 0.042267751 11
-0.38195762 0.7470392 0.019123636 10
-0.30868712 0.76317412 0.087446071 16
-0.3432638 0.75118887 0.064306207 7
-0.36648557 0.76351625 0.042158678 11
-0.40206686 0.7515077 0.020013977 11
-0.3249515 0.77374303 0.087339275 16
-0.35763475 0.76581025 0.064198211 8
-0.38653624 0.76598263 0.042054623 11
-0.42203826 0.75097525 0.019918276 11
-0.34977844 0.76807404 0.085232861 12
-0.37771225 0.76927644 0.064091377 9
-0.40756062 0.76742309 0.041948501 10
-0.43741384 0.76557326 0.020805631 13
-0.36790973 0.77359265 0.085130282 11
-0.39775848 0.7717402 0.062987417 8
-0.42663839 0.77091616 0.04184673 10
-0.45649204 0.76906615 0.020703917 13
-0.38703546 0.77908218 0.084022962 11
-0.41594219 0.77925789 0.062879533 9
-0.45042336 0.76328075 0.041750986 9
-0.47841451 0.76648474 0.02160424 10
-0.40424588 0.78762567 0.083917238 13
-0.43594003 0.77972543 0.062781282 10
-0.46947473 0.76577389 0.041652158 8
-0.50298744 0.75082606 0.021525834 9
-0.42610088 0.78303689 0.081823044 13
-0.45501289 0.783216 0.061679732 10
-0.48574391 0.7763474 0.042545971 11
-0.51925707 0.76139939 0.022419687 10
-0.44517374 0.78652745 0.080721498 11
-0.47687808 0.77863306 0.061585646 9
-0.50758225 0.77076471 0.042454753 10
-0.5373928 0.76692182 0.023317723 10
-0.46143767 0.79709768 0.080615386 13
-0.49771181 0.77307367 0.06049934 7
-0.52833712 0.76220727 0.041376721 8
-0.55820543 0.76036578 0.023234265 12
-0.48140416 0.7965638 0.079520181 14
-0.51397568 0.78364491 0.060393386 10
-0.54555243 0.77075434 0.042271495 9
-0.57802355 0.75384003 0.02415571 8
-0.50504684 0.78392583 0.077438615 13
-0.53297418 0.78414017 0.060300421 10
-0.56357801 0.77227628 0.042180691 10
-0.59345156 0.77043819 0.025038341 10
-0.52498692 0.78239197 0.076346338 9
-0.55559069 0.77052915 0.058226626 7
-0.58531064 0.76269579 0.042100795 9
-0.6150257 0.75485992 0.024975002 8
-0.54036158 0.79699147 0.07723444 14
-0.57096541 0.78512758 0.059114825 9
-0.60154814 0.77226704 0.041997936 9
-0.63216209 0.760409 0.02587831 8
-0.56103235 0.7854327 0.075164929 13
-0.58996391 0.78562284 0.059022114 10
-0.6196574 0.77679056 0.042899169 10
-0.64940381 0.76995718 0.026770765 9
-0.58091915 0.78190011 0.074078411 8
-0.61139613 0.76504183 0.056972593 6
-0.64006883 0.75523871 0.041857276 7
-0.66897929 0.75443226 0.026717303 7
-0.59628898 0.79649711 0.073966816 13
-0.62592971 0.78566486 0.057849467 9
-0.65557569 0.774836 0.042732097 9
-0.68524802 0.76500708 0.02761201 8
-0.61688006 0.78193969 0.071905784 10
-0.64568967 0.77713788 0.057776846 7
-0.67360568 0.77636164 0.043641806 9
-0.70348942 0.7745294 0.02849987 10
-0.63429987 0.78341609 0.070886374 8
-0.66292703 0.77162081 0.056778021 6
-0.69255388 0.75979972 0.042664897 7
-0.72144878 0.75800413 0.029529577 7
-0.65151381 0.79196697 0.071783207 13
-0.68042988 0.79116797 0.057645243 9
-0.70919359 0.78437418 0.044523455 10
-0.73887283 0.77455223 0.030405046 10
-0.67123884 0.78243768 0.069714382 9
-0.69900316 0.77567059 0.056597382 8
-0.72784531 0.77187502 0.043467611 8
-0.75553083 0.76210886 0.030358763 7
-0.68823814 0.78298974 0.069632918 8
-0.71700186 0.776196 0.056511234 6
-0.7447179 0.76743162 0.044399768 8
-0.7735604 0.76363689 0.031270057 8
-0.70560491 0.79753625 0.06951385 12
-0.73442549 0.79274428 0.057386886 9
-0.7621423 0.78398061 0.045275412 10
-0.79304117 0.78213495 0.033130843 10
-0.7241469 0.78103644 0.067468852 8
-0.75189424 0.77327454 0.056354761 6
-0.77968907 0.76750922 0.044235341 7
-0.80851537 0.76272041 0.033108409 7
-0.74238127 0.79055834 0.06735871 10
-0.76923454 0.78682214 0.056238651 8
-0.79798645 0.77903694 0.046119858 9
-0.82880729 0.77419293 0.033983447 9
-0.75956917 0.79811114 0.068258733 10
-0.78836864 0.79232252 0.057134621 7
-0.81719494 0.7875337 0.046007808 9
-0.84791988 0.77869689 0.035882246 8
-0.77711189 0.78163803 0.066218667 8
-0.80486411 0.77387863 0.056104764 6
-0.83482581 0.77406478 0.045959804 7
-0.86468267 0.77025282 0.035825614 6
-0.79648167 0.79613495 0.067090593 11
-0.82536525 0.79334873 0.056958493 9
-0.85525304 0.79053837 0.047821678 10
-0.88595241 0.78070223 0.037698898 8
-0.81455427 0.79965794 0.0659969 10
-0.84436363 0.79384935 0.056868155 6
-0.87422538 0.7900399 0.047734071 7
-0.90508693 0.7862035 0.038595259 7
-0.83231157 0.79118472 0.064935565 11
-0.86115247 0.78640443 0.056808941 7
-0.89104557 0.78359741 0.04867221 7
-0.92738229 0.79762733 0.040461317 4
-0.85268146 0.80565667 0.065802976 12
-0.88241684 0.79685152 0.057682417 7
-0.91446662 0.79999018 0.04952015 8
-0.94633269 0.79613155 0.041376688 6
-0.87154365 0.8011567 0.064726263 9
-0.90257263 0.80332452 0.057571448 6
-0.9356786 0.80843818 0.050399188 8
-0.96633571 0.79660887 0.042281982 7
-0.88935864 0.7946859 0.06465973 10
-0.92146534 0.79982626 0.057492249 5
-0.95786917 0.81586385 0.052276216 7
-0.9895516 0.80500692 0.044151705 7
-0.91061854 0.80513144 0.06453342 10
-0.94254643 0.80327702 0.058384772 7
-0.97560531 0.80639398 0.052218001 5
-1.0137932 0.81437933 0.046014104 7
-0.93393439 0.81752515 0.065392412 10
-0.96481055 0.81369835 0.059253916 7
-0.99665993 0.80884582 0.053113401 7
-1.0315342 0.80491298 0.046956018 8
-0.96051103 0.83983815 0.066210493 6
-0.99122995 0.83001304 0.060088165 7
-1.0219012 0.81819135 0.054971181 8
-1.0568024 0.8152594 0.048811164 10
-0.98148203 0.83928734 0.066114038 6
-1.0197586 0.85027677 0.061902318 6
-1.0482947 0.83350694 0.055808306 8
-1.0819912 0.82260692 0.050674509 10
-0.99381804 0.81495041 0.064119801 9
-1.0331511 0.82791579 0.06089808 7
-1.0734311 0.83885539 0.057677042 9
-1.1082373 0.83192915 0.053528171 10
-1.019082 0.82529205 0.064976268 10
-1.0540723 0.82536292 0.060809322 8
-1.0985663 0.84419578 0.058549054 9
-1.1354296 0.83921832 0.055386115 10
-1.0464787 0.84057522 0.065812603 10
-1.0814242 0.83864731 0.062652387 7
-1.126882 0.85543847 0.060402367 9
-1.1657609 0.85038954 0.057239663 10
-1.0705823 0.84289229 0.065726206 11
-1.1076854 0.84487164 0.063514814 7
-1.1542342 0.86157423 0.062141135 9
-1.1941081 0.85753351 0.059933703 10
-1.0968546 0.84914035 0.065411679 11
-1.1349344 0.8511557 0.064212814 7
-1.182445 0.86681765 0.06364543 9
-1.2402494 0.89112419 0.062642902 8
-1.1241896 0.85855478 0.066352151 12
-1.1653532 0.86447662 0.066138916 8
-1.2105634 0.87229013 0.06490127 8
-1.270255 0.89773786 0.06654866 8
-1.1534513 0.86879355 0.067188151 12
-1.1966401 0.87566245 0.066962831 8
-1.2543323 0.90116286 0.068619877 7
-1.3034455 0.90487814 0.069374099 9
-1.1805247 0.87208438 0.067052655 12
-1.2320354 0.89074475 0.068757139 6
-1.2854925 0.90735316 0.070457555 7
-1.3417917 0.91788518 0.072159797 7
-1.2054157 0.86843026 0.06694553 12
-1.266326 0.90185475 0.070567109 7
-1.321761 0.91741407 0.073260829 7
-1.385272 0.93576252 0.075908497 7
-1.2439929 0.89043176 0.068707027 8
-1.2974291 0.90604395 0.071410298 7
-1.3611016 0.93039298 0.075042047 7
-1.4265954 0.94769478 0.079683028 1
-1.2792784 0.90151346 0.069512427 9
-1.3377954 0.91999614 0.073184103 7
-1.4003949 0.94137573 0.077828772 3
-1.312402 0.90664762 0.069343612 9
-1.3781621 0.93394929 0.074958086 7
-1.4354274 0.94246674 0.080661476 0
-1.3486341 0.91570419 0.070150018 8
-1.4215585 0.94882566 0.077715352 4
-17.02422 19.174524 1.6351322 88
-1.3857874 0.9217363 0.070959859 8
-1.4565552 0.94891256 0.078550942 0
-17.615381 18.976152 1.6858668 95
-1.4270719 0.93265879 0.071739279 8
-17.269777 19.086956 1.5973697 103
-18.232067 18.791998 1.7385319 42
-1.4651774 0.93665636 0.072554857 7
-17.883789 18.895248 1.6313893 30
-18.818193 18.54657 1.7930676 68
-1.5063691 0.94148827 0.073392704 4
-17.578819 18.967726 1.5012281 81
-18.474798 18.651337 1.6612624 80
-19.42646 18.3111 1.8439211 75
-1.5455183 0.94234085 0.073954791 1
-18.199017 18.758242 1.515458 67
-19.08684 18.411238 1.6855115 85
-20.024145 18.043344 1.8713069 54
-1.579994 0.93479979 0.071956523 0
-18.813486 18.489872 1.4987473 76
-19.748299 18.181217 1.7001619 85
-20.088552 17.267563 1.8691024 79
-19.461386 18.271622 1.5265404 80
-19.848486 17.45689 1.7010269 42
-20.716862 17.034267 1.9365348 28
-19.987646 17.921352 1.5374277 37
-20.415419 17.151398 1.7359992 72
-21.98912 17.30529 2.0593877 78
-20.153463 17.238926 1.5193418 81
-21.717327 17.450228 1.8353879 23
-22.687365 17.058075 2.128391 78
-19.919561 17.33555 1.2664378 89
-20.774136 16.977745 1.5354832 7
-22.361212 17.173832 1.870277 62
-17.971886 12.791368 1.6715089 33
-20.575504 17.085449 1.2645521 63
-22.100922 17.26366 1.6022476 71
-23.062706 16.90782 1.9132932 56
-18.032034 12.247569 1.675585 84
-21.883152 17.353111 1.3041346 53
-22.810661 16.993341 1.6263949 49
-17.862421 12.363979 1.4601364 82
-18.58658 12.040499 1.7335711 82
-22.574947 17.066494 1.3026934 74
-17.892044 12.58207 1.2412007 62
-18.355022 12.117028 1.4832853 85
-25.014996 15.593831 2.3540089 49
-17.928646 12.785948 1.0011344 38
-18.191359 12.185455 1.2509935 70
-25.275011 16.048805 2.0679393 40
-25.815035 15.324262 2.4437087 54
-11.151627 7.3662715 0.59215522 58
-10.940492 6.7727203 0.72328055 2
-25.674707 15.488637 2.0864153 33
-26.156195 14.738517 2.4792724 39
-10.853933 6.7952518 0.55798185 28
-25.896181 15.835389 1.7451804 45
-26.350855 15.093487 2.1376524 68
-25.853033 13.814957 2.4598684 11
-25.692308 15.910248 1.3816173 55
-26.717472 15.539728 1.8339285 63
-27.168631 14.79883 2.2517405 42
-28.169727 14.313616 2.7501898 16
-26.540794 15.584365 1.3902729 53
-27.595011 15.205487 1.8714991 35
-28.063925 14.481639 2.317765 38
-27.970823 13.442536 2.7325623 13
-27.441013 15.25424 1.3803496 45
-28.408043 14.799605 1.8651316 29
-28.813087 14.023981 2.3387349 47
-15.793093 7.003365 1.5043195 81
-11.836181 5.9824109 0.55971265 21
-28.628675 14.07118 1.8734983 40
-15.855699 7.1254992 1.2676388 73
-15.881927 6.6381116 1.5251032 84
-28.529522 14.118122 1.3713986 53
-15.815675 7.1669641 1.0102559 79
-15.796727 6.6800814 1.261842 88
-16.375973 6.4386301 1.5839955 83
-15.824201 7.2164259 0.73393476 51
-15.720359 6.6948833 0.99708992 87
-16.297319 6.4749231 1.3053856 89
-25.621317 9.5931511 2.5310812 64
-15.670481 6.7030272 0.71420383 80
-16.238922 6.4972744 1.0245192 80
-27.767164 10.530912 2.2599225 14
-26.507839 9.2875748 2.6313298 50
-16.159222 6.4867454 0.72159344 77
-26.553221 9.3893147 2.15692 30
-26.969389 8.8040895 2.6894977 85
-26.991795 8.8700056 2.1980109 103
-26.68009 8.070859 2.6773434 65
-26.973803 8.8814917 1.695994 91
-26.786882 8.144351 2.1782095 85
-23.923491 6.655448 2.3978999 4
-26.959997 8.8563147 1.1477058 76
-26.75445 8.1294985 1.6744167 64
-15.478303 3.8794208 1.5449662 90
-26.727713 8.0858231 1.132823 60
-15.485596 3.8775964 1.246186 13
-15.340714 3.4922881 1.5393233 75
-15.449462 3.8421824 0.94437522 12
-15.896729 3.6150174 1.2840261 11
-15.21603 3.120126 1.5390625 57
-15.463202 3.4757915 0.94563955 61
-16.573017 3.392823 1.3474832 12
-15.03416 2.7498972 1.5314597 52
-15.447474 3.4183793 0.62290585 46
-15.328387 3.0834117 0.93660557 61
-17.252848 3.1416204 1.4136492 10
-14.904557 2.4004185 1.5303128 42
-15.307383 3.0171523 0.6120075 20
-15.207861 2.7016861 0.9315629 25
-15.001936 2.3780408 1.2298468 2
-14.811262 2.0620005 1.5340079 27
-17.998789 2.8037531 1.1099395 67
-14.83806 2.0214989 1.2230591 3
-13.764006 1.6160949 1.4333146 97
-17.846794 2.3678291 1.103247 11
-13.730468 1.559176 1.1357183 98
-13.643653 1.3112961 1.4329752 96
-13.685437 1.4835676 0.84024763 17
-13.60991 1.2473712 1.1323981 97
-13.747182 1.0295123 1.4580902 54
-1.0841311 0.044112835 0.022598963 3
-13.564636 1.1627654 0.83695275 8
-13.877707 0.9711625 1.1654108 58
-14.304903 0.77258384 1.5351331 109
-14.095779 0.89443964 0.87420112 3
-14.254375 0.68603361 1.2087283 105
-14.182572 0.46784514 1.5368069 103
-1.0825939 0.02614942 0.022664027 3
-14.226418 0.58188182 0.88822138 5
-14.126832 0.37442169 1.2064548 100
-14.063357 0.16702579 1.5394491 98
-14.158035 0.26517001 0.89340222 1
-14.022698 0.069708876 1.2118231 98
-13.95555 -0.12354144 1.5468059 99
-1.0816556 0.0092800045 0.022968374 3
-13.898479 -0.23304939 1.2124707 99
-13.851782 -0.41083434 1.5512801 99
