# .PCD v0.7 - Point Cloud Data file format
VERSION 0.7
FIELDS x y z intensity
SIZE 4 4 4 4
TYPE F F F F
COUNT 1 1 1 1
WIDTH 16090
HEIGHT 1
VIEWPOINT 0 0 0 1 0 0 0
POINTS 16090
DATA ascii
4.4425735 7.3082557 8.3474016 48
3.9787905 7.3363705 7.8888793 53
3.5396032 7.3417602 7.4791913 61
4.720901 7.2682657 8.7283297 44
4.2166367 7.3059459 8.2191067 52
3.7681072 7.3352342 7.7954698 49
3.3470633 7.3638387 7.4346271 58
4.5096712 7.3051105 8.6118927 39
4.0176997 7.3399358 8.1375799 49
3.566422 7.3482003 7.7199807 60
3.1536009 7.3719006 7.382081 61
4.2715487 7.2946544 8.4486961 43
3.8048587 7.3447695 8.0311813 52
3.3678007 7.3561969 7.6464739 57
2.9671526 7.3900433 7.3444748 59
4.0664415 7.3265657 8.3422174 47
3.5980411 7.3526664 7.9317355 55
3.1762016 7.3742738 7.5889058 59
2.7757711 7.3921266 7.294919 54
3.8563952 7.3454199 8.2267876 44
3.3932817 7.3545823 7.8322792 52
2.9856341 7.3883595 7.530334 58
2.5904355 7.3972759 7.2553148 60
3.6424351 7.3492293 8.1033983 48
3.1945791 7.3615689 7.7467737 53
2.79316 7.3844175 7.4607906 56
2.4091055 7.4064693 7.2216783 58
3.4405053 7.3661718 8.0009089 49
3.0038817 7.3796444 7.6761994 52
2.6096807 7.3995814 7.4151654 52
2.2327976 7.4227204 7.1999989 62
3.2306585 7.3600211 7.8794971 48
2.8152375 7.3937411 7.6076131 52
2.4272468 7.407752 7.3665371 57
2.0545664 7.4249463 7.1703448 55
3.0358441 7.3760419 7.7909551 48
2.6286581 7.4028587 7.5410151 54
2.2468529 7.4149456 7.3218951 57
1.8803631 7.4282146 7.1456604 60
2.8410709 7.387063 7.7014174 53
2.4410982 7.4099655 7.4744272 47
2.0694804 7.4261746 7.2852278 58
1.5161569 6.6640477 6.3930111 54
2.6483443 7.394104 7.6128678 54
2.2565951 7.4151068 7.412818 52
1.8921421 7.4354048 7.2505622 61
1.3640137 6.6705403 6.3801579 52
2.4586461 7.4051809 7.5332923 49
2.0761077 7.4232903 7.3571763 58
1.5237969 6.6591711 6.4639544 54
1.2128972 6.6820507 6.3772926 51
2.2719965 7.418293 7.4626937 51
1.8966465 7.4334884 7.3075256 56
1.3705394 6.6726489 6.4451036 51
1.0647507 6.7065992 6.3873959 41
2.0834038 7.4193797 7.3841181 57
1.5261275 6.6672249 6.5109262 55
1.2153469 6.6741004 6.4192777 49
1.0327078 7.4618301 7.092052 41
1.9018028 7.437551 7.3264775 57
1.3678091 6.6706371 6.4711223 50
1.0651214 6.696619 6.4163976 42
0.86961031 7.4852352 7.1072698 59
1.5271853 6.6682343 6.5129123 56
1.2085193 6.668036 6.42733 49
1.0329622 7.4628491 7.1200461 50
0.70361251 7.4845972 7.1045289 53
1.3647487 6.6735954 6.4601378 51
1.0571774 6.6985397 6.4194522 39
0.86674297 7.4932184 7.1282816 57
0.53958148 7.5019917 7.1207595 54
1.2013415 6.6759472 6.4073734 51
1.019886 7.4727144 7.1161327 48
0.69762689 7.4945397 7.1125631 54
0.37559536 7.5163894 7.1389923 51
1.0458968 6.7084022 6.3885255 25
0.84861189 7.4870119 7.0964198 52
0.53049749 7.5118947 7.1158171 53
0.21265502 7.5237932 7.154223 44
1.0014927 7.4784923 7.0652628 53
0.67640775 7.4902964 7.0717225 49
0.36342832 7.5192461 7.1140785 51
0.049740188 7.5301981 7.1714549 46
0.82610524 7.4957414 7.0345778 52
0.50519133 7.5025973 7.0570116 44
0.19641212 7.516592 7.106348 49
-0.11414662 7.5375972 7.1936936 45
0.64878619 7.5029674 6.9999166 50
0.33400917 7.5128994 7.044302 48
0.030368444 7.5329642 7.119596 47
-0.2759853 7.5370131 7.2119241 45
0.47050348 7.5041814 6.9622679 51
0.16285412 7.5282092 7.0415893 50
-0.13761456 7.5393119 7.1278663 44
-0.43984896 7.5544233 7.250155 44
0.29590797 7.5213695 6.9445381 47
-0.0075589083 7.532433 7.0308456 42
-0.30288285 7.5475945 7.1410885 47
-0.60395324 7.5587201 7.2793789 43
0.11968772 7.5246048 6.9178767 43
-0.1786456 7.5407362 7.0281425 44
-0.47082472 7.5559435 7.1573615 44
-0.767726 7.5631213 7.3126249 48
-0.058506023 7.5298252 6.8972297 47
-0.34968507 7.5450411 7.0264421 45
-0.63973612 7.5642843 7.1776433 48
-0.93249828 7.5775228 7.3588705 47
-0.23369537 7.5430837 6.8875537 47
-0.52372712 7.557323 7.034759 44
-0.80862421 7.572628 7.2009244 54
-1.1002522 7.5938978 7.4101386 42
-0.41183719 7.5523129 6.8789039 42
-0.69671321 7.5616131 7.0400743 45
-0.97846216 7.5789642 7.2282152 50
-1.2679473 7.6012697 7.4574132 47
-0.59093732 7.556531 6.869266 48
-0.87170172 7.5738902 7.0553994 44
-1.1503013 7.5892849 7.260519 49
-1.4356008 7.6036396 7.5036922 50
-0.77105594 7.5757518 6.8766241 46
-1.0466288 7.5791659 7.0697303 49
-1.3231001 7.598597 7.2968307 51
-1.6062655 7.6179919 7.5639839 48
-0.95209169 7.5819578 6.8780003 46
-1.2245371 7.5864158 7.0890827 50
-1.498908 7.6188898 7.346158 49
-1.7778763 7.6253309 7.6222901 47
-1.1350977 7.585144 6.8793941 50
-1.4034238 7.5976615 7.1164398 52
-1.6756263 7.6231666 7.3865042 51
-1.9504464 7.6316643 7.6846046 52
-1.3201101 7.6013217 6.8967934 54
-1.5863019 7.6118717 7.1488247 53
-1.8513058 7.6204491 7.4228492 57
-2.1270068 7.6439638 7.7559452 48
-1.5070574 7.6124816 6.9162126 54
-1.7691106 7.619081 7.1812158 55
-2.0330138 7.6406918 7.4852228 57
-2.3035274 7.6522632 7.8272891 58
-1.6949546 7.6116238 6.9266486 53
-1.9549117 7.6332688 7.2236247 53
-2.2176774 7.6549025 7.5456238 60
-2.4820104 7.6575437 7.8996515 50
-1.8878839 7.6317344 6.9601064 58
-2.1436677 7.6444273 7.2680593 55
-2.4052949 7.6690888 7.6120477 57
-2.6644495 7.6637893 7.9790425 56
-2.0787168 7.6328559 6.9815645 58
-2.3333895 7.6505737 7.3105054 52
-2.5928802 7.6792731 7.6774759 57
-2.8508854 7.6790042 8.0704594 62
-2.278547 7.6479015 7.0210805 57
-2.528084 7.6646867 7.3649845 58
-2.7823851 7.682447 7.7409248 59
-3.0432394 7.6991854 8.1739178 52
-2.4813142 7.6669402 7.0686178 58
-2.7286954 7.6797566 7.4275098 57
-2.972822 7.6816201 7.805387 59
-3.2365522 7.712357 8.2723942 55
-2.6840127 7.6759758 7.1121645 54
-2.9282577 7.6868362 7.4860353 58
-3.1792824 7.7126656 7.9079485 60
-3.4318037 7.7225127 8.3748875 52
-2.8906705 7.6809735 7.155746 57
-3.1287653 7.6869049 7.5425754 58
-3.3836713 7.7257204 7.99651 57
-3.6300011 7.7296424 8.4804087 50
-3.1073337 7.7058921 7.2243905 60
-3.3372459 7.6959057 7.6141725 61
-3.5890076 7.7327662 8.0840864 55
-3.8381877 7.7496877 8.6039991 48
-3.3229046 7.7138133 7.2830429 55
-3.5587387 7.7247982 7.7098551 56
-3.7972827 7.7367859 8.1756887 56
-4.0443001 7.75775 8.7215843 51
-3.5394099 7.7097211 7.334713 60
-3.7801459 7.739687 7.7985506 61
-4.0175529 7.7567048 8.2883739 58
-4.2573738 7.7697515 8.8492222 54
-3.7709351 7.7325068 7.4184804 57
-4.0085144 7.7585154 7.8972983 57
-4.2427511 7.7725778 8.4051018 59
-4.46138 7.7548227 8.9508123 57
-4.0084109 7.7542372 7.5072961 61
-4.2327919 7.7573738 7.9820328 56
-4.4548559 7.7565594 8.4927568 59
-4.4699836 7.3995237 8.6651726 32
-4.2477956 7.7629447 7.5911393 60
-4.4439583 7.7233391 8.0386944 49
-4.4593873 7.3772821 8.1861038 40
-4.481657 7.0742168 8.4095325 35
-4.4407635 7.6779423 7.5895815 34
-4.4572983 7.344872 7.7419815 43
-4.4839287 7.0577369 7.941422 37
-4.6404805 6.9965501 8.4446831 49
-4.4501529 7.2825985 7.284966 33
-4.4748759 6.9994779 7.4773893 44
-4.6629605 6.9989886 7.9898419 58
-4.8634658 7.016449 8.6013784 46
-4.4947524 6.9709697 7.061554 53
-4.6860471 6.9794374 7.5580235 59
-4.8970375 7.0157661 8.1306238 53
-5.5887051 7.7400551 9.6403685 46
-4.7430668 6.9915872 7.1764407 52
-4.9412422 7.0140138 7.7059541 53
-5.731883 7.8703671 9.2583542 55
-5.8534088 7.7635851 9.8343897 41
-4.9731965 6.9733796 7.2602282 24
-5.7925248 7.8634195 8.7658215 56
-5.9666195 7.8311367 9.3642006 68
-6.1560192 7.8277984 10.090677 40
-5.8690152 7.8593316 8.2974081 43
-6.0834022 7.8806763 8.9270544 55
-6.2142854 7.7987924 9.488143 46
-6.46453 7.8829556 10.34802 46
-6.1819935 7.8873706 8.4598036 47
-6.3841906 7.8968439 9.0983667 49
-6.485898 7.78824 9.6472549 53
-6.7609372 7.9062123 10.577298 40
-6.4738021 7.8705926 8.5860748 49
-6.6979003 7.9128923 9.2797823 58
-6.80545 7.824266 9.8747005 53
-7.0512757 7.9135199 10.794544 46
-6.8045931 7.8884664 8.7596197 52
-6.9544315 7.848443 9.3798246 60
-7.1769047 7.9018316 10.168515 57
-7.3744931 7.9435391 11.057028 43
-7.146275 7.9032412 8.9432545 48
-7.2589397 7.8305702 9.5432014 56
-7.5352206 7.9455075 10.436259 44
-7.7096019 7.9714494 11.330608 38
-7.5228915 7.9386978 9.1621447 59
-7.6083536 7.844295 9.759902 48
-7.8964281 7.9761534 10.701039 49
-8.0505886 7.9903064 11.608244 35
-7.8342853 7.8867354 9.296607 59
-8.0426798 7.9292617 10.080201 49
-8.2705116 8.00068 10.973927 42
-8.4174404 8.0199337 11.917074 43
-8.2046165 7.8812451 9.4994879 44
-8.4898291 8.0021095 10.407615 49
-8.6564617 8.0221014 11.259912 44
-8.8071451 8.0543547 12.25108 32
-8.6258488 7.9062929 9.7547407 39
-8.9138298 8.0291557 10.694889 42
-9.0682402 8.0472889 11.573096 33
-9.1897383 8.0668364 12.571053 45
-9.1859617 8.0330839 10.156986 35
-9.3536892 8.0530577 10.996293 38
-9.5148525 8.0841608 11.922544 38
-9.5093317 8.0088711 12.799598 35
-9.7018423 8.092268 10.501951 41
-9.7843819 8.0480375 11.281655 79
-9.8275013 7.9902244 12.098067 71
-9.8427954 7.9497819 13.043256 50
-9.7816095 7.7723904 10.370859 53
-9.7952662 7.6857867 11.080065 65
-9.8245354 7.6381063 11.889363 43
-9.8583736 7.6306839 12.865107 39
-9.781127 7.3963046 10.163135 54
-9.8678474 7.3874283 10.959752 35
-9.9602995 7.3992581 11.854355 33
-10.011951 7.4265971 12.876637 21
-10.281962 7.406045 10.48551 34
-10.401698 7.4285955 11.359302 34
-10.494952 7.4534669 12.301891 36
-10.445585 7.420752 13.252458 43
-10.608974 7.2700286 10.628626 65
-10.623786 7.2285457 11.411677 74
-10.667021 7.2328711 12.319017 65
-10.456933 7.1085672 13.090623 50
-10.616743 6.9088335 10.454974 68
-10.628542 6.8823571 11.239158 58
-10.661862 6.8947639 12.137473 72
-10.470888 6.8072953 12.941187 39
-10.630347 6.5645695 10.300575 68
-10.640251 6.5511122 11.086733 75
-10.675661 6.5774984 11.990051 59
-10.47786 6.5070934 12.791695 57
-10.607032 6.2086496 10.120904 67
-10.651981 6.2268734 10.941299 74
-10.679512 6.2643323 11.841548 60
-10.553617 6.2572951 12.73768 59
-10.541798 5.8381186 9.9119253 72
-10.662757 5.9126706 10.805822 76
-10.698371 5.965075 11.715096 58
-10.605512 5.9967709 12.658419 76
-10.450563 5.467031 9.6936569 66
-10.68529 5.6104641 10.694382 71
-10.697972 5.6630034 11.581474 78
-10.673886 5.7470136 12.608261 86
-10.470325 5.1657658 9.5870934 66
-10.691142 5.3063254 10.571714 81
-10.708902 5.3728228 11.465834 73
-10.718822 5.4895291 12.533857 74
-10.47812 4.8646164 9.4764385 64
-10.707968 5.0150952 10.469123 78
-10.723839 5.0906091 11.36022 71
-10.750792 5.2291675 12.451358 53
-10.523822 4.5881262 9.410058 58
-10.713831 4.7249694 10.363446 69
-10.735788 4.8144307 11.26058 67
-10.753889 4.9590683 12.339643 50
-10.507665 4.2892098 9.2962189 65
-10.714707 4.4368935 10.258731 71
-10.748729 4.5432477 11.168943 71
-10.763953 4.6979127 12.243977 47
-10.568297 4.0255919 9.2559443 54
-10.695637 4.1470084 10.144863 67
-10.762636 4.2740602 11.084314 72
-10.774005 4.440762 12.155308 57
-10.611959 3.7601366 9.2095423 66
-10.658697 3.8576741 10.018306 62
-10.768213 4.0077224 10.996042 73
-10.77509 4.183218 12.057409 55
-10.688228 3.5077806 9.1941471 58
-10.585752 3.5613515 9.8662348 62
-10.780751 3.7513118 10.922462 72
-10.782693 3.9331777 11.976233 59
-10.711325 3.2375765 9.1401186 62
-10.564173 3.2905622 9.770875 68
-10.793159 3.49422 10.852336 69
-10.801229 3.6900423 11.91214 55
-10.791084 2.9878442 9.1416578 61
-10.57319 3.0314627 9.7100449 62
-10.801104 3.2391105 10.788649 70
-10.812165 3.4468751 11.844624 52
-9.9927578 2.5131035 8.4042406 47
-9.9306946 2.6032543 9.056757 22
-10.816887 2.9909132 10.737172 74
-10.818108 3.2047579 11.778068 50
-9.9636822 2.2583349 8.3294182 53
-10.002302 2.3835645 9.069663 62
-10.01963 2.53406 9.8807268 68
-10.83298 2.9675679 11.727574 50
-9.9814072 2.0181448 8.3009338 47
-10.012143 2.1484413 9.0311146 62
-10.038535 2.3098543 9.8472328 62
-10.006592 2.5159361 10.765862 55
-10.801575 1.9266385 8.9483595 51
-10.532528 2.0147216 9.4602919 26
-10.013695 2.0771022 9.7753525 61
-10.017692 2.3008595 10.724237 55
-10.816143 1.6695369 8.9248066 39
-10.665601 1.7925717 9.5415344 65
-10.813071 2.0020769 10.517251 58
-10.012566 2.0820274 10.670448 56
-10.874111 1.4181007 8.9428129 28
-10.656018 1.5416554 9.4983807 60
-10.861348 1.7652496 10.526123 68
-10.823404 2.0181565 11.494009 48
-11.095264 1.1819375 9.1026115 2
-10.707257 1.3031695 9.5165796 50
-10.861014 1.5242836 10.48964 59
-10.86004 1.7939856 11.489483 60
-10.684978 1.056547 9.4736252 57
-10.889544 1.288185 10.485067 65
-10.882747 1.5679482 11.473857 58
-10.694514 0.81462371 9.461916 53
-10.894174 1.0503172 10.465318 68
-10.893489 1.3390267 11.450144 56
-11.11529 0.404257 9.0764656 2
-10.705021 0.57469541 9.4572163 54
-10.906751 0.81437635 10.455632 62
-10.908204 1.1130705 11.434465 63
-11.111614 0.14547028 9.0716801 2
-10.725427 0.33567712 9.4675999 57
-10.916307 0.5774675 10.447929 62
-10.91396 0.88620019 11.412723 54
-11.170516 -0.11390879 9.1223841 2
-10.735852 0.093755662 9.4719114 53
-10.934779 0.34247798 10.454298 62
-10.939545 0.66014653 11.415136 52
-11.202563 -0.37202784 9.1558857 2
-10.730368 -0.1450098 9.4691038 57
-10.947236 0.10554948 10.460626 58
-10.937303 0.43335721 11.394341 50
-11.192816 -0.63174534 9.1610699 2
-10.75562 -0.38606235 9.4985409 56
-10.960685 -0.13038634 10.469968 65
-10.965769 0.20628555 11.411788 52
-11.143794 -0.88479114 9.1370516 5
-10.77141 -0.62579799 9.5180721 60
-10.972726 -0.36398625 10.478427 63
-11.006848 -0.01852642 11.438452 44
-11.135996 -1.1426936 9.1543951 9
-10.777708 -0.8688361 9.5415058 61
-10.990043 -0.60313523 10.502944 55
-11.115246 -1.4004571 9.1676254 31
-10.806823 -1.1150495 9.5890875 61
-11.007348 -0.84423 10.532422 64
-11.079607 -1.6570406 9.1727076 50
-10.810114 -1.3599954 9.6184521 62
-11.016698 -1.0852339 10.557828 65
-11.040563 -1.9132205 9.1815987 56
-10.828595 -1.6107781 9.6659231 57
-11.028096 -1.3311458 10.59043 64
-11.051321 -2.1844759 9.2385626 58
-10.87449 -1.870602 9.7470636 59
-11.035703 -1.5776198 10.626139 59
-10.968805 -2.4307644 9.221221 63
-10.890394 -2.1255429 9.803441 54
-11.060659 -1.8266417 10.682579 66
-10.967613 -2.6955366 9.2784815 68
-10.907229 -2.3824875 9.8668327 59
-11.076638 -2.0775745 10.733958 65
-10.90988 -2.9477651 9.2923031 63
-10.935883 -2.6455395 9.9463243 69
-11.086624 -2.3274457 10.786295 70
-10.937258 -3.2278001 9.3868065 59
-11.007032 -2.9239872 10.072161 76
-11.109403 -2.5854328 10.855742 62
-10.554623 -3.3779345 9.1290569 26
-11.094905 -3.2135856 10.220141 75
-11.097452 -2.8380878 10.896922 48
-10.327536 -3.5685537 9.0095367 54
-10.674877 -3.3513846 9.8990936 25
-11.122064 -3.1040828 10.978399 42
-10.344969 -3.8404891 9.1089678 63
-10.35893 -3.5071762 9.6758585 65
-10.815132 -3.2719653 10.736245 7
-10.967705 -4.3611259 9.7602758 58
-10.279487 -3.7381952 9.6815119 57
-10.235327 -3.3383083 10.2189 7
-10.993596 -4.6661129 9.8878164 68
-10.400783 -4.0460925 9.8827829 12
-10.104672 -3.5418565 10.157133 9
-11.154819 -5.0373616 10.147464 63
-11.246504 -4.6687469 10.793924 65
-9.8524599 -3.6942759 9.9743862 5
-11.243672 -5.3889647 10.351522 73
-11.238733 -4.9624972 10.894166 75
-9.8562956 -3.9422073 10.056653 2
-11.256258 -5.713984 10.496908 65
-11.251637 -5.2695308 11.021539 32
-9.3438578 -3.511955 10.13742 2
-11.295328 -6.0622125 10.673602 41
-10.209643 -5.0596929 10.105415 2
-9.3251896 -3.7346883 10.181563 2
-11.309544 -6.4041882 10.83713 57
-10.087367 -5.2804241 10.100769 2
-11.341364 -6.7680745 11.028943 35
-9.9789124 -5.5079861 10.116381 2
-9.8792944 -5.7416282 10.146073 2
-9.7263718 -5.9437981 10.126321 2
-9.3937731 -5.2674146 10.161185 2
-9.6285219 -6.182765 10.167922 2
-9.3469868 -4.9645143 10.625749 2
-9.4777346 -6.3867078 10.159451 2
-9.4222164 -6.6577439 10.259532 1
-9.4559317 -7.5371141 10.187688 3
-9.4392815 -6.9897013 10.45213 2
-9.4305859 -7.3114524 10.624508 2
-9.185113 -6.5629711 10.607973 5
-9.2152128 -7.4763169 10.569129 3
-9.1305342 -6.8303194 10.705938 53
-9.1515207 -7.1643419 10.90256 62
-9.1522179 -6.5141234 11.12503 33
-9.1693115 -7.5103235 11.108173 8
-9.1518373 -6.8209667 11.274459 50
-9.5319233 -8.8535624 11.606369 3
-10.825296 -9.2938337 13.371812 15
-9.1761208 -7.1594229 11.466815 50
-11.289232 -10.987551 14.070368 11
-10.771617 -9.6706028 13.553195 19
-11.137505 -9.113842 14.161616 5
-11.145824 -11.339371 14.206794 3
-11.078265 -10.398573 14.213537 3
-11.008111 -9.4197493 14.217222 9
-11.038244 -11.73491 14.402505 6
-11.024319 -10.813639 14.430676 5
-10.729299 -9.5957966 14.086365 11
-10.790668 -12.943253 14.444747 17
-10.785474 -11.989107 14.421953 18
-10.775138 -11.043906 14.405118 19
-10.310316 -9.6355724 13.770279 10
-10.483448 -13.156915 14.446746 17
-10.534662 -12.241321 14.449418 17
-10.559189 -11.312476 14.428863 16
-10.05803 -9.8248711 13.683642 4
-10.175202 -13.369565 14.453738 4
-10.255421 -12.463276 14.443636 9
-10.337294 -11.575988 14.452559 16
-10.407876 -10.634601 14.440338 18
-9.8825207 -13.601353 14.491873 17
-10.001534 -12.713709 14.480861 14
-10.09474 -11.818817 14.455656 5
-10.207982 -10.904109 14.45261 23
-9.5721979 -13.804986 14.505908 17
-9.7269115 -12.945701 14.499235 16
-9.8637972 -12.077245 14.483429 17
-10.036297 -11.212115 14.513926 9
-9.4532442 -13.175689 14.524604 14
-9.6219196 -12.330557 14.508099 17
-9.796999 -11.446489 14.49163 18
-8.976717 -14.246432 14.593181 16
-9.1656151 -13.385139 14.533657 4
-9.3614397 -12.553963 14.507513 14
-9.5789633 -11.711027 14.504675 17
-8.6439085 -14.409559 14.591543 13
-8.8881588 -13.60991 14.567947 15
-9.1330404 -12.82725 14.569363 5
-9.3501844 -11.966512 14.514316 13
-8.3227577 -14.594263 14.616238 16
-8.593894 -13.814055 14.586676 11
-8.8568707 -13.04276 14.566065 14
-9.1486206 -12.267733 14.579682 4
-8.0075359 -14.782345 14.653585 14
-8.3131876 -14.043483 14.633338 14
-8.5874033 -13.271321 14.583824 13
-8.892396 -12.49745 14.565557 19
-7.692174 -14.976418 14.700934 7
-7.9994326 -14.21554 14.630767 13
-8.3198061 -13.502764 14.611741 14
-8.6495361 -12.757082 14.589763 15
-7.3613396 -15.13409 14.723442 10
-7.7310472 -14.474805 14.720841 7
-8.0636673 -13.76017 14.672909 13
-8.3978319 -13.005564 14.60696 14
-7.0409565 -15.318845 14.781051 10
-7.4065104 -14.625559 14.714392 9
-7.7715559 -13.959249 14.677751 7
-8.145956 -13.261034 14.637158 12
-6.690165 -15.431649 14.772761 10
-7.087945 -14.797666 14.728422 10
-7.4766908 -14.161585 14.691011 10
-7.8874173 -13.515718 14.668767 10
-6.3563919 -15.577267 14.806235 7
-6.7738976 -14.974311 14.757262 13
-7.1833196 -14.372266 14.717215 10
-7.6138759 -13.750427 14.685308 6
-6.0081496 -15.691208 14.815184 6
-6.4520535 -15.138659 14.778276 7
-6.8831596 -14.568984 14.737256 8
-7.3275228 -13.975441 14.694319 12
-5.6627836 -15.809618 14.835664 11
-6.1388254 -15.321379 14.826054 8
-6.5847201 -14.779867 14.77516 9
-7.0507126 -14.221564 14.7324 10
-5.323122 -15.939124 14.875152 7
-5.8051848 -15.465981 14.841581 8
-6.2918072 -15.010865 14.841061 5
-6.75528 -14.444572 14.747274 9
-4.955049 -15.972427 14.832314 6
-5.4753919 -15.614631 14.870131 8
-5.9671488 -15.174515 14.845676 8
-6.4637356 -14.680465 14.784215 8
-4.5808768 -15.967501 14.762456 9
-5.1458926 -15.767018 14.907758 8
-5.6455631 -15.347987 14.866373 8
-6.1694479 -14.926463 14.836729 8
-4.2158642 -15.990173 14.723823 10
-4.8095803 -15.900221 14.930968 6
-5.3228021 -15.530466 14.895505 8
-5.8570933 -15.137796 14.857417 10
-3.8611987 -16.028902 14.706524 8
-4.4626856 -16.00576 14.93922 6
-4.9901314 -15.688018 14.91313 9
-5.5330911 -15.33444 14.867132 8
-3.5069776 -16.06526 14.693901 7
-4.084672 -15.989928 14.838373 7
-4.6627798 -15.882604 14.970824 8
-5.2211304 -15.581174 14.935982 10
-3.1538846 -16.089634 14.680279 8
-3.7208529 -16.017216 14.785667 7
-4.3127518 -15.998003 14.960289 7
-4.8898363 -15.788736 14.969655 5
-2.7972114 -16.084007 14.647588 4
-3.3673956 -16.074633 14.769025 7
-3.9336073 -15.995239 14.848381 8
-4.5450015 -15.96027 14.976122 8
-2.4497118 -16.118769 14.652644 6
-3.005522 -16.085581 14.717629 6
-3.5674627 -16.036339 14.782779 8
-4.1620622 -15.998007 14.864635 8
-2.0996313 -16.107639 14.627509 8
-2.6447124 -16.077637 14.654155 7
-3.1965075 -16.05382 14.703695 6
-3.7887874 -16.072199 14.791839 6
-1.7498842 -16.097036 14.601772 7
-2.2914689 -16.114431 14.637022 7
-2.8261344 -16.062777 14.622179 6
-3.4007158 -16.073496 14.666683 8
-1.4091021 -16.138546 14.636209 5
-1.9319397 -16.091574 14.574506 8
-2.4617732 -16.098684 14.574857 5
-3.0125284 -16.059212 14.533147 5
-1.0618191 -16.129896 14.63263 10
-1.5796831 -16.103474 14.550253 5
-2.0960088 -16.102949 14.505966 8
-2.6381505 -16.119431 14.472186 6
-0.72265273 -16.173725 14.682834 9
-1.2287636 -16.144754 14.561846 7
-1.7346236 -16.123777 14.462866 8
-2.2551713 -16.088093 14.344784 8
-0.37906182 -16.183792 14.705468 8
-0.87719786 -16.163565 14.558619 7
-1.3718373 -16.167297 14.444763 7
-1.8786476 -16.112333 14.274825 9
-0.038703896 -16.212702 14.755436 6
-0.52674037 -16.177832 14.557105 7
-1.0110496 -16.177893 14.406764 6
-1.4998751 -16.083715 14.163614 9
0.30394697 -16.217882 14.78895 7
-0.17580348 -16.21077 14.578726 8
-0.64758098 -16.172529 14.361377 7
-1.1256522 -16.095657 14.097186 7
0.64984179 -16.267313 14.869529 6
0.17648247 -16.210058 14.580432 5
-0.28307855 -16.192669 14.342257 7
-0.75281304 -16.234442 14.147134 5
0.99698019 -16.280443 14.922193 6
0.53409064 -16.239414 14.608673 5
0.083271302 -16.217268 14.335158 8
-0.37419084 -16.270674 14.112997 5
1.3397257 -16.268929 14.956394 9
0.88795966 -16.249632 14.628982 8
0.4482502 -16.224207 14.316473 8
1.6725233 -16.193108 14.941904 8
1.2391891 -16.27261 14.672332 8
0.81038958 -16.257107 14.33565 8
2.0297914 -16.293419 15.096226 7
1.5940365 -16.246233 14.673344 7
1.1779897 -16.285873 14.356261 8
0.84554064 -17.866997 15.344569 7
2.379966 -16.309385 15.175815 7
1.9590877 -16.326847 14.779078 5
1.5458699 -16.258715 14.329748 8
1.2686758 -17.921774 15.357028 6
2.7309389 -16.324673 15.259151 7
2.3194919 -16.332268 14.819098 6
1.9150566 -16.26552 14.340212 6
1.6924373 -17.928377 15.333867 8
3.0715425 -16.264524 15.284209 4
2.6926885 -16.378481 14.904228 7
2.297266 -16.318407 14.399502 8
2.1186512 -17.925583 15.314059 8
3.4068587 -16.165594 15.275013 8
3.0606794 -16.387405 14.965609 8
2.6847565 -16.376759 14.471076 8
2.5504057 -17.958181 15.331487 9
3.7393613 -16.081251 15.285192 8
3.4303715 -16.381189 15.022445 9
3.0720036 -16.412907 14.534312 7
2.9795368 -17.939384 15.318043 3
4.0648651 -15.971618 15.2821 11
3.8086028 -16.40493 15.110697 7
3.4522831 -16.388443 14.551697 8
3.4054263 -17.898308 15.291203 7
4.3817883 -15.834265 15.254461 13
4.1860995 -16.413273 15.195346 9
3.8443499 -16.406124 14.612904 8
3.8414292 -17.885052 15.300666 11
4.697206 -15.705132 15.240886 7
4.5307546 -16.279472 15.150677 5
4.2392955 -16.412611 14.671034 11
4.2734761 -17.842045 15.289572 10
5.0294056 -15.616887 15.274548 14
4.9183259 -16.289351 15.253835 11
4.6229677 -16.354355 14.68037 10
4.3771219 -16.567825 14.23562 5
5.3343978 -15.452255 15.235528 12
5.2697206 -16.170076 15.239341 9
5.0593939 -16.450577 14.837002 11
4.7903643 -16.545885 14.259112 6
5.6529727 -15.33924 15.252515 12
5.612781 -16.036663 15.215249 12
5.4727864 -16.460213 14.922608 9
5.2166224 -16.534084 14.299679 7
5.9629354 -15.203957 15.253985 13
5.9796739 -15.961788 15.255305 15
5.879488 -16.43128 14.981896 13
5.6366348 -16.498358 14.328189 7
6.2663989 -15.048275 15.241612 12
6.315176 -15.806627 15.22474 12
6.3297305 -16.497358 15.139112 13
6.0833197 -16.515022 14.415177 12
6.5589862 -14.88179 15.220789 14
6.6674027 -15.688758 15.239251 12
6.747077 -16.45521 15.201655 14
6.5366416 -16.530239 14.504348 14
6.8589377 -14.730289 15.217196 16
6.9979544 -15.528096 15.215208 12
7.1507158 -16.371675 15.239182 17
6.9982939 -16.542471 14.604385 14
7.1493707 -14.562706 15.206285 11
7.3387976 -15.382884 15.213965 14
7.5109606 -16.184362 15.18651 8
7.4822631 -16.573877 14.732733 16
7.4412394 -14.397074 15.2012 23
7.646287 -15.176545 15.161629 4
7.898735 -16.057127 15.201692 12
7.9829359 -16.615438 14.883079 13
7.6891804 -14.156028 15.12668 3
8.0009422 -15.054729 15.198653 16
8.2863684 -15.924088 15.219192 14
8.4797983 -16.625193 15.017925 16
8.0115747 -14.049074 15.194712 14
8.3064032 -14.846155 15.157553 15
8.640461 -15.718825 15.176099 18
8.9639626 -16.593622 15.124724 15
8.2900505 -13.869265 15.192186 16
8.6339655 -14.676741 15.161785 16
9.0026979 -15.535094 15.161026 12
9.4144115 -16.480015 15.172939 16
8.5580769 -13.672545 15.17586 22
8.9717503 -14.518442 15.182717 16
9.3884306 -15.38649 15.189534 14
9.8386784 -16.309029 15.17512 15
8.8322144 -13.487056 15.178324 17
9.3207083 -14.378188 15.231583 4
9.7536955 -15.198904 15.189265 16
10.265232 -16.137783 15.188383 9
9.0933542 -13.283247 15.176307 12
9.5928869 -14.119388 15.175726 15
10.073972 -14.940736 15.138262 6
10.696754 -15.967841 15.225926 15
9.4123707 -13.16018 15.258316 9
9.9127054 -13.932158 15.187781 13
10.4654 -14.784575 15.184878 17
11.040988 -15.663783 15.133809 7
9.6201372 -12.881926 15.169479 17
10.199443 -13.697176 15.157204 5
10.822938 -14.572205 15.18415 14
11.299391 -15.250565 14.942308 7
9.8719845 -12.668601 15.157433 15
10.519808 -13.499822 15.175776 12
11.1205 -14.282542 15.112477 5
11.719096 -15.055598 14.971095 22
10.116986 -12.446656 15.139663 10
10.807559 -13.265725 15.156391 12
11.352955 -13.916671 14.963645 4
11.70744 -14.327998 14.473864 39
10.409399 -12.284389 15.198052 12
11.072038 -13.006974 15.112724 9
11.735714 -13.734396 15.016472 15
11.658894 -13.60154 13.97491 31
10.618531 -12.021627 15.140763 13
11.828748 -13.225867 14.72067 25
11.746428 -13.06303 13.663179 53
10.888296 -11.827051 15.178023 17
11.679494 -12.482182 14.159027 28
11.93184 -12.652789 13.488968 64
11.091288 -11.561484 15.126675 9
11.768354 -12.129535 14.911509 23
11.693822 -11.941842 13.817494 43
11.969577 -12.107593 13.169466 62
10.762165 -10.776413 14.38575 9
11.150036 -11.015682 13.822584 34
11.191761 -10.929528 12.91613 55
11.237904 -10.848315 12.054643 52
11.132223 -10.696574 14.57954 16
11.183662 -10.579294 13.563102 54
11.210866 -10.460325 12.636744 48
11.356632 -10.45411 11.88246 43
11.535665 -10.633453 14.811096 16
11.534461 -10.446028 13.694935 24
11.743419 -10.464171 12.935147 35
11.949589 -10.482334 12.201384 58
11.770634 -10.411388 14.83388 21
11.792495 -10.219511 13.715546 57
12.015283 -10.225502 12.950646 55
12.074516 -10.093146 12.047066 61
11.954783 -10.144546 14.796159 47
11.917232 -9.8822451 13.594319 69
12.041974 -9.7832251 12.71121 56
12.113319 -9.6477432 11.825529 60
11.857878 -9.6515484 14.42572 40
12.017727 -9.5341988 13.45731 78
12.089338 -9.3737297 12.513615 61
12.134106 -9.2035217 11.601139 67
11.818335 -9.2249689 14.142845 38
12.055216 -9.143837 13.257824 57
12.108377 -8.955574 12.29728 68
12.160086 -8.7733107 11.395752 70
11.840028 -8.8577986 13.946518 46
12.088847 -8.7634754 13.069462 58
12.134727 -8.5532217 12.101039 75
12.187414 -8.3608789 11.207568 72
11.854725 -8.4934263 13.747522 57
12.102303 -8.3751144 12.869471 79
12.165401 -8.1666851 11.923906 79
12.161164 -7.9229345 10.980884 65
11.942844 -8.1902857 13.645946 56
12.131253 -8.0116549 12.699288 69
12.174917 -7.7744918 11.735804 81
12.099734 -7.4815378 10.739274 65
12.049328 -7.9022088 13.567947 56
12.166469 -7.6613197 12.544853 68
12.210045 -7.4121561 11.585362 83
12.054735 -7.0610304 10.52447 77
12.113287 -7.5925717 13.453292 62
12.192669 -7.3110766 12.388491 70
12.228085 -7.0469956 11.428061 85
12.087004 -6.7007203 10.389053 71
12.157059 -7.2751431 13.325797 54
12.196746 -6.9560595 12.223307 70
12.26551 -6.6986322 11.296606 86
12.117402 -6.3464274 10.261655 83
12.165395 -6.9430823 13.163588 49
12.235453 -6.6296821 12.09885 69
12.276796 -6.3455362 11.154366 77
12.13779 -5.9912357 10.134336 67
12.194183 -6.629807 13.033217 55
12.252983 -6.2965217 11.961564 74
12.284176 -5.9984798 11.016157 83
12.205901 -5.6675482 10.055639 79
12.216006 -6.3176012 12.905906 57
12.277751 -5.9742851 11.840224 78
12.206655 -5.6183019 10.810635 82
11.619895 -5.0676241 9.4602127 82
12.229794 -6.0064788 12.772659 52
12.298604 -5.655086 11.724916 87
11.615455 -5.0324426 10.174253 80
11.634842 -4.7464819 9.3589525 76
12.250793 -5.7042789 12.654356 58
11.548202 -5.0108933 10.89482 75
11.600218 -4.713613 10.048244 78
11.804533 -4.4907379 9.3874445 29
11.502069 -5.0730872 11.769249 29
11.579678 -4.7265797 10.812439 80
11.817614 -4.4873724 10.125355 16
12.466169 -4.4029055 9.803956 75
11.542751 -4.8056788 11.690798 49
11.68504 -4.4724984 10.799461 35
12.210865 -4.3183079 10.355042 83
12.490311 -4.0806627 9.7276173 56
11.554173 -4.5305767 11.590587 46
12.366835 -4.4204383 11.311827 91
12.225069 -4.0091772 10.269799 81
12.226477 -4.4976077 12.141045 33
12.389215 -4.1252279 11.230524 83
12.272721 -3.7157016 10.21929 74
12.346121 -4.2503862 12.152963 63
12.404568 -3.8280885 11.148278 83
12.296221 -3.4184744 10.154977 74
12.365644 -3.970206 12.070688 47
12.422063 -3.5369248 11.076018 82
12.29352 -3.1145167 10.074879 79
12.377119 -3.6891081 11.98348 50
12.402249 -3.2381465 10.976061 87
12.354531 -2.8308969 10.055263 82
12.710087 -2.5304551 9.51719 7
12.379601 -3.4081008 11.897347 57
12.36838 -2.9395125 10.86922 68
12.379249 -2.5396516 10.009943 72
12.413484 -3.1387665 11.844961 52
12.347754 -2.6487389 10.782272 78
12.428204 -2.2521544 9.9884262 70
12.427168 -2.863641 11.775738 57
12.353397 -2.3646924 10.719113 81
12.471167 -1.9637167 9.9689579 72
12.44093 -2.5915129 11.712516 64
12.337967 -2.0808623 10.647127 72
12.521259 -1.6792043 9.9604321 72
12.458798 -2.3213408 11.659261 55
12.338717 -1.8008633 10.59201 86
12.55325 -1.3918775 9.9430542 59
12.460571 -2.0493343 11.597136 56
12.332533 -1.5239332 10.540951 78
12.594346 -1.1044542 9.9386015 51
12.470476 -1.7812418 11.545948 58
12.353562 -1.2487162 10.51265 77
12.636515 -0.81701005 9.9411039 69
12.492525 -1.5130025 11.508589 58
12.34647 -0.97277546 10.468527 72
12.648481 -0.52486849 9.9238157 61
12.518679 -1.2467188 11.481194 59
12.369655 -0.69951946 10.454156 76
12.676625 -0.23555794 9.9243956 46
12.718427 0.21664689 9.2398376 61
12.52572 -0.97668785 11.440979 56
12.373732 -0.42154053 10.425973 75
12.68171 0.056409229 9.9122095 49
12.752682 0.51992071 9.2614088 68
12.536893 -0.70866811 11.409753 54
12.393033 -0.1474281 10.41768 76
12.699923 0.34851378 9.9149179 72
12.231999 0.7884689 8.8915777 47
12.555655 -0.43925399 11.387832 52
12.412889 0.1279981 10.417763 79
12.703613 0.63777882 9.9161587 82
11.960341 1.0548793 8.7060966 77
12.572801 -0.17218979 11.373632 48
12.464305 0.4044252 10.44628 72
11.9393 0.87376839 9.3293982 66
11.97867 1.3420062 8.7338629 70
12.605047 0.10009363 11.372272 45
12.40608 0.67880791 10.388645 84
11.945605 1.151854 9.3382139 76
12.772674 1.7372391 9.3261557 63
12.601739 0.3700048 11.344355 55
11.907734 0.91857117 9.9698381 74
11.966547 1.4309859 9.3641081 89
12.836587 2.0558016 9.3946114 37
12.64519 0.64446211 11.364858 45
11.919163 1.1867017 9.9806099 68
12.661407 1.811196 9.9161701 74
11.87919 0.86351359 10.671085 41
11.980862 1.4653609 10.036967 77
12.644551 2.1050539 9.926178 66
11.871457 1.1224643 10.655046 58
12.524205 1.816035 10.496324 69
12.625704 2.3999059 9.9402161 63
11.878997 1.3834109 10.657764 56
12.514706 2.0996311 10.50405 75
12.602267 2.6971855 9.9539289 70
12.693854 1.7592005 11.375372 59
12.535686 2.3911951 10.54128 80
12.591125 2.9966035 9.9833307 67
12.702813 2.0421948 11.38744 58
12.574827 2.692683 10.597996 65
12.60896 3.3068433 10.042494 77
12.710094 2.3282619 11.403276 53
12.624173 2.9991639 10.671757 65
12.620103 3.6219416 10.101578 73
12.989779 4.3505793 9.8612318 24
12.72525 2.6223693 11.433247 68
12.687688 3.3167717 10.762234 73
12.637506 3.9410727 10.172359 61
12.924921 4.6668611 9.8896198 43
12.766769 2.9247236 11.489748 56
12.759398 3.6424456 10.868474 65
12.655978 4.2682061 10.252045 59
12.812994 4.9676619 9.8914089 37
12.76509 3.2196333 11.513615 55
12.836061 3.979172 10.981668 72
12.665415 4.5963507 10.330787 63
12.743048 5.2855015 9.9287052 54
12.775354 3.5227013 11.557188 46
12.841299 4.2971506 11.044271 71
12.682682 4.9342995 10.421299 63
12.740346 5.6357059 10.024488 54
12.796791 3.8346915 11.612877 55
12.854767 4.6240687 11.120021 64
12.697185 5.2762661 10.519038 61
12.761742 6.0048747 10.146159 47
12.825195 4.1530309 11.680506 49
12.869067 4.9593987 11.200763 67
12.817776 5.671802 10.70986 50
12.577645 6.2802668 10.116586 22
12.831446 4.4713712 11.73832 46
12.89235 5.3059244 11.297421 59
12.949292 6.0894599 10.91958 60
12.183815 6.4449286 9.9208727 51
12.847679 4.8020372 11.808217 47
12.912368 5.6589217 11.401273 55
12.578334 6.2734318 10.717727 12
12.195202 6.8184047 10.057628 60
12.871734 5.1408663 11.891808 41
12.927635 6.0152893 11.505912 57
12.170914 6.4221768 10.486019 51
11.827249 6.9794397 9.8896122 25
12.886071 5.4818859 11.97451 41
12.796626 6.3077903 11.488853 14
12.190453 6.7892799 10.622672 47
11.254309 6.9973292 9.5513773 30
12.905445 5.8299603 12.069169 39
12.159849 6.3389826 11.025873 44
11.760424 6.9100432 10.377927 15
10.738551 7.0285258 9.256403 28
12.904558 6.1820636 12.151712 35
12.168612 6.6975183 11.1436 67
11.187493 6.9243479 10.005677 35
10.214292 7.0332355 8.9527473 26
12.265319 6.2207346 11.647019 14
12.043201 6.9902315 11.146479 29
10.763313 7.0084343 9.7631645 30
9.7538195 7.0555625 8.6975784 31
12.148326 6.5093455 11.630847 37
11.390549 6.9641304 10.670947 12
10.257563 7.0229301 9.443388 25
9.3046894 7.0676851 8.4483299 24
12.151655 6.86725 11.735636 48
10.788235 6.9375796 10.234997 16
9.803091 7.0469851 9.1681776 21
8.8857279 7.0811582 8.2218294 33
11.714025 6.9735174 11.426232 14
10.342257 6.989819 9.9427128 22
9.3646851 7.0633564 8.9048662 33
7.5224042 6.2936597 7.1176682 4
11.147056 6.975481 10.991565 14
9.9203272 7.0317526 9.6717873 36
8.9443493 7.0676346 8.6529274 36
7.2423272 6.3473263 6.9963608 42
10.528091 6.9299331 10.503505 19
9.4853897 7.054008 9.3851767 21
7.5679736 6.2789826 7.4745746 1
7.0097227 6.4351463 6.9191813 40
10.050056 6.9477897 10.151521 20
9.0600519 7.0654416 9.1077566 20
7.2933636 6.3400192 7.3428702 36
7.0030646 6.7320681 7.0661263 42
9.6451674 6.9986219 9.8689022 34
8.6616936 7.0804415 8.8520947 28
7.0406017 6.4125991 7.2309604 38
7.0381246 7.0836573 7.2636828 45
9.2893381 7.0741591 9.6358519 17
7.3742676 6.3282242 7.6882114 28
7.0097933 6.6814938 7.3461051 40
6.8352418 7.2029309 7.2293296 40
8.8636322 7.0786862 9.3324509 20
7.078167 6.3641334 7.517662 40
7.036562 7.0218349 7.5326757 44
6.5228796 7.2005258 7.0818481 51
7.5152936 6.3029318 8.0559893 4
6.9843688 6.5703225 7.5562921 35
6.8839726 7.184298 7.5358434 42
6.2418327 7.2145228 6.9621868 48
7.2404366 6.3579645 7.8902531 24
6.9956298 6.8864102 7.7180495 44
6.5737004 7.184979 7.3734322 52
5.9678555 7.2265997 6.8484697 49
6.9996223 6.4393649 7.7612219 25
6.9571061 7.1639943 7.8331242 47
6.2956181 7.2062197 7.2425828 50
5.7038636 7.2391949 6.7415042 54
6.9756198 6.7187843 7.8710976 37
6.6370082 7.1604686 7.642705 47
6.0157452 7.2140918 7.1068616 52
5.4392653 7.242167 6.6326551 58
6.9929757 7.0549173 8.0377378 41
6.3779769 7.208396 7.5188031 45
5.7462583 7.2256408 6.9810801 51
5.1802816 7.2385998 6.5258098 60
6.7662311 7.1494756 7.9375887 35
6.0936999 7.2162933 7.3641825 46
5.4942727 7.2418985 6.8711867 56
4.9524894 7.2671323 6.4537101 60
6.4676895 7.1602125 7.755085 40
5.8295002 7.2354155 7.2323895 51
5.2413745 7.2481532 6.7593069 54
4.72082 7.2766328 6.373651 56
6.193202 7.1832538 7.5973687 44
5.557384 7.229516 7.087676 51
5.0004497 7.2576203 6.6603341 57
4.4970818 7.2873049 6.3015428 63
5.9366431 7.2185602 7.4605432 41
5.3121419 7.2519464 6.9727616 56
4.7685056 7.2701974 6.5683103 56
4.2733698 7.2929726 6.2284498 54
5.6681933 7.2307367 7.3088288 42
5.0590396 7.2502899 6.8449216 56
4.5425892 7.2858381 6.4832311 60
4.0567112 7.2977152 6.160296 61
5.4078107 7.244 7.1660423 49
4.8269463 7.2708616 6.7448926 50
4.3197565 7.29351 6.3981276 60
3.8550012 7.3246207 6.1130037 60
5.1574717 7.2613707 7.0331678 57
4.5968823 7.289454 6.645844 55
4.0989661 7.3012056 6.3180041 61
3.6464307 7.3274488 6.0527778 62
4.8993006 7.2526546 6.8883677 50
4.3659525 7.2910352 6.5418086 57
3.8892272 7.3130183 6.2487836 59
3.4448845 7.3353543 6.0014887 59
4.6740699 7.2842956 6.7852702 51
4.147037 7.3027458 6.4516644 56
3.6805212 7.3208418 6.1785541 58
3.2503657 7.346333 5.9571366 59
4.4409828 7.2938509 6.672246 49
3.9271994 7.3054452 6.3595304 61
3.4798582 7.3327518 6.1182532 59
3.0559251 7.347312 5.9097857 59
4.212996 7.2954593 6.5611806 56
3.7233946 7.3213186 6.2872539 60
3.2792962 7.3316607 6.0539546 58
2.8714533 7.3644004 5.8783426 59
3.9870219 7.3000903 6.4550939 54
3.5156434 7.327148 6.209012 58
3.0876908 7.3486691 6.0065703 56
2.6840577 7.3684549 5.8399272 59
3.7730718 7.3138509 6.3629003 56
3.3119311 7.335022 6.1377335 58
2.896152 7.357677 5.9571872 57
2.4977016 7.3695197 5.8025022 58
3.5621893 7.3258176 6.2763453 56
3.1162457 7.3521309 6.0780716 57
2.7076948 7.3648419 5.909492 57
2.319411 7.3817806 5.7777414 58
3.3495169 7.3265162 6.184135 58
2.9177716 7.3539925 6.0107427 57
2.5213594 7.3728447 5.8660593 57
2.1442013 7.3949232 5.7572112 58
3.1478214 7.3393726 6.1088195 60
2.7262414 7.361979 5.9533501 57
2.3379555 7.3789377 5.825604 56
1.9708611 7.414134 5.742671 57
2.9510355 7.3573198 6.0414872 57
2.5376415 7.3750157 5.9019494 56
2.1605091 7.3950992 5.7961054 55
1.5965663 6.6459942 5.1311884 51
2.7513361 7.3612337 5.9671841 57
2.3491299 7.3770537 5.8475504 57
1.9791487 7.3972163 5.7596445 70
1.4423741 6.6493983 5.1154962 72
2.5546792 7.365181 5.8978524 56
2.1676009 7.393168 5.808085 55
1.6037158 6.6400647 5.1441617 44
1.288203 6.6508045 5.0998015 70
2.3620384 7.3741727 5.836482 57
1.9870642 7.4132953 5.7726059 54
1.4473894 6.6524458 5.1234808 71
1.1360338 6.655232 5.088088 64
2.173408 7.3912101 5.7860732 57
1.6026299 6.6390419 5.1352005 44
1.2911351 6.6578279 5.1027999 69
1.1138726 7.4292736 5.6619263 34
1.9878374 7.4032793 5.7366381 56
1.4422512 6.6483765 5.1045527 68
1.1349422 6.6532083 5.0771213 64
0.95065486 7.4575977 5.6742911 56
1.6013185 6.6380048 5.0992403 51
1.2848986 6.6617475 5.0818753 68
1.1077007 7.4221892 5.6360059 45
0.78650838 7.4749098 5.6816669 56
1.4368496 6.6512966 5.062623 73
1.1236352 6.6550708 5.0452385 60
0.94337767 7.4575014 5.6443744 71
0.6204344 7.4761963 5.6780643 55
1.2694956 6.6445527 5.0150361 69
1.0942143 7.4400296 5.6031332 49
0.77419001 7.4617524 5.6307964 72
0.45734981 7.4875188 5.68543 55
1.1120154 6.6769257 5.0003476 45
0.9209016 7.4532371 5.5855851 68
0.60500419 7.4740081 5.6272116 68
0.29428765 7.4998436 5.6967936 55
1.0705259 7.4427471 5.5273519 53
0.74761194 7.4634442 5.5670357 68
0.43685424 7.4802723 5.6206198 68
0.13024364 7.511157 5.7091622 54
0.89019001 7.442874 5.4908652 55
0.57336241 7.4716368 5.5514951 71
0.26970249 7.4925318 5.6230211 52
-0.033765849 7.5134373 5.7175455 55
0.70890629 7.427948 5.4464045 54
0.40111285 7.4788084 5.5389509 68
0.10057296 7.4977369 5.6224513 67
-0.19579014 7.5237193 5.7359152 55
0.5286085 7.4220285 5.4119329 52
0.2288616 7.4909797 5.5324035 68
-0.066556834 7.5069623 5.626863 70
-0.35978362 7.5309772 5.7543015 54
0.35037944 7.4111276 5.3794446 54
0.05462471 7.5041289 5.5288725 69
-0.23367289 7.5161738 5.6352921 69
-0.52377379 7.5322061 5.7707281 54
0.17395391 7.4332199 5.3719845 55
-0.11864723 7.5122352 5.525413 68
-0.40383476 7.5253086 5.6468086 67
-0.68887621 7.5523925 5.8031969 54
-0.0044268426 7.4452715 5.3605676 54
-0.29088375 7.5173445 5.5229478 71
-0.57192183 7.5344982 5.661274 67
-0.8547765 7.5566444 5.8276119 56
-0.1815754 7.446435 5.3450408 54
-0.46592143 7.5305767 5.5293646 69
-0.74182916 7.5417891 5.6756501 70
-1.0195513 7.5599942 5.8529487 54
-0.35971108 7.4636335 5.34448 54
-0.64106607 7.5347524 5.5318103 67
-0.91509682 7.5599275 5.7020974 54
-1.1888652 7.5771031 5.894383 56
-0.54148048 7.4725757 5.3400588 54
-0.81775266 7.5477295 5.5443387 72
-1.0876613 7.566927 5.7225857 54
-1.3573167 7.5821271 5.9268293 57
-0.72219616 7.4765043 5.3366218 55
-0.99639255 7.5536613 5.5538764 72
-1.2622272 7.5808878 5.7520785 54
-1.5267159 7.5811195 5.9582777 57
-0.90267849 7.4974132 5.3477507 55
-1.1725061 7.5587311 5.5669789 71
-1.4360727 7.5881081 5.7781696 54
-1.6993413 7.6094975 6.0153618 60
-1.0887877 7.5145011 5.3592954 54
-1.3524786 7.5688839 5.5864744 73
-1.6139728 7.6072912 5.8176422 55
-1.8710709 7.6127434 6.0557885 59
-1.2769102 7.5425725 5.3828497 57
-1.5384743 7.5909805 5.618012 73
-1.7887378 7.5994968 5.8400984 56
-2.046818 7.6249504 6.1052427 58
-1.4690359 7.5766068 5.4134321 58
-1.7213877 7.5960903 5.639535 70
-1.9726111 7.6165872 5.8826303 58
-2.2255616 7.6380782 6.15974 57
-1.6621146 7.5955634 5.4360523 56
-1.9062763 7.5971241 5.6630974 70
-2.1554348 7.626647 5.9251709 57
-2.4062755 7.6511617 6.2192621 61
-1.8561238 7.6075039 5.4586859 57
-2.1002409 7.6200686 5.7047248 72
-2.3412337 7.636672 5.9707365 59
-2.5879412 7.6562295 6.2747955 60
-2.0551543 7.630393 5.4923549 56
-2.2941394 7.6370077 5.7473569 58
-2.5300155 7.6456418 6.0203485 58
-2.7736533 7.6682115 6.3393998 60
-2.2541466 7.6352186 5.5170922 57
-2.4880507 7.6408668 5.7830682 58
-2.7238526 7.6575003 6.0750561 59
-2.9613721 7.6781268 6.4060574 62
-2.4490559 7.6220589 5.5318193 58
-2.6899869 7.6596532 5.8328314 58
-2.9206104 7.6713891 6.1337466 60
-3.1539319 7.6861138 6.4746838 62
-2.6609375 7.6518979 5.5825629 59
-2.890619 7.6636434 5.8764706 59
-3.1221991 7.6913819 6.2023873 60
-3.3513973 7.703156 6.5542927 63
-2.8706925 7.6577682 5.6192799 61
-3.0964725 7.6744609 5.9291606 60
-3.3271389 7.702106 6.2670751 61
-3.5514193 7.7168179 6.6359396 58
-3.0851076 7.6682267 5.6630626 58
-3.3128428 7.6978869 5.9959469 60
-3.5373805 7.7175756 6.340807 63
-3.7555423 7.7253304 6.7166171 64
-3.3095169 7.6895595 5.7219119 59
-3.5281136 7.7032924 6.0527205 61
-3.7495646 7.7269959 6.4145465 62
-3.9666448 7.740747 6.8093381 66
-3.5368829 7.7038298 5.7777772 61
-3.7503223 7.7156196 6.1205454 62
-3.9675825 7.7373934 6.4923491 65
-4.1774411 7.748251 6.8990974 65
-3.7648432 7.7112107 5.8336983 60
-3.9832039 7.739965 6.202507 58
-4.1963387 7.7587724 6.5862765 65
-4.3870001 7.742815 6.9828744 72
-4.0017352 7.723505 5.8986955 60
-4.2169571 7.7513089 6.2794719 64
-4.4007583 7.7264595 6.6390061 57
-4.4213467 7.4262619 6.7892995 38
-4.253408 7.7508101 5.980772 65
-4.3899598 7.6444345 6.2649469 44
-4.4127698 7.3552094 6.4022536 43
-4.4355764 7.0989981 6.5825481 38
-4.3759599 7.5364389 5.8818712 40
-4.4058738 7.2671437 6.0322285 42
-4.429925 7.0209155 6.195529 44
-4.5584126 6.9636474 6.550621 61
-4.3998528 7.1680694 5.6632142 41
-4.4450741 6.9596267 5.8546753 56
-4.6160564 6.9729209 6.2410898 60
-4.78369 6.9882631 6.6724782 57
-4.5064101 6.9568682 5.5671802 57
-4.6744456 6.965188 5.9405723 56
-4.8433371 6.9785061 6.3379703 150
-5.5921979 7.8389707 7.5958381 50
-4.7598968 6.9801774 5.6622691 58
-4.9218621 6.9855185 6.0446277 54
-5.6783776 7.8367677 7.2215953 57
-5.855463 7.8569193 7.7360964 45
-5.5978837 7.8281884 6.4369855 56
-5.7774167 7.8363237 6.8784971 59
-5.9537492 7.8494959 7.3509812 60
-6.1186762 7.8637967 7.8743734 57
-5.9033933 7.8516684 6.5575924 58
-6.0677104 7.8480258 7.0029588 56
-6.2419081 7.8662891 7.4914002 59
-6.3966489 7.8787713 8.0276861 48
-6.1975169 7.8485351 6.6620188 54
-6.3758068 7.8677521 7.1404934 55
-6.5378585 7.8801475 7.6388373 57
-6.6734676 7.8788323 8.1729717 52
-6.5363832 7.8859658 6.8111601 58
-6.6934752 7.8863764 7.2874737 57
-6.8594298 7.9107037 7.8118539 60
-6.9738507 7.8955879 8.3488235 53
-6.8653994 7.8934131 6.9438858 54
-7.016398 7.8958921 7.4341488 55
-7.1782427 7.922267 7.9744949 55
-7.2885628 7.9161992 8.535429 49
-7.2193756 7.9115944 7.0958142 57
-7.3672743 7.9201107 7.606051 58
-7.5249944 7.9495325 8.1653633 49
-7.6151805 7.9326811 8.7281351 51
-7.6043205 7.9474454 7.2749934 53
-7.7390461 7.9461031 7.7931256 57
-7.8535786 7.9429832 8.3320913 55
-7.953712 7.9510336 8.933939 54
-7.9911036 7.9652729 7.4501948 46
-8.1257362 7.9729357 7.9913239 54
-8.2241364 7.9619827 8.5381479 55
-8.3171959 7.9781041 9.1629171 58
-8.381794 7.9650226 7.6213861 53
-8.5023365 7.9708285 8.1743803 59
-8.6146955 7.9847307 8.7603073 59
-8.6025257 7.9139628 9.298233 57
-8.8104506 7.9833512 7.8258576 56
-8.9298992 7.996172 8.3998404 59
-9.0371532 8.0181322 9.0097208 64
-8.9638472 7.911016 9.5161543 41
-9.2830372 8.0192032 8.0626793 52
-9.386342 8.0282001 8.6495304 55
-9.4474268 8.0206528 9.2410383 77
-9.3900738 7.9483767 9.799592 39
-9.7253599 8.0053635 8.266263 68
-9.7374353 7.9513307 8.7973804 73
-9.7664146 7.9301457 9.3806419 73
-9.7640762 7.9253206 10.022648 66
-9.7055683 7.6054783 8.0802069 68
-9.7417994 7.5842137 8.6315327 66
-9.7749443 7.5859923 9.2238255 61
-9.7517338 7.5793905 9.8476601 57
-9.8550634 7.3488312 8.0445251 43
-9.9074001 7.3553996 8.6199741 55
-9.9233913 7.3564978 9.2061291 52
-9.8880739 7.361167 9.8328619 48
-10.413465 7.3872571 8.3451366 57
-10.470505 7.4129343 8.9566269 70
-10.395331 7.3640199 9.49405 87
-10.405889 7.4182363 10.198149 39
-10.535054 7.1024609 8.2942724 61
-10.588366 7.1360307 8.9087086 70
-10.405553 7.0330863 9.3582354 72
-10.581415 7.2164125 10.223639 65
-10.737926 6.8843031 8.8929777 3
-10.427257 6.7157049 9.2384682 69
-10.518312 6.8559175 10.024183 66
-10.498962 6.4398017 9.1721001 74
-10.434262 6.4906478 9.8125372 66
-10.671371 6.1285639 8.0054893 2
-10.601802 6.1875691 9.1387892 70
-10.421397 6.1846347 9.6772528 66
-10.682977 5.8002844 7.8994107 4
-10.680655 5.9205866 9.087245 62
-10.421523 5.8934879 9.5610733 70
-10.589622 5.4231162 7.721489 20
-10.747498 5.6537304 9.0355997 34
-10.43256 5.614244 9.4600563 71
-10.609141 5.1187963 7.6376281 35
-10.803046 5.3840675 8.9771767 7
-10.451344 5.3459711 9.3743305 72
-10.61954 4.8156137 7.5528464 54
-10.870546 5.1212788 8.9338503 3
-10.492112 5.0944681 9.3127804 59
-10.629925 4.5164332 7.4750624 52
-10.503922 4.8302712 9.2289953 68
-10.639344 4.2252655 7.4032679 54
-10.740656 4.3663435 8.0400753 2
-10.586588 4.6043286 9.2137785 51
-10.644772 3.9381478 7.335434 56
-10.631306 4.3628163 9.1702337 63
-10.688126 3.6666486 7.2968884 63
-10.680992 4.1222644 9.1344261 61
-10.710829 3.3931403 7.2508101 65
-10.68869 3.5125124 7.7886105 4
-10.761846 3.8990571 9.1291361 39
-10.725116 3.1190488 7.2050447 68
-10.693001 3.2456667 7.7327857 9
-10.815936 3.6659846 9.1057606 29
-10.724048 2.8455684 7.1542492 70
-10.692054 2.9821913 7.6779861 43
-10.890044 3.4396312 9.1015368 11
-9.9155331 2.3793473 6.5687542 76
-9.9238806 2.5203784 7.0747757 68
-10.919856 3.1991849 9.064805 6
-9.9202452 2.1331825 6.5328217 68
-9.939683 2.2860963 7.0439315 63
-9.943119 2.4591904 7.581902 58
-10.754415 2.9077954 8.8684721 56
-10.194059 1.9431705 6.6810985 11
-9.9544497 2.0518258 7.0170765 64
-9.9461088 2.2310402 7.5408974 57
-9.9775352 2.4698589 8.1720285 51
-10.76281 1.7920169 7.0246344 73
-10.758408 1.9661881 7.5504847 61
-9.9740839 2.0096211 7.5229487 58
-9.9847431 2.2516606 8.1319056 41
-10.764423 1.532866 6.9984641 81
-10.791041 1.719709 7.540565 65
-10.783779 1.9299251 8.0993795 64
-9.9590712 2.0278106 8.0685158 42
-10.789915 1.2774626 6.9914908 71
-10.793718 1.4695628 7.5144534 74
-10.798489 1.6896704 8.076437 67
-10.756469 1.9602995 8.6790209 38
-10.801246 1.0232859 6.9806767 72
-10.816092 1.2222737 7.5057492 70
-10.821012 1.4523792 8.0627308 62
-10.78312 1.7319623 8.6613445 52
-10.820474 0.76803327 6.9789495 69
-10.824515 0.97613424 7.4919305 70
-10.787866 1.5018578 8.6294909 45
-10.835708 0.51482415 6.9791899 73
-10.83786 0.72794378 7.4851532 65
-10.849915 0.26162669 6.9824204 67
-10.848211 0.4827866 7.481349 68
-10.855106 0.0065438082 6.9845662 71
-10.859528 0.23764403 7.4815373 67
-10.87003 -0.24660578 6.9974322 71
-10.876555 -0.0085357809 7.4904194 65
-10.884088 -0.50177032 7.0146346 68
-10.891761 -0.25471368 7.501627 67
-10.901104 -0.75696617 7.0368619 76
-10.901956 -0.50183725 7.512795 70
-10.921046 -1.015192 7.0641146 79
-10.926021 -0.75110829 7.5370784 65
-10.942961 -1.2733791 7.0983529 81
-10.933189 -1.0001082 7.5541754 72
-10.950911 -1.5353558 7.1274462 77
-10.94432 -1.2501198 7.5772915 73
-10.963808 -1.7963841 7.1645823 72
-10.958365 -1.5021609 7.6084328 73
-10.973676 -2.0593786 7.2036943 75
-10.967394 -1.7571477 7.6385341 75
-11.003321 -2.3295827 7.260973 77
-10.973411 -2.0121005 7.6706119 71
-11.001137 -2.5974457 7.3009887 78
-11.005143 -2.2763259 7.7259054 57
-11.022929 -2.8742912 7.3619585 82
-10.996385 -2.5328841 7.7556357 33
-11.045328 -3.1535625 7.428266 82
-11.044746 -2.8074334 7.8331556 63
-10.905073 -3.387085 7.389214 44
-11.052362 -3.077527 7.8853273 76
-11.066045 -2.6935382 8.3083172 11
-10.280826 -3.4543686 7.0216923 52
-11.052511 -3.3475368 7.9370456 66
-11.062448 -2.9525163 8.3450031 74
-10.280416 -3.7183645 7.0837812 73
-10.37351 -3.3962529 7.4984503 49
-11.059232 -3.2144864 8.3860674 80
-11.037109 -2.7361128 8.7897329 40
-10.284832 -3.991411 7.1549149 98
-10.276147 -3.6222093 7.4827251 75
-10.731096 -3.3769727 8.1814127 42
-11.067767 -2.9984474 8.846076 53
-11.141407 -4.6246095 7.8322158 55
-10.28863 -3.8883429 7.5549226 77
-10.30112 -3.4903657 7.8998976 69
-11.087469 -3.2606525 8.898325 54
-11.141255 -4.503418 8.2571497 74
-10.292051 -3.741174 7.9468637 71
-10.581465 -3.3601232 8.5271187 22
-10.315577 -4.0093126 8.023098 93
-10.311209 -3.5201213 8.3518858 60
-11.163007 -4.6252561 8.7552519 28
-10.319109 -3.7720945 8.403985 69
-10.326901 -4.0300646 8.4620857 23
-11.190953 -4.6521559 9.2353716 67
-11.379057 -5.6231785 9.1682148 2
-11.140779 -4.923872 9.2608624 70
-11.301442 -5.9049654 9.1984701 28
-11.063905 -5.1812205 9.2655144 62
-11.471064 -6.9028392 9.1974964 2
-11.267184 -6.2085476 9.2696762 80
-11.001493 -5.4465637 9.2893324 62
-11.505606 -7.868433 9.1349869 2
-11.359412 -7.1877413 9.2326469 75
-11.141202 -6.4632459 9.2697058 72
-11.013206 -5.7547545 9.3815107 63
-11.43234 -8.2051497 9.2327929 42
-11.2435 -7.4735327 9.2744675 84
-11.062471 -6.7510514 9.3192835 73
-11.037833 -6.083322 9.4934034 61
-11.28118 -8.4949207 9.2784548 66
-11.119899 -7.7586751 9.3169165 76
-11.086419 -7.1109462 9.4598475 66
-11.06424 -6.4212828 9.6141148 56
-11.166611 -8.8169565 9.3561525 49
-11.141231 -8.1526175 9.4838676 72
-11.107023 -7.4791765 9.603508 64
-11.089158 -6.7669215 9.7362795 48
-11.196328 -9.259551 9.5666904 73
-11.159876 -8.5585747 9.6607971 55
-11.127011 -7.859262 9.7585516 61
-11.113661 -7.1230559 9.8693485 56
-10.854444 -9.3992033 9.4654684 51
-11.195855 -8.9921551 9.8643112 57
-11.158808 -8.2586832 9.9319267 54
-11.2139 -7.5432854 10.078322 40
-10.595172 -9.6002369 9.4364033 57
-11.126425 -9.3554182 9.9858828 85
-11.402742 -8.8376112 10.309174 52
-11.366969 -8.017149 10.346786 59
-10.6245 -10.071653 9.6748228 9
-10.695284 -9.4044895 9.7814016 64
-11.3992 -9.2477427 10.477408 79
-11.399688 -8.4242878 10.514579 48
-10.356372 -10.268718 9.6482048 4
-10.623 -9.7717829 9.9114838 55
-11.041323 -9.3696365 10.319041 54
-11.42838 -8.8441105 10.691328 48
-9.9720144 -10.319287 9.5064354 3
-10.591077 -10.163818 10.080473 6
-10.670396 -9.4475908 10.140859 59
-11.418232 -9.2254772 10.83193 68
-9.5993757 -10.390168 9.3813524 3
-10.233098 -10.267855 9.9535198 4
-10.516034 -9.7378016 10.181646 8
-11.059901 -9.356842 10.656512 22
-9.8340406 -10.32618 9.7868919 3
-10.177103 -9.8583498 10.048252 4
-10.703857 -9.4733305 10.480431 3
-10.073039 -10.204288 10.154752 5
-9.7602081 -10.335904 10.052207 3
-9.6776495 -11.629723 10.382252 3
-9.8107328 -9.9292326 10.146845 3
-9.5041189 -12.954386 10.728412 9
-9.7309551 -12.248478 10.738594 3
-9.6197691 -11.150894 10.384622 2
-9.6788168 -10.249249 10.215205 3
-9.4541245 -13.511376 11.023506 10
-9.5717592 -12.619687 10.867376 6
-9.6088333 -11.657061 10.636562 3
-11.707716 -17.605705 14.154929 14
-9.4928598 -13.117218 11.107265 19
-9.6844053 -12.309676 11.009073 3
-9.405036 -13.626501 11.356929 6
-9.5259295 -12.681868 11.130834 11
-9.4703407 -13.213284 11.390547 14
-10.718989 -18.712145 14.493981 8
-9.5264788 -12.702363 11.328682 15
-10.324291 -18.975903 14.537965 6
-10.800213 -18.169662 14.492544 12
-9.461359 -13.235401 11.568122 13
-9.8928394 -19.175924 14.539297 9
-10.43421 -18.471514 14.54133 5
-10.91544 -17.657393 14.474865 9
-10.050828 -18.755201 14.577304 10
-10.537392 -17.939138 14.474915 9
-9.0727186 -19.673637 14.627767 8
-9.6227999 -18.960335 14.559915 7
-10.210635 -18.308498 14.556381 9
-10.793028 -17.558586 14.504822 11
-8.6616764 -19.91703 14.680398 7
-9.2431774 -19.253132 14.615775 8
-9.822588 -18.584108 14.564325 8
-10.447002 -17.896517 14.531454 7
-8.2213526 -20.104572 14.695658 7
-8.8388195 -19.504902 14.651712 10
-9.4387989 -18.871019 14.594633 6
-10.087717 -18.229715 14.557967 9
-7.7954655 -20.307947 14.737633 7
-8.4180336 -19.721317 14.665741 7
-9.0616913 -19.177954 14.643019 8
-9.7206831 -18.546759 14.584443 8
-7.3682704 -20.531269 14.794617 7
-8.0134144 -19.982908 14.719907 6
-8.6689177 -19.463682 14.682283 9
-9.3378916 -18.851572 14.60181 10
-6.9334846 -20.729443 14.844589 6
-7.589407 -20.213181 14.753984 8
-8.2501211 -19.697985 14.687423 7
-8.9489031 -19.172237 14.628175 11
-6.5004001 -20.945593 14.90962 7
-7.1632514 -20.446396 14.799104 7
-7.8518386 -20.011534 14.750783 9
-8.5683632 -19.511988 14.681709 6
-6.0349536 -21.058289 14.908532 8
-6.7322507 -20.662523 14.839272 8
-7.4295096 -20.261763 14.782015 7
-8.1711407 -19.830488 14.724185 6
-5.5903487 -21.233177 14.959708 9
-6.2932796 -20.875443 14.88054 6
-6.9993787 -20.498747 14.808403 11
-7.7532663 -20.127621 14.754655 8
-5.1360893 -21.385761 15.00041 6
-5.8437958 -21.059093 14.906311 7
-6.5792885 -20.790791 14.876418 8
-7.3495626 -20.471886 14.82483 11
-4.6790247 -21.52339 15.041589 12
-5.3979774 -21.256861 14.952558 11
-6.133369 -21.011549 14.901655 8
-6.9128222 -20.757761 14.856115 7
-4.2191992 -21.644981 15.07675 8
-4.9462695 -21.444561 14.999759 6
-5.6895628 -21.271259 14.959109 10
-6.4623528 -21.010336 14.872632 8
-3.7433081 -21.696198 15.068139 10
-4.4833922 -21.608139 15.031726 7
-5.2252579 -21.466057 14.977332 10
-6.0124435 -21.302467 14.914301 7
-3.2920332 -21.88172 15.155437 8
-4.0271196 -21.809534 15.094942 8
-4.7817531 -21.753567 15.066579 9
-5.55826 -21.587767 14.965431 9
-2.8243496 -21.974096 15.185675 7
-3.5597661 -21.955864 15.12912 7
-4.3088622 -21.949774 15.094647 7
-5.0841055 -21.814888 14.979441 7
-2.3563957 -22.052649 15.217607 8
-3.0921807 -22.126642 15.189836 9
-3.8309982 -22.132946 15.125682 6
-4.6149197 -22.12466 15.05462 7
-1.8896325 -22.15023 15.26781 7
-2.6095731 -22.210527 15.194521 10
-3.3233366 -22.157701 15.057256 8
-4.0775261 -22.079327 14.904334 11
-1.4144343 -22.158733 15.265986 9
-2.1135285 -22.167734 15.122563 12
-2.8193381 -22.186831 15.000187 10
-3.5490925 -22.094133 14.797078 9
-0.9429608 -22.239328 15.319143 11
-1.6217016 -22.169018 15.08461 12
-2.3093786 -22.151857 14.906113 12
-3.0254958 -22.112007 14.705857 12
-1.1350483 -22.245834 15.10631 11
-1.805124 -22.176115 14.859075 11
-2.5081108 -22.173279 14.650291 11
0.0051868591 -22.343544 15.410263 8
-0.65024292 -22.23852 15.081899 10
-1.3034697 -22.204021 14.824408 11
-1.983833 -22.125156 14.533635 13
0.47996229 -22.25325 15.368242 10
-0.16365302 -22.250635 15.081112 11
-0.8013345 -22.214861 14.785804 11
-1.4659634 -22.199003 14.502033 10
0.95277315 -22.219078 15.37153 15
0.32628623 -22.244469 15.069087 13
-0.29955015 -22.21768 14.750875 9
-0.95009321 -22.256521 14.471601 9
1.4199392 -22.138628 15.349137 13
0.81455821 -22.263695 15.083649 13
0.19902061 -22.258524 14.750449 11
-0.43188381 -22.24103 14.398096 9
1.8793768 -22.083591 15.347953 7
1.2956684 -22.288185 15.104215 14
0.70061672 -22.274723 14.732794 10
0.08774548 -22.273504 14.363439 14
2.3478322 -22.0334 15.355249 12
1.788342 -22.315657 15.138399 12
1.2031232 -22.234835 14.690293 13
0.61570251 -22.320934 14.346336 13
2.8111248 -21.929045 15.330856 7
2.2936487 -22.387808 15.204776 10
1.7217845 -22.318947 14.736416 10
1.1390079 -22.286598 14.283517 17
3.2789767 -21.892639 15.362315 8
2.7925026 -22.379204 15.224771 9
2.2384787 -22.375755 14.769184 12
1.6769215 -22.366051 14.302267 10
3.7313809 -21.766132 15.334574 9
3.2955811 -22.404802 15.274216 9
2.7516754 -22.37689 14.775155 14
2.2068148 -22.371899 14.280293 6
4.1915331 -21.691032 15.349255 9
3.7941875 -22.393559 15.308016 10
3.2726762 -22.418222 14.816002 15
2.7517097 -22.459335 14.324424 12
4.636148 -21.552294 15.328966 12
3.7983205 -22.410851 14.833449 14
3.2926283 -22.466856 14.323331 8
5.0821772 -21.416727 15.316691 13
4.3236728 -22.422848 14.867567 13
3.8377287 -22.484276 14.337687 7
5.5363507 -21.30633 15.326548 13
5.2683377 -22.132265 15.30163 13
4.8769155 -22.483025 14.945863 13
4.3900232 -22.498974 14.355194 10
5.9666777 -21.112259 15.269891 7
5.7675214 -22.048115 15.300723 6
5.4169903 -22.489096 14.985391 13
4.9651999 -22.532387 14.385402 12
6.3991923 -20.950254 15.257524 14
6.2422776 -21.902349 15.282502 13
5.9603376 -22.466726 15.026341 14
5.5224743 -22.50864 14.403633 10
6.8390331 -20.816755 15.268431 18
6.6996074 -21.697023 15.226249 16
6.5438671 -22.574009 15.163866 16
6.088017 -22.50634 14.444066 12
7.2587547 -20.634153 15.256632 14
7.2037411 -21.639025 15.280397 10
7.0954285 -22.555523 15.225899 15
6.6866469 -22.563231 14.525886 21
7.6740704 -20.447712 15.242447 14
7.6615925 -21.456661 15.256595 11
7.6361136 -22.495031 15.266914 13
7.2515583 -22.52508 14.556249 15
8.0987167 -20.286104 15.24706 15
8.127037 -21.287863 15.241438 13
8.1725235 -22.371462 15.266624 9
7.8961697 -22.63937 14.692558 18
8.515543 -20.093206 15.235179 15
8.5940418 -21.095394 15.218969 12
8.7015963 -22.230942 15.268804 8
8.5003786 -22.618895 14.755235 16
9.0748014 -20.951338 15.237306 11
9.2256489 -22.060696 15.256731 11
9.1427221 -22.671507 14.876122 17
9.5249805 -20.733688 15.212646 13
9.7498522 -21.897331 15.257105 7
9.781538 -22.670483 14.968131 17
9.7539625 -19.501909 15.22953 20
9.9951067 -20.560246 15.226192 7
10.250998 -21.688948 15.24221 12
10.466786 -22.766546 15.140937 16
10.168304 -19.316748 15.248742 16
10.454144 -20.365522 15.231152 13
10.739174 -21.430342 15.194175 9
10.969766 -22.430281 15.03672 9
10.548156 -19.054777 15.213521 18
10.844815 -20.032602 15.141259 5
11.040558 -20.837086 14.91759 9
11.40236 -21.97591 14.861606 21
10.890625 -18.747278 15.143758 8
11.112226 -19.492546 14.89653 11
11.473561 -20.499266 14.82965 25
11.331661 -20.615463 14.077773 29
11.17785 -18.341766 15.009314 5
11.538289 -19.261744 14.897549 23
11.363967 -19.285357 14.105686 26
11.502363 -19.816162 13.671585 48
10.856144 -17.031403 14.117276 18
11.411574 -18.145002 14.208696 19
10.446469 -16.852049 12.475201 15
11.632871 -18.989 13.247305 28
10.960136 -16.437229 13.810181 41
10.946563 -16.601395 13.169571 45
10.96367 -16.816149 12.602327 26
10.968921 -17.000446 12.004075 45
11.459138 -16.428852 13.996514 59
11.356651 -16.43364 13.215152 72
11.261494 -16.437359 12.481739 42
11.181536 -16.449919 11.763213 54
11.569138 -15.87668 13.727486 39
11.763164 -16.247349 13.252837 45
11.769651 -16.365013 12.59873 42
11.764163 -16.448105 11.921348 83
11.777072 -15.472169 13.58267 55
11.796747 -15.566816 12.892569 49
11.80454 -15.642538 12.225514 33
11.840772 -15.743953 11.578243 46
11.819297 -14.875898 13.267772 46
11.840716 -14.935428 12.565607 40
11.852612 -14.982738 11.890467 45
11.881703 -15.042055 11.233111 46
11.844266 -14.292044 12.958574 50
11.873536 -14.326401 12.253306 63
11.881583 -14.334029 11.567225 50
11.741559 -14.156242 10.746291 48
11.881238 -13.747455 12.680449 46
11.908835 -13.743652 11.959624 63
11.92868 -13.741122 11.283731 57
11.764532 -13.515866 10.444127 59
11.918397 -13.224114 12.421252 57
11.940711 -13.190555 11.689079 53
11.859517 -13.050123 10.914695 55
11.813933 -12.936316 10.183043 59
11.948084 -12.721622 12.175187 51
11.971106 -12.656434 11.432643 77
11.789925 -12.391782 10.568184 54
12.034331 -12.557837 10.082355 59
11.974959 -12.217223 11.916947 62
12.02367 -12.159188 11.201611 70
11.817886 -11.855505 10.315505 80
12.275574 -12.208224 9.9996738 4
11.253016 -11.026823 10.975915 71
11.273902 -10.922891 10.273709 93
11.304835 -10.839323 9.6383228 89
11.331686 -10.744882 9.0040007 69
11.276634 -10.592809 10.773763 71
11.305109 -10.484021 10.083806 87
11.43518 -10.475222 9.5268049 59
11.613078 -10.501541 9.0064278 60
11.627684 -10.482052 10.895486 41
11.829666 -10.493412 10.32488 96
12.037458 -10.52361 9.7993307 87
12.177485 -10.484802 9.2155428 92
12.072268 -10.431623 11.096853 67
11.911839 -10.110907 10.18841 81
12.159484 -10.146089 9.6855431 76
12.197215 -10.0052 9.0241776 77
11.91258 -9.8718872 10.752291 64
12.039704 -9.7723217 10.099154 85
11.911062 -9.456749 10.559915 67
12.205413 -9.4712543 10.046712 60
11.944119 -9.0855484 10.411369 80
12.362716 -9.1618319 9.9913473 10
12.269208 -8.6684437 8.5312748 56
11.960188 -8.7086821 10.254627 77
12.309298 -8.2627439 8.4011669 88
12.012396 -8.3706779 10.137254 64
12.343145 -7.8601198 8.2718725 84
12.110636 -8.0674639 10.065563 66
12.371575 -7.467629 8.1515493 82
12.269778 -7.8058882 10.047425 60
12.346232 -7.310421 8.6659908 6
12.38502 -7.076705 8.0307655 79
12.388338 -7.5215006 10.000644 19
12.409406 -7.235414 9.2622871 3
12.338868 -6.9222131 8.528698 47
12.435961 -6.7130952 7.9402218 75
12.417453 -7.1860962 9.8912706 40
12.408382 -6.5905685 8.4545107 77
12.464196 -6.3446693 7.8411794 70
12.425709 -6.2342649 8.3495436 90
12.470338 -5.9724884 7.7352996 76
12.446246 -5.8899293 8.2555504 91
12.489798 -5.6181655 7.6463184 77
11.637792 -5.1847105 7.6306663 3
11.727256 -4.9444613 7.0980935 89
11.624258 -5.1570363 8.1428242 20
11.695195 -4.8899813 7.5793934 85
11.738151 -4.6202445 7.0231662 85
11.597596 -5.1765332 8.7020626 6
11.68484 -4.8762732 8.0945234 84
11.722379 -4.5855856 7.5133424 84
12.441919 -4.5514326 7.357049 52
11.665347 -4.9127817 8.6575079 66
11.698977 -4.5811596 8.019268 78
12.477873 -4.5493617 7.9075317 70
12.585733 -4.2649488 7.3657322 73
11.680626 -4.6316614 8.5812263 67
12.41648 -4.5422926 8.416913 71
12.552253 -4.2495275 7.8760152 86
12.596486 -3.9317791 7.3007908 79
12.213777 -4.5417633 8.8784294 17
12.522295 -4.2680793 8.4082737 81
12.566172 -3.9313228 7.8110456 93
12.615406 -3.6055193 7.2457752 83
12.470241 -4.337893 8.9786425 81
12.533363 -3.9618995 8.3382854 80
12.581268 -3.619102 7.7540293 79
12.630443 -3.2842972 7.1947641 83
12.476444 -4.0467601 8.9036875 75
12.554626 -3.6636 8.2822247 79
12.606473 -3.3107569 7.7059455 87
12.641541 -2.9651115 7.1487865 79
12.571364 -3.3684688 8.2273016 74
12.61617 -3.0057034 7.6570897 85
12.660259 -2.6519558 7.1118808 81
12.589789 -3.0741775 8.1793137 82
12.635518 -2.7014019 7.6140985 82
12.674549 -2.3387127 7.0749302 81
12.614283 -2.78282 8.136281 78
12.646896 -2.3981919 7.5741658 82
12.695923 -2.0273931 7.0469279 87
12.63683 -2.4934864 8.0982637 75
12.665343 -2.0979037 7.5391822 75
12.712331 -1.7181298 7.0209632 75
12.589526 -2.6422143 8.6446133 5
12.643318 -2.2033308 8.0533628 77
12.680861 -1.7996514 7.5112195 83
12.723745 -1.4089236 6.9960346 81
12.568919 -2.3593564 8.5759068 9
12.667942 -1.9159759 8.0233316 83
12.691381 -1.5024554 7.4822936 81
12.740251 -1.1016636 6.98107 82
12.585611 -2.0840993 8.5369053 24
12.672485 -1.6279052 7.9863138 75
12.710924 -1.2052717 7.4620619 83
12.751719 -0.79662549 6.9657874 87
12.587152 -1.8061941 8.4886045 40
12.689115 -1.3428341 7.9619222 78
12.724478 -0.91019982 7.4437904 85
12.76522 -0.49151993 6.9576254 79
12.618915 -1.5348378 8.4654093 47
12.698642 -1.0556959 7.9329796 75
12.735005 -0.61505687 7.428853 82
12.782687 -0.18430164 6.9526396 91
12.638625 -1.2615861 8.4393826 51
12.709265 -0.77054542 7.9110103 80
12.754609 -0.31780729 7.4208112 88
12.80229 0.12194578 6.9565911 81
12.650327 -0.98641557 8.4083805 61
12.725974 -0.48532078 7.8969779 83
12.771279 -0.022583226 7.4167838 87
12.814902 0.42712542 6.9605985 85
12.666118 -0.71318978 8.3873549 67
12.732631 -0.19819814 7.8790231 81
12.77693 0.27252448 7.4108396 87
12.700062 0.7288962 6.89853 76
12.680902 -0.4389737 8.367341 67
12.762448 0.087181322 7.881907 84
12.800644 0.56983602 7.4187746 89
12.029619 0.97851884 6.5444837 85
12.730824 -0.16236459 8.3720818 63
12.771567 0.37347195 7.8743834 86
12.041332 0.81773764 6.9812899 63
12.036099 1.2708441 6.5544424 87
12.751487 0.11413546 8.3608913 68
12.808801 0.66497064 7.885612 87
12.013159 1.095342 6.9685464 78
12.856084 1.6678439 7.0085182 24
12.760294 0.3921541 8.3458757 70
11.988524 0.89182097 7.3816552 76
12.033119 1.3804784 6.9844518 94
12.878819 1.9840001 7.0404091 60
12.622512 0.6635533 8.2419319 75
11.983489 1.1636834 7.3777394 80
12.848296 1.7764052 7.4615574 23
12.89754 2.3011112 7.0713277 63
11.978822 0.89137644 7.8166828 65
12.024625 1.4410542 7.4044857 86
12.867096 2.083519 7.4874725 75
12.876204 2.6147757 7.0885382 66
11.985888 1.1553746 7.8136744 67
12.82596 1.8328103 7.8956871 59
12.885902 2.3936322 7.5183873 70
12.896917 2.940906 7.1304426 62
11.980918 1.4202398 7.8067541 51
12.826781 2.1287282 7.9067302 57
12.903668 2.7087324 7.5503101 51
12.909653 3.2669449 7.1744041 56
12.828677 1.8084888 8.3486109 11
12.839608 2.431777 7.9286852 67
12.880411 3.0163765 7.5675302 61
12.925337 3.6010392 7.2243524 46
12.805454 2.0931954 8.3388414 57
12.85844 2.7369699 7.9586215 67
12.900126 3.3396044 7.6104746 64
12.952995 3.9413545 7.2862453 34
12.825322 2.3894017 8.3567419 45
12.882851 3.0486305 7.9989066 68
12.910918 3.6635604 7.6553178 53
12.959571 4.2833333 7.3421988 36
12.839144 2.6864965 8.3776531 59
12.895033 3.3612974 8.0344276 67
12.936522 3.9969246 7.7132955 51
12.982178 4.6315918 7.4131336 30
12.86181 2.987963 8.4047184 46
12.911644 3.6776609 8.0725279 63
12.9581 4.3323069 7.7713528 42
12.994659 4.984838 7.4802489 31
12.877674 3.2930443 8.43365 39
12.911386 3.997587 8.1085911 54
12.962789 4.6683106 7.8263931 41
13.011219 5.3459949 7.5582194 33
12.904448 3.6083567 8.4725409 15
12.945122 4.3309703 8.1704359 49
12.991349 5.025629 7.9002786 44
13.024113 5.716589 7.6396813 35
12.936128 3.9316151 8.5223017 3
12.959663 4.6680379 8.2263288 32
13.005776 5.3806973 7.973187 31
13.033945 6.0931525 7.7271762 40
12.97226 5.0091877 8.2853355 39
13.013286 5.7387857 8.0462351 33
12.537921 6.2256403 7.5208211 19
12.994836 5.3594465 8.3552713 40
13.012781 6.0997825 8.1223431 51
12.239844 6.4403253 7.4320507 55
13.030364 5.722847 8.4391174 17
12.43676 6.1853886 7.8445559 23
12.253342 6.818471 7.5350618 66
13.065971 6.0951939 8.5288305 15
12.247691 6.4512143 7.8078136 61
11.786014 6.9261756 7.3492408 42
12.508054 6.1889086 8.2406559 21
12.256516 6.8192096 7.9015951 78
11.213105 6.9517159 7.0961847 41
12.226144 6.3996882 8.1315165 71
11.785084 6.9218836 7.6938167 41
10.659444 6.9604797 6.8520041 49
12.77313 6.1955547 8.7332678 16
12.243937 6.7697878 8.22223 75
11.210099 6.9384193 7.4167914 38
10.151877 6.9777656 6.6345077 53
12.246225 6.2856379 8.4418983 39
11.868231 6.9205327 8.056838 36
10.667206 6.9493141 7.1586661 51
9.6922865 7.0015788 6.443841 57
12.228871 6.6293378 8.5021181 58
11.29987 6.9401455 7.7630229 28
10.172331 6.9677391 6.9283123 53
9.246809 7.0155511 6.2601237 58
12.073595 6.9045172 8.4693356 34
10.757729 6.9520531 7.4870143 52
9.7145634 6.9925804 6.7216883 49
8.8334255 7.0338831 6.0951738 57
11.474959 6.9139233 8.1327839 29
10.259578 6.9696631 7.2367659 50
9.2867193 7.0180497 6.5329595 61
7.4957538 6.2733555 5.289937 36
10.932307 6.9312744 7.8339505 38
9.7884169 6.9867668 7.0023937 56
8.8580275 7.0235906 6.3432617 53
7.2271848 6.3416247 5.2070622 58
10.43977 6.9611559 7.5687418 37
9.3504391 7.0051823 6.7907486 54
7.5191731 6.2619262 5.4969544 32
7.0673013 6.4989529 5.2033257 61
9.9716024 6.9850469 7.3201962 37
8.944706 7.0307188 6.5997252 56
7.2576566 6.33605 5.4078884 58
7.0764155 6.8183355 5.3252764 62
9.5082483 6.9917836 7.0754194 40
7.5731149 6.251647 5.6953092 7
7.0722384 6.4690824 5.3760314 58
7.0074978 7.072402 5.3966494 70
9.0831003 7.0076151 6.8544559 39
7.3144784 6.326838 5.599246 55
7.0715303 6.7721586 5.4851313 58
6.684588 7.0688562 5.279036 61
8.6902676 7.0323181 6.6563654 42
7.06986 6.4061818 5.5120797 53
7.0289292 7.0497632 5.5705318 73
6.3916283 7.0826402 5.1812053 63
7.4160814 6.3000913 5.7855382 48
7.0601878 6.7001143 5.608233 55
6.7278547 7.0683942 5.4577484 63
6.1127644 7.1004925 5.093255 64
7.1146417 6.3337054 5.643755 53
7.0643816 7.020155 5.722281 56
6.4388256 7.0891376 5.351872 63
5.8508878 7.1265354 5.016181 62
7.054214 6.5780244 5.6922579 48
6.8129506 7.0903234 5.6381412 57
6.148952 7.0948691 5.2439981 59
5.6228828 7.1819577 4.966867 64
7.078599 6.9125209 5.8142762 51
6.4953127 7.0809445 5.4995775 56
5.8704395 7.099894 5.144146 62
5.398211 7.2345595 4.9196286 66
6.9722672 7.1303153 5.83711 59
6.2152872 7.0987754 5.3896313 60
5.6125998 7.1169701 5.0580387 62
5.1585107 7.2548361 4.8573895 63
6.6243367 7.0993838 5.6646481 47
5.9373727 7.1076283 5.2806683 55
5.3756981 7.1502819 4.9887815 58
4.9149227 7.2620668 4.7901754 62
6.3093882 7.0868239 5.5179496 48
5.669467 7.1195941 5.1776323 61
5.1696324 7.2159395 4.9473071 60
4.6813116 7.2764101 4.7308898 60
6.0323272 7.1026883 5.3999815 54
5.4136319 7.1316938 5.0845075 60
4.9517112 7.2624626 4.8959146 62
4.4507809 7.2837882 4.6715798 61
5.7563467 7.1115656 5.2820029 56
5.1677909 7.1489048 4.9983115 58
4.7101216 7.2647176 4.820684 59
4.2312508 7.2962875 4.6201906 59
5.4914155 7.1225653 5.1739445 59
4.9686584 7.2196417 4.9557872 58
4.4834623 7.2801399 4.7563472 60
4.022697 7.3179107 4.5797238 58
5.2474608 7.1458001 5.0817361 58
4.749733 7.2601547 4.8944011 79
4.2608824 7.2906089 4.6949797 57
3.8062885 7.3204441 4.5293093 57
4.9986377 7.1549792 4.9855595 58
4.5269752 7.2836227 4.8290377 59
4.0413852 7.2951097 4.6355882 72
3.5978925 7.3250675 4.4838367 71
4.8083811 7.2378163 4.944973 59
4.298357 7.2890239 4.7547121 58
3.8347986 7.3157558 4.5891066 77
3.3984888 7.336792 4.4482999 72
4.587471 7.2713079 4.874599 63
4.0708313 7.2864375 4.680377 70
3.6263161 7.3253794 4.5396357 74
3.2030835 7.3505592 4.4157343 78
4.3547492 7.2806635 4.792304 59
3.8611903 7.3060498 4.624917 75
3.4248235 7.3390808 4.4951143 77
3.0077474 7.3583274 4.3831673 78
4.125134 7.2820549 4.7119846 57
3.6555707 7.3257079 4.5724273 73
3.2224317 7.342772 4.448597 77
2.8223455 7.3782053 4.3605304 78
3.9153607 7.310668 4.6525278 58
3.4460919 7.3293209 4.5139613 72
3.0279942 7.3555522 4.4100237 78
2.632108 7.3780293 4.3289232 77
3.6987281 7.3212032 4.5841155 56
3.247534 7.3480558 4.4684196 76
2.834621 7.3633423 4.3724418 77
2.445822 7.3858967 4.3032894 78
3.4920764 7.339849 4.5256324 56
3.0451097 7.3507471 4.4159021 76
2.6492095 7.3802214 4.3438039 78
2.2645495 7.3958206 4.28262 81
3.2805922 7.3394399 4.4601808 76
2.8496587 7.361516 4.3723354 76
2.4598768 7.3870559 4.3101916 76
2.0872898 7.4077868 4.2669206 85
3.0760467 7.3501081 4.4036803 75
2.6602159 7.3753505 4.3347263 78
2.2785215 7.400979 4.284523 77
1.9110101 7.4227643 4.2532158 81
2.878525 7.3638539 4.3551297 75
2.4687707 7.3881621 4.2951307 75
2.0932291 7.406857 4.2548814 81
1.5356616 6.6335444 3.7877595 97
2.6790111 7.375576 4.3045926 73
2.2814193 7.3960185 4.2605042 77
1.9168582 7.427834 4.2381783 90
1.3794998 6.639751 3.7759047 88
2.4865367 7.3883772 4.2610044 78
2.0960474 7.4068961 4.2278638 79
1.538542 6.6315818 3.7657409 90
1.2234579 6.6329575 3.7600455 103
2.2931013 7.3971663 4.2164221 77
1.9146615 7.4228177 4.2011957 75
1.3754669 6.6207108 3.7389319 94
1.1078305 6.8416038 3.8659465 24
2.1027174 7.4039884 4.1758175 82
1.5333226 6.6275311 3.7267802 91
1.2212318 6.6339388 3.7280643 94
1.0471668 7.4608335 4.2025514 92
1.9133837 7.4058223 4.1342034 58
1.3710933 6.6306701 3.7009685 91
1.1332686 7.013885 3.9208069 26
0.8780719 7.4648862 4.1967902 93
1.5297993 6.6255298 3.6687827 95
1.2107325 6.6368604 3.6811202 90
1.0367227 7.4567633 4.1496024 97
0.71181613 7.4770155 4.1979856 98
1.3655026 6.6326504 3.6399872 94
1.1781832 7.355412 4.0505419 35
0.86651289 7.4708076 4.1438527 95
0.54373401 7.4830809 4.1972189 97
1.1993147 6.6277485 3.6072025 100
1.0191407 7.4705763 4.089736 88
0.69535702 7.4788408 4.1361084 89
0.37768534 7.4881682 4.1994367 93
1.1730906 7.4213686 4.0025978 43
0.8429783 7.4715552 4.0700264 97
0.52326733 7.4798617 4.126369 92
0.21254188 7.5072632 4.2106514 90
0.9966104 7.4563427 3.9928987 97
0.66781753 7.475543 4.0553102 88
0.35504922 7.5009246 4.1306067 92
0.0455423 7.5093379 4.2148747 79
0.81633711 7.4662747 3.9722209 93
0.49353868 7.4955397 4.0495915 88
0.18498017 7.5039663 4.1268525 85
-0.11951703 7.5204329 4.2250872 87
0.63603926 7.482204 3.957545 98
0.31841162 7.4985251 4.0378747 82
0.013898679 7.5099945 4.1261072 84
-0.28452712 7.5285258 4.2372971 98
0.45678297 7.4951439 3.9438605 93
0.14227509 7.5054984 4.0311661 82
-0.15621251 7.5230317 4.1323562 92
-0.45258421 7.5425844 4.2525315 92
0.27666682 7.492075 3.9241786 92
-0.031894229 7.5184917 4.0294447 75
-0.32528186 7.5330801 4.1395969 96
-0.61854953 7.548665 4.2677493 92
0.09539669 7.5099893 3.9165099 89
-0.20505737 7.5334954 4.0317163 87
-0.4973239 7.5400939 4.1458583 97
-0.78652287 7.5567203 4.2849813 84
-0.084816761 7.5249133 3.911833 82
-0.38209859 7.5334539 4.0270123 92
-0.66939533 7.5541048 4.159122 90
-0.95443052 7.5577774 4.300211 84
-0.26397201 7.5328503 3.9041462 84
-0.55824381 7.5494208 4.0333061 89
-0.84138501 7.5591168 4.1693826 97
-1.1244186 7.5728068 4.3264599 81
-0.44713208 7.5437388 3.9004896 92
-0.73528862 7.5553765 4.0376039 88
-1.0164028 7.5690918 4.1836662 86
-1.2943324 7.5788374 4.3487053 79
-0.62921578 7.5486383 3.8978238 94
-0.91532981 7.5622954 4.0439229 89
-1.1913714 7.576066 4.1999493 97
-1.4682827 7.5918193 4.3769827 86
-0.81229234 7.553525 3.8961649 88
-1.094339 7.5682225 4.0512319 92
-1.3693168 7.5899858 4.221241 93
-1.6400294 7.5957971 4.4022164 79
-1.0003078 7.5743027 3.9045048 92
-1.2761778 7.5810614 4.0655179 88
-1.5470368 7.5958738 4.2404985 90
-1.8177689 7.6156831 4.4404817 75
-1.1859369 7.5803366 3.9090099 88
-1.4587337 7.5851221 4.0771599 89
-1.7277071 7.610877 4.2671585 79
-1.9943348 7.6187463 4.4691248 79
-1.3739234 7.5841002 3.9145267 89
-1.6457635 7.6029754 4.1005182 84
-1.9094828 7.6139445 4.2904487 80
-2.1730528 7.6279111 4.5053797 79
-1.5627412 7.5791111 3.9178603 42
-1.8316296 7.607965 4.1168494 82
-2.0933208 7.6208992 4.3177819 80
-2.357933 7.6467919 4.5497398 78
-1.7589047 7.6078548 3.9403095 84
-2.0215566 7.6147785 4.1372476 78
-2.2831144 7.6420364 4.3548727 77
-2.5444958 7.6612029 4.5925875 81
-1.9536157 7.6150956 3.9542308 92
-2.2162626 7.6320457 4.1651602 77
-2.4727874 7.6491017 4.387033 79
-2.7260652 7.6561937 4.6268816 85
-2.1554193 7.6299191 3.9766498 96
-2.4109147 7.6399941 4.191515 78
-2.6645858 7.6548958 4.4213848 77
-2.9097307 7.6450353 4.660181 76
-2.3584719 7.6465416 4.0011086 80
-2.6108608 7.6506443 4.2219586 77
-2.8643122 7.675734 4.4668226 79
-3.0798531 7.5972633 4.6743894 55
-2.560102 7.6453958 4.0195532 76
-2.8145828 7.6634359 4.2574348 76
-3.0670907 7.6894584 4.5103111 77
-3.2603626 7.5721812 4.7047205 56
-2.7746084 7.6609163 4.050539 79
-3.0260684 7.6839395 4.3003902 76
-3.270339 7.6930432 4.5541854 80
-3.4626009 7.5867519 4.7635713 58
-2.9915955 7.6813989 4.0861325 76
-3.2348294 7.6835155 4.3339186 77
-3.4801409 7.7076015 4.6057253 88
-3.6632779 7.5924129 4.8180418 58
-3.208432 7.6868815 4.118721 80
-3.4547486 7.7069578 4.383534 80
-3.6806798 7.6872692 4.6381874 76
-3.8709767 7.6049905 4.8805656 59
-3.4373744 7.7072234 4.1604018 77
-3.6734614 7.71241 4.4271312 79
-3.8648312 7.6311193 4.6535125 55
-4.087544 7.6234512 4.9491434 60
-3.6690702 7.7265077 4.2060809 58
-3.9030535 7.7277193 4.4787965 78
-4.0721335 7.6156878 4.6960092 59
-4.3039465 7.6329126 5.0167165 64
-3.9043531 7.7351661 4.2491689 59
-4.1344452 7.7391772 4.5338893 81
-4.2944746 7.6202536 4.7540398 88
-4.3684616 7.3703609 4.9085169 56
-4.1452117 7.7462225 4.2969403 62
-4.3477664 7.7058725 4.5644107 82
-4.3630495 7.3487153 4.6444221 51
-4.3776355 7.0325418 4.7484431 48
-4.3320432 7.6462555 4.2882462 56
-4.3574715 7.3099089 4.3853531 43
-4.3731799 6.9986749 4.4833951 49
-4.5366035 6.950706 4.7605925 56
-4.3406901 7.2411838 4.1102047 46
-4.3684297 6.9500046 4.2241817 66
-4.5581241 6.9451509 4.510262 75
-4.752913 6.9588571 4.8346648 57
-4.3968868 6.9411254 3.9900281 76
-4.5907774 6.9448895 4.2774467 80
-4.78863 6.9576073 4.5838962 71
-5.5615578 7.8036609 5.500741 64
-4.6393552 6.9525704 4.0497594 56
-4.8363242 6.9611807 4.3491983 55
-5.5592642 7.7286506 5.1636543 65
-5.8200173 7.8116241 5.5935912 68
-5.4317269 7.7523813 4.5736995 73
-5.6159863 7.720252 4.8910513 64
-5.8819547 7.8081794 5.2990279 68
-6.0942373 7.8317208 5.6995993 68
-5.6998796 7.7355399 4.6326528 67
-5.9034228 7.734055 4.9771643 67
-6.1734285 7.8298483 5.4031811 67
-6.3746543 7.8444238 5.8086762 65
-5.9985538 7.7459641 4.7138705 68
-6.2040219 7.7515016 5.0723944 66
-6.4800062 7.8562179 5.5154557 69
-6.6680794 7.8599367 5.9248524 57
-6.3141689 7.762238 4.8052092 68
-6.5528698 7.814384 5.2049856 71
-6.7924752 7.8735123 5.6287713 73
-6.9774828 7.8812599 6.0531449 60
-6.6356606 7.7684498 4.8965859 66
-6.9126005 7.8701549 5.3406525 69
-7.1098061 7.8827748 5.7451153 68
-7.3038301 7.9064183 6.1915584 59
-6.9872246 7.795332 5.0081835 69
-7.2550001 7.8851352 5.4561801 61
-7.4521651 7.903749 5.8756433 70
-7.6340976 7.9245157 6.3309965 59
-7.3859572 7.8516388 5.1461329 61
-7.6234484 7.9127665 5.589901 63
-7.8075018 7.9235053 6.0142665 63
-7.9763255 7.938405 6.476522 58
-7.8147545 7.9225464 5.3033047 61
-7.9977727 7.9262934 5.7216601 62
-8.1757231 7.9401302 6.1609793 62
-8.3434792 7.9600744 6.6362257 58
-8.2069798 7.9319773 5.4301867 62
-8.3929472 7.9447236 5.8655643 66
-8.5758686 7.9694986 6.3259225 65
-8.7315025 7.9865775 6.8130798 50
-8.6341772 7.9530401 5.5753255 59
-8.8180923 7.972805 6.0286903 62
-8.9888916 7.9907165 6.4949584 59
-9.0972862 7.9773388 6.966763 57
-9.0993824 7.9886613 5.7427473 63
-9.2711754 8.0035629 6.2050219 66
-9.4268522 8.0166435 6.6801782 59
-9.5362101 8.0122499 7.1709924 63
-9.5874844 8.021018 5.9193363 71
-9.6647396 7.9610085 6.3369012 85
-9.6818914 7.8705807 6.7320228 77
-9.6950188 7.8021874 7.1651192 62
-9.6555004 7.6849098 5.8337722 75
-9.6697378 7.5945172 6.2168698 69
-9.6831131 7.5161443 6.6109324 73
-9.6982679 7.4700079 7.0480089 71
-9.6680241 7.3209076 5.7257829 65
-9.7878733 7.3252916 6.174675 59
-9.8966866 7.3377929 6.6414886 55
-9.9482365 7.331944 7.1148782 51
-10.193111 7.3436122 5.9235811 45
-10.293643 7.3424978 6.3812943 59
-10.416268 7.3721309 6.8741775 59
-10.47465 7.3885045 7.3785872 62
-10.485358 7.1799307 5.9835553 74
-10.488597 7.1229568 6.3925476 80
-10.50808 7.0936155 6.8266959 82
-10.523591 7.0943089 7.303822 77
-10.4898 6.815052 5.8824849 86
-10.505397 6.784759 6.2996044 82
-10.519015 6.7654858 6.7307119 77
-10.523654 6.7723064 7.1997595 73
-10.507489 6.4718413 5.7965484 81
-10.522219 6.4525595 6.2126637 77
-10.541046 6.4542284 6.6478148 78
-10.546842 6.4750381 7.1168747 71
-10.514209 6.1317611 5.710537 82
-10.531087 6.1264567 6.1276717 77
-10.553063 6.1410894 6.5628481 80
-10.563038 6.1788526 7.0339422 75
-10.543027 5.8114257 5.6416926 85
-10.540018 5.8083515 6.0466824 89
-10.56915 5.8399034 6.4869146 93
-10.575267 5.8887105 6.9559817 77
-10.550876 5.4903288 5.5676923 81
-10.553014 5.5011945 5.9747205 92
-10.57528 5.5398264 6.4079018 89
-10.57855 5.600666 6.8749485 78
-10.559731 5.1732154 5.4996953 88
-10.570076 5.2039886 5.9097872 93
-10.587456 5.2506757 6.3399343 81
-10.588885 5.3235393 6.8039694 81
-10.568686 4.8681002 5.4367013 85
-10.583142 4.9098263 5.8488255 88
-10.602674 4.9684906 6.2769899 88
-10.597223 5.0474353 6.7339759 82
-10.576385 4.5671525 5.3789897 82
-10.595682 4.6199775 5.7904439 92
-10.613027 4.6898217 6.2188883 94
-10.61274 4.7826819 6.6748891 80
-10.599968 4.2801299 5.333632 78
-10.595671 4.3330441 5.7305841 90
-10.618468 4.4126425 6.1567426 85
-10.62033 4.5184741 6.6147513 81
-10.611159 3.9908834 5.284523 78
-10.623984 4.0596113 5.6886148 85
-10.628902 4.1434264 6.1036525 88
-10.631887 4.258255 6.5576825 82
-10.622886 3.7079573 5.2419353 83
-10.63084 3.7847376 5.639987 87
-10.639861 3.8775015 6.054049 85
-10.649988 4.0072446 6.5111275 78
-10.62011 3.4228802 5.1947265 83
-10.640191 3.5135217 5.5978703 86
-10.656319 3.6182303 6.012002 84
-10.65055 3.7501822 6.453979 85
-10.60927 3.1419673 5.1485052 89
-10.658442 3.2503004 5.5628829 85
-10.664692 3.3611238 5.9699435 83
-10.658066 3.5020883 6.4069157 76
-10.537459 2.8497787 5.0758471 88
-10.655704 2.9823191 5.5187407 82
-10.669078 3.1050634 5.9278564 81
-10.666585 3.2569826 6.3638601 81
-9.8520517 2.4096472 4.7126226 76
-9.8515949 2.5115621 5.0666313 79
-10.679452 2.8519328 5.8918138 85
-10.682097 3.015795 6.3278584 78
-9.8594112 2.1635468 4.6885643 68
-9.8570833 2.2734849 5.0375605 93
-9.8757944 2.4021795 5.4107161 77
-9.8817739 2.5610592 5.8096433 80
-9.8959827 1.9262073 4.6804132 70
-9.8747053 2.0383945 5.0183725 95
-9.8874807 2.1731882 5.3835874 78
-9.8964052 2.3430188 5.7817812 78
-10.705049 1.8239698 5.0406051 86
-10.649932 1.9495046 5.3872042 54
-9.9100361 1.9509209 5.3677268 72
-9.8952017 2.1209927 5.7456331 77
-10.715271 1.5658021 5.0255284 83
-10.715173 1.7067062 5.394536 85
-10.723193 1.8695153 5.7816076 86
-9.9568977 1.9172407 5.7519522 36
-10.728451 1.3086119 5.0145049 86
-10.72446 1.4575738 5.3785172 85
-10.741558 1.6292911 5.7656889 84
-10.729896 1.8323346 6.1686559 85
-10.733568 1.0525476 5.004518 82
-10.731704 1.2094882 5.3635473 85
-10.742933 1.3882748 5.7436776 85
-10.746371 1.602145 6.1497569 85
-10.754461 0.79736602 5.0030489 81
-10.751702 0.96431673 5.3610682 84
-10.753051 1.1472199 5.7291198 84
-10.753648 1.3721271 6.1281743 85
-10.764545 0.54323161 5.0010872 84
-10.75691 0.71524107 5.35007 83
-10.776344 0.90893787 5.723258 84
-10.769088 1.1409367 6.113255 84
-10.786561 0.2869601 5.0052133 83
-10.782075 0.47091079 5.3532195 83
-10.785682 0.67076719 5.7132897 83
-10.790522 0.91060382 6.1033764 84
-10.796615 0.032731116 5.0102415 82
-10.794241 0.22265875 5.3522649 83
-10.796999 0.4325245 5.7073307 83
-10.796006 0.68042839 6.0873766 85
-10.819622 -0.22064702 5.0223632 85
-10.80442 -0.021572158 5.3552942 82
-10.817255 0.19417819 5.7094359 84
-10.81144 0.45113841 6.0794487 85
-10.822662 -0.47479662 5.0283356 84
-10.822525 -0.26889512 5.3633795 83
-10.82853 -0.044065773 5.7084727 84
-10.812902 0.22200827 6.0674148 79
-10.840587 -0.73311853 5.0434141 82
-10.839613 -0.51620716 5.3734546 83
-10.836778 -0.28327549 5.7094851 83
-10.838244 -0.0083978102 6.0695562 84
-10.853506 -0.99038458 5.0604539 82
-10.855654 -0.76550812 5.3865199 83
-10.85795 -0.52363372 5.7185912 82
-10.84761 -0.23960644 6.0655866 79
-10.864381 -1.2486041 5.0794973 81
-10.87361 -1.0177968 5.4026265 84
-10.869078 -0.76683074 5.7246571 83
-10.857918 -0.4707914 6.0656486 84
-10.879155 -1.5108489 5.1035872 82
-10.877582 -1.2699144 5.4156375 82
-10.877203 -1.0079941 5.7337012 84
-10.860221 -0.70488393 6.0616503 84
-10.893892 -1.7740941 5.1306763 85
-10.893471 -1.5231712 5.437737 83
-10.888239 -1.2541921 5.7467656 84
-10.889374 -0.94028872 6.075851 82
-10.907591 -2.0393288 5.1597576 82
-10.904343 -1.7783706 5.4587994 83
-10.902263 -1.4994255 5.7628531 83
-10.896578 -1.1754408 6.0828891 84
-10.926185 -2.3096213 5.1948748 85
-10.919125 -2.0366168 5.4868903 78
-10.909261 -1.7465786 5.7788887 82
-10.90475 -1.4126047 6.0909348 80
-10.941742 -2.5808802 5.2329698 81
-10.933852 -2.2988629 5.5159802 85
-10.929135 -1.9978821 5.8050184 84
-10.923802 -1.6548954 6.1070604 77
-10.9473 -2.8530245 5.2689896 89
-10.949509 -2.5631218 5.5510769 88
-10.94589 -2.2542179 5.8311844 82
-10.936713 -1.9002507 6.1212606 83
-10.97642 -3.1376483 5.3193674 88
-10.966818 -2.8336742 5.5894303 87
-10.953512 -2.5086045 5.8574343 83
-10.938604 -2.1425145 6.1354327 81
-10.968782 -3.4137602 5.3564296 70
-10.976299 -3.1029294 5.626585 84
-10.96614 -2.7698915 5.8876119 86
-10.951447 -2.3908005 6.1566143 84
-10.266301 -3.4587274 5.0543017 55
-10.962873 -3.3689172 5.6555681 84
-10.975734 -3.0321441 5.9197679 89
-10.965232 -2.6410985 6.1818032 86
-10.191326 -3.6989925 5.0618215 79
-10.376787 -3.4472096 5.3902493 51
-10.989321 -3.2984099 5.9578557 92
-10.989993 -2.8994737 6.2149272 92
-10.206747 -3.9752469 5.1178246 84
-10.194915 -3.6461594 5.3347888 81
-10.543469 -3.4202783 5.7474313 43
-11.004801 -3.1597159 6.2449245 86
-11.045074 -4.6011062 5.5959139 92
-10.220375 -3.9185297 5.3918657 84
-10.206923 -3.5624192 5.5968471 81
-10.957937 -3.4042678 6.2445326 53
-11.076724 -4.9206161 5.672143 84
-11.065475 -4.5355625 5.8911695 86
-10.220412 -3.8237526 5.6420112 84
-10.28597 -3.440587 5.8856096 48
-11.091326 -5.237988 5.7463169 81
-11.078338 -4.8389096 5.952332 87
-10.230826 -4.0900517 5.6881523 10
-10.229169 -3.6700954 5.8832521 83
-11.111732 -5.56743 5.8265333 86
-11.095059 -5.148304 6.0215244 82
-11.084097 -4.7217674 6.2138429 87
-10.233068 -3.9262912 5.9178758 83
-11.134879 -5.9023991 5.9127307 75
-11.118497 -5.4652476 6.095706 86
-11.094314 -5.0160036 6.2706256 83
-11.081565 -4.5268884 6.448637 80
-11.146285 -6.2416296 5.9987836 74
-11.125204 -5.7874188 6.167727 78
-11.117187 -5.3263578 6.338768 89
-11.104688 -4.8232412 6.5047841 82
-11.170388 -6.5980101 6.0989285 74
-11.154575 -6.1268554 6.2579136 78
-11.139893 -5.6477127 6.4119081 83
-11.115842 -5.1184564 6.5578427 80
-11.19826 -6.970437 6.2050982 81
-11.168854 -6.4681892 6.3450518 80
-11.146495 -5.9650216 6.4810576 78
-11.142476 -5.4280629 6.6242051 73
-11.216694 -7.3450379 6.3144579 74
-11.197566 -6.8308506 6.4454513 80
-11.168694 -6.3015475 6.5653744 79
-11.154179 -5.7414064 6.6854095 75
-11.251954 -7.746623 6.4387884 57
-11.22335 -7.1993189 6.5507164 83
-11.190849 -6.6489677 6.6536155 82
-11.168789 -6.0617323 6.7545981 65
-11.278123 -8.1531048 6.5660515 56
-11.232108 -7.5715914 6.6518545 79
-11.217819 -7.0064464 6.7498913 71
-11.197117 -6.398221 6.835887 73
-11.250829 -8.5319462 6.6698651 71
-11.261601 -7.9640732 6.7720356 77
-11.23983 -7.3728175 6.8489666 74
-11.226468 -6.7486548 6.9219675 68
-11.285645 -8.9744663 6.8189654 74
-11.284991 -8.3724527 6.8970571 70
-11.262697 -7.7521834 6.9549904 76
-11.228995 -7.090776 6.9968472 70
-11.231509 -9.356946 6.9194078 72
-11.316074 -8.797925 7.0331597 70
-11.269418 -8.1363926 7.0599723 70
-11.231194 -7.4429531 7.0788527 68
-10.764938 -9.3936691 6.7690182 52
-11.3486 -9.2425346 7.1794534 74
-11.278752 -8.5347214 7.1700993 75
-11.25975 -7.8274999 7.1821251 72
-10.513298 -9.6069336 6.754221 65
-11.004338 -9.3837137 7.0899796 73
-11.29773 -8.953166 7.2952967 79
-11.28215 -8.2229776 7.2873507 75
-10.517611 -10.06121 6.9102964 21
-10.576759 -9.441411 6.9471822 68
-11.267761 -9.3491325 7.3977537 83
-11.292095 -8.6215 7.3941622 67
-10.315594 -10.32902 6.9394355 9
-10.538442 -9.8405371 7.0661831 74
-10.835369 -9.4029303 7.2364807 67
-11.323445 -9.0496035 7.520225 68
-9.855031 -10.322351 6.7908931 3
-10.474296 -10.233605 7.1715922 8
-10.540154 -9.5652752 7.1672058 72
-11.196754 -9.3609467 7.5492048 66
-9.5341167 -10.448432 6.7374463 2
-10.083504 -10.301844 7.0576248 5
-10.508656 -9.9777699 7.2828941 29
-10.741 -9.3903971 7.3547482 55
-9.638854 -10.29747 6.902256 3
-10.383458 -10.309331 7.3397875 8
-10.558949 -9.656435 7.3501348 67
-9.9345026 -10.315488 7.1680355 3
-10.525277 -10.065532 7.4554415 14
-9.5761833 -10.396698 7.0619645 2
-10.272991 -10.276024 7.4131341 8
-11.596751 -15.331474 9.1948757 72
-9.6229687 -11.79376 7.4367356 2
-9.5340061 -10.82868 7.1941919 1
-9.8675032 -10.318564 7.2588096 3
-11.109632 -15.393009 9.09097 64
-11.764697 -15.132732 9.3619423 18
-9.5965242 -11.407535 7.4195333 3
-9.5702667 -10.466091 7.1845503 2
-10.88569 -15.821474 9.2072001 23
-11.391176 -15.348968 9.3339415 82
-11.560714 -17.655348 10.129201 4
-10.94877 -15.459161 9.2464399 49
-11.911813 -19.12281 10.823097 16
-10.805679 -16.013906 9.4221611 5
-11.224965 -15.36115 9.4142551 76
-11.718551 -14.734141 9.4390812 4
-11.910239 -18.552795 10.747139 16
-10.881021 -15.616394 9.3979855 21
-11.534921 -15.190989 9.5280037 51
-11.866673 -17.898756 10.581947 14
-11.148437 -15.395811 9.4609079 60
-11.89727 -18.854906 10.964903 12
-10.86764 -15.743256 9.4866476 17
-11.920611 -18.152777 10.732216 19
-11.846324 -18.972805 11.008537 7
-9.6069489 -27.793968 14.260968 9
-11.841767 -27.706175 14.580724 7
-8.9245472 -27.787785 14.166275 9
-10.004346 -27.79484 14.304647 11
-8.2715464 -27.838932 14.112011 13
-9.3165703 -27.800364 14.189265 11
-11.601108 -27.647083 14.354424 12
-7.6151361 -27.87285 14.047306 9
-8.6513634 -27.855274 14.102727 9
-9.7075109 -27.771967 14.137314 10
-10.876515 -27.694191 14.18708 9
-7.9718127 -27.857349 13.994698 8
-9.0230942 -27.827902 14.021229 8
-10.146829 -27.705835 14.008805 9
-4.5397429 -31.162098 15.12896 9
-6.1220422 -32.024662 15.032352 10
-2.1602724 -31.279863 15.329799 8
-3.1807518 -31.668364 15.254479 10
-5.4011421 -32.299961 15.042208 12
-1.4701962 -31.337933 15.351374 11
-4.7013502 -32.865665 15.179579 12
-3.9586935 -33.213867 15.225842 14
-3.2076666 -33.557789 15.281607 12
0.58165836 -31.444048 15.407942 11
1.2539495 -31.377892 15.398168 12
0.35781428 -32.28968 15.40152 13
1.9341797 -31.386297 15.423947 11
1.0795046 -32.327286 15.409593 11
2.6047232 -31.20376 15.365164 13
1.7971312 -32.348213 15.419242 10
0.92307174 -33.363747 15.398399 13
3.2871151 -31.181995 15.384962 11
2.52511 -32.290371 15.386311 10
1.6979716 -33.505215 15.426056 13
3.2349188 -32.1992 15.350613 11
3.9579756 -32.206329 15.377463 11
2.3766527 -34.375591 15.157913 15
5.2818923 -30.8207 15.348111 12
3.9911597 -33.410225 15.351486 11
3.1866124 -34.39637 15.137885 18
5.9340048 -30.686329 15.345419 12
4.0146394 -34.493374 15.154689 16
4.8417826 -34.499447 15.140436 17
5.7294364 -34.71452 15.222301 19
7.089642 -33.136864 15.294096 14
6.56704 -34.650337 15.197948 10
8.1606274 -28.673027 14.641975 13
8.228755 -31.500439 15.310814 12
7.8803363 -33.096729 15.31081 13
7.4270368 -34.644119 15.201349 15
8.8341255 -28.685368 14.737749 16
8.9356384 -31.323774 15.288465 13
9.5165205 -28.700195 14.842746 17
9.6006355 -31.062138 15.24569 11
10.212287 -28.734091 14.96804 17
10.790843 -28.402916 14.908921 20
10.820616 -32.065937 15.062331 9
11.125498 -27.510439 14.560436 24
10.897187 -28.407413 14.20327 46
10.366117 -28.569355 13.493225 31
10.8105 -31.57058 14.025821 16
11.120679 -25.897877 13.828077 17
11.131597 -27.206511 13.707311 29
11.084206 -28.469919 13.524987 44
10.508636 -28.488174 12.716681 45
11.407007 -25.073187 13.509849 24
11.351949 -26.094128 13.251708 20
11.285175 -27.147205 12.985634 22
11.236552 -28.361177 12.722586 41
10.805854 -22.5028 12.243427 47
10.657232 -23.115463 11.839201 8
11.382909 -25.73838 12.402435 21
11.323186 -26.741196 12.071335 23
11.38112 -22.478458 12.355902 86
10.955807 -22.467304 11.613544 36
10.727404 -22.858906 11.105103 26
11.428407 -25.311853 11.502378 24
11.570942 -21.70734 12.061464 26
11.544534 -22.40704 11.691772 59
11.187276 -22.475861 11.008402 50
10.820933 -22.546888 10.32211 46
11.659409 -20.792192 11.67967 28
11.629833 -21.383667 11.270591 23
11.417141 -21.670893 10.711994 25
11.391358 -22.33028 10.302907 43
11.699674 -19.859362 11.285363 39
11.479639 -20.054607 10.685816 26
11.463479 -20.601503 10.282648 24
11.738154 -21.718018 10.108739 17
11.563502 -18.718353 10.769917 25
11.513985 -19.12059 10.30407 34
11.779444 -20.070959 10.125049 19
11.055968 -17.089319 9.9608564 20
11.772211 -18.608438 10.15329 24
11.163126 -16.488144 9.7423754 70
11.083246 -16.712748 9.2387857 58
11.690711 -16.493958 9.8807812 77
11.460711 -16.480415 9.2313118 87
11.256317 -16.489588 8.6266413 89
11.914093 -16.077721 9.7749863 60
11.922928 -16.353218 9.2917585 69
11.828669 -16.49592 8.7483978 90
11.648134 -16.504709 8.1297264 76
11.98053 -15.91323 8.5592041 33
11.987665 -16.144789 8.0619946 39
12.011076 -15.215579 8.31143 48
12.024789 -15.414051 7.812192 43
12.044215 -14.40925 8.5776405 46
12.054329 -14.565861 8.0854568 52
12.052176 -14.711611 7.5763717 61
12.065498 -13.800722 8.3585291 72
12.063024 -13.921418 7.8617339 75
12.070568 -14.042971 7.3568373 75
12.142327 -13.210964 8.7291222 10
12.089397 -13.240149 8.1677265 78
12.085501 -13.316823 7.6577511 76
12.109991 -13.421204 7.1585073 75
12.126377 -12.64998 8.5169744 55
12.117749 -12.693809 7.9810834 94
12.121699 -12.757253 7.478374 93
12.140721 -12.825506 6.9725513 71
12.150172 -12.147354 8.3411226 71
12.149497 -12.168987 7.8051167 88
12.16035 -12.209479 7.3019915 87
12.158951 -12.236115 6.7879643 76
11.387837 -10.916209 7.6534729 86
11.422906 -10.952533 7.1729636 81
11.419457 -10.958181 6.6951118 85
11.437162 -10.974541 6.2211604 78
11.435991 -10.508881 7.5255795 66
11.46047 -10.513208 7.0373821 82
11.466932 -10.507768 6.5633245 74
11.505768 -10.522836 6.1010714 70
11.962714 -10.527235 7.7078328 65
12.020369 -10.542004 7.2194662 86
12.073072 -10.553121 6.7479959 89
12.138838 -10.571957 6.2785368 84
12.237432 -10.323808 7.7360649 79
12.283428 -10.303875 7.227715 87
12.291067 -10.255379 6.7207074 94
12.30687 -10.21182 6.2205977 91
12.263292 -9.9073687 7.6071358 80
12.291895 -9.8566151 7.089941 90
12.320697 -9.8078785 6.5967441 98
12.26939 -9.693099 6.0651774 82
12.284457 -9.5029526 7.4842267 80
12.326972 -9.4410315 6.973937 93
12.354577 -9.3772964 6.4827857 96
12.197633 -9.1637688 5.9000869 82
12.313726 -9.1094217 7.3673162 86
12.361085 -9.0334444 6.8610106 89
12.378395 -8.9458485 6.3679342 96
12.222433 -8.7263231 5.7902126 87
12.332178 -8.726059 7.2554531 87
12.380354 -8.6340714 6.7511535 96
12.406604 -8.5373678 6.265017 89
12.227305 -8.2940712 5.6835332 71
12.378045 -8.3672562 7.1634779 82
12.396736 -8.2436018 6.6464243 96
12.424801 -8.1298714 6.1622796 85
12.251595 -7.8865604 5.590692 74
12.374576 -7.9891324 7.0517621 86
12.433531 -7.8730102 6.5563927 93
12.352326 -7.6845951 6.0270963 75
12.277117 -7.4911108 5.5057597 89
12.422194 -7.655684 6.9713173 84
12.444341 -7.5021181 6.4592853 94
12.290762 -7.2589235 5.8977785 89
12.298055 -7.1047087 5.4199286 80
12.449729 -7.3119144 6.8856664 85
12.454791 -7.1374006 6.3697429 98
12.300548 -6.8837805 5.8099518 85
12.308064 -6.7202525 5.3389254 84
12.459099 -6.9653692 6.7948427 84
12.474034 -6.7815571 6.2871194 96
12.318733 -6.5199227 5.7311692 88
12.350324 -6.355022 5.2730317 74
12.477501 -6.628324 6.7124643 92
12.509497 -6.4414525 6.2173738 90
12.338977 -6.168983 5.6618686 90
12.413827 -6.0126095 5.2264228 74
12.490964 -6.2966805 6.6316266 85
12.529 -6.1029296 6.1452646 89
12.352362 -5.8187733 5.5895762 86
12.517956 -5.6945143 5.1972117 92
12.527986 -5.9845004 6.5698066 79
12.528498 -5.7610188 6.0670323 89
12.375916 -5.4821138 5.5300727 110
11.80209 -5.0296879 4.8416467 92
12.541497 -5.6656828 6.4987702 88
11.771999 -5.1024976 5.6399002 89
11.787264 -4.8999767 5.2088985 98
11.81868 -4.7022643 4.789773 97
11.752699 -5.0152144 6.0259066 91
11.78657 -4.797605 5.5806355 94
11.809863 -4.5919847 5.159586 88
12.377254 -4.5798078 4.9573231 34
11.762534 -4.7231455 5.9638958 86
11.914415 -4.5419621 5.5788636 37
12.438387 -4.5003138 5.3699479 100
12.605347 -4.3199492 4.9938025 100
12.081198 -4.5512209 6.0585632 32
12.436305 -4.4206843 5.7579737 99
12.424734 -4.1695075 5.3083153 93
12.621648 -3.9856725 4.9503031 96
12.604874 -4.4407482 6.2545352 91
12.415283 -4.101737 5.6934137 59
12.448992 -3.8579557 5.2705755 90
12.629673 -3.653368 4.907629 101
12.607109 -4.1405654 6.1967912 69
12.443853 -3.8041894 5.6541915 88
12.479547 -3.5494604 5.2351179 79
12.664233 -3.3339579 4.8819528 105
12.631824 -3.8493776 6.1510797 92
12.439288 -3.5011792 5.6031165 88
12.522163 -3.2506928 5.2120714 76
12.683559 -3.0134549 4.8521032 93
12.634411 -3.5580492 6.1021528 90
12.447088 -3.2049387 5.5617309 87
12.587359 -2.9549081 5.196856 84
12.688388 -2.6933532 4.8192744 101
12.637662 -3.266083 6.0510421 79
12.475431 -2.9156015 5.5316782 92
12.629565 -2.6553295 5.1769505 76
12.704492 -2.377526 4.7935338 97
12.583457 -2.96595 5.9770689 84
12.489667 -2.622716 5.4949718 90
12.676931 -2.3569717 5.1608372 88
12.733424 -2.0608025 4.774683 90
12.521285 -2.6663344 5.9028258 84
12.502893 -2.3322072 5.4632201 92
12.717183 -2.0592964 5.1458693 88
12.746455 -1.7486237 4.7558827 93
12.508263 -2.3804603 5.8532333 81
12.513957 -2.0449944 5.4344754 85
12.738217 -1.7570132 5.1259494 95
12.760453 -1.4384139 4.7389803 94
12.527664 -2.1061511 5.8242755 77
12.521301 -1.7578821 5.4065375 89
12.750392 -1.4557896 5.1060433 96
12.780559 -1.1260998 4.7290254 92
12.537066 -1.8299581 5.793375 80
12.537607 -1.4735838 5.3846431 82
12.771573 -1.157437 5.0921345 101
12.791663 -0.81987607 4.7192068 87
12.536368 -1.5548698 5.7596297 78
12.559959 -1.1882497 5.3676949 81
12.783787 -0.85922879 5.07827 94
12.80576 -0.50864816 4.7113371 95
12.565873 -1.282447 5.741621 76
12.581357 -0.90591204 5.3537674 91
12.796931 -0.55793285 5.0674725 97
12.82284 -0.20024858 4.7095723 96
12.58021 -1.0070679 5.7188416 75
12.599639 -0.61950237 5.3399448 87
12.822203 -0.2604976 5.0645452 103
12.829965 0.11190766 4.7057238 98
12.58668 -0.73390979 5.695972 75
12.619067 -0.33519214 5.329988 83
12.822391 0.041577987 5.0527406 100
12.849181 0.42120779 4.7097859 90
12.621513 -0.45895997 5.6835203 77
12.63657 -0.051352903 5.3210278 88
12.831565 0.33924186 5.0470967 100
12.869076 0.73399323 4.7143412 94
12.639385 -0.18455409 5.6717658 75
12.642361 0.23584995 5.3102865 88
12.864431 0.64080966 5.0569377 108
12.104541 0.9818356 4.4427843 94
12.630456 0.093341157 5.6484227 95
12.665571 0.52197176 5.3105698 87
12.088712 0.88642234 4.7544503 94
12.110472 1.2770934 4.4529467 90
12.656411 0.36888391 5.644527 82
12.09194 1.1715963 4.7571607 95
12.915716 1.6788471 4.7524748 75
12.674965 0.64612836 5.6385775 86
12.079937 1.0480695 5.0578699 89
12.898742 1.5563128 5.0724549 104
12.922983 1.9959551 4.7678075 70
12.073285 0.88249373 5.3623409 80
12.077572 1.3238159 5.0545926 87
12.92722 1.8663405 5.0907025 91
12.923364 2.3146939 4.7820807 56
12.071849 1.1487962 5.3526583 91
12.717096 1.687862 5.3172235 79
12.927466 2.1756654 5.1010451 76
12.933528 2.639997 4.8053522 55
12.078551 1.4169122 5.349884 41
12.722382 1.9829246 5.3235178 72
12.9145 2.4865403 5.1074862 59
12.953575 2.9692273 4.8344779 35
12.70208 1.7754524 5.6165471 73
12.724715 2.2819948 5.3297043 75
12.907823 2.7984648 5.1216922 38
12.978681 3.3065798 4.867497 29
12.716578 2.0636837 5.6206203 74
12.742126 2.5842547 5.3457656 63
12.861987 3.1059749 5.1212606 27
13.00473 3.6459584 4.9075847 26
12.744948 2.3601036 5.6326699 53
12.742404 2.8873243 5.358036 52
12.837185 3.4187136 5.1336932 12
13.01477 3.9871058 4.943769 23
12.730369 2.6479695 5.6309977 60
12.769741 3.1986909 5.3840733 28
12.832372 3.7396922 5.15698 13
13.051677 4.3416467 4.9938316 21
12.751647 2.9473968 5.6461902 42
12.797843 3.5192091 5.4122334 27
12.829422 4.0648227 5.1853571 16
13.052551 4.6927629 5.0341344 29
12.777013 3.2527692 5.6662159 27
12.813095 3.8384433 5.4393325 11
12.840541 4.4000001 5.2214971 21
13.070448 5.0540166 5.0842433 30
12.798321 3.5640824 5.6872654 17
12.82031 4.1605778 5.4664927 11
12.851567 4.744175 5.2606444 23
13.055317 5.4118662 5.1255908 16
12.804616 3.8732128 5.703423 14
12.836431 4.4938188 5.4995956 13
12.869544 5.0964317 5.3067465 23
12.935419 5.7264509 5.1297317 20
12.842669 4.2007923 5.7366977 12
12.86328 4.8343062 5.5422335 17
12.90012 5.4590073 5.3626404 23
12.911895 6.0873981 5.1792254 40
12.849642 4.5217643 5.7606254 19
12.870358 5.1758819 5.5778241 28
12.917223 5.8235712 5.4168797 28
12.386651 6.2033615 5.0279531 35
12.869954 4.8526998 5.7945881 19
12.891411 5.5251741 5.6258578 15
12.878154 6.1702223 5.4503598 31
12.362569 6.5621796 5.0803323 56
12.949918 5.2148046 5.8562193 14
12.909306 5.8845205 5.6749334 28
12.333077 6.2670999 5.2790127 63
12.286011 6.9036922 5.1157751 66
13.045145 5.5953913 5.9304919 17
12.77292 6.1822672 5.6618276 24
12.354897 6.6433616 5.345118 68
11.713174 6.9527278 4.9499035 48
13.104918 5.9731288 5.9923272 21
12.343062 6.3290658 5.5210009 66
11.971119 6.8047051 5.2399731 57
11.121663 6.9685378 4.7721429 52
12.774583 6.1751442 5.8788276 12
12.348951 6.6921377 5.5742116 72
11.519826 6.9112253 5.108273 61
10.576309 6.982904 4.6130519 56
12.306838 6.2944937 5.7062526 48
11.886509 6.7985368 5.4215903 56
11.065796 6.9947119 4.9735765 58
10.093903 7.0160322 4.4785237 44
12.329535 6.6592269 5.7565999 68
11.316419 6.822134 5.2181611 60
10.527969 7.0017495 4.7991023 58
9.6480131 7.0482159 4.3555994 55
11.942629 6.7997012 5.6266704 38
10.935954 6.9396338 5.102119 58
10.048441 7.0299826 4.6506639 60
9.2038736 7.0648322 4.2338586 62
11.353747 6.8126082 5.3989835 44
10.520948 7.0216255 4.9722075 57
9.5712376 7.0352092 4.5011568 61
8.7728872 7.0716066 4.1160154 60
10.824981 6.8342361 5.2008638 47
10.032485 7.0377264 4.8057904 59
9.1629086 7.0702662 4.3841667 60
7.4432392 6.3104877 3.5742319 64
10.459707 6.9438386 5.0806074 53
9.560195 7.0440197 4.6462479 58
7.693428 6.2405086 3.7574725 2
7.1410918 6.350913 3.5047204 60
10.043578 7.0059748 4.9352465 61
9.1405706 7.0671535 4.5120192 55
7.4129057 6.3081927 3.6900859 64
7.1101689 6.6283522 3.5664549 64
9.5784893 7.0108585 4.7658305 57
7.6962061 6.2512183 3.8709457 2
7.132946 6.3634686 3.6210873 61
7.1357722 6.9665408 3.6614521 66
9.1959248 7.0563307 4.6365995 53
7.412909 6.3058643 3.7920063 64
7.122808 6.6543994 3.6883242 60
6.9964662 7.1589026 3.6775582 68
8.7956114 7.075582 4.4974799 51
7.1391635 6.3678641 3.7191565 62
7.13691 6.9838438 3.7735901 66
6.6704516 7.1592045 3.6000383 65
7.46422 6.3027687 3.8877978 60
7.1191015 6.6485991 3.7764957 63
6.9748044 7.151854 3.7708669 68
6.3837047 7.1837006 3.5401073 65
7.1670327 6.3421645 3.7919507 60
7.1366172 6.976788 3.8565989 67
6.6591148 7.1590071 3.6891308 65
6.0930724 7.1961508 3.4751961 63
7.1101789 6.5904617 3.8225303 60
6.9843464 7.1569228 3.8518136 68
6.3683825 7.1754608 3.6172223 63
5.819478 7.210804 3.4191644 64
7.1395679 6.9287968 3.9025559 64
6.6676645 7.1570697 3.7590792 66
6.0876603 7.1940351 3.5502441 61
5.5599012 7.2286258 3.3710349 62
7.0309787 7.1444631 3.9144831 67
6.3779144 7.1715393 3.6811626 63
5.8140826 7.2026944 3.486208 61
5.3073688 7.2435336 3.323853 60
6.7142477 7.1446147 3.8147488 65
6.1011615 7.1891665 3.608155 62
5.553472 7.2175093 3.4280834 59
5.0440531 7.236311 3.2687328 78
6.4303498 7.1681619 3.731796 64
5.8244944 7.1997943 3.5351419 60
5.2909966 7.2203021 3.367964 79
4.8095083 7.2574334 3.2304263 74
6.1425905 7.1786609 3.6458619 64
5.5549293 7.2035074 3.4640734 77
5.0483913 7.2393341 3.3177135 77
4.5760932 7.2675705 3.1911044 79
5.8708091 7.1963525 3.5688188 61
5.303266 7.2214351 3.4038866 72
4.8098569 7.2544136 3.2704313 77
4.3506007 7.2868013 3.1567321 52
5.6100612 7.2141762 3.4966965 61
5.0586362 7.2384462 3.3466492 76
4.5744281 7.2605314 3.2221205 77
4.1282372 7.2950706 3.12133 82
5.3444786 7.2169404 3.4215982 59
4.8181 7.248507 3.2903774 76
4.3538384 7.2858253 3.1847174 49
3.9069684 7.2963524 3.0869148 67
5.0988111 7.232944 3.3573673 57
4.5905027 7.2687221 3.2430203 78
4.1294751 7.2900753 3.1423261 76
3.7015133 7.3178239 3.0614009 96
4.8631687 7.2510657 3.300066 57
4.3669987 7.2819853 3.196629 50
3.9121525 7.2934074 3.1038845 71
3.5021358 7.3353677 3.0398407 93
4.6266155 7.2601786 3.2397647 55
4.1415429 7.2902255 3.1482482 77
3.7066672 7.3138838 3.0723693 91
3.2939329 7.334805 3.0113308 101
4.4020019 7.2794318 3.1883855 51
3.9201689 7.2925143 3.1008341 70
3.4973218 7.3213115 3.0378733 86
3.0956531 7.3433614 2.9877567 106
4.1671839 7.2756424 3.1292531 74
3.7142243 7.3120418 3.0645068 78
3.2935743 7.3278375 3.006515 109
2.9078112 7.3670497 2.9732924 102
3.9536214 7.294014 3.0837915 50
3.5038419 7.319447 3.0250144 82
3.1001663 7.3464413 2.9829102 100
2.7135997 7.3716407 2.952683 110
3.7391391 7.3053737 3.0373313 80
3.301419 7.3329482 2.9904699 95
2.9038374 7.3570113 2.9563203 95
2.5234268 7.3742785 2.9340436 105
3.5306153 7.321806 2.9938323 90
3.1049688 7.3515191 2.9608867 102
2.70959 7.3616052 2.9307113 99
2.3372557 7.3779655 2.9173765 104
3.3261518 7.3362842 2.9553027 99
2.9056523 7.3570552 2.927314 93
2.5213208 7.3702703 2.9090624 100
2.1569209 7.3987207 2.9076796 110
3.1217985 7.3407636 2.9147654 103
2.7132909 7.3696742 2.8996968 94
2.3320699 7.3769226 2.8864186 100
1.9767042 7.4094763 2.8969748 124
2.9252946 7.3613367 2.8811834 100
2.5190334 7.3722701 2.8690858 97
2.1488354 7.3856454 2.869734 100
1.5923132 6.6188617 2.5811455 115
2.7211099 7.3518167 2.8396342 106
2.3278093 7.3739014 2.8414528 89
1.7462475 6.6108046 2.5540447 10
1.4312813 6.6138563 2.5682919 116
2.5267382 7.3624125 2.8070297 96
2.14252 7.3836021 2.8187828 100
1.5821857 6.6047659 2.5352118 116
1.2751799 6.617908 2.5614092 115
2.3363743 7.3740573 2.7773972 101
1.7360455 6.5987144 2.5011129 23
1.4211206 6.6007619 2.5193589 118
1.1475827 6.775281 2.613435 37
2.1509709 7.3917589 2.7527335 102
1.5728462 6.6036863 2.4822814 114
1.2658132 6.6218243 2.513483 117
1.0989835 7.4445224 2.8612695 126
1.737612 6.5977821 2.4351051 28
1.409735 6.6016598 2.4634445 117
1.1637614 6.9234877 2.6144314 37
0.92690337 7.4483709 2.8575013 124
1.5694513 6.5956979 2.4093037 108
1.2504959 6.6126776 2.449589 115
1.0826356 7.4353652 2.7933838 131
0.75672799 7.4632378 2.8597274 121
1.4100554 6.6187148 2.3944581 117
1.1871094 7.1437817 2.6254292 39
0.90843427 7.4471893 2.7866364 123
0.58764356 7.46912 2.8589389 120
1.2439101 6.6176519 2.3726428 116
1.0630127 7.4441743 2.7185342 123
0.73723584 7.4610476 2.7838686 112
0.4185735 7.4749999 2.8601503 123
1.2096574 7.3280911 2.6014061 40
0.88586193 7.4479661 2.7048013 124
0.5650928 7.4698935 2.7801037 125
0.24942675 7.4898758 2.866369 120
1.0483634 7.4420633 2.6206405 126
0.70971984 7.4527674 2.694062 126
0.39296955 7.4777384 2.7773383 125
0.081347272 7.498764 2.8715754 117
0.86715961 7.4478078 2.6029377 119
0.53553611 7.4625907 2.6863124 128
0.22180511 7.4905925 2.7775693 111
-0.086705193 7.5066504 2.8787808 124
0.6879285 7.4585719 2.5902247 123
0.36027372 7.4803987 2.681576 122
0.050728153 7.4964471 2.7777946 108
-0.25477034 7.5155363 2.8859868 121
0.50971615 7.4683471 2.5785036 125
0.18516919 7.4831977 2.6748321 122
-0.12247681 7.5122519 2.7820511 111
-0.42388597 7.5263753 2.896214 115
0.32943892 7.4790606 2.567816 126
0.010856364 7.5029755 2.6751082 122
-0.29269257 7.527072 2.787293 112
-0.59499466 7.5371871 2.9074554 116
0.15126681 7.4838161 2.5570996 125
-0.16521955 7.5047612 2.6703699 121
-0.46469003 7.527914 2.7895212 113
-0.76391566 7.5360622 2.9166598 121
-0.0279656 7.4995761 2.5523894 126
-0.34037933 7.5175672 2.6706285 124
-0.63885391 7.5467243 2.7997773 108
-0.93493891 7.545908 2.930887 117
-0.20814958 7.5103254 2.545682 125
-0.51649976 7.5283589 2.6728926 126
-0.81382269 7.5465288 2.8040249 108
-1.1060257 7.5536966 2.945133 122
-0.38849032 7.5301871 2.5449173 122
-0.69568843 7.5372415 2.674114 126
-0.98793632 7.5534763 2.8122115 114
-1.2799989 7.5617032 2.962302 79
-0.56956428 7.5329218 2.5402117 121
-0.87380409 7.5490046 2.679394 107
-1.1650202 7.5672464 2.8254855 113
-1.4571244 7.5844641 2.9855828 77
-0.75367916 7.5406156 2.5385311 124
-1.0539054 7.5607414 2.6866877 107
-1.3429344 7.5640073 2.8327527 60
-1.630928 7.5752721 2.9978166 59
-0.93786573 7.556304 2.5408566 123
-1.2359277 7.5644546 2.6909895 100
-1.5229967 7.5777364 2.8490479 110
-1.8099711 7.5920062 3.0221066 109
-1.1229162 7.5599828 2.5411799 124
-1.4168448 7.5591812 2.6942766 64
-1.7049979 7.5854406 2.8633523 57
-1.993066 7.615685 3.0514305 122
-1.3120022 7.5676098 2.5435343 112
-1.6050869 7.5878072 2.7116404 108
-1.8879849 7.5931311 2.8796632 93
-2.1760514 7.6283684 3.0767455 105
-1.5000613 7.5742464 2.5478806 40
-1.7931035 7.594439 2.7219865 73
-2.0760541 7.6107526 2.9020178 113
-2.3640404 7.6429849 3.1050973 105
-1.6942399 7.5938025 2.55828 118
-1.983129 7.6040425 2.7363489 106
-2.2671263 7.6303334 2.9273953 113
-2.5509293 7.6496148 3.1334355 95
-1.8882345 7.5963616 2.5646653 114
-2.1772211 7.6205845 2.7547469 108
-2.4611485 7.642858 2.9507926 109
-2.7418518 7.6551585 3.1608081 95
-2.0864022 7.6118202 2.577101 121
-2.3763421 7.6350169 2.7731893 104
-2.65516 7.6513467 2.9741936 105
-2.9399214 7.6765881 3.198246 88
-2.287493 7.6222529 2.58955 104
-2.5733061 7.6395082 2.7906017 96
-2.8582027 7.6707668 3.0046573 87
-3.1347458 7.680119 3.2296381 92
-2.4935749 7.6366582 2.6040299 117
-2.7793801 7.6589065 2.8150854 94
-3.058075 7.6752386 3.031086 90
-3.3356099 7.689569 3.2660773 82
-2.7026284 7.651022 2.6225307 106
-2.9873605 7.6702785 2.8385763 91
-3.2629628 7.6826444 3.0605524 82
-3.5445015 7.7029171 3.3055768 81
-2.9158421 7.6641884 2.6420898 99
-3.1964445 7.6744776 2.8620985 83
-3.4761367 7.6997666 3.0961115 81
-3.755595 7.7160425 3.3471169 82
-3.1338718 7.6734052 2.6606514 93
-3.4155223 7.6936703 2.8916743 80
-3.6920488 7.7079926 3.1296568 79
-3.9684315 7.7232985 3.3896394 82
-3.355916 7.6865649 2.6842434 83
-3.6374741 7.7028236 2.9212627 77
-3.9129696 7.7191505 3.167239 80
-4.1951356 7.7427711 3.4380448 82
-3.5846794 7.7010517 2.7107086 87
-3.8621011 7.7093472 2.9516811 81
-4.1426058 7.7325926 3.2076874 83
-4.312057 7.5592799 3.4007585 55
-3.8185785 7.7101007 2.7363782 84
-4.1000776 7.7313309 2.9903891 78
-4.2950072 7.5986838 3.1906691 52
-4.3192654 7.1952658 3.2815354 47
-4.0585504 7.7250376 2.7680876 79
-4.2941184 7.6568542 2.9947047 71
-4.3112364 7.2354951 3.0775077 46
-4.37149 6.9285622 3.2047021 76
-4.2790728 7.6891513 2.7826238 72
-4.2959366 7.2507877 2.871408 45
-4.3490925 6.9299545 2.9875374 74
-4.5802183 6.9258027 3.2491708 78
-4.2917962 7.2819805 2.666398 45
-4.3276405 6.9244471 2.7783549 70
-4.5642409 6.9253268 3.0279768 83
-4.8076668 6.9400463 3.3056765 75
-4.317627 6.9299102 2.5692093 72
-4.5538373 6.9227123 2.8138633 84
-4.8022761 6.9443312 3.0796287 74
-5.6444426 7.8031201 3.769202 66
-4.5463195 6.9219947 2.5987771 97
-4.7926555 6.9316516 2.8574929 74
-5.6341758 7.7904334 3.5030487 82
-5.9121618 7.8136277 3.8350146 67
-4.794127 6.929822 2.6374764 55
-5.644794 7.7946391 3.2560952 79
-5.9268708 7.8208642 3.5720911 64
-6.1946106 7.8322597 3.908977 69
-5.6570458 7.7957134 3.0056598 64
-5.9350543 7.8099771 3.3146567 63
-6.2079897 7.8252954 3.635618 66
-6.4939137 7.8594232 3.9916861 68
-5.9599104 7.8138709 3.0588312 67
-6.2378368 7.8261285 3.3758259 65
-6.5157728 7.8493724 3.710829 66
-6.7904816 7.8686352 4.070807 69
-6.2697086 7.8198509 3.111047 66
-6.5568299 7.8478413 3.445123 66
-6.8387151 7.8710065 3.7891514 67
-7.1053114 7.8853416 4.1580653 73
-6.6047106 7.8444219 3.1774526 65
-6.8906245 7.8675389 3.5175095 68
-7.1502366 7.8689799 3.8613632 62
-7.4339175 7.900085 4.2484112 74
-6.9505639 7.8659716 3.2449257 67
-7.2020221 7.8495207 3.5787077 35
-7.5161128 7.9102492 3.9609931 69
-7.7803144 7.9208188 4.3484607 75
-7.2817664 7.8478246 3.3019114 30
-7.6089711 7.9173784 3.6842868 42
-7.8764901 7.925694 4.0531955 72
-8.1247272 7.9252319 4.445962 81
-7.6998711 7.9115019 3.3989327 71
-7.9834867 7.9286132 3.7699623 60
-8.2600613 7.9497876 4.1559405 74
-8.4245358 7.8693933 4.5140486 68
-8.0985479 7.9313931 3.48277 67
-8.3821049 7.949481 3.8657947 71
-8.6666756 7.9775066 4.2678328 72
-8.7878208 7.8646102 4.6186075 68
-8.5212774 7.9518514 3.572767 61
-8.8067799 7.9738975 3.9708083 63
-9.0731573 7.9830694 4.3746886 84
-9.2043724 7.8900776 4.7465515 75
-8.973031 7.9809289 3.6759644 61
-9.2513676 7.9930582 4.0799465 69
-9.4373722 7.9383721 4.4610782 73
-9.6213398 7.8946867 4.8701954 101
-9.4493475 8.0068083 3.7840428 60
-9.6026297 7.9155784 4.1490502 94
-9.6170797 7.7281089 4.4590163 94
-9.6245937 7.5557137 4.7869463 89
-9.5819702 7.7251501 3.7537298 83
-9.6024933 7.5456324 4.0667038 92
-9.6061144 7.3672671 4.3725796 86
-9.7367172 7.3101912 4.7624478 69
-9.5887642 7.3540835 3.6794169 80
-9.7594585 7.3046918 4.0545845 62
-10.007753 7.3282871 4.4773526 73
-10.200616 7.3225822 4.9077115 70
-10.042495 7.3286262 3.7805791 52
-10.26553 7.3225107 4.1901488 58
-10.229056 7.1447172 4.500771 95
-10.253077 7.031126 4.8578658 95
-10.510129 7.2867212 3.8828373 51
-10.44041 7.0873513 4.1892099 99
-10.233129 6.8087687 4.4305568 95
-10.255383 6.7132025 4.7866535 86
-11.417182 7.5211253 4.1453958 58
-10.453337 6.7422872 4.124053 95
-10.250332 6.4937968 4.3704047 94
-10.273588 6.4115987 4.7254024 92
-11.428157 7.13905 4.0808911 5
-10.465795 6.4114947 4.0655055 89
-10.285107 6.1989326 4.3209839 83
-10.273412 6.1112018 4.6617393 91
-12.715487 7.5304365 4.4686761 54
-10.49962 6.102253 4.0181923 66
-10.408777 5.959146 4.3114686 84
-10.288029 5.8244014 4.6075354 87
-12.855586 7.1995902 4.4504013 39
-10.557339 5.8094306 3.9833496 45
-10.479821 5.6921206 4.2837129 88
-10.298069 5.5391321 4.5523238 88
-11.02218 5.8166733 3.7615271 4
-10.652351 5.5430717 3.9657414 7
-10.508763 5.4076023 4.242631 91
-10.315192 5.265769 4.5051675 87
-11.025512 5.4794693 3.7122235 7
-12.267081 6.0353465 4.5102472 49
-10.533642 5.1231852 4.1995273 91
-10.31917 4.9916701 4.455936 87
-11.052818 5.164113 3.675132 17
-12.368317 5.7301092 4.4926858 60
-10.534292 4.8352222 4.1522803 88
-10.331069 4.7245655 4.4107823 87
-11.083068 4.8578644 3.6428182 7
-12.492508 5.4398642 4.4876447 60
-10.550941 4.5613942 4.1137719 90
-10.347967 4.4678335 4.3714786 80
-11.167352 4.5759025 3.6307507 7
-12.608807 5.1486011 4.4840298 60
-10.580885 4.295857 4.0850616 84
-10.387106 4.2250586 4.3466601 76
-11.259424 4.299489 3.6230166 3
-12.734498 4.852457 4.4806771 55
-10.598942 4.0274153 4.0502119 72
-10.455492 3.990001 4.3301802 78
-11.370006 4.0321183 3.6245511 4
-12.84677 4.558074 4.4782004 56
-10.649776 3.7759588 4.0309515 60
-10.532553 3.7643394 4.322022 82
-11.441357 3.7486396 3.6154809 5
-12.929807 4.2538686 4.4695115 43
-10.678928 3.5226216 4.0102277 37
-10.582873 3.530601 4.3085723 83
-11.530181 3.4754434 3.6162705 7
-11.158435 3.3788791 3.8265841 2
-10.742841 3.280915 4.002337 16
-10.618835 3.2902935 4.285202 86
-11.654607 3.2110145 3.6284728 7
-11.140956 3.0942066 3.7917609 5
-10.823802 3.0429494 4.0014849 6
-10.632013 3.0471199 4.2581339 87
-9.7971287 2.4392507 3.0297933 105
-9.7965374 2.4730499 3.3128171 104
-9.7990484 2.515811 3.596869 62
-10.639197 2.8040209 4.2300234 85
-9.8172045 2.1969819 3.018775 104
-9.8117161 2.2358465 3.2957673 105
-9.8123522 2.2876329 3.5778115 109
-9.8111305 2.3584337 3.8728554 98
-9.8302727 1.9538 3.0067062 108
-9.829915 2.0026033 3.2827413 103
-9.8326645 2.0623648 3.5628057 99
-9.8315687 2.1421661 3.8558559 72
-11.848599 2.0675006 3.6080899 12
-10.779249 1.9411772 3.582298 33
-10.171059 1.8976219 3.6649687 22
-9.8571339 1.9273661 3.8427713 70
-11.84207 1.7751251 3.5924349 9
-11.201728 1.7510383 3.7075558 23
-12.735711 2.0925958 4.5695996 61
-10.556698 1.8318006 4.0936747 71
-11.892241 1.4936888 3.5971248 6
-11.202384 1.4871212 3.6931558 23
-12.766183 1.804211 4.5587401 53
-10.586912 1.6044211 4.084837 57
-11.923674 1.2072847 3.5962667 5
-11.221175 1.2268782 3.6872177 24
-12.808665 1.5206727 4.5549717 55
-10.623118 1.3769671 4.0770431 58
-11.958107 0.92383981 3.6004326 4
-11.24791 0.96657145 3.6844845 36
-12.858025 1.2371267 4.5565829 57
-10.668184 1.151502 4.0767355 47
-11.957429 0.63698661 3.5969601 3
-11.272545 0.70839596 3.6861787 60
-12.906243 0.94967484 4.5595174 57
-10.727164 0.92589509 4.0836735 47
-11.986701 0.35075772 3.6027081 3
-11.292177 0.44928181 3.6868558 47
-12.960445 0.66414273 4.567543 48
-10.793101 0.70019662 4.0947218 43
-12.007977 0.066619426 3.6094773 3
-11.273869 0.18660757 3.676157 34
-12.955823 0.37527865 4.5558424 56
-10.829143 0.46778536 4.0951409 38
-12.024374 -0.21758603 3.616591 3
-11.300578 -0.072723195 3.682354 25
-13.015103 0.085542977 4.568284 47
-10.819345 0.23592187 4.0790782 37
-11.996809 -0.50524223 3.6123743 4
-11.328274 -0.33207527 3.6915154 16
-13.018532 -0.20350896 4.5642142 44
-10.827491 0.0018090418 4.0710235 34
-12.014184 -0.79149145 3.623311 4
-11.342969 -0.59528714 3.6974475 16
-13.019962 -0.49355268 4.5610294 44
-10.839645 -0.22936404 4.0679579 29
-12.004575 -1.0794052 3.6290431 5
-11.353658 -0.85845017 3.7043478 10
-13.062237 -0.7881096 4.572145 39
-10.874695 -0.46382576 4.0740595 30
-11.984013 -1.3641828 3.6336944 7
-11.36134 -1.1215776 3.7122245 13
-13.07058 -1.081244 4.5760064 47
-10.895739 -0.70111203 4.0760541 26
-11.980352 -1.6521755 3.6464679 8
-11.382907 -1.3898813 3.7272 15
-13.05099 -1.3730297 4.5726595 43
-10.922754 -0.93847519 4.0820918 24
-11.995573 -1.9464048 3.6653764 11
-11.376575 -1.6548353 3.7339675 10
-13.052287 -1.6700774 4.5764627 44
-10.936773 -1.1766766 4.0860324 22
-11.978902 -2.2352381 3.6780558 11
-11.399076 -1.926154 3.7529547 15
-12.924132 -1.9465023 4.5383267 58
-10.965677 -1.4210638 4.0950894 23
-11.966252 -2.5273683 3.6961007 8
-11.406679 -2.1995189 3.7691333 24
-11.541933 -2.0023983 4.0612764 2
-10.966786 -1.6623275 4.0972009 20
-11.982335 -2.8276258 3.7229736 5
-11.425087 -2.4757998 3.7920418 8
-13.034146 -2.564234 4.5980129 47
-10.966767 -1.904363 4.0999966 26
-11.832236 -3.0897973 3.700629 4
-11.467316 -2.7613819 3.824121 5
-13.000473 -2.8598616 4.5995126 49
-10.980605 -2.1535757 4.10989 35
-11.750798 -3.3658333 3.7017887 7
-11.507448 -3.0539396 3.8571792 5
-12.984669 -3.1607163 4.6101418 52
-10.9805 -2.4006131 4.1156802 31
-11.00738 -3.4355445 3.4951444 41
-12.030616 -3.4905825 4.0567465 41
-12.837557 -3.4319167 4.5748105 64
-10.973383 -2.6485643 4.121417 37
-10.30217 -3.4817305 3.2998054 49
-10.957488 -3.451124 3.7187159 51
-12.005715 -3.497484 4.2965069 49
-10.975156 -2.9036276 4.1302147 43
-10.131737 -3.6906435 3.2753513 78
-10.210806 -3.4747703 3.4890854 61
-10.971647 -3.4604957 3.94677 50
-10.97887 -3.1597202 4.1450262 41
-10.13508 -3.9657447 3.3081486 80
-10.124949 -3.7057426 3.4862473 102
-10.207309 -3.4719021 3.6910179 63
-10.944799 -3.4073348 4.1445603 57
-11.112016 -4.6541181 3.6659224 11
-10.126429 -3.9728167 3.5140357 99
-10.134502 -3.7000337 3.6862795 97
-10.332615 -3.4656467 3.9269133 41
-11.604977 -5.1844049 3.8721893 8
-10.520806 -4.4088535 3.6846359 10
-10.132143 -3.957056 3.7090456 98
-10.152675 -3.6514189 3.8744047 81
-13.540455 -6.4428973 4.5706997 56
-10.459522 -4.6661677 3.6968753 10
-11.123929 -4.6386986 4.1017451 27
-10.161394 -3.905653 3.8960068 78
-12.949345 -6.535655 4.4257555 64
-12.973517 -6.1551232 4.6320887 54
-11.126066 -4.9338694 4.1332479 42
-10.818913 -4.4350772 4.169323 85
-12.296085 -6.5685196 4.2597632 68
-12.881358 -6.4800372 4.6481681 63
-11.047742 -5.1989388 4.1364737 47
-10.809375 -4.7080088 4.1890535 86
-11.693702 -6.6029892 4.1072636 68
-11.220675 -5.9628949 4.0957251 19
-10.94763 -5.4525495 4.1359935 53
-10.829539 -5.0001531 4.2233796 88
-11.182881 -6.6604638 3.9867778 73
-11.143911 -6.2550788 4.1157184 54
-10.876185 -5.7237902 4.1480498 83
-10.850548 -5.3025541 4.2591076 90
-11.132526 -6.9869781 4.029953 93
-11.070106 -6.5502229 4.139833 55
-10.889891 -6.0479684 4.193882 95
-10.876469 -5.6128149 4.3011222 94
-11.153352 -7.3701549 4.103951 101
-10.944838 -6.8165417 4.1478248 73
-10.913424 -6.3841724 4.2479229 93
-10.888394 -5.9239345 4.3390579 93
-11.040454 -7.6698031 4.1319351 56
-10.951961 -7.1727724 4.2106237 92
-10.927777 -6.7255449 4.3007565 91
-10.90998 -6.251389 4.383955 96
-10.980783 -8.0122652 4.1832137 87
-10.974677 -7.5542665 4.2814884 97
-10.944937 -7.07796 4.3606009 94
-10.929461 -6.5858212 4.4308305 89
-11.012788 -8.4388943 4.2741127 91
-10.978453 -7.9315267 4.3502131 88
-10.95793 -7.443325 4.4204035 91
-10.968535 -6.9455066 4.4898319 86
-11.031767 -8.8663635 4.3659115 73
-11.017564 -8.3522387 4.4361677 90
-10.979685 -7.8228068 4.4882584 88
-10.974832 -7.2927794 4.5385966 83
-11.062323 -9.3209867 4.4687767 86
-11.033741 -8.7676458 4.5209656 84
-11.00415 -8.2222843 4.5611415 90
-10.986892 -7.6550674 4.5934243 80
-10.704948 -9.4545965 4.4170313 82
-11.058569 -9.2071114 4.6128421 85
-11.031403 -8.6347685 4.6410556 89
-11.009643 -8.0374784 4.6563263 85
-10.471984 -9.6867895 4.4171395 68
-10.832624 -9.4433823 4.6039996 81
-11.048573 -9.0551071 4.7208834 84
-11.042062 -8.4439812 4.7282724 80
-10.464984 -10.138417 4.5187263 31
-10.471998 -9.5574818 4.538168 78
-10.985973 -9.4229946 4.7720718 93
-11.057857 -8.8498592 4.7970042 79
-10.227938 -10.378535 4.5237713 8
-10.438275 -9.9711752 4.6186152 65
-10.553122 -9.4715891 4.6618147 87
-11.080931 -9.2832508 4.872859 70
-9.7282343 -10.334297 4.4120836 4
-10.337409 -10.337831 4.6740737 9
-10.477294 -9.8365698 4.714397 77
-10.766649 -9.4311962 4.8037677 68
-9.4246483 -10.481447 4.3889766 5
-9.8466816 -10.301784 4.5531764 4
-10.408045 -10.22589 4.7723365 5
-10.493768 -9.6099033 4.7553525 65
-9.4763193 -10.373141 4.4863091 2
-10.051391 -10.326349 4.7016487 4
-10.443625 -10.004197 4.8098245 37
-9.4903383 -10.879301 4.6061792 2
-9.6496229 -10.366252 4.6087151 3
-10.262281 -10.276968 4.8083253 11
-11.70563 -15.017024 5.9477043 8
-9.4375629 -10.605781 4.6089282 2
-9.9036627 -10.36762 4.7245526 2
-11.425718 -15.377782 5.9903126 90
-9.4999456 -10.396688 4.6204882 2
-10.938225 -15.442868 5.9245863 91
-10.750115 -15.944807 6.0287757 20
-11.115808 -15.398312 6.0358691 108
-11.753561 -18.340132 6.8354807 41
-10.774422 -15.659217 6.0381203 61
-11.352069 -15.389412 6.1346073 118
-11.788793 -19.356928 7.1200218 28
-11.746384 -17.955057 6.8067088 25
-10.877671 -15.461546 6.0480342 98
-11.870602 -20.53636 7.4597917 19
-11.790038 -18.950924 7.0733218 25
-10.714503 -15.983663 6.1374426 13
-11.135525 -15.375754 6.0740023 96
-11.722799 -21.401987 7.6831183 69
-11.88838 -20.116926 7.3983231 21
-11.777339 -18.487295 6.9677153 29
-10.806822 -15.653502 6.0545611 56
-11.153048 -21.509554 7.6370587 41
-11.921622 -21.281199 7.7135272 59
-11.843849 -19.565641 7.246016 24
-11.749228 -17.8993 6.7739558 32
-11.351288 -21.38777 7.6485634 52
-11.924816 -20.763947 7.5614719 22
-11.826749 -18.943249 7.0310655 26
-11.649777 -21.3894 7.6640811 75
-11.868963 -20.014658 7.2820115 32
-11.885996 -27.388767 9.4319906 39
-11.110251 -21.547567 7.6015553 22
-11.951321 -21.240118 7.5850172 57
-11.403766 -21.384424 7.5025206 57
-11.508298 -27.460501 9.3537073 23
-11.045537 -21.889851 7.547121 6
-11.829233 -27.390388 9.259778 39
-12.614198 -33.339016 10.984127 24
-11.547104 -27.448845 9.0169458 29
-11.199379 -31.722977 10.346842 9
-11.548824 -45.702026 14.298791 19
-10.462778 -45.807739 14.206454 17
-7.8733177 -45.870029 14.443338 19
-5.3834767 -46.024841 14.792261 20
-6.8195481 -45.907101 14.372254 21
-4.3641334 -46.141705 14.802034 22
-5.7882581 -46.053051 14.357844 17
-3.3215759 -46.105694 14.764433 21
-4.745389 -46.099236 14.310663 21
-2.3013213 -46.092796 14.741982 20
0.76075357 -46.267979 14.813638 22
1.795248 -46.40638 14.871911 29
-1.0186334 -52.181999 15.273517 24
-2.6746106 -52.157154 14.504459 13
2.8234501 -46.464752 14.914606 22
3.8617494 -46.451439 14.951877 23
4.897563 -46.473164 14.99268 21
2.5958984 -52.373409 15.200901 17
5.9529481 -46.513664 15.043818 21
3.7988691 -52.426975 15.172939 24
7.0091982 -46.597633 15.118575 20
8.0614614 -46.583279 15.172871 20
8.7030468 -52.644123 15.178326 24
9.7823105 -40.608265 13.403852 21
10.677512 -40.442024 13.417177 30
9.6559057 -40.562645 12.566097 18
10.587646 -40.453625 12.563829 43
9.7253208 -46.490021 12.363822 40
11.023865 -32.938511 11.126459 34
10.384522 -28.958973 9.8583622 11
10.880553 -32.549675 10.273974 17
10.938685 -28.517391 9.7921848 58
10.399476 -28.954105 9.1920891 11
11.432041 -27.943638 9.6761856 21
10.969713 -28.516138 9.1121769 64
11.493571 -27.98074 9.0009098 17
11.041203 -28.547014 8.4290171 46
11.465676 -26.248972 8.5073776 23
11.405242 -27.582115 8.1930056 24
11.110188 -28.559715 7.6896772 73
10.960703 -22.52368 8.0177517 68
10.750654 -23.214453 7.5902777 7
11.506055 -26.128361 7.8086162 18
11.418291 -27.429655 7.4174685 25
11.564687 -22.514816 8.0962744 95
11.038136 -22.50176 7.4193978 76
10.797318 -23.093628 6.9518719 16
11.489526 -25.868628 7.0278072 30
11.710251 -21.646261 7.8650365 29
11.642963 -22.4687 7.4754424 94
11.171011 -22.541462 6.8306389 73
10.830707 -22.929852 6.2608299 29
11.764956 -20.680977 7.5964665 39
11.727593 -21.453335 7.2032247 28
11.713893 -22.335402 6.8235488 30
11.31708 -22.560726 6.1943989 70
11.817213 -19.767256 7.3419371 38
11.782866 -20.464468 6.9396925 36
11.753066 -21.208622 6.5323777 26
11.575198 -21.764475 6.0182939 30
11.855177 -18.899662 7.1084666 48
11.835652 -19.534845 6.6962218 33
11.812269 -20.20759 6.2827697 25
11.600476 -20.627838 5.750145 34
11.155898 -16.973726 6.4683056 63
11.866484 -18.645462 6.4693012 51
11.683535 -18.97715 5.9618678 32
11.655338 -19.621195 5.5175829 49
11.380787 -16.527132 6.3829346 77
11.17459 -16.731325 5.8772907 82
11.138638 -17.211525 5.4751668 11
11.786758 -18.806433 5.342515 46
11.921459 -16.538408 6.4820585 111
11.605754 -16.572935 5.9032688 110
11.267549 -16.563749 5.3316674 79
11.196367 -16.968332 4.8738995 64
12.012755 -15.934147 6.3389649 65
11.816017 -16.092255 5.8090444 57
11.799289 -16.512201 5.3806744 102
11.5202 -16.584299 4.8163996 79
12.013999 -15.239038 6.1545997 71
11.830157 -15.384919 5.6358304 57
12.004734 -16.000408 5.2817068 71
12.001122 -16.422033 4.8249764 71
11.917951 -14.469685 5.9364934 61
11.865518 -14.733377 5.4789133 86
12.036109 -15.295036 5.1232514 75
12.048745 -15.680599 4.6678329 68
11.928886 -13.865835 5.7858562 71
11.924366 -14.150618 5.3466296 100
12.075948 -14.631517 4.9755659 79
12.086111 -14.976059 4.5222578 71
11.953918 -13.299405 5.647315 85
12.085444 -13.708467 5.2680969 96
12.116266 -14.010763 4.8416686 70
12.121656 -14.303475 4.3852887 65
11.983649 -12.771776 5.5221844 77
12.178657 -13.204013 5.1634994 84
12.153217 -13.416965 4.715539 99
12.152136 -13.663605 4.2573819 52
12.006558 -12.259131 5.4033732 82
12.186821 -12.637543 5.03583 97
12.209709 -12.86994 4.6055193 89
12.185802 -13.059903 4.1405725 76
11.487023 -11.234022 5.0540552 9
12.24192 -12.139291 4.9341183 93
12.248173 -12.319875 4.494945 86
12.230139 -12.489754 4.0349503 98
11.505605 -10.779568 4.9501944 79
11.505367 -10.915277 4.5291009 95
11.522579 -11.075776 4.1258688 86
11.518268 -11.216584 3.6967835 27
11.770578 -10.558536 4.9530191 73
11.673489 -10.590775 4.4892631 78
11.558201 -10.605236 4.0326524 89
11.548444 -10.72237 3.6082194 85
12.295728 -10.560301 5.0635662 116
12.240078 -10.614648 4.5989161 92
12.124691 -10.615745 4.1267333 75
11.972793 -10.585293 3.6398351 72
12.325747 -10.1358 4.9766321 82
12.34276 -10.227245 4.5374336 93
12.354867 -10.32076 4.1072698 102
12.359787 -10.407357 3.6641634 92
12.351843 -9.7173481 4.8897238 88
12.354478 -9.7799702 4.448647 93
12.367393 -9.8554745 4.0234885 99
12.382188 -9.9289455 3.5853174 89
12.376233 -9.3169184 4.8108101 85
12.375569 -9.3565798 4.3687735 101
12.387222 -9.4110994 3.9446394 104
12.416953 -9.4753847 3.5133674 89
12.391588 -8.9156027 4.7289653 95
12.403915 -8.9501047 4.2948394 96
12.406186 -8.9757404 3.8687921 96
12.423649 -9.0161724 3.4416251 95
12.40814 -8.5252466 4.6511035 91
12.41928 -8.5417442 4.2199984 101
12.426455 -8.5553007 3.7989237 93
12.45079 -8.5826368 3.375716 92
12.408816 -8.1400537 4.5753379 47
12.409581 -8.1296873 4.1403112 50
12.432813 -8.1420565 3.730113 55
12.482139 -8.1640902 3.3157294 92
12.460152 -7.7962632 4.5201712 85
12.466805 -7.7748256 4.0901251 79
12.481747 -7.7662964 3.6770105 74
12.507664 -7.7576246 3.2608173 89
12.478183 -7.4358878 4.4542804 90
12.490796 -7.4073792 4.0311966 92
12.503495 -7.3788786 3.6201119 102
12.509103 -7.3474774 3.2040832 100
12.492387 -7.0885944 4.3944149 99
12.50072 -7.0401511 3.9703784 97
12.509285 -6.9997196 3.5643346 104
12.547982 -6.9689054 3.1590676 99
12.500579 -6.7434053 4.3345966 98
12.524911 -6.689764 3.9194486 94
12.541326 -6.6362329 3.5153577 110
12.565804 -6.5866055 3.112195 101
12.537077 -6.414875 4.2845421 99
12.547203 -6.34442 3.8694966 104
12.563447 -6.2758961 3.4674065 108
12.579676 -6.2083993 3.0663288 104
12.543358 -6.0787907 4.2267156 100
12.564411 -6.0012302 3.8196111 98
12.5765 -5.9207907 3.4225738 109
12.588539 -5.8363113 3.0215471 100
12.572959 -5.7624068 4.1817536 90
12.581753 -5.6639605 3.7717595 106
11.853192 -5.2507524 3.1862962 12
11.854282 -5.1554322 2.8113563 99
11.811407 -5.1098104 3.8817368 99
11.830473 -5.0132589 3.5056684 100
11.852694 -4.9206791 3.1435747 100
11.861782 -4.8212605 2.7755804 99
11.83646 -4.8204184 3.8438036 103
11.85139 -4.7119203 3.4697733 99
11.868493 -4.6084065 3.1107247 77
12.165306 -4.6033783 2.8105948 45
11.982438 -4.5805192 3.8449669 32
12.417078 -4.613771 3.5898201 54
12.654279 -4.5704865 3.2731471 111
12.672964 -4.4459333 2.8931024 98
12.628818 -4.5143728 4.0034142 104
12.645219 -4.3738379 3.612397 105
12.67193 -4.2461886 3.2412972 106
12.683393 -4.1037259 2.8623173 79
12.645686 -4.212081 3.9635546 103
12.661984 -4.0605502 3.5775464 103
12.674496 -3.9170799 3.2065604 106
12.702979 -3.7704067 2.8374617 105
12.655622 -3.9138796 3.9257431 104
12.674829 -3.7523141 3.5447216 99
12.696256 -3.5987332 3.1796792 104
12.728694 -3.445013 2.8165579 104
12.674635 -3.6195655 3.891865 99
12.698804 -3.4509411 3.5178132 101
12.713079 -3.284451 3.1548319 104
12.72833 -3.1159489 2.7918446 99
12.694479 -3.3293798 3.8605309 102
12.711492 -3.1468415 3.4885218 103
12.721686 -2.9714012 3.1295574 101
12.751921 -2.7967083 2.7744479 100
12.71067 -3.0420594 3.829603 104
12.723587 -2.8495784 3.4626305 103
12.739684 -2.6640804 3.1096344 100
12.765781 -2.4774559 2.7585669 100
12.70575 -2.7510495 3.7958415 103
12.741629 -2.5512938 3.4377122 100
12.754646 -2.3568375 3.0897446 101
12.784625 -2.1581669 2.7436576 98
12.727981 -2.4677129 3.7708826 103
12.75071 -2.2551258 3.4148562 70
12.768672 -2.0526154 3.0718479 98
12.794493 -1.8390044 2.72879 97
12.749225 -2.1834059 3.7448976 102
12.763832 -1.9589286 3.3919282 88
12.78966 -1.7443522 3.0558882 99
12.785349 -1.5231535 2.7130702 101
12.768407 -1.9002203 3.7209663 95
12.778917 -1.6668247 3.3740504 102
12.805666 -1.4421998 3.0420182 99
12.839397 -1.214488 2.7129378 99
12.749537 -1.6154258 3.6893487 51
12.804094 -1.3744464 3.3591278 100
12.826785 -1.1418768 3.0331309 99
12.844307 -0.89836955 2.7031789 99
12.759815 -1.3352339 3.6675248 53
12.817274 -1.0832205 3.3432913 98
12.84288 -0.84061748 3.0232811 101
12.873354 -0.58795011 2.7022433 98
12.801199 -1.0576531 3.6554763 100
12.831483 -0.79298329 3.3294482 100
12.857985 -0.53937078 3.0144398 101
12.880346 -0.27580872 2.6974688 100
12.822504 -0.77632415 3.639576 100
12.849703 -0.50269592 3.3175769 99
12.861036 -0.23527606 3.0036883 100
12.891361 0.036381587 2.6956663 102
12.833808 -0.49612179 3.6217475 98
12.864898 -0.20944843 3.3077309 98
12.887186 0.06610591 3.0017698 100
12.925368 0.35186192 2.6987019 100
12.843092 -0.21394578 3.6049364 105
12.881124 0.081811562 3.2988768 103
12.908298 0.37042412 2.9998906 99
12.928389 0.66494805 2.69996 104
12.865423 0.067393087 3.5930324 102
12.8933 0.37702027 3.2900558 103
12.915402 0.6745646 2.9971132 99
12.148886 0.9221679 2.5407965 91
12.878761 0.34861675 3.5821929 105
12.907527 0.67025131 3.2852199 100
12.135914 0.91879833 2.8169379 90
12.162136 1.2193786 2.5459685 89
12.888079 0.63078964 3.5703847 108
12.129004 0.90551251 3.0840285 89
12.16123 1.2101635 2.8210196 89
12.968352 1.6185917 2.7165284 80
12.117444 0.8621667 3.3471308 90
12.124421 1.1825007 3.0773084 89
12.960687 1.5972775 3.0036073 82
12.976288 1.9417317 2.7237337 66
12.125971 1.1303164 3.3382761 91
12.940096 1.5618041 3.2747428 83
12.97477 1.9084907 3.0087342 77
13.019238 2.2713041 2.742667 49
12.120459 1.4011362 3.3264601 37
12.973285 1.86871 3.2795386 75
12.998887 2.2268891 3.0174723 61
12.999339 2.5937569 2.7485962 51
12.951077 1.7862175 3.5422795 76
12.995773 2.1730876 3.2866557 64
13.007961 2.5435486 3.0303013 52
13.008315 2.9238331 2.7676203 46
12.972379 2.0825806 3.5451741 61
13.018569 2.4824395 3.2941942 53
13.006947 2.8635678 3.036597 49
13.032179 3.2611587 2.7877598 46
13.002589 2.3829997 3.5472374 46
12.981719 2.7830124 3.2887201 46
13.027918 3.1898601 3.0517468 45
13.042006 3.6003067 2.8059981 35
12.989799 2.67788 3.5395927 45
13.025763 3.1035974 3.3037064 34
13.033861 3.5169618 3.0650015 48
13.06573 3.9506278 2.8301508 36
13.002965 2.9810834 3.5407765 39
13.022773 3.4205937 3.3080137 41
13.070698 3.857451 3.0870557 24
13.081462 4.3008456 2.8553588 46
13.015041 3.2912741 3.5419743 30
13.036707 3.7468004 3.3182132 22
13.06951 4.1954627 3.1013696 43
13.095074 4.6610365 2.8815906 53
13.044852 3.6109869 3.5451527 27
13.064312 4.0804496 3.3293519 22
13.091844 4.5470119 3.1184919 53
13.125164 5.0306482 2.9086025 50
13.084811 3.9355345 3.559159 14
13.086087 4.4197655 3.3445005 43
13.116479 4.903358 3.1446331 51
13.13462 5.4028001 2.9378648 52
13.098734 4.2587547 3.5663526 28
13.101878 4.7600026 3.363694 51
13.119137 5.2564244 3.1679308 57
13.157995 5.7851243 2.974036 55
13.088667 4.5786719 3.5697174 36
13.115617 5.1042132 3.3829062 49
13.14362 5.6267662 3.1980858 56
13.097678 6.134388 2.9957852 36
13.122406 4.9211402 3.5857849 31
13.125213 5.4593716 3.4021544 52
13.210845 6.0246439 3.2409463 62
12.409106 6.183713 2.8748038 50
13.129181 5.2592592 3.598007 52
13.149746 5.824707 3.428257 59
12.633741 6.1233816 3.1301634 30
12.394621 6.554543 2.90818 57
13.154736 5.6176152 3.6140866 43
13.033842 6.1358767 3.4202034 31
12.413465 6.3858624 3.1057212 58
12.304938 6.8862925 2.926753 50
13.185776 5.980442 3.6356664 48
12.388866 6.1856852 3.2781093 58
12.42995 6.7654233 3.1478808 67
11.668822 6.9080558 2.8232448 35
12.72884 6.1208205 3.53229 20
12.422696 6.5621672 3.3147752 60
11.957917 6.8775144 3.0652452 41
11.086864 6.927752 2.7272868 38
12.377977 6.3004565 3.4518771 52
12.324723 6.8749566 3.3157349 56
11.367773 6.902123 2.9513471 51
10.554902 6.954073 2.641989 50
12.390578 6.659636 3.4751148 61
11.721488 6.8974137 3.1849248 39
10.849574 6.9416299 2.8559656 51
10.010306 6.948236 2.5507498 38
12.116543 6.8672271 3.4201961 35
11.154357 6.9173203 3.0638628 48
10.35651 6.9744492 2.7674043 48
9.6020918 7.0111055 2.4946294 59
11.558128 6.9022584 3.2860866 34
10.639246 6.9428759 2.9554467 52
9.871604 6.99437 2.6777749 58
9.1642637 7.0376058 2.427681 68
11.020935 6.9245501 3.1598194 40
10.178042 6.9841051 2.8616719 55
9.4227629 7.0147414 2.5978968 63
7.7319574 6.2456203 2.0988729 5
10.495932 6.9329925 3.0354552 39
9.7280426 7.0114713 2.7718072 58
8.9999228 7.0384369 2.5238414 63
7.4260049 6.2987714 2.0610366 64
10.083455 6.9948516 2.943433 41
9.2761936 7.0208359 2.6780753 61
7.6331758 6.2723198 2.1877789 66
7.1707096 6.3855586 2.0350244 61
9.6286898 7.0080919 2.8405936 53
8.8706322 7.0426245 2.5987544 60
7.30479 6.2990122 2.1338639 60
7.1753764 6.700376 2.0830724 62
9.2050505 7.0274873 2.7453358 56
7.5419512 6.2847261 2.2521477 62
7.159719 6.4719915 2.1329527 79
7.1895432 7.0394039 2.1362469 66
8.8042374 7.0454006 2.6571429 61
7.2212248 6.3096685 2.1914358 59
7.1878409 6.8082809 2.1831186 61
6.9501882 7.139338 2.1200645 64
7.4853535 6.2828808 2.2966506 62
7.1612864 6.5538597 2.2091393 60
7.1494355 7.0987329 2.2177174 93
6.6278954 7.1412368 2.0783665 65
7.187459 6.3211107 2.2348132 62
7.1884184 6.888135 2.2563248 61
6.8577013 7.1360226 2.1768396 63
6.3008037 7.1250811 2.0326827 64
7.1820335 6.6099868 2.2631826 62
7.099504 7.1269832 2.2692101 84
6.5433431 7.1380687 2.1290491 79
5.9719377 7.0879579 1.9859385 78
7.1961999 6.9321871 2.2993793 63
6.7820182 7.1330333 2.2134092 62
6.2538004 7.1564541 2.0870669 82
5.6916494 7.091444 1.9528798 82
7.0567741 7.1184478 2.2905145 68
6.4814911 7.1452727 2.161499 82
5.9713998 7.1659102 2.0480292 84
5.4331961 7.1121922 1.9266871 81
6.7514296 7.1320686 2.2303567 64
6.1972065 7.1611257 2.1141992 84
5.6646624 7.1374536 1.9988474 83
6.4637513 7.1544652 2.1753681 63
5.9227166 7.1746788 2.070112 86
5.3766713 7.1118302 1.954819 85
0.28565538 0.54014373 0.17921722 1
6.1792321 7.1648998 2.1213472 64
5.6473479 7.1782203 2.0250218 84
5.1243334 7.1206517 1.9235743 80
0.29126337 0.57721061 0.18721162 3
5.9136319 7.1855679 2.0742042 61
5.3386383 7.123342 1.9681102 85
0.26339334 0.56486344 0.18141659 4
5.6273208 7.1739941 2.0183086 79
5.0842924 7.1231604 1.9280349 84
0.30014443 0.59633625 0.1932151 0
0.25041285 0.57371968 0.18253261 3
5.3110514 7.103931 1.9513116 84
0.26156545 0.56779337 0.18341792 3
0.22363253 0.56028706 0.17766085 4
5.0706716 7.1247272 1.9109266 78
0.26975361 0.55485749 0.1823386 0
0.2376873 0.55844927 0.17856547 2
0.20369872 0.55601633 0.17480201 3
4.8362327 7.140748 1.8736129 39
0.26158434 0.57173544 0.18342498 3
0.22853917 0.574314 0.18065932 3
0.19455059 0.57188153 0.17689572 3
4.6097302 7.1628675 1.8372639 31
0.23280773 0.55335695 0.17662413 3
3.7785773 7.2173562 1.7790742 6
0.16585006 0.54750359 0.17008869 4
0.22365265 0.56922233 0.17771804 3
0.16356179 0.57645643 0.17614534 3
0.22497128 0.54224092 0.17069322 7
0.19195434 0.54282629 0.16892229 4
0.16096248 0.54143775 0.16713564 4
0.13293333 0.54408479 0.16733217 4
0.21876867 0.56117028 0.17275648 3
0.18770197 0.5667755 0.17297545 3
0.13156195 0.5790621 0.17437303 3
0.19099498 0.54082203 0.16492987 8
0.13583066 0.55611885 0.16832343 5
0.10489672 0.55072606 0.16753168 3
0.17009588 0.53255796 0.16106665 6
0.15275849 0.56333333 0.16821346 3
0.10060066 0.5786671 0.17258631 3
0.10293209 0.54970109 0.1645446 4
0.071092784 0.53629708 0.16275188 2
0.13713965 0.5301407 0.15629175 8
0.11885289 0.55690342 0.16344154 3
2.393187 7.2658634 1.6657692 1
2.0744076 7.3477812 1.7080384 0
0.12895614 0.54703587 0.1573633 8
2.2205973 7.3106785 1.6630038 1
1.6819034 6.5799093 1.5280609 103
0.10520865 0.52573621 0.1515079 7
0.087884903 0.55650967 0.16065468 2
0.040185239 0.53290349 0.15696202 2
1.3635499 6.6058688 1.5242862 13
0.077202193 0.52838033 0.14870325 5
0.057935193 0.55412936 0.15685891 4
1.1706116 7.3143229 1.6772586 111
0.050214011 0.52903789 0.14488968 4
0.028061554 0.54574919 0.15305714 3
0.0049659377 0.55744946 0.1602266 2
1.0003866 7.333158 1.6794522 37
0.8273629 7.3339605 1.6776484 101
0.026088083 0.54272819 0.14506802 7
8.7400957e-05 0.54639053 0.15125005 4
-0.024825163 0.54206818 0.15541744 2
0.65917981 7.3508134 1.6818304 127
0.49008089 7.3546753 1.6839771 79
-0.0028996358 0.53636646 0.14126143 7
-0.027862199 0.53704292 0.14743388 3
-0.050938435 0.54774243 0.15560231 2
0.31998959 7.3635092 1.6871601 135
-0.063943721 0.55057424 0.15669434 2
0.15193114 7.3703671 1.6913286 70
-0.03077882 0.52900851 0.13844635 7
-0.055690426 0.5256843 0.14461465 3
-0.016130222 7.3782177 1.6965021 138
0.11422921 7.376965 1.5966107 19
-0.186336 7.3990397 1.7047018 129
-0.058625698 0.51864445 0.13462716 6
-0.080751598 0.53435332 0.14479339 3
-0.055840697 7.3827958 1.5967958 110
-0.35322642 7.3929057 1.7088542 134
-0.22744507 7.4365997 1.6080345 1
-0.52233642 7.4067402 1.7180395 131
-0.08352945 0.51331812 0.13179204 6
-0.106787 0.54101169 0.14497676 3
-0.39813018 7.4084244 1.6032057 85
-0.69342053 7.4165483 1.7262517 127
-0.57132536 7.4252105 1.6084408 22
-0.86452454 7.4293532 1.7374676 129
-0.10974054 0.53498262 0.13398911 7
-0.13294642 0.55967456 0.14917088 2
-0.74325579 7.4190145 1.6096449 68
-1.0410124 7.4760842 1.7557503 123
-0.91748154 7.4397826 1.617888 77
-1.2192851 7.5047917 1.7720276 123
-0.13472378 0.53766316 0.13416027 7
-0.15988582 0.55833036 0.14835173 2
-1.0925243 7.4445405 1.6231207 56
-1.3996646 7.5434694 1.7913275 122
-1.2674025 7.4353008 1.6263381 129
-1.5819682 7.5761204 1.8106338 121
-0.16165695 0.53532052 0.13233961 6
-0.18359812 0.53703117 0.14349115 2
-1.4487188 7.4669814 1.6396154 53
-1.7618984 7.5768232 1.8218644 127
-1.6276112 7.4617047 1.6448299 129
-1.9459883 7.5934691 1.8391346 125
-0.1843477 0.51304346 0.12846999 4
-0.21051554 0.53469807 0.14366899 3
-1.8107399 7.4783711 1.6560973 76
-2.1329777 7.6030898 1.85545 116
-1.9957459 7.4900541 1.6674798 106
-2.3168151 7.6037841 1.8708168 126
-0.21235806 0.52076411 0.12975253 6
-0.23953947 0.54441619 0.14597516 4
-2.1857884 7.5056739 1.6809025 102
-2.5077641 7.6153855 1.8902444 108
-2.3789115 7.5292521 1.6973557 106
-2.7017436 7.6299496 1.9106973 105
-0.24135946 0.52849334 0.13106909 7
-0.2695342 0.55212992 0.14829728 3
-2.5832865 7.573667 1.7188795 97
-2.8956125 7.6314788 1.9290838 94
-2.7916138 7.6099796 1.7403499 97
-3.1007535 7.6558247 1.9555209 106
-0.2723999 0.53608382 0.13229622 8
-0.30464756 0.56665182 0.15254632 3
-3.0008593 7.6392798 1.7608196 94
-3.3108687 7.6781063 1.9819899 94
-2.8904972 7.583869 1.5620092 1
-3.214072 7.6665273 1.7823143 90
-3.5157707 7.6814561 2.0044045 95
-0.30342534 0.54265922 0.13450955 8
-3.0862043 7.5633512 1.5683379 26
-3.4271076 7.6787767 1.8017931 95
-3.7266896 7.6877251 2.0298629 98
-3.3014648 7.5838447 1.5855985 22
-3.6381121 7.6793008 1.8210022 92
-3.9509544 7.7150435 2.0631771 87
-0.33474651 0.54361141 0.13546637 8
-3.5153763 7.5831161 1.5970846 42
-3.8662691 7.7053738 1.8466165 92
-4.17487 7.7231665 2.0907423 102
-3.7425363 7.6062098 1.6166883 43
-4.0932183 7.7134657 1.8692025 87
-4.2660918 7.4860272 2.0551269 48
-0.36667249 0.54220378 0.13670574 9
-3.9715886 7.6202812 1.635295 72
-4.2588243 7.6013584 1.8642344 48
-4.2799931 7.1278982 1.986846 46
-4.2655344 7.2153368 1.7938894 57
-4.35146 6.893033 1.9501195 91
-0.40180713 0.54585534 0.13803516 9
-4.2724209 7.3314991 1.607109 6
-4.2990665 6.9009519 1.7397947 71
-4.5755424 6.9081316 1.9836789 99
-0.42285424 0.55057794 0.14018703 9
-4.2637653 6.9276218 1.5385834 62
-4.5118032 6.889185 1.7612219 91
-4.7994199 6.9132104 2.016201 46
-0.44388512 0.55528611 0.14232914 9
-4.4642177 6.8900499 1.5499029 89
-4.7559223 6.9170637 1.793919 91
-5.6374154 7.7693424 2.2968874 82
-0.46386886 0.55806315 0.14448236 10
-4.7082829 6.9109616 1.5745937 83
-5.5880713 7.765295 2.0395477 84
-5.9143438 7.7877831 2.3417888 64
-0.48890516 0.56476462 0.14666386 9
-5.5436287 7.7642732 1.7892212 81
-5.8720131 7.7847171 2.0774515 84
-6.2022696 7.8071074 2.388695 66
-0.51090372 0.5674749 0.1487948 8
-5.827704 7.7714934 1.8170673 79
-6.1722379 7.81071 2.1194232 80
-6.5063996 7.8300314 2.4396844 68
-0.53086931 0.56516576 0.14989376 4
-6.134861 7.798511 1.8531337 80
-6.4760938 7.8238583 2.1594942 64
-6.8082523 7.8391094 2.4887016 68
-0.55082965 0.56190103 0.15101737 3
-6.4531188 7.8222914 1.8892381 63
-6.7963643 7.8445249 2.2058666 66
-7.1282926 7.8518596 2.5422819 65
-0.57395029 0.56265789 0.15325668 1
-6.7743669 7.830049 1.9253166 64
-7.120645 7.8531857 2.2503977 66
-7.4788742 7.8861351 2.6045513 70
-6.7534881 7.8215275 1.6393629 11
-7.1177011 7.8514624 1.9657117 67
-7.4759283 7.8824396 2.3041182 67
-7.8217449 7.8955922 2.6634419 72
-7.1368747 7.8735571 1.6788694 10
-7.4726591 7.8688774 2.009094 65
-7.8348861 7.893774 2.3557391 70
-8.2020388 7.9275365 2.7344666 69
-7.4850144 7.8699613 1.710616 66
-7.8489923 7.886858 2.0560548 68
-8.2312412 7.9304509 2.4196529 71
-8.5839586 7.940362 2.8020182 72
-7.8751578 7.8897781 1.7502983 70
-8.2507381 7.9159179 2.1090813 68
-8.6201639 7.9371572 2.4778402 70
-8.9894257 7.9643922 2.878629 70
-8.2938051 7.9228535 1.796241 64
-8.6696291 7.9426537 2.1663973 62
-9.0443144 7.9624367 2.5469968 68
-9.4278717 7.9910645 2.9626689 68
-8.7197075 7.9403968 1.8438585 63
-9.1143017 7.9657688 2.2269609 59
-9.501997 7.9943628 2.6236489 83
-9.5576639 7.7482252 2.9497325 81
-9.1886692 7.9732666 1.8964409 61
-9.5377607 7.9543705 2.2809832 87
-9.550004 7.6718106 2.5879016 81
-9.5565033 7.4062843 2.8986726 84
-9.5240631 7.8679595 1.9209741 70
-9.5342627 7.5783677 2.2346954 75
-9.5549335 7.3216558 2.5405278 82
-9.8479118 7.2943988 2.9375103 59
-9.5275984 7.4888101 1.8823441 67
-9.6087265 7.2773223 2.2084794 59
-9.976244 7.2951689 2.6049361 63
-10.355905 7.3272538 3.0380316 58
-9.7492151 7.2884722 1.8867941 47
-10.102513 7.2854853 2.2792253 61
-10.496099 7.3169603 2.6939759 66
-11.940693 8.0747204 3.4478388 61
-10.275359 7.3028049 1.9475212 50
-11.761024 8.0801325 2.6014218 61
-12.189263 8.1070433 3.0753098 68
-12.571921 8.107625 3.5719213 55
-11.932302 8.0656109 2.217608 56
-12.385652 8.09307 2.6926005 63
-12.806787 8.1099072 3.1803565 69
-13.144057 8.0800066 3.6816092 61
-12.63052 8.0992365 2.3064556 53
-13.081584 8.1218452 2.7989523 68
-13.52363 8.1444902 3.3085339 68
-13.175955 7.7073755 3.6402485 41
-13.386884 8.1381836 2.4026947 52
-13.849912 8.1595478 2.9173703 72
-14.324963 8.1907358 3.4521124 61
-12.768802 7.0963836 3.4791119 5
-14.235198 8.1930065 2.5141618 47
-14.683754 8.1946239 3.0451603 71
-14.922168 8.0939684 3.5476344 46
-12.782384 6.7402968 3.4379251 17
-15.144141 8.2382164 2.6344433 48
-15.594699 8.2335539 3.1898823 62
-15.036855 7.7211804 3.5295787 45
-12.798537 6.395802 3.4011641 30
-16.140211 8.2799664 2.7675178 52
-16.645691 8.3005896 3.3608994 50
-15.928192 7.7281394 3.6904669 56
-12.814227 6.0568538 3.3652492 47
-17.271364 8.3444738 2.9241378 47
-16.950966 7.9626889 3.380079 14
-16.600056 7.6023126 3.803823 77
-12.888369 5.7545738 3.3495431 6
-18.550274 8.4175539 3.1042492 32
-17.689915 7.8139043 3.4887204 34
-16.619589 7.1570415 3.7656929 54
-12.955359 5.4496145 3.3321559 2
-18.853765 8.0104656 3.121696 123
-17.150515 7.0986381 3.3469384 6
-16.670221 6.7371793 3.7382181 10
-16.537598 6.5532618 4.2073007 99
-19.457529 7.718781 3.1879985 90
-17.19278 6.6471443 3.322283 7
-16.767113 6.3399315 3.7229793 3
-16.622776 6.1690927 4.1857758 108
-17.209307 6.1947236 3.2937834 15
-18.504398 6.5293183 4.069869 15
-16.635038 5.7647753 4.148849 113
-17.261808 5.7621398 3.2742012 6
-18.56901 6.0796371 4.0458822 16
-16.660254 5.3667173 4.1179128 109
-17.309704 5.3276439 3.2553051 6
-18.7176 5.6648583 4.0450015 21
-16.676163 4.9747677 4.088376 122
-17.318167 4.8931684 3.2365961 5
-18.973013 5.2769275 4.06991 26
-16.702291 4.5926752 4.061223 116
-9.7388191 2.4877248 1.8142262 41
-9.7515316 2.454262 2.08255 120
-9.766366 2.4398005 2.3617935 105
-9.755208 2.2860472 1.5396616 18
-9.7618971 2.2537 1.8078268 137
-9.7847538 2.2311089 2.0760028 128
-9.7847414 2.2187684 2.3489432 118
-9.7672873 2.0430005 1.5335916 147
-9.7870951 2.0194097 1.8017098 139
-9.7950325 2.0039728 2.0657535 135
-9.7950726 1.9996305 2.3347545 125
-10.094702 1.860818 1.5776911 20
-10.238707 1.8676383 1.8737242 33
-10.349753 1.8768735 2.167527 34
-10.390859 1.8909867 2.4608407 33
-19.313358 3.1125915 2.9904127 106
-17.530958 2.8046598 3.1814437 3
-16.714075 2.6665137 3.4735074 37
-15.234406 2.4459038 3.5787811 46
-19.151306 2.6146014 2.9566758 125
-17.544741 2.3854492 3.1700392 1
-17.485586 2.3856292 3.6136255 12
-16.82061 2.331562 3.9268587 106
-19.698591 2.2036159 3.0330358 111
-19.663116 2.2134187 3.5398021 135
-19.606888 2.2290137 4.0318556 139
-16.848103 1.9613761 3.9123108 79
-19.665693 1.7199351 3.0254426 119
-19.68248 1.7510856 3.5348096 134
-19.619427 1.7842578 4.0204096 130
-16.843569 1.5874619 3.8903437 87
-19.945656 1.2623082 3.0660875 2
-19.715635 1.2876155 3.5304852 109
-17.949652 1.2237965 3.665597 5
-16.852043 1.2212498 3.8741598 44
-19.738678 0.82857746 3.5235543 92
-19.689913 0.8950482 4.0016532 129
-16.889669 0.85701841 3.8658059 54
-19.759312 0.37163883 3.5237887 105
-19.711048 0.45462111 3.9963696 134
-16.912146 0.48691338 3.8535323 47
-19.803385 -0.09172821 3.5317502 65
-19.722359 0.0068638348 3.9895959 128
-16.959454 0.12081123 3.8504384 31
-19.814692 -0.55063373 3.5326974 83
-19.765888 -0.43459707 3.9924965 133
-16.983009 -0.24652407 3.8430192 27
-19.832811 -1.015918 3.5362656 78
-19.767311 -0.88065994 3.9869688 130
-17.030313 -0.62015951 3.841903 22
-17.758268 -1.3254981 3.1712008 4
-19.799654 -1.3281217 3.9906571 127
-17.046682 -0.99140102 3.8355696 9
-17.76598 -1.7406554 3.1787558 5
-19.822918 -1.7824738 3.9912758 119
-17.08692 -1.3669542 3.8363976 9
-17.770626 -2.1577625 3.1862705 5
-19.840136 -2.2347305 3.9968307 119
-17.15589 -1.7524184 3.842545 7
-19.573305 -3.0203981 3.0795224 59
-19.92642 -2.8954573 3.579592 129
-19.867983 -2.6932173 4.0048251 142
-17.165956 -2.131839 3.8412173 4
-19.458523 -3.4849303 3.0789566 124
-19.071198 -3.2244844 3.4395061 18
-19.458481 -3.0889928 3.9254427 117
-17.233912 -2.5216138 3.852488 5
-19.950445 -4.0663586 3.1783409 123
-19.940117 -3.8489232 3.6077802 117
-17.85549 -3.2476737 3.6070497 17
-17.203114 -2.9057059 3.8388524 3
-19.946804 -4.3362851 3.6224496 120
-17.266462 -3.5421681 3.4954948 14
-17.071726 -3.2661023 3.8094482 26
-17.80658 -4.3048692 3.2511163 12
-19.97978 -4.5754905 4.0499315 136
-16.106876 -3.4468424 3.5939372 35
-20.140079 -5.6339836 3.2843959 4
-17.840828 -4.7517476 3.2766874 14
-18.299067 -4.6239572 3.7236049 4
-18.907263 -4.4830761 4.2209172 17
-20.170843 -6.1638107 3.3240678 11
-17.83296 -5.1972752 3.2971852 17
-20.016167 -5.5398211 4.0855289 131
-17.345232 -4.5140576 3.8761299 5
-10.570398 -3.500015 1.7671667 48
-10.977665 -3.4716525 2.0489681 46
-20.074083 -6.050704 4.1121273 149
-17.362698 -4.92593 3.882987 3
-10.063359 -3.5996847 1.7010778 115
-10.258947 -3.5053837 1.9296063 52
-10.701304 -3.4822667 2.2078247 53
-11.097301 -3.4055614 2.4907734 4
-10.074792 -3.8746548 1.7218602 115
-10.077596 -3.7058589 1.9090908 117
-10.087477 -3.5331469 2.0923767 98
-10.516244 -3.4808383 2.364532 52
-10.070257 -4.1484218 1.7415302 33
-10.091102 -3.9768517 1.9278934 113
-10.080256 -3.787864 2.1010492 115
-10.089595 -3.5841291 2.2743671 110
-14.708456 -6.4857969 2.5671492 59
-15.267489 -6.4392128 2.9352381 75
-10.090887 -4.0518136 2.1158402 108
-10.100374 -3.840071 2.2821679 108
-13.903737 -6.5262403 2.4603488 65
-14.440845 -6.4883413 2.8022702 76
-15.052765 -6.4524064 3.1676543 80
-10.112107 -4.0980248 2.2928751 64
-13.169975 -6.5636153 2.3638656 60
-13.746737 -6.5591974 2.6959577 61
-14.247351 -6.4918027 3.0185735 78
-14.937293 -6.4498453 3.3935125 58
-13.030169 -6.5888295 2.5835807 73
-13.53072 -6.5344963 2.8882296 72
-14.170899 -6.4879656 3.2328694 59
-12.461734 -6.6636662 2.5004017 2
-12.92056 -6.6007814 2.7807615 80
-13.444507 -6.517736 3.0806115 73
-11.291356 -6.6604886 2.1250355 41
-11.671495 -6.5915709 2.3708386 1
-12.125283 -6.5425973 2.6321454 52
-12.81781 -6.5626965 2.9520805 71
-11.028867 -6.8622503 2.110898 48
-11.225696 -6.6839681 2.3095176 60
-11.696314 -6.6531987 2.562923 77
-12.121932 -6.5468497 2.8080959 49
-11.053734 -7.244698 2.1536031 16
-11.060496 -6.9369655 2.3060153 78
-11.160508 -6.6834211 2.470031 78
-11.680272 -6.6422672 2.7218001 71
-11.072485 -7.6350727 2.1982536 47
-11.087454 -7.314435 2.3447402 79
-11.076709 -6.979455 2.4760597 96
-11.164499 -6.6757269 2.6190476 81
-11.127634 -8.0689182 2.2511115 90
-11.110257 -7.7028561 2.385421 97
-11.093885 -7.3437905 2.5067291 96
-11.076895 -6.9607015 2.6170616 98
-11.146968 -8.4893103 2.3007276 76
-11.158566 -8.1266088 2.4332404 7
-11.122766 -7.7282825 2.543457 94
-11.097178 -7.3200598 2.6417611 98
-11.183883 -8.9399128 2.3574305 69
-11.151334 -8.5196209 2.4716988 96
-11.131652 -8.1154785 2.5760424 101
-11.125238 -7.695487 2.6705084 101
-11.209637 -9.4033375 2.4150648 74
-11.178494 -8.9550362 2.5204079 87
-11.160151 -8.5278864 2.616817 99
-11.146094 -8.0827751 2.6983182 101
-5.8488345 -5.109304 1.2958877 7
-11.203217 -9.4104242 2.5722647 92
-11.181311 -8.9502192 2.6577344 105
-11.157736 -8.4729719 2.7272103 99
-10.3579 -9.5485229 2.3391862 47
-5.8342338 -5.0981812 1.3709412 29
-11.2023 -9.3945789 2.7014506 114
-11.188137 -8.8934469 2.7629485 104
-10.431669 -10.078607 2.4150681 3
-5.7471437 -5.2571206 1.378116 17
-5.8595791 -5.1076016 1.4401045 18
-11.22916 -9.3440666 2.8026893 103
-11.257215 -11.40442 2.6734076 76
-10.395381 -10.029323 2.5338509 64
-5.7488513 -5.2432361 1.4361292 4
-10.90659 -9.4890194 2.7541502 66
-11.295168 -11.991119 2.7559123 79
-11.301841 -11.424254 2.8146253 93
-10.40596 -9.9956818 2.634882 74
-10.459723 -9.5133886 2.6738348 31
-11.322776 -12.601711 2.8412931 89
-11.33402 -11.995888 2.8890877 81
-11.295774 -11.364407 2.910558 93
-10.426338 -9.9191151 2.7000351 86
-11.354884 -13.247374 2.9336586 76
-11.349 -12.583305 2.9624021 91
-11.328109 -11.929029 2.9750268 82
-11.315493 -11.262834 2.9707265 71
-11.399182 -13.951208 3.0360355 68
-11.359654 -13.193677 3.0396526 85
-11.334486 -12.491321 3.0363071 87
-11.305766 -11.764894 3.0129664 87
-11.431179 -14.675896 3.1422927 68
-11.390419 -13.867322 3.1289654 85
-11.36212 -13.105901 3.1086714 93
-11.326145 -12.331352 3.0663395 70
-11.429188 -15.398158 3.2493026 117
-11.433485 -14.590141 3.2283006 84
-11.390256 -13.756497 3.1859901 95
-11.355058 -12.93093 3.1257284 87
-10.931427 -15.461942 3.2175548 113
-11.469039 -15.34888 3.3345313 110
-11.429574 -14.466252 3.2723105 80
-11.395285 -13.579666 3.1931331 73
-10.686546 -15.891034 3.2611747 43
-11.02542 -15.48035 3.30409 110
-11.495865 -15.248375 3.3737292 74
-11.430104 -14.258342 3.2634566 58
-11.622418 -18.194664 3.6839471 50
-10.692573 -15.770267 3.3072488 86
-11.131811 -15.488865 3.3527248 119
-11.474097 -14.996153 3.3437662 63
-11.678596 -19.262774 3.8509185 33
-11.604336 -18.012573 3.7109101 52
-10.693395 -15.610374 3.3113346 79
-11.279088 -15.452835 3.3567057 110
-11.758092 -20.448225 4.0439019 34
-11.640511 -19.013397 3.8558159 32
-11.625273 -17.847933 3.7051311 62
-10.782042 -15.487451 3.2832665 96
-11.666622 -21.432205 4.1925054 127
-11.737304 -20.198793 4.0365438 34
-11.601421 -18.729664 3.8133862 40
-10.654474 -16.062862 3.3248677 15
-11.085318 -21.531189 4.1703782 87
-11.75545 -21.346687 4.2044387 124
-11.714169 -19.911749 3.9789693 47
-11.620967 -18.423908 3.7209549 54
-11.759402 -24.210255 4.6451664 26
-11.181655 -21.446117 4.1693788 105
-11.822124 -21.184153 4.1573114 62
-11.734239 -19.570328 3.8632214 44
-11.858949 -25.923847 4.9309239 18
-11.716134 -23.802397 4.5642066 19
-11.334872 -21.431437 4.1340547 94
-11.797955 -20.729452 3.9994912 40
-11.793016 -27.441298 5.1769938 92
-11.839952 -25.528076 4.8295588 17
-10.971829 -21.945894 4.1596274 15
-11.56202 -21.436071 4.0435386 99
-11.235001 -27.885132 5.2231932 10
-11.957549 -27.411013 5.1260543 63
-11.84981 -25.148945 4.6831498 21
-11.039625 -21.620596 3.992857 46
-12.522762 -33.326885 6.1933012 40
-11.290414 -27.57855 5.1014385 27
-12.064248 -27.197937 4.9864392 30
-11.797379 -24.474583 4.4238276 21
-11.712849 -33.470509 6.1830397 37
-12.410509 -32.460705 5.9332604 13
-11.45772 -27.496468 4.9653955 64
-11.892662 -26.18157 4.6413507 16
-12.755786 -39.363708 7.2333236 35
-11.923401 -33.441341 6.0581326 50
-12.260692 -31.451832 5.5968699 15
-11.707388 -27.436632 4.7639327 90
-12.992142 -39.349239 7.0527301 18
-12.145618 -33.422352 5.8607607 62
-12.472907 -31.214643 5.3118038 13
-12.441575 -45.443016 8.2657633 41
-12.050438 -39.490917 7.0163188 31
-12.446021 -33.365181 5.5727472 38
-12.792608 -51.433727 9.3145828 51
-12.706759 -45.403576 7.9994564 51
-12.907888 -57.49099 10.372835 42
-13.094266 -51.34222 8.9668398 63
-0.37912846 -0.8872295 0.17595007 5
-12.676961 -63.174622 11.366795 76
-13.245768 -57.398724 9.949399 55
-0.32332426 -0.86848533 0.17756607 5
-0.35238263 -0.86783642 0.16978391 5
-11.20234 -63.302387 11.358871 71
-13.082273 -63.178944 10.884552 51
-0.29853204 -0.85212529 0.17341076 1
-0.32183331 -0.83440447 0.16260216 5
-9.7503223 -63.352562 11.350114 67
-0.28419322 -0.87493223 0.17528477 1
-0.3018226 -0.83413893 0.16045696 5
-0.23625839 -0.86532092 0.17994237 0
-0.25757495 -0.84658146 0.16911879 5
-0.28276822 -0.83689332 0.15931441 5
-0.24130502 -0.86437619 0.17098145 2
-0.2590265 -0.81758147 0.15415989 5
-5.3735833 -63.584122 11.348805 63
-0.19619353 -0.86679685 0.17865042 1
-0.21943311 -0.85407442 0.1678376 4
-0.24190088 -0.82533789 0.15403497 5
-3.9361587 -63.658348 11.361764 44
-0.17537729 -0.84862185 0.17552732 1
-0.19669649 -0.82700175 0.16270272 4
-0.22176975 -0.82343191 0.1518891 7
-2.5212326 -63.694992 11.40456 46
-0.17853157 -0.83101451 0.16156738 4
-0.20185663 -0.81229603 0.14874884 5
-1.0884831 -63.801025 11.431161 41
-0.1372866 -0.8415311 0.17325218 1
-0.16045019 -0.83484226 0.16141826 4
-0.18376592 -0.81715328 0.14759114 5
0.3420516 -63.824432 11.451452 59
-0.1182289 -0.84239894 0.17307375 3
-0.13975993 -0.8086735 0.15623698 4
-0.1638664 -0.80598497 0.14440255 7
1.7744771 -63.879059 11.469873 37
-0.098940119 -0.85922879 0.17486401 1
-0.12244958 -0.82751679 0.1580448 5
-0.14492667 -0.79778653 0.14222158 6
-0.082418814 -0.82000226 0.16875561 4
-0.1036687 -0.80724341 0.15492539 4
-0.12681851 -0.80250931 0.14110431 7
-0.062629007 -0.84816933 0.17265826 3
-0.087346278 -0.80344415 0.15289181 4
-0.10869225 -0.78470033 0.13806847 6
-0.020276405 -0.86462098 0.18833482 1
-0.045865923 -0.8289119 0.16956402 4
-0.068105087 -0.81816626 0.15474179 5
-0.091526061 -0.79443264 0.13794196 9
-0.026850019 -0.8276282 0.16943385 4
-0.05142903 -0.7929135 0.15065213 4
-0.074644089 -0.78418839 0.13583325 6
0.015526326 -0.84508884 0.18610723 0
-0.0076781688 -0.8373695 0.17128603 4
-0.032194901 -0.80766129 0.15249722 6
-0.056542646 -0.78995377 0.13569468 9
0.03784341 -0.86480898 0.19092309 2
0.0079615582 -0.81016076 0.16619939 4
-0.015424838 -0.78944063 0.14939281 4
-0.03850079 -0.79172099 0.1345602 9
0.030309767 -0.8328799 0.17001182 4
0.0037729489 -0.80219662 0.15023853 7
-0.02063366 -0.78048867 0.1324403 8
0.072598264 -0.84335172 0.18769196 1
0.047163919 -0.82064652 0.16790497 5
0.021723839 -0.79694295 0.14911878 4
-0.0015214178 -0.78721446 0.13230219 10
0.1001425 -0.87706363 0.19546939 2
0.065227531 -0.81762075 0.16777998 4
0.039868288 -0.79606843 0.14897978 7
0.014455141 -0.77051663 0.12917671 7
0.12452912 -0.8922466 0.19830392 0
0.086486332 -0.82569897 0.16961744 4
0.061154984 -0.81000262 0.15081204 8
0.034671158 -0.78331804 0.13002054 10
0.13506792 -0.85612047 0.19324198 2
0.10131387 -0.81055427 0.16750528 5
0.074884482 -0.78790098 0.14670348 6
0.051626932 -0.77720994 0.12887242 7
0.15825705 -0.86594892 0.19603036 5
0.1297947 -0.84130991 0.17323758 5
0.096036136 -0.7947318 0.14749853 9
0.069646232 -0.77406555 0.12769209 11
0.18766272 -0.889669 0.20173569 1
0.14150091 -0.81522501 0.16910957 4
0.11720639 -0.80252194 0.14928292 7
0.090810746 -0.78282517 0.1274911 11
0.19725959 -0.85654014 0.19566216 1
0.16677468 -0.83088928 0.17190693 5
0.13100101 -0.78330106 0.14620461 7
0.10669963 -0.7705763 0.12539554 8
0.22661945 -0.87713963 0.20144372 2
0.18263382 -0.81766361 0.16980322 7
0.15626079 -0.8009795 0.14900538 10
0.12986051 -0.78329432 0.12620836 12
0.25689229 -0.89778137 0.20719431 1
0.20986436 -0.83533913 0.17358039 5
0.17208913 -0.7887879 0.14688866 7
0.14573576 -0.7730999 0.12509315 9
0.25928316 -0.85174453 0.19920425 0
0.22773817 -0.82814336 0.17343777 5
0.19102065 -0.78657854 0.14673492 8
0.16671199 -0.77486444 0.12492153 11
0.28845081 -0.86641467 0.20396341 1
0.25180036 -0.83284771 0.17527182 5
0.21715128 -0.79825592 0.14856747 9
0.18976887 -0.78257746 0.12579603 13
0.31860194 -0.88204956 0.20881253 0
0.27065623 -0.82561439 0.17519961 6
0.23401926 -0.79004502 0.14748777 7
0.2066748 -0.77436399 0.12469713 9
0.34882748 -0.89367372 0.21258707 0
0.2968021 -0.83328348 0.1770166 5
0.25295359 -0.78379565 0.14737906 8
0.22247705 -0.76114738 0.12262487 10
0.31673312 -0.82802212 0.17690502 5
0.27908501 -0.7914651 0.14919791 9
0.24967314 -0.77280843 0.12341992 13
0.34075728 -0.82773405 0.17873031 5
0.30210516 -0.79319465 0.1490251 9
0.27269852 -0.77554488 0.12424258 11
11.875448 -19.94702 4.1884055 13
0.36149848 -0.82258409 0.17830846 7
0.32270768 -0.78911173 0.14935315 9
0.28812659 -0.76454335 0.12158473 9
11.941074 -19.1166 4.0602465 48
0.39237022 -0.8343733 0.18176462 6
0.34457138 -0.78791803 0.14915182 9
0.3110812 -0.7632975 0.12241641 11
11.232523 -17.149693 3.6910524 22
0.40513954 -0.81521678 0.17968945 8
0.36652425 -0.78365397 0.14900006 8
0.33407086 -0.76302022 0.12225651 11
11.396896 -16.573484 3.6190052 84
0.430601 -0.81362641 0.18097417 8
0.39202166 -0.78409314 0.15126249 8
0.35855028 -0.76247656 0.12252519 12
11.966596 -16.592459 3.6706591 122
0.45666796 -0.8132776 0.18277271 8
0.42011926 -0.78669846 0.15206122 8
0.38769719 -0.76906919 0.12331373 13
12.082707 -16.004887 3.5932665 63
0.48471445 -0.81290865 0.18456633 9
0.44411191 -0.78439379 0.152881 9
0.40859818 -0.76181781 0.1231543 12
12.130758 -15.360357 3.5012414 55
0.51882225 -0.82050014 0.18829906 8
0.46703115 -0.77811724 0.1527084 9
0.43358201 -0.75951147 0.12296713 12
12.152759 -14.713184 3.4084222 54
0.54883349 -0.82316083 0.19006012 9
0.49705073 -0.78177696 0.15446867 9
0.45748284 -0.75524515 0.12277744 14
12.176596 -14.110823 3.3236187 63
0.59001154 -0.83566016 0.19477652 7
0.52805316 -0.78340167 0.15629451 9
0.48138902 -0.75095785 0.12368461 13
12.219949 -13.553872 3.2489972 64
0.62298876 -0.8362686 0.19762589 7
0.55704665 -0.78305072 0.15813899 9
0.51447439 -0.75554764 0.12446628 14
12.240738 -12.997344 3.1731861 85
0.65804982 -0.83682394 0.20040008 6
0.58804214 -0.78165382 0.15896991 10
0.54950166 -0.75910115 0.12528768 11
12.267943 -12.460124 3.1007597 92
0.6940887 -0.83836937 0.20320261 6
0.61804008 -0.77827495 0.16078539 10
0.57851529 -0.75573659 0.12608211 11
11.53877 -11.222869 2.8498054 24
0.74127251 -0.84880471 0.20885532 5
0.66116381 -0.7867685 0.16346477 11
0.62166232 -0.76724023 0.12875573 14
11.590443 -10.793914 2.7963595 89
0.78210241 -0.85047102 0.2122003 5
0.69783193 -0.78856385 0.16556296 11
0.65827048 -0.76906204 0.12987034 13
11.894941 -10.60938 2.8025963 77
0.82995641 -0.85811436 0.21654497 5
0.73677868 -0.79019266 0.16828154 12
0.69017774 -0.76371938 0.12964332 12
12.37478 -10.560624 2.852134 120
0.86692727 -0.85267264 0.21928334 4
0.77579093 -0.78972602 0.17000437 12
0.72716683 -0.7622779 0.13138521 13
12.403931 -10.122326 2.7984164 93
0.90586126 -0.847211 0.22201987 2
0.83093292 -0.80007064 0.17460875 9
0.76411408 -0.75783604 0.13212995 13
12.432384 -9.6989641 2.7466195 109
0.957946 -0.84958792 0.22664066 0
0.87598801 -0.79952985 0.1782787 10
0.80716676 -0.75831771 0.13381366 13
12.440886 -9.2727652 2.6928997 92
1.0090375 -0.85097712 0.23226619 2
0.9179641 -0.79402548 0.17997754 14
0.85422015 -0.75875378 0.13647164 13
12.476902 -8.8852787 2.6499825 94
12.275185 -8.865284 2.1754653 15
0.96397954 -0.79147518 0.182647 10
0.90628326 -0.76113045 0.13810205 13
12.491749 -8.4910765 2.6043966 95
12.300036 -8.4699879 2.1369176 102
1.0260899 -0.79773909 0.18826042 12
0.95829695 -0.76151395 0.14080159 14
12.509743 -8.1148949 2.5630555 98
12.29885 -8.0720205 2.096504 103
1.0801175 -0.79411006 0.19182207 12
1.0113488 -0.75890028 0.14331032 11
12.524089 -7.7386842 2.5194678 102
12.334281 -7.7025752 2.0608172 102
1.147226 -0.79833102 0.19725011 13
1.0663248 -0.75526017 0.14586926 12
12.537289 -7.374567 2.4799249 98
12.360214 -7.3303614 2.0261328 111
1.2191923 -0.80046242 0.203123 13
1.1242126 -0.75157815 0.14883065 13
12.562237 -7.0195184 2.4447076 86
12.370258 -6.9614801 1.9910672 109
1.3033466 -0.80652624 0.20948108 13
1.1982753 -0.75373185 0.15231879 13
12.583629 -6.6763415 2.4105389 70
12.382419 -6.6064019 1.9605385 107
1.3842548 -0.80753964 0.21625718 69
1.272364 -0.75278246 0.15720019 14
12.519799 -6.2936459 2.3612671 70
12.353185 -6.2371359 1.924728 22
1.4808757 -0.81126267 0.22487439 45
1.3657902 -0.75759244 0.162719 77
12.47269 -5.9359207 2.3149345 70
12.284593 -5.8618164 1.8804656 28
1.5897044 -0.81798857 0.23321058 21
1.462554 -0.76046622 0.16709772 77
12.480659 -5.6097941 2.2826326 71
12.44548 -5.5938678 1.8738394 107
1.7270411 -0.83137351 0.24600691 9
1.5475242 -0.7524718 0.17136838 83
11.869521 -5.0271034 2.1413751 100
11.877714 -5.022655 1.7633107 101
1.8189039 -0.81928688 0.25251883 20
1.6484145 -0.74626851 0.17700408 87
11.886239 -4.7280793 2.1154783 103
11.894319 -4.7097201 1.7393792 99
1.8946234 -0.79645056 0.25825036 8
1.7564008 -0.74004835 0.1832836 88
12.450663 -4.63552 2.1834044 53
12.492611 -4.6207185 1.7996125 107
12.667314 -4.6543498 1.4348414 69
1.8671956 -0.72871518 0.19085711 91
12.561016 -4.3671942 2.1748295 54
11.781933 -4.0578723 1.6779773 27
11.795288 -4.0271764 1.3223271 66
2.0408182 -0.73249143 0.20202222 111
11.929313 -3.8591733 2.0425451 33
11.908043 -3.8011093 1.6737328 86
11.9372 -3.7684543 1.3215488 91
2.2811913 -0.75061244 0.21733111 132
12.009129 -3.59919 2.0312016 48
12.520178 -3.6867871 1.7355592 100
12.749901 -3.6957245 1.3899422 104
2.5194035 -0.75476015 0.23366654 150
12.553974 -3.4606781 2.0945175 102
12.557533 -3.3913071 1.7195369 100
12.76897 -3.3764608 1.3730624 88
2.7474563 -0.74602604 0.24808086 143
12.569384 -3.1714535 2.073632 102
12.578776 -3.087013 1.7006224 101
9.6325178 -2.312875 1.0337877 28
9.5344849 -2.2298031 0.74256086 34
12.588739 -2.8791866 2.0518093 103
12.596116 -2.7907786 1.6838607 98
9.6827698 -2.085263 1.0277392 33
9.5385189 -1.9857453 0.733845 38
12.602162 -2.5929983 2.0311093 103
12.607416 -2.4916201 1.6671848 99
8.521349 -1.632127 0.90128726 28
9.5446358 -1.746666 0.72810888 44
12.59757 -2.3060267 2.0095329 101
12.607747 -2.1955934 1.6495806 98
8.5950022 -1.435239 0.89903247 1
9.5698118 -1.5113584 0.72423577 54
12.610968 -2.0249393 1.9910965 102
12.613103 -1.906588 1.6361662 98
9.5878763 -1.3684043 0.98947132 45
9.5789261 -1.2772639 0.71959829 57
12.632518 -1.7445801 1.9741713 75
11.14886 -1.4279516 1.4366554 54
9.5429983 -1.1338801 0.97696936 53
9.5930758 -1.040051 0.71569151 60
12.653069 -1.4652897 1.9572561 86
11.372197 -1.1942668 1.4513048 65
9.5632505 -0.90662289 0.9710145 20
9.6042356 -0.80390435 0.71180648 61
12.666541 -1.1801018 1.9393959 102
12.676394 -1.0316844 1.5964369 98
9.5684671 -0.67754483 0.9631651 46
12.914528 -0.75324327 0.93699646 102
12.681113 -0.90193486 1.9245286 101
12.68986 -0.74256414 1.5855912 99
9.5636988 -0.4496631 0.9563961 27
9.634594 -0.33361751 0.70699638 62
12.695623 -0.61986035 1.9086816 102
12.714361 -0.45537513 1.5766795 98
9.475872 -0.22179954 0.94220448 5
9.6587601 -0.09641847 0.70603955 60
12.706182 -0.34083501 1.8938599 107
12.715789 -0.16346149 1.5649309 99
9.5602722 -0.00088019966 0.94581938 26
9.6689901 0.13561279 0.70517522 60
12.720797 -0.064763568 1.8810083 100
12.746313 0.12379707 1.5579785 100
9.5035448 0.22235353 0.93640959 9
8.5720901 0.32741004 0.62991196 30
12.736342 0.21735154 1.8681494 101
12.753792 0.41384384 1.5491756 98
9.5078211 0.44839346 0.93156862 10
9.6973677 0.60887057 0.70638227 55
12.748824 0.49888685 1.8555044 103
12.678041 0.70662391 1.5304998 93
9.5359478 0.67849392 0.9312852 9
9.7053165 0.85198468 0.70754439 55
12.183924 0.74933732 1.7629615 83
12.169395 0.95642877 1.4642161 117
9.5601082 0.90927976 0.93086451 11
9.7074213 1.0912629 0.70899338 51
12.172444 1.0200373 1.7482188 93
12.190869 1.2375249 1.4582622 90
9.5622501 1.137319 0.92898858 11
13.058764 1.7934643 0.94081467 103
12.182122 1.2921745 1.7383827 94
12.824018 1.6011114 1.5242757 98
13.050991 1.8661023 1.2489444 101
2.3178747 0.3736448 0.20246725 3
12.813484 1.6437303 1.8143996 99
8.6442661 1.2771678 1.0393417 0
13.066239 2.1803012 1.250106 99
2.1115406 0.39417151 0.18888403 98
12.824904 1.9368941 1.8035706 95
8.6747952 1.4845476 1.0393103 1
2.2066319 0.42226636 0.24826594 6
1.8873464 0.402484 0.17441182 89
12.841343 2.2301164 1.7957078 97
8.651329 1.6872829 1.0326409 1
2.0283177 0.44013312 0.23249044 134
1.6842291 0.40504929 0.16079181 85
12.842721 2.5271599 1.7859499 93
8.6368332 1.8931264 1.0269132 1
1.8021965 0.43842769 0.21102259 138
1.5161527 0.40603369 0.14993282 68
12.86507 2.8284531 1.7790536 83
12.888561 3.1339936 1.5071337 84
1.6021482 0.43303314 0.19337483 82
1.374088 0.40733016 0.14089765 78
12.883336 3.1366985 1.7721906 80
1.7530177 0.47580659 0.24539059 0
1.439117 0.42808163 0.17847644 74
1.2610115 0.41097507 0.13366757 12
12.888633 3.4418068 1.7654598 70
1.5839493 0.47178951 0.22553496 23
1.306091 0.4254916 0.16637588 59
1.1699585 0.41488469 0.12828664 11
12.913811 3.7571838 1.760672 65
1.4239577 0.46287993 0.20761192 67
1.2140048 0.43039152 0.15800248 11
1.0928742 0.42196172 0.1238123 10
12.934931 4.0775113 1.7569195 67
1.2800031 0.45216015 0.19157623 58
1.1249615 0.43232679 0.15060452 10
1.0178498 0.42406285 0.11931865 9
12.950971 4.4037786 1.7522106 60
1.1809697 0.45097789 0.18024302 9
1.0449362 0.43336868 0.14414346 9
0.9597708 0.43136677 0.11571386 9
1.2928275 0.48729628 0.21852152 13
1.0889547 0.44887838 0.16986001 9
0.98485529 0.43965015 0.13855115 8
0.87486196 0.42334729 0.11027567 10
1.1997865 0.48618633 0.20614676 8
1.0179218 0.45002881 0.16233708 8
0.91983587 0.44087118 0.13298675 8
0.81686699 0.42365086 0.10666209 13
1.0918359 0.47589767 0.19086254 9
0.94591856 0.44816789 0.15381677 8
0.84192646 0.43193784 0.12650381 9
0.77280176 0.42912781 0.1039746 15
1.0018717 0.46683165 0.17948249 9
0.88386571 0.44843864 0.14726776 7
0.79286253 0.43436554 0.12287586 9
0.72875041 0.43161371 0.10231327 13
0.93082976 0.46399856 0.16999726 8
0.81986761 0.44368774 0.14073396 9
0.74182785 0.43376946 0.11825877 9
0.68372864 0.43108872 0.099656135 13
0.87078154 0.46229744 0.16143955 10
0.77479631 0.44616434 0.13607956 9
0.70573282 0.43935215 0.115547 9
0.64566451 0.43464673 0.097956002 14
0.80083102 0.45247564 0.15294166 12
0.72277904 0.44355693 0.13046765 8
0.66270447 0.43885174 0.11187679 8
0.61161244 0.43725288 0.096228383 14
0.7498073 0.44988087 0.14632314 13
0.67776823 0.4410328 0.12580903 8
0.62764698 0.44144571 0.10915335 8
0.58355153 0.44192514 0.09544944 14
0.70577013 0.45035979 0.14063719 13
0.63776374 0.44055405 0.12208478 8
0.60158259 0.4481293 0.10833379 9
0.54955298 0.44251367 0.093677752 13
0.66476989 0.44886711 0.13491076 13
0.61167324 0.44823962 0.11926616 9
0.5705651 0.44975489 0.10554297 9
0.52550042 0.44822153 0.092843726 13
0.63372135 0.45249352 0.1311219 14
0.58461952 0.45291308 0.11645138 9
0.53955483 0.45137975 0.10375209 11
0.49847734 0.45089465 0.091026902 12
0.60168564 0.45510748 0.12733877 15
0.54964435 0.45049143 0.11268354 9
0.50856179 0.4510057 0.10095926 10
0.46949738 0.45054305 0.090220556 12
0.57045615 0.45566764 0.12335794 14
0.52637029 0.45614728 0.11065353 10
0.47440624 0.44653091 0.097993761 9
0.44231009 0.45015147 0.08921086 11
0.53847069 0.45528415 0.11956719 14
0.50631332 0.46290588 0.10878796 10
0.46724728 0.46344301 0.099049248 9
0.43119341 0.46301684 0.089289337 11
0.50848544 0.45492452 0.11576243 14
0.47437078 0.45952153 0.10599351 10
0.43830472 0.46009493 0.096234247 9
0.48645779 0.45865986 0.11290709 13
0.44441667 0.45716059 0.10318595 9
0.41234449 0.45878103 0.094400354 9
0.37334996 0.45332053 0.085664384 8
0.46441081 0.46240252 0.1100727 13
0.43031052 0.46600196 0.10231467 8
0.38734278 0.45749527 0.092605993 6
0.44234502 0.46615332 0.10826597 12
0.40528685 0.46571746 0.099524491 9
0.38212642 0.47544748 0.093698457 0
0.41041195 0.45778561 0.1045153 11
0.31820965 0.46270144 0.085169382 9
0.39430955 0.46460861 0.1026714 10
0.33711073 0.47393644 0.091084197 7
0.3110297 0.47762963 0.08627294 9
0.33628368 0.46093416 0.094110578 0
0.32615814 0.47181708 0.093202941 7
0.29613337 0.47145844 0.08840391 7
0.27500045 0.48120579 0.085553937 8
0.32931024 0.46185121 0.09517277 8
0.31506234 0.48168144 0.093285292 8
0.316232 0.46969232 0.094266638 10
0.26311103 0.47605655 0.086628117 7
0.23905084 0.47976828 0.083792523 8
0.27708745 0.48122156 0.089538336 7
0.28418413 0.47530434 0.090485141 9
0.22814903 0.47563148 0.084860831 7
0.21099299 0.48842528 0.083986759 8
0.24113113 0.4797852 0.086776845 6
0.25314257 0.48092756 0.087696753 9
0.19619374 0.47524151 0.084073298 7
0.1790255 0.48903489 0.083200119 7
0.21012042 0.48340762 0.084986404 7
0.21524015 0.47446832 0.083943777 8
0.16620727 0.4768762 0.082274139 7
0.14906465 0.48966855 0.083399929 6
0.18307343 0.49007836 0.083171919 7
0.18722275 0.47812817 0.081133142 8
0.13920312 0.48054653 0.081456639 6
0.1210793 0.49232572 0.083588101 7
0.15115954 0.48568985 0.08138033 6
0.159224 0.48078725 0.079321407 8
0.10928387 0.4771812 0.080652468 5
0.092159897 0.48897234 0.082777195 7
0.123173 0.48734885 0.079567544 7
0.12732112 0.47440052 0.075527832 7
0.089135304 0.49393338 0.081800155 6
0.064234845 0.48663017 0.082960375 7
0.091988482 0.47999689 0.077779599 6
0.10102721 0.47610819 0.073714823 7
0.061872382 0.49362782 0.080992356 7
0.034146998 0.47129065 0.081158862 6
0.066049926 0.4776805 0.075949758 6
0.075064488 0.47579145 0.071886882 7
0.034006629 0.48528776 0.079170153 6
0.012071227 0.4820191 0.082314283 6
0.041033477 0.48237479 0.075119704 5
0.04910202 0.47547519 0.07005883 6
0.0043103136 0.46292496 0.077347986 5
-0.0099684196 0.48974788 0.083466761 7
0.01897517 0.49110433 0.075273223 5
0.027036775 0.48420545 0.069212347 7
-0.015826287 0.47867706 0.078494579 5
-0.035821084 0.48143023 0.083630815 6
-0.0069511663 0.48778838 0.073442101 6
0.0010984758 0.4818891 0.067382172 7
-0.038896613 0.48839474 0.078655511 6
-0.058770627 0.48114833 0.083782248 6
-0.030895285 0.4864952 0.072599351 6
-0.025653327 0.46356302 0.064543456 6
-0.062804371 0.48410189 0.077809818 5
-0.081863664 0.49386379 0.08594583 6
-0.055766758 0.47919071 0.071757503 5
-0.048645679 0.4662815 0.063697681 6
-0.08671762 0.48080787 0.077964932 5
-0.10489117 0.50058055 0.087103643 6
-0.077897519 0.49391964 0.071916275 5
-0.06983161 0.48502377 0.062853567 7
-0.10880555 0.4925364 0.07912074 6
-0.12881637 0.49828711 0.087259561 6
-0.10182967 0.49162641 0.071072496 6
-0.093740903 0.48072663 0.062009159 7
-0.13280533 0.49623659 0.079284795 6
-0.15168384 0.4909991 0.087407239 6
-0.12465607 0.4803375 0.070217043 5
-0.11666417 0.4774372 0.061161354 7
-0.15561956 0.48394811 0.078429058 5
-0.17566556 0.49369618 0.088572197 6
-0.14756744 0.47604898 0.069369435 5
-0.14073806 0.48614323 0.060338389 7
-0.17855772 0.48167196 0.078593478 5
-0.20171261 0.50138432 0.090767495 7
-0.17265573 0.48575491 0.069563627 6
-0.16470857 0.48486224 0.05951529 8
-0.20359635 0.48637703 0.07978078 6
-0.2287733 0.50806397 0.092968725 7
-0.19901071 0.49646303 0.070732422 6
-0.1846461 0.4606449 0.057604026 6
-0.23193994 0.49905184 0.081953876 6
-0.24978079 0.4918257 0.092066988 4
-0.2228943 0.49017054 0.069884412 5
-0.25791335 0.50073379 0.08212667 6
-0.2757408 0.49350572 0.094239689 6
-0.2457419 0.48089027 0.069026761 5
-0.27969503 0.48646209 0.082259841 5
-0.30579841 0.50313324 0.096449696 7
-0.27375355 0.48554137 0.069220208 5
-0.25959575 0.46671897 0.056110349 7
-0.30972466 0.49308732 0.083470255 6
-0.33782625 0.51073271 0.099674396 8
-0.29968172 0.48321599 0.069395684 6
-0.28758037 0.4683716 0.055304512 7
-0.33663902 0.48975641 0.084656335 6
-0.36779588 0.51236749 0.10188647 8
-0.33074629 0.49184379 0.07062424 6
-0.36664209 0.49240211 0.085874267 7
-0.40285018 0.51995099 0.10514053 8
-0.36175716 0.49347737 0.070844822 7
-0.4017154 0.499984 0.088118806 7
-0.43378124 0.51658136 0.10734543 9
-0.39271048 0.49310702 0.072048552 7
-0.43565419 0.50157481 0.089336485 8
-0.47174188 0.52112222 0.11059329 9
-0.42868558 0.49767315 0.073282458 7
-0.47563899 0.50809139 0.092600644 8
-0.51271391 0.5266273 0.11386419 10
-0.45749906 0.48832563 0.073459044 8
-0.53063637 0.52440977 0.11597928 10
-0.5196541 0.5165602 0.094895594 8
-0.5526135 0.5261445 0.11712535 11
-0.49746177 0.49184403 0.074722864 8
-0.57761288 0.53084171 0.1202948 11
-0.55648905 0.51011503 0.097132646 10
-0.59754187 0.52860105 0.12142513 11
-0.54246223 0.49829626 0.076027423 9
-0.62151742 0.53029835 0.12359054 12
-0.56138527 0.49505419 0.077154867 8
-0.60343403 0.51252562 0.10045473 9
-0.64646918 0.52998316 0.12576137 10
-0.58296239 0.49480128 0.077434532 9
-0.62095618 0.5083254 0.10071024 9
-0.67406988 0.5346663 0.12909767 9
-0.57296151 0.48692873 0.056391105 10
-0.61095023 0.49945402 0.078665592 9
-0.6489256 0.51197785 0.10293983 9
-0.71209663 0.54419786 0.13339864 10
-0.5958966 0.48664302 0.056584124 10
-0.63589072 0.50014377 0.079872303 9
-0.74001211 0.5438503 0.13662298 9
-0.61678463 0.48238093 0.056759518 11
-0.66384095 0.50180107 0.081095882 9
-0.70075709 0.51034731 0.10634837 9
-0.78910166 0.560274 0.14197971 6
-0.63867664 0.47914639 0.056904364 11
-0.6826871 0.49360883 0.081205666 9
-0.72970212 0.51003295 0.10852663 9
-0.82105887 0.55992466 0.14516635 3
-0.67071247 0.48379713 0.05710651 12
-0.71065927 0.49330726 0.08237242 9
-0.76572853 0.51463693 0.11074534 9
-0.87417859 0.57432443 0.15149568 0
-0.70171279 0.48546106 0.057293773 12
-0.73861986 0.49200755 0.083533376 9
-0.79668581 0.51328737 0.11292515 9
-0.73068511 0.48410919 0.057471238 12
-0.76756448 0.48864105 0.084711976 10
-0.8367117 0.51778769 0.116182 8
-0.76165307 0.48271844 0.058664642 13
-0.80154437 0.48821411 0.085925527 9
-0.88778961 0.52715534 0.12051413 8
-12.346145 8.097167 1.7629089 68
-0.79561549 0.48130637 0.05887942 13
-0.84052885 0.49075443 0.088178329 8
-0.93580198 0.53360152 0.12383062 9
-13.007983 8.1294413 1.8321829 62
-0.83055508 0.4799099 0.059104066 14
-0.88452721 0.49423563 0.090462282 8
-0.99787587 0.54385298 0.1292333 7
-13.721022 8.1628094 1.9067482 54
-0.85846311 0.47254753 0.060268857 17
-0.92249954 0.49174526 0.091696203 9
-1.0489001 0.54619586 0.13255563 6
-14.507187 8.2010975 1.9888422 60
-0.90048635 0.47302717 0.060577516 17
-0.9695034 0.49217141 0.094037525 9
-1.118995 0.55635309 0.13805522 4
-15.417465 8.2742643 2.0859029 49
-0.947483 0.47343951 0.061870664 19
-1.0205061 0.493532 0.096355371 10
-1.1789794 0.5575999 0.14342843 2
-16.328438 8.3091412 2.1837058 59
-0.9998191 0.4750334 0.0632957 21
-1.0868882 0.50097769 0.099884458 10
-1.2472951 0.56205153 0.1489805 0
-17.375526 8.3671532 2.2955995 40
-1.0578169 0.47735023 0.0646732 23
-1.1538836 0.50418675 0.10332112 11
-18.547592 8.436285 2.4222536 45
-1.1077476 0.47175804 0.064943776 21
-1.2249091 0.50634086 0.10668142 9
-5.8644748 2.5634985 0.58416158 3
-18.811563 8.0599241 2.4283957 126
-1.1697724 0.47001946 0.066185035 15
-1.2999537 0.50745553 0.11003742 9
-18.83432 7.8591976 1.7959284 108
-19.294439 7.7641792 2.4643795 43
-1.2538711 0.47389188 0.068639643 11
-5.6734324 2.2615452 0.3762103 3
-1.3318697 0.47197595 0.070132136 11
-6.0352435 2.2482409 0.39445922 1
-19.492575 6.3785987 2.4191077 4
-5.6833386 1.8165176 0.36729115 3
-5.7869368 1.7745378 0.18856718 80
-5.7458477 1.6918551 0.36824563 22
-19.546045 5.6472311 1.7746011 9
-5.7830057 1.6228119 0.18836117 45
-5.7669845 1.5517744 0.3664591 22
-9.719718 2.4621427 1.1871046 126
-5.8021359 1.4167147 0.36789432 28
-9.7308178 2.3136613 0.88594621 15
-9.7440529 2.2401607 1.18297 141
-5.8045101 1.2765437 0.36677375 21
-9.7441511 2.085418 0.88200605 139
-9.7624969 2.020895 1.176067 147
-4.6869273 0.8435573 0.57429069 62
-19.586018 3.3083706 1.7235758 113
-4.6969786 0.74114984 0.57156235 68
-19.095089 2.7811613 1.6719002 118
-4.7057676 0.63904315 0.56952417 72
-0.46652991 0.029268788 0.057441577 2
-19.14502 2.3465292 1.6675839 94
-4.7125874 0.53493834 0.56627095 71
-19.636486 1.9564561 1.6995151 108
-4.72049 0.43280739 0.5628354 77
-0.45738599 0.010334376 0.057220209 2
-19.635389 1.5024109 1.6903602 103
-4.7333512 0.32934552 0.56064546 80
-4.7401924 0.22725354 0.55857927 82
-0.45224547 -0.0066453633 0.056155182 2
-4.7490411 0.1251363 0.55652303 77
-4.7578988 0.022111841 0.55416894 82
-0.45309651 -0.022606667 0.056197427 2
-0.45103061 -0.022591405 0.066184603 0
-4.7637429 -0.079856604 0.55174577 87
-4.7723966 -0.18276037 0.55088121 90
-0.45863125 -0.039572738 0.057352427 2
-4.7849488 -0.28644085 0.55038476 80
-4.7836714 -0.39132708 0.54737437 82
-0.45825058 -0.056391593 0.057444327 2
-0.44720706 -0.054245099 0.065385133 1
-4.7964001 -0.49642396 0.54737866 79
-4.8051414 -0.60367167 0.54525691 77
-0.46796873 -0.07554692 0.058461998 2
-0.45694354 -0.072419919 0.066387847 1
-4.8168502 -0.71182388 0.54509163 70
-19.35318 -3.3829968 1.6235328 64
-4.8325391 -0.8210389 0.5446834 66
-19.89735 -3.9496469 1.6657305 118
-4.8302636 -0.92804205 0.54214984 60
-6.0687475 -1.377045 0.38341644 0
-4.8256779 -1.0367066 0.53921312 0
-6.0211673 -1.5134703 0.38278612 35
-6.006485 -1.6582808 0.38335887 34
-10.471568 -3.5123737 0.41567314 31
-10.895869 -3.4797015 0.93080354 48
-10.01326 -3.627846 0.40721411 105
-10.024846 -3.5421445 0.63839215 100
-10.216697 -3.5173934 0.87680525 46
-10.474439 -3.4914761 1.1296754 52
-10.023828 -3.9027421 0.41798449 106
-10.032531 -3.8097525 0.64629871 112
-10.034386 -3.7086601 0.86456829 116
-10.041387 -3.5946264 1.0818797 116
-15.492042 -6.4708166 0.64417863 24
-10.054339 -4.0861902 0.65377247 101
-10.051252 -3.9763286 0.86983901 111
-10.057337 -3.8535709 1.0829725 115
-6.0884695 -2.7015078 0.27987087 0
-6.1411543 -2.6552253 0.41524151 25
-15.277946 -6.4616232 1.3109373 63
-10.063319 -4.1115384 1.0818272 68
-6.0068178 -2.8385246 0.28223065 1
-6.0029006 -2.7606225 0.41123307 17
-14.444736 -6.4962249 1.2463906 57
-14.852022 -6.4633474 1.581903 49
-13.109289 -6.6141829 0.59284711 4
-5.9988589 -2.9286778 0.41601315 2
-13.720387 -6.5468073 1.1896517 41
-14.080038 -6.4983006 1.5005763 48
-13.068968 -6.6012807 1.1391189 15
-13.409812 -6.5495563 1.4279183 40
-12.466541 -6.6543145 1.0919718 3
-12.769655 -6.5921474 1.359539 29
-12.164844 -6.6192093 1.2947963 2
-0.85557246 -0.8830663 0.091717809 3
-0.90426207 -0.90264755 0.10599414 0
-0.80476034 -0.86547583 0.090443425 8
-0.86231047 -0.89715546 0.10374497 4
-1.0110886 -0.98591274 0.13552138 0
-0.75129998 -0.83983529 0.088101819 10
-0.80387443 -0.87045676 0.10038839 7
-0.85451859 -0.89505839 0.11266287 6
-0.71340132 -0.83038914 0.087880865 11
-0.7551164 -0.849886 0.098104328 9
-0.8077082 -0.87951052 0.10938233 7
-0.86135846 -0.90414727 0.12067099 7
-0.67651975 -0.81995988 0.086655341 12
-0.71526438 -0.83742058 0.095862933 9
-0.75798202 -0.85692775 0.10509494 10
-0.81159806 -0.88456297 0.11538517 8
-0.65242028 -0.82668024 0.086501643 15
-0.68032932 -0.8300131 0.094663143 10
-0.71712136 -0.84344953 0.1028675 10
-0.77464992 -0.87912977 0.11217321 8
-0.61850095 -0.8172853 0.0863114 19
-0.650334 -0.82766312 0.093489408 10
-0.68219644 -0.83604008 0.099669389 10
-0.71708173 -0.84245235 0.105869 10
-0.58953458 -0.81194824 0.086146601 15
-0.61839694 -0.82029045 0.092308976 10
-0.646312 -0.82462025 0.097469471 10
-0.67822683 -0.82899678 0.10265344 10
-0.56349814 -0.81264591 0.085993484 18
-0.59138995 -0.81897581 0.091151975 9
-0.61931074 -0.82330441 0.095312476 10
-0.64923149 -0.82765645 0.099484697 10
-0.53260761 -0.80128497 0.084823057 16
-0.56341761 -0.81464911 0.089992166 9
-0.58837372 -0.81594318 0.094138011 10
-0.618312 -0.81929445 0.097311229 11
-0.51054806 -0.80402952 0.084691152 17
-0.53351653 -0.80430061 0.088825725 9
-0.5604338 -0.80961806 0.091982082 10
-0.59133464 -0.81698114 0.094163164 11
-0.48751497 -0.80476785 0.08556965 17
-0.51148599 -0.80605048 0.087715574 9
-0.53543955 -0.80833381 0.090860538 9
-0.56240493 -0.81065011 0.092023194 14
-0.46256113 -0.79948556 0.085451648 15
-0.49041596 -0.81081355 0.087611422 10
-0.5114513 -0.8070603 0.088744685 10
-0.53743958 -0.80736506 0.089903504 14
-0.44152576 -0.80124897 0.085350126 16
-0.46351469 -0.80150741 0.086485378 8
-0.4894219 -0.80881155 0.087637559 10
-0.51147449 -0.80406904 0.087777667 15
-0.41952136 -0.7999984 0.085235476 16
-0.44146973 -0.80325186 0.086354323 9
-0.46252263 -0.79849249 0.085474744 8
-0.48944166 -0.80480266 0.085619673 15
-0.39264381 -0.7866748 0.084059753 15
-0.41753387 -0.79496235 0.085191108 9
-0.44340673 -0.80526078 0.085326128 12
-0.46644217 -0.80252373 0.083455928 13
-0.37548715 -0.7964673 0.084921367 15
-0.39650533 -0.7947076 0.084038638 9
-0.41752359 -0.79294837 0.083157286 11
-0.44442803 -0.80126452 0.082319438 15
-0.35256281 -0.7872045 0.084808037 15
-0.37645575 -0.7964859 0.08395195 10
-0.39261064 -0.78367472 0.082069725 11
-0.41952085 -0.79199064 0.08023189 14
-0.3286846 -0.77494168 0.083729587 14
-0.35257754 -0.78422356 0.082873546 11
-0.3764762 -0.79350418 0.081017569 11
-0.39755511 -0.78775042 0.078157261 14
-0.31350359 -0.78778321 0.084681436 14
-0.33062863 -0.77798152 0.081798501 10
-0.35451153 -0.78825468 0.079930849 11
-0.3794466 -0.79453886 0.077072434 14
-0.29157147 -0.77851909 0.084576204 14
-0.31446609 -0.7877807 0.082703643 10
-0.33065176 -0.77296096 0.078810766 10
-0.35654619 -0.78325558 0.074954845 14
-0.27160081 -0.77227235 0.084471531 13
-0.29157138 -0.77549857 0.081586666 10
-0.31546602 -0.78576982 0.077719189 11
-0.33362234 -0.77397239 0.072835423 11
-0.25354889 -0.7730484 0.084372461 13
-0.27353096 -0.77527505 0.08148849 9
-0.29452452 -0.7775113 0.076610386 11
-0.31650639 -0.78075898 0.071737282 14
-0.23549099 -0.77382606 0.085273318 13
-0.2554965 -0.77505082 0.080390245 10
-0.27452493 -0.77426398 0.075503074 10
-0.29558256 -0.77149969 0.069629207 13
-0.21936357 -0.78062606 0.086180702 13
-0.23650241 -0.77081609 0.080289438 9
-0.25552535 -0.7710281 0.074401461 11
-0.27845514 -0.77928638 0.068530105 13
-0.1994682 -0.76838017 0.085080631 13
-0.22035754 -0.77961546 0.080195159 10
-0.23848493 -0.7708165 0.074308865 9
-0.25853658 -0.76903963 0.06742844 13
-0.18118578 -0.77537882 0.085753724 13
-0.19932069 -0.76558071 0.07885778 9
-0.21927255 -0.77180499 0.072956726 10
-0.23839048 -0.76401722 0.065064274 11
-0.16227427 -0.76320231 0.084645577 13
-0.18215434 -0.7754271 0.079738475 9
-0.19933903 -0.7616176 0.071841143 9
-0.22220209 -0.7768724 0.063947417 13
-0.14516342 -0.768049 0.085531272 12
-0.16420956 -0.7662617 0.078632802 9
-0.18318917 -0.77047378 0.071728289 10
-0.2023571 -0.75868505 0.062839903 11
-0.12815785 -0.76389503 0.08542601 12
-0.14615974 -0.76609647 0.07851807 9
-0.16426666 -0.75929725 0.070619211 9
-0.18613522 -0.77454042 0.06171998 12
-0.11106902 -0.76674157 0.086313702 12
-0.13004313 -0.77195299 0.078408174 9
-0.14811704 -0.76815391 0.070506305 10
-0.16635126 -0.75135213 0.059617616 11
-0.093958177 -0.77158827 0.087199338 12
-0.11204859 -0.76678801 0.078298494 9
-0.131139 -0.76199865 0.069403104 9
-0.151095 -0.7702145 0.059502296 12
-0.077985875 -0.76543367 0.087107442 12
-0.095038868 -0.76461488 0.078200653 9
-0.1140971 -0.76381689 0.068304762 10
-0.13226065 -0.75400817 0.057412524 11
-0.059847381 -0.77523977 0.087996893 13
-0.0790352 -0.7624436 0.078118965 9
-0.096173272 -0.75462353 0.067225315 9
-0.11609499 -0.76583666 0.057328492 12
-0.044027232 -0.75607133 0.086951382 12
-0.06089991 -0.77125233 0.078034066 9
-0.080063149 -0.76145226 0.067154609 9
-0.098212287 -0.75363815 0.055268276 11
-0.025870292 -0.7678712 0.087871306 13
-0.04506921 -0.75506949 0.076995648 9
-0.063080013 -0.75925571 0.066096753 10
-0.082129069 -0.76045209 0.054205861 12
-0.010026136 -0.75268865 0.087835081 12
-0.026877088 -0.77086377 0.077916399 10
-0.046135277 -0.75306118 0.066044539 9
-0.065167062 -0.75625646 0.05315093 11
0.009225647 -0.77347285 0.089747898 13
-0.010993499 -0.75968021 0.076876938 9
-0.02796351 -0.76582795 0.065995343 10
-0.048134532 -0.75398666 0.052166928 11
0.025172453 -0.76017004 0.089826226 12
-0.012999256 -0.7504673 0.065144785 10
-0.030961651 -0.75760257 0.051286727 12
0.043411426 -0.76877946 0.090934217 13
0.023162808 -0.75197792 0.077067673 8
0.0062269722 -0.76315284 0.065146759 10
-0.012851224 -0.76234818 0.051248848 12
0.060373258 -0.762586 0.090859614 12
0.023178555 -0.75696677 0.06406261 10
0.0052212011 -0.76715076 0.050148007 12
0.078384884 -0.76138997 0.090765148 13
0.060334187 -0.76257563 0.077859841 8
0.042266987 -0.76275957 0.063955538 10
0.022150999 -0.75896508 0.049065981 12
0.098549627 -0.77317345 0.092646718 14
0.078389607 -0.76537925 0.077761292 10
0.058196791 -0.75458539 0.062878944 9
0.041288968 -0.76975697 0.047953814 13
0.11029329 -0.74804431 0.091609053 12
0.097492188 -0.77016217 0.077671103 10
0.07629618 -0.75636691 0.06281548 10
0.055160485 -0.74856979 0.046953615 11
0.13262707 -0.76475334 0.093551964 14
0.11143902 -0.75194645 0.077707529 9
0.095497169 -0.76108402 0.06281355 10
0.077479266 -0.76424187 0.045936227 13
0.14972149 -0.75947666 0.093590587 11
0.1337302 -0.76662451 0.078680664 10
0.11045264 -0.74884939 0.061832219 10
0.095524833 -0.76298463 0.044908687 12
0.1687481 -0.75822264 0.094537795 14
0.14758012 -0.75042462 0.077668354 7
0.1326353 -0.76256144 0.061747156 11
0.11147282 -0.75576276 0.043876894 12
0.19191425 -0.76992518 0.095449023 14
0.17074603 -0.7621277 0.078579627 10
0.14750749 -0.74835163 0.060726698 8
0.13257316 -0.76248616 0.042804252 13
0.20681293 -0.75772005 0.095423207 11
0.19492929 -0.77583605 0.079471089 10
0.17271495 -0.76505941 0.060599875 11
0.14642461 -0.74732685 0.041756544 10
0.23096028 -0.76846236 0.097290277 15
0.20262191 -0.74675089 0.077460855 8
0.19071274 -0.76286566 0.060509522 10
0.17160484 -0.76305246 0.04061576 13
0.25126466 -0.77181315 0.097456194 15
0.22805256 -0.76204723 0.077600293 10
0.20380245 -0.74829382 0.058753107 9
0.19296093 -0.76934958 0.038841136 13
0.26109931 -0.75060987 0.096551113 12
0.25020364 -0.76566577 0.078646682 10
0.22805591 -0.75884193 0.058823034 11
0.20382634 -0.74503905 0.038017441 11
0.28735414 -0.76013792 0.098612033 15
0.26212993 -0.74735558 0.077800229 8
0.25224403 -0.76644617 0.058834147 11
0.23005792 -0.7596671 0.036958661 14
0.31350788 -0.76881826 0.1005068 16
0.29031083 -0.76105064 0.078637667 11
0.26506448 -0.74830586 0.05778427 9
0.25107521 -0.75943792 0.035847686 13
0.33145389 -0.76162332 0.10041921 15
0.31438237 -0.76479006 0.079506807 12
0.29321805 -0.75999969 0.057623882 11
0.26493371 -0.74428701 0.035789415 9
0.34939966 -0.75442845 0.10033169 14
0.33231187 -0.75659394 0.078420304 10
0.31627336 -0.76274937 0.057499453 12
0.29614756 -0.76194698 0.034607038 14
0.37039441 -0.75120145 0.10122422 14
0.35130283 -0.75238609 0.079328731 9
0.34137562 -0.76646256 0.057386309 12
0.31925789 -0.76367033 0.034525029 15
0.39860982 -0.75886035 0.10312841 17
0.36934149 -0.74313384 0.078329444 9
0.35738394 -0.75422019 0.056413829 10
0.34035614 -0.75936049 0.033530738 14
0.42276347 -0.75850821 0.10412903 17
0.4006339 -0.75570703 0.080274142 12
0.37539089 -0.74494767 0.055428281 10
0.36036572 -0.7530793 0.032510072 13
0.4437755 -0.75423115 0.10507918 16
0.42768502 -0.7573722 0.080171421 13
0.40146405 -0.74862385 0.055328764 13
0.38234606 -0.74879885 0.031440087 10
0.46474013 -0.74796325 0.10501539 16
0.44662765 -0.74912661 0.08012037 12
0.42952615 -0.75127953 0.055219226 13
0.40432644 -0.74451983 0.03036933 13
0.48976478 -0.74665332 0.10592467 18
0.47062317 -0.74583399 0.080031417 9
0.45657182 -0.75296372 0.055100814 14
0.43237495 -0.74720287 0.029235739 15
0.52083665 -0.75031614 0.10776538 19
0.49561277 -0.74256545 0.080907568 9
0.48054144 -0.74870425 0.053982198 13
0.46041107 -0.74889928 0.028088951 16
0.54580671 -0.7470445 0.10865767 20
0.5225926 -0.74222136 0.080705054 10
0.5115754 -0.75331831 0.0537543 15
0.48737431 -0.74755824 0.026887966 16
0.58090407 -0.75361365 0.11038582 22
0.54557496 -0.73696983 0.080586948 10
0.5375765 -0.74903208 0.053618442 14
0.51238835 -0.74428046 0.025755703 16
0.61602134 -0.75822806 0.11219241 19
0.58676845 -0.74851823 0.082355469 11
0.56054753 -0.74177611 0.052499916 13
0.5424301 -0.74394673 0.023593746 16
0.64505017 -0.75488555 0.11405732 18
0.62388647 -0.75405794 0.083195649 14
0.60271204 -0.75223029 0.052334797 18
0.58459163 -0.7553978 0.022433084 20
0.67707372 -0.75347203 0.11494547 19
0.6518445 -0.74771887 0.083086051 12
0.63876176 -0.75483477 0.052151129 19
0.62063533 -0.75800592 0.021246262 21
0.71311116 -0.75408262 0.11676112 18
0.68889844 -0.75031787 0.083894484 14
0.67176694 -0.75347686 0.051984355 15
0.64857054 -0.75070184 0.020111347 15
0.74610484 -0.75072694 0.11859674 19
0.72088528 -0.74697131 0.08372651 13
0.70475906 -0.75011986 0.051798176 14
0.68055689 -0.74735451 0.017917965 12
0.78516257 -0.75130677 0.12034784 16
0.75892836 -0.74656147 0.084479973 13
0.74177969 -0.74871898 0.050558019 14
0.72163129 -0.75090951 0.016652286 12
0.82925498 -0.75483143 0.12206353 19
0.79694915 -0.74415147 0.085233562 13
0.77577323 -0.74435169 0.050335038 15
0.76671076 -0.75541943 0.014362403 14
0.86524814 -0.74944401 0.1238323 18
0.83092123 -0.73778468 0.086026676 13
0.81982243 -0.74587417 0.05007939 14
0.80468524 -0.75100678 0.013156257 13
0.9143064 -0.75091457 0.12656999 18
0.88303536 -0.74320847 0.086718619 15
0.86289549 -0.74437028 0.048772998 14
0.86386967 -0.76234925 0.010783138 10
0.95994091 -0.74956387 0.12841222 18
0.92664641 -0.74188066 0.087604396 15
0.9195438 -0.75091797 0.048638981 15
0.89834279 -0.7511124 0.00975285 14
1.0109879 -0.75000381 0.13115869 17
0.97665757 -0.74033678 0.08835122 15
0.95848382 -0.74349719 0.048446309 15
0.96145636 -0.76042753 0.0074156807 14
1.065021 -0.74942225 0.13387792 17
1.0216109 -0.73485219 0.089142576 16
1.0195057 -0.74679375 0.048087839 15
1.018445 -0.76175028 0.0050482899 11
1.1240258 -0.74971849 0.13649911 13
1.0816541 -0.73713708 0.090733886 16
1.0745213 -0.74517328 0.046763171 16
1.0764641 -0.76011097 0.0027383096 12
1.1780366 -0.74412358 0.13921142 14
1.1396772 -0.73349601 0.091422662 16
1.1416038 -0.74743247 0.046398636 12
1.1364816 -0.75744539 0.00041544906 13
1.2481244 -0.74535149 0.141831 14
1.2057471 -0.73375028 0.093080834 13
1.1965739 -0.73977703 0.046150502 13
1.2075193 -0.7575829 -0.0028969955 13
1.3201804 -0.74447709 0.1455262 15
1.2757691 -0.73191571 0.093775496 14
1.2665738 -0.73697418 0.045822464 13
1.2935945 -0.76363504 -0.0063415477 14
1.4022405 -0.74559003 0.15010099 86
1.3548088 -0.73205966 0.096366979 87
1.3626784 -0.74492902 0.044316676 15
1.3836402 -0.76665479 -0.0088106086 78
1.4923004 -0.74661607 0.15463451 83
1.4458531 -0.73307216 0.097895049 83
1.4386393 -0.7391035 0.043921538 78
1.4857029 -0.77154118 -0.013371786 69
1.5732832 -0.73973823 0.15817608 83
1.5248302 -0.72621346 0.099429183 78
1.5185964 -0.73123151 0.043441974 74
1.5706426 -0.76361114 -0.016879598 75
1.6612799 -0.7327829 0.16264902 80
1.6067717 -0.71632057 0.09993764 84
1.6065475 -0.72327095 0.041916244 89
1.682667 -0.76338559 -0.020542892 87
1.760276 -0.72570735 0.16705927 91
1.7007443 -0.70829749 0.10237896 83
1.7024881 -0.7142241 0.041364729 78
1.8136942 -0.7649523 -0.026275879 138
1.8662515 -0.71755868 0.17248659 92
1.8127216 -0.70208174 0.1047875 83
1.8355387 -0.71476281 0.04063417 84
2.0099611 -0.78374875 -0.033428837 81
2.019403 -0.71985632 0.1796006 101
1.9527572 -0.70056605 0.10705008 85
1.9905449 -0.71611303 0.038905267 78
2.2139995 -0.79561913 -0.040305004 48
2.2165117 -0.72980666 0.19074458 123
2.1468632 -0.70849264 0.11213332 101
2.2077124 -0.7297616 0.037792012 111
2.2926097 -0.75876248 -0.043683756 8
2.4136012 -0.72967267 0.20070508 135
2.3399215 -0.70839691 0.11611506 97
2.4317966 -0.73432314 0.036605291 115
2.2307606 -0.67843944 -0.042278774 5
2.6126142 -0.72251737 0.21066259 126
2.5439138 -0.70218158 0.12004522 91
2.6738431 -0.7346971 0.035288773 121
2.2251363 -0.61653233 -0.042323098 4
2.8767643 -0.72071081 0.22401676 138
2.7839873 -0.69565165 0.12542851 76
2.9268491 -0.72503269 0.032531396 42
2.1885118 -0.55001837 -0.042451873 4
6.0768876 -1.3381766 0.41780862 3
6.1238103 -1.3334898 0.22248507 17
4.5489168 -0.99042523 0.027285356 13
2.1979628 -0.4939234 -0.043597359 4
4.5505691 -0.90466839 0.31836566 82
4.5536575 -0.89248228 0.17136164 107
4.5507255 -0.87836009 0.024392018 55
2.1873662 -0.43500176 -0.043487415 4
4.5554557 -0.80057615 0.31445158 74
4.561491 -0.78335404 0.16743749 91
4.5615711 -0.76919746 0.02245269 53
2.2088158 -0.38072973 -0.044551335 3
4.5723634 -0.69835222 0.31047621 80
4.642488 -0.68743181 0.16611378 14
4.0494456 -0.58742231 0.0203635 0
2.2191343 -0.32613155 -0.046420407 3
9.5737667 -1.2099766 0.59161544 150
7.7418799 -0.9443922 0.24384286 72
2.2075837 -0.26806161 -0.046351861 3
9.58846 -0.99343479 0.58170938 150
7.7449827 -0.76400334 0.23797216 84
2.2040646 -0.21191621 -0.046266053 3
6.0698318 -0.50219268 0.37745064 63
6.0713964 -0.46294832 0.19049287 115
2.19647 -0.15499726 -0.046141077 3
6.07933 -0.36607617 0.37158942 21
6.0828843 -0.32481214 0.18662323 110
2.1988974 -0.10096936 -0.047080558 3
9.6294613 -0.35250914 0.55541104 150
7.7801962 -0.23031309 0.22256538 82
3.9403143 -0.096015051 0.012507563 0
2.2023094 -0.044941012 -0.046981372 4
4.7366714 -0.077672489 0.28934619 1
4.6274357 -0.036700871 0.14404209 131
4.6272964 0.00045182105 0.0071446095 41
2.2027371 0.0090480987 -0.047782462 3
4.6214595 0.029089993 0.27821815 121
4.6292815 0.070356734 0.14122382 127
4.6121163 0.11239085 0.0043704459 14
2.1852195 0.06495019 -0.047598489 4
4.6204872 0.13215096 0.27321878 110
4.6322532 0.17942624 0.13716868 118
4.6460552 0.22372216 0.0021038905 30
2.1897509 0.11992332 -0.047685917 3
4.635375 0.23720245 0.27021956 96
7.783463 0.490567 0.19956253 75
4.1652417 0.29832122 0.0039385292 1
2.1591976 0.17251563 -0.046383064 4
6.1304512 0.45716318 0.3377122 78
6.1277695 0.52530462 0.16089541 124
3.9543717 0.37887117 0.0043739295 0
2.2005606 0.23193151 -0.048406053 4
6.1269274 0.59406769 0.33235359 23
6.132205 0.66741365 0.15756251 115
3.9473464 0.47291887 0.0029193328 0
2.1999676 0.28799748 -0.048126061 4
6.1423831 0.73432225 0.32772303 106
7.8414497 1.0399816 0.18618797 69
2.3757596 0.34081155 0.015023505 57
2.2932093 0.35900253 -0.052518114 38
7.8826942 1.1240851 0.40109801 27
2.2789867 0.35265163 0.07955233 98
2.2703328 0.38264087 0.015637722 104
2.2696304 0.41572067 -0.051314592 70
2.1882246 0.36056501 0.13804412 80
2.0747581 0.37241748 0.073656656 92
2.0541809 0.39826959 0.015799433 106
2.241091 0.46838683 -0.051089775 74
1.9810354 0.37430689 0.12715566 90
1.8576772 0.37904504 0.068810605 86
1.8122145 0.39761832 0.018074593 85
1.9113683 0.44976816 -0.038376655 94
1.7919209 0.381248 0.1161626 84
1.6616384 0.38190392 0.063848302 77
1.6202282 0.39851439 0.019088497 69
1.6436228 0.43183857 -0.028989168 91
1.6178539 0.38436753 0.10708569 71
1.510599 0.3852722 0.060650818 71
1.4562634 0.39674217 0.019952102 79
1.4547776 0.42178771 -0.022006087 69
1.4728127 0.3858116 0.099853858 79
1.375578 0.38681898 0.057366122 59
1.3252795 0.39732593 0.021644684 73
1.3158389 0.42027879 -0.016274793 59
1.3577522 0.39057586 0.093467087 64
1.2835063 0.39582279 0.05586388 12
1.2332475 0.40432486 0.02213957 11
1.2098944 0.42112014 -0.01271484 11
1.2537295 0.3944504 0.088020436 12
1.1924869 0.40083516 0.053351957 11
1.145243 0.40936661 0.022613078 10
1.1209164 0.4251478 -0.0092366459 10
1.1746771 0.40159556 0.083449736 12
1.1114832 0.4049561 0.051788982 10
1.0632713 0.41147506 0.023053735 12
1.0489215 0.43036193 -0.0068437736 9
1.0916849 0.40369871 0.079895884 14
1.0544236 0.41433793 0.050108835 14
0.99528724 0.41473588 0.023424428 13
0.96204102 0.42541498 -0.0033831121 12
1.0286585 0.40901875 0.076242991 14
0.98145139 0.41554803 0.048504289 12
0.93329221 0.41906309 0.023766978 12
0.90506649 0.42879421 -0.0010677312 11
0.96366477 0.41131911 0.072598659 15
0.92545646 0.41894343 0.046814524 11
0.87631834 0.42144558 0.02408215 10
0.85505426 0.43525112 0.00021660207 11
0.91462553 0.41779321 0.069878571 13
0.86248124 0.41827103 0.045164347 11
0.81535822 0.41879809 0.024423242 11
0.78315866 0.42648584 0.0036120142 12
0.860578 0.41923276 0.067195475 18
0.82138991 0.42484784 0.044418667 11
0.771294 0.42334113 0.024690289 9
0.73513907 0.4279817 0.0048919735 14
0.81604487 0.42478532 0.064345099 17
0.76097906 0.42121229 0.043630168 11
0.7248466 0.42484248 0.024825271 11
0.6897192 0.42848247 0.0070150755 14
0.75710928 0.42013204 0.061650962 19
0.7209608 0.42476395 0.041847449 14
0.68287182 0.42537063 0.025048787 13
0.65669477 0.43410707 0.008198346 13
0.72009122 0.42371666 0.0598525 18
0.68793666 0.42939085 0.041029353 13
0.65381861 0.43304282 0.025213793 13
0.62169904 0.43671864 0.0093876375 15
0.68506604 0.42733711 0.05804326 18
0.65391463 0.4330259 0.040214691 13
0.61385548 0.43161342 0.025423361 12
0.58970821 0.43837413 0.010559361 14
0.65004891 0.42996469 0.056232344 17
0.62288588 0.43769369 0.04038544 12
0.57789707 0.4302263 0.026611712 12
0.55771124 0.44102964 0.011734148 13
0.61605495 0.4316012 0.054418992 16
0.58495963 0.43428528 0.039589111 12
0.55288541 0.435956 0.026763294 11
0.52875131 0.44271502 0.012902766 12
0.58508027 0.43326813 0.052597281 15
0.55200052 0.43493003 0.038777132 11
0.52292091 0.43763253 0.026937636 10
0.50574803 0.4484655 0.014046405 12
0.550138 0.43189296 0.050793462 14
0.53096515 0.44270444 0.037912838 10
0.50586337 0.44745046 0.02605563 10
0.47580981 0.44814169 0.01521938 12
0.53508043 0.44173238 0.04990055 14
0.50896233 0.44746915 0.037050378 10
0.47296906 0.44309449 0.027239224 10
0.44689336 0.4458288 0.01638525 11
0.50711608 0.44243366 0.048064496 13
0.4780359 0.44513714 0.036226574 10
0.44701466 0.44381538 0.027393792 9
0.43284112 0.45567897 0.016489387 11
0.47521144 0.43809152 0.04724355 12
0.45110333 0.44384742 0.036383871 9
0.40690321 0.45539957 0.017643834 11
0.45618954 0.4428938 0.045368619 11
0.43702635 0.45270708 0.03549023 9
0.41689554 0.46050644 0.027614208 9
0.3809329 0.45213628 0.018800538 10
0.43215084 0.44465512 0.044522528 11
0.41103661 0.45044553 0.03564889 9
0.35498011 0.44786811 0.019950233 7
0.40716401 0.44339511 0.043666389 12
0.38604808 0.45018071 0.034788974 7
0.3639859 0.4529528 0.02791108 6
0.37595373 0.46107078 0.034860317 8
0.31994852 0.45548648 0.021152459 9
0.37804624 0.4570834 0.040845662 10
0.32599348 0.45654017 0.028122822 7
0.32809132 0.45354936 0.034099132 2
0.28893408 0.46414188 0.022316508 9
0.32098612 0.46746656 0.03414477 8
0.29499948 0.4641937 0.02827579 7
0.31815964 0.45642477 0.038136221 11
0.30004859 0.46523625 0.033241857 6
0.25205365 0.46173075 0.023486758 9
0.31005996 0.46933356 0.037185684 9
0.25810573 0.46378711 0.028462425 8
0.26230609 0.46184704 0.033546917 7
0.22130957 0.46643579 0.024842834 8
0.27340367 0.46798488 0.03560606 8
0.22836478 0.46949998 0.028840702 7
0.2324421 0.46651784 0.032807399 6
0.19039236 0.46906593 0.026027678 8
0.24242288 0.47160241 0.034754343 8
0.1954536 0.467096 0.028990591 7
0.20288593 0.46897122 0.032020446 6
0.16283818 0.47054952 0.027249254 7
0.21381654 0.4760848 0.033997431 8
0.168834 0.47160268 0.029237358 6
0.17582041 0.4736501 0.031208007 6
0.13578482 0.47521028 0.028423375 7
0.18672661 0.48274201 0.03216828 8
0.13885175 0.469217 0.029402943 6
0.14776854 0.47728738 0.030372147 5
0.10585059 0.46882325 0.029582126 7
0.1547658 0.47733802 0.030339947 7
0.11087453 0.46685115 0.030556984 5
0.11979686 0.47392264 0.030524852 5
0.0788626 0.46746746 0.030731659 6
0.12677829 0.47497502 0.029494137 7
0.087774128 0.475539 0.030701103 5
0.092805773 0.47358868 0.029673062 6
0.053896606 0.46716726 0.031866457 6
0.099809334 0.47466376 0.028638653 7
0.062782265 0.47926337 0.030838681 6
0.064912938 0.46828702 0.02881147 6
0.031831004 0.47892722 0.031999938 7
0.070950128 0.46635306 0.026777377 7
0.036863644 0.47798115 0.030972432 6
0.037108876 0.45698422 0.028939214 5
0.0050134514 0.46963334 0.03312543 6
0.046021853 0.46709344 0.025909707 6
0.0091493102 0.46071556 0.031098118 5
0.017067593 0.47184429 0.02808181 5
-0.020682396 0.45444325 0.034254715 5
0.02408337 0.47280481 0.024011694 6
-0.011840179 0.47113425 0.031122748 5
-0.0039496613 0.48322469 0.027103046 6
-0.039856259 0.47981682 0.035285894 6
0.0020751217 0.4812955 0.023068806 7
-0.032984782 0.49189737 0.031270776 6
-0.029741552 0.46993619 0.027217569 5
-0.063852914 0.48554668 0.036423072 7
-0.024682574 0.46399799 0.022181522 6
-0.057730265 0.47362062 0.031371251 5
-0.052657112 0.46668172 0.027333349 5
-0.086770348 0.48229268 0.036538277 6
-0.04668168 0.46775603 0.021303501 6
-0.081582211 0.46435633 0.031479385 5
-0.075667039 0.47142926 0.026458828 5
-0.10867164 0.47804984 0.037641149 6
-0.069707848 0.47350577 0.019429686 6
-0.1037396 0.48311338 0.031622335 6
-0.098225124 0.48254296 0.025683027 5
-0.13318239 0.48614833 0.037870932 7
-0.093081236 0.46860623 0.018635346 6
-0.12717274 0.48522007 0.031838391 6
-0.11989903 0.46133929 0.025771243 5
-0.15598658 0.47896114 0.038991392 6
-0.11392128 0.46445635 0.017752694 6
-0.14883797 0.4670876 0.032944229 5
-0.14278379 0.46175534 0.024800405 5
-0.1777719 0.47030437 0.03999 6
-0.13783671 0.46677858 0.016776197 6
-0.1749189 0.48334503 0.03299902 6
-0.16892067 0.48142412 0.023965081 6
-0.20275284 0.47502384 0.040132601 7
-0.16296618 0.483502 0.014938337 7
-0.19674553 0.4730987 0.033098631 5
-0.19286773 0.48115852 0.02309156 6
-0.22979133 0.4837229 0.041289374 7
-0.18477693 0.4702611 0.014030649 6
-0.22172843 0.47582349 0.033233523 6
-0.21678467 0.47789544 0.023208529 5
-0.25162724 0.47348216 0.0423816 6
-0.20766683 0.46401194 0.013134954 6
-0.24563499 0.4715637 0.033344258 5
-0.24067463 0.47163767 0.022315694 5
-0.27535349 0.46933171 0.043418355 6
-0.23452637 0.47083071 0.011207657 6
-0.26832768 0.46442333 0.033374939 5
-0.26440483 0.46848363 0.022362581 5
-0.29616794 0.45810014 0.043512501 6
-0.25944355 0.46855634 0.010338203 6
-0.29530486 0.46812564 0.033525974 6
-0.29449013 0.47523576 0.02166523 6
-0.33247873 0.47691023 0.046072941 8
-0.28970179 0.4794403 0.0078516314 7
-0.32344919 0.46903285 0.034014657 6
-0.32053679 0.47408354 0.021010997 6
-0.36652184 0.4865396 0.047275435 9
-0.3196798 0.48211774 0.0060206475 7
-0.35545969 0.47667941 0.034201596 7
-0.3535434 0.47972271 0.020197364 6
-0.34759977 0.4798114 0.0051670014 7
-0.38741779 0.47832772 0.03437563 7
-0.38653892 0.4843618 0.019381789 7
-0.37955734 0.48046297 0.0033392978 7
-0.4244296 0.48492134 0.034584269 8
-0.41987815 0.4846901 0.018276284 8
-0.46065262 0.48019078 0.050479058 9
-0.41594875 0.48476446 0.0012517567 9
-0.45267457 0.47630724 0.03442711 8
-0.45161083 0.48045844 0.017357646 8
-0.49742466 0.4809002 0.051598944 9
-0.45072949 0.48449907 -0.0016392739 9
-0.49348962 0.48097071 0.03457946 8
-0.483473 0.47310841 0.016515099 8
-0.54547125 0.49137154 0.052870169 10
-0.48664007 0.48110697 -0.0034542088 9
-0.53352928 0.48066115 0.03499933 9
-0.52562481 0.4748717 0.016088763 9
-0.55863905 0.48548451 0.035280015 8
-0.5247519 0.4789142 -0.0049039279 10
-0.58160782 0.48622745 0.035409443 10
-0.57060957 0.47838017 0.014338844 10
-0.63449836 0.48961389 0.056695644 12
-0.57375664 0.48338237 -0.0076358509 11
-0.59660405 0.48009717 0.013479789 8
-0.62045693 0.47779936 0.035602365 9
-0.65642804 0.48637077 0.057806849 12
-0.58762157 0.47323009 -0.0085785631 10
-0.61652845 0.47587764 0.01357882 9
-0.64341372 0.47654703 0.035722245 10
-0.67835242 0.48212975 0.057916258 12
-0.6105836 0.47197944 -0.0094586415 11
-0.64251184 0.47659412 0.012717878 10
-0.6683594 0.47427315 0.035850827 10
-0.70430392 0.48084283 0.059051707 13
-0.63959384 0.47466472 -0.011300416 12
-0.6704843 0.47628906 0.011865621 10
-0.69836432 0.47694582 0.035014156 10
-0.73528719 0.4825016 0.060218472 14
-0.66556084 0.47338325 -0.013164917 13
-0.69744605 0.47499493 0.01100629 10
-0.72632074 0.47563905 0.035159998 11
-0.76625997 0.48315987 0.061383396 14
-0.69251674 0.47109073 -0.015025963 13
-0.72842908 0.47565651 0.010171284 10
-0.75727689 0.47429934 0.035321459 11
-0.79518944 0.47984037 0.062530831 15
-0.72652638 0.47372115 -0.016841758 14
-0.75838631 0.47432706 0.009329618 10
-0.79024607 0.47493201 0.035501018 11
-0.82914388 0.47945866 0.062715963 15
-0.75344545 0.46941939 -0.018697614 14
-0.78831506 0.47099507 0.0084931031 11
-0.82318467 0.4725703 0.03568374 11
-0.86308134 0.47708958 0.063905641 15
-0.7854017 0.46708059 -0.020516727 15
-0.81925547 0.46766558 0.0076667983 11
-0.85410899 0.46823958 0.035855494 12
-0.89499283 0.47174045 0.0650784 14
-0.81837016 0.46471041 -0.022339676 16
-0.84717381 0.46033317 0.0068024183 11
-0.88605261 0.46284601 0.036008902 13
-0.94101816 0.47418025 0.067314573 14
-0.85134089 0.46029973 -0.024183415 16
-0.88517135 0.45886561 0.0059899106 12
-0.92402351 0.45937619 0.03619279 12
-0.99809128 0.48050016 0.068615042 17
-0.88530052 0.45487756 -0.026023863 14
-0.92012572 0.45343029 0.0051545608 9
-0.97204757 0.46079636 0.036437608 13
-1.0460614 0.47892633 0.070860162 18
-0.93633324 0.45729372 -0.0297502 13
-0.97012562 0.45486355 0.0034267688 10
-1.0169773 0.45729157 0.035680346 10
-1.0980024 0.47733861 0.072142825 17
-0.97725689 0.45283306 -0.031532951 16
-1.0130382 0.44937322 0.0016424543 10
-1.0799865 0.46157163 0.036008079 11
-1.1539292 0.47468871 0.073412381 13
-1.0272061 0.45025137 -0.03430305 14
-1.0770462 0.4526369 -4.3431603e-05 11
-1.138961 0.46090168 0.036306046 11
-1.2289785 0.4798544 0.076822333 10
-1.1015669 0.45710981 -0.040378086 8
-1.1101587 0.43894294 -0.0013660117 9
-1.1991591 0.45690328 0.036135186 12
-1.2941487 0.4757916 0.077669948 11
-1.16053 0.45244974 -0.044089273 9
-1.2022779 0.44891962 -0.0038759832 9
-1.272149 0.4560847 0.035505164 10
-1.375122 0.4748807 0.080082372 1
-1.2325492 0.45265266 -0.048719905 9
-1.2762601 0.4471038 -0.006495385 9
-1.3641646 0.45907268 0.03599399 10
-1.3255913 0.45564723 -0.05422046 9
-1.3753133 0.45202926 -0.009960792 9
-1.4527453 0.46727484 -0.062525094 6
-3.967196 1.2969661 -0.10273636 6
-5.7632909 1.8181764 0.032710079 3
-5.7772951 1.740105 0.23091468 32
-4.0286164 1.2779522 -0.24822211 2
-3.9799268 1.2002275 -0.10163204 70
-4.0648046 1.1680704 0.03374568 8
-5.7845807 1.6040488 0.22960359 22
-4.0382648 1.176846 -0.24643204 31
-3.9896166 1.1021222 -0.10083561 6
-9.7807789 2.5094647 0.3631883 1
-0.41888008 0.03056808 0.01434354 3
-0.44886547 0.017337581 0.012625367 4
-0.40068331 0.0088379774 0.026361197 2
-0.41424337 -0.033187568 0.015592268 4
-0.46294093 -0.053758703 0.012746221 4
-0.43673146 -0.068433374 0.014876477 3
-0.38154161 -0.074811511 0.018549507 2
-4.1525517 -1.2034904 0.024085037 7
-4.1653371 -1.3322066 -0.21807767 41
-4.1010404 -1.3017212 -0.093369901 81
-4.1623931 -1.3085762 0.022888064 51
-11.022585 -3.4338651 0.31066999 3
-4.1581321 -1.4400177 -0.21737868 39
-4.1048846 -1.4076544 -0.093570583 77
-4.1732368 -1.4165897 0.021761663 51
-10.435908 -3.5054569 0.29078373 40
-4.1649222 -1.5530975 -0.21648335 35
-4.1176772 -1.5198071 -0.093639977 66
-4.1701035 -1.5215722 0.020630348 57
-10.015771 -3.6149132 0.27567753 104
-4.1786275 -1.6732674 -0.21755359 12
-4.1155071 -1.6278048 -0.093767665 60
-4.1679597 -1.6275659 0.019506937 52
-10.02604 -3.8710184 0.27043369 103
-4.118299 -1.7398545 -0.09487287 43
-4.1767402 -1.7406772 0.018430084 41
-10.040236 -4.1341667 0.26520938 45
-4.1180549 -1.8518634 -0.094897836 26
-4.1665263 -1.8465697 0.017459106 34
-14.351858 -6.2916317 0.35549736 22
-4.130703 -1.9729959 -0.095930435 5
-4.1802173 -1.9667168 0.015324288 12
-5.9740071 -2.7672517 0.16487172 36
-4.1779571 -2.0816915 0.014123196 2
-5.9862056 -2.9343748 0.16065937 17
-6.0360022 -3.1282599 0.15752567 1
-0.79106516 -0.84237885 -0.0075952429 0
-0.74816346 -0.83092076 -0.0047903094 8
-0.77599949 -0.8392477 0.01033216 4
-0.70036989 -0.80940968 -0.0019910345 10
-0.74005353 -0.83286148 0.011163604 7
-0.76194888 -0.83612263 0.025265066 5
-0.67826152 -0.81817311 -0.0011156278 21
-0.69325954 -0.81235719 0.011967991 10
-0.71911675 -0.81965882 0.025082406 8
-0.74895626 -0.82900238 0.03721261 6
-0.64037091 -0.80576724 0.00071965577 19
-0.6642397 -0.81204623 0.012825383 10
-0.68417352 -0.81228244 0.024922092 10
-0.70414436 -0.80951685 0.036024064 9
-0.61430597 -0.80849063 0.0025853696 19
-0.63325548 -0.80771464 0.01367898 10
-0.65317273 -0.8099488 0.02477216 12
-0.67314857 -0.80718207 0.034874119 12
-0.58334923 -0.80116105 0.0044443985 18
-0.60621727 -0.80842578 0.014543423 10
-0.62221706 -0.80361402 0.024633294 11
-0.65401125 -0.81795949 0.033794619 16
-0.55830652 -0.80186301 0.00538878 18
-0.58019018 -0.80811363 0.014488011 11
-0.59519845 -0.80229372 0.024570806 11
-0.61911345 -0.80557024 0.032683901 18
-0.52540123 -0.78851789 0.0072622714 16
-0.55120802 -0.80181545 0.015367582 11
-0.57015598 -0.80203837 0.023461826 10
-0.59011441 -0.8012718 0.031562585 18
-0.50037664 -0.78526741 0.0091584502 15
-0.52322102 -0.79553115 0.016254691 11
-0.54708678 -0.80380535 0.023359258 11
-0.56310451 -0.79799438 0.030449228 17
-0.48123762 -0.79307878 0.010064884 16
-0.5011518 -0.79730862 0.016157091 10
-0.52205038 -0.80255067 0.023252409 11
-0.53808367 -0.79573798 0.029343879 14
-0.45915282 -0.79585797 0.01096583 16
-0.47418639 -0.78903425 0.01705239 10
-0.49507892 -0.79527467 0.02314608 11
-0.51698703 -0.80052394 0.028246269 16
-0.43318734 -0.78759408 0.011866023 16
-0.45309073 -0.79282349 0.017956639 9
-0.47203138 -0.79504061 0.023047401 12
-0.49296591 -0.79827803 0.027146118 16
-0.40918455 -0.78235257 0.013770747 15
-0.43299982 -0.79662156 0.017866071 10
-0.44411445 -0.78275341 0.022944229 11
-0.4689669 -0.7940321 0.026049253 16
-0.38622868 -0.77614409 0.014636456 14
-0.41007897 -0.79245633 0.018647263 9
-0.42514476 -0.78766024 0.022668453 9
-0.44412872 -0.78787482 0.025753608 15
-0.37018234 -0.78706622 0.015388078 15
-0.38425273 -0.77922744 0.018461889 10
-0.40415019 -0.7874524 0.021539008 12
-0.42313415 -0.78766698 0.024624268 14
-0.34627506 -0.77783072 0.016258087 14
-0.36233002 -0.7760458 0.019296728 7
-0.379401 -0.77629209 0.021313047 12
-0.40421063 -0.79256546 0.023406412 15
-0.32156458 -0.76165897 0.017057758 13
-0.34628758 -0.78593177 0.01913823 11
-0.35743403 -0.7710557 0.021214658 10
-0.37736803 -0.77627391 0.022301799 14
-0.30754456 -0.77721179 0.018138325 14
-0.32065701 -0.76535636 0.020222321 10
-0.33954763 -0.77456284 0.021298697 11
-0.3556051 -0.76873595 0.021386761 13
-0.28563499 -0.76597822 0.019049032 13
-0.30257976 -0.77016342 0.020124419 9
-0.31957987 -0.76934266 0.021222793 11
-0.33948836 -0.77753997 0.020343002 14
-0.26373315 -0.75370717 0.020050155 11
-0.28357461 -0.76792276 0.020121679 10
-0.29860315 -0.76408803 0.021202032 8
-0.31850827 -0.77230501 0.020287305 13
-0.24952835 -0.76856565 0.020963185 13
-0.26167706 -0.75369966 0.021050079 7
-0.28247401 -0.77192712 0.02012291 10
-0.29561687 -0.75807005 0.019212661 9
-0.22763814 -0.75334394 0.021895204 12
-0.24746738 -0.76856124 0.020968676 9
-0.2605564 -0.75970393 0.020049604 9
-0.28142279 -0.77192998 0.018133145 13
-0.21339607 -0.77120525 0.021809181 13
-0.22751722 -0.75935876 0.020899838 9
-0.24346556 -0.76353353 0.019972991 10
-0.25856403 -0.75469482 0.017063187 12
-0.19350599 -0.75600457 0.022750469 13
-0.2113615 -0.76919866 0.020818325 10
-0.22447689 -0.75834 0.018902065 10
-0.24529383 -0.77556509 0.015977824 13
-0.17637773 -0.76283497 0.023669392 12
-0.19235247 -0.76500803 0.021745974 10
-0.20932114 -0.76819044 0.018825721 9
-0.22632702 -0.76837152 0.014910368 12
-0.15835808 -0.75965446 0.024600193 12
-0.17527249 -0.76783657 0.021671893 8
-0.19034931 -0.76099849 0.018758176 10
-0.20827323 -0.76918834 0.013834734 12
-0.14137149 -0.75752389 0.025464477 12
-0.15741184 -0.7597425 0.021453805 9
-0.1734298 -0.7619369 0.017482961 9
-0.19039878 -0.76711839 0.012549989 12
-0.12440447 -0.76043308 0.025232121 12
-0.14041191 -0.76160508 0.021300692 8
-0.15638672 -0.76577723 0.017364504 9
-0.17154978 -0.75293738 0.012451018 10
-0.10643201 -0.75726467 0.026119666 12
-0.12249321 -0.76047635 0.022142209 9
-0.13859332 -0.75867677 0.017184693 9
-0.15555038 -0.76485145 0.011256304 12
-0.089591607 -0.75316226 0.026958307 12
-0.10552233 -0.76132768 0.022021925 8
-0.13755542 -0.76265651 0.010173284 11
-0.073526964 -0.75698978 0.026875475 12
-0.088446938 -0.76614428 0.021932662 9
-0.10455555 -0.75830925 0.016022 8
-0.12150636 -0.76548278 0.0090919156 11
-0.056393899 -0.76284665 0.027755115 12
-0.072409153 -0.75806713 0.021795848 9
-0.1034229 -0.7574603 0.0078852326 11
-0.039329343 -0.75577223 0.028598197 12
-0.055272739 -0.76290429 0.021678343 9
-0.071339235 -0.75906825 0.014759383 8
-0.08623676 -0.77121848 0.0068104328 12
-0.021150365 -0.76854777 0.028507212 13
-0.038303468 -0.75672287 0.021605639 8
-0.053201236 -0.76887351 0.013656691 10
-0.070423938 -0.75104713 0.005764727 9
-0.0052521126 -0.75537962 0.029450115 12
-0.020128271 -0.76952988 0.021497987 10
-0.037318572 -0.75470364 0.0136013 9
-0.052150041 -0.77385038 0.0036413111 12
0.012862817 -0.76218897 0.030351778 13
-0.0042237546 -0.7573601 0.021439269 8
-0.035271991 -0.75966948 0.0035815882 11
0.02881244 -0.75501841 0.030286387 12
0.014915803 -0.76815593 0.021332288 10
-0.0022401882 -0.75732726 0.012430353 8
-0.018173663 -0.76748496 0.0024902762 12
0.046876051 -0.75882649 0.031197688 13
0.030796804 -0.75498623 0.022280321 8
-0.0012854005 -0.75529718 0.0014348143 11
0.06389118 -0.75763708 0.031126674 12
0.048900407 -0.76178384 0.022192877 9
0.032824505 -0.75893885 0.011274847 9
0.017852044 -0.76608074 -0.00066375145 11
0.082977653 -0.7624253 0.032037918 13
0.066917337 -0.76058155 0.022118283 9
0.050874088 -0.7607367 0.011195455 9
0.034836862 -0.76188976 -0.00072899472 9
0.10101015 -0.76222473 0.032961957 13
0.083934553 -0.75939023 0.022048553 9
0.069983885 -0.76852125 0.010102058 9
0.051806092 -0.75669712 -0.0017925014 10
0.11475795 -0.74709356 0.032894962 12
0.10392266 -0.7671935 0.020915791 10
0.084704362 -0.75138277 0.01003181 9
0.072884694 -0.7734881 -0.0039445315 12
0.13692577 -0.75985247 0.033777338 14
0.11881302 -0.75402766 0.021873629 7
0.10898244 -0.7751115 0.0078895167 10
0.087745756 -0.75831789 -0.0049827537 8
0.15285636 -0.75067228 0.033725191 11
0.1419874 -0.76776856 0.020752139 10
0.12180971 -0.75596589 0.0088671921 7
0.10992669 -0.77306867 -0.0071012042 12
0.17398615 -0.75943822 0.03462122 14
0.1579396 -0.76058841 0.020696918 8
0.14189759 -0.76173985 0.0077725709 10
0.12585729 -0.76388848 -0.0071533672 9
0.19507875 -0.76520282 0.034522209 14
0.17594568 -0.7583856 0.020624565 10
0.16090989 -0.76052493 0.0066939117 9
0.14281569 -0.75769573 -0.008214809 11
0.20689023 -0.74506605 0.034506623 12
0.19804926 -0.76513934 0.020519456 11
0.17685126 -0.75234473 0.0066405162 9
0.16905665 -0.77840024 -0.011360791 13
0.23303184 -0.76079392 0.034345549 14
0.21284217 -0.75199407 0.020450424 7
0.20192203 -0.76708513 0.0044836104 11
0.18379745 -0.76225609 -0.011423315 7
0.25607216 -0.76654834 0.035233453 15
0.2390203 -0.76770979 0.020311212 10
0.22295931 -0.76885742 0.003384324 10
0.20486577 -0.7670269 -0.013528525 11
0.26689062 -0.74743259 0.03521309 12
0.26107627 -0.7704733 0.020204689 11
0.2388639 -0.75768667 0.003327911 9
0.22897713 -0.77576542 -0.015653929 12
0.29404804 -0.75914276 0.036069125 15
0.27290547 -0.75234658 0.020178137 7
0.26401237 -0.76941597 0.0021932162 10
0.24896987 -0.77354783 -0.017743116 8
0.31914705 -0.76587349 0.035942558 16
0.2969937 -0.75808829 0.020057756 10
0.28807425 -0.77315593 0.0010760271 11
0.2638675 -0.76038617 -0.017803846 9
0.34017918 -0.7656467 0.036835331 16
0.3220647 -0.76381487 0.018929146 11
0.30293468 -0.76099181 2.9532528e-05 8
0.28991812 -0.76910126 -0.019915435 11
0.35091269 -0.74453032 0.036842488 12
0.3450264 -0.76356673 0.018846048 12
0.32487941 -0.75775462 -4.9893741e-05 9
0.3159619 -0.77481622 -0.023034194 12
0.37800252 -0.75124013 0.03771054 16
0.37009305 -0.76729733 0.018723102 12
0.34790897 -0.7585054 -0.0011586839 10
0.34305131 -0.78152168 -0.025171345 12
0.40507987 -0.75594932 0.03757675 17
0.3849653 -0.75313741 0.018675951 8
0.37704173 -0.76918912 -0.0033114483 12
0.36301622 -0.77630562 -0.026256343 8
0.43215096 -0.75965965 0.038444668 18
0.40797302 -0.7518881 0.017570607 11
0.40206036 -0.76891881 -0.0044277688 12
0.38194397 -0.76809871 -0.028331768 8
0.4490557 -0.74847835 0.038383584 17
0.43807179 -0.75856489 0.0174198 12
0.42201445 -0.7627027 -0.0055109398 10
0.40796858 -0.76881588 -0.030454278 11
0.46698657 -0.73928738 0.039314691 16
0.46208444 -0.75730669 0.017310025 10
0.44600025 -0.75944328 -0.0066175661 11
0.43601468 -0.77151114 -0.032589223 10
0.49604192 -0.74197495 0.039175227 18
0.49113503 -0.75999314 0.016170559 10
0.47200802 -0.75816196 -0.007736613 9
0.46607798 -0.77618331 -0.035736527 12
0.52204847 -0.73969692 0.040057939 18
0.51409346 -0.75374621 0.016073687 10
0.49901596 -0.75687015 -0.0088601829 9
0.49306986 -0.77388984 -0.037858538 11
0.54501766 -0.73445052 0.039959595 19
0.5431121 -0.75343293 0.014939332 10
0.52499729 -0.75358808 -0.010975753 8
0.52108401 -0.77358592 -0.03998822 10
0.59023851 -0.75196618 0.040721729 22
0.58629155 -0.7679671 0.013715667 12
0.55502647 -0.7542634 -0.012116281 9
0.55108672 -0.77225995 -0.042125557 10
0.6192444 -0.74965358 0.040586364 24
0.61329633 -0.76467562 0.013581729 13
0.58406365 -0.75394589 -0.014273643 9
0.60440439 -0.79867411 -0.048447635 7
0.64930058 -0.74832827 0.041410301 24
0.64534241 -0.76332498 0.012396351 13
0.62016952 -0.75855094 -0.016487021 10
0.63745087 -0.79831016 -0.051639184 7
0.68170053 -0.74592364 0.041294243 24
0.67571759 -0.75994736 0.012302241 13
0.65859681 -0.76208758 -0.0186201 10
0.68393004 -0.80876398 -0.055806998 8
0.71368587 -0.74258465 0.041150223 20
0.70567209 -0.75362575 0.011172204 12
0.70572388 -0.77157748 -0.020853814 11
0.72094035 -0.80735677 -0.0589775 8
0.75174892 -0.74416894 0.04196905 20
0.74270725 -0.75321382 0.0099974023 12
0.74275631 -0.77116054 -0.023029968 11
0.76804024 -0.81382662 -0.063212082 8
0.79482454 -0.74668676 0.041758668 18
0.77771848 -0.74981874 0.0098336237 13
0.7777589 -0.76776218 -0.025193663 12
0.82118905 -0.82522911 -0.068482898 9
0.83688366 -0.74721569 0.042555407 21
0.82381099 -0.75430155 0.0086056711 13
0.84702951 -0.78999209 -0.029556775 9
0.89245647 -0.84843171 -0.075857043 7
0.87590605 -0.74477482 0.042370226 20
0.86886024 -0.75479472 0.0073877801 13
0.88703126 -0.78653735 -0.031745218 9
0.93947059 -0.84689832 -0.080081597 4
0.92900759 -0.74918264 0.043107986 19
0.92094773 -0.7592091 0.0051303157 13
0.9421196 -0.79191601 -0.036018409 10
0.96931744 -0.82954967 -0.083202764 1
0.96999711 -0.74371779 0.042916618 17
0.96495366 -0.75571066 0.0039218124 14
0.99718094 -0.79429519 -0.039287832 10
0.97699529 -0.79544348 -0.083195299 1
1.0180124 -0.74017781 0.043688547 18
1.026124 -0.75994849 0.0027371389 14
1.0613629 -0.7985059 -0.042464506 11
0.98376513 -0.76132333 -0.083067618 1
1.0771577 -0.74152499 0.043498725 19
1.0841755 -0.76142275 0.00041610323 11
1.1274251 -0.80284745 -0.046770856 11
0.99347198 -0.73124278 -0.083028629 1
1.1382116 -0.74285746 0.044281583 19
1.1411661 -0.75775975 -0.00074523292 12
1.2145715 -0.81688905 -0.053166334 11
1.0122128 -0.70603281 -0.084048964 0
1.2012233 -0.74216944 0.044020832 14
1.2051799 -0.75805801 -0.0030117745 12
1.2996681 -0.82595456 -0.058542803 10
1.0088342 -0.66906577 -0.082948379 0
1.2622029 -0.73850334 0.043775797 14
1.2842383 -0.76218361 -0.0053453608 13
1.3847151 -0.83001268 -0.063909888 46
1.010491 -0.63503331 -0.082883053 1
1.3372289 -0.73768103 0.044445358 15
1.3693048 -0.76625973 -0.0077444557 77
1.4526432 -0.82227212 -0.068212785 28
1.006133 -0.59908265 -0.081808962 1
1.4131198 -0.73386323 0.043989334 82
1.4552166 -0.76533031 -0.01025274 75
1.4741727 -0.78604025 -0.069370948 22
1.0117114 -0.56702548 -0.081889383 0
1.4981233 -0.73094493 0.044596765 79
1.5251096 -0.75357139 -0.012561801 68
1.472711 -0.74105698 -0.069298051 15
1.0144016 -0.53599745 -0.081856422 0
1.5750571 -0.72211301 0.044250697 86
1.6381745 -0.75834197 -0.01709665 82
1.4702542 -0.69608539 -0.068220466 14
1.0271407 -0.5098592 -0.082877524 0
1.6660124 -0.7151289 0.043836493 82
1.7280979 -0.7493664 -0.019503072 84
1.4708143 -0.65308022 -0.068159536 8
1.7720021 -0.71098375 0.044348937 82
1.8992937 -0.7665062 -0.025326133 119
1.4683843 -0.61110759 -0.068085425 6
1.9140607 -0.71344626 0.043683656 83
2.0854559 -0.78048396 -0.031214064 127
1.5111107 -0.58464181 -0.071244873 6
2.0691016 -0.71377134 0.043960836 82
2.2915912 -0.79224753 -0.038192399 78
1.4334291 -0.51749319 -0.065783188 6
2.2862575 -0.72442472 0.043933693 98
2.4313877 -0.77272886 -0.043813378 13
1.4661137 -0.4871296 -0.067900367 5
2.4912789 -0.72312385 0.042929482 99
2.3745699 -0.69526869 -0.042478323 5
1.481733 -0.45194593 -0.068936259 5
2.715255 -0.71869564 0.042909827 110
2.3669055 -0.63336033 -0.042331181 5
1.4913497 -0.41585097 -0.069919333 4
2.954941 -0.70713222 0.041766271 16
2.2838712 -0.55628544 -0.040843423 4
1.4746975 -0.37301576 -0.068761729 5
4.5588613 -0.96373433 0.042927016 75
2.2942865 -0.5011633 -0.04176233 4
1.4843193 -0.33690408 -0.069716513 3
4.561718 -0.85768872 0.041151389 82
2.2736602 -0.4413783 -0.041529451 4
1.4769239 -0.29797259 -0.069595411 3
1.076039 -0.2252941 -0.085615233 0
4.5675812 -0.75163406 0.038300522 85
2.2840965 -0.38726449 -0.042495836 4
1.4815344 -0.25992209 -0.070559174 3
2.2713902 -0.32940361 -0.04347549 4
1.4850588 -0.22288714 -0.070629932 4
2.2568064 -0.27356091 -0.044324104 4
1.4816742 -0.18492472 -0.070557736 3
2.2512479 -0.21962211 -0.04421787 4
1.4712896 -0.1470387 -0.070452817 3
2.2316747 -0.16483389 -0.045044445 4
1.471921 -0.11103173 -0.071401924 3
1.0685275 -0.082385547 -0.084467873 0
6.0867043 -0.29614392 0.022687795 13
2.2401309 -0.11274166 -0.046005283 4
1.4635462 -0.074123777 -0.071307033 4
1.0642501 -0.054433614 -0.08440578 0
2.2315676 -0.058834597 -0.04688371 4
1.4631821 -0.038128976 -0.071251005 4
1.0639729 -0.026438234 -0.084362797 0
4.6316352 -0.018920127 0.019923929 7
2.2090073 -0.0050827255 -0.047700319 3
1.4528211 -0.0022449649 -0.07115072 4
1.0726988 0.00065731665 -0.086364321 1
4.5765319 0.083480448 0.016335193 3
2.1874812 0.045685515 -0.047522869 4
1.4454195 0.034687512 -0.071065389 5
1.0653796 0.028574994 -0.085293628 0
4.635325 0.19133857 0.014205722 71
2.1728952 0.096588954 -0.048380818 3
1.4450302 0.069689423 -0.072005443 5
1.0690832 0.056612272 -0.086261019 0
4.1864843 0.26643342 0.013456265 0
2.1563401 0.14840011 -0.049209513 3
1.4366573 0.10558312 -0.071902163 5
4.15449 0.35807076 0.010784561 0
2.1138492 0.19493057 -0.048908647 5
1.425302 0.13946438 -0.071766585 5
4.0166202 0.43758461 0.0085927807 0
2.124294 0.24705127 -0.050862081 5
1.4478866 0.17871499 -0.074807987 7
2.1536994 0.30337358 -0.052911121 7
1.4295375 0.21351235 -0.073667727 8
2.3274333 0.36016086 0.01636783 66
2.198061 0.36286265 -0.057025064 25
2.2280459 0.39708576 0.014886353 105
2.1855202 0.4147357 -0.057890713 59
1.4557248 0.29180917 -0.077671796 2
1.9880052 0.4024747 0.016011862 97
2.1560247 0.46242329 -0.058682978 58
1.4752872 0.33403051 -0.079698361 2
1.7680482 0.40008026 0.016039923 82
1.9221109 0.45986214 -0.049588602 57
1.4310271 0.36154842 -0.077444553 5
1.5960661 0.40120035 0.01684048 71
1.6843288 0.4462454 -0.040511686 135
1.4286579 0.39951041 -0.078395896 19
1.4481151 0.40056872 0.016503792 72
1.4915224 0.43511376 -0.033654958 97
1.4452286 0.44267738 -0.081434943 0
1.0492942 0.34037042 -0.088743903 0
1.3211614 0.40017182 0.01707672 72
1.3466318 0.42952389 -0.028994041 66
1.4019827 0.46820861 -0.079190835 21
1.0599374 0.37350461 -0.090724468 0
1.2327968 0.40626675 0.016456082 12
1.2403572 0.4294104 -0.025546573 11
1.3474628 0.4886544 -0.075959116 5
1.1556793 0.41242766 0.016842967 15
1.1562713 0.43349227 -0.02212725 10
1.2126185 0.47517389 -0.066328809 61
1.0796623 0.41459429 0.016211776 16
1.0812576 0.43666545 -0.019761819 10
1.1167049 0.47110566 -0.059872743 10
1.0096549 0.41681612 0.01656309 16
1.0003251 0.43276861 -0.017362928 12
1.0287981 0.46613726 -0.053439889 9
0.94864166 0.41915444 0.016871784 18
0.93732578 0.4350802 -0.015051839 12
0.95189416 0.46128976 -0.048081104 11
0.89761257 0.42359751 0.016118623 20
0.88530606 0.43950897 -0.013800444 11
0.87302589 0.45341963 -0.042722572 9
0.93329114 0.5051378 -0.081927359 7
0.85356081 0.43011662 0.015335727 22
0.82635653 0.43786085 -0.011525939 11
0.81210339 0.44974828 -0.039442036 10
0.85645443 0.49528766 -0.074582078 9
0.80158198 0.43054923 0.015579726 22
0.77440464 0.43629315 -0.010285436 9
0.76215011 0.44919974 -0.036209583 9
0.79557037 0.4896155 -0.068306193 8
0.75262582 0.42901611 0.015806103 19
0.72248006 0.43272418 -0.0080480091 9
0.7151978 0.44868463 -0.032989576 9
0.7108888 0.46667832 -0.058942027 11
0.71263397 0.43058363 0.014999234 18
0.69046003 0.43737802 -0.00788642 10
0.67424691 0.44823587 -0.029793881 11
0.66994309 0.4662284 -0.054746348 9
0.67664039 0.43319055 0.015170501 17
0.64752597 0.43590164 -0.0056956955 12
0.64423662 0.45389843 -0.028659841 12
0.63200682 0.46679595 -0.050589822 10
0.6476317 0.4388614 0.015291859 17
0.62349468 0.44362703 -0.0055944435 12
0.60730278 0.45347977 -0.026510356 11
0.59011543 0.46332034 -0.046421625 10
0.61367118 0.43948168 0.014431546 16
0.58953196 0.44425172 -0.0044403165 11
0.5753324 0.45413253 -0.024350954 11
0.55417067 0.4609361 -0.043233342 10
0.57570392 0.4370853 0.014640602 15
0.55754179 0.44392133 -0.0042556683 10
0.54334098 0.45479935 -0.022164285 10
0.52914572 0.464679 -0.041074269 9
0.54670298 0.43778694 0.01481321 14
0.54340917 0.45678589 -0.0041343076 10
0.50939274 0.45144454 -0.019973453 10
0.50213206 0.46740034 -0.038906455 10
0.52266473 0.44154435 0.013967967 13
0.50945765 0.45343128 -0.002944414 10
0.48042345 0.45013958 -0.018812381 9
0.47020942 0.46305516 -0.035744715 10
0.50459647 0.44935191 0.013073594 13
0.48347491 0.45414656 -0.0028195546 9
0.46633586 0.4609831 -0.017728405 8
0.44325161 0.46275494 -0.032616891 11
0.47464633 0.44702363 0.01321248 12
0.44759995 0.44575021 -0.00066190353 8
0.41432205 0.45943475 -0.030484444 7
0.44273999 0.44067365 0.013354425 11
0.44243681 0.46269423 -0.0016109473 9
0.41540125 0.46042126 -0.015486996 8
0.40518576 0.47433403 -0.030417917 10
0.43064275 0.45154193 0.012428877 11
0.40956795 0.45333242 -0.00046915808 9
0.37867498 0.44599748 0.00066724652 1
0.34545174 0.45667788 -0.024159631 4
0.38272673 0.44802627 0.012653149 3
0.36561212 0.45386016 0.00074282737 5
0.355416 0.46677104 -0.012189371 8
0.33436063 0.46756008 -0.023088785 7
0.37357995 0.45898822 0.011803969 10
0.35547701 0.46488267 -5.9025941e-05 7
0.33937848 0.47079796 -0.010931201 6
0.32029763 0.47468278 -0.022792514 8
0.3506704 0.45702559 0.011076226 10
0.29247531 0.46454903 -0.019576097 5
0.31832033 0.46900901 0.00079187809 7
0.29433224 0.46376592 -0.0080928113 5
0.31940031 0.46600527 0.010806004 10
0.25332573 0.46034041 -0.01585651 6
0.28922957 0.47770065 0.0010050775 7
0.26031134 0.46739873 -0.0068774247 5
0.28638071 0.4706479 0.009989908 9
0.22825532 0.47305888 -0.013721552 7
0.25231266 0.47628975 0.0021667115 7
0.22936256 0.46905223 -0.0047335736 5
0.2494915 0.46524143 0.010161105 8
0.19533068 0.47169277 -0.011560375 7
0.22330786 0.48097232 0.0013198027 6
0.20036279 0.47373316 -0.004580616 5
0.22047588 0.47092408 0.0093160234 8
0.16344374 0.4673363 -0.0084100384 7
0.19136758 0.48061889 0.00247782 6
0.1723786 0.47742289 -0.0034346904 5
0.19050361 0.47259602 0.0084680067 8
0.13352983 0.46500307 -0.0062659718 7
0.16046555 0.47627887 0.0026231089 6
0.14147554 0.4740791 -0.0012876455 5
0.16059677 0.4682686 0.0076083695 8
0.1075564 0.4677152 -0.0051321872 6
0.13151994 0.47596002 0.0027659631 6
-1.4426272 0.48213875 -0.1367498 12
-4.0034328 1.2321519 -0.022886591 55
-3.9835544 1.1865979 -0.16306292 62
-4.0143757 1.138034 -0.02100045 16
-1.9020865 0.50524408 -0.19063972 2
-4.0522957 0.072646931 -0.14662741 7
-3.2831094 -1.0080719 -0.22363205 0
-4.1219049 -1.3663397 -0.15335214 61
-4.1213932 -1.3555361 -0.01533831 69
-4.1167531 -1.4682772 -0.15447465 57
-4.1351657 -1.4627175 -0.017316423 98
-4.1324415 -1.5796187 -0.15729648 44
-4.1309505 -1.5648174 -0.019255025 68
-4.1292405 -1.6866046 -0.15844065 27
-4.1347742 -1.6708609 -0.021393895 50
-4.1339984 -1.7986588 -0.16058344 11
-4.1515098 -1.7850466 -0.023484139 45
-4.1393681 -1.8879147 -0.02569242 25
-4.1202383 -1.9907328 -0.028952003 8
1.1185472 -0.8014943 -0.074244745 25
1.1328019 -0.73227572 -0.073264375 21
1.3476719 -0.80102795 -0.042186886 88
1.3614985 -0.75405395 0.0069051962 100
1.4479008 -0.81107718 -0.047503248 77
1.4485502 -0.75613779 0.0065621207 82
1.5338987 -0.80916697 -0.050837167 73
1.521482 -0.7473681 0.0052882973 99
1.6195875 -0.8040483 -0.055360764 49
1.6051399 -0.74026674 0.0047692331 90
1.6753341 -0.78144562 -0.057560649 44
1.6980765 -0.73427826 0.0034073491 99
1.7009411 -0.74417353 -0.058616031 15
1.8230461 -0.73511106 0.0011561576 107
1.6933874 -0.69441545 -0.05729571 12
1.98918 -0.74535435 -0.0014915139 108
1.7661953 -0.67464429 -0.060549501 8
2.1953747 -0.76117527 -0.0042995559 150
1.7175771 -0.61117733 -0.057301734 6
2.4296305 -0.7767607 -0.0082952389 150
1.7221859 -0.56716651 -0.05730813 6
2.6576564 -0.77931476 -0.012205957 80
1.7156934 -0.52119672 -0.056254998 5
2.8594964 -0.76513118 -0.016006485 34
1.7342647 -0.48195988 -0.057306878 5
2.8507295 -0.69317561 -0.014921705 5
1.7458082 -0.43979856 -0.057328038 5
2.8149216 -0.61750686 -0.013726549 5
1.7293036 -0.39293525 -0.05623411 5
2.8303866 -0.553478 -0.013643255 4
1.7610561 -0.35572422 -0.058192741 4
2.8437173 -0.48832467 -0.014608668 5
1.7516168 -0.31182483 -0.057097781 4
2.9211485 -0.4324922 -0.015836747 3
1.7650208 -0.26955423 -0.058207944 4
2.8260369 -0.3532781 -0.014599134 4
1.7624522 -0.22648972 -0.058223277 4
2.8713853 -0.29179716 -0.015700877 4
1.7469963 -0.18265374 -0.057107888 5
2.8987274 -0.22752227 -0.01572486 3
2.8750448 -0.16074269 -0.015591832 1
1.7501491 -0.098731957 -0.05812598 5
2.9083469 -0.094429024 -0.01767109 4
2.8256357 -0.027345385 -0.016051931 5
1.7542753 -0.014704878 -0.058904499 6
2.8260205 0.035599712 -0.016893946 4
2.8134477 0.10058205 -0.016549762 4
1.7455924 0.067097396 -0.059660163 5
2.8518305 0.16790569 -0.018625384 5
1.7312733 0.1088436 -0.059487537 6
2.824204 0.23051623 -0.019335831 5
1.7307609 0.14988431 -0.060446583 6
2.7921417 0.29347122 -0.019764658 5
1.6910678 0.18768714 -0.059595034 7
2.6805072 0.34417769 -0.019298049 6
1.7124164 0.23189858 -0.061647609 7
2.35043 0.35622704 -0.012164185 58
1.7260963 0.27676377 -0.061613116 7
2.291605 0.40125281 -0.012034392 80
1.687305 0.31196582 -0.060525741 7
2.1493647 0.42778173 -0.010389785 150
1.7786733 0.37394738 -0.066858292 7
1.8764937 0.41888899 -0.0052391682 138
1.6854743 0.39593929 -0.062444884 9
1.6555849 0.41055349 -0.0013002005 94
1.6940063 0.44103903 -0.064413711 25
1.483668 0.40448171 0.0023631481 84
1.6297523 0.46700594 -0.062236082 45
1.4609221 0.45722649 -0.052521411 102
-3.9879706 1.2371894 -0.053459305 74
-1.8825378 0.59973329 -0.18804158 1
-3.988009 1.1993812 -0.18154845 54
-3.9909081 1.1411457 -0.049634118 17
-1.8840072 0.55271012 -0.18713804 2
-3.1028411 0.89184386 -0.2312371 0
-1.8854542 0.504691 -0.18521117 2
-4.053072 0.08158534 -0.15390736 7
-3.1747386 -0.9698211 -0.21589452 0
-3.1359727 -1.0374324 -0.21314213 0
-4.1183925 -1.3579887 -0.14627068 59
-4.1418982 -1.3564674 0.0018080416 65
-4.1222396 -1.463053 -0.14643186 59
-4.1467676 -1.459542 0.0016531829 65
-4.1270695 -1.5701262 -0.1475931 45
-4.146626 -1.5635642 0.0014794564 63
-4.1248956 -1.677126 -0.14777844 26
-4.1584196 -1.6737132 0.0013368357 46
-4.1130605 -1.7821274 -0.14757244 10
-4.159534 -1.7808453 0.0015967879 39
-4.1543474 -1.889784 0.0014104696 17
-4.162097 -2.0048606 0.0012614833 2
-1.0779607 -0.94299132 0.027071647 0
-0.09644299 -0.75561512 0.016061334 9
-0.034515254 -0.75293458 0.0008595757 11
-0.049339417 -0.76809847 0.0048854086 9
-0.064401411 -0.7602666 0.01094573 9
-0.079374358 -0.76143181 0.01499253 11
-0.016287429 -0.77373952 -0.00023483379 13
-0.033455219 -0.75592965 0.005847076 8
-0.04737363 -0.76208413 0.0098836217 9
-0.063331448 -0.76426041 0.013933925 12
-0.00042106901 -0.75857466 0.0017353739 11
-0.015325753 -0.76574016 0.0057749054 9
-0.030336507 -0.76290619 0.0098294476 9
-0.045308135 -0.76407075 0.012878003 11
0.017693661 -0.76638722 0.0026673148 12
0.0017255226 -0.76756346 0.0067191613 8
-0.013309938 -0.76272821 0.0097767143 9
-0.028260451 -0.76589286 0.012822285 11
0.033627976 -0.757222 0.0036312682 11
0.018688262 -0.76138622 0.0066753379 9
0.0047589708 -0.76653945 0.0097146342 9
-0.011311381 -0.7587139 0.011780014 11
0.051668566 -0.75803423 0.0045736008 12
0.03779975 -0.76918614 0.0066039395 8
0.020700736 -0.7583726 0.0096770674 8
0.0068074525 -0.76752329 0.010710445 12
0.071832947 -0.77082342 0.0044913562 13
0.053702157 -0.75702077 0.007572257 8
0.040840652 -0.76916057 0.008597862 9
0.022653241 -0.7503565 0.010686257 10
0.08669614 -0.75467002 0.0064688614 11
0.072835013 -0.76682031 0.0074977688 9
0.055721845 -0.7550056 0.0095724082 8
0.042907149 -0.77214229 0.0085906079 12
0.10685021 -0.76645869 0.0063880105 13
0.086662844 -0.74767613 0.0084829833 6
0.074829087 -0.76280725 0.0084997509 9
0.056697652 -0.75000346 0.008578035 9
0.12175266 -0.7543155 0.0083561325 9
0.10786591 -0.76446831 0.008386828 10
0.091787711 -0.7566433 0.0084510809 7
0.077865474 -0.76379436 0.0074861664 12
0.14081755 -0.75812954 0.0082861111 13
0.12687293 -0.76327974 0.0083216336 7
0.11085933 -0.7624495 0.0073717795 9
0.095866941 -0.7636084 0.0064155771 10
0.16190404 -0.76591045 0.0091902111 13
0.1438372 -0.7601015 0.0082544321 9
0.13089804 -0.76623863 0.0072841384 9
0.11175337 -0.75343966 0.0053621428 11
0.17573334 -0.74976617 0.010152541 12
0.16592914 -0.76886928 0.0081528351 10
0.14577366 -0.75407338 0.0072438102 8
0.13394174 -0.77018625 0.0042625638 13
0.20298564 -0.77145213 0.010036401 14
0.17775714 -0.74970889 0.009154967 6
0.16999906 -0.77277905 0.0061500696 10
0.14879596 -0.7539897 0.0032510289 8
0.21893112 -0.76324874 0.011009461 12
0.20397505 -0.76739568 0.0090561267 10
0.18592031 -0.76257348 0.0061261798 6
0.17198575 -0.76970559 0.0011650897 13
0.23487706 -0.75504631 0.011982461 13
0.22608314 -0.77512568 0.0079854382 10
0.2049441 -0.76233566 0.0050773676 10
0.19303405 -0.77145064 0.0001005756 12
0.26105434 -0.76775175 0.012873759 14
0.23688653 -0.75200111 0.008969048 7
0.23114386 -0.77705663 0.003947984 11
0.20691633 -0.75630659 5.8867314e-05 9
0.27903467 -0.76256573 0.013812917 13
0.26305294 -0.76572818 0.0088624172 9
0.24702898 -0.76489043 0.0039178403 7
0.23307554 -0.77102983 -0.0020439189 13
0.29698178 -0.75637943 0.014768987 14
0.28610232 -0.76948673 0.008786954 10
0.26498157 -0.75969392 0.0038826342 9
0.25817657 -0.78074181 -0.0041086124 13
0.32307577 -0.76507074 0.014719041 15
0.30198231 -0.75827116 0.0088162599 7
0.29311737 -0.77334195 0.0018402498 11
0.27200276 -0.76454228 -0.0040591755 7
0.34814793 -0.77175498 0.015696257 16
0.32194877 -0.75500888 0.0098260464 7
0.3171652 -0.7780354 0.0018236751 11
0.29094154 -0.7592876 -0.0050428594 11
0.36586213 -0.76271802 0.016536459 16
0.34579363 -0.75792217 0.0096102757 9
0.32879531 -0.76009542 0.0016631377 7
0.31787848 -0.77020288 -0.0073157796 13
0.37667608 -0.74261671 0.017530119 11
0.37188655 -0.76465976 0.0085134581 9
0.3477397 -0.75290829 0.00061032199 7
0.34293652 -0.77394968 -0.0094049638 13
0.40479678 -0.75133616 0.018423853 16
0.39490193 -0.76442724 0.0084333746 8
0.37583002 -0.7606172 -0.0005019019 8
0.36491421 -0.77171969 -0.010486078 11
0.43183497 -0.75505024 0.01831392 17
0.40974188 -0.74927205 0.009391495 7
0.40390745 -0.76831931 -0.0016211568 10
0.38381121 -0.76251847 -0.011550166 8
0.4578656 -0.75777644 0.019208916 18
0.43475026 -0.7500056 0.0092943665 9
0.42993063 -0.7700327 -0.0027159224 9
0.40578586 -0.75926489 -0.013617173 11
0.48387906 -0.75647831 0.020132868 18
0.46180576 -0.75268722 0.0082145203 9
0.45290464 -0.764759 -0.0027705512 9
0.43384844 -0.76293439 -0.015701752 12
0.5018146 -0.74726051 0.021100553 15
0.48885384 -0.75437182 0.0081361234 9
0.4799352 -0.76544029 -0.0048474139 9
0.45986861 -0.76262611 -0.017773813 13
0.52883077 -0.74594641 0.02102657 13
0.5179016 -0.75603634 0.0080511086 10
0.49986666 -0.75620079 -0.0048863655 8
0.48791492 -0.7643041 -0.019865364 12
0.55485153 -0.7436589 0.021936191 11
0.54695618 -0.75672203 0.0079350006 10
0.52588677 -0.75392437 -0.0059917993 8
0.51595569 -0.76500696 -0.021974459 10
0.58083844 -0.73938787 0.022851717 13
0.58811486 -0.77028936 0.0067846267 12
0.55692506 -0.75659811 -0.0070901033 9
0.54900903 -0.76965815 -0.024081012 9
0.6078167 -0.73610759 0.023777755 15
0.61608988 -0.76699692 0.0067075654 12
0.58793283 -0.75725675 -0.0091693858 9
0.57898903 -0.76831067 -0.027139647 9
0.65499294 -0.75257045 0.023651056 19
0.64706349 -0.76461512 0.006675683 12
0.61992323 -0.75686187 -0.010206489 10
0.60895532 -0.76593459 -0.029167466 10
0.68595862 -0.74918973 0.024621245 15
0.67904365 -0.76321971 0.0056390055 12
0.65696347 -0.76141113 -0.012268628 10
0.64295304 -0.7665152 -0.031213697 10
0.72197735 -0.75075525 0.025566537 16
0.71101481 -0.76083457 0.0055894041 12
0.70609272 -0.77486104 -0.014430646 11
0.70320213 -0.79286075 -0.037463777 8
0.75795841 -0.750386 0.025408091 18
0.74294138 -0.75551862 0.0054355669 12
0.74711448 -0.77844238 -0.016618261 12
0.75028431 -0.80137193 -0.040664379 8
0.79697037 -0.74998373 0.026263302 17
0.77591872 -0.75117326 0.00533194 12
0.77603906 -0.76913625 -0.017696185 12
0.78726542 -0.79797781 -0.04377833 9
0.82993251 -0.74363852 0.027167458 18
0.82703233 -0.75963342 0.0041525234 12
0.82311791 -0.77463764 -0.019857522 11
0.83734775 -0.8044439 -0.047951117 9
0.87497896 -0.74516565 0.028019365 15
0.87005121 -0.75917917 0.0030142944 12
0.88125598 -0.78602058 -0.023064541 9
0.90151817 -0.81975859 -0.054184239 10
0.92403615 -0.74765128 0.028856501 18
0.92414498 -0.76560962 0.0018272389 12
0.93633431 -0.7914387 -0.026254393 10
0.96365446 -0.83110058 -0.059407871 10
0.97408473 -0.74913001 0.028687378 17
0.97015887 -0.7641291 0.00067619566 13
0.98334491 -0.7899465 -0.028408535 10
1.0448788 -0.85123956 -0.066708848 7
1.0170627 -0.74368507 0.029552925 17
1.0312455 -0.76948935 -0.0005344323 14
1.038372 -0.79036623 -0.031590089 11
1.0967718 -0.84858304 -0.070914976 3
1.0809468 -0.74879587 0.030252969 18
1.0819937 -0.76675379 -0.0017906006 11
1.1021987 -0.79548442 -0.03489019 11
1.1113062 -0.81632614 -0.071940452 16
1.1329011 -0.74525702 0.031114722 18
1.1329591 -0.76020056 -0.001896078 11
1.1682452 -0.79776549 -0.039059445 11
1.1229702 -0.78317642 -0.072871394 1
1.1938913 -0.7435779 0.031972229 13
1.191927 -0.75752765 -0.0030392813 12
1.257385 -0.81074083 -0.043338411 12
1.1246058 -0.74506581 -0.071774147 14
1.255757 -0.73968214 0.033255223 14
1.2698594 -0.761473 -0.0048293616 12
1.3533648 -0.82252049 -0.048223682 64
1.1320742 -0.70982534 -0.072255604 1
1.3358177 -0.74284208 0.033969499 15
1.3519236 -0.76560819 -0.0061237202 78
1.4534842 -0.83345675 -0.054592866 42
1.1397436 -0.67674947 -0.072226256 12
1.4138364 -0.74202383 0.034697827 79
1.4439834 -0.76963669 -0.0084529445 71
1.5173512 -0.8197822 -0.057793293 30
1.1443893 -0.64169931 -0.07217674 0
1.4968131 -0.7381385 0.035431005 77
1.5239403 -0.76476973 -0.010687203 79
1.5540656 -0.79136616 -0.058809917 20
1.1470468 -0.60663712 -0.072047561 10
1.565734 -0.72637933 0.036307253 78
1.6189495 -0.76172906 -0.01291074 74
1.5596434 -0.74727398 -0.058651436 15
1.1497307 -0.57257694 -0.071898848 1
1.6557221 -0.72039652 0.037107795 75
1.7068998 -0.75276476 -0.014097528 79
1.5551472 -0.70031476 -0.057450894 11
1.1493452 -0.53657556 -0.071763717 8
1.7536317 -0.71237403 0.037837833 72
1.8549745 -0.76221287 -0.018596204 129
1.5597161 -0.65726715 -0.057391658 7
1.1630688 -0.50843 -0.072761588 0
1.8927052 -0.71590745 0.038351398 87
2.0371742 -0.7782802 -0.023253689 101
1.6385932 -0.64242399 -0.061644308 7
2.0518119 -0.71922207 0.03979601 84
2.2413728 -0.79210526 -0.028977018 78
1.5940179 -0.58189327 -0.058396447 6
2.2509627 -0.72810984 0.04110704 98
2.3932812 -0.78047472 -0.032459076 15
1.5705266 -0.53212458 -0.057223864 5
2.4620488 -0.73088425 0.042332307 88
2.4679008 -0.74070334 -0.033724278 8
1.575134 -0.49109498 -0.057236753 5
2.6759491 -0.72459877 0.043777771 80
2.4110353 -0.6632821 -0.031222019 5
1.5896828 -0.45392284 -0.058115087 5
2.9229219 -0.71798944 0.044964604 70
2.4023972 -0.60037613 -0.030089676 5
1.5902667 -0.41191897 -0.057047866 5
2.373739 -0.53568166 -0.02888681 4
1.6038851 -0.37377441 -0.05803071 4
4.5578465 -0.88371778 0.051192876 80
2.4212425 -0.48618004 -0.028965093 4
1.6245141 -0.33655587 -0.059038624 3
1.1705309 -0.25033325 -0.073369592 0
4.5677767 -0.77961624 0.053330373 85
2.4266529 -0.42812362 -0.028887793 4
1.631112 -0.29648575 -0.059994645 3
4.5967269 -0.67731375 0.055400729 29
2.4761319 -0.37659973 -0.029969361 4
1.6317136 -0.25648078 -0.059930518 3
1.1639255 -0.18840581 -0.073244706 0
2.5025728 -0.32034346 -0.030014832 4
1.6383344 -0.21644458 -0.059959766 4
2.4849718 -0.25956059 -0.02892106 4
1.6239157 -0.17360792 -0.05886133 4
1.1613576 -0.12747115 -0.073217779 0
6.0667524 -0.46987906 0.064580105 51
2.5184014 -0.20320702 -0.029947057 4
1.6305265 -0.13453786 -0.059823159 4
1.1520684 -0.097570784 -0.073139839 0
6.0723386 -0.33282292 0.06677454 51
2.5127952 -0.14326757 -0.029834848 4
1.633131 -0.094511911 -0.059769895 4
1.1557747 -0.067531697 -0.074105941 0
7.9266186 -0.248254 0.076605044 1
2.5132024 -0.084265828 -0.028744534 4
1.6237366 -0.054612536 -0.059676018 4
1.1574852 -0.037515279 -0.074065253 0
4.6513042 -0.049827565 0.06404382 33
2.5325911 -0.024060618 -0.029716948 4
1.6253409 -0.014597098 -0.059619438 4
4.6322336 0.053970564 0.064270064 67
2.5340056 0.033952761 -0.02963159 4
1.6149569 0.024291249 -0.05952384 5
1.1539237 0.020445094 -0.074963376 0
4.6388655 0.16012378 0.06515687 123
2.5400395 0.09410201 -0.029588867 4
1.6081831 0.064306214 -0.059393439 4
1.1582516 0.050567791 -0.075885937 0
7.8748689 0.4604314 0.082945421 0
2.5044367 0.15174586 -0.028297355 4
1.603796 0.10325812 -0.059314057 5
1.1699412 0.081693612 -0.077874124 0
6.1124263 0.49178442 0.074990548 86
2.5328007 0.21404672 -0.029291362 5
1.6043948 0.1432652 -0.060250025 4
6.1219625 0.63288355 0.076189071 38
2.5242026 0.27295461 -0.029165145 7
1.5830332 0.18003578 -0.059116572 6
7.9272275 1.0019823 0.086653456 2
2.423733 0.3198863 -0.026746169 11
1.5786467 0.21898815 -0.059037309 7
2.3567407 0.34704676 0.056527801 69
2.3293056 0.36288178 -0.024354111 63
1.5802346 0.2600053 -0.059975225 7
2.2254109 0.37965608 0.056028452 120
2.2848084 0.41240793 -0.023121471 87
1.6267443 0.30849186 -0.064080395 6
1.9913824 0.38613442 0.054731663 93
2.1655421 0.44309342 -0.020775074 150
1.6462981 0.35467151 -0.066141374 6
1.7873631 0.38897696 0.053432103 78
1.8727171 0.42998242 -0.012796444 150
1.5970114 0.38514382 -0.062926091 8
1.6123524 0.39112657 0.052032381 68
1.6468745 0.41858193 -0.0060436488 100
1.6135454 0.43132043 -0.064911105 19
1.4623749 0.3905395 0.051543009 78
1.4789472 0.41479686 -0.0014767578 84
1.6021513 0.47119829 -0.064810611 24
1.1203904 0.34712401 -0.0793598 0
1.3393748 0.39223766 0.050965067 72
1.3489926 0.41341522 0.0019642867 72
1.4711791 0.47280017 -0.057361498 62
1.2533199 0.39932719 0.05026947 17
1.2509803 0.4173736 0.0043045888 11
1.3133841 0.45811433 -0.04784606 77
1.139681 0.41833156 -0.083315879 1
1.1802531 0.40755385 0.049531244 16
1.166967 0.42147955 0.0065973527 10
1.20446 0.45495069 -0.041479602 11
1.1393461 0.45232832 -0.084262446 0
1.0942827 0.40664354 0.048822939 17
1.0849822 0.42260852 0.0078785596 13
1.1145207 0.45298937 -0.036176015 10
1.0342262 0.41400769 0.048038945 23
1.0090209 0.42179975 0.010136195 13
1.0216241 0.44699681 -0.03086867 12
1.0968828 0.50187266 -0.082041547 0
0.97620428 0.41839206 0.048243403 17
0.95399183 0.42721406 0.011332026 12
0.95864785 0.44832239 -0.026652025 12
0.9221893 0.42182007 0.047432687 25
0.89201939 0.42755339 0.013543635 12
0.87976772 0.44047946 -0.022395385 10
0.94405854 0.49423024 -0.067532621 8
0.86320662 0.42219585 0.04663413 23
0.84798676 0.43308586 0.013702126 11
0.82678777 0.44191271 -0.019212762 9
0.87814975 0.48952287 -0.06231533 9
0.82118398 0.42674932 0.046784237 22
0.79701018 0.43354291 0.014876383 13
0.77980375 0.44341019 -0.017050508 10
0.7874245 0.46854693 -0.053038552 11
0.76724321 0.42317796 0.045962393 18
0.74706519 0.43101078 0.016042525 14
0.73185533 0.44189632 -0.013889585 10
0.7404688 0.46804199 -0.048879515 11
0.72923082 0.42677385 0.046097282 18
0.71204573 0.43563709 0.017168798 13
0.69088179 0.44245777 -0.011749294 12
0.689569 0.4624936 -0.043714803 11
0.68725747 0.42632967 0.045239393 18
0.67505747 0.43724224 0.018297074 12
0.65091819 0.44203013 -0.0096140271 12
0.64464492 0.45901 -0.039567288 12
0.65624487 0.42999959 0.045350499 15
0.64304483 0.44090167 0.01841153 12
0.62089825 0.44670898 -0.0085048219 12
0.61066037 0.46064553 -0.037449244 13
0.62880778 0.43411928 0.04423929 16
0.61163819 0.44297925 0.019307734 11
0.59149784 0.44880825 -0.0066190106 11
0.57728559 0.46070436 -0.034555517 12
0.59980035 0.43683597 0.044339817 15
0.57965207 0.44366291 0.019414548 11
0.5575369 0.44746676 -0.0055089947 10
0.5473097 0.46139503 -0.031456176 12
0.57476926 0.4415797 0.04342863 15
0.54967231 0.44434062 0.020512069 10
0.53945917 0.45727193 -0.0044350415 10
0.51734495 0.46107295 -0.029358104 12
0.54180926 0.44023269 0.043536309 14
0.52070135 0.44404188 0.020610087 10
0.50752771 0.4539766 -0.0022591592 10
0.48640761 0.45895183 -0.025876176 9
0.51086879 0.43728107 0.043325897 13
0.5006668 0.45033878 0.021624736 10
0.48254102 0.45617411 -0.00031037556 9
0.46537578 0.46502432 -0.02424402 10
0.48885086 0.44117787 0.043648988 12
0.47171587 0.44802547 0.022712102 9
0.45261118 0.45185256 0.00077673962 8
0.44238225 0.46677929 -0.022169139 11
0.46485004 0.44292486 0.042727139 12
0.44475383 0.4467372 0.022795057 9
0.43753281 0.46169212 0.001840257 9
0.41148815 0.46043998 -0.019081289 9
0.44384766 0.44569933 0.042798437 11
0.4105995 0.45839924 0.0029205256 9
0.39346686 0.46524492 -0.018016167 7
0.42978999 0.45354998 0.042856045 11
0.41162029 0.45836434 0.0229221 9
0.40366608 0.45021403 0.042963836 12
0.36449736 0.45584396 0.0050960472 5
0.35626525 0.47178701 -0.015854867 9
0.38666087 0.4530296 0.043023985 10
0.37053382 0.45988294 0.024084302 6
0.33433452 0.4685455 -0.013790291 6
0.36963299 0.45784691 0.042085219 9
0.3383835 0.47155941 0.0062030861 7
0.32027736 0.47639024 -0.012733299 8
0.34965971 0.457627 0.042149108 10
0.33748832 0.46852049 0.024204193 6
0.32277104 0.44732633 0.041227605 1
0.29843178 0.46911052 0.0073387716 6
0.28527451 0.47899485 -0.010605648 8
0.31563491 0.46124712 0.041275792 10
0.29657114 0.4630633 0.025337717 5
0.30259484 0.46710631 0.041327439 9
0.26348752 0.46872622 0.0094566289 6
0.25129995 0.48161861 -0.0074838027 8
0.2675415 0.46974334 0.025455866 6
0.2696138 0.468741 0.040458214 8
0.22954604 0.46734741 0.010585145 5
0.21833985 0.48224926 -0.0053556436 7
0.23655279 0.47239885 0.025581107 6
0.23863278 0.47039762 0.039581802 8
0.19956365 0.46901563 0.011702461 5
0.1873845 0.48090905 -0.0032429255 7
0.21046352 0.48112318 0.025688313 6
0.20860052 0.47109234 0.038680609 8
0.17253186 0.47174615 0.012779092 5
0.15939231 0.48363286 -0.0011553989 7
0.17953213 0.47981793 0.025779763 6
0.18359306 0.47884294 0.037769139 8
0.14460114 0.47345737 0.013882831 5
0.12857035 0.47832707 0.00094929367 7
0.14841072 0.47345781 0.025795044 6
0.15441744 0.47750524 0.036784384 8
0.11934077 0.47815174 0.014898141 6
0.1003052 0.47796035 0.0029586863 6
0.12533459 0.48219687 0.02589122 6
0.12451778 0.47017187 0.036877833 8
0.090445966 0.4718329 0.015986118 6
0.073397458 0.47366378 0.0050418507 6
0.096449286 0.47588196 0.025980296 6
0.098571844 0.46888757 0.035972584 7
0.063548118 0.46653271 0.01708227 5
0.049422726 0.47539499 0.0061413334 6
0.068569213 0.46857139 0.026078744 6
0.069753841 0.45556784 0.035064973 6
0.040559113 0.4692761 0.017179707 5
0.024450831 0.47711402 0.0082429955 6
0.045561705 0.47231776 0.026175166 5
0.047672544 0.46333674 0.034155488 6
0.017487835 0.47503743 0.018263558 5
0.00046898681 0.47386783 0.0093130348 6
0.02344629 0.48210442 0.025244597 6
0.027529957 0.48115534 0.033239428 7
-0.0055143582 0.48181695 0.018341145 6
-0.024377318 0.46762094 0.011378299 5
-0.0013882419 0.474852 0.026323058 6
0.0027302725 0.473914 0.032323167 7
-0.030276833 0.4725717 0.019420445 5
-0.046287302 0.47240639 0.012468323 6
-0.025205594 0.47061384 0.026402412 5
-0.02207062 0.46063691 0.032382902 6
-0.053180043 0.46831608 0.019488551 5
-0.069373548 0.48514965 0.012561025 6
-0.048160657 0.47135815 0.025477994 5
-0.043198351 0.47940165 0.030474667 7
-0.076169476 0.47505525 0.020567661 5
-0.092044964 0.46289042 0.015599552 5
-0.071205184 0.48210496 0.025567153 6
-0.066135101 0.47915682 0.029552329 7
-0.09813223 0.47782418 0.020649828 5
-0.11395018 0.46065843 0.016674817 5
-0.093015864 0.47087517 0.02562928 5
-0.08802592 0.47691408 0.028612562 7
-0.12094706 0.47055823 0.021694716 5
-0.13684414 0.46138704 0.017725771 6
-0.11584754 0.46659938 0.025672946 5
-0.11200548 0.4777509 0.027804926 7
-0.1439282 0.4684689 0.021882102 5
-0.16302991 0.47726807 0.017953126 6
-0.1414751 0.47932968 0.024746826 5
-0.13646615 0.48339212 0.026745342 7
-0.17041741 0.48304641 0.021856779 6
-0.18733972 0.47586516 0.018897526 6
-0.16639397 0.48408499 0.023846263 6
-0.15818571 0.46816814 0.025799172 6
-0.19432081 0.4797807 0.021926401 6
-0.20919287 0.46761942 0.020955268 6
-0.19034015 0.48381904 0.023922415 5
-0.18111843 0.46691379 0.024871362 6
-0.21819676 0.47551179 0.022995401 5
-0.23516564 0.47332746 0.02204356 6
-0.21315978 0.47456294 0.023979347 5
-0.20812351 0.47362098 0.023967722 7
-0.24000964 0.46427771 0.02305376 5
-0.26314363 0.47703007 0.022143058 7
-0.24014674 0.47928059 0.02308025 5
-0.2341135 0.47835079 0.022065658 7
-0.2679998 0.47097361 0.023150112 6
-0.29314429 0.4856981 0.023242993 7
-0.26604024 0.4789848 0.022144016 6
-0.2640954 0.48601982 0.020190381 8
-0.30008271 0.4827013 0.023386925 6
-0.32212469 0.48649392 0.02445545 7
-0.29712471 0.48581302 0.021373056 6
-0.29107898 0.48287955 0.019350952 7
-0.33008367 0.4854503 0.023473535 7
-0.34902656 0.48124138 0.025525149 6
-0.32709476 0.48748526 0.020467849 6
-0.32003045 0.48256433 0.01743976 7
-0.35899675 0.48213214 0.023557669 7
-0.37896901 0.4809112 0.026616625 7
-0.35806179 0.48914537 0.020565378 7
-0.34794655 0.47925833 0.016520839 7
-0.393996 0.4867489 0.023671443 8
-0.41698653 0.48749346 0.027742276 8
-0.38695353 0.48283544 0.019650916 7
-0.38196915 0.48191968 0.014658308 8
-0.43105075 0.49138808 0.02383149 9
-0.45301729 0.49014285 0.028894329 9
-0.42197183 0.48449424 0.018790493 8
-0.42407131 0.49348307 0.011805682 9
-0.46293375 0.48504493 0.023907535 9
-0.490962 0.48973337 0.029996848 10
-0.45791176 0.483109 0.017885754 9
-0.45493865 0.48515409 0.0098757884 10
-0.49984905 0.48164791 0.024002541 9
-0.52684963 0.48434445 0.03208578 10
-0.49562448 0.48269001 0.016985772 9
-0.54658562 0.48310539 0.033137191 11
-0.48961517 0.4797605 0.0079604452 10
-0.54765975 0.48910838 0.024147132 9
-0.56753844 0.48087966 0.033194669 10
-0.53557158 0.48025349 0.015096745 9
-0.58344543 0.47470751 0.034231033 11
-0.53258032 0.48030013 0.0060862508 10
-0.5845111 0.47971207 0.02423922 10
-0.61145991 0.47840446 0.035316993 12
-0.5535388 0.47807768 0.0041433563 11
-0.57747972 0.47580412 0.014210773 9
-0.6074748 0.4784649 0.024302967 10
-0.63845557 0.48011392 0.035396669 12
-0.57954746 0.48079887 0.003223581 12
-0.63546813 0.48016292 0.024389751 11
-0.65937018 0.47488642 0.036453586 12
-0.60754597 0.48249969 0.0013118614 12
-0.63248336 0.48021352 0.012382893 9
-0.65638566 0.4749375 0.02444648 10
-0.68632489 0.47359648 0.037537903 12
-0.62745458 0.47729355 0.00038350717 12
-0.67626178 0.46874389 0.024546994 11
-0.71425462 0.47332171 0.038684558 13
-0.64834785 0.47209612 -0.00151528 13
-0.676287 0.47078323 0.011564199 10
-0.70622808 0.46944651 0.024650132 11
-0.74420661 0.47201785 0.039767053 14
-0.6742878 0.46883035 -0.0024480126 13
-0.70525134 0.46947986 0.01064498 11
-0.73416936 0.46614954 0.024725862 12
-0.77012682 0.46674275 0.039833236 14
-0.70526648 0.46850336 -0.0043586646 14
-0.73722744 0.46914122 0.0097366935 11
-0.77118522 0.46975592 0.024837742 12
-0.80107594 0.46441218 0.040917855 13
-0.73523474 0.46718779 -0.0062746713 15
-0.76918191 0.46680295 0.0088245273 12
-0.80009145 0.46444875 0.024914941 13
-0.83701307 0.46402988 0.04202773 13
-0.76613027 0.46386272 -0.0081801331 15
-0.80005527 0.46347702 0.0079240203 10
-0.83294022 0.46108004 0.025043666 10
-0.8799051 0.46553653 0.043209784 14
-0.79599959 0.46051177 -0.010050818 16
-0.83797657 0.4630428 0.0060749156 11
-0.8749162 0.46262434 0.02418079 9
-0.91483903 0.46117103 0.044293895 15
-0.83698493 0.46008614 -0.012937971 14
-0.87291288 0.4586772 0.0051662303 9
-0.9128589 0.45922419 0.024285022 9
-0.95679611 0.45972425 0.046415266 15
-0.87393492 0.4567 -0.015833471 15
-0.91487813 0.45723486 0.0042878734 9
-0.95077938 0.45382303 0.024388175 10
-1.0188291 0.46506587 0.047604784 12
-0.91489238 0.45426977 -0.017716682 17
-0.95179373 0.45084694 0.0023862035 10
-1.0007522 0.45329404 0.02453303 10
-1.0717913 0.46350533 0.047755837 11
-0.96588409 0.45374021 -0.021580324 15
-1.000778 0.44934016 0.0014979526 10
-1.0517344 0.45076984 0.024631552 10
-1.1227685 0.4599826 0.049834229 12
-1.009866 0.44929779 -0.024524864 15
-1.072885 0.45659828 -0.0013497107 7
-1.1137632 0.45112947 0.023740672 12
-1.189799 0.46023831 0.050968502 10
-1.080147 0.4545677 -0.029573878 8
-1.1320318 0.45397878 -0.0033998948 8
-1.1738614 0.44849548 0.023740016 12
-1.2588513 0.4585534 0.053023178 10
-1.1449937 0.45289505 -0.033280708 9
-1.188864 0.44838518 -0.0061665215 9
-1.2497792 0.44869313 0.023004018 9
-1.3458099 0.46062648 0.055293038 11
-1.2089201 0.4482187 -0.038108803 9
-1.2638111 0.44658893 -0.0079553956 9
-1.335753 0.44978026 0.022255776 10
-5.2238455 1.7878273 0.096506588 2
-1.3009454 0.4522526 -0.043836735 10
-1.3578125 0.44860131 -0.011680493 10
-4.016377 1.340703 -0.020651244 5
-5.5645647 1.7703197 0.10651592 21
-1.4169559 0.45907804 -0.052474909 10
-3.9820721 1.2994064 -0.12370635 6
-4.0130696 1.237963 -0.016678086 55
-5.7795677 1.7004025 0.11424103 37
-4.0243297 1.2805809 -0.23879752 3
-3.9751334 1.1968957 -0.12207562 68
-4.0172629 1.1422966 -0.014048806 9
-4.0362582 1.1794524 -0.23896201 34
-0.39545295 0.033950862 0.030864673 2
-0.41645369 0.032755673 0.019923022 3
-0.40123689 0.017890368 0.031857993 3
-0.43525267 0.017566653 0.018954666 4
-4.0460825 0.14825581 -0.10659511 0
-0.41754502 -0.03436549 0.019903269 4
-0.44929102 -0.054692097 0.017968899 4
-0.43475512 -0.071258098 0.019487847 3
-4.1604981 -1.2337775 -0.24337548 1
-4.0803461 -1.2062078 -0.093565911 2
-4.1796603 -1.2354389 0.045665871 15
-4.1792755 -1.3471289 -0.24548408 22
-4.1101165 -1.3196574 -0.093638912 72
-4.1825151 -1.3396035 0.047529265 27
-4.1851053 -1.4611385 -0.24669796 13
-4.1090355 -1.4245918 -0.092878655 78
-4.1914024 -1.4476392 0.050294939 22
-10.218758 -3.5192513 0.41596031 38
-4.1999059 -1.579209 -0.24894217 8
-4.1119308 -1.5325572 -0.092138737 68
-4.1923075 -1.5545925 0.052027129 26
-10.029922 -3.7031922 0.41687214 104
-4.1167912 -1.6435823 -0.091352351 40
-4.2081337 -1.6687456 0.052861255 18
-10.034279 -3.961247 0.42443591 73
-4.1156359 -1.7555727 -0.090548851 19
-4.213963 -1.7818094 0.055682395 10
-12.788824 -5.3798337 0.54029411 2
-4.0993466 -1.8617944 -0.088790566 2
-4.2165999 -1.8962588 0.057490319 1
-6.0749321 -2.7093375 0.28311706 1
-6.0088496 -2.8733106 0.066733882 1
-6.0055785 -2.8387067 0.28582758 1
-0.79914135 -0.83589947 -0.012957846 0
-0.78898156 -0.83983457 0.023060285 3
-0.81383491 -0.84513718 0.055132911 1
-0.72418404 -0.82711059 -0.0080734147 8
-0.74508816 -0.82737863 0.023985224 6
-0.77686501 -0.8407535 0.055051018 8
-0.81754559 -0.86322182 0.088125646 5
-0.68032688 -0.81067401 -0.0051734382 15
-0.7130937 -0.82505894 0.025893299 11
-0.74584651 -0.84143972 0.054956209 8
-0.77169102 -0.84775674 0.087017648 7
-0.64438868 -0.80231804 -0.0022648971 18
-0.68010181 -0.82272857 0.026799034 11
-0.69409817 -0.81491899 0.054852415 12
-0.72487879 -0.8282817 0.08491493 10
-0.61144334 -0.79499149 -0.00034918662 18
-0.63924968 -0.80632025 0.027708607 10
-0.6601392 -0.8095783 0.054761343 12
-0.687953 -0.81990868 0.08382079 15
-0.58837092 -0.80076271 0.00057112565 18
-0.61321741 -0.80806172 0.028627712 11
-0.63114983 -0.80728781 0.054679323 14
-0.65796709 -0.81760651 0.082735784 16
-0.55742049 -0.79345977 0.003493788 18
-0.58914942 -0.81282431 0.029548788 11
-0.60511035 -0.80902958 0.054601431 14
-0.62700564 -0.81129766 0.081659816 17
-0.52943069 -0.78918439 0.0044233929 16
-0.56016964 -0.80753934 0.030477416 11
-0.57514352 -0.80273288 0.054529089 13
-0.59802169 -0.80700892 0.080586568 16
-0.50734842 -0.7939707 0.0063532172 16
-0.53118986 -0.80225432 0.031406082 14
-0.55306673 -0.80751497 0.054458905 14
-0.57002777 -0.80373031 0.079514332 16
-0.48232877 -0.79272503 0.0072857724 16
-0.50421989 -0.79598939 0.032342289 13
-0.52804708 -0.80626982 0.055391438 14
-0.54501641 -0.80248082 0.07844989 15
-0.46029264 -0.79351115 0.0092308251 16
-0.47921047 -0.79474407 0.033286966 13
-0.49912447 -0.79698282 0.055343915 13
-0.52296609 -0.80626273 0.07839898 17
-0.43628779 -0.7922768 0.010184872 16
-0.45326325 -0.78748941 0.034243137 11
-0.47511673 -0.79574597 0.055289928 13
-0.49993768 -0.80703336 0.07733953 17
-0.41034609 -0.78302383 0.012131288 15
-0.43318689 -0.79229158 0.034179013 11
-0.4481698 -0.78747928 0.055230223 12
-0.47398359 -0.79977465 0.076280765 15
-0.38540345 -0.77378041 0.014079076 15
-0.4101876 -0.78906637 0.035121296 11
-0.42419302 -0.78224182 0.055173412 11
-0.44996896 -0.79653502 0.076236919 16
-0.36531758 -0.77557999 0.015054453 14
-0.38713321 -0.78583384 0.036114328 12
-0.4060342 -0.78805441 0.055180363 12
-0.42300132 -0.78525966 0.075233139 15
-0.3462241 -0.77838916 0.016030829 14
-0.36317849 -0.77659649 0.037081782 10
-0.38306203 -0.7828275 0.055126287 12
-0.40295258 -0.78806001 0.074172616 14
-0.32131559 -0.76614654 0.017984306 14
-0.3460573 -0.78642797 0.037016854 11
-0.35814914 -0.7715807 0.055077877 11
-0.38195047 -0.78585279 0.074118659 14
-0.30130059 -0.76495099 0.018931504 12
-0.32313159 -0.77620339 0.03797229 11
-0.34203792 -0.78042263 0.055017639 10
-0.36096108 -0.78264338 0.073066652 14
-0.28421625 -0.77078491 0.019874196 14
-0.29925561 -0.76096863 0.03893429 7
-0.32006463 -0.7752133 0.054961819 11
-0.33800834 -0.77544194 0.072000228 12
-0.26132178 -0.75660676 0.02181001 12
-0.28408661 -0.77488339 0.038829222 11
-0.29815274 -0.7630707 0.054878518 9
-0.32092741 -0.78034824 0.07189931 14
-0.24711822 -0.7735424 0.022696681 13
-0.26118192 -0.76173139 0.039745845 10
-0.28299189 -0.77599549 0.054769386 11
-0.29801908 -0.76819295 0.070813656 13
-0.2262003 -0.76139814 0.02361599 13
-0.24504925 -0.77061814 0.040637266 9
-0.26010618 -0.75979364 0.054683924 10
-0.28285819 -0.77905113 0.070697553 13
-0.20811352 -0.76422036 0.024506202 12
-0.22797549 -0.77244818 0.040531728 10
-0.24298286 -0.76662397 0.054569189 10
-0.26093751 -0.7658307 0.069605507 13
-0.19079015 -0.76813251 0.025241202 13
-0.20684247 -0.75830746 0.041301362 8
-0.22378579 -0.76047748 0.054347035 10
-0.24459498 -0.77568907 0.069380648 12
-0.16996329 -0.74985284 0.027226523 11
-0.18978241 -0.76504833 0.041273419 10
-0.20391056 -0.74918365 0.054357845 8
-0.22469035 -0.76838696 0.06840118 13
-0.15387143 -0.76061445 0.028223876 12
-0.17088613 -0.75480682 0.042279657 8
-0.18876843 -0.76300508 0.054314319 10
-0.20481549 -0.75418663 0.067372441 11
-0.13593809 -0.75144488 0.029186713 11
-0.15479523 -0.76165605 0.043220662 9
-0.16983789 -0.75382429 0.054274362 9
-0.19059923 -0.77405334 0.067296684 12
-0.11978807 -0.76429379 0.030117616 12
-0.13681549 -0.75748497 0.043175038 8
-0.15470041 -0.76568156 0.054209635 10
-0.17073064 -0.75886065 0.066264287 11
-0.10188431 -0.75212455 0.031085763 12
-0.12068781 -0.76833218 0.043109413 9
-0.13578959 -0.75450069 0.054173287 9
-0.15558355 -0.77171797 0.066197887 12
-0.084685199 -0.76996368 0.032005582 13
-0.10277706 -0.75716138 0.043075915 9
-0.11971143 -0.7603482 0.054116219 10
-0.13574427 -0.75352609 0.065170832 11
-0.067830302 -0.75280476 0.032985196 12
-0.085637093 -0.76900071 0.044006012 9
-0.10176103 -0.75317705 0.05407599 9
-0.11961685 -0.76437378 0.065105297 12
-0.050729759 -0.76064444 0.03392224 12
-0.067775153 -0.75283015 0.043981273 9
-0.084650621 -0.76201677 0.055011261 10
-0.10269871 -0.75421089 0.064072974 11
-0.034793463 -0.75149649 0.035891116 12
-0.05163525 -0.76467955 0.044914261 9
-0.068719827 -0.75286561 0.054980077 9
-0.085569456 -0.76505095 0.064002939 12
-0.016708743 -0.75733232 0.036824051 12
-0.034656253 -0.75952828 0.045866504 9
-0.05162343 -0.7597146 0.054909866 10
-0.068632662 -0.75589919 0.062960252 11
0.000301925 -0.75518453 0.03776747 12
-0.016540732 -0.7683683 0.045788817 9
-0.035654433 -0.75357461 0.054863557 9
-0.052555524 -0.76075816 0.062895596 12
0.017341727 -0.75603741 0.038704857 12
-0.0006082172 -0.75823122 0.046748061 9
-0.017577821 -0.75841546 0.054792099 10
-0.035569597 -0.75660706 0.061842564 11
0.035420816 -0.7608813 0.039631769 13
0.016390042 -0.75508326 0.046691708 9
-0.00050122198 -0.76326632 0.054722544 9
-0.018531721 -0.75745827 0.061780147 12
0.051361833 -0.75074571 0.040592495 12
0.034525231 -0.76292747 0.04762511 9
0.015465176 -0.75212884 0.054702818 9
-0.0014864691 -0.7543056 0.060749158 12
0.069502242 -0.75758427 0.041539874 13
0.051518857 -0.75677043 0.047593508 9
0.034596581 -0.76194841 0.054634098 10
0.015545106 -0.75414437 0.06070251 12
0.085458986 -0.74943483 0.042509511 12
0.069621399 -0.76360106 0.048531976 10
0.051601108 -0.75783581 0.054561034 9
0.034745559 -0.76906651 0.060553286 12
0.10455953 -0.75435901 0.042375807 13
0.084508777 -0.74656802 0.049445804 8
0.068665355 -0.76073396 0.054465782 10
0.049560118 -0.74792993 0.059541665 11
0.12154514 -0.75020635 0.04332893 12
0.10569473 -0.76337391 0.049350537 10
0.085609145 -0.75257951 0.054425843 9
0.069775358 -0.76774508 0.059443839 12
0.13959838 -0.75304341 0.044266947 13
0.12059315 -0.75024098 0.050325312 8
0.10366914 -0.75641501 0.05436201 10
0.084609598 -0.74860907 0.058429211 11
0.16070278 -0.76085371 0.046187527 13
0.13862404 -0.75107682 0.050266907 10
0.12065186 -0.75226068 0.054315295 9
0.10580496 -0.766415 0.058331877 13
0.17459172 -0.74673122 0.047167353 12
0.1607545 -0.76187599 0.051179256 10
0.13867599 -0.75209862 0.055258699 10
0.12065912 -0.74927908 0.057314187 11
0.19671232 -0.75653082 0.048081566 14
0.17260504 -0.74377292 0.052172177 9
0.16080335 -0.76289618 0.055170968 10
0.13974804 -0.7561056 0.057242204 13
0.21471718 -0.75436962 0.049028769 13
0.19883826 -0.76553172 0.052053262 11
0.17569908 -0.74976254 0.055146512 9
0.16083661 -0.76291305 0.057164472 13
0.23425919 -0.75333172 0.049957674 14
0.21734218 -0.76050466 0.052992303 9
0.19835505 -0.76069528 0.055045463 11
0.17422107 -0.74593288 0.056140393 10
0.25734654 -0.75912851 0.051881175 14
0.23634025 -0.75733864 0.053943649 10
0.2183792 -0.76051772 0.054988421 10
0.19837974 -0.75971621 0.056046203 13
0.27533513 -0.75497252 0.052837335 14
0.25739333 -0.76015115 0.053878389 11
0.23329762 -0.74938893 0.054965891 10
0.21941815 -0.76152366 0.054983657 13
0.29330307 -0.74879688 0.053803686 14
0.27741116 -0.75894564 0.054831598 9
0.25843859 -0.76112729 0.054880127 11
0.23127109 -0.74338543 0.053988259 12
0.32045299 -0.7605285 0.055703856 15
0.29437479 -0.7517786 0.055792484 10
0.27840093 -0.75988543 0.05465094 10
0.25628847 -0.75404853 0.053546309 14
0.3444235 -0.7662074 0.056267153 16
0.31733462 -0.75646842 0.056365345 11
0.2932491 -0.74769652 0.054452818 10
0.28139713 -0.76280969 0.053456906 14
0.35831431 -0.75207776 0.057256579 14
0.34343344 -0.76421994 0.056275442 12
0.31835121 -0.75545979 0.055365693 11
0.29426309 -0.74668574 0.052453019 11
0.37220821 -0.73795027 0.059246022 14
0.36239153 -0.75704187 0.057236336 10
0.34445003 -0.76321131 0.055275951 12
0.3213909 -0.75742739 0.052354235 15
0.40132934 -0.74767488 0.060143899 16
0.37527287 -0.7419222 0.05823072 8
0.36645317 -0.76100218 0.055218209 12
0.34441966 -0.75820667 0.051287442 14
0.4263666 -0.7484414 0.062071707 17
0.40336505 -0.74865675 0.059137736 12
0.3803317 -0.74587083 0.055209793 9
0.36846098 -0.75997812 0.051215984 15
0.45242029 -0.75119585 0.062992856 17
0.42738706 -0.74842906 0.059070587 12
0.40435398 -0.74564266 0.055142574 12
0.38537514 -0.74881566 0.050190974 11
0.47137159 -0.74301982 0.064956397 17
0.45445022 -0.75217348 0.059987012 12
0.43243361 -0.75137597 0.055052061 13
0.40228906 -0.73765326 0.049165998 12
0.49335828 -0.73881364 0.06590344 17
0.47338924 -0.74299628 0.060952656 9
0.45847455 -0.75312871 0.054975532 13
0.43341634 -0.74835759 0.049057029 16
0.51836681 -0.73658001 0.067838103 17
0.49941424 -0.74275106 0.061880417 10
0.48349008 -0.75189304 0.055908144 13
0.46146441 -0.75108922 0.047972988 16
0.54538482 -0.73532784 0.06976527 18
0.52341044 -0.73952579 0.062820092 9
0.50848347 -0.74865615 0.055844974 14
0.48748651 -0.75084233 0.0479009 17
0.58454651 -0.74895966 0.0716286 21
0.54839683 -0.735291 0.063759103 9
0.53448629 -0.74640971 0.055777155 10
0.51854414 -0.75454575 0.046806876 18
0.61861193 -0.75264031 0.073526502 21
0.59056467 -0.74989206 0.064612217 13
0.55744147 -0.73919219 0.055728033 9
0.55263251 -0.76122183 0.046698615 20
0.64661068 -0.74937892 0.075455651 19
0.62154227 -0.75054699 0.065599017 14
0.59042972 -0.74281442 0.05572867 12
0.58161372 -0.75992423 0.045673732 20
0.67661494 -0.74511951 0.077387802 20
0.65263408 -0.74935222 0.067440011 14
0.62860173 -0.74957633 0.056509569 14
0.60962373 -0.75574934 0.044552296 17
0.70558101 -0.74091846 0.079315498 20
0.68158674 -0.7451418 0.068376601 14
0.66159976 -0.75032437 0.056424066 15
0.63860166 -0.75251794 0.044487521 16
0.74364436 -0.74359065 0.082217909 20
0.71259975 -0.74085552 0.069314174 12
0.69263989 -0.74701566 0.056361359 12
0.67365324 -0.75218219 0.043417569 15
0.77463788 -0.7383182 0.084181584 18
0.75366604 -0.74550325 0.070240431 13
0.7256121 -0.74375743 0.057336457 14
0.70763808 -0.75091124 0.042386167 14
0.81767297 -0.74096704 0.087114394 19
0.79065818 -0.74319339 0.072184101 14
0.77270967 -0.752334 0.057215061 14
0.74162596 -0.74759668 0.041309945 15
0.86072171 -0.74256891 0.089996867 21
0.83673 -0.7477625 0.073052295 15
0.807684 -0.74700618 0.057133522 16
0.77762908 -0.74525893 0.041219499 13
0.9024452 -0.74093312 0.091724314 18
0.8683849 -0.73922724 0.074826121 14
0.83833379 -0.73848265 0.057914406 13
0.82035631 -0.74562013 0.039952379 14
0.9474653 -0.7395106 0.094601698 16
0.92045897 -0.74373543 0.076671362 14
0.89141208 -0.74397707 0.057754762 14
0.86034864 -0.74223989 0.039847791 14
0.99146605 -0.73609799 0.097486302 17
0.9614355 -0.73834765 0.077568501 15
0.9364264 -0.74255073 0.058632396 14
0.91341466 -0.74673265 0.038690574 14
1.0465267 -0.73858213 0.10132801 17
1.0084424 -0.73590428 0.079442851 14
0.98342812 -0.74010366 0.058506731 15
0.96142346 -0.74527389 0.037560061 14
1.1065773 -0.74001801 0.10515802 17
1.0664881 -0.73735553 0.081278458 15
1.0394615 -0.74057227 0.059349988 15
1.0144415 -0.74476743 0.036413793 16
1.155552 -0.73356014 0.10903571 13
1.117476 -0.73287481 0.083146356 16
1.1005105 -0.74299115 0.05917557 15
1.0795066 -0.74914598 0.035224047 12
1.2215925 -0.73393959 0.11285175 14
1.1835237 -0.73425174 0.085960314 12
1.1493673 -0.73345202 0.060146231 12
1.1344255 -0.74456048 0.034151956 13
1.2876009 -0.732297 0.11770211 15
1.2425342 -0.72970521 0.087802358 13
1.2185109 -0.73590499 0.05986587 13
1.1964883 -0.74208421 0.031923201 13
1.3626477 -0.73170424 0.12248547 15
1.3155288 -0.72911686 0.090631939 13
1.2864728 -0.73235911 0.060715139 13
1.2714953 -0.7434622 0.030741829 14
1.4537108 -0.73492193 0.12825617 84
1.3975773 -0.72937804 0.09342692 95
1.367546 -0.7335915 0.061505053 15
1.3505584 -0.74268705 0.029540645 15
1.533733 -0.73017728 0.13308123 71
1.4886346 -0.73055577 0.097229406 89
1.4515392 -0.73085892 0.062354639 80
1.4425764 -0.7448951 0.027374044 76
1.6176741 -0.72248685 0.13896617 76
1.5635463 -0.71992594 0.10012501 81
1.5365099 -0.72610772 0.063187048 84
1.5255264 -0.73813522 0.025193404 76
1.7056446 -0.71467733 0.1457524 76
1.6484981 -0.71113181 0.10291617 88
1.6164378 -0.71535712 0.063995846 80
1.6215049 -0.73322868 0.023946648 86
1.8136349 -0.70867395 0.15247571 88
1.7413591 -0.70125526 0.10662688 78
1.7183684 -0.70934266 0.064567842 76
1.7114698 -0.72226328 0.021445438 78
1.9367158 -0.70440745 0.16084448 90
1.867551 -0.69915897 0.11096944 85
1.8395344 -0.70535475 0.064953707 86
1.8606727 -0.72808748 0.017770117 85
2.108979 -0.71010435 0.17105517 90
2.0137625 -0.69791675 0.11626029 79
1.9826967 -0.7041055 0.066324018 78
2.0288405 -0.73356074 0.01414207 85
2.3121731 -0.71724254 0.18440367 92
2.203898 -0.70312262 0.12371208 89
2.1778505 -0.71124017 0.067751169 100
2.2691345 -0.75425321 0.010404262 115
2.5092828 -0.71337807 0.19784136 110
2.4130516 -0.70512915 0.1311027 100
2.3920035 -0.71418554 0.07012789 92
2.5434096 -0.77161074 0.0046010735 150
2.7343752 -0.70725107 0.21323887 124
2.6000295 -0.691378 0.13858239 91
2.6002023 -0.70609564 0.072829708 94
2.7976537 -0.77006769 0.00015900732 122
6.0519853 -1.381682 0.4166404 10
2.8786306 -0.69084454 0.14775187 89
2.8755696 -0.70469183 0.073734462 92
3.072916 -0.76264358 -0.0069167758 2
4.5465488 -0.93950003 0.32674682 79
4.5514927 -0.96405369 0.20978336 105
4.5704193 -0.98646283 0.091793589 16
3.1534114 -0.70045805 -0.0087110689 1
4.5586762 -0.83684337 0.33033204 64
4.5595427 -0.85557586 0.21130177 97
4.5653982 -0.87325943 0.091260679 101
3.1035836 -0.61084777 -0.0092948591 1
4.568717 -0.73375875 0.33358419 74
4.5685506 -0.74949694 0.2125632 111
4.5733566 -0.76218724 0.09153574 111
3.047755 -0.52335101 -0.0098837018 1
9.5660219 -1.2870408 0.65357405 150
7.7430282 -1.0686637 0.33178198 59
7.8017139 -1.0917186 0.12556857 8
3.0330057 -0.44454873 -0.010628146 1
9.5808105 -1.0708187 0.66125357 150
7.7430859 -0.88870078 0.3337841 67
7.7976632 -0.90385342 0.12669958 21
3.0359969 -0.36972919 -0.010176914 1
9.584774 -0.85709804 0.66699594 150
7.7443805 -0.7078532 0.33631611 65
7.811934 -0.71978587 0.12611118 24
3.0262897 -0.29282466 -0.010986202 1
9.7329168 -0.65373999 0.68202829 6
6.0654254 -0.41963753 0.27548966 123
6.0719838 -0.42023352 0.10747332 86
3.0846009 -0.22226901 -0.014026691 6
9.622757 -0.43276212 0.6796295 150
6.0801487 -0.28136089 0.27753854 111
6.0817189 -0.2779083 0.10750161 107
3.1020133 -0.14601162 -0.015132126 4
9.6389799 -0.21999682 0.68683279 150
7.7806177 -0.17693095 0.34387141 73
7.8559961 -0.16688932 0.12558387 24
2.9915202 -0.06842158 -0.014083776 5
4.6081038 -0.012035041 0.35557887 14
4.6277032 -0.0065756701 0.22353895 132
4.6352658 0.0027701345 0.091539577 127
2.9419003 0.0051162597 -0.014840433 5
4.6222086 0.090132967 0.35982901 10
4.6227856 0.099433713 0.22588563 121
4.6313376 0.11181337 0.091927767 100
2.9533253 0.077290349 -0.015679318 5
4.6373158 0.19433281 0.36316839 7
4.6318684 0.20658956 0.22724956 110
4.6423893 0.22299913 0.092298493 120
2.9507365 0.1493102 -0.016498553 1
9.670454 0.64015919 0.71382862 88
7.7974429 0.53832829 0.35527512 59
6.2657232 0.45627964 0.10944431 16
2.9076221 0.21981454 -0.017395077 4
9.7019196 0.85812962 0.71973032 64
6.1223936 0.56143373 0.28872377 123
6.1296358 0.59092283 0.10676861 23
2.9099686 0.29198921 -0.018157728 5
9.7048893 1.0755775 0.72647989 61
6.1190696 0.70389158 0.29140216 108
6.1352401 0.74063033 0.10758115 110
2.9382739 0.36866173 -0.019747514 6
13.048325 1.7471316 0.97153133 108
7.8417249 1.0872067 0.36388344 60
2.3917572 0.34029528 0.068660758 57
2.3594267 0.35415876 -0.0082167322 53
13.072544 2.0443273 0.98126549 104
2.2557299 0.35985458 0.13709368 118
2.2284336 0.37077513 0.066233128 128
2.2899573 0.40151572 -0.0068415827 93
2.2016332 0.38818634 0.2053594 85
2.0405731 0.37380338 0.12974524 89
2.0003278 0.3825433 0.064867534 94
2.124743 0.4268516 -0.0043597254 151
2.0005109 0.39923379 0.19290726 90
1.8414897 0.38188693 0.12228566 89
1.7922835 0.3875545 0.062429421 83
1.8438441 0.41817737 0.0013668985 117
1.8094462 0.4034515 0.18042861 83
1.6654396 0.38623384 0.11576685 71
1.6082855 0.38781515 0.060921505 75
1.6339109 0.41317952 0.0059141605 77
1.6434041 0.40590444 0.16887577 79
1.5184059 0.38985327 0.11016415 83
1.4612743 0.39042607 0.059313856 74
1.4679627 0.41059998 0.0093419654 73
1.4874097 0.40445012 0.15828024 65
1.3903877 0.39265016 0.10550543 64
1.3512263 0.39738476 0.058619402 13
1.3290029 0.40828255 0.011708726 69
1.3683779 0.4063457 0.15061226 61
1.3003029 0.40081421 0.1017829 16
1.2561712 0.40249956 0.056907557 11
1.2319587 0.41336977 0.014001209 12
1.2723297 0.40945983 0.14489804 12
1.20726 0.40395182 0.098059468 11
1.1591557 0.403593 0.056188617 15
1.1509106 0.41860962 0.015250131 11
1.1902618 0.41470495 0.13914986 11
1.1242198 0.40718096 0.095307857 12
1.0821116 0.40787479 0.055423021 14
1.0599365 0.41675004 0.017501004 14
1.1252006 0.42110154 0.13534741 11
1.0512062 0.40949684 0.092509314 13
1.0220733 0.41430387 0.055594288 14
0.98794109 0.41906363 0.018691765 14
1.0492086 0.42139047 0.13054381 13
0.990183 0.413921 0.090676896 13
0.96304315 0.41974461 0.054759007 13
0.92893499 0.42250001 0.019851858 14
0.98220342 0.42276499 0.12571773 13
0.93614531 0.41841453 0.088817827 11
0.89904439 0.41914412 0.053906456 13
0.88086349 0.42904854 0.020967726 12
0.93239999 0.42726788 0.1228295 15
0.88239402 0.42087537 0.086942457 11
0.85828149 0.42671925 0.054017194 18
0.8222183 0.42745042 0.022111738 20
0.88843995 0.43384346 0.12095729 19
0.83944136 0.42646429 0.085067794 12
0.79940569 0.42416048 0.053167179 16
0.7673375 0.42592761 0.023255531 14
0.82260323 0.42622989 0.11611432 19
0.7975108 0.43006632 0.084189259 13
0.75549471 0.42574552 0.053291332 15
0.72740978 0.42954978 0.02437521 17
0.78464574 0.43088877 0.11321382 19
0.75257295 0.43067616 0.082283758 10
0.71750468 0.42943791 0.053368941 14
0.68741989 0.43124104 0.025445703 16
0.7426421 0.43258259 0.11129661 18
0.71157086 0.43238032 0.081371866 10
0.68250161 0.43219313 0.052442025 13
0.65540057 0.43601954 0.025515599 15
0.71161813 0.43737775 0.10936319 17
0.67855591 0.43614873 0.079444423 11
0.64551044 0.43390045 0.05252815 13
0.61843097 0.43570465 0.026604503 14
0.67662019 0.43907145 0.10645787 16
0.64655364 0.43885258 0.078537881 12
0.61252034 0.43559259 0.052622061 12
0.58544374 0.43739516 0.027698331 14
0.64560902 0.44278538 0.10555042 16
0.616552 0.44157794 0.077625148 12
0.58451229 0.43933594 0.052705675 12
0.55744517 0.44014037 0.027779419 13
0.61263025 0.44249144 0.10263819 15
0.58556962 0.44229749 0.076709807 11
0.55055755 0.43702814 0.051791936 11
0.54038078 0.44998714 0.027847128 13
0.57964981 0.44219974 0.1007388 14
0.55160582 0.43999982 0.075820722 10
0.52355486 0.43879735 0.051904764 10
0.50840491 0.44871309 0.02897797 12
0.5526408 0.44397494 0.099862665 14
0.5325408 0.44784886 0.074936315 10
0.50946474 0.44969121 0.052013665 10
0.47447506 0.44242072 0.030103471 11
0.53458518 0.4508335 0.098973624 13
0.50753421 0.44964105 0.075055167 10
0.47850439 0.4464283 0.052137718 10
0.44948027 0.44321173 0.031220274 10
0.50758266 0.4516108 0.097095735 13
0.47656658 0.44538721 0.073185734 9
0.45547348 0.44824985 0.052269764 9
0.43735284 0.45413983 0.031352323 11
0.47955698 0.44940135 0.095251963 12
0.45449844 0.44822916 0.073337756 8
0.43935913 0.45614693 0.052416723 9
0.40934035 0.4509266 0.031506777 10
0.46047625 0.45327267 0.09439826 11
0.4373711 0.45410442 0.07241258 9
0.41427186 0.45395517 0.052358318 9
0.44033942 0.4561511 0.09336289 11
0.37614492 0.46168447 0.032546528 9
0.41737425 0.45493701 0.092423476 10
0.39927948 0.45981389 0.071482338 7
0.37623432 0.45964259 0.051543575 7
0.40431264 0.46382505 0.091481611 10
0.32626954 0.45129418 0.033683222 5
0.32671911 0.4233017 0.068589605 1
0.33445227 0.45436794 0.06962803 2
0.3002547 0.46612182 0.034744967 8
0.32042018 0.45923707 0.069677733 8
0.30924985 0.47316748 0.052734829 7
0.32842442 0.46527362 0.087668523 9
0.26337859 0.46271893 0.035782732 7
0.29046518 0.46588552 0.068724833 7
0.27141267 0.46773472 0.05178643 6
0.29255641 0.46484739 0.08573433 9
0.23245016 0.46536097 0.036917295 7
0.25539064 0.46234202 0.06777408 7
0.26336616 0.46840602 0.083816372 8
0.20517822 0.4720017 0.038043 7
0.22529832 0.46514574 0.067017697 6
0.21214977 0.47606599 0.053097535 6
0.23418629 0.47219476 0.082930341 8
0.17504263 0.47180545 0.039101519 6
0.19815724 0.46895862 0.067035004 6
0.21009618 0.48203611 0.082032531 7
0.14706512 0.4745656 0.04019171 6
0.17017779 0.46977645 0.066134758 5
0.18023092 0.47995102 0.080099776 7
0.11822635 0.46945748 0.041252133 6
0.14525497 0.47465453 0.066188045 5
0.15324537 0.48070073 0.079178363 7
0.095205396 0.47821549 0.041286502 7
0.11932466 0.47636166 0.065205768 6
0.12832285 0.48439252 0.078210257 7
0.068343066 0.47488487 0.042373467 7
0.095365196 0.48207089 0.065321334 6
0.10045755 0.47907072 0.076316789 7
0.039614234 0.4555448 0.043458443 6
0.069496639 0.47776207 0.06542331 6
0.074568562 0.47675645 0.075421296 7
0.019524401 0.47527361 0.043577377 6
0.042674594 0.46643949 0.064502545 5
0.050619993 0.47747973 0.074500494 6
-0.0034943856 0.48301873 0.044657465 7
0.021607624 0.47920406 0.064585246 6
0.028586617 0.48623672 0.073579632 7
-0.027408015 0.48175809 0.045736648 7
-0.0023437892 0.48195094 0.064672582 6
0.0037175359 0.47998682 0.072657146 7
-0.05130915 0.47752181 0.046803646 6
-0.026232172 0.47571784 0.063736521 6
-0.020125668 0.46875358 0.07171309 6
-0.07331685 0.4853029 0.048883922 7
-0.041561481 0.48844525 0.071944401 7
-0.096601754 0.48897421 0.050092794 7
-0.070496492 0.48318842 0.064019784 6
-0.06452845 0.49122962 0.071021736 7
-0.11944427 0.47875726 0.051149365 6
-0.093422368 0.48197198 0.064090408 6
-0.086354814 0.47902447 0.070072599 7
-0.14335886 0.4765324 0.052216411 7
-0.11628845 0.47375911 0.064143293 6
-0.11031241 0.47980735 0.069134347 7
-0.14027959 0.4785462 0.06420628 6
-0.13429715 0.48559341 0.069210611 7
-0.16525632 0.48331982 0.064285368 6
-0.15716325 0.47638601 0.068255588 6
-0.18614264 0.46907714 0.064431533 5
-0.17910653 0.46813607 0.067413889 6
-0.21106188 0.46884203 0.064539216 5
-0.23005225 0.46767482 0.061583463 6
-0.2009369 0.45793048 0.066496968 6
-0.23087849 0.45466289 0.064562947 5
-0.25906244 0.47743437 0.066577308 8
-0.2950688 0.48110554 0.066679254 8
-0.32010084 0.48488027 0.06574773 7
-0.29009867 0.48614672 0.066685729 9
-0.32606262 0.48481539 0.066785648 8
-0.35310826 0.49056828 0.067862906 7
-0.3920536 0.48721159 0.069956347 10
-0.35827827 0.48654848 0.067811713 8
-0.35334942 0.49155742 0.066880561 10
-0.42323241 0.48191512 0.072037809 9
-0.3953166 0.49217308 0.068987735 9
-0.42332327 0.49491462 0.071071856 8
-0.38626975 0.49125302 0.066997617 11
-0.47127581 0.49646938 0.07621327 9
-0.4211182 0.47893462 0.069062911 8
-0.45823565 0.49359304 0.073175386 8
-0.49328071 0.50026983 0.077270158 10
-0.51122898 0.49810567 0.079307608 10
-0.46615773 0.48952842 0.071182825 6
-0.4981904 0.49423718 0.075263761 8
-0.53325427 0.49794361 0.081251852 10
-0.4912453 0.49633572 0.07215143 8
-0.54614246 0.48882294 0.082269333 11
-0.51221716 0.49614435 0.072202295 9
-0.54420555 0.49684444 0.07828255 9
-0.57718486 0.49653545 0.084363677 11
-0.61023712 0.50522441 0.087472424 12
-0.5460732 0.48482198 0.073295563 10
-0.58814007 0.49442896 0.080415055 9
-0.62715042 0.49806091 0.08851777 12
-0.54210848 0.48886245 0.067304783 11
-0.61008912 0.49122068 0.081478588 10
-0.65211499 0.49682334 0.090592273 11
-0.5681141 0.49162015 0.067387432 11
-0.60613453 0.49626216 0.075486176 9
-0.63507605 0.49198937 0.083540797 10
-0.67909372 0.49657744 0.093644857 11
-0.58403003 0.48348355 0.067392617 11
-0.6270864 0.49208197 0.076500587 9
-0.66708893 0.49470791 0.085590348 10
-0.70708853 0.4951064 0.095557816 11
-0.60700244 0.48007256 0.067308418 12
-0.65709984 0.49359593 0.077442877 10
-0.69407159 0.49324086 0.086524986 10
-0.73704571 0.493826 0.098622039 10
-0.64103037 0.48575953 0.067393467 13
-0.68406171 0.49234602 0.078500524 10
-0.72806543 0.49592382 0.089604743 11
-0.77706665 0.4994536 0.10172002 11
-0.66900337 0.48550224 0.067455016 14
-0.70798916 0.48712581 0.078544706 10
-0.7560088 0.49266523 0.090661012 10
-0.81506062 0.50108767 0.10580426 11
-0.70002341 0.48618394 0.068518937 13
-0.74102926 0.48676381 0.079605222 10
-0.79208392 0.49324337 0.093721792 11
-0.85516477 0.50260627 0.10886735 9
-0.73612994 0.4877581 0.068580978 15
-0.77713251 0.48832846 0.081663266 10
-0.83017713 0.49378458 0.095778316 9
-0.90628779 0.51003933 0.113966 9
-0.76412022 0.48344713 0.068618834 16
-0.81412828 0.4879522 0.082731001 10
-0.87617838 0.49734187 0.09887816 9
-0.9562999 0.51360363 0.11808531 10
-0.7920627 0.47726548 0.069680296 16
-0.85112917 0.48673373 0.08483126 11
-0.92322773 0.50007939 0.10201716 10
-1.0415032 0.53398758 0.12633854 8
-0.83311194 0.47906286 0.06980475 17
-0.88912976 0.48356181 0.085940994 9
-0.9712593 0.5008164 0.10515613 10
-1.106584 0.54155213 0.1325237 9
-0.87109405 0.47583181 0.069902137 18
-0.93915582 0.48717427 0.088067763 9
-1.0222403 0.50137544 0.10827053 10
-1.1826203 0.54984921 0.13969524 9
-0.91606283 0.47543037 0.070982456 19
-0.99800706 0.49175739 0.091233738 10
-1.1130736 0.51978171 0.11558521 9
-1.2513337 0.55248755 0.14595826 3
-0.97806394 0.48291516 0.072328538 21
-1.054096 0.49219003 0.093529783 11
-1.1782947 0.52102107 0.11987849 9
-1.0280207 0.48044983 0.07346411 20
-1.1150768 0.49262187 0.095697567 11
-1.2512807 0.52234429 0.12505727 10
-1.0839859 0.47794756 0.074558958 19
-1.1931107 0.49792233 0.099833205 9
-1.3272685 0.52266252 0.13017032 3
-19.404488 7.7059097 1.7563727 49
-1.1439651 0.47512686 0.075503878 14
-1.2640951 0.49597895 0.10280707 10
-1.2229615 0.47740018 0.076682627 11
-1.3490751 0.49719235 0.10699713 5
-1.2928936 0.47275639 0.077829309 11
-19.526154 6.2767515 1.806145 4
-5.8052855 1.8231231 0.32365322 82
-5.6514373 1.6442082 0.43393031 13
-5.7803512 1.7954017 0.19650345 95
-5.8169866 1.678825 0.32440677 82
-5.6711636 1.5109776 0.43783373 13
-9.7146034 2.401444 0.93702501 112
-5.7849154 1.6455522 0.19436131 73
-5.8185763 1.5321215 0.3242512 80
-5.6748595 1.3753633 0.43968666 12
-9.7384348 2.1809316 0.94680208 115
-5.8232188 1.389564 0.32408911 77
-5.691596 1.2426794 0.44356692 12
-9.751277 1.9585233 0.95655352 83
-5.8429065 1.2506353 0.32491836 14
-4.6394987 0.8976236 0.36971277 3
-10.539344 1.8761616 1.0400692 14
-19.58828 3.4337602 1.4491321 13
-19.364731 3.0369773 1.8960557 111
-19.085505 2.8933666 1.4235113 10
-19.117451 2.5656495 1.8892025 118
-19.134272 2.4575496 1.4366362 10
-19.653713 2.1953893 1.9605463 106
-0.41878042 0.024269747 0.060301069 3
-19.66062 2.0736141 1.4855278 10
-4.7653589 0.40781808 0.50782853 0
-19.670517 1.6185229 1.4987103 11
-4.7463789 0.30098775 0.51058996 3
-0.42559004 0.0082098925 0.06129149 3
-4.7414136 0.19603062 0.51438642 11
-0.39939481 -0.0065953685 0.068225473 1
-4.7554293 0.092858315 0.52019566 14
-0.4293443 -0.0088914735 0.061315652 2
-4.7644582 -0.011239261 0.52602583 24
-0.40617839 -0.021701643 0.069242813 1
-4.7725005 -0.11432167 0.53286231 44
-0.42614865 -0.024866583 0.061282676 2
-4.7745109 -0.21939932 0.53773385 55
-0.40797585 -0.036725279 0.070227779 1
-4.793519 -0.32556087 0.54562575 67
-0.42891821 -0.042900354 0.062264465 2
-4.7885442 -0.43050385 0.55046606 70
-0.40978146 -0.052749783 0.071204439 1
-4.8055534 -0.53765386 0.55834466 79
-0.42771772 -0.059896491 0.062232938 2
-4.8135586 -0.64471585 0.56521189 80
-0.42156211 -0.070864253 0.072200447 1
-4.8175564 -0.75274193 0.57206875 84
-0.3815707 -0.070490614 0.060109939 1
-19.357157 -3.2965889 1.6429092 92
-4.8355298 -0.86390603 0.5799188 74
-19.898058 -3.8554823 1.7081038 119
-4.8205385 -0.9707796 0.58567369 4
-20.088972 -4.4882922 2.353256 4
-6.0110111 -1.4209784 0.37853763 22
-20.13772 -4.9646673 2.3873258 8
-6.0246892 -1.5730468 0.38421404 48
-20.156496 -5.4456596 2.4212556 4
-20.160786 -5.9220705 2.4520881 5
-11.007551 -3.4650018 1.0267045 45
-10.904756 -3.4637256 1.361469 41
-10.45573 -3.5090456 0.33333096 30
-10.383965 -3.5060267 0.66217136 44
-10.320195 -3.507055 0.97802365 44
-10.238461 -3.5029328 1.2978425 48
-10.011595 -3.6302865 0.32708579 104
-10.026673 -3.6470139 0.65009671 105
-10.041714 -3.6697309 0.9670971 108
-10.040826 -3.6823206 1.2910775 109
-10.023026 -3.9135261 0.33463368 74
-10.0362 -3.9182441 0.66166091 107
-10.057271 -3.9360223 0.98368406 108
-10.064424 -3.9426894 1.3116938 108
-12.772309 -5.346899 0.42364681 15
-6.2250986 -2.5984728 0.4328576 6
-15.417509 -6.4425411 1.5104164 54
-15.406821 -6.4366536 2.0205336 51
-14.600622 -6.5344234 0.49161634 7
-6.0040593 -2.6720257 0.42635593 16
-14.589924 -6.4912219 1.4581243 37
-14.566067 -6.46556 1.9430401 65
-6.000977 -2.8564007 0.23096223 1
-5.9229426 -2.8021777 0.42866495 2
-13.849514 -6.5438795 1.408169 19
-13.84162 -6.5099878 1.8736922 44
-13.188016 -6.6001616 1.3649669 5
-13.180308 -6.5588784 1.8150291 31
-12.595407 -6.6133766 1.7639805 12
-12.035251 -6.6589651 1.7146804 4
-11.494834 -6.6955023 1.6671383 2
-7.1236806 -4.3539696 1.0634949 1
-5.0313811 -3.2645249 0.5943287 0
-6.9020538 -4.4279461 1.0488151 17
-5.0076914 -3.4124048 0.60318118 1
-7.805861 -5.2584105 1.2039003 16
-13.957918 -10.026025 1.6530372 3
-13.973266 -9.8847275 2.1691318 11
-11.16634 -8.2702599 1.769833 2
-14.050675 -10.905332 2.2645612 3
-11.196656 -9.0848446 1.8475821 11
-5.8946657 -4.9866538 1.008665 14
-5.8122158 -5.1419187 1.0171348 18
-5.78264 -5.3453288 1.0330869 26
-5.7203836 -5.6581907 0.82001734 5
-5.7775226 -5.5802398 1.0553224 37
-0.8370775 -0.87127632 0.087164104 2
-0.90551776 -0.92198688 0.1272134 3
-11.277913 -11.714517 1.627627 25
-5.6156449 -5.6678214 1.0507437 38
-0.78320783 -0.85178834 0.086085804 9
-0.84370857 -0.89642274 0.12412948 6
-0.93886477 -0.97738975 0.17017345 0
-11.291403 -11.95787 2.1320949 67
-0.73333877 -0.83333522 0.085012302 16
-0.79481584 -0.8809762 0.12205115 7
-11.314077 -12.522281 2.1898754 81
-0.70327777 -0.83606362 0.084938072 21
-0.74100721 -0.85648233 0.11898155 9
-0.8390497 -0.95047235 0.16300303 5
-11.350247 -13.139833 2.2565694 79
-0.6593945 -0.81866574 0.084877223 19
-0.70105147 -0.84711581 0.11691304 9
-0.78423208 -0.92596519 0.15793416 7
-11.386997 -13.785515 2.3252048 64
-0.6254195 -0.81326503 0.08478073 19
-0.66315305 -0.8365882 0.1157826 9
-0.73841864 -0.90927696 0.15475875 8
-11.418034 -14.461648 2.3982151 70
-0.59664035 -0.81075609 0.084686995 19
-0.63237703 -0.83312172 0.11476254 9
-0.69675285 -0.89376205 0.15182194 7
-11.47657 -15.220694 2.4847701 56
-0.56573129 -0.80437213 0.084787071 18
-0.5996449 -0.82597649 0.11424623 9
-0.65015793 -0.87049752 0.14729054 9
-11.121051 -15.445428 2.4891782 103
-0.53890562 -0.80337822 0.085143261 18
-0.57065529 -0.82272035 0.11419326 9
-0.61326563 -0.85716176 0.14524408 8
-0.5148555 -0.80518794 0.085051484 18
-0.54264438 -0.81751841 0.11303168 9
-0.58322358 -0.8529672 0.14300132 8
-0.65441126 -0.92970943 0.18297191 0
-0.4848114 -0.79603899 0.084720992 17
-0.51653141 -0.81640416 0.11269501 9
-0.55218053 -0.84480447 0.14066319 9
-0.6194011 -0.91949517 0.17965515 2
-0.4617033 -0.79790837 0.08549045 16
-0.48951754 -0.81120181 0.11153547 9
-0.52320993 -0.83755684 0.13956898 9
-0.58745807 -0.91120392 0.17659222 4
-0.43573371 -0.7916804 0.085435808 15
-0.463523 -0.80797708 0.11047214 8
-0.49819866 -0.83633745 0.13850693 8
-0.547656 -0.8878386 0.17153731 6
-0.41467562 -0.79549068 0.086382382 16
-0.44050494 -0.80776268 0.11042484 9
-0.47321039 -0.83310217 0.13746111 8
-0.51870006 -0.88156313 0.16848806 6
-0.38777414 -0.7822414 0.086348847 15
-0.41455877 -0.79952168 0.11038505 11
-0.44134361 -0.81680149 0.13442136 8
-0.49370608 -0.87932575 0.16644126 6
-0.36674681 -0.78304565 0.086305 14
-0.39059675 -0.79329729 0.10934644 9
-0.41640225 -0.80856586 0.13238405 8
-0.46380353 -0.86704248 0.16339993 7
-0.34864575 -0.79187852 0.087254718 15
-0.36762249 -0.7880851 0.1093081 7
-0.39341477 -0.80436069 0.13134207 7
-0.43979216 -0.86483693 0.16234985 7
-0.32276794 -0.7756207 0.087187774 14
-0.35050124 -0.79792303 0.11020487 11
-0.3723658 -0.80616713 0.13123934 7
-0.4128508 -0.85459751 0.15922832 6
-0.29981259 -0.76733798 0.087132551 12
-0.32757735 -0.78954506 0.10911215 10
-0.35239628 -0.80572706 0.13109778 10
-0.38409066 -0.8349793 0.15506887 8
-0.28489506 -0.77995121 0.08800108 14
-0.30777091 -0.78918362 0.1090719 8
-0.32770339 -0.792386 0.1291499 8
-0.35643858 -0.81667435 0.1522022 9
-0.2620382 -0.76765358 0.088120148 13
-0.2878224 -0.78893822 0.10920613 10
-0.31081808 -0.80041814 0.12955153 8
-0.33561277 -0.81668651 0.1515881 8
-0.24512783 -0.7757585 0.090437151 13
-0.26411173 -0.77196658 0.10849684 7
-0.28983757 -0.79624027 0.12952131 10
-0.31562874 -0.81351167 0.14956002 9
-0.22514661 -0.77060366 0.090387508 13
-0.24989396 -0.78989071 0.11035449 10
-0.26786405 -0.78511035 0.12734704 7
-0.29262188 -0.80339688 0.14731413 9
-0.20508572 -0.76353693 0.090106018 12
-0.2269178 -0.77379525 0.10908064 9
-0.25067893 -0.79207104 0.12804493 9
-0.27642396 -0.81236136 0.14801909 8
-0.18889689 -0.77347463 0.09187828 13
-0.20884958 -0.77368224 0.10892724 7
-0.22876608 -0.7778914 0.12596747 7
-0.25449583 -0.80216104 0.14598535 8
-0.16899016 -0.76029903 0.091852084 12
-0.19272462 -0.78454727 0.10986508 9
-0.21361497 -0.79176509 0.12690315 8
-0.23645855 -0.8040005 0.14493859 6
-0.15285067 -0.7731564 0.092794359 13
-0.17285149 -0.76836216 0.10885273 7
-0.19465293 -0.7855866 0.12587702 9
-0.21842271 -0.80583203 0.14490092 9
-0.13393074 -0.76198083 0.092776835 12
-0.1557589 -0.77620512 0.10980657 8
-0.17567936 -0.78041023 0.12584907 6
-0.19656399 -0.78862357 0.14188699 8
-0.11680884 -0.77282637 0.094725654 13
-0.13681203 -0.76802957 0.10978374 7
-0.15765217 -0.78124261 0.12581307 7
-0.17948321 -0.79546434 0.14184314 7
-0.098850481 -0.76566213 0.095703475 12
-0.12071085 -0.77688253 0.11073875 9
-0.13872856 -0.77007353 0.12479271 6
-0.16146381 -0.7943123 0.14080493 7
-0.081818737 -0.76655096 0.096695453 12
-0.1018564 -0.76079011 0.10981045 8
-0.12263597 -0.78304082 0.12588277 9
-0.14263156 -0.78126872 0.13898017 7
-0.063865244 -0.76550001 0.09781266 12
-0.085706368 -0.7787205 0.11284834 9
-0.10472424 -0.7729097 0.12490708 6
-0.12646468 -0.79713118 0.14092521 9
-0.047881711 -0.76135999 0.097789586 12
-0.06780567 -0.76556134 0.11183477 8
-0.087640218 -0.77976161 0.125864 8
-0.10763145 -0.77695996 0.13792041 7
-0.030768378 -0.77121365 0.099741645 13
-0.051813245 -0.76242089 0.11181008 8
-0.070721775 -0.76861155 0.12484965 6
-0.091484986 -0.79082072 0.13886862 10
-0.013865081 -0.75806522 0.099730417 12
-0.033673193 -0.77526557 0.11375489 8
-0.053660296 -0.77347338 0.12582426 8
-0.073638968 -0.77471137 0.13693839 7
0.0052832086 -0.77700013 0.10280331 13
-0.01678985 -0.76522988 0.11390579 8
-0.036621511 -0.77842313 0.1259397 8
-0.056483138 -0.78861576 0.13797753 9
0.020146603 -0.75587642 0.10283255 12
0.001365379 -0.77606142 0.11585139 9
-0.019637307 -0.77226031 0.12591061 8
-0.039557591 -0.77745152 0.13695404 7
0.040311661 -0.77068877 0.10476333 13
0.017273353 -0.76290572 0.11483344 7
-0.0014812124 -0.78609031 0.12784787 9
-0.022522308 -0.77828789 0.13691293 10
0.056268834 -0.76253843 0.10573792 12
0.03647485 -0.78173411 0.11776048 10
0.013312176 -0.76095051 0.12484939 7
-0.0043902351 -0.79012901 0.13785216 9
0.074311554 -0.76438117 0.1066921 12
0.052334525 -0.76359206 0.11674905 6
0.033555727 -0.7847771 0.12776609 9
0.011455298 -0.77098411 0.13484208 8
0.093410254 -0.7722162 0.10863511 13
0.071468763 -0.77542722 0.11868609 9
0.049433168 -0.76863509 0.12675177 6
0.029560456 -0.77982664 0.13578592 10
0.109134 -0.76083058 0.10921007 12
0.089288674 -0.77502477 0.11923553 7
0.068351433 -0.77922654 0.12828064 9
0.046299957 -0.77143258 0.13434869 7
0.13026536 -0.77264422 0.11114816 13
0.10419871 -0.7618984 0.11922657 8
0.085348509 -0.77509046 0.12824729 6
0.066483274 -0.78930891 0.13731599 12
0.14412689 -0.75760996 0.11223262 9
0.12735918 -0.78281462 0.12228476 10
0.10225432 -0.7700662 0.1283932 9
0.0823576 -0.77925628 0.13543035 7
0.16520004 -0.76648313 0.11424805 13
0.1411967 -0.7637096 0.12131424 6
0.12340315 -0.78388417 0.13032891 10
0.100359 -0.7770986 0.13539904 11
0.18628661 -0.77330184 0.11619489 14
0.16233014 -0.77552962 0.12425309 10
0.13725947 -0.76576161 0.12933296 6
0.12150782 -0.79091656 0.13733476 12
0.20016553 -0.75718218 0.11719563 10
0.18132244 -0.77236283 0.1242208 8
0.15835232 -0.77357823 0.1302782 10
0.13431463 -0.76779968 0.13434923 9
0.22124296 -0.76300126 0.11914399 13
0.19727111 -0.76524752 0.12523276 7
0.17837782 -0.77746958 0.13132346 7
0.15846708 -0.78770012 0.13742127 12
0.24431697 -0.77291584 0.122238 13
0.22139016 -0.77712572 0.12829238 10
0.1953589 -0.77135944 0.1313681 9
0.17339464 -0.7735582 0.13542111 7
0.26129597 -0.76475364 0.12321321 11
0.23836097 -0.76996279 0.12826431 7
0.22052629 -0.78612852 0.13428666 10
0.19345906 -0.77736956 0.13636836 11
0.28336287 -0.76854897 0.1251556 14
0.25532752 -0.76280147 0.12923539 7
0.23645465 -0.774975 0.13426612 7
0.21554902 -0.78416657 0.13730612 12
0.30846828 -0.77632701 0.12908447 15
0.28250071 -0.77856338 0.13214731 10
0.25647938 -0.77480042 0.13521893 9
0.23146196 -0.77202523 0.13628653 7
0.32847786 -0.77415407 0.13104053 15
0.30353677 -0.77938139 0.13409638 9
0.28159559 -0.78458196 0.1371447 11
0.25250453 -0.77384162 0.13723399 12
0.34542248 -0.76500648 0.13201451 11
0.32454616 -0.77719939 0.13605002 9
0.29956427 -0.77842426 0.13711163 9
0.27558267 -0.77964008 0.13817073 12
0.36541429 -0.76083392 0.13397381 12
0.34148839 -0.76805061 0.13602407 7
0.31651542 -0.77027553 0.13708414 7
0.2966072 -0.77945644 0.13912143 10
0.39352623 -0.76959246 0.13789423 15
0.36249775 -0.76586908 0.13797802 7
0.33955151 -0.7710759 0.13902864 9
0.31252035 -0.76731551 0.13810238 11
0.4196001 -0.77436781 0.14082572 17
0.39059815 -0.77362639 0.14090003 8
0.3646141 -0.77485824 0.14096393 8
0.33659828 -0.77310532 0.13903713 12
0.43956521 -0.76719517 0.14278993 16
0.41463405 -0.77441812 0.14284247 8
0.39069447 -0.78063196 0.14289398 9
0.36165845 -0.77688646 0.13997255 13
0.46054766 -0.76201397 0.14474887 15
0.4335967 -0.7672534 0.14380924 8
0.4086276 -0.77047509 0.14286755 8
0.3856917 -0.77767706 0.14091502 13
0.4875949 -0.76378113 0.14768285 16
0.45761478 -0.76604557 0.14575496 8
0.42758137 -0.76231033 0.14383586 8
0.40159857 -0.76453775 0.140898 10
0.51869798 -0.77151334 0.15159836 16
0.48466203 -0.76781225 0.14868908 9
0.45465288 -0.76707548 0.14576547 9
0.42662784 -0.76532972 0.14185169 12
0.54671496 -0.77130854 0.15557818 17
0.51268733 -0.76962292 0.1516861 9
0.47861999 -0.76292276 0.14677987 9
0.45164365 -0.7661615 0.14284207 14
0.57372445 -0.77009171 0.1585162 16
0.54173285 -0.77235246 0.15456329 9
0.50868493 -0.76862097 0.14962193 9
0.47662535 -0.76387912 0.14368002 14
0.60778493 -0.77572447 0.16330327 13
0.56871659 -0.77004474 0.15738021 9
0.5377019 -0.77029401 0.15142873 10
0.50363088 -0.76456869 0.14449421 10
0.6347515 -0.77141666 0.16612093 12
0.59871882 -0.7697103 0.16018531 9
0.56569529 -0.7689842 0.15325326 10
0.53467548 -0.76825273 0.14633365 11
0.67089593 -0.77507985 0.17100544 11
0.62985349 -0.7704165 0.16313557 10
0.59785783 -0.77067423 0.15623504 10
0.56384194 -0.76894838 0.1483424 11
0.71711069 -0.78761256 0.17794462 12
0.65891629 -0.76709551 0.16614164 10
0.62896276 -0.77233362 0.15822808 11
0.58987969 -0.7636497 0.14835836 10
0.75926274 -0.79418683 0.18389626 13
0.71015412 -0.78460819 0.17303504 10
0.65998924 -0.76903725 0.1611855 10
0.62091559 -0.76336837 0.15029319 11
0.80234462 -0.79881132 0.18978412 12
0.75023109 -0.78925329 0.17693095 10
0.69301951 -0.76874316 0.16410661 10
0.65192568 -0.76109123 0.15222213 11
0.84641713 -0.80242771 0.19567104 10
0.79331005 -0.79387999 0.18181816 11
0.72703815 -0.76744598 0.16602539 10
0.69604439 -0.77070624 0.15509893 12
0.89249212 -0.80603135 0.20255238 10
0.83233553 -0.79254329 0.1867246 11
0.78019899 -0.78098524 0.17187369 12
0.73208034 -0.77139145 0.15700969 12
0.945602 -0.813573 0.20941022 11
0.88143444 -0.79911911 0.1925939 9
0.81922853 -0.78064579 0.17477868 12
0.76506335 -0.76610368 0.15893729 12
1.0037173 -0.82107306 0.21825579 11
0.92647749 -0.79972899 0.19748259 10
0.87537169 -0.79215866 0.18062292 9
0.80811924 -0.76872849 0.16182773 13
1.0708784 -0.83349454 0.22807135 10
0.97451407 -0.79931414 0.20336546 10
0.91637707 -0.7888031 0.1845278 9
0.85115743 -0.76935321 0.16472137 13
1.1359954 -0.84093457 0.23789984 1
1.0336152 -0.8058027 0.21021032 10
0.96340889 -0.78839451 0.18841328 10
0.8951872 -0.76896977 0.16761425 14
12.299706 -8.1096897 2.0489421 91
1.0977389 -0.81324428 0.21804373 11
1.0135033 -0.78793883 0.19330364 10
0.94427407 -0.7685194 0.17051184 13
12.323568 -7.741271 2.0426195 96
1.176962 -0.8275364 0.22885524 10
1.0685368 -0.78845346 0.19819014 11
1.0023522 -0.77400738 0.175382 11
12.35135 -7.383997 2.0393796 100
1.2621238 -0.84079272 0.23965295 3
1.1295835 -0.78991836 0.2050629 11
1.0523456 -0.77056402 0.17828809 11
12.361098 -7.0238791 2.0331881 104
1.3351824 -0.84315288 0.24850047 1
1.2046938 -0.7982589 0.21289375 13
1.1123745 -0.77103305 0.182161 12
12.361839 -6.6690068 2.0277066 107
12.357224 -6.9807916 1.8602252 93
1.2918417 -0.81049532 0.22163026 13
1.1774225 -0.77245754 0.18696621 13
12.373826 -6.3248444 2.0241463 17
12.367076 -6.6236348 1.84869 112
1.3769486 -0.81574643 0.23040944 67
1.2464782 -0.77284694 0.19279251 14
12.302509 -5.9504037 2.0088363 14
12.268427 -6.215425 1.8224846 11
1.4690349 -0.82094598 0.24012822 16
1.3285253 -0.77713734 0.19850172 15
12.419035 -5.670485 2.0225608 78
12.260256 -5.8686104 1.8095164 19
1.5891604 -0.83592767 0.25364915 2
1.4235675 -0.78433228 0.20710069 77
11.864733 -5.107398 1.9312967 100
12.43997 -5.6121721 1.8239465 105
8.4074373 -3.9728525 1.1124892 1
1.5246156 -0.78946495 0.2147277 89
11.880079 -4.8072972 1.9315158 98
11.87264 -5.0360498 1.7351967 100
8.3650198 -3.7185881 1.0966492 7
1.6306585 -0.79270566 0.22329681 108
12.158375 -4.612402 1.97361 39
11.883801 -4.7314591 1.7271118 100
11.887139 -4.940124 1.5227672 100
1.7406931 -0.79076278 0.23203048 112
12.431673 -4.4050961 2.016222 77
12.460162 -4.633522 1.8017815 93
11.919419 -4.6338592 1.5131444 87
1.8346343 -0.77895975 0.23882085 100
11.960392 -3.9431856 1.942131 12
11.776002 -4.0814443 1.6993724 19
12.652175 -4.5785446 1.5913529 108
1.9586442 -0.77389562 0.2485247 120
12.06118 -3.6863627 1.9582717 17
11.889733 -3.8194957 1.7104876 84
11.832523 -3.9736474 1.4813795 87
2.1558304 -0.78619814 0.26601559 30
12.552114 -3.5341265 2.0387559 103
12.271318 -3.6371381 1.7602732 107
11.968309 -3.7143493 1.4868876 89
2.3815777 -0.80074567 0.28539056 4
12.570621 -3.2440438 2.0441406 98
12.55148 -3.4128222 1.7949061 99
12.712728 -3.6190619 1.5681735 103
12.055572 -3.5832479 1.2368634 85
12.564083 -2.9511478 2.0456388 100
12.576906 -3.1166437 1.7953391 99
12.725006 -3.3089879 1.5596602 102
12.763681 -3.4622309 1.2923162 83
12.602658 -2.6698856 2.0549815 101
12.588324 -2.8206115 1.7937418 99
9.563777 -2.256901 1.1791416 21
9.3746958 -2.3131964 0.95249522 23
12.597145 -2.3800325 2.0593503 98
12.595754 -2.5256402 1.7940872 99
9.5757608 -2.0268717 1.175388 22
9.5199041 -2.1060247 0.9573738 36
12.602688 -2.0960851 2.0646782 101
12.595159 -2.2277377 1.7934537 99
8.5337133 -1.6027849 1.0485778 3
9.393568 -1.8441705 0.93801492 13
12.620261 -1.8140382 2.0729699 98
12.618641 -1.9366341 1.7977452 98
8.5299063 -1.3958898 1.045827 47
9.4045229 -1.6101425 0.93230885 18
12.636873 -1.5349829 2.0824552 31
11.104878 -1.4524752 1.5885156 31
8.538188 -1.1938446 1.0433222 40
9.5067081 -1.3942838 0.93559206 43
12.658501 -1.2548411 2.0939808 100
11.310972 -1.2197577 1.6183926 50
8.5424461 -0.9898209 1.0416516 35
9.4826717 -1.1584961 0.92704326 55
12.668143 -0.97679836 2.1034193 100
12.671271 -1.0743072 1.8102566 98
8.5427332 -0.78883624 1.0409825 33
9.5457582 -0.93397045 0.92725664 53
12.677794 -0.69975746 2.1128531 101
12.673804 -0.78531772 1.8137276 98
8.5570307 -0.58873183 1.0412769 31
9.5247383 -0.69916391 0.92169565 50
12.682446 -0.4227601 2.1222997 101
12.698374 -0.49914429 1.8211393 100
8.5633125 -0.38669673 1.0415945 42
9.5237665 -0.4691852 0.91707724 44
12.708096 -0.14358877 2.1366975 100
12.708899 -0.21197501 1.8277346 98
8.5705633 -0.18648492 1.0431206 31
9.5457373 -0.23973219 0.91574973 30
12.720614 0.1348328 2.1495583 96
12.718365 0.074333861 1.8344541 98
8.5747881 0.01364462 1.0445155 31
9.5806942 -0.0074078767 0.91700155 38
12.731205 0.4129414 2.1629384 101
12.736839 0.36451679 1.8438342 99
8.5740309 0.21265653 1.0448009 36
9.5736599 0.22255827 0.91435087 25
12.736781 0.6920082 2.1753304 88
12.756324 0.65370715 1.8542081 99
8.5752382 0.41368115 1.0470757 31
9.5616407 0.45311391 0.9116472 27
12.153584 0.92719537 2.0909598 81
12.155004 0.89737529 1.7774063 89
8.5874691 0.61658567 1.0520436 22
9.5726042 0.68526047 0.91373026 26
12.176185 1.1965908 2.1082962 77
12.176611 1.1751324 1.7892632 90
8.5787363 0.81843406 1.0543164 12
9.577529 0.92023581 0.91507447 29
12.78943 1.5395988 2.2263889 66
12.79066 1.5301671 1.8873634 94
8.604826 1.0245597 1.0605667 4
9.6432905 1.1647059 0.92129767 30
12.832762 1.8336917 2.2493389 48
12.807912 1.8300757 1.900329 87
8.6368027 1.2363679 1.0686878 2
13.049598 1.9023193 1.2307121 107
12.807251 2.1185787 2.2606046 49
12.824281 2.1293192 1.9145132 85
8.6359215 1.4454321 1.0738331 1
13.061707 2.2275407 1.2349434 102
12.876923 2.4201274 2.2880924 43
12.828886 2.4322531 1.9262086 78
8.6432571 1.653353 1.0778725 1
2.1894989 0.42082375 0.24675581 30
12.915403 2.7213459 2.31235 44
12.855319 2.7363782 1.9425019 76
12.868021 2.7820261 1.5915401 88
1.9823639 0.4310368 0.22828576 121
13.001789 3.037008 2.3465908 38
12.854742 3.0413342 1.9569813 73
12.877313 3.101073 1.6030151 92
1.7683316 0.43020785 0.20983431 109
12.927592 3.319139 2.3557024 27
12.870336 3.3572495 1.9779077 75
12.880885 3.4229214 1.6169887 89
1.5818818 0.42724273 0.19424622 72
12.942008 3.6291969 2.3801787 24
12.899623 3.6814408 2.0003695 74
1.6685536 0.48292509 0.25416401 1
1.4268607 0.42397684 0.18070689 75
12.988124 3.9508691 2.4110885 25
12.914688 4.0048804 2.0203402 75
1.495544 0.47250944 0.2346421 13
1.2988102 0.42190117 0.1700356 12
13.021332 4.2761507 2.4404757 26
12.933852 4.3330512 2.0427663 74
1.3695011 0.46942374 0.22091658 50
1.2077202 0.42610887 0.16223648 11
13.161253 4.6403298 2.4896612 53
12.948972 4.6661878 2.065208 71
1.2694299 0.47055835 0.2101344 10
1.1296023 0.43142578 0.15640487 10
13.133657 4.9586005 2.5121679 63
12.939445 4.9961491 2.0846877 55
1.1644783 0.46331602 0.1984707 10
1.0545986 0.43235049 0.14982513 9
13.181918 5.3066621 2.5498624 69
12.945596 5.3403563 2.1114447 20
1.0834657 0.46251357 0.18977736 9
0.98256224 0.43369657 0.14395618 11
13.159106 5.6343617 2.5734239 64
12.963501 5.6944036 2.1389885 15
1.0182675 0.46585584 0.18287864 9
0.90445316 0.42692554 0.13807103 10
13.219817 6.009737 2.6168892 71
0.92907095 0.45314386 0.1726279 10
0.85413611 0.43155873 0.13376015 12
12.697383 6.1152892 2.5453818 40
1.0036715 0.50471908 0.21746685 2
0.89885581 0.46688709 0.17064817 7
0.80402011 0.43313143 0.12981199 15
12.422765 6.3210135 2.5202763 66
0.94861442 0.50619298 0.21014251 6
0.82194203 0.45316261 0.16138098 9
0.76000094 0.43567133 0.12650596 13
12.437839 6.6750174 2.5556598 77
0.88962418 0.50265688 0.20225297 7
0.77691555 0.45474312 0.15646382 9
0.71499765 0.43525824 0.12259284 15
12.131221 6.8563647 2.5276792 49
0.81672686 0.48902714 0.1924058 9
0.73292416 0.45436195 0.15256856 9
0.68096799 0.43996045 0.1206793 16
11.570812 6.8796253 2.4471812 54
0.77073902 0.48763156 0.18651418 9
0.69392359 0.45502383 0.14866173 8
0.64297879 0.43962929 0.11776824 15
11.083242 6.9264946 2.3815279 58
0.71979159 0.48119491 0.17962757 9
0.64896441 0.45063606 0.14376256 8
0.61792576 0.44740784 0.11683582 14
10.601839 6.9534211 2.3138263 63
0.68179756 0.48086703 0.17471649 9
0.62391931 0.45741412 0.14282852 11
0.58593029 0.44812712 0.11491052 13
10.124554 6.967382 2.2480922 63
0.64482284 0.4785465 0.17079954 8
0.59589547 0.46117002 0.13989753 10
0.55393487 0.44884691 0.11298511 13
0.61579901 0.48229381 0.1678711 12
0.56987411 0.4649415 0.13796125 10
0.53488165 0.45667753 0.11203689 12
0.6695174 0.52769649 0.20479409 5
0.58083326 0.47899094 0.16394722 9
0.54087925 0.46568757 0.13602886 10
0.50688905 0.45743361 0.11010455 12
0.61863983 0.51326621 0.1959008 6
0.55383438 0.48075917 0.16101933 9
0.51190829 0.46443945 0.13310327 10
0.47296378 0.45114118 0.10818405 11
0.602561 0.52512658 0.19496179 6
0.52486056 0.47951269 0.15709369 8
0.48493046 0.46420741 0.13117392 9
0.4549284 0.45798513 0.10724232 11
0.55769205 0.51074743 0.18805729 10
0.50780743 0.48836529 0.15615249 9
0.46888629 0.47206858 0.13022856 9
0.43888664 0.46584466 0.1072969 11
0.53566903 0.51555973 0.18512282 10
0.47787109 0.48310894 0.15322313 9
0.44192624 0.46983695 0.12829603 9
0.41590056 0.46664754 0.10535866 10
0.51267165 0.51736379 0.18218622 11
0.46281806 0.49197921 0.15227666 8
0.42092344 0.47265756 0.12635587 8
0.47948664 0.50915617 0.17733291 12
0.44452479 0.49688497 0.15139621 9
0.45846862 0.5119611 0.17537378 11
0.41460049 0.48862305 0.14744976 8
0.43746191 0.51377767 0.17242143 11
0.34258407 0.4800587 0.10360897 9
0.41448927 0.51157689 0.16946794 11
0.34266111 0.47802612 0.12159829 5
0.31864887 0.47384802 0.10165171 9
0.39845297 0.51743329 0.16850868 1
0.35659862 0.49310958 0.14257771 7
0.37252995 0.50920862 0.16455354 5
0.31656715 0.49278829 0.12166853 8
0.28464782 0.47754267 0.10072551 8
0.350566 0.50601691 0.16159567 10
0.32456884 0.49982318 0.14065108 7
0.33256161 0.5078581 0.15963517 9
0.28158322 0.49447733 0.11974452 8
0.25461945 0.48527306 0.10080049 8
0.28860646 0.49950898 0.13773474 7
0.30155447 0.5135904 0.15672339 10
0.25159231 0.49921638 0.11883112 7
0.21970619 0.48096976 0.099886 8
0.25958699 0.50725788 0.13582337 7
0.26859301 0.51430678 0.15381153 9
0.21964194 0.49894062 0.11691498 7
0.19171777 0.48572531 0.099967197 7
0.25755125 0.5222103 0.15385291 9
0.22665438 0.50497442 0.13390684 6
0.23663305 0.51503509 0.15089741 8
0.187705 0.49766749 0.11599805 7
0.15785597 0.47543776 0.09804178 7
0.19472153 0.50270599 0.13098864 6
0.2086511 0.5187996 0.14897808 8
0.15777463 0.49541509 0.11407472 7
0.12892202 0.47419119 0.098117523 7
0.16479141 0.50045353 0.1290653 6
0.18165089 0.52457082 0.14705987 8
0.13178588 0.50018877 0.11415374 7
0.10492346 0.47998023 0.098193496 6
0.13686302 0.49720836 0.12713914 6
0.15563717 0.5313372 0.14614533 8
0.10385838 0.49693912 0.11322863 6
0.081874557 0.49176815 0.10027835 6
0.11185201 0.50398219 0.12722166 5
0.12670903 0.52808172 0.14322069 8
0.074996643 0.48668221 0.11129112 5
0.056899823 0.49554273 0.10035124 7
0.088812567 0.51577324 0.12729979 6
0.097835451 0.51982641 0.14028277 8
0.052946426 0.5004791 0.11336937 6
0.030007537 0.49030077 0.10041322 6
0.063870609 0.51853192 0.12737308 6
0.070911646 0.5205344 0.13836986 7
0.028022163 0.50218195 0.11346284 6
0.005100898 0.49001488 0.10152782 6
0.035044234 0.50525522 0.12452268 6
0.044049822 0.51034534 0.13558014 7
0.0021080372 0.49804366 0.11372122 6
-0.018854823 0.49089327 0.10279065 6
0.011054416 0.51013297 0.12479086 5
0.020964732 0.52722728 0.13786602 7
-0.022761244 0.487919 0.11197083 5
-0.042909209 0.50377136 0.1050781 6
-0.011980519 0.52101672 0.12706901 5
-0.0039650076 0.52406883 0.13605259 7
-0.045841895 0.50374901 0.11513547 5
-0.066877566 0.50558597 0.10619726 6
-0.037026826 0.53180146 0.12815884 6
-0.028915513 0.52285743 0.13512191 7
-0.069837324 0.5085426 0.11621138 6
-0.091805175 0.50237125 0.10726182 6
-0.062895261 0.52058381 0.12621294 5
-0.053818066 0.51564801 0.13318007 7
-0.094869606 0.51832408 0.11929772 6
-0.1157387 0.50016403 0.10932445 6
-0.085786603 0.5123899 0.12526304 5
-0.077808127 0.51944327 0.13325341 7
-0.11974367 0.50811338 0.11834899 5
-0.14175649 0.50793892 0.11140877 7
-0.11077379 0.51617539 0.12633821 5
-0.10387433 0.53321671 0.1363484 7
-0.14575326 0.5148887 0.12043113 6
-0.16978012 0.51669592 0.11449926 7
-0.13885415 0.53192878 0.12944286 6
-0.12986457 0.53798562 0.13643217 7
-0.17274016 0.52064031 0.12352106 6
-0.19777079 0.52343541 0.11859471 7
-0.16685762 0.53967011 0.13154089 5
-0.15161511 0.51379186 0.13245775 4
-0.1996976 0.52239889 0.12460312 6
-0.22570921 0.52318609 0.1206751 6
-0.19071817 0.52946204 0.13159168 4
-0.17756976 0.51456928 0.13253145 6
-0.22970857 0.53113604 0.12870128 6
-0.25059932 0.51696908 0.1227338 5
-0.21765314 0.52822965 0.13266449 4
-0.20658614 0.52331829 0.13462633 7
-0.26173034 0.54085815 0.13180503 6
-0.2846241 0.52767122 0.12784413 6
-0.24483392 0.52603811 0.13370229 4
-0.23586199 0.53310472 0.13769193 8
-0.29398373 0.54862756 0.13586827 7
-0.32297286 0.5473913 0.13394092 8
-0.27685452 0.53576589 0.13680302 5
-0.26887682 0.54182601 0.1397935 8
-0.32796037 0.55333775 0.13996533 7
-0.35793874 0.55109173 0.1390387 8
-0.31390542 0.54945105 0.14092325 7
-0.34087569 0.54622984 0.1399872 6
-0.30390549 0.55252898 0.14290345 9
-0.36189824 0.55304998 0.14305359 7
-0.38882738 0.54482913 0.14210886 8
-0.319884 0.55339432 0.14394678 7
-0.34685165 0.55017143 0.14401068 4
-0.41185555 0.55263138 0.14618197 7
-0.33279377 0.54528797 0.1429669 9
-0.40089697 0.56071806 0.14816819 8
-0.43285352 0.55645239 0.14924303 7
-0.38890544 0.56381482 0.14914103 6
-0.42292091 0.56653106 0.1512312 6
-0.45993361 0.56922126 0.15432867 7
-0.3667756 0.54800439 0.14505394 9
-0.45100263 0.57929176 0.1563185 7
-0.4900156 0.58196473 0.15942022 4
-0.39186016 0.56079161 0.1491344 10
-0.42486495 0.56251431 0.15221928 6
-0.46896908 0.57714063 0.15835387 4
-5.8723516 7.6923285 1.5861051 9
-0.41084987 0.56163168 0.15017933 8
-0.45394883 0.5762623 0.15631258 5
-0.49297637 0.58192873 0.16142012 1
-6.2511611 7.814106 1.6531719 9
-0.43182817 0.56344134 0.15223546 10
-0.48301235 0.58900255 0.16040713 3
-5.9404297 7.7187514 1.6111624 9
-6.5661893 7.8374414 1.7039056 64
-0.45382258 0.56724298 0.15429725 9
-0.49588871 0.57788301 0.16042037 0
-6.3151612 7.8295836 1.670194 62
-6.8921571 7.8536878 1.7556509 68
-0.48692474 0.58494872 0.15940985 4
-6.0304365 7.7300406 1.6122462 8
-6.6331768 7.8489108 1.7129246 64
-7.236197 7.8797812 1.8114537 66
-0.50485039 0.57978731 0.15944569 1
-6.4020638 7.8259144 1.6632392 63
-6.9580965 7.8571806 1.7576499 65
-7.58815 7.8958101 1.8692552 63
-6.1243553 7.7223444 1.5853058 9
-6.7180171 7.8352742 1.6979442 64
-7.3030963 7.8762817 1.8064395 67
-7.9631629 7.92064 1.9331396 65
-6.4979482 7.8112144 1.6283232 66
-7.0660973 7.8613558 1.7398138 67
-7.6691451 7.901197 1.858373 68
-8.3543615 7.9380713 2.0000577 61
-6.850801 7.8517113 1.6641051 67
-7.4251914 7.8843746 1.7834617 69
-8.0435028 7.9096007 1.9128935 71
-8.7629385 7.9558716 2.0695837 58
-7.2175336 7.8831773 1.7006445 68
-7.792758 7.896699 1.8279278 69
-8.4636011 7.946959 1.9765497 69
-9.2105074 7.9831567 2.1483474 56
-7.5795536 7.8921976 1.7343879 62
-8.2017889 7.9250736 1.8811239 70
-8.8827553 7.9627643 2.0398128 61
-9.5367966 7.8936872 2.1991956 83
-7.9598098 7.9064159 1.7735792 62
-8.6208649 7.9522781 1.9351835 66
-9.3442106 7.9981928 2.1119397 66
-9.5274515 7.5299206 2.1765752 83
-8.3798409 7.9377341 1.8205799 62
-9.0507298 7.9684963 1.9912314 62
-9.5217304 7.7760897 2.1220016 81
-9.6592531 7.2858481 2.1869085 64
-8.8162422 7.9656568 1.8685365 61
-9.4946661 7.9705615 2.0515115 81
-9.5263672 7.4174199 2.0958545 81
-10.148605 7.2966537 2.2774477 53
-9.2822399 8.0076265 1.9202341 54
-9.5108414 7.6235461 2.0191162 83
-9.8219042 7.3027768 2.1343217 68
-10.57103 7.2612233 2.3541031 5
-9.5055971 7.8117867 1.9233408 76
-9.5622263 7.3051848 1.995593 69
-10.330825 7.3214722 2.217519 61
-12.3771 8.1077499 2.7309492 61
-9.5055809 7.4398766 1.8825984 80
-10.049071 7.3100896 2.062711 62
-12.016607 8.1190777 2.5449696 68
-13.042948 8.1300936 2.85852 58
-9.798358 7.3014593 1.9009871 57
-10.509628 7.2782245 2.1236959 19
-12.641356 8.1227989 2.6494055 67
-13.802999 8.1826353 3.0053687 61
-10.318266 7.3121057 1.9621911 50
-12.329849 8.1287394 2.4515407 65
-13.357341 8.1597452 2.7711172 66
-14.5969 8.2188921 3.1602652 57
-12.012085 8.0987539 2.2366028 62
-12.995683 8.1401405 2.5480835 73
-14.143356 8.2041006 2.9060066 61
-15.474811 8.2614326 3.3343713 52
-12.688058 8.1230936 2.3201919 51
-13.752656 8.1727657 2.6609113 76
-14.988314 8.2439451 3.0520899 62
-16.17577 8.177474 3.4699197 35
-13.4622 8.1715851 2.4191768 54
-14.605189 8.2248631 2.7898767 58
-15.930159 8.2894268 3.2180033 53
-16.310789 7.7910204 3.4848504 38
-14.27691 8.2040043 2.5223815 59
-15.505843 8.2552509 2.927197 67
-16.910721 8.3127928 3.3894022 33
-17.349169 7.810709 3.6933291 37
-15.215443 8.2650175 2.6439281 49
-16.521826 8.3030729 3.0829117 55
-17.028442 7.8831377 3.3902018 24
-17.290659 7.3173723 3.6720574 4
-16.198336 8.296711 2.7732806 46
-17.689976 8.3776264 3.2668614 38
-18.019588 7.8461509 3.5666664 23
-19.059141 7.5740967 4.036571 29
-17.326246 8.3581114 2.9249282 41
-18.080732 8.0512819 3.3108873 15
-19.0313 7.7760749 3.7476468 77
-19.152752 7.1174192 4.0537357 20
-18.689945 8.4752932 3.1150901 53
-17.221357 7.1833382 3.1313159 10
-19.313129 7.3804836 3.7882619 129
-19.141508 6.6299353 4.0477762 24
-18.842882 7.9999428 3.1049495 115
-17.272964 6.7276773 3.1179967 4
-17.298977 6.1478505 3.3854473 3
-19.162453 6.1604829 4.0518346 30
-19.449764 7.7075667 3.1712558 39
-17.351828 6.2907214 3.1128352 3
-17.291552 5.7033534 3.3723679 3
-19.223114 5.706779 4.0607605 33
-19.430254 6.5367794 3.4546854 70
-17.303865 5.2720137 3.362282 5
-19.224352 5.244132 4.0633307 39
-19.487223 6.0499868 3.4459729 69
-17.350151 4.8519831 3.3649263 4
-9.7631826 2.4157987 2.0795107 104
-19.537683 5.5676193 3.4377038 46
-9.7451019 2.4713144 1.9005617 84
-9.7730274 2.1876934 2.0850928 103
-9.7659245 2.5174584 1.7266877 29
-9.7659435 2.2421117 1.9031677 116
-9.8039522 1.969382 2.0957429 111
-9.7586603 2.2735522 1.7191875 126
-9.7907972 2.0128956 1.9067658 124
-10.523727 1.8754835 2.251256 14
-9.7512293 2.2901001 1.5262011 139
-9.7904167 2.038414 1.7208333 137
-10.293252 1.8754147 2.002588 24
-16.420383 2.5702045 3.5054319 36
-9.7709188 2.048347 1.5196998 135
-10.088574 1.8569572 1.7670879 29
-17.435751 2.7912035 3.3712268 10
-18.054214 2.4225867 3.8619907 6
-10.023009 1.8497411 1.5512574 23
-19.420023 3.1359255 3.3668196 120
-17.667084 2.4125597 3.4217713 18
-19.157955 2.1423597 4.1119051 22
-19.344856 3.1179175 2.9502158 125
-19.020275 2.6102469 3.2954457 84
-17.480141 1.9833531 3.3894687 5
-19.00985 1.6997589 4.0966702 26
-19.156902 2.6230667 2.9079409 97
-19.691418 2.2434285 3.4054883 135
-17.532778 1.5941186 3.4032228 3
-17.957941 1.2160344 3.8851888 4
-19.649946 2.2098033 2.9740095 121
-19.707109 1.7794878 3.4093595 127
-17.534798 1.1906542 3.4141152 3
-18.933216 0.86615473 4.1141872 25
-19.706938 1.7298759 2.9788473 113
-19.844463 1.3211747 3.4366188 24
-19.661798 0.88543737 3.8375332 101
-18.945147 0.44016695 4.1380501 19
-19.853369 1.2560631 2.9955981 3
-19.861462 0.84902835 3.4455957 19
-19.675577 0.43784443 3.8550882 115
-18.950878 0.024780935 4.1641617 16
-19.872465 0.38166755 3.4485755 15
-19.701826 -0.013697858 3.8708553 108
-18.826605 -0.38823837 4.155694 15
-19.887175 -0.090121314 3.4610019 18
-19.730698 -0.4604499 3.8931892 115
-17.114235 -0.73293954 3.8027399 3
-19.909765 -0.55418593 3.4740996 22
-19.78138 -0.9108597 3.9231184 112
-17.124632 -1.1090226 3.8294132 5
-19.925369 -1.0213648 3.489228 22
-19.817068 -1.366248 3.9503164 116
-17.100084 -1.4838375 3.8496234 10
-17.769236 -1.3306602 3.1284838 2
-19.81881 -1.8182923 3.9734263 116
-17.072536 -1.8605938 3.8708014 19
-19.999605 -1.6501324 3.0331299 4
-17.825203 -1.7590911 3.1538076 1
-19.848492 -2.2753778 4.0047078 123
-17.075945 -2.2383771 3.9012289 30
-17.789425 -2.175982 3.1637406 3
-19.879267 -2.7389181 4.0386243 123
-17.072508 -2.6177766 3.9312046 54
-20.038506 -2.6374428 3.0611734 19
-19.92378 -2.9094446 3.5595281 141
-19.472521 -3.1336296 3.9846034 116
-17.071484 -3.0048447 3.9655821 83
-19.412554 -3.0370605 2.9836278 78
-18.99362 -3.2360146 3.4192159 23
-17.623903 -3.2487049 3.63783 19
-16.622746 -3.3008962 3.8942719 26
-19.446894 -3.5304315 3.0067389 107
-19.974121 -3.8855309 3.6203465 126
-16.916632 -3.5187953 3.5236585 24
-15.395311 -3.4077814 3.6422293 34
-19.951347 -4.1206374 3.1030529 119
-17.785093 -3.8916664 3.2539597 3
-19.864534 -4.5969834 4.1709466 63
-15.153966 -3.700012 3.6231887 6
-17.823486 -4.338686 3.2890556 17
-18.206396 -4.6477232 3.8615215 6
-17.173166 -4.589993 4.142683 104
-17.82164 -4.7823782 3.3175342 37
-19.595247 -5.479887 4.1946073 20
-17.180578 -4.9942856 4.1857982 79
-17.864544 -5.2450171 3.355108 8
-19.517338 -5.9364982 4.217453 20
-11.005824 -3.4633458 2.7188849 38
-10.883265 -3.4770396 2.0785484 48
-10.583593 -3.4827964 2.3247952 52
-10.300912 -3.4887092 2.5750947 49
-10.389958 -3.4998801 1.7043195 43
-10.140304 -3.5020902 1.9587272 56
-10.08496 -3.5740964 2.2424893 104
-10.103354 -3.6678154 2.5553954 76
-10.067572 -3.6638494 1.6703383 109
-10.080108 -3.7454896 1.969252 111
-10.102533 -3.8382254 2.2721705 107
-10.114977 -3.9248958 2.589076 76
-10.072033 -3.9438477 1.6899599 110
-10.091577 -4.0225611 1.9958974 108
-10.116072 -4.1063194 2.302839 70
-13.463284 -5.563386 3.4786105 3
-15.35852 -6.4520545 2.5937302 53
-15.10252 -6.4358354 3.0101128 60
-14.921174 -6.4582829 3.4276118 64
-13.468691 -5.9116707 3.5249624 7
-14.456025 -6.4899688 2.4763689 67
-14.289999 -6.4892201 2.8879521 71
-14.119315 -6.4927101 3.2880664 68
-13.318337 -6.1969762 3.5325811 4
-13.656227 -6.5300093 2.3720796 58
-13.576025 -6.5530467 2.7838399 64
-13.441093 -6.5515528 3.1745126 61
-13.266367 -6.5267019 3.5661321 58
-12.929052 -6.571198 2.2812769 52
-12.870977 -6.5863094 2.6791573 68
-12.772063 -6.5870266 3.0629644 58
-12.630429 -6.556356 3.4457254 55
-12.140405 -6.5731635 2.5685942 23
-12.12922 -6.603672 2.9545591 65
-12.056359 -6.5966716 3.3394165 77
-11.639776 -6.6604242 2.5052767 57
-11.580026 -6.6465445 2.866153 69
-11.52521 -6.6337605 3.2410381 63
-11.06364 -6.6735258 2.0588326 40
-11.076606 -6.685358 2.4258356 67
-11.059691 -6.6859088 2.7847862 92
-11.079596 -6.7008319 3.1658006 90
-11.082918 -7.057972 2.1001484 4
-11.083082 -7.0466967 2.4701619 86
-11.090868 -7.0497036 2.8394082 91
-11.102937 -7.0505366 3.2244387 93
-11.101874 -7.4525671 2.1446993 12
-11.09919 -7.4282494 2.5197406 82
-11.113359 -7.420083 2.8947923 96
-11.120559 -7.404882 3.2848403 89
-11.092235 -7.8406372 2.1869748 41
-11.130384 -7.8307147 2.5760882 81
-11.136676 -7.8064976 2.9561543 93
-11.145999 -7.7753291 3.3482401 81
-11.140984 -8.2892923 2.2432907 52
-11.147492 -8.2380924 2.6324067 83
-11.163827 -8.2069769 3.0195088 92
-11.157364 -8.1516676 3.4135997 86
-11.156824 -8.7276449 2.2975438 52
-11.179295 -8.6746349 2.6957204 94
-11.18781 -8.6184835 3.0858696 96
-11.212198 -8.5715103 3.4950397 82
-11.177262 -9.1911869 2.3578637 54
-11.197815 -9.1152124 2.7602954 86
-11.193337 -9.0360155 3.1537988 85
-11.225638 -8.975172 3.5673559 75
-5.9552217 -5.1297574 1.3026007 0
-11.095733 -9.4708939 2.8004029 84
-11.188833 -9.4574909 3.2216513 108
-11.245283 -9.4009752 3.6497965 96
-5.7735105 -5.2188993 1.296234 8
-5.7795076 -5.1573486 1.5089794 5
-10.705713 -9.468008 3.1544483 81
-10.828712 -9.4588451 3.5877724 80
-10.421629 -9.9141512 2.3789732 2
-10.414988 -9.7667341 2.7642 82
-10.429047 -9.6534996 3.1464214 82
-10.439161 -9.5262728 3.5337172 78
-11.258804 -11.247303 2.642051 68
-11.294752 -11.098632 3.0724862 80
-10.421026 -10.088349 3.2200248 26
-10.46341 -9.9759388 3.6230276 76
-11.299968 -11.845923 2.7301815 67
-11.327489 -11.665821 3.166702 76
-11.254616 -11.400921 3.5622239 23
-10.344633 -10.300204 3.6641021 27
-11.326778 -12.468057 2.8235338 70
-11.353457 -12.254384 3.2640159 76
-11.16337 -11.836276 3.627038 5
-9.9963694 -10.395699 3.6253088 2
-11.350591 -13.114859 2.9177158 72
-11.359868 -12.852749 3.3618948 77
-10.737829 -11.910517 3.5837169 2
-9.8209267 -10.672099 3.6521945 2
-11.391855 -13.822464 3.0276339 62
-11.396305 -13.515417 3.4771543 90
-11.4678 -13.312998 3.932662 5
-11.438429 -14.582022 3.147686 65
-11.426306 -14.212027 3.5979788 68
-11.470232 -13.947572 4.0512333 18
-11.461536 -15.365888 3.272408 99
-11.463535 -14.957554 3.7308528 84
-11.459195 -14.590141 4.1712165 72
-10.960964 -15.450733 3.2510777 97
-11.299352 -15.480861 3.808845 106
-11.360219 -15.153265 4.2676015 56
-11.315396 -14.691627 4.6863508 54
-10.701867 -15.885492 3.3056097 51
-10.762553 -15.486262 3.7611411 102
-11.058423 -15.470993 4.2958822 104
-11.317029 -15.375379 4.8276887 103
-11.646753 -18.223375 3.7469549 47
-11.614646 -17.585264 4.2135601 33
-10.742043 -15.769378 4.3181334 58
-10.85093 -15.445297 4.7790513 107
-11.693205 -19.301922 3.9308629 33
-11.454533 -18.247648 4.3252831 40
-11.452663 -17.65461 4.7713065 36
-10.762798 -16.051617 4.8985844 19
-11.745278 -20.482304 4.1340108 40
-11.521593 -19.341099 4.5345578 28
-11.546558 -18.720003 4.9978147 27
-11.739007 -18.365734 5.5227733 38
-11.590099 -21.389952 4.2815623 84
-11.60577 -20.549992 4.7664413 23
-11.810617 -20.153934 5.3156385 25
-11.805102 -19.397419 5.756753 36
-11.028453 -21.568773 4.2878518 57
-11.444391 -21.425262 4.9248185 80
-11.859877 -21.331802 5.5626831 73
-11.865446 -20.502783 6.008472 26
-11.81738 -24.558777 4.8466172 22
-11.061492 -21.921961 4.995533 16
-11.277935 -21.415119 5.5281544 77
-11.764546 -21.397097 6.1963477 85
-12.082335 -26.74209 5.2497563 21
-12.072156 -25.376259 5.7330589 22
-12.088714 -24.273415 6.2023787 16
-11.180074 -21.438734 6.1384749 81
-11.624558 -27.457554 5.3666124 78
-12.198792 -27.282713 6.1227694 33
-12.083544 -25.702045 6.5086827 19
-12.068572 -24.445009 6.9216471 19
-12.312066 -31.12002 6.0519395 12
-11.522341 -27.439438 6.1151023 45
-12.122348 -27.36068 6.865685 46
-12.166059 -26.060469 7.2992067 16
-12.297462 -33.422108 6.4797006 52
-12.453851 -31.713482 7.0259442 18
-11.446199 -27.50658 6.8518214 29
-12.056697 -27.378832 7.5956335 55
-12.232924 -33.402184 7.3623695 40
-11.428524 -27.58853 7.5818038 23
-12.157569 -33.399616 8.20016 52
-12.718254 -32.734348 8.9139051 12
-13.067618 -45.288158 8.730031 54
-13.075575 -38.672897 9.4284611 13
-12.120455 -33.393436 9.023138 48
-13.072381 -45.328819 9.8686333 19
-12.338144 -39.402443 9.5481091 43
-13.519555 -51.305088 11.131339 21
-13.06533 -45.331055 10.924059 37
-13.374776 -62.910683 12.11694 49
-11.872628 -63.222012 12.207526 46
-12.045108 -63.204716 13.642229 65
-12.453693 -57.586693 13.701004 37
-8.0551786 -57.667732 11.190205 19
-10.543643 -63.19714 13.637386 38
-11.122799 -57.666771 13.676791 38
-7.3346233 -63.483109 12.362228 43
-9.7852631 -57.756756 13.667172 35
-5.820694 -63.554794 12.43887 46
-7.5912027 -63.400116 13.704174 59
-8.4471245 -57.786057 13.652019 42
-4.3272977 -63.605141 12.499267 45
-6.113616 -63.472927 13.741227 46
-7.1433582 -57.919407 13.659896 37
-2.8429527 -63.701561 12.586371 39
-4.6698289 -63.512978 13.765166 45
-5.8214016 -57.915184 13.642336 34
-1.3517926 -63.738693 12.662257 43
-4.5167489 -58.017181 13.651181 36
0.13670892 -63.793701 12.755292 44
-3.210264 -58.104767 13.670155 28
1.6453522 -63.91497 12.915329 43
-0.27701512 -63.702999 13.961541 61
-1.8685757 -58.078064 13.713014 31
3.1713567 -63.966648 13.021746 42
1.2128654 -63.807896 14.040738 48
-0.54671246 -58.189617 13.740935 27
2.672004 -63.849403 14.102396 55
0.7628836 -58.225185 13.762829 30
-0.91055143 -58.28796 14.660723 16
3.765842 -58.184715 12.921988 28
2.0811751 -58.313099 13.815007 29
7.6840363 -64.16375 13.398825 45
5.622467 -64.007706 14.295226 42
3.4000771 -58.380882 13.85606 27
9.1394577 -63.819027 13.44122 52
7.1124458 -64.063553 14.393471 51
4.723527 -58.458847 13.908236 31
9.7691193 -58.495338 12.464856 39
8.593626 -64.050293 14.488725 40
6.0629263 -58.45422 13.958772 40
10.015426 -52.460178 11.307631 27
9.2063198 -58.437359 13.316873 42
7.4244852 -58.554401 14.043914 38
9.9851131 -46.484055 10.140512 48
9.4979925 -52.492008 12.057782 36
8.7673244 -58.548218 14.095143 44
9.5188885 -46.521782 10.777894 19
9.0751572 -52.54871 12.713305 24
10.015268 -34.813133 7.8893037 9
10.211283 -46.484879 11.374677 36
10.803447 -34.528526 7.9325452 47
9.8815222 -40.617397 10.012303 28
9.7935333 -46.511463 11.804302 47
11.153133 -32.980091 7.6911044 30
10.83742 -40.508892 10.054154 35
10.482855 -28.801479 6.8249674 16
10.929267 -33.479092 8.1620617 10
10.112378 -34.667889 8.6726713 14
11.127885 -28.535244 6.8621941 43
11.10808 -31.588161 7.7907662 12
10.929103 -34.517498 8.7070723 44
11.487294 -27.571213 6.7408719 20
10.77335 -28.567835 7.1328554 66
11.110213 -32.548889 8.2788792 23
11.625091 -26.221334 6.5191231 24
11.438989 -28.362503 7.1745481 34
10.50796 -28.665163 7.3637409 25
10.980975 -33.116161 8.6126785 15
10.823895 -22.979593 5.8192024 17
11.480859 -26.7005 6.8466783 22
11.218644 -28.56094 7.4101391 52
11.247323 -31.53849 8.2508554 17
11.257109 -22.560162 5.8136048 61
11.561952 -25.301752 6.5784569 20
11.455751 -27.338583 7.1662784 22
10.916773 -28.549606 7.5252934 58
11.577552 -21.945385 5.7575488 24
10.960237 -22.616705 5.9712152 38
11.558876 -25.913799 6.8708253 20
11.438353 -27.98555 7.4324937 30
11.62113 -20.862488 5.582325 27
11.525946 -22.461645 6.0202117 53
10.819955 -22.869503 6.1348066 17
11.477504 -26.367134 7.0597219 25
11.692117 -19.919399 5.4356661 30
11.559186 -21.328623 5.8081851 26
11.309457 -22.555775 6.1264844 71
10.742296 -23.23938 6.2770295 8
11.81805 -19.131645 5.327527 35
11.642271 -20.37018 5.6395993 26
11.557512 -21.814016 5.9998946 21
11.062894 -22.57205 6.1550398 68
11.120797 -17.141636 4.8737111 11
11.681001 -19.416365 5.46386 26
11.619339 -20.789928 5.7910695 30
11.666893 -22.504839 6.1918764 57
11.330804 -16.626036 4.8322902 54
11.80234 -18.653482 5.3430605 31
11.662896 -19.795994 5.5971041 30
11.559536 -21.113789 5.8717217 29
11.853848 -16.578308 4.925446 88
11.198219 -16.844303 4.9213014 63
11.681705 -18.83853 5.4069986 48
11.640201 -20.147221 5.6697025 30
12.030405 -16.040541 4.8796577 65
11.56395 -16.56978 4.9317336 86
11.133424 -17.08041 4.9799523 16
11.658602 -19.155022 5.453908 47
12.082476 -15.383112 4.7903337 68
12.001101 -16.386419 4.9757504 92
11.354599 -16.585264 4.9137917 93
11.081997 -17.315319 4.9944272 3
12.101334 -14.714298 4.6961603 66
12.045723 -15.696304 4.8655658 69
11.905051 -16.567308 4.9936147 110
11.232071 -16.698074 4.8838825 66
12.153193 -14.126658 4.6238103 58
12.061963 -15.005502 4.7531209 82
12.025868 -15.957647 4.8967495 64
11.734419 -16.603409 4.9240651 93
12.166731 -13.510203 4.5413036 53
12.09577 -14.370405 4.6541853 97
12.063915 -15.266467 4.7747784 65
12.015642 -16.20344 4.8771987 76
12.197806 -12.953407 4.4722977 74
12.137453 -13.780455 4.5662551 31
12.09117 -14.610283 4.657176 99
12.045428 -15.483967 4.7349119 65
12.218253 -12.410336 4.4048042 81
12.161656 -13.192109 4.479816 97
12.153499 -14.019457 4.5625858 62
12.084959 -14.815261 4.6085868 84
11.483888 -11.1582 4.0789418 34
12.204502 -12.651522 4.4061408 96
12.153473 -13.394161 4.4522429 68
12.103657 -14.163753 4.4842682 79
11.557025 -10.741386 4.0428686 70
11.435665 -11.339479 4.0525441 2
12.199433 -12.840261 4.3656287 99
12.153357 -13.576696 4.3787484 74
11.882755 -10.560287 4.0965714 80
11.535015 -10.934296 4.0144029 80
12.227367 -12.303674 4.2780128 97
12.185805 -12.999079 4.2742295 80
12.352456 -10.494216 4.1996093 89
11.698946 -10.600722 4.0009069 73
11.509127 -11.066349 3.9461057 80
12.220532 -12.449463 4.1776304 96
12.368193 -10.041923 4.1527958 73
12.252349 -10.607934 4.1185412 95
11.582063 -10.639518 3.8900809 86
11.481839 -11.170322 3.8338828 51
12.393161 -9.6155882 4.1128879 69
12.355679 -10.217902 4.0883446 90
12.077904 -10.59619 3.97699 87
11.553641 -10.73248 3.76789 86
12.429315 -9.2071695 4.0799069 86
12.372402 -9.7686043 4.0345197 97
12.359683 -10.349642 3.9929719 104
11.948429 -10.587956 3.8083198 81
12.415254 -8.7791786 4.034102 91
12.395364 -9.3432655 3.9866168 94
12.381357 -9.8972721 3.9301445 98
12.371393 -10.460196 3.8566375 88
12.445616 -8.3918285 4.0060802 72
12.400328 -8.9190855 3.9357562 95
12.398142 -9.4559565 3.8703008 103
12.362681 -9.9710541 3.7749846 101
12.427833 -7.9928818 3.9632092 41
12.424546 -8.5197544 3.894783 95
12.409987 -9.0206938 3.8124542 97
12.396484 -9.5325699 3.7110929 90
12.48054 -7.6393609 3.9480448 87
12.425729 -8.1176243 3.848875 50
12.430079 -8.6103706 3.7605219 95
12.407244 -9.0902901 3.644269 97
12.505194 -7.2820778 3.9249606 88
12.473297 -7.7521172 3.8217566 77
12.472418 -8.2238693 3.7184725 63
12.438251 -8.6718512 3.5873332 93
12.508805 -6.9209805 3.8989389 95
12.498838 -7.3848004 3.7896981 97
12.49168 -7.8295765 3.6745021 74
12.459321 -8.2595139 3.5334067 57
12.538631 -6.580667 3.8817985 90
12.517403 -7.0195537 3.7596521 106
12.496992 -7.4414072 3.6285501 106
12.485547 -7.8631363 3.4824259 61
12.561547 -6.2415442 3.8676963 85
12.532122 -6.6634603 3.7296109 88
12.517525 -7.0672355 3.5905392 103
12.499883 -7.4709864 3.4324741 97
12.562386 -5.9034843 3.8456259 102
12.552885 -6.3182073 3.7045116 101
12.537107 -6.7049651 3.5554886 108
12.526314 -7.0946269 3.3884454 106
12.586406 -5.5822411 3.834455 113
12.567685 -5.9770069 3.678417 104
12.559787 -6.3526688 3.5214052 96
12.549791 -6.7223029 3.3474138 102
11.834919 -4.9445076 3.5930197 92
12.574492 -5.6358857 3.6543429 117
12.57449 -6.0024519 3.4893363 111
12.56231 -6.3550749 3.3043966 111
11.866258 -4.6562104 3.5867434 85
11.833954 -4.991065 3.4189012 98
11.798429 -5.3029375 3.2471294 3
12.582923 -5.995791 3.2683394 112
12.593478 -4.6220851 3.7910972 61
11.858154 -4.6898117 3.4046779 95
11.840591 -4.9985065 3.2288713 99
12.597601 -5.6435657 3.2332783 120
12.644784 -4.3276324 3.7947922 99
12.569225 -4.6457691 3.585099 68
11.85566 -4.6853108 3.2057037 97
11.852932 -4.9808149 3.0108969 99
12.651984 -4.0245566 3.7876186 85
12.640537 -4.3521261 3.5867448 107
12.57565 -4.6361451 3.3711183 74
11.873964 -4.6645527 2.9837244 97
12.673271 -3.7293651 3.7853904 92
12.666689 -4.0438714 3.5785403 85
12.665956 -4.3423204 3.3707199 106
12.628924 -4.6150341 3.1380575 95
12.686563 -3.4352443 3.7821798 98
12.672829 -3.7357881 3.5653849 98
12.666936 -4.019259 3.3486178 101
12.66993 -4.293611 3.1188543 105
12.701878 -3.1421161 3.782963 95
12.689035 -3.4336231 3.5561903 101
12.684007 -3.7040656 3.3324566 104
12.6879 -3.9693885 3.0957153 101
12.707213 -2.8520746 3.7817626 99
12.70827 -3.1334414 3.5509841 103
12.709149 -3.3958089 3.3202579 102
12.697845 -3.6422434 3.0736048 103
12.72359 -2.5649424 3.7845292 93
12.726543 -2.8372717 3.5467703 102
12.724277 -3.0856476 3.3090901 102
12.709862 -3.3220875 3.054472 101
12.731992 -2.2808845 3.787307 100
12.731805 -2.5402164 3.5405912 95
12.72441 -2.7766163 3.2949564 102
12.728906 -3.0038753 3.0383177 103
12.757447 -2.0006857 3.7960351 94
12.745122 -2.2480953 3.5373809 97
12.742627 -2.4754324 3.2857587 101
12.734994 -2.6907797 3.0211821 101
12.765882 -1.7196321 3.800807 73
12.764451 -1.9559327 3.5401568 69
12.757856 -2.1742806 3.2795689 94
12.760107 -2.3785205 3.0099988 99
12.753304 -1.4377584 3.8026309 52
12.767782 -1.6649003 3.5379682 91
12.776106 -1.875104 3.2753668 100
12.77725 -2.0693338 2.9988267 102
12.797813 -1.1604058 3.8213069 101
12.787162 -1.3777372 3.5417314 73
12.78734 -1.5739954 3.2721877 99
12.788397 -1.7602085 2.98967 98
12.801277 -0.88140094 3.8290863 100
12.810534 -1.0885481 3.5494912 100
12.809618 -1.2767903 3.2709725 64
12.810554 -1.4509931 2.984488 100
12.811756 -0.60234821 3.8428502 103
12.824924 -0.80143917 3.5562675 99
12.826888 -0.97764283 3.2737753 101
12.826728 -1.1438296 2.9783156 102
12.828258 -0.3252432 3.8575947 96
12.831302 -0.51340121 3.5620666 101
12.840168 -0.68052512 3.2745888 101
12.839898 -0.83669132 2.97418 101
12.853746 -0.048052233 3.8763711 96
12.851676 -0.22623032 3.5739059 99
12.844424 -0.38346934 3.2765105 101
12.85704 -0.52750993 2.9741049 102
12.864218 0.22901653 3.8932252 99
12.861021 0.062848903 3.5837953 101
12.866692 -0.086264215 3.2843919 98
12.877205 -0.22030614 2.9760191 102
12.877663 0.51009768 3.9130692 90
12.874393 0.35094169 3.5966418 99
12.890959 0.2129339 3.2932262 98
12.892377 0.087820537 2.9778821 101
12.260351 0.74945897 3.7450619 42
12.89211 0.63971615 3.6123197 90
12.893584 0.51466006 3.3019657 98
12.911959 0.39878321 2.9835989 99
12.103986 1.0043423 3.7151406 69
12.109516 0.87431008 3.4087634 78
12.158898 0.7656247 3.1233466 68
12.900299 0.71001655 2.9847648 84
12.112784 1.2686336 3.7371259 61
12.115182 1.1505306 3.4247928 68
12.128478 1.0464954 3.1244748 79
12.144598 0.95950985 2.8161981 70
12.913025 1.6362886 4.0013752 53
12.137685 1.4276787 3.4465446 6
12.12689 1.3304557 3.1343002 69
12.154905 1.254584 2.8250277 73
12.918468 1.9202718 4.025187 46
12.959663 1.8195828 3.6938155 50
12.955753 1.7294884 3.3585756 60
12.974689 1.6556128 3.0213296 59
12.933862 2.2113249 4.0569973 33
12.938993 2.1133542 3.7077148 49
12.95396 2.0364356 3.3724692 52
12.992777 1.9757446 3.0352159 44
12.961244 2.5044806 4.0917878 29
12.952254 2.4174058 3.7335675 31
12.961153 2.3464515 3.3913524 43
12.976848 2.2965729 3.0451813 42
12.995587 2.8026929 4.1295772 22
12.975509 2.7235355 3.7644048 26
12.969298 2.6624658 3.4142513 39
12.975907 2.6195285 3.0591202 41
12.982946 3.096498 4.1574612 28
13.006721 3.0347335 3.7972388 22
12.994404 2.9836273 3.4401276 36
13.004882 2.954731 3.0840273 42
12.99727 3.3965268 4.1943035 30
13.007919 3.346662 3.8271441 33
13.016478 3.308753 3.4690228 40
13.02285 3.2898393 3.1059599 43
13.029518 3.7066998 4.2391348 29
13.022089 3.662699 3.8610325 34
13.028535 3.6357861 3.4979472 44
13.023806 3.6258049 3.1279428 43
13.046722 4.0197711 4.2810254 11
13.049174 3.9878838 3.900943 9
13.042509 3.9708846 3.5309234 42
13.058629 3.9771001 3.1599178 49
13.057918 4.3328176 4.3229465 36
13.052242 4.3128753 3.9359159 44
13.07042 4.3140984 3.5688922 56
13.069446 4.3301654 3.1899383 56
13.054238 4.6456146 4.362783 41
13.075377 4.647881 3.9797409 44
13.086437 4.6610298 3.6057529 57
13.088336 4.6891208 3.222827 57
13.073357 4.9745798 4.4136753 50
13.082413 4.985703 4.0216722 53
13.096374 5.010829 3.643698 56
13.116092 5.0610218 3.2617817 57
13.089515 5.3063345 4.4645457 56
13.101412 5.3315601 4.069593 59
13.151101 5.3850741 3.6976368 53
13.132788 5.4349661 3.3008087 55
13.108529 5.6473103 4.5194888 59
13.123271 5.6866221 4.1205812 57
13.144867 5.7459831 3.7376952 59
13.156301 5.8202887 3.3438702 65
13.125487 5.9935408 4.5753045 61
13.184105 6.0671515 4.1859584 69
13.131961 6.1077895 3.7767696 57
12.987739 6.1279063 3.3424499 31
12.721119 6.1434016 4.4884019 31
12.598051 6.1467137 4.0519781 29
12.425142 6.1355472 3.6216216 30
12.402497 6.2223792 3.2369368 64
12.373337 6.3086777 4.4212756 61
12.375774 6.38591 4.0326958 71
12.390021 6.4841018 3.6610012 70
12.417998 6.6104364 3.2843564 68
12.383191 6.6556811 4.4826312 68
12.414314 6.7650585 4.1009316 76
12.410502 6.867116 3.7182891 85
12.208362 6.8854752 3.2787964 43
12.194839 6.9008999 4.4748859 53
12.013857 6.9005065 4.0242877 59
11.804926 6.8988004 3.5927479 56
11.593858 6.9130645 3.1652579 47
11.636358 6.9201016 4.3321958 55
11.436417 6.9175057 3.891633 57
11.270272 6.9430976 3.4840941 48
11.051405 6.9574246 3.0683517 52
11.109101 6.9357405 4.1971798 51
10.942961 6.9593992 3.7826264 54
10.732031 6.9616256 3.3741124 59
10.514941 6.9827766 2.9726648 48
10.626995 6.9571371 4.0777607 53
10.444892 6.977623 3.6702387 59
10.214036 6.97264 3.2687538 63
9.9880199 6.9876719 2.8783145 57
10.175481 6.9833174 3.9679029 26
9.9406862 6.968338 3.5523977 47
9.7267799 6.978426 3.1718917 30
9.531683 7.0176201 2.8013892 64
9.7253199 6.9883895 3.8568814 45
9.5253077 7.0046358 3.4673769 47
9.3094034 7.0126929 3.0928857 62
9.0794058 7.0335827 2.7264602 74
9.3398752 7.0219569 3.767844 59
9.1229744 7.0299826 3.3833468 59
8.9011011 7.0399079 3.0188668 68
7.7036862 6.2736678 2.3703942 5
8.9446144 7.0364184 3.6757743 57
8.7356968 7.0504661 3.3032756 64
7.5751858 6.2866788 2.6307313 61
7.360353 6.2996173 2.3182595 60
7.6364913 6.2816648 3.2036035 53
7.4366865 6.2888103 2.8780634 87
7.231935 6.2938657 2.5675287 59
7.1541538 6.429914 2.3069408 63
7.3253727 6.2971158 3.1328969 64
7.1345954 6.3142657 2.818192 76
7.1431975 6.5151606 2.5929501 79
7.1683669 6.7632103 2.3678055 63
7.1233492 6.3998356 3.1091006 62
7.1398544 6.6117697 2.8818367 61
7.1721129 6.8576541 2.6644764 63
7.1743307 7.1043425 2.4302232 97
7.1387506 6.6989241 3.1792994 63
7.1540651 6.9327145 2.9529693 64
7.1166878 7.1290646 2.7096508 87
6.8648686 7.1386347 2.3922784 66
7.1568928 7.015851 3.2553282 68
7.0361691 7.1325355 2.9729614 67
6.7944317 7.1361799 2.656512 84
6.5505929 7.1537828 2.3511055 65
6.9637942 7.1290512 3.2391286 67
6.7329497 7.1438332 2.9166842 63
6.4991913 7.1535373 2.6122315 86
6.2454481 7.1620498 2.3098199 84
6.6825156 7.1485782 3.1838224 63
6.4428954 7.153286 2.8652616 82
6.2022114 7.1590424 2.5657575 82
5.9524469 7.1705799 2.2723544 81
6.4094505 7.1603689 3.1273184 65
6.1647296 7.1630049 2.8158789 86
5.9249973 7.171629 2.5244448 83
5.6881046 7.2002492 2.2440608 85
6.1422148 7.1730738 3.0759838 64
5.8965282 7.1736808 2.7705379 83
5.6607671 7.1883101 2.48911 85
5.4129963 7.2048173 2.2117138 87
5.8820353 7.1808319 3.0246117 64
5.6412845 7.1914501 2.7311831 83
5.408514 7.2090797 2.4567549 86
5.1547971 7.2215071 2.1853585 85
5.6348319 7.1936679 2.9792202 82
5.3990312 7.2122955 2.695801 84
5.158309 7.2258391 2.426379 86
4.9006753 7.2302194 2.1589689 84
5.389658 7.2035131 2.9348149 80
5.1558647 7.2231402 2.6583953 82
4.9112091 7.2306337 2.393965 88
4.6555214 7.2430067 2.1355731 93
5.1554818 7.2144523 2.8933897 82
4.9256105 7.2450857 2.6279922 86
4.6750546 7.2425151 2.3665462 84
4.4203453 7.2588801 2.1151631 90
4.9342036 7.2375016 2.8579702 84
4.6905174 7.248013 2.5925467 84
4.4468737 7.2574806 2.3421195 98
4.1951356 7.2788553 2.0987439 105
4.7120728 7.2435656 2.8195057 84
4.4653792 7.254086 2.5611036 80
4.2158642 7.2554045 2.3137341 100
3.9670377 7.2867932 2.0803859 108
4.4919314 7.2516265 2.7841244 85
4.2314615 7.2379837 2.5236726 66
4.00453 7.2825546 2.2973127 108
3.742923 7.2898293 2.061923 117
4.2876172 7.2738729 2.755672 80
4.0290995 7.269206 2.5042293 86
3.786448 7.284627 2.274806 113
3.5267928 7.3018975 2.0484185 116
4.0774975 7.2820601 2.7241297 92
3.8268778 7.2924514 2.4847021 100
3.5763309 7.2978091 2.2572598 112
3.3127594 7.3070302 2.034857 107
3.872416 7.2883306 2.6935527 106
3.6247587 7.3047252 2.4621348 109
3.3721931 7.3140287 2.2427142 119
3.1076508 7.3212037 2.0253217 110
3.6758037 7.3042598 2.6689224 119
3.4242151 7.3135815 2.4405081 113
3.166924 7.3139172 2.2239654 112
2.9052043 7.3371377 2.0176268 116
3.477879 7.3076577 2.6402743 113
3.2233109 7.3149476 2.4178686 119
2.9717047 7.3302183 2.2114792 110
2.7051499 7.3403459 2.0071077 124
3.2857361 7.3169794 2.6157563 118
3.0301695 7.3262353 2.4013572 111
2.7766037 7.3384743 2.1989615 116
2.5090055 7.355566 2.0026107 122
3.0956578 7.320313 2.5902116 108
2.839081 7.3325381 2.3828223 126
2.5835242 7.3457346 2.1884329 112
2.3178618 7.3718176 1.9991019 125
2.9104912 7.3356538 2.5716865 114
2.6519885 7.3408461 2.36728 114
2.3944273 7.3560042 2.1778996 112
2.1268055 7.3790526 1.9945639 122
2.7274048 7.3420105 2.5501297 117
2.46785 7.355165 2.3557484 114
2.2073784 7.3612871 2.1693492 130
1.7148759 6.5638204 1.7761786 106
2.5463047 7.3503761 2.5315754 121
2.2876945 7.3715181 2.3452148 111
2.0242782 7.3726025 2.1628072 125
1.5517184 6.5832987 1.7776136 125
2.3662062 7.3587523 2.5140193 122
2.1066332 7.3768764 2.3326519 125
1.637046 6.5866508 1.9314476 116
1.3856651 6.5907693 1.7780216 124
2.191072 7.3711839 2.4994638 126
1.7104694 6.5769253 2.0742712 43
1.4739939 6.5912008 1.9268683 115
1.2216636 6.594234 1.7785279 116
2.0169225 7.3865905 2.4870336 124
1.5553278 6.5915046 2.0687857 128
1.313956 6.594707 1.9223375 116
1.1907183 7.3904295 1.9869013 60
1.6357014 6.5818815 2.2075942 124
1.3962507 6.5940986 2.0611606 124
1.1663605 6.6603322 1.9368478 47
1.0163662 7.4308047 1.9993786 121
1.48262 6.5895329 2.1959183 127
1.2421491 6.6077299 2.0574927 127
1.1258041 7.4244442 2.1510756 136
0.83448362 7.4232068 1.9997038 124
1.3276373 6.589221 2.183217 128
1.1995282 7.2659025 2.2484183 38
0.94978946 7.4309049 2.1504278 132
0.65728295 7.4526105 2.0111334 134
1.1832997 6.6309309 2.185632 90
1.0522079 7.4234552 2.2901795 130
0.77568156 7.448287 2.1548655 132
0.4764134 7.4439235 2.0145187 124
1.1547471 7.4010181 2.4218948 117
0.88010758 7.4388604 2.2896137 131
0.59971529 7.4496517 2.1562686 132
0.29827023 7.4672351 2.0279896 121
0.99048024 7.4344959 2.4213631 129
0.71005309 7.4492855 2.2890296 130
0.42567214 7.4600267 2.1606934 130
0.12020369 7.4815569 2.0384352 128
0.82142425 7.4439445 2.4157739 128
0.53806645 7.4517012 2.2854271 128
0.25061744 7.4723845 2.1681263 130
-0.057752118 7.48388 2.0488465 126
0.65346313 7.4424119 2.4071515 131
0.36704406 7.4591141 2.2868371 130
0.076551124 7.4857554 2.1745608 132
-0.23574238 7.4902015 2.0602696 122
0.48728409 7.4668698 2.4085994 126
0.19600607 7.468524 2.2892535 131
-0.09841343 7.4881196 2.1809659 131
-0.41690141 7.5164762 2.0787573 120
0.31924182 7.4753242 2.4050059 124
0.025977107 7.4769454 2.2916648 134
-0.27248886 7.5034814 2.1914065 130
-0.59586638 7.5207825 2.0931776 120
0.15022716 7.4807715 2.4014065 127
-0.14414223 7.4963517 2.2991083 132
-0.45049757 7.5118055 2.202836 128
-0.778889 7.5320439 2.1106269 121
-0.019799067 7.4882026 2.4008155 128
-0.31814575 7.5027294 2.3045232 129
-0.62651521 7.5211473 2.2142646 126
-0.96186328 7.5383039 2.1290627 121
-0.18688324 7.5026522 2.4032381 127
-0.49215612 7.5101056 2.3109415 130
-0.80458832 7.5374613 2.2297177 127
-1.1459249 7.5545487 2.1495295 123
-0.35688868 7.5080824 2.4036419 127
-0.66623348 7.5254731 2.3203833 126
-0.98453903 7.5397682 2.2421358 129
-1.3288529 7.5558119 2.1679513 124
-0.52853912 7.5113864 2.4040217 127
-0.84191877 7.5347281 2.3297694 131
-1.1621588 7.5430055 2.2554884 122
-1.511292 7.5400105 2.1832392 96
-0.69964933 7.5298867 2.4103937 126
-1.0158343 7.5322022 2.3360865 127
-1.3431191 7.5473857 2.2708437 98
-1.7055285 7.5781965 2.2157383 108
-0.87366337 7.5373101 2.4147792 127
-1.1949025 7.5475292 2.3495235 130
-1.5208203 7.521719 2.279176 84
-1.8944705 7.5823822 2.240181 109
-1.0476575 7.5426865 2.4201908 126
-1.3759228 7.557816 2.3639655 107
-1.7161856 7.5738215 2.3127689 102
-2.0905213 7.5994892 2.269676 107
-1.2267604 7.5610018 2.4306512 130
-1.5537183 7.5421524 2.3713264 59
-1.9062406 7.5900011 2.3362486 105
-2.2874725 7.6055932 2.2981427 101
-1.4016135 7.5503802 2.4330201 88
-1.7440089 7.5843258 2.3968804 104
-2.0982213 7.5981646 2.3597097 106
-2.4854283 7.6126819 2.3286147 91
-1.5847186 7.569653 2.4464929 120
-1.9289709 7.5885768 2.4123149 110
-2.2902024 7.6063285 2.3831713 96
-2.69152 7.635684 2.3641505 96
-1.7667195 7.5769453 2.4569292 126
-2.1179628 7.5967817 2.4307697 108
-2.4871945 7.6164393 2.4096503 96
-2.8995287 7.6496682 2.3996651 88
-1.9517505 7.588202 2.4703841 124
-2.3130105 7.6119223 2.4532583 102
-2.6912766 7.6374722 2.4411759 105
-3.1094704 7.6566334 2.4361646 91
-2.141839 7.6064053 2.4868701 110
-2.511106 7.6330266 2.4787714 103
-2.8972754 7.6494875 2.4726813 99
-3.32446 7.6695442 2.4756927 82
-2.3338282 7.6135945 2.5023298 115
-2.7070284 7.6341667 2.4992228 99
-3.1062906 7.6634741 2.505199 95
-3.544436 7.6814055 2.5172296 79
-2.5278056 7.6197634 2.5187912 97
-2.914089 7.6521831 2.5277474 97
-3.3161874 7.6644554 2.5366819 85
-3.7714138 7.6941943 2.5617847 77
-2.7349997 7.6517835 2.5453563 106
-3.1200619 7.6602144 2.5542419 92
-3.5362065 7.680326 2.5752304 82
-3.9993155 7.6989732 2.6073198 79
-2.9369974 7.6608734 2.5648448 102
-3.3330348 7.6691732 2.5847549 88
-3.7612302 7.6971455 2.615793 78
-4.2352743 7.7106709 2.6558928 82
-3.1419561 7.6659336 2.5853288 98
-3.550051 7.6830921 2.6162918 84
-3.9901865 7.7069273 2.6573455 81
-4.2955413 7.4052768 2.5981677 50
-3.3529146 7.6719279 2.6098289 89
-3.7720277 7.6929641 2.648828 83
-4.2221336 7.715683 2.6989014 83
-4.3042288 7.0314221 2.5171306 47
-3.5719578 7.6878414 2.6373763 96
-4.0030365 7.707737 2.6873994 81
-4.2935944 7.4311876 2.6412604 50
-4.4490099 6.904089 2.5191021 83
-3.7929368 7.6967382 2.6649082 78
-4.236011 7.7184963 2.7249639 92
-4.3002658 7.0533748 2.5522065 46
-4.683948 6.9147825 2.5736706 73
-4.0259838 7.7145081 2.6984928 85
-4.2922597 7.4071827 2.6522112 50
-4.4369502 6.9131441 2.5441232 86
-4.9116597 6.8995581 2.6231494 2
-4.2487946 7.7043982 2.7229755 90
-4.3040495 7.0413322 2.5602026 46
-4.6698861 6.9218779 2.591682 76
-5.8079348 7.7872415 3.0177114 65
-4.2878036 7.363287 2.6350982 50
-4.4448314 6.9110713 2.5501571 85
-4.890563 6.9007444 2.632128 3
-6.0978594 7.8003898 3.088413 64
-4.2945848 6.9945021 2.5360689 48
-4.6838078 6.9237556 2.5957408 76
-5.7828364 7.7874866 3.0206819 81
-6.4088154 7.8193183 3.169179 68
-4.4687958 6.9138999 2.5392406 104
-5.5097461 7.7671938 2.9540229 80
-6.086875 7.8135018 3.0934525 63
-6.7317891 7.8411274 3.2539806 66
-4.7067604 6.9236155 2.5778141 77
-5.7947297 7.7834296 3.0107226 79
-6.3887825 7.8245463 3.1631761 66
-7.0637007 7.8568468 3.3417857 66
-5.5467186 7.7799172 2.9331839 64
-6.0986876 7.8084641 3.076457 63
-6.7036366 7.8384776 3.2368484 67
-7.3812799 7.8407507 3.4233153 36
-5.8367567 7.7991319 2.9848561 65
-6.4076796 7.8254685 3.1411631 66
-7.0466619 7.8641086 3.3236525 69
-7.7835555 7.9007521 3.5413473 68
-6.1347065 7.8092666 3.0395186 67
-6.7337079 7.8482957 3.2139223 67
-7.3875494 7.8737721 3.4064045 34
-8.1624556 7.9170036 3.6471999 64
-6.453795 7.8361888 3.101275 67
-7.0726857 7.8660002 3.2886941 69
-7.7666268 7.9080391 3.5063105 71
-8.5774498 7.9468827 3.7681694 64
-6.7787814 7.8520565 3.164011 67
-7.3913651 7.8489165 3.3543193 37
-8.1535759 7.928236 3.6061912 72
-8.9882689 7.95681 3.8860707 67
-7.1217632 7.8687429 3.2327876 68
-7.7976651 7.9079309 3.4563553 71
-8.5665836 7.9571643 3.7171528 69
-9.4613323 7.9991007 4.0291996 72
-7.4615898 7.8674712 3.2975037 34
-8.184577 7.9221539 3.5482178 73
-8.9955263 7.979938 3.8321297 65
-9.5990057 7.7478499 4.0307479 89
-7.8678508 7.919518 3.3885198 69
-8.5995913 7.9490824 3.6501832 66
-9.4534807 8.0053949 3.9591875 80
-9.6018734 7.3949513 3.9797244 83
-8.2496996 7.9217978 3.4673548 65
-9.0335712 7.9718065 3.7561891 69
-9.5962029 7.756084 3.9547703 91
-9.9508886 7.3094788 4.0742288 51
-8.6838226 7.9585419 3.566402 62
-9.5066309 8.0041151 3.8773637 87
-9.5860195 7.3893089 3.8897903 86
-10.389373 7.2770405 4.204226 86
-9.1198158 7.9742441 3.6625423 64
-9.5879364 7.6984391 3.84074 91
-9.9591694 7.3176174 3.9834206 63
-10.442576 6.9676175 4.1794329 92
-9.5615425 7.9699674 3.7594573 91
-9.6005611 7.3490438 3.7803576 87
-10.379055 7.2693443 4.0936489 93
-10.452133 6.63872 4.1409178 94
-9.5777473 7.6101522 3.689667 85
-10.042738 7.3233795 3.8878629 64
-10.427025 6.9524012 4.060626 93
-10.466234 6.3179278 4.1085663 94
-9.6561327 7.3036323 3.6482353 71
-10.487293 7.2821851 3.9955699 67
-10.491545 6.650054 4.0344615 57
-10.468656 6.0021687 4.0732703 89
-10.18334 7.3346691 3.7759793 56
-10.620096 7.0151744 3.9856248 3
-10.563176 6.3616204 4.0153708 48
-10.49824 5.7071276 4.0501165 74
-10.808891 7.4066863 3.9361122 49
-11.231307 7.0482054 4.1548638 5
-10.637871 6.0788932 3.9999878 13
-10.562034 5.4373784 4.0440073 47
-11.367878 7.4030519 4.0687418 55
-12.297497 7.3284826 4.4871449 52
-12.14447 6.5803499 4.5177207 42
-10.610371 5.1649275 4.0331488 42
-12.121921 7.4928503 4.2669249 51
-12.461375 7.0412059 4.4877338 54
-12.243293 6.2766848 4.5089469 43
-10.655599 4.8951859 4.0235963 29
-12.795425 7.4969597 4.4339905 49
-12.595386 6.7306061 4.4818211 47
-12.333449 5.9708791 4.5025549 55
-10.713068 4.63166 4.0244808 12
-11.061892 6.1242132 3.7840612 2
-12.707387 6.4156141 4.472753 45
-12.437596 5.6719322 4.5054121 52
-10.722246 4.3547382 4.0077348 3
-11.01333 5.7599435 3.7191625 18
-12.826106 6.1057005 4.4705925 51
-12.517309 5.3673625 4.503397 59
-10.806536 4.1079178 4.0238781 1
-11.013041 5.4300904 3.6726065 13
-12.93585 5.7897806 4.4669976 59
-12.59322 5.0637784 4.5012875 58
-11.181955 3.9693723 4.1466417 4
-11.079323 5.1377258 3.6514728 7
-11.126819 4.6658945 3.8112516 1
-12.667503 4.758256 4.5001826 51
-12.285389 4.0577216 4.5343165 46
-11.091784 4.8240495 3.6124332 4
-11.087152 4.3456807 3.7642643 6
-11.441494 3.9967477 4.0420432 2
-12.336507 3.7717478 4.5411386 45
-11.305141 4.5992055 3.652328 3
-11.078871 4.0439773 3.7422116 21
-12.764217 4.1394057 4.4931145 41
-12.378939 3.4853559 4.5542293 47
-11.367268 4.3135562 3.6353476 4
-11.081953 3.7560842 3.7171078 25
-12.860098 3.8479645 4.5081897 46
-9.7918539 2.5172458 3.6007848 30
-11.377385 4.0069618 3.6064093 6
-11.11844 3.4800391 3.7050309 16
-12.913483 3.5466006 4.5076985 56
-9.8159323 2.2911212 3.6043227 72
-11.40896 3.7148776 3.5852804 8
-11.12914 3.2011411 3.6869485 16
-9.7978325 2.443929 3.4138298 68
-9.834096 2.0680938 3.6055882 73
-11.677045 3.4944537 3.6398439 6
-9.8154612 2.5723588 3.2373321 2
-9.8138952 2.2108717 3.4101796 97
-9.8862848 1.8525772 3.6222572 52
-11.702583 3.1991663 3.62131 15
-9.8034124 2.3263431 3.2181685 102
-9.8289566 1.9805354 3.4071877 101
-12.512693 2.0690172 4.5774732 53
-9.7876129 2.4203894 3.0133834 103
-9.8141756 2.0880699 3.207763 101
-10.554561 1.8822896 3.6495156 5
-12.520037 1.7872026 4.5821195 46
-9.7986555 2.1754851 2.9975181 93
-9.8525095 1.8564014 3.2074306 56
-13.14512 2.0423191 4.5304995 56
-12.515134 1.5058386 4.5821848 45
-9.8234787 1.9342408 2.9908788 107
-11.249669 1.8516805 3.6501758 42
-13.15023 1.7392687 4.5302234 55
-12.498433 1.2239785 4.5828977 49
-11.870495 2.0492525 3.5939724 8
-11.36907 1.600655 3.6816907 6
-13.162098 1.4362944 4.5367155 52
-12.467494 0.9454084 4.5804725 36
-11.891477 1.758231 3.5888143 4
-11.359268 1.330759 3.6745148 6
-11.371579 0.9770003 3.9265547 2
-10.978828 0.58823037 4.0466557 1
-11.92663 1.4730166 3.588603 4
-11.398743 1.0645243 3.6834054 10
-13.161206 0.8355121 4.5429988 47
-10.957635 0.34458923 4.0505848 2
-11.967087 1.1867825 3.5925045 4
-11.330983 0.7907815 3.6584215 21
-13.154334 0.53465092 4.5436192 46
-10.941098 0.10405274 4.0538855 5
-12.019099 0.89950007 3.5998728 2
-11.31453 0.52516282 3.6539114 25
-13.14943 0.23565125 4.5525093 38
-10.90981 -0.13260117 4.0568881 10
-12.03229 0.60951638 3.6008708 2
-11.36698 0.26332048 3.6739435 18
-13.120566 -0.061774261 4.5542989 40
-10.906462 -0.37257394 4.0737309 18
-12.02354 0.31964877 3.5976176 2
-11.365413 -0.0046355003 3.6787343 9
-13.090708 -0.35846847 4.5590305 37
-10.868245 -0.6079883 4.0774288 25
-12.026873 0.028102489 3.6011653 2
-11.350078 -0.266817 3.6812162 12
-13.062175 -0.65119302 4.5633192 40
-10.861201 -0.84608752 4.0939035 27
-12.002394 -0.25872564 3.5964713 3
-11.344785 -0.53289092 3.6896176 14
-13.036671 -0.94396031 4.5726266 38
-10.815221 -1.0778961 4.0984221 38
-12.008799 -0.54716843 3.6041729 3
-11.354357 -0.79863131 3.7043419 13
-12.985985 -1.2353373 4.5751948 42
-10.770068 -1.3104914 4.1039734 42
-11.999195 -0.83609664 3.6094251 3
-11.350922 -1.0646303 3.7157042 16
-12.951441 -1.5293705 4.5863428 39
-10.765043 -1.546792 4.1273203 47
-12.003671 -1.1293645 3.621619 5
-11.359653 -1.3319579 3.7339444 16
-12.887911 -1.8165915 4.5874958 43
-10.725914 -1.7814263 4.1396837 56
-12.018996 -1.4235333 3.6389451 7
-11.379128 -1.6062242 3.7593391 14
-12.771375 -2.0975912 4.5736432 34
-10.703513 -2.0168734 4.1592927 69
-12.003887 -1.720751 3.6516731 8
-11.396913 -1.8853319 3.7873631 7
-12.765673 -2.396239 4.6028233 51
-10.699773 -2.2602847 4.1900153 77
-11.97523 -2.0129738 3.6607075 9
-11.425635 -2.1643548 3.8192012 15
-12.706642 -2.6807292 4.6122313 47
-10.700855 -2.5027306 4.2219939 82
-11.999413 -2.3190849 3.6888163 7
-11.430974 -2.4433637 3.8452942 2
-11.18785 -2.6287994 4.094254 1
-10.720445 -2.7539809 4.264061 79
-11.95883 -2.6115856 3.6985545 6
-13.512931 -3.2168641 4.5716319 42
-11.096005 -2.8736019 4.0912056 5
-10.734401 -3.0068707 4.3033404 83
-11.948233 -2.9143453 3.7187047 6
-13.142112 -3.4569428 4.479497 42
-11.052673 -3.1285808 4.1090736 10
-10.736126 -3.2599304 4.3454413 83
-11.80891 -3.1839161 3.705605 4
-12.175121 -3.5104752 4.1885233 47
-11.061098 -3.4003174 4.1499906 44
-10.638968 -3.4820163 4.3461561 47
-11.738156 -3.4732573 3.714232 13
-11.049911 -3.4693723 3.8401449 48
-10.504404 -3.4918158 3.9812317 46
-10.147373 -3.5670187 4.1894703 79
-10.798556 -3.480731 3.4508955 38
-10.286206 -3.494333 3.6099846 44
-10.137638 -3.6235008 3.8814285 78
-10.166321 -3.8204837 4.2410173 80
-10.121651 -3.5363553 3.2687025 77
-10.114709 -3.6999109 3.5863142 97
-10.151503 -3.8889163 3.928942 76
-10.173306 -4.0738297 4.2895546 80
-10.125306 -3.8138528 3.3043506 81
-10.131242 -3.9777436 3.6330388 77
-10.788361 -4.4120865 4.2201266 81
-10.802027 -4.5971966 4.6046782 78
-10.133673 -4.0990252 3.3447218 65
-10.408514 -4.3665681 3.7735753 7
-10.802629 -4.7033248 4.2754683 86
-10.810723 -4.8787146 4.6639667 85
-10.877081 -4.7076287 3.6305203 2
-10.480846 -4.6886611 3.8468575 1
-10.820238 -5.000875 4.3346896 83
-10.860864 -5.1852899 4.7433124 85
-11.617724 -5.3678918 3.9262328 2
-11.072238 -5.266573 4.1135173 36
-10.839307 -5.3102636 4.4000001 89
-10.908619 -5.5022793 4.8267603 88
-13.265695 -6.5251536 4.541748 61
-10.973666 -5.5403228 4.1342249 56
-10.871753 -5.6338897 4.4730191 92
-11.040869 -5.8715467 4.9515762 86
-12.571834 -6.5707207 4.3695755 57
-10.897286 -5.8247223 4.1639156 76
-10.879489 -5.9524298 4.5395555 86
-11.112232 -6.217721 5.0503058 75
-11.924376 -6.6037154 4.208806 59
-10.889339 -6.1524358 4.2250872 86
-10.906423 -6.2885242 4.6178198 83
-11.125196 -6.5447826 5.130609 74
-11.358126 -6.6531844 4.0737891 62
-10.918932 -6.5098724 4.3033752 89
-10.938107 -6.6367841 4.7035203 88
-11.149981 -6.8850412 5.2200794 79
-11.119167 -6.8798647 4.0558143 93
-10.93269 -6.8670397 4.3784428 87
-10.963797 -6.9953713 4.791172 87
-11.171638 -7.2336087 5.3110304 72
-11.109683 -7.2540154 4.1267285 71
-10.955245 -7.242475 4.4633489 80
-11.08777 -7.428843 4.9250813 78
-11.20235 -7.5991311 5.4108777 64
-11.013615 -7.5774264 4.1676517 62
-10.980233 -7.6362648 4.5565114 79
-11.189238 -7.8664513 5.0563293 78
-11.213531 -7.9658217 5.5081196 62
-10.981912 -7.957478 4.2396674 76
-10.991389 -8.0296659 4.647635 78
-11.207348 -8.2629042 5.1594853 78
-11.249598 -8.3604584 5.6223598 56
-11.007514 -8.3903408 4.3367395 84
-11.019985 -8.4549551 4.7524576 77
-11.231857 -8.6776438 5.269136 73
-11.226251 -8.7282143 5.7142401 64
-11.025233 -8.8364048 4.4388981 74
-11.089448 -8.928195 4.8828874 79
-11.257608 -9.1092377 5.3859091 77
-11.255285 -9.1464834 5.8378878 67
-11.055297 -9.308527 4.5517101 74
-11.190269 -9.447628 5.0344372 80
-11.144382 -9.4373999 5.4415221 71
-11.079928 -9.4038725 5.8584175 68
-10.709875 -9.4731035 4.5184379 64
-10.692266 -9.4609718 4.920351 71
-10.666636 -9.4517698 5.3222418 70
-10.63112 -9.4224997 5.7352452 63
-10.459935 -9.7118111 4.5218458 75
-10.468239 -9.7087364 4.9327202 76
-10.492363 -9.7238874 5.3517685 72
-10.485782 -9.7047882 5.7769189 60
-10.517355 -10.249968 4.666513 13
-10.544917 -10.244888 5.0897908 7
-11.341204 -10.995839 5.9200497 73
-11.355128 -10.967827 6.3898172 61
-10.086369 -10.314761 4.5979953 4
-10.115835 -10.296981 5.0100999 6
-10.268053 -10.40647 5.4891062 7
-10.237125 -10.322127 5.8942685 8
-9.6522694 -10.359355 4.527154 3
-9.7402935 -10.38516 4.9543104 2
-9.7559547 -10.338317 5.3474889 2
-9.8320332 -10.346148 5.7936411 2
-9.4149857 -10.609995 4.550909 2
-9.4665813 -10.574512 4.950851 2
-9.4794798 -10.508657 5.3357983 2
-9.4470062 -10.376362 5.7038317 2
-9.5004444 -11.122358 5.1130266 2
-9.5502253 -11.590325 5.6787844 2
-9.5466537 -11.439401 6.0672216 2
-11.582233 -15.147108 6.1686239 24
-11.617929 -14.971647 6.6511292 6
-9.5525599 -12.141059 5.8535028 2
-9.5831623 -11.997312 6.2588634 2
-11.211579 -15.418873 6.1883636 80
-11.384737 -15.396808 6.7367969 99
-11.549794 -15.383695 7.2951937 113
-11.634746 -15.24128 7.8184657 45
-10.779084 -15.60188 6.1747141 36
-10.864307 -15.437349 6.6590462 92
-11.049735 -15.426889 7.2078896 79
-11.240419 -15.403258 7.7825828 64
-11.722271 -17.890697 6.9872169 36
-11.760508 -17.571642 7.4744115 17
-10.828317 -15.861669 7.3090034 47
-10.846493 -15.55324 7.7451057 37
-11.802732 -18.998636 7.332684 25
-11.810833 -18.564852 7.7967811 17
-11.861717 -20.162163 7.6944628 19
-11.886528 -21.374136 8.0746307 66
-11.924406 -19.703457 9.4234762 15
-11.258032 -21.440025 8.0230646 55
-11.601013 -21.405449 8.697053 25
-11.754043 -20.408281 9.6482267 18
-11.172018 -21.805214 8.7708349 14
-11.328794 -21.396547 9.2807026 36
-11.70875 -21.384499 9.986928 36
-11.931374 -24.684666 9.8371058 15
-12.082 -24.122349 10.357332 12
-11.227737 -21.594381 9.9771261 16
-11.939224 -27.388016 10.009445 40
-12.348892 -27.16753 10.740942 15
-12.270975 -25.950974 11.040169 10
-10.883407 -39.833836 14.159074 12
-9.8535681 -39.759789 14.094099 17
-8.339921 -33.943153 14.338571 16
-7.5672503 -33.951118 14.269584 14
-6.7923665 -33.950867 14.204013 12
-5.064497 -39.987316 14.996337 14
-6.0420814 -34.017822 14.167152 12
-5.3013387 -34.133831 14.160286 11
-1.1728654 -40.27005 14.401537 16
-2.2923644 -40.183064 15.093894 18
-0.22341734 -40.299622 14.46844 17
0.73273706 -40.330875 14.545593 20
1.6837292 -40.3587 14.628906 21
0.48331043 -40.279892 15.223306 15
2.6405439 -40.410332 14.711596 16
1.4099021 -40.347992 15.285643 15
3.6040504 -40.429695 14.810823 17
4.556551 -40.466633 14.922351 17
5.5274696 -40.489513 15.038216 17
4.5885053 -38.645763 15.370023 13
4.1176224 -37.622139 15.369601 18
9.6508198 -37.365902 15.321409 14
10.31154 -28.714165 11.711725 10
10.76265 -33.742027 13.847119 26
10.974026 -28.479795 11.75174 49
11.094322 -32.237656 13.363244 16
11.377736 -27.62327 11.556583 22
10.534586 -28.516115 11.949691 35
10.874769 -32.864895 13.804822 14
10.19228 -34.728619 14.619651 19
11.192169 -25.502602 10.823339 10
11.239111 -28.424067 12.045346 34
10.25081 -28.803524 12.206254 11
10.691459 -22.920109 9.8739824 11
11.373525 -26.971697 11.561399 17
10.857313 -28.477482 12.171535 40
11.124015 -22.490232 9.8376312 64
11.139156 -24.835922 10.779711 13
11.192232 -27.480139 11.858495 21
10.479527 -28.531296 12.23882 42
11.674927 -22.302036 9.9102621 44
10.783918 -22.648859 9.9622812 30
11.305173 -26.066578 11.358105 18
11.186584 -28.465786 12.294694 49
11.340795 -22.485479 10.021366 86
10.638681 -23.093079 10.178235 9
11.32337 -27.029818 11.769749 16
11.719813 -21.987637 9.9388065 20
10.977639 -22.49094 10.024708 64
11.383046 -25.552502 11.224091 26
11.577016 -22.419828 10.11601 75
10.739921 -22.742565 10.083852 27
11.912458 -21.85428 9.9860344 6
11.258833 -22.514771 10.084272 80
11.231362 -16.552666 8.0519238 54
11.650374 -22.059792 9.9807835 35
11.734995 -16.477446 8.1768866 72
12.024259 -16.102001 8.1576281 40
11.328681 -16.480122 8.0870667 84
12.069748 -15.420505 7.9842081 40
11.875971 -16.467302 8.2300634 68
12.054096 -14.702229 7.7878838 41
12.009701 -15.883846 8.092907 32
11.553258 -16.490282 8.1169071 70
12.092601 -14.093623 7.6400776 59
12.046445 -15.208124 7.9073534 34
11.991269 -16.323689 8.1696434 56
11.255537 -16.519838 7.9656959 71
12.127555 -13.509975 7.5021572 60
12.040415 -14.520563 7.7078271 66
12.032335 -15.632597 7.9629555 28
11.800758 -16.512192 8.0764189 85
12.153004 -12.944263 7.3680553 61
12.086586 -13.929591 7.5547628 67
12.045479 -14.944735 7.7553053 64
11.994747 -16.001947 7.9497218 22
12.172638 -12.396627 7.2399068 65
12.106742 -13.337848 7.3977642 79
12.053929 -14.286957 7.5585632 76
12.00661 -15.289022 7.7211633 67
11.381094 -11.086861 6.6523256 28
12.124144 -12.770161 7.2496915 80
12.100122 -13.699959 7.398489 79
12.039105 -14.637007 7.5203462 68
11.450046 -10.666965 6.5796189 70
12.156943 -12.240401 7.1214519 88
12.12536 -13.118149 7.2364473 73
12.065837 -14.008079 7.329464 80
11.797771 -10.504071 6.6693625 74
11.404937 -10.982347 6.556602 83
12.153948 -12.570361 7.0892811 84
12.10603 -13.423105 7.160399 80
12.252459 -10.429399 6.8185477 94
11.487012 -10.576324 6.4818187 86
11.361172 -11.23855 6.4877872 6
12.131355 -12.852252 6.9953866 74
12.305197 -10.006777 6.7500229 86
11.978917 -10.541466 6.63693 80
11.435862 -10.812713 6.3942633 83
12.161968 -12.312585 6.8433261 73
12.308915 -9.56845 6.6604657 83
12.316403 -10.357595 6.7076964 87
11.639096 -10.51778 6.3767328 75
11.409683 -11.041692 6.2752004 73
12.339849 -9.1591568 6.592236 84
12.318781 -9.899416 6.6025987 93
12.229875 -10.555036 6.5705905 94
11.468396 -10.603599 6.1663122 77
12.372159 -8.7642212 6.5296125 83
12.352722 -9.4774876 6.5222216 85
12.321948 -10.15881 6.5009656 82
11.961076 -10.557538 6.2924786 66
12.402109 -8.3790188 6.4710627 86
12.387414 -9.0701809 6.4467335 95
12.349273 -9.7194843 6.4016027 98
12.308105 -10.36977 6.3434749 94
12.440232 -8.0087824 6.4234567 74
12.409148 -8.6679983 6.3712935 84
12.388821 -9.3021097 6.3181911 90
12.31309 -9.902564 6.2213211 86
12.452373 -7.6346741 6.3659172 73
12.418097 -8.268775 6.2937794 87
12.395592 -8.8777695 6.2227006 84
12.335801 -9.4649858 6.116785 84
12.459878 -7.2704124 6.3101664 82
12.444474 -7.8923135 6.2310257 87
12.416683 -8.4752884 6.1410494 92
12.200401 -8.9256258 5.9429774 87
12.480509 -6.9170642 6.2643476 88
12.451821 -7.51401 6.1633244 85
12.352283 -8.0294695 6.0227509 80
12.237508 -8.524991 5.8602824 78
12.506289 -6.5776973 6.22647 76
12.468302 -7.1476536 6.1045613 92
12.258828 -7.5798874 5.8955355 89
12.232451 -8.1106958 5.7627354 88
12.524096 -6.2414041 6.188601 82
12.408422 -6.7508922 6.0140848 82
12.279275 -7.211472 5.830771 90
12.258713 -7.725183 5.6860161 77
12.533907 -5.9051847 6.1507525 75
12.340604 -6.360208 5.9246078 84
12.294803 -6.85111 5.7679915 88
12.267984 -7.3418145 5.6053309 87
11.727502 -5.2161436 5.7230506 15
12.350363 -6.0209532 5.87677 81
12.315419 -6.4987254 5.7121739 90
12.289431 -6.9753542 5.5355949 89
11.779852 -4.9345846 5.714015 89
12.360145 -5.6896267 5.8320799 81
12.333071 -6.1572533 5.6565676 97
12.315922 -6.6187592 5.4730515 90
11.782937 -4.6363311 5.6843195 74
11.762858 -5.1028972 5.5097909 93
12.365821 -5.8246741 5.6149311 83
12.317379 -6.2563992 5.4045587 90
12.389925 -4.5655637 5.9443607 56
11.783076 -4.8005829 5.4799447 84
12.380804 -5.4923472 5.5681596 93
12.347239 -5.9139371 5.3537288 99
12.475533 -4.2918196 5.9581227 86
11.862625 -4.5288453 5.4786744 59
11.793737 -4.9167471 5.2604442 99
12.362955 -5.5726457 5.2997999 92
12.459596 -3.9809141 5.929163 66
12.43325 -4.4284053 5.7056241 86
11.817822 -4.6094556 5.2283816 81
11.789832 -4.9879551 5.0040889 94
12.466849 -3.6878359 5.9120884 71
12.433303 -4.1173396 5.6736288 73
12.400455 -4.5138493 5.4392834 82
11.809831 -4.6736689 4.9630609 102
12.449053 -3.3909585 5.8860865 72
12.432428 -3.8132937 5.6446123 82
12.425541 -4.2055616 5.4102206 91
12.389344 -4.5700226 5.1539955 69
12.455389 -3.1049106 5.8749919 76
12.425591 -3.5132992 5.6145959 81
12.439629 -3.8973758 5.3811846 94
12.589082 -4.3153448 5.1893392 90
12.46678 -2.823823 5.8658681 80
12.444858 -3.2201231 5.6014967 87
12.449739 -3.5912304 5.3531523 92
12.621078 -3.9969957 5.1612973 105
12.49927 -2.5495925 5.8716731 76
12.469189 -2.9329112 5.5913653 86
12.455878 -3.2881198 5.3251228 94
12.632059 -3.6787996 5.1273475 104
12.519702 -2.2714241 5.8746023 76
12.486511 -2.6467059 5.5813689 79
12.480044 -2.9868157 5.3101969 91
12.664104 -3.3663926 5.1044426 101
12.543972 -1.9949416 5.8824282 75
12.495622 -2.3573194 5.5722699 84
12.480032 -2.68748 5.287148 99
12.676965 -3.0539367 5.0774007 96
12.572497 -1.7237195 5.8923178 68
12.512988 -2.0721543 5.5692339 84
12.498312 -2.3952737 5.2751331 98
12.684012 -2.7397876 5.0524893 97
12.592006 -1.4505813 5.9022355 74
12.524366 -1.790024 5.5642309 76
12.524583 -2.1049638 5.2681952 98
12.706098 -2.4344492 5.0366864 96
12.637475 -1.1821382 5.9263244 67
12.529634 -1.5078346 5.5605016 77
12.521704 -1.8088098 5.2535324 87
12.725142 -2.1290884 5.0220079 100
12.668868 -0.90879476 5.9475093 73
12.548982 -1.2285669 5.5657048 79
12.543033 -1.5205346 5.25071 86
12.734354 -1.823915 5.0052209 93
12.705573 -0.63851923 5.9704866 78
12.576571 -0.94835109 5.5776739 84
12.554459 -1.2314149 5.2467055 86
12.756582 -1.5186908 4.9992051 91
12.754147 -0.36523038 6.0042572 80
12.60403 -0.66918802 5.589509 84
12.583809 -0.9422155 5.2535706 87
12.769752 -1.2135916 4.9921618 97
12.780693 -0.092123672 6.0290732 82
12.606448 -0.38723624 5.5954123 86
12.596162 -0.65415657 5.2554712 92
12.78996 -0.91144133 4.9890938 99
12.802243 0.18093666 6.0539017 81
12.624917 -0.10816791 5.6102691 89
12.6145 -0.3630634 5.2633705 87
12.798169 -0.60939926 4.9850535 102
12.827795 0.45501965 6.082725 82
12.632382 0.17080525 5.6231518 84
12.629867 -0.074994527 5.270267 93
12.81138 -0.30632859 4.9860063 91
12.83231 0.73192453 6.1066084 76
12.649855 0.45085034 5.6420159 93
12.646237 0.21406573 5.2821655 92
12.824597 -0.0032649916 4.9889603 92
12.049527 0.94484812 5.7570949 86
12.647287 0.73372996 5.6549377 87
12.655588 0.50506461 5.293088 92
12.840804 0.30280516 4.9979196 92
12.063214 1.204819 5.786902 79
12.07056 0.9681918 5.4170647 88
12.366785 0.77975905 5.1847258 74
12.857973 0.61093062 5.0100031 93
12.025827 1.4624639 5.7959728 26
12.074072 1.2401711 5.4390907 77
12.073087 1.0414406 5.0774059 86
12.093943 0.86188567 4.7237377 90
12.837276 1.8425361 6.2135115 48
12.705525 1.5909777 5.7429433 76
12.091522 1.3225522 5.1014304 81
12.095261 1.1528825 4.735837 79
12.857727 2.1256013 6.2555447 45
12.714865 1.8819914 5.7720394 65
12.705773 1.6853158 5.375392 68
12.084569 1.4407889 4.7449861 18
12.892106 2.4137764 6.307611 41
12.710215 2.1668999 5.7971835 57
12.71198 1.9863272 5.400568 56
12.926484 1.8554311 5.0886393 56
12.911463 2.7028258 6.3557191 40
12.788447 2.4754355 5.86622 39
12.705194 2.2852499 5.4237618 50
12.886557 2.1661167 5.0959501 51
12.933786 2.9959404 6.4078231 32
12.845652 2.7838469 5.9262977 32
12.72237 2.5913744 5.4599223 33
12.888612 2.4831347 5.119175 36
12.943094 3.2919126 6.4579482 31
12.931806 3.1054175 6.0053282 25
12.760484 2.9115832 5.5110469 25
12.879638 2.8069918 5.14642 24
12.956396 3.5918772 6.5120606 22
12.95898 3.4195096 6.0604587 25
12.77164 3.2245772 5.5522079 17
12.844724 3.1216438 5.1636925 19
12.997638 3.9020424 6.5831466 20
12.978125 3.7345464 6.1136279 13
12.775723 3.5425282 5.5934362 20
12.801765 3.4372556 5.1810355 19
13.006856 4.2050109 6.6393456 23
13.00221 4.0526505 6.1708469 14
12.802739 3.8676736 5.6466718 21
12.818687 3.770344 5.2243218 19
13.019994 4.518961 6.7035761 19
13.025301 4.3785191 6.234097 14
12.830816 4.2004333 5.7049322 11
12.812787 4.1026759 5.2646556 21
13.032195 4.8348751 6.7696624 23
13.04534 4.7115254 6.3012261 11
12.832842 4.5313292 5.7560945 13
12.830649 4.4527049 5.3198519 24
13.023601 5.146965 6.828938 35
13.066551 5.0478425 6.3685212 19
12.925781 4.9042196 5.8523574 18
12.838656 4.8050489 5.375237 29
13.031796 5.4774003 6.9052639 42
13.046615 5.3802667 6.426929 39
13.020401 5.2887282 5.9557061 13
12.855351 5.1680737 5.4376874 32
13.027825 5.803205 6.9746318 56
13.059469 5.727211 6.5013356 46
13.073021 5.6649938 6.0441294 37
12.88396 5.5421782 5.5091538 40
13.043717 6.1481328 7.0610061 67
13.076266 6.084167 6.5816708 75
13.092719 6.0349798 6.1224232 64
12.901615 5.9171696 5.5793905 53
12.450749 6.1915841 6.8173475 28
12.558929 6.1820893 6.3960767 26
12.622083 6.1751766 5.9749146 25
12.648146 6.1749692 5.5408587 21
12.263544 6.4259171 6.7946234 69
12.319736 6.4100165 6.3524442 77
12.324993 6.3866477 5.9093513 78
12.309092 6.3800874 5.4653664 66
12.316449 6.7899876 6.9088321 68
12.336618 6.7708364 6.4437213 83
12.343713 6.7644935 5.9986858 82
12.357569 6.7861819 5.5627351 84
11.92307 6.9087949 6.7781515 46
11.933141 6.9025197 6.3221102 64
11.868438 6.8685946 5.8541341 62
11.725847 6.8170304 5.3632674 58
11.383454 6.924551 6.5624261 49
11.373524 6.9200664 6.1134343 60
11.209236 6.8401899 5.6165533 57
11.148315 6.8440537 5.182744 54
10.903935 6.9563456 6.3787451 42
10.869103 6.947504 5.9308329 60
10.708749 6.8786249 5.4509811 57
10.790043 6.9865513 5.1002269 51
10.431613 6.9672155 6.1919913 49
10.347909 6.9390321 5.7361031 55
10.20339 6.8902926 5.2802739 55
10.302504 7.0253086 4.9555206 53
9.9902868 6.9834466 6.0219989 53
9.8359098 6.9196625 5.5450363 56
9.7521057 6.9182844 5.1361446 58
9.8083363 7.0419011 4.8083959 61
9.6019793 7.0199895 5.8817191 48
9.3948259 6.9257975 5.3867702 57
9.4243793 7.0210476 5.0559788 67
9.3394594 7.0523229 4.6702142 59
9.1127415 6.9641857 5.6783504 55
8.9941406 6.9424109 5.2505193 58
9.0305061 7.0567183 4.9378819 64
8.9026155 7.0688262 4.548245 66
8.7299356 6.9722471 5.537271 54
8.6122217 6.9624968 5.1264973 57
8.6304836 7.0768051 4.8179135 60
7.5692658 6.3154426 3.9586809 63
7.5648856 6.3130646 4.8954539 56
7.4601278 6.3124938 4.535675 56
7.3385534 6.3096671 4.1927433 64
7.2108102 6.3177567 3.858969 60
7.2568593 6.3226724 4.7848969 54
7.1440506 6.3249722 4.434165 62
7.0918283 6.3876066 4.140523 62
7.101984 6.5296493 3.8890364 62
7.079792 6.4361577 4.7577496 58
7.0920591 6.5622759 4.491199 60
7.1111789 6.7093854 4.2437115 64
7.120152 6.8724093 3.9963043 65
7.0894189 6.7258716 4.8588324 60
7.1015081 6.8719854 4.5963516 60
7.1264257 7.042141 4.3539324 67
7.0617762 7.152658 4.0654926 70
7.1019168 7.0306072 4.9689512 67
7.0741262 7.1574459 4.6834888 72
6.9123282 7.1583047 4.3308663 65
6.722641 7.1469097 3.9772646 67
6.9178267 7.1489882 4.9478478 68
6.7659273 7.1599555 4.5892429 64
6.6060925 7.1687765 4.2506495 64
6.4193311 7.1693549 3.9120858 65
6.6375613 7.1607227 4.8595757 68
6.4757018 7.1685843 4.5059829 61
6.3079085 7.173327 4.1713881 62
6.1340151 7.1929603 3.8528614 62
6.3682761 7.1745672 4.7772727 63
6.2103682 7.1904278 4.4366951 63
6.0345898 7.1950779 4.1091161 62
5.8477941 7.2035975 3.7895768 62
6.1168003 7.1920071 4.702621 64
5.9509311 7.2058058 4.3670502 61
5.765234 7.2033787 4.0434618 61
5.5754585 7.2128663 3.7329285 63
5.868526 7.2060409 4.6292558 62
5.6847801 7.205687 4.2936683 62
5.5000501 7.2092361 3.9810977 76
5.3151693 7.2337189 3.6856084 60
5.6262546 7.2191458 4.5598631 62
5.4434385 7.2297502 4.2373157 60
5.2418733 7.2141581 3.9217093 76
5.0540037 7.2395778 3.6352301 58
5.3929677 7.2353067 4.4964623 62
5.2002401 7.2377963 4.176909 59
4.997653 7.2281423 3.871331 77
4.8077631 7.2594891 3.5958824 75
5.1558113 7.2403822 4.4310412 62
4.9541473 7.2367768 4.1154842 78
4.7693567 7.2552018 3.8319743 77
4.5665984 7.2714419 3.5544968 77
4.9296303 7.2495399 4.3706102 62
4.7309299 7.2529168 4.0670738 73
4.5381618 7.2702479 3.789578 77
4.3324265 7.2854395 3.5181029 48
4.7075019 7.2527351 4.3101473 59
4.5127234 7.2680974 4.020648 79
4.3160138 7.2793889 3.7471359 75
4.0973864 7.2824669 3.4776411 39
4.5012565 7.2700601 4.2616978 57
4.2995195 7.2813525 3.9761965 78
4.0869374 7.2784996 3.7026653 40
3.8791673 7.3016105 3.4502237 80
4.2960434 7.283401 4.2132287 53
4.0834084 7.2835917 3.928709 35
3.8816478 7.3057566 3.6762497 81
3.6590273 7.3117414 3.4217749 78
4.0958161 7.2997651 4.1707597 57
3.8821435 7.3069038 3.897269 46
3.6695299 7.3119831 3.6417677 80
3.4478531 7.3269339 3.3983254 85
3.8926787 7.3051176 4.1232548 45
3.6740422 7.3101826 3.8567677 76
3.4623516 7.3272166 3.6143115 80
3.2357426 7.336102 3.3758574 85
3.695524 7.3144913 4.0817542 80
3.4798403 7.3275409 3.8262911 80
3.2592607 7.3324928 3.5848079 89
3.0315886 7.3513231 3.3583941 90
3.5083108 7.331933 4.0462618 82
3.2817242 7.3348737 3.7937841 83
3.0591578 7.3397841 3.558305 92
2.8285091 7.3575649 3.3378942 97
3.3181736 7.3403559 4.0087414 78
3.0915878 7.3452663 3.764271 81
2.8670151 7.3531241 3.5378077 90
2.6313956 7.3688426 3.3223996 97
3.1330638 7.3458242 3.9711978 78
2.9064107 7.3616805 3.7407703 87
2.6739173 7.3614559 3.5172935 101
2.4353206 7.376123 3.307888 98
2.9489319 7.3552771 3.9396682 88
2.7193151 7.3680906 3.7132351 84
2.4847991 7.3728108 3.4997818 105
2.2441876 7.3914261 3.2993963 98
2.7688022 7.3647614 3.9091291 86
2.5312512 7.3714857 3.6876905 94
2.2996702 7.3861904 3.4852691 97
2.0462301 7.3856912 3.284838 106
2.5867131 7.3702221 3.880579 87
2.35109 7.3879185 3.6711781 93
2.1096468 7.3875299 3.4697206 106
1.6535612 6.5964923 2.9306734 53
2.4136786 7.3846955 3.8559055 94
2.1732306 7.3982692 3.6533663 103
1.9269444 7.3947701 3.45678 104
1.4868195 6.6058455 2.9267323 107
2.2398167 7.3941112 3.8310809 93
1.9913433 7.3966608 3.6306579 98
1.5541743 6.6078386 3.0816021 112
1.3228017 6.6093836 2.9221365 106
2.0667608 7.396647 3.8055041 97
1.6175448 6.6068149 3.2314694 95
1.3941761 6.60744 3.0699821 114
1.1597396 6.619915 2.9225597 87
1.6869395 6.6048508 3.3813071 11
1.4605465 6.6084633 3.216831 112
1.2351494 6.6160326 3.0663681 117
1.1233199 7.4312735 3.2717741 87
1.5339338 6.6075549 3.3626559 110
1.3055788 6.6081319 3.2031727 112
1.1707491 7.1765246 3.3136752 25
0.94130021 7.4416313 3.2762184 113
1.3839054 6.6132798 3.3460095 113
1.154395 6.6357784 3.2046142 78
1.036737 7.4369011 3.4269779 105
0.75935853 7.442997 3.279628 101
1.2330091 6.6212177 3.3335977 110
1.1232539 7.4303451 3.5709765 90
0.8597877 7.4465313 3.4276333 99
0.5803473 7.4615469 3.2913213 96
1.124043 6.8688235 3.4408174 22
0.95511597 7.4478297 3.5694401 100
0.68669099 7.4609485 3.432096 96
0.39937919 7.4618893 3.2967474 96
1.0535299 7.4381795 3.7051973 107
0.78411818 7.4483123 3.5618441 101
0.51368415 7.4643822 3.4325156 105
0.22229382 7.4772367 3.3102224 96
0.89136535 7.4577327 3.6996558 110
0.61602819 7.460793 3.5612881 98
0.33863774 7.473774 3.4389639 96
0.044240694 7.4895663 3.3256884 108
0.72341275 7.451272 3.6840267 96
0.44695008 7.472261 3.5617309 99
0.16563368 7.4781876 3.4443877 96
-0.13375373 7.494904 3.3391268 103
0.55934757 7.4598079 3.6784468 104
0.2769033 7.4807119 3.5641642 96
-0.0084307538 7.4905725 3.4548447 109
-0.31478861 7.5061922 3.3585956 104
0.3932448 7.4733138 3.6758904 93
0.10683635 7.4921522 3.5696087 96
-0.18241653 7.4939613 3.4642668 102
-0.49682224 7.5254378 3.3830433 107
0.22834232 7.4857755 3.6741555 93
-0.061852247 7.4955359 3.5717406 99
-0.35815081 7.5132079 3.4834306 99
-0.67750812 7.5326533 3.4042351 98
0.06249129 7.4922376 3.6714056 96
-0.23087625 7.5099635 3.5801442 103
-0.53415352 7.5195694 3.4968741 101
-0.85948312 7.5379314 3.4256873 95
-0.10154368 7.4987602 3.6708224 110
-0.40189049 7.5163898 3.5885763 96
-0.70919758 7.5319266 3.5143356 93
-1.043492 7.5501719 3.4541626 90
-0.26857591 7.5082579 3.6732416 108
-0.57391876 7.5288134 3.6000113 104
-0.88823646 7.5492473 3.5378015 107
-1.2274185 7.5554428 3.479593 77
-0.43559566 7.5187573 3.6776531 103
-0.74797791 7.5471973 3.61847 103
-1.067199 7.5575771 3.5592325 96
-1.4143513 7.5626678 3.5100384 43
-0.60360402 7.5282464 3.6830633 97
-0.92193437 7.5526075 3.630878 99
-1.2480922 7.5578947 3.5796373 68
-1.6053396 7.5778317 3.5475237 39
-0.77664983 7.5436635 3.6955085 112
-1.098915 7.5619721 3.648309 98
-1.431061 7.5681739 3.6060855 41
-1.796406 7.5909986 3.584986 41
-0.94696981 7.552135 3.7039211 115
-1.2730201 7.5464206 3.6546171 57
-1.6153227 7.5754595 3.632484 40
-1.9915526 7.5991488 3.6224053 93
-1.1209983 7.5665636 3.7173548 109
-1.4540664 7.5657425 3.6800857 43
-1.8033307 7.5926867 3.6669602 44
-2.1854932 7.6103029 3.6628711 81
-1.2928655 7.5610447 3.722707 47
-1.6320052 7.5721111 3.7014976 37
-1.9933273 7.6088953 3.7024369 86
-2.3874629 7.6263599 3.7103741 76
-1.4688536 7.5714531 3.7381303 39
-1.8200887 7.5973477 3.734005 74
-2.1862855 7.6210756 3.7389047 84
-2.5873511 7.6304402 3.7548292 76
-1.6478934 7.5838065 3.7565753 38
-2.00509 7.6046114 3.7594471 87
-2.3802681 7.6262112 3.7743607 83
-2.7974448 7.6523571 3.8093836 77
-1.8320346 7.6040673 3.7820702 98
-2.1951218 7.613801 3.7899101 88
-2.5792866 7.6362805 3.8148451 79
-3.0074189 7.6602817 3.8618822 75
-2.0150666 7.6103659 3.8005066 98
-2.3902454 7.6349168 3.8274286 79
-2.7833276 7.6502819 3.8613544 77
-3.2204044 7.6701684 3.917393 78
-2.2020965 7.6176081 3.8239539 88
-2.5842488 7.6410661 3.8588853 79
-2.9914048 7.6692309 3.9118893 79
-3.4403882 7.6809716 3.9779208 75
-2.3921645 7.6298122 3.8504255 88
-2.783241 7.6471505 3.8953512 77
-3.2024152 7.6801615 3.9603984 76
-3.6684549 7.7026758 4.0455065 57
-2.5882328 7.6429462 3.8809121 80
-2.9883251 7.665154 3.9388745 78
-3.4174066 7.6900373 4.0139103 80
-3.8953929 7.7093983 4.1110306 58
-2.7864091 7.6578169 3.9145317 79
-3.1964271 7.6768923 3.9825356 79
-3.632374 7.691678 4.0655823 78
-4.129344 7.716795 4.1808081 62
-2.9853072 7.6609473 3.9439895 75
-3.4062951 7.6798768 4.0250182 78
-3.8593206 7.7084355 4.1281576 81
-4.3377624 7.6697927 4.2240949 60
-3.1912425 7.6699905 3.9804864 80
-3.6262891 7.6997304 4.0785894 80
-4.0912204 7.7201462 4.1917253 78
-4.3598285 7.3021102 4.0936351 50
-3.4035776 7.6859536 4.0218692 78
-3.8485591 7.710568 4.1309476 78
-4.3071785 7.6940684 4.2378969 83
-4.3841891 6.9623761 3.9762354 51
-3.6195388 7.6999111 4.0643954 76
-4.0723863 7.7114263 4.1814404 79
-4.3473783 7.3602166 4.1176896 51
-4.5917163 6.9303637 4.0315671 55
-3.8384175 7.7048416 4.107893 77
-4.3002067 7.7122412 4.2349424 87
-4.3614144 7.0046453 3.9853413 50
-4.8234458 6.9260583 4.1080594 59
-4.0683937 7.7226443 4.1594653 81
-4.3525925 7.4002595 4.1208477 51
-4.5305142 6.9151316 4.0003657 74
-5.6241188 7.6968884 4.6528063 66
-4.2973056 7.7274427 4.2079873 64
-4.3545551 7.024817 3.9713976 48
-4.7674632 6.9257264 4.0759268 77
-5.9100251 7.7089348 4.7564769 68
-4.3416605 7.3985286 4.0798116 52
-4.5177011 6.9283423 3.9753819 77
-5.571404 7.7184877 4.6187601 64
-6.2099633 7.7268176 4.8701987 67
-4.3518052 7.0419893 3.9334531 50
-4.754684 6.9409633 4.0439487 79
-5.8422084 7.7147384 4.7043347 67
-6.5218511 7.7405663 4.9909282 67
-4.5008039 6.9247088 3.9193237 73
-5.5667934 7.7516575 4.5848651 66
-6.1401849 7.734673 4.8090577 69
-6.8618751 7.7739887 5.1307926 67
-4.7458668 6.9462581 3.9879413 56
-5.8133826 7.7172284 4.6432657 65
-6.440022 7.7385936 4.9127207 69
-7.2541966 7.8488092 5.3059292 67
-5.5853395 7.7986803 4.5360751 68
-6.1053057 7.7282629 4.735939 68
-6.7680202 7.7651858 5.0365295 73
-7.6261497 7.8778806 5.4628406 61
-5.8309145 7.7602987 4.5844555 66
-6.4052052 7.7372146 4.8316183 67
-7.1362219 7.8203225 5.1855345 69
-8.0060329 7.8998637 5.6237383 58
-6.0915375 7.7297397 4.6438966 67
-6.7292061 7.7608919 4.9424057 69
-7.5445476 7.8950028 5.3596992 68
-8.3968525 7.9157286 5.7896333 53
-6.3985262 7.7476425 4.7356248 68
-7.0661736 7.7824264 5.0602098 74
-7.9033437 7.9012704 5.4954886 63
-8.7905064 7.91257 5.9544573 60
-6.714457 7.7594585 4.8293452 72
-7.4745665 7.8621449 5.2243915 69
-8.2861729 7.914268 5.6453519 63
-9.2403908 7.9437656 6.1565328 60
-7.0564671 7.7839737 4.9401693 67
-7.8585992 7.8961639 5.3663402 65
-8.7141285 7.9477572 5.8223896 65
-9.6649542 7.9342604 6.3393917 66
-7.4084268 7.8033881 5.0539923 69
-8.239418 7.9052267 5.5041809 62
-9.1590519 7.9790635 6.0074515 60
-9.6920519 7.5892854 6.2650862 60
-7.8499408 7.8977871 5.2242956 64
-8.6674461 7.9437609 5.6692352 61
-9.5987577 7.9844375 6.186398 72
-9.7856197 7.3075428 6.2361689 55
-8.2529249 7.925643 5.3642545 62
-9.0983095 7.9632735 5.8332171 65
-9.6791735 7.680891 6.1373677 73
-10.244113 7.2956347 6.4440823 53
-8.6718903 7.9523358 5.5092397 64
-9.5591745 7.9864583 6.0122752 74
-9.7073736 7.3469181 6.0601048 63
-10.51147 7.1288915 6.53198 79
-9.11483 7.9787683 5.6662712 58
-9.6597061 7.6967216 5.9663405 82
-10.103585 7.2907786 6.2127099 58
-10.516599 6.7881045 6.4596367 68
-9.5776901 7.9979892 5.8313146 75
-9.6828651 7.3558369 5.8780394 71
-10.496614 7.2136698 6.3642225 82
-10.536874 6.4671278 6.401402 71
-9.6540918 7.6865458 5.7632122 71
-10.087159 7.3046441 6.0236449 60
-10.510784 6.8748021 6.2898698 82
-10.549183 6.1482034 6.3461204 71
-9.6852789 7.3485942 5.6739378 69
-10.475152 7.2216492 6.1581335 86
-10.52296 6.5439534 6.2196078 77
-10.558485 5.8373222 6.2919421 75
-10.079388 7.2825923 5.7995472 52
-10.502271 6.8876905 6.08392 77
-10.533146 6.2191186 6.1523914 80
-10.577864 5.5393124 6.2488484 72
-10.482418 7.2084951 5.9291453 81
-10.519422 6.5568256 6.0086951 79
-10.544411 5.9042521 6.0912142 80
-10.588255 5.2423868 6.2047381 79
-10.491431 6.8587618 5.83883 75
-10.523547 6.2230773 5.9334297 77
-10.563772 5.6022739 6.0401044 82
-10.598713 4.9534497 6.1636581 83
-10.500515 6.5180082 5.7535481 75
-10.542835 5.9101477 5.8702769 84
-10.583172 5.3052812 5.9930124 91
-10.610222 4.6714816 6.1286068 86
-10.518527 6.190413 5.6806531 85
-10.549952 5.5976272 5.8054433 88
-10.580369 5.0058188 5.9382348 87
-10.621546 4.3928113 6.0969658 74
-10.533685 5.8705807 5.6105742 83
-10.568236 5.2957006 5.7524395 89
-10.601794 4.7228055 5.9003096 79
-10.627037 4.1189122 6.06604 81
-10.542863 5.552794 5.5424891 94
-10.579571 4.9988365 5.6994386 93
-10.614223 4.4398732 5.8623633 89
-10.642595 3.8538897 6.044168 69
-10.565164 5.2508502 5.4854922 86
-10.591955 4.7079487 5.6504617 88
-10.616691 4.1600418 5.8214059 87
-10.651147 3.5879297 6.0222759 78
-10.574464 4.9480257 5.4274607 90
-10.600355 4.4190845 5.6044807 85
-10.629211 3.8880827 5.7904987 85
-10.657757 3.3279872 6.000401 76
-10.577803 4.6492496 5.3704305 89
-10.608823 4.1361976 5.562501 84
-10.653828 3.6229532 5.7695785 82
-10.671482 3.0729074 5.9874501 72
-10.605349 4.3631463 5.3283477 87
-10.63149 3.86409 5.5304384 79
-10.660537 3.3569674 5.7425036 80
-9.8863068 2.6066177 5.531848 4
-10.615917 4.0771985 5.2832055 81
-10.641152 3.5891657 5.4962788 82
-10.671339 3.0960917 5.7203054 84
-9.8903866 2.3748562 5.5196791 77
-10.61659 3.7907066 5.236681 84
-10.646968 3.318625 5.4627948 81
-9.8731928 2.6192758 5.2712979 2
-9.8925371 2.144253 5.5073929 76
-10.625338 3.5121529 5.1981726 82
-10.667916 3.055614 5.4402876 81
-9.8794308 2.3830924 5.2538009 78
-9.9189005 1.9195069 5.5138631 64
-10.585346 3.2219625 5.1381664 85
-10.67 2.7880051 5.4125252 90
-9.8846254 2.1476274 5.2393856 75
-10.735437 1.8352028 5.9598904 80
-10.512908 2.9277761 5.0677524 89
-9.8687649 2.3327956 4.9830794 76
-9.8975573 1.9155287 5.2324877 65
-10.744275 1.5941075 5.9609466 79
-9.8526745 2.4909861 4.7216682 77
-9.8696537 2.0928559 4.9631271 74
-10.717941 1.8265818 5.6518064 84
-10.760119 1.3549269 5.9680238 84
-9.8615217 2.245985 4.6997108 75
-9.9205942 1.863361 4.9712954 50
-10.736773 1.580402 5.6518059 84
-10.768019 1.1148189 5.97399 81
-9.8804607 2.0048683 4.6836758 75
-10.715 1.7587992 5.3513608 85
-10.748645 1.3332791 5.6527076 83
-10.784958 0.8775987 5.9879394 79
-10.698968 1.9081529 5.0488129 71
-10.720819 1.5037736 5.341218 84
-10.749536 1.0872693 5.6495895 83
-10.790885 0.63848346 5.9998579 79
-10.716743 1.6490231 5.0386829 86
-10.734636 1.2526559 5.3381453 85
-10.777381 0.84496754 5.6626096 84
-10.80477 0.40329656 6.0159068 72
-10.725424 1.3879968 5.0286546 86
-10.754392 1.002477 5.3411775 84
-10.791171 0.59981143 5.6726465 84
-10.818624 0.16709732 6.0359759 73
-10.735604 1.1303662 5.0201955 86
-10.772696 0.75366694 5.3456993 85
-10.795597 0.35705256 5.6800914 84
-10.837154 -0.068921417 6.0613995 75
-10.760354 0.87413359 5.0221562 81
-10.778474 0.50059885 5.3476357 84
-10.819427 0.11375193 5.7001033 82
-10.848039 -0.30513099 6.0864134 79
-10.761103 0.61614382 5.0160623 81
-10.796269 0.25138909 5.3586102 81
-10.830249 -0.13142298 5.7170792 81
-10.849925 -0.54224116 6.1064048 75
-10.777831 0.35796881 5.0209975 83
-10.81603 -0.00085904647 5.3745742 84
-10.84408 -0.37464064 5.7380686 82
-10.872762 -0.78160518 6.1434264 73
-10.797559 0.10074653 5.0309405 85
-10.820822 -0.25094703 5.3835168 82
-10.860887 -0.61990172 5.7630539 81
-10.888603 -1.0209005 6.1784334 72
-10.809271 -0.15840556 5.0408587 81
-10.839576 -0.50320756 5.4044766 82
-10.862685 -0.86701483 5.7840014 82
-10.890465 -1.2590528 6.2084169 81
-10.816984 -0.41752276 5.0507679 82
-10.853302 -0.75842828 5.4264131 82
-10.873471 -1.1142359 5.8119636 84
-10.904285 -1.500343 6.2464094 75
-10.832675 -0.67773932 5.0676866 82
-10.850058 -1.0114762 5.4423237 84
-10.895222 -1.3635902 5.8489375 84
-10.913074 -1.7446018 6.2873783 78
-10.847346 -0.93995494 5.0865941 82
-10.870752 -1.2687912 5.4722624 84
-10.909938 -1.6168877 5.8868804 85
-10.928845 -1.989943 6.3333545 75
-10.865968 -1.2062387 5.1134901 81
-10.899406 -1.5292097 5.5102015 85
-10.92066 -1.8701426 5.9228139 86
-10.943585 -2.2382927 6.3833156 84
-10.884578 -1.4735274 5.1413841 87
-10.905063 -1.790399 5.5410981 83
-10.941309 -2.1285303 5.9697523 82
-10.966269 -2.4907374 6.4392853 80
-10.88717 -1.7426687 5.1672468 82
-10.923674 -2.0547352 5.5800099 86
-10.944921 -2.3847797 6.0097532 85
-10.970613 -2.7396622 6.4877276 83
-10.914472 -2.0155859 5.2042413 83
-10.931398 -2.3202064 5.6166654 85
-10.955166 -2.6429925 6.055027 85
-10.9885 -2.9961672 6.5474114 86
-10.927732 -2.2892096 5.2402458 83
-10.935441 -2.5870066 5.6550741 85
-10.979856 -2.9102957 6.1128626 87
-11.010086 -3.257688 6.612865 83
-10.934295 -2.5664942 5.2765746 85
-10.958989 -2.8635187 5.7094092 81
-10.991471 -3.1797225 6.169178 90
-10.726768 -3.4258385 6.4977088 39
-10.959686 -2.8539789 5.3284755 87
-10.970475 -3.1398766 5.7593312 90
-10.931235 -3.4293385 6.1880817 61
-10.233384 -3.5116475 6.2555027 67
-10.975107 -3.1413381 5.3773274 80
-10.964994 -3.4180338 5.8061657 83
-10.290276 -3.4845562 5.8776908 48
-10.236143 -3.7609262 6.3184528 72
-10.942656 -3.4211838 5.4090877 68
-10.311959 -3.4792085 5.5107274 45
-10.220258 -3.717016 5.8935809 78
-10.229134 -4.0103292 6.3767519 72
-10.289004 -3.4908416 5.131846 39
-10.207466 -3.7122734 5.507988 81
-10.235386 -3.982945 5.9611168 80
-11.090294 -4.6211581 6.9830542 72
-10.189848 -3.7327852 5.133194 84
-10.217982 -3.9858518 5.571187 82
-11.073271 -4.5970712 6.5180874 80
-11.11867 -4.9137897 7.0768461 74
-10.206815 -4.0227342 5.1981716 82
-11.060433 -4.6143918 6.0959172 84
-11.094994 -4.9022384 6.6059933 74
-11.115383 -5.2017174 7.157793 72
-11.054685 -4.6691065 5.6968584 86
-11.082538 -4.9293666 6.1808343 79
-11.110114 -5.2077575 6.693819 75
-11.143398 -5.5084405 7.2637043 68
-11.068599 -4.9926162 5.772696 83
-11.099575 -5.2511134 6.2660766 75
-11.131361 -5.5243316 6.7890067 79
-11.165924 -5.8180819 7.3685193 74
-11.09196 -5.3291903 5.8603768 74
-11.115878 -5.579515 6.3594046 78
-11.145911 -5.8444963 6.8897743 75
-11.168062 -6.1255465 7.4705791 73
-11.113468 -5.6761246 5.9532523 74
-11.127441 -5.9153576 6.4532766 75
-11.168107 -6.1810007 6.9952421 72
-11.192606 -6.4557014 7.5841379 66
-11.129198 -6.0296874 6.050777 68
-11.148217 -6.2619982 6.5588388 79
-11.18983 -6.524724 7.1108742 71
-11.169599 -6.7605529 7.6726522 63
-11.149973 -6.3908229 6.1527629 70
-11.173458 -6.6219382 6.6734967 78
-11.209775 -6.8712993 7.2271757 73
-11.184328 -7.0961747 7.7918472 26
-11.172709 -6.7657375 6.2632151 68
-11.201806 -6.9941993 6.7953706 78
-11.231759 -7.2337756 7.3534822 79
-11.366769 -7.5577869 8.040432 3
-11.215983 -7.1677365 6.3961258 59
-11.222291 -7.3739824 6.9213004 74
-11.255282 -7.6086316 7.4884048 75
-11.437993 -7.9602451 8.2192945 2
-11.225304 -7.5643797 6.51754 58
-11.258508 -7.7779522 7.0657315 69
-11.267695 -7.9903736 7.6268854 60
-11.229581 -7.968977 6.6438851 63
-11.261856 -8.1755524 7.1980867 69
-11.27709 -8.3830595 7.7712536 9
-11.240709 -8.3946571 6.7851119 63
-11.274063 -8.5912628 7.3443551 74
-11.320142 -8.8121433 7.943521 69
-11.331366 -9.0108337 8.568718 52
-11.264255 -8.8442354 6.93783 56
-11.294817 -9.0313578 7.5054479 74
-11.336173 -9.2356825 8.1060228 77
-11.306971 -9.3873634 8.7047091 74
-11.30214 -9.3227043 7.1129384 69
-11.230536 -9.4142027 7.6194301 79
-11.046815 -9.414463 8.0581121 69
-10.858109 -9.4087725 8.5188103 55
-10.870032 -9.4159508 6.9988556 64
-10.726435 -9.4251556 7.4386845 71
-10.581402 -9.4363117 7.884306 70
-10.559346 -9.5524864 8.4527817 62
-10.51103 -9.5657835 6.9376111 65
-10.526944 -9.693141 7.4711108 73
-10.552548 -9.842721 8.0365992 72
-10.580091 -9.9864883 8.6431456 45
-10.542121 -10.07093 7.1327238 26
-11.5435 -11.141891 8.3922262 1
-10.533609 -10.274664 8.2067919 2
-10.424107 -10.266747 8.7016087 16
-10.294656 -10.322855 7.152513 9
-10.179211 -10.286701 7.5843673 5
-10.119005 -10.31618 8.0721912 5
-10.041883 -10.318324 8.5771818 3
-9.8267565 -10.339571 7.0206943 2
-9.7726946 -10.346966 7.4806075 3
-9.6988106 -10.33516 7.9325528 2
-9.5145407 -10.508177 6.9925904 1
-9.484622 -10.520041 7.4549322 4
-9.4555807 -10.539856 7.9315457 2
-9.5226669 -11.0437 7.2081656 2
-9.5393219 -11.622057 7.4523592 4
-11.610571 -14.871438 9.369854 5
-11.519002 -14.72765 9.8893585 3
-9.6379948 -12.298256 8.780364 3
-11.433071 -15.398915 9.5538921 65
-11.46908 -15.383706 10.169197 58
-11.515499 -15.396279 10.816874 50
-10.905898 -15.455778 9.449935 40
-10.952987 -15.430693 10.052117 53
-11.837749 -17.67119 10.650172 14
-10.690486 -15.824164 10.160856 8
-10.337703 -16.095957 10.200089 5
-9.7006073 -17.695818 10.825188 8
-11.656627 -20.483406 14.092711 8
-11.464042 -21.668495 13.909568 8
-10.905741 -21.766798 13.830235 6
-11.066175 -21.5252 14.480728 9
-11.267344 -24.453016 14.530535 8
-10.56261 -21.659359 14.414505 7
-10.976563 -26.186508 14.569274 7
-10.047038 -21.768377 14.341656 15
-9.9705915 -23.72036 14.64749 7
-9.5159044 -21.818415 14.233771 10
-9.442687 -23.942108 14.665815 7
-8.9864979 -21.850555 14.128278 9
-9.0494328 -26.868376 14.688044 11
-8.8917904 -24.091293 14.652724 8
-8.4503107 -21.864902 14.017924 7
-8.4280853 -25.750423 14.773844 8
-8.4035702 -24.42001 14.745457 5
-7.9264474 -21.877642 13.909129 7
-7.843646 -25.973612 14.821397 5
-7.8432269 -24.555517 14.73151 9
-7.9889431 -23.615425 14.89468 5
-7.085433 -27.436071 14.82738 11
-7.3415761 -24.881454 14.839287 7
-7.4442263 -23.661144 14.818773 6
-6.9514527 -23.852118 14.836699 10
-6.0477505 -26.539223 14.96494 7
-6.4730115 -24.102791 14.89768 8
-5.1141515 -27.957518 15.023584 10
-5.4489002 -26.728725 15.028839 6
-5.7204652 -25.527239 15.001912 10
-5.9653692 -24.277056 14.915401 8
-4.4440169 -28.056803 15.066494 9
-4.8264818 -26.822119 15.052154 6
-5.1615014 -25.673815 15.033816 7
-5.4545302 -24.426756 14.930854 9
-4.2161503 -26.961653 15.103165 8
-4.5868468 -25.77445 15.046209 8
-3.085645 -28.122498 15.118124 7
-3.6125898 -27.182785 15.209456 8
-4.0257001 -25.93688 15.095469 8
-2.4315217 -28.357721 15.263246 11
-2.9696593 -27.107582 15.164878 8
-3.9317963 -25.046791 15.105136 8
-1.7487549 -28.262793 15.241181 12
-3.4132328 -25.236355 15.16354 12
-2.3132901 -26.2887 15.221247 7
-2.8666883 -25.28091 15.148042 9
-1.1090235 -27.413248 15.362066 11
-1.7345185 -26.458733 15.311229 7
-2.341825 -25.504045 15.243307 8
-1.1505365 -26.531708 15.350078 8
-1.8052746 -25.68766 15.316438 10
-1.2553326 -25.799738 15.3556 9
1.5885611 -28.024017 15.400711 11
0.76897103 -27.278103 15.386935 9
2.2372212 -27.793226 15.357768 14
1.3870443 -27.203499 15.392906 6
0.61102176 -26.519749 15.371532 11
2.8867455 -27.692829 15.38956 10
2.0043108 -27.072292 15.376702 11
1.1972226 -26.493307 15.377267 7
0.40973616 -25.860676 15.342605 10
3.513586 -27.43268 15.345396 11
2.6038182 -26.857342 15.319353 10
1.7756771 -26.383663 15.346441 11
0.96460974 -25.862251 15.344559 9
4.1308694 -27.153313 15.303359 9
1.5229304 -25.884991 15.362615 12
4.759932 -27.009388 15.339862 14
2.9324501 -26.171301 15.308661 10
2.0835283 -25.836861 15.344185 8
5.3600812 -26.740574 15.312117 10
4.403482 -26.451872 15.331891 14
3.5103533 -26.107519 15.324739 9
5.9691014 -26.522999 15.322484 9
4.9824319 -26.243116 15.305258 14
4.0883722 -26.009937 15.32955 8
3.1959593 -25.740667 15.329951 8
6.5523806 -26.244036 15.305678 9
5.5281119 -25.897676 15.206296 11
4.648644 -25.839718 15.296706 10
3.7435794 -25.615622 15.286731 13
7.1121221 -25.900963 15.251972 9
6.1355023 -25.83564 15.281545 9
5.2077889 -25.67532 15.274321 9
4.3141174 -25.608118 15.32417 10
7.6864753 -25.639238 15.258407 8
6.6930013 -25.590971 15.257915 10
5.775753 -25.563148 15.29025 10
4.8598752 -25.469183 15.28581 10
8.2436762 -25.325302 15.242726 14
6.3371682 -25.396547 15.282281 12
5.417048 -25.39065 15.292586 10
7.7902951 -25.088396 15.220742 15
6.8853111 -25.20649 15.265598 10
5.9676509 -25.253557 15.270705 10
8.3544302 -24.891342 15.248096 11
7.4324722 -25.017466 15.256933 9
6.5184073 -25.130527 15.263763 10
9.8904486 -24.450891 15.268779 8
8.9092731 -24.679701 15.268159 10
7.986515 -24.842964 15.263687 10
7.0685873 -24.988148 15.252271 10
10.422605 -24.14459 15.281005 10
9.4366179 -24.383173 15.249948 10
8.5174732 -24.600262 15.236936 11
7.6096678 -24.810314 15.226304 11
10.43645 -22.715988 14.577809 11
9.0684595 -24.407688 15.249823 11
8.1596975 -24.664808 15.227125 15
11.077729 -22.71505 14.791835 20
9.989275 -22.707952 14.529272 13
9.586092 -24.148026 15.22289 9
8.7082434 -24.517841 15.232528 8
11.457561 -22.183035 14.674629 25
10.616101 -22.73572 14.730339 15
9.595067 -22.705873 14.457153 10
9.2526579 -24.346914 15.239177 16
11.393952 -20.881342 14.034696 20
11.215707 -22.669849 14.882859 21
10.188711 -22.70199 14.601818 13
11.524125 -20.016922 13.678362 31
11.21848 -21.450687 14.272851 10
10.818367 -22.728987 14.778962 18
11.674129 -19.240524 13.380713 24
11.322955 -20.516256 13.84678 19
11.259315 -22.363794 14.707596 28
10.402658 -22.744989 14.58817 18
10.876556 -17.043013 12.066752 6
11.587871 -19.918154 13.648249 26
11.324852 -21.305336 14.181802 19
11.033718 -22.78689 14.750068 22
11.087243 -16.529575 11.922988 44
11.665234 -19.055052 13.258787 21
11.413535 -20.370924 13.730569 24
11.282306 -22.049469 14.415995 30
11.586722 -16.445709 12.095387 58
10.921313 -16.981304 12.009328 12
11.628983 -19.711149 13.466296 23
11.308336 -20.955313 13.84245 23
11.854061 -16.039154 12.034471 44
11.134805 -16.48992 11.859757 66
11.6564 -18.795385 13.02137 24
11.575789 -20.358143 13.602174 43
11.879532 -15.335951 11.746831 33
11.646386 -16.435074 12.032432 74
10.977487 -16.86153 11.855922 19
11.634011 -19.453571 13.153645 36
11.929521 -14.698218 11.508504 39
11.840572 -15.941399 11.884542 52
11.228464 -16.433338 11.735672 58
11.67604 -18.581938 12.723073 33
11.963985 -14.081364 11.274183 44
11.876456 -15.268364 11.602406 40
11.751425 -16.403597 11.903838 75
11.009373 -16.693068 11.585745 50
12.000807 -13.497556 11.05875 53
11.924122 -14.639058 11.349173 55
11.848543 -15.788598 11.652574 43
11.390471 -16.463217 11.587947 83
11.825835 -12.707935 10.671431 50
11.951829 -14.021136 11.099095 41
11.900889 -15.139568 11.374375 53
11.821304 -16.299231 11.642544 51
11.847017 -12.171896 10.479443 49
11.78135 -13.21423 10.687993 57
11.951266 -14.527258 11.118414 44
11.86193 -15.607794 11.324857 43
11.263667 -11.068624 9.7797222 13
11.817906 -12.672153 10.485462 60
11.76838 -13.677197 10.672785 57
11.896355 -14.954271 11.03106 48
11.348698 -10.660392 9.6798439 67
11.836197 -12.139259 10.279423 52
11.802914 -13.113206 10.444107 55
11.741767 -14.105321 10.585749 49
11.644238 -10.46129 9.7610216 47
11.287542 -11.075989 9.6101799 16
11.819077 -12.55849 10.212685 67
11.781719 -13.528335 10.336377 55
12.127161 -10.411042 10.000611 89
11.335685 -10.638176 9.4655094 82
11.937267 -12.13107 10.083992 48
11.811542 -12.962249 10.095304 64
12.217693 -10.024978 9.920886 52
11.684397 -10.482508 9.5767927 55
11.316753 -11.002017 9.3593531 49
12.08908 -12.68476 10.077058 70
12.133883 -10.407232 9.7687254 96
11.375871 -10.574013 9.2167921 83
12.212287 -10.008206 9.669054 58
11.796182 -10.482851 9.3668022 51
12.177051 -10.343932 9.487009 95
11.467098 -10.517265 8.9280071 62
12.25747 -9.9468651 9.380332 42
12.024464 -10.538202 9.1645346 67
12.194536 -10.210526 9.108552 75
12.346479 -9.8689785 9.044632 11
12.294325 -8.5267439 8.5422745 76
12.319794 -8.1341276 8.4236059 81
12.433789 -5.915833 8.9530277 5
12.37443 -7.1679721 8.5298414 80
12.350429 -7.7574821 8.3158665 79
11.670521 -5.2441683 8.3484497 5
12.400421 -6.8132305 8.4435053 81
12.379269 -7.3886642 8.212595 81
11.687949 -4.948925 8.3054066 65
12.432363 -6.4726968 8.368679 84
12.395944 -7.0201683 8.1098738 83
11.673229 -4.6458449 8.2434902 65
11.676101 -5.224051 8.0075483 8
12.454314 -6.1332507 8.2938566 88
12.430777 -6.667582 8.0270844 84
11.884441 -4.4333401 8.3440838 9
11.688388 -4.920754 7.9516101 79
12.479336 -5.8008018 8.2260094 87
12.454635 -6.3180814 7.9412951 80
12.48901 -4.3493366 8.7219276 78
11.702749 -4.625463 7.9026442 73
11.686845 -5.1177187 7.634007 59
12.474541 -5.973629 7.8594933 74
12.510395 -4.0550594 8.6949568 65
12.297325 -4.5454326 8.2464848 42
11.712162 -4.8173213 7.5820498 83
11.763246 -5.3060579 7.3333697 2
12.530421 -4.3197336 8.3461113 83
11.735527 -4.5219507 7.5330768 65
11.725196 -4.968051 7.2335901 81
12.54975 -4.0194468 8.3111639 84
12.532724 -4.5034924 7.9775548 71
11.734419 -4.6577468 7.1676803 91
12.635921 -3.206939 8.6868811 2
12.552059 -3.7172859 8.2692356 71
12.556981 -4.1951346 7.9346294 83
12.308792 -4.5586739 7.4445863 39
12.634401 -2.9188848 8.6618643 3
12.584517 -3.4249628 8.2521973 78
12.570285 -3.8878844 7.8896542 85
12.57185 -4.3267002 7.537179 84
12.616841 -2.6309342 8.6288939 7
12.592905 -3.1317928 8.222229 82
12.596586 -3.5845535 7.858705 88
12.592036 -4.0113649 7.489275 80
12.608307 -2.3459425 8.6079111 5
12.618361 -2.8445203 8.2062273 78
12.603889 -3.2813601 7.8187666 87
12.598204 -3.6931458 7.4383836 90
12.614872 -2.0688701 8.5998764 3
12.62881 -2.5543776 8.1872292 72
12.616241 -2.9811592 7.7878008 85
12.612463 -3.3828771 7.3944454 89
12.664529 -1.7975171 8.6237745 3
12.635306 -2.2682524 8.1692047 76
12.617617 -2.6820168 7.7538199 84
12.625766 -3.0756164 7.3564825 88
12.67716 -1.5244056 8.627697 4
12.647814 -1.9820908 8.1581717 74
12.649088 -2.3916862 7.7417855 77
12.649101 -2.7712982 7.3275013 80
12.716831 -1.2541219 8.650589 5
12.665377 -1.7019053 8.1531134 77
12.658526 -2.0985138 7.7197776 78
12.66443 -2.4660535 7.2995296 93
12.724476 -0.98206419 8.6575108 2
12.680927 -1.4197475 8.1510639 79
12.672985 -1.8073212 7.7047596 81
12.679798 -2.1648259 7.2765446 84
12.690486 -1.1386423 8.1490164 78
12.696463 -1.5170872 7.7007308 81
12.689165 -1.8636507 7.2535639 72
12.695037 -0.85659128 8.1499758 81
12.69791 -1.2240189 7.6887288 82
12.71155 -1.5634152 7.2435708 85
12.71063 -0.57855022 8.1589165 77
12.707405 -0.93601739 7.6837111 85
12.732935 -1.2633226 7.2355847 80
12.73021 -0.2975651 8.1768713 83
12.720908 -0.64802951 7.6856928 87
12.73533 -0.96437633 7.221612 82
12.705755 0.37434432 8.7081842 73
12.746817 -0.019596284 8.1918192 85
12.740413 -0.35900974 7.6936746 81
12.760759 -0.66728997 7.225616 89
12.704468 0.64114171 8.727109 76
12.757404 0.26130635 8.2107821 81
12.758934 -0.071015842 7.706656 86
12.768175 -0.36835849 7.2216353 90
12.013286 0.86224258 8.2803411 57
12.766116 0.54089028 8.2316341 81
12.767559 0.21958686 7.7175107 88
12.776734 -0.069737673 7.2234912 93
11.972764 1.1137655 8.2800903 67
12.20834 0.78612614 7.8908072 45
12.77664 0.51162106 7.731442 87
12.787705 0.2323902 7.2324958 91
11.988531 1.3717561 8.3209906 58
11.98204 1.0375483 7.7688708 77
12.293128 0.77331245 7.4557385 57
12.808084 0.53449899 7.2495337 85
12.798792 1.740823 8.9156342 29
12.002734 1.3056029 7.8057828 78
11.999782 1.0282902 7.2968459 83
12.189534 0.79623789 6.9139118 44
12.773458 2.0115383 8.9385786 38
12.834904 1.6839768 8.3734207 10
12.002403 1.3042569 7.3177853 80
12.02511 1.068085 6.8339677 85
12.845428 1.9729415 8.4153986 28
12.825468 1.6906997 7.8414593 60
12.036622 1.357116 6.8589444 75
12.800996 2.2535374 8.4243917 37
12.82291 1.9875975 7.8694739 57
12.870514 1.7607527 7.3536687 13
12.827471 2.5495808 8.4843817 9
12.832304 2.2915497 7.9125032 61
12.856856 2.0685811 7.3737292 66
12.858891 2.8526437 8.5513906 4
12.856652 2.6015956 7.9665418 57
12.861122 2.3865092 7.41081 57
12.98507 3.4740756 9.3484058 2
12.86802 2.9104679 8.0175962 62
12.871412 2.7043645 7.4538994 47
12.887354 3.2263014 8.0796776 54
12.885675 3.0271902 7.5060081 45
12.902663 3.5451002 8.1417742 61
12.922868 3.3601544 7.5761361 39
12.908963 3.8658185 8.203886 54
12.934041 3.6949315 7.6342907 35
12.915392 4.1902256 8.2719221 46
12.935417 4.028306 7.6943278 36
13.111399 5.0266356 9.8055706 4
12.917776 4.5191946 8.343236 27
12.968766 4.3781729 7.7785244 36
13.075446 5.3277035 9.8667822 10
12.966331 4.8718033 8.4490185 11
12.96948 4.7216139 7.8475122 43
12.981168 5.6060133 9.8896685 21
12.986467 5.2178941 8.5433197 5
12.988201 5.0805373 7.9368715 39
12.90633 5.8937011 9.9289684 49
13.000158 5.4423032 8.0254698 46
12.813841 6.1777806 9.9613953 59
13.164195 6.0007229 8.8425598 3
13.016021 5.8160567 8.1261139 51
12.302797 6.2505174 9.6714659 23
12.597597 6.2280354 9.1985188 25
12.82296 6.202589 8.7159271 30
12.994282 6.1847849 8.2124271 47
12.17634 6.5084953 9.6830301 65
12.201553 6.3690543 9.0201883 81
12.204653 6.2542677 8.4064503 75
12.299634 6.2168679 7.8792734 46
12.200725 6.854701 9.821763 70
12.216393 6.7221909 9.1452932 79
12.250688 6.6376624 8.5469637 77
12.235915 6.5597615 7.9466906 73
11.801758 6.9599099 9.6225204 31
11.982539 6.9423857 9.0903273 36
12.113314 6.9264131 8.5671768 54
12.189046 6.9140334 8.0300808 66
11.296342 6.9857349 9.3340235 34
11.432162 6.9628711 8.7928438 45
11.527022 6.9483795 8.2727633 45
11.582832 6.9395804 7.749732 41
10.812321 7.0010839 9.0565863 34
10.915215 6.9768157 8.5154514 40
10.980002 6.9632015 8.0003729 51
11.023674 6.9643898 7.4923654 50
10.359705 7.0267596 8.799571 33
10.424528 7.0031281 8.2594461 48
10.470265 6.9922185 7.7523794 55
10.479927 6.9899893 7.2473702 51
9.9244833 7.0376759 8.5549793 31
9.9724121 7.0216265 8.025857 47
9.9921875 7.0114579 7.5257888 60
9.9868774 7.0110502 7.0317736 53
9.5085878 7.0474362 8.3252697 29
9.5403824 7.0343733 7.8061914 52
9.5523682 7.0315561 7.320889 51
9.5220127 7.0279498 6.8309155 52
9.117898 7.0578914 8.1154079 38
9.1355505 7.0517621 7.6073818 53
9.1135168 7.0395093 7.1174779 51
9.1223764 7.0771289 6.6757421 49
8.7656975 7.078454 7.9311442 34
8.7544212 7.0659885 7.4201388 51
8.7501802 7.0829921 6.965301 54
8.689888 7.0818844 6.4954357 60
7.532414 6.3465638 6.9420271 10
7.5268984 6.3550682 6.5101156 42
7.4765587 6.3431878 6.0811749 55
7.4032063 6.3340836 5.6612673 62
7.2311029 6.3535895 6.7835708 41
7.2105956 6.3629427 6.3596754 54
7.143301 6.3469114 5.9337349 55
7.0828009 6.3598166 5.5418911 59
7.0014105 6.4178886 6.694293 39
7.0345125 6.4881358 6.3308697 52
7.0354018 6.5473747 5.9755535 57
7.0540233 6.6456556 5.6523671 56
7.0042548 6.6958489 6.8290749 40
7.0478468 6.7944207 6.4828753 47
7.0616288 6.8817387 6.138577 52
7.0794587 6.9999852 5.8170347 58
7.0253081 7.0030727 6.9891305 40
7.0572066 7.110558 6.6345396 60
7.0085669 7.1546102 6.2417436 60
6.8942561 7.1562304 5.8178377 63
6.9019389 7.1768255 7.015924 46
6.8007112 7.1647215 6.5469575 54
6.7063775 7.1695018 6.1250491 53
6.5523324 7.1378508 5.6850481 59
6.6247873 7.1859727 6.8861895 44
6.5235252 7.1817846 6.4332604 55
6.4103532 7.179266 6.0143824 57
6.2345672 7.1273384 5.5673661 54
6.3669 7.2027926 6.7706103 43
6.248755 7.1884294 6.3176737 50
6.124536 7.1838942 5.9047699 56
5.9466667 7.1349974 5.4707394 56
6.1109281 7.2098541 6.6539326 50
5.985724 7.2014146 6.2150145 56
5.8614488 7.2048321 5.8171415 59
5.6676617 7.1438398 5.3840623 63
5.8668284 7.2250953 6.549232 56
5.7325988 7.2166061 6.119298 56
5.6013169 7.2179875 5.7303991 64
5.398571 7.1509233 5.3022947 62
5.6177964 7.2224607 6.4364123 51
5.4854751 7.2269082 6.0275254 60
5.3293529 7.2081184 5.6295686 62
5.142437 7.1640821 5.2295399 62
5.3905931 7.2429056 6.3506641 52
5.2433391 7.2392278 5.9427571 62
5.0604715 7.188273 5.5296984 61
4.8922963 7.1792507 5.1647921 62
5.1624932 7.2513447 6.2568846 54
5.0171704 7.2585883 5.8690267 62
4.8164473 7.1904845 5.4519253 59
4.6452827 7.1813946 5.0970249 61
4.9433842 7.2637682 6.1741366 54
4.7890987 7.2669268 5.7902699 61
4.585392 7.1977649 5.3831663 58
4.4082255 7.1895933 5.0372734 61
4.7283244 7.2702365 6.0893626 55
4.5680318 7.2753038 5.7175078 60
4.3623233 7.2070937 5.3194084 59
4.1811261 7.2028618 4.9855261 59
4.5113039 7.2697239 6.004549 59
4.3529177 7.2867589 5.6507301 58
4.1392541 7.2124786 5.258606 58
3.9649398 7.224227 4.9457784 57
4.3160758 7.2943406 5.9437985 60
4.123075 7.2621908 5.5628185 59
3.9222114 7.2149053 5.2007861 58
3.7635703 7.2696443 4.9251099 56
4.116951 7.3059478 5.8770013 58
3.9041564 7.2476773 5.4849353 58
3.7130859 7.2283549 5.1540017 72
3.5602965 7.3030605 4.9003963 58
3.9158826 7.3105435 5.8091774 59
3.6981044 7.2511988 5.4261107 58
3.5089941 7.2378445 5.1081982 73
3.3629637 7.344492 4.8847084 79
3.7271938 7.325572 5.7522912 59
3.4985867 7.2501698 5.3691421 55
3.3094313 7.2477775 5.0682511 76
3.1583774 7.3613572 4.8567829 80
3.5351238 7.3322153 5.693449 58
3.3075004 7.259779 5.3213105 54
3.1153429 7.2583241 5.0304236 76
2.9582717 7.3748155 4.8289714 80
3.346133 7.3289061 5.6285658 58
3.1204004 7.2713985 5.2794833 54
2.9202724 7.2668548 4.9945889 77
2.7542779 7.3742628 4.7961068 74
3.1541998 7.318572 5.5636587 58
2.9333427 7.2780194 5.236639 75
2.732167 7.2804098 4.966773 75
2.5621006 7.3977304 4.7823324 77
2.9682615 7.3092737 5.5017548 56
2.7492802 7.285645 5.1987982 70
2.5480323 7.2979784 4.9439712 76
2.3660266 7.408185 4.7635093 78
2.7813416 7.2979565 5.442842 56
2.5662272 7.2922726 5.1629529 73
2.3590169 7.3005338 4.9141126 76
2.1700103 7.4116426 4.7446589 78
2.6052995 7.3026714 5.3989844 56
2.3891447 7.3029299 5.1321182 74
2.1778867 7.3181009 4.8983068 74
1.9828932 7.428134 4.7358527 77
2.4322743 7.3054128 5.3551168 56
2.2121031 7.3085871 5.1012645 76
1.9958752 7.3206906 4.874444 75
1.5971162 6.634912 4.2230339 79
2.2651815 7.3171673 5.3192816 55
2.0409868 7.3242588 5.0784464 76
1.6403623 6.6196027 4.391963 27
1.4311287 6.6355906 4.2101521 83
2.0941703 7.3188968 5.2814097 55
1.8689276 7.3329244 5.0556016 78
1.4822154 6.6403098 4.3881536 89
1.2682165 6.6473165 4.2091923 81
1.9276707 7.3228598 5.2471499 76
1.5329643 6.6373196 4.5566726 74
1.3237865 6.6453233 4.3758307 85
1.107415 6.6762009 4.2200732 42
1.5900824 6.6282339 4.7225986 70
1.3788084 6.6452508 4.5407848 77
1.1626607 6.6472039 4.3649154 89
1.0571692 7.4671035 4.7100921 79
1.4428357 6.6442556 4.7057314 82
1.2236537 6.6502013 4.5248771 74
1.1170151 7.3602953 4.8156314 43
0.87695426 7.4797597 4.717217 78
1.2927252 6.6462493 4.6808157 88
1.0820413 6.7220092 4.5562282 38
0.94670999 7.3968906 4.8308716 72
0.6959542 7.4822769 4.7193441 79
1.1447686 6.6421332 4.6538997 79
1.0229924 7.3749413 4.9767561 78
0.77578509 7.3895307 4.817956 74
0.51787305 7.495759 4.7325106 90
1.107394 7.3371105 5.1075735 48
0.85795361 7.3816147 4.9668889 76
0.60369968 7.4030838 4.8251185 76
0.3388395 7.5032406 4.7436543 89
0.95007998 7.3787832 5.1148348 77
0.69096243 7.3822808 4.954999 74
0.43171507 7.4036713 4.8232312 80
0.15783203 7.5076952 4.7577858 88
0.78905326 7.3835158 5.0979571 74
0.52582628 7.4019017 4.9591799 73
0.26063207 7.4172177 4.8343916 76
-0.021091335 7.5082049 4.7698793 74
0.63004762 7.399282 5.0910749 70
0.35794324 7.4095964 4.9602504 75
0.08786092 7.4178877 4.8404169 78
-0.20059791 7.4758563 4.7677832 70
0.46718845 7.4100771 5.0841317 72
0.19218114 7.408371 4.9542637 75
-0.082955085 7.4245596 4.8524647 76
-0.37712184 7.4455366 4.7666945 72
0.30541417 7.4099116 5.0711474 73
0.027275445 7.4260983 4.9643497 76
-0.25480872 7.4362159 4.8685327 75
-0.55490601 7.4491224 4.7907362 82
0.14655729 7.4207425 5.067203 70
-0.13652177 7.4298739 4.966383 77
-0.42456022 7.4349165 4.8795514 77
-0.73477978 7.4646635 4.8248258 76
-0.015306039 7.4325495 5.0652661 72
-0.30434549 7.4385996 4.9764352 77
-0.59844524 7.4615593 4.9116468 77
-0.91441226 7.4683242 4.8538117 72
-0.1748201 7.4275327 5.0551739 75
-0.4719272 7.4514775 4.9903927 77
-0.77298087 7.4693656 4.9345922 78
-1.0948873 7.4690728 4.8847375 72
-0.34038448 7.4452648 5.0658841 76
-0.64157784 7.4600887 5.0051112 78
-0.9486686 7.462832 4.9522934 75
-1.2808251 7.4752793 4.9235263 73
-0.50452578 7.4480658 5.0669498 72
-0.81171143 7.4627914 5.0181761 74
-1.1268789 7.4763894 4.9854012 77
-1.4669888 7.4837303 4.9666152 75
-0.66972882 7.4588332 5.0740428 73
-0.98492414 7.479394 5.0433035 76
-1.303955 7.4809093 5.0144973 76
-1.6540741 7.4950647 5.0137572 72
-0.83475322 7.4644647 5.0811682 75
-1.1558633 7.4759412 5.0574007 77
-1.4850047 7.4922919 5.049655 76
-1.8421237 7.507328 5.0649214 70
-1.0028183 7.4760261 5.0953188 76
-1.3279142 7.4864283 5.0825477 74
-1.6670548 7.5036421 5.0898108 75
-2.0372036 7.5235043 5.1231017 55
-1.1708362 7.481595 5.1074443 54
-1.5049468 7.494864 5.1106896 72
-1.8500723 7.5109844 5.1299515 72
-2.2301965 7.5287127 5.1772389 55
-1.3418994 7.4931173 5.1255946 55
-1.6829717 7.5022926 5.1388273 72
-2.03811 7.5212598 5.1771049 72
-2.4333415 7.5537715 5.2494569 55
-1.5159322 7.5076303 5.1497383 72
-1.8639271 7.5147438 5.1759467 72
-2.2279577 7.5276523 5.2231879 67
-2.65254 7.6137772 5.3497419 58
-1.6896783 7.5063009 5.165761 55
-2.0477338 7.5222673 5.2120104 71
-2.428993 7.5659113 5.2953787 54
-2.8644545 7.6379299 5.4298868 59
-1.8695847 7.5258737 5.1968675 56
-2.2335689 7.5337648 5.2530904 70
-2.6472754 7.63694 5.3947043 56
-3.0783267 7.6570783 5.5100141 61
-2.0483649 7.5294876 5.2219133 55
-2.4346993 7.5840402 5.3233275 55
-2.8501174 7.6512408 5.4578071 57
-3.2941179 7.6662273 5.589107 60
-2.2312126 7.5420513 5.2539973 56
-2.6418393 7.6362562 5.3995757 76
-3.0518909 7.6575804 5.5168781 59
-3.5138731 7.6813998 5.675199 61
-2.4240901 7.5785828 5.3071241 57
-2.8363955 7.6418724 5.4475641 72
-3.2644424 7.6730399 5.5898943 58
-3.7404175 7.69771 5.7672315 60
-2.6289217 7.6281037 5.3722591 58
-3.0420089 7.6624117 5.5096006 59
-3.4801898 7.6883006 5.6659908 59
-3.9712751 7.7076545 5.862361 62
-2.8280694 7.6513257 5.4224625 60
-3.2492087 7.6744232 5.5688009 59
-3.7023838 7.7041454 5.7471819 60
-4.2104464 7.7222767 5.9665504 64
-3.0292859 7.6684628 5.4726467 61
-3.4593556 7.6834383 5.6309571 59
-3.9295664 7.7189355 5.832365 62
-4.4130569 7.662384 6.0164366 58
-3.235471 7.681551 5.5238156 60
-3.6755316 7.6963768 5.7001271 61
-4.1607008 7.7276759 5.9205246 63
-4.4262552 7.2829008 5.820014 42
-3.440572 7.6836586 5.57094 62
-3.8997061 7.7092299 5.7732987 61
-4.3745427 7.6976466 5.9825263 64
-4.4689999 6.9769754 5.6798806 49
-3.6567929 7.701622 5.6321268 62
-4.1247859 7.7171125 5.848443 62
-4.4161267 7.3688455 5.8153195 53
-4.6829081 6.9498401 5.7629118 61
-3.8770876 7.712491 5.6953349 63
-4.3470473 7.7088547 5.9155984 65
-4.4358234 7.0261092 5.636096 55
-4.9161325 6.9423304 5.8680549 43
-4.099463 7.7182593 5.7565451 63
-4.4081049 7.412674 5.7675748 47
-4.6115041 6.9463506 5.664938 58
-5.804038 7.8097219 6.7298379 60
-4.3349199 7.7348461 5.8337946 67
-4.4277959 7.0719638 5.5823512 43
-4.8508568 6.9547734 5.7721386 58
-6.1095581 7.8363419 6.8941321 53
-4.4040904 7.4555821 5.6908312 44
-4.5690804 6.9416595 5.5619841 58
-5.7217464 7.8243885 6.6040111 67
-6.4147105 7.8460388 7.0535474 55
-4.418396 7.1060534 5.4937921 47
-4.8151622 6.9641457 5.6675453 59
-6.0097227 7.8373909 6.7396021 58
-6.73667 7.8605938 7.2301793 52
-4.5373278 6.9428983 5.4370832 58
-5.0159287 6.9180498 5.7212586 2
-6.3066344 7.8485465 6.8814855 62
-7.0704575 7.8786063 7.416019 50
-4.7759914 6.9600921 5.5261731 61
-5.9371533 7.8201308 6.5670509 58
-6.6211314 7.8660903 7.0395999 55
-7.3907018 7.8661222 7.5850334 55
-4.9760914 6.9118648 5.5689807 8
-6.2398982 7.8425894 6.706234 57
-6.9419379 7.8761573 7.1987824 59
-7.7617464 7.888382 7.8023162 47
-5.9070997 7.8362589 6.4029956 63
-6.5561414 7.8674116 6.8524952 58
-7.3012609 7.9144473 7.3961086 55
-8.1489277 7.910316 8.0325899 44
-6.1961942 7.8404484 6.5111594 59
-6.8722653 7.877243 6.9966908 60
-7.6301889 7.9001031 7.5572152 58
-8.5530977 7.9310579 8.2758636 45
-6.5084195 7.8623667 6.6413984 51
-7.2104373 7.8938336 7.156919 57
-8.0023422 7.9162631 7.7574544 58
-8.9802523 7.9505363 8.5381403 42
-6.8275971 7.8782067 6.7756133 57
-7.5686584 7.9171963 7.3331785 54
-8.3884764 7.9302626 7.968689 58
-9.4475346 7.9875617 8.833498 44
-7.1647143 7.8949265 6.9208355 55
-7.9388475 7.9364438 7.5174341 58
-8.8157997 7.9607511 8.2140198 51
-9.759861 7.8772264 8.9832325 70
-7.5201931 7.9161549 7.0791268 50
-8.3373508 7.9621129 7.723752 56
-9.2683554 7.9947305 8.4773836 52
-9.7624254 7.5132303 8.8538361 63
-7.8684916 7.9134502 7.2273135 62
-8.7186089 7.9549675 7.9089251 64
-9.7257776 8.0106373 8.7406664 66
-9.9501133 7.3021035 8.8971033 44
-8.2529163 7.9273248 7.4035687 56
-9.1420164 7.9673257 8.1281805 51
-9.7574806 7.6673613 8.6253576 67
-10.373022 7.25526 9.1541023 71
-8.6694403 7.9538274 7.6018763 56
-9.6255188 8.0090342 8.3966885 70
-9.815155 7.3568697 8.5414257 66
-10.455678 6.9624343 9.1153746 64
-9.0994205 7.9733653 7.8096294 49
-9.7593365 7.7498693 8.3592434 70
-10.297943 7.3606458 8.8291645 50
-10.575439 6.7012262 9.1139126 69
-9.5805302 8.012332 8.0555038 66
-9.7815323 7.4089341 8.2364197 66
-10.614676 7.2272902 8.9743042 86
-10.676128 6.4312091 9.1023998 64
-9.7143431 7.7512059 8.010046 62
-10.141644 7.3221626 8.4017563 46
-10.713271 6.9433837 8.9387445 15
-10.738577 6.138886 9.0626802 33
-9.7432871 7.4129901 7.8839273 63
-10.58867 7.2857575 8.6368484 74
-10.728979 6.6143141 8.8402872 2
-10.764511 5.8378868 8.9992819 8
-10.12681 7.3441095 8.0495567 48
-10.67153 6.990262 8.5744534 17
-10.838834 5.5680699 8.9820738 4
-10.56385 7.2970443 8.2533836 54
-10.82649 5.2544775 8.8977652 4
-10.651619 6.9995928 8.1881914 24
-10.859945 4.973104 8.8557739 1
-10.738936 5.7035828 8.1914167 2
-10.693419 6.0041823 7.8645039 5
-10.691892 5.6785822 7.7612729 15
-10.632347 5.3325701 7.6207528 56
-10.783105 4.8060713 7.9688082 1
-10.632792 5.0211673 7.532752 44
-10.794528 4.5113411 7.904942 2
-10.645394 4.7270961 7.4590063 46
-10.722896 4.1941485 7.7861257 3
-10.85908 3.0350378 8.5329847 4
-10.656945 4.4340506 7.3903222 45
-10.70647 3.9053352 7.7144327 7
-9.9833364 2.5486155 7.823029 23
-10.688621 4.1577682 7.3417034 73
-10.698112 3.6254244 7.6517658 30
-9.9602842 2.3097363 7.7844682 51
-10.704177 3.8761413 7.2879071 65
-10.708717 3.357327 7.6078839 48
-9.9798365 2.6253734 7.4106331 5
-9.9772425 2.0844142 7.780551 45
-10.712568 3.5991597 7.232707 78
-10.716267 3.0923121 7.5677576 41
-9.9686852 2.3864012 7.3736362 61
-10.003262 1.8610014 7.7876644 14
-10.718152 3.3247173 7.1805434 74
-9.9587364 2.6253648 6.9954519 3
-9.972826 2.1508963 7.3516512 65
-10.80629 1.7673749 8.4006577 57
-10.737106 3.0547013 7.1434188 70
-9.9490604 2.3798013 6.9531798 70
-9.9626408 1.9147462 7.3219247 41
-10.82014 1.5279725 8.4038982 53
-9.9151087 2.5690136 6.5553293 25
-9.956584 2.1412852 6.9277511 64
-10.815713 1.8298066 7.9280047 60
-10.851245 1.2886546 8.4250002 13
-9.9231787 2.3230748 6.5233979 77
-9.956708 1.9023852 6.9018416 41
-10.819762 1.581821 7.9170613 62
-9.9492874 2.0829351 6.5074964 73
-10.798735 1.8087139 7.4598804 73
-10.8108 1.3319597 7.9001036 38
-10.068521 1.8618269 6.5557103 5
-10.807742 1.5536973 7.4468923 68
-10.793434 1.7354981 6.9984169 72
-10.822877 1.3025966 7.4417696 69
-10.802436 1.4765118 6.9813681 78
-10.837917 1.0525154 7.4398003 67
-10.805389 1.216579 6.9663796 70
-10.853943 0.80240965 7.4438534 69
-10.823361 0.9594869 6.9624081 80
-10.858956 0.55040151 7.4448953 66
-10.837328 0.70140874 6.9634309 74
-10.874983 0.3002696 7.4559488 59
-10.84931 0.44533843 6.9664602 73
-10.888 0.049143035 7.4719968 59
-10.861285 0.18826103 6.9714861 72
-10.900036 -0.19997983 7.4890523 60
-10.873253 -0.069839008 6.9825077 69
-10.928037 -0.45327947 7.5200982 62
-10.903214 -0.32814303 7.0105357 70
-10.938041 -0.70641983 7.5461369 66
-10.923164 -0.58835709 7.035553 62
-10.945048 -0.95953673 7.572175 64
-10.930095 -0.85145473 7.0565534 68
-10.963013 -1.2177912 7.6121974 64
-10.935035 -1.1135482 7.0805559 71
-10.961983 -1.4758607 7.6422129 63
-11.209579 -2.350343 9.1250534 8
-10.958649 -1.3779553 7.1216922 69
-10.974754 -1.7341965 7.6863623 47
-11.189736 -2.5943925 9.1672153 27
-10.973582 -1.6471874 7.1626682 78
-10.944814 -1.9880047 7.70538 42
-11.080033 -2.8194137 9.1383123 59
-10.989516 -1.9164342 7.2056451 78
-10.97475 -2.2564371 7.7693648 22
-11.072116 -3.0695465 9.1993504 54
-11.008395 -2.1927459 7.2595978 77
-10.993677 -2.5257859 7.8323507 5
-11.044196 -3.3184972 9.2494116 77
-11.011272 -2.4679222 7.3065763 73
-11.088397 -2.8189454 7.9552937 61
-11.084426 -3.1823609 8.605937 78
-10.564489 -3.4215972 8.9208632 31
-11.0221 -2.7492037 7.3655338 81
-11.067315 -3.0889359 8.0012836 78
-10.919781 -3.3988636 8.5460758 42
-10.330224 -3.5903478 8.8011551 52
-11.053856 -3.0397081 7.4414649 77
-11.062192 -3.364104 8.0622587 75
-10.344308 -3.4730518 8.1676016 57
-10.337283 -3.8407042 8.8872271 54
-11.067608 -3.3310611 7.5133862 79
-10.413783 -3.4306388 7.6567864 48
-10.311403 -3.7199697 8.2176714 71
-10.275547 -4.0663323 8.9183683 10
-10.50088 -3.4365358 7.1927977 34
-10.289067 -3.6555901 7.6349072 70
-10.331331 -3.9874616 8.3136845 66
-10.971199 -4.6112123 9.6165819 49
-10.273377 -3.635464 7.1059794 76
-10.300954 -3.9289796 7.7198944 73
-11.192396 -4.6069093 9.0956774 75
-10.973044 -4.8895955 9.7205458 56
-10.290174 -3.9208906 7.1909232 76
-11.154003 -4.5531659 8.4488668 78
-11.179181 -4.8941216 9.1846046 61
-11.021693 -5.1925101 9.8714361 48
-11.139175 -4.5538535 7.8688602 78
-11.109192 -5.1605148 9.2326899 69
-11.16503 -5.5518956 10.116405 57
-11.074037 -5.4445171 9.3133507 61
-11.24194 -5.8876734 10.309123 56
-11.023709 -5.7280035 9.3922873 70
-11.285515 -6.21804 10.478603 46
-11.040167 -6.0506811 9.5301037 68
-11.298987 -6.537735 10.62643 58
-11.359816 -6.248755 9.1635256 29
-11.069499 -6.3885317 9.68787 72
-11.308043 -6.8656869 10.78141 51
-11.257992 -6.5381045 9.2173796 73
-11.099449 -6.7370596 9.854393 62
-11.315958 -7.1972251 10.941532 28
-11.154988 -6.8246994 9.2734928 72
-11.23585 -7.1613431 10.128115 62
-11.31847 -7.5350614 11.107296 8
-11.098952 -7.1467924 9.3794022 70
-11.34809 -7.5923152 10.39401 71
-11.106017 -7.5204401 9.54743 65
-11.376065 -7.9791231 10.591067 59
-11.41068 -7.8714256 9.2235384 44
-11.143124 -7.9275928 9.7487488 55
-11.3973 -8.3751936 10.792294 57
-11.240685 -8.1615629 9.2639446 59
-11.227631 -8.3842363 10.005068 56
-11.408186 -8.7772903 10.994654 15
-11.170105 -8.5244541 9.3894577 54
-11.409756 -8.9363642 10.366272 63
-11.200783 -8.9821272 9.6190701 45
-11.399629 -9.3592005 10.56845 91
-11.165792 -9.4104643 9.7956686 63
-10.91371 -9.3975592 10.331635 56
-9.9504957 -8.7686138 10.164655 2
-10.631214 -9.4067793 9.5478907 57
-10.623796 -9.584116 10.283431 9
-9.7058325 -8.9372787 10.124683 2
-10.653901 -9.8935823 9.8041143 33
-10.354064 -9.784194 10.258696 2
-10.557042 -10.289801 9.9681196 7
-9.9155722 -9.8113136 10.063586 8
-10.107699 -10.336821 9.7997227 3
-9.7711134 -10.12366 10.169352 2
-9.6476622 -10.144008 10.77922 3
-9.6164341 -10.257664 11.552787 3
-9.6569366 -10.363143 9.6266136 3
-9.5969162 -10.546248 10.990562 2
-11.42507 -12.712658 14.049593 10
-9.6125793 -10.821712 9.8643208 3
-9.6177864 -11.040991 11.299183 6
-11.252708 -13.054462 14.173776 4
-9.6206913 -11.454293 10.876295 4
-9.6510906 -11.588535 11.654732 3
-11.102115 -13.436759 14.33309 6
-9.700449 -12.104563 11.299237 2
-11.376887 -14.29196 14.128555 7
-10.872757 -13.736217 14.410357 16
-9.6338081 -12.610254 11.581194 3
-11.22072 -14.748824 14.346458 4
-10.596341 -13.974508 14.425865 21
-9.4673538 -12.985228 11.075738 16
-11.378422 -15.630224 14.131372 10
-10.944298 -15.066293 14.429984 11
-10.381776 -14.29871 14.533265 9
-11.050199 -15.947799 13.403543 12
-10.890421 -15.70485 13.995817 14
-10.623101 -15.314363 14.454187 13
-10.047372 -14.460087 14.483027 12
-10.366635 -15.705029 13.810013 8
-10.245879 -15.48746 14.418488 5
-9.7587147 -14.687141 14.502041 12
-9.9100723 -15.794393 13.713401 5
-9.9207649 -15.738812 14.463175 13
-9.4854383 -14.945534 14.559147 17
-10.533658 -17.822586 14.435133 9
-10.074391 -16.910637 14.506701 9
-9.4577847 -15.753428 14.299315 11
-9.1394033 -15.082577 14.505713 10
-10.144855 -18.133196 14.535026 10
-9.6533031 -17.076965 14.488959 10
-9.0254192 -15.804914 14.178423 10
-8.8816452 -15.36434 14.596322 12
-9.6867018 -18.335045 14.554079 12
-9.2591896 -17.292513 14.516587 5
-8.5866928 -15.83611 14.048057 9
-8.5880404 -15.596951 14.637937 13
-9.2421398 -18.554327 14.595128 9
-8.8850851 -17.549307 14.587788 10
-8.136816 -15.816508 13.881894 9
-8.2608557 -15.769507 14.633193 11
-8.7786951 -18.734102 14.615563 11
-8.4934311 -17.775064 14.640496 9
-7.7417889 -15.898712 13.817602 6
-7.8808389 -15.837823 14.537965 8
-8.3091602 -18.898138 14.629932 8
-8.0809793 -17.964666 14.670443 10
-7.354588 -15.982661 13.758042 4
-7.4742522 -15.842336 14.390668 10
-7.8489189 -19.082298 14.673991 7
-7.6714849 -18.154211 14.708551 10
-7.4749713 -17.238808 14.706165 11
-7.0917726 -15.885838 14.285965 8
-7.3936238 -19.271484 14.72576 9
-7.2542229 -18.332415 14.745694 7
-7.1165204 -17.44911 14.760695 9
-6.696774 -15.882411 14.148163 8
-6.9409456 -19.479315 14.802369 10
-6.8189077 -18.457903 14.745744 6
-6.7318158 -17.602118 14.7756 10
-6.3113003 -15.883929 14.022402 11
-5.9579639 -15.947995 13.957402 5
-5.6059361 -16.049381 13.917425 4
-5.5036941 -19.849253 14.88026 8
-5.5718212 -19.027462 14.934327 8
-5.592329 -18.124327 14.885648 8
-5.6394291 -17.302937 14.88416 7
-5.1222801 -19.094795 14.923369 9
-5.1989894 -18.264858 14.918036 7
-5.2888494 -17.462259 14.916119 8
-4.5565166 -20.118113 15.005857 8
-4.6796937 -19.184345 14.942291 7
-4.8190913 -18.442781 14.986417 7
-4.9242039 -17.564463 14.904483 5
-4.0699143 -20.17654 15.032316 9
-4.2431626 -19.29199 14.980112 10
-4.4008188 -18.488436 14.95857 7
-4.5794673 -17.749094 14.967321 12
-3.5819678 -20.219221 15.05002 7
-3.8077416 -19.419428 15.041144 7
-4.005218 -18.625784 15.002762 8
-4.2194123 -17.901094 15.008431 8
-3.1004095 -20.294306 15.101542 12
-3.3706119 -19.5408 15.10359 6
-3.6082618 -18.764114 15.058264 10
-3.8506067 -18.02239 15.024991 6
-2.6215343 -20.385263 15.174087 8
-2.9248266 -19.614037 15.138012 8
-3.2009773 -18.864546 15.089888 7
-2.1263146 -20.367056 15.17391 9
-2.4794445 -19.685656 15.177981 7
-2.7887487 -18.951609 15.117424 9
-3.1086371 -18.264496 15.079013 8
-1.6458218 -20.445337 15.254144 10
-2.0241976 -19.695797 15.178571 9
-2.379756 -19.05628 15.165669 10
-2.7315049 -18.39068 15.11979 10
-1.1578372 -20.447126 15.288656 8
-1.5777899 -19.761528 15.229477 9
-1.9602621 -19.110069 15.179798 6
-2.3544037 -18.524925 15.170637 9
-0.67353052 -20.4597 15.336712 9
-1.130865 -19.815386 15.279579 8
-1.5453607 -19.174999 15.209844 10
-1.9653854 -18.603941 15.181684 5
-0.1900961 -19.988438 15.031928 3
-0.68099385 -19.851566 15.323832 10
-1.1311563 -19.260494 15.260842 8
-1.5810498 -18.706484 15.218742 8
0.28930202 -20.326921 15.342847 12
-0.19578065 -16.460356 12.728404 5
-0.70860213 -19.318768 15.301078 8
-1.1894571 -18.773865 15.232007 12
0.76484817 -20.246681 15.347502 11
0.22158755 -19.813265 15.350442 5
-0.28729784 -19.367908 15.338836 4
-0.79385573 -18.86512 15.273773 8
1.2349603 -20.132214 15.33495 7
0.66942811 -19.775145 15.360431 9
0.13661435 -19.353258 15.331597 8
-0.39939782 -18.953987 15.320607 9
1.7010008 -20.020544 15.3386 10
1.1117232 -19.696625 15.348825 8
0.55906135 -19.331579 15.330846 10
0.0051179165 -19.030191 15.360365 6
2.1610329 -19.883224 15.323939 10
1.5518417 -19.57139 15.309101 9
0.98096752 -19.30349 15.328974 7
0.40608072 -19.025717 15.339705 7
2.6213276 -19.763636 15.331245 7
1.9925779 -19.515976 15.327234 8
1.4026417 -19.242001 15.308284 6
0.81016654 -19.031166 15.335169 6
2.4257207 -19.403988 15.30731 9
1.824433 -19.220175 15.326138 7
1.2148328 -18.993263 15.305142 8
3.5162089 -19.476501 15.333698 8
2.8579066 -19.293892 15.300596 4
2.2352409 -19.101891 15.271564 10
1.6185516 -18.983154 15.302162 8
3.9465091 -19.260307 15.291003 12
3.2869229 -19.195236 15.308067 7
2.6548746 -19.047642 15.277577 8
2.0257087 -18.989716 15.318636 11
4.3700075 -19.063417 15.268633 8
3.7100897 -19.077057 15.30786 7
3.0725491 -19.002398 15.298341 7
2.4320869 -18.938774 15.295789 6
4.787569 -18.859573 15.246978 13
4.1156282 -18.872179 15.248216 7
3.4847069 -18.904655 15.284382 9
2.8428369 -18.942169 15.322544 7
5.2157459 -18.674728 15.247816 12
4.5387106 -18.741318 15.248566 5
3.9074397 -18.835888 15.296661 9
3.2574992 -18.889696 15.312712 9
5.6277657 -18.493645 15.258314 14
4.9514689 -18.608217 15.259543 12
4.3050647 -18.697725 15.261612 7
3.6547358 -18.797295 15.274652 12
6.0239997 -18.252712 15.227943 8
5.354454 -18.442514 15.247348 11
4.7196159 -18.613012 15.28021 8
4.058332 -18.723534 15.260266 12
6.4308109 -18.06801 15.249963 17
5.7580709 -18.278566 15.246988 10
5.1155543 -18.469173 15.254548 10
4.4647818 -18.652594 15.258533 8
6.8160939 -17.834137 15.238839 12
6.1549535 -18.111704 15.251496 7
5.5168548 -18.346458 15.256865 9
4.8608861 -18.548382 15.23552 12
6.7657757 -16.557514 14.334549 11
6.535418 -17.904749 15.227742 13
5.9134746 -18.209242 15.254985 7
5.2673397 -18.472475 15.241733 12
7.2249632 -16.57288 14.545424 16
6.5166631 -16.690208 14.345372 4
6.308517 -18.065516 15.248196 12
5.6829352 -18.408152 15.263079 12
7.675077 -16.553991 14.732347 12
6.8877234 -16.532373 14.367744 12
6.6924677 -17.896339 15.227773 14
6.0627704 -18.237627 15.204048 6
8.1653814 -16.591476 14.983932 15
7.3490829 -16.579884 14.574351 12
6.6515031 -16.662893 14.307443 4
6.4690094 -18.134829 15.21124 13
8.6363316 -16.577814 15.201894 13
7.8092518 -16.599194 14.771272 11
7.0456982 -16.583179 14.369709 12
6.8618941 -17.998848 15.19656 17
8.9834146 -16.317537 15.206164 13
8.2640848 -16.592146 14.953249 13
7.4634995 -16.542418 14.477522 13
7.2599382 -17.873465 15.195836 13
9.3195124 -16.049358 15.206367 11
8.741313 -16.611242 15.171942 14
7.9320073 -16.600342 14.681306 13
7.2126374 -16.718227 14.325251 5
9.6415443 -15.765222 15.19599 15
9.1048489 -16.401922 15.19133 5
8.3778238 -16.587917 14.831099 13
7.5976191 -16.605835 14.34639 13
9.9491673 -15.466229 15.176766 14
9.4538507 -16.167662 15.19693 12
8.857769 -16.621229 15.033866 11
8.0505104 -16.631104 14.493196 13
10.254782 -15.166035 15.162609 6
9.7847281 -15.907283 15.179645 17
9.3101673 -16.575502 15.177897 14
8.5123672 -16.651344 14.648022 15
10.571932 -14.892434 15.178962 15
10.125453 -15.660107 15.18654 9
9.6754265 -16.363258 15.18054 15
8.9985762 -16.680918 14.82179 14
10.864531 -14.587108 15.171878 16
10.432073 -15.373114 15.156623 15
10.029512 -16.141018 15.176405 10
9.4681931 -16.670336 14.967976 14
11.184351 -14.326219 15.210877 6
10.761941 -15.120075 15.167589 13
10.37854 -15.910811 15.173285 10
9.9588938 -16.668676 15.138096 12
11.084798 -14.866081 15.179554 12
10.729588 -15.683609 15.179146 13
10.349334 -16.496246 15.157763 13
11.092754 -15.472388 15.208941 8
10.728543 -16.291842 15.16252 20
11.805043 -13.179728 14.958153 20
11.111543 -16.093481 15.17745 7
11.889523 -12.685991 14.751315 35
11.805202 -13.8085 14.946894 25
11.765864 -12.004643 14.312354 33
11.85046 -13.255456 14.656403 41
11.80006 -14.351442 14.850046 23
11.195722 -10.9269 13.366019 20
11.704097 -12.520929 14.155777 26
11.669384 -13.574689 14.311542 25
11.79348 -14.875005 14.671445 35
11.253332 -10.504412 13.197158 40
11.720859 -11.997299 13.875345 47
11.698867 -13.014764 13.994267 32
11.625805 -14.024417 14.062244 47
11.683321 -10.427053 13.467106 35
11.184697 -10.958874 12.977784 23
11.718456 -12.476401 13.688862 40
11.674268 -13.466806 13.738885 50
11.991202 -10.232217 13.599527 84
11.257759 -10.554841 12.811029 37
11.903666 -12.126959 13.591934 84
11.875819 -13.099977 13.611781 67
12.048545 -9.8300123 13.458472 52
11.649079 -10.448041 13.010641 35
11.209964 -10.9345 12.530435 26
11.947497 -12.610231 13.355865 48
12.070217 -9.408145 13.287699 55
12.021092 -10.312211 13.188974 76
11.268888 -10.515584 12.33782 48
11.979702 -12.093215 13.072577 47
12.103106 -9.0106049 13.145195 55
12.045142 -9.877141 12.993325 57
11.739924 -10.473104 12.59304 42
11.234043 -10.849627 11.981212 55
12.125778 -8.6167393 12.99748 56
12.083353 -9.4685335 12.826905 68
12.050681 -10.281333 12.679443 73
11.365579 -10.49539 11.853225 47
12.137096 -8.2292318 12.851657 53
12.105565 -9.065856 12.655107 67
12.07872 -9.8535118 12.479705 61
11.895867 -10.505709 12.141815 71
12.169639 -7.8666306 12.738698 55
12.116803 -8.6632195 12.484284 71
12.104862 -9.4377213 12.290914 51
12.088843 -10.202223 12.088577 59
12.184162 -7.5021162 12.614754 67
12.147248 -8.2885494 12.344362 81
12.123043 -9.0279961 12.106109 79
12.101783 -9.7594194 11.866879 68
12.206789 -7.1516094 12.510759 53
12.171726 -7.9189272 12.206428 77
12.153372 -8.6382647 11.945232 82
12.12991 -9.3426046 11.674087 70
12.226472 -6.8091321 12.409742 60
12.197272 -7.5583348 12.080463 83
12.170712 -8.2506075 11.780356 75
12.154088 -8.9328365 11.487276 72
12.243185 -6.4706941 12.314713 56
12.215867 -7.2048025 11.95848 82
12.192148 -7.875977 11.632438 87
12.175344 -8.5341215 11.31143 80
12.279047 -6.1522141 12.247609 48
12.234502 -6.8572817 11.840477 80
12.220693 -7.516345 11.499465 78
12.207728 -8.1544037 11.156529 68
12.289748 -5.8279061 12.162642 60
12.259034 -6.5238886 11.740622 72
12.252998 -7.1658883 11.378751 85
12.214686 -7.7690201 10.990017 77
11.582652 -5.1904016 11.383344 6
12.289446 -6.1975985 11.654918 90
12.280278 -6.8225269 11.2631 86
12.078055 -7.3032298 10.705835 77
11.556199 -4.8814249 11.279605 61
12.29985 -5.8694019 11.556234 88
12.290541 -6.4742603 11.141477 80
12.067181 -6.9309716 10.546254 79
11.575065 -4.5962729 11.229652 55
11.61306 -5.2348037 10.818686 4
12.300145 -6.1349301 11.026552 86
12.095802 -6.5894942 10.42829 78
11.719553 -4.3636031 11.303275 9
11.600933 -4.9256463 10.719635 69
12.230558 -5.7649198 10.848723 89
12.121452 -6.2500606 10.317317 84
12.360446 -4.3001122 11.854092 62
11.619972 -4.6373873 10.654497 68
11.620193 -5.1650658 10.207899 11
12.132084 -5.9117761 10.200418 73
12.372416 -4.008122 11.81014 55
11.684097 -4.3701897 10.63652 5
11.632027 -4.8640771 10.124132 77
12.159745 -5.5876641 10.105718 78
12.39421 -3.7242231 11.7785 60
12.389468 -4.3272481 11.201939 81
11.624163 -4.5617781 10.02954 75
11.627491 -5.0292535 9.5622015 72
12.414562 -3.443893 11.749599 57
12.418051 -4.0350757 11.154756 84
12.18344 -4.4693584 10.420537 71
11.639531 -4.7229743 9.4740582 75
12.41379 -3.1588502 11.709394 58
12.431213 -3.7419086 11.103566 81
12.23162 -4.178998 10.380319 80
11.786 -4.4721818 9.4996634 31
12.434791 -2.8804612 11.692615 63
12.434158 -3.4445076 11.048878 73
12.26565 -3.8844564 10.334627 63
12.450819 -4.3950205 9.9389353 76
12.443968 -2.6052949 11.66939 56
12.430208 -3.1533356 10.99471 80
12.247592 -3.5802913 10.25151 77
12.463707 -4.0816803 9.8658247 72
12.457157 -2.3311327 11.656158 67
12.416266 -2.8642151 10.935541 78
12.28268 -3.292928 10.219306 77
12.623996 -3.8167262 9.9134712 12
12.480397 -2.0629461 11.656899 59
12.422388 -2.5820322 10.899338 80
12.307704 -3.0076745 10.184196 77
12.6939 -3.5232821 9.8964586 2
12.47836 -1.7920305 11.638958 67
12.419189 -2.2991173 10.862531 81
12.321488 -2.7206357 10.144386 66
12.485285 -1.5251477 11.634098 57
12.442078 -2.0251148 10.85368 86
12.353333 -2.4385443 10.126554 76
12.50724 -1.2602297 11.650224 65
12.428959 -1.7472572 10.816831 77
12.367267 -2.1555092 10.098615 69
12.690977 -2.5952396 9.7180824 5
12.524476 -0.99524015 11.662047 59
12.413124 -1.4693376 10.783661 82
12.378404 -1.8734397 10.073444 58
12.538772 -0.73026586 11.677814 55
12.441375 -1.1992515 10.791437 79
12.379535 -1.5894312 10.04628 71
12.553089 -0.46730644 11.698568 51
12.459602 -0.9282831 10.796306 81
12.408686 -1.3114444 10.045272 68
12.561298 -0.20468175 11.716757 53
12.467746 -0.6566143 10.799535 76
12.414776 -1.0317225 10.030522 74
12.573863 0.057422761 11.74327 58
12.484295 -0.38745639 10.811972 79
12.425239 -0.75544792 10.025851 75
12.583359 0.32118833 11.770035 58
12.522677 -0.11739867 10.848698 68
12.433519 -0.47446582 10.02463 74
12.603802 0.58410764 11.813749 57
12.533031 0.15553974 10.865449 75
12.441815 -0.19450255 10.029404 71
12.080158 0.81307846 11.35369 11
12.572406 0.42856959 10.913185 84
12.472098 0.084536858 10.054203 68
11.837543 1.0450399 11.156587 55
12.550608 0.70233703 10.913117 76
12.458262 0.36437017 10.050149 74
11.857933 1.2949157 11.21042 51
11.921819 0.92581755 10.391259 71
12.496442 0.6463961 10.092072 72
12.734833 0.37861159 9.53512 61
11.832321 1.5416192 11.224269 17
11.891136 1.1825334 10.391143 80
11.956595 0.89012784 9.676218 66
12.711906 0.67339897 9.5271215 80
12.680348 1.922349 12.072021 52
11.884454 1.4423255 10.416023 71
11.929848 1.1578702 9.6761341 60
11.943021 0.91110992 8.9683809 67
12.665615 2.1900454 12.108937 59
12.683423 1.822078 11.152808 77
11.934098 1.4297149 9.7070456 77
11.972475 1.1958765 9.0099926 66
12.683261 2.4636321 12.178497 59
12.711916 2.1077907 11.218423 79
12.49131 1.782584 10.189611 80
11.926517 1.4736732 9.0000515 37
12.70425 2.7437584 12.261559 56
12.721029 2.3939946 11.275382 79
12.50556 2.0758891 10.240445 77
12.779552 1.8844768 9.6716061 47
12.707949 3.0209665 12.330068 60
12.716628 2.68119 11.32693 76
12.534092 2.3712263 10.309006 82
12.963993 2.2224619 9.8480511 10
12.717196 3.3011308 12.407075 50
12.742719 2.9750292 11.408954 63
12.533042 2.6657033 10.356107 75
12.934622 2.5306182 9.8704185 26
12.717717 3.5856366 12.489306 52
12.757591 3.2727623 11.490418 71
12.55645 2.9702375 10.436234 77
12.878033 2.8359954 9.8806086 40
12.738919 3.8757658 12.589882 44
12.769327 3.5710688 11.570902 74
12.580639 3.2770658 10.518086 68
12.83018 3.1425459 9.9014988 41
12.758221 4.1704912 12.693696 45
12.777556 3.8737824 11.655746 78
12.625768 3.5959549 10.62396 66
12.752357 3.4439511 9.9073925 57
12.778496 4.4701996 12.805527 44
12.807722 4.1895552 11.767621 62
12.721783 3.9350135 10.77989 58
12.713439 3.7554984 9.9463606 55
12.787664 4.7698388 12.912472 40
12.80579 4.4971752 11.856639 69
12.804626 4.2819762 10.934994 68
12.670435 4.068996 9.9904366 55
12.809705 5.0824852 13.041509 35
12.823771 4.8188381 11.972705 67
12.847498 4.6227608 11.064104 77
12.646383 4.3925443 10.057532 62
12.834715 5.4011292 13.177565 40
12.842725 5.1454878 12.09479 53
12.8544 4.9563913 11.168217 65
12.66224 4.7342319 10.162662 61
12.821779 5.7086248 13.282609 41
12.846659 5.4750605 12.210891 60
12.866263 5.2980127 11.285351 61
12.686027 5.0889235 10.282829 57
12.809824 6.0201044 13.394667 47
12.873522 5.8186913 12.355024 51
12.888061 5.6516509 11.417519 64
12.70803 5.446454 10.406803 54
12.715515 6.2980833 13.425326 23
12.893803 6.1650891 12.496824 57
12.902152 6.0090876 11.5524 63
12.750655 5.8262129 10.559985 56
12.112761 6.3109837 12.923945 27
12.446608 6.2874503 12.199577 12
12.706408 6.2723451 11.506275 17
12.800394 6.2184348 10.72795 49
12.082301 6.6138678 13.028518 30
12.111836 6.4512815 12.008901 44
12.139112 6.3402448 11.129444 45
12.161175 6.2679338 10.327111 45
12.088137 6.9447985 13.182801 43
12.112737 6.7929349 12.154097 45
12.156857 6.7045994 11.287731 60
12.190721 6.6521297 10.489565 59
11.652055 7.0152936 12.860084 16
11.857736 6.9909616 12.048885 13
12.010354 6.9830947 11.302773 20
12.001266 6.9194536 10.475602 32
11.163921 7.0368495 12.473578 15
11.339555 7.0212855 11.679427 17
11.429314 6.9951172 10.91121 22
11.38528 6.9292574 10.092963 26
10.699988 7.0525928 12.107771 14
10.829683 7.0317774 11.308542 16
10.808689 6.9561157 10.475254 18
10.928034 7.0067215 9.8422527 43
10.260114 7.0684519 11.769875 25
10.370742 7.0574598 10.98969 15
10.308805 6.9685678 10.150392 32
10.415182 7.0307221 9.5415821 29
9.8504066 7.0869083 11.459225 20
9.8523741 7.0222754 10.604052 22
9.8802547 7.0102558 9.8889189 41
9.9226408 7.0463843 9.255003 32
9.4558096 7.101377 11.163553 25
9.3798599 6.9966254 10.260286 27
9.4910831 7.0640574 9.6674185 26
9.4616632 7.0628781 8.994442 31
9.0772943 7.111774 10.878974 21
8.9962149 7.0170312 10.006739 24
9.0753927 7.0803733 9.4158792 27
9.0309076 7.0791855 8.7549133 29
8.6364002 7.0591445 10.519176 24
8.6817532 7.080605 9.8262119 37
8.681181 7.0956388 9.1802626 27
8.6246881 7.0983157 8.5393171 28
8.2902393 7.0637598 10.265487 19
7.484138 6.3810077 8.6369505 9
7.4218373 6.3545856 8.0149212 39
7.3594179 6.3549752 7.4519777 31
7.1785393 6.3757486 9.0512047 35
7.1570821 6.3736157 8.4172201 36
7.1026883 6.3671265 7.8322473 34
7.0302792 6.3674183 7.2833099 36
6.9222775 6.4076371 8.8855362 33
6.9455366 6.4615355 8.3326912 36
6.9707022 6.5402098 7.8539228 42
6.9907546 6.642725 7.4152355 37
6.9284101 6.6911216 9.0638456 33
6.9566669 6.7680359 8.5230017 44
6.9778428 6.8626957 8.0492153 43
7.0090466 6.9932537 7.6243682 40
6.9434152 6.9897718 9.2602377 33
6.9616489 7.0743513 8.7144346 44
6.9846697 7.1888509 8.2457924 57
6.8584161 7.1767626 7.6588678 43
6.8525329 7.1875238 9.3229408 38
6.7721496 7.1889315 8.6710243 48
6.6847525 7.200078 8.0911436 43
6.5425487 7.179894 7.507205 42
6.5726891 7.1839862 9.1312323 43
6.5101547 7.2193575 8.5353508 44
6.3929119 7.2093716 7.9443545 50
6.2685843 7.2171912 7.40242 46
6.3149033 7.1965623 8.9702854 36
6.2384009 7.2268329 8.3813877 41
6.1151271 7.2217574 7.8094144 51
5.9877825 7.2325101 7.2854948 52
6.0780678 7.2202148 8.8333559 48
5.9766378 7.2363496 8.2394342 45
5.8484302 7.2340398 7.684587 53
5.7171469 7.250566 7.1808014 51
5.833581 7.2263885 8.6827002 43
5.7312756 7.2552414 8.1178617 48
5.5970082 7.2529883 7.5759659 53
5.4506626 7.260582 7.0741167 60
5.5970159 7.2337775 8.5419436 43
5.4785509 7.2537308 7.9811115 51
5.3412023 7.2594442 7.4612503 54
5.1882005 7.2626271 6.9704823 56
5.3725095 7.2480416 8.4153261 44
5.2390199 7.2609777 7.8614755 52
5.1005793 7.2727079 7.3626251 53
4.9342465 7.2682295 6.8767457 57
5.1682911 7.2830429 8.319622 40
5.013906 7.2778735 7.7597299 50
4.8535914 7.2675042 7.2508259 53
4.7020993 7.2949781 6.8090367 54
4.9422665 7.2820201 8.1888218 46
4.7868581 7.2837696 7.6509566 51
4.6235328 7.2783122 7.1630754 54
4.4680471 7.3067169 6.7342963 62
4.7341805 7.2950168 8.0800657 46
4.5767326 7.3066745 7.5682335 53
4.4113669 7.3101482 7.0993824 55
4.2350192 7.3134704 6.6615334 59
4.5310721 7.3100462 7.980299 50
4.36166 7.315619 7.4774513 51
4.1893239 7.3140397 7.016583 56
4.0149155 7.3302989 6.6027732 62
4.3289604 7.3231058 7.8825126 47
4.1436667 7.3085985 7.3746128 51
3.9772253 7.3289423 6.94981 61
3.7918928 7.3331304 6.5379701 60
4.1308742 7.3321881 7.7857099 52
3.9485075 7.3336048 7.3078589 50
3.7701433 7.3418641 6.8870268 62
3.576848 7.3409762 6.4841766 58
3.9348192 7.3362813 7.6898899 49
3.7484286 7.3446016 7.2350636 53
3.5601332 7.3417959 6.8162031 59
3.3687735 7.3548408 6.4383965 59
3.743731 7.3473678 7.6060872 50
3.5503907 7.348619 7.1602435 54
3.3610473 7.3567348 6.7644191 62
3.1627362 7.3627172 6.3935947 59
3.553689 7.3504753 7.5182586 55
3.3592985 7.3636322 7.1004534 58
3.1610348 7.3586917 6.7055936 60
2.9577301 7.3655968 6.3497758 59
3.3725772 7.3675785 7.4494662 52
3.1712301 7.3756585 7.0406418 57
2.9689643 7.3746233 6.6657872 60
2.7636523 7.3854656 6.3239741 61
3.1925373 7.3766651 7.3786082 49
2.9822447 7.3766694 6.9767637 62
2.7769506 7.3825617 6.619935 60
2.5666509 7.3933244 6.2941256 59
3.0115316 7.3797607 7.3037314 49
2.7992039 7.3886743 6.9269176 59
2.5899153 7.3954954 6.5850949 59
2.373657 7.4002023 6.2662706 58
2.8354878 7.3908467 7.2418766 57
2.6181757 7.3986917 6.8780632 58
2.4058888 7.4074416 6.5532494 59
2.1846457 7.4110804 6.2464266 60
2.6604726 7.3969479 7.1780052 59
2.4391572 7.4077086 6.8332047 60
2.2218909 7.414392 6.5203886 58
1.9967338 7.4227872 6.2326694 59
2.4875751 7.4018693 7.1172271 56
2.2622643 7.414547 6.7914538 60
2.0400162 7.4201608 6.4916553 59
1.6169385 6.6495514 5.5715189 11
2.3175509 7.4129372 7.0674324 56
2.0892208 7.4315367 6.7616806 59
1.8600304 7.4280963 6.4668598 58
1.4539099 6.6665206 5.569736 70
2.1495438 7.4220147 7.0186315 56
1.9122984 7.4265566 6.7148418 58
1.5031619 6.6591277 5.7806582 67
1.2899272 6.6695828 5.5608268 67
1.9824665 7.4332209 6.9737043 61
1.5563524 6.6558361 5.9915071 68
1.3470756 6.6733174 5.7706952 66
1.1259265 6.6697164 5.552825 64
1.6225321 6.6575947 6.2073874 2
1.4042933 6.6690593 5.9695868 65
1.1881396 6.6684828 5.7487473 64
1.0759641 7.4234958 6.1672459 33
1.4755179 6.6668577 6.1724997 51
1.253317 6.673264 5.9456873 66
1.0476589 6.7694468 5.8201489 23
0.90083253 7.4613867 6.1974707 57
1.3285215 6.6731176 6.1386027 53
1.1023165 6.6834431 5.9298053 48
0.98401952 7.468257 6.4003978 58
0.72482026 7.4813099 6.2156343 56
1.1835275 6.6843615 6.1127162 52
1.0633297 7.4531755 6.5802569 38
0.81006271 7.4782486 6.4005265 57
0.54492247 7.4822454 6.2227383 56
1.0443269 6.7355204 6.1249518 25
0.89927846 7.4792213 6.5824285 57
0.64007652 7.4942431 6.4086714 55
0.36791623 7.5041399 6.249908 54
1.0004871 7.4812727 6.7623248 58
0.73230422 7.4912829 6.5755582 55
0.46811363 7.5062323 6.4158039 55
0.19004567 7.5010839 6.2609968 54
0.83950567 7.4924212 6.7394462 58
0.56832129 7.5053525 6.5726914 56
0.29815909 7.5172281 6.4259319 54
0.014002578 7.530951 6.3011899 55
0.67754418 7.5005608 6.7185588 56
0.40137821 7.5124173 6.5668044 54
0.12617041 7.5351863 6.4450836 55
-0.16188785 7.532876 6.3242941 56
0.51658553 7.5086989 6.7006702 54
0.23541671 7.523469 6.5679297 55
-0.045725111 7.53618 6.4541817 55
-0.3417868 7.536768 6.3514075 56
0.35657743 7.5258079 6.6938148 55
0.068447351 7.5334907 6.5720696 51
-0.21664245 7.5361485 6.4643068 56
-0.51976991 7.5495925 6.3905921 55
0.19259179 7.5308709 6.6799722 51
-0.098514922 7.5364904 6.5732231 55
-0.39062682 7.5460324 6.4894872 56
-0.7007674 7.5643735 6.4357934 57
0.030638434 7.5299563 6.6631083 51
-0.26647985 7.5404735 6.5783796 49
-0.56461513 7.5569119 6.5166702 56
-0.88272536 7.5721564 6.4789729 56
-0.13139014 7.5439925 6.662293 53
-0.43448454 7.5524287 6.5925617 52
-0.73963767 7.5747576 6.552876 55
-1.0647122 7.585916 6.5301714 56
-0.29334435 7.5440631 6.651432 53
-0.60249197 7.5653734 6.6107464 52
-0.91458303 7.5786281 6.5820374 55
-1.2476541 7.591681 6.5783443 55
-0.45835188 7.5550733 6.6546087 49
-0.77143371 7.5663323 6.6228938 53
-1.0915627 7.5894594 6.620223 54
-1.4325755 7.5944233 6.6305103 57
-0.62332571 7.5600905 6.6557651 48
-0.94443029 7.5782318 6.647079 55
-1.2705449 7.6012683 6.6624117 57
-1.6226034 7.6180706 6.7037454 58
-0.78934437 7.5740719 6.6669512 52
-1.1174235 7.5901198 6.6752634 56
-1.4524801 7.6050611 6.7045774 56
-1.8135538 7.6277332 6.770937 60
-0.9582814 7.5730634 6.6700921 53
-1.2934179 7.602973 6.7094536 56
-1.6364753 7.6208024 6.7597833 58
-2.0044665 7.6304107 6.834106 60
-1.1303196 7.5919743 6.6932979 55
-1.4683644 7.606853 6.7376137 53
-1.8204267 7.6285582 6.8109622 58
-2.2004519 7.6479988 6.916326 60
-1.3013149 7.6029086 6.7114778 55
-1.6483326 7.6156769 6.7747941 56
-2.0073853 7.638279 6.8681507 56
-2.3983812 7.6555872 6.9955153 59
-1.473286 7.6098361 6.7306447 56
-1.8293247 7.6294742 6.8189898 57
-2.1953361 7.6469898 6.9273362 60
-2.5963137 7.6641688 7.0777082 56
-1.6464154 7.625731 6.7605481 57
-2.0053489 7.6304078 6.853869 55
-2.385386 7.6608071 6.9972916 60
-2.8013413 7.681891 7.1757154 58
-1.8223296 7.6276941 6.7816958 54
-2.1912832 7.6402245 6.9040508 60
-2.5823267 7.6754837 7.0724988 63
-3.013288 7.7023835 7.2829537 58
-2.0032802 7.6375995 6.8128738 55
-2.3832631 7.6599708 6.9662704 62
-2.7822368 7.6851401 7.1496925 59
-3.220109 7.6979656 7.3721085 59
-2.1831617 7.6345291 6.8390088 61
-2.5751965 7.6707368 7.0234604 61
-2.9841301 7.6917882 7.2268782 61
-3.4370022 7.7094293 7.4813228 56
-2.3721585 7.6553369 6.8882289 58
-2.7721291 7.6824541 7.0876579 55
-3.1961007 7.7153144 7.3251266 61
-3.664942 7.7317777 7.6085811 61
-2.564151 7.6761169 6.9414515 57
-2.9720631 7.6951413 7.1568618 61
-3.4069831 7.72188 7.41432 60
-3.8918183 7.7421503 7.7308006 59
-2.7580712 7.6829114 6.9876304 57
-3.1769931 7.7077909 7.2300692 57
-3.6218755 7.7314005 7.5115261 55
-4.1277261 7.7604284 7.8680534 53
-2.9560215 7.6966553 7.0438361 56
-3.3798499 7.7064743 7.2972298 62
-3.8447824 7.7448497 7.6177521 58
-4.3665881 7.77069 8.0062828 60
-3.1610026 7.7173285 7.1100688 59
-3.5917609 7.7170615 7.3794374 61
-4.075696 7.7612224 7.7349935 63
-4.4591923 7.5166192 7.8795357 32
-3.3668883 7.7200241 7.1692452 56
-3.8187418 7.7434978 7.4837074 62
-4.30654 7.7646112 7.8481941 59
-4.4733086 7.157361 7.6363831 38
-3.5737646 7.7207217 7.2264156 58
-4.0386019 7.7460284 7.5718961 58
-4.4667735 7.6397991 7.8359213 42
-4.5933027 6.9838796 7.5909195 48
-3.7907071 7.7363033 7.3036432 59
-4.2816162 7.7813201 7.6952085 62
-4.4788685 7.2736025 7.576745 44
-4.8401971 7.0030227 7.7551856 51
-4.0156379 7.7508211 7.3878741 58
-4.4570098 7.6873765 7.6980486 51
-4.5303841 6.9949112 7.4038849 51
-5.0427518 6.9506416 7.8491831 10
-4.249608 7.7742529 7.4841409 58
-4.4671006 7.3182206 7.4298615 40
-4.7551842 6.990324 7.5230556 56
-5.9535842 7.827908 9.0137777 46
-4.4421659 7.712162 7.5040979 49
-4.506537 7.0206819 7.2299314 47
-4.9759083 6.9707894 7.6341743 37
-6.2946677 7.8971915 9.2852888 52
-4.4623466 7.3579025 7.244977 31
-4.7072144 6.9833727 7.296988 60
-5.8899384 7.8780885 8.7748852 52
-6.514997 7.8006911 9.3771791 57
-4.4856791 7.0325232 7.0129604 44
-4.9400702 6.9847217 7.4132018 46
-6.1586599 7.8601484 8.9200678 52
-6.8177238 7.7933588 9.5864258 34
-4.6823502 6.9902897 7.0610023 55
-5.8179574 7.8535209 8.4617577 55
-6.4695559 7.8827848 9.1254177 56
-7.1696343 7.8285561 9.8588514 39
-4.916225 6.9926829 7.16222 54
-6.1209359 7.8872809 8.6421375 50
-6.7783756 7.890461 9.3227186 60
-7.5958033 7.9250355 10.227539 42
-5.7931762 7.8676338 8.1667957 45
-6.4177837 7.8951259 8.8074274 51
-7.0248456 7.8138146 9.431632 59
-7.9817672 7.9580402 10.536853 41
-6.0721364 7.8698325 8.2948818 48
-6.7378626 7.9189539 8.9985476 52
-7.3638525 7.8274331 9.6607208 43
-8.3727665 7.978137 10.846984 36
-6.3570929 7.8640413 8.4258795 51
-7.0367217 7.9039626 9.1585674 65
-7.7760491 7.902267 9.9811754 43
-8.8267927 8.0374966 11.230478 31
-6.6680059 7.8798366 8.587183 51
-7.3424172 7.8807783 9.3227444 58
-8.2081347 7.9748378 10.318761 46
-9.215394 8.0164318 11.529727 37
-6.9928989 7.8935232 8.7584934 54
-7.6329885 7.831749 9.4648237 48
-8.6360779 8.0194721 10.644253 39
-9.7343979 8.0911474 11.987389 38
-7.3373599 7.9122462 8.9502621 48
-8.0033655 7.8491311 9.7026329 46
-9.0573626 8.0382586 10.95415 43
-9.8703413 7.8304749 11.972184 46
-7.7002363 7.9356232 9.1586409 60
-8.4644833 7.9355445 10.0433 48
-9.5081453 8.0647383 11.294614 29
-9.8804464 7.4810071 11.81406 42
-8.0127954 7.8924909 9.302762 61
-8.9365187 8.0078907 10.387929 44
-9.8363724 7.9693727 11.488582 71
-10.193538 7.3636699 12.026946 25
-8.3694601 7.8749738 9.4920034 44
-9.3993874 8.0473623 10.711445 42
-9.8414583 7.6129966 11.310432 64
-10.675071 7.3537579 12.436325 60
-8.7933388 7.9048305 9.7544641 38
-9.804945 8.0173388 10.965703 77
-9.9950914 7.3771701 11.310818 32
-10.705276 7.0239739 12.325302 53
-9.3556595 8.0334425 10.159371 31
-9.8220863 7.6668267 10.791603 66
-10.576007 7.4444299 11.794543 46
-10.708461 6.6864176 12.190229 55
-9.7772923 8.0143528 10.403685 55
-9.8934584 7.367794 10.686713 58
-10.675423 7.1610742 11.742729 55
-10.734747 6.3726082 12.094254 44
-9.8124819 7.6737094 10.239631 50
-10.463385 7.4292831 11.119411 45
-10.68763 6.8264809 11.603674 70
-10.735017 6.052011 11.977232 63
-9.8908644 7.3756452 10.132749 44
-10.652075 7.2071767 11.14787 82
-10.700926 6.49891 11.475564 67
-10.743471 5.7454405 11.877112 56
-10.449916 7.4255323 10.516165 37
-10.662471 6.8658791 10.995479 74
-10.71244 6.181509 11.354259 75
-10.763096 5.4508724 11.795897 54
-10.638794 7.197722 10.52629 63
-10.676869 6.5364447 10.859211 76
-10.723884 5.8709579 11.242126 64
-10.762538 5.151268 11.702862 56
-10.644964 6.8502336 10.365177 65
-10.711209 6.226635 10.750242 72
-10.741265 5.5701971 11.147173 74
-10.780004 4.8694143 11.63697 53
-10.651167 6.5097141 10.214088 68
-10.722533 5.9119916 10.62924 60
-10.74866 5.2705145 11.045215 67
-10.785464 4.5856428 11.56606 54
-10.629358 6.1643987 10.046961 64
-10.741898 5.6062503 10.524274 62
-10.759109 4.9807572 10.957299 72
-10.79598 4.3097892 11.504192 45
-10.49835 5.7669406 9.7896051 66
-10.718242 5.2878146 10.385261 74
-10.771598 4.695931 10.877418 71
-10.811546 4.041842 11.455361 50
-10.487689 5.4484348 9.6516018 65
-10.753732 5.0048447 10.312404 66
-10.781108 4.4151068 10.802541 71
-10.820126 3.7759323 11.407527 53
-10.498105 5.147718 9.5436678 67
-10.730135 4.6983595 10.18942 69
-10.78864 4.1382809 10.731672 65
-10.823715 3.5110507 11.359689 57
-10.501545 4.8510361 9.4377384 65
-10.699569 4.3969121 10.067441 69
-10.799207 3.868408 10.670824 69
-10.839336 3.2540524 11.32788 52
-10.517209 4.5641999 9.3496914 63
-10.630635 4.0886593 9.9178658 67
-10.810388 3.6004338 10.616479 66
-10.86254 3.0029147 11.311645 49
-10.525952 4.2794361 9.2605524 61
-10.583839 3.7944 9.7970839 66
-10.819707 3.3376389 10.566844 67
-10.067386 2.5451212 10.452756 29
-10.556307 4.0085492 9.1998577 63
-10.572273 3.5207901 9.7152758 62
-10.820251 3.0728495 10.514003 66
-10.039163 2.3064799 10.39591 59
-10.59995 3.7444613 9.157958 61
-10.580939 3.257942 9.6583538 64
-10.063384 2.6155047 9.7358675 19
-10.031985 2.0746377 10.364082 50
-10.67262 3.4931262 9.1451397 61
-10.593581 3.0000472 9.6114883 60
-10.048099 2.3737874 9.6820517 53
-10.088751 1.8582202 10.406419 3
-10.730208 3.2369113 9.1243477 52
-10.036737 2.5938995 9.0577459 21
-10.053824 2.1408725 9.6552954 58
-10.892636 1.765241 11.220719 56
-10.792672 2.981313 9.1159496 56
-10.029258 2.3488653 9.0063009 56
-10.015297 1.8980776 9.5898523 8
-10.919931 1.5268232 11.240418 47
-9.9766035 2.5052004 8.3757477 52
-10.032937 2.1089873 8.9715319 55
-10.879189 1.8157996 10.390296 67
-10.921586 1.2858565 11.237641 48
-10.01228 2.2670884 8.3590097 55
-10.665847 1.9908525 9.4996691 39
-10.889813 1.5688033 10.381508 58
-10.934253 1.0487819 11.249887 52
-10.025942 2.0231361 8.3282366 48
-10.689492 1.744769 9.4898968 57
-10.900475 1.3237587 10.377727 56
-10.949959 0.81261367 11.271133 51
-10.822911 1.923774 8.9495726 57
-10.67414 1.4919719 9.4520693 61
-10.918151 1.0806409 10.381954 56
-10.959663 0.57547855 11.292369 54
-10.843516 1.6667142 8.9337597 55
-10.699801 1.2468218 9.4542971 59
-10.932826 0.83752054 10.392173 61
-10.969377 0.33933988 11.314603 52
-10.850117 1.4077482 8.9129276 39
-10.705473 1.00082 9.4445028 56
-10.948502 0.59437823 10.407391 60
-10.980098 0.10516659 11.345841 52
-11.093716 1.174854 9.0883636 2
-10.727136 0.75566703 9.4547186 58
-10.941294 0.35139871 10.4055 59
-10.957514 -0.12983167 11.345496 25
-11.131807 0.91551101 9.1020365 2
-10.728271 0.50961429 9.4494772 58
-10.97329 0.10807264 10.445419 65
-11.138153 0.6525991 9.0963964 3
-10.743704 0.26557851 9.4648972 58
-10.95977 -0.13377638 10.448792 45
-11.150674 0.39056224 9.1015835 2
-10.788351 0.019211024 9.5110884 53
-10.989483 -0.37607476 10.49595 64
-11.112321 0.12789051 9.069623 5
-10.810054 -0.22598596 9.5402336 60
-11.006165 -0.62128586 10.539105 67
-11.140875 -0.13433094 9.0987673 3
-10.807685 -0.4729872 9.5544205 58
-11.020783 -0.86647594 10.583313 68
-11.156412 -0.39646015 9.1229219 4
-10.814293 -0.7220825 9.582612 59
-11.035392 -1.1136788 10.631516 62
-11.15396 -0.65945721 9.1370564 8
-10.836904 -0.9713226 9.6307983 59
-11.042024 -1.3618264 10.679683 66
-11.142538 -0.92438364 9.150135 12
-10.857529 -1.2235444 9.6809444 61
-11.046679 -1.60996 10.729827 68
-11.107145 -1.1861349 9.1492062 27
-10.837186 -1.4744469 9.7010632 68
-11.056318 -1.8601568 10.790971 56
-11.070752 -1.4479008 9.1542759 42
-10.846805 -1.7286154 9.7531939 65
-11.05894 -2.1143122 10.851095 44
-11.045346 -1.7107682 9.1723518 58
-10.89035 -1.9920876 9.8423204 68
-11.067557 -2.3685322 10.921225 28
-11.004959 -1.9715352 9.1844244 61
-10.942859 -2.2616498 9.9444313 74
-11.064177 -2.6236708 10.986341 11
-10.972548 -2.2353885 9.2094927 64
-11.010318 -2.5383606 10.067532 75
-10.060862 -2.6231894 10.059562 3
-10.940137 -2.4992609 9.2405605 64
-11.058784 -2.8159323 10.179614 71
-11.085307 -3.150245 11.161544 2
-10.943643 -2.7744448 9.3076191 67
-11.128162 -3.1067107 10.320668 74
-10.899237 -3.0382562 9.3396797 63
-11.024896 -3.3520479 10.304747 46
-10.902822 -3.3203297 9.4205685 70
-10.390029 -3.4217796 9.7968779 56
-9.832325 -3.5099125 10.1492 2
-10.359551 -3.4251034 9.0328026 46
-10.392591 -3.6870384 9.8879709 61
-9.7382479 -3.7193537 10.147411 2
-10.329132 -3.6900883 9.0938749 64
-10.389143 -3.9542744 9.9820528 70
-9.5753784 -3.8992002 10.07567 2
-9.2750416 -4.0638628 10.780929 2
-10.350444 -3.9764819 9.207058 68
-10.319581 -4.2008901 10.017449 1
-11.064393 -4.5535064 9.9512548 60
-10.258721 -4.45153 10.069127 1
-11.184853 -4.9156165 10.178905 52
-10.193016 -4.703146 10.123802 1
-11.242876 -5.2644806 10.360788 64
-11.266967 -5.6040916 10.520675 63
-9.3170309 -5.0442562 10.38394 2
-11.442531 -6.5004163 14.058915 4
-11.293981 -5.9567699 10.696521 69
-9.7905827 -5.3598723 10.110264 2
-11.307294 -6.7376947 14.070007 9
-11.318949 -6.3174596 10.879342 54
-11.162106 -6.9678793 14.068117 6
-11.291063 -6.6567383 11.022191 12
-11.003966 -7.1899734 14.059242 8
-10.17251 -6.3287764 10.095343 3
-10.953341 -7.4840999 14.193223 4
-9.3409948 -6.4648328 11.187222 4
-10.851911 -7.7497764 14.271255 6
-9.3986015 -6.6389174 10.503678 2
-9.1382113 -6.6255331 11.126517 66
-10.727583 -8.0002413 14.32132 18
-9.2504559 -6.8561788 10.526834 5
-9.1573687 -6.9482989 11.341464 52
-10.593281 -8.2466488 14.369392 25
-9.1799154 -7.1351614 10.645853 33
-9.1545753 -7.2648969 11.540414 16
-10.429129 -8.4697828 14.381516 22
-9.5065918 -7.6160245 10.381531 2
-9.1551132 -7.4555883 10.827775 55
-11.022754 -9.1471691 14.152763 4
-10.272937 -8.6989975 14.40563 19
-11.070796 -9.4438648 13.364816 3
-10.904075 -9.4558897 14.27265 7
-10.112744 -8.9282141 14.436745 14
-10.78389 -9.6321058 13.302973 24
-10.674982 -9.6735907 14.258757 16
-9.8770018 -9.0876818 14.360036 13
-9.5546465 -8.8397303 11.173568 4
-11.16118 -10.438655 14.082554 9
-10.261132 -9.7146835 13.998126 12
-9.7269602 -9.3282623 14.416899 24
-11.027484 -10.793765 14.241919 4
-9.8564339 -9.7479811 13.741387 12
-9.5551043 -9.5497131 14.447743 22
-10.849974 -11.117512 14.363366 14
-9.5412407 -9.8551302 13.607506 6
-9.3196421 -9.7065039 14.382772 20
-10.581973 -11.347325 14.370152 18
-9.8766413 -10.656701 14.42495 14
-9.0025291 -9.7692451 14.193278 14
-10.336597 -11.605133 14.41716 14
-9.6385765 -10.861397 14.425133 15
-8.6198406 -9.7482071 13.896102 14
-10.730598 -12.593355 14.387414 16
-10.028796 -11.784666 14.381595 10
-9.407424 -11.07763 14.447497 17
-8.3422832 -9.8308649 13.761865 15
-10.405462 -12.816651 14.398512 19
-9.781476 -12.037525 14.440644 20
-9.2080841 -11.331798 14.524571 8
-8.0927334 -9.9492683 13.681343 5
-10.066429 -13.021838 14.396659 14
-9.4993715 -12.25309 14.463793 18
-8.9392262 -11.504292 14.503865 15
-8.3950157 -10.766611 14.553912 19
-9.779047 -13.286543 14.471647 18
-9.2639217 -12.528133 14.559779 6
-8.6802902 -11.689908 14.504124 17
-8.1810932 -10.948479 14.559209 21
-9.4390459 -13.484775 14.483818 17
-8.9262829 -12.663161 14.504152 16
-8.4402313 -11.895734 14.538329 16
-7.9701281 -11.137408 14.578485 22
-9.091156 -13.662933 14.485048 9
-8.6253538 -12.847598 14.51539 12
-8.1892614 -12.086459 14.558576 15
-7.7571759 -11.324324 14.595768 16
-8.7720222 -13.883405 14.53616 15
-8.3452816 -13.056251 14.559563 14
-7.9283462 -12.267127 14.57585 14
-7.5323052 -11.495093 14.601142 11
-8.4439268 -14.093742 14.589413 14
-8.0443344 -13.238585 14.581969 13
-7.6733465 -12.455679 14.606308 5
-7.3202543 -11.690907 14.642591 17
-8.095047 -14.263776 14.609895 13
-7.7789922 -13.487322 14.68624 5
-7.4242296 -12.66436 14.665703 13
-7.0863786 -11.857497 14.648122 15
-7.744164 -14.433844 14.642373 4
-7.4394121 -13.604247 14.654883 13
-7.1355448 -12.798593 14.647313 12
-6.8630018 -12.03814 14.682251 15
-7.3868356 -14.580596 14.660435 12
-7.1276245 -13.758168 14.67758 12
-6.8652344 -12.957678 14.670575 10
-5.5972404 -10.293669 12.407296 3
-7.0272589 -14.715851 14.681887 13
-6.8180418 -13.919662 14.712357 12
-6.5958004 -13.130321 14.710769 13
-6.4003434 -12.379194 14.738066 12
-6.6872482 -14.891564 14.745136 11
-6.4943538 -14.048473 14.718477 14
-6.3318157 -13.312617 14.763687 11
-6.3107648 -14.991369 14.741005 4
-6.1745872 -14.19462 14.751288 4
-6.048089 -13.459988 14.785394 10
-5.9569635 -15.140316 14.797933 8
-5.8598027 -14.350619 14.799303 9
-5.7544808 -13.588045 14.793391 9
-5.6650181 -12.851602 14.802404 15
-5.5845923 -15.239278 14.814678 10
-5.5272827 -14.469999 14.820787 8
-5.4618831 -13.72164 14.810833 9
-5.4113593 -12.996394 14.816822 9
-5.2239881 -15.368675 14.870064 8
-5.195714 -14.581213 14.840523 7
-5.1700974 -13.858563 14.8421 8
-5.1621275 -13.157554 14.854687 9
-4.8144212 -15.333696 14.774217 10
-4.8712854 -14.712214 14.888029 8
-4.8797078 -13.993167 14.874053 8
-4.9069271 -13.312291 14.889981 9
-4.4853535 -15.554421 14.93353 8
-4.540834 -14.827226 14.9252 8
-4.582181 -14.116277 14.903248 7
-4.6512084 -13.46559 14.929147 5
-4.1149955 -15.633138 14.966949 7
-4.2073522 -14.925649 14.953783 8
-4.2927999 -14.264448 14.957744 7
-4.381938 -13.593799 14.941664 5
-3.7548687 -15.751199 15.044268 6
-3.86448 -14.989437 14.953452 8
-3.973629 -14.319763 14.926475 8
-4.1094408 -13.720065 14.961631 8
-3.3699298 -15.76371 15.030708 5
-3.5304 -15.094511 15.006309 7
-3.6776464 -14.468297 14.999793 7
-3.8394117 -13.861136 15.000478 7
-2.9982128 -15.84366 15.092318 7
-3.1921916 -15.201468 15.067229 5
-3.3701069 -14.57516 15.033102 5
-3.5539651 -13.96088 14.998944 6
-2.6192167 -15.857865 15.099092 9
-2.8411992 -15.221704 15.050035 8
-3.0568182 -14.657646 15.048772 6
-3.279424 -14.098611 15.045497 5
-2.2352767 -15.870646 15.108628 9
-2.4970341 -15.294615 15.086739 8
-2.7444739 -14.778655 15.107634 6
-2.9863987 -14.187553 15.040563 5
-1.8306181 -15.619485 14.880726 7
-2.1517901 -15.335497 15.103968 6
-2.42717 -14.842852 15.118568 8
-2.7008071 -14.301929 15.072408 5
-1.4910136 -15.905323 15.172106 10
-1.8055775 -15.378622 15.133934 5
-2.1029837 -14.880861 15.107676 7
-2.4063878 -14.382895 15.076659 9
-1.1199226 -15.922113 15.217453 7
-1.4594941 -15.401508 15.150197 8
-1.7874607 -14.991138 15.181603 6
-2.1177425 -14.523604 15.145153 5
-0.74314892 -15.889267 15.22434 7
-1.1114682 -15.416862 15.16893 5
-1.4594318 -15.010511 15.167323 6
-1.8116219 -14.562013 15.115865 5
-0.37402111 -15.902381 15.282375 4
-0.7652089 -15.451542 15.214511 6
-1.1378897 -15.068522 15.200415 4
-1.5180904 -14.698279 15.192653 6
-0.4202641 -15.502296 15.278707 5
-0.81030589 -15.086879 15.200168 6
-1.2118937 -14.756715 15.1944 6
-0.073569544 -15.459099 15.260335 5
-0.48490152 -15.172994 15.272488 7
-0.90362358 -14.816725 15.203807 7
0.71897358 -15.69494 15.26952 8
0.26909751 -15.474268 15.306264 5
-0.15806538 -15.226275 15.318248 4
-0.59744251 -14.939203 15.281346 5
1.0788164 -15.639477 15.294264 6
0.61471182 -15.411463 15.283362 8
0.16982883 -15.218411 15.310402 4
1.4349908 -15.567525 15.31156 7
0.95569199 -15.360817 15.279197 7
0.49877441 -15.159964 15.257939 5
1.7830522 -15.431215 15.274212 6
1.297515 -15.316474 15.290879 7
0.82662219 -15.133491 15.245727 7
0.35026145 -15.05479 15.299304 6
2.1325114 -15.332542 15.280369 7
1.6381887 -15.266837 15.301925 4
1.1585451 -15.14092 15.273642 7
0.66808081 -15.051131 15.27527 5
2.4655504 -15.166729 15.227803 7
1.9653686 -15.13702 15.241272 6
1.4841399 -15.096185 15.256803 5
0.98991328 -15.056375 15.267361 4
2.804908 -15.061943 15.241221 9
2.3061354 -15.111356 15.294437 8
1.8129505 -15.080547 15.276868 8
1.3139977 -15.094873 15.299178 4
3.1362071 -14.932348 15.238471 6
2.6294427 -14.988694 15.254671 6
2.1375651 -15.021941 15.259925 6
1.631611 -15.041194 15.244224 4
3.4654658 -14.80775 15.246786 8
2.9536235 -14.881955 15.236083 7
2.4619181 -14.960198 15.246235 6
1.9553595 -15.044586 15.255254 5
3.7948222 -14.689273 15.271997 10
3.280405 -14.795502 15.248082 7
2.7912133 -14.928624 15.27022 6
2.2818582 -15.030747 15.254456 7
4.1076021 -14.518242 15.249785 11
3.5993142 -14.680544 15.237683 7
3.114116 -14.85781 15.263561 4
2.6078081 -15.016057 15.259542 7
4.4167147 -14.349577 15.232294 8
3.9176733 -14.570825 15.237103 8
3.434581 -14.782057 15.256911 7
2.9323881 -14.975301 15.247775 8
4.722702 -14.18796 15.230876 4
4.230814 -14.446182 15.231563 8
3.7590623 -14.718451 15.269132 9
3.2549868 -14.925682 15.231871 7
5.0187845 -14.010529 15.217251 10
4.5381746 -14.313762 15.220719 7
4.0705261 -14.606976 15.239208 9
3.5807891 -14.884216 15.230754 12
5.3200541 -13.850222 15.230457 12
4.8455877 -14.186397 15.222836 7
4.3870955 -14.514554 15.237228 10
3.9082179 -14.837387 15.232121 10
5.6028194 -13.651545 15.206238 9
5.1365404 -14.020664 15.190495 10
4.6953249 -14.398781 15.216717 4
4.2310348 -14.763927 15.214989 12
5.9001856 -13.497184 15.234778 10
5.4449668 -13.894182 15.203006 9
5.0087786 -14.294191 15.211228 10
4.5647421 -14.726274 15.235378 6
6.1751928 -13.30182 15.225266 5
5.7341061 -13.732718 15.188418 11
5.3191285 -14.182642 15.207521 8
4.8841085 -14.626596 15.204652 13
6.434967 -13.077388 15.187948 9
6.0373492 -13.60425 15.217841 9
5.6324706 -14.078013 15.219941 10
5.2177038 -14.573864 15.23097 16
6.7110023 -12.897931 15.210611 14
6.3153753 -13.424693 15.194458 5
5.940804 -13.957483 15.224275 10
5.534102 -14.468293 15.208174 10
5.9066696 -10.765217 12.900059 7
6.5964875 -13.253335 15.188863 9
6.2147608 -13.761969 15.149752 4
5.8453865 -14.340711 15.172448 13
6.1246929 -10.595107 12.905648 29
6.8722959 -13.078815 15.18465 13
6.5350699 -13.671462 15.199164 10
6.1879454 -14.286165 15.218625 4
7.4596853 -12.249268 15.175272 15
7.1428065 -12.896503 15.176883 11
6.8358989 -13.530766 15.202538 11
6.4989219 -14.153084 15.19225 13
7.7132258 -12.047463 15.191158 9
7.4122691 -12.715819 15.177567 10
7.1222377 -13.367106 15.186101 13
6.8202982 -14.038446 15.193591 14
7.940022 -11.813123 15.170949 10
7.6923442 -12.548307 15.202236 7
7.4173398 -13.216506 15.190714 12
7.1313958 -13.89874 15.174164 14
8.16366 -11.581869 15.158809 14
7.9370708 -12.33293 15.173013 10
7.7154775 -13.069069 15.208175 8
7.4507079 -13.775238 15.180442 13
7.9080887 -10.707748 14.294311 4
8.1951771 -12.136806 15.174332 12
7.9896221 -12.884814 15.188453 11
7.7115669 -13.540809 15.072862 4
8.1916409 -10.589864 14.429408 9
8.4351816 -11.920714 15.155715 12
8.2526522 -12.677561 15.148797 11
8.0588961 -13.457088 15.140356 15
8.6057663 -10.62864 14.791451 8
8.6789885 -11.712298 15.153501 13
8.5235949 -12.491007 15.139486 11
8.3804502 -13.320749 15.15933 17
8.9577179 -10.574715 15.038321 14
8.9229774 -11.506173 15.158968 8
8.799572 -12.309682 15.145006 14
8.6753082 -13.143212 15.137969 16
9.2327824 -10.422658 15.163892 15
8.6745119 -10.696074 14.359565 7
9.0776033 -12.125326 15.155542 13
8.9745817 -12.968734 15.130323 19
8.987504 -10.597972 14.511497 11
9.2444458 -11.802068 14.995119 3
9.462431 -10.674767 14.915893 10
9.6116199 -11.732729 15.163934 13
9.5899267 -12.626778 15.14649 14
9.7881155 -9.6807747 15.145304 12
9.7813091 -10.557598 15.071902 12
9.8609695 -11.511427 15.151236 9
9.8969202 -12.45031 15.164989 16
9.9560757 -9.4269018 15.133464 12
10.034036 -10.368545 15.131194 13
9.5757732 -10.696607 14.349806 8
10.171807 -12.231956 15.139762 14
10.111884 -9.164134 15.116338 15
10.237929 -10.130591 15.12702 15
9.967207 -10.661257 14.582784 10
10.467204 -12.043027 15.156816 13
10.286753 -8.9302454 15.135406 16
10.3734 -9.8371019 15.035856 3
10.451749 -10.708025 14.946343 12
10.72389 -11.812044 15.125087 20
10.420539 -8.6612587 15.105155 4
10.630812 -9.6534462 15.120227 12
10.808887 -10.600713 15.11543 11
11.010178 -11.597945 15.132482 14
10.617826 -8.4426994 15.168593 8
10.816938 -9.4007215 15.109756 15
11.050112 -10.37081 15.123878 14
10.726905 -10.809075 14.383621 9
10.728821 -8.1591721 15.116228 12
11.014797 -9.1580715 15.123438 15
11.267359 -10.118093 15.108906 8
11.116314 -10.71427 14.558477 14
10.870531 -7.8835764 15.102624 16
11.197338 -8.890028 15.108727 14
11.538486 -10.616383 14.751835 33
11.00328 -7.6238046 15.099358 15
11.356531 -8.6201239 15.085815 7
11.831901 -10.40818 14.803468 32
11.148251 -7.3772368 15.122253 11
11.681581 -9.1619186 14.795941 15
11.984373 -10.080244 14.685739 44
11.281524 -7.1242948 15.140995 15
11.992466 -8.9937782 14.936884 19
11.824303 -9.5140915 14.209515 44
11.36977 -6.851161 15.105297 11
11.647473 -7.7172527 14.839721 7
12.029359 -8.6213884 14.743019 48
11.821267 -9.0849819 13.936666 57
11.44477 -6.5677943 15.054934 6
11.773486 -7.4377155 14.805333 14
11.963646 -8.1818695 14.433112 41
11.862782 -8.6982975 13.728591 55
11.521771 -6.2844486 15.014571 3
12.027858 -7.2361255 14.940698 16
11.893976 -7.7534032 14.13618 50
11.948997 -8.3557234 13.587725 56
12.091177 -6.9229951 14.845443 30
11.905402 -7.3941741 13.951868 50
12.096089 -8.0612478 13.524893 76
11.650331 -5.7262564 14.930672 2
12.110875 -6.5917897 14.707093 55
11.917604 -7.0440135 13.775778 65
12.140253 -7.7049842 13.358813 62
11.720934 -5.4582849 14.904346 3
12.120198 -6.2637486 14.564946 40
11.959929 -6.7178617 13.646619 55
12.168411 -7.342762 13.183759 56
11.753477 -5.1733618 14.839078 13
12.022331 -5.8888135 14.30695 40
12.047406 -6.4227023 13.578369 78
12.187609 -6.9845872 13.012697 60
11.441425 -4.7496214 14.348249 24
11.99367 -5.5558476 14.138828 42
12.143082 -6.1343737 13.527042 83
12.214175 -6.6380668 12.860486 55
11.434435 -4.467196 14.249784 15
11.497745 -5.0285087 13.439063 30
12.21715 -5.8325152 13.456565 81
12.245065 -6.2981992 12.721128 63
11.993529 -4.3922858 14.858573 13
11.475783 -4.7258701 13.303591 57
11.596845 -5.2273955 12.643043 3
12.253923 -5.9543953 12.570772 67
11.913543 -4.0797305 14.678113 16
11.490905 -4.444222 13.217043 37
11.500662 -4.8808208 12.416703 75
12.276836 -5.625607 12.444358 67
12.145067 -3.8769956 14.886275 16
12.060986 -4.367074 13.7648 67
11.516726 -4.5921493 12.317171 76
11.539204 -4.976963 11.569056 69
12.18616 -3.6106417 14.868799 19
12.094945 -4.0877662 13.710443 57
12.168686 -4.5391736 12.894126 12
11.551986 -4.673686 11.458846 73
12.200098 -3.3385687 14.826504 14
12.119841 -3.8075998 13.653167 55
12.32773 -4.2897849 12.955734 63
11.827252 -4.4740691 11.61229 15
12.255095 -3.0784698 14.83517 16
12.153763 -3.5324438 13.612877 57
12.331532 -3.988595 12.860522 63
12.350883 -4.3501258 12.011468 71
12.262046 -2.8084395 14.797873 22
12.190691 -3.2582951 13.579586 63
12.360368 -3.6943944 12.798288 60
12.371644 -4.0428834 11.926285 63
12.27999 -2.5453851 14.775594 27
12.228585 -2.9891403 13.55634 69
12.375134 -3.4021978 12.731135 63
12.392343 -3.7366264 11.848182 73
12.292877 -2.2823188 14.753367 25
12.26044 -2.7179897 13.532134 63
12.382901 -3.1120169 12.66099 60
12.394049 -3.4324195 11.760077 70
12.299771 -2.0202694 14.728141 29
12.284303 -2.4478559 13.501927 73
12.407693 -2.8258402 12.616828 65
12.430814 -3.1391907 11.714933 65
12.306679 -1.76024 14.709908 25
12.327192 -2.1827292 13.501701 62
12.416487 -2.5396984 12.561669 55
12.438538 -2.8370166 11.646821 69
12.326638 -1.5080272 14.726617 17
12.338545 -1.915537 13.487535 69
12.418123 -2.2585528 12.521659 62
12.445475 -2.5448911 11.599924 85
12.351352 -1.251155 14.740632 19
12.356241 -1.6456 13.471584 65
12.432788 -1.9745747 12.488747 63
12.454123 -2.2498806 11.549041 69
12.347074 -0.99330997 14.724646 21
12.376015 -1.3786482 13.464565 59
12.456591 -1.6945353 12.468702 62
12.484948 -1.9577699 11.52497 73
12.365078 -0.73732948 14.739404 17
12.390977 -1.1096144 13.45636 65
12.466521 -1.4144697 12.442527 62
12.50484 -1.6676604 11.496826 67
12.372193 -0.48347253 14.745076 17
12.405358 -0.84506226 13.451792 61
12.479096 -1.1352248 12.421715 73
12.515347 -1.3793648 11.466009 71
12.369985 -0.22924201 14.746239 26
12.403749 -0.57938963 13.438228 61
12.475154 -0.85715395 12.394438 64
12.521344 -1.0882702 11.438773 61
12.369151 0.02477457 14.75388 24
12.410852 -0.31133887 13.437914 62
12.495203 -0.57807547 12.396161 58
12.535348 -0.79818881 11.426529 68
12.359332 0.27777737 14.754508 25
12.428965 -0.045300491 13.456591 64
12.521255 -0.29901129 12.410879 57
12.555347 -0.50611955 11.426283 69
12.374495 0.5337649 14.794145 20
12.437079 0.22171161 13.47126 67
12.532313 -0.018984418 12.418587 60
12.570364 -0.21707216 11.427018 69
12.381673 0.78875107 14.823769 20
12.436202 0.48970735 13.479922 61
12.551379 0.26104194 12.437289 61
12.593372 0.075966045 11.44176 60
11.676311 0.98342949 14.011026 14
12.43233 0.75768071 13.492575 51
12.567456 0.54194909 12.459997 63
12.608437 0.36566025 11.457516 61
11.654645 1.2218014 14.014671 13
11.776965 0.96940482 12.804003 52
12.098894 0.79058284 12.011587 29
12.609581 0.65875882 11.466349 75
11.703005 1.4677992 14.10842 22
11.364559 1.1802111 12.38453 44
11.821305 1.036425 11.757242 69
11.876116 0.89407563 10.817856 60
12.162031 1.7788428 14.701468 14
11.782701 1.4795259 12.869393 42
11.816719 1.3046243 11.776768 69
11.871532 1.1703991 10.833261 74
12.211698 2.0399516 14.808759 9
12.402709 1.8291898 13.582184 58
11.801002 1.5712085 11.793316 1
11.858638 1.4491459 10.848974 56
12.155818 2.2867355 14.795492 4
12.404719 2.1029971 13.632008 61
12.630401 1.970623 12.658669 62
12.681045 1.8517706 11.633335 66
12.132906 2.5405159 14.824251 5
12.404728 2.3787947 13.682836 47
12.65333 2.2674468 12.728564 65
12.696944 2.1576023 11.691255 65
12.102002 2.7932799 14.849006 5
12.402737 2.6545742 13.737663 52
12.653354 2.5591521 12.782371 62
12.70734 2.4628072 11.748659 66
12.09924 3.0509207 14.911863 4
12.424302 2.9386921 13.823148 42
12.67617 2.8578207 12.862497 64
12.728992 2.7734888 11.823812 65
12.071566 3.3036017 14.947927 4
12.446272 3.2244976 13.916347 34
12.680315 3.1566377 12.93321 65
12.744378 3.089323 11.90308 67
12.011526 3.5535088 14.954485 4
12.460478 3.5172479 14.011447 39
12.710472 3.4733732 13.041388 48
12.756552 3.4120026 11.991274 51
11.938843 3.8001785 14.952394 8
12.532792 3.8314242 14.179519 36
12.731015 3.7890131 13.14941 55
12.766278 3.7361395 12.082266 64
11.851 4.0400214 14.933064 11
12.586544 4.1470404 14.335274 43
12.741763 4.1066184 13.252171 72
12.79995 4.0747509 12.206086 52
11.827946 4.3025331 14.99868 13
12.686341 4.4848108 14.549246 30
12.711682 4.4133353 13.321047 72
12.798783 4.4054832 12.305031 62
11.746113 4.5484471 15.004979 11
12.659451 4.7865996 14.635911 32
12.698075 4.7338991 13.421803 61
12.819366 4.7538667 12.439919 53
11.65668 4.7871895 14.999767 14
12.633777 5.0882826 14.723896 28
12.665344 5.0486012 13.505822 44
12.829508 5.0996208 12.568039 53
11.588221 5.0369272 15.02561 9
12.593166 5.3889813 14.800796 14
12.621693 5.3623834 13.585648 47
12.840689 5.455534 12.707884 47
11.486007 5.2707858 15.013019 11
12.458702 5.6509566 14.778315 10
12.608766 5.6955938 13.708476 42
12.863484 5.8239379 12.868901 41
11.413124 5.5213695 15.046755 12
12.35273 5.9264688 14.796121 5
12.627491 6.0481234 13.874531 49
12.877131 6.1984482 13.03502 57
11.306299 5.7569599 15.038442 9
12.27869 6.2189746 14.855983 4
12.383712 6.278512 13.764177 14
12.286991 6.2705493 12.595137 14
11.106678 5.943552 14.914967 8
12.156743 6.48945 14.867769 7
12.056141 6.4568739 13.560654 44
12.104657 6.5393996 12.571492 50
11.059047 6.2091408 14.994985 10
11.800315 6.6263947 14.594905 11
12.089376 6.8252897 13.766106 39
12.105808 6.9078021 12.745936 54
10.920978 6.4248252 14.9551 11
11.823824 6.9748187 14.793329 15
11.657697 6.9306622 13.452201 21
11.623217 6.9970107 12.419393 21
10.751134 6.6243839 14.885314 14
11.3415 7.0263524 14.370483 13
11.203336 7.0079436 13.11342 16
11.065074 7.0220494 12.012448 22
10.409709 6.7129331 14.580544 11
10.74084 6.9803028 13.795321 12
10.71769 7.0462151 12.733507 13
10.555756 7.0506988 11.65151 19
10.446577 7.0423832 14.806498 16
10.279568 7.0006104 13.388116 36
10.228429 7.0613527 12.345281 13
10.057487 7.0656857 11.297279 19
10.057199 7.0849175 14.434347 14
9.951252 7.0961361 13.151369 18
9.7614336 7.0687551 11.977278 21
9.5904684 7.0799661 10.972296 28
9.5524502 7.0246782 13.892152 14
9.5122814 7.0966887 12.765348 13
9.3553534 7.1011639 11.679351 23
9.1026058 7.0542355 10.616201 25
9.1455278 7.017365 13.485116 18
9.1222658 7.1171975 12.438394 12
8.9413748 7.111546 11.366365 28
8.6417608 7.0275049 10.28511 26
8.868578 7.0968595 13.264228 30
8.7418308 7.1284795 12.1212 22
8.5531893 7.1206064 11.079062 27
7.4431753 6.3483 9.0547733 4
8.5693159 7.1501484 13.008051 19
8.3833857 7.1427903 11.828026 28
7.3210802 6.3791099 9.6808691 28
7.1361127 6.3797164 8.8738661 31
7.3400307 6.3835697 11.326894 13
7.1751204 6.3842158 10.316723 40
6.9991703 6.3830214 9.4486914 33
6.9348063 6.4995356 8.8249874 37
7.0621924 6.4007444 11.076694 23
6.8842421 6.3978639 10.09166 34
6.9066129 6.5905161 9.5261641 33
6.9398618 6.8179712 9.0447636 36
6.8571 6.4784522 10.940808 21
6.8734674 6.6713543 10.276313 33
6.9156952 6.9049492 9.7549267 35
6.9359045 7.1433601 9.271554 49
6.8473792 6.7399721 11.119426 29
6.887579 6.9807963 10.511059 37
6.8350582 7.1393867 9.8704662 47
6.6439667 7.1717978 9.1195335 39
6.863534 7.0404363 11.352146 23
6.7671289 7.1633053 10.553456 35
6.5680919 7.1779027 9.7234755 50
6.3540635 7.1892433 8.9674883 41
6.7551045 7.2200065 11.390534 25
6.4464231 7.1259723 10.286263 36
6.2931867 7.1974378 9.5604382 47
6.070169 7.2036963 8.8214397 48
6.4812779 7.2207651 11.151443 32
6.1775622 7.1336131 10.094195 42
6.0163298 7.2019911 9.3883638 50
5.8201923 7.2421546 8.7164593 41
6.2241302 7.2306848 10.945734 33
5.9242558 7.1499882 9.9272604 42
5.7490988 7.2093143 9.2344131 48
5.5380521 7.2364359 8.5694733 46
5.9778776 7.2438846 10.751528 31
5.7090912 7.2025461 9.8203917 44
5.5050349 7.2338152 9.1114626 50
5.2939711 7.265862 8.4725351 45
5.6980448 7.2046447 10.491396 35
5.5009022 7.2620907 9.72754 48
5.2749462 7.2673011 9.0085402 41
5.0519319 7.2872834 8.3745804 42
5.4332104 7.1713676 10.25329 34
5.2519841 7.2536759 9.5555077 51
5.0289884 7.2697902 8.8745375 48
4.8020043 7.2866993 8.2605639 49
5.2075148 7.1779609 10.082231 31
5.0175357 7.2581115 9.4083776 49
4.8047061 7.2910838 8.7713995 48
4.568922 7.2978988 8.1673594 53
4.9902587 7.1884403 9.9250708 42
4.7960129 7.2685685 9.2792892 48
4.5868907 7.3125234 8.6774063 50
4.3459091 7.3153329 8.0884085 50
4.7872219 7.2121363 9.7921228 42
4.592936 7.2994037 9.1812668 48
4.3549547 7.3063164 8.5582638 51
4.1229281 7.3250437 8.0092936 56
4.6230946 7.2899961 9.7391768 45
4.3810544 7.313026 9.0682201 49
4.1410699 7.3188705 8.4662161 50
3.9070282 7.340518 7.9422579 55
4.411273 7.2877321 9.5870876 48
4.1801357 7.3366323 8.9752045 47
3.9331667 7.3364053 8.3891859 51
3.6851957 7.3360152 7.8601713 55
4.2084203 7.2934494 9.4530239 39
3.9702985 7.3362699 8.8601265 52
3.7263 7.3429618 8.3061323 54
3.4812903 7.3524947 7.8081465 59
4.0135374 7.3071547 9.3339863 45
3.7704284 7.3448992 8.7610779 47
3.5254116 7.3555083 8.2350969 54
3.2754178 7.358983 7.7510972 58
3.8226604 7.3188601 9.2199459 46
3.5735598 7.3525248 8.6680298 52
3.3265355 7.3640604 8.1650534 53
3.0745347 7.3684692 7.7020607 59
3.6347878 7.3285666 9.1099052 42
3.3846736 7.3651452 8.5869989 51
3.1366353 7.3796072 8.1090336 59
2.882628 7.3849502 7.6670461 56
3.4608271 7.3642201 9.0369358 36
3.1908295 7.3647776 8.4959364 52
2.9378169 7.3701882 8.0299511 58
2.6897128 7.3964205 7.6310387 59
3.2759085 7.369894 8.9329243 42
3.0078573 7.3783464 8.4279642 52
2.7518148 7.3856716 7.9850006 54
2.4997225 7.4088511 7.601079 58
3.093925 7.3785267 8.8379545 43
2.8258536 7.3938928 8.3650122 53
2.5658228 7.3981566 7.9400406 60
2.3107424 7.4182787 7.5741105 54
2.9149425 7.3871579 8.747983 47
2.6428864 7.3984547 8.296031 53
2.3858149 7.4156342 7.9060936 58
2.1227736 7.4247084 7.5481339 59
2.7359772 7.3907967 8.6559992 54
2.4638875 7.4090075 8.2370644 51
2.2028313 7.4151483 7.8590961 55
1.9407229 7.4381418 7.5341716 54
2.5678463 7.4174066 8.5970745 44
2.2858303 7.4115939 8.1750736 50
2.0237556 7.4246573 7.8241205 56
1.5653831 6.6311226 6.703999 19
2.3947783 7.4220572 8.5180902 47
2.1137445 7.423161 8.1281033 55
1.8496507 7.4431424 7.8051662 60
1.4122013 6.6755509 6.7311115 52
2.2217255 7.4227142 8.437089 51
1.9396895 7.4257383 8.0751057 52
1.4942304 6.6622176 6.9640617 52
1.2511598 6.6780496 6.7221088 50
2.0526338 7.4353304 8.3761187 44
1.5812328 6.6558971 7.1990309 4
1.3352071 6.6587782 6.9350419 52
1.0901126 6.6825304 6.720108 51
1.8796108 7.4279823 8.2970896 50
1.4291428 6.6714706 7.1740623 54
1.1821232 6.6733036 6.9270673 51
1.0287814 7.363543 7.3939199 20
1.5351225 6.6702456 7.398046 27
1.2780669 6.6830492 7.1490798 53
1.031976 6.7067771 6.9421411 37
0.86833471 7.484705 7.5132241 55
1.3851306 6.6708779 7.3430548 56
1.1270783 6.6826277 7.1130857 53
0.98038816 7.4755321 7.7142124 49
0.69331706 7.4930711 7.5262566 49
1.2370635 6.6795158 7.3000631 53
0.9985137 6.8388619 7.2454872 14
0.81228912 7.4929786 7.7182369 46
0.52124 7.5044632 7.5452619 47
1.0910001 6.6871557 7.2590656 49
0.92827576 7.4879112 7.8972058 55
0.64122391 7.5004311 7.7162313 47
0.34715277 7.5188284 7.5722718 47
1.0211345 7.2255273 7.7904868 9
0.76219881 7.4984217 7.8802085 45
0.4721522 7.5098729 7.7212281 50
0.17308836 7.5262036 7.5962596 41
0.89418542 7.4924893 8.0291767 48
0.59416991 7.494947 7.8551702 46
0.30203596 7.5322638 7.744256 44
-0.0020203434 7.546524 7.6392784 43
0.73013842 7.4940715 7.9881525 43
0.42806607 7.5134139 7.8551879 45
0.1319975 7.5317097 7.7472191 43
-0.17505501 7.5449014 7.6642356 45
0.56803077 7.5135999 7.9701724 43
0.26298627 7.5248923 7.8521833 47
-0.038065292 7.5381265 7.761198 46
-0.35012108 7.5522432 7.700213 46
0.4039883 7.5141621 7.9371395 41
0.096923903 7.5313706 7.8481627 43
-0.20712483 7.543539 7.7781706 45
-0.52418834 7.5595741 7.7421875 44
0.2418917 7.5306845 7.9221454 42
-0.068135656 7.5368543 7.8441353 42
-0.37620541 7.5549302 7.8041558 46
-0.70026666 7.5698776 7.7921658 42
0.077822819 7.5392041 7.9051266 36
-0.23520565 7.5453038 7.8501134 43
-0.54826629 7.5603137 7.8291221 46
-0.87735301 7.5821662 7.8471465 39
-0.085249737 7.5487213 7.8911076 42
-0.40227589 7.5537472 7.8590875 46
-0.72137249 7.5786495 7.8711185 46
-1.0564375 7.5934348 7.9071207 43
-0.25026709 7.5422645 7.8650432 38
-0.57136047 7.5661631 7.8760691 44
-0.8944419 7.5860052 7.9060831 47
-1.2354786 7.5917249 7.9600568 42
-0.41840556 7.5706854 7.8810678 41
-0.7424354 7.5755677 7.8950396 45
-1.0705162 7.5943313 7.9490466 48
-1.416556 7.5999708 8.0270157 43
-0.58439881 7.5572238 7.8559775 42
-0.91349024 7.5789785 7.9119902 45
-1.2465879 7.6016545 7.9930038 50
-1.5996348 7.608202 8.097971 45
-0.75147891 7.5686822 7.859951 41
-1.0856143 7.5893502 7.9389615 46
-1.4227103 7.5969744 8.0299339 47
-1.7828436 7.6133862 8.1719227 45
-0.92478579 7.5930328 7.8809757 39
-1.2588649 7.5956817 7.9659305 46
-1.602998 7.6121902 8.0909176 47
-1.9731641 7.6354733 8.2679148 51
-1.095032 7.5994272 7.8879461 44
-1.4351239 7.6039844 7.9988971 47
-1.7842647 7.6204057 8.1498747 49
-2.1644685 7.6515517 8.3648815 44
-1.2672688 7.6028075 7.8969007 43
-1.6113715 7.608283 8.0328455 45
-1.9705672 7.6375637 8.222846 48
-2.3557353 7.6556501 8.4528074 53
-1.4414172 7.6071792 7.9098573 46
-1.794489 7.6325159 8.091857 48
-2.1585581 7.6557446 8.3018503 51
-2.5536118 7.6717401 8.5618219 50
-1.6182474 7.6175566 7.9328542 48
-1.9722612 7.6258726 8.1238127 49
-2.3484001 7.6679454 8.379858 51
-2.7514527 7.6828413 8.6698294 40
-1.7980707 7.6259179 7.9598484 50
-2.1611431 7.650104 8.1908512 52
-2.5412273 7.6761355 8.4598579 53
-2.9522889 7.6929245 8.782836 42
-1.9768902 7.6332855 7.9878435 47
-2.3479745 7.6603718 8.2488565 51
-2.7340429 7.6813283 8.5408525 49
-3.1591372 7.7069669 8.9058571 40
-2.163748 7.6515832 8.0338697 48
-2.537802 7.6696258 8.3098631 50
-2.9318714 7.6904831 8.6318617 51
-3.355866 7.6871238 8.999795 44
-2.3505638 7.6559134 8.068862 47
-2.732661 7.6788435 8.3778677 49
-3.1337571 7.6996021 8.7288637 54
-3.5758328 7.7110395 9.1508322 45
-2.5393312 7.6711082 8.1170664 44
-2.9314044 7.6990118 8.4591532 50
-3.3404338 7.7137818 8.8342094 52
-3.7964742 7.7331743 9.3032799 42
-2.7363708 7.6853423 8.1730928 49
-3.1283982 7.697228 8.5251341 54
-3.5555046 7.7328162 8.9552288 48
-4.0074368 7.7172322 9.4222069 67
-2.9334364 7.6916246 8.2250452 50
-3.3364892 7.7113829 8.6151047 52
-3.7675498 7.7359023 9.0651827 48
-4.2063198 7.6743927 9.5150614 43
-3.1405573 7.7128177 8.2990322 53
-3.5505867 7.7284851 8.7140913 53
-3.9896085 7.7449064 9.1911602 55
-4.4262948 7.6623678 9.6530008 49
-3.3466306 7.7200232 8.3639927 44
-3.7636416 7.7335963 8.8060579 53
-4.220695 7.7638302 9.3341703 61
-4.5185494 7.4303913 9.520422 30
-3.556694 7.725194 8.4329576 47
-3.9887342 7.7516012 8.9210634 49
-4.431623 7.7359214 9.4290791 70
-4.5314565 7.0871658 9.2414608 30
-3.7768078 7.7415562 8.5187054 47
-4.2117848 7.7549419 9.023777 55
-4.5057831 7.4724469 9.2421722 36
-4.6780515 6.9688368 9.253047 45
-4.0088468 7.7695589 8.6257725 46
-4.4427457 7.7609224 9.1378078 58
-4.5175915 7.1260953 8.9503727 38
-4.9200463 6.9865904 9.4521065 47
-4.2338004 7.7726235 8.7117958 50
-4.4906735 7.4513526 8.8880968 40
-4.6661482 7.0086312 8.9441118 50
-5.7837615 7.8426132 10.808146 36
-4.4536819 7.753746 8.7807655 54
-4.5095234 7.1169558 8.6053267 39
-4.9001141 7.0165048 9.1031456 47
-6.0657263 7.8531609 11.042191 39
-4.4865208 7.4163103 8.4939919 31
-4.6530571 6.9915667 8.5740461 51
-5.0968819 6.9636674 9.1910372 3
-6.3576899 7.8636413 11.292233 42
-4.4922976 7.0590205 8.1831675 35
-4.9040995 7.022368 8.7401333 50
-6.0056648 7.840601 10.526124 53
-6.6676879 7.885005 11.568304 38
-4.6869602 7.0094395 8.2288876 50
-5.0825953 6.9429073 8.7747841 2
-6.3104148 7.8702946 10.765079 52
-6.9852915 7.8985705 11.85129 35
-4.9267139 7.0203743 8.3520594 44
-5.96208 7.7792864 9.9857769 42
-6.6193585 7.8908701 11.005966 44
-7.307303 7.90312 12.137928 36
-5.740303 7.8035426 9.4073553 46
-6.3064189 7.8568301 10.258389 57
-6.9335122 7.903625 11.247408 42
-7.6785417 7.9473906 12.501549 45
-5.9801602 7.7547278 9.4899387 51
-6.6094418 7.8684945 10.459251 49
-7.2815585 7.9358797 11.537465 40
-7.9757347 7.9008574 12.741903 42
-6.2806544 7.7743444 9.6663847 36
-6.9489436 7.9058328 10.709754 43
-7.6179156 7.9442043 11.806917 46
-8.348628 7.9119453 13.097932 23
-6.6126685 7.8158545 9.8814754 36
-7.2897043 7.9303331 10.954876 51
-8.0144873 7.9973974 12.162213 33
-8.815979 7.9977307 13.597435 26
-6.9869142 7.8884511 10.151948 43
-7.6506891 7.9580398 11.224304 41
-8.3833208 8.0040493 12.46864 40
-9.2459936 8.0278578 14.033903 22
-7.3594337 7.9389505 10.41029 39
-8.0303555 7.9873657 11.512536 37
-8.7199936 7.963501 12.719641 53
-9.2768669 7.7032042 13.866202 15
-7.7243285 7.9623194 10.648437 36
-8.4005318 7.991394 11.781716 45
-9.1235771 7.9708929 13.06769 18
-9.5969572 7.6215453 14.13691 21
-8.1089497 7.9842577 10.904249 45
-8.8188601 8.0204144 12.109431 32
-9.7008734 8.1063004 13.65275 13
-9.784647 7.4268456 14.215248 25
-8.5222483 8.0173712 11.192157 39
-9.2802114 8.0651913 12.486353 49
-10.011802 7.9969378 13.856288 18
-9.9092073 7.1855283 14.209467 17
-8.9550924 8.0507126 11.502351 32
-9.6464262 8.0144043 12.738337 48
-10.091999 7.7024097 13.752645 13
-10.006194 6.9320307 14.179025 13
-9.4143505 8.0720596 11.824086 30
-9.8984604 7.8461614 12.824632 49
-10.295144 7.4945931 13.810882 16
-10.095276 6.6635566 14.129971 6
-9.8341751 8.0481224 12.097026 59
-9.892065 7.4841018 12.594564 50
-10.573346 7.3466763 13.98242 9
-10.173044 6.4027781 14.086322 3
-9.8535948 7.6938066 11.885245 55
-10.296511 7.4320583 12.892755 15
-10.726315 7.1052566 13.991908 26
-10.231094 6.1349721 14.021501 3
-9.9296474 7.3911591 11.754082 37
-10.497996 7.2237272 12.936606 59
-10.769518 6.7968631 13.869518 29
-10.323506 5.8881655 14.009296 3
-10.512938 7.4574947 12.220759 32
-10.493933 6.8774319 12.737476 55
-10.704339 6.4297991 13.618509 42
-10.37102 5.6221519 13.949176 8
-10.694546 7.2219491 12.221749 62
-10.58039 6.5983844 12.661344 85
-10.591455 6.0479145 13.322118 51
-10.399048 5.3513732 13.869544 10
-10.701308 6.8714819 12.030931 60
-10.684426 6.3332844 12.611732 90
-10.587111 5.7385292 13.171532 44
-10.461636 5.1006207 13.843233 8
-10.716416 6.5383158 11.865563 57
-10.745426 6.0459337 12.522613 87
-10.589091 5.442461 13.042384 47
-10.628882 4.9024744 13.961337 11
-10.725569 6.2081542 11.702221 47
-10.754886 5.7365751 12.384189 84
-10.593869 5.1529255 12.923871 49
-10.764092 4.6889429 14.043905 11
-10.725437 5.8796 11.539515 62
-10.7677 5.4340601 12.255614 76
-10.591299 4.8680348 12.806553 57
-10.819973 4.4392018 14.028455 17
-10.74703 5.5736475 11.4128 62
-10.77352 5.1350451 12.129793 67
-10.639754 4.6081576 12.753563 66
-10.858205 4.18682 13.995641 15
-10.750327 5.2629933 11.274828 63
-10.783897 4.8453131 12.018869 70
-10.694252 4.3551245 12.718732 66
-10.860704 3.9220397 13.922771 25
-10.760289 4.9603653 11.153272 54
-10.800039 4.5641022 11.926353 64
-10.738309 4.1022263 12.682221 84
-10.88356 3.6717763 13.889244 37
-10.76629 4.6664481 11.04146 66
-10.815667 4.2857285 11.837762 62
-10.775983 3.8491011 12.641873 74
-10.901172 3.4220974 13.852064 31
-10.775072 4.3757167 10.937114 67
-10.809578 4.0028768 11.733386 66
-10.829948 3.6008663 12.626588 80
-10.869099 3.159281 13.757711 34
-10.779878 4.0888882 10.837808 63
-10.82848 3.7339723 11.664047 73
-10.858736 3.3475454 12.588684 69
-10.715215 2.8659339 13.517836 44
-10.794996 3.8079879 10.760292 63
-10.841478 3.4649737 11.600503 74
-10.887817 3.09569 12.56166 79
-10.107812 2.4738138 12.715782 37
-10.813214 3.534308 10.689551 65
-10.852067 3.1996152 11.534491 75
-10.152205 2.6455033 11.658927 16
-10.119439 2.2512841 12.696017 43
-10.826633 3.2618268 10.620664 59
-10.865181 2.9387927 11.479952 76
-10.085562 2.3930705 11.533232 68
-10.112971 2.0244431 12.658327 30
-10.833121 2.9909828 10.552773 64
-10.040619 2.4704142 10.554108 68
-10.085345 2.1602111 11.489321 70
-10.809908 1.9295996 13.503983 33
-10.009606 2.5107784 9.689743 66
-10.049656 2.2343471 10.510798 66
-10.103171 1.936813 11.469872 5
-10.803761 1.6984189 13.472666 31
-10.030707 2.2718065 9.653595 60
-10.035655 1.9951186 10.449993 44
-10.948621 1.8533679 12.393985 80
-10.893167 1.4780489 13.570152 32
-10.025063 2.0270238 9.5990019 59
-10.898198 1.9139024 11.304037 72
-10.966933 1.6113535 12.387455 62
-10.897492 1.2449929 13.56566 33
-10.867539 1.936884 10.357122 63
-10.91445 1.6637216 11.285563 73
-10.969242 1.3672018 12.367954 76
-10.915833 1.0157011 13.585192 33
-10.88284 1.6725229 10.329366 56
-10.922851 1.4094182 11.26174 73
-10.99876 1.1228026 12.381074 64
-10.813492 0.77412623 13.454221 11
-10.893267 1.4155958 10.306521 54
-10.939322 1.1594405 11.255913 72
-11.009284 0.88183552 12.381269 68
-10.924932 0.55292803 13.604663 31
-10.906986 1.1597574 10.295923 54
-10.955948 0.91308153 11.259361 76
-11.018576 0.64272517 12.392921 78
-10.954994 0.32640088 13.652346 30
-10.920887 0.90567887 10.290613 55
-10.973749 0.66640198 11.268171 71
-11.030465 0.40275759 12.40868 76
-11.06295 0.098628774 13.806091 29
-10.939887 0.64953578 10.294268 57
-10.972753 0.41732648 11.263832 73
-11.041333 0.16263753 12.428462 80
-10.986938 -0.1299978 13.733795 19
-10.943802 0.3933931 10.292116 57
-10.990106 0.1681972 11.284772 70
-11.032108 -0.080460854 12.433353 36
-8.8250971 -0.29357198 11.060791 32
-10.954868 0.13660362 10.305939 61
-10.981671 -0.08066415 11.286444 62
-9.174592 -0.26989782 10.359 7
-8.8119574 -0.47705343 11.06713 46
-10.980387 -0.11807917 10.334123 63
-9.1922522 -0.46967342 10.399376 6
-8.814291 -0.66107255 11.100744 49
-10.989635 -0.37607148 10.354471 63
-9.1808958 -0.66963762 10.410699 6
-8.8151007 -0.84514457 11.134043 47
-11.014237 -0.63522559 10.395497 67
-9.1768961 -0.87039131 10.433801 8
-8.82129 -1.0308397 11.17815 54
-11.025157 -0.89109963 10.427358 58
-9.175766 -1.068469 10.464208 7
-8.82411 -1.2140418 11.220766 48
-11.047555 -1.1548703 10.479623 65
-9.1552582 -1.2673645 10.480718 5
-10.956799 -1.73499 13.984315 5
-11.054812 -1.4159535 10.524036 62
-9.6210585 -1.3828179 10.039624 2
-10.906114 -1.9580295 13.98083 4
-11.078008 -1.6843244 10.59146 71
-10.916399 -2.1954336 14.061311 6
-11.094202 -1.9526857 10.658879 66
-10.855641 -2.4172211 14.055902 7
-11.100266 -2.2226837 10.72344 56
-10.790177 -2.6356928 14.047993 5
-11.112325 -2.4968088 10.801347 58
-10.734571 -2.8574777 14.0575 4
-10.247349 -2.5556669 10.030004 2
-10.703939 -3.0874133 14.104997 6
-11.115774 -3.0479701 10.958163 15
-10.704278 -3.3265305 14.197479 8
-11.067034 -3.3168323 10.999573 5
-9.3034372 -2.8850589 10.133063 1
-10.547799 -3.5177894 14.089025 16
-10.108324 -3.290262 10.137388 2
-10.164639 -3.6238117 13.677686 14
-10.02171 -3.5219796 10.145855 4
-9.9862261 -3.7939508 13.542273 5
-9.9031191 -3.7435405 10.128349 3
-9.3130331 -3.6736534 11.457359 2
-10.453918 -4.219739 14.293471 20
-9.2644548 -3.8875473 11.505888 3
-10.384336 -4.4405189 14.320979 21
-11.168962 -4.9719419 14.00603 9
-10.296771 -4.6541882 14.327503 21
-11.102251 -5.2318192 14.070467 8
-10.203199 -4.8678703 14.332031 20
-10.977598 -5.4653831 14.067991 6
-10.132539 -5.0926704 14.374613 21
-10.903809 -5.7262158 14.138544 4
-10.036894 -5.3043222 14.385256 15
-9.3342829 -5.118856 10.295501 6
-10.830011 -5.9900632 14.216091 5
-9.9332542 -5.5149465 14.392901 13
-11.529103 -6.6885209 14.036887 3
-10.735249 -6.2438149 14.274655 10
-9.8096619 -5.7114639 14.374571 11
-11.383948 -6.9514308 14.066545 6
-10.625957 -6.4910021 14.320394 15
-9.6923542 -5.9136405 14.371428 13
-11.190488 -7.1854429 14.044361 8
-10.492495 -6.7272272 14.3422 27
-9.5959759 -6.1289382 14.404259 19
-11.029926 -7.439631 14.072138 5
-10.362005 -6.9628878 14.373302 22
-9.4747429 -6.3300242 14.406522 22
-9.1423912 -6.5048666 10.973181 48
-10.901928 -7.7129378 14.147507 4
-10.208358 -7.1831226 14.379471 15
-9.365159 -6.5375409 14.43059 24
-9.1724167 -6.8524156 11.224029 49
-10.824074 -8.0287352 14.297481 12
-10.072747 -7.4155641 14.417547 11
-9.2406273 -6.7349916 14.437688 14
-9.1924496 -7.2049131 11.477901 33
-10.677402 -8.2971878 14.368547 16
-9.8852882 -7.6117859 14.388664 10
-9.1211567 -6.9398217 14.458595 16
-11.11536 -9.1377048 14.171177 4
-10.466014 -8.5162554 14.359093 20
-9.7228661 -7.8262534 14.399145 17
-9.009656 -7.1504416 14.496176 11
-10.958508 -9.4452906 14.284651 8
-10.282326 -8.7576056 14.395719 17
-9.5702248 -8.048687 14.432807 17
-8.8322134 -7.3106375 14.435935 9
-10.679967 -9.6462421 14.247327 17
-10.069718 -8.9748163 14.399381 9
-9.3976316 -8.2580261 14.443488 23
-8.7036362 -7.5101233 14.458641 20
-10.251904 -9.7024565 14.011185 12
-9.8496151 -9.1821947 14.39567 14
-9.224515 -8.4629107 14.456139 21
-8.5788612 -7.7167268 14.490952 21
-9.7984991 -9.7130833 13.729101 14
-9.648737 -9.4097557 14.42739 17
-9.0732203 -8.6941013 14.512407 10
-8.4376831 -7.9108481 14.50377 20
-9.4660921 -9.8315306 13.614933 11
-9.4084377 -9.5950909 14.405432 17
-8.8433409 -8.8457212 14.446873 14
-8.2882318 -8.0974293 14.511313 27
-9.7658262 -10.62703 14.437308 17
-9.1101933 -9.7180443 14.301065 14
-8.6847763 -9.0713949 14.50833 16
-8.1417294 -8.2890329 14.530875 19
-9.4922857 -10.821243 14.439873 22
-8.7859211 -9.8027925 14.155889 11
-8.4871378 -9.2547693 14.510018 16
-7.990036 -8.4785595 14.548572 22
-9.2375603 -11.036538 14.479503 11
-8.3828926 -9.7840319 13.877955 12
-8.2983971 -9.4501629 14.534738 16
-7.8390107 -8.6687737 14.573516 17
-8.9504108 -11.214025 14.479842 17
-8.0479136 -9.828825 13.70767 11
-8.0888739 -9.6215162 14.532268 17
-7.6657867 -8.837533 14.566705 21
-8.6805258 -11.405901 14.509809 28
-7.801456 -9.9769926 13.689372 5
-7.8541956 -9.7637777 14.489065 17
-7.4591441 -8.9667845 14.499572 3
-8.3995762 -11.581178 14.527645 22
-8.0455322 -10.777336 14.560186 17
-7.5856409 -9.8560066 14.382425 11
-7.3331766 -9.1968594 14.594673 18
-8.1255684 -11.76693 14.565901 26
-7.7994747 -10.945209 14.574428 15
-7.2761073 -9.8832293 14.194364 8
-7.1760559 -9.3889341 14.638327 16
-7.8343921 -11.922313 14.576332 15
-7.5631771 -11.131769 14.616851 5
-6.9314013 -9.8528938 13.93322 10
-7.0026941 -9.5664883 14.658916 18
-7.5450459 -12.078514 14.597016 13
-7.3038177 -11.283942 14.624623 15
-6.663269 -9.9197483 13.821204 10
-6.8142934 -9.7257338 14.654742 16
-7.2586441 -12.239621 14.634844 13
-7.0384779 -11.423018 14.623488 12
-6.4130754 -10.006732 13.748154 5
-6.6019883 -9.8528414 14.608628 20
-6.9662743 -12.389703 14.664691 14
-6.7980132 -11.605282 14.68428 13
-6.6237054 -10.841832 14.695816 13
-6.3429093 -9.903635 14.456645 11
-6.6659508 -12.521752 14.685572 12
-5.5735393 -10.017969 12.539104 50
-6.3933926 -10.992252 14.708108 11
-6.0570459 -9.9066286 14.243105 11
-6.3635149 -12.64836 14.70654 11
-6.2901545 -11.929379 14.771931 4
-6.1567416 -11.131856 14.71257 8
-5.7438059 -9.8522263 13.961605 9
-6.0675459 -12.781516 14.744863 9
-6.0032492 -12.025292 14.747438 11
-5.9289141 -11.289033 14.744959 11
-5.5234613 -9.943284 13.894522 6
-5.7591419 -12.889373 14.763885 9
-5.739922 -12.171882 14.792679 9
-5.6926026 -11.428688 14.763159 10
-5.3032985 -10.033981 13.834711 6
-5.4489527 -12.98635 14.780868 9
-5.458591 -12.271523 14.788243 10
-5.4522161 -11.567635 14.783605 10
-5.4598083 -10.875818 14.797966 9
-5.1506186 -13.10709 14.830371 10
-5.1783509 -12.377777 14.800137 9
-5.2158904 -11.714595 14.823749 9
-5.2504516 -11.02733 14.818412 11
-4.848361 -13.221219 14.88518 9
-4.9090428 -12.503175 14.843706 9
-4.9745588 -11.851369 14.855987 9
-5.0371394 -11.177505 14.841311 13
-4.5283685 -13.274449 14.877905 7
-4.6239667 -12.595638 14.852259 3
-4.7234268 -11.966913 14.865519 7
-4.8169494 -11.316113 14.851825 8
-4.2172933 -13.349695 14.903665 6
-4.3537245 -12.719848 14.908119 7
-4.4681921 -12.079885 14.879567 6
-4.6095061 -11.490107 14.914923 4
-3.9180191 -13.45951 14.977909 7
-4.0676646 -12.80125 14.921666 7
-4.2170405 -12.199503 14.908925 6
-4.3694305 -11.592747 14.888192 8
-3.5931754 -13.479094 14.960268 5
-3.782542 -12.882423 14.940536 5
-3.9578609 -12.304729 14.925759 6
-4.1411791 -11.727047 14.907982 8
-3.280112 -13.534227 14.98918 4
-3.4973929 -12.971633 14.977395 7
-3.7014387 -12.421134 14.961499 6
-3.9084342 -11.862662 14.934612 9
-2.9652195 -13.582812 15.019799 5
-3.210135 -13.054456 15.010876 5
-3.4350936 -12.519019 14.979963 5
-3.6799636 -12.017706 14.988008 5
-2.6519527 -13.628571 15.056284 6
-2.919168 -13.115124 15.028425 6
-3.1713345 -12.619658 15.009522 3
-3.4235895 -12.096119 14.951671 8
-2.33496 -13.642822 15.065078 5
-2.6320016 -13.193513 15.074116 6
-2.913049 -12.744147 15.073143 5
-3.1833155 -12.223587 14.982298 4
-2.0307729 -13.720254 15.151761 5
-2.3399031 -13.248853 15.097848 4
-2.6379256 -12.814489 15.077857 5
-2.9370635 -12.343036 15.008936 6
-1.7128741 -13.69947 15.13962 5
-2.0399601 -13.25107 15.071686 6
-2.3618712 -12.867665 15.071735 6
-2.6828964 -12.447162 15.020847 6
-1.4048769 -13.732432 15.195784 6
-1.741156 -13.23275 15.02905 5
-2.0904973 -12.960594 15.117702 5
-2.4361141 -12.590191 15.087511 6
-1.0891176 -13.673249 15.157739 5
-1.4568129 -13.335911 15.13263 4
-1.8153979 -13.03763 15.150444 5
-2.1751525 -12.681223 15.096362 5
-0.77908111 -13.695585 15.211902 5
-1.1618769 -13.36723 15.156882 7
-1.5355462 -13.090114 15.158613 4
-1.9123024 -12.784924 15.119401 5
-0.47027281 -13.663866 15.219845 8
-0.86796278 -13.387724 15.180588 5
-1.2515768 -13.137604 15.169271 5
-1.6462371 -12.872463 15.134992 4
-0.57396787 -13.412889 15.215612 6
-0.97245228 -13.202626 15.209392 5
-1.3760458 -12.956275 15.152242 4
-0.28102574 -13.438389 15.261281 4
-0.68563157 -13.199089 15.177011 6
-1.1049728 -13.052007 15.191574 5
0.44215503 -13.543624 15.261809 5
0.013517205 -13.302285 15.127555 5
-0.40247604 -13.282396 15.25088 7
-0.8298223 -13.142259 15.228435 5
0.740969 -13.490794 15.275925 7
0.30765936 -13.371638 15.235443 5
-0.11238252 -13.278602 15.230817 3
-0.54724008 -13.209681 15.246122 8
1.0343724 -13.360116 15.209814 5
0.6006816 -13.357243 15.253993 4
0.17592727 -13.330328 15.281219 3
-0.26283181 -13.304437 15.298459 4
1.3324842 -13.324751 15.257328 4
0.89347708 -13.325768 15.261612 6
0.46443343 -13.312749 15.259914 4
1.6202326 -13.236062 15.252336 4
1.1822804 -13.265047 15.241565 9
0.75337487 -13.30706 15.257763 5
0.3124851 -13.357093 15.269954 5
1.9059637 -13.140375 15.244358 5
1.4701852 -13.236411 15.264459 7
1.0433484 -13.310405 15.273596 5
0.6004197 -13.357347 15.235793 5
2.1866906 -13.041708 15.239388 6
1.7570204 -13.182745 15.268401 3
1.329157 -13.264544 15.239645 5
0.89137423 -13.3764 15.230844 5
2.460288 -12.917653 15.213825 4
2.0407376 -13.115573 15.261853 5
1.6234101 -13.279554 15.283851 4
1.1818435 -13.394442 15.231924 5
2.7380886 -12.834001 15.243092 5
2.3206022 -13.037831 15.251003 5
1.9060389 -13.211618 15.238975 5
1.4774692 -13.38641 15.211958 5
3.0040367 -12.702965 15.221351 7
2.5986605 -12.953787 15.239181 5
2.1921749 -13.163554 15.225093 6
1.7676355 -13.358298 15.175049 5
3.2750664 -12.598985 15.237544 4
2.8747325 -12.873764 15.237341 5
2.482384 -13.139541 15.245155 7
2.0698431 -13.39031 15.214063 7
3.5327332 -12.461014 15.219906 5
3.1463814 -12.768835 15.214626 3
2.7690816 -13.086705 15.238303 5
2.3697395 -13.394564 15.229012 7
3.7883987 -12.334427 15.219017 5
3.4262512 -12.717289 15.258573 6
3.0610139 -13.066119 15.27619 5
2.674742 -13.40794 15.261831 4
4.047102 -12.213878 15.233097 6
3.6868966 -12.586637 15.21667 7
3.3376606 -12.975384 15.23926 4
2.9734406 -13.373137 15.246842 6
4.2895632 -12.061216 15.212331 5
3.948415 -12.466922 15.193843 6
3.6294274 -12.929687 15.263274 6
3.2772713 -13.345328 15.248842 5
4.5408154 -11.929768 15.224218 7
4.2216511 -12.382788 15.219193 6
3.9034984 -12.819842 15.21517 7
3.5764754 -13.288974 15.22207 7
4.7845683 -11.786353 15.224751 4
4.4826851 -12.261042 15.204062 7
4.187851 -12.746779 15.219348 6
3.8851008 -13.265552 15.242577 6
5.0211768 -11.637786 15.224899 8
4.7443838 -12.153419 15.215135 3
4.463532 -12.64705 15.200417 7
4.1747556 -13.170712 15.191648 9
5.2466726 -11.470153 15.208165 8
4.9929547 -12.018727 15.197327 7
4.4755216 -13.114927 15.191663 8
5.4801102 -11.325676 15.223397 4
5.2412133 -11.878656 15.181247 8
5.3410969 -10.46431 14.269544 6
5.4775062 -11.725524 15.152238 8
5.287199 -12.348133 15.18533 9
5.6415319 -10.48827 14.517735 7
5.7284207 -11.60518 15.172667 7
5.5578761 -12.236472 15.182642 8
5.3753924 -12.89678 15.186583 7
5.9429307 -10.499644 14.757607 6
5.9793983 -11.478248 15.191843 7
5.8238444 -12.113449 15.169823 7
5.6704054 -12.794684 15.168729 12
6.19907 -10.420901 14.883653 8
6.2525091 -11.394377 15.274917 4
6.093823 -11.995448 15.172982 10
5.9672923 -12.697635 15.162931 9
6.5102124 -10.426315 15.140681 12
6.067884 -10.515788 14.286806 6
6.3362417 -11.82365 15.11437 4
6.7158146 -10.259886 15.154883 12
6.3709536 -10.510464 14.478658 6
6.6210346 -11.73312 15.165384 8
6.9053741 -10.075461 15.146114 14
6.7212124 -10.565207 14.767377 7
6.8755851 -11.586523 15.152553 12
5.8489766 -10.562904 12.945975 3
7.1028581 -9.9020233 15.160377 13
7.0502024 -10.571866 15.001257 10
7.1331487 -11.441907 15.151742 8
7.1488614 -12.250811 15.159403 4
7.2839527 -9.7086115 15.148393 14
7.3273869 -10.486618 15.116611 14
6.9539084 -10.626071 14.256198 6
7.4457645 -12.122733 15.159716 13
7.4600577 -9.5147457 15.134284 15
7.5630422 -10.339532 15.148676 12
7.2711792 -10.596853 14.411385 11
7.7279396 -11.971137 15.14152 6
7.633563 -9.3203297 15.128556 11
7.7725701 -10.162017 15.143913 11
7.630311 -10.613412 14.644185 7
8.004468 -11.812404 15.121729 13
7.8050175 -9.1268673 15.126904 14
7.9298344 -9.9164057 15.044374 3
7.975307 -10.594912 14.842103 9
8.2870045 -11.658677 15.118948 16
7.9191284 -8.8755293 15.029441 3
8.1671619 -9.7712746 15.102086 12
8.3137856 -10.55131 15.019423 12
8.0929413 -10.859313 14.279212 2
8.1331615 -8.7325592 15.121257 13
8.3721991 -9.5887547 15.108713 11
8.5962009 -10.428992 15.098231 14
8.3520155 -10.698113 14.273065 10
8.2777176 -8.5208225 15.09919 15
8.5616693 -9.3911057 15.097564 15
8.8438578 -10.262369 15.120902 12
8.6742687 -10.610386 14.377463 10
8.4258795 -8.3172188 15.091824 19
8.7651215 -9.209342 15.1181 14
9.0652409 -10.061489 15.102481 14
9.1485767 -10.687528 14.7204 11
8.575264 -8.1155586 15.093404 14
8.9374657 -8.9965725 15.091706 15
9.2886438 -9.8656263 15.097047 13
9.558569 -10.668617 14.950562 14
8.7306757 -7.9209104 15.110966 14
9.1138315 -8.7888184 15.0803 15
9.5572023 -9.7147856 15.16951 7
9.8982258 -10.558694 15.068939 16
8.8559246 -7.7033014 15.086603 15
9.3001022 -8.5901375 15.089905 11
9.7332516 -9.4650154 15.100244 16
10.174574 -10.374813 15.093465 18
8.9993134 -7.5037141 15.100116 14
9.4504776 -8.3604126 15.050423 4
9.9568224 -9.2651844 15.112615 13
10.417047 -10.148938 15.070849 4
9.1358194 -7.2982306 15.106471 13
9.6680946 -8.1899023 15.122654 10
10.162263 -9.0486202 15.104915 14
10.680526 -9.9452772 15.087098 16
9.2552586 -7.0828934 15.093802 16
9.8145256 -7.9585414 15.089914 16
10.339656 -8.8061752 15.063171 11
10.922975 -9.7197371 15.080285 19
9.3587122 -6.8586555 15.062074 13
9.9689407 -7.7361484 15.078235 14
10.594218 -8.6256781 15.137367 6
11.17841 -9.5021429 15.097547 17
9.4671774 -6.6413813 15.047375 7
10.116608 -7.5088453 15.063294 12
10.771852 -8.3822575 15.108445 13
11.36288 -9.219655 15.023669 6
9.6201439 -6.4557419 15.108933 8
10.270145 -7.2880797 15.065171 14
10.955244 -8.1454706 15.099352 16
9.7594185 -6.2576861 15.148373 8
10.413865 -7.0611401 15.055821 11
11.128427 -7.9006829 15.080206 12
9.8395872 -6.0275292 15.109952 13
10.555389 -6.8329144 15.054043 7
11.312313 -7.6613045 15.082058 9
11.926897 -8.4026432 14.884296 16
9.9360323 -5.8098526 15.100782 15
10.749723 -6.6365094 15.127645 7
11.443581 -7.3868566 15.020005 5
12.072132 -8.0979815 14.798374 43
10.015274 -5.5813227 15.070103 18
10.857154 -6.387363 15.090207 11
11.592185 -7.1247673 14.992313 2
12.066006 -7.7029614 14.545225 51
10.128633 -5.3744755 15.097531 14
10.982148 -6.1495562 15.084893 13
11.667625 -6.8227019 14.881266 5
11.962678 -7.2581749 14.190618 43
10.237449 -5.1658669 15.123251 9
11.102934 -5.9088569 15.076553 14
11.781868 -6.5438571 14.824306 8
11.955825 -6.88696 13.968867 50
9.7366362 -4.6653113 14.269246 7
11.219596 -5.6663709 15.071622 15
11.982172 -6.3099909 14.883991 14
11.98735 -6.5427766 13.800467 59
10.246748 -4.6523685 14.891547 10
11.33883 -5.4238458 15.074516 13
12.098328 -6.0323601 14.843939 16
12.022204 -6.2073135 13.647677 54
10.432659 -4.4785089 15.044752 14
10.787798 -4.8814602 14.208189 3
12.160684 -5.7314148 14.751373 29
12.105153 -5.9067335 13.565441 72
10.512164 -4.2628741 15.052969 11
11.01293 -4.7055364 14.371942 7
11.513695 -5.122417 13.819955 8
12.192725 -5.6072693 13.493762 75
10.552903 -4.0285749 15.008222 8
11.510297 -4.6261315 14.885698 9
11.474154 -4.8030477 13.629379 52
11.513115 -4.9801712 12.596024 57
10.645933 -3.8161447 15.042378 8
11.658215 -4.3985176 14.951906 7
11.482696 -4.5085039 13.505836 47
11.539536 -4.6786661 12.482544 59
10.725316 -3.5999119 15.064805 9
11.73047 -4.1433787 14.928403 5
12.090698 -4.4391503 14.087748 38
11.828099 -4.4803424 12.659801 11
10.83386 -3.3887653 15.130137 10
11.771888 -3.8761573 14.871831 5
12.084045 -4.1338973 13.959229 50
12.343126 -4.3538189 13.078715 58
10.862817 -3.1566212 15.089946 10
11.839559 -3.6196122 14.854721 4
12.083506 -3.8359118 13.845288 61
12.361547 -4.0424528 12.977851 51
10.918129 -2.93292 15.092521 10
11.881989 -3.357841 14.814352 6
12.12293 -3.5562859 13.786942 44
12.375869 -3.7362976 12.88351 49
10.967608 -2.7082906 15.091939 10
11.99043 -3.1125975 14.860732 5
12.14634 -3.2723448 13.716194 44
12.39236 -3.4312468 12.796587 60
11.009566 -2.482188 15.083709 9
12.078346 -2.8613737 14.886486 7
12.174016 -2.9900982 13.657186 44
12.40586 -3.1279898 12.716792 54
11.06922 -2.2599518 15.106962 11
12.127881 -2.5991042 14.871796 12
12.208425 -2.7118909 13.61556 60
12.425153 -2.8308327 12.651237 58
11.084669 -2.0268466 15.0733 11
12.166268 -2.3359702 14.851174 12
12.242773 -2.4337475 13.579965 59
12.443516 -2.5327144 12.593571 54
11.138387 -1.8037807 15.097357 8
12.214007 -2.0769143 14.846194 15
12.282535 -2.1586788 13.555945 59
12.44617 -2.2343814 12.525721 62
11.135813 -1.5721329 15.050852 12
12.242857 -1.812726 14.825514 15
12.312222 -1.8815287 13.529364 59
12.460723 -1.9435326 12.479176 52
11.168894 -1.3446465 15.054926 13
12.257242 -1.5496603 14.793919 27
12.330593 -1.606452 13.497774 61
12.47506 -1.6514535 12.440603 61
11.197481 -1.1194872 15.061855 16
12.295642 -1.2897722 14.802089 20
12.353016 -1.3327916 13.479986 63
12.48855 -1.3620499 12.410756 61
11.209087 -0.89144748 15.048018 11
12.300638 -1.0249765 14.771073 16
12.385654 -1.0579637 13.478124 59
12.506 -1.0731056 12.390177 65
11.191479 -0.66136312 15.000607 16
12.325721 -0.76221186 14.770807 20
12.395278 -0.77860814 13.45661 73
12.539334 -0.78187042 12.392161 48
11.167553 -0.43330264 14.949985 14
12.322513 -0.49753618 14.747422 16
12.408883 -0.50247228 13.450386 59
12.532377 -0.49070367 12.363275 52
11.253182 -0.20614421 15.050257 15
12.351109 -0.23451 14.763659 17
12.433446 -0.22650041 13.45963 65
12.553853 -0.20071538 12.367608 50
11.263739 0.021849362 15.052576 13
12.345579 0.028477527 14.745046 19
12.434896 0.048485771 13.45003 59
12.561284 0.086269148 12.366021 53
11.281303 0.24783677 15.070897 13
12.363953 0.29144165 14.76251 19
12.442142 0.32642466 13.454614 58
12.575425 0.37719199 12.378716 54
11.258376 0.47772685 15.040579 10
12.368981 0.55732745 14.771261 24
12.445184 0.60331106 13.462383 69
12.600475 0.67108971 12.411504 59
11.232573 0.70463246 15.010173 7
11.733985 0.78003716 14.024055 4
12.43853 0.88424295 13.465888 26
11.841704 0.90457278 11.680151 55
11.244164 0.9366256 15.034439 13
11.684523 1.0290109 13.978337 20
11.734836 1.097882 12.725385 31
11.853203 1.1865424 11.711457 58
11.180726 1.1616018 14.962732 12
11.708058 1.2859752 14.02567 15
11.773343 1.3668395 12.789755 49
11.858681 1.4644781 11.742854 61
10.639099 1.3244851 14.259215 12
11.707686 1.5397424 14.050842 5
12.433154 1.7289755 13.533614 55
12.661516 1.8618342 12.56953 58
11.18522 1.6235423 15.009787 8
12.345613 1.8930732 14.843603 9
12.432775 2.0100086 13.570724 52
12.662044 2.1637666 12.612748 53
11.197798 1.8595142 15.055046 8
12.317111 2.1599848 14.849938 9
12.431259 2.2958965 13.615086 45
12.673432 2.4697313 12.677265 60
11.182216 2.0916557 15.067521 8
12.243461 2.4190867 14.808475 7
12.418616 2.5819921 13.655616 48
12.685925 2.7788107 12.749518 55
11.130033 2.3187723 15.035419 10
12.177252 2.6792068 14.780318 5
12.433661 2.879319 13.731854 46
12.703424 3.0953946 12.835158 58
11.117584 2.5564485 15.062231 8
12.126665 2.9449477 14.778223 4
12.444712 3.176959 13.813351 49
12.715786 3.4147727 12.925508 52
11.042081 2.777837 15.009505 8
12.135097 3.2242763 14.854554 4
12.446103 3.4771619 13.892746 52
12.740139 3.7398465 13.035988 52
10.990536 3.0047832 14.993975 7
12.07553 3.4861209 14.856046 4
12.488537 3.7890062 14.024223 36
12.762565 4.068665 13.153447 58
10.926126 3.2286646 14.965268 10
12.064033 3.7648797 14.92126 4
12.550158 4.1158314 14.18714 45
12.755309 4.393456 13.249052 72
10.902096 3.4658918 14.99564 8
12.010616 4.0360756 14.943899 5
12.624537 4.4588876 14.374067 33
12.756547 4.7282538 13.365292 62
10.847435 3.6964285 14.993001 8
11.961234 4.3063064 14.977272 9
12.692803 4.8050508 14.565432 44
12.721756 5.056427 13.452715 59
10.790488 3.9281514 14.991971 10
11.887139 4.5754561 14.989162 10
12.694822 5.1374903 14.692404 33
12.664735 5.3807654 13.528698 53
10.773029 4.1750584 15.051259 11
11.802611 4.8374 14.993483 12
12.638223 5.4474807 14.759744 17
12.621118 5.7107258 13.62605 41
10.691297 4.3935156 15.02951 15
11.700024 5.0864067 14.983888 12
12.553738 5.7414255 14.807228 10
12.637706 6.071064 13.802459 41
10.598265 4.6134076 14.994226 17
11.60982 5.3454142 14.993753 12
12.370422 5.9932733 14.740286 7
12.34641 6.2827373 13.646589 14
10.531901 4.8452868 15.003467 13
11.504412 5.6022034 14.993057 11
12.288959 6.2989941 14.804655 4
12.054934 6.4903798 13.498055 41
10.455338 5.0743017 15.003911 11
11.408787 5.8641815 15.012549 9
12.114328 6.5548983 14.765161 8
12.079326 6.8703194 13.709398 49
10.389177 5.3103447 15.024774 10
11.213615 6.0721254 14.905423 5
11.790486 6.727953 14.548375 13
11.615012 6.9715152 13.376783 25
10.307635 5.5438643 15.032541 11
11.116985 6.3377137 14.938148 8
11.67244 7.0123935 14.590723 14
11.138578 7.039474 13.024993 17
10.176098 5.7491336 14.970777 8
10.962402 6.5688691 14.898438 14
11.048134 6.9792218 14.003928 12
10.616288 7.0581489 12.616262 23
10.087566 5.9790039 14.98024 8
10.631004 6.6875405 14.624866 10
10.496932 6.9627104 13.499269 17
10.119118 7.0675807 12.230584 22
9.9961872 6.2067871 14.98954 12
10.589508 6.9821606 14.751164 13
10.144811 7.0612564 13.247138 30
9.666254 7.0900612 11.892076 29
9.9093246 6.4447007 15.014815 14
10.254247 7.0851073 14.475424 14
9.7105055 7.0868564 12.883673 16
9.2428675 7.1143904 11.584916 28
9.7255869 6.6182985 14.900058 14
9.6734219 6.9979863 13.850696 12
9.2991571 7.1105895 12.547863 12
8.8324957 7.1291676 11.28911 25
9.4272032 6.7105474 14.61437 11
9.2582464 7.0117183 13.456302 15
8.8853989 7.1213756 12.207615 16
8.4307699 7.1378121 11.00186 23
9.4679174 7.0425334 14.855228 17
8.9659853 7.1024556 13.235498 35
8.5072584 7.1360879 11.905725 23
7.1877027 6.3759489 9.5925207 37
9.1676378 7.1234379 14.573379 13
8.6356525 7.1506896 12.956474 15
7.2869749 6.3957233 10.405318 27
6.9124045 6.4230151 9.434556 33
8.6667871 7.0333953 13.967603 15
7.3249617 6.3387322 11.18728 5
6.9723082 6.4022913 10.159313 27
6.9192762 6.734787 9.6636086 36
8.3226013 7.0491443 13.60612 15
7.0839257 6.4065242 11.016123 29
6.8780775 6.6048894 10.235399 32
6.9139218 7.0463505 9.892787 38
7.2324905 6.3909955 12.011942 17
6.8527002 6.4733467 10.858202 26
6.8865237 6.9178052 10.475617 36
6.6916981 7.1410165 9.8229361 53
6.9603539 6.4177337 11.746072 20
6.8553128 6.7632031 11.074438 35
6.8192692 7.1636071 10.613806 39
6.4317198 7.1916347 9.7010422 48
6.8212161 6.5615525 11.704219 29
6.8599935 7.0699153 11.310781 34
6.5017571 7.1449661 10.370933 27
6.1601591 7.2140474 9.5541506 41
6.838274 6.8632555 11.938421 21
6.7111053 7.2246165 11.304845 26
6.2056499 7.1336508 10.153032 36
5.8829775 7.2176356 9.3939428 45
6.8329134 7.1520472 12.144343 33
6.4321308 7.2342358 11.08165 31
5.9486675 7.1532741 9.9918556 37
5.6230807 7.2312608 9.25912 42
6.6166892 7.228806 11.99254 27
6.1530223 7.2308779 10.854816 40
5.6895652 7.1618509 9.8270292 51
5.3749847 7.2498202 9.140296 47
6.3465438 7.2364488 11.740714 19
5.8819313 7.2265 10.638971 35
5.4904103 7.2364955 9.7622042 56
5.1289401 7.2604299 9.021431 48
6.08145 7.2401414 11.494847 25
5.5929294 7.1861358 10.38308 37
5.2733269 7.2861185 9.6693573 50
4.8909287 7.2730131 8.9125681 48
5.8292456 7.2471294 11.274741 30
5.3361778 7.1772213 10.188632 39
5.0067282 7.2573814 9.4887295 49
4.6583462 7.2834282 8.8149319 44
5.5945239 7.27177 11.083446 34
5.1011891 7.1829696 10.023582 40
4.7806864 7.2731261 9.3697863 49
4.4472942 7.3191805 8.7509642 42
5.3464718 7.2656665 10.860452 32
4.8791103 7.2008266 9.8815966 52
4.5595288 7.2862372 9.25667 47
4.2241187 7.3241863 8.6579008 42
5.1182041 7.2778225 10.674418 28
4.6861863 7.2550216 9.7968149 55
4.3497524 7.3132396 9.1657763 47
4.0113797 7.3402867 8.5807953 47
4.8475614 7.2204385 10.39617 33
4.486269 7.2910714 9.6954031 53
4.13587 7.3199677 9.0595846 48
3.803504 7.3558087 8.5147638 45
4.6167169 7.2089701 10.197159 38
4.2901397 7.3278742 9.6024179 47
3.930788 7.3367424 8.9735928 53
3.5954669 7.3605251 8.4417887 47
4.4046364 7.2177444 10.037219 35
4.0631714 7.3046007 9.4384785 47
3.7298374 7.3524346 8.8916969 52
3.3915942 7.3652163 8.3758802 54
4.2027287 7.2335353 9.8943052 40
3.870152 7.3342996 9.3506365 48
3.5240393 7.3509965 8.7979107 52
3.1950617 7.3747258 8.3220654 57
4.003211 7.2471538 9.7564049 48
3.6756349 7.3529172 9.2557325 47
3.3323071 7.3687024 8.7309237 51
3.0020132 7.3884425 8.2771091 56
3.8411121 7.3221316 9.7071886 50
3.4827249 7.3649011 9.1585016 51
3.1414144 7.3776884 8.6607084 55
2.8061552 7.3794346 8.212904 45
3.6570272 7.3549027 9.608386 47
3.2896767 7.3706369 9.0606194 49
2.9513764 7.385355 8.5948334 56
2.6231098 7.4010401 8.1890421 52
3.447988 7.3335791 9.4465027 45
3.0996318 7.3763018 8.9687414 47
2.7663496 7.3970127 8.5389481 52
2.4391098 7.4106936 8.156146 50
3.2619393 7.3493137 9.3376045 45
2.9106276 7.3820071 8.8828316 51
2.5833616 7.4076891 8.4870472 52
2.2531633 7.4073434 8.1152411 49
3.0779316 7.363008 9.2347164 43
2.7286367 7.394671 8.8109503 50
2.4023678 7.420361 8.4430923 53
2.0751538 7.4220347 8.0981894 51
2.8898926 7.3628049 9.1195946 44
2.549597 7.4094434 8.7448378 52
2.2223771 7.4270859 8.3970451 55
1.8962117 7.4257078 8.0752363 51
2.720866 7.4065075 9.0637236 40
2.3726294 7.4231348 8.6849442 50
2.0424488 7.4237671 8.3441401 51
1.5403528 6.6657343 7.2347617 26
2.5398922 7.4132228 8.9688282 46
2.1926856 7.4218345 8.6130409 53
1.8665079 7.4324417 8.3112431 51
1.3834195 6.675426 7.2288556 53
2.3579276 7.4149384 8.8729286 45
2.0197182 7.4395285 8.5661507 50
1.5156239 6.6665201 7.4267626 60
1.2284896 6.6841211 7.2249479 54
2.1839497 7.4296556 8.7980356 49
1.8447706 7.4452267 8.5112495 52
1.3616858 6.6752038 7.4058719 54
1.0745776 6.6857495 7.2190742 52
2.0099509 7.4402814 8.7241917 51
1.4947709 6.6672158 7.5798488 61
1.2075955 6.6837802 7.3880544 51
1.0175329 7.3778973 7.9547853 20
1.8348025 7.444941 8.6483622 48
1.34275 6.6799011 7.5469866 54
1.057665 6.6964459 7.3791957 46
0.86152869 7.4933834 8.0780649 56
1.4889842 6.6799464 7.6999764 43
1.1899102 6.6834898 7.5081835 51
1.0009029 7.3915272 8.1169662 37
0.69367296 7.5059466 8.0962334 51
1.334049 6.6806464 7.6360817 51
1.0379522 6.6882205 7.4752522 41
0.84381157 7.491178 8.2080908 48
0.52473056 7.5086546 8.1062813 42
1.1820589 6.6874361 7.5851316 50
0.99195832 7.4654255 8.2979403 39
0.67586106 7.4909096 8.1951351 49
0.3547864 7.5153522 8.1263342 44
1.0332171 6.7102256 7.5561638 33
0.82614183 7.4891801 8.2899694 50
0.51006585 7.5096536 8.2071571 49
0.18702409 7.5200925 8.1493406 44
0.98323792 7.4794664 8.3568258 31
0.65916759 7.4949317 8.2670126 49
0.3421157 7.5083909 8.2011938 49
0.020066241 7.5357962 8.186389 45
0.81524241 7.4912238 8.3178844 45
0.491191 7.5036631 8.2500782 46
0.17515488 7.5210009 8.2143631 49
-0.14685176 7.5413599 8.2185764 45
0.64728725 7.5068111 8.2880898 44
0.32427067 7.5182104 8.2452946 46
0.0079788547 7.5275931 8.2265396 47
-0.3161144 7.5519509 8.2597427 44
0.4789826 7.5105128 8.2482481 46
0.15696314 7.5289102 8.2394361 43
-0.15903126 7.5393052 8.247613 46
-0.48501748 7.5586429 8.3008051 43
0.30904233 7.515264 8.2143154 48
-0.009947557 7.5346465 8.2325926 45
-0.32693473 7.5549979 8.2768421 49
-0.65490872 7.5722952 8.355052 43
0.14109057 7.5319901 8.1985302 45
-0.17889805 7.5433397 8.2337284 46
-0.49487463 7.5566764 8.2949266 46
-0.82584566 7.5799336 8.4071474 41
-0.027914967 7.53967 8.17764 40
-0.34655872 7.5453434 8.2305441 47
-0.66554338 7.5776539 8.3377571 46
-0.99648058 7.5919247 8.4669628 39
-0.19656292 7.5457044 8.1574392 44
-0.51552022 7.5520377 8.2376204 44
-0.83549148 7.5793319 8.3648119 46
-1.1694286 7.5985732 8.5260019 42
-0.36655137 7.5464163 8.1364651 46
-0.68649942 7.5687661 8.259634 43
-1.0074329 7.5880919 8.4038076 47
-1.3453723 7.6152778 8.603034 41
-0.53954625 7.5661631 8.141531 41
-0.8584615 7.5724859 8.2706957 48
-1.1783794 7.5937715 8.4438725 47
-1.5192759 7.619977 8.6700659 43
-0.71046573 7.5669608 8.1285286 40
-1.0303806 7.5822444 8.2937126 45
-1.3553021 7.6144762 8.5049181 44
-1.6971804 7.6346493 8.7521248 43
-0.88541615 7.5836706 8.138587 40
-1.2063054 7.6009326 8.3307257 44
-1.5312008 7.6211553 8.554925 47
-1.8740584 7.6353078 8.8251305 43
-1.062358 7.5923715 8.1436195 39
-1.379234 7.5956268 8.3467999 46
-1.7101722 7.6317706 8.6140184 46
-2.0561068 7.6448011 8.9142323 38
-1.2403125 7.6069884 8.161727 41
-1.5609634 7.6172767 8.3959484 50
-1.8896065 7.6405244 8.6761894 48
-2.238199 7.654707 9.0074396 39
-1.417381 7.6049299 8.1649323 40
-1.740023 7.6282086 8.4391747 47
-2.0707028 7.6434402 8.7374115 48
-2.4245126 7.6695147 9.1126537 39
-1.5989908 7.6226916 8.1931086 49
-1.9208254 7.6308966 8.4773169 45
-2.2576649 7.6630249 8.8215532 46
-2.6114247 7.668107 9.204771 49
-1.7829541 7.6323538 8.2192259 46
-2.107898 7.6443892 8.5314846 50
-2.4467008 7.6765442 8.9048805 49
-2.8032773 7.6818333 9.320961 43
-1.9707121 7.6432939 8.2503252 41
-2.2954886 7.6555018 8.5885124 51
-2.6342461 7.6736526 8.9747133 47
-2.9959543 7.68571 9.4309254 62
-2.1625788 7.6630301 8.2973976 45
-2.4883468 7.6682234 8.6535778 48
-2.8321095 7.693337 9.0757856 50
-3.1737509 7.6454611 9.4939337 60
-2.3524237 7.6638112 8.3284302 48
-2.6830947 7.6800685 8.7226133 49
-3.0255697 7.6945539 9.1605492 54
-3.3522818 7.6065683 9.5617304 48
-2.5511246 7.6807494 8.3813143 44
-2.8798928 7.6878858 8.7925253 52
-3.2266781 7.7028956 9.2617865 56
-3.5532393 7.6120663 9.6918888 45
-2.7500882 7.6893783 8.4314432 43
-3.0838134 7.7025261 8.8756285 51
-3.4335079 7.7176108 9.3758268 63
-3.7620451 7.6227636 9.8379297 46
-2.9519386 7.6951337 8.4854746 50
-3.2916548 7.7152567 8.9636698 49
-3.6232708 7.68543 9.4397984 62
-3.971761 7.6316109 9.9858685 36
-3.162468 7.7030606 8.5480499 48
-3.5072019 7.7280116 9.0602608 50
-3.8257945 7.6620536 9.5243826 53
-4.2164254 7.6837864 10.205618 50
-3.3763649 7.7166653 8.6220932 47
-3.7180638 7.7266207 9.1442795 53
-4.0406513 7.667624 9.6474133 50
-4.4703231 7.7451949 10.442719 48
-3.594281 7.7262416 8.6981897 46
-3.9379797 7.7371593 9.2493925 57
-4.2706618 7.6909904 9.8005466 44
-4.5279388 7.4681902 10.231507 26
-3.8210421 7.7437835 8.7893629 45
-4.1644711 7.7458076 9.36061 61
-4.4827709 7.6729083 9.9097862 58
-4.5365477 7.1329155 9.9354296 25
-4.050055 7.7567487 8.8836832 50
-4.3774147 7.7238436 9.4409008 69
-4.5096335 7.3424625 9.6196785 30
-4.6428165 6.9660239 9.8694601 44
-4.2827549 7.7633686 8.976881 47
-4.4901252 7.5227337 9.3088188 38
-4.5332255 7.0276327 9.3474445 41
-4.8706865 6.9784784 10.063608 42
-4.467638 7.6719594 8.9659424 42
-4.5018167 7.1697836 8.9907465 36
-4.7340693 6.9972963 9.4516144 46
-5.0763721 6.9534073 10.209653 7
-4.4838786 7.3067098 8.6385593 32
-4.6151509 6.9933262 8.8923759 46
-4.9657006 7.0072031 9.6165819 46
-5.9858446 7.8478217 11.73285 43
-4.5083694 6.9800186 8.3542595 41
-4.8549843 7.0109248 9.0424738 43
-5.8112249 7.8348727 10.925673 41
-6.2606058 7.8563371 11.974939 42
-4.7531347 6.9987426 8.485343 49
-5.0484042 6.9532413 9.1032419 4
-6.0977163 7.856905 11.149552 46
-6.5601454 7.882205 12.258874 33
-4.9758425 6.9776063 8.5742369 41
-5.9552193 7.831491 10.407528 57
-6.3946815 7.8790712 11.385803 45
-6.8719974 7.9084501 12.559088 36
-5.7924314 7.7414737 9.6452885 47
-6.2580104 7.8580236 10.618631 49
-6.6944327 7.8896084 11.619891 46
-7.1266766 7.8601089 12.754104 54
-6.0952377 7.7660246 9.8253927 40
-6.5607791 7.8685741 10.821721 50
-7.0081105 7.9032674 11.872912 42
-7.4323034 7.8578057 13.038096 25
-6.4440155 7.8325763 10.07148 41
-6.8955188 7.9011364 11.068793 48
-7.3529058 7.9366136 12.172087 41
-7.7940917 7.8970203 13.411315 23
-6.8099117 7.8988528 10.332723 42
-7.2323527 7.9224777 11.314985 50
-7.6947327 7.9498425 12.458303 48
-8.2369452 8.0018482 13.917694 27
-7.1648951 7.9299397 10.566005 35
-7.5933232 7.9514394 11.588305 37
-8.0115862 7.9239283 12.700558 52
-8.547698 7.9599962 14.193914 30
-7.5183077 7.9434958 10.792053 42
-7.9596939 7.9659576 11.862412 39
-8.3619213 7.9174376 12.990699 30
-8.5388222 7.6204214 13.94667 19
-7.9021993 7.970612 11.052513 41
-8.3615417 8.001029 12.183812 36
-8.7816811 7.9583869 13.382096 24
-8.8444214 7.5656085 14.221909 19
-8.2899485 7.9836097 11.312908 37
-8.7682104 8.0208578 12.505297 61
-9.3134518 8.0790091 13.933558 16
-8.9988766 7.3745418 14.253016 13
-8.7216692 8.0189085 11.624288 39
-9.1138239 7.9684501 12.732548 54
-9.3247499 7.7393856 13.709579 7
-9.1143703 7.1543589 14.233082 7
-9.1953678 8.0688963 11.981713 32
-9.5674906 7.9915543 13.104797 24
-9.6770649 7.6831431 13.990663 14
-9.2755613 6.9725833 14.289985 14
-9.6604891 8.0894928 12.320078 35
-9.8655214 7.8715177 13.262032 33
-9.9534245 7.5547628 14.162836 14
-9.3950548 6.7596073 14.289884 19
-9.8490362 7.8664021 12.304969 46
-9.8740005 7.5198736 13.037714 53
-10.071061 7.3049397 14.115376 4
-9.4918604 6.5309501 14.259094 20
-9.8497143 7.4969983 12.06594 53
-10.191875 7.4067111 13.230034 8
-10.167809 7.0412154 14.043743 4
-9.6065321 6.3189449 14.263904 20
-10.240614 7.4249115 12.309407 24
-10.541823 7.3058062 13.459496 43
-10.271732 6.7899404 13.992065 6
-9.6995096 6.0947037 14.241377 25
-10.652304 7.3531904 12.578582 85
-10.484487 6.9204459 13.179599 43
-10.364547 6.5321674 13.934311 6
-9.8134222 5.8858485 14.257648 26
-10.683119 7.0115504 12.400557 47
-10.477202 6.5816622 12.979044 58
-10.551361 6.3321166 14.007767 12
-9.9082565 5.6650934 14.251942 24
-10.687776 6.6649251 12.208796 59
-10.502892 6.270885 12.828487 66
-10.689094 6.1039786 14.024469 14
-9.9829798 5.43396 14.22478 18
-10.7094 6.3349352 12.047554 53
-10.54951 5.9809599 12.716184 82
-10.754687 5.8351502 13.95309 25
-10.055582 5.2062259 14.200348 10
-10.709849 6.0023832 11.87503 56
-10.644046 5.7211142 12.669857 88
-10.78024 5.549356 13.83983 37
-10.129203 4.9802012 14.186253 11
-10.721386 5.684515 11.726859 70
-10.720622 5.4541063 12.610742 92
-10.7088 5.2206578 13.61162 46
-10.214827 4.7621489 14.193168 5
-10.738932 5.3756289 11.594698 58
-10.763203 5.1741385 12.519588 83
-10.598421 4.8838534 13.345258 43
-10.257545 4.524857 14.147817 6
-10.737586 5.0654364 11.45327 54
-10.77189 4.881958 12.398176 79
-10.597111 4.6078591 13.225948 31
-10.317242 4.2988663 14.130681 5
-10.759198 4.7715111 11.346107 57
-10.78652 4.5980201 12.292045 57
-10.613762 4.3438835 13.136856 50
-10.335919 4.056869 14.063606 5
-10.765788 4.4765425 11.232013 56
-10.800116 4.3180671 12.194935 60
-10.623371 4.0799723 13.046729 42
-10.361542 3.8219306 14.012511 5
-10.769355 4.1856632 11.122925 69
-10.805686 4.0391259 12.094935 63
-10.635526 3.8219693 12.966804 46
-10.394762 3.5918581 13.976611 6
-10.781385 3.9036365 11.03092 64
-10.813779 3.767122 12.006881 68
-10.661112 3.5729203 12.911738 46
-10.468505 3.3766723 14.002511 7
-10.798251 3.6245871 10.953647 66
-10.829657 3.5020368 11.935548 57
-10.682702 3.3243232 12.855112 45
-10.51312 3.1540859 13.991897 4
-10.802372 3.3480456 10.868982 64
-10.848909 3.2385685 11.870926 60
-10.704481 3.0795102 12.806722 64
-10.537078 2.925458 13.960485 8
-10.826308 3.0814435 10.81347 74
-10.843107 2.9729745 11.79022 56
-10.126057 2.6746051 12.053403 3
-10.060555 2.5702152 13.277316 18
-10.00356 2.5936687 9.9282837 54
-10.033222 2.507256 10.85123 69
-10.069862 2.4277697 11.930179 67
-10.114452 2.3621531 13.298136 44
-10.004429 2.3467228 9.8700695 61
-10.045121 2.2712872 10.808022 70
-10.076735 2.1998131 11.88702 67
-10.088294 2.1382513 13.220029 29
-10.020161 2.1047397 9.833025 65
-10.090819 2.0442345 10.807049 58
-10.254513 2.0087588 12.050924 6
-10.744296 2.0494061 14.036009 20
-10.850294 2.0178955 10.593961 45
-10.899185 1.9556758 11.622608 82
-10.846863 1.8845184 12.702398 80
-10.823524 1.8362149 14.102206 8
-10.867144 1.7617092 10.567017 62
-10.90487 1.7054644 11.588835 77
-10.873086 1.6482761 12.695601 72
-10.806572 1.6051478 14.048877 9
-10.890125 1.5065295 10.552796 48
-10.909873 1.4561977 11.559772 73
-10.885606 1.4118804 12.680749 76
-10.811316 1.3805513 14.02972 11
-10.894757 1.2487559 10.527684 60
-10.930516 1.210394 11.553674 75
-10.899264 1.1750929 12.671651 76
-10.833994 1.1587528 14.037631 13
-10.915393 0.99394387 10.524583 58
-10.943165 0.9626013 11.546574 77
-10.914945 0.93909913 12.671512 74
-10.846719 0.9355455 14.038446 11
-10.925356 0.7357077 10.524274 57
-10.944866 0.71220696 11.540295 80
-10.925327 0.69867712 12.678336 81
-10.879316 0.71108621 14.075452 9
-10.948345 0.48161429 10.535376 54
-10.971912 0.46709734 11.558381 78
-10.929459 0.46263295 12.674365 71
-10.890931 0.48601854 14.084365 14
-10.952923 0.22659586 10.536269 49
-10.991621 0.22002001 11.576207 80
-10.945399 0.22752658 12.690076 75
-10.872546 0.2624478 14.055909 9
-10.973347 -0.029087225 10.556692 61
-11.00804 -0.02559771 11.594627 78
-10.95174 -0.0089922557 12.699544 78
-10.896408 0.039518181 14.089534 11
-10.995062 -0.28296384 10.586349 51
-9.5373926 -0.23840483 10.05788 1
-8.7236042 -0.19813539 10.127556 2
-10.823826 -0.18089943 14.001925 7
-11.001541 -0.53915364 10.608347 54
-9.0248041 -0.39905998 10.489788 21
-8.7767239 -0.33102956 11.36972 26
-11.015282 -0.79616117 10.644132 64
-9.0057611 -0.59300011 10.484603 29
-8.7697115 -0.51199406 11.374548 33
-11.035069 -1.0571719 10.691956 50
-9.000555 -0.78797662 10.499572 20
-8.7774849 -0.69298911 11.40156 29
-11.04388 -1.3168641 10.73573 64
-8.9961042 -0.98126638 10.520133 12
-8.7721071 -0.87313235 11.41499 24
-11.057257 -1.5780187 10.789062 40
-9.4648256 -1.3052742 10.101701 2
-8.9649649 -1.1725487 10.51452 23
-8.7954731 -1.0563568 11.470213 25
-11.067489 -1.8422974 10.848357 47
-9.3899822 -1.5084015 10.061481 2
-9.1580992 -1.3991667 10.776419 2
-8.7991886 -1.2398913 11.504413 5
-11.072117 -2.1067326 10.909508 34
-10.711082 -1.7311985 14.040582 5
-11.08576 -2.3755589 10.985419 19
-10.694796 -1.9549514 14.066504 6
-11.077379 -2.6445558 11.048265 6
-10.695423 -2.1832867 14.119308 7
-10.670047 -2.4070129 14.142342 3
-10.689671 -2.6428809 14.230338 4
-10.642374 -2.8667321 14.235249 6
-10.427114 -3.5352347 10.738981 2
-10.590075 -3.0875804 14.238165 7
-9.7671547 -3.5661032 10.157845 2
-10.561665 -3.3175652 14.279038 10
-9.5898113 -3.7548637 10.077703 5
-10.583149 -3.8022153 13.106845 5
-10.433568 -3.5144341 14.188791 15
-11.236814 -4.3107696 14.027317 3
-10.025693 -3.6102157 13.721374 10
-9.2365608 -3.7768471 11.634237 2
-9.8371782 -3.7753961 13.554347 6
-11.049332 -4.7945065 14.040369 8
-10.343884 -4.2166653 14.35454 17
-9.376009 -4.5232573 11.133325 2
-10.951677 -5.0363741 14.052512 8
-10.262408 -4.4335041 14.349607 21
-10.869246 -5.2854609 14.089335 4
-10.192063 -4.6565819 14.364445 26
-10.810945 -5.5471725 14.164258 4
-10.104802 -4.8733487 14.362334 26
-11.36364 -6.4452553 14.00884 7
-10.73747 -5.8054152 14.228001 8
-10.0304 -5.0964451 14.385167 18
-11.270222 -6.7289028 14.09088 10
-10.676066 -6.0711136 14.315044 13
-9.9600487 -5.3241205 14.419213 11
-11.036953 -6.9273052 14.002927 7
-10.549734 -6.3057394 14.326054 26
-9.8407726 -5.5267873 14.388192 11
-10.97954 -7.2341886 14.14382 3
-10.430432 -6.5435009 14.348958 27
-9.7205238 -5.7285337 14.361108 10
-9.1539059 -6.6107106 11.280707 58
-10.897139 -7.5330338 14.265713 5
-10.312122 -6.7822714 14.381865 15
-9.6302214 -5.9513488 14.386021 14
-9.1803713 -6.9547906 11.532592 24
-10.767706 -7.8008575 14.334586 14
-10.164733 -7.0030708 14.380734 22
-9.536809 -6.1722436 14.409891 24
-11.061333 -8.7822084 14.171286 5
-10.602252 -8.0456619 14.36444 15
-10.040431 -7.2419615 14.418529 13
-9.4347429 -6.3900671 14.428605 21
-10.934315 -9.0937986 14.301869 7
-10.41653 -8.2739153 14.372974 26
-9.8506269 -7.4321404 14.369124 8
-9.316597 -6.5985751 14.428317 22
-10.755815 -9.365592 14.37666 14
-10.224834 -8.499012 14.382865 27
-9.7198181 -7.6694651 14.414061 17
-9.1988611 -6.8098826 14.436263 25
-10.499972 -9.5717583 14.357583 24
-10.067901 -8.753274 14.447841 8
-9.5568838 -7.8815932 14.417146 24
-9.1069212 -7.0449986 14.495395 17
-10.146287 -9.6813316 14.206782 12
-9.8322287 -8.9379492 14.407007 17
-9.4023304 -8.1013517 14.441234 16
-8.9724541 -7.2487583 14.49046 8
-9.7420759 -9.728652 13.98387 13
-9.6506996 -9.1736631 14.454072 19
-9.2298574 -8.3060617 14.443301 16
-8.8180132 -7.436482 14.460526 9
-9.3269138 -9.7469521 13.738956 14
-9.4432173 -9.3803282 14.466141 23
-9.087327 -8.541831 14.502364 15
-8.6915274 -7.6482601 14.482593 21
-9.0335627 -9.8764753 13.666028 8
-9.2218075 -9.5749626 14.465167 22
-8.8720245 -8.7074518 14.449357 8
-8.5542049 -7.8540039 14.494549 23
-9.3013458 -10.642018 14.468876 22
-8.9227133 -9.682435 14.345086 8
-8.7247095 -8.9401922 14.51527 15
-8.4239168 -8.0717583 14.52747 18
-9.0790405 -10.874644 14.542785 4
-8.6146507 -9.7718716 14.209022 12
-8.5364752 -9.1328268 14.518205 20
-8.2706757 -8.2684336 14.52741 26
-8.7908802 -11.025123 14.514725 19
-8.2507181 -9.7871904 13.979979 11
-8.3572197 -9.3384762 14.548143 17
-8.1254168 -8.4751282 14.550352 22
-8.5416422 -11.220677 14.555663 16
-7.9017758 -9.8045416 13.768939 10
-8.1629906 -9.5290985 14.558087 16
-7.9751363 -8.6805935 14.571455 17
-8.2694283 -11.385509 14.566198 17
-7.6495805 -9.9300032 13.724774 5
-7.938766 -9.6826162 14.521845 17
-7.819869 -8.8845224 14.59494 22
-8.0043449 -11.555824 14.594317 19
-7.9004951 -10.733738 14.609422 14
-7.573081 -9.6552601 14.223541 8
-7.6608005 -9.0875206 14.618643 21
-7.7293515 -11.709664 14.606966 15
-7.6694603 -10.914642 14.639086 8
-7.3860221 -9.8472185 14.259233 11
-7.4658022 -9.2494574 14.579348 3
-7.4593444 -11.871518 14.639614 17
-7.4194684 -11.068515 14.640754 15
-7.0433111 -9.8258934 13.995947 9
-7.3116093 -9.4663715 14.631148 21
-7.1691875 -11.992417 14.638056 16
-7.1720819 -11.223404 14.65813 16
-6.7588787 -9.8708372 13.846138 10
-7.1488862 -9.6733418 14.678268 16
-6.9169836 -12.180061 14.718001 16
-6.9279213 -11.384053 14.684077 14
-6.5267777 -9.9904995 13.80409 6
-6.9108057 -9.7879887 14.581218 15
-6.632865 -12.309666 14.736943 14
-6.6658034 -11.515682 14.680025 8
-6.730617 -10.806741 14.715105 11
-6.6497874 -9.8616085 14.433163 11
-6.3397675 -12.424261 14.744886 11
-5.4951072 -9.990983 12.596991 11
-6.5053182 -10.968025 14.729464 11
-6.3247099 -9.8275404 14.142704 9
-6.066319 -12.56901 14.800821 6
-6.1531458 -11.79585 14.717127 4
-6.2769213 -11.12529 14.746917 10
-6.0436416 -9.8512955 13.944643 9
-5.7681899 -12.660309 14.799195 8
-5.9170027 -11.973778 14.790013 11
-6.0757585 -11.340011 14.83904 3
-5.7857389 -9.9056406 13.800009 9
-5.4771938 -12.763411 14.819636 9
-5.6520042 -12.097657 14.802675 9
-5.8267474 -11.463865 14.820759 11
-5.987545 -10.784036 14.791864 7
-5.1841512 -12.858103 14.838478 9
-5.3839068 -12.213317 14.814592 8
-5.5806217 -11.59653 14.819702 9
-5.7753716 -10.952739 14.803813 12
-4.8960485 -12.965725 14.880416 8
-5.1247678 -12.349973 14.858534 9
-5.3324981 -11.727194 14.822646 8
-5.5532131 -11.112432 14.804762 11
-4.6238875 -13.112373 14.975355 5
-4.8526678 -12.459614 14.877476 7
-5.08636 -11.867866 14.843591 8
-5.3460069 -11.303148 14.855711 9
-4.3059201 -13.124958 14.925293 5
-4.585557 -12.576263 14.911418 3
-4.8442106 -12.015543 14.879538 8
-5.1118655 -11.450831 14.853658 8
-4.0019031 -13.170567 14.921233 5
-4.3064876 -12.6629 14.91736 7
-4.603044 -12.174225 14.935482 4
-4.8876886 -11.622531 14.886606 8
-3.716809 -13.268204 14.984175 9
-4.0333991 -12.762547 14.946304 6
-4.3548942 -12.3219 14.983429 6
-4.65453 -11.782221 14.908554 4
-3.4217544 -13.33783 15.023116 6
-3.7523372 -12.843184 14.957247 6
-4.0888138 -12.421553 14.978374 7
-4.4233494 -11.956916 14.955503 6
-3.1346622 -13.432469 15.098058 4
-3.4802232 -12.95884 15.01819 6
-3.8177464 -12.511203 14.968318 7
-4.1732302 -12.089588 14.952449 8
-2.829684 -13.446085 15.089001 5
-3.2001531 -13.043486 15.049134 4
-3.5526435 -12.624865 14.993263 7
-3.9191198 -12.215259 14.949394 6
-2.5276973 -13.464708 15.091946 5
-2.9151144 -13.105127 15.06108 7
-3.2954903 -12.77354 15.065208 5
-3.6669779 -12.362935 14.978341 5
-2.2306993 -13.489341 15.11089 6
-2.6261029 -13.146765 15.056024 5
-3.0174475 -12.844188 15.052155 5
-3.4158239 -12.518616 15.022287 9
-1.9356662 -13.537979 15.164834 6
-2.3420415 -13.222414 15.097969 6
-2.7433684 -12.939845 15.0741 7
-3.1636453 -12.692299 15.090234 4
-1.6406649 -13.562618 15.198779 4
-2.0609651 -13.308069 15.157914 5
-2.4712613 -13.054508 15.125046 6
-2.8865905 -12.777951 15.062179 5
-1.343689 -13.568257 15.217727 5
-1.7669979 -13.314707 15.135861 4
-2.1901913 -13.142163 15.151991 5
-2.6174767 -12.904616 15.089126 5
-1.0447887 -13.517894 15.182676 5
-1.4789751 -13.360358 15.162808 4
-1.9021833 -13.184809 15.132936 6
-2.3393817 -13.017274 15.105069 4
-0.75081134 -13.521542 15.213625 5
-1.1909528 -13.404011 15.196754 5
-1.6171341 -13.256463 15.151883 3
-2.0612729 -13.139935 15.138014 6
-0.45783314 -13.524194 15.252572 7
-0.89993656 -13.442663 15.230701 5
-1.3320715 -13.336121 15.189829 6
-1.7742161 -13.224587 15.133959 4
-0.60847592 -13.472735 15.260303 4
-1.042565 -13.410216 15.226431 6
-1.4866843 -13.328705 15.158564 5
-0.31750429 -13.476375 15.269252 5
-0.74952656 -13.468854 15.251375 5
-1.1975603 -13.455348 15.216503 6
0.41046023 -13.455536 15.320078 6
-0.025685212 -13.372007 15.162208 4
-0.45746526 -13.542496 15.301318 7
-0.90051115 -13.528979 15.220445 5
0.69327074 -13.335186 15.246037 5
0.26444116 -13.481664 15.303148 4
-0.16056174 -13.504127 15.233267 4
-0.60140425 -13.642615 15.276382 4
0.9761917 -13.290844 15.26499 6
0.55639017 -13.46531 15.311097 6
0.13655901 -13.617773 15.341208 3
-0.2992681 -13.776253 15.36132 4
1.2581261 -13.254507 15.298944 6
0.84836155 -13.463959 15.340046 4
0.436488 -13.594408 15.304154 5
1.533999 -13.173176 15.287901 5
1.1342307 -13.388613 15.293002 4
0.73441654 -13.570048 15.271104 5
0.32069498 -13.821502 15.306205 7
1.8058628 -13.083851 15.272861 4
1.4221684 -13.360271 15.305952 4
1.0344083 -13.588692 15.29505 7
0.63370985 -13.866129 15.314146 4
2.0817702 -13.023526 15.298816 4
1.7020093 -13.261935 15.24491 4
1.3363961 -13.603336 15.320995 5
0.94768351 -13.879756 15.296089 5
2.3466198 -12.921213 15.280778 5
1.989953 -13.234599 15.273862 6
1.6312575 -13.525985 15.251947 3
1.2626538 -13.889384 15.281033 5
2.6074595 -12.809907 15.257741 5
2.2718506 -13.17327 15.268817 6
1.9362448 -13.537632 15.287892 5
1.5826247 -13.898011 15.273974 4
2.8713343 -12.721601 15.268701 5
2.5527442 -13.106944 15.263771 7
2.23718 -13.510283 15.287841 4
1.8995657 -13.883643 15.248919 5
3.1281831 -12.613305 15.261664 4
2.8306351 -13.037623 15.261727 6
2.5381157 -13.481937 15.294789 6
2.2235484 -13.898272 15.262859 8
3.3820345 -12.505013 15.259628 7
3.1052866 -12.943409 15.237628 5
2.831557 -13.414806 15.264614 5
2.5468268 -13.902206 15.274594 5
3.6320214 -12.393186 15.256363 6
3.3822863 -12.877553 15.253337 6
3.1436112 -13.416908 15.322297 3
2.8632739 -13.867748 15.254837 6
3.8739262 -12.266908 15.244557 8
3.6543634 -12.797092 15.261627 5
3.4317977 -13.324281 15.281695 6
4.1198049 -12.156715 15.254504 7
3.9112012 -12.658895 15.202569 8
3.7236876 -13.243052 15.257633 6
4.3556523 -12.016537 15.233449 7
4.1851106 -12.583681 15.226509 5
4.027617 -13.195812 15.28057 7
3.8420846 -13.781969 15.258634 9
4.5935183 -11.890357 15.236396 6
4.4620242 -12.511468 15.261452 9
4.302453 -13.059598 15.207515 9
4.1690063 -13.736703 15.25758 10
4.6103883 -13.018333 15.252478 9
4.483881 -13.646436 15.215541 5
4.901279 -12.919091 15.239432 9
4.8228455 -13.614156 15.24948 8
5.2791147 -11.47379 15.220282 9
5.2326527 -12.13683 15.21032 7
5.187202 -12.811868 15.222361 9
5.1337609 -13.506913 15.206404 10
5.5080342 -11.344612 15.237218 6
5.4885678 -12.011632 15.207252 9
5.4821448 -12.720638 15.232285 10
5.4557028 -13.422663 15.199324 9
5.3561454 -10.47579 14.2542 4
5.7384739 -11.876441 15.195183 8
5.7690687 -12.608418 15.227209 11
5.7736268 -13.319419 15.177241 11
5.609602 -10.427571 14.379095 8
5.9922462 -11.745199 15.193929 7
6.0580587 -12.493129 15.222876 9
6.1309199 -13.287051 15.248821 12
5.9267263 -10.491239 14.669029 8
6.2390704 -11.608928 15.191893 4
6.3529234 -12.390806 15.243829 7
6.4297075 -13.135721 15.190778 14
6.1906915 -10.443957 14.815984 10
6.4876904 -11.473805 15.199817 9
6.6152678 -12.226819 15.196703 11
6.7458611 -13.016833 15.179581 16
6.5009794 -10.471229 15.074777 14
6.3077278 -10.621512 14.251781 3
5.920013 -10.394949 13.061862 5
7.0564365 -12.886249 15.166909 12
6.7423372 -10.379517 15.176872 14
6.5582714 -10.525712 14.315918 9
7.168642 -11.955175 15.19885 9
7.369288 -12.752017 15.15884 12
6.9301634 -10.202388 15.156828 13
6.8342199 -10.463504 14.430859 7
7.4304671 -11.788988 15.17079 16
7.6741242 -12.601796 15.138772 9
7.1310143 -10.046249 15.173779 11
7.2223439 -10.556198 14.770782 8
7.6932988 -11.624803 15.153728 10
7.9949875 -12.472563 15.155701 12
7.311841 -9.8661308 15.156736 14
7.5543575 -10.546946 14.985714 11
7.9901838 -11.50758 15.207669 8
8.2998219 -12.315332 15.146646 18
7.4966755 -9.6929874 15.154709 14
7.8082399 -10.422738 15.044681 7
7.7582693 -10.661814 14.295709 6
8.6126614 -12.160084 15.153603 16
7.6775079 -9.5178423 15.153687 15
8.1091881 -10.352492 15.193639 6
8.0802317 -10.599556 14.427652 9
8.9175177 -11.993852 15.152534 17
7.8393574 -9.3207283 15.120634 7
8.2980289 -10.140362 15.14157 16
8.4953499 -10.642228 14.717547 10
9.203372 -11.797646 15.126444 12
8.0542946 -9.1865692 15.197562 8
8.5089035 -9.9542141 15.131496 16
8.8904247 -10.642922 14.965443 13
9.5122576 -11.628423 15.144348 17
8.2001467 -8.9764757 15.1505 13
8.7107687 -9.7580748 15.116423 13
9.2133932 -10.541682 15.087345 12
9.2454157 -10.785703 14.281344 5
8.361022 -8.785368 15.139435 13
8.9236555 -9.5769281 15.128345 12
9.517334 -10.410461 15.178248 9
9.6154051 -10.706429 14.427236 10
8.5239058 -8.5982599 15.137367 15
9.1175194 -9.3747988 15.112267 15
9.7321644 -10.17932 15.131164 17
10.071483 -10.702083 14.694109 11
8.6707745 -8.3971672 15.114302 14
9.3003759 -9.1626806 15.087193 9
9.9599342 -9.9621315 15.114168 12
10.54439 -10.692648 14.972178 12
8.8293924 -8.2069454 15.117492 12
9.5529528 -9.0153418 15.175479 7
10.174409 -9.7308273 15.083491 13
10.91298 -10.566216 15.105501 18
8.9839373 -8.0156946 15.120758 14
9.7125254 -8.7791281 15.125683 12
10.405081 -9.5145941 15.084614 8
11.176702 -10.325995 15.092537 13
9.1357613 -7.8235745 15.12575 12
9.880312 -8.5530014 15.093672 15
10.660838 -9.3204126 15.128624 12
11.408257 -10.059876 15.047614 5
9.261385 -7.6085143 15.09282 14
10.063958 -8.3438883 15.097739 15
10.870571 -9.0842352 15.113654 14
11.543056 -9.7126999 14.888584 8
9.3923578 -7.4023013 15.075791 8
10.233955 -8.1196184 15.083698 13
11.07556 -8.8429308 15.098604 14
11.789041 -9.4603605 14.880526 18
9.5443802 -7.2120452 15.096754 9
10.355909 -7.8613882 15.008658 9
11.286547 -8.6026192 15.096549 9
11.988983 -9.1720581 14.825468 39
9.7184639 -7.0374956 15.155281 14
10.561981 -7.665585 15.056679 8
11.423481 -8.3107052 15.003001 5
12.042721 -8.7760286 14.59632 45
9.8256159 -6.8165073 15.11395 13
10.751082 -7.4588962 15.08865 12
11.58948 -8.0413418 14.95837 3
11.916448 -8.268115 14.175241 37
9.9381914 -6.5970597 15.092032 12
10.9087 -7.2222891 15.082846 13
11.68706 -7.7256851 14.838693 10
11.913974 -7.8585577 13.919642 55
10.062064 -6.388988 15.090967 15
11.052543 -6.9822068 15.065771 13
11.931937 -7.5075221 14.911594 14
11.953671 -7.4925733 13.729581 54
10.162924 -6.1679373 15.061905 15
11.212401 -6.7521119 15.075693 15
12.058725 -7.2154617 14.843518 31
12.029407 -7.156558 13.592513 57
10.299812 -5.966857 15.087833 13
11.334234 -6.4990506 15.041619 10
12.110468 -6.8834653 14.693456 35
12.142176 -6.8445115 13.507437 72
10.386668 -5.7398195 15.049771 10
11.463073 -6.2489843 15.021544 8
12.112133 -6.52949 14.495461 43
12.218801 -6.5154376 13.391535 72
10.491304 -5.5206618 15.040944 8
11.564573 -5.9847937 14.973836 4
11.991437 -6.1224804 14.165852 38
12.247213 -6.1693134 13.236901 61
10.595811 -5.3034439 15.037254 5
11.650105 -5.7156343 14.91309 3
11.995982 -5.7874351 13.996037 54
12.271835 -5.8272915 13.087995 69
10.107253 -4.8058891 14.208339 3
11.728868 -5.446589 14.853086 5
12.01169 -5.4674487 13.850041 53
12.293381 -5.4883585 12.946098 67
10.323997 -4.6537566 14.377396 8
11.388238 -4.9949536 14.274237 9
11.487006 -4.922935 13.101209 49
11.546779 -4.8379416 12.021188 67
10.836185 -4.6202126 14.954296 9
11.429157 -4.722784 14.185191 30
11.508898 -4.6297874 12.987165 54
11.55965 -4.5298071 11.900143 62
11.024211 -4.4359097 15.083232 11
11.445061 -4.4426355 14.073149 24
11.864956 -4.4643464 13.254065 10
12.31788 -4.4970217 12.543977 34
11.085251 -4.20122 15.042938 9
12.133514 -4.4121957 14.783329 25
12.216264 -4.2849169 13.514898 74
12.369046 -4.1905293 12.468451 57
11.196714 -3.9865978 15.073621 10
12.201772 -4.1429286 14.738301 25
12.281362 -4.0018578 13.466248 69
12.39001 -3.8787708 12.376185 60
11.268758 -3.7535572 15.058483 12
12.250772 -3.8679056 14.68216 31
12.323337 -3.7118406 13.400107 64
12.407952 -3.5697706 12.289051 60
11.356816 -3.5275071 15.069339 14
12.262756 -3.5829062 14.588029 28
12.362309 -3.4208255 13.338966 59
12.428899 -3.2627692 12.211914 52
11.412856 -3.2914774 15.042202 13
12.263734 -3.2979145 14.486898 31
12.390282 -3.1318183 13.273827 65
12.422835 -2.9527853 12.117785 66
11.491881 -3.061439 15.051075 8
12.216634 -3.0049651 14.338828 41
12.39817 -2.8378417 13.193759 60
12.464704 -2.6567948 12.078726 62
11.532801 -2.8194401 15.014022 8
12.255531 -2.7369721 14.297771 41
12.405038 -2.548872 13.121712 60
12.458557 -2.3528361 11.999683 66
11.593736 -2.5844295 15.00896 9
12.17721 -2.4440627 14.126881 38
12.421621 -2.264097 13.067929 66
12.480061 -2.057945 11.957005 61
11.605055 -2.339514 14.944346 10
12.170581 -2.1720729 14.048265 38
12.44707 -1.9788033 13.029273 61
12.49553 -1.7626722 11.91535 62
11.682499 -2.1061718 14.971651 8
12.20381 -1.9074599 14.020701 37
12.459135 -1.6958917 12.985842 47
12.519555 -1.4692584 11.890985 60
11.744482 -1.869881 14.983116 5
12.194116 -1.6375904 13.95204 42
12.488765 -1.4143826 12.965999 51
12.51738 -1.1743015 11.847018 65
11.796316 -1.6298643 14.985168 8
12.213935 -1.3715924 13.920101 32
12.464571 -1.127409 12.897072 46
12.551999 -0.8823446 11.845256 74
11.80964 -1.3859444 14.94556 8
12.22912 -1.1067051 13.892631 39
12.490837 -0.84851235 12.888583 56
12.56054 -0.58941203 11.826571 60
11.840045 -1.1401697 14.925536 7
12.251464 -0.84082133 13.873506 43
12.524817 -0.5650782 12.891618 60
12.587164 -0.29660827 11.828834 61
11.872968 -0.89778036 14.920179 11
12.253564 -0.57654285 13.843089 46
12.528189 -0.28535092 12.872046 48
12.600799 -0.0022514916 11.82906 63
11.886822 -0.65181035 14.896194 16
12.274399 -0.31155249 13.838139 42
12.550018 -0.0043593841 12.878106 58
12.612628 0.2907317 11.835122 56
11.890466 -0.40484604 14.861381 86
12.300829 -0.044624507 13.8465 48
12.55325 0.27951592 12.871659 62
12.612938 0.58561099 11.836653 61
11.923892 -0.15790568 14.86972 12
12.29354 0.22134122 13.82066 48
12.572227 0.56453449 12.887611 53
12.120835 0.84540552 11.385698 21
11.93589 0.088120528 14.856675 7
12.292527 0.48835576 13.810615 47
12.200142 0.82238638 12.511636 17
11.881771 1.1083075 11.176698 56
11.949893 0.33714721 14.850629 9
12.323522 0.75938427 13.840562 29
11.819063 1.0632333 12.131662 69
11.874746 1.3863106 11.191651 71
11.970899 0.58817667 14.860579 4
11.782409 0.98217052 13.236621 40
11.827051 1.3342458 12.157614 67
12.68383 1.7816638 11.980442 57
11.978902 0.83920032 14.856528 4
11.120284 1.1689044 12.503708 11
11.999093 1.6279593 12.356679 2
12.685824 2.0842838 12.019565 64
11.958857 1.0887909 14.82666 9
11.843365 1.5078171 13.325709 50
12.636087 2.0061843 13.040574 66
12.706723 2.393261 12.084583 67
11.511671 1.291603 14.27277 7
12.378276 1.8510189 13.946695 47
12.646828 2.3021963 13.089741 65
12.725398 2.7042935 12.155823 61
11.975314 1.5998263 14.849976 4
12.388839 2.1310685 13.987001 34
12.677406 2.6032531 13.16705 53
12.73699 3.0183411 12.228136 65
11.997865 1.8598804 14.88727 4
12.428401 2.4181297 14.066304 40
12.690979 2.9063025 13.236363 63
12.754578 3.3373902 12.314452 61
11.976229 2.1159551 14.876713 4
12.471609 2.7082708 14.157904 51
12.692041 3.2084711 13.299132 64
12.772518 3.6606109 12.411377 48
11.981041 2.379148 14.908579 4
12.554442 3.0175071 14.302805 32
12.688255 3.5133457 13.364759 69
12.79609 3.990169 12.519715 52
11.957896 2.6373639 14.905601 5
12.604664 3.3203969 14.414544 35
12.666019 3.8178415 13.418735 65
12.79284 4.315845 12.61077 62
11.938607 2.8992174 14.914716 5
12.639351 3.6274343 14.517744 44
12.613173 4.1123943 13.446788 63
12.807989 4.657423 12.729829 55
11.953761 3.1727991 14.971763 8
12.65551 3.934001 14.604795 37
12.589338 4.4219575 13.512848 48
12.831155 5.0039992 12.864895 56
11.890929 3.4293587 14.939816 10
12.652687 4.2385578 14.679854 34
12.574518 4.7365217 13.596915 44
12.850202 5.3567777 13.006968 50
11.879858 3.7013469 14.976886 10
12.637474 4.5457525 14.748935 15
12.575877 5.0613556 13.70764 45
12.860747 5.7102652 13.149634 54
11.839588 3.9655359 14.985521 10
12.578426 4.83355 14.774497 17
12.601305 5.4034095 13.854509 44
12.870204 6.0743027 13.303513 72
11.785987 4.2296104 14.98439 12
12.445871 5.0985718 14.720375 15
12.636777 5.7574568 14.021386 29
12.648704 6.3293133 13.225412 20
11.745304 4.4989128 15.005306 14
12.349093 5.378068 14.715337 7
12.692889 6.1321893 14.223383 39
12.096691 6.4052014 12.806479 45
11.647287 4.7508473 14.958345 9
12.27909 5.6739798 14.750378 3
12.218887 6.2480469 13.840448 10
12.111705 6.7770977 12.990518 54
11.59406 5.019218 14.973408 15
12.224117 5.9731712 14.808417 3
12.064075 6.5102305 13.814469 35
11.895044 7.0152826 12.932521 23
11.521123 5.2851791 14.973428 13
12.144181 6.2681637 14.847432 4
12.067147 6.8672423 13.984473 27
11.336031 7.0424023 12.506543 14
11.458163 5.5582476 14.994429 9
12.040222 6.5522342 14.867434 10
11.555135 6.9213624 13.562492 16
10.787017 7.0475163 12.088562 17
11.377201 5.8253183 15.002429 10
11.647223 6.6753435 14.535447 11
11.148137 7.0244646 13.261505 15
10.30601 7.0746207 11.737576 25
11.252234 6.0723953 14.957429 4
11.563269 6.9694095 14.591442 14
10.663126 7.0575752 12.865518 18
9.8390064 7.0947199 11.400586 17
11.141271 6.3274703 14.936425 7
10.973238 6.9485416 14.013463 13
10.172113 7.0646844 12.456531 13
9.4100046 7.119812 11.099592 21
11.004305 6.5725474 14.889421 11
10.487222 6.9716558 13.561476 14
9.7241116 7.0847778 12.095548 13
8.9620094 7.1088924 10.772617 26
10.753335 6.7456107 14.693447 14
10.136247 7.0647187 13.281515 15
9.3031292 7.1038442 11.763591 14
8.4820185 7.0489631 10.39766 25
10.60339 6.9766517 14.640476 11
9.7522545 7.1237826 12.959558 14
8.9141273 7.1289034 11.468632 18
7.3238759 6.371109 9.1697407 27
10.198352 7.0307155 14.240523 14
9.2942133 7.1058483 12.535604 15
8.5150986 7.1269584 11.156673 33
7.0198636 6.3931489 8.9797735 28
9.6822968 6.9917917 13.682576 13
8.8981819 7.119905 12.188648 21
7.2709236 6.3661122 9.7157564 35
6.9318886 6.6111627 9.0697947 32
9.311265 7.0388474 13.326618 32
8.5491581 7.1569552 11.903686 25
6.9789109 6.3931513 9.5127888 34
6.9429317 6.9301643 9.2978106 33
9.0192471 7.1368923 13.082654 24
7.2809744 6.3721118 10.319768 24
6.9119363 6.6241641 9.6178083 38
6.8679605 7.1781759 9.4248304 40
8.6182108 7.1339498 12.680695 15
6.9789577 6.3891525 10.073799 31
6.9259768 6.9431663 9.8468246 28
6.5689478 7.1842132 9.2488613 36
7.3240213 6.3381085 10.945777 8
6.8859754 6.5921683 10.128819 31
6.7929921 7.1221848 9.8788462 39
6.2849374 7.1952467 9.0898876 38
7.0770097 6.4031439 10.745803 23
6.9050131 6.9071703 10.357835 29
6.5379844 7.1682162 9.7378721 46
6.0139294 7.2062783 8.9439125 45
6.8810077 6.5061717 10.624828 26
6.820034 7.132184 10.443853 31
6.277976 7.2002487 9.5878963 45
5.7589226 7.2283077 8.8209362 48
6.8860397 6.8071771 10.821844 27
6.5160155 7.1272221 10.201881 30
5.9999642 7.2002807 9.4059219 44
5.5059166 7.2413359 8.6949587 46
6.8800716 7.1101832 11.013859 32
6.2390013 7.1362562 9.9969063 37
5.7449555 7.2193108 9.2579432 47
5.277914 7.2773604 8.605979 44
6.6710677 7.2112112 10.889882 25
5.9779906 7.1542869 9.8129292 50
5.4919467 7.231339 9.1099663 48
5.0359092 7.2883849 8.4949989 46
6.360045 7.1902494 10.602908 25
5.7619863 7.2163124 9.7009497 53
5.2649426 7.2633638 8.9999857 45
4.7999048 7.2944098 8.3870182 48
6.0480227 7.1532865 10.307933 26
5.5229788 7.2453394 9.5529699 51
5.0319376 7.2793884 8.8770046 42
4.5789018 7.3064322 8.2980337 45
5.7800078 7.152318 10.083954 37
5.2699676 7.238368 9.3729906 51
4.8049321 7.2924123 8.762022 49
4.3548989 7.3124533 8.2050514 59
5.5199943 7.1523476 9.8689737 36
5.0349598 7.2513933 9.225008 48
4.5809274 7.3034344 8.6500378 52
4.1418967 7.3244729 8.1260662 54
5.3129873 7.2142587 9.748951 46
4.8229427 7.2893181 9.1179934 45
4.3568969 7.3063722 8.5350323 51
3.9328606 7.3334193 8.0510664 51
5.0929785 7.2502875 9.6039724 43
4.5999336 7.3023448 8.9860144 46
4.141891 7.3153963 8.4340506 51
3.7308605 7.3524408 7.9910841 50
4.8579659 7.2613177 9.430994 40
4.3849273 7.3203707 8.8680334 45
3.9438899 7.3424187 8.3620672 51
3.530859 7.3634615 7.9301009 61
4.6259546 7.2653465 9.2630148 41
4.1659188 7.3223968 8.7380524 48
3.734885 7.3424416 8.2650843 52
3.3268559 7.3554826 7.853116 52
4.408946 7.2793727 9.117033 43
3.9539125 7.3284197 8.621068 47
3.5378826 7.3524623 8.1881008 52
3.137856 7.3675008 7.8061304 59
4.1939373 7.2903986 8.9780502 43
3.7559085 7.3464413 8.5280848 49
3.3458819 7.3724818 8.1251154 57
2.9458554 7.3685188 7.7511439 61
3.9979334 7.33042 8.8770676 39
3.5529034 7.3524632 8.4250994 51
3.143877 7.3605013 8.0331287 58
2.7668586 7.3975348 7.7311563 53
3.7809246 7.322444 8.7270832 42
3.3549001 7.362484 8.3321152 52
2.9568768 7.3755198 7.9761424 59
2.5838602 7.4085512 7.6951685 50
3.5869215 7.3534641 8.6320982 37
3.1588962 7.3665023 8.2381277 53
2.7708762 7.3855362 7.9181547 55
2.3998601 7.408567 7.6521797 57
3.3829153 7.3574858 8.5091124 44
2.968894 7.3795209 8.1611404 53
2.5918777 7.4055519 7.8771663 50
2.222863 7.4195809 7.6271906 56
3.1859109 7.368505 8.4021254 44
2.7778909 7.3785386 8.0751524 52
2.4098778 7.414567 7.828177 55
2.0458646 7.4255943 7.6012006 56
2.9929075 7.3795233 8.3021383 48
2.5928895 7.3865547 8.0021639 49
2.2298782 7.4195809 7.7811866 56
1.8728676 7.4396067 7.5862093 51
2.7999041 7.3835411 8.2011499 49
2.4128892 7.4005694 7.9441743 53
2.0538793 7.4265947 7.7411962 57
1.5207803 6.6566491 6.7752075 59
2.6109009 7.3885579 8.1091604 47
2.2308888 7.4065843 7.8801837 49
1.879881 7.4396081 7.7092047 59
1.3717872 6.677659 6.7782154 51
2.4258995 7.4005728 8.0271702 51
2.0558901 7.427598 7.8381929 53
1.5257958 6.6576495 6.8712039 57
1.2177914 6.6736684 6.7592216 51
2.2428982 7.413588 7.9521804 48
1.8798914 7.4406109 7.7902012 52
1.3708006 6.6636596 6.8462105 51
1.0697988 6.6946764 6.7702274 45
2.061898 7.425602 7.8821888 53
1.5238093 6.6626506 6.9322 57
1.2208065 6.6846685 6.8382168 51
1.0258828 7.4636617 7.5322447 35
1.8808972 7.4326148 7.8111973 52
1.3668123 6.6656609 6.8892059 53
1.0678111 6.6856771 6.8152218 41
0.86188823 7.4876699 7.5512505 54
1.5208188 6.6576548 6.9391961 59
1.2118167 6.6756701 6.8582125 50
1.0238913 7.4666624 7.5802383 42
0.6968928 7.4996781 7.5642552 49
1.3628219 6.6676636 6.8882022 52
1.0578212 6.684679 6.829217 38
0.85789603 7.492671 7.5862436 50
0.53289765 7.5146856 7.5822601 49
1.201825 6.668673 6.8332076 48
1.0118976 7.4746656 7.5892334 44
0.69089937 7.5016794 7.5802484 52
0.36790201 7.5236936 7.5992632 45
1.0488309 6.7016816 6.8142128 32
0.8409003 7.4866748 7.5672374 47
0.52390301 7.5146875 7.5802517 46
0.20290668 7.5337005 7.619266 41
0.99390179 7.4796691 7.5442276 50
0.67090398 7.5056829 7.5552425 48
0.35590672 7.5206952 7.5782557 49
0.038910039 7.5297065 7.6302691 48
0.81890291 7.4846783 7.4992318 48
0.50090688 7.5116906 7.5352454 46
0.18891068 7.5357018 7.5902586 44
-0.12408509 7.5417128 7.6602712 43
0.64386022 7.4946766 7.4642911 46
0.32986596 7.5186925 7.51931 45
0.022872498 7.5387073 7.592329 45
-0.28912011 7.5477219 7.6893468 44
0.46986398 7.515687 7.4452977 45
0.15987079 7.5397024 7.5223169 43
-0.14412345 7.543716 7.6003346 46
-0.45311373 7.5627289 7.7303519 41
0.2948657 7.5206985 7.4133039 41
-0.011126916 7.5387111 7.5073214 44
-0.31111798 7.5587234 7.6233387 45
-0.61910838 7.5687361 7.7653561 41
0.12086911 7.5367079 7.3983097 38
-0.18112344 7.5447197 7.5033269 44
-0.48011354 7.565732 7.6413431 45
-0.78410292 7.5737429 7.8043599 40
-0.054128688 7.5387168 7.3723149 43
-0.35311955 7.5537281 7.506331 45
-0.64910907 7.5707388 7.6613469 43
-0.95309567 7.5957489 7.8653631 42
-0.23012547 7.549726 7.3603196 41
-0.52511573 7.5607367 7.510335 44
-0.81910372 7.5837455 7.6933503 45
-1.1210897 7.6067548 7.9163656 45
-0.40712276 7.5507336 7.3423238 44
-0.69911104 7.5737433 7.5253382 43
-0.99009848 7.5937524 7.7263532 49
-1.2900842 7.6107597 7.9663672 48
-0.58511853 7.5657411 7.3433275 40
-0.87410623 7.58675 7.5433412 45
-1.1620938 7.5987577 7.7573547 49
-1.4580793 7.6107645 8.0153685 44
-0.76411468 7.5737481 7.3403306 46
-1.0501018 7.5957561 7.5623441 43
-1.3380876 7.6187634 7.8083568 48
-1.6300732 7.6197701 8.0793695 46
-0.94511044 7.5857558 7.3453336 47
-1.2280974 7.5997624 7.5803456 47
-1.5110834 7.6167684 7.8413582 47
-1.8070666 7.6387734 8.1563721 48
-1.1271062 7.5967603 7.3553352 46
-1.4060931 7.6037669 7.6023474 47
-1.6910772 7.6347718 7.8983593 49
-1.9830602 7.6507769 8.2313719 48
-1.3121017 7.6047668 7.3663368 48
-1.5890875 7.619772 7.6413484 46
-1.8690722 7.6397767 7.9473591 50
-2.1600544 7.6587806 8.3063707 48
-1.4980971 7.6157713 7.3833385 50
-1.7730825 7.6297765 7.6773491 50
-2.0490675 7.6427798 7.9983592 55
-2.3410485 7.6697831 8.38937 50
-1.6870918 7.6307764 7.4103394 51
-1.9580777 7.6377797 7.7173486 48
-2.2370613 7.6627831 8.0713587 51
-2.5250425 7.6817856 8.4793701 47
-1.8780872 7.63978 7.435339 54
-2.1460726 7.6467829 7.7613482 50
-2.4250555 7.675786 8.1413574 52
-2.7080379 7.680788 8.5593672 53
-2.0740821 7.6537838 7.4703388 52
-2.3390677 7.6557856 7.8113475 54
-2.6150503 7.6827879 8.2113562 54
-2.9010315 7.7027893 8.6693659 49
-2.2700775 7.6587873 7.5033383 56
-2.5340626 7.6647892 7.8673458 54
-2.8110447 7.6997905 8.2963543 54
-3.0950255 7.7197905 8.7803631 50
-2.4710724 7.6697898 7.5433364 54
-2.7340569 7.6837907 7.9363446 57
-3.0130386 7.7207913 8.3913527 53
-3.2850211 7.7167916 8.8723602 47
-2.6730676 7.6747913 7.5853348 52
-2.9390514 7.6987925 8.0083418 53
-3.2090342 7.7197928 8.4673491 52
-3.4750175 7.703793 8.9603558 44
-2.8820622 7.690793 7.6433325 56
-3.148046 7.7157941 8.0873394 54
-3.4130297 7.7267933 8.5573444 58
-3.6910107 7.7437925 9.1153526 53
-3.0930576 7.6947942 7.6943293 53
-3.3570414 7.7227941 8.1603355 61
-3.6240244 7.7417936 8.6623411 57
-3.8940063 7.7467923 9.2323465 54
-3.3180513 7.7257953 7.7783265 58
-3.5760362 7.7377949 8.2503319 57
-3.8420193 7.7607942 8.7793369 54
-4.1110015 7.7657928 9.374342 57
-3.5400465 7.734796 7.8473225 59
-3.7920318 7.7397952 8.3313265 58
-4.0610151 7.7707934 8.8923311 54
-4.3019996 7.7297916 9.4583349 66
-3.7710414 7.7507958 7.9283175 59
-4.0230269 7.7607942 8.4383221 58
-4.2850108 7.7777934 9.0083265 55
-4.4959984 7.6927905 9.547328 54
-4.0020375 7.7567968 8.0063152 56
-4.2560225 7.7727952 8.5443201 57
-4.4830098 7.7337933 9.0723219 51
-4.5070128 7.3517904 9.2603149 28
-4.2480321 7.7787957 8.1083107 48
-4.4690208 7.7377944 8.6053123 49
-4.4890246 7.3647909 8.7573061 37
-4.5140252 7.0267882 8.9892998 28
-4.4430318 7.6977944 8.1093016 42
-4.4700346 7.3477912 8.2762966 40
-4.5130343 7.049789 8.505291 40
-4.6960225 6.985785 9.0782919 47
-4.4550433 7.3137918 7.7952862 37
-4.5010428 7.0307884 8.025281 41
-4.7010317 7.0027862 8.5742826 56
-4.9290171 7.0087824 9.259285 47
-4.4940505 6.9987884 7.5552726 45
-4.7060394 6.9967861 8.0972738 53
-4.9480252 7.0327835 8.7422752 50
-5.7589779 7.8427806 10.528295 44
-4.7310448 6.9977851 7.653265 48
-4.9560332 7.019783 8.2422657 55
-5.7119937 7.7587805 9.7932816 50
-6.027976 7.8617768 10.740285 41
-4.988039 7.0177813 7.7812567 40
-5.8070002 7.8427811 9.3442736 61
-6.00699 7.7977777 10.008272 50
-6.3099737 7.8827734 10.965273 37
-5.8590083 7.8487797 8.825264 51
-6.0539994 7.799777 9.4432621 62
-6.3479857 7.8787732 10.289263 59
-6.602973 7.9067683 11.207263 38
-6.168005 7.8687754 8.9862537 51
-6.3279977 7.7817717 9.5842505 56
-6.6519842 7.897769 10.504251 57
-6.9049726 7.9287643 11.459251 36
-6.4940014 7.8927698 9.1672421 54
-6.6499953 7.8087664 9.7902393 50
-6.9799833 7.9307637 10.750239 41
-7.2249732 7.95576 11.733238 39
-6.8129997 7.8947649 9.3322296 61
-7.0349922 7.8897619 10.080228 46
-7.306983 7.9457579 10.987226 40
-7.5379739 7.9647532 11.992224 29
-7.0919991 7.8357587 9.4372149 52
-7.4089904 7.9417558 10.347215 43
-7.6509833 7.9647512 11.244212 50
-7.876976 7.9857473 12.28721 32
-7.4439979 7.8457518 9.6382008 44
-7.7779908 7.9647484 10.5942 45
-8.0159845 7.9907455 11.527197 38
-8.2219791 7.9957409 12.584194 44
-7.843997 7.8857446 9.8921871 39
-8.1719913 7.9987411 10.873185 49
-8.4149866 8.0307379 11.848182 39
-8.516983 7.9477348 12.802177 40
-8.3489952 8.0057373 10.265171 38
-8.5789919 8.0227327 11.159168 36
-8.8109894 8.0507298 12.161163 41
-8.9199877 7.9867268 13.178159 26
-8.7859955 8.0377274 10.549154 37
-9.0019951 8.043725 11.459149 43
-9.2309942 8.0737209 12.500146 51
-9.3989925 8.0727186 13.65514 18
-9.2519979 8.0727177 10.857135 36
-9.4589977 8.0747147 11.795131 31
-9.5839987 8.0207119 12.741124 37
-9.8490009 8.11271 14.08512 23
-9.7430754 8.1031933 11.184465 45
-9.8281288 8.0116301 12.018808 63
-9.8821583 7.910018 12.910146 41
-9.7741575 7.7133789 13.766462 18
-9.813344 7.7741342 11.03681 53
-9.8313713 7.6460323 11.798733 53
-9.8874073 7.5669112 12.705664 54
-10.107455 7.6437201 14.03162 10
-9.825614 7.4131398 10.834521 43
-9.9876661 7.4090023 11.774465 26
-10.171731 7.4378462 12.86241 20
-10.187795 7.379715 13.948339 7
-10.351916 7.4330091 11.199286 30
-10.540996 7.455862 12.215224 27
-10.499064 7.332767 13.075146 41
-10.29113 7.1336989 13.903061 7
-10.645205 7.2699342 11.312009 57
-10.659286 7.1808343 12.151934 63
-10.48936 6.9927773 12.874852 45
-10.521478 6.9776449 14.034785 9
-10.657457 6.9139295 11.13471 59
-10.676558 6.8458319 11.985638 66
-10.523649 6.6877723 12.737563 63
-10.647811 6.7496171 14.029499 17
-10.666697 6.5659223 10.963416 59
-10.674735 6.5048361 11.807408 58
-10.597771 6.4167619 12.659404 83
-10.699854 6.4786162 13.936405 33
