# .PCD v0.7 - Point Cloud Data file format
VERSION 0.7
FIELDS x y z intensity
SIZE 4 4 4 4
TYPE F F F F
COUNT 1 1 1 1
WIDTH 15955
HEIGHT 1
VIEWPOINT 0 0 0 1 0 0 0
POINTS 15955
DATA ascii
0.36681288 13.105101 14.222448 14
-0.17395917 12.580194 13.560367 4
-0.74099928 13.219622 14.208057 14
0.63163894 13.077777 14.265264 18
0.077820763 13.135508 14.228567 14
-0.45183951 12.481489 13.469645 8
-1.0320553 13.142 14.185274 15
0.34475136 13.113149 14.238384 14
-0.20696072 12.488192 13.511367 5
-0.7611118 13.13964 14.200081 10
-1.3231374 13.066389 14.172486 14
0.055850741 13.161737 14.233287 14
-0.48184657 12.475915 13.484189 6
-1.0490454 13.083476 14.169808 11
-1.6112163 13.002225 14.178258 17
-0.23087645 12.523575 13.497885 7
-0.79312056 13.136019 14.189629 10
-1.3382213 13.051718 14.173126 11
-1.8903813 12.892413 14.141678 18
-0.50896472 12.575823 13.513152 10
-1.0832402 13.132257 14.186916 14
-1.6264007 13.008957 14.172453 12
-2.1635222 12.760575 14.087129 5
-0.82318878 13.241778 14.190698 15
-1.3733259 13.09847 14.159229 13
-1.9105501 12.940166 14.14981 13
-2.4488618 12.720864 14.141444 15
-1.1182303 13.241999 14.163962 12
-1.6654707 13.082713 14.159511 13
-2.1947522 12.887401 14.152143 8
-2.7251163 12.626086 14.141832 13
-1.4153197 13.255245 14.159203 14
-1.9525756 13.036924 14.13283 14
-2.4678497 12.768558 14.089567 8
-2.9973984 12.535314 14.153222 17
-1.7164075 13.258492 14.149436 14
-2.2447414 13.01017 14.135109 14
-2.7531197 12.731823 14.121866 11
-3.2606337 12.410499 14.133664 15
-2.0144954 13.248729 14.133682 16
-2.5349023 12.969407 14.1294 12
-3.0343595 12.665061 14.1302 11
-3.5218894 12.293707 14.128088 14
-2.3115265 13.215991 14.101914 14
-2.8199685 12.904688 14.103668 8
-3.3074715 12.573365 14.116504 13
-3.7860839 12.18704 14.140419 15
-2.6115198 13.189348 14.084064 15
-3.1029944 12.830011 14.074913 7
-3.5805991 12.4867 14.115789 14
-4.0422645 12.064352 14.140787 16
-2.9155552 13.171728 14.084192 17
-3.3880527 12.760348 14.059146 7
-3.8497171 12.38702 14.106097 16
-4.2974753 11.947674 14.154152 15
-3.2165706 13.131086 14.06735 14
-3.6781735 12.711719 14.073343 13
-4.1228867 12.300366 14.11938 17
-4.5486917 11.826988 14.167531 22
-3.5196176 13.096458 14.063496 15
-3.967308 12.657091 14.089549 12
-4.390048 12.199696 14.123693 16
-4.7888594 11.67326 14.149974 16
-3.8216712 13.049827 14.056655 13
-4.2524233 12.581441 14.089784 13
-4.6471677 12.073986 14.10306 16
-5.0280662 11.530544 14.150408 14
-4.1277499 13.005207 14.058799 9
-4.5325284 12.490774 14.080048 14
-4.9093471 11.962308 14.108395 17
-5.2602634 11.378814 14.14387 7
-4.4408817 12.972617 14.08391 8
-4.8096328 12.389098 14.06533 16
-5.1665173 11.839616 14.105754 15
-5.4965096 11.238106 14.158308 15
-4.7218537 12.845897 14.014203 8
-5.0867934 12.285583 14.056448 16
-5.4247966 11.72325 14.117785 16
-5.7298765 11.094871 14.174296 19
-5.0256763 12.778932 14.017831 14
-5.3662629 12.19164 14.065332 14
-5.6799269 11.602342 14.12993 14
-5.9466505 10.92996 14.166764 22
-5.3312335 12.711115 14.027875 16
-5.6409049 12.088807 14.070533 14
-5.9286647 11.471503 14.137264 8
-6.1715107 10.781126 14.187214 20
-5.630796 12.625328 14.026979 19
-5.9135609 11.972008 14.067777 15
-6.1623797 11.31065 14.113695 9
-6.3773437 10.605265 14.175771 18
-5.9273758 12.526578 14.020131 18
-6.1832547 11.853252 14.070054 14
-6.3871164 11.13781 14.081188 16
-6.485868 10.273057 13.958797 7
-6.2248659 12.422049 14.016518 20
-6.3598032 11.552081 13.863025 15
-6.4286246 10.652953 13.657761 6
-6.4514813 9.7327566 13.454659 10
-6.4008713 12.075648 13.748589 8
-6.3654289 10.966812 13.318072 7
-6.4555464 10.179539 13.242813 12
-6.5497694 9.4297066 13.269275 16
-6.4153967 11.458414 13.174648 16
-6.9781308 11.44116 14.063954 8
-7.1164894 10.711452 14.144257 13
-7.1717043 9.8793297 14.155134 9
-7.0928082 12.034824 13.978491 12
-7.2331257 11.28696 14.056971 13
-7.3364377 10.534034 14.132551 13
-7.38381 9.7220135 14.199342 27
-7.4028559 11.936726 14.01939 22
-7.4931459 11.140752 14.067036 19
-7.5594764 10.365764 14.139718 12
-7.584918 9.5547295 14.23254 23
-7.6949158 11.798716 14.02519 21
-7.7553148 10.995863 14.086724 20
-7.781714 10.194959 14.149359 11
-7.7592034 9.3559914 14.223173 29
-8.0052309 11.687231 14.069337 11
-7.9925375 10.811207 14.063154 15
-7.9990139 10.0183 14.155841 9
-7.9335084 9.1602592 14.221803 26
-8.2393341 11.461515 13.984812 8
-8.2498541 10.655622 14.085498 16
-8.1872425 9.8075609 14.121442 10
-8.1118488 8.9705486 14.235415 21
-8.530633 11.314981 14.006042 15
-8.4861221 10.471979 14.077928 17
-8.4045906 9.6349163 14.14592 16
-8.2902126 8.7848454 14.259022 27
-8.8109093 11.148398 14.012344 16
-8.7314215 10.299335 14.09236 15
-8.613905 9.4522057 14.163486 15
-8.4836111 8.6151276 14.31464 13
-9.0891762 10.978771 14.023719 21
-8.9786949 10.121649 14.11187 8
-8.8071136 9.2524004 14.16121 15
-8.6056862 8.3771505 14.259642 14
-9.357317 10.792044 14.023299 20
-9.1817732 9.8987894 14.07367 11
-8.991251 9.0415373 14.150048 15
-8.771903 8.182292 14.28451 25
-9.6124477 10.589288 14.011936 21
-9.4202452 9.7153177 14.096899 18
-9.2048359 8.8640919 14.195281 14
-8.9244814 7.9777679 14.293892 22
-9.8760529 10.391964 14.015836 19
-9.6667175 9.5357676 14.136205 13
-9.3892488 8.6574183 14.200803 12
-9.0819454 7.7810745 14.321488 10
-10.162531 10.215478 14.059012 10
-9.872098 9.3131132 14.121662 22
-9.5486107 8.4286938 14.175399 11
-9.2243881 7.5723643 14.331117 28
-10.390845 9.9788332 14.028448 13
-10.092478 9.1054792 14.136136 21
-9.749033 8.2360353 14.219957 16
-9.373745 7.3705931 14.357871 22
-10.657246 9.7782526 14.059816 16
-10.296817 8.8817768 14.135713 14
-9.9274044 8.02631 14.2376 15
-9.5201445 7.1658306 14.387605 13
-10.864506 9.5165129 14.014417 10
-10.525245 8.6791468 14.175198 11
-10.093762 7.8055577 14.245287 24
-9.6113691 6.9239168 14.340539 12
-11.16002 9.3340178 14.09268 21
-10.711591 8.4364195 14.161817 16
-10.259174 7.5848408 14.257923 25
-9.7468224 6.7151847 14.366232 21
-11.385092 9.0863276 14.088793 25
-10.919184 8.2087231 14.186541 15
-10.42205 7.3551474 14.274238 17
-9.8765593 6.4993882 14.392443 15
-11.648029 8.8613586 14.135383 16
-11.127424 7.9817882 14.217471 21
-10.597816 7.1402164 14.313566 9
-9.9891958 6.2765398 14.396926 30
-11.8336 8.5815668 14.096633 16
-11.302996 7.7320061 14.212813 15
-10.712224 6.8863368 14.278183 21
-10.099627 6.055687 14.40761 22
-12.064031 8.3328629 14.12003 20
-11.486382 7.4872389 14.226362 26
-10.878634 6.6665421 14.319812 18
-10.229014 5.8478446 14.450356 22
-12.28239 8.073102 14.135557 28
-11.703832 7.2635064 14.289879 11
-11.017962 6.4277029 14.331545 17
-10.346383 5.6339946 14.485139 15
-12.472251 7.8029256 14.128497 27
-11.829799 6.9890285 14.250201 11
-11.146216 6.1920404 14.338006 32
-10.377592 5.3799062 14.404073 14
-12.535211 7.446754 13.985854 14
-12.010111 6.7401876 14.281101 15
-11.2875 5.9561405 14.366998 22
-10.476824 5.1589365 14.42416 10
-12.598465 7.094871 13.852751 15
-12.17274 6.4786401 14.297547 14
-11.447259 5.7306743 14.424361 13
-10.591594 4.9464412 14.471601 27
-12.607567 6.7227678 13.672922 13
-12.299192 6.1978602 14.279291 16
-11.485512 5.4426975 14.335383 13
-10.647964 4.7075477 14.445536 22
-12.571586 6.3365703 13.458236 14
-12.467793 5.9392066 14.317873 17
-11.626076 5.2070045 14.383071 16
-10.717344 4.4746885 14.441467 20
-12.593707 5.9864926 13.318439 11
-12.449797 5.5940237 14.149228 10
-11.744527 4.9591956 14.408925 24
-10.789709 4.2467937 14.448442 25
-12.629866 5.6504326 13.203619 10
-12.602308 5.3282752 14.185995 15
-11.797793 4.6862221 14.360997 22
-10.842023 4.0118508 14.435485 28
-12.714168 5.3404994 13.14963 5
-12.553277 4.9800258 14.002441 10
-11.901236 4.4343863 14.381899 15
-10.919441 3.787982 14.462442 11
-12.750394 5.013474 13.055771 3
-12.694839 4.7122965 14.041185 13
-12.011801 4.1834283 14.417732 14
-10.96296 3.5498397 14.448761 24
-14.079532 5.1667376 14.292458 18
-12.69768 4.3864813 13.934564 12
-12.074742 3.911056 14.403665 15
-11.053831 3.3258915 14.503044 10
-14.189432 4.8375354 14.278454 18
-12.72417 4.0814719 13.862291 12
-12.131365 3.6431229 14.386292 16
-11.043259 3.076838 14.428888 27
-14.300094 4.5076718 14.274996 17
-12.632181 3.7422292 13.668569 11
-12.171734 3.3731563 14.360212 18
-11.072545 2.8428657 14.414904 26
-14.392499 4.1757698 14.261874 19
-12.714555 3.4603059 13.675491 12
-12.227044 3.1071885 14.356218 18
-11.123864 2.6149056 14.432908 18
-14.459806 3.8367906 14.23392 17
-12.725718 3.1612566 13.610652 12
-12.26833 2.8392117 14.343266 25
-11.163172 2.3839428 14.441939 29
-14.559249 3.504899 14.245827 25
-12.720872 2.8611822 13.538848 12
-12.321689 2.5752628 14.351256 26
-11.178425 2.1489308 14.425022 19
-14.632664 3.1669626 14.240795 24
-12.715637 2.5636706 13.47241 13
-12.318118 2.3002915 14.296204 9
-11.199279 1.9173073 14.417773 17
-14.717547 2.8304241 14.252267 18
-12.774653 2.2805746 13.482879 13
-12.376445 2.0376341 14.324439 21
-11.228051 1.6883157 14.430393 21
-14.800572 2.4944692 14.275821 12
-12.790565 1.9914999 13.456454 13
-12.400445 1.7705687 14.317874 16
-11.205914 1.4512283 14.379882 14
-14.80956 2.146477 14.234397 18
-12.809535 1.7026066 13.439963 12
-12.445455 1.5068177 14.344323 26
-11.225867 1.2223793 14.392328 21
-14.839614 1.8025415 14.222939 14
-12.81453 1.4155748 13.416471 11
-12.448457 1.2387307 14.326788 20
-11.253951 0.995359 14.418668 29
-14.854923 1.4563808 14.206199 17
-12.86812 1.131436 13.450329 10
-12.457125 0.97142088 14.320542 25
-11.291938 0.76703143 14.460119 5
-14.876897 1.1130158 14.202627 21
-12.863944 0.84205055 13.42988 12
-12.365668 0.69784874 14.205371 14
-11.2474 0.53366798 14.401031 17
-14.882428 0.76885992 14.193621 18
-12.88828 0.55705589 13.448033 11
-12.441978 0.43607932 14.291572 13
-11.243198 0.30579084 14.400642 22
-14.884441 0.42392617 14.190306 16
-12.880297 0.27107802 13.438572 11
-12.441072 0.17109281 14.29598 26
-11.224463 0.078706145 14.385785 24
-14.888195 0.083326057 14.198344 17
-12.883045 -0.012623252 13.450464 14
-12.445765 -0.091548339 14.313834 22
-11.213056 -0.14598776 14.386596 23
-12.804558 -0.22358873 12.208796 2
-12.946671 -0.30049378 13.530412 10
-12.42206 -0.35661215 14.303064 26
-11.209373 -0.37301198 14.401752 20
-14.783837 -0.5978902 14.130056 5
-12.890878 -0.58562559 13.492785 11
-12.400374 -0.62065631 14.302299 15
-10.954695 -0.58755028 14.09466 14
-14.786341 -0.93888491 14.161268 31
-12.909373 -0.87458771 13.540909 14
-12.396777 -0.8856616 14.327467 26
-11.179975 -0.82707173 14.416114 14
-14.756797 -1.2799358 14.170548 20
-12.909842 -1.1625823 13.576067 15
-12.339609 -1.1462251 14.296082 27
-11.131371 -1.0510774 14.38308 22
-14.719789 -1.6196177 14.177999 17
-12.965879 -1.4590621 13.67557 13
-12.299604 -1.4074738 14.289784 17
-11.110631 -1.2748418 14.395561 23
-14.676696 -1.9577081 14.192057 18
-12.973959 -1.7520747 13.73528 12
-12.220379 -1.6636693 14.246625 13
-11.085611 -1.4999466 14.406095 23
-14.61282 -2.2918317 14.193814 18
-12.980206 -2.0469964 13.800823 16
-12.257654 -1.9344521 14.347097 15
-11.02438 -1.7208571 14.374859 24
-14.533834 -2.6228242 14.19077 21
-12.932266 -2.3339999 13.816563 16
-12.152449 -2.1846318 14.284925 7
-10.982357 -1.941977 14.374407 22
-14.461977 -2.9569938 14.20155 22
-13.007038 -2.6479647 13.970589 16
-12.123005 -2.445879 14.317981 15
-10.941998 -2.1643367 14.378256 14
-14.340841 -3.2775445 14.171297 20
-13.023282 -2.9542658 14.069969 15
-12.047846 -2.7003727 14.302654 29
-10.914938 -2.3897507 14.404821 14
-14.233558 -3.5999494 14.162291 10
-13.015034 -3.2563789 14.149962 24
-11.980076 -2.954484 14.303075 18
-10.830764 -2.6027796 14.361501 22
-14.15274 -3.9279521 14.19111 18
-12.978159 -3.5553071 14.20874 15
-11.887967 -3.2005572 14.279861 31
-10.753681 -2.8158705 14.332103 15
-13.287321 -4.0174789 13.429013 4
-12.936738 -3.8533714 14.269976 12
-11.834399 -3.457655 14.309114 24
-10.726115 -3.0419297 14.373263 14
-13.168688 -4.3126631 13.427499 10
-12.828068 -4.1335392 14.264439 21
-11.729608 -3.698822 14.282559 11
-10.693501 -3.2679596 14.413491 15
-13.151417 -4.6446319 13.538742 13
-12.733446 -4.4166589 14.28089 16
-11.673031 -3.9578807 14.322882 23
-10.632776 -3.4860437 14.420802 13
-13.151242 -4.9865637 13.677939 11
-12.561542 -4.6709194 14.217565 8
-11.620487 -4.2169294 14.37319 6
-10.50978 -3.6852508 14.348292 12
-13.157135 -5.3374772 13.835122 16
-12.488047 -4.9599895 14.272955 15
-11.485607 -4.4471345 14.326736 29
-10.505351 -3.9242132 14.44344 13
-10.1193 -4.3688273 10.742089 42
-10.073767 -4.2531409 11.612345 2
-11.347389 -4.6726694 14.28291 11
-10.408146 -4.1306887 14.415437 22
-9.8347483 -4.5129428 10.56544 3
-9.6947927 -4.3476176 11.295766 37
-11.306942 -4.9396534 14.368227 14
-10.314308 -4.3378043 14.396876 21
-9.3354931 -4.5428042 10.155005 2
-11.16708 -5.1658344 14.334822 27
-10.219484 -4.5459185 14.38232 20
-9.2569008 -4.7688622 10.208406 3
-11.059387 -5.4039636 14.347304 21
-10.134741 -4.7570314 14.386707 9
-10.942676 -5.638114 14.353804 12
-10.082177 -4.9860716 14.44301 10
-10.763721 -5.8383074 14.284489 3
-9.9694128 -5.1852012 14.417418 20
-8.2041311 -4.8203297 10.176158 1
-9.8649855 -5.3896456 14.407371 27
-8.1295385 -5.0203929 10.234507 2
-9.7702713 -5.6007652 14.420786 16
-9.706542 -6.501658 11.598548 12
-8.0338621 -5.2084956 10.270913 1
-9.6494303 -5.7967749 14.399368 7
-9.3479319 -6.5750365 11.373847 43
-7.9080777 -5.3774137 10.274576 1
-8.9521141 -6.6024384 11.097281 42
-7.7551765 -5.5273876 10.247313 1
-7.2806792 -4.9978719 10.292467 1
-8.5793743 -6.6308117 10.844642 40
-7.6233954 -5.6893172 10.252997 1
-8.2166538 -6.6511807 10.600965 39
-8.4145002 -6.5832133 11.543352 35
-6.9725742 -5.2328916 10.165895 3
-7.0316229 -5.9483685 9.2533035 48
-7.1739116 -5.8576274 10.011781 20
-6.9201994 -5.427742 10.260237 4
-6.7503047 -5.9757619 9.0821152 51
-6.9327316 -5.918951 9.8694906 50
-6.8568802 -5.6176863 10.343492 3
-6.6459346 -6.1567674 9.153491 46
-6.6854892 -5.9632974 9.7142115 53
-6.7654381 -5.7886934 10.392819 22
-6.6572638 -6.454505 9.398591 43
-6.6464629 -6.1971636 9.8704233 40
-6.6699958 -5.9577093 10.441162 35
-6.6012716 -6.6963897 9.5598612 76
-6.6889935 -6.5188289 10.164441 52
-6.6802526 -6.2294655 10.667245 20
-6.3973193 -6.7906227 9.5147572 68
-6.4234867 -6.5382466 9.9904909 51
-6.7175159 -6.5401726 10.95357 49
-6.1459603 -6.8220444 9.3925591 52
-6.1639676 -6.5547113 9.823307 55
-6.5998445 -6.7053051 10.99405 56
-6.7721829 -6.5154924 11.815371 2
-6.0214195 -6.9951563 9.4720669 4
-5.9406548 -6.5990901 9.7100315 52
-6.3382182 -6.7198119 10.794866 57
-6.6090846 -6.6277976 11.744943 12
-5.7354283 -6.6574817 9.6256838 60
-6.0433002 -6.6844554 10.52873 40
-6.3845534 -6.6742907 11.567644 33
-5.5644393 -6.7507663 9.6002626 65
-5.7090659 -6.5871654 10.183691 45
-6.146925 -6.697762 11.363395 40
-5.398562 -6.8486304 9.5870752 58
-5.4635091 -6.5780373 9.9907923 44
-5.9113879 -6.7133393 11.158615 35
-5.2195444 -6.9286485 9.5528641 35
-5.2460289 -6.5964193 9.846509 45
-5.6867518 -6.733994 10.972231 40
-5.0651393 -7.0369925 9.5667763 2
-5.0380855 -6.6173072 9.7171955 47
-5.4627423 -6.7458334 10.781913 36
-4.8684373 -6.6843076 9.6606035 53
-5.1801152 -6.6741748 10.470563 28
-4.7129164 -6.7682776 9.6349869 60
-4.9115248 -6.604506 10.175181 26
-4.5675039 -6.8682256 9.6343555 53
-4.7064519 -6.6116638 10.010667 26
-3.9574349 -7.0609055 8.5624142 1
-4.4005523 -6.9324841 9.5908728 40
-4.5079508 -6.6211338 9.8582773 29
-3.7362132 -7.0308585 8.4520922 2
-4.2468395 -7.0243421 9.586688 4
-4.3147488 -6.6351609 9.7181911 35
-3.4844992 -6.9182944 8.2529964 3
-4.155611 -6.6964197 9.6537294 44
-3.2993324 -6.9245758 8.2025776 12
-4.0338397 -6.8175654 9.6811924 40
-3.1182151 -6.9378428 8.1651516 17
-3.8858149 -6.8958144 9.6496944 41
-2.9380474 -6.9411464 8.1216946 23
-3.7458982 -6.9930534 9.6481714 19
-2.7690022 -6.9674158 8.1082172 22
-3.6049972 -7.0872483 9.6466732 3
-2.5959466 -6.9764991 8.0818901 21
-2.8767986 -7.0915775 8.6132193 1
-2.4269481 -6.9883332 8.0637426 20
-2.6955454 -7.0827036 8.5449114 1
-2.2568176 -6.990664 8.0392141 9
-2.5024202 -7.0197639 8.4185429 1
-2.0935071 -7.0074883 8.0347252 14
-2.3184724 -6.9749169 8.3189564 1
-1.9289011 -7.0135674 8.0231295 17
-2.1517723 -6.977015 8.2783604 2
-1.7642815 -7.0146623 8.0095348 19
-1.9921619 -6.9930992 8.259758 4
-1.605605 -7.0278025 8.0149632 16
-1.8353463 -7.0152912 8.2522068 13
-1.44561 -7.0380788 8.0204544 16
-1.6742399 -7.0175943 8.2266951 18
-1.9150722 -7.0270553 8.4819193 3
-1.1617057 -6.2841954 7.1627545 12
-1.5161699 -7.0248852 8.2101793 14
-1.7467035 -6.9934196 8.3914042 17
-1.020669 -6.2814441 7.16118 16
-1.2271904 -6.2769837 7.3205338 2
-1.5896336 -7.0056181 8.3599558 13
-0.88172746 -6.2875924 7.1736674 16
-1.0871358 -6.2782006 7.3059907 18
-1.4345837 -7.0269094 8.3434429 14
-1.6851174 -7.0214243 8.5126228 13
-0.74171621 -6.2848377 7.1800923 14
-0.94705689 -6.2754622 7.2914157 15
-1.1544881 -6.2719555 7.4158063 11
-1.5229599 -7.0123777 8.4363413 14
-0.6040749 -6.3134794 7.2258844 11
-0.8082217 -6.2781014 7.2872109 15
-1.0145125 -6.2676935 7.3815498 16
-1.2338555 -6.2662549 7.4878545 2
-0.50611025 -7.0807962 8.1199055 14
-0.6712721 -6.2912016 7.2977276 16
-0.87645537 -6.2738185 7.3620644 17
-1.0927209 -6.2724032 7.4443784 13
-0.58334428 -7.0684853 8.1947355 9
-0.73841602 -6.2759337 7.3415813 18
-0.95469022 -6.2865167 7.414906 12
-0.43050295 -7.0896177 8.2212992 4
-0.60247326 -6.2961082 7.3470545 11
-0.81556338 -6.2907724 7.3783517 15
-0.50438499 -7.0545592 8.2090025 14
-0.67538399 -6.2850494 7.3327847 12
-0.58538628 -7.0734801 8.2087288 9
-0.42814156 -7.0999913 8.2033005 3
-0.23571841 -5.2799754 6.0824404 1
-0.12067655 -5.2860804 6.0688777 2
-0.001728216 -5.3081727 6.077342 4
0.11436198 -5.3002872 6.0547724 4
0.2334325 -5.3063469 6.0502214 4
0.35538861 -5.3334193 6.0716805 3
0.47644776 -5.3375082 6.0711174 3
0.59656656 -5.3286052 6.057539 2
1.2355099 -5.3638773 6.6726904 1
0.72148168 -5.3507223 6.0839849 2
1.3592956 -5.3699708 6.7411132 1
0.84451067 -5.3458762 6.0833941 2
0.96959555 -5.3529716 6.0987706 2
1.0951252 -5.3508968 6.1073666 2
1.5601739 -5.3879805 6.6799593 1
1.2221001 -5.3480411 6.1178002 1
1.6801354 -5.3631029 6.7023525 1
1.3569523 -5.3671703 6.1562829 0
3.1504087 -7.3609247 9.963335 2
2.3968444 -7.1864042 8.3308544 22
3.3002584 -7.2779794 9.9801407 11
2.5829449 -7.1847591 8.375082 24
3.4405658 -7.1804285 9.9789715 36
2.7787087 -7.2029552 8.4437599 17
3.5866425 -7.0926051 9.9953861 38
2.9606597 -7.18117 8.4723558 11
3.7376349 -7.0177708 10.031832 37
3.7024469 -7.4138145 9.9330788 1
3.1772475 -7.2233543 8.5831308 3
3.9074085 -6.9749146 10.119372 28
3.8725326 -7.3500504 9.9675236 6
4.1193848 -6.9973197 10.308633 25
4.0212946 -7.2475042 9.9544992 36
4.321876 -6.9985218 10.474373 28
4.1971574 -7.1927667 10.011135 54
4.5274897 -6.9955497 10.641004 27
4.3713121 -7.1308088 10.063573 52
4.2052546 -7.2141395 9.5033731 42
4.6412082 -6.8514843 10.601568 24
4.5485086 -7.0687919 10.123466 48
4.4240131 -7.2090855 9.6151848 40
4.2380533 -7.2324023 8.9925919 42
4.6583476 -6.5806961 10.36241 29
4.655005 -6.9029837 10.036701 32
4.6376939 -7.1902485 9.7159147 45
4.4726572 -7.2415833 9.1064167 39
4.7428255 -6.4128532 10.281569 31
4.6851201 -6.6372085 9.8045893 37
4.6739058 -6.9055018 9.4628067 34
4.6772199 -7.1935964 9.1548176 41
4.9519281 -6.40662 10.466146 27
4.7555752 -6.4378638 9.6696033 42
4.7116432 -6.6423092 9.2356224 33
4.7090664 -6.8953209 8.8895931 33
5.0345602 -6.2422881 10.392923 7
4.9751816 -6.4396739 9.8347778 45
4.7986012 -6.4580069 9.1160908 41
4.7389946 -6.6133089 8.6429071 41
6.0718803 -7.1843495 12.199126 19
5.2023134 -6.4346666 10.00573 41
5.0337934 -6.4617729 9.2713432 45
4.8840394 -6.4898758 8.6080198 41
5.4909458 -6.2463689 10.831008 2
6.1394997 -7.2386475 11.467109 29
5.2753739 -6.4613638 9.4314766 44
5.0998554 -6.4558029 8.6968784 42
6.4237132 -7.2458057 11.702082 33
6.0649452 -7.0764194 10.511714 38
5.3662825 -6.4729986 8.865799 10
6.709939 -7.2439666 11.937054 31
6.3482933 -7.0766101 10.709678 33
6.3250985 -7.2541323 10.104763 55
7.0051446 -7.2361326 12.179056 17
6.777688 -7.215786 11.135268 33
6.5435605 -7.1603074 10.159096 47
7.2811232 -7.1993523 12.383541 5
7.1651011 -7.2859721 11.477207 35
6.8342142 -7.1325417 10.318946 41
7.5022864 -7.2893362 11.733232 35
7.1635308 -7.1328802 10.532974 35
7.8552852 -7.2943425 12.008608 34
7.5125971 -7.1356373 10.768582 27
6.7326307 -5.8594413 10.829144 2
8.2010498 -7.2737508 12.266596 12
8.1061916 -7.3405333 11.335333 35
6.9412775 -5.7785439 10.959809 1
8.5392704 -7.2338948 12.506753 3
8.5092554 -7.34659 11.622744 30
6.8102751 -5.3025002 11.456842 2
7.0208998 -5.5902843 10.893851 2
8.9300833 -7.3510075 11.928053 32
6.9110975 -5.1553664 11.463934 13
9.3755617 -7.3529921 12.255472 26
7.1511879 -5.1057343 11.698708 29
7.9218283 -5.8530955 10.990141 1
9.826601 -7.3387213 12.585199 5
7.4839869 -5.1083398 12.076993 24
7.7140136 -5.3572426 11.398058 2
9.649189 -6.2691536 15.309661 11
7.8349791 -5.1917558 11.407306 5
9.7761116 -6.0697713 15.328901 12
8.5734386 -5.4112229 12.291075 2
9.0534067 -5.832963 11.001175 2
9.897191 -5.8659544 15.344203 10
10.771047 -6.4521561 15.179818 9
9.2275982 -5.6420994 11.0266 2
9.9726181 -5.6358881 15.295471 7
10.784024 -6.1481419 15.008792 9
10.106824 -5.4372926 15.33838 13
10.754045 -5.8240237 14.784725 9
12.234579 -6.6548452 15.371286 7
10.219094 -5.2276816 15.353117 14
10.84481 -5.5719323 14.736619 10
12.448486 -6.4090023 15.435958 15
10.32714 -5.0167665 15.367433 14
10.894302 -5.302062 14.640686 7
12.618579 -6.1411572 15.45346 17
10.447301 -4.8119998 15.405574 11
10.946358 -5.0386515 14.556993 5
12.805664 -5.8801527 15.496533 9
13.997218 -6.4094472 15.481965 15
10.483306 -4.5697155 15.323857 9
11.015706 -4.7851539 14.501842 2
12.924616 -5.5833216 15.465984 14
14.188933 -6.0976028 15.501724 19
10.610141 -4.3678393 15.381251 13
11.888253 -4.8550735 15.487014 7
13.080291 -5.3041782 15.488988 14
14.315409 -5.7563629 15.465197 11
10.68733 -4.1435947 15.373398 13
11.934644 -4.5749722 15.410143 13
13.210798 -5.0113544 15.490006 12
14.503778 -5.4414482 15.502646 13
10.728892 -3.905607 15.320102 15
12.052798 -4.3191142 15.432666 14
13.272213 -4.6905503 15.418916 8
14.667624 -5.1098127 15.520082 17
10.801959 -3.6809735 15.316916 10
12.148371 -4.0581727 15.429866 17
13.460965 -4.4163647 15.497651 12
14.753278 -4.7525868 15.467213 9
10.831204 -3.4426956 15.256999 12
12.242067 -3.795902 15.434613 13
13.562579 -4.1118164 15.490846 13
14.954123 -4.4307675 15.540356 19
10.850593 -3.2046866 15.191383 7
12.332529 -3.5319467 15.43893 13
13.675181 -3.8112695 15.500894 13
15.073634 -4.0862722 15.539431 22
10.898212 -2.9733562 15.16604 8
12.390009 -3.2595618 15.409777 4
13.765419 -3.5028276 15.494058 13
15.230044 -3.7460961 15.5825 16
10.937666 -2.7433493 15.134918 8
12.487416 -2.994566 15.432698 14
13.902595 -3.2050469 15.54495 12
15.219482 -3.3697851 15.466795 3
10.967795 -2.512445 15.096553 9
12.621508 -2.7374072 15.505939 10
13.955215 -2.8807521 15.505951 12
15.438629 -3.0331507 15.587531 16
10.968309 -2.2724321 15.019917 9
12.644842 -2.4546084 15.451929 14
14.053697 -2.5699236 15.528881 13
15.515331 -2.6724229 15.578312 17
10.979113 -2.0385854 14.963597 9
12.715663 -2.1827979 15.465435 14
14.140654 -2.2571819 15.548326 14
15.596482 -2.309602 15.58156 20
10.957546 -1.8018024 14.872462 10
12.820421 -1.914152 15.521839 12
14.187745 -1.9382588 15.532444 12
15.683885 -1.9483974 15.600431 13
10.925485 -1.5634074 14.76925 10
11.071462 -1.4111027 13.378576 2
14.228889 -1.6147919 15.515755 15
15.730687 -1.5801725 15.588919 17
11.005548 -1.3424219 14.82328 7
12.853231 -1.3504903 15.446836 8
14.330801 -1.2968057 15.573976 13
15.75999 -1.2091703 15.568798 18
11.031767 -1.114403 14.809219 8
12.950369 -1.0754753 15.512852 13
14.347276 -0.97192544 15.548862 14
15.841621 -0.84011316 15.608635 16
10.972156 -0.87726182 14.684628 9
12.964389 -0.79135501 15.487498 13
14.415142 -0.64570719 15.584417 15
15.887229 -0.46608406 15.623267 14
10.996356 -0.64940262 14.677528 9
13.018679 -0.5103817 15.517283 14
14.484557 -0.31964254 15.629043 6
15.876982 -0.092997946 15.592497 17
11.053634 -0.42371947 14.719914 7
13.07075 -0.22986619 15.553887 9
14.474779 0.0057477783 15.602612 13
15.91196 0.27830541 15.618423 15
11.012562 -0.1928695 14.643622 9
13.071562 0.056383487 15.53889 10
14.478712 0.33313346 15.600594 13
15.934028 0.65067726 15.642329 17
11.042883 0.037661184 14.657402 11
13.060276 0.34188074 15.512138 13
14.464301 0.66257048 15.580893 13
15.889515 1.0231923 15.607691 15
11.049322 0.26801792 14.646051 8
13.079578 0.6289705 15.527894 16
14.461798 0.99265486 15.584393 12
15.882133 1.3983659 15.617064 16
11.115398 0.50026989 14.717966 8
13.08712 0.91369969 15.534447 11
14.234281 1.3017033 15.353949 9
15.855432 1.7765253 15.615457 17
11.094539 0.73711276 14.67795 7
13.039985 1.201058 15.48449 9
14.43034 1.65379 15.581756 11
15.853846 2.1534469 15.651048 14
11.10628 0.972058 14.688494 8
13.073602 1.4939675 15.537071 14
14.437437 1.9876709 15.620749 11
15.805883 2.5261705 15.650085 13
11.131009 1.2089168 14.721818 10
13.052709 1.7818921 15.533013 13
14.387296 2.3114264 15.604814 14
15.743069 2.894233 15.644634 13
11.119186 1.4450552 14.711811 8
13.008368 2.0653141 15.506476 14
14.308832 2.6331875 15.564271 10
15.687157 3.2659454 15.653337 13
11.146706 1.6883702 14.758373 8
13.001691 2.3574297 15.533052 13
14.28196 2.965296 15.58992 12
15.621255 3.635035 15.662958 13
11.14972 1.9294205 14.779263 8
12.947948 2.6435201 15.511673 12
14.21237 3.288377 15.577333 15
15.488759 3.9899783 15.616363 16
11.135256 2.1684732 14.779995 8
12.92679 2.9367645 15.533096 10
14.139376 3.6146348 15.569517 11
15.314101 4.3313766 15.533902 11
11.198503 2.4286122 14.887822 10
12.902036 3.2297487 15.558736 13
14.083695 3.9436688 15.588929 14
15.290426 4.7135611 15.614134 17
11.167033 2.6697268 14.879198 11
12.817242 3.5070372 15.520607 13
14.01042 4.2631607 15.598379 13
15.145247 5.0579963 15.582566 18
11.175154 2.9195919 14.932944 9
12.778845 3.7976005 15.549695 12
13.985194 4.6035166 15.670132 8
14.966446 5.3853979 15.52481 17
11.206825 3.1828496 15.019937 9
12.689972 4.0768585 15.521246 12
13.779692 4.8847795 15.549257 18
14.806755 5.7246614 15.495999 15
11.208856 3.443953 15.074718 11
12.586362 4.3529592 15.482628 8
11.400137 4.3395581 12.99344 20
14.71395 6.0868254 15.543317 7
11.226833 3.7120359 15.157521 8
12.595374 4.6671267 15.586275 7
13.507735 5.4911981 15.484423 15
14.443052 6.3771577 15.412658 17
11.218391 3.9773109 15.207825 9
11.439221 4.5331054 14.26702 2
13.339385 5.7814274 15.426393 14
14.259418 6.6994801 15.383676 19
11.225185 4.251493 15.288667 11
11.359261 4.7932558 14.2696 8
13.105801 6.0375767 15.301505 5
14.065603 7.0116439 15.350873 20
11.184127 4.5105648 15.313405 13
11.327126 5.0763736 14.339317 10
13.071645 6.379734 15.413116 14
13.859935 7.3138175 15.312926 15
11.18399 4.7896609 15.40219 11
11.311969 5.3684974 14.439036 9
12.881029 6.6518669 15.352248 14
13.710053 7.6470079 15.344144 7
11.141043 5.0567079 15.436844 15
11.326729 5.6854835 14.585882 10
12.714399 6.9358053 15.32651 13
13.446645 7.9150462 15.259054 14
11.042501 5.2996368 15.404271 15
11.351503 6.0136523 14.754629 10
12.545744 7.2180319 15.306619 12
13.220015 8.2042713 15.222993 12
10.960708 5.5527191 15.400772 13
11.333328 6.3298025 14.877292 8
11.455441 6.9479413 14.17009 7
13.000331 8.4954538 15.201976 16
10.846535 5.7963781 15.360699 12
11.323643 6.6575241 15.024496 8
11.40592 7.2756505 14.29912 9
12.728409 8.7472019 15.127344 12
10.709996 6.0234571 15.293975 12
11.313404 6.9927168 15.180118 13
11.417509 7.651886 14.513777 10
12.523655 9.0394363 15.137302 6
10.625201 6.2815695 15.306405 8
11.214504 7.2728829 15.227475 13
11.428051 8.0341377 14.742422 10
11.485918 8.7024269 14.143902 12
10.503532 6.5166745 15.277726 14
11.028941 7.5060205 15.168566 12
11.413652 8.4153957 14.953979 11
11.489366 9.1297283 14.410473 10
10.390811 6.7617888 15.266069 12
10.889156 7.7681875 15.178792 8
11.329493 8.7546415 15.088324 13
11.470837 9.5560436 14.669965 10
10.252179 6.9948993 15.226329 12
10.712507 8.0053434 15.14491 13
11.111834 8.9948425 15.057289 7
11.47019 10.015386 14.970486 16
10.12448 7.23702 15.207619 15
10.513926 8.2304964 15.088958 12
10.883196 9.2290468 15.019219 5
11.230416 10.271648 14.975352 11
9.9788246 7.4661422 15.172855 11
10.336226 8.4676666 15.06807 11
10.67746 9.4782848 15.019181 12
10.938938 10.478964 14.918921 10
9.8164358 7.6833863 15.116815 7
10.135898 8.6860104 15.021765 10
10.414278 9.6736965 14.945567 10
10.675587 10.702434 14.902246 8
9.7009401 7.9377685 15.141727 11
9.9429874 8.9049292 14.990457 11
10.196784 9.9021692 14.938195 13
10.425599 10.944454 14.916788 9
9.5132885 8.1342697 15.061625 11
9.7363796 9.1144638 14.94627 7
9.9602842 10.11573 14.911894 11
10.097445 11.09403 14.82023 13
9.3784389 8.3798628 15.071668 13
9.560688 9.3520842 14.955174 9
9.734786 10.33938 14.908636 10
9.8020058 11.275856 14.776787 13
9.1952944 8.5829468 15.013649 15
9.3521376 9.5625572 14.926096 12
9.4748859 10.530245 14.863435 11
9.528717 11.485003 14.775542 13
9.0270433 8.8059282 14.988767 13
9.1399069 9.7735987 14.89807 11
9.2077026 10.710344 14.816248 7
9.2215405 11.647163 14.726233 13
8.8587742 9.0299282 14.972885 13
8.9166975 9.9686556 14.860023 12
8.9674129 10.919469 14.814126 7
8.9302826 11.825351 14.708964 16
8.668582 9.2329731 14.927935 8
8.7093849 10.179862 14.853961 10
8.7061243 11.098824 14.785856 12
8.6329422 11.988856 14.683531 12
8.4882679 9.4483671 14.911863 9
8.4870644 10.380315 14.833747 13
8.4308414 11.258327 14.737491 16
8.3226032 12.133423 14.644052 14
8.2989779 9.6587658 14.886768 14
8.2537642 10.564772 14.800515 9
8.1743879 11.444837 14.730206 15
8.0280199 12.293969 14.633717 10
8.1083918 9.8721266 14.871814 11
8.0140972 10.744164 14.764481 7
7.8996439 11.602278 14.69609 11
7.7242103 12.437469 14.611511 10
7.897738 10.060455 14.825891 11
7.7912936 10.945567 14.766496 8
7.6248693 11.76173 14.670967 16
7.4203653 12.580979 14.599299 14
7.7069597 10.279808 14.828998 12
7.5385966 11.105959 14.720448 10
7.3460965 11.908179 14.639839 15
7.1005707 12.691481 14.558064 18
7.4832973 10.458154 14.781031 14
7.2958302 11.281366 14.700413 14
7.0682936 12.053636 14.616712 13
6.7897305 12.803982 14.530853 17
7.264586 10.643509 14.75007 10
7.047051 11.44878 14.680363 15
5.7553682 10.370163 12.422029 68
6.4838376 12.926497 14.522642 23
7.052815 10.845881 14.743109 8
6.7912974 11.601188 14.646299 14
6.1659861 13.018001 14.489421 17
6.8350029 11.046065 14.740553 12
6.5319729 11.760066 14.626633 11
6.2078872 12.43514 14.528688 7
5.5284586 12.406932 13.692266 9
6.5942488 11.203441 14.689425 14
6.2766752 11.914781 14.610485 13
5.5849137 11.859754 13.70707 13
5.540339 13.21163 14.46139 18
6.3540258 11.369584 14.651359 15
5.65236 11.349569 13.733871 11
5.5720925 12.539335 14.340246 11
5.2279606 13.296942 14.448163 23
6.1167521 11.544758 14.634295 14
5.6088662 11.912036 14.225068 6
5.3493805 12.795697 14.490147 12
4.9086161 13.357261 14.415941 23
5.5304136 11.042544 13.779752 13
5.4737797 12.327519 14.538065 7
5.0599566 12.903131 14.477903 14
4.6010766 13.441811 14.417624 15
5.5465722 11.71034 14.389899 14
5.2003584 12.451054 14.512791 5
4.7624736 12.997708 14.457579 13
4.2735977 13.4664 14.365276 17
5.3677702 12.019943 14.553753 15
4.9229331 12.567594 14.485517 9
4.461978 13.072271 14.424285 17
3.9668598 13.538994 14.371006 20
5.1101446 12.172408 14.533606 18
4.6461401 12.691072 14.471375 14
4.1670442 13.156761 14.41115 14
3.6469114 13.566498 14.336842 17
4.8523169 12.328845 14.522525 10
4.3612852 12.794531 14.444253 15
3.8641264 13.226251 14.386999 14
3.3329206 13.598008 14.316691 19
4.5715947 12.435256 14.459415 5
4.0724392 12.886987 14.410127 12
3.5631926 13.289738 14.364858 12
3.0188968 13.63353 14.307529 16
4.3127003 12.598717 14.470311 11
3.7915125 13.000466 14.407999 15
3.2632363 13.350228 14.347717 16
2.7078686 13.65904 14.295386 15
4.0319014 12.717157 14.434178 16
3.4986389 13.079927 14.375862 16
2.9622664 13.408722 14.333571 14
2.3998005 13.686561 14.295245 16
3.7550557 12.841608 14.414048 16
3.209713 13.171406 14.363721 15
2.6603007 13.449205 14.310438 11
2.0877776 13.683056 14.269122 21
3.4761782 12.969072 14.403901 17
2.9167821 13.252885 14.348573 16
2.3573139 13.487696 14.292298 16
1.7816828 13.702576 14.272988 14
3.1843684 13.059515 14.358747 15
2.6198637 13.32136 14.324419 13
2.0582581 13.548214 14.304143 14
1.4736488 13.69206 14.254886 16
2.8975203 13.178974 14.351579 15
2.3220096 13.381804 14.300284 15
1.7524035 13.548639 14.260052 14
1.1666936 13.664507 14.226821 15
2.6047351 13.275405 14.329422 15
2.0241392 13.446256 14.288146 15
1.4494694 13.572105 14.247935 13
0.86464339 13.670053 14.238672 13
2.3119078 13.38097 14.321138 15
1.7222909 13.48686 14.256848 11
1.1494774 13.604795 14.252602 11
0.56161547 13.644731 14.228394 15
2.0130825 13.468632 14.302749 14
1.4243368 13.560556 14.268476 14
0.84749824 13.622478 14.247277 13
0.26255101 13.628419 14.232119 13
1.7082567 13.546298 14.280345 15
1.1194543 13.592217 14.242124 11
0.54456735 13.602124 14.211992 11
-0.036454827 13.573067 14.202888 15
1.403414 13.619967 14.260942 15
0.81454319 13.623888 14.223768 10
0.24354887 13.612815 14.214676 11
-0.31984034 12.775733 13.404635 9
1.095565 13.68464 14.239534 17
0.5096072 13.655567 14.21241 11
-0.057466567 13.609497 14.210374 14
-0.62559909 13.490408 14.193424 14
0.78568321 13.751327 14.228114 11
0.2046344 13.69126 14.213042 11
-0.34378648 12.839234 13.414005 10
-0.91662312 13.43626 14.185032 13
0.4698869 13.806296 14.211389 11
-0.10219161 13.699309 14.192315 12
-0.65635723 13.569315 14.187338 12
-1.2036024 13.367195 14.167582 14
0.15643936 13.864913 14.211094 12
-0.39411882 12.942824 13.394205 6
-0.95298958 13.5256 14.166536 11
-1.4903644 13.299439 14.164882 15
-0.1590243 13.165545 13.443752 3
-0.71778482 13.70126 14.163134 11
-1.2480611 13.46505 14.129514 13
-1.7725451 13.220895 14.150923 15
-0.48251268 13.913915 14.156692 10
-1.0258682 13.699762 14.154997 11
-1.5462779 13.457578 14.156416 11
-2.0507388 13.138346 14.13898 15
-0.80355108 13.948442 14.151465 12
-1.3369761 13.696277 14.152847 15
-1.8383979 13.397037 14.134398 11
-2.3309574 13.069815 14.148023 15
-1.1265392 13.969948 14.141265 15
-1.6429654 13.661727 14.125781 11
-2.1324639 13.341483 14.125407 13
-2.6040871 12.982233 14.143144 15
-1.4494448 13.960409 14.107118 11
-1.9479291 13.612161 14.090744 11
-2.4215236 13.273923 14.109439 12
-2.8731911 12.871688 14.120241 10
-1.7764332 13.973031 14.103804 14
-2.2590137 13.603832 14.104456 14
-2.7136743 13.231614 14.126215 11
-3.135298 12.751278 14.091224 10
-2.1023958 13.954724 14.07842 14
-2.5680718 13.565521 14.097162 14
-3.0007715 13.154263 14.11305 14
-3.4075422 12.680956 14.122111 11
-2.4293838 13.938428 14.061029 15
-2.8700848 13.496166 14.06393 14
-3.2879016 13.078922 14.109884 12
-3.6677256 12.573576 14.120088 17
-2.7604382 13.937168 14.068603 13
-3.1832223 13.473896 14.0856 14
-3.5700371 12.997574 14.105744 11
-3.928937 12.47121 14.128056 15
-3.0854275 13.889853 14.038255 14
-3.4842763 13.398551 14.061378 13
-3.8501735 12.904215 14.096628 6
-4.1801047 12.3438 14.113093 18
-3.4134538 13.848557 14.020886 15
-3.7893901 13.338241 14.060123 13
-4.1222401 12.784918 14.064483 8
-4.435287 12.231635 14.122926 22
-3.7404127 13.799565 14.005238 14
-4.0913801 13.260322 14.047526 16
-4.4033446 12.704007 14.080989 11
-4.681406 12.101537 14.115738 18
-4.0734382 13.759503 14.007664 16
-4.3954773 13.190111 14.05021 12
-4.6795015 12.602646 14.080921 15
-4.9266181 11.977136 14.120821 21
-4.3994737 13.688191 13.98736 15
-4.6975994 13.105788 14.048018 13
-4.9466376 12.482253 14.066913 15
-5.1628032 11.8337 14.109963 20
-4.7275481 13.621902 13.980044 16
-5.0007505 13.022421 14.052878 11
-5.219851 12.37479 14.076973 14
-5.4141126 11.725181 14.14516 15
-5.0566688 13.552396 13.977958 18
-5.2848339 12.890793 14.014037 9
-5.4830437 12.249175 14.071198 15
-5.6483607 11.58253 14.147511 14
-5.3848004 13.470883 13.97389 17
-5.5800142 12.787236 14.014118 11
-5.7432299 12.113546 14.059447 18
-5.8675518 11.415821 14.123949 11
-5.7099361 13.37536 13.96485 15
-5.8772202 12.685693 14.022186 18
-6.0095148 11.996026 14.076584 14
-6.0988808 11.276301 14.138184 13
-6.0381794 13.285037 13.96958 11
-6.1695037 12.564362 14.01903 16
-6.261806 11.850623 14.065616 18
-6.3242474 11.128885 14.147328 20
-6.2719936 12.985329 13.760872 14
-6.3532791 12.232542 13.786558 12
-6.3854513 11.463627 13.774453 9
-6.4209576 10.764888 13.884244 8
-6.3119745 12.319773 13.169386 12
-6.3551435 11.580626 13.193595 13
-6.3634839 10.853127 13.212036 7
-6.3832092 10.180208 13.339754 13
-6.9949293 12.902607 13.921773 9
-7.0566478 12.20086 14.055281 10
-7.0124769 11.38378 14.040606 8
-6.5399599 9.9621534 13.253429 10
-6.295495 10.956138 11.947428 4
-7.3154631 12.01615 14.009944 16
-7.2846031 11.272234 14.098126 13
-7.1786542 10.466182 14.14669 18
-7.6241517 12.64569 13.928445 3
-7.5878396 11.870173 14.018158 21
-7.5149326 11.098074 14.090334 27
-7.3835869 10.299189 14.158903 16
-7.9558196 12.510526 13.942549 20
-7.8871298 11.734735 14.046727 15
-7.7592001 10.937659 14.100347 18
-7.5708241 10.110594 14.139774 12
-8.2618227 12.347029 13.932781 17
-8.1550779 11.564061 14.040315 9
-7.9851222 10.752939 14.086132 17
-7.7621989 9.9267673 14.13618 10
-8.5731087 12.191329 13.939757 26
-8.411294 11.376265 14.02055 11
-8.2224579 10.587173 14.102408 15
-7.9776464 9.779026 14.185514 19
-8.873373 12.014602 13.935801 16
-8.6675501 11.187483 14.010779 23
-8.4407187 10.395351 14.092791 21
-8.1589308 9.5891733 14.182037 23
-9.1957607 11.862951 13.969713 16
-8.9368973 11.016755 14.028927 18
-8.6791191 10.228611 14.125053 15
-8.3382282 9.3993235 14.181564 21
-9.4719658 11.651166 13.940886 9
-9.2012367 10.836015 14.042102 17
-8.884367 10.023767 14.108495 8
-8.5235748 9.2155008 14.195054 27
-9.7743206 11.468473 13.957909 13
-9.4575748 10.645264 14.052316 15
-9.1017094 9.8349752 14.11986 15
-8.7149944 9.0417137 14.229501 23
-10.062636 11.263742 13.959011 18
-9.6988668 10.435472 14.045611 24
-9.3160553 9.6401806 14.130239 21
-8.8873348 8.8498726 14.239044 27
-10.355004 11.063038 13.974085 17
-9.9612808 10.245755 14.074787 13
-9.517374 9.4333563 14.130682 17
-9.0647182 8.6630535 14.260556 13
-10.640368 10.85132 13.985193 17
-10.164464 9.9968729 14.030276 9
-9.7357941 9.240592 14.160034 17
-9.2009163 8.4381104 14.225279 11
-10.910697 10.621568 13.982382 19
-10.414886 9.7941408 14.057507 24
-9.920083 9.0187359 14.148556 16
-9.3894138 8.2623472 14.277722 24
-11.180994 10.389916 13.991261 17
-10.651985 9.5764074 14.078218 23
-9.9703131 8.6784792 13.964622 4
-9.5261536 8.0423632 14.266999 24
-11.147844 9.8823938 13.635728 4
-10.886175 9.3556623 14.099295 21
-10.314358 8.5991659 14.192293 11
-9.6945848 7.8506351 14.299469 25
-11.723395 9.9175224 14.03038 27
-11.109572 9.1219654 14.110588 23
-10.497722 8.3754206 14.197734 15
-9.8469687 7.6468706 14.316011 23
-11.963746 9.6538172 14.020635 18
-11.332991 8.8892765 14.127878 18
-10.689154 8.1577082 14.223137 17
-9.9943457 7.4390974 14.329576 26
-12.220185 9.4011621 14.037813 26
-11.543382 8.64256 14.134233 9
-10.880597 7.9399972 14.251539 16
-10.138733 7.228323 14.345157 15
-12.439518 9.1164227 14.018168 18
-11.75882 8.4008646 14.154561 15
-11.038934 7.6982102 14.245092 17
-10.249982 6.9974637 14.318886 12
-12.488294 8.7102861 13.818314 15
-11.958255 8.1451521 14.16293 18
-11.218436 7.4715176 14.272479 12
-10.413576 6.8028016 14.37228 24
-12.537214 8.3182259 13.634295 12
-12.145749 7.8794646 14.163246 18
-11.417014 7.2558832 14.328793 9
-10.526833 6.5759716 14.362019 25
-12.527742 7.8959594 13.398806 15
-12.369106 7.6387677 14.215741 18
-11.50192 6.9668827 14.249868 15
-10.653015 6.3571281 14.375849 21
-12.546349 7.5057526 13.211263 12
-12.503149 7.3398561 14.169649 11
-11.655131 6.7240667 14.264631 16
-10.776197 6.136282 14.389697 26
-12.596101 7.1426334 13.06957 7
-12.571981 7.0057964 14.058849 13
-11.818402 6.4852815 14.296356 17
-10.890364 5.9124193 14.398584 22
-13.84589 7.4382854 14.172542 13
-12.586653 6.6486197 13.899286 12
-11.96563 6.2364612 14.314156 26
-11.058788 5.7177057 14.484236 15
-14.021261 7.1168466 14.164117 18
-12.599518 6.2959576 13.747452 15
-12.113032 5.9851542 14.33973 16
-11.017375 5.4130106 14.297626 16
-14.221589 6.808991 14.189843 19
-12.615156 5.9557209 13.610005 12
-12.29436 5.7513213 14.412523 10
-11.183752 5.2151904 14.392418 10
-14.364701 6.471024 14.16486 27
-12.620563 5.6165652 13.473733 12
-12.34458 5.4563723 14.336246 15
-11.305479 4.9974484 14.433619 17
-14.591786 6.1692014 14.233848 18
-12.62738 5.2852383 13.347195 12
-12.471408 5.1963563 14.355696 15
-11.384232 4.7574487 14.420136 22
-14.862246 5.8814211 14.348422 6
-12.670155 4.9710283 13.266676 11
-12.490109 4.8939958 14.256392 12
-11.46414 4.5211687 14.415729 25
-14.975977 5.5291891 14.321066 7
-12.693449 4.6556726 13.1748 8
-12.608542 4.6299872 14.279261 16
-11.55125 4.2882805 14.427795 25
-15.043674 5.1593575 14.25757 15
-12.800127 4.3740911 13.179126 5
-12.658047 4.344255 14.23278 15
-11.561734 4.0263567 14.348346 11
-15.134565 4.8024683 14.227948 20
-12.820939 4.0649672 13.102607 3
-12.715055 4.0621548 14.200055 16
-11.751371 3.8286178 14.498991 3
-15.271943 4.4576216 14.249849 19
-14.075466 4.123651 14.294675 18
-12.702091 3.7612162 14.095219 13
-11.735468 3.5627534 14.396042 25
-15.36629 4.1020308 14.239693 18
-14.175681 3.8121014 14.30463 17
-12.739929 3.4785545 14.056528 13
-11.807282 3.3252037 14.409299 25
-15.420028 3.737443 14.201268 14
-14.215468 3.4854543 14.263091 16
-12.741779 3.1887546 13.984874 13
-11.855528 3.0804596 14.398237 25
-15.526067 3.386703 14.219146 18
-14.278913 3.1722765 14.253252 19
-12.752535 2.9116809 13.930455 12
-11.897852 2.8468451 14.38786 26
-15.562492 3.0307224 14.186159 19
-14.334774 2.8590376 14.244097 17
-12.779652 2.6382074 13.90029 12
-11.946308 2.6067958 14.388512 36
-15.653404 2.674078 14.208971 19
-14.408311 2.540693 14.26014 19
-12.795098 2.3566885 13.86238 12
-11.95587 2.3562353 14.344477 8
-15.685379 2.3074574 14.184793 17
-14.443725 2.2167358 14.245517 17
-12.80135 2.0766473 13.821794 13
-12.025348 2.1174092 14.37858 21
-15.717885 1.9435028 14.1712 18
-14.493257 1.8948387 14.249769 18
-12.794643 1.7965844 13.77317 12
-12.053755 1.8714633 14.369766 24
-15.738409 1.5785377 14.155622 17
-14.512689 1.5708723 14.234178 17
-12.789885 1.5185386 13.731632 14
-12.067013 1.6244694 14.348125 25
-15.78702 1.214642 14.173993 18
-14.55727 1.2479533 14.251456 15
-12.825225 1.2467735 13.741969 15
-12.108423 1.3809519 14.363201 26
-15.773609 0.84917152 14.144334 17
-14.580071 0.92469549 14.252482 10
-12.803088 0.96924126 13.694882 12
-12.133509 1.1354344 14.361985 30
-15.776858 0.48470402 14.137235 16
-14.562174 0.60012674 14.221452 18
-12.777036 0.6935851 13.648882 14
-12.154268 0.88976145 14.36208 8
-15.75655 0.12287664 14.119763 16
-14.570699 0.27625903 14.223974 16
-12.85959 0.42485258 13.728168 15
-12.122433 0.63969517 14.305591 15
-15.730038 -0.23710714 14.104434 16
-14.552129 -0.044714935 14.208552 18
-12.882077 0.15099342 13.747516 12
-12.17198 0.39492202 14.351791 27
-15.761768 -0.60290188 14.149897 13
-14.445261 -0.36495394 14.114463 10
-12.914633 -0.12182045 13.784825 12
-12.1673 0.14796595 14.337198 23
-15.728305 -0.96287662 14.146598 18
-14.520106 -0.68960768 14.206698 15
-12.888973 -0.39581868 13.764359 15
-12.169671 -0.098957963 14.335582 28
-15.702585 -1.3382884 14.158487 16
-14.490541 -1.0253431 14.201529 17
-12.905787 -0.68630081 13.798958 16
-12.181529 -0.35951716 14.352524 26
-15.641189 -1.6912477 14.144793 18
-14.462034 -1.3376342 14.208241 14
-12.91411 -0.95346582 13.828907 14
-11.894241 -0.58300942 14.01953 9
-15.631901 -2.0451474 14.191256 9
-14.427232 -1.6528553 14.214188 15
-12.958295 -1.2325035 13.904016 14
-12.163182 -0.84492582 14.350413 19
-15.534052 -2.3956172 14.163176 20
-14.369707 -1.9704593 14.205552 13
-12.96004 -1.5129527 13.939009 13
-12.151948 -1.0944682 14.353316 22
-15.438607 -2.7449818 14.14285 23
-14.346285 -2.2914271 14.238147 20
-12.986702 -1.7977885 14.007359 15
-12.108213 -1.3415623 14.322841 22
-15.366199 -3.0950487 14.15361 19
-14.253686 -2.601588 14.206893 26
-13.010467 -2.0846119 14.078625 14
-12.082623 -1.5895779 14.319257 18
-15.245628 -3.435236 14.128555 16
-14.19518 -2.9156241 14.218615 18
-12.936731 -2.3567402 14.050356 14
-12.054978 -1.8376113 14.317746 15
-15.191346 -3.7912521 14.172262 19
-14.119719 -3.2277541 14.22128 16
-12.975538 -2.6501536 14.150605 22
-12.005429 -2.0812433 14.296144 10
-15.065178 -4.1247897 14.155978 17
-13.210282 -3.3277106 13.378434 3
-12.972023 -2.939589 14.213563 16
-12.026875 -2.3406599 14.361997 15
-14.925446 -4.4525166 14.13443 20
-13.146604 -3.6203063 13.39962 6
-12.929103 -3.2202582 14.236869 17
-11.965454 -2.5855627 14.33751 26
-14.85931 -4.8063703 14.193261 19
-13.118218 -3.9251997 13.466363 10
-12.867517 -3.4992788 14.24761 15
-11.912795 -2.8315856 14.327106 34
-14.689672 -5.1226048 14.159417 22
-13.104042 -4.2400002 13.555931 14
-12.84419 -3.78914 14.307172 12
-11.867192 -3.0805752 14.330683 28
-14.563247 -5.4536924 14.175436 11
-13.104968 -4.5617371 13.669456 14
-12.727464 -4.0533018 14.271042 17
-11.80453 -3.3256154 14.319318 28
-14.246017 -5.7053719 14.010046 4
-13.083838 -4.8805313 13.768062 14
-12.644914 -4.3263416 14.277802 16
-11.734861 -3.5716701 14.305984 14
-12.926336 -5.5162401 12.847701 21
-13.143115 -5.2350469 13.960424 15
-12.516162 -4.5825295 14.237709 12
-11.716471 -3.8325357 14.359482 13
-10.213275 -4.3214869 10.936942 37
-12.514053 -4.8893452 14.3492 10
-11.632757 -4.0737677 14.340149 30
-9.8121452 -4.4078116 10.615501 9
-12.357167 -5.1349196 14.290086 25
-11.566127 -4.3230906 14.344709 23
-9.2421446 -4.3966942 10.104538 3
-9.7225761 -4.2780094 11.32351 18
-11.477399 -4.5644798 14.328336 16
-9.3183088 -4.6864157 10.308629 2
-9.5715427 -4.4585333 11.254281 4
-11.447025 -4.8326421 14.395784 15
-9.442626 -4.6459742 11.213977 2
-11.327168 -5.0641203 14.351506 16
-11.258616 -5.3184013 14.380069 22
-9.3505583 -5.8669939 10.214144 2
-11.155504 -5.5580807 14.367976 20
-9.9122419 -6.5382786 11.013968 42
-8.8038568 -5.4411922 10.267279 2
-9.4925032 -6.5685878 10.728726 38
-9.9032412 -6.4320612 11.73806 4
-8.798315 -6.380249 10.123668 9
-9.5657806 -6.514771 11.51601 30
-8.1559782 -5.1559696 10.264072 2
-8.4817343 -6.4439769 9.9429741 36
-9.1737318 -6.5447907 11.224545 44
-8.0703974 -5.3479934 10.29672 2
-8.1218691 -6.4578638 9.7073631 41
-8.7997389 -6.5717602 10.949007 36
-7.9667292 -5.5290766 10.310418 1
-7.1593652 -5.9479179 8.7221518 49
-8.4498453 -6.6006532 10.699384 51
-7.8399415 -5.6932359 10.299177 1
-6.8626962 -5.9616299 8.5393038 48
-7.2204466 -5.8858113 9.2968359 20
-8.6138182 -6.5520473 11.507673 35
-6.6575108 -6.0481472 8.4691505 39
-6.9648719 -5.9345984 9.1427813 52
-8.3029394 -6.6000834 11.272815 39
-7.3453255 -5.3491859 10.297336 1
-6.5962262 -6.2651725 8.5896425 34
-6.7092557 -5.9723868 8.9827108 52
-7.0981569 -5.8845119 9.787075 37
-7.2656584 -5.5324101 10.326841 3
-6.6336379 -6.589817 8.8519335 46
-6.6459064 -6.1814432 9.0891953 40
-6.8394313 -5.9213552 9.5980139 52
-7.1729312 -5.708672 10.344383 31
-6.5070143 -6.7570539 8.9045839 51
-6.6490407 -6.4622383 9.2955418 48
-6.6833777 -6.041801 9.5537033 48
-6.9664378 -5.7903681 10.1982 32
-6.263598 -6.7997203 8.7984724 52
-6.6462121 -6.7500329 9.5099182 72
-6.6502023 -6.2797613 9.695117 31
-6.7931652 -5.894927 10.101929 40
-6.0352674 -6.8473325 8.7102957 41
-6.3907976 -6.7788496 9.363596 56
-6.6284981 -6.5368004 9.8640633 53
-6.6818428 -6.0544491 10.102863 34
-6.1307545 -6.7888436 9.2026653 52
-6.3783712 -6.5654826 9.693491 56
-6.689394 -6.3298302 10.296048 33
-6.182363 -6.640986 9.6048489 67
-6.6132126 -6.5348315 10.372146 38
-5.3766155 -6.970654 8.4697247 1
-6.0345712 -6.7687483 9.5949144 70
-6.2979169 -6.4935484 10.065475 35
-5.0321412 -6.8236346 8.1798897 8
-5.8593984 -6.8650632 9.5448351 33
-6.0540714 -6.5152054 9.8715343 39
-4.8126702 -6.8320971 8.0858278 33
-5.7296209 -7.0161715 9.5756721 3
-5.8182731 -6.5378318 9.6885614 52
-4.6335378 -6.8923836 8.0586958 53
-5.6560955 -6.6411285 9.6344395 58
-4.4170456 -6.8888397 7.9635983 47
-4.8023682 -6.9442654 8.5562248 1
-5.5150762 -6.7675819 9.617116 59
-4.2166724 -6.9014454 7.8932881 49
-4.6131163 -6.9898324 8.495924 2
-5.362114 -6.8798685 9.5838842 32
-4.0264888 -6.9218235 7.8400493 43
-4.3118181 -6.8457541 8.2178335 7
-5.2354255 -7.0300221 9.606617 1
-3.8352797 -6.9362102 7.782805 42
-4.1175184 -6.8601851 8.1366005 33
-3.6511137 -6.9535685 7.7355394 38
-3.9403813 -6.8985343 8.0883436 43
-3.4689503 -6.9679208 7.6902618 30
-3.7500944 -6.906949 8.0130863 45
-4.1423421 -7.0014324 8.5607452 2
-3.2746077 -6.9483466 7.6119757 32
-3.5668495 -6.9203377 7.9468117 40
-3.9429293 -7.0049124 8.4545135 2
-3.1106267 -6.9876103 7.6036716 27
-3.3937125 -6.9476757 7.9025226 37
-3.6797423 -6.8787403 8.1983128 15
-2.9237761 -6.9650569 7.5331984 27
-3.2134013 -6.9531364 7.8379016 34
-3.502414 -6.898201 8.1236973 35
-2.7489693 -6.9624329 7.4887719 24
-3.0421443 -6.9714603 7.7926602 30
-3.3321457 -6.9325347 8.0714827 36
-3.7170384 -7.0121651 8.5301304 1
-2.5848236 -6.9846883 7.473515 23
-2.8576822 -6.9538565 7.7124162 29
-3.1466475 -6.9259572 7.9772592 32
-3.4667339 -6.8979597 8.2729797 3
-2.4186094 -6.9909606 7.4472404 25
-2.6863735 -6.959178 7.662159 31
-2.9712801 -6.9383168 7.9090281 30
-3.2751389 -6.8914313 8.15378 22
-2.2554283 -7.0012112 7.4279613 20
-2.5211477 -6.9754572 7.6288977 29
-2.7979248 -6.9486623 7.8447881 28
-3.0997443 -6.9138064 8.0745668 27
-2.0922391 -7.0064569 7.4086752 23
-2.3558898 -6.9837399 7.5906234 30
-2.6255534 -6.9540043 7.7785354 31
-2.9243319 -6.930181 7.9933434 21
-1.9300181 -7.0037045 7.3843722 20
-2.1906228 -6.9890189 7.5513453 27
-2.460263 -6.9693031 7.7292738 30
-2.7499273 -6.9445448 7.9151149 21
-1.7718869 -7.0139103 7.3780761 23
-2.0273571 -6.9902878 7.5140529 26
-2.2919312 -6.9756131 7.6730094 27
-2.5744889 -6.949914 7.8318758 26
-1.6147364 -7.0191154 7.3687682 23
-1.8671558 -7.000524 7.4897652 27
-2.1297033 -6.9968743 7.6377478 25
-2.4051437 -6.9682374 7.7676363 22
-1.4606602 -7.0352845 7.3744683 22
-1.7079487 -7.0057654 7.4634581 24
-1.9623673 -6.9912009 7.5774379 19
-2.2368414 -6.9825873 7.7033505 22
-1.1804471 -6.2900391 6.5902939 4
-1.5498432 -7.0140386 7.4441018 24
-1.8022091 -7.0065055 7.5421019 25
-2.0665181 -6.9839702 7.6310291 20
-1.0413758 -6.2862606 6.5838432 21
-1.3957853 -7.0282879 7.434741 22
-1.6400207 -7.0118184 7.5027566 25
-1.9002693 -6.9963212 7.5737119 19
-0.90531778 -6.2834725 6.5803823 19
-1.1194648 -6.2760911 6.6225319 20
-1.4808761 -7.0231104 7.4724107 26
-1.7360668 -7.0136504 7.5263953 21
-0.77035207 -6.2956505 6.5949445 22
-0.98556918 -6.3122525 6.6461306 21
-1.1966168 -6.2959146 6.666276 4
-1.569806 -7.0179992 7.4690647 20
-0.63533217 -6.2948427 6.6004839 19
-0.84749776 -6.3164763 6.6366906 25
-1.0544733 -6.2991753 6.6388497 24
-1.4066182 -7.0323162 7.4267402 20
-0.54664987 -7.0735626 7.4241948 14
-0.70841497 -6.3157024 6.626246 22
-0.9133749 -6.3094187 6.6204319 23
-1.1211675 -6.2741861 6.5825562 20
-0.39786434 -7.1106939 7.4758563 3
-0.56926334 -6.2999477 6.6037774 13
-0.77125317 -6.3116674 6.5990052 23
-0.9760102 -6.284461 6.5491552 20
-0.47046566 -7.0687222 7.4025121 19
-0.63115025 -6.3159056 6.581574 25
-0.83289909 -6.2997136 6.5257545 21
-0.53315663 -7.0647507 7.3382721 20
-0.68772608 -6.3019881 6.4913402 21
-0.54369211 -6.3272133 6.4839616 6
-0.19646502 -5.3333659 5.5236096 0
-0.43070972 -7.0961084 7.2357378 8
-0.07936459 -5.3246427 5.5070133 0
1.3977826 -5.3742495 6.1064439 1
1.5166219 -5.3683233 6.1509275 1
1.6394161 -5.3664117 6.2034211 1
2.3923795 -7.1476955 8.3296595 26
2.5629818 -7.1568131 8.4213486 25
2.7415013 -7.1759124 8.5300894 17
2.5921574 -7.1874585 8.112504 42
2.4546702 -7.1979551 7.7309632 42
1.7179015 -5.4328041 5.5548143 1
2.9289048 -7.2109847 8.6618958 1
2.7718642 -7.1866241 8.1822157 47
2.6423922 -7.2071314 7.7947311 44
2.5178981 -7.2236338 7.414259 48
2.9545379 -7.1907382 8.2619686 43
2.8350823 -7.2202725 7.8675404 46
2.718632 -7.240808 7.4751077 51
3.1402152 -7.1918569 8.3417311 30
3.0278196 -7.2224283 7.9323316 47
2.9154375 -7.2409983 7.5239115 46
3.3308487 -7.1949654 8.4315166 33
3.2215583 -7.2205839 7.9981208 51
3.1192107 -7.2441854 7.5797501 46
3.5294192 -7.2050605 8.5343485 16
3.4281836 -7.2327166 8.0869884 49
3.3279333 -7.2513599 7.6466169 50
3.7537129 -7.2560968 8.6913595 2
3.6328619 -7.232862 8.1668291 53
3.5416515 -7.2555385 7.7154999 50
4.0215864 -7.3690472 8.9306602 3
3.8306372 -7.2130275 8.2296057 37
3.7613301 -7.2617092 7.7934122 50
4.2378068 -7.1984582 9.4302435 31
4.1589351 -7.2423158 8.8880014 49
4.0561447 -7.2331409 8.3445673 26
3.9949484 -7.2818727 7.8933511 48
4.4454904 -7.2025847 9.5698385 34
4.3802295 -7.2520604 9.0176601 47
4.2984257 -7.2649074 8.4813013 47
4.2304077 -7.2917104 7.9880204 47
4.6338878 -7.1702838 9.6693821 31
4.6039004 -7.2571964 9.1463604 55
4.5340786 -7.2780876 8.6030626 49
4.4711418 -7.2979355 8.0877895 50
4.6602573 -6.8998828 9.4493189 26
4.6788721 -7.0377331 8.9976358 43
4.7042379 -7.1834855 8.6049957 39
4.7097778 -7.2922635 8.1822071 70
4.6864195 -6.6433353 9.2449551 30
4.6982107 -6.7502332 8.7601891 40
4.7266622 -6.8760142 8.3535242 42
4.7342587 -6.9678087 7.9227138 39
4.7422376 -6.4377069 9.1088037 32
4.7442245 -6.5126557 8.5869408 43
4.7559171 -6.5974927 8.1351347 45
4.7774677 -6.6912851 7.7153835 43
4.9565597 -6.4427686 9.2716713 37
4.9468341 -6.4858069 8.6897039 43
4.9229608 -6.5087314 8.152647 51
4.8970127 -6.5256166 7.6365724 50
5.178844 -6.4497838 9.4455929 32
5.1266418 -6.4259372 8.758337 47
5.1624265 -6.508832 8.2856293 51
5.1554627 -6.5347419 7.770647 54
5.9325914 -7.0639081 10.534755 34
6.12779 -7.3178763 10.147996 56
5.3980622 -6.5148931 7.8776078 19
6.1897717 -7.0639095 10.736813 32
6.3008571 -7.1990771 10.171501 59
6.5769019 -7.195714 11.152635 33
6.4977312 -7.1052423 10.23415 52
6.9234447 -7.2636032 11.48818 31
6.790885 -7.1062837 10.442359 47
7.0817571 -7.387259 10.128038 49
7.2224045 -7.2695727 11.741423 26
7.0969758 -7.1073165 10.665622 41
7.2947178 -7.2694697 10.177712 60
7.5313334 -7.2705393 12.0037 32
7.5113525 -7.1942415 11.03548 39
7.5275555 -7.1636624 10.253489 53
7.8494501 -7.2665701 12.269794 11
7.9740844 -7.3038635 11.464204 32
7.8716035 -7.1501646 10.474453 42
8.1574059 -7.2399559 12.517652 3
8.3454247 -7.3105955 11.752457 32
8.2666302 -7.1672792 10.758815 32
8.5026484 -7.2935729 10.221912 56
8.740325 -7.3226929 12.069801 37
8.8565168 -7.3252697 11.279196 30
8.8193102 -7.2058306 10.368813 40
9.1360912 -7.3197136 12.383354 18
9.3488588 -7.375258 11.665325 31
9.2978983 -7.2308922 10.695889 37
9.8087454 -7.3763614 12.002858 19
9.905365 -7.325017 11.154887 26
10.299528 -7.3764639 12.364534 19
10.534389 -7.4020553 11.626549 76
10.583352 -7.0653887 11.46834 36
10.563601 -6.6957364 11.250795 39
8.8536386 -5.633719 11.080208 1
8.6682014 -5.4461403 11.791024 2
9.0157461 -5.4635887 11.123576 2
9.1150341 -5.4631381 12.235425 2
9.0542984 -5.2191734 11.020723 2
10.94605 -5.8865013 11.117516 5
11.660898 -6.6416817 15.405796 5
9.0792236 -4.9721928 10.908443 2
11.041147 -5.6030216 11.055542 3
11.817646 -6.4079933 15.430173 16
13.076214 -6.7535958 15.430845 3
11.959113 -6.1687093 15.438582 16
13.290688 -6.5035553 15.49824 16
14.554091 -6.7982612 15.466683 4
12.129266 -5.9400072 15.487285 16
13.446909 -6.217783 15.501976 17
14.813366 -6.5105648 15.556881 14
12.226998 -5.6753597 15.449922 7
13.639305 -5.9461231 15.549959 12
14.998955 -6.1859469 15.57472 17
16.45957 -6.4348955 15.604891 15
12.373331 -5.4346213 15.481905 14
13.750885 -5.6403999 15.52079 14
15.114557 -5.8352079 15.533606 7
16.678785 -6.0681143 15.645295 9
12.461734 -5.166791 15.442925 13
13.871243 -5.3375764 15.504889 13
15.302002 -5.5054569 15.568589 13
16.765043 -5.6524763 15.56934 17
12.636404 -4.9321332 15.514445 17
14.026179 -5.0449543 15.528183 12
15.492642 -5.1767573 15.614264 10
16.838049 -5.2297692 15.488735 16
12.724751 -4.6602759 15.484507 17
14.155432 -4.7411003 15.533363 11
15.606091 -4.8169446 15.588297 14
16.903751 -4.8139811 15.41749 20
12.850876 -4.4043803 15.506743 14
14.294604 -4.441227 15.557587 11
15.721481 -4.4601102 15.577338 16
16.893732 -4.3782005 15.284904 17
12.954095 -4.1394897 15.508871 15
14.379029 -4.1213784 15.526554 9
15.833922 -4.1032681 15.570283 13
16.916708 -3.9583888 15.195214 16
13.038724 -3.8666534 15.488555 15
14.481547 -3.8092692 15.524344 15
15.991154 -3.7548709 15.613424 14
16.775913 -3.5087938 14.974283 21
13.135553 -3.5967278 15.497076 16
14.632331 -3.5063796 15.579968 15
16.207924 -3.4151416 15.7241 7
16.973974 -3.1293578 15.057649 12
14.73183 -3.1862578 15.584817 12
16.204006 -3.0277669 15.62744 13
17.002035 -2.7185848 15.001079 14
14.817572 -2.8625379 15.581647 15
16.338488 -2.6623142 15.669367 13
17.017851 -2.3065081 14.94243 16
13.407951 -2.7728491 15.510875 13
14.895005 -2.5366242 15.575394 13
16.387068 -2.2864017 15.641908 12
17.006655 -1.8936008 14.870665 12
13.531077 -2.5018861 15.563903 15
14.984342 -2.2126834 15.592192 17
16.536228 -1.9224312 15.715875 7
17.093067 -1.4936448 14.893314 11
13.610404 -2.2179518 15.57073 13
15.067691 -1.886739 15.606959 8
16.554878 -1.5395081 15.673284 14
17.148556 -1.0906827 14.897834 9
13.644903 -1.929036 15.536368 13
15.129091 -1.5567882 15.609633 14
16.563509 -1.1605669 15.633657 13
17.108332 -0.68372959 14.830961 14
13.781915 -1.6520351 15.619442 12
15.202435 -1.2228234 15.628348 12
16.617943 -0.78259373 15.643217 16
17.1248 -0.27767473 14.81842 11
13.800371 -1.3580345 15.575085 14
15.225869 -0.88679135 15.604937 15
16.700167 -0.40251008 15.688959 10
17.119431 0.13031869 14.798649 9
13.893545 -1.0650504 15.616938 15
15.271313 -0.54967302 15.607436 11
16.746674 -0.016206922 15.703279 15
17.155962 0.53780192 14.820789 12
13.902357 -0.76857632 15.572132 14
15.326903 -0.20810246 15.627704 14
16.743458 0.36740088 15.684198 13
17.137022 0.94310516 14.80543 11
13.935346 -0.4715091 15.557194 12
15.361893 0.13083935 15.63554 14
16.752592 0.7541694 15.682677 18
17.168745 1.3530623 14.843987 15
14.00596 -0.17358309 15.592232 13
15.362693 0.47076255 15.614353 11
16.793114 1.1371776 15.722724 13
17.177242 1.7601138 14.872056 12
14.04331 0.12542225 15.600817 14
15.406 0.81380838 15.647879 12
16.778633 1.524222 15.715939 15
17.208551 2.1742163 14.927399 13
14.0446 0.42634702 15.572552 13
15.380333 1.1577367 15.616485 9
16.731962 1.9081651 15.692451 14
17.139898 2.5781677 14.905832 14
14.067898 0.73026454 15.573179 11
15.465365 1.5127298 15.700273 10
16.705378 2.297137 15.690743 15
17.207945 3.0092218 15.011426 15
14.061314 1.0361651 15.544685 6
15.405869 1.8525667 15.648584 12
16.744427 2.691982 15.760436 13
17.246927 3.4340191 15.101154 16
14.135165 1.3488151 15.611747 10
15.333253 2.1901579 15.592054 8
16.648829 3.0716071 15.714777 13
17.240992 3.8548682 15.162736 17
14.131371 1.6566772 15.601417 11
15.345356 2.5432124 15.627675 12
16.565229 3.4498043 15.687924 14
17.231079 4.283145 15.231089 10
14.128579 1.9668169 15.601988 11
15.339489 2.8924363 15.657172 12
16.509541 3.8367202 15.698296 12
17.252842 4.7270198 15.338737 14
14.131718 2.2907507 15.61507 10
15.291425 3.2544253 15.650043 13
16.395885 4.2234797 15.664722 8
17.299824 5.19554 15.484508 12
14.095985 2.6132419 15.593436 9
15.235111 3.6068199 15.640912 13
16.400038 4.6324835 15.745424 10
17.290102 5.6405954 15.578844 12
14.111246 2.9363081 15.62667 10
15.16166 3.9517291 15.619736 12
16.202988 4.979187 15.641739 12
17.209524 6.0615411 15.62448 12
14.074742 3.250282 15.610717 11
15.074029 4.2886753 15.591782 7
16.070185 5.3441367 15.60884 11
16.98567 6.431457 15.551538 15
14.046423 3.5676465 15.614502 13
15.09158 4.6594243 15.680438 11
15.913504 5.6998639 15.564528 15
16.786219 6.8104048 15.506669 17
14.036656 3.8936841 15.643556 18
14.936316 4.9812393 15.596855 14
15.752095 6.0487576 15.520844 9
16.556908 7.1682711 15.442666 17
13.934303 4.1965308 15.578251 10
14.807903 5.3071289 15.551374 12
15.56776 6.3906264 15.460079 11
16.390335 7.5552649 15.446859 11
13.876727 4.5144849 15.570095 9
14.703856 5.6462178 15.53639 12
15.464179 6.7647824 15.491434 10
16.12183 7.8942204 15.364077 17
13.821856 4.8355107 15.573091 12
14.532729 5.9600229 15.461629 9
15.271237 7.1007166 15.439249 10
15.90708 8.2552776 15.33741 13
11.474278 4.3079152 13.016452 31
14.429858 6.2981038 15.46447 11
15.078609 7.4372044 15.394381 6
15.664518 8.5982323 15.290807 15
13.726093 5.496191 15.606773 5
14.294707 6.6280499 15.433735 14
14.916623 7.784667 15.383236 9
15.428865 8.9421349 15.254271 12
13.53989 5.7724485 15.480059 13
14.161871 6.9560509 15.41851 8
14.704554 8.105588 15.336061 11
15.206282 9.2891245 15.245392 12
13.398131 6.0662446 15.412995 10
13.935885 7.2357483 15.314498 12
14.468529 8.4104176 15.270876 10
14.917418 9.5940266 15.177852 18
13.326093 6.3933067 15.434054 15
13.790132 7.5588155 15.301132 7
14.274723 8.7384148 15.257421 9
14.648606 9.9068842 15.137321 10
13.175557 6.6851664 15.371793 13
13.623381 7.8697529 15.272842 12
14.014169 9.0253763 15.17974 9
14.384877 10.222067 15.111467 14
13.065511 7.0021939 15.364809 12
13.447423 8.1777573 15.242626 14
13.791263 9.3327341 15.149089 11
14.062197 10.491676 15.027219 8
12.922782 7.3031549 15.32607 13
13.270655 8.4881058 15.221437 11
13.558503 9.6350746 15.114619 12
13.825209 10.821138 15.042588 10
12.768878 7.5978093 15.282543 9
13.062641 8.7751913 15.171098 11
13.318533 9.9287109 15.083381 11
13.504557 11.082198 14.97438 11
12.619989 7.8991842 15.259817 11
12.846826 9.0588188 15.123137 7
13.071391 10.215605 15.053455 11
13.209112 11.359324 14.944455 11
12.469119 8.1991777 15.237581 11
12.664173 9.3644857 15.118764 8
12.813215 10.48983 15.012863 9
12.91129 11.627195 14.911744 11
11.470269 7.9216952 14.186206 9
12.463478 9.6550083 15.098379 7
12.578565 10.784393 15.007364 9
12.5939 11.871696 14.862054 11
11.454818 8.2946482 14.333373 8
11.454444 9.2968025 14.103189 10
11.527515 10.349262 14.028201 8
11.600559 11.454768 14.016052 8
11.450224 8.6878357 14.506528 8
11.509224 9.7785053 14.399432 8
11.563993 10.863303 14.35034 5
11.603588 11.990217 14.351101 10
11.464654 9.1150131 14.720823 8
11.494616 10.219728 14.627597 9
11.576085 11.376698 14.665471 9
11.58066 12.522653 14.677068 10
11.414344 9.5020695 14.865956 10
11.463025 10.665948 14.853692 6
11.467659 11.791868 14.84934 9
11.31675 12.812601 14.718596 14
11.350063 9.8901196 15.00604 10
11.29901 10.997901 14.92251 11
11.155143 12.004695 14.781754 9
11.006021 13.048721 14.709811 12
11.168326 10.190363 15.007506 9
11.044429 11.24726 14.881635 10
10.895383 12.270241 14.788724 6
10.666253 13.245988 14.666924 17
10.951434 10.457355 14.968276 8
10.780374 11.48805 14.836592 10
10.585155 12.477824 14.73692 11
10.347027 13.466862 14.657767 14
10.712616 10.705277 14.911021 4
10.509662 11.72121 14.791951 11
10.282578 12.694214 14.699865 13
9.9925051 13.633234 14.600587 11
10.499983 10.984668 14.895231 9
10.260988 11.978636 14.784039 10
9.9818525 12.912148 14.674417 15
9.659688 13.827113 14.580128 8
10.253304 11.228373 14.842216 10
9.9901609 12.214316 14.752008 7
9.6710663 13.110235 14.637773 13
9.3228168 14.011255 14.562409 8
10.026475 11.495462 14.825758 9
9.7113838 12.437389 14.716437 8
9.3672171 13.319356 14.618132 13
8.971014 14.16936 14.524686 16
9.7767124 11.74552 14.790243 10
9.4086943 12.63342 14.655828 14
9.0543871 13.511465 14.591491 14
8.6271544 14.329491 14.50099 20
9.508028 11.969558 14.73269 14
9.1388073 12.86859 14.650224 12
8.7176619 13.670582 14.536759 6
8.2802963 14.482704 14.479206 15
9.2542229 12.218723 14.710084 8
8.8410492 13.067739 14.609545 14
8.3928709 13.838752 14.500033 9
7.9344254 14.628921 14.459438 13
9.0003929 12.464901 14.69348 10
8.5382872 13.258887 14.56886 13
8.0859385 14.034996 14.502316 10
7.5716462 14.739085 14.412678 11
8.719676 12.683022 14.644826 10
8.2364922 13.451053 14.536172 14
7.751142 14.184166 14.464583 14
7.2177806 14.863296 14.38892 7
8.4309692 12.889137 14.592162 15
7.9406281 13.656257 14.522476 12
7.4243011 14.340359 14.438867 13
6.8639255 14.977496 14.36118 5
8.1611023 13.127339 14.583501 15
7.6188989 13.818387 14.469767 7
7.0944161 14.497577 14.424129 14
6.5021052 15.070676 14.322453 7
7.8613939 13.323456 14.529807 13
7.3209772 14.021622 14.470061 8
6.7565947 14.628756 14.390417 14
5.8575177 14.468573 13.643123 5
7.5675964 13.533623 14.500104 16
7.0031652 14.186795 14.438354 15
6.415751 14.756947 14.361694 13
5.7050624 15.035678 14.069185 9
7.2757425 13.74982 14.485389 8
6.6813183 14.35499 14.415621 12
5.7594638 14.117666 13.604406 12
5.4512906 15.388398 14.298308 9
7.0020375 14.004719 14.519687 8
6.3568716 14.502853 14.385924 14
5.6788149 14.8453 14.173923 9
5.091754 15.443801 14.262265 19
6.6713581 14.150378 14.446443 13
5.7095404 13.891059 13.616152 9
5.3765821 15.059624 14.25027 10
4.7318525 15.501928 14.23572 13
6.3455915 14.318449 14.400797 13
5.6524768 14.677418 14.222234 9
5.0455627 15.198825 14.263663 12
4.3749409 15.555058 14.211196 16
5.7142906 13.761127 13.648504 9
5.3592434 14.922746 14.302548 6
4.7026186 15.30398 14.254082 17
4.0219564 15.622228 14.206656 14
5.6592736 14.561481 14.244543 12
5.0164256 15.034875 14.263906 5
4.3537292 15.389165 14.23045 16
3.6680286 15.665445 14.188068 18
5.3730474 14.842897 14.330713 11
4.6844788 15.180123 14.263186 12
4.0028591 15.457358 14.200819 16
3.3131037 15.697659 14.167498 19
5.0243387 14.960015 14.266988 5
4.3386006 15.295332 14.241472 13
3.6539223 15.53659 14.189168 14
2.9611416 15.734896 14.156923 16
4.6963944 15.14127 14.270203 13
3.9927289 15.399534 14.216781 10
3.3089311 15.627851 14.192505 13
2.6081834 15.757122 14.143377 14
4.3535223 15.292482 14.251418 15
3.6418626 15.49073 14.189095 13
2.9540591 15.668039 14.159912 13
2.2562466 15.765335 14.122865 17
4.0046592 15.428689 14.228641 16
3.2919459 15.592957 14.175385 13
2.6021411 15.713251 14.139318 11
1.9042929 15.772554 14.106353 13
3.6468291 15.550879 14.195854 12
2.940017 15.68819 14.163679 15
2.246242 15.74845 14.112728 13
1.5553685 15.757751 14.079899 13
3.2948987 15.690124 14.190051 12
2.5791566 15.750378 14.131009 14
1.8952676 15.793691 14.106133 12
1.2083648 15.761993 14.075411 10
2.9310794 15.785301 14.151294 12
2.2242086 15.831616 14.122317 13
1.5423263 15.816908 14.088576 14
0.86242425 15.731191 14.051001 12
2.5681698 15.901531 14.137492 16
1.8633176 15.881818 14.095668 13
1.1883694 15.840135 14.075014 14
0.52042645 15.714422 14.042575 13
2.196336 15.977714 14.099741 13
1.501763 15.943317 14.082612 13
0.83580452 15.850765 14.058911 11
0.17778672 15.703229 14.043367 11
1.8209348 16.030626 14.047072 24
1.1378653 15.977158 14.055209 16
0.48304749 15.815783 14.008349 13
-0.15800941 14.889765 13.336601 7
1.4471593 16.079174 13.996532 9
0.77791274 16.014952 14.037691 42
0.13287827 15.829545 14.007234 10
-0.4922466 15.59316 13.990982 12
1.0642368 16.092461 13.924689 4
0.40150145 16.037485 14.010582 28
-0.22168818 15.037848 13.305399 8
-0.83847356 15.540622 13.97553 8
0.67900848 16.11026 13.866369 4
0.036202643 16.050863 13.988539 40
-0.57665837 15.803546 13.979733 10
-1.1712592 15.490142 13.968256 13
0.29501972 16.130182 13.815202 4
-0.32196864 15.305022 13.313558 5
-0.92985302 15.779933 13.967513 10
-1.5050633 15.466161 13.991701 12
-0.087101586 15.550407 13.267235 5
-0.69816047 16.069115 13.956435 53
-1.2762743 15.735479 13.943379 11
-1.8273367 15.339713 13.929769 9
-0.4667623 16.21035 13.779149 8
-1.0685233 16.078793 13.95096 17
-1.6214205 15.684684 13.922695 12
-2.147332 15.246752 13.9035 15
-0.85279053 16.275654 13.792984 5
-1.4349855 16.065208 13.935907 14
-1.968506 15.644346 13.917627 12
-2.4731517 15.20653 13.933611 20
-1.8009623 16.043346 13.91833 11
-2.3096011 15.592371 13.909459 13
-2.7948372 15.140639 13.944519 16
-2.1609139 16.016356 13.923266 15
-2.6431375 15.534604 13.916374 10
-3.0933909 15.002838 13.910722 13
-2.5217881 15.94051 13.876888 13
-2.982085 15.441781 13.886123 7
-3.4105248 14.932114 13.929511 16
-2.8908567 15.918789 13.885355 17
-3.3160594 15.350972 13.862887 6
-3.7205687 14.824327 13.921413 16
-2.7948334 16.318619 13.771409 3
-3.24932 15.820156 13.831477 10
-3.6537247 15.285615 13.866841 10
-4.0282283 14.72611 13.923398 18
-3.1908572 16.307541 13.770921 5
-3.6183643 15.791291 13.8469 12
-3.9926555 15.205975 13.866163 13
-4.3291192 14.613637 13.918531 17
-3.5828142 16.272058 13.757505 9
-3.9775069 15.718737 13.831923 12
-4.3220596 15.116283 13.863678 16
-4.6297011 14.49285 13.913654 10
-3.9924972 16.252298 13.767784 10
-4.3599291 15.675586 13.850617 13
-4.6630678 15.018686 13.861918 13
-4.9292908 14.348836 13.893411 7
-4.3906007 16.197498 13.757984 12
-4.7167902 15.569174 13.823256 12
-4.9846864 14.885677 13.82997 17
-5.2240324 14.221367 13.889096 18
-4.7908792 16.151144 13.761531 13
-5.059999 15.424303 13.766093 7
-5.312366 14.776619 13.830534 17
-5.5197639 14.105959 13.904244 17
-5.1873083 16.082327 13.757595 16
-5.4214859 15.332733 13.76508 13
-5.6409631 14.675334 13.843418 13
-5.8021469 13.949433 13.887723 19
-5.5705819 15.969986 13.723158 19
-5.7858291 15.252122 13.782212 14
-5.9660954 14.558397 13.849229 8
-6.0902896 13.818681 13.900573 24
-5.9864302 15.935616 13.767985 9
-6.1360426 15.131915 13.772404 15
-6.2375665 14.322136 13.747062 13
-6.2708511 13.46003 13.686441 17
-6.2523894 15.518553 13.489903 9
-6.2469578 14.44195 13.25104 6
-6.2494917 13.524668 13.110433 12
-6.2796793 12.763828 13.128291 16
-6.754992 15.696705 13.734931 10
-6.843297 14.892952 13.778655 16
-6.8985953 14.121161 13.825498 18
-6.903913 13.336329 13.879663 13
-7.1279182 15.532859 13.695495 8
-7.1873283 14.750093 13.771426 13
-7.197587 13.954221 13.811604 17
-7.1971731 13.218562 13.927653 9
-7.4988818 15.373881 13.666238 11
-7.5294151 14.59818 13.766258 8
-7.5047412 13.803333 13.817572 17
-6.3616405 11.092639 11.848043 9
-7.8829961 15.235948 13.665879 16
-7.8442917 14.393064 13.716446 10
-7.8007693 13.630308 13.811808 17
-8.2750988 15.105076 13.680501 16
-8.2045088 14.274322 13.756103 14
-8.1048746 13.469535 13.821758 17
-7.9512339 12.655739 13.885675 18
-8.6430569 14.927063 13.665434 12
-8.5374765 14.101162 13.753386 17
-8.4159441 13.322296 13.854256 6
-8.2172642 12.494436 13.911424 20
-9.03514 14.786914 13.692478 9
-8.8634405 13.91204 13.743665 17
-8.6938934 13.118272 13.832614 7
-8.4602852 12.302457 13.906899 24
-9.3477221 14.512498 13.603171 7
-9.1802511 13.712635 13.731393 15
-8.9525061 12.888582 13.794909 13
-8.7191277 12.132886 13.934072 18
-9.7296162 14.34909 13.627743 10
-9.5091257 13.526316 13.739037 18
-9.2545528 12.725485 13.831406 17
-8.957016 11.932675 13.932923 26
-10.134966 14.214749 13.687864 17
-9.8494978 13.35729 13.77204 13
-9.5440092 12.542813 13.850227 14
-9.2247543 11.777491 13.982374 14
-10.493428 14.004149 13.686071 15
-10.14176 13.118252 13.741144 7
-9.8042307 12.318457 13.830905 16
-9.409667 11.515632 13.912921 9
-10.838422 13.770813 13.672503 19
-10.454823 12.907971 13.748642 14
-10.060193 12.091111 13.818694 18
-9.6507483 11.325377 13.935678 22
-11.178373 13.532742 13.662823 16
-10.770864 12.695957 13.763001 18
-10.367409 11.923165 13.878024 16
-9.8948565 11.138305 13.97137 25
-11.572597 13.352695 13.722943 11
-11.079886 12.475721 13.777637 18
-10.626378 11.698894 13.881868 11
-10.108785 10.918007 13.967378 21
-11.872382 13.059287 13.679844 11
-11.364823 12.224497 13.765347 17
-10.871352 11.459771 13.872594 14
-10.323838 10.700012 13.970062 31
-12.218514 12.820395 13.697967 18
-11.66895 11.994573 13.787689 14
-11.136432 11.24193 13.897027 16
-10.53479 10.480189 13.975695 28
-12.36959 12.379152 13.507357 16
-11.987987 11.778135 13.831628 10
-11.373262 10.991325 13.888432 18
-10.783925 10.296775 14.035873 13
-12.399153 11.831691 13.201468 12
-12.227674 11.481457 13.790137 15
-11.610098 10.745469 13.890121 18
-10.922379 10.008389 13.959379 15
-12.416683 11.297403 12.908544 4
-12.304473 11.036091 13.576002 9
-11.857862 10.508794 13.911617 13
-11.173341 9.8228636 14.031664 12
-13.404382 11.63477 13.624369 11
-12.451529 10.666456 13.456073 14
-12.12648 10.286077 13.959491 8
-11.357641 9.5824003 14.026687 18
-13.832035 11.448316 13.758965 21
-12.428497 10.166657 13.16346 11
-12.3288 10.007879 13.941293 18
-11.561351 9.3550844 14.047334 29
-14.108772 11.128789 13.746518 16
-12.489753 9.7523632 12.97919 9
-12.469477 9.6828918 13.85844 18
-11.753435 9.1183805 14.063025 25
-14.439981 10.850163 13.795782 15
-12.642431 9.4202709 12.902439 2
-12.506694 9.285409 13.672427 13
-11.946488 8.8834534 14.084957 18
-14.744069 10.540272 13.822474 16
-13.840459 9.8402729 13.890294 16
-12.504749 8.8677635 13.452709 13
-12.081254 8.6063328 14.042274 12
-14.985931 10.19024 13.801576 17
-14.082445 9.5423374 13.903251 18
-12.493827 8.4581728 13.239002 10
-12.311528 8.3956356 14.11496 26
-15.285106 9.8765116 13.841233 18
-14.337594 9.2476034 13.932006 18
-12.542279 8.0999107 13.098809 12
-12.444423 8.1186991 14.083183 25
-15.597368 9.5638676 13.895797 15
-14.614956 8.9670477 13.992468 11
-12.625066 7.7729297 13.004104 5
-12.541407 7.8198829 14.014196 23
-15.798536 9.1821842 13.861455 23
-14.819192 8.6363411 13.985112 18
-13.830669 8.1173792 14.067738 15
-12.570009 7.4845834 13.877847 17
-16.014673 8.8122787 13.849367 11
-15.037429 8.3145056 14.002926 16
-14.027904 7.8315411 14.091581 17
-12.566436 7.139153 13.714753 16
-16.323149 8.4865904 13.923824 20
-15.216591 7.9705601 13.989918 16
-14.193163 7.5246453 14.08947 15
-12.584195 6.8118734 13.583291 17
-16.583658 8.1338501 13.964314 18
-15.439873 7.649816 14.025743 15
-14.330122 7.2066932 14.065742 13
-12.555455 6.4664373 13.410427 15
-16.765532 7.7399068 13.948788 19
-15.604886 7.2968431 14.013008 8
-14.556477 6.931973 14.136526 18
-12.566995 6.1511197 13.289247 16
-16.974661 7.3570185 13.961948 13
-15.836194 6.9740872 14.070904 15
-14.6985 6.6130075 14.127794 12
-12.590616 5.8468614 13.187984 13
-17.187847 6.9761677 13.988086 20
-15.996261 6.6181483 14.0702 19
-14.799411 6.277956 14.092286 5
-12.700636 5.5838923 13.181234 5
-17.411106 6.5973673 14.031176 18
-16.229618 6.2894254 14.139105 16
-15.022829 5.9952765 14.177105 18
-12.729336 5.2886887 13.098926 5
-17.611145 6.2072902 14.061368 17
-15.145699 5.6690736 14.169579 13
-12.812083 5.0193682 13.076542 4
-17.681952 5.7671671 13.998293 12
-15.320962 5.3623371 14.220646 15
-14.101269 5.1992798 14.287379 17
-17.939413 5.3915997 14.092185 13
-16.651697 5.1905074 14.152324 15
-15.381804 5.0132999 14.172318 15
-14.199326 4.9094396 14.28266 15
-18.031431 4.9637923 14.062786 15
-16.743786 4.8097868 14.13173 16
-15.52615 4.6917973 14.204276 15
-14.292515 4.615798 14.278781 18
-18.1035 4.531116 14.025333 12
-16.842928 4.4321723 14.123081 17
-15.592144 4.3480787 14.172747 18
-14.380557 4.3201284 14.271081 19
-18.095194 4.0822458 13.938529 6
-16.980118 4.0616655 14.153422 8
-15.699248 4.0174932 14.18611 6
-14.410356 4.0102959 14.214728 11
-18.193283 3.6616685 13.941182 15
-17.036072 3.6719701 14.126176 14
-15.795353 3.6788967 14.195547 15
-14.546635 3.7298188 14.267827 19
-18.239246 3.2299821 13.911098 11
-17.098194 3.2871556 14.110797 11
-15.856566 3.3359163 14.178975 11
-14.605932 3.4256835 14.248091 19
-18.279722 2.7997165 13.887497 14
-17.20153 2.9065135 14.134042 10
-15.909377 2.9915569 14.16257 13
-14.64463 3.1192665 14.218679 20
-18.314423 2.3724313 13.868632 13
-17.216425 2.5146992 14.094965 8
-15.964622 2.645412 14.152125 13
-14.714862 2.8201678 14.221143 19
-18.2693 1.9330322 13.796108 12
-17.262531 2.126534 14.091003 12
-16.013708 2.3012557 14.146015 14
-14.732057 2.5112207 14.178641 10
-18.281649 1.5072045 13.776887 13
-17.311979 1.7407908 14.094512 12
-16.081207 1.9575564 14.16234 12
-14.835392 2.2143016 14.223114 15
-18.278721 1.0810236 13.755219 11
-17.34449 1.3506421 14.089998 14
-16.119862 1.6113592 14.157454 12
-14.867261 1.9060193 14.205804 17
-18.368933 0.6600666 13.810685 15
-17.394339 0.96408731 14.107876 12
-16.14551 1.2630134 14.146447 14
-14.9227 1.6007406 14.212948 18
-18.413597 0.23303629 13.840074 13
-17.358513 0.57129347 14.065816 16
-16.156696 0.91402358 14.131215 9
-14.95692 1.293787 14.208506 22
-18.291449 -0.19122742 13.750686 17
-17.368845 0.18344256 14.067613 13
-16.189127 0.56428194 14.141708 12
-14.980309 0.98503876 14.198845 11
-18.428604 -0.61735094 13.867569 18
-17.292162 -0.20132963 14.00539 9
-16.161539 0.21556357 14.105203 12
-15.004575 0.67045033 14.194087 13
-18.457541 -1.0480824 13.911411 14
-17.357868 -0.59366727 14.068426 12
-16.141582 -0.1355824 14.083926 14
-15.021834 0.36016229 14.192745 15
-18.407816 -1.4750447 13.906596 19
-17.32239 -0.98271108 14.056106 15
-16.226755 -0.48551446 14.160646 9
-15.038776 0.047449317 14.191504 16
-18.361826 -1.8967087 13.910956 11
-17.276352 -1.3673601 14.043352 14
-16.197718 -0.83612227 14.141712 15
-12.898543 -0.22830881 12.14991 18
-18.376795 -2.3294094 13.966174 12
-17.250175 -1.7563535 14.050574 16
-16.170547 -1.1863017 14.132789 14
-15.100953 -0.57919598 14.230912 9
-18.321228 -2.7533488 13.977069 16
-17.233631 -2.143249 14.074265 14
-16.15588 -1.5372452 14.138442 14
-15.101257 -0.89515936 14.232426 17
-18.246592 -3.171278 13.984126 16
-17.156628 -2.5223637 14.056512 17
-16.079809 -1.8814077 14.098626 12
-15.024088 -1.2063925 14.163561 16
-18.222004 -3.6001949 14.038359 21
-17.097969 -2.9054201 14.06055 15
-16.089212 -2.2344596 14.140285 14
-15.024244 -1.5226282 14.175175 18
-18.093145 -4.0024424 14.026469 16
-16.996225 -3.2745543 14.04588 16
-16.005444 -2.5725725 14.115028 16
-15.031596 -1.8356532 14.205183 17
-17.909409 -4.3924179 13.971006 14
-16.953636 -3.6594427 14.078094 15
-15.960578 -2.9216671 14.12033 15
-15.039234 -2.1576984 14.23664 13
-17.840229 -4.8134813 14.014787 17
-16.856524 -4.0316954 14.071404 20
-15.891554 -3.2649279 14.11031 16
-14.969836 -2.4697404 14.194954 20
-17.692305 -5.2108388 14.000346 15
-16.737272 -4.4010363 14.055252 12
-15.850348 -3.6161454 14.131928 14
-14.91124 -2.7823813 14.172705 19
-16.683765 -4.784874 14.100409 17
-15.756519 -3.9551883 14.115172 15
-14.874537 -3.1013057 14.174583 18
-16.56933 -5.1536417 14.100492 18
-15.677197 -4.2968688 14.116898 15
-14.813176 -3.4160123 14.163128 14
-16.046227 -5.9416623 13.030602 15
-16.331648 -5.4786181 14.002783 5
-15.642768 -4.6568604 14.167457 14
-14.810322 -3.7495944 14.212934 15
-15.416233 -6.1115756 12.646121 46
-15.936844 -5.7489295 13.777998 6
-15.534455 -4.9948282 14.159672 18
-14.728456 -4.0627847 14.193664 21
-13.182823 -5.5732985 10.923927 14
-15.282793 -5.8970289 13.326349 5
-15.411397 -5.3276081 14.141145 14
-14.626343 -4.3695731 14.159963 14
-12.736759 -5.727756 10.671362 72
-13.304448 -5.4725804 11.702065 7
-15.16543 -5.6158133 14.013178 5
-14.624361 -4.7113085 14.224974 15
-12.740938 -6.0802288 10.803271 77
-12.794492 -5.5976501 11.360572 51
-15.002646 -5.9279552 13.971277 8
-14.506552 -5.0164328 14.184914 19
-12.70974 -6.4208865 10.913982 51
-12.768226 -5.9253469 11.457242 84
-13.088019 -5.4999847 12.279496 24
-14.420604 -5.3344851 14.187037 16
-12.132094 -6.4770169 10.555685 32
-12.773959 -6.2750001 11.59111 87
-12.800398 -5.7075181 12.115352 41
-14.289803 -5.6346555 14.148197 3
-11.247263 -6.3290377 9.9190874 38
-12.327744 -6.3970213 11.317207 37
-10.569762 -4.9827957 10.08534 3
-13.035318 -5.4613972 12.988191 12
-10.729672 -6.3582239 9.5992508 44
-11.782006 -6.4462204 10.947621 29
-10.551229 -5.2574854 10.170031 2
-10.420429 -4.6216559 10.443874 2
-10.335829 -6.4406009 9.3882923 52
-11.259456 -6.4860854 10.59514 46
-10.126659 -6.6307459 9.3477831 43
-10.469558 -6.3399234 9.981389 34
-9.9727497 -6.8557281 9.3621178 2
-10.029234 -6.3777804 9.6985312 51
-11.101639 -6.4727812 11.068821 34
-9.658205 -6.4444504 9.4784336 66
-10.618997 -6.5028334 10.718137 46
-9.4449224 -6.6056581 9.4148674 66
-9.8258038 -6.3108401 10.043282 9
-10.979721 -6.366519 11.523077 10
-9.257781 -6.7807779 9.3812208 24
-9.5099144 -6.4024196 9.8519993 42
-10.589362 -6.4483905 11.231112 36
-9.0985346 -6.4152989 9.5589428 45
-10.186934 -6.5093026 10.925145 35
-7.0035167 -6.0421815 7.2166409 47
-8.8781214 -6.556581 9.468359 61
-9.763381 -6.540288 10.594197 32
-6.7057586 -6.0496678 7.0580492 50
-7.1041741 -5.9451451 7.5789046 34
-8.6868629 -6.7117667 9.4106798 44
-9.1106091 -6.3930216 10.00882 31
-6.5638943 -6.1897221 7.0656099 50
-6.8939056 -6.0314512 7.4975882 51
-8.5469608 -6.9058065 9.4143572 3
-8.7351446 -6.4149332 9.7232227 39
-6.5476432 -6.4573121 7.2183771 39
-6.6262946 -6.0569201 7.3548665 52
-7.0839543 -5.9712672 7.9234686 45
-8.431406 -6.4776287 9.5165901 44
-6.5626655 -6.7648416 7.4159489 57
-6.5636721 -6.2697997 7.4414992 45
-6.8331823 -6.0168424 7.7814841 52
-8.2701263 -6.6459522 9.4745092 52
-6.3623786 -6.8530784 7.3728719 62
-6.5966601 -6.5852122 7.6480484 52
-6.6117315 -6.0810747 7.6725831 51
-7.0793056 -5.937418 8.2260189 39
-6.1029544 -6.8692775 7.2591276 61
-6.5342422 -6.8148279 7.7529798 63
-6.5813298 -6.3267117 7.7904077 45
-6.8074212 -5.967979 8.0383644 52
-5.8544641 -6.888597 7.1573391 57
-6.2716141 -6.8362322 7.6212606 56
-6.6113029 -6.6421413 7.991147 55
-6.6320944 -6.0761991 7.9674802 41
-5.5968995 -6.8849592 7.0405297 59
-6.015007 -6.8486214 7.4944906 60
-6.4904408 -6.8150797 8.0181923 58
-6.5845366 -6.3059502 8.0573406 37
-5.3684835 -6.9052305 6.9546528 58
-5.7724614 -6.8679724 7.3806753 62
-6.2227039 -6.8255486 7.8634686 54
-6.6154914 -6.6253896 8.2540884 47
-5.1460986 -6.9244804 6.8757458 51
-5.5349326 -6.8833108 7.2708268 60
-5.969027 -6.8389783 7.7216883 57
-6.4986024 -6.8013425 8.2751245 46
-4.9206686 -6.9287562 6.7878137 53
-5.2973871 -6.8856573 7.1579442 59
-5.7274156 -6.8573666 7.5938678 61
-6.2317867 -6.814858 8.103406 46
-4.7093296 -6.9459758 6.718852 51
-5.0799661 -6.9099288 7.0710297 53
-5.493845 -6.8767285 7.4750137 58
-5.9720025 -6.828352 7.9386563 43
-4.496964 -6.9522095 6.6448665 51
-4.8665566 -6.9291902 6.9870834 55
-5.2552209 -6.8821225 7.3451452 61
-5.7252879 -6.8478022 7.7888632 52
-4.2936463 -6.9654136 6.5808582 49
-4.6480989 -6.93648 6.8931293 51
-5.0387435 -6.906426 7.2462282 53
-5.4805851 -6.8582435 7.6420369 56
-4.0973663 -6.982594 6.5248303 44
-4.4356637 -6.9397545 6.8041363 48
-4.824265 -6.9267287 7.1472907 51
-5.2529774 -6.8806262 7.5151663 58
-3.9010794 -6.9887772 6.467772 42
-4.2332892 -6.9499912 6.728117 47
-4.6047406 -6.930057 7.0393314 47
-5.020319 -6.8880382 7.3782778 52
-3.7108111 -6.9969473 6.4146929 39
-4.0399666 -6.9651957 6.6630707 44
-4.3992968 -6.9433355 6.9483352 47
-4.8027697 -6.9053822 7.264348 47
-3.5255754 -7.0060968 6.3685937 36
-3.8496675 -6.9823852 6.6030169 43
-4.1938519 -6.950614 6.8573232 44
-4.5902381 -6.9227147 7.1543961 42
-3.3423438 -7.0142431 6.323483 38
-3.6563234 -6.9855995 6.5339384 41
-3.9954495 -6.9638662 6.7752957 41
-4.3817344 -6.9400301 7.0504265 42
-3.1641505 -7.0273662 6.2863641 39
-3.4710464 -6.999774 6.4788547 40
-3.8040845 -6.9810948 6.7012482 43
-4.173224 -6.9523473 6.9454436 37
-2.9839215 -7.0265079 6.2422161 35
-3.289778 -7.0099416 6.4257421 39
-3.6137376 -6.9963107 6.6311908 41
-3.9737749 -6.9696269 6.8534341 35
-2.8097358 -7.0316234 6.2070584 38
-3.1085229 -7.0191002 6.3756275 38
-3.4233601 -6.9985437 6.5550981 40
-3.7682667 -6.9699411 6.7494059 40
-2.641593 -7.0437131 6.180892 35
-2.9292426 -7.0182724 6.3204756 36
-3.2370157 -7.0037565 6.4859962 38
-3.5788922 -6.9901738 6.6733594 33
-2.4754736 -7.0557876 6.1597171 37
-2.7560244 -7.0264072 6.2783232 36
-3.0567236 -7.0169373 6.4278898 37
-3.385468 -6.9964356 6.5872931 33
-2.309329 -7.0588751 6.1335182 35
-2.5858393 -7.0395212 6.2431698 38
-2.875401 -7.0181341 6.3637547 37
-3.2011158 -7.0156531 6.5162225 34
-2.150214 -7.0808778 6.1253786 37
-2.4196212 -7.0555873 6.2130442 36
-2.6970556 -7.0242791 6.3066545 37
-3.0066197 -7.010891 6.4271646 34
-1.985088 -7.0849528 6.1031809 34
-2.2484055 -7.0557175 6.1718626 37
-2.5268576 -7.047401 6.2685323 36
-2.8283179 -7.0300756 6.3670683 35
-1.8229657 -7.0840244 6.081955 35
-2.089335 -7.0857606 6.1607094 36
-2.354605 -7.0525532 6.2193704 38
-2.6449711 -7.0352859 6.2979574 35
-1.6689601 -7.1070271 6.0847602 34
-1.923142 -7.0828748 6.1244979 33
-2.1884296 -7.0716591 6.1862197 36
-2.4717212 -7.0574389 6.248848 29
-1.5078562 -7.1030865 6.0675225 32
-1.7609917 -7.0839629 6.0972791 35
-2.0202138 -7.0777879 6.1450429 35
-2.2964306 -7.0656137 6.1917095 31
-1.3527855 -7.1021247 6.0572662 35
-1.6008898 -7.0950222 6.0800796 35
-1.8520174 -7.0839047 6.1078668 37
-2.1171002 -7.0598116 6.1265516 33
-1.0826045 -6.3479857 5.4084082 39
-1.4407728 -7.0990891 6.0598617 37
-1.6848103 -7.0850272 6.0686727 38
-1.9468911 -7.0779376 6.0864191 35
-0.94457674 -6.3549972 5.407094 37
-1.2827142 -7.1171212 6.0516739 49
-1.5216808 -7.1031032 6.0455089 38
-1.7746521 -7.0890803 6.0402775 34
-0.80756778 -6.3609962 5.4097733 39
-1.0154843 -6.3590131 5.3927884 36
-1.3565066 -7.1042042 6.0133071 35
-1.6034464 -7.1022029 6.0011377 33
-0.67157304 -6.3679862 5.4154506 38
-0.87439883 -6.3580585 5.379467 38
-1.0762042 -6.337142 5.3394566 39
-1.4352593 -7.1153131 5.9659843 33
-0.53555381 -6.3669901 5.4161067 41
-0.73533243 -6.3600912 5.3701453 39
-0.93313485 -6.353179 5.3291926 37
-1.1419274 -6.3442702 5.2861824 9
-0.43574515 -7.1411161 6.075809 28
-0.59731948 -6.3720927 5.3718481 39
-0.79002613 -6.3572373 5.3108964 36
-0.99073756 -6.3433795 5.2509098 38
-0.24717493 -5.5469475 4.7321568 1
-0.45934018 -6.3890734 5.3805656 1
-0.64693606 -6.3612852 5.2965999 36
-0.84162027 -6.3574448 5.23067 38
-0.13150848 -5.3823261 4.6002483 1
-0.31242666 -6.1766 5.1976686 1
-0.50187564 -6.3733149 5.2883372 38
-0.69149798 -6.3695126 5.2094307 37
-0.015687931 -5.4222107 4.6419253 0
-0.16916902 -5.3854957 4.5340953 3
-0.3532905 -6.2476511 5.1726966 1
-0.54236007 -6.3705893 5.1851554 39
-0.05221248 -5.4014611 4.5477099 1
-0.19984576 -5.4076586 4.4710302 5
-0.42735159 -7.1648321 5.8019958 26
0.21325742 -5.4181552 4.6630301 0
0.065675735 -5.4303846 4.5753675 1
-0.078787372 -5.406683 4.4636164 8
-0.22548133 -5.4448476 4.3990316 8
0.32818645 -5.4231014 4.6826057 0
0.18375984 -5.4114227 4.5628886 1
0.042232044 -5.4126849 4.4642224 10
-0.09942881 -5.4538703 4.3926702 24
0.44213542 -5.4200587 4.698154 1
0.3017028 -5.4203782 4.5794902 1
0.16424698 -5.418684 4.4658341 7
0.028594788 -5.4688759 4.3923364 22
0.42066056 -5.4253411 4.5930853 1
0.2892018 -5.4366412 4.4804978 4
0.15761091 -5.4838643 4.3950119 21
0.54357839 -5.4432559 4.6177473 1
0.41522163 -5.4396172 4.4841299 4
0.28963935 -5.4958477 4.3966994 19
0.66260451 -5.430233 4.6203008 1
0.54213887 -5.463541 4.5078259 2
0.42261404 -5.514823 4.4064031 15
0.78450769 -5.4371977 4.6409078 1
0.66809475 -5.4665465 4.5164366 2
0.55168647 -5.4988976 4.390974 9
1.0315809 -5.4466805 4.8351169 0
0.90642589 -5.4351807 4.6574864 1
0.79700702 -5.4775267 4.5340858 2
0.68268615 -5.4979291 4.3905983 9
1.1452886 -5.4288068 4.8484011 2
1.0330157 -5.4552255 4.6949477 1
0.92177391 -5.4646621 4.53545 5
0.817375 -5.5160084 4.4081039 11
1.2612147 -5.4157491 4.8689313 4
1.1559653 -5.4481835 4.7105274 1
1.0517129 -5.4706159 4.5530992 2
0.95729321 -5.536952 4.4298439 17
1.3811022 -5.4106688 4.8975034 4
1.280881 -5.4461212 4.7331314 1
1.1826425 -5.4735637 4.5727463 1
1.087393 -5.5079999 4.4143949 11
1.5049456 -5.4125628 4.9351144 2
1.4166646 -5.4739828 4.7828736 0
1.3195131 -5.4904766 4.6044621 1
1.2293123 -5.522943 4.4361291 9
1.6317356 -5.4234257 4.9837666 1
1.5435811 -5.46492 4.8054681 1
1.4554089 -5.4964037 4.6311421 1
1.369256 -5.5258989 4.4528198 7
2.3923838 -7.2505851 6.707644 21
1.6744534 -5.4648314 4.8371086 1
1.5952754 -5.5073137 4.6638565 0
1.517122 -5.5458102 4.4855971 4
2.5601547 -7.2444348 6.7604485 53
2.4396133 -7.2492919 6.4538918 51
1.7222941 -5.4773102 4.6653924 2
1.6580809 -5.5397749 4.499269 5
2.7318671 -7.2482491 6.8253012 59
2.6193688 -7.2551336 6.509788 59
2.5097809 -7.2589655 6.2132802 57
2.4081445 -7.2737689 5.9268417 53
2.9065845 -7.2460666 6.8891516 56
2.8050945 -7.2659502 6.5727305 60
2.7005939 -7.2638245 6.2592325 58
2.6020396 -7.2686701 5.9567823 56
3.0872767 -7.2508321 6.9620628 55
2.9918594 -7.2677598 6.6306624 60
2.8963816 -7.2716517 6.3122239 58
2.8118222 -7.2904963 6.0108805 58
3.2798717 -7.2735386 7.0550833 55
3.1845734 -7.2745519 6.6976333 60
3.0981066 -7.2844768 6.3742485 60
3.017602 -7.297379 6.0588999 59
3.465503 -7.2713556 7.1309762 51
3.3812172 -7.2823901 6.7696042 62
3.3018088 -7.2893496 6.4342437 61
3.2283471 -7.3042789 6.1099343 58
3.6551032 -7.2711687 7.2118912 52
3.5808613 -7.2832298 6.8415699 60
3.5094817 -7.2952075 6.5002618 59
3.4460683 -7.3111663 6.1660028 59
3.8526402 -7.2799459 7.3058715 54
3.7894173 -7.2990193 6.931622 56
3.7241247 -7.30405 6.5723228 61
3.6667459 -7.3190289 6.2310901 58
4.0462217 -7.2737565 7.3897896 54
3.9970181 -7.2988496 7.0106225 56
3.9427307 -7.3118911 6.6493974 63
3.890445 -7.3159313 6.288156 60
4.252697 -7.2805276 7.4928036 53
4.2145367 -7.3086486 7.1046987 54
4.1683178 -7.31673 6.7294974 61
4.1320219 -7.3347669 6.3703728 61
4.4740844 -7.3012524 7.6139312 52
4.4310999 -7.3034749 7.1897283 54
4.3998756 -7.3225555 6.81563 62
4.3736138 -7.3416128 6.4495559 60
4.6864119 -7.2980652 7.7169747 64
4.6681728 -7.3242946 7.3079929 63
4.645844 -7.3404655 6.918963 64
4.6214962 -7.3496227 6.5349021 59
4.7562537 -7.0836487 7.5988374 43
4.7738066 -7.139781 7.2241335 48
4.7891788 -7.1968269 6.8774433 48
4.8066969 -7.2488527 6.530714 46
4.7775421 -6.8092847 7.4163251 44
4.8043246 -6.861361 7.0446057 46
4.8160586 -6.894402 6.6837583 47
4.8297844 -6.9224386 6.3249063 49
4.806385 -6.5597372 7.2567673 41
4.8242812 -6.5818753 6.8629179 45
4.8360553 -6.5979376 6.4950218 53
4.8607388 -6.6259513 6.1452227 48
5.0019741 -6.5335174 7.3456626 49
5.0269322 -6.5496926 6.9398298 48
5.0497561 -6.5627875 6.5619783 56
5.0765061 -6.5788398 6.1991549 57
5.2144494 -6.5222344 7.4576836 46
5.2673597 -6.552392 7.0610266 54
5.3022075 -6.5685043 6.6782422 53
5.3509459 -6.5955567 6.3175569 58
6.1450348 -7.3433352 8.5405979 43
6.21526 -7.3706846 8.0790167 56
6.2763329 -7.3949394 7.6493831 54
6.3363886 -7.4121828 7.2237244 55
6.4196038 -7.3491421 8.7060204 25
6.5128689 -7.3835201 8.2445812 53
6.5830708 -7.396853 7.7969666 57
6.6651621 -7.4231224 7.3714495 51
6.8270149 -7.3990417 8.4212084 52
6.9082785 -7.4074121 7.9616337 59
7.0054317 -7.4267216 7.5241704 51
7.1342206 -7.3945718 8.588747 53
7.2544212 -7.4238958 8.1434288 53
7.3437581 -7.4162908 7.6718488 50
7.4554062 -7.3920298 8.766367 7
7.5996222 -7.4203668 8.3181648 57
7.7666812 -7.4686165 7.901134 44
7.9319625 -7.5175643 9.1133108 1
7.9819937 -7.4370904 8.5283651 51
8.1581888 -7.4694386 8.088254 47
8.3501959 -7.4235983 8.717865 37
8.5354805 -7.4419923 8.2597532 59
8.631546 -7.6630015 10.282845 2
8.897356 -7.5428052 9.0817528 2
8.9951553 -7.464632 8.5039825 51
8.7416439 -7.4395924 10.22468 46
9.4627514 -7.4703994 8.747261 34
8.9362373 -7.2899036 10.269155 57
10.059779 -7.5508981 9.1024046 61
9.2163601 -7.1999683 10.408232 45
9.9008417 -7.4845905 10.288428 75
10.170361 -7.4662943 9.767684 49
10.538374 -7.515698 9.3436317 53
9.6486053 -7.2155151 10.715384 32
10.128371 -7.3088074 10.340014 83
10.651744 -7.4438887 10.041984 89
10.677439 -7.2341642 9.2904797 76
10.14451 -7.2568426 11.082943 28
10.54092 -7.2554893 10.581884 77
10.608608 -7.0577674 9.8326263 34
10.699972 -6.8799348 9.1455431 79
10.557813 -7.2217169 11.357867 60
10.593172 -6.9535961 10.468238 43
10.660831 -6.7410722 9.718936 74
11.040919 -6.7287717 9.2757683 37
10.557697 -6.9021754 11.190334 42
10.672821 -6.6741633 10.387337 48
11.178685 -6.7080107 10.026029 30
12.786238 -7.3592505 10.545994 34
10.658747 -6.651195 11.140599 43
11.219925 -6.6677523 10.753543 9
13.2786 -7.5373645 11.704363 24
13.578921 -7.3795614 11.021362 28
10.901896 -6.4845915 11.237535 5
13.312226 -7.5031962 12.554451 17
14.043937 -7.5435166 12.194171 13
14.82056 -7.5919371 11.839548 18
10.953635 -6.2091784 11.143723 3
14.921365 -7.5705328 12.770059 12
15.798772 -7.6116486 12.437168 20
11.069751 -5.9669328 11.116956 3
11.145609 -5.7100463 11.059862 2
11.556433 -5.6122465 11.329511 2
13.154734 -5.6000443 11.67047 3
13.451159 -5.3725634 11.804206 15
15.399768 -5.683929 12.424543 3
13.095964 -5.3546686 12.418462 11
18.202042 -6.7831702 15.762995 12
19.825386 -6.7846632 15.80169 12
16.671776 -6.3909254 15.609121 15
18.379313 -6.3896852 15.761742 14
19.96863 -6.3198218 15.76347 15
21.910576 -6.2952609 15.924195 17
16.744993 -6.0204844 15.542965 13
18.624495 -6.0172567 15.837247 6
20.181599 -5.8888917 15.812571 14
22.05407 -5.7792583 15.916515 15
16.823111 -5.6511297 15.48331 13
18.651812 -5.5783792 15.73315 16
20.395195 -5.4410553 15.849388 11
22.185966 -5.2510247 15.891714 11
16.826441 -5.2601347 15.357234 14
18.810005 -5.1732659 15.740975 16
20.532677 -4.9730144 15.835984 10
22.362486 -4.7268062 15.904389 19
16.839764 -4.8729987 15.245723 16
18.993418 -4.7669797 15.773127 15
20.711229 -4.5079536 15.865922 16
22.535294 -4.1976829 15.927009 20
16.849165 -4.4807825 15.132884 12
19.112091 -4.3414397 15.757626 14
20.861536 -4.0305529 15.874331 11
16.84071 -4.0965791 15.015276 12
19.237745 -3.9209733 15.752364 13
21.065243 -3.5676601 15.933154 8
16.927719 -3.7362759 14.988644 11
19.489529 -3.5190899 15.857947 7
21.092758 -3.0682244 15.864946 11
22.840895 -2.5713046 15.892463 15
16.966503 -3.3684349 14.926745 8
19.556498 -3.0870581 15.829873 12
21.219307 -2.5930362 15.88825 13
22.923368 -2.035167 15.894634 12
17.028957 -3.0024545 14.890704 7
19.634714 -2.6490223 15.809937 13
21.390242 -2.112757 15.952442 10
22.961899 -1.4841145 15.868688 19
17.030699 -2.6276157 14.80823 6
19.700165 -2.2120149 15.788554 12
21.363829 -1.6099187 15.873613 15
22.979561 -0.9345777 15.845102 17
17.09638 -2.2601354 14.786257 4
21.466274 -1.1132444 15.89753 14
23.062962 -0.38149536 15.868292 13
18.450851 -2.0290444 15.86721 6
21.608734 -0.62094665 15.961718 11
23.107433 0.16744711 15.878081 13
18.479132 -1.6307712 15.818666 8
19.974451 -0.88671035 15.826469 17
21.660141 -0.12354057 15.965721 10
23.107016 0.71895778 15.861513 14
18.542957 -1.2337118 15.804893 9
20.055639 -0.43977913 15.84354 13
21.656725 0.37217301 15.942736 13
23.114014 1.2597313 15.869139 17
18.608107 -0.83985507 15.806637 12
20.102283 0.0021128145 15.849591 13
21.66832 0.87122166 15.937649 11
23.10787 1.8148324 15.872169 20
18.710688 -0.43858457 15.840009 11
20.099121 0.45245743 15.818488 13
21.69659 1.3773686 15.950274 14
23.13876 2.3702209 15.910597 17
18.734268 -0.029506395 15.812721 15
20.184317 0.90715945 15.861298 11
21.641211 1.8758307 15.911013 14
23.161171 2.9284456 15.952782 18
18.77309 0.37689099 15.807221 17
20.210051 1.3717618 15.865652 13
21.607149 2.3845549 15.892858 10
23.151005 3.4954972 15.979429 16
18.835051 0.79605597 15.819424 19
20.174213 1.8248254 15.832333 14
21.636856 2.895103 15.938092 14
22.980221 4.0276031 15.910796 9
18.904701 1.2123947 15.853096 13
20.187035 2.2859876 15.843637 11
21.650764 3.4069653 15.978827 12
22.940117 4.5825171 15.939773 9
18.908041 1.6194924 15.844307 13
20.196302 2.7359691 15.872338 12
21.401823 3.865314 15.843146 10
22.761137 5.1030307 15.89082 13
18.930069 2.0412612 15.850454 13
20.163025 3.1997578 15.861107 13
21.50593 4.4007535 15.965652 9
22.589106 5.6273232 15.846502 9
18.968294 2.4697309 15.875074 9
20.186518 3.6709046 15.903929 10
21.246927 4.8643608 15.82707 13
22.395052 6.1470175 15.799309 11
18.938923 2.8938046 15.852414 14
20.066929 4.1225224 15.844717 8
21.164146 5.3648934 15.828378 9
22.201622 6.6730986 15.751367 16
18.941372 3.3289914 15.867611 13
19.991423 4.587966 15.831143 11
20.992498 5.8462458 15.781233 8
18.90793 3.7555175 15.851996 8
19.888649 5.0372429 15.795406 12
20.851328 6.3290024 15.752632 8
21.693682 7.649858 15.619939 8
17.287075 3.8335216 14.522573 4
19.735607 5.4769311 15.727385 11
20.590721 6.7644625 15.649756 11
21.407566 8.1139965 15.541313 12
17.286751 4.2308135 14.553499 4
19.648048 5.9269619 15.725715 11
20.349995 7.2083921 15.566055 7
21.176676 8.5995798 15.507092 7
17.286179 4.6422353 14.585676 9
19.481937 6.3623614 15.669985 12
20.220316 7.6936936 15.572626 8
20.983644 9.0980701 15.50806 9
17.273632 5.0520492 14.614059 11
19.340446 6.8045177 15.636112 11
20.003166 8.1418943 15.526222 9
20.63596 9.5302925 15.407022 11
17.284216 5.4749207 14.675376 10
19.157593 7.2382278 15.579453 8
19.732462 8.5737295 15.444048 7
20.353109 9.9913826 15.361607 10
17.30888 5.9182668 14.748342 13
19.025608 7.6836877 15.574161 8
19.543531 9.0330667 15.433542 11
20.070314 10.441549 15.327801 9
17.333534 6.3617344 14.834727 12
17.448841 7.5123582 14.393797 5
19.257658 9.4391079 15.355444 12
19.740583 10.861535 15.263014 10
17.378618 6.8193283 14.949248 11
17.394966 7.9531317 14.463438 12
19.022261 9.870615 15.327786 8
19.438969 11.286347 15.224368 13
17.394726 7.2782168 15.045012 10
17.413332 8.4471235 14.596306 9
18.897556 10.363213 15.392996 3
19.072456 11.676383 15.146614 11
17.406895 7.7467179 15.145508 11
17.427635 8.9513426 14.734903 10
17.499813 10.132257 14.429565 10
17.626532 11.374421 14.211257 6
17.383442 8.2142305 15.22812 12
17.500813 9.4998665 14.934367 11
17.535536 10.700408 14.631938 12
17.563587 11.92634 14.372222 15
17.41667 8.7200794 15.359288 8
17.413893 9.9777164 15.007508 7
17.573664 11.293243 14.853171 10
17.597723 12.556576 14.631401 9
17.349033 9.18501 15.419677 12
17.481953 10.551437 15.232063 7
17.547888 11.853855 15.039354 7
17.65448 13.226514 14.926608 13
17.119375 9.5648384 15.345525 8
17.166407 10.904189 15.13062 8
17.326057 12.290553 15.065104 8
17.350731 13.629107 14.93308 10
16.859932 9.922123 15.256671 12
16.910757 11.282566 15.08969 10
16.965322 12.621196 14.982802 12
16.992781 13.993912 14.901699 11
16.608189 10.290765 15.177691 7
16.606983 11.635235 15.017551 7
16.634455 12.980938 14.932539 11
16.590002 14.316657 14.83618 7
16.471022 10.729835 15.211866 7
16.442751 12.089421 15.073503 5
16.281754 13.315812 14.867981 8
16.258114 14.701822 14.842352 8
16.179792 11.072817 15.11303 9
16.123646 12.430628 14.999153 9
16.041391 13.750523 14.911243 8
15.816411 14.985952 14.751233 15
15.947766 11.464838 15.07189 9
15.811701 12.781332 14.935004 11
15.659508 14.059938 14.832162 12
15.385554 15.262394 14.675036 10
15.674765 11.819285 15.005164 6
15.487572 13.11388 14.870231 11
15.290219 14.371597 14.772372 10
15.41507 12.187142 14.961902 6
15.19172 13.461698 14.840075 6
14.956203 14.706373 14.75531 8
15.167881 12.558703 14.940428 8
14.897507 13.82528 14.822468 9
14.550233 14.976781 14.675562 11
14.045451 15.986107 14.428223 14
14.820093 12.858417 14.826634 7
14.54556 14.132226 14.752306 9
14.211076 15.316998 14.664008 11
13.521845 16.123833 14.274399 28
14.584105 13.255501 14.832327 6
14.239661 14.481247 14.735849 6
13.777525 15.54676 14.563382 5
12.227985 15.287824 13.289507 4
14.027472 13.360579 14.516575 8
13.906053 14.817607 14.701652 8
13.263775 15.680092 14.381436 5
11.773149 15.432958 13.181106 47
13.545645 15.111197 14.642936 10
12.8854 15.964231 14.346829 9
11.467564 15.769543 13.242848 40
13.177593 15.402814 14.58857 10
11.847395 15.395194 13.573371 25
11.117069 16.041897 13.261539 47
13.404491 14.668062 14.704721 6
11.469448 15.622294 13.532498 23
10.604308 16.072462 13.093433 47
13.058833 14.973885 14.642071 12
11.897166 15.271873 13.868232 8
11.275687 16.115284 13.71667 26
10.110052 16.105488 12.938631 61
12.7399 15.311564 14.620763 12
11.773054 15.845682 14.102744 15
10.68693 16.040255 13.430358 36
9.6674194 16.209145 12.848348 52
11.789676 14.867024 13.875894 7
11.401098 16.115175 14.069332 26
10.170694 16.065092 13.236991 43
9.2256117 16.312298 12.762908 71
11.787392 15.602212 14.233549 10
10.955416 16.274954 13.942613 30
9.6763716 16.087519 13.054603 40
8.7620935 16.343805 12.638707 63
11.419538 15.875919 14.172999 21
10.318099 16.116501 13.567329 31
9.2080145 16.126865 12.900398 41
8.2966547 16.356226 12.505604 62
11.101353 16.214878 14.182446 27
9.7782087 16.081486 13.309058 42
8.789279 16.240499 12.818156 70
7.8441114 16.36672 12.384558 69
10.595204 16.280048 13.961983 28
9.2800417 16.084684 13.098836 39
8.3675566 16.330122 12.726978 77
7.3975353 16.36524 12.267574 65
9.9551811 16.109985 13.560705 29
8.8119688 16.117342 12.928617 38
7.9093938 16.350796 12.58481 65
6.9573016 16.362923 12.15255 69
9.4244347 16.087872 13.29436 36
8.3795481 16.200766 12.805343 60
7.4610748 16.35816 12.445728 45
6.2205672 15.60437 11.495852 24
8.9433489 16.120985 13.09109 44
7.9798179 16.341354 12.73309 68
7.0265718 16.378565 12.327766 63
5.8119917 15.592838 11.395125 64
8.4542694 16.122028 12.875969 36
7.5294328 16.365643 12.58506 87
6.2689881 15.598788 11.620149 11
5.512383 15.857072 11.502932 20
8.0515585 16.27755 12.789697 47
7.0820818 16.37491 12.431093 61
5.8624582 15.597217 11.508398 72
5.3106217 16.437143 11.842081 66
7.62503 16.371939 12.667527 68
6.3037086 15.569995 11.679442 8
5.5104151 15.73107 11.501375 24
4.9108853 16.449797 11.777242 64
7.1618199 16.375177 12.484422 65
5.8991923 15.594489 11.564525 77
5.3403482 16.420443 11.901198 74
4.5210876 16.469515 11.726399 63
6.7074022 16.385872 12.314983 39
5.5371356 15.720686 11.531085 25
4.9405212 16.442501 11.823898 75
4.1301746 16.466616 11.665234 71
5.948987 15.584989 11.559383 62
5.3669376 16.429991 11.923931 75
4.5416393 16.45499 11.746253 76
3.7440608 16.49621 11.630643 80
5.5561137 15.671431 11.470537 37
4.9472475 16.432219 11.807353 80
4.1447659 16.474224 11.677891 75
3.364208 16.50448 11.591443 70
5.3959727 16.437401 11.882623 67
4.5436592 16.458469 11.721788 81
3.7513449 16.48208 11.607744 67
2.9922886 16.527369 11.565954 74
4.9669127 16.427513 11.741683 62
4.1453123 16.480894 11.639877 53
3.3686206 16.50337 11.561374 78
2.6156895 16.530031 11.536961 80
4.5522943 16.454056 11.63274 61
3.739651 16.476477 11.543077 80
2.985281 16.515684 11.509993 78
2.2449365 16.540792 11.517218 102
4.135993 16.468582 11.519773 64
3.345227 16.491089 11.467193 80
2.6032281 16.531792 11.465765 73
1.8780556 16.555647 11.505468 73
3.7274756 16.489122 11.42482 59
2.9535832 16.504725 11.39935 76
2.2264235 16.544527 11.42902 74
1.5120533 16.5825 11.506752 77
3.3169379 16.483572 11.318048 62
2.5608499 16.510313 11.332634 84
1.8515131 16.562256 11.40134 79
1.1490159 16.598331 11.508131 78
2.9142532 16.511108 11.238213 65
2.1750457 16.52795 11.280907 77
1.4746066 16.571981 11.373679 87
0.78593135 16.621195 11.519485 82
2.5125751 16.522646 11.158436 74
1.7882144 16.547609 11.235168 73
1.1026236 16.594759 11.361993 70
0.42182836 16.643093 11.535814 82
2.1128786 16.530241 11.084634 80
1.404377 16.561338 11.193391 83
0.73067033 16.607607 11.347247 86
0.050706748 15.802 10.961011 74
1.7141352 16.54891 11.02175 69
1.0224724 16.58514 11.166563 92
0.33615622 15.899766 10.848886 3
-0.29147145 15.796269 10.9681 82
1.3191983 16.572994 10.969453 75
0.63740599 16.60531 11.139321 95
-0.020668879 15.794689 10.768292 97
-0.66471827 16.663212 11.583493 65
0.92319071 16.588547 10.920804 72
0.23695946 15.817025 10.583507 21
-0.37294048 15.810382 10.774889 45
-1.0280554 16.667896 11.612157 82
0.52615529 16.614864 10.883429 77
-0.12786646 15.789289 10.540505 98
-0.76081181 16.647779 11.34377 86
-1.3912306 16.693586 11.658834 65
0.11721699 15.773809 10.292306 87
-0.49096897 15.81359 10.534083 4
-1.1317111 16.675493 11.366046 77
-1.755973 16.710648 11.699012 72
-0.25474739 15.777284 10.253528 87
-0.89463824 16.653103 11.077543 84
-1.5090358 16.695078 11.388669 91
-2.1236391 16.742283 11.760791 71
-0.66113299 16.631092 10.770661 88
-1.2795044 16.658993 11.071866 87
-1.8860813 16.711056 11.418036 96
-2.4922376 16.750084 11.811406 67
-1.0612988 16.648312 10.756474 74
-1.672184 16.683973 11.089004 78
-2.2682211 16.734768 11.460507 76
-2.8692698 16.776001 11.881688 79
-1.463246 16.675573 10.755236 70
-2.0640533 16.705427 11.10965 79
-2.6523979 16.742239 11.496087 95
-3.2453012 16.800734 11.956235 69
-1.8687145 16.683962 10.745714 77
-2.4573443 16.722141 11.129997 83
-3.0397139 16.770041 11.551646 79
-3.6237092 16.813791 12.03056 84
-2.278789 16.709387 10.758409 78
-2.860589 16.745533 11.16671 84
-3.4335363 16.804899 11.61891 78
-4.0137291 16.853472 12.127108 90
-2.6929474 16.734951 10.776449 79
-3.2648587 16.761026 11.202832 88
-3.8319943 16.811262 11.676154 82
-4.3953042 16.837648 12.192575 80
-3.1091738 16.746611 10.788651 79
-3.6705785 16.777533 11.245269 92
-4.2346773 16.846195 11.755209 78
-4.7559347 16.752247 12.212333 67
-3.5300841 16.773035 10.818716 71
-4.0850072 16.806936 11.299877 91
-4.6338706 16.853647 11.821125 79
-5.1290913 16.69697 12.258027 53
-3.9570401 16.802778 10.860964 72
-4.5039163 16.836407 11.363177 74
-5.051971 16.894825 11.91467 78
-5.5269842 16.719025 12.365234 59
-4.3883538 16.814457 10.893131 79
-4.9241848 16.854565 11.425672 77
-5.4717484 16.924137 12.011196 97
-5.8323069 16.454437 12.267728 24
-4.8242154 16.842007 10.946675 63
-5.3607469 16.891638 11.51024 64
-5.8187027 16.734747 11.96003 18
-6.1151905 16.157148 12.151895 65
-5.2684598 16.862585 11.00417 68
-5.7707968 16.833195 11.536059 38
-6.0107551 16.10931 11.601485 79
-6.4886274 16.111687 12.224542 12
-5.7093968 16.847933 11.040192 55
-5.9341793 16.089262 11.09475 84
-6.4214196 16.124817 11.701099 27
-7.2583542 16.991478 13.012183 49
-5.8813643 16.07008 10.587551 73
-6.3659611 16.106131 11.182292 56
-7.116981 16.799988 12.291499 61
-7.7069864 17.041004 13.178069 55
-6.3356853 16.110281 10.677486 62
-7.1655884 16.995163 11.886793 88
-7.5707293 16.819197 12.419038 56
-8.140152 17.028648 13.312181 29
-7.1538029 16.993502 11.337024 62
-7.6338878 16.999548 11.990849 84
-8.0293198 16.836374 12.553681 61
-8.523035 16.894825 13.355423 16
-7.6472697 17.011675 11.436408 50
-8.0778217 16.931328 12.047343 66
-8.5559444 16.972906 12.785069 38
-8.8510618 16.663851 13.324857 6
-8.1557455 17.040215 11.546961 51
-8.5260525 16.860079 12.115655 44
-9.1050587 17.104952 13.027952 62
-8.674942 17.062546 11.667893 68
-9.025321 16.867498 12.246954 63
-9.5999117 17.10754 13.185698 56
-9.2117949 17.088087 11.802438 73
-9.5503464 16.897926 12.407588 59
-10.028142 16.984482 13.251185 21
-10.020368 16.275743 13.528003 23
-9.7406387 17.071875 11.91717 68
-10.104808 16.961237 12.600865 41
-10.402871 16.759972 13.24326 7
-10.351487 16.050503 13.52665 17
-10.234543 16.984535 11.991462 49
-10.787467 17.195732 12.935191 46
-10.718426 15.875824 13.571239 12
-10.785834 16.971079 12.123746 45
-11.340694 17.192118 13.100191 36
-11.370609 16.976683 12.287382 52
-11.806818 17.033766 13.162444 19
-11.691834 16.32291 13.456283 15
-11.792281 16.725655 12.275661 37
-12.157896 16.702534 13.100389 18
-12.056592 16.075068 13.4603 10
-11.655431 15.116169 13.540869 18
-12.187438 16.436829 12.246034 50
-12.212776 15.98792 12.741471 10
-12.215805 15.5567 13.242984 17
-12.026046 14.941145 13.613064 9
-13.468049 17.290438 13.083138 24
-13.210556 16.507025 13.374486 13
-12.249747 14.907754 12.916932 13
-12.247002 14.577347 13.519924 17
-13.834803 16.914301 13.020643 7
-13.627043 16.247103 13.394583 15
-12.362013 14.391206 12.695754 4
-12.279216 14.012115 13.235499 13
-14.437787 16.813984 13.173653 6
-14.058117 16.001532 13.434463 9
-13.479107 15.01935 13.492954 11
-12.275001 13.427943 12.926809 12
-15.008229 16.658333 13.294301 11
-14.372286 15.616282 13.365415 11
-13.780358 14.692917 13.461323 10
-12.41854 13.024068 12.789534 5
-15.439252 16.333529 13.302153 15
-14.790455 15.349348 13.409229 13
-14.118428 14.407823 13.474653 14
-13.506838 13.595583 13.62434 13
-15.962966 16.094639 13.387055 8
-15.21039 15.079121 13.455303 11
-14.482821 14.141232 13.510706 14
-13.750967 13.27576 13.588263 7
-16.267879 15.636502 13.294559 15
-15.500968 14.677202 13.392636 11
-14.805076 13.834917 13.519227 17
-14.075281 13.0307 13.6396 23
-16.699883 15.30238 13.320769 15
-15.908854 14.382458 13.436795 17
-15.178319 13.570328 13.573011 7
-14.333041 12.724749 13.63056 24
-17.053488 14.88108 13.300699 9
-16.246658 14.020147 13.442842 15
-15.415546 13.18075 13.527535 13
-14.616673 12.434554 13.659744 21
-17.503134 14.554997 13.351764 17
-16.651562 13.714487 13.494915 16
-15.751062 12.882954 13.562647 19
-14.903826 12.155173 13.689133 18
-17.744724 14.058123 13.255117 19
-16.927849 13.302805 13.456506 10
-16.053799 12.549458 13.574033 16
-14.913761 11.653841 13.471323 14
-17.830851 13.4355 13.047783 24
-17.308731 12.972705 13.503367 18
-16.374968 12.234363 13.610065 18
-15.437098 11.55685 13.728074 17
-18.121759 12.99018 13.010979 40
-17.636969 12.596069 13.515438 22
-16.480604 11.759981 13.476026 15
-15.673396 11.22935 13.725593 20
-17.353924 11.819109 12.236841 59
-17.793097 12.105803 13.412882 18
-16.932562 11.53047 13.63019 16
-15.961802 10.941623 13.779448 23
-17.703384 11.448119 12.272765 19
-17.83794 11.548064 13.234043 20
-17.230871 11.193354 13.665235 18
-16.18807 10.61121 13.779968 18
-18.083858 11.096247 12.333846 56
-18.150446 11.167948 13.258588 28
-17.502081 10.834061 13.683238 16
-16.444593 10.299281 13.808418 17
-18.09432 10.518769 12.147712 68
-18.232098 10.651842 13.121461 46
-17.703304 10.426845 13.647925 11
-16.65686 9.9559059 13.810312 18
-18.143648 9.9737358 12.002428 64
-18.221821 10.093966 12.934946 54
-17.89608 10.020712 13.618307 20
-16.911026 9.6339083 13.847153 18
-18.176964 9.4361095 11.861 71
-18.241226 9.5623837 12.77825 71
-17.956295 9.5452127 13.492566 18
-17.087191 9.2702265 13.824664 23
-18.237457 8.9248676 11.743417 70
-18.223684 9.0299921 12.604988 52
-18.147806 9.1402788 13.473936 25
-17.304373 8.9279919 13.843797 7
-18.255688 8.3992462 11.609225 78
-18.221361 8.5155554 12.455196 80
-18.256144 8.7001953 13.401957 49
-17.532402 8.5863142 13.872667 18
-18.286795 7.892839 11.494834 71
-18.229082 8.0146599 12.32046 71
-18.340982 8.2537699 13.321521 69
-17.782909 8.2567024 13.927667 18
-18.298395 7.384799 11.377342 67
-18.236397 7.5269132 12.197108 72
-18.357313 7.7806253 13.196578 57
-17.933342 7.8763132 13.907863 18
-18.318228 6.8931956 11.276614 66
-18.270319 7.0542941 12.100212 67
-18.38929 7.3239574 13.093598 69
-17.928806 7.4305921 13.772315 13
-18.330853 6.4065528 11.180115 65
-18.303061 6.5916224 12.012508 84
-18.412043 6.8702888 12.994856 56
-18.022736 7.0342312 13.722049 25
-17.566059 5.6717582 10.618249 71
-17.595732 5.8856997 11.44783 56
-18.399935 6.4086742 12.873995 74
-18.172161 6.6599712 13.722219 19
-18.25696 5.4244628 10.950447 22
-17.649084 5.4584088 11.391336 52
-17.634548 5.7106166 12.240328 61
-17.624514 6.0411429 13.199143 24
-18.385084 4.9931808 10.95032 86
-18.422504 5.2432895 11.806204 82
-18.285522 5.4853563 12.600965 23
-17.644112 5.6396194 13.114523 38
-18.414677 4.5348506 10.894857 70
-18.416832 4.7919111 11.727026 69
-18.379082 5.0770626 12.577284 73
-18.427242 5.4718356 13.603712 36
-18.424957 4.0803199 10.839047 70
-18.438091 4.3523688 11.669106 76
-18.403442 4.6535878 12.518087 60
-18.474733 5.0674272 13.546133 36
-18.419514 3.6270037 10.779714 87
-18.462824 3.9161203 11.619383 90
-18.403076 4.2282367 12.444468 64
-18.512489 4.6641006 13.491264 35
-18.454329 3.1817436 10.749042 81
-18.471548 3.4817948 11.567797 66
-18.423868 3.8088939 12.389698 71
-18.522167 4.2577319 13.420536 55
-18.484459 2.7410336 10.724459 77
-18.483644 3.0481048 11.522283 76
-18.437944 3.3942747 12.338181 60
-18.529289 3.8511083 13.34797 63
-18.49626 2.3009026 10.696826 74
-18.50849 2.6230042 11.4945 91
-18.45878 2.9831727 12.299341 65
-18.543089 3.4509845 13.292097 51
-18.515997 1.8609542 10.678263 79
-18.531219 2.2000363 11.470856 92
-18.469427 2.5701404 12.256718 62
-18.576792 3.0569715 13.257283 52
-18.539799 1.4260454 10.670659 82
-18.539927 1.7740427 11.444302 83
-18.505196 2.1651468 12.239953 59
-18.576357 2.656821 13.199687 45
-18.552582 0.99106085 10.665141 77
-18.564703 1.3540362 11.434665 82
-18.523914 1.7590909 12.216292 78
-18.601027 2.2647188 13.167965 44
-18.588408 0.55510014 10.676558 82
-18.593472 0.93402898 11.436078 63
-18.54558 1.3510067 12.199718 62
-18.591532 1.8685247 13.117498 49
-18.591131 0.12108627 10.676183 87
-18.604187 0.51099777 11.429605 84
-18.588388 0.94701642 12.205997 58
-18.617216 1.4754436 13.094807 48
-17.788607 -0.29716513 10.21975 79
-18.634041 0.091055982 11.441986 72
-18.590105 0.54097736 12.188464 73
-18.640961 1.0844036 13.080106 31
-17.89327 -0.71957499 10.290238 11
-17.809742 -0.31510645 10.936136 78
-18.624352 0.13116445 12.198373 84
-18.643976 0.68836957 13.052168 42
-18.632042 -1.1836871 10.736448 86
-17.970827 -0.72615939 11.040036 5
-17.877422 -0.26355368 11.70176 61
-18.660498 0.2960951 13.041727 45
-18.663795 -1.6227074 10.779125 87
-18.664589 -1.1762375 11.482416 75
-17.964268 -0.65979362 11.755977 13
-17.852137 -0.092033982 12.458405 43
-18.6805 -2.0651844 10.818873 88
-18.682281 -1.6017618 11.512078 94
-18.679235 -1.09505 12.233164 62
-17.941069 -0.47443762 12.509454 43
-18.707384 -2.5093355 10.872446 95
-18.712152 -2.0326862 11.554583 84
-18.694042 -1.5059539 12.253638 90
-18.675417 -0.88798207 13.016004 40
-18.744484 -2.9580786 10.940483 94
-18.725983 -2.4623585 11.594686 84
-18.696657 -1.9195567 12.270775 82
-18.696861 -1.2874728 13.029384 54
-18.777018 -3.4159093 11.010042 84
-18.756721 -2.8985038 11.652061 86
-18.719503 -2.340349 12.306995 79
-18.749924 -1.6908516 13.069256 49
-18.786989 -3.8687098 11.074281 83
-18.782631 -3.3384187 11.714302 92
-18.731266 -2.7591288 12.343375 87
-18.748505 -2.095505 13.075785 64
-18.807798 -4.3290462 11.151938 83
-18.806393 -3.7848125 11.777893 86
-18.746977 -3.1825812 12.38992 99
-18.793242 -2.5059865 13.122136 51
-18.847662 -4.8023329 11.247546 87
-18.832188 -4.2331648 11.853477 90
-18.772709 -3.6149147 12.446462 80
-18.81291 -2.9162686 13.158645 67
-18.852488 -5.2693019 11.331371 74
-18.866039 -4.6910372 11.937144 89
-18.787485 -4.0458217 12.503005 97
-18.829626 -3.3342445 13.194012 65
-18.157507 -5.5289884 10.999583 82
-18.882013 -5.1487846 12.021412 91
-18.802435 -4.4845991 12.564217 70
-18.881634 -3.7590215 13.262075 57
-18.179646 -5.9985781 11.104048 102
-18.187981 -5.3994942 11.65474 67
-18.835447 -4.9313126 12.64971 67
-18.920053 -4.1911459 13.327336 83
-17.403629 -6.1909738 10.725461 15
-18.218977 -5.8633699 11.757259 97
-18.303482 -5.2266321 12.356577 9
-18.926094 -4.623909 13.377324 77
-15.713202 -5.9982839 9.7756796 5
-17.745905 -6.153945 11.540079 18
-18.232718 -5.6423316 12.380723 89
-18.959761 -5.065125 13.450915 57
-15.072483 -6.1547103 9.4734583 32
-16.699842 -6.2130017 10.948524 17
-18.213526 -6.0800853 12.444438 67
-18.259249 -5.299015 13.007277 30
-13.028353 -5.6577144 8.2729483 35
-15.825841 -6.286334 10.465395 20
-17.207739 -6.1550231 11.834048 15
-18.280231 -5.7249722 13.0811 34
-12.616096 -5.8235264 8.1027336 74
-13.19371 -5.5814185 8.8019037 12
-16.286667 -6.2310448 11.28399 16
-17.570683 -5.9197206 12.636375 38
-12.669395 -6.2032304 8.2379284 74
-12.673275 -5.6970582 8.5389519 78
-15.42503 -6.2933993 10.767514 28
-17.154497 -6.1932912 12.40696 22
-12.558311 -6.5091429 8.2702045 61
-12.677202 -6.0433998 8.632781 84
-12.993816 -5.6332688 9.1415901 40
-15.997668 -6.1697993 11.639576 22
-12.026417 -6.5847793 8.0280218 55
-12.688095 -6.400856 8.7378702 80
-12.691887 -5.8370934 9.0085707 69
-13.300831 -5.4591174 9.7329473 3
-11.375563 -6.5663471 7.7008181 50
-12.181542 -6.4921341 8.4884901 61
-12.680786 -6.1733842 9.0877733 80
-12.860191 -5.6051636 9.476717 42
-10.8701 -6.6081858 7.467514 50
-12.057137 -6.7753725 8.5071888 4
-12.565335 -6.4646797 9.0974598 76
-12.681448 -5.8576655 9.4185743 68
-10.388716 -6.6409636 7.2480531 54
-11.027966 -6.5222235 7.8823934 7
-12.094777 -6.5615335 8.8502102 43
-12.664279 -6.188664 9.4829597 82
-9.9274769 -6.6644716 7.0405135 61
-10.596725 -6.5896754 7.676867 61
-12.314118 -6.3520713 9.302186 60
-9.5034161 -6.6937828 6.8545184 56
-10.153536 -6.6300626 7.463933 67
-12.094528 -6.5741501 9.2209139 42
-9.1476746 -6.7569532 6.7154317 50
-9.7686386 -6.6923428 7.290061 53
-10.393192 -6.5567837 7.8801689 9
-8.7447491 -6.7687716 6.5402584 56
-9.3453579 -6.712585 7.0851007 60
-10.018329 -6.6332493 7.6975002 65
-8.390233 -6.8007331 6.3984137 52
-8.9648657 -6.747457 6.9103355 59
-9.6459646 -6.694953 7.5147266 55
-7.1127191 -6.02356 5.5288939 9
-8.5859404 -6.7636919 6.7352924 59
-9.24687 -6.7242813 7.3088322 58
-6.8832769 -6.0985494 5.4643373 60
-8.2320747 -6.7839026 6.5751653 60
-8.8578053 -6.7426004 7.1098857 61
-9.5548925 -6.6331711 7.6999936 59
-6.6016698 -6.1156478 5.3558512 60
-7.040585 -6.0597558 5.7254524 44
-8.4867954 -6.7578988 6.9218445 58
-9.1647215 -6.6655531 7.4841137 62
-6.4835744 -6.2814202 5.3831038 60
-6.7669401 -6.0878811 5.6119671 62
-7.1958156 -5.9830499 5.9624357 1
-8.8467932 -6.7348032 7.3250093 50
-6.5099425 -6.5978804 5.5372014 49
-6.5244002 -6.1349468 5.5233927 59
-6.9823031 -6.071095 5.8878593 57
-8.4717035 -6.7461672 7.1169419 51
-6.4872069 -6.8774004 5.6593704 70
-6.4755135 -6.3655944 5.6035018 45
-6.7005997 -6.088273 5.75633 59
-7.1885848 -5.979435 6.1264749 3
-6.2487926 -6.9243822 5.5927396 68
-6.5129318 -6.6970243 5.7675595 56
-6.5122051 -6.184257 5.7046309 58
-6.9720259 -6.0625215 6.0388675 52
-5.9842992 -6.9354248 5.5021052 63
-6.4199452 -6.9007177 5.8217902 70
-6.5044336 -6.4588261 5.8177004 46
-6.6912551 -6.080749 5.8943381 61
-5.7308445 -6.9424529 5.4184012 63
-6.1574006 -6.9167957 5.7221642 66
-6.5187569 -6.7683196 5.9577918 66
-6.5299101 -6.2037029 5.8586063 58
-5.4663448 -6.9275203 5.3206711 62
-5.8958573 -6.9228816 5.6204977 65
-6.3625164 -6.9041882 5.946085 67
-6.535152 -6.4922643 5.9776645 41
-5.1275792 -6.7977996 5.1438818 59
-5.6483693 -6.9369345 5.5317917 63
-6.0999203 -6.9173069 5.8354502 65
-6.5223527 -6.7778387 6.0878019 68
-4.8928885 -6.7918344 5.0670238 53
-5.4166584 -6.9589739 5.4560075 59
-5.8440809 -6.9314327 5.7307401 63
-6.3417253 -6.89082 6.0460687 67
-4.6885796 -6.8197837 5.0181479 53
-5.1631365 -6.9410677 5.3542061 58
-5.5935254 -6.9385333 5.6280169 61
-6.0810766 -6.9089704 5.9274359 63
-4.4762454 -6.8257613 4.9592304 49
-4.8323154 -6.8023977 5.1653385 54
-5.3670511 -6.9655824 5.5462489 59
-5.8204274 -6.9181266 5.8067718 63
-4.2709384 -6.8347239 4.9062901 50
-4.6189318 -6.8124075 5.0974407 51
-5.127532 -6.9666719 5.4494491 55
-5.5768428 -6.9362464 5.7010565 61
-4.0776749 -6.8536582 4.8643265 49
-4.4105687 -6.8214078 5.0335159 49
-4.8729591 -6.9348111 5.3346014 55
-5.3402929 -6.9543467 5.6023059 59
-3.8844116 -6.8675957 4.8213463 45
-4.2122455 -6.8393812 4.9795752 47
-4.5711908 -6.8201137 5.1616807 51
-5.1067505 -6.9664497 5.5035191 54
-3.6961658 -6.8795271 4.7813325 44
-4.0139203 -6.8503618 4.9236083 46
-4.3577647 -6.8221602 5.0837555 48
-4.8752279 -6.9735436 5.4077034 53
-3.5079257 -6.8864579 4.7413011 45
-3.8196092 -6.8573389 4.8696074 45
-4.1583915 -6.8391695 5.0198174 47
-4.540278 -6.8099837 5.1877666 51
-3.3257055 -6.8933802 4.7052407 45
-3.6353478 -6.8782783 4.8286095 45
-3.9620411 -6.854167 4.959857 48
-4.3268094 -6.8180552 5.1028662 47
-3.1505218 -6.9122725 4.6791897 42
-3.4500821 -6.8892269 4.7845793 42
-3.7656865 -6.8591743 4.8968596 45
-4.129416 -6.8430738 5.0369487 49
-2.9743278 -6.9181819 4.6480966 43
-3.2658198 -6.8931804 4.7395182 44
-3.580394 -6.8801341 4.8498683 44
-3.9300206 -6.8571005 4.9680014 46
-2.8001399 -6.9230895 4.6179895 42
-3.0895925 -6.9101043 4.7044663 44
-3.3910706 -6.8841271 4.7928329 44
-3.7326396 -6.8671217 4.9010291 47
-2.63802 -6.9519382 4.6069131 37
-2.9133615 -6.9170394 4.6663775 43
-3.2077794 -6.8950958 4.7437944 43
-3.538271 -6.8791342 4.8370504 43
-2.4819429 -6.995749 4.6078639 34
-2.7351291 -6.9159789 4.6262722 43
-3.0285013 -6.9070454 4.6997685 44
-3.3458865 -6.8831444 4.7720866 42
-2.329875 -7.0535073 4.6199284 33
-2.5749531 -6.9548154 4.6143293 35
-2.8502011 -6.9179783 4.6568112 43
-3.1615307 -6.898109 4.7191749 43
-2.1757863 -7.0992751 4.6269832 33
-2.4218285 -7.0096049 4.6164122 33
-2.6759212 -6.9288998 4.6178341 40
-2.9761739 -6.9060798 4.6642385 43
-2.0207117 -7.1400518 4.6329827 44
-2.2687476 -7.0703864 4.6234384 35
-2.5228074 -6.9937181 4.6168361 34
-2.7999129 -6.925035 4.6211472 41
-1.8596399 -7.1578836 4.6268129 46
-2.1197226 -7.1381536 4.6383967 42
-2.369725 -7.0625215 4.6208196 33
-2.6417568 -6.99189 4.610148 30
-1.6995684 -7.1737156 4.6206393 44
-1.9545994 -7.1560111 4.6232724 45
-2.2166464 -7.1333075 4.6278496 43
-2.4906521 -7.0826697 4.6182599 34
-1.5374312 -7.1815176 4.6115031 45
-1.7883673 -7.1678185 4.605175 45
-2.0473328 -7.1551089 4.6048098 45
-2.3242979 -7.1344318 4.6023226 46
-1.378184 -7.1942234 4.6073804 45
-1.6250688 -7.1795678 4.5900698 43
-1.8780272 -7.1699147 4.5807528 43
-2.1489744 -7.1483035 4.566298 43
-1.2200754 -7.2040076 4.6042595 50
-1.46093 -7.1834273 4.5719624 43
-1.7068245 -7.1678195 4.5486584 42
-1.9717277 -7.1572247 4.5282764 42
-0.95744038 -6.414609 4.0966167 37
-1.2968066 -7.1872745 4.5568547 42
-1.5396539 -7.1766944 4.5255857 43
-1.7985077 -7.169127 4.4962459 42
-0.81636775 -6.4084597 4.0883479 38
-1.0241722 -6.4028668 4.0492697 37
-1.3725027 -7.1845632 4.5044918 43
-1.6263086 -7.1770291 4.4651713 41
-0.67932153 -6.4156165 4.0899124 37
-0.8820799 -6.4110341 4.0418658 51
-1.208402 -7.1937337 4.4871802 45
-1.4551625 -7.1951962 4.4409332 41
-0.54130763 -6.4274297 4.0956502 38
-0.73899603 -6.408906 4.0305758 51
-0.93973291 -6.4053369 3.9785423 49
-1.2819809 -7.1991014 4.4118176 40
-0.40333992 -6.4561925 4.1144533 2
-0.5969364 -6.4167523 4.026319 50
-0.79262042 -6.4062223 3.9622846 48
-1.0013287 -6.4136748 3.9072518 37
-0.2643688 -6.4789619 4.1312385 14
-0.45590082 -6.4295759 4.0280771 36
-0.64754206 -6.4210725 3.9560702 50
-0.85019374 -6.420567 3.8880374 37
-0.1270636 -6.3331313 4.0423765 2
-0.31603304 -6.5242028 4.0821404 11
-0.50146157 -6.4289279 3.9478347 50
-0.69907969 -6.4354358 3.8748538 36
0.0089400532 -6.3319488 4.0470576 1
-0.17187256 -6.4621816 4.0416312 18
-0.38589224 -7.2299876 4.4244571 40
-0.54793507 -6.4243493 3.8495724 48
-0.030850282 -6.4680004 4.0443649 10
-0.21158294 -6.5753131 4.0178514 27
-0.43231577 -7.2544203 4.3233051 44
0.28086758 -6.3525023 4.0775084 0
0.11214027 -6.4857821 4.0561543 6
-0.063572876 -6.605093 4.0287113 28
-0.25351101 -6.8691249 4.0797453 8
0.25708479 -6.5205116 4.0810184 6
0.088411987 -6.6438403 4.0466261 24
-0.092409089 -6.8689828 4.0655584 9
0.40404439 -6.5422602 4.0998445 2
0.24144448 -6.6496511 4.0474224 13
0.07061068 -6.9067435 4.0765262 8
0.55002153 -6.5530329 4.1126251 1
0.39542136 -6.6813955 4.0653224 3
0.23661749 -6.9464889 4.0905175 8
0.69601792 -6.5498319 4.1183519 1
0.55139345 -6.7091365 4.0832181 3
0.40166238 -6.9582877 4.0903983 11
0.83605993 -6.512702 4.1069221 0
0.70640188 -6.7119274 4.0880151 1
0.57062393 -7.0069861 4.1154404 9
0.98008996 -6.4885187 4.1046095 0
0.8653872 -6.7356362 4.1079865 2
0.74167913 -7.0247226 4.122478 12
1.0115286 -6.6735382 4.0785909 3
0.914702 -7.0494246 4.1375527 11
1.2701274 -6.4590564 4.1161647 0
1.1695558 -6.6663074 4.0824285 9
1.0906986 -7.0681415 4.151545 12
1.5036339 -6.2395926 4.1634836 0
1.4210403 -6.4667869 4.1389151 0
1.3314843 -6.6830277 4.1042681 6
1.2656943 -7.0729079 4.1574044 11
1.5670062 -6.4425917 4.1435189 0
1.4844921 -6.6538572 4.099895 9
1.4476153 -7.108572 4.18644 8
1.7099812 -6.4123921 4.1471348 0
1.6464869 -6.6505508 4.1147184 14
1.6395785 -7.1670747 4.2316532 4
2.2303941 -7.1439037 4.8625946 50
2.1342459 -7.2924366 4.7416697 77
1.9973584 -7.2993474 4.534996 74
1.8594694 -7.309257 4.3293295 75
2.3874402 -7.1105032 4.8782864 52
2.3162022 -7.3019729 4.7776613 79
2.1833065 -7.311945 4.5650277 79
2.0504313 -7.313941 4.3463635 74
2.5572701 -7.1121144 4.9202003 76
2.4980567 -7.3105807 4.8166642 81
2.3682382 -7.3046227 4.5849848 75
2.2443764 -7.3176088 4.3664083 74
2.7340846 -7.1177006 4.9661655 73
2.6849139 -7.3131881 4.8536692 84
2.5611074 -7.3182249 4.6220613 77
2.4422858 -7.3292418 4.3944983 74
2.9098926 -7.1162992 5.010088 55
2.864779 -7.2988424 4.8825583 77
2.7569573 -7.32583 4.6591129 76
2.6431756 -7.3358712 4.4235716 70
3.095057 -7.1275229 5.0642195 74
3.0410662 -7.2682099 4.9024358 69
2.9512272 -7.3201337 4.6881409 75
2.8474562 -7.3381567 4.4516492 76
3.2818213 -7.1371436 5.1220932 57
3.2070065 -7.2130442 4.9089622 50
3.1580329 -7.3407469 4.7401543 79
3.0533338 -7.340838 4.4845915 68
3.4635997 -7.1327958 5.1738873 56
3.3859191 -7.1842461 4.9367857 52
3.3604455 -7.3416624 4.7792363 78
3.2663343 -7.3525901 4.5243993 55
3.660527 -7.1475558 5.240705 58
3.5718637 -7.162674 4.9722366 72
3.5716851 -7.3461633 4.8280821 75
3.4899223 -7.3691397 4.5729222 56
3.856782 -7.1500988 5.3031993 60
3.7684627 -7.1492028 5.0157948 77
3.7900681 -7.3537331 4.8809009 80
3.7171664 -7.3758154 4.6198406 57
4.0598516 -7.159987 5.3748498 60
3.980674 -7.1610546 5.0813971 78
4.0056744 -7.3485537 4.929275 82
3.9460821 -7.3805275 4.6681681 57
4.274096 -7.1748366 5.4541235 63
4.1988888 -7.1770034 5.1522336 58
4.2120728 -7.3176217 4.9638228 59
4.1870503 -7.394896 4.7262168 60
4.4957695 -7.1964283 5.5409241 28
4.42345 -7.1862001 5.2224126 60
4.4063287 -7.2616992 4.9833689 56
4.4325371 -7.4033947 4.7839541 62
4.7051764 -7.1853113 5.6065717 62
4.6577682 -7.2024183 5.3043647 61
4.6201754 -7.2284236 5.0242901 58
4.6971488 -7.4269404 4.8574114 63
4.8449697 -7.0692306 5.5959783 54
4.8579965 -7.1559887 5.3435507 61
4.8468065 -7.2066178 5.0786633 88
4.8909011 -7.3340864 4.8610806 58
4.8666553 -6.7896256 5.455812 54
4.8750205 -6.8525367 5.1931181 56
4.8872304 -6.9154682 4.9434724 56
4.8936148 -6.9713802 4.6867547 53
4.9392219 -6.5917912 5.3805051 58
4.9226756 -6.6051717 5.0832653 55
4.9240742 -6.6385274 4.8178034 54
4.9230151 -6.6673198 4.5492992 52
5.1633492 -6.5932708 5.4659481 61
5.1558862 -6.6024046 5.161797 73
5.1633706 -6.6314111 4.8877835 57
5.174819 -6.6600609 4.6149397 57
5.4065366 -6.6089869 5.5718441 60
5.4108787 -6.6187582 5.2605429 60
5.422152 -6.6370173 4.9734855 59
5.4339108 -6.655704 4.6883097 59
6.3687692 -7.4390912 6.3732643 60
6.3579898 -7.4178686 5.9938025 73
6.2250786 -7.2568164 5.5295048 65
6.2425117 -7.2598562 5.2032337 67
6.652298 -7.4403934 6.4938216 58
6.7008939 -7.4657316 6.1460738 63
6.5260906 -7.2538218 5.6324162 65
6.5643477 -7.2674651 5.3053746 67
6.9591379 -7.4588675 6.6328092 61
7.0117736 -7.4712477 6.268043 64
6.8781557 -7.2937946 5.7748704 68
6.9135876 -7.2883825 5.4267635 67
7.2712913 -7.4657278 6.7690835 61
7.3454933 -7.4862027 6.405283 60
7.403285 -7.4896588 6.0493317 66
7.2755737 -7.3043542 5.553103 62
7.5961952 -7.4747086 6.9152126 52
7.6889238 -7.4910021 6.5466404 64
7.7865262 -7.513237 6.2030921 61
7.6550303 -7.3179727 5.687614 62
7.9506226 -7.4972463 7.0834837 49
8.0635309 -7.5162849 6.7109771 62
8.1689711 -7.5230947 6.3478937 61
8.0700111 -7.3435297 5.8376641 53
8.2839689 -7.48631 7.2260027 53
8.4525509 -7.5253468 6.8748417 61
8.5931101 -7.5484018 6.5225201 57
8.7416792 -7.5691037 6.1686611 49
8.6605759 -7.4933701 7.4024162 49
8.857276 -7.5364347 7.0531726 61
9.0238562 -7.5564504 6.6969585 57
9.2054157 -7.5844479 6.3458352 50
9.056839 -7.50489 7.5939364 59
9.2783241 -7.5429316 7.2400427 51
9.4868774 -7.5729146 6.8910432 48
9.6770258 -7.5806074 6.5203772 53
9.4824553 -7.5219159 7.8041215 55
9.7338705 -7.5541501 7.4452834 60
10.000627 -7.6018872 7.1132445 61
10.19535 -7.5919495 6.7239833 56
9.9266815 -7.5150895 8.0351238 54
10.219524 -7.5510507 7.683692 64
10.500336 -7.5830064 7.3371825 63
10.751322 -7.5899057 6.9626975 99
10.389704 -7.5266776 8.2715511 57
10.704236 -7.5464845 7.9045587 94
10.749913 -7.3922515 7.3771672 80
10.746397 -7.2023611 6.829494 58
10.687413 -7.4008131 8.370388 71
10.744923 -7.2237115 7.8064976 72
10.77345 -7.0436039 7.2681856 84
10.815042 -6.8753633 6.754005 77
10.667945 -7.0563512 8.2286072 33
10.751141 -6.8843527 7.6881242 83
10.939521 -6.7950006 7.2595921 43
11.324381 -6.8146009 6.9486713 44
10.7288 -6.7728667 8.1535044 62
11.134402 -6.7835016 7.8380055 55
13.008994 -7.6520462 8.4761333 37
13.500899 -7.6764054 8.1312294 42
11.24015 -6.766027 8.4170332 35
13.376201 -7.731719 9.2582092 3
13.770254 -7.6744337 8.8327551 40
14.377953 -7.7137771 8.516326 18
15.301684 -7.7341366 8.9241858 32
16.350674 -7.7653804 9.3975525 39
14.765845 -7.6287065 10.584728 46
15.943348 -7.8279352 10.566773 10
16.647615 -7.4161701 9.4432983 93
15.225436 -7.4559531 10.776395 17
16.346006 -7.5771427 10.700782 45
16.608913 -7.3034806 10.070539 83
16.766661 -6.9862547 9.3910332 55
16.175409 -7.4953799 11.306579 18
16.595013 -7.2440462 10.728241 89
16.873865 -6.9547839 10.103121 18
19.717754 -7.653017 10.893148 16
16.558155 -7.2446427 11.434597 70
16.879028 -6.9229126 10.787092 34
20.415783 -7.8547859 12.068521 13
21.899534 -7.8906379 11.951458 12
16.756298 -6.9127951 11.446107 28
20.307055 -7.7986126 12.814898 17
22.066919 -7.9074392 12.896996 15
22.564589 -7.5242996 12.191452 67
16.904545 -6.5558906 11.425984 5
17.032686 -6.1890879 11.399745 4
19.055187 -5.888566 11.68907 5
21.467852 -6.0386786 12.202083 5
19.875244 -5.6563988 12.08137 6
28.762535 -7.3587885 16.181187 9
19.338894 -5.6464615 12.575634 12
26.765186 -6.9542255 16.096479 13
28.760288 -6.6516829 16.057886 10
31.667282 -6.445508 16.364763 17
25.041222 -6.7242203 16.10956 12
28.836901 -5.9725609 15.977872 12
25.219383 -6.1913562 16.09445 10
28.841072 -5.2729344 15.873381 11
25.305408 -5.6387463 16.029926 12
27.431837 -5.1928039 16.134941 14
28.884945 -4.5908194 15.809618 17
25.53299 -5.1120257 16.058418 17
27.649515 -4.5942335 16.162294 13
28.947903 -3.9081995 15.756063 15
25.755114 -4.5822368 16.089346 11
28.95335 -3.2265041 15.685237 21
25.796097 -4.0135174 16.017012 12
29.01218 -2.5475552 15.648662 15
32.734749 -1.8380487 16.436295 10
26.060852 -3.4449921 16.11694 12
28.134451 -2.7010777 16.218639 12
28.970497 -1.8283621 15.60259 23
26.200916 -2.895458 16.12212 11
28.157974 -2.0739982 16.169069 10
29.044104 -1.158903 15.595118 16
28.233957 -1.4377962 16.153887 11
29.03754 -0.48275304 15.555997 19
32.671284 0.55768806 16.358391 14
28.33676 -0.80535579 16.169056 12
29.094975 0.19599423 15.559044 18
26.596903 -1.1913049 16.152294 14
28.451183 -0.16800351 16.19051 12
29.138758 0.86973828 15.565116 20
26.771748 -0.62055534 16.199596 9
29.168846 1.5468044 15.561666 18
32.780994 2.9139392 16.412216 16
26.834782 -0.037203588 16.176336 14
28.662786 1.1223797 16.22941 12
29.153629 2.2272816 15.543727 22
28.666965 1.7693516 16.211781 12
29.239023 2.9237041 15.592028 15
28.7299 2.4284277 16.237148 12
29.249935 3.6099267 15.611857 13
27.02103 1.7402767 16.1712 11
28.710905 3.0807123 16.222885 13
29.268999 4.3109908 15.645054 18
27.167402 2.3468034 16.223742 10
29.305622 5.0076404 15.684247 13
27.128183 2.9416587 16.18137 9
29.319107 5.7093248 15.726714 11
27.05934 3.5395753 16.121838 7
29.416836 6.4402328 15.825914 13
29.492006 7.7037659 15.092772 11
27.157309 4.1624794 16.179012 9
27.066334 4.758945 16.12727 12
28.206511 6.302845 16.012838 11
26.625038 6.5150237 15.918992 9
26.457638 13.446713 15.305746 9
25.614178 14.57912 15.158051 9
23.722311 14.983635 13.798774 30
23.648849 11.186633 14.692236 9
23.3894 15.562941 13.807495 37
23.625929 11.838345 14.777772 8
23.68412 13.438611 14.575105 13
22.405045 15.671531 13.434831 29
23.673288 12.527766 14.919359 11
23.715584 14.173062 14.748393 12
23.432495 15.574774 14.411376 27
21.646187 15.890341 13.199224 36
23.735518 13.252975 15.077699 9
23.833361 14.985707 14.984392 9
22.299219 15.577625 13.911144 18
20.577618 15.867054 12.772069 30
23.563477 13.863445 15.100958 10
21.293514 15.619467 13.488245 24
19.67984 15.919106 12.44295 30
23.339394 14.444054 15.0996 9
20.548918 15.819049 13.220736 35
17.843735 15.150136 11.505703 43
21.385542 15.60001 13.968844 14
19.669464 15.880357 12.872903 24
17.586372 15.650743 11.56933 42
20.532436 15.7107 13.607136 21
17.846228 15.111581 11.89516 32
17.124687 15.968127 11.509492 38
21.894053 15.724802 14.637248 15
19.697083 15.806738 13.253478 31
17.580013 15.590012 11.936749 46
16.343155 15.96116 11.230389 36
20.621473 15.532838 13.965884 26
17.928936 15.07001 12.267527 23
17.177252 15.955632 11.892696 30
15.645024 16.012526 11.00792 44
19.846855 15.673601 13.62413 20
17.554964 15.461715 12.215853 31
16.392487 15.947495 11.587403 29
14.944225 16.023684 10.776379 51
18.135811 15.016895 12.63916 11
17.296186 15.950541 12.254821 27
15.698097 15.998433 11.342778 24
14.289376 16.051804 10.576542 63
17.624437 15.288258 12.47123 28
16.542488 15.986425 11.94653 25
15.000167 16.020491 11.088769 27
13.599385 16.018917 10.340725 53
17.469856 15.880474 12.561914 46
15.830676 16.019398 11.664428 29
14.352091 16.054659 10.86794 40
12.3216 15.225522 9.6455717 11
16.766087 15.96141 12.266708 27
15.14678 16.056431 11.401436 43
13.716996 16.075846 10.652205 41
11.811093 15.304012 9.5222044 59
16.051374 15.998312 11.961582 27
14.467905 16.052462 11.136583 25
12.368609 15.194182 9.8719931 8
11.620342 15.78835 9.6590471 54
15.326717 15.999179 11.645516 47
13.829905 16.079582 10.898815 36
11.88308 15.304687 9.7516403 57
11.145669 15.897952 9.5717478 60
14.641934 16.011143 11.35859 38
13.218828 16.10676 10.679165 38
11.649553 15.740868 9.8394413 57
10.620226 15.916403 9.4374914 70
13.996041 16.041183 11.095779 39
11.955334 15.280186 9.9211493 49
11.214799 15.905523 9.7671547 58
10.14957 16.004995 9.34727 51
13.371088 16.074274 10.847051 40
11.648148 15.627132 9.9358892 47
10.674479 15.916887 9.6048527 54
9.7346697 16.164755 9.3090849 38
12.108697 15.272624 10.072956 32
11.292216 15.905897 9.9146061 61
10.157222 15.925211 9.4556456 73
9.3089819 16.289377 9.2609348 36
11.684213 15.467074 9.9716053 39
10.755118 15.917104 9.737298 55
9.6868086 15.992647 9.3474665 44
8.9012108 16.437061 9.2307997 6
11.440639 15.899351 10.033218 50
10.236591 15.938673 9.5759058 55
9.2817259 16.148581 9.301178 48
10.887609 15.889513 9.8289099 59
9.7443304 15.961006 9.4317617 75
8.8720493 16.275204 9.2500935 35
10.374478 15.926748 9.6576309 53
9.285943 16.031429 9.3176279 44
8.4444532 16.373779 9.1830139 7
9.8464174 15.925947 9.4723969 50
8.8962088 16.212093 9.276474 51
9.3721418 15.984302 9.3332281 44
8.4786091 16.341677 9.2083492 19
6.2179942 15.474302 8.2620726 69
8.9983854 16.204981 9.2950315 35
7.0085907 16.257971 8.7942944 11
5.8124275 15.469913 8.1933832 86
8.5937595 16.375582 9.2308464 10
6.2421851 15.455152 8.2743807 69
5.6888885 16.23365 8.5308971 63
7.0448251 16.257526 8.7899599 11
5.8435693 15.478516 8.2040215 96
5.3060188 16.320263 8.5133123 91
6.2713833 15.457774 8.2569122 69
5.7070723 16.227369 8.5152903 69
5.8598189 15.464416 8.1650877 90
5.3261914 16.325212 8.4913416 105
6.3187523 15.446604 8.1901016 53
5.7154059 16.211214 8.4573259 58
5.8990211 15.461211 8.0832767 79
5.332047 16.321039 8.425456 101
3.7684011 16.546612 8.4361734 4
5.7525773 16.209011 8.3647652 43
5.3552737 16.303782 8.3098688 83
3.7666857 16.565388 8.3612976 3
1.1159998 16.591198 8.2978716 8
0.74226749 16.496906 8.246541 92
1.0628799 16.547611 8.1038036 22
0.352312 15.693627 7.8461213 29
0.68696296 16.545418 8.0872068 83
0.0033065595 15.698496 7.8496203 88
0.98589206 16.499935 7.8796444 75
0.28714779 15.694055 7.6588769 87
-0.34277439 15.72041 7.8690848 14
0.60393381 16.539751 7.8689051 89
-0.067855373 15.715917 7.6603026 84
-0.72396952 16.577477 8.3040695 101
0.20025316 15.700651 7.4502535 90
-0.43777949 16.560017 8.067276 100
0.48213321 15.724169 7.2425227 6
-0.16363491 15.685372 7.4248705 88
-0.81685197 16.592848 8.0806532 53
0.10241316 15.666825 7.184083 89
-0.55181056 16.598295 7.8387995 96
-0.27149603 15.680583 7.162478 18
-0.9439289 16.667158 7.859972 6
-0.67747539 16.552383 7.5344439 85
-2.1250443 16.724825 7.8805771 3
-3.3673692 16.854155 8.6340933 19
-3.7364457 16.787708 8.6460466 66
-3.5482237 16.890749 8.3408451 7
-4.1044445 16.719292 8.6600199 58
-4.465086 16.60792 8.6541681 72
-4.8389134 16.555647 8.6851044 71
-3.5693781 16.827374 7.614913 3
-4.801343 17.052387 8.5397177 3
-5.2281551 16.549704 8.7430811 99
-5.1425362 16.801893 8.462409 107
-5.6260395 16.543531 8.803894 77
-4.9945822 16.795233 8.0632305 67
-5.5731616 16.837667 8.5351868 121
-5.8369336 16.003656 8.588212 86
-4.8882589 16.909161 7.7109203 9
-5.4238915 16.794796 8.107913 110
-5.7094164 16.014 8.1778793 90
-6.2390866 16.009607 8.6660805 76
-5.2902102 16.765791 7.6769233 81
-5.6266904 16.104069 7.8223977 38
-6.1171002 16.009146 8.2400045 91
-6.9057708 16.660332 9.1023607 82
-5.6012559 16.375702 7.5314207 27
-6.0006537 15.981143 7.8094215 101
-6.7805972 16.641619 8.6296577 73
-7.3665218 16.750582 9.2369614 77
-5.8998837 15.960986 7.3808312 90
-6.7781601 16.867842 8.2986946 58
-7.2322087 16.662054 8.7146778 90
-7.8794131 16.917246 9.4243412 73
-6.6893368 16.853264 7.8384047 55
-7.3052454 17.018002 8.4375601 17
-7.6978774 16.7003 8.8179245 85
-8.3582449 16.973398 9.5587673 72
-7.7374406 16.930458 8.4643784 45
-8.1623983 16.708918 8.9072571 82
-8.8222303 16.985771 9.6721182 83
-8.1529493 16.797487 8.475049 55
-8.6528749 16.753664 9.0265856 83
-9.3126297 17.02664 9.8113298 76
-8.2250872 17.019896 8.0961542 6
-8.6103821 16.7328 8.5259218 67
-9.1984739 16.879688 9.1941099 73
-9.8038778 17.043749 9.941227 53
-9.110671 16.74169 8.6196585 83
-9.7682877 17.013287 9.3781309 92
-10.306812 17.064419 10.084087 67
-9.6419754 16.78199 8.7407742 89
-10.303744 17.053204 9.5188694 86
-10.847143 17.122438 10.258121 75
-9.809473 17.056322 8.3434811 28
-10.158614 16.788132 8.8327017 102
-10.851167 17.101749 9.6558571 68
-11.377393 17.147388 10.401495 66
-10.274514 16.906717 8.3668308 45
-10.744734 16.850595 8.9829388 81
-11.414045 17.128277 9.8067484 81
-11.714795 16.855383 10.378188 51
-10.803461 16.83379 8.4366426 68
-11.440547 17.054615 9.2184324 90
-11.653897 16.65719 9.6818838 73
-11.904737 16.36499 10.235952 78
-11.40084 16.862579 8.5625391 80
-11.668463 16.556816 9.07477 76
-11.984801 16.34795 9.6450882 75
-13.119302 17.260002 10.963363 58
-11.671898 16.397621 8.4441471 60
-12.096108 16.335165 9.0900383 69
-13.250732 17.262472 10.34651 61
-13.754287 17.314152 11.185219 62
-12.211222 16.306862 8.5263023 76
-13.380992 17.23144 9.739912 52
-13.88878 17.283411 10.533935 61
-14.40055 17.355915 11.407907 69
-13.52254 17.182463 9.1279583 67
-14.060972 17.267998 9.9293947 58
-14.57493 17.328903 10.747396 34
-15.046916 17.369234 11.624478 59
-14.265269 17.254129 9.3244019 55
-14.769594 17.303759 10.128014 75
-15.296854 17.387367 10.987689 40
-15.594193 17.238531 11.759946 41
-15.027838 17.31189 9.5293007 61
-15.525753 17.35607 10.35298 43
-16.029667 17.420406 11.221679 31
-16.291954 17.260807 12.006983 43
-15.827413 17.367102 9.7427759 43
-16.303783 17.400938 10.585491 33
-16.797308 17.465061 11.478952 47
-17.129856 17.391624 12.346298 43
-16.636652 17.398842 9.9604549 42
-17.129541 17.449923 10.842 82
-17.229137 17.133684 11.507807 48
-17.234962 16.769213 12.166029 54
-17.142937 17.085945 9.9998226 63
-17.161613 16.688974 10.599347 43
-17.558975 16.702761 11.46766 32
-17.930868 16.722406 12.402094 48
-17.512609 16.632582 9.9580126 61
-17.86499 16.589006 10.779642 79
-17.925821 16.303755 11.455391 70
-17.893156 15.989291 12.136329 47
-17.848766 16.14785 9.9032583 63
-17.887049 15.854327 10.557772 57
-17.955276 15.615957 11.242188 43
-17.920643 15.336556 11.925028 56
-17.893208 15.421193 9.7010612 58
-17.925097 15.156938 10.355703 66
-17.97333 14.944546 11.038211 41
-17.933105 14.700827 11.719868 39
-17.899717 14.685367 9.4911337 61
-17.932062 14.463848 10.150556 69
-17.974428 14.276419 10.829913 75
-17.996401 14.124891 11.5621 60
-17.915819 13.990459 9.3027735 74
-17.9562 13.804943 9.9650879 70
-18.014637 13.667562 10.660287 73
-18.041611 13.548112 11.396328 60
-17.937838 13.324805 9.1314259 83
-17.991613 13.181581 9.8030005 59
-18.018106 13.050069 10.480293 80
-18.055176 12.968505 11.223323 55
-17.894457 12.635028 8.9377518 81
-17.982256 12.545345 9.6265793 77
-17.238537 11.902325 9.8602343 4
-17.27739 11.858907 10.575154 48
-17.197485 11.525781 8.432971 89
-17.222031 11.428046 9.0650778 88
-17.276928 11.371627 9.727438 68
-17.319901 11.352052 10.444284 33
-17.80756 11.324901 8.583601 43
-17.955372 11.32345 9.2977848 68
-18.06369 11.326255 10.01947 128
-18.106781 11.329763 10.766273 87
-17.940186 10.81426 8.5110044 71
-18.039671 10.802657 9.2010689 77
-18.086382 10.785095 9.8889694 92
-18.111458 10.805614 10.627724 81
-17.99688 10.263273 8.4073601 89
-17.992441 10.217587 9.0465002 76
-18.107347 10.259953 9.7649736 89
-18.131313 10.299401 10.498824 81
-18.042013 9.7219391 8.3073864 95
-18.001453 9.6752758 8.9266815 90
-18.119499 9.7426519 9.6449966 82
-18.148525 9.8061085 10.378757 66
-18.075636 9.1771107 8.1991005 99
-18.020298 9.149354 8.812398 96
-18.146471 9.2337246 9.5307169 85
-18.18572 9.3272762 10.269371 81
-18.103748 8.6519785 8.107091 85
-18.03919 8.6418333 8.7132702 95
-18.170116 8.7454491 9.4325962 90
-18.187172 8.8467722 10.155568 76
-18.104771 8.1243935 8.0149555 93
-18.047867 8.1350536 8.6186314 111
-18.159105 8.2496176 9.3246298 104
-18.199202 8.3781652 10.052241 77
-18.125856 7.6177278 7.9340587 106
-18.110443 7.6662798 8.5559683 107
-18.153275 7.7626324 9.2206192 85
-18.220528 7.9250154 9.9610043 78
-18.135958 7.1137757 7.8530574 91
-18.130222 7.1874642 8.4782486 109
-18.143827 7.2889018 9.1261349 84
-18.22695 7.4744892 9.867485 94
-18.161463 6.6274586 7.7885547 99
-18.182943 6.7259998 8.4194403 117
-18.136431 6.8254838 9.0375366 99
-18.235426 7.0281343 9.7808685 90
-18.190971 6.1513982 7.7340269 86
-18.203344 6.2629294 8.3549929 118
-18.162056 6.3780432 8.9678812 111
-18.267134 6.6015611 9.7111197 85
-17.418436 5.4254618 7.3420801 109
-17.44788 5.5548725 7.9427752 112
-17.483541 5.7070818 8.5613174 122
-17.451138 5.890533 9.1991787 12
-18.224085 5.2060151 7.6234803 98
-18.096249 5.3064375 8.1739187 20
-17.557755 5.3055625 8.5330477 52
-17.503588 5.4953189 9.1505671 88
-18.226479 4.74089 7.5712276 98
-18.266016 4.9042382 8.1918335 120
-18.232641 5.0754366 8.7966223 111
-18.270508 5.3169041 9.483077 90
-18.258907 4.2849355 7.5362272 91
-18.274233 4.4592423 8.1421576 112
-18.259899 4.647665 8.748724 107
-18.308931 4.9112 9.4358921 92
-18.279428 3.8342693 7.5041814 81
-18.293177 4.0187039 8.1003532 126
-18.277786 4.2247858 8.7019949 116
-18.290787 4.4891644 9.3614111 94
-18.302181 3.3855488 7.4765158 109
-18.321316 3.5861015 8.0712347 121
-18.303881 3.8043272 8.6638422 117
-18.293602 4.0816779 9.3043852 92
-18.322151 2.9389319 7.4518952 100
-18.339729 3.1551898 8.041316 121
-18.335218 3.3904212 8.6338654 116
-18.299761 3.6758204 9.2535219 90
-18.344669 2.4980965 7.4337301 103
-18.384151 2.7272475 8.0251284 103
-18.386644 2.9814179 8.6166267 120
-18.300142 3.2736022 9.2044392 101
-18.355183 2.0570049 7.4186683 104
-18.376726 2.2981427 7.9930072 121
-18.385237 2.5623102 8.5774508 121
-18.323811 2.8785336 9.1710739 89
-18.371902 1.6159124 7.4064245 105
-18.388372 1.8730527 7.9748273 112
-18.401892 2.1522121 8.5521975 120
-18.328432 2.478416 9.128829 100
-18.398699 1.1808815 7.4041276 97
-18.41411 1.4469925 7.9645472 118
-18.430599 1.7441328 8.5399008 116
-18.349096 2.0863211 9.1015291 108
-18.419453 0.74485725 7.4049158 98
-18.419859 1.0249729 7.9523354 116
-18.439342 1.3351066 8.5196371 123
-18.357792 1.6932664 9.0732565 100
-18.436235 0.30685535 7.4087191 106
-18.477669 0.60495651 7.9659567 113
-18.458048 0.92405599 8.5064001 115
-18.375475 1.3021957 9.0519857 104
-18.458014 -0.1271591 7.4185181 98
-18.481384 0.17891349 7.9608173 103
-18.480762 0.51699448 8.5011492 116
-18.401146 0.90810573 9.0356979 99
-17.657444 -0.53840703 7.1026344 100
-17.689699 -0.23139642 7.6168947 32
-18.495468 0.10493374 8.4959402 120
-18.408823 0.51703376 9.0174704 100
-18.499617 -1.0031601 7.4511399 111
-17.697521 -0.635373 7.621675 107
-17.705784 -0.28934774 8.125947 90
-18.422615 0.12205283 9.0041962 103
-18.519535 -1.4420687 7.4739256 103
-18.531815 -1.0920579 7.9871769 117
-17.731623 -0.68135345 8.1336231 110
-17.722939 -0.2593331 8.6468163 77
-18.529772 -1.885038 7.5016227 101
-18.54401 -1.5211437 8.0049152 117
-18.546278 -1.126237 8.5112019 112
-17.754129 -0.64151466 8.6535206 82
-18.560623 -2.3330162 7.5383115 94
-18.569838 -1.9501219 8.0325909 121
-18.56806 -1.5422111 8.5248671 117
-18.481256 -1.0622799 9.0003557 111
-18.572479 -2.7788913 7.5720649 99
-18.596714 -2.381983 8.0632505 117
-18.589949 -1.9580564 8.5435057 111
-18.488113 -1.4621316 9.0000153 96
-18.60853 -3.2346663 7.6196995 105
-18.598675 -2.81779 8.0869837 120
-18.614883 -2.380908 8.5661278 118
-18.504972 -1.8660244 9.0056381 100
-18.622534 -3.6884813 7.6664214 93
-18.62866 -3.2606258 8.1276207 117
-18.620798 -2.8017662 8.5868225 114
-18.530876 -2.2699027 9.0212231 87
-18.640562 -4.1472845 7.718133 107
-18.69174 -3.711432 8.1901369 101
-18.638744 -3.2296085 8.6134777 105
-18.554804 -2.6767623 9.0398159 85
-18.668629 -4.6170702 7.7778211 107
-18.653654 -4.1472669 8.2110338 121
-18.663713 -3.6604779 8.6531191 111
-18.565672 -3.0856946 9.0584831 85
-18.695633 -5.0899558 7.8435402 105
-18.705732 -4.6071062 8.2766304 127
-18.698803 -4.0992641 8.6997442 111
-18.579735 -3.5024412 9.0781507 79
-18.540623 -5.5146484 7.8399096 38
-18.722851 -5.0688643 8.3303776 121
-18.712721 -4.538188 8.7404995 117
-18.607738 -3.9232452 9.1107883 98
-18.009926 -5.8164964 7.6785874 104
-18.55868 -5.4786439 8.3117666 41
-18.731888 -4.9868584 8.7871752 103
-18.627689 -4.3511386 9.1424408 98
-17.986994 -6.2783012 7.736455 85
-18.083969 -5.7915764 8.1541758 105
-18.698866 -5.4266911 8.8150311 92
-18.637688 -4.7779899 9.1751099 98
-16.945549 -6.3612275 7.3567476 32
-18.021978 -6.2254047 8.1870823 122
-18.042738 -5.6718802 8.5519419 119
-18.670692 -5.2211337 9.2225323 108
-15.965774 -6.4204316 7.0024939 32
-17.32926 -6.4344096 7.9339294 6
-18.086264 -6.13059 8.6243334 119
-18.089428 -5.4837971 8.9697886 67
-15.069563 -6.4689531 6.6806707 39
-16.050352 -6.3743129 7.4119062 28
-17.812981 -6.4774323 8.5491571 13
-18.094105 -5.9107494 9.0120192 110
-12.686633 -5.7892327 5.6876869 60
-15.219041 -6.4428873 7.0935969 33
-16.370998 -6.3712087 7.9115291 3
-17.831347 -6.2572207 8.922184 68
-12.537258 -6.0797553 5.6884074 78
-12.808929 -5.765274 6.0266237 66
-15.410827 -6.3920984 7.5038042 19
-18.172527 -6.8257151 9.1419525 2
-12.552692 -6.4514947 5.7685328 88
-12.543723 -5.9951959 5.961782 87
-12.976543 -5.7207742 6.3675098 36
-12.18422 -6.6205153 5.6762557 55
-12.563815 -6.3571572 6.0392623 87
-12.566462 -5.8772039 6.2196169 77
-11.601904 -6.6559715 5.4818492 71
-12.354054 -6.6055713 6.0096951 73
-12.56031 -6.2173009 6.2762365 85
-12.697461 -5.7360563 6.5059237 53
-11.079021 -6.6971288 5.3130341 53
-11.799076 -6.6568666 5.8099146 62
-12.554271 -6.5654211 6.3356805 85
-12.578236 -6.0141087 6.4936781 81
-10.545345 -6.7080841 5.135982 61
-11.259479 -6.6864858 5.6167426 63
-11.985544 -6.6080918 6.112658 69
-12.599237 -6.3649325 6.5569143 83
-9.8820515 -6.6062789 4.8934555 62
-10.766133 -6.7279773 5.4440947 62
-11.448038 -6.6456394 5.9042044 72
-12.35142 -6.5812368 6.4834452 56
-9.4366961 -6.6261129 4.753161 56
-10.279819 -6.7486882 5.274899 62
-10.978624 -6.7063847 5.7290306 70
-11.755687 -6.5970249 6.2257128 51
-9.0170355 -6.6451454 4.6240492 60
-9.8250074 -6.773025 5.1165366 62
-10.505231 -6.737298 5.5494685 63
-11.224315 -6.6237249 6.0012045 58
-8.6307688 -6.6675634 4.5120611 60
-9.1771832 -6.6332664 4.8588014 57
-10.037187 -6.7588501 5.3755693 60
-10.744987 -6.6624928 5.8085494 59
-8.2663126 -6.6925325 4.4075642 61
-8.7756195 -6.6472507 4.7244344 61
-9.6125355 -6.785841 5.2193189 66
-10.340319 -6.7284775 5.6522899 54
-8.0231409 -6.8014045 4.3657322 41
-8.4112539 -6.6731739 4.6079378 61
-8.9816742 -6.6398816 4.9485788 62
-9.9007587 -6.7534552 5.4750814 57
-6.9486079 -6.1586366 3.8608816 61
-8.0508718 -6.6831303 4.4913869 67
-8.6052151 -6.6598573 4.8141093 65
-9.476162 -6.7704611 5.3057981 61
-6.6403351 -6.1575847 3.7711053 59
-7.0393143 -6.1083908 4.0004067 17
-8.2518034 -6.6818285 4.6915517 64
-8.8602095 -6.628561 5.0250006 57
-6.4402699 -6.2474818 3.7440572 57
-6.7720857 -6.1483331 3.9255383 60
-7.8963881 -6.6928062 4.5649829 65
-8.5027418 -6.6585531 4.8884726 64
-6.4525671 -6.555284 3.843545 59
-6.5088167 -6.1783004 3.8526366 56
-6.9297485 -6.1341343 4.0768571 60
-8.152235 -6.6795845 4.7559109 59
-6.4629364 -6.8710747 3.9480715 62
-6.4510965 -6.4071283 3.9032927 58
-6.648603 -6.1510863 3.9840386 59
-7.0925231 -6.0679493 4.1990976 7
-6.5404282 -7.2818356 4.103508 61
-6.4694104 -6.7209439 4.0057964 60
-6.4494972 -6.2400265 3.9400148 55
-6.8613286 -6.1369147 4.1291656 61
-6.487792 -7.5606208 4.1842265 42
-6.4888129 -7.0527372 4.1153007 63
-6.423696 -6.4978895 4.0065579 55
-6.5809913 -6.1499276 4.0272889 59
-6.1835799 -7.5415902 4.1033816 9
-6.6454954 -7.5604529 4.3235397 66
-6.4801259 -6.8556943 4.1299367 59
-6.4650164 -6.3188577 4.0290017 58
-5.8773284 -7.5016274 4.0174332 16
-6.6618366 -7.9353166 4.4499712 66
-6.5473104 -7.2478085 4.2700591 69
-6.3184552 -6.4584904 4.012404 29
-5.8710437 -7.8590913 4.1415095 2
-5.8689599 -7.3102021 4.0265713 20
-5.9733033 -6.9143243 3.9872947 2
-6.5218716 -6.9729905 4.2277355 57
-5.6842093 -7.9761472 4.1415424 1
-5.8203759 -7.5899506 4.1086888 3
-5.8601885 -7.0951462 4.0096478 24
-6.6386008 -7.4278135 4.3970847 63
-5.325841 -7.8339071 4.0141182 30
-5.7098107 -7.8057384 4.152452 1
-5.9441609 -7.5378046 4.1759529 10
-5.8858237 -6.880075 3.9830024 20
-5.278821 -8.1545076 4.1225448 8
-5.4219093 -7.7666531 4.068222 7
-5.7102504 -7.5847077 4.1226916 4
-5.8461623 -7.1529121 4.0503893 4
-5.0778446 -8.2424259 4.1153483 7
-5.2217755 -7.8466234 4.0480795 27
-5.5742254 -7.7556581 4.1424632 2
-5.8785186 -7.533761 4.1768188 9
-5.8959637 -10.105557 4.9789963 29
-5.1445427 -8.1215849 4.1297541 11
-5.3234954 -7.7688117 4.0773878 36
-5.6487398 -7.581965 4.1187005 3
-5.6106572 -10.127677 4.9368992 55
-4.8260255 -8.0107698 4.0176387 16
-5.2124367 -7.9888554 4.1219711 5
-5.524601 -7.7800355 4.141315 3
-3.7631044 -7.1112895 3.4393051 47
-5.7638793 -10.109876 4.9968147 53
-5.0153451 -8.0738268 4.1006441 15
-5.2835107 -7.8038268 4.0758762 26
-3.5701849 -7.126009 3.4117968 46
-3.8614256 -7.0830746 3.466538 26
-4.8550262 -8.225769 4.1143618 5
-5.2051129 -8.0770226 4.1437116 9
-3.384516 -7.1452346 3.3916652 46
-3.6747231 -7.114316 3.440438 60
-5.6546049 -10.125968 4.9849496 59
-4.9181705 -8.0219774 4.0426302 18
-3.1957548 -7.1501799 3.3663495 46
-3.4808891 -7.1202583 3.4071648 59
-3.7898676 -7.1023149 3.4581757 44
-5.8423629 -10.070821 4.984271 36
-3.0167885 -7.1670523 3.3482862 44
-3.2970951 -7.1381068 3.3799911 55
-3.5965629 -7.1171503 3.4195259 61
-3.9331651 -7.0901775 3.4618018 2
-2.8336568 -7.176249 3.3302989 44
-3.108763 -7.1453738 3.3531332 57
-3.3998888 -7.1214976 3.3819156 56
-3.7310469 -7.1036263 3.4185488 46
-2.6535628 -7.1831698 3.3120258 43
-2.9246364 -7.1532993 3.3248796 55
-3.2107394 -7.1344218 3.3466928 57
-3.5388975 -7.1245532 3.3773549 46
-2.4745622 -7.1770811 3.2887361 42
-2.7486768 -7.176208 3.3056316 42
-3.0307672 -7.1553464 3.3184564 57
-3.3458741 -7.1404953 3.3361583 44
-2.3036191 -7.1909957 3.2764452 42
-2.5706768 -7.1851354 3.2833569 41
-2.8487363 -7.1692834 3.2892063 42
-3.1568024 -7.1544437 3.296936 44
-2.135673 -7.2119055 3.2691529 42
-2.3926728 -7.1820712 3.2580614 54
-2.6637006 -7.1682267 3.2559421 52
-2.9717553 -7.1703873 3.2627015 44
-1.9657228 -7.2168255 3.2568402 41
-2.2217052 -7.1979938 3.2427721 54
-2.488699 -7.1871605 3.2326736 52
-2.7866938 -7.179338 3.226454 43
-1.7997462 -7.2267466 3.2485173 41
-2.0496616 -7.2059321 3.224467 57
-2.3105881 -7.1871181 3.2033756 54
-2.5986094 -7.1763082 3.1862049 41
-1.6358776 -7.2366748 3.2422121 42
-1.8788342 -7.2078738 3.2061911 55
-2.1367486 -7.2000694 3.1821339 50
-2.4216628 -7.1962776 3.1589751 41
-1.4698573 -7.2446246 3.2349043 42
-1.7108991 -7.2188234 3.1929097 56
-1.9637879 -7.2070322 3.1598649 56
-2.2406754 -7.2042503 3.1287386 41
-1.3060583 -7.2435818 3.2255814 56
-1.5469228 -7.2367849 3.1845903 58
-1.7937865 -7.2239914 3.1425633 56
-2.0656538 -7.2192068 3.1024497 41
-1.0321702 -6.4700952 2.8792753 15
-1.3799706 -7.2327919 3.1692293 58
-1.6248562 -7.2369714 3.126246 58
-1.8856213 -7.2122355 3.0690958 52
-0.88618058 -6.4611006 2.8697517 71
-1.217943 -7.254775 3.1657739 59
-1.4554698 -7.2441669 3.1095252 55
-1.7129753 -7.2295918 3.0481899 55
-0.74471563 -6.4801712 2.8738339 83
-0.94874072 -6.4684234 2.8149157 70
-1.2874508 -7.2481742 3.0928504 60
-1.5418231 -7.2443309 3.0287406 58
-0.60182381 -6.4778152 2.8708444 81
-0.80457145 -6.4740086 2.8090243 73
-1.0113275 -6.4742036 2.7511837 30
-1.3710116 -7.2559071 3.0101109 58
-0.45823511 -6.4760318 2.8687825 86
-0.65800369 -6.4792838 2.8028796 77
-0.85981894 -6.4755106 2.7360058 70
-1.1975269 -7.2612743 2.9878917 58
-0.34354797 -7.2664576 3.21538 72
-0.51333451 -6.4912443 2.8013473 77
-0.7119962 -6.4764657 2.7244914 68
-0.92668962 -6.4867024 2.6536009 69
-0.18560569 -7.2763867 3.2209613 91
-0.36927706 -6.4951959 2.7988961 20
-0.56395507 -6.4874449 2.7180705 84
-0.77361351 -6.48769 2.6381385 76
-0.026265221 -7.2772293 3.2244337 98
-0.23883893 -7.2715554 3.1254666 88
-0.41654834 -6.49437 2.7113914 86
-0.62116599 -6.4876661 2.6224689 81
0.13180853 -7.2863226 3.2327561 104
-0.077739134 -7.280653 3.126806 89
-0.28830615 -7.2789717 3.0258613 83
-0.47004586 -6.4977937 2.6117692 93
0.29082674 -7.2904258 3.2400711 96
0.085257001 -7.2846813 3.1271982 99
-0.12234376 -7.2889214 3.0233321 91
-0.34302941 -7.288147 2.9112251 78
0.44959742 -7.2962317 3.2504711 114
0.24729823 -7.2965236 3.1326642 96
0.044006154 -7.3019009 3.0218399 95
-0.17043324 -7.3002872 2.9039421 89
0.61212331 -7.3113227 3.2651339 115
0.41264638 -7.304625 3.1373096 100
0.20979428 -7.297049 3.0154109 100
-0.00077059626 -7.302361 2.8935637 98
0.77175033 -7.3163762 3.2777653 108
0.57531291 -7.3096704 3.143959 102
0.37797084 -7.3048778 3.0155063 106
0.16954875 -7.310492 2.8887434 104
0.93347234 -7.3197422 3.2909122 107
0.73887205 -7.3221025 3.1550298 88
0.54396772 -7.3116164 3.017854 99
0.34128073 -7.314991 2.8808479 93
1.0985564 -7.3239498 3.3083899 118
0.9091379 -7.327322 3.1656284 102
0.71571571 -7.3107004 3.0208151 99
0.51827306 -7.3280602 2.8840489 106
1.261506 -7.3258209 3.324039 115
1.0751072 -7.3291969 3.1742918 103
0.88668692 -7.3295655 3.0295312 99
0.69122934 -7.3239589 2.8787394 107
1.4263167 -7.3267021 3.3407154 114
1.24491 -7.3410859 3.1890097 101
1.058511 -7.3264832 3.0312312 94
0.86709934 -7.3318715 2.8794684 105
1.5951362 -7.338582 3.3634186 108
1.4127787 -7.3329921 3.1966727 106
1.2333827 -7.3373799 3.0409563 104
1.0459993 -7.3417778 2.8822079 104
1.7649595 -7.3444672 3.3841159 105
1.5856154 -7.3438797 3.2143908 95
1.4102428 -7.3492761 3.0526922 100
1.2268873 -7.3496852 2.8859522 106
1.93576 -7.3523483 3.4088221 100
1.760448 -7.3507729 3.2311106 101
1.5861049 -7.3501811 3.0614052 101
1.4077971 -7.3565907 2.8906915 111
2.1135921 -7.374207 3.4415722 118
1.9393439 -7.3646455 3.2538459 89
1.7670224 -7.3560772 3.0731397 99
1.5926435 -7.3665037 2.8994687 110
2.2892785 -7.3771172 3.4673221 104
2.1170123 -7.3685765 3.2736161 90
1.9497482 -7.3670125 3.0899346 94
1.7765213 -7.367444 2.90523 103
2.4651048 -7.3750243 3.4920452 101
2.3017912 -7.3814921 3.2974126 96
2.1345427 -7.3749428 3.1077216 100
1.9663043 -7.3723955 2.9150333 100
2.6488264 -7.3889422 3.5258241 111
2.4876163 -7.3913984 3.324173 94
2.323391 -7.3808513 3.124486 97
2.161145 -7.3893104 2.9318378 100
2.8315959 -7.3908882 3.5565495 97
2.6743901 -7.3963723 3.3499191 106
2.5171843 -7.3938198 3.147258 104
2.3560274 -7.3912816 2.9435549 92
3.0184422 -7.3938012 3.5892034 94
2.8684502 -7.4052873 3.3784251 92
2.7145462 -7.4067774 3.1724849 97
2.5575161 -7.4021559 2.9607112 90
3.2068005 -7.3935685 3.6223354 22
3.0614171 -7.408145 3.4057667 93
2.9116869 -7.4077611 3.193167 101
2.7623198 -7.4171472 2.9829276 102
0.56654555 -1.4380649 0.73563743 2
3.1162374 -7.4175177 3.2215836 89
2.9691319 -7.422967 3.0039911 99
3.6038899 -7.4124637 3.7049215 80
0.55799162 -1.4562314 0.66240084 2
3.1774096 -7.4179454 3.0201583 45
3.8103082 -7.4254355 3.7507858 82
3.6732798 -7.4299088 3.5102179 79
3.5482132 -7.4563332 3.2917271 28
0.57209152 -1.4572963 0.62342775 4
0.7154333 -1.4979553 0.78908706 1
3.8891344 -7.4407659 3.5520785 81
3.7600982 -7.4462433 3.317544 80
3.6254301 -7.4434552 3.0777693 75
0.75351983 -1.4908005 0.79409975 9
4.1103907 -7.4484434 3.5935469 81
3.9814103 -7.4489679 3.3509037 80
3.8544283 -7.4524856 3.1082754 79
0.79657918 -1.4908638 0.80315357 20
4.3343229 -7.4535003 3.6380136 82
4.2133656 -7.4550214 3.3884063 82
4.0933609 -7.4665618 3.1428328 80
0.84058881 -1.4908991 0.81323224 26
4.5631137 -7.4544463 3.6816938 81
4.4490423 -7.4618573 3.4301009 80
4.3400016 -7.4793754 3.1816418 80
0.89253139 -1.5017321 0.82933968 27
4.8061776 -7.4712133 3.737488 82
4.6973476 -7.4768152 3.4779851 80
4.5884295 -7.4842973 3.2195351 55
0.93887097 -1.4998566 0.83955228 20
0.92803842 -1.5159874 0.79253548 0
4.9337821 -7.4610705 3.515887 90
4.8479085 -7.4914384 3.2606106 79
0.9907465 -1.5059458 0.85479993 9
0.97308517 -1.5089765 0.79887772 9
4.9578881 -7.1382937 3.4111152 70
4.9678845 -7.2913518 3.2156713 55
5.0322866 -6.6746712 3.74893 72
1.0275743 -1.5146811 0.81323302 20
4.9714894 -6.8221669 3.3073869 70
4.9792094 -6.9466085 3.1075368 52
5.2817483 -6.6947083 3.8231394 57
1.0818162 -1.5144694 0.82686031 20
5.131803 -6.6997552 3.3015444 75
5.0608191 -6.7082548 3.049269 70
5.5294199 -6.7014794 3.8921523 58
1.1387532 -1.5154217 0.84009194 19
5.3955569 -6.7115269 3.3596234 77
5.3365154 -6.7240539 3.1034245 76
6.4935031 -7.5150552 4.4365487 69
1.1985253 -1.51941 0.85638005 11
1.1987422 -1.5365144 0.80541241 2
5.6161413 -6.7348971 3.1606057 18
6.7851267 -7.5218029 4.5217481 70
1.267379 -1.5283844 0.87669665 0
1.259616 -1.5345105 0.81867725 12
6.6386518 -7.5606551 3.6082549 68
7.0995531 -7.5346179 4.6140814 66
7.0548286 -7.5422354 4.2929125 71
1.3275179 -1.5364777 0.83395761 18
6.9892478 -7.5784049 3.6857073 68
7.425045 -7.5473976 4.714417 71
7.3993411 -7.5580659 4.3873219 70
1.4023998 -1.5434861 0.8542679 19
7.3428574 -7.5802436 3.7600958 70
7.762599 -7.5531473 4.8147206 64
7.7609992 -7.5787129 4.4916434 66
1.479412 -1.5484208 0.87445021 12
7.734098 -7.5996675 3.8489153 67
8.1326952 -7.5773859 4.9335465 64
8.1137791 -7.5702419 4.5845461 63
8.133049 -7.6028128 4.2716651 66
1.5792086 -1.5734348 0.83890557 12
8.5009203 -7.5868697 5.0507336 64
8.519331 -7.5984659 4.7068205 58
8.5506668 -7.6230206 4.3829823 59
1.6661363 -1.5763459 0.85933626 20
8.8341532 -7.5471964 5.1435614 64
8.9373512 -7.6187406 4.8331461 63
8.9726305 -7.6313639 4.4963536 66
1.7581404 -1.5792433 0.88154614 17
9.0914431 -7.4362955 5.191617 59
9.375411 -7.6305776 4.9641438 67
9.3639584 -7.5941739 4.5920162 52
1.8729753 -1.5951436 0.91304046 3
9.4928808 -7.4289098 5.3192644 56
9.8408699 -7.6471186 5.1060553 71
9.9233007 -7.663682 4.7604127 67
9.9680042 -7.6460619 4.3913317 39
9.9616776 -7.4470596 5.4747529 56
10.265841 -7.6093993 5.2231107 52
10.45919 -7.688889 4.9138718 64
10.531748 -7.6765437 4.5399876 48
10.42221 -7.447947 5.6290269 53
10.587664 -7.4854994 5.2876024 58
10.860916 -7.598896 5.004734 107
10.906503 -7.5476084 4.6067214 78
10.85171 -7.4068761 5.7612648 103
10.855402 -7.3125701 5.3261218 62
10.835041 -7.212255 4.9038715 43
10.920406 -7.1739826 4.5270596 85
10.856688 -7.0722528 5.671648 87
10.889759 -6.9875884 5.2555313 88
10.962393 -6.9343114 4.8776326 59
11.070936 -6.8969064 4.5089555 55
11.069126 -6.8790898 5.6949263 52
11.332428 -6.9194279 5.3820481 53
12.631736 -7.5733995 5.5164113 44
13.200904 -7.7723656 5.2730532 52
13.091469 -7.7392302 6.6225948 48
13.313454 -7.7088804 6.2110419 51
13.378977 -7.5991325 5.7482052 47
13.741076 -7.6456585 5.3977232 41
13.799773 -7.7647066 6.881124 45
14.194093 -7.8005056 6.5237737 47
14.221591 -7.6437325 6.0140581 43
14.576012 -7.6535521 5.6344891 41
14.591508 -7.7996521 7.1687312 39
15.035851 -7.8264508 6.8075614 42
15.499792 -7.8680429 6.456368 42
15.617579 -7.7185473 5.9444275 33
15.414894 -7.8202105 7.4696507 39
15.968061 -7.8628426 7.1284885 34
16.516514 -7.9043026 6.7818127 39
16.731407 -7.7689734 6.2758274 60
16.365709 -7.8598833 7.8257403 26
16.766319 -7.7924609 7.3886304 105
16.803879 -7.562181 6.8083644 102
16.809446 -7.3159051 6.2239428 102
16.7026 -7.5875821 7.8907747 99
16.749998 -7.3334866 7.2906327 103
16.847172 -7.1183133 6.7457533 53
19.789099 -8.0377541 7.2243366 20
16.734528 -7.1740661 7.8133984 90
17.265114 -7.101686 7.4255528 17
20.378475 -8.0429859 8.0489225 18
21.376587 -8.0821714 7.7113433 19
19.828514 -7.9873428 9.1367416 22
20.881918 -8.037569 8.8654919 17
22.000004 -8.0903749 8.5862484 13
22.719995 -7.9618392 8.1014338 90
22.583929 -8.107501 9.4786711 59
22.678638 -7.7433691 8.75737 110
22.773787 -7.3662801 8.0381565 51
22.677097 -7.5714183 9.4217911 84
23.169516 -7.3062053 8.8545084 15
28.09214 -8.334692 9.8046064 34
22.641264 -7.4590001 10.101145 89
26.773184 -8.2648497 10.998075 15
28.575012 -8.2764196 10.802586 38
28.644823 -7.7425466 9.9072495 60
26.054201 -7.9632959 11.50095 10
28.509773 -8.1079903 11.599258 29
28.652552 -7.5865359 10.736917 42
34.500141 -8.4326239 11.816119 20
28.539227 -8.0509777 12.470431 53
28.743933 -7.4817295 11.590721 31
34.539886 -8.2781296 12.817622 54
46.771366 -6.7233438 15.584793 39
46.811821 -5.5807219 15.525024 34
46.789749 -5.5555787 16.796894 20
46.889324 -4.4389801 15.486144 38
46.750072 -3.292233 15.387402 46
46.949375 -2.171381 15.408984 55
46.988869 -1.032526 15.384917 42
47.05426 0.099346071 15.38597 42
47.056721 1.231274 15.372756 52
47.133045 2.3672132 15.393838 48
47.168674 2.1257527 16.586653 21
47.170212 3.5072782 15.40819 51
41.10318 0.29575583 16.53595 23
47.196484 4.6478095 15.432935 31
41.113178 1.1970651 16.476734 19
47.296993 5.804646 15.487006 23
41.194801 2.0960653 16.46129 18
47.273731 5.4689178 16.596302 18
41.197411 3.0071304 16.41395 17
41.512306 14.585483 14.203402 19
29.710443 14.620298 10.685143 27
28.855839 15.071187 10.502721 19
29.687386 14.89256 11.275916 32
27.673635 15.300096 10.201145 10
29.912453 14.366951 11.794533 10
28.232655 15.014836 10.829335 11
29.643641 15.088717 11.77466 29
27.025299 15.193954 10.48174 23
29.809618 14.39543 12.207227 15
28.490398 15.337312 11.418273 20
25.76697 15.2905 10.114767 12
23.68948 15.419106 9.1132898 54
29.63665 15.138315 12.212574 29
26.544806 15.090306 10.740778 8
23.737364 14.846533 9.4392567 37
28.328283 15.280663 11.758773 10
24.248749 14.531248 9.9166517 7
23.57202 15.51734 9.4967566 41
26.891966 15.308481 11.247452 18
23.704983 14.956151 9.79984 31
20.517296 15.537207 8.3062449 21
24.309546 14.574249 10.259957 8
23.497999 15.587546 9.8256741 34
19.708508 15.675779 8.1277027 36
23.728638 14.961661 10.104809 54
17.880383 14.929057 7.5247712 63
23.253496 15.412904 9.9963255 27
17.788855 15.57634 7.6387229 94
22.703737 15.797915 9.8571262 8
17.820955 14.984502 7.7779164 63
17.124876 15.729091 7.5103335 65
17.74362 15.636703 7.8864617 73
16.381424 15.774152 7.3500857 54
17.808193 15.031343 7.9899812 40
17.055079 15.749917 7.7292514 28
15.661926 15.808049 7.1953278 43
18.399776 14.747437 8.3021994 9
17.707996 15.638572 8.087903 88
16.300039 15.75978 7.5525942 52
14.963892 15.81399 7.0596089 58
17.834484 14.980529 8.1569176 42
16.997776 15.722702 7.9032149 39
15.584743 15.785926 7.38094 63
14.291475 15.832145 6.9191251 69
17.75555 15.616578 8.2361088 64
16.254601 15.752834 7.6994529 53
14.891421 15.80207 7.2143803 54
13.634032 15.841301 6.784709 75
17.063383 15.71369 8.0384798 45
15.543375 15.773964 7.507822 43
14.209055 15.805248 7.0508585 73
12.350307 15.054605 6.3285732 52
16.322115 15.743052 7.8176298 44
14.864963 15.799306 7.33219 67
13.576564 15.826546 6.9093909 83
11.856651 15.168857 6.260478 76
15.632977 15.787264 7.6187711 44
14.212673 15.829595 7.1643863 77
12.306997 15.046913 6.4349113 56
11.801415 15.843182 6.424263 87
14.928783 15.785608 7.4137135 58
13.582316 15.849934 7.0065856 72
11.848363 15.199234 6.3686538 62
11.291773 15.922495 6.3509259 87
14.300491 15.842853 7.242075 59
12.290837 15.038139 6.5023909 66
11.785173 15.85938 6.5178246 83
10.759156 15.94663 6.2629843 88
13.655163 15.84799 7.0615144 77
11.852093 15.211319 6.4320574 66
11.268526 15.922714 6.426651 83
10.237553 15.97008 6.1794305 82
12.369763 15.050433 6.543148 42
11.782017 15.861747 6.5652609 86
10.7339 15.94103 6.3223567 86
9.7317381 15.989374 6.1014295 98
11.893141 15.171784 6.4419322 58
11.264228 15.922342 6.4586825 107
10.212766 15.961896 6.2226057 101
9.2346478 15.998993 6.0250235 94
11.824779 15.828231 6.5616946 70
10.73676 15.948363 6.3466296 87
9.7156763 15.989496 6.1359124 101
8.7582397 16.027945 5.959938 90
11.329916 15.926209 6.4542489 80
10.200802 15.955046 6.2220621 99
9.2214441 16.011114 6.0462685 108
8.2890053 16.052191 5.8916779 97
10.782477 15.939528 6.3132043 86
9.7103424 15.995065 6.1264019 98
8.7391176 16.03352 5.9649386 104
7.8298697 16.072855 5.8356643 96
10.25964 15.958298 6.1923666 73
9.2122288 16.011063 6.0256228 105
8.2747002 16.055874 5.8922782 109
7.3800912 16.090733 5.782095 98
9.756074 15.982099 6.0785923 81
8.7275925 16.017908 5.9319391 105
7.8169737 16.078768 5.824666 103
6.5843 15.289255 5.4444442 8
9.2545605 15.994012 5.9639649 87
8.2706556 16.055216 5.8531852 103
7.3684459 16.096521 5.7594433 99
6.1971593 15.357372 5.4199114 79
8.7726192 16.015125 5.8610954 77
7.808073 16.07472 5.7708926 106
6.5753522 15.301093 5.4137549 11
5.8333201 15.480023 5.4169436 56
8.3000946 16.028679 5.7638154 81
7.3563471 16.085497 5.6924505 99
6.1750975 15.342513 5.3687601 99
5.6752176 16.163832 5.6118789 100
7.8410177 16.057974 5.6746316 73
6.5631151 15.289489 5.3423328 13
5.847764 15.554571 5.3886299 44
5.275867 16.207855 5.5888648 88
7.382935 16.065968 5.5844474 74
6.1670294 15.350508 5.2921205 106
5.6651049 16.183851 5.5501628 102
4.8682365 16.216787 5.5542808 92
6.5877166 15.280416 5.2275114 15
5.8564196 15.611532 5.3134327 45
5.2507639 16.197807 5.5014043 109
4.4736686 16.246843 5.5315876 105
6.1780081 15.31532 5.1598606 94
5.6470122 16.17778 5.4415908 103
4.8459096 16.217039 5.460228 112
4.0807118 16.27622 5.5102277 90
5.8728871 15.604723 5.1795373 40
5.2311497 16.199026 5.3853993 102
4.4480019 16.238062 5.4256382 108
3.6897805 16.284132 5.4869547 91
5.6544704 16.146933 5.2958713 100
4.8313098 16.219357 5.3507795 103
4.0561347 16.254759 5.4048967 109
3.3148577 16.310169 5.4891253 93
5.234767 16.159046 5.2313581 94
4.4285426 16.23848 5.3043265 105
3.6653078 16.27289 5.3744922 106
2.926985 16.316307 5.4697447 93
4.8220534 16.174162 5.1698713 94
4.0257645 16.257607 5.2608762 104
3.2754743 16.284021 5.3450999 109
2.5460956 16.318447 5.4543953 88
4.4223013 16.235287 5.1243973 83
3.6279795 16.263731 5.2174582 111
2.8875649 16.301191 5.3206673 117
2.1700628 16.329657 5.4449635 96
3.9944713 16.163492 5.043807 100
3.2330649 16.271946 5.1769137 107
2.5016704 16.2964 5.2921348 111
1.7931603 16.348888 5.4393735 98
3.5748043 16.095703 4.9680333 90
2.8392708 16.279221 5.1380634 104
2.1237872 16.323706 5.2772832 110
1.4202334 16.360205 5.4345546 105
3.1750369 16.104979 4.9191179 76
2.4534323 16.300514 5.1101871 107
1.7419118 16.337011 5.2584305 108
1.0502875 16.380484 5.435863 102
2.7792645 16.099176 4.8694749 79
2.0675988 16.313686 5.0796852 112
1.3660091 16.360157 5.2480798 106
0.6428749 15.675448 5.2000294 3
2.3873732 16.098282 4.8247352 96
1.6825351 16.344797 5.0585957 109
0.99014944 16.365564 5.2352128 110
0.28697896 15.586825 5.1694088 109
2.0015912 16.12565 4.7901878 81
1.2997544 16.360209 5.0364223 112
0.6120432 16.39776 5.2317533 135
-0.063130379 15.612107 5.1818352 134
1.6146837 16.16799 4.7632251 83
0.91644663 16.366657 5.0132661 108
0.21920435 15.588927 4.9664426 117
-0.43409494 16.466682 5.4662333 102
1.2276239 16.172163 4.7306457 100
0.4994266 15.551474 4.7456527 79
-0.13527822 15.58292 4.959456 45
-0.80460972 16.479031 5.4789701 102
0.83906102 16.189325 4.6994967 105
0.13387895 15.581927 4.7333026 103
-0.5206818 16.466764 5.2276511 120
-1.1806033 16.522312 5.4990897 102
0.42728427 15.588791 4.497735 106
-0.23705247 16.439634 4.9750838 102
-0.90073508 16.480114 5.2295156 117
-1.5600668 16.54355 5.5190425 103
0.053626791 15.577045 4.4690628 106
-0.62510866 16.45574 4.9674711 101
-1.2800462 16.49412 5.2361326 113
-1.9340984 16.551548 5.5377707 104
-0.32592142 16.247261 4.6368413 83
-1.0110686 16.480728 4.966125 101
-1.6660749 16.540138 5.2547569 114
-2.3101366 16.560583 5.5614944 103
-0.71881127 16.280357 4.6245337 70
-1.3985542 16.492928 4.9623885 102
-2.0511799 16.557419 5.2665491 110
-2.6947584 16.57789 5.5869069 106
-1.1099186 16.283472 4.6093154 91
-1.7921981 16.510893 4.9626775 103
-2.438355 16.578264 5.284399 114
-3.0795298 16.606695 5.6221404 108
-1.5058993 16.299326 4.5981059 90
-2.1858847 16.539761 4.9726162 108
-2.8277526 16.579149 5.2985091 109
-3.468019 16.634624 5.6592183 97
-1.9002566 16.310162 4.5911789 85
-2.5828195 16.564651 4.9825416 109
-3.2242119 16.612059 5.3253269 105
-3.8615732 16.647533 5.695055 97
-2.3006275 16.337107 4.5919414 85
-2.9880292 16.58865 4.9941397 108
-3.6192472 16.623133 5.3478374 113
-4.2591662 16.67893 5.7377987 77
-2.7071726 16.378263 4.5965815 76
-3.3915839 16.604868 5.0048223 102
-4.0248494 16.644417 5.3725219 106
-4.6592531 16.697027 5.7801971 101
-3.1161044 16.382277 4.5939727 89
-3.8016167 16.626078 5.0228224 108
-4.4359875 16.677917 5.4069457 110
-5.0574036 16.678524 5.8118148 98
-3.5321867 16.416643 4.6035523 102
-4.2187204 16.644299 5.0408401 102
-4.8501368 16.702904 5.4455843 101
-5.4565544 16.665504 5.8515668 88
-3.9578106 16.47084 4.6214776 109
-4.6363158 16.653528 5.060873 98
-5.2757635 16.731192 5.4845715 92
-5.5982141 15.889405 5.6248274 90
-4.3948507 16.521856 4.6429396 102
-5.072403 16.702566 5.0963435 103
-5.4792471 16.082678 5.3073812 29
-6.0035052 15.905162 5.6780276 90
-4.8471079 16.608559 4.6790309 106
-5.4554615 16.55208 5.0762048 62
-5.8321242 15.925417 5.2939172 95
-6.7465811 16.767658 6.0373855 92
-5.2984776 16.645004 4.7020488 96
-5.6571016 15.896297 4.9029717 94
-6.2365165 15.89492 5.3239946 2
-7.1932135 16.8011 6.1083307 86
-5.4796448 15.868765 4.5025563 73
-6.0640354 15.860414 4.9225531 79
-7.0386314 16.829569 5.6807241 90
-7.6482816 16.827347 6.1776252 83
-5.9015236 15.84891 4.5170364 92
-6.8559089 16.758062 5.2322879 106
-7.4947367 16.84066 5.7342434 97
-8.1086168 16.851259 6.2533989 103
-6.6847367 16.727976 4.7896695 74
-7.3282123 16.784872 5.2802138 106
-7.9559212 16.833601 5.7840228 113
-8.5827894 16.882401 6.334836 81
-7.1706395 16.75518 4.8258314 87
-7.8093405 16.8009 5.3266144 106
-8.4350386 16.852728 5.8483529 96
-9.0589685 16.888517 6.4102273 90
-7.6607108 16.772211 4.8611841 83
-8.3075085 16.835939 5.3839383 107
-8.9323568 16.882687 5.9217949 103
-9.5663872 16.935471 6.5066366 75
-8.17696 16.812124 4.909564 81
-8.8107777 16.855864 5.4413896 95
-9.4426699 16.906633 5.995213 102
-10.072507 16.957735 6.598918 82
-8.6979446 16.841307 4.958775 91
-9.3308229 16.883076 5.5076051 109
-9.9667816 16.938875 6.0804043 105
-10.597885 16.981737 6.6962399 93
-9.2371874 16.878263 5.0150275 76
-9.8631887 16.895924 5.5720191 90
-10.506363 16.968578 6.1679206 96
-11.130535 17.00141 6.7998424 92
-9.7827129 16.887884 5.0686464 77
-10.427755 16.944624 5.6544733 111
-11.071876 17.006384 6.2632966 89
-11.54883 16.827089 6.8300385 48
-10.358349 16.928436 5.1361823 89
-10.997392 16.971214 5.7359991 83
-11.518298 16.848913 6.2954721 59
-11.669579 16.22241 6.6869144 78
-10.940673 16.950314 5.2033749 87
-11.489794 16.850889 5.7734427 61
-11.628948 16.204414 6.1468468 93
-12.205076 16.215275 6.7939038 17
-11.429869 16.796213 5.2226868 85
-11.590185 16.169664 5.6200728 99
-12.19131 16.205378 6.243093 14
-11.57543 16.154911 5.0952096 78
-12.179601 16.176506 5.7073612 10
-13.505176 17.145527 6.7108574 24
-12.877603 17.095182 5.468678 48
-13.506889 17.104839 6.1316824 68
-14.181226 17.192741 6.8462181 6
-13.53612 17.087854 5.5517387 69
-14.199505 17.146561 6.2505507 71
-14.254571 17.129696 5.6585188 65
-14.910907 17.169527 6.3713036 63
-16.368242 17.44533 7.9973354 16
-15.005115 17.173315 5.7754917 53
-15.684354 17.234545 6.5165319 34
-16.941671 17.291187 8.0904341 70
-15.78944 17.209488 5.896399 52
-16.469183 17.272669 6.6647129 13
-17.030672 16.634588 7.9540014 81
-16.619152 17.257414 6.0349436 53
-16.944487 16.953415 6.6816921 75
-17.08923 16.517254 7.2627549 67
-17.700022 16.558163 8.0936756 93
-16.924942 16.745684 5.9800549 54
-17.271275 16.493196 6.6422839 39
-17.694286 16.343016 7.3504515 101
-17.750212 15.897763 7.9528403 58
-17.510923 16.498055 6.0294561 63
-17.685659 16.113855 6.6484232 64
-17.724312 15.641524 7.209897 77
-17.764072 15.225263 7.8083081 72
-17.656044 15.845119 5.9329638 61
-17.694775 15.373748 6.4994054 68
-17.746416 14.963472 7.0728168 75
-17.786152 14.582228 7.6702142 73
-17.690119 15.118124 5.8069611 68
-17.700787 14.667791 6.3674889 66
-17.752508 14.292449 6.9357891 71
-17.809387 13.968144 7.5440078 77
-17.69841 14.390984 5.6798825 73
-17.734121 14.00966 6.2502565 99
-17.783817 13.669353 6.8215566 88
-17.837696 13.373036 7.425746 83
-17.718729 13.707884 5.5677457 72
-17.75248 13.357522 6.1340547 92
-17.788254 13.047153 6.7013001 116
-17.844069 12.784896 7.3064823 80
-17.750067 13.052823 5.465517 84
-17.778681 12.738568 6.0318828 90
-17.81851 12.458161 6.5980287 93
-17.083179 11.68572 6.8843589 90
-17.762417 12.409771 5.3663254 82
-17.020908 11.600532 5.6748219 112
-17.066557 11.36616 6.21702 120
-17.173468 11.212824 6.8188696 46
-17.021759 11.285798 5.0512805 153
-17.256201 11.177359 5.6563201 33
-17.720882 11.239181 6.3567996 64
-17.891983 11.136555 6.9990673 125
-17.780266 11.182261 5.1890597 86
-17.845016 10.977872 5.7561016 127
-17.877766 10.783476 6.3172231 116
-17.899593 10.613117 6.9043646 107
-17.830841 10.616138 5.1175938 103
-17.859571 10.421744 5.6747293 108
-17.891308 10.247348 6.2318316 120
-17.924149 10.106986 6.818891 103
-17.856516 10.054963 5.0471177 103
-17.890245 9.8835602 5.6012139 124
-17.923992 9.7381611 6.1592813 116
-17.952831 9.619792 6.7433333 102
-17.872126 9.4978304 4.976728 116
-17.908922 9.3553705 5.5307536 127
-17.949682 9.2319536 6.0857668 113
-17.958519 9.1305704 6.6628585 113
-17.888866 8.958622 4.9142666 104
-17.925621 8.8351927 5.4622617 118
-17.965425 8.736762 6.0161901 119
-17.984304 8.661396 6.5931659 105
-17.917671 8.4394865 4.8616066 95
-17.960382 8.3380718 5.4066072 121
-17.991106 8.2556648 5.9546251 119
-18.000952 8.1932535 6.5226393 99
-17.931355 7.9223499 4.8071513 107
-17.966055 7.8389292 5.3481617 117
-18.026806 7.7885137 5.9020514 130
-18.021673 7.7391677 6.4598718 106
-17.95809 7.4183197 4.7593436 88
-18.012823 7.3659034 5.3042469 111
-18.064516 7.3255215 5.8501921 115
-18.037279 7.2911325 6.4003277 107
-17.994741 6.931293 4.7218575 87
-18.010544 6.8768511 5.2497082 116
-18.081347 6.8614058 5.7954593 104
-18.072151 6.8529921 6.3474889 106
-1.5367991 0.49455461 0.41008881 6
-18.071363 6.4237142 5.2169943 102
-18.095068 6.4072819 5.7469492 110
-18.084829 6.4168782 6.2929864 102
-1.5397916 0.45653331 0.40812349 1
-17.279198 5.6866307 4.9434276 27
-17.299942 5.6911192 5.4462385 66
-17.325697 5.7257137 5.9740477 49
-1.5268408 0.41453815 0.40116495 8
-17.312183 5.2565799 4.9125338 121
-17.34292 5.2781487 5.4133377 113
-17.334616 5.318718 5.9263 106
-1.5398974 0.38050652 0.40212879 3
-18.115713 5.0471816 5.1031389 136
-18.158333 5.0846667 5.6221275 127
-18.183132 5.1562381 6.1669874 99
-1.5468043 0.3444002 0.40117279 4
-18.136509 4.6021209 5.072495 113
-18.175245 4.6536312 5.5881639 121
-18.154018 4.7291594 6.1100049 110
-1.5467669 0.30843285 0.39921361 5
-18.156462 4.1580286 5.0443568 122
-18.190138 4.2277269 5.5549769 122
-18.170816 4.316524 6.0707016 113
-1.5556649 0.27328235 0.39905563 5
-18.180122 3.723541 5.0211048 121
-18.199814 3.8001242 5.5209236 122
-18.187557 3.9067297 6.0328155 110
-1.550586 0.23657745 0.3974151 5
-18.202347 3.2879148 5.0035763 119
-18.219959 3.3824477 5.497417 113
-18.200596 3.5020108 6.0013671 111
-1.55855 0.20157069 0.39743254 3
-1.5416571 0.20561232 0.4314824 0
-18.242735 2.9633923 5.4758487 111
-18.254408 3.1079497 5.9836507 99
-1.5625529 0.16655952 0.39745447 2
-1.5296439 0.1696 0.42655736 0
-18.258581 2.5522668 5.4552259 118
-18.236197 2.7028077 5.945137 107
-1.5525155 0.12955117 0.39352986 7
-1.5376521 0.13758704 0.42756733 2
-18.277439 2.1371212 5.4366078 109
-18.302107 2.3126471 5.9363346 109
-1.5535433 0.09453842 0.39356464 1
-1.5406708 0.1035781 0.42759141 3
-18.291315 1.7259927 5.4209547 114
-18.278008 1.9085312 5.9006863 105
-1.5676062 0.060532413 0.39654136 1
-1.5386919 0.069572344 0.42562646 3
-18.316198 1.3169537 5.4102712 118
-18.338842 1.5134405 5.8929462 92
-1.566587 0.024523176 0.39658421 1
-1.5446745 0.03656159 0.426644 2
-18.338028 0.90385532 5.4006662 100
-18.315712 1.1154253 5.8621364 109
-1.5695747 -0.010465687 0.3965517 1
-1.5466615 0.0025746967 0.42661425 3
-18.336906 0.49092206 5.3868413 96
-18.385521 0.72343081 5.8644323 87
-18.204668 -0.30606249 4.4621425 39
-1.5537068 -0.029425537 0.42860758 2
-18.37393 0.08585909 5.3899522 103
-18.353456 0.32734299 5.8377552 105
-17.542194 -0.71312058 4.3085227 48
-1.5517176 -0.063446805 0.42765254 2
-17.604046 -0.31321996 5.155901 15
-18.398323 -0.06572523 5.8360653 92
-18.28763 -1.1791636 4.5006509 34
-1.5486681 -0.09645021 0.42770183 0
-17.605976 -0.70629567 5.1512055 104
-17.620474 -0.44681048 5.5747924 83
-18.302706 -1.6181464 4.5167527 38
-1.5578407 -0.13143042 0.43066964 0
-18.388866 -1.1471889 5.3798375 98
-17.634542 -0.82676977 5.5689864 158
-1.5646852 -0.18552597 0.39966744 15
-1.5536968 -0.16555591 0.42969459 1
-18.417364 -1.5696933 5.3855047 99
-18.426907 -1.2652171 5.8100686 98
-1.5567175 -0.1995573 0.43172675 1
-18.422462 -1.98467 5.390358 101
-18.440964 -1.6662643 5.8067675 92
-18.437138 -2.6960962 5.0056291 100
-18.452528 -2.4054673 5.4042583 104
-18.461948 -2.0738034 5.8078418 94
-1.5775216 -0.2947143 0.4076308 1
-18.458057 -3.1295338 5.0289969 104
-18.50049 -2.832073 5.4274817 96
-18.474895 -2.4756081 5.8121243 89
-1.5745535 -0.33174264 0.40966627 1
-18.499081 -3.5764008 5.0603666 107
-18.523466 -3.2599473 5.4459028 88
-18.49983 -2.8894932 5.8205361 90
-1.5755715 -0.3687323 0.41269371 1
-18.540102 -4.0313144 5.0926714 106
-18.541439 -3.6908805 5.4642668 98
-18.50676 -3.3014483 5.8259254 102
-1.5865819 -0.40772682 0.41769415 2
-18.558096 -4.4842567 5.1260886 105
-18.567404 -4.1328382 5.4876456 92
-18.546711 -3.7244167 5.8442373 102
-1.5845816 -0.44572124 0.4207378 2
-18.543058 -4.937201 5.1496129 109
-18.581371 -4.5757895 5.5110621 100
-18.550634 -4.1483812 5.8526659 95
-1.5755745 -0.48171654 0.42080215 12
-18.600107 -5.4121289 5.1979179 116
-18.565325 -5.0137329 5.5285683 112
-18.573593 -4.581336 5.8710375 102
-1.5825894 -0.52272743 0.42682952 2
-17.912489 -5.6652079 5.0395207 105
-18.576256 -5.4648657 5.5581222 115
-18.591478 -5.011549 5.8905888 106
-1.5876077 -0.56379235 0.43189541 1
-17.921434 -6.1193838 5.0821195 113
-17.930573 -5.7130361 5.3916383 101
-18.600361 -5.4496469 5.9101319 107
-1.5915931 -0.60580736 0.43793654 1
-16.909542 -6.2093668 4.834599 22
-17.935507 -6.1580029 5.4251556 113
-17.911579 -5.6766748 5.7086987 106
-15.517254 -6.4855084 4.2163301 7
-15.962575 -6.2822347 4.6026368 48
-17.359787 -6.3969073 5.2841506 32
-17.923336 -6.1106515 5.7351017 103
-4.7898808 -2.118808 1.3250628 0
-15.055753 -6.3264799 4.3830309 46
-15.89335 -6.2692404 4.8692126 36
-17.446718 -6.3789439 5.6042266 24
-4.6957827 -2.2099221 1.3145276 2
-13.082016 -5.8527217 3.8479853 1
-15.008432 -6.3095193 4.6321535 57
-16.471657 -6.435173 5.315484 37
-12.434978 -6.2574267 3.5121114 96
-4.7903566 -2.2590513 1.4277358 0
-12.958954 -5.7877817 4.0313344 34
-15.122615 -6.2887845 4.9035773 38
-12.45304 -6.6384287 3.5657549 105
-12.450711 -6.266305 3.7413654 108
-12.461356 -5.9011946 3.9089425 96
-13.049538 -5.7570772 4.257834 15
-12.88936 -7.2605686 3.7468383 20
-12.479692 -6.6424112 3.7945144 112
-12.460297 -6.2452722 3.9441249 98
-12.528966 -5.8551416 4.1134534 70
-12.63216 -7.5085783 3.7307141 33
-12.664825 -7.1204376 3.8991621 53
-12.47426 -6.60531 3.9862278 109
-12.477838 -6.1691933 4.1227303 101
-12.612151 -7.9005885 3.7859399 9
-12.334524 -7.3094587 3.8472238 7
-12.624354 -7.0533447 4.075953 100
-12.488775 -6.5182414 4.155827 113
-12.94243 -8.5386066 3.9512277 42
-12.086308 -7.5424595 3.8220365 2
-12.664374 -7.4523439 4.1329498 94
-12.432689 -6.8412361 4.1700621 67
-4.3815064 -3.0073581 1.366201 15
-11.929214 -7.8274074 3.8275416 5
-11.746579 -7.270165 3.8768392 3
-12.68486 -7.3470197 4.289969 86
-4.2293439 -3.0472677 1.3439056 58
-4.3425999 -2.9632375 1.418455 25
-11.523258 -7.4931364 3.8500314 2
-12.709779 -7.7390518 4.337348 88
-11.839639 -9.050292 3.8254902 2
-4.2665029 -3.0522399 1.4157826 13
-4.3497252 -2.9382138 1.4743804 4
-11.414525 -7.2940931 3.9331031 7
-11.399335 -9.1432734 3.7589152 9
-12.782919 -9.7032032 4.3058782 93
-4.2845812 -3.0352008 1.4726745 1
-12.78896 -10.759876 4.3090649 85
-12.811682 -10.198668 4.3931389 85
-12.79408 -9.6066084 4.4536242 97
-4.3035231 -2.9945309 1.5155278 2
-12.816346 -11.302664 4.4151812 59
-10.951124 -9.123476 3.8263743 5
-12.516898 -9.8485117 4.4223413 71
-10.855681 -7.9965463 3.8636749 3
-1.5085443 -1.3304276 0.53389764 5
-10.623449 -9.2712517 3.7814431 8
-12.19106 -10.046477 4.3740354 5
-12.704639 -9.8088303 4.5751257 73
-6.4563866 -6.2161536 2.3304842 79
-1.5184339 -1.3254633 0.55246961 4
-10.545934 -9.0882874 3.8478594 3
-12.15078 -9.8173809 4.430809 64
-6.3820157 -6.4324188 2.3612084 57
-6.5032668 -6.1924338 2.4116488 67
-1.5295802 -1.3178358 0.5678035 2
-11.854741 -10.014095 4.3835669 8
-6.4061193 -6.759397 2.4333448 58
-6.3852129 -6.3593998 2.4221771 79
-6.5805616 -6.1764216 2.4863641 30
-11.636735 -10.27799 4.3653936 7
-6.4154353 -7.0923443 2.5034289 63
-6.4075823 -6.6783457 2.4871764 80
-6.3953552 -6.2755346 2.463526 76
-1.5072018 -1.3281746 0.57282132 2
-11.091365 -12.915719 4.454298 59
-6.4174552 -7.0024557 2.5512168 82
-6.3984632 -6.5674596 2.5161371 76
-6.4565063 -6.2014842 2.4997706 73
-10.780289 -13.15055 4.46102 4
-6.3754969 -7.2854161 2.5997159 3
-6.4085045 -6.8834505 2.573355 83
-6.4034414 -6.4324884 2.5220971 57
-11.349119 -14.531535 4.84588 25
-10.724373 -12.90157 4.4950466 86
-6.3985538 -7.1934357 2.6275699 45
-6.4154935 -6.7384772 2.573231 59
-11.021053 -14.797452 4.8601489 23
-10.389218 -13.095503 4.4773002 8
-10.888642 -12.881593 4.5824323 91
-6.4255528 -7.0604615 2.6263788 62
-10.728271 -15.10788 4.9021363 22
-10.980383 -14.507997 4.8816657 23
-10.444647 -12.9322 4.512866 77
-11.112115 -12.837297 4.6475139 99
-10.379174 -15.352819 4.9153519 38
-10.669232 -14.78195 4.8908215 33
-10.148389 -13.160172 4.500998 4
-10.645577 -12.865298 4.549077 94
-10.057925 -15.634724 4.9427404 53
-10.370208 -15.081018 4.9106274 35
-10.717793 -14.575478 4.8863463 24
-10.296033 -13.030709 4.5012541 27
-9.6114492 -15.716085 4.909122 108
-10.07465 -15.38716 4.9333329 31
-10.45375 -14.908299 4.9073639 21
-10.884832 -14.443581 4.874814 17
-9.1608133 -15.782375 4.8720269 95
-9.7538013 -15.668933 4.9464664 95
-10.168961 -15.235195 4.9177208 27
-10.656781 -14.822628 4.8938208 32
-1.4337631 -2.4671342 0.7795949 5
-9.3298407 -15.77458 4.9099364 109
-9.9067507 -15.595059 4.947823 46
-10.397581 -15.177919 4.9044757 24
-1.3919346 -2.5236468 0.7890119 150
-8.8613224 -15.786761 4.8464026 102
-9.5245676 -15.755954 4.9161024 98
-10.155667 -15.554171 4.9268088 51
-1.3178819 -2.518636 0.78027159 25
-1.4068958 -2.4996669 0.78395528 58
-9.0483265 -15.764843 4.8417335 106
-9.7555895 -15.70105 4.8781981 112
-1.2529639 -2.5286531 0.77748501 16
-1.3610424 -2.5496955 0.79011708 83
-1.421054 -2.4707377 0.77385449 14
-9.2856922 -15.72505 4.7929158 107
-3.2760537 -7.3687625 2.1872036 41
-1.278554 -2.5260122 0.7743907 46
-1.3825794 -2.5330522 0.78108543 124
-7.7119465 -13.737851 4.1180396 16
-3.0789912 -7.3637099 2.1702123 38
-3.3459873 -7.3527904 2.1732755 40
-1.3054986 -2.5210578 0.76739639 48
-1.4034703 -2.4990923 0.76104212 29
-2.8898704 -7.37468 2.158864 38
-3.1548591 -7.3707614 2.1569369 40
-1.2494439 -2.5500493 0.7656042 5
-1.3544284 -2.5430837 0.76223427 38
-1.1767759 -3.0649438 0.90916681 4
-2.9637642 -7.3747277 2.1385839 38
-3.2297103 -7.3518186 2.1226432 39
-1.2783548 -2.5320764 0.747486 43
-1.1017385 -3.0699301 0.90642279 50
-2.7766755 -7.3826933 2.1222191 37
-3.0456131 -7.3757858 2.1052775 38
-3.3375206 -7.3538909 2.0782475 41
-1.0226892 -3.0569177 0.89868128 43
-1.129657 -3.0609548 0.89131033 54
-2.8565059 -7.3877535 2.0839164 38
-3.1413844 -7.357862 2.0479045 40
-0.91055894 -2.9229138 0.85697949 22
-1.0485988 -3.0449419 0.88057137 150
-1.1565527 -3.0489817 0.86919719 51
-2.9532676 -7.3788309 2.0245419 39
-0.88263053 -3.0878851 0.89916402 59
-0.89537346 -2.7769487 0.79993325 30
-1.0865115 -3.0689669 0.86644137 79
-1.1934298 -3.0410142 0.8420521 37
-0.80859333 -3.08287 0.89540654 38
-0.89850157 -3.0429151 0.86706978 83
-0.92427438 -2.781991 0.7798419 12
-0.97411215 -2.6190581 0.71958899 190
-0.73857492 -3.0968945 0.89669967 35
-0.84051275 -3.1029055 0.87938964 58
-0.85424048 -2.7749431 0.77218723 150
-0.86899894 -2.4929738 0.67800635 89
-1.436335 -7.2842898 2.0609477 76
-0.75947636 -3.071789 0.86579758 66
-0.73510772 -2.5659013 0.71058911 165
-0.80801004 -2.4929724 0.67130619 61
-1.2714558 -7.2982612 2.060729 111
-0.66144162 -2.92889 0.82310617 9
-0.65910864 -2.4970019 0.68685269 71
-0.75005603 -2.5100644 0.66756296 23
-0.99403554 -6.4903927 1.8333446 27
-0.52021366 -2.5000381 0.7043578 24
-0.60013551 -2.4980764 0.68208575 64
-0.70509362 -2.574106 0.67677927 11
-0.84805238 -6.4983821 1.8338765 108
-0.46418378 -2.504034 0.70254433 46
-0.54410076 -2.5120687 0.68027776 35
-0.65106666 -2.6120961 0.67898011 9
-0.700019 -6.4983568 1.8323568 108
-0.40715188 -2.507026 0.70073217 66
-0.48907709 -2.5370588 0.68247324 17
-0.59604299 -2.6520858 0.68218517 8
-0.55538619 -6.5075254 1.8333328 108
-0.34955287 -2.5071115 0.69877076 64
-0.43549672 -2.577136 0.68852657 11
-0.54146099 -2.7011595 0.68824613 8
-0.21963024 -2.5130606 0.72821194 0
-0.29352185 -2.5090938 0.69696629 61
-0.37947828 -2.6101148 0.69273949 9
-0.48344013 -2.7451377 0.6924718 8
-0.16461343 -2.5250401 0.73140955 4
-0.23749919 -2.5170739 0.69816512 61
-0.32346568 -2.6470923 0.69895434 9
-0.42341039 -2.7701175 0.69269317 7
-0.10858761 -2.5190217 0.73060024 12
-0.1814789 -2.5300539 0.70036656 45
-0.26545343 -2.6820695 0.70517445 10
-0.36339998 -2.8260932 0.70093149 8
-0.054567639 -2.5180018 0.73078972 18
-0.12545937 -2.5310328 0.69956654 34
-0.20544943 -2.7090428 0.7094059 11
-0.29434872 -2.7780743 0.68415481 13
0.0014313068 -2.5219762 0.73399681 21
-0.069455653 -2.5420077 0.70177764 25
-0.14344442 -2.7320161 0.71164507 10
-0.22729333 -2.7160578 0.66536283 40
0.05743584 -2.5219531 0.73520172 24
-0.011455399 -2.5539827 0.70499623 22
-0.083433725 -2.7369919 0.71086782 9
-0.16426547 -2.7060368 0.65858668 76
0.11243711 -2.52193 0.73740339 27
0.046544973 -2.5709596 0.70921445 17
-0.020426465 -2.7549722 0.71409708 8
-0.10223234 -2.7000253 0.65379155 93
0.16945074 -2.525919 0.74059021 26
0.10458559 -2.5849299 0.71344799 16
0.043648425 -2.7769229 0.71740085 8
-0.040112939 -2.6989655 0.65011603 109
0.85920542 -7.3718162 2.1090913 122
0.16470826 -2.5938392 0.71680874 17
0.1057741 -2.7628529 0.71272755 14
0.022977324 -2.7039154 0.64841151 115
1.025268 -7.3787236 2.1197455 124
0.82573217 -7.3668647 1.9800681 121
0.16581608 -2.7288465 0.70389181 16
0.086005464 -2.7048998 0.64660317 119
1.1942784 -7.382647 2.1291714 124
0.99477232 -7.3737545 1.9854001 126
0.79626083 -7.3618588 1.8426316 83
0.14905949 -2.7047157 0.64355421 42
1.3643217 -7.3964696 2.1433301 122
1.1688274 -7.3876042 1.9926839 130
0.97031713 -7.3817372 1.8470297 125
0.75884891 -7.3458824 1.6863148 38
1.5343299 -7.3973961 2.1559107 128
1.3408537 -7.3945341 2.0002749 125
1.1463572 -7.3906784 1.8496195 125
0.93988127 -7.3938336 1.6929206 117
1.7073286 -7.4023595 2.1684377 122
1.514858 -7.4015126 2.0097823 123
1.3213801 -7.398664 1.8531228 124
1.1179229 -7.4008212 1.6904337 117
1.8823124 -7.4093404 2.183938 122
1.6928593 -7.4134946 2.0202959 125
1.5014026 -7.4066491 1.8566411 120
1.2979596 -7.4018073 1.6889484 116
2.0602608 -7.4152527 2.1996369 121
1.870778 -7.4173183 2.0302582 120
1.6833328 -7.4234695 1.8646194 120
1.4819078 -7.4196281 1.6919289 117
2.2391858 -7.4241147 2.2184079 125
2.0537724 -7.4272709 2.0427742 109
1.8643471 -7.4244251 1.8701243 108
1.666944 -7.4215856 1.690449 119
2.4211617 -7.4320655 2.2369153 121
2.2357688 -7.4302239 2.0542796 106
2.0483451 -7.4234071 1.8745723 119
1.8549136 -7.4346032 1.6948125 115
2.6040509 -7.4351492 2.2551508 116
2.4216578 -7.4373131 2.067522 96
2.2412522 -7.4464498 1.8869699 107
2.0458705 -7.4435959 1.6983625 115
2.7959702 -7.447082 2.2778707 114
2.6126053 -7.4482279 2.0843046 107
2.4283981 -7.4413586 1.8937231 107
2.2380557 -7.4465475 1.7022192 101
2.9861219 -7.4520383 2.299809 109
2.8039513 -7.4482417 2.0982254 110
1.0001708 -3.025501 0.79266888 5
2.4394069 -7.4605856 1.707958 107
1.0519353 -2.6334672 0.84062481 23
1.0163771 -2.6984751 0.78558654 9
1.0255039 -2.886539 0.76173049 10
2.640975 -7.4643598 1.7136816 100
0.57068044 -1.4577432 0.48322633 7
1.0711156 -2.8125789 0.74761575 37
2.8389506 -7.4597449 1.7189401 96
1.1802406 -2.6135356 0.85014689 89
0.57432836 -1.4569151 0.44543225 1
1.071941 -2.7976456 0.66794986 18
1.2482722 -2.6074808 0.85740948 85
1.1825436 -2.5955501 0.77617997 59
0.55162364 -1.4709675 0.36835977 2
1.3102845 -2.5874238 0.86052465 30
1.2545534 -2.5954432 0.78327805 70
1.3156735 -2.8333943 0.76855981 9
1.2299893 -2.7944305 0.6731838 9
4.2273083 -7.4985561 2.4628375 99
1.3235798 -2.58529 0.78730017 24
1.3927013 -2.8232777 0.77167225 9
1.310012 -2.7903512 0.67738026 20
4.4602404 -7.5224428 2.5006361 88
1.4065768 -2.5962436 0.79958415 16
1.4747167 -2.8182411 0.77693641 9
1.3930333 -2.7873268 0.68063575 25
4.687181 -7.5173807 2.5303285 82
1.4855802 -2.5952392 0.80780196 8
1.5537298 -2.8052442 0.78113973 9
1.4810467 -2.7893262 0.68587804 28
4.9290924 -7.5323343 2.5690432 110
1.5685782 -2.5992379 0.8180297 3
1.6327429 -2.7922475 0.78534257 9
1.574055 -2.7973232 0.69313967 29
4.9812126 -7.2613301 2.5121424 54
1.7713726 -2.7740498 0.88206983 24
1.7076902 -2.7671239 0.78684151 7
1.6639894 -2.7941873 0.69970012 31
4.9913387 -6.9552736 2.4431975 51
1.8094153 -2.7000444 0.87009662 38
1.7866905 -2.750097 0.79203832 9
1.757987 -2.7931547 0.70695603 33
5.0744314 -6.7552819 2.4102359 82
1.9103878 -2.7120061 0.8863824 41
1.8487058 -2.7030928 0.78814459 11
1.8559633 -2.7951584 0.71417576 35
2.690269 -3.4966609 1.2812645 2
2.0023274 -2.7090564 0.89755076 66
1.9206743 -2.6721332 0.79027712 14
1.9519367 -2.7871623 0.72045916 38
2.7622716 -3.4306509 1.2775024 8
2.1242764 -2.7350042 0.92002958 72
1.9947784 -2.6380913 0.79155993 24
2.0550489 -2.7841499 0.72992224 88
10.853703 -12.497646 4.6566577 11
2.2374158 -2.7450585 0.93766552 60
2.0940382 -2.6351988 0.8020277 33
2.1742923 -2.797215 0.74239016 100
7.0134254 -7.7796178 2.9621458 21
6.8849049 -7.7935328 2.6518121 28
2.2032552 -2.6401377 0.81644398 68
2.2835736 -2.7900405 0.75177187 64
10.887501 -11.494835 4.4443541 8
7.0531955 -7.6330023 2.6437075 27
2.2858367 -2.6112444 0.82146877 30
2.4110253 -2.8023491 0.76601398 52
7.6804829 -7.8040738 3.0859554 1
7.4435997 -7.6974177 2.7171018 2
2.3957512 -2.6072767 0.83469284 24
2.5769193 -2.8473816 0.79142857 116
7.9582543 -7.7392993 3.121604 5
7.7762752 -7.6867537 2.7661042 3
2.5215077 -2.6156304 0.85213375 12
2.7017548 -2.8405192 0.8037762 106
8.2569904 -7.6873012 3.1673651 25
8.1850138 -7.7305522 2.8412004 1
2.6515117 -2.6173356 0.86934531 4
2.8667195 -2.8640804 0.82491446 101
8.631505 -7.6821294 3.2340958 64
8.5144053 -7.6778603 2.8826556 40
8.5195198 -7.7808914 2.5788124 43
2.8895502 -2.7505527 0.81003076 80
9.0390806 -7.6973495 3.3163509 63
8.9472389 -7.7035637 2.9590495 72
3.1370783 -2.803345 0.96984947 20
3.113493 -2.8153498 0.84677684 8
9.3890734 -7.6478233 3.3754671 65
9.3892288 -7.719924 3.0375054 82
9.3264561 -7.7439623 2.6882925 76
3.1743984 -2.7332578 0.84197164 10
9.9365053 -7.7376428 3.5013788 62
9.8718348 -7.750699 3.1281726 66
9.7991152 -7.7577677 2.7629206 61
3.2685132 -2.6779916 0.84618968 13
10.421685 -7.7547364 3.6028507 62
10.366082 -7.7643738 3.2183044 66
10.327922 -7.7874207 2.8512359 65
3.4164364 -2.6586127 0.86252111 39
3.6354272 -2.687067 0.89514178 13
10.932513 -7.4153376 3.644578 15
10.938766 -7.4405437 3.2656398 13
10.951991 -7.4777346 2.8997278 93
3.9253278 -2.74652 0.94197762 56
2.4873116 -1.6759653 0.86972088 0
10.963058 -7.1024604 3.2168951 96
10.972584 -7.1196108 2.8507166 97
4.487339 -2.969408 1.048066 38
2.6054919 -1.6700103 0.89415425 12
11.400214 -7.0251646 3.2870872 65
11.436819 -7.0439658 2.9172843 60
11.425206 -7.0339913 2.5281961 54
2.7546372 -1.6777829 0.92666358 8
13.468475 -7.8698173 3.806772 72
13.522901 -7.8880038 3.3789437 61
14.177276 -7.9007921 4.4202332 44
14.258645 -7.9082742 3.9655194 48
14.34903 -7.9286313 3.5257905 55
6.2182589 -3.4641988 1.3565556 1
14.974637 -7.9219189 4.5974221 46
3.1222932 -1.6994009 0.90668374 8
15.260371 -7.9709468 3.6886747 54
15.425751 -8.0012321 3.2249858 45
15.886804 -7.9619694 4.8032813 33
3.3250766 -1.709355 0.94823939 9
16.277824 -8.0064459 3.8667243 46
16.508657 -8.045023 3.3896458 45
16.811771 -7.9615412 5.0047312 111
16.897736 -7.9071512 4.4801164 114
16.912968 -7.8296394 3.9581144 100
16.915781 -7.7388167 3.4217622 104
16.868782 -7.5410538 4.9565067 111
16.918465 -7.4573092 4.4286089 112
3.8988106 -1.7451715 0.94676876 8
16.944845 -7.2616172 3.3815906 83
17.135775 -7.2185192 4.9711986 30
17.474318 -7.2314081 4.5132995 13
4.2116532 -1.7617624 1.0047698 7
20.106276 -7.956244 5.7525024 20
21.142643 -8.1949205 5.3848362 18
21.688469 -8.2356529 4.8666315 19
21.638689 -8.0192814 6.1131544 23
22.794352 -8.23773 5.7304502 78
22.834225 -8.0611029 5.0622697 118
5.0345626 -1.775811 1.0095769 8
22.782219 -7.8772125 6.362885 116
22.823521 -7.6718135 5.6763039 104
22.934837 -7.4936872 5.0282636 36
26.776581 -8.4857044 5.0686369 15
23.161617 -7.4458618 6.3877792 27
26.432749 -8.2085133 6.4832554 15
27.896265 -8.3763771 6.0259938 17
28.821327 -8.3564405 5.3849273 91
28.627657 -8.504467 7.7943659 27
28.74831 -8.2186823 6.9734974 81
28.804873 -7.9210725 6.1614552 91
28.749887 -7.8665438 7.7470808 80
33.328327 -8.7063942 7.9930091 9
34.754341 -8.6802874 7.3528857 55
34.816517 -8.2764997 6.3775864 101
34.644447 -8.6684303 9.2342806 55
34.740566 -8.243782 8.2542181 53
40.758507 -8.6645851 7.4043326 50
34.784546 -7.9202266 9.1903095 34
40.652687 -8.6944885 9.5700397 52
40.813034 -8.2031345 8.4890137 22
46.747021 -8.758625 8.4239626 55
40.609341 -8.3095827 10.618121 52
46.610912 -8.8710508 10.870593 50
51.986462 -9.1709938 10.710752 47
52.134583 -8.4665651 9.3301172 63
46.594009 -8.4791565 12.067036 52
51.923721 -8.6705961 12.005399 61
52.062927 -7.9027987 10.636317 47
52.168079 -7.1480899 9.2672377 54
52.329144 -8.3211451 13.398556 67
52.180618 -7.4688191 11.941442 18
52.114655 -6.6711884 10.557931 39
52.29882 -5.874527 9.2198 62
52.402763 -7.1682253 13.312671 65
52.18716 -5.438252 10.511372 38
52.323639 -4.6010308 9.1840086 62
52.51767 -6.01405 13.241792 36
52.255024 -4.2152429 10.474907 46
52.350559 -3.3227909 9.1599302 62
52.51638 -4.8604088 13.147431 62
46.856625 -3.5116258 10.529605 47
52.294899 -3.0135963 10.441539 63
52.411488 -2.0800214 9.1501169 61
46.836899 -3.3234203 11.658093 54
52.323677 -2.7307534 11.684926 41
52.381065 -1.7812039 10.410838 26
52.468414 -0.81348073 9.1388588 57
52.656769 -2.5803487 13.014992 53
52.377083 -0.55730242 10.371556 33
52.526325 0.46531394 9.1297941 57
52.694786 -1.4106207 12.936744 57
52.509552 0.69959891 10.359862 30
52.598698 1.7563732 9.1313658 64
52.725288 -0.25014976 12.868176 36
52.539173 1.9287755 10.341488 49
47.305195 2.7311308 8.2128992 40
52.783417 0.89896262 12.81632 52
47.305679 2.8422897 9.3013077 17
52.725693 4.3247957 9.1537762 45
52.792534 2.0613708 12.754403 53
52.558548 3.2377527 11.488456 22
52.698975 4.4121795 10.336189 18
52.761288 5.5943861 9.1715717 38
47.207199 2.8660705 11.359938 22
52.836758 6.8926001 9.2057009 49
52.923344 4.3796911 12.673203 60
52.847721 8.20436 9.2264519 50
53.032433 5.5573912 12.653635 46
52.840317 8.2032404 10.355763 33
47.529018 8.5759182 8.3245497 31
53.070114 6.7723289 12.609085 42
47.490364 8.5105286 9.3263903 25
52.980457 10.892342 9.3060617 32
53.106567 7.9628253 12.577174 34
53.06736 12.245807 9.3676863 35
53.234486 9.1928816 12.56917 26
53.145771 13.618479 9.4321146 31
53.098919 13.41159 10.488653 22
53.062428 13.173345 11.491941 22
41.804596 13.991609 7.5861373 33
41.924339 13.807835 8.3895121 17
47.646599 13.777534 11.175332 22
35.738464 14.921212 6.6578064 15
35.82531 14.660571 7.3008561 25
32.922199 14.675424 6.2057195 14
34.139763 14.904413 7.0116696 15
30.047394 14.279267 5.7258921 20
29.516451 14.904155 5.6932144 18
35.76527 14.804991 8.4208117 19
33.052589 15.001035 7.3426857 14
27.923462 14.963492 5.4556742 21
29.876286 14.408923 6.6725388 23
28.475996 14.916372 6.0006781 17
26.628855 15.109911 5.2724042 28
29.761116 15.209285 6.6850944 18
27.018476 14.970637 5.7520947 17
24.205816 14.514824 4.8670621 28
29.844545 14.775145 7.0856619 33
27.699659 14.961444 6.2701325 16
25.77354 15.083826 5.5491924 12
23.929222 15.135368 4.88449 58
28.965137 15.161697 6.9022269 13
26.347397 15.021113 6.0105972 15
23.923416 14.750584 5.2165327 35
23.031464 15.342335 4.7829223 28
27.425989 15.140564 6.5670524 13
24.137421 14.49851 5.5570402 21
23.381285 15.190374 5.1597552 25
21.929438 15.379231 4.6329718 38
25.753428 14.980779 6.2007065 16
23.839117 15.080255 5.5376215 32
22.439436 15.338842 5.0194883 27
20.910791 15.429429 4.5000849 42
23.917667 14.64247 5.7956209 31
22.761971 15.155752 5.3374553 26
21.39924 15.394265 4.8538609 33
19.928524 15.46578 4.371079 62
23.506191 15.145686 5.7263331 29
21.735708 15.209133 5.1517944 26
20.44388 15.445701 4.7083874 31
18.085606 14.749181 4.0497494 60
22.424906 15.174267 5.5015545 25
20.90913 15.357902 5.0136127 27
18.495913 14.675365 4.3328295 13
17.954756 15.365974 4.1055226 84
21.405794 15.204828 5.2903037 26
20.077833 15.470533 4.8728089 30
17.930384 14.923088 4.2716732 70
17.359879 15.593949 4.0578804 49
20.504255 15.257719 5.1149716 32
18.256849 14.738256 4.495573 40
17.803371 15.521945 4.318037 82
16.56529 15.595634 3.965919 59
19.722746 15.380406 4.9660468 26
17.919006 15.165043 4.47261 68
17.048632 15.580857 4.2152033 51
15.828465 15.629612 3.883105 77
18.057749 14.760111 4.5931606 61
17.55707 15.565005 4.4464874 47
16.274931 15.594751 4.1052446 61
15.131716 15.680476 3.809325 25
17.940783 15.366984 4.6085463 77
16.788548 15.601712 4.3175287 61
15.558372 15.636433 4.0064182 65
14.420108 15.678185 3.7285466 80
17.373184 15.575674 4.5160341 60
16.053995 15.63043 4.1997004 61
14.848725 15.638229 3.9096673 32
13.771349 15.705055 3.6619272 79
16.60659 15.584538 4.3711009 57
15.362294 15.663342 4.0909362 68
14.199957 15.679156 3.8280103 83
12.47302 14.928873 3.4190536 58
15.912935 15.635442 4.2443228 63
14.665601 15.662252 3.98018 63
13.565181 15.695086 3.7494042 100
11.97912 15.040833 3.3877554 33
15.239263 15.666348 4.124608 33
14.019867 15.677173 3.8835759 88
12.31486 14.946899 3.4957988 98
14.538618 15.644393 3.9983206 63
12.679698 14.868142 3.5910418 4
0.32501557 0.56588936 0.16281058 9
13.924924 15.695345 3.892776 47
12.175884 14.963066 3.5277684 102
0.35001454 0.5788731 0.16987635 4
0.31103492 0.575854 0.16378607 8
12.614768 14.901998 3.5921452 16
0.3300465 0.57984084 0.16784109 6
0.30406252 0.59585029 0.16576546 6
12.103999 14.981956 3.5138452 80
0.33808157 0.56887627 0.16785683 4
0.31309491 0.58688629 0.16678284 6
0.27811646 0.58789438 0.16269159 4
11.981922 15.550035 3.5472038 13
0.32611996 0.5819056 0.16781329 7
0.29413134 0.58889753 0.16473177 3
0.25514862 0.58188814 0.15963909 3
0.31213897 0.59188396 0.16678086 6
0.27915049 0.5958758 0.16369832 3
0.2301762 0.56986451 0.15558921 3
0.31616026 0.57186824 0.16380502 10
0.28916964 0.58789563 0.16372499 3
0.25618523 0.59091449 0.16163521 3
0.22718915 0.59887266 0.16056922 3
0.30418545 0.5828346 0.16278017 8
0.26619402 0.58178872 0.15969688 3
0.22820547 0.57474285 0.15561609 3
0.19221851 0.56473076 0.15253273 3
0.28374848 0.58274657 0.15966308 7
0.24875879 0.58473206 0.15757512 3
0.21476659 0.58371824 0.15649126 1
0.19076851 0.59970611 0.15742393 1
0.25478533 0.56769675 0.15360254 7
0.22578803 0.57768595 0.15452699 3
0.19279911 0.57467854 0.15244691 3
0.15681341 0.56267565 0.14936264 3
0.23481667 0.56468004 0.15055741 5
0.20182534 0.56467831 0.14947465 3
0.17083158 0.56367713 0.14939743 1
0.2178459 0.56667936 0.14851385 3
0.18884936 0.57267874 0.14943819 3
0.15785562 0.57267761 0.14936057 3
0.12786187 0.57067657 0.14928648 3
0.18589181 0.53767502 0.14044833 6
0.1448814 0.57867932 0.14932813 0
0.17993142 0.55969071 0.14245656 3
0.12903826 0.58087176 0.14831059 3
0.099042222 0.57687122 0.14923698 3
0.1510859 0.52986765 0.13539028 6
0.13207568 0.55487001 0.14133041 3
0.14809875 0.56083471 0.13838337 5
0.097088277 0.57880819 0.14625953 3
4.5070767 16.119347 3.0462918 38
0.12414579 0.54082674 0.13333881 6
0.10314124 0.56084001 0.13927411 2
4.826354 16.096357 2.9460642 103
4.1131258 16.143381 3.0382419 94
4.4254313 16.109365 2.9250329 11
3.7101829 16.129368 3.0242515 71
0.093226492 0.53686637 0.12925391 5
0.072212271 0.5578633 0.13619369 2
4.0324812 16.138309 2.9091113 98
3.3321836 16.190317 3.0273552 86
4.3498335 16.117239 2.7729709 4
3.6305869 16.12529 2.8850925 39
2.9382896 16.161339 3.0142887 75
0.063280158 0.53284973 0.12518869 4
3.9749362 16.219173 2.7589827 2
3.2506433 16.18014 2.8772564 70
2.5612872 16.225117 3.0195813 107
3.5610447 16.168018 2.7221293 4
2.8607087 16.173044 2.8593848 44
2.181314 16.24008 3.0186687 82
0.03731665 0.53870898 0.12315792 4
2.4767649 16.20001 2.8494503 91
1.8033497 16.245049 3.017761 107
0.0043197013 0.57270837 0.1330625 2
2.0948305 16.201977 2.8365343 45
1.4243772 16.264021 3.0198467 94
0.011366213 0.54570204 0.12209266 4
1.7188694 16.249945 2.8326168 94
1.0503953 16.282986 3.0239534 100
-0.024630712 0.571675 0.13099921 2
1.336897 16.247869 2.8227489 52
0.63876343 15.506813 2.8833985 31
-0.015590381 0.55261678 0.12004405 5
0.9609136 16.268793 2.8179097 109
0.28078607 15.503782 2.8865526 112
-0.052587651 0.57260484 0.12994762 2
0.5503251 15.483689 2.6772671 49
-0.072634138 16.347805 3.0473771 137
-0.041545909 0.56458831 0.1199814 7
0.18935351 15.500645 2.6744149 124
-0.44462678 16.346762 3.0535095 115
-0.080543458 0.57856888 0.12988423 2
-0.171018 16.351658 2.8152261 13
-0.8216297 16.357719 3.0636268 117
-0.069499023 0.56555206 0.11892002 6
-0.55095583 16.346647 2.8112457 111
-1.1976007 16.388739 3.0785944 115
-0.1074845 0.57258141 0.12781858 4
-0.92990011 16.375664 2.8162 25
-1.5765803 16.398745 3.0926054 102
-0.09772411 0.58084071 0.11876328 8
-1.3102407 16.388025 2.8175883 110
-1.9549614 16.409071 3.1060381 110
-0.13673189 0.58773601 0.12969245 4
-1.6952441 16.394812 2.820888 78
-2.3319821 16.397909 3.1193061 53
-0.12568483 0.57769954 0.11673311 8
-2.0802276 16.415789 2.8279581 95
-2.7199986 16.426891 3.1393695 62
-0.16468783 0.58970046 0.12963267 4
-3.1120372 16.475874 3.1674204 71
-0.1546402 0.58869386 0.11765946 8
-3.5020587 16.489857 3.1894937 96
-0.19464116 0.59268951 0.12956138 4
-3.2582197 16.483709 2.86115 103
-3.902102 16.517813 3.2145581 93
-0.18459418 0.59265363 0.11659402 8
-3.654269 16.490589 2.8723173 103
-4.3041854 16.543711 3.2426937 91
-0.22660486 0.60160708 0.13050056 4
-4.0612807 16.512562 2.8883533 100
-4.7092342 16.56468 3.2727401 88
-0.21755622 0.60658926 0.11752444 9
-4.4702997 16.530519 2.9043958 110
-5.1232843 16.583643 3.3017716 92
-0.22852567 0.5855701 0.11451056 9
-0.25956595 0.61157161 0.1324241 3
-4.8893313 16.563478 2.9254093 93
-5.386085 16.129576 3.2403736 33
-0.24650908 0.59855276 0.11646533 8
-0.28055471 0.63255477 0.13636838 3
-5.3083539 16.568436 2.9434364 93
-5.679955 15.81553 3.2068167 81
-0.26048124 0.59154916 0.11543523 9
-0.29051679 0.60956031 0.13235264 0
-5.4739575 15.814431 2.8292329 81
-6.0709281 15.776586 3.2297418 17
-0.27945513 0.60056835 0.11638164 7
-0.31850567 0.64357382 0.13826802 2
-5.8799572 15.809435 2.8482172 96
-6.8224454 16.625629 3.4355662 89
-0.29442927 0.59555984 0.11534996 7
-6.6083732 16.59845 3.0101554 93
-7.2695227 16.647604 3.476521 99
-0.31240875 0.60255194 0.11630594 8
-0.35045868 0.63455725 0.13819979 0
-7.0654263 16.631424 3.0410812 98
-7.7386122 16.687582 3.5224159 102
-0.33038551 0.60454363 0.11626412 5
-7.542491 16.678394 3.075954 103
-8.2077045 16.712559 3.56932 104
-0.34436193 0.59653544 0.1162363 8
-8.0215569 16.712366 3.1118302 92
-8.6657791 16.697533 3.6102695 98
-0.37134695 0.61852789 0.11916443 5
-7.8314118 16.685179 2.6553605 96
-8.4886026 16.699337 3.1407571 103
-9.1258421 16.658504 3.6472259 92
-0.38932246 0.61852652 0.11912177 4
-8.3104019 16.68018 2.6742194 107
-8.9906273 16.730364 3.1805286 108
-9.5958805 16.629522 3.6901109 78
-0.40729755 0.61752266 0.11908003 4
-8.8104553 16.697134 2.7000659 103
-9.5046215 16.752426 3.2192588 102
-10.095879 16.624613 3.7388716 80
-0.42426753 0.6115672 0.11903234 6
-9.3353701 16.725248 2.7277191 83
-10.030678 16.780439 3.2650042 103
-10.63298 16.665634 3.8025858 89
-0.43723345 0.60059917 0.11799635 4
-9.8733377 16.757318 2.7593532 105
-10.585701 16.819506 3.3136053 107
-11.171053 16.684694 3.8662488 87
-0.46922103 0.62158436 0.12091497 4
-10.421422 16.779268 2.7930923 112
-11.144848 16.846428 3.3633363 102
-11.418985 16.260557 3.8279405 70
-0.49220419 0.62454504 0.12187789 4
-10.997287 16.811291 2.8302176 95
-11.379246 16.373631 3.3174026 74
-11.846317 16.094007 3.8513358 88
-0.51695299 0.63086164 0.12389946 5
-11.350531 16.495728 2.8134634 68
-11.721693 16.0679 3.3057306 94
-12.926111 16.779776 4.0815558 70
-0.54086626 0.63297296 0.12475754 4
-11.612864 16.057354 2.7749898 105
-12.845657 16.801605 3.5088942 87
-13.634335 16.916809 4.1901231 65
-0.56285828 0.63098121 0.12572469 0
-12.841347 16.911343 2.9620461 71
-13.442767 16.7796 3.5627353 75
-14.383576 17.057831 4.3014374 59
-13.513582 16.960197 3.0156744 80
-14.117149 16.817318 3.6333814 55
-15.073958 17.097595 4.3950357 67
-14.206944 16.99888 3.0712597 68
-14.824672 16.867821 3.712163 54
-15.809666 17.148914 4.4977651 72
-14.127879 16.977093 2.4478755 64
-14.945862 17.048868 3.1316748 56
-15.557647 16.911779 3.7934396 40
-16.557772 17.184925 4.6015587 61
-14.893871 17.045071 2.4956822 44
-15.696814 17.081919 3.1941767 70
-16.3325 16.957024 3.8788378 56
-16.85627 16.739061 4.5797763 54
-15.664502 17.07029 2.5396326 55
-16.425224 17.058441 3.2537761 61
-16.83176 16.698418 3.9018149 73
-17.279423 16.41848 4.5959406 55
-16.474773 17.106819 2.5917275 54
-16.784569 16.62376 3.2357578 67
-17.300676 16.400045 3.9208274 50
-17.59697 15.990348 4.5833254 71
-16.760546 16.579741 2.5621641 51
-17.313549 16.361082 3.2566457 71
-17.475811 15.818264 3.872447 64
-17.608948 15.305573 4.4984164 78
-17.358644 16.353136 2.5797575 57
-17.559698 15.831572 3.2241714 70
-17.4839 15.116729 3.7925568 68
-17.629194 14.647936 4.4163628 77
-17.535892 15.737533 2.5403154 58
-17.586159 15.115736 3.1543856 62
-17.50635 14.45291 3.7207658 62
-17.643688 14.015073 4.3395839 72
-17.552458 14.999632 2.4805622 67
-17.60767 14.429884 3.0916133 61
-17.534939 13.819998 3.6559734 74
-17.665255 13.409175 4.269783 94
-17.583025 14.296757 2.4247494 66
-17.634342 13.772914 3.0327954 63
-17.545559 13.187054 3.5892076 83
-17.661926 12.806173 4.1990871 86
-17.596708 13.613804 2.3750827 70
-17.650776 13.124076 2.974133 79
-17.601982 12.613244 3.5363946 96
-1.5219312 0.96867627 0.36770955 2
-17.621153 12.962981 2.3282976 79
-17.659393 12.499193 2.9213405 111
-1.5197246 0.95368469 0.31572017 11
-16.945335 11.176662 3.9013708 103
-17.673656 12.347241 2.2874053 34
-16.881536 11.360628 2.7435205 90
-17.017756 11.054933 3.3073139 51
-17.66436 11.108225 4.005631 111
-16.865032 11.179829 2.142482 90
-17.301449 11.059941 2.7615192 49
-17.766911 10.980053 3.3974798 128
-17.701422 10.591339 3.9565704 93
-17.589428 11.057966 2.1947451 68
-17.732731 10.759079 2.7855091 115
-17.769964 10.432198 3.3485224 107
-17.711174 10.077329 3.9037588 120
-17.706247 10.537958 2.1716869 109
-17.746521 10.207067 2.7446706 120
-17.797768 9.9081707 3.3046222 121
-17.738981 9.5852966 3.8578434 115
-17.736084 9.9819345 2.1427879 100
-17.778316 9.67206 2.707787 122
-17.849546 9.4131784 3.2697091 115
-17.756798 9.094243 3.8109801 106
-17.746975 9.4298563 2.1119339 102
-17.833239 9.1689568 2.6808095 111
-17.868458 8.9120607 3.2298005 121
-17.774647 8.6181793 3.7680943 115
-17.79384 8.9038143 2.087002 105
-17.826134 8.6428614 2.6439919 115
-17.866341 8.4069672 3.1899679 112
-17.830545 8.1660824 3.7351186 110
-17.809752 8.3797379 2.0641348 109
-17.847965 8.1388435 2.6141157 62
-17.91917 7.9419584 3.161999 122
-17.871359 7.7160749 3.7011728 117
-17.839165 7.8725739 2.0459914 93
-17.863306 7.6476302 2.5899823 89
-17.945456 7.4686775 3.1328418 116
-17.927599 7.2817378 3.6759191 115
-17.909037 7.3865557 2.0299604 92
-17.926172 7.1836066 2.5709643 111
-17.962294 7.0046525 3.1029241 129
-18.003454 6.8586988 3.6528697 99
-17.875881 6.8725319 2.0071576 105
-17.955019 6.7075701 2.5480258 122
-17.984114 6.5486345 3.076005 120
-17.996258 6.4067044 3.6150033 118
-17.895742 6.3885608 1.991227 108
-17.963879 6.2376223 2.5261049 118
-17.999983 6.0926871 3.0480523 124
-18.044134 5.9837351 3.5899849 96
-17.95664 5.9205785 1.9801924 88
-17.179478 5.5157175 2.3959284 124
-17.225529 5.3987594 2.8928566 121
-17.2456 5.2988052 3.398839 109
-17.169296 5.2016454 1.8810314 105
-17.197334 5.0776873 2.3779976 116
-17.571419 5.0759139 2.9250689 21
-17.996609 5.1071429 3.5160217 89
-17.996111 4.9802208 1.9559051 113
-18.017122 4.8694921 2.4707448 127
-18.04213 4.7717462 2.9775825 130
-18.081261 4.7087736 3.5035272 106
-18.007833 4.5196342 1.9467193 114
-18.038931 4.4266744 2.4566755 125
-18.066013 4.3447142 2.9596393 131
-18.097132 4.2937536 3.4785917 118
-18.03475 4.0666251 1.9407578 103
-18.058834 3.983664 2.4447279 128
-18.088907 3.9207015 2.9436831 136
-18.115007 3.8797395 3.4536455 123
-18.070673 3.6196151 1.9367739 111
-18.086742 3.5496528 2.4347601 123
-18.107801 3.4956892 2.9267335 128
-18.133894 3.4737256 3.4336941 121
-18.089594 3.1686068 1.9328251 112
-18.119659 3.1196415 2.4277787 119
-18.142706 3.0806763 2.9147463 136
-18.154783 3.0697117 3.414736 116
-18.110518 2.7235982 1.9298689 112
-18.134569 2.685632 2.4188342 125
-18.153608 2.6636651 2.9018092 109
-18.180674 2.6656973 3.3957648 115
-18.144451 2.2835891 1.9308819 94
-18.115475 2.2526252 2.4079611 55
-18.140495 2.2406559 2.8829172 67
-18.187559 2.2636857 3.3768225 125
-18.161371 1.8395804 1.9299152 110
-18.167395 1.8306127 2.4069118 124
-18.205412 1.8336415 2.8808384 137
-18.212446 1.8616734 3.3608303 109
-18.180294 1.4005711 1.9319434 115
-18.197306 1.4026005 2.4039228 125
-18.198301 1.4206303 2.8679354 143
-18.230331 1.4636575 3.3468795 118
-18.204218 0.96255964 1.9349825 112
-18.215218 0.97858793 2.4019735 122
-18.244209 1.0076138 2.8639247 123
-18.257223 1.0666411 3.3349082 112
-18.236153 0.52254838 1.9419996 109
-18.22814 0.55457699 2.402029 124
-18.253117 0.59560168 2.8559866 135
-18.278122 0.66962659 3.3229425 120
-18.251091 0.084539466 1.9480474 110
-18.247084 0.12760763 2.4010847 117
-18.27006 0.18562995 2.8520358 128
-18.290052 0.26865292 3.3099916 100
-18.273075 -0.35643649 1.955068 108
-18.274071 -0.29533187 2.4050701 131
-18.292025 -0.22830655 2.8480392 137
-18.306995 -0.12728319 3.3010159 124
-17.461868 -0.75934774 1.8768678 120
-17.461777 -0.68936473 2.2998593 120
-17.475674 -0.6123836 2.71682 125
-17.507597 -0.50740361 3.1447406 108
-18.287977 -1.2346058 1.9731008 109
-18.304926 -1.1515244 2.4130702 129
-18.327862 -1.0544765 2.8450363 120
-17.522495 -0.8893922 3.1377878 140
-18.304945 -1.6815373 1.9841815 119
-18.330889 -1.5815139 2.4201488 124
-18.338804 -1.4734899 2.8441541 126
-18.340733 -1.3314646 3.2731702 103
-18.328926 -2.1265509 1.9992728 104
-18.332842 -2.0115242 2.4262733 121
-18.346739 -1.8904985 2.8452518 123
-18.378656 -1.7394737 3.2721899 95
-18.33988 -2.5735557 2.0143414 114
-18.365784 -2.4515307 2.4362943 124
-18.359665 -2.3095036 2.8473144 118
-18.384563 -2.1454785 3.2652667 113
-18.330704 -3.0254936 2.0271597 103
-18.374626 -2.8874543 2.4470594 132
-18.381512 -2.7384126 2.8500385 135
-18.403419 -2.5553722 3.2619817 109
-18.400661 -3.4905119 2.0510976 98
-18.406557 -3.3314745 2.4610791 98
-18.416433 -3.1684399 2.8600514 118
-18.387297 -2.9674013 3.2531047 85
-18.415598 -3.9515381 2.0711555 119
-18.421467 -3.7814867 2.4731464 129
-18.387335 -3.5904272 2.8602047 75
-18.401217 -3.3813732 3.2531569 65
-18.449587 -4.4244857 2.095161 108
-18.452473 -4.2354302 2.4901385 126
-18.458321 -4.0413914 2.8751171 129
-18.431166 -3.8043509 3.256161 99
-18.482565 -4.9014754 2.1201675 101
-18.46542 -4.6944361 2.5071929 131
-18.48526 -4.4854021 2.8871384 131
-18.499084 -4.2453852 3.2660997 117
-18.495499 -5.3795142 2.1452312 119
-18.484335 -5.158247 2.5250881 123
-18.499153 -4.9349842 2.8968892 130
-18.519979 -4.6767235 3.2696748 119
-17.964336 -5.6945496 2.1088302 44
-18.511293 -5.6293321 2.5474861 134
-18.509083 -5.3863153 2.9084868 142
-18.538889 -5.1132951 3.2734108 98
-5.3254137 -1.820375 0.65096349 47
-5.4266682 -1.7823746 0.76874161 10
-5.4268928 -1.7053667 0.87173706 18
-18.548824 -5.5593052 3.2764604 134
-5.1383491 -1.8913637 0.63638574 90
-5.2185855 -1.8463625 0.74620932 97
-5.2908182 -1.7943606 0.85404992 62
-5.3830605 -1.7353607 0.96584654 76
-3.4219337 -1.3462346 0.43808571 5
-5.1175332 -1.9433584 0.73844528 61
-5.0557137 -1.8403474 0.82057363 53
-5.2429762 -1.8153549 0.94316643 134
-4.7072096 -1.9873368 0.60134649 76
-4.7664137 -1.9353354 0.69621563 94
-3.4121702 -1.323229 0.56411278 1
-5.1649122 -1.9153539 0.93035203 70
-4.753202 -2.1403434 0.61626476 59
-4.7393813 -2.051337 0.69828975 91
-4.6775389 -1.9403269 0.76941746 60
-4.7247248 -1.8683257 0.85531157 2
-5.7204094 -2.7444212 0.74721718 16
-4.7553606 -2.1883407 0.70827532 4
-4.7425227 -2.0933344 0.78430188 88
-4.7516894 -1.9983299 0.86228073 91
-5.6623654 -2.8824174 0.75237453 59
-5.7315907 -2.8044164 0.85822433 47
-5.7638011 -2.7044127 0.95615286 8
-4.7786498 -2.1343341 0.86925167 97
-5.646534 -2.9244137 0.85643065 64
-5.7047415 -2.8354135 0.95330101 94
-5.7739491 -2.7354143 1.0501469 20
-5.7115178 -3.1264236 0.87631297 16
-5.6396828 -2.9614136 0.95045954 50
-5.7168865 -2.8624156 1.0442883 77
-5.7236786 -3.1704249 0.9722988 8
-5.714849 -3.0204206 1.0493103 43
-18.795547 -12.003425 2.6316733 6
-18.747784 -11.022395 3.1687214 52
-12.380159 -6.9309134 2.261193 56
-18.799688 -12.645353 2.6887302 9
-1.6173743 -1.0061158 0.27402055 1
-18.772854 -11.620328 3.2037346 31
-18.76038 -11.069354 3.4357193 64
-4.1959624 -2.9313605 0.63057745 10
-1.6033419 -1.0481929 0.27604079 1
-1.6103803 -1.0092185 0.29601881 2
-18.778303 -11.651536 3.4586821 50
-4.0978928 -3.0064247 0.62978739 14
-4.1920424 -2.9534202 0.69759148 24
-1.5953338 -1.0492315 0.29706502 1
-1.6133763 -1.0132369 0.31603155 2
-3.3106976 -2.5403712 0.52449167 35
-3.227766 -2.3753674 0.5506689 16
-4.1731515 -2.9544382 0.75268763 26
-5.3826656 -3.6475272 1.0191498 5
-3.3056974 -2.6603823 0.5355432 10
-3.1097217 -2.3973632 0.54094905 15
-4.0951037 -3.0384307 0.7478832 36
-4.1812167 -2.9584322 0.80169725 40
-3.052609 -2.5733535 0.50809163 1
-3.0806885 -2.4883511 0.54602879 1
-3.3168261 -2.5683641 0.61753184 13
-4.0981512 -3.0374174 0.79189575 43
-3.0800366 -2.6062012 0.55593443 1
-2.9480541 -2.3841903 0.55820429 24
-4.0975037 -3.1772728 0.79876882 15
-2.8530035 -2.4131866 0.54841352 11
-2.9590819 -2.3841934 0.58718377 10
-2.6778283 -2.5881767 0.48381382 22
-2.8660102 -2.4141867 0.57540864 47
-2.6808045 -2.7141764 0.49783686 38
-2.6618385 -2.5761738 0.51287234 39
-2.7469294 -2.4161804 0.55767727 6
-2.5977581 -2.7541728 0.49702412 21
-2.5547779 -2.5851696 0.50410563 68
-2.7678778 -2.6791859 0.55865091 7
-2.5117104 -2.7881699 0.4952127 0
-2.4807315 -2.6251676 0.50226873 123
-2.5657825 -2.5911746 0.52808255 46
-2.720854 -2.6151865 0.56574899 7
-2.5037227 -2.7761726 0.5192281 150
-2.4587262 -2.5951698 0.51731372 46
-2.6878474 -2.7001855 0.56683397 8
-0.76614887 -0.86404979 0.17285611 1
-2.3446984 -2.7171667 0.49956378 12
-2.3827307 -2.6291723 0.5114705 109
-2.4848061 -2.602169 0.53225332 25
-0.74015856 -0.87205142 0.17190237 4
-2.2987113 -2.7901695 0.50366366 0
-2.3257232 -2.6831985 0.50959373 60
-2.3777375 -2.6012294 0.51747167 77
-0.69711941 -0.8551355 0.16797902 6
-2.2936594 -2.7702868 0.51365447 7
-2.3006592 -2.6292701 0.50863802 66
-0.6700688 -0.85715914 0.16704001 7
-0.70908368 -0.8681671 0.17496328 0
-2.300662 -2.7512891 0.51768088 24
-0.64005947 -0.8541773 0.16513015 6
-0.68907744 -0.88118589 0.17503317 4
-0.61103284 -0.85217547 0.16320318 6
-0.65203798 -0.86817563 0.17011687 4
-0.58199561 -0.84716159 0.16126689 6
-0.62500244 -0.87016183 0.16917689 4
-0.66200191 -0.87716186 0.17309871 4
-0.55996197 -0.85314804 0.16131616 6
-0.59794229 -0.86816704 0.16721091 4
-0.63391328 -0.87618893 0.17010526 5
-0.66688275 -0.87521064 0.1720051 5
-0.51881844 -0.82321841 0.15628998 9
-0.5638231 -0.85422581 0.16318908 5
-0.60482627 -0.87423122 0.16709863 5
-0.63782436 -0.87223625 0.16802341 5
-0.49179551 -0.81622708 0.15433034 11
-0.52379698 -0.82623178 0.15725844 7
-0.56880122 -0.85623747 0.16215988 5
-0.60980248 -0.86924309 0.1650684 5
-0.46577612 -0.80923367 0.15237197 8
-0.49777645 -0.8212359 0.15530331 8
-0.5267697 -0.82423449 0.15524501 8
-0.57576907 -0.85623455 0.15914592 6
-0.44074816 -0.80221945 0.15043816 14
-0.4697465 -0.81022233 0.15237632 7
-0.50374222 -0.82422572 0.1533041 8
-0.53273493 -0.82222897 0.15224127 8
-0.41872767 -0.80121952 0.15048666 14
-0.44472018 -0.80222249 0.14943063 8
-0.47571591 -0.81422573 0.15036474 8
-0.50770605 -0.81822932 0.148296 13
-0.40170631 -0.80922019 0.15052494 12
-0.42069474 -0.79622275 0.14748292 7
-0.44868547 -0.80322593 0.14642318 8
-0.48067623 -0.81022954 0.14535484 14
-0.37867942 -0.80322057 0.14957498 14
-0.40166897 -0.80022335 0.14752522 7
-0.42365459 -0.79222631 0.14347726 9
-0.45264336 -0.79622978 0.14141525 13
-0.35364875 -0.78822076 0.14662839 10
-0.3796396 -0.79522383 0.14557309 7
-0.40762809 -0.80422723 0.14351371 11
-0.42961189 -0.79223031 0.13846551 12
-0.33962804 -0.80722147 0.14966078 14
-0.35961196 -0.79422432 0.14461681 6
-0.38359904 -0.79422748 0.14156537 10
-0.40858212 -0.79223078 0.13651165 13
-0.3165521 -0.79422563 0.14771068 14
-0.34554175 -0.81222922 0.1466502 9
-0.36352193 -0.79523212 0.13961045 7
-0.38550395 -0.78423548 0.13356268 12
-0.29352179 -0.77922571 0.14475913 9
-0.32050949 -0.7952292 0.14270283 9
-0.34549391 -0.80023259 0.13864999 11
-0.36747366 -0.78923601 0.13160232 11
-0.2805022 -0.8042261 0.1487893 13
-0.29748097 -0.78322905 0.14075145 6
-0.321464 -0.78323251 0.1357004 9
-0.34844401 -0.79023647 0.1296436 13
-0.25847194 -0.7902261 0.14583538 13
-0.28245631 -0.79522949 0.14178479 9
-0.30343574 -0.78923291 0.13473973 7
-0.32341221 -0.77023625 0.12569582 10
-0.239445 -0.78322613 0.14487551 8
-0.26042628 -0.78022945 0.13883071 7
-0.28540999 -0.79223299 0.13477865 10
-0.31038651 -0.79223692 0.1267257 13
-0.22342253 -0.7962262 0.14691065 13
-0.24340057 -0.78322959 0.13886727 6
-0.2643798 -0.777233 0.13182238 8
-0.28935811 -0.78323686 0.12476996 13
-0.20339443 -0.78122616 0.14495197 10
-0.22837745 -0.80022979 0.14090055 10
-0.24735159 -0.78423321 0.13085918 9
-0.26832587 -0.76923686 0.1208137 9
-0.18637052 -0.78622603 0.14598833 8
-0.20634606 -0.77822953 0.1369455 6
-0.23032589 -0.78823322 0.13089561 10
-0.2543005 -0.79023665 0.12184494 13
-0.1703485 -0.80222481 0.14802282 13
-0.19032292 -0.78922778 0.13797939 7
-0.20829612 -0.7682305 0.12693959 7
-0.23227327 -0.77023369 0.1188889 12
-0.15132278 -0.78522223 0.14606048 8
-0.17229971 -0.78822505 0.13801619 8
-0.19327486 -0.78822798 0.1289717 10
-0.21424598 -0.76823109 0.1169257 11
-0.1343023 -0.79521954 0.14809589 11
-0.15427312 -0.77922261 0.13605231 6
-0.17424686 -0.7722255 0.12600943 8
-0.19822077 -0.78322864 0.1169595 12
-0.11627909 -0.79421705 0.14813249 11
-0.13725375 -0.79821992 0.13908833 9
-0.15722276 -0.77822292 0.12604454 7
-0.17919278 -0.76822621 0.1139973 10
-0.099254601 -0.78521472 0.14716633 9
-0.11922763 -0.78621757 0.13712408 7
-0.14020048 -0.78822047 0.12707984 10
-0.16217002 -0.78222358 0.11503294 12
-0.082233652 -0.80121219 0.14920191 13
-0.10220424 -0.78621519 0.13715854 8
-0.12217122 -0.76521826 0.12311477 7
-0.14514326 -0.77622139 0.11306704 12
-0.065209866 -0.78621 0.14823516 8
-0.085183285 -0.80221266 0.13919407 9
-0.10514978 -0.78521574 0.12515064 9
-0.12611659 -0.76821887 0.11110514 10
-0.047188181 -0.79318762 0.14926006 11
-0.068154581 -0.77716547 0.13519962 6
-0.088132359 -0.77815199 0.12416204 9
-0.1091078 -0.78314161 0.11112932 13
-0.029193632 -0.80411959 0.15130998 13
-0.050168209 -0.79410946 0.13727605 9
-0.071142994 -0.77509922 0.12324104 8
-0.093115099 -0.763089 0.10820454 10
-0.013210989 -0.78609741 0.1493732 9
-0.03318581 -0.7910971 0.13733579 7
-0.05315366 -0.79208601 0.12430146 10
-0.07511656 -0.7800836 0.10926037 12
0.0058021913 -0.7990728 0.15243797 12
-0.016157685 -0.78107619 0.13639547 8
-0.037121635 -0.77307928 0.12235687 8
-0.058085185 -0.77808267 0.10832097 12
0.023831792 -0.80207014 0.15250196 12
0.0038662835 -0.80307329 0.13946748 10
-0.018093836 -0.78807735 0.12342517 10
-0.041051947 -0.76908189 0.10637966 11
0.039860915 -0.79206729 0.15255757 10
0.01989736 -0.78907025 0.1375162 7
-6.7800298e-05 -0.79107285 0.1234761 10
-0.02202942 -0.78407604 0.10742966 13
0.060879853 -0.80106008 0.15460536 12
0.038918465 -0.79506332 0.13855916 9
0.015958682 -0.77506679 0.12150738 8
-0.005002677 -0.77406991 0.10546453 11
0.078900926 -0.8030532 0.15564516 11
0.05993763 -0.80605608 0.14060746 10
0.036979858 -0.79005986 0.12255668 10
0.014022302 -0.77706361 0.10450669 12
0.093925528 -0.78904706 0.15467459 11
0.072966009 -0.78305054 0.13763048 7
0.053004727 -0.78105366 0.12158948 9
0.03304543 -0.78605717 0.10455035 13
0.11671279 -0.80419022 0.15762258 14
0.09475553 -0.7961939 0.13957533 10
0.070799462 -0.77819788 0.12052318 9
0.04784213 -0.77020168 0.1024739 10
0.13473421 -0.80518788 0.1586587 12
0.11477756 -0.80319142 0.14061613 10
0.092820294 -0.79319507 0.12256883 11
0.068864696 -0.78219897 0.10351727 13
0.15275699 -0.80018574 0.15869428 11
0.12980351 -0.7871896 0.1386447 8
0.10984503 -0.78819293 0.12160242 9
0.088888541 -0.78619647 0.10355785 13
0.17277856 -0.80218327 0.15973452 13
0.15082332 -0.79418701 0.14068741 9
0.12686963 -0.78017825 0.12062816 9
0.10491453 -0.77315789 0.10156708 10
0.19479257 -0.80712825 0.16175623 13
0.17382893 -0.80312049 0.14272237 10
0.14986895 -0.79211318 0.12168163 11
0.12590694 -0.77910578 0.1016406 13
0.21677543 -0.8110835 0.16384485 13
0.19181563 -0.80007637 0.14280184 9
0.16984944 -0.7930845 0.12275783 10
0.14688686 -0.78410059 0.10170553 14
0.23576194 -0.80807412 0.16490051 13
0.20881484 -0.79006988 0.14184819 8
0.1848655 -0.77907395 0.12080278 8
0.16591439 -0.78107804 0.1007702 12
0.2587859 -0.81306142 0.16697513 15
0.23084247 -0.79406661 0.14291972 10
0.20689288 -0.78407139 0.12187432 10
0.17994747 -0.76707691 0.098821081 11
0.28181154 -0.81705695 0.16904923 15
0.25786626 -0.80906242 0.1460043 11
0.23192066 -0.79506838 0.12295368 11
0.20897171 -0.78807324 0.10090551 14
0.3068321 -0.82305098 0.17211649 15
0.27589089 -0.80205709 0.14604786 8
0.25594187 -0.80006188 0.12400666 11
0.23299474 -0.79406703 0.10095828 14
0.32985285 -0.82304448 0.17316553 15
0.29991168 -0.80405062 0.14709947 8
0.27496648 -0.79405612 0.12304597 10
0.24902122 -0.78106165 0.098989666 13
0.34887359 -0.81703824 0.17420472 15
0.32093459 -0.80104458 0.14714351 8
0.29498932 -0.79005015 0.12308773 11
0.27004412 -0.77905577 0.099033989 12
0.37089452 -0.81303197 0.17525043 15
0.3429555 -0.80103832 0.14819027 9
0.32101023 -0.79504395 0.124144 12
0.29306689 -0.78104985 0.099083334 14
0.40290943 -0.82702482 0.17932126 15
0.37197226 -0.80903161 0.15125337 9
0.34603107 -0.79803795 0.12519754 13
0.32309049 -0.79304874 0.10014659 16
0.42693463 -0.82603014 0.18136422 15
0.3930051 -0.80404419 0.15128519 9
0.37206563 -0.80105656 0.12623774 13
0.34712771 -0.79406911 0.10018102 16
0.45696276 -0.83204174 0.18441269 15
0.42302948 -0.81104696 0.15433925 9
0.39809033 -0.80305135 0.12728736 13
0.37315145 -0.79705584 0.10023592 16
0.48398358 -0.83202577 0.186472 11
0.45405054 -0.81803125 0.15640835 10
0.42711332 -0.80703628 0.12835155 11
0.40017635 -0.79804152 0.10029523 17
0.51700091 -0.8400088 0.19054557 11
0.48007357 -0.81801575 0.15746546 10
0.45313272 -0.80598682 0.12841114 10
0.42819545 -0.79999733 0.10035761 17
0.5460158 -0.83996361 0.19260946 11
0.50508755 -0.81297779 0.15851432 10
0.48414847 -0.81198883 0.13046746 11
0.4552128 -0.79900044 0.10040082 17
0.58901882 -0.85596776 0.19868644 12
0.54409671 -0.82598191 0.16258585 11
0.50916702 -0.80599433 0.13050872 11
0.49223018 -0.81200486 0.10147232 20
0.62503189 -0.86097348 0.20175314 13
0.5781101 -0.83099461 0.16464591 11
0.54917639 -0.81901407 0.13358036 12
0.52424771 -0.81404155 0.10153387 21
0.66106349 -0.8640632 0.20588854 13
0.61314803 -0.83407426 0.16778302 12
0.57922256 -0.8180837 0.13471009 12
0.55629563 -0.81609261 0.10266373 17
0.70208573 -0.87205374 0.21097794 13
0.64917475 -0.83706731 0.16985995 12
0.61724931 -0.82407928 0.13579029 12
0.58832419 -0.81508791 0.1027336 17
0.74210715 -0.87604409 0.21507075 13
0.68120146 -0.83505666 0.17194007 12
0.6522786 -0.82506561 0.13788386 13
0.63034958 -0.82408273 0.10383439 17
0.79550421 -0.89144582 0.22144209 11
0.72360498 -0.84046859 0.17527084 12
0.68868393 -0.82548732 0.13919291 13
0.66376066 -0.8215059 0.10414089 19
0.84051681 -0.89545041 0.22653709 11
0.76661682 -0.84646368 0.17937003 13
0.72969812 -0.82947129 0.14129464 13
0.69777751 -0.81849098 0.10522293 16
0.89052296 -0.90243357 0.23265578 11
0.81063217 -0.84945887 0.18246497 13
0.76871812 -0.82947963 0.14336838 14
0.74279916 -0.82449991 0.10631204 16
0.94453484 -0.91144073 0.23876368 12
0.86264658 -0.85846609 0.18756987 14
0.81073976 -0.83048797 0.14544976 14
0.78482336 -0.82450861 0.10739354 19
0.99954927 -0.91744709 0.24487548 11
0.91266555 -0.86347342 0.19167106 14
0.86376023 -0.83749586 0.14855793 15
0.82885057 -0.82551789 0.10748041 16
1.0755553 -0.93745226 0.25503731 8
0.96768433 -0.86848092 0.19578245 11
0.91078359 -0.8385042 0.15065099 15
0.87887388 -0.82752639 0.10958 16
1.1525638 -0.95345783 0.26419929 5
1.0247012 -0.8724879 0.20089746 12
0.97280228 -0.84751201 0.15477866 15
0.93089885 -0.83053553 0.11068425 17
1.2195741 -0.9594636 0.27233592 10
1.0937159 -0.88349497 0.20704053 13
1.0358227 -0.85552049 0.15790793 12
0.99692172 -0.8405447 0.11282062 17
1.2825892 -0.95947027 0.27846143 2
1.1617305 -0.89050192 0.21317962 14
1.0968417 -0.85752833 0.16203013 13
1.0589443 -0.84455377 0.11494584 17
4.3084979 -2.878325 0.79660642 5
1.2397428 -0.90050882 0.2203407 86
1.1708603 -0.8665368 0.16618246 14
1.1289673 -0.85156316 0.11708898 13
4.5164809 -2.8723297 0.81802875 110
1.3247533 -0.91051549 0.22851607 86
1.2538773 -0.87754506 0.17135426 15
1.20499 -0.85757285 0.11924388 15
5.235281 -3.1573093 0.9246375 18
1.4137642 -0.91952085 0.23569772 85
1.3278935 -0.87755024 0.17550005 85
1.2850076 -0.8625775 0.12240393 96
5.2643323 -3.0173206 0.91460282 87
1.517767 -0.93252289 0.24590953 97
1.421905 -0.88755411 0.18168899 78
1.3790258 -0.87158304 0.12559125 86
5.3393707 -2.9043355 0.91165692 24
1.6297733 -0.94452649 0.25613046 119
1.5169194 -0.89155895 0.18787202 92
1.4790431 -0.87958908 0.12978663 97
5.5873494 -2.8783441 0.93709886 4
1.7497771 -0.95553035 0.26736522 118
1.6309309 -0.90256435 0.19509549 100
1.5920601 -0.88859588 0.13400711 95
5.7543573 -2.8043571 0.94934988 22
1.881797 -0.96748728 0.27963069 112
1.7459704 -0.90749824 0.202325 88
1.7101046 -0.89553291 0.13824521 92
6.0943847 -2.8021669 0.98803151 9
2.0307877 -0.98046821 0.29389259 121
1.8709414 -0.91152078 0.21049687 103
1.8340617 -0.89956737 0.14237708 90
6.660193 -2.8792806 1.0588111 2
2.1927066 -0.99151862 0.30904165 77
2.0128696 -0.91657019 0.21961048 98
1.9769952 -0.90461808 0.14749284 98
2.371624 -1.0015756 0.32520768 20
2.1828177 -0.92761803 0.23078057 127
2.1470084 -0.91364926 0.15369493 119
22.827614 -8.5530043 3.4034534 12
2.5557053 -1.0065728 0.34150571 5
2.370904 -0.93561804 0.24312572 140
2.3260701 -0.91766214 0.16103607 118
22.928694 -8.0230179 3.371747 113
2.746712 -1.0045896 0.35888869 0
2.557935 -0.93457741 0.25550047 127
2.5151048 -0.91563004 0.16840675 126
23.230812 -7.5617771 3.3702149 42
23.483145 -7.5761576 2.6716807 14
2.7539322 -0.92859077 0.26785824 120
2.7151144 -0.90963197 0.17577037 96
28.395544 -8.5415649 4.0524178 15
5.8561239 -1.7824667 0.69216722 17
2.9909523 -0.92456919 0.28327924 150
2.9261689 -0.89661336 0.1841291 90
28.910732 -8.010314 4.0717459 128
28.950451 -7.90169 3.1936495 98
3.3959942 -0.95555443 0.31101158 150
3.3182106 -0.92061549 0.19984178 125
34.845337 -8.830843 4.8375182 43
34.910439 -8.669117 3.7903101 52
4.0910892 -1.037608 0.36124307 150
3.9353788 -0.98067594 0.22692065 138
34.95578 -8.0404873 4.7908974 49
40.846817 -9.159236 4.3705935 24
4.5911551 -1.0435807 0.39608774 35
4.4663982 -0.99169654 0.24885194 117
7.2589259 -1.538473 1.0222989 0
46.906246 -9.4048672 4.9515834 17
5.7569184 -1.1547382 0.47935408 7
5.3662844 -1.0458162 0.28757259 98
7.31493 -1.3805486 1.0183352 19
47.092426 -8.3378878 4.9122319 47
6.472795 -1.1348226 0.52766639 1
6.2841148 -1.0579792 0.32629409 97
7.3507767 -1.2197808 1.011369 22
47.254017 -7.2619457 4.8724551 15
18.434673 -2.7190499 1.4054371 3
6.7038169 -0.95818353 0.34193379 44
7.3795986 -1.0568613 1.0042075 25
18.362848 -2.4184413 1.900016 5
19.070723 -2.3516355 1.4362315 2
6.7498794 -0.79702622 0.34106952 84
7.4315834 -0.89592123 0.99966526 27
22.901167 -2.485877 2.335779 12
25.818972 -2.5660267 1.9134372 22
6.7654734 -0.63296193 0.34060353 84
7.4521594 -0.7329421 0.9929862 29
32.450195 -2.7603076 3.2542722 9
32.327053 -2.4435477 2.3607452 150
6.7664943 -0.46619606 0.33721516 84
7.4973192 -0.57015371 0.98823869 31
32.347034 -2.0138793 3.2069879 33
30.328058 -1.5749382 2.1898053 35
6.7726321 -0.30130476 0.335206 90
7.5344763 -0.40419206 0.98166591 29
47.403709 -1.8627399 4.6356187 47
12.159668 -0.3605198 0.89767838 15
6.793725 -0.1350091 0.33425862 89
7.575613 -0.23680149 0.97662973 27
12.197184 -0.21719718 1.2144679 38
27.16993 -0.14040557 1.9367421 35
6.8186941 0.031575311 0.3340649 87
7.6095905 -0.070374675 0.97145772 25
12.20725 0.057196233 1.2072098 35
24.417061 0.4430581 1.7375996 6
6.844604 0.19715267 0.33640221 80
7.6274176 0.097915351 0.96702731 26
12.210187 0.33614188 1.1978861 41
24.328676 1.0075843 1.7213081 13
4.3811998 0.22571133 0.22911288 1
7.6838875 0.26640773 0.96475047 22
12.219812 0.61136246 1.1917944 44
23.360817 1.5151509 1.6450049 10
3.8116312 0.28800976 0.20525402 150
7.6902566 0.4381476 0.95696533 25
12.213207 0.89040303 1.1817631 45
3.9504635 0.33594516 0.31346244 150
3.2067208 0.31949484 0.17896509 139
7.7264361 0.61314499 0.95282143 26
12.1715 1.1705099 1.1684544 18
3.3076141 0.35952017 0.26814154 151
2.7838349 0.34689364 0.16110271 127
7.7346401 0.78713936 0.9459334 31
12.191786 1.4534386 1.1636907 45
2.8367567 0.37587449 0.23523016 150
2.442946 0.36514854 0.14643553 118
7.7468419 0.96509248 0.9390263 29
12.20907 1.7393839 1.1577542 48
2.4768467 0.38815531 0.21049686 150
2.1629958 0.37737504 0.13485537 94
7.7730169 1.1440558 0.93496424 30
2.6717393 0.4370327 0.28687179 4
2.2049057 0.40037209 0.1919309 150
1.9460373 0.39055073 0.12540287 104
7.789197 1.3240263 0.92888147 29
2.4078143 0.45223853 0.26232061 56
1.977958 0.40855184 0.17546119 127
1.7560704 0.39870486 0.11800992 90
7.8033776 1.5059994 0.92379397 24
2.1508789 0.45643881 0.23779152 150
1.7870007 0.41570359 0.16306697 107
1.5861126 0.401838 0.11065861 81
7.8016005 1.6869291 0.91665483 8
1.9129746 0.45260885 0.2152964 150
1.6110917 0.41582641 0.15069526 80
1.4251901 0.40095556 0.10431968 80
47.951382 11.502967 5.3489432 52
1.7110655 0.4487552 0.1968751 117
1.4491557 0.41295022 0.14035816 80
1.3012379 0.40305385 0.099059358 77
48.012543 12.657782 5.3132243 38
1.5351183 0.44189534 0.1805142 85
1.3221982 0.41305265 0.13209422 75
1.2142764 0.41112432 0.095872879 12
1.696148 0.4897632 0.23180254 5
1.3932402 0.43899247 0.16721392 69
1.2413168 0.42310131 0.12591237 12
1.1363862 0.41817313 0.092700139 11
1.5252033 0.47989869 0.21245581 60
1.2722827 0.4350895 0.15696637 11
1.1503537 0.42517486 0.12072273 10
1.0534191 0.42024109 0.08952716 13
1.376255 0.4700163 0.19515485 79
1.1843277 0.43915847 0.14878172 11
1.083395 0.43222716 0.11557938 10
0.98345041 0.42329827 0.087380484 13
1.2483016 0.4601168 0.1798974 12
1.1103705 0.44321579 0.14162606 10
1.0044273 0.43129116 0.11141698 12
0.92548323 0.4273448 0.085258015 12
1.1623464 0.46118364 0.17071922 11
1.0394096 0.44527131 0.13547817 9
0.94946665 0.43833372 0.10729881 12
0.87251663 0.43238699 0.08314538 12
1.0843899 0.46124354 0.16155837 10
0.97044766 0.44632527 0.12933531 11
0.89249986 0.44037893 0.10417999 11
0.82554811 0.43742463 0.082045242 13
1.0104313 0.45930007 0.15240727 9
0.91148406 0.44737101 0.12421314 11
0.82652813 0.43543187 0.10004756 10
0.76557344 0.43347356 0.079924569 16
0.96147847 0.46633828 0.14630021 9
0.8625384 0.45141739 0.11910335 10
0.7855925 0.44148004 0.096948102 10
0.7216441 0.43553311 0.077816799 16
0.87455773 0.45243618 0.13711156 11
0.79661554 0.44449973 0.1139531 9
0.73766989 0.44154862 0.094830118 10
0.6807211 0.43759668 0.076711848 15
0.82564509 0.45449924 0.13198732 11
0.7537061 0.44654629 0.10983238 9
0.69676381 0.4435825 0.09170533 10
0.64381719 0.44061685 0.07558696 15
0.77775282 0.45351547 0.12583378 16
0.71181017 0.44856066 0.10669083 9
0.66386443 0.44759107 0.090582259 10
0.61289507 0.44462639 0.074480489 15
0.72881085 0.45154119 0.12070576 17
0.67284346 0.44858059 0.10359391 9
0.6318779 0.45160651 0.088507771 10
0.57990372 0.44564283 0.073405653 14
0.69282717 0.45455983 0.11662426 17
0.63885903 0.45159739 0.10051574 9
0.59489167 0.45062673 0.086425431 11
0.54592049 0.44566095 0.072328031 13
0.65785599 0.45657748 0.1125423 16
0.60889053 0.45561099 0.097442143 10
0.56291926 0.45264307 0.084349528 11
0.52094668 0.450672 0.072264358 13
0.62588638 0.45959315 0.1094654 15
0.57691717 0.45662746 0.09536697 9
0.5409494 0.45965055 0.083290391 11
0.49397209 0.45268437 0.071199074 12
0.59491611 0.46160793 0.10639153 15
0.5419417 0.45364615 0.092289045 11
0.51297379 0.46066397 0.08222378 10
0.46999615 0.45569465 0.071139328 12
0.56694555 0.46361992 0.10332395 15
0.512968 0.45465991 0.090220593 10
0.47599244 0.45368552 0.080145381 10
0.44201776 0.45370823 0.070075519 11
0.53497404 0.46263516 0.099250935 14
0.49299937 0.46066499 0.088166669 10
0.45101878 0.45469552 0.078085437 8
0.42405239 0.46072078 0.070030861 10
0.51201856 0.46666008 0.097204611 14
0.47405297 0.46769699 0.087133661 10
0.4320727 0.45973518 0.078059144 9
0.39609453 0.45776379 0.06898994 10
0.47605562 0.45970005 0.09314511 13
0.44207966 0.46172738 0.085077032 9
0.41010329 0.46275541 0.07701607 9
0.38112947 0.46578309 0.068961896 10
0.45509157 0.46372882 0.091113053 12
0.42411885 0.46775848 0.083054282 9
0.36316323 0.46981835 0.068942606 10
0.43012428 0.46276936 0.089083701 12
0.39814952 0.46480018 0.081024162 9
0.37017247 0.46882665 0.074969716 8
0.34920132 0.47884572 0.068924688 10
0.40315592 0.45980513 0.08604642 11
0.37718076 0.46582916 0.079994172 8
0.3890391 0.467731 0.085126735 11
0.36205852 0.47273695 0.079054207 8
0.34408253 0.48673522 0.07499364 8
0.30808663 0.47675005 0.068913616 9
0.3484627 0.48087347 0.078047402 9
0.35246786 0.47286919 0.081060685 11
0.30350843 0.48590636 0.072952189 8
0.27552211 0.48492816 0.068895623 9
0.30751556 0.47990215 0.07596425 8
0.32453528 0.48788616 0.078993931 10
0.26155585 0.47893623 0.070871152 7
0.23957473 0.4859533 0.067821912 8
0.30156171 0.4829016 0.075950257 10
0.27958006 0.49191931 0.073899746 7
0.27658328 0.47491956 0.073904507 9
0.22861035 0.48195875 0.069802485 7
0.20962985 0.49197391 0.067757592 8
0.24162941 0.48694575 0.071825974 7
0.24565464 0.47794828 0.070834592 9
0.19970302 0.48600492 0.068726137 6
0.17973183 0.4950307 0.067674875 8
0.2087581 0.48802128 0.06972824 7
0.21181189 0.47603041 0.067720078 8
0.16987149 0.48806629 0.067604616 6
0.14689761 0.49008662 0.067545705 7
0.17493881 0.48305604 0.067583926 6
0.18294871 0.48003337 0.065591589 8
0.14296107 0.49406421 0.06749583 7
0.11896142 0.4930827 0.067445345 7
0.14596368 0.48404741 0.065500982 6
0.15197678 0.47703096 0.06351196 7
0.115 0.49606273 0.066420466 6
0.092000447 0.49308273 0.067374617 7
0.1190083 0.48404828 0.064431094 6
0.12803026 0.48402819 0.061443172 7
0.089046784 0.50006354 0.06635014 6
0.067048185 0.50008339 0.068304449 6
0.094060868 0.49204737 0.06336005 6
0.058084194 0.48807523 0.065286882 6
0.041107018 0.50510365 0.069248393 6
0.069139354 0.49808627 0.062321026 6
0.076161809 0.49207348 0.057339381 7
0.034162231 0.49412593 0.065261364 6
0.016174933 0.50715095 0.069221459 7
0.045205381 0.5071252 0.061287206 6
0.050225798 0.49312928 0.055319682 8
0.012238271 0.51117909 0.065239273 6
-0.007755551 0.52020442 0.070196763 7
0.020270236 0.51217413 0.060262825 7
0.024125962 0.49206156 0.054365851 8
-0.012863043 0.52107245 0.065244101 6
-0.032865759 0.52807993 0.071185261 7
-0.0074716671 0.50078881 0.058858104 6
-0.0374268 0.52381623 0.064777695 6
-0.058431286 0.5238421 0.070738986 6
-0.032422155 0.4988001 0.057806764 6
-0.063377596 0.5228408 0.064728245 6
-0.083381385 0.52486879 0.0716905 7
-0.08833345 0.5198583 0.064696357 6
-0.10833303 0.52888423 0.072656669 7
-0.081331417 0.49283436 0.055745833 6
-0.11328165 0.53086323 0.064674892 6
-0.13528132 0.54289329 0.074629106 7
-0.1052788 0.50483817 0.05572537 6
-0.13924007 0.5268777 0.064669199 6
-0.16222736 0.54691744 0.075617447 8
-0.13218716 0.53187674 0.055698577 7
-0.16615684 0.53593558 0.065656222 7
-0.19014853 0.55597067 0.07659594 8
-0.14810638 0.51189256 0.043711152 7
-0.19410041 0.54196054 0.065603301 7
-0.22008999 0.56699961 0.078535229 8
-0.17404339 0.51590729 0.042652644 7
-0.22402769 0.55297643 0.066523179 7
-0.24902751 0.56801289 0.080461405 8
-0.21498634 0.54694605 0.054533139 7
-0.20196375 0.52191031 0.04156753 7
-0.25196254 0.55098516 0.067448594 7
-0.27996057 0.57103294 0.081386209 8
-0.24193294 0.54397535 0.054489791 7
-0.22892073 0.51996106 0.040551752 8
-0.28191996 0.55505341 0.067437559 7
-0.3119196 0.57610613 0.083371237 8
-0.32291374 0.56413668 0.083386406 8
-0.25887436 0.52702796 0.039538223 8
-0.31387892 0.5591262 0.068424329 7
-0.34487826 0.58118194 0.085355893 9
-0.28783482 0.52709472 0.038526885 8
-0.34583816 0.56119817 0.069393627 8
-0.36886138 0.56024337 0.085354254 6
-0.39017886 0.56919336 0.086222351 8
-0.32012457 0.5300777 0.037387002 7
-0.38013485 0.56317073 0.070251487 8
-0.40415677 0.56521118 0.087207377 5
-0.35905445 0.54711419 0.036305513 8
-0.40710002 0.54919535 0.070219301 5
-0.4391112 0.5642463 0.089149609 6
-0.37503192 0.54512924 0.036280483 8
-0.46207419 0.57226509 0.090094805 5
-0.38800773 0.5371334 0.036253393 9
-0.48503581 0.5782795 0.092032045 10
-0.40497261 0.53513819 0.035209004 9
-0.46499676 0.5552296 0.071076006 5
-0.51199287 0.58829844 0.093958281 11
-0.4199411 0.5311417 0.035169881 7
-0.48995745 0.5642513 0.073013358 10
-0.53196537 0.58832228 0.094923079 10
-0.47692099 0.55223387 0.053066455 5
-0.51493347 0.57029998 0.073988982 9
-0.55594707 0.59037155 0.096904531 10
-0.49789977 0.55427718 0.053052906 8
-0.53691185 0.57234502 0.073974065 9
-0.58991438 0.60643339 0.099856079 10
-0.51788193 0.55331981 0.053044342 9
-0.56288743 0.57839602 0.074948944 9
-0.62288707 0.61749494 0.10281458 10
-0.50684214 0.54530412 0.033090301 11
-0.54785162 0.56337434 0.053008631 9
-0.58487183 0.57644302 0.075938739 8
-0.64686972 0.6165452 0.10380053 8
-0.5308184 0.54835081 0.032071639 11
-0.56783658 0.56141889 0.054001987 8
-0.6128484 0.58149749 0.076912172 9
-0.69782579 0.64463007 0.10871124 6
-0.5547964 0.55039668 0.032045316 12
-0.59880704 0.56947118 0.053951215 8
-0.64382273 0.58854944 0.078855462 9
-0.72081321 0.63866979 0.1096757 6
-0.57477957 0.54643309 0.032012645 12
-0.61778718 0.56350684 0.053923894 8
-0.66976219 0.58859903 0.079819962 9
-0.75371641 0.64273286 0.11162976 6
-0.60663408 0.55549842 0.030980973 13
-0.64966106 0.56956595 0.053888913 9
-0.6976878 0.589643 0.08078301 9
-0.78768408 0.64677453 0.11456897 2
-0.62864459 0.55051225 0.029938776 13
-0.67766613 0.57158875 0.054831076 9
-0.72869223 0.5916695 0.08172147 9
-0.83667099 0.66282415 0.11846508 0
-0.66157699 0.55753291 0.02987415 14
-0.70355141 0.5695954 0.054788906 9
-0.76151955 0.59467882 0.082656085 9
-0.69033998 0.55853003 0.028831732 15
-0.73532218 0.57059669 0.05472932 10
-0.79729736 0.59868634 0.084570341 9
-0.71305823 0.55156708 0.02881035 14
-0.76408148 0.56964707 0.054680049 10
-0.83811224 0.60375482 0.085477479 9
-17.528967 14.015331 1.8339375 68
-0.74505544 0.55358094 0.027724694 16
-0.79511261 0.56765586 0.055591352 10
-0.91312325 0.63581318 0.090247981 7
-17.543909 13.39 1.8050226 81
-0.77208698 0.54758358 0.027633455 16
-0.83113205 0.56866896 0.055467695 10
-0.95813084 0.63884306 0.091108657 7
-17.570585 12.801921 1.7822996 83
-0.80906707 0.54961658 0.026538141 16
-0.87710094 0.57571965 0.056356873 10
-1.0200953 0.65391362 0.093953654 3
-1.5039374 0.96352977 0.17654645 2
-0.84903949 0.5516597 0.026445847 17
-0.92906898 0.58377725 0.057231393 11
-1.262952 0.79019719 0.10826781 0
-16.814056 11.130013 1.6576953 98
-0.89579421 0.55759966 0.02496947 18
-0.9958216 0.60073662 0.057692077 9
-17.561768 11.074803 1.70619 70
-0.95975512 0.57166541 0.023812594 20
-1.0927693 0.63384008 0.059438977 9
-17.669199 10.595924 1.6934896 106
-1.0267169 0.58473444 0.022650084 13
-1.1817284 0.65593541 0.061216295 9
-17.650764 10.476296 1.0477142 117
-17.686655 10.078943 1.6740379 109
-1.1096715 0.60482061 0.021443469 13
-1.2716906 0.67303097 0.061996792 10
-17.666254 9.9413195 1.0332836 101
-17.712103 9.5789728 1.6565491 114
-1.1956301 0.62091011 0.0202343 11
-1.3466676 0.67811197 0.063824981 11
-17.721716 9.4463902 1.0237176 111
-17.735542 9.0840006 1.6390578 111
-1.2735971 0.62899148 0.019052368 12
-1.4336392 0.68620491 0.064622544 11
-17.755177 8.9494352 1.0122039 112
-17.757973 8.6050282 1.6225518 113
-1.3495706 0.63107091 0.017881474 12
-1.5346109 0.69631392 0.066385843 10
-17.753649 8.4414425 0.99978119 113
-17.773396 8.1310492 1.6060557 78
-1.435542 0.63516122 0.0166857 13
-1.6135962 0.69139892 0.067216001 3
-17.788094 7.9654913 0.99024117 123
-17.844803 7.6871343 1.5953974 117
-1.5585003 0.65129107 0.015392171 14
-1.9824649 0.81079888 0.074247338 1
-17.814537 7.4945321 0.98071331 108
-17.862215 7.2311597 1.5808758 96
-1.7934077 0.71053845 0.011795898 130
-17.711344 7.2648654 0.37923497 100
-17.844976 7.0285764 0.97116953 121
-17.888622 6.7851944 1.5673217 96
-1.9783539 0.73573422 0.0093509452 85
-17.704819 6.7818785 0.37579232 106
-17.866396 6.570622 0.96264035 115
-17.926956 6.3462958 1.5547479 104
-2.1372285 0.74290526 0.00698925 150
-17.732094 6.315062 0.37229636 107
-17.883606 6.1188245 0.95516419 116
-17.170259 5.6535916 1.4773036 2
-2.3440666 0.75811034 0.0045216386 134
-17.745495 5.8540063 0.36990374 112
-17.090231 5.4097257 0.90591383 111
-17.13773 5.2262192 1.4620432 106
-2.7499759 0.82745373 -0.00042791592 151
-17.081228 5.1879606 0.35433578 94
-17.126707 4.9944391 0.89947838 70
-17.951096 5.0408025 1.5155989 109
-17.833549 4.9654427 0.36707014 9
-17.937035 4.7890458 0.9320249 121
-17.975525 4.6225858 1.5051192 136
-17.968473 4.3628764 0.92752308 111
-18.009945 4.2113428 1.4966582 113
-17.979939 3.9344954 0.92224306 52
-18.033367 3.7949603 1.4853373 112
-18.05377 3.3855758 1.4760069 112
-0.39078683 0.026858507 0.051865391 1
-18.080156 2.979197 1.4676504 90
-18.094524 2.5698047 1.4573131 112
-0.44973388 0.020898024 0.054756157 3
-18.116865 2.1666429 1.4487033 90
-18.133944 1.76094 1.4396747 78
-0.45143175 0.0038872082 0.054804415 3
-18.165268 1.3620417 1.4326613 80
-18.156569 0.95974553 1.4220612 58
-0.44388136 -0.013072411 0.053763323 2
-18.193438 0.56386679 1.4150417 47
-18.221773 0.15949018 1.4086462 42
-0.45082855 -0.028086478 0.053784605 2
-18.247087 -0.2408904 1.4022444 39
-17.420218 -0.61812514 1.3307016 30
-0.4506858 -0.044122566 0.053817682 2
-17.527199 -1.0098231 1.3324528 3
-18.265741 -1.4548405 1.3786643 43
-0.44945815 -0.061126888 0.053866722 2
-18.294024 -1.8630084 1.3730632 43
-18.331305 -2.2783689 1.3672042 30
-0.43329364 -0.07511802 0.052872617 1
-18.327566 -2.6886039 1.3594143 29
-18.349798 -3.1042328 1.3569407 26
-6.3010931 -1.2141443 0.48337722 0
-18.416117 -4.3852057 1.3430042 106
-8.7757969 -2.4046922 0.222839 17
-18.282669 -4.908721 0.87713146 109
-18.433542 -4.8251834 1.3378284 110
-2.2766991 -0.69126958 0.030927399 87
-2.4888954 -0.74203151 0.089460954 4
-7.284903 -2.1349518 0.36932734 3
-18.418087 -5.2569714 1.3294228 115
-2.1107202 -0.69442767 0.03205663 91
-2.294874 -0.74019814 0.085706979 42
-6.9269094 -2.1993213 0.3531476 4
-18.356468 -5.6790299 1.3199316 76
-1.9597011 -0.69457781 0.034378778 88
-2.1208413 -0.73737544 0.083075382 120
-5.314343 -1.8180013 0.27924097 11
-17.76647 -5.9329157 1.2726369 119
-1.8046293 -0.6857658 0.034743197 72
-1.9607639 -0.73156965 0.0804611 109
-5.1783295 -1.9022138 0.27371505 69
-5.1985278 -1.8580883 0.39264837 87
-1.6735973 -0.67988294 0.036039252 59
-1.7957107 -0.71472371 0.076819949 95
-3.394557 -1.3310372 0.19101088 27
-5.1736116 -1.9780972 0.38985774 19
-1.5845851 -0.68595988 0.037248429 45
-1.662684 -0.70384759 0.075096965 57
-1.8448381 -0.76462615 0.11876345 2
-4.7325125 -1.9285302 0.35768977 72
-1.5045968 -0.6910336 0.038410343 16
-1.5736878 -0.70693237 0.073275469 41
-1.7038158 -0.74876523 0.11303359 16
-4.6285939 -2.0046072 0.34992045 70
-1.4296126 -0.69610131 0.039556291 1
-1.4927021 -0.71100569 0.07242728 11
-1.6088219 -0.74885303 0.10820422 54
-4.8078647 -2.2083633 0.36061558 42
-1.4417117 -0.72505337 0.071534574 1
-1.5167969 -0.74494785 0.10439148 8
-5.0341187 -2.4491174 0.37434915 5
-0.71444881 -0.76463425 0.053048391 7
-0.727449 -0.75360936 0.063013017 6
-0.67940378 -0.75766999 0.053132471 18
-0.69840825 -0.75263917 0.062089689 7
-0.72542626 -0.75759846 0.072038867 6
-0.76244879 -0.7685473 0.080971941 2
-0.65637654 -0.76469147 0.054202914 18
-0.67037201 -0.75366735 0.062165558 8
-0.69636732 -0.75663692 0.070123203 8
-0.73338675 -0.77060145 0.079061128 7
-0.63132101 -0.76675653 0.054283775 18
-0.65032768 -0.76274371 0.06223917 10
-0.66732877 -0.75573385 0.069195956 9
-0.69333881 -0.75671363 0.076140702 10
-0.60129315 -0.76285529 0.055350818 17
-0.63130456 -0.77282697 0.062305223 9
-0.64528239 -0.76181304 0.069283582 8
-0.66425914 -0.75379586 0.074254468 14
-0.58622241 -0.77791047 0.056468405 17
-0.60119802 -0.76689649 0.062444612 9
-0.6231938 -0.7678808 0.068410248 9
-0.64218938 -0.75987983 0.073359594 12
-0.56517321 -0.78400618 0.056547094 18
-0.58016771 -0.77501035 0.062502556 8
-0.60014927 -0.77102435 0.067441136 10
-0.61912549 -0.76404047 0.07137806 12
-0.54409969 -0.79117715 0.057555858 17
-0.56608456 -0.79018885 0.062493064 13
-0.5770511 -0.77421349 0.066437393 11
-0.60103524 -0.77422398 0.070369802 16
-0.51398802 -0.78037262 0.057557225 17
-0.54000068 -0.78834009 0.06250596 12
-0.56100059 -0.78631359 0.066454515 12
-0.57298005 -0.76929891 0.068406031 13
-0.4929662 -0.78339654 0.058599383 16
-0.51496816 -0.78537005 0.061550301 12
-0.53597128 -0.78634357 0.065502293 12
-0.55596137 -0.77932036 0.067447349 13
-0.4720619 -0.78631032 0.058690708 16
-0.48903698 -0.78032935 0.061633844 12
-0.51302409 -0.78534091 0.064573132 13
-0.53200096 -0.77834487 0.065513656 15
-0.44197005 -0.77044964 0.058704127 15
-0.46898395 -0.78341782 0.061656479 12
-0.48898047 -0.78239477 0.063608453 13
-0.51197565 -0.78236955 0.06455484 16
-0.41793662 -0.76447755 0.058742881 15
-0.44495127 -0.77844572 0.061696365 12
-0.46594879 -0.78042263 0.062649518 12
-0.48994753 -0.7833963 0.063597083 16
-0.39991578 -0.76849782 0.0597797 14
-0.41891122 -0.7684769 0.060735047 12
-0.44291416 -0.77545059 0.061687186 12
-0.46791586 -0.78342432 0.061638217 15
-0.37587911 -0.75952572 0.059815105 14
-0.398884 -0.76850051 0.060771778 11
-0.41587082 -0.76248276 0.060724724 12
-0.4438799 -0.77745336 0.060677022 15
-0.3548499 -0.75554931 0.060849555 13
-0.37885702 -0.76852411 0.060808536 11
-0.39784664 -0.76750541 0.059762724 11
-0.41783535 -0.765486 0.05871354 14
-0.33883265 -0.76557052 0.060889062 14
-0.35682204 -0.76255327 0.060843378 10
-0.37681329 -0.7635352 0.059797771 11
-0.39780352 -0.76551706 0.057751052 14
-0.31779885 -0.75960028 0.061922051 13
-0.34080416 -0.77357888 0.060884535 11
-0.35477513 -0.7575683 0.058832988 10
-0.37776718 -0.76354927 0.05578633 14
-0.30177796 -0.76762563 0.061959829 13
-0.31876382 -0.76361078 0.060915243 10
-0.33975521 -0.76757735 0.058875632 11
-0.35773125 -0.76154345 0.054833259 12
-0.28174266 -0.76359475 0.063011482 13
-0.30273587 -0.76955521 0.060976315 10
-0.3177098 -0.75952339 0.057935826 11
-0.34070131 -0.76848465 0.053899758 14
-0.26170251 -0.75554025 0.063067265 12
-0.28270605 -0.76451701 0.060036529 10
-0.3027041 -0.76849478 0.05700234 10
-0.31868422 -0.75747794 0.052959632 13
-0.24771069 -0.77153742 0.06414035 13
-0.26167083 -0.75352687 0.060093947 9
-0.2826626 -0.76450825 0.05706634 11
-0.30360213 -0.76948124 0.052060027 13
-0.22757486 -0.76152742 0.064249091 13
-0.24756786 -0.77151382 0.060217652 10
-0.2625393 -0.75850499 0.056169257 9
-0.28452641 -0.76449078 0.051128458 13
-0.20853925 -0.75454575 0.064287744 12
-0.22853327 -0.7655322 0.060257565 10
-0.24752147 -0.77051967 0.05622229 11
-0.26448819 -0.75951272 0.049171865 12
-0.19353117 -0.76956618 0.065342329 13
-0.21051326 -0.76256794 0.060293507 9
-0.2274946 -0.75457054 0.055243101 10
-0.24949127 -0.76957172 0.048209574 13
-0.17451341 -0.75661105 0.065364145 12
-0.19451511 -0.77260268 0.060332309 10
-0.21149389 -0.7635988 0.054275185 9
-0.2284694 -0.75359571 0.047217041 12
-0.15854168 -0.76764745 0.066371776 13
-0.17558569 -0.75768226 0.060249332 9
-0.19459948 -0.76868522 0.05419578 10
-0.21357168 -0.76767862 0.046147965 12
-0.14154953 -0.76575923 0.067243032 12
-0.15953837 -0.77375561 0.060207121 10
-0.1765037 -0.76074952 0.053151283 9
-0.19548222 -0.76574129 0.045113653 12
-0.12452441 -0.76278174 0.067279741 12
-0.14150435 -0.76677406 0.060245648 9
-0.16049574 -0.77576929 0.053203821 10
-0.1774627 -0.76077008 0.044134326 11
-0.1075308 -0.77079034 0.06832137 13
-0.12447532 -0.76478237 0.060255673 9
-0.142386 -0.76279438 0.052159499 9
-0.1613676 -0.77178741 0.043124873 12
-0.090412244 -0.76282668 0.068282016 12
-0.10839806 -0.77381957 0.060252056 10
-0.12536363 -0.76381338 0.052200235 10
-0.14332546 -0.7548086 0.042147238 11
-0.074397951 -0.7698437 0.069327205 13
-0.090379536 -0.76484078 0.06027076 9
-0.10836486 -0.77183908 0.051237013 10
-0.12633547 -0.76683855 0.041195597 12
-0.057397347 -0.76287776 0.069361091 12
-0.074394122 -0.77987581 0.061347302 10
-0.091352224 -0.76187623 0.051293291 9
-0.10933027 -0.76687676 0.040263373 11
-0.04040068 -0.76691383 0.070433393 13
-0.057374466 -0.76491427 0.060397778 9
-0.074357726 -0.77291465 0.050373696 10
-0.09231846 -0.76190746 0.039320707 11
-0.02225708 -0.7758103 0.071440563 13
-0.039222028 -0.77380979 0.060395628 9
-0.058175839 -0.76180673 0.050334591 9
-0.076117069 -0.77381217 0.038306016 12
-0.0061418735 -0.75985193 0.070464358 12
-0.022099787 -0.7818557 0.061452124 10
-0.040023819 -0.7758612 0.04940293 10
-0.058943454 -0.76286471 0.038343314 10
0.012005079 -0.77190185 0.072530061 13
-0.004929218 -0.76790643 0.060485154 9
-0.021902904 -0.77490377 0.049451258 10
-0.040869437 -0.77690029 0.037406746 12
0.031043135 -0.78192765 0.073589049 13
0.014077698 -0.78292614 0.061548304 10
-0.0058694119 -0.76692283 0.048480779 9
-0.022848064 -0.78192133 0.03645606 12
0.047079843 -0.76794565 0.073611617 13
0.031101998 -0.78194511 0.061588194 10
0.013144521 -0.77694362 0.048538174 10
-0.0068090782 -0.76794034 0.0354787 11
0.067088567 -0.78096634 0.074674785 14
0.048128292 -0.77896404 0.061625753 10
0.031165132 -0.77996355 0.048585057 10
0.013200699 -0.78496319 0.034546491 13
0.082121722 -0.77098352 0.074699409 12
0.068144269 -0.78698587 0.061683174 11
0.04720062 -0.76998276 0.047612175 10
0.031229561 -0.78198427 0.033586502 12
0.1021342 -0.78000426 0.075757854 14
0.08418072 -0.77400583 0.061706111 9
0.068214893 -0.78100926 0.047674082 11
0.048260096 -0.77901006 0.032621987 12
0.12215386 -0.7840324 0.076808073 14
0.10419892 -0.78203511 0.061760873 10
0.084248863 -0.77503598 0.046703037 9
0.068279818 -0.78804058 0.031677928 13
0.13918436 -0.77905887 0.076840647 13
0.1242191 -0.78806448 0.061813429 11
0.10327099 -0.77906442 0.046750817 10
0.084321506 -0.77406734 0.03069769 10
0.159206 -0.78108704 0.07788863 14
0.14124985 -0.78309107 0.061846018 9
0.12529081 -0.7880969 0.045811769 11
0.10633559 -0.78909987 0.029765556 13
0.17822737 -0.78311449 0.07893417 14
0.16027571 -0.78311962 0.061889257 10
0.14431567 -0.7891255 0.045856189 10
0.12636104 -0.79213071 0.028814748 13
0.20024413 -0.79014468 0.079992913 14
0.1812977 -0.78715014 0.061942071 11
0.16135244 -0.78015262 0.04488435 10
0.1463875 -0.79315871 0.02786253 12
0.21428297 -0.77516383 0.080007985 14
0.20231619 -0.7901727 0.062995836 10
0.18237121 -0.78517503 0.044940874 11
0.16043086 -0.77517557 0.026875209 10
0.24029076 -0.78918988 0.081087112 15
0.21835293 -0.77919155 0.062021453 9
0.20539038 -0.79220062 0.044004537 11
0.18644175 -0.79320508 0.024959018 14
0.26430494 -0.79621416 0.082153119 16
0.24535754 -0.79621863 0.063106433 11
0.21942724 -0.77821642 0.044021748 8
0.21045822 -0.80323154 0.024028566 14
0.28332907 -0.79323363 0.083195217 15
0.26638207 -0.79524112 0.063155778 12
0.24544159 -0.79024488 0.043098427 11
0.22649525 -0.79125059 0.023052538 11
0.3013522 -0.78525746 0.083218135 15
0.29038605 -0.79927474 0.063196883 11
0.26943707 -0.79528254 0.043130353 12
0.24649426 -0.78728968 0.02205437 11
0.3273353 -0.79329938 0.084247962 17
0.30638859 -0.78930843 0.063181467 10
0.29442564 -0.80232614 0.04215683 12
0.27248064 -0.79633439 0.021085687 14
0.35032594 -0.7933383 0.085260853 17
0.33137763 -0.79335058 0.06320399 11
0.31742302 -0.80336374 0.042178825 12
0.29748547 -0.80237281 0.01912841 14
0.37832916 -0.80137235 0.086322747 18
0.35639447 -0.79737949 0.063263945 13
0.33745417 -0.79638827 0.041215964 12
0.32649937 -0.81340587 0.018208567 15
0.4063397 -0.80840093 0.088395528 19
0.38440827 -0.80340922 0.064335592 13
0.35948169 -0.79341471 0.040262543 11
0.34952798 -0.81143445 0.016258756 15
0.43036479 -0.80542815 0.088446736 19
0.41042849 -0.80543834 0.064397559 13
0.38450107 -0.79644275 0.040323909 11
0.3745521 -0.81246346 0.015318552 14
0.45738038 -0.80845547 0.09051434 20
0.43744811 -0.80946779 0.06446714 14
0.41052613 -0.79747236 0.039387755 12
0.40157795 -0.81549066 0.014390915 14
0.4912937 -0.81947327 0.091618955 22
0.46337551 -0.80847931 0.064537294 14
0.44344276 -0.80749077 0.039486822 12
0.43050218 -0.81951123 0.012468623 14
0.51931351 -0.81950313 0.092683241 22
0.49838549 -0.8185159 0.065630347 16
0.46746862 -0.803518 0.0395368 13
0.46052617 -0.82254648 0.010541396 14
0.54833341 -0.819534 0.093749799 24
0.52940577 -0.82054991 0.065704137 17
0.4994882 -0.80855405 0.038616594 13
0.48855075 -0.82257867 0.009606258 14
0.58034933 -0.82156628 0.095827281 25
0.55543262 -0.81657869 0.065760918 12
0.53350496 -0.81559032 0.038706515 10
0.51957715 -0.82461435 0.007683232 13
0.6103738 -0.82059437 0.096902542 21
0.58945656 -0.82060462 0.066859215 13
0.57952392 -0.83462399 0.037858702 12
0.55261892 -0.82763034 0.0057922076 10
0.64141142 -0.82060373 0.098008335 24
0.62548941 -0.82562059 0.066982195 12
0.61054838 -0.83364254 0.036959149 12
0.60460746 -0.85267788 0.0029707153 11
0.67539138 -0.82163632 0.099115707 22
0.66245496 -0.83066273 0.067098938 14
0.64453095 -0.83369976 0.03605327 12
0.64055169 -0.8547951 0.0020708793 12
0.71632195 -0.82675797 0.10123163 23
0.69239867 -0.82577628 0.067173868 13
0.682473 -0.83680379 0.035162318 12
0.68454283 -0.86384767 -0.00080082851 11
0.75032908 -0.82479388 0.10231979 26
0.73041981 -0.82681543 0.068272166 13
0.72050714 -0.83785558 0.034258291 13
0.72058815 -0.86190134 -0.0027091866 12
0.79136258 -0.82684052 0.10444006 23
0.77645731 -0.83386123 0.068421647 15
0.76254857 -0.84188145 0.033406727 13
0.77661747 -0.8779397 -0.0055135125 9
0.83738273 -0.83187151 0.10658795 23
0.81348515 -0.8308928 0.068526015 14
0.81156301 -0.84893352 0.032541856 14
0.82563609 -0.88499576 -0.0083808135 10
0.88039821 -0.83191717 0.10769761 18
0.86749023 -0.84094936 0.069675118 15
0.85862559 -0.85297358 0.03164139 13
0.87870306 -0.89204055 -0.01126064 11
0.929461 -0.83595055 0.10980642 23
0.91256589 -0.83997792 0.069771275 14
0.91665018 -0.86202449 0.030809442 10
0.94772404 -0.91010404 -0.014054943 11
0.97848439 -0.83699137 0.11194193 19
0.96958297 -0.84803039 0.070930906 16
0.97666943 -0.87108505 0.029973812 11
1.0197405 -0.92718297 -0.017855166 12
1.0474864 -0.85006154 0.11512718 20
1.0305991 -0.85409606 0.071088061 16
1.0346894 -0.876149 0.029122258 12
1.1087495 -0.95328188 -0.022604935 9
1.1114955 -0.85612696 0.11829165 19
1.0936131 -0.86016268 0.072250023 12
1.1097037 -0.88923079 0.027322335 12
1.1947676 -0.97037822 -0.027372759 43
1.1775081 -0.86119556 0.12045979 23
1.1686225 -0.87124127 0.073447824 13
1.1847228 -0.89831233 0.025519034 13
1.2478068 -0.96143895 -0.030250667 26
1.2525177 -0.86827052 0.12365638 23
1.2456375 -0.8803212 0.073652722 14
1.2737356 -0.91440678 0.023762096 14
1.2728634 -0.93146926 -0.031220725 18
1.3325253 -0.87534928 0.12786637 97
1.3246535 -0.88640273 0.074859075 88
1.3697497 -0.92950875 0.022021459 82
1.2809309 -0.8904829 -0.032246292 21
1.4195333 -0.88343519 0.13109423 89
1.4196633 -0.8974973 0.076109797 76
1.4747628 -0.94461524 0.020301152 91
1.2780007 -0.84347767 -0.032309227 16
1.5135392 -0.89052224 0.13533628 84
1.5136774 -0.90358776 0.077350676 85
1.5997664 -0.9667412 0.018639652 99
1.2840148 -0.80250907 -0.032292448 14
1.6124589 -0.89566374 0.13967748 93
1.6166043 -0.91073298 0.07870996 86
1.7366933 -0.98692077 0.016103003 86
1.2970442 -0.76752752 -0.033245761 12
1.7184737 -0.89974421 0.14396945 97
1.7346135 -0.91980821 0.080041423 86
1.8637053 -0.99598956 0.013462149 69
1.3140876 -0.7334767 -0.034219824 12
1.8414514 -0.90778524 0.14931679 96
1.8576053 -0.9258675 0.081383996 90
1.9817148 -0.99606496 0.010792367 64
1.3221457 -0.69541901 -0.034205358 12
1.9717394 -0.91275173 0.15452166 98
2.0079014 -0.93787736 0.082642518 86
2.1010425 -0.98906797 0.0079393182 13
1.3385098 -0.66129416 -0.035391714 12
2.1247385 -0.92091471 0.16091761 112
2.1809063 -0.95206779 0.084096394 120
2.0041721 -0.88896686 0.0085707074 10
1.3485759 -0.6243102 -0.036412157 12
2.2837303 -0.92508882 0.16733178 118
2.3708761 -0.96529019 0.08661788 130
2.00822 -0.83399343 0.0065394212 8
1.3606024 -0.58933842 -0.037408821 11
2.4676979 -0.93029875 0.17482804 115
2.5528867 -0.96649605 0.088087596 145
1.9993079 -0.77498835 0.0064433347 9
1.3736644 -0.55435663 -0.037419181 10
2.6417122 -0.92448676 0.18126217 117
2.7499077 -0.96571511 0.089586273 128
2.0433803 -0.73504341 0.0045053991 8
1.396727 -0.52338809 -0.039399207 11
2.8207328 -0.91268039 0.18770154 103
2.9839251 -0.96597368 0.092180237 150
2.065459 -0.68707329 0.0035017391 8
1.405794 -0.48640317 -0.040422112 9
3.0737302 -0.91495186 0.19734612 104
3.3898976 -1.0044196 0.096258007 150
2.0825424 -0.63709897 0.0014829581 8
1.4278563 -0.45343244 -0.041407049 9
3.4996715 -0.94940341 0.21546973 146
3.958838 -1.0650411 0.10377697 56
2.107621 -0.58913219 0.00048700024 6
1.4449208 -0.41845629 -0.042407122 9
4.0945716 -1.0050327 0.24104844 132
4.4738302 -1.0876175 0.1081249 22
2.1307228 -0.5391959 -0.0014754185 7
1.4570205 -0.38252473 -0.043357242 9
4.57058 -1.0076479 0.26040882 125
5.3177996 -1.1566852 0.11855164 1
2.1518538 -0.4892917 -0.0023774991 6
1.4681271 -0.34556189 -0.044308681 9
5.4774733 -1.0705645 0.29787153 103
2.1669497 -0.4382247 -0.0034015155 7
1.489203 -0.31051394 -0.045297001 8
6.2994299 -1.0802706 0.33098298 107
2.2070413 -0.39022234 -0.0053656665 6
1.4952753 -0.2725105 -0.04534452 8
6.6995382 -0.99260581 0.34286389 28
2.2271268 -0.33724886 -0.0063939961 7
1.5173426 -0.2365406 -0.047335006 9
6.7547307 -0.84567028 0.33881319 92
2.2632101 -0.28627402 -0.0083792759 6
1.527408 -0.19748138 -0.048403867 9
6.7569499 -0.69142509 0.33147898 94
2.2922885 -0.23318303 -0.01044693 7
1.5374641 -0.15844087 -0.048456255 9
6.7691426 -0.53845853 0.32528871 98
2.3213673 -0.17821984 -0.012443125 7
1.5635241 -0.12147298 -0.05043279 9
6.7693348 -0.38647947 0.31906956 94
4.0951142 -0.21997286 0.078093432 0
2.3374722 -0.1221493 -0.013529374 6
1.5676391 -0.081295565 -0.051582698 7
6.7746086 -0.23523141 0.31171998 99
4.2283158 -0.12684152 0.07614325 0
2.3485994 -0.065972753 -0.014676288 7
1.5867128 -0.041220393 -0.052628376 9
6.8107557 -0.084293038 0.30775499 95
2.3836339 -0.010036019 -0.016596284 6
1.5957403 -0.0022506192 -0.053626865 8
6.8319302 0.067667961 0.30168694 94
2.4057264 0.04893364 -0.018628251 6
1.6108119 0.039718334 -0.05465534 10
6.8431358 0.22469446 0.29450589 98
4.3866606 0.17498036 0.068275712 0
2.4658239 0.11186311 -0.021564383 6
1.6168813 0.080700435 -0.055699088 9
4.2814097 0.22924075 0.19493645 117
4.2867951 0.27207479 0.063896373 12
2.4659128 0.17186093 -0.022638729 6
1.6219506 0.12270188 -0.055736758 8
3.7275341 0.28179431 0.1714638 147
3.7978609 0.32758754 0.05859768 150
2.4779611 0.23286793 -0.024666898 7
1.6359602 0.16571517 -0.05674566 8
3.1835921 0.31134948 0.14905867 106
3.1848855 0.34722748 0.052016743 150
2.5110402 0.29783472 -0.026657008 7
1.6640359 0.21168083 -0.058730286 8
2.7931521 0.33533299 0.13212888 104
2.7534025 0.36327499 0.047993414 144
2.523598 0.36143297 -0.027590336 9
1.6855738 0.2583003 -0.060601246 8
2.4752278 0.35365686 0.11929503 108
2.4044442 0.37364435 0.045090251 128
2.5106912 0.42244059 -0.028698325 16
1.722653 0.30925128 -0.062565751 8
2.2142706 0.3669101 0.10863234 119
2.1294529 0.38191831 0.042404398 91
2.2386832 0.4327198 -0.023377432 150
1.7527173 0.36119989 -0.065536104 8
1.9973228 0.37912643 0.099068277 98
1.9174908 0.39114365 0.040849116 87
1.9476823 0.42504081 -0.017114712 116
1.7597982 0.41018671 -0.06657809 8
1.8073739 0.38632086 0.091572016 93
1.7265232 0.39534643 0.039353978 81
1.715685 0.41829678 -0.011701624 89
1.7818831 0.46315715 -0.067586392 10
1.6424187 0.39048952 0.085143656 85
1.5555509 0.39552775 0.037915155 80
1.5276909 0.41250393 -0.0071767266 77
1.6068832 0.46135479 -0.059033018 73
1.4914606 0.39164323 0.078755029 80
1.4125779 0.39467877 0.036549475 79
1.3747004 0.40767187 -0.0035631538 70
1.4058573 0.44258478 -0.047525514 96
1.3684984 0.39376888 0.074437097 73
1.3056109 0.39979061 0.035268959 17
1.2587191 0.40879843 -0.00086184271 12
1.2558501 0.43175453 -0.039896816 12
1.2635392 0.39687225 0.070167661 13
1.2096614 0.40286708 0.034047324 11
1.1697805 0.41285032 0.00095756172 14
1.1589152 0.4317992 -0.034068838 11
1.1846483 0.40386918 0.067055151 16
1.1277521 0.40789106 0.033914231 15
1.0918499 0.41690943 0.001807678 14
1.080959 0.43589959 -0.030246615 10
1.1096948 0.40799689 0.06285806 18
1.0587829 0.41303328 0.032717869 14
1.024873 0.42205155 0.0036165516 13
0.99796629 0.43406165 -0.025470482 12
1.0367262 0.41114157 0.06065423 18
0.99681085 0.41813925 0.032536563 14
0.95788807 0.42412683 0.0044234646 12
0.93497699 0.43711701 -0.022651488 11
0.98475778 0.41816083 0.057499345 21
0.93983465 0.42217574 0.031379096 12
0.90191066 0.42818439 0.0062743425 12
0.86998814 0.43518662 -0.018816225 11
0.9297905 0.4222123 0.055352785 21
0.88085818 0.42324108 0.031221367 13
0.85092568 0.43129376 0.0071008462 12
0.80898386 0.43335932 -0.01604254 11
0.87580246 0.42437866 0.053138137 24
0.8388719 0.43038842 0.030038888 14
0.7909289 0.42741099 0.0079229306 11
0.75799298 0.43341917 -0.013165909 17
0.83383048 0.4294188 0.051033884 24
0.79389274 0.43343431 0.02992982 13
0.7499491 0.43245405 0.0088219047 11
0.7150076 0.43546569 -0.011268 16
0.77585065 0.4264757 0.048899051 19
0.73592997 0.4275707 0.028750986 12
0.70301336 0.43167412 0.0096085947 11
0.67009342 0.43477896 -0.0085325381 16
0.73195684 0.42679855 0.046623386 20
0.70200694 0.43380764 0.028540192 12
0.67205167 0.43781671 0.010461055 11
0.63808787 0.43883008 -0.0076223114 15
0.69593328 0.43083426 0.045539804 18
0.66998422 0.43783629 0.028464405 13
0.63403535 0.43784541 0.010369602 12
0.60808784 0.44384637 -0.0057069487 15
0.66695732 0.43683931 0.044449858 17
0.6300059 0.43685046 0.027352506 12
0.59605205 0.43685961 0.01126285 12
0.57310176 0.44285837 -0.0038059505 14
0.63598573 0.4398424 0.042356152 16
0.60203075 0.44085556 0.027266849 12
0.56907511 0.44086993 0.012182482 11
0.54112267 0.44387916 -0.0028927044 13
0.60001063 0.43887016 0.041264221 16
0.57305866 0.4438858 0.027188988 11
0.54210478 0.44390652 0.012109547 11
0.51413649 0.44692823 -0.00096814765 13
0.57602024 0.44592336 0.040188614 15
0.54004335 0.4429529 0.026096728 11
0.51206911 0.44497541 0.013018999 11
0.4800992 0.44299635 0.0009382774 12
0.54100901 0.44197762 0.038096707 14
0.51304954 0.44499126 0.026021276 11
0.48008355 0.44201022 0.013940364 10
0.45011997 0.44102597 0.001864753 11
0.51201326 0.44195968 0.038035311 13
0.48004884 0.44097665 0.025954753 10
0.44908297 0.43799511 0.013879126 9
0.43513107 0.45000321 0.002828571 10
0.4840374 0.44100162 0.036963739 13
0.45705789 0.44302562 0.025888639 8
0.43608516 0.44904217 0.013823818 9
0.40509599 0.44407162 0.0037465752 10
0.46300849 0.44505757 0.035891764 11
0.44305158 0.45306411 0.024830787 9
0.41608262 0.45207927 0.014762864 8
0.39511991 0.45708814 0.0047030286 10
0.44103843 0.44707638 0.034833923 12
0.40011528 0.45909309 0.014714401 9
0.3791526 0.464102 0.0046546026 10
0.41706526 0.44609731 0.0337747 11
0.39710209 0.4531064 0.024715016 8
0.35817629 0.46512237 0.00560073 10
0.36016828 0.46413046 0.015608098 9
0.38913012 0.46309635 0.031685062 11
0.36515442 0.46509874 0.023621693 8
0.31119365 0.45811769 0.0084908921 9
0.31419504 0.45711631 0.016492985 8
0.35118729 0.467089 0.029571312 10
0.32820004 0.469138 0.022508256 7
0.27522507 0.45919549 0.010383965 8
0.27921328 0.46019655 0.016393343 8
0.3061845 0.45918256 0.028476445 9
0.28821319 0.46619341 0.02242134 7
0.24225004 0.4622263 0.011307694 8
0.24324913 0.45823398 0.017314596 7
0.2722401 0.4612132 0.026385974 9
0.25025603 0.46122831 0.022329874 7
0.20428461 0.45525923 0.013219977 8
0.21529996 0.46424833 0.017238166 7
0.23928869 0.46223125 0.025302844 8
0.21830368 0.46124539 0.021250602 6
0.1793358 0.46427184 0.01414769 8
0.18434137 0.46326691 0.018162809 7
0.20833778 0.46224326 0.024226353 8
0.19336145 0.47124898 0.0211774 5
0.14537071 0.45327997 0.016077315 7
0.15940593 0.47225252 0.018091463 6
0.17839958 0.46222749 0.022153249 8
0.16642709 0.47723189 0.020104794 5
0.12644871 0.47425753 0.016006777 6
0.13647747 0.48623398 0.018019417 6
0.14449279 0.49123925 0.019032978 6
0.1024985 0.4842906 0.016932921 7
0.11051342 0.49029964 0.017944941 6
0.12950885 0.47728062 0.01900902 7
0.11452404 0.48629361 0.018959593 5
0.076537453 0.48732039 0.017854229 7
0.080560885 0.48330212 0.018863373 6
0.10686905 0.48542354 0.017982615 7
0.087878056 0.48844147 0.017930863 5
0.0508871 0.48847058 0.018837087 7
0.055885293 0.48744568 0.018851625 6
0.07987079 0.48740566 0.015912762 7
0.06085458 0.48741892 0.017864078 5
0.02484303 0.48744264 0.019772235 6
0.02784881 0.47642514 0.019794172 5
0.053879365 0.48438549 0.014851859 7
0.035884157 0.48939952 0.016800283 5
-0.00011977914 0.48742875 0.021711437 6
0.0058849938 0.48836678 0.018739883 6
0.028906684 0.48633909 0.013801245 7
0.012919603 0.50035524 0.015744101 5
-0.023087338 0.49739361 0.021656277 6
-0.017057283 0.50438267 0.01866392 6
0.0049593975 0.49035639 0.01173579 6
-0.011028689 0.5053761 0.014676658 5
-0.04803944 0.50242251 0.022584643 6
-0.041004036 0.51041669 0.018591089 6
-0.017977498 0.50138873 0.0096589793 7
-0.035972234 0.51441258 0.014597158 5
-0.071983941 0.51345927 0.023505401 7
-0.065934792 0.51440686 0.018522808 6
-0.042835299 0.50218666 0.0086158421 7
-0.060800303 0.50811398 0.013573248 5
-0.095775895 0.50605339 0.024497414 7
-0.089901663 0.5128628 0.018737409 5
-0.067903385 0.50379646 0.0078464244 7
-0.084907793 0.50682151 0.013795343 5
-0.12092398 0.50487334 0.025697984 7
-0.11488404 0.50687063 0.019695558 6
-0.090836369 0.50383967 0.0057491893 7
-0.10984012 0.5108676 0.012688225 6
-0.14586413 0.50291854 0.026601819 7
-0.14080641 0.51090235 0.018604212 6
-0.11675439 0.50686359 0.0046686856 7
-0.13574892 0.52188736 0.011602957 6
-0.17276889 0.51793516 0.026515251 7
-0.16771935 0.52291995 0.018519826 6
-0.1416809 0.50887901 0.0025985967 7
-0.16367076 0.53490603 0.0095109688 6
-0.19872069 0.51595747 0.027443921 7
-0.19467311 0.52694356 0.018436346 7
-0.16762955 0.5128994 0.0005174352 7
-0.1906255 0.5349285 0.0084324013 6
-0.22667426 0.52298307 0.028354667 7
-0.22262743 0.52996802 0.018352015 7
-0.19586889 0.52362227 -0.0015207569 8
-0.21887136 0.53964955 0.0074051106 6
-0.2569133 0.53470099 0.028317923 8
-0.25087497 0.53167653 0.018339401 7
-0.22381452 0.52562571 -0.0035902131 8
-0.24782011 0.53965473 0.0063355211 6
-0.28486785 0.53170741 0.029253975 8
-0.28082067 0.53667939 0.018256765 7
-0.2527605 0.529616 -0.0056682453 8
-0.27876699 0.54564792 0.0052510458 6
-0.3168191 0.5387041 0.030166926 8
-0.31276667 0.54068214 0.01717226 7
-0.28370389 0.53263795 -0.0077433991 8
-0.31171408 0.55068284 0.0041758819 7
-0.34778324 0.53775257 0.031109191 8
-0.34177813 0.5367251 0.017121039 7
-0.31371024 0.53267103 -0.0098072784 8
-0.34072766 0.54570663 0.0031129203 6
-0.38179374 0.54177111 0.032018818 9
-0.37874565 0.54474992 0.017022321 8
-0.34468576 0.52868807 -0.011878622 8
-0.37473682 0.54672039 0.0020191683 7
-0.41884249 0.54578519 0.032906272 9
-0.38677129 0.5367341 0.0019960841 7
-0.41378653 0.54678375 0.016922565 7
-0.37470472 0.52473605 -0.013948794 9
-0.40572098 0.54078245 0.00096313987 6
-0.42375794 0.53381968 0.016933713 7
-0.42268056 0.53783655 -5.8278736e-05 7
-0.43671793 0.52486587 0.016927904 4
-0.41360185 0.53180355 -0.017014768 9
-0.43363273 0.52683759 -5.2509029e-05 6
-0.49367043 0.54692149 0.033788398 10
-0.42854691 0.52680659 -0.018025758 9
-0.47959572 0.53288335 0.015853615 6
-0.51461542 0.54793161 0.034756314 11
-0.44249421 0.51880884 -0.01903064 8
-0.50553262 0.54089618 0.01580124 8
-0.53955454 0.55294371 0.034710098 11
-0.4574393 0.51381183 -0.020041345 3
-0.49844772 0.53686243 -0.0031622567 8
-0.52347893 0.53790385 0.015782125 8
-0.55951059 0.55096662 0.035694495 11
-0.49137712 0.53285319 -0.023106044 10
-0.52041197 0.53890926 -0.0041685877 8
-0.58248979 0.55101353 0.035690174 12
-0.51235569 0.53288436 -0.025112271 11
-0.5433951 0.53993177 -0.0051859524 9
-0.57543314 0.54797977 0.014737441 9
-0.61047262 0.55703092 0.035653215 12
-0.53134537 0.52989465 -0.026119927 11
-0.57337314 0.54794872 -0.0072309631 9
-0.59742212 0.5469923 0.014723331 9
-0.63445777 0.55604053 0.035629336 12
-0.56431162 0.54190302 -0.029189361 12
-0.59535086 0.5459463 -0.0082643339 9
-0.62039638 0.54498649 0.013680588 8
-0.66442788 0.56104219 0.035561223 12
-0.59027994 0.54389751 -0.031244712 13
-0.61433011 0.53993851 -0.0082939062 7
-0.65036744 0.54898852 0.013613636 9
-0.68940598 0.55904269 0.036513068 13
-0.60526139 0.53288555 -0.032259118 12
-0.6403017 0.54093653 -0.0093480321 7
-0.67334515 0.54498631 0.013572445 9
-0.709387 0.55103916 0.036483616 12
-0.63677216 0.53894091 -0.035591204 11
-0.66982007 0.54299331 -0.011675529 8
-0.69987112 0.54304314 0.012251851 9
-0.74091655 0.55310297 0.037141677 13
-0.66374451 0.53795266 -0.037655458 13
-0.69179958 0.53700042 -0.012718865 8
-0.72984737 0.54405689 0.012183663 10
-0.77389425 0.55412036 0.038066093 13
-0.68871969 0.53496253 -0.038710527 12
-0.72277075 0.53701675 -0.013795177 10
-0.75981843 0.54307353 0.011108469 10
-0.80386859 0.55213821 0.037991993 13
-0.71668732 0.53297514 -0.041779023 13
-0.74974638 0.53402448 -0.014858535 9
-0.79179758 0.54207975 0.011032628 9
-0.83984995 0.55414182 0.038905069 13
-0.74266732 0.52796745 -0.043834511 13
-0.781721 0.53302807 -0.016933858 10
-0.82677066 0.54309344 0.0099468362 10
-0.88382012 0.55917078 0.038792163 13
-0.77963078 0.53198862 -0.046929821 14
-0.81768912 0.53404963 -0.019023407 11
-0.86574334 0.54411978 0.0098501388 11
-0.93479216 0.56721276 0.039663058 14
-0.8176021 0.53302348 -0.050013218 17
-0.85766053 0.53709579 -0.021109641 10
-0.91371882 0.55017954 0.008743518 10
-1.012774 0.59129 0.040456429 11
-0.85960251 0.53605533 -0.054117158 18
-0.90667915 0.54312438 -0.02324036 10
-0.96573877 0.55720603 0.0076016011 10
-1.1017693 0.61735165 0.041206025 9
-0.90259159 0.53808117 -0.057226051 16
-0.96764749 0.55416644 -0.027400874 11
-1.0497026 0.58026868 0.0053719515 11
-1.1717497 0.628407 0.042023417 10
-0.96055973 0.54611987 -0.062376 16
-1.0366132 0.56821507 -0.031584289 12
-1.1356653 0.60133201 0.0021394447 9
-1.2547276 0.64247286 0.042805821 11
-1.048534 0.57116741 -0.071630843 13
-1.1136384 0.5822494 -0.035814084 11
-1.2067164 0.60836327 0.00092665927 10
-1.3327974 0.64950973 0.04356949 12
-1.1235447 0.58321458 -0.078845561 9
-1.1926148 0.59432632 -0.041021965 10
-1.2836816 0.61545902 -0.0012635333 11
-1.4137477 0.65563071 0.044377722 13
-1.2064705 0.59631538 -0.086045012 10
-1.2725576 0.60242009 -0.045207001 11
-1.3576417 0.61854196 -0.0024269552 11
-1.51171 0.66575187 0.045143466 13
-1.2824113 0.60041249 -0.093219206 11
-1.3504989 0.60651654 -0.049385421 11
-1.4465792 0.62464392 -0.00463351 12
-1.6826265 0.70489055 0.046706304 157
-1.3843219 0.61447489 -0.10245895 12
-1.4494207 0.61557996 -0.055611562 10
-1.5665025 0.64072758 -0.0079181045 12
-1.9595133 0.78110456 0.047972724 61
-1.4962294 0.62654281 -0.11371948 12
-1.5693383 0.62966007 -0.061893322 10
-1.765399 0.68387139 -0.013424008 99
-2.0404754 0.76316291 0.049825668 15
-1.6541145 0.65464234 -0.12910865 41
-1.7422336 0.6597774 -0.072320461 59
-1.95131 0.71200591 -0.017878918 84
-2.4193506 0.85645854 0.051831096 28
-1.8299989 0.6807549 -0.1455372 36
-1.9271306 0.68490291 -0.08376883 67
-2.0802538 0.71010804 -0.021153981 88
-2.4383528 0.8034935 0.052888192 17
-1.9969172 0.69489914 -0.16090852 33
-2.069083 0.6870504 -0.092058562 64
-2.2582159 0.71927464 -0.025526589 96
-17.036896 5.5251904 0.1535069 14
-2.172863 0.70401084 -0.17725478 43
-2.2470486 0.69315106 -0.10239211 62
-2.5321691 0.75044978 -0.032106228 155
-17.101273 5.1229796 0.15653268 9
-2.5567222 0.7712329 -0.21513215 58
-2.5899594 0.74135929 -0.12314477 70
-2.9505768 0.82250953 -0.25206175 49
-0.43215761 0.028824983 0.016508697 2
-0.44709468 0.025858639 0.0024870664 3
-0.44106784 0.012860791 0.016540967 3
-0.45699456 0.0088511864 0.0025214923 4
-0.44689864 -0.010170964 0.0036065569 4
-13.344725 0.46819651 -0.75396609 1
-0.45486015 -0.026127821 0.0037003872 4
-0.46083942 -0.044146586 0.0027507169 4
-0.40587401 -0.043177918 0.018878426 3
-0.46383926 -0.063198596 0.0027761997 4
-0.42787072 -0.061218288 0.017858563 3
-0.43480906 -0.078203596 0.0058425576 3
-0.43583125 -0.079189822 0.017841162 2
-2.56671 -0.71269768 -0.186413 36
-2.3677256 -0.71686977 -0.1679467 106
-2.2438738 -0.675883 -0.087705195 76
-2.2640221 -0.67780071 -0.021750769 18
-2.4011939 -0.71062809 0.043965857 13
-2.1717331 -0.7130394 -0.15049672 63
-2.0868685 -0.68003118 -0.078337193 74
-2.1060061 -0.68194187 -0.017401921 88
-2.1961558 -0.70180148 0.042386331 105
-2.0127378 -0.71313494 -0.13619375 33
-1.9408627 -0.68211293 -0.070079908 53
-1.9589875 -0.6810348 -0.01414527 78
-2.0341275 -0.69891512 0.04167375 98
-1.8570123 -0.70614731 -0.12169771 5
-1.8041196 -0.67912304 -0.062606722 45
-1.8182257 -0.67706102 -0.010638947 75
-1.8943436 -0.69595051 0.040211458 93
-1.6820834 -0.67625028 -0.055319276 31
-1.6951799 -0.67318636 -0.0073512681 56
-1.7542876 -0.68708557 0.039529108 73
-1.5840452 -0.6783089 -0.050121181 7
-1.6011348 -0.67723256 -0.0051778378 37
-1.6482284 -0.68613654 0.037706628 56
-1.519104 -0.68131155 -0.0040005939 27
-1.5551962 -0.68624502 0.036919922 41
-1.4550837 -0.69039506 -0.0028443625 6
-1.4851688 -0.69233555 0.036086731 18
-1.4341476 -0.70540309 0.03520513 4
-0.72568113 -0.76478761 -0.0075626662 1
-0.68563962 -0.77483344 -0.021454182 7
-0.69266456 -0.76081407 -0.0054836045 5
-0.70869428 -0.75878847 0.0094745476 6
-0.72871906 -0.75876099 0.023424735 1
-0.64860582 -0.76386493 -0.019369928 16
-0.65862572 -0.75484514 -0.0044021159 8
-0.68265641 -0.76181442 0.0095438277 8
-0.69967633 -0.75879037 0.022499122 7
-0.62529188 -0.7700001 -0.017337002 16
-0.63631392 -0.76198214 -0.003369567 7
-0.65233791 -0.75996113 0.009590026 10
-0.67836785 -0.76893306 0.021533221 7
-0.5942682 -0.76402515 -0.015265875 13
-0.61629689 -0.77100021 -0.0033144101 8
-0.628317 -0.7639823 0.0096513433 10
-0.64233464 -0.75696349 0.021612253 12
-0.57825834 -0.77903938 -0.014216228 15
-0.58927691 -0.77002221 -0.0012494711 9
-0.60229295 -0.76400501 0.0097145867 8
-0.62333202 -0.76596922 0.020650912 17
-0.55627376 -0.78403419 -0.013186228 17
-0.56428546 -0.76902002 -0.0012166123 8
-0.58731318 -0.77799487 0.0097336555 11
-0.59732234 -0.7659806 0.019700568 16
-0.52524871 -0.77305859 -0.010118644 13
-0.55227798 -0.79003173 -0.0011723964 10
-0.56429178 -0.78101516 0.0097917998 11
-0.57630181 -0.76999623 0.019756043 13
-0.50723505 -0.78206807 -0.0090654418 16
-0.5202499 -0.77704811 0.00090071949 8
-0.5382669 -0.77802515 0.0098590106 8
-0.56128609 -0.78499883 0.017809454 17
-0.48721948 -0.78807265 -0.0080063092 16
-0.50223339 -0.78505188 0.00095641689 10
-0.5172475 -0.78203112 0.0099191265 10
-0.5352605 -0.78100866 0.01787599 14
-0.46320027 -0.7860797 -0.005943229 16
-0.47921264 -0.78405887 0.0020177737 10
-0.49923268 -0.79203486 0.0099763358 11
-0.51423782 -0.78401548 0.016935403 16
-0.4381755 -0.78008831 -0.0048806765 15
-0.45418939 -0.78006738 0.0030817825 9
-0.47220159 -0.78104562 0.010040113 12
-0.49219289 -0.78592825 0.0160321 16
-0.41012692 -0.76500762 -0.0017850797 14
-0.436151 -0.78698736 0.0031674057 10
-0.44715309 -0.77497727 0.010129951 12
-0.46816754 -0.78196025 0.016082922 15
-0.39311329 -0.77503663 -0.001741489 14
-0.40912229 -0.77502346 0.0042182282 9
-0.42913693 -0.78200722 0.010173576 11
-0.44413888 -0.77599555 0.015131135 15
-0.37209433 -0.77206731 0.00030172625 14
-0.38209388 -0.76005894 0.0062669246 6
-0.40410829 -0.7730422 0.010222024 12
-0.41911075 -0.76802939 0.015180678 12
-0.34506276 -0.75409931 0.0023490957 12
-0.36808196 -0.77407897 0.0063082334 11
-0.37907711 -0.76006728 0.011270884 10
-0.40209082 -0.77604759 0.014227019 14
-0.3320545 -0.77411211 0.0023954571 14
-0.34404796 -0.76208991 0.0073419209 10
-0.36404172 -0.77302122 0.010220172 11
-0.37802354 -0.76396865 0.013119509 13
-0.31099689 -0.7660262 0.004295513 13
-0.32800215 -0.77100736 0.00726549 9
-0.34300092 -0.76799011 0.0102345 11
-0.36000046 -0.76897198 0.012201531 13
-0.29097259 -0.76302999 0.0053764936 11
-0.30797589 -0.76901311 0.0073422836 10
-0.32197198 -0.76299918 0.010300751 8
-0.34097618 -0.76998204 0.012256732 13
-0.27495572 -0.7740404 0.0054212464 14
-0.28694534 -0.76002961 0.00837983 8
-0.30695516 -0.77701849 0.0093460577 11
-0.31693518 -0.75401473 0.011306709 10
-0.25292236 -0.75807518 0.0074712709 12
-0.27293217 -0.77506411 0.0084374994 10
-0.28291538 -0.75606042 0.010401207 9
-0.30292025 -0.77005011 0.010365207 13
-0.23690839 -0.76911044 0.008530735 13
-0.25190121 -0.7651034 0.0094934469 9
-0.26789793 -0.76909637 0.0094597721 9
-0.28288853 -0.76208937 0.010420254 12
-0.21988636 -0.77014166 0.0095819766 13
-0.23287299 -0.75813138 0.010540514 7
-0.24987082 -0.76611948 0.0095043033 10
-0.26572433 -0.76786047 0.008888036 11
-0.19871175 -0.75292015 0.01005185 11
-0.21872723 -0.78191143 0.0090173418 10
-0.22970471 -0.75590324 0.0099741826 8
-0.2487061 -0.77089059 0.0079338066 13
-0.18471035 -0.77593935 0.010100516 13
-0.19669148 -0.75793099 0.010059358 8
-0.21369237 -0.76891941 0.0090218261 10
-0.22767255 -0.75291002 0.007976694 10
-0.16568308 -0.76295662 0.011141079 12
-0.18067871 -0.76694649 0.0101047 9
-0.19466501 -0.75893724 0.0090641063 9
-0.21466687 -0.77792442 0.0060234033 13
-0.14766611 -0.76297301 0.012186429 12
-0.16366272 -0.7719627 0.010150319 8
-0.17865118 -0.76995325 0.0081105586 9
-0.19363478 -0.76194376 0.0060674297 11
-0.13236192 -0.77635956 0.013866967 13
-0.1463386 -0.76035094 0.011821258 7
-0.16233382 -0.77134138 0.0087900944 9
-0.17731272 -0.76133269 0.0057462896 9
-0.11432505 -0.75637549 0.014895767 11
-0.13033015 -0.78036594 0.011873933 9
-0.14429986 -0.758358 0.0088239647 7
-0.16129157 -0.77134919 0.0037918244 11
-0.097318761 -0.77939135 0.01495296 13
-0.11230329 -0.76537663 0.011900555 7
-0.12831192 -0.77435589 0.0078562144 10
-0.14329475 -0.76334286 0.0038067515 9
-0.081322126 -0.76838291 0.015961474 12
-0.095314957 -0.77937561 0.011935033 9
-0.1102859 -0.76236743 0.0078860614 8
-0.12728001 -0.78135926 0.0018580676 12
-0.063302271 -0.77039868 0.017006079 12
-0.079284824 -0.77138901 0.011968402 8
-0.0932732 -0.77937937 0.0069414619 9
-0.10924689 -0.76836812 0.0018959828 9
-0.046286497 -0.77940387 0.017058967 13
-0.062263206 -0.76939195 0.013014181 8
-0.077249855 -0.77838224 0.0069855736 9
-0.092226401 -0.77437258 0.00094756362 11
-0.029258532 -0.76640606 0.019096777 11
-0.043254685 -0.79039788 0.012081527 9
-0.060217094 -0.76538593 0.0070233634 8
-0.07520289 -0.7793777 -0.0010015486 11
-0.011245435 -0.77841055 0.019155147 13
-0.028215673 -0.76639932 0.013106385 6
-0.058175553 -0.77338147 -0.00095869967 10
0.0067716041 -0.78541505 0.019209936 13
-0.0091836955 -0.78130817 0.013202877 9
-0.024155704 -0.77530265 0.0061615831 7
-0.040136017 -0.7853002 -0.0028706095 12
0.022824759 -0.76733476 0.021267055 12
0.0098325163 -0.79233569 0.012253369 10
-0.0071323724 -0.77633178 0.0051982463 8
-0.022111375 -0.78433102 -0.0038334904 8
0.042831417 -0.78636658 0.021324476 13
0.024870476 -0.7683627 0.013265511 6
0.012875087 -0.79736423 0.0042570462 10
-0.0050803679 -0.775361 -0.0048048929 8
0.058860037 -0.77439457 0.02234832 12
0.045877427 -0.78739411 0.013325352 9
0.027914543 -0.77538949 0.0042713736 6
0.014932257 -0.79438871 -0.0067462572 12
0.076881029 -0.77741593 0.022391239 13
0.06389863 -0.79041326 0.01336928 9
0.047932159 -0.78640896 0.0033272454 9
0.030964896 -0.78340393 -0.006716453 7
0.097904436 -0.78940111 0.023400337 14
0.079960629 -0.77734882 0.013277752 8
0.067980655 -0.79833502 0.0022545895 10
0.049025293 -0.78132433 -0.0077963797 8
0.11296008 -0.77435023 0.023365526 10
0.10097969 -0.78834522 0.013354844 10
0.083019525 -0.78033626 0.0023127806 6
0.07004264 -0.7963323 -0.0096987309 11
0.13397594 -0.78235775 0.024446964 14
0.12000157 -0.79235452 0.013417729 9
0.10404097 -0.78835046 0.0013728471 10
0.089071818 -0.79834801 -0.011658888 7
0.15599342 -0.7923789 0.024504095 14
0.13503943 -0.77737576 0.013443287 8
0.12506025 -0.7993831 0.00043786841 11
0.10510688 -0.78638166 -0.011618895 9
0.17401886 -0.78941458 0.025556799 13
0.15905273 -0.79541796 0.01252684 10
0.14109527 -0.78741813 0.00047884995 7
0.12812984 -0.7984246 -0.014542331 10
0.1910482 -0.7814495 0.026603151 13
0.18107326 -0.80145758 0.012596182 11
0.16112222 -0.78845459 -0.00046195183 9
0.15114851 -0.81245965 -0.016468732 11
0.21705942 -0.79848087 0.026683493 15
0.19618258 -0.78833824 0.012342854 7
0.18727769 -0.80621898 -0.0019284134 10
0.16832572 -0.80222338 -0.017978916 5
0.23821819 -0.80125368 0.026199661 16
0.21926464 -0.79424769 0.012146785 10
0.20729804 -0.8072477 -0.0028767947 10
0.18834782 -0.80224288 -0.018928532 9
0.2542446 -0.78926796 0.027232889 12
0.24327731 -0.80326867 0.012212433 11
0.22532739 -0.79826462 -0.00383672 7
0.21236749 -0.80926496 -0.020864004 10
0.27526447 -0.78928655 0.027285751 15
0.26729521 -0.80929011 0.011276356 11
0.24634701 -0.79828322 -0.0037838747 10
0.23738801 -0.81828827 -0.023795824 10
0.30227405 -0.79930913 0.028359603 16
0.28432271 -0.79930562 0.011313287 8
0.27136502 -0.80730593 -0.0057157138 10
0.26040807 -0.82130891 -0.024736201 8
0.32583097 -0.80460364 0.029017502 17
0.30288747 -0.79260015 0.011951848 9
0.2959207 -0.81360894 -0.0060495548 10
0.28296828 -0.82261455 -0.026074564 8
0.34984994 -0.80762535 0.03007637 17
0.32890514 -0.80062318 0.012019866 10
0.32195148 -0.82061368 -0.00801118 10
0.30502138 -0.82257181 -0.028115466 8
0.37090686 -0.8035599 0.030006943 16
0.35695621 -0.80855989 0.010984708 11
0.34699965 -0.82356411 -0.0090201115 10
0.33405241 -0.83356774 -0.031035909 8
0.39592794 -0.80456841 0.031104572 17
0.38297638 -0.81357044 0.011088002 11
0.37302437 -0.82657754 -0.0099261152 10
0.37306628 -0.85959637 -0.034903053 7
0.42095435 -0.8035844 0.031170893 17
0.40800473 -0.81358969 0.01014417 9
0.40304959 -0.83360493 -0.011852818 9
0.40309456 -0.86563003 -0.037825998 7
0.44697887 -0.8046183 0.0312389 18
0.43303096 -0.81262833 0.010212765 9
0.43307412 -0.84065193 -0.013763503 9
0.43811595 -0.87968171 -0.040719047 8
0.47300103 -0.80565971 0.032313641 19
0.46405402 -0.81867528 0.0093036806 9
0.46010214 -0.84069562 -0.014687086 9
0.47014412 -0.88573092 -0.043625791 8
0.5040226 -0.81070471 0.032402992 20
0.49208006 -0.82071429 0.0083806701 9
0.49012968 -0.84373266 -0.016607074 9
0.50520486 -0.89470595 -0.047648575 7
0.54517484 -0.82747126 0.032001313 22
0.52424169 -0.82547969 0.0079467529 10
0.5242961 -0.85049939 -0.019038999 9
0.54833794 -0.9125371 -0.051942442 6
0.58118409 -0.83551455 0.033097859 23
0.55526114 -0.82850987 0.0070270333 10
0.55431849 -0.85052496 -0.01996325 9
0.5913583 -0.9285748 -0.056824382 5
0.60920626 -0.83253795 0.033166777 24
0.60126984 -0.8465476 0.006153997 11
0.61132473 -0.88157284 -0.023800775 7
0.62938434 -0.93060744 -0.059727132 2
0.64022762 -0.8305636 0.033243932 24
0.63828909 -0.85057837 0.0052498993 12
0.6493476 -0.88760543 -0.026701225 8
0.64742225 -0.91062355 -0.060693577 1
0.6752432 -0.83259159 0.034333564 25
0.66931444 -0.84660447 0.0043258844 11
0.69036812 -0.89363956 -0.028594039 8
0.66146111 -0.88563603 -0.060673054 1
0.71625918 -0.83762467 0.034440234 17
0.71533322 -0.85963696 0.0034504312 11
0.73939735 -0.90667129 -0.031460986 9
0.67951763 -0.86463755 -0.06163739 1
0.74930882 -0.83463228 0.034522686 18
0.75138313 -0.85764855 0.002541397 12
0.7884413 -0.91769737 -0.035329178 9
0.69258356 -0.84063125 -0.062617019 1
0.79234946 -0.83964986 0.03563318 15
0.80242342 -0.86967599 0.00067649275 12
0.83848113 -0.92575407 -0.038191486 8
0.70064116 -0.81168324 -0.061598174 1
0.84137511 -0.84676999 0.035784468 17
0.84745032 -0.87282705 -0.00017540883 13
0.902502 -0.94492805 -0.041984208 6
0.70669192 -0.77980971 -0.06156766 1
0.89039642 -0.85192847 0.035945263 16
0.90547168 -0.88397014 -0.0019960108 10
0.94553959 -0.94002855 -0.044862073 3
1.2665811 -0.95222169 -0.013063143 75
1.275526 -0.89717013 0.037930537 85
1.364607 -0.97227514 -0.015800962 55
1.3611612 -0.90611273 0.038134046 86
1.4492575 -0.97721231 -0.018600548 34
1.4501748 -0.91418129 0.038365066 81
1.5072933 -0.96325815 -0.020461485 23
1.5621865 -0.93026823 0.037658222 88
1.5243496 -0.92527485 -0.020446459 20
1.6792189 -0.94437265 0.037942898 91
1.5314277 -0.88129169 -0.02047402 17
1.8002521 -0.95648861 0.038230777 98
1.5295112 -0.8343032 -0.020527486 19
1.9352747 -0.96668291 0.038594406 119
1.5535672 -0.80043018 -0.021454655 16
2.1032889 -0.98591781 0.038059041 150
1.5756216 -0.76352572 -0.021398934 15
2.2773011 -1.0010548 0.038497027 137
1.5876813 -0.72353232 -0.022398457 14
2.459321 -1.0091987 0.037950136 95
1.6087376 -0.68754625 -0.023372941 16
2.6333487 -1.0083358 0.037377246 70
1.6167952 -0.64654887 -0.02338288 12
2.7823892 -0.99145252 0.036731739 32
1.6448491 -0.61356837 -0.024337916 13
2.8384647 -0.93945843 0.03684061 9
1.6629158 -0.57454187 -0.025313571 12
2.6825948 -0.82228112 0.036383759 6
1.6579818 -0.52951258 -0.025352981 9
2.6936738 -0.75729293 0.035365369 5
1.6880368 -0.49453929 -0.026303411 10
2.7297459 -0.7003243 0.034414303 5
1.6910977 -0.45154482 -0.027325993 8
2.7428219 -0.63833773 0.033402991 5
1.708156 -0.4125613 -0.028311171 8
1.2253129 -0.30819899 -0.056577146 16
2.8138914 -0.58539671 0.032541528 5
1.723214 -0.37357622 -0.02930126 8
2.8009713 -0.51838958 0.031462684 5
1.7362728 -0.33358958 -0.030296875 8
2.8480453 -0.45942965 0.03053795 5
1.7503324 -0.29260367 -0.031290572 8
2.8891249 -0.3964656 0.028595848 5
1.7633919 -0.25161701 -0.032286685 8
2.9262013 -0.33349776 0.027643876 5
1.7734525 -0.20962799 -0.033290774 8
2.9132857 -0.26449129 0.025564406 5
1.7915125 -0.16764523 -0.034274984 8
2.9513643 -0.19952424 0.02461388 5
1.8065728 -0.12566012 -0.035266548 8
2.9994445 -0.13556568 0.022688793 5
1.8176357 -0.083672479 -0.037267938 8
3.0385563 -0.068868808 0.020401668 4
1.8207374 -0.041543834 -0.038686097 9
3.0366628 0.00012761222 0.018353919 5
1.834812 0.0014361501 -0.039677344 9
3.0807726 0.072072692 0.016420579 6
1.8558934 0.047407266 -0.041650083 8
3.0818841 0.14306335 0.014396961 6
1.8609738 0.092394598 -0.042650845 9
3.1019974 0.21503443 0.011419347 6
1.8620479 0.13639046 -0.043666549 8
1.3240787 0.10297704 -0.070005849 18
3.429143 0.31967357 0.0061843242 11
1.909128 0.18633899 -0.047576979 9
3.2692225 0.37785915 0.0057464289 29
1.9111962 0.23233944 -0.048598666 9
1.3712019 0.17592511 -0.074929632 5
2.8922572 0.40028524 0.0067813825 150
1.9252704 0.28132609 -0.050591625 9
2.5092707 0.4057163 0.0088111088 150
1.9833584 0.33926314 -0.054478552 9
2.199281 0.406064 0.010028176 150
1.9974375 0.39124951 -0.057473022 9
1.3583646 0.2789433 -0.077021867 1
1.9532917 0.40733954 0.011406376 102
1.9614935 0.43329415 -0.056587424 11
1.7582966 0.40856084 0.011915294 95
1.8985337 0.46737131 -0.055763807 54
1.3684697 0.35293764 -0.080036834 18
1.5842984 0.40675697 0.012478561 84
1.6634951 0.44963935 -0.046345513 132
1.4372995 0.4049218 0.01310964 86
1.4664687 0.43486053 -0.038833942 116
1.3815809 0.42992672 -0.083045945 16
1.3163203 0.40404996 0.013803699 77
1.3274722 0.42901084 -0.033182558 78
1.2926662 0.47501943 -0.078297451 49
-1.4698613 0.62102407 -0.012085714 83
-1.5998957 0.68865007 -0.18642923 50
-1.5621457 0.63966024 -0.12128736 49
-1.610014 0.63202339 -0.069464698 78
-1.8381295 0.69731677 -0.021331593 98
-1.744472 0.70715255 -0.205992 36
-1.7107904 0.66113365 -0.13582744 41
-1.8138193 0.67246729 -0.081989311 84
-1.9958645 0.71163803 -0.024572825 105
-1.9491634 0.74459153 -0.23220864 20
-1.8975031 0.68963331 -0.15305345 36
-1.983693 0.6897577 -0.092349648 84
-2.1348803 0.71195596 -0.026886491 107
-2.1236618 0.75650817 -0.2554706 10
-2.0559669 0.69651729 -0.16821359 34
-2.1111825 0.6826061 -0.099371321 77
-2.3103566 0.71780372 -0.032004382 137
-2.4314654 0.80971688 -0.29743749 2
-2.3058434 0.72869247 -0.19199397 150
-2.3430963 0.70577437 -0.11308996 118
-2.7312486 0.79211289 -0.04234032 92
-2.3655581 0.72465414 -0.28618133 2
-2.6227295 0.76887518 -0.22300933 90
-2.6420445 0.7379353 -0.13105574 14
-2.2635772 0.6325841 -0.26884797 3
-2.6390514 -0.71743596 -0.20345408 6
-2.4431624 -0.72463638 -0.18482742 128
-2.2705767 -0.67166531 -0.090308398 77
-2.2443488 -0.72178316 -0.16717622 71
-2.1175919 -0.67792135 -0.081750214 77
-2.1318321 -0.67788804 -0.010797544 88
-2.0813923 -0.72202837 -0.15165959 35
-1.9716442 -0.68020386 -0.074173905 74
-1.9818805 -0.67722833 -0.0071595008 84
-1.9124705 -0.71233332 -0.13591814 7
-1.8346517 -0.67980897 -0.066735804 58
-1.8478811 -0.6768288 -0.0047924956 78
-1.7126539 -0.67699629 -0.059328906 33
-1.7148114 -0.67093289 -0.0025066067 59
-1.601694 -0.67409229 -0.053949114 9
-1.6178654 -0.67304689 -5.9805683e-07 41
-1.5296863 -0.68318093 -0.049681835 1
-1.5387973 -0.67817461 0.0013239345 31
-1.4779385 -0.68921417 0.0013911289 9
-1.4059285 -0.69232535 0.0026650133 1
1.2214564 -0.96548539 -0.030766023 28
1.2564682 -0.94432902 -0.030731481 21
1.3262787 -0.92930818 0.012463606 86
1.285426 -0.91932344 -0.03166325 19
1.4203124 -0.94336373 0.012830646 79
1.3054403 -0.88737506 -0.030524621 22
1.5222812 -0.95725757 0.011973882 101
1.3194312 -0.85328311 -0.03070478 20
1.6432457 -0.97614467 0.011107075 88
1.3363512 -0.81915784 -0.030860774 19
1.7631893 -0.98912358 0.010548314 73
1.3493211 -0.78513831 -0.029833416 16
1.8792669 -0.9962191 0.010001238 52
1.370427 -0.75425333 -0.030734982 15
1.9943373 -0.99625188 0.010351954 41
1.3904721 -0.72326875 -0.030695645 17
2.0933406 -0.9842456 0.0096711693 14
1.4074521 -0.68926293 -0.030646684 14
2.117337 -0.93719453 0.010734475 11
1.4344693 -0.66122639 -0.03056387 13
2.102376 -0.87322843 0.011652916 8
1.453508 -0.62821299 -0.031628657 14
2.1184843 -0.82414573 0.012576257 8
1.4716494 -0.59417528 -0.031575073 13
2.1775563 -0.789105 0.012726327 6
1.4906925 -0.56116688 -0.031549681 11
2.20467 -0.74210972 0.013781104 7
1.5158032 -0.53018492 -0.032476481 12
2.2506762 -0.69911247 0.01370001 6
1.5358105 -0.49519992 -0.033643231 11
2.290673 -0.65421796 0.013830583 5
1.5548183 -0.46126702 -0.033582002 10
2.3327277 -0.60822016 0.013948552 5
1.5738316 -0.42626828 -0.034530047 11
2.3836632 -0.56325948 0.014263107 5
1.5977651 -0.3912712 -0.035314653 12
2.4127381 -0.5119471 0.014616344 5
1.6078472 -0.35395882 -0.035061385 11
2.4476726 -0.45975304 0.01465932 5
1.6327645 -0.31787699 -0.036007784 12
2.5163207 -0.41324949 0.013812646 5
1.6464822 -0.28026998 -0.036038466 15
2.5513339 -0.35824469 0.013905924 5
1.6524835 -0.24126607 -0.037030227 12
2.5962958 -0.30321217 0.014048041 5
1.6724777 -0.20322078 -0.03797942 13
2.64235 -0.2472183 0.013179876 5
1.693529 -0.16425164 -0.038930912 11
2.6724291 -0.18814392 0.013116738 6
1.7086247 -0.12417949 -0.039992824 11
2.7245054 -0.1280832 0.012256838 5
1.7206769 -0.084151499 -0.03997384 10
2.7705803 -0.067067467 0.011346576 6
1.7347884 -0.043163527 -0.04095275 12
2.8056376 -0.0030526358 0.010237181 6
1.7568054 -0.0021656065 -0.043107353 13
2.8496535 0.061836097 0.0093692588 6
1.7478209 0.03973937 -0.04313397 9
2.9176908 0.13080622 0.0085680177 6
1.7548772 0.081733681 -0.044125345 9
2.9197021 0.19774102 0.0077041043 6
1.7778276 0.12570032 -0.044926889 10
2.9507155 0.26896232 0.0070234123 7
1.7968472 0.17094973 -0.046663646 8
3.3266211 0.38235822 0.0020939626 20
1.8107601 0.21611781 -0.047675341 9
2.935452 0.40440187 0.0048242523 101
1.8186255 0.26125169 -0.048678078 9
2.5474632 0.40843859 0.0085871983 150
1.8446666 0.31129974 -0.051609222 9
2.2304027 0.4094606 0.010581681 150
1.8635851 0.36049742 -0.052648764 9
1.9743701 0.40854603 0.01268155 113
1.8916018 0.41350171 -0.055580851 9
1.7774329 0.4095045 0.014062679 91
1.8966577 0.46249533 -0.056588478 34
1.307757 0.33238313 -0.078400426 19
1.5954704 0.40646926 0.015466825 87
1.7076768 0.45846125 -0.049205769 106
1.4365077 0.40143761 0.016942689 92
1.5016915 0.44142461 -0.039873552 117
1.3387195 0.42838755 -0.033346046 82
1.3228878 0.44436124 -0.083391435 21
-1.6192802 0.65046978 -0.0081397071 77
-1.8452557 0.70142192 -0.012852238 100
-1.6497856 0.66939777 -0.1612348 39
-1.6829338 0.65341401 -0.11032784 52
-1.8190682 0.67740542 -0.066755697 76
-2.0042303 0.71639019 -0.015340844 81
-1.8217105 0.6953547 -0.18076883 28
-1.8568735 0.67737317 -0.12486678 55
-1.9790273 0.6913712 -0.074246429 74
-2.1432045 0.71636403 -0.016759908 116
-2.0056286 0.717309 -0.20233656 23
-2.0278144 0.69133419 -0.13839059 43
-2.1059885 0.68534565 -0.079625465 72
-2.3221803 0.72433019 -0.018304102 139
-2.2765198 0.7592417 -0.23417874 132
-2.1857557 0.69329906 -0.15086763 59
-2.3169417 0.70230162 -0.089271292 100
-2.7781515 0.80823809 -0.026730318 80
-2.6183882 0.81215733 -0.2742413 25
-2.5566564 0.75421375 -0.18102252 84
-2.6398804 0.74123329 -0.10526828 7
-2.910269 0.83308733 -0.30813348 6
-0.38797101 0.033726934 0.010956281 2
-0.41196942 0.026727106 0.02088657 2
-0.41288695 0.025716366 -0.0021157719 3
-0.4429082 0.026714491 0.0067922366 2
-0.42793441 0.012721676 0.020844476 3
-0.43985283 0.011705479 -0.0051917234 4
-0.45488811 0.0097070765 0.0067631737 3
-0.41485035 -0.0082940441 -0.0021060477 3
-0.43979526 -0.025308119 -0.0051738806 4
-0.42574364 -0.041310914 -0.0031218876 3
-0.45077053 -0.044311486 0.007802757 3
-0.4497216 -0.061573256 -0.0061159348 4
-0.45575708 -0.063573651 0.0078650638 3
-0.398772 -0.066598892 0.024037747 3
-0.42067316 -0.075640023 -0.0030260072 2
-0.42370558 -0.076645508 0.0099647278 2
-2.3478811 -0.69640332 -0.14164871 95
-2.2661464 -0.67033207 -0.055413187 79
-2.3463726 -0.6903258 0.023351144 15
-2.3205805 -0.75242913 -0.22754492 2
-2.1688964 -0.69832504 -0.12810971 74
-2.1161387 -0.67726779 -0.048960127 85
-2.1773539 -0.69225615 0.025859689 110
-2.0109091 -0.69825423 -0.11563592 39
-1.9681323 -0.67920333 -0.042515878 79
-2.0183337 -0.69118989 0.027336007 97
-1.8679205 -0.69618529 -0.10420719 13
-1.8311347 -0.67710727 -0.036089789 57
-1.8833272 -0.69006258 0.028772496 92
-1.7249466 -0.68806303 -0.092745781 2
-1.7041343 -0.67302686 -0.030688733 45
-1.7423069 -0.68101341 0.029200509 65
-1.6051214 -0.67499369 -0.026384128 20
-1.6412848 -0.6829809 0.03051123 45
-1.5371016 -0.68697244 -0.02316888 6
-1.5592587 -0.68795574 0.030765535 27
-1.4882346 -0.69493407 0.031987291 8
-1.4282067 -0.70391685 0.032176554 1
-0.71795994 -0.76368856 -0.021639887 0
-0.67985207 -0.77669162 -0.049516819 3
-0.68394327 -0.75867939 -0.019537481 6
-0.69102287 -0.74766982 0.0074362885 6
-0.72309482 -0.76267344 0.034345672 6
-0.65583843 -0.78269786 -0.04744472 7
-0.66592669 -0.7736935 -0.018481875 7
-0.68799776 -0.77869064 0.0074534155 7
-0.6830852 -0.74967664 0.034453478 9
-0.62183326 -0.77569294 -0.043348759 11
-0.63990611 -0.77568853 -0.017403856 5
-0.64898294 -0.76568061 0.0085633285 13
-0.65605861 -0.75167245 0.033534586 15
-0.59881443 -0.78068864 -0.041278381 10
-0.61288893 -0.77668279 -0.015323343 8
-0.62496245 -0.76767659 0.0096352724 13
-0.63103527 -0.75266868 0.033609111 15
-0.57979017 -0.79168653 -0.040217176 13
-0.58886796 -0.77967882 -0.014250955 11
-0.59594339 -0.76567072 0.010720355 12
-0.61000913 -0.76066643 0.033674944 13
-0.55377328 -0.79168099 -0.038140088 15
-0.56085145 -0.7756713 -0.012168717 11
-0.5769152 -0.77366656 0.010782308 11
-0.59497815 -0.77366263 0.033728287 18
-0.52575725 -0.78766954 -0.035055008 6
-0.54082513 -0.78266394 -0.011102433 7
-0.55788451 -0.78366005 0.010847074 14
-0.56495094 -0.76665223 0.032817941 15
-0.50373501 -0.79166073 -0.032984179 15
-0.51480246 -0.77965403 -0.010022953 10
-0.53485733 -0.78465188 0.010919464 11
-0.54991853 -0.78064716 0.032872573 15
-0.48171037 -0.79365236 -0.031914353 15
-0.49577543 -0.78764683 -0.0089592347 12
-0.51083386 -0.78364265 0.011993857 13
-0.52489311 -0.77763808 0.032948982 16
-0.45669422 -0.78964162 -0.028838485 14
-0.47276834 -0.78763902 -0.0078834035 11
-0.4868778 -0.78262621 0.012084479 13
-0.50201333 -0.77757525 0.032053381 16
-0.43184009 -0.78354973 -0.026743075 15
-0.44589508 -0.77852434 -0.0058051203 11
-0.46294144 -0.77950144 0.013126836 12
-0.4819867 -0.7824797 0.032053847 16
-0.40581173 -0.77545327 -0.023738733 14
-0.42685154 -0.78443277 -0.0058149127 11
-0.43990096 -0.77740854 0.013125361 12
-0.45794687 -0.77838689 0.032054555 15
-0.38976574 -0.78736168 -0.023755334 14
-0.40281907 -0.77833718 -0.0038159478 11
-0.41287127 -0.76532388 0.014142245 11
-0.43491155 -0.77532381 0.031082809 15
-0.36574924 -0.77931422 -0.020707833 14
-0.37680295 -0.76630867 -0.0027452465 10
-0.39684406 -0.77430767 0.01420038 11
-0.40889344 -0.76430291 0.031161373 15
-0.34292883 -0.77156085 -0.018502828 13
-0.36197501 -0.77756447 -0.001558795 10
-0.37202609 -0.76456153 0.015403819 11
-0.3840726 -0.75455987 0.031361911 11
-0.32391089 -0.77456206 -0.017446537 12
-0.33795887 -0.76856071 -0.00049250678 10
-0.34900671 -0.75555873 0.015467125 8
-0.37203917 -0.77356195 0.030405892 14
-0.30389464 -0.7725594 -0.015388879 13
-0.31594208 -0.76055783 0.00056824146 7
-0.33597741 -0.77155989 0.015512585 11
-0.3490198 -0.76455921 0.03046919 14
-0.28188223 -0.76155609 -0.013329646 11
-0.30291137 -0.78055906 0.00061561435 10
-0.3139576 -0.76355749 0.015573341 10
-0.33299059 -0.7725597 0.029519707 13
-0.2688497 -0.78555697 -0.013280172 13
-0.28089803 -0.76855391 0.0026755433 9
-0.29493564 -0.76355267 0.016631136 9
-0.3129667 -0.76755339 0.029579066 13
-0.2468338 -0.77354759 -0.011217449 13
-0.26287055 -0.77054709 0.0027330781 6
-0.27790615 -0.77054626 0.016688121 10
-0.28894591 -0.75254428 0.029646359 10
-0.22681707 -0.76353884 -0.0091598481 9
-0.24684317 -0.77954048 0.0037880072 10
-0.25688452 -0.75753808 0.016747277 9
-0.27690855 -0.77154022 0.028694164 13
-0.21178351 -0.78053302 -0.0091040013 13
-0.2248259 -0.76353133 0.0048486507 9
-0.24185257 -0.77053225 0.016801152 10
-0.25688398 -0.76553243 0.028753743 12
-0.19176747 -0.76852405 -0.0070474702 12
-0.20881185 -0.77152449 0.0049067894 8
-0.22289637 -0.76751363 0.016874392 9
-0.24000123 -0.77047229 0.02783924 12
-0.17391275 -0.76343507 -0.0049762791 9
-0.19093233 -0.77141434 0.0059582903 9
-0.20396397 -0.75739169 0.017894287 8
-0.22297716 -0.77237284 0.027826406 12
-0.15786621 -0.77733868 -0.0049942629 12
-0.17089991 -0.75831622 0.0069394819 6
-0.18891262 -0.77429706 0.016874999 10
-0.20194103 -0.75427586 0.026808536 10
-0.13783976 -0.75823891 -0.003016429 10
-0.15684879 -0.78122038 0.0069193286 9
-0.16988261 -0.76221097 0.017865241 8
-0.18789668 -0.77721286 0.026820062 13
-0.12180802 -0.77019411 -0.0019848184 12
-0.13783287 -0.76819468 0.0079680178 8
-0.15285353 -0.76919532 0.016925246 9
-0.16787858 -0.76019579 0.025877768 11
-0.10478771 -0.77117771 -0.00092764525 11
-0.12081302 -0.76817816 0.0090247197 8
-0.13583045 -0.76917917 0.016981976 9
-0.15185183 -0.76818007 0.025935298 11
-0.086769432 -0.76716083 0.000130125 11
-0.1037844 -0.78016222 0.0090871789 9
-0.11880736 -0.76916313 0.017038681 8
-0.1348246 -0.77116442 0.024993451 12
-0.069741279 -0.78514457 0.001195487 13
-0.085772105 -0.76314533 0.010138633 7
-0.10178129 -0.77614713 0.017098768 10
-0.11680701 -0.759148 0.025047272 10
-0.053728361 -0.76912874 0.0022414164 10
-0.068739817 -0.78412956 0.010205552 10
-0.10077221 -0.77813494 0.024110066 13
-0.035702702 -0.78111684 0.0033063448 12
-0.052725952 -0.76912147 0.011250947 7
-0.067734621 -0.77612603 0.017210888 10
-0.082751349 -0.76513076 0.023161981 11
-0.017673558 -0.79311216 0.003370428 13
-0.034698654 -0.77711672 0.011313084 8
-0.050711729 -0.77412188 0.01726515 9
-0.066722281 -0.77712697 0.023220181 12
-0.00066332344 -0.77610683 0.0054171756 11
-0.016667666 -0.79311198 0.011379092 10
-0.033689294 -0.77111757 0.017318845 9
-0.049695008 -0.7781232 0.02227588 12
0.017361445 -0.78510153 0.0064796312 13
-0.00065861369 -0.76710761 0.012418381 6
-0.014658729 -0.78611237 0.01738729 10
-0.032678317 -0.76211888 0.022323124 10
0.03538185 -0.78409624 0.0075370912 12
0.018373337 -0.78510231 0.012488212 9
0.00135723 -0.76910847 0.017430961 7
-0.013637389 -0.78711462 0.020396458 13
0.050396621 -0.77109218 0.0085796462 11
0.036399044 -0.78909743 0.012548097 9
0.019387079 -0.7821036 0.017495316 9
0.0023781108 -0.76911068 0.020439589 10
0.071425654 -0.78908545 0.0096552419 13
0.051410593 -0.76909339 0.013587146 7
0.039419767 -0.79509825 0.016565531 10
0.020407276 -0.77410626 0.019499952 12
0.089484476 -0.78508538 0.010718302 12
0.07448709 -0.7970916 0.013680931 10
0.05346762 -0.76710016 0.017605044 7
0.040482748 -0.7931065 0.018580567 13
0.10750443 -0.78307986 0.011774909 13
0.091507487 -0.79008698 0.013731718 9
0.074503124 -0.78809416 0.016680835 10
0.05549502 -0.77110285 0.01861662 8
0.12953213 -0.79707235 0.011848941 14
0.1075195 -0.77908188 0.014775462 8
0.09352421 -0.79108822 0.016740521 10
0.076525152 -0.78909642 0.017689249 12
0.14554814 -0.78906375 0.012888771 11
0.1305546 -0.79607075 0.014847279 10
0.10854722 -0.77408105 0.016770717 8
0.096565783 -0.79408753 0.016744556 13
0.16257492 -0.78305763 0.014933802 13
0.14858879 -0.79306507 0.014896773 9
0.13159381 -0.79107344 0.015844921 10
0.1115971 -0.77908379 0.01577924 8
0.18661715 -0.79704928 0.015009441 15
0.16362348 -0.78106034 0.015930062 7
0.15267937 -0.79906583 0.015892221 11
0.13272317 -0.78607607 0.014812317 12
0.20777281 -0.80204022 0.016028864 14
0.18877597 -0.79704922 0.015970742 10
0.16677351 -0.78005958 0.015897857 7
0.15479377 -0.7980662 0.01387193 14
0.22078246 -0.78203326 0.017059952 11
0.21080139 -0.80403841 0.01604183 11
0.18980405 -0.79104882 0.014973996 10
0.17181462 -0.78905845 0.012920481 9
0.24480589 -0.79102105 0.018137759 15
0.22581367 -0.78903055 0.017081274 7
0.2138323 -0.80403721 0.015053788 11
0.18883342 -0.78205007 0.012969924 11
0.26882955 -0.80000877 0.019215314 15
0.24683723 -0.79202026 0.017147124 10
0.23385651 -0.80202782 0.014114244 10
0.21587101 -0.80203784 0.011061809 14
0.28984877 -0.79899776 0.020278636 15
0.27186471 -0.80000734 0.017225934 11
0.24787351 -0.78601992 0.014148336 8
0.23790012 -0.80302614 0.010126865 14
0.30586731 -0.78898776 0.021320462 14
0.29489297 -0.80399448 0.017295061 9
0.27490699 -0.80100513 0.014234511 11
0.25192228 -0.78801817 0.009160378 9
0.32989237 -0.79297388 0.022392653 15
0.3149142 -0.79998249 0.018351592 8
0.29993901 -0.80699164 0.013310505 9
0.27495331 -0.79200566 0.0082295574 11
0.35591823 -0.79795891 0.023471279 16
0.3339377 -0.79397148 0.018404366 7
0.32597131 -0.81297767 0.012389495 10
0.29998437 -0.79799289 0.0073058968 13
0.38094136 -0.80294591 0.024547523 17
0.35896218 -0.79795974 0.018480437 8
0.34599048 -0.8089692 0.012447363 8
0.32701507 -0.80598217 0.0053900615 13
0.40596047 -0.80493426 0.025622996 17
0.38798743 -0.80694669 0.018570973 8
0.37201607 -0.81195819 0.01152626 9
0.35204157 -0.81097174 0.0044669346 13
0.4319824 -0.80692244 0.025701422 18
0.41300908 -0.80793542 0.018645991 9
0.39703795 -0.81394696 0.011601733 9
0.38204098 -0.81995088 0.0025582958 14
0.45893353 -0.80985558 0.026577115 14
0.43993878 -0.8118425 0.018404491 9
0.4239634 -0.8168534 0.010363509 9
0.40598854 -0.81786579 0.0013153125 13
0.48590991 -0.81081277 0.027542196 14
0.46393076 -0.80882674 0.019481365 9
0.44996259 -0.81683743 0.0094473725 9
0.43299216 -0.82084972 -0.00059663731 9
0.51590586 -0.81479353 0.028637979 15
0.49292898 -0.81180853 0.019574137 9
0.47796005 -0.8188197 0.0095369676 9
0.46299663 -0.82583171 -0.0025001119 10
0.55190539 -0.82577074 0.029752539 16
0.52392799 -0.81678891 0.019672489 10
0.5109663 -0.82679975 0.0076421709 10
0.49199691 -0.82781345 -0.0034084087 10
0.58189863 -0.8247509 0.030844573 17
0.55392563 -0.81876951 0.01976601 10
0.5429647 -0.83077925 0.0077420613 11
0.52199984 -0.82979476 -0.0053147185 10
0.61289382 -0.82673019 0.031939749 17
0.59993654 -0.83774161 0.018909331 11
0.57297164 -0.83076108 0.0068316939 10
0.56002402 -0.83977401 -0.0082008485 10
0.64490515 -0.82671154 0.034030829 15
0.63295966 -0.83972389 0.0190026 11
0.61400527 -0.84173977 0.0049506705 11
0.59705609 -0.84775507 -0.010094156 10
0.68267685 -0.83072203 0.035122558 17
0.66473001 -0.83774143 0.020075016 11
0.64477932 -0.83876216 0.0050196252 10
0.63784778 -0.85677576 -0.012993192 11
0.71871036 -0.83370668 0.036220141 17
0.69879854 -0.83672094 0.020156391 12
0.69189805 -0.85272747 0.0031335696 11
0.69000798 -0.87573141 -0.015872853 8
0.75187236 -0.82966495 0.03727128 16
0.74097031 -0.84267378 0.020236142 12
0.72705042 -0.85168827 0.0021969057 12
0.73213512 -0.88169366 -0.018776212 9
0.7959516 -0.83562917 0.038384773 14
0.78101307 -0.84464747 0.020348746 12
0.77808785 -0.86465824 0.00034987929 12
0.77817106 -0.88866758 -0.021639211 9
0.83897066 -0.83760303 0.040511306 16
0.82704335 -0.85062045 0.019485073 12
0.81711107 -0.86362875 -0.0005381974 13
0.82720298 -0.89662272 -0.024499688 10
0.89099193 -0.84654611 0.040656187 15
0.87505955 -0.85655731 0.019614695 13
0.88314348 -0.88555187 -0.0023539609 10
0.89023846 -0.91454852 -0.028325442 10
0.93302757 -0.84552038 0.041770678 16
0.93414736 -0.86757165 0.019787092 10
0.93327302 -0.88962507 -0.0042020553 10
0.96343273 -0.9376567 -0.033097103 10
0.99620473 -0.8576476 0.043969948 12
0.98232251 -0.86871028 0.01994117 11
0.995426 -0.90070814 -0.0060124206 11
1.0375561 -0.95767576 -0.037879523 5
1.0522536 -0.86162472 0.045125578 12
1.0503384 -0.88162476 0.019125259 11
1.0604237 -0.91065532 -0.008840939 12
1.0775195 -0.94568431 -0.039786391 2
1.1142105 -0.8676604 0.047284637 13
1.1092861 -0.88470405 0.019273294 12
1.145411 -0.93269002 -0.01161286 12
1.0924838 -0.91373801 -0.040764332 15
1.1812164 -0.8746475 0.049465578 15
1.1843206 -0.89665633 0.019480687 12
1.233459 -0.95263422 -0.014367179 12
1.1255012 -0.89372075 -0.042682264 1
1.2552445 -0.8815999 0.050668482 15
1.2703606 -0.91260111 0.018719453 72
1.3355128 -0.9765687 -0.018081885 54
1.107486 -0.83873838 -0.041751429 19
1.3412727 -0.89254332 0.052905463 79
1.3593954 -0.92554313 0.018965367 75
1.4135492 -0.97951949 -0.020869233 27
1.130497 -0.81372768 -0.042698748 1
1.4302976 -0.90248418 0.056150243 78
1.4504306 -0.93448389 0.018215369 80
1.4465476 -0.95149416 -0.020786854 20
1.1354799 -0.77571118 -0.042693578 13
1.5193039 -0.90840924 0.058403607 74
1.5624543 -0.95239514 0.017538114 85
1.4845536 -0.92646569 -0.022681512 15
1.1374818 -0.7377193 -0.04268945 1
1.6213362 -0.91634482 0.06069167 82
1.6875027 -0.97131473 0.016891781 96
1.4885503 -0.88047129 -0.021678319 20
1.1564971 -0.70971841 -0.044635769 13
1.7343663 -0.92427021 0.064007536 82
1.8135424 -0.98421681 0.016245242 86
1.5015264 -0.84037876 -0.021643324 15
1.1714624 -0.67954445 -0.045593623 1
1.848318 -0.92895395 0.067347907 84
1.9554946 -0.99883842 0.015674427 65
1.513463 -0.79915303 -0.021614689 14
1.1764266 -0.64539003 -0.045599166 10
1.9833194 -0.9367854 0.070709474 86
2.0995262 -1.007724 0.015048538 60
1.531463 -0.76212478 -0.022601258 12
1.1904316 -0.61436427 -0.046593618 1
2.1363385 -0.94766325 0.075109161 103
2.2045386 -0.99363619 0.015307383 36
1.547461 -0.7250976 -0.022592902 11
1.2064375 -0.5853371 -0.047581561 11
2.2993538 -0.95353436 0.079534158 108
2.2855422 -0.96556497 0.015495621 12
1.5674614 -0.68806809 -0.023573313 12
1.2134405 -0.55231613 -0.048595302 1
2.4803698 -0.96039349 0.084008649 110
2.2835193 -0.90255052 0.016444596 9
1.5824581 -0.65004158 -0.023567392 12
1.2224449 -0.52029377 -0.04960287 12
2.6603773 -0.9582532 0.08947707 103
2.2995048 -0.84752399 0.016446231 8
1.6124607 -0.6160053 -0.024518704 12
1.2404509 -0.4912653 -0.05058451 1
2.8343799 -0.94511771 0.093925148 99
2.3354921 -0.79948348 0.017505504 7
1.6354626 -0.58097374 -0.02548914 12
1.2524555 -0.46024156 -0.051581345 9
3.0921538 -0.95129025 0.10071607 150
2.3932478 -0.75680971 0.017739832 6
1.6452163 -0.54035109 -0.025377875 11
1.2652175 -0.42962873 -0.052454315 1
3.5361822 -0.9949761 0.1119417 150
2.4122343 -0.7007997 0.017770197 5
1.6602178 -0.5013454 -0.026352869 10
4.1312137 -1.0555531 0.12658533 150
2.458226 -0.65277064 0.017876703 5
1.6842192 -0.46333328 -0.027303187 9
1.2752224 -0.36262977 -0.053454995 8
4.5681968 -1.0542517 0.13778384 46
2.519202 -0.60472524 0.018031973 5
1.7062038 -0.42530879 -0.027250117 10
1.2872174 -0.33161363 -0.054423764 1
5.4572148 -1.1226091 0.15921609 38
2.5671916 -0.55269015 0.019142905 5
1.7242057 -0.38530308 -0.028208537 8
1.2952231 -0.29861879 -0.055402748 9
6.2412081 -1.1340154 0.17931758 28
2.6091812 -0.49765882 0.01923568 5
1.7362061 -0.34430128 -0.029183852 8
1.3182225 -0.2695623 -0.057343427 1
6.7111115 -1.0605894 0.19358672 26
2.6731215 -0.44443625 0.019400973 5
1.7581437 -0.30402112 -0.030140867 9
1.3081671 -0.23331057 -0.057397764 11
6.7959719 -0.91943401 0.19781648 10
2.70908 -0.38630936 0.019469192 5
1.7691317 -0.26197076 -0.030144779 8
1.3251714 -0.20128272 -0.058382589 1
6.8278828 -0.7683993 0.20082434 23
2.7960672 -0.33023477 0.01866544 5
1.789129 -0.2199413 -0.03112521 8
1.3251739 -0.16726659 -0.059414204 11
6.842792 -0.61537635 0.20378651 26
2.8310454 -0.26819518 0.019718278 5
1.8111265 -0.17791052 -0.032099791 8
1.3441809 -0.1352378 -0.061392948 1
6.8247023 -0.45837644 0.20565866 29
2.8840277 -0.20414412 0.018819993 5
1.8291229 -0.13488251 -0.033085257 8
1.3401815 -0.10122401 -0.061434828 12
6.8226132 -0.30636522 0.20857772 31
2.9570069 -0.14007904 0.018976793 6
1.8471192 -0.090854503 -0.034070689 8
1.3491843 -0.067201696 -0.062440984 1
6.8385267 -0.15334202 0.21054685 32
3.0309837 -0.072013356 0.01913547 6
1.8761154 -0.046818979 -0.035025738 8
1.3501846 -0.033184487 -0.062468629 15
6.8504362 0.00067873712 0.21350609 47
3.0629587 -0.00097719964 0.019181835 6
1.8801116 -0.0018032675 -0.036042377 9
1.3671911 0.00083799759 -0.064441808 1
6.861352 0.15370092 0.21546994 57
3.1509352 0.07308767 0.018387433 6
1.9151058 0.046219978 -0.036971666 9
1.3601924 0.034828406 -0.064481132 17
6.8882647 0.30970865 0.21746926 66
3.2379057 0.15113817 0.018584425 7
1.9571016 0.095239691 -0.038884651 8
1.3751976 0.069829993 -0.06646163 1
4.1014991 0.26776758 0.1468849 150
3.2998772 0.23217116 0.017713206 6
1.9810973 0.1442471 -0.040846009 8
1.3712007 0.10481895 -0.067493297 13
3.5335329 0.3083643 0.1323145 150
3.8548236 0.36353993 0.014165853 16
1.9990904 0.19425075 -0.041823365 9
1.4062063 0.14383391 -0.070419833 1
3.0495718 0.33301964 0.11998035 115
3.2588177 0.38220719 0.018469615 137
2.0280766 0.24743968 -0.043903779 8
1.4191997 0.18209293 -0.072599471 6
2.6805949 0.35302496 0.11076591 120
2.8178153 0.39508724 0.021123989 150
2.0650635 0.30354056 -0.045886461 9
1.4532015 0.22510356 -0.07551872 3
2.3916247 0.36881241 0.1039787 126
2.4358299 0.3978132 0.023088969 150
2.0710523 0.35653356 -0.046885759 9
1.4502019 0.26208925 -0.076536313 1
2.1456563 0.38062882 0.097310014 91
2.1448464 0.40060088 0.024301399 119
2.1150382 0.41755274 -0.048784792 10
1.4772029 0.30509514 -0.079474643 1
1.9416879 0.38947397 0.091756687 90
1.9178621 0.40443227 0.025687482 90
2.0630295 0.45950598 -0.047937497 52
1.7687176 0.39634049 0.087288417 83
1.7238799 0.40528643 0.02716428 88
1.8330306 0.45334071 -0.038556945 122
1.4341968 0.37304834 -0.07761018 14
1.6024462 0.39701077 0.083090097 84
1.560596 0.40596494 0.027968587 81
1.6107365 0.4399811 -0.029911807 112
1.4528954 0.41685799 -0.08033713 5
1.4554795 0.39592466 0.079674579 83
1.4046211 0.4008745 0.028530046 87
1.428751 0.42687538 -0.023418043 86
1.4538938 0.4578748 -0.081365205 13
1.3365113 0.39685795 0.076334462 82
1.3036394 0.40582186 0.029237479 18
1.3067628 0.42580891 -0.018763185 12
1.3988924 0.47985226 -0.077533156 36
1.2485374 0.40280858 0.07408572 18
1.2116596 0.4087685 0.029982083 14
1.2057763 0.42574555 -0.015041848 14
1.249898 0.46375442 -0.066937275 87
1.169564 0.4077487 0.071863674 18
1.1236829 0.41069967 0.029736107 15
1.1147931 0.42567605 -0.012295078 14
1.1449043 0.45867759 -0.059226576 11
1.0985882 0.41269085 0.070663087 20
1.0626997 0.41764969 0.03056212 14
1.0388088 0.42661688 -0.0095075686 13
1.0659151 0.45861736 -0.054446653 10
1.0366147 0.41763884 0.068487257 21
1.0097196 0.42460483 0.030410204 16
0.9738239 0.4285652 -0.0066902246 13
0.97492713 0.44954959 -0.047695946 12
0.98363811 0.4235934 0.067335851 25
0.94274157 0.4245508 0.031222934 13
0.92083657 0.43358648 -0.0048903101 13
0.91593146 0.45166349 -0.043983534 12
0.92965484 0.42680138 0.06499061 21
0.8917523 0.42776036 0.030888248 15
0.86084682 0.43272424 -0.0031964651 12
0.85793966 0.45170647 -0.04020996 19
0.88367629 0.43275622 0.063867509 24
0.8537693 0.43672106 0.030785887 13
0.81086385 0.4336772 -0.0013286154 11
0.78995484 0.44364786 -0.035387851 14
0.83570099 0.43470958 0.06274046 23
0.80479258 0.436674 0.030656844 14
0.76188159 0.43363068 0.00054239237 14
0.75396574 0.44961071 -0.0324836 15
0.79672348 0.43966901 0.061636884 21
0.76081145 0.43863052 0.031540766 14
0.72789782 0.43959409 0.0014521203 14
0.70198429 0.44456223 -0.029618891 16
0.74375331 0.4346185 0.060498875 19
0.70484048 0.4305782 0.031395696 14
0.68591917 0.43855199 0.0023425797 13
0.66699743 0.44752866 -0.026711844 15
0.70477945 0.43458387 0.059395038 18
0.67685896 0.43755457 0.031318281 14
0.6479376 0.43852487 0.0042395089 12
0.63301349 0.45050427 -0.024805084 14
0.67180383 0.43755925 0.058304492 17
0.64588094 0.44053164 0.031233184 13
0.61095935 0.437498 0.0051395576 12
0.59403145 0.44747669 -0.021909736 12
0.63782907 0.4395338 0.057211656 16
0.61090386 0.44150579 0.031138001 13
0.57798052 0.43747386 0.0060501709 11
0.55605251 0.44344929 -0.020011278 11
0.60785431 0.44151112 0.056129698 16
0.57892787 0.44148195 0.031051351 12
0.54800093 0.43845174 0.0069686151 11
0.53706729 0.45243493 -0.019065749 12
0.57588083 0.4414869 0.055043068 15
0.5499481 0.44246051 0.031972516 11
0.51702267 0.43742883 0.0078850994 10
0.51308262 0.45641729 -0.017132023 12
0.54990578 0.44346687 0.053972043 14
0.52097195 0.44243863 0.031894099 11
0.50303584 0.44841784 0.0088435309 10
0.48110393 0.45239392 -0.015217153 11
0.52192968 0.44344568 0.053896349 13
0.50399083 0.44942522 0.031845789 10
0.48005816 0.45040014 0.0087807234 9
0.45612156 0.4533754 -0.013285002 11
0.50694901 0.45343331 0.052852448 13
0.4810124 0.45240745 0.031782664 9
0.45707723 0.4533827 0.009717633 9
0.42814186 0.4503547 -0.011359558 8
0.47797799 0.44941157 0.051776748 12
0.44504029 0.44238517 0.031698812 10
0.4250975 0.44636759 0.010652215 6
0.40415534 0.44934922 -0.010396806 9
0.44699454 0.44440484 0.051729608 11
0.43104684 0.45139036 0.031692687 8
0.41010287 0.45337212 0.011643905 8
0.39515933 0.46235746 -0.010391111 9
0.43500349 0.45341116 0.050728779 11
0.41105828 0.45339099 0.031672467 8
0.39910725 0.46537909 0.011644424 8
0.36916992 0.45835403 -0.0084258253 9
0.40903899 0.45042837 0.049742308 11
0.39803979 0.46251047 0.031726193 8
0.35609278 0.46758878 -0.0073722275 9
0.39694542 0.45963755 0.049742479 11
0.3590458 0.46759734 0.012636972 8
0.37695816 0.45962241 0.048689675 10
0.36200088 0.46860552 0.031645823 8
0.31110963 0.46055681 -0.0044893981 9
0.35796869 0.46060821 0.048638899 10
0.31406274 0.45956466 0.014521019 7
0.32499099 0.47057691 0.031552255 7
0.27409455 0.45854887 -0.0025829992 8
0.27506161 0.45456338 0.015401723 7
0.28402519 0.46358249 0.031403098 7
0.24112363 0.46054465 -0.00072547141 8
0.2430937 0.45656151 0.016263315 7
0.2470644 0.45659721 0.031264775 7
0.21112359 0.4635607 0.0011716111 8
0.25200859 0.45860574 0.044288047 8
0.21707764 0.46557075 0.016196067 7
0.21703726 0.45857683 0.031207738 6
0.18210983 0.46554121 0.0021145337 8
0.22898841 0.47159058 0.044244595 7
0.18506819 0.46054947 0.017133303 7
0.1940203 0.47156146 0.031161271 6
0.15610765 0.47152326 0.0040557808 6
0.16408579 0.4765327 0.01707622 6
0.17206182 0.48454177 0.030095519 6
0.12915207 0.47150052 0.0049816328 7
0.13812673 0.48151022 0.018002901 6
0.14210528 0.48052135 0.029994447 6
0.10317007 0.47549424 0.0068494086 7
0.14307912 0.47254077 0.040938776 7
0.11114046 0.48251107 0.01883889 6
0.11612826 0.48351783 0.029851558 6
0.078202359 0.47948146 0.0077507673 6
0.11912271 0.47852281 0.039861269 7
0.083191089 0.47848862 0.018764343 6
0.089176551 0.48049945 0.029780166 6
0.052246269 0.47746655 0.0086823162 6
0.094168887 0.48050877 0.038794111 7
0.057234492 0.47547677 0.019697098 6
0.066214889 0.48848936 0.029716553 5
0.029283248 0.48345715 0.0096196393 6
0.07121069 0.48749831 0.037730917 7
0.034272876 0.47946736 0.020635236 5
0.04254023 0.49626842 0.028883403 5
0.004600544 0.48824227 0.010787015 6
0.047531858 0.49428663 0.03789169 7
0.011585252 0.49226165 0.020799294 6
0.018576721 0.50026876 0.028815374 6
-0.019364813 0.49324426 0.011720201 6
0.022573458 0.49529958 0.036822088 7
-0.011386494 0.50230217 0.020729268 6
-0.0063956538 0.49835783 0.028733982 6
-0.043347199 0.50232738 0.012637696 6
-0.0013936174 0.49536526 0.035744555 7
-0.03635281 0.50733227 0.020652212 6
-0.03134964 0.50033766 0.028667079 5
-0.067309633 0.51330501 0.013573051 7
-0.026345903 0.49934256 0.03468021 7
-0.061308056 0.50831109 0.021589896 6
-0.056302313 0.50032395 0.027620625 5
-0.09227027 0.51229733 0.014541714 7
-0.050306462 0.50334334 0.033658564 7
-0.085271478 0.50831616 0.021584336 6
-0.079269059 0.50333506 0.027625475 6
-0.11622559 0.50727785 0.016565681 6
-0.074267045 0.51131576 0.032647412 7
-0.11022533 0.50826585 0.022539493 6
-0.10520945 0.5112707 0.027550271 6
-0.14115398 0.50122988 0.017465085 7
-0.099186197 0.5172736 0.031562544 7
-0.13714747 0.52122474 0.0224659 6
-0.13213889 0.5282191 0.026476277 6
-0.17009218 0.51917136 0.018386319 7
-0.12611967 0.5262115 0.030494066 7
-0.16508166 0.52716404 0.02239609 7
-0.159071 0.53016812 0.026413552 6
-0.19703306 0.52213418 0.019326294 7
-0.15104946 0.51917869 0.029446715 7
-0.19302998 0.53314131 0.022337932 7
-0.18701838 0.53415012 0.025359821 6
-0.22598527 0.52611625 0.020269254 8
-0.17799515 0.52116144 0.02839634 7
-0.22198312 0.53812337 0.023280485 7
-0.21596994 0.54013163 0.025301863 6
-0.25594032 0.53309739 0.021207474 8
-0.20493992 0.52214563 0.027341187 7
-0.25293478 0.54414052 0.023124153 7
-0.24491553 0.54120153 0.024018532 6
-0.28587648 0.53519559 0.02188627 8
-0.23487298 0.52722603 0.025009831 7
-0.28286591 0.54519844 0.022892445 7
-0.27928048 0.55311608 0.024092982 7
-0.31924844 0.5410732 0.022992369 9
-0.26723629 0.53612059 0.024126714 8
-0.31422368 0.54507494 0.024003046 7
-0.30918348 0.54806966 0.023016315 7
-0.35517204 0.54802299 0.024901573 9
-0.30115396 0.54506803 0.022040024 8
-0.34714198 0.54702181 0.023923889 8
-0.34010962 0.54501927 0.022944024 8
-0.38509399 0.53997767 0.025833784 9
-0.33708289 0.55101532 0.02095015 9
-0.38007551 0.54598272 0.024848185 8
-0.37805364 0.55298489 0.021855913 8
-0.42104614 0.54195309 0.027756391 9
-0.36401588 0.53799778 0.019905275 9
-0.4180235 0.54795617 0.024766998 8
-0.4290086 0.52594948 0.028751882 3
-0.38098666 0.53798568 0.018870266 10
-0.40598914 0.53996676 0.021807555 7
-0.39795649 0.53697354 0.017835496 10
-0.46996334 0.52992094 0.030660454 3
-0.41993123 0.5419572 0.016784776 10
-0.43492532 0.52697217 0.021716988 3
-0.50195044 0.54697931 0.030468002 11
-0.49191394 0.54307032 0.025387879 9
-0.51990545 0.54306006 0.031322431 11
-0.47685906 0.53008473 0.02042748 6
-0.51187402 0.54206532 0.026342053 8
-0.54488486 0.5470472 0.032262221 11
-0.46882463 0.52808982 0.014447178 1
-0.507842 0.54406822 0.020351708 8
-0.53785169 0.54705179 0.026279334 9
-0.56986332 0.54903436 0.033202272 10
-0.49880329 0.53907382 0.013374168 11
-0.55982602 0.54604059 0.026226941 10
-0.59484178 0.55102158 0.034142371 11
-0.51977575 0.5390631 0.012324048 12
-0.55178857 0.54304677 0.019246623 9
-0.58380085 0.5470376 0.02616805 8
-0.62281972 0.55402499 0.03507226 11
-0.54674697 0.54307383 0.010254954 12
-0.57575947 0.54306692 0.018184017 8
-0.6117782 0.55005652 0.02709539 9
-0.65179765 0.5580442 0.035996974 12
-0.5737195 0.54609245 0.0091847489 13
-0.60873765 0.55208313 0.01809858 9
-0.63875198 0.55107677 0.02702531 10
-0.67776948 0.55606592 0.035929598 11
-0.59368777 0.54111576 0.0081323627 13
-0.63070631 0.54810613 0.01704118 9
-0.66972673 0.55409592 0.026945272 10
-0.70274538 0.55208945 0.037864905 12
-0.61965877 0.54113662 0.0070648897 13
-0.65968293 0.549128 0.016936012 9
-0.69673926 0.5531038 0.027852675 9
-0.73676008 0.5560832 0.038756926 12
-0.65166819 0.54612291 0.0059648571 14
-0.68868726 0.55010384 0.015876237 9
-0.72671044 0.55308443 0.027785383 10
-0.76473194 0.553065 0.039694984 12
-0.6806345 0.54610384 0.0038999014 14
-0.7166571 0.54808551 0.015814081 8
-0.75768071 0.55206442 0.02771599 10
-0.80070877 0.55504251 0.041613255 12
-0.70359939 0.53908801 0.0028504955 14
-0.74662709 0.54606599 0.015747257 8
-0.78665268 0.54904556 0.02865182 8
-0.83768308 0.55701941 0.042529315 12
-0.73856723 0.54206556 0.00077099825 15
-0.77959198 0.54604149 0.014676334 8
-0.82060766 0.54701036 0.028589142 9
-0.88563824 0.56397325 0.044433352 12
-0.77087039 0.53977078 -0.00019491532 14
-0.81690323 0.54578447 0.013661499 9
-0.86994201 0.55579621 0.029503273 9
-0.94498807 0.57679749 0.046294674 10
-0.80482382 0.53889006 -0.0023626732 16
-0.85686094 0.54786193 0.01351138 9
-0.92490351 0.56582451 0.02934598 10
-1.0409688 0.61075944 0.048062213 9
-0.84479415 0.53986841 -0.0044582998 17
-0.90783727 0.55483407 0.012388703 10
-0.98388332 0.57479221 0.029203923 10
-1.123962 0.6307137 0.050861347 10
-0.89576775 0.5458405 -0.0065808361 18
-0.97281551 0.56879812 0.010231699 11
-1.0908817 0.6117323 0.029943528 9
-1.2109549 0.64966583 0.053651128 11
-0.95974267 0.55880505 -0.0097352741 14
-1.0457958 0.58275771 0.0090556089 11
-1.159861 0.61969453 0.029777832 10
-1.2999444 0.66462821 0.05643481 12
-1.0277162 0.57078725 -0.012902295 13
-1.1297747 0.60174221 0.006847546 9
-1.2468438 0.63469028 0.030560918 11
-1.3869282 0.67462718 0.059217967 13
-1.1236901 0.59477526 -0.01814151 10
-1.2127485 0.61374015 0.0046406761 10
-1.3218204 0.63969564 0.031373747 11
-1.481914 0.68462515 0.062981576 12
-1.1936582 0.60078079 -0.021316383 11
-1.2917213 0.61974323 0.0034438963 11
-1.4077951 0.64569765 0.031159801 12
-1.5838962 0.69262272 0.065728307 26
-1.2766246 0.60778189 -0.025522865 12
-1.373691 0.6247474 0.0012398321 11
-1.5077716 0.65469331 0.03186946 12
-17.657515 7.8071933 0.39592317 102
-1.3616281 0.6137439 -0.029760079 13
-1.4667014 0.6296913 -1.407796e-05 11
-1.7178144 0.70756167 0.032371402 152
-17.6733 7.3461685 0.41699773 108
-1.4595901 0.6196872 -0.034990393 14
-1.6056761 0.65061301 -0.0033449251 68
-1.9668175 0.7644254 0.032771327 78
-17.688082 6.8931437 0.4360736 106
-1.5885546 0.63461375 -0.041296087 71
-1.8446639 0.70548111 -0.0089204451 85
-2.1277971 0.7763353 0.033390492 156
-17.71587 6.4471126 0.45711699 105
-1.8085232 0.68049103 -0.052824225 77
-2.0096354 0.72038835 -0.012311305 64
-2.3987947 0.82118213 0.034745216 96
-17.778706 6.0248899 0.47719309 90
-1.9804629 0.6963619 -0.061206114 75
-2.1585701 0.72127414 -0.015641412 112
-2.4597125 0.78112137 0.036623046 18
-17.083275 5.3652911 0.47790888 108
-2.120379 0.69229662 -0.068562523 66
-2.3435004 0.72618681 -0.019108357 140
-17.101122 5.2723064 0.046793055 7
-17.12101 4.9573874 0.49676228 47
-2.3412955 0.70818961 -0.080118097 107
-2.7854528 0.80196488 -0.029205985 9
-17.815893 4.7331414 0.53400725 25
-0.39417937 0.030228147 0.02061888 3
-0.41623998 0.020216595 0.048564877 3
-0.42116022 0.017206244 0.01955213 4
-0.4132756 0.0042281034 0.049563516 3
-0.39339119 -0.012744218 0.049674269 1
-13.311081 0.5632953 -0.63548023 3
-0.41326103 -0.025767777 0.050632115 2
-0.41219091 -0.041776486 0.051613841 3
-0.42722836 -0.058778234 0.052551989 3
-0.36516458 -0.054747783 0.022705561 3
-0.43720758 -0.076791815 0.05352683 3
-0.40812063 -0.075779304 0.02059957 3
-18.312044 -3.8392336 0.91733783 4
-18.239897 -4.2510328 0.93242145 85
-18.287611 -4.6895013 0.95422637 101
-2.3635671 -0.66412479 -0.077367708 48
-2.6109195 -0.73526835 0.082005762 0
-18.309391 -5.1284251 0.97413576 85
-2.2025561 -0.67502248 -0.068949729 86
-2.2237477 -0.68102562 0.0049890005 77
-2.4129143 -0.73813754 0.080497473 45
-7.0278559 -2.141104 0.4017176 2
-2.0376036 -0.67790657 -0.060559548 75
-2.0657718 -0.68491095 0.0083695026 83
-2.2239141 -0.73499966 0.07796713 97
-6.6467843 -2.1858335 0.38869119 4
-1.8795997 -0.67478222 -0.053146493 65
-1.9207553 -0.6847952 0.01174931 86
-2.0578864 -0.73187047 0.076401398 126
-5.244791 -1.8529067 0.31929702 61
-1.7515918 -0.67568105 -0.045811169 32
-1.7717379 -0.67768747 0.014137716 59
-1.9008574 -0.72376466 0.074810423 126
-5.172698 -1.9568594 0.32150912 72
-1.6325746 -0.67360902 -0.04050117 9
-1.6587107 -0.6786198 0.016432572 35
-1.7498289 -0.71067297 0.073201902 82
-5.0336108 -2.0307722 0.31888911 45
-1.5656821 -0.68156546 0.018675279 12
-1.6387964 -0.70760727 0.072490461 36
-4.6325607 -1.9895177 0.30192921 49
-1.4936545 -0.69050306 0.020865338 3
-1.5427709 -0.70651454 0.071742207 12
-3.2446847 -1.4766084 0.22547257 7
-1.479748 -0.71749073 0.070928827 1
-1.6048621 -0.76956081 0.13061747 1
-1.2449031 -0.76811475 0.11630818 0
-1.1958737 -0.77309644 0.11444235 1
-0.72457117 -0.72076124 0.036629379 0
-0.7113654 -0.7617923 0.007704712 5
-0.71941561 -0.74880308 0.037692979 3
-0.7884863 -0.78185552 0.099541314 2
-0.6762324 -0.75681442 0.0088396566 12
-0.69730061 -0.7588225 0.037785228 7
-0.71937048 -0.76283091 0.067728542 7
-0.75543433 -0.78084761 0.098637797 8
-0.64921129 -0.75980031 0.01091135 18
-0.65928549 -0.74780184 0.03888315 11
-0.68634582 -0.75881374 0.066814668 10
-0.71940887 -0.77382886 0.096731246 10
-0.62118953 -0.75978565 0.011985077 17
-0.6322698 -0.74878645 0.038953714 10
-0.66434163 -0.76579869 0.066873319 14
-0.68739933 -0.77081096 0.095822781 14
-0.59717107 -0.76377606 0.013067016 17
-0.61522728 -0.76278561 0.040028643 10
-0.63328367 -0.7617951 0.066990085 13
-0.66233468 -0.77481097 0.094924949 14
-0.574112 -0.76877683 0.015166046 14
-0.59616303 -0.77278882 0.041117806 13
-0.60422546 -0.75879216 0.067102961 9
-0.63127619 -0.76880693 0.094042212 15
-0.55804467 -0.7827816 0.016249262 18
-0.57410675 -0.77878773 0.041204792 13
-0.59316844 -0.77979553 0.067153335 13
-0.60623693 -0.76979977 0.09311565 13
-0.53101975 -0.78177029 0.017317686 16
-0.55008137 -0.78077602 0.042267367 9
-0.57313865 -0.78678411 0.067207858 14
-0.58420622 -0.77578473 0.092176899 10
-0.50600088 -0.77975076 0.018386843 17
-0.52405965 -0.77875596 0.04233925 13
-0.54411983 -0.77976042 0.067286305 12
-0.56717563 -0.78676212 0.092225462 15
-0.4815245 -0.77768177 0.020359321 17
-0.50158477 -0.77968514 0.043297309 13
-0.5216471 -0.78168857 0.067235522 13
-0.54970479 -0.79669631 0.092154853 17
-0.45652732 -0.77465397 0.021390874 15
-0.48058355 -0.78265983 0.044319548 13
-0.50064242 -0.78566366 0.067258216 13
-0.52170366 -0.7886681 0.091194429 16
-0.43552724 -0.77662832 0.022411615 16
-0.45358539 -0.77563137 0.044355005 12
-0.47863811 -0.78863829 0.067282341 13
-0.49569994 -0.78464091 0.090228334 16
-0.40853438 -0.76559949 0.023445152 15
-0.42758951 -0.7656008 0.0453998 10
-0.44763824 -0.77160209 0.066355094 13
-0.47366598 -0.78561646 0.089298964 16
-0.38447738 -0.75958651 0.02553927 14
-0.4084875 -0.77060562 0.045489464 12
-0.42250985 -0.76461905 0.066463046 11
-0.44752389 -0.77763879 0.088411115 15
-0.36433491 -0.76260984 0.026637001 14
-0.38135371 -0.75862515 0.046603017 11
-0.40137753 -0.76263958 0.066558965 12
-0.42142114 -0.76664859 0.086507484 14
-0.34326649 -0.75761282 0.027709927 14
-0.3653034 -0.76862323 0.04665447 10
-0.38135293 -0.76262981 0.066611655 12
-0.40539056 -0.77664119 0.086551525 15
-0.32024947 -0.74960107 0.028768966 12
-0.34228638 -0.76061136 0.047713522 11
-0.36032647 -0.76161957 0.065666743 10
-0.3813825 -0.76662779 0.085612394 14
-0.3072401 -0.76659387 0.029809533 14
-0.32227728 -0.75760275 0.047779333 9
-0.34330595 -0.76761496 0.066736661 12
-0.3583411 -0.75862402 0.083706059 11
-0.28518659 -0.75859314 0.030909393 13
-0.30821094 -0.77160668 0.048861962 11
-0.32124856 -0.75861448 0.065835781 10
-0.34227768 -0.76862657 0.084792711 14
-0.26612878 -0.75759387 0.032003462 12
-0.28515819 -0.75860518 0.048964005 10
-0.30618519 -0.77061707 0.066919066 11
-0.32122642 -0.76162422 0.082876258 13
-0.24908492 -0.76359129 0.033068154 13
-0.26512799 -0.75559878 0.050022908 9
-0.28516158 -0.76360852 0.06697046 10
-0.30519533 -0.76861668 0.082918733 13
-0.2290678 -0.75457883 0.034119528 12
-0.25009733 -0.76658756 0.050066553 10
-0.2641421 -0.75359195 0.066027142 9
-0.28517437 -0.76560044 0.082974195 13
-0.21403682 -0.77156276 0.035164986 13
-0.23008208 -0.75656193 0.05111824 9
-0.25109965 -0.7705608 0.067065552 11
-0.26414138 -0.75256968 0.081025198 11
-0.19401547 -0.75954384 0.036212172 12
-0.21405086 -0.76656139 0.051156726 10
-0.2290976 -0.75457591 0.066111237 10
-0.25112948 -0.77059221 0.082052715 13
-0.17601267 -0.75555438 0.037253309 12
-0.19703989 -0.76956284 0.052200135 10
-0.21207921 -0.75856793 0.066158727 9
-0.23111297 -0.7615751 0.08110901 12
-0.15998679 -0.76653975 0.037302334 13
-0.17702661 -0.75954586 0.052256219 8
-0.19605847 -0.76555294 0.067207061 10
-0.21308969 -0.76355928 0.080161855 12
-0.14197448 -0.75952387 0.038353521 12
-0.16200165 -0.77353162 0.053303141 10
-0.17704296 -0.75453669 0.066260211 9
-0.19606923 -0.76554394 0.080211997 12
-0.12395601 -0.76250803 0.039406519 12
-0.14298953 -0.7603575 0.053137455 9
-0.16104794 -0.7683273 0.066998534 10
-0.17793241 -0.75734425 0.079128899 11
-0.10665894 -0.76430303 0.040507395 12
-0.125691 -0.76631451 0.054453943 9
-0.14372334 -0.76432604 0.067402303 9
-0.1617489 -0.76733798 0.079352118 12
-0.089641161 -0.75929326 0.041555058 12
-0.10866464 -0.76930857 0.055501506 9
-0.12569954 -0.75832123 0.067448944 9
-0.14372684 -0.75533283 0.078397557 11
-0.072611645 -0.76728779 0.043604087 13
-0.091617726 -0.76427978 0.05555366 9
-0.10861799 -0.76226598 0.06750939 10
-0.12767655 -0.76828319 0.078415334 12
-0.056576379 -0.75923991 0.04461702 12
-0.074597865 -0.7682513 0.056566499 10
-0.091632135 -0.75726223 0.067513488 9
-0.1096525 -0.764274 0.078462288 12
-0.039550662 -0.76723081 0.045663219 12
-0.058535095 -0.76018816 0.056589276 9
-0.075553536 -0.77219945 0.067541569 10
-0.092589572 -0.75821096 0.077488236 11
-0.022111023 -0.77144951 0.046675026 13
-0.041130845 -0.77545995 0.057624213 9
-0.059158068 -0.76446855 0.067574233 9
-0.077175848 -0.76947671 0.077527821 12
-0.0060964967 -0.75943816 0.047715977 12
-0.024109716 -0.7764461 0.058672018 10
-0.043134004 -0.76645511 0.067619875 10
-0.061153274 -0.76446283 0.076571897 11
0.012933083 -0.77341563 0.048770331 13
-0.0080937352 -0.76241904 0.058711059 9
-0.025094723 -0.7734229 0.068673119 10
-0.044119276 -0.76744223 0.076618128 12
0.029956888 -0.77241188 0.049815655 13
0.010933203 -0.7764309 0.05976256 10
-0.0090958951 -0.76245075 0.067703515 9
-0.02610755 -0.7764594 0.076660655 12
0.046962898 -0.76941967 0.050857186 13
0.026939576 -0.76742846 0.060803894 9
0.0089235259 -0.76843655 0.068756521 10
-0.010091468 -0.76644522 0.075705945 11
0.066982485 -0.77940285 0.052916765 14
0.044960093 -0.76941317 0.060856663 9
0.026945697 -0.77342111 0.068809852 9
0.0089331958 -0.78042901 0.076763585 13
0.081991583 -0.76638919 0.053958755 12
0.06398239 -0.77939707 0.061913587 10
0.042960446 -0.76540697 0.068855427 10
0.023945924 -0.76441556 0.075805023 11
0.10201425 -0.7763145 0.054938003 13
0.078975715 -0.76217043 0.0616333 8
0.063040785 -0.78018457 0.069703095 11
0.043213647 -0.77217776 0.075895384 12
0.12131328 -0.77911919 0.056160528 14
0.1002958 -0.77813423 0.064100586 10
0.07927724 -0.76815021 0.070038132 9
0.062276527 -0.7811631 0.075993687 13
0.13632722 -0.7681126 0.057199907 12
0.1213292 -0.78812677 0.065160975 11
0.098310478 -0.77414441 0.070091918 10
0.076295502 -0.76116157 0.074026033 11
0.15636721 -0.77309233 0.059262879 14
0.1333802 -0.76608461 0.065206096 8
0.11836205 -0.78308803 0.071132936 10
0.09734793 -0.77511352 0.07506004 13
0.17840204 -0.78305507 0.060291782 14
0.15438291 -0.773072 0.066219695 10
0.13337322 -0.76808727 0.070157364 9
0.11637388 -0.78010064 0.07511165 13
0.19245762 -0.76899081 0.061322995 12
0.17946306 -0.79299951 0.067290068 11
0.15444325 -0.77701813 0.071213558 10
0.13143575 -0.76503044 0.074145928 11
0.21449445 -0.77595657 0.063396506 14
0.19249934 -0.77396226 0.067336813 8
0.17651309 -0.78696305 0.072297178 11
0.15451883 -0.78097224 0.074234627 13
0.23756836 -0.78489572 0.06548021 15
0.21456242 -0.78291398 0.069411874 10
0.1905553 -0.77193332 0.071339197 9
0.17556545 -0.78694534 0.074297436 14
0.25859639 -0.78688246 0.066544592 14
0.23759429 -0.78989905 0.070483066 11
0.21260065 -0.77792013 0.072396971 11
0.18758984 -0.7669372 0.073314577 10
0.27762431 -0.7838667 0.068586506 15
0.25562397 -0.78288436 0.070520513 9
0.23462576 -0.7849012 0.072457977 11
0.21162361 -0.77791983 0.073388048 13
0.29965144 -0.78585202 0.069647066 15
0.27264732 -0.77587491 0.07155899 9
0.25465751 -0.78389072 0.073500656 10
0.23667167 -0.79290664 0.074442416 15
0.32268763 -0.7898401 0.071694665 16
0.29869136 -0.7858609 0.072616339 11
0.27569583 -0.78288078 0.073541053 10
0.25671086 -0.78889829 0.073478356 13
0.34872732 -0.79582816 0.073749229 17
0.32272282 -0.79286015 0.074665643 12
0.29871321 -0.78689486 0.074589416 12
0.27170238 -0.77492958 0.07350523 12
0.37071145 -0.79584748 0.075816892 17
0.34771115 -0.79686344 0.075758986 12
0.32270879 -0.7918812 0.074694172 13
0.29970983 -0.79089743 0.073636413 15
0.39368871 -0.79382008 0.076920517 17
0.37270027 -0.8008374 0.076859452 12
0.34670544 -0.79585892 0.075781189 13
0.32471749 -0.79587746 0.073715806 16
0.41470402 -0.79080427 0.078982666 17
0.39071399 -0.79182416 0.077911526 9
0.37172958 -0.79984003 0.076856606 12
0.34974441 -0.79985881 0.073791228 16
0.44172525 -0.79478347 0.081064023 18
0.41573647 -0.79380524 0.078986548 9
0.39374927 -0.79482377 0.076921359 9
0.37176743 -0.79884249 0.073856741 16
0.46935016 -0.79782474 0.08312466 19
0.44236147 -0.79784524 0.081047319 9
0.41637483 -0.79286557 0.076971427 10
0.39539289 -0.79788417 0.073912911 15
0.49540925 -0.79774863 0.08621227 19
0.47142836 -0.80176741 0.082143694 11
0.44243804 -0.79379028 0.078057855 10
0.41946629 -0.79580319 0.072995409 16
0.5324496 -0.8117004 0.089337453 22
0.49747378 -0.80071843 0.084240511 11
0.47250664 -0.8007285 0.079174623 11
0.44453558 -0.79574609 0.07309562 17
0.56151432 -0.81163704 0.09144859 20
0.53353757 -0.81266099 0.086365514 13
0.49655339 -0.79669225 0.079253063 11
0.47157878 -0.79671389 0.073178902 17
0.59453946 -0.81761551 0.094547719 19
0.56856716 -0.82063794 0.088470988 13
0.52759665 -0.80167061 0.080339201 12
0.49961668 -0.79768884 0.073252812 12
0.62657022 -0.81858444 0.09663593 21
0.60060072 -0.82260662 0.08955881 13
0.5716266 -0.82063115 0.08247178 15
0.53965163 -0.81365842 0.074374504 16
0.65959173 -0.82056034 0.099729992 24
0.63162702 -0.82258552 0.091641895 15
0.60366088 -0.8226108 0.083553329 15
0.57369483 -0.81863773 0.074457966 16
0.69562286 -0.82253736 0.10282037 24
0.66465986 -0.82256514 0.093722738 16
0.63569695 -0.82259142 0.084630959 15
0.60673511 -0.81961864 0.07453797 19
0.72665125 -0.81852102 0.10589419 20
0.69968563 -0.82455653 0.095807828 14
0.6687097 -0.82259828 0.085708246 15
0.63873661 -0.81963533 0.074615523 19
0.77163947 -0.82751942 0.10902388 21
0.73066491 -0.81955189 0.097908162 13
0.70169652 -0.81957471 0.086830288 14
0.67372656 -0.82059646 0.074756198 16
0.80761272 -0.82647967 0.11215858 22
0.77065158 -0.82251215 0.10004784 14
0.74369657 -0.82653654 0.087968387 14
0.71374035 -0.82556349 0.074879043 18
0.8466239 -0.82544863 0.11627465 19
0.81367248 -0.82647818 0.10217678 15
0.77771419 -0.82251006 0.089069016 15
0.751764 -0.82553399 0.074992336 17
0.89764118 -0.83240777 0.12042796 17
0.85768944 -0.82944322 0.10530848 14
0.82073641 -0.82447624 0.090197571 15
0.78978711 -0.82450449 0.075105451 15
0.94465482 -0.83436996 0.1245684 18
0.90370578 -0.83140653 0.10844596 15
0.87075967 -0.83143657 0.092347898 16
0.83581412 -0.82846832 0.075243324 16
0.99766684 -0.83832717 0.12972707 18
0.95472419 -0.83536565 0.11159869 15
0.91678131 -0.83240014 0.093485184 15
0.88283718 -0.83143121 0.076383963 15
1.0606835 -0.84827614 0.13491662 18
1.0097418 -0.83932149 0.1147633 15
0.96980256 -0.83635789 0.095643863 16
0.93186241 -0.8333925 0.07653036 16
1.1196951 -0.8512283 0.14009294 14
1.0707595 -0.84627229 0.11894634 16
1.027825 -0.84231132 0.097817793 16
0.99189001 -0.84134465 0.077710651 16
1.1887072 -0.85917199 0.14629996 15
1.1397785 -0.85521632 0.12315356 13
1.0998493 -0.85425323 0.10103451 16
1.0639246 -0.85528708 0.077927753 13
1.2617158 -0.86611211 0.15351868 15
1.2057918 -0.85916638 0.12734982 14
1.1668674 -0.86020881 0.10323258 13
1.1219387 -0.85625631 0.079096727 13
1.3447169 -0.8760649 0.16076045 85
1.2757949 -0.86213285 0.13155121 20
1.2338723 -0.86217833 0.10642511 14
1.1969573 -0.86422032 0.079314478 14
1.4257125 -0.88102144 0.16799314 80
1.3577952 -0.86908931 0.1377876 95
1.3298928 -0.8801201 0.11070435 16
1.2769852 -0.87217134 0.080542423 15
1.5167215 -0.88695651 0.17725313 92
1.4538239 -0.88001645 0.14406204 98
1.3999228 -0.87606877 0.11289793 88
1.3600266 -0.8781091 0.081775874 86
1.6227404 -0.89587283 0.18655841 89
1.5468495 -0.88594317 0.15032654 91
1.4949592 -0.8839938 0.11616768 87
1.4600729 -0.89003038 0.083061188 74
1.7267555 -0.90078896 0.19585709 92
1.6518757 -0.89285928 0.15662815 101
1.5999926 -0.89191043 0.12046926 92
1.5551124 -0.89395595 0.084331796 90
1.8517563 -0.91068697 0.20822488 94
1.7558855 -0.89477551 0.16393077 105
1.7110126 -0.89882153 0.12579396 97
1.6751481 -0.90586078 0.085684694 89
1.9757636 -0.9135868 0.21958765 98
1.8759023 -0.89767933 0.17228079 109
1.8250405 -0.90073079 0.13012592 106
1.7951821 -0.91176146 0.088039197 92
2.1317611 -0.92445117 0.23405705 118
2.0159092 -0.90555352 0.18170412 104
1.9560533 -0.90460932 0.13552414 100
1.9342105 -0.91963446 0.089462489 89
2.3027453 -0.93429732 0.25057653 129
2.1789105 -0.91441131 0.19219863 119
2.1040678 -0.91048402 0.14097215 114
2.0882349 -0.92750865 0.09192837 112
2.4937255 -0.94313854 0.26815385 136
2.346905 -0.91827255 0.2037055 112
2.2800779 -0.91933978 0.14850433 110
2.2742648 -0.94135755 0.094491921 113
2.6766968 -0.9409858 0.28570434 119
2.5308955 -0.92112023 0.2162603 130
2.4600823 -0.92119199 0.15604685 116
2.4622872 -0.94620228 0.097060494 112
2.8866637 -0.93979621 0.30634373 150
2.7108843 -0.91294676 0.22881363 102
2.6530926 -0.91999882 0.16464706 101
2.6663058 -0.94702441 0.099711448 99
3.2225947 -0.96554464 0.33841741 150
2.9028242 -0.90085101 0.2424548 108
2.8290446 -0.90393937 0.17123884 96
2.8592873 -0.93493551 0.10233606 96
3.7795043 -1.0341405 0.39114675 11
3.2568042 -0.92457992 0.26653063 150
3.0990469 -0.90567386 0.18307208 108
3.2083213 -0.95851249 0.107467 150
13.706647 -3.3214538 1.3131664 20
3.793751 -0.97687441 0.30430257 150
3.5550375 -0.94209975 0.20256497 150
3.8013732 -1.0289221 0.11833926 150
15.541164 -3.4000742 1.4890965 3
4.3466053 -1.0084245 0.34281385 150
4.1609197 -0.99258232 0.22932273 145
4.3762732 -1.0654097 0.12807348 77
19.870251 -3.8800337 1.9023073 3
5.1664481 -1.0673234 0.40048617 150
4.7138472 -1.0024617 0.25301546 150
5.2113171 -1.1277115 0.14148167 22
19.096483 -3.2867897 1.8388597 5
6.1223016 -1.1115022 0.46721897 70
5.6617718 -1.0570121 0.29481182 122
6.1263046 -1.1645979 0.15624711 7
18.585018 -2.7817516 1.7993482 11
6.6631532 -1.0509489 0.50583023 39
6.4156823 -1.0382504 0.32807916 107
6.679245 -1.0990425 0.16389304 1
17.526772 -2.2318056 1.7079772 7
6.8280182 -0.91576892 0.51828223 4
6.7245803 -0.92492318 0.33997169 54
32.356846 -3.3653147 3.1347654 150
6.8059974 -0.75625873 0.51682734 7
6.7415419 -0.76535225 0.3396354 92
27.670017 -2.2700598 2.7015455 16
6.8338699 -0.60022271 0.52087891 2
6.7594323 -0.60732424 0.33965465 89
32.296406 -1.9335037 3.1622906 150
32.314007 -1.9936285 2.3173423 150
6.7613497 -0.44737661 0.33959329 87
6.8498697 -0.45300719 0.15390602 1
47.423935 -1.7640636 4.6540656 46
30.989506 -1.2030572 2.2309113 26
6.7589769 -0.28443289 0.33874682 94
6.8815446 -0.28631231 0.1511126 1
12.151217 -0.20179307 1.2319705 31
47.518482 -0.74189061 3.4145586 54
6.7797933 -0.12639067 0.33877501 97
6.8773613 -0.11830281 0.14906667 2
12.157887 0.066238709 1.2399416 34
24.11228 0.15872429 1.7599247 89
6.8126159 0.032658819 0.34085357 98
6.896184 0.047729637 0.14710771 5
12.161551 0.33626494 1.2479366 40
24.43153 0.71516508 1.7908514 12
6.8294349 0.195694 0.34188667 94
6.9240079 0.21677744 0.14516734 8
12.166223 0.60529679 1.2569057 35
23.286167 1.2138106 1.7163172 6
6.8512554 0.35784891 0.34289333 87
6.9168234 0.38602519 0.14305295 9
12.169872 0.87777454 1.2657526 29
4.3142877 0.30781445 0.35325173 10
3.8827407 0.28725916 0.21195842 150
3.9340692 0.30731362 0.096108742 150
12.209339 1.1534179 1.2797142 13
3.8293464 0.36069715 0.32002389 150
3.2958138 0.31995633 0.18639261 112
3.2970994 0.33696869 0.086402342 150
12.192956 1.423366 1.2867306 5
3.2274728 0.37683544 0.2771996 150
2.8708568 0.34535152 0.16710639 114
2.8421111 0.35932887 0.079021327 139
12.25852 1.7084779 1.303986 1
2.7995641 0.39023906 0.24789895 150
2.5268936 0.36487076 0.15306287 124
2.4691334 0.3718051 0.072888047 123
47.80098 7.782692 4.9976101 54
2.475673 0.40175509 0.22492054 150
2.2519658 0.37845996 0.14023283 124
2.190177 0.38439044 0.069044702 101
47.866245 8.8771477 5.043973 51
2.2287209 0.41442242 0.20816849 145
2.0309947 0.39015689 0.13156091 97
1.9552008 0.3920621 0.065330207 93
47.915554 9.9892263 5.091363 58
2.0117953 0.4221077 0.19250891 106
1.836056 0.39886358 0.12296772 93
1.7672551 0.39976937 0.062757403 98
47.955105 11.102397 5.1386099 50
1.8208925 0.42579958 0.17991972 100
1.6651351 0.40257999 0.11543269 78
1.5873212 0.4004668 0.060186706 78
1.9656092 0.49196362 0.25336254 5
1.6499672 0.42653868 0.16738477 82
1.5071831 0.40335044 0.10894405 82
1.4383488 0.40026429 0.057733372 91
1.7816861 0.48971564 0.23580201 21
1.498022 0.42433396 0.15692264 81
1.3732195 0.40316993 0.1035376 76
1.3163702 0.40209985 0.05636419 18
1.6067733 0.4794794 0.21826847 54
1.3730669 0.42415223 0.1485486 65
1.2762443 0.4080134 0.099254474 16
1.2193847 0.40692976 0.055085286 17
1.4638381 0.47423232 0.20485221 78
1.2790997 0.42798397 0.14227819 12
1.1922675 0.4138703 0.096009478 14
1.136408 0.41079915 0.053837679 15
1.3439072 0.46906283 0.19348437 76
1.1921424 0.43086073 0.13601242 15
1.1252943 0.42177448 0.092805907 14
1.0644321 0.41569605 0.052618265 16
1.2479646 0.46792758 0.18419035 12
1.1251736 0.43776512 0.1318087 12
1.0483301 0.42266485 0.089570515 13
1.0084523 0.42361537 0.051448472 22
1.1670164 0.46881318 0.17594273 11
1.0562111 0.43966684 0.12759805 12
0.99035627 0.4285816 0.08739429 13
0.94747531 0.42752761 0.051262733 25
1.0980604 0.47071525 0.16973211 10
0.99324775 0.44257697 0.123406 12
0.94037783 0.43550935 0.086242788 13
0.89251786 0.43046436 0.050132692 23
1.0361325 0.47365305 0.16361393 10
0.93732423 0.44451734 0.11929463 12
0.88245553 0.43544504 0.084122993 13
0.8455705 0.43539762 0.050008681 21
0.96720153 0.47054297 0.15739128 13
0.88437164 0.44643342 0.11613047 11
0.83649707 0.43937111 0.081980966 14
0.79760885 0.43732098 0.049860206 21
0.91625291 0.47147101 0.15223315 19
0.82342285 0.44136092 0.11194051 10
0.78952354 0.44133031 0.080835499 11
0.74363804 0.43328381 0.048691936 17
0.86928034 0.47444627 0.14808778 20
0.78644007 0.4473488 0.10982662 10
0.7445519 0.44129714 0.078696229 11
0.70865494 0.43925351 0.048585106 17
0.81033266 0.46837318 0.14290512 18
0.75346911 0.45330215 0.10772686 10
0.7035858 0.4412396 0.077570751 14
0.67168313 0.44120121 0.048472408 17
0.76437879 0.46630934 0.13876383 18
0.71450472 0.45424744 0.10560779 10
0.67161292 0.44619429 0.076474078 13
0.63870978 0.44415441 0.048372343 15
0.72941506 0.46926022 0.1356575 18
0.67554313 0.45419309 0.10348871 12
0.6396476 0.44914985 0.07537736 12
0.60474741 0.44510764 0.048269305 15
0.69646245 0.47221634 0.13255793 18
0.64359111 0.45615053 0.10139222 12
0.60469508 0.44910273 0.074271329 12
0.57279056 0.4460642 0.048172772 14
0.66450894 0.47517371 0.13046165 17
0.61363888 0.45811027 0.099302016 11
0.57574111 0.45006341 0.07318408 12
0.54283351 0.44702306 0.048082493 13
0.63010597 0.47407952 0.12729907 16
0.57623184 0.4550091 0.097130597 11
0.54631954 0.45197123 0.072038449 11
0.51240873 0.44592768 0.04793353 12
0.6041348 0.47804102 0.12522067 15
0.55525446 0.46097746 0.096067898 11
0.51535362 0.44992575 0.070943743 10
0.48144397 0.44288221 0.046838656 11
0.57117504 0.4759931 0.12211983 15
0.52728432 0.46193618 0.094982922 10
0.49437594 0.45389405 0.070880719 10
0.46745491 0.45286009 0.047798149 11
0.54121369 0.47494936 0.11902838 14
0.50930566 0.46890879 0.093929633 10
0.44451338 0.4548519 0.047783673 12
0.51927829 0.47893661 0.11801005 13
0.48038721 0.46588561 0.091887236 9
0.45346966 0.46285057 0.069803402 9
0.41956031 0.45380601 0.04769684 10
0.49932027 0.48290151 0.11594899 13
0.45643133 0.46584511 0.090813175 8
0.39659721 0.45377728 0.047625639 10
0.47635677 0.483886 0.11387739 12
0.43645638 0.46884751 0.089750767 9
0.41053024 0.46582776 0.068669572 8
0.44638988 0.47888911 0.11178216 12
0.41847533 0.47385502 0.088695273 9
0.35863921 0.45778051 0.047508143 9
0.42941818 0.48286414 0.11073197 11
0.37058547 0.46879148 0.067548357 9
0.4074553 0.48283267 0.10866573 11
0.38253051 0.48080236 0.087588735 8
0.3276844 0.46973464 0.047418114 9
0.39148384 0.48780921 0.10761901 11
0.34063902 0.48074719 0.067461789 8
0.36754096 0.48277584 0.10554635 10
0.34561232 0.48374948 0.085479386 7
0.29476088 0.47468632 0.048321929 8
0.35058284 0.48675156 0.10449698 10
0.30672038 0.48569778 0.067362599 8
0.34260899 0.49974677 0.10448612 10
0.31668669 0.49372956 0.085423104 7
0.25585872 0.46768346 0.048265066 7
0.32564807 0.50176686 0.1034906 10
0.26980188 0.48269463 0.066313364 7
0.30568534 0.49773276 0.10142815 10
0.27975589 0.4916991 0.083346479 7
0.23785353 0.48463598 0.065215364 7
0.2757313 0.50367701 0.10033725 9
0.25080186 0.49764457 0.082258679 6
0.20590745 0.48257634 0.065116398 7
0.2447747 0.50760949 0.098223366 9
0.21685079 0.49457058 0.081128508 6
0.17695056 0.48451078 0.064985625 7
0.21283983 0.50555182 0.09609364 9
0.1879091 0.49651882 0.080011219 6
0.14203744 0.48145792 0.049859349 8
0.14502387 0.4754557 0.063857369 6
0.18190685 0.50349897 0.093968764 8
0.15698162 0.49046594 0.077886008 5
0.11971894 0.48044476 0.063784577 6
0.15362303 0.50348449 0.091894686 8
0.13367561 0.50245899 0.078833625 5
0.097778693 0.49446234 0.06478291 6
0.12570268 0.50249118 0.089871459 7
0.11072546 0.51547092 0.078827947 6
0.074811429 0.50541389 0.065714844 6
0.10273985 0.51244313 0.089803204 7
0.084770702 0.5194186 0.078749143 6
0.048858348 0.50836116 0.065635823 6
0.078774214 0.52339166 0.089729264 7
0.057822011 0.51735801 0.077653922 5
0.01293998 0.4902916 0.054496232 6
0.022905692 0.50630015 0.065518998 6
0.052824043 0.52433527 0.088607386 8
0.03088095 0.51530623 0.076533891 5
-0.0020431839 0.50925809 0.066411465 6
0.026885709 0.52429259 0.087495774 7
0.0069256565 0.52326602 0.077429608 5
-0.026999692 0.51821733 0.06730371 6
0.0009488358 0.52325112 0.086383514 7
-0.018027581 0.53222591 0.077321045 5
-0.051922385 0.5221771 0.06821081 6
-0.023950685 0.52521068 0.085297234 7
-0.043930579 0.53918403 0.077236906 6
-0.083781064 0.49113113 0.058110781 6
-0.076820634 0.52517617 0.068180367 6
-0.048853364 0.53023827 0.084302478 7
-0.068840384 0.54322743 0.078261301 6
-0.10278047 0.5351969 0.070173338 7
-0.073816247 0.53823048 0.084264211 8
-0.095806055 0.54920286 0.078198679 6
-0.13569845 0.51415473 0.062065423 7
-0.13074964 0.54618537 0.071115114 7
-0.10077925 0.54724103 0.08422929 8
-0.1217518 0.54522491 0.078173749 5
-0.16567965 0.53319037 0.064053908 8
-0.15972722 0.55620396 0.07311783 7
-0.12775381 0.55223358 0.084247351 8
-0.14872491 0.54520261 0.078196526 5
-0.19468296 0.54313481 0.066087179 8
-0.1878245 0.55608588 0.073914364 7
-0.15684918 0.56012297 0.084011689 8
-0.1768097 0.5460977 0.078946657 5
-0.22577165 0.55003572 0.068795361 8
-0.21878868 0.56306148 0.074837357 7
-0.18580474 0.56312168 0.083960347 8
-0.20576461 0.54910642 0.078904793 5
-0.25573376 0.55406201 0.070770532 8
-0.24975459 0.56708783 0.076827295 7
-0.2177867 0.57411802 0.084961839 9
-0.2377544 0.56008768 0.080912888 5
-0.28672075 0.55501479 0.072794877 9
-0.28275841 0.57200348 0.07886298 8
-0.24773674 0.57302618 0.084961362 9
-0.27370307 0.5769785 0.082867995 6
-0.3215988 0.56189251 0.075691462 9
-0.31554213 0.57383204 0.080609679 8
-0.28046417 0.57888085 0.084660999 9
-0.30943033 0.58585566 0.083542742 7
-0.36232936 0.57680923 0.079319306 10
-0.34721637 0.57084942 0.081267573 8
-0.31320316 0.57787329 0.084395707 10
-0.34021288 0.57881999 0.084348232 7
-0.39321628 0.56872267 0.082236476 10
-0.33122766 0.58180583 0.084406964 10
-0.35520491 0.57377446 0.084333792 7
-0.38619953 0.57873356 0.084243417 7
-0.41016874 0.56670213 0.08316958 5
-0.34617934 0.57578212 0.084362037 10
-0.37019619 0.56971866 0.084388301 7
-0.36417714 0.57675993 0.084416591 10
-0.38915756 0.56974089 0.085339144 6
-0.42617542 0.58268583 0.087237254 0
-0.44414067 0.56165576 0.086184427 5
-0.3841587 0.58072782 0.085348494 10
-0.40914613 0.57268828 0.086277634 6
-0.43814164 0.57064331 0.087196268 5
-0.47114372 0.57159275 0.089104138 9
-0.39411682 0.56468844 0.084312819 10
-0.46314108 0.57958281 0.089121245 4
-0.50014991 0.58352631 0.092018247 11
-0.40808493 0.55664343 0.083266899 3
-0.44310018 0.56559157 0.086170472 5
-0.48713338 0.58453178 0.091051579 8
-0.52514118 0.58848 0.093948118 10
-0.43508542 0.56960142 0.085194208 4
-0.46809319 0.57355642 0.088104464 6
-0.517129 0.59448981 0.092972063 9
-0.55714059 0.59943527 0.096863233 10
-0.45005003 0.56257993 0.084154584 6
-0.4990927 0.58651316 0.09002243 9
-0.53810567 0.59245992 0.093916416 9
-0.58713913 0.60739309 0.10078365 9
-0.48505884 0.58253115 0.086062089 12
-0.52508289 0.59247643 0.09195365 9
-0.5691039 0.6024164 0.096834257 9
-0.62815088 0.62533587 0.10467473 9
-0.50904232 0.58549732 0.086998574 13
-0.55206752 0.59643847 0.09288203 9
-0.60210222 0.61237013 0.099746682 8
-0.67216533 0.64327443 0.10955767 8
-0.5340277 0.58746618 0.087924458 13
-0.5780493 0.59840232 0.093809582 8
-0.64110178 0.62631267 0.10264306 7
-0.70414793 0.64722311 0.11247493 6
-0.55798954 0.58741742 0.087877549 13
-0.6120342 0.60934025 0.096734092 7
-0.67007488 0.62825775 0.10557841 7
-0.74814272 0.66114855 0.11736693 0
-0.58887827 0.59640861 0.090451926 14
-0.64391702 0.61533624 0.099314086 7
-0.72198647 0.6522339 0.11112157 6
-0.62185574 0.60436863 0.091369934 13
-0.67789441 0.62129521 0.10122894 7
-0.75095326 0.65019983 0.11304715 3
-0.64982283 0.60433549 0.092298634 13
-0.71387142 0.6272521 0.10313862 7
-0.78192014 0.64816368 0.11496754 0
-17.528175 15.098561 2.0526865 64
-0.68079323 0.60733986 0.093225345 13
-0.76586771 0.64627326 0.10702071 6
-17.558323 14.440854 2.0506504 63
-0.7127583 0.60746837 0.09416344 13
-0.80283654 0.64938992 0.1089462 4
-17.574062 13.800476 2.0475209 30
-0.74973023 0.61245739 0.095073804 14
-0.84681463 0.65534121 0.11183511 0
-17.562815 14.088639 1.863663 55
-17.607235 13.191558 2.0472581 74
-0.79070485 0.61741227 0.096970178 13
-17.561893 13.434766 1.8464741 50
-17.632322 12.599805 2.0470355 74
-0.85566103 0.64140457 0.10083036 7
-17.588297 12.819874 1.8353142 94
-1.510227 0.97171235 0.20325322 1
-0.90861124 0.65239185 0.1027112 4
-17.574814 13.022074 1.6094331 101
-17.616488 12.230001 1.8250887 96
-16.976517 11.005679 1.9703724 60
-17.597212 12.405978 1.5891688 88
-16.839273 11.124698 1.7337009 34
-17.691874 10.916724 2.0534911 110
-1.5089396 0.95470154 0.16430472 4
-17.567303 11.031948 1.7980047 88
-17.700289 10.382727 2.0544913 103
-1.5108837 0.96770132 0.14130089 0
-17.279531 10.997337 1.5208734 57
-17.689781 10.550831 1.8017356 114
-17.733738 9.8687 2.0614474 116
-17.043829 10.977395 1.223668 50
-17.683329 10.681612 1.5358627 125
-17.719332 10.02346 1.7964443 122
-17.760365 9.3682976 2.0670085 118
-17.659101 10.777138 1.2397646 105
-17.701128 10.132991 1.5194325 118
-17.746147 9.5028439 1.7910986 119
-17.79521 8.8836889 2.0747595 110
-17.678425 10.214116 1.2155354 109
-17.709496 9.591979 1.5042412 119
-17.798605 9.0127802 1.7908158 114
-17.809683 8.3946638 2.0805757 110
-17.68976 9.6611032 1.192333 105
-17.776924 9.0909004 1.496917 101
-17.823051 8.517746 1.788605 115
-17.828176 7.9226341 2.0883901 96
-17.724125 9.130064 1.1720833 111
-17.798332 8.5808725 1.4857095 118
-17.834496 8.0217266 1.7864298 114
-17.857689 7.4625916 2.0981836 109
-17.752504 8.6100292 1.1538553 114
-17.824753 8.0788383 1.4754952 126
-17.855967 7.5456967 1.7852387 116
-17.916231 7.0185175 2.1129119 100
-17.751881 8.088026 1.134703 90
-17.834179 7.5838227 1.4653288 124
-17.895454 7.0796452 1.7880083 127
-17.901728 6.5575233 2.1178215 109
-17.802298 7.5949683 1.1194345 114
-17.857628 7.1037912 1.4581348 126
-17.913942 6.6176167 1.788835 115
-17.914257 6.1134996 2.1276712 112
-17.816711 7.0989485 1.1042589 111
-17.89209 6.6317477 1.4529184 118
-17.934441 6.1635861 1.7906619 114
-17.164307 5.4293137 2.050364 107
-17.842142 6.6159148 1.0910624 105
-17.922466 6.1689787 1.4476806 119
-17.151968 5.4591279 1.7141218 128
-17.184298 5.0224481 2.0608063 77
-17.895863 6.1471071 1.0803801 87
-17.127958 5.4487247 1.379095 126
-17.193441 5.0395432 1.7217909 95
-17.993368 4.830617 2.1667068 117
-17.107996 5.4178061 1.0211844 107
-17.159504 5.0145736 1.3779671 103
-17.987402 4.8315911 1.8028426 129
-18.034952 4.4113631 2.1846159 105
-17.147207 4.9766436 1.0129186 76
-17.970097 4.798666 1.435833 126
-18.009624 4.3944974 1.808664 134
-18.03919 3.9903362 2.1975229 99
-17.957035 4.7428126 1.0500579 100
-17.997612 4.3556409 1.4358962 123
-18.036169 3.9672396 1.8167588 125
-18.061775 3.5729918 2.2144728 96
-17.97855 4.286458 1.0417978 100
-18.020172 3.9122546 1.4364331 127
-18.060812 3.5429738 1.8240825 131
-18.109589 3.1693008 2.2328928 117
-17.989229 3.8318536 1.0334431 61
-18.050877 3.4766419 1.4381708 120
-18.078497 3.1194704 1.8329847 119
-18.129171 2.7612669 2.2497401 92
-18.063391 3.0416193 1.4380262 103
-18.102051 2.6964331 1.8438174 118
-18.102737 2.3492832 2.2617054 91
-0.36260188 0.025835276 0.053906217 1
-18.085917 2.6075847 1.4418588 97
-18.120605 2.2804017 1.8526679 99
-18.119324 1.9432522 2.2795653 95
-18.101442 2.1775577 1.4447128 98
-18.145166 1.8603632 1.865504 125
-18.190943 1.54616 2.3062913 93
-0.40955305 0.016776666 0.056778587 3
-18.13798 1.7515075 1.4505175 101
-18.163733 1.4463308 1.8783597 121
-18.206537 1.1441294 2.3261602 112
-18.155512 1.3204771 1.4573714 92
-18.183298 1.0322973 1.8912154 119
-18.224133 0.73909616 2.3480251 106
-0.41448849 -0.00023646424 0.056754984 4
-18.170046 0.89445084 1.4622366 67
-18.208866 0.61525649 1.907057 124
-18.259741 0.33904323 2.3718486 96
-18.16958 0.46743986 1.4681418 76
-18.224432 0.20222741 1.9199276 121
-18.269327 -0.063994482 2.3937526 107
-0.4044044 -0.018122572 0.055735961 3
-18.196131 0.039690148 1.4785304 80
-18.251059 -0.20852076 1.9363078 121
-17.459776 -0.44390532 2.3082395 72
-18.202724 -0.38434622 1.4853824 88
-17.439465 -0.59978539 1.8662752 132
-17.47439 -0.82804334 2.3321638 121
-0.41028687 -0.03408258 0.056702778 3
-17.406097 -0.77677315 1.4304221 87
-17.444002 -0.99701381 1.8822876 32
-18.306185 -1.2730908 2.4650507 108
-18.287743 -1.2488559 1.5131766 89
-18.293734 -1.4610671 1.9890639 127
-18.317787 -1.6783055 2.4909034 109
-0.41214436 -0.052095715 0.056698967 3
-18.290331 -1.6800343 1.5229151 100
-18.32136 -1.8872762 2.0117395 119
-18.344442 -2.0875177 2.5185864 97
-18.308916 -2.1151795 1.5366464 111
-18.328972 -2.3083739 2.0305321 130
-18.364084 -2.501591 2.54738 120
-0.40708828 -0.069095798 0.056705967 3
-18.317493 -2.5562065 1.5514805 109
-18.351583 -2.7344174 2.0533361 125
-18.376724 -2.9146268 2.5762138 123
-18.342075 -2.9992502 1.5682733 107
-18.366192 -3.1684487 2.077153 124
-18.373365 -3.3286266 2.6040688 69
-18.340666 -3.4412081 1.584084 110
-18.374815 -3.6004114 2.1009297 136
-18.430031 -3.761641 2.6427317 113
-18.269064 -3.7439024 1.0701418 20
-5.6610847 -1.209386 0.51699454 0
-18.414454 -4.043385 2.1286712 127
-18.464705 -4.1916113 2.6784933 110
-18.27264 -4.2118354 1.0829687 95
-18.407871 -4.3581414 1.6245763 131
-18.449093 -4.4943528 2.1584258 128
-18.479372 -4.6205606 2.7113063 96
-18.290216 -4.6837811 1.0947589 96
-18.433483 -4.8220978 1.646349 116
-18.464808 -4.9427409 2.1866498 131
-18.503128 -5.062911 2.7505109 89
-18.302893 -5.1602001 1.1089724 94
-18.458195 -5.2954836 1.6705304 126
-18.488344 -5.4010024 2.217469 122
-18.528656 -5.5082664 2.7883508 89
-18.351427 -5.6628671 1.12749 109
-18.301224 -5.7174778 1.6782974 53
-17.942522 -5.688314 2.1812198 41
-5.3967896 -1.7370404 0.84244704 61
-6.4983144 -2.1809394 0.42649454 1
-17.751863 -6.0049663 1.6515923 116
-5.3402567 -1.8299453 0.67956632 52
-5.0816121 -1.7597587 0.80625921 65
-5.1683149 -1.8737037 0.35101193 78
-5.1736765 -1.8897786 0.51100439 95
-5.1530342 -1.8958271 0.66606611 92
-5.1253967 -1.9008694 0.82314575 64
-3.4164495 -1.3330451 0.24666758 11
-3.4126863 -1.3370879 0.35268354 19
-4.8062119 -1.9016035 0.78396589 5
-4.6730094 -1.9543307 0.3312749 56
-4.6723714 -1.9563913 0.47826841 88
-4.6967249 -1.9724772 0.62719381 6
-4.7490931 -2.0005946 0.78604394 91
-4.6338735 -2.0693367 0.3343024 16
-4.7342262 -2.1134934 0.49303201 25
-4.7315946 -2.1135433 0.64103967 65
-4.7499743 -2.1226165 0.79699105 89
-4.8700614 -2.3116388 0.5146212 5
-12.574452 -5.9676147 1.6818368 49
-5.7528119 -2.7226682 0.97424477 23
-5.7101898 -2.8665671 0.79230368 37
-5.6886783 -2.8466079 0.97936028 88
-5.624063 -2.9834676 0.79445362 14
-5.6705475 -2.9925787 0.99032843 40
-12.410751 -6.9085455 2.1708512 52
-18.763752 -10.998068 3.3252943 49
-18.79361 -11.685826 2.7319734 10
-18.800591 -11.578403 3.3918042 66
-1.175469 -0.77275795 0.12260206 1
-18.808313 -12.298324 2.7915559 16
-18.81197 -12.160718 3.4546165 59
-18.827572 -12.927701 2.8513851 23
-18.837345 -12.777388 3.5236366 76
-3.3235934 -2.3811681 0.53745329 10
-4.1627326 -2.9461169 0.81411946 41
-3.2505865 -2.4410572 0.53759074 16
-4.0767193 -3.0199823 0.81327677 47
-3.2075238 -2.5230031 0.54266196 6
-4.121594 -3.1940329 0.83809793 16
-3.1444306 -2.5889444 0.54380232 0
-2.9528234 -2.3877761 0.62036085 33
-2.966712 -2.5068004 0.63528615 40
-1.5151378 -1.3262262 0.34439686 8
-0.81908852 -0.7834385 0.11235946 1
-0.88513607 -0.83051997 0.15217485 1
-2.7392707 -2.5805357 0.5118435 20
-2.6096344 -2.4054298 0.58723456 24
-0.7860558 -0.78740704 0.11144264 7
-0.84810346 -0.8314842 0.15026928 4
-2.624217 -2.5854204 0.50413632 40
-2.5095716 -2.4143288 0.57748783 30
-0.751028 -0.7863735 0.11053256 8
-0.80108112 -0.82043773 0.14739324 6
-2.5471475 -2.6233459 0.50332069 123
-2.4265072 -2.437247 0.57269251 27
-0.70701003 -0.77333027 0.10864946 15
-0.76405269 -0.81740177 0.14548889 7
-2.4610815 -2.6502612 0.4995316 129
-2.364434 -2.4811881 0.57283634 12
-0.68091196 -0.78031409 0.10978117 16
-0.73695409 -0.82338458 0.14463851 7
-2.4289012 -2.7362578 0.50772041 85
-2.3742356 -2.6022329 0.58891499 8
-0.64890075 -0.77628458 0.10889997 18
-0.70493495 -0.82335627 0.14374885 6
-2.3201571 -2.6571882 0.59106642 8
-0.62587374 -0.78426629 0.10897824 15
-0.67391348 -0.82332957 0.14285032 6
-2.2221055 -2.6590936 0.58234513 14
-0.60284793 -0.7912479 0.1090564 18
-0.63989621 -0.81629914 0.14095962 8
-0.69493079 -0.86337054 0.1768063 0
-2.1040745 -2.6309743 0.56866431 37
-0.57582396 -0.79222554 0.10912858 18
-0.61686409 -0.82428104 0.14101547 6
-0.67389446 -0.87535447 0.17685573 1
-2.0100322 -2.6268797 0.55990094 72
-0.54979914 -0.79320419 0.10919435 15
-0.58584148 -0.81825387 0.13909623 8
-0.64386809 -0.87532872 0.17593184 2
-1.921986 -2.6287916 0.55212039 89
-0.52377629 -0.79218286 0.10926083 17
-0.56381136 -0.82423669 0.13915023 8
-0.62283391 -0.88531262 0.17598192 2
-1.8439389 -2.638715 0.54731208 81
-0.50174737 -0.79716599 0.10931495 17
-0.52879959 -0.80920792 0.13624074 9
-0.57883108 -0.85827607 0.17009564 4
-1.7639236 -2.6446359 0.54148173 62
-0.47474441 -0.79115498 0.10937343 17
-0.50478876 -0.81120002 0.13628858 9
-0.54482782 -0.84625685 0.16717298 5
-1.6809243 -2.6435559 0.53565329 97
-0.44873583 -0.7881453 0.10842852 16
-0.47978026 -0.80819136 0.13534091 9
-0.52980453 -0.8632589 0.16819212 6
-0.42173153 -0.77813095 0.10748778 16
-0.44977325 -0.79516852 0.13340716 9
-0.48280829 -0.8212114 0.16031054 8
-0.40370244 -0.78710949 0.10851193 15
-0.42275354 -0.78713721 0.13146147 8
-0.45279062 -0.80817759 0.15737657 7
-0.37768981 -0.77608198 0.10857134 15
-0.40272751 -0.78911614 0.13150209 8
-0.43076316 -0.80915421 0.15642259 7
-0.48677611 -0.88122523 0.19325267 2
-0.35067078 -0.76304364 0.10763426 13
-0.37869391 -0.78306824 0.13055372 10
-0.40871638 -0.80809611 0.15546645 8
-0.44773543 -0.84813702 0.1853548 3
-0.33461061 -0.77298224 0.10867267 14
-0.35664633 -0.7800073 0.13062374 7
-0.38667238 -0.80504453 0.15454535 7
-0.42868918 -0.85509688 0.18542814 6
-0.31457707 -0.77494478 0.10874459 14
-0.34360501 -0.79798084 0.13266966 10
-0.36863759 -0.81201196 0.154608 7
-0.40665776 -0.85605973 0.18450357 6
-0.29056436 -0.75890529 0.10783001 12
-0.31658947 -0.77993739 0.12976342 9
-0.34461462 -0.8029719 0.15269135 8
-0.38262889 -0.85001916 0.18158647 6
-0.27652425 -0.77887863 0.11087653 14
-0.29656965 -0.77590543 0.12983035 7
-0.32159969 -0.79393846 0.15176471 7
-0.35960913 -0.84498727 0.17965594 6
-0.25451764 -0.76485008 0.10994466 13
-0.28053868 -0.78888369 0.13087463 10
-0.30457076 -0.8029151 0.15181294 7
-0.33858845 -0.84195876 0.17771834 5
-0.23450351 -0.75982422 0.1100047 12
-0.25852919 -0.77685606 0.12994157 8
-0.28355208 -0.79789025 0.15087394 8
-0.32155716 -0.85194063 0.17876337 6
-0.22046234 -0.77981168 0.11203782 13
-0.23950465 -0.77583855 0.12999322 7
-0.26053655 -0.7838679 0.14893973 6
-0.28955352 -0.81290674 0.17085956 5
-0.19945076 -0.76679218 0.11209843 12
-0.22347133 -0.78782505 0.13203326 10
-0.24649899 -0.79985654 0.15097348 7
-0.27351889 -0.82389289 0.17189987 5
-0.18043059 -0.76177472 0.11215156 12
-0.20245688 -0.77280486 0.13009457 7
-0.22847007 -0.80083978 0.1500221 8
-0.26047459 -0.85088313 0.17592755 6
-0.16439606 -0.77476108 0.11419141 13
-0.18542629 -0.77978981 0.13113886 7
-0.20545864 -0.78281742 0.14808941 6
-0.23247224 -0.81285381 0.16901374 5
-0.14472078 -0.76474154 0.11422633 12
-0.16773088 -0.78573895 0.1321055 9
-0.19075213 -0.79976302 0.15003201 7
-0.21178071 -0.80579239 0.16697966 5
-0.12668827 -0.76868331 0.11520074 12
-0.14771736 -0.76971197 0.13015012 6
-0.17172818 -0.79674536 0.14908323 7
-0.19674473 -0.82078004 0.16901495 5
-0.11065876 -0.77766997 0.11724046 13
-0.13268052 -0.78770006 0.13318431 9
-0.15171614 -0.78072625 0.14714132 6
-0.17473188 -0.80075818 0.16507933 5
-0.091644824 -0.76765257 0.11729401 12
-0.11366463 -0.7796827 0.13323718 7
-0.13667592 -0.80171424 0.1501745 8
-0.15770368 -0.80174261 0.16412427 4
-0.075604774 -0.78863949 0.12032959 13
-0.09664429 -0.77566749 0.13328379 7
-0.11765752 -0.79369652 0.14922737 6
-0.14066879 -0.81572807 0.1661647 7
-0.057595138 -0.77262282 0.1193827 11
-0.079605155 -0.79565328 0.13632216 9
-0.09963493 -0.79168028 0.14927572 6
-0.12165526 -0.79870963 0.16322066 4
-0.040573925 -0.77160794 0.12042823 12
-0.061594196 -0.77863628 0.1343756 6
-0.082601868 -0.80166537 0.15031751 7
-0.10462037 -0.81269509 0.16526107 6
-0.022539319 -0.78759259 0.12347035 13
-0.045565654 -0.78662282 0.13641559 8
-0.064591877 -0.78364831 0.14837128 6
-0.087591313 -0.81667989 0.16530491 7
-0.0055285278 -0.77257693 0.1225206 11
-0.027535053 -0.79660708 0.13845979 9
-0.048557047 -0.79763478 0.15040922 8
-0.068581782 -0.79366106 0.16136281 4
0.012501963 -0.78456157 0.12556407 13
-0.010523914 -0.77959108 0.1365107 6
-0.030532628 -0.79961878 0.15145612 7
-0.052544534 -0.80964756 0.1634001 8
0.031527065 -0.78954476 0.12761234 13
0.0085085742 -0.79357457 0.13955592 9
-0.013516168 -0.78760278 0.14950535 6
-0.034517828 -0.81163108 0.16344701 6
0.047536485 -0.77553046 0.12765974 11
0.025528932 -0.78955925 0.13960238 8
0.0055230861 -0.80758625 0.15254852 9
-0.017503543 -0.79761505 0.16149688 7
0.066566065 -0.78751177 0.13070622 13
0.042540468 -0.78253686 0.14065199 7
0.022536172 -0.80155843 0.15259919 7
0.0015259013 -0.81158423 0.16354558 10
0.085586466 -0.7904821 0.13175742 13
0.063573383 -0.79951113 0.14370096 10
0.040553067 -0.79554021 0.1526466 7
0.019550065 -0.81156778 0.16359015 5
0.10059086 -0.77246898 0.13180095 11
0.0805941 -0.79649574 0.14374411 7
0.05958651 -0.80852342 0.15468904 9
0.035562474 -0.7965529 0.16163507 8
0.12262718 -0.79244953 0.13584821 14
0.097607322 -0.78648049 0.14378971 8
0.076603226 -0.79950768 0.1537343 6
0.056602217 -0.81753421 0.16467957 11
0.14365144 -0.79943091 0.13889755 14
0.1196446 -0.80746096 0.1478366 10
0.094624862 -0.79949158 0.15477879 9
0.072614864 -0.8025192 0.16272448 7
0.15866175 -0.78441727 0.13794 11
0.13765851 -0.8004449 0.14888352 8
0.11665596 -0.81247181 0.15782847 10
0.089634962 -0.79650354 0.16176866 10
0.17868282 -0.7883997 0.14098792 13
0.15267123 -0.78743041 0.14792551 7
0.13267018 -0.80045456 0.15687291 7
0.11166941 -0.81147951 0.16481861 10
0.20171562 -0.80137295 0.14404128 15
0.17670397 -0.80240226 0.15198077 9
0.14969084 -0.79543275 0.15691818 8
0.12869018 -0.80445737 0.16386461 7
0.22173481 -0.79934841 0.14609274 13
0.19773288 -0.80937666 0.15403153 10
0.17072071 -0.80340713 0.15896861 9
0.14571118 -0.7974351 0.16291057 9
0.23874922 -0.79332799 0.14813785 12
0.21474876 -0.80035681 0.15407719 7
0.19174679 -0.80838484 0.16101862 8
0.16974957 -0.81841135 0.16696179 12
0.25876728 -0.79130816 0.15018718 14
0.23476776 -0.79933697 0.15612619 8
0.2097642 -0.80136645 0.16106486 8
0.1887714 -0.8153919 0.16700909 10
0.28479561 -0.80328232 0.15424617 16
0.25779411 -0.8073141 0.1591793 9
0.23178962 -0.80634439 0.16311662 10
0.20378353 -0.79937625 0.16505116 9
0.3095049 -0.8122561 0.15828471 16
0.2805014 -0.81228977 0.16221507 9
0.25650352 -0.81731796 0.16615589 10
0.22749843 -0.80935061 0.16708896 11
0.33252418 -0.81323075 0.16034494 16
0.30251774 -0.81225991 0.16427466 8
0.27851984 -0.81928283 0.16821617 8
0.24851821 -0.81231624 0.1681459 10
0.35153192 -0.80620247 0.16239862 15
0.32453486 -0.81223416 0.16633102 8
0.29653725 -0.81326622 0.16826275 8
0.27154198 -0.81629497 0.17020111 11
0.37555203 -0.80918056 0.16545655 16
0.34755647 -0.81421292 0.16838689 8
0.31855792 -0.81224573 0.16931725 8
0.29256487 -0.81527531 0.17025316 11
0.39956996 -0.81015855 0.16851516 16
0.36957461 -0.81319284 0.17044136 8
0.34157929 -0.8142246 0.1713731 8
0.31358549 -0.81425589 0.17130522 12
0.42859063 -0.81813186 0.17358345 16
0.39659551 -0.81916797 0.1745055 8
0.36660162 -0.81920153 0.17443275 9
0.33860913 -0.81823254 0.17336524 12
0.45560935 -0.82210696 0.17764823 18
0.42461744 -0.82614195 0.17857166 9
0.39362383 -0.82417625 0.17749721 9
0.36363256 -0.82220912 0.17542519 12
0.48562887 -0.82907915 0.18271922 16
0.45063823 -0.82711583 0.18063542 9
0.42164826 -0.83014655 0.18056445 9
0.38565367 -0.82018358 0.17648104 12
0.51464742 -0.83104515 0.18679096 16
0.47965896 -0.83108175 0.18470646 9
0.44767165 -0.83211505 0.18262894 9
0.4146826 -0.82714885 0.17855111 12
0.54967117 -0.84200495 0.1928741 16
0.50867993 -0.83504742 0.18877752 9
0.47569269 -0.83408159 0.18569827 9
0.44070601 -0.82911742 0.18061553 10
0.58268917 -0.84596801 0.19795419 11
0.54070234 -0.8410126 0.192854 9
0.50471407 -0.83705097 0.18876803 10
0.46972942 -0.83208758 0.18268481 10
0.62571353 -0.8629247 0.20605248 12
0.57772386 -0.85097528 0.19894019 10
0.53373396 -0.83902138 0.19183759 10
0.49775183 -0.83405876 0.18475199 10
0.66473252 -0.87088513 0.21214414 12
0.61874831 -0.8639335 0.20503499 10
0.56475478 -0.84198958 0.19491164 10
0.5297761 -0.84002584 0.18782747 11
0.71375549 -0.88883555 0.22125652 9
0.6537655 -0.86789793 0.21011831 10
0.60277867 -0.85195071 0.2000002 10
0.56780189 -0.85198706 0.19291532 12
0.75277013 -0.8927955 0.22734934 9
0.70279121 -0.8858459 0.2182301 8
0.6388002 -0.85691017 0.20408459 10
0.59582132 -0.8479526 0.19398303 12
0.80278933 -0.90573817 0.23646393 10
0.74281245 -0.89179826 0.22332293 9
0.68092191 -0.86803263 0.21018808 11
0.63600707 -0.85912132 0.19808073 12
0.86196417 -0.926844 0.24760222 9
0.78497559 -0.89686829 0.22942744 9
0.71198016 -0.86288929 0.21226372 10
0.67200363 -0.86187738 0.20216796 12
2.9169455 -2.8235321 0.70989442 7
0.84097761 -0.91365272 0.23955837 9
0.76799434 -0.88372701 0.22139254 12
0.70901638 -0.86278659 0.20525739 12
8.5734396 -7.801743 1.9677817 3
0.89500862 -0.9256137 0.24758941 9
0.82103556 -0.89871675 0.22835305 9
0.75005895 -0.86881512 0.20912693 13
3.2038662 -2.8314021 0.7582708 7
0.95503163 -0.94064867 0.25661844 2
0.8690502 -0.90475005 0.23444344 10
0.79307091 -0.87284094 0.21329074 12
3.3357971 -2.8153508 0.77969694 53
0.92809427 -0.91869158 0.24261998 10
0.84714359 -0.8857345 0.21942866 10
3.4919572 -2.813921 0.80703688 52
0.99521369 -0.93646282 0.25273699 9
0.89925814 -0.89352739 0.22551456 11
3.6821816 -2.8313439 0.84041208 9
3.493346 -2.833545 0.77794808 25
1.0512812 -0.94132131 0.25983474 2
0.95508105 -0.90237004 0.23182563 11
2.2169421 -1.6534225 0.5217157 3
3.654429 -2.8281016 0.80187094 49
1.1267934 -0.95962906 0.27127984 1
1.0168111 -0.91395569 0.23907156 12
3.9251521 -2.7485366 0.88040125 3
2.2228835 -1.6652738 0.50164789 0
10.248926 -7.817997 2.0449739 21
1.0886993 -0.92943138 0.24815226 13
4.0000701 -2.6694567 0.88960767 23
4.1953712 -2.9442427 0.89298463 1
2.2249811 -1.6652623 0.47465107 0
1.1627165 -0.94235408 0.25732669 13
4.1810012 -2.6552682 0.92304844 6
4.2622824 -2.8481698 0.89717728 6
4.080492 -2.8603423 0.81873131 31
1.2477347 -0.95826495 0.26752672 22
5.3310723 -3.2080839 1.1566405 1
4.3942084 -2.794029 0.91451263 20
4.2984567 -2.8651083 0.8472541 51
1.3227477 -0.96418202 0.27570474 6
5.3459458 -3.0590565 1.1537226 18
4.4421115 -2.6839669 0.91666162 18
4.5424166 -2.8748415 0.88083625 102
11.020594 -7.2157731 1.9199026 85
14.930711 -8.018755 3.1200473 12
5.4402785 -3.1101856 1.101882 24
5.2115746 -3.1253183 0.99032599 22
4.5377378 -2.8529134 0.80379719 55
15.659469 -7.9675055 3.2568536 36
5.9132261 -3.2003977 1.1840024 29
5.2114644 -2.9640982 0.97938919 31
5.2878256 -3.1429906 0.91450864 4
16.668118 -8.018343 3.4502692 63
5.9280787 -3.0383863 1.1781139 28
5.2123337 -2.806164 0.96833688 35
5.2706861 -2.9671385 0.89629406 24
16.955584 -7.702601 3.4964271 110
6.2719474 -3.0332804 1.2345846 14
5.4442258 -2.7671051 0.99872327 4
5.549593 -2.9499884 0.92793351 16
16.971073 -7.2607403 3.4908452 101
6.1167736 -2.7915323 1.1974205 23
5.9081478 -2.8296766 1.0689112 28
5.9376025 -2.972471 0.97489887 2
4.2534609 -1.7441875 0.90828979 9
17.057209 -7.2374125 3.2359085 81
16.972429 -7.5620446 2.9535108 116
6.0107408 -2.8328314 0.97301263 7
4.621521 -1.7713547 0.9810673 11
20.760536 -8.2557182 3.9060638 8
6.8674035 -2.8976092 1.2119552 1
6.327775 -2.7991982 1.0076914 20
22.880865 -8.0400801 4.6598182 89
22.092785 -8.213172 4.1357732 17
21.381149 -8.3567419 3.6469486 35
4.250607 -1.7755976 0.68476439 13
22.950821 -7.5114942 4.6706491 85
5.0326633 -1.7756457 0.97483516 6
22.872131 -8.3370485 3.8682616 53
21.529373 -8.2243671 3.2429795 5
27.873573 -8.4405775 5.6569614 16
5.3663282 -1.7554938 1.0327235 9
22.904526 -7.749248 3.8466957 115
22.919966 -8.1340771 3.4105911 111
28.821777 -8.0368137 5.8464761 85
28.789553 -8.5286493 5.3152122 37
27.001621 -8.4357395 4.4958162 20
23.024704 -7.5575109 3.3910601 78
28.874138 -7.8486571 5.3176255 80
6.0061998 -1.7555537 1.0293021 13
28.057789 -8.4606037 4.0822873 10
34.801159 -8.6172323 6.3831964 41
6.2830634 -1.6773846 1.0690303 15
28.906309 -7.9779124 4.162466 115
40.720619 -8.5190392 8.2467613 80
40.799397 -9.1383715 7.4587207 14
34.8484 -8.2757263 5.6928086 53
34.84668 -8.7234163 4.9651618 65
46.665588 -8.7041588 9.4502916 56
40.833046 -8.1802797 7.4512911 27
40.818481 -8.6969547 6.6290326 56
40.859921 -9.185791 5.7680049 16
52.052582 -8.5396481 10.549163 57
52.040966 -9.205431 9.4726582 41
46.787468 -8.8376827 7.5586123 67
7.264122 -1.4799997 1.0543445 35
52.112797 -7.3761711 10.582854 51
52.119102 -8.016511 9.4804831 62
47.032459 -7.7406478 7.5784006 60
7.3280206 -1.3082365 1.0564258 54
52.140026 -6.2174191 10.612765 38
52.183151 -6.8099451 9.4957933 49
47.058876 -6.6314487 7.5599833 69
7.3609867 -1.1322597 1.0554531 66
52.176311 -5.0651278 10.644947 25
52.221581 -5.624476 9.5045805 47
47.108295 -5.5181766 7.5530481 65
7.3929296 -0.95621431 1.0535543 70
46.964851 -3.5397544 9.6152306 39
52.285797 -4.4553099 9.5214348 47
47.170567 -4.4388433 7.5469503 60
7.4356475 -0.78130782 1.0550443 58
52.319683 -2.8093879 10.7356 54
52.351799 -3.2793803 9.5458746 53
47.066925 -3.3227255 7.5244288 55
7.4696865 -0.60397983 1.0552425 56
52.377232 -2.1040437 9.5652189 48
47.263317 -2.2386129 7.5514274 60
7.5026288 -0.42594028 1.0563785 50
52.425579 -0.91586488 9.5959616 58
47.297752 -1.1416137 7.5560861 61
7.5525327 -0.24394438 1.0605729 36
52.488041 0.27171484 9.6311417 45
47.329491 -0.035015371 7.5634947 59
7.6025538 -0.060983058 1.0656018 34
52.556683 1.4523952 9.6706705 61
47.399158 1.075614 7.5850749 57
7.6046834 0.12192257 1.063519 9
47.164303 2.6150432 9.8866463 36
47.26812 2.3688002 8.7289991 22
47.420956 2.1757662 7.5997529 51
7.6985283 0.30767506 1.0749692 18
52.662792 3.8284709 9.7628145 43
47.488724 3.2765462 7.6277575 40
7.7004538 0.49581757 1.0764983 7
52.715321 5.022778 9.8099775 31
47.520748 4.3889141 7.647121 38
7.7315693 0.68580514 1.0809119 2
52.75647 6.2243948 9.8543844 39
47.635998 5.531105 7.6933961 22
47.630459 5.482687 6.4348998 51
52.787502 7.4465027 9.9163084 39
47.655964 6.6664777 7.7279921 20
47.694366 6.6636605 6.4594383 53
52.856483 8.7502766 11.400772 25
52.834328 8.6531401 9.9927101 31
52.945629 8.6573534 8.6335249 27
47.75563 7.8391185 6.5000644 54
52.921341 9.9026089 10.068518 27
53.025967 9.938467 8.6819477 36
47.817616 9.0465813 6.5304613 54
53.042545 11.225022 8.7328577 33
47.87928 10.255628 6.5638781 71
52.988888 12.347757 11.674863 28
53.090183 12.532672 8.7797661 35
47.899971 11.471125 6.587019 32
52.970985 13.564843 11.759746 31
53.070675 13.684692 10.287572 29
53.151897 13.866475 8.848959 43
47.94738 12.705952 6.6264229 57
47.770817 13.652287 8.0118275 31
47.853924 13.932497 6.6604075 56
46.03928 14.335119 7.788229 19
41.78907 13.846772 8.320118 38
41.84573 14.105389 7.1431704 34
35.924385 14.348098 5.1812167 60
35.825619 14.630705 7.3543081 43
35.067532 14.621451 6.168664 17
34.58886 14.790588 5.039156 18
35.03344 14.925204 8.3295212 15
34.343086 14.932925 7.1298184 15
33.047913 14.698475 5.8846216 16
1.1675695 0.53178579 0.21552412 2
33.125721 14.976903 7.9684606 15
32.412659 14.970028 6.8082037 15
30.007393 14.195753 5.4092693 25
1.0727621 0.52197391 0.20329618 1
29.875738 14.298232 7.2741299 25
29.871471 14.6318 6.3556237 34
29.861113 14.996546 5.4522986 32
1.0172743 0.52781165 0.19741341 4
29.812708 15.084225 7.3534641 45
28.761692 14.901138 6.2045827 25
28.338749 15.07016 5.2500877 25
0.94021827 0.51875728 0.18833765 7
28.436651 15.173206 7.1053529 22
27.354441 14.975244 5.9837303 22
26.911692 15.129355 5.0567622 28
0.8842662 0.51778036 0.18219483 8
27.151266 15.255783 6.875535 24
25.982143 14.993572 5.7635822 28
24.347071 14.444311 4.6474142 30
0.81418562 0.50562841 0.17300949 10
24.497272 14.473289 6.2927599 8
23.907522 14.523486 5.3841591 31
23.949306 14.981707 4.6432276 80
0.76818281 0.50461978 0.16788289 10
23.864496 14.818274 6.2219791 59
23.646412 15.106525 5.4065056 31
23.23937 15.303748 4.5805464 33
0.72122425 0.50062943 0.16276678 15
23.227516 15.134473 6.1464477 26
22.605652 15.178675 5.2559252 32
22.141575 15.340875 4.4438171 33
0.6832633 0.50164521 0.15867367 15
22.234804 15.194626 5.9759812 32
21.670891 15.271737 5.121624 31
21.116852 15.373838 4.3162966 51
0.64629775 0.50163144 0.15458499 14
21.294388 15.244194 5.8167958 40
20.801968 15.379682 5.0046115 28
0.61229628 0.50153047 0.15146787 14
20.36533 15.261657 5.6564355 53
19.89617 15.418833 4.8753042 73
0.67021966 0.55354327 0.18861629 0
0.58032918 0.50154561 0.14838701 13
19.500576 15.289811 5.5102277 39
18.135014 14.723847 4.5318027 68
0.63625419 0.55354941 0.18453257 0
0.55335873 0.5035466 0.14632186 13
18.001463 14.768681 5.1834869 55
17.929895 15.240803 4.5674133 97
0.59928918 0.54954362 0.18044281 2
0.52438778 0.50350398 0.1432561 13
17.885382 15.339449 5.2463851 87
17.460052 15.542561 4.5433936 80
0.56232429 0.54250014 0.1753556 5
0.50041443 0.5075016 0.14219822 12
17.181372 15.407782 5.1418643 51
16.733717 15.591323 4.4496207 71
0.53940129 0.54769886 0.17329462 5
0.47949743 0.51274991 0.14013539 11
16.452459 15.420504 5.0233102 66
16.010824 15.618992 4.3556051 75
0.51246268 0.54793602 0.17015633 5
0.45256102 0.50995255 0.137996 11
15.807242 15.483471 4.928206 68
15.311849 15.630296 4.2631383 88
0.48249784 0.5428713 0.16608986 4
0.43558088 0.51787877 0.13797817 6
15.211343 15.574278 4.8501577 68
14.642926 15.641206 4.1789155 89
0.47658524 0.56383479 0.16823241 4
0.41167668 0.51667893 0.13608092 10
14.61797 15.638381 4.7693086 78
14.027471 15.681413 4.10707 102
0.4526391 0.56368417 0.16621646 4
0.38873893 0.51568526 0.13405083 11
14.023985 15.679453 4.6852083 88
13.412648 15.704219 4.0368385 97
0.42068863 0.55263001 0.16112666 1
0.35878396 0.50463682 0.13096721 10
13.453718 15.730866 4.6095419 85
12.200882 14.959669 3.7765071 108
0.39072713 0.54255676 0.15705326 3
0.34678748 0.51552486 0.13094899 9
12.254046 14.986563 4.3129535 79
11.945168 15.345523 3.80744 72
0.35865992 0.52842444 0.15304443 5
0.33281595 0.5236035 0.13091905 10
11.929469 15.262597 4.3120146 60
11.718501 15.787617 3.8514373 118
0.34479204 0.53557497 0.15192553 8
0.31482765 0.52546525 0.13088022 9
11.798263 15.798413 4.3838739 111
11.18073 15.801446 3.7941885 103
0.33380273 0.54958749 0.15289354 9
0.3048628 0.53958642 0.13182001 9
11.266459 15.810431 4.3143597 92
10.672869 15.834372 3.7438722 106
0.31982368 0.55659652 0.15385623 8
10.767535 15.837961 4.2542849 101
10.180868 15.876004 3.7018766 101
0.30434602 0.56351256 0.15273494 8
0.2654137 0.53551239 0.12863503 8
10.270798 15.849806 4.1921401 100
9.701108 15.913818 3.6607955 99
0.28836769 0.56847042 0.15270191 7
9.7909803 15.874741 4.1359754 102
9.1950836 15.887936 3.6076226 98
0.26844126 0.56559402 0.15065315 6
0.22751486 0.52964276 0.12653892 8
9.3279657 15.904743 4.0844269 111
8.7468815 15.942995 3.5728257 109
0.25647914 0.57580221 0.15157835 4
8.8701935 15.926823 4.0315785 106
8.2934008 15.978655 3.5382831 102
0.22753872 0.55083758 0.14547411 5
0.19559518 0.5317995 0.1254025 8
8.4163895 15.942516 3.9838514 105
7.842452 15.991465 3.502548 114
0.2245761 0.58181167 0.15053876 3
8.0006742 16.00419 3.9469521 108
7.3969593 16.003939 3.4696376 108
0.1966666 0.5555836 0.14557892 5
0.16074926 0.52161217 0.12349439 6
7.5637798 16.010992 3.9014142 106
6.606544 15.199855 3.2649207 40
0.19468787 0.58957821 0.15059464 3
7.1389971 16.03583 3.863281 92
6.2197003 15.252705 3.2459104 105
5.9376197 16.013449 2.9732385 3
0.13081667 0.51950902 0.12241212 3
6.3920746 15.268416 3.6394975 99
6.0103636 15.757277 3.3235152 66
5.53303 16.078161 2.9707716 10
5.9981589 15.276379 3.6017179 78
5.7106185 16.070383 3.3608177 117
5.1296172 16.117325 2.9611769 13
0.10585886 0.53352833 0.1243349 3
5.9016609 16.071325 3.7483246 110
5.3007798 16.072186 3.334861 118
4.700768 16.071211 2.9391832 76
5.497859 16.082306 3.7161398 100
4.9038472 16.09623 3.3166497 128
4.3177657 16.153151 2.9421833 16
0.080888972 0.54954976 0.12726465 4
5.1019583 16.093256 3.6840916 115
4.50491 16.112175 3.2996013 118
3.9088302 16.129093 2.9281135 91
4.7140512 16.112204 3.6550775 105
4.1209598 16.152124 3.2865989 113
3.5128593 16.147036 2.9250796 65
0.055928875 0.56956983 0.13020019 3
4.3281293 16.142147 3.6320829 111
3.729032 16.152058 3.268594 109
3.1189089 16.142963 2.9170761 71
3.943224 16.147079 3.6051028 105
3.3440742 16.181986 3.2606161 97
2.7379172 16.192894 2.9211099 66
0.026979432 0.5665729 0.13012634 3
3.5673022 16.176016 3.5841427 112
2.9611349 16.195923 3.2486348 104
2.3539462 16.210831 2.9221244 121
3.1804104 16.156954 3.5561471 63
2.5781865 16.212858 3.2406521 110
1.9659775 16.217766 2.9231286 72
1.949187e-05 0.5825724 0.13306089 3
2.8124306 16.224859 3.5492895 95
2.2012105 16.230745 3.2328105 112
1.5819501 16.249634 2.9313133 127
2.4384747 16.233728 3.5304966 112
1.8252205 16.245617 3.2270141 115
1.2019392 16.258505 2.9345069 79
-0.028947163 0.59849983 0.13701007 2
2.0665128 16.246599 3.51371 109
1.4472162 16.271484 3.2262144 115
0.78540492 15.526376 2.8065362 1
-0.043907333 0.56947082 0.13297774 3
1.7005608 16.268492 3.498877 121
1.0762491 16.284391 3.2213368 124
0.41844046 15.490294 2.8076324 92
-0.056902405 0.60146219 0.13894974 2
1.3266188 16.28241 3.4869611 113
0.70226926 16.314306 3.2234232 147
0.057445347 15.508213 2.8167496 129
-0.0708673 0.58345419 0.13691428 2
0.95737189 16.306358 3.4780204 120
0.30255482 15.516306 3.0672505 130
-0.3203741 16.328192 2.9737771 107
0.54899156 15.51735 3.3018119 124
-0.054969802 16.315241 3.2223752 138
-0.70541054 16.368135 2.9937563 119
-0.10114446 0.59751725 0.14081779 2
0.19704905 15.513305 3.2888851 115
-0.42997071 16.347189 3.2303939 116
-1.0884172 16.36808 3.0067525 117
-0.15950626 16.350243 3.4550214 110
-0.80997318 16.377132 3.2394044 114
-1.4744464 16.400019 3.0267553 112
-0.53247082 16.365177 3.4510691 110
-1.1859587 16.387068 3.2444472 115
-1.8604649 16.412947 3.0447736 111
-0.90744156 16.387114 3.4491153 114
-1.5709598 16.404997 3.2554669 110
-2.2504911 16.42988 3.0667787 83
-1.2834082 16.406052 3.4481509 102
-1.9539521 16.418936 3.2654841 113
-2.6414967 16.410816 3.0847735 55
-3.4000952 16.487679 2.9188938 81
-1.6653811 16.420992 3.4501703 103
-2.3449636 16.437859 3.2805085 83
-3.0455742 16.478714 3.118813 102
-3.8091848 16.507559 2.9579616 87
-2.0523961 16.443857 3.4553349 113
-2.7370152 16.465715 3.2986777 88
-3.4486444 16.486568 3.1459544 105
-4.2222862 16.525412 2.9970796 93
-2.4313796 16.416718 3.4505315 81
-3.1340585 16.475571 3.3148339 113
-3.8537238 16.503422 3.1760921 102
-4.6474075 16.551254 3.0431697 79
-2.8264248 16.473574 3.463697 102
-3.5311015 16.484432 3.3329709 102
-4.2657981 16.526293 3.209162 100
-5.0664911 16.549139 3.0851882 96
-3.2194197 16.489477 3.4717484 103
-3.9401371 16.523342 3.3569732 107
-4.688869 16.568197 3.2471304 94
-5.3582997 16.144077 3.054436 38
-3.6174164 16.506392 3.4817758 98
-4.3511724 16.548248 3.3819697 108
-5.1169357 16.5891 3.2850847 106
-5.6601539 15.811013 3.035666 84
-4.0284333 16.537298 3.4987731 98
-4.768209 16.569155 3.4079514 101
-5.3455834 15.998057 3.2044692 45
-6.0672178 15.768921 3.077666 24
-4.4434514 16.576206 3.5157614 91
-5.1972604 16.597059 3.4389043 102
-5.6965141 15.80898 3.2045927 101
-6.8429008 16.620733 3.2958486 99
-4.852437 16.553118 3.5247586 93
-5.3757663 15.85303 3.3133967 72
-6.1145749 15.801886 3.2425699 7
-7.3060203 16.639629 3.3557179 99
-5.2764521 16.562023 3.5427222 97
-5.7697744 15.806944 3.3314118 101
-6.9002824 16.683697 3.4646952 91
-7.7841673 16.668518 3.4194956 97
-5.4419274 15.803999 3.3981774 79
-6.2098722 15.854842 3.3722713 2
-7.3563838 16.682592 3.5105062 89
-8.2763329 16.695404 3.4892192 100
-5.8659811 15.839904 3.4220753 91
-6.9775391 16.678658 3.5783949 102
-7.8425245 16.718481 3.5692458 98
-8.7845173 16.737284 3.5649035 101
-6.6016068 16.630728 3.6142724 80
-7.4506316 16.711561 3.6221628 106
-8.3226175 16.725395 3.6219883 108
-9.2916451 16.75321 3.6375749 72
-7.0626149 16.658672 3.6440561 102
-7.9286656 16.72451 3.6659005 111
-8.7856436 16.67935 3.6677573 55
-9.7106295 16.587179 3.6764414 86
-7.5406299 16.698626 3.6777966 109
-8.3606234 16.630474 3.6877422 59
-9.2196255 16.555319 3.701591 105
-10.256777 16.630123 3.7630115 78
-7.9996023 16.664583 3.7005768 62
-8.8075981 16.55344 3.7145488 105
-9.7577419 16.608263 3.7751822 102
-10.807921 16.655069 3.8505666 76
-8.4205141 16.544554 3.7054443 87
-9.3166542 16.566393 3.7672081 110
-10.301857 16.645214 3.8497553 104
-11.344043 16.633024 3.9321549 82
-8.9141674 16.550768 3.7407637 99
-9.8523788 16.615618 3.8284211 88
-10.866624 16.686455 3.92889 85
-11.543433 16.117355 3.8981647 81
-9.4281979 16.571735 3.7824085 87
-10.403469 16.654583 3.8929739 104
-11.368674 16.607433 3.9855576 84
-12.072552 16.05933 3.9797685 23
-9.9872732 16.640697 3.8389425 78
-10.970563 16.682547 3.9594848 109
-11.583413 16.109463 3.9439223 113
-13.401471 17.008169 4.3164206 70
-10.545334 16.669664 3.8914602 74
-11.396498 16.483543 3.976311 85
-12.128515 16.06744 4.0164499 10
-14.081712 17.057133 4.4396009 73
-11.121408 16.703636 3.9479063 79
-11.694304 16.101562 3.9514353 109
-13.46441 17.01429 4.3430324 74
-14.795978 17.106094 4.5716939 54
-11.402152 16.28566 3.9000723 69
-12.852998 16.856443 4.2104483 78
-14.149364 17.055843 4.4539342 69
-15.498938 17.113556 4.7016711 61
-11.848749 16.097448 3.9144504 81
-13.607911 17.014053 4.3313112 85
-14.887493 17.121784 4.5792298 68
-16.28513 17.179495 4.853858 59
-12.996289 16.822279 4.1508331 71
-14.316979 17.073002 4.4316764 74
-15.6236 17.15774 4.698535 48
-16.88414 17.011492 4.9504752 66
-13.806376 17.031393 4.2684436 68
-15.052955 17.120363 4.5368891 49
-16.400591 17.202345 4.8280559 54
-17.080626 16.446478 4.9277925 41
-14.553178 17.110987 4.3600912 64
-15.791738 17.142859 4.6410584 61
-16.823088 16.845779 4.8565264 77
-17.578205 16.174755 4.999661 68
-15.297963 17.154108 4.4503198 51
-16.613729 17.215923 4.7650952 77
-17.198874 16.447849 4.8736229 58
-17.610893 15.4738 4.9425664 60
-16.059126 17.177032 4.5414634 65
-16.852507 16.661915 4.7264881 67
-17.584833 16.060808 4.8946576 60
-17.642647 14.806802 4.890451 68
-16.800299 17.134932 4.6246367 83
-17.406572 16.42584 4.7771106 62
-17.603527 15.342813 4.8205709 78
-17.657394 14.150807 4.8353782 77
-16.932978 16.472921 4.5412736 54
-17.579342 15.830825 4.7266526 71
-17.620266 14.657789 4.750474 76
-17.685246 13.521739 4.7922425 75
-17.546175 16.280724 4.5917168 60
-17.579157 15.096669 4.6355662 96
-17.629154 13.991614 4.6833758 86
-17.698191 12.907555 4.748137 77
-17.581995 15.548539 4.4945583 74
-17.634041 14.442482 4.5653605 77
-17.673077 13.371426 4.6301947 90
-16.912527 11.756507 4.4959688 7
-17.593807 14.830359 4.3984542 83
-17.639894 13.771301 4.4872689 99
-17.683977 12.751243 4.5730901 69
-16.9895 11.246345 4.4777212 86
-17.634525 14.16129 4.3153424 77
-17.658566 13.128319 4.4192605 93
-16.960073 11.645475 4.3349319 15
-17.680658 11.142385 4.6221647 75
-17.640003 13.484455 4.2294474 78
-17.686123 12.518481 4.3573141 111
-17.056795 11.13958 4.3117771 55
-17.79545 10.664477 4.618957 105
-17.633524 12.82661 4.1465611 71
-1.5125408 0.96516812 0.39038172 1
-17.781057 11.041507 4.4459891 49
-17.812317 10.132461 4.5948071 105
-16.897846 11.684712 3.9020393 16
-1.520563 0.9211995 0.38733083 2
-1.5165961 0.84522176 0.39832863 1
-17.849243 9.6317682 4.5752678 114
-16.985672 11.151992 3.8533587 61
-1.518592 0.87226486 0.38230643 1
-1.5296167 0.80726272 0.3982766 1
-17.86512 9.129837 4.554101 104
-17.666851 11.00889 3.9396675 110
-17.738224 10.210874 4.1384692 47
-1.5265774 0.76126307 0.39428189 2
-17.876976 8.6328421 4.5370831 99
-17.676588 10.437896 3.8796518 108
-17.748001 9.6668797 4.092454 111
-1.5305437 0.72026241 0.39226997 2
-17.919857 8.1658421 4.5289888 96
-17.706497 9.8880424 3.8303285 125
-17.79899 9.1619768 4.0600934 101
-1.5348952 0.68030512 0.39122242 2
-17.929884 7.6929479 4.5147157 85
-17.725319 9.3510103 3.7802546 111
-17.822809 8.6489983 4.0259871 115
-1.5418657 0.64230096 0.39120063 2
-17.948769 7.2279882 4.5076261 83
-17.7551 8.8310432 3.735126 108
-17.83462 8.1460371 3.9909081 113
-1.5438315 0.60329759 0.38919139 1
-17.97366 6.7770267 4.5025272 73
-17.814919 8.3310719 3.7019348 100
-17.865452 7.6600618 3.9618011 118
-1.5407943 0.56129622 0.38619688 1
-1.5408337 0.5032956 0.40819591 6
-17.899763 7.8540688 3.6757214 110
-17.867283 7.1710701 3.9307885 124
-1.5327566 0.51929653 0.38321611 2
-1.542804 0.46729454 0.40819108 6
-17.969608 7.3760676 3.6495447 99
-17.902143 6.7000742 3.910697 118
-1.537727 0.48329508 0.38320407 8
-1.5327668 0.42729512 0.40521526 10
-17.960419 6.8700771 3.6105592 109
-17.916998 6.2310801 3.8876545 123
-1.5436975 0.44729346 0.38318959 5
-1.5277348 0.390295 0.40422744 2
-17.998262 6.3940806 3.583461 116
-17.254478 5.5471773 3.7222483 137
-1.5516706 0.41229159 0.38417029 2
-1.5277054 0.35529417 0.40422758 4
-17.204891 5.648911 3.397167 28
-17.24855 5.1029043 3.7010283 91
-17.98362 4.7427945 4.1622105 67
-1.5277728 0.32024661 0.40419587 1
-17.24577 5.2039289 3.3789723 108
-18.035873 4.8818121 3.8510184 122
-18.00054 4.3118167 4.158071 98
-1.5257471 0.28524935 0.40418801 3
-18.071053 4.9838328 3.5118666 122
-18.064779 4.4348326 3.8418493 124
-18.046541 3.8908231 4.1625633 91
-1.531698 0.25224951 0.40616176 4
-18.077063 4.5208244 3.4897909 123
-18.098799 3.9978678 3.8337066 123
-18.078522 3.4708719 4.1647592 92
-1.5375887 0.21925303 0.40813276 5
-18.107847 4.0648522 3.4767435 113
-18.120621 3.5598607 3.8277211 131
-18.082376 3.0428753 4.1678157 97
-1.5485277 0.18725352 0.41110212 2
-18.122688 3.6129057 3.4616895 123
-18.14753 3.1229093 3.8256044 125
-18.101328 2.6249201 4.171701 98
-1.5435183 0.15325929 0.41110981 4
-18.134592 3.1629391 3.4486043 116
-18.16847 2.6899354 3.8245041 131
-18.118296 2.2059481 4.1806145 102
-1.5485156 0.12026323 0.41309559 6
-18.171513 2.7169666 3.4424617 113
-18.194408 2.2609 3.8243749 128
-18.130255 1.7908434 4.1875043 90
-1.5524895 0.087228768 0.41606304 5
-18.182434 2.2717357 3.4343319 111
-18.228371 1.8336779 3.8301845 115
-18.119484 1.3755633 4.1921458 94
-1.5466778 0.053180739 0.41505513 5
-18.206669 1.8305202 3.4288194 108
-18.257664 1.4014736 3.8376191 120
-18.146563 0.9644528 4.20783 85
-1.5447038 0.020161327 0.41704068 6
-18.235659 1.3865147 3.4305575 101
-18.280655 0.97449404 3.8435116 113
-18.154531 0.54886466 4.2228255 92
-1.5467134 -0.012670051 0.41905481 3
-18.261719 0.94617182 3.4326346 110
-18.298717 0.54416364 3.8545411 110
-18.174629 0.13817592 4.2418566 69
-1.5498222 -0.044706844 0.42209435 3
-18.298441 0.50606018 3.4389255 94
-18.329374 0.11622795 3.8691771 109
-18.18329 -0.27470848 4.2605915 72
-1.5426239 -0.077663437 0.42222038 2
-18.294184 0.060224805 3.441288 98
-18.34218 -0.31174994 3.8819907 106
-17.511877 -0.66073179 4.1203394 57
-18.358528 -1.0767317 4.7782302 72
-17.544806 -0.36419654 3.3041568 22
-17.532848 -0.71223438 3.7248669 112
-18.245283 -1.1021715 4.3143167 45
-18.369617 -1.4839085 4.8129721 69
-17.531961 -0.7875461 3.307591 103
-18.349373 -1.1736186 3.9100986 114
-1.5775766 -0.14965394 0.39921927 2
-1.53464 -0.17566316 0.42733008 0
-18.353073 -1.2742183 3.4740875 97
-18.373148 -1.6082245 3.9340105 111
-1.5606574 -0.18275476 0.39708939 15
-18.42239 -2.3002384 4.8918352 97
-18.363087 -1.7212101 3.4866028 110
-18.404268 -2.0502334 3.9601111 125
-1.5795931 -0.21975541 0.40402758 1
-18.433598 -2.7141886 4.931756 104
-18.400078 -2.1741655 3.505863 104
-18.43622 -2.4911947 3.9887929 122
-1.5834973 -0.25675538 0.40701142 1
-18.44754 -3.1272013 4.9737988 102
-18.422983 -2.6341603 3.5288668 112
-18.449162 -2.9331586 4.0147829 130
-1.5824565 -0.29174942 0.41000766 2
-18.477608 -3.5471525 5.0236764 111
-18.446989 -3.0941172 3.5527458 92
-18.471195 -3.3851213 4.0486751 127
-1.5754523 -0.32674402 0.41102287 2
-18.50169 -3.9741263 5.0745783 100
-18.469 -3.5590897 3.5776525 118
-18.49123 -3.837085 4.0825858 139
-1.5914574 -0.36574504 0.41797823 2
-18.518749 -4.4001765 5.1234488 100
-18.497988 -4.0352068 3.6094604 117
-18.50421 -4.2932777 4.1163983 123
-1.5824159 -0.40078866 0.4189676 1
-18.528784 -4.8293986 5.1752539 99
-18.528206 -4.5134873 3.6429269 109
-18.518482 -4.7545276 4.154882 121
-1.5826366 -0.43783206 0.4229418 1
-18.560192 -5.274622 5.2366343 99
-18.510263 -4.9875889 3.6697114 115
-18.537563 -5.2286215 4.1996365 123
-1.5866692 -0.47683486 0.42691097 5
-18.075979 -5.5625153 5.1518307 40
-18.574423 -5.4931116 3.7176647 95
-18.228642 -5.6036344 4.17065 51
-1.5888473 -0.51571167 0.43200225 1
-17.894199 -5.9327908 5.1545463 104
-5.3973889 -1.7451961 1.1113127 28
-17.881397 -5.9620266 4.1366425 120
-1.5936756 -0.55570781 0.43803683 0
-17.862873 -6.3596573 5.2065291 69
-5.2711253 -1.8461292 1.096926 93
-5.2194376 -1.8811241 1.240078 48
-5.2267489 -1.939111 1.395003 9
-16.43099 -6.2541513 4.845531 34
-5.2040248 -1.964681 1.0957025 97
-16.799728 -6.4870539 3.9775763 39
-15.923525 -6.3060021 4.2493243 30
-15.512515 -6.291018 4.6299305 45
-4.7138653 -1.9108382 1.0073352 80
-4.7393341 -1.9617609 1.1552452 36
-15.430717 -6.5152812 4.1701427 71
-14.6961 -6.3368025 4.4447117 50
-4.7489524 -2.0589652 1.0273824 102
-4.8313494 -2.132988 1.19218 45
-4.7476544 -2.1349947 1.3173898 9
-12.732731 -5.8207965 3.9045842 64
-12.743812 -5.8939004 2.7495522 67
-4.7703061 -2.2390454 1.1933395 10
-4.6946168 -2.2380252 1.3205318 3
-12.434573 -6.0157862 3.8663504 96
-5.8234577 -2.8661559 1.2897385 1
-12.405643 -6.1808209 3.1074314 70
-12.442641 -6.2777929 3.5093439 100
-12.465691 -6.3667626 3.9302907 102
-5.6674109 -2.9621236 1.2761331 41
-1.6435409 -0.86571044 0.4401004 0
-12.457749 -6.6437635 3.5673244 112
-12.499804 -6.7277522 3.9972289 97
-12.438802 -6.8908162 2.8123913 86
-1.6114889 -0.89671367 0.43818399 0
-12.660908 -7.1218209 3.6808534 21
-12.652948 -7.1668096 4.1068788 94
-15.317203 -8.9771643 3.5168192 4
-1.618546 -0.94977766 0.44733652 1
-12.650157 -7.494585 3.7386334 18
-12.689376 -7.556416 4.18469 86
-1.6145574 -0.99482757 0.40146786 11
-1.6166552 -0.99895591 0.45453438 2
-12.61099 -7.862958 3.792285 10
-11.594064 -7.248981 3.8878479 6
-18.324297 -11.973101 4.3661242 22
-16.742891 -10.947842 4.5518656 10
-12.194524 -7.9880109 3.7295694 2
-11.336834 -7.4352193 3.8653283 2
-4.1834555 -2.873291 1.0359221 27
-4.1968079 -2.8802803 1.1808836 27
-4.3572583 -2.9902899 1.3714837 27
-4.3025899 -2.9512696 1.5056124 2
-4.1144295 -2.9742448 1.0410715 31
-4.1157718 -2.9672325 1.1810623 44
-4.2401991 -3.0522375 1.3607507 41
-4.2765913 -3.07023 1.5226555 1
-4.1358914 -3.143986 1.0687904 31
-4.1552453 -3.1449847 1.2167484 28
-12.759644 -9.6490488 4.1274319 91
-10.654061 -8.0217628 3.8325214 2
-15.990856 -12.812653 4.1511593 9
-13.177407 -10.493317 3.8896604 2
-11.489029 -9.0984936 3.7948232 5
-12.409887 -9.7716274 4.5461144 65
-17.156462 -14.443214 4.5606751 15
-13.037308 -10.88755 3.9360259 13
-11.07624 -9.1861629 3.7385724 4
-11.909049 -9.7990179 4.4499664 51
-1.5115417 -1.3196354 0.43445212 8
-1.5186737 -1.3136487 0.48943409 0
-6.7156253 -6.2212195 1.8946754 80
-6.7662621 -6.1992321 2.1535447 49
-6.4115028 -6.2341943 1.8604454 83
-6.4861445 -6.2251883 2.1182594 84
-6.5487862 -6.21418 2.3751035 79
-6.6074567 -6.190167 2.639956 11
-6.3655729 -6.494173 1.9005756 56
-6.3691783 -6.4061556 2.1365626 77
-6.3777776 -6.3291383 2.3705375 74
-6.3943839 -6.2571306 2.6144948 76
-6.3846703 -6.8351693 1.9625503 58
-6.3832641 -6.7251616 2.2005501 76
-6.3998513 -6.6421576 2.4395049 78
-6.4154568 -6.5551529 2.685462 56
-6.3897071 -7.1791921 2.0245576 60
-6.3973279 -7.0621843 2.2688787 75
-6.4090519 -6.9601164 2.5099776 77
-6.4177799 -6.8460422 2.7530806 59
-12.872741 -15.2234 4.1951437 82
-11.867172 -13.752295 4.3184762 2
-11.288382 -12.846627 4.5300617 89
-6.4426517 -7.1783357 2.8333988 59
-12.608738 -15.66112 4.2523465 106
-12.759789 -15.513223 4.7930813 92
-10.830501 -12.89887 4.4742794 57
-10.814734 -12.614887 4.8737259 37
-12.035415 -15.713385 4.2058377 101
-12.22376 -15.583387 4.7403579 108
-10.418386 -12.993115 4.4357486 11
-10.500474 -12.798105 4.8635306 69
-1.8246039 -2.469924 0.67873341 88
-1.8728176 -2.471921 0.76760906 20
-11.091242 -14.489159 4.8690786 16
-10.121367 -12.900005 4.8264313 79
-1.758577 -2.5008829 0.6798768 100
-1.8077859 -2.5028801 0.76674986 32
-10.757238 -14.725064 4.879868 20
-9.7142248 -12.948905 4.7724004 80
-1.6875463 -2.5248413 0.67903244 98
-1.744759 -2.5358396 0.76788598 44
-10.430205 -14.977039 4.8965573 15
-9.2919912 -12.96093 4.708262 80
-1.6084846 -2.5348616 0.6751585 141
-1.6796958 -2.5648851 0.76796055 57
-10.081025 -15.191208 4.9030471 23
-8.8406496 -12.911068 4.6260529 64
-1.4993886 -2.4888961 0.65734345 53
-1.6156316 -2.5969298 0.76803154 49
-9.8339901 -15.565331 4.963367 25
-8.5014963 -13.017109 4.6027269 53
-1.4083341 -2.4678912 0.64654708 42
-9.1697359 -15.801207 4.4760079 100
-9.4219189 -15.687254 4.945385 51
-8.149395 -13.08904 4.5705972 16
-1.3403211 -2.4828789 0.64674807 52
-1.398518 -2.49089 0.72463763 29
-1.4326985 -2.4608965 0.79358697 4
-7.2006736 -12.143752 4.1923895 2
-1.2713228 -2.4938731 0.6450206 49
-1.3605392 -2.5598865 0.73880011 25
-1.398706 -2.529892 0.80670559 118
-1.4338737 -2.4938972 0.87461841 22
-1.2032937 -2.5048602 0.64419246 43
-1.2744888 -2.5338557 0.72602642 42
-1.3186589 -2.514847 0.79492706 9
-1.3958749 -2.5548425 0.88574642 10
-1.1362739 -2.5157924 0.64340043 29
-3.4209909 -7.3541102 2.0338275 41
-3.4884007 -7.1591172 2.1886575 24
-1.3238276 -2.5498145 0.87493861 3
-1.0722511 -2.530781 0.64456338 16
-3.2159376 -7.3530788 2.0213413 39
-3.359421 -7.3060966 2.2149849 25
-3.4738753 -7.1921096 2.3926995 17
-1.0202408 -2.5747738 0.6526953 14
-3.0208924 -7.3650489 2.0128303 38
-3.1773794 -7.3420687 2.2094421 30
-3.6753671 -8.0581341 2.6522222 8
-0.9620558 -2.6079185 0.6586532 12
-1.1844344 -3.0279601 0.84109092 36
-2.9900854 -7.3562927 2.197504 35
-3.7063999 -8.6244268 2.8116946 6
-0.89703298 -2.6189089 0.65981674 11
-1.1114129 -3.0489488 0.84327435 150
-2.8110442 -7.3852625 2.1919537 36
-3.7457316 -9.2784357 2.9975882 4
-0.83401448 -2.6348968 0.66297364 11
-0.90017748 -2.6379073 0.73080766 153
-1.1155858 -3.077945 0.92626113 35
-3.7390313 -9.8804274 3.1655884 20
-0.77100003 -2.652885 0.66712111 12
-0.81812781 -2.5868986 0.71499842 152
-1.033549 -3.060945 0.91644138 36
-2.5763371 -7.2542505 2.3144619 1
-0.71099168 -2.6758947 0.67225337 8
-0.75110042 -2.5769098 0.71115863 183
-0.91944182 -2.9289494 0.87373155 25
-0.98560458 -2.9089696 0.93956971 9
-0.6459682 -2.6829112 0.67443347 10
-0.67303842 -2.5179234 0.69337267 150
-0.88748461 -3.0729723 0.91182619 39
-0.91455829 -2.9019845 0.93176562 21
-0.58295053 -2.7009277 0.67960829 10
-0.61601597 -2.5339408 0.69653219 150
-0.823466 -3.1079884 0.91800398 36
-0.87157685 -2.9980047 0.95688903 18
-0.51792759 -2.7059441 0.68178833 10
-0.54696822 -2.4949563 0.68572283 51
-0.75143492 -3.1150031 0.91720229 32
-0.76244128 -2.8420117 0.90318316 5
-0.45390442 -2.7119603 0.68396592 10
-0.48994675 -2.5069737 0.68888235 59
-1.5276351 -7.2801862 2.0962059 28
-1.7350771 -7.3472056 2.2756805 4
-0.38889179 -2.7139258 0.68712986 9
-0.43293172 -2.5129151 0.6900177 52
-1.3626333 -7.300096 2.0976148 95
-1.5530078 -7.2891297 2.2471371 26
-0.32587844 -2.7218924 0.69028538 10
-0.37391135 -2.5148995 0.69116735 56
-1.1956058 -7.3080602 2.0950394 99
-1.389974 -7.302094 2.2425513 97
-0.26186922 -2.7338762 0.69644755 10
-0.31588975 -2.511884 0.69131452 60
-0.91814524 -6.5010033 1.8647517 104
-1.2249287 -7.3010612 2.2329707 97
-0.19785367 -2.7348635 0.69961011 12
-0.25787079 -2.5148737 0.69346189 56
-0.7711224 -6.5069766 1.8651248 105
-0.9474141 -6.4890089 1.9816819 93
-0.13483949 -2.7398522 0.70377016 13
-0.19985159 -2.5188634 0.69560927 58
-0.6240977 -6.5089507 1.864498 107
-0.80338466 -6.5029826 1.9800475 107
-0.070820846 -2.7258408 0.70493293 13
-0.14283293 -2.5208533 0.69775414 57
-0.47807691 -6.5159245 1.8658687 105
-0.65834618 -6.4969568 1.9734159 109
-0.0078058448 -2.7218299 0.70809299 13
-0.085814282 -2.521843 0.69989896 57
-0.33106926 -6.5358977 1.8732415 20
-0.51531929 -6.5109305 1.9727788 114
0.054212943 -2.7098188 0.70925063 12
-0.02979592 -2.5208335 0.70204133 57
-0.20147502 -7.3258667 2.0975628 90
-0.37029806 -6.5209117 1.97315 95
0.11722699 -2.700814 0.71241635 15
0.028216202 -2.5288289 0.70719421 58
-0.037471481 -7.3418536 2.1049826 116
-0.24872951 -7.3148909 2.2074518 115
0.17725262 -2.669802 0.70956916 15
0.086231671 -2.5278175 0.71034157 57
0.1275547 -7.3108263 2.101402 114
-0.087710716 -7.327867 2.2098608 118
0.74506181 -7.3187237 1.905959 34
0.14324951 -2.5238183 0.712488 57
0.29355115 -7.3388085 2.1138234 105
0.075311758 -7.3318453 2.2102749 115
0.92501271 -7.3776951 1.9384153 119
0.20225689 -2.5338056 0.71963751 31
0.4595539 -7.3497725 2.1222448 102
0.23732716 -7.3428092 2.2136862 116
1.1019869 -7.3846574 1.9578643 116
0.85376811 -7.3646989 2.0452402 123
0.62755352 -7.3547387 2.1316714 104
0.4013406 -7.3547783 2.2181025 118
1.2799526 -7.3986268 1.9813159 117
1.0277513 -7.3756704 2.0616815 124
0.79554927 -7.3667111 2.1430976 125
0.56635469 -7.355751 2.2215214 117
1.458918 -7.4085979 2.0047698 119
1.2037261 -7.3966422 2.0821278 119
0.96355087 -7.3676839 2.1515241 123
0.73236728 -7.3627238 2.2259429 124
1.6385978 -7.4105611 2.0271797 118
1.375425 -7.3866067 2.0955179 117
1.135253 -7.3766489 2.1649146 122
0.89808667 -7.3706903 2.2323179 124
1.8205577 -7.4145269 2.0516417 118
1.5523955 -7.3995748 2.1169672 122
1.3082407 -7.3856177 2.1793532 126
1.0680894 -7.3796601 2.2407494 120
2.0045173 -7.4184952 2.0771081 113
1.7343638 -7.4115429 2.1394284 119
1.48123 -7.3895879 2.1927922 124
1.2380921 -7.3866305 2.2491806 120
2.192467 -7.428463 2.1065848 108
1.9153335 -7.4205112 2.1608877 99
1.6592087 -7.4035568 2.2112434 112
1.4110881 -7.3976007 2.2606196 120
2.3824167 -7.4334302 2.1360664 112
2.0973001 -7.4234805 2.1833494 108
1.8361951 -7.4045258 2.2256925 108
1.5850878 -7.4025698 2.2700608 121
2.573365 -7.4333973 2.1655507 107
2.2842624 -7.4284477 2.2078235 108
2.0181684 -7.4164948 2.2461538 113
1.7590853 -7.4005337 2.2795026 122
2.7703028 -7.4463725 2.199054 108
2.4732163 -7.4354234 2.2343066 101
2.2021396 -7.4224701 2.2656243 109
1.9390715 -7.4145155 2.2939625 118
2.964246 -7.435338 2.2295461 31
2.6621766 -7.4343901 2.258786 101
2.3891091 -7.4304376 2.2870989 106
2.120059 -7.4224858 2.3084221 125
0.57267314 -1.456737 0.46757868 4
2.8601241 -7.4443645 2.289288 89
2.5780768 -7.4374161 2.3095784 103
2.3040452 -7.4234657 2.3228891 116
1.1429909 -2.6096487 0.82700717 75
0.55267602 -1.460745 0.47853002 3
2.7700436 -7.4423809 2.3320653 105
2.4930258 -7.4354262 2.3403683 124
1.2139835 -2.6056304 0.83918649 69
1.1089724 -2.6226466 0.84692192 23
2.9590139 -7.4273415 2.3515449 29
2.6840007 -7.4443893 2.3598528 107
1.283978 -2.5986161 0.85036385 65
1.1779718 -2.6156347 0.85609704 74
0.57269931 -1.4577352 0.49058121 6
2.8749809 -7.4393587 2.3763368 84
4.0368395 -7.4981618 2.4402645 82
1.2499673 -2.6146243 0.86727983 71
1.1489732 -2.6266418 0.86802572 66
0.55671978 -1.4607401 0.49454227 6
4.2677393 -7.5081253 2.4898496 91
1.3159705 -2.5986147 0.8744477 26
1.2189732 -2.6216316 0.87720352 73
1.1209865 -2.6356487 0.87495685 28
4.4896531 -7.4950895 2.5324111 55
4.1327224 -7.5031505 2.5085106 84
1.286981 -2.6106219 0.8843751 63
1.1899999 -2.6306386 0.88113046 78
4.7375474 -7.516048 2.5900302 80
4.3626494 -7.508112 2.5520849 81
4.0217495 -7.491169 2.5142257 91
1.2590168 -2.6216285 0.88630378 79
4.9584756 -7.4820104 2.6305809 85
4.6045642 -7.5260701 2.6016889 51
4.2556868 -7.50913 2.5548098 80
1.3270328 -2.6096187 0.89147425 12
4.9915929 -7.1770039 2.5776608 52
4.8474846 -7.5330286 2.6482944 87
4.4776392 -7.4980917 2.5873632 70
4.1547709 -7.5071468 2.5385501 90
5.0087152 -6.8690004 2.5216999 51
4.9795184 -7.364006 2.6376219 71
4.7305608 -7.5230489 2.6349938 81
4.3887243 -7.5201068 2.5721338 85
5.1596932 -6.7489748 2.5350752 77
4.9876633 -7.0320048 2.5686402 69
4.9525027 -7.4930115 2.6665487 88
4.633657 -7.5350661 2.6097472 55
2.7571199 -3.483381 1.3520559 0
5.0347595 -6.7679973 2.5217569 77
4.9826455 -7.1820068 2.5976233 66
4.8735962 -7.5330253 2.6433475 98
5.6334677 -6.7168961 2.642257 15
5.2526789 -6.7359614 2.5613003 47
4.9967909 -6.8670049 2.527657 69
4.9726858 -7.3160095 2.6025946 55
6.7055759 -7.6277156 3.0709388 13
5.5315399 -6.770915 2.6289957 49
5.1547847 -6.7529793 2.5320504 82
4.9908452 -6.9960074 2.526638 53
7.0084095 -7.6166649 3.1466928 47
6.6256371 -7.7337298 3.065732 3
2.7472265 -3.4753878 1.3410188 2
5.0609431 -6.7599959 2.4808109 82
7.3427753 -7.6277676 3.2361569 68
6.8141608 -7.5968533 3.0828297 29
5.6312032 -6.7170544 2.6168072 13
2.710988 -3.492563 1.317277 7
7.6665945 -7.6117101 3.3179736 56
7.1679678 -7.6317906 3.172725 52
6.8132334 -7.7458482 3.0758433 4
2.7970023 -3.4355476 1.3184917 0
8.0953178 -7.6836343 3.4440591 37
7.4878106 -7.6197352 3.2455318 72
7.0092101 -7.6088138 3.0873315 29
10.841639 -12.49614 4.8052645 18
8.442111 -7.6585727 3.535933 66
7.8416209 -7.6266723 3.3324254 53
7.3730311 -7.6457505 3.1722519 49
7.0113697 -7.7438102 3.045352 31
8.8538475 -7.6784992 3.6529725 64
8.239399 -7.6585922 3.4354291 67
7.7228761 -7.6506701 3.2481325 75
7.2952981 -7.6917343 3.0860622 10
9.265604 -7.6793838 3.7670045 63
8.6471815 -7.6814799 3.540453 68
8.0897131 -7.6555662 3.3300524 74
7.5812278 -7.6286464 3.126775 27
9.6883478 -7.6712637 3.8860631 40
9.0679493 -7.6923628 3.6505082 66
8.4895258 -7.6724553 3.4230556 77
7.9860587 -7.6715355 3.2137928 59
2.0839911 -1.6225964 0.8705743 15
9.4177828 -7.6302562 3.7303798 50
8.9073181 -7.6843486 3.5211096 71
8.3868771 -7.6874456 3.2978115 78
2.1729486 -1.6135745 0.89480048 16
9.9953852 -7.7271571 3.898865 67
9.3390694 -7.6872792 3.6232228 74
8.7946787 -7.6933808 3.3808639 76
10.857587 -7.4710059 4.2040348 51
2.1570287 -1.6375808 0.87277138 8
9.8447628 -7.7321963 3.7515261 62
9.2534389 -7.7183075 3.4810472 78
10.915671 -7.1618505 4.1841879 85
2.2350209 -1.6165184 0.89099693 0
10.337518 -7.742528 3.8728263 68
9.676465 -7.6980681 3.5679617 52
11.135684 -6.9574327 4.2296515 52
10.911139 -7.3105025 4.0871615 84
2.2111621 -1.6232346 0.85833949 3
10.239516 -7.7587624 3.6998546 68
13.160346 -7.8159051 4.9442682 41
10.989395 -7.0105705 4.0675926 74
2.3602395 -1.6481749 0.89955646 15
2.2165201 -1.6451108 0.82826108 3
13.878303 -7.8276854 5.1694727 47
11.430492 -6.9338145 4.1819396 32
10.939113 -7.0733724 3.9154871 74
2.3654978 -1.6681923 0.86554128 3
14.584617 -7.8081312 5.3878555 49
13.601783 -7.8274937 4.9144559 65
11.34303 -6.9681954 4.004262 56
2.4794974 -1.6600907 0.89076555 18
15.181405 -7.6987443 5.566946 33
14.404506 -7.8590398 5.149014 50
13.42563 -7.821559 4.6695352 53
2.6014698 -1.65315 0.91802591 6
16.122562 -7.7350526 5.870965 23
15.225751 -7.8683615 5.3888731 47
14.245979 -7.8636861 4.8914809 48
13.358314 -7.8449473 4.4249773 48
16.797359 -7.6087093 6.077189 111
15.877536 -7.758234 5.5691609 21
15.125786 -7.9054465 5.1301398 51
14.182004 -7.8857689 4.6268888 46
16.848221 -7.1928468 6.0635867 74
16.763914 -7.7289042 5.8295717 113
16.051983 -7.9201622 5.3830605 52
15.071218 -7.9224935 4.8478613 55
20.107536 -8.0566072 7.1903524 16
16.857965 -7.3195038 5.8177967 98
16.770765 -7.80161 5.5655069 92
16.068882 -7.9699807 5.0979333 32
21.541967 -8.08776 7.6640253 17
19.998936 -8.1427059 6.8426371 12
16.850676 -7.3720565 5.5362215 108
16.816345 -7.8471074 5.2676902 113
22.716551 -7.9594393 8.0492744 92
21.429508 -8.1640606 7.2841539 17
17.337448 -7.1116934 5.6442156 9
16.846659 -7.3816466 5.2151551 108
22.772726 -7.4257259 8.040864 64
22.701883 -8.0688486 7.6668482 98
21.329887 -8.174468 6.8755102 18
17.40115 -7.1411829 5.327127 9
28.033869 -8.4557438 9.8568077 16
22.731956 -7.5115528 7.6364255 85
22.71423 -8.1086845 7.2611771 108
20.780712 -7.9534202 6.2861972 17
28.657055 -7.9848671 10.046822 73
27.295504 -8.3497276 9.113657 15
22.75902 -7.5441842 7.2269349 88
22.758039 -8.1051216 6.8167167 109
28.651329 -8.0652237 9.5251493 60
27.329777 -8.3597031 8.6107664 17
22.811729 -7.5231338 6.7696972 84
33.926693 -8.7238369 11.226158 19
28.682308 -8.0564346 8.9775581 51
27.784897 -8.426981 8.165947 17
34.62059 -8.0731907 11.419188 41
33.996689 -8.6981621 10.575332 20
28.713255 -7.968924 8.3723183 79
40.527637 -8.4989223 13.317127 30
34.631409 -8.0109625 10.721197 54
34.612568 -8.7236919 10.009959 34
40.542358 -8.3975945 12.483638 46
34.720524 -7.8771625 9.9775686 35
46.479755 -8.516264 14.249474 44
40.595398 -8.2011147 11.589516 48
46.866695 -5.6101613 16.303152 20
52.151283 -8.317441 15.926881 47
46.579948 -8.2643003 13.215134 31
46.893127 -4.580626 16.329891 18
52.212681 -7.0913692 15.907111 53
52.358223 -8.0126419 14.782168 63
46.908466 -3.5644004 16.35079 20
46.864582 -4.4628334 15.282464 18
52.269829 -5.8783002 15.889145 53
52.402561 -6.7418561 14.732605 62
46.915653 -2.541146 16.381487 22
46.708004 -3.3896668 15.226095 33
52.342793 -4.6567473 15.881688 57
52.475433 -5.4848862 14.700969 60
47.012806 -1.5292418 16.442535 24
46.97184 -2.3465393 15.324638 38
46.710423 -3.0770478 14.162703 28
52.484718 -4.2177072 14.66387 61
47.053665 -0.51585257 16.493452 26
46.990784 -1.2991765 15.339478 31
52.455818 -2.2410839 15.885063 52
52.570724 -2.9798641 14.654824 56
47.053059 -0.24949445 15.381142 48
52.517342 -1.031189 15.903014 54
52.606712 -1.7155035 14.644408 74
47.096245 1.5124776 16.602118 21
47.025326 0.7989518 15.397514 45
52.60516 0.19024551 15.93957 62
52.675339 -0.46390653 14.644743 58
47.08572 1.8496617 15.452705 48
52.676205 1.4042701 15.978805 37
52.708038 0.79075009 14.647945 57
47.016281 2.9125566 15.472896 29
52.801331 2.0677991 14.678627 61
47.184982 3.9772303 15.569961 18
52.91824 3.3362894 14.713919 25
47.19537 5.0369992 15.627987 18
52.87254 5.0947752 16.128389 23
52.901852 4.6193666 14.738585 56
52.932049 6.3244605 16.196585 19
52.967228 5.8865666 14.787026 34
53.00312 7.1743259 14.845872 29
47.659142 11.417601 14.971825 20
47.635979 13.761674 15.162393 23
35.499912 14.90126 14.039009 24
35.595825 14.921191 12.948195 30
35.637978 14.954192 11.873841 32
35.168907 14.844152 10.644297 15
34.010201 15.142787 13.596281 17
33.914749 15.108447 12.469085 12
33.782688 15.105018 11.386675 14
32.305931 15.214859 13.058558 16
32.195953 15.214209 11.979493 16
30.224945 14.361463 10.311153 13
29.620039 14.732066 12.120513 36
29.665945 14.837582 11.174416 37
29.737715 14.995098 10.277371 38
29.77383 15.180022 9.3534222 50
29.203299 15.322136 12.098075 25
28.97967 15.309446 11.054642 21
27.835487 15.371615 11.683379 31
27.183317 15.155496 10.516817 23
26.578381 15.436386 11.308375 28
25.93705 15.229713 10.174417 22
24.147329 14.605115 7.9333577 33
24.086781 14.690862 10.389404 33
23.764156 14.680232 9.4538717 28
23.763025 14.895712 8.6926985 36
23.810333 15.19499 7.9414983 79
23.687401 15.149684 10.356023 55
23.747068 15.414557 9.5891047 91
23.475595 15.488242 8.7260571 33
23.002703 15.480851 7.8089733 34
22.904383 15.352324 10.16378 31
22.367067 15.521034 8.4564161 14
21.913034 15.528733 7.5753589 35
22.028482 15.46764 9.9341316 25
21.346468 15.560098 8.2184811 29
20.858734 15.550382 7.3504438 44
21.336855 15.6748 9.7756138 12
20.365154 15.587348 7.9873943 28
19.862146 15.579081 7.1437545 43
18.443253 14.813643 7.3824329 6
18.000624 14.835014 6.6149535 61
18.095671 14.87242 7.974802 62
17.791302 14.984126 7.2649021 66
17.837473 15.436998 6.6986995 71
17.800154 14.938939 8.5921755 65
17.789434 15.300529 7.9900222 66
17.765688 15.676126 7.4008365 107
17.273464 15.693477 6.6327834 73
17.764975 15.574139 8.7396603 83
17.482548 15.732762 8.0169678 49
16.994314 15.715278 7.2428689 67
16.46904 15.707782 6.4836836 68
17.234123 15.781859 8.6473904 46
16.730022 15.747294 7.8382759 74
16.249769 15.747764 7.0912032 57
15.726496 15.741223 6.3520355 78
16.027443 15.783072 7.6826582 47
15.534177 15.771616 6.9475007 60
15.001817 15.772208 6.231214 79
15.341727 15.806839 7.529953 79
14.842389 15.800411 6.8157568 84
14.313023 15.79397 6.1134892 74
15.166202 15.818208 8.1203337 16
14.690936 15.832702 7.3892398 68
14.174623 15.811188 6.6850615 65
13.653231 15.823686 6.0088601 75
14.548615 15.843775 7.9699354 38
14.065262 15.862338 7.2597685 83
13.544887 15.834887 6.5695305 94
12.35253 15.031003 5.6069913 103
13.964909 15.877509 7.8335004 72
13.448585 15.86403 7.1232891 93
12.282286 15.050169 6.1337924 101
11.845595 15.145782 5.5537152 67
13.389184 15.909255 7.7040777 72
12.21005 15.078351 6.6515718 104
11.836285 15.218997 6.095633 56
11.814826 15.879875 5.7283473 111
12.172753 15.116556 7.1934357 77
11.808108 15.273776 6.6229625 55
11.794713 15.913551 6.2688141 117
11.250198 15.913018 5.6536593 97
11.802593 15.320745 7.1633658 43
11.749234 15.928527 6.7940898 125
11.234685 15.925041 6.1779828 107
10.683105 15.917554 5.5757923 91
11.749121 15.95756 7.3374929 93
11.215693 15.941087 6.6935253 95
10.698146 15.946655 6.0985837 98
10.157557 15.95268 5.5169206 90
11.238559 15.983504 7.2364111 69
10.707022 15.969165 6.6081629 101
10.181376 15.965853 6.0228977 114
9.6276913 15.964531 5.454566 95
10.732793 15.989383 7.1300859 69
10.206153 15.987378 6.5234971 112
9.6725035 15.977073 5.9512792 101
9.1248064 15.980766 5.397027 108
10.246994 16.005415 7.0346713 84
9.7143259 15.998844 6.4419947 105
9.1885824 16.006376 5.8913417 107
8.6228504 15.983925 5.3435922 100
9.7730999 16.021479 6.9451995 101
9.2424221 16.030252 6.3729596 110
8.7056704 16.01795 5.8298621 104
8.1348953 15.998647 5.2966876 95
9.3022499 16.022976 6.8537192 93
8.7754192 16.045408 6.3034983 112
8.2406483 16.047201 5.7792964 106
7.6509051 15.996975 5.2519631 104
8.8573313 16.057333 6.782825 90
8.313611 16.056126 6.2376018 105
7.7917767 16.085928 5.7354321 91
7.1770539 15.984708 5.2030339 99
8.4085369 16.069078 6.7039232 98
7.8697643 16.076899 6.1776762 104
7.3269277 16.077715 5.6804199 102
6.4269614 15.291408 4.9422727 90
7.9737134 16.080965 6.630806 104
7.4471593 16.131031 6.1333923 97
6.5357542 15.277779 5.3516135 18
6.0171709 15.345668 4.9257488 87
7.5540705 16.107283 6.5643735 100
7.0181875 16.147079 6.0790992 105
6.1402135 15.32774 5.3240995 103
5.8228412 15.965722 5.0919485 90
7.1327138 16.115334 6.4968019 90
6.2667356 15.359936 5.7319536 101
5.8903217 15.762744 5.4351125 37
5.4239731 16.059456 5.0933166 120
6.3837857 15.332804 6.1227112 93
5.8737674 15.380601 5.6915646 91
5.6168914 16.167513 5.5369039 106
4.9960041 16.066286 5.0734653 110
6.0188622 15.394679 6.0868974 82
5.7626729 16.181395 5.9375687 36
5.2016039 16.191103 5.5126681 113
4.6095557 16.184858 5.0915017 95
5.8688593 16.046303 6.2863936 38
5.3616953 16.205122 5.9032345 107
4.7966394 16.213896 5.4900041 112
4.1816416 16.144659 5.0626593 107
5.5217986 16.188082 6.2868323 67
4.9606986 16.225845 5.8716607 110
4.3936071 16.231642 5.4693937 106
3.789516 16.235445 5.077991 91
5.1328521 16.204891 6.2420855 80
4.5697603 16.252705 5.8447771 106
3.9906747 16.247515 5.4524317 105
3.3825641 16.241316 5.0710187 96
4.7448621 16.225832 6.197268 94
4.1767402 16.264542 5.8109045 104
3.5936151 16.262251 5.4325047 115
2.9824269 16.289953 5.0760322 93
4.3629107 16.239367 6.1582065 100
3.7867529 16.277843 5.7864957 110
3.2045953 16.291555 5.4281626 112
2.5834241 16.297258 5.0767398 103
3.9949362 16.294806 6.1383142 91
3.4037545 16.296244 5.7666259 104
2.8105471 16.296787 5.4178061 111
2.1883023 16.322479 5.0855241 99
3.6179335 16.30411 6.1047816 106
3.022743 16.306787 5.7475471 107
2.4245219 16.292465 5.4053226 109
1.7942113 16.333099 5.0931015 109
3.2418694 16.316378 6.074234 98
2.6456168 16.331001 5.7362633 114
2.038394 16.316757 5.4088931 112
1.4001089 16.335503 5.1024537 109
2.8729115 16.339003 6.0519323 86
2.2666764 16.349762 5.7255669 108
1.6564157 16.335522 5.41119 114
1.0060914 16.353273 5.1187038 104
2.5009818 16.356792 6.0291953 83
1.8907251 16.354568 5.7127824 111
1.2714252 16.34934 5.4153485 117
0.58396846 15.559136 4.8846107 14
2.1322062 16.365938 6.0053129 102
1.513356 16.363964 5.7030673 113
0.8924762 16.377964 5.4239655 108
0.21108909 15.581741 4.9043136 109
1.7653344 16.366348 5.9788494 100
1.1419692 16.392132 5.7023706 114
0.48165533 15.581998 5.1676784 116
-0.15749517 15.59298 4.9258361 38
1.3988461 16.402531 5.9714575 95
0.76949471 16.404264 5.69908 110
0.11995528 15.583951 5.1767974 112
-0.55547684 16.457621 5.2204695 128
1.0328174 16.41715 5.9592133 103
0.37433359 15.587901 5.4157634 118
-0.24117692 15.630695 5.2013268 5
-0.94754481 16.472483 5.2506166 103
0.66673034 16.428921 5.9485064 103
0.017019734 15.59545 5.4195065 107
-0.63447863 16.461126 5.4913988 116
-1.3460172 16.501898 5.290731 106
0.2824764 15.614453 5.6444855 92
-0.35300738 16.47921 5.7270799 108
-1.0215225 16.47295 5.5146146 106
-1.745106 16.505674 5.3260212 93
-0.067518018 15.600193 5.6309848 80
-0.73211312 16.487909 5.7365727 108
-1.4126847 16.514685 5.5499926 112
-2.1452849 16.544441 5.3752933 100
-0.44057575 16.498018 5.9472194 89
-1.1091139 16.500795 5.7496672 110
-1.8007237 16.531569 5.579062 111
-2.5523758 16.572319 5.4253178 99
-0.81054372 16.508907 5.9463301 96
-1.4921619 16.518656 5.7687988 115
-2.1928616 16.558384 5.6152487 109
-2.9555733 16.578087 5.4695573 95
-1.1826873 16.512653 5.9477143 97
-1.8723543 16.541401 5.7911544 112
-2.5859089 16.586264 5.6533065 116
-3.3646433 16.614971 5.5275655 102
-1.5555897 16.547594 5.9587135 82
-2.2572432 16.55937 5.8150687 111
-2.9869637 16.602135 5.6943641 109
-3.7767065 16.626871 5.5815358 86
-1.9355679 16.560492 5.9697809 107
-2.6462789 16.583252 5.8431387 110
-3.3860297 16.603996 5.7324429 110
-4.1898127 16.62372 5.6356001 96
-2.323607 16.583345 5.9889183 85
-3.0463619 16.608095 5.8792629 113
-3.7991443 16.624834 5.7825379 111
-4.6229715 16.639549 5.7056503 92
-2.7076406 16.598192 6.0050797 90
-3.4444296 16.613935 5.9113927 108
-4.2132697 16.65167 5.8366327 91
-5.06919 16.715374 5.7926722 85
-3.0996919 16.617037 6.028224 86
-3.8495321 16.647774 5.9545078 103
-4.6384187 16.685501 5.8997025 95
-5.4712338 16.623211 5.8287954 71
-3.4887116 16.610878 6.0413752 96
-4.2656503 16.686607 6.0035987 107
-5.0565252 16.685339 5.9517779 96
-5.6404243 15.878257 5.635201 89
-3.8815613 16.622953 6.0650454 91
-4.6744423 16.702805 6.0449891 90
-5.4561772 16.621664 5.981967 80
-6.0633016 15.874464 5.7075801 65
-4.2868786 16.647179 6.097187 94
-5.09093 16.707743 6.0888577 109
-5.6450162 15.937479 5.7958283 84
-6.8610148 16.781097 6.1119819 97
-4.7000175 16.666801 6.1339965 96
-5.4799285 16.609501 6.100276 90
-6.0491066 15.89227 5.8440471 90
-7.3302536 16.799805 6.2061648 94
-5.1191926 16.696451 6.1754136 98
-5.6653047 15.922246 5.8981814 88
-6.8323774 16.783855 6.2394862 103
-7.822556 16.827526 6.3131924 74
-5.5021243 16.580313 6.1685357 53
-6.0703578 15.891128 5.9402099 84
-7.3075557 16.810713 6.3273516 106
-8.3147774 16.85038 6.4200172 85
-5.68437 15.894265 5.9540825 93
-6.8676214 16.818813 6.3434281 97
-7.7828302 16.829445 6.4143887 101
-8.8151464 16.864031 6.5280805 92
-6.104641 15.916925 6.0043821 47
-7.319705 16.806702 6.4043059 106
-8.2720175 16.858284 6.5112548 89
-9.3413448 16.895931 6.653769 87
-6.8806443 16.793789 6.3774176 97
-7.7938809 16.831497 6.4822822 109
-8.7842131 16.897171 6.6199856 119
-9.8775949 16.926804 6.7834568 83
-7.3477578 16.820663 6.4422889 92
-8.2820587 16.862341 6.5671396 120
-9.3064632 16.936987 6.7317905 108
-10.436922 16.970596 6.9251966 28
-7.8219075 16.845474 6.5082417 85
-8.7852707 16.889139 6.6590338 117
-9.8257065 16.945778 6.8396492 84
-11.035313 17.040356 7.0878754 67
-8.3090744 16.873278 6.5801735 92
-9.2954836 16.909933 6.751914 109
-10.399045 17.013546 6.9803858 8
-11.513453 16.909155 7.1728301 81
-8.8132572 16.902075 6.6590662 68
-9.8297367 16.949717 6.8597393 84
-10.97938 17.06731 7.1211076 51
-11.653962 16.29207 7.0555549 74
-9.3294554 16.932865 6.7439342 91
-10.381997 16.98349 6.9715252 6
-11.479486 16.974194 7.2058787 86
-12.155026 16.185144 7.162065 42
-9.854413 16.962069 6.8301291 77
-10.966979 17.05788 7.1023026 59
-11.594589 16.321764 7.0567427 79
-10.389458 16.966137 6.9175115 16
-11.469159 16.967764 7.1769485 97
-12.09073 16.216835 7.1471448 26
-10.987904 17.050097 7.0405812 79
-11.589707 16.314871 7.0191574 85
-14.939544 17.278046 8.1825228 33
-11.496296 16.955866 7.1028452 68
-12.079391 16.198261 7.089633 43
-15.44748 17.057686 8.2815285 64
-11.602665 16.286362 6.9260635 73
-14.942761 17.398104 8.1616201 17
-16.227703 17.11178 8.5248384 52
-12.131331 16.225456 7.0075493 34
-15.400299 17.123358 8.2163115 27
-16.986492 17.113802 8.7538147 62
-15.024822 17.490883 8.1012592 6
-16.108992 17.100204 8.4003134 31
-17.237638 16.590876 8.719655 50
-15.516558 17.243294 8.1556129 25
-16.924681 17.159918 8.6392756 62
-17.712811 16.279697 8.8084879 50
-16.115864 17.093014 8.2652178 75
-17.189224 16.645958 8.5996542 37
-17.72085 15.555836 8.6747713 46
-16.925497 17.143167 8.4841785 62
-17.686506 16.353987 8.6827745 81
-17.742382 14.87346 8.5543089 67
-16.30431 17.217875 8.1485052 35
-17.161798 16.589544 8.4144878 47
-17.683775 15.612319 8.5242939 77
-17.75816 14.204241 8.4411297 65
-16.966808 17.102486 8.2678242 76
-17.679062 16.316246 8.487155 80
-17.716391 14.931231 8.3950491 65
-17.790827 13.580203 8.3438587 76
-17.255737 16.593132 8.2096624 46
-17.700668 15.592965 8.3286362 62
-17.761101 14.279933 8.2794895 74
-17.877621 13.015066 8.2810268 98
-17.681479 16.225365 8.2212362 68
-17.782948 14.949563 8.2087517 103
-17.840424 13.682777 8.1893988 87
-17.07696 11.843062 7.8191676 14
-17.756721 15.544855 8.0764723 72
-17.78528 14.255845 8.0634432 93
-17.85305 13.053736 8.0762005 74
-17.165714 11.339289 7.7705312 72
-17.782228 14.839051 7.9208426 73
-17.816969 13.614986 7.9397416 79
-17.075748 11.888151 7.6204853 7
-17.881781 11.241391 8.0116606 80
-17.794567 14.152896 7.7688584 71
-17.851637 12.989357 7.8268065 100
-17.140676 11.357127 7.5515318 90
-17.96645 10.730594 7.9738698 76
-17.818468 13.498804 7.6329517 80
-17.067909 11.821247 7.3692312 14
-17.845589 11.248955 7.7664537 98
-17.983339 10.199028 7.9132743 101
-17.845797 12.867347 7.5091486 85
-17.150412 11.301875 7.2970715 95
-17.934166 10.737584 7.7183805 95
-18.003107 9.6835213 7.8553147 94
-17.065907 11.701794 7.0605769 45
-17.869711 11.187491 7.4998465 112
-17.95933 10.202073 7.6437807 91
-18.015213 9.1715689 7.799571 95
-17.27503 11.257688 7.0260801 56
-17.92882 10.653505 7.4225521 113
-17.976898 9.677494 7.5755153 110
-18.046028 8.6834927 7.7584476 84
-17.899353 11.069469 7.1675382 97
-17.950518 10.110439 7.3394403 116
-18.007572 9.1661806 7.5178661 115
-18.070442 8.2016554 7.7219753 96
-17.911509 10.499739 7.0695539 117
-17.968513 9.573782 7.2657366 123
-18.028536 8.6638222 7.4649043 113
-18.092829 7.7256203 7.6888089 88
-17.939194 9.9533682 6.9838681 101
-17.998466 9.0592957 7.1986432 127
-18.053717 8.1702271 7.4164848 113
-18.114998 7.2601557 7.6573377 81
-17.958042 9.4101467 6.8985825 102
-18.023308 8.552124 7.1354117 123
-18.071562 7.6871057 7.3682814 115
-18.126865 6.800086 7.6271338 105
-17.982714 8.8871269 6.8224301 102
-18.048042 8.0520926 7.0772467 119
-18.102392 7.2180386 7.3300614 112
-18.150784 6.3479867 7.6068888 99
-18.013542 8.3769913 6.7551317 88
-18.075916 7.5659556 7.0259552 120
-18.118269 6.7509756 7.2908187 115
-17.407856 5.6562519 7.2684455 72
-18.046268 7.8730292 6.6949401 104
-18.100653 7.0860143 6.9788241 116
-18.148037 6.2920008 7.2637258 112
-17.456676 5.2472391 7.2673545 50
-18.048901 7.3690314 6.6269569 103
-18.109339 6.6040144 6.9308276 116
-17.422003 5.5982509 6.9394464 99
-18.221272 5.036983 7.5675912 96
-18.075575 6.8830299 6.5739131 105
-17.399319 5.8892736 6.6124945 4
-17.48683 5.1802578 6.9362926 16
-18.231081 4.6080217 7.5565567 108
-18.09828 6.3990607 6.5248356 111
-17.403065 5.4432969 6.5734563 97
-18.207344 4.9490271 7.1915689 121
-18.246927 4.1820159 7.5524712 92
-17.340279 5.6693082 6.2025576 86
-18.162577 5.2180333 6.8226261 110
-18.246183 4.5170069 7.1834249 96
-18.263786 3.7630036 7.5503793 93
-17.392063 5.227284 6.174386 55
-18.191387 4.7710123 6.7994838 110
-18.282068 4.0849781 7.1792221 98
-18.282721 3.3489747 7.554172 103
-18.154596 4.9889946 6.401391 103
-18.242313 4.3339658 6.7861028 90
-18.259012 3.6469724 7.1539187 111
-18.313812 2.9399674 7.5656471 110
-18.186773 4.5339665 6.3734016 103
-18.278631 3.8919618 6.7739196 98
-18.275333 3.2219949 7.1458526 109
-18.33416 2.5269914 7.5776753 90
-18.201727 4.0790095 6.3439002 106
-18.293535 3.4519935 6.7576418 104
-18.344324 2.8039918 7.1654844 88
-18.349136 2.1200068 7.58744 97
-18.224922 3.6259778 6.3232989 103
-18.268698 3.0089598 6.7331467 108
-18.354542 2.3819335 7.1668611 98
-18.362417 1.7119442 7.6057 99
-18.249905 3.1789675 6.3057857 104
-18.322973 2.5779274 6.7381063 108
-18.388939 1.9639337 7.1786957 112
-18.394846 1.3089665 7.631609 106
-18.258104 2.7279842 6.2878485 102
-18.342009 2.1469715 6.7356091 108
-18.3869 1.5409725 7.1804647 95
-18.406849 0.90598363 7.6523833 96
-18.275 2.2849953 6.2766104 109
-18.375847 1.7139854 6.7435679 90
-18.387724 1.1239885 7.1875348 109
-18.420704 0.49998581 7.678452 105
-18.319773 1.8459765 6.2776356 112
-18.389723 1.2849603 6.7464614 107
-18.443676 0.70994961 7.2193255 100
-18.436657 0.097960562 7.7083402 93
-18.338644 1.401876 6.2754846 110
-18.378614 0.85378897 6.7443395 111
-18.42161 0.2886931 7.2261782 109
-17.691904 -0.29113466 7.4228988 57
-18.352556 0.9595803 6.275229 108
-18.437595 0.42655396 6.7699699 106
-18.427584 -0.12543772 7.245944 97
-17.671888 -0.67916077 7.4447527 79
-18.36549 0.51961881 6.2789435 105
-18.402557 -0.0063812807 6.7687392 109
-17.663908 -0.52310371 6.9664564 106
-18.513893 -1.1133924 7.8302388 88
-18.382509 0.074673958 6.2884955 93
-17.627863 -0.4160535 6.4973388 101
-18.492725 -0.96435493 7.317152 109
-18.521927 -1.5223597 7.8730459 90
-17.61776 -0.35102805 6.0332675 82
-17.640882 -0.83100563 6.5200415 33
-18.503794 -1.383287 7.3498273 113
-18.540062 -1.9292766 7.9206829 101
-17.610765 -0.77493221 6.0419583 150
-18.478683 -1.3011664 6.8506465 111
-18.521936 -1.8041109 7.3894086 116
-18.564501 -2.3390913 7.9746518 103
-18.460821 -1.2600509 6.3484783 92
-18.538055 -1.7390801 6.8953218 98
-18.535252 -2.231082 7.4303722 111
-18.575726 -2.7499845 8.0271025 103
-18.477812 -1.708914 6.3742886 92
-18.50909 -2.1758854 6.9151459 108
-18.572445 -2.660866 7.484921 106
-18.617905 -3.1728382 8.0967445 99
-18.496851 -2.1607707 6.4049854 91
-18.536177 -2.6177452 6.959836 114
-18.585552 -3.0937254 7.5366721 117
-18.63905 -3.5927045 8.161499 87
-18.518871 -2.6196544 6.4407578 99
-18.556234 -3.0666289 7.0076261 112
-18.600641 -3.5276043 7.5914779 117
-18.646177 -4.0165777 8.2263269 107
-18.540907 -3.0805409 6.4815445 101
-18.570301 -3.515518 7.0534153 118
-18.627771 -3.9715025 7.6552124 108
-18.671362 -4.4454808 8.3020468 110
-18.543964 -3.5454512 6.5213008 106
-18.618441 -3.9754398 7.1190534 111
-18.645924 -4.4154134 7.7199306 121
-18.710588 -4.8823657 8.3846989 89
-18.593098 -4.0223184 6.579915 105
-18.627594 -4.4372635 7.1757636 120
-18.678154 -4.8682098 7.7945714 107
-18.725859 -5.3231521 8.4663868 107
-18.600338 -4.4959636 6.6284738 100
-18.650978 -4.9042645 7.2388873 119
-18.698681 -5.3245854 7.8682942 112
-18.017698 -5.544692 8.2186871 87
-18.630585 -4.9859939 6.6929541 107
-18.685043 -5.380095 7.3147845 127
-18.004118 -5.5703292 7.6407142 113
-18.050968 -5.9863791 8.3105297 102
-18.63055 -5.4704781 6.7458191 95
-17.967531 -5.6353002 7.0947256 117
-18.031277 -6.0243545 7.7254915 104
-17.766766 -6.3183055 8.2592249 64
-17.950977 -5.7460794 6.5607719 95
-18.033743 -6.1199298 7.1905861 108
-17.728123 -6.3716555 7.675549 55
-17.974188 -6.2385526 6.6357379 114
-17.333195 -6.3363118 6.9816179 48
-16.536961 -6.3650293 7.237957 45
-15.787595 -6.3942118 7.5021138 30
-17.030241 -6.3775058 6.3564544 37
-16.308081 -6.3992887 6.644577 47
-15.625783 -6.42033 6.9155755 43
-14.98661 -6.4471555 7.2024541 40
-16.011698 -6.4411268 6.0461164 43
-15.373568 -6.4509201 6.3390117 53
-13.144424 -5.749269 5.8896341 9
-12.646202 -5.7651052 6.1521163 49
-15.069859 -6.4937439 5.7619123 48
-12.929883 -5.784483 5.400229 56
-12.542761 -5.8274007 5.6923065 82
-12.558187 -6.0534415 6.1851854 78
-12.637448 -5.812459 4.8978767 58
-12.507653 -5.9513931 5.2942715 90
-12.542062 -6.1713738 5.7651749 90
-12.575589 -6.3993506 6.2750835 81
-12.505648 -6.1251969 4.9163461 89
-12.51698 -6.3160462 5.3693929 91
-12.564406 -6.5368962 5.8563366 98
-12.288495 -6.587657 6.2152457 55
-12.522905 -6.5115886 4.9946213 81
-12.414078 -6.6325707 5.4049516 66
-12.085923 -6.6346788 5.7138495 56
-11.735767 -6.6207824 6.0208139 58
-11.760984 -6.4819851 4.7646513 62
-11.806199 -6.6661224 5.2186279 68
-11.519026 -6.6641645 5.5275922 63
-11.21986 -6.6501994 5.8395872 59
-11.203186 -6.5363016 4.6147389 48
-11.037101 -6.5753722 4.9583344 69
-11.000164 -6.6994834 5.3635468 59
-10.740021 -6.6795192 5.6753306 52
-10.648444 -6.5625763 4.4626136 53
-10.463308 -6.5686312 4.7791743 64
-10.507444 -6.7257686 5.2070594 63
-10.32035 -6.7288256 5.5396233 49
-10.125829 -6.5837293 4.3212066 52
-9.9627419 -6.5846505 4.6326981 60
-9.8697271 -6.6325955 4.9739842 63
-9.8919306 -6.7565808 5.3989325 48
-9.7615976 -6.6904759 4.2473254 41
-9.5093775 -6.6073632 4.5030799 58
-9.3832893 -6.6152935 4.8144646 55
-9.4735279 -6.7713013 5.2562375 48
-9.6075611 -6.9313231 4.2629457 25
-9.0770016 -6.62713 4.3835979 61
-8.9778843 -6.6340818 4.6919889 57
-8.9058466 -6.65904 5.031301 46
-10.704808 -8.1246367 4.8472085 45
-8.7907524 -6.7358251 4.3306003 46
-8.604497 -6.6597233 4.5852256 59
-8.5073795 -6.6476431 4.8955984 54
-10.508713 -8.3862886 4.8661237 44
-8.6176739 -6.9267139 4.3343005 42
-8.2311649 -6.6705775 4.4742899 59
-8.1680746 -6.6665373 4.7883749 54
-10.295674 -8.631094 4.8778257 40
-8.3875351 -7.0693827 4.3138313 2
-7.9079185 -6.7062125 4.3891678 56
-7.8368249 -6.6811423 4.6873937 60
-1.4974047 -1.3086878 0.74156773 0
-6.9620843 -6.1481533 3.6643186 59
-6.9308257 -6.1461439 3.9314203 58
-6.8966002 -6.1371326 4.2095304 58
-6.6850853 -6.1761456 3.3318868 58
-6.651792 -6.15413 3.5829234 56
-6.6315775 -6.1520166 3.8470011 58
-6.6203756 -6.1479864 4.1260324 60
-6.4199586 -6.2229795 3.283603 57
-6.4307208 -6.2339568 3.551573 54
-6.4404941 -6.2459345 3.8235462 56
-6.462328 -6.2649136 4.1174855 58
-6.4261351 -6.5379529 3.376605 60
-6.4489241 -6.5489335 3.6535408 59
-6.4597092 -6.5519104 3.9285104 58
-6.4564934 -6.5309062 4.2055149 29
-6.4483194 -6.8869772 3.4865577 63
-6.4660954 -6.8789802 3.7625031 60
-6.4728193 -6.8650632 4.0362592 61
-6.4895778 -6.8501868 4.3259201 60
-7.2151875 -8.0925741 4.0155563 12
-6.6023064 -7.361218 3.9493306 24
-6.5991459 -7.3191018 4.2223573 64
-5.8517871 -6.4478598 3.9994824 17
-6.9892316 -8.2282372 4.0122547 4
-6.5845232 -7.6931014 4.0544043 34
-6.679472 -7.7521253 4.3931332 55
-6.69837 -7.7081056 4.692904 50
-8.0949793 -10.017522 4.7995 67
-6.4396043 -7.8859668 4.0863028 3
-5.8915467 -7.1497898 3.9858673 17
-6.7307148 -8.0860777 4.8403983 56
-6.9176884 -8.9921408 4.2448068 46
-6.2796078 -8.0679321 4.115665 7
-5.9288201 -7.5308175 4.1306872 7
-6.7520046 -8.4760952 4.991293 59
-6.7246947 -9.1960783 4.27736 41
-5.9253182 -7.9858122 4.0136905 13
-5.7237263 -7.6157441 4.1142788 2
-6.6551108 -8.7300539 5.0615697 49
-6.029098 -8.6719408 3.9826105 2
-5.8125134 -8.2278461 4.0782952 3
-5.5668197 -7.7597432 4.1340542 2
-6.4571075 -8.8589411 5.0616918 35
-6.7634463 -10.251067 4.6449904 30
-5.4932814 -8.1687078 3.9963384 37
-5.3196731 -7.7756448 4.0857081 37
-5.3023138 -7.6045737 4.2866783 5
-6.4723969 -10.345836 4.6341009 1
-6.4431429 -10.084682 4.8687572 65
-5.2338638 -8.028389 4.1649208 2
-5.0502114 -7.5813222 4.2174029 3
-6.7603235 -11.410937 5.0523796 28
-6.1150455 -10.080775 4.8110948 62
-5.0438218 -8.1255102 4.1629581 6
-4.8480377 -7.6274667 4.1884766 3
-5.2462201 -9.3506174 4.1031179 4
-5.8188548 -10.112777 4.7725701 59
-4.780664 -8.1003962 4.102407 7
-4.6800337 -7.7213521 4.1876659 4
-3.775141 -7.1151366 3.1011899 63
-3.8637631 -7.0761456 3.3139369 8
-4.6247158 -8.2483253 4.1308641 3
-4.5150352 -7.8222799 4.1931448 1
-3.573103 -7.1410584 3.0857704 47
-3.6737247 -7.1120701 3.2994835 59
-3.7753568 -7.0930867 3.5191929 44
-3.8769908 -7.056118 3.7418966 18
-3.3640234 -7.1480203 3.0663567 46
-3.4796269 -7.1350565 3.2810223 43
-3.5901723 -7.1221652 3.4994283 44
-3.7057416 -7.0992875 3.723819 44
-3.1637363 -7.1611533 3.0491638 46
-3.2844009 -7.1490812 3.2608531 43
-3.3960328 -7.1260567 3.4695499 43
-3.5186734 -7.1090922 3.692198 43
-2.9687626 -7.1789246 3.0377767 44
-3.0913494 -7.1589608 3.2414248 42
-3.2109361 -7.1389956 3.4450817 42
-3.3405955 -7.1280007 3.6654968 43
-2.7677331 -7.1757736 3.0199294 43
-2.900321 -7.1638079 3.2215493 41
-3.0279105 -7.1548548 3.426151 42
-3.1615229 -7.1379046 3.6377349 41
-2.5766828 -7.1877112 3.0114038 41
-2.714251 -7.1777577 3.2080061 41
-2.8478277 -7.1698041 3.40762 41
-2.981411 -7.1408496 3.6072338 41
-2.3916395 -7.2046504 3.0059404 36
-2.528182 -7.1796942 3.1915464 54
-2.6647403 -7.1697383 3.3841519 41
-2.8113303 -7.1607857 3.5877283 42
-2.2025979 -7.2115788 2.9984918 41
-2.3481274 -7.192625 3.1800711 55
-2.490679 -7.1856709 3.3706591 40
-2.6382408 -7.1657176 3.5632327 42
-2.0175567 -7.2145109 2.9910312 59
-2.1690817 -7.2055616 3.1725924 57
-2.312597 -7.1816106 3.3491769 40
-2.4691608 -7.1796627 3.5447235 42
-1.8385323 -7.2334528 2.9925516 58
-1.9910256 -7.2065039 3.1611097 55
-2.140533 -7.1905537 3.3356767 51
-2.3020787 -7.1896081 3.5252087 41
-1.6585028 -7.2413945 2.991075 59
-1.815982 -7.2134471 3.1546187 54
-1.971486 -7.208499 3.3291683 52
-2.1349981 -7.1955533 3.5056942 40
-1.4794843 -7.2513361 2.9935963 63
-1.6439459 -7.224391 3.1511197 57
-1.8014235 -7.2114434 3.3156631 53
-1.9659173 -7.1934981 3.4851863 41
-1.3034681 -7.2632785 2.9971089 61
-1.4719201 -7.2393351 3.1516206 56
-1.6323748 -7.2173882 3.3071554 50
-1.8058587 -7.2114453 3.4746523 41
-1.0077704 -6.4771805 2.6769745 32
-1.3018905 -7.2482791 3.150116 57
-1.4683341 -7.2333345 3.3026335 58
-1.6437994 -7.2233925 3.4631243 41
-0.85175931 -6.4811292 2.6814299 73
-1.0121381 -6.4691825 2.8119645 37
-1.3032933 -7.2412806 3.2971148 57
-1.4827435 -7.2333398 3.4525936 40
-0.696751 -6.4860792 2.6868825 82
-0.86211771 -6.4751334 2.8134024 65
-1.0184805 -6.4591851 2.9379487 30
-1.3226887 -7.2402878 3.4420607 41
-0.54175115 -6.4910288 2.6953351 95
-0.71209806 -6.479085 2.8148406 72
-0.87345493 -6.4721384 2.9383719 60
-1.0398101 -6.4531932 3.0598888 30
-0.38876262 -6.5059786 2.7087824 31
-0.56209534 -6.4930358 2.8232791 74
-0.72741252 -6.4660902 2.9307988 60
-0.8987729 -6.4671469 3.0563006 63
-0.25771236 -7.2779536 3.0361249 95
-0.41436124 -6.4970031 2.8286793 81
-0.58366406 -6.4740596 2.9321895 71
-0.75699651 -6.4671178 3.0476882 60
-0.085741989 -7.2948971 3.0556264 104
-0.29206952 -7.2709632 3.1670303 78
-0.43865836 -6.4900069 2.9386137 75
-0.61496598 -6.4740629 3.0441039 62
0.085238963 -7.2948327 3.0681281 112
-0.12408663 -7.2858996 3.1805229 93
-0.32440168 -7.265964 3.2879438 72
-0.47493833 -6.4800096 3.0415146 68
0.25820202 -7.3047714 3.088635 108
0.040909465 -7.2868428 3.1890059 96
-0.16139303 -7.2749095 3.2934198 79
-0.36970356 -7.2649779 3.4008167 68
0.43116951 -7.3097148 3.1081402 101
0.20889382 -7.2907877 3.2024963 91
-0.0013923073 -7.2848577 3.301887 89
-0.21067755 -7.2719264 3.4002805 82
0.60313576 -7.3106589 3.1276431 92
0.37686339 -7.3117332 3.2229872 104
0.16161034 -7.2908034 3.3093631 87
-0.053652588 -7.2758746 3.3997393 80
0.78008145 -7.3306012 3.1561604 97
0.5438472 -7.3136792 3.2364755 101
0.32560194 -7.2997508 3.3208427 93
0.10436184 -7.2838225 3.4032011 86
0.95304048 -7.3265452 3.1776669 98
0.71282208 -7.3156238 3.2529702 90
0.48859555 -7.3056974 3.3313198 89
0.26436627 -7.2957706 3.4106691 97
1.1289848 -7.333488 3.2051821 102
0.88377756 -7.3295679 3.2774706 88
0.65357912 -7.3156433 3.3458025 88
0.4233765 -7.2997189 3.4151344 104
1.3089166 -7.3454294 3.2377095 102
1.0547395 -7.3355122 3.2989714 87
0.82055885 -7.3235888 3.3612919 86
0.58437794 -7.311666 3.4236062 89
1.4868565 -7.3473706 3.2662315 100
1.2267041 -7.3324561 3.318476 90
0.98554635 -7.3205352 3.3727756 95
0.74738365 -7.3106127 3.4290838 97
1.6647919 -7.3443131 3.2957537 97
1.4006521 -7.3413992 3.3449864 89
1.1545171 -7.3274794 3.3912714 93
0.91037792 -7.3185596 3.4395618 92
1.8507035 -7.3572521 3.3352997 97
1.5765986 -7.3463416 3.3715029 92
1.3234844 -7.3334246 3.4107673 88
1.0763571 -7.3345051 3.456049 92
2.0376143 -7.3691912 3.3748488 97
1.7555296 -7.3572836 3.4040287 95
1.4954414 -7.3443685 3.4342723 91
1.2423464 -7.3364506 3.4675364 90
2.2235222 -7.3711305 3.4143951 90
1.9364573 -7.3672242 3.4375603 86
1.6723853 -7.3593102 3.4627924 87
1.4103261 -7.3443956 3.4830301 96
2.4184084 -7.3890667 3.4629683 87
2.1213751 -7.3821635 3.4751041 95
1.8453468 -7.3562531 3.4833009 90
1.5812994 -7.3523397 3.5005324 96
2.614296 -7.4010024 3.5105448 95
2.3062971 -7.3831034 3.5096483 90
2.0232911 -7.3631954 3.5108247 91
1.7522743 -7.3552833 3.5170357 89
2.810185 -7.3999381 3.5561216 81
2.4952071 -7.3940411 3.5492046 88
2.2072201 -7.3781352 3.5443659 98
1.9282351 -7.3682256 3.5395536 98
0.54252255 -1.4366688 0.72052437 1
2.6871095 -7.3989782 3.59077 86
2.3901553 -7.3850746 3.5749047 93
2.1101754 -7.3901663 3.5700893 97
3.2219119 -7.4308038 3.668335 16
2.8760252 -7.3919187 3.6263282 45
2.5800731 -7.3950191 3.6114683 90
2.2881329 -7.3891182 3.59162 91
3.4217889 -7.4157534 3.7159338 81
0.55952585 -1.4466872 0.73858184 2
2.7679944 -7.3989744 3.6460328 82
2.4720771 -7.400075 3.6191723 95
3.6346402 -7.4207001 3.7745719 72
3.2867694 -7.4298177 3.7325599 45
0.54253799 -1.4587182 0.74553919 1
2.6580212 -7.4020305 3.6457312 93
0.7294305 -1.4906672 0.79008812 10
3.4886515 -7.4227681 3.7791662 79
0.57654905 -1.4497273 0.74864411 1
2.8419719 -7.3929815 3.6692877 48
0.77341717 -1.4916635 0.80322349 28
0.69946492 -1.4906869 0.78900921 9
3.3637066 -7.4227967 3.7718401 79
0.55358893 -1.4517337 0.74658602 2
0.82139748 -1.4976447 0.81937176 28
0.74245578 -1.4926699 0.80114263 28
0.67749649 -1.4976908 0.78995442 4
3.2478006 -7.4368124 3.753545 36
0.86738294 -1.4966259 0.83351487 30
0.78744745 -1.4946518 0.81328267 26
0.71350849 -1.4886758 0.79406786 31
3.4407437 -7.4237294 3.7821469 77
4.7867374 -7.4602704 4.1341057 61
0.83343709 -1.4976331 0.82642591 28
0.75750613 -1.4906578 0.804205 33
0.69056106 -1.4936798 0.78801048 9
4.9087696 -7.2812066 4.1125031 57
0.87842476 -1.4966143 0.83956653 13
0.80349624 -1.4956391 0.81734842 29
0.72857106 -1.4876641 0.79313004 32
4.9319763 -6.9711771 4.0166063 52
4.8357434 -7.4522014 4.1533432 86
0.85048312 -1.5006195 0.83149505 28
0.77556193 -1.4956448 0.80627644 31
4.9771266 -6.7081404 3.9447732 52
4.9138761 -7.2131529 4.0906096 54
0.89447904 -1.4976009 0.84163302 10
0.82056254 -1.496626 0.81541729 30
5.2009354 -6.6840382 4.0164719 56
4.9331017 -6.9031253 3.9876983 52
4.8878646 -7.4081311 4.1295896 81
0.86655694 -1.4986066 0.82656139 34
5.4576883 -6.693923 4.1112704 64
5.0131989 -6.6930761 3.9399683 72
4.9180951 -7.1051002 4.0257106 54
0.91754448 -1.5055848 0.84072071 14
6.4192176 -7.5095444 4.7161798 67
5.2559948 -6.692966 4.0187254 76
4.9363337 -6.8010745 3.9187944 51
4.9001641 -7.2950768 4.036715 56
6.7259016 -7.5144038 4.8331342 67
5.5007873 -6.6888528 4.0984902 59
5.0903111 -6.6919975 3.9232857 76
4.9274135 -6.9930487 3.9268253 55
7.0555491 -7.5322533 4.9641595 72
6.4763322 -7.5124598 4.6984549 67
5.3401117 -6.6978831 4.0010662 75
4.9656234 -6.7220163 3.8329673 71
7.3492546 -7.500113 5.069078 61
6.7880306 -7.5223155 4.8114266 69
5.5629668 -6.6627769 4.0557661 22
5.1924882 -6.7039108 3.8866792 75
7.556098 -7.372005 5.115736 55
7.1216979 -7.5421605 4.9354668 75
6.5884781 -7.5263562 4.671895 68
5.4532981 -6.71979 3.9624946 60
7.8987155 -7.3638425 5.2528043 54
7.4373941 -7.5290103 5.045454 75
6.8972116 -7.5292106 4.7718601 69
6.4129634 -7.5363908 4.5214329 71
8.2692852 -7.3686671 5.4069586 62
7.6522465 -7.4038978 5.0891371 56
7.235899 -7.5480518 4.8889184 75
6.7267175 -7.5472436 4.6154146 69
8.6857824 -7.3974695 5.5882535 47
7.9649444 -7.366745 5.1951175 64
7.5905609 -7.5648837 5.0140262 77
7.0454679 -7.5520926 4.7094131 74
9.0803127 -7.388279 5.7534838 55
8.356513 -7.3865585 5.3513384 61
7.8703432 -7.4967437 5.0879073 65
7.3961706 -7.572927 4.8215098 75
9.6815176 -7.5200014 6.045342 47
8.7630625 -7.4013634 5.5136061 60
8.1331491 -7.4036098 5.1507378 56
7.7438788 -7.5717602 4.9285989 76
10.296699 -7.6347127 6.3422456 50
9.2125416 -7.4291472 5.7000055 60
8.5057821 -7.397428 5.2819042 61
8.1245432 -7.5885768 5.0527897 75
10.761115 -7.6104832 6.5426946 85
9.6590252 -7.4379292 5.8823986 59
8.9253464 -7.4102249 5.4382148 62
8.4153376 -7.5074296 5.120708 56
10.81515 -7.2954216 6.4988947 59
10.420034 -7.6555767 6.249752 60
9.3888445 -7.4420009 5.6186609 64
8.7300901 -7.4332705 5.2026992 60
10.832216 -6.9644041 6.4379716 65
10.782602 -7.5534744 6.3758597 93
9.8093414 -7.4199243 5.7709241 62
9.1565962 -7.4402356 5.3469591 58
11.162713 -6.8324647 6.5649328 33
10.799618 -7.2116618 6.3018622 72
10.555326 -7.6098089 6.1061473 69
9.6310205 -7.4652181 5.516356 51
13.246537 -7.7028594 7.7032242 39
10.866577 -6.9107752 6.2620378 70
10.809075 -7.426795 6.157907 90
10.093537 -7.4580703 5.6747704 59
13.988144 -7.721261 8.0571032 30
11.303749 -6.8373947 6.435843 29
10.808961 -7.0726085 6.070343 78
10.699633 -7.5276608 5.9100337 71
14.753035 -7.7239509 8.4244652 20
13.457655 -7.7245026 7.5675015 44
11.040763 -6.8725219 6.1140575 63
10.822631 -7.2476206 5.8794112 58
15.640736 -7.7505898 8.8572073 19
14.274547 -7.7701716 7.9400258 34
13.124125 -7.7502422 7.1635518 41
10.886757 -6.931458 5.8226705 62
16.580301 -7.7662234 9.3162098 69
15.108336 -7.7909374 8.3166847 23
13.847909 -7.755548 7.4618049 42
11.369061 -6.874629 5.9871421 23
16.644699 -7.3544679 9.2875357 79
16.026621 -7.8157377 8.7335758 17
14.657479 -7.7763071 7.8013401 34
13.580838 -7.7817564 7.0380025 44
16.774788 -6.9774799 9.3005276 31
16.645945 -7.6626573 8.9901409 109
15.555375 -7.8042035 8.1838474 23
14.413133 -7.8189845 7.3655343 37
19.728832 -7.6985936 10.865179 15
16.677624 -7.2318616 8.9337168 111
16.589146 -7.8528924 8.6314812 69
15.257875 -7.8195553 7.6926188 42
20.824141 -7.6029348 11.397688 7
17.132923 -6.9752111 9.1029177 8
16.683014 -7.4393573 8.5915499 104
16.258528 -7.8606162 8.0904646 26
22.558424 -7.6799517 12.28555 49
20.58651 -7.8459268 10.851995 19
16.804548 -7.0372229 8.5647364 39
16.703581 -7.5983434 8.203248 104
21.513054 -6.8033428 11.647387 6
21.686243 -7.7114773 11.322217 10
16.736843 -7.1504035 8.1183748 78
22.576042 -7.4621992 11.714928 73
22.610081 -7.6854262 11.209056 78
22.807684 -7.1829553 11.229895 18
22.626522 -7.8362265 10.646005 100
22.671562 -7.2657266 10.581287 25
28.973196 -5.1594167 15.408492 11
25.43082 -6.1292639 12.308254 7
28.969263 -4.5128493 15.396662 9
28.997555 -3.8815641 15.400707 13
29.006136 -3.246268 15.403023 12
34.845917 -6.793263 15.729965 13
28.998726 -2.6230123 15.398499 12
34.865696 -5.9568205 15.661564 13
29.034634 -2.0046222 15.421939 12
32.577599 -3.1764143 16.369091 13
34.954552 -5.1329432 15.639649 15
29.058395 -1.3782933 15.453424 19
35.036026 -4.296423 15.629601 15
29.071535 -0.74741322 15.488002 19
35.03167 -3.4536033 15.58545 13
29.075254 -0.12534317 15.516054 15
29.124401 0.50237447 15.604638 16
35.160328 -1.8087244 15.598623 14
29.118717 1.1171403 15.63275 17
32.369022 0.44848931 16.325123 5
34.978851 -0.27715909 16.548073 19
35.121571 -0.97309929 15.54879 15
29.146069 1.7370687 15.667516 18
32.712811 1.1731151 16.479679 12
34.814266 0.5134244 16.45524 10
35.159225 -0.14905557 15.531581 16
29.198908 2.3641107 15.732655 19
34.955299 1.3215392 16.536354 13
35.177341 0.68206936 15.536398 20
29.227823 2.9929292 15.80226 15
35.187267 1.5199127 15.555149 22
29.223246 3.6261017 15.868831 16
35.310009 2.3635309 15.630257 24
29.248098 4.2607379 15.957089 13
35.307735 3.2105188 15.667464 19
29.299131 4.9043236 16.062872 12
35.293987 4.0478654 15.698284 14
29.091587 5.5054588 16.034161 11
35.38467 4.9170256 15.79699 10
29.437271 5.6774645 15.226737 11
29.422054 6.3519287 15.304076 9
29.528849 12.66867 15.378163 10
27.388605 12.683193 15.478772 9
23.706156 11.805046 14.557035 8
29.816715 14.346244 14.737925 13
23.704967 12.434364 14.72543 13
26.347946 13.647544 15.245068 14
28.29756 14.529366 15.257562 11
29.491056 15.070292 14.772863 23
23.673904 13.069567 14.893967 11
28.164223 15.25972 14.304383 27
23.709867 13.75002 15.09909 11
26.722771 15.314149 13.761224 25
23.784916 14.401601 14.322681 9
25.725037 15.545592 14.454226 20
25.687002 15.550342 13.432581 14
23.745668 15.098993 14.502106 20
23.547367 14.981778 13.442617 38
23.579012 15.05861 12.536188 84
23.47436 15.664785 14.553288 24
23.274704 15.566131 13.49083 35
23.223099 15.632835 12.554727 38
22.201668 15.54051 13.985859 26
22.328123 15.701791 13.167573 29
22.13579 15.688993 12.184875 36
21.226845 15.570912 13.591742 25
21.308353 15.732568 12.785851 32
21.090677 15.727322 11.833504 28
20.6497 15.771092 14.345295 24
20.439106 15.705133 13.31781 33
20.348097 15.767216 12.441626 33
20.093529 15.754633 11.502399 36
19.666122 15.691846 13.894424 24
19.657 15.811026 13.045434 34
19.454103 15.804113 12.126975 33
18.193455 14.982244 10.636927 40
18.099977 15.075505 13.015747 26
17.901062 15.061668 12.107285 35
17.651951 15.032673 11.230784 45
17.64822 15.256531 10.537847 39
17.545216 15.255268 12.843625 40
17.594683 15.478316 12.126811 35
17.633047 15.731248 11.452144 52
17.443747 15.827112 10.654967 53
17.53686 15.909591 13.079004 66
17.294415 15.905765 12.164837 24
17.000919 15.886915 11.289547 31
16.486473 15.703045 10.318919 49
16.834673 15.933025 12.805714 29
16.554411 15.920983 11.901648 27
16.242569 15.895137 11.041175 35
15.702703 15.697852 10.085856 54
16.183151 15.985687 12.573385 29
15.878178 15.964164 11.67828 31
15.52811 15.922569 10.822067 43
14.983415 15.716658 9.8795137 56
15.518693 15.992953 12.31611 34
15.194612 15.974021 11.4406 36
14.854417 15.954079 10.61705 40
14.299559 15.746063 9.6979284 52
14.89881 16.017487 12.089591 34
14.545868 15.98748 11.222898 41
14.113965 15.878446 10.358988 43
13.690966 15.826717 9.5602512 51
14.286385 16.032763 11.87024 46
13.932744 16.011763 11.027117 59
13.400352 15.801685 10.118499 54
13.1681 15.981666 9.4757557 33
13.71188 16.058035 11.668149 41
13.338859 16.03318 10.840234 60
12.286366 15.185141 9.5523796 25
11.925978 15.212232 8.8675165 68
13.146368 16.072802 11.46883 38
12.123948 15.253792 10.137079 61
11.762619 15.245888 9.4282236 55
11.715384 15.70603 9.0042925 45
11.966537 15.282488 10.720728 56
11.660195 15.356857 10.030661 46
11.6347 15.825594 9.6239595 87
11.386177 16.053492 9.0606718 71
11.638803 15.532814 10.716292 30
11.613476 16.016827 10.294606 55
11.110291 15.866781 9.5025635 55
11.548606 16.120131 10.944085 78
10.995852 15.902547 10.066103 68
10.616465 15.940907 9.4086332 52
11.039289 16.12298 10.775044 60
10.470393 15.89103 9.9126043 60
10.176605 16.074104 9.3559332 30
9.7922106 16.176125 8.7608042 5
10.568816 16.161026 10.641472 64
9.9808388 15.907104 9.7820129 78
9.7236366 16.175175 9.2917633 54
10.085418 16.171041 10.500091 65
9.5053787 15.926028 9.6646595 78
9.2961836 16.313154 9.2550812 11
9.612421 16.168573 10.356464 63
9.0364656 15.932647 9.5468779 109
8.8460703 16.391768 9.1914215 2
9.130373 16.131668 10.197559 56
8.5809774 15.954674 9.4484863 81
8.335577 16.341637 9.0661039 6
8.6335249 16.05069 10.021304 56
8.1411371 15.979779 9.3529091 77
8.1749315 16.009043 9.8763437 66
7.7244658 16.042021 9.2881231 67
6.8427854 16.200113 8.2620783 75
7.7491169 16.017124 9.7686529 71
7.3260856 16.120947 9.2391663 53
6.8897634 16.207468 8.737442 68
6.0625906 15.375568 7.7858458 78
7.3409309 16.033102 9.6713295 81
6.927 16.18902 9.1893883 91
6.1464229 15.436961 8.2543573 102
5.7252469 15.608945 7.8503213 34
6.9309812 16.044252 9.577136 73
6.2053185 15.449129 8.6902504 95
5.7484469 15.479047 8.2140875 64
5.5313473 16.275003 8.1345863 92
6.290267 15.465982 9.1425714 66
5.8118401 15.464153 8.6258116 102
5.6245527 16.286123 8.5784121 109
5.1324263 16.392014 8.1502132 29
5.9105506 15.477256 9.0628996 75
5.6973295 16.250217 8.9904242 82
5.2073007 16.298103 8.5312204 71
5.7174683 15.99931 9.2842951 47
5.3090749 16.308167 8.9564295 112
5.3673053 16.104143 9.2657633 74
4.9876146 16.566002 9.0359859 4
4.9833379 16.109987 9.1971197 82
4.613359 16.138861 9.1444864 69
4.2464194 16.169718 9.0977421 66
3.7768962 16.487547 8.8396711 7
3.8894773 16.228567 9.0699053 54
3.5324969 16.300413 9.0560703 55
2.4528544 16.568026 8.4365463 5
3.1705213 16.344213 9.030345 52
2.8125336 16.390018 9.0096273 54
2.452595 16.425867 8.9847736 56
0.64974958 16.483223 8.0764542 90
2.0946598 16.472746 8.9728241 54
0.24111499 15.655158 7.6921625 86
1.7307954 16.495657 8.9517517 63
1.1304063 16.573446 8.6892843 6
0.48551315 15.691274 7.969593 2
-0.13084343 15.67104 7.7220798 89
1.369988 16.51454 8.9316854 68
0.75472045 16.506313 8.645175 101
0.12367634 15.701121 7.9835372 93
-0.53312057 16.547825 8.1810503 84
1.0042048 16.50139 8.9006853 90
0.3601585 15.697196 8.2190685 35
-0.24032457 15.704967 8.0006475 58
-0.93129975 16.622652 8.251111 13
0.64324808 16.519245 8.8868275 96
0.0051294421 15.725046 8.2342272 88
-0.63473052 16.558754 8.4508038 98
0.26623359 15.689135 8.4264288 74
-0.34734541 15.736885 8.2409668 11
-0.076744452 15.699985 8.4195814 89
-0.7367692 16.584677 8.6900816 105
-2.146286 16.762083 8.4547291 7
-0.445189 16.566782 8.8737478 110
-1.1200317 16.729498 8.7781477 8
-0.80915636 16.561625 8.8648462 74
-1.4990664 16.696228 8.7784891 80
-1.1744277 16.542891 8.8554688 49
-1.8763531 16.673519 8.7879925 87
-2.6002479 16.759159 8.7223969 42
-3.3892088 16.84576 8.6846523 8
-1.5393991 16.492563 8.8350315 45
-2.2523363 16.608208 8.7814703 67
-2.9893081 16.711832 8.744854 82
-3.7862451 16.746428 8.7070856 64
-1.8983173 16.417265 8.8035421 60
-2.6234381 16.532827 8.7730598 55
-3.3650265 16.5881 8.7349281 48
-4.1686211 16.595289 8.7086363 35
-2.2703967 16.405962 8.8116407 81
-2.9939551 16.445189 8.7645397 84
-3.7435696 16.48234 8.7403755 86
-4.5662584 16.509382 8.7500286 71
-2.6423881 16.416664 8.8355455 99
-3.3803389 16.44817 8.8058109 102
-4.1523948 16.498634 8.8150034 93
-4.9934912 16.526041 8.8480234 78
-3.0234723 16.436384 8.8696499 89
-3.7764945 16.478868 8.8668861 97
-4.5665946 16.524311 8.8960342 101
-5.4317694 16.558687 8.9599991 89
-3.4045539 16.452106 8.9037542 91
-4.1776447 16.498562 8.9289436 101
-4.9848089 16.547981 8.9840527 102
-5.7030711 16.08556 8.8071527 40
-3.7956755 16.484814 8.9498415 90
-4.5848236 16.528246 8.9999905 105
-5.414053 16.579638 9.0820494 98
-6.0981379 15.998258 8.8651791 74
-4.1917996 16.507515 8.9999132 76
-4.9980068 16.553923 9.0740223 101
-5.6753011 16.101526 8.9082241 53
-6.8602815 16.807011 9.4303846 67
-4.5899277 16.525043 9.0503368 76
-5.4129343 16.565689 9.1461363 95
-6.0568266 16.000605 8.9411068 78
-7.3667555 16.900761 9.6111002 79
-4.9961696 16.548725 9.1082764 72
-5.6747828 16.113371 8.9693203 54
-6.5010381 16.05275 9.0663261 3
-7.8552761 16.927595 9.7584267 61
-5.4146585 16.579393 9.1781044 76
-6.0538492 16.014046 8.9923725 100
-7.299994 16.896994 9.6527348 76
-8.3516541 16.942196 9.9133263 66
-5.6589484 16.093369 8.9642191 39
-6.4640503 15.993929 9.0621071 4
-7.7846904 16.930059 9.7926092 68
-8.8656693 16.971478 10.086303 73
-6.0434227 16.018972 8.9884491 76
-7.2776537 16.899746 9.668026 74
-8.2705107 16.949488 9.9312248 81
-9.3925714 17.000969 10.268229 74
-6.4481149 15.994554 9.0428247 4
-7.7496057 16.918028 9.7824793 89
-8.7703466 16.971054 10.077182 83
-9.9433069 17.040937 10.467506 63
-7.2572532 16.902451 9.6306486 63
-8.231925 16.94455 9.9064178 80
-9.2937069 17.010668 10.245852 76
-10.502634 17.07477 10.671789 73
-7.7314177 16.938503 9.7337532 65
-8.7289343 16.975615 10.038355 69
-9.82164 17.036158 10.409959 60
-11.087821 17.12323 10.893572 59
-8.2090263 16.965195 9.8367615 68
-9.2350245 16.994492 10.173794 97
-10.377261 17.081528 10.602699 67
-11.656438 17.110266 11.099721 78
-8.6966095 16.983183 9.9496193 70
-9.7595167 17.026155 10.327156 69
-10.943668 17.110983 10.795429 62
-11.802432 16.487251 10.908092 55
-9.2028675 17.006721 10.071466 79
-10.307863 17.071802 10.497682 75
-11.534801 17.15823 11.008178 76
-12.242831 16.295366 11.001435 43
-9.7240448 17.041195 10.202042 68
-10.859178 17.098213 10.663378 71
-11.726273 16.609535 10.845115 41
-13.521993 17.161875 11.8321 31
-10.265411 17.08075 10.348775 73
-11.455688 17.161707 10.863991 83
-12.138229 16.383219 10.897039 47
-14.098476 17.069124 12.030958 34
-10.820948 17.112835 10.502079 54
-11.709983 16.699482 10.745508 48
-13.414389 17.269314 11.705442 42
-14.821559 17.121557 12.349765 32
-11.392321 17.145876 10.663581 61
-12.044019 16.370665 10.711358 74
-13.958359 17.141951 11.85701 27
-15.74188 17.363352 12.823828 33
-11.698116 16.757801 10.573219 46
-13.319648 17.269407 11.496552 54
-14.629039 17.149328 12.113392 26
-16.323223 17.192883 13.017409 18
-11.987652 16.36561 10.484493 57
-13.95922 17.265162 11.707643 56
-15.374986 17.211578 12.4258 29
-13.278637 17.28783 11.255135 54
-14.527963 17.150665 11.862148 34
-16.318642 17.440697 12.888292 26
-13.928629 17.294796 11.457025 49
-15.238221 17.177113 12.125219 28
-16.809256 17.159319 12.989671 9
-17.590084 16.132561 13.250299 11
-14.625367 17.332689 11.687834 62
-16.095234 17.32411 12.49543 30
-17.367449 16.93877 13.14527 7
-17.674135 15.475875 13.090469 13
-15.221416 17.22373 11.831793 45
-16.964655 17.444813 12.861826 27
-17.686882 16.4736 13.122313 10
-17.723047 14.817154 12.913922 15
-15.959758 17.240332 12.07855 39
-17.430676 17.122992 12.916845 14
-17.639473 15.691402 12.844826 13
-18.075788 14.418259 12.976173 44
-16.770605 17.300594 12.37981 33
-17.581848 16.490759 12.757487 14
-18.021219 15.307346 12.889833 31
-18.084782 13.762348 12.796866 43
-17.458925 17.20195 12.581208 31
-17.980587 16.106422 12.783353 32
-18.027033 14.613003 12.67899 31
-18.107603 13.141819 12.641448 40
-17.889902 16.828857 12.595037 32
-18.001827 15.398812 12.551032 31
-18.017683 13.93886 12.470189 30
-17.300911 11.96061 11.927094 13
-17.902029 16.076944 12.329247 38
-17.921873 14.62594 12.264501 59
-17.978983 13.263858 12.25563 42
-17.380768 11.441432 11.840135 150
-17.896124 15.337968 12.068627 46
-17.950121 13.974938 12.069901 29
-18.013229 12.659887 12.103175 40
-18.048592 11.306029 12.159147 52
-17.906187 14.636256 11.835967 41
-17.951263 13.325196 11.870375 55
-17.32687 11.594796 11.485415 67
-18.086588 10.764018 12.058287 55
-17.997974 14.028484 11.671729 69
-18.036215 12.751775 11.738786 73
-17.95933 11.437167 11.752134 32
-18.11001 10.232331 11.956009 62
-18.026976 13.390919 11.476132 57
-17.296839 11.640628 11.086198 72
-18.142944 10.97878 11.730947 75
-18.167452 9.7316933 11.886463 67
-18.059021 12.769979 11.297929 61
-17.917124 11.471104 11.320839 23
-18.163033 10.433897 11.609918 66
-18.23769 9.2438278 11.834357 79
-17.286272 11.627971 10.638625 56
-18.124235 11.021134 11.299747 69
-18.192938 9.9089975 11.507252 67
-18.274593 8.7530098 11.765744 73
-17.947203 11.476559 10.873602 31
-18.141211 10.467318 11.167801 71
-18.217049 9.388175 11.409253 68
-18.274927 8.2550297 11.682728 76
-18.115658 10.993464 10.812111 65
-18.158459 9.9273844 11.043638 98
-18.230419 8.8762264 11.312057 78
-18.299448 7.7770548 11.622463 77
-18.128906 10.429521 10.666865 72
-18.177866 9.3973808 10.930346 78
-18.24276 8.3761396 11.221046 73
-18.307003 7.2979054 11.559297 71
-18.138504 9.8695173 10.533578 80
-18.199406 8.8783102 10.82792 65
-18.270372 7.8830805 11.149236 55
-18.343412 6.8378296 11.519517 68
-18.163744 9.3395624 10.415298 75
-18.208704 8.3703585 10.726691 89
-18.284824 7.402091 11.076921 88
-18.351885 6.3756547 11.469837 62
-18.183828 8.8181572 10.300013 76
-18.22686 7.8734956 10.637194 84
-18.289133 6.9283056 11.002485 64
-17.597195 5.6778412 10.951443 63
-18.195196 8.3027439 10.192284 70
-18.253538 7.3894873 10.559553 82
-18.330914 6.4692068 10.958838 79
-17.620031 5.2566891 10.92389 13
-18.222939 7.8005896 10.100492 86
-18.271202 6.9103951 10.483993 80
-17.562241 5.7529378 10.440195 70
-18.420135 5.0540409 11.379626 67
-18.243504 7.3068037 10.012956 86
-18.299849 6.4405694 10.424482 84
-17.64588 5.3420072 10.436882 26
-18.4195 4.6150708 11.349765 74
-18.255625 6.813827 9.9291697 94
-17.538874 5.7196631 9.9251938 75
-18.37566 5.1110287 10.82071 89
-18.475397 4.1990848 11.35789 68
-18.267254 6.3341546 9.8510141 91
-17.560646 5.2829442 9.8731155 19
-18.388439 4.6709862 10.784924 92
-18.477158 3.7696967 11.341414 72
-17.510555 5.6110802 9.3705053 85
-18.348322 5.0591707 10.260305 90
-18.410902 4.2360086 10.758913 89
-18.493635 3.350801 11.335454 71
-18.336061 5.4005709 9.7436838 48
-18.368574 4.6114016 10.221478 76
-18.417051 3.8021438 10.733404 82
-18.496929 2.9328625 11.328835 74
-18.327112 4.9307647 9.6761751 86
-18.386803 4.1675291 10.187786 92
-18.44253 3.372287 10.724394 92
-18.519405 2.5210006 11.339931 75
-18.349585 4.4747581 9.6321163 84
-18.403389 3.7235219 10.158628 80
-18.469166 2.9492991 10.721239 81
-18.536125 2.107007 11.353749 61
-18.37319 4.0217714 9.5948486 98
-18.430014 3.2875185 10.141425 100
-18.50173 2.5252063 10.726246 75
-18.554777 1.6988503 11.371705 72
-18.38278 3.5666184 9.5576973 98
-18.446617 2.8523507 10.124334 87
-18.49748 2.1010821 10.71499 97
-18.575514 1.2887602 11.395555 63
-18.397259 3.1195874 9.5287409 88
-18.462189 2.4153223 10.113289 104
-18.52412 1.6830252 10.727923 69
-18.589186 0.88169467 11.421524 73
-18.407801 2.673537 9.5027046 98
-18.473726 1.9842409 10.105346 105
-18.546713 1.2619246 10.745958 86
-18.61297 0.47665194 11.45834 71
-18.401451 2.2245605 9.4754953 90
-18.495501 1.5542576 10.106002 104
-18.556576 0.84396803 10.758569 85
-18.629812 0.071638376 11.495085 53
-18.419151 1.7835625 9.4662228 88
-18.527269 1.1232412 10.121699 116
-18.578379 0.42695525 10.783296 81
-17.849512 -0.32166323 11.047716 64
-18.434872 1.343568 9.4609318 90
-18.525024 0.69326061 10.122432 104
-18.601229 0.0089509655 10.814951 79
-17.829361 -0.70863664 11.068486 18
-18.437603 0.90058297 9.4556427 88
-18.560839 0.26523644 10.150089 87
-17.811924 -0.39337531 10.381644 82
-18.6924 -1.1514596 11.648302 47
-18.464275 0.46051246 9.4684916 84
-17.834541 -0.16020226 9.7667751 15
-18.650755 -0.82919526 10.899623 55
-18.703161 -1.5584847 11.702221 66
-18.486958 0.017543359 9.4873228 99
-17.772181 -0.57109326 9.7517977 93
-18.65551 -1.253148 10.937482 75
-18.733978 -1.9695388 11.772054 58
-17.754738 -0.40590966 9.1229744 75
-18.61994 -1.0299306 10.241727 83
-18.685286 -1.6762632 10.996328 77
-18.768827 -2.3846467 11.852863 65
-17.745441 -0.82993788 9.1338577 3
-18.645737 -1.4649769 10.287498 77
-18.703114 -2.1013086 11.053123 85
-18.7817 -2.8016949 11.926672 69
-18.579967 -1.3138139 9.5859089 74
-18.665289 -1.9051806 10.335545 93
-18.721651 -2.5285399 11.116238 94
-18.806231 -3.220963 12.011839 68
-18.6026 -1.7659401 9.6299248 91
-18.695009 -2.3502848 10.397464 84
-18.758476 -2.9656215 11.197058 75
-18.822142 -3.6449974 12.099628 74
-18.63139 -2.2199728 9.680687 90
-18.70475 -2.7933419 10.452374 111
-18.782198 -3.4017339 11.27604 80
-18.839815 -4.0701609 12.189714 77
-18.673037 -2.6821549 9.7476902 91
-18.712381 -3.238513 10.512451 93
-18.776848 -3.8399153 11.345135 105
-18.864531 -4.501379 12.292743 71
-18.698673 -3.1453509 9.8087034 88
-18.758072 -3.6997368 10.603425 95
-18.822557 -4.2901473 11.45012 96
-18.856199 -4.93257 12.383867 77
-18.734316 -3.6145625 9.8837194 70
-18.795734 -4.1589565 10.690439 78
-18.861252 -4.7443767 11.557136 86
-18.773771 -5.3426857 12.428157 43
-18.746958 -4.0857449 9.9537497 89
-18.798395 -4.6221299 10.769479 95
-18.891977 -5.2035766 11.665093 91
-18.221777 -5.6103301 12.165512 73
-18.778639 -4.5679355 10.040697 84
-18.827934 -5.096282 10.870571 102
-18.17968 -5.4509926 11.321888 66
-18.246412 -6.0484462 12.287492 82
-18.79627 -5.0569625 10.130658 88
-18.252131 -5.4007697 10.628744 38
-18.196568 -5.9020658 11.432664 87
-17.394226 -6.1846118 11.826388 19
-18.309557 -5.4044962 9.9516726 20
-18.143814 -5.8296447 10.657903 101
-17.747873 -6.2005773 11.258673 20
-16.499964 -6.2656617 11.329487 20
-18.129152 -5.8282824 9.944026 95
-17.914429 -6.2212634 10.626363 24
-16.7066 -6.2582736 10.702084 18
-15.580843 -6.3023653 10.810619 23
-17.419975 -6.0636797 9.6493912 19
-16.690844 -6.2297125 10.003284 19
-15.790486 -6.3152528 10.223638 17
-13.17254 -5.6546841 9.2388039 29
-16.330933 -6.1277595 9.1438046 32
-15.399301 -6.1582685 9.3309145 25
-13.270146 -5.6548514 8.6888037 11
-12.643682 -5.7495613 8.9682102 79
-15.939383 -6.4256082 9.0267811 32
-13.285664 -5.6745901 8.1443195 8
-12.690984 -5.7480912 8.4100771 76
-12.663323 -6.0846782 9.0882769 67
-13.238455 -5.7101431 7.5911932 19
-12.622076 -5.7413468 7.8345771 76
-12.67046 -6.0789523 8.4974871 83
-12.691988 -6.4335203 9.2224674 75
-12.613115 -5.8062453 7.3277659 62
-12.65428 -6.1122346 7.9547324 76
-12.69252 -6.4422193 8.6237068 93
-12.16235 -6.4947414 8.9508133 45
-12.60319 -6.1727295 7.4198713 80
-12.651469 -6.4786534 8.0627546 87
-12.167133 -6.5192637 8.3789148 44
-12.568221 -6.5340686 7.5062561 79
-12.080852 -6.5438905 7.8083129 71
-11.921524 -6.5699072 7.2306523 52
-11.507185 -6.5827603 7.5485501 63
-11.332887 -6.6067629 6.9839201 56
-10.98658 -6.6266656 7.320662 55
-10.610231 -6.6315522 7.6354685 61
-10.784272 -6.6407037 6.7580709 54
-10.482006 -6.6605544 7.1017303 60
-10.161713 -6.6693959 7.4304295 59
-9.8074179 -6.6562214 7.7532029 55
-10.286799 -6.6814408 6.5601544 52
-10.024534 -6.701344 6.9097209 53
-9.7332411 -6.7042098 7.2383556 53
-9.4109478 -6.6830597 7.5620589 49
-9.8313828 -6.730206 6.3891468 44
-9.5690908 -6.7250848 6.7167192 60
-9.3158064 -6.7249689 7.0492721 52
-9.0235147 -6.6988335 7.3719101 53
-9.3719702 -6.7529473 6.2101541 48
-9.1446791 -6.7468524 6.539649 57
-8.929409 -6.7547631 6.8821173 59
-8.700161 -6.7476668 7.2306166 50
-8.9336767 -6.7727814 6.0443044 57
-8.7373819 -6.7656932 6.3727307 58
-8.542098 -6.7646055 6.7081547 56
-8.3518715 -6.7665162 7.0695682 51
-8.5383272 -6.8025823 5.9011645 55
-8.3690357 -6.7945037 6.2305331 56
-8.2017574 -6.7954254 6.5678968 61
-7.1612659 -6.0549016 6.1761608 10
-8.1469965 -6.818346 5.7570305 57
-7.13765 -6.0758319 5.4312296 2
-7.018302 -6.0807781 5.7374897 54
-6.8809738 -6.0707159 6.0497885 56
-6.953752 -6.1087356 5.03163 63
-6.8413754 -6.1006846 5.3218746 60
-6.7340202 -6.1026363 5.6241083 57
-6.6227007 -6.0965862 5.9413514 58
-6.6464968 -6.1305838 4.9302988 60
-6.5521173 -6.1225414 5.2195048 61
-6.5028119 -6.1595206 5.5526128 58
-6.519659 -6.2595329 5.9705782 52
-6.4844108 -6.2785025 4.9356527 59
-6.4911489 -6.3535094 5.2976394 60
-6.4688811 -6.4065022 5.6516895 29
-6.5237913 -6.5325327 6.1045718 47
-6.4895287 -6.5945034 5.0726447 57
-6.5052891 -6.6685147 5.4446125 58
-6.5140767 -6.7435222 5.8295946 60
-6.5279331 -6.8195329 6.2465672 61
-6.3174438 -6.7354183 5.0770211 65
-6.4463477 -6.9224839 5.5407434 70
-6.3880348 -6.9114585 5.8598719 66
-6.3197508 -6.885428 6.1890221 60
-6.0292239 -6.7462749 4.9896493 59
-6.1631088 -6.932343 5.4443612 66
-6.1207929 -6.9233246 5.762455 62
-6.0775185 -6.9073067 6.0985508 58
-5.7590237 -6.7641416 4.9132385 59
-5.8778577 -6.9272237 5.3449917 63
-5.8605356 -6.9332399 5.6700416 61
-5.8342385 -6.9182515 6.0021095 61
-5.4947886 -6.780097 4.8428507 59
-5.5124512 -6.8081298 5.1658239 61
-5.6142702 -6.9472041 5.5866151 59
-5.6039701 -6.936223 5.9186492 57
-5.2355533 -6.7870522 4.7704506 55
-5.2391853 -6.7860584 5.0674448 57
-5.3780494 -6.9641323 5.5131459 56
-5.3737388 -6.9461346 5.8331575 53
-4.996398 -6.8129401 4.7179685 53
-5.0020046 -6.7979465 4.9999585 54
-5.1468549 -6.9780226 5.4396477 54
-5.1515341 -6.9560266 5.7536397 54
-4.7602425 -6.8288236 4.6624813 47
-4.7728381 -6.8108315 4.9384565 49
-4.8986344 -6.9568973 5.3451872 52
-4.9403467 -6.9719195 5.6830997 44
-4.5301032 -6.8447075 4.6139822 44
-4.5566921 -6.8317227 4.8879271 46
-4.5923152 -6.8367443 5.1818542 51
-4.7301569 -6.9808183 5.6095614 49
-4.3099732 -6.8636055 4.5704675 45
-4.3365388 -6.8376236 4.8304152 46
-4.3691316 -6.8256445 5.1063499 48
-4.528986 -6.9957285 5.5460095 45
-4.1038661 -6.8985147 4.5409255 39
-4.1304092 -6.8565316 4.7868733 44
-4.170989 -6.8435564 5.0567908 46
-4.3228092 -6.9966364 5.4764681 46
-3.9077754 -6.9424281 4.5213623 33
-3.9302897 -6.8794436 4.7493186 45
-3.9788563 -6.863471 5.012219 44
-4.1216502 -6.9945292 5.4078822 44
-3.7377717 -7.0282993 4.5326419 37
-3.726229 -6.8852611 4.7026057 44
-3.7808146 -6.8682575 4.9604259 44
-3.8925092 -6.9332991 5.2981629 49
-3.546766 -7.0771008 4.5238824 41
-3.5241439 -6.8840747 4.6569133 44
-3.5906997 -6.8760934 4.9137487 44
-3.6672981 -6.8691177 5.1905622 42
-3.3486953 -7.0999327 4.5012217 43
-3.3340607 -6.9009109 4.6272368 41
-3.4065993 -6.8889327 4.8750591 42
-3.4811599 -6.8629565 5.1298776 42
-3.1496236 -7.1157651 4.4765649 42
-3.1489768 -6.9187679 4.5995722 43
-3.2204857 -6.891809 4.8324199 44
-3.3070345 -6.8728566 5.0852346 44
-2.9515405 -7.1266727 4.4539962 43
-2.9678888 -6.9396839 4.5769672 35
-3.0444036 -6.9066582 4.8003259 44
-3.1369443 -6.8876963 5.0491266 42
-2.755482 -7.1305223 4.4309545 40
-2.804872 -7.0015421 4.5858469 32
-2.8713055 -6.9215679 4.7717023 41
-2.9658165 -6.8926077 5.004499 42
-2.5686131 -7.1547365 4.422183 42
-2.6410189 -7.057775 4.59203 31
-2.694391 -6.9248033 4.7379174 41
-2.8018963 -6.9098601 4.9726877 44
-2.3765357 -7.1526461 4.3995996 43
-2.471971 -7.1006961 4.5933957 40
-2.5253043 -6.9387226 4.7142849 41
-2.6357868 -6.9147782 4.936049 40
-2.1904736 -7.1585536 4.3850045 42
-2.3029239 -7.1386099 4.5927649 43
-2.3542159 -6.942636 4.6866579 42
-2.4746916 -6.9276962 4.9074011 41
-2.0064251 -7.1684608 4.3774061 41
-2.1298668 -7.1575232 4.5831428 44
-2.1881354 -6.9525552 4.6640239 41
-2.315603 -6.9446225 4.8827538 36
-1.8273848 -7.1843801 4.3748045 41
-1.9538078 -7.1674466 4.5705361 43
-2.0290804 -6.9804864 4.6573801 39
-2.1535008 -6.9425516 4.8471174 40
-1.6463392 -7.1853004 4.3662076 41
-1.7807534 -7.1773705 4.5599236 43
-1.8650124 -6.9874148 4.6397476 38
-1.9964155 -6.9494839 4.8214693 42
-1.4703162 -7.2052236 4.3726006 42
-1.6097069 -7.1882958 4.5533056 42
-1.7109752 -7.0273485 4.644093 31
-1.8413709 -6.965385 4.8037539 41
-1.2933387 -7.2070827 4.3698707 42
-1.4377444 -7.1911263 4.5445008 42
-1.5590531 -7.0761647 4.6572022 36
-1.6853645 -6.9662108 4.7779107 41
-0.99772215 -6.4218459 3.8963811 36
-1.269738 -7.2039723 4.5437608 41
-1.4030441 -7.1140227 4.6664548 32
-1.5323076 -6.9740701 4.7581573 41
-0.84371775 -6.4307046 3.9026332 37
-0.98402566 -6.4157586 4.0433106 35
-1.1263773 -6.4408135 4.2129831 1
-1.3792567 -6.9829302 4.741405 40
-0.6887098 -6.4295721 3.9058986 37
-0.83299613 -6.4116449 4.0375881 47
-0.97630608 -6.4127173 4.1842799 35
-1.2281984 -6.9958515 4.7297235 44
-0.53569782 -6.436501 3.9152324 37
-0.68599385 -6.422545 4.0434217 47
-0.83228493 -6.4186106 4.1801057 35
-0.98858106 -6.4086809 4.3177681 37
-0.42539674 -7.2624083 4.4250011 35
-0.53797126 -6.4254665 4.0467439 50
-0.69024497 -6.4215345 4.1754146 35
-0.84952825 -6.4156075 4.3080702 36
-0.23180458 -6.5593147 4.0094094 32
-0.43872011 -7.3044019 4.5999751 35
-0.54821378 -6.4284596 4.1757236 48
-0.71147817 -6.4215331 4.2993703 37
-0.075807065 -6.5592322 4.0237479 30
-0.24189307 -6.3823104 4.0273857 14
-0.45497444 -7.2953968 4.7319422 25
-0.5744285 -6.4264603 4.290668 37
0.078175843 -6.574151 4.0480824 20
-0.095852025 -6.3512325 4.0147023 2
-0.26316911 -6.4523087 4.1863475 5
-0.43841839 -6.4643898 4.3069749 2
0.23219632 -6.5360727 4.0424314 10
0.04915544 -6.3461599 4.022037 2
-0.11792223 -6.2062392 4.0296779 0
-0.30343869 -6.5323229 4.3442683 8
0.38916349 -6.5559978 4.0757499 1
0.19512597 -6.3870921 4.0593114 0
0.018110031 -6.2001791 4.0289097 0
0.15607621 -6.2331452 4.0552158 1
1.1410865 -6.3827491 4.1014762 0
1.1958405 -6.2296476 4.0954852 1
1.7127743 -6.1783843 4.1206121 1
2.1767445 -7.1681414 4.8286352 45
2.3466973 -7.1280508 4.8550034 72
1.7458032 -6.0613503 4.1106825 1
2.5286098 -7.1169562 4.9054117 53
2.235692 -7.1240969 4.8717833 69
1.6707851 -6.0833807 4.1385446 1
2.7244873 -7.134861 4.9798222 52
2.4146228 -7.1230121 4.9181347 70
2.1347215 -7.1201491 4.8755116 46
2.9173787 -7.1397748 5.0471711 55
2.5945437 -7.1179414 4.9654784 71
2.3086526 -7.1220956 4.9128819 69
3.1152086 -7.1417408 5.1176724 55
2.7873814 -7.138916 5.0339842 70
2.4865358 -7.1250768 4.9563541 70
2.1956801 -7.1172328 4.8847451 67
3.3190157 -7.1507087 5.1981997 55
2.9772446 -7.1458702 5.0944605 72
2.6654463 -7.1280174 5.0007858 69
2.3686264 -7.1251583 4.9201446 51
3.5288641 -7.1655989 5.2856627 55
3.1701417 -7.1447692 5.1558867 71
2.8523686 -7.1389203 5.0531993 71
2.5485766 -7.1360641 4.9595423 53
3.7337258 -7.1584911 5.362114 56
3.3690257 -7.1526651 5.2253251 69
3.0392864 -7.1408219 5.1056118 71
2.7275262 -7.1399703 4.9979386 70
3.9565487 -7.1743736 5.4616051 59
3.5778868 -7.171555 5.307786 54
3.2311976 -7.1467214 5.1620359 71
2.9124649 -7.1488733 5.042347 54
4.1843619 -7.1882539 5.5651064 58
3.7777708 -7.1604495 5.3732266 56
3.4320889 -7.160615 5.2294793 74
3.1003964 -7.156775 5.0897622 55
4.4351296 -7.2301216 5.6956582 57
3.9996076 -7.1833324 5.4677153 58
3.6359785 -7.1705079 5.2969289 54
3.2943218 -7.1646729 5.1401896 55
4.7587609 -7.3709512 5.9113717 65
4.2224464 -7.1962142 5.559206 58
3.836879 -7.1684012 5.3593693 56
3.4942698 -7.1825662 5.2006183 56
4.8369346 -7.1299005 5.8265138 47
4.4753356 -7.2450733 5.6857243 58
4.0578709 -7.191278 5.4448099 58
3.6993089 -7.1934543 5.2610259 58
4.8552623 -6.8188734 5.6815028 50
4.781105 -7.3618937 5.8713818 63
4.2757635 -7.1991391 5.5233088 59
3.8952081 -7.1803207 5.3075085 59
4.9412346 -6.6137896 5.6257782 53
4.8371735 -7.0968246 5.7565937 49
4.507525 -7.2159786 5.6149082 52
4.1140118 -7.1981678 5.3800769 59
5.1829233 -6.6156235 5.7473979 59
4.8582916 -6.7947755 5.6117239 56
4.7562532 -7.2458081 5.7235484 59
4.3398008 -7.2140107 5.4586644 60
5.4216204 -6.6044588 5.8620138 42
4.9602513 -6.6176858 5.5690317 58
4.8432775 -7.0337267 5.6428251 57
4.5655923 -7.2208543 5.5332546 57
6.4070139 -7.4438868 6.7573237 52
5.2009621 -6.6225209 5.680654 59
4.867403 -6.743681 5.4999557 55
4.7923837 -7.219698 5.6058497 62
6.7255778 -7.464674 6.9341378 49
5.4316926 -6.605361 5.7782564 41
5.0053196 -6.6215744 5.490344 58
4.8564663 -6.9766331 5.4940696 57
7.0345578 -7.4628921 7.1031361 50
6.4245315 -7.4592705 6.660666 58
5.2466474 -6.6269069 5.5947895 58
4.8781986 -6.6911416 5.3478928 57
7.3517356 -7.4497313 7.2709656 53
6.7387347 -7.4760294 6.8186383 57
5.4737978 -6.6046538 5.677876 34
5.0724473 -6.6368489 5.3880076 60
7.6843615 -7.4435554 7.4566932 57
7.052423 -7.4778647 6.9773254 56
6.4873619 -7.4691401 6.5451016 66
5.3122849 -6.6387229 5.4775348 61
8.0589228 -7.4583583 7.6775122 51
7.3750982 -7.4746943 7.1410317 56
6.7930932 -7.4779797 6.6857719 62
5.5241666 -6.5926104 5.5359993 9
8.4464588 -7.4711537 7.9093599 50
7.7407103 -7.5005012 7.3408318 58
7.1058149 -7.4768138 6.8284569 65
6.5697608 -7.4850783 6.3962965 64
8.8549585 -7.4819374 8.1572523 46
8.1033211 -7.5083089 7.5366249 52
7.4445038 -7.4916344 6.9921951 64
6.8825569 -7.4939065 6.5259643 64
9.269537 -7.4846969 8.405118 40
8.4570637 -7.4910946 7.7203441 58
7.8033018 -7.5064144 7.1709151 62
7.2204146 -7.5167007 6.6776409 55
9.741087 -7.5084043 8.704072 44
8.8607073 -7.5008411 7.9442005 62
8.1809568 -7.524178 7.3627634 55
7.5630975 -7.5244842 6.827457 60
10.204391 -7.508111 8.9932117 42
9.2931089 -7.5155697 8.1922712 56
8.5385189 -7.506948 7.5316658 59
7.9137049 -7.5262613 6.9813414 49
10.628745 -7.4588366 9.2452726 71
9.7354918 -7.5172901 8.4453688 55
8.9499941 -7.5176892 7.7456913 65
8.2713051 -7.5150347 7.1352453 60
10.660694 -7.1347656 9.1624699 51
10.211817 -7.5279913 8.7245464 54
9.3764439 -7.5214214 7.9687557 63
8.6688414 -7.5247869 7.3212423 66
10.707614 -6.8256888 9.0976925 65
10.649197 -7.4897113 8.9666443 81
9.847827 -7.542129 8.2239265 54
9.0943365 -7.5405231 7.5263076 57
11.048073 -6.7034554 9.2845688 27
10.663201 -7.1516557 8.8577929 72
10.336181 -7.5548253 8.4901419 52
9.5477924 -7.5582438 7.7484407 57
12.794342 -7.3782744 10.637507 19
10.705393 -6.8434291 8.7815428 66
10.690882 -7.4545879 8.6465263 81
10.016414 -7.5660334 7.9819183 50
13.387228 -7.3326969 11.02268 10
11.099685 -6.7508311 8.9922647 34
10.668894 -7.0911579 8.5012426 64
10.52961 -7.5843587 8.2419043 64
14.595054 -7.5769448 11.906306 16
13.075399 -7.5545583 10.459766 50
10.758812 -6.8074546 8.4533272 67
10.696495 -7.3395128 8.2312098 72
15.443692 -7.5897732 12.488262 14
13.495832 -7.4005313 10.676715 23
11.214235 -6.7473965 8.6893654 10
10.740618 -7.0175772 8.1332817 65
14.12005 -6.5643234 11.335118 3
14.1795 -7.3701258 11.098474 8
13.656791 -7.7931395 10.431483 11
10.935399 -6.7943177 8.1513538 43
14.17703 -6.2153025 11.296615 5
15.630455 -7.6872892 12.108954 15
13.934802 -7.546216 10.514239 43
16.442297 -7.6394691 12.619667 17
14.541292 -7.4550304 10.845314 17
15.225677 -7.37782 11.22954 6
16.523891 -7.5503268 12.05662 82
15.065015 -7.5387182 10.615572 27
15.099702 -5.8356056 11.320082 4
16.595036 -7.1361971 11.994654 12
15.835788 -7.473393 11.025069 15
20.482275 -6.4252644 15.834906 11
15.135379 -5.4689293 11.268268 2
16.577557 -7.3633461 11.410131 86
20.505436 -5.9464631 15.796347 11
21.338125 -7.1690822 15.76438 6
16.644274 -6.9414792 11.337322 33
20.636574 -5.5086737 15.833583 11
21.597765 -6.7304835 15.859832 11
16.89624 -6.5943751 11.392767 6
20.672558 -5.0406623 15.811675 7
21.714689 -6.2464561 15.860119 10
17.019236 -6.1953478 11.370067 7
20.711525 -4.5816493 15.796777 11
21.827602 -5.7624288 15.865395 13
22.796944 -6.8832364 15.817669 14
20.793406 -4.1336284 15.817979 18
21.898563 -5.2664099 15.848577 12
22.793083 -6.3222318 15.718678 10
20.885519 -3.6863856 15.859768 13
21.992344 -4.7776051 15.856677 15
22.843573 -5.7888861 15.666993 14
19.468742 -5.5938835 12.68661 7
20.936298 -3.2414436 15.871469 16
22.131226 -4.3074627 15.900095 15
22.844967 -5.2454176 15.583611 15
24.804602 -6.5031648 16.03894 13
20.94397 -2.7838829 15.863026 16
22.21364 -3.8198245 15.911621 11
22.891302 -4.7207537 15.541337 13
24.887064 -5.9128575 15.985114 11
20.951654 -2.3348947 15.853189 10
22.238731 -3.3241138 15.890692 14
22.904673 -4.184247 15.487951 20
25.02253 -5.3376145 15.97949 11
20.959869 -1.8823824 15.852886 14
22.352335 -2.8417859 15.936216 12
22.944201 -3.6596763 15.458249 14
25.110819 -4.7468562 15.958057 11
20.981274 -1.436262 15.871836 15
22.345196 -2.3400154 15.91083 14
22.971176 -3.1336067 15.432326 15
25.392548 -4.1915832 16.064035 14
20.979914 -0.98527718 15.881243 14
22.36936 -1.844488 15.916108 13
23.000069 -2.6055653 15.412534 13
25.500505 -3.601917 16.06703 10
20.963097 -0.53955632 15.881448 12
22.317623 -1.3516985 15.868616 14
22.999981 -2.0807276 15.384636 16
25.472723 -2.9959216 15.998646 9
20.963961 -0.095428601 15.906596 12
22.41741 -0.85767156 15.944461 14
23.007168 -1.5563382 15.372369 14
25.588497 -2.4005089 16.032734 11
20.877254 0.34771472 15.866888 17
22.414854 -0.37179697 15.942392 16
23.050192 -1.0367855 15.383891 11
25.556593 -1.8021389 15.975976 15
20.892357 0.79146451 15.911678 13
22.328302 0.12052273 15.893404 12
23.084457 -0.51338983 15.400419 17
25.669271 -1.2046144 16.025093 12
20.768763 1.2248392 15.858536 11
22.364294 0.61308038 15.943975 14
23.095732 0.0074327406 15.415467 13
25.797941 -0.60756433 16.09169 13
20.699659 1.6612546 15.855087 11
22.370045 1.1023992 15.975432 12
23.083626 0.53253102 15.416154 17
25.695066 -0.00052998919 16.021009 14
20.719852 2.1018889 15.917794 16
22.192549 1.5824805 15.886342 14
23.107782 1.0595742 15.454673 15
25.806065 0.60147351 16.094915 12
20.634521 2.5344496 15.912265 8
22.160564 2.0684676 15.90232 11
23.152588 1.5885719 15.507029 14
25.758379 1.2096595 16.079281 14
20.553637 2.9631944 15.914544 10
22.097818 2.5546606 15.909583 14
23.08713 2.1112208 15.499066 19
25.740211 1.8145283 16.088266 18
20.381676 3.3772666 15.845183 10
22.041376 3.0372565 15.922859 9
23.175177 2.6503036 15.599107 14
25.665783 2.4152462 16.074142 12
20.299047 3.8037455 15.860105 8
21.93269 3.5115149 15.909041 10
23.224117 3.1933887 15.686999 12
25.631124 3.0206261 16.095079 10
21.936703 4.0067992 15.983633 6
23.223919 3.7333038 15.746682 10
23.45624 3.3278971 14.78573 4
21.738005 4.4681072 15.917677 9
23.213451 4.2802229 15.809113 8
23.37195 3.8803895 14.788876 8
19.844913 5.0240984 15.752089 12
17.677286 4.033884 13.013729 4
23.20233 4.8204961 15.860109 9
23.39254 4.4518213 14.850638 9
19.663109 5.4166379 15.707593 12
21.358873 5.368495 15.800389 12
23.130629 5.3573222 15.897472 10
23.341982 5.0114455 14.889802 7
21.096876 5.7913771 15.704831 7
22.853012 5.8393269 15.802004 11
23.327734 5.5875583 14.969459 10
21.010445 6.270669 15.752441 11
22.667391 6.3466144 15.779612 8
23.40629 6.1957312 15.11701 10
19.142027 6.584435 15.617803 12
20.761822 6.6922965 15.676892 10
22.413774 6.8320565 15.716574 9
23.461012 6.8095069 15.258535 10
18.990952 6.9825177 15.625335 8
20.549795 7.1245737 15.641415 10
22.1632 7.312407 15.661536 7
23.469913 7.420918 15.387409 15
17.454027 6.8341846 14.491576 7
20.219 7.5102472 15.528273 10
21.893778 7.7833228 15.607891 9
23.465031 8.03543 15.513223 9
17.399233 7.2334948 14.572697 9
20.045027 7.9513979 15.532409 8
21.68594 8.2704515 15.595735 14
17.41366 7.666697 14.720529 14
19.819559 8.3665266 15.501234 10
17.452219 8.1196194 14.894755 12
19.446953 8.7135448 15.3623 6
22.701784 9.6273069 15.453091 10
17.424057 8.5506697 15.02398 15
19.200283 9.1110525 15.327814 12
20.780645 9.5974092 15.405349 12
17.49596 9.0451956 15.24559 15
19.011578 9.5361786 15.342052 10
20.460455 10.026176 15.343358 15
21.992252 10.584988 15.315343 10
17.343113 9.4264536 15.282773 14
17.581429 9.3064289 14.362985 6
20.202669 10.481225 15.338835 11
21.648565 11.064653 15.272139 15
17.054283 9.7384377 15.207367 9
17.505785 9.7628946 14.477034 9
19.820892 10.866227 15.245352 13
21.215693 11.490227 15.171407 13
16.863005 10.09949 15.220295 15
17.543606 10.297609 14.694586 11
19.519346 11.288419 15.216815 15
20.950966 12.00386 15.196058 11
16.34306 10.253285 14.938233 7
17.519045 10.803092 14.873137 12
19.114021 11.643097 15.112342 10
20.525671 12.416144 15.115075 15
16.339722 10.731188 15.133488 11
17.508602 11.335175 15.071622 15
17.692976 11.345284 14.205348 5
20.113148 12.832616 15.046746 10
16.091162 11.056248 15.112746 14
17.273636 11.726297 15.086928 10
17.55925 11.835006 14.315618 15
15.756414 11.313433 15.010555 8
16.986115 12.083599 15.069154 5
17.657547 12.493753 14.630629 12
19.319389 13.6651 14.954576 14
15.531373 11.643621 15.023469 9
16.612036 12.366097 14.979905 12
17.610725 13.075836 14.854196 12
17.804428 13.238767 14.047956 6
15.225552 11.918914 14.96219 6
16.305799 12.704347 14.959039 13
17.49453 13.623495 15.028937 9
17.723896 13.852773 14.26468 10
14.99029 12.242616 14.970922 8
15.993153 13.03493 14.932254 15
17.03591 13.903271 14.914737 11
17.740103 14.561053 14.571422 8
14.67518 12.502435 14.906337 8
15.607929 13.299634 14.844776 7
16.557537 14.155794 14.786531 6
17.599291 15.161132 14.766092 9
14.396701 12.789989 14.881569 7
15.405149 13.718483 14.934949 5
16.272945 14.575259 14.840767 6
14.07085 13.030048 14.804255 9
14.987654 13.940966 14.810277 10
15.82353 14.830716 14.735492 8
13.796959 13.319065 14.795564 11
14.621786 14.21904 14.761317 11
15.433523 15.151271 14.704987 11
16.021585 15.940594 14.424226 20
14.205659 14.434209 14.661053 5
14.961514 15.37834 14.60066 5
15.340086 16.013475 14.173519 29
13.224798 13.882831 14.777434 10
13.939189 14.797845 14.71626 7
14.606166 15.993979 13.866767 28
12.869927 14.082275 14.687898 12
13.557629 15.038171 14.657583 13
13.851007 15.917655 13.529815 31
12.608859 14.391089 14.719249 8
13.173896 15.274143 14.600231 8
13.591283 16.045403 14.344623 20
13.215003 15.940996 13.30126 26
11.694757 13.921838 13.976214 10
12.762917 15.474009 14.51738 6
13.042794 16.133099 14.16123 28
12.112475 15.346871 12.583675 34
11.7027 14.534617 14.329442 12
11.797297 14.955767 13.788171 6
11.853928 15.372552 13.269895 32
11.562379 15.392276 12.423635 44
11.593625 15.030753 14.57367 12
11.761093 15.603318 14.152475 10
11.510853 15.660512 13.305528 23
11.530812 16.146065 12.825878 86
11.260303 15.250996 14.541616 14
11.464265 15.931109 14.220534 13
11.209809 16.009377 13.391821 31
11.000803 16.213652 12.692333 75
10.922684 15.456727 14.502724 12
11.109263 16.17495 14.213629 23
10.675119 16.016024 13.200282 34
10.457996 16.23229 12.529733 47
10.55631 15.620234 14.431306 7
10.643967 16.246298 14.067246 26
10.170038 16.044659 13.040754 38
9.9329357 16.257782 12.389282 62
10.142114 16.252798 13.875527 34
9.7009783 16.111048 12.922216 38
9.405942 16.264223 12.242478 72
9.5986843 16.162432 13.614335 38
9.2577925 16.204998 12.835093 70
8.901782 16.280676 12.115847 53
9.3883362 15.973514 14.136181 13
9.0815735 16.092869 13.38413 40
8.7925081 16.257168 12.729153 87
8.4007177 16.289454 11.997802 72
9.0863752 16.231739 14.175604 21
8.6272154 16.108967 13.236219 55
8.339982 16.303072 12.622548 70
7.9261422 16.314188 11.899413 66
8.6787615 16.295408 14.05267 41
8.1756744 16.106625 13.083174 37
7.875298 16.311729 12.501472 61
7.4523554 16.322861 11.797312 73
8.2610769 16.33301 13.915804 43
7.7499337 16.131378 12.960126 44
7.4275403 16.327543 12.391273 85
6.987577 16.326735 11.702965 70
7.8524337 16.365007 13.778547 39
7.3252754 16.153288 12.844871 61
6.9878359 16.344446 12.292965 82
6.2306061 15.579029 11.086303 34
7.3822632 16.256523 13.540598 34
6.9266582 16.213264 12.76569 58
6.2472553 15.599845 11.639067 15
5.796207 15.561215 10.99745 63
6.9489679 16.200384 13.34922 34
6.0142512 14.986936 11.695796 22
5.8185682 15.556906 11.515592 76
5.5880799 16.177824 11.362268 21
6.5395832 16.183502 13.201737 48
5.8581824 15.585856 12.056406 76
5.556994 15.967919 11.734715 14
5.229672 16.399954 11.451973 78
5.9295111 15.615604 12.61764 61
5.5254931 15.749726 12.084353 20
5.2935925 16.412769 11.979914 68
4.8043156 16.415966 11.40836 65
5.5703979 15.658776 12.533076 38
5.3653479 16.442833 12.515669 100
4.8812814 16.421078 11.915043 89
4.3900394 16.432291 11.370412 81
5.3955035 16.243315 12.886693 59
4.969687 16.443333 12.427709 86
4.4833283 16.446461 11.867285 77
3.9728384 16.447542 11.342834 67
5.0184393 16.251411 12.786614 49
4.5774827 16.457626 12.35731 79
4.0820894 16.455671 11.816908 72
3.5625794 16.459894 11.317168 82
4.649415 16.272907 12.702009 69
4.1913867 16.470226 12.29048 75
3.685708 16.477541 11.782722 78
3.1568615 16.481834 11.306363 74
4.2915549 16.338322 12.660233 56
3.807832 16.477444 12.23067 72
3.2893136 16.486574 11.748937 70
2.7496793 16.50267 11.305145 85
3.9339051 16.39353 12.61547 68
3.4271457 16.50449 12.18908 74
2.9015427 16.504446 11.725611 76
2.3488076 16.509401 11.299046 79
3.5780225 16.452198 12.580704 75
3.0482941 16.507145 12.136251 82
2.5135243 16.525084 11.710765 81
1.9516855 16.531004 11.310193 79
3.2200689 16.490782 12.535012 83
2.6753004 16.524878 12.101326 98
2.1314766 16.545876 11.700727 81
1.5555819 16.554852 11.326021 72
2.8651505 16.530762 12.49288 91
2.304394 16.541767 12.071219 81
1.7465055 16.557753 11.69357 95
1.1614695 16.578785 11.35405 74
2.5044062 16.550556 12.447106 84
1.9326594 16.554893 12.04402 77
1.3656975 16.584078 11.703084 78
0.76765168 16.596159 11.381142 80
2.1456058 16.565115 12.398206 83
1.5616696 16.569077 12.024503 77
0.98358846 16.598974 11.707878 99
0.37169755 16.62101 11.422963 81
1.7838864 16.588213 12.365885 83
1.1919003 16.59618 12.021138 78
0.59877503 16.611126 11.72239 88
-0.026437612 15.785339 10.880105 80
1.4259964 16.602119 12.328832 82
0.82139128 16.611185 12.01487 76
0.20618185 15.80948 11.166545 30
-0.40208805 15.826493 10.944621 42
1.069796 16.626465 12.303187 78
0.45283318 16.616562 12.005175 88
-0.15629305 15.792911 11.169808 96
-0.8135376 16.653692 11.554081 67
0.71451306 16.634981 12.271403 64
0.081382088 15.80026 11.408064 83
-0.51620501 15.900176 11.262312 6
-1.2104789 16.67985 11.622565 77
0.35464779 16.664043 12.265154 61
-0.26857308 15.817285 11.41988 86
-0.9249298 16.66103 11.826182 88
-1.6115456 16.703899 11.695164 63
-0.0060804547 15.809335 11.615582 68
-0.65259957 16.672939 12.040079 72
-1.3091313 16.677782 11.872187 89
-2.0159035 16.729582 11.781166 75
-0.34818548 15.83908 11.617761 56
-1.0268005 16.691641 12.066181 61
-1.7025216 16.716425 11.945268 81
-2.4233842 16.751171 11.871223 64
-0.73045516 16.676443 12.220272 83
-1.4041563 16.703224 12.092364 76
-2.0929861 16.735977 12.007414 79
-2.8349297 16.770706 11.968296 65
-1.0951819 16.706915 12.236576 73
-1.7853848 16.729504 12.137697 75
-2.4873683 16.75415 12.074729 79
-3.2504833 16.801756 12.080579 78
-1.4620292 16.726242 12.250945 88
-2.1659122 16.747906 12.181955 98
-2.8849342 16.783533 12.157929 87
-3.66607 16.82518 12.18966 86
-1.8312572 16.742857 12.268068 77
-2.5461404 16.7626 12.226954 100
-3.2821493 16.784315 12.227776 96
-4.0671968 16.761 12.247431 51
-2.2012787 16.749714 12.28097 104
-2.9312375 16.757439 12.266803 100
-3.6651516 16.704165 12.245593 56
-4.4592247 16.646837 12.278202 72
-2.5712566 16.729574 12.282857 64
-3.3041844 16.688299 12.264655 56
-4.0542135 16.639999 12.281399 58
-4.8876209 16.669611 12.414935 58
-2.9412165 16.692438 12.280734 63
-3.6811497 16.612158 12.269491 80
-4.4654894 16.6448 12.380174 63
-5.3300734 16.699366 12.569631 55
-3.3094628 16.625483 12.263396 56
-4.0736985 16.625153 12.341088 59
-4.8842077 16.677765 12.502668 56
-5.7638378 16.698326 12.708022 51
-3.6895542 16.624319 12.296246 61
-4.4769506 16.640957 12.424875 69
-5.3075838 16.70154 12.626397 54
-6.0068188 16.154369 12.441004 60
-4.0756879 16.630148 12.342079 66
-4.8902755 16.681746 12.529644 58
-5.7349434 16.705315 12.747103 59
-6.4392695 16.152126 12.59269 44
-4.4719143 16.665962 12.414896 62
-5.2965484 16.695543 12.620419 76
-5.9668608 16.179291 12.461277 57
-7.2239499 16.968157 13.394203 33
-4.8700457 16.678379 12.48044 66
-5.7228136 16.723749 12.738202 74
-6.3820815 16.159424 12.575202 56
-7.5343699 16.607397 13.289313 12
-5.2812042 16.708532 12.566419 66
-5.942524 16.170202 12.417412 57
-7.1646681 16.994965 13.371588 21
-5.7011333 16.72484 12.651212 63
-6.3513846 16.145557 12.502927 50
-7.4920421 16.689423 13.283878 16
-5.9218717 16.189796 12.324408 43
-7.1422896 17.027481 13.305315 40
-7.9122763 16.60099 13.373764 4
-8.7857313 16.233349 13.586939 15
-6.3240843 16.173403 12.394386 56
-7.5574412 16.941071 13.36722 20
-8.3576546 16.547514 13.505598 5
-9.134613 15.978001 13.590928 16
-7.100791 17.035301 13.149977 47
-7.8739371 16.63669 13.264564 11
-8.7537136 16.393887 13.561937 11
-9.4714346 15.70335 13.59049 10
-7.5511618 17.038515 13.25637 48
-8.3515053 16.662827 13.434894 2
-9.115407 16.172409 13.570451 16
-9.7938433 15.418281 13.582826 13
-7.9990158 17.019583 13.354994 20
-8.7661972 16.55126 13.498078 4
-9.4660845 15.930854 13.56754 14
-10.133807 15.165483 13.607001 18
-8.3325901 16.744663 13.264471 12
-9.1592159 16.391054 13.532735 9
-9.8310528 15.713667 13.595243 6
-10.460711 14.892325 13.622779 14
-8.8039808 16.741352 13.395 5
-9.5381641 16.192915 13.549334 16
-10.141806 15.418619 13.558935 12
-10.747499 14.569302 13.598481 11
-9.8900537 15.95784 13.536875 12
-10.493017 15.183434 13.584313 13
-11.067672 14.299926 13.627239 18
-10.262255 15.753235 13.555792 9
-10.836985 14.94383 13.610593 13
-11.360542 13.999473 13.633451 18
-10.046437 16.3332 13.519125 15
-10.592004 15.479841 13.528978 11
-11.129625 14.633254 13.577227 9
-11.651333 13.696927 13.645966 15
-10.417237 16.114704 13.509377 12
-10.935824 15.234413 13.528165 13
-11.453558 14.36609 13.593966 14
-11.975389 13.438723 13.702724 11
-10.79916 15.903333 13.516276 12
-11.297882 15.011146 13.555846 17
-11.767578 14.091907 13.606631 13
-12.203201 13.077633 13.662569 11
-11.150089 15.651336 13.492558 8
-11.650865 14.770009 13.575393 7
-12.074481 13.809751 13.619406 15
-12.363671 12.651641 13.558684 17
-11.53205 15.439135 13.512153 15
-11.957681 14.47392 13.55105 11
-12.330339 13.467505 13.580404 11
-12.435138 12.154218 13.372585 11
-11.894292 15.191293 13.513585 17
-12.303865 14.225945 13.579811 16
-12.379307 12.919009 13.332821 13
-12.38572 11.562162 13.07388 12
-12.255008 14.943907 13.520781 13
-12.349602 13.637885 13.290721 11
-12.348058 12.312968 13.016905 11
-12.446012 11.093998 12.90971 5
-12.311501 14.336051 13.203567 15
-12.303982 12.98314 12.926569 11
-12.463261 11.872966 12.874249 13
-13.482431 11.4813 13.756652 18
-12.272985 13.648168 12.809901 11
-13.261239 13.375917 13.61093 6
-13.516554 12.310096 13.694641 15
-13.72724 11.164143 13.786931 14
-13.333181 14.17172 13.562885 14
-13.551725 13.061686 13.606325 12
-13.807554 12.013474 13.73083 14
-13.971233 10.842329 13.826528 18
-13.650963 13.863693 13.546529 15
-13.874683 12.780518 13.641107 16
-13.97613 11.612459 13.658996 13
-14.197141 10.510218 13.85357 11
-14.007912 13.590533 13.57618 13
-14.1776 12.47743 13.661844 15
-14.295265 11.342341 13.741665 14
-14.393027 10.159237 13.861517 11
-14.463514 12.154384 13.670513 15
-14.542361 11.011094 13.759393 19
-14.581029 9.8028078 13.870687 19
-12.541962 11.095356 11.628666 11
-14.690395 11.786777 13.635739 14
-14.785238 10.67556 13.783771 18
-14.759854 9.447443 13.879075 21
-14.9697 12.649467 13.592751 17
-15.00034 11.485322 13.683929 17
-15.000933 10.322994 13.786507 11
-14.993764 9.1258898 13.944646 20
-15.279486 12.322986 13.604047 13
-15.282187 11.156911 13.713178 12
-15.237874 9.986867 13.818449 14
-15.146573 8.7557354 13.944932 14
-15.645561 12.035615 13.666787 15
-15.571269 10.834719 13.754844 13
-15.457883 9.6367226 13.842306 17
-15.304555 8.3947287 13.95686 18
-15.873302 11.637666 13.617428 16
-15.830153 10.487582 13.773713 11
-15.672787 9.2866058 13.86831 15
-15.48751 8.0496187 13.998967 15
-16.209324 11.321484 13.670031 16
-16.051012 10.114549 13.770515 13
-15.894872 8.9390945 13.905601 11
-15.638562 7.6847739 14.021844 15
-16.489342 10.960489 13.680747 16
-16.28389 9.7494535 13.785684 17
-16.04645 8.5514336 13.893708 16
-15.787192 7.3244677 14.045571 13
-16.804142 10.617029 13.727077 11
-16.520699 9.3869858 13.810188 13
-16.250376 8.1959391 13.932245 15
-15.934991 6.9631619 14.081261 19
-17.014631 10.206898 13.69349 16
-16.794552 9.0397444 13.871233 11
-16.443958 7.834383 13.969014 17
-16.058512 6.5954809 14.100285 15
-17.328362 9.8589706 13.75315 21
-16.978016 8.6451101 13.866126 17
-16.618736 7.4602427 13.996158 11
-16.197474 6.2354021 14.138347 16
-17.576342 9.465888 13.765653 16
-17.203075 8.2720242 13.900723 15
-16.767359 7.0790458 14.008264 16
-16.363106 5.8830657 14.208071 10
-17.868862 9.0964565 13.821257 10
-17.383339 7.8736792 13.909836 13
-16.941 6.7078342 14.050331 16
-16.385534 5.4840832 14.160108 13
-18.034313 8.6593761 13.783862 18
-17.600061 7.493505 13.953316 8
-17.073675 6.3177319 14.06594 16
-16.448187 5.1040316 14.154838 15
-18.053553 8.1554403 13.647541 15
-17.766813 7.0893598 13.962567 16
-17.249575 5.9465404 14.122206 12
-16.488865 4.7179799 14.138483 17
-18.014685 7.6384563 13.477475 22
-17.940395 6.6845245 13.987879 17
-17.338028 5.543807 14.113714 11
-16.571402 4.3482537 14.162978 12
-18.365271 7.2882428 13.60676 29
-18.089825 6.2769499 13.999149 14
-17.424627 5.1450353 14.112255 11
-16.607183 3.9722581 14.152769 10
-18.459072 6.8336339 13.55107 44
-18.036535 5.8020072 13.863847 12
-17.476654 4.7380857 14.090839 10
-16.634237 3.5934138 14.147594 12
-17.76486 6.107667 12.933079 8
-18.187168 5.3921518 13.893452 14
-17.557108 4.3415155 14.099668 10
-16.648672 3.2169755 14.135639 15
-17.725693 5.6347566 12.806857 47
-18.176273 4.9413924 13.808018 15
-17.570591 3.9289048 14.061056 10
-16.670399 2.8476136 14.13593 14
-18.503977 5.4061475 13.270129 47
-18.205959 4.4974828 13.7588 14
-17.655281 3.5295296 14.082796 15
-16.693762 2.4689641 14.140075 10
-18.513288 4.9415312 13.192625 72
-18.178209 4.051352 13.676992 12
-17.677809 3.1242859 14.066873 13
-16.642256 2.090723 14.090351 15
-18.538815 4.4821649 13.134649 50
-18.232843 3.6280832 13.666917 14
-17.715427 2.7222261 14.072817 10
-16.67201 1.7276499 14.117106 12
-18.56032 4.0291696 13.082147 55
-18.278202 3.1995044 13.655074 18
-17.720764 2.3184936 14.057135 11
-16.624319 1.3551446 14.086514 12
-18.572582 3.5778182 13.032376 51
-18.359064 2.7824626 13.679282 14
-17.730692 1.9175694 14.050367 12
-16.634357 0.99319726 14.108801 8
-18.591009 3.1307325 12.99474 40
-18.360453 2.3543692 13.651227 14
-17.72596 1.5153681 14.04276 12
-16.615574 0.63098305 14.111439 14
-18.559315 2.6757212 12.932444 51
-18.382908 1.930271 13.6465 16
-17.72954 1.118353 14.047893 12
-16.575136 0.26900604 14.10471 15
-18.617931 2.2376673 12.937275 48
-18.409565 1.5052283 13.654335 14
-17.677122 0.72038406 14.013878 12
-16.501789 -0.086958915 14.073691 16
-18.637589 1.7936195 12.926941 51
-18.343088 1.0762703 13.596264 13
-17.680891 0.32432362 14.034625 10
-16.391949 -0.44051445 14.018763 8
-18.629898 1.350922 12.904731 34
-18.420614 0.65446419 13.658786 13
-17.66024 -0.069351032 14.039402 10
-16.431438 -0.79537708 14.095217 14
-18.642889 0.91425979 12.90177 38
-18.417791 0.23566833 13.663869 11
-17.557392 -0.4592827 13.985809 9
-16.361923 -1.1432695 14.084033 16
-18.677254 0.47430933 12.922445 45
-18.277807 -0.18297562 13.576242 15
-17.552732 -0.84796321 14.017977 13
-16.304577 -1.4911387 14.090301 18
-18.630703 0.030793628 12.89867 27
-18.408693 -0.60653907 13.695994 15
-17.490423 -1.232968 14.011241 13
-16.242496 -1.8371035 14.098439 17
-17.914225 -0.39028403 12.416427 49
-18.463974 -1.0318658 13.770392 12
-17.414488 -1.6191982 13.999046 17
-16.162561 -2.1765707 14.09646 18
-18.732698 -0.85176861 13.007106 40
-18.487715 -1.4591421 13.827808 14
-17.312794 -1.99781 13.975214 7
-16.09107 -2.5179725 14.107437 15
-18.770487 -1.2990611 13.06442 36
-18.403471 -1.8791672 13.814159 9
-17.300943 -2.3847628 14.027055 17
-15.983994 -2.8533013 14.091586 19
-18.81658 -1.7496322 13.136043 32
-18.44059 -2.3119378 13.897822 13
-17.232882 -2.7686248 14.04392 16
-15.90898 -3.1901793 14.108193 20
-18.826513 -2.2056768 13.189386 42
-18.417488 -2.7398417 13.941313 17
-17.127728 -3.1419907 14.032785 16
-15.883132 -3.5372226 14.175151 5
-18.857836 -2.6619694 13.266981 55
-18.365852 -3.1626606 13.972128 20
-17.01897 -3.5120373 14.02692 5
-15.707012 -3.8512659 14.113585 21
-18.882013 -3.1231716 13.349858 58
-18.25066 -3.5783212 13.96653 17
-16.921762 -3.8840625 14.037281 17
-15.575616 -4.1716914 14.098026 17
-18.922905 -3.5952058 13.450681 55
-18.140291 -3.9922655 13.969743 18
-16.780357 -4.247952 14.01953 17
-15.469549 -4.4976711 14.111181 13
-18.874918 -4.0552192 13.502603 36
-16.697342 -4.6219473 14.054596 17
-15.35347 -4.8186445 14.119368 21
-18.816923 -4.5132294 13.552555 31
-17.903082 -4.8152127 13.98504 18
-16.56423 -4.9849138 14.054811 16
-15.264472 -5.1466393 14.156474 16
-18.797043 -4.987268 13.643391 25
-17.751942 -5.2141714 13.978289 17
-16.45219 -5.3508878 14.078959 17
-15.117349 -5.4575806 14.145745 16
-18.619669 -5.4247746 13.621549 17
-10.619585 -4.0949688 10.030901 1
-18.555435 -5.8890076 13.695771 24
-13.442192 -5.5077262 12.822272 8
-17.248262 -5.9288907 12.854982 19
-16.133968 -5.9821763 13.061179 18
-15.070682 -6.0355144 13.269236 14
-12.861422 -5.5878429 12.395925 7
-16.650789 -6.1718287 12.539561 51
-15.401833 -6.1184368 12.602562 57
-13.077076 -5.5770917 11.64091 24
-15.716739 -6.2587414 11.971428 19
-13.196967 -5.5972095 10.92204 31
-12.803684 -5.7982755 11.529081 70
-13.180885 -5.6183662 10.159132 41
-12.747314 -5.7555208 10.674304 79
-12.823082 -6.1500888 11.681879 66
-12.724166 -5.7860379 9.9290648 76
-12.763571 -6.1225638 10.821692 72
-12.632739 -6.4060826 11.64997 40
-12.736556 -6.1614699 10.070852 80
-12.645922 -6.4254546 10.86301 54
-12.044189 -6.4431086 11.251772 36
-11.428567 -6.461791 11.677578 3
-12.251016 -6.2905903 9.823287 35
-12.039028 -6.4683676 10.48497 38
-11.507191 -6.4864445 10.899554 21
-10.949414 -6.4955249 11.335216 26
-11.651749 -6.3424749 9.4833326 39
-11.159878 -6.331522 9.8626509 51
-10.969779 -6.5088067 10.541118 42
-10.498144 -6.5299244 11.020468 40
-11.215135 -6.4582477 9.2734365 58
-10.654974 -6.3752494 9.5610914 61
-10.243198 -6.3863568 9.9902744 40
-10.056223 -6.5516624 10.710737 40
-10.99997 -6.6891809 9.2449522 9
-10.283397 -6.4800677 9.3781195 60
-9.809371 -6.4191141 9.7145166 51
-9.5861988 -6.5343747 10.362107 32
-10.051161 -6.6609826 9.3207092 55
-9.3945961 -6.4488854 9.4567041 52
-9.0339088 -6.4370151 9.9137506 35
-9.9973993 -6.9610105 9.4337177 2
-9.2084513 -6.6208038 9.4241524 68
-8.6772137 -6.4597902 9.6767607 37
-8.9731865 -6.7566876 9.3467598 27
-8.3556089 -6.4935918 9.4726648 56
-8.1975155 -6.6505241 9.4560413 62
-8.5410147 -6.7118478 7.898015 38
-7.070406 -5.9835477 8.3046312 42
-8.1976433 -6.7644992 7.7480168 44
-6.9916806 -6.0251594 7.7118635 51
-6.7958765 -5.9982901 8.1294518 42
-6.9919186 -6.0586696 6.7638621 48
-6.8620453 -6.0558057 7.1592484 49
-6.705164 -6.0399337 7.5507183 48
-6.6286702 -6.098145 8.0829229 46
-6.6764379 -6.0704489 6.6148019 51
-6.5675745 -6.0716043 7.0111179 52
-6.6152654 -6.2258954 7.610909 49
-6.574882 -6.3061514 8.1789885 22
-6.5655427 -6.261445 6.6690283 49
-6.520844 -6.309648 7.1251349 35
-6.6176958 -6.507978 7.7837644 49
-6.6335135 -6.6322813 8.4246616 48
-6.5790124 -6.5815377 6.8588338 48
-6.5945129 -6.6817884 7.387743 50
-6.6241727 -6.8050694 7.9736004 62
-6.5306158 -6.806263 8.4728746 43
-6.5443926 -6.8675666 7.0108037 69
-6.4545779 -6.8467188 7.4190769 56
-6.3728552 -6.8408885 7.8603206 53
-6.2832279 -6.8260727 8.3375988 42
-6.2470207 -6.8793831 6.8886929 57
-6.1882138 -6.8745513 7.3088865 58
-6.1043963 -6.8487101 7.7241621 61
-6.038753 -6.8398976 8.2013788 42
-5.9677219 -6.8963332 6.7814512 55
-5.9168963 -6.8834934 7.1866078 56
-5.8561158 -6.8676586 7.6067958 59
-5.7743578 -6.8208227 8.0350637 38
-5.695406 -6.9091649 6.6772647 53
-5.6465082 -6.8833199 7.0644393 55
-5.6197476 -6.8885016 7.5015359 54
-5.5649943 -6.8556747 7.9387307 51
-5.4380765 -6.9290223 6.5900769 56
-5.4071712 -6.9071774 6.9751973 56
-5.3853645 -6.9043489 7.3962836 60
-5.3496118 -6.8765225 7.8344207 55
-5.1877513 -6.943882 6.50387 49
-5.1728487 -6.929038 6.8909411 55
-5.1469598 -6.9031911 7.2820487 53
-5.1342173 -6.8883681 7.7251129 53
-4.9384317 -6.9507422 6.4186625 49
-4.931489 -6.9308906 6.7917123 52
-4.9346528 -6.9310555 7.2037249 52
-4.9218302 -6.8962164 7.6177974 50
-4.7001405 -6.9616094 6.34342 48
-4.7082005 -6.9497581 6.7184234 51
-4.7163134 -6.9409142 7.1124249 49
-4.715477 -6.908072 7.5224619 52
-4.4718823 -6.9774837 6.2801452 46
-4.4808841 -6.9516215 6.634151 46
-4.5049939 -6.9507761 7.0281034 46
-4.5181379 -6.9229317 7.4320979 46
-4.250639 -6.9933615 6.221849 48
-4.2686172 -6.9664941 6.5678291 49
-4.2997026 -6.9646449 6.9537616 47
-4.3308411 -6.9438 7.3567014 46
-4.0253797 -6.9942355 6.156569 41
-4.063375 -6.985373 6.5104847 44
-4.0994158 -6.9755149 6.8804059 45
-4.1385274 -6.9546652 7.274323 45
-3.8201861 -7.0191231 6.116221 40
-3.8611476 -7.0002842 6.4540935 41
-3.8991435 -6.9774494 6.8019757 49
-3.9512599 -6.9616361 7.1908145 44
-3.6090024 -7.0261235 6.06675 41
-3.6549256 -6.9982805 6.3876119 42
-3.7129645 -6.9984579 6.7494283 43
-3.7710431 -6.9756413 7.1212521 41
-3.402822 -7.031117 6.0192766 38
-3.4637723 -7.0192828 6.3480887 42
-3.5187359 -6.9974494 6.6789222 42
-3.5857997 -6.977634 7.0427184 42
-3.200659 -7.0381055 5.9788003 38
-3.2695966 -7.0272732 6.3005881 40
-3.3365631 -7.0134449 6.6303835 43
-3.4156218 -7.0006342 6.9901404 34
-3.0045083 -7.0450902 5.9433165 41
-3.0784171 -7.0312533 6.2520933 40
-3.1594088 -7.0344162 6.5888553 44
-3.2464395 -7.0185852 6.9366069 38
-2.8124008 -7.057023 5.916873 39
-2.8922756 -7.038168 6.2116475 37
-2.976217 -7.0323243 6.5304041 39
-3.0661938 -7.0094857 6.8591495 33
-2.6283329 -7.0819497 5.9034138 37
-2.711164 -7.0520883 6.1821833 36
-2.8030734 -7.0452423 6.4899173 38
-2.9060464 -7.0344081 6.8186193 29
-2.4432492 -7.0918727 5.8829641 36
-2.5320423 -7.0600085 6.1487169 37
-2.6289263 -7.0511603 6.4474368 41
-2.7438951 -7.0533295 6.7760978 28
-2.2541411 -7.0847912 5.8525333 34
-2.3549469 -7.0699329 6.1242433 36
-2.4567797 -7.0540781 6.4049511 38
-2.5706694 -7.0372353 6.7046232 34
-2.0750911 -7.0997214 5.8440647 37
-2.18086 -7.0808587 6.1027613 37
-2.2876551 -7.0630007 6.3704548 35
-2.4115412 -7.0571609 6.6700926 29
-1.8940377 -7.1066504 5.8336053 36
-2.0057611 -7.0817833 6.0762863 34
-2.121542 -7.0719256 6.3399501 38
-2.2463481 -7.0490742 6.6105919 33
-1.7159854 -7.1105804 5.8231378 37
-1.8367001 -7.0947151 6.0637894 37
-1.9544258 -7.0728502 6.3074517 34
-2.0892167 -7.0599999 6.57406 29
-1.5399551 -7.119514 5.8206635 35
-1.6656377 -7.1026464 6.0503001 35
-1.7913309 -7.0807786 6.282939 36
-1.9330974 -7.0709276 6.5415249 29
-1.367944 -7.1334519 5.8251753 34
-1.498582 -7.1085792 6.0388002 34
-1.6332732 -7.1017156 6.2724056 34
-1.7779808 -7.0818563 6.5099874 30
-1.0652872 -6.3510904 5.1873913 37
-1.3325425 -7.118515 6.0332961 36
-1.4711833 -7.1036448 6.2488933 35
-1.6218442 -7.0817814 6.4704576 32
-0.91266716 -6.3699012 5.2029943 38
-1.0431987 -6.3570094 5.3806105 38
-1.1737614 -6.3501225 5.5692239 2
-1.4691576 -7.1005492 6.453063 26
-0.76067191 -6.3768506 5.2124519 38
-0.89617658 -6.3639574 5.381053 39
-1.032706 -6.358068 5.5586481 34
-1.1792599 -6.3511844 5.7442131 3
-0.60867792 -6.3797994 5.221911 38
-0.75016004 -6.3719053 5.3834915 38
-0.89065987 -6.3660131 5.551075 35
-1.0421652 -6.3521252 5.7196279 29
-0.51034719 -7.1620049 5.8719215 41
-0.60616839 -6.3868575 5.3949227 40
-0.74955165 -6.3649626 5.5375047 36
-0.90599722 -6.3610811 5.7030425 29
-0.28135782 -5.8065276 4.7761173 1
-0.51067865 -7.1420403 6.0339608 33
-0.61147624 -6.3798614 5.5419569 37
-0.77091962 -6.363935 5.6845045 34
-0.13562232 -5.4232554 4.4757586 3
-0.27935898 -5.599369 4.7382827 1
-0.47257376 -6.4126954 5.564436 1
-0.63690799 -6.3657546 5.6669798 31
-0.0097143576 -5.4291101 4.4961977 2
-0.14698783 -5.4051571 4.5818105 1
-0.31681129 -6.0694461 5.2640777 1
-0.50292331 -6.3906465 5.671412 3
0.11722559 -5.4340477 4.5195956 1
-0.025980487 -5.4001169 4.5861783 1
-0.16523169 -5.3841915 4.6697679 0
-0.34591523 -5.9834652 5.2980242 0
0.24617518 -5.4360123 4.5439854 1
0.096887328 -5.4540944 4.6435328 0
-0.048255544 -5.4031572 4.6871157 0
0.37410396 -5.446979 4.5763693 1
0.2179922 -5.3990417 4.6099181 1
0.50597364 -5.4799528 4.6307578 0
0.34092605 -5.4170103 4.6412849 1
0.46586448 -5.4309773 4.6706591 1
0.59178573 -5.4479461 4.7060351 0
0.71575081 -5.4429102 4.7244134 0
1.2974272 -5.4847579 4.8571601 1
1.0925741 -5.4378076 4.8045607 1
1.419428 -5.4337163 4.8585486 4
1.2204957 -5.4367743 4.8379502 2
1.0335336 -5.442832 4.8273869 1
1.5503354 -5.4186831 4.8949528 3
1.343469 -5.4117365 4.8513331 8
1.1525434 -5.4187913 4.8287578 2
2.2886441 -7.3110332 6.6695495 1
1.4753592 -5.417706 4.8957329 2
1.2764916 -5.4177566 4.8531351 6
1.0885056 -5.4678192 4.8555541 1
2.4565747 -7.2519827 6.6930809 50
1.6201531 -5.4606824 4.9761596 1
1.4014412 -5.4117212 4.8765182 5
1.2035581 -5.4357748 4.8419156 3
2.6513219 -7.26895 6.7896647 50
2.3516467 -7.2810187 6.6897545 25
1.5324309 -5.4256134 4.9189739 1
1.3247494 -5.4265218 4.8504701 6
2.8434923 -7.2653718 6.8716459 51
2.5259819 -7.2593837 6.734745 51
1.6795311 -5.4792337 5.0026889 0
1.4509346 -5.4312859 4.8750176 5
3.0384479 -7.2632256 6.9622869 54
2.7139473 -7.2693076 6.8123121 49
2.4124162 -7.2603846 6.6704116 49
1.5750403 -5.4232321 4.8914042 4
3.2412536 -7.2758822 7.0703659 50
2.8988235 -7.2639294 6.8803434 53
2.5883133 -7.2559757 6.7174144 54
1.7160231 -5.4666624 4.9533992 1
3.4489472 -7.2828479 7.1799951 53
3.0906065 -7.2668905 6.9599252 53
2.7751272 -7.2709355 6.7879772 56
2.467633 -7.2729793 6.6210542 55
3.6606178 -7.2918148 7.2976356 55
3.2933309 -7.2858543 7.060535 56
2.9619529 -7.2758927 6.8535442 56
2.6465242 -7.2769318 6.664597 56
3.8683181 -7.2837787 7.4032698 47
3.4910934 -7.282815 7.1461377 55
3.1467927 -7.2698488 6.9131083 57
2.8283982 -7.2818856 6.7141485 58
4.0909438 -7.2957463 7.535943 46
3.6978168 -7.2897773 7.2457643 52
3.3465641 -7.2848082 6.9977107 55
3.0152571 -7.2888393 6.7687144 59
4.3155718 -7.2967124 7.6666265 48
3.9125035 -7.303741 7.3584127 49
3.5493319 -7.2977672 7.0833235 60
3.204107 -7.2947931 6.8262873 58
4.5531378 -7.3126822 7.8193436 48
4.1291871 -7.3087034 7.4710712 51
3.7471266 -7.2927232 7.157928 57
3.3999417 -7.3007464 6.8888822 56
4.7329674 -7.2306366 7.8739204 42
4.3478723 -7.3106656 7.5827365 54
3.9648361 -7.3126836 7.2635841 54
3.6027398 -7.3157015 6.9644942 61
4.7574668 -6.91956 7.6801062 39
4.580503 -7.3226285 7.7134409 55
4.1716027 -7.3066397 7.3472161 57
3.8055496 -7.3196549 7.035111 57
4.7859035 -6.6344895 7.5102959 36
4.7354746 -7.2075744 7.7169538 47
4.393311 -7.3145976 7.451889 56
4.0193257 -7.3316088 7.1177578 60
4.9457612 -6.5394473 7.5538168 44
4.7500248 -6.8934956 7.5061102 43
4.6279721 -7.3345575 7.5735974 60
4.2271285 -7.3255606 7.189394 57
5.1833081 -6.5394206 7.7155352 33
4.7894635 -6.6324296 7.3483114 44
4.7462668 -7.1673121 7.5101113 49
4.4501653 -7.3330894 7.2803249 57
5.3933311 -6.4956303 7.8345585 14
4.9507647 -6.5436139 7.3852358 48
4.7691698 -6.8686523 7.3085961 44
4.6782007 -7.338695 7.3761902 63
5.1875234 -6.5455093 7.5299301 48
4.8057575 -6.6075449 7.1417642 45
4.7557173 -7.1115804 7.2394714 45
5.3914089 -6.500401 7.6265349 15
4.9967318 -6.5584364 7.2073331 50
4.7923465 -6.8354688 7.0556426 42
6.4412217 -7.4142556 8.8784084 2
5.2316756 -6.5602612 7.3350048 56
4.8472195 -6.5992193 6.9098234 54
5.4270225 -6.5052648 7.405005 5
5.0552731 -6.5733356 6.9868665 52
7.782341 -7.4640851 10.164618 30
6.4678612 -7.4052501 8.5888023 47
5.3017936 -6.5863419 7.1126385 54
7.9519882 -7.2921357 10.205245 54
6.695435 -7.3312726 8.6745596 9
6.2559934 -7.4213266 8.1472483 43
8.1935158 -7.1849685 10.341115 37
6.5201087 -7.3925033 8.2623444 54
8.5611496 -7.17488 10.632504 22
8.2327805 -7.5816908 10.192509 9
6.82903 -7.4017453 8.4275112 56
8.9634562 -7.1761799 10.963862 20
8.3968048 -7.3953071 10.207144 54
7.1295934 -7.3886085 8.5804148 37
9.659586 -7.3859487 11.643883 17
8.6065321 -7.2481985 10.278813 55
7.4491477 -7.3824844 8.7503109 5
10.154469 -7.4138298 12.073187 22
8.9460135 -7.2031393 10.5056 33
10.487722 -7.3132052 12.315269 31
9.3562193 -7.2030754 10.815885 21
8.964159 -7.5120015 10.21259 39
10.154557 -7.4637518 11.557656 21
9.178441 -7.3507509 10.268733 67
10.499091 -7.3645654 11.778659 59
9.4731874 -7.2475748 10.414595 40
10.533566 -7.0484037 11.655787 37
9.937439 -7.256372 10.741928 28
9.7191143 -7.6783042 10.258144 9
10.597915 -6.7582412 11.575995 9
10.483413 -7.3021717 11.151506 50
9.9363737 -7.4929667 10.290743 74
10.350651 -6.2859626 11.167955 2
10.563429 -7.0149283 11.067125 50
10.214708 -7.3469739 10.389747 51
10.386005 -5.9991765 11.073722 3
10.61163 -6.7130742 10.959188 61
10.568986 -7.2460079 10.566919 70
10.895995 -6.5571361 11.098177 13
10.597101 -6.9210958 10.425205 66
14.32788 -6.628087 15.531357 14
11.009117 -6.2955656 11.067771 3
10.801217 -6.7072039 10.460103 43
14.468098 -6.3154635 15.570103 14
12.826957 -7.5593886 12.227139 17
14.61414 -6.003211 15.619787 11
13.398867 -7.4921484 12.590862 10
14.66409 -5.658154 15.577037 14
15.379681 -6.7447624 15.577895 9
11.586825 -5.6328058 11.244973 3
14.746011 -5.3291368 15.574269 12
15.516643 -6.4047627 15.58717 12
14.860063 -5.0122504 15.611271 10
15.681671 -6.0758495 15.631292 10
14.904188 -4.6723008 15.583225 10
15.802588 -5.7287803 15.639612 12
13.197725 -5.3553486 12.422156 12
14.971929 -4.3440919 15.584682 13
15.905332 -5.3745465 15.636194 14
16.734972 -6.3510346 15.595424 11
13.224875 -5.5329823 11.697403 6
15.050635 -4.0189142 15.606127 11
16.025051 -5.0283799 15.657731 9
16.803934 -5.9509101 15.532786 14
13.781761 -5.398735 12.063079 13
15.161332 -3.7048478 15.666507 9
16.083015 -4.6623325 15.625931 16
16.823099 -5.5388808 15.43284 10
18.139935 -6.6202226 15.707379 15
15.104528 -3.3518531 15.558365 11
16.165852 -4.3072639 15.625258 15
16.830153 -5.1268077 15.331031 12
18.335562 -6.2220531 15.737202 15
15.197118 -3.0357499 15.615832 11
16.239592 -3.9511559 15.623692 14
16.836134 -4.720716 15.237286 14
18.472307 -5.7989049 15.720856 17
15.228873 -2.7076659 15.614124 11
16.363178 -3.6060331 15.676268 9
16.884993 -4.3306127 15.189657 14
18.588068 -5.3687673 15.698448 18
15.259623 -2.3815832 15.614411 16
16.407948 -3.2419384 15.662615 13
16.87599 -3.9295418 15.098836 11
18.707836 -4.94065 15.685995 14
15.347224 -2.0625148 15.683796 7
16.431841 -2.8768919 15.630803 13
16.892948 -3.5344925 15.039012 13
18.860531 -4.5205426 15.710583 17
15.30921 -1.7294972 15.625792 10
16.496588 -2.5198336 15.64811 14
16.939808 -3.1514351 15.014274 12
19.02916 -4.0984321 15.758215 15
15.352933 -1.408474 15.659002 11
16.571293 -2.1617928 15.68142 12
16.94874 -2.7624121 14.963398 12
19.136902 -3.6633658 15.762642 11
15.383672 -1.0864376 15.686196 14
16.502363 -1.7897836 15.586335 12
16.963631 -2.37537 14.927565 13
19.214689 -3.221292 15.751011 17
15.34963 -0.75941688 15.654149 12
16.634962 -1.441691 15.689724 13
17.000591 -1.9942963 14.91662 9
19.321577 -2.7801709 15.774204 20
15.331677 -0.43737102 15.64199 13
16.618046 -1.0746355 15.656565 14
17.049438 -1.6142298 14.923787 9
19.374332 -2.3331132 15.760541 16
15.340291 -0.11736473 15.663275 13
16.71834 -0.7176103 15.742275 10
17.027117 -1.2242455 14.876153 9
19.434826 -1.8850961 15.760208 17
15.320861 0.2036152 15.662599 13
16.600216 -0.35066298 15.628343 11
17.058559 -0.84320951 14.883773 10
19.524046 -1.4349952 15.795186 19
15.252313 0.52067566 15.617038 11
16.656248 0.0084812222 15.687308 16
17.069786 -0.45808044 14.884628 10
19.517302 -0.98185688 15.762103 17
15.28651 0.84278542 15.681696 11
16.638796 0.36856297 15.682672 15
17.112377 -0.075991616 14.916992 10
19.534126 -0.52878577 15.755206 10
15.215508 1.1548069 15.642509 9
16.64558 0.73061728 15.705728 14
17.080292 0.30705014 14.891936 10
19.616764 -0.075690448 15.810506 19
15.186352 1.4708407 15.654448 12
16.550636 1.0856327 15.639473 10
17.121 0.69311875 14.935099 10
19.584646 0.37835723 15.783457 17
15.165159 1.7868769 15.67741 13
16.588274 1.4506947 15.709621 13
17.122778 1.0791703 14.95514 12
19.678194 0.84145379 15.865788 15
15.05722 2.0908804 15.618107 12
16.558088 1.8117301 15.721561 12
17.123369 1.4691402 14.985373 12
19.601801 1.2973071 15.824039 15
15.030528 2.4066772 15.652576 20
16.480402 2.1634247 15.695114 11
17.137461 1.8588762 15.033233 13
19.537037 1.7529914 15.801767 17
14.966931 2.7154477 15.647966 9
16.483704 2.5292797 15.75361 8
17.167854 2.2538126 15.101671 12
19.511677 2.2099757 15.8169 13
14.911666 3.0244114 15.658952 12
16.367624 2.8742254 15.698423 13
17.166428 2.6478009 15.150852 11
19.397516 2.6539237 15.768757 15
14.812538 3.3223596 15.627799 13
16.260475 3.220171 15.664263 12
17.200878 3.0518012 15.237146 13
19.341171 3.1108911 15.778795 17
14.747271 3.6283171 15.639753 13
16.202164 3.5741327 15.682256 14
17.202387 3.4527867 15.305342 14
19.312725 3.5708675 15.819921 17
14.66704 3.9322686 15.63966 18
16.163765 3.933099 15.726313 12
17.217819 3.8627746 15.395581 11
19.200468 4.0158095 15.802784 8
14.59276 4.2372198 15.655585 5
15.924976 4.2439952 15.581737 8
17.145473 4.2577286 15.416546 10
19.102135 4.4657531 15.808692 10
15.927425 4.616981 15.682884 14
17.188816 4.6817369 15.547815 10
17.413055 4.5050921 14.502607 5
15.772049 4.9438438 15.633881 13
17.184809 5.0996356 15.647475 10
17.342278 4.9209828 14.539062 6
14.211864 5.0938921 15.552409 16
15.614045 5.266706 15.586567 12
17.062857 5.4845495 15.648034 14
17.324162 5.3599753 14.630749 12
11.646259 4.4431052 12.849838 7
15.462301 5.5906763 15.549925 13
16.865116 5.8435082 15.586273 7
17.337765 5.813014 14.757662 17
13.933732 5.6488113 15.482039 14
15.269732 5.8965678 15.481126 7
16.705427 6.2162738 15.566541 13
17.35857 6.2757006 14.902478 14
13.831342 5.9387369 15.490204 13
15.18399 6.2444696 15.524364 13
16.504749 6.5711951 15.516449 15
17.378975 6.7528048 15.056104 15
13.675072 6.2076058 15.451055 13
14.968882 6.5373478 15.444988 16
16.303556 6.9211092 15.474059 14
17.388384 7.234931 15.21853 17
13.469772 6.4510932 15.357587 10
14.801686 6.8515077 15.420521 13
16.097763 7.2668524 15.432329 9
17.361105 7.7041407 15.355021 17
13.338963 6.7246084 15.351881 14
14.675807 7.1799078 15.443796 10
15.935702 7.6304379 15.441504 12
17.211706 8.1279697 15.395255 15
13.209458 7.0009465 15.354274 14
14.370568 7.4174285 15.285676 8
15.663242 7.9389319 15.351472 12
16.963076 8.5024347 15.358288 14
13.058791 7.2675548 15.337634 12
14.212836 7.729001 15.289005 11
15.418688 8.2584457 15.297533 11
16.647635 8.8398914 15.268126 8
12.836415 7.4912271 15.24072 9
13.996342 8.009717 15.236032 9
15.219069 8.6012106 15.291518 13
16.415033 9.219696 15.262913 12
12.698788 7.7631454 15.251875 11
13.737024 8.260704 15.142738 10
14.919628 8.8841848 15.194217 6
16.145237 9.5796852 15.232829 15
11.629224 7.4389968 14.139593 3
13.571858 8.5656471 15.157325 8
14.728427 9.2291164 15.215735 9
15.837277 9.9085817 15.172012 15
11.518996 7.7079558 14.18233 6
13.370802 8.8485804 15.137805 8
14.478292 9.5345278 15.183578 11
15.508275 10.214963 15.096658 11
11.446524 7.9994683 14.273586 10
13.255319 9.1900358 15.225 5
14.188406 9.8104362 15.110792 10
14.870313 10.30778 14.727839 5
11.426994 8.3385782 14.442433 9
12.96173 9.4072313 15.112843 8
13.953346 10.123581 15.108946 10
14.921854 10.874689 15.043498 13
11.456658 8.7264109 14.689081 9
12.73204 9.6679564 15.081967 9
13.627848 10.366438 15.01471 9
14.605433 11.181954 15.004714 9
11.432617 9.0846844 14.873133 8
11.594102 9.2089968 13.969634 4
13.452207 10.724668 15.093247 8
14.294229 11.495107 14.982758 12
11.338169 9.3958654 14.980755 6
11.53057 9.5731516 14.134283 7
13.106516 10.944777 14.986021 9
14.016116 11.826244 14.99773 7
11.206927 9.6820602 15.047196 11
11.508802 9.9833574 14.362056 8
12.815549 11.204866 14.95003 6
10.986867 9.8909283 15.000729 13
11.488725 10.409154 14.608364 9
12.547228 11.480518 14.939727 8
10.782615 10.111598 14.977551 11
11.470532 10.852869 14.872791 8
11.568678 11.080004 14.085221 8
12.910875 12.563426 14.794546 12
10.561397 10.320185 14.942389 12
11.235192 11.100372 14.870694 12
11.587193 11.611496 14.431014 10
12.581529 12.83674 14.78641 11
10.335526 10.522478 14.902223 8
10.978636 11.328565 14.846275 11
11.533037 12.092613 14.706054 10
11.638151 12.449594 14.042413 11
10.077553 10.691792 14.821434 6
10.715224 11.550039 14.819516 10
11.336844 12.44215 14.822703 7
11.625804 13.043346 14.419713 15
9.9102879 10.955539 14.878175 10
10.43629 11.749753 14.776929 10
10.985071 12.620956 14.741771 10
11.470044 13.497154 14.640429 12
9.6634645 11.135343 14.826558 13
10.168481 11.959438 14.753297 12
10.663915 12.829703 14.709103 15
11.16023 13.780982 14.682951 7
9.4376678 11.339225 14.811297 12
9.8684893 12.129873 14.690481 7
10.321181 13.00598 14.651251 12
10.777798 13.972184 14.636939 11
9.1757708 11.49647 14.737672 15
9.6125622 12.352657 14.692078 8
10.008388 13.217831 14.633365 14
10.396179 14.160078 14.593517 16
8.9428911 11.69162 14.719738 17
9.3467064 12.567933 14.693832 9
9.6842175 13.409757 14.609541 13
10.017737 14.342808 14.561947 12
8.711195 11.890302 14.715714 12
9.0250511 12.703519 14.610777 13
9.3387051 13.575727 14.563848 13
9.6432276 14.533931 14.545909 16
8.4528408 12.053452 14.668007 15
8.7416487 12.892647 14.598959 11
9.011445 13.762823 14.549825 8
9.2332973 14.655991 14.474548 11
8.1979227 12.22157 14.635064 8
8.4537306 13.068757 14.578876 14
8.6755314 13.928927 14.523582 7
8.8851929 14.873087 14.503258 5
7.9440045 12.38972 14.60709 10
8.1598015 13.233887 14.555768 14
8.3514471 14.110914 14.523557 11
8.4911652 15.004924 14.46321 8
7.7027617 12.577486 14.608651 11
7.86057 13.392507 14.529344 14
7.9793906 14.207512 14.444933 15
8.0810614 15.101504 14.399495 12
7.4316039 12.718118 14.561285 17
7.5434227 13.520121 14.478862 12
7.6371436 14.353111 14.4244 11
7.6918111 15.234041 14.379891 18
7.1693645 12.874637 14.538059 13
7.2511101 13.687552 14.477651 9
7.292882 14.494452 14.40914 15
7.2988453 15.345327 14.351436 18
6.8947716 13.015967 14.502691 16
6.9170828 13.775861 14.399935 8
6.942143 14.613733 14.381207 13
6.9051132 15.45367 14.330306 18
6.6414676 13.19152 14.510994 15
6.6373315 13.971407 14.442329 7
6.5823698 14.710397 14.335371 10
6.5091696 15.541362 14.298384 16
6.3665147 13.328245 14.481416 17
6.3323646 14.112227 14.433531 10
6.2314506 14.821203 14.315431 8
5.8106465 14.851217 13.566218 13
5.7731714 12.762083 13.705626 7
5.6849976 13.449021 13.620626 12
5.6489291 14.335954 13.733862 9
5.677803 15.584827 14.142404 13
5.6580086 13.240657 14.05591 10
5.6160431 14.137049 14.18078 11
5.5363007 15.040969 14.296866 9
5.3271856 15.767897 14.226508 12
5.5216036 13.709919 14.396374 12
5.3694658 14.422868 14.336181 13
5.1921983 15.161366 14.310447 8
4.9312744 15.814139 14.19611 11
5.2406344 13.836355 14.380071 11
5.0465322 14.524443 14.31558 13
4.8303614 15.222511 14.273013 16
4.5354047 15.855565 14.168173 9
4.9448566 13.935779 14.338573 6
4.7238889 14.619723 14.295041 12
4.4649043 15.273652 14.234426 16
4.1428862 15.900556 14.152666 16
4.6710391 14.092724 14.362618 9
4.3990483 14.706644 14.27301 13
4.1049662 15.330541 14.212347 13
3.7539403 15.933417 14.135509 10
4.3681502 14.17762 14.317746 15
4.0711265 14.77552 14.241066 14
3.7501376 15.385471 14.193193 14
3.3683944 15.959491 14.119977 9
4.0728354 14.271871 14.288289 23
3.7467883 14.863774 14.231483 15
3.3957045 15.443659 14.185605 16
2.9748051 15.951533 14.086502 10
3.7768817 14.371799 14.271402 17
3.4168696 14.920565 14.202641 13
3.035779 15.473315 14.159828 15
2.5927854 15.974072 14.087804 14
3.4728973 14.457294 14.247007 17
3.0858781 14.976094 14.179122 13
2.6748078 15.495975 14.137042 14
2.2088063 15.976842 14.076786 15
3.1709402 14.541199 14.227125 16
2.7490435 15.001091 14.133991 10
2.3149104 15.510957 14.114837 15
1.82388 15.963783 14.06553 23
2.8649578 14.632146 14.218174 16
2.4170661 15.059003 14.124986 11
1.956993 15.515839 14.089772 13
1.4468029 15.986643 14.092414 18
2.5587633 14.711832 14.203618 15
2.0829718 15.079661 14.088334 9
1.6017752 15.54846 14.098062 12
1.0647353 15.941248 14.064607 15
2.2449877 14.757643 14.164798 15
1.752201 15.113414 14.071517 8
1.247633 15.532111 14.068233 11
0.68713665 15.891772 14.043766 16
1.9330639 14.831186 14.157209 16
1.4149833 15.128226 14.044746 9
0.89273864 15.534983 14.066357 12
0.31377956 15.816739 14.009754 13
1.6187657 14.901266 14.155288 16
1.0800872 15.128071 14.011786 9
0.53679687 15.513617 14.049571 13
-0.055300351 15.141078 13.453321 6
1.3018459 14.942617 14.131987 17
0.74906433 15.17456 14.027258 8
0.18413857 15.41548 13.970492 9
-0.40689874 14.999579 13.371408 6
0.98290122 14.998083 14.126314 21
0.4134762 15.144951 13.979583 12
-0.15822643 14.692988 13.333647 6
-0.7905724 15.641519 13.997083 9
0.66238695 15.03011 14.103141 39
0.078724384 15.149918 13.972449 51
-0.51351351 15.421656 14.014795 11
-1.149421 15.538404 13.966961 15
0.33852184 15.033002 14.062173 114
-0.24407937 14.457993 13.329268 9
-0.85928041 15.318533 13.95474 8
-1.503064 15.447483 13.954632 12
0.019004142 15.089269 14.074741 150
-0.58757257 15.155169 13.967846 81
-1.2015092 15.258951 13.934063 5
-1.8565294 15.336707 13.932152 6
-0.29037437 14.325487 13.335451 8
-0.92152756 15.141009 13.961904 108
-1.5455368 15.227653 13.952246 23
-2.2054741 15.236284 13.92846 22
-0.63272458 15.099792 14.029119 57
-1.2566068 15.141492 13.977391 55
-1.8895646 15.173233 13.957563 18
-2.5535092 15.150007 13.94457 14
-0.95867419 15.102638 14.013198 40
-1.5935732 15.12043 13.979302 17
-2.2305019 15.108217 13.959392 11
-2.8933723 15.018985 13.928399 19
-1.2896641 15.118586 14.018131 16
-1.9315848 15.103346 13.993238 13
-2.5684485 15.032113 13.956343 13
-3.2302871 14.888868 13.920351 15
-1.6175716 15.097479 13.993145 12
-2.2614856 15.042237 13.971234 12
-2.8983154 14.922005 13.929323 12
-3.5642271 14.763751 13.920315 17
-1.9475055 15.076368 13.977153 16
-2.590373 14.97013 13.946227 11
-3.2282186 14.814895 13.914303 16
-3.890137 14.621639 13.912295 12
-2.2784441 15.052256 13.963156 14
-2.9223213 14.911016 13.940217 13
-3.5602381 14.742771 13.934288 14
-4.2181139 14.493521 13.925275 9
-2.6073589 15.013147 13.943158 11
-3.2512603 14.842903 13.932211 13
-3.8871589 14.628658 13.926274 13
-4.5289655 14.320419 13.901292 9
-2.9352541 14.96104 13.91816 12
-3.5771852 14.761791 13.92121 12
-4.2060547 14.502552 13.911281 8
-4.8459096 14.168306 13.906295 16
-3.2692437 14.932921 13.922153 16
-3.9000669 14.660685 13.898212 14
-4.5179167 14.35845 13.8873 7
-5.1588717 14.017194 13.917311 18
-3.5991402 14.868813 13.899146 16
-4.2300701 14.591564 13.912203 14
-4.8348594 14.232339 13.888313 13
-5.4617982 13.849089 13.91835 17
-3.9310966 14.815697 13.895135 15
-4.5418835 14.458468 13.870228 7
-5.157887 14.128218 13.915314 16
-5.7617211 13.672983 13.919397 17
-4.2569728 14.73159 13.868132 16
-4.8597932 14.34536 13.85824 7
-5.4607582 13.970117 13.896356 16
-6.0556464 13.494881 13.921461 23
-4.5909462 14.668471 13.871111 16
-5.1898341 14.269237 13.886228 12
-5.7656794 13.819011 13.893394 16
-6.281117 13.177844 13.787683 13
-4.9239006 14.595354 13.869091 14
-5.5077763 14.156124 13.885239 16
-6.0686312 13.671904 13.900441 15
-6.3676863 12.600941 13.382239 7
-5.2437325 14.485278 13.840055 7
-5.8176289 14.016049 13.867221 15
-6.3413529 13.460854 13.847513 11
-6.5288773 12.212976 13.173591 10
-5.5706282 14.378163 13.825049 6
-6.1355863 13.896926 13.877252 16
-6.2968979 12.609076 13.138406 10
-7.1682372 12.705508 13.921875 17
-5.9106412 14.310019 13.852052 12
-6.3357081 13.526914 13.641576 10
-6.9593873 13.188589 13.919648 9
-6.4027486 10.753365 11.991574 3
-6.232511 14.190899 13.835083 15
-6.3808651 12.86405 13.113256 11
-7.2140994 12.958458 13.864895 4
-7.6950088 12.286202 13.929345 28
-6.2582679 13.424976 13.19894 8
-7.049201 13.453463 13.861658 16
-6.4294224 10.950289 11.896748 22
-7.9498334 12.073078 13.937659 17
-6.8842211 13.954517 13.834392 11
-7.3530426 13.30332 13.86885 16
-7.7788029 12.600148 13.8844 10
-8.2057333 11.863962 13.95792 16
-7.1890068 13.793403 13.801493 15
-6.4899974 11.134293 11.764721 3
-8.0547543 12.414042 13.897526 14
-8.4576912 11.650862 13.977107 11
-7.5179753 13.667275 13.812481 17
-7.9368334 12.956101 13.858033 6
-8.3206701 12.21294 13.900677 22
-8.672492 11.392791 13.948391 11
-7.8328881 13.517159 13.807503 19
-8.2247372 12.775994 13.854124 15
-8.5946569 12.026831 13.925808 16
-8.9275341 11.190681 13.994574 16
-8.1548538 13.376034 13.819507 15
-8.5217094 12.605877 13.872193 19
-8.8555851 11.819731 13.933971 14
-9.1444168 10.946602 13.991856 15
-8.4717855 13.218898 13.824542 9
-8.7935591 12.401751 13.857368 18
-9.1054678 11.599592 13.935225 9
-9.3683186 10.710456 14.004198 19
-8.77666 13.042728 13.818673 9
-9.0804958 12.218578 13.874546 18
-9.3473358 11.373444 13.93452 14
-9.5982876 10.4843 14.038527 12
-9.0795202 12.858559 13.809808 14
-9.3573933 12.017414 13.88075 17
-9.5932274 11.153968 13.948113 16
-9.8001032 10.232517 14.042511 11
-9.3793678 12.666441 13.805953 13
-9.6402969 11.823296 13.901882 15
-9.8351021 10.928191 13.961985 16
-9.9889174 9.9700975 14.035184 13
-9.6923313 12.491295 13.825991 19
-9.9001722 11.60218 13.898057 10
-10.070016 10.69708 13.973228 16
-10.193868 9.7259941 14.060509 17
-9.9822073 12.285169 13.820085 16
-10.161071 11.379062 13.902228 15
-10.304952 10.466966 13.991471 17
-10.388792 9.4758978 14.07786 16
-10.272086 12.071041 13.816175 17
-10.430018 11.165925 13.923391 16
-10.525847 10.221845 14.000772 11
-10.578712 9.2227764 14.098257 15
-10.582062 11.881858 13.847265 12
-10.682898 10.932776 13.927629 16
-10.728681 9.9627218 13.993143 12
-10.75962 8.9636517 14.116689 22
-10.868953 11.661695 13.85341 8
-10.933799 10.697625 13.93987 16
-10.946591 9.7175827 14.010474 15
-10.931507 8.702528 14.132157 14
-11.157846 11.441525 13.867576 17
-11.175645 10.453474 13.945172 16
-11.156462 9.465436 14.028873 16
-11.078272 8.4214211 14.118723 16
-11.434677 11.201357 13.870792 16
-11.470714 10.256269 14.02435 8
-11.342257 9.1963091 14.024336 15
-11.254196 8.1652813 14.156214 19
-11.691459 10.945204 13.859062 17
-11.645321 9.9471703 13.959832 15
-11.574251 8.964139 14.082678 16
-11.417084 7.9021511 14.182739 21
-11.965323 10.700034 13.874287 12
-11.878187 9.6940174 13.977168 16
-11.755078 8.6890249 14.085126 13
-11.556931 7.6260648 14.188276 23
-12.256302 10.467886 13.913385 13
-12.10811 9.4359131 13.996404 20
-11.929948 8.41395 14.088513 16
-11.704859 7.3549943 14.211744 17
-12.476844 10.174686 13.882881 13
-12.328671 9.1687307 14.013925 16
-12.118425 8.1508131 14.118138 16
-11.827135 7.0729313 14.213557 12
-12.511636 9.7348633 13.653606 13
-12.54124 8.89674 14.02821 17
-12.274964 7.8638144 14.117631 18
-11.950712 6.7939105 14.223204 16
-12.520534 9.2879591 13.414516 15
-12.5704 8.4957809 13.845079 17
-12.454867 7.5937195 14.150064 16
-12.067636 6.511858 14.233746 15
-12.512664 8.8450613 13.172351 12
-12.567663 8.0858641 13.642908 10
-12.567639 7.282691 14.110604 11
-12.202624 6.2407775 14.270257 17
-12.535913 8.4371071 12.976154 10
-12.589001 7.7038846 13.478748 12
-12.623184 6.943656 14.020384 15
-12.314498 5.9616766 14.287901 23
-13.749927 8.8041506 14.00695 12
-12.562157 7.3019042 13.272801 12
-12.635535 6.5895987 13.891406 12
-12.46039 5.6984577 14.352633 13
-13.953562 8.4889078 14.000613 19
-12.573508 6.9317451 13.121866 14
-12.663155 6.2483435 13.786349 11
-12.447114 5.3641586 14.241606 13
-14.173716 8.1823969 14.017984 21
-12.632174 6.5964236 13.029763 10
-12.666592 5.9030857 13.667487 14
-12.603192 5.1084023 14.33281 20
-14.370375 7.8608785 14.022073 19
-12.759873 6.3020139 13.018899 2
-12.69109 5.575798 13.580849 10
-12.63067 4.8025212 14.283756 15
-14.60014 7.5547957 14.062516 14
-14.034992 6.543961 14.171713 15
-12.695327 5.246006 13.479943 11
-12.672945 4.5049286 14.259793 22
-14.761136 7.2124767 14.046268 14
-14.164881 6.2181778 14.163531 18
-12.696205 4.9170394 13.384066 14
-12.709171 4.2086697 14.235833 19
-14.971704 6.8898721 14.085946 27
-14.385789 5.9320197 14.255141 13
-12.675623 4.5890684 13.273198 12
-12.705778 3.9026804 14.171847 17
-12.667947 5.4736862 11.793612 11
-14.399182 5.5581312 14.14889 8
-12.71932 4.2891297 13.237859 11
-12.777818 3.6233974 14.202408 13
-15.321427 6.2093635 14.115924 15
-14.578127 5.251545 14.212801 14
-12.755871 3.9888513 13.204211 12
-12.75101 3.3196301 14.128027 16
-15.576125 5.8956718 14.217561 11
-14.66658 4.9111781 14.194572 16
-12.798241 3.692239 13.180151 8
-12.791332 3.037816 14.136019 15
-15.609041 5.4987073 14.124742 12
-14.759678 4.571876 14.191899 16
-12.830339 3.3969226 13.154722 6
-12.791407 2.7456892 14.104786 14
-15.78849 5.1534996 14.172934 14
-14.864246 4.2387838 14.20687 14
-12.88031 3.1067479 13.152507 5
-12.796227 2.4605641 14.084444 17
-15.897328 4.7806668 14.164471 17
-14.921034 3.892024 14.182643 10
-12.936986 2.8201756 13.166348 4
-12.823149 2.1818426 14.095389 16
-15.975089 4.4026484 14.138124 16
-14.992869 3.5479989 14.180325 13
-12.981863 2.531157 13.172121 2
-12.865699 1.904905 14.131474 15
-16.074261 4.0285645 14.140595 11
-15.08269 3.2079835 14.207131 16
-14.092438 2.4234247 14.263255 7
-12.86167 1.6210808 14.118974 14
-16.120602 3.6415081 14.104772 14
-15.099366 2.8549612 14.168969 17
-14.096163 2.1054029 14.239141 12
-12.864479 1.3430485 14.120876 14
-16.229431 3.2694085 14.130372 11
-15.169196 2.5128839 14.18968 10
-14.11194 1.791366 14.233996 12
-12.856277 1.0640239 14.117806 16
-16.276052 2.8863878 14.111542 13
-15.180813 2.1608965 14.161927 12
-14.109604 1.4754214 14.218293 16
-12.777803 0.78422332 14.04233 20
-16.354847 2.5075192 14.130278 9
-15.191516 1.8121487 14.142895 13
-14.125384 1.1626952 14.225292 15
-12.879912 0.51738846 14.17014 16
-16.363083 2.121371 14.087976 13
-15.208884 1.466776 14.131928 14
-14.122804 0.85213685 14.214702 9
-12.863424 0.24362543 14.166863 16
-16.384729 1.7353461 14.073012 13
-15.247702 1.1217365 14.153834 14
-13.079807 0.49995598 13.172424 2
-12.847213 -0.029317424 14.175741 17
-16.411472 1.3494798 14.072705 15
-15.243569 0.77346045 14.142532 18
-13.095626 0.21163206 13.200336 2
-12.856979 -0.29977179 14.220005 30
-16.39295 0.96206445 14.042233 10
-15.237957 0.42565247 14.141212 16
-13.127311 -0.075029656 13.249631 3
-12.681221 -0.56505412 14.064629 12
-16.421452 0.57954103 14.05928 14
-15.229275 0.079904288 14.142369 14
-13.101547 -0.36397737 13.250916 3
-12.802776 -0.84138727 14.243754 24
-16.418507 0.19218397 14.061021 17
-12.923892 -0.22751386 12.020214 5
-13.073907 -0.65009016 13.254578 5
-12.763294 -1.1094059 14.249103 23
-16.384314 -0.19097392 14.042022 15
-15.120085 -0.60835236 14.084132 7
-13.071924 -0.93692529 13.289472 7
-12.664099 -1.3701388 14.194359 10
-16.36902 -0.57346278 14.048082 11
-15.151117 -0.95404708 14.145086 17
-13.051839 -1.2239257 13.310416 8
-12.70724 -1.6461973 14.301143 15
-16.324821 -0.95744205 14.03905 14
-15.094469 -1.2948899 14.133332 16
-13.059891 -1.5166316 13.370673 8
-12.613441 -1.9067501 14.265821 27
-16.290091 -1.3445277 14.046865 14
-15.035133 -1.6379712 14.127896 18
-13.062268 -1.8086851 13.42879 12
-12.598315 -2.175905 14.318793 11
-16.262897 -1.7265604 14.0688 16
-15.013989 -1.9830114 14.162829 16
-13.061222 -2.1017454 13.491695 14
-12.490009 -2.4268594 14.271985 24
-16.176601 -2.1045442 14.049886 15
-14.908674 -2.3149762 14.126982 17
-13.023001 -2.3897405 13.521104 12
-12.412711 -2.6838052 14.26749 32
-16.08523 -2.478462 14.034438 18
-14.824341 -2.6468163 14.118569 19
-13.042047 -2.688643 13.616057 17
-12.342548 -2.9385481 14.273746 22
-16.040066 -2.8591607 14.065636 20
-14.761169 -2.9845078 14.138828 18
-13.086135 -2.9964614 13.746093 14
-12.260222 -3.1902528 14.271246 20
-15.929659 -3.227911 14.051154 19
-14.652778 -3.3113234 14.122291 18
-13.107119 -3.3044572 13.861129 12
-12.163018 -3.4361749 14.25642 24
-15.889562 -3.6118929 14.106131 5
-13.090117 -3.6064601 13.939082 13
-12.085885 -3.6881196 14.271541 11
-15.758297 -3.9747984 14.089345 17
-13.105225 -3.9214983 14.062951 17
-11.99572 -3.9360518 14.272698 26
-15.626054 -4.3367076 14.081561 20
-14.369246 -4.2951303 14.157697 21
-13.057182 -4.2194786 14.123984 16
-11.917604 -4.1859994 14.294826 26
-15.536919 -4.7096567 14.118668 16
-14.166859 -4.5899739 14.078115 5
-13.023192 -4.5244741 14.206981 20
-11.750239 -4.4018736 14.213185 13
-15.345543 -5.0485978 14.071037 18
-13.300869 -4.6467748 13.338137 3
-12.961015 -4.8225303 14.266777 9
-11.71612 -4.6723762 14.300808 18
-15.208128 -5.4056921 14.081682 19
-13.234624 -4.9657369 13.401663 6
-12.761439 -5.0703707 14.184656 11
-11.605807 -4.909688 14.297623 16
-10.643564 -4.0747356 9.9664574 2
-13.218655 -5.30511 13.523447 11
-10.254241 -4.3382411 11.517314 7
-11.504689 -5.1494098 14.31381 25
-10.5705 -4.3355308 10.008557 2
-10.203835 -4.3715606 10.558461 40
-9.7189102 -4.3646121 11.03468 47
-11.365408 -5.3723893 14.284941 23
-10.564519 -4.6276455 10.12334 2
-10.078577 -4.5915451 10.550594 3
-11.270251 -5.6131268 14.316187 21
-8.9528084 -4.693779 11.502149 2
-9.313201 -5.0330105 10.133466 2
-11.079435 -6.4993601 11.390733 39
-10.547474 -6.528923 11.026082 39
-8.2190247 -5.3164339 10.216399 2
-7.5083127 -4.9831133 10.273314 1
-10.06061 -6.5615268 10.701319 39
-9.8563356 -6.5467348 11.401843 48
-8.1029234 -5.4933662 10.226648 2
-7.4072084 -5.1380501 10.278533 1
-9.54568 -6.5511031 10.34064 36
-9.4275188 -6.5753746 11.094934 47
-7.9778147 -5.6672931 10.233921 1
-8.9394197 -6.4498844 9.8701029 40
-9.0255785 -6.6047268 10.814681 46
-8.8542995 -6.5823622 11.544974 27
-7.1285043 -5.3931074 10.189696 2
-8.5414085 -6.4769449 9.620513 40
-8.640521 -6.6298437 10.54805 46
-8.4973059 -6.6092305 11.275388 42
-7.0623851 -5.5747881 10.255514 4
-8.2088089 -6.5369892 9.4431725 58
-8.0713358 -6.4901896 10.048557 42
-7.3012071 -5.9376006 9.8667755 33
-6.976388 -5.7425995 10.298702 12
-7.1545877 -5.9796691 8.4151459 43
-7.1021008 -5.9819236 9.0272923 44
-6.9724674 -5.9282765 9.6045446 49
-6.8852944 -5.9106088 10.339752 40
-6.8490343 -6.0034356 8.242816 46
-6.8034892 -5.9996881 8.8359623 52
-6.7199855 -5.9679213 9.440217 51
-6.7089601 -6.0023012 10.254258 39
-6.6467924 -6.1111603 8.1933775 49
-6.670392 -6.1564832 8.8583288 46
-6.6821375 -6.1988244 9.5823116 49
-6.6740994 -6.2211928 10.390351 16
-6.595943 -6.3560719 8.3354998 28
-6.6776981 -6.4494581 9.0762844 49
-6.7064953 -6.4968109 9.8242235 53
-6.7295556 -6.5362082 10.678182 40
-6.650394 -6.7181153 8.6273108 49
-6.6990666 -6.7684503 9.3262005 63
-6.4780998 -6.5534678 9.7028818 53
-6.6325231 -6.7120161 10.73446 48
-6.4471893 -6.8258457 8.5928841 51
-6.4396615 -6.8070931 9.1949463 51
-6.2597375 -6.613142 9.5955105 60
-6.28866 -6.6304941 10.391466 36
-6.1687937 -6.8474889 8.4596834 47
-6.1581926 -6.8127131 9.0297585 57
-6.0805058 -6.7088704 9.5490294 68
-5.9618454 -6.5510015 10.067424 42
-5.9263639 -6.831635 9.5454741 59
-5.7393856 -6.5726523 9.9110765 40
-5.7491508 -6.9233708 9.5049896 21
-5.5179296 -6.5873098 9.7537279 44
-5.3436241 -6.8464503 8.0480661 36
-5.5950236 -7.0411391 9.5054398 1
-5.3195534 -6.6220002 9.6333141 50
-5.1213818 -6.890173 7.9807086 55
-5.1723704 -6.7157607 9.605751 56
-4.8881063 -6.909884 7.8933849 54
-5.0412731 -7.0308609 8.591795 1
-5.0347676 -6.8191404 9.5988989 62
-4.6563678 -6.9174285 7.8037887 51
-4.7758093 -6.9886618 8.4234934 2
-4.876545 -6.9000278 9.5573015 38
-4.4242539 -6.9226971 7.7114129 51
-4.4703588 -6.8720431 8.1712151 16
-4.7346683 -7.0028811 9.5475216 7
-4.2150002 -6.9485426 7.6538591 49
-4.2681246 -6.8977795 8.1017866 38
-4.0027776 -6.9612689 7.5874929 42
-4.0739064 -6.9275126 8.0423651 47
-3.7985907 -6.9810095 7.5371008 34
-3.8736668 -6.9402394 7.9699664 51
-4.0392036 -7.0556302 8.627533 1
-3.5974011 -6.9937534 7.4837036 37
-3.6754341 -6.9469714 7.8985643 46
-3.840903 -7.0553398 8.5281372 1
-3.3942103 -6.9974971 7.4273133 35
-3.4882426 -6.9687209 7.847126 44
-3.5943887 -6.9569726 8.3179016 2
-3.2000513 -7.0102553 7.3858948 32
-3.2990434 -6.9794693 7.7896957 38
-3.3860242 -6.9146681 8.1815424 15
-2.9988587 -6.9980025 7.3245025 29
-3.115869 -6.9952283 7.743247 37
-3.2088115 -6.9294186 8.120079 27
-2.8056982 -6.9947643 7.2780833 31
-2.9367089 -7.0119948 7.7027864 33
-3.0456634 -6.968194 8.0905695 35
-2.6215692 -7.00454 7.2476363 30
-2.7525201 -7.0077529 7.6453452 35
-2.864413 -6.9579382 8.007123 33
-2.4414637 -7.0163236 7.2271748 26
-2.5743661 -7.0165243 7.6048818 34
-2.6972356 -6.9737077 7.9596305 31
-2.2629192 -7.0231042 7.2065072 28
-2.3947406 -7.0052643 7.5502028 31
-2.5386617 -7.0094423 7.9398632 29
-2.6875908 -6.9796219 8.3265219 2
-2.0868008 -7.0299945 7.1879601 24
-2.2256045 -7.0201545 7.5266371 30
-2.3634133 -6.9933138 7.8643217 28
-2.5162904 -6.9624882 8.2299719 9
-1.9106908 -7.034884 7.1724119 27
-2.0514395 -7.0160379 7.4870872 29
-2.1972251 -6.9981985 7.8177505 29
-2.3610902 -6.983377 8.1823692 4
-1.7386146 -7.0497813 7.1728497 26
-1.8833016 -7.0209279 7.4605184 27
-2.0360706 -7.0140901 7.7871618 29
-2.2018554 -6.9872589 8.1167803 6
-1.5685344 -7.0576777 7.1702819 26
-1.7181894 -7.0328231 7.4459381 28
-1.8738946 -7.0159774 7.7445788 25
-2.0456553 -7.0011463 8.0671797 13
-1.3984574 -7.0645738 7.1687131 25
-1.5540793 -7.0407181 7.431356 28
-1.7117186 -7.013865 7.700994 23
-1.891451 -7.0090342 8.014575 18
-1.1029696 -6.3292041 6.4226446 25
-1.3939929 -7.0586181 7.4287586 27
-1.5576081 -7.0387654 7.6903815 25
-1.7402802 -7.0279279 7.9779577 17
-0.95594859 -6.3521204 6.4460096 23
-1.1034148 -6.3222413 6.6426735 26
-1.3994579 -7.0386572 7.657784 19
-1.5871003 -7.0368195 7.9353466 16
-0.80485415 -6.3310237 6.4293947 21
-0.95933086 -6.3261504 6.6360354 23
-1.110761 -6.2892685 6.8166924 21
-1.4359429 -7.0537143 7.9037266 14
-0.65580177 -6.325933 6.4337692 21
-0.81626987 -6.3360624 6.6403933 25
-0.97165138 -6.295177 6.8000417 20
-1.1451182 -6.2863111 7.0026402 16
-0.56824309 -7.1010818 7.2337942 18
-0.67320597 -6.3419738 6.6427493 23
-0.83354908 -6.3010859 6.7863874 21
-1.0099669 -6.2892156 6.9679799 15
-0.53320599 -6.3758945 6.6780896 2
-0.69544595 -6.3039942 6.7717319 20
-0.87582606 -6.2951221 6.9383154 16
-0.43360487 -7.1210265 7.4591541 3
-0.56041133 -6.3349133 6.7920609 3
-0.74067765 -6.2930264 6.9036536 16
-0.47228098 -7.107182 7.603971 4
-0.60898346 -6.3180556 6.9008632 13
-0.53145319 -7.0892129 7.7108622 12
1.5900409 -5.4295983 6.1333661 0
1.710011 -5.3855395 6.1496582 1
2.4590313 -7.1506705 8.2559786 29
2.6527705 -7.1806026 8.3884239 24
2.3503008 -7.1786985 8.1627226 21
2.8425288 -7.1915331 8.5088654 5
2.534122 -7.1956258 8.2571487 36
2.26455 -7.244719 8.0865116 2
2.7060068 -7.1765509 8.316555 33
2.4175901 -7.1806345 8.0688848 32
2.8918247 -7.1824765 8.4099874 34
2.5944734 -7.1865587 8.1342974 35
3.0846043 -7.1994038 8.5224342 6
2.7823088 -7.2084823 8.2237291 36
2.4830344 -7.1955571 7.9110384 32
2.9592133 -7.1944098 8.2761402 35
2.664947 -7.2064991 7.9664397 33
3.1560323 -7.2204041 8.379528 17
2.8458738 -7.2094855 8.0177984 34
3.3409147 -7.2103968 8.447897 20
3.0307856 -7.2144742 8.0761642 36
4.2538867 -7.2072458 9.4542809 30
3.5369542 -7.2122083 8.5316563 6
3.2238345 -7.2231975 8.1409426 38
4.482533 -7.2243013 9.6397142 30
4.0957069 -7.2372661 9.1168365 35
3.4187191 -7.2332106 8.2153072 34
4.6374745 -7.1163235 9.6670389 24
4.3034816 -7.2303028 9.239233 35
3.6116314 -7.2252178 8.273675 25
4.6678791 -6.8292923 9.4491673 26
4.5232177 -7.2343454 9.3816519 45
4.1613798 -7.242291 8.8608322 40
3.8394029 -7.276247 8.4080915 12
4.6922679 -6.5522652 9.2402811 33
4.6552877 -7.0933475 9.3439388 31
4.3951106 -7.2753296 9.0112677 38
4.0472674 -7.2772632 8.4904842 27
4.8351998 -6.4462943 9.2725811 29
4.6707582 -6.7913022 9.0920458 32
4.5989604 -7.2473545 9.0956621 47
4.2551413 -7.2682786 8.5668793 38
5.0717916 -6.4593668 9.4840336 25
4.7111106 -6.5402732 8.9041862 40
4.6752539 -7.0253239 8.9398661 37
4.4769678 -7.2733011 8.6682987 40
5.2784967 -6.4264269 9.6354389 17
4.8789959 -6.4693031 8.9645262 44
4.6997032 -6.7382741 8.6999893 36
4.6659112 -7.2193093 8.7046719 39
6.0891581 -7.0857406 10.857837 29
5.1136522 -6.4803438 9.1449871 45
4.7749443 -6.5362148 8.5692177 39
4.6963668 -6.9271941 8.4568586 33
6.5161562 -7.2517953 11.367688 26
5.3193984 -6.445312 9.271451 7
4.973763 -6.5031705 8.6626654 37
4.7277808 -6.6520696 8.2300549 36
6.8066144 -7.2497921 11.633321 27
6.1222448 -7.0905004 10.401897 42
5.1656008 -6.4551234 8.7441053 45
4.8658333 -6.5349927 8.1994095 44
7.1110301 -7.2497931 11.919981 26
6.3948231 -7.0874791 10.612491 35
6.1390557 -7.3283453 10.099815 48
5.0966053 -6.5359488 8.3209105 43
7.4104657 -7.2337904 12.194637 15
6.6903338 -7.0974646 10.857126 9
6.3389511 -7.2373223 10.159238 48
5.2985296 -6.4920053 8.3962088 31
7.6981335 -7.195066 12.445946 5
7.1884918 -7.2978802 11.413652 31
6.5340843 -7.1376481 10.212191 53
7.5022726 -7.2923169 11.669777 24
6.805006 -7.1140122 10.382257 41
6.9715643 -5.9764414 10.916988 2
7.859385 -7.3105822 11.9849 23
7.1138458 -7.1129169 10.601263 42
6.9530945 -7.4287481 10.119635 32
8.1929827 -7.2944717 12.259963 11
7.4787092 -7.1540389 10.900537 27
7.1492605 -7.3057652 10.144797 58
8.4785051 -7.2225299 12.459543 4
8.0225325 -7.3400979 11.443661 33
7.3708587 -7.2015567 10.207652 50
8.3775072 -7.3325081 11.712353 37
7.6870456 -7.180007 10.399237 37
8.7752209 -7.3440289 12.031878 29
8.0562296 -7.1893187 10.654577 31
7.8246737 -5.3614483 11.442178 3
7.8808193 -5.8771858 11.042149 2
9.1600008 -7.3269024 12.327298 15
8.3829966 -7.1476884 10.848826 12
7.9349275 -5.6528687 10.95364 2
9.4925556 -7.2515025 12.546351 3
9.092802 -7.4032741 11.524533 32
8.1348877 -5.5311422 11.075036 2
9.5234804 -7.4003863 11.835668 35
10.728548 -6.3692966 15.164524 14
8.4193754 -5.4609942 11.307668 2
9.993845 -7.4102411 12.181987 29
10.731709 -6.0747151 15.022465 11
10.413882 -7.3686333 12.466141 11
10.762851 -5.7946491 14.923656 8
10.780004 -5.5125852 14.818816 8
9.0341997 -5.4485497 11.058023 3
10.794358 -5.2348118 14.71368 10
12.077409 -6.421772 15.43971 13
10.84878 -4.9813385 14.674344 8
12.22371 -6.1633277 15.462492 13
10.881251 -4.7228589 14.610977 5
12.357036 -5.9008865 15.475258 10
13.123807 -6.754869 15.423785 7
10.908858 -4.4634709 14.54627 3
12.447751 -5.6173148 15.441557 10
13.33224 -6.4939685 15.486652 12
10.977991 -4.2255616 14.542302 3
12.574636 -5.3503785 15.459871 10
13.510869 -6.2170067 15.523269 14
11.051461 -3.9902046 14.554098 2
12.669969 -5.0717535 15.450059 13
13.665017 -5.9231343 15.537924 9
11.806911 -3.9835696 15.462625 12
12.749546 -4.7874246 15.427244 8
13.782968 -5.6122441 15.520071 13
14.827547 -6.4569783 15.562942 15
11.870469 -3.7283392 15.469172 13
12.89178 -4.5231485 15.485138 13
13.92713 -5.311471 15.540047 13
15.005535 -6.1257558 15.577047 15
11.95613 -3.4814179 15.504827 10
12.969642 -4.2387133 15.474713 13
14.085886 -5.0169969 15.580818 9
15.13441 -5.7782607 15.5488 12
11.974057 -3.217011 15.463242 7
13.060585 -3.9558601 15.485591 14
14.147634 -4.6821327 15.525357 9
15.320008 -5.4483714 15.59075 19
12.029625 -2.9625077 15.477096 13
13.133092 -3.6697791 15.482348 14
14.120764 -4.3301044 15.38036 10
15.478992 -5.1083364 15.606627 11
12.090001 -2.7164035 15.49653 14
13.331404 -3.4227152 15.627559 4
14.365202 -4.0611424 15.534072 15
15.559747 -4.7475924 15.553807 14
12.176884 -2.4732673 15.554328 4
13.314477 -3.1169052 15.524123 13
14.48001 -3.7503431 15.551867 15
15.728532 -4.4087405 15.59472 19
12.176888 -2.2124479 15.50762 12
13.381427 -2.8298569 15.530404 13
14.657798 -3.4492664 15.645282 9
15.832503 -4.0446334 15.579934 19
12.238782 -1.963431 15.546958 13
13.446364 -2.5428097 15.540681 12
14.66888 -3.1091909 15.570394 14
15.967389 -3.6895292 15.608194 15
12.262754 -1.7074107 15.540229 7
13.493227 -2.2507834 15.536004 11
14.751609 -2.7851639 15.580806 15
16.054047 -3.3235042 15.595654 16
12.272369 -1.4514612 15.523771 11
13.559753 -1.964821 15.561604 10
14.838125 -2.4601848 15.602401 14
16.16255 -2.9605083 15.615245 14
12.272994 -1.1975126 15.5003 14
11.409412 -1.4087489 13.066574 8
14.87172 -2.1262083 15.574908 13
16.220947 -2.5865033 15.59494 23
12.317183 -0.94653732 15.539192 12
13.596455 -1.3788509 15.523119 14
14.969522 -1.801175 15.62521 9
16.31078 -2.2164578 15.613248 18
12.333094 -0.6945262 15.547322 9
13.631339 -1.0868311 15.534302 14
15.021389 -1.470145 15.634437 14
16.02916 -1.8024348 15.289954 11
12.307502 -0.43850082 15.507043 9
13.666058 -0.79378319 15.548723 14
15.026593 -1.1310627 15.600341 16
16.479113 -1.4682922 15.66503 16
12.293162 -0.18631907 15.4812 10
13.693255 -0.50057787 15.558018 12
15.047403 -0.79583776 15.588778 11
16.499517 -1.0840536 15.640676 19
12.343234 0.064593337 15.546239 13
13.694606 -0.20776087 15.548875 13
15.146802 -0.46313158 15.669628 14
16.560162 -0.70546901 15.667295 17
12.334002 0.31821507 15.541908 9
13.726173 0.085971102 15.579598 14
15.11433 -0.12427413 15.621279 13
16.577478 -0.3214753 15.66205 16
12.312273 0.56831348 15.526698 11
13.735385 0.38007748 15.592421 11
15.126397 0.21276455 15.629285 13
16.587408 0.061487231 15.660262 17
12.318107 0.82219678 15.552017 11
13.719113 0.6728856 15.585916 11
15.10112 0.54856545 15.607812 11
16.609049 0.44628033 15.679902 15
12.297855 1.0720103 15.551464 8
13.688866 0.96773922 15.568335 11
15.1118 0.88846135 15.630269 12
16.581764 0.83122522 15.661284 18
12.302533 1.3269571 15.585776 6
13.647558 1.2586526 15.545676 10
15.118354 1.2283298 15.657784 11
16.581264 1.2160488 15.678907 17
12.273136 1.5767937 15.5832 10
13.654227 1.556554 15.584042 12
15.096197 1.5663065 15.662969 14
16.543251 1.6011031 15.669903 14
11.29702 1.6840361 14.383675 3
13.612346 1.8476356 15.572915 15
15.02729 1.9013693 15.627847 12
16.536196 1.9881452 15.697917 18
11.275055 1.9150703 14.39664 4
13.549419 2.134676 15.543829 14
15.009264 2.2394061 15.652833 12
16.495173 2.3721814 15.703881 14
11.262063 2.1501002 14.426617 4
13.533403 2.4307086 15.575809 12
14.909347 2.5674329 15.599716 11
16.462116 2.7611957 15.726886 14
11.215124 2.3781137 14.416578 7
13.566196 2.7376401 15.672997 5
14.907084 2.9103003 15.657964 13
16.325918 3.1289876 15.66207 13
11.227735 2.6208825 14.487924 8
13.41303 3.0063982 15.560166 10
14.794799 3.2340384 15.610239 15
16.264521 3.5107117 15.677472 13
11.213537 2.8586643 14.531128 8
13.36001 3.2981656 15.570234 14
14.759877 3.5757947 15.650214 15
16.211754 3.8964517 15.71127 17
11.184822 3.0944834 14.558993 9
13.285792 3.5837893 15.56354 14
14.671606 3.9034169 15.643563 14
16.019552 4.2470784 15.618537 12
11.1984 3.3451786 14.650413 8
13.213983 3.8686485 15.564396 14
14.619725 4.2422547 15.680455 9
15.928689 4.6208973 15.633373 17
11.210469 3.5990462 14.741402 9
13.095914 4.1418962 15.514467 9
14.525511 4.5704885 15.68254 5
15.800414 4.9861293 15.618402 14
11.174066 3.8393724 14.774788 9
12.912013 4.3898749 15.397324 10
14.316586 4.8594542 15.56838 16
15.618388 5.3320765 15.562304 20
11.251744 4.1243148 14.966008 9
12.967696 4.7218165 15.570535 14
14.193519 5.1744075 15.555347 14
15.457321 5.6820197 15.535237 17
11.240404 4.3812385 15.0473 11
12.817142 4.9826884 15.508143 13
14.067722 5.4903016 15.549191 10
15.38224 6.0679493 15.607383 8
11.227466 4.6411605 15.134117 9
12.672613 5.2417297 15.456497 11
13.883182 5.7813511 15.486547 14
15.093787 6.3630095 15.469637 17
11.232836 4.9161401 15.252545 11
12.569255 5.5187106 15.460705 5
13.780886 6.1042981 15.520685 5
14.911695 6.6989188 15.446558 15
11.192669 5.1710753 15.31362 13
11.446112 5.3198123 14.212045 3
13.519993 6.3542299 15.383452 10
14.675674 7.0098257 15.378392 15
11.136523 5.4230084 15.360672 14
11.369965 5.5847411 14.253078 7
13.38287 6.6611443 15.391421 14
14.408702 7.2987313 15.283173 12
11.066045 5.6704922 15.392153 14
11.333306 5.8731356 14.350677 8
13.181374 6.935533 15.336813 15
14.323871 7.6820502 15.390836 11
10.949794 5.8952355 15.369342 15
11.270913 6.1508646 14.423976 8
13.013083 7.2232337 15.326009 13
14.001866 7.9347401 15.251747 15
10.798871 6.1020098 15.301308 8
11.344626 6.5115924 14.682218 8
12.795468 7.4839768 15.264655 9
13.763292 8.2304554 15.2103 13
10.726884 6.3527107 15.350385 11
11.353144 6.8461905 14.866693 11
12.632211 7.7735829 15.274916 8
13.516078 8.5160627 15.166484 11
10.566988 6.5545001 15.28133 14
11.337111 7.1720028 15.029678 11
11.507293 7.4415731 14.120012 6
13.252382 8.7888556 15.11307 12
10.443977 6.7767668 15.266396 13
11.287795 7.4882236 15.159856 12
11.449847 7.7737713 14.258206 7
12.965255 9.0400877 15.035827 11
10.292008 6.9807248 15.217277 15
11.200603 7.7811408 15.249865 9
11.44544 8.1546583 14.480368 11
12.785092 9.3639784 15.090726 9
10.152999 7.194675 15.19618 13
10.981677 7.9840846 15.167657 11
11.440016 8.5445395 14.713532 7
12.500112 9.6138773 15.034451 6
10.021562 7.4155383 15.189531 14
10.771045 8.1929159 15.107197 9
11.43274 8.9453344 14.961589 10
11.497595 9.2758465 14.107958 9
9.8539114 7.609478 15.135928 7
10.590433 8.4228859 15.091465 12
11.320877 9.2752743 15.086031 7
11.503514 9.7327499 14.40758 9
9.7214947 7.8304234 15.142087 8
10.394205 8.6388121 15.059454 14
11.087765 9.5111647 15.061884 9
11.500896 10.199568 14.71583 12
9.5564957 8.0263491 15.101964 10
10.212139 8.8667097 15.055326 13
10.833765 9.7240496 15.014649 12
11.409435 10.606389 14.932924 8
9.3815079 8.2152729 15.054825 15
9.9781933 9.0486193 14.980101 9
10.585746 9.9389305 14.980424 11
11.176271 10.887233 14.979756 8
9.2224751 8.41819 15.035715 15
9.8010931 9.2835073 14.997986 5
10.329741 10.143809 14.940184 9
10.831365 11.0531 14.880374 13
9.060441 8.6181049 15.018601 14
9.5940666 9.487401 14.973812 10
10.060752 10.337687 14.890922 14
10.523373 11.247955 14.833059 12
8.8774538 8.8000221 14.97445 13
9.3630905 9.6673012 14.920595 9
9.8157082 10.546556 14.876701 9
10.219352 11.449802 14.803755 14
8.722374 9.0129242 14.984355 13
9.1390877 9.8531933 14.884392 11
9.5666904 10.753469 14.866418 5
9.9134035 11.640742 14.773319 13
8.514533 9.170989 14.910006 6
8.9211864 10.047268 14.863982 12
9.3107738 10.954516 14.856946 11
9.6075087 11.83077 14.751759 16
8.3735142 9.4030666 14.960737 10
8.7132502 10.251335 14.866592 9
9.0299244 11.122572 14.809422 15
9.2946339 12.006797 14.722181 13
8.1617002 9.5561733 14.891326 14
8.4773798 10.423409 14.832146 12
8.7510681 11.286625 14.768898 13
8.9677629 12.158786 14.676629 9
7.9587951 9.7221861 14.844026 13
8.2334509 10.58336 14.784827 9
8.4770756 11.456507 14.744594 14
8.6597519 12.330643 14.665278 8
7.7897196 9.9300966 14.867883 14
7.9944682 10.750262 14.754569 6
8.1861324 11.599394 14.693253 13
8.3646946 12.518492 14.682955 10
7.579762 10.088022 14.82166 14
7.782393 10.952149 14.780366 8
7.9220934 11.779263 14.699969 13
8.0167942 12.62436 14.612521 17
7.378767 10.25794 14.799457 12
7.5274391 11.09705 14.736078 12
7.6331377 11.915146 14.660631 12
7.6938171 12.758215 14.590137 18
7.1742706 10.42406 14.774679 15
7.2759686 11.240154 14.696207 15
7.3536201 12.069219 14.64871 14
7.363338 12.877273 14.556119 17
6.9632826 10.584973 14.74947 13
7.0249877 11.388046 14.669941 15
7.0477033 12.174102 14.588354 12
7.0393543 13.003122 14.540749 17
6.7363348 10.72589 14.699232 10
6.7809734 11.547933 14.664691 12
5.7324309 10.439535 12.368819 52
6.7083988 13.106976 14.511362 15
6.542263 10.919785 14.727063 8
6.5214944 11.677586 14.629402 12
6.5105982 12.509338 14.640796 5
6.3800044 13.208122 14.489983 15
6.3221345 11.071757 14.704818 11
6.2704372 11.822549 14.621129 13
6.1847806 12.557331 14.5424 7
5.724297 12.583402 13.691863 10
6.0950565 11.209785 14.670578 13
5.6586013 11.251932 13.748084 10
5.5649443 11.964717 13.721352 11
5.6429567 13.201021 14.250182 8
5.5207243 10.679831 13.784724 12
5.5821528 11.722508 14.154494 8
5.5367899 12.637261 14.353091 10
5.385591 13.449076 14.416525 23
5.5538726 11.321973 14.411591 10
5.4795837 12.184752 14.548144 14
5.296545 12.865636 14.484482 12
5.0615067 13.539514 14.419767 16
5.3925762 11.609329 14.582061 16
5.2045512 12.279221 14.506398 10
4.9954848 12.955089 14.466727 16
4.7275076 13.594123 14.394806 17
5.1565962 11.750093 14.570066 19
4.9316387 12.382146 14.480189 8
4.6966023 13.048154 14.45732 13
4.3996181 13.665178 14.394348 19
4.9087453 11.860188 14.527738 18
4.6617503 12.494216 14.471832 8
4.3877559 13.105237 14.419881 12
4.0637703 13.697255 14.36286 18
4.6668487 11.99826 14.523433 17
4.3958454 12.614278 14.478486 12
4.0818987 13.164316 14.391448 14
3.7319114 13.728328 14.340376 15
4.4249482 12.13333 14.523127 17
4.1179686 12.709353 14.46311 13
3.7790289 13.227389 14.375021 14
3.4020443 13.759397 14.325897 17
4.1720791 12.243416 14.497792 14
3.8261545 12.753459 14.39769 14
3.4681811 13.267473 14.340574 14
3.0711894 13.773472 14.30241 15
3.917201 12.355497 14.481457 11
3.5512576 12.850526 14.40032 14
3.1702812 13.339534 14.350162 14
2.7452698 13.806628 14.306851 10
3.6532962 12.443789 14.440936 8
3.2722812 12.93889 14.39769 16
2.8623102 13.369002 14.320368 15
2.4192762 13.819079 14.297013 23
3.3903182 12.537265 14.414253 6
2.9813488 12.982267 14.352023 15
2.5593503 13.416251 14.317774 15
2.090385 13.795244 14.25944 15
3.1284029 12.639325 14.402926 10
2.6954441 13.044327 14.335647 12
2.2524555 13.44031 14.297351 12
1.7674623 13.806286 14.266993 16
2.8604968 12.728389 14.384584 15
2.4115214 13.115379 14.335278 14
1.9485378 13.474361 14.296939 11
1.4435847 13.775349 14.237524 14
2.5905852 12.81745 14.371243 14
2.1216333 13.153446 14.306886 14
1.6426393 13.487419 14.281514 15
1.1236843 13.753403 14.228066 15
2.316699 12.883521 14.337884 15
1.8327194 13.206502 14.300502 15
1.335763 13.476487 14.248079 11
0.80677599 13.732453 14.225614 15
2.0437722 12.972576 14.338538 17
1.5408269 13.236567 14.277106 13
1.0328311 13.504532 14.26167 13
0.49086836 13.700485 14.220182 15
1.7658663 13.035598 14.316219 14
1.249902 13.275556 14.270783 11
0.72894645 13.473516 14.222321 14
0.1759685 13.643459 14.19781 14
1.4819816 13.070587 14.268926 17
0.9589746 13.307526 14.263482 13
0.42602313 13.466482 14.215988 12
-0.13293095 13.581433 14.175445 14
1.2009006 13.158894 14.290333 11
0.66297054 13.310884 14.235798 14
0.1230101 13.450854 14.210253 11
-0.41796008 12.780319 13.395199 9
0.91703612 13.204979 14.269929 13
0.36909801 13.32796 14.226366 14
-0.16793802 12.723392 13.459364 2
-0.7488147 13.479895 14.183159 13
0.63016683 13.250059 14.254523 15
0.076216541 13.346033 14.224937 12
-0.45075253 12.650495 13.403899 5
-1.048647 13.38699 14.15066 15
0.34030411 13.285145 14.234109 14
-0.20773718 12.645567 13.468086 3
-0.77359515 13.366087 14.18687 12
-1.3495431 13.334053 14.170187 16
0.04941158 13.329247 14.231676 10
-0.48663378 12.630757 13.446558 5
-1.072533 13.325367 14.181207 13
-1.6444935 13.243423 14.154415 13
-0.23066583 12.654108 13.473525 4
-0.80652291 13.316753 14.17315 11
-1.3665076 13.27477 14.169424 12
-1.9374431 13.152731 14.144709 15
-0.53446484 13.338931 14.162329 10
-1.1024499 13.307873 14.171667 12
-1.6584003 13.214831 14.156985 14
-2.2263412 13.057788 14.141256 13
-0.83240902 13.386972 14.18394 14
-1.3973472 13.281934 14.159244 13
-1.9503009 13.15389 14.151548 12
-2.5092225 12.946855 14.123806 14
-1.1282924 13.380041 14.156524 17
-1.6902438 13.248996 14.146819 11
-2.2381744 13.067961 14.124104 13
-2.7850885 12.816928 14.094357 5
-1.4262018 13.388097 14.151115 11
-1.9821237 13.197064 14.121389 11
-2.5250776 12.998018 14.121674 15
-3.0670002 12.715981 14.102919 10
-1.7220739 13.360171 14.115693 12
-2.2730215 13.153127 14.110967 13
-2.8140039 12.939067 14.13925 11
-3.345928 12.62203 14.125491 13
-2.0270047 13.372212 14.12829 16
-2.5689492 13.122149 14.121576 14
-3.0858521 12.809103 14.083858 7
-3.61584 12.500016 14.124129 16
-2.3269203 13.352185 14.115959 14
-2.8568392 13.04513 14.092231 13
-3.3707879 12.734064 14.096519 8
-3.87974 12.361993 14.110783 15
-2.6248221 13.314162 14.092623 12
-3.1487687 12.994095 14.095897 12
-3.650718 12.647028 14.105182 12
-4.1466718 12.241956 14.124442 17
-2.9297431 13.28513 14.086287 15
-3.433666 12.912073 14.073556 8
-3.9246314 12.543 14.099842 14
-4.3975611 12.08694 14.103104 21
-3.2326691 13.253096 14.084951 15
-3.7235875 12.842042 14.072218 7
-4.1965446 12.433972 14.095504 15
-4.6574984 11.9609 14.122772 27
-3.5325794 13.203069 14.070612 15
-4.0054884 12.751019 14.053878 10
-4.4644494 12.311949 14.084167 15
-4.9064093 11.811875 14.120441 20
-3.8304706 13.130051 14.041266 14
-4.2964287 12.682981 14.06954 14
-4.7404051 12.221906 14.115831 15
-5.1543355 11.66685 14.130109 23
-4.1414261 13.100012 14.064919 15
-4.5843658 12.603952 14.081194 16
-4.9922838 12.069904 14.081489 14
-5.3992639 11.518827 14.141777 14
-4.4423404 13.029993 14.054564 14
-4.8622665 12.49194 14.062844 14
-5.2632346 11.96387 14.109151 15
-5.6371861 11.362806 14.14845 7
-4.7472715 12.965965 14.059209 8
-5.1381741 12.379925 14.050497 14
-5.5181417 11.821856 14.099813 14
-5.8630838 11.184799 14.134126 15
-5.034142 12.847966 14.012848 8
-5.4211082 12.280897 14.062152 15
-5.7630358 11.664849 14.08048 17
-6.0927038 11.020945 14.143805 19
-5.3364 12.769241 14.016464 10
-5.69104 12.154355 14.04878 17
-6.0247335 11.545467 14.111133 11
-6.3144202 10.851606 14.149496 18
-5.6410036 12.689845 14.028067 16
-5.9666829 12.037993 14.053418 14
-6.249373 11.359159 14.066808 9
-6.4409747 10.530388 13.959229 14
