# .PCD v0.7 - Point Cloud Data file format
VERSION 0.7
FIELDS x y z intensity
SIZE 4 4 4 4
TYPE F F F F
COUNT 1 1 1 1
WIDTH 16759
HEIGHT 1
VIEWPOINT 0 0 0 1 0 0 0
POINTS 16759
DATA ascii
1.464744 0.30689156 0.0006078083 87
1.4929435 0.33172327 -0.057370331 20
1.3467946 0.30208737 0.054785036 97
1.3679699 0.32398298 0.0028102461 92
1.4543339 0.36316022 -0.056221373 36
1.2720259 0.31993726 0.053954642 22
1.2721509 0.33706298 0.0050002658 13
1.3645641 0.38016444 -0.051030431 61
1.0377278 0.31092405 -0.076699965 0
1.2112557 0.33762869 0.053101659 23
1.220417 0.35764721 0.0061406987 16
1.2707269 0.39121398 -0.045849063 11
1.1544759 0.35427207 0.05323945 25
1.1506072 0.37143269 0.0082912846 15
1.2089633 0.40890619 -0.04270076 12
1.0254676 0.37006634 -0.07651557 1
1.0996714 0.36889556 0.052368607 19
1.0917952 0.3850961 0.0094241314 15
1.1421431 0.42165509 -0.039557781 11
1.0188413 0.40014562 -0.077421352 0
1.0448552 0.3825188 0.051494904 23
1.0369713 0.39771426 0.010547774 15
1.0712801 0.43044665 -0.035419151 14
0.99804091 0.39604878 0.051608302 23
0.98413563 0.40930969 0.011665396 14
1.0023822 0.43621567 -0.031291794 14
0.95119047 0.40658164 0.050713737 26
0.9372986 0.42083967 0.011773317 14
0.94048285 0.44190782 -0.028175769 13
1.0090082 0.49426761 -0.079144441 2
0.90835124 0.41806892 0.049815204 25
0.88541794 0.42842379 0.012878533 13
0.89262599 0.45144397 -0.026071729 13
0.95514345 0.50286645 -0.075033434 6
0.86851323 0.42951965 0.049911741 29
0.84858114 0.43983793 0.013970274 14
0.84574687 0.45896873 -0.023974642 12
0.8821491 0.49967289 -0.067923918 8
0.82160664 0.43505225 0.049003564 26
0.80167735 0.44536531 0.015061988 14
0.80085737 0.46546829 -0.020883529 12
0.84030479 0.51013833 -0.064827122 9
0.77971226 0.44152555 0.049089912 25
0.76380539 0.45379341 0.015147153 14
0.75293243 0.46900436 -0.018795699 12
0.75917673 0.49503303 -0.056736719 13
0.74583811 0.44991097 0.0481687 24
0.7339685 0.46512803 0.01622737 13
0.69994205 0.46659455 -0.015715763 11
0.70922136 0.49558651 -0.052653775 13
0.71095479 0.45730495 0.048246294 23
0.69304019 0.46859002 0.016303938 13
0.67109352 0.47691795 -0.014639963 14
0.67030871 0.500018 -0.049577888 13
0.68008035 0.46565613 0.047320064 21
0.65309054 0.47003812 0.017373575 14
0.62813437 0.47739741 -0.012568337 14
0.62935269 0.50046957 -0.045509409 13
0.6401279 0.46710947 0.046389602 20
0.61615223 0.47245225 0.018440936 13
0.60528588 0.48765269 -0.01150216 13
0.59141779 0.50288969 -0.04244063 12
0.6082105 0.47146931 0.046454266 18
0.58726847 0.47977808 0.018508587 13
0.57438093 0.49299866 -0.010436623 12
0.56352562 0.50919908 -0.040377215 13
0.58635813 0.48171857 0.045518748 18
0.56339544 0.48804739 0.018570935 13
0.54244369 0.49535349 -0.0083774319 12
0.53159994 0.51255369 -0.038315505 11
0.55945152 0.48702189 0.045577958 17
0.54253328 0.49728268 0.018631108 13
0.52461559 0.50755471 -0.0083142333 12
0.4986304 0.51191741 -0.035262719 11
0.53555441 0.49329376 0.04463499 17
0.51561695 0.50158334 0.019687524 12
0.49567813 0.50987542 -0.0062599597 11
0.4737269 0.51719272 -0.033206966 11
0.50863618 0.49759707 0.044691332 16
0.4947437 0.50981855 0.019744866 12
0.47077274 0.51515335 -0.0052042636 11
0.45084408 0.5244478 -0.032149281 11
0.48170495 0.50090289 0.043744951 16
0.46478078 0.51015574 0.01979533 11
0.4468562 0.51941997 -0.0041527972 11
0.43198317 0.53365773 -0.0310927 11
0.46080947 0.50713807 0.043796971 15
0.44188637 0.51641095 0.020850321 11
0.41788349 0.51874322 -0.0031066886 10
0.40805691 0.53692168 -0.029043999 11
0.43641999 0.51042688 0.042788263 15
0.41748676 0.51869756 0.020839678 11
0.39248449 0.52103907 -0.0021150049 10
0.38771358 0.54416096 -0.028046906 10
0.40945691 0.51073056 0.042834736 14
0.39657971 0.52393305 0.02088958 10
0.37561095 0.52922922 -0.0020637035 9
0.36276475 0.54543674 -0.02600118 10
0.39157188 0.51793218 0.042885039 14
0.37667215 0.5291574 0.020937808 10
0.3536832 0.5324735 -0.0010175724 9
0.3357591 0.54173547 -0.023965348 9
0.37568718 0.5251109 0.042932156 13
0.35573134 0.53139305 0.02097977 10
0.33073279 0.53372908 2.4850982e-05 9
0.31585574 0.54695421 -0.02191736 8
0.35577819 0.53033763 0.041980233 13
0.33480158 0.53462845 0.021024181 9
0.31688127 0.54388517 7.6315679e-05 9
0.29390481 0.54819858 -0.020876687 8
0.33584884 0.53356177 0.042023063 13
0.3148829 0.53885269 0.021069504 9
0.29998645 0.55007255 0.0011220565 9
0.27497774 0.55140615 -0.01883564 9
0.32097328 0.54173183 0.041070901 13
0.30103227 0.54900843 0.021120872 9
0.28106815 0.55428529 0.0011656814 9
0.25808242 0.55759591 -0.018790048 9
0.30305445 0.54593331 0.041112997 13
0.28310186 0.55221003 0.021160321 9
0.26213965 0.55749542 0.0022066049 8
0.2452549 0.56973779 -0.017735325 10
0.28210011 0.54717141 0.040151902 12
0.26416036 0.5544228 0.021198653 9
0.24217789 0.55771685 0.0032412638 9
0.22427054 0.56797069 -0.016704317 10
0.26619267 0.55234998 0.040193293 12
0.24623087 0.5576241 0.021237915 9
0.22323781 0.55992705 0.0042794044 8
0.20226495 0.56421238 -0.014677045 9
0.24215984 0.54662228 0.039218612 11
0.22424607 0.55586821 0.022270359 8
0.20630775 0.56311703 0.0043169507 8
0.17922518 0.55746555 -0.012656088 8
0.22218509 0.54584634 0.039250515 10
0.20424816 0.55309248 0.022297053 7
0.17046447 0.57556415 -0.012592409 9
0.20828769 0.55200475 0.03829113 10
0.19445184 0.56820512 0.021354608 7
0.18161643 0.58439428 0.0044165473 8
0.15862429 0.58669692 -0.012542195 10
0.19951443 0.56910348 0.038352262 11
0.17954385 0.57337236 0.021394027 8
0.13862778 0.58391851 -0.011515836 10
0.18256074 0.57029605 0.03738445 11
0.16159208 0.5745734 0.021427676 7
0.14467917 0.5838055 0.0054776203 7
0.11963307 0.58112609 -0.0094910972 8
0.14361623 0.57377481 0.021456068 7
0.10368257 0.58230186 -0.0084607424 7
0.15172069 0.57864428 0.036459371 10
0.13379908 0.58688486 0.021508204 8
0.11693294 0.60011399 0.0065682959 7
0.084674843 0.57851195 -0.0074387724 6
0.11993589 0.59604037 0.021556037 9
0.12088154 0.58699214 0.035533987 10
0.10192716 0.59224176 0.021576462 7
0.085061014 0.60547084 0.0066364384 8
0.063095711 0.6097542 -0.0073191565 9
0.10184879 0.58120745 0.03455076 9
0.091030262 0.59432876 0.034604147 10
0.067976192 0.59062147 0.021629423 6
0.044933662 0.58791381 0.008657231 5
0.021880968 0.58420366 -0.0033175603 5
0.078155413 0.6024754 0.03364766 10
0.015251464 0.61428392 -0.0052268058 9
0.061179899 0.60166508 0.033673991 10
0.042282902 0.61191165 0.020729039 7
0.020264409 0.61119002 0.0087603386 7
-0.00072083907 0.61345696 -0.0032021981 8
0.041067567 0.5888921 0.032673918 9
-0.020895611 0.59467626 -0.0012178778 6
0.033309516 0.60689354 0.031925436 10
0.014439193 0.61913294 0.020982364 7
-0.007576277 0.61840653 0.010010039 7
-0.029593162 0.61768275 -0.0019623179 8
0.017356405 0.60807037 0.031952586 10
-0.00050287868 0.62129837 0.021010682 7
-0.042367388 0.63482475 -0.0018984582 9
-0.0007206265 0.59827268 0.030954221 9
-0.018611358 0.60849816 0.021004576 6
-0.039558388 0.61375755 0.011046125 6
-0.059430543 0.62601072 -0.00089582929 8
-0.012528215 0.61240369 0.031009119 9
-0.046318423 0.62880826 0.020099021 8
-0.066209078 0.63905597 0.010151883 7
-0.08927957 0.63333839 0.00016776577 8
-0.04030332 0.62671667 0.029088199 10
-0.077268727 0.62715024 0.020140896 7
-0.098158397 0.63740653 0.011194931 6
-0.12021548 0.63267505 0.0022119272 8
-0.070210196 0.62904978 0.028138954 10
-0.10596377 0.64847094 0.019238561 8
-0.12789686 0.65473604 0.011283553 8
-0.14987674 0.657004 0.0023182624 10
-0.099985249 0.64338475 0.026220024 10
-0.13791454 0.64682376 0.01928106 8
-0.15880282 0.65707737 0.011334819 8
-0.18179092 0.65835142 0.0043681487 10
-0.13083662 0.6507284 0.025284193 10
-0.19868761 0.66453832 0.0044083083 10
-0.14680186 0.65090716 0.024307858 10
-0.16784465 0.6471566 0.018325709 7
-0.19086806 0.66551977 0.011436353 8
-0.21396562 0.6577934 0.0054514627 9
-0.16099125 0.65316302 0.02337716 10
-0.23178312 0.67500192 0.0055404399 11
-0.20084018 0.66863406 0.017495176 9
-0.22473757 0.67891675 0.011557905 9
-0.24969932 0.6832096 0.005604987 11
-0.19302811 0.650536 0.022447873 10
-0.26570565 0.68037587 0.0066187074 11
-0.2337712 0.67199337 0.016556222 9
-0.25773603 0.67526656 0.012595573 9
-0.28364718 0.68356413 0.0076503507 11
-0.22674887 0.67190003 0.020547276 11
-0.27656889 0.68847018 0.011654171 10
-0.30248931 0.69576496 0.0077063264 11
-0.2437034 0.6740824 0.019575093 11
-0.26763448 0.68035513 0.015622064 8
-0.29354286 0.68864721 0.012676754 9
-0.32139665 0.70196348 0.0087468605 11
-0.26066858 0.67526454 0.0186003 11
-0.28463206 0.67853481 0.015639529 9
-0.31052887 0.68782669 0.012696719 9
-0.33744839 0.69512963 0.0097500738 11
-0.27854547 0.68445706 0.017647248 12
-0.30540994 0.69675976 0.014713389 9
-0.3294377 0.69402748 0.01273718 9
-0.35541272 0.69631976 0.0097763631 10
-0.29745659 0.69066083 0.016687723 12
-0.3243303 0.7019608 0.014751257 9
-0.35125953 0.70826334 0.011801977 10
-0.37921095 0.71257466 0.0098488405 12
-0.31442183 0.69184262 0.015712744 12
-0.34328401 0.70416415 0.0137814 9
-0.37114665 0.71647483 0.011848716 10
-0.40203193 0.72681862 0.0099147772 13
-0.33240888 0.69103515 0.014733906 12
-0.36029232 0.7013433 0.013796067 8
-0.39014435 0.71467566 0.01186847 9
-0.42101666 0.72601664 0.010937041 13
-0.35462621 0.70528138 0.013686817 12
-0.38156122 0.71058458 0.012736198 9
-0.40854016 0.71188569 0.012775302 10
-0.44428408 0.73428828 0.011880082 13
-0.37452605 0.71150714 0.011730993 13
-0.40537062 0.72485197 0.011806057 10
-0.43234864 0.72615284 0.011845076 10
-0.47009203 0.74857515 0.011952393 14
-0.39639059 0.7207523 0.010785384 13
-0.42726803 0.73109716 0.010852688 10
-0.45620108 0.73641765 0.011904488 11
-0.49495459 0.757851 0.012010453 15
-0.42120093 0.73503315 0.008856413 14
-0.45209917 0.74337548 0.0099185035 11
-0.48205248 0.74670452 0.011966426 11
-0.51788431 0.76110244 0.013050364 15
-0.44215482 0.73626757 0.0078887716 14
-0.47694093 0.75465375 0.0089816302 12
-0.50789469 0.75799394 0.011030752 13
-0.54474682 0.77040035 0.013110814 16
-0.46506429 0.74152392 0.0069338968 15
-0.50281692 0.76294345 0.0080382498 13
-0.53670204 0.77231401 0.01110658 14
-0.57456386 0.78372908 0.014185257 15
-0.49089631 0.75381577 0.0050007338 15
-0.52869153 0.7712304 0.0080947299 14
-0.56162065 0.77658993 0.011151408 14
-0.60733724 0.8010934 0.014273726 15
-0.51777321 0.762119 0.003058509 16
-0.55753452 0.78255576 0.0061626825 13
-0.59537363 0.79596806 0.010246257 11
-0.64604378 0.82452434 0.014385215 16
-0.54561579 0.77343297 0.001125149 17
-0.58541048 0.79086733 0.005221488 13
-0.63310337 0.81739032 0.0093512982 9
-0.70049322 0.87113458 0.013576255 10
-0.57350332 0.78074491 0.00018135984 17
-0.61920696 0.80624545 0.0043059047 10
-0.68066466 0.85392308 0.0085075265 10
-2.0476842 2.9274654 -0.05041432 8
-0.60726887 0.79912776 -0.0027265982 18
-0.66283745 0.83673656 0.0024415054 9
-0.75187051 0.92272657 0.0057766172 0
-2.0915244 2.8489299 -0.044562928 64
-0.65091139 0.82862145 -0.0055935881 18
-0.74484432 0.92366666 -0.0022291588 6
-2.0713561 2.8647685 -0.0705503 6
-2.132375 2.7693605 -0.038718186 61
-0.71053678 0.88134873 -0.010346991 14
-2.054636 2.8766007 -0.099494316 7
-2.1087193 2.7761061 -0.066673107 60
-2.176568 2.696764 -0.03377996 52
-2.0435114 2.8945575 -0.13443252 11
-2.0926545 2.7879963 -0.097633414 53
-2.1545463 2.7045856 -0.063758478 56
-2.2174003 2.6241791 -0.027874578 54
-2.0825429 2.8049688 -0.134573 52
-2.131628 2.7034042 -0.09676145 60
-2.1904721 2.6229537 -0.060892154 51
-2.257211 2.551585 -0.022990949 46
-2.1254268 2.7254245 -0.13571405 59
-2.1764073 2.6318755 -0.095890351 56
-2.2302573 2.5503638 -0.05803192 48
-2.2949934 2.4789677 -0.018133434 50
-2.1663158 2.6438541 -0.13587554 58
-2.2132716 2.5522554 -0.094052002 56
-2.2700524 2.4767711 -0.054174323 56
-2.3337424 2.4093606 -0.013266953 45
-2.2061732 2.5652752 -0.13703069 49
-2.2501142 2.4746377 -0.093208551 61
-2.3058481 2.403137 -0.051321998 52
-2.3665466 2.3346879 -0.0084212087 42
-2.240061 2.4836271 -0.13720144 56
-2.2849438 2.397995 -0.091365211 58
-2.337676 2.326458 -0.048482627 51
-2.4052389 2.2700801 -0.0035419918 40
-2.2778928 2.4070227 -0.13735414 56
-2.3217187 2.3263762 -0.090506434 53
-2.3734257 2.2568226 -0.045620091 51
-2.4429307 2.2054608 0.0013358699 33
-2.314692 2.3334086 -0.13850048 59
-2.353538 2.2507021 -0.089664496 57
-2.4002533 2.1800883 -0.042787299 51
-2.444988 2.1074467 0.0060821264 27
-2.3514888 2.2597921 -0.13864687 65
-2.3853219 2.1780252 -0.087814882 51
-2.4023111 2.0820768 -0.039040912 22
-2.465812 2.0306408 0.01090706 43
-2.3734081 2.1750107 -0.13884103 47
-2.3913701 2.0810628 -0.086060621 21
-2.4211593 2.0032539 -0.036223602 64
-2.4836254 1.9548039 0.014730672 45
-2.3824334 2.0800815 -0.13707769 42
-2.3993394 1.9911197 -0.083285771 62
-2.431062 1.9193321 -0.033430766 59
-2.48757 1.8668109 0.01950538 49
-2.3935816 1.9915354 -0.13634126 75
-2.4114285 1.9085881 -0.08153189 58
-2.4332111 1.8316926 -0.029701848 62
-2.5015655 1.7933171 0.023287976 45
-2.4084857 1.9076893 -0.13554102 72
-2.4074414 1.8145249 -0.078782558 60
-2.4380896 1.7497293 -0.026909914 63
-2.5024545 1.7103065 0.027071849 50
-2.4084775 1.8156732 -0.13378124 66
-2.4133334 1.7315754 -0.076991796 65
-2.44889 1.6748322 -0.024092099 68
-2.5003433 1.6272622 0.030851774 42
-2.4064369 1.7266375 -0.13301641 62
-2.3993466 1.6374006 -0.074255645 82
-2.4388256 1.5877018 -0.02133286 74
-2.5130744 1.5583847 0.0346874 31
-2.3984277 1.6345295 -0.13026714 81
-2.4061475 1.5624616 -0.072443038 85
-2.4356918 1.5066465 -0.017548919 74
-2.5079193 1.4793068 0.038473602 33
-2.4042635 1.5565821 -0.12946352 81
-2.4089708 1.4854783 -0.070640817 78
-2.4315159 1.4295847 -0.015756013 76
-2.4987741 1.3991842 0.042252049 23
-2.4011428 1.474532 -0.12768199 74
-2.4048064 1.4074168 -0.068850383 85
-2.4293046 1.3555428 -0.012952765 73
-2.5034955 1.3312198 0.045079682 22
-2.39799 1.3954843 -0.12689272 70
-2.4006178 1.331355 -0.067054756 76
-2.4260824 1.2824894 -0.010148231 66
-2.4972723 1.2581304 0.048880067 24
-2.3958015 1.3194448 -0.12509443 71
-2.3904407 1.2542239 -0.06426955 82
-2.4178598 1.2093804 -0.0073502101 70
-2.4870512 1.1850015 0.050675284 23
-2.3906033 1.2443745 -0.12429748 77
-2.383219 1.1811287 -0.062470078 73
-2.4116046 1.1392959 -0.0055418266 70
-2.4857497 1.1189698 0.053500265 23
-2.3784268 1.1672237 -0.12251477 69
-2.3779528 1.1120555 -0.06065771 76
-2.4063256 1.07122 -0.002726963 75
-2.483438 1.0539273 0.05632649 22
-2.3781598 1.0982063 -0.12069584 72
-2.3746648 1.045007 -0.059837565 70
-2.4000261 1.0051355 -0.00090824906 77
-2.4761484 0.98682886 0.059141185 20
-2.3651819 1.025977 -0.11985476 69
-2.363658 0.97579163 -0.05697722 71
-2.394984 0.93998349 0.00097923854 74
-2.4591479 0.91853154 0.062014781 20
-2.3649132 0.96094912 -0.11898975 67
-2.3524098 0.90863907 -0.055132117 75
-2.3807123 0.87479687 0.0028254075 72
-2.4518421 0.85642117 0.06387791 21
-2.3506973 0.89076394 -0.11715662 64
-2.3481033 0.84656668 -0.054268315 78
-2.3534725 0.80546528 0.0056321276 56
-2.4494927 0.79636472 0.066731885 19
-2.3284407 0.8214885 -0.11436085 58
-2.3228393 0.77725798 -0.051482558 61
-2.3461101 0.74535763 0.0074646669 66
-2.445118 0.73728704 0.069570787 15
-2.3191233 0.75736159 -0.11354113 48
-2.3124895 0.71612006 -0.05065643 66
-2.3337474 0.68519479 0.0092907241 44
-2.3077822 0.69520998 -0.1117188 54
-2.3133755 0.6392507 -0.1118587 1
-0.45060611 0.03828017 0.022204898 2
-0.46565917 0.029411718 0.031201882 2
-0.52182394 0.034129675 0.017283058 3
-0.48096439 0.016633617 0.030185979 3
-0.53195852 0.017225455 0.016253214 4
-0.51937801 -0.035974443 0.018102398 4
-0.52853346 -0.054889906 0.017066171 3
-0.50864357 -0.070129491 0.018002599 3
-1.5024077 -0.41513577 -0.052630533 7
-1.4912856 -0.41038561 -0.0036323918 34
-1.4922078 -0.40949884 0.043371014 9
-1.4911327 -0.40862885 0.088371851 9
-1.458608 -0.43663773 -0.049741678 11
-1.4625176 -0.43472072 -0.0017318558 11
-1.4634435 -0.43382856 0.043271549 15
-1.468379 -0.43389276 0.088277549 16
-1.4710056 -0.47551519 -0.050826691 7
-1.4608607 -0.46875417 -0.0018220956 10
-1.4728189 -0.47074142 0.043187752 12
-1.4757304 -0.46883276 0.090196282 12
-1.4712578 -0.50765598 -0.0019096846 8
-1.4721601 -0.50476658 0.044098828 11
-1.4750494 -0.50085801 0.091112457 12
-1.4896867 -0.54947025 -0.0019946629 5
-1.4825442 -0.5426712 0.045013808 9
-1.4753911 -0.53487211 0.09202484 12
-1.4870507 -0.58551461 -0.0020911889 0
-1.4939505 -0.58256233 0.044924993 4
-1.4928172 -0.57669991 0.093939021 8
-1.4825615 -0.62162536 -0.0011551987 1
-1.4964854 -0.62059319 0.045864776 0
-1.5094069 -0.61957705 0.094883516 2
-1.5127909 -0.65754902 0.096791685 5
-0.66446298 -0.58751798 0.0029556826 2
-0.69135612 -0.58434296 0.048997883 2
-0.64244843 -0.58976251 0.0049270215 4
-0.66550833 -0.5985716 0.027933357 6
-0.66934299 -0.58658504 0.049969189 4
-0.67722028 -0.57855511 0.071999863 4
-0.65386909 -0.63163745 0.0028383855 5
-0.65361452 -0.61170214 0.027889391 4
-0.65643811 -0.59872651 0.049926501 6
-0.66330516 -0.58970731 0.07195843 9
-0.6632989 -0.67453659 0.0017449027 5
-0.66404247 -0.65459311 0.027797123 5
-0.65974861 -0.63069361 0.049853247 6
-0.66050845 -0.61173981 0.071902923 6
-0.67479348 -0.72341383 0.0006389097 6
-0.67955691 -0.70542955 0.027690984 5
-0.66813266 -0.66960889 0.050768644 5
-0.66381663 -0.6437096 0.072829761 7
-0.67820108 -0.76437813 -0.00045664009 6
-0.67686737 -0.73746151 0.027610635 5
-0.68873125 -0.72839361 0.051648647 6
-0.670178 -0.6806491 0.074747808 7
-0.70807201 -0.84805679 -0.0026281397 7
-0.69346642 -0.79628712 0.027485928 4
-0.68806064 -0.76240653 0.052565832 6
-0.68874329 -0.73645812 0.076632977 6
-0.71834671 -0.90799767 -0.0047913389 1
-0.71689898 -0.87109041 0.026301803 4
-0.70432514 -0.82229388 0.053411949 6
-0.69483042 -0.7804566 0.077508017 6
-4.4261785 -6.8206825 -0.083441399 7
-0.72306645 -0.89209342 0.054258313 6
-0.71351224 -0.84425765 0.080369644 6
-4.5771284 -7.440958 -0.08686009 79
-4.5827999 -7.1584253 0.13886544 6
-0.71907336 -0.89518809 0.081248239 3
-2.1135921 -3.6485343 -0.13012291 1
-4.6767354 -8.0277929 -0.088257171 57
-4.6815267 -7.7075462 0.1475821 45
-2.0612016 -3.7614093 -0.12846173 11
-2.144675 -3.744899 -0.014314372 150
-4.8292856 -8.3979359 0.15805554 49
-1.8670192 -3.5885818 -0.11422547 40
-1.9181402 -3.5132289 -0.0069621825 123
-2.0735743 -3.6507392 0.092886411 150
-7.8976326 -14.019565 0.63266402 120
-1.701616 -3.4451969 -0.10102958 54
-1.7506899 -3.3719127 -0.0017831678 103
-1.8735226 -3.459821 0.090144038 135
-2.0982811 -3.7266719 0.19574116 5
-1.5624759 -3.3467305 -0.090940952 67
-1.6136007 -3.2774091 0.0022976918 101
-1.7201706 -3.3404775 0.088268124 141
-1.9165936 -3.5756135 0.18591146 84
-1.4518682 -3.2969489 -0.08394096 68
-1.5091609 -3.2425516 0.0052671623 89
-1.5973458 -3.2698095 0.088305943 116
-1.7530335 -3.436363 0.17807375 148
-1.3524992 -3.2690454 -0.076982602 50
-1.411819 -3.2166164 0.0082228119 75
-1.4918686 -3.2309518 0.087284394 91
-1.6138506 -3.3318517 0.17117763 150
-1.2612832 -3.2550509 -0.071049318 40
-1.3154444 -3.1876693 0.011187475 72
-1.3945094 -3.2030079 0.087245226 102
-1.5021943 -3.2760487 0.16619164 97
-1.1710124 -3.2360446 -0.065102026 45
-1.2302749 -3.1776009 0.014118147 70
-1.3052573 -3.1849763 0.087191023 76
-1.4017533 -3.2401271 0.16216911 84
-1.0858288 -3.2249827 -0.059168436 41
-1.1451169 -3.1685314 0.017046561 77
-1.2190268 -3.1689105 0.087135695 83
-1.3103971 -3.2121091 0.15913774 70
-1.0026667 -3.2158957 -0.054237127 38
-1.0608501 -3.149451 0.020001518 70
-1.1348183 -3.1548223 0.087078035 83
-1.2231925 -3.1980457 0.15607639 65
-0.92151612 -3.2077858 -0.049305648 38
-0.98277956 -3.1483004 0.021918928 66
-1.054685 -3.1476891 0.087007962 77
-1.1369011 -3.175971 0.15303652 74
-0.8434518 -3.2076418 -0.044390298 37
-0.90572822 -3.1491411 0.024832826 68
-0.97556132 -3.141547 0.087936848 73
-1.05676 -3.1678321 0.15096913 65
-0.76430178 -3.1995084 -0.039455913 36
-0.82862371 -3.1449811 0.027759491 56
-0.89952523 -3.1433682 0.087849639 74
-0.97865188 -3.1626685 0.14789695 73
-0.68511885 -3.1883743 -0.034513727 28
-0.7536391 -3.1517951 0.029661361 56
-0.82135957 -3.1332109 0.087790251 71
-0.89845628 -3.149528 0.14584257 71
-0.60899025 -3.1822059 -0.029580202 28
-0.67851299 -3.1456115 0.032595951 23
-0.74730194 -3.133009 0.087710962 69
-0.82544357 -3.1533101 0.14375445 68
-0.53723854 -3.2109895 -0.025728917 32
-0.60652763 -3.1523914 0.034501988 50
-0.67532873 -3.1407864 0.088614397 47
-0.7513665 -3.1511025 0.14168036 69
-0.46328151 -3.2207971 -0.020832304 36
-0.53362906 -3.1671784 0.035387173 54
-0.60331333 -3.1445608 0.088528104 57
-0.67519414 -3.139914 0.13862653 46
-0.39052898 -3.2495892 -0.016981516 36
-0.46172786 -3.1819582 0.038273856 59
-0.53034067 -3.1523449 0.088430896 68
-0.60428768 -3.1536739 0.13751669 67
-0.316852 -3.2853909 -0.013148995 40
-0.38986072 -3.1997344 0.040153358 58
-0.45945334 -3.1681085 0.089316465 67
-0.53224295 -3.1544418 0.13543829 69
-0.38763002 -3.1898813 0.090186201 70
-0.46034765 -3.1692078 0.13332535 68
-0.1585103 -0.79307652 0.031842355 4
-0.17845969 -0.88289297 0.042640768 4
-0.3903099 -3.1939692 0.13206674 75
-0.14186679 -0.73725623 0.033967938 6
-0.15947199 -0.79509366 0.043844283 4
-0.17837606 -0.88092393 0.055651668 4
-0.12575555 -0.73042995 0.034970503 13
-0.14187519 -0.74327868 0.043958537 3
-0.15937136 -0.79111701 0.053860042 4
-0.17917891 -0.86793458 0.064691342 5
-0.10965395 -0.72460365 0.035970617 12
-0.1266346 -0.72443986 0.043992434 10
-0.14288361 -0.74928796 0.05295039 4
-0.16036822 -0.79612654 0.062854491 4
-0.091703825 -0.7327978 0.036933281 12
-0.10968497 -0.73262322 0.044956271 10
-0.12667626 -0.73345953 0.052975561 10
-0.1426883 -0.73630667 0.060988605 5
-0.075657137 -0.73197049 0.037920963 12
-0.093637355 -0.73179621 0.045943961 10
-0.10965177 -0.73464066 0.052956983 10
-0.12661169 -0.73247486 0.059983738 12
-0.059588246 -0.72914338 0.038913716 12
-0.075634524 -0.73498774 0.045919262 10
-0.1104902 -0.72464567 0.059988923 12
-0.041627362 -0.73633683 0.039879095 12
-0.058630724 -0.73817074 0.046895828 10
-0.076581001 -0.73499173 0.052926257 10
-0.094445378 -0.72381335 0.058976658 11
-0.02455884 -0.73351991 0.040870745 12
-0.042552549 -0.73434067 0.046891171 10
-0.078421287 -0.7249831 0.058959439 12
-0.00659787 -0.74071288 0.041836295 13
-0.024602227 -0.74253374 0.047854207 10
-0.043477729 -0.73234445 0.05390323 10
-0.060484443 -0.73417115 0.057919916 12
0.011395002 -0.74490577 0.04280939 13
-0.0075654979 -0.74271631 0.048838478 10
-0.043427911 -0.73235142 0.057909105 12
0.031356107 -0.75211978 0.043772701 13
0.01141586 -0.74791729 0.048807953 10
-0.0075045163 -0.74172539 0.053846918 10
-0.025478944 -0.74054164 0.057872236 12
0.050349563 -0.75632304 0.044744771 13
0.030419933 -0.75112063 0.049782474 10
0.010509168 -0.74391568 0.053825106 10
-0.0084015746 -0.73671919 0.056866545 12
0.069343068 -0.760526 0.045716923 13
0.049391229 -0.75732344 0.0507496 10
0.028555701 -0.74310607 0.053810842 10
0.012472749 -0.75194073 0.056808855 12
0.091295168 -0.76876324 0.047675621 14
0.068393968 -0.76052374 0.050724287 10
0.050419513 -0.75934017 0.054749567 10
0.029540051 -0.74912024 0.05680079 12
0.11128832 -0.77297634 0.048646741 14
0.090334065 -0.76975816 0.051680569 10
0.06750764 -0.75451702 0.053746577 10
0.049477216 -0.75832832 0.055759396 12
0.13328159 -0.77721059 0.049615558 14
0.11131714 -0.77498186 0.052648086 10
0.09041547 -0.76676178 0.054694269 10
0.070437595 -0.76554954 0.055721875 13
0.15039298 -0.77039176 0.050617747 9
0.13525693 -0.78423703 0.053602178 10
0.11334317 -0.77700377 0.054647047 11
0.090462185 -0.76676011 0.055700529 13
1.6754254 -4.2450209 0.09718737 7
0.15042043 -0.77239448 0.053619169 7
0.13432491 -0.78222448 0.0546147 11
0.11143185 -0.77297837 0.054665674 13
1.8081225 -4.2804465 0.10495876 63
1.6686641 -4.2309628 0.1102477 7
0.15144603 -0.77440292 0.054619431 6
0.13341318 -0.77820951 0.054632183 13
1.94481 -4.316915 0.11372349 65
1.8013364 -4.2683792 0.11501448 66
1.6737407 -4.2310061 0.11325908 7
0.15249002 -0.77440643 0.053624637 5
2.0884337 -4.3594565 0.12246569 69
1.9360621 -4.3008156 0.11979184 66
1.8054408 -4.2654014 0.11403487 62
1.6846428 -4.2460833 0.10422633 9
2.2311754 -4.3909855 0.1312369 68
2.082628 -4.3483777 0.12451849 66
1.947035 -4.3099031 0.11577466 60
1.8193182 -4.2825017 0.10199403 64
0.50835842 -1.1732513 0.068234377 20
2.2332582 -4.3899803 0.12925592 70
2.1005015 -4.3665309 0.11747129 68
1.9678438 -4.3330669 0.09971121 61
0.52122045 -1.135365 0.069370121 11
0.49902579 -1.1541233 0.066350065 31
2.2546959 -4.4090595 0.11930436 68
2.1258388 -4.3936372 0.097491376 65
0.53265893 -1.097486 0.070454553 10
0.52325118 -1.1363809 0.067370147 9
0.50697964 -1.1621974 0.06232588 37
2.305975 -4.4805408 0.096079074 78
0.54010785 -1.0585648 0.071546085 10
0.53270984 -1.0964783 0.067461826 9
0.52628922 -1.1364001 0.062371477 10
0.5080688 -1.1571908 0.05534184 52
0.55051398 -1.023675 0.072624244 9
0.54117864 -1.0555652 0.067557074 9
0.53183174 -1.0884532 0.061487451 9
0.52543044 -1.1263702 0.054402072 10
0.55891997 -0.98876381 0.073704712 14
0.5505833 -1.0206623 0.067636386 6
0.54126823 -1.0505505 0.061574142 9
0.53587526 -1.087473 0.052490074 10
0.56830436 -0.95586312 0.074779071 14
0.56097877 -0.98677242 0.068712048 12
0.56154418 -1.0277607 0.060611188 5
0.5433532 -1.0455469 0.0515889 10
0.5796358 -0.92798328 0.075838812 14
0.57035112 -0.95486909 0.068783954 12
0.56305504 -0.9827736 0.060724311 12
0.55968201 -1.017715 0.050642867 6
0.58601999 -0.8950507 0.07691662 15
0.57872343 -0.92295516 0.068856969 12
0.57441545 -0.95188886 0.05979142 13
0.56612802 -0.978778 0.049735434 13
0.62302375 -0.89844853 0.079870082 9
0.59006405 -0.89407277 0.068919145 12
0.58180892 -0.91796446 0.059870504 13
0.57354134 -0.94285119 0.048819423 13
0.66499412 -0.9048962 0.081810474 9
0.63300258 -0.9035309 0.070850983 8
0.59708565 -0.8951239 0.059913304 12
0.58686954 -0.91498727 0.047876809 13
0.71193445 -0.91439873 0.084737815 9
0.67696297 -0.91099948 0.072786704 8
0.64005369 -0.901577 0.059852593 8
0.60710216 -0.89619666 0.046904024 8
0.77671611 -0.93909246 0.088607654 8
0.72491211 -0.91950983 0.074715421 8
0.68500215 -0.91005337 0.06078475 8
0.64908034 -0.90163672 0.045846999 9
0.84155148 -0.95878834 0.093489908 7
0.79069155 -0.94420874 0.076584227 7
0.73988563 -0.92463207 0.060690768 8
0.69799483 -0.91315001 0.044767272 9
0.93612236 -1.0037988 0.098276436 13
0.86938739 -0.97704637 0.079418607 7
0.81459087 -0.95642519 0.062532164 7
0.76082486 -0.93281233 0.044651899 8
1.0168942 -1.029662 0.1031259 15
0.95707333 -1.0109806 0.08324033 12
0.9101572 -1.0014359 0.063317701 11
0.83356923 -0.96057677 0.043505561 7
1.0887723 -1.0454303 0.10801043 89
1.0368645 -1.0348279 0.086095996 14
0.99488264 -1.0313308 0.064152911 14
0.95094252 -1.0238128 0.042221874 13
1.1894815 -1.0775051 0.11382255 67
1.1137296 -1.0516434 0.088972457 42
1.0885875 -1.0633222 0.065973043 16
1.0297503 -1.0456394 0.041083738 14
1.275339 -1.0954218 0.11968642 91
1.2154366 -1.0837232 0.092783622 80
1.1525885 -1.066996 0.066896461 33
1.1234945 -1.0736232 0.039913878 74
1.3890489 -1.1276343 0.12648407 94
1.3162069 -1.1097919 0.096610837 88
1.2642601 -1.1021729 0.067688994 73
1.2311645 -1.108753 0.038711034 75
1.4988445 -1.1518067 0.13430612 101
1.428956 -1.1379862 0.10041964 95
1.3849219 -1.1384459 0.06946902 89
1.3498348 -1.1440002 0.03849582 82
1.6186391 -1.1760811 0.14111698 104
1.5477273 -1.1642451 0.10522672 86
1.5026685 -1.1666869 0.071272336 86
1.4794713 -1.1823571 0.036260944 85
1.7404765 -1.1963781 0.14893559 96
1.6705295 -1.1875453 0.11003681 91
1.6294247 -1.1940193 0.072068088 87
1.6211075 -1.220839 0.034012638 90
1.8941777 -1.2300148 0.15868601 116
1.8033316 -1.2109497 0.11483571 89
1.7651918 -1.2204477 0.073856242 95
1.7598492 -1.2492889 0.031792536 90
2.0390165 -1.2505563 0.16847886 113
1.9580814 -1.2395864 0.12059753 119
1.9209065 -1.2520872 0.076609597 106
1.9463673 -1.2992409 0.029466534 110
2.2106059 -1.278213 0.18035552 129
2.1246655 -1.267187 0.12747771 106
2.086498 -1.2786696 0.078492671 90
2.1417711 -1.3441229 0.027273793 135
2.5078232 -1.3603498 0.19883582 150
2.3293028 -1.3073316 0.13516161 114
2.2960882 -1.3228537 0.081161335 114
2.433924 -1.4301533 0.023750314 67
2.8360312 -1.4438117 0.21927975 126
2.690274 -1.4131212 0.14951518 105
2.6719344 -1.4397768 0.08647158 129
2.6973796 -1.486879 0.019330304 12
5.1881833 -2.4216745 0.36133525 85
3.0285361 -1.4906657 0.16196322 104
3.0300825 -1.5275089 0.090873167 74
2.6286361 -1.3691466 0.018698476 7
5.2265377 -2.2960596 0.36660889 80
5.2078443 -2.3505697 0.24549837 84
5.2180762 -2.4123785 0.12333856 1
2.5429127 -1.2492381 0.018090144 5
5.2549114 -2.1683404 0.37189841 83
5.2263088 -2.2137377 0.24682088 83
5.255496 -2.2797389 0.12263023 1
2.5706413 -1.1825094 0.016228402 3
5.2812943 -2.0395982 0.37619248 75
5.2646575 -2.0881152 0.24909431 82
5.2839565 -2.1430058 0.12194153 1
2.5067282 -1.0808293 0.015551439 4
5.3146248 -1.9159304 0.38146651 70
5.2970467 -1.9584302 0.25138399 83
5.3263321 -2.0144172 0.12121773 1
2.5334144 -1.01809 0.013680947 3
5.3529429 -1.7933142 0.38673246 68
5.3373833 -1.8338276 0.2536526 84
5.3766966 -1.8869138 0.12148253 2
2.491353 -0.93063807 0.012945207 3
5.3972292 -1.6737598 0.39198437 63
5.3547812 -1.7029841 0.25496116 84
5.3682389 -1.7417963 0.12085393 1
2.532985 -0.87305391 0.011045801 4
5.4285569 -1.5500705 0.39726034 56
5.3881464 -1.5753087 0.25724459 82
5.4195695 -1.6173 0.12011014 1
2.5337443 -0.80304736 0.010220928 3
5.4668827 -1.4264534 0.40252843 44
5.4264798 -1.4506845 0.25951508 80
5.4938674 -1.4960442 0.12033352 1
2.5364821 -0.73506194 0.0093891658 3
5.5231447 -1.3090279 0.40876338 33
5.4758005 -1.3271809 0.26277289 79
4.8309331 -1.1991166 0.11078421 0
2.5112925 -0.65978861 0.0086062821 4
5.5584679 -1.1853852 0.41403794 22
5.5001836 -1.1974174 0.26507407 76
4.9619565 -1.1044588 0.11188381 0
2.5279858 -0.59594762 0.0067505231 4
5.5798206 -1.0585953 0.4183358 20
5.5305338 -1.0707155 0.26736191 78
4.8275394 -0.95404077 0.1104061 0
2.5846033 -0.53952038 0.0048339791 4
5.5842042 -0.92862928 0.42266017 21
5.5279465 -0.93766975 0.26870123 78
5.6245103 -0.96530837 0.12053259 18
2.5723605 -0.46938148 0.0040253368 3
5.5446272 -0.79419804 0.4230431 21
5.4434733 -0.79276836 0.26715782 32
5.5540681 -0.81755149 0.11898126 19
2.5980422 -0.40663555 0.003158144 4
5.3421903 -0.64405143 0.4116393 57
5.05127 -0.6186468 0.25201571 150
5.3976903 -0.66290295 0.11653904 36
2.5897775 -0.33853796 0.0023407058 4
4.7509832 -0.46681854 0.37471738 148
4.4320579 -0.4431569 0.22811878 150
4.6637273 -0.46425778 0.10682183 61
2.6164787 -0.27380005 0.00047788359 4
4.2134552 -0.32115334 0.3406592 150
3.7715876 -0.29224271 0.20320393 150
4.1182699 -0.31457663 0.099781431 153
2.5982149 -0.20560148 0.00067181984 5
3.5177369 -0.19182938 0.29572803 150
3.3666985 -0.18399949 0.18691017 113
3.4605987 -0.18473454 0.090810329 150
2.5869384 -0.13847272 -0.00014415797 5
3.2406421 -0.10390777 0.27824768 130
3.0526018 -0.096710503 0.1754673 116
3.1415617 -0.092411116 0.086385116 150
2.7556181 -0.076197296 -0.0041630603 7
2.8474004 -0.028768415 0.25285858 150
2.6693497 -0.023699641 0.16006187 111
2.7273426 -0.017104436 0.081018254 150
2.7503717 -0.0061304206 -0.0049775033 7
2.5720155 0.031130431 0.23530588 113
2.4529717 0.035566937 0.15144464 117
2.4839921 0.044428941 0.077435218 127
2.6740999 0.061665129 -0.0037220875 47
2.3421447 0.082479723 0.22058176 102
2.2440839 0.084685124 0.14369436 132
2.2511201 0.094781518 0.074712232 124
2.4673035 0.11872693 -0.0014629056 142
2.168608 0.12631533 0.20988128 132
2.0465312 0.12676117 0.13601616 107
2.0455735 0.1369276 0.072043501 104
2.2107761 0.16238707 0.0019282741 150
1.9879867 0.16222289 0.19817138 90
1.8949261 0.16335303 0.13027626 97
1.8929827 0.17452003 0.070307083 101
1.9771448 0.195805 0.006269529 123
1.8593563 0.19658317 0.18940102 92
1.7832997 0.19752477 0.12648687 99
1.7783589 0.20871796 0.068520963 94
1.8335254 0.23029649 0.007515538 98
1.7496856 0.22673883 0.18359958 81
1.6826414 0.22858214 0.12267774 96
1.656673 0.23698811 0.066727646 104
1.7068545 0.25960869 0.0097302534 94
1.6489829 0.25380325 0.17678063 75
1.5769318 0.2546908 0.11886168 90
1.5429564 0.2621724 0.065917842 87
1.5781213 0.28294122 0.011932171 85
1.5452383 0.27689844 0.16995493 73
1.4691597 0.27482012 0.11503288 93
1.4351865 0.28229672 0.064088956 106
1.4563463 0.30220076 0.01411625 84
1.4504629 0.29689753 0.16411172 81
1.3813967 0.29574162 0.11118423 99
1.3484168 0.30220047 0.063236684 107
1.3515381 0.31828627 0.015273988 92
1.3686777 0.31575912 0.15925154 81
1.2975934 0.31261903 0.1083212 84
1.2706357 0.32101068 0.062371843 22
1.2567191 0.33326766 0.016418014 13
1.2878617 0.33161017 0.15438271 14
1.2318106 0.33130717 0.1064431 12
1.2008338 0.33773777 0.06149317 18
1.2049801 0.35580355 0.017534258 17
1.2220457 0.34730315 0.15049724 13
1.1700054 0.34795618 0.10355555 15
1.1450423 0.35531735 0.061601449 18
1.1451795 0.37242204 0.01864446 16
1.164239 0.36391306 0.14660527 12
1.1182014 0.36449894 0.10165694 15
1.0892285 0.37089911 0.060704667 17
1.0733173 0.38316444 0.01975289 16
1.114423 0.37943748 0.14370202 12
1.0613556 0.37709334 0.099753834 15
1.0353942 0.38445994 0.059800684 16
1.0174851 0.39674106 0.020851038 15
1.0615761 0.39199269 0.14079452 16
1.0095098 0.38963574 0.097845137 14
0.99560165 0.40187308 0.059891131 20
0.97166163 0.41121638 0.020940613 16
1.0036974 0.40160197 0.13688496 15
0.96567488 0.40309262 0.096930049 14
0.93770546 0.409475 0.058976494 16
0.91175753 0.41783404 0.022025637 15
0.95783913 0.41308445 0.1339671 15
0.91479772 0.41262436 0.095012613 13
0.88781971 0.41799134 0.059055451 16
0.86287326 0.4263376 0.023103446 16
0.90592998 0.4196288 0.13104334 16
0.87193143 0.42307058 0.094088823 13
0.84294355 0.42745826 0.058131304 17
0.81598866 0.43482023 0.024178952 15
0.87209314 0.43298432 0.12911716 16
0.83707374 0.43443644 0.092158735 13
0.80105752 0.43589154 0.058201339 15
0.77711403 0.44421995 0.025248138 22
0.83019364 0.44042492 0.12618478 24
0.79215598 0.43990308 0.091224588 14
0.76920199 0.44722131 0.058267836 20
0.74927914 0.4575083 0.025315216 21
0.789285 0.44685254 0.12424874 23
0.75526756 0.44828936 0.089289054 14
0.72627378 0.45166704 0.057328872 18
0.70232248 0.4589904 0.026373135 20
0.75640661 0.45619735 0.12231135 22
0.72237998 0.45663166 0.088349119 13
0.68634683 0.45607916 0.057386551 16
0.65937543 0.46143121 0.027429024 18
0.71948582 0.46158588 0.11936829 22
0.67540014 0.45611852 0.087401934 11
0.65242916 0.46142915 0.057440117 15
0.62444794 0.46579152 0.027481157 18
0.67752534 0.46302342 0.11742062 19
0.6515429 0.46736753 0.086459525 11
0.62656152 0.47169879 0.056497332 15
0.60260296 0.4780148 0.028538955 17
0.65063637 0.47130579 0.11547404 19
0.62163478 0.47367838 0.085511155 11
0.59463388 0.47602794 0.056546111 14
0.56866491 0.48136446 0.028587345 16
0.6223672 0.47860304 0.11346338 18
0.5923453 0.47898397 0.084497333 11
0.56132424 0.47937292 0.056532342 13
0.54038668 0.48765549 0.029575948 16
0.60149974 0.48882151 0.11251549 18
0.56442642 0.4842751 0.083544776 10
0.54045814 0.48958883 0.056584317 13
0.52254117 0.4998402 0.02962954 15
0.57155985 0.49213332 0.11156023 17
0.54354876 0.49349341 0.08259432 13
0.51452976 0.49385661 0.056626998 13
0.49863422 0.5060848 0.030674905 15
0.54564017 0.49740586 0.10960542 17
0.51763052 0.49876112 0.082639426 12
0.49567351 0.50505161 0.056679145 13
0.47069594 0.50937313 0.030717202 14
0.52173132 0.50365514 0.10865079 16
0.49573195 0.50598961 0.081685029 12
0.46973497 0.5083192 0.056719236 12
0.44878963 0.51559669 0.031760264 14
0.49579036 0.50692767 0.10669091 16
0.47483441 0.51320535 0.081729487 12
0.446816 0.51355797 0.055760898 12
0.42285103 0.5188641 0.03180021 13
0.47690219 0.51512486 0.10573565 15
0.45292568 0.51943356 0.080772519 11
0.42388734 0.51779419 0.055800032 11
0.40496439 0.52704608 0.032843724 13
0.45196226 0.51838428 0.10477453 15
0.42897522 0.52168274 0.079807818 11
0.40196937 0.52301991 0.05584047 11
0.37899485 0.52731335 0.032876156 13
0.42902201 0.5216229 0.10381117 14
0.41108805 0.52986681 0.079851314 11
0.38205114 0.52822489 0.055878695 11
0.36312914 0.53747433 0.033922311 13
0.4091028 0.52683038 0.10284944 14
0.38712743 0.53111583 0.078884013 11
0.35808128 0.52847123 0.055908855 10
0.34016997 0.53871018 0.033953834 12
0.38917202 0.53104019 0.10088519 14
0.36821935 0.53731018 0.078923553 10
0.34219381 0.53663462 0.055950038 10
0.31721082 0.5399437 0.034985241 11
0.37126356 0.53722417 0.10092364 13
0.34828949 0.54151744 0.077959195 10
0.32631648 0.54579782 0.055993643 10
0.29727221 0.54314822 0.035018306 11
0.3482914 0.53746498 0.098952621 13
0.3293505 0.54471171 0.07799124 10
0.30333555 0.54503363 0.05602004 10
0.28340614 0.55328822 0.036062144 11
0.33441424 0.54660732 0.098994099 13
0.2854068 0.54921746 0.056053363 10
0.26548702 0.55847198 0.036097884 11
0.3144742 0.54981428 0.098027132 12
0.29046082 0.55011284 0.077053733 9
0.26545754 0.55142194 0.056083817 9
0.24247757 0.55470508 0.037116703 11
0.29653338 0.55300063 0.097057961 12
0.2694999 0.55133015 0.076082759 9
0.24548799 0.55162632 0.056109268 8
0.22656925 0.56086797 0.03715267 10
0.2846863 0.56512207 0.097104609 12
0.25560147 0.55847239 0.076119117 9
0.22854818 0.55479956 0.056138869 8
0.20353851 0.55510092 0.038166352 10
0.26673579 0.56730819 0.096132889 12
0.24070337 0.56562489 0.076156497 9
0.18760987 0.55926359 0.038197272 8
0.24879493 0.57049429 0.095163569 12
0.22682516 0.57476687 0.076197729 9
0.20281464 0.57506031 0.057224084 8
0.17984569 0.5793407 0.039259251 10
0.22576177 0.56473428 0.093177214 11
0.18383402 0.5742541 0.057245761 9
0.16188595 0.58052409 0.039284777 10
0.20576951 0.56294101 0.09219747 11
0.18682127 0.56918007 0.074233331 7
0.14187525 0.57672572 0.040299937 9
0.19492292 0.57505155 0.092242897 10
0.12798731 0.5848673 0.040338472 9
0.1830449 0.58417273 0.092281915 11
0.16108666 0.58944029 0.075318351 9
0.11717205 0.59997505 0.041391205 10
0.16303228 0.58037913 0.091297038 10
0.10124381 0.60413492 0.042421851 10
0.14277329 0.57560253 0.089276016 9
0.12487917 0.58682376 0.074323222 7
0.13907127 0.60163784 0.090348497 11
0.062934816 0.59153521 0.043404602 9
0.12211112 0.6028108 0.090372995 11
0.10013309 0.60607612 0.074404605 8
0.10308705 0.59800947 0.088384703 10
0.034108564 0.60282612 0.044470146 10
0.089188501 0.60515112 0.088420741 10
0.063099451 0.59745544 0.073429264 6
0.053303629 0.61455524 0.073485777 8
0.0042291167 0.60912997 0.044524193 8
0.060339086 0.61444694 0.087481417 10
0.039394408 0.62069672 0.07351923 8
-0.009627562 0.6202684 0.045569919 10
-0.025628736 0.61743069 0.045583006 10
0.031488691 0.62374264 0.086541891 10
0.0074634855 0.62202084 0.07356292 7
-0.055434071 0.63072824 0.04765404 9
-0.0025563629 0.61409259 0.08456023 9
-0.085322931 0.63602841 0.048705034 10
-0.028260402 0.63735086 0.085652009 10
-0.052274548 0.63662636 0.073675282 7
-0.11723094 0.6393463 0.050752904 10
-0.059172034 0.64066625 0.084699072 10
-0.082072243 0.6509282 0.073748596 8
-0.14701764 0.65464509 0.051828403 10
-0.089032017 0.6489706 0.083757363 10
-0.11304431 0.64824098 0.073780395 8
-0.10385994 0.66312104 0.083811373 11
-0.12891245 0.65840161 0.073825404 9
-0.17886403 0.66396177 0.053890832 10
-0.11992351 0.65428519 0.082808986 10
-0.14389294 0.65755242 0.073841915 8
-0.19492576 0.65512073 0.054888245 10
-0.15891491 0.65270358 0.073848337 9
-0.15072195 0.66859639 0.082882889 11
-0.17568138 0.6728738 0.073919229 9
-0.19177447 0.66103518 0.073909037 7
-0.24653816 0.68463498 0.058024138 10
-0.18263349 0.67192054 0.081930123 11
-0.20863268 0.67220563 0.073957354 9
-0.2625488 0.68079329 0.059033781 9
-0.28143582 0.68898129 0.060076475 10
-0.21244088 0.67894334 0.08237043 11
-0.2402994 0.6932376 0.075431235 9
-0.26824668 0.6985324 0.068467759 7
-0.2991747 0.70585674 0.061512016 9
-0.23031241 0.68911779 0.082415178 12
-0.25632972 0.68739331 0.07543119 9
-0.28525603 0.69469488 0.069473848 7
-0.31617442 0.70301908 0.062520735 8
-0.24822441 0.69529259 0.082449071 12
-0.27614141 0.70358431 0.076493599 9
-0.30319706 0.69786948 0.069499552 7
-0.3351244 0.70520073 0.063544467 8
-0.26614654 0.70046991 0.08148022 12
-0.29601511 0.71277821 0.076532558 7
-0.32404089 0.70907068 0.070538521 7
-0.35304606 0.70737308 0.064550534 8
-0.28307948 0.70063442 0.081474759 12
-0.31395531 0.71195328 0.076523252 7
-0.34485134 0.72127265 0.07156615 7
-0.37585628 0.71959293 0.066579305 9
-0.30197984 0.70381916 0.081477068 12
-0.33090627 0.71011937 0.076510124 6
-0.36475068 0.72446597 0.072568245 7
-0.39962554 0.73582309 0.068618827 10
-0.32277137 0.71802396 0.081509806 13
-0.35175613 0.71832234 0.077526398 6
-0.38755053 0.73768932 0.073598772 7
-0.42345485 0.74605727 0.069641538 10
-0.34168199 0.72021037 0.081508398 12
-0.37454629 0.73254579 0.078559503 7
-0.40746981 0.73888433 0.074594453 8
-0.4482533 0.75929958 0.071672238 10
-0.36349395 0.73042691 0.081527241 13
-0.39928308 0.74779046 0.079589874 10
-0.43123427 0.74912149 0.075607002 8
-0.47203195 0.76553744 0.073670268 10
-0.38331136 0.73262531 0.081511907 13
-0.42302915 0.75703156 0.079595461 8
-0.45596811 0.75936961 0.077615663 8
-0.49482611 0.76977146 0.074661165 11
-0.40608433 0.74285626 0.081532784 14
-0.44587642 0.76426089 0.080625042 11
-0.4808521 0.76761854 0.078666307 8
-0.5217458 0.77903539 0.076733209 10
-0.42708579 0.74506736 0.081584796 11
-0.47276664 0.77752793 0.081711069 9
-0.50776184 0.77888435 0.079747289 8
-0.55261546 0.79433715 0.078828119 10
-0.45198581 0.75731677 0.081666611 12
-0.49477887 0.77874643 0.081762016 12
-0.5366419 0.7931658 0.08183825 9
-0.58348501 0.80963457 0.081923664 9
-0.47889701 0.76858491 0.081747718 12
-0.51974946 0.78399074 0.082826115 12
-0.56949294 0.81048548 0.083940789 9
-0.62816519 0.84406883 0.085081197 10
-0.50679809 0.78085887 0.082832761 12
-0.54964149 0.79728317 0.083915748 12
-0.60530394 0.83183271 0.086057052 9
-0.69155645 0.90768266 0.090332255 7
-0.53569001 0.79414356 0.08292181 13
-0.58445323 0.81862301 0.085031353 9
-0.65491658 0.87331325 0.089238711 12
-0.56855261 0.81046355 0.084022544 13
-0.62521678 0.84501749 0.087165818 11
-3.3616178 5.3437099 0.32741591 3
-0.6014362 0.82478446 0.08411853 12
-0.69548047 0.92069888 0.091449291 9
-3.4135571 5.1551685 0.32498881 21
-3.5041378 4.8940353 0.3293409 4
-0.64903945 0.86224741 0.086257361 12
-2.8682168 4.0768456 0.27364695 15
-3.5912681 4.7819037 0.33487353 1
-3.5694036 4.8818593 0.32632416 1
-3.6340652 4.6124539 0.33664474 32
-3.6195343 5.0713782 0.31686237 1
-3.6091797 4.7022333 0.32387507 6
-3.7803426 4.5838499 0.34865624 21
-3.704814 4.9422035 0.31457299 1
-3.7199669 4.6222949 0.32873005 42
-6.4722252 7.6309972 0.57427984 64
-3.6534748 4.9777675 0.283645 21
-3.6637034 4.649796 0.3027772 36
-3.8910077 4.6179423 0.33781925 27
-6.5329885 7.3525367 0.57857931 63
-3.6627786 4.7448606 0.27203551 65
-3.8535275 4.6676373 0.30893594 52
-6.4917684 7.4792275 0.53490168 86
-6.5856881 7.0799971 0.58288848 78
-3.7820249 4.667943 0.26988459 21
-6.4699869 7.6010876 0.48587015 59
-6.5588279 7.2088051 0.53587806 83
-6.6574378 6.8396087 0.58995539 51
-6.4409776 7.7079725 0.41813913 62
-6.5278311 7.3136449 0.47713941 82
-6.6174483 6.9433522 0.53420633 78
-3.8266745 3.6820858 0.35225633 15
-6.5028739 7.4155831 0.40439779 63
-6.5954638 7.0472951 0.47047186 84
-3.0428803 2.95454 0.26069197 2
-3.7916055 3.4847217 0.34969667 16
-6.5754871 7.1473298 0.39269209 60
-6.6609221 6.7899914 0.46475324 51
-4.0107322 3.7690046 0.33056635 39
-3.8177919 3.3530319 0.35227716 29
-6.6221685 6.8589272 0.38079941 76
-3.8991284 3.7230837 0.28029227 70
-4.0271559 3.6132329 0.32906958 4
-3.8518825 3.23142 0.35589176 47
-3.9064481 3.7863436 0.23040134 7
-3.9433155 3.591589 0.27788365 76
-4.057394 3.4765971 0.328637 9
-3.8750181 3.1057031 0.3584891 52
-6.7528467 6.3544955 0.35924873 52
-3.9815071 3.460036 0.27547225 67
-4.0608497 3.3186972 0.32713038 10
-3.9060581 2.9900637 0.36212096 55
-6.7982292 6.0990815 0.34945598 19
-4.0087652 3.3223779 0.27203852 59
-4.0880299 3.1890328 0.32671869 12
-3.9429934 2.8805261 0.3657746 58
-6.8602457 5.8649874 0.33974013 41
-4.0487309 3.1989717 0.27065316 49
-4.1189613 3.0645797 0.32732499 13
-3.9618974 2.7609384 0.36838973 52
-6.9200487 5.6380239 0.33204979 48
-4.0856395 3.0775831 0.26927266 36
-4.1459103 2.9400907 0.32793051 14
-4.0017223 2.6594737 0.37310699 58
-6.9672728 5.4026303 0.32345501 70
-4.1119175 2.9498272 0.26698861 24
-4.1781793 2.822294 0.32971549 14
-4.0885019 2.5892127 0.38205197 150
-4.1246338 2.9890501 0.20115791 9
-4.151166 2.8341098 0.26578301 20
-4.2094226 2.7064881 0.33050242 14
-4.1206341 2.4834099 0.38586262 150
-4.1152873 2.832854 0.19580939 13
-4.181448 2.7143004 0.26455757 14
-4.2356782 2.5886304 0.33127764 14
-4.1497498 2.3785725 0.39067131 150
-4.1406302 2.7070043 0.19156297 25
-4.2156835 2.5985286 0.26334304 13
-4.268857 2.477838 0.33307412 19
-4.1371045 2.2493265 0.39138204 116
-4.1689053 2.5871828 0.18733202 46
-4.2558517 2.4888122 0.26314649 10
-4.2910705 2.3629346 0.33484912 20
-4.1373315 2.1322069 0.39313152 63
-4.1991529 2.4693739 0.18510519 59
-4.2900238 2.3780336 0.26294038 8
-4.3152666 2.2490494 0.33662567 18
-4.1643896 2.0313489 0.39694169 40
-4.2263846 2.3525367 0.18187609 68
-4.3241801 2.2682559 0.26173452 8
-4.3623061 2.150387 0.33945766 14
-4.1814766 1.9263954 0.40072778 15
-4.2515826 2.2357059 0.17862198 74
-4.3174939 2.1371255 0.26040012 3
-4.3226891 2.0099599 0.33605614 8
-4.2352972 1.8408875 0.40753055 64
-6.5938759 3.322711 0.25028524 33
-7.3998423 3.5192285 0.41740471 79
-4.3915896 1.9236778 0.3415316 18
-4.2126684 1.721857 0.40627208 34
-6.6994476 3.1799669 0.24653615 18
-4.3937111 1.9280379 0.25992006 0
-4.4117675 1.8159857 0.34263155 19
-4.2326326 1.6220161 0.41101515 22
-4.3121157 1.8904552 0.16877289 73
-4.4436564 1.8305035 0.26068595 3
-4.4407716 1.7122409 0.3443689 19
-4.2645249 1.5292932 0.4157832 17
-4.3391814 1.7807001 0.16749331 89
-4.4866405 1.7288997 0.26143646 1
-4.4737539 1.61053 0.34811324 14
-4.2874465 1.4334811 0.42053744 12
-4.363246 1.6709174 0.16521133 88
-4.5017242 1.6170219 0.26114345 2
-4.497757 1.5067352 0.34984636 13
-4.2984085 1.3335534 0.42427349 9
-4.3832998 1.5620953 0.16292903 89
-4.555675 1.518523 0.26290694 6
-4.5217566 1.4029373 0.35257882 13
-4.4987869 1.292452 0.44527024 25
-4.4079165 1.4532495 0.16267113 105
-4.5882287 1.4137511 0.26470149 7
-4.5462813 1.2990792 0.35635871 13
-4.3417468 1.1428336 0.43477938 1
-4.4299593 1.3454527 0.1603927 111
-4.5973191 1.3008198 0.26439884 7
-4.5722589 1.1973044 0.36009896 13
-7.5964608 1.8691847 0.74421769 107
-4.4579697 1.2407116 0.15912664 42
-4.6353073 1.1981686 0.26614556 11
-4.6022363 1.0955685 0.36384189 12
-7.6320801 1.701501 0.75276798 115
-4.6473365 1.088325 0.26681104 18
-4.620194 0.99180311 0.36651301 12
-7.668644 1.5349696 0.76223868 122
-4.6381421 0.88904941 0.3691811 7
-7.6982369 1.3663734 0.77070117 118
-4.6081862 0.77682811 0.36879057 0
-7.737813 1.1998746 0.7801792 122
-4.5472589 0.66230279 0.36637449 1
-7.7773957 1.0333751 0.79065973 121
-0.51051635 0.031910356 0.060780801 3
-4.5531969 0.56045735 0.36904326 1
-7.8089752 0.8639338 0.80113453 121
-4.5590801 0.4577778 0.37171319 6
-4.7165012 0.40409184 0.49866632 51
-0.50047231 0.013823822 0.060669385 3
-4.5719676 0.3581121 0.37441316 12
-7.8971162 0.52644259 0.82418811 124
-8.1137447 0.47892994 0.64425862 14
-7.9288311 0.35650417 0.83381951 122
-0.51063216 -0.0030816074 0.061671559 2
-8.1755629 0.29828835 0.65388149 24
-7.9665527 0.18461828 0.84544605 134
-8.2074156 0.11334848 0.66146767 27
-8.0062571 0.0137477 0.85807264 124
-0.50879401 -0.019106355 0.061672267 2
-8.2572336 -0.069419518 0.67106813 32
-8.0520067 -0.16306584 0.87068373 125
-8.2840919 -0.25741664 0.67963386 34
-8.0867395 -0.33899146 0.88328516 126
-0.51196384 -0.036081124 0.061673164 2
-8.1188421 -0.43527988 0.67308396 2
-7.9954271 -0.51113349 0.88280165 28
-0.5091098 -0.053119112 0.062654831 3
-5.0684819 -0.50208205 0.4397347 16
-5.2690177 -0.56855178 0.60269797 5
-4.6762953 -0.56874591 0.41166142 35
-4.7767754 -0.61907572 0.55335742 51
-0.4943831 -0.068129592 0.061436012 1
-4.6994028 -0.67750037 0.41715124 30
-4.8068218 -0.72883403 0.56307232 41
-4.7334785 -0.79021305 0.4248603 33
-4.8248582 -0.83770627 0.5707823 30
-4.7605538 -0.90299267 0.43156451 31
-4.8509316 -0.95050472 0.58048558 14
-1.7241001 -0.35117707 0.13135688 0
-4.8187237 -1.025474 0.44125926 35
-7.8113499 -1.7112626 0.92907184 122
-1.6623073 -0.37578544 0.12825392 8
-4.8518724 -1.1462003 0.44994414 37
-7.8451347 -1.8970226 0.94457591 124
-1.5720154 -0.38978699 0.12452096 14
-5.2364945 -1.3605984 0.48969138 86
-5.7378573 -1.5142432 0.7076562 0
-1.5041579 -0.40334186 0.079431653 43
-1.508166 -0.40842021 0.12242093 8
-5.010046 -1.4198195 0.47534865 47
-5.6027637 -1.609584 0.700284 24
-1.465355 -0.42673278 0.079337962 19
-1.4653444 -0.42984807 0.12132948 15
-5.7484756 -1.7727592 0.54894358 73
-5.6321068 -1.7493221 0.71190637 38
-1.4767095 -0.46661866 0.080227479 17
-1.4706565 -0.46578935 0.12322 11
-5.0184202 -1.6667171 0.48962983 3
-4.0491676 -1.3463734 0.52575934 2
-1.4820389 -0.50455081 0.081107944 17
-1.4729656 -0.50175124 0.1241037 11
-5.2635083 -1.8802853 0.51818967 13
-4.0651469 -1.4481722 0.53445786 11
-1.4693103 -0.53666186 0.081991464 12
-1.4803056 -0.54066575 0.12598379 10
-5.3120017 -2.0327513 0.53076923 11
-4.0861788 -1.5549228 0.54414845 12
-1.4977489 -0.5853675 0.083861224 6
-1.4966856 -0.58349293 0.12886055 7
-8.8478975 -3.6394691 0.87796968 71
-4.1052442 -1.6646923 0.55383128 21
-1.4950827 -0.62337869 0.084737696 0
-1.5130876 -0.62831867 0.1317324 2
-8.9085455 -3.9006629 0.89725506 48
-4.1233358 -1.7753848 0.56451309 30
-1.5204345 -0.67017865 0.13359734 2
-8.9643764 -4.1686106 0.91753751 16
-4.1535382 -1.8948714 0.57618248 21
-9.0423412 -4.4545493 0.9408043 1
-4.1817465 -2.01756 0.5878678 13
-9.3064461 -5.3368688 1.3446358 4
-9.3532667 -5.6377645 1.3738514 14
-0.92405069 -0.55221134 0.13157527 2
-0.92293698 -0.54330194 0.15960321 5
-0.88702863 -0.55158401 0.12856659 0
-0.89899874 -0.55154592 0.15757586 5
-0.86798865 -0.55385226 0.15554853 6
-0.84221697 -0.55895728 0.1533239 5
-0.78617972 -0.56250137 0.14927901 5
-0.76015693 -0.56375039 0.14625919 5
-0.72333646 -0.58098406 0.097191647 1
-0.73125434 -0.57496947 0.12121166 4
-0.741202 -0.57193756 0.14622478 7
-0.69140345 -0.58923525 0.073150411 3
-0.69729203 -0.58024055 0.097177275 4
-0.71026957 -0.58017367 0.12018416 4
-0.72222632 -0.57812226 0.14519578 10
-0.66783148 -0.59145266 0.073098652 8
-0.67676091 -0.58642995 0.097116522 6
-0.68771052 -0.58338493 0.12013007 8
-0.70269811 -0.5843035 0.14413492 13
-0.6569621 -0.60856128 0.074044488 7
-0.6648643 -0.60055095 0.097069331 9
-0.67378652 -0.594531 0.12008927 10
-0.68675679 -0.59347194 0.1430978 14
-0.66431373 -0.64751607 0.075937316 7
-0.66106004 -0.62361455 0.098999754 6
-0.654814 -0.59974235 0.11906609 6
-0.66778028 -0.59769189 0.14208299 13
-0.68282819 -0.70139146 0.078812249 6
-0.68056977 -0.67649162 0.10288377 5
-0.66518849 -0.63864487 0.12295028 6
-0.65590131 -0.61077076 0.14300591 7
-0.68417436 -0.73733962 0.081664719 6
-0.68696231 -0.71738917 0.10671564 5
-0.67455572 -0.6805402 0.12776408 6
-0.66521138 -0.64866346 0.14784749 7
-0.69561046 -0.79017299 0.08446645 7
-0.68720514 -0.75230122 0.10957019 5
-0.68587208 -0.72726917 0.13255404 5
-0.69069004 -0.71127844 0.15558755 6
-0.71415609 -0.85887051 0.088173687 6
-0.70671993 -0.81602126 0.11429141 5
-0.6973145 -0.77618283 0.13739975 5
-0.69299769 -0.74529243 0.15948504 5
-0.72435707 -0.88389271 0.12009717 6
-0.71896827 -0.84498703 0.14419478 5
-0.70853961 -0.80108625 0.16629235 5
-8.8728428 -13.711245 1.2592542 13
-0.72756624 -0.89961487 0.14995517 5
-0.72419852 -0.8616032 0.17405485 6
-8.2167702 -13.944754 0.81132948 106
-8.4943724 -13.806129 1.2607007 114
-8.7794552 -13.714397 1.6989365 18
-9.1213398 -13.702142 2.152961 19
-7.8319645 -14.031064 0.82500225 96
-8.1160183 -13.888052 1.269086 108
-8.4012251 -13.792812 1.6981801 114
-8.7634993 -13.802773 2.1460531 116
-5.5986266 -10.544456 0.64003313 1
-7.7456832 -13.977428 1.2753555 116
-8.0368528 -13.882014 1.6964567 106
-8.3951006 -13.886696 2.138417 130
-5.307292 -10.580805 0.65080523 1
-7.3746972 -14.060934 1.2850584 117
-7.6688066 -13.954277 1.6959183 114
-8.0352354 -13.97184 2.1265662 119
-5.0533113 -10.691568 0.6676265 1
-7.0137725 -14.145489 1.2935351 119
-7.300055 -14.021126 1.6940222 110
-7.674962 -14.045839 2.1142926 124
-6.3344045 -14.362193 0.89152151 103
-6.6455259 -14.223574 1.3000576 113
-6.9418178 -14.099082 1.6905531 123
-7.3157868 -14.128792 2.1028125 111
-5.6618381 -13.68049 0.85927474 116
-6.2944856 -14.320468 1.3065588 119
-6.5845127 -14.171026 1.6870977 121
-6.9594569 -14.197707 2.0903635 129
-4.1980777 -10.786067 0.69469345 6
-5.6494131 -13.681417 1.2502549 121
-6.2425447 -14.273808 1.6885991 118
-6.6112275 -14.277528 2.0799875 117
-5.2539306 -14.62721 0.9382636 96
-5.3100824 -13.758159 1.2581198 107
-5.6331086 -13.700298 1.6136253 114
-6.2577505 -14.344361 2.0680401 116
-4.894484 -14.698182 0.95429653 95
-5.2450123 -14.59706 1.3339158 119
-5.3006196 -13.765924 1.6126689 114
-5.6215076 -13.691055 1.9571083 121
-4.5383401 -14.785109 0.97298717 104
-4.8948331 -14.671893 1.3424276 107
-5.2027578 -14.505164 1.6889285 125
-5.2984362 -13.762562 1.9483554 106
-1.0265955 -3.2604778 0.24986331 0
-4.547833 -14.750696 1.3516244 113
-4.8669171 -14.597837 1.6911097 116
-5.2179494 -14.531646 2.0364537 109
-3.8343797 -14.947856 1.0083638 79
-4.1988773 -14.833532 1.3628135 113
-4.5289369 -14.67754 1.6933151 119
-4.8819351 -14.607312 2.0286682 118
-3.4814508 -15.033757 1.027545 92
-3.8570101 -14.924304 1.3749942 113
-4.1838369 -14.746329 1.6955379 116
-4.5448337 -14.675 2.021899 111
-3.1304796 -15.115649 1.0477371 75
-3.5100362 -15.005139 1.3871918 113
-3.8489358 -14.833021 1.6997355 121
-4.2067881 -14.747708 2.0161211 112
-2.7611372 -15.194405 1.0565059 99
-3.1479394 -15.091521 1.3879763 110
-3.4900057 -14.912 1.6926316 122
-3.8570099 -14.828242 1.9980394 113
-2.4068065 -15.275953 1.0800287 92
-2.8025966 -15.168962 1.4014874 115
-3.1527381 -14.994348 1.6981068 109
-3.5226903 -14.902544 1.9945108 118
-2.0535202 -15.355502 1.1024762 96
-2.4574633 -15.256413 1.4169836 101
-2.8145609 -15.069695 1.7037052 115
-3.1865847 -14.977838 1.9921751 115
-1.6993897 -15.422058 1.1242259 89
-2.1087687 -15.342834 1.4323007 102
-2.4758809 -15.147976 1.7108104 108
-2.8550131 -15.067033 1.9901053 120
-1.3428633 -15.517605 1.1499808 96
-1.7593715 -15.411375 1.44681 107
-2.1344028 -15.240431 1.7185762 108
-2.5151408 -15.141438 1.9891424 112
-1.4047616 -15.492829 1.4635977 105
-1.7899386 -15.315835 1.7262503 102
-2.1799824 -15.227793 1.9866503 110
-0.16992563 -0.83921242 0.10296069 5
-1.4416512 -15.38429 1.7346985 99
-1.839671 -15.293142 1.9851109 109
-0.15212899 -0.75939357 0.098177247 4
-0.1751034 -0.8602221 0.12088756 4
-1.5020365 -15.380269 1.9872432 105
-0.13574234 -0.71739894 0.096230857 11
-0.15538017 -0.78118151 0.11404552 4
-0.17939293 -0.88193703 0.13775498 4
-0.11878067 -0.71832252 0.097184516 12
-0.13885935 -0.72713846 0.11015649 7
-0.15747578 -0.78897983 0.12797993 4
-0.18365698 -0.89865488 0.15281686 5
-0.10290409 -0.71920294 0.098385073 12
-0.1229101 -0.71996009 0.11042846 10
-0.14192666 -0.72172028 0.12046951 5
-0.16171145 -0.79749936 0.14032513 4
-0.086937919 -0.72111124 0.10050562 12
-0.12507948 -0.73251319 0.12269793 10
-0.14512864 -0.73628056 0.13272172 4
-0.069074877 -0.72798759 0.1016988 12
-0.090080664 -0.7277472 0.11273199 10
-0.12909745 -0.72596145 0.1319392 13
-0.0521947 -0.73375231 0.1038587 12
-0.093159847 -0.73334157 0.12289588 11
-0.11299137 -0.71913761 0.12994131 11
-0.035152137 -0.73294467 0.10484834 12
-0.056144826 -0.73373479 0.11486541 10
-0.096078768 -0.73033148 0.13190749 12
-0.018173769 -0.73813862 0.10682634 13
-0.060085457 -0.73271358 0.12387406 11
-0.080036849 -0.72950917 0.13089801 12
-0.0011194862 -0.73633033 0.10781806 13
-0.021211181 -0.74613053 0.11781666 10
-0.043061193 -0.73389989 0.1248638 10
-0.06304238 -0.73368865 0.13188738 12
0.017857246 -0.74252737 0.10980675 13
-0.026993815 -0.73205268 0.12487759 11
-0.046996269 -0.73384142 0.13189754 12
0.038752779 -0.75673962 0.11278506 13
0.012913808 -0.74346328 0.11983889 10
-0.0080275256 -0.73924351 0.12586643 10
-0.029972723 -0.73501581 0.13189098 12
0.056792155 -0.75593638 0.11477257 13
0.0089675393 -0.74143767 0.12683666 11
-0.011031827 -0.74223161 0.13284977 12
0.074831985 -0.75414258 0.1157498 13
0.050866112 -0.75189489 0.1227722 10
0.027930554 -0.74665415 0.12779947 10
0.0049959482 -0.74141353 0.13282673 12
0.096708454 -0.76739615 0.1186946 14
0.071762867 -0.76313537 0.12472161 10
0.046872757 -0.75387311 0.12975842 10
0.023969535 -0.74563044 0.13379151 12
0.11670461 -0.76962703 0.12066258 14
0.090759076 -0.76535517 0.12669039 10
0.066845708 -0.75810158 0.1307224 10
0.043899011 -0.75385869 0.13474756 13
0.13865718 -0.77588236 0.12362104 14
0.11174345 -0.76859558 0.12765564 10
0.084863059 -0.75830895 0.13169624 10
0.061904255 -0.75506371 0.13471934 13
0.159927 -0.77825427 0.12542498 0
0.13395841 -0.77597445 0.12944637 10
0.1070788 -0.76568133 0.1324874 10
0.084087379 -0.76543474 0.13650174 13
0.15103181 -0.77117604 0.13043523 4
0.12900653 -0.77394038 0.13444158 10
0.10405923 -0.769669 0.13746679 13
0.14713274 -0.77338856 0.13559018 6
0.12410247 -0.77312946 0.13760594 12
8.3343182 -17.611649 2.0993457 75
0.14216541 -0.77039379 0.13753863 11
8.8894796 -17.728691 2.1630991 68
8.1774368 -17.585291 2.2019486 99
9.4720411 -17.886988 2.2359862 65
8.7229862 -17.687792 2.2536275 90
8.0670652 -17.557735 2.2660577 84
9.3093596 -17.845737 2.3133917 94
8.6242819 -17.690208 2.3066869 92
7.9636054 -17.540791 2.2806935 79
0.51843518 -1.1320568 0.18706304 10
0.4989101 -1.1718144 0.19296463 19
9.1980305 -17.821638 2.3520563 92
8.5278692 -17.679482 2.3119109 85
0.52311152 -1.0841082 0.18419732 10
0.51538402 -1.1390288 0.19104801 9
0.49881795 -1.1818237 0.19593892 5
9.1151619 -17.816492 2.3471191 82
0.53558636 -1.0512716 0.18328379 10
0.52396667 -1.0981374 0.18914649 9
0.51332539 -1.1470394 0.19268863 9
0.48409843 -1.1646727 0.19134054 1
0.54315197 -1.0134563 0.18141764 14
0.53059173 -1.056332 0.18497835 9
0.5190289 -1.099218 0.18753327 9
0.50254363 -1.1360285 0.1881278 64
0.54970741 -0.9766255 0.17959143 14
0.54307055 -1.0245535 0.18343787 9
0.53349781 -1.0674341 0.18530755 9
0.51897579 -1.1062427 0.18523778 10
0.56210393 -0.94980013 0.17976584 14
0.55157083 -0.98967201 0.18171558 12
0.54791462 -1.0386382 0.18362254 9
0.5295251 -1.0673887 0.18162511 10
0.57352293 -0.92096925 0.17911403 15
0.56105608 -0.95581102 0.18008481 12
0.55056047 -0.99267644 0.18004584 12
0.54102457 -1.0325519 0.17899136 10
0.5859527 -0.89515954 0.18034039 14
0.57153916 -0.92596328 0.17926104 12
0.55713785 -0.95576388 0.17718498 12
0.54568011 -0.98960918 0.17509466 12
0.62586331 -0.90284014 0.18536259 9
0.57991946 -0.89629126 0.17754546 12
0.56848806 -0.9271301 0.1754619 13
0.55901331 -0.96099275 0.17236558 13
0.66282409 -0.90447819 0.19042185 9
0.61884314 -0.90184563 0.18249168 8
0.58280587 -0.90332264 0.17453715 13
0.56941175 -0.93112409 0.16946578 13
0.7116521 -0.91717738 0.19733383 9
0.66076601 -0.90744203 0.1874354 8
0.61878204 -0.9048298 0.1775015 8
0.57489389 -0.8951872 0.16659297 13
0.77235645 -0.93905056 0.20720269 8
0.70658404 -0.91705614 0.19237542 8
0.66061151 -0.91035247 0.18147117 8
0.61672425 -0.90270853 0.16955541 9
0.84099036 -0.96395993 0.21708025 7
0.76930791 -0.94091868 0.20125018 7
0.70759672 -0.92001861 0.18639976 9
0.65479916 -0.9042421 0.1715164 9
1.0757375 -1.1383404 0.25722668 3
0.83409035 -0.9618398 0.20910627 6
0.76837558 -0.93988186 0.19325921 7
0.70665842 -0.91797543 0.17640711 9
1.036219 -1.1057395 0.24038094 12
0.83612996 -0.96383965 0.20009425 7
0.77241957 -0.94290227 0.18224004 7
1.1852416 -1.1888666 0.26291749 51
1.0175883 -1.0884277 0.22545367 14
0.84122407 -0.96686822 0.18807037 7
1.280013 -1.216204 0.27470532 19
1.1073182 -1.1186956 0.23623605 56
1.0009946 -1.0701549 0.20748533 15
1.3750602 -1.2313285 0.28946745 1
1.2258205 -1.1605642 0.25173971 106
1.0727171 -1.077757 0.21504387 69
21.499779 -15.744661 3.7093506 18
21.482323 -16.503786 3.5112333 4
1.3381253 -1.2010785 0.26608962 102
1.1909159 -1.1292623 0.22733882 74
21.184658 -14.828897 3.6451054 115
21.487719 -15.757076 3.4730313 20
1.4586267 -1.2357548 0.27990827 66
1.2906237 -1.1555973 0.23606631 91
21.679811 -14.463246 3.7066405 77
21.19479 -14.811396 3.3855736 137
1.5769897 -1.2652789 0.29254189 7
1.3989005 -1.1840979 0.24580227 106
21.899006 -13.936803 3.7250655 101
21.73749 -14.480779 3.4393983 101
8.6247425 -6.0683794 1.2940758 1
1.5281181 -1.222055 0.2585232 126
21.891237 -13.892641 3.4280276 148
8.6584949 -5.8007598 1.2790796 3
1.6728261 -1.264796 0.27091357 144
8.6499329 -5.5150175 1.2601684 12
1.8224003 -1.2989111 0.28470817 143
10.38836 -5.7469082 1.7793398 7
8.6844225 -5.2584133 1.2488782 26
1.9978764 -1.3423244 0.30147049 118
9.4109993 -4.944191 1.6142797 2
10.410732 -5.7147517 1.6244284 45
8.755764 -5.023665 1.2410063 43
2.1556623 -1.3666526 0.31390095 17
9.4907207 -4.7224479 1.6150086 74
9.4580002 -4.9229293 1.4617876 1
10.426453 -5.6444645 1.4380442 73
9.6775541 -5.4587278 1.1682321 17
9.6540232 -4.5369105 1.6304928 74
9.4699831 -4.6597886 1.4494228 59
9.4481564 -4.8449626 1.2918203 21
10.473246 -5.5717921 1.2396115 81
9.6097088 -4.2591963 1.6213989 68
9.6265612 -4.4648871 1.4662263 66
9.5182867 -4.6038046 1.2905136 96
9.4717169 -4.765553 1.1096116 68
22.787539 -9.3950357 3.7561898 120
9.6716204 -4.2243724 1.4672445 55
9.5764284 -4.3594675 1.2875113 68
9.6463089 -4.5658431 1.1142838 67
22.548391 -8.7231464 3.7156043 111
22.480528 -9.1069231 3.3134344 145
9.7790613 -4.1771421 1.3019011 4
9.5766687 -4.2536974 1.0909661 72
11.26449 -4.1133943 1.8903067 25
22.83242 -8.6592417 3.3555636 99
22.543156 -8.9198399 2.9041822 69
9.9892178 -4.1524601 1.1234761 29
11.178147 -3.8033326 1.8791409 13
11.1962 -3.9959426 1.6725303 45
11.210473 -4.172492 1.4639779 2
10.064622 -3.9015369 1.117402 30
11.212496 -3.8755541 1.4551753 43
11.185143 -4.0224366 1.2197738 38
23.686003 -6.8372178 3.9117224 5
23.605021 -7.4733477 2.976146 7
14.982593 -3.9915059 2.5016036 113
23.732855 -6.9156313 2.9743974 7
15.216798 -3.6967006 2.5434597 73
15.101077 -3.8640368 2.2140408 78
15.001597 -4.0146184 1.8916577 120
10.335489 -2.8996863 1.0970559 35
15.281516 -3.3585942 2.5584824 72
15.290574 -3.5446584 2.2378509 75
15.26799 -3.7052603 1.9153452 69
10.436951 -2.6559846 1.0967335 62
15.363282 -3.0235968 2.5764906 64
15.372552 -3.1946208 2.2489111 76
15.340096 -3.345053 1.9164511 79
10.442719 -2.3908968 1.0876029 33
18.662518 -3.2355719 3.1227529 92
18.623512 -3.4186447 2.7101927 68
15.394275 -2.9785943 1.9165989 51
10.518363 -2.1389189 1.0870037 33
18.710558 -2.8224595 3.1378725 110
18.704601 -2.9980164 2.7212973 69
18.683945 -3.1513722 2.3058147 88
10.574946 -1.8857481 1.0844351 29
15.502314 -1.9939398 2.6200843 32
18.794813 -2.5764573 2.7359619 80
18.774342 -2.7165797 2.3116672 82
10.654781 -1.6340656 1.0846788 25
15.541953 -1.652737 2.6368246 122
15.530777 -1.7770793 2.2746711 113
15.512897 -1.8813487 1.9175937 120
10.751205 -1.382645 1.0880284 66
14.789193 -1.2462943 2.5207491 114
14.93816 -1.3672116 2.1941996 30
15.61077 -1.5234463 1.9269156 70
9.5832109 -0.99617589 0.97023243 8
14.864918 -0.9206987 2.5402517 106
14.849168 -1.014449 2.1829782 111
11.436971 -0.85243845 1.4241219 14
7.3232045 -0.58939052 0.75220627 28
15.743173 -0.62360966 2.6999846 103
15.754483 -0.71696889 2.3183537 136
11.49373 -0.58419782 1.4321489 4
5.3207202 -0.30532429 0.55929148 19
15.820023 -0.28039137 2.7242854 101
15.650501 -0.35399655 2.3104291 33
15.728193 -0.42116264 1.938361 72
5.3228154 -0.17457652 0.5588873 17
15.903113 0.06853272 2.7531354 104
15.865734 -0.00097807334 2.3482149 11
15.769633 -0.050698709 1.947427 10
10.986975 -0.06742128 1.0905256 11
15.997011 0.41427717 2.7801192 98
15.997605 0.35522941 2.3723292 104
16.013205 0.31830308 1.975117 115
2.7804978 0.03526096 0.31744871 2
16.078581 0.77032787 2.8100715 76
16.073267 0.72399336 2.3942261 98
16.088272 0.69834644 1.9894189 107
2.5562379 0.09661676 0.29617125 36
16.127235 1.1287959 2.8364179 84
16.156195 1.1010598 2.4196308 96
16.153284 1.0817604 2.0039132 102
2.3318012 0.14596464 0.27483827 100
16.203949 1.4948686 2.8677626 72
16.252129 1.4797924 2.4469304 93
16.25749 1.4773085 2.0251932 99
2.0842223 0.18355773 0.2524257 150
16.284725 1.8647532 2.901916 56
16.34716 1.8675717 2.4750938 86
16.366678 1.8759801 2.0463417 97
1.8975725 0.216286 0.2348168 102
16.366741 2.2395239 2.935642 56
16.430223 2.2567961 2.5010788 78
16.438768 2.2778111 2.0635941 99
1.7658364 0.24729301 0.22312543 91
16.454466 2.6260829 2.9738941 66
16.51833 2.6536026 2.5309217 84
16.543344 2.6926467 2.0880306 95
1.6552628 0.27587137 0.21341512 90
16.542557 3.0131979 3.012254 52
16.589561 3.0531001 2.5595849 86
2.4460516 0.46187922 0.36227983 108
1.5345581 0.29863244 0.20281212 72
16.631317 3.4087608 3.0535994 58
2.2761571 0.48010519 0.40992245 37
1.726487 0.37189227 0.27516985 167
1.439679 0.31998357 0.19528337 73
16.750116 3.8222268 3.104198 46
2.2567556 0.53246564 0.41032207 43
1.5143753 0.36884984 0.25039765 8
1.3499243 0.33823374 0.18733767 80
16.833082 4.231266 3.142699 60
2.2596977 0.59041256 0.41283989 36
1.4097072 0.38224873 0.2379124 18
1.2642679 0.35434851 0.17895654 13
16.426638 4.5163436 3.0914743 25
2.2816415 0.65501648 0.41885224 19
1.3439578 0.4020727 0.2321676 151
1.1984701 0.37118515 0.17424984 12
16.149534 4.8238297 3.0701017 54
16.182491 4.9338541 2.6004109 83
1.30633 0.42858198 0.22831617 10
1.1326994 0.38608402 0.16839546 11
17.125309 5.5246735 3.2830825 48
24.013613 7.9144058 3.8672235 10
1.1722926 0.42041171 0.21359873 9
1.0769902 0.40084538 0.16465366 11
17.231604 5.9781837 3.3379047 49
24.103395 8.5521994 3.9216712 7
1.1124617 0.43325034 0.20689088 10
1.0261254 0.41451719 0.16096455 10
17.333406 6.4452577 3.3953824 52
23.977732 9.1235933 3.9477007 5
1.0565165 0.44479555 0.20204332 10
0.9701823 0.4241218 0.15608151 13
17.447861 6.9259849 3.4551437 54
17.548424 7.1494465 2.9398441 3
1.0076677 0.45749602 0.19722708 10
0.91126943 0.43094775 0.15121529 12
17.565367 7.4230838 3.5095377 55
17.658751 7.6619382 2.9844747 11
0.93926561 0.45890254 0.18879268 12
0.86392653 0.44008315 0.14783576 12
17.676517 7.9317851 3.5731158 56
0.88829499 0.46565667 0.18391584 12
0.81799537 0.4477466 0.14394215 18
17.783297 8.4578447 3.6327589 55
0.95057344 0.51085573 0.2285907 1
0.82689643 0.46566021 0.17762309 10
0.78276831 0.4593575 0.1416651 18
17.872572 8.9853573 3.6942699 16
0.90378612 0.51741552 0.22280225 3
0.78615421 0.47209695 0.17379296 10
0.74608171 0.46670052 0.13880704 18
18.031359 9.5685368 3.7774534 61
0.86403954 0.52585202 0.21781889 5
0.75237417 0.48149532 0.17083389 10
0.69726956 0.46731699 0.13586801 12
18.165821 10.154976 3.8567612 86
0.81548852 0.52844054 0.21191102 6
0.71902579 0.48884875 0.167918 10
0.6629101 0.4736883 0.132946 16
17.624449 10.367369 3.7974401 60
0.77614027 0.53270835 0.20792587 7
0.67668772 0.48880711 0.16377582 10
0.62925553 0.47766668 0.13089608 15
17.518784 10.824701 3.826735 86
0.72596294 0.52916676 0.20098017 9
0.65146732 0.49932897 0.16200623 9
0.60828495 0.49103594 0.13005517 17
18.590227 12.056271 4.1195617 69
0.69396466 0.53566146 0.1981145 9
0.61541563 0.50187564 0.15912831 9
0.57626063 0.49552253 0.12817536 15
18.753593 12.75831 4.2211852 54
0.65892023 0.53919995 0.19424056 9
0.58844239 0.50928807 0.15724775 9
0.54725808 0.49995658 0.12628247 15
18.916689 13.492897 4.329731 67
0.62792903 0.54466736 0.19135177 9
0.56550694 0.51864004 0.15535222 9
0.52228332 0.50633115 0.12537245 15
19.091988 14.261648 4.4429932 56
0.59587353 0.54714906 0.1873934 9
0.53847212 0.52404141 0.15337372 9
0.50227922 0.51663107 0.12540227 14
19.27626 15.079309 4.5648055 56
0.56981027 0.55354744 0.18545192 9
0.51649141 0.5323658 0.15244727 9
0.47833884 0.52296519 0.12446234 14
19.480865 15.935271 4.6947832 45
0.53887874 0.55403864 0.18154627 9
0.48859915 0.53385699 0.15057287 11
0.45854035 0.5313462 0.12359757 14
18.982979 16.247671 4.6679902 68
0.51188892 0.55743396 0.17970006 8
0.46961507 0.5430823 0.14974305 11
0.43646729 0.53759909 0.12280226 13
18.835222 16.858023 4.7288389 19
0.49287161 0.56765366 0.17890027 8
0.44354033 0.54541159 0.1478658 10
0.41346419 0.54189777 0.12187738 13
19.894142 18.612787 5.0926828 36
0.46997327 0.57297838 0.17682356 8
0.41966227 0.54875064 0.14568855 10
0.39267051 0.54818958 0.12161333 13
20.126293 19.680199 5.2480183 33
0.44615307 0.5763098 0.17457293 8
0.40083945 0.55598384 0.1456006 10
0.36771631 0.54948944 0.11965363 13
20.476706 20.923124 5.460392 35
0.42318672 0.57957208 0.17272463 10
0.37888673 0.55925161 0.14370966 10
0.35185885 0.55868334 0.12073756 13
20.638792 22.037565 5.6277289 86
0.40129259 0.58387995 0.17080529 9
0.356989 0.56156987 0.14282091 9
0.33098459 0.56100386 0.11988489 12
20.129238 22.456528 5.623888 36
0.38347867 0.59015054 0.16997242 10
0.33916157 0.56783372 0.14194839 9
0.3090677 0.56330872 0.11900254 12
21.573978 25.16704 6.1815853 36
0.36245203 0.59336072 0.16815694 9
0.32113528 0.57393944 0.14213686 9
0.29102454 0.56838709 0.11915071 11
21.880133 26.686808 6.4301605 28
0.34449929 0.6005162 0.16724949 9
0.30216381 0.57817894 0.14122719 9
0.2700339 0.56968915 0.11822508 11
0.32047212 0.59785056 0.16528369 8
0.28628793 0.5853914 0.14126945 9
0.25006416 0.56995928 0.1172465 11
0.35298282 0.6352669 0.19453055 0
0.30251616 0.60204422 0.16445325 6
0.26525345 0.58362848 0.13941795 8
0.23313412 0.57511288 0.11728271 11
0.3361229 0.64247584 0.1932704 0
0.2825855 0.60327035 0.16203451 6
0.25452065 0.59869057 0.13989036 9
0.21522872 0.57725412 0.11671245 10
0.31012228 0.6377883 0.18963942 0
0.26571876 0.60843164 0.16144831 6
0.23253331 0.5949055 0.13829185 8
0.19931899 0.58243084 0.11634595 9
0.28803727 0.63515395 0.18648699 0
0.2486947 0.61377478 0.16055275 6
0.2175176 0.60427809 0.13863328 8
0.18843266 0.59764624 0.11762598 10
0.27617779 0.64926267 0.1876827 1
0.22871573 0.61387473 0.15860684 6
0.1944918 0.59629971 0.13656707 7
0.17155629 0.60161746 0.11759379 10
0.25523993 0.64933801 0.18566139 1
0.21487908 0.62290484 0.15962711 5
0.17551933 0.59645414 0.13559176 7
0.1473967 0.59088808 0.1166313 9
0.23310049 0.64463866 0.18275833 3
0.19986451 0.63115394 0.15978664 6
0.16454071 0.61069173 0.13779561 7
0.13642205 0.60506743 0.11782196 9
0.21191235 0.64179921 0.17988931 4
0.17561182 0.62118506 0.15686063 6
0.15158451 0.62140346 0.1378784 8
0.12425625 0.6200819 0.1204453 10
0.19143821 0.6392777 0.17859016 4
0.15409164 0.61495703 0.15544774 5
0.12801459 0.61147916 0.1363605 8
0.10299001 0.61197907 0.1192816 10
0.18364726 0.66280955 0.18139389 4
0.14527328 0.63435423 0.15732749 6
0.082930997 0.60417652 0.11816287 8
0.15749077 0.64609081 0.17624283 7
0.13043185 0.64149827 0.15722916 8
0.10232347 0.63291824 0.13820532 8
0.075290449 0.63031995 0.1211964 9
0.13847487 0.64340115 0.17421669 7
0.1093499 0.63182259 0.15418459 6
0.057371143 0.62956864 0.12117252 10
0.12778819 0.65953845 0.1762317 9
0.09557692 0.64299989 0.15519594 5
0.065353274 0.62543082 0.1361572 5
0.038318254 0.6228174 0.12015256 8
0.11185358 0.66375434 0.1752384 11
0.084801182 0.66015041 0.15722629 8
0.02124414 0.61705923 0.11911873 6
0.089667082 0.64906222 0.17119323 6
0.061543334 0.63946331 0.1531751 5
0.040737581 0.65476102 0.14021824 8
0.0083506228 0.6351909 0.12221801 6
0.080698788 0.67412245 0.17436609 8
0.049369041 0.65554732 0.15535273 5
-0.0046624821 0.6523037 0.12434593 8
0.060527567 0.666363 0.17238316 4
0.036599379 0.67170173 0.15739758 3
0.0085088704 0.66409409 0.14137882 3
-0.019533111 0.66048759 0.12537129 8
0.045631133 0.67255384 0.17240685 1
0.021776496 0.68389362 0.15844005 1
-0.0074413358 0.66630626 0.14139903 3
-0.035457581 0.66469818 0.12639776 7
0.0079421075 0.69506752 0.16047776 1
-0.023362143 0.67050421 0.14241537 3
-0.051365294 0.6698935 0.12741454 7
-0.0047277026 0.71921849 0.16354339 1
-0.039219655 0.67969906 0.14344245 3
-0.068397611 0.6660195 0.1274053 7
10.768498 55.062515 10.050038 62
-0.022726977 0.72010273 0.16361339 1
-0.0540751 0.69242471 0.14559895 4
-0.084295161 0.67473042 0.1296045 7
8.5280619 49.636765 9.0269499 22
-0.038582396 0.73189968 0.16586769 1
-0.069972269 0.70031101 0.14677499 4
-0.10126255 0.67671311 0.13070586 7
8.2805786 55.619865 10.05277 58
-0.056679245 0.72300398 0.16389452 2
-0.0857298 0.71839678 0.14988752 4
-0.11716368 0.68283057 0.13177723 8
7.0223289 55.932602 10.059248 61
-0.071284518 0.75112963 0.16802545 1
-0.10372361 0.71359223 0.14888687 4
-0.13284442 0.70299983 0.13484441 7
5.8265939 56.199692 10.059296 61
-0.089656904 0.73928213 0.16606151 1
-0.12005145 0.70972574 0.14881182 4
-0.14923003 0.69613951 0.1346194 7
-0.10769621 0.73147285 0.16333535 3
-0.13575307 0.72686291 0.15116681 5
-0.16606557 0.70328337 0.13595985 8
2.5575595 44.801338 7.8851328 40
-0.1243424 0.75766248 0.16693747 1
-0.15371671 0.73409444 0.15297726 4
-0.18487351 0.72654647 0.1400461 7
1.291216 38.900188 6.8405213 34
-0.17242964 0.75922871 0.15716532 4
-0.20454022 0.74961543 0.14415209 6
0.40991068 39.06649 6.8451071 32
-0.19041806 0.75528675 0.15716001 4
-0.22252171 0.74771291 0.14516571 5
-0.42857707 33.118149 5.7919636 85
-1.4443063 27.16905 4.404355 86
-0.21034677 0.7675125 0.15927647 4
-0.2425568 0.75596821 0.14729632 5
-2.041955 26.584248 4.3206887 9
-0.23029622 0.78357357 0.16241933 1
-0.26348874 0.77088946 0.15141004 5
-1.6307362 27.213497 4.7500191 95
-2.4983761 24.75181 4.0512128 17
-0.25253719 0.80198634 0.16720134 0
-0.28671569 0.79058754 0.15605682 5
-2.1783366 25.945927 4.5340495 16
-2.6699452 21.305025 3.4953487 65
-0.31146017 0.81614608 0.16087878 0
-2.6054232 24.239405 4.2300372 14
-3.1816609 21.345606 3.5128648 121
-2.8012879 21.294378 3.7171607 96
-3.6003215 20.828217 3.4398992 21
-4.0486145 18.765062 2.9285564 15
-3.3135056 21.386045 3.7330346 108
-3.8506727 19.552017 3.2444153 16
-3.8173811 15.805186 2.4959288 20
-4.4653797 15.498852 2.3162537 75
-3.6572182 20.441824 3.5715709 27
-4.0850134 18.427341 3.0774956 15
-4.1093702 15.424956 2.4608316 77
-4.7942314 15.289015 2.319459 51
-3.921293 19.281626 3.375195 24
-3.8782885 15.675605 2.6391666 51
-4.5263352 15.523155 2.5028737 82
-4.9505272 14.572083 2.249557 44
-4.1454153 18.188797 3.1895146 28
-4.2035799 15.439384 2.6148775 82
-4.8102636 15.162999 2.4744134 44
-5.0948005 13.893015 2.184257 52
-3.9337699 15.48017 2.7293296 52
-4.6242146 15.529039 2.650456 95
-4.9696083 14.464948 2.3907309 61
-5.2353601 13.291853 2.1297255 49
-4.3167968 15.480946 2.7363436 86
-4.8557038 15.01406 2.5831583 51
-5.114819 13.8119 2.3141017 52
-5.3682265 12.745591 2.0803907 67
-4.7260509 15.543023 2.7566042 68
-5.0122004 14.338202 2.4875238 61
-5.2551618 13.227775 2.2466719 41
-5.5083261 12.260397 2.041187 52
-4.9006901 14.856427 2.645864 45
-5.1552625 13.697154 2.3998861 64
-5.3928156 12.698592 2.1883199 65
-5.625402 11.776913 2.0009511 62
-5.0521531 14.183531 2.5391448 50
-5.2916126 13.117841 2.3206263 53
-5.5164876 12.181826 2.1315742 64
-5.1173038 10.063216 1.7519675 24
-5.1863718 13.529947 2.4408991 55
-5.4294491 12.592937 2.2564251 58
-5.6299791 11.691447 2.0827177 67
-5.2510018 9.7525768 1.7370099 70
-5.3115244 12.932574 2.3513203 42
-5.5433354 12.06182 2.1888134 68
-5.1463265 10.045803 1.8247102 46
-5.4266338 9.5424614 1.7372172 68
-5.4654031 12.466328 2.2819803 50
-5.6583853 11.586075 2.1282959 67
-5.2588449 9.6939917 1.793337 69
-5.7617726 9.6172762 1.7889487 74
-5.5739675 11.932779 2.2026858 56
-5.1870656 9.9879303 1.8623348 71
-5.4695134 9.550622 1.7968116 68
-6.0686769 9.6219673 1.8308926 78
-5.6767783 11.44011 2.129981 63
-5.2811165 9.6121693 1.8168638 68
-5.804985 9.6265202 1.8417253 74
-6.1248236 9.2335606 1.7992647 63
-5.2010336 9.8630552 1.8577608 73
-5.5427985 9.5583153 1.8306248 70
-6.0885043 9.5878582 1.8686578 77
-6.2108083 8.9105835 1.7784015 63
-5.3279319 9.5477047 1.8159537 68
-5.8937693 9.6464834 1.8731178 75
-6.1413379 9.1905975 1.8276345 62
-6.2867136 8.5854301 1.7578274 65
-5.6493864 9.5944481 1.8413695 73
-6.1086679 9.4929457 1.8708756 73
-6.2214222 8.8575249 1.7976199 64
-6.3644071 8.2854214 1.7405759 64
-5.998497 9.6695881 1.8745315 81
-6.1644125 9.1037369 1.823508 67
-6.2963963 8.5324678 1.7694885 66
-6.4322481 7.98595 1.722791 64
-6.1096849 9.3437281 1.8346378 63
-6.2427769 8.7672281 1.7870817 66
-6.3635907 8.2159052 1.7451783 64
-6.4988775 7.6964135 1.7117094 62
-6.1902156 8.9935045 1.7919153 60
-6.3190022 8.4440584 1.7581068 64
-6.4333606 7.9193778 1.7226225 62
-6.5682869 7.4280362 1.7000332 62
-6.2685742 8.6611071 1.7507139 64
-6.3811526 8.1224518 1.7230455 63
-6.5089679 7.6399226 1.704641 62
-6.6307569 7.160183 1.6884443 61
-6.3426843 8.336587 1.7115308 67
-6.4596596 7.8379626 1.6969609 63
-6.5634785 7.3521867 1.6814252 78
-6.6869397 6.8955259 1.6761757 75
-6.4104891 8.0232201 1.674036 66
-6.5261517 7.5485716 1.6694971 61
-6.6266737 7.0857506 1.6629877 73
-6.7508264 6.6531749 1.6675999 58
-6.48104 7.7281499 1.6390101 65
-6.5836339 7.2633762 1.6412112 82
-6.6987638 6.8377414 1.647552 82
-6.8019791 6.4049582 1.6558564 73
-6.5427327 7.4341364 1.6042216 61
-6.6498647 7.000319 1.6180785 83
-6.7567787 6.5864305 1.6320025 80
-6.8616972 6.1715107 1.6498667 79
-6.6089568 7.160759 1.5742494 62
-6.7178559 6.7468686 1.5971227 83
-6.8106647 6.3408675 1.616847 77
-6.9153824 5.9419999 1.6435717 81
-6.6820407 6.9005485 1.5488001 79
-6.7797909 6.4985104 1.5776229 81
-6.8813243 6.1155696 1.6073822 84
-6.9682302 5.7196903 1.6359822 83
-6.738337 6.6366615 1.5198202 58
-6.8405209 6.2592263 1.5581309 82
-6.9319358 5.8822269 1.5941606 84
-7.0184603 5.5001054 1.632023 87
-6.7989688 6.3880019 1.4946437 43
-6.8953481 6.0169911 1.5405442 82
-6.9747128 5.6477957 1.5804355 90
-7.06599 5.285707 1.6273679 98
-6.7223301 6.0192509 1.4423501 3
-6.9409871 5.7777143 1.5206355 73
-7.0290675 5.4287214 1.5704306 90
-7.1202769 5.081677 1.6246977 98
-6.7325268 5.7437372 1.4102371 45
-6.9829125 5.5425105 1.5013586 34
-7.0738893 5.2094364 1.5580946 105
-7.1569467 4.8671927 1.6190736 90
-6.78228 5.5136447 1.3887941 100
-6.9146709 5.2259989 1.4619684 4
-7.1173754 4.9951568 1.5493735 99
-6.4999204 4.1999898 1.460411 30
-6.8329029 5.2894845 1.3690095 108
-6.9135609 4.9763393 1.4380479 34
-7.168715 4.7900076 1.5427647 51
-6.5290041 4.0154886 1.4569756 116
-6.8784771 5.0680389 1.350637 125
-6.9600039 4.7687488 1.4257771 85
-6.5007739 4.1202936 1.3864049 129
-6.5690951 3.8388412 1.4575864 117
-6.9310031 4.8576002 1.3350824 123
-6.4777389 4.2091608 1.3097309 126
-6.5428696 3.941658 1.3809727 128
-6.6190009 3.6732605 1.4602196 97
-6.9665627 4.6399527 1.3175263 142
-6.5099592 4.0185528 1.2982 128
-6.5869102 3.7652547 1.3784522 128
-6.8337765 3.6008739 1.4991195 19
-6.4980245 4.0987773 1.2094042 125
-6.5630035 3.844243 1.2926692 128
-6.6944995 3.6294677 1.3891119 75
-7.4084978 3.701277 1.6179067 135
-6.5499859 3.9194474 1.190897 130
-6.611094 3.6688683 1.2800169 119
-6.7923656 3.4876995 1.3903309 35
-7.4669857 3.5282142 1.6162254 125
-6.5862732 3.7298942 1.1782604 132
-6.7107844 3.5250142 1.2835621 78
-7.2568345 3.5250225 1.4744139 34
-7.5090332 3.3476319 1.6186272 119
-6.6908917 3.5841913 1.1796632 94
-7.211904 3.5818095 1.3648303 93
-7.3177018 3.3515975 1.4771562 32
-7.5361104 3.160758 1.6212969 128
-7.1911006 3.6418812 1.2480813 67
-7.2660704 3.401377 1.3612169 138
-7.3509536 3.1679945 1.4743741 36
-7.5882158 2.9873343 1.6286685 128
-7.2572875 3.4616652 1.2424273 124
-7.3024597 3.2134798 1.3547763 134
-7.3882756 2.9860857 1.4749118 38
-7.6225061 2.8083754 1.6321756 127
-7.2986002 3.2683139 1.2351151 70
-7.3483548 3.0314777 1.3584361 131
-7.4130554 2.8018305 1.4786956 52
-7.6610909 2.6302004 1.6462163 129
-3.4292822 1.3936244 0.58694923 1
-7.3896003 2.8487165 1.3559948 138
-7.4482207 2.6249864 1.4792707 53
-7.7072468 2.4581852 1.6546501 129
-3.456373 1.3106691 0.58622116 7
-7.4288473 2.6666882 1.3544544 138
-7.5052304 2.4539051 1.4870939 59
-7.7431011 2.2840042 1.6628572 131
-3.4602807 1.2204318 0.5812403 17
-7.4758072 2.4908071 1.3544744 136
-7.543169 2.2789745 1.4910654 63
-7.7830143 2.1101227 1.6717985 133
-3.4791744 1.1365117 0.57916838 25
-7.5078816 2.3079381 1.3532641 141
-7.5881567 2.1073861 1.495638 73
-7.8320432 1.9406602 1.6830977 129
-3.4932392 1.0507275 0.57566082 34
-7.5511284 2.1315558 1.3529574 139
-7.6334357 1.9350662 1.5010481 88
-7.8692713 1.7692153 1.6908392 130
-3.508307 0.96595973 0.57436574 45
-7.5991917 1.9560312 1.3558576 140
-7.6663508 1.7612227 1.5054765 150
-7.9051275 1.5952965 1.7023333 132
-3.5251906 0.88293773 0.57256806 62
-7.6381803 1.7772377 1.3579673 139
-7.7152677 1.5906178 1.5144041 69
-7.9450021 1.4235119 1.7142936 128
-3.5461013 0.80009258 0.57243699 73
-7.6772614 1.6005729 1.3603489 137
-7.7815342 1.4214622 1.5256729 58
-7.98629 1.2535591 1.7260876 134
-3.5553436 0.71582466 0.57154346 78
-7.7124457 1.4229244 1.3636595 132
-7.8482928 1.2539848 1.5402479 40
-8.0261736 1.0804708 1.7408617 129
-3.5753055 0.63401669 0.57129711 83
-7.7435398 1.2443206 1.3671205 132
-7.9252586 1.0858608 1.5567802 41
-8.0731039 0.91002941 1.7552862 129
-3.591125 0.55031139 0.57093853 86
-7.7974782 1.0692153 1.3741531 135
-8.0062952 0.91314065 1.5730926 41
-8.1102428 0.7367326 1.7684 113
-3.6161678 0.46775675 0.57167101 86
-7.8447895 0.89190179 1.3789536 135
-8.0704908 0.73791379 1.5876189 56
-8.150425 0.56243569 1.7821761 113
-3.6321504 0.38406974 0.57233459 88
-7.882905 0.7115258 1.3854398 133
-8.1195593 0.56070101 1.5991323 62
-8.1924906 0.38612694 1.7996163 111
-3.6451068 0.29943091 0.57308304 91
-7.9209661 0.53116107 1.3920439 128
-8.1795845 0.37949482 1.6158875 66
-8.2274151 0.21038057 1.8155041 101
-3.664016 0.21554157 0.5750044 87
-7.9710598 0.34856731 1.4027337 124
-8.2197065 0.19679672 1.6294497 78
-8.2644749 0.032636836 1.832999 101
-3.6799543 0.13063186 0.57676959 80
-8.0171404 0.16490681 1.4122751 125
-8.2597227 0.015028684 1.6430233 90
-8.3164806 -0.14692365 1.8535709 90
-3.6979053 0.043847445 0.57954073 81
-8.0602598 -0.018522948 1.4227957 108
-8.3099117 -0.17222719 1.659528 92
-8.361598 -0.32832119 1.874103 102
-3.7138858 -0.040968493 0.58233696 73
-8.1054659 -0.20608757 1.4353166 111
-8.3531179 -0.35991201 1.675055 108
-8.4057512 -0.51200503 1.8946443 106
-3.7383189 -0.12735242 0.58205009 70
-8.1321869 -0.39329913 1.434546 40
-8.4021788 -0.54785055 1.682918 113
-8.4480686 -0.69606692 1.9053926 104
-3.7543151 -0.21616791 0.58471769 63
-8.1263037 -0.58149856 1.4379051 34
-8.4493036 -0.74247867 1.701171 112
-8.4910536 -0.88374531 1.9285114 111
-3.7501035 -0.30405724 0.58512032 8
-8.2072496 -0.77979469 1.4595593 39
-8.4943047 -0.93720597 1.7206786 119
-8.5350647 -1.0765384 1.9531771 112
-3.8230817 -0.40033439 0.59797776 16
-8.2757139 -0.97905052 1.4785881 42
-8.5417356 -1.1377399 1.7419497 120
-8.5894356 -1.2720053 1.9794633 111
-3.8512123 -0.49504974 0.60562742 9
-8.337224 -1.182752 1.4979988 107
-8.5962563 -1.3415413 1.7643127 129
-8.399375 -1.4296086 1.9510112 42
-3.8679049 -0.59067029 0.61152357 5
-8.4036551 -1.392717 1.5270802 111
-8.2265215 -1.4744776 1.7097136 43
-7.9561648 -1.53336 1.8723189 40
-8.2936316 -1.4685255 1.297852 47
-8.0211248 -1.5214103 1.4685667 52
-7.8317614 -1.584277 1.6412573 37
-7.8568797 -1.6910745 1.8667442 127
-7.8148799 -1.5774791 1.2331682 99
-7.8187108 -1.6713648 1.4430908 132
-7.8756742 -1.7796897 1.6660206 39
-7.8946342 -1.8783033 1.892768 109
-7.8409157 -1.7807699 1.2461033 132
-7.8697858 -1.8732612 1.4649289 135
-7.9086714 -1.973727 1.6878579 65
-7.9366107 -2.0702255 1.9215755 107
-7.8931999 -1.9924955 1.2648026 130
-7.9140577 -2.0800185 1.4865178 129
-7.9509821 -2.1733646 1.7122254 85
-8.8739109 -2.5209076 2.1674592 88
-7.930851 -2.2060361 1.2805575 98
-8.8557997 -2.5493355 1.6757144 78
-8.8406954 -2.6333158 1.9212203 52
-8.930769 -2.7462287 2.2032824 90
-8.673995 -2.6396077 1.4118454 93
-8.9225483 -2.793792 1.7047098 93
-8.9463234 -2.8844945 1.9646963 107
-8.9670382 -2.9722803 2.238692 91
-8.0650463 -2.6659317 1.3281627 103
-8.9802504 -3.0434551 1.7356412 98
-9.0040064 -3.1260636 1.9994012 97
-9.0315971 -3.2108691 2.2794044 93
-7.9800892 -2.8511164 1.3287221 6
-9.0192595 -3.2921321 1.7613026 99
-9.0613079 -3.3764069 2.0342679 101
-9.0838528 -3.4504383 2.3191578 93
-8.2563448 -3.1759725 1.3905329 48
-9.0935793 -3.5583453 1.7990513 101
-9.1141529 -3.6289647 2.0738544 96
-9.1326876 -3.6976485 2.3616619 85
-8.9152651 -3.6795521 1.5185208 90
-9.1688414 -3.8365347 1.8372662 98
-9.1802759 -3.8953207 2.1140509 99
-9.2097063 -3.9607959 2.4107971 84
-8.9845219 -3.9625533 1.5506502 58
-9.2251768 -4.1136398 1.8717475 100
-9.2566814 -4.1762142 2.1591868 91
-9.2943096 -4.2356319 2.4623921 69
-9.0885963 -4.2742453 1.588477 43
-9.2969532 -4.4068007 1.9111818 97
-9.3213511 -4.4584575 2.2030103 90
-9.3497448 -4.5088544 2.5100653 71
-9.3091278 -4.6536279 1.6495817 32
-9.3665819 -4.7108784 1.9544508 86
-9.3787947 -4.7465787 2.2483687 93
-9.4312544 -4.8017168 2.5672922 73
-9.4262218 -4.9991121 1.6967962 45
-9.4281368 -5.0180922 1.9968776 66
-9.4683247 -5.0606341 2.3029146 69
-9.5034828 -5.0992556 2.6248896 70
-9.5090981 -5.3424711 1.7411188 38
-9.5340815 -5.3631744 2.0510571 69
-9.5450382 -5.383049 2.3590016 71
-9.5659256 -5.4008613 2.6809847 66
-9.5931549 -5.6988211 1.7880872 45
-9.5968342 -5.6988106 2.1011121 72
-9.6237288 -5.7155104 2.4171011 75
-9.6637268 -5.7380118 2.7511187 76
-9.6885147 -6.0748267 1.8381352 63
-9.6941319 -6.0646958 2.1592305 75
-9.7149096 -6.0684204 2.4812868 77
-9.7386532 -6.0712118 2.8173366 79
-9.7761316 -6.46596 1.8921727 75
-9.7886076 -6.4458599 2.2202857 78
-9.7951441 -6.4308233 2.5463786 78
-9.8207283 -6.4205952 2.8884521 78
-9.8750916 -6.8721333 1.9347062 70
-9.8835869 -6.8362508 2.2687585 79
-9.8932104 -6.8113613 2.6017725 82
-9.9179554 -6.7913051 2.9516611 73
-9.9274454 -7.2698574 1.9857287 81
-9.9398966 -7.224906 2.3286934 115
-9.9912519 -7.2148085 2.6776872 92
-10.014082 -7.1807256 3.0323932 90
-9.5215492 -7.3279691 1.9480169 67
-9.5975409 -7.3202648 2.2960167 86
-9.6534595 -7.3067875 2.6390429 85
-9.7011747 -7.2764444 2.99213 86
-9.1978188 -7.4378891 1.9277081 54
-9.2514124 -7.3984323 2.2617927 82
-9.310173 -7.3772464 2.5969298 84
-9.3820314 -7.3566089 2.9489176 84
-9.2943544 -7.8943663 1.9959809 43
-9.2821121 -7.7909145 2.3260515 77
-9.2791328 -7.7014461 2.6542954 83
-9.2950106 -7.6243854 2.9905596 72
-10.448009 -9.2049284 2.6868901 65
-10.443373 -9.0872173 3.0542886 70
-9.3780127 -8.0403252 3.080173 6
-0.726143 -0.58083975 0.17713898 2
-10.595447 -9.7850466 2.7941484 64
-10.571907 -9.6288929 3.1649048 64
-10.583644 -9.4983883 3.5526013 59
-0.69789594 -0.58030033 0.17413235 5
-10.71647 -10.375749 2.9017897 65
-10.71097 -10.207235 3.2835224 63
-10.670912 -10.004209 3.661459 64
-0.67885035 -0.58859241 0.17411172 12
-10.873649 -11.031707 3.0240717 69
-10.844712 -10.812357 3.4077992 66
-10.822831 -10.597943 3.7975152 58
-0.66096318 -0.59778661 0.17402346 11
-11.049356 -11.745008 3.157048 55
-11.006121 -11.482767 3.5475688 66
-10.984982 -11.23531 3.9452929 51
-0.66947174 -0.63465244 0.17987725 2
-11.196903 -12.472762 3.2930498 114
-11.195377 -12.22228 3.7072606 63
-11.149203 -11.918268 4.105618 54
-10.780506 -12.588013 3.2715619 107
-10.971513 -12.536307 3.7379386 95
-11.169374 -12.473564 4.2183585 103
-10.472833 -12.815921 3.2798162 75
-10.565863 -12.631022 3.7035608 98
-10.775167 -12.567863 4.1766844 90
-10.212886 -13.473573 2.9098437 92
-10.445737 -13.410958 3.3859642 112
-10.628015 -13.301263 3.8424041 91
-10.536224 -12.846457 4.2047935 59
-9.7870836 -13.571289 2.8978009 103
-10.021748 -13.495942 3.3622837 107
-10.251581 -13.434643 3.8247173 113
-10.495485 -13.380309 4.3080153 98
-9.367177 -13.662147 2.8860788 91
-9.6129732 -13.589389 3.3428309 101
-9.8532228 -13.533903 3.798445 105
-10.104069 -13.468423 4.2694683 81
-8.9549217 -13.755715 2.8749249 102
-9.2098866 -13.674992 3.3207662 109
-9.4629564 -13.624407 3.7710574 104
-9.7179432 -13.559583 4.2357974 91
-8.5461998 -13.834318 2.8651028 106
-8.8181429 -13.772422 3.3085241 113
-9.0760899 -13.710678 3.7479343 103
-9.3410501 -13.646807 4.2034216 88
-8.1606379 -13.94057 2.8638427 106
-8.4291878 -13.857748 3.2964132 80
-8.6889095 -13.790028 3.7259374 101
-8.9656773 -13.728159 4.1724644 94
-7.7610464 -14.017559 2.8596702 111
-8.025341 -13.903703 3.2762055 62
-8.2942362 -13.840829 3.6985703 55
-8.5984669 -13.810616 4.1438789 86
-7.3737435 -14.097335 2.8560228 103
-7.6664629 -14.026185 3.2764678 104
-7.9441867 -13.955195 3.6889033 107
-8.2116308 -13.857312 4.1074429 51
-7.0017247 -14.202852 2.8615124 102
-7.299397 -14.116493 3.2701302 102
-7.5802155 -14.042321 3.6756957 103
-7.8770847 -13.975042 4.0952282 97
-6.6297746 -14.291215 2.8663163 99
-6.9282923 -14.194898 3.2649169 97
-7.2231565 -14.127625 3.6634243 99
-7.5209403 -14.054352 4.0739522 94
-6.2473431 -14.347898 2.8660536 103
-6.5641303 -14.273329 3.2615318 99
-6.8659854 -14.203919 3.6509819 102
-7.1738291 -14.134478 4.0524368 89
-5.5936427 -13.684989 2.7128375 99
-5.9006362 -13.612525 3.0817831 3
-6.5248504 -14.285867 3.6290457 97
-6.8349142 -14.205406 4.0178828 77
-5.2779398 -13.849987 2.7383468 60
-5.5563884 -13.670819 3.0769973 99
-5.8512721 -13.602537 3.4323487 24
-6.4970155 -14.293694 4.0046077 84
-5.1653371 -14.599059 2.8789346 98
-5.2695594 -13.876531 3.107424 6
-5.5221314 -13.670541 3.424062 96
-5.8282495 -13.590024 3.7742445 65
-4.80932 -14.686492 2.892689 101
-5.1543412 -14.598571 3.2558336 97
-5.4534554 -14.449391 3.5941865 79
-5.5140686 -13.674195 3.7648442 90
-4.4477148 -14.767557 2.907037 99
-4.7945833 -14.66708 3.2660234 96
-5.131331 -14.591209 3.6150098 100
-5.4691 -14.505346 3.9674323 69
-4.0915928 -14.851546 2.9295125 98
-4.4509745 -14.755466 3.2760253 99
-4.7917361 -14.667503 3.6145039 94
-5.1370697 -14.586749 3.9594963 80
-3.7336586 -14.934237 2.9494717 92
-4.1060314 -14.840999 3.2869833 103
-4.4542046 -14.751123 3.6154358 95
-4.8087111 -14.674151 3.952908 86
-3.3823087 -15.013878 2.9667399 92
-3.7598128 -14.914513 3.2973473 95
-4.1161604 -14.827454 3.6179078 93
-4.4725876 -14.735376 3.9424989 90
-3.0276284 -15.104363 2.990119 93
-3.4151025 -14.99684 3.31078 96
-3.7767851 -14.906603 3.6243615 99
-4.1466341 -14.822254 3.9408875 85
-2.6758306 -15.191599 3.0154684 84
-3.0724542 -15.077882 3.3260806 96
-3.4434597 -14.994454 3.6325445 93
-3.8139935 -14.893053 3.9372833 91
-2.3196943 -15.255825 3.0372396 93
-2.7272866 -15.170087 3.3458462 77
-3.101547 -15.06166 3.6386187 95
-3.4831185 -14.981177 3.9393229 93
-1.9617747 -15.341368 3.0669951 90
-2.3763928 -15.243435 3.3647082 80
-2.7660806 -15.150759 3.6513839 70
-3.1565044 -15.070183 3.9420021 81
-1.6053071 -15.421779 3.0964487 90
-2.0300064 -15.31869 3.384115 98
-2.4244878 -15.223766 3.662621 74
-2.8264143 -15.14653 3.9456244 84
-1.2504171 -15.515079 3.132642 89
-1.6838661 -15.401849 3.4103799 98
-2.0894628 -15.30384 3.6790938 99
-2.4898267 -15.185867 3.9408662 62
-0.89152491 -15.610519 3.1690466 69
-1.3348215 -15.487051 3.4358766 101
-1.746344 -15.381967 3.6945632 99
-2.1622045 -15.302818 3.9561887 72
-0.98309773 -15.573181 3.4634631 99
-1.4050204 -15.470867 3.7139776 98
-1.8288434 -15.386602 3.9644105 88
-0.13942467 -0.71875441 0.18534011 12
-0.62588203 -15.657531 3.493294 100
-1.0606436 -15.56711 3.7368486 99
-1.4893376 -15.460541 3.9728587 102
-0.12344755 -0.72187525 0.18731089 12
-0.27021897 -15.762752 3.530093 9
-0.70961285 -15.640169 3.7578335 102
-1.1474602 -15.545483 3.9866512 92
-0.10640422 -0.72192192 0.1883146 12
-0.35836372 -15.722276 3.7806585 99
-0.80484736 -15.620607 3.9973192 98
-0.08940126 -0.73018044 0.19129814 12
-0.11231305 -0.72394556 0.20033456 9
-0.011839612 -15.021931 3.6184938 64
-0.45962244 -15.704863 4.0116591 109
-0.073317282 -0.73041517 0.19226798 12
0.32746598 -15.037083 3.6290152 103
-0.1113035 -15.539889 3.9648499 47
-0.055299647 -0.73661131 0.19522937 13
-0.078294747 -0.73734033 0.20525235 9
0.72044653 -15.970401 3.8621843 97
0.22169611 -15.027284 3.8335831 96
-0.039268706 -0.73681551 0.19726691 13
-0.061312243 -0.74161446 0.20728813 9
1.0885652 -16.055983 3.8938992 100
0.5613144 -15.069463 3.8444409 21
-0.020368684 -0.74814993 0.20127331 13
-0.045233343 -0.73787391 0.20832534 8
1.4637623 -16.133602 3.9274189 99
0.96508896 -16.032125 4.0881248 92
-0.00080931868 -0.75149661 0.20320664 13
-0.026665892 -0.74021071 0.20926112 5
1.8477119 -16.24518 3.9637928 95
1.3392195 -16.12466 4.1115065 89
0.017197371 -0.75371855 0.20518519 13
-0.010612874 -0.738406 0.21025452 3
2.236625 -16.327896 4.0025158 98
1.7128338 -16.21707 4.1397395 91
0.036377091 -0.75598264 0.2083042 13
0.0095051732 -0.75270021 0.21537918 1
2.6221919 -16.404253 4.0414672 102
2.0916274 -16.295462 4.1678729 84
0.055506177 -0.76243633 0.21135743 14
3.0234222 -16.483385 4.0768142 36
2.4794927 -16.385405 4.1925259 81
0.072275855 -0.75761801 0.2128129 11
3.4361892 -16.604862 4.1189556 73
2.8675666 -16.451344 4.2043381 46
0.090526663 -0.7601136 0.21359544 4
4.4423075 -16.820309 4.0683317 94
3.8491755 -16.707706 4.1658053 99
3.2700844 -16.55508 4.2435093 60
4.8872194 -16.917442 4.1316371 93
4.2809825 -16.813675 4.2207723 95
3.6944008 -16.691864 4.293087 86
5.3449054 -17.03397 4.2049837 98
4.7097545 -16.875507 4.2665267 92
4.1048465 -16.747705 4.3218212 98
5.7206712 -16.877146 4.2104926 70
5.1574783 -16.978994 4.3216624 95
4.5342755 -16.843262 4.3616776 97
7.0320187 -17.386793 4.3085022 79
5.9570231 -16.348558 4.1278653 92
5.6148477 -17.077221 4.3835163 90
4.9758315 -16.94478 4.4110513 91
7.5532355 -17.513504 4.4099722 71
6.4086328 -16.412806 4.2028756 12
5.8115077 -16.438257 4.2678514 65
5.4299273 -17.057278 4.4738293 102
8.089818 -17.650215 4.5280128 61
7.2752686 -17.440453 4.5272264 94
6.2061577 -16.371492 4.2920389 75
5.7298269 -16.692942 4.405818 58
8.6640978 -17.808044 4.6497183 21
7.8105326 -17.585262 4.6249762 79
7.0712976 -17.407013 4.608654 93
6.0380554 -16.369789 4.3508182 90
9.2332754 -17.915556 4.7646852 63
8.3615112 -17.714823 4.7256002 53
7.5887575 -17.524309 4.6878896 95
6.8765426 -17.381151 4.6504259 75
9.826786 -18.047598 4.8883572 69
8.9394798 -17.862955 4.8381276 31
8.1348486 -17.666098 4.7785897 73
7.3840499 -17.484373 4.7132854 80
10.438211 -18.161222 5.0137019 73
9.5182648 -17.981243 4.9434042 79
8.6914692 -17.794552 4.8703871 32
7.9185343 -17.616468 4.7883034 75
10.854101 -17.941607 5.0514612 52
10.129093 -18.124065 5.0645494 78
9.2613935 -17.914257 4.9660029 75
8.4558468 -17.716578 4.8608346 77
11.216296 -17.622381 5.0697823 71
10.720707 -18.200817 5.1724362 90
9.8703985 -18.06064 5.0750694 76
9.051754 -17.898737 4.9574838 73
11.887292 -17.77142 5.2214522 50
10.945536 -17.658024 5.1070805 62
10.49965 -18.209944 5.1871147 70
9.6551456 -18.045046 5.0515738 74
12.747624 -18.145897 5.4514823 56
11.560588 -17.724871 5.2226439 75
10.829321 -17.828287 5.1549983 89
10.268102 -18.167118 5.1411219 69
13.489606 -18.306728 5.6222968 42
12.364012 -18.041452 5.415379 74
11.281842 -17.644365 5.1773419 66
10.793567 -18.109856 5.1813293 82
12.590329 -16.315233 5.1310081 7
13.117841 -18.234941 5.5760837 62
12.06205 -17.945604 5.3479676 67
11.056998 -17.625708 5.1038465 70
12.764991 -15.80283 5.088141 11
13.880196 -18.399113 5.7389717 20
12.82366 -18.165724 5.5026884 54
11.725102 -17.768551 5.2111692 58
12.870172 -15.2221 5.026011 5
12.639967 -16.012426 5.1061358 9
13.559781 -18.303019 5.6407628 41
12.562648 -18.110163 5.3858466 62
13.00279 -14.675509 5.0027652 6
12.800651 -15.452408 5.0712619 7
12.607562 -16.224375 5.1287656 9
12.445502 -17.061752 5.1843781 6
11.948929 -12.91019 4.5239973 17
12.967844 -14.957897 5.0240355 4
12.781987 -15.687716 5.063148 6
12.539516 -16.383749 5.0663877 8
12.080479 -12.473166 4.5017104 88
13.179046 -14.522657 4.999227 6
13.033756 -15.274222 5.01895 4
12.853573 -16.016195 5.0212722 4
12.531155 -12.371646 4.5807219 56
12.062853 -12.715912 4.4818363 85
13.228421 -14.806787 4.9704366 13
13.270186 -15.77186 5.0174923 6
13.177754 -12.447825 4.7220659 6
12.241742 -12.344005 4.443819 82
11.974182 -12.830974 4.3896666 74
13.146008 -14.932655 4.83395 17
14.058184 -12.693997 4.9601135 8
12.931571 -12.466736 4.6017118 43
12.149657 -12.440162 4.3500395 92
11.948819 -12.971669 4.2820244 18
14.207526 -12.268344 4.9437089 6
14.089767 -12.96902 4.9198308 4
12.728242 -12.447389 4.4550991 58
12.078809 -12.521527 4.2177148 97
14.326939 -11.827754 4.9198623 4
15.069605 -13.248962 5.1642823 22
17.702665 -16.477465 6.0303836 10
12.550049 -12.41822 4.2670612 63
14.489523 -11.428227 4.91114 5
15.841451 -13.295833 5.3427577 42
15.261671 -13.580389 5.1105714 4
18.118237 -17.041473 5.9774451 64
17.948229 -13.48692 5.9969721 12
16.894293 -13.538901 5.6045599 21
15.749454 -13.385205 5.1792412 22
15.076325 -13.561462 4.8919206 13
17.28195 -12.411934 5.731164 3
18.084581 -13.829361 5.9261355 25
16.661446 -13.518492 5.3884192 26
15.204998 -13.054761 4.829206 4
18.15443 -12.435457 5.9589357 12
18.578157 -13.561994 6.0037713 11
15.498812 -12.009845 4.9335117 7
16.704081 -13.671392 5.1875801 22
18.371799 -11.999279 5.9769397 13
18.700182 -13.01216 5.967041 14
15.593699 -11.521556 4.8812094 11
17.595524 -13.725324 5.3491073 34
18.470926 -11.48781 5.9537611 15
18.932657 -12.553897 5.965168 20
15.731616 -11.073667 4.8475184 10
18.78281 -13.949396 5.5947175 92
18.541018 -10.971492 5.9258151 12
19.095427 -12.0517 5.9456143 22
15.840367 -10.614731 4.809391 4
18.981497 -13.416634 5.5510001 37
18.667974 -10.494102 5.9254341 12
19.316374 -11.581493 5.9539294 26
19.226574 -12.227105 5.7403655 94
19.173025 -12.886608 5.5142932 12
13.345373 -7.1495619 4.2352853 12
19.445667 -11.073825 5.9403682 38
16.007914 -9.6868973 4.7380934 8
21.106073 -13.469662 5.9665365 12
13.416632 -6.8097067 4.2331114 96
16.257074 -8.7984037 4.9339662 2
16.148777 -9.2760859 4.7191572 9
21.63994 -13.103915 6.0182834 23
13.512689 -6.4934697 4.238543 60
13.411419 -6.8914375 4.0509877 98
16.258694 -8.8473692 4.6954002 6
21.991158 -12.623756 6.0245881 31
15.642346 -7.0810561 4.8684382 4
13.496965 -6.5561924 4.042985 87
13.412296 -6.9201183 3.8453367 118
22.136541 -12.023367 5.9726329 65
17.731073 -7.5518451 5.4738212 8
14.473665 -6.6226892 4.2927885 2
13.504388 -6.5784688 3.8265109 97
13.424658 -6.9235511 3.602181 105
15.576314 -6.245728 4.7988935 4
16.588373 -7.1272411 4.8721657 4
14.475878 -6.634634 4.0556846 3
13.522434 -6.5714655 3.581521 91
15.447394 -5.7987313 4.7425861 60
16.55649 -6.6792965 4.8330011 5
18.424259 -7.9113116 5.0933967 16
22.573566 -10.261271 5.8545499 111
15.76093 -5.5241246 4.8229632 6
16.824556 -6.3466892 4.8857341 2
20.186373 -8.1137581 5.5301738 58
19.669924 -8.3930235 5.0598865 11
15.466878 -5.0280461 4.7416816 39
16.925344 -5.937922 4.9076629 2
20.331255 -7.6104822 5.5477991 57
20.703409 -8.2390575 5.2876372 10
15.832586 -4.7654977 4.8427134 8
16.932575 -5.5125365 4.8922319 3
20.431852 -7.1159415 5.5423107 45
22.954447 -8.4994593 5.8040271 111
14.836436 -4.1182613 4.5391049 49
16.871956 -5.077878 4.848002 4
20.548035 -6.6253963 5.5244799 83
21.571249 -7.4182167 5.3939977 7
14.932972 -3.794436 4.5521936 103
14.846864 -4.1155548 4.2571621 75
20.66024 -6.1413641 5.5203977 60
23.240971 -7.376328 5.7408071 120
15.010948 -3.4726076 4.5600295 89
14.946587 -3.7883174 4.2628837 103
14.898378 -4.0784364 3.9719589 112
23.371843 -6.8168354 5.7229853 93
15.085743 -3.1461987 4.5792246 90
15.040721 -3.4524548 4.2751665 101
14.985955 -3.7325015 3.9714935 109
14.92914 -3.9948318 3.6545265 112
15.173005 -2.8189938 4.6033397 96
15.111847 -3.1140532 4.2842073 102
15.061007 -3.3842711 3.9741633 103
15.028312 -3.6407003 3.6541622 108
15.24053 -2.4938159 4.6211996 94
15.195746 -2.7767453 4.2970347 99
15.146006 -3.0378087 3.9757197 103
15.119478 -3.2833953 3.6486928 92
15.322795 -2.1656647 4.6473269 91
15.271442 -2.436353 4.3141303 100
15.227581 -2.6827543 3.9846437 111
15.207653 -2.9233303 3.6496797 112
15.39571 -1.8328227 4.6745257 87
15.354664 -2.0980017 4.333046 98
15.295014 -2.3326306 3.9939198 107
15.284496 -2.5610018 3.6594982 105
15.476272 -1.5050648 4.7121792 103
15.432053 -1.7551851 4.3625407 97
15.382495 -1.9829528 4.0173955 112
15.369534 -2.1970015 3.6668966 97
14.714563 -1.107953 4.4951439 95
15.374673 -1.398831 4.3474646 76
15.475265 -1.6309838 4.0337481 116
15.454148 -1.833589 3.6740265 107
14.797522 -0.79152352 4.5302029 91
14.77651 -1.0114094 4.1821971 100
14.739653 -1.2081831 3.8386483 106
15.542068 -1.4683555 3.6808949 87
14.922087 -0.47423109 4.5773973 23
14.838098 -0.68171948 4.2021437 102
14.814417 -0.8686285 3.8546941 106
14.810865 -1.0425406 3.4991291 110
15.604995 -0.36335742 4.4206986 44
15.693989 -0.55198097 4.0783696 110
14.849448 -0.68808377 3.5028813 66
15.602518 -0.010414127 4.4306083 17
15.771688 -0.18990442 4.1008 104
15.761491 -0.34619856 3.7169271 103
14.416776 0.48262843 4.4730597 2
15.524968 0.33855501 4.4232082 7
15.867521 0.18227029 4.1369567 95
15.849245 0.035239756 3.7373226 101
14.486971 0.8023718 4.5137691 2
15.35649 0.68307203 4.3910308 4
15.957605 0.55754012 4.1668792 92
15.953626 0.41972989 3.7613151 77
15.367277 1.0279981 4.4089622 2
16.047882 0.93325078 4.1987624 86
16.000792 0.8046822 3.77615 75
16.100826 1.3101869 4.2229338 79
16.095411 1.1993698 3.7998641 72
16.099421 1.9452387 5.072258 28
16.185987 1.6995487 4.2540889 64
16.193027 1.5992332 3.8286564 66
16.124262 2.3070638 5.1094337 30
16.282671 2.1998656 4.7177715 41
16.285721 2.0932782 4.2935829 42
16.274902 2.0062096 3.8572066 50
16.197639 2.6747284 5.1621523 24
16.385973 2.5919325 4.7734642 26
16.403515 2.4978461 4.344883 34
16.384943 2.4234822 3.8970971 34
16.272791 3.0505724 5.2199869 14
16.461084 2.9890616 4.8264632 17
16.482119 2.9088473 4.3911262 32
16.473509 2.8480179 3.9395192 34
16.354368 3.4369087 5.2859745 18
16.560255 3.3930528 4.886498 14
16.565725 3.3229289 4.4371886 19
16.584558 3.2816486 3.9859853 29
16.457502 3.8353367 5.3585992 16
16.669579 3.8074405 4.9511843 12
16.670183 3.7536049 4.4935818 16
16.680025 3.7206693 4.0290589 29
16.54245 4.2316384 5.4241118 24
16.741669 4.2221279 5.0074067 11
16.768557 4.1862321 4.5510311 20
16.779835 4.1726937 4.0827727 29
16.334246 4.56146 5.4070997 12
16.428404 4.5404687 4.9589138 10
16.463625 4.5252261 4.506824 11
16.452911 4.5176525 4.0328236 13
16.039749 4.8558135 5.3558173 26
16.070923 4.8324857 4.8916306 27
16.097387 4.8311458 4.4435492 38
16.118097 4.8509254 3.98457 40
16.137165 5.2681799 5.4352551 5
16.206774 5.2763538 4.9760108 2
16.230391 5.2860961 4.5158291 2
17.088034 5.5956302 4.2539639 48
16.950369 5.9436226 5.7585073 36
16.899492 5.927537 5.2346096 22
17.150301 6.0342741 4.8118911 46
17.202524 6.1017704 4.3232436 46
17.229033 6.4613123 5.909965 38
17.008492 6.3986402 5.3190665 29
17.263651 6.5333457 4.8934798 48
17.307018 6.6130266 4.3909035 49
17.322008 6.930553 6.0034618 49
17.135752 6.8894629 5.414618 43
17.301674 7.008441 4.9540772 38
17.429794 7.1470494 4.4696169 50
17.440178 7.4175782 6.1078634 45
17.236963 7.3838668 5.5049586 41
17.343861 7.5057707 5.0233927 32
17.553665 7.6993599 4.5520291 51
17.533268 7.9082327 6.2079935 52
17.365398 7.9041238 5.6071424 36
17.397083 8.0151443 5.0955763 46
17.689751 8.2786732 4.6443906 60
17.656385 8.4268084 6.3196378 59
17.577192 8.4867659 5.7411399 41
17.520422 8.5727539 5.1912646 46
17.835926 8.8782797 4.7377639 42
17.778418 8.9642754 6.4424734 62
17.822395 9.1021557 5.894032 48
17.662258 9.1620331 5.3037782 54
17.955271 9.4859247 4.8338985 59
17.904146 9.5157537 6.5653415 54
17.979759 9.6957102 6.022388 58
17.803919 9.7660828 5.419292 55
17.998241 10.074414 4.9187613 68
18.032726 10.088254 6.6935682 62
18.076649 10.284485 6.1351523 105
17.851582 10.344014 5.5142279 80
17.598701 10.424158 4.8864565 61
17.668848 10.394757 6.6531525 25
17.446379 10.455292 6.0123053 57
17.368464 10.612664 5.4452538 68
17.478527 10.932671 4.9305782 44
17.352026 10.730802 6.6373506 48
17.417339 10.982264 6.0979505 76
18.457052 11.883447 5.8934789 61
18.349279 12.103586 5.2778025 56
18.430037 11.949557 7.1580744 53
18.504101 12.25416 6.5908899 62
18.628115 12.613914 6.04952 55
18.519852 12.872086 5.4272094 65
18.576902 12.619123 7.3278508 55
18.668596 12.973669 6.7566075 45
18.814125 13.390618 6.2176604 58
18.794844 13.749925 5.6116438 54
18.707251 13.313434 7.4991102 39
18.838646 13.734805 6.9393449 53
18.968798 14.185149 6.3909545 41
19.103718 14.707123 5.8283281 62
18.900059 14.07918 7.7087474 24
19.001146 14.521804 7.1319165 45
19.17304 15.054635 6.5907187 43
19.329515 15.637816 6.0197992 41
19.039169 14.838582 7.901989 35
19.181837 15.354987 7.3347445 40
19.368488 15.951747 6.7928948 51
19.128508 16.257423 6.0928164 66
19.240543 15.674753 8.1281233 28
19.303143 16.177166 7.5267034 108
18.874041 16.29933 6.7645164 71
18.728928 16.715666 6.1059132 52
19.113159 16.271095 8.2244129 60
18.639786 16.356054 7.418314 53
18.754854 16.974546 6.8681679 13
19.992947 18.730797 6.6741061 41
18.631241 16.558651 8.1441574 37
19.826136 18.182125 8.0207596 31
20.0581 18.999962 7.4789329 27
20.253033 19.894449 6.9005489 29
20.051722 19.239906 8.2965422 20
20.295326 20.146025 7.7522106 27
20.542458 21.182491 7.1874089 32
20.580467 21.406546 8.066123 28
20.446053 22.123554 7.3556676 63
20.321144 22.154963 8.1808023 41
20.022148 22.760292 7.4245601 20
20.22188 22.20528 8.9823351 42
20.009146 22.860903 8.2742949 9
21.638355 25.81781 8.2694111 25
20.12697 22.239975 9.8108454 57
21.255064 24.423973 9.7144203 13
21.926062 27.484623 8.6739922 31
20.89362 24.1066 10.449628 23
21.173929 25.470701 9.9511795 29
21.360592 28.139021 8.7460327 52
21.500565 25.918158 11.031221 27
21.628088 27.236572 10.452659 20
21.336988 28.123987 9.691597 38
22.848759 31.644739 9.683959 18
21.31916 28.138506 10.623718 37
22.710447 31.425341 10.666436 16
23.086435 33.674477 10.171398 29
20.624363 31.435791 11.352304 7
22.529184 34.133297 13.39441 33
24.125866 46.252541 13.196236 57
22.78723 40.43338 14.028316 20
22.861069 46.529461 13.155923 40
21.754353 40.727665 13.966022 17
21.598654 46.801548 13.132578 40
20.683676 40.946842 13.885734 17
20.304632 46.936726 13.07935 49
19.677774 41.248482 13.847015 19
19.146109 47.37785 13.123516 37
18.639286 41.482796 13.793955 31
17.945387 47.671944 13.128248 54
17.615763 41.707756 13.745049 9
16.730675 47.90411 13.130928 26
16.594946 41.917877 13.695104 24
15.520452 48.150238 13.130261 27
15.610984 42.1978 13.660541 16
14.379763 48.535172 13.187412 26
14.595852 42.3848 13.621358 19
13.197246 48.846802 13.240395 24
13.593714 42.617958 13.60899 23
12.024366 49.196526 13.310756 25
12.598896 42.858208 13.611417 18
10.832117 49.402859 13.353718 24
11.609941 43.077904 13.594775 21
9.6538582 49.679649 13.421883 21
10.604575 43.270016 13.591575 17
9.6291628 43.54895 13.610043 20
8.6385479 43.726151 13.606363 16
7.6440539 43.983147 13.638803 18
3.9753072 44.812511 13.006926 23
2.1588776 44.923851 12.245475 48
2.9439371 45.07901 13.092104 20
0.91911423 39.017368 10.683027 44
1.8981935 45.185139 13.124189 15
-0.024723871 33.213543 9.1309242 15
0.71250361 39.053951 11.370945 58
-0.80760604 33.23933 9.1794624 42
-0.18604185 33.143486 9.680687 23
-1.3436273 27.340349 7.6029487 15
-0.95953918 33.270405 9.7438154 29
-1.9913224 27.29385 7.6355009 82
1.1104925 39.05468 12.535141 18
-0.39382893 33.200886 10.200419 41
-1.457742 27.283018 8.0320482 24
-2.6037962 26.810986 7.5544815 17
0.22436476 37.981899 12.171451 7
-1.1604106 33.328224 10.251538 15
-2.1011975 27.35593 8.0861416 98
-2.6493921 21.613785 6.1468596 15
-0.57019639 33.215286 10.637942 49
-1.6028696 27.272207 8.4102373 44
-2.6976721 26.882767 7.9820828 8
-3.1349003 21.373068 6.1268597 102
-2.2361219 27.366953 8.4583101 69
-2.6955941 21.515368 6.4333344 20
-3.6532836 21.383997 6.1793351 63
-3.1829455 21.395117 6.4311242 119
-3.9101071 19.984686 5.8293419 22
-2.3388579 27.182838 8.70858 42
-3.6904216 21.357912 6.4613657 36
-4.1653504 18.882954 5.5628791 27
-3.2686396 21.408743 6.6873956 118
-3.924021 19.895586 6.0610185 22
-3.9119365 15.836025 4.7229576 20
-3.7159638 21.053371 6.6069422 25
-4.1629038 18.745836 5.7572889 26
-4.2047081 15.445741 4.6561904 82
-3.3552763 21.44453 6.9077916 96
-3.9638054 19.755053 6.2314506 19
-3.9269381 15.844116 4.9121099 13
-4.6305757 15.554248 4.7420974 71
-3.7480338 20.821993 6.7219114 23
-4.2088046 18.688337 5.9311438 22
-4.223371 15.483884 4.8424945 91
-4.8244672 14.901165 4.5998855 44
-4.0083017 19.640783 6.36202 20
-3.9566238 15.790679 5.0459538 37
-4.6209888 15.519245 4.897006 80
-4.9496202 14.139468 4.4200554 44
-4.2275248 18.528219 6.0236292 34
-4.267869 15.491877 4.9846649 92
-4.8181233 14.892496 4.7458901 49
-5.1015172 13.524079 4.2878757 50
-3.9899604 15.735697 5.142879 46
-4.6779222 15.580208 5.0475378 95
-4.9539714 14.156852 4.5612192 50
-5.2675209 13.025367 4.1874638 52
-4.3148046 15.506598 5.0930185 81
-4.858973 14.91408 4.8711629 47
-5.0887408 13.514121 4.4037814 56
-5.472908 12.666976 4.1324301 71
-4.7152872 15.568066 5.1351666 90
-4.9746675 14.118495 4.6536379 52
-5.2160892 12.91824 4.2614932 61
-5.5973902 12.146822 4.0266933 63
-4.9440346 15.039283 4.99265 42
-5.1095862 13.489719 4.4855952 65
-5.4234924 12.571801 4.1989565 50
-5.7357545 11.712696 3.9456298 55
-4.987937 14.055167 4.697639 41
-5.2249713 12.878786 4.3255816 63
-5.6118884 12.217243 4.1333432 69
-5.2473435 10.073389 3.4567668 43
-5.1195903 13.428515 4.5205603 48
-5.3765073 12.408164 4.2111487 60
-5.7155409 11.714189 4.0175209 64
-5.3434739 9.6970148 3.3856118 70
-5.2382922 12.82793 4.3511543 56
-5.6042533 12.158092 4.1708355 67
-5.2289696 10.075018 3.5125704 47
-5.5904508 9.6127062 3.4153459 72
-5.3692975 12.322109 4.2145925 52
-5.7208366 11.686995 4.0554461 61
-5.3341799 9.7185736 3.4397752 73
-5.9385061 9.6902599 3.5069993 75
-5.5923157 12.06793 4.1634192 63
-5.2390399 10.066921 3.5435905 50
-5.5654831 9.6071682 3.4523547 74
-6.1827168 9.5859184 3.5356231 76
-5.7342691 11.650073 4.0593243 57
-5.3403373 9.7034903 3.4597533 67
-5.922317 9.7038288 3.5431142 77
-6.2540636 9.2170506 3.4677348 73
-5.2474356 10.033001 3.537472 56
-5.5823946 9.6132059 3.4734499 75
-6.1704493 9.6065598 3.5667768 78
-6.3320742 8.8761978 3.4119971 76
-5.3457842 9.6655827 3.4446087 65
-5.9323988 9.6958418 3.5531304 80
-6.2457271 9.243763 3.4939206 73
-6.3979936 8.543211 3.3552911 69
-5.624095 9.6386433 3.4736631 72
-6.1707144 9.5835295 3.5627055 77
-6.317802 8.8979006 3.4271505 72
-6.4696221 8.2342434 3.3077137 69
-5.9672823 9.7062616 3.5412588 74
-6.2489357 9.2257967 3.4848757 71
-6.3955913 8.5760622 3.3685086 71
-6.5361457 7.9342065 3.2621787 68
-6.1742077 9.5427065 3.5265405 70
-6.3229666 8.8839874 3.4121253 74
-6.4554386 8.2490377 3.3058257 68
-6.6064663 7.6511831 3.222734 69
-6.2524438 9.1840115 3.4417028 67
-6.3988042 8.5581646 3.3464589 70
-6.524929 7.9520621 3.2553067 68
-6.6677384 7.3720546 3.1833024 67
-6.3274984 8.8402472 3.3629401 72
-6.4616065 8.2351961 3.2797968 68
-6.5962629 7.6680827 3.2098553 67
-6.725914 7.1008739 3.1469095 61
-6.4052811 8.5194798 3.2912991 67
-6.5350623 7.9412985 3.2232943 67
-6.6526203 7.3819447 3.1613815 87
-6.7711387 6.8255587 3.1074843 53
-6.4700594 8.198555 3.2206471 68
-6.5965533 7.6442623 3.1667652 67
-6.7216802 7.1209073 3.1220472 60
-6.8330035 6.5803752 3.0802281 84
-6.5356722 7.8916092 3.1560676 70
-6.6578765 7.3611984 3.1153085 85
-6.762989 6.8385835 3.0755804 56
-6.8809285 6.33005 3.0489342 83
-6.6001043 7.5996289 3.0955651 68
-6.7160807 7.088088 3.0659013 61
-6.8219295 6.5874138 3.0392885 88
-6.9455905 6.101862 3.0287666 87
-6.6604428 7.3155913 3.0371001 66
-6.7603683 6.8078208 3.0154452 58
-6.8837242 6.3482451 3.0090609 87
-6.9953108 5.8685207 3.0045609 89
-6.7246237 7.0445619 2.9857054 57
-6.8272257 6.5637541 2.9771938 88
-6.934567 6.1049657 2.9758027 87
-7.0489006 5.646204 2.9844146 83
-6.7795863 6.7773881 2.9352932 63
-6.8869238 6.322547 2.939976 89
-6.9931273 5.8786664 2.9497137 87
-7.103384 5.4297895 2.9674258 88
-6.8366609 6.5201373 2.8880241 89
-6.940836 6.0782008 2.9037683 91
-7.0468059 5.6532588 2.9246016 92
-7.1568761 5.2193274 2.9523878 86
-6.8867302 6.2638154 2.8416877 93
-6.9986043 5.8479176 2.8724625 96
-7.0975051 5.429884 2.9002199 98
-7.1945157 5.0018015 2.932925 96
-6.9496226 6.0286746 2.8041375 92
-7.0484724 5.6175618 2.8390417 108
-7.144269 5.2104011 2.8759613 103
-6.5210185 4.3053045 2.6287966 31
-7.0046535 5.7932925 2.7669809 98
-7.0963244 5.3890839 2.8089182 96
-7.1908908 4.9978919 2.8549213 102
-6.5691566 4.1297894 2.6209528 114
-7.0594468 5.5620141 2.7328641 105
-7.1559267 5.1778026 2.7869024 110
-6.5193009 4.2995276 2.5538671 38
-6.6044011 3.9471807 2.6090631 117
-7.1170354 5.3418489 2.7027187 109
-7.2052722 4.961658 2.7626519 111
-6.5622139 4.1182547 2.539794 123
-6.6481895 3.7738833 2.6040254 115
-7.1585364 5.1146069 2.6674404 118
-6.5225821 4.2611928 2.4625328 60
-6.6092768 3.9408257 2.5278902 112
-6.8878589 3.7122674 2.6758518 35
-7.2100773 4.897305 2.6403303 120
-6.5697069 4.0787907 2.4456027 127
-6.6414237 3.7562325 2.5139382 126
-7.4545631 3.8138051 2.8747418 95
-6.5422115 4.2109394 2.3552918 129
-6.6048923 3.8912652 2.4256368 128
-6.9695477 3.7405169 2.6110609 38
-7.5086765 3.6313858 2.8758121 115
-6.5764689 4.0174241 2.3312933 126
-6.6529427 3.7148476 2.4137361 118
-7.4558544 3.7923338 2.7676373 126
-7.5448399 3.444788 2.8708477 115
-6.615665 3.8289561 2.3093235 130
-7.1490431 3.7848172 2.5634146 41
-7.5050282 3.6048937 2.7616763 119
-7.5809789 3.260185 2.8668923 120
-6.7263269 3.6851802 2.3146327 42
-7.4675474 3.7370467 2.6483588 130
-7.546216 3.4163706 2.7537034 121
-7.6380033 3.0847671 2.8739972 120
-7.4113464 3.8460822 2.5159078 79
-7.5058084 3.5425272 2.633352 127
-7.5933399 3.2328908 2.7507594 124
-7.6750798 2.9051538 2.8740664 116
-7.4755449 3.6568391 2.5059445 147
-7.5569825 3.3551211 2.6253896 124
-7.637476 3.0483806 2.7468066 123
-7.711153 2.7255175 2.8761332 120
-7.532743 3.4675198 2.4949751 139
-7.6041441 3.1686633 2.6184278 128
-7.6736131 2.8637779 2.742847 124
-7.7581649 2.5509875 2.8822324 110
-7.5690384 3.2699878 2.4779477 137
-7.6453505 2.9781404 2.6104398 124
-7.7176876 2.6842513 2.7419178 114
-7.7971883 2.3753643 2.8883195 121
-7.6222448 3.0796056 2.4699671 138
-7.6845112 2.7915888 2.6034701 138
-7.7557964 2.5016499 2.741967 124
-7.8262372 2.1976459 2.8903885 116
-7.6574912 2.8860409 2.4569573 140
-7.7186928 2.6029787 2.5964847 136
-7.7908816 2.3210182 2.7410235 117
-7.8752203 2.0251014 2.9034951 121
-7.701684 2.6965587 2.4479735 137
-7.7677889 2.4215107 2.5955451 123
-7.8449121 2.1445589 2.7491126 123
-7.9132175 1.8514553 2.9115882 116
-7.7438889 2.5060425 2.4409809 138
-7.8029213 2.2368908 2.5925786 134
-7.8789816 1.9648938 2.752171 123
-7.9501996 1.678786 2.9216845 120
-7.7910423 2.3195732 2.4360116 145
-7.853024 2.0544126 2.5956314 126
-7.916038 1.786258 2.7562354 122
-7.9862051 1.5040947 2.933768 43
-7.8262343 2.1299701 2.4300168 136
-7.8901291 1.8718044 2.5946743 138
-7.9620543 1.6106995 2.7653198 115
-8.0251846 1.3314326 2.9468629 67
-7.870398 1.9424498 2.4280374 136
-7.9382062 1.6912917 2.5997329 138
-8.0120926 1.4331716 2.777395 76
-8.0641737 1.1577592 2.9619505 43
-7.9120731 1.7542504 2.4269991 134
-7.9788136 1.5080353 2.6036978 90
-8.0416565 1.2527522 2.7843447 123
-8.1236258 0.98558086 2.984937 116
-7.9452367 1.5656004 2.4249878 124
-8.0089521 1.3213222 2.606694 132
-8.0717335 1.0710107 2.7923667 62
-8.1546297 0.8098169 2.998991 105
-7.990397 1.3770672 2.4269819 132
-8.055028 1.1397613 2.6157258 42
-8.1297445 0.89453286 2.8114314 120
-8.2046165 0.63521814 3.0230606 101
-8.0385332 1.1905524 2.4319873 44
-8.1121225 0.9563055 2.6287518 123
-8.1717939 0.71489698 2.825469 113
-8.2436275 0.45851359 3.0431108 102
-8.0926752 1.0030845 2.4409893 134
-8.1472435 0.77061713 2.6377523 120
-8.2278366 0.53538436 2.8465133 101
-8.2786369 0.28176773 3.0621576 87
-8.1358662 0.81150067 2.4479613 135
-8.2023468 0.58612132 2.6537681 122
-8.2599421 0.35062703 2.8615146 109
-8.3236532 0.10409891 3.0882037 87
-8.1820421 0.62093467 2.4579391 130
-8.2435093 0.39647999 2.6667471 108
-8.2980328 0.16692796 2.8785233 83
-8.3666935 -0.075592749 3.1142359 86
-8.2262411 0.42835078 2.4669032 117
-8.2706623 0.20769288 2.6767218 110
-8.3461428 -0.018693989 2.9025254 85
-8.4067554 -0.25731972 3.140254 92
-8.2604866 0.23165163 2.4758377 106
-8.325819 0.018174825 2.6967061 107
-8.3842659 -0.20541009 2.9225149 97
-8.4468508 -0.44205761 3.1682541 82
-8.3107033 0.037103988 2.4907913 109
-8.3700237 -0.17547053 2.71666 87
-8.4334192 -0.39503178 2.9484925 88
-8.5029516 -0.62764907 3.2032568 78
-8.3599653 -0.16146597 2.5077207 101
-8.415246 -0.37110481 2.7366023 83
-8.4786043 -0.58770561 2.97545 82
-8.542078 -0.81541044 3.233237 76
-8.4062719 -0.36407086 2.5246248 102
-8.4684925 -0.56867385 2.7615368 95
-8.5188017 -0.78143752 3.0023975 79
-8.586237 -1.0061357 3.2672024 78
-8.4605856 -0.56760579 2.5455272 93
-8.5107603 -0.76835954 2.7844534 88
-8.5670414 -0.97909915 3.0333278 81
-8.6374474 -1.2018092 3.306145 84
-8.5019331 -0.77428836 2.565408 103
-8.5520754 -0.97307372 2.8093467 93
-8.616292 -1.178763 3.0652544 88
-8.5854874 -1.3824731 3.307122 48
-8.5473242 -0.98594767 2.5882683 106
-8.6124268 -1.1816158 2.842231 91
-8.6125164 -1.3759528 3.0811658 51
-8.113718 -1.4870839 3.1452899 38
-8.5987482 -1.2005543 2.614114 100
-8.5997124 -1.3838809 2.8531094 66
-8.1247921 -1.4847733 2.9243019 40
-7.9112897 -1.6251612 3.088418 84
-8.5370235 -1.4012847 2.6069736 44
-8.0940084 -1.4949282 2.7002232 40
-7.9034233 -1.6280513 2.8643909 101
-7.9583912 -1.8128989 3.1294055 95
-8.0193262 -1.5135121 2.4620748 41
-7.8827043 -1.6441166 2.6452849 100
-7.9516063 -1.82276 2.9023404 101
-8.006525 -2.0036368 3.1723762 87
-7.8842578 -1.6839741 2.4350595 114
-7.9410138 -1.8497137 2.6841791 94
-7.9988351 -2.0214803 2.9402657 94
-8.9293528 -2.4412556 3.5694535 62
-7.9346151 -1.8936243 2.4669263 109
-7.9943452 -2.0573637 2.7220578 104
-8.9248037 -2.4699113 3.3092833 87
-8.9798288 -2.6620152 3.620254 64
-7.9970894 -2.1131704 2.5057395 101
-8.9114676 -2.5167217 3.0600011 55
-8.9683876 -2.6987092 3.3540266 84
-9.0324078 -2.8907702 3.6760004 65
-8.9153948 -2.5863533 2.8146007 50
-8.9631786 -2.7564187 3.1036866 87
-9.0280828 -2.9373703 3.4077213 84
-9.0900421 -3.1244843 3.73472 65
-8.9802876 -2.8419154 2.8612044 90
-9.0340214 -3.0079517 3.157315 88
-9.0928764 -3.1849966 3.4653671 84
-9.1597977 -3.3690987 3.8003843 66
-9.0382147 -3.1005528 2.9067857 91
-9.1029663 -3.2685189 3.2128904 92
-9.1607485 -3.4396155 3.5279737 86
-9.2065449 -3.6129563 3.8620386 67
-9.1135321 -3.375011 2.9604857 67
-9.16115 -3.5332618 3.2675998 86
-9.2238865 -3.7024281 3.589659 65
-9.2726107 -3.8718767 3.932709 67
-9.1786337 -3.6536562 3.0149009 68
-9.2190876 -3.8034589 3.3247447 87
-9.2828064 -3.9706993 3.6537807 68
-9.3344688 -4.1341968 4.002831 68
-9.2447653 -3.9398317 3.071872 67
-9.3023081 -4.0942073 3.394963 85
-9.3488255 -4.2477794 3.7240467 68
-9.4039221 -4.4110909 4.0819178 68
-9.3188992 -4.2412705 3.1347058 70
-9.3652267 -4.3858147 3.4609118 69
-9.4176683 -4.5383463 3.7990415 70
-9.4641523 -4.6890402 4.1591139 70
-9.3922062 -4.5531821 3.20281 72
-9.4485102 -4.6951261 3.5374746 69
-9.4888897 -4.8367472 3.8776402 71
-9.557436 -4.9952784 4.2547188 73
-9.4293718 -4.8549137 3.2593987 32
-9.5168533 -5.010149 3.6145236 35
-9.5560846 -5.1428633 3.9597602 73
-9.6316347 -5.2984519 4.3457561 72
-9.5613317 -5.2182946 3.3540809 35
-9.5884199 -5.3352427 3.6942511 64
-9.6387081 -5.4698939 4.0524516 71
-9.7030611 -5.6115661 4.4396162 77
-9.6340189 -5.5652947 3.4338748 75
-9.6811438 -5.6849432 3.7871673 71
-9.7313604 -5.8136387 4.1534057 72
-9.719121 -5.9009738 4.511868 63
-9.7260427 -5.9348879 3.524641 71
-9.761034 -6.0426903 3.8820026 74
-9.8302794 -6.1742425 4.2602353 66
-9.6598482 -6.1519437 4.5542803 55
-9.8263216 -6.3264565 3.6242425 70
-9.8652544 -6.4282842 3.9896092 63
-9.9133844 -6.5420942 4.3697886 63
-9.7397718 -6.499774 4.6639223 63
-9.9249268 -6.7370319 3.7295215 66
-9.9446058 -6.8170829 4.0950284 68
-9.9945297 -6.9199152 4.4794106 70
-9.8408632 -6.8775616 4.791584 49
-10.018447 -7.1597567 3.8380229 85
-10.01764 -7.2140875 4.2018466 94
-9.9243879 -7.2061653 4.5297799 83
-9.8945065 -7.2347875 4.8995509 81
-9.6977549 -7.2901912 3.7920449 79
-9.6344614 -7.2799191 4.1190376 79
-9.5833874 -7.2868567 4.4545984 84
-9.5484581 -7.2974133 4.8104591 71
-9.3430929 -7.3799939 3.7297666 79
-9.3070421 -7.3784103 4.0607033 71
-9.3046999 -7.4041424 4.4073787 73
-9.3189487 -7.4413824 4.7811174 61
-9.3336964 -7.7433143 3.8092916 66
-9.363739 -7.7833447 4.1721811 64
-9.3997736 -7.833396 4.5440745 70
-9.4316168 -7.8685989 4.9330592 61
-10.502397 -9.1653996 4.3915901 64
-10.285022 -8.9695911 4.6867499 63
-10.32113 -9.0067492 5.0966058 57
-10.604208 -9.2493639 5.6583581 59
-10.576045 -9.6917114 4.5297942 62
-10.414038 -9.5225544 4.8566909 64
-10.55612 -9.6389761 5.3269591 58
-10.748571 -9.7932224 5.8540783 52
-10.535385 -10.130382 4.6282125 53
-10.547828 -10.103145 5.037478 62
-10.863659 -10.377218 5.6088557 73
-10.885194 -10.351764 6.0549951 53
-10.696752 -10.799191 4.8270526 58
-10.752937 -10.789575 5.2627249 59
-11.021279 -11.006981 5.8213558 64
-11.044479 -10.960747 6.2776637 50
-10.90543 -11.553415 5.0567632 41
-11.191677 -11.770864 5.6244407 49
-11.18763 -11.684624 6.0559521 54
-11.198676 -11.604347 6.5114169 46
-11.170897 -12.423965 5.335465 81
-11.300044 -12.452715 5.8383093 120
-11.358356 -12.412053 6.3116975 104
-11.384004 -12.314723 6.7814732 68
-10.772861 -12.579381 5.3053045 83
-10.867398 -12.544216 5.7756133 101
-10.956044 -12.518143 6.2508616 91
-11.02922 -12.455446 6.7342 88
-10.632371 -13.04025 5.4069514 61
-10.598869 -12.828172 5.8042655 71
-10.592015 -12.658832 6.212214 60
-10.645898 -12.55207 6.6688261 85
-10.341982 -13.323553 5.4378867 95
-10.509996 -13.337893 5.9398217 100
-10.628426 -13.299728 6.4199786 100
-10.733394 -13.220761 6.9063954 87
-9.8972702 -13.398015 5.4051352 95
-10.095327 -13.428652 5.9040484 95
-10.232425 -13.396437 6.3816285 83
-10.360342 -13.324842 6.8650351 81
-9.4648304 -13.476357 5.3616133 90
-9.6566887 -13.487039 5.8445749 88
-9.8140116 -13.456114 6.3137221 90
-9.9710894 -13.409389 6.8039312 76
-9.0433435 -13.553466 5.3214684 87
-9.2610598 -13.591545 5.8080535 88
-9.4231634 -13.552583 6.2683878 82
-9.5869932 -13.487667 6.7398634 70
-8.6336088 -13.647806 5.2942443 76
-8.8870592 -13.710966 5.7838793 76
-9.0448122 -13.645535 6.2253671 86
-9.2177925 -13.578413 6.6898508 63
-8.2423925 -13.745785 5.2723079 77
-8.4782848 -13.771197 5.7390637 83
-8.6644135 -13.722838 6.1804543 74
-8.8564281 -13.665537 6.6419029 70
-7.8510356 -13.831437 5.2511964 82
-8.0889559 -13.840636 5.7040539 80
-8.2902632 -13.804274 6.1420789 72
-8.5003719 -13.74771 6.5955114 60
-7.4598761 -13.91203 5.2319512 75
-7.7209072 -13.937898 5.6839056 77
-7.9239278 -13.883292 6.1083541 66
-8.1541958 -13.840486 6.5587201 59
-7.0816331 -13.999284 5.2201848 70
-7.3486519 -14.023025 5.6641707 77
-7.5667882 -13.966125 6.0786228 68
-7.8009877 -13.916205 6.5190415 50
-6.7105632 -14.089391 5.2114067 66
-6.9804611 -14.10006 5.6444211 76
-7.2106977 -14.05003 6.0547819 65
-7.4579039 -13.996887 6.4832129 52
-6.3458986 -14.190555 5.2131605 71
-6.6164622 -14.172081 5.6243811 77
-6.8669167 -14.143833 6.0356503 67
-7.1107721 -14.061627 6.4422479 48
-5.7074389 -13.609203 4.9682889 70
-5.9678631 -13.576656 5.3485909 3
-6.5121198 -14.205709 6.0082221 61
-6.7712288 -14.139367 6.4136381 52
-5.3764305 -13.730103 4.9843583 41
-5.6171093 -13.625567 5.3300629 68
-5.8570733 -13.547096 5.6846066 53
-6.4371095 -14.214339 6.385293 52
-5.2523408 -14.435289 5.2132883 68
-5.52739 -14.347449 5.5739222 53
-5.5417371 -13.646888 5.6802201 68
-5.8054223 -13.574975 6.0457454 57
-4.8976521 -14.521131 5.2223711 69
-5.1937046 -14.467137 5.5888629 72
-5.4900088 -14.444241 5.9691901 69
-5.4977646 -13.660558 6.0321565 64
-4.5380597 -14.592434 5.2300119 68
-4.8441539 -14.537217 5.5875769 70
-5.1528964 -14.533078 5.9658217 63
-5.457921 -14.463908 6.3334675 53
-4.1803651 -14.673567 5.2455039 75
-4.4974413 -14.61187 5.5882444 75
-4.8224893 -14.626694 5.9651771 64
-5.1324663 -14.543515 6.315721 41
-3.8294375 -14.768408 5.2656727 66
-4.1545224 -14.696883 5.5993204 75
-4.4879484 -14.696912 5.9604378 72
-4.806179 -14.614437 6.3029413 48
-3.4802132 -14.849855 5.2849002 70
-3.8163238 -14.779156 5.6124516 72
-4.1545868 -14.772391 5.9602685 67
-4.4839602 -14.685605 6.2895665 63
-3.1269064 -14.932763 5.3095059 72
-3.4810452 -14.868109 5.62603 68
-3.8217485 -14.841387 5.9601693 69
-4.1618567 -14.766603 6.2837067 53
-2.7769794 -15.018175 5.3367491 60
-3.1370411 -14.944969 5.6434555 71
-3.4904892 -14.933879 5.9734507 73
-3.840332 -14.843875 6.2821679 53
-2.420269 -15.092092 5.3682709 69
-2.7953272 -15.023712 5.6649041 74
-3.157593 -15.003772 5.9791999 67
-3.5175562 -14.910501 6.2739882 54
-2.0677619 -15.177361 5.4029446 71
-2.4518893 -15.104972 5.6893077 74
-2.8257401 -15.088984 5.9950929 76
-3.1916323 -14.985703 6.2757487 54
-1.7132028 -15.262087 5.438489 74
-2.1072533 -15.176334 5.7122231 72
-2.4930995 -15.167896 6.0113711 76
-2.8699005 -15.067435 6.2810006 55
-1.3530512 -15.336478 5.4778109 79
-1.7651786 -15.264611 5.7432418 73
-2.1559281 -15.244066 6.0284028 76
-2.547837 -15.148352 6.2900481 65
-1.0001584 -15.467367 5.5537043 76
-1.4217355 -15.353953 5.7945523 78
-1.8218848 -15.318323 6.0613103 78
-2.2206714 -15.222284 6.3109903 58
-0.63756418 -15.540197 5.5972815 75
-1.072679 -15.472734 5.8448129 80
-1.480546 -15.395619 6.0863066 79
-1.8941687 -15.296412 6.3209319 63
-0.2680909 -15.589403 5.6344657 78
-0.71972436 -15.586929 5.8946805 79
-1.1395001 -15.506633 6.1243463 68
-1.5617629 -15.367194 6.3313189 71
0.090080187 -14.983408 5.4405961 83
-0.36142185 -15.676473 5.9405813 78
-0.79688621 -15.577281 6.1485558 83
-1.2272474 -15.439668 6.3465896 66
0.44296166 -15.029078 5.4831924 51
-0.010206076 -14.979417 5.6915097 85
-0.44749567 -15.665607 6.1865654 92
-0.89372361 -15.518754 6.3656154 73
0.85278988 -15.898144 5.8322282 73
0.33419767 -15.039813 5.7315001 105
-0.10082768 -14.968204 5.9169559 72
-0.55765843 -15.605068 6.3912854 77
1.2294972 -15.936901 5.8813534 82
0.72794837 -15.918592 6.0876803 97
0.23373964 -15.030187 5.9493222 84
-0.21394943 -15.378344 6.2944102 36
1.6248111 -16.114983 5.9859948 78
1.0981476 -16.001085 6.1449428 98
0.60938072 -15.896604 6.3028145 95
0.11519944 -15.004044 6.1394887 86
2.016027 -16.195814 6.0592446 90
1.4733341 -16.081682 6.2031484 97
0.97446382 -15.984076 6.3529291 91
0.44430152 -15.062166 6.1624093 16
2.4178569 -16.284025 6.1410966 88
1.8578724 -16.198652 6.2808619 100
1.3394101 -16.065619 6.4008985 88
0.8299343 -15.933674 6.5189242 89
2.8239961 -16.376146 6.2282114 82
2.2492754 -16.287403 6.3531303 86
1.7100928 -16.141079 6.4521403 98
1.1874725 -16.014973 6.5580845 89
3.2431939 -16.486502 6.326086 84
2.640595 -16.359411 6.4211073 98
2.092859 -16.243965 6.5189948 79
1.5521826 -16.123747 6.6106439 75
3.6629965 -16.57214 6.4188771 88
3.047929 -16.468895 6.5078216 93
2.4715135 -16.301897 6.5701289 90
1.9179208 -16.171297 6.643259 84
4.092598 -16.671915 6.5231929 81
3.4484496 -16.523024 6.5773635 93
2.8622894 -16.396791 6.6383576 89
2.2942872 -16.263744 6.6964002 87
4.536221 -16.76428 6.6311841 88
3.8687472 -16.627041 6.670414 92
3.2652936 -16.488533 6.7126217 92
2.6769953 -16.354193 6.750721 82
4.9927177 -16.882095 6.750814 72
4.2954378 -16.716543 6.761035 98
3.6737976 -16.584934 6.7890096 89
3.0731456 -16.456532 6.8140035 95
5.4496045 -16.971249 6.8646626 80
4.7342215 -16.819328 6.8654246 96
4.0857077 -16.67326 6.8685861 89
3.4661431 -16.538385 6.8736577 88
5.7147737 -16.486717 6.755095 42
5.1794758 -16.920259 6.9704432 101
4.5114632 -16.770002 6.9551487 97
3.87079 -16.63476 6.9420576 93
6.0700011 -16.300989 6.7649126 70
5.5880613 -16.886517 7.0260267 79
4.9501476 -16.882467 7.0521669 96
4.2866602 -16.733738 7.0132756 91
6.9259801 -17.342335 7.2928658 62
5.8050489 -16.294451 6.8553262 84
5.3925219 -16.969698 7.1451387 90
4.7141995 -16.824642 7.0902815 90
7.4415216 -17.452641 7.4425683 61
6.244247 -16.341242 6.951498 31
5.6707869 -16.550236 7.0304594 52
5.1572466 -16.945379 7.1822228 75
7.9755511 -17.565044 7.6035366 63
7.1026731 -17.370266 7.4733472 78
6.0120139 -16.342937 7.0051322 111
5.559382 -16.907452 7.2104688 69
8.5296888 -17.692715 7.7758012 63
7.614923 -17.480333 7.6134162 82
6.8168778 -17.300503 7.4826941 77
5.7707458 -16.31966 7.0080853 71
9.0984011 -17.813456 7.9536777 68
8.1546078 -17.606689 7.7701073 62
7.3186121 -17.416265 7.6084466 69
6.1866064 -16.328951 7.063622 150
9.6910839 -17.94068 8.1456146 52
8.7053041 -17.73115 7.9301066 63
7.8443208 -17.541237 7.7464476 61
7.0380878 -17.374004 7.5726309 86
10.322199 -18.104467 8.3602057 56
9.2855482 -17.877174 8.1087828 69
8.3767643 -17.655579 7.8852453 64
7.5415273 -17.480885 7.6834307 78
10.727631 -17.859758 8.3963623 56
9.8809214 -18.004459 8.2885494 68
8.9303904 -17.776979 8.0321884 74
8.0703144 -17.598742 7.8084888 69
11.093198 -17.552967 8.4062328 50
10.490668 -18.12764 8.4755592 91
9.5100107 -17.91066 8.1951342 72
8.6238089 -17.74297 7.9473701 72
11.615165 -17.478762 8.5365553 71
10.759974 -17.66514 8.3934669 53
10.118921 -18.047831 8.3695345 69
9.1945658 -17.875574 8.0889864 73
11.760158 -16.856415 8.3961849 49
11.293422 -17.620033 8.516367 46
10.644698 -18.021496 8.4739685 70
9.7836237 -18.004257 8.2393637 57
11.895305 -16.25914 8.2694988 63
11.644454 -17.299103 8.5076847 71
10.904588 -17.546911 8.3761845 72
10.405666 -18.159548 8.4082327 65
12.028662 -15.682972 8.1521978 70
11.776514 -16.676535 8.3526821 73
11.495186 -17.597584 8.5266438 84
10.716231 -17.764505 8.3286715 71
12.164842 -15.143777 8.0486269 77
11.910309 -16.083078 8.2144604 84
11.701307 -17.065056 8.4039993 70
11.17222 -17.603859 8.362524 58
12.282992 -14.607375 7.9450421 69
12.038784 -15.517615 8.0840597 88
11.820634 -16.432178 8.2319918 71
11.613824 -17.415911 8.3894138 75
12.411249 -14.101006 7.8550181 76
12.184235 -14.997299 7.9751291 71
11.974226 -15.880843 8.0973969 63
11.743194 -16.781012 8.2034397 71
11.83907 -12.868074 7.3492193 15
12.301409 -14.462757 7.8585205 88
12.108664 -15.33136 7.9628134 87
11.882078 -16.18539 8.0382032 88
11.974901 -12.445171 7.2909303 83
12.421076 -13.958397 7.7558036 107
12.222842 -14.781697 7.8243833 111
12.021489 -15.623896 7.8867865 87
12.414469 -12.329906 7.4194632 47
11.870633 -12.761742 7.2586637 59
12.356944 -14.273305 7.7114663 85
12.168568 -15.097523 7.7511716 79
12.831111 -12.18527 7.5334544 73
12.023084 -12.354999 7.200511 99
11.784538 -13.01929 7.1852226 3
12.292456 -14.558963 7.6138735 82
12.943963 -11.756132 7.4772792 80
12.609895 -12.384902 7.3981533 82
11.932423 -12.595346 7.1079035 95
12.409969 -14.039052 7.4820738 90
13.045403 -11.323828 7.420578 99
12.861961 -12.07702 7.4032469 99
12.17849 -12.287434 7.0918159 59
11.855487 -12.823044 6.972281 50
13.134327 -10.89981 7.3627467 90
12.970031 -11.643822 7.333776 102
12.790157 -12.329534 7.2884612 107
11.990124 -12.386931 6.8790755 84
13.226521 -10.490581 7.3148403 79
13.072415 -11.215602 7.2700114 102
12.948424 -11.931008 7.2322383 92
12.574067 -12.406572 7.0421124 55
13.330064 -10.096401 7.2764115 81
13.166204 -10.794135 7.2048292 102
13.029615 -11.468214 7.1393971 104
12.864226 -12.123764 7.0430927 100
13.428349 -9.7101898 7.2411304 86
13.296461 -10.409266 7.1655378 84
13.14317 -11.052973 7.0693231 87
12.967167 -11.670248 6.9472866 98
13.512515 -9.3238688 7.20191 91
13.358033 -9.9844942 7.0955806 96
13.218919 -10.612276 6.9874663 99
13.076715 -11.238145 6.8632917 100
13.598623 -8.9438581 7.1714973 85
13.491052 -9.6220045 7.0669227 85
13.344139 -10.225594 6.9377627 101
13.18346 -10.810842 6.7837882 96
13.689622 -8.5777559 7.1466646 89
13.575357 -9.2316313 7.0202394 90
13.443633 -9.8262587 6.8793054 99
13.281198 -10.39432 6.7055526 94
13.799172 -8.2283506 7.135571 78
13.663136 -8.8478537 6.9795132 93
13.534607 -9.4303827 6.821619 95
13.384444 -9.9834642 6.6369028 97
13.84561 -7.8485074 7.0959468 91
13.751508 -8.4754944 6.942821 92
13.618145 -9.0368624 6.7641258 93
13.497847 -9.592329 6.5784645 96
13.233621 -7.1241803 6.7338796 6
13.837689 -8.1082077 6.9102006 94
13.719508 -8.6596546 6.7235117 105
13.572638 -9.1825733 6.5060163 97
13.30963 -6.7888074 6.7209077 82
13.910096 -7.7346439 6.8765206 94
13.809809 -8.2802744 6.6810422 94
13.698724 -8.8096418 6.4646506 95
13.395123 -6.466692 6.7152419 68
13.268063 -6.9969044 6.5017991 61
13.886994 -7.9038205 6.636622 101
13.784193 -8.4171963 6.4092031 90
14.169408 -6.457581 7.0511293 87
13.370955 -6.6737671 6.4917769 93
13.304472 -7.177722 6.2912183 3
13.882855 -8.0450373 6.363009 79
14.286555 -6.1373801 7.0653501 83
13.640065 -6.4337912 6.5634928 48
13.34768 -6.8173714 6.2409668 99
13.955373 -7.6576967 6.3101473 98
14.354484 -5.7980022 7.0605321 83
14.246265 -6.328124 6.7985592 101
13.451096 -6.4885139 6.2264614 84
13.338151 -6.9255037 5.961544 97
14.427973 -5.4619203 7.0620847 75
14.319094 -5.9818783 6.7846122 99
14.233634 -6.4631853 6.5204234 103
13.417154 -6.5750599 5.9248729 89
14.50669 -5.1327686 7.069345 76
14.404866 -5.6437159 6.7779951 97
14.310607 -6.1048198 6.4979753 96
14.231426 -6.5590315 6.2089982 78
14.586307 -4.8036833 7.0807252 75
14.480603 -5.3014956 6.7724795 99
14.394385 -5.7566304 6.4805145 94
14.327281 -6.2019396 6.18261 87
14.655831 -4.4755268 7.08816 81
14.558266 -4.9613628 6.7699904 92
14.478122 -5.409719 6.4669948 98
14.400317 -5.8357744 6.1531029 102
14.731447 -4.1507092 7.1022444 82
14.640879 -4.6315842 6.7728877 93
14.55493 -5.0635304 6.4540033 98
14.480158 -5.4805536 6.1292396 97
14.801058 -3.8255606 7.1172252 77
14.720695 -4.2944331 6.7791276 80
14.63583 -4.7193003 6.4483242 100
14.570189 -5.1243615 6.1146488 95
14.839706 -3.4939737 7.1205788 85
14.779426 -3.9560437 6.7785211 93
14.707561 -4.3716516 6.439395 100
14.656962 -4.7718339 6.1007433 91
14.906245 -3.1684694 7.1415176 84
14.86898 -3.6277499 6.7944674 92
14.795331 -4.0315862 6.4428067 97
14.726895 -4.4154277 6.0833006 89
14.988771 -2.8455412 7.1728945 80
14.937648 -3.2905333 6.805975 90
14.86413 -3.6832755 6.4423871 94
14.796841 -4.0560393 6.0719309 96
15.059328 -2.5233643 7.1992674 82
15.017452 -2.9562864 6.825417 84
14.945092 -3.3418691 6.4488993 98
14.883913 -3.7026677 6.070591 91
15.131955 -2.2001064 7.2307959 81
15.09209 -2.6220858 6.8430748 91
15.027811 -2.9968286 6.4615703 102
14.973756 -3.3516371 6.0731974 86
15.196543 -1.8749909 7.2621384 82
15.162835 -2.2879694 6.8643727 88
15.102624 -2.6566615 6.4689064 92
15.049728 -2.9974339 6.0736265 83
15.307171 -1.5515585 7.3183661 82
15.23645 -1.9528368 6.8898883 95
15.18036 -2.3095009 6.4865446 96
15.134519 -2.6442721 6.0823474 75
14.603163 -1.1652977 6.9934177 52
15.318147 -1.613845 6.9234023 97
15.252153 -1.9622829 6.5031133 93
15.217357 -2.2861218 6.0920835 86
14.667233 -0.85195053 7.0311928 83
14.653027 -1.2160622 6.6259251 54
15.339534 -1.6130972 6.5314369 97
15.288931 -1.9246429 6.103529 91
14.693471 -0.53425777 7.0579486 23
14.680481 -0.88729584 6.6406064 90
14.647861 -1.2021664 6.234611 70
15.378656 -1.5665129 6.124485 99
13.981586 -0.20722091 6.7326665 3
14.719614 -0.56104994 6.660243 32
14.698084 -0.86410254 6.2492814 94
14.660816 -1.1441418 5.8284807 71
13.800865 0.092044011 6.6628656 3
14.168295 -0.22548939 6.4216304 3
14.717809 -0.52861792 6.255362 5
14.745627 -0.79928368 5.8524776 90
13.875093 0.38781202 6.7156143 2
13.847661 0.086999342 6.2895489 3
13.79857 -0.17769377 5.8748121 3
14.910554 -0.45243418 5.9128194 4
13.918499 0.69113457 6.757699 3
13.914091 0.39802063 6.3307633 3
13.858094 0.14148036 5.9050808 2
13.849364 -0.093322486 5.4972186 4
13.997928 0.9952358 6.8205628 2
13.978627 0.71340996 6.3777022 4
13.937694 0.46374941 5.9470611 2
13.929069 0.24062024 5.5325923 3
14.119408 1.3113645 6.905848 5
14.012107 1.0318625 6.4130449 3
14.030333 0.79640871 6.0015187 2
14.032792 0.58120364 5.5811195 2
14.166813 1.6255426 6.9611955 2
14.138673 1.3580133 6.4914422 3
14.068994 1.1249741 6.0339298 2
14.049621 0.91823566 5.5965872 2
16.109585 2.2005301 7.9410796 46
14.185343 1.6854637 6.5419579 2
14.164401 1.266623 5.6562915 2
16.209524 2.5648799 8.0278568 31
16.158262 2.284198 7.4679852 54
16.277679 2.9366288 8.1084375 33
16.237518 2.6648793 7.5406246 33
16.20575 2.4358263 7.0122323 41
16.395746 3.3207581 8.2153883 23
16.345673 3.0582492 7.6316814 18
16.312098 2.8392682 7.0912666 26
16.294876 2.6510253 6.5630569 38
16.44475 3.697844 8.2912626 25
16.433638 3.4580214 7.7200732 14
16.42824 3.2587094 7.1839361 13
16.424105 3.0813711 6.6499467 25
16.536491 4.0974698 8.3990402 22
16.521791 3.8656142 7.8105793 13
16.513584 3.6744084 7.2643342 10
16.495672 3.5093195 6.7172647 13
16.620558 4.4970994 8.5022926 14
16.620041 4.2841244 7.9130054 13
16.594896 4.0972581 7.3457928 13
16.613241 3.9537141 6.8078752 18
15.96239 4.6894698 8.2348871 7
16.315275 4.5923362 7.8253031 6
16.626463 4.515636 7.4116883 10
16.704178 4.398283 6.8867831 20
15.93346 5.0495191 8.2820597 19
15.963575 4.8789506 7.7187953 10
15.973011 4.7374573 7.1787276 9
16.078077 4.652596 6.6840444 9
16.015295 5.2897687 7.807148 7
16.046644 5.165729 7.2710075 10
16.036434 5.0605721 6.7213283 11
17.033485 6.048449 8.3721838 14
17.018 5.918685 7.7733388 11
17.012873 5.8207269 7.1867094 15
17.10751 6.5099835 8.4894981 16
17.134371 6.4106774 7.9018631 13
17.132437 6.3297353 7.3083491 19
17.217005 6.9978046 8.6298208 11
17.251051 6.9134512 8.035265 17
17.22625 6.8428631 7.424799 25
17.35276 7.4284801 8.1698599 23
17.366257 7.3834171 7.5655575 34
17.443537 7.9465942 8.3044453 29
17.480433 7.9372411 7.7053881 39
17.571934 8.5006285 8.4671574 37
17.602863 8.5093136 7.8601847 59
17.84828 9.2323322 10.050286 6
17.659445 9.0574389 8.6211443 19
17.72599 9.1019354 8.0195332 68
17.717669 9.6476736 10.100247 37
17.909727 9.7201433 8.8617373 24
17.836538 9.7167616 8.1880417 67
17.669191 10.118748 10.20437 52
17.898327 10.241251 9.6388245 70
17.944628 10.285253 9.0066776 89
17.943121 10.343889 8.361618 101
17.443167 10.492472 10.214535 20
17.443501 10.504247 9.5306234 32
17.378744 10.508664 8.8576365 50
17.273752 10.522483 8.1818161 69
17.187616 10.844207 10.208109 41
17.236542 10.905237 9.555563 60
17.271763 10.994169 8.939209 56
17.344215 11.142579 8.3467112 27
18.191954 12.017971 10.951339 31
18.088209 12.016541 10.18029 33
18.397013 12.723757 11.239673 35
18.218691 12.697995 10.419234 27
18.522949 13.406146 11.496482 17
18.404661 13.44513 10.699666 28
18.528601 13.69417 10.089458 22
18.769352 14.371684 11.108344 30
18.624479 14.449791 10.334787 27
18.920603 15.16538 11.401963 22
18.853567 15.347802 10.672567 26
18.979031 15.732763 10.056496 32
19.116621 16.311256 11.044172 63
18.80971 16.373547 10.191564 65
18.442959 16.488266 10.888511 14
18.567991 16.970337 10.301444 32
17.946745 16.816559 10.83787 6
19.814373 18.997458 11.252609 29
19.580629 19.198051 13.81104 10
19.949501 20.415115 14.375094 22
20.227777 22.18869 14.177743 27
17.87686 20.183062 11.941987 16
19.7586 22.672325 14.215665 20
21.035938 24.848326 14.418756 17
21.037432 25.700348 13.746504 12
21.694582 27.840696 14.635001 15
18.793934 22.845793 14.906657 10
18.160753 23.064154 14.791602 13
18.998562 24.986565 14.870672 14
17.50061 23.242474 14.662381 16
18.334927 25.27561 14.803005 6
16.859251 23.428211 14.550976 21
17.847952 25.797436 14.883719 13
18.439655 27.781816 14.880085 13
18.518154 29.209112 14.482416 14
16.181131 23.533937 14.388131 15
17.650623 29.399534 14.3991 24
15.573673 23.718475 14.286168 14
16.830938 29.619884 14.338311 15
14.89853 23.80397 14.148576 20
15.979194 26.773539 14.82513 14
15.980201 29.779543 14.280779 18
14.326653 24.019773 14.091981 11
15.373396 27.114429 14.831157 12
15.156445 29.968746 14.230783 22
13.697672 24.131897 13.974298 12
14.777329 27.482157 14.856479 14
14.333303 30.129606 14.176416 15
13.130042 24.349726 13.930352 6
14.092935 27.687819 14.806429 11
14.164927 29.602869 14.80736 15
13.533215 30.326824 14.1578 24
12.520541 24.467039 13.836125 9
13.455156 27.976433 14.80783 12
12.733555 30.497372 14.132186 21
12.975142 26.763369 14.960508 10
12.847713 28.326782 14.840402 10
11.947244 30.632536 14.088465 19
12.194481 28.554342 14.818245 13
11.167903 30.835489 14.097486 22
11.772621 27.200623 14.889312 12
11.606353 28.970175 14.901944 10
11.33194 30.733814 14.870604 11
10.389736 31.001127 14.090897 26
11.201212 27.510988 14.906168 10
10.901306 29.083986 14.834889 15
9.6335001 31.217575 14.117496 26
10.584899 27.701937 14.870893 12
10.21386 29.264528 14.81284 10
8.8477869 31.372738 14.133845 18
9.9980841 27.998117 14.901455 11
9.566885 29.51704 14.83183 10
9.0138226 30.975807 14.715081 12
8.0856323 31.572517 14.172987 20
9.3889217 28.210903 14.886654 12
8.8135157 29.45722 14.70603 10
8.2308025 30.947365 14.632664 14
7.3198509 31.732775 14.203966 21
8.7208338 28.217869 14.775981 13
8.1580381 29.636351 14.704632 12
7.490766 31.02879 14.606425 15
6.5789576 31.957409 14.266137 13
8.0939932 28.367033 14.742566 10
7.4334731 29.619125 14.616449 13
6.7146845 30.960562 14.522722 16
5.8301001 32.259308 14.381756 9
7.4248433 28.357626 14.639312 12
6.724185 29.611828 14.5395 10
5.9513516 30.924917 14.463893 15
5.0174613 32.160099 14.32534 13
6.7864728 28.463274 14.603078 16
6.0223923 29.596291 14.468675 13
5.1809306 30.765074 14.354185 13
4.2058601 32.073128 14.28818 13
6.144866 28.542768 14.56226 12
5.3180437 29.584866 14.41127 9
4.4289503 30.711269 14.306428 11
3.3958745 31.810625 14.174996 12
5.4919329 28.555445 14.487957 10
4.6219716 29.528595 14.334639 16
3.6997352 30.689234 14.27671 12
2.61163 31.628347 14.10748 13
4.8456106 28.559572 14.418576 11
3.9338307 29.504395 14.279902 9
2.9636073 30.485544 14.16869 11
1.8448082 31.543814 14.089819 8
4.2091341 28.570681 14.356827 14
3.2646077 29.526846 14.253281 13
1.0775409 31.273199 14.000394 11
2.5804441 29.410387 14.170915 17
1.515434 30.157892 14.016723 11
0.32587197 31.047304 13.934196 12
1.9075035 29.33287 14.113225 10
0.81144589 30.05249 13.980106 9
-0.41873464 30.892714 13.912667 11
2.1495311 26.849483 13.34973 7
1.2323867 29.224852 14.047241 17
0.10581327 29.904335 13.930441 11
-1.1455489 30.524757 13.800447 10
1.5522807 26.902431 13.341273 9
0.56170464 29.159752 14.0117 8
-0.5870834 29.834074 13.920343 10
-1.7018801 27.40661 12.453681 24
0.96439725 27.042854 13.364799 15
-0.094670877 29.066065 13.953584 10
-1.1904948 27.469858 12.844028 7
-2.3539193 27.383854 12.492712 32
0.36457807 27.139444 13.393178 17
-0.71539074 27.402763 13.166432 11
-1.8206955 27.350235 12.825197 28
-2.903688 26.396984 12.11298 21
-0.2315221 27.286652 13.448151 17
-1.3456241 27.585539 13.26932 16
-2.4647324 27.46442 12.926404 17
-2.9133217 21.517756 9.9480991 26
-0.83988816 27.444887 13.517522 18
-1.9816152 27.702166 13.350732 19
-2.9374065 25.891602 12.239838 19
-3.4284456 21.47592 10.000268 79
-1.4584138 27.56354 13.574338 20
-2.4993827 26.417143 12.760098 10
-2.9694951 21.473591 10.212792 39
-3.7646313 20.410782 9.5752602 12
-2.0666139 27.448839 13.518318 10
-2.9893587 25.413456 12.309001 23
-3.4791963 21.49655 10.273674 109
-4.0552926 19.371431 9.1624975 20
-2.5672319 26.229637 12.932281 5
-3.0392907 21.457888 10.439517 52
-3.7392116 20.073841 9.6562586 2
-4.382627 18.668797 8.9129314 40
-3.0129855 24.947857 12.311174 23
-3.5530431 21.518011 10.502851 97
-4.0579233 19.27269 9.3284502 16
-4.1296849 15.817941 7.6271534 26
-3.0979333 21.449692 10.609358 58
-3.9457572 20.897667 10.2441 16
-4.3203163 18.357723 8.9484682 30
-4.4433026 15.49182 7.5438609 83
-3.6030562 21.547447 10.679629 82
-4.0647097 19.07827 9.4018908 15
-4.126307 15.798541 7.7678533 32
-4.8720312 15.596609 7.6731896 87
-3.9399087 20.667231 10.270343 18
-4.3047419 18.150738 8.9935913 35
-4.4364181 15.507403 7.6850824 88
-5.1272602 15.144114 7.533412 38
-4.0814466 19.031513 9.4916239 13
-4.1395655 15.76639 7.8659201 34
-4.8532052 15.598767 7.7980156 96
-5.2821364 14.45748 7.2797198 40
-4.2971344 18.024035 9.0261755 20
-4.4523315 15.506505 7.7855549 92
-5.1147799 15.183621 7.660502 53
-5.4106393 13.769771 7.0229945 45
-4.1518917 15.773081 7.9386539 29
-4.8661551 15.604747 7.8896008 93
-5.2466679 14.435819 7.3602195 32
-5.5497918 13.191196 6.8162761 45
-4.4625878 15.509285 7.8460522 86
-5.1229472 15.191205 7.7406998 47
-5.3933492 13.822828 7.123796 56
-5.6552911 12.595568 6.6002636 41
-4.8738942 15.611459 7.9387102 76
-5.2520275 14.4524 7.4284205 12
-5.5218577 13.227454 6.8953733 56
-5.7612019 12.049802 6.4097295 58
-5.1215558 15.175241 7.7652736 45
-5.3992991 13.852802 7.1838012 56
-5.6347618 12.653398 6.6746311 61
-5.8809114 11.588287 6.2567959 60
-5.2442889 14.438889 7.4381013 20
-5.5225892 13.24996 6.9388609 67
-5.7502422 12.140938 6.4856997 63
-5.3845911 9.9869108 5.4846072 61
-5.3913798 13.849446 7.1872511 47
-5.6334782 12.683807 6.7106647 55
-5.8445458 11.630506 6.2952738 64
-5.4934554 9.6357479 5.3797188 61
-5.5138016 13.251761 6.9308586 52
-5.7353082 12.148542 6.4967384 58
-5.3571291 10.037165 5.5173049 59
-5.8042264 9.6561556 5.4819407 67
-5.6236691 12.686563 6.6929517 48
-5.8668146 11.718858 6.3391385 59
-5.4540424 9.6709566 5.393764 64
-6.1517425 9.7166309 5.6155128 71
-5.7301259 12.164313 6.4769177 60
-5.3488536 10.063878 5.5182862 55
-5.730391 9.6385813 5.4549103 73
-6.3221188 9.4888449 5.5851398 53
-5.8402166 11.689198 6.2853441 58
-5.4413991 9.6901455 5.3811789 61
-6.085288 9.7193241 5.586863 70
-6.4024405 9.1374998 5.4817967 67
-5.3413711 10.076315 5.4801927 53
-5.7039952 9.6377115 5.421947 69
-6.2959743 9.5616646 5.5868173 65
-6.4769907 8.7961445 5.385458 68
-5.4338269 9.7056923 5.3311005 59
-6.0479732 9.708436 5.5343184 70
-6.3800802 9.2182894 5.4764476 74
-6.5478811 8.4764481 5.2934527 70
-5.6842003 9.6343708 5.3541918 65
-6.2857509 9.5972843 5.5504484 70
-6.4553232 8.8814087 5.3717685 75
-6.6139932 8.1615753 5.2113891 71
-6.0300632 9.7156219 5.4662299 73
-6.3719597 9.2586651 5.4403296 68
-6.5224829 8.5495262 5.2726755 73
-6.6602201 7.8379254 5.1184511 67
-6.2773938 9.6147547 5.4832692 78
-6.4439707 8.9146156 5.3267412 68
-6.5906534 8.2366247 5.1823258 73
-6.5856638 7.3922658 4.9446812 66
-6.3639011 9.2725239 5.3616333 66
-6.5091505 8.576786 5.2150311 69
-6.5195832 7.7677512 4.9905591 67
-6.639339 7.111167 4.8749757 64
-6.4317422 8.9233646 5.2363939 67
-6.5391369 8.2167616 5.0866585 75
-6.5541959 7.4514346 4.8917027 62
-6.682785 6.8354316 4.8059001 68
-6.4794626 8.5601225 5.1084886 66
-6.4855461 7.7687392 4.9053378 58
-6.6134887 7.1756253 4.8196945 66
-6.7416978 6.582675 4.7514906 65
-6.4107585 8.0702314 4.8953362 59
-6.5392184 7.473259 4.8132977 65
-6.6649904 6.9062514 4.7475982 66
-6.7950549 6.335031 4.6997566 64
-6.4617496 7.7578382 4.7871137 64
-6.5977607 7.1986442 4.7334061 66
-6.7107863 6.6392002 4.6778269 65
-6.8416882 6.090766 4.6484008 65
-6.528616 7.4771233 4.7008386 66
-6.6526146 6.9306889 4.6564221 66
-6.7575655 6.3840871 4.6129446 80
-6.8967919 5.864141 4.6086817 64
-6.583252 7.1979795 4.6135068 65
-6.7030492 6.6673994 4.5841279 65
-6.8175817 6.1538215 4.5647373 82
-6.947165 5.637125 4.5676789 62
-6.6410909 6.9320726 4.5346656 68
-6.7615213 6.4234443 4.5238576 62
-6.8659329 5.91574 4.5137959 80
-6.9933615 5.4149079 4.5318737 62
-6.6949091 6.6682568 4.4579763 68
-6.8081994 6.1754656 4.4598775 86
-6.9085336 5.6815057 4.4618535 80
-7.0417662 5.2005849 4.4989934 61
-6.7467995 6.415236 4.3867478 67
-6.8492846 5.9279804 4.3960867 82
-6.962359 5.463861 4.4223962 83
-7.0945005 4.9927435 4.4726806 59
-6.7997575 6.1696463 4.3225565 64
-6.9097347 5.7076254 4.350522 86
-7.0147138 5.2503591 4.385036 81
-7.1338348 4.7819977 4.4424682 60
-6.9465404 6.0149565 4.321795 54
-6.9929643 5.5103426 4.3237972 56
-7.0561228 5.0317674 4.3459115 81
-6.6315928 4.2232761 4.0787234 78
-7.0692558 5.8413138 4.3065004 91
-7.1215267 5.3506465 4.3264751 56
-7.1478081 4.8568096 4.3393035 53
-6.6694055 4.0377588 4.056273 86
-7.1187043 5.6080718 4.2508726 103
-7.2214656 5.1706796 4.3149834 88
-6.6138701 4.2669506 3.9591696 72
-6.701355 3.8532169 4.0338464 78
-7.1790223 5.3880434 4.2061386 94
-7.2776213 4.9635434 4.2813067 101
-6.644918 4.0764608 3.9275334 87
-6.7780871 3.6978729 4.0393443 46
-7.228446 5.1668758 4.1588182 90
-6.5957818 4.2667494 3.8191836 70
-6.69278 3.8989835 3.9082913 96
-7.3441672 3.8023789 4.3410511 51
-7.2628303 4.9394498 4.1065292 87
-6.6417403 4.0832443 3.7921422 99
-6.7396526 3.7244403 3.8921216 68
-7.4339089 3.6410706 4.3578453 52
-6.597796 4.2538233 3.6677217 97
-6.6727052 3.8939245 3.758522 83
-7.4081893 3.8849545 4.2356124 47
-7.5086989 3.4729178 4.3681207 50
-6.6409678 4.0656528 3.6334767 100
-6.7298279 3.7226667 3.7415397 71
-7.5729337 3.7572072 4.2870755 104
-7.5599427 3.2933819 4.3652663 51
-6.6581593 3.866189 3.589433 105
-7.348671 3.8549304 4.0396028 43
-7.6080022 3.5608196 4.2659969 89
-7.622776 3.1210606 4.372426 50
-6.7386346 3.7044156 3.5814993 48
-7.544631 3.7418807 4.1010265 88
-7.6427417 3.3696463 4.2499533 84
-7.6723933 2.9457307 4.3758001 51
-7.4191461 3.8651159 3.8932548 48
-7.5897174 3.5483456 4.0825553 90
-7.6917167 3.1860826 4.2426004 86
-7.7202721 2.7681968 4.3803496 51
-7.5388346 3.7072129 3.9071076 115
-7.6397119 3.3600118 4.0688272 90
-7.7248073 2.9963672 4.2299385 80
-7.745286 2.5854537 4.3714709 50
-7.5869856 3.5117757 3.8851197 107
-7.6697927 3.1652634 4.0465183 94
-7.7647023 2.8127694 4.2226343 83
-7.7921071 2.4116883 4.3794427 51
-7.6260509 3.3161387 3.862083 97
-7.7058206 2.975558 4.031261 90
-7.8116288 2.632117 4.2223258 84
-7.82301 2.2319129 4.3811231 50
-7.6650825 3.1217504 3.8406236 102
-7.7627449 2.7933445 4.0274453 97
-7.8505554 2.4507008 4.2185321 83
-7.8589644 2.0573723 4.3862228 51
-7.7153788 2.9324052 3.8272707 108
-7.7980118 2.6057138 4.0155368 91
-7.8857861 2.2669895 4.2146606 86
-7.891036 1.8816098 4.3903975 49
-7.7573872 2.7420285 3.8132162 99
-7.8379879 2.4192617 4.0085363 92
-7.9366684 2.090533 4.2227912 83
-7.9029412 1.7017955 4.3866763 51
-7.7953882 2.5514815 3.7986369 103
-7.8878975 2.2387111 4.010025 89
-7.972569 1.9108233 4.225297 90
-7.9218001 1.5259032 4.3892264 51
-7.8483467 2.3659966 3.7960832 100
-7.9258442 2.0540812 4.0054893 104
-8.0094929 1.7291 4.2307835 95
-7.9536319 1.3530759 4.4007874 51
-7.8833413 2.1763854 3.7855091 105
-7.9627814 1.8704159 4.0039601 94
-8.0483828 1.5503807 4.2382913 96
-7.9784822 1.1781819 4.4113355 53
-7.9233165 1.9887862 3.7799449 112
-8.0107136 1.6877941 4.0114269 97
-8.0832834 1.3706186 4.2457905 92
-7.9943304 1.0032244 4.4178896 69
-7.9772654 1.8042625 3.7833905 102
-8.0526447 1.5051248 4.0168967 98
-8.1242037 1.1898638 4.2602744 94
-8.0391598 0.83142895 4.4424405 74
-8.0182648 1.6146332 3.7828043 106
-8.0896063 1.319402 4.0223436 76
-8.1711016 1.0111395 4.2787671 95
-8.0779982 0.65856904 4.4669867 76
-8.0472622 1.4249003 3.7792253 48
-8.1345501 1.135715 4.0337977 94
-8.21702 0.83038765 4.2992425 100
-8.1138372 0.48568508 4.4905334 77
-8.1052361 1.2383453 3.7916441 103
-8.1814957 0.95202464 4.0482473 95
-8.2569494 0.64858818 4.3177123 93
-8.1507082 0.30978683 4.5170522 73
-8.1532297 1.0497079 3.8010523 110
-8.2224741 0.76527023 4.062676 101
-8.3018818 0.46679229 4.342175 96
-8.2055798 0.13498203 4.5555615 55
-8.1952353 0.86000669 3.8104551 105
-8.2654514 0.57852018 4.0790997 94
-8.3548298 0.28403243 4.3726206 86
-8.2504473 -0.039905794 4.5910769 55
-8.2382593 0.66829097 3.8228378 109
-8.3184462 0.390811 4.1035047 94
-8.3608112 0.095951758 4.3810625 83
-8.289341 -0.21783344 4.62357 56
-8.2753086 0.47451159 3.8352067 97
-8.35847 0.19998784 4.1248927 86
-8.3857584 -0.088017151 4.4005194 74
-8.3382883 -0.39974475 4.6670203 55
-8.3223696 0.2797893 3.8535564 109
-8.4024954 0.0091821663 4.1492753 86
-8.3887415 -0.27615449 4.4119592 52
-8.3832436 -0.58267456 4.7074628 54
-8.3764563 0.083091751 3.8778813 101
-8.4535446 -0.18359059 4.1786332 85
-8.3736982 -0.46241665 4.4154296 68
-8.4382524 -0.76958597 4.7588625 56
-8.4215565 -0.1146815 3.9002042 86
-8.4866381 -0.38051668 4.2039723 88
-8.3916941 -0.6504795 4.4378538 69
-8.4802561 -0.95656806 4.8022709 58
-8.4596806 -0.31452766 3.9225142 87
-8.544776 -0.58029181 4.2432628 89
-8.4297352 -0.84144449 4.4742332 77
-8.5282984 -1.1465443 4.8526478 60
-8.5185823 -0.52484208 3.9567044 85
-8.5965443 -0.78680217 4.2815037 87
-8.4633179 -1.0411199 4.5115943 78
-8.564743 -1.3433702 4.899035 60
-8.5624714 -0.73135579 3.9874475 89
-8.6423912 -0.99034131 4.3192892 89
-8.5140991 -1.238685 4.5594316 76
-8.2055168 -1.4672132 4.7209163 36
-8.6134033 -0.94304973 4.0241213 89
-8.6922703 -1.2003233 4.3629456 92
-8.4326897 -1.4205837 4.5402732 46
-7.9756823 -1.6029249 4.6150498 75
-8.659605 -1.1560311 4.0602412 88
-8.5903215 -1.3884934 4.3318315 49
-7.9896951 -1.5277406 4.3242493 50
-8.0256672 -1.7915475 4.6750345 76
-8.6614685 -1.3658394 4.0781927 54
-8.091835 -1.4999566 4.1015759 44
-7.9952412 -1.7131619 4.3538394 79
-8.073349 -1.9826819 4.7354584 57
-8.1434288 -1.4851197 3.8537147 40
-7.9694629 -1.6666111 4.0613599 80
-8.0412741 -1.9107729 4.4082499 82
-9.0575495 -2.4293549 5.3558574 77
-7.9542251 -1.643595 3.783695 96
-8.0178385 -1.8686824 4.1127772 92
-8.0816259 -2.1089408 4.4627347 79
-9.1084738 -2.6499484 5.4268608 68
-8.0036268 -1.8538841 3.8316724 84
-8.0662203 -2.0751362 4.1657476 82
-8.8656263 -2.5244157 4.9341736 55
-9.1647596 -2.8804071 5.5068731 68
-8.0576458 -2.0689781 3.8839736 84
-8.8005848 -2.4830847 4.5828323 58
-8.9037466 -2.7514663 4.9984879 64
-9.2270832 -3.1160746 5.5931263 69
-8.9759245 -2.5361729 4.3621144 60
-8.8651009 -2.7251096 4.6538472 88
-8.957201 -2.9867437 5.0705342 66
-9.2816019 -3.3564296 5.6782007 73
-9.016407 -2.7811432 4.4175053 66
-8.9196415 -2.9678073 4.7249608 85
-9.0901108 -3.2561049 5.1942663 74
-9.3503122 -3.6064081 5.7750044 72
-8.9808168 -3.0078666 4.4404235 64
-8.9682684 -3.2140496 4.7947083 66
-9.290658 -3.5634329 5.3621755 70
-9.4192705 -3.8635225 5.8764973 73
-8.9694567 -3.2441742 4.4772239 65
-9.0392466 -3.4759185 4.8811936 68
-9.3825932 -3.8384175 5.4717703 72
-9.4849854 -4.1267428 5.9803653 67
-9.0332079 -3.5133097 4.5560136 66
-9.1160431 -3.7490563 4.9759445 68
-9.4624548 -4.1186247 5.5784769 73
-9.5579634 -4.4024968 6.0951972 71
-9.0961685 -3.7898784 4.6398377 67
-9.1809225 -4.0267439 5.0699029 69
-9.5293798 -4.3993282 5.6824269 64
-9.6338749 -4.6877694 6.2149024 63
-9.1792192 -4.0837679 4.7394991 69
-9.4049368 -4.3875289 5.2588224 75
-9.6017103 -4.6950006 5.7979884 67
-9.6961908 -4.9745021 6.33249 62
-9.239748 -4.3804092 4.8317418 64
-9.567009 -4.7348661 5.4164796 62
-9.7004156 -5.0117579 5.9320226 61
-9.7667322 -5.2733502 6.458744 59
-9.334342 -4.7039948 4.9489398 67
-9.6707582 -5.0663438 5.5486574 63
-9.7790356 -5.3315225 6.0603385 64
-9.8593884 -5.5942245 6.6060319 60
-9.4180145 -5.0318332 5.064075 58
-9.7525749 -5.4012341 5.6767225 66
-9.8467503 -5.6533604 6.187613 66
-9.9401388 -5.9230556 6.752357 56
-9.7212038 -5.4983444 5.308145 62
-9.8451614 -5.7497687 5.8140216 62
-9.9454927 -6.0043626 6.3387513 69
-10.031546 -6.2651658 6.9092236 47
-9.8608274 -5.8919554 5.4676752 59
-9.9465303 -6.1225281 5.9678683 67
-10.037667 -6.3680878 6.4976993 62
-10.086698 -6.5988555 7.0519414 55
-9.9627533 -6.2829227 5.6189489 64
-10.04664 -6.5083437 6.1259713 64
-10.127686 -6.7460499 6.6628942 60
-10.189682 -6.9802346 7.2369556 62
-10.066134 -6.6933079 5.78053 52
-10.14787 -6.9149289 6.2976704 59
-10.204579 -7.1308575 6.8278818 84
-10.028471 -7.1841025 7.235693 58
-10.179334 -7.1307135 5.9582076 76
-9.9973001 -7.1550422 6.3176756 69
-9.8633013 -7.2208672 6.7142439 70
-9.6909838 -7.2570934 7.1100974 65
-9.8340263 -7.2521753 5.8644981 63
-9.6745014 -7.2748661 6.2267122 73
-9.5311127 -7.3104949 6.6017933 70
-9.4543447 -7.4000993 7.0543423 47
-9.4714899 -7.340682 5.7660193 63
-9.4064922 -7.4169083 6.174603 60
-9.4706573 -7.6028342 6.6860456 66
-9.5197201 -7.7781992 7.2295952 58
-9.4388504 -7.6851654 5.8702312 65
-9.5131302 -7.8647904 6.3746271 64
-10.645843 -8.9481573 7.6690083 53
-10.643845 -9.110014 6.7723827 47
-10.717935 -9.295454 7.3408866 56
-10.941429 -9.623251 8.0490808 4
-10.801417 -9.7100468 7.0404158 48
-10.852456 -9.862402 7.6030698 62
-13.648993 -12.576199 10.270614 3
-10.964273 -10.348286 7.3283339 51
-10.989864 -10.462923 7.8845191 5
-11.125131 -11.016607 7.6305523 48
-11.091632 -11.22237 9.3281107 50
-11.496099 -11.949819 8.1014671 3
-11.518124 -12.106679 9.2866859 43
-11.206548 -11.828768 9.6404333 27
-11.354211 -12.389218 8.2355614 92
-11.322731 -12.39099 8.7746716 89
-11.299167 -12.408615 9.3362703 97
-11.270947 -12.410934 9.925065 71
-10.914179 -12.493413 8.1487465 83
-10.899677 -12.491895 8.6830425 97
-10.878094 -12.489491 9.2264004 87
-10.874669 -12.489559 9.8082647 59
-10.771128 -12.948915 8.2982473 29
-10.811973 -12.985368 8.8689508 33
-10.878298 -13.063918 9.4822731 42
-10.921152 -13.094806 10.107004 47
-10.525316 -13.294173 8.3770065 70
-10.53854 -13.269623 8.9122028 84
-10.550868 -13.256122 9.4634418 68
-10.558937 -13.213897 10.030797 58
-10.096253 -13.399096 8.312604 63
-10.128064 -13.377228 8.8443441 82
-10.165401 -13.363513 9.3914309 60
-10.173172 -13.296073 9.9350023 54
-9.6729765 -13.496429 8.2521515 54
-9.7262077 -13.476258 8.7793999 65
-9.7893457 -13.478217 9.3297529 49
-9.7967291 -13.374471 9.8426266 51
-9.2595272 -13.600242 8.2021942 55
-9.3276911 -13.570889 8.7173786 49
-9.4023628 -13.560039 9.25488 45
-9.4329195 -13.458956 9.7616053 44
-8.8540316 -13.696476 8.156023 44
-8.9394073 -13.663759 8.661109 41
-9.0147133 -13.629093 9.175396 44
-9.082386 -13.551744 9.6919765 56
-8.4463158 -13.773855 8.1057692 44
-8.5526409 -13.755795 8.6121368 38
-8.6448565 -13.714649 9.1137075 41
-8.7417574 -13.657028 9.6380854 44
-8.0565948 -13.871196 8.0717831 45
-8.1738062 -13.84298 8.5670214 38
-8.27495 -13.793882 9.0563345 54
-8.4022045 -13.756686 9.5857439 47
-7.6627707 -13.953393 8.037981 43
-7.7907686 -13.916121 8.5181837 54
-7.9221172 -13.887071 9.0119753 41
-8.0632133 -13.838545 9.5219316 46
-7.2946529 -14.062695 8.0221758 34
-7.4311218 -14.010348 8.4865465 34
-7.5715427 -13.975209 8.9678488 43
-7.7275143 -13.927848 9.4740887 46
-6.9063282 -14.134957 7.9952965 41
-7.0624032 -14.084598 8.4510279 40
-7.2191377 -14.052092 8.9251957 40
-7.3931928 -14.014471 9.4263449 31
-6.5268922 -14.208428 7.9736037 45
-6.698679 -14.16649 8.4258118 43
-6.8664303 -14.121634 8.8820524 34
-7.0603933 -14.093849 9.3791275 32
-5.8551674 -13.581286 7.5666742 46
-6.0238633 -13.51985 7.9771357 9
-6.5244904 -14.205265 8.8531866 38
-6.7244043 -14.162189 9.3293715 34
-5.5117698 -13.681244 7.5744429 24
-5.688211 -13.600662 7.9619637 43
-5.8710399 -13.554242 8.3761911 47
-6.0666757 -13.488789 8.8025684 12
-5.4318047 -14.493649 7.97052 36
-5.6311979 -14.40892 8.3703051 41
-5.5644245 -13.670465 8.3749914 31
-5.7597017 -13.576747 8.7728567 39
-5.0660973 -14.564973 7.9692125 44
-5.285399 -14.494242 8.3676319 51
-5.5100994 -14.460697 8.7927322 40
-5.7345324 -14.365917 9.201292 19
-4.7034788 -14.644035 7.9787583 45
-4.9349303 -14.56092 8.3572588 51
-5.1748142 -14.525519 8.7711325 37
-5.4234819 -14.467605 9.1913939 37
-4.3477421 -14.726569 7.9931712 42
-4.5924034 -14.651096 8.3667822 52
-4.8401823 -14.598905 8.7570038 37
-5.1008191 -14.531702 9.1613436 39
-3.987474 -14.795285 8.0060701 49
-4.2543173 -14.743361 8.3827648 48
-4.511972 -14.677883 8.7540865 50
-4.7856493 -14.613264 9.1455631 39
-3.6327639 -14.886708 8.0392208 40
-3.9112091 -14.810279 8.3882179 51
-4.1809044 -14.751453 8.7526474 38
-4.4705462 -14.686522 9.1301107 42
-3.2794061 -14.966515 8.0679455 48
-3.5729311 -14.897379 8.4092312 53
-3.8555164 -14.833428 8.7584839 38
-4.1561165 -14.76944 9.1247206 38
-2.9268 -15.058779 8.1072569 52
-3.226733 -14.965047 8.42523 54
-3.5264657 -14.909674 8.7655792 37
-3.8391278 -14.842274 9.1149559 42
-2.5693808 -15.14124 8.1496954 49
-2.8886988 -15.054531 8.4569006 44
-3.196295 -14.985429 8.7761431 34
-3.5228412 -14.912855 9.1064301 41
-2.2121627 -15.217552 8.1883068 43
-2.5434566 -15.12625 8.4832582 49
-2.8670833 -15.058544 8.7894077 41
-3.2036176 -14.980785 9.1046257 37
-1.8571945 -15.311554 8.2450943 52
-2.2012968 -15.206253 8.5166969 52
-2.5388074 -15.138211 8.8099899 34
-2.8869591 -15.051406 9.1047659 37
-1.497503 -15.375009 8.2893591 52
-1.8609446 -15.299453 8.5627661 54
-2.2084382 -15.226192 8.8400326 41
-2.5696855 -15.129747 9.112483 35
-1.1350245 -15.473987 8.3606329 50
-1.5152072 -15.378093 8.6071119 39
-1.8722867 -15.269442 8.8496618 45
-2.2488577 -15.204879 9.1258183 35
-0.7719475 -15.538864 8.4159393 56
-1.1663582 -15.463721 8.6613016 52
-1.5410919 -15.360542 8.8911934 49
-1.9296013 -15.289661 9.1473951 31
-0.4032838 -15.614985 8.4841595 59
-0.81577349 -15.527353 8.704731 57
-1.2042011 -15.427994 8.9243517 54
-1.6089551 -15.365851 9.167387 34
-0.04143434 -14.922572 8.1385841 77
-0.46452776 -15.602282 8.7606239 79
-0.86775202 -15.508785 8.9649811 53
-1.281175 -15.425207 9.1813021 45
0.31209236 -15.010542 8.2227955 35
-0.10907125 -14.905226 8.3897142 77
-0.52804708 -15.598042 9.0176325 72
-0.95644933 -15.521248 9.2198076 45
0.71324235 -15.878769 8.7385683 74
0.23103747 -14.954107 8.4377604 74
-0.18053026 -14.878036 8.6081648 53
-0.62652308 -15.569525 9.235076 60
1.0938578 -15.962241 8.8316803 79
0.61282963 -15.863427 8.9769449 83
0.14623487 -14.965954 8.6640177 84
-0.28990874 -14.948756 8.8533735 23
1.4757032 -16.058039 8.931881 76
0.97765863 -15.932731 9.0472288 80
0.50981796 -15.830826 9.1755457 82
0.031797558 -14.929747 8.8366623 76
1.8665823 -16.136904 9.0347357 73
1.3490126 -16.020041 9.1343002 80
0.86609918 -15.908749 9.2407455 75
0.35540405 -15.069455 8.9172983 4
2.267926 -16.22904 9.1514769 71
1.7263962 -16.10285 9.2229166 80
1.225721 -15.989224 9.3083038 83
0.72670901 -15.897704 9.409584 63
2.6715093 -16.313314 9.2690525 74
2.1130102 -16.187712 9.321208 73
1.5916817 -16.065599 9.3796825 84
1.0766251 -15.970756 9.456008 63
3.0860252 -16.417833 9.4039917 64
2.5034015 -16.285843 9.4305696 77
1.9656457 -16.165443 9.4700899 73
1.4288328 -16.043016 9.5086861 62
3.5093973 -16.507986 9.5363712 68
2.9018316 -16.378586 9.5389986 72
2.3451548 -16.258848 9.5576096 78
1.7905885 -16.129082 9.5703239 72
3.9408491 -16.612358 9.6852303 72
3.308706 -16.467552 9.6567631 70
2.7263954 -16.331404 9.6422958 66
2.1591496 -16.217587 9.6437616 65
4.3799725 -16.715328 9.8405647 60
3.717103 -16.551928 9.7764196 75
3.1170478 -16.42732 9.7449141 65
2.5276508 -16.288887 9.7094803 61
4.8306327 -16.816238 10.00621 57
4.1381559 -16.642843 9.9069128 85
3.5175452 -16.51292 9.8494339 74
2.9108019 -16.39521 9.7998638 61
5.2805562 -16.887846 10.158858 87
4.5642128 -16.727007 10.039066 76
3.9206274 -16.593552 9.9566984 91
3.2988086 -16.479391 9.8862429 67
5.5579038 -16.44095 10.007301 30
5.0057058 -16.827686 10.192643 99
4.3332868 -16.684525 10.074389 61
3.6885464 -16.560749 9.9743519 73
5.912127 -16.235256 10.007276 60
5.4102283 -16.782261 10.265093 77
4.7632537 -16.789042 10.210355 114
4.0920053 -16.642815 10.067862 75
6.7108517 -17.159578 10.707716 42
5.6400752 -16.241095 10.035059 45
5.1778436 -16.809511 10.300907 76
4.5065746 -16.741377 10.176943 79
7.228384 -17.281134 10.933113 41
6.067523 -16.273798 10.158463 25
5.5092788 -16.576702 10.23831 30
4.9160409 -16.784679 10.260023 79
7.7861881 -17.46756 11.205302 51
6.8731146 -17.214867 10.864838 57
5.7929778 -16.228157 10.108056 78
5.3332491 -16.845587 10.355301 72
8.345437 -17.616436 11.466851 49
7.3925085 -17.357187 11.086137 42
6.2245722 -16.28644 10.235482 7
5.5622778 -16.324375 10.100468 46
8.908206 -17.737318 11.720855 41
7.9338107 -17.521656 11.327796 57
7.03614 -17.23489 10.933303 59
5.9430232 -16.267464 10.13552 50
9.4944038 -17.856709 11.990417 38
8.4799232 -17.651484 11.561082 48
7.5746593 -17.422712 11.169063 64
6.7170286 -17.187338 10.788598 57
10.116325 -18.006527 12.29628 41
9.0436392 -17.775509 11.802635 47
8.1023636 -17.548075 11.373575 50
7.2112212 -17.307238 10.953679 50
10.54197 -17.79785 12.363987 47
9.6384258 -17.931879 12.076347 30
8.6531 -17.6947 11.599277 65
7.7444749 -17.48365 11.163058 57
10.891339 -17.469707 12.352502 35
10.253715 -18.080013 12.358972 48
9.2020845 -17.803371 11.810173 46
8.2848873 -17.647943 11.370739 51
11.429108 -17.431141 12.55797 58
10.553546 -17.680485 12.271195 51
9.7987452 -17.963921 12.069 35
8.8211384 -17.753681 11.555509 50
11.573419 -16.809858 12.345589 42
10.991881 -17.503853 12.34933 42
10.370114 -18.042717 12.281364 59
9.3969326 -17.905191 11.774559 40
11.71653 -16.220575 12.152973 55
11.445153 -17.349766 12.445882 59
10.615503 -17.570097 12.121446 44
9.9638128 -18.01737 11.974767 58
11.842049 -15.643149 11.961609 49
11.579819 -16.738417 12.211527 37
11.138214 -17.533306 12.275309 70
10.471548 -17.973518 12.090046 64
11.995409 -15.119051 11.815099 49
11.721502 -16.155733 12.006818 67
11.488836 -17.221344 12.244576 43
10.721086 -17.501343 11.920461 45
12.116982 -14.584771 11.653333 46
11.863129 -15.601526 11.820308 67
11.611525 -16.596336 11.990466 43
11.308046 -17.563215 12.123039 70
12.231321 -14.066422 11.501426 52
12.007931 -15.085012 11.652364 64
11.764584 -16.043648 11.786017 62
11.515763 -17.046278 11.925289 52
11.647017 -12.810131 10.726222 11
12.110069 -14.532478 11.461056 59
11.894748 -15.490286 11.579735 46
11.667721 -16.469835 11.694823 62
11.808058 -12.414475 10.653209 58
12.182974 -13.975779 11.257235 51
12.025401 -14.959315 11.387687 55
11.794454 -15.88854 11.456532 76
12.212543 -12.270095 10.805772 47
11.674939 -12.814287 10.554614 14
11.987262 -14.251076 11.060634 54
11.81608 -15.202024 11.139344 52
12.52607 -12.033084 10.882044 65
11.810587 -12.393813 10.450262 75
12.1078 -13.757908 10.89684 55
11.907569 -14.630955 10.909142 56
12.619151 -11.588062 10.773745 78
12.250848 -12.291837 10.614338 60
11.72728 -12.748699 10.309898 34
12.037327 -14.130706 10.729332 57
12.727809 -11.175442 10.691221 61
12.527909 -12.016972 10.640831 101
11.862873 -12.334124 10.194494 69
12.147795 -13.635283 10.545615 67
12.834198 -10.772894 10.613726 79
12.630955 -11.590977 10.530087 78
12.362443 -12.287738 10.387987 87
11.771788 -12.63769 9.9686117 80
12.933125 -10.371358 10.535151 59
12.737517 -11.171178 10.425222 95
12.651389 -12.019924 10.403936 75
11.954448 -12.262866 9.8771753 55
13.01609 -9.9705324 10.455167 77
12.899254 -10.81252 10.380296 52
12.864171 -11.681961 10.371315 68
12.592333 -12.343377 10.16269 68
13.114934 -9.5885649 10.400906 68
13.093535 -10.489091 10.369299 64
13.043878 -11.32014 10.317275 5
12.751475 -11.945938 10.066838 76
13.253511 -9.2436924 10.383295 56
13.255243 -10.139467 10.339473 16
13.416026 -8.9236116 10.38868 42
13.405116 -9.7869167 10.306115 3
13.552702 -8.5891228 10.378178 51
13.657695 -8.2391205 10.351734 55
13.764565 -7.8961515 10.332374 43
13.757983 -7.4932652 10.234639 68
13.159537 -6.7994862 9.716198 71
13.738484 -7.8604846 9.9292564 5
13.231761 -6.4739709 9.6943693 79
13.113034 -7.126101 9.3877668 2
13.984735 -6.4628134 10.164966 43
13.203691 -6.79773 9.361496 82
13.762764 -7.7518797 9.5065365 26
14.100127 -6.1465111 10.176178 72
13.258295 -6.4583101 9.3108435 88
13.172453 -7.0388203 8.9985924 13
14.244653 -5.8436413 10.216285 17
14.014659 -6.4433146 9.7507801 70
13.223484 -6.6860414 8.9351053 87
14.379086 -5.5335317 10.254733 8
14.121169 -6.1174664 9.7465105 89
13.358703 -6.3794503 8.9338417 49
13.203701 -6.8723979 8.5344629 89
14.453508 -5.2043023 10.254689 7
14.283014 -5.8136435 9.7847404 6
14.120563 -6.3512344 9.3458729 93
13.28396 -6.5259342 8.4829626 88
14.490952 -4.8637953 10.233073 9
14.184435 -5.9994736 9.303854 73
14.0813 -6.5156827 8.8851461 68
14.557839 -4.5372567 10.235605 15
14.16367 -6.1611695 8.842494 94
14.633348 -4.2128229 10.25994 19
14.234707 -5.8044133 8.8055706 51
14.703869 -3.8928545 10.273327 29
14.308681 -5.452981 8.7701445 56
14.725717 -3.5580657 10.259753 29
14.38062 -5.1005177 8.7378607 71
14.772362 -3.2347016 10.267216 46
14.467353 -4.7562881 8.7207184 84
14.819795 -2.9123046 10.279969 46
14.795957 -4.0007429 9.3095045 3
14.550067 -4.4099998 8.7056818 90
14.84239 -2.5845556 10.280636 44
14.892428 -3.6668324 9.3235435 2
14.621477 -4.0625014 8.6891594 85
14.882329 -2.2629814 10.299049 41
14.703162 -3.7191935 8.6841288 76
14.894887 -1.9390297 10.300698 53
14.788716 -3.3764637 8.6835337 78
14.949426 -1.6194208 10.334816 48
14.85271 -3.0273097 8.6750183 74
14.957201 -1.2978196 10.339056 57
14.945476 -2.6825438 8.6918049 60
14.467063 -0.94589579 10.009788 70
15.16436 -1.5001243 9.8832998 86
15.040056 -2.3377097 8.7139225 18
14.521221 -0.63707018 10.057221 73
14.503474 -1.1147131 9.4519424 59
15.177484 -1.5986506 9.3179512 94
15.139565 -1.9892236 8.7404861 45
15.159339 -0.3407878 10.507028 32
14.549993 -0.79337394 9.4836531 87
14.549015 -1.2004116 8.9249296 13
15.196902 -1.6357442 8.7508335 82
13.668794 -0.017209562 9.502346 3
14.574083 -0.47273225 9.5026264 11
14.563104 -0.86560816 8.9281492 82
14.596456 -1.2262803 8.3919687 11
13.699865 0.27411121 9.5439215 3
14.092551 -0.1480107 9.1993217 6
14.588645 -0.53397703 8.9410362 44
14.570284 -0.87785023 8.3668222 90
13.752072 0.56800663 9.6044064 2
13.722896 0.16085781 8.9748554 2
14.030246 -0.19513871 8.6038456 5
14.625742 -0.53553015 8.3900709 26
13.749038 0.46424517 9.0086164 3
13.726608 0.12353759 8.4285879 3
13.912495 -0.18319473 7.9849677 3
13.754861 0.14531921 7.8999386 3
13.899915 0.76222551 8.5597858 2
13.853929 0.47505504 7.9634199 2
13.902178 0.80642378 8.0046301 2
15.97958 2.3775673 11.350467 49
14.078298 1.7310785 9.3340244 2
14.059287 1.4207468 8.7052565 1
14.04569 1.1511142 8.1048479 2
16.04327 2.7339876 11.450696 24
15.806037 2.2996883 10.509744 50
14.084786 1.7520158 8.7521772 2
14.076245 1.4894284 8.1448421 4
16.096041 3.0965717 11.54993 16
15.885885 2.6700037 10.609058 42
16.229355 2.3979228 10.10538 7
14.191711 1.8434899 8.2393122 3
16.145039 3.4601707 11.651305 6
15.986724 3.0528564 10.734348 39
16.224735 2.7775109 10.151764 12
16.084768 3.4396684 10.861496 41
16.218832 3.1611137 10.201835 17
16.282696 3.8587115 11.063756 34
16.190866 3.5448117 10.248052 17
16.427505 4.2808309 11.239335 50
16.221666 3.9432712 10.331149 27
16.329494 4.6410718 11.250788 15
16.322693 4.3691406 10.465076 28
16.496046 4.1844292 9.8237944 30
15.737174 4.8505549 10.924183 20
16.022493 4.6860414 10.34413 12
16.422575 4.5853295 9.8457985 11
15.691383 5.220993 10.978073 7
15.851851 5.0341783 10.316483 18
15.86127 4.8414798 9.589777 24
15.872272 5.4477983 10.418706 2
15.942357 5.2862782 9.7206221 26
16.89209 6.2347517 11.181825 19
16.731365 5.998229 10.291285 24
17.002003 6.722394 11.362981 30
16.79707 6.4787035 10.434692 26
17.061487 7.201786 11.519445 14
16.920996 6.992075 10.621252 31
15.018631 7.1254387 11.868973 4
15.135407 6.9689093 11.108809 3
17.106995 7.5517306 10.857138 42
14.946314 7.4782009 11.939418 13
15.11437 7.369092 11.221705 3
17.338057 8.1587791 11.138628 35
15.059628 7.9355955 12.167936 14
15.05593 7.7564836 11.312444 9
17.443136 8.7239513 11.351475 47
17.301775 9.5818071 14.126099 29
17.538382 9.3060884 11.570224 8
17.475002 10.160347 14.439874 25
15.558294 8.8022795 11.180549 4
17.682962 10.785922 14.800928 24
15.690024 9.3622131 11.440063 4
17.041185 10.890246 14.461002 19
17.024275 10.760759 13.468307 23
16.637138 11.133041 14.316766 6
17.889502 11.867228 14.358784 18
16.003468 10.576658 11.24386 5
17.280817 12.093287 15.080298 7
18.153482 12.624718 14.791895 15
18.096413 12.561355 13.809093 6
17.074724 12.489086 15.127883 11
17.879429 13.02779 14.808224 7
18.159378 13.231878 14.095663 23
16.854799 12.877753 15.167447 7
18.513929 14.153862 14.6319 19
16.515568 13.179856 15.110182 6
18.245586 14.631042 14.70208 11
16.214251 13.505141 15.089287 9
17.30172 14.45193 15.11056 8
18.952026 16.084549 14.654087 24
16.874928 14.743432 15.030218 9
17.900124 15.760091 15.020147 12
18.684643 16.655451 14.783645 11
16.513332 15.07322 15.00964 10
17.61569 16.241894 15.114867 6
18.063908 16.882532 14.635001 17
15.298537 14.46102 15.055303 9
16.120857 15.382884 14.973573 6
17.105831 16.519472 15.025476 10
17.44422 17.114967 14.499183 13
15.004599 14.79382 15.071185 12
15.820694 15.783106 15.023879 13
16.7929 16.988598 15.11167 10
16.775269 17.272167 14.314235 10
14.777376 15.195737 15.15382 9
15.495909 16.155668 15.052176 10
16.295908 17.266064 15.031962 12
16.131796 17.437035 14.148533 7
14.36304 15.406651 15.051189 11
15.166885 16.53216 15.086034 9
15.734127 17.460999 14.893248 11
16.601713 18.82645 14.966592 19
14.025679 15.693285 15.029566 12
14.698588 16.750797 14.991363 9
15.126339 17.586893 14.717041 13
16.132877 19.207319 14.986041 9
13.698515 15.993097 15.031565 13
14.32647 17.075216 15.000377 11
14.564255 17.755642 14.587646 15
13.458647 16.404539 15.140608 6
13.942237 17.386269 15.002585 14
13.98468 17.879826 14.437852 14
15.08526 19.836367 14.951861 15
13.026876 16.581352 15.036824 16
13.389099 17.480637 14.830992 11
13.431494 18.019243 14.314044 11
14.555098 20.124479 14.934546 18
12.674686 16.853479 15.032058 13
13.129112 17.946335 14.980848 13
12.894954 18.160561 14.205351 9
14.077594 20.489744 14.982583 14
12.309693 17.107166 15.013731 15
12.697161 18.191715 14.952573 13
12.358883 18.286676 14.093166 11
13.519181 20.729294 14.950145 11
12.16007 18.272806 14.799545 11
11.853753 18.448122 14.019946 6
12.989454 21.013159 14.955864 13
11.681321 18.429308 14.71887 12
11.33612 18.583889 13.939991 5
12.463938 21.292501 14.97204 17
11.22542 17.900381 15.021764 12
11.162775 18.515413 14.587833 12
11.738162 20.266588 15.007803 11
11.919615 21.54147 14.975222 17
10.866156 18.167482 15.036399 14
10.688768 18.652275 14.507587 15
11.337561 21.709173 14.933117 9
10.501117 18.432264 15.057571 11
10.196522 18.746609 14.407147 14
10.735632 20.696154 14.980187 15
10.799119 21.948473 14.952828 21
10.106997 18.655846 15.047282 15
9.7250261 18.863529 14.330729 19
10.259045 20.948816 15.005535 15
10.261065 22.194675 14.980188 14
9.6994591 18.845173 15.014744 16
9.2308588 18.931883 14.22413 15
9.7384186 21.105349 14.970701 6
9.7039604 22.391813 14.989243 19
9.2481422 18.952383 14.927099 8
8.7716074 19.061266 14.174344 14
9.2327595 21.297764 14.969468 11
9.0986805 22.475531 14.930828 9
8.8163519 19.087629 14.867842 15
8.3009357 19.144556 14.097163 18
8.7207861 21.461407 14.956485 10
8.3643656 19.178833 14.779016 14
7.8392792 19.241646 14.038287 16
8.2129669 21.643919 14.968717 11
7.9149313 19.258137 14.690655 14
7.3939104 19.379377 14.015002 16
7.6824064 21.748625 14.932978 17
7.3680792 22.80147 14.868 15
7.475069 19.352062 14.62119 14
6.9398141 19.469315 13.965614 19
7.1443152 21.818518 14.881122 13
6.77457 22.84124 14.82148 11
7.0505862 19.481094 14.584516 19
6.4842515 19.567516 13.931166 16
6.5865684 21.836752 14.806304 14
6.169569 22.825432 14.750636 18
6.603034 19.558971 14.524178 18
6.0161691 19.62558 13.885204 14
6.0463686 21.875301 14.766103 17
5.5830212 22.837328 14.720128 18
6.1661673 19.650532 14.475395 13
5.5759001 19.760641 13.88954 14
5.5196328 21.930845 14.73188 14
4.9978995 22.806278 14.656744 18
5.7372408 19.767624 14.449005 17
5.1296158 19.859798 13.874237 14
4.983459 21.952106 14.683045 13
4.416451 22.760569 14.591812 17
5.3072238 19.869141 14.417547 22
4.6898093 19.988293 13.887669 17
4.4571371 21.973808 14.644462 16
3.8503821 22.762415 14.572069 21
4.8719945 19.944935 14.37257 17
4.2366366 20.054821 13.864916 17
3.9267149 21.951571 14.584705 16
3.2725339 22.631765 14.475609 17
4.448637 20.065804 14.36856 17
3.7930896 20.178707 13.88792 15
3.4071531 21.958723 14.554439 10
2.7174516 22.596416 14.446701 16
4.0184898 20.169081 14.356947 18
3.3448203 20.270901 13.897292 20
2.6862609 20.494453 13.561758 6
2.1640332 22.535301 14.409332 10
3.5855989 20.275345 14.355271 14
2.8948743 20.374083 13.92062 18
2.2085156 20.514183 13.555319 10
1.610126 22.44895 14.369299 17
3.1441758 20.327044 14.318353 18
2.4459994 20.486231 13.956221 18
1.7372817 20.591516 13.594595 13
1.0650301 22.334799 14.316837 14
2.7082705 20.445097 14.337199 21
1.9907912 20.57251 13.978699 14
1.2668734 20.766186 13.707809 16
0.48973045 20.937096 13.451869 17
2.2720499 20.544928 14.348918 15
1.534743 20.699915 14.039939 16
0.79527122 20.858784 13.775773 17
-0.0031628085 21.001076 13.533535 16
1.8338671 20.618736 14.353494 13
1.0845757 20.814686 14.099755 17
0.31469682 20.952797 13.848455 16
-0.51225752 21.165697 13.683811 16
1.3901238 20.718063 14.374152 9
0.61706197 20.880033 14.133184 17
-0.16773584 21.092552 13.959619 19
-1.0227387 21.283556 13.812786 17
0.93732774 20.759295 14.365519 16
0.14994791 21.080666 14.26122 10
-0.66353559 21.234501 14.082035 13
-1.5374538 21.35194 13.917393 20
0.48427716 20.757919 14.332265 14
-0.3209568 21.03196 14.228242 19
-1.1605293 21.341713 14.18566 11
-2.0668869 21.504692 14.089545 13
0.032473907 20.642265 14.227078 11
-0.79323506 20.969831 14.196566 15
-1.6430657 21.183039 14.121977 14
-2.5637295 21.314999 14.042578 9
-0.41881382 20.711441 14.255533 15
-1.2609946 20.901852 14.165444 13
-2.1292849 21.083233 14.106234 11
-3.0557134 21.14946 14.01789 21
-0.87290871 20.631908 14.18682 20
-1.7318279 20.841913 14.145143 14
-2.6020443 20.919472 14.05423 11
-1.3224281 20.583714 14.148105 14
-2.189297 20.698044 14.077541 11
-3.0754352 20.787365 14.027736 14
-1.7741097 20.527512 14.112248 17
-2.6493576 20.612871 14.055208 10
-3.5338352 20.572693 13.956985 5
-4.207725 19.23385 13.036961 7
-2.2247202 20.494316 14.096148 12
-3.1037519 20.491861 14.015433 18
-3.9265761 20.061747 13.686945 9
-4.4642253 18.298395 12.509503 36
-2.6706314 20.410202 14.046295 13
-3.5510743 20.344337 13.957367 8
-4.1983581 19.085447 13.101456 4
-4.2970495 15.897445 10.975389 21
-3.1154809 20.325607 14.008339 14
-3.9330456 19.855841 13.681331 7
-4.4500556 18.196701 12.578096 17
-4.6054068 15.561669 10.850058 62
-3.5603919 20.241257 13.977351 7
-4.2028732 18.946354 13.118136 4
-4.2922778 15.886509 11.072277 18
-5.0415497 15.661345 11.032708 61
-3.9313395 19.70912 13.648977 9
-4.4641628 18.113522 12.613022 15
-4.5996418 15.560001 10.932232 66
-5.3156009 15.23877 10.855283 31
-4.360909 19.594851 13.607477 16
-4.3074269 15.870803 11.118296 18
-5.0198536 15.645335 11.085229 82
-5.4524951 14.509165 10.456527 30
-4.4764967 18.159964 12.660554 15
-4.6035662 15.561269 10.969888 70
-5.2885346 15.25751 10.909486 40
-5.380476 13.326032 9.7287388 5
-4.3024783 15.876218 11.120795 28
-5.017343 15.652337 11.111249 77
-5.417625 14.5328 10.494828 23
-5.5393987 12.834985 9.4913683 32
-4.5935478 15.570724 10.956997 60
-5.2821598 15.280752 10.928872 26
-5.5631871 13.92826 10.164941 32
-5.6526489 12.289649 9.2139616 42
-5.0027342 15.66468 11.081021 77
-5.4106779 14.569911 10.506733 34
-5.5229626 12.932569 9.5468874 29
-5.8119364 11.888877 9.0421991 59
-5.2742729 15.327961 10.905871 33
-5.5509639 13.956557 10.154065 32
-5.6216302 12.363669 9.2353878 41
-6.0543208 11.677829 9.015851 51
-5.4040861 14.625362 10.473186 33
-5.5156536 12.988749 9.5402489 35
-5.7696438 11.945785 9.0325422 59
-5.4656482 9.933835 7.7965264 57
-5.5447741 14.020973 10.113543 29
-5.613997 12.422585 9.2160406 42
-6.0253477 11.771398 9.0187883 70
-5.6212211 9.6699963 7.715086 51
-5.4884143 13.000276 9.4503946 32
-5.7815738 12.0508 9.0365849 61
-5.421917 9.9884663 7.7652678 58
-5.9119196 9.6467371 7.8287373 54
-5.5922318 12.452731 9.1278915 42
-6.0240545 11.863825 8.9989567 62
-5.5599713 9.7062941 7.657372 63
-6.287746 9.7518921 8.056365 50
-5.8039536 12.183311 9.0150995 58
-5.4177403 10.062016 7.7306957 44
-5.8397555 9.6721039 7.7447891 56
-6.4483638 9.5048609 7.9990215 59
-6.0703592 12.040096 8.9927416 7
-5.5435386 9.7545156 7.590961 65
-6.1987233 9.7589359 7.9365678 71
-6.5596781 9.1943855 7.8900361 39
-5.4191818 10.135799 7.6555061 35
-5.7760954 9.6477966 7.6066871 61
-6.4316235 9.6281595 7.961009 67
-5.527667 9.7936144 7.479157 54
-6.1302953 9.735858 7.7803259 60
-6.5227685 9.2943907 7.8179684 55
-5.7408376 9.6568718 7.4599118 53
-6.4078197 9.6839008 7.852735 69
-6.605927 8.9654284 7.6779385 2
-6.728941 8.1546707 7.4542637 45
-6.0546546 9.6860161 7.5717444 59
-6.4873376 9.3323183 7.6859608 54
-6.6555305 8.6075611 7.5130167 50
-6.8078408 7.8694453 7.3561091 59
-6.3815293 9.7142267 7.6915059 64
-6.5527673 8.9824648 7.5186067 44
-6.6949286 8.2583637 7.3507996 39
-6.8617916 7.5679469 7.244287 52
-6.4550238 9.3545465 7.5101428 53
-6.6081681 8.6324673 7.3503518 42
-6.7638097 7.9630046 7.2350473 58
-6.9225516 7.2883339 7.1495681 60
-6.5234733 9.0057821 7.3366222 42
-6.6832252 8.3284216 7.2190962 58
-6.8228116 7.6657119 7.1158252 63
-6.9842381 7.0217457 7.0637307 59
-6.5936675 8.6760416 7.179203 51
-6.744 8.0237064 7.085803 62
-6.887157 7.3910913 7.0146542 69
-7.0314307 6.7492356 6.9704847 59
-6.668129 8.3732433 7.0393662 54
-6.8045902 7.7281876 6.9614639 62
-6.9456892 7.1210341 6.9157715 59
-7.0879889 6.4976931 6.8958912 57
-6.7371526 8.0721502 6.9034986 57
-6.8653913 7.4468913 6.8457465 63
-7.003305 6.8564043 6.8243046 64
-7.1393924 6.2496982 6.8247156 69
-6.7901373 7.7648702 6.7646995 68
-6.9171133 7.1673727 6.7321997 60
-7.0488772 6.5926609 6.7289023 68
-7.1848078 6.0027237 6.7544713 72
-6.8466835 7.4703975 6.6337686 62
-6.9801846 6.9026642 6.633306 67
-7.1046028 6.340786 6.6447825 70
-7.2461352 5.7726798 6.7001948 70
-6.900918 7.1921706 6.5151501 64
-7.0284529 6.6393743 6.5328031 66
-7.1588211 6.1013026 6.5727487 66
-7.2844238 5.5369315 6.633534 69
-6.9546003 6.9208932 6.4033513 67
-7.0868049 6.3957233 6.4494839 70
-7.1981378 5.8573656 6.493516 66
-7.3295803 5.311933 6.582365 64
-7.01684 6.6705317 6.3099961 63
-7.133872 6.1462431 6.3622971 70
-7.2598734 5.6387959 6.4416533 65
-7.3921671 5.1061397 6.5507669 65
-7.0619674 6.4111176 6.2088218 68
-7.1797452 5.9066324 6.2824826 68
-7.3094678 5.4150019 6.3842111 67
-6.6642919 4.3736 5.8273358 13
-7.1029015 6.1555429 6.111939 69
-7.2293959 5.677012 6.212657 63
-7.3562636 5.1961493 6.3292112 67
-6.6968656 4.181417 5.785605 56
-7.1766796 5.9369245 6.0490732 68
-7.2831888 5.4544301 6.1504178 67
-7.3989739 4.9784322 6.2759991 66
-6.7492342 4.0054026 5.7687764 58
-7.2155781 5.6943989 5.9616542 68
-7.3233109 5.228353 6.0813184 66
-6.6774654 4.2653508 5.5831332 58
-6.7889628 3.8250284 5.7420659 57
-7.2587957 5.4605093 5.8854623 66
-7.3743482 5.015285 6.0283604 66
-6.7092867 4.0750308 5.5374265 77
-6.8993516 3.686702 5.779758 32
-7.3079424 5.2385592 5.8184338 68
-6.6628895 4.3001261 5.360549 57
-6.7468457 3.8926358 5.5027757 75
-7.6386285 3.8717813 6.3479285 63
-7.3561444 5.0203705 5.7586737 67
-6.6922278 4.1068563 5.3108587 74
-6.8061514 3.7242849 5.4913001 51
-7.6971178 3.6883185 6.345355 66
-6.646215 4.3030405 5.1146355 60
-6.7371764 3.9264007 5.2750697 79
-7.5865202 3.9416988 6.0616803 43
-7.735023 3.4967029 6.3276162 64
-6.6810193 4.1098228 5.060956 78
-6.7768102 3.7441211 5.2385283 68
-7.6671643 3.7662609 6.0650744 64
-7.7800393 3.3084514 6.3185534 63
-6.7299123 3.9277604 5.0228834 82
-7.3152909 3.8324189 5.5896001 29
-7.7112393 3.5732303 6.0419278 62
-7.8219404 3.1228161 6.3106899 63
-6.7657752 3.7416329 4.9801931 54
-7.6418209 3.7880509 5.7750583 85
-7.7520394 3.3828239 6.0212398 63
-7.8566809 2.9362311 6.3000526 63
-7.3299427 3.8420463 5.3267994 28
-7.688694 3.5936871 5.7492766 84
-7.7878761 3.1923013 6.0004997 62
-7.9024653 2.755636 6.3022723 60
-7.6426282 3.7857423 5.4848075 85
-7.7246866 3.3984151 5.7170143 84
-7.8357902 3.0079346 5.9923172 62
-7.949327 2.576092 6.3082623 60
-7.6796455 3.5834551 5.4457407 64
-7.775547 3.211015 5.7002339 80
-7.8796172 2.8233972 5.9825821 61
-7.9941039 2.397404 6.3155708 61
-7.7275419 3.3901098 5.4179196 66
-7.8114266 3.0184941 5.6764345 87
-7.9194241 2.6387665 5.9738302 61
-8.0319061 2.2166605 6.3197417 57
-7.7704754 3.1967366 5.3908463 63
-7.8463521 2.8290198 5.6553073 79
-7.9543295 2.453181 5.9667468 77
-8.0687466 2.0369537 6.3268094 57
-7.8073554 3.0005414 5.362854 64
-7.8979888 2.6470642 5.6505466 77
-8.006814 2.2764692 5.9741063 61
-8.1081047 1.8614483 6.3393078 54
-7.8619294 2.815002 5.3510618 63
-7.9476252 2.4630966 5.6458817 60
-8.0466051 2.0951715 5.9763684 60
-8.1540747 1.6838377 6.3614583 59
-7.9028749 2.6235683 5.3332429 61
-7.9895372 2.2776144 5.6400619 59
-8.0844126 1.9124519 5.9787021 60
-8.1927319 1.5068611 6.3789678 60
-7.9417639 2.432045 5.3174901 62
-8.0333557 2.0940125 5.6383762 59
-8.1361914 1.733765 5.9950542 59
-8.2294636 1.3289886 6.3963871 51
-7.980896 2.2401431 5.3020687 59
-8.0753841 1.906058 5.6356869 60
-8.1691284 1.5497189 5.9971085 59
-8.280365 1.150933 6.4271364 53
-8.0204859 2.0518401 5.2923779 60
-8.1160936 1.7227693 5.6382241 60
-8.2168894 1.3702977 6.0169597 59
-8.3191719 0.97331542 6.4532928 52
-8.0594025 1.8613921 5.2865219 60
-8.1588907 1.5380974 5.6445208 59
-8.2656527 1.190586 6.0402589 59
-8.3649282 0.79559839 6.4876275 50
-8.1021166 1.6740322 5.2868853 61
-8.206502 1.3547608 5.6590285 58
-8.3032284 1.0081655 6.0568771 59
-8.4074707 0.61601597 6.523304 45
-8.1407938 1.4856588 5.2873712 61
-8.2430134 1.168301 5.6678424 60
-8.3456888 0.82556617 6.0837636 58
-8.4579268 0.43728796 6.5681577 42
-8.1853371 1.2962428 5.2950397 60
-8.2886 0.98383558 5.6872849 60
-8.3953209 0.64295942 6.1161256 59
-8.5015373 0.25747895 6.6105657 44
-8.2320204 1.1077259 5.3074141 63
-8.326252 0.79650277 5.7033796 59
-8.4279642 0.45848399 6.1392503 57
-8.5492067 0.073894605 6.6586828 46
-8.2807064 0.9183501 5.3234835 62
-8.3721113 0.60858202 5.7275863 58
-8.4838161 0.27262512 6.1834636 52
-8.5910177 -0.10812196 6.7059574 47
-8.3245935 0.72560477 5.3406849 61
-8.4249697 0.41976094 5.7598519 58
-8.5176592 0.08556135 6.2127695 56
-8.6438799 -0.29418251 6.7622485 46
-8.3805132 0.53287321 5.367907 61
-8.4668493 0.22780612 5.7891111 59
-8.5643063 -0.10240836 6.2559943 55
-8.6855297 -0.48255524 6.8166389 50
-8.4244223 0.33822355 5.3929443 63
-8.5087605 0.036099326 5.8231015 58
-8.6143427 -0.29438308 6.3080277 54
-8.7395697 -0.6725741 6.8833981 51
-8.4655161 0.14015542 5.4179454 63
-8.553813 -0.15807049 5.8591394 58
-8.6583309 -0.48761657 6.3551574 61
-8.7734241 -0.86386693 6.9366765 58
-8.5163803 -0.057680927 5.4522333 61
-8.6096611 -0.3559576 5.9074435 59
-8.7172775 -0.68404436 6.4151092 57
-8.8093843 -1.0590645 6.9942927 57
-8.5603228 -0.25953963 5.4847808 63
-8.6446152 -0.55591714 5.9430103 58
-8.7632647 -0.88360089 6.4709291 63
-8.846344 -1.2542226 7.0544615 63
-8.6133976 -0.4643029 5.527956 62
-8.7156572 -0.75976956 6.0081658 62
-8.8172598 -1.0866992 6.537087 64
-8.474371 -1.3855249 6.7895837 28
-8.6714506 -0.67224044 5.5760169 64
-8.765707 -0.96785688 6.0632339 63
-8.8272114 -1.2860001 6.5722475 62
-8.1053648 -1.5037986 6.5276222 43
-8.7336397 -0.88409048 5.630743 61
-8.8139153 -1.1767994 6.1188865 64
-8.4144068 -1.417469 6.2929835 31
-8.0881577 -1.6771715 6.5518284 62
-8.7708101 -1.098165 5.6746359 65
-8.6666479 -1.3586396 6.0413141 37
-8.0644503 -1.5408876 6.0610685 58
-8.1410923 -1.8684894 6.6350031 64
-8.7999325 -1.3123689 5.7176213 62
-8.203577 -1.4796464 5.7455149 36
-8.0913343 -1.7312332 6.1162276 62
-8.1820621 -2.0618784 6.7140379 61
-8.3140116 -1.4415516 5.4235253 34
-8.0361404 -1.6395299 5.6588697 80
-8.1313915 -1.9284927 6.1871319 61
-9.1762886 -2.5190067 7.5889482 50
-8.0162449 -1.5867018 5.2565436 59
-8.0870352 -1.8420587 5.7293782 83
-8.1591206 -2.1248043 6.2509899 67
-9.1740093 -2.72613 7.6460199 37
-8.0581226 -1.7921749 5.3171768 61
-8.1540804 -2.0547523 5.816761 62
-9.193656 -2.6108878 7.0999165 75
-9.2316923 -2.955338 7.7546802 12
-8.1133604 -2.0062551 5.3891573 64
-9.1413717 -2.5267375 6.5727482 74
-9.255023 -2.8513787 7.20575 76
-9.1196461 -2.4867544 6.106102 73
-9.2128839 -2.7740297 6.6764531 76
-9.3155069 -3.0958109 7.3124876 71
-9.1835985 -2.7400732 6.1971478 73
-9.2748384 -3.0276096 6.7794414 73
-9.380456 -3.3486338 7.4294171 76
-9.6433401 -3.7752733 8.3192396 1
-9.2512493 -3.0003917 6.2965217 73
-9.3345137 -3.2850053 6.8837605 75
-9.4321604 -3.6041427 7.5417309 68
-9.3129854 -3.2676604 6.3999314 75
-9.4162025 -3.5569284 7.0115232 70
-9.4705381 -3.8578668 7.649075 46
-9.387538 -3.544837 6.517396 70
-9.4777241 -3.8306296 7.1328077 62
-9.4950132 -4.1119981 7.7492256 10
-9.4555206 -3.8302751 6.6377206 71
-9.5467682 -4.1150761 7.2640977 65
-9.5325508 -4.1277671 6.7689638 65
-9.612751 -4.4077358 7.4013929 68
-9.9623289 -5.158464 9.0703993 24
-9.6015129 -4.4314146 6.9012823 63
-9.7026844 -4.7215042 7.5627317 61
-9.9952316 -5.1367726 8.4529276 2
-9.9717512 -5.4306636 9.190114 42
-9.6877756 -4.754004 7.0551705 66
-9.7258587 -5.0112448 7.6786456 47
-9.8825436 -5.650609 9.2204094 64
-9.7777109 -5.0913773 7.2192883 61
-9.8007126 -5.3357792 7.8438873 2
-9.8131857 -5.8857441 9.2749491 64
-9.8603506 -5.4361067 7.3879166 67
-10.437934 -6.2678189 9.1919928 2
-9.8392134 -6.184998 9.4292221 58
-9.9158583 -5.7820945 7.5457444 57
-10.241769 -6.4605355 9.1543865 53
-9.943924 -6.5432043 9.6668825 48
-9.999054 -6.1538706 7.7339535 15
-10.213193 -6.5132761 8.5565853 67
-10.186889 -6.7408633 9.2446032 74
-10.079291 -6.9393868 9.9459496 48
-10.123093 -6.5679436 7.9652433 59
-10.220387 -6.8517737 8.7056532 67
-10.079143 -6.9946165 9.2955256 66
-9.9431744 -7.1530757 9.9622126 66
-10.231354 -6.9931335 8.1983633 57
-10.165411 -7.1573982 8.8109398 68
-9.8537083 -7.1604362 9.2391682 66
-9.6317587 -7.235734 9.8028412 57
-9.9829721 -7.1780901 8.1512671 63
-9.7514038 -7.2024503 8.6054811 75
-9.5915604 -7.2939191 9.1510305 61
-9.5811586 -7.5158949 9.9172974 46
-9.6425686 -7.2860494 8.0294962 60
-9.4812517 -7.3463826 8.5281315 65
-9.5802774 -7.6236978 9.3096294 67
-9.6442623 -7.8959846 10.158197 5
-9.5255165 -7.5636444 8.100255 57
-9.5849009 -7.7855897 8.7962751 61
-10.797586 -8.9966602 10.706347 44
-10.946942 -9.3596582 11.750899 31
-10.646798 -8.8849411 9.2592182 60
-10.515985 -8.9586945 9.8615723 36
-10.939285 -9.5285435 11.063208 29
-11.078255 -9.8778696 12.116036 28
-10.575516 -9.2603474 9.4079437 43
-10.995946 -9.8133097 10.540685 37
-11.10064 -10.107495 11.461989 28
-11.261119 -10.466676 12.555674 31
-10.738427 -9.8697023 9.788352 38
-11.143111 -10.412681 10.927089 37
-11.264294 -10.715822 11.883195 22
-11.266457 -10.915929 12.815326 58
-11.246569 -10.84601 10.509778 34
-11.3382 -11.093714 11.387407 22
-11.455783 -11.383495 12.357738 18
-11.274254 -11.382136 13.090944 20
-11.436897 -11.567091 10.969995 24
-11.537246 -11.816179 11.874687 31
-11.584157 -12.02493 12.790799 65
-11.510771 -12.113486 13.659101 21
-11.599977 -12.312835 11.440652 80
-11.516962 -12.350255 12.166277 84
-11.400767 -12.369086 12.899098 82
-11.470841 -12.584631 13.922007 28
-11.174388 -12.442604 11.339272 67
-11.073647 -12.435721 12.019409 73
-10.975028 -12.439114 12.732452 54
-10.98381 -12.564208 13.645317 21
-10.876087 -12.710856 11.370958 21
-10.970131 -12.902761 12.24293 19
-11.027959 -13.069236 13.136168 61
-10.994328 -13.114776 13.990275 52
-10.77113 -13.214615 11.618492 65
-10.740986 -13.233518 12.344372 57
-10.62482 -13.159719 13.006175 53
-10.631328 -13.228552 13.87557 52
-10.342081 -13.322265 11.52591 61
-10.308257 -13.311713 12.217471 83
-10.255537 -13.282591 12.916833 57
-10.246394 -13.299017 13.726744 50
-9.9204454 -13.424827 11.44087 56
-9.9048557 -13.410136 12.120062 55
-9.8855476 -13.394198 12.826523 63
-9.853756 -13.349201 13.564964 50
-9.5095196 -13.53005 11.367579 58
-9.5088892 -13.507073 12.032786 53
-9.5114374 -13.496321 12.73293 56
-9.4690523 -13.397816 13.409907 49
-9.0963659 -13.622643 11.294209 52
-9.1106071 -13.587273 11.939559 49
-9.1382236 -13.583241 12.637616 55
-9.1249399 -13.494432 13.314476 44
-8.6831017 -13.702179 11.218968 51
-8.7234535 -13.676556 11.86417 43
-8.7792253 -13.686276 12.565042 48
-8.7725954 -13.56706 13.202131 50
-8.2930984 -13.801761 11.169423 44
-8.3443604 -13.768873 11.797677 46
-8.4200783 -13.775289 12.486558 46
-8.4333887 -13.655845 13.113614 43
-7.9109998 -13.902514 11.12981 38
-7.9852729 -13.877471 11.755939 45
-8.0566626 -13.848368 12.400249 50
-8.1012411 -13.742395 13.030276 60
-7.5291371 -13.998807 11.096581 33
-7.6143174 -13.957215 11.697956 46
-7.6975203 -13.915816 12.319332 41
-7.7936997 -13.867706 12.988756 46
-7.1511011 -14.080982 11.058498 37
-7.25844 -14.054165 11.661717 33
-7.3566628 -14.012288 12.273311 32
-7.477881 -13.971897 12.935618 39
-6.7678981 -14.150151 11.021732 48
-6.8942313 -14.127082 11.613877 38
-7.0134845 -14.095208 12.220108 31
-7.1445398 -14.041475 12.856524 45
-6.0797081 -13.518021 10.447279 30
-6.2037015 -13.473529 10.982653 3
-6.6711044 -14.173333 12.17102 39
-6.8139429 -14.103211 12.775548 28
-5.736474 -13.613887 10.451881 31
-5.8641858 -13.541995 10.950386 40
-6.0072985 -13.504353 11.494573 44
-6.1653299 -13.456795 12.070883 28
-5.6712646 -14.414469 10.995887 44
-5.8168278 -14.328393 11.499549 22
-5.6959019 -13.591568 11.471107 18
-5.8688517 -13.540587 12.029518 43
-5.3098235 -14.500361 11.002724 30
-5.4858108 -14.445966 11.517035 25
-5.6641269 -14.402805 12.059044 26
-5.8551168 -14.326564 12.607326 24
-4.9545331 -14.587893 11.014695 33
-5.1412625 -14.517065 11.503337 24
-5.3312526 -14.468472 12.023779 25
-5.5524836 -14.429569 12.589487 31
-4.5929632 -14.650517 11.015721 38
-4.8027444 -14.607309 11.513113 35
-5.0052872 -14.540076 12.002705 24
-5.2364469 -14.493126 12.543055 28
-4.2434945 -14.744474 11.04812 25
-4.4602427 -14.675188 11.509485 36
-4.6832757 -14.630089 11.999637 27
-4.922051 -14.558805 12.501106 23
-3.8873391 -14.826211 11.078123 31
-4.1180496 -14.750601 11.518502 37
-4.3571377 -14.707214 11.994595 27
-4.6119604 -14.640618 12.480001 29
-3.5331836 -14.897044 11.107074 34
-3.7820299 -14.838057 11.541437 30
-4.0309086 -14.786276 11.993701 25
-4.2984724 -14.704304 12.447205 33
-3.1789622 -14.981903 11.153122 32
-3.4426665 -14.911537 11.561552 38
-3.7013593 -14.839286 11.978004 24
-3.9903646 -14.792097 12.439207 25
-2.8268251 -15.066708 11.205223 33
-3.1044028 -14.995054 11.595644 24
-3.3790004 -14.921381 11.992195 34
-3.6788149 -14.86064 12.421679 30
-2.4703104 -15.129262 11.246801 32
-2.7661147 -15.07438 11.631004 24
-3.0525496 -14.984489 11.996451 24
-3.3684373 -14.932708 12.410544 30
-2.1149724 -15.238 11.318152 27
-2.4234381 -15.149749 11.657716 24
-2.7260354 -15.072705 12.014183 29
-3.0537374 -15.003583 12.391552 28
-1.7600927 -15.32298 11.391099 36
-2.0834641 -15.225149 11.70293 29
-2.4042153 -15.166909 12.05418 23
-2.7405736 -15.072358 12.389737 31
-1.3998921 -15.38595 11.45534 34
-1.7403077 -15.300045 11.755815 35
-2.0728803 -15.228379 12.073171 25
-2.4293234 -15.149592 12.398568 18
-1.0406753 -15.465404 11.537185 36
-1.3969002 -15.366062 11.804747 30
-1.7454934 -15.300967 12.107172 33
-2.1117113 -15.21202 12.400485 23
-0.67951137 -15.55718 11.63483 37
-1.051761 -15.461548 11.886291 41
-1.4161412 -15.378065 12.149698 25
-1.7964618 -15.28845 12.417142 27
-0.30276456 -14.873454 11.161754 21
-0.70437372 -15.54294 11.96099 43
-1.0846523 -15.454961 12.19852 26
-1.4810495 -15.376945 12.450946 23
0.043700535 -14.928072 11.243365 38
-0.34348378 -14.898136 11.483098 15
-0.74807858 -15.530713 12.250004 24
-1.1615158 -15.432218 12.461329 25
0.42408329 -15.813206 11.960824 28
-0.0090303812 -14.90445 11.510562 39
-0.39794925 -14.859795 11.722108 9
-0.83823228 -15.504738 12.492391 34
0.79930776 -15.902176 12.086064 26
0.35247982 -15.794532 12.231894 25
-0.075688578 -14.904716 11.764289 32
-0.49808457 -14.917145 11.997874 4
1.1796921 -15.971727 12.207644 27
0.71469462 -15.863829 12.323051 21
0.26853406 -15.769143 12.45551 16
-0.18368299 -14.886806 11.956797 29
1.5664017 -16.077881 12.362479 23
1.0804528 -15.963497 12.444897 27
0.61848664 -15.853319 12.538456 17
0.13067664 -14.938216 11.985897 9
1.9583337 -16.162004 12.510557 23
1.4486529 -16.03591 12.552156 18
0.96886641 -15.918279 12.610715 18
0.47874865 -15.826697 12.689054 23
2.3563347 -16.256264 12.672596 23
1.8246188 -16.129642 12.683201 22
1.3267727 -16.014559 12.714745 22
0.82097375 -15.903408 12.748237 18
2.7576077 -16.329393 12.826883 21
2.2069561 -16.204206 12.809608 23
1.6889344 -16.108641 12.82411 16
1.1662052 -15.99 12.820636 21
3.1724553 -16.435757 13.016156 32
2.5996048 -16.328432 12.98041 17
2.057128 -16.187288 12.928986 18
1.5154101 -16.068258 12.891395 26
3.5896106 -16.508629 13.191025 25
2.9898753 -16.39562 13.113343 18
2.4293709 -16.261007 13.03389 17
1.8725574 -16.153627 12.976207 18
4.0213375 -16.621864 13.404695 41
3.3929758 -16.47905 13.267231 22
2.8094079 -16.352966 13.160676 18
2.2299526 -16.216873 13.047209 20
4.4544721 -16.697973 13.602685 63
3.8029406 -16.573694 13.439033 33
3.1975608 -16.434006 13.287566 21
2.5998955 -16.319569 13.155892 19
4.8763089 -16.711569 13.756193 29
4.2143888 -16.640057 13.596198 51
3.5931046 -16.524761 13.428739 31
2.97627 -16.411699 13.261093 27
5.301322 -16.719433 13.916285 34
4.6241298 -16.664761 13.731926 30
3.9929514 -16.60676 13.56965 46
3.3574955 -16.48432 13.360915 26
5.5416307 -16.177315 13.620983 31
5.0572839 -16.757881 13.927494 29
4.3869567 -16.62767 13.670784 33
3.7449052 -16.561228 13.468573 32
5.9725432 -16.198309 13.807153 18
5.3641019 -16.437807 13.789397 18
4.7964683 -16.689077 13.810607 20
4.1430416 -16.653439 13.596153 68
6.8051481 -17.202906 14.850566 23
5.6801109 -16.168318 13.698997 44
5.2118216 -16.743643 13.9536 35
4.5318604 -16.670145 13.670435 43
7.2972298 -17.272257 15.109527 28
6.4766736 -17.172195 14.697421 23
5.4542413 -16.260622 13.655932 20
4.9448972 -16.755638 13.807164 39
7.655395 -17.005297 15.088702 12
6.955471 -17.246763 14.921441 25
5.8270426 -16.174658 13.691904 47
5.3133621 -16.657394 13.796843 40
8.1944981 -17.13493 15.423373 11
7.4325347 -17.293743 15.135775 22
6.6382208 -17.206837 14.688267 24
5.5588365 -16.20862 13.505315 79
8.5763884 -16.923365 15.461736 13
7.7896905 -17.063446 15.112242 10
7.1159911 -17.293913 14.899033 25
5.9340987 -16.156206 13.5452 94
8.9222403 -16.645273 15.450123 7
8.3043242 -17.158579 15.384764 13
7.5954571 -17.365009 15.103232 25
6.7486806 -17.191298 14.510881 42
9.2663736 -16.379049 15.455044 17
8.6972198 -16.98823 15.437138 6
7.9450803 -17.13031 15.05213 14
7.2520771 -17.350773 14.756495 42
9.5846376 -16.079281 15.432484 18
9.0568943 -16.76009 15.439925 16
8.4279251 -17.173237 15.253533 12
7.7561555 -17.47518 14.980049 42
9.930768 -15.826448 15.464017 8
9.4068594 -16.519102 15.438243 15
8.9092112 -17.184256 15.439728 15
8.2271967 -17.501854 15.131117 23
10.224331 -15.501809 15.425069 9
9.7602654 -16.284689 15.451571 12
9.286005 -16.989193 15.44874 17
8.5990171 -17.303331 15.099191 16
10.545081 -15.229089 15.443859 14
10.071436 -15.988134 15.409581 6
9.6514788 -16.773355 15.44611 12
9.1193819 -17.385986 15.321068 16
10.837626 -14.916318 15.43108 13
10.419271 -15.752172 15.430208 13
10.011246 -16.545225 15.442807 10
9.5851622 -17.343967 15.443351 7
11.153789 -14.644876 15.464413 12
10.750206 -15.494617 15.438519 15
10.353253 -16.289591 15.416865 14
9.933197 -17.082067 15.380509 12
11.069094 -15.224992 15.436996 9
10.720322 -16.080528 15.441064 14
10.358444 -16.946878 15.439027 13
10.731792 -16.724529 15.427293 6
11.732704 -13.425552 15.146943 5
11.584004 -12.674738 14.636627 4
11.697018 -14.021929 15.065473 7
11.691669 -12.231421 14.478654 20
12.102549 -13.8715 15.21702 24
11.896769 -14.826427 15.209222 32
11.664993 -15.781858 15.176404 46
11.983673 -11.98789 14.555916 4
11.559718 -12.682597 14.218332 19
12.011725 -14.315127 14.957756 23
11.776844 -15.225938 14.877638 39
12.540492 -11.999431 14.956841 38
11.690061 -12.277651 14.077723 48
11.975405 -13.661059 14.552412 32
11.758362 -14.535792 14.431347 44
12.551988 -11.490392 14.720436 25
12.178417 -12.235342 14.361433 28
11.6101 -12.677262 13.781036 25
11.894479 -14.057203 14.199757 44
12.577076 -11.011889 14.509791 46
12.373994 -11.892074 14.306684 43
11.73132 -12.258072 13.608086 43
12.016079 -13.58245 13.971486 49
11.041807 -9.257144 12.566038 7
12.483718 -11.479876 14.165009 47
12.228158 -12.220632 13.872112 35
11.646623 -12.595604 13.209281 63
11.122002 -8.9145212 12.475422 14
10.962333 -9.6623106 12.24461 16
12.511718 -11.965989 13.901262 61
11.806395 -12.220128 13.072558 46
11.281919 -8.6431894 12.483476 2
11.044147 -9.3115358 12.12606 14
12.665069 -11.588351 13.788077 78
12.440812 -12.308112 13.448893 42
12.986283 -9.4860258 14.160816 7
11.122159 -8.9638548 12.017023 16
10.99716 -9.6413107 11.765807 13
12.622796 -11.946945 13.34031 74
11.271303 -8.6733742 12.001163 7
11.081672 -9.2824507 11.649349 14
12.721939 -11.501441 13.169643 62
11.133725 -8.9135303 11.495976 15
11.452579 -8.7549791 11.621665 3
11.529162 -8.695159 11.059246 3
12.065092 -6.2792001 11.629609 2
12.156379 -5.9920063 11.605861 2
12.211785 -5.68922 11.557251 2
12.189216 -6.2658796 11.089087 3
12.873709 -6.8255186 11.094647 9
13.05946 -6.549242 11.112926 14
13.293131 -6.2912645 11.179363 16
14.014521 -6.2399831 11.651217 72
14.088506 -5.8909636 11.591237 73
12.432463 -3.3328238 11.92054 18
12.645062 -3.9751549 11.47038 2
14.170758 -5.5479836 11.552138 74
12.493341 -3.0638621 11.947519 19
12.6234 -3.6662602 11.393134 39
14.240443 -5.202282 11.504323 72
12.54917 -2.7956989 11.969011 19
12.690344 -3.3871322 11.400744 31
14.313032 -4.8598824 11.466537 78
12.721038 -3.1003311 11.378709 84
14.409041 -4.528749 11.452112 71
12.814745 -2.8276584 11.419374 116
14.475101 -4.1865788 11.42476 73
14.562991 -3.8520305 11.416184 72
14.640538 -3.5100894 11.409906 69
14.893139 -1.6826998 14.0817 4
14.714259 -3.1677639 11.406008 81
14.918129 -1.3673662 14.100093 9
14.808467 -2.8312101 11.420509 73
14.360483 -1.0108742 13.581685 13
13.14827 -1.4219352 11.580043 2
14.891088 -2.4931426 11.434612 66
14.393594 -0.71139675 13.613476 21
14.963694 -2.1499135 11.448827 62
14.3638 -0.40483615 13.599283 9
15.021399 -1.8014801 11.459038 75
15.059605 -0.10813214 14.269484 24
15.104144 -1.4565076 11.493155 70
15.122026 0.20962213 14.350344 33
14.421833 -1.0503174 10.960261 49
15.198487 0.53302073 14.454269 30
13.474601 0.021701746 11.858304 3
13.544186 -0.34990898 11.070943 3
14.426502 -0.71213245 10.948275 17
15.374933 0.8634091 14.657358 26
13.594721 0.31840062 11.97806 3
14.49005 -0.37715521 10.989349 3
15.497387 1.1957235 14.812457 37
13.606856 0.61401606 12.007745 4
13.62869 0.26351762 11.15055 2
13.632974 -0.039217278 10.342799 2
15.552782 1.5253404 14.907534 21
13.633945 0.91336685 12.05654 5
13.67887 0.57360172 11.204481 3
15.590149 1.8582884 14.99268 18
13.735074 1.2233065 12.17751 4
13.714085 0.8868894 11.25343 3
15.63954 2.1959453 15.096879 15
13.795197 1.5329907 12.265452 3
13.817348 1.2109259 11.363538 3
13.848951 0.93605512 10.540061 2
15.586741 2.5245254 15.114015 7
13.86019 1.850557 12.369627 3
13.907058 1.2730731 10.60956 3
15.438703 2.8309157 15.039914 7
15.773526 2.4577003 14.112644 13
15.429682 3.1642003 15.104529 7
13.708831 2.4422975 12.33554 9
14.02982 2.2000177 11.654455 3
15.424648 3.4953878 15.175134 6
13.737528 2.7570555 12.418067 5
13.814304 2.4862671 11.525537 14
15.325475 3.808321 15.162512 10
15.980504 3.570363 14.497656 22
13.887562 2.8280966 11.642129 13
15.300629 4.1416774 15.231095 12
16.145216 3.977298 14.729113 30
13.951175 3.1723688 11.760303 15
15.156849 4.4416146 15.185732 16
16.207335 4.3712907 14.87974 21
15.105317 4.7696772 15.239687 10
16.208353 4.7533641 14.982221 16
14.956492 5.0656109 15.199286 8
15.829296 5.0185533 14.740386 15
15.858196 4.7624307 13.617032 9
14.707426 5.3247762 15.060512 15
15.378053 5.2442794 14.429055 13
15.702148 5.1073513 13.586879 34
14.505095 4.5399008 11.59792 3
14.114306 5.4411101 14.572013 9
16.006525 5.8519926 15.135789 7
15.724543 5.5118136 13.718491 4
13.792602 5.6474152 14.362709 5
15.862171 6.1935863 15.129816 9
16.704414 6.2876153 14.696108 30
14.501165 6.2901759 15.227971 10
15.725904 6.5380535 15.138878 12
16.765305 6.7483554 14.888337 20
14.34362 6.5794611 15.204859 9
15.618325 6.8983874 15.182951 10
16.738752 7.1872568 15.016635 15
14.119907 6.8339338 15.112236 6
15.427049 7.2208252 15.154353 6
16.502428 7.5353837 14.965724 5
16.871075 7.5730186 14.15424 28
14.027012 7.1499591 15.167167 12
15.226154 7.5368414 15.119243 9
16.410595 7.948987 15.053536 6
17.118233 8.1762609 14.532905 36
13.847912 7.4222231 15.135519 14
15.052675 7.8627739 15.117977 10
16.303041 8.361537 15.134974 10
17.273415 8.7599974 14.849956 35
13.720193 7.7245669 15.164953 11
14.933475 8.2197847 15.178955 14
16.099319 8.7281704 15.13826 10
17.197439 9.2403965 14.983035 11
13.542193 7.9973407 15.13943 13
14.689738 8.5094929 15.120357 6
15.933239 9.1139135 15.182137 7
13.412685 8.298418 15.177745 11
14.478965 8.8147068 15.101213 6
15.606262 9.4079971 15.088011 9
13.246564 8.5799131 15.183515 8
14.282579 9.1298122 15.105613 11
15.422659 9.7826786 15.13265 12
16.585638 10.501574 15.127026 9
12.980804 8.7928314 15.076188 8
14.08301 9.439024 15.107896 12
15.23499 10.158335 15.179215 8
16.33214 10.892158 15.145589 4
12.856994 9.1019802 15.138927 11
13.879701 9.7474966 15.115984 9
14.875652 10.417644 15.067114 6
15.940676 11.190822 15.048184 9
12.680403 9.3759871 15.147267 11
13.664527 10.048922 15.119584 8
14.662234 10.777545 15.11141 10
15.409587 11.375306 14.822999 11
12.474044 9.6302261 15.125758 11
13.404483 10.315566 15.080181 4
14.42505 11.118467 15.137609 11
14.832293 11.507505 14.556048 8
12.279114 9.8891878 15.121881 13
13.222162 10.645268 15.134779 11
14.108057 11.397864 15.087578 11
14.292356 11.64747 14.319814 7
12.109721 10.175735 15.160162 10
12.977394 10.927004 15.129344 6
13.778275 11.667601 15.032046 5
14.78589 12.646301 15.131596 6
11.828707 10.364419 15.061986 5
12.700205 11.175048 15.087568 11
13.366418 11.852761 14.88793 12
14.43539 12.954638 15.108649 9
11.655721 10.648363 15.109902 11
12.469254 11.464946 15.10744 11
12.901524 11.982061 14.691564 10
14.016102 13.195404 15.025039 12
11.460128 10.91384 15.130013 11
12.192474 11.711666 15.080466 5
12.424368 12.080718 14.474925 8
13.723778 13.55481 15.084501 9
11.240653 11.157105 15.128263 11
11.950446 11.99501 15.102983 10
12.011962 12.228397 14.330076 8
13.355747 13.835855 15.066921 16
11.014161 11.396422 15.124513 14
11.629486 12.195943 15.032927 14
11.584092 12.350324 14.173292 8
13.021892 14.152212 15.09385 12
10.818909 11.669263 15.168905 9
11.276107 12.354807 14.921199 14
12.037233 13.431676 15.101744 9
12.625377 14.400013 15.061587 15
10.550881 11.865893 15.116255 11
10.87008 12.451004 14.745513 8
11.723192 13.701933 15.114881 12
12.251317 14.664081 15.057548 12
10.308429 12.092455 15.111152 12
10.473153 12.540493 14.576392 14
11.375706 13.928552 15.089121 12
11.870176 14.917833 15.054027 19
10.048862 12.295342 15.081869 15
10.077408 12.619209 14.406654 13
11.038593 14.165517 15.081391 11
11.471516 15.145491 15.033675 5
9.8069162 12.523622 15.095094 15
9.6900911 12.701585 14.258607 11
10.70402 14.405579 15.094281 13
11.076565 15.378408 15.035901 15
9.5284376 12.703532 15.047528 18
9.3370609 12.811811 14.146157 10
10.353999 14.627707 15.086115 13
10.706746 15.638222 15.067434 14
9.2079535 12.826976 14.944274 13
8.9962692 12.931411 14.054084 8
9.9969187 14.833945 15.072803 15
10.294399 15.836267 15.047997 11
8.8483801 12.891642 14.779699 12
8.6502361 13.03916 13.959923 4
9.6521778 15.059568 15.088729 13
9.866251 16.007114 15.015298 9
8.499198 12.95582 14.622952 12
9.0554132 14.313814 15.100413 9
9.2821789 15.238886 15.066832 19
9.4797134 16.238113 15.050901 14
8.1620188 13.028835 14.488245 14
8.7298584 14.493961 15.077824 15
8.9140224 15.418543 15.05157 10
9.0594997 16.404289 15.03242 14
7.8482022 13.128518 14.389427 10
8.4257669 14.708209 15.099803 12
8.6596327 16.604101 15.056342 7
7.521975 13.203774 14.273314 10
8.0995064 14.888419 15.094802 9
8.1881599 15.797815 15.069965 17
8.2415533 16.770493 15.058585 19
7.2001505 13.282179 14.168605 12
7.7586794 15.038422 15.066443 14
6.5543885 13.41851 12.676117 3
7.8008432 16.882626 15.024444 15
6.8627896 13.321181 14.026848 14
7.4228206 15.19926 15.055615 16
7.4264646 16.093851 15.041275 15
7.3842702 17.040207 15.040159 18
6.558022 13.41932 13.959309 14
7.0943913 15.383919 15.073972 16
7.0493231 16.246756 15.045645 7
6.9518456 17.153988 15.027851 6
6.2730627 13.550591 13.930395 9
6.6903005 15.391366 14.930135 9
6.6719408 16.406412 15.064339 17
6.5106659 17.237734 14.998859 15
5.9477615 13.5957 13.82112 5
6.4085832 15.674968 15.059854 15
6.2579021 16.45929 14.99374 14
6.0647564 17.294815 14.955071 19
5.6551366 13.70734 13.784635 4
6.0433407 15.763921 15.008025 16
5.851984 16.525866 14.943682 15
5.6154056 17.327835 14.901738 17
5.8655467 15.096871 15.017244 14
5.6798763 15.86137 14.972778 15
5.45996 16.618103 14.9275 12
5.1654296 17.346659 14.849486 16
5.5081015 15.116485 14.890535 7
5.3210268 15.960784 14.947406 17
5.0524664 16.663168 14.879804 13
4.7318254 17.397814 14.832607 18
5.2109847 15.304653 14.937821 19
4.9491029 16.019499 14.893887 11
4.6420131 16.685385 14.817974 8
4.1747966 16.953917 14.409426 7
4.8908424 15.427563 14.924857 17
4.581625 16.081469 14.848844 15
4.2507954 16.76635 14.81784 16
3.863029 17.460672 14.794066 9
4.559895 15.526305 14.89466 21
4.2173848 16.148653 14.815242 15
3.8437884 16.764145 14.751815 12
3.4090779 17.37121 14.688422 16
4.225646 15.609085 14.853564 19
3.8498104 16.206753 14.782874 14
3.4458864 16.78867 14.716976 15
2.977725 17.35022 14.647989 20
3.8934348 15.700203 14.825727 18
3.4842222 16.255243 14.746643 15
3.0480187 16.811365 14.689566 8
2.5546403 17.351074 14.633328 17
3.5417149 15.71573 14.737647 10
3.1168408 16.299469 14.712763 18
2.6553981 16.830711 14.667511 17
2.1295011 17.322664 14.60512 20
3.2139626 15.82583 14.744 17
2.7504504 16.341286 14.687464 15
2.2563553 16.800264 14.608407 11
1.7083863 17.271471 14.566449 20
2.8731205 15.888045 14.709882 18
2.3852031 16.379829 14.663873 9
1.8634126 16.803883 14.588899 15
1.2922089 17.244209 14.552955 18
2.5338163 15.953022 14.685078 17
2.0128462 16.373095 14.609978 12
1.473328 16.783251 14.555761 12
0.73014307 14.62653 12.372257 3
2.1893373 15.991895 14.641957 14
1.6485415 16.394043 14.587549 13
1.0853833 16.761446 14.529829 15
0.46449128 17.059669 14.449441 15
1.8480995 16.057493 14.630593 8
1.2817659 16.410048 14.56367 12
0.69672853 16.695017 14.472132 10
0.060934182 17.003981 14.439804 19
1.4970604 16.050797 14.561408 11
0.91442388 16.374434 14.50422 9
0.31175163 16.694981 14.480001 15
-0.34016162 16.901575 14.397701 13
1.1535767 16.112478 14.56073 15
0.54969764 16.423162 14.527337 8
-0.069463946 16.61063 14.422818 11
-0.73883569 16.778358 14.347108 11
0.80302411 16.09593 14.494144 11
0.18372603 16.366728 14.464371 12
-0.45049262 16.549046 14.392789 10
-1.1284083 16.659889 14.307637 13
0.4530296 16.118853 14.470147 9
-0.17800021 16.309965 14.407812 9
-0.82724112 16.481091 14.365299 10
-1.5174543 16.558897 14.292938 14
0.10543778 16.152296 14.463792 15
-0.54318976 16.2777 14.380036 13
-1.198927 16.390125 14.324905 13
-1.8964823 16.42412 14.255059 14
-0.24434397 16.130501 14.415659 10
-0.902152 16.236038 14.351468 8
-1.4878819 15.385883 13.494641 2
-2.1536176 15.403295 13.453664 12
-0.59414631 16.125542 14.386529 10
-1.1961443 15.270482 13.51575 5
-1.8384179 15.3404 13.505207 12
-2.5324142 15.438032 13.574978 18
-0.89508706 15.170402 13.522823 11
-1.5355712 15.220378 13.49217 8
-2.1999474 15.377407 13.595485 14
-2.9321587 15.584702 13.801193 10
-1.2305614 15.207424 13.544976 10
-1.8873506 15.305007 13.594754 11
-2.5764966 15.484799 13.7563 12
-3.3190868 15.621933 13.942459 18
-1.5651708 15.219005 13.552043 12
-2.2502239 15.40475 13.716644 13
-2.9592757 15.590356 13.923246 12
-3.7260146 15.710463 14.140255 9
-1.9158771 15.327789 13.653019 12
-2.615175 15.489514 13.83441 9
-3.3502142 15.677995 14.08504 15
-4.0707765 15.532348 14.106656 15
-2.2707193 15.431576 13.755952 12
-2.9853187 15.568306 13.954115 13
-3.7089419 15.607472 14.113399 6
-4.4233098 15.384984 14.109325 11
-2.6279612 15.502591 13.835584 11
-3.3721054 15.682903 14.115141 14
-4.0590758 15.498118 14.11241 14
-4.7591972 15.203684 14.084692 7
-2.9911616 15.577596 13.923254 12
-3.7294755 15.646348 14.145807 5
-4.3985338 15.357831 14.091145 14
-5.005815 14.771499 13.831757 7
-3.3665879 15.662631 14.03287 16
-4.0693278 15.519407 14.102424 13
-4.7508931 15.263403 14.119052 7
-5.3394928 14.621975 13.848226 5
-3.7264249 15.655257 14.064674 8
-4.4118886 15.409286 14.083398 15
-4.9947701 14.837519 13.845203 7
-5.6179843 14.330027 13.736591 19
-4.0956035 15.67667 14.129827 10
-4.7708182 15.359805 14.125927 5
-5.3130059 14.665278 13.813641 6
-5.5974636 13.338928 12.952891 28
-4.4388356 15.570717 14.090051 9
-4.9824171 14.854362 13.756581 8
-5.5863547 14.388288 13.688365 17
-5.7095838 12.756601 12.554669 50
-5.3603048 14.863319 13.867675 13
-5.562789 13.397142 12.883465 21
-5.9522071 12.505746 12.48343 67
-5.3919601 13.946257 13.119438 7
-5.6973195 12.870767 12.517745 52
-6.0742159 12.028638 12.185153 29
-5.3991852 15.058995 13.834484 22
-5.5492373 13.444094 12.756935 17
-5.938828 12.631043 12.430603 50
-5.5096517 10.277929 10.578424 7
-5.4115624 14.084653 13.024607 16
-5.7344718 13.042691 12.496157 83
-6.0343094 12.102632 12.063633 29
-5.6290302 9.9343405 10.394892 43
-5.5270329 13.469162 12.541018 37
-5.9163518 12.673647 12.262814 38
-5.4805589 10.363107 10.474778 4
-5.775878 9.6618719 10.279428 50
-5.8039269 13.289674 12.467403 55
-6.0177321 12.160976 11.894161 38
-5.5951819 10.017146 10.265642 60
-6.1143165 9.7142305 10.515933 44
-5.8959875 12.712586 12.023164 31
-6.1108413 11.67405 11.544742 43
-5.7036481 9.6859961 10.070641 54
-6.4568734 9.7566757 10.752326 67
-5.99544 12.195109 11.636447 41
-5.5815792 10.07761 10.092175 56
-6.0213332 9.7146711 10.252918 54
-6.5494099 9.415206 10.573248 42
-6.1002469 11.733161 11.301281 33
-5.6694069 9.708683 9.8468485 62
-6.375536 9.7880964 10.492644 71
-6.6260366 9.0675316 10.386129 45
-5.5622835 10.108496 9.8415127 45
-5.9457717 9.6764441 9.9436283 64
-6.5172997 9.5243578 10.380305 60
-6.7024131 8.7406788 10.218198 46
-5.6422472 9.7246552 9.5720568 45
-6.3155794 9.783021 10.189653 64
-6.5978012 9.182929 10.184226 56
-6.5930777 8.195385 9.7872486 41
-5.9145789 9.6897697 9.6467829 47
-6.4867992 9.5674467 10.112729 57
-6.4986682 8.6189022 9.7351065 58
-6.6512671 7.8863568 9.6304626 53
-6.226356 9.7077646 9.7799959 53
-6.3980765 8.9855852 9.6473646 62
-6.5730186 8.31602 9.5712872 55
-6.7105002 7.5941286 9.487731 51
-6.3072362 9.3575325 9.5527287 46
-6.4605632 8.6510706 9.4403124 57
-6.6332121 8.0091267 9.4034853 55
-6.7713699 7.3178611 9.3622084 46
-6.3748884 9.0072803 9.3225307 56
-6.5268288 8.3373947 9.2554483 57
-6.6863217 7.7101145 9.2407551 53
-6.8212481 7.0404978 9.2346764 49
-6.443285 8.6808119 9.116559 57
-6.6107006 8.060545 9.1089392 60
-6.7481761 7.43396 9.1022587 58
-6.8947334 6.7989783 9.1495056 43
-6.6013246 8.4830217 9.0477934 56
-6.7714763 7.8874111 9.0813971 61
-6.8831186 7.2445855 9.0715685 67
-6.9978318 6.5943375 9.1116724 54
-6.806663 8.3520479 9.0536394 69
-6.9430962 7.729207 9.0739937 72
-7.0387788 7.0821071 9.0761232 67
-7.1187296 6.4086084 9.1040144 66
-6.9912944 8.1930876 9.0342283 2
-7.0860686 7.5370054 9.0332775 4
-7.1736474 6.8996038 9.0594959 64
-7.2346277 6.2228179 9.0973539 63
-7.2679358 6.6800513 8.9975195 4
-7.3475537 6.0369468 9.0916862 64
-7.4128489 5.8140893 9.0336761 29
-7.2484756 6.7281327 8.6299667 1
-7.5534759 5.6551085 9.0752554 2
-7.6018019 5.4291477 9.0092144 2
-7.4971962 5.1011753 8.7702293 50
-6.755825 4.3692656 7.7994986 23
-6.7997122 4.185009 7.7618356 55
-6.7538404 4.4674449 7.4423981 2
-6.8366084 3.9996982 7.7221613 56
-7.3225579 5.6615448 7.6548076 7
-6.7649155 4.2595615 7.3578415 63
-6.8664002 3.814707 7.6787724 53
-7.3710246 5.4330959 7.5634089 56
-7.4674768 4.9926767 7.8313723 59
-6.8029089 4.0736289 7.3079114 63
-7.1648178 3.7776403 7.9392643 11
-7.4123917 5.204463 7.4692421 65
-6.7447777 4.2821155 6.962925 66
-6.8357244 3.8882232 7.2574477 63
-7.7651081 3.8799376 8.5368013 55
-7.462852 4.9834018 7.3933582 64
-6.7797999 4.087111 6.900908 61
-6.9163027 3.7270558 7.2595825 35
-7.802537 3.6831508 8.5083208 55
-6.7260652 4.2618461 6.5495696 63
-6.8136196 3.899936 6.8421946 61
-7.7358875 3.956861 8.0428543 49
-7.8464236 3.4937155 8.4905376 54
-6.7629828 4.0697851 6.4847617 63
-6.8822527 3.73575 6.8246527 45
-7.7748446 3.7605643 8.0050058 64
-7.9152017 3.317203 8.5068626 13
-6.7971544 3.8796036 6.4217863 63
-7.6942134 3.9619329 7.5466304 49
-7.8071032 3.5640523 7.9638991 65
-6.8787274 3.7193542 6.4091916 35
-7.7401495 3.7655666 7.504693 71
-7.8858123 3.3895109 7.9741597 45
-7.6785154 3.9340136 7.0672326 52
-7.7750936 3.5672474 7.4588084 63
-7.7224679 3.7348473 7.0203748 67
-7.8229518 3.3769305 7.432035 63
-7.7693868 3.5386438 6.9805455 65
-7.8618326 3.1845815 7.399241 62
-7.8202929 3.3453951 6.9477386 65
-7.9136672 2.9991648 7.3835039 65
-7.8538318 3.1459837 6.9077969 64
-7.9538956 2.8083372 7.362875 57
-8.2775812 2.0594859 8.6031942 4
-7.88941 2.9500308 6.8724322 65
-7.9974418 2.6224225 7.3483486 59
-7.944047 2.7622023 6.8587627 60
-8.0415564 2.4365542 7.3393421 56
-8.2688904 2.1154218 8.0030251 2
-7.981884 2.570905 6.835207 58
-8.0828171 2.2512617 7.3321404 59
-8.025877 2.3819008 6.8201585 57
-8.1237926 2.0661409 7.327177 54
-8.0644102 2.1934719 6.803442 64
-8.1654615 1.8836755 7.3244839 54
-8.1112976 2.005758 6.7985244 56
-8.2042208 1.6976568 7.3256745 54
-8.1581717 1.8180133 6.7977152 53
-8.2590647 1.5158191 7.3459072 54
-8.6687298 0.81306267 8.9144154 2
-8.1938505 1.6263075 6.7930703 54
-8.3025951 1.329932 7.3592067 50
-8.5654278 0.61867696 8.8092432 2
-8.2447462 1.4384378 6.802669 50
-8.3455992 1.1439421 7.3747411 54
-8.8353043 0.44927037 9.0948925 1
-8.2987452 1.2505873 6.8201847 48
-8.3746405 0.95489287 7.3822241 52
-8.8153009 0.25997239 9.0816975 4
-8.3426723 1.0588101 6.8342023 44
-8.4244785 0.76805162 7.4134555 49
-8.8121414 0.072805569 9.0909195 12
-8.3845921 0.87148339 6.8502092 44
-8.471386 0.58501798 7.4456415 51
-8.8000317 -0.10761746 9.0955782 25
-8.4334717 0.67771053 6.8755994 47
-8.5102196 0.39389303 7.4750819 47
-8.7962427 -0.29891378 9.1110144 43
-8.4748049 0.4796868 6.8972206 42
-8.5584755 0.19768381 7.5146379 47
-8.8269758 -0.4862245 9.1673365 49
-8.5127048 0.28175032 6.9234095 49
-8.5983534 0.0046608848 7.5538435 47
-8.7978077 -0.67152041 9.1635828 57
-8.5766449 0.084876455 6.9735584 44
-8.6402655 -0.18937661 7.5980167 43
-8.7778873 -0.85594958 9.1726227 75
-8.6198111 -0.11423741 7.0104246 43
-8.6413937 -0.38472208 7.6098666 34
-8.835371 -0.69780338 8.4539251 55
-8.7736635 -1.0425397 9.2026653 72
-8.6687622 -0.31841794 7.05832 45
-8.7493372 -0.58891535 7.7197599 43
-8.8742666 -0.89622164 8.517911 61
-8.7804585 -1.2300653 9.2488022 62
-8.7127428 -0.52351451 7.1053534 51
-8.8063011 -0.79206753 7.7908645 64
-8.9242201 -1.0985087 8.5960264 70
-8.4788303 -1.3704792 8.9704638 23
-8.7687693 -0.73258883 7.1674037 61
-8.8703251 -1.0012518 7.8729153 65
-8.8360167 -1.2839329 8.5432854 42
-8.1910915 -1.4998851 8.7062321 37
-8.8178234 -0.94473284 7.229425 61
-8.9133472 -1.2105038 7.9399629 72
-8.351181 -1.4016987 8.1091433 32
-8.2158499 -1.6823881 8.7785234 52
-8.8869438 -1.1629009 7.31038 62
-8.5482798 -1.3600352 7.6470232 38
-8.1478024 -1.5511742 7.9513855 66
-8.2424078 -1.8691814 8.8616333 57
-8.6404228 -1.3382785 7.1378446 30
-8.1446095 -1.4870136 7.3194971 50
-8.1968231 -1.7463859 8.0441465 62
-8.2354326 -2.0493519 8.909296 29
-8.1552954 -1.4609528 6.7677178 31
-8.1491556 -1.67879 7.3626509 66
-8.2474499 -1.9473754 8.1431341 67
-9.012414 -2.4429739 9.8219995 46
-8.1122961 -1.6497413 6.7697306 66
-8.1876936 -1.8804922 7.4442306 64
-9.2029648 -2.3867936 9.1557989 62
-9.126543 -2.6795936 10.016941 46
-8.1620512 -1.8597832 6.8531461 66
-8.2100258 -2.0824752 7.5130243 46
-9.1924686 -2.5978773 9.2085199 65
-9.328557 -2.9499295 10.316252 47
-8.2034121 -2.0717139 6.9330292 61
-9.1607637 -2.8007636 9.2433615 64
-9.4234943 -3.1917782 10.499702 51
-9.1246948 -2.530267 7.7725682 3
-9.16008 -3.0205743 9.313942 62
-9.4838018 -3.4330311 10.655134 50
-9.216362 -3.2626514 9.4515057 63
-9.5502338 -3.6832168 10.820642 46
-9.2417173 -3.4997094 9.5641212 59
-9.6043949 -3.9334176 10.981314 41
-9.5898275 -3.6236138 9.151598 44
-9.3211594 -3.7639477 9.7369528 58
-9.6973667 -4.2081041 11.191566 39
-9.5425138 -3.8569319 9.1971684 71
-9.4735346 -4.0663614 9.9958935 54
-9.7816048 -4.4878583 11.401651 44
-9.4830198 -4.0842104 9.2371626 68
-9.689086 -4.4106622 10.332109 55
-9.850421 -4.767221 11.59977 43
-9.4584265 -4.3302946 9.3188152 62
-9.7971125 -4.7208796 10.566168 62
-9.9237013 -5.0574036 11.813683 41
-9.9508095 -4.6262865 9.0983181 2
-9.5024147 -4.6131063 9.4757442 62
-9.8713217 -5.0228601 10.77091 44
-10.009523 -5.3637829 12.049714 43
-9.8694916 -4.8696451 9.1456652 44
-9.5727692 -4.9113145 9.6703339 61
-9.9537563 -5.3335299 11.000648 49
-10.096881 -5.6729398 12.301666 45
-9.8039427 -5.1270914 9.2104187 71
-9.7392712 -5.2808418 9.9710054 55
-10.046515 -5.6739521 11.244797 57
-10.186584 -6.0099883 12.564744 54
-9.7147846 -5.379652 9.2575026 63
-10.026145 -5.7414265 10.411215 53
-10.135705 -6.0185666 11.498673 56
-10.17921 -6.2915611 12.714166 72
-9.7478876 -5.7020397 9.4325094 53
-10.137794 -6.1149435 10.684721 56
-10.243302 -6.3862534 11.786229 42
-10.144853 -6.5611234 12.838623 59
-9.8556223 -6.0834894 9.6949358 47
-10.2355 -6.4935694 10.955172 56
-10.351249 -6.7711573 12.088459 46
-10.199372 -6.8971381 13.088201 35
-10.052208 -6.5382237 10.05734 43
-10.337544 -6.8936625 11.246984 58
-10.32118 -7.0762582 12.241225 60
-10.070396 -7.1149588 13.105799 35
-10.337377 -7.0781937 10.531955 84
-10.157576 -7.1116753 11.239621 52
-9.8762169 -7.0876822 11.899864 43
-9.7692375 -7.2071967 12.902781 36
-9.9098587 -7.1321726 10.284379 53
-9.7963476 -7.1943526 11.032824 74
-9.6436882 -7.2422228 11.8134 48
-9.7319775 -7.4920425 13.053111 36
-9.5879641 -7.2490978 10.145262 63
-9.6233883 -7.407186 11.039818 54
-9.7345829 -7.6454163 12.134631 44
-10.304577 -8.276844 14.048804 8
-9.6549816 -7.6641684 10.428378 52
-9.7205801 -7.8404112 11.370766 18
-9.2016335 -7.5524392 11.67746 18
-10.256553 -8.5880184 14.217877 3
-10.900882 -9.0918455 12.044522 33
-10.73797 -9.0792656 12.828856 63
-10.916965 -9.3793354 14.139303 16
-10.173348 -8.8830194 14.353065 14
-11.071138 -9.6904087 12.516715 29
-10.843954 -9.6044369 13.240602 16
-10.634967 -9.5462513 14.051139 7
-10.029603 -9.1296511 14.408929 28
-11.041779 -10.138719 12.78549 68
-11.279329 -10.460933 14.087512 19
-10.59084 -9.9295778 14.284431 3
-9.8461962 -9.3390388 14.414472 18
-11.102046 -10.690356 13.180642 18
-10.962806 -10.640607 14.013392 9
-10.422685 -10.20701 14.368237 13
-9.6685343 -9.5527296 14.432098 23
-11.560714 -11.675098 14.090532 19
-10.878702 -11.043962 14.244298 2
-10.244241 -10.471744 14.436524 15
-9.4824409 -9.7559729 14.439066 8
-11.219872 -11.86897 14.043159 8
-10.724273 -11.381846 14.392062 17
-10.006336 -10.669185 14.424441 18
-9.3155575 -9.9734373 14.475684 24
-10.460015 -11.617805 14.412266 21
-9.7845936 -10.89504 14.447737 6
-9.1262627 -10.180185 14.493154 25
-10.209203 -11.867287 14.456449 17
-9.5576468 -11.115976 14.473287 17
-8.9272213 -10.377545 14.500019 17
-10.540123 -12.856881 14.409987 19
-9.9293604 -12.085551 14.469031 16
-9.3318729 -11.340911 14.508836 17
-8.7580471 -10.613316 14.565429 10
-10.15021 -12.993634 14.332804 11
-9.6635847 -12.318278 14.504591 17
-9.1001482 -11.559394 14.538192 17
-8.5446825 -10.79835 14.56286 17
-9.7369814 -13.085525 14.215812 17
-9.3785076 -12.528197 14.521582 18
-8.8417921 -11.742814 14.529529 13
-8.3383741 -10.988441 14.57223 17
-9.3933811 -13.261541 14.202488 15
-9.0919714 -12.733798 14.543528 13
-8.6040878 -11.954875 14.567939 17
-8.1211452 -11.16974 14.575411 17
-9.0926514 -13.497228 14.2652 20
-8.8221798 -12.963115 14.600303 18
-8.3620481 -12.158683 14.60096 14
-7.9197478 -11.371114 14.609975 18
-8.7357779 -13.64757 14.245121 29
-8.5297451 -13.158214 14.62687 13
-8.1105938 -12.355428 14.63154 14
-7.7085633 -11.564498 14.6391 20
-8.3666344 -13.762425 14.219552 36
-8.2240381 -13.32462 14.646587 15
-7.8570046 -12.540645 14.672529 15
-7.5182476 -11.784628 14.725237 15
-7.9863172 -13.859246 14.167412 44
-7.7918248 -13.292969 14.429334 7
-7.5656142 -12.683153 14.639063 5
-7.2792044 -11.950682 14.715931 17
-7.6021061 -13.94593 14.103241 35
-7.5512938 -13.577876 14.57872 13
-7.3367233 -12.922441 14.73685 13
-7.0518174 -12.130212 14.737252 17
-7.2258601 -14.031307 14.059406 38
-7.1827202 -13.623621 14.477241 8
-7.0623312 -13.088392 14.756257 13
-6.8317008 -12.323867 14.782404 14
-6.8617463 -14.124739 14.035483 26
-6.8549237 -13.743802 14.464046 12
-6.7952137 -13.26447 14.792463 12
-6.596529 -12.496593 14.806534 13
-6.1704307 -13.478775 13.290112 23
-6.5208197 -13.840156 14.434666 12
-6.5176535 -13.430878 14.822404 12
-6.3600535 -12.670581 14.835422 9
-5.8239441 -13.552342 13.269915 23
-5.9962893 -13.497131 13.960472 17
-6.2411475 -13.597178 14.85958 7
-6.1747789 -12.959101 14.999585 3
-5.7737904 -14.36156 13.973323 19
-5.918921 -14.182594 14.556038 13
-5.961709 -13.764422 14.904988 12
-5.8568463 -12.972928 14.855427 10
-5.4144564 -14.438124 13.969576 25
-5.6063547 -14.337241 14.609561 11
-5.6710043 -13.904559 14.927649 12
-5.6185756 -13.156857 14.910679 7
-5.0590611 -14.508674 13.968884 19
-5.2762356 -14.436603 14.6146 14
-5.3659644 -14.01357 14.920598 12
-5.3577724 -13.293576 14.917374 12
-4.7029076 -14.577792 13.977301 18
-4.9424968 -14.531795 14.62378 14
-5.0595927 -14.123715 14.923656 10
-5.0982661 -13.458871 14.956947 10
-4.3588662 -14.674454 14.017266 18
-4.6028481 -14.601743 14.615044 12
-4.7497416 -14.213138 14.908731 8
-4.8252769 -13.57279 14.946774 4
-4.0108237 -14.762493 14.05927 18
-4.2665472 -14.67234 14.61517 15
-4.4341588 -14.287375 14.888968 7
-4.5814018 -13.786557 15.050982 6
-3.6620247 -14.843751 14.102764 16
-3.9343925 -14.769194 14.648604 14
-4.1124091 -14.333197 14.844816 8
-4.3014359 -13.89919 15.052008 9
-3.3139429 -14.911204 14.144076 16
-3.6013262 -14.841253 14.66795 12
-3.8044894 -14.426923 14.858034 6
-4.0298872 -14.038719 15.084873 9
-2.974838 -14.997306 14.215829 18
-3.2784691 -14.928756 14.713607 12
-3.5015152 -14.509917 14.873526 6
-3.7540932 -14.147377 15.095915 6
-2.6315334 -15.089421 14.293709 18
-2.9422824 -14.990582 14.73648 12
-3.1848147 -14.562392 14.856304 4
-3.4739006 -14.286188 15.137838 4
-2.281688 -15.149916 14.35045 12
-2.6119485 -15.086846 14.797035 12
-2.8787394 -14.66817 14.899923 8
-3.1984072 -14.441848 15.202029 7
-1.9376867 -15.257659 14.460075 17
-2.2797389 -15.172014 14.856872 10
-2.5588207 -14.708606 14.882013 6
-2.899734 -14.516284 15.187447 5
-1.5871783 -15.325686 14.540091 13
-1.9422733 -15.219656 14.885697 10
-2.2515111 -14.821358 14.945049 8
-2.6130574 -14.658832 15.244192 4
-1.236981 -15.418377 14.652293 12
-1.6079643 -15.298765 14.951026 13
-1.9296905 -14.848549 14.927896 5
-2.3116522 -14.734879 15.240726 7
-0.8824088 -15.505816 14.768176 13
-1.2701763 -15.388486 15.037346 11
-1.6201159 -14.984845 15.028241 6
-2.0071058 -14.788797 15.222162 4
-0.50791991 -14.859048 14.194288 7
-0.92753333 -15.434464 15.089855 9
-1.3038247 -15.094761 15.108113 4
-1.7080086 -14.915552 15.285514 7
-0.16772033 -14.872331 14.255637 14
-0.58135122 -15.34449 15.015177 9
-0.97788912 -15.102216 15.093542 5
-1.3996783 -14.98587 15.293707 6
0.19358884 -15.720793 15.12827 12
-0.23481591 -14.844932 14.547632 11
-0.65339369 -15.206451 15.181592 5
-1.0868211 -15.042192 15.296208 5
0.54665464 -15.497367 14.98079 6
0.099810205 -15.273025 14.996978 4
-0.32625136 -15.173125 15.140977 5
-0.77595556 -15.138574 15.345348 4
0.90510464 -15.549716 15.106702 7
0.4453088 -15.410838 15.167967 5
-0.00078424619 -15.302447 15.265938 4
-0.45609999 -15.013127 15.175643 4
1.2635436 -15.544502 15.1874 7
0.79133338 -15.465572 15.267167 5
0.33309615 -15.389871 15.356909 5
-0.14254028 -15.262256 15.392363 5
1.6356418 -15.666853 15.402647 11
1.1436094 -15.570113 15.423632 5
0.66881412 -15.449409 15.430847 5
0.18068284 -15.362822 15.463737 5
1.9933455 -15.609689 15.45036 6
1.4872233 -15.521461 15.435264 5
1.0023733 -15.448562 15.449944 5
0.50445968 -15.34134 15.41998 5
2.3381655 -15.48676 15.440499 9
1.8284487 -15.458718 15.44279 7
0.82910037 -15.388822 15.450534 5
2.6737258 -15.340515 15.414239 10
2.1662569 -15.392592 15.454117 8
1.6683017 -15.392366 15.452493 7
1.155151 -15.397074 15.450776 4
3.0096235 -15.228455 15.427497 4
2.493027 -15.290092 15.430293 8
1.996258 -15.362391 15.458567 6
1.4809642 -15.390009 15.435259 4
3.3410554 -15.097656 15.431149 8
2.8258858 -15.210217 15.4395 6
2.3238926 -15.287128 15.435023 7
1.8090901 -15.373761 15.428278 10
3.6674943 -14.942086 15.421071 10
3.1519234 -15.092654 15.423985 6
2.6505969 -15.210398 15.415112 8
2.1353419 -15.335127 15.400887 10
3.9897947 -14.800879 15.428085 9
3.4741309 -14.966498 15.402469 8
2.9763446 -15.144613 15.409734 4
2.4722073 -15.357924 15.443665 7
4.3034825 -14.640951 15.421609 10
3.794318 -14.856695 15.401512 11
3.3041131 -15.076877 15.408382 8
2.8073909 -15.349416 15.460772 6
4.6210103 -14.498255 15.442019 4
4.1203008 -14.76916 15.43242 8
3.6270418 -14.994939 15.402253 7
3.1331513 -15.284239 15.426483 5
4.9169993 -14.309863 15.417899 12
4.4288502 -14.624924 15.41088 10
3.9567385 -14.936374 15.427899 7
3.4694798 -15.262696 15.444757 9
5.2168803 -14.132757 15.413625 8
4.7344627 -14.474733 15.388324 5
4.2710037 -14.821256 15.399982 12
3.7992353 -15.198866 15.429343 10
5.5049143 -13.940486 15.397437 13
5.0399971 -14.332754 15.383657 9
4.5950074 -14.732585 15.407805 4
4.12608 -15.125977 15.411015 10
5.7938476 -13.758407 15.40015 12
5.3435402 -14.189801 15.383996 11
4.9092422 -14.620644 15.397849 8
4.4578953 -15.056221 15.401655 4
6.0836802 -13.586488 15.418767 13
5.6353245 -14.022529 15.363567 10
5.228375 -14.518942 15.407794 10
4.7925978 -14.997694 15.41319 11
6.3352766 -13.336396 15.356132 13
5.937573 -13.888825 15.385877 8
5.5355139 -14.387924 15.391152 8
5.1165285 -14.900758 15.39225 11
6.622961 -13.174617 15.397883 5
6.2374039 -13.743813 15.401443 9
5.8452487 -14.26382 15.38945 13
5.4506211 -14.827133 15.402992 11
6.8881383 -12.973292 15.399783 9
6.5084372 -13.544291 15.366258 5
6.1379404 -14.096485 15.347939 10
5.7718544 -14.708163 15.375052 14
7.1453094 -12.761837 15.394774 10
6.7961154 -13.384272 15.378783 11
6.4551296 -13.985921 15.376992 8
6.0061226 -14.387243 15.142106 10
7.392839 -12.539953 15.384933 9
7.0665746 -13.187437 15.357651 13
6.7610617 -13.850841 15.385099 12
6.4306283 -14.505688 15.380623 11
7.1801004 -11.591216 14.471556 3
7.3488979 -13.023085 15.3763 12
7.061873 -13.706797 15.38707 11
6.757205 -14.397454 15.382072 11
7.4379344 -11.44085 14.538726 8
7.6021628 -12.816519 15.349412 5
7.3607779 -13.556578 15.393209 13
7.0684524 -14.251059 15.361231 13
7.88167 -11.54991 14.957339 11
7.8789353 -12.640827 15.376867 12
6.5315022 -11.455704 13.171484 2
7.394805 -14.120315 15.361585 14
8.2703905 -11.557749 15.26035 9
7.6488757 -11.703934 14.464878 3
6.7619872 -11.283338 13.1398 17
7.7220397 -13.996634 15.377953 14
8.5480185 -11.40348 15.360822 4
7.9312239 -11.577519 14.545084 8
8.2325926 -13.048845 15.398036 8
8.035675 -13.841661 15.367425 12
8.7604866 -11.164509 15.354104 9
8.398159 -11.696004 14.945988 7
8.5007334 -12.844166 15.369026 12
8.3542891 -13.690793 15.372926 14
8.9729042 -10.932575 15.361371 15
8.8199444 -11.730134 15.260734 10
8.7806816 -12.659877 15.372849 14
8.6709757 -13.532863 15.375502 13
9.1813326 -10.699619 15.370644 19
9.1174564 -11.589978 15.361112 14
8.5524912 -11.781404 14.53021 6
8.9748859 -13.352752 15.363214 20
9.3670158 -10.44127 15.350081 13
9.3527699 -11.369308 15.359187 13
8.9516373 -11.779659 14.765208 9
9.2936373 -13.189098 15.379745 16
9.5664682 -10.206386 15.363294 15
9.5574131 -11.114997 15.322582 14
9.4645748 -11.900681 15.16904 10
9.5907097 -12.99293 15.365583 5
9.7599688 -9.9664507 15.377555 12
9.8035517 -10.911798 15.358493 14
9.8117485 -11.795468 15.306017 8
9.3288326 -12.08199 14.503212 4
9.585928 -9.3744812 14.835152 3
10.012092 -10.667726 15.342792 13
10.144144 -11.666882 15.420223 8
9.6648092 -11.961294 14.585495 11
10.105987 -9.458848 15.366559 12
10.194684 -10.401083 15.299582 4
10.360815 -11.403379 15.367042 14
10.255668 -12.129172 15.038107 12
9.9724283 -8.9389257 14.922624 12
10.487513 -10.241029 15.423182 6
10.59634 -11.162561 15.350327 15
10.703999 -12.101992 15.270308 15
10.37685 -8.9015617 15.283948 11
10.615681 -9.9263363 15.315139 10
10.849642 -10.938215 15.362452 14
11.088224 -11.988121 15.407398 9
10.550322 -8.6605406 15.312246 9
10.838026 -9.7018356 15.352283 13
11.059634 -10.669569 15.325041 9
11.349247 -11.732006 15.376761 15
10.633874 -8.3491783 15.217957 4
11.02017 -9.4393797 15.337341 14
11.293486 -10.425193 15.3257 4
11.60318 -11.473687 15.346439 19
10.899923 -8.1839209 15.389865 9
11.217483 -9.1934223 15.355923 12
11.550071 -10.20149 15.366074 14
11.87216 -11.226714 15.34696 15
11.013321 -7.9051003 15.358404 12
11.388415 -8.9298878 15.343296 12
11.739842 -9.9214096 15.325474 15
12.125744 -10.966484 15.329108 5
11.123816 -7.628221 15.328183 11
11.534736 -8.6481743 15.305374 8
12.003366 -9.6986704 15.383275 15
11.27831 -7.38411 15.36751 13
11.706409 -8.3859062 15.310871 4
12.191248 -9.415226 15.353971 15
12.459556 -10.292621 15.109518 5
11.39293 -7.1153378 15.355968 14
11.958411 -8.1807566 15.425673 9
12.396873 -9.1455641 15.356334 13
12.725001 -10.040792 15.133657 14
11.47994 -6.831902 15.319511 12
12.075591 -7.8804669 15.373364 7
12.559349 -8.8446798 15.310805 7
12.974336 -9.7712536 15.144686 20
10.970442 -6.2209096 14.510901 5
12.167162 -7.5705504 15.297884 9
13.117621 -9.4257994 15.040971 43
11.131232 -6.0018969 14.594579 4
12.319439 -7.3017435 15.309062 10
13.216042 -9.0508852 14.89816 49
11.785302 -6.0333395 15.313126 16
12.458705 -7.0230627 15.305399 10
12.966179 -7.9025283 15.132713 4
13.204247 -8.6152611 14.645623 40
11.896793 -5.7726202 15.334013 16
11.960535 -6.4097061 14.545665 7
13.102873 -7.5944371 15.091191 6
13.230586 -8.2105503 14.44725 58
11.957642 -5.4928689 15.300673 13
12.203432 -6.2035127 14.692808 7
13.289449 -7.3165078 15.117046 9
13.31195 -7.8511291 14.323895 54
12.046092 -5.2267694 15.3064 12
12.859528 -6.1881657 15.329112 15
12.923776 -6.7491832 14.533703 17
13.410179 -7.506155 14.229401 38
12.129542 -4.9606495 15.315129 12
12.967203 -5.8991141 15.320075 14
13.002759 -6.4292302 14.460964 31
12.010914 -6.3773375 12.592469 3
12.199078 -4.6922774 15.311836 15
13.06108 -5.6028318 15.301007 14
13.225265 -6.1792979 14.552398 4
13.10435 -6.5755024 13.55346 13
12.289886 -4.4324393 15.341266 12
13.197041 -5.3265252 15.339597 12
13.845388 -6.0954895 15.075136 22
13.784048 -6.5264249 14.078767 4
12.321761 -4.1544762 15.302809 12
13.275139 -5.0281696 15.316311 12
13.921816 -5.7647715 15.01614 35
12.374547 -3.8837783 15.295424 11
13.344165 -4.7283349 15.290277 10
13.99112 -5.4325213 14.959495 39
12.30906 -5.1622257 12.315334 3
12.445443 -3.6206527 15.321943 13
13.426483 -4.4320912 15.286129 13
14.063846 -5.104888 14.914631 35
12.475225 -3.3467429 15.301545 10
13.53041 -4.1443853 15.31486 10
14.164078 -4.7857699 14.90466 26
12.510957 -3.0780075 15.293097 12
13.577497 -3.8395689 15.286755 10
14.241319 -4.4622402 14.877764 30
12.565511 -2.8136299 15.310718 15
13.640328 -3.5420167 15.281749 11
14.273527 -4.124814 14.815163 39
12.607992 -2.5490339 15.322398 12
13.720098 -3.2488418 15.299717 18
14.362531 -3.8085639 14.816362 32
12.390284 -3.5966787 11.867257 18
12.623486 -2.2800524 15.30614 13
13.766796 -2.9475536 15.291901 12
14.415353 -3.4824762 14.789909 40
12.487635 -3.3165765 11.878421 21
12.647538 -2.0153708 15.309276 11
13.804495 -2.6479371 15.279061 10
14.47264 -3.1560555 14.772947 29
12.547813 -3.0270078 11.859786 28
12.656994 -1.7494849 15.295119 13
13.859258 -2.350786 15.289108 14
14.555595 -2.8352747 14.79117 24
12.569346 -2.7256534 11.811014 28
12.663215 -1.4821606 15.283237 13
13.895625 -2.0486052 15.289709 13
14.622987 -2.5121644 14.799161 30
12.686925 -1.2195132 15.297745 10
13.905758 -1.7444305 15.264605 9
14.727291 -2.1926959 14.8532 27
12.722652 -0.95719755 15.334237 11
13.958844 -1.4462281 15.295442 10
14.801656 -1.8666847 14.882303 42
12.713334 -0.69393057 15.318769 9
13.951895 -1.1428499 15.266384 9
14.869934 -1.5386525 14.91451 30
12.717947 -0.43002221 15.325364 10
13.996891 -0.84259617 15.299324 11
14.91627 -1.2062733 14.933748 37
11.967556 -0.1588926 14.438964 8
13.257095 -0.51332748 14.491487 7
14.280932 -0.83356136 14.282336 30
12.641936 0.096413113 15.259028 9
14.000621 -0.23471972 15.300051 10
14.318731 -0.51165217 14.31052 17
12.620093 0.35563633 15.253126 9
13.996506 0.065163635 15.301234 11
15.067129 -0.20036833 15.046513 16
12.551559 0.61173952 15.193947 11
13.965402 0.36450332 15.276392 11
15.096389 0.13680789 15.075974 17
13.448072 -0.064140484 12.321843 3
12.565735 0.87052953 15.233065 13
13.948748 0.663279 15.274022 8
15.143916 0.47370407 15.130137 8
13.520275 0.24852176 12.388846 3
12.558406 1.1293905 15.25754 12
13.895822 0.96216184 15.24087 11
15.121411 0.81400436 15.126381 7
13.533524 0.56421316 12.410857 3
12.515051 1.3849816 15.243971 14
13.814857 1.257549 15.184683 9
15.124925 1.1557336 15.154643 6
15.395318 1.0060565 14.120133 30
12.505697 1.6447926 15.275477 15
13.822893 1.5590396 15.231616 10
15.086282 1.4932028 15.14895 5
15.443983 1.3738768 14.194747 30
12.435203 1.8988495 15.240978 12
13.799894 1.8600895 15.252566 10
15.031692 1.833873 15.139272 6
15.530757 1.7469233 14.310372 38
12.387777 2.1523788 15.237432 13
13.719861 2.1532674 15.216402 16
15.026167 2.1765311 15.183589 7
15.626671 2.1317105 14.445094 38
12.343367 2.405875 15.240866 14
13.665872 2.4479754 15.214217 13
14.966596 2.5123847 15.178781 10
15.823847 2.5326498 14.677888 24
12.289099 2.6574526 15.235212 16
13.626018 2.7431307 15.232 11
14.964247 2.8596909 15.240089 11
15.939 2.93574 14.850782 39
12.208526 2.9026012 15.204618 15
13.563944 3.0377884 15.23389 9
14.857493 3.1871483 15.2063 11
15.965919 3.3275731 14.950616 22
12.190132 3.1633394 15.255168 10
13.47381 3.3249531 15.21169 11
14.798907 3.5275722 15.228612 11
15.957854 3.7189691 15.02742 23
12.132671 3.4158492 15.265624 11
13.369649 3.6083217 15.182446 8
14.777434 3.8781476 15.300022 7
15.806453 4.0789723 14.982921 10
12.03109 3.6572759 15.226973 11
13.279527 3.895365 15.172239 13
14.574423 4.1782928 15.18994 9
15.788404 4.4723654 15.070749 6
11.956552 3.9041102 15.223383 9
13.192366 4.1813083 15.173035 13
14.441559 4.4960375 15.158054 11
15.740245 4.8603067 15.140554 6
11.852859 4.1395965 15.186696 11
13.128317 4.472764 15.203814 13
14.344042 4.821043 15.168916 13
15.444704 5.1659713 14.978951 14
11.791015 4.3901634 15.208473 14
13.01771 4.752831 15.189672 15
14.259788 5.1550856 15.203218 13
14.761105 5.3302674 14.448897 11
11.704213 4.6352077 15.205485 12
12.902198 5.0306444 15.177189 11
14.03328 5.4372358 15.098003 12
15.401675 5.9716001 15.215034 8
11.638787 4.889575 15.235928 13
12.803049 5.31352 15.189906 14
13.489638 5.5798841 14.655384 9
15.219161 6.3196297 15.19438 9
11.531171 5.1258125 15.219198 15
12.70495 5.6012888 15.212672 8
13.043257 5.7465401 14.319997 7
14.968267 6.6309438 15.110376 11
11.442635 5.3695912 15.230542 13
12.42695 5.8028512 15.025616 10
13.679962 6.4000983 15.170264 13
14.816642 6.9881511 15.137089 13
11.324726 5.5999413 15.207979 12
12.047121 5.9485288 14.721264 9
13.514675 6.6978912 15.157396 14
14.633912 7.3241096 15.135348 10
11.214012 5.8352265 15.198262 13
11.596909 6.0408773 14.326177 9
13.370687 7.0072532 15.176397 13
14.40096 7.6379147 15.095396 10
11.062667 6.0537882 15.133126 10
11.358013 6.2401972 14.183621 4
13.173535 7.2953854 15.135791 13
14.198963 7.9714651 15.086614 12
10.753528 6.176609 14.865932 10
12.001896 6.9354186 15.155458 16
13.035366 7.6137557 15.179274 9
14.013952 8.3094778 15.111242 16
10.525884 6.3383017 14.709133 9
11.842299 7.1928573 15.14557 11
12.77363 7.8555989 15.086379 7
13.779784 8.6193466 15.094681 13
10.101029 6.3740687 14.27888 8
11.67791 7.4470811 15.13049 12
12.650014 8.1846275 15.162777 12
13.547109 8.9268742 15.086123 15
9.9049025 6.541554 14.17283 4
11.552704 7.7259789 15.174942 11
12.436657 8.4519672 15.141144 14
13.391665 9.2856798 15.17529 11
10.481082 7.2312055 15.16777 13
11.374195 7.9678421 15.157035 8
12.238529 8.7277946 15.141515 12
13.071193 9.5244579 15.080329 12
10.343533 7.4564376 15.162657 15
11.173654 8.1938696 15.115984 11
12.007319 8.9805574 15.112888 9
12.851664 9.8350868 15.113434 12
10.19402 7.6715326 15.147933 15
11.012586 8.4486637 15.134713 14
11.85072 9.2873955 15.183924 7
12.586608 10.109144 15.100111 15
10.064427 7.9034157 15.167076 11
10.825124 8.684495 15.126389 13
11.564161 9.4926052 15.098036 9
12.334183 10.39609 15.117542 12
9.934165 8.137517 15.193603 6
10.644829 8.9252186 15.135598 13
11.367145 9.7712889 15.138056 14
12.174947 10.760578 15.251726 5
9.7321844 8.3146162 15.116866 10
10.452638 9.1608019 15.133092 13
11.114728 10.0027 15.109547 10
11.787603 10.924276 15.110734 11
9.5922432 8.5452013 15.141752 14
10.28466 9.4182854 15.175489 7
10.895782 10.264848 15.134018 11
11.523758 11.197874 15.134336 15
9.4331923 8.7608662 15.143641 15
10.036724 9.5993538 15.103954 11
10.653864 10.501093 15.13284 14
11.214898 11.424952 15.107059 13
9.261898 8.9665508 15.130303 16
9.8352995 9.8252344 15.109925 12
10.380939 10.708115 15.097776 5
10.933399 11.674607 15.121397 16
9.0930033 9.1772013 15.132273 13
9.6274986 10.048232 15.114045 10
10.146336 10.953153 15.125136 12
10.61641 11.884932 15.094489 11
8.9230146 9.387248 15.137044 13
9.4155483 10.267168 15.120589 13
9.8782921 11.167233 15.112318 14
10.318733 12.120044 15.104715 15
8.7756834 9.6269684 15.189626 9
9.1946487 10.476298 15.118012 11
9.615448 11.378304 15.110082 15
10.006733 12.330608 15.101629 18
8.5580578 9.7901545 15.127194 12
9.0112448 10.729268 15.185581 6
9.3566504 11.596555 15.124322 13
9.7008734 12.546411 15.11282 15
8.3689966 9.9880066 15.125108 15
8.7469311 10.889067 15.123369 12
9.0756865 11.785618 15.106758 8
9.3288851 12.671083 15.023823 5
8.1928034 10.202821 15.148107 12
8.5024977 11.074159 15.10778 13
8.8137732 12.000914 15.130951 13
9.0113535 12.861906 15.027569 18
7.9944139 10.392531 15.14173 15
8.2712269 11.273043 15.117498 14
8.5282717 12.183571 15.124505 14
8.6227589 12.947622 14.917235 14
7.7786345 10.563089 15.113001 15
8.0256472 11.453207 15.107542 14
8.2498531 12.37249 15.13485 14
8.2630329 13.066271 14.860255 19
7.5814571 10.761393 15.126885 13
7.7771363 11.63268 15.106615 15
7.9419465 12.514642 15.098511 14
7.8785577 13.129567 14.751513 15
7.3637996 10.930523 15.104445 4
7.5374565 11.820288 15.114325 10
7.6581235 12.694226 15.107036 14
7.5219836 13.22436 14.686881 14
7.1423731 11.108916 15.109556 14
7.2768159 12.000772 15.135561 15
7.35606 12.863217 15.127455 14
7.1338596 13.283238 14.605338 13
6.9321618 11.29821 15.123112 15
7.0123034 12.157231 15.119349 16
7.0524201 13.008219 15.111159 14
6.7818389 13.376348 14.556592 17
6.7059741 11.470907 15.112452 16
6.7500892 12.321492 15.121092 13
6.7419353 13.145844 15.099514 17
6.4286108 13.454178 14.50937 14
6.4867926 11.652903 15.128123 16
6.4826288 12.476116 15.117535 15
6.429224 13.269979 15.083688 6
6.0816083 13.54171 14.481214 18
6.2403526 11.791533 15.090371 16
6.2287359 12.661071 15.159193 4
6.096323 13.351542 15.02844 5
5.7316418 13.611153 14.444955 18
5.951334 11.849901 14.96016 7
5.9251747 12.748669 15.092491 5
5.8046842 13.512699 15.073661 16
5.3901858 13.68842 14.42844 17
5.7868814 12.154096 15.145277 6
5.6457653 12.874077 15.079882 13
5.4767137 13.594025 15.035583 14
5.0514951 13.765941 14.419882 17
5.5155287 12.245574 15.071417 15
5.3518023 12.967919 15.036536 12
5.1547031 13.680126 15.012147 14
4.6912389 13.766794 14.342071 16
5.2662439 12.38751 15.062168 15
5.055872 13.061323 14.999278 12
4.8256755 13.741216 14.968259 13
4.3741298 13.899064 14.404527 17
5.005765 12.507127 15.029551 16
4.7701368 13.177851 14.993694 16
4.4970841 13.806121 14.937455 20
4.0455079 13.989163 14.434183 16
4.7383394 12.621215 14.996437 18
4.4528456 13.206004 14.895792 8
4.1736827 13.880509 14.922991 13
3.7105372 14.054331 14.44768 16
4.4702053 12.730053 14.966334 12
4.1742086 13.347288 14.934063 16
3.8396866 13.912135 14.875325 13
3.3787241 14.139166 14.489538 14
4.2013321 12.839927 14.940405 13
3.8760548 13.429395 14.9129 13
3.5120757 13.950632 14.8408 16
3.0433254 14.199168 14.516239 16
3.929271 12.938821 14.910456 19
3.568475 13.477816 14.861518 17
3.1833289 13.988455 14.813959 11
2.7097361 14.25892 14.54622 11
3.6540408 13.035907 14.881524 16
3.2691169 13.545046 14.835287 12
2.862015 14.035275 14.802902 16
2.384851 14.368113 14.639365 14
3.3769951 13.127348 14.854737 16
2.963439 13.587888 14.79419 11
2.5327549 14.034414 14.753531 12
2.0504901 14.423703 14.686343 18
3.0979409 13.21906 14.836903 14
2.656841 13.628129 14.754822 16
2.2058089 14.041864 14.71979 12
1.680427 14.194283 14.451198 17
2.8149307 13.295566 14.802882 15
2.3552742 13.684768 14.738557 16
1.8766838 14.035044 14.674882 14
1.3631389 14.371405 14.636108 20
2.5275788 13.358744 14.765572 15
2.0492706 13.719907 14.711009 12
1.5369031 13.878917 14.486643 17
1.0203408 14.308075 14.587729 12
2.2399113 13.421824 14.733183 15
1.7420139 13.733419 14.667089 16
1.2329961 14.019121 14.613706 13
0.68672967 14.284099 14.58511 16
1.9492055 13.477354 14.698539 13
1.4386281 13.78032 14.664745 11
0.91493833 14.020037 14.605131 15
0.35280475 14.198187 14.530081 16
1.6636894 13.55125 14.693191 14
1.1326014 13.779383 14.620227 12
0.59676331 14.003355 14.585109 12
0.029776547 14.162127 14.532124 7
1.3733937 13.599579 14.663058 8
0.82910281 13.783674 14.585144 15
0.28085616 13.969395 14.553252 12
-0.29714158 14.081622 14.496724 13
1.077583 13.634772 14.627685 15
0.52101874 13.78889 14.560509 12
-0.033507101 13.938625 14.534286 8
-0.62260205 14.004576 14.47367 14
0.76502651 13.649924 14.588005 11
0.20113732 13.772941 14.532219 12
-0.36290616 13.874701 14.496311 12
-0.95365393 13.904828 14.444771 11
0.46858606 13.706409 14.586151 16
-0.10278471 13.784328 14.524344 10
-0.67532438 13.820202 14.461143 11
-1.2694905 13.806323 14.40823 10
0.16678444 13.715441 14.541927 14
-0.40891984 13.750475 14.479449 12
-0.98397356 13.748455 14.421639 10
-1.5832026 13.726295 14.404663 5
-0.13396338 13.737473 14.520259 11
-0.71517986 13.716688 14.442285 11
-1.2913046 13.69842 14.412334 12
-1.8862456 13.595574 14.354631 15
-0.43579099 13.726727 14.472286 14
-1.0200341 13.696664 14.428237 12
-1.5977273 13.619586 14.378767 6
-2.188781 13.490364 14.339007 13
-0.73718822 13.726377 14.443785 13
-1.3227152 13.652164 14.397527 11
-1.8966919 13.532928 14.345833 14
-2.4882269 13.372958 14.318503 15
-1.0396999 13.726204 14.421144 15
-1.6257544 13.618132 14.383404 6
-2.1980217 13.45774 14.332521 10
-2.7797246 13.242297 14.290234 15
-1.343678 13.708079 14.389488 11
-1.9250311 13.564927 14.357455 10
-2.4939601 13.370839 14.313863 12
-3.0655651 13.103885 14.260581 16
-1.6513853 13.720018 14.393723 10
-2.2244821 13.489635 14.313537 11
-2.7825785 13.256805 14.269321 15
-3.3504179 12.970704 14.240728 9
-1.9516819 13.664332 14.333447 11
-2.5240464 13.438223 14.299448 12
-3.0816579 13.18584 14.279194 13
-3.638021 12.856543 14.24723 15
-2.260354 13.647551 14.322885 15
-2.8229725 13.375379 14.28353 11
-3.3646953 13.062037 14.238946 9
-3.9098527 12.703507 14.218971 14
-2.5639141 13.602829 14.289731 11
-3.1217258 13.315339 14.278303 8
-3.6482961 12.951962 14.22017 15
-4.1792226 12.55031 14.196693 19
-2.8711586 13.571911 14.278557 15
-3.4126449 13.2185 14.238539 14
-3.9304335 12.833822 14.202228 12
-4.4447227 12.396974 14.180437 4
-3.1747723 13.513083 14.247195 4
-3.7045851 13.129671 14.216704 13
-4.2077899 12.708195 14.178744 15
-4.7044845 12.234471 14.159333 22
-3.4794679 13.451162 14.218932 18
-3.995342 13.038276 14.19747 15
-4.4801311 12.576028 14.157013 11
-4.9668455 12.089569 14.164904 17
-3.7831073 13.39177 14.203333 14
-4.2728519 12.905959 14.143228 4
-4.7493787 12.439535 14.136293 15
-5.2125497 11.907989 14.135661 21
-4.0887141 13.325746 14.186074 14
-4.5753961 12.846527 14.174922 14
-5.018527 12.307813 14.126524 17
-5.4607406 11.747176 14.129361 22
-4.389483 13.241714 14.156166 16
-4.856699 12.72939 14.145614 13
-5.2898712 12.181745 14.127908 15
-4.6899261 13.155947 14.133546 15
-5.1360841 12.610346 14.125872 15
-4.9911141 13.071246 14.119908 14
-5.6264873 12.218331 13.934899 3
-5.1264911 9.8894978 11.894691 5
-5.7562237 9.907527 12.662864 35
-5.5170856 12.703202 13.9054 3
-5.8691239 12.028362 13.855514 5
-5.6362801 10.321437 12.572248 9
-5.9284034 9.7009649 12.60695 34
-5.8026814 12.587609 13.880665 5
-5.1165218 9.8846216 11.516914 55
-5.7253199 9.9438324 12.280954 37
-6.2804346 9.7795229 12.92895 49
-6.0333552 12.344184 13.724688 26
-5.6228948 10.303104 12.135101 11
-5.8798122 9.7014036 12.155952 50
-6.4443312 9.5575647 12.860112 20
-5.9890528 11.543232 12.958613 26
-5.7121353 9.9010839 11.810297 51
-6.2321768 9.7643661 12.42723 45
-6.5245018 9.1982555 12.626117 41
-5.628046 10.25474 11.626506 27
-5.8765111 9.6789665 11.688091 44
-6.5281301 9.7463551 12.59436 85
-6.6892076 9.0008364 12.590717 80
-5.6967425 9.8393421 11.270902 40
-6.2262278 9.7583456 11.937406 42
-6.6636486 9.4797945 12.455093 56
-6.8234234 8.7627563 12.507712 49
-5.9071183 9.6906815 11.22372 45
-6.551836 9.7796288 12.131816 54
-6.7180562 9.115675 12.184918 36
-6.8793879 8.4371243 12.29889 36
-6.2669473 9.7770205 11.455735 40
-6.6369014 9.439641 11.884875 42
-6.7859745 8.7872944 11.960108 37
-6.9380331 8.130229 12.113324 39
-6.553844 9.732748 11.547765 51
-6.699873 9.0833912 11.617039 48
-6.8496108 8.4696016 11.748539 41
-6.9935732 7.8352785 11.939797 40
-6.6182523 9.3600054 11.256492 39
-6.7610254 8.7452536 11.370028 48
-6.9014292 8.1519604 11.531908 44
-7.0469394 7.5499372 11.778667 43
-6.6829596 9.0086899 10.990052 47
-6.8136816 8.4136152 11.130634 50
-6.9570098 7.8560014 11.343567 43
-7.104434 7.2797503 11.634335 37
-6.7452283 8.6677694 10.736862 45
-6.8695011 8.1026258 10.91359 48
-7.0114655 7.569931 11.165647 50
-7.1508617 7.0103164 11.487439 45
-6.8083444 8.3470812 10.505328 45
-6.9315805 7.8082852 10.720301 60
-7.0655537 7.2940106 10.999503 54
-7.2057171 6.7570033 11.365502 40
-6.8647966 8.0336885 10.282842 48
-6.9894242 7.5255675 10.537379 59
-7.1218476 7.0309882 10.851094 53
-7.2476444 6.5016866 11.235449 39
-6.8628078 7.6663766 9.9918928 50
-7.0456791 7.2506924 10.367183 60
-7.1761484 6.7747622 10.712905 59
-7.294971 6.2591248 11.123262 43
-6.7969594 7.2489724 9.6300631 48
-7.09832 6.9816256 10.204764 59
-7.2275982 6.5253901 10.581673 57
-7.34724 6.0283928 11.031207 49
-6.8556395 6.9810023 9.4626627 51
-7.0113044 6.5890918 9.8550205 61
-7.2750525 6.2813768 10.45421 56
-7.4014177 5.8062224 10.947906 50
-6.8962998 6.7074356 9.2849131 44
-7.0268607 6.3111606 9.668479 56
-7.3325887 6.0506902 10.352816 54
-7.4398837 5.5790706 10.854671 44
-6.9472742 6.45296 9.1344099 52
-7.0628724 6.0594611 9.5229721 56
-7.4016304 5.836843 10.276169 50
-7.4859815 5.3600564 10.776887 52
-7.0858798 6.2854567 9.1070652 63
-7.1190853 5.8349319 9.4149857 58
-7.3554807 5.5403543 10.047569 59
-7.534009 5.1516194 10.709611 49
-7.2354922 6.1283402 9.0979891 68
-7.1664052 5.6098328 9.3013153 58
-7.302557 5.2504945 9.8212194 60
-6.8740582 4.4768381 9.6471529 4
-7.3786907 5.9649553 9.088768 54
-7.2012548 5.3783607 9.1824884 60
-7.3124499 5.0148697 9.6923456 58
-6.8598785 4.2580242 9.5213156 49
-7.4882259 5.775733 9.0431519 8
-7.2827849 5.1890249 9.1319532 64
-7.3472462 4.8045235 9.6067429 74
-6.8963227 4.0762014 9.4721003 50
-7.3989902 5.0262332 9.1319647 73
-6.8326383 4.2493968 8.8119097 56
-6.9301047 3.8975279 9.4276295 48
-6.7849264 4.3823905 8.2444735 28
-6.87361 4.0711188 8.7613087 56
-6.982379 3.7333319 9.4154091 16
-7.5045691 5.0019937 8.5871048 55
-6.811017 4.1848626 8.1572418 62
-6.9025335 3.8849368 8.6946526 59
-7.7734461 3.9513502 10.399986 32
-6.7675676 4.2792907 7.6090217 56
-6.8379741 3.9927859 8.0765591 61
-7.0326209 3.7573702 8.7593269 17
-7.8035831 3.7595472 10.353293 49
-6.8105779 4.0926442 7.5416842 62
-6.8778567 3.813086 8.021265 58
-7.5562639 3.8343956 9.3251486 60
-7.8416171 3.5735528 10.3312 51
-6.8424277 3.8999076 7.4649181 59
-7.3079286 3.8441789 8.4219437 10
-7.6058836 3.652493 9.2946033 63
-7.8743229 3.3873789 10.300632 50
-6.8891749 3.7179298 7.4104242 26
-7.7766681 3.8718143 8.8601704 59
-7.6541629 3.4689775 9.2675085 60
-7.9106393 3.2035551 10.280477 42
-7.7395182 3.9560831 8.2208672 54
-7.8186116 3.6746371 8.8105049 56
-7.7014546 3.289083 9.2441778 61
-7.9276633 3.0158226 10.241215 54
-7.7827377 3.7556341 8.165554 58
-7.8557439 3.4800737 8.7622395 60
-7.7557778 3.1148734 9.2349348 69
-7.9782605 2.8421257 10.248827 52
-7.8217707 3.5534282 8.1078281 59
-7.9364362 3.3047299 8.7667952 2
-7.7985482 2.9343514 9.2163992 63
-8.0040302 2.6614325 10.229264 47
-7.8727031 3.3591661 8.0701818 36
-7.8502641 2.7598169 9.2128897 62
-8.0567408 2.4897637 10.24872 58
-7.8956032 2.5836914 9.2026892 61
-8.0991344 2.3175237 10.255595 55
-7.9433265 2.4082537 9.2021646 60
-8.1388874 2.142895 10.266032 46
-7.9870539 2.2321186 9.2031002 68
-8.200367 1.9755825 10.311162 48
-8.0320358 2.0583165 9.2109795 65
-8.2380648 1.8025202 10.328694 50
-8.0634556 1.8785481 9.2072067 61
-8.2874575 1.6316934 10.365449 51
-8.2247248 1.9871811 8.6276159 2
-8.0977631 1.7028708 9.2100925 61
-8.3118172 1.4558395 10.374226 50
-8.2110796 2.0210712 7.9299226 6
-8.1313486 1.5260785 9.2175827 61
-8.3782129 1.2878259 10.439821 46
-8.1709814 1.3502753 9.2347279 59
-8.4188204 1.1148862 10.477036 53
-8.1966467 1.1734016 9.2402449 60
-8.4664326 0.94190669 10.52755 47
-8.2273674 0.99565881 9.2566795 60
-8.5011549 0.76603323 10.564008 49
-8.2631235 0.81890661 9.282115 59
-8.5448694 0.59214467 10.616479 52
-8.2998762 0.64211392 9.3135548 60
-8.5856047 0.41622025 10.669931 54
-8.5570107 0.68648368 8.7683392 13
-8.3464565 0.4643946 9.360342 55
-8.6241217 0.23936893 10.723753 50
-8.540864 0.67882216 8.0213451 5
-8.3778 0.28458005 9.3960924 58
-8.6831808 0.061218638 10.807727 45
-8.4272203 0.10425852 9.4548912 60
-8.7057238 -0.11800174 10.851351 43
-8.8865385 0.11482603 9.0934896 2
-8.4758635 -0.076783814 9.5164165 56
-8.7653141 -0.29924294 10.943892 41
-8.867384 -0.083378203 9.0778027 5
-8.5304585 -0.26208571 9.5899267 57
-8.8158598 -0.48270601 11.029417 41
-8.8544378 -0.28276059 9.0696363 24
-8.536417 -0.44666904 9.6088867 52
-8.8479309 -0.66870153 11.093319 48
-8.8660631 -0.48149431 9.0961876 41
-8.5995893 -0.63508177 9.7018356 57
-8.9058952 -0.85724086 11.198379 43
-8.8286428 -0.67741263 9.0767736 68
-8.6612415 -0.82744294 9.7972851 62
-8.9516144 -1.0467318 11.29073 44
-8.8170834 -0.73177475 8.3002262 49
-8.8545408 -0.87970895 9.1269894 77
-8.7250166 -1.0238373 9.9005947 54
-8.9153805 -1.2291484 11.282044 31
-8.8760462 -0.94399089 8.3793898 57
-8.8634596 -1.0810398 9.1641741 84
-8.7478905 -1.2181736 9.9608154 47
-8.4782209 -1.34591 10.76637 16
-8.9301977 -1.1600745 8.4593658 65
-8.8307705 -1.2780921 9.1618814 59
-8.447134 -1.3620834 9.6507568 22
-8.1903687 -1.4734426 10.435596 46
-8.6432362 -1.3275747 8.2152433 25
-8.3374205 -1.3976587 8.6823521 27
-8.20574 -1.5043355 9.4132795 60
-8.2441025 -1.6568961 10.552985 43
-8.1739311 -1.4496285 7.8025756 31
-8.1698074 -1.5597389 8.5483093 59
-8.2441006 -1.6953154 9.5052872 59
-8.2953043 -1.8449247 10.671128 41
-8.1585884 -1.6426635 7.829411 63
-8.2208643 -1.7602609 8.6478472 64
-8.2887697 -1.8910714 9.6087275 57
-8.2968435 -2.0246968 10.729607 13
-8.2162552 -1.8532773 7.9338889 66
-8.2683697 -1.964838 8.7510834 63
-9.254509 -2.3219798 10.799184 55
-9.3434315 -2.4829073 12.16104 29
-8.2649212 -2.0686367 8.0344448 58
-9.0098772 -2.353981 9.6028852 60
-9.3082333 -2.5486135 10.931572 57
-9.4211578 -2.7107162 12.337336 35
-9.3073292 -2.5589466 9.1194048 45
-9.0698662 -2.5896149 9.7359066 60
-9.3541489 -2.7803712 11.060599 52
-9.4628649 -2.9336848 12.471425 49
-9.3071547 -2.79389 9.1923304 63
-9.1535969 -2.8366621 9.9018059 66
-9.4232559 -3.0211482 11.223236 51
-9.5070314 -3.1624293 12.614158 52
-9.2454062 -3.0104845 9.2080679 70
-9.3444033 -3.1260533 10.192204 64
-9.5024509 -3.2729828 11.406138 61
-9.5069847 -3.378165 12.702286 69
-9.2305841 -3.2441642 9.278019 51
-9.4909258 -3.4116876 10.442879 63
-9.5617685 -3.5237238 11.571018 49
-9.4890919 -3.5907867 12.773401 61
-9.2359247 -3.4878395 9.3758926 57
-9.548419 -3.6763909 10.604626 65
-9.6432543 -3.7905142 11.771775 49
-9.477231 -3.8074498 12.856493 45
-9.3135147 -3.7655079 9.5545559 54
-9.6240215 -3.9551723 10.796279 66
-9.7057705 -4.0583715 11.95951 48
-9.5094891 -4.0482392 13.007509 32
-9.3890953 -4.0522046 9.742383 55
-9.6874762 -4.2369022 10.983302 58
-9.7961636 -4.3451967 12.18957 44
-9.5636015 -4.3031249 13.197729 24
-9.6302471 -4.4259963 10.115631 53
-9.7816849 -4.5407205 11.216295 48
-9.8638897 -4.6313314 12.403842 44
-9.5897923 -4.5512757 13.356389 7
-9.8255882 -4.7951608 10.455469 55
-9.8609324 -4.849268 11.443092 56
-9.9292469 -4.9236875 12.621586 79
-9.656148 -4.8265023 13.578166 2
-9.9124622 -5.125329 10.690792 49
-9.9437037 -5.1695209 11.684498 59
-9.9055147 -5.1799121 12.735416 82
-9.9442472 -5.2254839 14.125132 16
-9.9912796 -5.4627776 10.930042 40
-10.043458 -5.5101323 11.958742 57
-9.866581 -5.4314094 12.837264 57
-9.7898026 -5.4035745 14.050479 11
-10.094241 -5.8274088 11.210105 50
-10.149321 -5.8668451 12.253892 40
-9.9321184 -5.7490935 13.086713 44
-9.7236538 -5.6278658 14.10758 7
-10.202372 -6.2121277 11.512038 44
-10.250293 -6.2366424 12.556945 57
-10.026856 -6.0949235 13.386964 23
-9.6715937 -5.8632531 14.194596 2
-10.305751 -6.6101952 11.828316 35
-10.234982 -6.5465107 12.735823 88
-10.345862 -6.6002197 14.011567 29
-9.6117315 -6.0983639 14.277965 6
-10.424349 -7.0319881 12.172905 65
-10.191615 -6.8430786 12.883324 50
-10.261186 -6.8595614 14.096386 15
-9.5367479 -6.3283949 14.344083 13
-10.056456 -7.127213 11.956936 44
-10.110036 -7.1223803 12.997152 64
-10.061884 -7.0414433 14.029888 13
-9.4164963 -6.5271311 14.346521 27
-9.7075348 -7.2204652 11.761992 45
-9.7499847 -7.1973143 12.751342 48
-9.9942598 -7.3178539 14.154693 11
-9.3113642 -6.7372222 14.374765 16
-9.7055359 -7.5734577 11.996117 39
-9.7488651 -7.5384049 12.984516 42
-9.806757 -7.5058722 14.114844 13
-9.1910315 -6.9387498 14.385264 24
-9.2463923 -7.561142 11.661903 9
-10.319247 -8.3547668 14.00743 7
-9.4900331 -7.588645 13.886953 15
-9.0832243 -7.1540761 14.425167 16
-10.942253 -9.3917675 14.122207 22
-10.273526 -8.7037945 14.225358 3
-9.1812143 -7.6682081 13.673 9
-8.9260349 -7.3277249 14.39061 10
-10.630068 -9.5574741 14.033536 11
-10.154276 -8.997776 14.354663 27
-8.9688063 -7.8217969 13.604189 5
-8.8040543 -7.5333138 14.420397 26
-9.9575167 -9.2270641 14.381133 17
-9.3535938 -8.5206165 14.469375 9
-8.6243095 -7.6884933 14.358017 15
-9.748313 -9.4440365 14.400447 18
-9.1308565 -8.6779871 14.407237 14
-8.413641 -7.8145075 14.248729 14
-10.12312 -10.454361 14.396361 18
-9.5635576 -9.6842308 14.460248 8
-8.9699087 -8.8968115 14.450237 16
-8.1031389 -7.8360462 13.965217 11
-9.8903399 -10.692055 14.447042 15
-9.3284035 -9.8755569 14.453206 25
-8.7928696 -9.1019449 14.476047 15
-7.8651748 -7.9221773 13.806991 11
-9.610199 -10.881768 14.438994 18
-9.0972452 -10.067801 14.457348 26
-8.5996237 -9.2887278 14.48042 24
-7.6552882 -8.0322065 13.701995 8
-9.3531504 -11.097479 14.477095 25
-8.8821878 -10.283139 14.499489 21
-8.382164 -9.4545183 14.454964 4
-7.4907265 -8.1875267 13.68067 3
-9.0748272 -11.281126 14.483441 17
-8.6184845 -10.436293 14.465168 3
-8.2123337 -9.6697426 14.515421 17
-7.7967458 -8.8867397 14.553631 14
-8.8029976 -11.469725 14.507168 18
-8.4140091 -10.658678 14.536571 16
-8.017395 -9.8581276 14.539094 21
-7.6455779 -9.0811234 14.589527 21
-8.5478601 -11.686494 14.572045 14
-8.1927814 -10.864022 14.588518 16
-7.8288789 -10.057469 14.584846 15
-7.4760332 -9.2589521 14.598122 17
-8.2674465 -11.860387 14.593337 17
-7.9443526 -11.036514 14.601895 19
-7.6214471 -10.235435 14.602475 17
-7.3136449 -9.4484262 14.628931 19
-7.9899216 -12.039021 14.629215 19
-7.7008266 -11.210697 14.627845 15
-7.4150844 -10.415306 14.629251 14
-7.143414 -9.6309643 14.65257 18
-7.70716 -12.214331 14.669683 17
-7.4497356 -11.377054 14.649205 15
-7.1978655 -10.582383 14.642274 12
-7.4122825 -12.36376 14.686656 16
-7.1992621 -11.547707 14.681252 16
-6.9946117 -10.772722 14.692513 14
-7.1237035 -12.52185 14.725964 17
-6.9447165 -11.70632 14.708491 15
-6.7620006 -10.918848 14.690803 14
-6.5943861 -10.145444 14.693076 16
-6.8290377 -12.666885 14.75728 17
-6.6930513 -11.871184 14.749684 12
-6.5471478 -11.093329 14.732145 12
-6.4085474 -10.320477 14.720266 15
-6.5390463 -12.818107 14.804093 12
-6.4271722 -12.00958 14.76598 13
-6.3197179 -11.247426 14.751239 10
-6.2385569 -10.523482 14.790195 12
-6.2295027 -12.936481 14.821407 9
-6.1619043 -12.155875 14.797853 12
-6.1017795 -11.428514 14.811865 10
-6.0223217 -10.655823 14.765226 12
-5.9398532 -13.085802 14.883854 9
-5.8182077 -12.134051 14.635342 9
-5.8603144 -11.571244 14.825211 4
-5.8322768 -10.84638 14.820344 12
-5.6196032 -13.171077 14.882674 8
-5.6285853 -12.440814 14.876892 10
-5.6165586 -11.705472 14.837119 7
-5.6085339 -10.970057 14.793344 5
-5.3301702 -13.327342 14.969254 9
-5.3601036 -12.573465 14.916597 8
-5.3751035 -11.842646 14.8589 7
-5.4154558 -11.156041 14.855855 11
-5.0211372 -13.427233 15.004476 9
-5.0739193 -12.673964 14.923854 9
-5.1424031 -12.004144 14.917573 6
-5.1863923 -11.274785 14.830807 7
-4.6962905 -13.47688 14.990999 5
-4.7973924 -12.790454 14.960008 7
-4.8931117 -12.139368 14.947548 8
-4.9957981 -11.484172 14.930131 9
-4.3856702 -13.562016 15.025112 8
-4.5387645 -12.954741 15.056363 6
-4.6421885 -12.260938 14.967264 7
-4.7690425 -11.620399 14.936755 8
-4.0815687 -13.667477 15.089881 8
-4.2362003 -12.998356 15.021645 8
-4.3913698 -12.392658 15.004885 5
-4.5423379 -11.761719 14.954329 6
-3.7579148 -13.705579 15.088173 7
-3.9449043 -13.076236 15.032677 7
-4.1251984 -12.485995 15.003138 10
-4.3094792 -11.89366 14.966608 5
-3.4423392 -13.767525 15.124963 6
-3.6627126 -13.182008 15.085107 6
-3.8733673 -12.628767 15.066971 7
-4.0828261 -12.050258 15.015041 7
-3.1391106 -13.871192 15.213733 5
-3.3753812 -13.267075 15.120049 6
-3.603092 -12.714389 15.06793 6
-3.8419271 -12.176698 15.027696 7
-2.8161488 -13.885307 15.213199 5
-3.096405 -13.393503 15.208646 4
-3.3421166 -12.832283 15.113616 6
-3.6062419 -12.3213 15.069201 5
-2.4921138 -13.885261 15.203838 6
-2.7977209 -13.433212 15.207036 5
-3.0593863 -12.862369 15.06214 5
-3.3685427 -12.47588 15.127749 5
-2.1834505 -13.940613 15.265081 4
-2.496861 -13.456943 15.193499 7
-2.803776 -13.034847 15.183401 7
-3.1092827 -12.561222 15.107722 5
-1.8653595 -13.946804 15.279629 5
-2.2032161 -13.512031 15.223674 4
-2.5273128 -13.105589 15.191469 5
-2.8573742 -12.689203 15.142017 4
-1.5480233 -13.931188 15.278893 5
-1.91076 -13.58765 15.283254 6
-2.2585626 -13.234116 15.273726 6
-2.599571 -12.804893 15.169755 6
-1.2355031 -13.968593 15.344393 4
-1.6121529 -13.613487 15.295857 3
-1.9718888 -13.268612 15.255216 4
-2.3479836 -12.966934 15.257239 4
-0.92238402 -13.963735 15.373178 7
-1.3143176 -13.641481 15.317351 6
-1.6880655 -13.308437 15.248493 4
-2.075304 -13.023498 15.225352 8
-0.61088753 -13.956168 15.40576 5
-1.0173261 -13.689929 15.368488 5
-1.4076663 -13.412722 15.320342 4
-1.8017433 -13.103046 15.226568 5
-0.30108646 -13.907912 15.400101 4
-0.71911097 -13.694691 15.37948 7
-1.1231664 -13.474527 15.353024 4
-0.42131376 -13.706857 15.405108 4
-0.83337307 -13.496437 15.346318 5
-1.2532438 -13.260613 15.247748 6
-0.12304673 -13.686908 15.400604 4
-0.54581356 -13.556782 15.389169 4
-0.97860253 -13.427477 15.367742 5
0.61679751 -13.763423 15.432863 5
0.1723156 -13.465042 15.177907 3
-0.25243518 -13.576767 15.393553 4
-0.69345754 -13.470187 15.351018 4
0.91568458 -13.686283 15.424072 6
0.47284755 -13.674232 15.44676 4
0.038603164 -13.464478 15.255064 4
-0.40749544 -13.609853 15.452462 3
1.211772 -13.600165 15.415332 6
0.76661211 -13.619996 15.425762 5
0.33415538 -13.679429 15.493852 4
1.5056945 -13.52108 15.419557 5
1.0620602 -13.57924 15.425826 7
0.62739486 -13.650368 15.459842 4
1.7973136 -13.4473 15.434938 4
1.3563567 -13.544147 15.440791 6
0.92153555 -13.626011 15.44176 5
0.47233102 -13.7247 15.447517 4
2.0808935 -13.342837 15.424432 8
1.6426805 -13.469584 15.416978 5
1.2143683 -13.611692 15.441384 6
0.77011454 -13.743423 15.438899 5
2.366852 -13.260751 15.447712 5
1.9380552 -13.452822 15.4677 4
1.5078397 -13.574345 15.424281 5
1.066328 -13.729935 15.401593 5
2.6392841 -13.118982 15.405506 4
2.2220206 -13.362299 15.441051 5
1.8040794 -13.567357 15.446918 3
1.3710318 -13.782205 15.444725 5
2.919317 -13.02988 15.433848 6
2.5029683 -13.274814 15.422379 5
2.0976081 -13.525068 15.436852 6
1.6693774 -13.754728 15.406528 5
3.1886091 -12.908391 15.428473 7
2.785866 -13.195504 15.422633 4
2.3901143 -13.48686 15.43775 4
1.9820712 -13.81124 15.469609 5
3.4617646 -12.814239 15.462939 3
3.0602064 -13.09079 15.398387 5
2.6772869 -13.418187 15.412393 4
2.2781949 -13.751422 15.409138 6
3.7197101 -12.664421 15.435011 6
3.3372681 -12.998308 15.394806 6
2.9726872 -13.379122 15.427143 5
2.5851908 -13.744357 15.416641 4
3.9720228 -12.513494 15.414961 6
3.620029 -12.935302 15.431937 4
3.2643399 -13.3219 15.428213 4
2.8905447 -13.7172 15.409443 5
4.2215152 -12.365743 15.401841 7
3.8874118 -12.818599 15.413584 8
3.5523889 -13.245043 15.416772 5
3.1973119 -13.678149 15.397964 5
4.473279 -12.226076 15.404171 6
4.1519613 -12.689949 15.388775 6
3.8405602 -13.169231 15.411238 7
3.5100868 -13.650086 15.40473 8
4.7168884 -12.076272 15.400062 7
4.4220266 -12.590526 15.402239 9
4.1234417 -13.079651 15.396642 5
3.8214166 -13.619976 15.418632 7
4.9603968 -11.932464 15.409961 8
4.6814251 -12.459625 15.386023 6
4.410388 -13.000184 15.400968 7
4.1272354 -13.563522 15.409739 6
5.1893368 -11.765067 15.392123 5
4.942081 -12.339553 15.387828 6
4.6988516 -12.916293 15.408514 7
4.428812 -13.474668 15.375048 9
5.0710011 -10.87129 14.421556 4
4.9784408 -12.811424 15.403084 5
4.7436399 -13.428041 15.398593 7
5.3873086 -10.921729 14.695048 4
5.2665386 -12.726884 15.42612 7
5.0663028 -13.39411 15.442126 8
5.6294007 -10.824802 14.779041 5
5.7108707 -11.953039 15.407475 7
5.5348735 -12.590323 15.391582 11
5.356472 -13.27373 15.393321 9
6.0443826 -11.033216 15.291376 9
5.561749 -11.041575 14.403049 4
5.8137245 -12.485717 15.40164 9
5.651341 -13.161889 15.361415 12
6.280683 -10.907575 15.353703 9
5.8631024 -11.04035 14.581358 5
6.0860944 -12.358074 15.393394 9
5.966341 -13.086882 15.383681 10
6.4984198 -10.749478 15.376926 13
6.2156234 -11.117193 14.877187 7
6.3559194 -12.227575 15.390267 10
6.2745814 -12.990476 15.391823 11
6.6963787 -10.563961 15.370733 12
6.5772181 -11.188191 15.179095 7
6.631104 -12.104522 15.403728 7
6.4291124 -12.593796 15.048118 9
6.8914747 -10.375377 15.361151 12
6.8169699 -11.043383 15.198984 8
6.4938898 -11.272029 14.512372 4
6.8717594 -12.747754 15.369596 12
7.0594816 -10.165906 15.308186 12
7.1324058 -11.027332 15.387891 4
6.7590671 -11.170583 14.546242 7
7.1783357 -12.643059 15.381564 15
7.119597 -9.8028431 15.039412 6
7.3513789 -10.845861 15.372394 10
7.1874127 -11.305526 14.912776 8
7.4690018 -12.495993 15.36246 14
7.4720926 -9.8399734 15.387554 13
7.5632982 -10.657601 15.351639 11
7.5803914 -11.365492 15.194738 8
7.2632518 -11.567745 14.38351 4
7.6460247 -9.6393633 15.373986 15
7.7821102 -10.481488 15.3528 15
7.9409804 -11.358425 15.403299 9
7.587194 -11.502359 14.473609 9
7.8201613 -9.4427042 15.371328 16
7.9922447 -10.294957 15.34608 11
8.2020178 -11.198346 15.415367 9
7.9531999 -11.487432 14.639384 11
7.9917402 -9.2445803 15.373158 13
8.199729 -10.103889 15.342182 15
8.1392612 -10.618443 14.85498 2
8.4717903 -11.660205 15.066246 11
8.1517076 -9.0382099 15.363079 15
8.3968115 -9.9057913 15.328858 12
8.8606653 -11.636165 15.252556 13
8.3001709 -8.8233032 15.33914 14
8.6077232 -9.7272682 15.349474 13
9.2088108 -11.54454 15.363532 17
8.4532042 -8.6179724 15.331289 15
8.7898283 -9.5121326 15.320557 11
9.1511307 -10.436126 15.376616 14
9.4824953 -11.355938 15.355208 13
8.619153 -8.4285202 15.35519 14
8.9887447 -9.3198481 15.330446 5
9.0247993 -9.85285 14.793176 3
9.7455912 -11.149072 15.334604 19
8.7613173 -8.2175627 15.345786 14
9.1967278 -9.1356783 15.363875 10
9.5968437 -10.019767 15.349028 12
10.00211 -10.934157 15.314395 12
8.9005699 -8.0034122 15.338831 15
9.3570471 -8.9055614 15.32709 13
9.8275433 -9.8191414 15.359282 11
10.32965 -10.790238 15.403803 5
9.0457373 -7.7994223 15.349491 15
9.5293779 -8.6856489 15.312758 16
10.055771 -9.6160488 15.371653 9
10.558231 -10.541911 15.353185 17
9.1653795 -7.5775504 15.323413 12
9.7194977 -8.4869547 15.334865 11
10.256769 -9.3831644 15.344384 11
10.507634 -10.029153 14.916135 5
9.281971 -7.3544636 15.298693 8
9.6398077 -8.0640812 14.951462 2
10.308078 -9.0238056 15.114769 6
11.060524 -10.084696 15.335144 19
9.4358187 -7.161294 15.342026 4
10.04655 -8.0429058 15.320044 13
10.672585 -8.9367924 15.347187 9
11.280398 -9.828042 15.301049 12
9.5735435 -6.959723 15.370614 8
10.209558 -7.8218889 15.324955 14
10.848324 -8.6833868 15.310939 7
11.57102 -9.62712 15.363604 8
8.1499901 -5.6857247 12.958036 3
10.363627 -7.593811 15.319679 14
11.017757 -8.4268866 15.273004 13
11.82983 -9.3957949 15.390006 10
9.8079834 -6.5304117 15.374722 8
10.507152 -7.3607607 15.307926 14
11.205534 -8.1862946 15.267997 12
12.029881 -9.1159182 15.346221 17
9.8937321 -6.2972946 15.337853 8
10.649636 -7.1260114 15.30044 14
11.418703 -7.9634576 15.306626 14
12.239375 -8.8445005 15.325391 14
9.4212112 -5.734086 14.462429 7
10.78683 -6.8906426 15.292034 12
11.594345 -7.7107334 15.30054 13
12.442572 -8.5691729 15.30771 14
9.993 -5.7988563 15.176921 7
10.899231 -6.6382632 15.255782 11
11.742613 -7.4424858 15.267119 10
12.644619 -8.2883835 15.291033 11
10.194049 -5.6376081 15.330997 10
10.422915 -6.0500402 14.422568 5
11.926492 -7.1912599 15.284335 10
12.825904 -7.9935584 15.260719 6
10.289297 -5.4155946 15.333088 13
10.684745 -5.8987989 14.61259 4
12.102996 -6.9359188 15.299317 6
12.961886 -7.6702065 15.183259 4
10.365329 -5.1862712 15.311732 12
11.305184 -5.9245386 15.282866 7
11.595296 -6.3097386 14.476469 9
13.104495 -7.3520041 15.125177 5
10.459253 -4.9654016 15.323009 14
11.463551 -5.696939 15.334697 9
12.279319 -6.330904 15.135497 10
13.23569 -7.0323577 15.063509 9
10.532588 -4.737689 15.310649 12
11.582219 -5.4512153 15.338983 7
12.584355 -6.1385765 15.326505 9
12.989105 -6.527492 14.590234 20
10.607114 -4.5137038 15.301948 13
11.678322 -5.1949496 15.321327 8
12.740141 -5.8661184 15.344341 13
13.573391 -6.4317036 15.050554 16
10.683703 -4.2904859 15.305108 11
11.778665 -4.9418836 15.316234 9
12.846772 -5.574903 15.311549 13
13.762208 -6.1382399 15.081669 20
10.776697 -4.0744019 15.338616 12
11.871922 -4.6859684 15.311326 11
12.960342 -5.2855186 15.29715 11
13.894199 -5.8165689 15.05626 33
10.811621 -3.8357811 15.294782 11
11.9707 -4.4313831 15.317628 10
13.117167 -5.0127678 15.339429 13
14.011288 -5.492991 15.025205 30
10.867498 -3.6082938 15.285658 14
12.047367 -4.1688561 15.300397 12
13.175402 -4.7036214 15.273391 11
14.09194 -5.1530557 14.962147 43
10.944395 -3.3888288 15.307625 15
12.136508 -3.9112458 15.305619 10
13.311815 -4.4195805 15.303671 12
14.172202 -4.8183489 14.909624 30
11.007475 -3.1642568 15.31954 11
12.192883 -3.6444793 15.277906 11
13.423258 -4.1289039 15.31529 11
14.260927 -4.4844532 14.875399 33
11.030595 -2.9299395 15.279772 11
12.299295 -3.3929443 15.320057 8
13.495302 -3.8261983 15.29072 13
14.307652 -4.1381035 14.80604 42
11.076963 -2.701807 15.276175 14
12.357039 -3.1262896 15.30696 11
13.572382 -3.5217464 15.2774 9
14.380017 -3.8012986 14.772043 41
11.119352 -2.4710903 15.272255 11
12.392696 -2.851007 15.272589 9
13.701281 -3.2279406 15.329785 14
14.457318 -3.4637163 14.752758 40
11.153561 -2.240216 15.2632 14
12.440355 -2.5834465 15.259666 13
13.750306 -2.9172721 15.301175 12
14.511649 -3.1231344 14.718374 40
11.198071 -2.0118666 15.270752 14
12.500201 -2.3182464 15.26743 9
13.83448 -2.6153116 15.319184 13
14.58795 -2.7886167 14.714718 38
11.251227 -1.7853866 15.297503 13
12.548699 -2.0495136 15.268594 12
13.894341 -2.3077211 15.317685 11
14.697103 -2.4588635 14.75232 39
11.255326 -1.5520368 15.261456 12
12.634365 -1.787492 15.320576 12
13.908545 -1.9920379 15.274077 12
14.778721 -2.1201055 14.770758 36
11.299824 -1.3243264 15.284118 14
12.621148 -1.5085313 15.25875 9
13.949638 -1.6810608 15.268464 9
14.854067 -1.7806698 14.79135 31
11.32624 -1.0931046 15.287896 11
12.690048 -1.2409106 15.304743 13
13.983889 -1.3657459 15.262877 13
14.930771 -1.4379537 14.82182 31
11.330747 -0.85951489 15.26763 11
12.701853 -0.96652293 15.286782 9
14.028104 -1.0528618 15.275164 9
14.341675 -1.0452201 14.207691 9
11.371403 -0.62801743 15.298199 10
12.730558 -0.69345462 15.295789 11
14.013871 -0.7362963 15.232659 8
14.321957 -0.70965779 14.162142 45
11.393682 -0.39617226 15.309879 12
12.658264 -0.41782844 15.190808 9
13.314221 -0.40321076 14.459934 9
14.407048 -0.38170663 14.228491 5
11.381639 -0.16534789 15.281677 9
12.011633 -0.14130777 14.40978 12
14.070449 -0.11149173 15.261834 10
15.186769 -0.046737194 14.980519 29
10.771878 0.062240891 14.464906 10
12.751061 0.12572737 15.2804 7
14.097083 0.20456187 15.286023 13
15.233722 0.30589989 15.026052 30
11.398418 0.30231324 15.291248 7
12.687287 0.39892671 15.205041 9
14.094664 0.52209622 15.285881 12
15.280707 0.66558558 15.079277 15
9.5688829 0.44498003 12.865383 5
12.673924 0.67306918 15.196563 8
14.090703 0.83890235 15.294793 11
15.271114 1.0204107 15.088527 12
11.380933 0.76766241 15.277316 8
12.674738 0.94603962 15.210581 12
14.036241 1.1501881 15.254702 8
15.225428 1.372301 15.067443 6
11.375414 0.99983037 15.279314 9
12.65418 1.2180983 15.206173 11
13.975342 1.4622459 15.21622 8
15.179504 1.7268709 15.058594 4
11.355996 1.2325927 15.271575 8
12.651089 1.4912977 15.22984 12
13.902658 1.768832 15.175233 10
15.170572 2.0824599 15.095877 4
11.298738 1.4625049 15.217729 8
12.596604 1.7612815 15.198182 12
13.885808 2.0841136 15.199723 10
15.202329 2.4487047 15.18064 8
11.276999 1.6949126 15.2156 9
12.566277 2.035713 15.202396 13
13.835762 2.3967063 15.197333 11
15.146706 2.8023365 15.190523 11
11.272339 1.9319124 15.242553 14
12.538986 2.309104 15.215606 12
13.770839 2.7066267 15.186846 12
15.065159 3.1523628 15.181401 14
11.237677 2.1654174 15.232387 15
12.485666 2.5807629 15.205776 12
13.738978 3.022717 15.220377 13
14.983644 3.5041203 15.183269 19
11.199094 2.3977706 15.222228 14
12.432485 2.8501947 15.200891 12
13.664198 3.3303547 15.214769 10
14.900177 3.851871 15.189963 13
11.177653 2.6369755 15.24182 13
12.383292 3.122782 15.208801 12
13.611362 3.6428676 15.240022 8
14.86691 4.2137871 15.2586 11
11.138028 2.8703294 15.240693 14
12.315392 3.3904312 15.199727 12
13.457664 3.9278753 15.161002 8
14.626377 4.5169773 15.123783 11
11.082886 3.1010697 15.224171 12
12.260384 3.6618643 15.212712 12
13.359687 4.2278018 15.152557 11
14.514714 4.8559389 15.129717 13
11.031081 3.3335805 15.21721 10
12.156677 3.9191332 15.174075 11
13.282972 4.5340447 15.178388 14
14.419486 5.1982603 15.162851 16
10.963625 3.5611527 15.198137 11
12.058681 4.176897 15.150325 11
13.18826 4.8357577 15.188782 13
14.14721 5.4789577 15.019418 13
10.914133 3.7986188 15.207029 12
11.981408 4.4437418 15.15749 8
13.061029 5.127233 15.172295 14
13.524554 5.604073 14.509354 12
10.859438 4.0341883 15.213902 14
11.910097 4.7153602 15.179626 12
12.93674 5.416738 15.164667 12
13.162166 5.8166428 14.275503 5
10.801743 4.2708549 15.222774 13
11.81146 4.9745789 15.173814 14
12.761199 5.6850452 15.106009 8
13.782839 6.477253 15.111756 16
10.749759 4.5104208 15.24579 9
11.720802 5.238595 15.186028 13
12.423388 5.87356 14.861949 10
13.623738 6.7960882 15.122417 15
10.649894 4.7329168 15.2075 10
11.60807 5.4953651 15.176196 12
11.93491 5.9763703 14.439205 8
13.477306 7.118782 15.152905 18
10.568533 4.9622025 15.200263 8
11.502126 5.7535081 15.181091 12
11.613386 6.1471057 14.216991 5
13.281164 7.4158735 15.1385 17
10.475701 5.1903849 15.18417 11
11.347252 5.9897075 15.129981 15
12.236242 6.8337841 15.155147 11
13.115525 7.7340584 15.1689 11
10.390251 5.4251313 15.185812 14
11.102582 6.1790228 14.967569 9
12.028957 7.0852132 15.09709 9
12.832557 7.9799304 15.0727 9
10.307951 5.6616907 15.197282 14
10.713782 6.2735186 14.612434 7
11.926222 7.3908358 15.173359 14
12.656536 8.281436 15.103268 19
10.198159 5.8970056 15.175776 14
10.332715 6.3695526 14.266198 8
11.74035 7.6615901 15.155875 14
12.456291 8.5885534 15.12088 15
10.102928 6.1283693 15.184001 14
10.11106 6.5451632 14.142177 3
11.563004 7.9272366 15.158313 10
12.225698 8.8564348 15.111064 18
9.9595327 6.3340721 15.130255 16
10.682608 7.2478042 15.133072 12
11.357735 8.167985 15.131993 6
11.993712 9.1216793 15.101706 14
9.4450092 6.2924762 14.512032 4
10.534388 7.4891043 15.133648 14
11.183342 8.4336309 15.149836 9
11.825216 9.4388628 15.182308 6
9.4253988 6.5735502 14.64854 9
10.395283 7.7391658 15.151287 15
10.974355 8.6683064 15.123774 13
11.539709 9.6510086 15.112193 11
9.067296 6.6101427 14.259854 7
10.228848 7.9665728 15.133892 15
10.781896 8.9179173 15.131404 14
11.276735 9.8867121 15.084056 14
8.8715525 6.760119 14.131833 4
10.07248 8.2040672 15.141184 11
10.572198 9.1495066 15.120169 10
11.057454 10.156161 15.124455 11
9.4162254 7.4915771 15.188185 10
9.8644972 8.4000721 15.082897 4
10.361373 9.3851185 15.121329 13
10.778291 10.371285 15.092894 15
9.2640514 7.698627 15.158124 15
9.7253666 8.6558981 15.136343 12
10.119997 9.5914764 15.087285 5
10.553696 10.634999 15.144042 8
9.1214113 7.9161057 15.152118 13
9.5394478 8.873436 15.127139 13
9.9334602 9.8478603 15.138337 12
10.26757 10.840044 15.117766 14
8.9756432 8.1304989 15.145733 12
9.3514051 9.0882502 15.119951 10
9.7013607 10.060987 15.130322 13
9.9896955 11.0451 15.106117 17
8.8316917 8.34865 15.150708 15
9.166441 9.3089314 15.128881 11
9.4713163 10.28006 15.136376 13
9.7080135 11.247213 15.097785 13
8.6930199 8.5781679 15.173026 12
8.9648962 9.5134211 15.118083 11
9.2185898 10.467868 15.11177 13
9.4306421 11.449986 15.103436 13
8.5648222 8.820755 15.227072 3
8.7750216 9.7323551 15.135431 8
8.985055 10.679766 15.124398 6
8.3515196 8.9793739 15.137248 14
8.5571699 9.9197245 15.110609 12
8.7343111 10.867 15.113027 12
8.1857491 9.1875801 15.137624 12
8.3634615 10.137128 15.135068 12
8.4968777 11.072072 15.133579 12
8.5787325 12.023214 15.126389 17
8.0027275 9.382741 15.118292 12
8.144454 10.325501 15.124719 11
8.2299891 11.239389 15.111379 12
8.2610178 12.162123 15.088568 14
7.8318768 9.5936718 15.129742 15
7.9172673 10.508225 15.108941 15
7.9679894 11.412314 15.102317 15
7.9724932 12.337452 15.104784 19
7.660202 9.8078747 15.151525 13
7.6890221 10.687142 15.097736 12
7.7193017 11.605241 15.129355 12
7.6826086 12.512601 15.131923 14
7.4605598 9.9926729 15.130281 14
7.468533 10.879747 15.112629 7
7.4537172 11.774407 15.134242 12
7.3733444 12.657482 15.129625 18
7.2498937 11.080598 15.139829 14
7.1762872 11.923679 15.117868 14
7.0506606 12.769086 15.098073 19
7.0679979 10.381506 15.129171 14
7.0067124 11.244066 15.127432 13
6.8994131 12.073548 15.11317 13
6.7382345 12.895507 15.093909 17
6.8653264 10.570032 15.127196 13
6.757113 11.398031 15.105187 15
6.6246781 12.2211 15.114262 13
6.4279819 13.02098 15.099255 15
6.6523318 10.746674 15.114815 14
6.5137172 11.559107 15.103738 14
6.3408751 12.348735 15.100594 17
6.1116977 13.12768 15.092581 10
6.4272685 10.918198 15.111734 15
6.2507277 11.70672 15.100851 13
5.9844437 12.352012 14.952678 11
5.7775817 13.208608 15.078309 13
6.2132359 11.104353 15.123953 14
5.9477987 11.75989 14.975159 5
5.7596192 12.599734 15.101491 13
5.4489431 13.276053 15.044655 15
5.9825048 11.26494 15.103807 9
5.7520099 12.027742 15.125013 5
5.4612103 12.700409 15.074278 12
5.1197395 13.34186 15.016465 18
5.7655702 11.46025 15.132689 12
5.4813271 12.144176 15.089375 13
5.1656928 12.785603 15.03902 16
4.7960181 13.389794 14.977407 16
5.5370078 11.624482 15.1251 14
5.2064066 12.248215 15.044036 12
4.8643613 12.863417 15.002076 12
4.4624424 13.417407 14.922505 14
5.2845697 11.753605 15.078604 15
4.9309835 12.355276 15.011465 15
4.56637 12.943682 14.979376 13
4.1471829 13.481944 14.923825 16
5.0318565 11.883908 15.045135 15
4.6519203 12.450634 14.976938 12
4.262845 13.005231 14.946669 15
3.8213799 13.511556 14.897017 16
4.7780285 12.016987 15.020756 13
4.3744993 12.552562 14.957938 8
3.9542365 13.051585 14.902084 15
3.495394 13.526031 14.860189 16
4.5208411 12.147661 14.999849 14
4.0945182 12.645082 14.932933 13
3.6548116 13.118522 14.888858 15
3.1726542 13.547359 14.838578 16
4.2468019 12.238682 14.935805 12
3.8050675 12.714059 14.888877 15
3.3470042 13.152534 14.848717 14
2.8518746 13.552214 14.810571 16
3.9912164 12.379983 14.94133 14
3.5219338 12.804899 14.875913 14
3.0422583 13.185719 14.81339 10
2.5271885 13.533588 14.763601 16
3.7242177 12.496704 14.922167 13
3.2349105 12.878675 14.854753 14
2.7380567 13.226581 14.798001 15
2.2096863 13.519837 14.731918 16
3.4443774 12.577362 14.870517 14
2.9413371 12.916299 14.798925 9
2.4346178 13.240521 14.758532 14
1.892886 13.49991 14.701191 15
3.1737452 12.685029 14.856451 14
2.6556084 12.992259 14.791426 14
2.135561 13.26939 14.744223 15
1.5829707 13.483147 14.680358 12
2.8972852 12.787813 14.841332 7
2.3642304 13.036634 14.755736 14
1.8322655 13.275834 14.710329 15
1.2729087 13.453143 14.653802 15
2.6162028 12.870955 14.811384 12
2.0732138 13.092366 14.741959 16
1.5295643 13.265637 14.668317 10
0.96339089 13.400533 14.611006 11
2.3286781 12.932099 14.763211 16
1.776341 13.121743 14.704266 14
1.2280111 13.269761 14.647429 15
0.65877086 13.367414 14.597018 16
2.0415511 13.002649 14.734428 15
1.4847214 13.168086 14.694524 11
0.92834246 13.270039 14.633924 11
0.35773206 13.330587 14.58735 14
1.7493467 13.06266 14.699553 15
1.1862738 13.179068 14.652359 14
0.62659162 13.230315 14.580881 11
0.056595746 13.261751 14.548899 15
1.4585556 13.124462 14.674936 13
0.89091218 13.199101 14.627287 12
0.33205903 13.247529 14.596431 14
-0.24062502 13.213086 14.538093 9
1.1674347 13.199302 14.671748 11
0.59415406 13.203093 14.592596 14
0.035504594 13.204917 14.554173 8
-0.53270209 13.145865 14.514333 11
0.86747837 13.219444 14.613507 11
0.29856649 13.221722 14.579539 14
-0.2569778 13.168029 14.527152 11
-0.82190365 13.070394 14.490409 14
0.57102537 13.255075 14.583402 13
0.0035793073 13.21453 14.547011 12
-0.55133849 13.131745 14.508349 11
-1.109033 12.979838 14.457265 16
0.27195764 13.287435 14.557292 14
-0.29278016 13.212772 14.529671 13
-0.84135729 13.066503 14.464307 12
-1.3920327 12.891845 14.43188 16
-0.038045049 13.328857 14.560738 11
-0.59754306 13.166817 14.482873 14
-1.1394979 13.008426 14.446839 12
-1.6812027 12.800021 14.423301 11
-0.34116447 13.346532 14.532525 12
-0.89215297 13.13309 14.44263 14
-1.4242013 12.944182 14.417713 12
-1.9533519 12.691203 14.387488 14
-0.64436489 13.357701 14.505797 15
-1.1881157 13.131913 14.44494 11
-1.7094586 12.881996 14.395659 5
-2.2279634 12.596661 14.37429 15
-0.94741267 13.347218 14.459773 14
-1.4779125 13.093806 14.412539 13
-1.9831008 12.810882 14.367483 11
-2.4829178 12.46505 14.318426 14
-1.2459476 13.338394 14.421526 14
-1.7685635 13.051443 14.38426 7
-2.2640119 12.735988 14.342154 15
-2.7474461 12.365549 14.309394 17
-1.5512564 13.3439 14.408519 8
-2.0593016 13.011618 14.365248 12
-2.5406373 12.655239 14.32352 11
-3.0065069 12.23971 14.281354 20
-1.8545477 13.302449 14.35828 11
-2.3499503 12.951982 14.33569 12
-2.8145671 12.564355 14.299747 12
-3.2692723 12.147638 14.297376 14
-2.1629755 13.284781 14.3402 11
-2.6395609 12.89043 14.308928 11
-3.0892606 12.482426 14.290887 14
-3.5160317 12.00751 14.261094 4
-2.4673631 13.235861 14.296034 14
-2.9291251 12.825185 14.288778 13
-3.3581717 12.385268 14.272275 5
-3.7697275 11.897012 14.267497 21
-2.7727699 13.19587 14.271186 15
-3.2216353 12.773787 14.289952 9
-3.6306307 12.297354 14.272768 14
-4.009975 11.753496 14.239972 20
-3.0828896 13.172968 14.271381 12
-3.5025766 12.6779 14.249563 13
-3.8904276 12.171096 14.2336 14
-4.2561364 11.629497 14.241199 14
-3.3898726 13.116043 14.244838 18
-3.7868831 12.596285 14.233182 14
-4.1517301 12.061592 14.222998 15
-4.4929128 11.488528 14.230537 19
-3.6917725 13.037278 14.204642 14
-4.0712228 12.507893 14.217164 16
-4.407454 11.939045 14.201625 14
-4.719985 11.333838 14.205792 7
-4.0046449 13.002325 14.217579 15
-4.3554554 12.425691 14.214127 6
-4.6587472 11.805892 14.174302 15
-4.9429717 11.17981 14.185027 20
-4.3067975 12.924063 14.191403 3
-4.621953 12.294327 14.161207 15
-4.9115558 11.683841 14.16348 14
-5.1642523 11.023293 14.167476 21
-4.6065073 12.834366 14.161387 15
-4.8973665 12.1875 14.147887 15
-5.1587014 11.551037 14.150508 15
-5.3777528 10.857141 14.143949 28
-4.9083967 12.74312 14.139385 16
-5.1750026 12.086225 14.144431 20
-5.4139695 11.436215 14.164233 15
-5.280839 10.092623 13.337708 3
-5.2140713 12.658471 14.133874 15
-5.448904 11.969707 14.13571 8
-5.635304 11.254738 14.103824 2
-5.495244 9.9675503 13.366474 13
-5.7811637 9.9737806 13.575509 20
-5.86936 9.6333256 13.321845 9
-5.0231194 10.100148 11.549755 3
-5.6195168 10.392262 12.655451 3
-5.7535062 9.7893915 12.751155 32
-6.2979279 9.8609028 13.854383 17
-6.0014 11.430948 13.177101 8
-5.6969943 9.9841347 12.300469 31
-6.0005002 9.7160749 12.833132 26
-6.4240813 9.5967464 13.713992 24
-5.6353164 10.140039 11.809442 38
-5.8229585 9.6887894 12.084569 39
-6.340632 9.7778101 13.107066 56
-6.6776924 9.5264282 13.853894 31
-5.7098513 9.7295628 11.453709 43
-6.1563778 9.7417421 12.306432 39
-6.4507747 9.4823132 12.90799 23
-6.5621228 8.9389887 13.241343 23
-6.0087433 9.7204762 11.567478 42
-6.5161366 9.8185244 12.566825 92
-6.5132074 9.1360493 12.635078 52
-6.6251516 8.6303692 13.023774 35
-6.3881259 9.8235464 11.829651 42
-6.6183515 9.4991369 12.333744 52
-6.7066717 8.9818449 12.632261 75
-6.6834059 8.329298 12.818666 32
-6.5741229 9.6127844 11.727641 41
-6.6865444 9.1465425 12.060716 47
-6.80756 8.7098017 12.467506 51
-6.7524843 8.0550232 12.648802 52
-6.635767 9.2318468 11.419586 27
-6.7520185 8.8062658 11.799837 41
-6.8611379 8.3882618 12.231124 45
-6.8879061 7.8707929 12.619785 79
-6.6912465 8.866291 11.130349 45
-6.8110027 8.4793768 11.554957 45
-6.9166346 8.0860081 12.018595 47
-7.0085907 7.6710305 12.571289 79
-6.7615609 8.5374823 10.887833 43
-6.8613095 8.1574087 11.31636 43
-6.9737039 7.7988858 11.827071 51
-7.0800357 7.4265532 12.44668 52
-6.8169928 8.2057028 10.639601 45
-6.9211283 7.8564243 11.10649 56
-7.0222712 7.5136838 11.634338 46
-7.1351557 7.1720757 12.303219 52
-6.8816857 7.9007039 10.426875 53
-6.9697547 7.5600905 10.898902 53
-7.0795856 7.2471395 11.47093 41
-7.1705399 6.9073405 12.138717 37
-6.9475751 7.6105466 10.233101 50
-7.0297713 7.2868853 10.721935 54
-7.132616 6.987781 11.311909 50
-7.2254028 6.6687946 12.015769 36
-6.8488669 7.1556139 9.8133821 48
-7.0857987 7.019742 10.553813 57
-7.1850424 6.7363791 11.165187 61
-7.2714815 6.431108 11.891289 38
-6.8636351 6.8434 9.5824203 48
-7.139998 6.7602973 10.396321 60
-7.232511 6.4886732 11.022505 54
-7.3257976 6.2092371 11.791674 44
-6.9154396 6.5800233 9.4174614 51
-7.1848102 6.4988604 10.235325 61
-7.2849107 6.2541604 10.898818 58
-7.367301 5.981483 11.677931 46
-6.9671602 6.3255086 9.2646646 53
-7.1354547 6.1642365 9.9548626 52
-7.3263798 6.0143628 10.76621 54
-7.4121208 5.760478 11.57877 45
-7.056963 6.1148996 9.1765852 52
-7.0983896 5.8566232 9.7078466 55
-7.3733692 5.787641 10.653826 60
-7.4620581 5.5526338 11.498364 35
-7.1727071 5.9264536 9.1254234 66
-7.1535473 5.636004 9.6003981 53
-7.4225879 5.5698814 10.554361 59
-7.50034 5.3406806 11.406842 43
-7.3074503 5.757772 9.107378 69
-7.1970592 5.4111843 9.4857273 56
-7.4709744 5.3550072 10.45976 52
-7.5424986 5.135654 11.327364 49
-7.430243 5.5801744 9.0811882 51
-7.2343421 5.1863565 9.3701468 59
-7.5438027 5.1610336 10.407508 49
-6.8814464 4.4703183 10.203632 5
-7.5350394 5.3884487 9.0360355 21
-7.2813249 4.9754019 9.2788219 55
-6.8501062 4.4622817 9.3114014 2
-6.8458433 4.2453103 10.036936 53
-7.4802284 5.0886869 8.8107643 53
-7.3434038 4.7786193 9.2124014 80
-6.8383021 4.2452073 9.1719255 54
-6.8765159 4.0680084 9.9738207 49
-6.7574959 4.3617887 7.8185816 48
-6.8111238 4.2102251 8.4124126 57
-6.8782697 4.0660295 9.1105452 55
-6.9045053 3.892736 9.913414 50
-6.787673 4.1597276 7.7260404 55
-6.8457551 4.0209713 8.3373318 59
-6.9076486 3.8836112 9.0406437 55
-7.1400104 3.8339751 10.155856 9
-6.8339186 3.9722066 7.6614494 58
-6.8860798 3.8384087 8.2756414 59
-7.193274 3.843035 9.311223 7
-7.7771783 3.9758098 10.9682 41
-6.8707957 3.7826943 7.5912828 57
-7.2863131 3.8520541 8.6485252 11
-7.5517159 3.8283894 9.6728487 62
-7.804832 3.7870884 10.914078 49
-7.5025339 3.9113097 8.1812401 11
-7.7691197 3.8913527 9.1154575 77
-7.5954881 3.6462584 9.6303635 54
-7.8387675 3.6047919 10.87033 43
-7.7512283 3.8158212 8.3445473 63
-7.8140559 3.6964118 9.0648565 72
-7.6372166 3.4661417 9.5919914 58
-7.8733878 3.425705 10.837159 42
-7.7960992 3.6155274 8.2902842 57
-7.8548303 3.5020158 9.0146513 65
-7.6867566 3.2886162 9.5669413 56
-7.9128737 3.2510438 10.813129 42
-7.8368917 3.4140818 8.2360926 54
-7.9861197 3.3476908 9.0747986 35
-7.7313929 3.1124041 9.5408182 55
-7.9635391 3.0807848 10.809034 43
-8.0570354 3.1665528 9.0685368 17
-7.7694354 2.9339488 9.5123768 56
-7.9945998 2.9043515 10.782492 49
-8.1407957 2.9913111 9.0822334 7
-7.8147583 2.7602839 9.4965458 54
-8.0406713 2.7355297 10.780824 44
-8.1890297 2.8006482 9.0615702 5
-7.8471999 2.5817294 9.4715347 58
-8.0859108 2.5669107 10.783934 44
-8.2555246 2.6183541 9.0665159 3
-7.8807039 2.4063647 9.4504309 58
-8.1134472 2.3925211 10.764781 42
-8.3112745 2.4333346 9.0630846 2
-7.9193192 2.233314 9.4400015 58
-8.1520338 2.2234662 10.76535 47
-8.3668299 2.247956 9.0658836 2
-7.9567747 2.0597191 9.4340029 55
-8.1943979 2.0557718 10.775441 49
-8.2258492 2.0850017 8.1296368 4
-8.3327522 2.0382302 8.9755306 26
-8.0062141 1.8910638 9.4469862 57
-8.2348433 1.8880559 10.786398 46
-8.4520969 1.8687571 9.0566082 2
-8.0417604 1.716398 9.4458666 60
-8.2714205 1.7193716 10.795225 48
-8.4938202 1.6791568 9.057332 2
-8.0842648 1.5447176 9.4587412 61
-8.3057928 1.5486042 10.807209 43
-8.5470057 1.4919827 9.0764647 2
-8.135293 1.3754656 9.4849644 56
-8.3537626 1.3822939 10.839432 43
-8.5338936 1.2942306 9.0300703 3
-8.1689014 1.2007767 9.4957895 57
-8.3973188 1.2145985 10.868296 40
-8.6085539 1.1086376 9.0808573 3
-8.1975479 1.0260583 9.5035954 52
-8.4419355 1.0448633 10.903153 44
-8.6315165 0.91595769 9.081501 5
-8.2473001 0.85339063 9.5404072 58
-8.4874744 0.87631941 10.943067 42
-8.5417595 0.73833442 8.1960697 5
-8.594451 0.71922177 9.0230703 47
-8.2968016 0.6787073 9.5823154 57
-8.5081358 0.70237273 10.953891 41
-8.6670237 0.53036398 9.0869932 18
-8.3253374 0.50173664 9.603241 59
-8.5545645 0.53136963 11.00289 42
-8.6807547 0.336373 9.0927553 31
-8.3708124 0.32476988 9.6471863 57
-8.5969658 0.35834914 11.048856 43
-8.7014427 0.14342642 9.1104956 45
-8.4132233 0.14573012 9.6940641 56
-8.6481762 0.18413225 11.110786 43
-8.7378044 -0.049958359 9.1492205 50
-8.4565535 -0.033604048 9.7448053 55
-8.6786547 0.0058626886 11.149449 44
-8.7404461 -0.24510866 9.1578388 57
-8.5139427 -0.21560413 9.8156691 58
-8.7359514 -0.17011391 11.227408 41
-8.7380571 -0.44014031 9.1655521 63
-8.584321 -0.40153262 9.9065733 56
-8.7848139 -0.35100079 11.298618 37
-8.8120804 -0.66755199 8.463253 39
-8.7284813 -0.63609815 9.1713352 69
-8.6586237 -0.59124517 10.006828 53
-8.8156271 -0.53188741 11.34854 43
-8.8499441 -0.87617201 8.5186167 57
-8.7303085 -0.83082139 9.1927414 70
-8.7621946 -0.78698313 10.145125 59
-8.882226 -0.71771151 11.446841 41
-8.9157448 -1.0901685 8.6092224 60
-8.7450638 -1.0289316 9.2333536 64
-8.8767548 -0.98797566 10.301907 64
-8.9367657 -0.90579802 11.53762 38
-8.7745228 -1.2787434 8.5047579 25
-8.7354107 -1.2246866 9.2543583 66
-8.9679651 -1.1925685 10.43702 61
-8.9709339 -1.0944402 11.605727 44
-8.284153 -1.403726 8.0623407 25
-8.3942862 -1.3695388 8.9247789 31
-8.5100145 -1.3172684 9.9323435 17
-8.7199049 -1.2446073 11.30522 9
-8.1419535 -1.5732596 7.9628792 65
-8.1601105 -1.51814 8.7112856 58
-8.1869116 -1.4488049 9.5878048 57
-8.305933 -1.3588355 10.793664 15
-8.1987543 -1.77935 8.0625372 59
-8.2159052 -1.7172379 8.813983 63
-8.2237034 -1.6359103 9.6695442 53
-8.2068548 -1.5159581 10.696328 48
-8.2445946 -1.9883236 8.1592436 66
-8.2707167 -1.9202031 8.9206829 56
-8.2783899 -1.8309195 9.7783089 53
-8.2603598 -1.7010053 10.803197 44
-9.2290983 -2.4514117 9.2007704 53
-8.9896822 -2.298372 9.75842 60
-8.3279533 -2.0292859 9.8861179 35
-8.2998295 -1.8863603 10.895075 45
-9.1869612 -2.6670713 9.2273016 58
-9.0675144 -2.5347755 9.9090214 57
-9.2828436 -2.4727633 11.086844 53
-9.3002567 -2.313586 12.267985 35
-9.1488123 -2.8857551 9.2637968 58
-9.2675257 -2.813957 10.19947 65
-9.3416853 -2.70419 11.224364 59
-9.3639126 -2.5340278 12.406608 44
-9.1604872 -3.1215265 9.3572426 54
-9.4071751 -3.0856552 10.4339 63
-9.4121504 -2.9450877 11.381835 45
-9.4333401 -2.7629278 12.562082 53
-9.2424679 -3.3892562 9.5303755 50
-9.4690781 -3.3403773 10.589138 64
-9.4939623 -3.1946962 11.560206 53
-9.448988 -2.9784386 12.648634 65
-9.2783976 -3.6458361 9.6647511 53
-9.5330057 -3.6028852 10.756528 63
-9.5397577 -3.4381955 11.702693 50
-9.4596443 -3.1958671 12.734234 68
-9.386035 -3.9388978 9.8832045 47
-9.6064787 -3.877389 10.941958 56
-9.6161823 -3.7027051 11.892159 49
-9.4378653 -3.4073191 12.781868 63
-9.6687851 -4.3203201 10.298357 49
-9.6787777 -4.1578732 11.135496 54
-9.6743078 -3.9641817 12.064829 49
-9.4297523 -3.625725 12.85573 45
-9.7751341 -4.6390257 10.539445 55
-9.7599077 -4.450624 11.347737 57
-9.7593098 -4.2449169 12.280168 41
-9.4815817 -3.8723593 13.016221 34
-9.8635426 -4.9608178 10.773485 45
-9.8512058 -4.7583795 11.582866 52
-9.8414631 -4.5336471 12.500402 53
-9.5484896 -4.130012 13.203641 31
-9.9510059 -5.2936821 11.016441 48
-9.9274998 -5.0702477 11.811943 50
-9.8935604 -4.816473 12.691632 80
-9.6234398 -4.399734 13.410997 26
-10.047555 -5.6416216 11.282317 51
-10.025916 -5.40418 12.079916 40
-9.8515043 -5.0603967 12.771957 76
-9.9351053 -4.7938342 13.960766 18
-10.142826 -6.0036387 11.560687 52
-10.119043 -5.7461586 12.351425 42
-9.8211288 -5.3123121 12.872888 41
-9.9645834 -5.0644064 14.123883 15
-10.245565 -6.3826656 11.862451 43
-10.217646 -6.104176 12.644248 57
-9.8995667 -5.6322575 13.127812 34
-9.8746185 -5.2781816 14.124125 9
-10.35677 -6.7869287 12.191699 52
-10.168066 -6.3835168 12.766106 92
-10.027225 -5.9924402 13.461536 30
-9.7153006 -5.4550271 14.029647 10
-10.276953 -7.0724516 12.307684 52
-10.122372 -6.6706133 12.901088 53
-10.330533 -6.4784575 14.0488 32
-9.8669109 -7.1252408 12.029575 42
-10.20533 -7.0543327 13.214432 60
-10.252193 -6.7412376 14.130291 12
-9.6640186 -5.9674239 14.24848 3
-9.6496887 -7.3043613 11.98564 49
-9.8734303 -7.149199 12.99405 47
-10.035331 -6.9086976 14.025009 12
-9.5943375 -6.2015285 14.303061 8
-9.7708673 -7.7519946 12.379826 35
-9.7131624 -7.3637094 13.005391 50
-9.9935303 -7.2000327 14.174036 6
-9.5282307 -6.4435477 14.373372 25
-9.0758896 -7.5378742 11.734118 44
-9.821084 -7.7953105 13.392971 10
-9.8314638 -7.4113722 14.161428 11
-9.4222727 -6.6625528 14.389791 24
-10.575155 -9.206356 13.982944 11
-9.53687 -7.5134439 13.957577 13
-9.2922344 -6.8674521 14.377541 28
-10.146697 -8.8109169 14.383945 22
-9.2529612 -7.6157775 13.770458 11
-9.1548948 -7.0655794 14.357043 11
-9.9475794 -9.0277519 14.391188 16
-9.0173464 -7.7510972 13.655172 7
-8.9202375 -7.1865296 14.187849 9
-10.141288 -10.113002 14.383236 17
-9.7554054 -9.2516642 14.418395 18
-8.86201 -7.9525666 13.666589 2
-8.9135094 -7.4939537 14.390816 6
-9.9423094 -10.370328 14.462214 20
-9.5662642 -9.4826412 14.459562 17
-9.1843548 -8.6069126 14.442817 5
-8.7390366 -7.666111 14.331392 14
-9.6958179 -10.576719 14.478992 3
-9.3497515 -9.6806545 14.461454 16
-9.0169353 -8.8205957 14.463722 17
-8.4909401 -7.7691464 14.152949 13
-9.4495745 -10.787013 14.507258 18
-9.1443872 -9.8926134 14.489828 16
-8.8406839 -9.0282106 14.480065 15
-8.2069607 -7.8310204 13.913966 14
-9.1843214 -10.968397 14.508421 21
-8.9283991 -10.095724 14.510864 20
-8.6646099 -9.2360172 14.503222 16
-7.9690967 -7.9321275 13.75484 9
-8.9348068 -11.167882 14.542731 18
-8.7169123 -10.302766 14.545239 13
-8.4762669 -9.4344721 14.515666 11
-7.8036051 -8.1021566 13.725478 3
-8.675333 -11.355203 14.568121 23
-8.4905653 -10.490894 14.561549 17
-8.3032656 -9.6506948 14.560602 21
-8.1096878 -8.7884321 14.552912 15
-8.4162655 -11.54032 14.598775 16
-8.2605133 -10.676499 14.578413 15
-8.1039066 -9.8377361 14.56693 15
-7.9521923 -8.9910831 14.568436 20
-8.1433859 -11.707877 14.617453 14
-8.0308552 -10.860745 14.60396 14
-7.9084792 -10.030686 14.588338 15
-7.7900109 -9.192668 14.583776 23
-7.8840408 -11.887558 14.660643 15
-7.7965531 -11.042131 14.630089 14
-7.7063789 -10.220727 14.608345 17
-7.6299577 -9.4013672 14.612789 17
-7.6095209 -12.046172 14.683945 20
-7.5651183 -11.224379 14.666457 13
-7.5027909 -10.40763 14.631903 22
-7.4545026 -9.5959864 14.625263 14
-7.3458643 -12.220908 14.735306 13
-7.3295989 -11.404838 14.704716 4
-7.2954006 -10.592804 14.656075 14
-7.2792172 -9.7948275 14.644451 22
-7.0579581 -12.35769 14.749797 15
-7.0889163 -11.57529 14.738145 16
-7.1019802 -10.803003 14.719395 9
-7.1057043 -10.000578 14.679035 14
-6.7829432 -12.509686 14.791361 12
-6.8281717 -11.716472 14.739579 12
-6.8805766 -10.973907 14.734707 12
-6.9207206 -10.196249 14.700049 17
-6.4962339 -12.637925 14.812852 12
-6.5826025 -11.886909 14.786092 13
-6.6630859 -11.150594 14.76498 11
-6.7272243 -10.379668 14.709239 15
-6.2242775 -12.793334 14.873626 8
-6.3305769 -12.03932 14.815772 10
-6.4402652 -11.328116 14.797853 11
-6.5467753 -10.593825 14.763083 15
-5.9327092 -12.911609 14.899144 8
-6.0594931 -12.156731 14.811545 8
-6.2025809 -11.479314 14.80341 9
-6.3443742 -10.778853 14.782418 14
-5.6389918 -13.019157 14.921055 9
-5.8088665 -12.319195 14.868119 8
-5.979032 -11.659495 14.853909 11
-6.1369133 -10.959644 14.797937 14
-5.3541546 -13.139659 14.971093 9
-5.5451102 -12.450418 14.899017 8
-5.7170892 -11.76126 14.81391 7
-5.9264965 -11.136377 14.819433 12
-5.0456219 -13.202265 14.958255 5
-5.2753978 -12.571812 14.921056 8
-5.4957876 -11.96264 14.900545 9
-5.6665759 -11.227942 14.728699 8
-4.7574673 -13.321999 15.019402 6
-5.0111294 -12.707366 14.965889 8
-5.2458434 -12.097893 14.91131 8
-5.4936237 -11.499436 14.876679 8
-4.4631071 -13.413816 15.057384 6
-4.7339516 -12.815919 14.986785 6
-5.0010133 -12.254296 14.951951 7
-5.2729597 -11.680601 14.912212 10
-4.1665215 -13.500658 15.096444 6
-4.4605522 -12.929523 15.01972 7
-4.7427478 -12.380635 14.963832 7
-5.0491772 -11.866858 14.956748 7
-3.8667054 -13.569437 15.122639 5
-4.1779513 -13.019063 15.031804 5
-4.4885588 -12.520068 14.996629 4
-4.8071289 -12.015998 14.9605 8
-3.5575879 -13.597044 15.112086 6
-3.9086313 -13.15186 15.101621 7
-4.2323985 -12.663571 15.039391 8
-4.5683279 -12.182216 14.991091 8
-3.262038 -13.67286 15.162171 3
-3.6211867 -13.222301 15.104727 7
-3.964349 -12.773905 15.050241 5
-4.3276973 -12.353576 15.032602 8
-2.9603257 -13.72067 15.190412 5
-3.3398755 -13.318015 15.144682 4
-3.7013216 -12.903462 15.090003 5
-4.0747447 -12.499907 15.047291 8
-2.6646254 -13.79165 15.249532 6
-3.0605476 -13.433929 15.215536 4
-3.4372997 -13.052212 15.156667 6
-3.8280747 -12.682435 15.112786 6
-2.3553381 -13.781091 15.227244 5
-2.7666857 -13.484354 15.216923 5
-3.1566787 -13.137474 15.156898 5
-3.5546553 -12.786474 15.088913 5
-2.055346 -13.822835 15.269668 7
-2.4748526 -13.531821 15.224293 5
-2.8762393 -13.225874 15.165993 6
-3.2999141 -12.962056 15.156454 4
-1.7563418 -13.854593 15.310101 4
-2.1893523 -13.627641 15.292335 5
-2.6010089 -13.350548 15.224861 5
-3.0144165 -13.035112 15.107643 3
-1.4604384 -13.902488 15.375425 5
-1.8903369 -13.64406 15.277841 6
-2.316586 -13.439116 15.248902 5
-2.7620478 -13.264202 15.249798 6
-1.1581057 -13.876 15.364161 5
-1.6017779 -13.719925 15.33793 3
-2.0354178 -13.560965 15.315701 4
-2.4696217 -13.336474 15.213902 5
-0.86000741 -13.885795 15.401664 4
-1.3069726 -13.760623 15.364233 7
-1.7385061 -13.587317 15.283092 3
-2.1904588 -13.485209 15.27261 6
-0.56031197 -13.862184 15.409593 4
-1.0094579 -13.769853 15.364029 5
-1.449792 -13.692836 15.344302 5
-1.8990192 -13.58952 15.285731 5
-0.2631453 -13.876966 15.466137 4
-0.71280485 -13.827785 15.424194 5
-1.1521453 -13.732417 15.338526 6
-1.606916 -13.698306 15.312486 5
0.029187048 -13.688543 15.302799 4
-0.41686603 -13.827493 15.425619 5
-0.856969 -13.837562 15.4133 5
-1.3109415 -13.825268 15.364147 5
0.32259095 -13.792221 15.472631 4
-0.11980776 -13.821061 15.427153 3
-0.55755889 -13.904404 15.452308 3
-1.0045416 -13.882816 15.347182 7
0.61310625 -13.727672 15.460496 5
0.17541958 -13.805634 15.425713 3
-0.70243311 -14.02502 15.429747 5
0.89994508 -13.649055 15.440526 6
0.47339907 -13.834603 15.480027 4
-0.39204815 -14.11194 15.459661 5
1.1892054 -13.636 15.500112 5
0.76971012 -13.796163 15.467752 5
0.35314041 -13.975514 15.467284 5
1.4709125 -13.554339 15.489199 6
1.0650189 -13.76768 15.472492 5
0.66107607 -13.991187 15.478719 5
1.3541762 -13.690008 15.430115 5
0.96771449 -13.979902 15.467856 5
0.56227702 -14.259395 15.468696 6
1.6504419 -13.678933 15.468539 4
1.2729733 -13.958553 15.451327 5
0.88405025 -14.298347 15.475745 5
2.2970135 -13.278529 15.456976 4
1.9391004 -13.610341 15.447439 4
1.5820979 -13.958355 15.467797 4
1.2088509 -14.334227 15.488004 5
2.5640221 -13.169686 15.437262 5
2.2305255 -13.57803 15.47619 5
1.8884293 -13.928922 15.457505 6
1.5387527 -14.357106 15.493334 3
2.828016 -13.064897 15.429525 5
2.5124679 -13.483574 15.437841 5
2.1959734 -13.903017 15.458613 5
1.8680574 -14.371422 15.49813 6
3.0904577 -12.953483 15.417276 6
2.8014672 -13.430214 15.45467 5
2.5026906 -13.865637 15.45433 6
2.1926367 -14.329941 15.449817 5
3.358362 -12.879083 15.455247 4
3.081351 -13.334544 15.430734 4
2.8092709 -13.820231 15.448073 7
2.5239811 -14.329747 15.455281 5
3.6127038 -12.757028 15.443673 4
3.1159642 -13.766747 15.441943 7
2.8514397 -14.285336 15.421017 6
3.8608766 -12.626031 15.425103 6
3.4234028 -13.721456 15.451737 7
4.0962238 -12.466743 15.376761 5
3.9209771 -13.083633 15.435053 7
3.7182555 -13.62374 15.410892 7
4.3610415 -12.396441 15.443792 7
4.198864 -12.995062 15.445186 6
4.0297675 -13.583597 15.442657 6
3.8592319 -14.225204 15.452785 9
4.5924444 -12.237147 15.405461 8
4.4669414 -12.876225 15.426529 7
4.3374143 -13.519306 15.453578 6
4.1858768 -14.15182 15.422731 7
4.832612 -12.11025 15.412904 9
4.7330208 -12.754384 15.407894 7
4.6225276 -13.385358 15.392989 9
4.5204601 -14.089634 15.412594 9
5.0757256 -11.992475 15.435282 11
4.9954743 -12.629606 15.392062 5
4.8711424 -14.070027 15.45892 5
5.2713909 -12.539165 15.424205 7
5.1931057 -13.963551 15.421043 9
5.5347033 -12.414065 15.42233 9
5.5296125 -13.125038 15.420718 10
5.5242 -13.871929 15.404854 11
5.4262619 -10.898363 14.553365 6
5.7969012 -12.289292 15.427693 7
5.8236694 -13.01248 15.417953 10
5.8530746 -13.775627 15.397951 11
5.7808585 -11.030748 14.923923 6
6.0363407 -12.120985 15.383395 7
6.122683 -12.907052 15.427129 8
6.1840072 -13.679416 15.395996 14
6.1208692 -11.110694 15.240805 8
6.3025045 -12.007417 15.414667 6
6.4168377 -12.790559 15.435383 10
6.5485716 -13.637848 15.466778 3
6.3628631 -11.009015 15.316295 9
6.1440434 -11.127432 14.460033 6
6.5585151 -12.385142 15.097193 5
6.8449898 -13.459504 15.392756 15
6.6070294 -10.90929 15.400695 14
6.4945526 -11.187894 14.723085 5
6.9837046 -12.500523 15.404746 10
7.1776285 -13.343184 15.399938 13
6.7990417 -10.723577 15.369555 10
6.8251958 -11.198986 14.931427 8
7.2721171 -12.366984 15.414098 9
7.4920111 -13.192651 15.375374 14
6.962904 -10.499368 15.285729 12
7.2121797 -11.281301 15.249231 10
7.0762486 -11.457004 14.453307 3
6.7168846 -11.243107 13.24429 7
7.0741758 -10.21113 15.10936 6
7.5012307 -11.198438 15.357212 10
7.397069 -11.402465 14.569052 8
8.129982 -12.89777 15.362243 4
7.4028983 -10.236419 15.398654 11
7.728971 -11.026968 15.348966 12
7.8241005 -11.495817 14.886752 8
8.4550352 -12.760581 15.382473 15
7.5865259 -10.050867 15.382577 14
7.9535542 -10.847798 15.336778 12
8.2541161 -11.561457 15.18463 11
8.7794571 -12.605424 15.392962 12
7.7711525 -9.8673887 15.376484 11
8.1801214 -10.672722 15.33656 12
8.6370144 -11.545139 15.392854 9
8.5679255 -11.722832 14.513803 10
7.9520898 -9.6859379 15.373143 12
8.3852243 -10.467257 15.300317 14
8.8907537 -11.348139 15.370725 15
9.0588245 -11.810143 14.836423 10
8.1248026 -9.4963379 15.36306 15
8.617837 -10.298889 15.323687 9
9.1575155 -11.164929 15.376094 14
9.5431538 -11.857688 15.130901 15
8.3064594 -9.31744 15.372593 15
8.8107309 -10.084241 15.28472 5
9.4003773 -10.9568 15.353015 13
9.9758911 -11.827709 15.340343 8
8.4662151 -9.1155682 15.348645 11
9.0602045 -9.9337158 15.348286 13
9.6750154 -10.782306 15.386681 17
10.289657 -11.637479 15.361027 14
8.6458712 -8.9392004 15.370461 14
9.2570858 -9.7242165 15.328279 12
9.9159565 -10.568211 15.373633 17
10.571691 -11.412696 15.344988 19
8.8046217 -8.738308 15.359603 12
9.4707527 -9.5298643 15.341424 11
10.129659 -10.324289 15.326309 9
10.854403 -11.187587 15.338451 17
8.9512796 -8.5299454 15.333985 10
9.6507368 -9.3057594 15.310733 13
10.370077 -10.103961 15.322301 5
10.841689 -10.668469 14.933789 4
9.1114769 -8.3350925 15.339918 8
9.8629179 -9.1085062 15.33158 13
10.724696 -9.9929724 15.49334 4
11.479885 -10.779007 15.420919 9
9.2722683 -8.1424751 15.352878 11
10.021986 -8.8674812 15.283862 10
10.861258 -9.6761856 15.358144 13
11.679474 -10.469017 15.324551 16
9.4220982 -7.9416924 15.35188 11
10.237836 -8.6755524 15.326673 10
11.08241 -9.4389763 15.350222 14
11.973624 -10.241708 15.35943 15
9.5292397 -7.7079787 15.290274 7
10.400065 -8.4384871 15.295005 12
11.286803 -9.1853046 15.3266 14
12.220185 -9.9704103 15.340865 11
9.7119379 -7.5348768 15.352048 12
10.592037 -8.2241783 15.313025 9
11.484075 -8.926755 15.300893 11
12.448698 -9.6820736 15.307292 5
9.8498287 -7.3249722 15.349133 17
10.757123 -7.9894328 15.29922 10
11.759065 -8.7245712 15.383682 8
12.604511 -9.3416195 15.197181 5
9.9757433 -7.1098933 15.335273 15
10.94416 -7.7681065 15.321289 10
11.95456 -8.4611902 15.370767 8
12.771466 -9.0105076 15.108702 9
10.107808 -6.8990417 15.335181 15
11.154377 -7.5642676 15.381944 11
12.159554 -8.2017527 15.374173 15
13.080417 -8.7774258 15.195789 9
10.231341 -6.6799531 15.324459 15
11.289133 -7.3070741 15.345503 11
12.34302 -7.9289947 15.360526 10
13.255239 -8.4533272 15.136462 23
10.35129 -6.4628768 15.318478 13
11.429381 -7.0530844 15.322698 13
12.532423 -7.6606317 15.361776 12
13.40811 -8.1180286 15.06223 31
9.8826437 -5.8991899 14.463863 9
11.581648 -6.8090882 15.322952 18
12.690995 -7.369513 15.330338 9
13.503118 -7.7508073 14.936415 36
10.396674 -5.9200869 15.039833 6
11.064283 -6.1940351 14.463865 7
12.802488 -7.05586 15.255217 7
13.578882 -7.3785262 14.798755 43
10.711892 -5.8126516 15.32802 13
11.660139 -6.1998906 15.05281 10
12.361047 -6.459517 14.54486 9
13.007154 -6.6843486 13.986241 56
10.814734 -5.588325 15.318256 15
11.993863 -6.048183 15.305215 13
13.079199 -6.4615998 15.191642 13
13.081812 -6.341167 13.881391 59
10.921975 -5.3672915 15.319906 14
12.101393 -5.784133 15.27712 12
13.242927 -6.1804419 15.202532 7
13.701805 -6.2518954 14.355237 43
11.031971 -5.1451988 15.327141 13
12.231703 -5.5251822 15.279546 11
13.397543 -5.8877234 15.208114 5
13.791714 -5.9081001 14.279243 41
11.120039 -4.9137955 15.311419 13
12.358059 -5.2652354 15.283929 8
13.479323 -5.5658445 15.139009 5
13.900719 -5.5724316 14.232277 28
11.213203 -4.6833 15.306808 15
12.49649 -5.0103111 15.311407 10
13.600066 -5.2615409 15.123808 5
13.988599 -5.2337317 14.174264 28
11.322246 -4.4603066 15.329021 10
12.56792 -4.7265291 15.262072 10
13.753714 -4.9689498 15.150381 5
14.102477 -4.9024663 14.149154 17
11.410321 -4.227973 15.326326 10
12.674318 -4.457375 15.263579 9
13.874433 -4.661902 15.150103 8
14.167398 -4.557538 14.086218 16
11.481417 -3.9893785 15.305703 12
12.812878 -4.198873 15.306728 11
14.025323 -4.3634486 15.186465 8
12.312663 -3.6511562 12.155195 14
11.545686 -3.7476313 15.281933 9
12.92273 -3.9246466 15.322311 10
14.123511 -4.0438657 15.175359 10
12.433559 -3.3712373 12.178683 25
11.613141 -3.5080473 15.268357 11
13.000109 -3.6439695 15.306964 10
14.192235 -3.7200198 15.141294 12
12.517118 -3.078753 12.171332 23
11.697225 -3.2738671 15.279583 12
13.077609 -3.3625505 15.296505 11
14.294076 -3.404784 15.150014 11
12.581721 -2.7839541 12.155018 21
11.763415 -3.0320964 15.27496 14
13.147096 -3.0808394 15.287143 13
14.402885 -3.0906472 15.173815 10
14.613631 -2.870908 14.016829 6
11.848476 -2.7968216 15.297348 16
13.192435 -2.7909105 15.253982 12
14.476465 -2.7672298 15.168844 10
14.696271 -2.5327344 14.021959 9
11.894326 -2.5500727 15.2739 18
13.290708 -2.5129092 15.288642 13
14.528126 -2.4364009 15.147937 9
14.754118 -2.188967 14.013123 9
11.944303 -2.3052654 15.261415 11
13.387074 -2.231822 15.327344 10
14.596825 -2.1098588 15.151973 9
14.821003 -1.8434334 14.020263 11
11.998355 -2.0585794 15.259918 12
13.377461 -1.9331234 15.251269 11
14.64961 -1.7821621 15.148972 11
14.899997 -1.4991515 14.045316 10
12.042492 -1.8107954 15.249413 11
13.471018 -1.6481241 15.298916 10
14.591318 -1.4418726 15.04025 11
14.954969 -1.1525973 14.058446 14
12.105618 -1.5653524 15.268888 8
13.516492 -1.3563941 15.298728 8
14.665141 -1.1175913 15.074219 8
14.419189 -0.77557659 13.530824 16
12.114717 -1.3130537 15.226484 10
13.4699 -1.0592821 15.202668 7
14.253428 -0.76212436 14.622099 14
14.483266 -0.44027078 13.568662 35
12.16108 -1.0634093 15.233794 8
13.579756 -0.77166843 15.288055 8
14.716418 -0.45491284 15.067491 7
15.120756 -0.10445172 14.149003 42
12.209632 -0.8137722 15.250598 9
12.975041 -0.45517081 14.582938 9
14.721868 -0.12204463 15.053856 7
15.197667 0.2499488 14.213101 40
12.240849 -0.55793476 15.246117 8
13.650237 -0.18036781 15.308947 4
14.766236 0.21356012 15.086392 4
15.251105 0.60873175 14.264968 34
12.176955 -0.30171937 15.133769 11
13.578765 0.11689639 15.210823 7
14.817348 0.54887074 15.136321 3
15.354535 0.9742226 14.373057 41
11.612799 -0.047240879 14.41144 7
13.569332 0.41215757 15.190763 10
14.82132 0.8838259 15.145482 5
15.441977 1.3428682 14.476268 41
12.324738 0.20928587 15.265789 12
13.596951 0.70981038 15.219644 9
14.861317 1.2222303 15.200589 7
15.596539 1.721542 14.651419 32
12.332208 0.46767223 15.25626 13
13.583696 1.0064986 15.207345 13
14.852489 1.5617088 15.214523 8
15.754491 2.112488 14.837348 44
12.337425 0.72882402 15.248881 11
13.595337 1.3063027 15.231238 10
14.8304 1.8999259 15.221744 9
15.798894 2.4956949 14.928761 31
12.323523 0.98728752 15.224611 11
13.579839 1.6056423 15.228246 11
14.748103 2.2280703 15.176054 13
15.787278 2.8745544 14.974225 17
12.342976 1.2539461 15.245253 11
13.556542 1.9047921 15.225131 14
14.761326 2.5745294 15.233143 14
15.812904 3.262712 15.065558 11
12.334313 1.5160598 15.239882 14
13.553281 2.2096832 15.253028 13
14.727303 2.9127719 15.253317 13
15.659803 3.6135404 14.998034 8
12.316584 1.7793798 15.22656 11
13.489764 2.503521 15.219985 11
14.68024 3.2502949 15.269509 9
12.307976 2.0435009 15.233213 11
13.471549 2.8055778 15.24388 8
14.599265 3.5789838 15.256574 6
15.601869 4.3723655 15.125609 6
12.30364 2.3124349 15.250582 15
13.365124 3.0899651 15.176526 7
14.45396 3.8917804 15.185572 8
15.514043 4.7392349 15.146953 12
12.259702 2.5763636 15.224324 11
13.292329 3.3831389 15.155584 8
14.362285 4.2189393 15.177106 11
15.390436 5.0954914 15.144026 16
12.218462 2.8406267 15.207521 12
13.245313 3.6852007 15.169261 10
14.28467 4.5523467 15.19293 12
15.008923 5.3622046 14.894808 9
12.188478 3.1097922 15.20856 12
13.208889 3.9902961 15.201351 14
14.166254 4.8704638 15.173259 15
14.327973 5.4993978 14.353004 9
12.155734 3.3819976 15.218426 12
13.109115 4.2772217 15.169522 13
14.087879 5.2016768 15.204815 8
14.962698 6.1448808 15.129291 9
12.104793 3.6472642 15.209391 11
13.038555 4.5726638 15.181645 13
13.815743 5.4571381 15.035917 8
14.818632 6.4871173 15.139717 12
12.089271 3.9272211 15.249193 8
12.94088 4.8606453 15.166735 14
13.473933 5.6788931 14.797077 10
14.648903 6.8251824 15.13549 13
11.983569 4.1822 15.187407 8
12.858655 5.1580896 15.177152 13
12.935476 5.8008633 14.345131 8
14.501463 7.1696463 15.16114 11
11.919772 4.4509277 15.180253 11
12.762144 5.4509802 15.180171 10
13.547461 6.4476871 15.167147 10
14.235713 7.4567857 15.070356 6
11.869188 4.7286882 15.196037 14
12.598269 5.715394 15.107028 12
13.391026 6.7536998 15.155226 15
14.120897 7.8199 15.146703 11
11.776387 4.9902472 15.166758 15
12.305575 5.9158368 14.887691 9
13.241566 7.0555768 15.154257 14
13.90339 8.1245022 15.122848 15
11.73189 5.2739606 15.206524 14
11.741024 5.968586 14.341897 7
13.044828 7.3329668 15.112233 11
13.689931 8.4276981 15.11303 14
11.641143 5.5390096 15.194303 11
11.533698 6.1860909 14.231597 4
12.929723 7.658649 15.169446 4
13.466439 8.7247334 15.098257 12
11.542386 5.8050013 15.181129 14
12.150031 6.8675489 15.141753 13
12.738805 7.9400034 15.148454 10
13.275887 9.0450478 15.129356 5
11.366104 6.0311666 15.071495 9
11.994321 7.1377864 15.119351 11
12.540213 8.2153559 15.124169 11
13.03434 9.3264732 15.110292 12
11.142483 6.2301879 14.905094 11
11.861734 7.4219532 15.128315 13
12.352638 8.5040388 15.123255 11
12.801783 9.6175194 15.110469 13
10.661916 6.2734742 14.397175 4
11.710023 7.6943645 15.123238 11
12.160983 8.7827482 15.123284 13
12.564159 9.9006014 15.111603 14
10.417854 6.4464808 14.202134 4
11.574082 7.9836326 15.140218 12
11.973666 9.0716133 15.130104 10
12.313322 10.175204 15.098215 13
11.018647 7.1578503 15.171245 12
11.366835 8.2177238 15.082062 4
11.758696 9.3284874 15.117104 5
12.082618 10.455973 15.12239 9
10.868548 7.4033427 15.136039 14
11.231242 8.5066338 15.123093 11
11.558954 9.6060524 15.134195 10
11.802471 10.69545 15.094414 12
10.739667 7.6674552 15.134906 11
11.062376 8.7720222 15.128052 13
11.305672 9.8344316 15.086105 12
11.551647 10.9644 15.112571 15
10.597727 7.9266982 15.127778 15
10.886496 9.0364666 15.132026 13
11.095826 10.100058 15.104156 10
11.28667 11.217535 15.11866 11
10.459879 8.1948404 15.131695 16
10.684427 9.2842617 15.111952 13
10.859767 10.347059 15.094148 10
10.989305 11.432151 15.08758 13
10.311007 8.4540682 15.12955 13
10.498615 9.5406847 15.118843 11
10.637054 10.604652 15.114105 10
10.668959 11.622928 15.033319 3
10.16844 8.7210083 15.145355 11
10.399112 10.8435 15.115997 7
10.44646 11.907215 15.115491 13
10.010474 8.9763212 15.149232 4
10.153924 11.073556 15.116884 12
10.150116 12.116725 15.107335 17
9.8405352 9.2298002 15.147071 13
9.8725119 10.25796 15.093351 11
9.8967066 11.294762 15.107699 11
9.8558064 12.324166 15.107141 17
9.6635532 9.4793625 15.139899 11
9.6706161 10.510533 15.116247 11
9.6466026 11.524787 15.118556 13
9.5625 12.530561 15.112941 14
9.4603138 9.7053223 15.101637 9
9.4434538 10.738501 15.107045 13
9.3864031 11.744933 15.122373 10
9.2490482 12.717189 15.101664 13
9.2855701 9.967659 15.118538 12
9.2265959 10.981153 15.121912 12
9.136528 11.975747 15.148238 6
8.9143143 12.860132 15.052171 17
9.1048927 10.225968 15.138425 13
9.0047455 11.217805 15.138756 2
8.842042 12.147309 15.109838 14
8.5561819 12.96248 14.967485 19
8.85639 10.409454 15.054002 4
8.7505054 11.416972 15.113442 13
8.563755 12.33455 15.103506 14
8.20296 13.055779 14.885744 15
8.695982 10.695302 15.128038 12
8.5032434 11.625025 15.105201 16
8.2975578 12.547548 15.131348 13
7.8454118 13.135203 14.798968 13
8.4737206 10.917254 15.108848 15
8.259984 11.839976 15.113012 12
7.9783592 12.674568 15.064799 11
7.4938102 13.222521 14.72826 17
8.2716541 11.171782 15.139864 13
8.0024033 12.042163 15.107826 14
7.7231941 12.903307 15.126754 14
7.1380396 13.282943 14.640381 14
8.0433779 11.397717 15.13273 12
7.7358313 12.232429 15.095555 5
7.4172688 13.052959 15.101316 12
6.8088646 13.391813 14.612662 18
7.8072886 11.612846 15.12026 11
7.4708114 12.425802 15.092789 13
7.1192122 13.212678 15.098182 14
6.4626164 13.453223 14.545214 12
7.5821986 11.851802 15.142895 9
7.2038455 12.617229 15.096442 14
6.8032146 13.339727 15.063756 14
6.1279225 13.522505 14.4979 18
7.3206449 12.036247 15.104469 17
6.9224443 12.779627 15.074879 15
6.4804802 13.437568 15.008869 11
5.8025579 13.607194 14.473419 17
7.0773973 12.257134 15.116355 14
6.6489158 12.965757 15.086618 13
6.133553 13.481994 14.902904 15
5.4719858 13.674047 14.438567 15
6.8118525 12.444351 15.094131 16
6.3489847 13.10428 15.048237 6
5.8101377 13.57479 14.861296 13
5.1431875 13.73692 14.408757 14
6.5594807 12.665157 15.119354 17
6.0712743 13.288325 15.075259 7
5.4938693 13.685332 14.844954 13
4.8250709 13.82922 14.422285 17
6.2237201 12.724868 14.957361 5
5.7766771 13.44473 15.069784 13
5.1572752 13.729488 14.766889 13
4.498745 13.887918 14.404299 14
6.0025826 13.020875 15.080602 9
5.4708385 13.568346 15.039145 14
4.8370948 13.810226 14.735024 14
4.1825924 13.961387 14.411389 13
5.721241 13.201159 15.07326 11
5.159945 13.685005 15.008482 13
4.5086164 13.86018 14.678993 15
3.8705778 14.046709 14.43755 14
5.4235106 13.347769 15.035756 16
4.8479095 13.797686 14.979809 15
4.1953983 13.949718 14.676187 15
3.5572319 14.120096 14.460649 14
5.1317525 13.506221 15.02233 16
4.5305533 13.888508 14.938022 12
3.8738022 14.009498 14.647219 14
3.2408228 14.199474 14.494784 17
4.8224978 13.632054 14.975749 14
4.2089009 13.966446 14.890168 16
3.5551162 14.073213 14.630268 14
2.9190164 14.232101 14.490652 15
4.5134358 13.765748 14.946215 12
3.8863859 14.045296 14.851324 15
3.2355857 14.14084 14.623346 11
2.6024642 14.287499 14.516647 16
4.203577 13.897495 14.922484 14
3.5653186 14.125293 14.817104 14
2.9323542 14.27019 14.688211 14
2.2994614 14.42947 14.636608 13
3.8865216 14.007538 14.882406 13
3.2393494 14.180446 14.768866 10
2.6173854 14.360751 14.720296 15
1.9800456 14.480119 14.672403 18
3.5643802 14.114713 14.845566 17
2.9213502 14.266352 14.757938 13
2.2942672 14.400636 14.70717 13
1.606288 14.043003 14.222547 16
3.2378259 14.192653 14.787779 11
2.5967274 14.327092 14.730042 17
1.9672136 14.409462 14.669951 13
1.3323781 14.445758 14.628595 13
2.9125361 14.290386 14.76014 16
2.2701373 14.381775 14.703214 15
1.5995352 14.054643 14.275773 25
1.0109723 14.422473 14.611184 12
2.5808723 14.370329 14.720409 16
1.94131 14.429851 14.678975 17
1.3161901 14.432131 14.62639 12
0.69059652 14.373387 14.577437 12
2.246419 14.440458 14.679329 14
1.5676976 14.091291 14.270732 15
0.99102008 14.41995 14.591022 10
0.37211648 14.32114 14.543811 14
1.9118565 14.505376 14.64144 17
1.2785419 14.478631 14.602697 11
0.66903257 14.4226 14.579725 11
0.059848651 14.286674 14.53827 10
1.526044 14.121144 14.164178 4
0.95014691 14.516183 14.591846 10
0.34509021 14.39725 14.547491 10
-0.25063473 14.19935 14.484636 15
1.2381012 14.633002 14.58681 16
0.62040007 14.532502 14.563807 12
0.02585616 14.341136 14.488215 11
-0.5578652 14.140041 14.463165 14
0.8998906 14.704739 14.577332 10
0.28833672 14.530816 14.525784 8
-0.2926361 14.307723 14.460871 13
-0.86142939 14.040917 14.413333 11
0.55902439 14.748237 14.555068 10
-0.039987981 14.516325 14.488085 12
-0.60990798 14.285835 14.456114 11
-1.1624122 13.9825 14.411558 12
0.21116745 14.772021 14.516144 9
-0.3720369 14.519053 14.472782 10
-0.92440897 14.233813 14.425216 12
-1.4611377 13.896377 14.383327 6
-0.13260689 14.79928 14.489595 10
-0.70225471 14.480269 14.420894 11
-1.2377779 14.166783 14.386149 9
-1.7521431 13.788924 14.341275 12
-0.47888368 14.793279 14.441361 13
-1.0316046 14.461913 14.399634 11
-1.5495358 14.104274 14.357667 7
-2.0437493 13.706354 14.331401 15
-0.8279013 14.792329 14.403117 12
-1.3633872 14.474502 14.41643 5
-1.8542196 14.013021 14.308771 11
-2.3305759 13.602558 14.306494 15
-1.1783375 14.81107 14.39451 10
-1.6898254 14.388409 14.343102 12
-2.1643734 13.955423 14.299533 13
-2.6198406 13.517984 14.305895 13
-1.5276691 14.783085 14.350162 15
-2.016233 14.341098 14.314661 13
-2.4699175 13.882814 14.281981 12
-2.8941574 13.38347 14.25869 11
-1.8780866 14.76602 14.322903 13
-2.3447809 14.295115 14.296809 12
-2.7679906 13.780792 14.239646 12
-3.1661544 13.258999 14.227383 4
-2.2254059 14.724299 14.281126 12
-2.668402 14.225904 14.262105 14
-3.0686636 13.698263 14.226811 3
-3.4458737 13.164184 14.234426 15
-2.5718772 14.675305 14.240586 16
-2.9871778 14.138706 14.218271 3
-3.3664582 13.601768 14.204874 14
-3.7129154 13.03645 14.211232 16
-2.9229667 14.630124 14.213395 7
-3.3123019 14.083222 14.213915 13
-3.6618731 13.511078 14.196237 14
-3.9756894 12.904585 14.18927 16
-3.274255 14.595031 14.203904 12
-3.6319029 13.99542 14.183351 13
-3.953413 13.408467 14.178784 13
-4.2423191 12.790882 14.188457 8
-3.6205335 14.535018 14.175547 13
-3.9476495 13.901624 14.153617 12
-4.2318945 13.254966 14.118505 4
-4.4962635 12.645275 14.164166 15
-3.9413977 14.36099 14.052209 4
-4.262641 13.801993 14.132586 15
-4.5275998 13.1738 14.143482 13
-4.7459903 12.493529 14.138875 20
-4.3120756 14.376335 14.118295 17
-4.587224 13.730486 14.141828 16
-4.8086739 13.048442 14.122084 12
-4.9990411 12.36091 14.135281 16
-4.6616149 14.303563 14.10715 16
-4.8901591 13.600467 14.098342 16
-5.0904474 12.924028 14.109638 17
-5.2511044 12.228824 14.139017 22
-5.141849 13.331374 13.920384 2
-5.4502549 11.986216 14.017941 3
-5.4253201 13.159153 13.846929 4
-5.5567031 12.463018 13.871024 3
-5.6307359 13.85793 13.901819 18
-5.7411242 13.070961 13.870261 11
-5.8388143 12.354552 13.895104 5
-5.6467581 12.9897 13.1274 21
-5.8545771 12.538526 13.427165 19
-5.0692005 10.111766 11.509637 7
-6.1070342 11.436694 13.89015 25
-5.7453761 12.401443 12.632154 25
-5.8781562 11.86324 12.83124 22
-6.0063977 11.37565 13.08862 17
-5.6771846 10.093837 12.435127 29
-5.9919391 12.168841 12.502552 55
-6.019556 11.47858 12.54653 80
-5.6412778 10.117926 11.79346 41
-5.7466106 9.7274618 12.155378 42
-6.1093073 11.691606 12.125166 30
-5.6030002 10.09841 11.168259 49
-5.7071552 9.7223825 11.481198 55
-6.0318308 9.7368393 12.34709 37
-5.5842295 10.07726 10.565102 46
-5.6783447 9.7003679 10.855073 59
-5.9912186 9.7153254 11.626949 49
-6.3491459 9.7864571 12.599285 54
-5.6655426 9.6752806 10.254968 46
-5.9852738 9.7124491 11.005005 46
-6.3463054 9.8069782 11.900467 48
-6.5310922 9.6213503 12.58281 78
-5.9967303 9.7081518 10.407996 51
-6.3489561 9.7989149 11.248406 57
-6.5584283 9.6626616 11.901106 37
-6.6444955 9.358099 12.441496 51
-6.3764448 9.7998085 10.63546 56
-6.5307879 9.5908508 11.165587 47
-6.6238046 9.3106918 11.648141 44
-6.7016406 9.0279274 12.211644 32
-6.5082326 9.5019512 10.450981 39
-6.59236 9.2199602 10.893502 48
-6.6850576 8.9706202 11.406241 44
-6.7645187 8.7226324 12.009958 38
-6.5817623 9.1330814 10.190938 46
-6.6527309 8.8679276 10.643529 50
-6.7382202 8.63943 11.173377 55
-6.8252721 8.4292421 11.821342 34
-6.4803853 8.553443 9.6910944 42
-6.7246323 8.5460072 10.42863 52
-6.8058877 8.3403778 10.981585 43
-6.8827977 8.1450815 11.641594 40
-6.5435719 8.2223396 9.4681578 51
-6.7835288 8.2258596 10.213829 57
-6.8576002 8.0350904 10.77889 48
-6.9292979 7.8596106 11.459028 39
-6.6024313 7.9021006 9.2564335 49
-6.6982503 7.7525935 9.8047819 50
-6.9182458 7.7555714 10.606347 55
-6.9729257 7.5829773 11.283463 40
-6.7186227 7.6626816 9.1402664 48
-6.7273188 7.4341068 9.5839329 56
-6.970881 7.4769869 10.433794 59
-7.0203767 7.3222599 11.127005 46
-6.8860941 7.4891839 9.1056223 56
-6.7779789 7.1525097 9.4103594 54
-7.0283356 7.2143145 10.28235 55
-7.0726547 7.0754662 10.990648 46
-7.0278258 7.2886724 9.0407658 51
-6.8511972 6.9078422 9.2820787 56
-7.017416 6.8926454 10.043412 55
-7.1307468 6.8416386 10.871405 46
-7.2218933 7.1451378 9.0523939 4
-6.9213681 6.6661339 9.1578188 59
-6.963799 6.5459018 9.7602224 55
-7.1699591 6.5977631 10.735057 46
-7.0438933 6.4813633 9.114027 65
-6.9990954 6.2950511 9.6138229 53
-7.2239184 6.375813 10.630877 50
-7.1842813 6.3145356 9.0983553 63
-7.0523176 6.0700383 9.5035295 57
-7.2731943 6.154757 10.524532 52
-7.3178673 6.1417818 9.0774517 51
-7.0944257 5.8411684 9.3871403 58
-7.3141336 5.9338088 10.416252 52
-7.426384 5.95081 9.0356121 9
-7.1353645 5.6170726 9.2769394 54
-7.3599267 5.7216454 10.324135 53
-7.5546765 5.7778292 9.0218716 1
-7.190218 5.4108629 9.1937752 59
-7.3544254 5.4753418 10.165538 51
-7.2733312 5.228363 9.1516695 64
-7.3501911 5.2387547 10.017939 42
-7.4887609 5.2762694 8.0574808 1
-7.4473076 5.1707344 8.5857944 12
-7.3757925 5.0608759 9.1399975 72
-7.30371 4.9803452 9.820363 42
-7.4573731 4.9929876 7.8807702 60
-7.4891548 4.951653 8.4946175 60
-6.7489071 4.4114552 8.2376328 1
-6.7581692 4.4002748 8.9666061 7
-6.7310119 4.2727108 6.989749 61
-6.754879 4.240695 7.5396314 59
-6.792387 4.2323236 8.1766462 59
-6.8204031 4.244051 8.9398031 51
-6.7746501 4.0785222 6.9226813 60
-6.7914915 4.0524302 7.4695845 62
-6.822947 4.0479355 8.1046515 66
-6.8468909 4.067615 8.8708448 47
-6.8033314 3.8801394 6.8465991 60
-6.8280439 3.8669708 7.4066033 61
-6.8542471 3.8667412 8.0383129 59
-6.8844957 3.8964736 8.8158827 56
-6.986887 3.7683566 6.9282908 24
-7.087359 3.8020763 7.5836072 18
-7.1150208 3.812176 8.2436209 18
-7.0872359 3.8217232 8.9796209 14
-7.69381 3.9247277 7.5275578 74
-7.7173748 3.9221992 8.1576042 74
-7.7496119 3.9431584 8.8797874 73
-7.5369153 3.8701036 9.4568739 56
-7.7275953 3.7141697 7.4644179 64
-7.761004 3.7266853 8.1075802 62
-7.7901196 3.7537053 8.8308182 57
-7.5672421 3.6907499 9.4019556 53
-7.7742777 3.5137541 7.4182105 65
-7.7997146 3.5282183 8.0563536 63
-7.835732 3.5691886 8.7926779 59
-7.6207056 3.5251644 9.381937 49
-7.8248134 3.3173552 7.3811259 64
-7.9018931 3.3628685 8.0765676 33
-7.9497895 3.4138007 8.8349762 41
-7.6590571 3.3536704 9.3469715 52
-7.8613849 3.1178939 7.3369932 61
-7.6914248 3.18115 9.3089886 56
-7.9152875 2.9296119 7.318891 62
-7.7306032 3.0174999 9.2879734 58
-7.9618411 2.735966 7.2927976 55
-7.779242 2.8535721 9.2769737 48
-7.9948268 2.5389509 7.2594953 57
-7.822793 2.6895232 9.2630539 57
-8.0443811 2.3490632 7.2475481 57
-7.8709922 2.5249918 9.2592335 57
-8.0838137 2.1575861 7.2305484 60
-7.9101915 2.3605034 9.2473917 58
-8.1193142 1.964128 7.2144809 61
-8.1720314 2.0405312 7.8950796 18
-8.2312908 2.1433811 8.6788521 1
-7.9494829 2.195915 9.2374954 58
-8.1607494 1.7734258 7.2084866 63
-7.9936714 2.0321133 9.2386732 58
-8.2226543 1.5857633 7.223084 57
-8.035037 1.8653071 9.2373495 57
-8.2682638 1.3945742 7.2279625 50
-8.2253151 1.4708432 7.8213325 1
-8.0703564 1.6994143 9.2323523 60
-8.3226223 1.2048496 7.2469349 46
-8.1125727 1.5355638 9.2405472 58
-8.3669815 1.0130322 7.260025 45
-8.1578712 1.3707626 9.2545357 54
-8.4104519 0.82015812 7.2778258 36
-8.1681786 1.2009857 9.232523 56
-8.4528255 0.62735951 7.2987528 38
-8.209363 1.0351965 9.251605 48
-8.4892254 0.43152848 7.3176494 35
-8.2475729 0.86740917 9.2666693 50
-8.5395851 0.23569515 7.354579 40
-8.2847643 0.70059103 9.2857389 49
-8.5789623 0.038810283 7.3864779 40
-8.3100042 0.53074908 9.2937632 51
-8.6382999 -0.16005033 7.4384251 43
-8.3431673 0.35986134 9.3148575 50
-8.6776361 -0.36101785 7.4793611 47
-8.3737659 0.18818347 9.333497 48
-8.7374487 -0.56564015 7.5407224 46
-8.9824219 -0.23008418 9.127264 1
-8.4140301 0.016294776 9.3684807 56
-8.782814 -0.77264261 7.5956306 50
-8.7951708 -0.60927963 8.2346334 38
-8.9328747 -0.42106494 9.0810108 3
-8.4641466 -0.15749812 9.4175482 40
-8.8361454 -0.98253703 7.6625018 54
-8.8025122 -0.80725259 8.2564754 57
-8.8763189 -0.61022311 9.0308123 45
-8.5172663 -0.33446652 9.4746599 42
-8.9014931 -1.1975619 7.7434216 58
-8.881773 -1.0142428 8.349472 57
-8.8387127 -0.79937488 9.0036564 59
-8.5574236 -0.51346117 9.5197334 43
-8.516202 -1.3466582 7.4367371 29
-8.9280901 -1.2213248 8.4163971 56
-8.9069357 -0.99939275 9.0876713 60
-8.5995827 -0.69447029 9.5697994 46
-8.0878029 -1.4698551 7.0931063 44
-8.4419136 -1.3484284 7.9836168 26
-8.9362202 -1.1974999 9.1376114 76
-8.6547318 -0.87948835 9.6378727 47
-8.1224108 -1.6708673 7.1621013 59
-8.0967836 -1.479075 7.6881466 50
-8.5662079 -1.3379384 8.7830486 22
-8.6990929 -1.0672438 9.7019205 46
-8.178669 -1.8781061 7.2520323 60
-8.144989 -1.6763308 7.7671213 67
-8.1299496 -1.4498705 8.3603983 46
-8.6933661 -1.2515513 9.709856 44
-8.2109346 -2.0844767 7.3269157 33
-8.2001867 -1.8786469 7.8600836 64
-8.1701059 -1.6391796 8.4314032 58
-8.2582312 -1.3652118 9.2381992 21
-8.2434044 -2.0820084 7.9450059 34
-8.2112741 -1.8325132 8.5073824 58
-8.1765127 -1.5266 9.1670828 51
-9.4013567 -2.5975964 9.1206951 2
-8.2854424 -2.0377595 8.6233625 68
-8.2276468 -1.7147578 9.2481089 45
-9.374814 -2.8159764 9.1543741 49
-8.9983292 -2.4191687 9.4148073 59
-8.2578259 -1.9028881 9.3120861 52
-9.3682604 -3.0413499 9.2120647 71
-9.0626621 -2.6473758 9.5336418 57
-8.3679247 -2.1119778 9.4691439 5
-9.3125944 -3.2548583 9.2288322 70
-9.1178865 -2.8786559 9.6495657 52
-9.2724276 -2.5486245 10.537845 52
-9.2601242 -3.4683528 9.2523279 66
-9.1813583 -3.1179271 9.779191 56
-9.335865 -2.7778182 10.654531 46
-9.6643276 -4.1820707 9.1732302 58
-9.2995062 -3.7198339 9.3750753 60
-9.2396708 -3.3623104 9.9090214 59
-9.3951216 -3.0121417 10.775423 49
-9.6297846 -4.4287925 9.2448425 61
-9.3759451 -3.9943013 9.5417805 53
-9.4880552 -3.6865573 10.252839 68
-9.4524164 -3.2524791 10.896278 46
-9.5301647 -4.6476588 9.2604656 57
-9.4345865 -4.2675648 9.6975069 51
-9.607686 -3.9726648 10.465616 58
-9.5149536 -3.4985259 11.030131 47
-9.5549974 -4.9320359 9.4030161 59
-9.5041389 -4.5550714 9.8751268 60
-9.6971292 -4.258101 10.652355 52
-9.5852194 -3.7558846 11.17905 42
-9.6365643 -5.2526684 9.6106358 53
-9.8238449 -4.9794159 10.323692 65
-9.7513857 -4.5368075 10.81113 60
-9.6523294 -4.0215821 11.332921 43
-9.7210236 -5.5876164 9.8321323 50
-9.9152107 -5.3043852 10.544221 55
-9.8226767 -4.8327022 10.994708 65
-9.7215586 -4.2943625 11.495559 38
-10.10405 -6.1183968 10.375074 49
-10.004685 -5.6403079 10.773605 54
-9.9011393 -5.1394005 11.196217 60
-9.8070393 -4.5827942 11.684168 48
-10.202142 -6.4960909 10.639144 54
-10.090663 -5.9879537 11.011776 50
-9.9859791 -5.4609327 11.413531 54
-9.8817711 -4.877202 11.867612 39
-10.315261 -6.8997588 10.93339 54
-10.202559 -6.3625836 11.288178 51
-10.077612 -5.7989964 11.65097 47
-9.9652367 -5.1861672 12.071229 40
-10.132514 -7.1135736 10.92366 62
-10.306344 -6.7480187 11.570189 48
-10.171293 -6.1508384 11.900303 44
-10.058789 -5.5118828 12.298708 36
-9.744256 -7.171073 10.691526 64
-10.263936 -7.0481339 11.6985 64
-10.272033 -6.5197558 12.171559 49
-10.133377 -5.8386369 12.509139 37
-9.5965719 -7.4003954 10.726983 51
-9.8567133 -7.0924554 11.41239 57
-10.366826 -6.8997388 12.446743 54
-10.222019 -6.1844616 12.749497 63
-9.7006197 -7.8356285 11.057873 17
-9.6209621 -7.2496171 11.326991 73
-10.131356 -7.0666499 12.334238 57
-10.141911 -6.4370465 12.786837 64
-10.960186 -9.2690821 12.752596 49
-9.6774607 -7.6314559 11.592837 51
-9.7748852 -7.1364002 12.071882 60
-10.155123 -6.756803 12.95079 30
-10.816425 -9.5687008 12.852141 33
-10.616563 -8.7605009 12.954273 23
-9.6377478 -7.3605576 12.083937 43
-10.129989 -7.0599928 13.076024 41
-10.957955 -10.138784 13.310397 25
-10.760964 -9.2832174 13.380974 22
-9.7374086 -7.7769217 12.402225 11
-9.7768641 -7.1277456 12.77704 39
-11.413642 -11.045196 14.186466 27
-11.157594 -10.06382 14.155553 17
-9.0532017 -7.5549545 11.722053 29
-9.7023678 -7.3997369 12.852527 37
-11.059496 -11.188165 14.078128 10
-10.85554 -10.23352 14.06019 7
-10.70585 -9.3480387 14.121967 5
-9.7638874 -7.7881165 13.118721 8
-10.263948 -8.949193 14.226367 4
-10.513181 -12.158895 14.467632 17
-10.423547 -11.213351 14.448812 15
-10.323987 -10.276852 14.424913 14
-10.250282 -9.3363962 14.443123 19
-10.221564 -12.363686 14.467176 13
-10.203102 -11.467979 14.493185 16
-10.135315 -10.539754 14.465181 17
-10.075575 -9.5870466 14.446492 23
-9.9615993 -12.605398 14.518082 20
-9.9661856 -11.707378 14.524233 4
-9.9226885 -10.778393 14.476445 13
-9.900094 -9.8454361 14.459728 23
-9.6907969 -12.833626 14.561272 19
-9.701375 -11.917303 14.521539 16
-9.7361708 -11.049112 14.534588 13
-9.7296019 -10.107865 14.486952 15
-9.3867922 -13.019847 14.56362 15
-9.455617 -12.147286 14.553771 14
-9.5064745 -11.276818 14.537869 15
-9.5711622 -10.388366 14.542101 13
-9.0787191 -13.192059 14.561024 15
-9.1890459 -12.355224 14.563978 13
-9.2853241 -11.514456 14.561934 16
-9.3592587 -10.617637 14.524166 16
-8.7194166 -13.280972 14.475387 14
-8.9504204 -12.597105 14.622779 14
-9.0506172 -11.738048 14.575869 12
-9.1565332 -10.860163 14.532909 20
-8.3425436 -13.333131 14.358726 13
-8.6933928 -12.816158 14.660495 16
-8.8256226 -11.979038 14.610576 13
-8.9692631 -11.127039 14.574981 17
-7.9998465 -13.428594 14.300666 14
-8.41996 -13.014756 14.682069 13
-8.5893164 -12.209269 14.640109 17
-8.7765598 -11.395785 14.621237 12
-7.7189741 -13.625908 14.360938 13
-8.1502295 -13.223854 14.718301 14
-8.343689 -12.428121 14.66334 15
-8.5550842 -11.630386 14.630432 18
-7.4582705 -13.862327 14.465036 18
-7.8502369 -13.379889 14.706761 6
-8.1031046 -12.661018 14.702502 12
-8.3264742 -11.859945 14.635705 14
-7.1499829 -14.010547 14.485604 20
-7.536901 -13.510859 14.674437 11
-7.8300591 -12.846887 14.697981 10
-8.1088562 -12.116774 14.678869 16
-6.8072772 -14.083735 14.438489 18
-7.1993585 -13.592837 14.595268 10
-7.592257 -13.092053 14.766114 9
-7.8842196 -12.36567 14.715991 15
-6.1372666 -13.426049 13.656684 16
-6.8577948 -13.655785 14.506155 10
-7.3386579 -13.322132 14.818255 13
-7.6407051 -12.593468 14.733169 10
-5.8339095 -13.53019 13.660422 16
-6.4567332 -13.582325 14.284669 13
-7.0628729 -13.514263 14.837475 10
-7.4133005 -12.854653 14.791971 9
-5.7985086 -14.294672 14.334673 17
-6.0383115 -13.448213 14.006976 15
-6.7678728 -13.671852 14.822377 9
-7.1537066 -13.076096 14.806667 13
-5.4760547 -14.378241 14.329068 17
-5.743154 -13.570463 14.006352 7
-6.4386578 -13.755749 14.736993 8
-6.9032736 -13.317097 14.850654 11
-5.1505108 -14.456492 14.324875 19
-5.6957264 -14.320533 14.655993 14
-6.0921392 -13.798463 14.612966 8
-6.6376338 -13.536106 14.875811 8
-4.8289013 -14.529739 14.324734 17
-5.3672495 -14.400635 14.621797 11
-5.779901 -13.911438 14.575617 6
-6.3457909 -13.714074 14.858128 7
-4.5081482 -14.606178 14.334844 14
-5.0385857 -14.468908 14.583907 13
-5.4877782 -14.075846 14.59624 7
-6.0275712 -13.836203 14.790923 10
-4.1853256 -14.675469 14.343746 16
-4.7178545 -14.553052 14.568743 14
-5.2330146 -14.351423 14.736145 11
-5.6930685 -13.912925 14.681762 7
-3.8691981 -14.755008 14.370599 16
-4.3944926 -14.626594 14.549616 12
-4.9176178 -14.47118 14.722795 13
-5.3674207 -14.018636 14.608502 9
-3.5513871 -14.823854 14.3935 17
-4.0661211 -14.689042 14.526567 15
-4.5989184 -14.580374 14.706528 13
-5.0644002 -14.17552 14.59901 11
-3.233674 -14.896106 14.425426 13
-3.7505834 -14.782217 14.541348 14
-4.2714376 -14.665384 14.671298 11
-4.820179 -14.529321 14.794426 11
-2.9179063 -14.967484 14.464273 14
-3.4228103 -14.829309 14.515305 14
-3.939821 -14.72535 14.618172 13
-4.4807253 -14.601154 14.708215 9
-2.6011095 -15.0369 14.509127 17
-3.104161 -14.909575 14.531094 13
-3.6092153 -14.791375 14.577012 14
-4.1412258 -14.668015 14.627029 13
-2.2843196 -15.110358 14.561956 15
-2.7855015 -14.99189 14.555867 13
-3.2805893 -14.858445 14.546849 17
-3.8058085 -14.756998 14.572725 17
-1.9695858 -15.200937 14.638692 10
-2.4638381 -15.076261 14.587622 12
-2.9570746 -14.954678 14.551533 16
-3.4713361 -14.840004 14.524456 18
-1.6516995 -15.261407 14.693588 12
-2.1451452 -15.158642 14.625393 12
-2.6274297 -15.025852 14.53934 9
-3.1328676 -14.927087 14.485153 15
-1.3339616 -15.36013 14.793267 13
-1.8214452 -15.242084 14.668143 11
-2.2998354 -15.112129 14.548066 13
-2.7943387 -15.00415 14.442904 16
-1.009931 -15.394556 14.834294 10
-1.4935869 -15.295441 14.692054 13
-1.9682062 -15.193429 14.556809 13
-2.4548025 -15.08428 14.411633 15
-0.690162 -15.49234 14.943974 12
-1.1658148 -15.367908 14.736865 13
-1.6324658 -15.251667 14.552688 12
-2.1102808 -15.145478 14.368395 13
-0.35366306 -14.770698 14.271523 12
-0.84129238 -15.452167 14.802094 11
-1.3010999 -15.338706 14.580853 14
-1.7732362 -15.247309 14.372471 14
-0.04555428 -14.85638 14.380574 15
-0.49050188 -14.792001 14.162033 5
-0.96566272 -15.427257 14.617613 12
-1.4264873 -15.324594 14.362305 14
0.28512242 -15.70241 15.235085 11
-0.17324351 -14.813228 14.179195 15
-0.62466401 -15.464573 14.613596 10
-1.0767776 -15.389923 14.347108 17
0.60440791 -15.483641 15.065554 10
0.15796776 -15.678269 15.011488 9
-0.27252942 -14.807342 13.962405 12
-0.72623092 -15.491549 14.369591 12
0.92867595 -15.495295 15.124586 5
0.49887592 -15.748137 15.08715 10
0.056456432 -14.839702 13.969338 7
-0.35704502 -14.816187 13.686503 14
1.2589144 -15.552397 15.233083 5
0.84193504 -15.813278 15.165418 11
0.41440105 -15.732228 14.787864 13
-0.014406756 -14.848879 13.662875 14
1.5930356 -15.631501 15.374173 9
1.1870184 -15.873959 15.247764 10
0.76653838 -15.802723 14.843163 13
0.34899631 -15.723549 14.421486 14
1.9303985 -15.679409 15.485818 7
1.5098777 -15.643964 15.05808 9
1.126292 -15.882396 14.909892 13
0.71572167 -15.822799 14.472832 14
2.2428572 -15.576078 15.45982 7
1.8500882 -15.676386 15.127446 7
1.4906934 -15.987362 15.014316 14
1.0862466 -15.884801 14.499517 13
2.5671299 -15.543245 15.505667 8
2.2061319 -15.766512 15.255901 8
1.8606617 -16.072346 15.103794 17
1.4670078 -15.974481 14.556227 17
2.5677991 -15.858185 15.396256 7
2.2294154 -16.112572 15.158485 15
1.849646 -16.054798 14.614597 19
2.9217153 -15.840831 15.443072 7
2.6003616 -16.088045 15.162452 11
2.2497392 -16.165087 14.711871 14
3.5010984 -15.223858 15.467175 8
3.2701662 -15.810357 15.478412 8
2.9480963 -15.968969 15.085278 10
2.6483619 -16.247396 14.785328 15
3.805727 -15.1302 15.477819 10
3.5966411 -15.702591 15.447101 9
3.3228326 -15.998039 15.154102 8
3.0572326 -16.366032 14.906616 16
4.1120963 -15.028505 15.484734 11
3.9458158 -15.672374 15.498506 8
3.7185822 -16.087549 15.288718 6
3.4684768 -16.441162 14.995295 19
4.4024739 -14.880147 15.451907 13
4.2817764 -15.582571 15.495205 10
4.1225328 -16.178127 15.433219 7
3.8933239 -16.529671 15.102778 19
4.7044115 -14.776306 15.469744 9
4.6067481 -15.456657 15.467086 8
4.5000811 -16.134899 15.456459 6
4.3026128 -16.532785 15.142632 26
4.9955168 -14.641303 15.45767 14
4.9337101 -15.343925 15.456772 12
4.8707986 -16.063501 15.464884 15
4.6825838 -16.408079 15.07722 14
5.2828822 -14.503507 15.449184 14
5.262701 -15.233515 15.454052 11
5.2394018 -15.983569 15.470809 10
5.1070313 -16.432816 15.155302 12
5.5621862 -14.353493 15.435046 14
5.5799689 -15.101663 15.437767 11
5.607563 -15.895097 15.477207 9
5.5220428 -16.406525 15.194539 12
5.8535604 -14.227252 15.446728 18
5.9095721 -14.989483 15.448288 13
5.8278809 -15.421441 15.113783 7
6.0199671 -16.59057 15.441122 14
6.1263433 -14.075202 15.439517 13
6.2524524 -14.919578 15.509524 6
6.3261809 -15.664006 15.462909 12
6.435235 -16.517122 15.461349 14
6.3718233 -13.858275 15.362332 6
6.5381713 -14.710104 15.430714 14
6.6883526 -15.543431 15.459531 12
6.8451529 -16.424707 15.471052 13
6.6757321 -13.76927 15.435705 16
6.8540654 -14.570641 15.432616 15
7.0432348 -15.40819 15.453302 11
7.2402291 -16.284698 15.444506 8
6.9352145 -13.592359 15.41361 15
7.1674447 -14.423091 15.431285 14
7.3936248 -15.259736 15.441941 11
7.6572118 -16.188759 15.47198 13
7.215353 -13.456336 15.444852 13
7.4798002 -14.27254 15.438009 12
7.7747383 -15.161981 15.490086 9
8.0456142 -16.027697 15.446348 22
7.4739022 -13.279505 15.431618 17
7.7652826 -14.074353 15.396315 7
8.1051807 -14.969066 15.45032 12
8.4369001 -15.865307 15.433335 24
6.6100912 -11.226406 13.217588 26
8.0806046 -13.927876 15.417067 13
8.4516411 -14.80477 15.447929 15
8.8264446 -15.693321 15.415701 13
7.9760246 -12.910246 15.406859 9
8.378336 -13.751398 15.413598 15
8.790473 -14.621704 15.434104 15
9.2728529 -15.616795 15.502662 8
8.2845879 -12.815604 15.506658 6
8.6741772 -13.571662 15.412323 14
9.1253357 -14.429732 15.419244 11
9.6290064 -15.377469 15.444244 17
8.5048246 -12.587008 15.45276 10
8.9661961 -13.385978 15.41091 16
9.4940853 -14.289998 15.467278 7
9.9909859 -15.148067 15.399995 13
8.2111254 -11.643268 14.512107 6
9.2616119 -13.202003 15.418292 15
9.7997627 -14.052801 15.421911 13
10.43414 -15.038658 15.490493 7
8.5091848 -11.555028 14.631847 15
9.5103264 -12.956358 15.362095 9
10.120369 -13.835874 15.404385 12
10.770986 -14.769552 15.427262 16
9.0341158 -11.755527 15.128444 9
9.8604441 -12.842296 15.471037 6
10.427955 -13.601678 15.378203 9
11.154618 -14.559957 15.43679 13
9.4070406 -11.738129 15.361807 14
9.5460882 -11.899305 14.57353 10
10.812057 -13.459992 15.467251 9
9.6673708 -11.566317 15.407043 15
10.060254 -11.993405 14.946486 10
11.121258 -13.217847 15.451407 10
9.8791094 -11.341692 15.381564 10
10.553055 -12.042822 15.27965 14
10.807188 -12.275006 14.608743 5
12.116171 -13.685982 15.265138 16
10.089276 -11.118309 15.366362 7
10.871996 -11.881744 15.35988 8
11.314039 -12.278066 14.890425 12
11.639585 -12.542572 14.256041 59
10.354775 -10.952286 15.433672 9
11.203564 -11.72226 15.455998 5
11.878945 -12.313599 15.233812 11
11.790174 -12.118163 14.054151 29
10.54549 -10.709247 15.399602 18
11.4274 -11.451508 15.412989 11
12.121893 -12.010983 15.170919 9
12.366136 -12.118984 14.354487 52
10.746669 -10.477657 15.386932 13
11.66075 -11.189931 15.387488 15
12.466113 -11.804575 15.238908 14
12.478109 -11.665112 14.127785 53
10.967179 -10.26383 15.404023 12
11.903473 -10.93912 15.383762 9
12.639324 -11.436551 15.111067 34
12.613539 -11.247542 13.947324 62
11.116874 -9.9890032 15.334646 14
12.102326 -10.649722 15.332371 8
12.745692 -11.017657 14.912682 39
11.053967 -9.4079447 11.964305 15
11.328455 -9.7672958 15.349589 8
12.289446 -10.353363 15.27369 4
11.000077 -9.0942097 12.627253 3
11.129346 -9.0282478 11.787277 14
11.53434 -9.5405865 15.36634 7
12.450522 -10.035872 15.188093 4
11.102142 -8.7640371 12.495879 10
11.298359 -8.7288876 11.716553 5
11.73911 -9.3119659 15.383115 6
12.611641 -9.7224264 15.115467 5
12.939385 -9.7318087 14.271539 20
11.943878 -9.0833893 15.40589 16
12.918437 -9.5210381 15.22182 14
13.088622 -9.3881874 14.178117 8
12.125704 -8.8375187 15.404821 14
13.057607 -9.1933603 15.134328 18
12.295592 -8.5805025 15.394843 15
13.203762 -8.8758278 15.065756 28
12.444517 -8.310174 15.359997 18
13.292985 -8.5225945 14.943555 44
12.61229 -8.0542126 15.358069 9
13.346111 -8.1559772 14.790565 31
12.739122 -7.7706966 15.308408 8
13.344281 -7.7616754 14.583872 42
12.897939 -7.5076733 15.306543 6
13.402365 -7.4102311 14.454777 35
12.048681 -6.371336 11.909235 2
13.021787 -7.2262125 15.267848 4
12.971811 -6.8105669 13.82133 19
13.113706 -6.9274888 15.196274 8
13.073771 -6.5061235 13.762733 34
12.776686 -6.421515 14.648914 15
13.339618 -6.2811131 13.882194 9
13.350448 -6.3653135 15.135695 10
13.780595 -6.1247306 14.181927 12
12.33148 -5.1479907 11.61726 1
13.489619 -6.092103 15.137753 7
12.259135 -5.1364551 12.496395 2
13.696107 -5.8461685 15.214157 12
13.972511 -5.4905953 14.086432 8
12.019927 -4.3869629 11.097949 2
13.803542 -5.5578604 15.192327 14
14.07916 -5.1822429 14.063742 7
13.924587 -5.2725396 15.185632 21
14.169342 -4.8665433 14.029299 3
14.026658 -4.9809904 15.166016 18
14.257538 -4.5518427 13.999851 3
12.651693 -3.6577213 11.380136 38
14.087736 -4.6749187 15.108588 18
12.313561 -3.6419187 12.012106 13
12.732746 -3.3680732 11.368572 30
14.16775 -4.3761611 15.077108 24
12.413418 -3.3765471 12.018394 21
12.789704 -3.0732119 11.340145 42
14.249753 -4.0754724 15.051654 20
12.485269 -3.1028726 12.004804 16
12.884724 -2.7848401 11.351577 115
14.335764 -3.7768619 15.035175 24
12.54512 -2.8270869 11.986255 23
14.408773 -3.4751329 15.010736 29
12.821252 -2.593981 12.174878 3
14.482872 -3.1734557 14.994246 30
14.566998 -2.8724654 14.994659 18
14.630119 -2.5671003 14.97817 27
13.245189 -1.3109457 11.394944 2
14.711375 -2.2604916 14.980632 23
13.786119 -0.58264548 10.909498 3
14.793684 -1.954944 14.994052 21
14.854459 -1.6426437 14.98719 28
14.771373 -1.3171456 14.84525 20
13.525708 -0.097500362 11.530519 2
13.660027 0.38787901 10.785924 3
14.212196 -0.96371412 14.238739 22
13.617075 0.21258698 11.597022 2
13.737508 0.71502018 10.850571 3
14.31446 -0.66569197 14.295157 36
13.457651 -0.014718721 12.367159 2
13.655346 0.52520829 11.625708 2
13.798964 1.0443624 10.909283 3
15.104527 -0.37623513 15.033698 18
15.249473 0.3238301 13.9833 9
13.665601 0.84015602 11.636447 3
13.889622 1.3822745 10.998903 3
15.173965 -0.051840588 15.065285 21
13.53404 0.58565456 12.410304 2
13.75111 1.1621817 11.715002 3
15.231339 0.27372202 15.091961 20
15.385683 1.0134426 14.089754 17
13.831629 1.4882525 11.797617 2
15.303802 0.60406262 15.139621 16
15.411175 1.3582282 14.115623 24
13.881106 1.8176391 11.862339 2
14.138706 2.4241769 11.291101 3
15.287024 0.93548024 15.104531 13
15.491877 1.7123038 14.197396 30
13.97377 2.1534734 11.969956 4
14.152302 2.7668405 11.348928 2
15.233217 1.2603152 15.042402 10
15.567739 2.072407 14.284081 52
13.773522 2.444731 11.832992 13
14.03251 3.0880084 11.305914 7
15.199662 1.5889218 15.003043 7
15.678061 2.4421344 14.406344 20
13.84765 2.7857957 11.938056 10
15.250273 1.9295256 15.054338 5
15.844313 2.8321695 14.58989 24
13.898514 3.1292393 12.031615 13
15.969489 3.2226555 14.741688 32
16.042339 4.0004172 13.932446 12
16.061296 3.6139274 14.871157 31
16.129658 4.4150491 14.079549 21
15.306596 2.9625812 15.149412 4
16.131407 4.0128903 14.989217 19
15.971946 4.7655759 14.022936 16
15.322165 3.3133569 15.190342 5
15.923323 4.338182 14.859593 14
15.65451 5.0639515 13.83445 35
16.559317 6.1714249 13.888375 5
15.313706 3.6643186 15.216351 10
15.955358 4.7334614 14.956752 7
15.749994 5.4933257 14.01364 10
16.639143 6.6488786 14.084875 29
15.259056 4.0078759 15.205447 12
15.794494 5.0721087 14.883101 10
16.703884 6.2564459 14.967436 22
16.794565 7.1703315 14.355353 27
15.236676 4.3629446 15.230453 12
15.249843 5.278347 14.45464 8
16.597795 6.6540875 14.992893 12
17.033514 7.7437754 14.710945 27
15.172068 4.7095704 15.217566 13
15.918228 5.911747 15.177431 5
17.133881 8.2737665 14.963655 20
15.109521 5.0590925 15.220689 12
15.797713 6.2727547 15.16577 12
16.816916 8.6086292 14.863373 10
14.737351 5.2984762 14.918018 6
15.674226 6.6377378 15.160148 11
16.30969 7.8724909 15.152485 10
14.249565 5.4822912 14.502264 6
15.567936 7.0074849 15.177382 8
16.120308 8.2390051 15.136876 8
14.854892 6.0982766 15.202962 10
15.957486 8.621232 15.152798 11
16.458595 9.9219694 15.14253 13
14.737829 6.4384785 15.17539 12
16.201143 10.285958 15.128134 8
14.635321 6.7863221 15.174503 10
15.112072 8.0712948 15.146457 10
15.931602 10.63804 15.111703 12
14.517763 7.1313248 15.16364 15
14.920364 8.4049349 15.112723 9
15.34424 9.6997299 15.139113 10
15.643779 10.975808 15.088771 11
14.760537 8.7581978 15.119945 6
15.139484 10.058263 15.151551 7
15.376964 11.326828 15.090393 8
14.243231 7.8081503 15.129022 11
14.585463 9.0966368 15.108861 8
14.879663 10.370612 15.103351 9
14.962665 11.547019 14.940913 7
14.126752 8.1518049 15.136728 13
14.389883 9.4322128 15.095349 9
14.673398 10.732017 15.13302 10
14.386457 11.642982 14.643159 7
13.991349 8.4988413 15.143068 11
14.212557 9.7835245 15.108799 9
14.408196 11.051942 15.107037 10
13.78377 11.697564 14.31803 8
13.864857 8.8606873 15.169821 10
14.007706 10.119691 15.103746 10
14.134603 11.361551 15.081656 10
13.447435 11.947769 14.263224 6
13.648088 9.1654501 15.106646 12
13.798063 10.451548 15.102732 11
13.789811 11.614401 14.988578 7
13.956751 12.981581 15.124092 9
13.513127 9.5254383 15.141633 11
13.585734 10.783132 15.106929 4
13.434394 11.846408 14.886829 9
13.611784 13.257821 15.09489 9
13.323118 9.8425875 15.12469 5
13.395514 11.129476 15.142025 7
12.948422 11.941073 14.637568 7
13.303164 13.551013 15.102477 11
13.123346 10.184874 15.112301 7
13.111736 11.426926 15.091629 9
12.480183 12.067928 14.420232 10
12.969292 13.851528 15.106341 12
12.974755 10.550849 15.161582 11
12.889969 11.755776 15.107838 9
12.038821 12.17239 14.212463 8
12.626446 14.100211 15.080876 12
12.744049 10.844064 15.11059 12
12.547746 11.964282 14.983678 9
11.690975 12.366483 14.124593 4
12.289391 14.365707 15.083386 11
12.54047 11.17159 15.115047 10
12.131189 12.10253 14.784646 9
12.208839 13.511962 15.101339 9
11.928703 14.610728 15.063713 14
12.315104 11.49439 15.109495 6
11.728106 12.254063 14.607751 12
11.881474 13.770942 15.08119 12
11.587429 14.866735 15.074567 8
12.111167 11.832297 15.132603 9
11.295429 12.352479 14.39012 9
11.564272 14.03478 15.072147 14
11.213445 15.081511 15.051331 14
11.851499 12.126621 15.098463 9
10.835392 12.40934 14.137298 10
10.860364 15.323733 15.061697 17
11.482454 12.305746 14.934665 12
10.522908 12.612958 14.073681 4
10.473726 15.499163 15.023211 12
11.018977 12.361464 14.646261 9
10.980677 13.783346 15.060896 11
10.586059 14.78427 15.058083 14
10.135226 15.751569 15.062234 7
10.599649 12.460742 14.410411 11
10.693462 14.068482 15.068306 12
10.259406 15.032859 15.061165 12
9.7670288 15.954647 15.05496 12
10.184393 12.550488 14.187071 12
10.391295 14.341029 15.069682 12
9.933239 15.288342 15.084554 7
9.3741112 16.120794 15.028087 14
9.8493538 12.728621 14.076112 6
10.088337 14.613229 15.08216 12
9.5756817 15.493123 15.064817 14
9.0086651 16.324413 15.04637 14
10.288554 13.949693 15.095705 14
9.7813377 14.884424 15.098678 11
9.2171125 15.699837 15.054138 15
8.6463127 16.539883 15.082756 12
9.9955902 14.236898 15.092289 11
9.4276133 15.089314 15.052996 13
8.8594942 15.906516 15.050504 12
8.2399225 16.663101 15.045827 14
9.713788 14.545846 15.122027 10
9.1003246 15.341699 15.062555 14
8.5059109 16.118071 15.062912 8
7.8447585 16.806082 15.034973 17
9.3761349 14.773643 15.072477 12
8.7648745 15.576191 15.063037 10
8.1360226 16.297861 15.053188 13
7.4587088 16.957899 15.040139 16
9.0609655 15.045981 15.074111 18
8.434598 15.825512 15.085586 10
6.4285235 13.665833 12.491499 44
7.0818138 17.120548 15.065288 11
8.7346287 15.297476 15.066589 11
8.0605783 15.997554 15.043723 9
7.3932767 16.650414 15.049562 17
6.655827 17.171114 14.996858 16
8.4247169 15.588637 15.099195 9
6.4277368 13.540457 12.577691 8
7.0235391 16.8361 15.064732 10
6.2412062 17.228453 14.945375 15
8.0635395 15.798446 15.057356 20
7.3379874 16.388899 15.022945 12
6.6181326 16.92721 15.008225 12
5.8357801 17.295464 14.910738 18
6.4646554 13.450603 12.635638 6
6.9746156 16.588358 15.024915 7
6.225039 17.039108 14.977805 15
5.4314151 17.36544 14.887135 15
7.3754768 16.290987 15.070689 12
6.6021023 16.768951 15.020822 13
5.8247886 17.133148 14.937325 14
5.0247974 17.407562 14.847398 16
7.0009646 16.485762 15.03668 8
6.2080083 16.890005 14.969474 12
5.4121051 17.180475 14.868636 13
4.6159549 17.424803 14.795548 14
6.6285577 16.685463 15.01871 12
5.8130031 17.01704 14.929183 14
5.0219402 17.282377 14.85322 13
4.0991726 16.993996 14.373583 9
6.2451568 16.856178 14.977036 12
5.4157286 17.117022 14.873305 9
4.6200781 17.334444 14.799218 12
3.8190532 17.494814 14.740832 15
5.8430171 16.998581 14.920151 18
5.0184226 17.227262 14.838226 16
4.212162 17.372871 14.743775 8
3.4137006 17.476231 14.683064 13
5.446094 17.157797 14.889342 14
4.6140676 17.331558 14.802138 16
3.819824 17.463882 14.741575 9
3.0019665 17.419844 14.59711 19
5.0429549 17.294121 14.846429 17
4.2022047 17.383085 14.733783 7
3.4159973 17.505163 14.706138 13
2.6163332 17.465731 14.607638 14
4.6337743 17.424486 14.804502 15
3.8101943 17.514051 14.739803 15
3.0076714 17.495663 14.636433 11
2.222132 17.45192 14.576847 20
3.3953311 17.549658 14.672279 12
2.6067057 17.502089 14.588664 15
1.8330902 17.437122 14.551939 16
3.8083174 17.647322 14.721379 14
2.9908693 17.625854 14.648094 13
2.2121263 17.559021 14.587425 12
1.4456542 17.400154 14.515203 15
3.3877919 17.737682 14.672462 15
2.5788863 17.656158 14.596815 10
1.809768 17.539249 14.535836 15
0.89468718 14.804023 12.360754 7
2.9704242 17.839907 14.643602 17
2.1625967 17.655607 14.524382 15
1.4165248 17.574003 14.533758 12
0.67710888 17.330767 14.468137 14
2.5448973 17.910059 14.599065 13
1.7571944 17.725363 14.51975 12
0.8510924 14.859537 12.2777 47
0.29847005 17.263865 14.427998 19
2.1184719 17.990568 14.566769 17
1.3463255 17.740864 14.479933 11
0.62364274 17.525465 14.453123 11
-0.077280313 17.17021 14.369462 14
1.6875075 18.008402 14.494027 14
0.93537617 17.75032 14.43718 9
0.23035702 17.491663 14.416204 15
-0.44957709 17.125994 14.361547 12
1.2621645 18.094528 14.486113 13
0.52560419 17.778393 14.423846 14
-0.16224267 17.42688 14.362224 14
-0.81484723 16.999428 14.291835 11
0.82908875 18.135908 14.451028 12
0.11483932 17.74283 14.367068 15
-0.55068153 17.412888 14.358415 10
-1.1814966 16.939877 14.285056 17
0.39702061 18.15938 14.408644 11
-0.29474533 17.769968 14.363595 14
-0.93679714 17.348055 14.318298 15
-1.5431154 16.851843 14.257534 19
-0.036148034 18.132128 14.338552 11
-0.70605117 17.743973 14.3309 6
-1.321005 17.248728 14.25754 12
-1.9004635 16.750811 14.228155 13
-0.47329253 18.124926 14.288984 5
-1.1136879 17.674751 14.269601 13
-1.7053753 17.190283 14.237859 14
-2.2564199 16.655493 14.209692 13
-0.90811402 18.152225 14.277587 12
-1.5225554 17.637825 14.23757 14
-2.0831604 17.116095 14.208644 16
-2.6111467 16.578999 14.208421 10
-1.3406136 18.121538 14.226742 15
-1.924275 17.56909 14.191652 14
-2.4584208 17.028126 14.177422 14
-2.7989955 15.564874 13.41234 11
-1.777118 18.087088 14.182944 15
-2.3307014 17.512249 14.162468 14
-2.833015 16.922073 14.135889 14
-3.1520083 15.590826 13.510487 15
-2.1521416 17.540077 13.749151 4
-2.7289829 17.411261 14.108424 10
-3.2042396 16.828701 14.113758 15
-3.5292511 15.707438 13.693386 14
-2.6501322 18.027708 14.131253 19
-3.1478164 17.426565 14.149931 9
-3.3812792 15.803023 13.316545 4
-3.9083481 15.80022 13.864665 18
-3.5410848 17.307503 14.094742 14
-3.742862 15.763106 13.346766 12
-4.282064 15.856336 14.01015 19
-3.9392722 17.205076 14.054682 15
-4.1378427 15.850683 13.491885 11
-3.9474993 17.840103 14.039307 19
-4.5379839 15.943472 13.656878 14
-4.8734603 15.400992 13.823065 6
-4.3999648 15.818858 13.042715 23
-4.9294467 15.959866 13.75832 20
-5.2003589 15.292027 13.843837 14
-4.742826 15.640829 12.965849 53
-5.215713 15.640886 13.5825 21
-5.4281073 14.904158 13.613209 21
-4.674654 15.640251 12.438681 55
-5.0790195 15.449124 12.883111 20
-5.2507458 14.643509 12.815815 17
-5.4119296 13.922478 12.840315 21
-5.0794353 15.621025 12.479714 70
-5.2808385 14.8872 12.496573 57
-5.4402294 14.160969 12.499532 65
-5.5613623 13.444403 12.524835 56
-5.3337483 15.140698 12.162536 28
-5.4950032 14.414716 12.187963 24
-5.6513634 13.782365 12.272907 37
-5.7960796 13.203524 12.430117 53
-5.4805326 14.432574 11.666039 34
-5.6225305 13.777028 11.737911 42
-5.7564282 13.193323 11.859091 23
-5.8856077 12.670146 12.058597 32
-5.6128302 13.766704 11.203531 24
-5.7438478 13.187288 11.33208 36
-5.8651724 12.667221 11.500558 34
-5.9701939 12.166781 11.714091 31
-5.7260408 13.1232 10.760442 31
-5.8478174 12.613938 10.939854 30
-5.9673142 12.159594 11.157759 51
-6.0726128 11.734694 11.434767 31
-5.8453984 12.556764 10.382658 43
-5.9501791 12.08538 10.58437 46
-6.0564027 11.674747 10.834379 45
-5.5366325 10.143433 10.016856 48
-5.8091245 11.724792 9.7844534 32
-6.0489573 11.598125 10.264453 51
-5.5302663 10.089834 9.4797277 53
-5.6052375 9.76898 9.7726612 45
-5.4659567 10.375699 8.7486134 2
-5.5178938 9.9900331 8.9467096 57
-5.600141 9.6941328 9.2213211 55
-5.8293147 9.6805 9.8150358 49
-5.5168386 9.8848448 8.4239426 45
-5.6188836 9.6344233 8.7285252 59
-5.893281 9.7022114 9.3467445 60
-6.1559181 9.755146 10.027943 45
-5.6866241 9.6360321 8.3046684 53
-5.9640465 9.7068539 8.903986 60
-6.2235661 9.7534323 9.525115 73
-6.4364452 9.7425976 10.160778 64
-6.0542798 9.72087 8.4773579 55
-6.3068495 9.7555075 9.0675125 86
-6.2786541 9.3740902 9.2874718 56
-6.3356757 9.1592302 9.7035809 46
-6.4061432 9.7565269 8.6190395 57
-6.4727883 9.5242815 8.9783926 68
-6.3646164 9.0627394 9.1155396 61
-6.3967667 8.8437824 9.520483 49
-6.4641566 9.3444481 8.3723993 56
-6.5923576 9.230896 8.8322439 51
-6.5320487 8.8781576 9.0711422 69
-6.4604611 8.5441103 9.3521042 50
-6.7073455 8.7055521 9.0418386 62
-6.520041 8.2563639 9.1927738 57
-6.8687935 8.5189199 9.0023956 5
-6.6357474 8.0485678 9.1230545 49
-6.7829618 7.8847275 9.104681 66
-6.9252043 7.7178636 9.0842733 59
-6.8289223 7.6936841 7.497776 45
-7.0338378 7.5159678 9.0245571 26
-6.8974571 7.4049077 7.3604517 57
-7.1967721 7.3750668 9.039361 2
-6.9500523 7.1100421 7.2180405 58
-6.9771976 7.0199475 7.6446576 7
-7.0053153 6.8270335 7.0851274 65
-7.0432453 6.7658882 7.5338755 53
-7.0610738 6.5570397 6.9668512 66
-7.08989 6.5020251 7.411623 57
-7.2116284 6.5487685 7.9992204 4
-7.1105361 6.2918954 6.8524833 60
-7.1521482 6.2607465 7.3164587 58
-7.1635199 6.037919 6.7483673 67
-7.19697 6.0136657 7.2124557 59
-7.2109904 5.788897 6.6506705 71
-7.240355 5.772676 7.1147795 62
-7.2448254 5.7521429 7.5916967 40
-7.2578964 5.545764 6.5596137 68
-7.2912717 5.5424829 7.0287237 67
-7.3134522 5.549943 7.5308537 52
-7.3187399 5.3195753 6.4866128 67
-7.3302145 5.3102202 6.9396138 69
-7.3622279 5.3346806 7.4548702 60
-7.3696203 5.0903335 6.4105601 69
-7.3740582 5.0869398 6.8615694 70
-7.4000378 5.1173706 7.3748369 72
-7.4205232 5.1763272 7.9692411 52
-6.6107178 4.3289056 5.6478219 19
-6.6321111 4.3468027 6.0680041 10
-6.711772 4.4196062 6.5846853 1
-7.4552121 4.972971 7.8942733 63
-6.6900277 4.1556106 5.6211715 58
-6.6964512 4.1734495 6.0323005 73
-6.7155457 4.2131181 6.4925919 62
-6.7261806 4.2813401 7.0250082 65
-6.7286029 3.9601853 5.5642571 57
-6.7309933 3.9830022 5.9743981 77
-6.7549763 4.0346699 6.441771 61
-6.7526526 4.1028643 6.9621425 62
-6.7651353 3.7687242 5.5113568 57
-6.7674675 3.7985311 5.9235349 76
-6.7864347 3.8541851 6.3869123 60
-6.7820621 3.9293711 6.9063148 61
-7.2933664 3.84268 5.8586006 23
-7.1664171 3.81199 6.1890039 26
-6.9935913 3.7730718 6.5002031 27
-6.8352542 3.771894 6.8796573 54
-7.6399837 3.7971296 6.0545702 67
-7.6380224 3.8446562 6.5138311 89
-7.6546464 3.921006 7.0313125 67
-7.4056449 3.892391 7.3703027 17
-7.6845598 3.5936611 6.0136375 65
-7.684535 3.6491971 6.473948 65
-7.7090511 3.7365625 6.9995165 68
-7.7021828 3.8483868 7.5841088 72
-7.726119 3.3911593 5.9747014 65
-7.7329826 3.4587088 6.4421005 67
-7.7445292 3.5470407 6.9566283 65
-7.7366056 3.6668644 7.5402603 69
-7.7755942 3.1956611 5.9458313 63
-7.7784472 3.2662039 6.4092331 66
-7.7889218 3.3635187 6.9258056 66
-7.7660294 3.485306 7.4963951 66
-7.8230495 3.0011315 5.919961 65
-7.8129125 3.0746303 6.3743329 63
-7.8263321 3.1789627 6.8919535 65
-7.8113375 3.3117757 7.4686294 61
-7.8635187 2.8045514 5.8940563 63
-7.8573203 2.8860745 6.3494849 65
-7.8587527 2.9933743 6.8570781 66
-7.851666 3.1372111 7.4398341 66
-7.9119473 2.6119776 5.8761883 61
-7.8977327 2.6984622 6.3276086 62
-7.9070892 2.8147914 6.8402724 66
-7.8919797 2.9656157 7.4150376 61
-7.9543839 2.4193525 5.8582888 62
-7.9470983 2.5138679 6.3137765 61
-7.9454579 2.6341681 6.8174233 66
-7.9243364 2.7899888 7.3851929 62
-7.9987955 2.2277153 5.8454027 62
-7.9974208 2.3322477 6.3059649 58
-7.9847951 2.4555252 6.7995887 65
-7.9636192 2.6193526 7.3664007 60
-8.0461731 2.0370607 5.8395343 62
-8.0188761 2.1415267 6.2780051 59
-8.028101 2.2778773 6.7877746 63
-8.017808 2.453738 7.3636894 63
-8.0805845 1.8443451 5.8276119 62
-8.0691586 1.9598652 6.278204 54
-8.0753479 2.1022248 6.7830029 62
-8.0481005 2.2800691 7.3398757 57
-8.1372881 1.6578221 5.8347301 61
-8.1059179 1.7742729 6.2682624 58
-8.1120672 1.9236196 6.7721024 56
-8.0957193 2.1124837 7.3360791 56
-8.169673 1.4640872 5.8268137 60
-8.1491976 1.5915753 6.2684426 57
-8.1503391 1.7449248 6.7652864 48
-8.1190033 1.9387572 7.3152375 55
-8.222949 1.2753905 5.8399982 59
-8.1984434 1.4088773 6.2766452 58
-8.2035179 1.5712512 6.7745514 49
-8.1602011 1.769074 7.3104811 53
-8.2592773 1.0836198 5.8441081 61
-8.2437029 1.2251558 6.2838292 59
-8.2318001 1.3914893 6.7666974 47
-8.2103386 1.6023958 7.3167734 52
-8.3055716 0.89187217 5.857254 59
-8.2849684 1.0393949 6.2929902 59
-8.2730255 1.2127453 6.7728953 50
-8.2485275 1.4316688 7.3160033 48
-8.3508606 0.69909626 5.8743925 61
-8.3192549 0.85260493 6.2981215 55
-8.3172226 1.0349958 6.7841101 50
-8.2926893 1.260942 7.3232546 42
-8.4031191 0.50632709 5.8995566 60
-8.3664789 0.66682762 6.318305 59
-8.3644114 0.85624105 6.8003306 47
-8.3368435 1.0902042 7.3325076 44
-8.4454012 0.31150222 5.9216757 59
-8.4057255 0.48001435 6.3344569 56
-8.4096088 0.6754663 6.8175349 44
-8.3770037 0.91843766 7.341742 40
-8.4837112 0.11365434 5.9427662 58
-8.4649105 0.29223546 6.3706708 54
-8.4557972 0.49466619 6.8397341 46
-8.4111996 0.74462968 7.3489304 43
-8.5429487 -0.082165159 5.983922 61
-8.5151587 0.1004046 6.4018126 61
-8.4860563 0.31079531 6.8518486 51
-8.4523907 0.56983435 7.3621311 43
-8.5812664 -0.28307313 6.0129762 62
-8.5584049 -0.090466097 6.4309378 57
-8.5392494 0.12598224 6.8840399 56
-8.4865885 0.39398873 7.3753023 46
-8.6335478 -0.4859558 6.0560703 59
-8.6106319 -0.28433105 6.4710793 60
-8.5744743 -0.05890701 6.9061694 51
-8.5188112 0.21513905 7.3864527 42
-8.6888266 -0.69184905 6.1051607 62
-8.6509075 -0.48225012 6.5051589 60
-8.6226721 -0.24677779 6.9423299 54
-8.5769234 0.037326016 7.4257021 40
-8.7391119 -0.89977431 6.154233 64
-8.6991405 -0.68115908 6.5492787 57
-8.6738615 -0.43864009 6.9825044 54
-8.6190691 -0.14252329 7.4519138 45
-8.7913923 -1.1117039 6.2083111 65
-8.7623396 -0.88403046 6.6074429 61
-8.7170506 -0.63054734 7.0206566 57
-8.6582251 -0.3243995 7.479105 49
-8.7847557 -1.3178586 6.2252154 44
-8.8055992 -1.0899813 6.653523 63
-8.7512712 -0.82550281 7.0557623 62
-8.7143621 -0.51224464 7.523325 48
-8.2308006 -1.4308833 5.8556991 34
-8.824892 -1.2940342 6.6865296 50
-8.8034649 -1.0244098 7.1059122 63
-8.7635059 -0.70012933 7.5655217 54
-8.0312834 -1.5887102 5.7391844 61
-8.2770081 -1.4048808 6.2920442 35
-8.8576555 -1.2274224 7.1640429 60
-8.7987337 -0.89019132 7.5976086 52
-8.0865059 -1.7938625 5.8092113 64
-8.0406466 -1.551958 6.1343112 60
-8.4467916 -1.3588822 6.8467326 28
-8.8560486 -1.0862833 7.6525898 59
-8.128829 -2.0010908 5.8730874 64
-8.0849199 -1.7491527 6.1942492 60
-8.0607643 -1.479261 6.5505781 51
-8.7716579 -1.2657477 7.5871634 35
-9.1246042 -2.470248 6.6358652 74
-8.1371956 -1.9523507 6.2651792 63
-8.0820456 -1.6665109 6.5894876 62
-8.273982 -1.3742589 7.1666884 25
-9.1939173 -2.7176001 6.733757 74
-8.2092886 -2.1665895 6.3553009 4
-8.1300745 -1.8617524 6.652669 64
-8.0714006 -1.5180526 7.0033183 56
-9.2553282 -2.9677789 6.8306217 70
-9.1958828 -2.6469843 7.1621451 72
-8.1872196 -2.0638454 6.7287803 69
-8.1204948 -1.7060924 7.0624857 60
-9.3227644 -3.2279227 6.9364743 72
-9.244235 -2.8861308 7.2470541 70
-9.174509 -2.5263782 7.5767598 67
-8.1685877 -1.8980962 7.1246505 58
-9.3889227 -3.4950078 7.0507431 69
-9.3103437 -3.1391349 7.3523588 70
-9.2285728 -2.7613411 7.6650777 57
-8.2046213 -2.0939231 7.1809587 18
-9.4473276 -3.7642322 7.1635704 65
-9.368679 -3.3943167 7.4572587 66
-9.2808609 -3.0004694 7.7520399 32
-9.5137787 -4.0464587 7.2873602 70
-9.4370403 -3.6594875 7.5731444 67
-9.590251 -4.3396955 7.4261298 70
-9.4944439 -3.9287126 7.6849709 63
-9.6677599 -4.6429663 7.5728521 60
-9.6047792 -3.8176093 8.1870098 2
-9.7354002 -4.9519954 7.7185192 51
-9.9414043 -5.1947255 8.3861675 2
-10.180881 -6.7295995 8.6671009 57
-10.242726 -7.1072087 8.8623943 64
-10.102344 -5.9439483 9.2080135 37
-9.9122343 -5.2476025 9.2759876 76
-9.8106756 -7.1390438 8.6357212 72
-10.28396 -6.9299498 9.266552 76
-10.073998 -6.2284403 9.2924871 72
-9.8018103 -5.4650593 9.2595205 64
-9.5620298 -7.2911301 8.5671425 58
-10.096364 -7.1340609 9.2369299 77
-9.9362774 -6.4486041 9.2809582 66
-9.7339849 -5.7082276 9.2861156 62
-9.5290604 -7.6148977 8.7014465 59
-9.7169886 -7.1941509 9.0323191 67
-9.9908371 -6.8022141 9.4573374 57
-9.8156157 -6.0494194 9.4616318 44
-10.452199 -8.7485409 9.7349129 47
-9.517415 -7.3801255 8.9966574 66
-9.9584684 -7.1079926 9.5586958 82
-9.9141064 -6.412931 9.6632719 45
-10.915597 -9.5621643 10.376846 31
-9.5795412 -7.7753482 9.2172356 45
-9.6439962 -7.2088976 9.3953781 67
-10.003455 -6.7899766 9.867774 47
-11.066196 -10.141499 10.747066 33
-10.840323 -9.210495 10.62498 47
-9.5457211 -7.4682102 9.4443197 62
-9.9662609 -7.0889735 9.9548435 51
-11.229787 -10.764885 11.153224 28
-10.986665 -9.7635727 10.977509 37
-9.5845985 -7.8440013 9.6373653 14
-9.6397915 -7.1790986 9.7539597 51
-11.425485 -11.451567 11.613006 24
-11.15693 -10.36611 11.375704 33
-10.896696 -9.3326473 11.147159 43
-9.5616484 -7.4527693 9.810154 49
-11.604748 -12.164708 12.082922 58
-11.326841 -11.001041 11.792992 19
-11.044424 -9.8903399 11.504693 31
-9.6278839 -7.8522258 10.025159 11
-11.292822 -12.376388 12.057465 59
-11.502546 -11.678762 12.240773 19
-11.21581 -10.500838 11.90281 20
-10.915094 -9.3189154 11.545817 34
-10.908742 -12.5031 11.955137 56
-11.55206 -12.262762 12.577594 83
-11.381371 -11.13645 12.317773 17
-11.07518 -9.8873806 11.907199 20
-10.942034 -13.121583 12.326915 65
-11.151473 -12.373655 12.436557 83
-11.609656 -11.87546 12.825776 25
-11.265019 -10.515181 12.32364 19
-10.540071 -13.220854 12.216498 67
-10.915212 -12.661596 12.480797 31
-11.428594 -12.219202 12.902983 68
-11.432817 -11.16127 12.737551 29
-10.161083 -13.339062 12.132577 58
-10.839655 -13.149345 12.722053 68
-11.066037 -12.364949 12.781008 54
-11.35024 -11.581405 12.889163 44
-9.7641239 -13.415956 12.023908 63
-10.437734 -13.244251 12.588301 64
-11.003201 -12.858746 13.013402 44
-11.452548 -12.222208 13.274391 49
-9.3768864 -13.504853 11.93124 52
-10.039614 -13.334086 12.459575 59
-10.718383 -13.10173 12.996283 60
-11.077901 -12.369832 13.114396 52
-8.999856 -13.596666 11.847541 38
-9.6448746 -13.420723 12.333798 57
-10.339612 -13.231687 12.867312 77
-11.011325 -12.863457 13.330693 41
-8.6419058 -13.700114 11.787017 48
-9.2667179 -13.51225 12.227337 58
-9.9566145 -13.342253 12.738712 60
-10.711051 -13.101006 13.279585 51
-8.2683535 -13.766705 11.702078 55
-8.8987703 -13.610739 12.133055 46
-9.5709057 -13.433665 12.600309 51
-10.296438 -13.185206 13.084257 57
-7.9150405 -13.859159 11.648061 33
-8.5294142 -13.692042 12.034114 42
-9.1919556 -13.528686 12.47231 44
-9.9290171 -13.315008 12.950026 59
-7.5633683 -13.936067 11.590174 36
-8.1710835 -13.776723 11.951179 53
-8.8155432 -13.608324 12.345383 57
-9.5537224 -13.435644 12.809944 56
-7.2243042 -14.030093 11.551459 45
-7.8180594 -13.867675 11.875447 39
-8.4517536 -13.702147 12.239557 45
-9.1722708 -13.531285 12.659978 45
-6.8744326 -14.091986 11.494781 37
-7.4584861 -13.933408 11.788651 49
-8.093524 -13.801765 12.139554 24
-8.7911882 -13.627806 12.514889 37
-6.1908283 -13.424064 10.851673 6
-7.11306 -14.024164 11.724781 38
-7.7382035 -13.890406 12.043641 30
-8.4189081 -13.719387 12.379922 42
-5.8849463 -13.526974 10.844997 34
-6.7740784 -14.111087 11.66911 42
-7.381155 -13.974304 11.947973 38
-8.041893 -13.795216 12.240244 38
-5.5836401 -13.633018 10.846432 10
-6.103857 -13.462285 11.019162 14
-7.0309968 -14.059251 11.866345 29
-7.6829524 -13.896067 12.128502 28
-5.540091 -14.413085 11.386279 35
-5.7874975 -13.538204 10.976699 36
-6.6888118 -14.144185 11.792746 38
-7.3188691 -13.973928 12.011862 35
-5.2126184 -14.485209 11.368801 32
-5.7600837 -14.338163 11.517504 26
-6.010498 -13.475039 11.10011 21
-6.9657021 -14.066627 11.912437 34
-4.8859711 -14.557203 11.359579 40
-5.430603 -14.427091 11.489184 32
-5.7002664 -13.581989 11.06251 17
-6.2615776 -13.401727 11.185435 4
-4.5654879 -14.650441 11.365014 40
-5.0981436 -14.504215 11.456662 32
-5.6567097 -14.385718 11.586636 32
-5.9342546 -13.499293 11.111226 30
-4.2416692 -14.717294 11.362039 31
-4.7735171 -14.594975 11.440606 24
-5.3162222 -14.455618 11.5263 28
-5.6160717 -13.616087 11.05872 8
-3.9209468 -14.786377 11.365776 30
-4.4459224 -14.668974 11.418295 32
-4.9737477 -14.522573 11.465933 42
-5.5556302 -14.400015 11.549619 36
-3.602416 -14.869718 11.382282 32
-4.1184797 -14.738265 11.397778 29
-4.6455369 -14.617854 11.436256 34
-5.2143154 -14.488956 11.485254 26
-3.2837842 -14.939703 11.400298 28
-3.7963479 -14.814079 11.391739 32
-4.3148856 -14.694489 11.401156 23
-4.8751144 -14.583682 11.42975 27
-2.9659252 -15.007834 11.418977 30
-3.4712138 -14.89615 11.391376 20
-3.9783394 -14.75944 11.360908 37
-4.5255833 -14.6546 11.359422 34
-2.6481209 -15.082046 11.446686 35
-3.1454949 -14.967267 11.389072 37
-3.6458237 -14.851526 11.342476 30
-4.175096 -14.72658 11.294029 31
-2.3245602 -15.166088 11.477948 26
-2.8162203 -15.039155 11.384337 42
-3.310889 -14.92732 11.314651 28
-3.8343544 -14.81534 11.250086 32
-2.0063026 -15.245416 11.52144 31
-2.4898689 -15.117401 11.396815 30
-2.9794745 -15.01252 11.306092 20
-3.4890389 -14.896449 11.205498 35
-1.6845504 -15.30074 11.550073 30
-2.161201 -15.170628 11.397434 30
-2.6439648 -15.078696 11.287619 23
-3.143652 -14.968575 11.163958 40
-1.3619181 -15.387211 11.605541 29
-1.8387017 -15.269025 11.438841 40
-2.3125014 -15.163969 11.293061 22
-2.8012774 -15.049754 11.136382 31
-1.0442063 -15.462653 11.662085 33
-1.510006 -15.346187 11.466581 31
-1.9748416 -15.232036 11.287816 30
-2.4578216 -15.147852 11.126959 25
-0.71840614 -15.556039 11.733744 39
-1.1792803 -15.415595 11.4931 35
-1.6352571 -15.310393 11.292256 32
-2.1082711 -15.214109 11.098427 33
-0.37155363 -14.911922 11.253884 12
-0.84362346 -15.503119 11.535504 41
-1.2904719 -15.383477 11.299091 37
-1.7536812 -15.311168 11.092152 35
-0.058058798 -14.875587 11.238454 44
-0.50560534 -15.565162 11.568552 17
-0.94777393 -15.4668 11.322671 34
-1.4010156 -15.37836 11.075779 34
0.27646622 -15.761244 11.921947 22
-0.16244674 -14.857609 11.035169 52
-0.60109925 -15.544216 11.343203 37
-1.0465536 -15.473871 11.087129 34
0.61126745 -15.834043 11.999419 27
0.16022223 -14.926255 11.082648 13
-0.24328525 -14.859152 10.81741 40
-0.69082272 -15.559097 11.096929 35
0.94701016 -15.897434 12.078446 34
0.51406884 -15.793711 11.731539 49
0.086533174 -14.924247 10.845495 38
-0.31818688 -14.913074 10.593067 24
1.2872187 -15.971169 12.168136 38
0.86456728 -15.885357 11.806102 25
0.45101219 -15.794703 11.462062 45
0.030887444 -14.919145 10.55702 32
1.6361474 -16.076014 12.286569 32
1.2184492 -15.977052 11.886585 37
0.81388223 -15.867263 11.502609 41
0.41112721 -15.794594 11.138442 42
1.9943079 -16.156675 12.387243 23
1.5805742 -16.058569 11.962301 28
1.1848141 -15.974802 11.571185 26
0.78512049 -15.873943 11.166168 37
2.3514724 -16.244415 12.503846 34
1.9436359 -16.13623 12.044893 30
1.5548146 -16.045372 11.623788 35
1.1698139 -15.987668 11.222477 38
2.710655 -16.308226 12.609442 37
2.3155649 -16.224127 12.138271 27
1.932577 -16.142281 11.700049 18
1.5565034 -16.076515 11.268723 37
3.0796874 -16.386301 12.728803 27
2.6864922 -16.31015 12.243591 27
2.3124144 -16.22521 11.774353 22
1.9452682 -16.15638 11.317013 34
3.4526522 -16.490549 12.878026 31
3.0696104 -16.391104 12.343994 47
2.7045817 -16.316053 11.86178 30
2.3473136 -16.253201 11.383377 26
3.8320904 -16.569492 13.012552 37
3.4577444 -16.478144 12.458351 50
3.103447 -16.402145 11.947004 30
2.7531054 -16.338232 11.446583 36
4.2202196 -16.646772 13.152856 42
3.8616869 -16.575472 12.5855 49
3.5153654 -16.502337 12.049171 49
3.1759534 -16.431366 11.518736 45
4.6184239 -16.727089 13.29915 37
4.266778 -16.660707 12.70675 49
3.9273589 -16.584538 12.14739 53
3.6038103 -16.539602 11.61182 41
5.0286541 -16.837536 13.47833 49
4.6790633 -16.744917 12.841086 57
4.355895 -16.683657 12.266588 55
4.0431151 -16.653803 11.716858 49
5.3593383 -16.667278 13.439094 29
5.1114426 -16.865467 13.009002 56
4.7907724 -16.784239 12.393553 51
4.4892244 -16.73811 11.808992 52
5.5580792 -16.147831 13.12409 51
5.4024196 -16.535353 12.835737 19
5.2319551 -16.885696 12.531622 89
4.9420466 -16.845739 11.927862 48
5.9628267 -16.211582 13.283596 30
5.6813416 -16.194618 12.656737 49
5.4772873 -16.356039 12.202711 18
5.3752923 -16.839081 11.969784 41
6.7055397 -17.115755 14.144751 36
6.448441 -17.153505 13.503625 33
5.8434253 -16.222147 12.175209 68
5.599896 -16.207554 11.57198 44
7.1607566 -17.217173 14.353608 35
6.9053187 -17.225952 13.664465 62
6.6451936 -17.197784 12.991521 57
6.0528374 -16.259256 11.670134 17
7.6595082 -17.385098 14.631024 41
7.3694062 -17.286064 13.825527 67
7.1519294 -17.319307 13.175125 47
6.9117599 -17.287186 12.483124 44
8.1629581 -17.530571 14.90274 32
7.8635249 -17.381523 14.024289 40
7.6789069 -17.45895 13.385601 39
7.4498339 -17.411633 12.656688 36
8.6355019 -17.582806 15.104803 29
8.382865 -17.498678 14.254924 51
8.2025299 -17.558985 13.577142 40
7.997541 -17.530571 12.838166 53
8.9718056 -17.35524 15.073624 13
8.9318209 -17.653276 14.526293 27
8.7385769 -17.6471 13.773264 49
8.570488 -17.66387 13.043029 49
9.4715004 -17.42189 15.306074 14
9.5262661 -17.851896 14.847754 28
9.2911224 -17.726915 13.96923 39
9.1634283 -17.790319 13.255525 48
9.8992119 -17.344791 15.421145 8
10.112493 -17.978695 15.116431 25
9.8970175 -17.86186 14.218753 26
9.8033552 -17.950226 13.498872 39
10.279188 -17.160891 15.447587 16
10.457563 -17.684196 15.046955 14
10.440735 -17.873827 14.388877 41
10.420237 -18.041056 13.710526 76
10.616134 -16.924564 15.435194 9
10.949354 -17.621811 15.182795 22
10.724423 -17.43322 14.203599 26
10.619618 -17.416559 13.385043 50
11.317869 -17.362637 15.15259 27
11.184269 -17.281303 14.254446 32
11.302752 -17.578625 13.672479 71
11.361805 -16.639942 14.721812 26
11.372337 -16.731222 13.98854 38
11.501415 -16.99091 13.39049 52
11.554118 -16.108597 15.327612 19
11.447581 -15.999191 14.366463 27
11.634401 -16.303757 13.824939 69
11.668955 -16.381575 13.090452 53
11.696905 -15.62151 15.09461 38
11.587678 -15.472805 14.105367 38
11.775587 -15.730263 13.538014 38
11.811915 -15.769008 12.784155 52
11.758773 -15.037129 14.758924 44
11.794728 -15.0527 13.941601 67
11.915565 -15.178312 13.272606 41
11.953039 -15.191933 12.513251 53
11.806671 -14.475147 14.446074 37
12.001467 -14.646307 13.790424 46
12.040855 -14.637856 13.014298 59
12.089042 -14.629755 12.252065 65
11.925897 -14.022127 14.23766 51
12.136558 -14.171368 13.579286 35
12.171073 -14.129774 12.78338 62
12.230712 -14.103492 12.021229 56
12.038937 -13.574645 14.030014 42
12.249795 -13.690222 13.35719 49
12.283454 -13.619558 12.55245 55
12.354094 -13.580376 11.792396 61
11.658674 -12.620871 13.289383 48
11.714508 -12.538322 12.468457 55
11.757851 -12.459285 11.706902 78
11.818708 -12.390117 10.975083 65
11.7504 -12.202766 13.098331 72
11.863398 -12.156668 12.330895 32
12.054939 -12.199908 11.699022 48
12.273737 -12.267457 11.096731 43
12.297818 -12.254616 13.422732 44
12.53327 -12.285679 12.727847 65
12.624579 -12.198949 11.956441 84
12.597979 -11.995446 11.094905 70
12.603603 -12.045342 13.474131 50
12.677573 -11.898415 12.593001 86
12.736964 -11.76012 11.783112 78
12.654886 -11.489274 10.874388 72
12.700456 -11.644136 13.308261 51
12.779767 -11.480516 12.430481 71
12.834044 -11.314947 11.607071 77
12.769753 -11.050272 10.71854 76
11.133304 -9.8046207 11.458837 7
12.872836 -11.066655 12.264219 21
12.95312 -10.906249 11.466717 85
12.881817 -10.619422 10.56937 78
11.352573 -9.5879269 11.473839 4
13.029233 -10.472506 11.304628 68
12.994259 -10.203347 10.440392 85
11.418779 -9.2451448 11.340485 3
13.045167 -10.001543 11.098194 74
13.150861 -9.8239136 10.350167 59
13.130865 -9.8673019 11.832393 10
13.099652 -9.5733232 10.938327 76
13.367171 -9.4929743 10.311588 38
12.525484 -8.993187 11.097937 3
13.187735 -9.1768179 10.812906 71
13.541093 -9.1384974 10.255857 19
13.337129 -9.1376123 11.62029 71
13.26735 -8.7886992 10.693041 90
13.7167 -8.7863503 10.207482 4
13.437102 -8.7779779 11.520586 77
13.359209 -8.4170132 10.592643 71
13.529571 -8.4209566 11.424651 73
13.45422 -8.0523777 10.503072 76
13.598094 -8.0571632 11.318549 71
13.550559 -7.6936126 10.422194 85
13.813883 -7.5115447 9.7956104 87
13.65113 -7.6890488 11.207123 77
13.674455 -7.3521614 10.365642 75
13.205285 -6.7806067 9.2350149 82
13.690633 -7.3196802 11.092784 79
13.165943 -6.6956277 9.8551645 80
13.280379 -6.4192567 9.1631231 81
13.120452 -6.6507945 10.499705 46
13.28703 -6.3773541 9.8159876 77
14.082359 -6.395556 9.5869589 74
13.275016 -6.3634338 10.490366 63
14.04645 -6.3464165 10.244608 102
14.170102 -6.0288057 9.5266848 90
13.151493 -6.3707976 11.16857 17
13.843028 -6.2637186 10.81167 89
14.128682 -5.9966478 10.185919 96
13.959359 -6.4028144 11.718521 33
13.910172 -5.9288483 10.744902 87
14.330955 -5.6941519 10.218531 12
14.04343 -6.0861096 11.662606 47
13.98032 -5.5980401 10.687103 78
14.433242 -5.3546762 10.185658 8
14.111644 -5.7659397 11.60176 55
14.071596 -5.2751203 10.647203 79
14.554654 -5.0220666 10.171713 5
14.19566 -5.4552212 11.55689 70
14.146709 -4.9503589 10.605431 91
14.609926 -4.66611 10.117152 4
14.265667 -5.1382666 11.504172 71
14.229768 -4.6293712 10.573867 77
14.77914 -4.3477035 10.147504 3
14.333474 -4.8238082 11.45897 63
14.289697 -4.3000011 10.527664 86
14.418376 -4.5151458 11.429249 64
14.375723 -3.9813936 10.507957 81
14.506669 -4.205616 11.406159 57
14.448185 -3.6587858 10.482873 79
14.945062 -3.2938631 10.038931 2
14.570769 -3.8928168 11.370324 67
14.527296 -3.3361483 10.467145 85
14.633664 -3.5789421 11.337753 68
14.594308 -3.0134182 10.448579 82
14.720917 -3.2657979 11.322452 60
14.680523 -2.6913359 10.445309 71
14.776954 -2.9499805 11.293692 56
14.757702 -2.3677845 10.44351 76
15.228936 -1.3973372 9.2994261 83
14.856055 -2.6374257 11.288834 55
14.820887 -2.0391095 10.434784 75
15.169303 -1.5469524 9.933876 83
14.530055 -0.98665553 8.8517761 80
14.931165 -2.321831 11.281002 60
14.896124 -1.7105832 10.441012 63
14.465252 -1.1390333 9.4432325 40
14.605455 -0.6412189 8.8760843 90
15.004297 -2.0052469 11.27818 55
14.968366 -1.3830519 10.450246 86
14.549585 -0.80667216 9.471446 86
14.496508 -0.29210606 8.7980614 3
15.070441 -1.6845987 11.271401 52
14.456436 -1.0128559 10.060747 77
14.654972 -0.47452265 9.5175962 13
13.725048 0.047166474 8.3263607 5
15.155623 -1.3671679 11.290575 54
14.530614 -0.69536376 10.082973 87
14.01066 -0.13425939 9.0894737 3
13.765281 0.3748759 8.3477545 3
14.441029 -0.99176961 10.71987 58
14.652965 -0.37135604 10.142057 3
13.869699 0.70696437 8.412941 2
14.50711 -0.68317115 10.73108 47
13.668602 -0.043640476 9.4470825 4
14.646421 -0.37031299 10.799049 4
13.727714 0.26293126 9.4723053 4
13.659822 -0.048328985 10.049055 3
13.774847 0.57660872 9.4916058 3
14.1462 1.7394338 8.6167898 2
13.858098 0.89090341 9.542778 3
14.044415 1.4948142 9.1049738 2
13.925357 1.2113395 9.5860357 2
15.847326 2.0537302 10.282193 8
15.842835 2.4277525 10.300954 64
16.377983 3.20347 10.06572 3
15.933695 2.8178387 10.388449 64
16.418945 3.6189525 10.137509 16
15.929007 2.4731801 10.985381 61
16.030972 3.2179379 10.484524 57
16.383968 4.0182109 10.169029 47
15.946632 2.0420725 11.634253 7
16.091085 2.8746531 11.113657 63
16.134043 3.631896 10.590068 40
16.348736 4.4253855 10.205034 38
15.990137 2.4077549 11.667784 8
16.205069 3.2735353 11.22109 54
16.219097 4.0469952 10.69068 40
15.951001 4.722898 10.02482 16
16.291744 3.6770332 11.311857 50
16.329927 4.4773407 10.819594 37
15.882057 5.1150298 10.052299 31
16.381945 4.0822096 11.418044 38
15.858731 4.7389927 10.571218 16
16.655245 5.7962613 10.624621 25
16.454258 4.4976788 11.516665 15
15.85517 5.1375804 10.635742 15
16.737144 6.2672811 10.766521 28
15.789478 4.6996613 11.10345 3
16.835632 5.8910556 11.364607 24
17.03146 6.8383303 11.056382 27
15.682487 5.059587 11.085634 4
16.921515 6.3624349 11.509044 17
17.161802 7.3722186 11.250091 26
17.267065 7.9033165 11.445287 31
14.976971 7.0222602 11.485283 5
15.11662 8.13202 11.359017 6
14.983845 7.4440618 11.576296 10
15.107874 7.9362497 11.768571 13
18.048046 12.680696 13.892785 20
18.475172 14.380726 14.14179 21
18.266039 13.470618 14.283418 17
18.807055 15.356552 14.671482 27
17.193184 10.576694 13.775487 22
18.098898 12.577094 14.422786 17
18.59038 14.383441 14.778595 18
18.444735 15.795404 14.682489 12
17.039133 11.032113 13.804934 14
18.356539 13.395982 14.834939 14
18.199411 14.76812 14.731779 8
18.120684 12.328909 14.85699 19
17.995516 13.775605 14.776587 7
17.817207 12.727656 14.790993 7
17.871725 15.914419 15.02171 11
17.35169 17.065018 14.760226 10
16.766462 17.256828 14.605845 21
17.405605 15.30968 15.022904 7
16.108452 17.366137 14.392444 17
17.422232 14.33283 15.086616 11
17.087912 15.737352 15.02362 10
16.722235 17.076984 14.977394 8
15.581203 17.589672 14.289578 12
16.791086 16.189301 15.053365 14
16.251089 17.377569 14.897943 13
14.974625 17.715567 14.114713 7
16.391436 16.554306 15.001011 7
15.608137 17.475 14.663056 14
15.464239 19.163534 14.991235 8
16.510895 15.621572 15.03033 8
16.030962 16.947823 14.988557 13
15.031363 17.627626 14.486379 12
15.006797 19.484425 14.981578 16
16.219027 16.068232 15.0389 10
15.673821 17.340008 14.985033 12
14.472339 17.770025 14.322064 11
14.543954 19.793732 14.978924 16
15.885902 16.476822 15.026109 14
15.15026 17.558598 14.83467 11
13.917161 17.907829 14.164512 12
14.08953 20.124956 14.992226 8
15.523666 16.863663 14.994409 16
14.635525 17.771906 14.69868 13
13.396161 18.074089 14.04334 5
13.599615 20.396555 14.975374 16
15.205666 17.312534 15.015734 8
14.039178 17.869555 14.479661 12
13.862202 19.627359 14.986701 13
13.09745 20.64204 14.948976 17
14.807313 17.677336 14.968484 12
13.450539 17.963451 14.265762 13
13.386641 19.910723 14.951187 14
12.631463 20.955544 14.975868 12
14.214189 17.794336 14.73217 12
12.922994 18.118599 14.118402 9
12.958982 20.257402 14.978377 11
12.102584 21.154202 14.931736 16
13.627923 17.902313 14.506832 14
12.435566 18.311453 14.014116 5
12.484331 20.531788 14.960423 13
11.606748 21.397644 14.930698 16
13.11131 18.089558 14.350598 16
12.866323 19.913265 14.978121 9
12.018964 20.826698 14.961905 12
11.09663 21.606741 14.916345 17
12.529426 18.153986 14.127089 10
12.397298 20.184906 14.940633 12
11.521596 21.044472 14.9313 10
10.611336 21.859278 14.945436 16
12.053971 18.373438 14.027384 7
11.949785 20.504787 14.942072 11
11.059199 21.350433 14.958302 17
10.129154 22.119284 14.983304 9
12.454676 19.991478 14.97373 9
11.512018 20.842596 14.961145 9
10.568727 21.593714 14.949079 14
9.5848217 22.24909 14.93569 16
12.029065 20.35829 14.981812 16
11.03984 21.131796 14.949015 13
10.076221 21.829958 14.94485 9
9.0565414 22.393415 14.910681 17
11.580982 20.694862 14.971823 14
10.567469 21.419449 14.949927 16
9.5693254 22.043924 14.929491 13
11.136271 21.05372 14.980087 12
10.092257 21.703524 14.951937 10
9.0339518 22.177652 14.873981 13
8.0297346 22.749809 14.926315 10
10.669242 21.372799 14.971236 12
9.6059971 21.980671 14.952953 12
8.5528288 22.442667 14.911712 6
7.4758968 22.794952 14.862889 13
10.198524 21.698311 14.973455 11
9.0932665 22.189335 14.919301 14
8.0450115 22.651739 14.916821 10
6.9071045 22.766695 14.759524 12
9.6986046 21.975885 14.948421 9
8.5773153 22.393515 14.892849 9
7.5011148 22.743229 14.854829 14
6.3826637 22.873949 14.746264 14
9.2046633 22.264053 14.937184 15
8.0944443 22.708977 14.936593 10
6.9556684 22.831079 14.79913 12
5.8510885 22.942997 14.718017 16
8.7131243 22.585512 14.950429 7
7.5381117 22.803196 14.849187 14
6.415463 22.920534 14.749306 15
5.310277 22.946714 14.661903 12
8.1896162 22.835974 14.932211 9
7.0028744 22.95513 14.815017 12
5.8795824 23.009253 14.713539 13
4.7691102 22.933064 14.596633 21
7.6272388 22.968124 14.843424 13
6.454473 23.071102 14.757006 9
5.336833 23.046806 14.652781 11
4.2385836 22.927351 14.550053 17
7.096159 23.197662 14.826457 14
5.8967309 23.131487 14.678473 13
4.7858076 23.050039 14.577027 13
3.7136841 22.917204 14.50618 19
6.5241814 23.30728 14.74092 14
5.3519363 23.227812 14.628412 12
4.2588706 23.124798 14.553339 13
3.1900253 22.906176 14.467774 15
5.9673986 23.457708 14.691031 11
4.7894115 23.256199 14.541787 12
3.7183559 23.120344 14.487023 14
2.6716058 22.879303 14.425772 16
5.4357691 23.709742 14.710609 10
4.2457328 23.341122 14.503749 14
3.1866498 23.165878 14.460219 13
2.1594651 22.863798 14.400276 14
4.843801 23.738859 14.600715 14
3.7031929 23.437059 14.479926 15
2.6566153 23.18491 14.428495 13
1.6420245 22.761871 14.325017 17
4.2718859 23.824074 14.536625 14
3.1497374 23.474808 14.424994 13
2.1188056 23.147875 14.367221 12
1.1310241 22.712383 14.294559 15
3.7025661 23.930405 14.499395 11
2.6027071 23.538855 14.402381 12
1.5908828 23.126728 14.326761 18
0.63279927 22.668217 14.277615 10
3.1230631 24.000971 14.442551 13
2.049367 23.512043 14.326567 14
1.0640506 23.054316 14.259388 16
0.13164045 22.549395 14.213326 16
2.1582272 20.469732 12.252751 5
1.4972235 23.54137 14.294563 14
0.5422017 23.009541 14.215023 13
-0.344257 21.178349 13.369064 8
1.9655603 24.050337 14.303478 13
0.94878948 23.506968 14.229853 13
0.020676719 22.914358 14.148293 21
-0.8096931 21.229441 13.42378 15
1.3862258 24.114691 14.263571 10
0.4019329 23.493023 14.18376 12
-0.49603897 22.90164 14.137763 14
-1.2860765 21.358181 13.534807 14
0.80836236 24.163492 14.233884 8
-0.14653803 23.455976 14.134036 17
-1.0082768 22.798145 14.080112 6
-1.7647647 21.484219 13.650132 22
0.22775503 24.164345 14.181137 10
-0.69154227 23.456835 14.117248 11
-1.4439658 21.512489 13.300571 8
-2.2479024 21.591482 13.762721 19
-0.35574293 24.110762 14.104053 13
-1.2349526 23.388899 14.067812 15
-1.935341 21.543692 13.342537 11
-2.7489798 21.754139 13.915441 13
-0.93548191 24.102947 14.065318 14
-1.7832062 23.386272 14.058183 9
-2.4337823 21.635963 13.424769 15
-1.5191495 24.083759 14.02231 17
-2.3215015 23.285233 14.001767 15
-2.9497514 21.7754 13.541012 19
-3.6286085 21.236004 13.703019 16
-2.0960236 23.998842 13.956192 13
-3.4571331 21.820219 13.609437 19
-4.0356097 20.855356 13.52479 21
-3.1658156 21.487909 12.956035 63
-3.8819072 21.371471 13.379127 19
-4.1879516 19.361967 12.628743 23
-3.6815345 21.512121 12.997028 28
-4.0737739 19.822277 12.462107 24
-4.516715 18.87245 12.384171 38
-3.4767118 21.543341 12.528047 67
-4.0087333 20.503098 12.422004 50
-4.4077859 19.236763 12.150456 18
-4.2142196 16.013752 10.585684 21
-3.9555492 21.232016 12.364252 32
-4.3055553 19.56036 11.889644 19
-4.1108203 16.217434 10.304302 3
-4.4510317 15.535334 10.341281 68
-4.2027035 19.847134 11.580735 17
-4.525197 18.481487 11.281489 21
-4.3211851 15.554365 9.9410057 69
-4.841928 15.623085 10.476153 76
-4.44488 18.733402 10.961407 23
-4.2442861 15.704202 9.6365366 43
-4.7096109 15.589238 10.024675 84
-5.1813154 15.515959 10.488068 40
-4.1801338 15.859194 9.3172226 41
-4.5999241 15.563495 9.597331 83
-5.1095996 15.632242 10.118474 71
-5.2998466 14.795554 10.087234 37
-4.5034056 15.539016 9.1648455 69
-4.924428 15.338017 9.511385 35
-5.1143327 14.524359 9.4728241 36
-5.2769308 13.778314 9.4798937 41
-4.8759694 15.41948 9.1351643 30
-5.0648999 14.579604 9.0988941 35
-5.235878 13.858379 9.1121101 37
-5.3942032 13.20884 9.174613 51
-5.1790137 15.087495 8.9852457 60
-5.343915 14.294365 8.9843388 58
-5.4793224 13.570979 8.9996443 73
-5.5825305 12.870331 9.0289354 58
-5.5624146 13.878123 8.7900429 2
-5.8299036 12.685754 8.9933472 22
-5.4226789 10.016815 7.3588471 51
-5.8073511 11.935013 7.3830538 54
-5.5151477 9.6800795 7.2036233 54
-5.3419571 10.319556 6.4519949 1
-5.4186692 9.938261 6.6134801 62
-5.5158148 9.6388731 6.8203816 65
-5.7811475 9.6623096 7.2833753 64
-5.4158335 9.8609943 6.2309232 63
-5.5285645 9.5985832 6.4631028 65
-5.8205452 9.6651821 6.9254389 70
-6.1034045 9.7265263 7.4307189 55
-5.5846467 9.6074009 6.140327 67
-5.8736954 9.6700401 6.5896335 63
-6.1611423 9.7349758 7.067853 65
-6.3579926 9.6652184 7.4892263 51
-5.9579439 9.7044992 6.2759938 58
-6.2261314 9.7340555 6.721077 50
-6.3668122 9.5773897 7.0508513 46
-6.4271703 9.3304415 7.3389258 54
-6.2863741 9.7021933 6.3551421 42
-6.3618283 9.4534454 6.6192617 48
-6.4269724 9.2136564 6.8855367 30
-6.5098891 9.0276327 7.2129793 50
-6.3706942 9.3285122 6.1968756 24
-6.4420357 9.1036739 6.4690962 43
-6.5052447 8.8947363 6.7523623 54
-6.5701513 8.7126236 7.0757599 48
-6.4433446 8.9596586 6.0414495 60
-6.5075154 8.755744 6.3217535 63
-6.5655584 8.5657568 6.6101112 64
-6.6262631 8.4085703 6.9446182 50
-6.5197563 8.6137695 5.9001794 60
-6.572866 8.4227753 6.1824889 62
-6.6307254 8.2617121 6.4859552 65
-6.6833711 8.1164665 6.8224764 56
-6.5812435 8.2687731 5.7598076 70
-6.6391063 8.1107368 6.0572872 71
-6.6908469 7.9656105 6.366806 65
-6.739368 7.8383555 6.7104125 62
-6.6594367 7.960845 5.6456981 66
-6.6983151 7.8047719 5.9371362 69
-6.7558722 7.6846733 6.2588086 67
-6.7844024 7.5593224 6.5953512 63
-6.7186899 7.6468682 5.5255122 70
-6.768311 7.5217423 5.8331218 72
-6.8108258 7.4075241 6.1517572 75
-6.8402076 7.3001018 6.497376 68
-6.77879 7.3467193 5.4163613 74
-6.8163972 7.2295237 5.7219491 70
-6.8627915 7.1352792 6.049674 71
-6.8950219 7.0518227 6.4054003 70
-6.8339405 7.0534978 5.310164 68
-6.8644695 6.9482517 5.6177826 70
-6.9127164 6.8739829 5.953608 72
-6.9458027 6.8084855 6.3194203 71
-6.8860035 6.770225 5.2110038 70
-6.9352689 6.6980023 5.5378423 69
-6.9566116 6.6146417 5.8595343 69
-6.9994926 6.5741472 6.2385044 70
-6.8437018 6.4096742 5.0521698 71
-6.9841084 6.4386725 5.4498086 70
-7.0152664 6.3783159 5.7836447 68
-7.0391989 6.3347564 6.152534 71
-6.8350053 6.0941834 4.9246755 63
-7.0338588 6.1883111 5.3698235 68
-7.0669131 6.1429477 5.707736 68
-7.0957088 6.1173763 6.0857253 71
-6.8926611 5.8538232 4.8547659 65
-7.0895147 5.9489474 5.2979116 68
-7.1115408 5.9095297 5.6338124 67
-7.14224 5.8989444 6.0168715 69
-6.9483156 5.6154304 4.7878442 65
-7.1242833 5.7014894 5.2178645 67
-7.1621375 5.6850982 5.5679197 68
-7.1838064 5.6814704 5.9489775 67
-6.9900131 5.3759623 4.7178507 64
-7.0845261 5.4048085 5.0893168 65
-7.2027316 5.4616113 5.5009961 66
-7.2233491 5.4669785 5.8820906 67
-7.0405979 5.1484952 4.6589456 64
-7.0754671 5.1401849 4.9890323 61
-7.2452188 5.2441382 5.4391308 82
-7.2667079 5.2615147 5.8243032 67
-7.0920076 4.9260778 4.6051264 62
-7.1098752 4.9177213 4.9271665 84
-7.293519 5.0347209 5.3853755 85
-7.306973 5.0590596 5.7685513 67
-7.1423326 4.7106481 4.5563507 65
-7.167099 4.7153044 4.8844752 64
-7.3427591 4.8322821 5.337657 71
-6.6043968 4.3618021 5.1360421 1
-6.627326 4.1413307 4.1568027 92
-6.63129 4.1400247 4.4468246 79
-6.6410894 4.1566958 4.7569666 80
-6.6397209 4.1861863 5.0921288 77
-6.6666422 3.9448898 4.1151142 90
-6.6685705 3.9516072 4.4051819 79
-6.6832905 3.9782786 4.7173796 79
-6.6748676 4.0136905 5.0515275 77
-6.7058754 3.7533584 4.0774231 104
-6.7117004 3.771039 4.3715391 80
-6.7233891 3.8026779 4.6817389 77
-6.7109518 3.8440807 5.0118957 79
-7.2315021 3.8262839 4.3336463 30
-7.1586542 3.8096235 4.598309 31
-7.0399604 3.7807989 4.8397522 25
-6.8435011 3.731663 5.0488243 23
-7.4031615 3.6920681 4.3756123 58
-7.3690143 3.7074952 4.6715612 77
-7.3944368 3.764035 5.0199132 77
-7.5478134 3.9167144 5.5031657 57
-7.502182 3.5206058 4.3771477 58
-7.4033012 3.5118251 4.6357603 77
-7.4226956 3.5743532 4.9801245 75
-7.61584 3.7491517 5.4896274 65
-7.5902123 3.3431027 4.3766418 78
-7.4494734 3.325192 4.610064 79
-7.4638534 3.3917046 4.9514294 78
-7.654983 3.5705018 5.4589434 64
-7.6573439 3.1545274 4.3650131 87
-7.4806762 3.1354887 4.5803018 81
-7.514924 3.2170639 4.9338069 81
-7.695106 3.3928425 5.4312682 63
-7.7154846 2.9649031 4.3523483 92
-7.5377569 2.9558592 4.5676789 82
-7.5530601 3.0373755 4.9091082 75
-7.7252884 3.2121413 5.3985276 63
-7.7666659 2.7742312 4.3386292 112
-7.5729561 2.7701378 4.5439186 75
-7.5782747 2.8536289 4.8783216 75
-7.7803426 3.0444837 5.38692 63
-7.8168659 2.5815454 4.325891 109
-7.6061316 2.5863905 4.5231619 79
-7.6233697 2.6799252 4.8636532 76
-7.8055401 2.8647461 5.3541517 61
-7.8590412 2.389823 4.313139 104
-7.6541934 2.4067135 4.5135045 78
-7.6643829 2.506253 4.8490157 74
-7.8465066 2.6941068 5.3375468 60
-7.8981051 2.1981602 4.3014412 100
-7.6862221 2.2240314 4.4968209 74
-7.6983724 2.3295834 4.8323674 74
-7.8844643 2.5224621 5.3209372 61
-7.9351788 2.0044808 4.2907276 102
-7.7183938 2.0432844 4.4843454 77
-7.7454786 2.1588829 4.8259802 76
-7.9206319 2.3497291 5.3044934 62
-7.9724536 1.8136954 4.2831964 109
-7.7684197 1.8655816 4.4827099 80
-7.7855005 1.9861537 4.8173323 74
-7.9367361 2.1739428 5.2777457 63
-8.0115585 1.6239375 4.2794676 105
-7.8064609 1.6868219 4.4780283 81
-7.8175464 1.8103869 4.8066425 74
-7.9647784 2.0021799 5.2610593 61
-8.0486689 1.4321628 4.2767229 99
-7.8474832 1.5090615 4.4773617 83
-7.8565488 1.6376287 4.8029914 73
-7.9918194 1.8304073 5.2453699 60
-8.0897427 1.2433842 4.2800069 106
-7.8994803 1.3313338 4.4837356 82
-7.8935523 1.4648589 4.7993345 78
-8.023839 1.6586363 5.2356992 62
-8.1427851 1.0546353 4.2913365 115
-7.9345078 1.1515251 4.4840426 82
-7.9295535 1.2910661 4.7966743 80
-8.0418758 1.4867978 5.2189856 60
-8.1948252 0.8638562 4.3046603 109
-7.9814925 0.97273606 4.493403 83
-7.9804921 1.119296 4.8070807 76
-8.0808506 1.3170178 5.2163577 61
-8.2348804 0.67202032 4.3149366 112
-8.0384512 0.79296839 4.5107951 83
-8.0194635 0.94548309 4.8114357 81
-8.1138277 1.1462018 5.2137051 60
-8.2899036 0.48023111 4.3342686 108
-8.0884237 0.61216879 4.5261593 85
-8.0554419 0.76964784 4.816772 78
-8.1378174 0.97534716 5.2080202 61
-8.3329535 0.28538483 4.3505445 116
-8.1124525 0.42826724 4.530416 79
-8.0964003 0.59381855 4.827126 77
-8.18575 0.80456406 5.217423 59
-8.3789892 0.089533009 4.3718271 113
-8.1554461 0.24342617 4.5457377 80
-8.1493301 0.41802275 4.8455248 79
-8.2326727 0.63376099 5.2298226 63
-8.4228067 -0.10854528 4.3931322 114
-8.2021866 0.058370598 4.5681086 83
-8.1840906 0.23795766 4.8558722 79
-8.2913532 0.46179363 5.250289 62
-8.4518604 -0.30748376 4.4113441 85
-8.2491531 -0.1284852 4.5914397 81
-8.2300272 0.058110394 4.8762307 77
-8.3582306 0.28703213 5.2787457 63
-8.4769249 -0.50744087 4.4285369 58
-8.2951336 -0.31835115 4.6157537 79
-8.2679729 -0.12176999 4.8935609 76
-8.4241171 0.11026043 5.3081913 62
-8.4800205 -0.70848954 4.4376478 55
-8.3441019 -0.5102272 4.646071 78
-8.3199177 -0.30761462 4.9209156 79
-8.4830132 -0.067543447 5.3356071 62
-8.4631281 -0.90661806 4.4387002 57
-8.3791084 -0.70515746 4.6703243 75
-8.3628721 -0.49349785 4.9452386 74
-8.538949 -0.25136003 5.3619866 62
-8.4871826 -1.1106173 4.4638748 59
-8.4380713 -0.90302157 4.7106524 79
-8.4068203 -0.6813941 4.973557 73
-8.5759087 -0.43424657 5.379302 63
-8.5152397 -1.3186163 4.4940462 83
-8.480072 -1.1029521 4.7439103 81
-8.4577799 -0.87427199 5.0068793 77
-8.6258469 -0.62111223 5.4086475 64
-8.1696138 -1.4609039 4.3291688 37
-8.5340719 -1.3088543 4.7861853 81
-8.5267181 -1.0721052 5.0532451 59
-8.6638308 -0.81101102 5.4299374 64
-7.9597931 -1.6157377 4.2387247 93
-8.1884661 -1.4460766 4.6073303 43
-8.5657024 -1.2690485 5.0855079 79
-8.7068024 -1.0029079 5.4582314 61
-8.0097828 -1.82268 4.286972 87
-7.970674 -1.5948734 4.5018706 84
-8.2900801 -1.4169619 4.932837 42
-8.7627802 -1.1997589 5.4965353 65
-8.0657701 -2.0326097 4.3422198 88
-8.0106497 -1.7938321 4.5431094 84
-7.9754162 -1.5450064 4.7591162 75
-8.4942093 -1.3505857 5.3338771 40
-8.8035479 -2.4362643 4.7690501 60
-8.0636129 -1.9977651 4.5953732 84
-8.0163574 -1.7369498 4.7983909 83
-8.0607653 -1.4599061 5.0688128 47
-8.8686743 -2.6792049 4.8381834 67
-8.8282518 -2.3994217 5.0573111 67
-8.0543184 -1.9329147 4.8386369 82
-7.9928117 -1.6251539 5.0358152 77
-8.911808 -2.9182363 4.8992548 70
-8.8743525 -2.6304173 5.11443 66
-8.0902815 -2.1309004 4.880868 37
-8.0407391 -1.816065 5.0771208 77
-8.9629593 -3.1662617 4.969317 68
-8.9954424 -2.8881865 5.2176991 70
-9.0917625 -2.6089358 5.5093169 67
-8.0756855 -2.0070286 5.1133804 60
-9.02215 -3.4252722 5.0463586 69
-9.2065649 -3.1866877 5.37711 69
-9.15588 -2.8488712 5.5764618 70
-9.1083679 -3.700211 5.1444364 67
-9.2777853 -3.4476244 5.4602132 71
-9.2240696 -3.0947642 5.6506386 70
-9.1391287 -2.6940165 5.8261662 69
-9.3988228 -4.0734377 5.3628693 74
-9.3540974 -3.7205298 5.5513191 72
-9.2742872 -3.3407323 5.7167578 73
-9.1972599 -2.9279478 5.8873563 70
-9.4950638 -4.3784766 5.4758844 73
-9.4271631 -3.9976866 5.644383 76
-9.339242 -3.6009333 5.7958789 74
-9.2531404 -3.1671522 5.9515209 73
-9.5621653 -4.6797538 5.5797739 63
-9.5033092 -4.2868218 5.7423067 69
-9.4173841 -3.8709641 5.8868465 74
-9.3322773 -3.4231014 6.0315347 74
-9.662529 -5.0067983 5.7075381 66
-9.5775833 -4.5829077 5.846118 71
-9.4885998 -4.1480093 5.9777341 72
-9.3874321 -3.6761439 6.1014733 75
-9.7519455 -5.342906 5.8352199 63
-9.6538982 -4.8900099 5.9558845 68
-9.5528536 -4.4320946 6.0685625 73
-9.4446135 -3.9371982 6.1763816 73
-9.8363876 -5.686058 5.9658494 65
-9.7382507 -5.2101126 6.0756187 67
-9.6311321 -4.7301688 6.1743755 67
-9.516839 -4.2132211 6.2632742 70
-9.9298868 -6.0472169 6.1094275 65
-9.8156586 -5.541265 6.1972766 68
-9.7034454 -5.0342784 6.280138 73
-9.5840816 -4.4952922 6.3541198 68
-10.026273 -6.4260163 6.2613583 66
-9.9108963 -5.8920107 6.3363714 71
-9.7675467 -5.3470535 6.3863325 70
-9.6750669 -4.7969284 6.4645 72
-10.124936 -6.8211913 6.424931 61
-9.981431 -6.244194 6.4660368 69
-9.862999 -5.6861014 6.518146 68
-9.7324247 -5.0940113 6.5553651 64
-10.110453 -7.1507215 6.5223956 81
-10.100066 -6.6382794 6.6356874 66
-9.9504967 -6.034204 6.6518917 67
-9.8138285 -5.4140625 6.6702142 59
-9.7272863 -7.2173281 6.3857222 66
-10.183718 -7.0264993 6.7902403 72
-10.039059 -6.3983364 6.7935696 64
-9.8972778 -5.7461333 6.7920175 59
-9.43925 -7.3436589 6.310122 66
-9.9278288 -7.1836801 6.7226157 79
-10.147696 -6.7884417 6.955205 63
-10.007825 -6.1091466 6.935781 49
-9.4758949 -7.7241058 6.4565516 54
-9.5807819 -7.2670832 6.5940251 85
-10.135287 -7.1098542 7.0417628 81
-10.055452 -6.4452877 7.0445061 58
-10.697654 -9.1343622 7.4346805 42
-9.4491749 -7.5058661 6.6145568 70
-9.7813416 -7.1921906 6.8941841 75
-10.16315 -6.8343492 7.2011895 67
-10.809692 -9.665864 7.6707587 57
-9.4705153 -7.8754959 6.749042 33
-9.5049877 -7.3195815 6.8007064 73
-10.113177 -7.1301594 7.2547665 67
-10.739944 -9.3520737 7.7979398 33
-9.4823837 -7.6432061 6.892076 69
-9.734128 -7.1915684 7.0729914 77
-13.819758 -12.598441 10.232256 3
-9.4669123 -7.984808 6.9953513 4
-9.4812098 -7.3326602 6.982316 65
-10.933022 -9.6529789 8.2199669 2
-9.4697208 -7.6641917 7.0746517 61
-11.070523 -12.417135 8.8417606 93
-11.682794 -12.181354 9.2249851 10
-10.726601 -12.591983 8.8015928 60
-11.336986 -12.362116 9.1627808 105
-10.73705 -13.193148 9.0587673 91
-10.918877 -12.456036 9.0447149 95
-10.347913 -13.313118 8.9896908 80
-10.839965 -12.937305 9.2121096 44
-11.213391 -12.385693 9.3289003 100
-11.492146 -11.653159 9.3441706 37
-9.9436293 -13.400097 8.9057608 67
-10.595447 -13.233911 9.248847 100
-10.820365 -12.500457 9.2149773 88
-11.303841 -11.985406 9.3760405 44
-9.557354 -13.502021 8.8389692 51
-10.195251 -13.331786 9.1530237 86
-10.836827 -13.099485 9.4573717 83
-11.16673 -12.383586 9.4577961 77
-9.171998 -13.588929 8.7702475 51
-9.7980213 -13.425655 9.0602274 74
-10.483917 -13.264212 9.3884153 94
-10.796872 -12.531224 9.3478546 67
-8.7956285 -13.677815 8.7085466 50
-9.4057207 -13.508503 8.9694986 74
-10.07073 -13.34603 9.264616 71
-10.789298 -13.107263 9.5622692 76
-8.4212265 -13.761694 8.6478758 47
-9.0304432 -13.605324 8.8947678 59
-9.6885834 -13.452798 9.1688156 60
-10.427447 -13.268938 9.4712944 83
-8.0598087 -13.851558 8.6012278 59
-8.656127 -13.695132 8.8190727 62
-9.3023624 -13.54457 9.0700703 57
-10.025352 -13.364672 9.3434753 59
-7.7063861 -13.945405 8.5615892 45
-8.2817249 -13.770947 8.7454414 57
-8.9170723 -13.624336 8.9713812 56
-9.6302252 -13.459397 9.2226839 56
-7.3468971 -14.023252 8.5150003 41
-7.9203386 -13.856735 8.6828089 57
-8.5428085 -13.717096 8.8856735 59
-9.2470913 -13.560105 9.1139088 63
-6.9887958 -14.090272 8.4706306 45
-7.5674577 -13.958752 8.6343174 56
-8.167942 -13.797121 8.8002167 49
-8.8503323 -13.639174 8.9983969 61
-6.6432695 -14.171074 8.4380627 44
-7.2099891 -14.032503 8.5747366 49
-7.8176718 -13.904824 8.7385111 40
-8.4801416 -13.739844 8.9036522 50
-5.9892764 -13.543763 7.9945216 16
-6.8645535 -14.12326 8.5321226 39
-7.4532733 -13.979532 8.660902 53
-8.1139164 -13.837511 8.8139324 47
-5.6646256 -13.603453 7.9641185 47
-6.5140295 -14.193007 8.4815845 51
-7.0989046 -14.06925 8.5982599 47
-7.7405992 -13.916199 8.7202721 41
-5.6326051 -14.422482 8.3764048 35
-5.8569961 -13.538581 8.0091467 50
-6.7394395 -14.135954 8.526701 49
-7.3833652 -14.020869 8.6435528 44
-5.2939363 -14.484277 8.3529425 42
-5.5495877 -13.653252 7.996562 21
-6.062511 -13.486549 8.0341673 8
-7.0149703 -14.088543 8.5539579 40
-4.9623241 -14.56308 8.3404293 41
-5.4924417 -14.427255 8.3719597 55
-5.7410674 -13.57617 7.9926419 57
-6.6596498 -14.181221 8.4822979 44
-4.6367087 -14.648894 8.3389063 42
-5.1548786 -14.504014 8.3424339 55
-5.4327073 -13.695817 7.9740305 4
-5.9827557 -13.530773 7.9807634 24
-4.3070469 -14.723713 8.3334169 48
-4.8253236 -14.588772 8.3229017 52
-5.3636279 -14.471808 8.3323793 38
-5.6493111 -13.609384 7.9222422 39
-3.9813404 -14.792521 8.3309679 42
-4.4927087 -14.661535 8.3014097 55
-5.023098 -14.547533 8.2918453 47
-5.597384 -14.41328 8.2805309 38
-3.6587126 -14.887387 8.3464146 45
-4.1620874 -14.737311 8.2859116 49
-4.6845551 -14.623262 8.2553186 39
-5.2469387 -14.492985 8.2229443 46
-3.3309433 -14.945202 8.3440046 45
-3.8324866 -14.823125 8.2803717 56
-4.3490119 -14.705013 8.2277756 51
-4.9025497 -14.579686 8.1753454 41
-3.0043514 -15.017042 8.3525372 56
-3.5060947 -14.908902 8.2778406 56
-4.0087166 -14.774724 8.1962614 50
-4.5594087 -14.664349 8.1317492 44
-2.685034 -15.115915 8.3809795 43
-3.1767535 -14.981676 8.2723598 53
-3.673471 -14.854455 8.1747255 50
-4.2122021 -14.745067 8.0891523 46
-2.359479 -15.183817 8.39851 46
-2.8452597 -15.062565 8.2747917 55
-3.3389838 -14.936303 8.1591244 53
-3.867763 -14.825885 8.052516 50
-2.0317962 -15.257796 8.4189634 44
-2.5156629 -15.140489 8.2802191 55
-3.0024385 -15.008171 8.1435518 48
-3.522316 -14.900713 8.0168953 39
-1.7101834 -15.34882 8.456357 43
-2.183027 -15.203409 8.2806978 54
-2.6650946 -15.094169 8.1357965 69
-3.1810944 -14.998679 7.9980707 45
-1.3796142 -15.41292 8.478735 47
-1.8525541 -15.286457 8.2970114 57
-2.3285508 -15.183068 8.1351986 46
-2.8335052 -15.069499 7.9695349 45
-1.0498053 -15.489915 8.5152426 47
-1.5179415 -15.369477 8.3153896 54
-1.9859878 -15.252038 8.1265736 55
-2.4861684 -15.163495 7.9547663 47
-0.71637613 -15.550095 8.5437822 65
-1.1826236 -15.447569 8.3369637 56
-1.6467422 -15.340059 8.1351194 52
-2.1348586 -15.227407 7.9293795 53
-0.38361079 -15.612137 8.5783701 40
-0.84292668 -15.526588 8.3594065 59
-1.3041455 -15.427051 8.1455107 52
-1.784604 -15.331417 7.9306684 45
-0.050222803 -14.913372 8.2002831 62
-0.50339311 -15.597649 8.3838892 79
-0.95568371 -15.501075 8.151947 67
-1.4319805 -15.417349 7.9250565 42
0.27074826 -14.978292 8.2448959 47
-0.15770876 -14.918808 8.0117226 56
-0.60978836 -15.578927 8.1674576 72
-1.0743436 -15.492032 7.918704 46
0.63173038 -15.876357 8.7496099 66
0.17327555 -14.959665 8.0282602 79
-0.24981126 -15.055624 7.8733802 37
-0.71524131 -15.580285 7.9237142 55
0.97831273 -15.941228 8.7989864 65
0.53575206 -15.849447 8.5019999 87
0.091975421 -14.986941 7.8184323 73
-0.34926596 -15.613876 7.9042692 49
1.3269647 -16.014446 8.8594532 79
0.89123058 -15.926628 8.5444298 82
0.43456241 -15.019862 7.8190994 4
0.010909492 -14.938239 7.5340028 75
1.6844774 -16.104788 8.9328241 81
1.2496964 -16.01087 8.5948219 83
0.82504547 -15.91709 8.2737579 90
0.36544815 -15.007284 7.5414243 14
2.041265 -16.179136 9.001194 82
1.6154742 -16.088202 8.6461201 89
1.1937405 -16.001385 8.313014 83
0.76303178 -15.899454 7.9650073 82
2.4050961 -16.260572 9.0774794 91
1.9832305 -16.16958 8.7043915 98
1.5683933 -16.089739 8.3562288 94
1.1446145 -15.98978 7.993187 82
2.7728834 -16.337109 9.1567249 74
2.3578196 -16.255163 8.7685032 99
1.9478942 -16.177273 8.4033127 95
1.532059 -16.084265 8.0262318 86
3.155566 -16.448814 9.2587767 71
2.7406046 -16.353645 8.8437014 97
2.3367147 -16.260637 8.4515753 89
1.925715 -16.174679 8.0623837 77
3.5364552 -16.52442 9.3450012 69
3.1274209 -16.422222 8.907897 92
2.7302997 -16.335253 8.5017691 95
2.3280005 -16.263296 8.0996742 86
3.9279797 -16.61223 9.4423885 88
3.5258305 -16.531 8.9981966 89
3.1357529 -16.449944 8.5759592 97
2.736737 -16.352798 8.1458244 81
4.325911 -16.701937 9.5465689 66
3.9346442 -16.630709 9.0872908 86
3.5413687 -16.524574 8.6352034 91
3.1591692 -16.461514 8.2038565 86
4.7346053 -16.802847 9.6646929 78
4.3453369 -16.718473 9.1764727 90
3.9652336 -16.626225 8.7122669 98
3.5870156 -16.565063 8.2649183 86
5.1487775 -16.894482 9.7808762 73
4.7664766 -16.810036 9.2746439 76
4.3932409 -16.729359 8.8004637 93
4.0209937 -16.649412 8.3228188 88
5.4958243 -16.749014 9.7639847 41
5.1955967 -16.895615 9.3734283 105
4.8348894 -16.834347 8.8907938 91
4.4706531 -16.754955 8.3971329 70
5.7122359 -16.231586 9.5319891 69
5.5357056 -16.683447 9.3119516 56
5.2940722 -16.948587 8.9908199 112
4.931582 -16.862276 8.4776506 81
6.1288333 -16.298979 9.6477699 35
5.7939701 -16.249537 9.1291409 94
5.5872531 -16.545069 8.821579 36
5.4040332 -16.961914 8.5574198 100
6.9238887 -17.281879 10.31343 66
6.2245603 -16.308611 9.22717 5
5.9107733 -16.271761 8.728488 83
5.6464224 -16.367496 8.2930222 45
7.3657846 -17.321451 10.427625 62
7.0626488 -17.345951 9.8864946 79
6.731802 -17.277779 9.3228455 79
6.0661626 -16.320597 8.3126554 71
7.8521562 -17.429701 10.588281 65
7.5609078 -17.461765 10.032973 61
7.2390332 -17.394527 9.4512949 62
6.9184303 -17.340118 8.8817129 66
8.3393154 -17.522242 10.751904 53
8.0647125 -17.564041 10.183349 70
7.7576361 -17.508659 9.5879002 72
7.4572496 -17.468105 9.0063143 67
8.8646259 -17.653072 10.944736 69
8.5893364 -17.660868 10.334727 93
8.2971783 -17.622658 9.732007 65
8.0150108 -17.591524 9.1352177 64
9.4152918 -17.806778 11.158058 50
9.117156 -17.745094 10.485497 64
8.8648071 -17.749966 9.8875942 62
8.5929899 -17.725157 9.2756729 62
10.025592 -18.018579 11.418819 48
9.6650352 -17.830591 10.646647 65
9.4659309 -17.913588 10.075269 63
9.2007151 -17.866716 9.431694 49
10.526722 -18.012993 11.554179 73
10.270303 -17.980326 10.85831 53
10.074356 -18.045673 10.255851 51
9.8238974 -18.002047 9.5940123 53
10.699953 -17.447206 11.330419 52
10.630519 -17.693766 10.812357 67
10.594312 -17.987541 10.337227 63
10.472107 -18.143274 9.7687445 83
11.3234 -17.627153 11.588404 64
11.083007 -17.570841 10.864575 69
10.850913 -17.506571 10.173516 67
10.713556 -17.586245 9.5682735 52
11.543787 -17.170122 11.444132 54
11.359339 -17.157001 10.746847 62
11.469744 -17.586329 10.345963 120
11.346288 -17.653343 9.7175379 80
11.557152 -16.427385 11.104723 57
11.510925 -16.579432 10.529458 63
11.751733 -17.139244 10.219268 3
11.714613 -17.303522 9.6478043 9
11.65785 -15.849681 10.872437 64
11.769337 -16.169691 10.416415 45
11.790707 -15.340981 10.68511 70
12.020644 -15.775056 10.316177 15
11.912522 -14.84761 10.510357 62
12.095748 -15.359702 8.9456129 17
12.111965 -14.467451 10.412248 45
12.19435 -14.752556 8.7345304 48
12.335594 -14.125969 10.344726 18
12.328869 -14.207778 8.5636311 42
12.468895 -13.693825 8.4088001 71
11.849938 -12.475743 9.4821577 83
11.847819 -12.454062 8.8924637 73
11.89465 -12.476912 8.3604269 99
11.930088 -12.487257 7.8204398 91
12.160092 -12.268747 9.5101051 38
12.228057 -12.291116 8.9544287 51
12.296524 -12.3137 8.424139 42
12.382672 -12.350421 7.899014 37
12.701797 -12.285113 9.7205458 99
12.735423 -12.24585 9.1127005 96
12.777401 -12.215846 8.5395422 100
12.819885 -12.179214 7.9657125 92
12.803986 -11.871032 9.5983648 68
12.850223 -11.817966 8.9908304 83
12.884547 -11.76368 8.41294 106
12.928672 -11.705028 7.8365326 96
12.949056 -11.395479 8.8727531 31
12.995473 -11.327241 8.2958508 104
13.040928 -11.254015 7.7229729 82
13.042116 -10.977337 8.7561636 101
13.095572 -10.894159 8.1813421 103
13.151069 -10.806011 7.6105337 87
13.146953 -10.577387 8.6535721 105
13.202905 -10.478944 8.0816507 99
13.254462 -10.367762 7.5060019 84
13.277008 -10.20339 8.5727701 107
13.321844 -10.074064 7.9890122 92
13.372563 -9.9488792 7.4173298 89
13.340143 -9.792079 8.4590635 102
13.401901 -9.6589527 7.8873758 94
13.469691 -9.5238876 7.3226752 90
13.456088 -9.423254 8.3840542 98
13.518855 -9.2771807 7.814446 93
13.571692 -9.115036 7.2409406 92
13.479963 -9.2226505 8.9078217 33
13.54575 -9.0484352 8.3013229 95
13.619606 -8.8884373 7.7357354 93
13.65656 -8.7071838 7.1613822 91
13.522702 -8.8434267 8.8031864 60
13.639632 -8.6815662 8.2253532 96
13.711668 -8.5075245 7.6617284 98
13.755788 -8.309289 7.088305 91
13.61105 -8.4975719 8.7306938 73
13.730997 -8.3187561 8.1570578 88
13.798129 -8.1266403 7.5916247 95
13.852699 -7.9194698 7.0244107 95
13.718199 -8.163703 8.6718702 90
13.825251 -7.9618011 8.0923462 102
13.893332 -7.7487679 7.5250931 90
13.963519 -7.539782 6.9717202 72
13.792777 -7.8157296 8.5981627 91
13.903932 -7.596858 8.0206881 98
13.271906 -7.0085683 7.090157 110
13.352176 -6.7997818 6.5717936 77
13.868939 -7.478116 8.5339041 92
13.28167 -6.8838477 7.5624819 89
13.354023 -6.6629872 7.0371518 91
13.426479 -6.4381351 6.5177484 72
13.245109 -6.784658 8.0478249 87
13.357543 -6.5519414 7.5103145 94
13.704858 -6.4431334 7.1264491 24
14.243517 -6.4107947 6.821352 94
13.314263 -6.4687881 7.9924083 82
14.094827 -6.5271091 7.8244824 80
14.228274 -6.2926159 7.3090053 99
14.327778 -6.0378847 6.7797318 86
14.151981 -6.5047569 8.3923893 79
14.231433 -6.2107115 7.8084373 96
14.314002 -5.935832 7.2652993 96
14.423587 -5.674201 6.7470112 86
14.178581 -6.1575179 8.3157864 85
14.315289 -5.869894 7.7653546 91
14.397892 -5.584033 7.2273107 97
14.507538 -5.3054085 6.7111421 98
14.265224 -5.8327045 8.2718172 83
14.387893 -5.5270047 7.7217164 91
14.489593 -5.2323012 7.1966434 96
14.592316 -4.939642 6.6805573 81
14.33776 -5.5098195 8.2290363 95
14.464558 -5.1901708 7.6849313 86
14.571369 -4.8835268 7.1668491 97
14.683219 -4.5769563 6.6597495 99
14.417371 -5.1920152 8.1940956 97
14.541259 -4.8533506 7.6500921 96
14.646139 -4.534719 7.1380925 94
14.755065 -4.2131433 6.6340909 82
14.51195 -4.8773222 8.1701784 81
14.624917 -4.5216026 7.6273055 83
14.727889 -4.1859622 7.1153836 93
14.84091 -3.8574567 6.6213512 87
14.566543 -4.555357 8.1293602 88
14.705644 -4.1908574 7.6043901 97
14.808727 -3.8432577 7.1004725 96
14.92285 -3.4957664 6.6085162 95
14.635202 -4.2365165 8.0973921 88
14.769412 -3.8550141 7.5764894 85
14.881601 -3.4935017 7.0805779 95
15.015824 -3.1391923 6.6055584 71
14.703927 -3.9157174 8.0693512 85
14.864206 -3.5284224 7.5674195 80
14.966471 -3.1468451 7.0706658 92
15.09077 -2.7734759 6.5958009 88
14.796578 -3.6010709 8.0563574 89
14.929959 -3.1886017 7.5466251 91
15.044306 -2.8011515 7.0648532 93
15.169695 -2.4128051 6.5940461 77
14.865217 -3.2822604 8.0344639 86
15.003704 -2.8558609 7.5347705 86
15.124162 -2.4524767 7.0610423 96
15.255655 -2.0522137 6.602263 71
14.936881 -2.9614835 8.0165625 81
15.090478 -2.5242298 7.5328627 73
15.210023 -2.1058609 7.0652199 88
15.330605 -1.6865358 6.6065769 74
15.011524 -2.6427379 8.0067005 76
15.161217 -2.1894844 7.529098 87
15.291862 -1.7592205 7.0724659 83
14.683766 -1.2638091 6.3106685 10
15.086178 -2.3229887 7.9978352 81
15.241998 -1.8538133 7.5312667 84
15.337727 -1.4023286 7.0658331 75
14.714614 -0.91185641 6.307065 77
15.148839 -2.0001562 7.9870224 77
15.317766 -1.5130788 7.532527 82
14.659607 -1.000242 6.7340121 86
14.787466 -0.55810136 6.3235259 19
15.232467 -1.6773454 7.9914107 81
14.623497 -1.1126209 7.164988 85
14.737395 -0.65938687 6.7495975 105
13.838898 -0.19012921 5.9127564 4
15.326106 -1.3485473 7.9988961 53
14.685022 -0.78696823 7.1717734 88
14.580576 -0.31277555 6.663682 4
13.908467 0.14090498 5.9378538 2
14.604337 -0.96956211 7.5928631 79
14.685517 -0.45499587 7.148747 2
13.841171 0.022996644 6.3195982 3
13.97834 0.47888651 5.9650426 2
14.671037 -0.65543526 7.5979738 80
13.784746 -0.118952 6.6982074 2
13.900936 0.34606764 6.338757 3
14.010162 0.81711024 5.9823537 2
14.390173 -0.33078107 7.4282942 4
13.828402 0.19115831 6.7053623 3
13.955714 0.67196476 6.3599343 4
14.115141 1.1625267 6.0334377 2
13.720572 -0.016729506 7.0638604 3
13.903147 0.50573415 6.7324195 2
14.053615 1.006355 6.4029942 5
14.176073 1.5091406 6.0686727 2
13.84639 0.28663969 7.10849 3
13.968901 0.82448894 6.7552681 3
14.111415 1.3421108 6.4328957 4
16.155029 2.1178446 6.9201283 58
13.886972 0.59249836 7.1115994 3
14.038671 1.1521029 6.7823668 4
14.206346 1.6875125 6.4809804 2
16.22529 2.525424 6.971467 69
13.96969 0.90113229 7.1424379 3
14.133545 1.4806653 6.8281698 2
16.175653 2.3082302 7.3815041 86
16.332685 2.9429116 7.0414672 47
14.220446 1.8153292 6.8719463 2
16.253899 2.7059362 7.4345217 69
16.443132 3.3683639 7.1174788 31
14.158325 1.5404336 7.2188263 2
16.163902 2.4370577 7.8095489 71
16.337187 3.1105273 7.4936609 55
16.532589 3.7988288 7.1917548 20
16.093657 2.1109741 8.194397 49
16.261131 2.8315208 7.8667169 62
16.43856 3.5269163 7.5638986 36
16.650192 4.2490606 7.2810683 10
16.171707 2.4826107 8.2325382 66
16.37043 3.2338803 7.9348698 36
16.545027 3.9562457 7.6431661 18
16.381714 4.5968642 7.2102947 4
16.250822 2.8652277 8.2747164 73
16.45973 3.6423705 7.9961114 24
16.679632 4.4033732 7.7384024 11
15.993846 4.9034653 7.0877662 9
16.357048 3.2596433 8.3338423 39
16.564119 4.0607386 8.0693359 23
16.084051 4.6464634 7.503336 5
16.086071 5.3531861 7.1815662 5
16.484663 3.6656616 8.4127903 12
16.637621 4.4842 8.1357002 14
16.011044 5.0319471 7.513165 9
17.077938 6.1412249 7.6821475 14
16.555367 4.0667553 8.4646912 18
15.975207 4.6962361 7.8473115 7
17.010021 5.786644 8.0303497 11
17.18928 6.6460233 7.8012686 14
16.608053 4.472259 8.5115471 19
15.996997 5.1007457 7.8940992 12
17.105484 6.262311 8.1320591 11
17.285463 7.1586804 7.9220376 14
15.993105 4.6899085 8.2241344 12
16.984888 5.8447652 8.4240837 10
17.205767 6.7593408 8.2439175 14
17.408754 7.6970096 8.0608969 22
15.999033 5.0817904 8.2547407 13
17.086929 6.3154182 8.5220385 11
17.312078 7.2678843 8.3619957 17
17.509018 8.2447662 8.1945286 32
17.183708 6.8085008 8.6339579 8
17.422594 7.8001356 8.5005398 13
17.637989 8.8273592 8.3600731 35
17.57172 8.3671055 8.6586599 8
17.756287 9.417469 8.5252094 50
17.906229 10.046404 8.7060966 55
17.654247 10.457527 8.7032948 38
17.91287 10.111282 9.1156435 54
17.258432 10.784413 8.6350889 52
17.960527 9.6126413 9.3977671 4
17.574118 10.466318 9.0556107 26
17.898752 10.112329 9.4612255 44
17.247454 10.816004 9.0060072 50
17.579666 10.462835 9.4001122 25
17.877619 9.9922915 9.7514038 33
17.227888 10.792969 9.3236017 39
17.710123 10.429695 9.7507706 40
18.399952 12.124955 10.076537 23
18.458576 13.444663 10.075336 28
18.737652 15.016796 10.216704 32
17.251598 10.682994 9.5703773 45
18.240656 12.617271 10.093824 27
18.590179 14.196618 10.283897 24
18.961252 15.924322 10.514806 38
17.243034 11.231244 9.6695795 9
18.366688 13.336634 10.309946 32
18.762627 15.034746 10.560473 26
18.664524 16.434071 10.571273 49
18.213991 12.459011 10.325446 27
18.55699 14.138304 10.566947 23
19.204151 16.128357 11.003698 33
18.486828 17.062918 10.698633 10
18.362814 13.181251 10.543113 26
18.990156 15.171803 10.992282 21
18.663284 16.429766 10.913644 38
18.807112 14.172111 10.943866 25
19.186192 16.066635 11.295772 32
18.920128 14.946138 11.161804 32
17.58102 16.988056 10.716411 6
18.962355 15.690432 11.345388 9
17.827551 19.84074 11.388023 11
17.807602 19.777956 11.625197 12
19.742752 22.948299 13.209647 9
17.771044 19.627346 11.778569 8
21.193724 25.819469 14.568994 12
19.662125 22.749401 13.339787 9
20.937714 25.379707 14.562947 11
19.876417 22.73345 13.537839 10
19.74544 27.789471 14.834453 12
18.62879 29.051355 14.826888 15
19.626656 27.48654 14.845928 11
17.117353 29.618656 14.732106 13
16.26417 29.689354 14.594645 13
19.756924 27.366123 14.883687 12
18.410328 28.462456 14.83249 11
15.505672 29.898304 14.54183 21
17.740934 28.866693 14.790642 11
16.367762 29.761612 14.741177 14
14.71638 30.03677 14.45761 18
17.131544 29.37151 14.826718 14
15.52289 29.825521 14.600722 14
13.96425 30.239117 14.424228 14
17.907234 28.83535 14.809136 12
16.446232 29.768787 14.791836 11
14.751619 30.004498 14.509688 15
13.194887 30.372992 14.358859 28
17.323328 29.41691 14.829448 18
15.592153 29.832388 14.606136 14
14.009774 30.24703 14.450405 14
12.44838 30.546221 14.315854 28
16.527346 29.63308 14.681213 15
14.820581 30.035265 14.498012 21
13.241771 30.398657 14.366337 18
11.698786 30.70071 14.272292 15
15.720583 29.808374 14.523871 17
14.038905 30.207228 14.385601 14
12.479056 30.542362 14.289753 20
10.969336 30.877005 14.250792 22
14.917861 29.976618 14.348714 16
13.282375 30.395992 14.27295 20
11.736482 30.724844 14.21367 19
10.248778 31.05514 14.22324 18
14.132533 30.154947 14.219505 23
12.511714 30.54274 14.173647 17
10.994047 30.8862 14.163407 17
9.5256195 31.243137 14.2231 23
13.36249 30.348146 14.105218 13
11.740819 30.68627 14.077888 21
10.242392 31.043589 14.112325 13
8.8061028 31.436533 14.231413 17
12.56035 30.484625 13.964422 14
10.993112 30.878199 14.012139 17
9.5137129 31.219288 14.084394 20
8.079669 31.596834 14.233694 23
11.805987 30.692663 13.877518 17
10.245479 31.066589 13.955991 19
8.7830954 31.390743 14.063125 16
7.3447714 31.699572 14.221108 27
11.035156 30.86393 13.777292 27
9.4999199 31.224928 13.894672 18
8.0491619 31.551235 14.036842 19
6.6375742 31.89679 14.256658 17
10.281425 31.048971 13.693623 20
8.7561178 31.380064 13.838374 17
7.3260508 31.72736 14.029323 20
5.9407773 32.195919 14.337748 15
9.5360632 31.259844 13.628627 14
8.0086861 31.533571 13.786697 25
6.6040487 31.907318 14.034011 20
5.197155 32.205986 14.304004 13
7.2729387 31.706032 13.766826 21
5.8793154 32.115566 14.065129 14
4.4530964 32.174755 14.273499 10
6.542913 31.911402 13.758967 21
5.1492214 32.26997 14.071707 22
3.7037745 32.083618 14.204931 15
5.785306 32.023766 13.707644 14
4.4105444 32.381783 14.0619 13
2.9628024 31.949661 14.12817 13
5.052002 32.232719 13.713731 15
3.6867709 32.667576 14.134917 11
2.2426119 31.947821 14.11682 18
4.3085685 32.404949 13.711255 19
1.5116256 31.759926 14.026256 13
3.5564077 32.580708 13.715348 21
0.79654908 31.595167 13.957482 12
2.8032858 32.723179 13.714337 17
1.4261887 32.536171 13.977813 10
2.0481517 32.910622 13.739104 14
0.68278182 32.490593 13.940182 11
-0.60959649 31.311428 13.858856 11
2.6746318 32.793259 13.259223 11
1.2823354 33.162628 13.797785 20
-0.056924079 32.310368 13.852139 10
1.8985335 33.048096 13.290237 16
1.1034763 33.153774 13.265476 17
-0.26619276 33.408981 13.832769 12
-2.3753526 27.434248 12.230777 61
0.31129235 33.378967 13.299351 15
-0.87201297 27.416744 11.341362 6
-1.9304005 27.331301 11.738382 45
-2.8221443 25.813822 11.546275 22
-0.4913027 33.470787 13.290397 21
-1.5233108 27.565039 11.391731 11
-2.5630791 27.396711 11.782087 30
-2.8655643 21.673464 9.7366266 15
-2.1577637 27.389563 11.312025 70
-2.9563522 25.253912 10.879581 12
-3.3225684 21.433929 9.66677 95
-2.7002184 26.260616 10.848561 12
-3.0125594 21.419287 9.2587709 64
-3.7234359 20.925379 9.4819021 22
-2.4046757 27.419315 10.815882 51
-2.773957 21.888992 9.0562239 10
-3.5150876 21.438692 9.2920856 74
-3.9497674 19.653727 8.9541063 24
-2.8540485 25.444117 10.032229 16
-3.2211275 21.410185 8.8740273 114
-3.8305621 20.445534 8.8968573 23
-4.3533068 19.444862 8.9077158 19
-2.9384139 21.415972 8.4458923 54
-3.7350047 21.389286 8.8803339 85
-3.9987175 16.120443 7.4364123 3
-3.4765313 21.477964 8.4709368 108
-4.2123885 15.510071 7.2041593 66
-3.9265492 21.005775 8.2922049 25
-4.1074872 15.799394 6.9785943 44
-4.583046 15.51701 7.2572951 92
-3.998069 16.05699 6.738584 9
-4.4080205 15.502886 6.8879204 80
-4.976819 15.576035 7.3384981 92
-4.2470188 15.482766 6.5265636 88
-4.8246531 15.614953 6.9793916 97
-5.1442161 14.953626 7.10395 48
-4.1158452 15.577706 6.2015996 54
-4.6677594 15.58211 6.5988407 95
-5.0827284 15.207627 6.8429785 45
-5.2733288 14.296332 6.8511558 47
-4.4980345 15.499264 6.1920538 84
-5.0195394 15.432556 6.5714107 65
-5.2133827 14.497231 6.5726032 51
-5.4025049 13.707632 6.6284542 48
-4.9258513 15.565419 6.2441459 88
-5.1612172 14.684151 6.2935915 53
-5.3423886 13.856701 6.3351688 50
-5.5170035 13.146019 6.4212694 50
-5.1019206 14.856378 5.990324 50
-5.2942142 13.999919 6.042778 55
-5.4688935 13.272292 6.1197982 69
-5.6242495 12.618444 6.2261062 54
-5.253089 14.156194 5.7414212 50
-5.4270349 13.391502 5.8242421 64
-5.5874915 12.729688 5.9235239 65
-5.7227001 12.117678 6.0429816 59
-5.3802924 13.483802 5.5055809 46
-5.5448213 12.801955 5.6147776 64
-5.6939416 12.21097 5.7403636 61
-5.826818 11.663851 5.882134 59
-5.5050983 12.876292 5.2960963 56
-5.6532917 12.253312 5.4225631 58
-5.8059697 11.742226 5.576561 53
-5.3383689 10.113221 5.1670027 62
-5.6085253 12.275774 5.0887289 57
-5.7682123 11.768631 5.2587252 65
-5.3146811 10.151492 4.8801775 50
-5.4110689 9.7271767 5.0314188 67
-5.6002169 11.505013 4.8131366 50
-5.2723732 10.129728 4.5780053 40
-5.389554 9.7484369 4.7425027 74
-5.6254239 9.6150312 5.0374212 72
-5.262805 10.164982 4.2991772 28
-5.3758569 9.7617188 4.4606538 72
-5.6056767 9.6204042 4.7365441 75
-5.9603219 9.7009754 5.1487169 73
-5.3611979 9.7600727 4.1706276 61
-5.586134 9.6057615 4.441411 73
-5.9576836 9.7144547 4.8437543 84
-6.246943 9.6919184 5.2153015 85
-5.5856977 9.6091204 4.1514091 63
-5.9563942 9.7108278 4.5437198 81
-6.0920072 9.4472895 4.7747979 66
-6.2125688 9.1886253 5.0188642 69
-5.9592404 9.7051907 4.2406945 77
-6.0690932 9.3926268 4.4534855 63
-6.1529713 9.0800076 4.6552176 66
-6.2415957 8.8112669 4.8871651 60
-6.2188673 9.5941544 4.2457585 81
-6.1429186 9.033371 4.3439393 67
-6.2126575 8.7347078 4.5466728 71
-6.2951107 8.4889393 4.7836905 58
-6.2846761 9.1969633 4.1269512 71
-6.3028493 8.8152122 4.3022056 52
-6.2791367 8.4194059 4.4523001 72
-6.3465967 8.1785879 4.6863236 69
-6.3603759 8.8377352 4.0244098 71
-6.4459076 8.5820103 4.2544036 77
-6.3435717 8.1160622 4.3649964 68
-6.4029708 7.891211 4.6000795 70
-6.4320121 8.4934654 3.9289372 71
-6.5045004 8.249691 4.1589613 73
-6.4447279 7.8707504 4.3070583 62
-6.4702148 7.630816 4.5299954 70
-6.5095491 8.1701822 3.8435822 69
-6.5729446 7.946352 4.0776787 70
-6.6094213 7.7114811 4.2966638 69
-6.5264773 7.3673892 4.456872 67
-6.5763154 7.8529406 3.7598448 71
-6.6366143 7.6460776 3.9960191 68
-6.6938143 7.4611788 4.2372885 93
-6.5848594 7.1130338 4.3884349 70
-6.6397052 7.5475101 3.6835556 68
-6.6899543 7.3536119 3.9187682 67
-6.7470822 7.185699 4.163115 88
-6.6538963 6.8845229 4.3345137 66
-6.7010603 7.2510605 3.6093004 70
-6.738276 7.0661139 3.8435247 40
-6.8042645 6.9271846 4.0990262 83
-6.777627 6.7140598 4.3169794 64
-6.7583632 6.96457 3.540082 40
-6.8154001 6.8166366 3.7885215 64
-6.8594089 6.6756477 4.0379648 89
-6.8883905 6.5365582 4.2963839 70
-6.8185868 6.6930571 3.4779398 52
-6.8705711 6.558094 3.7284288 90
-6.9165015 6.4350939 3.9819601 90
-6.9553642 6.3209968 4.2505174 93
-6.8837538 6.4335246 3.423866 65
-6.9266968 6.3095307 3.6733863 88
-6.9705877 6.1965222 3.9269595 89
-7.0033956 6.0943923 4.1975589 87
-6.9369197 6.174953 3.3677711 87
-6.9768052 6.0619402 3.6193366 92
-7.0066867 5.9519019 3.8678937 93
-7.0474038 5.8687811 4.1435995 89
-6.9920039 5.9253688 3.3177261 91
-7.024869 5.8193426 3.5663085 94
-7.0616465 5.7312889 3.8239822 95
-7.0893688 5.6501436 4.093668 90
-7.0460696 5.680769 3.2697008 90
-7.0758772 5.5887198 3.5203407 93
-7.1136107 5.5106654 3.7790632 92
-7.1342912 5.4394836 4.0507798 86
-7.1100454 5.4531593 3.2317762 95
-7.1318364 5.3660879 3.480422 92
-7.1535811 5.2889986 3.7331135 90
-7.1871662 5.2378349 4.0119514 87
-7.1590452 5.2205048 3.1907961 109
-7.1827874 5.1454368 3.4405015 100
-7.2124443 5.0863457 3.700294 90
-7.2340264 5.0381536 3.9751196 90
-7.203043 4.9878302 3.1498053 109
-7.2337008 4.9307609 3.4056091 110
-7.2623248 4.8806705 3.6644411 94
-7.2669344 4.8324442 3.9322119 93
-6.5504947 4.2987685 2.8151331 37
-6.5642152 4.2487707 3.0409012 117
-6.5818834 4.2067714 3.2707312 111
-6.6024256 4.1826925 3.5206661 101
-6.579391 4.0940051 2.7801952 120
-6.5940609 4.0510187 3.0050297 109
-6.6136627 4.0210142 3.2379351 106
-6.6351638 4.0069342 3.4889185 104
-6.612216 3.8952422 2.7493415 132
-6.6348205 3.8662636 2.9792581 115
-6.6464272 3.8382511 3.2071545 106
-6.6569262 3.8271465 3.4541271 100
-6.6629677 3.7105017 2.7285898 131
-6.6715832 3.6824956 2.9524798 99
-6.7050834 3.6755173 3.1915209 39
-6.7753553 3.7055023 3.4698129 35
-7.2052588 3.7907617 2.9071307 35
-7.3015599 3.8138514 3.1844473 36
-7.3728714 3.8338399 3.4626954 41
-7.394228 3.8436477 3.7377875 36
-7.4873958 3.712491 2.9793725 138
-7.4939156 3.6963706 3.2263126 107
-7.5093637 3.693243 3.4823322 119
-7.5207047 3.7080169 3.7564259 99
-7.5352111 3.5107291 2.9595342 129
-7.5436821 3.5056069 3.2085297 113
-7.5521193 3.5074661 3.4615571 110
-7.5614343 3.5292368 3.7346785 102
-7.5720301 3.3079331 2.9376681 130
-7.5844688 3.3108218 3.1877089 110
-7.5958581 3.3236835 3.4427934 113
-7.5991683 3.3494496 3.71192 94
-7.6148133 3.1111324 2.9218423 133
-7.6342087 3.1240387 3.1739445 116
-7.6246319 3.1338656 3.4189696 110
-7.6348886 3.1716492 3.690167 102
-7.6655679 2.9183393 2.9110529 134
-7.6769524 2.9362328 3.1591604 119
-7.672338 2.9550741 3.4052379 111
-7.6765766 2.9988439 3.6744499 98
-7.708334 2.7225223 2.8982337 133
-7.708715 2.7443964 3.1413372 115
-7.7180338 2.7772634 3.3935108 111
-7.7152743 2.8240335 3.6567223 98
-7.7490826 2.5296867 2.8874278 130
-7.7584214 2.5605814 3.1335926 116
-7.761735 2.5974483 3.3807714 108
-7.7549467 2.6522074 3.6430109 100
-7.7980046 2.3393676 2.8808694 132
-7.8043127 2.3772535 3.1260588 118
-7.7966132 2.4180982 3.3682315 114
-7.802772 2.4828913 3.6335454 99
-7.8407497 2.1485276 2.8740716 143
-7.835083 2.1883912 3.1132114 117
-7.8413491 2.2412603 3.3614368 113
-7.8355327 2.3100367 3.6197095 107
-7.8845396 1.9586622 2.8711822 143
-7.8798304 2.0055432 3.1083896 123
-7.8780713 2.0624125 3.3506498 111
-7.8642154 2.1371794 3.6049664 117
-7.9312644 1.7678192 2.8683965 140
-7.9195318 1.8216819 3.103621 73
-7.9177408 1.8865509 3.3459179 114
-7.9108548 1.9693451 3.6002865 107
-7.971981 1.5779464 2.8666012 141
-7.9642196 1.6398244 3.1018705 125
-7.9554257 1.708689 3.3391697 73
-7.9574943 1.8014994 3.5976033 115
-8.0027113 1.3860378 2.8637729 86
-7.9979291 1.4539322 3.0980763 43
-7.9911046 1.5308046 3.3354166 45
-7.9911642 1.6286303 3.5888689 49
-8.0504122 1.1971583 2.8689954 45
-8.0416136 1.2710552 3.0993178 44
-8.0317793 1.3529345 3.3326747 43
-8.0298166 1.4577619 3.5841546 44
-8.1001139 1.006281 2.8752139 135
-8.0942879 1.0871851 3.1065748 114
-8.078433 1.17706 3.3359551 44
-8.0614767 1.2858753 3.5774209 44
-8.1458139 0.81538337 2.8824232 144
-8.135972 0.90228605 3.1108031 115
-8.136075 1.0002042 3.3442554 114
-8.1091003 1.117004 3.5807362 94
-8.1995115 0.6224981 2.8936415 140
-8.1806479 0.71738887 3.1170382 117
-8.1717443 0.82029533 3.345494 119
-8.1487455 0.94411528 3.5810156 85
-8.2402124 0.42856637 2.9038265 134
-8.2243261 0.530478 3.1252625 110
-8.2163992 0.64039755 3.3517525 111
-8.187376 0.77321303 3.5833025 109
-8.2799129 0.2336302 2.914005 130
-8.2670021 0.34255335 3.1354804 110
-8.2560549 0.4594745 3.3589976 115
-8.2280178 0.59831613 3.5855784 105
-8.3296013 0.037702162 2.9302058 113
-8.3096819 0.15162104 3.1466894 108
-8.2897148 0.2775355 3.3642282 105
-8.2716465 0.42441115 3.5918677 101
-8.3763037 -0.16123338 2.9453871 105
-8.3533592 -0.039312135 3.158901 104
-8.3343782 0.091615312 3.3744648 107
-8.3132858 0.24649784 3.5981343 93
-8.4150047 -0.36120486 2.9615464 113
-8.4040308 -0.23224223 3.1761186 96
-8.3810272 -0.093311608 3.3877103 106
-8.3449287 0.068554953 3.6023796 94
-8.4767056 -0.56712979 2.9867282 101
-8.4487095 -0.4282001 3.1943095 92
-8.4206896 -0.28126103 3.3999274 82
-8.3995485 -0.10934606 3.6166749 101
-8.5184164 -0.77310896 3.0068672 83
-8.4903994 -0.62716651 3.2114775 85
-8.4713421 -0.47119927 3.4181516 94
-8.4391842 -0.29129624 3.6279078 98
-8.5671177 -0.98209172 3.0319908 93
-8.550065 -0.82711238 3.2376645 83
-8.5199966 -0.66415489 3.4373469 84
-8.4828253 -0.47623852 3.6401289 84
-8.6248217 -1.1950642 3.0621133 95
-8.5977592 -1.0330905 3.2607975 85
-8.5616512 -0.85914022 3.4545302 85
-8.532445 -0.66320175 3.6573756 86
-8.5925322 -1.3982688 3.0621157 51
-8.6424313 -1.2411187 3.2849519 86
-8.6153002 -1.0591289 3.4787354 90
-8.5750818 -0.85318416 3.6716006 89
-8.048274 -1.5075977 2.8824399 42
-8.4791527 -1.4165813 3.2327974 44
-8.6639576 -1.2611351 3.5029182 95
-8.6167164 -1.0451847 3.6888144 87
-7.9109306 -1.6770344 2.8473687 107
-7.9768791 -1.5217402 3.0522306 44
-8.4456921 -1.4236674 3.4207036 43
-8.6653509 -1.2401779 3.7100296 85
-7.9635758 -1.8840709 2.8825362 120
-7.9265208 -1.7029697 3.0442934 97
-7.9664221 -1.5267103 3.2351954 45
-8.4920712 -1.404579 3.6369035 45
-8.0072317 -2.0941374 2.9166706 101
-7.9801407 -1.9040033 3.0794909 96
-7.9330368 -1.7038938 3.2313135 94
-8.0047941 -1.501595 3.4334199 46
-8.9229126 -2.5565624 3.2695458 59
-8.0295162 -2.1113029 3.113658 104
-7.9783649 -1.8981776 3.259531 99
-7.9371357 -1.6670327 3.409508 91
-8.9967232 -2.8075655 3.3215466 90
-8.9194345 -2.5635791 3.4755046 74
-8.0240278 -2.0981841 3.2897067 103
-7.9897733 -1.8590028 3.4377358 94
-9.0555515 -3.0626137 3.3704975 91
-9.0192366 -2.8175197 3.5355496 99
-8.9419022 -2.5544777 3.6775951 61
-8.0334244 -2.0539992 3.4639304 87
-9.1324034 -3.3296344 3.4284329 69
-9.0710354 -3.0625722 3.5795317 95
-9.0106688 -2.7924786 3.7246468 91
-8.950202 -2.4943709 3.86689 62
-9.2032719 -3.6016834 3.4873326 69
-9.1318626 -3.3186181 3.629483 92
-9.06845 -3.0325036 3.7676649 90
-9.008955 -2.7233646 3.9039609 86
-9.2541409 -3.8727918 3.5421937 72
-9.1977062 -3.5826683 3.6844089 92
-9.1182528 -3.2785573 3.8096335 90
-9.0657024 -2.9543843 3.9440086 67
-9.3290453 -4.1628742 3.6100044 72
-9.2655458 -3.8517427 3.7442961 89
-9.1850529 -3.5326028 3.8625875 91
-9.1284838 -3.1973994 3.9870048 69
-9.4059696 -4.4619694 3.6817734 71
-9.3294268 -4.1318326 3.8041239 91
-9.254878 -3.7976565 3.9185028 91
-9.1832533 -3.4424582 4.0289922 70
-9.4618826 -4.7621474 3.7485173 76
-9.4073048 -4.4249387 3.8719552 71
-9.318716 -4.0727625 3.9743884 90
-9.2480488 -3.6995218 4.0779572 70
-9.5658875 -5.1002479 3.8371949 61
-9.4692097 -4.7230935 3.9377253 74
-9.3905754 -4.3558598 4.0362492 71
-9.3138533 -3.9625967 4.1298966 73
-9.6358681 -5.4294472 3.9188399 76
-9.5551586 -5.042222 4.0174513 75
-9.457448 -4.6449876 4.1000714 72
-9.3776941 -4.2356801 4.1817861 71
-9.7208939 -5.7776365 4.0104303 76
-9.6331224 -5.3673873 4.0981321 75
-9.5353699 -4.9531112 4.1718307 76
-9.4395399 -4.5137901 4.2376485 72
-9.8079691 -6.1438427 4.1069427 75
-9.714119 -5.7055655 4.1837597 78
-9.6233034 -5.2712393 4.2525659 75
-9.5354376 -4.8178596 4.3124657 75
-9.9020081 -6.5241265 4.2124329 71
-9.8090429 -6.0648723 4.2793012 76
-9.7030983 -5.6006012 4.3321667 79
-9.6201324 -5.1282382 4.3841214 77
-10.000916 -6.929667 4.3255892 71
-9.9038715 -6.4393768 4.3815956 76
-9.7968798 -5.9520478 4.4215689 85
-9.6698656 -5.4306264 4.4437847 81
-9.9677591 -7.2562933 4.3860836 95
-9.9568663 -6.8027158 4.4682403 74
-9.7907944 -6.2543507 4.4714913 59
-9.6357098 -5.6969042 4.4658055 50
-9.57407 -7.3123689 4.2912998 78
-9.8817472 -7.0892057 4.5030937 67
-9.7436552 -6.5347362 4.5064287 69
-9.6185617 -5.9751859 4.5028119 65
-9.3155994 -7.4632154 4.2563658 70
-9.6894264 -7.2888937 4.4870009 80
-9.8297739 -6.9179192 4.6050224 67
-9.7196331 -6.3382893 4.5964456 69
-9.4008532 -7.8935223 4.3815746 59
-9.3678827 -7.3847895 4.4128437 72
-9.8358202 -7.2562509 4.6714768 92
-9.7947311 -6.701447 4.6809392 65
-10.33001 -9.0845861 4.9141603 68
-9.3909883 -7.7541618 4.5021954 73
-9.4972601 -7.3371253 4.5793519 81
-9.9159212 -7.1075687 4.7943392 68
-10.459595 -9.6369486 5.0849085 58
-10.286965 -8.8943005 5.0219426 65
-9.3570356 -7.5707111 4.5819654 72
-9.6975737 -7.2802238 4.7480597 78
-10.889915 -10.506988 5.4148965 54
-10.451443 -9.4636898 5.2017775 60
-9.371933 -7.9362421 4.6634483 29
-9.3868275 -7.382216 4.6560836 72
-11.053405 -11.169712 5.628449 55
-10.827272 -10.264014 5.4991679 72
-10.616439 -9.4151926 5.370594 72
-9.4057446 -7.7396584 4.7295728 66
-11.215252 -11.86929 5.8536363 58
-10.992043 -10.903407 5.7025728 64
-10.770043 -9.9915056 5.548264 67
-10.558105 -9.0905256 5.3849268 51
-11.26564 -12.484879 6.0352273 101
-11.165562 -11.595819 5.9241261 63
-10.926312 -10.603896 5.7361808 57
-10.691171 -9.630909 5.5381579 64
-10.835453 -12.573512 5.963932 93
-11.326925 -12.309736 6.1513147 101
-11.076651 -11.243604 5.9316602 49
-10.858537 -10.225385 5.7178583 53
-10.6624 -12.957611 6.0377855 64
-11.014626 -12.520801 6.13062 104
-11.26757 -11.96305 6.1607828 53
-11.0012 -10.835751 5.8933725 49
-10.46946 -13.330666 6.1066213 102
-10.624116 -12.644938 6.0671468 94
-11.223988 -12.464783 6.2733688 114
-11.166894 -11.501206 6.0907283 52
-10.08645 -13.462128 6.0672708 79
-10.659055 -13.292178 6.2525067 97
-10.807348 -12.568533 6.1823173 114
-11.354532 -12.236465 6.3162732 70
-9.6498051 -13.516763 5.9973764 93
-10.25807 -13.400411 6.1904387 103
-10.682646 -13.002117 6.2613592 64
-11.093965 -12.507702 6.2976809 85
-9.2597246 -13.610398 5.9523535 92
-9.8640709 -13.507972 6.1313348 106
-10.482269 -13.358448 6.3025589 99
-10.67897 -12.594108 6.1935902 87
-8.8726358 -13.701057 5.9083648 81
-9.4660091 -13.594567 6.0693307 97
-10.079286 -13.457969 6.2254763 94
-10.694221 -13.200181 6.3441687 84
-8.4933786 -13.786869 5.8693461 81
-9.0726318 -13.673448 6.0082231 96
-9.6778107 -13.539944 6.1492515 96
-10.32882 -13.350219 6.2776418 95
-8.1176405 -13.862065 5.8321381 82
-8.6899672 -13.758597 5.9549527 88
-9.2892303 -13.638044 6.0799079 97
-9.9503469 -13.47426 6.2022033 89
-7.743907 -13.938248 5.7939301 81
-8.3183041 -13.849742 5.9096818 81
-8.8905478 -13.703146 6.0036902 94
-9.5257006 -13.531334 6.0989614 97
-7.3821936 -14.027434 5.7666926 71
-7.9456234 -13.933874 5.8614407 71
-8.5149317 -13.798242 5.9443927 86
-9.1622267 -13.66337 6.0355229 81
-7.0244455 -14.107606 5.7405062 68
-7.5779214 -14.016006 5.8182216 80
-8.1402674 -13.879324 5.8841615 81
-8.7595453 -13.720423 5.9463339 91
-6.6707067 -14.192777 5.7173076 72
-7.2242413 -14.110128 5.7839823 71
-7.7766347 -13.975405 5.8328886 80
-8.3809214 -13.804461 5.8730803 88
-6.0231791 -13.592772 5.4295206 3
-6.8665071 -14.187248 5.74681 67
-7.4139543 -14.058481 5.7816772 67
-8.0032625 -13.878491 5.7998743 84
-5.6802816 -13.62686 5.3985791 70
-6.5006833 -14.235366 5.7037516 77
-7.0442019 -14.118561 5.7265553 78
-7.6356134 -13.961524 5.735652 85
-5.3625479 -13.72598 5.394403 23
-5.8370318 -13.576263 5.383193 67
-6.6884875 -14.195627 5.6803894 78
-7.2719464 -14.042559 5.6754494 76
-5.30161 -14.521439 5.6636834 66
-5.5143065 -13.667325 5.3630428 72
-6.0249696 -13.57553 5.3616562 2
-6.9082947 -14.129594 5.6162224 73
-4.9587798 -14.589604 5.6515927 55
-5.4543695 -14.454713 5.6173644 78
-5.6901989 -13.641547 5.3225923 71
-6.5566301 -14.21862 5.5650153 74
-4.6179447 -14.658772 5.6425037 57
-5.1014915 -14.493808 5.5823822 76
-5.3644853 -13.730576 5.2934465 20
-5.8910584 -13.575482 5.2373805 36
-4.2790737 -14.716926 5.6324692 64
-4.7677279 -14.579927 5.568233 69
-5.2754221 -14.459901 5.5119648 74
-5.5543318 -13.649471 5.191277 73
-3.9482424 -14.794098 5.633369 56
-4.4339433 -14.661049 5.5551076 72
-4.9407039 -14.552982 5.4887819 69
-5.4732976 -14.377696 5.3938198 58
-3.6173933 -14.86828 5.6372824 63
-4.0970993 -14.723164 5.5390606 77
-4.5938802 -14.608048 5.453743 72
-5.1326256 -14.476748 5.3595963 62
-3.2835102 -14.930453 5.6372442 53
-3.7643194 -14.811311 5.5339069 75
-4.2560945 -14.68314 5.4316363 76
-4.7909083 -14.56179 5.3234344 65
-2.9540474 -15.030817 5.6536412 51
-3.4248307 -14.882668 5.5253954 75
-3.9156859 -14.766517 5.4120531 73
-4.4435496 -14.646204 5.289814 65
-2.6191514 -15.095971 5.6595974 65
-3.0930064 -14.962771 5.5222912 74
-3.5758908 -14.844583 5.3939385 73
-4.0987539 -14.713219 5.2557373 66
-2.2872517 -15.162126 5.6685572 77
-2.757158 -15.035888 5.5192103 77
-3.2411001 -14.928658 5.3818107 74
-3.7560127 -14.801254 5.2285728 67
-1.9573723 -15.242319 5.6884594 62
-2.4314158 -15.157069 5.538939 75
-2.9022563 -14.994729 5.3667545 72
-3.4152212 -14.875285 5.2024751 74
-1.62445 -15.305491 5.7024317 69
-2.097542 -15.227199 5.5418773 68
-2.567481 -15.09084 5.3645735 74
-3.0704453 -14.957343 5.1803341 72
-1.2915655 -15.386702 5.7253242 72
-1.7556111 -15.275321 5.5378952 76
-2.231708 -15.189966 5.3653789 65
-2.727663 -15.039407 5.1611977 78
-0.95769495 -15.476944 5.7551746 78
-1.4218305 -15.388536 5.5616436 78
-1.8797749 -15.22504 5.3434319 75
-2.3818958 -15.128488 5.1450243 70
-0.61584538 -15.575217 5.786972 80
-1.0749222 -15.4487 5.5645986 77
-1.5420183 -15.337215 5.3551755 82
-2.0320978 -15.208581 5.1288824 72
-0.27483943 -15.615414 5.8030305 56
-0.73305207 -15.529902 5.5804715 77
-1.1971824 -15.419372 5.3580375 74
-1.686349 -15.312715 5.1256433 71
0.063775085 -14.997508 5.5760241 77
-0.38921049 -15.62214 5.6032901 84
-0.84739578 -15.509564 5.3648448 83
-1.3376656 -15.423892 5.1283536 65
0.39273822 -15.025683 5.5921483 69
-0.042687349 -15.001281 5.3752584 73
-0.49763423 -15.586767 5.3706965 99
-0.9850316 -15.539099 5.1330285 77
0.76558876 -15.915459 5.931334 88
0.29216614 -15.058483 5.3922362 95
-0.14210735 -15.370543 5.2788482 64
-0.62432265 -15.667314 5.1437316 70
1.1225287 -16.027777 5.9842257 70
0.6674192 -15.868864 5.6770749 91
0.20105703 -15.020928 5.1479969 96
-0.26012349 -15.692277 5.1241784 79
1.486648 -16.126993 6.0343647 78
1.0272062 -15.956195 5.7088342 98
0.57806474 -15.850933 5.4177561 121
0.10067587 -15.007971 4.880599 88
1.84966 -16.200884 6.0814962 87
1.3925271 -16.015875 5.7333508 99
0.94419038 -15.928113 5.4347644 97
0.45187092 -15.028026 4.8658056 51
2.2177613 -16.255684 6.1199131 93
1.7614163 -16.117126 5.7757888 103
1.3172524 -16.011139 5.4531937 100
0.85704601 -16.016426 5.1629272 94
2.5911171 -16.345907 6.1734357 89
2.1344757 -16.194826 5.8110857 94
1.6917601 -16.085896 5.475513 98
1.2412137 -16.106211 5.1731462 91
2.9684789 -16.425982 6.2288475 95
2.5210385 -16.302767 5.8594484 95
2.0736611 -16.170612 5.503088 97
1.6304845 -16.18749 5.1878738 103
3.3619764 -16.528807 6.2940903 98
2.9093542 -16.393545 5.9056525 89
2.4676797 -16.272423 5.5370879 96
2.0252826 -16.280312 5.20576 92
3.756489 -16.617731 6.3592567 91
3.3097103 -16.50745 5.9637094 101
2.8641315 -16.364147 5.5723491 95
2.4303298 -16.37203 5.2262959 90
4.1559687 -16.685575 6.4179902 87
3.7153866 -16.597181 6.0163889 101
3.2747543 -16.463875 5.6128521 94
2.8354375 -16.432779 5.2408948 92
4.5731735 -16.803659 6.5004048 90
4.1426373 -16.749146 6.0945926 86
3.6858521 -16.552691 5.655376 90
3.2679102 -16.583504 5.2861753 79
4.9956174 -16.904972 6.5792179 88
4.5589776 -16.808378 6.1406455 104
4.1105742 -16.656607 5.7036524 88
3.68801 -16.639105 5.3067327 98
5.4288526 -16.99955 6.6611562 101
4.9911442 -16.904518 6.2076893 101
4.5352921 -16.712847 5.7421126 97
4.1182899 -16.713541 5.3388581 97
5.7008243 -16.594568 6.5519581 54
5.4448323 -17.00753 6.2817078 105
4.991302 -16.832914 5.8055267 86
4.5764098 -16.808619 5.3755927 97
5.9997225 -16.312206 6.4906564 91
5.7022514 -16.541624 6.1464267 62
5.4394431 -16.913406 5.8574886 106
5.0315781 -16.892042 5.4166279 89
6.7978439 -17.302509 6.9378929 80
6.0520973 -16.369368 6.1228342 80
5.7364669 -16.521917 5.749517 64
5.5014806 -16.990332 5.4645009 94
7.2788563 -17.415964 7.0456781 81
6.8490677 -17.3202 6.5241613 105
6.1163459 -16.392353 5.7368679 87
5.7691932 -16.468376 5.315331 54
7.7790394 -17.539955 7.1600718 66
7.3430529 -17.421898 6.611074 103
6.8952689 -17.261856 6.0749598 95
6.1737294 -16.376886 5.307425 81
8.2804012 -17.644096 7.2687111 71
7.8602929 -17.552311 6.713026 101
7.4231906 -17.403561 6.1636424 101
6.9970012 -17.291887 5.6270642 77
8.8155107 -17.775642 7.394526 71
8.3915272 -17.669577 6.8150091 96
7.9755855 -17.573689 6.2684278 88
7.5357885 -17.425638 5.7041316 76
9.3572721 -17.891264 7.5204496 70
8.9420118 -17.799301 6.9277415 93
8.5437765 -17.723534 6.3689203 77
8.0887671 -17.547455 5.7786326 75
9.9427719 -18.049395 7.6707859 63
9.5074968 -17.921209 7.0433073 86
9.1111765 -17.840372 6.4655247 82
8.672122 -17.694218 5.867178 76
10.523897 -18.171618 7.8118548 96
10.11083 -18.06925 7.1752534 65
9.7058182 -17.974073 6.5736012 73
9.2777157 -17.831926 5.9580526 70
10.772483 -17.718649 7.7101765 65
10.680243 -18.130184 7.279603 101
10.339122 -18.128136 6.696322 71
9.9156208 -17.998106 6.0647335 66
11.230919 -17.605534 7.7575741 63
10.868592 -17.551825 7.1298742 89
10.764307 -17.906399 6.6834898 65
10.560359 -18.132122 6.1682873 80
11.664857 -17.450218 7.7929339 74
11.499805 -17.670734 7.2697401 90
11.136703 -17.59659 6.6458683 91
10.854594 -17.651394 6.0706439 69
11.785603 -16.838995 7.6296663 75
11.720431 -17.171682 7.1613331 81
11.666739 -17.525553 6.7042699 67
11.436215 -17.641159 6.1362286 60
11.920575 -16.281645 7.4859962 64
11.854859 -16.561687 7.0061746 86
11.818081 -16.900974 6.555727 68
11.61543 -17.010887 5.9938169 63
12.040576 -15.729493 7.3460946 82
11.992689 -15.999243 6.8680196 102
11.916203 -16.230873 6.3815756 83
11.758251 -16.364788 5.8462977 76
12.164269 -15.208086 7.2230158 74
12.124834 -15.444036 6.7372594 95
11.949883 -15.517241 6.1963429 101
11.893104 -15.74604 5.7033987 75
12.28593 -14.706147 7.1005297 79
12.25504 -14.914753 6.6117558 110
12.064595 -14.933395 6.0546155 94
12.046993 -15.178269 5.5795689 74
12.403536 -14.212619 6.980556 82
12.382484 -14.407643 6.4962792 112
12.194281 -14.40401 5.9396834 102
12.313045 -14.767441 5.5173874 75
12.516261 -13.733696 6.8692718 93
12.460946 -13.858548 6.3612061 110
12.318832 -13.883732 5.8255215 107
12.469156 -14.249229 5.4188819 90
11.962562 -12.581555 6.4156256 93
11.975232 -12.742747 5.962966 100
11.955939 -12.869804 5.5046158 110
12.606978 -13.724021 5.3145809 68
12.224644 -12.319321 6.4072804 52
12.096393 -12.308462 5.8743644 77
12.077207 -12.414576 5.4136019 89
12.052331 -12.510156 4.9394259 92
12.820737 -12.377823 6.5695453 104
12.755821 -12.412018 6.0459833 99
12.672004 -12.434588 5.5349693 107
12.553275 -12.415971 5.0042067 55
12.927217 -11.953297 6.4815474 93
12.810473 -11.923642 5.9338565 107
12.794524 -11.982608 5.4516482 102
13.577423 -12.795593 5.2681179 55
13.036627 -11.55274 6.386013 103
12.921557 -11.504928 5.8383465 111
12.903296 -11.540984 5.353745 104
14.513275 -13.030248 5.4683266 43
13.136872 -11.150999 6.3083797 93
13.009154 -11.070669 5.7519407 107
13.013884 -11.109107 5.2799215 90
13.684411 -11.708328 5.0381494 7
13.248624 -10.765968 6.2440858 95
13.107383 -10.664194 5.684236 101
13.135241 -10.697249 5.2161126 52
13.785519 -11.235651 4.9646869 7
13.31733 -10.360077 6.1634536 98
13.210956 -10.264006 5.6158328 110
13.339103 -10.359214 5.1923184 14
13.916855 -10.793713 4.9060397 7
13.432126 -9.9962454 6.1082234 82
13.301607 -9.8682909 5.5509644 106
13.577291 -10.049683 5.1795301 4
14.048925 -10.363153 4.8536587 4
13.439566 -9.5627222 6.0136094 100
13.379242 -9.4722013 5.4887791 104
15.869031 -11.172222 5.9326754 17
14.54701 -10.198245 4.92207 5
13.501489 -9.1757259 5.9382124 80
13.464325 -9.0891876 5.4260879 104
16.234507 -10.875086 5.9553509 34
14.707722 -9.7857113 4.8776498 5
13.550093 -8.7907572 5.8631134 87
13.567116 -8.7209311 5.3748398 105
16.463985 -10.484284 5.9366522 60
14.856801 -9.3766308 4.8406878 4
13.609994 -8.4180841 5.7987404 93
13.662554 -8.3541708 5.3258057 103
14.42366 -8.7252598 5.120657 5
14.984861 -8.9574537 4.8008108 3
13.710423 -8.080924 5.7574868 93
13.749947 -7.9921079 5.27982 93
14.511417 -8.3209658 5.0713201 2
18.882561 -10.66608 5.9354744 8
13.780845 -7.7279892 5.7027082 95
13.827239 -7.6300144 5.2313862 77
14.553598 -7.9036779 5.0086932 4
13.862683 -7.392312 5.6609235 101
13.365117 -6.9930701 4.9889116 101
13.394799 -6.883049 4.5505996 97
13.442534 -6.774384 4.1159239 112
13.393554 -6.7764297 5.3979988 88
13.429301 -6.6486907 4.9454722 98
13.466059 -6.5260372 4.5119238 94
13.904353 -6.5902691 4.1959887 27
13.538571 -6.4888825 5.3859162 49
14.186719 -6.629344 5.1519957 48
14.789932 -6.7453427 4.8846846 57
17.009144 -7.5528836 5.0539193 25
14.068913 -6.3754969 5.5263658 100
14.393448 -6.3381624 5.1632118 12
14.383327 -6.1592188 4.6931362 2
16.626022 -6.9048595 4.8784318 6
14.164907 -6.0537114 5.4975991 94
14.442546 -5.9750729 5.118947 6
15.063879 -6.0381088 4.8552365 8
16.722368 -6.4768844 4.8500123 9
14.244888 -5.7276883 5.4656148 107
14.625611 -5.6706181 5.1242537 7
15.179193 -5.6753664 4.8353887 31
16.788919 -6.0409088 4.8165174 9
14.321055 -5.4037633 5.4336681 104
14.789074 -5.3601222 5.1269469 4
15.309731 -5.3266878 4.8274436 9
16.937632 -5.637259 4.8078732 6
14.399467 -5.0858216 5.4069571 103
14.848283 -5.0060892 5.0925846 3
15.402028 -4.9598432 4.8079157 23
17.033136 -5.2164412 4.7903771 7
14.475609 -4.7659178 5.3820891 95
17.260214 -5.3855247 5.8533192 16
15.643263 -4.6357236 4.8358278 9
14.854846 -4.1651559 4.1479473 15
14.557736 -4.4460397 5.3592749 103
17.464542 -5.0242171 5.8695168 23
14.869958 -4.0348358 4.5604892 108
14.949132 -3.8013775 4.1393275 110
14.641847 -4.1261754 5.3384933 102
14.890997 -3.9234838 4.9669003 104
14.961197 -3.6849844 4.5497251 105
15.043428 -3.4385502 4.1345749 99
14.71499 -3.8072138 5.317575 108
14.966209 -3.5865743 4.9500751 105
15.040475 -3.3321397 4.537982 103
15.137749 -3.0778093 4.1318536 95
14.781158 -3.4832973 5.2957473 99
15.058429 -3.2538047 4.9422431 100
15.120751 -2.9823294 4.5302367 104
15.21807 -2.7170236 4.1301522 103
14.858522 -3.1681559 5.2838202 100
15.122848 -2.9166071 4.9294329 103
15.200199 -2.6352177 4.526453 104
15.297566 -2.3519213 4.1294494 105
14.931634 -2.8482704 5.2690086 101
15.221036 -2.5798604 4.92765 101
15.291434 -2.2854555 4.5267329 100
15.389865 -1.9841752 4.1328006 94
15.002745 -2.5273829 5.2562046 100
15.293208 -2.2399869 4.9199262 99
15.375658 -1.9296435 4.5260596 108
15.473127 -1.6163757 4.1381822 106
15.087828 -2.2045314 5.2484045 98
15.371357 -1.899127 4.9162102 104
15.465875 -1.5728614 4.5313888 105
14.748286 -1.1779422 3.9310901 101
15.152938 -1.8766239 5.2366886 101
15.454569 -1.5513468 4.9135814 106
14.735003 -1.151402 4.3013349 98
14.820576 -0.82421827 3.9415333 104
15.236094 -1.5498551 5.2319784 92
14.717598 -1.1457466 4.660409 93
14.812209 -0.81062627 4.3086247 97
15.711095 -0.49010041 4.1655574 97
14.683073 -1.1740277 5.0183706 92
14.793749 -0.81996238 4.6666393 95
15.129498 -0.47695971 4.3875203 31
15.794427 -0.11538193 4.1829762 102
14.754168 -0.86119646 5.0175576 97
14.936948 -0.48748168 4.6917953 18
15.168726 -0.12503079 4.389914 11
15.883783 0.26630598 4.2034149 103
15.128408 -0.54980391 5.1172786 30
14.280806 -0.14534381 4.4731388 2
15.241006 0.23263462 4.4011393 6
15.963176 0.65187722 4.2247143 84
13.971984 -0.20627353 4.71033 6
14.361941 0.17738757 4.4852347 2
15.270213 0.58870947 4.4034534 4
16.068533 1.0476916 4.2530255 85
14.038033 0.10075013 4.7132897 5
14.38202 0.50858909 4.4785604 2
15.343368 0.95365506 4.4212627 3
16.161837 1.4474704 4.2820277 71
14.093984 0.4117277 4.714963 5
14.480113 0.83930272 4.502111 2
16.203226 1.8453325 4.3015862 72
14.176077 0.72347301 4.7271128 6
14.547281 1.1730917 4.5163717 2
16.302691 2.2579343 4.3371158 57
14.244173 1.0372702 4.7382898 8
14.598456 1.5109473 4.5276704 2
16.279924 2.1636255 4.6947813 75
16.406168 2.6724877 4.3816452 48
14.337317 1.3629558 4.7564769 3
16.219059 2.0515509 5.0224485 86
16.358351 2.5662909 4.7233424 57
16.513704 3.0979683 4.426281 28
14.365438 1.6828554 4.7578182 3
16.294439 2.437186 5.0480056 68
16.45784 2.976784 4.7639647 38
16.605284 3.5334756 4.4700174 27
16.059195 2.2409334 5.3046513 57
16.334805 2.8260074 5.0616107 45
16.565369 3.403286 4.8056049 21
16.734917 3.9858546 4.5287113 19
16.13451 2.6206837 5.3211145 48
16.38818 3.2218158 5.0821714 23
16.681906 3.8347659 4.8552155 18
16.792475 4.4275656 4.5704498 19
16.251879 3.0072124 5.3575425 40
16.430567 3.6216578 5.1037636 18
16.807493 4.2791924 4.9108648 16
16.096027 4.6616187 4.4114671 14
16.350252 3.3988261 5.3890185 23
16.494997 4.0313945 5.1333628 14
16.30625 4.558444 4.7877736 7
16.16058 5.0992684 4.4621758 25
16.445654 3.7984431 5.4225307 17
16.56044 4.4441071 5.1679711 14
16.11039 4.9113011 4.7555251 19
17.125584 5.8578925 4.7628498 31
16.543087 4.2080455 5.4580793 14
16.076139 4.7103386 5.0347986 12
17.02424 5.6271191 5.0520983 12
17.236383 6.364315 4.8337579 33
16.36215 4.5479398 5.4057431 10
16.112566 5.1221719 5.0654259 13
16.970695 6.0553164 5.0679235 15
17.338207 6.8767567 4.9086924 28
16.081076 4.8623023 5.3204441 13
16.882212 5.7966294 5.3260307 20
17.059412 6.5428581 5.1287766 25
17.450109 7.4121451 4.9887037 29
16.148636 5.2767735 5.355691 4
16.991957 6.2748895 5.3864956 22
17.172251 7.0510063 5.2033563 24
17.375723 7.8800445 5.0213962 29
16.907309 5.9431305 5.6203861 14
17.094749 6.7581754 5.4493933 25
17.29121 7.5751748 5.2823973 33
17.474798 8.4332428 5.1085844 39
17.049061 6.4213262 5.6851707 16
17.198549 7.2565355 5.5152745 33
17.41716 8.1194286 5.3683901 25
17.628927 9.0313616 5.2167087 44
17.136696 6.8928943 5.7348914 16
17.327393 7.7798572 5.5931401 23
17.558189 8.6926384 5.4644341 26
17.760078 9.6385622 5.3238988 43
17.421759 7.4665494 5.8527374 16
17.454292 8.3201704 5.6750727 28
17.668201 9.2659798 5.555532 28
17.883286 10.266789 5.4352083 55
17.579618 8.0017824 5.935648 34
17.731548 8.9588251 5.8082385 30
17.82435 9.8831158 5.6667814 28
17.391056 10.541756 5.3640056 47
17.710487 8.5481491 6.0096526 29
17.963785 9.5956526 5.9354587 21
17.718979 10.376417 5.6989026 41
17.420099 11.13738 5.4563437 9
17.853434 9.1144371 6.0937176 23
18.061819 10.190079 6.021697 40
17.389071 10.733699 5.6667967 51
18.596222 12.520833 5.9162002 41
17.996447 9.7017069 6.1828642 32
17.518364 10.418407 5.9003778 47
18.497847 12.021461 6.1043692 51
18.777939 13.298698 6.077044 55
18.038311 10.257433 6.2400265 44
17.400913 10.893782 5.9234405 37
18.661409 12.760466 6.2450833 47
18.957775 14.111541 6.2460265 30
17.44367 10.444061 6.0836101 29
18.507698 12.184532 6.3680263 37
18.82406 13.525448 6.3929 43
19.138758 14.967346 6.4241757 44
17.402359 10.95713 6.1217141 33
18.680311 12.926682 6.5033078 40
19.030125 14.355718 6.5633731 45
19.357054 15.890578 6.6258631 47
18.533216 12.266503 6.5739655 58
18.847786 13.691345 6.6461329 27
19.188736 15.193943 6.7295032 29
18.910089 16.291321 6.6081734 67
18.687628 12.983658 6.6935887 42
19.02536 14.503465 6.7991805 25
19.359568 16.075974 6.9098039 50
18.670782 16.868105 6.6708317 15
18.862093 13.751837 6.8263807 39
19.209431 15.351196 6.9650841 33
18.746357 16.324255 6.8164954 49
20.015522 18.957291 7.3119049 31
19.075083 14.577512 6.9831567 29
19.278288 16.144426 7.0969296 82
18.648842 17.016157 6.9131799 7
20.266777 20.119408 7.5809016 33
19.233843 15.401127 7.1251283 32
18.707886 16.4123 6.9997668 39
20.031446 19.148914 7.5733776 25
20.526922 21.358223 7.8701496 28
19.259262 16.152281 7.2305837 63
19.870237 18.263176 7.5650778 21
20.329081 20.359722 7.8557258 26
20.309778 22.162348 7.9978728 61
18.72365 16.442726 7.1296043 40
20.095993 19.339571 7.7900338 27
20.61277 21.633413 8.1449242 26
19.903513 22.766172 8.0487452 16
19.87879 18.278595 7.6709986 29
20.33419 20.496965 8.0277185 21
20.17836 22.185266 8.1623745 39
20.128521 19.37199 7.8930798 27
20.686485 21.834927 8.3356056 31
20.342384 20.499765 8.1078892 27
20.107874 22.226074 8.2752371 38
21.309299 28.153753 9.4162121 53
20.71274 21.846197 8.395916 38
22.368496 31.017906 10.20202 18
20.116547 22.206989 8.3031187 40
21.225317 28.208513 9.53724 29
23.198446 33.80769 10.942218 17
21.901045 27.852621 9.6853952 34
21.177242 28.258574 9.6201553 29
23.07336 33.811436 11.058403 17
21.914616 27.824814 9.6608477 52
21.220705 28.256485 9.5845661 20
23.133467 46.490742 14.010133 28
21.934744 46.768749 13.964209 29
20.749489 47.043049 13.922064 22
24.179945 46.294144 13.881351 21
21.819155 46.772293 13.841421 23
20.646614 47.063126 13.766057 22
24.155067 46.169647 13.538789 39
19.493317 47.410503 13.714277 20
17.256334 47.861271 13.831194 25
22.944031 46.47543 13.38725 49
20.500385 46.955368 13.466038 27
18.318602 47.649361 13.637053 20
16.121412 48.180965 13.819586 27
21.740452 46.743763 13.227032 47
19.369232 47.35466 13.395131 29
17.176619 47.953789 13.590544 21
14.988603 48.438915 13.801937 18
20.527742 46.946224 13.059207 55
18.18964 47.566227 13.27863 42
15.999164 48.154442 13.514937 20
13.86932 48.766068 13.816877 26
19.366051 47.303867 12.938943 42
17.028158 47.832748 13.188532 34
14.862531 48.437943 13.480083 26
12.70484 48.908237 13.79224 26
18.19248 47.572212 12.821222 33
15.862244 48.088215 13.10431 43
13.74229 48.763317 13.465036 29
11.579422 49.215607 13.81434 28
17.020906 47.834515 12.703641 24
14.695251 48.310009 13.037864 45
12.567603 48.946877 13.427633 20
10.444506 49.458588 13.843571 25
13.56712 48.625385 12.994728 49
11.430684 49.185692 13.410086 27
14.62416 48.187752 12.460184 26
12.411677 48.886505 12.933946 37
10.310526 49.536331 13.422803 32
15.021516 54.040565 13.79486 30
11.267952 49.123074 12.876557 44
9.1629257 49.75235 13.399336 26
10.12736 49.409397 12.846437 40
8.0304317 50.075794 13.423751 22
8.9702539 49.652176 12.811987 44
6.8863978 50.288086 13.428699 22
11.144464 54.842529 13.524215 28
7.8323936 49.974506 12.807611 23
8.8366041 49.524761 12.084945 26
6.6735325 50.203789 12.778902 22
2.1737554 44.971169 12.455877 54
5.500155 50.472958 12.803754 22
0.98375475 39.034283 10.850465 44
7.2463818 55.771641 13.391046 30
4.339066 50.787086 12.806102 23
0.10777521 39.073452 10.865749 24
2.7875061 44.960304 11.282918 15
0.80040592 39.022663 10.304498 52
-0.66548604 33.167702 9.2396441 76
4.1712003 50.940407 12.023024 24
1.7283006 44.966778 11.234473 35
-0.085303806 33.139503 8.751936 26
-1.3484894 31.412664 8.7683783 12
2.5999184 44.878723 10.52542 19
0.584692 39.02388 9.7191353 52
-0.85133594 33.127689 8.7410574 38
-1.7895672 27.225176 7.6265702 93
1.314122 39.008041 9.097929 20
-0.2862711 33.121021 8.2399673 47
-1.3425938 27.348129 7.2292194 20
-2.4017 27.119232 7.6244187 43
0.3856698 39.054886 9.0530233 15
-1.0641894 33.049248 8.1981869 36
-1.966484 27.279217 7.2181869 87
-2.8007727 25.103275 7.086628 16
-0.46819553 33.130466 7.6454639 66
-1.5237188 27.235825 6.7498598 44
-2.5072541 26.238155 6.9494615 20
-2.876447 21.328712 6.0523701 83
-1.2555187 32.939793 7.5646696 15
-2.1632586 27.285873 6.7505388 83
-2.5822828 21.712065 5.7664609 10
-3.3756523 21.416622 6.0999756 113
-1.695834 27.209896 6.2292576 78
-2.6396532 25.576727 6.325367 18
-3.0354171 21.32572 5.6767459 122
-3.7526364 20.733278 5.9352069 26
-2.3534713 27.268724 6.2235246 32
-2.7163594 21.35568 5.2911501 60
-3.547533 21.386158 5.7116623 92
-3.9984469 19.572054 5.6395535 24
-2.7480037 24.788973 5.6449451 18
-3.2263031 21.365849 5.295496 129
-3.8377318 20.242434 5.4252672 18
-4.2197208 18.518055 5.3678088 39
-2.8830009 21.28727 4.8433399 97
-3.650141 20.81876 5.1633625 19
-4.0707693 19.060202 5.1299973 37
-3.9703743 15.742388 4.599144 52
-3.3906929 21.196945 4.8147612 38
-3.8326833 19.18243 4.7693267 22
-3.8265109 16.053535 4.3462667 5
-4.27423 15.476271 4.5534554 86
-3.6561625 19.758474 4.4867516 34
-4.061029 18.097685 4.5126338 33
-4.0638218 15.463565 4.2087231 80
-4.6559591 15.501358 4.5935845 87
-3.9048166 18.588089 4.2227116 28
-3.932303 15.745942 3.9436572 50
-4.4585047 15.517753 4.2459207 91
-4.819397 14.821374 4.4285588 53
-3.7799685 16.035311 3.6511269 4
-4.2473989 15.456123 3.8852885 96
-4.744843 15.182816 4.1815414 44
-4.9499826 14.137218 4.2629395 51
-4.0320406 15.410461 3.5149648 74
-4.6747742 15.574291 3.9305539 93
-4.9909563 14.771803 4.0968142 64
-5.1806712 13.802134 4.1993265 49
-4.4584045 15.512772 3.5458455 83
-4.9033833 15.033446 3.8132496 53
-5.1240625 14.091874 3.9379568 64
-5.3293638 13.279105 4.0800052 71
-4.8287363 15.395116 3.5280938 42
-5.0567632 14.347443 3.6625166 58
-5.2631774 13.492694 3.8014483 66
-5.4611158 12.775846 3.9657576 57
-4.9814057 14.622067 3.3631094 60
-5.1930275 13.69628 3.5188534 66
-5.4040065 12.969459 3.6861601 61
-5.5748672 12.277518 3.852495 56
-5.1268044 13.93192 3.2203536 50
-5.3439298 13.144089 3.4004996 38
-5.513875 12.423153 3.5657527 65
-5.6824832 11.802174 3.7452872 52
-5.2778268 13.336744 3.0988786 33
-5.4707546 12.596833 3.2851219 57
-5.6312776 11.935916 3.4595547 61
-5.1940823 10.193027 3.2798562 11
-5.4016786 12.730551 2.9763525 44
-5.5794311 12.061548 3.1727734 56
-5.7329736 11.464499 3.3593552 66
-5.2933521 9.8355389 3.2039819 75
-5.5363975 12.219404 2.8805819 52
-5.6931367 11.57931 3.0769575 64
-5.2479396 9.9123268 2.9436224 70
-5.424767 9.5662098 3.1589153 73
-5.6476822 11.700013 2.7784994 63
-5.2202721 10.004878 2.690774 60
-5.3562994 9.5757647 2.8777614 72
-5.7565484 9.6499825 3.2275569 73
-5.1798825 10.079388 2.4184899 46
-5.3081155 9.6131554 2.6123722 68
-5.6737008 9.6203146 2.9250782 74
-6.0837646 9.7055197 3.2900705 84
-5.2774663 9.6826916 2.345485 64
-5.6011462 9.600872 2.6375971 73
-6.0211482 9.7022028 2.9884017 78
-6.188622 9.4010391 3.2336376 75
-5.5246601 9.5774698 2.3419394 69
-5.9557209 9.6818476 2.6899865 77
-6.1680107 9.446784 2.9486783 75
-6.2648001 9.074461 3.1697748 76
-5.8963199 9.6715164 2.3887911 73
-6.1415162 9.4764643 2.6667941 75
-6.2452898 9.104166 2.8839307 73
-6.3245411 8.7397175 3.1030393 72
-6.1283669 9.524168 2.3809083 71
-6.2212176 9.1168365 2.6009009 71
-6.3108306 8.7635374 2.8190057 70
-6.4043498 8.4482021 3.0492473 70
-6.1875339 9.1216812 2.3097551 62
-6.2912021 8.7704353 2.5399377 65
-6.3947659 8.4631119 2.7662427 70
-6.4733038 8.1597004 2.9965153 71
-6.2756782 8.7791882 2.2539055 62
-6.3682795 8.4508219 2.4861319 64
-6.4538121 8.149457 2.7104225 69
-6.5292721 7.8670363 2.9427497 69
-6.3497944 8.4425707 2.2000453 65
-6.4403367 8.1361914 2.432332 63
-6.5178041 7.854794 2.6586664 66
-6.585216 7.5853543 2.891017 69
-6.4218545 8.1189404 2.14922 66
-6.4973574 7.822525 2.3805091 63
-6.5856924 7.5781446 2.6139691 63
-6.6450586 7.3236747 2.8473494 67
-6.4958076 7.8103285 2.1034462 64
-6.5680814 7.5399742 2.3368337 63
-6.6235156 7.2785096 2.5601869 81
-6.6987548 7.0640583 2.8027098 92
-6.5676565 7.5177274 2.0617402 63
-6.6230898 7.2492533 2.290076 60
-6.6943679 7.0278187 2.5225728 56
-6.7585917 6.8193388 2.7630939 51
-6.6226726 7.2180009 2.0179601 63
-6.6929736 6.9875546 2.2534301 85
-6.7512455 6.7700877 2.4829161 59
-6.8074284 6.5735841 2.7234576 88
-6.661706 6.9132295 1.9721395 53
-6.7488651 6.7228141 2.2157531 82
-6.8090734 6.5243511 2.4462967 84
-6.8572321 6.3368263 2.6858501 89
-6.753489 6.6755667 1.9466028 60
-6.8097162 6.4690833 2.1801178 83
-6.8608885 6.28159 2.4116769 88
-6.9219518 6.1200891 2.6573267 88
-6.8143563 6.4148259 1.9139487 82
-6.8625488 6.2193213 2.1464808 86
-6.9296145 6.0618587 2.3851533 86
-6.9697051 5.895309 2.6247528 89
-6.8712049 6.1580691 1.8823005 80
-6.9253159 5.9865718 2.1189113 87
-6.9744086 5.8240733 2.3505385 88
-7.0194249 5.6785288 2.5942059 97
-6.9300079 5.9133067 1.8546913 84
-6.98209 5.7518063 2.090327 86
-7.0271311 5.6042905 2.3239896 85
-7.070127 5.4667459 2.5656767 99
-6.9818034 5.6705189 1.8280767 84
-7.030849 5.5210123 2.0627413 92
-7.0698695 5.3804817 2.2954137 101
-7.1148157 5.2579384 2.5391467 116
-7.0305963 5.4287233 1.8004618 99
-7.0845704 5.2992225 2.0391915 97
-7.1225672 5.1676941 2.2698877 103
-7.1594896 5.0531301 2.5126295 111
-7.0903115 5.2059393 1.7809206 98
-7.1283097 5.0734086 2.0126143 99
-7.1612716 4.9528661 2.2433329 112
-7.202157 4.8493118 2.4871125 110
-7.1420374 4.9811358 1.7593615 118
-7.1740084 4.8565869 1.9910676 117
-6.5027637 4.2774529 2.0072713 119
-6.5356369 4.1919451 2.226088 127
-7.1877551 4.7573094 1.7387962 129
-6.5054603 4.1800776 1.7789882 128
-6.541357 4.0926061 1.987805 129
-6.5672145 4.0130825 2.2046263 124
-6.5264654 4.0887499 1.5536776 84
-6.5463858 3.9922717 1.7604595 103
-6.5792561 3.9118261 1.9693049 134
-6.6100788 3.8423524 2.187175 140
-6.5680361 3.8958876 1.5382321 58
-6.5829444 3.8044009 1.7430187 128
-6.6217723 3.7379708 1.9529107 136
-6.6485777 3.6744862 2.17079 101
-6.6046004 3.7040079 1.5237819 39
-6.7152901 3.6747398 1.7518922 36
-6.9706573 3.7297711 2.0264659 38
-7.2299528 3.7947505 2.3260713 41
-7.0633435 3.7411075 1.6036408 17
-7.3776236 3.8172677 1.8943686 70
-7.426373 3.7628031 2.1293082 150
-7.4551139 3.7092712 2.3682165 144
-7.4283252 3.7079873 1.6621588 148
-7.4471412 3.6354578 1.8890016 144
-7.4659371 3.5719359 2.1128674 143
-7.4926505 3.5273991 2.3517952 144
-7.4669256 3.5021079 1.6486785 146
-7.4857101 3.4405787 1.8755497 148
-7.5264401 3.3951027 2.1064994 137
-7.5401587 3.3525424 2.3404105 140
-7.5095 3.3022289 1.6392219 138
-7.5342546 3.2517202 1.8651316 148
-7.5480108 3.2021885 2.0880253 150
-7.5866642 3.1776822 2.3290255 143
-7.555059 3.1063557 1.630782 138
-7.5698133 3.0578265 1.85368 145
-7.5915275 3.0213132 2.0786209 144
-7.6241798 2.9998007 2.3156183 137
-7.5926218 2.9094617 1.6213273 140
-7.6143451 2.8709512 1.8452631 145
-7.6420398 2.8414552 2.0702322 142
-7.6536975 2.8208964 2.3021965 142
-7.6441603 2.7175946 1.6169108 134
-7.656878 2.683069 1.8368417 147
-7.6715674 2.6575446 2.0587988 142
-7.7011838 2.64903 2.2938242 139
-7.6847014 2.5246983 1.6114744 137
-7.6924081 2.4951642 1.8294095 141
-7.720067 2.4796751 2.0524144 145
-7.741672 2.4771457 2.2844415 136
-7.7272406 2.3318071 1.6060427 131
-7.7459087 2.3142977 1.8270272 143
-7.7535739 2.2997673 2.0440006 145
-7.7711701 2.3022351 2.2730339 140
-7.776773 2.1449335 1.6056396 133
-7.785439 2.1304069 1.8226149 145
-7.7920923 2.1218805 2.0376019 145
-7.8196621 2.133374 2.2686751 139
-7.8163071 1.9530317 1.6022087 131
-7.8209558 1.9454973 1.818195 145
-7.8415751 1.9470037 2.0362313 142
-7.8541493 1.9604703 2.2612839 142
-7.8528337 1.7621167 1.5997771 137
-7.8654599 1.7616031 1.8157953 146
-7.8730693 1.7680809 2.0298226 142
-7.8956194 1.7895743 2.2549129 138
-7.904335 1.5742235 1.6023816 130
-7.916944 1.5807157 1.8164175 145
-7.9115562 1.5891714 2.0254252 148
-7.9171062 1.6136316 2.2454908 45
-7.9488435 1.38332 1.6029593 130
-7.9524426 1.3947943 1.8149894 147
-7.9420414 1.4102446 2.0210056 116
-7.9715505 1.4457605 2.2461398 142
-7.9873528 1.1913989 1.6045219 127
-7.9929314 1.2108843 1.8145754 145
-8.0044966 1.2353851 2.0256515 150
-8.0110092 1.2748568 2.2427568 143
-8.0378447 1.0025012 1.6101136 132
-8.0424175 1.02599 1.8181756 147
-8.047966 1.0574815 2.0262592 146
-8.0594549 1.1049677 2.2433925 135
-8.0923357 0.81261218 1.6167109 131
-8.081893 0.84306645 1.8217649 144
-8.1014242 0.88059556 2.0308871 145
-8.0989151 0.93205845 2.2420068 138
-8.1258411 0.61867088 1.6202639 132
-8.1383743 0.65618324 1.8283743 143
-8.1388969 0.70067459 2.0314817 141
-8.1313782 0.75713146 2.2396052 135
-8.173337 0.42575893 1.6278443 134
-8.1748629 0.46825099 1.8319485 140
-8.1773748 0.51775354 2.0330718 128
-8.1818266 0.58323944 2.2432377 136
-8.2108412 0.22881854 1.6353991 132
-8.2083559 0.27831233 1.8345139 134
-8.2248421 0.33584744 2.0386806 125
-8.2212906 0.40632674 2.2428453 132
-8.2623425 0.030911906 1.6449766 138
-8.2738314 0.088438265 1.8471347 128
-8.2623205 0.14991784 2.0422637 124
-8.2587385 0.22941761 2.2444403 124
-8.3202896 -0.16663626 1.6577485 138
-8.3157606 -0.10215231 1.8549027 125
-8.3082266 -0.033668894 2.049062 115
-8.3086405 0.049822431 2.2492723 118
-8.3628149 -0.36756983 1.6683072 124
-8.3532763 -0.29609141 1.8634707 112
-8.3557367 -0.220571 2.0576644 112
-8.3471317 -0.1280937 2.2538824 106
-8.414362 -0.57147342 1.6818759 137
-8.4078026 -0.49298498 1.8760619 111
-8.3952398 -0.41049835 2.0642476 106
-8.3876247 -0.31200963 2.2574818 103
-8.4598961 -0.7774052 1.6964308 122
-8.4403276 -0.69293821 1.8846096 110
-8.4307404 -0.60144222 2.0718234 105
-8.4231081 -0.49594781 2.2620754 94
-8.5094337 -0.98933625 1.7119803 120
-8.4928379 -0.89485979 1.8991897 97
-8.4772406 -0.79737014 2.0824082 99
-8.469594 -0.6848653 2.2686775 90
-8.555975 -1.2032768 1.7275184 131
-8.5523624 -1.1037633 1.9157588 119
-8.5287466 -0.99728161 2.0939829 105
-8.5030746 -0.87281275 2.2752478 89
-8.5715103 -1.4142895 1.7390027 73
-8.5928898 -1.3127079 1.9282904 124
-8.5712547 -1.1982172 2.1055374 107
-8.5525713 -1.0677224 2.2848294 95
-8.0369415 -1.5245868 1.6418085 20
-8.2713757 -1.460482 1.8633631 45
-8.5827627 -1.3962251 2.1110485 75
-8.6050625 -1.2626292 2.296417 93
-7.8403916 -1.6820939 1.6120709 23
-7.8407946 -1.5725044 1.7753429 85
-8.0982199 -1.5053347 1.9969435 43
-8.4095612 -1.4230757 2.2436726 43
-7.8758903 -1.8860656 1.6306117 39
-7.8722806 -1.769477 1.7898941 132
-7.8606563 -1.6438955 1.943185 131
-7.9650068 -1.5270623 2.1266496 42
-7.9194059 -2.0980198 1.6511476 64
-7.9027691 -1.968455 1.8054397 132
-7.8961382 -1.8388536 1.9567488 109
-7.8734517 -1.6872878 2.1040852 110
-8.8743534 -2.5758822 1.8605616 119
-7.9552741 -2.1773858 1.8269994 59
-7.9426289 -2.039789 1.9733179 122
-7.9119234 -1.8772299 2.1146674 112
-8.9409618 -2.8288004 1.8910371 106
-8.8852024 -2.6563497 2.0473692 76
-8.8734541 -2.490787 2.2087581 123
-7.9654083 -2.0761449 2.131254 118
-8.9935741 -3.0817523 1.91949 113
-8.9477797 -2.9012556 2.0758433 115
-8.9209929 -2.7206974 2.2292285 104
-8.8811617 -2.5201588 2.3756411 83
-9.0441532 -3.3416433 1.948862 117
-9.0133476 -3.1510789 2.1062891 106
-8.9705572 -2.9575112 2.2517087 103
-8.9327211 -2.7469223 2.3941779 90
-9.109827 -3.6113791 1.9853522 98
-9.0770082 -3.4117997 2.1368027 105
-9.0221701 -3.2003012 2.2762332 100
-8.9873037 -2.9787207 2.4156988 95
-9.1785126 -3.8912051 2.022748 100
-9.1316519 -3.6746702 2.1671813 98
-9.08675 -3.4561605 2.3046269 96
-9.048831 -3.2195635 2.4389651 92
-9.2511253 -4.1840444 2.062736 94
-9.2122164 -3.9554694 2.2050502 97
-9.1603117 -3.7209048 2.3363612 102
-9.1113672 -3.4673495 2.4628282 96
-9.3157692 -4.4829173 2.1026535 100
-9.2698393 -4.2394042 2.2391911 98
-9.2129087 -3.9878912 2.3647268 99
-9.166955 -3.724334 2.4853079 91
-9.3964796 -4.7998905 2.1490245 73
-9.3375025 -4.5323915 2.2785945 101
-9.2875519 -4.2718506 2.4011614 101
-9.2275486 -3.9853122 2.5137756 93
-9.4702053 -5.121881 2.1963663 71
-9.4162006 -4.8413563 2.3229752 96
-9.3512163 -4.5578203 2.4355726 98
-9.290185 -4.254261 2.5432253 67
-9.5419779 -5.4518499 2.2476835 75
-9.4939585 -5.1602869 2.3683279 94
-9.4249296 -4.85675 2.4759672 95
-9.3638754 -4.5401921 2.5756583 74
-9.6518412 -5.8197765 2.3089857 80
-9.5767441 -5.4942842 2.4196763 77
-9.5046816 -5.1737537 2.5183592 72
-9.4415827 -4.836185 2.612097 74
-9.7266922 -6.182807 2.3652525 83
-9.6615629 -5.8412533 2.4719899 78
-9.5914631 -5.5036836 2.566709 74
-9.5113096 -5.1381073 2.6474798 75
-9.819623 -6.5706553 2.4292352 82
-9.7384024 -6.1991262 2.5250225 79
-9.6642323 -5.8395538 2.6117909 78
-9.5890226 -5.4599571 2.687607 80
-9.9246054 -6.9855671 2.4993868 84
-9.8363247 -6.5870366 2.5872278 82
-9.75208 -6.1954675 2.6640577 80
-9.6758299 -5.7948513 2.7309234 78
-9.8413172 -7.2798986 2.5265224 92
-9.9412842 -6.992938 2.6534033 85
-9.8389587 -6.5683722 2.7182648 82
-9.7526274 -6.1357412 2.7751734 78
-9.4725018 -7.3547997 2.4816666 87
-9.8429003 -7.2632184 2.6704981 91
-9.9348621 -6.9571862 2.7784226 85
-9.8404932 -6.495513 2.8244262 84
-9.2329493 -7.5173039 2.4709022 82
-9.482214 -7.3409166 2.6167781 87
-9.8926897 -7.2641773 2.8036788 93
-9.9304657 -6.8762527 2.8757033 83
-9.3130198 -7.9501615 2.5460012 56
-9.2456684 -7.5024557 2.5979726 82
-9.5269432 -7.329989 2.7378495 87
-9.9563484 -7.2241888 2.911808 94
-10.507343 -9.407732 2.9331462 71
-9.3205986 -7.9233637 2.6666336 68
-9.2442036 -7.4526143 2.695472 84
-9.6165295 -7.3069029 2.8432412 89
-10.632655 -9.9745512 3.0381916 72
-10.505871 -9.362977 3.0585132 74
-9.3201437 -7.8705692 2.7582955 84
-9.2917547 -7.3957124 2.777432 83
-10.795094 -10.614496 3.1599207 46
-10.651166 -9.9389257 3.1643651 67
-10.473273 -9.2613926 3.1457584 76
-9.305563 -7.7498446 2.8156044 85
-10.944594 -11.278479 3.2855589 59
-10.796542 -10.547882 3.275131 44
-10.618555 -9.8243113 3.2436357 76
-10.475666 -9.1296206 3.2061245 66
-11.125276 -12.006393 3.4300942 55
-10.927013 -11.174847 3.3888314 78
-10.721857 -10.373286 3.3344817 48
-10.566855 -9.6255836 3.2790794 70
-11.065455 -12.510814 3.5078015 103
-11.111696 -11.896759 3.5264046 74
-10.895397 -11.033202 3.4521945 77
-10.688151 -10.179588 3.3649726 55
-10.648689 -12.62102 3.4769237 106
-11.144077 -12.491014 3.6230567 114
-11.071024 -11.728106 3.5778215 65
-10.86166 -10.815424 3.4707315 61
-10.584937 -13.151437 3.5625594 73
-10.72736 -12.596087 3.5791631 111
-11.223715 -12.441024 3.7023575 100
-11.009233 -11.472302 3.5743937 61
-10.312626 -13.442266 3.5824485 117
-10.515186 -12.939762 3.604018 75
-10.836096 -12.580008 3.6554286 113
-11.219024 -12.226078 3.7049243 54
-9.8928518 -13.535375 3.5525928 95
-10.400318 -13.412259 3.665741 116
-10.486539 -12.743915 3.6215377 87
-10.984786 -12.518732 3.6969185 105
-9.490098 -13.632453 3.5298057 110
-9.9825802 -13.503331 3.6239431 112
-10.515067 -13.378109 3.7211359 121
-10.598154 -12.636677 3.6371002 90
-9.0943136 -13.718513 3.5080559 102
-9.5848408 -13.596362 3.5901444 116
-10.106365 -13.472123 3.6702878 110
-10.61266 -13.244845 3.7176566 98
-8.7035809 -13.81454 3.4871786 112
-9.1931248 -13.691364 3.5572672 110
-9.7076874 -13.573112 3.6243842 111
-10.280211 -13.434674 3.6806433 105
-8.2977333 -13.864592 3.4593899 55
-8.8003912 -13.779366 3.523407 109
-9.3149881 -13.667087 3.5795085 111
-9.8745317 -13.526647 3.619751 93
-7.93402 -13.973569 3.4485271 104
-8.3965797 -13.836386 3.4846051 64
-8.9252787 -13.758057 3.5356464 113
-9.4848766 -13.630588 3.5648563 105
-7.5612597 -14.063564 3.4346969 106
-8.0389032 -13.953323 3.4647331 104
-8.5325279 -13.833028 3.489819 88
-9.0931664 -13.713531 3.5080106 105
-7.1924829 -14.14855 3.4218867 111
-7.6691446 -14.038286 3.4409206 109
-8.157795 -13.918969 3.4519956 90
-8.706459 -13.799466 3.4541671 103
-6.8276653 -14.218526 3.4091201 111
-7.2963495 -14.108249 3.4141407 113
-7.7920518 -14.003897 3.41819 109
-8.3156757 -13.856408 3.3983884 45
-6.4765859 -14.314313 3.4029353 113
-6.9382424 -14.196034 3.3939917 114
-7.4239149 -14.081682 3.3820777 117
-7.9505577 -13.94718 3.3542793 113
-5.7888346 -13.615826 3.2126036 61
-6.5773659 -14.270043 3.372288 106
-7.0600982 -14.166656 3.3493369 117
-7.5958247 -14.053092 3.3144958 113
-5.4589739 -13.69474 3.2099249 106
-6.223547 -14.356993 3.3555527 142
-6.705297 -14.252579 3.3206017 113
-7.2280369 -14.134012 3.2687514 118
-5.4089465 -14.54131 3.3808217 89
-5.5578895 -13.673365 3.1632004 110
-6.3454933 -14.336509 3.2898653 112
-6.8692822 -14.229917 3.2279863 113
-5.0681119 -14.631262 3.3821173 106
-5.2441411 -13.787229 3.1584899 24
-5.6808739 -13.656876 3.09554 119
-6.509491 -14.302826 3.1873307 113
-4.7152305 -14.692231 3.3765042 99
-5.1750617 -14.59681 3.3115075 111
-5.3480706 -13.734747 3.0709128 98
-5.8308563 -13.610215 2.9860225 56
-4.3844099 -14.781164 3.3818457 98
-4.8372583 -14.681729 3.3038187 105
-5.3001013 -14.575248 3.2178249 112
-5.5000887 -13.68805 2.9533045 111
-4.0415854 -14.858118 3.3850992 94
-4.4954619 -14.761651 3.2950661 101
-4.9522939 -14.643152 3.1950915 102
-5.4642053 -14.548483 3.0871472 107
-3.7007434 -14.928063 3.3873744 97
-4.1506472 -14.834579 3.2853274 98
-4.6125312 -14.730045 3.177326 103
-5.1114273 -14.620372 3.0523961 114
-3.3649437 -15.01701 3.3956125 93
-3.8118398 -14.912498 3.2795863 103
-4.2647443 -14.807959 3.1585698 102
-4.756639 -14.689269 3.0196505 116
-3.0201104 -15.091972 3.4008708 95
-3.4650221 -14.985436 3.2718461 96
-3.9229488 -14.883862 3.1418297 103
-4.4138775 -14.771148 2.9918935 107
-2.6823208 -15.186934 3.4130931 74
-3.1282341 -15.073362 3.2710865 98
-3.5832005 -14.979769 3.1300454 108
-4.0761552 -14.871027 2.9701021 103
-2.3434718 -15.258893 3.4233704 71
-2.7924204 -15.152289 3.2713511 91
-3.2423658 -15.042674 3.1153407 107
-3.7313323 -14.930911 2.9433975 103
-2.0066338 -15.336853 3.4366372 46
-2.4525898 -15.226229 3.2726226 89
-2.9035959 -15.132586 3.1065741 103
-3.3855693 -15.014807 2.9196339 101
-1.6667958 -15.414822 3.4499006 43
-2.5628026 -15.214506 3.098825 95
-3.042798 -15.097704 2.8998783 103
-1.3240129 -15.516816 3.4701016 37
-0.11467759 -0.71906877 0.18916567 10
-2.701055 -15.193607 2.8840945 95
-0.9761591 -15.590815 3.4863639 34
-0.098655172 -0.72211415 0.18913518 10
-0.11965923 -0.721035 0.18017209 10
-0.62736094 -15.687826 3.5075696 24
-0.083632819 -0.72515678 0.18910635 10
-0.10363872 -0.72508049 0.1801392 10
-0.2785081 -15.763833 3.5268271 29
-0.067607529 -0.72720212 0.18907838 10
-0.087607227 -0.7241233 0.1791185 10
-0.10960709 -0.72103906 0.16916183 12
0.064270698 -15.035393 3.371053 31
-0.051584162 -0.73024768 0.18904805 11
-0.072605863 -0.73617083 0.18106787 10
-0.093640603 -0.72501194 0.16816251 12
0.40034974 -15.079224 3.3864017 33
-0.03667121 -0.73514634 0.19008423 11
-0.055682812 -0.73606771 0.18011475 10
-0.077675596 -0.72897613 0.1681695 12
0.78720224 -16.010767 3.6006494 40
-0.020662051 -0.74318469 0.19204882 10
-0.03967797 -0.74510366 0.1810769 10
-0.061663646 -0.73500997 0.16813882 12
1.1500555 -16.097784 3.6290009 43
-0.023645481 -0.74313504 0.1800659 11
-0.044645391 -0.7380439 0.167114 12
1.5249223 -16.178829 3.6553516 55
0.012388793 -0.74525434 0.19201094 10
-0.0076258346 -0.74616843 0.18004295 10
-0.02862484 -0.74107772 0.16709097 12
1.8954033 -16.250189 3.683162 62
0.029326946 -0.74647462 0.19187473 11
0.0093057705 -0.75039327 0.18089789 10
-0.011684991 -0.74129969 0.16595428 12
2.2732694 -16.328306 3.7143719 67
0.046336107 -0.75552756 0.19382833 11
0.026323492 -0.75544143 0.1808612 10
0.0053198705 -0.7513501 0.16690539 12
0.064313918 -0.7635358 0.19580488 11
0.043270782 -0.75437087 0.18089454 10
0.022246376 -0.75024933 0.16595224 12
0.099311262 -0.75456154 0.20882122 1
0.081269197 -0.76548058 0.19682601 10
0.061265584 -0.760387 0.18187284 10
0.040258516 -0.75628847 0.16591884 12
0.11732876 -0.75960493 0.21079057 0
0.10028722 -0.77052689 0.19879383 10
0.080271639 -0.76943111 0.18283091 11
0.057276301 -0.76032484 0.16589211 13
0.13931181 -0.77966875 0.21671751 0
0.12028437 -0.78357816 0.20174094 11
0.097301885 -0.76846707 0.18281655 11
0.076290458 -0.76536644 0.16585997 13
0.13831568 -0.78261679 0.2017253 11
0.11830098 -0.78051883 0.1847647 11
0.095301285 -0.77241045 0.16682324 13
0.15634938 -0.78065532 0.20171219 4
0.13632847 -0.78155994 0.18574432 11
0.11332729 -0.77344942 0.16680272 13
5.1314178 -16.9874 4.0140657 91
0.15238439 -0.76958597 0.18275829 4
0.13433258 -0.78249866 0.16775852 13
5.5762644 -17.091686 4.0672798 98
0.15138246 -0.77452976 0.16576067 5
5.7977505 -16.532965 3.9654043 63
5.5767617 -17.131685 3.6893542 97
6.1574187 -16.384808 3.9612939 89
5.7984543 -16.545918 3.5835016 71
5.5764718 -17.134596 3.2874811 96
6.9804187 -17.399565 4.2417016 88
6.1783323 -16.425665 3.5783253 93
5.8149905 -16.565483 3.1896613 51
5.5616541 -17.118719 2.8438587 98
7.4786611 -17.511744 4.3069963 85
7.0050168 -17.415447 3.8179746 95
6.1974211 -16.423922 3.1735749 76
5.8212471 -16.583031 2.756799 48
7.9998279 -17.639595 4.3778477 86
7.517725 -17.53396 3.8716209 106
7.0431371 -17.428671 3.3806453 96
6.2055383 -16.411102 2.7293866 88
8.5209856 -17.73987 4.4465837 57
8.0469074 -17.654724 3.9265335 98
7.5662665 -17.551384 3.4205556 98
7.0765972 -17.454996 2.9055746 74
9.0790586 -17.878857 4.5264039 73
8.591362 -17.780411 3.9864287 49
8.1077347 -17.668005 3.4614828 73
7.6150479 -17.57756 2.9324982 74
9.6503258 -18.018808 4.6132488 71
9.1603575 -17.921434 4.0522666 94
8.6697035 -17.800961 3.5083368 89
8.1759844 -17.704464 2.9603546 84
10.243482 -18.161915 4.7020268 85
9.7487125 -18.052355 4.1200786 84
9.2559786 -17.943846 3.5601225 94
10.794209 -18.186378 4.7669067 94
10.360346 -18.192999 4.195569 85
9.8727484 -18.090471 3.6185558 82
0.52626044 -1.0982848 0.2216198 9
10.981608 -17.615582 4.675981 69
10.837792 -18.068167 4.2102103 91
0.53539896 -1.0542904 0.21571006 9
11.607549 -17.744289 4.7718325 75
11.130887 -17.647713 4.1587882 81
0.54648912 -1.0173218 0.2098431 9
12.645271 -18.433117 5.0265579 21
11.778736 -17.782299 4.2440577 65
0.56658417 -0.96152037 0.23404612 7
0.56047571 -0.98745388 0.2059918 8
13.57095 -18.886415 5.2207689 23
13.0862 -18.812662 4.5426412 78
0.57468116 -0.9275468 0.22809803 11
0.56062049 -0.93844736 0.1990968 10
14.207104 -18.883202 5.2999253 28
13.859472 -18.991556 4.6482382 71
0.58483523 -0.8965131 0.22441082 14
0.5667699 -0.90042371 0.19443928 10
14.675282 -18.639624 5.3133469 41
14.646324 -19.153311 4.7533579 66
0.60184079 -0.87756699 0.22245175 10
0.58376253 -0.88044649 0.1924742 10
14.283392 -17.356468 5.0298004 6
15.51403 -19.361679 4.8732595 50
0.65379411 -0.90463448 0.23128948 8
0.63176548 -0.90251094 0.19732647 8
14.406868 -16.751877 4.9382496 11
16.418264 -19.571699 5.0028777 31
0.69386989 -0.91170061 0.2352173 8
0.66986018 -0.90654689 0.20024538 8
17.27766 -19.207378 5.7543964 27
17.377743 -19.780146 5.1343846 45
0.73899376 -0.92352927 0.23992521 5
0.71193171 -0.91537559 0.2030112 8
12.062183 -12.847467 3.9294686 81
18.350887 -19.965826 5.2718387 30
0.78894365 -0.93763077 0.24687523 3
0.76390773 -0.93149251 0.20892799 7
12.141227 -12.383441 3.8613856 89
12.122171 -12.62532 3.4064627 114
0.8419528 -0.9516803 0.25267646 0
0.82389611 -0.95351863 0.21565607 7
12.764787 -12.463787 3.9619019 70
12.455971 -12.407975 3.4115229 84
1.0196157 -1.1130813 0.24802057 6
18.194122 -16.988283 5.5001249 7
13.178598 -12.546139 3.5160661 10
1.1013732 -1.1422926 0.25673229 6
20.677418 -18.483274 6.1073627 41
20.737637 -18.848249 5.3746548 8
1.2242839 -1.2056352 0.27341247 3
20.815434 -17.802662 6.0164962 50
1.3079922 -1.2248679 0.28220481 2
20.962954 -17.152069 5.9334044 63
21.096594 -16.513433 5.8618131 47
18.902304 -14.150161 5.1577282 13
21.429216 -16.406046 4.3470216 5
19.951633 -14.269834 5.3417568 27
21.463177 -15.498929 4.9969821 102
21.460247 -15.661899 4.2639766 94
21.20138 -14.474447 5.5715766 79
21.163851 -14.57367 4.8334622 124
21.163664 -14.700038 4.1149044 121
21.175385 -14.848392 3.3782809 102
19.829683 -12.921785 5.1233983 5
21.746084 -14.265741 4.8733673 122
21.770754 -14.376526 4.1448536 117
21.774323 -14.487176 3.3913672 109
19.935127 -12.3805 5.0616236 5
21.924686 -13.677028 4.8172221 83
21.8964 -13.741336 4.0861845 113
21.926018 -13.839764 3.343981 104
20.081573 -11.870808 5.0142708 5
20.217913 -11.36902 4.9688673 4
22.358347 -11.938238 5.4060044 25
10.453279 -5.6080089 1.8762525 55
10.425851 -5.5950689 1.5285647 81
13.462621 -6.8369398 3.2295475 98
13.487126 -6.8327665 2.7969267 16
9.4333763 -4.7856059 1.6714855 89
9.4988155 -4.8100743 1.3744329 66
13.557446 -6.5168161 3.206732 59
9.5222569 -4.5703416 1.9599687 40
9.5787945 -4.5798354 1.6708893 70
9.5793676 -4.5641832 1.363813 70
22.802462 -10.321634 5.2802453 9
11.137606 -5.025919 2.2483273 4
9.5054941 -4.2716227 1.6314323 61
9.6080227 -4.2892404 1.3442504 69
22.947264 -9.7955742 5.2392607 10
9.8086576 -4.1692462 1.9587034 5
22.870735 -9.5869751 3.7978153 81
22.895443 -9.516614 3.0967157 115
22.440605 -9.0036173 5.0620193 94
22.473999 -8.9141388 4.370728 147
22.516979 -8.8301964 3.6971769 132
22.579388 -8.7533159 3.0131371 115
23.013844 -8.6582594 5.1246114 94
23.075302 -8.5493345 4.4276371 150
11.292822 -4.1493311 1.8569318 20
11.136624 -4.0311155 1.4923438 39
23.139463 -8.1427193 5.0921783 96
11.157592 -3.8051217 1.8118757 33
11.277669 -3.778702 1.4931872 23
23.593025 -7.404356 3.7351229 6
23.654861 -6.8059449 3.6962993 10
14.961343 -4.197721 3.1956265 20
14.942043 -4.0639005 2.7542024 119
14.986679 -3.9492247 2.3348079 112
15.180365 -3.8699107 1.9264125 75
14.95841 -3.8490419 3.1598499 66
15.148049 -3.7516251 2.7607965 58
15.239711 -3.6379392 2.3499343 72
15.269409 -3.4990616 1.9212251 64
15.098311 -3.5373375 3.1561947 55
15.231001 -3.410773 2.7482421 60
15.343698 -3.2831659 2.3433232 75
15.401403 -3.140384 1.9215529 67
15.165209 -3.2044506 3.1388588 35
15.336918 -3.0760005 2.7427459 64
18.584936 -3.5271664 2.8065212 57
18.646605 -3.3331935 2.3010969 73
15.256007 -2.8845942 3.1306677 23
15.393813 -2.7288134 2.7301514 2
18.688126 -3.0926545 2.7997553 67
18.751944 -2.885448 2.3005149 64
15.331927 -2.5509593 3.117553 17
15.436731 -2.3773139 2.7158034 2
18.775169 -2.6585245 2.7942493 58
15.527376 -2.008713 1.9015278 26
15.431663 -2.2170358 3.1072609 14
15.606543 -2.0346568 2.7201662 8
15.500431 -1.8215224 2.295614 114
9.6026936 -1.0118948 1.1862944 1
15.471519 -1.876173 3.0875707 90
15.545415 -1.6704742 2.689914 108
15.522466 -1.4576429 2.285265 69
11.39974 -0.91937906 1.393705 12
15.556962 -1.5429528 3.0777559 121
14.801813 -1.2509782 2.5435891 111
14.845724 -1.0452739 2.1739647 109
11.360429 -0.63821411 1.3833871 21
14.810677 -1.1457373 2.9108174 111
14.860631 -0.91803724 2.5362301 108
14.950589 -0.69946754 2.1775594 99
15.825636 -0.50296116 1.9055926 109
14.872458 -0.82679933 2.9024227 109
15.75159 -0.62239105 2.6724668 112
15.655554 -0.37228608 2.271158 35
15.751559 -0.12069083 1.8935468 11
15.748433 -0.53013474 3.0486846 104
15.826464 -0.26749438 2.6701255 112
15.815478 -0.0066299425 2.2857034 9
15.884529 0.26503217 1.9071782 72
15.831271 -0.18624635 3.0433085 113
15.914351 0.094371699 2.6697798 104
16.000444 0.3779715 2.3012521 102
16.087538 0.66457891 1.9277289 118
15.918134 0.16963579 3.0379519 98
16.003254 0.46423718 2.6694484 111
16.080376 0.75684696 2.3059528 105
16.160471 1.0625486 1.9364192 114
15.986903 0.52073801 3.0324929 111
16.080029 0.83439267 2.670954 103
16.176191 1.1407741 2.31547 109
16.259388 1.4631686 1.9500526 108
16.078747 0.87912422 3.0311387 103
16.166971 1.2054873 2.6747217 104
16.250198 1.5310227 2.3222854 102
16.354448 1.8695408 1.9658386 93
16.164644 1.2397525 3.0308123 100
16.250906 1.5793012 2.6803961 94
16.368196 1.9257584 2.3379443 99
1.9688734 0.25758302 0.27828997 1
16.249542 1.6015991 3.0324545 75
16.349869 1.9640983 2.6890628 94
16.450201 2.3265908 2.3486705 93
1.8319461 0.28395036 0.26256439 9
16.294729 1.9679272 3.0288477 75
16.43815 2.3573308 2.6975019 96
16.531536 2.7338638 2.3622029 88
1.7324526 0.31218508 0.25208548 40
16.399582 2.3528044 3.0336132 72
16.517099 2.7602 2.7030892 85
16.633596 3.1595802 2.376632 76
1.6424905 0.33741432 0.24224579 151
16.478588 2.7355301 3.0349753 68
16.634151 3.1688592 2.7186816 82
2.2731941 0.47461963 0.36650112 31
1.5198807 0.35083008 0.22816454 116
16.579103 3.1327033 3.040179 62
2.2794905 0.47461608 0.4132227 16
2.2765613 0.53172415 0.36735028 74
1.4189248 0.36410096 0.21735506 61
16.654072 3.5285904 3.0439153 71
2.266644 0.52766049 0.41135862 40
2.2657208 0.58676147 0.36648703 61
1.3459798 0.37929568 0.21050489 11
16.782093 3.9393263 3.0595965 40
2.260798 0.58068621 0.41048297 34
1.4131036 0.3970606 0.24743719 0
1.2860419 0.39745888 0.20364013 11
16.843086 4.3482485 3.0633774 60
2.2749755 0.64165771 0.41259211 21
1.3801893 0.42315316 0.24354641 5
1.2030712 0.40368071 0.19478646 10
16.183407 4.5641661 2.9378901 31
2.2761395 0.69866294 0.41371393 3
1.3502741 0.45023894 0.23965365 3
1.1411152 0.41484591 0.18891041 10
16.180342 4.9592671 2.9307425 54
24.025391 8.101573 3.907995 8
1.2012206 0.43263996 0.21985488 1
1.0820973 0.4239924 0.18303016 9
17.180197 5.6858068 3.1045489 31
17.510309 6.3496509 2.8673537 3
1.1531271 0.44672307 0.21397755 8
1.0380592 0.43605116 0.17914118 9
17.27244 6.1430917 3.119406 30
23.709112 9.2208786 3.8757355 5
1.0881729 0.45084172 0.20509829 9
0.9931224 0.44613361 0.17523926 8
17.391708 6.6266174 3.1372733 50
1.0432262 0.46196398 0.200193 8
0.95217484 0.45624393 0.17132537 8
17.498919 7.1123738 3.1581237 51
0.99727309 0.4710905 0.1942849 8
0.88518703 0.45142236 0.16442116 11
17.606171 7.6161327 3.178009 50
1.0664009 0.49486947 0.22222514 5
0.93829453 0.47025001 0.18737631 7
0.84522998 0.45752966 0.16049697 12
17.740492 8.1458111 3.2059023 38
0.99540889 0.49106607 0.2113293 8
0.90134698 0.48035026 0.18345571 7
0.80827671 0.46462759 0.15756999 13
17.845837 8.6905746 3.2268698 44
0.94243163 0.49221325 0.20341548 8
0.83934963 0.47351816 0.17553967 9
0.77231389 0.46972269 0.15463801 13
0.89746016 0.49633649 0.19749606 7
0.80238217 0.47861993 0.17060955 9
0.73634565 0.47381949 0.15070415 13
0.95155483 0.51316684 0.21844621 2
0.85849094 0.50144517 0.19156906 7
0.76641345 0.48271686 0.16667563 9
0.71039188 0.48188585 0.14976263 13
0.90357274 0.51430124 0.2105251 7
0.80248994 0.49459812 0.18364386 8
0.73845643 0.4907923 0.16373725 9
0.68142945 0.48796356 0.14682159 13
0.86159724 0.51741892 0.20359853 9
0.75850499 0.49371994 0.17671207 8
0.70448703 0.49388179 0.16079785 8
0.65346664 0.49303636 0.14487676 13
0.80759495 0.51056874 0.19467005 12
0.73354977 0.50278819 0.17377084 8
0.67852736 0.50095195 0.15785399 8
0.62851006 0.50009978 0.14393125 14
0.76460958 0.5096879 0.18773653 14
0.70157915 0.50587475 0.16982816 8
0.65156269 0.50602448 0.15490746 8
0.60856038 0.51015121 0.14298394 14
0.73063326 0.5117836 0.1817949 14
0.67060572 0.50795877 0.16588171 8
0.62359744 0.51009685 0.15296033 8
0.5835951 0.51421636 0.141032 13
0.69565433 0.5128811 0.1758527 14
0.6436395 0.51303297 0.16193505 8
0.59963268 0.51516175 0.15000886 8
0.55962944 0.51827902 0.13907838 13
0.66377991 0.51397848 0.1709066 15
0.61276466 0.51312476 0.15798505 9
0.57777685 0.52222747 0.14805873 10
0.53676856 0.52234393 0.13812341 12
0.63881546 0.51904541 0.1679565 15
0.59481037 0.52217311 0.15603203 7
0.55080205 0.52229655 0.14610139 10
0.52282691 0.53537846 0.13817215 13
0.61284399 0.52211654 0.16400379 15
0.57184952 0.52823287 0.15408066 10
0.53184605 0.53034669 0.14414777 10
0.4978542 0.53644246 0.13621356 12
0.59088421 0.52917594 0.16105287 14
0.54687774 0.53029907 0.15112418 10
0.50687337 0.53141063 0.14218917 9
0.48190597 0.54648125 0.13625909 12
0.56591046 0.53124434 0.15709637 14
0.52390814 0.53336042 0.14816651 10
0.48891616 0.53845614 0.14123173 9
0.4579286 0.54554254 0.1342947 12
0.54394341 0.53530341 0.15413918 14
0.50294274 0.53741497 0.14620768 9
0.47195905 0.54549915 0.14027263 9
0.43696225 0.54859465 0.1333337 11
0.52498299 0.5423553 0.15118328 14
0.48297936 0.54246694 0.14424922 9
0.45199564 0.55055094 0.1383141 9
0.4179996 0.5526399 0.13337149 11
0.50501961 0.54740733 0.14922479 13
0.46000534 0.54352772 0.14128727 9
0.4330315 0.55459839 0.13735189 9
0.39602435 0.55269611 0.13140582 10
0.47803488 0.54447937 0.14526102 13
0.44404551 0.54956818 0.14032441 9
0.41807997 0.56363434 0.13739343 9
0.38107088 0.56073189 0.1314453 11
0.45906964 0.54953086 0.14230081 13
0.42708874 0.55761284 0.13836707 9
0.39509919 0.56169456 0.13442522 9
0.36511296 0.56676978 0.13148223 11
0.43909946 0.55158234 0.14033607 12
0.41113168 0.56465286 0.13740607 8
0.37813869 0.56673479 0.13446169 8
0.35216644 0.57780069 0.13152446 11
0.42012984 0.55463338 0.13737169 12
0.39115909 0.56570405 0.13543914 8
0.35415101 0.56179702 0.1314889 8
0.33219445 0.57784766 0.13155539 10
0.39815301 0.55469126 0.13440591 11
0.37519911 0.57174391 0.13447596 8
0.34119925 0.5708279 0.13152701 8
0.38118708 0.55873537 0.13244031 11
0.35422152 0.57079715 0.13250647 8
0.32724538 0.57886088 0.13156459 8
0.29123226 0.57194924 0.12860669 9
0.36723217 0.56677037 0.13147797 11
0.33223408 0.56585431 0.12953052 7
0.31128582 0.58490032 0.1306012 8
0.35428175 0.57680315 0.13051796 11
0.31426466 0.56789845 0.12856227 7
0.29230955 0.58394659 0.12962842 7
0.26734146 0.59400141 0.13068725 9
0.33329979 0.57385588 0.12854439 11
0.30432478 0.58192199 0.12860544 7
0.27132085 0.57799911 0.12764877 6
0.25439438 0.60503167 0.13072893 10
0.31331834 0.57190835 0.12557124 10
0.29137293 0.5909524 0.12864318 8
0.23641968 0.60407311 0.13075441 10
0.2963475 0.57395184 0.1236013 10
0.27340001 0.59199804 0.12667274 7
0.24441306 0.59406167 0.1277217 7
0.21442024 0.59312755 0.12876627 8
0.28238821 0.57998616 0.12263463 10
0.25542319 0.59104323 0.1246983 7
0.26843271 0.58802056 0.12167181 11
0.23342563 0.5810976 0.12271222 5
0.21650316 0.60912609 0.12779386 7
0.18952623 0.61418092 0.13084553 9
0.25246385 0.59106129 0.11970212 10
0.21946532 0.58713174 0.12174533 6
0.1965078 0.60017556 0.12580656 6
0.17154324 0.61022395 0.12986493 9
0.23448853 0.59010434 0.11872761 10
0.18356211 0.61120325 0.12684782 7
0.15153925 0.59727323 0.1278697 5
0.21348672 0.57915819 0.115738 9
0.19355947 0.60419112 0.12181808 7
0.20527151 0.59819198 0.11577432 10
0.15232918 0.61228848 0.12488075 7
0.1273692 0.62333059 0.13093911 9
0.19332328 0.609218 0.11581254 10
0.16434857 0.61427057 0.12086576 7
0.11038212 0.617369 0.129953 6
0.17332494 0.59926671 0.11282365 9
0.12543324 0.63334268 0.12695949 9
0.099461563 0.63938683 0.13300988 8
0.15836215 0.60430086 0.11185511 9
0.12936831 0.60035324 0.11689149 5
0.082477316 0.63442492 0.13202554 9
0.14742802 0.62132251 0.11290271 10
0.11945212 0.6253708 0.11895238 7
0.091464743 0.62341887 0.12499091 6
0.065486357 0.62646294 0.13103563 5
0.12943189 0.6123665 0.1099126 9
0.10448889 0.62940258 0.11898176 7
0.053565569 0.64848262 0.13409369 9
0.11446519 0.61540014 0.10894015 9
0.085471503 0.61044854 0.11597459 5
0.061527122 0.62748426 0.12404212 5
0.03861969 0.65951037 0.13613576 8
0.074553177 0.63446796 0.11803476 7
0.02263937 0.65654588 0.13515344 7
0.085542098 0.62646335 0.10800279 10
0.033650465 0.6575374 0.12713796 8
0.0066688079 0.65657753 0.13617663 6
0.042591557 0.6275388 0.11606854 6
0.018689647 0.66256696 0.12816879 7
-0.0082872547 0.66360694 0.13721113 6
0.054613717 0.63453001 0.10706266 10
0.027628558 0.63257176 0.1150995 6
0.0027121282 0.66060209 0.12718827 7
-0.024255585 0.66564023 0.13723788 7
0.03964214 0.63556314 0.10608625 10
0.012692211 0.64859939 0.11715049 7
-0.039199635 0.6776675 0.13928135 9
0.023647765 0.62660009 0.10409303 9
-0.029221119 0.66566652 0.12824355 8
-0.056152686 0.68569893 0.14132041 8
0.0087073073 0.64163095 0.1041421 10
-0.018230947 0.65866339 0.11721347 7
-0.044188365 0.66769731 0.12826872 7
-0.072112866 0.6907298 0.14235242 8
-0.0072553162 0.64666414 0.10417432 10
-0.060134191 0.67972827 0.1293135 9
-0.089063093 0.69976097 0.14439313 8
-0.022214942 0.65269476 0.10420679 10
-0.049167205 0.66372883 0.11626706 7
-0.077101275 0.68176126 0.13034151 8
-0.10799403 0.71779436 0.14745304 8
-0.037178025 0.65772724 0.10323738 10
-0.094054051 0.69079405 0.13138214 9
-0.12692691 0.73482752 0.15051097 6
-0.053148396 0.65875983 0.10326216 11
-0.082092844 0.67279601 0.11633069 8
-0.11199402 0.70482695 0.13343322 9
-0.14490536 0.73186398 0.15053113 6
-0.099053308 0.67782855 0.11736406 9
-0.12897386 0.70186299 0.132452 8
-0.16484517 0.74589902 0.15358488 7
-0.08609537 0.65883029 0.10130949 11
-0.11699487 0.69186306 0.11841505 9
-0.1469347 0.7058962 0.13348256 8
-0.18280813 0.74793065 0.15460917 4
-0.13495308 0.69489354 0.11843663 9
-0.16488662 0.71092451 0.13450746 8
-0.20572832 0.76696563 0.15766631 4
-0.12098591 0.67588288 0.10136975 11
-0.15091786 0.69090617 0.11743465 8
-0.18480773 0.72393215 0.13653757 7
-0.23160999 0.79497236 0.16272746 1
-0.16984743 0.69790524 0.11844844 9
-0.20573325 0.73293376 0.13855743 6
-0.1548776 0.67687821 0.10036856 11
-0.19076382 0.71491045 0.12048392 8
-0.22866058 0.75194991 0.14160174 6
-0.17429422 0.68602109 0.1015022 12
-0.21019343 0.71706122 0.12061302 7
-0.25106123 0.76110625 0.14275514 7
-4.8417764 15.081766 2.3359594 40
-0.19524363 0.69706392 0.10155271 12
-0.2291625 0.71909994 0.12064385 7
-0.28393686 0.80316281 0.14888006 5
-4.9883404 14.406203 2.2568827 53
-0.21321635 0.6971004 0.10157846 12
-0.25011614 0.72714067 0.12168863 7
-0.29795301 0.78419453 0.14686459 5
-5.1327558 13.793622 2.1849222 62
-0.23317802 0.70214087 0.10161632 12
-0.27107456 0.73318118 0.12272966 7
-0.32587761 0.8042441 0.15094139 5
-5.2511506 13.187983 2.1139395 48
-0.25115615 0.70017892 0.10063833 12
-0.29402673 0.74222577 0.12377905 7
-0.35481068 0.82129747 0.15401401 1
-5.3793426 12.667337 2.0571308 58
-0.27310625 0.71022135 0.10168813 12
-0.3179791 0.75127244 0.12482982 7
-0.37976366 0.82934397 0.15606411 0
-5.5144053 12.202693 2.0064373 56
-0.29705197 0.72226781 0.10274445 13
-0.34492007 0.76532316 0.12689404 8
-5.6195002 11.721989 1.9536734 65
-0.32299772 0.73532009 0.10280544 14
-0.3728565 0.78137577 0.12896323 8
-5.1232772 10.080384 1.7079103 30
-0.34596053 0.73936409 0.10384551 14
-0.40378532 0.8004325 0.13204214 8
-5.6547294 11.39466 1.6060494 64
-5.2360139 9.7516575 1.6764437 70
-0.37489685 0.75642025 0.10491792 15
-0.43572259 0.81649297 0.13411693 8
-5.1871829 9.8660231 1.4115461 36
-5.3935089 9.524991 1.6622224 71
-0.40284097 0.76747137 0.10597285 16
-0.47761258 0.85056567 0.1382312 6
-5.3019018 9.5362968 1.3810519 42
-5.7193108 9.5935841 1.6977611 75
-0.42978784 0.77551901 0.10601568 16
-0.50855076 0.85961008 0.14027686 4
-5.6048179 9.5588493 1.4014504 48
-6.0501375 9.648159 1.733245 82
-0.46170402 0.78954345 0.10705959 17
-0.55143678 0.88665175 0.14435928 1
-5.9655609 9.6564837 1.4320437 60
-6.1109524 9.2743015 1.6935493 63
-0.49661449 0.80557215 0.10911103 18
-5.8361397 9.5907192 1.1276447 11
-6.0134544 9.2505951 1.3932717 40
-6.1946898 8.9544697 1.6639805 66
-0.53455991 0.82562703 0.11117949 17
-5.9250169 9.2348909 1.0980095 46
-6.0514374 8.856679 1.3544934 46
-6.2665038 8.6366081 1.6333878 68
-0.58350527 0.857714 0.11428799 17
-6.0098376 8.899066 1.072367 66
-6.1112075 8.5168362 1.3238956 60
-6.3361301 8.3328047 1.6059561 66
-0.64633024 0.90785545 0.11850525 4
-2.8524983 3.9816611 0.51022077 22
-6.1837316 8.2090626 1.297672 64
-6.4026184 8.0400181 1.5797539 64
-6.0479374 8.6116552 0.75201291 5
-2.9078536 3.8617461 0.50304377 14
-6.2386246 7.8971133 1.2710234 83
-6.4694929 7.7590742 1.5541135 63
-3.6588602 4.9243126 0.45295155 0
-2.9642034 3.7478211 0.49483272 22
-6.2995038 7.6081367 1.2473501 83
-6.5293932 7.4830704 1.5304476 63
-3.6136878 4.6221638 0.43123487 48
-2.9966433 3.6098266 0.48557508 25
-6.3654346 7.3340778 1.2251366 86
-6.5895314 7.2158189 1.5076094 57
-6.2531919 7.6504273 0.6932382 64
-3.0224943 3.4676137 0.47593501 20
-6.4245238 7.0668325 1.2054297 82
-6.6433115 6.9577432 1.4865525 52
-6.3387132 7.3786001 0.6768409 63
-3.0487204 3.3346777 0.46673617 12
-6.483036 6.8099546 1.187026 84
-6.6608934 6.671804 1.4590368 41
-6.4272089 7.1257672 0.66448849 60
-3.0759504 3.2097328 0.45853916 7
-6.5375395 6.5570703 1.1676255 65
-6.6554985 6.3748269 1.4274695 46
-6.5077057 6.8719201 0.65112406 61
-6.5389013 6.5685215 0.90763128 38
-3.1412032 2.9816551 0.56822413 0
-6.6690488 6.1058922 1.401006 50
-3.7193539 3.7198157 0.37822497 15
-6.5762897 6.3007846 0.88811707 77
-3.1458521 2.8523014 0.55679291 8
-6.7094078 5.8771467 1.3835158 52
-3.756623 3.5768678 0.3709718 17
-4.1279726 3.7532828 0.55882466 16
-3.1770294 2.7493291 0.55059934 17
-6.7598543 5.6582227 1.3671061 73
-4.0333891 3.6613588 0.38546965 57
-4.14428 3.5912826 0.54849339 18
-3.1912293 2.6363254 0.54236406 31
-6.7943077 5.435267 1.3496681 84
-3.8311307 3.3069408 0.3584733 17
-6.7357621 5.5940003 0.8488059 80
-3.2084763 2.5283344 0.53514081 39
-6.8468122 5.233325 1.3372754 92
-3.8634524 3.1749716 0.35321784 16
-6.7863064 5.3720484 0.83737385 82
-3.2257516 2.4243524 0.52786523 44
-6.8972845 5.0334101 1.3248755 98
-3.9066901 3.0540633 0.3490442 25
-6.8407035 5.1581903 0.82711881 93
-3.2438593 2.3244236 0.52285379 52
-6.935596 4.827549 1.3107849 104
-3.952826 2.9391909 0.34606311 27
-4.3332195 3.0916495 0.52893925 2
-3.2641199 2.2274344 0.51770127 55
-6.9831343 4.6355534 1.3004017 128
-3.982209 2.8111825 0.34077734 25
-6.9306998 4.72928 0.80745178 103
-3.2823777 2.1304374 0.51149911 46
-6.499496 4.1076436 1.1945891 119
-4.0395598 2.7081957 0.33953434 24
-6.4551005 4.1792731 0.74058193 120
-3.2997022 2.036396 0.50628066 45
-6.531033 3.9255917 1.1832209 122
-4.1050324 2.6081381 0.33865556 17
-6.5039673 3.9969413 0.73488712 89
-3.3163857 1.9421175 0.5016349 36
-6.578896 3.7591641 1.1757413 127
-4.1764946 2.5140665 0.33795527 16
-4.3302665 2.508076 0.49517 12
-3.3384998 1.854171 0.49852768 33
-6.7000947 3.6343706 1.1816911 91
-4.2296748 2.4081538 0.33683214 16
-4.2256351 2.3158913 0.47765896 46
-3.3586452 1.7662024 0.49539104 18
-6.8063288 3.4995446 1.1845887 45
-4.2798553 2.3012347 0.33570349 22
-4.2578287 2.2039425 0.47449508 54
-3.3817847 1.6822407 0.49226788 8
-7.235188 3.5222414 1.2422556 131
-4.3060718 2.1822817 0.33353361 44
-7.1958661 3.5390117 0.76423311 132
-3.3939555 1.5922749 0.4881416 4
-7.2875156 3.3523459 1.2370471 59
-4.4711552 2.1315849 0.33970386 1
-7.2820592 3.2577677 0.99088252 10
-3.4290268 1.4671578 0.59499222 0
-4.3484468 1.8751299 0.46608788 150
-3.470237 1.4384294 0.48701453 0
-3.4421854 1.3831942 0.59087968 1
-4.3877239 1.8354483 0.32808807 4
-7.3359246 2.9862812 0.75251138 124
-7.3687444 2.9009409 0.98041481 136
-3.4413517 1.2962073 0.58474165 6
-4.4109387 1.7204965 0.32593668 45
-7.3812757 2.8023686 0.74827254 128
-7.4040875 2.7220135 0.97417039 136
-3.4535046 1.2142401 0.58163249 8
-4.4271541 1.6045296 0.32477403 47
-7.43261 2.6244633 0.74605465 124
-7.4444189 2.5470903 0.97094178 138
-3.4766452 1.1372916 0.57954919 12
-4.4483595 1.4905697 0.32361445 51
-7.4769402 2.4445405 0.74379915 112
-7.4867401 2.3711655 0.96667796 138
-3.4937694 1.0593207 0.57742482 18
-4.4725442 1.3796086 0.32243839 51
-4.5353765 1.353478 0.46348196 28
-7.5240512 2.1962266 0.96339577 139
-3.5068989 0.97934425 0.57429087 31
-4.497725 1.2686456 0.3232637 55
-7.556582 2.082669 0.73922104 119
-7.5593657 2.0202856 0.95910877 139
-3.5230227 0.9013716 0.57216495 39
-4.5189109 1.1566787 0.32208127 19
-7.6018929 1.9047397 0.73894525 121
-7.6126637 1.8503717 0.95885873 144
-3.5341489 0.82239109 0.56902981 42
-4.5560837 1.0497382 0.32293117 58
-4.4280171 0.98628455 0.44362718 0
-7.6429739 1.6754193 0.95556569 140
-3.5532711 0.74442232 0.56790811 49
-4.5871253 0.94174182 0.32468313 40
-4.4380617 0.88025647 0.44235554 0
-7.6731696 1.5003972 0.95211971 138
-3.5722618 0.66742128 0.56672293 60
-4.4472342 0.77426684 0.4411664 0
-7.7144718 1.3264613 0.95084405 136
-3.588382 0.5904482 0.56459826 63
-0.36213183 0.030315347 0.062965393 2
-4.4723949 0.6723035 0.44200742 0
-7.7457762 1.1515085 0.94855207 137
-3.6025045 0.51147127 0.56246734 71
-4.4815674 0.56631398 0.44081828 0
-7.7950716 0.97958374 0.94929117 138
-3.6226223 0.43350193 0.56234664 84
-0.38409504 0.016351452 0.064973965 3
-4.5317225 0.46539328 0.44369677 0
-7.8403716 0.80365127 0.95001727 140
-3.6387439 0.35452694 0.56121838 95
-4.5278978 0.35737953 0.44248542 0
-7.8746734 0.62770009 0.94972754 142
-3.6528647 0.27554819 0.5600872 99
-0.38406664 -0.00064984971 0.064945564 3
-7.9692516 0.46221757 0.74654913 115
-7.9139743 0.45175642 0.9504447 139
-3.6719813 0.19757672 0.5599649 122
-7.9955673 0.2762478 0.7482301 108
-7.9492836 0.27080691 0.95014745 139
-3.6901033 0.11760513 0.55883759 129
-0.38103849 -0.017656643 0.06491293 3
-8.0398808 0.09030927 0.75093651 97
-7.9865851 0.091857247 0.95185632 139
-3.7082257 0.03663183 0.55870849 112
-8.084197 -0.098631158 0.7546376 98
-8.0338879 -0.088074088 0.95357752 139
-3.728344 -0.043339685 0.5595839 125
-0.38600844 -0.033648614 0.064893417 3
-8.1385117 -0.28855684 0.76035082 99
-8.0831985 -0.27300516 0.95729262 134
-3.7354686 -0.12432987 0.55743915 117
-7.9318409 -0.46892142 0.74171466 24
-7.958518 -0.44922197 0.94077897 25
-3.7585933 -0.20829605 0.5583117 123
-0.38497823 -0.050653476 0.065863699 3
-3.7538877 -0.30814654 0.46412081 13
-3.7587175 -0.29030097 0.55715543 5
-5.0252643 -0.53985322 0.48647857 17
-5.070055 -0.52499056 0.61156231 20
-3.8278432 -0.37919313 0.56408328 91
-0.38895079 -0.068647459 0.065839276 4
-4.7874255 -0.62926596 0.46697372 40
-4.8282208 -0.61039656 0.584059 47
-3.8509731 -0.46716133 0.56594843 129
-4.8056045 -0.74524695 0.46977928 40
-4.8013921 -0.71744967 0.58081758 40
-3.8701046 -0.55513507 0.56680793 116
-0.35491478 -0.080709159 0.064772613 1
-4.8317876 -0.86421502 0.47359073 24
-4.8255715 -0.83341962 0.58363146 30
-3.8912394 -0.64510524 0.56766665 86
-5.0332465 -1.0536848 0.3765251 15
-5.2260609 -1.0585688 0.51177758 6
-4.8707561 -0.95435625 0.5894655 8
-3.9023752 -0.73509204 0.56751156 75
-5.1084657 -1.1975743 0.38635966 17
-7.8100071 -1.7662627 0.74707329 123
-7.7956414 -1.7015955 0.9201656 135
-3.931509 -0.82905561 0.57138056 65
-5.1106625 -1.3285928 0.39012945 13
-5.6325889 -1.4159278 0.55369335 20
-7.8479571 -1.9015378 0.92688751 134
-3.948642 -0.92303866 0.57223982 59
-5.1118541 -1.4596184 0.39590302 12
-5.1016016 -1.4108349 0.50797355 57
-5.7545691 -1.5359679 0.69165117 1
-3.967778 -1.02002 0.57409722 57
-5.0800323 -1.5816989 0.39864781 12
-5.7870779 -1.7447283 0.57433569 57
-5.6667428 -1.6501498 0.68333727 40
-3.9889116 -1.1190197 0.5759601 53
-5.0622101 -1.7107909 0.4024097 19
-8.0863466 -2.6390104 0.79195189 71
-5.4138384 -1.7116201 0.65589535 9
-4.0160456 -1.2220217 0.57882774 63
-5.0383816 -1.8378965 0.40616831 20
-5.2842407 -1.8656905 0.53546011 9
-5.1689153 -1.7640733 0.62948 1
-4.0261774 -1.3230513 0.57967603 46
-5.1142783 -2.0061922 0.41825899 51
-5.2770958 -2.0051503 0.53948903 5
-5.2238059 -1.9174116 0.63856333 0
-4.0531058 -1.4321705 0.58374745 42
-5.1344461 -2.1562316 0.42705014 34
-8.8450413 -3.5892019 0.8858248 90
-8.8455992 -3.469507 1.0580279 53
-4.0822248 -1.5431734 0.58762109 37
-5.1406155 -2.305279 0.43384242 20
-8.8983736 -3.8542042 0.89951962 82
-8.8869123 -3.7185128 1.0687451 94
-4.0933461 -1.6521869 0.58949673 33
-5.203825 -2.4832368 0.44668618 19
-8.9697294 -4.1371751 0.91622663 58
-4.1747303 -1.864977 0.5252912 0
-4.1354799 -1.7741594 0.5953958 24
-4.1953244 -2.1287143 0.37490886 0
-9.0290823 -4.4201632 0.93192065 41
-4.1828594 -1.9829996 0.52915138 0
-4.1576109 -1.8931596 0.59927338 18
-9.0874481 -4.7151556 0.94859731 14
-4.1969943 -2.1060143 0.53401315 8
-4.1907535 -2.0211446 0.60415334 13
-4.2611661 -2.2599628 0.5448966 0
-4.2218933 -2.150135 0.61003059 2
-4.3033323 -2.4069374 0.55374157 0
-9.2011614 -4.938653 1.2865348 28
-9.2565451 -5.2336259 1.2971404 14
-0.86103958 -0.5565207 0.13089816 0
-0.88800615 -0.55450696 0.14693981 0
-9.3629808 -5.5725346 1.3157485 5
-0.80405277 -0.56558424 0.11380523 0
-0.85098332 -0.55856448 0.14388353 0
-9.459425 -5.9174576 1.3333348 4
-0.79899794 -0.56862015 0.12679614 1
-0.77398115 -0.57866216 0.12574735 0
-0.77192473 -0.5556826 0.13578188 4
-0.76189566 -0.57363743 0.1357083 2
-0.78885281 -0.57158154 0.1487308 6
-0.73482317 -0.58053178 0.13358724 0
-0.75077641 -0.56850314 0.14361927 5
-0.70879239 -0.58453918 0.1315373 0
-0.73176259 -0.57951695 0.14157729 1
-0.68076611 -0.5865652 0.12849759 0
-0.71374816 -0.59052932 0.13953686 1
-0.64973509 -0.58559591 0.12545863 0
-0.68071526 -0.58756149 0.13549834 0
-0.68390077 -0.69852644 0.11832606 1
-0.67082393 -0.6585539 0.12337274 0
-0.66375691 -0.6245746 0.12841821 0
-0.66069776 -0.59558916 0.13346112 0
-0.68191087 -0.72853804 0.12027924 6
-0.6848532 -0.7025466 0.12732562 2
-0.67578083 -0.66557056 0.13237306 1
-0.66170412 -0.62259722 0.13442314 1
-0.69995403 -0.78352654 0.12522046 6
-0.69187629 -0.74254876 0.13027556 4
-0.67579168 -0.69558012 0.13332923 3
-0.67172557 -0.66059154 0.13637988 1
-0.71399367 -0.83651859 0.13016018 7
-0.69990546 -0.78654921 0.13422345 5
-0.69283134 -0.74556768 0.13728189 5
-0.67975038 -0.69859362 0.13934146 5
-0.72804624 -0.894517 0.13510112 7
-0.71595472 -0.84254456 0.13917004 6
-0.70386738 -0.79156899 0.14123718 6
-0.69378895 -0.74558878 0.14229906 5
-0.72800159 -0.89654452 0.14311507 5
-0.715913 -0.84356731 0.14418511 6
-0.7028228 -0.78859001 0.14425671 6
-9.8176994 -13.483109 1.4396778 97
-0.73046207 -0.89976114 0.14916877 6
-0.72037023 -0.84377617 0.14824535 7
-9.4027405 -13.567775 1.4369903 104
-9.8004465 -13.472332 1.5297074 101
-0.72840643 -0.89377445 0.15117976 7
-8.9977818 -13.652419 1.4343184 108
-9.3955212 -13.553934 1.5150149 109
-9.8093395 -13.46635 1.5886514 106
-8.6040697 -13.739773 1.4333811 112
-9.0008831 -13.644205 1.5020051 112
-9.4087114 -13.552601 1.5626347 120
-9.8605528 -13.456906 1.6103277 100
-8.2243605 -13.835135 1.4354907 114
-8.6091223 -13.732625 1.4891967 123
-9.0209112 -13.644069 1.5389167 111
-9.4607029 -13.542439 1.5716956 106
-7.8334551 -13.917715 1.4338794 115
-8.232254 -13.83217 1.4795767 120
-8.6330557 -13.738606 1.514289 119
-9.0738535 -13.630959 1.5360782 116
-7.4605522 -14.004272 1.4352881 124
-7.8513517 -13.90772 1.4679914 116
-8.2531748 -13.819138 1.4926964 127
-8.6940136 -13.725468 1.5004624 119
-7.0826216 -14.071836 1.4357218 113
-7.481473 -14.000256 1.4583955 118
-7.8812838 -13.90367 1.4711055 123
-8.3161135 -13.805009 1.4678661 110
-6.7136569 -14.151427 1.4381363 119
-7.1054873 -14.064851 1.4478192 114
-7.5093303 -13.980247 1.450515 127
-7.9461732 -13.879563 1.435281 119
-6.3536639 -14.225016 1.4415694 115
-6.7435141 -14.142428 1.4412428 125
-7.1453772 -14.058808 1.4309337 126
-7.5792513 -13.967113 1.4036807 121
-5.7217679 -13.644908 1.3816702 48
-6.3825464 -14.213989 1.4326949 122
-6.7844477 -14.142352 1.412383 125
-7.2153325 -14.042641 1.3731546 124
-5.392848 -13.751437 1.3881564 117
-6.0326276 -14.311533 1.4271711 133
-6.4295292 -14.229886 1.3948678 125
-6.8504214 -14.122169 1.3416381 124
-5.3008146 -14.501707 1.4579546 99
-5.418767 -13.730373 1.357354 120
-6.0735884 -14.30242 1.3773757 140
-6.4965043 -14.200685 1.3131388 125
-4.9518561 -14.586266 1.4654545 112
-5.32973 -14.469621 1.4161798 103
-5.4597449 -13.723245 1.2995502 120
-6.1546111 -14.298184 1.2876271 125
-4.6038866 -14.662818 1.4719691 120
-4.9958229 -14.581142 1.4156585 129
-5.1438584 -13.837725 1.289044 19
-5.5357709 -13.714007 1.2037972 120
-4.2569046 -14.731366 1.478498 112
-4.651855 -14.650672 1.4121897 120
-5.0428095 -14.561969 1.3348882 131
-5.2198815 -13.816469 1.1823103 82
-3.920953 -14.824903 1.4879831 119
-4.3059034 -14.734217 1.4086344 113
-4.7139254 -14.686487 1.3242501 118
-5.1529737 -14.63668 1.2189106 120
-3.5739634 -14.900488 1.4963363 123
-3.9679527 -14.826773 1.4069729 121
-4.3800273 -14.806025 1.3135511 123
-4.8030429 -14.721221 1.193243 125
-3.2279868 -14.985067 1.5046791 116
-3.6199839 -14.90634 1.4043196 110
-4.0330892 -14.897575 1.3008796 125
-4.4580989 -14.79775 1.1685964 116
-2.8839839 -15.053642 1.5140513 108
-3.2759919 -14.971898 1.4026957 113
-3.6901262 -14.974118 1.2892387 121
-4.1101537 -14.874282 1.1439478 110
-2.9370551 -15.07745 1.4030181 113
-3.3471627 -15.050658 1.2775998 126
-2.7888091 -11.042805 0.84008449 38
-0.12752722 -0.71659082 0.11160202 12
-3.0002046 -15.130198 1.2649528 124
-2.5418587 -11.11319 0.82459986 80
-0.1125089 -0.72263908 0.11257253 13
-0.13051268 -0.72260422 0.10559974 9
-2.2859879 -11.158533 0.80827123 2
-0.095488288 -0.72267431 0.11256146 13
-0.11348824 -0.71963936 0.10559327 10
-0.13249516 -0.72160286 0.098618671 8
-0.080827974 -0.72946399 0.11347761 13
-0.11783704 -0.73138922 0.098531149 11
-0.13784063 -0.73034734 0.089563124 5
-0.063793004 -0.72549975 0.11347288 12
-0.082803264 -0.72946078 0.10549562 10
-0.10181259 -0.7334221 0.097518392 10
-0.11878702 -0.71138173 0.086579151 11
-0.047763076 -0.72453374 0.11346474 12
-0.084786206 -0.73445767 0.097505815 11
-0.1027635 -0.71341437 0.085566245 11
-0.031742956 -0.73056906 0.11444564 12
-0.049750745 -0.73253036 0.10547022 10
-0.068758853 -0.73449028 0.096496172 10
-0.087747268 -0.72144711 0.085545413 11
-0.016719013 -0.73360133 0.11443266 12
-0.071733274 -0.73047978 0.084521778 12
-0.00068589684 -0.73163885 0.11542421 12
-0.018695189 -0.73360378 0.1054449 10
-0.036709245 -0.7385686 0.095460914 10
-0.05568675 -0.71752894 0.083518483 11
0.016327491 -0.74269497 0.11638058 12
-0.039694339 -0.74158198 0.083455935 13
0.033350479 -0.74675065 0.11734784 12
0.014347847 -0.74371266 0.10637754 10
-0.0036541566 -0.73867446 0.094408937 10
-0.023651689 -0.72963172 0.081449233 12
0.050373457 -0.7518065 0.11831367 13
0.032363832 -0.75176823 0.10633729 10
0.012370752 -0.74072713 0.094380684 10
-0.0066350736 -0.73768598 0.081410274 12
0.068393923 -0.75786352 0.11927666 13
0.048395425 -0.74982089 0.1063154 10
0.02940104 -0.73877972 0.093357421 10
0.010381869 -0.74473858 0.080372944 12
0.08641316 -0.76592195 0.12123662 13
0.066412091 -0.75887787 0.10727377 10
0.047410086 -0.75283664 0.094307967 10
0.026407128 -0.74578941 0.079346396 12
0.10344101 -0.76497144 0.12121592 13
0.084424429 -0.76792598 0.10824002 10
0.064426914 -0.75687748 0.094287239 10
0.044423062 -0.74882722 0.079329714 12
0.122449 -0.7750138 0.12318748 14
0.1024432 -0.76896381 0.1082269 10
0.082442835 -0.75991529 0.094270892 10
0.062425934 -0.75986356 0.078300916 12
0.14046599 -0.77805334 0.12417146 14
0.1204583 -0.77300328 0.10920924 10
0.10244311 -0.77295619 0.094236605 11
0.081439234 -0.76490325 0.078280278 13
0.15749344 -0.77309006 0.12416919 4
0.1404714 -0.77804458 0.10918754 10
0.11946704 -0.76999152 0.093231149 11
0.098457932 -0.76493847 0.077270105 13
0.15550661 -0.76707703 0.10819711 4
0.13947788 -0.77703452 0.094206467 11
0.11945744 -0.77898151 0.077233374 13
0.15948611 -0.78507626 0.094180487 4
0.13747777 -0.77801871 0.076223686 13
5.4205599 -16.954826 1.9216928 99
3.6354258 -12.384936 1.1410018 20
1.0549347 -4.0157628 0.30810943 3
0.1545193 -0.7700457 0.075219378 8
5.8281064 -16.950409 1.943135 69
3.9595246 -12.444188 1.1519554 21
1.1672477 -4.0613708 0.31044242 39
1.0253403 -3.9299874 0.20581721 12
6.0441194 -16.369654 1.8957469 82
4.2995057 -12.520739 1.1634581 16
1.3041306 -4.1675978 0.31613225 28
1.1373107 -3.9751637 0.20362446 109
6.4985976 -16.441692 1.9228895 30
4.6637955 -12.625638 1.1768361 14
1.4337701 -4.2329903 0.3189249 25
1.264864 -4.0505781 0.2024489 111
7.3270574 -17.390738 2.0542202 76
5.0299492 -12.715614 1.1915631 5
1.549545 -4.248342 0.31879428 42
1.4065244 -4.1559615 0.20207788 63
7.8427448 -17.509825 2.089606 76
5.3963919 -12.791033 1.2053106 9
1.6700691 -4.2698727 0.31979567 47
1.521111 -4.1714263 0.19914652 80
5.7654214 -12.845665 1.217054 8
1.7980658 -4.3010912 0.32067114 51
1.6401126 -4.1936293 0.19602063 73
0.52192605 -1.115502 0.17459826 9
1.9252328 -4.3242841 0.32156003 56
1.7722478 -4.2338305 0.19387411 77
0.53302115 -1.0765144 0.17163582 9
0.52293211 -1.1104589 0.14460276 8
1.9042212 -4.2650638 0.19168089 70
0.5411154 -1.0375199 0.16767709 9
0.53502226 -1.0744731 0.14163508 8
0.52792841 -1.1104219 0.11359563 8
0.55319858 -1.0055354 0.16570401 13
0.54412127 -1.0334818 0.13867772 8
0.53802764 -1.0694325 0.11063708 8
0.52793133 -1.1043707 0.078602731 9
0.56028843 -0.96954042 0.16274241 12
0.5581972 -1.005501 0.13669688 8
0.5491187 -1.0334463 0.10867059 8
0.53903145 -1.0633845 0.076642893 8
0.57136416 -0.94155395 0.16076523 13
0.55631304 -0.95448834 0.13276614 10
0.56618768 -1.0094709 0.10668085 8
0.55211532 -1.0314019 0.074668638 9
0.58144206 -0.91256571 0.15879059 13
0.57536876 -0.93851793 0.13176331 10
0.55832219 -0.94844747 0.10277057 10
0.5651958 -1.0014193 0.072691761 8
0.59550625 -0.89158601 0.15780051 12
0.58445024 -0.90752792 0.12979253 10
0.57239401 -0.92346787 0.10178574 10
0.56431752 -0.94841123 0.07076221 10
0.63351703 -0.9026553 0.16073924 8
0.60649925 -0.89556408 0.12978096 7
0.57947814 -0.89047295 0.098819956 10
0.5734033 -0.91542131 0.068794027 12
0.67053485 -0.90972257 0.16368489 8
0.64151782 -0.90162647 0.13173023 7
0.6174919 -0.89853954 0.099762879 7
0.59146601 -0.89544904 0.067797877 16
0.70755458 -0.91578966 0.16663225 9
0.67654091 -0.90468746 0.13268381 8
0.65550566 -0.90660608 0.10070623 8
0.62548512 -0.89950579 0.066751182 8
0.74657619 -0.92086041 0.16957897 8
0.71855015 -0.91576225 0.13461894 8
0.69851059 -0.91968149 0.10163749 8
0.66449797 -0.90757275 0.066693649 8
0.80556256 -0.946971 0.17547476 9
0.76855195 -0.93185288 0.13753848 6
0.73853016 -0.92475134 0.1025833 8
0.70750749 -0.91764688 0.066629358 8
0.86855048 -0.97409064 0.18236674 9
0.82754266 -0.9569633 0.14243908 7
0.78953236 -0.94184285 0.1035052 7
0.75351942 -0.92872739 0.065566279 8
0.99544126 -1.0633391 0.19810645 14
0.91249746 -1.0041229 0.14828327 11
0.85651624 -0.9709661 0.1063941 7
0.81550717 -0.95383793 0.06546627 7
1.0554585 -1.0754513 0.20302659 14
0.99247277 -1.0402728 0.15414827 16
0.93548632 -1.0081106 0.10925886 11
0.90045863 -0.99999088 0.066312164 10
1.1614119 -1.1276553 0.21484078 6
1.0455012 -1.0443686 0.15608716 13
1.0024836 -1.0292317 0.111159 17
0.96645755 -1.0191078 0.066216059 12
1.2224387 -1.1347684 0.21976699 97
1.1145097 -1.0614966 0.16099055 8
1.0654981 -1.0413454 0.11307585 13
1.0354538 -1.0392286 0.065115452 13
1.3114346 -1.1609354 0.22763593 88
1.1975002 -1.0886493 0.16586488 94
1.1594683 -1.0785155 0.11592428 0
1.103462 -1.0533482 0.065024115 14
1.4084277 -1.1901188 0.23749204 103
1.288492 -1.1158172 0.17173028 86
1.216501 -1.0796162 0.11686302 96
1.1844537 -1.0764909 0.064906247 15
1.5104208 -1.2193104 0.24734281 118
1.3724991 -1.1339707 0.17661592 89
1.3154821 -1.1107942 0.11971419 94
1.2814337 -1.1066617 0.06476105 62
1.6234143 -1.2485212 0.2571812 133
1.4754912 -1.1611588 0.18246815 90
1.4084816 -1.131961 0.12258572 86
1.3814189 -1.1338375 0.064616695 80
1.7434089 -1.277745 0.26801193 97
1.5824904 -1.1843536 0.18832131 92
1.5194707 -1.1591594 0.12542896 91
1.5013899 -1.1690482 0.06443923 89
1.8534254 -1.2939488 0.27787152 71
1.6894983 -1.203549 0.19518006 105
1.631466 -1.1833601 0.12927538 91
1.6123842 -1.1912421 0.064289443 84
2.016176 -1.338053 0.29286218 88
1.8142681 -1.2275993 0.20222436 107
1.738248 -1.1963835 0.13134961 96
1.7291533 -1.2122862 0.064343102 89
2.1551819 -1.3612936 0.30568752 23
1.9472684 -1.2508247 0.21005589 112
1.863247 -1.2175909 0.13519242 99
1.8671342 -1.2415111 0.064161837 82
8.7556982 -5.150372 1.0807602 2
2.0942612 -1.2790737 0.2188662 102
2.0162306 -1.2488458 0.13999225 121
2.0311036 -1.2777786 0.063943513 90
8.8101082 -4.9254079 1.0679969 1
2.2792392 -1.3183891 0.23062125 150
2.1732223 -1.2751062 0.14479411 109
2.2020805 -1.3090553 0.06272389 98
10.472301 -5.5493689 1.2404222 90
2.5721443 -1.4058925 0.24919887 150
2.3981729 -1.3274816 0.15148938 131
2.4909675 -1.3955312 0.063307434 150
9.4865189 -4.7615094 1.1084919 68
2.8780661 -1.4844162 0.26877382 150
2.7200632 -1.4190226 0.16203077 108
2.8458247 -1.5001149 0.063797005 143
9.6338778 -4.5717096 1.1065806 69
5.2335629 -2.5215514 0.44292724 14
3.0379851 -1.4915539 0.17260034 87
9.6003504 -4.3005848 1.0859662 66
5.2508221 -2.383549 0.43708739 15
5.1906409 -2.3762326 0.25716749 76
10.007554 -4.2212501 1.112633 23
5.2880573 -2.2595811 0.43220791 18
5.2048984 -2.2392271 0.25232872 80
10.091954 -4.0003366 1.1058258 20
5.2993112 -2.1235685 0.42637074 18
5.2521372 -2.1132777 0.24843939 79
23.203949 -8.5675983 2.4439173 98
5.3335452 -1.9985999 0.42150801 19
5.2933736 -1.9883286 0.24558224 79
11.177334 -3.8671594 1.1839145 38
5.3687778 -1.8726481 0.41668612 19
5.3326116 -1.8603852 0.24175788 75
23.585649 -7.5451126 2.4091134 12
5.3949957 -1.7446908 0.41189229 26
5.3578238 -1.7304305 0.23798124 79
10.558415 -3.1410284 1.0887821 38
5.4211826 -1.6177346 0.40813783 27
5.3910174 -1.601487 0.23422073 74
10.477844 -2.8668547 1.0653147 44
5.464397 -1.4967896 0.40427801 28
5.438251 -1.4775461 0.23233326 75
10.520251 -2.633878 1.0555735 63
5.5056248 -1.3748366 0.40139431 30
5.4644876 -1.3505688 0.22947115 71
10.603646 -2.408972 1.0487777 60
5.5358567 -1.2498641 0.39752519 31
5.5087242 -1.2236212 0.22658901 69
10.646058 -2.1709936 1.0380394 42
5.569087 -1.1248963 0.39365211 30
5.5339637 -1.0936421 0.22372992 72
10.711461 -1.9380552 1.0292695 42
5.5773282 -0.99188513 0.3878141 33
5.5352097 -0.95862126 0.21890129 67
10.76687 -1.702101 1.0215123 42
5.5375724 -0.85579419 0.38102967 43
5.487464 -0.8175202 0.21413061 28
10.826271 -1.469152 1.0127462 44
5.3938246 -0.70952547 0.36736578 82
5.1287622 -0.64289981 0.19972579 94
3.9008846 -0.46971333 0.044224333 0
15.533277 -1.7492602 1.4144864 52
4.7851143 -0.52246749 0.32623601 150
4.4650702 -0.45777518 0.17764927 132
3.9360638 -0.3787584 0.043299071 0
10.973086 -0.99930501 1.0001734 40
4.2303596 -0.36750719 0.29000542 150
3.8253279 -0.30469516 0.15650526 150
4.2422214 -0.30124441 0.042070989 21
5.3985896 -0.38464311 0.50876081 19
3.5375695 -0.22931826 0.24689898 150
3.3815265 -0.19194436 0.14110681 109
3.5134685 -0.16804664 0.041995965 136
5.2835083 -0.26059496 0.49259049 70
3.2404175 -0.13790102 0.22702068 117
3.0723715 -0.10451119 0.13025871 111
3.2003243 -0.07762073 0.041160472 150
3.3566115 -0.099208646 0.32597569 28
2.8645489 -0.058253478 0.20357977 150
2.6945069 -0.03087524 0.11881116 122
2.7504632 -0.0038814701 0.040796589 150
3.0077043 -0.024598718 0.29350936 150
2.5856283 0.0032235379 0.1860209 118
2.4865866 0.028471887 0.11217476 106
2.4965515 0.05553617 0.041211791 116
2.6457512 0.034036908 0.2610434 150
2.3616927 0.054610379 0.17237981 104
2.2586625 0.076860391 0.10451818 89
2.2576458 0.10393554 0.041552223 88
2.3978293 0.082480833 0.23837939 150
2.1847796 0.098922618 0.16162907 98
2.0837526 0.1191617 0.099762529 99
2.0607367 0.14326723 0.041816559 94
2.221904 0.12379818 0.22162373 110
2.0178564 0.13721731 0.15085958 92
1.9348326 0.15541922 0.094971009 106
1.9018188 0.17753518 0.042033218 90
2.0259655 0.15714847 0.20387928 105
1.8839272 0.17045414 0.14204803 88
1.816909 0.18862355 0.091141947 92
1.794899 0.21071647 0.042192113 86
1.8950292 0.18838364 0.19206189 87
1.7920005 0.2036178 0.13619068 88
1.7309825 0.21977341 0.088275634 105
1.6959745 0.24088398 0.042338353 78
1.7910916 0.2175715 0.18221255 73
1.6890625 0.22979878 0.13033652 84
1.623045 0.24496002 0.084425375 99
1.5770344 0.26208377 0.042495057 87
1.7001518 0.24473615 0.17334643 76
1.5931209 0.2539677 0.12447199 87
1.5090969 0.26315457 0.081572942 97
1.473091 0.28125834 0.042632852 86
1.6002022 0.26591489 0.16448253 82
1.486167 0.27115503 0.11761066 83
1.4291515 0.28329298 0.078685984 21
1.3851452 0.29840595 0.042750306 13
1.497246 0.28209779 0.15561427 88
1.4082206 0.2892909 0.11371707 18
1.3402041 0.298444 0.076799758 20
1.3092036 0.31553319 0.042852137 16
1.4072926 0.29725745 0.14772889 13
1.3342736 0.30642062 0.10881676 16
1.27626 0.31555378 0.074888699 17
1.2332551 0.3286601 0.042949162 17
1.338343 0.31438121 0.14082314 13
1.2683241 0.32153592 0.10490543 14
1.2123129 0.33066314 0.072975099 16
1.1863166 0.34773931 0.043021902 17
1.2763914 0.32949209 0.13490745 12
1.2073731 0.33564246 0.10098743 14
1.163367 0.34674779 0.071046486 16
1.1293675 0.3608346 0.043098267 15
1.2204405 0.34459183 0.12998515 11
1.1604269 0.35172397 0.099056579 13
1.1234238 0.36381647 0.070109241 15
1.0824206 0.37491325 0.043164946 14
1.1644852 0.35669094 0.12505929 14
1.1114749 0.3648093 0.096124291 13
1.0724722 0.37590265 0.069177829 14
1.0334703 0.38699481 0.043231294 14
1.11353 0.36878076 0.1211279 14
1.0615197 0.3758961 0.093190618 13
1.0265205 0.38798052 0.068240918 14
0.98751634 0.3970713 0.043292064 15
1.0645714 0.37886807 0.11619199 14
1.0245702 0.38996047 0.091246359 12
0.98656708 0.39904842 0.067296393 14
0.94456351 0.40714166 0.044349495 21
1.0216149 0.3899442 0.11225066 14
0.98061329 0.40003696 0.088304855 12
0.94661409 0.41011602 0.066351682 13
0.91261482 0.42019504 0.044398464 22
0.98365915 0.40101102 0.10930389 15
0.94365704 0.41010076 0.086355835 12
0.90665644 0.41918448 0.064404599 15
0.86264962 0.42327726 0.044455208 20
0.95170546 0.41306797 0.10635175 16
0.90469968 0.41916758 0.084407642 12
0.86669469 0.42525172 0.063454084 14
0.83369881 0.43532541 0.044499598 20
0.90473771 0.41714966 0.10240643 16
0.86573583 0.42523527 0.081456013 12
0.82373017 0.42932335 0.062504373 12
0.78873008 0.43639901 0.044548638 18
0.85676676 0.41923288 0.098459817 19
0.8197673 0.42731279 0.079507217 11
0.79077148 0.43637773 0.062547334 12
0.75877392 0.44444746 0.045589428 17
0.82542127 0.42826277 0.095488183 20
0.79342592 0.43733424 0.07853242 11
0.76142818 0.44540596 0.061575476 12
0.71941876 0.44549257 0.045620184 16
0.78845328 0.43132812 0.092531808 18
0.76246512 0.44438878 0.076574035 11
0.72345895 0.44647044 0.060617745 13
0.6964668 0.45653141 0.045657605 16
0.75749058 0.43738267 0.09057226 18
0.73550582 0.45243648 0.074612379 11
0.70150673 0.45750761 0.060654048 13
0.6715095 0.46457329 0.045693658 15
0.73954099 0.45141569 0.088607728 18
0.70253938 0.45549268 0.073651396 10
0.6755451 0.4635523 0.059688915 13
0.6455487 0.46961558 0.046727333 15
0.70456964 0.45247731 0.085646607 17
0.67657697 0.46153843 0.071686223 12
0.64958382 0.46959677 0.058723643 12
0.61758518 0.47366202 0.0467619 14
0.67860532 0.45752311 0.083680302 16
0.65361702 0.46857813 0.07071887 10
0.62061816 0.47264498 0.05875811 12
0.58761638 0.47471172 0.046795145 13
0.65564609 0.4655638 0.081714012 16
0.63065708 0.47561756 0.069751389 12
0.59965825 0.4796811 0.057788461 11
0.56465417 0.47974983 0.046825331 13
0.63068002 0.46960762 0.079745322 15
0.60168725 0.47666657 0.068783529 11
0.57769918 0.48671758 0.057819728 11
0.54469639 0.48678178 0.047854438 13
0.60972083 0.47764477 0.0777767 15
0.58673525 0.488693 0.067812882 11
0.55072796 0.48676309 0.056848519 11
0.51872808 0.48782441 0.047883194 12
0.57974666 0.47669634 0.075807594 14
0.56076717 0.49073687 0.066842765 11
0.53176928 0.49379435 0.05687644 11
0.50477505 0.49884766 0.047910158 12
0.56078482 0.48272902 0.074834481 14
0.53980237 0.49477249 0.065869503 10
0.5108071 0.49882886 0.056904186 10
0.48982197 0.50887132 0.048936963 12
0.53982073 0.48776567 0.07286229 13
0.51983929 0.49980643 0.064896174 10
0.49284622 0.50485843 0.056929775 10
0.46685344 0.50990874 0.04896231 12
0.52185941 0.4947975 0.070889018 13
0.49787417 0.50384361 0.063923754 10
0.47488606 0.51188898 0.055956341 10
0.45290041 0.52093184 0.04898892 12
0.50289607 0.49982974 0.069914535 13
0.47389862 0.50188476 0.061946888 9
0.45091432 0.51092786 0.055980477 10
0.42993036 0.52096891 0.049013019 11
0.48092687 0.50186783 0.067939855 12
0.45593768 0.50791401 0.061972268 9
0.43295005 0.51495719 0.056003641 9
0.46596655 0.50889331 0.066963181 12
0.43997756 0.5149411 0.060996555 9
0.414985 0.5189873 0.055026729 9
0.38899386 0.52303398 0.050057925 10
0.44800344 0.51392359 0.065987393 12
0.42501867 0.52296656 0.060020767 9
0.40102902 0.52800995 0.05505091 8
0.42903405 0.5159564 0.064009361 12
0.40705216 0.52599663 0.059042688 9
0.39007768 0.5400278 0.055075049 9
0.35807306 0.5350827 0.05110278 10
0.41106901 0.51998657 0.063032337 11
0.39209297 0.53302073 0.059065655 9
0.37311506 0.54505503 0.055097882 9
0.39410153 0.5230158 0.061053161 11
0.35013676 0.54009157 0.0551163 9
0.33216512 0.55512309 0.052150544 10
0.38114554 0.53303784 0.060077112 11
0.35114646 0.53108823 0.057105847 7
0.33417124 0.54411817 0.054136902 8
0.31319463 0.55515313 0.05216996 9
0.36918983 0.54305816 0.059099935 11
0.34019366 0.54210579 0.057128631 8
0.31419855 0.54214966 0.054155298 7
0.29321617 0.55018467 0.052185122 8
0.34921739 0.54209077 0.058119409 11
0.33024231 0.55512273 0.056152366 8
0.27925673 0.55720675 0.052206587 9
0.3312436 0.54112047 0.057136755 10
0.28828216 0.55819082 0.054198287 9
0.31140816 0.53815389 0.056153774 10
0.29343596 0.55218273 0.055186234 7
0.27044982 0.55721927 0.054214571 7
0.25047508 0.56925112 0.05324696 9
0.25047219 0.55225009 0.054229554 7
0.26551422 0.56522697 0.054227382 8
0.21552587 0.56330401 0.05427571 8
0.22856636 0.57528394 0.054274455 8
0.23157246 0.56528026 0.053261172 7
0.24058944 0.5642696 0.050250903 9
0.19261241 0.5673399 0.053302005 7
0.22662695 0.56929082 0.050269697 10
0.20765947 0.58431774 0.052303642 7
0.20864548 0.56332022 0.04828148 9
0.16468453 0.57638228 0.053338278 7
0.17471212 0.58136892 0.051332902 7
0.13775879 0.58642262 0.053374249 8
0.14377004 0.58141631 0.050362971 7
0.15278643 0.5804072 0.045352697 9
0.10681164 0.58246875 0.053400189 8
0.1188566 0.60045433 0.049405426 8
0.12284365 0.58045292 0.044381559 8
0.079897344 0.60050863 0.053443383 8
0.086904481 0.59350246 0.048429206 6
0.041940775 0.60055912 0.059480213 8
0.097935162 0.60349149 0.042427521 9
0.050969884 0.60955101 0.053479478 8
0.027982742 0.60857856 0.060501058 9
0.058981389 0.60654444 0.047468152 8
0.064966552 0.58654183 0.040442519 8
0.021024739 0.60659444 0.053504743 7
0.030048296 0.61258727 0.046501055 7
0.039063208 0.61258024 0.039491639 9
-0.0078934319 0.6216352 0.054545999 8
0.00011486789 0.61863148 0.045534667 7
0.0091232378 0.61462522 0.037521448 9
-0.036839321 0.61867672 0.054569852 8
-0.028824329 0.61967272 0.045562319 8
-0.020808147 0.62266976 0.03555667 9
-0.067764722 0.62972075 0.054608647 9
-0.035156798 0.61470175 0.034572806 9
-0.060106717 0.63672942 0.044618946 8
-0.051110234 0.62672585 0.033599541 10
-0.10004944 0.64377862 0.054664228 9
-0.091052219 0.63377404 0.04464481 8
-0.083034649 0.63877296 0.032640968 10
-0.12496669 0.65282387 0.043694668 9
-0.17790128 0.66987836 0.068762787 10
-0.11398458 0.63481921 0.030665647 10
-0.16889863 0.66587657 0.055749107 9
-0.19586544 0.67390311 0.069783077 9
-0.13292745 0.65384722 0.029701533 11
-0.15790619 0.6538707 0.043725863 9
-0.21184227 0.66992563 0.069793679 9
-0.14989573 0.65587217 0.028719021 11
-0.17686157 0.66489869 0.042753845 9
-0.20582107 0.67892921 0.055795357 9
-0.23179746 0.67995304 0.070821509 9
-0.16288874 0.6418913 0.027717259 10
-0.19482653 0.66892403 0.042774051 8
-0.2247854 0.6829558 0.05581646 9
-0.2517584 0.68598044 0.071845412 8
-0.18284255 0.65392047 0.026747087 11
-0.21179964 0.66794884 0.041788459 8
-0.24275057 0.68598014 0.056835536 9
-0.27470589 0.70101196 0.072880678 9
-0.20379378 0.66795117 0.025779629 12
-0.23175751 0.67697704 0.041815192 9
-0.26172066 0.68700689 0.056853604 9
-0.29467168 0.7040391 0.073901504 8
-0.22275598 0.67397863 0.024802543 12
-0.2547113 0.68901044 0.040847555 9
-0.28267983 0.69503629 0.05688015 9
-0.31762785 0.71307045 0.074930832 8
-0.24072945 0.67300457 0.023817807 12
-0.27467307 0.69503826 0.040871222 9
-0.3026455 0.69806403 0.056900941 9
-0.34257811 0.72610378 0.076965697 9
-0.25969937 0.67403191 0.022835866 12
-0.29364419 0.6950646 0.04088819 9
-0.32859391 0.71309972 0.057938654 10
-0.36454171 0.73013341 0.077989101 9
-0.28364778 0.69006628 0.021872664 13
-0.31560737 0.70109618 0.039913606 9
-0.35155472 0.7201317 0.057965837 11
-0.39248982 0.74517167 0.07902845 10
-0.30560806 0.69809788 0.020899925 13
-0.33856916 0.70712811 0.039939892 9
-0.37651521 0.72716641 0.05799485 11
-0.4184489 0.75320709 0.080059163 11
-0.3295688 0.70613283 0.018929012 13
-0.36352465 0.71816355 0.038972616 9
-0.40247047 0.73720157 0.059027463 12
-0.44540754 0.76024258 0.082089812 10
-0.35153779 0.7081641 0.017950503 14
-0.38848805 0.72319806 0.038999666 10
-0.43142357 0.74924177 0.059064683 12
-0.47535831 0.77328324 0.083128743 11
-0.37749556 0.71820092 0.016983103 15
-0.41444793 0.73123395 0.039030299 10
-0.4573856 0.75527674 0.060093306 12
-0.50531501 0.782323 0.085163809 11
-0.40345716 0.72523761 0.016012806 15
-0.44240347 0.74227339 0.038065486 11
-0.48933581 0.76932096 0.060134914 13
-0.54524887 0.80637681 0.087222055 10
-0.42941961 0.73227489 0.014042406 16
-0.4743554 0.75631857 0.037107065 12
-0.52328402 0.78436691 0.061179154 13
-0.58519047 0.82543051 0.08927545 10
-0.46037415 0.74431849 0.013081199 17
-0.5033192 0.7613582 0.037137423 13
-0.55624133 0.79441237 0.061217677 13
-0.65706456 0.88952756 0.094400033 8
-0.4933272 0.75836569 0.011123533 18
-0.53727275 0.7744059 0.036179669 12
-0.5991798 0.81647104 0.062276457 12
-0.52528387 0.76941103 0.0091620311 18
-0.582205 0.80146813 0.036244854 12
-0.68204045 0.89158589 0.064420909 9
-0.55835354 0.77837193 0.0081320042 19
-0.62526697 0.82243854 0.035227194 10
-3.6309226 4.7553515 0.15504381 3
-3.7649066 4.6553898 0.3240805 36
-0.61229444 0.81444061 0.005208699 22
-0.70516485 0.88953948 0.034351319 5
-6.3625979 7.9788861 0.23501317 59
-3.9528859 4.6696091 0.33323917 11
-0.6772145 0.86152536 0.0013024887 19
-2.2096906 2.7605472 0.010166478 2
-6.4219875 7.6819472 0.23179831 78
-6.5051479 7.3688331 0.51161987 85
-2.1468344 2.7095397 -0.093938574 8
-2.2357984 2.6615739 0.010101138 30
-6.4773617 7.394002 0.2295887 78
-6.5694833 7.1109014 0.50844276 83
-2.1829283 2.6205792 -0.093986675 48
-2.2868633 2.5956342 0.0090843784 28
-6.5496984 7.1330781 0.22741699 78
-6.62082 6.8499517 0.5052532 82
-2.2170167 2.5356162 -0.094033018 45
-2.32195 2.5116725 0.0090396954 28
-6.6030421 6.8661299 0.22522524 79
-3.0281248 2.96841 0.25001752 3
-2.2590921 2.460664 -0.095064037 49
-2.3630235 2.4377184 0.0090085026 27
-6.6843328 6.638217 0.22308998 34
-3.9500749 3.7135625 0.31039825 61
-2.2941742 2.3797019 -0.095105521 43
-2.384119 2.3467383 0.0079468666 27
-3.8892686 3.6665998 0.14529483 64
-3.9592621 3.5575647 0.30726957 44
-2.3272555 2.2987366 -0.095148347 55
-2.4241903 2.2737823 0.0079163797 26
-3.9214265 3.5306294 0.14520246 64
-3.9864209 3.4215894 0.30517316 49
-2.3563368 2.217766 -0.095194288 56
-2.4532685 2.1948118 0.0078719463 24
-3.9515827 3.3956571 0.1441099 64
-4.0215621 3.2976236 0.30409372 52
-2.3794229 2.1317868 -0.094248869 32
-2.4513798 2.0908012 0.0077815657 34
-3.9837308 3.2656868 0.14302373 63
-4.0487094 3.1696479 0.30200493 52
-2.3865201 2.0367868 -0.093323894 52
-2.4724603 2.0088201 0.0077288193 72
-4.0168729 3.1407177 0.14194295 61
-4.0808473 3.047678 0.30092582 51
-2.3976109 1.9467918 -0.092391014 59
-2.4735582 1.913813 0.0076491507 63
-4.0410175 3.0117362 0.14185198 65
-4.1159749 2.9327116 0.29985532 50
-2.4027009 1.8557884 -0.090463609 69
-2.4726508 1.8218025 0.0085705733 45
-4.0801458 2.8957746 0.1407847 63
-4.1431065 2.8147347 0.29877618 53
-2.4037905 1.7647796 -0.088539131 58
-2.4767382 1.7337992 0.0085000191 96
-4.1122751 2.7788033 0.13971119 60
-4.1652398 2.6937513 0.2976912 54
-2.4018788 1.6747677 -0.087615922 64
-2.4728248 1.6457858 0.0084230043 82
-4.1404052 2.6598263 0.13963337 62
-4.1963606 2.5827794 0.29662219 53
-2.4079566 1.5927663 -0.086679183 65
-2.469907 1.560773 0.0093496721 53
-4.1675315 2.5438488 0.13855758 66
-4.2294774 2.4738097 0.29555708 56
-2.4030385 1.50675 -0.084754504 65
-2.4689851 1.4787632 0.0092808818 55
-4.2016492 2.4338789 0.13849303 65
-4.2515993 2.3608255 0.29448006 57
-2.3971152 1.4237323 -0.082827881 78
-2.4610636 1.3957446 0.0092058191 57
-4.223772 2.3188944 0.13741499 70
-4.2887073 2.2578599 0.29442406 60
-2.391191 1.3417147 -0.080899976 75
-2.4511387 1.3147229 0.010131022 61
-4.2548866 2.2099206 0.13734983 76
-4.3358064 2.1609063 0.29438171 8
-2.3842635 1.261696 -0.078970917 79
-2.4412138 1.234702 0.010057515 70
-6.551528 3.2327831 0.18607228 62
-4.3129525 2.0288665 0.29125378 14
-2.3813283 1.187683 -0.078033499 71
-2.4302809 1.158679 0.010986617 63
-4.3480558 1.9278984 0.2901994 50
-2.3693974 1.1096581 -0.07610625 67
-2.4153502 1.0816518 0.010912072 58
-4.3202348 1.877964 0.13513038 80
-4.3741636 1.8229188 0.28913495 56
-2.3594611 1.0356357 -0.074173853 68
-2.403415 1.007628 0.011842814 59
-4.3443432 1.7709806 0.13506323 93
-4.3942719 1.7179314 0.28806591 56
-2.3509314 0.96473545 -0.072154544 69
-2.3948834 0.93872696 0.011863382 63
-4.3588319 1.6611845 0.13414985 78
-4.4187484 1.6151426 0.28816545 56
-2.3429928 0.89471608 -0.071220145 68
-2.3809447 0.86869985 0.01279253 71
-4.387939 1.5582082 0.13408677 91
-4.4438558 1.5131624 0.28709969 54
-2.3380475 0.82869983 -0.069279596 60
-2.3720016 0.80268025 0.012729613 71
-4.4090505 1.4522218 0.13401495 106
-4.4599662 1.4081703 0.28602436 52
-2.3181071 0.75866419 -0.067354828 74
-2.3580582 0.73565328 0.013662029 67
-4.4301596 1.3472356 0.13294455 92
-4.4940658 1.3102005 0.28597081 56
-2.308161 0.69364238 -0.066416994 82
-4.4632616 1.2472643 0.13288906 20
-4.5191712 1.2082199 0.28490689 54
-4.5582685 1.1112562 0.2848596 58
-4.6263556 1.0203279 0.28684267 151
-4.5994763 0.90728259 0.28272685 1
-0.35172477 0.028016981 0.060367398 1
-0.344744 0.028030043 0.029361457 3
-0.37967685 0.016048064 0.06138435 3
-0.3686994 0.014056643 0.029373519 3
-0.37263525 3.565312e-05 0.0613681 3
-0.37559399 -0.015963543 0.060360752 3
-0.37554997 -0.030967303 0.060351733 3
-0.37750757 -0.046968453 0.060343925 3
-0.38246432 -0.062966086 0.060338896 3
-0.32941404 -0.071032844 0.057290107 1
-1.5230561 -0.39655703 0.10908201 37
-1.4421407 -0.42260537 0.029993858 4
-1.4600494 -0.41563907 0.10601448 13
-1.4652126 -0.47255248 -0.010021061 63
-1.4611615 -0.46558687 0.029980499 66
-1.4591134 -0.45861655 0.066983759 78
-1.4700651 -0.45363149 0.10599684 14
-1.4692302 -0.5125528 -0.010045049 14
-1.4691784 -0.50558221 0.029959982 12
-1.4691291 -0.49760926 0.066965677 13
-1.4680766 -0.4886384 0.10497122 14
-1.4772484 -0.55454904 -0.0090667102 12
-1.4741955 -0.54558122 0.029937128 71
-1.4821488 -0.53959823 0.066948302 14
-1.4730906 -0.52563709 0.10495044 14
-1.4912714 -0.59953707 -0.009085061 34
-1.4832147 -0.58757538 0.029916588 11
-1.485164 -0.57859969 0.066924691 12
-1.4891094 -0.56762236 0.10493589 72
-1.5032966 -0.64652765 -0.0091062356 35
-1.500239 -0.63456035 0.030899694 45
-1.499187 -0.62358755 0.066906616 58
-1.5111351 -0.61460018 0.10492327 67
-1.5183239 -0.69551462 -0.0091259247 9
-1.5172669 -0.68354458 0.030881697 29
-1.5192131 -0.67156816 0.066891879 10
-1.5141522 -0.65460098 0.10389947 56
-2.6659594 -1.2651286 0.020464703 18
-1.5392402 -0.72154957 0.067876041 3
-1.5331779 -0.70258278 0.10388412 38
-2.7760873 -1.3970016 0.019470202 0
-2.8880539 -1.4239126 0.087547533 4
-5.3843241 -2.5809665 0.25588423 9
-4.1897688 -2.1264122 0.20717621 0
-0.65367484 -0.59199005 0.05237101 0
-0.69475299 -0.79895115 0.026331097 0
-0.71278286 -0.85893065 0.026327763 4
-0.70273638 -0.81894237 0.040337067 1
-0.71479934 -0.90292358 0.027320469 0
-0.71776497 -0.87692416 0.040332887 4
-0.70972186 -0.83893311 0.051342588 2
-0.6976741 -0.79494518 0.061351802 1
-4.1256266 -5.465055 -0.055126276 11
-4.0813732 -5.2171121 0.020935766 6
-0.72174633 -0.89191747 0.051338583 5
-0.70376176 -0.83889055 0.061357502 3
-4.2135139 -5.8645864 -0.054152034 101
-4.173861 -5.5978942 0.020844998 95
-4.1999888 -5.4363861 0.086779021 7
-0.72053862 -0.89802295 0.060280032 3
-4.3075399 -6.3053703 -0.052447185 81
-4.2671914 -6.0134816 0.021636803 73
-4.2659035 -5.7895613 0.08472006 73
-4.4044881 -6.784533 -0.050525062 95
-4.3490868 -6.4376717 0.02159155 95
-4.3647838 -6.2157593 0.083706506 68
-4.5473504 -7.3777552 -0.048503872 98
-4.4508996 -6.9289165 0.022617912 91
-4.4305558 -6.6260257 0.082735807 76
-4.503304 -6.4570785 0.13486592 2
-2.2608242 -3.8653605 0.00033358211 4
-4.5728159 -7.4980874 0.023616536 92
-4.5385647 -7.1341281 0.08071328 86
-4.5483608 -6.8441415 0.12881346 18
-1.951586 -3.5235426 0.0092592016 150
-2.126641 -3.672456 0.035322234 127
-4.6308045 -7.6640921 0.078619808 78
-4.6455865 -7.343101 0.12273209 47
-1.7624518 -3.3636553 0.01420113 131
-1.9144967 -3.4885802 0.036257565 150
-2.1035705 -3.6654847 0.057320725 150
-4.7017989 -7.8230834 0.11463411 55
-1.6173564 -3.2717428 0.019148802 115
-1.734373 -3.3426862 0.038200486 134
-1.8854189 -3.4646106 0.055257376 150
-2.0865011 -3.6525078 0.071324736 150
-1.5042894 -3.2298114 0.023100777 124
-1.5962842 -3.2567675 0.039150555 150
-1.7113022 -3.3247108 0.052201957 138
-1.8703535 -3.4516299 0.064262316 150
-1.4002275 -3.1958745 0.027055919 95
-1.4912255 -3.2258306 0.040104154 111
-1.5812206 -3.2477865 0.050154142 127
-1.7022402 -3.3147256 0.059209462 130
-1.3021702 -3.1709332 0.030012202 81
-1.3901675 -3.1968906 0.041059755 93
-1.475162 -3.2148485 0.048107848 107
-1.574164 -3.2437987 0.054161076 136
-1.2141223 -3.1619861 0.033969965 74
-1.2931122 -3.1709476 0.041017052 88
-1.3781095 -3.191905 0.046064198 100
-1.4731113 -3.2178566 0.049115852 98
-1.1270748 -3.154038 0.0369283 80
-1.2060654 -3.1629989 0.041975308 77
-1.2850596 -3.1729589 0.044021975 82
-1.3740584 -3.1909132 0.044072282 102
-1.0400233 -3.1390891 0.039888885 75
-1.1170157 -3.1470506 0.042934902 86
-1.1970122 -3.16201 0.043980658 78
-1.2820107 -3.1749656 0.041029926 99
-0.95997798 -3.1351361 0.042850737 71
-1.0329701 -3.1390989 0.042895418 77
-1.111966 -3.1510584 0.041941375 81
-1.1939638 -3.1590149 0.03599019 87
-0.87793148 -3.1271832 0.044812739 64
-0.95392686 -3.1381445 0.043857183 70
-1.0289207 -3.1411054 0.039903205 82
-1.1109202 -3.1500616 0.031951651 99
-0.80578023 -3.1338632 0.047548901 67
-0.87777215 -3.1328032 0.043595806 69
-0.95076829 -3.1367424 0.037641525 71
-1.0317702 -3.1436729 0.027691044 84
-0.72974169 -3.1389298 0.050506886 74
-0.800731 -3.1328697 0.043554898 71
-0.87372899 -3.1378086 0.036600146 66
-0.9517284 -3.1397409 0.023649521 80
-0.65369636 -3.1359959 0.053468022 42
-0.72469127 -3.1349354 0.044514142 62
-0.79769284 -3.1418734 0.03455862 72
-0.87569004 -3.1398051 0.019609302 75
-0.64966029 -3.1409981 0.04447411 35
-0.72066039 -3.1349347 0.032523777 71
-0.79867822 -3.1448631 0.014572104 72
-0.12667151 -0.71942192 0.04700993 11
-0.64665759 -3.1399891 0.030491244 25
-0.72467518 -3.1489167 0.010539929 68
-0.11065192 -0.72143263 0.048005879 12
-0.12665318 -0.7254172 0.044015985 9
-0.65067321 -3.153971 0.0065075518 16
-0.094637074 -0.72744292 0.048000488 13
-0.10963114 -0.72342843 0.044012722 10
-0.12663004 -0.72641265 0.041023802 9
-0.077615187 -0.72645473 0.048996933 13
-0.094616748 -0.73043811 0.044007663 10
-0.11066853 -0.73040658 0.04002687 10
-0.126727 -0.72336966 0.034050096 11
-0.061663967 -0.72444689 0.048997298 12
-0.077478588 -0.724482 0.043962408 10
-0.1094004 -0.71947318 0.032974795 12
-0.045369599 -0.72753102 0.049933098 12
-0.077328019 -0.73451471 0.038949084 10
-0.093298443 -0.72450662 0.031961706 11
-0.029264806 -0.73456401 0.050922461 12
-0.045239791 -0.73655891 0.044934746 10
-0.077188887 -0.73654968 0.030960849 12
-0.013145857 -0.73460323 0.050925881 12
-0.04409954 -0.74259537 0.037948851 11
-0.060065098 -0.72759205 0.030966766 11
0.0029531033 -0.73963517 0.051925514 12
-0.013043992 -0.7416243 0.044935551 10
-0.044030841 -0.73160291 0.029959343 12
0.019984053 -0.7446456 0.052916881 12
-0.012007155 -0.74262369 0.0379388 11
-0.027997289 -0.7306124 0.028953131 11
0.03701704 -0.7466557 0.052909285 12
0.02002248 -0.74264401 0.044921745 10
-0.012963207 -0.72862124 0.027947865 11
0.021058451 -0.74464309 0.036924765 11
0.0040622135 -0.74163079 0.025936879 12
0.071080096 -0.75467569 0.053893045 13
0.055082183 -0.75666445 0.044903051 10
0.038088646 -0.75065279 0.035916056 10
0.021094335 -0.7436406 0.024929332 12
0.089110613 -0.76168627 0.054883543 13
0.055123638 -0.7476626 0.035910085 11
0.038124554 -0.74865019 0.023920957 12
0.10814159 -0.76869732 0.055873554 13
0.091142438 -0.76968503 0.044884432 10
0.073152408 -0.75567257 0.03490033 10
0.12517422 -0.76970673 0.05586661 13
0.091181099 -0.76468271 0.03489038 11
0.07318648 -0.75666958 0.021904442 12
0.14620233 -0.78171855 0.05685414 14
0.12720667 -0.77570504 0.044868227 10
0.11021136 -0.76969296 0.033881079 10
0.091215275 -0.76467943 0.02089485 12
0.15924668 -0.76172566 0.056855805 4
0.14723682 -0.78271604 0.044857897 10
0.12924065 -0.77770323 0.032871038 11
0.1102437 -0.77168936 0.018885043 13
1.0096662 -3.919189 0.11845154 12
0.16327533 -0.77372473 0.044854615 3
0.14926936 -0.78771412 0.032859948 11
0.12927446 -0.77669954 0.017875915 13
1.1186911 -3.9592435 0.12138947 85
1.0356492 -3.9791796 0.050436966 7
0.16630797 -0.77672297 0.031856623 3
0.14930572 -0.7807101 0.016866572 13
1.2425185 -4.0505781 0.12594426 98
1.1484895 -4.0414729 0.050009172 82
0.16616571 -0.78065145 0.01579475 1
1.3774847 -4.1486874 0.13083811 63
1.2914207 -4.178587 0.049884073 67
1.4865172 -4.1657739 0.13477775 68
1.416416 -4.2386861 0.049798574 46
0.90645242 -2.934247 -0.01142063 6
1.603544 -4.1898665 0.13871045 73
1.5314343 -4.2577777 0.049736105 47
0.94755763 -2.8362806 -0.011399156 5
0.62319934 -2.0310049 -0.041913193 3
1.7275203 -4.225975 0.14264175 67
1.657409 -4.2928863 0.049666785 41
0.98564559 -2.740314 -0.012374309 5
0.66124606 -1.9890366 -0.043910269 4
1.8554972 -4.2610869 0.1465714 66
1.7873778 -4.3339992 0.049593356 35
1.0187396 -2.6393437 -0.012345277 5
0.68532497 -1.9110576 -0.043886639 4
1.9233495 -4.3711181 0.048518091 21
1.0468324 -2.5403697 -0.012314543 5
0.70939416 -1.8450788 -0.043867607 3
0.52607518 -1.1169652 0.071494393 9
1.0857399 -2.4704397 -0.013292721 5
0.73623556 -1.7911323 -0.04483968 4
0.53512055 -1.0749763 0.071497463 9
0.52926624 -1.1129502 0.04445371 8
0.75582802 -1.7260809 -0.043895494 7
0.54842508 -1.0449668 0.071466155 9
0.53842074 -1.0709481 0.044463225 8
0.53141099 -1.1049312 0.016455814 8
0.52339733 -1.1439129 -0.015551951 9
0.56157219 -1.0139664 0.071472839 9
0.55257338 -1.0399494 0.044472847 8
0.54357266 -1.0689325 0.016472071 8
0.53456837 -1.1009148 -0.015529449 9
0.56573457 -0.97196037 0.071497031 12
0.55773652 -0.99694473 0.044496994 7
0.55573255 -1.0339328 0.016489709 8
0.54472762 -1.060915 -0.015509033 8
0.5768562 -0.94095987 0.071510166 12
0.5628404 -0.95494336 0.04451561 10
0.56980491 -1.0039383 0.016497269 8
0.55678326 -1.0229208 -0.015499391 6
0.58590627 -0.91096342 0.070518844 19
0.56989288 -0.92094594 0.043526758 10
0.5668686 -0.95093572 0.016520532 10
0.56783605 -0.98992616 -0.015490871 8
0.5919587 -0.87796557 0.070530131 15
0.58094186 -0.89395094 0.043533135 10
0.57991797 -0.92294186 0.016526062 10
0.58288401 -0.96393317 -0.016487064 8
0.64197868 -0.90599233 0.072495855 8
0.61197543 -0.89496678 0.0435187 7
0.5879699 -0.89094526 0.016535738 10
0.59193635 -0.93093717 -0.0164776 8
0.67401272 -0.90700859 0.073480986 8
0.64900458 -0.90398562 0.043498319 7
0.6259973 -0.90096414 0.014514425 7
0.5919956 -0.8859365 -0.015459247 10
0.71604174 -0.91803008 0.074457206 9
0.68903422 -0.91300595 0.043476306 8
0.66302657 -0.90898263 0.013494489 7
0.63302058 -0.89995676 -0.018483449 8
0.75807136 -0.92705125 0.075434186 8
0.73206246 -0.9240275 0.04345208 8
0.70305598 -0.91600221 0.011473211 8
0.67504764 -0.9099772 -0.021506865 8
0.81209636 -0.94707888 0.07740093 8
0.77509212 -0.9320488 0.04342892 7
0.7430858 -0.92302173 0.010452121 7
0.71807379 -0.92099768 -0.025530983 8
0.88611144 -0.98511672 0.079350688 10
0.83811092 -0.96108031 0.043387864 7
0.79710835 -0.94204789 0.0074193147 7
0.76110184 -0.92901808 -0.028554041 7
0.95613152 -1.0141519 0.081305899 12
0.92811745 -1.0131254 0.042324416 11
0.86012745 -0.96807867 0.0053794142 7
0.82411921 -0.95604825 -0.033594273 7
1.0181581 -1.0321826 0.083269447 14
1.0001373 -1.0411608 0.042279128 12
1.0031042 -1.0721496 -0.00072995631 12
0.88713861 -0.97907799 -0.038633011 4
1.0801862 -1.0462127 0.085234411 15
1.0701602 -1.0631945 0.041237108 13
1.0801221 -1.1001861 -0.0047776862 13
1.02012 -1.0691419 -0.049731769 1
1.1269313 -1.0694503 0.041092321 9
1.159863 -1.1264592 -0.0079472587 10
1.0069429 -1.0093187 -0.047808949 5
1.2389672 -1.0935572 0.089018226 17
1.2239361 -1.1055267 0.04002469 79
1.274852 -1.1785488 -0.013031499 71
1.032995 -0.98633718 -0.049811866 1
1.3269825 -1.1186267 0.09096051 81
1.3189445 -1.1366009 0.03896055 74
1.3918453 -1.2256393 -0.018114565 73
1.0360644 -0.94433784 -0.048793871 9
1.418 -1.139699 0.0929031 85
1.4159511 -1.1636794 0.038898196 74
1.4888496 -1.2477187 -0.022173977 57
1.0581038 -0.92035735 -0.050791357 1
1.5189992 -1.1647869 0.095841229 88
1.5249439 -1.1937729 0.037829787 90
1.5538702 -1.2417761 -0.025202354 40
1.0311782 -0.85533923 -0.047744174 5
1.6230015 -1.1858785 0.098779231 87
1.6419364 -1.2238741 0.036756832 84
1.6128982 -1.2278295 -0.02722428 9
1.0452217 -0.82635379 -0.047735017 0
1.7320038 -1.2059747 0.10071479 96
1.7579341 -1.2469755 0.035687257 91
1.5839813 -1.1498114 -0.026170345 7
1.0482721 -0.78935933 -0.047716618 6
1.8540049 -1.2280831 0.10364199 95
1.8968691 -1.2801352 0.033603873 95
1.5859147 -1.0948987 -0.026134001 7
1.0662019 -0.76242507 -0.048701026 1
1.9910979 -1.2531451 0.10653649 111
2.0651169 -1.3210962 0.031457905 126
1.5553362 -1.0226796 -0.025131254 6
1.0755628 -0.7313084 -0.049741715 0
2.1372969 -1.2771122 0.11043116 92
2.2422233 -1.3611363 0.030339524 150
1.5624887 -0.97562575 -0.026119234 5
2.3264136 -1.3181415 0.11430647 110
2.5223145 -1.4512078 0.027144767 149
1.5556546 -0.92255181 -0.025092557 5
1.0868284 -0.66623998 -0.049722254 0
2.6345189 -1.413205 0.12209278 104
2.8194296 -1.5332451 0.023942273 40
1.5508134 -0.8714782 -0.025068576 5
2.9205964 -1.4812778 0.12890226 84
2.7605743 -1.4211543 0.024021793 6
1.5768738 -0.83848161 -0.027068162 6
1.1039956 -0.60621196 -0.050704576 0
5.2131243 -2.4735527 0.19120066 66
2.6476815 -1.2900836 0.023141367 5
1.5939286 -0.79948652 -0.028060306 5
1.1080468 -0.57421172 -0.050692383 0
5.2332335 -2.3415463 0.18824595 64
2.7297368 -1.2511202 0.021112559 4
1.6049849 -0.75848842 -0.028048335 4
1.1150961 -0.544213 -0.050682802 0
5.2673383 -2.2175477 0.18627958 60
2.6228373 -1.1320542 0.021223169 0
1.5880475 -0.70547509 -0.028015876 5
1.151137 -0.52722925 -0.053694911 0
5.3084412 -2.0965528 0.18430744 62
2.715889 -1.0990964 0.019185429 4
1.5961028 -0.66547531 -0.028002864 5
1.1421903 -0.49022198 -0.052673772 0
5.3365431 -1.9735503 0.18134323 51
2.6999643 -1.0220796 0.018226901 0
1.6071564 -0.62647676 -0.028992184 5
1.1592362 -0.46522826 -0.053672131 0
5.3746438 -1.852553 0.17837173 53
2.6880383 -0.9480651 0.017264595 3
1.6172104 -0.58647764 -0.02998079 5
5.4037452 -1.728551 0.176406 48
2.658113 -0.87104118 0.016313529 4
1.6402619 -0.55148542 -0.030978844 4
5.4358439 -1.60755 0.17343695 36
2.6721797 -0.80804062 0.015331455 3
1.6463159 -0.51048404 -0.03196511 4
5.4829412 -1.4885569 0.17045775 33
2.6432514 -0.73401731 0.014377936 3
1.6493706 -0.46948138 -0.031949803 4
5.5200377 -1.3685582 0.16748428 33
2.6463177 -0.67001098 0.013401983 3
1.6624227 -0.43148363 -0.032941531 4
5.5611348 -1.2465613 0.1645084 31
2.7143757 -0.62103814 0.011382733 4
1.6784738 -0.39348695 -0.034935243 4
5.5779591 -1.1231554 0.16130324 30
2.6753445 -0.54871142 0.010317311 3
1.6694863 -0.35086739 -0.034985155 4
1.1825601 -0.25445947 -0.055647232 0
5.5900946 -0.99714714 0.15735392 37
2.7004242 -0.48972374 0.0083296113 3
1.6595536 -0.30785501 -0.034959082 5
1.1866165 -0.22546016 -0.055635881 1
5.5492353 -0.8620953 0.15244007 55
2.7135067 -0.4277263 0.0063502286 4
1.684615 -0.2708706 -0.036956988 6
1.1946708 -0.19746371 -0.056627471 0
5.4103785 -0.71897143 0.14558841 51
2.7065856 -0.3637211 0.0053839926 4
1.6796738 -0.22986948 -0.036933903 5
1.2027175 -0.16847368 -0.056616843 0
4.9165339 -0.54458547 0.13296418 150
2.7286556 -0.30374923 0.0033985262 4
1.6757296 -0.18987235 -0.036911543 5
1.2037643 -0.13847797 -0.057601623 0
4.3196774 -0.38510939 0.11939623 150
2.7087314 -0.23774324 0.0024405972 5
1.6907837 -0.15089032 -0.037901524 5
1.2068113 -0.10948433 -0.057588231 0
3.627805 -0.24554838 0.10387789 150
2.6758068 -0.17372647 0.0014894598 5
1.695839 -0.11090022 -0.038885288 5
1.2218581 -0.080500327 -0.058582362 1
3.2969012 -0.15128441 0.096120507 117
2.8768313 -0.11900519 -0.0036053532 7
1.6948174 -0.070013002 -0.039853562 5
1.217885 -0.050524741 -0.058563679 1
2.9730759 -0.071817249 0.088350296 150
2.867053 -0.051672224 -0.0055802045 7
1.6990657 -0.029773392 -0.040871929 5
1.2150791 -0.021402325 -0.058579512 1
2.6451912 -0.0084532853 0.081564352 129
2.8521709 0.013460991 -0.0065537877 17
1.7011639 0.009290698 -0.041865036 5
1.2231702 0.0086359782 -0.059579566 1
2.4482944 0.044803843 0.076690793 132
2.6062782 0.069762528 -0.0044004358 93
1.7422588 0.051346075 -0.044885505 6
1.2322583 0.038679741 -0.060581315 1
2.2393866 0.090057544 0.071818009 90
2.4123743 0.11801103 -0.00228271 150
1.7453492 0.093427137 -0.045884363 6
1.2433339 0.069712043 -0.061582476 1
2.0734544 0.12821196 0.067927025 102
2.1864359 0.1561719 0.00086749298 150
1.7104024 0.13245086 -0.044846982 7
1.2553821 0.10270893 -0.063576534 0
1.937502 0.16229376 0.065025114 90
1.9974855 0.18728131 0.002997112 123
1.732456 0.17544377 -0.046843532 14
1.8265477 0.19336095 0.062106352 79
1.8695335 0.21835662 0.0040886784 91
1.7445101 0.21944207 -0.047833849 14
1.7335922 0.22241767 0.05917548 85
1.7545787 0.24442393 0.0051702275 89
1.7575632 0.26344013 -0.049824994 19
1.6266335 0.24448098 0.057250537 88
1.6536226 0.26748288 0.006241851 78
1.7366148 0.30245602 -0.049797218 29
1.5266725 0.26354021 0.054319967 96
1.5416635 0.28454682 0.0083178813 85
1.6546619 0.32850328 -0.045736682 46
1.4507117 0.2825855 0.05237446 21
1.4377024 0.29960617 0.0093880119 74
1.5207007 0.33757722 -0.039650194 83
1.37375 0.29963097 0.05042861 19
1.3617414 0.31565022 0.009441168 12
1.4137396 0.3486363 -0.034579881 12
1.2827183 0.33371669 -0.069504812 7
1.285785 0.31068158 0.048487283 20
1.2837788 0.32869458 0.010494293 14
1.3087764 0.35469365 -0.029512607 11
1.2807659 0.3667208 -0.069491796 1
1.2368231 0.32771111 0.047523946 24
1.2278183 0.34472677 0.011534785 14
1.2518167 0.37172616 -0.027471311 11
1.2668126 0.39673072 -0.068472609 20
1.1888608 0.34373975 0.045559481 25
1.1788563 0.35975546 0.011570524 14
1.1918541 0.38375977 -0.025429914 13
1.2608588 0.42773676 -0.06845817 5
1.1448978 0.3587659 0.044592086 21
1.1378945 0.37577951 0.011601525 14
1.1328913 0.3937923 -0.022389945 13
1.1928968 0.43677336 -0.063413151 9
1.0970511 0.36995 0.043818433 19
1.0840497 0.38495806 0.011826795 13
1.0850496 0.40496176 -0.020170411 13
1.1250529 0.44295371 -0.058182515 9
1.0550849 0.3819648 0.042841978 20
1.0410839 0.39697304 0.011850678 13
1.038085 0.41697755 -0.018144853 12
1.071088 0.45197153 -0.054154273 9
1.0161191 0.39397842 0.041863944 21
0.99611837 0.4069882 0.012874889 13
0.993119 0.4259927 -0.01712084 12
1.0041215 0.45199287 -0.048121799 11
0.96915138 0.4019945 0.039888598 21
0.95215142 0.41500294 0.012898131 12
0.94415265 0.43100861 -0.014095857 12
0.95015496 0.45601022 -0.044094872 11
0.93418419 0.4120065 0.038908042 24
0.91618508 0.42501503 0.012917912 13
0.89118475 0.43302563 -0.012069859 10
0.89118719 0.45402879 -0.03906681 11
0.90921873 0.42601529 0.037923466 23
0.88121784 0.43302679 0.012936778 12
0.85721791 0.44103682 -0.011051526 10
0.83721912 0.45204571 -0.035041228 14
0.86624986 0.42902946 0.036945049 22
0.84925115 0.4420374 0.01295427 13
0.81325024 0.44305077 -0.0090298932 11
0.80325264 0.4590565 -0.033023346 13
0.81627929 0.42704564 0.035968717 20
0.80328196 0.44105193 0.013976275 11
0.7812829 0.44906101 -0.0080131013 10
0.7692861 0.46506703 -0.030005828 14
0.79231286 0.43905374 0.034982819 19
0.77031469 0.44806263 0.013993475 11
0.75131661 0.45807046 -0.0069970451 10
0.7303189 0.46707892 -0.02698688 13
0.76334476 0.44506311 0.033998162 18
0.742347 0.45507154 0.014008395 10
0.72434986 0.46507898 -0.0059826244 10
0.70235205 0.47308749 -0.024972254 13
0.72737545 0.44707447 0.033015739 17
0.70737815 0.45708245 0.014025452 10
0.68938136 0.46608967 -0.0039657685 12
0.6713841 0.4760969 -0.02295693 12
0.70240742 0.45408258 0.032029144 16
0.68241054 0.46309027 0.01403867 10
0.6604135 0.47009838 -0.0029512376 11
0.64441723 0.48110491 -0.020943202 11
0.68444097 0.46408832 0.032039873 16
0.66344404 0.47309628 0.014049699 11
0.6364463 0.47610566 -0.0019387032 11
0.61344874 0.48211402 -0.018928465 11
0.65347129 0.46609789 0.031054832 16
0.63447481 0.47510508 0.014063763 11
0.609478 0.47911364 -0.00092545286 11
0.59048146 0.48712063 -0.016916689 12
0.63150334 0.47310475 0.030066518 15
0.60950667 0.47911248 0.014076263 10
0.59151107 0.48911911 -0.00091524504 10
0.56651425 0.49312767 -0.015904611 12
0.60653472 0.47711223 0.029078946 14
0.58953959 0.48811847 0.014087101 10
0.56554276 0.49112663 9.7194628e-05 10
0.54454696 0.49813381 -0.013893561 12
0.58356571 0.48111916 0.028090427 14
0.56557047 0.49012554 0.014098686 10
0.54157448 0.4941335 0.001108768 10
0.52057821 0.50014067 -0.012882169 11
0.56159717 0.48512563 0.027101368 13
0.54460287 0.49613151 0.014109328 10
0.5196054 0.49713975 0.0011194152 9
0.50161058 0.50614583 -0.011872486 11
0.53962857 0.48913202 0.027112149 13
0.5246343 0.50013727 0.014119263 9
0.49963769 0.50114524 0.00212927 9
0.47964227 0.50715184 -0.0098622339 11
0.52065957 0.49313745 0.026121657 13
0.49666351 0.49614513 0.01413138 9
0.47866902 0.50415099 0.0031392486 9
0.45967409 0.51115727 -0.0088526402 10
0.49869001 0.49414364 0.025131887 12
0.48169652 0.50514919 0.014139595 9
0.45970094 0.50815618 0.0031484382 8
0.4417069 0.51716185 -0.0078437468 10
0.4827221 0.50214821 0.024140336 12
0.4597269 0.50615525 0.014149577 9
0.4247393 0.5231663 -0.0068353554 10
0.46575412 0.50915277 0.02314896 12
0.44976065 0.52015805 0.013156102 9
0.42576528 0.52116513 0.004165336 8
0.41177279 0.53316957 -0.0058282181 10
0.45178628 0.51815665 0.022156496 12
0.4327926 0.52516246 0.013164339 9
0.39080355 0.53317493 -0.0048191189 10
0.43311965 0.52116323 0.022126917 11
0.39813319 0.54017615 0.0041449647 9
0.37213597 0.53618515 -0.0038439026 9
0.41515076 0.52416885 0.021136642 11
0.39115462 0.52417725 0.013147341 8
0.39418027 0.52217525 0.021146981 11
0.35719308 0.53718835 0.0051650829 8
0.3311967 0.53119695 -0.00082417671 8
0.37821144 0.52618015 0.020155707 10
0.35721719 0.52918726 0.013165262 7
0.32925829 0.5511964 0.0051810271 8
0.31126601 0.56020242 -0.0008101954 9
0.35327736 0.54518747 0.018171048 10
0.33328316 0.55119431 0.01118032 8
0.29329741 0.5622074 0.00019868265 9
0.29131907 0.54820698 0.0071989326 7
0.27332675 0.55621278 0.0012074363 8
0.31633604 0.54319835 0.016188737 9
0.29734412 0.55120444 0.011197638 6
0.25335509 0.54821819 0.0032158718 7
0.26538423 0.56421381 0.0072133625 8
0.24639134 0.56921989 0.0022218153 9
0.28840023 0.555206 0.015203712 10
0.27441093 0.57221049 0.010211305 8
0.27242988 0.55621046 0.014211335 10
0.23344624 0.56822222 0.0072286059 7
0.21145159 0.56522876 0.004237324 8
0.2524583 0.5502159 0.014219802 9
0.23346718 0.55722141 0.011228264 5
0.20650983 0.58022892 0.0072421907 8
0.18852021 0.59323418 0.0042506647 9
0.22852358 0.56822181 0.012232899 9
0.21253406 0.58322662 0.0092407502 7
0.17457066 0.57823658 0.0082560359 6
0.15357737 0.57724255 0.0072642136 6
0.19658273 0.56723011 0.010246939 8
0.18159549 0.58523411 0.0092545198 6
0.18661736 0.58123225 0.0092528239 9
0.14663368 0.58824319 0.0082689887 7
0.12564224 0.59024882 0.0082772849 7
0.16664274 0.56523716 0.0092597511 7
0.14765236 0.5722422 0.0092677111 4
0.11769705 0.59724957 0.0082818335 7
0.095704071 0.59625548 0.009290061 7
0.14371049 0.59424227 0.0062721763 9
0.12472113 0.60724735 0.0062804366 7
0.087757982 0.60125631 0.008294181 7
0.066765383 0.59826154 0.010301723 7
0.1107669 0.58024973 0.0052843117 8
0.089775272 0.58125508 0.0082921637 4
0.058820326 0.60926223 0.0083060693 8
0.038831111 0.61526698 0.011313812 9
0.08483211 0.60525548 0.0022965863 9
0.064842895 0.6122601 0.0053043854 7
0.028161556 0.60629159 0.0093119824 7
0.0071709962 0.60829765 0.012321291 8
0.054171365 0.60128397 0.0013003716 9
0.034184184 0.61228949 0.0053102234 7
-0.00077390129 0.62129873 0.0083263302 8
-0.02176168 0.62930435 0.013336119 9
0.025230978 0.59929109 0.00031303352 8
0.005243761 0.60929638 0.0043226117 5
-0.029713433 0.62130535 0.0083386544 8
-0.051701773 0.62831128 0.014348562 9
-0.0037023278 0.6252982 -0.003671753 10
-0.023689684 0.63230336 0.0023373116 7
-0.060648099 0.63731247 0.0083530573 8
-0.083636984 0.64331853 0.014363068 10
-0.032644738 0.61830497 -0.0046604169 9
-0.054630194 0.63231051 0.0013500056 7
-0.091589741 0.63031924 0.0083646923 8
-0.11457679 0.64032507 0.016374892 10
-0.063581206 0.63231206 -0.0076465365 10
-0.086568341 0.63731766 0.00036320032 7
-0.13254352 0.64932901 0.016382689 10
-0.080548264 0.64231592 -0.0096388794 10
-0.12652351 0.65432715 0.0073804935 9
-0.15051118 0.65933305 0.016390432 11
-0.096518792 0.64131939 -0.010632804 10
-0.11850651 0.64432454 -0.00062387768 7
-0.14249411 0.65233046 0.0073862677 8
-0.16448383 0.64733553 0.017394383 10
-0.11149082 0.63632262 -0.010627625 10
-0.13447802 0.64232802 -0.0016181103 7
-0.15946326 0.65533412 0.0073928004 8
-0.1294574 0.65032661 -0.012619605 11
-0.15444271 0.66133249 -0.003608932 8
-0.20341693 0.66934377 0.017410586 11
-0.14842457 0.66033071 -0.014611688 11
-0.19539972 0.66634136 0.006406751 9
-0.22338469 0.67934811 0.01741853 11
-0.1633966 0.6533336 -0.015606987 9
-0.188383 0.66033936 -0.0045969007 8
-0.2123709 0.66134471 0.0064122253 8
-0.24235399 0.68235177 0.017425343 11
-0.18236569 0.66133773 -0.017599542 11
-0.20735219 0.66634327 -0.0055897511 8
-0.23233774 0.67234868 0.0064201131 9
-0.26032287 0.68235505 0.018431379 11
-0.20133394 0.66634148 -0.018592473 11
-0.22931799 0.68134797 -0.0075808018 9
-0.253306 0.68135309 0.0054280395 9
-0.28129122 0.68935937 0.018439023 12
-0.22330159 0.68034643 -0.021583693 12
-0.25028631 0.68935221 -0.0085730152 9
-0.27727291 0.69535834 0.0044373386 10
-0.30425867 0.6983639 0.018447408 12
-0.24127133 0.68034971 -0.022577709 12
-0.26925653 0.6903559 -0.0095667178 9
-0.29624322 0.69436175 0.0044433558 9
-0.32622758 0.70536834 0.018455079 13
-0.26024151 0.68135339 -0.024571398 11
-0.28822678 0.68935943 -0.01056069 8
-0.31721163 0.69936568 0.0044504958 9
-0.35019469 0.71337289 0.019463412 13
-0.28121075 0.6873576 -0.026564112 12
-0.30819663 0.69036317 -0.010554274 8
-0.34018007 0.70537013 0.0034582692 10
-0.37716132 0.72537833 0.019472981 14
-0.30218101 0.69036168 -0.028557196 12
-0.33016643 0.6953674 -0.012546956 8
-0.36714667 0.7183755 0.0024678779 11
-0.40013081 0.72938263 0.019480264 15
-0.3261489 0.69936639 -0.030548895 12
-0.35513395 0.70437217 -0.013538415 7
-0.39211518 0.7253803 0.0014760986 11
-0.42809802 0.73938805 0.019489618 16
-0.3508369 0.70641577 -0.032513157 11
-0.38082036 0.71342295 -0.015499736 8
-0.4227972 0.73943383 0.00052090699 13
-0.45378041 0.74244082 0.019534206 16
-0.37480652 0.71242183 -0.035503369 11
-0.40878722 0.72443002 -0.017487805 8
-0.44676614 0.74243915 0.00053006108 13
-0.482748 0.75144786 0.020545987 17
-0.39977482 0.71842772 -0.037493311 11
-0.43575558 0.73143649 -0.019476946 8
-0.47673407 0.75244671 -0.00045768777 13
-0.51571369 0.76445585 0.020559706 17
-0.42974257 0.73143542 -0.041480593 11
-0.46872208 0.74744493 -0.021462811 10
-0.50570256 0.75945359 -0.001446376 14
-0.54967993 0.77746415 0.020573579 17
-0.46370855 0.7484442 -0.044466011 13
-0.49769053 0.7534517 -0.023451643 10
-0.53966874 0.77146178 -0.0024326474 13
-0.58664578 0.79147315 0.020588545 16
-0.4926779 0.75545108 -0.047454812 14
-0.53265804 0.76846063 -0.026437283 10
-0.57963407 0.79047179 -0.0044159922 12
-0.64960325 0.83849007 0.018617366 16
-0.53264397 0.77546149 -0.052437939 13
-0.57662141 0.79347169 -0.02941845 9
-0.63459522 0.82648647 -0.0073917592 10
-2.152024 2.7459438 -0.036575384 5
-0.57360959 0.79647195 -0.05742088 14
-0.62558532 0.82048452 -0.033397738 9
-0.71354812 0.88950789 -0.011355493 3
-2.19402 2.6689498 -0.032575976 56
-0.627572 0.83048618 -0.064397581 13
-0.71053809 0.89150816 -0.042358465 1
-2.1690397 2.6589468 -0.12259459 5
-2.2300165 2.5889544 -0.029579319 48
-2.1840484 2.6949561 -0.21859251 4
-2.2000387 2.5709498 -0.11960064 52
-2.2660112 2.5139587 -0.025582191 46
-2.2140479 2.6019585 -0.21559952 40
-2.2360334 2.4939539 -0.11660358 51
-2.3080044 2.4439645 -0.022582201 45
-1.7611927 2.0738251 -0.24383672 5
-2.2520437 2.5219634 -0.21360204 39
-2.2730286 2.4179585 -0.11460602 50
-2.339999 2.3679674 -0.019586779 45
-1.8131776 2.0328348 -0.24582785 5
-2.2890389 2.4449673 -0.21160465 39
-2.3060229 2.3419614 -0.11261006 50
-2.3789914 2.2979722 -0.017588045 41
-1.8521657 1.9788411 -0.24682544 5
-2.3270328 2.3689716 -0.20960684 38
-2.3410163 2.2679648 -0.10961311 59
-2.4089849 2.223974 -0.014593218 42
-1.9061488 1.9408506 -0.24881589 5
-2.3560281 2.2879732 -0.20761293 37
-2.3700094 2.1919663 -0.10761864 52
-2.4389777 2.1509759 -0.01159827 7
-1.9841284 1.9248679 -0.25579542 5
-2.3850222 2.2089748 -0.20561883 40
-2.3840065 2.1029637 -0.10463107 23
-2.4439762 2.0569706 -0.0086146845 51
-2.0231156 1.8698729 -0.25579366 5
-2.4010186 2.1189721 -0.20163055 12
-2.3900027 2.0119586 -0.10064647 64
-2.4499722 1.9689655 -0.0056299386 53
-2.0411069 1.796872 -0.25380144 5
-2.408016 2.0249674 -0.19864587 41
-2.4019978 1.9279553 -0.098658822 67
-2.4549677 1.8819602 -0.0026452621 50
-2.1230857 1.7798891 -0.26078045 5
-2.4090116 1.9309603 -0.19366315 48
-2.3929949 1.830946 -0.0946799 64
-2.457963 1.7959543 -0.00066102966 62
-2.1820686 1.7428995 -0.26377013 6
-2.4190059 1.8449564 -0.19067623 46
-2.4049873 1.7529426 -0.091691315 64
-2.4579568 1.7119476 0.0023225029 61
-2.2270541 1.6909053 -0.26576644 6
-2.4120011 1.7509474 -0.18569595 52
-2.4069812 1.6689365 -0.088706739 62
-2.4569511 1.6289408 0.0043059839 62
-2.2970359 1.6589183 -0.27075222 6
-2.4139953 1.664941 -0.18271145 57
-2.4029739 1.5849288 -0.085724078 70
-2.4649422 1.5549365 0.0062936964 61
-2.3110261 1.5859154 -0.26876178 6
-2.4089885 1.5789328 -0.17872924 59
-2.4009659 1.5049214 -0.082740128 69
-2.4659336 1.4779302 0.0082788393 56
-2.3440125 1.5259176 -0.26876339 6
-2.4129786 1.500927 -0.17574289 59
-2.4009576 1.426915 -0.08075507 69
-2.4509265 1.3939196 0.011257971 59
-2.4537444 1.5148826 -0.27981153 9
-2.4107251 1.4198637 -0.17283382 59
-2.3877051 1.3458507 -0.077848159 74
-2.4486744 1.3198582 0.012167881 71
-2.452734 1.4338756 -0.27582607 12
-2.4017146 1.3388548 -0.1688506 63
-2.3886933 1.2728446 -0.075860977 72
-2.438664 1.2438494 0.014151192 75
-2.4647205 1.3608711 -0.27283558 12
-2.3957024 1.2628467 -0.16486578 68
-2.3836808 1.1998369 -0.072875507 78
-2.436651 1.1738423 0.016137736 72
-2.4517097 1.276861 -0.26785365 15
-2.3876903 1.1858379 -0.16188139 67
-2.3716683 1.1268274 -0.070891976 64
-2.4206393 1.0998322 0.018119816 67
-2.4436977 1.1978521 -0.26386946 16
-2.3806765 1.1128296 -0.15889619 61
-2.362561 1.0549157 -0.068028741 71
-2.4202557 1.0342073 0.018601395 77
-2.4432802 1.1252706 -0.26137698 16
-2.3722708 1.0422332 -0.15640886 56
-2.3582587 0.98921096 -0.066424027 69
-2.4022417 0.96320212 0.019576851 66
-2.446265 1.0552686 -0.25839779 13
-2.363256 0.97122902 -0.15343158 52
-2.351243 0.92220759 -0.064445391 77
-2.3962257 0.89819896 0.021556076 71
-2.446249 0.98626614 -0.25541857 7
-2.3492405 0.90122372 -0.15045463 47
-2.3442271 0.85720438 -0.063466057 74
-2.3872097 0.83419555 0.022535264 77
-2.4382331 0.91426152 -0.25144109 7
-2.3382249 0.83421916 -0.14747626 45
-2.3352103 0.79320049 -0.061486524 75
-2.3741934 0.76919121 0.02351388 73
-2.4212182 0.84125537 -0.24746501 9
-2.3392074 0.77221727 -0.14549445 50
-2.3181942 0.72819513 -0.059508286 83
-2.3581777 0.70618641 0.024492702 31
-2.4042025 0.77024883 -0.24248816 13
-2.3231909 0.70621163 -0.14251608 55
-2.2901783 0.66118735 -0.056531936 10
-2.3941853 0.70324421 -0.23950899 17
-2.2841752 0.6352011 -0.13854213 3
-0.32015339 0.034763705 0.02001348 1
-0.35610506 0.028773781 0.0050183884 3
-0.38609549 0.028777769 0.016023055 2
-0.33205974 0.010764047 0.031011825 3
-0.37504801 0.01377768 0.0030189571 4
-0.39903924 0.012780383 0.0150224 3
-0.3689917 -0.0042241178 0.0040153265 3
-0.38593248 -0.022224542 0.0030153617 4
-0.3714802 -0.038262092 0.0051316312 3
-0.37947178 -0.040262695 0.017131582 3
-0.39041761 -0.057264939 0.0031299079 4
-0.39340937 -0.059265692 0.016129721 3
-1.4591279 -0.48326978 -0.063873723 49
-1.4661107 -0.47927314 0.031125538 81
-1.4631035 -0.52627337 -0.11387527 9
-1.4720619 -0.56428021 -0.064877316 25
-1.4770443 -0.55528325 0.029121999 70
-1.4930283 -0.61228549 -0.066878855 6
-1.4910198 -0.6052869 -0.018879194 40
-1.4929863 -0.6472922 -0.019880122 21
-1.4999781 -0.64129341 0.027119793 42
-1.5129522 -0.69629771 -0.02188026 7
-1.5189444 -0.68929887 0.026119636 25
-2.6589065 -1.2653133 0.010117163 17
-2.7448697 -1.3803232 0.0071165403 3
-1.3310311 -1.8922858 -0.13288175 4
-1.2839935 -1.9192909 -0.12987943 4
-1.7299832 -2.5022929 -0.13487832 5
-2.6479712 -3.7062962 -0.15187652 1
-4.2629552 -5.7693024 -0.15487343 67
-1.2449557 -1.9572959 -0.1278758 5
-1.6559442 -2.5172987 -0.13187408 5
-2.499929 -3.6763046 -0.14787097 1
-4.3599038 -6.1873174 -0.17286459 37
-1.1989186 -1.9873003 -0.1258719 5
-1.5779049 -2.5243042 -0.12786949 5
-2.3348863 -3.607312 -0.14286517 1
-4.4138498 -6.5733323 -0.18985403 11
-1.1478806 -2.0053046 -0.12186767 4
-1.5078661 -2.5403092 -0.12586457 5
-2.1528456 -3.498318 -0.13585927 2
-1.0988426 -2.0303085 -0.11986313 4
-1.4318267 -2.5473139 -0.12285928 5
-1.9938051 -3.4143233 -0.12985313 2
-2.8477755 -4.6913376 -0.1288442 0
-1.0597998 -2.0722959 -0.11784656 5
-1.3607786 -2.5552847 -0.11982618 5
-1.9177517 -3.4652772 -0.13079214 8
-2.4357283 -4.224268 -0.11475342 43
-1.0127459 -2.0992506 -0.11580665 6
-1.2917279 -2.5682566 -0.11679311 5
-1.8207011 -3.4712677 -0.13076754 11
-2.0026858 -3.6622727 -0.095761135 147
-0.96070266 -2.1152561 -0.11180153 5
-1.2096834 -2.5492625 -0.11278822 5
-1.7026532 -3.4372754 -0.12776151 18
-1.8086396 -3.4922793 -0.09175887 129
-0.9166019 -2.148231 -0.11093515 5
-1.1546127 -2.5822208 -0.11194434 5
-1.5616376 -3.3392031 -0.1219608 16
-1.654628 -3.3782015 -0.089958385 111
-0.8645646 -2.164237 -0.1069336 5
-1.0695715 -2.5482292 -0.10794117 5
-1.4495934 -3.2922137 -0.11895672 14
-1.5305828 -3.3132126 -0.089954033 95
-0.8155269 -2.1862428 -0.10493197 6
-1.0025318 -2.5522361 -0.10493875 5
-1.3405496 -3.2452233 -0.1169524 11
-1.42854 -3.2872221 -0.090950288 88
-0.76748973 -2.2152479 -0.1029302 5
-0.93049192 -2.5412428 -0.10193566 4
-1.2055038 -3.1222334 -0.10994617 7
-1.338499 -3.2822304 -0.093946695 71
-0.71345115 -2.2262533 -0.099927723 5
-0.86445242 -2.5372488 -0.099932462 4
-1.1064606 -3.0702415 -0.1069413 7
-1.2524571 -3.2822382 -0.09594284 41
-0.66041303 -2.2362583 -0.095924959 6
-0.79741234 -2.5292547 -0.096928947 5
-0.99241632 -2.9632494 -0.10193524 6
-1.1634145 -3.2652457 -0.097938307 28
-0.61137515 -2.2622628 -0.093922257 6
-0.72437257 -2.4972601 -0.092924766 4
-0.89337265 -2.8832562 -0.097929649 6
-1.0713719 -3.2402525 -0.099933363 17
-0.5613367 -2.283267 -0.091919139 6
-0.66433334 -2.502265 -0.090921089 5
-0.79533035 -2.7912624 -0.09292382 5
-0.96832889 -3.1672592 -0.098927461 7
-0.50529861 -2.2852709 -0.088915482 6
-0.59829348 -2.4832692 -0.088916786 5
-0.70328838 -2.7032678 -0.088918142 5
-0.84728491 -3.0132654 -0.094920374 6
-0.53525329 -2.4722733 -0.085912406 6
-0.62224668 -2.6372726 -0.085912727 4
-0.73024017 -2.8462713 -0.089913346 5
-0.5492065 -2.5882766 -0.083907507 4
-0.63619864 -2.7342758 -0.086907223 5
-0.54815739 -2.6222796 -0.083901256 4
0.68587792 -2.3219242 -0.034116231 4
0.74292183 -2.3208992 -0.033122178 5
0.58680081 -1.9659606 -0.046244841 5
0.47371507 -1.7070055 -0.057335194 5
0.38064471 -1.4900426 -0.06641116 4
0.79495811 -2.3018749 -0.030132884 4
0.62683183 -1.9379421 -0.045256108 4
0.49973497 -1.6549932 -0.055350356 5
0.40466544 -1.445032 -0.065420583 4
0.8469907 -2.2848523 -0.028122766 4
0.66685981 -1.9119253 -0.04425044 4
0.53176081 -1.62498 -0.055348124 4
0.42868686 -1.4060218 -0.064422823 5
0.89802134 -2.2638299 -0.02611238 4
0.70588768 -1.8859085 -0.043244869 4
0.56078535 -1.5929674 -0.054346979 4
0.95405644 -2.2538054 -0.024098024 4
0.75092161 -1.8748893 -0.043234196 4
0.58980948 -1.5599549 -0.054346032 5
0.47873664 -1.346001 -0.065422446 4
0.78694636 -1.841873 -0.042230789 4
0.61883456 -1.5299422 -0.05434433 4
0.64485735 -1.4949304 -0.053344473 5
0.53079057 -1.2979789 -0.066418536 4
1.1474152 -1.1397493 -0.023323566 73
1.1904488 -1.1297296 -0.024318622 99
1.2714688 -1.1266842 0.019688994 83
1.3395222 -1.2126695 -0.031278729 33
1.3665192 -1.1556432 0.018708251 81
1.3945583 -1.205644 -0.033272751 28
1.4765689 -1.191597 0.018744251 92
1.413579 -1.1666329 -0.032274056 17
1.5916171 -1.2235483 0.017780963 99
1.4165943 -1.1146277 -0.031281989 8
1.7016623 -1.2465011 0.016815064 103
1.5146387 -1.1355864 -0.035251509 7
1.8347123 -1.2814438 0.015857758 103
1.5126529 -1.0815828 -0.034261044 7
1.9847634 -1.3193792 0.014905691 144
1.4906619 -1.016587 -0.032277908 6
2.1358123 -1.3513131 0.013953203 113
1.4726728 -0.95758975 -0.030292695 6
2.3128648 -1.389236 0.01200893 79
1.4956946 -0.92457652 -0.030291907 5
2.5709324 -1.4641246 0.010093529 19
1.4857076 -0.87157631 -0.029303772 5
2.5629354 -1.3841201 0.011078576 7
1.5137308 -0.84156114 -0.030301178 6
2.5929482 -1.3271003 0.011078141 6
1.5417529 -0.81154543 -0.030298565 5
2.5069363 -1.2131282 0.013035569 4
1.5527712 -0.7725367 -0.030302249 5
2.5149457 -1.1501175 0.014027869 0
1.5677906 -0.73652619 -0.030304262 4
2.5229542 -1.0871068 0.014019975 3
1.5598058 -0.69052535 -0.030314511 5
2.5939739 -1.0490693 0.014033809 1
1.5848261 -0.65851045 -0.03031322 5
2.5809774 -0.97606736 0.014017957 0
1.6088459 -0.62449616 -0.031312674 5
2.6241558 -0.9262228 0.013852946 0
1.6220505 -0.58759201 -0.032407746 5
2.6071641 -0.85622209 0.013844983 4
1.6420708 -0.55258101 -0.032403857 5
2.66518 -0.80919403 0.013856064 0
1.6560901 -0.51657242 -0.033401523 4
2.6971929 -0.75417548 0.012860207 0
1.6641083 -0.47756565 -0.033401184 4
2.641197 -0.67618895 0.013841572 0
1.6721259 -0.43855906 -0.034401108 4
2.7072117 -0.62715763 0.012853117 0
1.6881438 -0.40054908 -0.034399439 4
2.7242241 -0.5671432 0.011848052 4
1.6911647 -0.36054254 -0.03540929 4
2.7792416 -0.51311231 0.010845311 0
1.7041883 -0.32253098 -0.036421563 6
2.7712533 -0.44810566 0.010829646 0
1.7322098 -0.28651488 -0.037424982 6
2.7892637 -0.38809094 0.0098250732 0
1.7162263 -0.24451628 -0.037435129 5
2.7832723 -0.32508516 0.0098145483 1
1.7092432 -0.20351432 -0.03744334 6
2.8012819 -0.2640703 0.0088094296 4
1.7182608 -0.16450614 -0.03744778 5
2.8262901 -0.2010528 0.0068052267 5
1.7392782 -0.12549354 -0.039449662 6
3.0383019 -0.145961 0.0028441146 7
1.7532955 -0.086483575 -0.040453125 6
3.099308 -0.07892818 0.00084721402 8
1.7513117 -0.045479856 -0.041460745 6
2.9773123 -0.010968334 0.0018089027 29
1.754328 -0.0064738197 -0.041466866 6
2.68732 0.046922676 0.0047341273 126
1.7623446 0.033533726 -0.043472204 6
2.4913306 0.097850181 0.0066811708 150
1.7873598 0.075548321 -0.045474268 6
2.2543452 0.1377596 0.0086204177 150
1.7603747 0.1155423 -0.044487927 7
2.0533633 0.16968253 0.010568919 150
1.7703897 0.15755068 -0.046493668 11
1.9063818 0.19962695 0.012529667 115
1.7914033 0.20156382 -0.048497424 16
1.797401 0.22758622 0.012499239 103
1.8024161 0.24557313 -0.049503628 20
1.7944304 0.28657442 -0.050513733 29
1.719449 0.31454775 -0.047536924 43
1.6067258 0.33040059 -0.042621724 77
1.4697523 0.33735588 -0.036643729 84
-2.1920402 2.5703046 -0.13158897 47
-2.2040062 2.5982673 -0.20660964 39
-2.2369745 2.5032699 -0.12759599 57
-2.2409847 2.6502118 -0.2886492 15
-2.2389309 2.5162389 -0.20260747 39
-2.2698996 2.4242437 -0.12159758 56
-1.4904106 1.7587092 -0.2340468 4
-2.2758963 2.5661883 -0.28566179 17
-2.2788477 2.4432127 -0.19863479 43
-2.3028157 2.349221 -0.11662789 51
-1.5243374 1.7126905 -0.23408481 4
-2.3168066 2.4891639 -0.28269312 19
-2.3097563 2.3621926 -0.19466439 40
-2.3357317 2.2761972 -0.11166453 53
-1.5592639 1.6686708 -0.23512812 4
-2.3517137 2.4101427 -0.28072724 20
-2.3426692 2.2881703 -0.19170275 42
-2.3646472 2.2011757 -0.10670432 57
-1.5881875 1.6196551 -0.2341713 4
-2.393625 2.3381164 -0.2787728 23
-2.3695788 2.2081523 -0.18674232 46
-2.3825552 2.1171608 -0.10174108 27
-1.6171145 1.5706366 -0.23420924 4
-2.407531 2.2431049 -0.27378571 23
-2.3864939 2.1221361 -0.18275121 23
-2.3934736 2.0311475 -0.09673842 63
-1.6550586 1.5316064 -0.23623012 4
-2.4344521 2.1630807 -0.27079311 24
-2.3964088 2.0321233 -0.17774719 56
-2.3993905 1.942138 -0.090732448 61
-1.686999 1.4865803 -0.23624656 3
-2.4533691 2.0770617 -0.26679498 30
-2.4043252 1.9441122 -0.17274256 59
-2.4083114 1.8611261 -0.085729845 62
-1.7117189 1.4356447 -0.23587941 4
-2.4580286 1.9811887 -0.26134869 30
-2.4039819 1.8522508 -0.16628626 60
-2.4079604 1.7732753 -0.080262698 73
-1.7206538 1.3726358 -0.23286414 3
-2.4669514 1.8941792 -0.25632721 38
-2.4059038 1.7652456 -0.16126184 57
-2.4088855 1.6902705 -0.075239152 73
-1.7315898 1.3136253 -0.23085092 3
-2.467869 1.8011738 -0.25130051 41
-2.4018247 1.6782434 -0.15623495 60
-2.4148121 1.6132623 -0.071219414 74
-1.7645365 1.2736002 -0.23285261 3
-2.4657893 1.7121707 -0.24627386 48
-2.4037497 1.5972378 -0.15221228 64
-2.4097362 1.5312611 -0.066193625 89
-1.7864779 1.2245824 -0.23184702 3
-2.4587083 1.6221704 -0.24124475 45
-2.4026735 1.5152342 -0.14718799 68
-2.4086628 1.4542571 -0.06217096 77
-1.815421 1.1805598 -0.23284587 3
-2.4566305 1.5381672 -0.23621947 51
-2.3955972 1.4342339 -0.14316157 78
-2.4015884 1.3762571 -0.058145463 82
-1.8363618 1.1315422 -0.23283993 3
-2.447551 1.4511685 -0.23119028 43
-2.3935232 1.3582305 -0.13913859 79
-2.3985157 1.3022543 -0.054122768 83
-1.8513016 1.0795286 -0.23183061 3
-2.4424732 1.3711669 -0.22717272 43
-2.3954477 1.2862241 -0.13613431 75
-2.391438 1.2292529 -0.051122628 96
-1.8722337 1.0315118 -0.23185483 3
-2.4343886 1.2911675 -0.22217792 57
-2.378365 1.2072301 -0.13113642 77
-2.3793576 1.1542548 -0.047128528 71
-1.8741602 0.97350729 -0.22986887 3
-2.4243038 1.2121691 -0.21818353 53
-2.3722849 1.1352286 -0.12714604 58
-2.3792815 1.0882488 -0.044143006 82
-1.878089 0.91850162 -0.22788551 3
-2.4222233 1.1401654 -0.21419552 52
-2.3642051 1.0642283 -0.12415593 68
-2.3732061 1.021247 -0.040153723 73
-1.885021 0.86549324 -0.22589603 2
-2.4051449 1.0631707 -0.2091835 50
-2.3601336 0.99722415 -0.12114495 67
-2.3581352 0.95224994 -0.037131499 80
-1.8959593 0.81547964 -0.22588967 1
-2.3920708 0.98917222 -0.20516062 29
-2.3490634 0.92822492 -0.11712426 58
-2.3570678 0.88924408 -0.034116898 86
-1.9349046 0.77744746 -0.22889915 0
-2.3880005 0.92216778 -0.20214354 24
-2.3429947 0.86422199 -0.114107 67
-2.3489995 0.82624227 -0.032098971 72
-2.3729277 0.85117066 -0.19812007 27
-2.3389273 0.80121797 -0.11109065 67
-2.3299298 0.76024795 -0.029074987 81
-2.3638577 0.78516966 -0.19510052 35
-2.3178561 0.73422486 -0.10806524 72
-2.3248634 0.7002449 -0.026058748 59
-1.9617195 0.62641096 -0.2268759 2
-2.351788 0.7201708 -0.1910796 47
-2.2947857 0.66823345 -0.10403896 42
-1.9636474 0.57440746 -0.22490187 3
-2.3297033 0.65318298 -0.18711466 13
-1.4525754 -0.48573232 -0.14592087 7
-1.4606102 -0.48572004 -0.089931741 41
-1.4616777 -0.48068431 0.016056288 89
-1.4704593 -0.56673884 -0.09194728 8
-1.4675345 -0.55669928 0.015041929 74
-1.4814187 -0.60573536 -0.038965266 29
-1.5003816 -0.64574027 0.014033195 43
-1.5012665 -0.69476515 -0.040950213 2
-1.5113057 -0.6897561 0.013039802 22
-2.6415782 -1.2606491 -0.010341268 11
-1.0305347 -1.4783446 -0.13128866 5
-1.4400364 -1.9957315 -0.13342889 4
-0.9964754 -1.5033154 -0.12925588 4
-1.3869783 -2.0196857 -0.13137624 4
-2.3018067 -3.2365575 -0.14865604 0
-4.2364254 -5.753386 -0.14226855 78
-0.96341592 -1.5302874 -0.12721796 5
-1.3419095 -2.053648 -0.13032597 5
-2.1717978 -3.2074401 -0.14356093 0
-4.3419585 -6.1815052 -0.15819155 38
-0.93025959 -1.5551804 -0.1250235 5
-1.2838001 -2.0654933 -0.12708823 5
-2.0038648 -3.1101325 -0.13521853 1
-4.4277387 -6.6162863 -0.17266189 33
-0.8922084 -1.5751495 -0.12198675 5
-1.2267511 -2.080447 -0.12403941 5
-1.8758695 -3.0630245 -0.13014126 1
-4.5292392 -7.1083961 -0.19154833 8
-0.85515594 -1.5951196 -0.11995044 6
-1.1677083 -2.0893979 -0.12099113 5
-1.7838268 -3.0679481 -0.12807019 1
-0.82010013 -1.6190914 -0.11791386 6
-1.1106629 -2.1003506 -0.11794322 5
-1.6808051 -3.0498617 -0.12499935 6
-0.78304857 -1.638061 -0.11587746 6
-1.0486284 -2.1002984 -0.11489558 5
-1.6007468 -3.0707958 -0.12393016 6
-1.9562995 -3.5970976 -0.077988409 104
-0.74299967 -1.6540276 -0.1128398 6
-0.99657792 -2.1162553 -0.11284886 5
-1.5596193 -3.1657658 -0.1268609 8
-1.7674074 -3.4339333 -0.073908918 103
-0.70395142 -1.668995 -0.110803 6
-0.94153291 -2.1272085 -0.10980158 5
-1.4436349 -3.1076651 -0.12179457 8
-1.6214565 -3.3348076 -0.071836226 98
-0.66590095 -1.6879627 -0.10776521 6
-0.88549381 -2.1301613 -0.10775634 5
-1.3436244 -3.0765791 -0.11872937 8
-1.5044656 -3.2807071 -0.070767321 86
-0.62884635 -1.7089318 -0.10672717 6
-0.8314513 -2.1381149 -0.10471043 5
-1.2286586 -2.9984782 -0.1136709 7
-1.4054453 -3.2576232 -0.071699411 85
-0.58680451 -1.7168957 -0.10369019 6
-0.77541494 -2.1390667 -0.10266548 5
-1.1206899 -2.9243829 -0.10861582 6
-1.3154093 -3.2515469 -0.072631188 64
-0.54576135 -1.72686 -0.10065297 7
-0.72137421 -2.1440201 -0.1006202 5
-1.0237088 -2.8632972 -0.10356366 6
-1.2273743 -3.2424722 -0.07457234 53
-0.50671065 -1.7428257 -0.098624483 6
-0.66334826 -2.1309683 -0.09659493 5
-0.91576213 -2.7611995 -0.097544223 5
-1.1443279 -3.2424009 -0.07653407 62
-0.46665794 -1.75779 -0.096604988 6
-0.61229736 -2.1419232 -0.095570475 6
-0.82578129 -2.6961184 -0.093522415 5
-1.0612833 -3.241329 -0.077495247 38
-0.42660996 -1.7677536 -0.093587004 6
-0.55926126 -2.1388752 -0.092549279 6
-0.73980218 -2.6300404 -0.0895027 5
-0.98023629 -3.2422585 -0.080456205 32
-0.387555 -1.7857181 -0.091566332 6
-0.5062232 -2.1358273 -0.09052746 6
-0.66878486 -2.6039762 -0.087477945 4
-0.8991968 -3.2351871 -0.081419252 22
-0.45219299 -2.1267776 -0.087506548 5
-0.59179866 -2.5449061 -0.084460065 4
-0.81516469 -3.220113 -0.083382085 15
-0.52578294 -2.5168462 -0.082437955 4
-0.72815895 -3.1780348 -0.083351597 14
-0.63519484 -3.0919502 -0.08233162 7
0.52041411 -1.9138713 -0.046809368 5
0.47038594 -1.8689178 -0.050865762 5
0.56644952 -1.9098269 -0.044787131 5
0.51241374 -1.8558776 -0.049850058 5
0.45635936 -1.7829298 -0.052921753 5
0.61549568 -1.91678 -0.043757975 4
0.5504297 -1.8308406 -0.047841307 5
0.48936412 -1.7448978 -0.051921774 5
0.43330491 -1.6649511 -0.057996333 4
0.66353446 -1.9167333 -0.041731656 4
0.58845001 -1.8098035 -0.046830546 5
0.52638459 -1.7238622 -0.051911891 5
0.4602997 -1.6159251 -0.058004573 5
0.71457642 -1.9196833 -0.03970141 4
0.62947571 -1.7947636 -0.045814738 5
0.55538422 -1.6808335 -0.050915763 4
0.48629811 -1.5718992 -0.057011206 5
0.76561981 -1.9236337 -0.038670234 4
0.66548944 -1.7677277 -0.043806702 4
0.58639193 -1.6468027 -0.049914267 4
0.51329869 -1.5298727 -0.057015859 6
0.81164587 -1.9105875 -0.035648629 4
0.70851952 -1.7566857 -0.043786835 4
0.61840373 -1.6167712 -0.049910031 5
0.53529477 -1.4838504 -0.056025371 5
0.7475425 -1.7396469 -0.042771757 4
0.64741439 -1.5857422 -0.049907997 4
0.56330848 -1.4558229 -0.057023183 6
0.66339487 -1.5247244 -0.046926662 5
0.59032059 -1.426796 -0.057021704 5
1.1547087 -1.1452821 -0.020640489 78
0.99761617 -1.0164326 -0.041806407 4
1.2166921 -1.12321 0.013393092 65
1.2147522 -1.1502242 -0.021599282 88
1.3047549 -1.1501257 0.013464139 66
1.3558608 -1.2220935 -0.027471678 28
1.0726739 -0.9943589 -0.044770069 13
1.4048223 -1.18203 0.013546938 70
1.416898 -1.2200335 -0.02843067 19
1.5098886 -1.2129289 0.01363416 78
1.4429069 -1.1880053 -0.028426658 16
1.1127013 -0.94131589 -0.045769986 24
1.6219572 -1.2448212 0.012728171 81
1.4549019 -1.1429893 -0.026437731 8
1.7360185 -1.2697104 0.012822255 98
1.5399529 -1.1539071 -0.029371697 7
1.1237046 -0.86529833 -0.043799382 7
1.8690882 -1.3035812 0.012935543 98
1.5729629 -1.1238717 -0.029360071 7
2.0171595 -1.3384374 0.013062263 122
1.5519353 -1.0558857 -0.026403973 6
1.1507219 -0.80426633 -0.043809969 7
2.1572196 -1.3613002 0.01317989 86
1.5499234 -1.0038825 -0.025427097 6
2.337296 -1.4011248 0.012337572 51
1.5649215 -0.96386385 -0.0244292 5
1.1787388 -0.7442342 -0.044812776 6
2.5633876 -1.4599062 0.011546507 13
1.5829204 -0.9268434 -0.024422357 5
2.5183277 -1.3619415 0.014483981 7
1.5999178 -0.88882351 -0.023416758 5
1.200748 -0.68320876 -0.044808008 6
2.5859158 -1.3237649 0.015682461 6
1.6364954 -0.86072516 -0.02429042 6
2.5398557 -1.2308035 0.018615505 4
1.6514887 -0.82070619 -0.023288077 5
1.2203151 -0.62114495 -0.044726711 5
2.6198554 -1.1967167 0.019677073 1
1.678489 -0.78667581 -0.024273371 4
2.5838029 -1.1117456 0.021620998 0
1.7024868 -0.75064808 -0.024261992 3
1.2383193 -0.55912209 -0.044727582 6
2.7398324 -1.1065822 0.021758234 1
1.7234838 -0.71462315 -0.024253199 4
2.7037814 -1.0236111 0.023702579 0
1.7454797 -0.67759705 -0.02424405 4
1.2583263 -0.50009727 -0.045725867 6
2.7397592 -0.96856755 0.024718704 0
1.7584716 -0.63657993 -0.024244148 4
2.7677314 -0.9085319 0.025725912 0
1.7774663 -0.5985567 -0.024238085 4
2.8467197 -0.86444426 0.026782874 0
1.7924577 -0.55753744 -0.024236714 4
2.9497104 -0.82333165 0.027861618 0
1.8144493 -0.51952136 -0.024227722 4
2.9486585 -0.75238097 0.028841414 0
1.8354337 -0.48053822 -0.02421855 4
1.8474154 -0.43856436 -0.024218546 4
1.3133218 -0.31911606 -0.047723398 4
3.0295796 -0.63139772 0.029879492 0
1.8754028 -0.40057528 -0.025203373 4
3.1265497 -0.57935154 0.030950153 0
1.8713831 -0.35561773 -0.025218802 4
1.3323137 -0.2581642 -0.048720963 8
3.1285014 -0.5073995 0.031930652 0
1.8783655 -0.31164947 -0.025224622 6
3.2514718 -0.4523316 0.032022052 0
1.9133544 -0.2726548 -0.026204469 5
1.3383063 -0.19522563 -0.049731251 5
3.2324247 -0.37740135 0.031982511 0
1.926339 -0.22968136 -0.026205195 5
3.335387 -0.31235522 0.033052016 0
1.9463267 -0.18770196 -0.027199624 4
1.3523021 -0.13327971 -0.050734974 6
3.8083744 -0.26996675 0.031451292 2
1.960312 -0.14372808 -0.027200392 5
3.5592964 -0.17322624 0.032197472 29
1.9872797 -0.099713787 -0.029195204 5
1.3542706 -0.069311753 -0.051756319 8
3.2852159 -0.088479862 0.033922259 128
1.9772364 -0.053722724 -0.028224586 6
2.9111474 -0.016826447 0.035566475 151
2.0021963 -0.0096998997 -0.029222831 7
2.6160929 0.040899839 0.036285318 150
2.0291541 0.037324265 -0.031220701 7
1.3731842 0.025704917 -0.053782754 7
2.3990479 0.08869864 0.037076082 150
2.1141093 0.088401876 -0.034170255 9
2.1820118 0.12749694 0.036870912 99
2.1340637 0.13842003 -0.035175528 9
1.3761244 0.090707257 -0.054809529 9
2.0099802 0.16033761 0.03770734 96
2.0940213 0.18338321 -0.0342304 27
1.8809516 0.19121784 0.037581842 92
2.0049834 0.22130194 -0.03132448 49
1.4180622 0.16174434 -0.058805231 6
1.7789239 0.22012343 0.038480584 89
1.8879523 0.25119498 -0.027439155 77
1.6789019 0.24403055 0.038383316 85
1.7719253 0.27608901 -0.023550717 103
1.5828822 0.26494139 0.038290851 87
1.6599035 0.29598671 -0.019656539 96
1.5319542 0.28784534 -0.069763571 1
1.4858665 0.28185117 0.038199343 79
1.5308883 0.30886862 -0.015773918 102
0.89775991 0.49625659 -0.069405891 8
0.84672874 0.43225655 0.035578858 21
0.82574815 0.44022301 0.0045571118 11
0.81975901 0.45720354 -0.026455741 13
0.83576137 0.48920169 -0.063456349 11
0.81372321 0.4382259 0.035547614 19
0.79374051 0.44719383 0.0055262768 14
0.78275359 0.46116999 -0.024489531 12
0.79475695 0.49016538 -0.059492234 11
0.77372235 0.43918872 0.035512593 18
0.76573324 0.45416823 0.0064989184 13
0.75174713 0.46614218 -0.022518588 13
0.75075525 0.48712674 -0.054528911 12
0.74771547 0.44716409 0.034486499 18
0.73372895 0.45813894 0.007469452 12
0.7277379 0.47512034 -0.021543389 12
0.71974742 0.4930993 -0.051558416 11
0.72770625 0.45714557 0.034464706 17
0.70672333 0.4641138 0.0074434136 12
0.69273627 0.47508866 -0.019573657 11
0.68374556 0.49206722 -0.048589095 11
